ISO-10303-21;
HEADER;
FILE_DESCRIPTION (( 'STEP AP214' ),
    '1' );
FILE_NAME ('BRDrivePodV2.STEP',
    '2026-03-05T16:54:18',
    ( '' ),
    ( '' ),
    'SwSTEP 2.0',
    'SolidWorks 2025',
    '' );
FILE_SCHEMA (( 'AUTOMOTIVE_DESIGN' ));
ENDSEC;

DATA;
#1 = CARTESIAN_POINT ( 'NONE',  ( 5.624999999999969802, 0.02499999999999946362, 1.774999999999999689 ) ) ;
#2 = VECTOR ( 'NONE', #2779, 39.37007874015748143 ) ;
#3 = EDGE_CURVE ( 'NONE', #512, #5479, #3470, .T. ) ;
#4 = LINE ( 'NONE', #3912, #1390 ) ;
#5 = CARTESIAN_POINT ( 'NONE',  ( 6.625000000000001776, 1.124999999999999778, 1.284999999999999920 ) ) ;
#6 = ORIENTED_EDGE ( 'NONE', *, *, #3402, .F. ) ;
#7 = ORIENTED_EDGE ( 'NONE', *, *, #1092, .F. ) ;
#8 = DIRECTION ( 'NONE',  ( 0.5409382605803717547, -0.4098453699780489345, -0.7344471192317646446 ) ) ;
#9 = CARTESIAN_POINT ( 'NONE',  ( 7.625000000000000888, 1.064999999999999947, -0.7749999999999996891 ) ) ;
#10 = CARTESIAN_POINT ( 'NONE',  ( 7.375000000000000888, 0.1249999999999999029, -1.284999999999999476 ) ) ;
#11 = LINE ( 'NONE', #4539, #12 ) ;
#12 = VECTOR ( 'NONE', #3049, 39.37007874015748143 ) ;
#13 = ORIENTED_EDGE ( 'NONE', *, *, #3447, .T. ) ;
#14 = CARTESIAN_POINT ( 'NONE',  ( 6.375000000000001776, 0.7499999999999998890, -0.2499999999999997502 ) ) ;
#15 = EDGE_CURVE ( 'NONE', #350, #4717, #6307, .T. ) ;
#16 = CARTESIAN_POINT ( 'NONE',  ( 7.625000000000000888, 1.024999999999999911, 1.774999999999999467 ) ) ;
#17 = ADVANCED_FACE ( 'NONE', ( #2987 ), #3534, .F. ) ;
#18 = LINE ( 'NONE', #1971, #1809 ) ;
#19 = CARTESIAN_POINT ( 'NONE',  ( 7.656496062992126816, -0.5000000000000001110, 0.4999999999999997224 ) ) ;
#20 = ORIENTED_EDGE ( 'NONE', *, *, #567, .F. ) ;
#21 = DIRECTION ( 'NONE',  ( 0.000000000000000000, 0.2613289371208241119, -0.9652498052956552943 ) ) ;
#22 = EDGE_CURVE ( 'NONE', #1408, #450, #2952, .T. ) ;
#23 = ORIENTED_EDGE ( 'NONE', *, *, #1579, .T. ) ;
#24 = FACE_OUTER_BOUND ( 'NONE', #588, .T. ) ;
#25 = DIRECTION ( 'NONE',  ( 1.000000000000000000, 0.000000000000000000, -0.000000000000000000 ) ) ;
#26 = CARTESIAN_POINT ( 'NONE',  ( 7.625000000000000888, 1.000000000000000000, 1.750000000000000222 ) ) ;
#27 = CARTESIAN_POINT ( 'NONE',  ( 6.625000000000001776, 0.7500000000000003331, 1.675000000000000266 ) ) ;
#28 = ORIENTED_EDGE ( 'NONE', *, *, #1001, .T. ) ;
#29 = CARTESIAN_POINT ( 'NONE',  ( 6.625000000000001776, 0.1250000000000000278, -1.675000000000000044 ) ) ;
#30 = ADVANCED_FACE ( 'NONE', ( #1996 ), #4538, .F. ) ;
#31 = VERTEX_POINT ( 'NONE', #3501 ) ;
#32 = CARTESIAN_POINT ( 'NONE',  ( 5.999999999999999112, 0.6249999999999998890, 1.875000000000000000 ) ) ;
#33 = DIRECTION ( 'NONE',  ( 0.000000000000000000, 0.000000000000000000, -1.000000000000000000 ) ) ;
#34 = DIRECTION ( 'NONE',  ( 0.000000000000000000, -1.000000000000000000, 0.000000000000000000 ) ) ;
#35 = DIRECTION ( 'NONE',  ( 0.000000000000000000, 1.000000000000000000, 1.365923996832115398E-14 ) ) ;
#36 = ORIENTED_EDGE ( 'NONE', *, *, #733, .F. ) ;
#37 = ORIENTED_EDGE ( 'NONE', *, *, #4645, .T. ) ;
#38 = VECTOR ( 'NONE', #244, 39.37007874015748143 ) ;
#39 = DIRECTION ( 'NONE',  ( 1.000000000000000000, -0.000000000000000000, -0.000000000000000000 ) ) ;
#40 = CARTESIAN_POINT ( 'NONE',  ( 7.375000000000000888, 1.064999999999999503, 1.774999999999999467 ) ) ;
#41 = EDGE_LOOP ( 'NONE', ( #5770, #2441, #2575, #4173 ) ) ;
#42 = LINE ( 'NONE', #1050, #3277 ) ;
#43 = ORIENTED_EDGE ( 'NONE', *, *, #4005, .F. ) ;
#44 = VECTOR ( 'NONE', #3734, 39.37007874015748143 ) ;
#45 = CARTESIAN_POINT ( 'NONE',  ( 6.625000000000001776, 1.124999999999999556, -0.7149999999999996358 ) ) ;
#46 = CIRCLE ( 'NONE', #5875, 0.4999999999999998335 ) ;
#47 = LINE ( 'NONE', #5451, #3891 ) ;
#48 = ORIENTED_EDGE ( 'NONE', *, *, #5728, .F. ) ;
#49 = ADVANCED_FACE ( 'NONE', ( #5477, #3018 ), #4995, .T. ) ;
#50 = EDGE_CURVE ( 'NONE', #2030, #5637, #4185, .T. ) ;
#51 = VERTEX_POINT ( 'NONE', #146 ) ;
#52 = LINE ( 'NONE', #160, #5597 ) ;
#53 = ORIENTED_EDGE ( 'NONE', *, *, #444, .T. ) ;
#54 = CARTESIAN_POINT ( 'NONE',  ( 7.625000000000000888, 1.124999999999999778, 1.714999999999999858 ) ) ;
#55 = DIRECTION ( 'NONE',  ( 0.000000000000000000, -1.000000000000000000, 0.000000000000000000 ) ) ;
#56 = PLANE ( 'NONE',  #716 ) ;
#57 = FACE_OUTER_BOUND ( 'NONE', #2826, .T. ) ;
#58 = EDGE_CURVE ( 'NONE', #2873, #1476, #812, .T. ) ;
#59 = VECTOR ( 'NONE', #573, 39.37007874015748143 ) ;
#60 = ORIENTED_EDGE ( 'NONE', *, *, #3483, .T. ) ;
#61 = DIRECTION ( 'NONE',  ( -1.000000000000000000, -0.000000000000000000, -0.000000000000000000 ) ) ;
#62 = EDGE_LOOP ( 'NONE', ( #207, #3776, #1334, #6423 ) ) ;
#63 = LINE ( 'NONE', #2051, #5865 ) ;
#64 = CARTESIAN_POINT ( 'NONE',  ( 5.875000000000000888, -0.2500000000000000000, -1.875000000000000000 ) ) ;
#65 = DIRECTION ( 'NONE',  ( -1.000000000000000000, 0.000000000000000000, 0.000000000000000000 ) ) ;
#66 = EDGE_CURVE ( 'NONE', #1309, #1358, #209, .T. ) ;
#67 = CARTESIAN_POINT ( 'NONE',  ( 6.375000000000001776, 1.024999999999999911, 1.774999999999999467 ) ) ;
#68 = CARTESIAN_POINT ( 'NONE',  ( 6.625000000000001776, 0.9999999999999995559, -0.3250000000000000666 ) ) ;
#69 = EDGE_LOOP ( 'NONE', ( #957, #36, #4991, #2565 ) ) ;
#70 = VERTEX_POINT ( 'NONE', #1638 ) ;
#71 = AXIS2_PLACEMENT_3D ( 'NONE', #4168, #6155, #5694 ) ;
#72 = DIRECTION ( 'NONE',  ( 0.000000000000000000, -1.000000000000000000, -0.000000000000000000 ) ) ;
#73 = CARTESIAN_POINT ( 'NONE',  ( 7.375000000000000888, 0.9999999999999998890, 1.674999999999999822 ) ) ;
#74 = SURFACE_STYLE_USAGE ( .BOTH. , #3154 ) ;
#75 = CARTESIAN_POINT ( 'NONE',  ( 6.625000000000001776, 0.7499999999999998890, 1.250000000000000000 ) ) ;
#76 = ORIENTED_EDGE ( 'NONE', *, *, #4330, .F. ) ;
#77 = CARTESIAN_POINT ( 'NONE',  ( 6.000000000000000888, -0.2500000000000000000, 0.000000000000000000 ) ) ;
#78 = LINE ( 'NONE', #4511, #5453 ) ;
#79 = ORIENTED_EDGE ( 'NONE', *, *, #3083, .F. ) ;
#80 = DIRECTION ( 'NONE',  ( 0.000000000000000000, 0.000000000000000000, 1.000000000000000000 ) ) ;
#81 = EDGE_CURVE ( 'NONE', #743, #750, #2134, .T. ) ;
#82 = ORIENTED_EDGE ( 'NONE', *, *, #1254, .T. ) ;
#83 = VERTEX_POINT ( 'NONE', #1110 ) ;
#84 = AXIS2_PLACEMENT_3D ( 'NONE', #4718, #3747, #4749 ) ;
#85 = PLANE ( 'NONE',  #3523 ) ;
#86 = VERTEX_POINT ( 'NONE', #3790 ) ;
#87 = VECTOR ( 'NONE', #1326, 39.37007874015748143 ) ;
#88 = EDGE_CURVE ( 'NONE', #3792, #3840, #6066, .T. ) ;
#89 = AXIS2_PLACEMENT_3D ( 'NONE', #6154, #678, #2678 ) ;
#90 = LINE ( 'NONE', #1517, #1444 ) ;
#91 = EDGE_CURVE ( 'NONE', #1671, #4013, #631, .T. ) ;
#92 = DIRECTION ( 'NONE',  ( 0.000000000000000000, 0.000000000000000000, 1.000000000000000000 ) ) ;
#93 = MANIFOLD_SOLID_BREP ( '<FLDrivePodV2>-<Mirror2>', #1314 ) ;
#94 = CARTESIAN_POINT ( 'NONE',  ( 7.375000000000000888, 0.7500000000000002220, 1.625000000000000222 ) ) ;
#95 = LINE ( 'NONE', #4592, #4857 ) ;
#96 = VECTOR ( 'NONE', #2268, 39.37007874015748143 ) ;
#97 = CARTESIAN_POINT ( 'NONE',  ( 7.625000000000000888, 1.000000000000000000, 1.750000000000000222 ) ) ;
#98 = ORIENTED_EDGE ( 'NONE', *, *, #522, .F. ) ;
#99 = CARTESIAN_POINT ( 'NONE',  ( 5.875000000000000000, -0.2916666666666665186, 1.605662432702577469 ) ) ;
#100 = EDGE_CURVE ( 'NONE', #166, #4268, #2165, .T. ) ;
#101 = DIRECTION ( 'NONE',  ( 0.000000000000000000, -0.7071067811865459074, -0.7071067811865491270 ) ) ;
#102 = EDGE_CURVE ( 'NONE', #3769, #2886, #3082, .T. ) ;
#103 = VECTOR ( 'NONE', #3426, 39.37007874015748143 ) ;
#104 = DIRECTION ( 'NONE',  ( 0.000000000000000000, -1.000000000000000000, -0.000000000000000000 ) ) ;
#105 = DIRECTION ( 'NONE',  ( -0.000000000000000000, 0.000000000000000000, -1.000000000000000000 ) ) ;
#106 = CARTESIAN_POINT ( 'NONE',  ( 6.375000000000001776, 1.024999999999999689, -0.2250000000000001998 ) ) ;
#107 = CARTESIAN_POINT ( 'NONE',  ( 6.375000000000001776, 0.000000000000000000, -1.249999999999999778 ) ) ;
#108 = ORIENTED_EDGE ( 'NONE', *, *, #3626, .T. ) ;
#109 = ORIENTED_EDGE ( 'NONE', *, *, #2530, .T. ) ;
#110 = VECTOR ( 'NONE', #2999, 39.37007874015748143 ) ;
#111 = EDGE_CURVE ( 'NONE', #5277, #2834, #4147, .T. ) ;
#112 = DIRECTION ( 'NONE',  ( 0.000000000000000000, 0.000000000000000000, 1.000000000000000000 ) ) ;
#113 = CARTESIAN_POINT ( 'NONE',  ( 7.625000000000000888, 0.000000000000000000, -1.249999999999999778 ) ) ;
#114 = CARTESIAN_POINT ( 'NONE',  ( 6.375000000000001776, 1.000000000000000000, -0.6249999999999996669 ) ) ;
#115 = ORIENTED_EDGE ( 'NONE', *, *, #6395, .T. ) ;
#116 = CARTESIAN_POINT ( 'NONE',  ( 6.375000000000001776, 1.124999999999999778, 1.284999999999999920 ) ) ;
#117 = DIRECTION ( 'NONE',  ( 0.000000000000000000, -0.7071067811865514585, 0.7071067811865436870 ) ) ;
#118 = LINE ( 'NONE', #4542, #2654 ) ;
#119 = VERTEX_POINT ( 'NONE', #1674 ) ;
#120 = AXIS2_PLACEMENT_3D ( 'NONE', #3080, #5059, #590 ) ;
#121 = LINE ( 'NONE', #6006, #2488 ) ;
#122 = DIRECTION ( 'NONE',  ( 0.000000000000000000, -1.000000000000000000, 0.000000000000000000 ) ) ;
#123 = ORIENTED_EDGE ( 'NONE', *, *, #2525, .F. ) ;
#124 = ORIENTED_EDGE ( 'NONE', *, *, #4864, .F. ) ;
#125 = LINE ( 'NONE', #5626, #6009 ) ;
#126 = ORIENTED_EDGE ( 'NONE', *, *, #4723, .F. ) ;
#127 = CARTESIAN_POINT ( 'NONE',  ( 7.375000000000000888, 1.024999999999999689, -0.2250000000000001998 ) ) ;
#128 = CARTESIAN_POINT ( 'NONE',  ( 7.375000000000000888, -0.5000000000000001110, 0.4999999999999997224 ) ) ;
#129 = CARTESIAN_POINT ( 'NONE',  ( 5.374999999999969802, -0.3749999999999999445, 1.124999999999999778 ) ) ;
#130 = LINE ( 'NONE', #2145, #2384 ) ;
#131 = DIRECTION ( 'NONE',  ( 0.000000000000000000, 0.000000000000000000, 1.000000000000000000 ) ) ;
#132 = CARTESIAN_POINT ( 'NONE',  ( 7.375000000000000888, 1.124999999999999556, -0.2850000000000000866 ) ) ;
#133 = ORIENTED_EDGE ( 'NONE', *, *, #2606, .F. ) ;
#134 = CARTESIAN_POINT ( 'NONE',  ( 5.374999999999969802, 0.1250000000000001110, -0.7150000000000001910 ) ) ;
#135 = DIRECTION ( 'NONE',  ( -0.000000000000000000, -0.7071067811865456854, -0.7071067811865493491 ) ) ;
#136 = DIRECTION ( 'NONE',  ( 0.000000000000000000, 1.000000000000000000, 0.000000000000000000 ) ) ;
#137 = DIRECTION ( 'NONE',  ( -1.000000000000000000, 0.000000000000000000, 0.000000000000000000 ) ) ;
#138 = LINE ( 'NONE', #3697, #832 ) ;
#139 = ADVANCED_FACE ( 'NONE', ( #1181 ), #3187, .F. ) ;
#140 = DIRECTION ( 'NONE',  ( 0.000000000000000000, 0.7071067811865514585, 0.7071067811865436870 ) ) ;
#141 = EDGE_CURVE ( 'NONE', #743, #119, #2200, .T. ) ;
#142 = CARTESIAN_POINT ( 'NONE',  ( 6.625000000000001776, 0.7499999999999998890, 1.250000000000000000 ) ) ;
#143 = ORIENTED_EDGE ( 'NONE', *, *, #3960, .F. ) ;
#144 = CARTESIAN_POINT ( 'NONE',  ( 6.625000000000001776, 1.024999999999999689, -0.2250000000000001998 ) ) ;
#145 = DIRECTION ( 'NONE',  ( -0.000000000000000000, -0.7071067811865490160, -0.7071067811865459074 ) ) ;
#146 = CARTESIAN_POINT ( 'NONE',  ( 6.625000000000001776, 1.000000000000000222, 1.624999999999999778 ) ) ;
#147 = DIRECTION ( 'NONE',  ( 0.000000000000000000, 0.4977472193051467042, 0.8673221464219589283 ) ) ;
#148 = ADVANCED_FACE ( 'NONE', ( #2102 ), #4086, .F. ) ;
#149 = VECTOR ( 'NONE', #2634, 39.37007874015748854 ) ;
#150 = ORIENTED_EDGE ( 'NONE', *, *, #444, .F. ) ;
#151 = FACE_OUTER_BOUND ( 'NONE', #968, .T. ) ;
#152 = CARTESIAN_POINT ( 'NONE',  ( 7.375000000000000888, 1.000000000000000222, 1.624999999999999778 ) ) ;
#153 = AXIS2_PLACEMENT_3D ( 'NONE', #1240, #2128, #1142 ) ;
#154 = CARTESIAN_POINT ( 'NONE',  ( 7.375000000000000888, 0.7499999999999998890, -0.7499999999999997780 ) ) ;
#155 = ORIENTED_EDGE ( 'NONE', *, *, #366, .F. ) ;
#156 = ADVANCED_FACE ( 'NONE', ( #5923 ), #3904, .F. ) ;
#157 = ORIENTED_EDGE ( 'NONE', *, *, #4364, .T. ) ;
#158 = VECTOR ( 'NONE', #4378, 39.37007874015748143 ) ;
#159 = ORIENTED_EDGE ( 'NONE', *, *, #3008, .T. ) ;
#160 = CARTESIAN_POINT ( 'NONE',  ( 5.624999999999969802, 0.06499999999999993283, -0.7750000000000002442 ) ) ;
#161 = ORIENTED_EDGE ( 'NONE', *, *, #5247, .T. ) ;
#162 = CARTESIAN_POINT ( 'NONE',  ( 5.875000000000000888, -1.036787267724563755, -1.250000000000008882 ) ) ;
#163 = LINE ( 'NONE', #225, #1232 ) ;
#164 = AXIS2_PLACEMENT_3D ( 'NONE', #4782, #4326, #860 ) ;
#165 = LINE ( 'NONE', #3233, #2463 ) ;
#166 = VERTEX_POINT ( 'NONE', #4794 ) ;
#167 = DIRECTION ( 'NONE',  ( 1.000000000000000000, 0.000000000000000000, 0.000000000000000000 ) ) ;
#168 = VERTEX_POINT ( 'NONE', #4307 ) ;
#169 = CARTESIAN_POINT ( 'NONE',  ( 6.625000000000001776, 1.000000000000000000, -0.3750000000000001110 ) ) ;
#170 = CARTESIAN_POINT ( 'NONE',  ( 5.374999999999969802, 0.1250000000000001110, 1.324999999999999289 ) ) ;
#171 = LINE ( 'NONE', #3241, #4889 ) ;
#172 = LINE ( 'NONE', #2195, #3477 ) ;
#173 = DIRECTION ( 'NONE',  ( 0.000000000000000000, -1.000000000000000000, 2.185478394931410180E-15 ) ) ;
#174 = EDGE_CURVE ( 'NONE', #4587, #3853, #3390, .T. ) ;
#175 = ORIENTED_EDGE ( 'NONE', *, *, #4772, .T. ) ;
#176 = EDGE_CURVE ( 'NONE', #31, #2311, #4363, .T. ) ;
#177 = EDGE_CURVE ( 'NONE', #2929, #1216, #5362, .T. ) ;
#178 = PLANE ( 'NONE',  #3188 ) ;
#179 = CARTESIAN_POINT ( 'NONE',  ( 9.162901510716855213, -0.5000000000000001110, 0.06692913385826744499 ) ) ;
#180 = ORIENTED_EDGE ( 'NONE', *, *, #3729, .T. ) ;
#181 = CARTESIAN_POINT ( 'NONE',  ( 7.375000000000000888, -0.2500000000000000000, -1.324999999999999734 ) ) ;
#182 = ADVANCED_FACE ( 'NONE', ( #3420 ), #2899, .F. ) ;
#183 = LINE ( 'NONE', #3645, #4410 ) ;
#184 = CARTESIAN_POINT ( 'NONE',  ( 5.385770986584503817, -0.3749999999999999445, -0.7607709865845125874 ) ) ;
#185 = ORIENTED_EDGE ( 'NONE', *, *, #487, .T. ) ;
#186 = DIMENSIONAL_EXPONENTS ( 1.000000000000000000, 0.000000000000000000, 0.000000000000000000, 0.000000000000000000, 0.000000000000000000, 0.000000000000000000, 0.000000000000000000 ) ;
#187 = ORIENTED_EDGE ( 'NONE', *, *, #1978, .F. ) ;
#188 = EDGE_LOOP ( 'NONE', ( #2197, #4533, #2004, #1397, #5225, #6408, #5356, #4458, #187, #231 ) ) ;
#189 = DIRECTION ( 'NONE',  ( 0.000000000000000000, 0.000000000000000000, -1.000000000000000000 ) ) ;
#190 = VERTEX_POINT ( 'NONE', #419 ) ;
#191 = EDGE_CURVE ( 'NONE', #4816, #3043, #3329, .T. ) ;
#192 = DIRECTION ( 'NONE',  ( 0.000000000000000000, 0.000000000000000000, -1.000000000000000000 ) ) ;
#193 = DIRECTION ( 'NONE',  ( 1.000000000000000000, 0.000000000000000000, 0.000000000000000000 ) ) ;
#194 = PLANE ( 'NONE',  #71 ) ;
#195 = AXIS2_PLACEMENT_3D ( 'NONE', #5908, #1934, #2426 ) ;
#196 = ORIENTED_EDGE ( 'NONE', *, *, #5997, .F. ) ;
#197 = VECTOR ( 'NONE', #4070, 39.37007874015748143 ) ;
#198 = CARTESIAN_POINT ( 'NONE',  ( 7.875000000000000888, 0.000000000000000000, -1.000000000000000888 ) ) ;
#199 = ORIENTED_EDGE ( 'NONE', *, *, #6242, .T. ) ;
#200 = DIRECTION ( 'NONE',  ( -1.000000000000000000, 0.000000000000000000, 0.000000000000000000 ) ) ;
#201 = LINE ( 'NONE', #5085, #4046 ) ;
#202 = CARTESIAN_POINT ( 'NONE',  ( 7.375000000000000888, 1.024999999999999911, 1.224999999999999867 ) ) ;
#203 = FACE_OUTER_BOUND ( 'NONE', #1160, .T. ) ;
#204 = VECTOR ( 'NONE', #136, 39.37007874015748143 ) ;
#205 = FACE_OUTER_BOUND ( 'NONE', #6364, .T. ) ;
#206 = CARTESIAN_POINT ( 'NONE',  ( 7.375000000000000888, 1.024999999999999911, 1.224999999999999867 ) ) ;
#207 = ORIENTED_EDGE ( 'NONE', *, *, #6163, .F. ) ;
#208 = DIRECTION ( 'NONE',  ( 1.000000000000000000, -0.000000000000000000, -0.000000000000000000 ) ) ;
#209 = LINE ( 'NONE', #6100, #3304 ) ;
#210 = CARTESIAN_POINT ( 'NONE',  ( 7.625000000000000888, 0.000000000000000000, -1.374999999999999778 ) ) ;
#211 = ORIENTED_EDGE ( 'NONE', *, *, #2398, .F. ) ;
#212 = DIRECTION ( 'NONE',  ( -1.000000000000000000, 0.000000000000000000, -4.370956789862818684E-16 ) ) ;
#213 = LINE ( 'NONE', #3089, #820 ) ;
#214 = AXIS2_PLACEMENT_3D ( 'NONE', #2021, #5959, #5436 ) ;
#215 = CARTESIAN_POINT ( 'NONE',  ( 6.375000000000000888, 0.6249999999999998890, 1.875000000000000000 ) ) ;
#216 = ORIENTED_EDGE ( 'NONE', *, *, #6268, .F. ) ;
#217 = EDGE_CURVE ( 'NONE', #51, #3466, #3455, .T. ) ;
#218 = DIRECTION ( 'NONE',  ( -1.000000000000000000, 0.000000000000000000, 4.370956789862818684E-16 ) ) ;
#219 = ADVANCED_FACE ( 'NONE', ( #386 ), #1851, .F. ) ;
#220 = VERTEX_POINT ( 'NONE', #6374 ) ;
#221 = CARTESIAN_POINT ( 'NONE',  ( 7.375000000000000888, 1.124999999999999556, -0.6749999999999996003 ) ) ;
#222 = ORIENTED_EDGE ( 'NONE', *, *, #2367, .T. ) ;
#223 = VECTOR ( 'NONE', #1041, 39.37007874015748143 ) ;
#224 = LINE ( 'NONE', #1717, #5606 ) ;
#225 = CARTESIAN_POINT ( 'NONE',  ( 7.375000000000000888, 1.000000000000000000, 1.250000000000000000 ) ) ;
#226 = CARTESIAN_POINT ( 'NONE',  ( 5.657616209724187328, -0.6606136921806753382, -0.1250000000000000278 ) ) ;
#227 = EDGE_CURVE ( 'NONE', #2314, #3885, #2841, .T. ) ;
#228 = VECTOR ( 'NONE', #2057, 39.37007874015748143 ) ;
#229 = ORIENTED_EDGE ( 'NONE', *, *, #3570, .T. ) ;
#230 = DIRECTION ( 'NONE',  ( 1.000000000000000000, -0.000000000000000000, -0.000000000000000000 ) ) ;
#231 = ORIENTED_EDGE ( 'NONE', *, *, #5989, .F. ) ;
#232 = CARTESIAN_POINT ( 'NONE',  ( 7.375000000000000888, 0.7499999999999998890, -0.6749999999999996003 ) ) ;
#233 = CARTESIAN_POINT ( 'NONE',  ( 7.875000000000000888, 1.000000000000000000, 1.375000000000000000 ) ) ;
#234 = LINE ( 'NONE', #2225, #2393 ) ;
#235 = CARTESIAN_POINT ( 'NONE',  ( 5.374999999999969802, 0.000000000000000000, -0.2499999999999998057 ) ) ;
#236 = EDGE_CURVE ( 'NONE', #314, #3685, #5399, .T. ) ;
#237 = CARTESIAN_POINT ( 'NONE',  ( 5.374999999999969802, 0.000000000000000000, 1.250000000000000000 ) ) ;
#238 = EDGE_LOOP ( 'NONE', ( #1057, #2510, #1144, #4584, #6309, #641, #4708, #493, #6062, #3781, #830, #3140, #5035, #1162, #4680, #5947, #2344, #2907, #2639, #5207, #3957 ) ) ;
#239 = CARTESIAN_POINT ( 'NONE',  ( 7.625000000000000888, 0.06499999999999971079, -1.775000000000000133 ) ) ;
#240 = CARTESIAN_POINT ( 'NONE',  ( 9.162901510716855213, -0.5000000000000001110, 0.4999999999999997224 ) ) ;
#241 = ORIENTED_EDGE ( 'NONE', *, *, #3325, .F. ) ;
#242 = DIRECTION ( 'NONE',  ( -1.000000000000000000, 0.000000000000000000, -4.370956789862818684E-16 ) ) ;
#243 = DIRECTION ( 'NONE',  ( 0.000000000000000000, 0.7071067811865515695, -0.7071067811865434649 ) ) ;
#244 = DIRECTION ( 'NONE',  ( 0.000000000000000000, 0.000000000000000000, 1.000000000000000000 ) ) ;
#245 = ORIENTED_EDGE ( 'NONE', *, *, #334, .F. ) ;
#246 = DIRECTION ( 'NONE',  ( 1.000000000000000000, -0.000000000000000000, -0.000000000000000000 ) ) ;
#247 = EDGE_LOOP ( 'NONE', ( #2771, #2516, #5131, #6207 ) ) ;
#248 = CARTESIAN_POINT ( 'NONE',  ( 7.375000000000000888, 0.7500000000000003331, 1.675000000000000266 ) ) ;
#249 = ORIENTED_EDGE ( 'NONE', *, *, #3362, .T. ) ;
#250 = AXIS2_PLACEMENT_3D ( 'NONE', #2416, #3428, #4398 ) ;
#251 = ADVANCED_FACE ( 'NONE', ( #2936 ), #355, .T. ) ;
#252 = LINE ( 'NONE', #4591, #5487 ) ;
#253 = ADVANCED_FACE ( 'NONE', ( #2320 ), #4914, .T. ) ;
#254 = CARTESIAN_POINT ( 'NONE',  ( 6.625000000000001776, 1.124999999999999778, 1.714999999999999858 ) ) ;
#255 = VECTOR ( 'NONE', #3946, 39.37007874015748143 ) ;
#256 = ORIENTED_EDGE ( 'NONE', *, *, #6354, .F. ) ;
#257 = CARTESIAN_POINT ( 'NONE',  ( 7.625000000000000888, 0.000000000000000000, -1.774999999999999689 ) ) ;
#258 = ORIENTED_EDGE ( 'NONE', *, *, #1720, .T. ) ;
#259 = LINE ( 'NONE', #2251, #1859 ) ;
#260 = AXIS2_PLACEMENT_3D ( 'NONE', #3830, #5258, #5876 ) ;
#261 = CARTESIAN_POINT ( 'NONE',  ( 7.375000000000000888, -0.5000000000000001110, 0.4999999999999997224 ) ) ;
#262 = DIRECTION ( 'NONE',  ( 0.000000000000000000, 0.000000000000000000, -1.000000000000000000 ) ) ;
#263 = EDGE_CURVE ( 'NONE', #5945, #166, #1363, .T. ) ;
#264 = CARTESIAN_POINT ( 'NONE',  ( 5.624999999999969802, 0.000000000000000000, 1.750000000000000222 ) ) ;
#265 = ORIENTED_EDGE ( 'NONE', *, *, #6377, .T. ) ;
#266 = LINE ( 'NONE', #2257, #4805 ) ;
#267 = ORIENTED_EDGE ( 'NONE', *, *, #1368, .T. ) ;
#268 = EDGE_CURVE ( 'NONE', #1693, #6420, #2439, .T. ) ;
#269 = DIRECTION ( 'NONE',  ( -1.000000000000000000, 0.000000000000000000, 0.000000000000000000 ) ) ;
#270 = LINE ( 'NONE', #1771, #868 ) ;
#271 = EDGE_LOOP ( 'NONE', ( #1089, #4116, #2738, #471 ) ) ;
#272 = CARTESIAN_POINT ( 'NONE',  ( 6.375000000000001776, 1.124999999999999556, -0.6749999999999996003 ) ) ;
#273 = CARTESIAN_POINT ( 'NONE',  ( 5.374999999999969802, -0.2500000000000000000, 1.324999999999999289 ) ) ;
#274 = CARTESIAN_POINT ( 'NONE',  ( 5.875000000000000888, -0.5442106901285368448, -1.250000000000008882 ) ) ;
#275 = ORIENTED_EDGE ( 'NONE', *, *, #975, .F. ) ;
#276 = VECTOR ( 'NONE', #2869, 39.37007874015748143 ) ;
#277 = EDGE_LOOP ( 'NONE', ( #4292, #6241, #1753, #4084 ) ) ;
#278 = LINE ( 'NONE', #5752, #5086 ) ;
#279 = EDGE_LOOP ( 'NONE', ( #472, #922, #3954, #4345 ) ) ;
#280 = AXIS2_PLACEMENT_3D ( 'NONE', #6088, #1064, #4945 ) ;
#281 = ORIENTED_EDGE ( 'NONE', *, *, #1337, .F. ) ;
#282 = LINE ( 'NONE', #4662, #3406 ) ;
#283 = EDGE_CURVE ( 'NONE', #4651, #3003, #2264, .T. ) ;
#284 = ORIENTED_EDGE ( 'NONE', *, *, #3661, .T. ) ;
#285 = EDGE_CURVE ( 'NONE', #5058, #3156, #1945, .T. ) ;
#286 = CARTESIAN_POINT ( 'NONE',  ( 7.375000000000000888, 1.000000000000000000, -0.7499999999999997780 ) ) ;
#287 = VERTEX_POINT ( 'NONE', #5012 ) ;
#288 = LINE ( 'NONE', #2224, #3640 ) ;
#289 = FACE_BOUND ( 'NONE', #4331, .T. ) ;
#290 = CARTESIAN_POINT ( 'NONE',  ( 7.375000000000000888, 0.7499999999999998890, 1.124999999999999778 ) ) ;
#291 = VECTOR ( 'NONE', #5082, 39.37007874015748143 ) ;
#292 = VECTOR ( 'NONE', #1588, 39.37007874015748143 ) ;
#293 = DIRECTION ( 'NONE',  ( 0.000000000000000000, 0.7071067811865514585, 0.7071067811865433539 ) ) ;
#294 = ORIENTED_EDGE ( 'NONE', *, *, #530, .T. ) ;
#295 = CARTESIAN_POINT ( 'NONE',  ( 7.375000000000000888, 1.000000000000000000, 1.250000000000000000 ) ) ;
#296 = ADVANCED_FACE ( 'NONE', ( #57 ), #4004, .T. ) ;
#297 = EDGE_CURVE ( 'NONE', #1547, #2707, #4104, .T. ) ;
#298 = VERTEX_POINT ( 'NONE', #27 ) ;
#299 = VECTOR ( 'NONE', #6333, 39.37007874015748143 ) ;
#300 = AXIS2_PLACEMENT_3D ( 'NONE', #1465, #4370, #513 ) ;
#301 = AXIS2_PLACEMENT_3D ( 'NONE', #4743, #1775, #1804 ) ;
#302 = LINE ( 'NONE', #1307, #556 ) ;
#303 = AXIS2_PLACEMENT_3D ( 'NONE', #1621, #3618, #5593 ) ;
#304 = AXIS2_PLACEMENT_3D ( 'NONE', #2806, #2839, #4333 ) ;
#305 = EDGE_CURVE ( 'NONE', #2421, #1058, #5078, .T. ) ;
#306 = ORIENTED_EDGE ( 'NONE', *, *, #81, .T. ) ;
#307 = ORIENTED_EDGE ( 'NONE', *, *, #5370, .F. ) ;
#308 = DIRECTION ( 'NONE',  ( 1.000000000000000000, 0.000000000000000000, 0.000000000000000000 ) ) ;
#309 = CARTESIAN_POINT ( 'NONE',  ( 7.375000000000000888, 0.1250000000000000278, 0.000000000000000000 ) ) ;
#310 = VECTOR ( 'NONE', #5564, 39.37007874015748143 ) ;
#311 = CARTESIAN_POINT ( 'NONE',  ( 7.375000000000000888, 1.000000000000000000, -0.7499999999999997780 ) ) ;
#312 = ORIENTED_EDGE ( 'NONE', *, *, #374, .T. ) ;
#313 = EDGE_CURVE ( 'NONE', #5751, #2788, #3514, .T. ) ;
#314 = VERTEX_POINT ( 'NONE', #575 ) ;
#315 = DIRECTION ( 'NONE',  ( 0.4999999999999951150, 0.000000000000000000, 0.8660254037844414832 ) ) ;
#316 = VECTOR ( 'NONE', #4850, 39.37007874015748143 ) ;
#317 = CARTESIAN_POINT ( 'NONE',  ( 6.093503937007874960, -0.5000000000000002220, 0.1294291338582674034 ) ) ;
#318 = EDGE_LOOP ( 'NONE', ( #126, #5424, #992, #858 ) ) ;
#319 = CARTESIAN_POINT ( 'NONE',  ( 7.375000000000000888, 0.5825317547305483012, -0.1250000000000001943 ) ) ;
#320 = ORIENTED_EDGE ( 'NONE', *, *, #2410, .F. ) ;
#321 = LINE ( 'NONE', #2315, #2816 ) ;
#322 = ORIENTED_EDGE ( 'NONE', *, *, #3026, .F. ) ;
#323 = VECTOR ( 'NONE', #4959, 39.37007874015748143 ) ;
#324 = DIRECTION ( 'NONE',  ( 0.000000000000000000, -1.000000000000000000, 0.000000000000000000 ) ) ;
#325 = EDGE_CURVE ( 'NONE', #2006, #5365, #2046, .T. ) ;
#326 = PLANE ( 'NONE',  #304 ) ;
#327 = CARTESIAN_POINT ( 'NONE',  ( 5.875000000000000888, -0.3750000000000012768, -1.874999999999999556 ) ) ;
#328 = CARTESIAN_POINT ( 'NONE',  ( 7.375000000000000888, 0.7499999999999998890, -0.7499999999999997780 ) ) ;
#329 = VECTOR ( 'NONE', #2291, 39.37007874015748143 ) ;
#330 = DIRECTION ( 'NONE',  ( 0.000000000000000000, 0.000000000000000000, 1.000000000000000000 ) ) ;
#331 = ORIENTED_EDGE ( 'NONE', *, *, #3483, .F. ) ;
#332 = ORIENTED_EDGE ( 'NONE', *, *, #3649, .T. ) ;
#333 = ADVANCED_FACE ( 'NONE', ( #3550 ), #2571, .F. ) ;
#334 = EDGE_CURVE ( 'NONE', #3544, #3130, #95, .T. ) ;
#335 = CARTESIAN_POINT ( 'NONE',  ( 5.624999999999969802, 0.000000000000000000, 1.374999999999999334 ) ) ;
#336 = ORIENTED_EDGE ( 'NONE', *, *, #1573, .F. ) ;
#337 = ORIENTED_EDGE ( 'NONE', *, *, #2329, .T. ) ;
#338 = PLANE ( 'NONE',  #4875 ) ;
#339 = DIRECTION ( 'NONE',  ( 0.000000000000000000, -1.000000000000000000, -0.000000000000000000 ) ) ;
#340 = EDGE_LOOP ( 'NONE', ( #1117, #1548, #5968, #359 ) ) ;
#341 = ADVANCED_FACE ( 'NONE', ( #2970 ), #5953, .T. ) ;
#342 = VERTEX_POINT ( 'NONE', #540 ) ;
#343 = PLANE ( 'NONE',  #2588 ) ;
#344 = LINE ( 'NONE', #5388, #3287 ) ;
#345 = ORIENTED_EDGE ( 'NONE', *, *, #1242, .F. ) ;
#346 = EDGE_CURVE ( 'NONE', #568, #4038, #3971, .T. ) ;
#347 = VECTOR ( 'NONE', #2614, 39.37007874015748143 ) ;
#348 = ORIENTED_EDGE ( 'NONE', *, *, #3026, .T. ) ;
#349 = CARTESIAN_POINT ( 'NONE',  ( 5.374999999999969802, 0.000000000000000000, 1.250000000000000000 ) ) ;
#350 = VERTEX_POINT ( 'NONE', #4455 ) ;
#351 = DIRECTION ( 'NONE',  ( 0.000000000000000000, -1.000000000000000000, -0.000000000000000000 ) ) ;
#352 = CARTESIAN_POINT ( 'NONE',  ( 7.625000000000000888, 0.7500000000000002220, 1.625000000000000222 ) ) ;
#353 = CARTESIAN_POINT ( 'NONE',  ( 6.375000000000001776, 0.06499999999999971079, -1.775000000000000133 ) ) ;
#354 = VECTOR ( 'NONE', #908, 39.37007874015748854 ) ;
#355 = PLANE ( 'NONE',  #5889 ) ;
#356 = FACE_OUTER_BOUND ( 'NONE', #5486, .T. ) ;
#357 = VERTEX_POINT ( 'NONE', #478 ) ;
#358 = AXIS2_PLACEMENT_3D ( 'NONE', #3073, #2125, #2685 ) ;
#359 = ORIENTED_EDGE ( 'NONE', *, *, #5474, .T. ) ;
#360 = AXIS2_PLACEMENT_3D ( 'NONE', #3704, #2696, #112 ) ;
#361 = EDGE_CURVE ( 'NONE', #2355, #5255, #1489, .T. ) ;
#362 = DIRECTION ( 'NONE',  ( -1.000000000000000000, 0.000000000000000000, 0.000000000000000000 ) ) ;
#363 = CARTESIAN_POINT ( 'NONE',  ( 7.375000000000000888, 1.124999999999999778, 1.674999999999999822 ) ) ;
#364 = ORIENTED_EDGE ( 'NONE', *, *, #1221, .T. ) ;
#365 = VERTEX_POINT ( 'NONE', #2469 ) ;
#366 = EDGE_CURVE ( 'NONE', #342, #3804, #2535, .T. ) ;
#367 =( NAMED_UNIT ( * ) SI_UNIT ( $, .STERADIAN. ) SOLID_ANGLE_UNIT ( ) );
#368 = EDGE_CURVE ( 'NONE', #3908, #1380, #1097, .T. ) ;
#369 = FACE_OUTER_BOUND ( 'NONE', #5066, .T. ) ;
#370 = LINE ( 'NONE', #3284, #5672 ) ;
#371 = ORIENTED_EDGE ( 'NONE', *, *, #4033, .T. ) ;
#372 = ORIENTED_EDGE ( 'NONE', *, *, #1960, .F. ) ;
#373 = DIRECTION ( 'NONE',  ( 0.000000000000000000, 0.000000000000000000, 1.000000000000000000 ) ) ;
#374 = EDGE_CURVE ( 'NONE', #2379, #1373, #3487, .T. ) ;
#375 = DIRECTION ( 'NONE',  ( 0.000000000000000000, -1.000000000000000000, -0.000000000000000000 ) ) ;
#376 = ORIENTED_EDGE ( 'NONE', *, *, #4325, .T. ) ;
#377 = AXIS2_PLACEMENT_3D ( 'NONE', #843, #6347, #3359 ) ;
#378 = VERTEX_POINT ( 'NONE', #509 ) ;
#379 = AXIS2_PLACEMENT_3D ( 'NONE', #5856, #1391, #6406 ) ;
#380 = DIRECTION ( 'NONE',  ( -4.370956789862818684E-16, 0.000000000000000000, 1.000000000000000000 ) ) ;
#381 = EDGE_CURVE ( 'NONE', #389, #4387, #3032, .T. ) ;
#382 = ORIENTED_EDGE ( 'NONE', *, *, #58, .T. ) ;
#383 = DIRECTION ( 'NONE',  ( -1.000000000000000000, 0.000000000000000000, 0.000000000000000000 ) ) ;
#384 = CARTESIAN_POINT ( 'NONE',  ( 6.625000000000001776, 0.7499999999999998890, 1.250000000000000000 ) ) ;
#385 = CARTESIAN_POINT ( 'NONE',  ( 5.374999999999990230, -0.3749999999999999445, -0.3333333333333324267 ) ) ;
#386 = FACE_OUTER_BOUND ( 'NONE', #5601, .T. ) ;
#387 = LINE ( 'NONE', #6348, #3147 ) ;
#388 = ORIENTED_EDGE ( 'NONE', *, *, #1999, .T. ) ;
#389 = VERTEX_POINT ( 'NONE', #4554 ) ;
#390 = VERTEX_POINT ( 'NONE', #4491 ) ;
#391 = LINE ( 'NONE', #1861, #4628 ) ;
#392 = PLANE ( 'NONE',  #3864 ) ;
#393 = AXIS2_PLACEMENT_3D ( 'NONE', #2007, #4940, #6369 ) ;
#394 = ORIENTED_EDGE ( 'NONE', *, *, #1448, .T. ) ;
#395 = ORIENTED_EDGE ( 'NONE', *, *, #4848, .T. ) ;
#396 = VECTOR ( 'NONE', #6023, 39.37007874015748854 ) ;
#397 = AXIS2_PLACEMENT_3D ( 'NONE', #5112, #3621, #4694 ) ;
#398 = LINE ( 'NONE', #2851, #5492 ) ;
#399 = DIRECTION ( 'NONE',  ( 0.000000000000000000, 0.7071067811865514585, -0.7071067811865433539 ) ) ;
#400 = EDGE_CURVE ( 'NONE', #1088, #2763, #3104, .T. ) ;
#401 = LINE ( 'NONE', #1407, #4114 ) ;
#402 = VECTOR ( 'NONE', #914, 39.37007874015748143 ) ;
#403 = ORIENTED_EDGE ( 'NONE', *, *, #2561, .F. ) ;
#404 = VECTOR ( 'NONE', #2447, 39.37007874015748143 ) ;
#405 = ORIENTED_EDGE ( 'NONE', *, *, #3806, .T. ) ;
#406 = LINE ( 'NONE', #1478, #3421 ) ;
#407 = AXIS2_PLACEMENT_3D ( 'NONE', #5267, #5820, #1267 ) ;
#408 = CARTESIAN_POINT ( 'NONE',  ( 6.625000000000001776, 1.000000000000000000, -0.7499999999999997780 ) ) ;
#409 = EDGE_LOOP ( 'NONE', ( #256, #3370, #878, #5831 ) ) ;
#410 = EDGE_CURVE ( 'NONE', #3685, #1066, #6049, .T. ) ;
#411 = EDGE_CURVE ( 'NONE', #4097, #740, #165, .T. ) ;
#413 = EDGE_LOOP ( 'NONE', ( #727, #1424, #863, #1903, #4719, #4936, #4874, #3981, #2638, #3014, #2636 ) ) ;
#412 = VECTOR ( 'NONE', #5361, 39.37007874015748143 ) ;
#414 = CARTESIAN_POINT ( 'NONE',  ( 7.375000000000000888, 0.1249999999999999445, 0.000000000000000000 ) ) ;
#415 = ORIENTED_EDGE ( 'NONE', *, *, #91, .T. ) ;
#416 = PLANE ( 'NONE',  #499 ) ;
#417 = PLANE ( 'NONE',  #3467 ) ;
#418 = LINE ( 'NONE', #1911, #110 ) ;
#419 = CARTESIAN_POINT ( 'NONE',  ( 6.375000000000000888, -0.7822277194723872284, 0.9127317704774070561 ) ) ;
#420 = EDGE_CURVE ( 'NONE', #1358, #2314, #4752, .T. ) ;
#421 = EDGE_LOOP ( 'NONE', ( #2916, #5917, #3998, #3554 ) ) ;
#422 = ORIENTED_EDGE ( 'NONE', *, *, #2523, .F. ) ;
#423 = DIRECTION ( 'NONE',  ( 0.000000000000000000, -0.000000000000000000, -1.000000000000000000 ) ) ;
#424 = ORIENTED_EDGE ( 'NONE', *, *, #5126, .F. ) ;
#425 = DIRECTION ( 'NONE',  ( -0.000000000000000000, 0.000000000000000000, -1.000000000000000000 ) ) ;
#426 = VECTOR ( 'NONE', #122, 39.37007874015748143 ) ;
#427 = EDGE_CURVE ( 'NONE', #2878, #3347, #679, .T. ) ;
#428 = CARTESIAN_POINT ( 'NONE',  ( 7.375000000000000888, -0.2500000000000000000, -1.750000000000000000 ) ) ;
#429 = ORIENTED_EDGE ( 'NONE', *, *, #346, .F. ) ;
#430 = EDGE_LOOP ( 'NONE', ( #3001, #1000, #960, #5987 ) ) ;
#431 = CARTESIAN_POINT ( 'NONE',  ( 5.374999999999969802, 1.088470684975604861E-16, -0.6750000000000000444 ) ) ;
#432 = CARTESIAN_POINT ( 'NONE',  ( 7.625000000000000888, 1.000000000000000000, -0.2499999999999997502 ) ) ;
#433 = DIRECTION ( 'NONE',  ( -1.000000000000000000, 0.000000000000000000, -4.370956789862818684E-16 ) ) ;
#434 = CARTESIAN_POINT ( 'NONE',  ( 5.624999999999969802, -0.2500000000000000000, 1.675000000000000266 ) ) ;
#435 = ORIENTED_EDGE ( 'NONE', *, *, #1812, .T. ) ;
#436 = CARTESIAN_POINT ( 'NONE',  ( 7.375000000000000888, -0.2500000000000000000, -1.374999999999999778 ) ) ;
#437 = CARTESIAN_POINT ( 'NONE',  ( 6.375000000000001776, 1.024999999999999911, 1.774999999999999467 ) ) ;
#438 = ORIENTED_EDGE ( 'NONE', *, *, #3696, .T. ) ;
#439 = EDGE_LOOP ( 'NONE', ( #1839, #3142, #306, #3777 ) ) ;
#440 = LINE ( 'NONE', #4970, #6334 ) ;
#441 = VERTEX_POINT ( 'NONE', #5178 ) ;
#442 = EDGE_CURVE ( 'NONE', #3293, #5014, #1751, .T. ) ;
#443 = CARTESIAN_POINT ( 'NONE',  ( 6.375000000000000000, -0.8679720839295261836, 0.8400700122052234819 ) ) ;
#444 = EDGE_CURVE ( 'NONE', #5890, #3497, #6182, .T. ) ;
#445 = FACE_OUTER_BOUND ( 'NONE', #4577, .T. ) ;
#446 = DIRECTION ( 'NONE',  ( 1.000000000000000000, 0.000000000000000000, 0.000000000000000000 ) ) ;
#447 = DIRECTION ( 'NONE',  ( 0.000000000000000000, 0.000000000000000000, -1.000000000000000000 ) ) ;
#448 = AXIS2_PLACEMENT_3D ( 'NONE', #6318, #2754, #5832 ) ;
#449 = VERTEX_POINT ( 'NONE', #254 ) ;
#450 = VERTEX_POINT ( 'NONE', #2679 ) ;
#451 = DIRECTION ( 'NONE',  ( -1.000000000000000000, 0.000000000000000000, 0.000000000000000000 ) ) ;
#452 = ORIENTED_EDGE ( 'NONE', *, *, #1431, .T. ) ;
#453 = CARTESIAN_POINT ( 'NONE',  ( 5.624999999999969802, 0.000000000000000000, -0.3749999999999992784 ) ) ;
#454 = EDGE_CURVE ( 'NONE', #2035, #287, #282, .T. ) ;
#455 = VECTOR ( 'NONE', #6199, 39.37007874015748143 ) ;
#456 = LINE ( 'NONE', #547, #4829 ) ;
#457 = VECTOR ( 'NONE', #821, 39.37007874015748143 ) ;
#458 = DIRECTION ( 'NONE',  ( -1.000000000000000000, 0.000000000000000000, 0.000000000000000000 ) ) ;
#459 = ORIENTED_EDGE ( 'NONE', *, *, #5857, .T. ) ;
#460 = ORIENTED_EDGE ( 'NONE', *, *, #1254, .F. ) ;
#461 = EDGE_CURVE ( 'NONE', #5235, #5007, #713, .T. ) ;
#462 = VECTOR ( 'NONE', #621, 39.37007874015748143 ) ;
#463 = DIRECTION ( 'NONE',  ( 1.000000000000000000, 0.000000000000000000, -0.000000000000000000 ) ) ;
#464 = VECTOR ( 'NONE', #4472, 39.37007874015748143 ) ;
#465 = LINE ( 'NONE', #5024, #3705 ) ;
#466 = DIRECTION ( 'NONE',  ( -1.000000000000000000, 0.000000000000000000, 0.000000000000000000 ) ) ;
#467 = FACE_OUTER_BOUND ( 'NONE', #2597, .T. ) ;
#468 = ORIENTED_EDGE ( 'NONE', *, *, #5170, .F. ) ;
#469 = LINE ( 'NONE', #2459, #4450 ) ;
#470 = FACE_OUTER_BOUND ( 'NONE', #1333, .T. ) ;
#471 = ORIENTED_EDGE ( 'NONE', *, *, #4317, .T. ) ;
#472 = ORIENTED_EDGE ( 'NONE', *, *, #3928, .F. ) ;
#473 = CARTESIAN_POINT ( 'NONE',  ( 6.375000000000001776, 0.6249999999999998890, -0.6249999999999956701 ) ) ;
#474 = CARTESIAN_POINT ( 'NONE',  ( 6.375000000000000888, -0.9336610732109797972, 0.7488736096525725472 ) ) ;
#475 = DIRECTION ( 'NONE',  ( 0.000000000000000000, -1.000000000000000000, 0.000000000000000000 ) ) ;
#476 = ADVANCED_FACE ( 'NONE', ( #5633 ), #194, .F. ) ;
#477 = PLANE ( 'NONE',  #6324 ) ;
#478 = CARTESIAN_POINT ( 'NONE',  ( 7.656496062992126816, -0.5000000000000002220, 0.1294291338582674034 ) ) ;
#479 = VECTOR ( 'NONE', #4120, 39.37007874015748143 ) ;
#480 = ORIENTED_EDGE ( 'NONE', *, *, #1214, .T. ) ;
#481 = PLANE ( 'NONE',  #5498 ) ;
#482 = EDGE_LOOP ( 'NONE', ( #5785, #1592, #4338, #124 ) ) ;
#483 = CARTESIAN_POINT ( 'NONE',  ( 6.625000000000001776, 0.7499999999999998890, -0.7499999999999997780 ) ) ;
#484 = DIRECTION ( 'NONE',  ( 0.000000000000000000, -0.7071067811865459074, -0.7071067811865491270 ) ) ;
#485 = ADVANCED_FACE ( 'NONE', ( #1692 ), #6248, .T. ) ;
#486 = DIRECTION ( 'NONE',  ( 1.000000000000000000, 0.000000000000000000, 0.000000000000000000 ) ) ;
#487 = EDGE_CURVE ( 'NONE', #3966, #2834, #746, .T. ) ;
#488 = FACE_OUTER_BOUND ( 'NONE', #1033, .T. ) ;
#489 = ORIENTED_EDGE ( 'NONE', *, *, #4448, .T. ) ;
#490 = ORIENTED_EDGE ( 'NONE', *, *, #4842, .F. ) ;
#491 = DIRECTION ( 'NONE',  ( -1.000000000000000000, 0.000000000000000000, 0.000000000000000000 ) ) ;
#492 = LINE ( 'NONE', #3212, #5347 ) ;
#493 = ORIENTED_EDGE ( 'NONE', *, *, #5474, .F. ) ;
#494 = CIRCLE ( 'NONE', #4145, 0.4330708661417322913 ) ;
#495 = DIRECTION ( 'NONE',  ( 0.000000000000000000, 0.000000000000000000, 1.000000000000000000 ) ) ;
#496 = EDGE_CURVE ( 'NONE', #4287, #3529, #2246, .T. ) ;
#497 = ORIENTED_EDGE ( 'NONE', *, *, #2785, .T. ) ;
#498 = LINE ( 'NONE', #2888, #1015 ) ;
#499 = AXIS2_PLACEMENT_3D ( 'NONE', #3871, #383, #4487 ) ;
#500 = CARTESIAN_POINT ( 'NONE',  ( 7.375000000000000888, 0.000000000000000000, -1.249999999999999778 ) ) ;
#501 = EDGE_LOOP ( 'NONE', ( #5732, #2508, #5455, #2334, #2844, #1090, #510 ) ) ;
#502 = EDGE_CURVE ( 'NONE', #3194, #5890, #3169, .T. ) ;
#503 = VECTOR ( 'NONE', #3834, 39.37007874015748143 ) ;
#504 = VERTEX_POINT ( 'NONE', #4695 ) ;
#505 = DIRECTION ( 'NONE',  ( 0.000000000000000000, -0.7071067811865450192, -0.7071067811865499042 ) ) ;
#506 = LINE ( 'NONE', #2866, #822 ) ;
#507 = CARTESIAN_POINT ( 'NONE',  ( 7.375000000000000888, 0.9199999999999997069, -0.9200000000000049249 ) ) ;
#508 = DIRECTION ( 'NONE',  ( 0.000000000000000000, 0.000000000000000000, 1.000000000000000000 ) ) ;
#509 = CARTESIAN_POINT ( 'NONE',  ( 7.375000000000000888, 1.000000000000000000, 1.250000000000000000 ) ) ;
#510 = ORIENTED_EDGE ( 'NONE', *, *, #1914, .T. ) ;
#511 = CARTESIAN_POINT ( 'NONE',  ( 7.375000000000000888, 1.124999999999999556, -0.3250000000000000666 ) ) ;
#512 = VERTEX_POINT ( 'NONE', #4200 ) ;
#513 = DIRECTION ( 'NONE',  ( 0.000000000000000000, 1.000000000000000000, 2.039079102182026743E-16 ) ) ;
#514 = VECTOR ( 'NONE', #6256, 39.37007874015748143 ) ;
#515 = CARTESIAN_POINT ( 'NONE',  ( 7.375000000000000888, -0.5000000000000002220, 0.9330708661417319583 ) ) ;
#516 = CARTESIAN_POINT ( 'NONE',  ( 5.374999999999969802, 0.000000000000000000, 1.374999999999999334 ) ) ;
#517 = LINE ( 'NONE', #68, #228 ) ;
#518 = VERTEX_POINT ( 'NONE', #4722 ) ;
#519 = ORIENTED_EDGE ( 'NONE', *, *, #4478, .T. ) ;
#520 = VECTOR ( 'NONE', #3044, 39.37007874015748143 ) ;
#521 = CARTESIAN_POINT ( 'NONE',  ( 5.999999999999999112, 0.2165063509461105096, -0.8749999999999997780 ) ) ;
#522 = EDGE_CURVE ( 'NONE', #3054, #1286, #2773, .T. ) ;
#523 = EDGE_CURVE ( 'NONE', #3067, #5838, #4721, .T. ) ;
#524 = CARTESIAN_POINT ( 'NONE',  ( 6.375000000000001776, 1.000000000000000000, -0.6249999999999996669 ) ) ;
#525 = CARTESIAN_POINT ( 'NONE',  ( 7.656496062992126816, -0.5000000000000001110, 0.4999999999999997224 ) ) ;
#526 = PLANE ( 'NONE',  #1989 ) ;
#527 = AXIS2_PLACEMENT_3D ( 'NONE', #2103, #4087, #1966 ) ;
#528 = ORIENTED_EDGE ( 'NONE', *, *, #2346, .T. ) ;
#529 = CARTESIAN_POINT ( 'NONE',  ( 6.625000000000001776, 0.000000000000000000, -1.224999999999999867 ) ) ;
#530 = EDGE_CURVE ( 'NONE', #2489, #4924, #774, .T. ) ;
#531 = LINE ( 'NONE', #5065, #862 ) ;
#532 = ORIENTED_EDGE ( 'NONE', *, *, #3694, .F. ) ;
#533 = ORIENTED_EDGE ( 'NONE', *, *, #420, .T. ) ;
#534 = DIRECTION ( 'NONE',  ( -1.000000000000000000, 0.000000000000000000, 0.000000000000000000 ) ) ;
#535 = VERTEX_POINT ( 'NONE', #319 ) ;
#536 = CARTESIAN_POINT ( 'NONE',  ( 6.375000000000001776, 0.7499999999999998890, -0.7499999999999998890 ) ) ;
#537 = ADVANCED_FACE ( 'NONE', ( #2312 ), #4299, .F. ) ;
#538 = CARTESIAN_POINT ( 'NONE',  ( 6.625000000000001776, 1.124999999999999556, -0.2850000000000000866 ) ) ;
#539 = DIRECTION ( 'NONE',  ( 0.000000000000000000, 1.000000000000000000, 0.000000000000000000 ) ) ;
#540 = CARTESIAN_POINT ( 'NONE',  ( 7.875000000000000888, -1.036747897645823535, 0.5692453116553131132 ) ) ;
#541 = ORIENTED_EDGE ( 'NONE', *, *, #2617, .T. ) ;
#542 = CARTESIAN_POINT ( 'NONE',  ( 7.375000000000000888, 0.7499999999999998890, 1.250000000000000000 ) ) ;
#543 = ORIENTED_EDGE ( 'NONE', *, *, #5857, .F. ) ;
#544 = CYLINDRICAL_SURFACE ( 'NONE', #2127, 1.250000000000000000 ) ;
#545 = FACE_OUTER_BOUND ( 'NONE', #2650, .T. ) ;
#546 = DIRECTION ( 'NONE',  ( -1.000000000000000000, -0.000000000000000000, -0.000000000000000000 ) ) ;
#547 = CARTESIAN_POINT ( 'NONE',  ( 7.375000000000000888, 0.1250000000000000278, -1.675000000000000044 ) ) ;
#548 = CARTESIAN_POINT ( 'NONE',  ( 7.375000000000000888, 0.9999999999999995559, -0.6749999999999996003 ) ) ;
#549 = EDGE_LOOP ( 'NONE', ( #532, #3827, #3761, #1451 ) ) ;
#550 = ORIENTED_EDGE ( 'NONE', *, *, #1722, .T. ) ;
#551 = VECTOR ( 'NONE', #1614, 39.37007874015748143 ) ;
#552 = PLANE ( 'NONE',  #5934 ) ;
#553 = DIRECTION ( 'NONE',  ( 0.000000000000000000, 0.000000000000000000, -1.000000000000000000 ) ) ;
#554 = EDGE_LOOP ( 'NONE', ( #2793, #4713, #3552, #2148 ) ) ;
#555 = EDGE_CURVE ( 'NONE', #3529, #3442, #6278, .T. ) ;
#556 = VECTOR ( 'NONE', #4858, 39.37007874015748143 ) ;
#557 = DIRECTION ( 'NONE',  ( -1.000000000000000000, 0.000000000000000000, 0.000000000000000000 ) ) ;
#558 = ADVANCED_FACE ( 'NONE', ( #3290 ), #803, .F. ) ;
#559 = EDGE_CURVE ( 'NONE', #5721, #1435, #5569, .T. ) ;
#560 = ORIENTED_EDGE ( 'NONE', *, *, #427, .T. ) ;
#561 = LINE ( 'NONE', #2823, #2593 ) ;
#562 = AXIS2_PLACEMENT_3D ( 'NONE', #4537, #2519, #5444 ) ;
#563 = LINE ( 'NONE', #4581, #2856 ) ;
#564 = EDGE_LOOP ( 'NONE', ( #6419, #1661 ) ) ;
#565 = ADVANCED_FACE ( 'NONE', ( #2512 ), #4111, .F. ) ;
#566 = LINE ( 'NONE', #2637, #3962 ) ;
#567 = EDGE_CURVE ( 'NONE', #4717, #350, #3337, .T. ) ;
#568 = VERTEX_POINT ( 'NONE', #4496 ) ;
#569 = ORIENTED_EDGE ( 'NONE', *, *, #4795, .T. ) ;
#570 = CARTESIAN_POINT ( 'NONE',  ( 5.875000000000000888, -0.2500000000000000000, -0.7499999999999998890 ) ) ;
#571 = ORIENTED_EDGE ( 'NONE', *, *, #6336, .F. ) ;
#572 = CYLINDRICAL_SURFACE ( 'NONE', #4267, 0.4999999999999998335 ) ;
#573 = DIRECTION ( 'NONE',  ( 1.000000000000000000, 0.000000000000000000, 0.000000000000000000 ) ) ;
#574 = CARTESIAN_POINT ( 'NONE',  ( 5.374999999999969802, 0.1250000000000001110, 1.715000000000000524 ) ) ;
#575 = CARTESIAN_POINT ( 'NONE',  ( 6.625000000000001776, 0.1249999999999999445, -1.324999999999999734 ) ) ;
#576 = EDGE_CURVE ( 'NONE', #1404, #1277, #1561, .T. ) ;
#577 = VERTEX_POINT ( 'NONE', #1631 ) ;
#578 = CARTESIAN_POINT ( 'NONE',  ( 5.624999999999969802, 0.02499999999999946362, -0.7749999999999996891 ) ) ;
#579 = ORIENTED_EDGE ( 'NONE', *, *, #4197, .F. ) ;
#580 = DIRECTION ( 'NONE',  ( 1.000000000000000000, -0.000000000000000000, -0.000000000000000000 ) ) ;
#581 = PLANE ( 'NONE',  #3939 ) ;
#582 = FACE_OUTER_BOUND ( 'NONE', #318, .T. ) ;
#583 = PLANE ( 'NONE',  #214 ) ;
#584 = VECTOR ( 'NONE', #5541, 39.37007874015748143 ) ;
#585 = DIRECTION ( 'NONE',  ( -1.000000000000000000, 0.000000000000000000, 0.000000000000000000 ) ) ;
#586 = CARTESIAN_POINT ( 'NONE',  ( 7.375000000000000888, 0.1634595704905428826, 1.559396714325895772 ) ) ;
#587 = ORIENTED_EDGE ( 'NONE', *, *, #410, .T. ) ;
#588 = EDGE_LOOP ( 'NONE', ( #2769, #4508, #1926, #2843 ) ) ;
#589 = VECTOR ( 'NONE', #3622, 39.37007874015748854 ) ;
#590 = DIRECTION ( 'NONE',  ( -1.000000000000000000, 0.000000000000000000, 1.365923996832131363E-16 ) ) ;
#591 = CARTESIAN_POINT ( 'NONE',  ( 5.875000000000000888, -1.036747897645823535, 0.5692453116553131132 ) ) ;
#592 = DIRECTION ( 'NONE',  ( -1.000000000000000000, 0.000000000000000000, 0.000000000000000000 ) ) ;
#593 = CARTESIAN_POINT ( 'NONE',  ( 6.375000000000001776, 1.000000000000000000, -0.2500000000000000555 ) ) ;
#594 = VERTEX_POINT ( 'NONE', #1528 ) ;
#595 = DIRECTION ( 'NONE',  ( 0.000000000000000000, 0.000000000000000000, 1.000000000000000000 ) ) ;
#596 = CARTESIAN_POINT ( 'NONE',  ( 7.625000000000000888, 1.124999999999999556, -0.6749999999999996003 ) ) ;
#597 = DIRECTION ( 'NONE',  ( 0.000000000000000000, 1.000000000000000000, 0.000000000000000000 ) ) ;
#598 = AXIS2_PLACEMENT_3D ( 'NONE', #4525, #3907, #3002 ) ;
#599 = ORIENTED_EDGE ( 'NONE', *, *, #4594, .T. ) ;
#600 = DIRECTION ( 'NONE',  ( -0.000000000000000000, 0.000000000000000000, -1.000000000000000000 ) ) ;
#601 = ORIENTED_EDGE ( 'NONE', *, *, #1431, .F. ) ;
#602 = ORIENTED_EDGE ( 'NONE', *, *, #4984, .F. ) ;
#603 = VECTOR ( 'NONE', #1619, 39.37007874015748143 ) ;
#604 = CARTESIAN_POINT ( 'NONE',  ( 5.374999999999969802, -0.2500000000000000000, -0.7499999999999998890 ) ) ;
#605 = EDGE_LOOP ( 'NONE', ( #2388, #2316, #403, #3171 ) ) ;
#606 = FACE_OUTER_BOUND ( 'NONE', #1413, .T. ) ;
#607 = VECTOR ( 'NONE', #2943, 39.37007874015748143 ) ;
#608 = VECTOR ( 'NONE', #3935, 39.37007874015748143 ) ;
#609 = PLANE ( 'NONE',  #1964 ) ;
#610 = LINE ( 'NONE', #3688, #4535 ) ;
#611 = ADVANCED_FACE ( 'NONE', ( #3524 ), #583, .T. ) ;
#612 = CARTESIAN_POINT ( 'NONE',  ( 7.625000000000000888, 0.7499999999999998890, 1.250000000000000000 ) ) ;
#613 = ADVANCED_FACE ( 'NONE', ( #4986 ), #974, .F. ) ;
#614 = CARTESIAN_POINT ( 'NONE',  ( 7.625000000000000888, 1.000000000000000000, 1.250000000000000000 ) ) ;
#615 = AXIS2_PLACEMENT_3D ( 'NONE', #3281, #854, #1776 ) ;
#616 = LINE ( 'NONE', #132, #1862 ) ;
#617 = VERTEX_POINT ( 'NONE', #2979 ) ;
#618 = DIRECTION ( 'NONE',  ( 0.000000000000000000, -1.000000000000000000, 0.000000000000000000 ) ) ;
#619 = CARTESIAN_POINT ( 'NONE',  ( 7.625000000000000888, 0.7499999999999998890, 1.250000000000000000 ) ) ;
#620 = VECTOR ( 'NONE', #5116, 39.37007874015748143 ) ;
#621 = DIRECTION ( 'NONE',  ( -1.000000000000000000, 0.000000000000000000, 0.000000000000000000 ) ) ;
#622 = CARTESIAN_POINT ( 'NONE',  ( 5.875000000000000888, -0.3749999999999999445, -1.875000000000000000 ) ) ;
#623 = EDGE_CURVE ( 'NONE', #450, #6363, #4045, .T. ) ;
#624 = PLANE ( 'NONE',  #1194 ) ;
#625 = PLANE ( 'NONE',  #4182 ) ;
#626 = VERTEX_POINT ( 'NONE', #3074 ) ;
#627 = VECTOR ( 'NONE', #3328, 39.37007874015748143 ) ;
#628 = LINE ( 'NONE', #5160, #2971 ) ;
#629 = EDGE_CURVE ( 'NONE', #3496, #5860, #2126, .T. ) ;
#630 = LINE ( 'NONE', #758, #5561 ) ;
#631 = LINE ( 'NONE', #3637, #479 ) ;
#632 = DIRECTION ( 'NONE',  ( 0.000000000000000000, 0.000000000000000000, 1.000000000000000000 ) ) ;
#633 = ORIENTED_EDGE ( 'NONE', *, *, #5510, .T. ) ;
#634 = AXIS2_PLACEMENT_3D ( 'NONE', #2350, #5333, #5858 ) ;
#635 = CARTESIAN_POINT ( 'NONE',  ( 5.875000000000000888, -0.9826249026478278692, 0.3693355314395876388 ) ) ;
#636 = DIRECTION ( 'NONE',  ( 0.000000000000000000, -0.7071067811865459074, 0.7071067811865490160 ) ) ;
#637 = CARTESIAN_POINT ( 'NONE',  ( 6.375000000000000888, 0.5825317547305481902, 1.125000000000000000 ) ) ;
#638 = ORIENTED_EDGE ( 'NONE', *, *, #5903, .F. ) ;
#639 = CIRCLE ( 'NONE', #4288, 0.4330708661417322913 ) ;
#640 = DIRECTION ( 'NONE',  ( -0.000000000000000000, 0.000000000000000000, -1.000000000000000000 ) ) ;
#641 = ORIENTED_EDGE ( 'NONE', *, *, #2330, .T. ) ;
#642 = ORIENTED_EDGE ( 'NONE', *, *, #2497, .T. ) ;
#643 = DIRECTION ( 'NONE',  ( 0.000000000000000000, 1.000000000000000000, 0.000000000000000000 ) ) ;
#644 = ORIENTED_EDGE ( 'NONE', *, *, #2862, .T. ) ;
#645 = LINE ( 'NONE', #1095, #3120 ) ;
#646 = PLANE ( 'NONE',  #3423 ) ;
#647 = CARTESIAN_POINT ( 'NONE',  ( 7.625000000000000888, 1.024999999999999689, -0.2250000000000001998 ) ) ;
#648 = EDGE_CURVE ( 'NONE', #6115, #2358, #2053, .T. ) ;
#649 = ADVANCED_FACE ( 'NONE', ( #6057 ), #3111, .T. ) ;
#650 = DIRECTION ( 'NONE',  ( -1.000000000000000000, 0.000000000000000000, 0.000000000000000000 ) ) ;
#651 = ORIENTED_EDGE ( 'NONE', *, *, #5355, .F. ) ;
#652 = LINE ( 'NONE', #1169, #2427 ) ;
#653 = CARTESIAN_POINT ( 'NONE',  ( 5.624999999999969802, -0.2500000000000000000, -0.6750000000000001554 ) ) ;
#654 = CARTESIAN_POINT ( 'NONE',  ( 6.625000000000001776, 0.7499999999999998890, -0.3750000000000001110 ) ) ;
#655 = CARTESIAN_POINT ( 'NONE',  ( 7.375000000000000888, 0.7499999999999998890, -0.1250000000000001665 ) ) ;
#656 = CARTESIAN_POINT ( 'NONE',  ( 6.375000000000001776, 1.124999999999999556, -0.3250000000000000666 ) ) ;
#657 = EDGE_CURVE ( 'NONE', #4387, #3425, #4600, .T. ) ;
#658 = VERTEX_POINT ( 'NONE', #515 ) ;
#659 = DIRECTION ( 'NONE',  ( 0.000000000000000000, 0.7071067811865490160, 0.7071067811865459074 ) ) ;
#660 = FACE_OUTER_BOUND ( 'NONE', #3412, .T. ) ;
#661 = FACE_BOUND ( 'NONE', #4067, .T. ) ;
#662 = CIRCLE ( 'NONE', #4311, 0.4330708661417322913 ) ;
#663 = EDGE_CURVE ( 'NONE', #6265, #979, #2579, .T. ) ;
#664 = EDGE_LOOP ( 'NONE', ( #4884, #1590, #824, #4918 ) ) ;
#665 = CARTESIAN_POINT ( 'NONE',  ( 6.375000000000001776, 1.000000000000000000, -0.7499999999999997780 ) ) ;
#666 = CARTESIAN_POINT ( 'NONE',  ( 7.375000000000000888, 1.024999999999999689, -0.2250000000000001998 ) ) ;
#667 = CIRCLE ( 'NONE', #5969, 0.3705708661417323468 ) ;
#668 = CARTESIAN_POINT ( 'NONE',  ( 7.625000000000000888, 1.000000000000000000, -0.2499999999999997502 ) ) ;
#669 = ORIENTED_EDGE ( 'NONE', *, *, #6261, .F. ) ;
#670 = EDGE_CURVE ( 'NONE', #449, #6158, #1595, .T. ) ;
#671 = VERTEX_POINT ( 'NONE', #622 ) ;
#672 = VECTOR ( 'NONE', #2487, 39.37007874015748143 ) ;
#673 = ORIENTED_EDGE ( 'NONE', *, *, #5069, .F. ) ;
#674 = DIRECTION ( 'NONE',  ( -1.000000000000000000, 0.000000000000000000, 0.000000000000000000 ) ) ;
#675 = ORIENTED_EDGE ( 'NONE', *, *, #2398, .T. ) ;
#676 = CARTESIAN_POINT ( 'NONE',  ( 7.625000000000000888, 0.7499999999999998890, -0.6249999999999996669 ) ) ;
#677 = CARTESIAN_POINT ( 'NONE',  ( 7.625000000000000888, 1.000000000000000000, -0.7499999999999997780 ) ) ;
#678 = DIRECTION ( 'NONE',  ( 0.000000000000000000, 0.000000000000000000, 1.000000000000000000 ) ) ;
#679 = LINE ( 'NONE', #4136, #2573 ) ;
#680 = ORIENTED_EDGE ( 'NONE', *, *, #1206, .F. ) ;
#681 = CARTESIAN_POINT ( 'NONE',  ( 7.625000000000000888, 1.124999999999999778, 1.674999999999999822 ) ) ;
#682 = ORIENTED_EDGE ( 'NONE', *, *, #1262, .T. ) ;
#683 = CARTESIAN_POINT ( 'NONE',  ( 7.375000000000000888, 1.124999999999999778, 1.714999999999999858 ) ) ;
#684 = DIRECTION ( 'NONE',  ( -1.000000000000000000, 0.000000000000000000, 4.370956789862818684E-16 ) ) ;
#685 = EDGE_CURVE ( 'NONE', #5669, #1584, #138, .T. ) ;
#686 = CARTESIAN_POINT ( 'NONE',  ( 6.375000000000001776, 0.7499999999999998890, -0.6249999999999996669 ) ) ;
#687 = CARTESIAN_POINT ( 'NONE',  ( 7.375000000000000888, 1.000000000000000000, -0.7499999999999997780 ) ) ;
#688 = PLANE ( 'NONE',  #3598 ) ;
#689 = DIRECTION ( 'NONE',  ( 0.000000000000000000, -0.7071067811865455743, 0.7071067811865494601 ) ) ;
#690 = CARTESIAN_POINT ( 'NONE',  ( 7.625000000000000888, 0.7499999999999998890, -0.7499999999999997780 ) ) ;
#691 = EDGE_LOOP ( 'NONE', ( #1503, #2401, #5418, #3222 ) ) ;
#692 = CARTESIAN_POINT ( 'NONE',  ( 5.374999999999969802, 0.000000000000000000, -0.2499999999999998057 ) ) ;
#693 = CARTESIAN_POINT ( 'NONE',  ( 6.625000000000001776, 1.024999999999999911, 1.224999999999999867 ) ) ;
#694 = EDGE_CURVE ( 'NONE', #731, #6226, #5673, .T. ) ;
#695 = DIRECTION ( 'NONE',  ( -1.000000000000000000, 0.000000000000000000, -4.370956789862818684E-16 ) ) ;
#696 = EDGE_CURVE ( 'NONE', #357, #70, #5244, .T. ) ;
#697 = PLANE ( 'NONE',  #3797 ) ;
#698 = EDGE_LOOP ( 'NONE', ( #1766, #364, #5083, #6080, #4419, #2069, #6111 ) ) ;
#699 = CARTESIAN_POINT ( 'NONE',  ( 5.624999999999969802, 0.02499999999999945668, 1.225000000000000089 ) ) ;
#700 = DIRECTION ( 'NONE',  ( 0.000000000000000000, 1.000000000000000000, 1.365923996832115398E-14 ) ) ;
#701 = CARTESIAN_POINT ( 'NONE',  ( 5.396482516207966817, -0.3758954912044402685, -0.7714825162079761434 ) ) ;
#702 = VERTEX_POINT ( 'NONE', #3207 ) ;
#703 = ADVANCED_FACE ( 'NONE', ( #2193 ), #5183, .T. ) ;
#704 = LINE ( 'NONE', #1318, #5398 ) ;
#705 = CARTESIAN_POINT ( 'NONE',  ( 6.375000000000001776, 1.124999999999999556, -0.3250000000000000666 ) ) ;
#706 = ORIENTED_EDGE ( 'NONE', *, *, #5321, .F. ) ;
#707 = FACE_OUTER_BOUND ( 'NONE', #1124, .T. ) ;
#708 = ORIENTED_EDGE ( 'NONE', *, *, #6332, .T. ) ;
#709 = B_SPLINE_SURFACE_WITH_KNOTS ( 'NONE', 3, 1, ( 
 ( #4878, #474 ),
 ( #3481, #4420 ),
 ( #4359, #995 ),
 ( #1977, #443 ),
 ( #1420, #6403 ),
 ( #3933, #4847 ),
 ( #2466, #5918 ) ),
 .UNSPECIFIED., .F., .F., .F.,
 ( 4, 1, 1, 1, 4 ),
 ( 2, 2 ),
 ( 0.000000000000000000, 0.2500000000000000000, 0.5000000000000000000, 0.7500000000000000000, 1.000000000000000000 ),
 ( 0.000000000000000000, 1.000000000000000000 ),
 .UNSPECIFIED. ) ;
#710 = LINE ( 'NONE', #1688, #59 ) ;
#711 = CARTESIAN_POINT ( 'NONE',  ( 5.374999999999969802, 0.000000000000000000, 1.625000000000000222 ) ) ;
#712 = ADVANCED_FACE ( 'NONE', ( #203 ), #5154, .F. ) ;
#713 = LINE ( 'NONE', #3201, #4242 ) ;
#714 = VECTOR ( 'NONE', #4586, 39.37007874015748143 ) ;
#715 = ORIENTED_EDGE ( 'NONE', *, *, #965, .F. ) ;
#716 = AXIS2_PLACEMENT_3D ( 'NONE', #4944, #3064, #2044 ) ;
#717 = CARTESIAN_POINT ( 'NONE',  ( 6.375000000000000888, -0.9336610732109800193, 0.7488736096525724362 ) ) ;
#718 = VERTEX_POINT ( 'NONE', #5122 ) ;
#719 = CARTESIAN_POINT ( 'NONE',  ( 7.375000000000000888, 1.064999999999999947, -0.7749999999999996891 ) ) ;
#720 = VECTOR ( 'NONE', #4806, 39.37007874015748143 ) ;
#721 = DIRECTION ( 'NONE',  ( -1.000000000000000000, 0.000000000000000000, 0.000000000000000000 ) ) ;
#722 = CARTESIAN_POINT ( 'NONE',  ( 6.625000000000001776, 0.7499999999999998890, -0.7499999999999997780 ) ) ;
#723 = VECTOR ( 'NONE', #3296, 39.37007874015748143 ) ;
#724 = CARTESIAN_POINT ( 'NONE',  ( 5.875000000000000888, -0.3749999999999999445, -1.875000000000000000 ) ) ;
#725 = CARTESIAN_POINT ( 'NONE',  ( 7.375000000000000888, 1.024999999999999689, -0.7749999999999994671 ) ) ;
#726 = VECTOR ( 'NONE', #80, 39.37007874015748143 ) ;
#727 = ORIENTED_EDGE ( 'NONE', *, *, #66, .F. ) ;
#728 = DIRECTION ( 'NONE',  ( -1.000000000000000000, 0.000000000000000000, 0.000000000000000000 ) ) ;
#729 = FACE_OUTER_BOUND ( 'NONE', #1837, .T. ) ;
#730 = CARTESIAN_POINT ( 'NONE',  ( 6.625000000000001776, 1.064999999999999503, 1.774999999999999467 ) ) ;
#731 = VERTEX_POINT ( 'NONE', #654 ) ;
#732 = PLANE ( 'NONE',  #4153 ) ;
#733 = EDGE_CURVE ( 'NONE', #3433, #1763, #5217, .T. ) ;
#734 = DIRECTION ( 'NONE',  ( 0.000000000000000000, 0.000000000000000000, 1.000000000000000000 ) ) ;
#735 = EDGE_CURVE ( 'NONE', #4210, #4083, #6162, .T. ) ;
#736 = CARTESIAN_POINT ( 'NONE',  ( 5.875000000000000888, -0.5000000000000001110, 0.4999999999999997224 ) ) ;
#737 = CARTESIAN_POINT ( 'NONE',  ( 6.093503937007874960, -0.5000000000000001110, 0.4999999999999997224 ) ) ;
#738 = ORIENTED_EDGE ( 'NONE', *, *, #2694, .F. ) ;
#739 = CARTESIAN_POINT ( 'NONE',  ( 6.625000000000001776, 0.000000000000000000, -1.324999999999999734 ) ) ;
#740 = VERTEX_POINT ( 'NONE', #5605 ) ;
#741 = LINE ( 'NONE', #1783, #2374 ) ;
#742 = EDGE_CURVE ( 'NONE', #5002, #3308, #234, .T. ) ;
#743 = VERTEX_POINT ( 'NONE', #5702 ) ;
#744 = VECTOR ( 'NONE', #4082, 39.37007874015748143 ) ;
#745 = LINE ( 'NONE', #4720, #2375 ) ;
#746 = LINE ( 'NONE', #1788, #4441 ) ;
#747 = ORIENTED_EDGE ( 'NONE', *, *, #6387, .F. ) ;
#748 = DIRECTION ( 'NONE',  ( -1.000000000000000000, 0.000000000000000000, 0.000000000000000000 ) ) ;
#749 = EDGE_CURVE ( 'NONE', #3098, #389, #4206, .T. ) ;
#750 = VERTEX_POINT ( 'NONE', #2748 ) ;
#751 = LINE ( 'NONE', #1792, #2901 ) ;
#752 = PLANE ( 'NONE',  #2386 ) ;
#753 = FACE_OUTER_BOUND ( 'NONE', #5818, .T. ) ;
#754 = PLANE ( 'NONE',  #1189 ) ;
#755 = ORIENTED_EDGE ( 'NONE', *, *, #1401, .T. ) ;
#756 = DIRECTION ( 'NONE',  ( 0.000000000000000000, 0.000000000000000000, 1.000000000000000000 ) ) ;
#757 = VERTEX_POINT ( 'NONE', #4176 ) ;
#758 = CARTESIAN_POINT ( 'NONE',  ( 5.374999999999990230, -0.2500000000000000000, -0.7499999999999998890 ) ) ;
#759 = CARTESIAN_POINT ( 'NONE',  ( 7.375000000000000888, 0.1250000000000000278, 0.000000000000000000 ) ) ;
#760 = EDGE_LOOP ( 'NONE', ( #1506, #4191, #3250, #2470 ) ) ;
#761 = LINE ( 'NONE', #1678, #2177 ) ;
#762 = CARTESIAN_POINT ( 'NONE',  ( 6.625000000000001776, 1.124999999999999778, 1.284999999999999920 ) ) ;
#763 = EDGE_CURVE ( 'NONE', #287, #6295, #1760, .T. ) ;
#764 = CARTESIAN_POINT ( 'NONE',  ( 6.375000000000001776, 0.7499999999999998890, 1.250000000000000000 ) ) ;
#765 = ORIENTED_EDGE ( 'NONE', *, *, #3649, .F. ) ;
#766 = DIRECTION ( 'NONE',  ( 1.000000000000000000, 0.000000000000000000, 0.000000000000000000 ) ) ;
#767 = EDGE_CURVE ( 'NONE', #4083, #4008, #3758, .T. ) ;
#768 = EDGE_CURVE ( 'NONE', #5863, #2314, #171, .T. ) ;
#769 = ORIENTED_EDGE ( 'NONE', *, *, #3493, .T. ) ;
#770 = CARTESIAN_POINT ( 'NONE',  ( 7.625000000000000888, 1.064999999999999503, 1.225000000000000089 ) ) ;
#771 = ORIENTED_EDGE ( 'NONE', *, *, #4795, .F. ) ;
#772 = AXIS2_PLACEMENT_3D ( 'NONE', #4126, #4614, #2594 ) ;
#773 = LINE ( 'NONE', #711, #4047 ) ;
#774 = LINE ( 'NONE', #647, #2787 ) ;
#775 = ADVANCED_FACE ( 'NONE', ( #753 ), #4276, .T. ) ;
#776 = EDGE_CURVE ( 'NONE', #2489, #4075, #3630, .T. ) ;
#777 = VECTOR ( 'NONE', #2201, 39.37007874015748854 ) ;
#778 = ORIENTED_EDGE ( 'NONE', *, *, #5787, .T. ) ;
#779 = DIRECTION ( 'NONE',  ( 0.000000000000000000, -0.000000000000000000, -1.000000000000000000 ) ) ;
#780 = VERTEX_POINT ( 'NONE', #1140 ) ;
#781 = CARTESIAN_POINT ( 'NONE',  ( 6.375000000000001776, 1.000000000000000000, 1.250000000000000000 ) ) ;
#782 = AXIS2_PLACEMENT_3D ( 'NONE', #4408, #1869, #1807 ) ;
#783 = DIRECTION ( 'NONE',  ( 4.370956789862818684E-16, 0.000000000000000000, -1.000000000000000000 ) ) ;
#784 = DIRECTION ( 'NONE',  ( -0.000000000000000000, -1.000000000000000000, -1.365923996832115871E-14 ) ) ;
#785 = EDGE_CURVE ( 'NONE', #2256, #51, #1697, .T. ) ;
#786 = CARTESIAN_POINT ( 'NONE',  ( 5.624999999999969802, -0.2500000000000000000, 1.625000000000000222 ) ) ;
#787 = ORIENTED_EDGE ( 'NONE', *, *, #3368, .F. ) ;
#788 = DIRECTION ( 'NONE',  ( -1.000000000000000000, 0.000000000000000000, -4.370956789862818684E-16 ) ) ;
#789 = ORIENTED_EDGE ( 'NONE', *, *, #141, .T. ) ;
#790 = EDGE_CURVE ( 'NONE', #757, #2026, #6127, .T. ) ;
#791 = LINE ( 'NONE', #5835, #4213 ) ;
#792 = ORIENTED_EDGE ( 'NONE', *, *, #3182, .F. ) ;
#793 = ORIENTED_EDGE ( 'NONE', *, *, #4987, .T. ) ;
#794 = DIRECTION ( 'NONE',  ( 0.000000000000000000, 0.7071067811865454633, 0.7071067811865494601 ) ) ;
#795 = DIRECTION ( 'NONE',  ( 0.000000000000000000, -0.000000000000000000, -1.000000000000000000 ) ) ;
#796 = PLANE ( 'NONE',  #2863 ) ;
#797 = VERTEX_POINT ( 'NONE', #1666 ) ;
#798 = CARTESIAN_POINT ( 'NONE',  ( 6.625000000000001776, 0.02499999999999973424, -1.224999999999999867 ) ) ;
#799 = ORIENTED_EDGE ( 'NONE', *, *, #2964, .T. ) ;
#800 = CYLINDRICAL_SURFACE ( 'NONE', #3837, 0.3705708661417323468 ) ;
#801 = AXIS2_PLACEMENT_3D ( 'NONE', #3978, #33, #1497 ) ;
#802 = ORIENTED_EDGE ( 'NONE', *, *, #2530, .F. ) ;
#803 = PLANE ( 'NONE',  #801 ) ;
#804 = ORIENTED_EDGE ( 'NONE', *, *, #3855, .F. ) ;
#805 = DIRECTION ( 'NONE',  ( 0.000000000000000000, -1.000000000000000000, -0.000000000000000000 ) ) ;
#806 = ORIENTED_EDGE ( 'NONE', *, *, #6076, .T. ) ;
#807 = EDGE_CURVE ( 'NONE', #3347, #6002, #3668, .T. ) ;
#808 = CARTESIAN_POINT ( 'NONE',  ( 7.375000000000000888, 0.5825317547305481902, 1.125000000000000000 ) ) ;
#809 = EDGE_CURVE ( 'NONE', #1801, #757, #5331, .T. ) ;
#810 = LINE ( 'NONE', #2347, #1133 ) ;
#811 = DIRECTION ( 'NONE',  ( 1.000000000000000000, 0.000000000000000000, 0.000000000000000000 ) ) ;
#812 = LINE ( 'NONE', #5129, #584 ) ;
#813 = VECTOR ( 'NONE', #4933, 39.37007874015748143 ) ;
#814 = DIRECTION ( 'NONE',  ( 0.000000000000000000, 1.000000000000000000, 0.000000000000000000 ) ) ;
#815 = ORIENTED_EDGE ( 'NONE', *, *, #305, .T. ) ;
#816 = EDGE_LOOP ( 'NONE', ( #4415, #5281, #769, #5403 ) ) ;
#817 = CIRCLE ( 'NONE', #301, 1.250000000000000000 ) ;
#818 = EDGE_CURVE ( 'NONE', #1286, #378, #3298, .T. ) ;
#819 = AXIS2_PLACEMENT_3D ( 'NONE', #3629, #5567, #2052 ) ;
#820 = VECTOR ( 'NONE', #2206, 39.37007874015748143 ) ;
#821 = DIRECTION ( 'NONE',  ( 1.000000000000000000, 0.000000000000000000, 0.000000000000000000 ) ) ;
#822 = VECTOR ( 'NONE', #2503, 39.37007874015748143 ) ;
#823 = VERTEX_POINT ( 'NONE', #867 ) ;
#824 = ORIENTED_EDGE ( 'NONE', *, *, #2539, .T. ) ;
#825 = DIRECTION ( 'NONE',  ( -1.000000000000000000, 0.000000000000000000, 0.000000000000000000 ) ) ;
#826 = ADVANCED_FACE ( 'NONE', ( #1850 ), #6001, .F. ) ;
#827 = DIRECTION ( 'NONE',  ( -1.000000000000000000, 0.000000000000000000, 0.000000000000000000 ) ) ;
#828 = DIRECTION ( 'NONE',  ( 0.000000000000000000, 0.7071067811865435759, 0.7071067811865513475 ) ) ;
#829 = ORIENTED_EDGE ( 'NONE', *, *, #5105, .F. ) ;
#830 = ORIENTED_EDGE ( 'NONE', *, *, #1246, .F. ) ;
#831 = CARTESIAN_POINT ( 'NONE',  ( 7.656496062992126816, -0.5000000000000002220, 0.9330708661417319583 ) ) ;
#832 = VECTOR ( 'NONE', #1173, 39.37007874015748854 ) ;
#833 = DIRECTION ( 'NONE',  ( 0.000000000000000000, 0.000000000000000000, 1.000000000000000000 ) ) ;
#834 = ORIENTED_EDGE ( 'NONE', *, *, #4197, .T. ) ;
#835 = ORIENTED_EDGE ( 'NONE', *, *, #6299, .F. ) ;
#836 = CARTESIAN_POINT ( 'NONE',  ( 7.375000000000000888, 1.124999999999999778, 1.674999999999999822 ) ) ;
#837 = ORIENTED_EDGE ( 'NONE', *, *, #174, .T. ) ;
#838 = AXIS2_PLACEMENT_3D ( 'NONE', #4796, #4365, #2781 ) ;
#839 = CARTESIAN_POINT ( 'NONE',  ( 5.624999999999969802, -0.2500000000000000000, -0.3749999999999992784 ) ) ;
#840 = FACE_BOUND ( 'NONE', #5351, .T. ) ;
#841 = EDGE_CURVE ( 'NONE', #1351, #5740, #1301, .T. ) ;
#842 = PLANE ( 'NONE',  #3139 ) ;
#843 = CARTESIAN_POINT ( 'NONE',  ( 7.375000000000000888, 0.000000000000000000, -1.750000000000000000 ) ) ;
#844 = VECTOR ( 'NONE', #2129, 39.37007874015748143 ) ;
#845 = EDGE_CURVE ( 'NONE', #504, #6236, #5887, .T. ) ;
#846 = FACE_OUTER_BOUND ( 'NONE', #4832, .T. ) ;
#847 = ADVANCED_FACE ( 'NONE', ( #5271 ), #842, .T. ) ;
#848 = ORIENTED_EDGE ( 'NONE', *, *, #3260, .F. ) ;
#849 = ORIENTED_EDGE ( 'NONE', *, *, #5375, .T. ) ;
#850 = LINE ( 'NONE', #1276, #3995 ) ;
#851 = EDGE_CURVE ( 'NONE', #314, #1701, #3903, .T. ) ;
#852 = ORIENTED_EDGE ( 'NONE', *, *, #6058, .T. ) ;
#853 = EDGE_LOOP ( 'NONE', ( #2884, #4727 ) ) ;
#854 = DIRECTION ( 'NONE',  ( 0.000000000000000000, 0.7071067811865489050, 0.7071067811865462405 ) ) ;
#855 = CARTESIAN_POINT ( 'NONE',  ( 5.624999999999969802, -0.2500000000000000000, -0.2499999999999998057 ) ) ;
#856 = VERTEX_POINT ( 'NONE', #2808 ) ;
#857 = EDGE_CURVE ( 'NONE', #3156, #5394, #4822, .T. ) ;
#858 = ORIENTED_EDGE ( 'NONE', *, *, #6147, .T. ) ;
#859 = LINE ( 'NONE', #2955, #813 ) ;
#860 = DIRECTION ( 'NONE',  ( 0.000000000000000000, 0.000000000000000000, 1.000000000000000000 ) ) ;
#861 = VERTEX_POINT ( 'NONE', #4912 ) ;
#862 = VECTOR ( 'NONE', #4446, 39.37007874015748143 ) ;
#863 = ORIENTED_EDGE ( 'NONE', *, *, #5745, .T. ) ;
#864 = LINE ( 'NONE', #3265, #5719 ) ;
#865 = PLANE ( 'NONE',  #5093 ) ;
#866 = DIRECTION ( 'NONE',  ( -0.000000000000000000, 0.000000000000000000, -1.000000000000000000 ) ) ;
#867 = CARTESIAN_POINT ( 'NONE',  ( 7.375000000000000888, 0.000000000000000000, -1.625000000000000000 ) ) ;
#868 = VECTOR ( 'NONE', #3767, 39.37007874015748143 ) ;
#869 = CARTESIAN_POINT ( 'NONE',  ( 5.374999999999969802, 0.06499999999999993283, -0.2249999999999990896 ) ) ;
#870 = CARTESIAN_POINT ( 'NONE',  ( 7.625000000000000888, 1.000000000000000000, 1.375000000000000000 ) ) ;
#871 = ORIENTED_EDGE ( 'NONE', *, *, #2799, .T. ) ;
#872 = AXIS2_PLACEMENT_3D ( 'NONE', #1849, #783, #2778 ) ;
#873 = ORIENTED_EDGE ( 'NONE', *, *, #3182, .T. ) ;
#874 = VERTEX_POINT ( 'NONE', #4792 ) ;
#875 = VECTOR ( 'NONE', #1570, 39.37007874015748143 ) ;
#876 = FACE_BOUND ( 'NONE', #1938, .T. ) ;
#877 = DIRECTION ( 'NONE',  ( 1.000000000000000000, 0.000000000000000000, 0.000000000000000000 ) ) ;
#878 = ORIENTED_EDGE ( 'NONE', *, *, #1878, .T. ) ;
#879 = ORIENTED_EDGE ( 'NONE', *, *, #6249, .T. ) ;
#880 = PLANE ( 'NONE',  #1650 ) ;
#881 = FACE_OUTER_BOUND ( 'NONE', #1443, .T. ) ;
#882 = EDGE_CURVE ( 'NONE', #1027, #6148, #899, .T. ) ;
#883 = EDGE_CURVE ( 'NONE', #2789, #1155, #933, .T. ) ;
#884 = CARTESIAN_POINT ( 'NONE',  ( 7.656496062992126816, -0.5000000000000001110, 0.06692913385826744499 ) ) ;
#885 = ORIENTED_EDGE ( 'NONE', *, *, #4443, .T. ) ;
#886 = ORIENTED_EDGE ( 'NONE', *, *, #2211, .T. ) ;
#887 = LINE ( 'NONE', #16, #4673 ) ;
#888 = EDGE_CURVE ( 'NONE', #2500, #4130, #3819, .T. ) ;
#889 = DIRECTION ( 'NONE',  ( 0.000000000000000000, 1.000000000000000000, -2.185478394931410180E-15 ) ) ;
#890 = VERTEX_POINT ( 'NONE', #5855 ) ;
#891 = UNCERTAINTY_MEASURE_WITH_UNIT (LENGTH_MEASURE( 1.000000000000000082E-05 ), #5095, 'distance_accuracy_value', 'NONE');
#892 = ORIENTED_EDGE ( 'NONE', *, *, #920, .T. ) ;
#893 = VECTOR ( 'NONE', #4975, 39.37007874015748143 ) ;
#894 = FACE_OUTER_BOUND ( 'NONE', #2259, .T. ) ;
#895 = VERTEX_POINT ( 'NONE', #1328 ) ;
#896 = PLANE ( 'NONE',  #3422 ) ;
#897 = EDGE_CURVE ( 'NONE', #3520, #3992, #2437, .T. ) ;
#898 = CARTESIAN_POINT ( 'NONE',  ( 5.999999999999999112, 0.7499999999999998890, -0.8749999999999997780 ) ) ;
#899 = LINE ( 'NONE', #4361, #1672 ) ;
#900 = DIRECTION ( 'NONE',  ( 0.000000000000000000, -1.000000000000000000, 0.000000000000000000 ) ) ;
#901 = LINE ( 'NONE', #264, #3770 ) ;
#902 = ORIENTED_EDGE ( 'NONE', *, *, #3366, .T. ) ;
#903 = ORIENTED_EDGE ( 'NONE', *, *, #4043, .T. ) ;
#904 = LINE ( 'NONE', #1426, #4575 ) ;
#905 = ORIENTED_EDGE ( 'NONE', *, *, #6203, .F. ) ;
#906 = DIRECTION ( 'NONE',  ( -1.000000000000000000, 0.000000000000000000, -4.370956789862818684E-16 ) ) ;
#907 = VECTOR ( 'NONE', #2049, 39.37007874015748143 ) ;
#908 = DIRECTION ( 'NONE',  ( 0.000000000000000000, 0.7071067811865490160, -0.7071067811865459074 ) ) ;
#909 = AXIS2_PLACEMENT_3D ( 'NONE', #2464, #5948, #2994 ) ;
#910 = ORIENTED_EDGE ( 'NONE', *, *, #3341, .F. ) ;
#911 = ORIENTED_EDGE ( 'NONE', *, *, #6378, .T. ) ;
#912 = VECTOR ( 'NONE', #906, 39.37007874015748143 ) ;
#913 = AXIS2_PLACEMENT_3D ( 'NONE', #3689, #5236, #1718 ) ;
#914 = DIRECTION ( 'NONE',  ( 1.000000000000000000, -0.000000000000000000, -0.000000000000000000 ) ) ;
#915 = LINE ( 'NONE', #2919, #1659 ) ;
#916 = LINE ( 'NONE', #6393, #5153 ) ;
#917 = AXIS2_PLACEMENT_3D ( 'NONE', #4342, #2880, #6325 ) ;
#918 = VERTEX_POINT ( 'NONE', #353 ) ;
#919 = VECTOR ( 'NONE', #4377, 39.37007874015748143 ) ;
#920 = EDGE_CURVE ( 'NONE', #3465, #1425, #2348, .T. ) ;
#921 = EDGE_CURVE ( 'NONE', #2774, #4769, #1794, .T. ) ;
#922 = ORIENTED_EDGE ( 'NONE', *, *, #696, .T. ) ;
#923 = DIRECTION ( 'NONE',  ( -1.000000000000000000, 0.000000000000000000, 0.000000000000000000 ) ) ;
#924 = VECTOR ( 'NONE', #4818, 39.37007874015748143 ) ;
#925 = DIRECTION ( 'NONE',  ( 0.000000000000000000, 1.000000000000000000, 0.000000000000000000 ) ) ;
#926 = ORIENTED_EDGE ( 'NONE', *, *, #4443, .F. ) ;
#927 = EDGE_CURVE ( 'NONE', #4210, #6110, #418, .T. ) ;
#929 = ORIENTED_EDGE ( 'NONE', *, *, #5769, .T. ) ;
#928 = VECTOR ( 'NONE', #2686, 39.37007874015748854 ) ;
#930 = DIRECTION ( 'NONE',  ( -0.000000000000000000, 0.000000000000000000, -1.000000000000000000 ) ) ;
#931 = DIRECTION ( 'NONE',  ( 1.000000000000000000, -0.000000000000000000, -0.000000000000000000 ) ) ;
#932 = CARTESIAN_POINT ( 'NONE',  ( 6.375000000000001776, 0.000000000000000000, -1.625000000000000000 ) ) ;
#933 = LINE ( 'NONE', #6286, #4277 ) ;
#934 = CARTESIAN_POINT ( 'NONE',  ( 6.625000000000001776, 0.1249999999999999445, 0.000000000000000000 ) ) ;
#935 = EDGE_CURVE ( 'NONE', #5401, #6036, #4002, .T. ) ;
#936 = VERTEX_POINT ( 'NONE', #1458 ) ;
#937 = CIRCLE ( 'NONE', #5218, 0.3705708661417323468 ) ;
#938 = VERTEX_POINT ( 'NONE', #5983 ) ;
#939 = CARTESIAN_POINT ( 'NONE',  ( 5.875000000000000888, 0.7499999999999998890, 1.875000000000000000 ) ) ;
#940 = ORIENTED_EDGE ( 'NONE', *, *, #5028, .T. ) ;
#941 = DIRECTION ( 'NONE',  ( 0.000000000000000000, 0.7071067811865459074, -0.7071067811865491270 ) ) ;
#942 = VECTOR ( 'NONE', #600, 39.37007874015748143 ) ;
#943 = LINE ( 'NONE', #2945, #1606 ) ;
#944 = EDGE_CURVE ( 'NONE', #4322, #5220, #1452, .T. ) ;
#945 = LINE ( 'NONE', #363, #5628 ) ;
#946 = VERTEX_POINT ( 'NONE', #997 ) ;
#947 = ORIENTED_EDGE ( 'NONE', *, *, #5133, .T. ) ;
#948 = CARTESIAN_POINT ( 'NONE',  ( 6.625000000000001776, 0.1250000000000000278, 0.000000000000000000 ) ) ;
#949 = CARTESIAN_POINT ( 'NONE',  ( 5.374999999999969802, -0.3749999999999999445, 1.750000000000000222 ) ) ;
#950 = CARTESIAN_POINT ( 'NONE',  ( 7.625000000000000888, -0.2500000000000000000, -1.750000000000000000 ) ) ;
#951 = ORIENTED_EDGE ( 'NONE', *, *, #4231, .T. ) ;
#952 = ORIENTED_EDGE ( 'NONE', *, *, #4388, .F. ) ;
#953 = EDGE_CURVE ( 'NONE', #5924, #823, #3454, .T. ) ;
#954 = CARTESIAN_POINT ( 'NONE',  ( 5.624999999999969802, 0.06499999999999993283, 1.775000000000000355 ) ) ;
#955 = DIRECTION ( 'NONE',  ( 0.000000000000000000, 0.000000000000000000, -1.000000000000000000 ) ) ;
#956 = VECTOR ( 'NONE', #4391, 39.37007874015748143 ) ;
#957 = ORIENTED_EDGE ( 'NONE', *, *, #1720, .F. ) ;
#958 = EDGE_LOOP ( 'NONE', ( #1219, #5260, #2001, #804 ) ) ;
#959 = LINE ( 'NONE', #473, #5906 ) ;
#960 = ORIENTED_EDGE ( 'NONE', *, *, #4079, .F. ) ;
#961 = LINE ( 'NONE', #2965, #2286 ) ;
#962 = CARTESIAN_POINT ( 'NONE',  ( 7.625000000000000888, 0.000000000000000000, -1.750000000000000000 ) ) ;
#963 = EDGE_CURVE ( 'NONE', #3792, #3433, #1980, .T. ) ;
#964 = LINE ( 'NONE', #3970, #5709 ) ;
#965 = EDGE_CURVE ( 'NONE', #3713, #4631, #1520, .T. ) ;
#966 = DIRECTION ( 'NONE',  ( 0.000000000000000000, 0.000000000000000000, -1.000000000000000000 ) ) ;
#967 = VECTOR ( 'NONE', #4649, 39.37007874015748143 ) ;
#968 = EDGE_LOOP ( 'NONE', ( #123, #284, #2520, #2027 ) ) ;
#969 = CARTESIAN_POINT ( 'NONE',  ( 6.375000000000000888, -0.6832349937381949623, -0.7364970428875938779 ) ) ;
#970 = VERTEX_POINT ( 'NONE', #612 ) ;
#971 = DIRECTION ( 'NONE',  ( 0.000000000000000000, 0.000000000000000000, -1.000000000000000000 ) ) ;
#972 = CARTESIAN_POINT ( 'NONE',  ( 6.625000000000001776, 1.000000000000000000, -0.2499999999999998057 ) ) ;
#973 = AXIS2_PLACEMENT_3D ( 'NONE', #6356, #1830, #5774 ) ;
#974 = PLANE ( 'NONE',  #4997 ) ;
#975 = EDGE_CURVE ( 'NONE', #4268, #4097, #5011, .T. ) ;
#976 = LINE ( 'NONE', #2980, #1079 ) ;
#977 = VECTOR ( 'NONE', #5679, 39.37007874015748143 ) ;
#978 = FACE_OUTER_BOUND ( 'NONE', #2484, .T. ) ;
#979 = VERTEX_POINT ( 'NONE', #2505 ) ;
#980 = ORIENTED_EDGE ( 'NONE', *, *, #2770, .F. ) ;
#981 = CARTESIAN_POINT ( 'NONE',  ( 7.375000000000000888, -0.5000000000000001110, 0.4999999999999997224 ) ) ;
#982 = ADVANCED_FACE ( 'NONE', ( #4454 ), #1030, .T. ) ;
#983 = AXIS2_PLACEMENT_3D ( 'NONE', #3896, #5881, #2310 ) ;
#984 = LINE ( 'NONE', #2454, #3486 ) ;
#985 = CARTESIAN_POINT ( 'NONE',  ( 5.875000000000000888, -0.5000000000000001110, 0.4999999999999997224 ) ) ;
#986 = DIRECTION ( 'NONE',  ( -1.000000000000000000, 0.000000000000000000, -1.365923996832131363E-16 ) ) ;
#987 = ORIENTED_EDGE ( 'NONE', *, *, #4125, .F. ) ;
#988 = CARTESIAN_POINT ( 'NONE',  ( 6.625000000000001776, 1.000000000000000000, 1.749999999999999556 ) ) ;
#989 = DIRECTION ( 'NONE',  ( -1.000000000000000000, 0.000000000000000000, 0.000000000000000000 ) ) ;
#990 = ORIENTED_EDGE ( 'NONE', *, *, #3773, .F. ) ;
#991 = CARTESIAN_POINT ( 'NONE',  ( 6.375000000000001776, 0.7499999999999998890, 1.250000000000000000 ) ) ;
#992 = ORIENTED_EDGE ( 'NONE', *, *, #3499, .T. ) ;
#993 = CARTESIAN_POINT ( 'NONE',  ( 7.625000000000000888, 1.024999999999999689, -0.7749999999999994671 ) ) ;
#994 = ORIENTED_EDGE ( 'NONE', *, *, #749, .F. ) ;
#995 = CARTESIAN_POINT ( 'NONE',  ( 6.375000000000001776, -0.9037585072564968680, 0.7967048232600667523 ) ) ;
#996 = DIRECTION ( 'NONE',  ( -0.000000000000000000, -1.000000000000000000, -6.829619984160730819E-15 ) ) ;
#997 = CARTESIAN_POINT ( 'NONE',  ( 6.375000000000001776, -0.2500000000000000000, -1.374999999999999778 ) ) ;
#998 = DIRECTION ( 'NONE',  ( 0.000000000000000000, 0.000000000000000000, 1.000000000000000000 ) ) ;
#999 = VECTOR ( 'NONE', #3921, 39.37007874015748143 ) ;
#1000 = ORIENTED_EDGE ( 'NONE', *, *, #4815, .F. ) ;
#1001 = EDGE_CURVE ( 'NONE', #5860, #6091, #5462, .T. ) ;
#1002 = EDGE_CURVE ( 'NONE', #4381, #4404, #964, .T. ) ;
#1003 = FACE_OUTER_BOUND ( 'NONE', #3724, .T. ) ;
#1004 = EDGE_LOOP ( 'NONE', ( #4663, #601, #1821, #2641 ) ) ;
#1005 = FACE_OUTER_BOUND ( 'NONE', #2817, .T. ) ;
#1006 = DIRECTION ( 'NONE',  ( 0.000000000000000000, 0.000000000000000000, 1.000000000000000000 ) ) ;
#1007 = CARTESIAN_POINT ( 'NONE',  ( 7.375000000000000888, 1.064999999999999503, 1.225000000000000089 ) ) ;
#1008 = DIRECTION ( 'NONE',  ( 0.000000000000000000, 0.000000000000000000, 1.000000000000000000 ) ) ;
#1009 = ADVANCED_FACE ( 'NONE', ( #2968 ), #56, .T. ) ;
#1010 = VERTEX_POINT ( 'NONE', #94 ) ;
#1011 = ORIENTED_EDGE ( 'NONE', *, *, #381, .T. ) ;
#1012 = DIRECTION ( 'NONE',  ( 1.000000000000000000, 0.000000000000000000, -0.000000000000000000 ) ) ;
#1013 = LINE ( 'NONE', #524, #3898 ) ;
#1014 = ORIENTED_EDGE ( 'NONE', *, *, #1820, .F. ) ;
#1015 = VECTOR ( 'NONE', #5846, 39.37007874015748143 ) ;
#1016 = DIRECTION ( 'NONE',  ( 0.000000000000000000, 0.000000000000000000, -1.000000000000000000 ) ) ;
#1017 = CARTESIAN_POINT ( 'NONE',  ( 7.875039370078741108, 0.1634595704905431601, 1.559396714325895772 ) ) ;
#1018 = ADVANCED_FACE ( 'NONE', ( #5043 ), #477, .T. ) ;
#1019 = ORIENTED_EDGE ( 'NONE', *, *, #4005, .T. ) ;
#1020 = CARTESIAN_POINT ( 'NONE',  ( 7.375000000000000888, 0.5825317547305481902, 1.124999999999999778 ) ) ;
#1021 = VECTOR ( 'NONE', #5651, 39.37007874015748143 ) ;
#1022 = VECTOR ( 'NONE', #3882, 39.37007874015748143 ) ;
#1023 = CARTESIAN_POINT ( 'NONE',  ( 6.375000000000001776, 1.024999999999999689, -0.7749999999999994671 ) ) ;
#1024 = EDGE_LOOP ( 'NONE', ( #2039, #673, #2445, #3578 ) ) ;
#1025 = ORIENTED_EDGE ( 'NONE', *, *, #3456, .T. ) ;
#1026 = DIRECTION ( 'NONE',  ( 0.000000000000000000, -1.000000000000000000, 0.000000000000000000 ) ) ;
#1027 = VERTEX_POINT ( 'NONE', #4974 ) ;
#1028 = CARTESIAN_POINT ( 'NONE',  ( 7.375000000000000888, 0.000000000000000000, -1.774999999999999689 ) ) ;
#1029 = CARTESIAN_POINT ( 'NONE',  ( 6.625000000000001776, 1.024999999999999911, 1.224999999999999867 ) ) ;
#1030 = PLANE ( 'NONE',  #5703 ) ;
#1031 = CARTESIAN_POINT ( 'NONE',  ( 7.375000000000000888, 1.000000000000000000, -0.6249999999999996669 ) ) ;
#1032 = CARTESIAN_POINT ( 'NONE',  ( 5.374999999999969802, 1.000000000000000000, -0.3750000000000001110 ) ) ;
#1033 = EDGE_LOOP ( 'NONE', ( #5849, #4657, #4238, #388 ) ) ;
#1034 = DIRECTION ( 'NONE',  ( 0.000000000000000000, 1.000000000000000000, 0.000000000000000000 ) ) ;
#1035 = LINE ( 'NONE', #4983, #2279 ) ;
#1036 = ADVANCED_FACE ( 'NONE', ( #2468 ), #3588, .T. ) ;
#1037 = DIRECTION ( 'NONE',  ( 0.000000000000000000, -1.000000000000000000, -0.000000000000000000 ) ) ;
#1038 = EDGE_CURVE ( 'NONE', #617, #2905, #5077, .T. ) ;
#1039 = EDGE_CURVE ( 'NONE', #797, #220, #1096, .T. ) ;
#1040 = CARTESIAN_POINT ( 'NONE',  ( 7.375000000000000888, 0.000000000000000000, -1.750000000000000000 ) ) ;
#1041 = DIRECTION ( 'NONE',  ( -1.000000000000000000, 0.000000000000000000, 0.000000000000000000 ) ) ;
#1042 = ORIENTED_EDGE ( 'NONE', *, *, #5199, .F. ) ;
#1043 = ORIENTED_EDGE ( 'NONE', *, *, #5902, .F. ) ;
#1044 = VECTOR ( 'NONE', #39, 39.37007874015748143 ) ;
#1045 = CARTESIAN_POINT ( 'NONE',  ( 6.375000000000001776, 1.124999999999999778, 1.324999999999999956 ) ) ;
#1046 = CARTESIAN_POINT ( 'NONE',  ( 5.624999999999969802, 0.06499999999999993283, -0.7750000000000002442 ) ) ;
#1047 = EDGE_CURVE ( 'NONE', #2299, #2363, #5921, .T. ) ;
#1048 = CARTESIAN_POINT ( 'NONE',  ( 6.625000000000001776, 1.124999999999999556, -0.7149999999999996358 ) ) ;
#1049 = EDGE_CURVE ( 'NONE', #4063, #718, #1488, .T. ) ;
#1050 = CARTESIAN_POINT ( 'NONE',  ( 5.875000000000000888, -0.9336610732109797972, 0.7488736096525724362 ) ) ;
#1051 = ORIENTED_EDGE ( 'NONE', *, *, #4041, .T. ) ;
#1052 = LINE ( 'NONE', #6106, #5713 ) ;
#1053 = CARTESIAN_POINT ( 'NONE',  ( 5.875000000000000888, -0.5000000000000002220, 1.124999999999999556 ) ) ;
#1054 = ORIENTED_EDGE ( 'NONE', *, *, #297, .F. ) ;
#1055 = ADVANCED_FACE ( 'NONE', ( #5631 ), #2183, .T. ) ;
#1056 = DIRECTION ( 'NONE',  ( -1.000000000000000000, 0.000000000000000000, 0.000000000000000000 ) ) ;
#1057 = ORIENTED_EDGE ( 'NONE', *, *, #6387, .T. ) ;
#1058 = VERTEX_POINT ( 'NONE', #3750 ) ;
#1059 = LINE ( 'NONE', #3686, #4560 ) ;
#1060 = ORIENTED_EDGE ( 'NONE', *, *, #3884, .T. ) ;
#1061 = DIRECTION ( 'NONE',  ( 0.000000000000000000, 0.000000000000000000, -1.000000000000000000 ) ) ;
#1062 = CARTESIAN_POINT ( 'NONE',  ( 7.625000000000000888, 0.000000000000000000, -1.625000000000000000 ) ) ;
#1063 = DIRECTION ( 'NONE',  ( 0.000000000000000000, -0.7071067811865435759, 0.7071067811865513475 ) ) ;
#1064 = DIRECTION ( 'NONE',  ( 0.000000000000000000, 0.000000000000000000, 1.000000000000000000 ) ) ;
#1065 = DIRECTION ( 'NONE',  ( -0.000000000000000000, -1.000000000000000000, -3.414809992080307034E-15 ) ) ;
#1066 = VERTEX_POINT ( 'NONE', #4626 ) ;
#1067 = LINE ( 'NONE', #3593, #347 ) ;
#1068 = LINE ( 'NONE', #3071, #1231 ) ;
#1069 = DIRECTION ( 'NONE',  ( 0.000000000000000000, -0.7071067811865494601, -0.7071067811865454633 ) ) ;
#1070 = DIRECTION ( 'NONE',  ( 0.000000000000000000, 0.000000000000000000, 1.000000000000000000 ) ) ;
#1071 = LINE ( 'NONE', #3316, #5252 ) ;
#1072 = LINE ( 'NONE', #1007, #4105 ) ;
#1073 = FACE_OUTER_BOUND ( 'NONE', #958, .T. ) ;
#1074 = EDGE_LOOP ( 'NONE', ( #3951, #1649, #1713, #1716 ) ) ;
#1075 = ORIENTED_EDGE ( 'NONE', *, *, #3323, .F. ) ;
#1076 = AXIS2_PLACEMENT_3D ( 'NONE', #4479, #4062, #955 ) ;
#1077 = LINE ( 'NONE', #949, #6152 ) ;
#1078 = LINE ( 'NONE', #1473, #6392 ) ;
#1079 = VECTOR ( 'NONE', #5470, 39.37007874015748143 ) ;
#1080 = FACE_OUTER_BOUND ( 'NONE', #2147, .T. ) ;
#1081 = VERTEX_POINT ( 'NONE', #2152 ) ;
#1082 = EDGE_CURVE ( 'NONE', #2676, #5821, #3262, .T. ) ;
#1083 = LINE ( 'NONE', #45, #5610 ) ;
#1084 = ADVANCED_FACE ( 'NONE', ( #2739 ), #646, .T. ) ;
#1085 = VECTOR ( 'NONE', #2391, 39.37007874015748143 ) ;
#1086 = DIRECTION ( 'NONE',  ( -0.000000000000000000, -0.7071067811865435759, -0.7071067811865513475 ) ) ;
#1087 = PLANE ( 'NONE',  #4510 ) ;
#1088 = VERTEX_POINT ( 'NONE', #3719 ) ;
#1089 = ORIENTED_EDGE ( 'NONE', *, *, #2478, .F. ) ;
#1090 = ORIENTED_EDGE ( 'NONE', *, *, #648, .T. ) ;
#1091 = DIRECTION ( 'NONE',  ( 0.000000000000000000, -1.000000000000000000, 0.000000000000000000 ) ) ;
#1092 = EDGE_CURVE ( 'NONE', #874, #5945, #745, .T. ) ;
#1093 = EDGE_LOOP ( 'NONE', ( #5495, #5723, #5738, #2078 ) ) ;
#1094 = LINE ( 'NONE', #4257, #2810 ) ;
#1095 = CARTESIAN_POINT ( 'NONE',  ( 5.374999999999969802, 0.06499999999999993283, 1.775000000000000355 ) ) ;
#1096 = LINE ( 'NONE', #1944, #608 ) ;
#1097 = LINE ( 'NONE', #4522, #3923 ) ;
#1098 = CARTESIAN_POINT ( 'NONE',  ( 5.875000000000000000, -0.3749999999999999445, 1.124999999999999778 ) ) ;
#1099 = EDGE_CURVE ( 'NONE', #4027, #6158, #2217, .T. ) ;
#1100 = ORIENTED_EDGE ( 'NONE', *, *, #663, .F. ) ;
#1101 = FACE_OUTER_BOUND ( 'NONE', #1983, .T. ) ;
#1102 = DIRECTION ( 'NONE',  ( 0.000000000000000000, 0.000000000000000000, 1.000000000000000000 ) ) ;
#1103 = DIRECTION ( 'NONE',  ( -0.000000000000000000, 0.000000000000000000, -1.000000000000000000 ) ) ;
#1104 = DIRECTION ( 'NONE',  ( 0.000000000000000000, 0.000000000000000000, 1.000000000000000000 ) ) ;
#1105 = CARTESIAN_POINT ( 'NONE',  ( 6.375000000000001776, 0.000000000000000000, -1.750000000000000000 ) ) ;
#1106 = EDGE_LOOP ( 'NONE', ( #3764, #5899, #3733, #4736 ) ) ;
#1107 = VECTOR ( 'NONE', #5662, 39.37007874015748143 ) ;
#1108 = LINE ( 'NONE', #4183, #2239 ) ;
#1109 = DIRECTION ( 'NONE',  ( 0.000000000000000000, 0.000000000000000000, -1.000000000000000000 ) ) ;
#1110 = CARTESIAN_POINT ( 'NONE',  ( 6.375000000000000888, 0.5825317547305483012, -0.1250000000000001943 ) ) ;
#1111 = CARTESIAN_POINT ( 'NONE',  ( 5.624999999999969802, -0.2500000000000000000, -0.3249999999999992895 ) ) ;
#1112 = VERTEX_POINT ( 'NONE', #6085 ) ;
#1113 = CARTESIAN_POINT ( 'NONE',  ( 7.375000000000000888, 1.000000000000000000, 1.375000000000000000 ) ) ;
#1114 = CARTESIAN_POINT ( 'NONE',  ( 6.375000000000001776, 0.7499999999999998890, 1.750000000000000222 ) ) ;
#1115 = CARTESIAN_POINT ( 'NONE',  ( 7.375000000000000888, -0.5000000000000001110, 0.06692913385826744499 ) ) ;
#1116 = VECTOR ( 'NONE', #3815, 39.37007874015748143 ) ;
#1117 = ORIENTED_EDGE ( 'NONE', *, *, #4595, .T. ) ;
#1118 = ADVANCED_FACE ( 'NONE', ( #1264 ), #5693, .F. ) ;
#1119 = EDGE_CURVE ( 'NONE', #2087, #6432, #773, .T. ) ;
#1120 = EDGE_LOOP ( 'NONE', ( #2833, #2143, #3798, #3365 ) ) ;
#1121 = ORIENTED_EDGE ( 'NONE', *, *, #559, .F. ) ;
#1122 = VECTOR ( 'NONE', #4477, 39.37007874015748143 ) ;
#1123 = CARTESIAN_POINT ( 'NONE',  ( 6.625000000000001776, 0.6249999999999998890, -0.6249999999999956701 ) ) ;
#1124 = EDGE_LOOP ( 'NONE', ( #2434, #2032, #1306, #5138 ) ) ;
#1125 = CARTESIAN_POINT ( 'NONE',  ( 7.375000000000000888, 1.064999999999999947, -0.7749999999999996891 ) ) ;
#1126 = VECTOR ( 'NONE', #4042, 39.37007874015748143 ) ;
#1127 = LINE ( 'NONE', #54, #6436 ) ;
#1128 = FACE_OUTER_BOUND ( 'NONE', #4689, .T. ) ;
#1129 = CARTESIAN_POINT ( 'NONE',  ( 7.625000000000000888, 0.6249999999999998890, -0.6249999999999956701 ) ) ;
#1130 = CARTESIAN_POINT ( 'NONE',  ( 5.410933533193318823, -0.4199335688118602805, -0.1249999999999985151 ) ) ;
#1131 = EDGE_CURVE ( 'NONE', #5365, #1351, #5595, .T. ) ;
#1132 = AXIS2_PLACEMENT_3D ( 'NONE', #5228, #4032, #1551 ) ;
#1133 = VECTOR ( 'NONE', #5793, 39.37007874015748854 ) ;
#1134 = ORIENTED_EDGE ( 'NONE', *, *, #3780, .F. ) ;
#1135 = FACE_OUTER_BOUND ( 'NONE', #4811, .T. ) ;
#1136 = ORIENTED_EDGE ( 'NONE', *, *, #3780, .T. ) ;
#1137 = CARTESIAN_POINT ( 'NONE',  ( 6.375000000000001776, 0.1250000000000000278, -1.675000000000000044 ) ) ;
#1138 = CARTESIAN_POINT ( 'NONE',  ( 5.875000000000000888, -0.2500000000000000000, -1.875000000000000000 ) ) ;
#1139 = AXIS2_PLACEMENT_3D ( 'NONE', #1984, #3519, #5465 ) ;
#1140 = CARTESIAN_POINT ( 'NONE',  ( 7.375000000000000888, -0.2500000000000000000, -1.750000000000000000 ) ) ;
#1141 = ADVANCED_FACE ( 'NONE', ( #2245 ), #3231, .T. ) ;
#1142 = DIRECTION ( 'NONE',  ( 1.000000000000000000, 0.000000000000000000, 0.000000000000000000 ) ) ;
#1143 = CARTESIAN_POINT ( 'NONE',  ( 7.875000000000000888, 1.000000000000000222, 1.624999999999999778 ) ) ;
#1144 = ORIENTED_EDGE ( 'NONE', *, *, #4714, .T. ) ;
#1145 = VECTOR ( 'NONE', #484, 39.37007874015748143 ) ;
#1146 = CARTESIAN_POINT ( 'NONE',  ( 7.875000000000000888, -0.2500000000000000000, -1.374999999999999778 ) ) ;
#1147 = DIRECTION ( 'NONE',  ( 0.000000000000000000, 0.9652498052956552943, 0.2613289371208241119 ) ) ;
#1148 = SURFACE_STYLE_FILL_AREA ( #5648 ) ;
#1149 = FACE_BOUND ( 'NONE', #277, .T. ) ;
#1150 = ORIENTED_EDGE ( 'NONE', *, *, #1099, .F. ) ;
#1151 = AXIS2_PLACEMENT_3D ( 'NONE', #5870, #5836, #1403 ) ;
#1152 = LINE ( 'NONE', #3539, #6434 ) ;
#1153 = CARTESIAN_POINT ( 'NONE',  ( 7.625000000000000888, 1.024999999999999689, -0.2250000000000001998 ) ) ;
#1154 = FACE_OUTER_BOUND ( 'NONE', #3354, .T. ) ;
#1155 = VERTEX_POINT ( 'NONE', #1198 ) ;
#1156 = VECTOR ( 'NONE', #6131, 39.37007874015748143 ) ;
#1157 = LINE ( 'NONE', #705, #942 ) ;
#1158 = EDGE_CURVE ( 'NONE', #702, #1058, #5210, .T. ) ;
#1159 = ORIENTED_EDGE ( 'NONE', *, *, #2815, .T. ) ;
#1160 = EDGE_LOOP ( 'NONE', ( #2176, #3096, #4059, #2392 ) ) ;
#1161 = DIRECTION ( 'NONE',  ( 1.000000000000000000, -0.000000000000000000, -0.000000000000000000 ) ) ;
#1162 = ORIENTED_EDGE ( 'NONE', *, *, #100, .T. ) ;
#1163 = CARTESIAN_POINT ( 'NONE',  ( 7.625000000000000888, 1.000000000000000000, -0.7499999999999996669 ) ) ;
#1164 = DIRECTION ( 'NONE',  ( -1.000000000000000000, 0.000000000000000000, 4.370956789862818684E-16 ) ) ;
#1165 = DIRECTION ( 'NONE',  ( 0.000000000000000000, -0.000000000000000000, -1.000000000000000000 ) ) ;
#1166 = ORIENTED_EDGE ( 'NONE', *, *, #3266, .F. ) ;
#1167 = DIRECTION ( 'NONE',  ( -1.000000000000000000, 0.000000000000000000, 0.000000000000000000 ) ) ;
#1168 = ORIENTED_EDGE ( 'NONE', *, *, #3518, .T. ) ;
#1169 = CARTESIAN_POINT ( 'NONE',  ( 5.374999999999969802, 0.7499999999999998890, -0.6749999999999996003 ) ) ;
#1170 = EDGE_CURVE ( 'NONE', #5799, #5263, #252, .T. ) ;
#1171 = DIRECTION ( 'NONE',  ( 0.000000000000000000, -1.000000000000000000, -0.000000000000000000 ) ) ;
#1172 = EDGE_CURVE ( 'NONE', #4904, #1845, #163, .T. ) ;
#1173 = DIRECTION ( 'NONE',  ( 0.000000000000000000, -0.7071067811865435759, 0.7071067811865513475 ) ) ;
#1174 = AXIS2_PLACEMENT_3D ( 'NONE', #6372, #3453, #1979 ) ;
#1175 = CARTESIAN_POINT ( 'NONE',  ( 6.375000000000001776, 0.7499999999999998890, 1.375000000000000000 ) ) ;
#1176 = CARTESIAN_POINT ( 'NONE',  ( 5.875000000000000000, -0.3749999999999999445, 1.605662432702577469 ) ) ;
#1177 = VERTEX_POINT ( 'NONE', #2118 ) ;
#1178 = ADVANCED_FACE ( 'NONE', ( #4103 ), #6117, .T. ) ;
#1179 = CARTESIAN_POINT ( 'NONE',  ( 7.375000000000000888, 1.064999999999999947, -0.2250000000000000611 ) ) ;
#1180 = CARTESIAN_POINT ( 'NONE',  ( 5.875000000000000888, -0.3749999999999999445, -1.875000000000000000 ) ) ;
#1181 = FACE_OUTER_BOUND ( 'NONE', #2432, .T. ) ;
#1182 = CYLINDRICAL_SURFACE ( 'NONE', #2236, 0.4330708661417322913 ) ;
#1183 = VECTOR ( 'NONE', #6447, 39.37007874015748143 ) ;
#1184 = ORIENTED_EDGE ( 'NONE', *, *, #5608, .T. ) ;
#1185 = DIRECTION ( 'NONE',  ( 0.000000000000000000, -1.000000000000000000, -0.000000000000000000 ) ) ;
#1186 = CARTESIAN_POINT ( 'NONE',  ( 7.375000000000000888, -0.5800000000000000711, -0.5800000000000021805 ) ) ;
#1187 = ADVANCED_FACE ( 'NONE', ( #6214 ), #5145, .F. ) ;
#1188 = CARTESIAN_POINT ( 'NONE',  ( 5.539982423922845456, -0.5000000000000002220, 1.124999999999999556 ) ) ;
#1189 = AXIS2_PLACEMENT_3D ( 'NONE', #5675, #3209, #2161 ) ;
#1190 = DIRECTION ( 'NONE',  ( 0.000000000000000000, -1.000000000000000000, -0.000000000000000000 ) ) ;
#1191 = VERTEX_POINT ( 'NONE', #4660 ) ;
#1192 = LINE ( 'NONE', #3581, #1460 ) ;
#1193 = ORIENTED_EDGE ( 'NONE', *, *, #841, .F. ) ;
#1194 = AXIS2_PLACEMENT_3D ( 'NONE', #2622, #2749, #4733 ) ;
#1195 = CARTESIAN_POINT ( 'NONE',  ( 6.625000000000001776, 1.000000000000000000, -0.2500000000000000555 ) ) ;
#1196 = EDGE_LOOP ( 'NONE', ( #4316, #372, #322, #886 ) ) ;
#1197 = DIRECTION ( 'NONE',  ( 0.000000000000000000, 0.000000000000000000, 1.000000000000000000 ) ) ;
#1198 = CARTESIAN_POINT ( 'NONE',  ( 7.625000000000000888, 0.1249999999999999445, -1.324999999999999734 ) ) ;
#1199 = CARTESIAN_POINT ( 'NONE',  ( 7.375000000000000888, 1.064999999999999503, 1.225000000000000089 ) ) ;
#1200 = EDGE_LOOP ( 'NONE', ( #2327, #6331, #3701, #675 ) ) ;
#1201 = PLANE ( 'NONE',  #5201 ) ;
#1202 = ORIENTED_EDGE ( 'NONE', *, *, #5954, .F. ) ;
#1203 = FACE_OUTER_BOUND ( 'NONE', #5775, .T. ) ;
#1204 = CARTESIAN_POINT ( 'NONE',  ( 5.875000000000000888, -0.5000000000000002220, 0.1294291338582674034 ) ) ;
#1205 = VECTOR ( 'NONE', #3063, 39.37007874015748143 ) ;
#1206 = EDGE_CURVE ( 'NONE', #4287, #946, #1690, .T. ) ;
#1207 = CARTESIAN_POINT ( 'NONE',  ( 5.624999999999969802, 0.02499999999999945668, 1.225000000000000089 ) ) ;
#1208 = EDGE_CURVE ( 'NONE', #2671, #2352, #5573, .T. ) ;
#1209 = LINE ( 'NONE', #1241, #844 ) ;
#1210 = ORIENTED_EDGE ( 'NONE', *, *, #4883, .T. ) ;
#1211 = AXIS2_PLACEMENT_3D ( 'NONE', #3851, #2373, #5332 ) ;
#1212 = LINE ( 'NONE', #5192, #2242 ) ;
#1213 = CARTESIAN_POINT ( 'NONE',  ( 7.375000000000000888, 1.024999999999999689, -0.7749999999999994671 ) ) ;
#1214 = EDGE_CURVE ( 'NONE', #4809, #6002, #1108, .T. ) ;
#1215 = VECTOR ( 'NONE', #2012, 39.37007874015748143 ) ;
#1216 = VERTEX_POINT ( 'NONE', #1179 ) ;
#1217 = CARTESIAN_POINT ( 'NONE',  ( 7.625000000000000888, 1.024999999999999911, 1.224999999999999867 ) ) ;
#1218 = CARTESIAN_POINT ( 'NONE',  ( 7.375000000000000888, 1.124999999999999778, 1.714999999999999858 ) ) ;
#1219 = ORIENTED_EDGE ( 'NONE', *, *, #2733, .F. ) ;
#1220 = CARTESIAN_POINT ( 'NONE',  ( 5.875000000000000888, 0.7499999999999998890, -0.8749999999999997780 ) ) ;
#1221 = EDGE_CURVE ( 'NONE', #1155, #450, #628, .T. ) ;
#1222 = FACE_OUTER_BOUND ( 'NONE', #5584, .T. ) ;
#1223 = ORIENTED_EDGE ( 'NONE', *, *, #1214, .F. ) ;
#1224 = FACE_OUTER_BOUND ( 'NONE', #4065, .T. ) ;
#1225 = ORIENTED_EDGE ( 'NONE', *, *, #807, .T. ) ;
#1226 = DIRECTION ( 'NONE',  ( 0.000000000000000000, 1.000000000000000000, 0.000000000000000000 ) ) ;
#1227 = DIRECTION ( 'NONE',  ( 0.000000000000000000, 1.000000000000000000, 0.000000000000000000 ) ) ;
#1228 = CARTESIAN_POINT ( 'NONE',  ( 5.530274448386662378, -0.5441889371160845146, -0.1249999999999998335 ) ) ;
#1229 = VECTOR ( 'NONE', #2272, 39.37007874015748143 ) ;
#1230 = ORIENTED_EDGE ( 'NONE', *, *, #2135, .T. ) ;
#1231 = VECTOR ( 'NONE', #5699, 39.37007874015748143 ) ;
#1232 = VECTOR ( 'NONE', #4229, 39.37007874015748143 ) ;
#1233 = LINE ( 'NONE', #5213, #1749 ) ;
#1234 = ORIENTED_EDGE ( 'NONE', *, *, #5028, .F. ) ;
#1235 = CARTESIAN_POINT ( 'NONE',  ( 6.625000000000001776, 0.9999999999999998890, 1.324999999999999956 ) ) ;
#1236 = CARTESIAN_POINT ( 'NONE',  ( 7.375000000000000888, 1.000000000000000000, 1.250000000000000000 ) ) ;
#1237 = VECTOR ( 'NONE', #1279, 39.37007874015748143 ) ;
#1238 = CARTESIAN_POINT ( 'NONE',  ( 5.624999999999969802, 0.06499999999999993283, -0.7750000000000002442 ) ) ;
#1239 = AXIS2_PLACEMENT_3D ( 'NONE', #5346, #2356, #399 ) ;
#1240 = CARTESIAN_POINT ( 'NONE',  ( 6.625000000000001776, 0.9999999999999995559, -0.6749999999999996003 ) ) ;
#1241 = CARTESIAN_POINT ( 'NONE',  ( 7.375000000000000888, 0.000000000000000000, -1.774999999999999689 ) ) ;
#1242 = EDGE_CURVE ( 'NONE', #1584, #3853, #2627, .T. ) ;
#1243 = VECTOR ( 'NONE', #2222, 39.37007874015748143 ) ;
#1244 = VERTEX_POINT ( 'NONE', #144 ) ;
#1245 = CARTESIAN_POINT ( 'NONE',  ( 7.625000000000000888, 1.000000000000000000, 1.250000000000000000 ) ) ;
#1246 = EDGE_CURVE ( 'NONE', #1871, #6388, #6135, .T. ) ;
#1247 = EDGE_CURVE ( 'NONE', #895, #2788, #5127, .T. ) ;
#1248 = DIRECTION ( 'NONE',  ( 0.000000000000000000, 1.000000000000000000, 0.000000000000000000 ) ) ;
#1249 = LINE ( 'NONE', #759, #2438 ) ;
#1250 = ORIENTED_EDGE ( 'NONE', *, *, #502, .F. ) ;
#1251 = LINE ( 'NONE', #1217, #3318 ) ;
#1252 = CARTESIAN_POINT ( 'NONE',  ( 7.625000000000000888, 1.000000000000000222, 1.624999999999999778 ) ) ;
#1253 = EDGE_CURVE ( 'NONE', #4647, #4655, #2661, .T. ) ;
#1254 = EDGE_CURVE ( 'NONE', #890, #3257, #4205, .T. ) ;
#1255 = EDGE_CURVE ( 'NONE', #5336, #918, #2718, .T. ) ;
#1256 = LINE ( 'NONE', #2172, #6073 ) ;
#1257 = ORIENTED_EDGE ( 'NONE', *, *, #3440, .F. ) ;
#1258 = FACE_OUTER_BOUND ( 'NONE', #5248, .T. ) ;
#1259 = VERTEX_POINT ( 'NONE', #686 ) ;
#1260 = CARTESIAN_POINT ( 'NONE',  ( 5.875000000000000000, -0.2500000000000000000, 1.124999999999999778 ) ) ;
#1261 = ORIENTED_EDGE ( 'NONE', *, *, #427, .F. ) ;
#1262 = EDGE_CURVE ( 'NONE', #3988, #3043, #6191, .T. ) ;
#1263 = AXIS2_PLACEMENT_3D ( 'NONE', #1332, #3361, #3331 ) ;
#1264 = FACE_OUTER_BOUND ( 'NONE', #6341, .T. ) ;
#1265 = CARTESIAN_POINT ( 'NONE',  ( 5.374999999999969802, 0.7500000000000003331, 1.675000000000000266 ) ) ;
#1266 = ORIENTED_EDGE ( 'NONE', *, *, #3528, .F. ) ;
#1267 = DIRECTION ( 'NONE',  ( -1.000000000000000000, 0.000000000000000000, 0.000000000000000000 ) ) ;
#1268 = ORIENTED_EDGE ( 'NONE', *, *, #6017, .F. ) ;
#1269 = DIRECTION ( 'NONE',  ( 0.000000000000000000, 0.000000000000000000, 1.000000000000000000 ) ) ;
#1270 = DIRECTION ( 'NONE',  ( 1.000000000000000000, -0.000000000000000000, -0.000000000000000000 ) ) ;
#1271 = DIRECTION ( 'NONE',  ( 0.000000000000000000, 0.000000000000000000, 1.000000000000000000 ) ) ;
#1272 = CARTESIAN_POINT ( 'NONE',  ( 6.625000000000001776, 0.7499999999999998890, 1.250000000000000000 ) ) ;
#1273 = ORIENTED_EDGE ( 'NONE', *, *, #4553, .T. ) ;
#1274 = DIRECTION ( 'NONE',  ( 0.000000000000000000, 0.7071067811865454633, -0.7071067811865494601 ) ) ;
#1275 = ORIENTED_EDGE ( 'NONE', *, *, #91, .F. ) ;
#1276 = CARTESIAN_POINT ( 'NONE',  ( 5.875000000000000888, -0.7822277194723872284, 0.9127317704774070561 ) ) ;
#1277 = VERTEX_POINT ( 'NONE', #4636 ) ;
#1278 = ORIENTED_EDGE ( 'NONE', *, *, #3650, .F. ) ;
#1279 = DIRECTION ( 'NONE',  ( 0.000000000000000000, 0.000000000000000000, 1.000000000000000000 ) ) ;
#1280 = DIRECTION ( 'NONE',  ( 0.000000000000000000, 0.000000000000000000, 1.000000000000000000 ) ) ;
#1281 = CARTESIAN_POINT ( 'NONE',  ( 7.375000000000000888, 1.000000000000000000, -0.7499999999999996669 ) ) ;
#1282 = ORIENTED_EDGE ( 'NONE', *, *, #3417, .T. ) ;
#1283 = CIRCLE ( 'NONE', #6383, 0.3705708661417323468 ) ;
#1284 = ADVANCED_FACE ( 'NONE', ( #582 ), #5530, .F. ) ;
#1285 = EDGE_CURVE ( 'NONE', #938, #3340, #2578, .T. ) ;
#1286 = VERTEX_POINT ( 'NONE', #202 ) ;
#1287 =( BOUNDED_CURVE ( )  B_SPLINE_CURVE ( 3, ( #4091, #3711, #4685, #1188 ),
 .UNSPECIFIED., .F., .F. ) 
 B_SPLINE_CURVE_WITH_KNOTS ( ( 4, 4 ),
 ( 1.152586545596633538, 1.570796326794896558 ),
 .UNSPECIFIED. ) 
 CURVE ( )  GEOMETRIC_REPRESENTATION_ITEM ( )  RATIONAL_B_SPLINE_CURVE ( ( 1.000000000000000000, 0.9854780782039587184, 0.9854780782039587184, 1.000000000000000000 ) ) 
 REPRESENTATION_ITEM ( '' )  );
#1288 = FACE_OUTER_BOUND ( 'NONE', #698, .T. ) ;
#1289 = AXIS2_PLACEMENT_3D ( 'NONE', #235, #1104, #4670 ) ;
#1290 = ORIENTED_EDGE ( 'NONE', *, *, #2338, .T. ) ;
#1291 = CARTESIAN_POINT ( 'NONE',  ( 7.375000000000000888, 1.000000000000000000, 1.750000000000000222 ) ) ;
#1292 = AXIS2_PLACEMENT_3D ( 'NONE', #2662, #1637, #4184 ) ;
#1293 = UNCERTAINTY_MEASURE_WITH_UNIT (LENGTH_MEASURE( 1.000000000000000082E-05 ), #1895, 'distance_accuracy_value', 'NONE');
#1294 = ADVANCED_FACE ( 'NONE', ( #5825 ), #5762, .F. ) ;
#1295 = ORIENTED_EDGE ( 'NONE', *, *, #4955, .F. ) ;
#1296 = LINE ( 'NONE', #349, #3652 ) ;
#1297 = ORIENTED_EDGE ( 'NONE', *, *, #1208, .F. ) ;
#1298 = VECTOR ( 'NONE', #1069, 39.37007874015748854 ) ;
#1299 = DIRECTION ( 'NONE',  ( 0.000000000000000000, 0.000000000000000000, -1.000000000000000000 ) ) ;
#1300 = PLANE ( 'NONE',  #872 ) ;
#1301 = LINE ( 'NONE', #5826, #4169 ) ;
#1302 = DIRECTION ( 'NONE',  ( 0.000000000000000000, 0.7071067811865490160, -0.7071067811865459074 ) ) ;
#1303 = LINE ( 'NONE', #1796, #1781 ) ;
#1304 = EDGE_CURVE ( 'NONE', #6160, #441, #1361, .T. ) ;
#1305 = ORIENTED_EDGE ( 'NONE', *, *, #4988, .F. ) ;
#1306 = ORIENTED_EDGE ( 'NONE', *, *, #3170, .F. ) ;
#1307 = CARTESIAN_POINT ( 'NONE',  ( 7.375000000000000888, 0.5825317547305481902, 1.124999999999999778 ) ) ;
#1308 = ORIENTED_EDGE ( 'NONE', *, *, #1731, .F. ) ;
#1309 = VERTEX_POINT ( 'NONE', #3726 ) ;
#1310 = CARTESIAN_POINT ( 'NONE',  ( 7.625000000000000888, 0.000000000000000000, -1.750000000000000000 ) ) ;
#1311 = FACE_OUTER_BOUND ( 'NONE', #2281, .T. ) ;
#1312 = CARTESIAN_POINT ( 'NONE',  ( 7.875000000000000888, 0.2165063509461105096, -0.8749999999999997780 ) ) ;
#1313 = EDGE_LOOP ( 'NONE', ( #802, #4885, #3274, #4778, #3405, #5448, #1354 ) ) ;
#1314 = CLOSED_SHELL ( 'NONE', ( #1294, #5910, #3360, #2881, #4732, #4133, #2944, #649, #3485, #1844, #6059, #30, #2838, #6156, #3879, #5833, #5677, #5666, #6344, #2089, #1178, #5262, #4406, #6086, #5711, #611, #5238, #6065, #2170, #703, #2984, #1691, #296, #2978, #1036, #2490, #4354, #3223, #333, #3965, #2598, #3606, #3841, #2189, #5868, #1512, #1562, #613, #2750, #2741, #3463, #1320, #3517, #4836, #4634, #2287, #5663, #4199, #5231, #5859, #2735, #2409, #3357, #1997, #2450, #2927, #1400, #182, #2633, #2267, #1723, #6234, #5039, #5641, #565, #49, #148, #4170, #3300, #5458, #1890, #5940, #1084, #2210, #2124, #3282, #4810, #6146, #3835, #826, #6416, #3403, #4711, #139, #219, #6346, #3213, #1372, #5307, #537, #712, #5502, #4246, #1860, #5630, #3945, #5878, #5264, #156, #2353, #1439, #2443, #341, #1346, #4948, #485, #1018, #4921, #5383, #4159, #4835, #2260, #4054, #3291, #5030, #3994, #5800, #4758, #3173, #3085, #4318, #2700, #1055, #5558, #5586, #3252, #2998, #4390, #4422, #5306, #251, #3106, #4117, #253, #2625, #6305, #2179, #2847, #5824, #2709, #2400, #3010, #2407, #558, #4903, #4681, #4513, #1970, #1409, #1835, #2657, #3763, #3774, #1284, #17, #5278, #2361, #1118, #2418, #5667, #1498, #1463, #2045, #2814, #4247, #3922, #1141, #1009, #775, #3172, #5047, #4283, #1187, #4471, #4094, #3745, #2874, #4873, #4756, #5157, #2695, #5079, #982, #4652, #1316, #5700, #847, #3737, #2442, #2937, #5941, #3669, #1805, #476, #5385, #4179, #4236, #2846, #1932, #5946 ) ) ;
#1315 = EDGE_LOOP ( 'NONE', ( #2601, #533, #4871, #2121 ) ) ;
#1316 = ADVANCED_FACE ( 'NONE', ( #4791 ), #1300, .F. ) ;
#1317 = DIRECTION ( 'NONE',  ( 0.000000000000000000, -0.5000000000000016653, 0.8660254037844378194 ) ) ;
#1318 = CARTESIAN_POINT ( 'NONE',  ( 7.375000000000000888, 0.000000000000000000, -1.324999999999999734 ) ) ;
#1319 = LINE ( 'NONE', #1353, #4639 ) ;
#1320 = ADVANCED_FACE ( 'NONE', ( #840, #3240, #3297, #4759, #289, #3356, #5270 ), #3788, .F. ) ;
#1321 = ORIENTED_EDGE ( 'NONE', *, *, #3335, .F. ) ;
#1322 = EDGE_CURVE ( 'NONE', #3490, #365, #5330, .T. ) ;
#1323 = ORIENTED_EDGE ( 'NONE', *, *, #2252, .T. ) ;
#1324 = CARTESIAN_POINT ( 'NONE',  ( 5.374999999999969802, -0.2500000000000000000, 1.675000000000000266 ) ) ;
#1325 = ORIENTED_EDGE ( 'NONE', *, *, #22, .F. ) ;
#1326 = DIRECTION ( 'NONE',  ( -1.000000000000000000, 0.000000000000000000, 0.000000000000000000 ) ) ;
#1327 = DIRECTION ( 'NONE',  ( -1.000000000000000000, 0.000000000000000000, 0.000000000000000000 ) ) ;
#1328 = CARTESIAN_POINT ( 'NONE',  ( 5.374999999999969802, 0.06499999999999993283, 1.224999999999999423 ) ) ;
#1329 = EDGE_CURVE ( 'NONE', #3003, #5483, #2867, .T. ) ;
#1330 = DIRECTION ( 'NONE',  ( 0.000000000000000000, 1.000000000000000000, 3.414809992080307034E-15 ) ) ;
#1331 = VECTOR ( 'NONE', #4780, 39.37007874015748143 ) ;
#1332 = CARTESIAN_POINT ( 'NONE',  ( 5.875000000000000888, 0.7499999999999998890, -0.8749999999999997780 ) ) ;
#1333 = EDGE_LOOP ( 'NONE', ( #216, #1829, #789, #5882 ) ) ;
#1334 = ORIENTED_EDGE ( 'NONE', *, *, #2323, .T. ) ;
#1335 =( GEOMETRIC_REPRESENTATION_CONTEXT ( 3 ) GLOBAL_UNCERTAINTY_ASSIGNED_CONTEXT ( ( #1293 ) ) GLOBAL_UNIT_ASSIGNED_CONTEXT ( ( #1895, #1375, #367 ) ) REPRESENTATION_CONTEXT ( 'NONE', 'WORKASPACE' ) );
#1336 = VECTOR ( 'NONE', #6342, 39.37007874015748143 ) ;
#1337 = EDGE_CURVE ( 'NONE', #3520, #1464, #810, .T. ) ;
#1338 = AXIS2_PLACEMENT_3D ( 'NONE', #2359, #3345, #766 ) ;
#1339 = PLANE ( 'NONE',  #973 ) ;
#1340 = PLANE ( 'NONE',  #4177 ) ;
#1341 = ORIENTED_EDGE ( 'NONE', *, *, #3892, .T. ) ;
#1342 = EDGE_LOOP ( 'NONE', ( #5957, #4742, #4899, #5005 ) ) ;
#1343 = LINE ( 'NONE', #5840, #503 ) ;
#1344 = DIRECTION ( 'NONE',  ( 0.000000000000000000, -1.000000000000000000, -0.000000000000000000 ) ) ;
#1345 = DIRECTION ( 'NONE',  ( 0.000000000000000000, 0.000000000000000000, -1.000000000000000000 ) ) ;
#1346 = ADVANCED_FACE ( 'NONE', ( #4360 ), #326, .T. ) ;
#1347 = VECTOR ( 'NONE', #5176, 39.37007874015748143 ) ;
#1348 = DIRECTION ( 'NONE',  ( 0.000000000000000000, 1.000000000000000000, 0.000000000000000000 ) ) ;
#1349 = ORIENTED_EDGE ( 'NONE', *, *, #1646, .T. ) ;
#1350 = PLANE ( 'NONE',  #1338 ) ;
#1351 = VERTEX_POINT ( 'NONE', #2318 ) ;
#1352 = LINE ( 'NONE', #5384, #299 ) ;
#1353 = CARTESIAN_POINT ( 'NONE',  ( 5.374999999999990230, -0.3749999999999999445, -0.1249999999999999029 ) ) ;
#1354 = ORIENTED_EDGE ( 'NONE', *, *, #5089, .T. ) ;
#1355 = PRODUCT_DEFINITION ( 'UNKNOWN', '', #3842, #4300 ) ;
#1356 = ORIENTED_EDGE ( 'NONE', *, *, #3083, .T. ) ;
#1357 = DIRECTION ( 'NONE',  ( 1.000000000000000000, 0.000000000000000000, 0.000000000000000000 ) ) ;
#1358 = VERTEX_POINT ( 'NONE', #4305 ) ;
#1359 = AXIS2_PLACEMENT_3D ( 'NONE', #2914, #1712, #3225 ) ;
#1360 = DIRECTION ( 'NONE',  ( 1.000000000000000000, 0.000000000000000000, 0.000000000000000000 ) ) ;
#1361 = LINE ( 'NONE', #6285, #5670 ) ;
#1362 = DIRECTION ( 'NONE',  ( 0.000000000000000000, -1.000000000000000000, -0.000000000000000000 ) ) ;
#1363 = LINE ( 'NONE', #869, #276 ) ;
#1364 = AXIS2_PLACEMENT_3D ( 'NONE', #3210, #5186, #4211 ) ;
#1365 = PLANE ( 'NONE',  #1263 ) ;
#1366 = ORIENTED_EDGE ( 'NONE', *, *, #767, .T. ) ;
#1367 = EDGE_LOOP ( 'NONE', ( #5883, #550, #4224, #157, #4064, #6097, #249 ) ) ;
#1368 = EDGE_CURVE ( 'NONE', #3685, #5235, #1824, .T. ) ;
#1369 = EDGE_CURVE ( 'NONE', #4294, #5898, #6220, .T. ) ;
#1370 = ORIENTED_EDGE ( 'NONE', *, *, #3813, .F. ) ;
#1371 = FACE_BOUND ( 'NONE', #4999, .T. ) ;
#1372 = ADVANCED_FACE ( 'NONE', ( #5701 ), #752, .F. ) ;
#1373 = VERTEX_POINT ( 'NONE', #2746 ) ;
#1374 = EDGE_LOOP ( 'NONE', ( #150, #1234, #1617, #2564 ) ) ;
#1375 =( NAMED_UNIT ( * ) PLANE_ANGLE_UNIT ( ) SI_UNIT ( $, .RADIAN. ) );
#1376 = DIRECTION ( 'NONE',  ( -3.090733186385373611E-16, 0.7071067811865495711, -0.7071067811865454633 ) ) ;
#1377 = CARTESIAN_POINT ( 'NONE',  ( 6.375000000000001776, 1.124999999999999778, 1.324999999999999956 ) ) ;
#1378 = ORIENTED_EDGE ( 'NONE', *, *, #735, .T. ) ;
#1379 = EDGE_CURVE ( 'NONE', #2213, #1404, #6255, .T. ) ;
#1380 = VERTEX_POINT ( 'NONE', #352 ) ;
#1381 = CARTESIAN_POINT ( 'NONE',  ( 6.375000000000001776, 1.000000000000000000, -0.3750000000000001110 ) ) ;
#1382 = CARTESIAN_POINT ( 'NONE',  ( 5.624999999999969802, -0.2500000000000000000, 1.250000000000000000 ) ) ;
#1383 = ORIENTED_EDGE ( 'NONE', *, *, #1660, .T. ) ;
#1384 = VECTOR ( 'NONE', #4712, 39.37007874015748143 ) ;
#1385 = ORIENTED_EDGE ( 'NONE', *, *, #2220, .F. ) ;
#1386 = PLANE ( 'NONE',  #1537 ) ;
#1387 = CARTESIAN_POINT ( 'NONE',  ( 6.625000000000001776, 0.1249999999999999445, 0.000000000000000000 ) ) ;
#1388 = CARTESIAN_POINT ( 'NONE',  ( 6.375000000000001776, -0.2500000000000000000, -1.625000000000000000 ) ) ;
#1389 = DIRECTION ( 'NONE',  ( 0.000000000000000000, -0.4977472193051467042, -0.8673221464219589283 ) ) ;
#1390 = VECTOR ( 'NONE', #1990, 39.37007874015748143 ) ;
#1391 = DIRECTION ( 'NONE',  ( 1.000000000000000000, -0.000000000000000000, -0.000000000000000000 ) ) ;
#1392 = DIRECTION ( 'NONE',  ( 1.000000000000000000, -0.000000000000000000, -0.000000000000000000 ) ) ;
#1393 = ORIENTED_EDGE ( 'NONE', *, *, #3993, .T. ) ;
#1394 = AXIS2_PLACEMENT_3D ( 'NONE', #4849, #1793, #5216 ) ;
#1395 = ORIENTED_EDGE ( 'NONE', *, *, #5866, .T. ) ;
#1396 = CARTESIAN_POINT ( 'NONE',  ( 7.375000000000000888, 1.000000000000000000, -0.2499999999999998057 ) ) ;
#1397 = ORIENTED_EDGE ( 'NONE', *, *, #963, .F. ) ;
#1398 = VECTOR ( 'NONE', #1348, 39.37007874015748143 ) ;
#1399 = FACE_OUTER_BOUND ( 'NONE', #664, .T. ) ;
#1400 = ADVANCED_FACE ( 'NONE', ( #4729 ), #3848, .F. ) ;
#1401 = EDGE_CURVE ( 'NONE', #5334, #2522, #1758, .T. ) ;
#1402 = CARTESIAN_POINT ( 'NONE',  ( 5.624999999999969802, 0.1250000000000001110, -0.2849999999999990874 ) ) ;
#1403 = DIRECTION ( 'NONE',  ( 0.000000000000000000, -1.000000000000000000, 1.365923996832115871E-14 ) ) ;
#1404 = VERTEX_POINT ( 'NONE', #962 ) ;
#1405 = EDGE_LOOP ( 'NONE', ( #4310, #5354, #3665, #3261 ) ) ;
#1406 = DIRECTION ( 'NONE',  ( -1.000000000000000000, 0.000000000000000000, 0.000000000000000000 ) ) ;
#1407 = CARTESIAN_POINT ( 'NONE',  ( 6.625000000000001776, 1.024999999999999689, -0.2250000000000001998 ) ) ;
#1408 = VERTEX_POINT ( 'NONE', #5396 ) ;
#1409 = ADVANCED_FACE ( 'NONE', ( #5010 ), #1943, .F. ) ;
#1410 = ORIENTED_EDGE ( 'NONE', *, *, #5745, .F. ) ;
#1411 = PLANE ( 'NONE',  #3635 ) ;
#1412 = CARTESIAN_POINT ( 'NONE',  ( 5.624999999999969802, -0.2500000000000000000, -0.3749999999999992784 ) ) ;
#1413 = EDGE_LOOP ( 'NONE', ( #5445, #4499, #1875, #2648 ) ) ;
#1414 = EDGE_CURVE ( 'NONE', #2496, #4038, #3969, .T. ) ;
#1415 = DIRECTION ( 'NONE',  ( -3.090733186385374104E-16, -0.7071067811865493491, 0.7071067811865456854 ) ) ;
#1416 = ORIENTED_EDGE ( 'NONE', *, *, #502, .T. ) ;
#1417 = VECTOR ( 'NONE', #3138, 39.37007874015748143 ) ;
#1418 = DIRECTION ( 'NONE',  ( -0.000000000000000000, -0.7071067811865459074, -0.7071067811865491270 ) ) ;
#1419 = ORIENTED_EDGE ( 'NONE', *, *, #763, .F. ) ;
#1420 = CARTESIAN_POINT ( 'NONE',  ( 5.812499999999992895, -0.3750000000000004996, 1.641746824526932658 ) ) ;
#1421 = PLANE ( 'NONE',  #2258 ) ;
#1422 = CARTESIAN_POINT ( 'NONE',  ( 6.625000000000001776, 0.1249999999999999445, -1.324999999999999734 ) ) ;
#1423 = CARTESIAN_POINT ( 'NONE',  ( 5.875000000000000000, -0.2500000000000000000, 1.605662432702577469 ) ) ;
#1424 = ORIENTED_EDGE ( 'NONE', *, *, #6275, .F. ) ;
#1425 = VERTEX_POINT ( 'NONE', #5427 ) ;
#1426 = CARTESIAN_POINT ( 'NONE',  ( 5.374999999999969802, 0.000000000000000000, 1.750000000000000222 ) ) ;
#1427 = ORIENTED_EDGE ( 'NONE', *, *, #5164, .F. ) ;
#1428 = CARTESIAN_POINT ( 'NONE',  ( 6.375000000000001776, 0.02499999999999977240, -1.774999999999999689 ) ) ;
#1429 = DIRECTION ( 'NONE',  ( -0.000000000000000000, 0.000000000000000000, -1.000000000000000000 ) ) ;
#1430 = AXIS2_PLACEMENT_3D ( 'NONE', #3489, #1887, #4428 ) ;
#1431 = EDGE_CURVE ( 'NONE', #5057, #938, #3983, .T. ) ;
#1432 = DIRECTION ( 'NONE',  ( 0.000000000000000000, 0.7071067811865493491, 0.7071067811865454633 ) ) ;
#1433 = FACE_BOUND ( 'NONE', #1492, .T. ) ;
#1434 = VECTOR ( 'NONE', #2114, 39.37007874015748143 ) ;
#1435 = VERTEX_POINT ( 'NONE', #1881 ) ;
#1436 = VERTEX_POINT ( 'NONE', #4943 ) ;
#1437 = VECTOR ( 'NONE', #4599, 39.37007874015748143 ) ;
#1438 = CARTESIAN_POINT ( 'NONE',  ( 5.374999999999969802, 0.000000000000000000, 1.750000000000000222 ) ) ;
#1439 = ADVANCED_FACE ( 'NONE', ( #1909 ), #5951, .T. ) ;
#1440 = CARTESIAN_POINT ( 'NONE',  ( 6.625000000000001776, -0.2500000000000000000, -1.750000000000000000 ) ) ;
#1441 = FACE_OUTER_BOUND ( 'NONE', #4557, .T. ) ;
#1442 = VECTOR ( 'NONE', #1928, 39.37007874015748143 ) ;
#1443 = EDGE_LOOP ( 'NONE', ( #5781, #5344, #5893, #587 ) ) ;
#1444 = VECTOR ( 'NONE', #2116, 39.37007874015748143 ) ;
#1445 = ORIENTED_EDGE ( 'NONE', *, *, #790, .T. ) ;
#1446 = EDGE_CURVE ( 'NONE', #4524, #2624, #3482, .T. ) ;
#1447 = CARTESIAN_POINT ( 'NONE',  ( 6.625000000000001776, 1.000000000000000000, -0.7499999999999997780 ) ) ;
#1448 = EDGE_CURVE ( 'NONE', #1436, #3194, #2533, .T. ) ;
#1449 = VECTOR ( 'NONE', #4556, 39.37007874015748143 ) ;
#1450 = CARTESIAN_POINT ( 'NONE',  ( 7.375000000000000888, 1.000000000000000000, 1.250000000000000000 ) ) ;
#1451 = ORIENTED_EDGE ( 'NONE', *, *, #883, .T. ) ;
#1453 = VERTEX_POINT ( 'NONE', #1388 ) ;
#1452 = CIRCLE ( 'NONE', #3832, 0.3705708661417323468 ) ;
#1454 = CARTESIAN_POINT ( 'NONE',  ( 6.625000000000001776, 1.124999999999999778, 1.674999999999999822 ) ) ;
#1455 = EDGE_CURVE ( 'NONE', #1555, #2496, #1487, .T. ) ;
#1456 = LINE ( 'NONE', #2009, #1336 ) ;
#1457 = DIRECTION ( 'NONE',  ( 0.000000000000000000, 1.000000000000000000, 0.000000000000000000 ) ) ;
#1458 = CARTESIAN_POINT ( 'NONE',  ( 7.375000000000000888, 0.1250000000000000278, -1.715000000000000080 ) ) ;
#1459 = CARTESIAN_POINT ( 'NONE',  ( 7.625000000000000888, 0.7499999999999998890, -0.7499999999999997780 ) ) ;
#1460 = VECTOR ( 'NONE', #1056, 39.37007874015748143 ) ;
#1461 = ORIENTED_EDGE ( 'NONE', *, *, #5681, .T. ) ;
#1462 = DIRECTION ( 'NONE',  ( 0.000000000000000000, -1.000000000000000000, 3.414809992080307034E-15 ) ) ;
#1463 = ADVANCED_FACE ( 'NONE', ( #445 ), #417, .F. ) ;
#1464 = VERTEX_POINT ( 'NONE', #4001 ) ;
#1465 = CARTESIAN_POINT ( 'NONE',  ( 7.375000000000000888, 0.7499999999999998890, -0.1250000000000001665 ) ) ;
#1466 = VECTOR ( 'NONE', #3246, 39.37007874015748854 ) ;
#1467 = LINE ( 'NONE', #3462, #3895 ) ;
#1468 = DIRECTION ( 'NONE',  ( 0.000000000000000000, 1.000000000000000000, 0.000000000000000000 ) ) ;
#1469 = PLANE ( 'NONE',  #2404 ) ;
#1470 = ORIENTED_EDGE ( 'NONE', *, *, #4478, .F. ) ;
#1471 = ORIENTED_EDGE ( 'NONE', *, *, #4683, .T. ) ;
#1472 = CARTESIAN_POINT ( 'NONE',  ( 7.375000000000000888, 1.124999999999999778, 1.324999999999999956 ) ) ;
#1473 = CARTESIAN_POINT ( 'NONE',  ( 5.624999999999969802, 1.088470684975604861E-16, 1.324999999999999289 ) ) ;
#1474 = VERTEX_POINT ( 'NONE', #2934 ) ;
#1475 = PLANE ( 'NONE',  #527 ) ;
#1476 = VERTEX_POINT ( 'NONE', #932 ) ;
#1477 = LINE ( 'NONE', #5716, #5290 ) ;
#1478 = CARTESIAN_POINT ( 'NONE',  ( 7.375000000000000888, 0.9199999999999997069, -0.9200000000000049249 ) ) ;
#1479 = DIRECTION ( 'NONE',  ( 1.000000000000000000, 0.000000000000000000, 0.000000000000000000 ) ) ;
#1480 = ORIENTED_EDGE ( 'NONE', *, *, #4088, .T. ) ;
#1481 = EDGE_CURVE ( 'NONE', #5898, #1599, #3934, .T. ) ;
#1482 = EDGE_CURVE ( 'NONE', #5277, #6350, #2997, .T. ) ;
#1483 = ORIENTED_EDGE ( 'NONE', *, *, #5646, .F. ) ;
#1484 = DIRECTION ( 'NONE',  ( 1.000000000000000000, 0.000000000000000000, -0.000000000000000000 ) ) ;
#1485 = ORIENTED_EDGE ( 'NONE', *, *, #4161, .F. ) ;
#1486 = LINE ( 'NONE', #5980, #3646 ) ;
#1487 = LINE ( 'NONE', #898, #2845 ) ;
#1488 = LINE ( 'NONE', #4490, #1854 ) ;
#1489 = LINE ( 'NONE', #4036, #2047 ) ;
#1490 = EDGE_CURVE ( 'NONE', #3425, #390, #4973, .T. ) ;
#1491 = VECTOR ( 'NONE', #2142, 39.37007874015748143 ) ;
#1492 = EDGE_LOOP ( 'NONE', ( #3303, #4340 ) ) ;
#1493 = LINE ( 'NONE', #542, #6239 ) ;
#1494 = ORIENTED_EDGE ( 'NONE', *, *, #1880, .T. ) ;
#1495 = CARTESIAN_POINT ( 'NONE',  ( 5.875000000000000888, -0.5442106901285368448, -1.250000000000008882 ) ) ;
#1496 = AXIS2_PLACEMENT_3D ( 'NONE', #4285, #3306, #5340 ) ;
#1497 = DIRECTION ( 'NONE',  ( 1.000000000000000000, 0.000000000000000000, 0.000000000000000000 ) ) ;
#1498 = ADVANCED_FACE ( 'NONE', ( #2504 ), #1421, .F. ) ;
#1499 = LINE ( 'NONE', #1563, #3072 ) ;
#1500 = VECTOR ( 'NONE', #3730, 39.37007874015748143 ) ;
#1501 = DIRECTION ( 'NONE',  ( 0.000000000000000000, 0.000000000000000000, -1.000000000000000000 ) ) ;
#1502 = VERTEX_POINT ( 'NONE', #2436 ) ;
#1503 = ORIENTED_EDGE ( 'NONE', *, *, #5468, .F. ) ;
#1504 = LINE ( 'NONE', #1440, #2507 ) ;
#1505 = CARTESIAN_POINT ( 'NONE',  ( 7.625000000000000888, 0.7499999999999998890, 1.250000000000000000 ) ) ;
#1506 = ORIENTED_EDGE ( 'NONE', *, *, #2655, .F. ) ;
#1507 = DIRECTION ( 'NONE',  ( 1.000000000000000000, -0.000000000000000000, -0.000000000000000000 ) ) ;
#1508 = ORIENTED_EDGE ( 'NONE', *, *, #4118, .F. ) ;
#1509 = CARTESIAN_POINT ( 'NONE',  ( 5.624999999999969802, 0.1250000000000001110, -0.2849999999999990874 ) ) ;
#1510 = DIRECTION ( 'NONE',  ( -0.4976686470733175383, -0.8619873820650602037, 0.09645553836269815662 ) ) ;
#1511 = ORIENTED_EDGE ( 'NONE', *, *, #4865, .T. ) ;
#1512 = ADVANCED_FACE ( 'NONE', ( #4910 ), #5920, .F. ) ;
#1513 = ORIENTED_EDGE ( 'NONE', *, *, #3, .F. ) ;
#1514 = DIRECTION ( 'NONE',  ( 0.000000000000000000, 0.000000000000000000, 1.000000000000000000 ) ) ;
#1515 = LINE ( 'NONE', #5556, #4925 ) ;
#1516 = EDGE_CURVE ( 'NONE', #1628, #2776, #1519, .T. ) ;
#1517 = CARTESIAN_POINT ( 'NONE',  ( 7.375000000000000888, 1.124999999999999778, 1.714999999999999858 ) ) ;
#1518 = EDGE_CURVE ( 'NONE', #861, #86, #3031, .T. ) ;
#1519 = LINE ( 'NONE', #3512, #3913 ) ;
#1520 = LINE ( 'NONE', #574, #5184 ) ;
#1521 = DIRECTION ( 'NONE',  ( 0.000000000000000000, 0.2613289371208241119, -0.9652498052956552943 ) ) ;
#1522 = VECTOR ( 'NONE', #1302, 39.37007874015748854 ) ;
#1523 = ORIENTED_EDGE ( 'NONE', *, *, #3911, .T. ) ;
#1524 = FACE_OUTER_BOUND ( 'NONE', #2938, .T. ) ;
#1525 = ORIENTED_EDGE ( 'NONE', *, *, #4618, .F. ) ;
#1526 = DIRECTION ( 'NONE',  ( 0.000000000000000000, 0.000000000000000000, -1.000000000000000000 ) ) ;
#1527 = EDGE_CURVE ( 'NONE', #4893, #4545, #6153, .T. ) ;
#1528 = CARTESIAN_POINT ( 'NONE',  ( 5.624999999999969802, 0.1250000000000001110, -0.3249999999999992895 ) ) ;
#1529 = CARTESIAN_POINT ( 'NONE',  ( 6.625000000000001776, -0.2500000000000000000, -1.750000000000000000 ) ) ;
#1530 = DIRECTION ( 'NONE',  ( 0.000000000000000000, 0.000000000000000000, 1.000000000000000000 ) ) ;
#1531 = ORIENTED_EDGE ( 'NONE', *, *, #5984, .F. ) ;
#1532 = ORIENTED_EDGE ( 'NONE', *, *, #4842, .T. ) ;
#1533 = EDGE_CURVE ( 'NONE', #658, #4597, #3239, .T. ) ;
#1534 = DIRECTION ( 'NONE',  ( 0.000000000000000000, 0.000000000000000000, 1.000000000000000000 ) ) ;
#1535 = DIRECTION ( 'NONE',  ( -1.000000000000000000, 0.000000000000000000, 0.000000000000000000 ) ) ;
#1536 = EDGE_LOOP ( 'NONE', ( #5411, #3783, #4436, #4107 ) ) ;
#1537 = AXIS2_PLACEMENT_3D ( 'NONE', #3385, #5357, #4876 ) ;
#1538 = DIRECTION ( 'NONE',  ( 0.000000000000000000, 1.000000000000000000, 0.000000000000000000 ) ) ;
#1539 = ORIENTED_EDGE ( 'NONE', *, *, #3146, .F. ) ;
#1540 = CARTESIAN_POINT ( 'NONE',  ( 5.591562544328485984, -0.5390800116606303538, 6.737652947346161819E-17 ) ) ;
#1541 = VECTOR ( 'NONE', #2033, 39.37007874015748143 ) ;
#1542 = VECTOR ( 'NONE', #351, 39.37007874015748143 ) ;
#1543 = CARTESIAN_POINT ( 'NONE',  ( 7.375000000000000888, 1.000000000000000000, 1.750000000000000222 ) ) ;
#1544 = EDGE_LOOP ( 'NONE', ( #5196, #3166, #1993, #4860 ) ) ;
#1545 = CARTESIAN_POINT ( 'NONE',  ( 5.624999999999969802, 0.02499999999999946362, 1.774999999999999689 ) ) ;
#1546 = VECTOR ( 'NONE', #1468, 39.37007874015748143 ) ;
#1547 = VERTEX_POINT ( 'NONE', #4134 ) ;
#1548 = ORIENTED_EDGE ( 'NONE', *, *, #1639, .F. ) ;
#1549 = DIRECTION ( 'NONE',  ( 0.000000000000000000, -1.000000000000000000, 1.365923996832115871E-14 ) ) ;
#1550 = ORIENTED_EDGE ( 'NONE', *, *, #4293, .F. ) ;
#1551 = DIRECTION ( 'NONE',  ( 0.000000000000000000, 0.000000000000000000, -1.000000000000000000 ) ) ;
#1552 = DIRECTION ( 'NONE',  ( -0.000000000000000000, -1.000000000000000000, -1.365923996832115871E-14 ) ) ;
#1553 = CARTESIAN_POINT ( 'NONE',  ( 5.374999999999969802, 0.1250000000000001110, -0.3249999999999991229 ) ) ;
#1554 = DIRECTION ( 'NONE',  ( -1.000000000000000000, 0.000000000000000000, 0.000000000000000000 ) ) ;
#1555 = VERTEX_POINT ( 'NONE', #5042 ) ;
#1556 = DIRECTION ( 'NONE',  ( 0.000000000000000000, 1.000000000000000000, 0.000000000000000000 ) ) ;
#1557 = ORIENTED_EDGE ( 'NONE', *, *, #2894, .F. ) ;
#1558 = DIRECTION ( 'NONE',  ( -1.000000000000000000, 0.000000000000000000, 0.000000000000000000 ) ) ;
#1559 = CARTESIAN_POINT ( 'NONE',  ( 5.999999999999999112, 0.2165063509461105096, -1.875000000000000000 ) ) ;
#1560 = DIRECTION ( 'NONE',  ( 0.000000000000000000, 3.414809992080307034E-15, -1.000000000000000000 ) ) ;
#1561 = LINE ( 'NONE', #5053, #5407 ) ;
#1562 = ADVANCED_FACE ( 'NONE', ( #1655 ), #2117, .F. ) ;
#1563 = CARTESIAN_POINT ( 'NONE',  ( 6.625000000000001776, 1.024999999999999911, 1.774999999999999467 ) ) ;
#1564 = EDGE_CURVE ( 'NONE', #3916, #918, #3167, .T. ) ;
#1565 = CARTESIAN_POINT ( 'NONE',  ( 5.374999999999990230, -0.3749999999999999445, -0.7499999999999998890 ) ) ;
#1566 = ORIENTED_EDGE ( 'NONE', *, *, #3137, .F. ) ;
#1567 = EDGE_LOOP ( 'NONE', ( #6063, #837, #1356, #1865 ) ) ;
#1568 = AXIS2_PLACEMENT_3D ( 'NONE', #1105, #5534, #5471 ) ;
#1569 = PLANE ( 'NONE',  #120 ) ;
#1570 = DIRECTION ( 'NONE',  ( 1.000000000000000000, 0.000000000000000000, 0.000000000000000000 ) ) ;
#1571 = DIRECTION ( 'NONE',  ( 0.000000000000000000, 0.000000000000000000, 1.000000000000000000 ) ) ;
#1572 = CARTESIAN_POINT ( 'NONE',  ( 6.093503937007874960, -0.5000000000000002220, 0.9330708661417319583 ) ) ;
#1573 = EDGE_CURVE ( 'NONE', #3567, #6363, #710, .T. ) ;
#1574 = ORIENTED_EDGE ( 'NONE', *, *, #4010, .F. ) ;
#1575 = LINE ( 'NONE', #5099, #2284 ) ;
#1576 = LINE ( 'NONE', #3159, #2956 ) ;
#1577 = DIRECTION ( 'NONE',  ( 1.000000000000000000, -0.000000000000000000, -0.000000000000000000 ) ) ;
#1578 = ORIENTED_EDGE ( 'NONE', *, *, #263, .F. ) ;
#1579 = EDGE_CURVE ( 'NONE', #1801, #2079, #610, .T. ) ;
#1580 = DIRECTION ( 'NONE',  ( 0.000000000000000000, 0.000000000000000000, 1.000000000000000000 ) ) ;
#1581 = ORIENTED_EDGE ( 'NONE', *, *, #523, .F. ) ;
#1582 = ORIENTED_EDGE ( 'NONE', *, *, #1978, .T. ) ;
#1583 = LINE ( 'NONE', #3028, #6321 ) ;
#1584 = VERTEX_POINT ( 'NONE', #1163 ) ;
#1585 = PRODUCT_DEFINITION_SHAPE ( 'NONE', 'NONE',  #1355 ) ;
#1586 = DIRECTION ( 'NONE',  ( 0.000000000000000000, 1.000000000000000000, 0.000000000000000000 ) ) ;
#1587 = LINE ( 'NONE', #5522, #2693 ) ;
#1588 = DIRECTION ( 'NONE',  ( 0.000000000000000000, -0.000000000000000000, -1.000000000000000000 ) ) ;
#1589 = CARTESIAN_POINT ( 'NONE',  ( 6.625000000000001776, 0.1249999999999999029, -1.284999999999999476 ) ) ;
#1590 = ORIENTED_EDGE ( 'NONE', *, *, #3787, .F. ) ;
#1591 = DIRECTION ( 'NONE',  ( 1.000000000000000000, -0.000000000000000000, -0.000000000000000000 ) ) ;
#1592 = ORIENTED_EDGE ( 'NONE', *, *, #4913, .T. ) ;
#1593 = PLANE ( 'NONE',  #3275 ) ;
#1594 = CARTESIAN_POINT ( 'NONE',  ( 6.375000000000000888, -1.036747897645823535, 0.5692453116553131132 ) ) ;
#1595 = LINE ( 'NONE', #2094, #2819 ) ;
#1596 = CARTESIAN_POINT ( 'NONE',  ( 6.625000000000001776, 1.124999999999999556, -0.3250000000000000666 ) ) ;
#1597 = CARTESIAN_POINT ( 'NONE',  ( 7.656496062992126816, -0.5000000000000001110, 0.4999999999999997224 ) ) ;
#1598 = DIRECTION ( 'NONE',  ( 0.000000000000000000, 0.000000000000000000, -1.000000000000000000 ) ) ;
#1599 = VERTEX_POINT ( 'NONE', #2182 ) ;
#1600 = AXIS2_PLACEMENT_3D ( 'NONE', #4189, #5684, #636 ) ;
#1601 = DIRECTION ( 'NONE',  ( 0.000000000000000000, 0.000000000000000000, 1.000000000000000000 ) ) ;
#1602 = EDGE_CURVE ( 'NONE', #1801, #3289, #5111, .T. ) ;
#1603 = EDGE_CURVE ( 'NONE', #5328, #3972, #3199, .T. ) ;
#1604 = CARTESIAN_POINT ( 'NONE',  ( 7.375000000000000888, 1.124999999999999778, 1.284999999999999920 ) ) ;
#1605 = CARTESIAN_POINT ( 'NONE',  ( 5.624999999999969802, 0.06499999999999993283, 1.224999999999999423 ) ) ;
#1606 = VECTOR ( 'NONE', #5960, 39.37007874015748854 ) ;
#1607 = LINE ( 'NONE', #3502, #3184 ) ;
#1608 = ORIENTED_EDGE ( 'NONE', *, *, #325, .F. ) ;
#1609 = VECTOR ( 'NONE', #137, 39.37007874015748143 ) ;
#1610 = CARTESIAN_POINT ( 'NONE',  ( 7.375000000000000888, 1.124999999999999556, -0.2850000000000000866 ) ) ;
#1611 = VECTOR ( 'NONE', #4112, 39.37007874015748143 ) ;
#1612 = EDGE_CURVE ( 'NONE', #4924, #5658, #2042, .T. ) ;
#1613 = LINE ( 'NONE', #5582, #6132 ) ;
#1614 = DIRECTION ( 'NONE',  ( -1.000000000000000000, 0.000000000000000000, 0.000000000000000000 ) ) ;
#1615 = ORIENTED_EDGE ( 'NONE', *, *, #2000, .F. ) ;
#1616 = CARTESIAN_POINT ( 'NONE',  ( 5.374999999999969802, 0.1250000000000001110, 1.284999999999999254 ) ) ;
#1617 = ORIENTED_EDGE ( 'NONE', *, *, #2879, .T. ) ;
#1618 = ORIENTED_EDGE ( 'NONE', *, *, #3190, .T. ) ;
#1619 = DIRECTION ( 'NONE',  ( 0.000000000000000000, 1.000000000000000000, 0.000000000000000000 ) ) ;
#1620 = ORIENTED_EDGE ( 'NONE', *, *, #411, .F. ) ;
#1621 = CARTESIAN_POINT ( 'NONE',  ( 6.625000000000001776, 1.024999999999999911, 1.774999999999999467 ) ) ;
#1622 = EDGE_CURVE ( 'NONE', #1810, #2744, #2569, .T. ) ;
#1623 = CARTESIAN_POINT ( 'NONE',  ( 5.539982423922845456, -0.5000000000000002220, 1.124999999999999556 ) ) ;
#1624 = CARTESIAN_POINT ( 'NONE',  ( 6.375000000000001776, 1.124999999999999778, 1.714999999999999858 ) ) ;
#1625 = CARTESIAN_POINT ( 'NONE',  ( 5.624999999999969802, -0.2500000000000000000, -0.7499999999999998890 ) ) ;
#1626 = ORIENTED_EDGE ( 'NONE', *, *, #4033, .F. ) ;
#1627 = PLANE ( 'NONE',  #3947 ) ;
#1628 = VERTEX_POINT ( 'NONE', #2677 ) ;
#1629 = LINE ( 'NONE', #4139, #5337 ) ;
#1630 = LINE ( 'NONE', #1138, #204 ) ;
#1631 = CARTESIAN_POINT ( 'NONE',  ( 5.624999999999969802, 0.000000000000000000, -0.7499999999999998890 ) ) ;
#1632 = AXIS2_PLACEMENT_3D ( 'NONE', #4929, #466, #3986 ) ;
#1633 = LINE ( 'NONE', #6095, #2131 ) ;
#1634 = PLANE ( 'NONE',  #3349 ) ;
#1635 = ORIENTED_EDGE ( 'NONE', *, *, #2211, .F. ) ;
#1636 = VECTOR ( 'NONE', #6015, 39.37007874015748143 ) ;
#1637 = DIRECTION ( 'NONE',  ( 0.000000000000000000, -1.000000000000000000, -0.000000000000000000 ) ) ;
#1638 = CARTESIAN_POINT ( 'NONE',  ( 7.875000000000000888, -0.5000000000000002220, 0.1294291338582674034 ) ) ;
#1639 = EDGE_CURVE ( 'NONE', #3067, #1810, #1587, .T. ) ;
#1640 = FACE_BOUND ( 'NONE', #6351, .T. ) ;
#1641 = ORIENTED_EDGE ( 'NONE', *, *, #6163, .T. ) ;
#1642 = CARTESIAN_POINT ( 'NONE',  ( 6.375000000000001776, 1.124999999999999778, 1.714999999999999858 ) ) ;
#1643 = CARTESIAN_POINT ( 'NONE',  ( 7.875000000000000888, -0.5000000000000001110, 0.4999999999999997224 ) ) ;
#1644 = AXIS2_PLACEMENT_3D ( 'NONE', #3900, #1906, #3479 ) ;
#1645 = VERTEX_POINT ( 'NONE', #1623 ) ;
#1646 = EDGE_CURVE ( 'NONE', #3840, #1763, #3102, .T. ) ;
#1647 = EDGE_CURVE ( 'NONE', #2878, #6226, #3587, .T. ) ;
#1648 = ORIENTED_EDGE ( 'NONE', *, *, #1038, .F. ) ;
#1649 = ORIENTED_EDGE ( 'NONE', *, *, #3807, .F. ) ;
#1650 = AXIS2_PLACEMENT_3D ( 'NONE', #1559, #5345, #4405 ) ;
#1651 = DIRECTION ( 'NONE',  ( -0.000000000000000000, -0.7071067811865450192, -0.7071067811865499042 ) ) ;
#1652 = EDGE_LOOP ( 'NONE', ( #4089, #1648, #5978, #3351 ) ) ;
#1653 = CARTESIAN_POINT ( 'NONE',  ( 6.375000000000000888, -0.6246131711452314050, 1.020509261118822231 ) ) ;
#1654 = VECTOR ( 'NONE', #1360, 39.37007874015748143 ) ;
#1655 = FACE_OUTER_BOUND ( 'NONE', #3478, .T. ) ;
#1656 = CARTESIAN_POINT ( 'NONE',  ( 6.375000000000001776, 1.000000000000000000, 1.250000000000000000 ) ) ;
#1657 = DIRECTION ( 'NONE',  ( 1.000000000000000000, -0.000000000000000000, -0.000000000000000000 ) ) ;
#1658 = AXIS2_PLACEMENT_3D ( 'NONE', #4123, #6104, #3642 ) ;
#1659 = VECTOR ( 'NONE', #5808, 39.37007874015748143 ) ;
#1660 = EDGE_CURVE ( 'NONE', #4631, #5963, #645, .T. ) ;
#1661 = ORIENTED_EDGE ( 'NONE', *, *, #944, .T. ) ;
#1662 = DIRECTION ( 'NONE',  ( 0.000000000000000000, 0.000000000000000000, -1.000000000000000000 ) ) ;
#1663 = ORIENTED_EDGE ( 'NONE', *, *, #176, .T. ) ;
#1664 = FACE_OUTER_BOUND ( 'NONE', #4534, .T. ) ;
#1665 = FACE_OUTER_BOUND ( 'NONE', #2537, .T. ) ;
#1666 = CARTESIAN_POINT ( 'NONE',  ( 7.375000000000000888, 0.7499999999999998890, 1.324999999999999956 ) ) ;
#1667 = CARTESIAN_POINT ( 'NONE',  ( 5.374999999999969802, -0.2500000000000000000, -1.374999999999999778 ) ) ;
#1668 = LINE ( 'NONE', #5156, #5764 ) ;
#1669 = EDGE_CURVE ( 'NONE', #5924, #4765, #5076, .T. ) ;
#1670 = DIRECTION ( 'NONE',  ( -1.000000000000000000, 0.000000000000000000, 4.370956789862818684E-16 ) ) ;
#1671 = VERTEX_POINT ( 'NONE', #2607 ) ;
#1672 = VECTOR ( 'NONE', #4306, 39.37007874015748143 ) ;
#1673 = CARTESIAN_POINT ( 'NONE',  ( 7.625000000000000888, 0.9999999999999995559, -0.6749999999999996003 ) ) ;
#1674 = CARTESIAN_POINT ( 'NONE',  ( 5.624999999999969802, 0.000000000000000000, 1.625000000000000222 ) ) ;
#1675 = LINE ( 'NONE', #3119, #3380 ) ;
#1676 = ORIENTED_EDGE ( 'NONE', *, *, #2250, .T. ) ;
#1677 = VECTOR ( 'NONE', #5409, 39.37007874015748143 ) ;
#1678 = CARTESIAN_POINT ( 'NONE',  ( 5.374999999999969802, 0.02499999999999945668, 1.224999999999999867 ) ) ;
#1679 = CARTESIAN_POINT ( 'NONE',  ( 5.668908665002989622, -0.4590670319878689121, -1.043908665002998726 ) ) ;
#1680 = ORIENTED_EDGE ( 'NONE', *, *, #2005, .F. ) ;
#1681 = VECTOR ( 'NONE', #1670, 39.37007874015748143 ) ;
#1682 = DIMENSIONAL_EXPONENTS ( 1.000000000000000000, 0.000000000000000000, 0.000000000000000000, 0.000000000000000000, 0.000000000000000000, 0.000000000000000000, 0.000000000000000000 ) ;
#1683 = LINE ( 'NONE', #4688, #4282 ) ;
#1684 = ORIENTED_EDGE ( 'NONE', *, *, #81, .F. ) ;
#1685 = ORIENTED_EDGE ( 'NONE', *, *, #3086, .T. ) ;
#1686 = CARTESIAN_POINT ( 'NONE',  ( 5.875000000000000888, -0.5000000000000001110, 0.8705708661417320693 ) ) ;
#1687 = ORIENTED_EDGE ( 'NONE', *, *, #3850, .F. ) ;
#1688 = CARTESIAN_POINT ( 'NONE',  ( 7.375000000000000888, 0.06500000000000009936, -1.224999999999999867 ) ) ;
#1689 = EDGE_CURVE ( 'NONE', #6432, #750, #4069, .T. ) ;
#1690 = LINE ( 'NONE', #1146, #44 ) ;
#1691 = ADVANCED_FACE ( 'NONE', ( #1128 ), #5144, .T. ) ;
#1692 = FACE_OUTER_BOUND ( 'NONE', #271, .T. ) ;
#1693 = VERTEX_POINT ( 'NONE', #4196 ) ;
#1694 = CARTESIAN_POINT ( 'NONE',  ( 6.625000000000001776, 1.064999999999999947, -0.2250000000000000611 ) ) ;
#1695 = ORIENTED_EDGE ( 'NONE', *, *, #2887, .F. ) ;
#1696 = PLANE ( 'NONE',  #3224 ) ;
#1697 = LINE ( 'NONE', #3145, #5929 ) ;
#1698 = EDGE_CURVE ( 'NONE', #3808, #3257, #5209, .T. ) ;
#1699 = FACE_OUTER_BOUND ( 'NONE', #1405, .T. ) ;
#1700 = LINE ( 'NONE', #6195, #6257 ) ;
#1701 = VERTEX_POINT ( 'NONE', #5692 ) ;
#1702 = EDGE_CURVE ( 'NONE', #1789, #3027, #6180, .T. ) ;
#1703 = CYLINDRICAL_SURFACE ( 'NONE', #360, 0.3705708661417323468 ) ;
#1704 = CARTESIAN_POINT ( 'NONE',  ( 5.875000000000000888, -1.036747897645823535, 0.5692453116553131132 ) ) ;
#1705 = VECTOR ( 'NONE', #1190, 39.37007874015748143 ) ;
#1706 = ORIENTED_EDGE ( 'NONE', *, *, #5681, .F. ) ;
#1707 = DIRECTION ( 'NONE',  ( -0.000000000000000000, 0.000000000000000000, -1.000000000000000000 ) ) ;
#1708 = PLANE ( 'NONE',  #3795 ) ;
#1709 = VECTOR ( 'NONE', #3367, 39.37007874015748143 ) ;
#1710 = CARTESIAN_POINT ( 'NONE',  ( 6.625000000000001776, 1.000000000000000000, 1.250000000000000000 ) ) ;
#1711 = ORIENTED_EDGE ( 'NONE', *, *, #2894, .T. ) ;
#1712 = DIRECTION ( 'NONE',  ( -1.000000000000000000, 0.000000000000000000, 0.000000000000000000 ) ) ;
#1713 = ORIENTED_EDGE ( 'NONE', *, *, #1915, .F. ) ;
#1714 = VECTOR ( 'NONE', #5998, 39.37007874015748143 ) ;
#1715 = CARTESIAN_POINT ( 'NONE',  ( 5.374999999999969802, 0.02499999999999945668, -0.2249999999999996447 ) ) ;
#1716 = ORIENTED_EDGE ( 'NONE', *, *, #6189, .F. ) ;
#1717 = CARTESIAN_POINT ( 'NONE',  ( 6.375000000000000888, 0.5825317547305481902, 1.124999999999999778 ) ) ;
#1718 = DIRECTION ( 'NONE',  ( 0.000000000000000000, 0.000000000000000000, 1.000000000000000000 ) ) ;
#1719 = CARTESIAN_POINT ( 'NONE',  ( 7.375000000000000888, 0.9999999999999995559, -0.3250000000000000666 ) ) ;
#1720 = EDGE_CURVE ( 'NONE', #1763, #4641, #224, .T. ) ;
#1721 = ORIENTED_EDGE ( 'NONE', *, *, #6027, .T. ) ;
#1722 = EDGE_CURVE ( 'NONE', #4751, #5336, #3718, .T. ) ;
#1723 = ADVANCED_FACE ( 'NONE', ( #1399 ), #5864, .F. ) ;
#1724 = CARTESIAN_POINT ( 'NONE',  ( 6.375000000000001776, -0.2500000000000000000, -1.675000000000000044 ) ) ;
#1725 = ORIENTED_EDGE ( 'NONE', *, *, #5854, .F. ) ;
#1726 = CARTESIAN_POINT ( 'NONE',  ( 5.624999999999969802, 0.1250000000000001110, 1.715000000000000524 ) ) ;
#1727 = CARTESIAN_POINT ( 'NONE',  ( 6.625000000000001776, -0.5800000000000000711, -0.5800000000000021805 ) ) ;
#1728 = DIRECTION ( 'NONE',  ( 1.000000000000000000, 0.000000000000000000, 0.000000000000000000 ) ) ;
#1729 = CARTESIAN_POINT ( 'NONE',  ( 5.374999999999969802, 0.06499999999999993283, 1.224999999999999423 ) ) ;
#1730 = LINE ( 'NONE', #3732, #2309 ) ;
#1731 = EDGE_CURVE ( 'NONE', #6295, #2872, #5928, .T. ) ;
#1732 = EDGE_CURVE ( 'NONE', #4008, #2522, #3396, .T. ) ;
#1733 = ORIENTED_EDGE ( 'NONE', *, *, #6268, .T. ) ;
#1734 = VECTOR ( 'NONE', #1330, 39.37007874015748143 ) ;
#1735 = LINE ( 'NONE', #3153, #1920 ) ;
#1736 = DIRECTION ( 'NONE',  ( -1.000000000000000000, 0.000000000000000000, 0.000000000000000000 ) ) ;
#1737 = AXIS2_PLACEMENT_3D ( 'NONE', #2119, #1981, #998 ) ;
#1738 = EDGE_CURVE ( 'NONE', #2676, #3506, #3038, .T. ) ;
#1739 = ORIENTED_EDGE ( 'NONE', *, *, #15, .F. ) ;
#1740 = CARTESIAN_POINT ( 'NONE',  ( 7.875000000000000888, -1.036747897645823535, 0.5692453116553131132 ) ) ;
#1741 = DIRECTION ( 'NONE',  ( 0.000000000000000000, -0.7071067811865515695, -0.7071067811865434649 ) ) ;
#1742 = CARTESIAN_POINT ( 'NONE',  ( 5.460340844629849144, -0.3874563085296294784, -0.8353408446298592471 ) ) ;
#1743 = EDGE_LOOP ( 'NONE', ( #3272, #987, #3915, #903 ) ) ;
#1744 = PLANE ( 'NONE',  #2185 ) ;
#1745 = CARTESIAN_POINT ( 'NONE',  ( 5.624999999999969802, 0.02499999999999945668, 1.225000000000000089 ) ) ;
#1746 = ORIENTED_EDGE ( 'NONE', *, *, #5747, .T. ) ;
#1747 = LINE ( 'NONE', #3778, #4044 ) ;
#1748 = VERTEX_POINT ( 'NONE', #4495 ) ;
#1749 = VECTOR ( 'NONE', #748, 39.37007874015748143 ) ;
#1750 = DIRECTION ( 'NONE',  ( 4.370956789862818684E-16, 0.000000000000000000, -1.000000000000000000 ) ) ;
#1751 = LINE ( 'NONE', #2184, #2885 ) ;
#1752 = VECTOR ( 'NONE', #674, 39.37007874015748143 ) ;
#1753 = ORIENTED_EDGE ( 'NONE', *, *, #4010, .T. ) ;
#1754 = VECTOR ( 'NONE', #931, 39.37007874015748143 ) ;
#1755 = PLANE ( 'NONE',  #5080 ) ;
#1756 = ORIENTED_EDGE ( 'NONE', *, *, #2250, .F. ) ;
#1757 = CARTESIAN_POINT ( 'NONE',  ( 6.375000000000001776, 1.064999999999999947, -0.2250000000000000611 ) ) ;
#1758 = LINE ( 'NONE', #5734, #2186 ) ;
#1759 = VECTOR ( 'NONE', #6037, 39.37007874015748143 ) ;
#1760 = LINE ( 'NONE', #3727, #4793 ) ;
#1761 = VECTOR ( 'NONE', #5557, 39.37007874015748143 ) ;
#1762 = LINE ( 'NONE', #5304, #5736 ) ;
#1763 = VERTEX_POINT ( 'NONE', #3461 ) ;
#1764 = LINE ( 'NONE', #690, #1156 ) ;
#1765 = VECTOR ( 'NONE', #5550, 39.37007874015748143 ) ;
#1766 = ORIENTED_EDGE ( 'NONE', *, *, #3694, .T. ) ;
#1767 = CARTESIAN_POINT ( 'NONE',  ( 5.374999999999969802, 0.02499999999999946362, 1.774999999999999689 ) ) ;
#1768 = FACE_OUTER_BOUND ( 'NONE', #62, .T. ) ;
#1769 = EDGE_CURVE ( 'NONE', #3293, #5851, #5435, .T. ) ;
#1770 = EDGE_CURVE ( 'NONE', #1216, #6151, #5894, .T. ) ;
#1771 = CARTESIAN_POINT ( 'NONE',  ( 5.374999999999969802, 0.7499999999999998890, 1.324999999999999956 ) ) ;
#1772 = VECTOR ( 'NONE', #104, 39.37007874015748143 ) ;
#1773 = EDGE_LOOP ( 'NONE', ( #2106, #229, #222 ) ) ;
#1774 = DIRECTION ( 'NONE',  ( -0.000000000000000000, -0.7071067811865494601, -0.7071067811865454633 ) ) ;
#1775 = DIRECTION ( 'NONE',  ( 1.000000000000000000, -0.000000000000000000, -0.000000000000000000 ) ) ;
#1776 = DIRECTION ( 'NONE',  ( 0.000000000000000000, -0.7071067811865461294, 0.7071067811865487940 ) ) ;
#1777 = CARTESIAN_POINT ( 'NONE',  ( 5.585973222703710661, -0.4275404240667093902, -0.9609732227037199870 ) ) ;
#1778 = EDGE_LOOP ( 'NONE', ( #4750, #1917, #6304, #6427 ) ) ;
#1779 = EDGE_CURVE ( 'NONE', #3027, #4266, #2977, .T. ) ;
#1780 = CARTESIAN_POINT ( 'NONE',  ( 6.375000000000000888, -0.5000000000000001110, 0.06692913385826744499 ) ) ;
#1781 = VECTOR ( 'NONE', #5797, 39.37007874015748143 ) ;
#1782 = VERTEX_POINT ( 'NONE', #6353 ) ;
#1783 = CARTESIAN_POINT ( 'NONE',  ( 6.625000000000001776, 0.7499999999999998890, -0.7499999999999997780 ) ) ;
#1784 = ORIENTED_EDGE ( 'NONE', *, *, #3137, .T. ) ;
#1785 = VECTOR ( 'NONE', #5643, 39.37007874015748143 ) ;
#1786 = EDGE_LOOP ( 'NONE', ( #1268, #4226, #3025, #4006 ) ) ;
#1787 = EDGE_CURVE ( 'NONE', #4038, #979, #1950, .T. ) ;
#1788 = CARTESIAN_POINT ( 'NONE',  ( 7.625000000000000888, 1.124999999999999556, -0.3250000000000000666 ) ) ;
#1789 = VERTEX_POINT ( 'NONE', #4399 ) ;
#1790 = DIRECTION ( 'NONE',  ( 1.000000000000000000, -0.000000000000000000, -0.000000000000000000 ) ) ;
#1791 = ORIENTED_EDGE ( 'NONE', *, *, #1242, .T. ) ;
#1792 = CARTESIAN_POINT ( 'NONE',  ( 5.624999999999969802, -0.3749999999999999445, 1.750000000000000222 ) ) ;
#1793 = DIRECTION ( 'NONE',  ( 0.000000000000000000, -1.000000000000000000, -0.000000000000000000 ) ) ;
#1794 = LINE ( 'NONE', #5397, #412 ) ;
#1795 = DIRECTION ( 'NONE',  ( 0.000000000000000000, 0.000000000000000000, 1.000000000000000000 ) ) ;
#1796 = CARTESIAN_POINT ( 'NONE',  ( 6.625000000000001776, 0.1250000000000000278, -1.715000000000000080 ) ) ;
#1797 = ORIENTED_EDGE ( 'NONE', *, *, #4766, .T. ) ;
#1798 = CARTESIAN_POINT ( 'NONE',  ( 7.375000000000000888, 0.7499999999999998890, 1.750000000000000222 ) ) ;
#1799 = ORIENTED_EDGE ( 'NONE', *, *, #1647, .T. ) ;
#1800 = LINE ( 'NONE', #1402, #354 ) ;
#1801 = VERTEX_POINT ( 'NONE', #453 ) ;
#1802 = ORIENTED_EDGE ( 'NONE', *, *, #2820, .F. ) ;
#1803 = EDGE_CURVE ( 'NONE', #4831, #2379, #5368, .T. ) ;
#1804 = DIRECTION ( 'NONE',  ( 0.000000000000000000, 0.000000000000000000, -1.000000000000000000 ) ) ;
#1805 = ADVANCED_FACE ( 'NONE', ( #1005 ), #2474, .F. ) ;
#1806 = CARTESIAN_POINT ( 'NONE',  ( 6.375000000000001776, -0.2500000000000000000, -1.750000000000000000 ) ) ;
#1807 = DIRECTION ( 'NONE',  ( 0.000000000000000000, 0.000000000000000000, -1.000000000000000000 ) ) ;
#1808 = ORIENTED_EDGE ( 'NONE', *, *, #2862, .F. ) ;
#1809 = VECTOR ( 'NONE', #4092, 39.37007874015748854 ) ;
#1810 = VERTEX_POINT ( 'NONE', #1495 ) ;
#1811 = DIRECTION ( 'NONE',  ( 0.000000000000000000, 0.000000000000000000, -1.000000000000000000 ) ) ;
#1812 = EDGE_CURVE ( 'NONE', #1502, #6050, #5017, .T. ) ;
#1813 = VECTOR ( 'NONE', #3148, 39.37007874015748143 ) ;
#1814 = LINE ( 'NONE', #4813, #2975 ) ;
#1815 = EDGE_LOOP ( 'NONE', ( #4073, #1626, #3128, #5117 ) ) ;
#1816 = DIRECTION ( 'NONE',  ( 1.000000000000000000, 0.000000000000000000, 0.000000000000000000 ) ) ;
#1817 = VECTOR ( 'NONE', #339, 39.37007874015748143 ) ;
#1818 = ORIENTED_EDGE ( 'NONE', *, *, #1481, .F. ) ;
#1819 = DIRECTION ( 'NONE',  ( -1.000000000000000000, 0.000000000000000000, -4.370956789862818684E-16 ) ) ;
#1820 = EDGE_CURVE ( 'NONE', #2079, #2299, #1889, .T. ) ;
#1821 = ORIENTED_EDGE ( 'NONE', *, *, #2780, .T. ) ;
#1822 = CARTESIAN_POINT ( 'NONE',  ( 6.375000000000001776, 0.000000000000000000, -1.249999999999999778 ) ) ;
#1823 = AXIS2_PLACEMENT_3D ( 'NONE', #3381, #1935, #889 ) ;
#1824 = LINE ( 'NONE', #1727, #1965 ) ;
#1825 = CARTESIAN_POINT ( 'NONE',  ( 7.375000000000000888, 0.06499999999999971079, -1.775000000000000133 ) ) ;
#1826 = DIRECTION ( 'NONE',  ( 0.000000000000000000, 0.000000000000000000, 1.000000000000000000 ) ) ;
#1827 = DIRECTION ( 'NONE',  ( -0.000000000000000000, -0.7071067811865450192, -0.7071067811865499042 ) ) ;
#1828 = VERTEX_POINT ( 'NONE', #5497 ) ;
#1829 = ORIENTED_EDGE ( 'NONE', *, *, #3571, .F. ) ;
#1830 = DIRECTION ( 'NONE',  ( 0.000000000000000000, -1.000000000000000000, -0.000000000000000000 ) ) ;
#1831 = ORIENTED_EDGE ( 'NONE', *, *, #5753, .F. ) ;
#1832 = ORIENTED_EDGE ( 'NONE', *, *, #5954, .T. ) ;
#1833 = CARTESIAN_POINT ( 'NONE',  ( 7.875000000000000888, 0.7499999999999998890, -0.8749999999999997780 ) ) ;
#1834 = CARTESIAN_POINT ( 'NONE',  ( 5.875000000000000888, -0.5000000000000001110, 0.4999999999999997224 ) ) ;
#1835 = ADVANCED_FACE ( 'NONE', ( #2910 ), #4888, .F. ) ;
#1836 = DIRECTION ( 'NONE',  ( 0.000000000000000000, 0.000000000000000000, -1.000000000000000000 ) ) ;
#1837 = EDGE_LOOP ( 'NONE', ( #108, #3237, #5514, #1445 ) ) ;
#1838 = MECHANICAL_DESIGN_GEOMETRIC_PRESENTATION_REPRESENTATION (  '', ( #3722 ), #5789 ) ;
#1839 = ORIENTED_EDGE ( 'NONE', *, *, #3910, .F. ) ;
#1840 = DIRECTION ( 'NONE',  ( -0.000000000000000000, -0.8660254037844377084, -0.5000000000000015543 ) ) ;
#1841 = DIRECTION ( 'NONE',  ( 0.000000000000000000, 0.7071067811865493491, 0.7071067811865454633 ) ) ;
#1842 = ORIENTED_EDGE ( 'NONE', *, *, #2799, .F. ) ;
#1843 = EDGE_CURVE ( 'NONE', #2496, #1309, #1035, .T. ) ;
#1844 = ADVANCED_FACE ( 'NONE', ( #2511 ), #1921, .T. ) ;
#1845 = VERTEX_POINT ( 'NONE', #3909 ) ;
#1846 = FACE_OUTER_BOUND ( 'NONE', #4151, .T. ) ;
#1847 = ORIENTED_EDGE ( 'NONE', *, *, #4234, .F. ) ;
#1848 = DIRECTION ( 'NONE',  ( 0.000000000000000000, 1.000000000000000000, 3.414809992080307034E-15 ) ) ;
#1849 = CARTESIAN_POINT ( 'NONE',  ( 5.624999999999969802, 0.000000000000000000, 1.625000000000000222 ) ) ;
#1850 = FACE_OUTER_BOUND ( 'NONE', #340, .T. ) ;
#1851 = PLANE ( 'NONE',  #377 ) ;
#1852 = AXIS2_PLACEMENT_3D ( 'NONE', #5880, #5943, #2396 ) ;
#1853 = EDGE_CURVE ( 'NONE', #4798, #3497, #2381, .T. ) ;
#1854 = VECTOR ( 'NONE', #5727, 39.37007874015748143 ) ;
#1855 = FACE_OUTER_BOUND ( 'NONE', #3333, .T. ) ;
#1856 = ORIENTED_EDGE ( 'NONE', *, *, #313, .F. ) ;
#1857 = ORIENTED_EDGE ( 'NONE', *, *, #3806, .F. ) ;
#1858 = VECTOR ( 'NONE', #1707, 39.37007874015748143 ) ;
#1859 = VECTOR ( 'NONE', #3786, 39.37007874015748143 ) ;
#1860 = ADVANCED_FACE ( 'NONE', ( #1665 ), #1696, .F. ) ;
#1861 = CARTESIAN_POINT ( 'NONE',  ( 6.625000000000001776, -0.8750000000000001110, -0.8749999999999966693 ) ) ;
#1862 = VECTOR ( 'NONE', #5790, 39.37007874015748143 ) ;
#1863 = CARTESIAN_POINT ( 'NONE',  ( 6.625000000000001776, 1.000000000000000000, -0.6249999999999996669 ) ) ;
#1864 = VECTOR ( 'NONE', #866, 39.37007874015748143 ) ;
#1865 = ORIENTED_EDGE ( 'NONE', *, *, #4698, .F. ) ;
#1866 = ORIENTED_EDGE ( 'NONE', *, *, #4507, .F. ) ;
#1867 = APPLICATION_PROTOCOL_DEFINITION ( 'draft international standard', 'automotive_design', 1998, #5695 ) ;
#1868 = DIRECTION ( 'NONE',  ( 0.000000000000000000, 1.000000000000000000, 0.000000000000000000 ) ) ;
#1869 = DIRECTION ( 'NONE',  ( 1.000000000000000000, -0.000000000000000000, -0.000000000000000000 ) ) ;
#1870 = ORIENTED_EDGE ( 'NONE', *, *, #5272, .T. ) ;
#1871 = VERTEX_POINT ( 'NONE', #4667 ) ;
#1872 = CARTESIAN_POINT ( 'NONE',  ( 6.375000000000001776, 0.000000000000000000, -1.374999999999999778 ) ) ;
#1873 = FACE_OUTER_BOUND ( 'NONE', #4417, .T. ) ;
#1874 = ORIENTED_EDGE ( 'NONE', *, *, #2580, .T. ) ;
#1875 = ORIENTED_EDGE ( 'NONE', *, *, #1516, .F. ) ;
#1876 = PLANE ( 'NONE',  #5803 ) ;
#1877 = AXIS2_PLACEMENT_3D ( 'NONE', #4095, #5171, #640 ) ;
#1878 = EDGE_CURVE ( 'NONE', #6394, #874, #2616, .T. ) ;
#1879 = CARTESIAN_POINT ( 'NONE',  ( 7.625000000000000888, 0.02499999999999977240, -1.774999999999999689 ) ) ;
#1880 = EDGE_CURVE ( 'NONE', #5320, #2355, #4559, .T. ) ;
#1881 = CARTESIAN_POINT ( 'NONE',  ( 6.625000000000001776, 1.064999999999999947, -0.7749999999999996891 ) ) ;
#1882 = CARTESIAN_POINT ( 'NONE',  ( 7.375000000000000888, 1.024999999999999911, 1.774999999999999467 ) ) ;
#1883 = CARTESIAN_POINT ( 'NONE',  ( 6.625000000000001776, 1.000000000000000000, 1.250000000000000000 ) ) ;
#1884 = PLANE ( 'NONE',  #634 ) ;
#1885 = EDGE_LOOP ( 'NONE', ( #3034, #4368, #5159, #4193 ) ) ;
#1886 = ORIENTED_EDGE ( 'NONE', *, *, #1843, .T. ) ;
#1887 = DIRECTION ( 'NONE',  ( -1.000000000000000000, 0.000000000000000000, 0.000000000000000000 ) ) ;
#1888 = ORIENTED_EDGE ( 'NONE', *, *, #3936, .F. ) ;
#1889 = LINE ( 'NONE', #3491, #2181 ) ;
#1890 = ADVANCED_FACE ( 'NONE', ( #3110 ), #6093, .T. ) ;
#1891 = CARTESIAN_POINT ( 'NONE',  ( 6.625000000000001776, 0.000000000000000000, -1.374999999999999778 ) ) ;
#1892 = LINE ( 'NONE', #4891, #3670 ) ;
#1893 = ORIENTED_EDGE ( 'NONE', *, *, #4563, .F. ) ;
#1894 = VERTEX_POINT ( 'NONE', #2123 ) ;
#1895 =( CONVERSION_BASED_UNIT ( 'INCH', #4528 ) LENGTH_UNIT ( ) NAMED_UNIT ( #186 ) );
#1896 = EDGE_CURVE ( 'NONE', #2788, #6050, #3144, .T. ) ;
#1897 = CARTESIAN_POINT ( 'NONE',  ( 6.625000000000001776, 1.124999999999999778, 1.324999999999999956 ) ) ;
#1898 = CARTESIAN_POINT ( 'NONE',  ( 7.375000000000000888, 1.000000000000000000, 1.250000000000000000 ) ) ;
#1899 = ORIENTED_EDGE ( 'NONE', *, *, #6284, .F. ) ;
#1900 = ORIENTED_EDGE ( 'NONE', *, *, #3878, .F. ) ;
#1901 = CARTESIAN_POINT ( 'NONE',  ( 7.625000000000000888, 0.7499999999999998890, 1.750000000000000222 ) ) ;
#1902 = PLANE ( 'NONE',  #983 ) ;
#1903 = ORIENTED_EDGE ( 'NONE', *, *, #4298, .F. ) ;
#1904 = VECTOR ( 'NONE', #1986, 39.37007874015748854 ) ;
#1905 = ORIENTED_EDGE ( 'NONE', *, *, #6299, .T. ) ;
#1906 = DIRECTION ( 'NONE',  ( 1.000000000000000000, -0.000000000000000000, -0.000000000000000000 ) ) ;
#1907 = ORIENTED_EDGE ( 'NONE', *, *, #4125, .T. ) ;
#1908 = FACE_BOUND ( 'NONE', #2187, .T. ) ;
#1909 = FACE_OUTER_BOUND ( 'NONE', #4220, .T. ) ;
#1910 = EDGE_CURVE ( 'NONE', #3497, #6036, #3206, .T. ) ;
#1911 = CARTESIAN_POINT ( 'NONE',  ( 5.624999999999969802, 0.1250000000000001110, -0.7150000000000003020 ) ) ;
#1912 = VECTOR ( 'NONE', #4011, 39.37007874015748143 ) ;
#1913 = DIRECTION ( 'NONE',  ( 0.000000000000000000, 0.000000000000000000, 1.000000000000000000 ) ) ;
#1914 = EDGE_CURVE ( 'NONE', #2358, #5821, #201, .T. ) ;
#1915 = EDGE_CURVE ( 'NONE', #671, #3363, #1630, .T. ) ;
#1916 = ORIENTED_EDGE ( 'NONE', *, *, #3409, .F. ) ;
#1917 = ORIENTED_EDGE ( 'NONE', *, *, #3335, .T. ) ;
#1918 = LINE ( 'NONE', #2538, #103 ) ;
#1919 = ORIENTED_EDGE ( 'NONE', *, *, #2606, .T. ) ;
#1920 = VECTOR ( 'NONE', #208, 39.37007874015748143 ) ;
#1921 = PLANE ( 'NONE',  #2802 ) ;
#1922 = EDGE_CURVE ( 'NONE', #1177, #1782, #5051, .T. ) ;
#1923 = PLANE ( 'NONE',  #4737 ) ;
#1924 = EDGE_CURVE ( 'NONE', #1547, #1112, #2192, .T. ) ;
#1925 = CARTESIAN_POINT ( 'NONE',  ( 6.625000000000001776, 0.000000000000000000, -1.625000000000000000 ) ) ;
#1926 = ORIENTED_EDGE ( 'NONE', *, *, #5500, .F. ) ;
#1927 = EDGE_LOOP ( 'NONE', ( #1370, #1025, #5179, #5072 ) ) ;
#1928 = DIRECTION ( 'NONE',  ( 0.000000000000000000, 1.000000000000000000, 0.000000000000000000 ) ) ;
#1929 = PLANE ( 'NONE',  #4589 ) ;
#1930 = FACE_OUTER_BOUND ( 'NONE', #4753, .T. ) ;
#1931 = DIRECTION ( 'NONE',  ( 0.000000000000000000, -0.7071067811865491270, 0.7071067811865460184 ) ) ;
#1932 = ADVANCED_FACE ( 'NONE', ( #1203 ), #581, .T. ) ;
#1933 = EDGE_LOOP ( 'NONE', ( #2290, #5837, #911, #4908, #1663, #2452, #4181, #1905, #5440, #337, #2074 ) ) ;
#1934 = DIRECTION ( 'NONE',  ( -1.000000000000000000, -0.000000000000000000, -0.000000000000000000 ) ) ;
#1935 = DIRECTION ( 'NONE',  ( 0.000000000000000000, -2.185478394931410180E-15, -1.000000000000000000 ) ) ;
#1936 = ORIENTED_EDGE ( 'NONE', *, *, #2672, .F. ) ;
#1937 = VECTOR ( 'NONE', #6313, 39.37007874015748143 ) ;
#1938 = EDGE_LOOP ( 'NONE', ( #4171, #5289, #5181, #4526 ) ) ;
#1939 = VECTOR ( 'NONE', #3589, 39.37007874015748854 ) ;
#1940 = CARTESIAN_POINT ( 'NONE',  ( 7.625000000000000888, 1.064999999999999947, -0.2250000000000000611 ) ) ;
#1941 = ORIENTED_EDGE ( 'NONE', *, *, #3839, .F. ) ;
#1942 = PLANE ( 'NONE',  #5387 ) ;
#1943 = PLANE ( 'NONE',  #5816 ) ;
#1944 = CARTESIAN_POINT ( 'NONE',  ( 7.375000000000000888, 0.7499999999999998890, 1.250000000000000000 ) ) ;
#1945 = LINE ( 'NONE', #3937, #589 ) ;
#1946 = ORIENTED_EDGE ( 'NONE', *, *, #5579, .F. ) ;
#1947 = DIRECTION ( 'NONE',  ( 0.000000000000000000, 0.000000000000000000, -1.000000000000000000 ) ) ;
#1948 = ORIENTED_EDGE ( 'NONE', *, *, #2966, .F. ) ;
#1949 = LINE ( 'NONE', #4919, #4208 ) ;
#1950 = LINE ( 'NONE', #32, #404 ) ;
#1951 = CIRCLE ( 'NONE', #4253, 0.4999999999999998335 ) ;
#1952 = CARTESIAN_POINT ( 'NONE',  ( 6.625000000000001776, 0.000000000000000000, -1.774999999999999689 ) ) ;
#1953 = LINE ( 'NONE', #548, #744 ) ;
#1954 = VECTOR ( 'NONE', #3925, 39.37007874015748143 ) ;
#1955 = ORIENTED_EDGE ( 'NONE', *, *, #5350, .T. ) ;
#1956 = EDGE_LOOP ( 'NONE', ( #1261, #1799, #1323, #1051 ) ) ;
#1957 = VECTOR ( 'NONE', #4693, 39.37007874015748143 ) ;
#1958 = CARTESIAN_POINT ( 'NONE',  ( 7.875000000000000888, 0.7500000000000003331, 1.675000000000000266 ) ) ;
#1959 = EDGE_CURVE ( 'NONE', #1259, #4622, #2159, .T. ) ;
#1960 = EDGE_CURVE ( 'NONE', #3886, #1671, #3177, .T. ) ;
#1961 = CARTESIAN_POINT ( 'NONE',  ( 7.375000000000000888, 0.000000000000000000, -1.374999999999999778 ) ) ;
#1962 = AXIS2_PLACEMENT_3D ( 'NONE', #1540, #2139, #3088 ) ;
#1963 = ORIENTED_EDGE ( 'NONE', *, *, #965, .T. ) ;
#1964 = AXIS2_PLACEMENT_3D ( 'NONE', #3740, #5198, #1061 ) ;
#1965 = VECTOR ( 'NONE', #3818, 39.37007874015748143 ) ;
#1966 = DIRECTION ( 'NONE',  ( 1.000000000000000000, 0.000000000000000000, 0.000000000000000000 ) ) ;
#1967 = ORIENTED_EDGE ( 'NONE', *, *, #768, .F. ) ;
#1968 = DIRECTION ( 'NONE',  ( 0.000000000000000000, -1.000000000000000000, 0.000000000000000000 ) ) ;
#1969 = VECTOR ( 'NONE', #1556, 39.37007874015748143 ) ;
#1970 = ADVANCED_FACE ( 'NONE', ( #545 ), #4175, .F. ) ;
#1971 = CARTESIAN_POINT ( 'NONE',  ( 6.375000000000001776, 1.024999999999999911, 1.224999999999999867 ) ) ;
#1972 = ORIENTED_EDGE ( 'NONE', *, *, #4618, .T. ) ;
#1974 = EDGE_LOOP ( 'NONE', ( #2429, #5650, #3150, #4814 ) ) ;
#1973 = VECTOR ( 'NONE', #2653, 39.37007874015748143 ) ;
#1975 = LINE ( 'NONE', #5485, #5604 ) ;
#1976 = ORIENTED_EDGE ( 'NONE', *, *, #454, .F. ) ;
#1977 = CARTESIAN_POINT ( 'NONE',  ( 5.749999999999985789, -0.3749999999999991673, 1.677831216351288957 ) ) ;
#1978 = EDGE_CURVE ( 'NONE', #1748, #5315, #5671, .T. ) ;
#1979 = DIRECTION ( 'NONE',  ( 0.000000000000000000, 0.000000000000000000, -1.000000000000000000 ) ) ;
#1980 = LINE ( 'NONE', #5428, #4347 ) ;
#1981 = DIRECTION ( 'NONE',  ( 1.000000000000000000, 0.000000000000000000, -0.000000000000000000 ) ) ;
#1982 = AXIS2_PLACEMENT_3D ( 'NONE', #4762, #4852, #293 ) ;
#1983 = EDGE_LOOP ( 'NONE', ( #5115, #5572, #1808, #438 ) ) ;
#1984 = CARTESIAN_POINT ( 'NONE',  ( 5.875000000000000888, 0.000000000000000000, -1.000000000000000888 ) ) ;
#1985 = ORIENTED_EDGE ( 'NONE', *, *, #4927, .T. ) ;
#1986 = DIRECTION ( 'NONE',  ( 0.7686948408648041076, 0.6356484774845163610, -0.07112843805011848097 ) ) ;
#1987 = CARTESIAN_POINT ( 'NONE',  ( 6.375000000000001776, 0.1250000000000000278, 0.000000000000000000 ) ) ;
#1988 = CARTESIAN_POINT ( 'NONE',  ( 6.625000000000001776, 1.124999999999999778, 1.674999999999999822 ) ) ;
#1989 = AXIS2_PLACEMENT_3D ( 'NONE', #1017, #4931, #2988 ) ;
#1990 = DIRECTION ( 'NONE',  ( 0.000000000000000000, -1.000000000000000000, -0.000000000000000000 ) ) ;
#1991 = DIRECTION ( 'NONE',  ( -1.000000000000000000, 0.000000000000000000, 0.000000000000000000 ) ) ;
#1992 = ORIENTED_EDGE ( 'NONE', *, *, #4766, .F. ) ;
#1993 = ORIENTED_EDGE ( 'NONE', *, *, #6415, .T. ) ;
#1994 = CARTESIAN_POINT ( 'NONE',  ( 7.375000000000000888, 0.06499999999999971079, -1.775000000000000133 ) ) ;
#1995 = CARTESIAN_POINT ( 'NONE',  ( 7.375000000000000888, 0.7499999999999998890, -0.3750000000000001110 ) ) ;
#1996 = FACE_OUTER_BOUND ( 'NONE', #5472, .T. ) ;
#1997 = ADVANCED_FACE ( 'NONE', ( #5529 ), #4077, .F. ) ;
#1998 = LINE ( 'NONE', #2589, #6079 ) ;
#1999 = EDGE_CURVE ( 'NONE', #1191, #4845, #1068, .T. ) ;
#2000 = EDGE_CURVE ( 'NONE', #3130, #3713, #288, .T. ) ;
#2001 = ORIENTED_EDGE ( 'NONE', *, *, #4353, .T. ) ;
#2002 = LINE ( 'NONE', #2107, #4050 ) ;
#2003 = CARTESIAN_POINT ( 'NONE',  ( 5.624999999999969802, 0.1250000000000001110, 1.675000000000000266 ) ) ;
#2004 = ORIENTED_EDGE ( 'NONE', *, *, #3473, .F. ) ;
#2005 = EDGE_CURVE ( 'NONE', #2797, #6350, #2282, .T. ) ;
#2006 = VERTEX_POINT ( 'NONE', #6188 ) ;
#2007 = CARTESIAN_POINT ( 'NONE',  ( 5.875000000000000888, -1.036747897645823535, 0.5692453116553131132 ) ) ;
#2008 = VERTEX_POINT ( 'NONE', #232 ) ;
#2009 = CARTESIAN_POINT ( 'NONE',  ( 7.375000000000000888, 1.124999999999999556, -0.6749999999999996003 ) ) ;
#2010 = DIRECTION ( 'NONE',  ( 0.000000000000000000, 0.000000000000000000, 1.000000000000000000 ) ) ;
#2011 = CARTESIAN_POINT ( 'NONE',  ( 6.375000000000001776, 0.9999999999999998890, 1.674999999999999822 ) ) ;
#2012 = DIRECTION ( 'NONE',  ( 1.000000000000000000, 0.000000000000000000, 0.000000000000000000 ) ) ;
#2013 = VECTOR ( 'NONE', #989, 39.37007874015748143 ) ;
#2014 = EDGE_CURVE ( 'NONE', #6158, #5860, #2805, .T. ) ;
#2015 = ORIENTED_EDGE ( 'NONE', *, *, #1612, .F. ) ;
#2016 = CARTESIAN_POINT ( 'NONE',  ( 7.625000000000000888, 1.000000000000000000, 1.250000000000000000 ) ) ;
#2017 = ORIENTED_EDGE ( 'NONE', *, *, #694, .F. ) ;
#2018 = LINE ( 'NONE', #5927, #1904 ) ;
#2019 = DIRECTION ( 'NONE',  ( 1.000000000000000000, 0.000000000000000000, -0.000000000000000000 ) ) ;
#2020 = VECTOR ( 'NONE', #3979, 39.37007874015748854 ) ;
#2021 = CARTESIAN_POINT ( 'NONE',  ( 6.375000000000001776, 1.000000000000000000, -0.7499999999999997780 ) ) ;
#2022 = AXIS2_PLACEMENT_3D ( 'NONE', #6311, #1270, #5243 ) ;
#2023 = LINE ( 'NONE', #1529, #2336 ) ;
#2024 = AXIS2_PLACEMENT_3D ( 'NONE', #4607, #4119, #145 ) ;
#2025 = CARTESIAN_POINT ( 'NONE',  ( 7.375000000000000888, 1.024999999999999689, -0.2250000000000001998 ) ) ;
#2026 = VERTEX_POINT ( 'NONE', #4757 ) ;
#2027 = ORIENTED_EDGE ( 'NONE', *, *, #4963, .F. ) ;
#2028 = CARTESIAN_POINT ( 'NONE',  ( 5.624999999999969802, 0.000000000000000000, 1.625000000000000222 ) ) ;
#2029 = CARTESIAN_POINT ( 'NONE',  ( 5.374999999999969802, 0.000000000000000000, -0.2499999999999998057 ) ) ;
#2030 = VERTEX_POINT ( 'NONE', #4304 ) ;
#2031 = FACE_OUTER_BOUND ( 'NONE', #6280, .T. ) ;
#2032 = ORIENTED_EDGE ( 'NONE', *, *, #2055, .F. ) ;
#2033 = DIRECTION ( 'NONE',  ( 0.000000000000000000, -0.7071067811865515695, -0.7071067811865434649 ) ) ;
#2034 = PLANE ( 'NONE',  #1076 ) ;
#2035 = VERTEX_POINT ( 'NONE', #1726 ) ;
#2036 = ORIENTED_EDGE ( 'NONE', *, *, #4470, .F. ) ;
#2037 = ORIENTED_EDGE ( 'NONE', *, *, #454, .T. ) ;
#2038 = CARTESIAN_POINT ( 'NONE',  ( 7.875000000000000888, -0.2500000000000000000, -1.625000000000000000 ) ) ;
#2039 = ORIENTED_EDGE ( 'NONE', *, *, #5423, .F. ) ;
#2040 = CARTESIAN_POINT ( 'NONE',  ( 5.875000000000000000, -0.3749999999999999445, 1.605662432702577469 ) ) ;
#2041 = CARTESIAN_POINT ( 'NONE',  ( 6.625000000000001776, 0.7499999999999998890, -0.3250000000000000666 ) ) ;
#2042 = LINE ( 'NONE', #2151, #4573 ) ;
#2043 = EDGE_CURVE ( 'NONE', #2939, #2836, #6283, .T. ) ;
#2044 = DIRECTION ( 'NONE',  ( -1.000000000000000000, 0.000000000000000000, 0.000000000000000000 ) ) ;
#2045 = ADVANCED_FACE ( 'NONE', ( #3725 ), #4274, .F. ) ;
#2046 = LINE ( 'NONE', #5524, #1215 ) ;
#2047 = VECTOR ( 'NONE', #2609, 39.37007874015748143 ) ;
#2048 = VERTEX_POINT ( 'NONE', #6254 ) ;
#2049 = DIRECTION ( 'NONE',  ( 0.000000000000000000, -0.7071067811865461294, 0.7071067811865489050 ) ) ;
#2050 = EDGE_LOOP ( 'NONE', ( #6380, #3585, #5259, #5804 ) ) ;
#2051 = CARTESIAN_POINT ( 'NONE',  ( 5.374999999999969802, 0.000000000000000000, -0.3749999999999991673 ) ) ;
#2052 = DIRECTION ( 'NONE',  ( -1.000000000000000000, 0.000000000000000000, 0.000000000000000000 ) ) ;
#2053 = LINE ( 'NONE', #5531, #2499 ) ;
#2054 = CARTESIAN_POINT ( 'NONE',  ( 6.375000000000001776, 1.000000000000000000, 1.750000000000000222 ) ) ;
#2055 = EDGE_CURVE ( 'NONE', #5276, #3885, #751, .T. ) ;
#2056 = CARTESIAN_POINT ( 'NONE',  ( 5.624999999999969802, -0.2500000000000000000, 1.750000000000000222 ) ) ;
#2057 = DIRECTION ( 'NONE',  ( -0.000000000000000000, -1.000000000000000000, 0.000000000000000000 ) ) ;
#2058 = ORIENTED_EDGE ( 'NONE', *, *, #4433, .F. ) ;
#2059 = ORIENTED_EDGE ( 'NONE', *, *, #785, .T. ) ;
#2060 = DIRECTION ( 'NONE',  ( 0.000000000000000000, 1.000000000000000000, 0.000000000000000000 ) ) ;
#2061 = VECTOR ( 'NONE', #5560, 39.37007874015748143 ) ;
#2062 = EDGE_CURVE ( 'NONE', #1474, #4641, #2745, .T. ) ;
#2063 = DIRECTION ( 'NONE',  ( 0.000000000000000000, 0.000000000000000000, 1.000000000000000000 ) ) ;
#2064 =( LENGTH_UNIT ( ) NAMED_UNIT ( * ) SI_UNIT ( $, .METRE. ) );
#2065 = VECTOR ( 'NONE', #534, 39.37007874015748143 ) ;
#2066 = CARTESIAN_POINT ( 'NONE',  ( 6.625000000000001776, 0.7499999999999998890, 1.750000000000000222 ) ) ;
#2067 = AXIS2_PLACEMENT_3D ( 'NONE', #5733, #2777, #1269 ) ;
#2068 = AXIS2_PLACEMENT_3D ( 'NONE', #1656, #3659, #3168 ) ;
#2069 = ORIENTED_EDGE ( 'NONE', *, *, #841, .T. ) ;
#2070 = CARTESIAN_POINT ( 'NONE',  ( 6.625000000000001776, 1.124999999999999778, 1.324999999999999956 ) ) ;
#2071 = AXIS2_PLACEMENT_3D ( 'NONE', #77, #3123, #595 ) ;
#2072 = VECTOR ( 'NONE', #1741, 39.37007874015748143 ) ;
#2073 = CARTESIAN_POINT ( 'NONE',  ( 5.374999999999969802, 1.000000000000000000, -0.3750000000000001110 ) ) ;
#2074 = ORIENTED_EDGE ( 'NONE', *, *, #4507, .T. ) ;
#2075 = LINE ( 'NONE', #3580, #1765 ) ;
#2076 = DIRECTION ( 'NONE',  ( 0.000000000000000000, 1.000000000000000000, 0.000000000000000000 ) ) ;
#2077 = VECTOR ( 'NONE', #1790, 39.37007874015748143 ) ;
#2078 = ORIENTED_EDGE ( 'NONE', *, *, #4594, .F. ) ;
#2079 = VERTEX_POINT ( 'NONE', #839 ) ;
#2080 = CARTESIAN_POINT ( 'NONE',  ( 7.625000000000000888, 1.000000000000000000, -0.3750000000000001110 ) ) ;
#2081 = ORIENTED_EDGE ( 'NONE', *, *, #3807, .T. ) ;
#2082 = CARTESIAN_POINT ( 'NONE',  ( 6.625000000000001776, 0.9199999999999997069, -0.9200000000000049249 ) ) ;
#2083 = DIRECTION ( 'NONE',  ( 1.000000000000000000, -0.000000000000000000, -0.000000000000000000 ) ) ;
#2084 = CARTESIAN_POINT ( 'NONE',  ( 6.625000000000001776, 0.000000000000000000, -1.750000000000000000 ) ) ;
#2085 = DIRECTION ( 'NONE',  ( -1.000000000000000000, 0.000000000000000000, -4.370956789862818684E-16 ) ) ;
#2086 = VECTOR ( 'NONE', #1006, 39.37007874015748143 ) ;
#2087 = VERTEX_POINT ( 'NONE', #4728 ) ;
#2088 = EDGE_CURVE ( 'NONE', #1645, #2692, #259, .T. ) ;
#2089 = ADVANCED_FACE ( 'NONE', ( #4790 ), #4239, .T. ) ;
#2090 = LINE ( 'NONE', #2715, #907 ) ;
#2091 = ORIENTED_EDGE ( 'NONE', *, *, #5422, .F. ) ;
#2092 = CARTESIAN_POINT ( 'NONE',  ( 6.375000000000000888, -0.1517695261637659054, 1.343841733043066755 ) ) ;
#2093 = DIRECTION ( 'NONE',  ( -4.370956789862818684E-16, 0.000000000000000000, -1.000000000000000000 ) ) ;
#2094 = CARTESIAN_POINT ( 'NONE',  ( 6.625000000000001776, 1.124999999999999778, 1.714999999999999858 ) ) ;
#2095 = DIRECTION ( 'NONE',  ( -1.000000000000000000, 0.000000000000000000, 0.000000000000000000 ) ) ;
#2096 = CARTESIAN_POINT ( 'NONE',  ( 6.375000000000001776, 1.124999999999999556, -0.2850000000000000866 ) ) ;
#2097 = EDGE_CURVE ( 'NONE', #2873, #3603, #5823, .T. ) ;
#2098 = ORIENTED_EDGE ( 'NONE', *, *, #1533, .F. ) ;
#2099 = ORIENTED_EDGE ( 'NONE', *, *, #4148, .T. ) ;
#2100 = VECTOR ( 'NONE', #5070, 39.37007874015748143 ) ;
#2101 = CARTESIAN_POINT ( 'NONE',  ( 7.375000000000000888, 1.124999999999999778, 1.284999999999999920 ) ) ;
#2102 = FACE_OUTER_BOUND ( 'NONE', #3078, .T. ) ;
#2103 = CARTESIAN_POINT ( 'NONE',  ( 5.374999999999969802, 0.000000000000000000, -1.374999999999999778 ) ) ;
#2104 = LINE ( 'NONE', #3948, #1546 ) ;
#2105 = EDGE_CURVE ( 'NONE', #2229, #2517, #6219, .T. ) ;
#2106 = ORIENTED_EDGE ( 'NONE', *, *, #4963, .T. ) ;
#2107 = CARTESIAN_POINT ( 'NONE',  ( 6.625000000000001776, 1.024999999999999689, -0.7749999999999994671 ) ) ;
#2108 = FACE_OUTER_BOUND ( 'NONE', #6301, .T. ) ;
#2109 = CARTESIAN_POINT ( 'NONE',  ( 7.625000000000000888, 1.064999999999999503, 1.774999999999999467 ) ) ;
#2110 = ORIENTED_EDGE ( 'NONE', *, *, #2770, .T. ) ;
#2111 = CARTESIAN_POINT ( 'NONE',  ( 7.375000000000000888, 1.024999999999999689, -0.7749999999999994671 ) ) ;
#2112 = EDGE_LOOP ( 'NONE', ( #3448, #1480, #6166, #848 ) ) ;
#2113 = ORIENTED_EDGE ( 'NONE', *, *, #2330, .F. ) ;
#2114 = DIRECTION ( 'NONE',  ( -1.092739197465705041E-16, 0.000000000000000000, 1.000000000000000000 ) ) ;
#2115 = EDGE_LOOP ( 'NONE', ( #4776, #4763, #3375, #3371, #1278, #265, #5698 ) ) ;
#2116 = DIRECTION ( 'NONE',  ( 1.000000000000000000, 0.000000000000000000, 0.000000000000000000 ) ) ;
#2117 = PLANE ( 'NONE',  #5404 ) ;
#2118 = CARTESIAN_POINT ( 'NONE',  ( 6.375000000000001776, 1.124999999999999556, -0.7149999999999996358 ) ) ;
#2119 = CARTESIAN_POINT ( 'NONE',  ( 6.625000000000001776, 0.000000000000000000, -1.750000000000000000 ) ) ;
#2120 = LINE ( 'NONE', #3625, #5922 ) ;
#2121 = ORIENTED_EDGE ( 'NONE', *, *, #5822, .T. ) ;
#2122 = CARTESIAN_POINT ( 'NONE',  ( 7.625000000000000888, 1.124999999999999778, 1.674999999999999822 ) ) ;
#2123 = CARTESIAN_POINT ( 'NONE',  ( 7.375000000000000888, 0.02499999999999977240, -1.774999999999999689 ) ) ;
#2124 = ADVANCED_FACE ( 'NONE', ( #4820 ), #3756, .F. ) ;
#2125 = DIRECTION ( 'NONE',  ( 0.000000000000000000, -1.000000000000000000, -0.000000000000000000 ) ) ;
#2126 = LINE ( 'NONE', #1988, #5101 ) ;
#2127 = AXIS2_PLACEMENT_3D ( 'NONE', #4174, #1558, #2576 ) ;
#2128 = DIRECTION ( 'NONE',  ( 0.000000000000000000, 0.000000000000000000, -1.000000000000000000 ) ) ;
#2129 = DIRECTION ( 'NONE',  ( 0.000000000000000000, -1.000000000000000000, 0.000000000000000000 ) ) ;
#2130 = EDGE_LOOP ( 'NONE', ( #5813, #3450, #199, #2742 ) ) ;
#2131 = VECTOR ( 'NONE', #4638, 39.37007874015748143 ) ;
#2132 = FACE_OUTER_BOUND ( 'NONE', #3627, .T. ) ;
#2133 = EDGE_CURVE ( 'NONE', #4404, #6115, #3268, .T. ) ;
#2134 = LINE ( 'NONE', #3676, #4235 ) ;
#2135 = EDGE_CURVE ( 'NONE', #5851, #5457, #3324, .T. ) ;
#2136 = VECTOR ( 'NONE', #2860, 39.37007874015748143 ) ;
#2137 = FACE_OUTER_BOUND ( 'NONE', #1024, .T. ) ;
#2138 = VERTEX_POINT ( 'NONE', #2345 ) ;
#2139 = DIRECTION ( 'NONE',  ( 0.6038985585589434768, 0.7970611839566836831, -9.962012167280607024E-17 ) ) ;
#2140 = VECTOR ( 'NONE', #3926, 39.37007874015748143 ) ;
#2141 = LINE ( 'NONE', #3125, #3590 ) ;
#2142 = DIRECTION ( 'NONE',  ( 0.000000000000000000, 1.000000000000000000, 0.000000000000000000 ) ) ;
#2143 = ORIENTED_EDGE ( 'NONE', *, *, #2377, .F. ) ;
#2144 = EDGE_CURVE ( 'NONE', #1216, #5658, #4332, .T. ) ;
#2145 = CARTESIAN_POINT ( 'NONE',  ( 5.374999999999969802, 0.1250000000000001110, -0.6750000000000000444 ) ) ;
#2146 = CARTESIAN_POINT ( 'NONE',  ( 7.625000000000000888, 1.124999999999999556, -0.3250000000000000666 ) ) ;
#2147 = EDGE_LOOP ( 'NONE', ( #892, #952, #1581, #3812 ) ) ;
#2148 = ORIENTED_EDGE ( 'NONE', *, *, #4488, .F. ) ;
#2149 = LINE ( 'NONE', #3165, #1752 ) ;
#2150 = ORIENTED_EDGE ( 'NONE', *, *, #4643, .T. ) ;
#2151 = CARTESIAN_POINT ( 'NONE',  ( 7.625000000000000888, 1.064999999999999947, -0.2250000000000000611 ) ) ;
#2152 = CARTESIAN_POINT ( 'NONE',  ( 7.625000000000000888, -0.2500000000000000000, -1.374999999999999778 ) ) ;
#2153 = EDGE_CURVE ( 'NONE', #1628, #4013, #5182, .T. ) ;
#2154 = DIRECTION ( 'NONE',  ( 0.000000000000000000, -0.9937974929067980856, 0.1112049598361636860 ) ) ;
#2155 = EDGE_LOOP ( 'NONE', ( #6082, #4855, #1266, #2556 ) ) ;
#2156 = CARTESIAN_POINT ( 'NONE',  ( 6.625000000000001776, 1.000000000000000000, 1.750000000000000222 ) ) ;
#2157 = ORIENTED_EDGE ( 'NONE', *, *, #6067, .T. ) ;
#2158 = CARTESIAN_POINT ( 'NONE',  ( 5.875000000000000000, -0.2500000000000000000, 1.605662432702577469 ) ) ;
#2159 = LINE ( 'NONE', #4140, #6230 ) ;
#2160 = CARTESIAN_POINT ( 'NONE',  ( 7.375000000000000888, 1.000000000000000000, -0.2499999999999998057 ) ) ;
#2161 = DIRECTION ( 'NONE',  ( 0.7071067811865487940, 0.000000000000000000, -0.7071067811865461294 ) ) ;
#2162 = PLANE ( 'NONE',  #5417 ) ;
#2163 = ORIENTED_EDGE ( 'NONE', *, *, #3417, .F. ) ;
#2164 = CARTESIAN_POINT ( 'NONE',  ( 6.000000000000000888, 0.000000000000000000, 1.000000000000000222 ) ) ;
#2165 = LINE ( 'NONE', #6137, #1522 ) ;
#2166 = FACE_BOUND ( 'NONE', #2559, .T. ) ;
#2167 = EDGE_LOOP ( 'NONE', ( #2567, #2098 ) ) ;
#2168 = EDGE_CURVE ( 'NONE', #5315, #342, #2933, .T. ) ;
#2169 = DIRECTION ( 'NONE',  ( 0.000000000000000000, 0.000000000000000000, 1.000000000000000000 ) ) ;
#2170 = ADVANCED_FACE ( 'NONE', ( #3416 ), #1942, .T. ) ;
#2171 = LINE ( 'NONE', #2669, #967 ) ;
#2172 = CARTESIAN_POINT ( 'NONE',  ( 5.624999999999969802, 0.000000000000000000, -0.7499999999999998890 ) ) ;
#2173 = VECTOR ( 'NONE', #5006, 39.37007874015748143 ) ;
#2174 = EDGE_LOOP ( 'NONE', ( #5027, #2822, #6216, #4162 ) ) ;
#2175 = ORIENTED_EDGE ( 'NONE', *, *, #6225, .T. ) ;
#2176 = ORIENTED_EDGE ( 'NONE', *, *, #6076, .F. ) ;
#2177 = VECTOR ( 'NONE', #5166, 39.37007874015748854 ) ;
#2178 = LINE ( 'NONE', #570, #1434 ) ;
#2179 = ADVANCED_FACE ( 'NONE', ( #2435 ), #896, .T. ) ;
#2180 = ORIENTED_EDGE ( 'NONE', *, *, #2580, .F. ) ;
#2181 = VECTOR ( 'NONE', #4009, 39.37007874015748143 ) ;
#2182 = CARTESIAN_POINT ( 'NONE',  ( 7.625000000000000888, 1.024999999999999911, 1.224999999999999867 ) ) ;
#2183 = PLANE ( 'NONE',  #913 ) ;
#2184 = CARTESIAN_POINT ( 'NONE',  ( 6.375000000000001776, 1.000000000000000000, -0.2499999999999997502 ) ) ;
#2185 = AXIS2_PLACEMENT_3D ( 'NONE', #2764, #4747, #3515 ) ;
#2186 = VECTOR ( 'NONE', #4879, 39.37007874015748143 ) ;
#2187 = EDGE_LOOP ( 'NONE', ( #452, #2849 ) ) ;
#2188 = DIRECTION ( 'NONE',  ( -4.370956789862818684E-16, 0.000000000000000000, -1.000000000000000000 ) ) ;
#2189 = ADVANCED_FACE ( 'NONE', ( #2405 ), #416, .F. ) ;
#2190 = ORIENTED_EDGE ( 'NONE', *, *, #1924, .F. ) ;
#2191 = LINE ( 'NONE', #5602, #6069 ) ;
#2192 = LINE ( 'NONE', #653, #5812 ) ;
#2193 = FACE_OUTER_BOUND ( 'NONE', #1367, .T. ) ;
#2194 = CARTESIAN_POINT ( 'NONE',  ( 5.374999999999969802, 0.1250000000000001110, -0.2849999999999990319 ) ) ;
#2195 = CARTESIAN_POINT ( 'NONE',  ( 7.375000000000000888, 0.9999999999999998890, 1.324999999999999956 ) ) ;
#2196 = FACE_OUTER_BOUND ( 'NONE', #5141, .T. ) ;
#2197 = ORIENTED_EDGE ( 'NONE', *, *, #882, .F. ) ;
#2198 = VECTOR ( 'NONE', #2372, 39.37007874015748143 ) ;
#2199 = LINE ( 'NONE', #1604, #4217 ) ;
#2200 = LINE ( 'NONE', #5575, #5995 ) ;
#2201 = DIRECTION ( 'NONE',  ( 0.000000000000000000, -0.7071067811865435759, 0.7071067811865513475 ) ) ;
#2202 = ORIENTED_EDGE ( 'NONE', *, *, #5068, .T. ) ;
#2203 = VECTOR ( 'NONE', #4225, 39.37007874015748143 ) ;
#2204 = CARTESIAN_POINT ( 'NONE',  ( 6.625000000000001776, 1.000000000000000000, 1.250000000000000000 ) ) ;
#2205 = EDGE_CURVE ( 'NONE', #5740, #2138, #4000, .T. ) ;
#2206 = DIRECTION ( 'NONE',  ( -0.000000000000000000, -0.7071067811865515695, -0.7071067811865434649 ) ) ;
#2207 = DIRECTION ( 'NONE',  ( -0.000000000000000000, -0.8254635409548151115, -0.5644554389447746789 ) ) ;
#2208 = ORIENTED_EDGE ( 'NONE', *, *, #1820, .T. ) ;
#2209 = CIRCLE ( 'NONE', #5839, 1.250000000000000000 ) ;
#2210 = ADVANCED_FACE ( 'NONE', ( #24 ), #709, .F. ) ;
#2211 = EDGE_CURVE ( 'NONE', #5871, #4687, #1456, .T. ) ;
#2212 = DIRECTION ( 'NONE',  ( 0.000000000000000000, 0.000000000000000000, -1.000000000000000000 ) ) ;
#2213 = VERTEX_POINT ( 'NONE', #1879 ) ;
#2214 = PLANE ( 'NONE',  #4969 ) ;
#2215 = EDGE_LOOP ( 'NONE', ( #2425, #2462, #2630, #2175 ) ) ;
#2216 = CARTESIAN_POINT ( 'NONE',  ( 6.375000000000001776, 1.000000000000000000, 1.375000000000000000 ) ) ;
#2217 = LINE ( 'NONE', #1624, #4262 ) ;
#2218 = CARTESIAN_POINT ( 'NONE',  ( 5.449403134201165066, -0.4625497233064557179, -0.1249999999999985012 ) ) ;
#2219 = EDGE_CURVE ( 'NONE', #51, #890, #3452, .T. ) ;
#2220 = EDGE_CURVE ( 'NONE', #6020, #4385, #961, .T. ) ;
#2221 = ORIENTED_EDGE ( 'NONE', *, *, #1414, .T. ) ;
#2222 = DIRECTION ( 'NONE',  ( 1.000000000000000000, 0.000000000000000000, 0.000000000000000000 ) ) ;
#2223 = ORIENTED_EDGE ( 'NONE', *, *, #5722, .F. ) ;
#2224 = CARTESIAN_POINT ( 'NONE',  ( 5.374999999999969802, 0.1250000000000001110, 1.675000000000000266 ) ) ;
#2225 = CARTESIAN_POINT ( 'NONE',  ( 6.625000000000001776, 0.7499999999999998890, 1.750000000000000222 ) ) ;
#2226 = EDGE_CURVE ( 'NONE', #2299, #757, #6439, .T. ) ;
#2227 = DIRECTION ( 'NONE',  ( 1.000000000000000000, -0.000000000000000000, -0.000000000000000000 ) ) ;
#2228 = DIRECTION ( 'NONE',  ( -1.000000000000000000, 0.000000000000000000, 0.000000000000000000 ) ) ;
#2229 = VERTEX_POINT ( 'NONE', #5950 ) ;
#2230 = LINE ( 'NONE', #6136, #3383 ) ;
#2231 = DIRECTION ( 'NONE',  ( 0.000000000000000000, -1.000000000000000000, 0.000000000000000000 ) ) ;
#2232 = VECTOR ( 'NONE', #971, 39.37007874015748143 ) ;
#2233 = ORIENTED_EDGE ( 'NONE', *, *, #1481, .T. ) ;
#2234 = LINE ( 'NONE', #3739, #1237 ) ;
#2235 = CARTESIAN_POINT ( 'NONE',  ( 5.624999999999969802, -0.2500000000000000000, -0.6250000000000001110 ) ) ;
#2236 = AXIS2_PLACEMENT_3D ( 'NONE', #240, #1736, #3678 ) ;
#2237 = PLANE ( 'NONE',  #5547 ) ;
#2238 = ORIENTED_EDGE ( 'NONE', *, *, #5997, .T. ) ;
#2239 = VECTOR ( 'NONE', #728, 39.37007874015748143 ) ;
#2240 = CARTESIAN_POINT ( 'NONE',  ( 7.375000000000000888, 0.7499999999999998890, 1.375000000000000000 ) ) ;
#2241 = ORIENTED_EDGE ( 'NONE', *, *, #4400, .T. ) ;
#2242 = VECTOR ( 'NONE', #3735, 39.37007874015748143 ) ;
#2243 = DIRECTION ( 'NONE',  ( -1.000000000000000000, 0.000000000000000000, 4.370956789862818684E-16 ) ) ;
#2244 = ORIENTED_EDGE ( 'NONE', *, *, #845, .T. ) ;
#2245 = FACE_OUTER_BOUND ( 'NONE', #5254, .T. ) ;
#2246 = LINE ( 'NONE', #3263, #1417 ) ;
#2247 = ORIENTED_EDGE ( 'NONE', *, *, #4996, .F. ) ;
#2248 = FACE_OUTER_BOUND ( 'NONE', #6045, .T. ) ;
#2249 = ORIENTED_EDGE ( 'NONE', *, *, #2879, .F. ) ;
#2250 = EDGE_CURVE ( 'NONE', #1476, #3442, #1486, .T. ) ;
#2251 = CARTESIAN_POINT ( 'NONE',  ( 5.374999999999969802, -0.3750000000000001665, 1.124999999999999778 ) ) ;
#2252 = EDGE_CURVE ( 'NONE', #6226, #1259, #506, .T. ) ;
#2253 = DIRECTION ( 'NONE',  ( -1.000000000000000000, 0.000000000000000000, 0.000000000000000000 ) ) ;
#2254 = DIRECTION ( 'NONE',  ( 1.000000000000000000, 0.000000000000000000, 0.000000000000000000 ) ) ;
#2255 = PLANE ( 'NONE',  #838 ) ;
#2256 = VERTEX_POINT ( 'NONE', #3355 ) ;
#2257 = CARTESIAN_POINT ( 'NONE',  ( 5.624999999999969802, 0.02499999999999946362, 1.774999999999999689 ) ) ;
#2258 = AXIS2_PLACEMENT_3D ( 'NONE', #4421, #5981, #3418 ) ;
#2259 = EDGE_LOOP ( 'NONE', ( #5298, #2540, #5782, #4384 ) ) ;
#2260 = ADVANCED_FACE ( 'NONE', ( #4389 ), #865, .T. ) ;
#2261 = VECTOR ( 'NONE', #4823, 39.37007874015748854 ) ;
#2262 = PLANE ( 'NONE',  #5044 ) ;
#2263 = FACE_OUTER_BOUND ( 'NONE', #2854, .T. ) ;
#2264 = CIRCLE ( 'NONE', #379, 1.250000000000000000 ) ;
#2265 = VERTEX_POINT ( 'NONE', #6371 ) ;
#2266 = DIRECTION ( 'NONE',  ( 1.000000000000000000, -0.000000000000000000, -0.000000000000000000 ) ) ;
#2267 = ADVANCED_FACE ( 'NONE', ( #1908, #5041 ), #609, .F. ) ;
#2268 = DIRECTION ( 'NONE',  ( 0.000000000000000000, 0.000000000000000000, -1.000000000000000000 ) ) ;
#2269 = LINE ( 'NONE', #154, #2757 ) ;
#2270 = ORIENTED_EDGE ( 'NONE', *, *, #22, .T. ) ;
#2271 = VERTEX_POINT ( 'NONE', #5488 ) ;
#2272 = DIRECTION ( 'NONE',  ( 0.000000000000000000, 0.7071067811865515695, -0.7071067811865434649 ) ) ;
#2273 = ORIENTED_EDGE ( 'NONE', *, *, #5786, .F. ) ;
#2274 = VECTOR ( 'NONE', #4754, 39.37007874015748143 ) ;
#2275 = ORIENTED_EDGE ( 'NONE', *, *, #236, .F. ) ;
#2276 = CARTESIAN_POINT ( 'NONE',  ( 5.572409247011615996, -0.5833889561162755033, -0.1250000000000000278 ) ) ;
#2277 = VECTOR ( 'NONE', #1968, 39.37007874015748143 ) ;
#2278 = ORIENTED_EDGE ( 'NONE', *, *, #1527, .T. ) ;
#2279 = VECTOR ( 'NONE', #2417, 39.37007874015748854 ) ;
#2280 = DIRECTION ( 'NONE',  ( 0.000000000000000000, 0.000000000000000000, 1.000000000000000000 ) ) ;
#2281 = EDGE_LOOP ( 'NONE', ( #3400, #2202, #793, #3833, #4629, #1523, #2704 ) ) ;
#2282 = LINE ( 'NONE', #4700, #2708 ) ;
#2283 = DIRECTION ( 'NONE',  ( -0.000000000000000000, -0.7071067811865515695, -0.7071067811865434649 ) ) ;
#2284 = VECTOR ( 'NONE', #3575, 39.37007874015748143 ) ;
#2285 = DIRECTION ( 'NONE',  ( -3.552191475502028982E-17, 0.000000000000000000, 1.000000000000000000 ) ) ;
#2286 = VECTOR ( 'NONE', #4452, 39.37007874015748143 ) ;
#2287 = ADVANCED_FACE ( 'NONE', ( #2605 ), #572, .T. ) ;
#2288 = DIRECTION ( 'NONE',  ( 0.000000000000000000, 0.000000000000000000, 1.000000000000000000 ) ) ;
#2289 = EDGE_CURVE ( 'NONE', #4075, #2929, #4068, .T. ) ;
#2290 = ORIENTED_EDGE ( 'NONE', *, *, #5460, .T. ) ;
#2291 = DIRECTION ( 'NONE',  ( -1.000000000000000000, 0.000000000000000000, 0.000000000000000000 ) ) ;
#2292 = VECTOR ( 'NONE', #4482, 39.37007874015748143 ) ;
#2293 = ORIENTED_EDGE ( 'NONE', *, *, #5510, .F. ) ;
#2294 = AXIS2_PLACEMENT_3D ( 'NONE', #128, #5594, #5629 ) ;
#2295 = CARTESIAN_POINT ( 'NONE',  ( 6.375000000000001776, 1.000000000000000222, 1.624999999999999778 ) ) ;
#2296 = EDGE_CURVE ( 'NONE', #3656, #390, #3219, .T. ) ;
#2297 = AXIS2_PLACEMENT_3D ( 'NONE', #3492, #2477, #5469 ) ;
#2298 = ORIENTED_EDGE ( 'NONE', *, *, #5191, .F. ) ;
#2299 = VERTEX_POINT ( 'NONE', #2235 ) ;
#2300 = CARTESIAN_POINT ( 'NONE',  ( 5.374999999999969802, 0.02499999999999945668, 1.224999999999999867 ) ) ;
#2301 = DIRECTION ( 'NONE',  ( 0.000000000000000000, 0.000000000000000000, -1.000000000000000000 ) ) ;
#2302 = CARTESIAN_POINT ( 'NONE',  ( 5.624999999999969802, -0.2500000000000000000, 1.750000000000000222 ) ) ;
#2303 = VERTEX_POINT ( 'NONE', #2041 ) ;
#2304 = DIRECTION ( 'NONE',  ( 1.000000000000000000, -0.000000000000000000, -0.000000000000000000 ) ) ;
#2305 = EDGE_CURVE ( 'NONE', #2624, #3899, #4518, .T. ) ;
#2306 = VECTOR ( 'NONE', #491, 39.37007874015748143 ) ;
#2307 = ORIENTED_EDGE ( 'NONE', *, *, #4987, .F. ) ;
#2308 = DIRECTION ( 'NONE',  ( -0.8660254037844414832, 0.000000000000000000, 0.4999999999999951150 ) ) ;
#2309 = VECTOR ( 'NONE', #2752, 39.37007874015748143 ) ;
#2310 = DIRECTION ( 'NONE',  ( -1.000000000000000000, 0.000000000000000000, 0.000000000000000000 ) ) ;
#2311 = VERTEX_POINT ( 'NONE', #5009 ) ;
#2312 = FACE_OUTER_BOUND ( 'NONE', #2804, .T. ) ;
#2313 = EDGE_CURVE ( 'NONE', #504, #4063, #6046, .T. ) ;
#2314 = VERTEX_POINT ( 'NONE', #4549 ) ;
#2315 = CARTESIAN_POINT ( 'NONE',  ( 5.374999999999969802, -0.2500000000000000000, 1.124999999999999778 ) ) ;
#2316 = ORIENTED_EDGE ( 'NONE', *, *, #5516, .T. ) ;
#2317 = DIRECTION ( 'NONE',  ( 0.000000000000000000, -0.000000000000000000, -1.000000000000000000 ) ) ;
#2318 = CARTESIAN_POINT ( 'NONE',  ( 7.625000000000000888, 0.000000000000000000, -1.249999999999999778 ) ) ;
#2319 = CARTESIAN_POINT ( 'NONE',  ( 5.624999999999969802, 0.000000000000000000, -0.7499999999999998890 ) ) ;
#2320 = FACE_OUTER_BOUND ( 'NONE', #1120, .T. ) ;
#2321 = DIRECTION ( 'NONE',  ( -1.000000000000000000, 0.000000000000000000, 0.000000000000000000 ) ) ;
#2322 = ORIENTED_EDGE ( 'NONE', *, *, #4797, .F. ) ;
#2323 = EDGE_CURVE ( 'NONE', #5955, #4831, #2730, .T. ) ;
#2324 = ORIENTED_EDGE ( 'NONE', *, *, #3684, .T. ) ;
#2325 = CARTESIAN_POINT ( 'NONE',  ( 6.625000000000001776, 1.124999999999999778, 1.674999999999999822 ) ) ;
#2326 = ORIENTED_EDGE ( 'NONE', *, *, #2289, .F. ) ;
#2327 = ORIENTED_EDGE ( 'NONE', *, *, #4325, .F. ) ;
#2328 = LINE ( 'NONE', #4834, #5292 ) ;
#2329 = EDGE_CURVE ( 'NONE', #3804, #2271, #1094, .T. ) ;
#2330 = EDGE_CURVE ( 'NONE', #4568, #5757, #6012, .T. ) ;
#2331 = CARTESIAN_POINT ( 'NONE',  ( 7.875000000000000888, -0.5000000000000001110, 0.4999999999999997224 ) ) ;
#2332 = ORIENTED_EDGE ( 'NONE', *, *, #5247, .F. ) ;
#2333 = VECTOR ( 'NONE', #4966, 39.37007874015748143 ) ;
#2334 = ORIENTED_EDGE ( 'NONE', *, *, #3325, .T. ) ;
#2335 = CARTESIAN_POINT ( 'NONE',  ( 7.656496062992126816, -0.5000000000000001110, 0.4999999999999997224 ) ) ;
#2336 = VECTOR ( 'NONE', #5533, 39.37007874015748143 ) ;
#2337 = DIRECTION ( 'NONE',  ( 0.000000000000000000, 1.000000000000000000, 0.000000000000000000 ) ) ;
#2338 = EDGE_CURVE ( 'NONE', #4616, #1828, #90, .T. ) ;
#2339 = PLANE ( 'NONE',  #4110 ) ;
#2340 = ORIENTED_EDGE ( 'NONE', *, *, #3062, .T. ) ;
#2341 = AXIS2_PLACEMENT_3D ( 'NONE', #3953, #4960, #5936 ) ;
#2342 = ORIENTED_EDGE ( 'NONE', *, *, #4431, .T. ) ;
#2343 = PLANE ( 'NONE',  #407 ) ;
#2344 = ORIENTED_EDGE ( 'NONE', *, *, #5350, .F. ) ;
#2345 = CARTESIAN_POINT ( 'NONE',  ( 7.375000000000000888, -0.2500000000000000000, -1.249999999999999778 ) ) ;
#2346 = EDGE_CURVE ( 'NONE', #4157, #3916, #5718, .T. ) ;
#2347 = CARTESIAN_POINT ( 'NONE',  ( 5.875000000000000888, -0.3749999999999999445, 1.750000000000000222 ) ) ;
#2348 = LINE ( 'NONE', #2898, #3759 ) ;
#2349 = CARTESIAN_POINT ( 'NONE',  ( 6.375000000000001776, 0.000000000000000000, -1.750000000000000000 ) ) ;
#2350 = CARTESIAN_POINT ( 'NONE',  ( 6.000000000000000888, 1.000000000000000000, 0.000000000000000000 ) ) ;
#2351 = ORIENTED_EDGE ( 'NONE', *, *, #3855, .T. ) ;
#2352 = VERTEX_POINT ( 'NONE', #1252 ) ;
#2353 = ADVANCED_FACE ( 'NONE', ( #4101 ), #2760, .T. ) ;
#2354 = CARTESIAN_POINT ( 'NONE',  ( 6.625000000000001776, 0.7499999999999998890, 1.324999999999999956 ) ) ;
#2355 = VERTEX_POINT ( 'NONE', #3030 ) ;
#2356 = DIRECTION ( 'NONE',  ( 0.000000000000000000, -0.7071067811865434649, -0.7071067811865515695 ) ) ;
#2357 = LINE ( 'NONE', #5379, #3076 ) ;
#2358 = VERTEX_POINT ( 'NONE', #536 ) ;
#2359 = CARTESIAN_POINT ( 'NONE',  ( 7.875000000000000888, 1.000000000000000000, -0.6249999999999996669 ) ) ;
#2360 = VECTOR ( 'NONE', #2424, 39.37007874015748143 ) ;
#2361 = ADVANCED_FACE ( 'NONE', ( #3255 ), #2532, .F. ) ;
#2362 = EDGE_CURVE ( 'NONE', #718, #1828, #1127, .T. ) ;
#2363 = VERTEX_POINT ( 'NONE', #4222 ) ;
#2364 = CARTESIAN_POINT ( 'NONE',  ( 6.375000000000001776, 0.7500000000000003331, 1.675000000000000266 ) ) ;
#2365 = LINE ( 'NONE', #4843, #6087 ) ;
#2366 = ORIENTED_EDGE ( 'NONE', *, *, #1379, .F. ) ;
#2367 = EDGE_CURVE ( 'NONE', #4517, #1464, #3944, .T. ) ;
#2368 = ORIENTED_EDGE ( 'NONE', *, *, #6424, .F. ) ;
#2369 = FACE_OUTER_BOUND ( 'NONE', #5696, .T. ) ;
#2370 = DIRECTION ( 'NONE',  ( 0.000000000000000000, 0.000000000000000000, 1.000000000000000000 ) ) ;
#2371 = CARTESIAN_POINT ( 'NONE',  ( 7.375000000000000888, -0.5000000000000001110, -0.7500000000000003331 ) ) ;
#2372 = DIRECTION ( 'NONE',  ( 0.000000000000000000, 0.000000000000000000, 1.000000000000000000 ) ) ;
#2373 = DIRECTION ( 'NONE',  ( -1.000000000000000000, 0.000000000000000000, 0.000000000000000000 ) ) ;
#2374 = VECTOR ( 'NONE', #6302, 39.37007874015748143 ) ;
#2375 = VECTOR ( 'NONE', #1164, 39.37007874015748143 ) ;
#2376 = FACE_OUTER_BOUND ( 'NONE', #6176, .T. ) ;
#2377 = EDGE_CURVE ( 'NONE', #4655, #2265, #3547, .T. ) ;
#2378 = EDGE_LOOP ( 'NONE', ( #1574, #133, #6212, #1818, #2603, #5325, #1043 ) ) ;
#2379 = VERTEX_POINT ( 'NONE', #6238 ) ;
#2380 = ORIENTED_EDGE ( 'NONE', *, *, #2362, .T. ) ;
#2381 = LINE ( 'NONE', #6054, #4564 ) ;
#2382 = AXIS2_PLACEMENT_3D ( 'NONE', #781, #5761, #3817 ) ;
#2383 = DIRECTION ( 'NONE',  ( 0.000000000000000000, 0.000000000000000000, -1.000000000000000000 ) ) ;
#2384 = VECTOR ( 'NONE', #5033, 39.37007874015748143 ) ;
#2385 = CARTESIAN_POINT ( 'NONE',  ( 5.624999999999969802, 0.1250000000000001110, 1.324999999999999289 ) ) ;
#2386 = AXIS2_PLACEMENT_3D ( 'NONE', #1236, #5300, #1327 ) ;
#2387 = ORIENTED_EDGE ( 'NONE', *, *, #1304, .T. ) ;
#2388 = ORIENTED_EDGE ( 'NONE', *, *, #15, .T. ) ;
#2389 = CARTESIAN_POINT ( 'NONE',  ( 6.375000000000001776, 0.000000000000000000, -1.324999999999999734 ) ) ;
#2390 = DIRECTION ( 'NONE',  ( 0.000000000000000000, 0.7071067811865454633, 0.7071067811865495711 ) ) ;
#2391 = DIRECTION ( 'NONE',  ( 0.000000000000000000, 0.000000000000000000, -1.000000000000000000 ) ) ;
#2392 = ORIENTED_EDGE ( 'NONE', *, *, #305, .F. ) ;
#2393 = VECTOR ( 'NONE', #4637, 39.37007874015748143 ) ;
#2394 = ORIENTED_EDGE ( 'NONE', *, *, #1959, .F. ) ;
#2395 = EDGE_CURVE ( 'NONE', #1112, #2363, #915, .T. ) ;
#2396 = DIRECTION ( 'NONE',  ( 0.000000000000000000, 0.000000000000000000, -1.000000000000000000 ) ) ;
#2397 = FACE_OUTER_BOUND ( 'NONE', #4783, .T. ) ;
#2398 = EDGE_CURVE ( 'NONE', #6245, #3717, #2328, .T. ) ;
#2399 = ORIENTED_EDGE ( 'NONE', *, *, #5841, .F. ) ;
#2400 = ADVANCED_FACE ( 'NONE', ( #881 ), #5378, .T. ) ;
#2401 = ORIENTED_EDGE ( 'NONE', *, *, #1206, .T. ) ;
#2402 = DIRECTION ( 'NONE',  ( 0.000000000000000000, 0.000000000000000000, 1.000000000000000000 ) ) ;
#2403 = VERTEX_POINT ( 'NONE', #3373 ) ;
#2404 = AXIS2_PLACEMENT_3D ( 'NONE', #4012, #1008, #5439 ) ;
#2405 = FACE_OUTER_BOUND ( 'NONE', #5805, .T. ) ;
#2406 = CARTESIAN_POINT ( 'NONE',  ( 5.624999999999969802, -0.2500000000000000000, 1.324999999999999289 ) ) ;
#2407 = ADVANCED_FACE ( 'NONE', ( #5778 ), #3829, .F. ) ;
#2408 = CARTESIAN_POINT ( 'NONE',  ( 5.374999999999990230, -0.3749999999999999445, -0.6458333333333327042 ) ) ;
#2409 = ADVANCED_FACE ( 'NONE', ( #3888 ), #3310, .F. ) ;
#2410 = EDGE_CURVE ( 'NONE', #6160, #780, #2882, .T. ) ;
#2411 = DIRECTION ( 'NONE',  ( 1.000000000000000000, -0.000000000000000000, -0.000000000000000000 ) ) ;
#2412 = ORIENTED_EDGE ( 'NONE', *, *, #50, .F. ) ;
#2413 = ORIENTED_EDGE ( 'NONE', *, *, #6114, .F. ) ;
#2414 = CARTESIAN_POINT ( 'NONE',  ( 6.625000000000001776, 0.06500000000000009936, -1.224999999999999867 ) ) ;
#2415 = ORIENTED_EDGE ( 'NONE', *, *, #400, .F. ) ;
#2416 = CARTESIAN_POINT ( 'NONE',  ( 5.624999999999969802, 0.1250000000000001110, 1.284999999999999254 ) ) ;
#2417 = DIRECTION ( 'NONE',  ( -0.4472135954999534313, -0.7745966692414845145, -0.4472135954999604812 ) ) ;
#2418 = ADVANCED_FACE ( 'NONE', ( #369 ), #3861, .F. ) ;
#2419 = PLANE ( 'NONE',  #1496 ) ;
#2420 = ORIENTED_EDGE ( 'NONE', *, *, #888, .F. ) ;
#2421 = VERTEX_POINT ( 'NONE', #5874 ) ;
#2422 = LINE ( 'NONE', #1806, #5834 ) ;
#2423 = PLANE ( 'NONE',  #260 ) ;
#2424 = DIRECTION ( 'NONE',  ( -1.000000000000000000, 0.000000000000000000, -4.370956789862818684E-16 ) ) ;
#2425 = ORIENTED_EDGE ( 'NONE', *, *, #100, .F. ) ;
#2426 = DIRECTION ( 'NONE',  ( 0.000000000000000000, 0.000000000000000000, 1.000000000000000000 ) ) ;
#2427 = VECTOR ( 'NONE', #580, 39.37007874015748143 ) ;
#2428 = LINE ( 'NONE', #2832, #6293 ) ;
#2429 = ORIENTED_EDGE ( 'NONE', *, *, #3765, .F. ) ;
#2430 = PRODUCT_RELATED_PRODUCT_CATEGORY ( 'part', '', ( #3573 ) ) ;
#2431 = AXIS2_PLACEMENT_3D ( 'NONE', #2762, #4650, #4686 ) ;
#2432 = EDGE_LOOP ( 'NONE', ( #4748, #1193, #4367, #1273 ) ) ;
#2433 = CARTESIAN_POINT ( 'NONE',  ( 6.375000000000001776, -0.2500000000000000000, -1.750000000000000000 ) ) ;
#2434 = ORIENTED_EDGE ( 'NONE', *, *, #227, .T. ) ;
#2435 = FACE_OUTER_BOUND ( 'NONE', #3183, .T. ) ;
#2436 = CARTESIAN_POINT ( 'NONE',  ( 5.624999999999969802, 0.1250000000000001110, 1.324999999999999289 ) ) ;
#2437 = LINE ( 'NONE', #4423, #3242 ) ;
#2438 = VECTOR ( 'NONE', #2756, 39.37007874015748143 ) ;
#2439 = LINE ( 'NONE', #4851, #4761 ) ;
#2440 = ORIENTED_EDGE ( 'NONE', *, *, #2560, .F. ) ;
#2441 = ORIENTED_EDGE ( 'NONE', *, *, #3052, .F. ) ;
#2442 = ADVANCED_FACE ( 'NONE', ( #2824 ), #338, .F. ) ;
#2443 = ADVANCED_FACE ( 'NONE', ( #4773 ), #6326, .T. ) ;
#2444 = FACE_OUTER_BOUND ( 'NONE', #3302, .T. ) ;
#2445 = ORIENTED_EDGE ( 'NONE', *, *, #5841, .T. ) ;
#2446 = VECTOR ( 'NONE', #2063, 39.37007874015748143 ) ;
#2447 = DIRECTION ( 'NONE',  ( 0.000000000000000000, 0.8254635409548151115, 0.5644554389447746789 ) ) ;
#2448 = CARTESIAN_POINT ( 'NONE',  ( 5.624999999999969802, 0.1250000000000001110, -0.3249999999999992895 ) ) ;
#2449 = FACE_OUTER_BOUND ( 'NONE', #1342, .T. ) ;
#2450 = ADVANCED_FACE ( 'NONE', ( #5842 ), #5748, .T. ) ;
#2451 = ORIENTED_EDGE ( 'NONE', *, *, #5121, .F. ) ;
#2452 = ORIENTED_EDGE ( 'NONE', *, *, #4984, .T. ) ;
#2453 = DIRECTION ( 'NONE',  ( 0.000000000000000000, 1.000000000000000000, 2.039079102182026989E-16 ) ) ;
#2454 = CARTESIAN_POINT ( 'NONE',  ( 7.375000000000000888, 1.124999999999999778, 1.324999999999999956 ) ) ;
#2455 = ORIENTED_EDGE ( 'NONE', *, *, #4724, .F. ) ;
#2456 = DIRECTION ( 'NONE',  ( -1.000000000000000000, 0.000000000000000000, -2.048885995248154026E-16 ) ) ;
#2457 = EDGE_CURVE ( 'NONE', #3496, #298, #3772, .T. ) ;
#2458 = EDGE_LOOP ( 'NONE', ( #3108, #3245, #5358, #708 ) ) ;
#2459 = CARTESIAN_POINT ( 'NONE',  ( 7.375000000000000888, 0.7499999999999998890, -0.7499999999999997780 ) ) ;
#2460 = DIRECTION ( 'NONE',  ( 0.000000000000000000, -1.000000000000000000, -0.000000000000000000 ) ) ;
#2461 = ORIENTED_EDGE ( 'NONE', *, *, #2887, .T. ) ;
#2462 = ORIENTED_EDGE ( 'NONE', *, *, #2815, .F. ) ;
#2463 = VECTOR ( 'NONE', #2647, 39.37007874015748143 ) ;
#2464 = CARTESIAN_POINT ( 'NONE',  ( 9.162901510716855213, -0.5000000000000001110, 0.4999999999999997224 ) ) ;
#2465 = ORIENTED_EDGE ( 'NONE', *, *, #3710, .T. ) ;
#2466 = CARTESIAN_POINT ( 'NONE',  ( 5.875000000000000000, -0.3749999999999999445, 1.605662432702577469 ) ) ;
#2467 = DIRECTION ( 'NONE',  ( 0.000000000000000000, 0.7071067811865495711, 0.7071067811865455743 ) ) ;
#2468 = FACE_OUTER_BOUND ( 'NONE', #4348, .T. ) ;
#2469 = CARTESIAN_POINT ( 'NONE',  ( 6.625000000000001776, 0.7499999999999998890, 1.250000000000000000 ) ) ;
#2470 = ORIENTED_EDGE ( 'NONE', *, *, #5866, .F. ) ;
#2471 = FACE_OUTER_BOUND ( 'NONE', #1652, .T. ) ;
#2472 = ORIENTED_EDGE ( 'NONE', *, *, #953, .T. ) ;
#2473 = CARTESIAN_POINT ( 'NONE',  ( 7.375000000000000888, 0.000000000000000000, -1.224999999999999867 ) ) ;
#2474 = PLANE ( 'NONE',  #4977 ) ;
#2475 = EDGE_CURVE ( 'NONE', #6184, #2584, #6361, .T. ) ;
#2476 = AXIS2_PLACEMENT_3D ( 'NONE', #1123, #2529, #1651 ) ;
#2477 = DIRECTION ( 'NONE',  ( 1.000000000000000000, 0.000000000000000000, -0.000000000000000000 ) ) ;
#2478 = EDGE_CURVE ( 'NONE', #6350, #6396, #5257, .T. ) ;
#2479 = EDGE_CURVE ( 'NONE', #1453, #946, #2422, .T. ) ;
#2480 = LINE ( 'NONE', #516, #4314 ) ;
#2481 = CARTESIAN_POINT ( 'NONE',  ( 6.375000000000001776, 0.000000000000000000, -1.249999999999999778 ) ) ;
#2482 = VECTOR ( 'NONE', #3504, 39.37007874015748143 ) ;
#2483 = ORIENTED_EDGE ( 'NONE', *, *, #3703, .T. ) ;
#2484 = EDGE_LOOP ( 'NONE', ( #1578, #7, #4789, #1159 ) ) ;
#2485 = VECTOR ( 'NONE', #2083, 39.37007874015748143 ) ;
#2486 = CARTESIAN_POINT ( 'NONE',  ( 7.375000000000000888, 1.000000000000000000, -0.7499999999999997780 ) ) ;
#2487 = DIRECTION ( 'NONE',  ( 1.000000000000000000, -0.000000000000000000, -0.000000000000000000 ) ) ;
#2488 = VECTOR ( 'NONE', #3542, 39.37007874015748143 ) ;
#2489 = VERTEX_POINT ( 'NONE', #432 ) ;
#2490 = ADVANCED_FACE ( 'NONE', ( #1311 ), #4807, .F. ) ;
#2491 = AXIS2_PLACEMENT_3D ( 'NONE', #4290, #5284, #5318 ) ;
#2492 = LINE ( 'NONE', #4475, #5634 ) ;
#2493 = VERTEX_POINT ( 'NONE', #1472 ) ;
#2494 = LINE ( 'NONE', #3408, #3938 ) ;
#2495 = LINE ( 'NONE', #2003, #4827 ) ;
#2496 = VERTEX_POINT ( 'NONE', #521 ) ;
#2497 = EDGE_CURVE ( 'NONE', #2680, #119, #2518, .T. ) ;
#2498 = PLANE ( 'NONE',  #3930 ) ;
#2500 = VERTEX_POINT ( 'NONE', #1994 ) ;
#2499 = VECTOR ( 'NONE', #3596, 39.37007874015748143 ) ;
#2501 = LINE ( 'NONE', #3449, #3535 ) ;
#2502 = ORIENTED_EDGE ( 'NONE', *, *, #4645, .F. ) ;
#2503 = DIRECTION ( 'NONE',  ( -1.000000000000000000, 0.000000000000000000, 0.000000000000000000 ) ) ;
#2504 = FACE_OUTER_BOUND ( 'NONE', #3382, .T. ) ;
#2505 = CARTESIAN_POINT ( 'NONE',  ( 5.999999999999999112, 0.6249999999999998890, 1.875000000000000000 ) ) ;
#2506 = CARTESIAN_POINT ( 'NONE',  ( 5.624999999999969802, 0.000000000000000000, 1.250000000000000000 ) ) ;
#2507 = VECTOR ( 'NONE', #5023, 39.37007874015748143 ) ;
#2508 = ORIENTED_EDGE ( 'NONE', *, *, #4723, .T. ) ;
#2509 = DIRECTION ( 'NONE',  ( 1.000000000000000000, 0.000000000000000000, 0.000000000000000000 ) ) ;
#2510 = ORIENTED_EDGE ( 'NONE', *, *, #5155, .T. ) ;
#2511 = FACE_OUTER_BOUND ( 'NONE', #1313, .T. ) ;
#2512 = FACE_OUTER_BOUND ( 'NONE', #1974, .T. ) ;
#2513 = AXIS2_PLACEMENT_3D ( 'NONE', #2953, #6426, #3956 ) ;
#2514 = FACE_OUTER_BOUND ( 'NONE', #5891, .T. ) ;
#2515 = FACE_OUTER_BOUND ( 'NONE', #238, .T. ) ;
#2516 = ORIENTED_EDGE ( 'NONE', *, *, #1803, .F. ) ;
#2517 = VERTEX_POINT ( 'NONE', #4407 ) ;
#2518 = LINE ( 'NONE', #2028, #2827 ) ;
#2519 = DIRECTION ( 'NONE',  ( 0.000000000000000000, 1.000000000000000000, 0.000000000000000000 ) ) ;
#2520 = ORIENTED_EDGE ( 'NONE', *, *, #2088, .F. ) ;
#2521 = CARTESIAN_POINT ( 'NONE',  ( 5.374999999999990230, -0.3749999999999999445, -0.1249999999999999029 ) ) ;
#2522 = VERTEX_POINT ( 'NONE', #3468 ) ;
#2523 = EDGE_CURVE ( 'NONE', #2522, #4568, #3532, .T. ) ;
#2524 = DIRECTION ( 'NONE',  ( 0.000000000000000000, 0.000000000000000000, 1.000000000000000000 ) ) ;
#2525 = EDGE_CURVE ( 'NONE', #1693, #1464, #1077, .T. ) ;
#2526 = CARTESIAN_POINT ( 'NONE',  ( 7.375000000000000888, 0.7499999999999998890, -0.7499999999999998890 ) ) ;
#2527 = ORIENTED_EDGE ( 'NONE', *, *, #5437, .T. ) ;
#2528 = ORIENTED_EDGE ( 'NONE', *, *, #3696, .F. ) ;
#2529 = DIRECTION ( 'NONE',  ( 0.000000000000000000, -0.7071067811865500152, 0.7071067811865451302 ) ) ;
#2530 = EDGE_CURVE ( 'NONE', #594, #3384, #3984, .T. ) ;
#2531 = ORIENTED_EDGE ( 'NONE', *, *, #3092, .F. ) ;
#2532 = PLANE ( 'NONE',  #303 ) ;
#2533 = LINE ( 'NONE', #2897, #956 ) ;
#2534 = DIRECTION ( 'NONE',  ( 0.000000000000000000, 0.000000000000000000, 1.000000000000000000 ) ) ;
#2535 = LINE ( 'NONE', #3065, #5274 ) ;
#2536 = AXIS2_PLACEMENT_3D ( 'NONE', #3521, #6053, #5496 ) ;
#2537 = EDGE_LOOP ( 'NONE', ( #6409, #5466, #4366, #3634 ) ) ;
#2538 = CARTESIAN_POINT ( 'NONE',  ( 7.375000000000000888, 1.024999999999999689, -0.2250000000000001998 ) ) ;
#2539 = EDGE_CURVE ( 'NONE', #535, #3792, #2950, .T. ) ;
#2540 = ORIENTED_EDGE ( 'NONE', *, *, #670, .F. ) ;
#2541 = LINE ( 'NONE', #4527, #6179 ) ;
#2542 = CARTESIAN_POINT ( 'NONE',  ( 7.625000000000000888, 0.7499999999999998890, -0.3250000000000000666 ) ) ;
#2543 = DIRECTION ( 'NONE',  ( -0.000000000000000000, -0.4977472193051467042, -0.8673221464219589283 ) ) ;
#2544 = VECTOR ( 'NONE', #4372, 39.37007874015748143 ) ;
#2545 = DIRECTION ( 'NONE',  ( 0.000000000000000000, 0.000000000000000000, -1.000000000000000000 ) ) ;
#2546 = CARTESIAN_POINT ( 'NONE',  ( 5.374999999999969802, -0.2500000000000000000, 1.374999999999999334 ) ) ;
#2547 = VECTOR ( 'NONE', #3675, 39.37007874015748143 ) ;
#2548 = CARTESIAN_POINT ( 'NONE',  ( 7.625000000000000888, 0.7499999999999998890, -0.3750000000000001110 ) ) ;
#2549 = ORIENTED_EDGE ( 'NONE', *, *, #5598, .F. ) ;
#2550 = ORIENTED_EDGE ( 'NONE', *, *, #2219, .T. ) ;
#2551 = ADVANCED_BREP_SHAPE_REPRESENTATION ( 'BRDrivePodV2', ( #93, #917 ), #1335 ) ;
#2552 = CARTESIAN_POINT ( 'NONE',  ( 6.093503937007874960, -0.5000000000000001110, 0.4999999999999997224 ) ) ;
#2553 = CARTESIAN_POINT ( 'NONE',  ( 7.875000000000000888, 0.7500000000000002220, 1.625000000000000222 ) ) ;
#2554 = VERTEX_POINT ( 'NONE', #5966 ) ;
#2555 = PLANE ( 'NONE',  #2831 ) ;
#2556 = ORIENTED_EDGE ( 'NONE', *, *, #400, .T. ) ;
#2557 = LINE ( 'NONE', #529, #4976 ) ;
#2558 = DIRECTION ( 'NONE',  ( 0.000000000000000000, -1.000000000000000000, 0.000000000000000000 ) ) ;
#2559 = EDGE_LOOP ( 'NONE', ( #6149, #4825, #1416, #53 ) ) ;
#2560 = EDGE_CURVE ( 'NONE', #298, #6091, #5506, .T. ) ;
#2561 = EDGE_CURVE ( 'NONE', #5220, #4322, #937, .T. ) ;
#2562 = FACE_OUTER_BOUND ( 'NONE', #439, .T. ) ;
#2563 = AXIS2_PLACEMENT_3D ( 'NONE', #4489, #25, #2010 ) ;
#2564 = ORIENTED_EDGE ( 'NONE', *, *, #1853, .T. ) ;
#2565 = ORIENTED_EDGE ( 'NONE', *, *, #2062, .T. ) ;
#2566 = DIRECTION ( 'NONE',  ( 0.000000000000000000, 0.000000000000000000, 1.000000000000000000 ) ) ;
#2567 = ORIENTED_EDGE ( 'NONE', *, *, #5712, .F. ) ;
#2568 = CARTESIAN_POINT ( 'NONE',  ( 7.375000000000000888, 1.064999999999999503, 1.774999999999999467 ) ) ;
#2569 = LINE ( 'NONE', #162, #5773 ) ;
#2570 = DIRECTION ( 'NONE',  ( 0.000000000000000000, 1.000000000000000000, 0.000000000000000000 ) ) ;
#2571 = PLANE ( 'NONE',  #5895 ) ;
#2572 = EDGE_CURVE ( 'NONE', #3087, #4877, #6391, .T. ) ;
#2573 = VECTOR ( 'NONE', #3720, 39.37007874015748143 ) ;
#2574 = LINE ( 'NONE', #2156, #4786 ) ;
#2575 = ORIENTED_EDGE ( 'NONE', *, *, #921, .F. ) ;
#2576 = DIRECTION ( 'NONE',  ( 0.000000000000000000, 0.000000000000000000, -1.000000000000000000 ) ) ;
#2577 = DIRECTION ( 'NONE',  ( 1.365923996832131363E-16, 0.000000000000000000, -1.000000000000000000 ) ) ;
#2578 = LINE ( 'NONE', #6056, #4215 ) ;
#2579 = LINE ( 'NONE', #4561, #1772 ) ;
#2580 = EDGE_CURVE ( 'NONE', #4619, #2030, #1504, .T. ) ;
#2581 = LINE ( 'NONE', #4922, #5251 ) ;
#2582 = CARTESIAN_POINT ( 'NONE',  ( 6.625000000000001776, 1.124999999999999556, -0.2850000000000000866 ) ) ;
#2583 = EDGE_LOOP ( 'NONE', ( #3480, #571, #4337, #5688 ) ) ;
#2584 = VERTEX_POINT ( 'NONE', #1045 ) ;
#2585 = CIRCLE ( 'NONE', #4684, 0.4330708661417322913 ) ;
#2586 = CARTESIAN_POINT ( 'NONE',  ( 5.999999999999999112, 0.2165063509461104541, 1.595670325770950582 ) ) ;
#2587 = DIRECTION ( 'NONE',  ( 0.000000000000000000, 1.000000000000000000, -1.365923996832115398E-14 ) ) ;
#2588 = AXIS2_PLACEMENT_3D ( 'NONE', #2768, #3259, #5724 ) ;
#2589 = CARTESIAN_POINT ( 'NONE',  ( 5.624999999999969802, -0.2500000000000000000, 1.625000000000000222 ) ) ;
#2590 = VECTOR ( 'NONE', #1848, 39.37007874015748143 ) ;
#2591 = EDGE_LOOP ( 'NONE', ( #4273, #3843, #1378, #1366 ) ) ;
#2592 = DIRECTION ( 'NONE',  ( 0.000000000000000000, -1.000000000000000000, 3.414809992080307034E-15 ) ) ;
#2593 = VECTOR ( 'NONE', #2266, 39.37007874015748143 ) ;
#2594 = DIRECTION ( 'NONE',  ( -0.000000000000000000, 0.000000000000000000, -1.000000000000000000 ) ) ;
#2595 = AXIS2_PLACEMENT_3D ( 'NONE', #4861, #1345, #2791 ) ;
#2596 = CARTESIAN_POINT ( 'NONE',  ( 5.374999999999969802, 0.000000000000000000, -0.7499999999999998890 ) ) ;
#2597 = EDGE_LOOP ( 'NONE', ( #1948, #2850, #834, #1635 ) ) ;
#2598 = ADVANCED_FACE ( 'NONE', ( #3498 ), #552, .F. ) ;
#2599 = VECTOR ( 'NONE', #5862, 39.37007874015748143 ) ;
#2600 = ORIENTED_EDGE ( 'NONE', *, *, #1285, .T. ) ;
#2601 = ORIENTED_EDGE ( 'NONE', *, *, #4523, .T. ) ;
#2602 = DIRECTION ( 'NONE',  ( 0.000000000000000000, 0.000000000000000000, -1.000000000000000000 ) ) ;
#2603 = ORIENTED_EDGE ( 'NONE', *, *, #1369, .F. ) ;
#2604 = PLANE ( 'NONE',  #5756 ) ;
#2605 = FACE_OUTER_BOUND ( 'NONE', #1778, .T. ) ;
#2606 = EDGE_CURVE ( 'NONE', #5212, #970, #5475, .T. ) ;
#2607 = CARTESIAN_POINT ( 'NONE',  ( 7.625000000000000888, 1.124999999999999556, -0.7149999999999996358 ) ) ;
#2608 = DIRECTION ( 'NONE',  ( 1.000000000000000000, 0.000000000000000000, -0.000000000000000000 ) ) ;
#2609 = DIRECTION ( 'NONE',  ( 0.000000000000000000, 0.2613289371208241119, -0.9652498052956552943 ) ) ;
#2610 = AXIS2_PLACEMENT_3D ( 'NONE', #687, #5735, #1271 ) ;
#2611 = EDGE_LOOP ( 'NONE', ( #1802, #5092, #6252, #5682 ) ) ;
#2612 = CARTESIAN_POINT ( 'NONE',  ( 7.375000000000000888, -1.036747897645823535, 0.5692453116553132242 ) ) ;
#2613 = VERTEX_POINT ( 'NONE', #5537 ) ;
#2614 = DIRECTION ( 'NONE',  ( 0.000000000000000000, -0.000000000000000000, -1.000000000000000000 ) ) ;
#2615 = EDGE_CURVE ( 'NONE', #3520, #5320, #4469, .T. ) ;
#2616 = LINE ( 'NONE', #4109, #4457 ) ;
#2617 = EDGE_CURVE ( 'NONE', #856, #449, #4015, .T. ) ;
#2618 = DIRECTION ( 'NONE',  ( -1.000000000000000000, 0.000000000000000000, 0.000000000000000000 ) ) ;
#2619 = CARTESIAN_POINT ( 'NONE',  ( 6.000000000000000888, 1.000000000000000000, 0.000000000000000000 ) ) ;
#2620 = LINE ( 'NONE', #2054, #1611 ) ;
#2621 = VECTOR ( 'NONE', #5414, 39.37007874015748143 ) ;
#2622 = CARTESIAN_POINT ( 'NONE',  ( 7.625000000000000888, 1.000000000000000000, -0.7499999999999997780 ) ) ;
#2623 = DIRECTION ( 'NONE',  ( -1.000000000000000000, 0.000000000000000000, 0.000000000000000000 ) ) ;
#2624 = VERTEX_POINT ( 'NONE', #4055 ) ;
#2625 = ADVANCED_FACE ( 'NONE', ( #6031 ), #1569, .T. ) ;
#2626 = VECTOR ( 'NONE', #1598, 39.37007874015748143 ) ;
#2627 = LINE ( 'NONE', #2724, #3185 ) ;
#2628 = PLANE ( 'NONE',  #2024 ) ;
#2629 = CARTESIAN_POINT ( 'NONE',  ( 6.375000000000001776, 0.000000000000000000, -1.374999999999999778 ) ) ;
#2630 = ORIENTED_EDGE ( 'NONE', *, *, #3563, .T. ) ;
#2631 = FACE_OUTER_BOUND ( 'NONE', #5214, .T. ) ;
#2632 = DIRECTION ( 'NONE',  ( 0.000000000000000000, 0.2613289371208236123, -0.9652498052956552943 ) ) ;
#2633 = ADVANCED_FACE ( 'NONE', ( #5443, #4438 ), #1929, .T. ) ;
#2634 = DIRECTION ( 'NONE',  ( -0.000000000000000000, -0.7071067811865494601, -0.7071067811865454633 ) ) ;
#2635 = CARTESIAN_POINT ( 'NONE',  ( 5.374999999999969802, 0.06499999999999993283, 1.775000000000000355 ) ) ;
#2636 = ORIENTED_EDGE ( 'NONE', *, *, #420, .F. ) ;
#2637 = CARTESIAN_POINT ( 'NONE',  ( 5.624999999999969802, 0.06499999999999993283, -0.2249999999999992006 ) ) ;
#2638 = ORIENTED_EDGE ( 'NONE', *, *, #5355, .T. ) ;
#2639 = ORIENTED_EDGE ( 'NONE', *, *, #3626, .F. ) ;
#2640 = LINE ( 'NONE', #5073, #5484 ) ;
#2641 = ORIENTED_EDGE ( 'NONE', *, *, #5982, .T. ) ;
#2642 = B_SPLINE_SURFACE_WITH_KNOTS ( 'NONE', 3, 1, ( 
 ( #2158, #3176 ),
 ( #5049, #5151 ),
 ( #99, #2092 ),
 ( #5979, #3999 ),
 ( #3617, #1653 ),
 ( #2040, #3657 ) ),
 .UNSPECIFIED., .F., .F., .F.,
 ( 4, 2, 4 ),
 ( 2, 2 ),
 ( 0.000000000000000000, 0.5000000000000000000, 1.000000000000000000 ),
 ( 0.000000000000000000, 1.000000000000000000 ),
 .UNSPECIFIED. ) ;
#2643 = DIRECTION ( 'NONE',  ( 0.000000000000000000, -3.414809992080307034E-15, -1.000000000000000000 ) ) ;
#2644 = VECTOR ( 'NONE', #996, 39.37007874015748143 ) ;
#2645 = CARTESIAN_POINT ( 'NONE',  ( 6.375000000000001776, 0.000000000000000000, -1.750000000000000000 ) ) ;
#2646 = CARTESIAN_POINT ( 'NONE',  ( 7.375000000000000888, 1.000000000000000000, -0.7499999999999997780 ) ) ;
#2647 = DIRECTION ( 'NONE',  ( 0.000000000000000000, -1.000000000000000000, 0.000000000000000000 ) ) ;
#2648 = ORIENTED_EDGE ( 'NONE', *, *, #2153, .T. ) ;
#2649 = CARTESIAN_POINT ( 'NONE',  ( 6.375000000000001776, 0.1250000000000000278, -1.715000000000000080 ) ) ;
#2650 = EDGE_LOOP ( 'NONE', ( #3613, #1470, #2723, #4770 ) ) ;
#2651 = DIRECTION ( 'NONE',  ( -1.000000000000000000, 0.000000000000000000, 0.000000000000000000 ) ) ;
#2652 = CARTESIAN_POINT ( 'NONE',  ( 5.624999999999969802, 0.000000000000000000, -0.6250000000000001110 ) ) ;
#2653 = DIRECTION ( 'NONE',  ( -1.000000000000000000, 0.000000000000000000, 4.370956789862818684E-16 ) ) ;
#2654 = VECTOR ( 'NONE', #6431, 39.37007874015748143 ) ;
#2655 = EDGE_CURVE ( 'NONE', #4904, #2352, #2985, .T. ) ;
#2656 = DIRECTION ( 'NONE',  ( 0.000000000000000000, 0.000000000000000000, -1.000000000000000000 ) ) ;
#2657 = ADVANCED_FACE ( 'NONE', ( #2376 ), #5766, .F. ) ;
#2658 = DIRECTION ( 'NONE',  ( 0.000000000000000000, 2.185478394931410180E-15, 1.000000000000000000 ) ) ;
#2659 = VERTEX_POINT ( 'NONE', #6258 ) ;
#2660 = VECTOR ( 'NONE', #689, 39.37007874015748854 ) ;
#2661 = LINE ( 'NONE', #4250, #462 ) ;
#2662 = CARTESIAN_POINT ( 'NONE',  ( 5.624999999999969802, 0.1250000000000001110, -0.6750000000000001554 ) ) ;
#2663 = AXIS2_PLACEMENT_3D ( 'NONE', #311, #4291, #3803 ) ;
#2664 = CARTESIAN_POINT ( 'NONE',  ( 5.624999999999969802, -0.2500000000000000000, 1.324999999999999289 ) ) ;
#2665 = EDGE_CURVE ( 'NONE', #3317, #3808, #1762, .T. ) ;
#2666 = ORIENTED_EDGE ( 'NONE', *, *, #111, .F. ) ;
#2667 = DIRECTION ( 'NONE',  ( 0.000000000000000000, 1.000000000000000000, 0.000000000000000000 ) ) ;
#2668 = AXIS2_PLACEMENT_3D ( 'NONE', #1450, #3867, #833 ) ;
#2669 = CARTESIAN_POINT ( 'NONE',  ( 7.875000000000000888, 0.7499999999999998890, -0.3750000000000001110 ) ) ;
#2670 = DIRECTION ( 'NONE',  ( 0.000000000000000000, 0.5644554389447746789, -0.8254635409548151115 ) ) ;
#2671 = VERTEX_POINT ( 'NONE', #870 ) ;
#2672 = EDGE_CURVE ( 'NONE', #2256, #3317, #5737, .T. ) ;
#2673 = ORIENTED_EDGE ( 'NONE', *, *, #2133, .F. ) ;
#2674 = ORIENTED_EDGE ( 'NONE', *, *, #5272, .F. ) ;
#2675 = PLANE ( 'NONE',  #3221 ) ;
#2676 = VERTEX_POINT ( 'NONE', #2870 ) ;
#2677 = CARTESIAN_POINT ( 'NONE',  ( 7.375000000000000888, 1.064999999999999947, -0.7749999999999996891 ) ) ;
#2678 = DIRECTION ( 'NONE',  ( -1.000000000000000000, 0.000000000000000000, 0.000000000000000000 ) ) ;
#2679 = CARTESIAN_POINT ( 'NONE',  ( 7.625000000000000888, 0.1249999999999999029, -1.284999999999999476 ) ) ;
#2680 = VERTEX_POINT ( 'NONE', #786 ) ;
#2681 = CARTESIAN_POINT ( 'NONE',  ( 7.625000000000000888, 0.02499999999999973424, -1.224999999999999867 ) ) ;
#2682 = ORIENTED_EDGE ( 'NONE', *, *, #2313, .F. ) ;
#2683 = CARTESIAN_POINT ( 'NONE',  ( 5.875000000000000888, -0.5000000000000002220, 0.1294291338582674034 ) ) ;
#2684 = DIRECTION ( 'NONE',  ( 1.000000000000000000, 0.000000000000000000, 0.000000000000000000 ) ) ;
#2685 = DIRECTION ( 'NONE',  ( -0.000000000000000000, 0.000000000000000000, -1.000000000000000000 ) ) ;
#2686 = DIRECTION ( 'NONE',  ( -1.609756867909053294E-15, -0.7071067811865490160, -0.7071067811865459074 ) ) ;
#2687 = DIRECTION ( 'NONE',  ( 1.000000000000000000, -0.000000000000000000, -0.000000000000000000 ) ) ;
#2688 = AXIS2_PLACEMENT_3D ( 'NONE', #113, #5162, #4676 ) ;
#2689 = DIRECTION ( 'NONE',  ( -4.370956789862818684E-16, 0.000000000000000000, 1.000000000000000000 ) ) ;
#2690 = CARTESIAN_POINT ( 'NONE',  ( 6.625000000000001776, 1.124999999999999556, -0.6749999999999996003 ) ) ;
#2691 = EDGE_CURVE ( 'NONE', #4157, #5336, #1303, .T. ) ;
#2692 = VERTEX_POINT ( 'NONE', #3791 ) ;
#2693 = VECTOR ( 'NONE', #4519, 39.37007874015748854 ) ;
#2694 = EDGE_CURVE ( 'NONE', #2006, #3679, #6289, .T. ) ;
#2695 = ADVANCED_FACE ( 'NONE', ( #1855 ), #2255, .T. ) ;
#2696 = DIRECTION ( 'NONE',  ( 1.000000000000000000, -0.000000000000000000, -0.000000000000000000 ) ) ;
#2697 = DIRECTION ( 'NONE',  ( 0.000000000000000000, 0.8673221464219590393, -0.4977472193051467597 ) ) ;
#2698 = ORIENTED_EDGE ( 'NONE', *, *, #3684, .F. ) ;
#2699 = DIRECTION ( 'NONE',  ( 0.000000000000000000, -0.7071067811865455743, 0.7071067811865494601 ) ) ;
#2700 = ADVANCED_FACE ( 'NONE', ( #3875 ), #2812, .T. ) ;
#2701 = DIRECTION ( 'NONE',  ( -0.000000000000000000, -0.8254635409548151115, -0.5644554389447746789 ) ) ;
#2702 = CARTESIAN_POINT ( 'NONE',  ( 5.428479634205137572, -0.3806524365617337535, -0.8034796342051483409 ) ) ;
#2703 = AXIS2_PLACEMENT_3D ( 'NONE', #3964, #1484, #6340 ) ;
#2704 = ORIENTED_EDGE ( 'NONE', *, *, #1039, .F. ) ;
#2705 = ORIENTED_EDGE ( 'NONE', *, *, #1482, .T. ) ;
#2706 = CARTESIAN_POINT ( 'NONE',  ( 5.875000000000000000, -0.3749999999999999445, 1.605662432702577469 ) ) ;
#2707 = VERTEX_POINT ( 'NONE', #4336 ) ;
#2708 = VECTOR ( 'NONE', #2317, 39.37007874015748143 ) ;
#2709 = ADVANCED_FACE ( 'NONE', ( #3821 ), #5829, .T. ) ;
#2710 = CARTESIAN_POINT ( 'NONE',  ( 6.625000000000001776, 1.124999999999999556, -0.2850000000000000866 ) ) ;
#2711 = DIRECTION ( 'NONE',  ( 0.000000000000000000, 0.7071067811865515695, -0.7071067811865434649 ) ) ;
#2712 = CARTESIAN_POINT ( 'NONE',  ( 5.787567525734383267, -0.7740770437219854916, -0.1249999999999999029 ) ) ;
#2713 = AXIS2_PLACEMENT_3D ( 'NONE', #286, #2280, #4272 ) ;
#2714 = ORIENTED_EDGE ( 'NONE', *, *, #2135, .F. ) ;
#2715 = CARTESIAN_POINT ( 'NONE',  ( 7.375000000000000888, -0.8750000000000001110, -0.8749999999999966693 ) ) ;
#2716 = ORIENTED_EDGE ( 'NONE', *, *, #1255, .F. ) ;
#2717 = DIRECTION ( 'NONE',  ( 1.000000000000000000, 0.000000000000000000, 0.000000000000000000 ) ) ;
#2718 = LINE ( 'NONE', #5052, #1298 ) ;
#2719 = CARTESIAN_POINT ( 'NONE',  ( 5.624999999999969802, 0.1250000000000001110, -0.7150000000000003020 ) ) ;
#2720 = DIRECTION ( 'NONE',  ( 0.000000000000000000, -1.000000000000000000, 0.000000000000000000 ) ) ;
#2721 = CARTESIAN_POINT ( 'NONE',  ( 6.625000000000001776, 1.024999999999999689, -0.7749999999999994671 ) ) ;
#2722 = CARTESIAN_POINT ( 'NONE',  ( 6.375000000000000888, -0.5000000000000001110, 0.4999999999999997224 ) ) ;
#2723 = ORIENTED_EDGE ( 'NONE', *, *, #5393, .T. ) ;
#2724 = CARTESIAN_POINT ( 'NONE',  ( 7.625000000000000888, 1.000000000000000000, -0.7499999999999997780 ) ) ;
#2725 = FACE_OUTER_BOUND ( 'NONE', #1544, .T. ) ;
#2726 = DIRECTION ( 'NONE',  ( 1.000000000000000000, -0.000000000000000000, -0.000000000000000000 ) ) ;
#2727 = EDGE_LOOP ( 'NONE', ( #5322, #4494, #2871, #799 ) ) ;
#2728 = VECTOR ( 'NONE', #72, 39.37007874015748143 ) ;
#2729 = LINE ( 'NONE', #4709, #3124 ) ;
#2730 = LINE ( 'NONE', #762, #2072 ) ;
#2731 = CARTESIAN_POINT ( 'NONE',  ( 5.374999999999990230, -0.3749999999999999445, -0.7499999999999998890 ) ) ;
#2732 = ORIENTED_EDGE ( 'NONE', *, *, #4207, .F. ) ;
#2733 = EDGE_CURVE ( 'NONE', #2864, #3908, #387, .T. ) ;
#2734 = CARTESIAN_POINT ( 'NONE',  ( 5.875000000000000000, -0.3749999999999999445, 1.605662432702577469 ) ) ;
#2735 = ADVANCED_FACE ( 'NONE', ( #2842 ), #1365, .F. ) ;
#2736 = ORIENTED_EDGE ( 'NONE', *, *, #1172, .F. ) ;
#2737 = DIRECTION ( 'NONE',  ( 4.370956789862818684E-16, 0.000000000000000000, 1.000000000000000000 ) ) ;
#2738 = ORIENTED_EDGE ( 'NONE', *, *, #111, .T. ) ;
#2739 = FACE_OUTER_BOUND ( 'NONE', #3516, .T. ) ;
#2740 = DIRECTION ( 'NONE',  ( 0.000000000000000000, 0.000000000000000000, -1.000000000000000000 ) ) ;
#2741 = ADVANCED_FACE ( 'NONE', ( #846 ), #4824, .T. ) ;
#2742 = ORIENTED_EDGE ( 'NONE', *, *, #576, .T. ) ;
#2743 = CARTESIAN_POINT ( 'NONE',  ( 6.625000000000001776, -0.2500000000000000000, -1.750000000000000000 ) ) ;
#2744 = VERTEX_POINT ( 'NONE', #4243 ) ;
#2745 = LINE ( 'NONE', #808, #3320 ) ;
#2746 = CARTESIAN_POINT ( 'NONE',  ( 6.375000000000001776, 1.024999999999999911, 1.224999999999999867 ) ) ;
#2747 = B_SPLINE_CURVE_WITH_KNOTS ( 'NONE', 3,
 ( #2731, #184, #701, #6206, #2702, #1742, #3647, #3741, #1777, #1679, #4745, #6144, #5202, #274 ),
 .UNSPECIFIED., .F., .F.,
 ( 4, 2, 2, 2, 2, 2, 4 ),
 ( 0.000000000000000000, 0.001155631292800562071, 0.002311262585601124141, 0.004622525171202197976, 0.009245050342404395952, 0.01386757551360659133, 0.01849010068480879190 ),
 .UNSPECIFIED. ) ;
#2748 = CARTESIAN_POINT ( 'NONE',  ( 5.374999999999969802, 0.000000000000000000, 1.374999999999999334 ) ) ;
#2749 = DIRECTION ( 'NONE',  ( -1.000000000000000000, 0.000000000000000000, 0.000000000000000000 ) ) ;
#2750 = ADVANCED_FACE ( 'NONE', ( #356 ), #1884, .F. ) ;
#2751 = ORIENTED_EDGE ( 'NONE', *, *, #6189, .T. ) ;
#2752 = DIRECTION ( 'NONE',  ( 0.000000000000000000, 0.000000000000000000, 1.000000000000000000 ) ) ;
#2753 = ORIENTED_EDGE ( 'NONE', *, *, #3152, .F. ) ;
#2754 = DIRECTION ( 'NONE',  ( 0.000000000000000000, -0.8732374715191878467, 0.4872948987366641505 ) ) ;
#2755 = DIRECTION ( 'NONE',  ( 0.7071067811865487940, 0.000000000000000000, -0.7071067811865462405 ) ) ;
#2756 = DIRECTION ( 'NONE',  ( 0.000000000000000000, 0.000000000000000000, -1.000000000000000000 ) ) ;
#2757 = VECTOR ( 'NONE', #6174, 39.37007874015748143 ) ;
#2758 = EDGE_LOOP ( 'NONE', ( #82, #159, #4473, #2550 ) ) ;
#2759 = CARTESIAN_POINT ( 'NONE',  ( 5.624999999999969802, 0.02499999999999946362, 1.774999999999999689 ) ) ;
#2760 = PLANE ( 'NONE',  #3749 ) ;
#2761 = AXIS2_PLACEMENT_3D ( 'NONE', #3525, #585, #4048 ) ;
#2762 = CARTESIAN_POINT ( 'NONE',  ( 5.624999999999969802, 1.088470684975604861E-16, 1.675000000000000266 ) ) ;
#2763 = VERTEX_POINT ( 'NONE', #3391 ) ;
#2764 = CARTESIAN_POINT ( 'NONE',  ( 5.624999999999969802, 0.1250000000000001110, 1.715000000000000524 ) ) ;
#2765 = VECTOR ( 'NONE', #1601, 39.37007874015748143 ) ;
#2766 = VERTEX_POINT ( 'NONE', #5363 ) ;
#2767 = VECTOR ( 'NONE', #105, 39.37007874015748143 ) ;
#2768 = CARTESIAN_POINT ( 'NONE',  ( 7.375000000000000888, 0.000000000000000000, -1.224999999999999867 ) ) ;
#2769 = ORIENTED_EDGE ( 'NONE', *, *, #3170, .T. ) ;
#2770 = EDGE_CURVE ( 'NONE', #2872, #3885, #901, .T. ) ;
#2771 = ORIENTED_EDGE ( 'NONE', *, *, #374, .F. ) ;
#2772 = EDGE_CURVE ( 'NONE', #731, #4809, #1683, .T. ) ;
#2773 = LINE ( 'NONE', #1199, #1107 ) ;
#2774 = VERTEX_POINT ( 'NONE', #6077 ) ;
#2775 = CARTESIAN_POINT ( 'NONE',  ( 6.375000000000000888, -0.5000000000000001110, 0.4999999999999997224 ) ) ;
#2776 = VERTEX_POINT ( 'NONE', #2111 ) ;
#2777 = DIRECTION ( 'NONE',  ( 1.000000000000000000, 0.000000000000000000, 0.000000000000000000 ) ) ;
#2778 = DIRECTION ( 'NONE',  ( 1.000000000000000000, 0.000000000000000000, 4.370956789862818684E-16 ) ) ;
#2779 = DIRECTION ( 'NONE',  ( -1.000000000000000000, 0.000000000000000000, -1.365923996832131363E-16 ) ) ;
#2780 = EDGE_CURVE ( 'NONE', #5057, #3191, #1192, .T. ) ;
#2781 = DIRECTION ( 'NONE',  ( -0.000000000000000000, -1.000000000000000000, -1.365923996832115871E-14 ) ) ;
#2782 = ORIENTED_EDGE ( 'NONE', *, *, #4523, .F. ) ;
#2783 = FACE_OUTER_BOUND ( 'NONE', #5690, .T. ) ;
#2784 = ORIENTED_EDGE ( 'NONE', *, *, #2855, .F. ) ;
#2785 = EDGE_CURVE ( 'NONE', #5007, #2904, #5104, .T. ) ;
#2786 = LINE ( 'NONE', #5279, #457 ) ;
#2787 = VECTOR ( 'NONE', #2798, 39.37007874015748854 ) ;
#2788 = VERTEX_POINT ( 'NONE', #1616 ) ;
#2789 = VERTEX_POINT ( 'NONE', #5655 ) ;
#2790 = CARTESIAN_POINT ( 'NONE',  ( 7.625000000000000888, 0.06500000000000009936, -1.224999999999999867 ) ) ;
#2791 = DIRECTION ( 'NONE',  ( 1.000000000000000000, 0.000000000000000000, 0.000000000000000000 ) ) ;
#2792 = FACE_OUTER_BOUND ( 'NONE', #6435, .T. ) ;
#2793 = ORIENTED_EDGE ( 'NONE', *, *, #6055, .T. ) ;
#2794 = LINE ( 'NONE', #6272, #4461 ) ;
#2795 = ORIENTED_EDGE ( 'NONE', *, *, #530, .F. ) ;
#2796 = CARTESIAN_POINT ( 'NONE',  ( 5.875000000000000888, -0.5000000000000001110, 0.4999999999999997224 ) ) ;
#2797 = VERTEX_POINT ( 'NONE', #3056 ) ;
#2798 = DIRECTION ( 'NONE',  ( 0.000000000000000000, 0.7071067811865435759, 0.7071067811865513475 ) ) ;
#2799 = EDGE_CURVE ( 'NONE', #4816, #861, #3093, .T. ) ;
#2800 = AXIS2_PLACEMENT_3D ( 'NONE', #2830, #1317, #1840 ) ;
#2801 = ORIENTED_EDGE ( 'NONE', *, *, #807, .F. ) ;
#2802 = AXIS2_PLACEMENT_3D ( 'NONE', #6382, #2019, #3522 ) ;
#2803 = LINE ( 'NONE', #4302, #2274 ) ;
#2804 = EDGE_LOOP ( 'NONE', ( #5861, #5367, #3339, #394 ) ) ;
#2805 = LINE ( 'NONE', #4204, #723 ) ;
#2806 = CARTESIAN_POINT ( 'NONE',  ( 7.375000000000000888, -0.8750000000000001110, -0.8749999999999966693 ) ) ;
#2807 = VECTOR ( 'NONE', #2632, 39.37007874015748854 ) ;
#2808 = CARTESIAN_POINT ( 'NONE',  ( 6.625000000000001776, 1.064999999999999503, 1.774999999999999467 ) ) ;
#2809 = CARTESIAN_POINT ( 'NONE',  ( 7.375000000000000888, 0.7499999999999998890, -0.1250000000000001665 ) ) ;
#2810 = VECTOR ( 'NONE', #1586, 39.37007874015748143 ) ;
#2811 = VECTOR ( 'NONE', #4821, 39.37007874015748143 ) ;
#2812 = PLANE ( 'NONE',  #1982 ) ;
#2813 = ORIENTED_EDGE ( 'NONE', *, *, #3254, .T. ) ;
#2814 = ADVANCED_FACE ( 'NONE', ( #5587 ), #4160, .F. ) ;
#2815 = EDGE_CURVE ( 'NONE', #5294, #166, #566, .T. ) ;
#2816 = VECTOR ( 'NONE', #1357, 39.37007874015748143 ) ;
#2817 = EDGE_LOOP ( 'NONE', ( #1620, #1539, #109, #5343 ) ) ;
#2818 = DIRECTION ( 'NONE',  ( 0.000000000000000000, -0.7071067811865461294, 0.7071067811865489050 ) ) ;
#2819 = VECTOR ( 'NONE', #5087, 39.37007874015748143 ) ;
#2820 = EDGE_CURVE ( 'NONE', #2958, #3087, #1157, .T. ) ;
#2821 = ORIENTED_EDGE ( 'NONE', *, *, #3305, .F. ) ;
#2822 = ORIENTED_EDGE ( 'NONE', *, *, #6242, .F. ) ;
#2823 = CARTESIAN_POINT ( 'NONE',  ( 7.625000000000000888, 0.000000000000000000, -1.750000000000000000 ) ) ;
#2824 = FACE_OUTER_BOUND ( 'NONE', #409, .T. ) ;
#2825 = CARTESIAN_POINT ( 'NONE',  ( 6.625000000000001776, 0.06499999999999971079, -1.775000000000000133 ) ) ;
#2826 = EDGE_LOOP ( 'NONE', ( #1874, #2058, #6277, #3392, #3893, #5081, #1166 ) ) ;
#2827 = VECTOR ( 'NONE', #2060, 39.37007874015748143 ) ;
#2828 = EDGE_CURVE ( 'NONE', #4013, #5669, #5034, .T. ) ;
#2829 = ORIENTED_EDGE ( 'NONE', *, *, #3528, .T. ) ;
#2830 = CARTESIAN_POINT ( 'NONE',  ( 5.875000000000000888, 0.2165063509461105096, -0.8749999999999997780 ) ) ;
#2831 = AXIS2_PLACEMENT_3D ( 'NONE', #2521, #4018, #2456 ) ;
#2832 = CARTESIAN_POINT ( 'NONE',  ( 6.625000000000001776, 0.000000000000000000, -1.750000000000000000 ) ) ;
#2833 = ORIENTED_EDGE ( 'NONE', *, *, #3094, .T. ) ;
#2834 = VERTEX_POINT ( 'NONE', #2146 ) ;
#2835 = DIRECTION ( 'NONE',  ( -0.000000000000000000, 0.000000000000000000, -1.000000000000000000 ) ) ;
#2836 = VERTEX_POINT ( 'NONE', #4583 ) ;
#2837 = CARTESIAN_POINT ( 'NONE',  ( 6.625000000000001776, 0.000000000000000000, -1.625000000000000000 ) ) ;
#2838 = ADVANCED_FACE ( 'NONE', ( #2562 ), #3162, .T. ) ;
#2839 = DIRECTION ( 'NONE',  ( 0.000000000000000000, -0.7071067811865489050, -0.7071067811865462405 ) ) ;
#2840 = DIRECTION ( 'NONE',  ( 1.000000000000000000, 0.000000000000000000, 0.000000000000000000 ) ) ;
#2841 = LINE ( 'NONE', #1423, #2261 ) ;
#2842 = FACE_OUTER_BOUND ( 'NONE', #5627, .T. ) ;
#2843 = ORIENTED_EDGE ( 'NONE', *, *, #4913, .F. ) ;
#2844 = ORIENTED_EDGE ( 'NONE', *, *, #5164, .T. ) ;
#2845 = VECTOR ( 'NONE', #475, 39.37007874015748143 ) ;
#2846 = ADVANCED_FACE ( 'NONE', ( #4653 ), #6357, .F. ) ;
#2847 = ADVANCED_FACE ( 'NONE', ( #3714 ), #1340, .T. ) ;
#2848 = CARTESIAN_POINT ( 'NONE',  ( 6.625000000000001776, 1.124999999999999556, -0.6749999999999996003 ) ) ;
#2849 = ORIENTED_EDGE ( 'NONE', *, *, #3152, .T. ) ;
#2850 = ORIENTED_EDGE ( 'NONE', *, *, #4698, .T. ) ;
#2851 = CARTESIAN_POINT ( 'NONE',  ( 6.625000000000001776, 1.000000000000000000, 1.750000000000000222 ) ) ;
#2852 = CARTESIAN_POINT ( 'NONE',  ( 7.375000000000000888, -0.2500000000000000000, -1.750000000000000000 ) ) ;
#2853 = PLANE ( 'NONE',  #6190 ) ;
#2854 = EDGE_LOOP ( 'NONE', ( #459, #4887, #3352, #6 ) ) ;
#2855 = EDGE_CURVE ( 'NONE', #389, #3769, #5897, .T. ) ;
#2856 = VECTOR ( 'NONE', #3991, 39.37007874015748143 ) ;
#2857 = ORIENTED_EDGE ( 'NONE', *, *, #1660, .F. ) ;
#2858 = CARTESIAN_POINT ( 'NONE',  ( 6.625000000000001776, 1.000000000000000000, -0.7499999999999997780 ) ) ;
#2859 = VECTOR ( 'NONE', #632, 39.37007874015748143 ) ;
#2860 = DIRECTION ( 'NONE',  ( 0.000000000000000000, 0.000000000000000000, 1.000000000000000000 ) ) ;
#2861 = ORIENTED_EDGE ( 'NONE', *, *, #4284, .T. ) ;
#2862 = EDGE_CURVE ( 'NONE', #5255, #5483, #4898, .T. ) ;
#2863 = AXIS2_PLACEMENT_3D ( 'NONE', #5749, #4774, #5780 ) ;
#2864 = VERTEX_POINT ( 'NONE', #2240 ) ;
#2865 = CYLINDRICAL_SURFACE ( 'NONE', #909, 0.4330708661417322913 ) ;
#2866 = CARTESIAN_POINT ( 'NONE',  ( 7.875000000000000888, 0.7499999999999998890, -0.6249999999999996669 ) ) ;
#2867 = LINE ( 'NONE', #2371, #3330 ) ;
#2868 = CARTESIAN_POINT ( 'NONE',  ( 5.374999999999990230, -0.3749999999999999445, -0.5416666666666657415 ) ) ;
#2869 = DIRECTION ( 'NONE',  ( 0.000000000000000000, 1.000000000000000000, 1.365923996832115398E-14 ) ) ;
#2870 = CARTESIAN_POINT ( 'NONE',  ( 6.625000000000001776, 0.7499999999999998890, -0.6749999999999996003 ) ) ;
#2871 = ORIENTED_EDGE ( 'NONE', *, *, #285, .F. ) ;
#2872 = VERTEX_POINT ( 'NONE', #5204 ) ;
#2873 = VERTEX_POINT ( 'NONE', #1925 ) ;
#2874 = ADVANCED_FACE ( 'NONE', ( #1222 ), #392, .T. ) ;
#2875 = CARTESIAN_POINT ( 'NONE',  ( 6.625000000000001776, 0.7499999999999998890, -0.7499999999999997780 ) ) ;
#2876 = CARTESIAN_POINT ( 'NONE',  ( 6.375000000000000888, -0.5000000000000001110, 0.4999999999999997224 ) ) ;
#2877 = ORIENTED_EDGE ( 'NONE', *, *, #2691, .T. ) ;
#2878 = VERTEX_POINT ( 'NONE', #1863 ) ;
#2879 = EDGE_CURVE ( 'NONE', #2766, #4798, #945, .T. ) ;
#2880 = DIRECTION ( 'NONE',  ( 0.000000000000000000, 0.000000000000000000, 1.000000000000000000 ) ) ;
#2881 = ADVANCED_FACE ( 'NONE', ( #4192 ), #4373, .F. ) ;
#2882 = LINE ( 'NONE', #2852, #6134 ) ;
#2883 = DIRECTION ( 'NONE',  ( -1.000000000000000000, 0.000000000000000000, 0.000000000000000000 ) ) ;
#2884 = ORIENTED_EDGE ( 'NONE', *, *, #3822, .T. ) ;
#2885 = VECTOR ( 'NONE', #6118, 39.37007874015748143 ) ;
#2886 = VERTEX_POINT ( 'NONE', #5372 ) ;
#2887 = EDGE_CURVE ( 'NONE', #2707, #5757, #1892, .T. ) ;
#2888 = CARTESIAN_POINT ( 'NONE',  ( 6.375000000000001776, 0.000000000000000000, -1.675000000000000044 ) ) ;
#2889 = EDGE_CURVE ( 'NONE', #5452, #2314, #3338, .T. ) ;
#2890 = FACE_OUTER_BOUND ( 'NONE', #5599, .T. ) ;
#2891 = ORIENTED_EDGE ( 'NONE', *, *, #3731, .F. ) ;
#2892 = VERTEX_POINT ( 'NONE', #4716 ) ;
#2893 = DIRECTION ( 'NONE',  ( -0.000000000000000000, 0.000000000000000000, -1.000000000000000000 ) ) ;
#2894 = EDGE_CURVE ( 'NONE', #2035, #3713, #5342, .T. ) ;
#2895 = ORIENTED_EDGE ( 'NONE', *, *, #4553, .F. ) ;
#2896 = DIRECTION ( 'NONE',  ( 0.000000000000000000, 0.000000000000000000, 1.000000000000000000 ) ) ;
#2897 = CARTESIAN_POINT ( 'NONE',  ( 7.375000000000000888, 1.000000000000000000, 1.750000000000000222 ) ) ;
#2898 = CARTESIAN_POINT ( 'NONE',  ( 5.374999999999990230, -0.2500000000000000000, -0.1249999999999999029 ) ) ;
#2899 = CYLINDRICAL_SURFACE ( 'NONE', #1211, 1.250000000000000000 ) ;
#2900 = VECTOR ( 'NONE', #643, 39.37007874015748143 ) ;
#2901 = VECTOR ( 'NONE', #6310, 39.37007874015748143 ) ;
#2902 = VECTOR ( 'NONE', #3136, 39.37007874015748143 ) ;
#2903 = CARTESIAN_POINT ( 'NONE',  ( 6.625000000000001776, 0.9999999999999995559, -0.3250000000000000666 ) ) ;
#2904 = VERTEX_POINT ( 'NONE', #4402 ) ;
#2905 = VERTEX_POINT ( 'NONE', #6209 ) ;
#2906 = CARTESIAN_POINT ( 'NONE',  ( 6.093503937007874960, -0.5000000000000001110, 0.8705708661417320693 ) ) ;
#2907 = ORIENTED_EDGE ( 'NONE', *, *, #4772, .F. ) ;
#2908 = FACE_OUTER_BOUND ( 'NONE', #5511, .T. ) ;
#2909 = VECTOR ( 'NONE', #794, 39.37007874015748854 ) ;
#2910 = FACE_OUTER_BOUND ( 'NONE', #2611, .T. ) ;
#2911 = VECTOR ( 'NONE', #3061, 39.37007874015748143 ) ;
#2912 = CARTESIAN_POINT ( 'NONE',  ( 7.375000000000000888, 0.06500000000000009936, -1.224999999999999867 ) ) ;
#2913 = VECTOR ( 'NONE', #4886, 39.37007874015748143 ) ;
#2914 = CARTESIAN_POINT ( 'NONE',  ( 9.162901510716855213, -0.5000000000000001110, 0.4999999999999997224 ) ) ;
#2915 = APPLICATION_CONTEXT ( 'automotive_design' ) ;
#2916 = ORIENTED_EDGE ( 'NONE', *, *, #4207, .T. ) ;
#2917 = ORIENTED_EDGE ( 'NONE', *, *, #5200, .T. ) ;
#2918 = CARTESIAN_POINT ( 'NONE',  ( 6.375000000000001776, 1.124999999999999778, 1.284999999999999920 ) ) ;
#2919 = CARTESIAN_POINT ( 'NONE',  ( 5.374999999999969802, -0.2500000000000000000, -0.6750000000000000444 ) ) ;
#2920 = LINE ( 'NONE', #4895, #1817 ) ;
#2921 = EDGE_LOOP ( 'NONE', ( #497, #4492, #6306, #4804 ) ) ;
#2922 = VECTOR ( 'NONE', #4880, 39.37007874015748854 ) ;
#2923 = ORIENTED_EDGE ( 'NONE', *, *, #2615, .T. ) ;
#2924 = LINE ( 'NONE', #3866, #5909 ) ;
#2925 = LINE ( 'NONE', #1412, #4938 ) ;
#2926 = EDGE_LOOP ( 'NONE', ( #4605, #2813, #5543, #5791 ) ) ;
#2927 = ADVANCED_FACE ( 'NONE', ( #1433, #3914 ), #2946, .F. ) ;
#2928 = EDGE_CURVE ( 'NONE', #1027, #6400, #6026, .T. ) ;
#2929 = VERTEX_POINT ( 'NONE', #2025 ) ;
#2930 = DIRECTION ( 'NONE',  ( -1.000000000000000000, 0.000000000000000000, -4.370956789862818684E-16 ) ) ;
#2931 = ORIENTED_EDGE ( 'NONE', *, *, #346, .T. ) ;
#2932 = VECTOR ( 'NONE', #3271, 39.37007874015748143 ) ;
#2933 = LINE ( 'NONE', #4942, #1754 ) ;
#2934 = CARTESIAN_POINT ( 'NONE',  ( 7.375000000000000888, 0.5825317547305481902, 1.125000000000000000 ) ) ;
#2935 = CARTESIAN_POINT ( 'NONE',  ( 7.375000000000000888, 1.024999999999999911, 1.224999999999999867 ) ) ;
#2936 = FACE_OUTER_BOUND ( 'NONE', #41, .T. ) ;
#2937 = ADVANCED_FACE ( 'NONE', ( #978 ), #5020, .F. ) ;
#2938 = EDGE_LOOP ( 'NONE', ( #5592, #1608, #5678, #706 ) ) ;
#2939 = VERTEX_POINT ( 'NONE', #2481 ) ;
#2940 = LINE ( 'NONE', #29, #4362 ) ;
#2941 = ORIENTED_EDGE ( 'NONE', *, *, #4604, .F. ) ;
#2942 = CARTESIAN_POINT ( 'NONE',  ( 5.374999999999969802, -0.2500000000000000000, 1.675000000000000266 ) ) ;
#2943 = DIRECTION ( 'NONE',  ( -0.000000000000000000, 0.000000000000000000, -1.000000000000000000 ) ) ;
#2944 = ADVANCED_FACE ( 'NONE', ( #2515 ), #5962, .T. ) ;
#2945 = CARTESIAN_POINT ( 'NONE',  ( 5.875000000000000888, -0.9826249026478278692, 0.3693355314395876388 ) ) ;
#2946 = PLANE ( 'NONE',  #5004 ) ;
#2947 = ORIENTED_EDGE ( 'NONE', *, *, #4610, .F. ) ;
#2948 = ORIENTED_EDGE ( 'NONE', *, *, #3615, .T. ) ;
#2949 =( LENGTH_UNIT ( ) NAMED_UNIT ( * ) SI_UNIT ( $, .METRE. ) );
#2950 = LINE ( 'NONE', #4993, #3346 ) ;
#2951 = DIRECTION ( 'NONE',  ( 0.000000000000000000, 0.000000000000000000, -1.000000000000000000 ) ) ;
#2952 = LINE ( 'NONE', #10, #999 ) ;
#2953 = CARTESIAN_POINT ( 'NONE',  ( 7.625000000000000888, 1.000000000000000000, 1.250000000000000000 ) ) ;
#2954 = ORIENTED_EDGE ( 'NONE', *, *, #883, .F. ) ;
#2955 = CARTESIAN_POINT ( 'NONE',  ( 5.374999999999969802, -0.2500000000000000000, 1.250000000000000000 ) ) ;
#2956 = VECTOR ( 'NONE', #6173, 39.37007874015748143 ) ;
#2957 = CARTESIAN_POINT ( 'NONE',  ( 7.875000000000000888, -0.2500000000000000000, -1.000000000000000888 ) ) ;
#2958 = VERTEX_POINT ( 'NONE', #2096 ) ;
#2959 = CARTESIAN_POINT ( 'NONE',  ( 7.625000000000000888, -0.2500000000000000000, -1.750000000000000000 ) ) ;
#2960 = AXIS2_PLACEMENT_3D ( 'NONE', #5219, #2689, #3699 ) ;
#2961 = VERTEX_POINT ( 'NONE', #3949 ) ;
#2962 = PLANE ( 'NONE',  #2703 ) ;
#2963 = ORIENTED_EDGE ( 'NONE', *, *, #3703, .F. ) ;
#2964 = EDGE_CURVE ( 'NONE', #5058, #2904, #3599, .T. ) ;
#2965 = CARTESIAN_POINT ( 'NONE',  ( 7.375000000000000888, -0.2500000000000000000, -1.750000000000000000 ) ) ;
#2966 = EDGE_CURVE ( 'NONE', #2008, #5871, #1953, .T. ) ;
#2967 = CARTESIAN_POINT ( 'NONE',  ( 7.625000000000000888, 1.064999999999999503, 1.225000000000000089 ) ) ;
#2968 = FACE_OUTER_BOUND ( 'NONE', #3877, .T. ) ;
#2969 = AXIS2_PLACEMENT_3D ( 'NONE', #2164, #5613, #1109 ) ;
#2970 = FACE_OUTER_BOUND ( 'NONE', #4444, .T. ) ;
#2971 = VECTOR ( 'NONE', #5645, 39.37007874015748143 ) ;
#2972 = ORIENTED_EDGE ( 'NONE', *, *, #5500, .T. ) ;
#2973 = FACE_OUTER_BOUND ( 'NONE', #4500, .T. ) ;
#2974 = EDGE_LOOP ( 'NONE', ( #3538, #5203, #4201, #6264, #3616, #3196, #3058 ) ) ;
#2975 = VECTOR ( 'NONE', #2720, 39.37007874015748143 ) ;
#2976 = DIRECTION ( 'NONE',  ( 0.000000000000000000, -1.000000000000000000, -0.000000000000000000 ) ) ;
#2977 = LINE ( 'NONE', #4951, #6016 ) ;
#2978 = ADVANCED_FACE ( 'NONE', ( #2449 ), #5931, .T. ) ;
#2979 = CARTESIAN_POINT ( 'NONE',  ( 5.875000000000000888, -0.2500000000000000000, -1.000000000000000666 ) ) ;
#2980 = CARTESIAN_POINT ( 'NONE',  ( 7.375000000000000888, -0.6832349937381949623, -0.7364970428875938779 ) ) ;
#2981 = LINE ( 'NONE', #4954, #6041 ) ;
#2982 = ORIENTED_EDGE ( 'NONE', *, *, #5545, .T. ) ;
#2983 = ORIENTED_EDGE ( 'NONE', *, *, #1669, .F. ) ;
#2984 = ADVANCED_FACE ( 'NONE', ( #3495 ), #5992, .T. ) ;
#2985 = LINE ( 'NONE', #5275, #5413 ) ;
#2986 = PLANE ( 'NONE',  #4740 ) ;
#2987 = FACE_OUTER_BOUND ( 'NONE', #3163, .T. ) ;
#2988 = DIRECTION ( 'NONE',  ( 0.000000000000000000, -0.9937974929067980856, 0.1112049598361636860 ) ) ;
#2989 = ORIENTED_EDGE ( 'NONE', *, *, #4506, .T. ) ;
#2990 = FACE_OUTER_BOUND ( 'NONE', #1885, .T. ) ;
#2991 = CARTESIAN_POINT ( 'NONE',  ( 7.375000000000000888, 1.000000000000000000, 1.250000000000000000 ) ) ;
#2992 = ORIENTED_EDGE ( 'NONE', *, *, #5393, .F. ) ;
#2993 = ORIENTED_EDGE ( 'NONE', *, *, #1082, .T. ) ;
#2994 = DIRECTION ( 'NONE',  ( 0.000000000000000000, 0.000000000000000000, -1.000000000000000000 ) ) ;
#2995 = EDGE_LOOP ( 'NONE', ( #2342, #5845, #2682, #2244 ) ) ;
#2996 = CARTESIAN_POINT ( 'NONE',  ( 6.625000000000001776, 1.000000000000000000, 1.250000000000000000 ) ) ;
#2997 = LINE ( 'NONE', #6440, #6205 ) ;
#2998 = ADVANCED_FACE ( 'NONE', ( #1073 ), #1469, .F. ) ;
#2999 = DIRECTION ( 'NONE',  ( -1.000000000000000000, 0.000000000000000000, 4.370956789862818684E-16 ) ) ;
#3000 = DIRECTION ( 'NONE',  ( 0.000000000000000000, -1.000000000000000000, -6.829619984160730819E-15 ) ) ;
#3001 = ORIENTED_EDGE ( 'NONE', *, *, #5199, .T. ) ;
#3002 = DIRECTION ( 'NONE',  ( 0.000000000000000000, 0.7071067811865450192, 0.7071067811865499042 ) ) ;
#3003 = VERTEX_POINT ( 'NONE', #5571 ) ;
#3004 = DIRECTION ( 'NONE',  ( 0.000000000000000000, -1.000000000000000000, -0.000000000000000000 ) ) ;
#3005 = AXIS2_PLACEMENT_3D ( 'NONE', #6177, #4295, #5291 ) ;
#3006 = CARTESIAN_POINT ( 'NONE',  ( 9.162901510716855213, -0.5000000000000001110, 0.4999999999999997224 ) ) ;
#3007 = AXIS2_PLACEMENT_3D ( 'NONE', #4198, #4167, #5661 ) ;
#3008 = EDGE_CURVE ( 'NONE', #3257, #3466, #2981, .T. ) ;
#3009 = CARTESIAN_POINT ( 'NONE',  ( 5.374999999999969802, 0.1250000000000001110, 1.715000000000000524 ) ) ;
#3010 = ADVANCED_FACE ( 'NONE', ( #488 ), #3526, .F. ) ;
#3011 = LINE ( 'NONE', #5, #4593 ) ;
#3012 = VECTOR ( 'NONE', #5900, 39.37007874015748143 ) ;
#3013 = ORIENTED_EDGE ( 'NONE', *, *, #6105, .F. ) ;
#3014 = ORIENTED_EDGE ( 'NONE', *, *, #768, .T. ) ;
#3015 = VECTOR ( 'NONE', #941, 39.37007874015748143 ) ;
#3016 = CARTESIAN_POINT ( 'NONE',  ( 7.625000000000000888, 1.000000000000000000, 1.250000000000000000 ) ) ;
#3017 = DIRECTION ( 'NONE',  ( 0.000000000000000000, -1.000000000000000000, -0.000000000000000000 ) ) ;
#3018 = FACE_OUTER_BOUND ( 'NONE', #4543, .T. ) ;
#3019 = VECTOR ( 'NONE', #4453, 39.37007874015748143 ) ;
#3020 = LINE ( 'NONE', #75, #6157 ) ;
#3021 = EDGE_CURVE ( 'NONE', #5955, #6399, #3011, .T. ) ;
#3022 = ORIENTED_EDGE ( 'NONE', *, *, #4317, .F. ) ;
#3023 = CARTESIAN_POINT ( 'NONE',  ( 5.374999999999969802, 0.1250000000000001110, -0.7150000000000001910 ) ) ;
#3024 = LINE ( 'NONE', #2073, #5442 ) ;
#3025 = ORIENTED_EDGE ( 'NONE', *, *, #3266, .T. ) ;
#3026 = EDGE_CURVE ( 'NONE', #5871, #3886, #5056, .T. ) ;
#3027 = VERTEX_POINT ( 'NONE', #2582 ) ;
#3028 = CARTESIAN_POINT ( 'NONE',  ( 5.624999999999969802, 0.1250000000000001110, 1.284999999999999254 ) ) ;
#3029 = EDGE_LOOP ( 'NONE', ( #3395, #143, #6294, #3863, #1121, #4964, #2223 ) ) ;
#3030 = CARTESIAN_POINT ( 'NONE',  ( 6.375000000000000888, -1.036747897645823535, 0.5692453116553132242 ) ) ;
#3031 = LINE ( 'NONE', #677, #6138 ) ;
#3032 = LINE ( 'NONE', #2506, #1636 ) ;
#3033 = AXIS2_PLACEMENT_3D ( 'NONE', #6314, #814, #330 ) ;
#3034 = ORIENTED_EDGE ( 'NONE', *, *, #6058, .F. ) ;
#3035 = CARTESIAN_POINT ( 'NONE',  ( 6.625000000000001776, 1.064999999999999947, -0.7749999999999996891 ) ) ;
#3036 = ORIENTED_EDGE ( 'NONE', *, *, #790, .F. ) ;
#3037 = DIRECTION ( 'NONE',  ( 0.000000000000000000, -0.7071067811865514585, 0.7071067811865433539 ) ) ;
#3038 = LINE ( 'NONE', #483, #607 ) ;
#3039 = AXIS2_PLACEMENT_3D ( 'NONE', #4962, #495, #557 ) ;
#3040 = CARTESIAN_POINT ( 'NONE',  ( 7.375000000000000888, 0.000000000000000000, -1.249999999999999778 ) ) ;
#3041 = CARTESIAN_POINT ( 'NONE',  ( 6.625000000000001776, 0.000000000000000000, -1.774999999999999689 ) ) ;
#3042 = ORIENTED_EDGE ( 'NONE', *, *, #3409, .T. ) ;
#3043 = VERTEX_POINT ( 'NONE', #2548 ) ;
#3044 = DIRECTION ( 'NONE',  ( 0.000000000000000000, 0.7071067811865515695, -0.7071067811865434649 ) ) ;
#3045 = EDGE_CURVE ( 'NONE', #4266, #2303, #517, .T. ) ;
#3046 = EDGE_CURVE ( 'NONE', #2939, #3156, #4567, .T. ) ;
#3047 = CARTESIAN_POINT ( 'NONE',  ( 7.375000000000000888, -0.5000000000000001110, 0.4999999999999997224 ) ) ;
#3048 = DIRECTION ( 'NONE',  ( 0.000000000000000000, 0.000000000000000000, -1.000000000000000000 ) ) ;
#3049 = DIRECTION ( 'NONE',  ( 0.000000000000000000, -1.000000000000000000, -0.000000000000000000 ) ) ;
#3050 = ORIENTED_EDGE ( 'NONE', *, *, #2168, .T. ) ;
#3051 = FACE_OUTER_BOUND ( 'NONE', #69, .T. ) ;
#3052 = EDGE_CURVE ( 'NONE', #4769, #5637, #3114, .T. ) ;
#3053 = CARTESIAN_POINT ( 'NONE',  ( 6.441357490602178437, 0.9809599489701964492, 1.467919227812046978 ) ) ;
#3054 = VERTEX_POINT ( 'NONE', #4245 ) ;
#3055 = LINE ( 'NONE', #2959, #726 ) ;
#3056 = CARTESIAN_POINT ( 'NONE',  ( 7.375000000000000888, 0.7499999999999998890, -0.2499999999999998057 ) ) ;
#3057 = ORIENTED_EDGE ( 'NONE', *, *, #629, .F. ) ;
#3058 = ORIENTED_EDGE ( 'NONE', *, *, #1910, .F. ) ;
#3059 = LINE ( 'NONE', #2038, #714 ) ;
#3060 = ORIENTED_EDGE ( 'NONE', *, *, #5370, .T. ) ;
#3061 = DIRECTION ( 'NONE',  ( 0.000000000000000000, -1.000000000000000000, -0.000000000000000000 ) ) ;
#3062 = EDGE_CURVE ( 'NONE', #512, #3544, #6227, .T. ) ;
#3063 = DIRECTION ( 'NONE',  ( -1.000000000000000000, 0.000000000000000000, 0.000000000000000000 ) ) ;
#3064 = DIRECTION ( 'NONE',  ( 0.000000000000000000, 0.000000000000000000, 1.000000000000000000 ) ) ;
#3065 = CARTESIAN_POINT ( 'NONE',  ( 7.875000000000000888, -0.3749999999999999445, -1.875000000000000000 ) ) ;
#3066 = VECTOR ( 'NONE', #3628, 39.37007874015748143 ) ;
#3067 = VERTEX_POINT ( 'NONE', #5739 ) ;
#3068 = CARTESIAN_POINT ( 'NONE',  ( 7.375000000000000888, 1.064999999999999947, -0.2250000000000000611 ) ) ;
#3069 = VERTEX_POINT ( 'NONE', #2690 ) ;
#3070 = FACE_OUTER_BOUND ( 'NONE', #482, .T. ) ;
#3071 = CARTESIAN_POINT ( 'NONE',  ( 6.625000000000001776, 0.02499999999999977240, -1.774999999999999689 ) ) ;
#3072 = VECTOR ( 'NONE', #1432, 39.37007874015748854 ) ;
#3073 = CARTESIAN_POINT ( 'NONE',  ( 6.625000000000001776, 1.124999999999999556, -0.6749999999999996003 ) ) ;
#3074 = CARTESIAN_POINT ( 'NONE',  ( 7.625000000000000888, 0.7499999999999998890, -0.6749999999999996003 ) ) ;
#3075 = PLANE ( 'NONE',  #1289 ) ;
#3076 = VECTOR ( 'NONE', #2883, 39.37007874015748143 ) ;
#3077 = DIRECTION ( 'NONE',  ( -1.000000000000000000, 0.000000000000000000, 0.000000000000000000 ) ) ;
#3078 = EDGE_LOOP ( 'NONE', ( #6007, #3216, #6273, #3942 ) ) ;
#3079 = ORIENTED_EDGE ( 'NONE', *, *, #3447, .F. ) ;
#3080 = CARTESIAN_POINT ( 'NONE',  ( 6.625000000000001776, 1.000000000000000000, -0.2499999999999998057 ) ) ;
#3081 = DIRECTION ( 'NONE',  ( -1.000000000000000000, 0.000000000000000000, 0.000000000000000000 ) ) ;
#3082 = LINE ( 'NONE', #1605, #4019 ) ;
#3083 = EDGE_CURVE ( 'NONE', #3853, #626, #1764, .T. ) ;
#3084 = CARTESIAN_POINT ( 'NONE',  ( 5.374999999999969802, 1.000000000000000000, -0.6249999999999996669 ) ) ;
#3085 = ADVANCED_FACE ( 'NONE', ( #4640 ), #1634, .T. ) ;
#3086 = EDGE_CURVE ( 'NONE', #2892, #2403, #5091, .T. ) ;
#3087 = VERTEX_POINT ( 'NONE', #656 ) ;
#3088 = DIRECTION ( 'NONE',  ( 0.7970611839566836831, -0.6038985585589434768, 0.000000000000000000 ) ) ;
#3089 = CARTESIAN_POINT ( 'NONE',  ( 7.375000000000000888, 1.124999999999999778, 1.284999999999999920 ) ) ;
#3090 = CARTESIAN_POINT ( 'NONE',  ( 7.625000000000000888, 0.000000000000000000, -1.625000000000000000 ) ) ;
#3091 = ORIENTED_EDGE ( 'NONE', *, *, #4996, .T. ) ;
#3092 = EDGE_CURVE ( 'NONE', #4877, #5014, #3633, .T. ) ;
#3093 = LINE ( 'NONE', #3195, #2100 ) ;
#3094 = EDGE_CURVE ( 'NONE', #365, #2265, #5705, .T. ) ;
#3095 = EDGE_LOOP ( 'NONE', ( #185, #2666, #771, #6120 ) ) ;
#3096 = ORIENTED_EDGE ( 'NONE', *, *, #4312, .F. ) ;
#3097 = CARTESIAN_POINT ( 'NONE',  ( 6.375000000000001776, 0.7499999999999998890, -0.6749999999999996003 ) ) ;
#3098 = VERTEX_POINT ( 'NONE', #237 ) ;
#3099 = CARTESIAN_POINT ( 'NONE',  ( 6.625000000000001776, 1.064999999999999503, 1.225000000000000089 ) ) ;
#3100 = CARTESIAN_POINT ( 'NONE',  ( 5.374999999999969802, 0.000000000000000000, -0.7499999999999998890 ) ) ;
#3101 = AXIS2_PLACEMENT_3D ( 'NONE', #1883, #447, #3874 ) ;
#3102 = LINE ( 'NONE', #6013, #4897 ) ;
#3103 = CARTESIAN_POINT ( 'NONE',  ( 7.375000000000000888, 1.124999999999999556, -0.3250000000000000666 ) ) ;
#3104 = LINE ( 'NONE', #5045, #5585 ) ;
#3105 = VECTOR ( 'NONE', #3751, 39.37007874015748143 ) ;
#3106 = ADVANCED_FACE ( 'NONE', ( #2196 ), #625, .T. ) ;
#3107 = CARTESIAN_POINT ( 'NONE',  ( 7.875000000000000888, 0.7499999999999998890, 1.875000000000000000 ) ) ;
#3108 = ORIENTED_EDGE ( 'NONE', *, *, #3850, .T. ) ;
#3109 = PLANE ( 'NONE',  #3990 ) ;
#3110 = FACE_OUTER_BOUND ( 'NONE', #4411, .T. ) ;
#3111 = PLANE ( 'NONE',  #2297 ) ;
#3112 = FACE_OUTER_BOUND ( 'NONE', #3654, .T. ) ;
#3113 = CARTESIAN_POINT ( 'NONE',  ( 5.875000000000000888, -0.2500000000000000000, -1.000000000000000888 ) ) ;
#3114 = LINE ( 'NONE', #4671, #3451 ) ;
#3115 = ORIENTED_EDGE ( 'NONE', *, *, #5295, .F. ) ;
#3116 = AXIS2_PLACEMENT_3D ( 'NONE', #5956, #4007, #1947 ) ;
#3117 = PLANE ( 'NONE',  #4635 ) ;
#3118 = AXIS2_PLACEMENT_3D ( 'NONE', #5815, #6365, #3348 ) ;
#3119 = CARTESIAN_POINT ( 'NONE',  ( 5.875000000000000888, -0.2500000000000000000, -1.875000000000000000 ) ) ;
#3120 = VECTOR ( 'NONE', #1552, 39.37007874015748143 ) ;
#3121 = ORIENTED_EDGE ( 'NONE', *, *, #1787, .F. ) ;
#3122 = FACE_BOUND ( 'NONE', #564, .T. ) ;
#3123 = DIRECTION ( 'NONE',  ( 0.000000000000000000, 1.000000000000000000, 0.000000000000000000 ) ) ;
#3124 = VECTOR ( 'NONE', #242, 39.37007874015748143 ) ;
#3125 = CARTESIAN_POINT ( 'NONE',  ( 5.624999999999969802, 0.06499999999999993283, -0.2249999999999992006 ) ) ;
#3126 = VECTOR ( 'NONE', #6204, 39.37007874015748143 ) ;
#3127 = DIRECTION ( 'NONE',  ( 0.000000000000000000, -0.7071067811865454633, 0.7071067811865495711 ) ) ;
#3128 = ORIENTED_EDGE ( 'NONE', *, *, #4118, .T. ) ;
#3129 = AXIS2_PLACEMENT_3D ( 'NONE', #1032, #3664, #4137 ) ;
#3130 = VERTEX_POINT ( 'NONE', #3181 ) ;
#3131 = ORIENTED_EDGE ( 'NONE', *, *, #325, .T. ) ;
#3132 = CARTESIAN_POINT ( 'NONE',  ( 7.875039370078741108, 0.1634595704905431601, 1.559396714325895772 ) ) ;
#3133 = ORIENTED_EDGE ( 'NONE', *, *, #5759, .T. ) ;
#3134 = CARTESIAN_POINT ( 'NONE',  ( 7.875000000000000888, 0.2165063509461105096, -0.8749999999999997780 ) ) ;
#3135 = EDGE_CURVE ( 'NONE', #2776, #5669, #4603, .T. ) ;
#3136 = DIRECTION ( 'NONE',  ( 0.000000000000000000, -0.000000000000000000, -1.000000000000000000 ) ) ;
#3137 = EDGE_CURVE ( 'NONE', #2500, #1894, #1209, .T. ) ;
#3138 = DIRECTION ( 'NONE',  ( 0.000000000000000000, 1.000000000000000000, 0.000000000000000000 ) ) ;
#3139 = AXIS2_PLACEMENT_3D ( 'NONE', #6373, #3358, #811 ) ;
#3140 = ORIENTED_EDGE ( 'NONE', *, *, #6354, .T. ) ;
#3141 = CARTESIAN_POINT ( 'NONE',  ( 5.624999999999969802, 1.088470684975604861E-16, -0.6750000000000001554 ) ) ;
#3142 = ORIENTED_EDGE ( 'NONE', *, *, #141, .F. ) ;
#3143 = CARTESIAN_POINT ( 'NONE',  ( 5.999999999999984901, -0.6543305366054898986, 1.249436804826286496 ) ) ;
#3144 = LINE ( 'NONE', #170, #1437 ) ;
#3145 = CARTESIAN_POINT ( 'NONE',  ( 6.625000000000001776, 1.000000000000000888, 1.624999999999999778 ) ) ;
#3146 = EDGE_CURVE ( 'NONE', #594, #4097, #1700, .T. ) ;
#3147 = VECTOR ( 'NONE', #3301, 39.37007874015748143 ) ;
#3148 = DIRECTION ( 'NONE',  ( 0.000000000000000000, 0.000000000000000000, 1.000000000000000000 ) ) ;
#3149 = CARTESIAN_POINT ( 'NONE',  ( 5.624999999999969802, 1.088470684975604861E-16, 1.675000000000000266 ) ) ;
#3150 = ORIENTED_EDGE ( 'NONE', *, *, #3402, .T. ) ;
#3151 = AXIS2_PLACEMENT_3D ( 'NONE', #295, #5768, #3273 ) ;
#3152 = EDGE_CURVE ( 'NONE', #938, #5057, #639, .T. ) ;
#3153 = CARTESIAN_POINT ( 'NONE',  ( 5.875000000000000888, 0.2165063509461105096, -0.8749999999999997780 ) ) ;
#3154 = SURFACE_SIDE_STYLE ('',( #1148 ) ) ;
#3155 = FACE_BOUND ( 'NONE', #5125, .T. ) ;
#3156 = VERTEX_POINT ( 'NONE', #3700 ) ;
#3157 = FACE_OUTER_BOUND ( 'NONE', #1956, .T. ) ;
#3158 = FACE_OUTER_BOUND ( 'NONE', #3753, .T. ) ;
#3159 = CARTESIAN_POINT ( 'NONE',  ( 5.624999999999969802, 1.088470684975604861E-16, -0.6750000000000001554 ) ) ;
#3160 = PLANE ( 'NONE',  #3698 ) ;
#3161 = EDGE_LOOP ( 'NONE', ( #2461, #2113, #1992, #5139 ) ) ;
#3162 = PLANE ( 'NONE',  #5310 ) ;
#3163 = EDGE_LOOP ( 'NONE', ( #5106, #3748, #6323, #3831 ) ) ;
#3164 = ORIENTED_EDGE ( 'NONE', *, *, #3958, .F. ) ;
#3165 = CARTESIAN_POINT ( 'NONE',  ( 6.625000000000001776, 1.124999999999999556, -0.6749999999999996003 ) ) ;
#3166 = ORIENTED_EDGE ( 'NONE', *, *, #567, .T. ) ;
#3167 = LINE ( 'NONE', #5559, #1205 ) ;
#3168 = DIRECTION ( 'NONE',  ( 0.000000000000000000, 0.000000000000000000, -1.000000000000000000 ) ) ;
#3169 = LINE ( 'NONE', #3690, #3105 ) ;
#3170 = EDGE_CURVE ( 'NONE', #5452, #5276, #5609, .T. ) ;
#3171 = ORIENTED_EDGE ( 'NONE', *, *, #6415, .F. ) ;
#3172 = ADVANCED_FACE ( 'NONE', ( #5158 ), #2162, .T. ) ;
#3173 = ADVANCED_FACE ( 'NONE', ( #4704 ), #4735, .T. ) ;
#3174 = DIRECTION ( 'NONE',  ( 0.000000000000000000, 1.000000000000000000, 0.000000000000000000 ) ) ;
#3175 = ORIENTED_EDGE ( 'NONE', *, *, #6225, .F. ) ;
#3176 = CARTESIAN_POINT ( 'NONE',  ( 6.375000000000000888, 0.1634595704905431601, 1.559396714325895772 ) ) ;
#3177 = LINE ( 'NONE', #5152, #3844 ) ;
#3178 = DIRECTION ( 'NONE',  ( 1.000000000000000000, -0.000000000000000000, -0.000000000000000000 ) ) ;
#3179 = VECTOR ( 'NONE', #5566, 39.37007874015748854 ) ;
#3180 = FACE_OUTER_BOUND ( 'NONE', #3508, .T. ) ;
#3181 = CARTESIAN_POINT ( 'NONE',  ( 5.374999999999969802, 0.1250000000000001110, 1.675000000000000266 ) ) ;
#3182 = EDGE_CURVE ( 'NONE', #2789, #1408, #1730, .T. ) ;
#3183 = EDGE_LOOP ( 'NONE', ( #5565, #4374, #2275, #5665 ) ) ;
#3184 = VECTOR ( 'NONE', #5061, 39.37007874015748143 ) ;
#3185 = VECTOR ( 'NONE', #4606, 39.37007874015748143 ) ;
#3186 = CARTESIAN_POINT ( 'NONE',  ( 5.624999999999969802, 0.1250000000000001110, -0.7150000000000003020 ) ) ;
#3187 = PLANE ( 'NONE',  #2688 ) ;
#3188 = AXIS2_PLACEMENT_3D ( 'NONE', #3601, #5710, #3248 ) ;
#3189 = DIRECTION ( 'NONE',  ( 0.000000000000000000, 0.7071067811865459074, -0.7071067811865491270 ) ) ;
#3190 = EDGE_CURVE ( 'NONE', #6295, #5963, #266, .T. ) ;
#3191 = VERTEX_POINT ( 'NONE', #3793 ) ;
#3192 = LINE ( 'NONE', #5717, #1021 ) ;
#3193 = LINE ( 'NONE', #215, #5245 ) ;
#3194 = VERTEX_POINT ( 'NONE', #1798 ) ;
#3195 = CARTESIAN_POINT ( 'NONE',  ( 7.625000000000000888, 1.000000000000000000, -0.6249999999999996669 ) ) ;
#3196 = ORIENTED_EDGE ( 'NONE', *, *, #935, .T. ) ;
#3197 = DIRECTION ( 'NONE',  ( 0.000000000000000000, 0.000000000000000000, 1.000000000000000000 ) ) ;
#3198 = ORIENTED_EDGE ( 'NONE', *, *, #1896, .F. ) ;
#3199 = LINE ( 'NONE', #3134, #4785 ) ;
#3200 = DIRECTION ( 'NONE',  ( -0.000000000000000000, -0.7071067811865450192, -0.7071067811865499042 ) ) ;
#3201 = CARTESIAN_POINT ( 'NONE',  ( 6.625000000000001776, 0.06500000000000009936, -1.224999999999999867 ) ) ;
#3202 = ORIENTED_EDGE ( 'NONE', *, *, #1915, .T. ) ;
#3203 = VECTOR ( 'NONE', #900, 39.37007874015748143 ) ;
#3204 = CARTESIAN_POINT ( 'NONE',  ( 7.625000000000000888, 1.000000000000000000, 1.250000000000000000 ) ) ;
#3205 = ORIENTED_EDGE ( 'NONE', *, *, #685, .F. ) ;
#3206 = LINE ( 'NONE', #619, #1126 ) ;
#3207 = CARTESIAN_POINT ( 'NONE',  ( 7.375000000000000888, 1.000000000000000000, -0.3750000000000001110 ) ) ;
#3208 = AXIS2_PLACEMENT_3D ( 'NONE', #6288, #2411, #1913 ) ;
#3209 = DIRECTION ( 'NONE',  ( -0.7071067811865462405, 0.000000000000000000, -0.7071067811865489050 ) ) ;
#3210 = CARTESIAN_POINT ( 'NONE',  ( 7.375000000000000888, 1.064999999999999503, 1.774999999999999467 ) ) ;
#3211 = ORIENTED_EDGE ( 'NONE', *, *, #5119, .T. ) ;
#3212 = CARTESIAN_POINT ( 'NONE',  ( 6.625000000000001776, 0.9999999999999998890, 1.324999999999999956 ) ) ;
#3213 = ADVANCED_FACE ( 'NONE', ( #2783 ), #5249, .F. ) ;
#3214 = EDGE_CURVE ( 'NONE', #4128, #1373, #6260, .T. ) ;
#3215 = LINE ( 'NONE', #730, #4413 ) ;
#3216 = ORIENTED_EDGE ( 'NONE', *, *, #3822, .F. ) ;
#3217 = CARTESIAN_POINT ( 'NONE',  ( 7.375000000000000888, 1.024999999999999911, 1.774999999999999467 ) ) ;
#3218 = LINE ( 'NONE', #5777, #3638 ) ;
#3219 = LINE ( 'NONE', #273, #1761 ) ;
#3220 = CARTESIAN_POINT ( 'NONE',  ( 6.625000000000001776, -0.2500000000000000000, -1.675000000000000044 ) ) ;
#3221 = AXIS2_PLACEMENT_3D ( 'NONE', #6081, #5591, #2566 ) ;
#3222 = ORIENTED_EDGE ( 'NONE', *, *, #5769, .F. ) ;
#3223 = ADVANCED_FACE ( 'NONE', ( #4280 ), #3602, .F. ) ;
#3224 = AXIS2_PLACEMENT_3D ( 'NONE', #5603, #2577, #3667 ) ;
#3225 = DIRECTION ( 'NONE',  ( 0.000000000000000000, 0.000000000000000000, -1.000000000000000000 ) ) ;
#3226 = ORIENTED_EDGE ( 'NONE', *, *, #3579, .T. ) ;
#3227 = PLANE ( 'NONE',  #6425 ) ;
#3228 = VERTEX_POINT ( 'NONE', #5478 ) ;
#3229 = VECTOR ( 'NONE', #5988, 39.37007874015748143 ) ;
#3230 = DIRECTION ( 'NONE',  ( 0.000000000000000000, -1.000000000000000000, -0.000000000000000000 ) ) ;
#3231 = PLANE ( 'NONE',  #3007 ) ;
#3232 = EDGE_CURVE ( 'NONE', #3308, #298, #3020, .T. ) ;
#3233 = CARTESIAN_POINT ( 'NONE',  ( 5.374999999999969802, 1.088470684975604861E-16, -0.3249999999999991229 ) ) ;
#3234 = VECTOR ( 'NONE', #6019, 39.37007874015748143 ) ;
#3235 = ORIENTED_EDGE ( 'NONE', *, *, #5454, .F. ) ;
#3236 = CARTESIAN_POINT ( 'NONE',  ( 5.374999999999969802, 0.7499999999999998890, -0.6249999999999996669 ) ) ;
#3237 = ORIENTED_EDGE ( 'NONE', *, *, #1602, .F. ) ;
#3238 = DIRECTION ( 'NONE',  ( 0.000000000000000000, -1.000000000000000000, -0.000000000000000000 ) ) ;
#3239 = CIRCLE ( 'NONE', #2294, 0.4330708661417322913 ) ;
#3240 = FACE_OUTER_BOUND ( 'NONE', #5744, .T. ) ;
#3241 = CARTESIAN_POINT ( 'NONE',  ( 5.875000000000000000, -0.2500000000000000000, 1.605662432702577469 ) ) ;
#3242 = VECTOR ( 'NONE', #1389, 39.37007874015748854 ) ;
#3243 = FACE_OUTER_BOUND ( 'NONE', #5048, .T. ) ;
#3244 = PLANE ( 'NONE',  #2960 ) ;
#3245 = ORIENTED_EDGE ( 'NONE', *, *, #5588, .F. ) ;
#3246 = DIRECTION ( 'NONE',  ( -0.8660254037844414832, 0.000000000000000000, 0.4999999999999951150 ) ) ;
#3247 = EDGE_LOOP ( 'NONE', ( #5109, #1325, #3399, #5536 ) ) ;
#3248 = DIRECTION ( 'NONE',  ( 0.000000000000000000, 0.7071067811865435759, -0.7071067811865513475 ) ) ;
#3249 = CARTESIAN_POINT ( 'NONE',  ( 7.375000000000000888, 0.7499999999999998890, 1.124999999999999778 ) ) ;
#3250 = ORIENTED_EDGE ( 'NONE', *, *, #5538, .T. ) ;
#3251 = AXIS2_PLACEMENT_3D ( 'NONE', #3041, #5503, #4466 ) ;
#3252 = ADVANCED_FACE ( 'NONE', ( #2031 ), #1475, .F. ) ;
#3253 = LINE ( 'NONE', #699, #6429 ) ;
#3254 = EDGE_CURVE ( 'NONE', #3228, #2797, #3471, .T. ) ;
#3255 = FACE_OUTER_BOUND ( 'NONE', #1200, .T. ) ;
#3256 = FACE_OUTER_BOUND ( 'NONE', #5926, .T. ) ;
#3257 = VERTEX_POINT ( 'NONE', #4442 ) ;
#3258 = EDGE_LOOP ( 'NONE', ( #43, #2059, #3779, #3906 ) ) ;
#3259 = DIRECTION ( 'NONE',  ( 0.000000000000000000, 0.000000000000000000, -1.000000000000000000 ) ) ;
#3260 = EDGE_CURVE ( 'NONE', #5483, #83, #2209, .T. ) ;
#3261 = ORIENTED_EDGE ( 'NONE', *, *, #4595, .F. ) ;
#3262 = LINE ( 'NONE', #5177, #5190 ) ;
#3263 = CARTESIAN_POINT ( 'NONE',  ( 6.625000000000001776, 0.000000000000000000, -1.374999999999999778 ) ) ;
#3264 = VERTEX_POINT ( 'NONE', #5970 ) ;
#3265 = CARTESIAN_POINT ( 'NONE',  ( 5.875000000000000888, -0.5000000000000002220, 0.1294291338582674034 ) ) ;
#3266 = EDGE_CURVE ( 'NONE', #4619, #4315, #5026, .T. ) ;
#3267 = ORIENTED_EDGE ( 'NONE', *, *, #1516, .T. ) ;
#3268 = LINE ( 'NONE', #5242, #87 ) ;
#3269 = DIRECTION ( 'NONE',  ( 0.000000000000000000, 1.000000000000000000, 0.000000000000000000 ) ) ;
#3270 = DIRECTION ( 'NONE',  ( -0.000000000000000000, 0.000000000000000000, -1.000000000000000000 ) ) ;
#3271 = DIRECTION ( 'NONE',  ( -0.000000000000000000, 0.000000000000000000, -1.000000000000000000 ) ) ;
#3272 = ORIENTED_EDGE ( 'NONE', *, *, #3562, .T. ) ;
#3273 = DIRECTION ( 'NONE',  ( 0.000000000000000000, 0.000000000000000000, 1.000000000000000000 ) ) ;
#3274 = ORIENTED_EDGE ( 'NONE', *, *, #3563, .F. ) ;
#3275 = AXIS2_PLACEMENT_3D ( 'NONE', #683, #5638, #3037 ) ;
#3276 = LINE ( 'NONE', #428, #1709 ) ;
#3277 = VECTOR ( 'NONE', #6034, 39.37007874015748143 ) ;
#3278 = ORIENTED_EDGE ( 'NONE', *, *, #4563, .T. ) ;
#3279 = EDGE_LOOP ( 'NONE', ( #2387, #13, #5656, #1784, #849, #3823, #320 ) ) ;
#3280 = LINE ( 'NONE', #5256, #2909 ) ;
#3281 = CARTESIAN_POINT ( 'NONE',  ( 6.625000000000001776, -0.8750000000000001110, -0.8749999999999966693 ) ) ;
#3282 = ADVANCED_FACE ( 'NONE', ( #5577 ), #526, .T. ) ;
#3283 = VECTOR ( 'NONE', #362, 39.37007874015748143 ) ;
#3284 = CARTESIAN_POINT ( 'NONE',  ( 5.624999999999969802, 0.000000000000000000, 1.625000000000000222 ) ) ;
#3285 = ORIENTED_EDGE ( 'NONE', *, *, #6223, .F. ) ;
#3286 = ORIENTED_EDGE ( 'NONE', *, *, #3911, .F. ) ;
#3287 = VECTOR ( 'NONE', #375, 39.37007874015748143 ) ;
#3288 = DIRECTION ( 'NONE',  ( 1.000000000000000000, -0.000000000000000000, -0.000000000000000000 ) ) ;
#3289 = VERTEX_POINT ( 'NONE', #5542 ) ;
#3290 = FACE_OUTER_BOUND ( 'NONE', #1786, .T. ) ;
#3291 = ADVANCED_FACE ( 'NONE', ( #467 ), #6068, .T. ) ;
#3292 = EDGE_CURVE ( 'NONE', #4385, #823, #2492, .T. ) ;
#3293 = VERTEX_POINT ( 'NONE', #593 ) ;
#3294 = FACE_OUTER_BOUND ( 'NONE', #1927, .T. ) ;
#3295 = EDGE_LOOP ( 'NONE', ( #5624, #4281, #332, #5103, #902, #3609, #5416 ) ) ;
#3296 = DIRECTION ( 'NONE',  ( -0.000000000000000000, 0.000000000000000000, -1.000000000000000000 ) ) ;
#3297 = FACE_BOUND ( 'NONE', #6042, .T. ) ;
#3298 = LINE ( 'NONE', #2935, #2922 ) ;
#3299 = PRESENTATION_STYLE_ASSIGNMENT (( #74 ) ) ;
#3300 = ADVANCED_FACE ( 'NONE', ( #1080 ), #2555, .T. ) ;
#3301 = DIRECTION ( 'NONE',  ( 1.000000000000000000, -0.000000000000000000, -0.000000000000000000 ) ) ;
#3302 = EDGE_LOOP ( 'NONE', ( #241, #5535, #3322, #5617 ) ) ;
#3303 = ORIENTED_EDGE ( 'NONE', *, *, #4905, .T. ) ;
#3304 = VECTOR ( 'NONE', #1571, 39.37007874015748143 ) ;
#3305 = EDGE_CURVE ( 'NONE', #4647, #365, #11, .T. ) ;
#3306 = DIRECTION ( 'NONE',  ( 1.000000000000000000, 0.000000000000000000, -0.000000000000000000 ) ) ;
#3307 = ORIENTED_EDGE ( 'NONE', *, *, #1812, .F. ) ;
#3308 = VERTEX_POINT ( 'NONE', #2066 ) ;
#3309 = DIRECTION ( 'NONE',  ( 0.000000000000000000, -0.7071067811865487940, 0.7071067811865462405 ) ) ;
#3310 = PLANE ( 'NONE',  #2595 ) ;
#3311 = DIRECTION ( 'NONE',  ( 1.000000000000000000, -0.000000000000000000, -0.000000000000000000 ) ) ;
#3312 = ORIENTED_EDGE ( 'NONE', *, *, #368, .F. ) ;
#3313 = ORIENTED_EDGE ( 'NONE', *, *, #6338, .T. ) ;
#3314 = CARTESIAN_POINT ( 'NONE',  ( 6.375000000000001776, 1.124999999999999778, 1.674999999999999822 ) ) ;
#3315 = CIRCLE ( 'NONE', #1644, 1.250000000000000000 ) ;
#3316 = CARTESIAN_POINT ( 'NONE',  ( 5.875000000000000888, -0.3749999999999999445, -0.1249999999999997918 ) ) ;
#3317 = VERTEX_POINT ( 'NONE', #4505 ) ;
#3318 = VECTOR ( 'NONE', #2699, 39.37007874015748854 ) ;
#3319 = EDGE_LOOP ( 'NONE', ( #48, #5760, #5975, #5382 ) ) ;
#3320 = VECTOR ( 'NONE', #5269, 39.37007874015748143 ) ;
#3321 = CARTESIAN_POINT ( 'NONE',  ( 5.374999999999969802, 0.7500000000000002220, 1.625000000000000222 ) ) ;
#3322 = ORIENTED_EDGE ( 'NONE', *, *, #6107, .T. ) ;
#3323 = EDGE_CURVE ( 'NONE', #1058, #861, #4058, .T. ) ;
#3324 = LINE ( 'NONE', #5299, #1542 ) ;
#3325 = EDGE_CURVE ( 'NONE', #1782, #4449, #1607, .T. ) ;
#3326 = CARTESIAN_POINT ( 'NONE',  ( 7.625000000000000888, -0.8750000000000001110, -0.8749999999999966693 ) ) ;
#3327 = VECTOR ( 'NONE', #6072, 39.37007874015748143 ) ;
#3328 = DIRECTION ( 'NONE',  ( 1.000000000000000000, 0.000000000000000000, 0.000000000000000000 ) ) ;
#3329 = LINE ( 'NONE', #1459, #1937 ) ;
#3330 = VECTOR ( 'NONE', #3757, 39.37007874015748143 ) ;
#3331 = DIRECTION ( 'NONE',  ( -1.000000000000000000, 0.000000000000000000, 0.000000000000000000 ) ) ;
#3332 = ORIENTED_EDGE ( 'NONE', *, *, #6027, .F. ) ;
#3333 = EDGE_LOOP ( 'NONE', ( #1383, #3868, #1419, #1721 ) ) ;
#3334 = FACE_OUTER_BOUND ( 'NONE', #4569, .T. ) ;
#3335 = EDGE_CURVE ( 'NONE', #1748, #4233, #42, .T. ) ;
#3336 = LINE ( 'NONE', #2848, #5341 ) ;
#3337 = CIRCLE ( 'NONE', #3439, 0.3705708661417323468 ) ;
#3338 = LINE ( 'NONE', #2734, #1677 ) ;
#3339 = ORIENTED_EDGE ( 'NONE', *, *, #4488, .T. ) ;
#3340 = VERTEX_POINT ( 'NONE', #1572 ) ;
#3341 = EDGE_CURVE ( 'NONE', #2680, #2087, #1998, .T. ) ;
#3342 = DIRECTION ( 'NONE',  ( -1.000000000000000000, 0.000000000000000000, 0.000000000000000000 ) ) ;
#3343 = FACE_OUTER_BOUND ( 'NONE', #2758, .T. ) ;
#3344 = ORIENTED_EDGE ( 'NONE', *, *, #1738, .F. ) ;
#3345 = DIRECTION ( 'NONE',  ( 0.000000000000000000, 0.000000000000000000, -1.000000000000000000 ) ) ;
#3346 = VECTOR ( 'NONE', #2453, 39.37007874015748143 ) ;
#3347 = VERTEX_POINT ( 'NONE', #114 ) ;
#3348 = DIRECTION ( 'NONE',  ( 0.000000000000000000, 0.000000000000000000, -1.000000000000000000 ) ) ;
#3349 = AXIS2_PLACEMENT_3D ( 'NONE', #206, #3762, #1274 ) ;
#3350 = CARTESIAN_POINT ( 'NONE',  ( 6.625000000000001776, 0.1250000000000000278, -1.675000000000000044 ) ) ;
#3351 = ORIENTED_EDGE ( 'NONE', *, *, #5919, .T. ) ;
#3352 = ORIENTED_EDGE ( 'NONE', *, *, #1533, .T. ) ;
#3353 = CARTESIAN_POINT ( 'NONE',  ( 5.875000000000000888, -0.3749999999999999445, 1.605662432702577469 ) ) ;
#3354 = EDGE_LOOP ( 'NONE', ( #2716, #3961, #528, #4906 ) ) ;
#3355 = CARTESIAN_POINT ( 'NONE',  ( 6.625000000000001776, 0.7500000000000002220, 1.625000000000000222 ) ) ;
#3356 = FACE_BOUND ( 'NONE', #4932, .T. ) ;
#3357 = ADVANCED_FACE ( 'NONE', ( #3987 ), #697, .F. ) ;
#3358 = DIRECTION ( 'NONE',  ( 0.000000000000000000, 0.000000000000000000, -1.000000000000000000 ) ) ;
#3359 = DIRECTION ( 'NONE',  ( 0.000000000000000000, 0.000000000000000000, 1.000000000000000000 ) ) ;
#3360 = ADVANCED_FACE ( 'NONE', ( #2263 ), #1182, .F. ) ;
#3361 = DIRECTION ( 'NONE',  ( 0.000000000000000000, 0.000000000000000000, 1.000000000000000000 ) ) ;
#3362 = EDGE_CURVE ( 'NONE', #5637, #5563, #5649, .T. ) ;
#3363 = VERTEX_POINT ( 'NONE', #4186 ) ;
#3364 = ORIENTED_EDGE ( 'NONE', *, *, #576, .F. ) ;
#3365 = ORIENTED_EDGE ( 'NONE', *, *, #3305, .T. ) ;
#3366 = EDGE_CURVE ( 'NONE', #2517, #2958, #4678, .T. ) ;
#3367 = DIRECTION ( 'NONE',  ( 0.000000000000000000, -0.000000000000000000, -1.000000000000000000 ) ) ;
#3368 = EDGE_CURVE ( 'NONE', #4765, #1081, #5163, .T. ) ;
#3369 = DIRECTION ( 'NONE',  ( -1.000000000000000000, 0.000000000000000000, 0.000000000000000000 ) ) ;
#3370 = ORIENTED_EDGE ( 'NONE', *, *, #4079, .T. ) ;
#3371 = ORIENTED_EDGE ( 'NONE', *, *, #6142, .F. ) ;
#3372 = APPLICATION_PROTOCOL_DEFINITION ( 'draft international standard', 'automotive_design', 1998, #2915 ) ;
#3373 = CARTESIAN_POINT ( 'NONE',  ( 5.374999999999969802, 0.1250000000000001110, -0.6750000000000000444 ) ) ;
#3374 = DIRECTION ( 'NONE',  ( 0.000000000000000000, 0.000000000000000000, 1.000000000000000000 ) ) ;
#3375 = ORIENTED_EDGE ( 'NONE', *, *, #2617, .F. ) ;
#3376 = VECTOR ( 'NONE', #4632, 39.37007874015748143 ) ;
#3377 = EDGE_CURVE ( 'NONE', #2776, #3963, #5680, .T. ) ;
#3378 = ORIENTED_EDGE ( 'NONE', *, *, #5339, .F. ) ;
#3379 = DIRECTION ( 'NONE',  ( 1.000000000000000000, -0.000000000000000000, -0.000000000000000000 ) ) ;
#3380 = VECTOR ( 'NONE', #2726, 39.37007874015748143 ) ;
#3381 = CARTESIAN_POINT ( 'NONE',  ( 5.374999999999969802, 1.000000000000000222, 1.624999999999999778 ) ) ;
#3382 = EDGE_LOOP ( 'NONE', ( #4923, #3057, #3459, #6329 ) ) ;
#3383 = VECTOR ( 'NONE', #5574, 39.37007874015748143 ) ;
#3384 = VERTEX_POINT ( 'NONE', #1111 ) ;
#3385 = CARTESIAN_POINT ( 'NONE',  ( 6.625000000000001776, 1.000000000000000000, -0.7499999999999997780 ) ) ;
#3386 = ORIENTED_EDGE ( 'NONE', *, *, #1446, .F. ) ;
#3387 = CARTESIAN_POINT ( 'NONE',  ( 7.375000000000000888, 1.124999999999999556, -0.7149999999999996358 ) ) ;
#3388 = DIRECTION ( 'NONE',  ( 0.000000000000000000, 0.7071067811865459074, -0.7071067811865490160 ) ) ;
#3389 = DIRECTION ( 'NONE',  ( -1.000000000000000000, 0.000000000000000000, -2.048885995248154026E-16 ) ) ;
#3390 = LINE ( 'NONE', #328, #3507 ) ;
#3391 = CARTESIAN_POINT ( 'NONE',  ( 6.375000000000001776, -0.2500000000000000000, -1.324999999999999734 ) ) ;
#3392 = ORIENTED_EDGE ( 'NONE', *, *, #3677, .F. ) ;
#3393 = ORIENTED_EDGE ( 'NONE', *, *, #1914, .F. ) ;
#3394 = PLANE ( 'NONE',  #1139 ) ;
#3395 = ORIENTED_EDGE ( 'NONE', *, *, #1738, .T. ) ;
#3396 = LINE ( 'NONE', #3943, #3229 ) ;
#3397 = FACE_OUTER_BOUND ( 'NONE', #4129, .T. ) ;
#3398 = DIRECTION ( 'NONE',  ( 0.000000000000000000, 0.000000000000000000, 1.000000000000000000 ) ) ;
#3399 = ORIENTED_EDGE ( 'NONE', *, *, #6261, .T. ) ;
#3400 = ORIENTED_EDGE ( 'NONE', *, *, #3813, .T. ) ;
#3401 = CARTESIAN_POINT ( 'NONE',  ( 5.374999999999969802, 0.7499999999999998890, -0.3250000000000000666 ) ) ;
#3402 = EDGE_CURVE ( 'NONE', #3854, #4597, #6170, .T. ) ;
#3403 = ADVANCED_FACE ( 'NONE', ( #4149 ), #4609, .F. ) ;
#3404 = FACE_OUTER_BOUND ( 'NONE', #247, .T. ) ;
#3405 = ORIENTED_EDGE ( 'NONE', *, *, #1878, .F. ) ;
#3406 = VECTOR ( 'NONE', #3660, 39.37007874015748854 ) ;
#3407 = ORIENTED_EDGE ( 'NONE', *, *, #5430, .F. ) ;
#3408 = CARTESIAN_POINT ( 'NONE',  ( 5.374999999999969802, -0.2500000000000000000, -1.324999999999999734 ) ) ;
#3409 = EDGE_CURVE ( 'NONE', #856, #4027, #3215, .T. ) ;
#3410 = DIRECTION ( 'NONE',  ( 0.000000000000000000, 1.000000000000000000, 0.000000000000000000 ) ) ;
#3411 = ORIENTED_EDGE ( 'NONE', *, *, #4400, .F. ) ;
#3412 = EDGE_LOOP ( 'NONE', ( #4939, #5933, #3624, #5364 ) ) ;
#3413 = VECTOR ( 'NONE', #2835, 39.37007874015748143 ) ;
#3414 = FACE_OUTER_BOUND ( 'NONE', #1093, .T. ) ;
#3415 = ORIENTED_EDGE ( 'NONE', *, *, #4927, .F. ) ;
#3416 = FACE_OUTER_BOUND ( 'NONE', #6210, .T. ) ;
#3417 = EDGE_CURVE ( 'NONE', #3363, #2271, #1675, .T. ) ;
#3418 = DIRECTION ( 'NONE',  ( -1.000000000000000000, 0.000000000000000000, 0.000000000000000000 ) ) ;
#3419 = CARTESIAN_POINT ( 'NONE',  ( 6.625000000000001776, 0.000000000000000000, -1.249999999999999778 ) ) ;
#3420 = FACE_OUTER_BOUND ( 'NONE', #2112, .T. ) ;
#3421 = VECTOR ( 'NONE', #3836, 39.37007874015748854 ) ;
#3422 = AXIS2_PLACEMENT_3D ( 'NONE', #1387, #5395, #2896 ) ;
#3423 = AXIS2_PLACEMENT_3D ( 'NONE', #129, #4135, #193 ) ;
#3424 = EDGE_LOOP ( 'NONE', ( #294, #2332, #2326, #4799 ) ) ;
#3425 = VERTEX_POINT ( 'NONE', #2664 ) ;
#3426 = DIRECTION ( 'NONE',  ( 1.000000000000000000, 0.000000000000000000, 0.000000000000000000 ) ) ;
#3427 = EDGE_LOOP ( 'NONE', ( #2221, #5022, #1100, #2399, #4826 ) ) ;
#3428 = DIRECTION ( 'NONE',  ( 3.090733186385389389E-16, 0.7071067811865460184, -0.7071067811865491270 ) ) ;
#3429 = CARTESIAN_POINT ( 'NONE',  ( 5.624999999999969802, 1.088470684975604861E-16, -0.3249999999999992895 ) ) ;
#3430 = VECTOR ( 'NONE', #4894, 39.37007874015748143 ) ;
#3431 = PLANE ( 'NONE',  #5147 ) ;
#3432 = VECTOR ( 'NONE', #2509, 39.37007874015748143 ) ;
#3433 = VERTEX_POINT ( 'NONE', #3249 ) ;
#3434 = ORIENTED_EDGE ( 'NONE', *, *, #6378, .F. ) ;
#3435 = LINE ( 'NONE', #2389, #720 ) ;
#3436 = CARTESIAN_POINT ( 'NONE',  ( 5.624999999999969802, 1.088470684975604861E-16, -0.3249999999999992895 ) ) ;
#3437 = PLANE ( 'NONE',  #2341 ) ;
#3438 = ORIENTED_EDGE ( 'NONE', *, *, #4504, .F. ) ;
#3439 = AXIS2_PLACEMENT_3D ( 'NONE', #6094, #546, #1070 ) ;
#3440 = EDGE_CURVE ( 'NONE', #4904, #1010, #5224, .T. ) ;
#3441 = EDGE_CURVE ( 'NONE', #5622, #2584, #6233, .T. ) ;
#3442 = VERTEX_POINT ( 'NONE', #2629 ) ;
#3443 = DIRECTION ( 'NONE',  ( 0.000000000000000000, 0.000000000000000000, -1.000000000000000000 ) ) ;
#3444 = CARTESIAN_POINT ( 'NONE',  ( 7.625000000000000888, -0.2500000000000000000, -1.750000000000000000 ) ) ;
#3445 = ORIENTED_EDGE ( 'NONE', *, *, #4506, .F. ) ;
#3446 = VECTOR ( 'NONE', #1827, 39.37007874015748854 ) ;
#3447 = EDGE_CURVE ( 'NONE', #441, #936, #1249, .T. ) ;
#3448 = ORIENTED_EDGE ( 'NONE', *, *, #1329, .F. ) ;
#3449 = CARTESIAN_POINT ( 'NONE',  ( 7.375000000000000888, 1.024999999999999911, 1.774999999999999467 ) ) ;
#3450 = ORIENTED_EDGE ( 'NONE', *, *, #5003, .F. ) ;
#3451 = VECTOR ( 'NONE', #5221, 39.37007874015748143 ) ;
#3452 = LINE ( 'NONE', #2996, #5915 ) ;
#3453 = DIRECTION ( 'NONE',  ( -1.000000000000000000, 0.000000000000000000, 0.000000000000000000 ) ) ;
#3454 = LINE ( 'NONE', #4520, #292 ) ;
#3455 = LINE ( 'NONE', #4393, #5578 ) ;
#3456 = EDGE_CURVE ( 'NONE', #797, #3264, #270, .T. ) ;
#3457 = ORIENTED_EDGE ( 'NONE', *, *, #2733, .T. ) ;
#3458 = LINE ( 'NONE', #5366, #3432 ) ;
#3459 = ORIENTED_EDGE ( 'NONE', *, *, #2457, .T. ) ;
#3460 = PLANE ( 'NONE',  #250 ) ;
#3461 = CARTESIAN_POINT ( 'NONE',  ( 6.375000000000000888, 0.7499999999999998890, 1.124999999999999778 ) ) ;
#3462 = CARTESIAN_POINT ( 'NONE',  ( 7.625000000000000888, 0.000000000000000000, -1.324999999999999734 ) ) ;
#3463 = ADVANCED_FACE ( 'NONE', ( #5097, #2137, #6101, #1640, #3639, #5616, #1149, #3155, #5130, #661, #2166, #6139, #1371, #876 ), #1339, .F. ) ;
#3464 = CARTESIAN_POINT ( 'NONE',  ( 6.625000000000001776, 0.02499999999999973424, -1.224999999999999867 ) ) ;
#3465 = VERTEX_POINT ( 'NONE', #3825 ) ;
#3466 = VERTEX_POINT ( 'NONE', #2295 ) ;
#3467 = AXIS2_PLACEMENT_3D ( 'NONE', #1029, #2467, #3902 ) ;
#3468 = CARTESIAN_POINT ( 'NONE',  ( 5.374999999999969802, 0.02499999999999946362, -0.7749999999999994671 ) ) ;
#3469 = DIRECTION ( 'NONE',  ( 1.000000000000000000, -0.000000000000000000, -0.000000000000000000 ) ) ;
#3470 = LINE ( 'NONE', #434, #2360 ) ;
#3471 = LINE ( 'NONE', #3536, #5008 ) ;
#3472 = ORIENTED_EDGE ( 'NONE', *, *, #1698, .T. ) ;
#3473 = EDGE_CURVE ( 'NONE', #3433, #1474, #302, .T. ) ;
#3474 = PLANE ( 'NONE',  #1852 ) ;
#3475 = VECTOR ( 'NONE', #5513, 39.37007874015748143 ) ;
#3476 = LINE ( 'NONE', #500, #2333 ) ;
#3477 = VECTOR ( 'NONE', #6164, 39.37007874015748143 ) ;
#3478 = EDGE_LOOP ( 'NONE', ( #331, #2895, #738, #4286, #669, #792, #468 ) ) ;
#3479 = DIRECTION ( 'NONE',  ( 0.000000000000000000, 0.000000000000000000, -1.000000000000000000 ) ) ;
#3480 = ORIENTED_EDGE ( 'NONE', *, *, #4610, .T. ) ;
#3481 = CARTESIAN_POINT ( 'NONE',  ( 5.645833333333304616, -0.3749999999999999445, 1.737971869391881752 ) ) ;
#3482 = LINE ( 'NONE', #6404, #5431 ) ;
#3483 = EDGE_CURVE ( 'NONE', #2138, #6298, #3276, .T. ) ;
#3484 = DIRECTION ( 'NONE',  ( 0.000000000000000000, 0.000000000000000000, 1.000000000000000000 ) ) ;
#3485 = ADVANCED_FACE ( 'NONE', ( #3397 ), #2419, .T. ) ;
#3486 = VECTOR ( 'NONE', #4572, 39.37007874015748143 ) ;
#3487 = LINE ( 'NONE', #5463, #5691 ) ;
#3488 = ORIENTED_EDGE ( 'NONE', *, *, #3045, .T. ) ;
#3489 = CARTESIAN_POINT ( 'NONE',  ( 6.375000000000001776, 1.000000000000000000, 1.250000000000000000 ) ) ;
#3490 = VERTEX_POINT ( 'NONE', #2354 ) ;
#3491 = CARTESIAN_POINT ( 'NONE',  ( 5.624999999999969802, -0.2500000000000000000, -0.7499999999999998890 ) ) ;
#3492 = CARTESIAN_POINT ( 'NONE',  ( 5.624999999999969802, 0.000000000000000000, -0.7499999999999998890 ) ) ;
#3493 = EDGE_CURVE ( 'NONE', #1191, #2774, #391, .T. ) ;
#3494 = LINE ( 'NONE', #1952, #255 ) ;
#3495 = FACE_OUTER_BOUND ( 'NONE', #4705, .T. ) ;
#3496 = VERTEX_POINT ( 'NONE', #2325 ) ;
#3497 = VERTEX_POINT ( 'NONE', #6384 ) ;
#3498 = FACE_OUTER_BOUND ( 'NONE', #4480, .T. ) ;
#3499 = EDGE_CURVE ( 'NONE', #3069, #5721, #3336, .T. ) ;
#3500 = FACE_OUTER_BOUND ( 'NONE', #1374, .T. ) ;
#3501 = CARTESIAN_POINT ( 'NONE',  ( 7.875000000000000888, 0.7499999999999998890, 1.875000000000000000 ) ) ;
#3502 = CARTESIAN_POINT ( 'NONE',  ( 6.375000000000001776, 1.064999999999999947, -0.7749999999999996891 ) ) ;
#3503 = ORIENTED_EDGE ( 'NONE', *, *, #4312, .T. ) ;
#3504 = DIRECTION ( 'NONE',  ( -1.000000000000000000, 0.000000000000000000, 4.370956789862818684E-16 ) ) ;
#3505 = DIRECTION ( 'NONE',  ( 0.000000000000000000, 0.7071067811865514585, -0.7071067811865436870 ) ) ;
#3506 = VERTEX_POINT ( 'NONE', #2875 ) ;
#3507 = VECTOR ( 'NONE', #3820, 39.37007874015748143 ) ;
#3508 = EDGE_LOOP ( 'NONE', ( #3738, #6112, #4297, #435 ) ) ;
#3509 = FACE_OUTER_BOUND ( 'NONE', #4052, .T. ) ;
#3510 = ORIENTED_EDGE ( 'NONE', *, *, #4947, .T. ) ;
#3511 = DIRECTION ( 'NONE',  ( 0.000000000000000000, -0.7071067811865494601, -0.7071067811865454633 ) ) ;
#3512 = CARTESIAN_POINT ( 'NONE',  ( 7.375000000000000888, 1.064999999999999947, -0.7749999999999996891 ) ) ;
#3513 = DIRECTION ( 'NONE',  ( 0.000000000000000000, 0.000000000000000000, 1.000000000000000000 ) ) ;
#3514 = LINE ( 'NONE', #5596, #5067 ) ;
#3515 = DIRECTION ( 'NONE',  ( 0.000000000000000000, -0.7071067811865490160, 0.7071067811865459074 ) ) ;
#3516 = EDGE_LOOP ( 'NONE', ( #4892, #947, #5625, #651, #4403 ) ) ;
#3517 = ADVANCED_FACE ( 'NONE', ( #4401, #4339 ), #1923, .T. ) ;
#3518 = EDGE_CURVE ( 'NONE', #6148, #518, #850, .T. ) ;
#3519 = DIRECTION ( 'NONE',  ( 0.000000000000000000, 0.000000000000000000, 1.000000000000000000 ) ) ;
#3520 = VERTEX_POINT ( 'NONE', #5742 ) ;
#3521 = CARTESIAN_POINT ( 'NONE',  ( 5.624999999999969802, 0.06499999999999993283, 1.224999999999999423 ) ) ;
#3522 = DIRECTION ( 'NONE',  ( 0.000000000000000000, 0.000000000000000000, 1.000000000000000000 ) ) ;
#3523 = AXIS2_PLACEMENT_3D ( 'NONE', #6044, #1091, #2602 ) ;
#3524 = FACE_OUTER_BOUND ( 'NONE', #501, .T. ) ;
#3525 = CARTESIAN_POINT ( 'NONE',  ( 7.625000000000000888, 1.000000000000000000, -0.7499999999999997780 ) ) ;
#3526 = PLANE ( 'NONE',  #3251 ) ;
#3527 = VECTOR ( 'NONE', #2667, 39.37007874015748143 ) ;
#3528 = EDGE_CURVE ( 'NONE', #1088, #314, #4767, .T. ) ;
#3529 = VERTEX_POINT ( 'NONE', #1891 ) ;
#3530 = ORIENTED_EDGE ( 'NONE', *, *, #2144, .F. ) ;
#3531 = VECTOR ( 'NONE', #2543, 39.37007874015748854 ) ;
#3532 = LINE ( 'NONE', #3568, #6253 ) ;
#3533 = LINE ( 'NONE', #1505, #2446 ) ;
#3534 = PLANE ( 'NONE',  #4437 ) ;
#3535 = VECTOR ( 'NONE', #5977, 39.37007874015748854 ) ;
#3536 = CARTESIAN_POINT ( 'NONE',  ( 7.375000000000000888, 0.7499999999999998890, -0.2499999999999998057 ) ) ;
#3537 = EDGE_CURVE ( 'NONE', #3027, #2958, #5371, .T. ) ;
#3538 = ORIENTED_EDGE ( 'NONE', *, *, #1853, .F. ) ;
#3539 = CARTESIAN_POINT ( 'NONE',  ( 6.375000000000001776, -0.5800000000000000711, -0.5800000000000021805 ) ) ;
#3540 = LINE ( 'NONE', #2957, #3475 ) ;
#3541 = ORIENTED_EDGE ( 'NONE', *, *, #767, .F. ) ;
#3542 = DIRECTION ( 'NONE',  ( 0.000000000000000000, 0.000000000000000000, -1.000000000000000000 ) ) ;
#3543 = ORIENTED_EDGE ( 'NONE', *, *, #2928, .F. ) ;
#3544 = VERTEX_POINT ( 'NONE', #6319 ) ;
#3545 = LINE ( 'NONE', #5519, #603 ) ;
#3546 = ORIENTED_EDGE ( 'NONE', *, *, #5982, .F. ) ;
#3547 = LINE ( 'NONE', #5521, #4463 ) ;
#3548 = DIRECTION ( 'NONE',  ( 0.000000000000000000, 0.8660254037844377084, 0.5000000000000014433 ) ) ;
#3549 = DIRECTION ( 'NONE',  ( -1.000000000000000000, -0.000000000000000000, -0.000000000000000000 ) ) ;
#3550 = FACE_OUTER_BOUND ( 'NONE', #2974, .T. ) ;
#3551 = VECTOR ( 'NONE', #4498, 39.37007874015748143 ) ;
#3552 = ORIENTED_EDGE ( 'NONE', *, *, #5608, .F. ) ;
#3553 = CARTESIAN_POINT ( 'NONE',  ( 7.625000000000000888, 1.124999999999999778, 1.324999999999999956 ) ) ;
#3554 = ORIENTED_EDGE ( 'NONE', *, *, #1843, .F. ) ;
#3555 = LINE ( 'NONE', #5528, #3066 ) ;
#3556 = LINE ( 'NONE', #5050, #4057 ) ;
#3557 = CARTESIAN_POINT ( 'NONE',  ( 5.624999999999969802, 0.000000000000000000, -0.2499999999999993616 ) ) ;
#3558 = CARTESIAN_POINT ( 'NONE',  ( 7.375000000000000888, -1.036747897645823535, 0.5692453116553131132 ) ) ;
#3559 = EDGE_CURVE ( 'NONE', #2048, #5757, #3856, .T. ) ;
#3560 = CARTESIAN_POINT ( 'NONE',  ( 5.374999999999969802, 0.7499999999999998890, -0.3750000000000001110 ) ) ;
#3561 = DIRECTION ( 'NONE',  ( -1.000000000000000000, 0.000000000000000000, 0.000000000000000000 ) ) ;
#3562 = EDGE_CURVE ( 'NONE', #5314, #4294, #791, .T. ) ;
#3563 = EDGE_CURVE ( 'NONE', #5294, #4915, #1800, .T. ) ;
#3564 = LINE ( 'NONE', #106, #2020 ) ;
#3565 = DIRECTION ( 'NONE',  ( 1.000000000000000000, 0.000000000000000000, -0.000000000000000000 ) ) ;
#3566 = EDGE_LOOP ( 'NONE', ( #1582, #3050, #835, #1321 ) ) ;
#3567 = VERTEX_POINT ( 'NONE', #2912 ) ;
#3568 = CARTESIAN_POINT ( 'NONE',  ( 5.374999999999969802, 0.02499999999999946362, -0.7749999999999994671 ) ) ;
#3569 = CARTESIAN_POINT ( 'NONE',  ( 5.624999999999969802, 0.02499999999999945668, 1.225000000000000089 ) ) ;
#3570 = EDGE_CURVE ( 'NONE', #1645, #4517, #2786, .T. ) ;
#3571 = EDGE_CURVE ( 'NONE', #743, #2659, #4801, .T. ) ;
#3572 = DIRECTION ( 'NONE',  ( -0.000000000000000000, 0.000000000000000000, -1.000000000000000000 ) ) ;
#3573 = PRODUCT ( 'BRDrivePodV2', 'BRDrivePodV2', '', ( #3860 ) ) ;
#3574 = ORIENTED_EDGE ( 'NONE', *, *, #648, .F. ) ;
#3575 = DIRECTION ( 'NONE',  ( 0.000000000000000000, 0.000000000000000000, 1.000000000000000000 ) ) ;
#3576 = LINE ( 'NONE', #5546, #149 ) ;
#3577 = LINE ( 'NONE', #6039, #551 ) ;
#3578 = ORIENTED_EDGE ( 'NONE', *, *, #5191, .T. ) ;
#3579 = EDGE_CURVE ( 'NONE', #3992, #3067, #943, .T. ) ;
#3580 = CARTESIAN_POINT ( 'NONE',  ( 6.375000000000000888, 0.7499999999999998890, -0.1250000000000001665 ) ) ;
#3581 = CARTESIAN_POINT ( 'NONE',  ( 9.162901510716855213, -0.5000000000000001110, 0.06692913385826744499 ) ) ;
#3582 = ORIENTED_EDGE ( 'NONE', *, *, #2772, .T. ) ;
#3583 = ORIENTED_EDGE ( 'NONE', *, *, #3, .T. ) ;
#3584 = CARTESIAN_POINT ( 'NONE',  ( 7.625000000000000888, -0.2500000000000000000, -1.249999999999999778 ) ) ;
#3585 = ORIENTED_EDGE ( 'NONE', *, *, #4571, .F. ) ;
#3586 = DIRECTION ( 'NONE',  ( 1.000000000000000000, -0.000000000000000000, -0.000000000000000000 ) ) ;
#3587 = LINE ( 'NONE', #3620, #4218 ) ;
#3588 = PLANE ( 'NONE',  #4674 ) ;
#3589 = DIRECTION ( 'NONE',  ( 0.4302213696861943992, 0.7451652707983700274, 0.5095471442970970211 ) ) ;
#3590 = VECTOR ( 'NONE', #700, 39.37007874015748143 ) ;
#3591 = LINE ( 'NONE', #3107, #291 ) ;
#3592 = ORIENTED_EDGE ( 'NONE', *, *, #1170, .F. ) ;
#3593 = CARTESIAN_POINT ( 'NONE',  ( 7.375000000000000888, 1.124999999999999556, -0.3250000000000000666 ) ) ;
#3594 = DIRECTION ( 'NONE',  ( -1.000000000000000000, 0.000000000000000000, 0.000000000000000000 ) ) ;
#3595 = VECTOR ( 'NONE', #4313, 39.37007874015748143 ) ;
#3596 = DIRECTION ( 'NONE',  ( 0.000000000000000000, -1.000000000000000000, -0.000000000000000000 ) ) ;
#3597 = DIRECTION ( 'NONE',  ( 1.000000000000000000, -0.000000000000000000, -0.000000000000000000 ) ) ;
#3598 = AXIS2_PLACEMENT_3D ( 'NONE', #4669, #5054, #3561 ) ;
#3599 = LINE ( 'NONE', #3464, #3551 ) ;
#3600 = ORIENTED_EDGE ( 'NONE', *, *, #2014, .T. ) ;
#3601 = CARTESIAN_POINT ( 'NONE',  ( 7.375000000000000888, 1.024999999999999689, -0.7749999999999994671 ) ) ;
#3602 = PLANE ( 'NONE',  #2513 ) ;
#3603 = VERTEX_POINT ( 'NONE', #4566 ) ;
#3604 = EDGE_CURVE ( 'NONE', #441, #2624, #456, .T. ) ;
#3605 = CARTESIAN_POINT ( 'NONE',  ( 6.625000000000001776, 1.064999999999999503, 1.774999999999999467 ) ) ;
#3606 = ADVANCED_FACE ( 'NONE', ( #5408 ), #4465, .F. ) ;
#3607 = DIRECTION ( 'NONE',  ( 0.000000000000000000, 0.000000000000000000, 1.000000000000000000 ) ) ;
#3608 = CARTESIAN_POINT ( 'NONE',  ( 6.625000000000001776, 1.024999999999999689, -0.2250000000000001998 ) ) ;
#3609 = ORIENTED_EDGE ( 'NONE', *, *, #2820, .T. ) ;
#3610 = LINE ( 'NONE', #991, #2292 ) ;
#3611 = DIRECTION ( 'NONE',  ( 0.000000000000000000, 1.000000000000000000, 0.000000000000000000 ) ) ;
#3612 = ORIENTED_EDGE ( 'NONE', *, *, #1770, .F. ) ;
#3613 = ORIENTED_EDGE ( 'NONE', *, *, #2105, .F. ) ;
#3614 = FACE_OUTER_BOUND ( 'NONE', #2727, .T. ) ;
#3615 = EDGE_CURVE ( 'NONE', #3963, #4587, #4, .T. ) ;
#3616 = ORIENTED_EDGE ( 'NONE', *, *, #6055, .F. ) ;
#3617 = CARTESIAN_POINT ( 'NONE',  ( 5.875000000000000000, -0.3541666666666665186, 1.605662432702577469 ) ) ;
#3618 = DIRECTION ( 'NONE',  ( 0.000000000000000000, 0.7071067811865455743, -0.7071067811865495711 ) ) ;
#3619 = VECTOR ( 'NONE', #5765, 39.37007874015748143 ) ;
#3620 = CARTESIAN_POINT ( 'NONE',  ( 6.625000000000001776, 1.000000000000000000, -0.6249999999999996669 ) ) ;
#3621 = DIRECTION ( 'NONE',  ( 0.000000000000000000, 0.000000000000000000, -1.000000000000000000 ) ) ;
#3622 = DIRECTION ( 'NONE',  ( 0.000000000000000000, -0.7071067811865450192, -0.7071067811865499042 ) ) ;
#3623 = VECTOR ( 'NONE', #5755, 39.37007874015748143 ) ;
#3624 = ORIENTED_EDGE ( 'NONE', *, *, #3377, .F. ) ;
#3625 = CARTESIAN_POINT ( 'NONE',  ( 7.625000000000000888, 0.000000000000000000, -1.249999999999999778 ) ) ;
#3626 = EDGE_CURVE ( 'NONE', #2026, #3289, #5896, .T. ) ;
#3627 = EDGE_LOOP ( 'NONE', ( #4020, #4787, #5819, #871 ) ) ;
#3628 = DIRECTION ( 'NONE',  ( 0.000000000000000000, 0.000000000000000000, -1.000000000000000000 ) ) ;
#3629 = CARTESIAN_POINT ( 'NONE',  ( 5.374999999999969802, -0.3749999999999999445, 1.750000000000000222 ) ) ;
#3630 = LINE ( 'NONE', #2160, #2 ) ;
#3631 = LINE ( 'NONE', #722, #2767 ) ;
#3632 = LINE ( 'NONE', #4080, #2660 ) ;
#3633 = LINE ( 'NONE', #4180, #5939 ) ;
#3634 = ORIENTED_EDGE ( 'NONE', *, *, #5232, .T. ) ;
#3635 = AXIS2_PLACEMENT_3D ( 'NONE', #4867, #923, #3443 ) ;
#3636 = LINE ( 'NONE', #1673, #2547 ) ;
#3637 = CARTESIAN_POINT ( 'NONE',  ( 7.625000000000000888, 1.124999999999999556, -0.7149999999999996358 ) ) ;
#3638 = VECTOR ( 'NONE', #5197, 39.37007874015748143 ) ;
#3639 = FACE_BOUND ( 'NONE', #2926, .T. ) ;
#3640 = VECTOR ( 'NONE', #5792, 39.37007874015748143 ) ;
#3641 = EDGE_LOOP ( 'NONE', ( #5788, #1341, #1641, #312, #2989, #6040, #4163 ) ) ;
#3642 = DIRECTION ( 'NONE',  ( 0.000000000000000000, 0.000000000000000000, 1.000000000000000000 ) ) ;
#3643 = DIRECTION ( 'NONE',  ( 1.000000000000000000, 0.000000000000000000, 0.000000000000000000 ) ) ;
#3644 = AXIS2_PLACEMENT_3D ( 'NONE', #3771, #6172, #308 ) ;
#3645 = CARTESIAN_POINT ( 'NONE',  ( 6.125000000000000888, -0.5786138597361936142, 1.259197101589992318 ) ) ;
#3646 = VECTOR ( 'NONE', #5459, 39.37007874015748143 ) ;
#3647 = CARTESIAN_POINT ( 'NONE',  ( 5.481428188076314711, -0.3932753334832312930, -0.8564281880763215948 ) ) ;
#3648 = ORIENTED_EDGE ( 'NONE', *, *, #6395, .F. ) ;
#3649 = EDGE_CURVE ( 'NONE', #3293, #2229, #3564, .T. ) ;
#3650 = EDGE_CURVE ( 'NONE', #6078, #6245, #1499, .T. ) ;
#3651 = CARTESIAN_POINT ( 'NONE',  ( 7.375000000000000888, 0.7499999999999998890, 1.750000000000000222 ) ) ;
#3652 = VECTOR ( 'NONE', #805, 39.37007874015748143 ) ;
#3653 = VERTEX_POINT ( 'NONE', #1040 ) ;
#3654 = EDGE_LOOP ( 'NONE', ( #1295, #3582, #480, #4028 ) ) ;
#3655 = CARTESIAN_POINT ( 'NONE',  ( 5.374999999999989342, -0.3750000000000001110, -0.1249999999999999306 ) ) ;
#3656 = VERTEX_POINT ( 'NONE', #2546 ) ;
#3657 = CARTESIAN_POINT ( 'NONE',  ( 6.375000000000000888, -0.7822277194723871174, 0.9127317704774070561 ) ) ;
#3658 = CARTESIAN_POINT ( 'NONE',  ( 5.374999999999969802, 0.000000000000000000, 1.750000000000000222 ) ) ;
#3659 = DIRECTION ( 'NONE',  ( -1.000000000000000000, 0.000000000000000000, 0.000000000000000000 ) ) ;
#3660 = DIRECTION ( 'NONE',  ( -1.609756867909053294E-15, -0.7071067811865490160, 0.7071067811865459074 ) ) ;
#3661 = EDGE_CURVE ( 'NONE', #1693, #2692, #2581, .T. ) ;
#3662 = VECTOR ( 'NONE', #4530, 39.37007874015748143 ) ;
#3663 = ORIENTED_EDGE ( 'NONE', *, *, #1924, .T. ) ;
#3664 = DIRECTION ( 'NONE',  ( 0.000000000000000000, 0.000000000000000000, -1.000000000000000000 ) ) ;
#3665 = ORIENTED_EDGE ( 'NONE', *, *, #1622, .F. ) ;
#3666 = FACE_OUTER_BOUND ( 'NONE', #4051, .T. ) ;
#3667 = DIRECTION ( 'NONE',  ( 1.000000000000000000, 0.000000000000000000, 1.365923996832131363E-16 ) ) ;
#3668 = LINE ( 'NONE', #5640, #2198 ) ;
#3669 = ADVANCED_FACE ( 'NONE', ( #2514 ), #3431, .F. ) ;
#3670 = VECTOR ( 'NONE', #3369, 39.37007874015748143 ) ;
#3671 = PLANE ( 'NONE',  #4930 ) ;
#3672 = DIRECTION ( 'NONE',  ( -1.000000000000000000, 0.000000000000000000, 0.000000000000000000 ) ) ;
#3673 = ORIENTED_EDGE ( 'NONE', *, *, #58, .F. ) ;
#3674 = VECTOR ( 'NONE', #5509, 39.37007874015748143 ) ;
#3675 = DIRECTION ( 'NONE',  ( 0.000000000000000000, 1.000000000000000000, 0.000000000000000000 ) ) ;
#3676 = CARTESIAN_POINT ( 'NONE',  ( 5.624999999999969802, 0.000000000000000000, 1.374999999999999334 ) ) ;
#3677 = EDGE_CURVE ( 'NONE', #3916, #1191, #3494, .T. ) ;
#3678 = DIRECTION ( 'NONE',  ( 0.000000000000000000, 0.000000000000000000, -1.000000000000000000 ) ) ;
#3679 = VERTEX_POINT ( 'NONE', #3040 ) ;
#3680 = CARTESIAN_POINT ( 'NONE',  ( 6.625000000000001776, 1.124999999999999778, 1.674999999999999822 ) ) ;
#3681 = DIRECTION ( 'NONE',  ( -1.000000000000000000, -0.000000000000000000, -0.000000000000000000 ) ) ;
#3682 = PLANE ( 'NONE',  #2431 ) ;
#3683 = ORIENTED_EDGE ( 'NONE', *, *, #3062, .F. ) ;
#3684 = EDGE_CURVE ( 'NONE', #5394, #1088, #2023, .T. ) ;
#3685 = VERTEX_POINT ( 'NONE', #5930 ) ;
#3686 = CARTESIAN_POINT ( 'NONE',  ( 5.374999999999969802, 0.000000000000000000, -0.6250000000000000000 ) ) ;
#3687 = ORIENTED_EDGE ( 'NONE', *, *, #5377, .F. ) ;
#3688 = CARTESIAN_POINT ( 'NONE',  ( 5.624999999999969802, 0.000000000000000000, -0.3749999999999992784 ) ) ;
#3689 = CARTESIAN_POINT ( 'NONE',  ( 7.375000000000000888, 1.124999999999999778, 1.324999999999999956 ) ) ;
#3690 = CARTESIAN_POINT ( 'NONE',  ( 7.375000000000000888, 0.7499999999999998890, 1.250000000000000000 ) ) ;
#3691 = ORIENTED_EDGE ( 'NONE', *, *, #1639, .T. ) ;
#3692 = CARTESIAN_POINT ( 'NONE',  ( 6.625000000000001776, -0.2500000000000000000, -1.249999999999999778 ) ) ;
#3693 = ORIENTED_EDGE ( 'NONE', *, *, #6332, .F. ) ;
#3694 = EDGE_CURVE ( 'NONE', #168, #1155, #1467, .T. ) ;
#3695 = DIRECTION ( 'NONE',  ( 0.000000000000000000, 1.000000000000000000, 3.414809992080307034E-15 ) ) ;
#3696 = EDGE_CURVE ( 'NONE', #5255, #4651, #976, .T. ) ;
#3697 = CARTESIAN_POINT ( 'NONE',  ( 7.625000000000000888, 1.024999999999999689, -0.7749999999999994671 ) ) ;
#3698 = AXIS2_PLACEMENT_3D ( 'NONE', #5583, #3127, #4155 ) ;
#3699 = DIRECTION ( 'NONE',  ( -1.000000000000000000, 0.000000000000000000, -4.370956789862818684E-16 ) ) ;
#3700 = CARTESIAN_POINT ( 'NONE',  ( 6.625000000000001776, 0.000000000000000000, -1.249999999999999778 ) ) ;
#3701 = ORIENTED_EDGE ( 'NONE', *, *, #3650, .T. ) ;
#3702 = VECTOR ( 'NONE', #5714, 39.37007874015748143 ) ;
#3703 = EDGE_CURVE ( 'NONE', #5658, #3966, #4953, .T. ) ;
#3704 = CARTESIAN_POINT ( 'NONE',  ( 5.875000000000000888, -0.5000000000000001110, 0.4999999999999997224 ) ) ;
#3705 = VECTOR ( 'NONE', #3081, 39.37007874015748143 ) ;
#3706 = DIRECTION ( 'NONE',  ( -1.000000000000000000, 0.000000000000000000, 0.000000000000000000 ) ) ;
#3707 = ORIENTED_EDGE ( 'NONE', *, *, #1047, .F. ) ;
#3708 = FACE_OUTER_BOUND ( 'NONE', #554, .T. ) ;
#3709 = PLANE ( 'NONE',  #3644 ) ;
#3710 = EDGE_CURVE ( 'NONE', #3054, #5898, #1072, .T. ) ;
#3711 = CARTESIAN_POINT ( 'NONE',  ( 5.769142029911242808, -0.6736242568598711511, 1.106780724688047002 ) ) ;
#3712 = CARTESIAN_POINT ( 'NONE',  ( 7.375000000000000888, -0.6832349937381949623, -0.7364970428875938779 ) ) ;
#3713 = VERTEX_POINT ( 'NONE', #3009 ) ;
#3714 = FACE_OUTER_BOUND ( 'NONE', #2155, .T. ) ;
#3715 = ORIENTED_EDGE ( 'NONE', *, *, #1247, .T. ) ;
#3716 = DIRECTION ( 'NONE',  ( 0.000000000000000000, 0.000000000000000000, 1.000000000000000000 ) ) ;
#3717 = VERTEX_POINT ( 'NONE', #67 ) ;
#3718 = LINE ( 'NONE', #1987, #5195 ) ;
#3719 = CARTESIAN_POINT ( 'NONE',  ( 6.625000000000001776, -0.2500000000000000000, -1.324999999999999734 ) ) ;
#3720 = DIRECTION ( 'NONE',  ( -1.000000000000000000, 0.000000000000000000, 0.000000000000000000 ) ) ;
#3721 = ORIENTED_EDGE ( 'NONE', *, *, #4661, .F. ) ;
#3722 = STYLED_ITEM ( 'NONE', ( #3299 ), #93 ) ;
#3723 = LINE ( 'NONE', #5731, #1243 ) ;
#3724 = EDGE_LOOP ( 'NONE', ( #1972, #1550, #376, #3060, #5239, #3600, #28 ) ) ;
#3725 = FACE_OUTER_BOUND ( 'NONE', #1815, .T. ) ;
#3726 = CARTESIAN_POINT ( 'NONE',  ( 5.875000000000000888, 6.829619984160658046E-17, -1.000000000000000888 ) ) ;
#3727 = CARTESIAN_POINT ( 'NONE',  ( 5.624999999999969802, 0.06499999999999993283, 1.775000000000000355 ) ) ;
#3728 = AXIS2_PLACEMENT_3D ( 'NONE', #1719, #2740, #5211 ) ;
#3729 = EDGE_CURVE ( 'NONE', #750, #3656, #2480, .T. ) ;
#3730 = DIRECTION ( 'NONE',  ( 0.000000000000000000, 1.000000000000000000, -1.365923996832115398E-14 ) ) ;
#3731 = EDGE_CURVE ( 'NONE', #512, #3885, #5019, .T. ) ;
#3732 = CARTESIAN_POINT ( 'NONE',  ( 7.375000000000000888, 0.1249999999999999445, 0.000000000000000000 ) ) ;
#3733 = ORIENTED_EDGE ( 'NONE', *, *, #5422, .T. ) ;
#3734 = DIRECTION ( 'NONE',  ( -1.000000000000000000, 0.000000000000000000, 0.000000000000000000 ) ) ;
#3735 = DIRECTION ( 'NONE',  ( 1.000000000000000000, -0.000000000000000000, -0.000000000000000000 ) ) ;
#3736 = DIRECTION ( 'NONE',  ( 0.000000000000000000, 1.000000000000000000, 0.000000000000000000 ) ) ;
#3737 = ADVANCED_FACE ( 'NONE', ( #6025 ), #3075, .T. ) ;
#3738 = ORIENTED_EDGE ( 'NONE', *, *, #4900, .T. ) ;
#3739 = CARTESIAN_POINT ( 'NONE',  ( 7.625000000000000888, -0.2500000000000000000, -1.750000000000000000 ) ) ;
#3740 = CARTESIAN_POINT ( 'NONE',  ( 6.375000000000000888, -0.5000000000000001110, 0.4999999999999997224 ) ) ;
#3741 = CARTESIAN_POINT ( 'NONE',  ( 5.544361110013193539, -0.4124572355497393428, -0.9193611100132015324 ) ) ;
#3742 = CIRCLE ( 'NONE', #195, 0.4330708661417322913 ) ;
#3743 = ORIENTED_EDGE ( 'NONE', *, *, #5105, .T. ) ;
#3744 = VECTOR ( 'NONE', #1226, 39.37007874015748143 ) ;
#3745 = ADVANCED_FACE ( 'NONE', ( #3180 ), #3244, .T. ) ;
#3746 = ORIENTED_EDGE ( 'NONE', *, *, #191, .T. ) ;
#3747 = DIRECTION ( 'NONE',  ( -1.000000000000000000, 0.000000000000000000, 0.000000000000000000 ) ) ;
#3748 = ORIENTED_EDGE ( 'NONE', *, *, #6147, .F. ) ;
#3749 = AXIS2_PLACEMENT_3D ( 'NONE', #1028, #6083, #4710 ) ;
#3750 = CARTESIAN_POINT ( 'NONE',  ( 7.375000000000000888, 1.000000000000000000, -0.6249999999999996669 ) ) ;
#3751 = DIRECTION ( 'NONE',  ( 0.000000000000000000, -0.000000000000000000, -1.000000000000000000 ) ) ;
#3752 = AXIS2_PLACEMENT_3D ( 'NONE', #3068, #4664, #1065 ) ;
#3753 = EDGE_LOOP ( 'NONE', ( #4692, #5508, #4582, #6438, #1733, #5400, #5706, #1513, #4244, #3858, #1967, #3235, #3592, #2157 ) ) ;
#3754 = CARTESIAN_POINT ( 'NONE',  ( 5.374999999999969802, 0.000000000000000000, -1.625000000000000000 ) ) ;
#3755 = ORIENTED_EDGE ( 'NONE', *, *, #1304, .F. ) ;
#3756 = CYLINDRICAL_SURFACE ( 'NONE', #2067, 0.6249999999999998890 ) ;
#3757 = DIRECTION ( 'NONE',  ( -1.000000000000000000, 0.000000000000000000, 0.000000000000000000 ) ) ;
#3758 = LINE ( 'NONE', #1238, #1973 ) ;
#3759 = VECTOR ( 'NONE', #3389, 39.37007874015748143 ) ;
#3760 = DIRECTION ( 'NONE',  ( -1.000000000000000000, 0.000000000000000000, 0.000000000000000000 ) ) ;
#3761 = ORIENTED_EDGE ( 'NONE', *, *, #5170, .T. ) ;
#3762 = DIRECTION ( 'NONE',  ( 0.000000000000000000, -0.7071067811865495711, -0.7071067811865455743 ) ) ;
#3763 = ADVANCED_FACE ( 'NONE', ( #205 ), #3671, .F. ) ;
#3764 = ORIENTED_EDGE ( 'NONE', *, *, #2615, .F. ) ;
#3765 = EDGE_CURVE ( 'NONE', #5942, #658, #1633, .T. ) ;
#3766 = AXIS2_PLACEMENT_3D ( 'NONE', #4319, #1012, #1534 ) ;
#3767 = DIRECTION ( 'NONE',  ( 1.000000000000000000, -0.000000000000000000, -0.000000000000000000 ) ) ;
#3768 = ORIENTED_EDGE ( 'NONE', *, *, #6018, .T. ) ;
#3769 = VERTEX_POINT ( 'NONE', #1207 ) ;
#3770 = VECTOR ( 'NONE', #6224, 39.37007874015748143 ) ;
#3771 = CARTESIAN_POINT ( 'NONE',  ( 6.625000000000001776, 1.000000000000000000, -0.7499999999999997780 ) ) ;
#3772 = LINE ( 'NONE', #6267, #919 ) ;
#3773 = EDGE_CURVE ( 'NONE', #220, #970, #1668, .T. ) ;
#3774 = ADVANCED_FACE ( 'NONE', ( #6060 ), #5570, .F. ) ;
#3775 = FACE_OUTER_BOUND ( 'NONE', #3247, .T. ) ;
#3776 = ORIENTED_EDGE ( 'NONE', *, *, #3021, .F. ) ;
#3777 = ORIENTED_EDGE ( 'NONE', *, *, #1689, .F. ) ;
#3778 = CARTESIAN_POINT ( 'NONE',  ( 7.625000000000000888, 1.000000000000000222, 1.624999999999999778 ) ) ;
#3779 = ORIENTED_EDGE ( 'NONE', *, *, #217, .T. ) ;
#3780 = EDGE_CURVE ( 'NONE', #2763, #2836, #4178, .T. ) ;
#3781 = ORIENTED_EDGE ( 'NONE', *, *, #4214, .T. ) ;
#3782 = CARTESIAN_POINT ( 'NONE',  ( 5.469323184829421258, -0.4832316310010525973, -0.1249999999999998751 ) ) ;
#3783 = ORIENTED_EDGE ( 'NONE', *, *, #3292, .T. ) ;
#3784 = LINE ( 'NONE', #2743, #3413 ) ;
#3785 = ORIENTED_EDGE ( 'NONE', *, *, #5155, .F. ) ;
#3786 = DIRECTION ( 'NONE',  ( -0.7970611839566836831, 0.6038985585589434768, 0.000000000000000000 ) ) ;
#3787 = EDGE_CURVE ( 'NONE', #535, #83, #5123, .T. ) ;
#3788 = PLANE ( 'NONE',  #1394 ) ;
#3789 = CARTESIAN_POINT ( 'NONE',  ( 5.374999999999990230, -0.3749999999999999445, -0.7499999999999998890 ) ) ;
#3790 = CARTESIAN_POINT ( 'NONE',  ( 7.625000000000000888, 1.000000000000000000, -0.3750000000000001110 ) ) ;
#3791 = CARTESIAN_POINT ( 'NONE',  ( 5.374999999999969802, -0.3750000000000000555, 1.124999999999999778 ) ) ;
#3792 = VERTEX_POINT ( 'NONE', #655 ) ;
#3793 = CARTESIAN_POINT ( 'NONE',  ( 6.093503937007874960, -0.5000000000000001110, 0.06692913385826744499 ) ) ;
#3794 = ORIENTED_EDGE ( 'NONE', *, *, #361, .F. ) ;
#3795 = AXIS2_PLACEMENT_3D ( 'NONE', #666, #117, #1086 ) ;
#3796 = CARTESIAN_POINT ( 'NONE',  ( 6.625000000000001776, 1.124999999999999556, -0.2850000000000000866 ) ) ;
#3797 = AXIS2_PLACEMENT_3D ( 'NONE', #1704, #2697, #147 ) ;
#3798 = ORIENTED_EDGE ( 'NONE', *, *, #1253, .F. ) ;
#3799 = EDGE_LOOP ( 'NONE', ( #5172, #1886, #3897, #2782, #2931 ) ) ;
#3800 = DIRECTION ( 'NONE',  ( 1.000000000000000000, 0.000000000000000000, -0.000000000000000000 ) ) ;
#3801 = DIRECTION ( 'NONE',  ( 0.000000000000000000, 0.000000000000000000, 1.000000000000000000 ) ) ;
#3802 = CIRCLE ( 'NONE', #782, 0.3705708661417323468 ) ;
#3803 = DIRECTION ( 'NONE',  ( 0.000000000000000000, 0.000000000000000000, 1.000000000000000000 ) ) ;
#3804 = VERTEX_POINT ( 'NONE', #4113 ) ;
#3805 = DIRECTION ( 'NONE',  ( 0.000000000000000000, 0.000000000000000000, -1.000000000000000000 ) ) ;
#3806 = EDGE_CURVE ( 'NONE', #4128, #4647, #3632, .T. ) ;
#3807 = EDGE_CURVE ( 'NONE', #3363, #2744, #5607, .T. ) ;
#3808 = VERTEX_POINT ( 'NONE', #1175 ) ;
#3809 = VECTOR ( 'NONE', #4869, 39.37007874015748143 ) ;
#3810 = FACE_OUTER_BOUND ( 'NONE', #279, .T. ) ;
#3811 = PLANE ( 'NONE',  #2668 ) ;
#3812 = ORIENTED_EDGE ( 'NONE', *, *, #4298, .T. ) ;
#3813 = EDGE_CURVE ( 'NONE', #797, #2493, #172, .T. ) ;
#3814 = ORIENTED_EDGE ( 'NONE', *, *, #3323, .T. ) ;
#3815 = DIRECTION ( 'NONE',  ( 1.000000000000000000, -0.000000000000000000, -0.000000000000000000 ) ) ;
#3816 = ORIENTED_EDGE ( 'NONE', *, *, #2410, .T. ) ;
#3817 = DIRECTION ( 'NONE',  ( 0.000000000000000000, 0.000000000000000000, -1.000000000000000000 ) ) ;
#3818 = DIRECTION ( 'NONE',  ( 0.000000000000000000, -0.7071067811865487940, 0.7071067811865462405 ) ) ;
#3819 = LINE ( 'NONE', #1825, #5302 ) ;
#3820 = DIRECTION ( 'NONE',  ( 1.000000000000000000, 0.000000000000000000, 0.000000000000000000 ) ) ;
#3821 = FACE_OUTER_BOUND ( 'NONE', #2921, .T. ) ;
#3822 = EDGE_CURVE ( 'NONE', #3869, #357, #667, .T. ) ;
#3823 = ORIENTED_EDGE ( 'NONE', *, *, #5003, .T. ) ;
#3824 = ORIENTED_EDGE ( 'NONE', *, *, #6067, .F. ) ;
#3825 = CARTESIAN_POINT ( 'NONE',  ( 5.875000000000000888, -0.2500000000000000000, -0.1249999999999997918 ) ) ;
#3826 = ORIENTED_EDGE ( 'NONE', *, *, #5189, .T. ) ;
#3827 = ORIENTED_EDGE ( 'NONE', *, *, #6018, .F. ) ;
#3828 = LINE ( 'NONE', #431, #1442 ) ;
#3829 = PLANE ( 'NONE',  #615 ) ;
#3830 = CARTESIAN_POINT ( 'NONE',  ( 6.625000000000001776, 1.064999999999999503, 1.225000000000000089 ) ) ;
#3831 = ORIENTED_EDGE ( 'NONE', *, *, #5576, .T. ) ;
#3832 = AXIS2_PLACEMENT_3D ( 'NONE', #4035, #3549, #3513 ) ;
#3833 = ORIENTED_EDGE ( 'NONE', *, *, #522, .T. ) ;
#3834 = DIRECTION ( 'NONE',  ( 0.000000000000000000, -1.000000000000000000, -0.000000000000000000 ) ) ;
#3835 = ADVANCED_FACE ( 'NONE', ( #1699 ), #754, .T. ) ;
#3836 = DIRECTION ( 'NONE',  ( -0.000000000000000000, -0.7071067811865494601, -0.7071067811865454633 ) ) ;
#3837 = AXIS2_PLACEMENT_3D ( 'NONE', #2796, #3288, #3197 ) ;
#3838 = CARTESIAN_POINT ( 'NONE',  ( 6.375000000000001776, -0.2500000000000000000, -1.249999999999999778 ) ) ;
#3839 = EDGE_CURVE ( 'NONE', #671, #3804, #5185, .T. ) ;
#3840 = VERTEX_POINT ( 'NONE', #6193 ) ;
#3841 = ADVANCED_FACE ( 'NONE', ( #5090 ), #624, .F. ) ;
#3842 = PRODUCT_DEFINITION_FORMATION_WITH_SPECIFIED_SOURCE ( 'ANY', '', #3573, .NOT_KNOWN. ) ;
#3843 = ORIENTED_EDGE ( 'NONE', *, *, #927, .F. ) ;
#3844 = VECTOR ( 'NONE', #2684, 39.37007874015748143 ) ;
#3845 = DIRECTION ( 'NONE',  ( 1.000000000000000000, -0.000000000000000000, -0.000000000000000000 ) ) ;
#3846 = ORIENTED_EDGE ( 'NONE', *, *, #4724, .T. ) ;
#3847 = CARTESIAN_POINT ( 'NONE',  ( 7.375000000000000888, 1.064999999999999947, -0.2250000000000000611 ) ) ;
#3848 = CYLINDRICAL_SURFACE ( 'NONE', #4985, 1.250000000000000000 ) ;
#3849 = CARTESIAN_POINT ( 'NONE',  ( 5.875000000000000888, -0.8161652650972154310, -0.2455031255631269504 ) ) ;
#3850 = EDGE_CURVE ( 'NONE', #6368, #895, #4602, .T. ) ;
#3851 = CARTESIAN_POINT ( 'NONE',  ( 7.375000000000000888, -0.5000000000000001110, 0.4999999999999997224 ) ) ;
#3852 = DIRECTION ( 'NONE',  ( -1.000000000000000000, 0.000000000000000000, 0.000000000000000000 ) ) ;
#3853 = VERTEX_POINT ( 'NONE', #5704 ) ;
#3854 = VERTEX_POINT ( 'NONE', #884 ) ;
#3855 = EDGE_CURVE ( 'NONE', #3908, #2671, #4321, .T. ) ;
#3856 = LINE ( 'NONE', #3883, #6183 ) ;
#3857 = DIRECTION ( 'NONE',  ( 1.000000000000000000, 0.000000000000000000, 0.000000000000000000 ) ) ;
#3858 = ORIENTED_EDGE ( 'NONE', *, *, #227, .F. ) ;
#3859 = ORIENTED_EDGE ( 'NONE', *, *, #5208, .T. ) ;
#3860 = PRODUCT_CONTEXT ( 'NONE', #5695, 'mechanical' ) ;
#3861 = PLANE ( 'NONE',  #1239 ) ;
#3862 = DIRECTION ( 'NONE',  ( 0.000000000000000000, -1.000000000000000000, 0.000000000000000000 ) ) ;
#3863 = ORIENTED_EDGE ( 'NONE', *, *, #6107, .F. ) ;
#3864 = AXIS2_PLACEMENT_3D ( 'NONE', #2385, #6320, #3398 ) ;
#3865 = VERTEX_POINT ( 'NONE', #855 ) ;
#3866 = CARTESIAN_POINT ( 'NONE',  ( 6.625000000000001776, 1.064999999999999503, 1.225000000000000089 ) ) ;
#3867 = DIRECTION ( 'NONE',  ( 1.000000000000000000, 0.000000000000000000, -0.000000000000000000 ) ) ;
#3868 = ORIENTED_EDGE ( 'NONE', *, *, #3190, .F. ) ;
#3869 = VERTEX_POINT ( 'NONE', #6362 ) ;
#3870 = PLANE ( 'NONE',  #393 ) ;
#3871 = CARTESIAN_POINT ( 'NONE',  ( 7.625000000000000888, 0.000000000000000000, -1.750000000000000000 ) ) ;
#3872 = DIRECTION ( 'NONE',  ( 0.000000000000000000, 0.7071067811865454633, -0.7071067811865495711 ) ) ;
#3873 = CARTESIAN_POINT ( 'NONE',  ( 5.875000000000000888, -0.5955826325486078821, -1.060251562781564294 ) ) ;
#3874 = DIRECTION ( 'NONE',  ( 1.000000000000000000, 0.000000000000000000, 0.000000000000000000 ) ) ;
#3875 = FACE_OUTER_BOUND ( 'NONE', #4228, .T. ) ;
#3876 = ORIENTED_EDGE ( 'NONE', *, *, #4293, .T. ) ;
#3877 = EDGE_LOOP ( 'NONE', ( #680, #5932, #5937, #1832 ) ) ;
#3878 = EDGE_CURVE ( 'NONE', #4266, #3087, #2357, .T. ) ;
#3879 = ADVANCED_FACE ( 'NONE', ( #3343 ), #2853, .F. ) ;
#3880 = DIRECTION ( 'NONE',  ( -1.000000000000000000, 0.000000000000000000, 0.000000000000000000 ) ) ;
#3881 = ORIENTED_EDGE ( 'NONE', *, *, #927, .T. ) ;
#3882 = DIRECTION ( 'NONE',  ( -1.000000000000000000, 0.000000000000000000, 0.000000000000000000 ) ) ;
#3883 = CARTESIAN_POINT ( 'NONE',  ( 5.374999999999990230, -0.3749999999999999445, -0.7499999999999998890 ) ) ;
#3884 = EDGE_CURVE ( 'NONE', #5851, #1244, #401, .T. ) ;
#3885 = VERTEX_POINT ( 'NONE', #2302 ) ;
#3886 = VERTEX_POINT ( 'NONE', #3889 ) ;
#3887 = LINE ( 'NONE', #3918, #3012 ) ;
#3888 = FACE_OUTER_BOUND ( 'NONE', #4429, .T. ) ;
#3889 = CARTESIAN_POINT ( 'NONE',  ( 7.375000000000000888, 1.124999999999999556, -0.7149999999999996358 ) ) ;
#3890 = ORIENTED_EDGE ( 'NONE', *, *, #2479, .T. ) ;
#3891 = VECTOR ( 'NONE', #5548, 39.37007874015748143 ) ;
#3892 = EDGE_CURVE ( 'NONE', #2584, #6399, #5348, .T. ) ;
#3893 = ORIENTED_EDGE ( 'NONE', *, *, #2346, .F. ) ;
#3894 = DIRECTION ( 'NONE',  ( 0.000000000000000000, 0.000000000000000000, -1.000000000000000000 ) ) ;
#3895 = VECTOR ( 'NONE', #5438, 39.37007874015748143 ) ;
#3896 = CARTESIAN_POINT ( 'NONE',  ( 5.374999999999969802, 1.000000000000000000, -0.6249999999999996669 ) ) ;
#3897 = ORIENTED_EDGE ( 'NONE', *, *, #66, .T. ) ;
#3898 = VECTOR ( 'NONE', #4994, 39.37007874015748143 ) ;
#3899 = VERTEX_POINT ( 'NONE', #4838 ) ;
#3900 = CARTESIAN_POINT ( 'NONE',  ( 6.375000000000000888, -0.5000000000000001110, 0.4999999999999997224 ) ) ;
#3901 = CARTESIAN_POINT ( 'NONE',  ( 8.000000000000001776, 0.000000000000000000, 0.000000000000000000 ) ) ;
#3902 = DIRECTION ( 'NONE',  ( 0.000000000000000000, -0.7071067811865454633, 0.7071067811865494601 ) ) ;
#3903 = LINE ( 'NONE', #1422, #316 ) ;
#3904 = PLANE ( 'NONE',  #6407 ) ;
#3905 = EDGE_LOOP ( 'NONE', ( #765, #4734, #1060, #519 ) ) ;
#3906 = ORIENTED_EDGE ( 'NONE', *, *, #6336, .T. ) ;
#3907 = DIRECTION ( 'NONE',  ( 0.000000000000000000, 0.7071067811865500152, -0.7071067811865451302 ) ) ;
#3908 = VERTEX_POINT ( 'NONE', #4344 ) ;
#3909 = CARTESIAN_POINT ( 'NONE',  ( 7.375000000000000888, 1.000000000000000000, 1.375000000000000000 ) ) ;
#3910 = EDGE_CURVE ( 'NONE', #119, #6432, #370, .T. ) ;
#3911 = EDGE_CURVE ( 'NONE', #378, #220, #6327, .T. ) ;
#3912 = CARTESIAN_POINT ( 'NONE',  ( 7.375000000000000888, 1.000000000000000000, -0.7499999999999997780 ) ) ;
#3913 = VECTOR ( 'NONE', #5489, 39.37007874015748143 ) ;
#3914 = FACE_OUTER_BOUND ( 'NONE', #1933, .T. ) ;
#3915 = ORIENTED_EDGE ( 'NONE', *, *, #5068, .F. ) ;
#3916 = VERTEX_POINT ( 'NONE', #2825 ) ;
#3917 = VECTOR ( 'NONE', #5429, 39.37007874015748143 ) ;
#3918 = CARTESIAN_POINT ( 'NONE',  ( 5.875000000000000888, -0.5000000000000001110, 0.8705708661417320693 ) ) ;
#3919 = DIRECTION ( 'NONE',  ( -1.000000000000000000, 0.000000000000000000, 0.000000000000000000 ) ) ;
#3920 = DIRECTION ( 'NONE',  ( 0.000000000000000000, 0.7071067811865454633, -0.7071067811865495711 ) ) ;
#3921 = DIRECTION ( 'NONE',  ( 1.000000000000000000, 0.000000000000000000, 0.000000000000000000 ) ) ;
#3922 = ADVANCED_FACE ( 'NONE', ( #3404 ), #2423, .F. ) ;
#3923 = VECTOR ( 'NONE', #131, 39.37007874015748143 ) ;
#3924 = ORIENTED_EDGE ( 'NONE', *, *, #5538, .F. ) ;
#3925 = DIRECTION ( 'NONE',  ( -0.000000000000000000, 0.000000000000000000, -1.000000000000000000 ) ) ;
#3926 = DIRECTION ( 'NONE',  ( 1.000000000000000000, -0.000000000000000000, -0.000000000000000000 ) ) ;
#3927 = ORIENTED_EDGE ( 'NONE', *, *, #5339, .T. ) ;
#3928 = EDGE_CURVE ( 'NONE', #357, #3869, #3802, .T. ) ;
#3929 = ORIENTED_EDGE ( 'NONE', *, *, #1253, .T. ) ;
#3930 = AXIS2_PLACEMENT_3D ( 'NONE', #1545, #1415, #135 ) ;
#3931 = DIRECTION ( 'NONE',  ( -1.000000000000000000, 0.000000000000000000, 0.000000000000000000 ) ) ;
#3932 = ORIENTED_EDGE ( 'NONE', *, *, #1779, .F. ) ;
#3933 = CARTESIAN_POINT ( 'NONE',  ( 5.854166666666664298, -0.3749999999999999445, 1.617690563310696161 ) ) ;
#3934 = LINE ( 'NONE', #2967, #2644 ) ;
#3935 = DIRECTION ( 'NONE',  ( 0.000000000000000000, -0.000000000000000000, -1.000000000000000000 ) ) ;
#3936 = EDGE_CURVE ( 'NONE', #6363, #5365, #916, .T. ) ;
#3937 = CARTESIAN_POINT ( 'NONE',  ( 6.625000000000001776, 0.6249999999999998890, -0.6249999999999956701 ) ) ;
#3938 = VECTOR ( 'NONE', #3379, 39.37007874015748143 ) ;
#3939 = AXIS2_PLACEMENT_3D ( 'NONE', #2652, #2093, #4633 ) ;
#3940 = ORIENTED_EDGE ( 'NONE', *, *, #177, .T. ) ;
#3941 = LINE ( 'NONE', #6379, #2913 ) ;
#3942 = ORIENTED_EDGE ( 'NONE', *, *, #5338, .F. ) ;
#3943 = CARTESIAN_POINT ( 'NONE',  ( 5.374999999999969802, 0.06499999999999993283, -0.7750000000000000222 ) ) ;
#3944 = CIRCLE ( 'NONE', #1132, 0.6249999999999998890 ) ;
#3945 = ADVANCED_FACE ( 'NONE', ( #3775 ), #796, .F. ) ;
#3946 = DIRECTION ( 'NONE',  ( 0.000000000000000000, -1.000000000000000000, 0.000000000000000000 ) ) ;
#3947 = AXIS2_PLACEMENT_3D ( 'NONE', #3141, #2188, #6121 ) ;
#3948 = CARTESIAN_POINT ( 'NONE',  ( 5.374999999999969802, -0.3749999999999999445, 1.124999999999999778 ) ) ;
#3949 = CARTESIAN_POINT ( 'NONE',  ( 6.375000000000001776, 0.7500000000000002220, 1.625000000000000222 ) ) ;
#3950 = EDGE_LOOP ( 'NONE', ( #4548, #5287, #1566, #6103 ) ) ;
#3951 = ORIENTED_EDGE ( 'NONE', *, *, #1622, .T. ) ;
#3952 = DIRECTION ( 'NONE',  ( 0.000000000000000000, 0.000000000000000000, 1.000000000000000000 ) ) ;
#3953 = CARTESIAN_POINT ( 'NONE',  ( 6.625000000000001776, 1.000000000000000000, 1.750000000000000222 ) ) ;
#3954 = ORIENTED_EDGE ( 'NONE', *, *, #4905, .F. ) ;
#3955 = AXIS2_PLACEMENT_3D ( 'NONE', #3006, #4464, #2545 ) ;
#3956 = DIRECTION ( 'NONE',  ( 0.000000000000000000, 0.000000000000000000, -1.000000000000000000 ) ) ;
#3957 = ORIENTED_EDGE ( 'NONE', *, *, #2395, .F. ) ;
#3958 = EDGE_CURVE ( 'NONE', #6396, #3228, #4808, .T. ) ;
#3959 = DIRECTION ( 'NONE',  ( 0.000000000000000000, -1.000000000000000000, -6.829619984160730819E-15 ) ) ;
#3960 = EDGE_CURVE ( 'NONE', #4404, #3506, #2920, .T. ) ;
#3961 = ORIENTED_EDGE ( 'NONE', *, *, #2691, .F. ) ;
#3962 = VECTOR ( 'NONE', #218, 39.37007874015748143 ) ;
#3963 = VERTEX_POINT ( 'NONE', #1281 ) ;
#3964 = CARTESIAN_POINT ( 'NONE',  ( 6.625000000000001776, 1.000000000000000000, 1.250000000000000000 ) ) ;
#3965 = ADVANCED_FACE ( 'NONE', ( #2792 ), #6270, .F. ) ;
#3966 = VERTEX_POINT ( 'NONE', #5809 ) ;
#3967 = VECTOR ( 'NONE', #1538, 39.37007874015748143 ) ;
#3968 = DIRECTION ( 'NONE',  ( 0.000000000000000000, 1.000000000000000000, 0.000000000000000000 ) ) ;
#3969 = LINE ( 'NONE', #5360, #3019 ) ;
#3970 = CARTESIAN_POINT ( 'NONE',  ( 6.625000000000001776, 1.024999999999999689, -0.7749999999999994671 ) ) ;
#3971 = LINE ( 'NONE', #5985, #1939 ) ;
#3972 = VERTEX_POINT ( 'NONE', #1312 ) ;
#3973 = FACE_OUTER_BOUND ( 'NONE', #6133, .T. ) ;
#3974 = EDGE_CURVE ( 'NONE', #518, #4233, #46, .T. ) ;
#3975 = ORIENTED_EDGE ( 'NONE', *, *, #4425, .T. ) ;
#3976 = DIRECTION ( 'NONE',  ( 1.000000000000000000, 0.000000000000000000, 0.000000000000000000 ) ) ;
#3977 = DIRECTION ( 'NONE',  ( 1.000000000000000000, 0.000000000000000000, -1.365923996832131363E-16 ) ) ;
#3978 = CARTESIAN_POINT ( 'NONE',  ( 6.625000000000001776, 0.000000000000000000, -1.675000000000000044 ) ) ;
#3979 = DIRECTION ( 'NONE',  ( 0.000000000000000000, 0.7071067811865435759, 0.7071067811865513475 ) ) ;
#3980 = CARTESIAN_POINT ( 'NONE',  ( 5.624999999999969802, 0.06499999999999993283, -0.2249999999999992006 ) ) ;
#3981 = ORIENTED_EDGE ( 'NONE', *, *, #2367, .F. ) ;
#3982 = ORIENTED_EDGE ( 'NONE', *, *, #334, .T. ) ;
#3983 = CIRCLE ( 'NONE', #1174, 0.4330708661417322913 ) ;
#3984 = LINE ( 'NONE', #3436, #323 ) ;
#3985 = LINE ( 'NONE', #950, #672 ) ;
#3986 = DIRECTION ( 'NONE',  ( 0.000000000000000000, 0.000000000000000000, -1.000000000000000000 ) ) ;
#3987 = FACE_OUTER_BOUND ( 'NONE', #1106, .T. ) ;
#3988 = VERTEX_POINT ( 'NONE', #1995 ) ;
#3989 = DIRECTION ( 'NONE',  ( 0.000000000000000000, -0.7071067811865487940, 0.7071067811865462405 ) ) ;
#3990 = AXIS2_PLACEMENT_3D ( 'NONE', #4666, #200, #4108 ) ;
#3991 = DIRECTION ( 'NONE',  ( -1.000000000000000000, 0.000000000000000000, 0.000000000000000000 ) ) ;
#3992 = VERTEX_POINT ( 'NONE', #591 ) ;
#3993 = EDGE_CURVE ( 'NONE', #780, #1277, #3985, .T. ) ;
#3994 = ADVANCED_FACE ( 'NONE', ( #3500 ), #4928, .T. ) ;
#3995 = VECTOR ( 'NONE', #6263, 39.37007874015748143 ) ;
#3996 = ORIENTED_EDGE ( 'NONE', *, *, #2043, .T. ) ;
#3997 = CARTESIAN_POINT ( 'NONE',  ( 5.624999999999969802, 0.000000000000000000, 1.374999999999999334 ) ) ;
#3998 = ORIENTED_EDGE ( 'NONE', *, *, #5919, .F. ) ;
#3999 = CARTESIAN_POINT ( 'NONE',  ( 6.375000000000000888, -0.4669986228180759702, 1.128286751760237294 ) ) ;
#4000 = LINE ( 'NONE', #5885, #4150 ) ;
#4001 = CARTESIAN_POINT ( 'NONE',  ( 5.875000000000000888, -0.7538282322074540964, 1.071135910737924357 ) ) ;
#4002 = LINE ( 'NONE', #26, #4061 ) ;
#4003 = VECTOR ( 'NONE', #3597, 39.37007874015748143 ) ;
#4004 = PLANE ( 'NONE',  #1737 ) ;
#4005 = EDGE_CURVE ( 'NONE', #2256, #2961, #5967, .T. ) ;
#4006 = ORIENTED_EDGE ( 'NONE', *, *, #5295, .T. ) ;
#4007 = DIRECTION ( 'NONE',  ( -1.000000000000000000, 0.000000000000000000, 0.000000000000000000 ) ) ;
#4008 = VERTEX_POINT ( 'NONE', #5476 ) ;
#4009 = DIRECTION ( 'NONE',  ( 0.000000000000000000, 0.000000000000000000, -1.000000000000000000 ) ) ;
#4010 = EDGE_CURVE ( 'NONE', #970, #3264, #3533, .T. ) ;
#4011 = DIRECTION ( 'NONE',  ( 0.000000000000000000, 0.7071067811865459074, -0.7071067811865491270 ) ) ;
#4012 = CARTESIAN_POINT ( 'NONE',  ( 5.374999999999969802, 1.000000000000000000, 1.375000000000000000 ) ) ;
#4013 = VERTEX_POINT ( 'NONE', #9 ) ;
#4014 = ORIENTED_EDGE ( 'NONE', *, *, #2313, .T. ) ;
#4015 = LINE ( 'NONE', #5996, #520 ) ;
#4016 = CARTESIAN_POINT ( 'NONE',  ( 6.375000000000001776, -0.8750000000000001110, -0.8749999999999966693 ) ) ;
#4017 = EDGE_LOOP ( 'NONE', ( #37, #245, #3683, #3583 ) ) ;
#4018 = DIRECTION ( 'NONE',  ( -2.048885995248154026E-16, 0.000000000000000000, 1.000000000000000000 ) ) ;
#4019 = VECTOR ( 'NONE', #2587, 39.37007874015748143 ) ;
#4020 = ORIENTED_EDGE ( 'NONE', *, *, #1518, .T. ) ;
#4021 = CARTESIAN_POINT ( 'NONE',  ( 5.374999999999969802, 0.000000000000000000, -1.625000000000000000 ) ) ;
#4022 = DIRECTION ( 'NONE',  ( 0.000000000000000000, 0.000000000000000000, 1.000000000000000000 ) ) ;
#4023 = EDGE_LOOP ( 'NONE', ( #1739, #20 ) ) ;
#4024 = VECTOR ( 'NONE', #5562, 39.37007874015748143 ) ;
#4025 = CARTESIAN_POINT ( 'NONE',  ( 7.625000000000000888, 1.064999999999999947, -0.7749999999999996891 ) ) ;
#4026 = EDGE_CURVE ( 'NONE', #4845, #4769, #5060, .T. ) ;
#4027 = VERTEX_POINT ( 'NONE', #5415 ) ;
#4028 = ORIENTED_EDGE ( 'NONE', *, *, #5753, .T. ) ;
#4029 = LINE ( 'NONE', #2080, #2173 ) ;
#4030 = ORIENTED_EDGE ( 'NONE', *, *, #1047, .T. ) ;
#4031 = EDGE_CURVE ( 'NONE', #1502, #3425, #1078, .T. ) ;
#4032 = DIRECTION ( 'NONE',  ( 1.000000000000000000, -0.000000000000000000, -0.000000000000000000 ) ) ;
#4033 = EDGE_CURVE ( 'NONE', #3490, #5622, #465, .T. ) ;
#4034 = DIRECTION ( 'NONE',  ( 0.000000000000000000, -1.000000000000000000, 0.000000000000000000 ) ) ;
#4035 = CARTESIAN_POINT ( 'NONE',  ( 6.093503937007874960, -0.5000000000000001110, 0.4999999999999997224 ) ) ;
#4036 = CARTESIAN_POINT ( 'NONE',  ( 6.375000000000000888, -0.3749999999999999445, -1.875000000000000000 ) ) ;
#4037 = LINE ( 'NONE', #1694, #3234 ) ;
#4038 = VERTEX_POINT ( 'NONE', #2586 ) ;
#4039 = LINE ( 'NONE', #6021, #3376 ) ;
#4040 = CARTESIAN_POINT ( 'NONE',  ( 5.875000000000000888, 0.6249999999999998890, 1.875000000000000000 ) ) ;
#4041 = EDGE_CURVE ( 'NONE', #1259, #3347, #1013, .T. ) ;
#4042 = DIRECTION ( 'NONE',  ( 0.000000000000000000, 0.000000000000000000, 1.000000000000000000 ) ) ;
#4043 = EDGE_CURVE ( 'NONE', #2493, #5314, #984, .T. ) ;
#4044 = VECTOR ( 'NONE', #4194, 39.37007874015748143 ) ;
#4045 = LINE ( 'NONE', #4952, #3662 ) ;
#4046 = VECTOR ( 'NONE', #1102, 39.37007874015748143 ) ;
#4047 = VECTOR ( 'NONE', #1227, 39.37007874015748143 ) ;
#4048 = DIRECTION ( 'NONE',  ( 0.000000000000000000, 0.000000000000000000, -1.000000000000000000 ) ) ;
#4049 = DIRECTION ( 'NONE',  ( 0.000000000000000000, 0.000000000000000000, -1.000000000000000000 ) ) ;
#4050 = VECTOR ( 'NONE', #6071, 39.37007874015748143 ) ;
#4051 = EDGE_LOOP ( 'NONE', ( #2238, #6201, #76, #2278 ) ) ;
#4052 = EDGE_LOOP ( 'NONE', ( #5040, #2954, #873, #2270 ) ) ;
#4053 = AXIS2_PLACEMENT_3D ( 'NONE', #309, #1868, #1280 ) ;
#4054 = ADVANCED_FACE ( 'NONE', ( #4056 ), #6032, .T. ) ;
#4055 = CARTESIAN_POINT ( 'NONE',  ( 7.625000000000000888, 0.1250000000000000278, -1.675000000000000044 ) ) ;
#4056 = FACE_OUTER_BOUND ( 'NONE', #1196, .T. ) ;
#4057 = VECTOR ( 'NONE', #4158, 39.37007874015748854 ) ;
#4058 = LINE ( 'NONE', #3084, #3674 ) ;
#4059 = ORIENTED_EDGE ( 'NONE', *, *, #1158, .T. ) ;
#4060 = DIRECTION ( 'NONE',  ( -1.000000000000000000, 0.000000000000000000, 0.000000000000000000 ) ) ;
#4061 = VECTOR ( 'NONE', #5490, 39.37007874015748143 ) ;
#4062 = DIRECTION ( 'NONE',  ( -1.000000000000000000, 0.000000000000000000, 0.000000000000000000 ) ) ;
#4063 = VERTEX_POINT ( 'NONE', #40 ) ;
#4064 = ORIENTED_EDGE ( 'NONE', *, *, #4026, .T. ) ;
#4065 = EDGE_LOOP ( 'NONE', ( #175, #4260, #5282, #5482 ) ) ;
#4066 = FACE_OUTER_BOUND ( 'NONE', #5410, .T. ) ;
#4067 = EDGE_LOOP ( 'NONE', ( #1936, #1019, #2947, #5914 ) ) ;
#4068 = LINE ( 'NONE', #127, #5612 ) ;
#4069 = LINE ( 'NONE', #3658, #5088 ) ;
#4070 = DIRECTION ( 'NONE',  ( 1.000000000000000000, -0.000000000000000000, -0.000000000000000000 ) ) ;
#4071 = DIRECTION ( 'NONE',  ( -1.000000000000000000, 0.000000000000000000, 0.000000000000000000 ) ) ;
#4072 = AXIS2_PLACEMENT_3D ( 'NONE', #2903, #4308, #3760 ) ;
#4073 = ORIENTED_EDGE ( 'NONE', *, *, #3441, .F. ) ;
#4074 = LINE ( 'NONE', #6051, #6222 ) ;
#4075 = VERTEX_POINT ( 'NONE', #4439 ) ;
#4076 = DIRECTION ( 'NONE',  ( 0.000000000000000000, 0.000000000000000000, -1.000000000000000000 ) ) ;
#4077 = PLANE ( 'NONE',  #6430 ) ;
#4078 = CARTESIAN_POINT ( 'NONE',  ( 5.624999999999969802, -0.2500000000000000000, 1.750000000000000222 ) ) ;
#4079 = EDGE_CURVE ( 'NONE', #1871, #6394, #5507, .T. ) ;
#4080 = CARTESIAN_POINT ( 'NONE',  ( 6.625000000000001776, 1.024999999999999911, 1.224999999999999867 ) ) ;
#4081 = EDGE_CURVE ( 'NONE', #5924, #6020, #6422, .T. ) ;
#4082 = DIRECTION ( 'NONE',  ( 0.000000000000000000, 1.000000000000000000, 0.000000000000000000 ) ) ;
#4083 = VERTEX_POINT ( 'NONE', #1046 ) ;
#4084 = ORIENTED_EDGE ( 'NONE', *, *, #3456, .F. ) ;
#4085 = FACE_OUTER_BOUND ( 'NONE', #2591, .T. ) ;
#4086 = CYLINDRICAL_SURFACE ( 'NONE', #3208, 0.3705708661417323468 ) ;
#4087 = DIRECTION ( 'NONE',  ( 0.000000000000000000, 0.000000000000000000, -1.000000000000000000 ) ) ;
#4088 = EDGE_CURVE ( 'NONE', #3003, #535, #6292, .T. ) ;
#4089 = ORIENTED_EDGE ( 'NONE', *, *, #5460, .F. ) ;
#4090 = LINE ( 'NONE', #1113, #3527 ) ;
#4091 = CARTESIAN_POINT ( 'NONE',  ( 5.875000000000000888, -0.7538282322074540964, 1.071135910737924357 ) ) ;
#4092 = DIRECTION ( 'NONE',  ( 0.000000000000000000, -0.7071067811865455743, 0.7071067811865494601 ) ) ;
#4093 = ORIENTED_EDGE ( 'NONE', *, *, #2055, .T. ) ;
#4094 = ADVANCED_FACE ( 'NONE', ( #1930 ), #2986, .T. ) ;
#4095 = CARTESIAN_POINT ( 'NONE',  ( 6.625000000000001776, 1.124999999999999778, 1.324999999999999956 ) ) ;
#4096 = ORIENTED_EDGE ( 'NONE', *, *, #236, .T. ) ;
#4097 = VERTEX_POINT ( 'NONE', #5904 ) ;
#4098 = LINE ( 'NONE', #5140, #2900 ) ;
#4099 = ORIENTED_EDGE ( 'NONE', *, *, #3571, .T. ) ;
#4100 = VECTOR ( 'NONE', #5741, 39.37007874015748143 ) ;
#4101 = FACE_OUTER_BOUND ( 'NONE', #3950, .T. ) ;
#4102 = DIRECTION ( 'NONE',  ( 0.000000000000000000, 0.000000000000000000, 1.000000000000000000 ) ) ;
#4103 = FACE_OUTER_BOUND ( 'NONE', #2583, .T. ) ;
#4104 = LINE ( 'NONE', #1625, #893 ) ;
#4105 = VECTOR ( 'NONE', #486, 39.37007874015748143 ) ;
#4106 = CARTESIAN_POINT ( 'NONE',  ( 5.374999999999969802, -0.2500000000000000000, -0.3249999999999991229 ) ) ;
#4107 = ORIENTED_EDGE ( 'NONE', *, *, #1527, .F. ) ;
#4108 = DIRECTION ( 'NONE',  ( 0.000000000000000000, 0.000000000000000000, -1.000000000000000000 ) ) ;
#4109 = CARTESIAN_POINT ( 'NONE',  ( 5.624999999999969802, 0.02499999999999945668, -0.2249999999999997558 ) ) ;
#4110 = AXIS2_PLACEMENT_3D ( 'NONE', #6303, #5293, #6276 ) ;
#4111 = CYLINDRICAL_SURFACE ( 'NONE', #3955, 0.4330708661417322913 ) ;
#4112 = DIRECTION ( 'NONE',  ( 0.000000000000000000, -1.000000000000000000, -0.000000000000000000 ) ) ;
#4113 = CARTESIAN_POINT ( 'NONE',  ( 7.875000000000000888, -0.3749999999999999445, -1.875000000000000000 ) ) ;
#4114 = VECTOR ( 'NONE', #828, 39.37007874015748854 ) ;
#4115 = DIRECTION ( 'NONE',  ( 0.000000000000000000, 0.000000000000000000, 1.000000000000000000 ) ) ;
#4116 = ORIENTED_EDGE ( 'NONE', *, *, #1482, .F. ) ;
#4117 = ADVANCED_FACE ( 'NONE', ( #1441 ), #3437, .T. ) ;
#4118 = EDGE_CURVE ( 'NONE', #3490, #6184, #492, .T. ) ;
#4119 = DIRECTION ( 'NONE',  ( 3.090733186385389389E-16, -0.7071067811865460184, 0.7071067811865491270 ) ) ;
#4120 = DIRECTION ( 'NONE',  ( -0.000000000000000000, -0.7071067811865459074, -0.7071067811865491270 ) ) ;
#4121 = CARTESIAN_POINT ( 'NONE',  ( 6.375000000000001776, 0.9999999999999998890, 1.324999999999999956 ) ) ;
#4122 = ORIENTED_EDGE ( 'NONE', *, *, #2572, .F. ) ;
#4123 = CARTESIAN_POINT ( 'NONE',  ( 6.093503937007874960, -0.5000000000000001110, 0.4999999999999997224 ) ) ;
#4124 = LINE ( 'NONE', #635, #2807 ) ;
#4125 = EDGE_CURVE ( 'NONE', #4203, #4294, #2199, .T. ) ;
#4126 = CARTESIAN_POINT ( 'NONE',  ( 6.625000000000001776, 0.1250000000000000278, 0.000000000000000000 ) ) ;
#4127 = CARTESIAN_POINT ( 'NONE',  ( 6.375000000000001776, 0.7499999999999998890, -0.3750000000000001110 ) ) ;
#4128 = VERTEX_POINT ( 'NONE', #693 ) ;
#4129 = EDGE_LOOP ( 'NONE', ( #6178, #23, #2208, #5964 ) ) ;
#4130 = VERTEX_POINT ( 'NONE', #239 ) ;
#4131 = LINE ( 'NONE', #3132, #2065 ) ;
#4132 = ORIENTED_EDGE ( 'NONE', *, *, #1960, .T. ) ;
#4133 = ADVANCED_FACE ( 'NONE', ( #729 ), #6064, .T. ) ;
#4134 = CARTESIAN_POINT ( 'NONE',  ( 5.624999999999969802, -0.2500000000000000000, -0.6750000000000001554 ) ) ;
#4135 = DIRECTION ( 'NONE',  ( 0.000000000000000000, 0.000000000000000000, -1.000000000000000000 ) ) ;
#4136 = CARTESIAN_POINT ( 'NONE',  ( 7.875000000000000888, 1.000000000000000000, -0.6249999999999996669 ) ) ;
#4137 = DIRECTION ( 'NONE',  ( 1.000000000000000000, 0.000000000000000000, 0.000000000000000000 ) ) ;
#4138 = ORIENTED_EDGE ( 'NONE', *, *, #4254, .T. ) ;
#4139 = CARTESIAN_POINT ( 'NONE',  ( 6.375000000000001776, 0.000000000000000000, -1.625000000000000000 ) ) ;
#4140 = CARTESIAN_POINT ( 'NONE',  ( 6.375000000000001776, 0.7499999999999998890, -0.7499999999999997780 ) ) ;
#4141 = DIRECTION ( 'NONE',  ( 0.000000000000000000, 1.000000000000000000, -2.185478394931410180E-15 ) ) ;
#4142 = CARTESIAN_POINT ( 'NONE',  ( 7.375000000000000888, 0.5825317547305483012, -0.1250000000000001943 ) ) ;
#4143 = DIRECTION ( 'NONE',  ( 0.000000000000000000, 1.000000000000000000, 0.000000000000000000 ) ) ;
#4144 = ORIENTED_EDGE ( 'NONE', *, *, #5208, .F. ) ;
#4145 = AXIS2_PLACEMENT_3D ( 'NONE', #2335, #6244, #1811 ) ;
#4146 = FACE_OUTER_BOUND ( 'NONE', #6196, .T. ) ;
#4147 = LINE ( 'NONE', #6169, #4958 ) ;
#4148 = EDGE_CURVE ( 'NONE', #5334, #577, #5647, .T. ) ;
#4149 = FACE_OUTER_BOUND ( 'NONE', #3799, .T. ) ;
#4150 = VECTOR ( 'NONE', #5426, 39.37007874015748143 ) ;
#4151 = EDGE_LOOP ( 'NONE', ( #1210, #4956, #4967, #180, #5879, #5025, #3198, #5165, #1687, #1899, #2982, #4968, #5268, #5907, #5551, #490, #2857, #715, #1615, #2502 ) ) ;
#4152 = LINE ( 'NONE', #1740, #6126 ) ;
#4153 = AXIS2_PLACEMENT_3D ( 'NONE', #3217, #5226, #1774 ) ;
#4154 = DIRECTION ( 'NONE',  ( 0.000000000000000000, 0.000000000000000000, 1.000000000000000000 ) ) ;
#4155 = DIRECTION ( 'NONE',  ( -0.000000000000000000, -0.7071067811865495711, -0.7071067811865454633 ) ) ;
#4156 = VECTOR ( 'NONE', #2283, 39.37007874015748143 ) ;
#4157 = VERTEX_POINT ( 'NONE', #4216 ) ;
#4158 = DIRECTION ( 'NONE',  ( 0.000000000000000000, -0.7071067811865435759, 0.7071067811865513475 ) ) ;
#4159 = ADVANCED_FACE ( 'NONE', ( #660 ), #178, .T. ) ;
#4160 = PLANE ( 'NONE',  #1877 ) ;
#4161 = EDGE_CURVE ( 'NONE', #5276, #1693, #2230, .T. ) ;
#4162 = ORIENTED_EDGE ( 'NONE', *, *, #6197, .T. ) ;
#4163 = ORIENTED_EDGE ( 'NONE', *, *, #5121, .T. ) ;
#4164 = DIRECTION ( 'NONE',  ( 0.000000000000000000, 1.000000000000000000, 0.000000000000000000 ) ) ;
#4165 = ORIENTED_EDGE ( 'NONE', *, *, #2785, .F. ) ;
#4166 = CARTESIAN_POINT ( 'NONE',  ( 7.375000000000000888, 0.000000000000000000, -1.750000000000000000 ) ) ;
#4167 = DIRECTION ( 'NONE',  ( 0.000000000000000000, 0.000000000000000000, -1.000000000000000000 ) ) ;
#4168 = CARTESIAN_POINT ( 'NONE',  ( 5.624999999999969802, 0.02499999999999946362, -0.7749999999999996891 ) ) ;
#4169 = VECTOR ( 'NONE', #1362, 39.37007874015748143 ) ;
#4170 = ADVANCED_FACE ( 'NONE', ( #2725 ), #1703, .F. ) ;
#4171 = ORIENTED_EDGE ( 'NONE', *, *, #963, .T. ) ;
#4172 = FACE_OUTER_BOUND ( 'NONE', #5635, .T. ) ;
#4173 = ORIENTED_EDGE ( 'NONE', *, *, #4433, .T. ) ;
#4174 = CARTESIAN_POINT ( 'NONE',  ( 7.375000000000000888, -0.5000000000000001110, 0.4999999999999997224 ) ) ;
#4175 = PLANE ( 'NONE',  #4777 ) ;
#4176 = CARTESIAN_POINT ( 'NONE',  ( 5.624999999999969802, 0.000000000000000000, -0.6250000000000001110 ) ) ;
#4177 = AXIS2_PLACEMENT_3D ( 'NONE', #739, #2212, #877 ) ;
#4178 = LINE ( 'NONE', #6130, #1813 ) ;
#4179 = ADVANCED_FACE ( 'NONE', ( #4146 ), #4675, .F. ) ;
#4180 = CARTESIAN_POINT ( 'NONE',  ( 6.375000000000001776, 0.7499999999999998890, -0.7499999999999997780 ) ) ;
#4181 = ORIENTED_EDGE ( 'NONE', *, *, #3974, .T. ) ;
#4182 = AXIS2_PLACEMENT_3D ( 'NONE', #5676, #756, #3672 ) ;
#4183 = CARTESIAN_POINT ( 'NONE',  ( 7.875000000000000888, 1.000000000000000000, -0.3750000000000001110 ) ) ;
#4184 = DIRECTION ( 'NONE',  ( -0.000000000000000000, 0.000000000000000000, -1.000000000000000000 ) ) ;
#4185 = LINE ( 'NONE', #5273, #3619 ) ;
#4186 = CARTESIAN_POINT ( 'NONE',  ( 5.875000000000000888, -0.2500000000000000000, -1.875000000000000000 ) ) ;
#4187 = EDGE_LOOP ( 'NONE', ( #5174, #2528, #3794, #2091, #3226, #3691, #2751, #6194, #155, #5999 ) ) ;
#4188 = PLANE ( 'NONE',  #4456 ) ;
#4189 = CARTESIAN_POINT ( 'NONE',  ( 7.375000000000000888, 1.124999999999999556, -0.2850000000000000866 ) ) ;
#4190 = LINE ( 'NONE', #764, #1384 ) ;
#4191 = ORIENTED_EDGE ( 'NONE', *, *, #3440, .T. ) ;
#4192 = FACE_OUTER_BOUND ( 'NONE', #4620, .T. ) ;
#4193 = ORIENTED_EDGE ( 'NONE', *, *, #1647, .F. ) ;
#4194 = DIRECTION ( 'NONE',  ( 0.000000000000000000, -1.000000000000000000, 2.185478394931410180E-15 ) ) ;
#4195 = ORIENTED_EDGE ( 'NONE', *, *, #5089, .F. ) ;
#4196 = CARTESIAN_POINT ( 'NONE',  ( 5.374999999999969802, -0.3750000000000000555, 1.750000000000000222 ) ) ;
#4197 = EDGE_CURVE ( 'NONE', #626, #4687, #3636, .T. ) ;
#4198 = CARTESIAN_POINT ( 'NONE',  ( 7.875000000000000888, 0.000000000000000000, -1.625000000000000000 ) ) ;
#4199 = ADVANCED_FACE ( 'NONE', ( #6198 ), #3117, .F. ) ;
#4200 = CARTESIAN_POINT ( 'NONE',  ( 5.624999999999969802, -0.2500000000000000000, 1.675000000000000266 ) ) ;
#4201 = ORIENTED_EDGE ( 'NONE', *, *, #2362, .F. ) ;
#4202 = DIRECTION ( 'NONE',  ( 4.370956789862818684E-16, 0.000000000000000000, -1.000000000000000000 ) ) ;
#4203 = VERTEX_POINT ( 'NONE', #2101 ) ;
#4204 = CARTESIAN_POINT ( 'NONE',  ( 6.375000000000001776, 1.124999999999999778, 1.674999999999999822 ) ) ;
#4205 = LINE ( 'NONE', #233, #1609 ) ;
#4206 = LINE ( 'NONE', #4668, #6030 ) ;
#4207 = EDGE_CURVE ( 'NONE', #2496, #3972, #1735, .T. ) ;
#4208 = VECTOR ( 'NONE', #3976, 39.37007874015748143 ) ;
#4209 = DIRECTION ( 'NONE',  ( 1.000000000000000000, 0.000000000000000000, 0.000000000000000000 ) ) ;
#4210 = VERTEX_POINT ( 'NONE', #3186 ) ;
#4211 = DIRECTION ( 'NONE',  ( -1.000000000000000000, 0.000000000000000000, 0.000000000000000000 ) ) ;
#4212 = ORIENTED_EDGE ( 'NONE', *, *, #3232, .F. ) ;
#4213 = VECTOR ( 'NONE', #5867, 39.37007874015748143 ) ;
#4214 = EDGE_CURVE ( 'NONE', #1425, #6388, #5128, .T. ) ;
#4215 = VECTOR ( 'NONE', #2618, 39.37007874015748143 ) ;
#4216 = CARTESIAN_POINT ( 'NONE',  ( 6.625000000000001776, 0.1250000000000000278, -1.715000000000000080 ) ) ;
#4217 = VECTOR ( 'NONE', #5161, 39.37007874015748143 ) ;
#4218 = VECTOR ( 'NONE', #55, 39.37007874015748143 ) ;
#4219 = DIRECTION ( 'NONE',  ( -0.4999999999999956701, -0.8660254037844411501, 0.000000000000000000 ) ) ;
#4220 = EDGE_LOOP ( 'NONE', ( #3510, #2420, #5590, #1511 ) ) ;
#4221 = LINE ( 'NONE', #4289, #4872 ) ;
#4222 = CARTESIAN_POINT ( 'NONE',  ( 5.374999999999969802, -0.2500000000000000000, -0.6250000000000000000 ) ) ;
#4223 = CARTESIAN_POINT ( 'NONE',  ( 5.374999999999969802, 1.088470684975604861E-16, 1.675000000000000266 ) ) ;
#4224 = ORIENTED_EDGE ( 'NONE', *, *, #1255, .T. ) ;
#4225 = DIRECTION ( 'NONE',  ( -1.000000000000000000, 0.000000000000000000, -4.370956789862818684E-16 ) ) ;
#4226 = ORIENTED_EDGE ( 'NONE', *, *, #4448, .F. ) ;
#4227 = LINE ( 'NONE', #1872, #2277 ) ;
#4228 = EDGE_LOOP ( 'NONE', ( #4483, #5037, #2307, #1907 ) ) ;
#4229 = DIRECTION ( 'NONE',  ( 0.000000000000000000, -0.000000000000000000, -1.000000000000000000 ) ) ;
#4230 = CARTESIAN_POINT ( 'NONE',  ( 5.392380270201101666, -0.3980027145322044269, -0.1249999999999998751 ) ) ;
#4231 = EDGE_CURVE ( 'NONE', #4385, #4893, #1212, .T. ) ;
#4232 = VECTOR ( 'NONE', #5886, 39.37007874015748143 ) ;
#4233 = VERTEX_POINT ( 'NONE', #5223 ) ;
#4234 = EDGE_CURVE ( 'NONE', #5757, #2744, #630, .T. ) ;
#4235 = VECTOR ( 'NONE', #695, 39.37007874015748143 ) ;
#4236 = ADVANCED_FACE ( 'NONE', ( #4085 ), #2628, .F. ) ;
#4237 = DIRECTION ( 'NONE',  ( 0.000000000000000000, -1.000000000000000000, 0.000000000000000000 ) ) ;
#4238 = ORIENTED_EDGE ( 'NONE', *, *, #3677, .T. ) ;
#4239 = PLANE ( 'NONE',  #2382 ) ;
#4240 = DIRECTION ( 'NONE',  ( 0.000000000000000000, 0.000000000000000000, -1.000000000000000000 ) ) ;
#4241 = DIRECTION ( 'NONE',  ( 0.000000000000000000, 0.000000000000000000, -1.000000000000000000 ) ) ;
#4242 = VECTOR ( 'NONE', #4269, 39.37007874015748143 ) ;
#4243 = CARTESIAN_POINT ( 'NONE',  ( 5.875000000000000888, -0.2500000000000000000, -1.250000000000008882 ) ) ;
#4244 = ORIENTED_EDGE ( 'NONE', *, *, #3731, .T. ) ;
#4245 = CARTESIAN_POINT ( 'NONE',  ( 7.375000000000000888, 1.064999999999999503, 1.225000000000000089 ) ) ;
#4246 = ADVANCED_FACE ( 'NONE', ( #2132 ), #6099, .F. ) ;
#4247 = ADVANCED_FACE ( 'NONE', ( #1768 ), #2262, .F. ) ;
#4248 = EDGE_LOOP ( 'NONE', ( #5949, #1557, #1893, #3982 ) ) ;
#4249 = LINE ( 'NONE', #1767, #4100 ) ;
#4250 = CARTESIAN_POINT ( 'NONE',  ( 6.625000000000001776, 1.000000000000000000, 1.250000000000000000 ) ) ;
#4251 = DIRECTION ( 'NONE',  ( 0.000000000000000000, 0.000000000000000000, -1.000000000000000000 ) ) ;
#4252 = CARTESIAN_POINT ( 'NONE',  ( 5.875000000000000888, 0.000000000000000000, -1.875000000000000000 ) ) ;
#4253 = AXIS2_PLACEMENT_3D ( 'NONE', #2775, #3845, #5240 ) ;
#4254 = EDGE_CURVE ( 'NONE', #5457, #2303, #3631, .T. ) ;
#4255 = ORIENTED_EDGE ( 'NONE', *, *, #1518, .F. ) ;
#4256 = DIRECTION ( 'NONE',  ( 0.000000000000000000, 0.000000000000000000, 1.000000000000000000 ) ) ;
#4257 = CARTESIAN_POINT ( 'NONE',  ( 7.875000000000000888, -0.2500000000000000000, -1.875000000000000000 ) ) ;
#4258 = LINE ( 'NONE', #4223, #1491 ) ;
#4259 = AXIS2_PLACEMENT_3D ( 'NONE', #4656, #6150, #189 ) ;
#4260 = ORIENTED_EDGE ( 'NONE', *, *, #4425, .F. ) ;
#4261 = AXIS2_PLACEMENT_3D ( 'NONE', #1235, #1299, #5215 ) ;
#4262 = VECTOR ( 'NONE', #2711, 39.37007874015748143 ) ;
#4263 = ORIENTED_EDGE ( 'NONE', *, *, #1119, .F. ) ;
#4264 = AXIS2_PLACEMENT_3D ( 'NONE', #1020, #2524, #4509 ) ;
#4265 = FACE_OUTER_BOUND ( 'NONE', #421, .T. ) ;
#4266 = VERTEX_POINT ( 'NONE', #1596 ) ;
#4267 = AXIS2_PLACEMENT_3D ( 'NONE', #736, #3586, #4744 ) ;
#4268 = VERTEX_POINT ( 'NONE', #2194 ) ;
#4269 = DIRECTION ( 'NONE',  ( -1.000000000000000000, 0.000000000000000000, 0.000000000000000000 ) ) ;
#4270 = AXIS2_PLACEMENT_3D ( 'NONE', #4630, #61, #5526 ) ;
#4271 = ORIENTED_EDGE ( 'NONE', *, *, #4161, .T. ) ;
#4272 = DIRECTION ( 'NONE',  ( -1.000000000000000000, 0.000000000000000000, 0.000000000000000000 ) ) ;
#4273 = ORIENTED_EDGE ( 'NONE', *, *, #4714, .F. ) ;
#4274 = PLANE ( 'NONE',  #4261 ) ;
#4275 = CARTESIAN_POINT ( 'NONE',  ( 7.625000000000000888, 1.124999999999999778, 1.284999999999999920 ) ) ;
#4276 = PLANE ( 'NONE',  #5620 ) ;
#4277 = VECTOR ( 'NONE', #446, 39.37007874015748143 ) ;
#4278 = CARTESIAN_POINT ( 'NONE',  ( 6.625000000000001776, 0.000000000000000000, -1.224999999999999867 ) ) ;
#4279 = ORIENTED_EDGE ( 'NONE', *, *, #2289, .T. ) ;
#4280 = FACE_OUTER_BOUND ( 'NONE', #2378, .T. ) ;
#4281 = ORIENTED_EDGE ( 'NONE', *, *, #442, .F. ) ;
#4282 = VECTOR ( 'NONE', #3611, 39.37007874015748143 ) ;
#4283 = ADVANCED_FACE ( 'NONE', ( #3112 ), #688, .T. ) ;
#4284 = EDGE_CURVE ( 'NONE', #6020, #1081, #6128, .T. ) ;
#4285 = CARTESIAN_POINT ( 'NONE',  ( 5.624999999999969802, 0.000000000000000000, -0.7499999999999998890 ) ) ;
#4286 = ORIENTED_EDGE ( 'NONE', *, *, #4848, .F. ) ;
#4287 = VERTEX_POINT ( 'NONE', #4601 ) ;
#4288 = AXIS2_PLACEMENT_3D ( 'NONE', #2722, #2228, #6165 ) ;
#4289 = CARTESIAN_POINT ( 'NONE',  ( 5.624999999999969802, -0.2500000000000000000, 1.750000000000000222 ) ) ;
#4290 = CARTESIAN_POINT ( 'NONE',  ( 6.625000000000001776, -0.5800000000000000711, -0.5800000000000021805 ) ) ;
#4291 = DIRECTION ( 'NONE',  ( 1.000000000000000000, 0.000000000000000000, -0.000000000000000000 ) ) ;
#4292 = ORIENTED_EDGE ( 'NONE', *, *, #1039, .T. ) ;
#4293 = EDGE_CURVE ( 'NONE', #5464, #5002, #2620, .T. ) ;
#4294 = VERTEX_POINT ( 'NONE', #5532 ) ;
#4295 = DIRECTION ( 'NONE',  ( -3.090733186385389389E-16, -0.7071067811865460184, -0.7071067811865491270 ) ) ;
#4296 = LINE ( 'NONE', #6335, #2140 ) ;
#4297 = ORIENTED_EDGE ( 'NONE', *, *, #4031, .F. ) ;
#4298 = EDGE_CURVE ( 'NONE', #3067, #3465, #1071, .T. ) ;
#4299 = PLANE ( 'NONE',  #6414 ) ;
#4300 = PRODUCT_DEFINITION_CONTEXT ( 'detailed design', #2915, 'design' ) ;
#4301 = ORIENTED_EDGE ( 'NONE', *, *, #4865, .F. ) ;
#4302 = CARTESIAN_POINT ( 'NONE',  ( 7.875000000000000888, 0.000000000000000000, -1.000000000000000888 ) ) ;
#4303 = ORIENTED_EDGE ( 'NONE', *, *, #4081, .F. ) ;
#4304 = CARTESIAN_POINT ( 'NONE',  ( 6.625000000000001776, -0.2500000000000000000, -1.750000000000000000 ) ) ;
#4305 = CARTESIAN_POINT ( 'NONE',  ( 5.875000000000000888, 0.000000000000000000, 1.577687679136109855 ) ) ;
#4306 = DIRECTION ( 'NONE',  ( -0.000000000000000000, -0.8254635409548151115, -0.5644554389447746789 ) ) ;
#4307 = CARTESIAN_POINT ( 'NONE',  ( 7.625000000000000888, -0.2500000000000000000, -1.324999999999999734 ) ) ;
#4308 = DIRECTION ( 'NONE',  ( 0.000000000000000000, 0.000000000000000000, 1.000000000000000000 ) ) ;
#4309 = ORIENTED_EDGE ( 'NONE', *, *, #3729, .F. ) ;
#4310 = ORIENTED_EDGE ( 'NONE', *, *, #3559, .T. ) ;
#4311 = AXIS2_PLACEMENT_3D ( 'NONE', #737, #5621, #6240 ) ;
#4312 = EDGE_CURVE ( 'NONE', #702, #3988, #2365, .T. ) ;
#4313 = DIRECTION ( 'NONE',  ( 0.000000000000000000, -1.000000000000000000, 0.000000000000000000 ) ) ;
#4314 = VECTOR ( 'NONE', #34, 39.37007874015748143 ) ;
#4315 = VERTEX_POINT ( 'NONE', #3350 ) ;
#4316 = ORIENTED_EDGE ( 'NONE', *, *, #4988, .T. ) ;
#4317 = EDGE_CURVE ( 'NONE', #2834, #6396, #344, .T. ) ;
#4318 = ADVANCED_FACE ( 'NONE', ( #2890 ), #2339, .T. ) ;
#4319 = CARTESIAN_POINT ( 'NONE',  ( 7.375000000000000888, 1.000000000000000000, 1.250000000000000000 ) ) ;
#4320 = AXIS2_PLACEMENT_3D ( 'NONE', #4739, #269, #4251 ) ;
#4321 = LINE ( 'NONE', #5319, #1398 ) ;
#4322 = VERTEX_POINT ( 'NONE', #317 ) ;
#4323 = EDGE_LOOP ( 'NONE', ( #415, #4980, #1483, #4132 ) ) ;
#4324 = DIRECTION ( 'NONE',  ( 0.000000000000000000, 1.000000000000000000, 0.000000000000000000 ) ) ;
#4325 = EDGE_CURVE ( 'NONE', #5464, #3717, #5817, .T. ) ;
#4326 = DIRECTION ( 'NONE',  ( 1.000000000000000000, 0.000000000000000000, -0.000000000000000000 ) ) ;
#4327 = ORIENTED_EDGE ( 'NONE', *, *, #749, .T. ) ;
#4328 = EDGE_LOOP ( 'NONE', ( #1461, #4854, #2972, #1494, #6316, #644, #6359, #3211, #1349, #258 ) ) ;
#4329 = CARTESIAN_POINT ( 'NONE',  ( 6.375000000000000888, -0.5000000000000001110, -0.7500000000000003331 ) ) ;
#4330 = EDGE_CURVE ( 'NONE', #4893, #1081, #4351, .T. ) ;
#4331 = EDGE_LOOP ( 'NONE', ( #5549, #5518, #60, #3768 ) ) ;
#4332 = LINE ( 'NONE', #3847, #1654 ) ;
#4333 = DIRECTION ( 'NONE',  ( 0.000000000000000000, 0.7071067811865461294, -0.7071067811865487940 ) ) ;
#4334 = CARTESIAN_POINT ( 'NONE',  ( 5.875000000000000888, -0.4852913162743044961, -1.467625781390782258 ) ) ;
#4335 = CARTESIAN_POINT ( 'NONE',  ( 7.875000000000000888, 0.7499999999999998890, 1.875000000000000000 ) ) ;
#4336 = CARTESIAN_POINT ( 'NONE',  ( 5.624999999999969802, -0.2500000000000000000, -0.7499999999999998890 ) ) ;
#4337 = ORIENTED_EDGE ( 'NONE', *, *, #3008, .F. ) ;
#4338 = ORIENTED_EDGE ( 'NONE', *, *, #4691, .F. ) ;
#4339 = FACE_BOUND ( 'NONE', #4023, .T. ) ;
#4340 = ORIENTED_EDGE ( 'NONE', *, *, #5338, .T. ) ;
#4341 = ORIENTED_EDGE ( 'NONE', *, *, #2252, .F. ) ;
#4342 = CARTESIAN_POINT ( 'NONE',  ( 0.000000000000000000, 0.000000000000000000, 0.000000000000000000 ) ) ;
#4343 = CARTESIAN_POINT ( 'NONE',  ( 5.624999999999969802, 0.02499999999999945668, -0.2249999999999997558 ) ) ;
#4344 = CARTESIAN_POINT ( 'NONE',  ( 7.625000000000000888, 0.7499999999999998890, 1.375000000000000000 ) ) ;
#4345 = ORIENTED_EDGE ( 'NONE', *, *, #5779, .F. ) ;
#4346 = LINE ( 'NONE', #1220, #4982 ) ;
#4347 = VECTOR ( 'NONE', #3484, 39.37007874015748143 ) ;
#4348 = EDGE_LOOP ( 'NONE', ( #2829, #4096, #267, #5754, #4896, #6029, #2324 ) ) ;
#4349 = CARTESIAN_POINT ( 'NONE',  ( 6.625000000000001776, 1.124999999999999778, 1.284999999999999920 ) ) ;
#4350 = AXIS2_PLACEMENT_3D ( 'NONE', #1454, #5425, #2893 ) ;
#4351 = LINE ( 'NONE', #3444, #2136 ) ;
#4352 = ORIENTED_EDGE ( 'NONE', *, *, #3615, .F. ) ;
#4353 = EDGE_CURVE ( 'NONE', #1845, #2671, #4296, .T. ) ;
#4354 = ADVANCED_FACE ( 'NONE', ( #1873 ), #3811, .F. ) ;
#4355 = ORIENTED_EDGE ( 'NONE', *, *, #174, .F. ) ;
#4356 = VECTOR ( 'NONE', #324, 39.37007874015748143 ) ;
#4357 = FACE_OUTER_BOUND ( 'NONE', #4840, .T. ) ;
#4358 = ORIENTED_EDGE ( 'NONE', *, *, #1448, .F. ) ;
#4359 = CARTESIAN_POINT ( 'NONE',  ( 5.687499999999976907, -0.3750000000000006661, 1.713915608175644811 ) ) ;
#4360 = FACE_OUTER_BOUND ( 'NONE', #2174, .T. ) ;
#4361 = CARTESIAN_POINT ( 'NONE',  ( 7.375000000000000888, 0.6249999999999998890, 1.875000000000000000 ) ) ;
#4362 = VECTOR ( 'NONE', #451, 39.37007874015748143 ) ;
#4363 = LINE ( 'NONE', #4335, #3203 ) ;
#4364 = EDGE_CURVE ( 'NONE', #918, #4845, #1814, .T. ) ;
#4365 = DIRECTION ( 'NONE',  ( -4.370956789862818684E-16, -1.365923996832115871E-14, 1.000000000000000000 ) ) ;
#4366 = ORIENTED_EDGE ( 'NONE', *, *, #776, .T. ) ;
#4367 = ORIENTED_EDGE ( 'NONE', *, *, #5321, .T. ) ;
#4368 = ORIENTED_EDGE ( 'NONE', *, *, #2772, .F. ) ;
#4369 = LINE ( 'NONE', #6352, #4731 ) ;
#4370 = DIRECTION ( 'NONE',  ( 0.000000000000000000, 2.039079102182026743E-16, -1.000000000000000000 ) ) ;
#4371 = EDGE_CURVE ( 'NONE', #3529, #2873, #2428, .T. ) ;
#4372 = DIRECTION ( 'NONE',  ( 0.000000000000000000, 1.000000000000000000, 0.000000000000000000 ) ) ;
#4373 = CYLINDRICAL_SURFACE ( 'NONE', #1359, 0.4330708661417322913 ) ;
#4374 = ORIENTED_EDGE ( 'NONE', *, *, #410, .F. ) ;
#4375 = EDGE_LOOP ( 'NONE', ( #3746, #6271, #806, #633 ) ) ;
#4376 = CARTESIAN_POINT ( 'NONE',  ( 5.374999999999969802, 0.000000000000000000, 1.625000000000000222 ) ) ;
#4377 = DIRECTION ( 'NONE',  ( -0.000000000000000000, -1.000000000000000000, 0.000000000000000000 ) ) ;
#4378 = DIRECTION ( 'NONE',  ( 0.000000000000000000, -1.000000000000000000, -0.000000000000000000 ) ) ;
#4379 = ORIENTED_EDGE ( 'NONE', *, *, #1322, .F. ) ;
#4380 = AXIS2_PLACEMENT_3D ( 'NONE', #6418, #3565, #4532 ) ;
#4381 = VERTEX_POINT ( 'NONE', #5784 ) ;
#4382 = CARTESIAN_POINT ( 'NONE',  ( 6.625000000000001776, 1.124999999999999778, 1.324999999999999956 ) ) ;
#4383 = LINE ( 'NONE', #3838, #3809 ) ;
#4384 = ORIENTED_EDGE ( 'NONE', *, *, #629, .T. ) ;
#4385 = VERTEX_POINT ( 'NONE', #5353 ) ;
#4386 = CARTESIAN_POINT ( 'NONE',  ( 6.625000000000001776, 1.000000000000000000, 1.250000000000000000 ) ) ;
#4387 = VERTEX_POINT ( 'NONE', #1382 ) ;
#4388 = EDGE_CURVE ( 'NONE', #5838, #1425, #1319, .T. ) ;
#4389 = FACE_OUTER_BOUND ( 'NONE', #4323, .T. ) ;
#4390 = ADVANCED_FACE ( 'NONE', ( #5847 ), #4902, .F. ) ;
#4391 = DIRECTION ( 'NONE',  ( 0.000000000000000000, -1.000000000000000000, -0.000000000000000000 ) ) ;
#4392 = CARTESIAN_POINT ( 'NONE',  ( 5.374999999999990230, -0.3749999999999999445, -0.2291666666666659913 ) ) ;
#4393 = CARTESIAN_POINT ( 'NONE',  ( 7.875000000000000888, 1.000000000000000222, 1.624999999999999778 ) ) ;
#4394 = EDGE_LOOP ( 'NONE', ( #6259, #1941, #3202, #1282 ) ) ;
#4395 = ORIENTED_EDGE ( 'NONE', *, *, #3045, .F. ) ;
#4396 = PLANE ( 'NONE',  #3116 ) ;
#4397 = ORIENTED_EDGE ( 'NONE', *, *, #177, .F. ) ;
#4398 = DIRECTION ( 'NONE',  ( 0.000000000000000000, 0.7071067811865490160, 0.7071067811865459074 ) ) ;
#4399 = CARTESIAN_POINT ( 'NONE',  ( 6.625000000000001776, 1.064999999999999947, -0.2250000000000000611 ) ) ;
#4400 = EDGE_CURVE ( 'NONE', #2836, #5394, #4383, .T. ) ;
#4401 = FACE_OUTER_BOUND ( 'NONE', #413, .T. ) ;
#4402 = CARTESIAN_POINT ( 'NONE',  ( 6.375000000000001776, 0.02499999999999973424, -1.224999999999999867 ) ) ;
#4403 = ORIENTED_EDGE ( 'NONE', *, *, #3570, .F. ) ;
#4404 = VERTEX_POINT ( 'NONE', #408 ) ;
#4405 = DIRECTION ( 'NONE',  ( 0.000000000000000000, 0.000000000000000000, 1.000000000000000000 ) ) ;
#4406 = ADVANCED_FACE ( 'NONE', ( #6366 ), #5420, .T. ) ;
#4407 = CARTESIAN_POINT ( 'NONE',  ( 6.375000000000001776, 1.064999999999999947, -0.2250000000000000611 ) ) ;
#4408 = CARTESIAN_POINT ( 'NONE',  ( 7.656496062992126816, -0.5000000000000001110, 0.4999999999999997224 ) ) ;
#4409 = DIRECTION ( 'NONE',  ( -1.000000000000000000, -0.000000000000000000, -0.000000000000000000 ) ) ;
#4410 = VECTOR ( 'NONE', #5100, 39.37007874015748854 ) ;
#4411 = EDGE_LOOP ( 'NONE', ( #5654, #1485, #4093, #980, #3826 ) ) ;
#4412 = LINE ( 'NONE', #4382, #4775 ) ;
#4413 = VECTOR ( 'NONE', #3706, 39.37007874015748143 ) ;
#4414 = DIRECTION ( 'NONE',  ( -1.000000000000000000, 0.000000000000000000, 4.370956789862818684E-16 ) ) ;
#4415 = ORIENTED_EDGE ( 'NONE', *, *, #4026, .F. ) ;
#4416 = VECTOR ( 'NONE', #2687, 39.37007874015748143 ) ;
#4417 = EDGE_LOOP ( 'NONE', ( #1250, #4358, #1184, #4014, #6339, #4546, #940 ) ) ;
#4418 = PLANE ( 'NONE',  #4350 ) ;
#4419 = ORIENTED_EDGE ( 'NONE', *, *, #1131, .T. ) ;
#4420 = CARTESIAN_POINT ( 'NONE',  ( 6.375000000000000888, -0.9242885138297251002, 0.7652052494985270847 ) ) ;
#4421 = CARTESIAN_POINT ( 'NONE',  ( 6.625000000000001776, 0.9999999999999998890, 1.674999999999999822 ) ) ;
#4422 = ADVANCED_FACE ( 'NONE', ( #2397 ), #1902, .F. ) ;
#4423 = CARTESIAN_POINT ( 'NONE',  ( 5.875000000000000888, -1.036747897645823535, 0.5692453116553131132 ) ) ;
#4424 = DIRECTION ( 'NONE',  ( 0.000000000000000000, 1.000000000000000000, 0.000000000000000000 ) ) ;
#4425 = EDGE_CURVE ( 'NONE', #2079, #5798, #2925, .T. ) ;
#4426 = ORIENTED_EDGE ( 'NONE', *, *, #5588, .T. ) ;
#4427 = ORIENTED_EDGE ( 'NONE', *, *, #4470, .T. ) ;
#4428 = DIRECTION ( 'NONE',  ( 0.000000000000000000, 0.000000000000000000, -1.000000000000000000 ) ) ;
#4429 = EDGE_LOOP ( 'NONE', ( #115, #6145, #2298, #4916 ) ) ;
#4430 = DIRECTION ( 'NONE',  ( -1.000000000000000000, 0.000000000000000000, 4.370956789862818684E-16 ) ) ;
#4431 = EDGE_CURVE ( 'NONE', #6236, #718, #6398, .T. ) ;
#4432 = CARTESIAN_POINT ( 'NONE',  ( 5.374999999999969802, 0.000000000000000000, -0.7499999999999998890 ) ) ;
#4433 = EDGE_CURVE ( 'NONE', #2774, #2030, #78, .T. ) ;
#4434 = DIRECTION ( 'NONE',  ( -4.370956789862818684E-16, 1.365923996832115398E-14, -1.000000000000000000 ) ) ;
#4435 = ORIENTED_EDGE ( 'NONE', *, *, #2338, .F. ) ;
#4436 = ORIENTED_EDGE ( 'NONE', *, *, #6203, .T. ) ;
#4437 = AXIS2_PLACEMENT_3D ( 'NONE', #1048, #1931, #4961 ) ;
#4438 = FACE_OUTER_BOUND ( 'NONE', #188, .T. ) ;
#4439 = CARTESIAN_POINT ( 'NONE',  ( 7.375000000000000888, 1.000000000000000000, -0.2499999999999998057 ) ) ;
#4440 = ORIENTED_EDGE ( 'NONE', *, *, #5313, .T. ) ;
#4441 = VECTOR ( 'NONE', #1165, 39.37007874015748143 ) ;
#4442 = CARTESIAN_POINT ( 'NONE',  ( 6.375000000000001776, 1.000000000000000000, 1.375000000000000000 ) ) ;
#4443 = EDGE_CURVE ( 'NONE', #5014, #5457, #47, .T. ) ;
#4444 = EDGE_LOOP ( 'NONE', ( #3755, #3927, #6411, #4755 ) ) ;
#4445 = LINE ( 'NONE', #954, #1122 ) ;
#4446 = DIRECTION ( 'NONE',  ( -1.000000000000000000, 0.000000000000000000, 4.370956789862818684E-16 ) ) ;
#4447 = EDGE_LOOP ( 'NONE', ( #3022, #4844, #2963, #2015, #2795, #1471, #3164 ) ) ;
#4448 = EDGE_CURVE ( 'NONE', #4619, #5563, #118, .T. ) ;
#4449 = VERTEX_POINT ( 'NONE', #1023 ) ;
#4450 = VECTOR ( 'NONE', #6428, 39.37007874015748143 ) ;
#4451 = FACE_OUTER_BOUND ( 'NONE', #3566, .T. ) ;
#4452 = DIRECTION ( 'NONE',  ( 0.000000000000000000, -0.000000000000000000, -1.000000000000000000 ) ) ;
#4453 = DIRECTION ( 'NONE',  ( 0.000000000000000000, 0.000000000000000000, 1.000000000000000000 ) ) ;
#4454 = FACE_OUTER_BOUND ( 'NONE', #4248, .T. ) ;
#4455 = CARTESIAN_POINT ( 'NONE',  ( 5.875000000000000888, -0.5000000000000001110, 0.8705708661417320693 ) ) ;
#4456 = AXIS2_PLACEMENT_3D ( 'NONE', #1310, #734, #825 ) ;
#4457 = VECTOR ( 'NONE', #5639, 39.37007874015748854 ) ;
#4458 = ORIENTED_EDGE ( 'NONE', *, *, #5632, .F. ) ;
#4459 = DIRECTION ( 'NONE',  ( -1.000000000000000000, 0.000000000000000000, 0.000000000000000000 ) ) ;
#4460 = ORIENTED_EDGE ( 'NONE', *, *, #2780, .F. ) ;
#4461 = VECTOR ( 'NONE', #3805, 39.37007874015748143 ) ;
#4462 = CARTESIAN_POINT ( 'NONE',  ( 6.625000000000001776, 1.064999999999999503, 1.225000000000000089 ) ) ;
#4463 = VECTOR ( 'NONE', #6296, 39.37007874015748143 ) ;
#4464 = DIRECTION ( 'NONE',  ( -1.000000000000000000, 0.000000000000000000, 0.000000000000000000 ) ) ;
#4465 = PLANE ( 'NONE',  #2761 ) ;
#4466 = DIRECTION ( 'NONE',  ( -1.000000000000000000, 0.000000000000000000, 0.000000000000000000 ) ) ;
#4467 = ORIENTED_EDGE ( 'NONE', *, *, #953, .F. ) ;
#4468 = ORIENTED_EDGE ( 'NONE', *, *, #1959, .T. ) ;
#4469 = LINE ( 'NONE', #4501, #1044 ) ;
#4470 = EDGE_CURVE ( 'NONE', #702, #86, #3024, .T. ) ;
#4471 = ADVANCED_FACE ( 'NONE', ( #470 ), #2034, .F. ) ;
#4472 = DIRECTION ( 'NONE',  ( 0.000000000000000000, -0.7071067811865461294, 0.7071067811865489050 ) ) ;
#4473 = ORIENTED_EDGE ( 'NONE', *, *, #217, .F. ) ;
#4474 = VECTOR ( 'NONE', #3178, 39.37007874015748143 ) ;
#4475 = CARTESIAN_POINT ( 'NONE',  ( 7.375000000000000888, 0.000000000000000000, -1.625000000000000000 ) ) ;
#4476 = ORIENTED_EDGE ( 'NONE', *, *, #6377, .F. ) ;
#4477 = DIRECTION ( 'NONE',  ( -1.000000000000000000, 0.000000000000000000, -4.370956789862818684E-16 ) ) ;
#4478 = EDGE_CURVE ( 'NONE', #1244, #2229, #3577, .T. ) ;
#4479 = CARTESIAN_POINT ( 'NONE',  ( 5.624999999999969802, 0.000000000000000000, 1.750000000000000222 ) ) ;
#4480 = EDGE_LOOP ( 'NONE', ( #1680, #5730, #4279, #3940, #4992, #569, #2705 ) ) ;
#4481 = AXIS2_PLACEMENT_3D ( 'NONE', #2876, #4830, #5802 ) ;
#4482 = DIRECTION ( 'NONE',  ( 0.000000000000000000, 0.000000000000000000, 1.000000000000000000 ) ) ;
#4483 = ORIENTED_EDGE ( 'NONE', *, *, #1369, .T. ) ;
#4484 = CARTESIAN_POINT ( 'NONE',  ( 6.375000000000001776, 0.7499999999999998890, 1.324999999999999956 ) ) ;
#4485 = ORIENTED_EDGE ( 'NONE', *, *, #5854, .T. ) ;
#4486 = VECTOR ( 'NONE', #4143, 39.37007874015748143 ) ;
#4487 = DIRECTION ( 'NONE',  ( 0.000000000000000000, 0.000000000000000000, -1.000000000000000000 ) ) ;
#4488 = EDGE_CURVE ( 'NONE', #5401, #1436, #5944, .T. ) ;
#4489 = CARTESIAN_POINT ( 'NONE',  ( 7.375000000000000888, 0.000000000000000000, -1.750000000000000000 ) ) ;
#4490 = CARTESIAN_POINT ( 'NONE',  ( 7.375000000000000888, 1.064999999999999503, 1.774999999999999467 ) ) ;
#4491 = CARTESIAN_POINT ( 'NONE',  ( 5.374999999999969802, -0.2500000000000000000, 1.324999999999999289 ) ) ;
#4492 = ORIENTED_EDGE ( 'NONE', *, *, #2964, .F. ) ;
#4493 = CARTESIAN_POINT ( 'NONE',  ( 5.624999999999969802, 0.06499999999999993283, -0.2249999999999992006 ) ) ;
#4494 = ORIENTED_EDGE ( 'NONE', *, *, #3046, .T. ) ;
#4495 = CARTESIAN_POINT ( 'NONE',  ( 7.375000000000000888, -0.9336610732109800193, 0.7488736096525724362 ) ) ;
#4496 = CARTESIAN_POINT ( 'NONE',  ( 5.969373427024335044, 0.1634595704905431601, 1.559396714325895994 ) ) ;
#4497 = DIRECTION ( 'NONE',  ( 4.370956789862818684E-16, 0.000000000000000000, -1.000000000000000000 ) ) ;
#4498 = DIRECTION ( 'NONE',  ( -1.000000000000000000, 0.000000000000000000, 0.000000000000000000 ) ) ;
#4499 = ORIENTED_EDGE ( 'NONE', *, *, #3135, .F. ) ;
#4500 = EDGE_LOOP ( 'NONE', ( #2036, #3503, #682, #2273 ) ) ;
#4501 = CARTESIAN_POINT ( 'NONE',  ( 5.875000000000000888, -0.9336610732109797972, 0.7488736096525724362 ) ) ;
#4502 = DIRECTION ( 'NONE',  ( 1.000000000000000000, 0.000000000000000000, 0.000000000000000000 ) ) ;
#4503 = DIRECTION ( 'NONE',  ( -1.000000000000000000, 0.000000000000000000, 0.000000000000000000 ) ) ;
#4504 = EDGE_CURVE ( 'NONE', #378, #5212, #6004, .T. ) ;
#4505 = CARTESIAN_POINT ( 'NONE',  ( 6.625000000000001776, 0.7499999999999998890, 1.375000000000000000 ) ) ;
#4506 = EDGE_CURVE ( 'NONE', #1373, #4655, #18, .T. ) ;
#4507 = EDGE_CURVE ( 'NONE', #2271, #2905, #3540, .T. ) ;
#4508 = ORIENTED_EDGE ( 'NONE', *, *, #4715, .F. ) ;
#4509 = DIRECTION ( 'NONE',  ( -1.000000000000000000, 0.000000000000000000, 0.000000000000000000 ) ) ;
#4510 = AXIS2_PLACEMENT_3D ( 'NONE', #3608, #3505, #6074 ) ;
#4511 = CARTESIAN_POINT ( 'NONE',  ( 6.625000000000001776, 0.000000000000000000, -1.750000000000000000 ) ) ;
#4512 = ORIENTED_EDGE ( 'NONE', *, *, #1732, .F. ) ;
#4513 = ADVANCED_FACE ( 'NONE', ( #5031 ), #1087, .F. ) ;
#4514 = VECTOR ( 'NONE', #2231, 39.37007874015748143 ) ;
#4515 = ORIENTED_EDGE ( 'NONE', *, *, #5822, .F. ) ;
#4516 = CARTESIAN_POINT ( 'NONE',  ( 5.374999999999969802, -0.2500000000000000000, -0.3749999999999991673 ) ) ;
#4517 = VERTEX_POINT ( 'NONE', #1053 ) ;
#4518 = LINE ( 'NONE', #4588, #96 ) ;
#4519 = DIRECTION ( 'NONE',  ( -4.045598039107987534E-17, 0.2613289371208234457, -0.9652498052956552943 ) ) ;
#4520 = CARTESIAN_POINT ( 'NONE',  ( 7.375000000000000888, 0.000000000000000000, -1.750000000000000000 ) ) ;
#4521 = AXIS2_PLACEMENT_3D ( 'NONE', #73, #2951, #4502 ) ;
#4522 = CARTESIAN_POINT ( 'NONE',  ( 7.625000000000000888, 0.7499999999999998890, 1.250000000000000000 ) ) ;
#4523 = EDGE_CURVE ( 'NONE', #568, #1358, #4935, .T. ) ;
#4524 = VERTEX_POINT ( 'NONE', #5001 ) ;
#4525 = CARTESIAN_POINT ( 'NONE',  ( 7.375000000000000888, 0.6249999999999998890, -0.6249999999999956701 ) ) ;
#4526 = ORIENTED_EDGE ( 'NONE', *, *, #88, .F. ) ;
#4527 = CARTESIAN_POINT ( 'NONE',  ( 5.374999999999969802, 0.000000000000000000, -0.7499999999999998890 ) ) ;
#4528 = LENGTH_MEASURE_WITH_UNIT ( LENGTH_MEASURE( 0.02539999999999999897 ), #2949 );
#4529 = DIRECTION ( 'NONE',  ( 0.000000000000000000, 0.000000000000000000, 1.000000000000000000 ) ) ;
#4530 = DIRECTION ( 'NONE',  ( 0.000000000000000000, -0.7071067811865487940, 0.7071067811865462405 ) ) ;
#4531 = DIRECTION ( 'NONE',  ( 0.000000000000000000, 0.000000000000000000, 1.000000000000000000 ) ) ;
#4532 = DIRECTION ( 'NONE',  ( 0.000000000000000000, 0.000000000000000000, 1.000000000000000000 ) ) ;
#4533 = ORIENTED_EDGE ( 'NONE', *, *, #6338, .F. ) ;
#4534 = EDGE_LOOP ( 'NONE', ( #2380, #4435, #638, #4611 ) ) ;
#4535 = VECTOR ( 'NONE', #4034, 39.37007874015748143 ) ;
#4536 = DIRECTION ( 'NONE',  ( 0.000000000000000000, -0.7071067811865456854, 0.7071067811865493491 ) ) ;
#4537 = CARTESIAN_POINT ( 'NONE',  ( 7.375000000000000888, 1.124999999999999556, -0.6749999999999996003 ) ) ;
#4538 = PLANE ( 'NONE',  #1632 ) ;
#4539 = CARTESIAN_POINT ( 'NONE',  ( 6.625000000000001776, 1.000000000000000000, 1.250000000000000000 ) ) ;
#4540 = EDGE_LOOP ( 'NONE', ( #5071, #926, #2531, #2674 ) ) ;
#4541 = CARTESIAN_POINT ( 'NONE',  ( 6.625000000000001776, 1.064999999999999947, -0.7749999999999996891 ) ) ;
#4542 = CARTESIAN_POINT ( 'NONE',  ( 7.875000000000000888, -0.2500000000000000000, -1.675000000000000044 ) ) ;
#4543 = EDGE_LOOP ( 'NONE', ( #543, #424 ) ) ;
#4544 = VECTOR ( 'NONE', #4627, 39.37007874015748143 ) ;
#4545 = VERTEX_POINT ( 'NONE', #3090 ) ;
#4546 = ORIENTED_EDGE ( 'NONE', *, *, #5539, .T. ) ;
#4547 = FACE_OUTER_BOUND ( 'NONE', #5844, .T. ) ;
#4548 = ORIENTED_EDGE ( 'NONE', *, *, #5579, .T. ) ;
#4549 = CARTESIAN_POINT ( 'NONE',  ( 5.875000000000000000, -0.2500000000000000000, 1.605662432702577469 ) ) ;
#4550 = CARTESIAN_POINT ( 'NONE',  ( 5.374999999999969802, 0.000000000000000000, -1.374999999999999778 ) ) ;
#4551 = EDGE_CURVE ( 'NONE', #3384, #740, #531, .T. ) ;
#4552 = DIRECTION ( 'NONE',  ( 0.000000000000000000, 0.000000000000000000, 1.000000000000000000 ) ) ;
#4553 = EDGE_CURVE ( 'NONE', #3679, #2138, #3476, .T. ) ;
#4554 = CARTESIAN_POINT ( 'NONE',  ( 5.624999999999969802, 0.000000000000000000, 1.250000000000000000 ) ) ;
#4555 = VECTOR ( 'NONE', #779, 39.37007874015748143 ) ;
#4556 = DIRECTION ( 'NONE',  ( 1.000000000000000000, -0.000000000000000000, -0.000000000000000000 ) ) ;
#4557 = EDGE_LOOP ( 'NONE', ( #6247, #4476, #3687, #3876 ) ) ;
#4558 = CARTESIAN_POINT ( 'NONE',  ( 7.625000000000000888, 0.000000000000000000, -1.374999999999999778 ) ) ;
#4559 = LINE ( 'NONE', #1594, #396 ) ;
#4560 = VECTOR ( 'NONE', #4164, 39.37007874015748143 ) ;
#4561 = CARTESIAN_POINT ( 'NONE',  ( 5.999999999999999112, 0.2165063509461105096, 1.875000000000000000 ) ) ;
#4562 = DIRECTION ( 'NONE',  ( 0.000000000000000000, -0.7071067811865434649, 0.7071067811865515695 ) ) ;
#4563 = EDGE_CURVE ( 'NONE', #3544, #2035, #2495, .T. ) ;
#4564 = VECTOR ( 'NONE', #1171, 39.37007874015748143 ) ;
#4565 = VECTOR ( 'NONE', #6405, 39.37007874015748143 ) ;
#4566 = CARTESIAN_POINT ( 'NONE',  ( 6.625000000000001776, -0.2500000000000000000, -1.625000000000000000 ) ) ;
#4567 = LINE ( 'NONE', #107, #5114 ) ;
#4568 = VERTEX_POINT ( 'NONE', #2596 ) ;
#4569 = EDGE_LOOP ( 'NONE', ( #5555, #281, #2923, #5389, #4271 ) ) ;
#4570 = VECTOR ( 'NONE', #1406, 39.37007874015748143 ) ;
#4571 = EDGE_CURVE ( 'NONE', #1789, #2517, #563, .T. ) ;
#4572 = DIRECTION ( 'NONE',  ( 1.000000000000000000, 0.000000000000000000, 0.000000000000000000 ) ) ;
#4573 = VECTOR ( 'NONE', #5660, 39.37007874015748143 ) ;
#4574 = DIRECTION ( 'NONE',  ( 1.000000000000000000, 0.000000000000000000, 0.000000000000000000 ) ) ;
#4575 = VECTOR ( 'NONE', #3880, 39.37007874015748143 ) ;
#4576 = DIRECTION ( 'NONE',  ( -1.000000000000000000, 0.000000000000000000, -4.370956789862818684E-16 ) ) ;
#4577 = EDGE_LOOP ( 'NONE', ( #3445, #4950, #405, #3929 ) ) ;
#4578 = CARTESIAN_POINT ( 'NONE',  ( 7.375000000000000888, -0.2500000000000000000, -1.675000000000000044 ) ) ;
#4579 = PLANE ( 'NONE',  #1600 ) ;
#4580 = AXIS2_PLACEMENT_3D ( 'NONE', #4701, #6192, #4241 ) ;
#4581 = CARTESIAN_POINT ( 'NONE',  ( 6.625000000000001776, 1.064999999999999947, -0.2250000000000000611 ) ) ;
#4582 = ORIENTED_EDGE ( 'NONE', *, *, #2296, .F. ) ;
#4583 = CARTESIAN_POINT ( 'NONE',  ( 6.375000000000001776, -0.2500000000000000000, -1.249999999999999778 ) ) ;
#4584 = ORIENTED_EDGE ( 'NONE', *, *, #1732, .T. ) ;
#4585 = EDGE_LOOP ( 'NONE', ( #5074, #5611, #6005, #5517 ) ) ;
#4586 = DIRECTION ( 'NONE',  ( -1.000000000000000000, 0.000000000000000000, 0.000000000000000000 ) ) ;
#4587 = VERTEX_POINT ( 'NONE', #2526 ) ;
#4588 = CARTESIAN_POINT ( 'NONE',  ( 7.625000000000000888, 0.1250000000000000278, 0.000000000000000000 ) ) ;
#4589 = AXIS2_PLACEMENT_3D ( 'NONE', #981, #3919, #5901 ) ;
#4590 = DIRECTION ( 'NONE',  ( 1.000000000000000000, 0.000000000000000000, -0.000000000000000000 ) ) ;
#4591 = CARTESIAN_POINT ( 'NONE',  ( 5.374999999999969802, -0.2500000000000000000, 1.750000000000000222 ) ) ;
#4592 = CARTESIAN_POINT ( 'NONE',  ( 5.624999999999969802, 0.1250000000000001110, 1.675000000000000266 ) ) ;
#4593 = VECTOR ( 'NONE', #3077, 39.37007874015748143 ) ;
#4594 = EDGE_CURVE ( 'NONE', #890, #3317, #5974, .T. ) ;
#4595 = EDGE_CURVE ( 'NONE', #2048, #1810, #2747, .T. ) ;
#4596 = PLANE ( 'NONE',  #3752 ) ;
#4597 = VERTEX_POINT ( 'NONE', #1115 ) ;
#4598 = LINE ( 'NONE', #134, #5142 ) ;
#4599 = DIRECTION ( 'NONE',  ( 0.000000000000000000, 0.000000000000000000, 1.000000000000000000 ) ) ;
#4600 = LINE ( 'NONE', #4078, #2086 ) ;
#4601 = CARTESIAN_POINT ( 'NONE',  ( 6.625000000000001776, -0.2500000000000000000, -1.374999999999999778 ) ) ;
#4602 = LINE ( 'NONE', #1729, #1500 ) ;
#4603 = LINE ( 'NONE', #725, #1785 ) ;
#4604 = EDGE_CURVE ( 'NONE', #2008, #4587, #2269, .T. ) ;
#4605 = ORIENTED_EDGE ( 'NONE', *, *, #3958, .T. ) ;
#4606 = DIRECTION ( 'NONE',  ( 0.000000000000000000, -1.000000000000000000, -0.000000000000000000 ) ) ;
#4607 = CARTESIAN_POINT ( 'NONE',  ( 5.624999999999969802, 0.1250000000000001110, -0.7150000000000003020 ) ) ;
#4608 =( NAMED_UNIT ( * ) PLANE_ANGLE_UNIT ( ) SI_UNIT ( $, .RADIAN. ) );
#4609 = PLANE ( 'NONE',  #5036 ) ;
#4610 = EDGE_CURVE ( 'NONE', #3808, #2961, #4190, .T. ) ;
#4611 = ORIENTED_EDGE ( 'NONE', *, *, #1049, .T. ) ;
#4612 = PLANE ( 'NONE',  #1658 ) ;
#4613 = LINE ( 'NONE', #4541, #4779 ) ;
#4614 = DIRECTION ( 'NONE',  ( 0.000000000000000000, -1.000000000000000000, -0.000000000000000000 ) ) ;
#4615 = LINE ( 'NONE', #5168, #38 ) ;
#4616 = VERTEX_POINT ( 'NONE', #1218 ) ;
#4617 = DIRECTION ( 'NONE',  ( 0.000000000000000000, -1.000000000000000000, 3.414809992080307034E-15 ) ) ;
#4618 = EDGE_CURVE ( 'NONE', #6091, #5002, #4615, .T. ) ;
#4619 = VERTEX_POINT ( 'NONE', #3220 ) ;
#4620 = EDGE_LOOP ( 'NONE', ( #2753, #2600, #2150, #4460 ) ) ;
#4621 = LINE ( 'NONE', #1686, #5280 ) ;
#4622 = VERTEX_POINT ( 'NONE', #4127 ) ;
#4623 = VECTOR ( 'NONE', #2701, 39.37007874015748143 ) ;
#4624 = DIRECTION ( 'NONE',  ( 0.000000000000000000, 1.000000000000000000, -3.414809992080307034E-15 ) ) ;
#4625 = DIRECTION ( 'NONE',  ( 0.000000000000000000, 1.000000000000000000, 0.000000000000000000 ) ) ;
#4626 = CARTESIAN_POINT ( 'NONE',  ( 6.375000000000001776, 0.1249999999999999029, -1.284999999999999476 ) ) ;
#4627 = DIRECTION ( 'NONE',  ( -1.000000000000000000, 0.000000000000000000, 0.000000000000000000 ) ) ;
#4628 = VECTOR ( 'NONE', #2818, 39.37007874015748143 ) ;
#4629 = ORIENTED_EDGE ( 'NONE', *, *, #818, .T. ) ;
#4630 = CARTESIAN_POINT ( 'NONE',  ( 7.875000000000000888, -0.5000000000000001110, 0.4999999999999997224 ) ) ;
#4631 = VERTEX_POINT ( 'NONE', #2635 ) ;
#4632 = DIRECTION ( 'NONE',  ( 0.000000000000000000, 0.000000000000000000, -1.000000000000000000 ) ) ;
#4633 = DIRECTION ( 'NONE',  ( 1.000000000000000000, 0.000000000000000000, -4.370956789862818684E-16 ) ) ;
#4634 = ADVANCED_FACE ( 'NONE', ( #3256 ), #2237, .F. ) ;
#4635 = AXIS2_PLACEMENT_3D ( 'NONE', #1180, #1147, #5094 ) ;
#4636 = CARTESIAN_POINT ( 'NONE',  ( 7.625000000000000888, -0.2500000000000000000, -1.750000000000000000 ) ) ;
#4637 = DIRECTION ( 'NONE',  ( 1.000000000000000000, 0.000000000000000000, 0.000000000000000000 ) ) ;
#4638 = DIRECTION ( 'NONE',  ( -1.000000000000000000, 0.000000000000000000, 0.000000000000000000 ) ) ;
#4639 = VECTOR ( 'NONE', #925, 39.37007874015748143 ) ;
#4640 = FACE_OUTER_BOUND ( 'NONE', #6317, .T. ) ;
#4641 = VERTEX_POINT ( 'NONE', #637 ) ;
#4642 = CARTESIAN_POINT ( 'NONE',  ( 5.374999999999990230, -0.2500000000000000000, -0.7499999999999998890 ) ) ;
#4643 = EDGE_CURVE ( 'NONE', #3340, #3191, #662, .T. ) ;
#4644 = LENGTH_MEASURE_WITH_UNIT ( LENGTH_MEASURE( 0.02539999999999999897 ), #2064 );
#4645 = EDGE_CURVE ( 'NONE', #5479, #3130, #4258, .T. ) ;
#4646 = DIRECTION ( 'NONE',  ( 0.8660254037844411501, -0.4999999999999956701, -0.000000000000000000 ) ) ;
#4647 = VERTEX_POINT ( 'NONE', #1710 ) ;
#4648 = LINE ( 'NONE', #116, #1541 ) ;
#4649 = DIRECTION ( 'NONE',  ( -1.000000000000000000, 0.000000000000000000, 0.000000000000000000 ) ) ;
#4650 = DIRECTION ( 'NONE',  ( 4.370956789862818684E-16, 0.000000000000000000, -1.000000000000000000 ) ) ;
#4651 = VERTEX_POINT ( 'NONE', #3712 ) ;
#4652 = ADVANCED_FACE ( 'NONE', ( #5685 ), #3682, .T. ) ;
#4653 = FACE_OUTER_BOUND ( 'NONE', #6175, .T. ) ;
#4654 = ORIENTED_EDGE ( 'NONE', *, *, #5069, .T. ) ;
#4655 = VERTEX_POINT ( 'NONE', #5720 ) ;
#4656 = CARTESIAN_POINT ( 'NONE',  ( 7.375000000000000888, -0.5000000000000001110, 0.4999999999999997224 ) ) ;
#4657 = ORIENTED_EDGE ( 'NONE', *, *, #1564, .F. ) ;
#4658 = AXIS2_PLACEMENT_3D ( 'NONE', #525, #4503, #3048 ) ;
#4659 = DIRECTION ( 'NONE',  ( -1.000000000000000000, 0.000000000000000000, 0.000000000000000000 ) ) ;
#4660 = CARTESIAN_POINT ( 'NONE',  ( 6.625000000000001776, 0.02499999999999977240, -1.774999999999999689 ) ) ;
#4661 = EDGE_CURVE ( 'NONE', #577, #2707, #1256, .T. ) ;
#4662 = CARTESIAN_POINT ( 'NONE',  ( 5.624999999999969802, 0.1250000000000001110, 1.715000000000000524 ) ) ;
#4663 = ORIENTED_EDGE ( 'NONE', *, *, #1285, .F. ) ;
#4664 = DIRECTION ( 'NONE',  ( 0.000000000000000000, -3.414809992080307034E-15, 1.000000000000000000 ) ) ;
#4665 = ORIENTED_EDGE ( 'NONE', *, *, #4041, .F. ) ;
#4666 = CARTESIAN_POINT ( 'NONE',  ( 7.625000000000000888, 0.000000000000000000, -1.750000000000000000 ) ) ;
#4667 = CARTESIAN_POINT ( 'NONE',  ( 5.374999999999969802, 0.000000000000000000, -0.2499999999999992506 ) ) ;
#4668 = CARTESIAN_POINT ( 'NONE',  ( 5.374999999999969802, 0.000000000000000000, 1.250000000000000000 ) ) ;
#4669 = CARTESIAN_POINT ( 'NONE',  ( 7.875000000000000888, 1.000000000000000000, -0.3750000000000001110 ) ) ;
#4670 = DIRECTION ( 'NONE',  ( -1.000000000000000000, 0.000000000000000000, 0.000000000000000000 ) ) ;
#4671 = CARTESIAN_POINT ( 'NONE',  ( 6.375000000000001776, 0.000000000000000000, -1.750000000000000000 ) ) ;
#4672 = ORIENTED_EDGE ( 'NONE', *, *, #4214, .F. ) ;
#4673 = VECTOR ( 'NONE', #5323, 39.37007874015748854 ) ;
#4674 = AXIS2_PLACEMENT_3D ( 'NONE', #2084, #2608, #4552 ) ;
#4675 = PLANE ( 'NONE',  #1292 ) ;
#4676 = DIRECTION ( 'NONE',  ( 1.000000000000000000, 0.000000000000000000, 0.000000000000000000 ) ) ;
#4677 = VECTOR ( 'NONE', #5000, 39.37007874015748143 ) ;
#4678 = LINE ( 'NONE', #5194, #6385 ) ;
#4679 = VECTOR ( 'NONE', #3238, 39.37007874015748143 ) ;
#4680 = ORIENTED_EDGE ( 'NONE', *, *, #975, .T. ) ;
#4681 = ADVANCED_FACE ( 'NONE', ( #1154 ), #3160, .F. ) ;
#4682 = FACE_OUTER_BOUND ( 'NONE', #6337, .T. ) ;
#4683 = EDGE_CURVE ( 'NONE', #2489, #3228, #5653, .T. ) ;
#4684 = AXIS2_PLACEMENT_3D ( 'NONE', #19, #2304, #1016 ) ;
#4685 = CARTESIAN_POINT ( 'NONE',  ( 5.655823907642529846, -0.5877680489876276893, 1.124999999999999556 ) ) ;
#4686 = DIRECTION ( 'NONE',  ( 1.000000000000000000, 0.000000000000000000, 4.370956789862818684E-16 ) ) ;
#4687 = VERTEX_POINT ( 'NONE', #5102 ) ;
#4688 = CARTESIAN_POINT ( 'NONE',  ( 6.625000000000001776, 1.000000000000000000, -0.3750000000000001110 ) ) ;
#4689 = EDGE_LOOP ( 'NONE', ( #1136, #4819, #2549, #4165, #3285, #3013, #2368 ) ) ;
#4690 = PLANE ( 'NONE',  #3005 ) ;
#4691 = EDGE_CURVE ( 'NONE', #6400, #190, #3193, .T. ) ;
#4692 = ORIENTED_EDGE ( 'NONE', *, *, #657, .T. ) ;
#4693 = DIRECTION ( 'NONE',  ( 0.000000000000000000, 0.7071067811865459074, -0.7071067811865491270 ) ) ;
#4694 = DIRECTION ( 'NONE',  ( 1.000000000000000000, 0.000000000000000000, 0.000000000000000000 ) ) ;
#4695 = CARTESIAN_POINT ( 'NONE',  ( 7.375000000000000888, 1.024999999999999911, 1.774999999999999467 ) ) ;
#4696 = ORIENTED_EDGE ( 'NONE', *, *, #2855, .T. ) ;
#4697 = CARTESIAN_POINT ( 'NONE',  ( 6.375000000000001776, 1.000000000000000000, 1.749999999999999556 ) ) ;
#4698 = EDGE_CURVE ( 'NONE', #2008, #626, #652, .T. ) ;
#4699 = ORIENTED_EDGE ( 'NONE', *, *, #1172, .T. ) ;
#4700 = CARTESIAN_POINT ( 'NONE',  ( 7.375000000000000888, 0.7499999999999998890, -0.7499999999999997780 ) ) ;
#4701 = CARTESIAN_POINT ( 'NONE',  ( 6.375000000000001776, 0.000000000000000000, -1.750000000000000000 ) ) ;
#4702 = AXIS2_PLACEMENT_3D ( 'NONE', #3980, #4434, #35 ) ;
#4703 = DIRECTION ( 'NONE',  ( 0.000000000000000000, -0.7071067811865435759, 0.7071067811865513475 ) ) ;
#4704 = FACE_OUTER_BOUND ( 'NONE', #2995, .T. ) ;
#4705 = EDGE_LOOP ( 'NONE', ( #3890, #1202, #1756, #2455 ) ) ;
#4706 = CARTESIAN_POINT ( 'NONE',  ( 5.624999999999969802, 0.02499999999999946362, -0.7749999999999996891 ) ) ;
#4707 = CARTESIAN_POINT ( 'NONE',  ( 7.375000000000000888, 1.000000000000000888, 1.624999999999999778 ) ) ;
#4708 = ORIENTED_EDGE ( 'NONE', *, *, #3559, .F. ) ;
#4709 = CARTESIAN_POINT ( 'NONE',  ( 5.624999999999969802, -0.2500000000000000000, 1.374999999999999334 ) ) ;
#4710 = DIRECTION ( 'NONE',  ( 1.000000000000000000, 0.000000000000000000, 0.000000000000000000 ) ) ;
#4711 = ADVANCED_FACE ( 'NONE', ( #3666 ), #3109, .F. ) ;
#4712 = DIRECTION ( 'NONE',  ( 0.000000000000000000, 0.000000000000000000, 1.000000000000000000 ) ) ;
#4713 = ORIENTED_EDGE ( 'NONE', *, *, #845, .F. ) ;
#4714 = EDGE_CURVE ( 'NONE', #6110, #4008, #4598, .T. ) ;
#4715 = EDGE_CURVE ( 'NONE', #5320, #5276, #6092, .T. ) ;
#4716 = CARTESIAN_POINT ( 'NONE',  ( 5.624999999999969802, 0.1250000000000001110, -0.6750000000000001554 ) ) ;
#4717 = VERTEX_POINT ( 'NONE', #2683 ) ;
#4718 = CARTESIAN_POINT ( 'NONE',  ( 7.625000000000000888, 0.000000000000000000, -1.750000000000000000 ) ) ;
#4719 = ORIENTED_EDGE ( 'NONE', *, *, #3579, .F. ) ;
#4720 = CARTESIAN_POINT ( 'NONE',  ( 5.624999999999969802, 0.02499999999999945668, -0.2249999999999997558 ) ) ;
#4721 = B_SPLINE_CURVE_WITH_KNOTS ( 'NONE', 3,
 ( #5146, #5113, #2712, #5237, #226, #2276, #1228, #3782, #2218, #1130, #4230, #5729 ),
 .UNSPECIFIED., .F., .F.,
 ( 4, 2, 2, 2, 2, 4 ),
 ( 0.000000000000000000, 0.004381650154628760271, 0.008763300309257520543, 0.01314495046388628081, 0.01533577554120066008, 0.01752660061851504109 ),
 .UNSPECIFIED. ) ;
#4722 = CARTESIAN_POINT ( 'NONE',  ( 7.875000000000000888, -0.7822277194723872284, 0.9127317704774070561 ) ) ;
#4723 = EDGE_CURVE ( 'NONE', #6282, #1177, #2191, .T. ) ;
#4724 = EDGE_CURVE ( 'NONE', #1453, #1476, #1629, .T. ) ;
#4725 = ORIENTED_EDGE ( 'NONE', *, *, #2928, .T. ) ;
#4726 = LINE ( 'NONE', #257, #5381 ) ;
#4727 = ORIENTED_EDGE ( 'NONE', *, *, #3928, .T. ) ;
#4728 = CARTESIAN_POINT ( 'NONE',  ( 5.374999999999969802, -0.2500000000000000000, 1.625000000000000222 ) ) ;
#4729 = FACE_OUTER_BOUND ( 'NONE', #5811, .T. ) ;
#4730 = CARTESIAN_POINT ( 'NONE',  ( 7.875000000000000888, 1.000000000000000000, 1.375000000000000000 ) ) ;
#4731 = VECTOR ( 'NONE', #2976, 39.37007874015748143 ) ;
#4732 = ADVANCED_FACE ( 'NONE', ( #1101 ), #544, .F. ) ;
#4733 = DIRECTION ( 'NONE',  ( 0.000000000000000000, 0.000000000000000000, -1.000000000000000000 ) ) ;
#4734 = ORIENTED_EDGE ( 'NONE', *, *, #1769, .T. ) ;
#4735 = PLANE ( 'NONE',  #1364 ) ;
#4736 = ORIENTED_EDGE ( 'NONE', *, *, #1880, .F. ) ;
#4737 = AXIS2_PLACEMENT_3D ( 'NONE', #5801, #4890, #5311 ) ;
#4738 = VECTOR ( 'NONE', #6098, 39.37007874015748143 ) ;
#4739 = CARTESIAN_POINT ( 'NONE',  ( 7.625000000000000888, 1.000000000000000000, -0.7499999999999997780 ) ) ;
#4740 = AXIS2_PLACEMENT_3D ( 'NONE', #3569, #5540, #3920 ) ;
#4741 = CARTESIAN_POINT ( 'NONE',  ( 6.375000000000001776, -0.2500000000000000000, -1.750000000000000000 ) ) ;
#4742 = ORIENTED_EDGE ( 'NONE', *, *, #496, .F. ) ;
#4743 = CARTESIAN_POINT ( 'NONE',  ( 7.375000000000000888, -0.5000000000000001110, 0.4999999999999997224 ) ) ;
#4744 = DIRECTION ( 'NONE',  ( 0.000000000000000000, 0.000000000000000000, 1.000000000000000000 ) ) ;
#4745 = CARTESIAN_POINT ( 'NONE',  ( 5.710222803756469290, -0.4756298741814329323, -1.085222803756479060 ) ) ;
#4746 = ORIENTED_EDGE ( 'NONE', *, *, #2323, .F. ) ;
#4747 = DIRECTION ( 'NONE',  ( -3.090733186385389389E-16, 0.7071067811865460184, 0.7071067811865491270 ) ) ;
#4748 = ORIENTED_EDGE ( 'NONE', *, *, #2205, .F. ) ;
#4749 = DIRECTION ( 'NONE',  ( 0.000000000000000000, 0.000000000000000000, -1.000000000000000000 ) ) ;
#4750 = ORIENTED_EDGE ( 'NONE', *, *, #5989, .T. ) ;
#4751 = VERTEX_POINT ( 'NONE', #1137 ) ;
#4752 = LINE ( 'NONE', #6215, #5369 ) ;
#4753 = EDGE_LOOP ( 'NONE', ( #5905, #3693, #2784, #994 ) ) ;
#4754 = DIRECTION ( 'NONE',  ( 0.000000000000000000, 1.000000000000000000, 0.000000000000000000 ) ) ;
#4755 = ORIENTED_EDGE ( 'NONE', *, *, #3604, .F. ) ;
#4756 = ADVANCED_FACE ( 'NONE', ( #5118 ), #6124, .T. ) ;
#4757 = CARTESIAN_POINT ( 'NONE',  ( 5.374999999999969802, 0.000000000000000000, -0.6250000000000000000 ) ) ;
#4758 = ADVANCED_FACE ( 'NONE', ( #1664 ), #1593, .T. ) ;
#4759 = FACE_BOUND ( 'NONE', #691, .T. ) ;
#4760 = CARTESIAN_POINT ( 'NONE',  ( 6.625000000000001776, 0.7499999999999998890, -0.7499999999999997780 ) ) ;
#4761 = VECTOR ( 'NONE', #4424, 39.37007874015748143 ) ;
#4762 = CARTESIAN_POINT ( 'NONE',  ( 7.375000000000000888, 1.124999999999999778, 1.284999999999999920 ) ) ;
#4763 = ORIENTED_EDGE ( 'NONE', *, *, #6300, .F. ) ;
#4764 = CARTESIAN_POINT ( 'NONE',  ( 6.625000000000001776, 1.024999999999999911, 1.224999999999999867 ) ) ;
#4765 = VERTEX_POINT ( 'NONE', #4558 ) ;
#4766 = EDGE_CURVE ( 'NONE', #577, #4568, #2541, .T. ) ;
#4767 = LINE ( 'NONE', #4828, #2544 ) ;
#4768 = VECTOR ( 'NONE', #3174, 39.37007874015748143 ) ;
#4769 = VERTEX_POINT ( 'NONE', #5084 ) ;
#4770 = ORIENTED_EDGE ( 'NONE', *, *, #4571, .T. ) ;
#4771 = LINE ( 'NONE', #3680, #1858 ) ;
#4772 = EDGE_CURVE ( 'NONE', #3289, #5798, #63, .T. ) ;
#4773 = FACE_OUTER_BOUND ( 'NONE', #6262, .T. ) ;
#4774 = DIRECTION ( 'NONE',  ( 0.000000000000000000, -0.7071067811865462405, -0.7071067811865487940 ) ) ;
#4775 = VECTOR ( 'NONE', #3894, 39.37007874015748143 ) ;
#4776 = ORIENTED_EDGE ( 'NONE', *, *, #2457, .F. ) ;
#4777 = AXIS2_PLACEMENT_3D ( 'NONE', #6161, #1560, #3695 ) ;
#4778 = ORIENTED_EDGE ( 'NONE', *, *, #4911, .F. ) ;
#4779 = VECTOR ( 'NONE', #2592, 39.37007874015748143 ) ;
#4780 = DIRECTION ( 'NONE',  ( 1.000000000000000000, -0.000000000000000000, -0.000000000000000000 ) ) ;
#4781 = VECTOR ( 'NONE', #3968, 39.37007874015748143 ) ;
#4782 = CARTESIAN_POINT ( 'NONE',  ( 6.625000000000001776, 1.000000000000000000, -0.7499999999999997780 ) ) ;
#4783 = EDGE_LOOP ( 'NONE', ( #2293, #815, #3814, #1842 ) ) ;
#4784 = DIRECTION ( 'NONE',  ( 0.000000000000000000, 0.000000000000000000, -1.000000000000000000 ) ) ;
#4785 = VECTOR ( 'NONE', #3548, 39.37007874015748854 ) ;
#4786 = VECTOR ( 'NONE', #167, 39.37007874015748143 ) ;
#4787 = ORIENTED_EDGE ( 'NONE', *, *, #5786, .T. ) ;
#4788 = CARTESIAN_POINT ( 'NONE',  ( 6.625000000000001776, 0.7499999999999998890, -0.2499999999999998057 ) ) ;
#4789 = ORIENTED_EDGE ( 'NONE', *, *, #4911, .T. ) ;
#4790 = FACE_OUTER_BOUND ( 'NONE', #3641, .T. ) ;
#4791 = FACE_OUTER_BOUND ( 'NONE', #4971, .T. ) ;
#4792 = CARTESIAN_POINT ( 'NONE',  ( 5.624999999999969802, 0.02499999999999945668, -0.2249999999999997558 ) ) ;
#4793 = VECTOR ( 'NONE', #784, 39.37007874015748143 ) ;
#4794 = CARTESIAN_POINT ( 'NONE',  ( 5.374999999999969802, 0.06499999999999993283, -0.2249999999999990896 ) ) ;
#4795 = EDGE_CURVE ( 'NONE', #6151, #5277, #1067, .T. ) ;
#4796 = CARTESIAN_POINT ( 'NONE',  ( 5.624999999999969802, 0.06499999999999993283, 1.775000000000000355 ) ) ;
#4797 = EDGE_CURVE ( 'NONE', #2892, #4210, #4039, .T. ) ;
#4798 = VERTEX_POINT ( 'NONE', #2122 ) ;
#4799 = ORIENTED_EDGE ( 'NONE', *, *, #776, .F. ) ;
#4800 = VECTOR ( 'NONE', #5687, 39.37007874015748854 ) ;
#4801 = LINE ( 'NONE', #335, #3595 ) ;
#4802 = EDGE_CURVE ( 'NONE', #4915, #594, #3555, .T. ) ;
#4803 = ORIENTED_EDGE ( 'NONE', *, *, #442, .T. ) ;
#4804 = ORIENTED_EDGE ( 'NONE', *, *, #461, .T. ) ;
#4805 = VECTOR ( 'NONE', #788, 39.37007874015748143 ) ;
#4806 = DIRECTION ( 'NONE',  ( 0.000000000000000000, 1.000000000000000000, 0.000000000000000000 ) ) ;
#4807 = PLANE ( 'NONE',  #3766 ) ;
#4808 = LINE ( 'NONE', #5843, #5771 ) ;
#4809 = VERTEX_POINT ( 'NONE', #169 ) ;
#4810 = ADVANCED_FACE ( 'NONE', ( #3070 ), #2642, .T. ) ;
#4811 = EDGE_LOOP ( 'NONE', ( #5233, #1395, #3312, #2351 ) ) ;
#4812 = FACE_OUTER_BOUND ( 'NONE', #5686, .T. ) ;
#4813 = CARTESIAN_POINT ( 'NONE',  ( 6.375000000000001776, 0.000000000000000000, -1.774999999999999689 ) ) ;
#4814 = ORIENTED_EDGE ( 'NONE', *, *, #5712, .T. ) ;
#4815 = EDGE_CURVE ( 'NONE', #6394, #3865, #1515, .T. ) ;
#4816 = VERTEX_POINT ( 'NONE', #676 ) ;
#4817 = AXIS2_PLACEMENT_3D ( 'NONE', #507, #3872, #5853 ) ;
#4818 = DIRECTION ( 'NONE',  ( 0.000000000000000000, -0.000000000000000000, -1.000000000000000000 ) ) ;
#4819 = ORIENTED_EDGE ( 'NONE', *, *, #2043, .F. ) ;
#4820 = FACE_OUTER_BOUND ( 'NONE', #1773, .T. ) ;
#4821 = DIRECTION ( 'NONE',  ( 0.000000000000000000, -0.7071067811865461294, 0.7071067811865489050 ) ) ;
#4822 = LINE ( 'NONE', #3419, #6143 ) ;
#4823 = DIRECTION ( 'NONE',  ( -0.8660254037844414832, 0.000000000000000000, 0.4999999999999951150 ) ) ;
#4824 = PLANE ( 'NONE',  #3033 ) ;
#4825 = ORIENTED_EDGE ( 'NONE', *, *, #5187, .T. ) ;
#4826 = ORIENTED_EDGE ( 'NONE', *, *, #1455, .T. ) ;
#4827 = VECTOR ( 'NONE', #4022, 39.37007874015748143 ) ;
#4828 = CARTESIAN_POINT ( 'NONE',  ( 6.625000000000001776, 0.000000000000000000, -1.324999999999999734 ) ) ;
#4829 = VECTOR ( 'NONE', #5055, 39.37007874015748143 ) ;
#4830 = DIRECTION ( 'NONE',  ( 1.000000000000000000, -0.000000000000000000, -0.000000000000000000 ) ) ;
#4831 = VERTEX_POINT ( 'NONE', #3099 ) ;
#4832 = EDGE_LOOP ( 'NONE', ( #905, #4467, #6349, #196 ) ) ;
#4833 = VECTOR ( 'NONE', #659, 39.37007874015748854 ) ;
#4834 = CARTESIAN_POINT ( 'NONE',  ( 6.625000000000001776, 1.024999999999999911, 1.774999999999999467 ) ) ;
#4835 = ADVANCED_FACE ( 'NONE', ( #606 ), #2604, .T. ) ;
#4836 = ADVANCED_FACE ( 'NONE', ( #3334 ), #5309, .T. ) ;
#4837 = AXIS2_PLACEMENT_3D ( 'NONE', #3047, #3469, #553 ) ;
#4838 = CARTESIAN_POINT ( 'NONE',  ( 7.625000000000000888, 0.1250000000000000278, -1.715000000000000080 ) ) ;
#4839 = ORIENTED_EDGE ( 'NONE', *, *, #2133, .T. ) ;
#4840 = EDGE_LOOP ( 'NONE', ( #4395, #3932, #6358, #2992, #5421, #1230, #4138 ) ) ;
#4841 = DIRECTION ( 'NONE',  ( 1.000000000000000000, 0.000000000000000000, -0.000000000000000000 ) ) ;
#4842 = EDGE_CURVE ( 'NONE', #5963, #6420, #4249, .T. ) ;
#4843 = CARTESIAN_POINT ( 'NONE',  ( 7.375000000000000888, 1.000000000000000000, -0.3750000000000001110 ) ) ;
#4844 = ORIENTED_EDGE ( 'NONE', *, *, #487, .F. ) ;
#4845 = VERTEX_POINT ( 'NONE', #1428 ) ;
#4846 = DIRECTION ( 'NONE',  ( 0.000000000000000000, -1.000000000000000000, -0.000000000000000000 ) ) ;
#4847 = CARTESIAN_POINT ( 'NONE',  ( 6.375000000000000888, -0.7977711635230844145, 0.9021030981023664408 ) ) ;
#4848 = EDGE_CURVE ( 'NONE', #3567, #2006, #6412, .T. ) ;
#4849 = CARTESIAN_POINT ( 'NONE',  ( 5.875000000000000888, -0.2500000000000000000, -1.000000000000000888 ) ) ;
#4850 = DIRECTION ( 'NONE',  ( -1.000000000000000000, 0.000000000000000000, 0.000000000000000000 ) ) ;
#4851 = CARTESIAN_POINT ( 'NONE',  ( 5.374999999999969802, -0.3749999999999999445, 1.750000000000000222 ) ) ;
#4853 = COLOUR_RGB ( '',0.7921568627450980005, 0.8196078431372548767, 0.9333333333333333481 ) ;
#4852 = DIRECTION ( 'NONE',  ( 0.000000000000000000, 0.7071067811865434649, -0.7071067811865515695 ) ) ;
#4854 = ORIENTED_EDGE ( 'NONE', *, *, #4691, .T. ) ;
#4855 = ORIENTED_EDGE ( 'NONE', *, *, #851, .F. ) ;
#4856 = ORIENTED_EDGE ( 'NONE', *, *, #920, .F. ) ;
#4857 = VECTOR ( 'NONE', #2085, 39.37007874015748143 ) ;
#4858 = DIRECTION ( 'NONE',  ( 0.000000000000000000, -1.000000000000000000, -0.000000000000000000 ) ) ;
#4859 = EDGE_LOOP ( 'NONE', ( #6389, #2821, #1857, #1531, #4746, #5994, #1508 ) ) ;
#4860 = ORIENTED_EDGE ( 'NONE', *, *, #944, .F. ) ;
#4861 = CARTESIAN_POINT ( 'NONE',  ( 5.875000000000000888, 0.7499999999999998890, 1.875000000000000000 ) ) ;
#4862 = DIRECTION ( 'NONE',  ( 0.000000000000000000, -1.000000000000000000, 0.000000000000000000 ) ) ;
#4863 = ORIENTED_EDGE ( 'NONE', *, *, #5539, .F. ) ;
#4864 = EDGE_CURVE ( 'NONE', #2314, #6400, #2018, .T. ) ;
#4865 = EDGE_CURVE ( 'NONE', #936, #3899, #1949, .T. ) ;
#4866 = ORIENTED_EDGE ( 'NONE', *, *, #2144, .T. ) ;
#4867 = CARTESIAN_POINT ( 'NONE',  ( 6.375000000000001776, 1.000000000000000000, -0.7499999999999997780 ) ) ;
#4868 = AXIS2_PLACEMENT_3D ( 'NONE', #3997, #380, #5850 ) ;
#4869 = DIRECTION ( 'NONE',  ( 1.000000000000000000, 0.000000000000000000, 0.000000000000000000 ) ) ;
#4870 = VECTOR ( 'NONE', #5952, 39.37007874015748143 ) ;
#4871 = ORIENTED_EDGE ( 'NONE', *, *, #4864, .T. ) ;
#4872 = VECTOR ( 'NONE', #2169, 39.37007874015748143 ) ;
#4873 = ADVANCED_FACE ( 'NONE', ( #2908 ), #3460, .T. ) ;
#4874 = ORIENTED_EDGE ( 'NONE', *, *, #1337, .T. ) ;
#4875 = AXIS2_PLACEMENT_3D ( 'NONE', #4343, #1376, #2390 ) ;
#4876 = DIRECTION ( 'NONE',  ( 0.000000000000000000, 0.000000000000000000, 1.000000000000000000 ) ) ;
#4877 = VERTEX_POINT ( 'NONE', #6381 ) ;
#4878 = CARTESIAN_POINT ( 'NONE',  ( 5.624999999999969802, -0.3749999999999999445, 1.750000000000000222 ) ) ;
#4879 = DIRECTION ( 'NONE',  ( -1.000000000000000000, 0.000000000000000000, 4.370956789862818684E-16 ) ) ;
#4880 = DIRECTION ( 'NONE',  ( 0.000000000000000000, -0.7071067811865455743, 0.7071067811865494601 ) ) ;
#4881 = VECTOR ( 'NONE', #5892, 39.37007874015748143 ) ;
#4882 = DIRECTION ( 'NONE',  ( -1.000000000000000000, 0.000000000000000000, 0.000000000000000000 ) ) ;
#4883 = EDGE_CURVE ( 'NONE', #5479, #2087, #5405, .T. ) ;
#4884 = ORIENTED_EDGE ( 'NONE', *, *, #5119, .F. ) ;
#4885 = ORIENTED_EDGE ( 'NONE', *, *, #4802, .F. ) ;
#4886 = DIRECTION ( 'NONE',  ( 1.000000000000000000, 0.000000000000000000, 0.000000000000000000 ) ) ;
#4887 = ORIENTED_EDGE ( 'NONE', *, *, #3765, .T. ) ;
#4888 = PLANE ( 'NONE',  #5493 ) ;
#4889 = VECTOR ( 'NONE', #2285, 39.37007874015748143 ) ;
#4890 = DIRECTION ( 'NONE',  ( -1.000000000000000000, 0.000000000000000000, 0.000000000000000000 ) ) ;
#4891 = CARTESIAN_POINT ( 'NONE',  ( 5.374999999999969802, -0.2500000000000000000, -0.7499999999999998890 ) ) ;
#4892 = ORIENTED_EDGE ( 'NONE', *, *, #2088, .T. ) ;
#4893 = VERTEX_POINT ( 'NONE', #4981 ) ;
#4894 = DIRECTION ( 'NONE',  ( 1.000000000000000000, -0.000000000000000000, -0.000000000000000000 ) ) ;
#4895 = CARTESIAN_POINT ( 'NONE',  ( 6.625000000000001776, 1.000000000000000000, -0.7499999999999997780 ) ) ;
#4896 = ORIENTED_EDGE ( 'NONE', *, *, #285, .T. ) ;
#4897 = VECTOR ( 'NONE', #1197, 39.37007874015748143 ) ;
#4898 = CIRCLE ( 'NONE', #4481, 1.250000000000000000 ) ;
#4899 = ORIENTED_EDGE ( 'NONE', *, *, #5468, .T. ) ;
#4900 = EDGE_CURVE ( 'NONE', #6050, #390, #4369, .T. ) ;
#4901 = CARTESIAN_POINT ( 'NONE',  ( 5.374999999999969802, 0.02499999999999946362, 1.774999999999999689 ) ) ;
#4902 = PLANE ( 'NONE',  #1823 ) ;
#4903 = ADVANCED_FACE ( 'NONE', ( #6038 ), #6108, .F. ) ;
#4904 = VERTEX_POINT ( 'NONE', #152 ) ;
#4905 = EDGE_CURVE ( 'NONE', #2554, #70, #1283, .T. ) ;
#4906 = ORIENTED_EDGE ( 'NONE', *, *, #1564, .T. ) ;
#4907 = FACE_OUTER_BOUND ( 'NONE', #1004, .T. ) ;
#4908 = ORIENTED_EDGE ( 'NONE', *, *, #5423, .T. ) ;
#4909 = DIRECTION ( 'NONE',  ( 0.000000000000000000, 1.000000000000000000, 0.000000000000000000 ) ) ;
#4910 = FACE_OUTER_BOUND ( 'NONE', #3279, .T. ) ;
#4911 = EDGE_CURVE ( 'NONE', #874, #5294, #2141, .T. ) ;
#4912 = CARTESIAN_POINT ( 'NONE',  ( 7.625000000000000888, 1.000000000000000000, -0.6249999999999996669 ) ) ;
#4913 = EDGE_CURVE ( 'NONE', #5452, #190, #183, .T. ) ;
#4914 = PLANE ( 'NONE',  #3101 ) ;
#4915 = VERTEX_POINT ( 'NONE', #5619 ) ;
#4916 = ORIENTED_EDGE ( 'NONE', *, *, #663, .T. ) ;
#4917 = PLANE ( 'NONE',  #1430 ) ;
#4918 = ORIENTED_EDGE ( 'NONE', *, *, #88, .T. ) ;
#4919 = CARTESIAN_POINT ( 'NONE',  ( 7.375000000000000888, 0.1250000000000000278, -1.715000000000000080 ) ) ;
#4920 = DIRECTION ( 'NONE',  ( -0.000000000000000000, -0.7071067811865456854, -0.7071067811865493491 ) ) ;
#4921 = ADVANCED_FACE ( 'NONE', ( #2108 ), #4579, .T. ) ;
#4922 = CARTESIAN_POINT ( 'NONE',  ( 5.374999999999969802, -0.3749999999999999445, 1.750000000000000222 ) ) ;
#4923 = ORIENTED_EDGE ( 'NONE', *, *, #1001, .F. ) ;
#4924 = VERTEX_POINT ( 'NONE', #1153 ) ;
#4925 = VECTOR ( 'NONE', #5143, 39.37007874015748143 ) ;
#4926 = CARTESIAN_POINT ( 'NONE',  ( 6.375000000000001776, 0.9999999999999995559, -0.3250000000000000666 ) ) ;
#4927 = EDGE_CURVE ( 'NONE', #1547, #2892, #1576, .T. ) ;
#4928 = PLANE ( 'NONE',  #4521 ) ;
#4929 = CARTESIAN_POINT ( 'NONE',  ( 5.624999999999969802, 0.000000000000000000, 1.750000000000000222 ) ) ;
#4930 = AXIS2_PLACEMENT_3D ( 'NONE', #2721, #140, #4703 ) ;
#4931 = DIRECTION ( 'NONE',  ( 0.000000000000000000, 0.1112049598361636860, 0.9937974929067980856 ) ) ;
#4932 = EDGE_LOOP ( 'NONE', ( #2698, #3411, #1134, #2415 ) ) ;
#4933 = DIRECTION ( 'NONE',  ( 1.000000000000000000, 0.000000000000000000, 0.000000000000000000 ) ) ;
#4934 = VECTOR ( 'NONE', #1841, 39.37007874015748854 ) ;
#4935 = LINE ( 'NONE', #3053, #6279 ) ;
#4936 = ORIENTED_EDGE ( 'NONE', *, *, #897, .F. ) ;
#4937 = VECTOR ( 'NONE', #5568, 39.37007874015748143 ) ;
#4938 = VECTOR ( 'NONE', #4414, 39.37007874015748143 ) ;
#4939 = ORIENTED_EDGE ( 'NONE', *, *, #685, .T. ) ;
#4940 = DIRECTION ( 'NONE',  ( 0.000000000000000000, 0.8673221464219590393, -0.4977472193051467597 ) ) ;
#4941 = ORIENTED_EDGE ( 'NONE', *, *, #857, .F. ) ;
#4942 = CARTESIAN_POINT ( 'NONE',  ( 5.875000000000000888, -1.036747897645823535, 0.5692453116553131132 ) ) ;
#4943 = CARTESIAN_POINT ( 'NONE',  ( 7.375000000000000888, 1.000000000000000000, 1.750000000000000222 ) ) ;
#4944 = CARTESIAN_POINT ( 'NONE',  ( 7.875000000000000888, 0.000000000000000000, -1.374999999999999778 ) ) ;
#4945 = DIRECTION ( 'NONE',  ( -1.000000000000000000, 0.000000000000000000, 0.000000000000000000 ) ) ;
#4946 = ORIENTED_EDGE ( 'NONE', *, *, #3146, .T. ) ;
#4947 = EDGE_CURVE ( 'NONE', #3899, #4130, #3576, .T. ) ;
#4948 = ADVANCED_FACE ( 'NONE', ( #5134 ), #1708, .T. ) ;
#4949 = PLANE ( 'NONE',  #3129 ) ;
#4950 = ORIENTED_EDGE ( 'NONE', *, *, #3214, .F. ) ;
#4951 = CARTESIAN_POINT ( 'NONE',  ( 6.625000000000001776, 1.124999999999999556, -0.3250000000000000666 ) ) ;
#4952 = CARTESIAN_POINT ( 'NONE',  ( 7.625000000000000888, -0.5800000000000000711, -0.5800000000000021805 ) ) ;
#4953 = LINE ( 'NONE', #5991, #1912 ) ;
#4954 = CARTESIAN_POINT ( 'NONE',  ( 6.375000000000001776, 1.000000000000000000, 1.250000000000000000 ) ) ;
#4955 = EDGE_CURVE ( 'NONE', #731, #4622, #2171, .T. ) ;
#4956 = ORIENTED_EDGE ( 'NONE', *, *, #1119, .T. ) ;
#4957 = ORIENTED_EDGE ( 'NONE', *, *, #381, .F. ) ;
#4958 = VECTOR ( 'NONE', #4574, 39.37007874015748143 ) ;
#4959 = DIRECTION ( 'NONE',  ( 0.000000000000000000, -1.000000000000000000, 0.000000000000000000 ) ) ;
#4960 = DIRECTION ( 'NONE',  ( 0.000000000000000000, 0.000000000000000000, 1.000000000000000000 ) ) ;
#4961 = DIRECTION ( 'NONE',  ( -0.000000000000000000, -0.7071067811865459074, -0.7071067811865490160 ) ) ;
#4962 = CARTESIAN_POINT ( 'NONE',  ( 7.375000000000000888, 0.9999999999999995559, -0.6749999999999996003 ) ) ;
#4963 = EDGE_CURVE ( 'NONE', #1464, #1645, #1287, .T. ) ;
#4964 = ORIENTED_EDGE ( 'NONE', *, *, #3499, .F. ) ;
#4965 = PLANE ( 'NONE',  #6328 ) ;
#4966 = DIRECTION ( 'NONE',  ( 0.000000000000000000, -1.000000000000000000, -0.000000000000000000 ) ) ;
#4967 = ORIENTED_EDGE ( 'NONE', *, *, #1689, .T. ) ;
#4968 = ORIENTED_EDGE ( 'NONE', *, *, #1170, .T. ) ;
#4969 = AXIS2_PLACEMENT_3D ( 'NONE', #2706, #315, #2308 ) ;
#4970 = CARTESIAN_POINT ( 'NONE',  ( 5.624999999999969802, 0.06499999999999993283, 1.224999999999999423 ) ) ;
#4971 = EDGE_LOOP ( 'NONE', ( #4263, #910, #642, #5580 ) ) ;
#4972 = CARTESIAN_POINT ( 'NONE',  ( 5.624999999999969802, 0.000000000000000000, -0.6250000000000001110 ) ) ;
#4973 = LINE ( 'NONE', #2406, #4232 ) ;
#4974 = CARTESIAN_POINT ( 'NONE',  ( 7.375000000000000888, 0.1634595704905428826, 1.559396714325895994 ) ) ;
#4975 = DIRECTION ( 'NONE',  ( 0.000000000000000000, 0.000000000000000000, -1.000000000000000000 ) ) ;
#4976 = VECTOR ( 'NONE', #5132, 39.37007874015748143 ) ;
#4977 = AXIS2_PLACEMENT_3D ( 'NONE', #3429, #5958, #4430 ) ;
#4978 = ORIENTED_EDGE ( 'NONE', *, *, #2305, .T. ) ;
#4979 = CARTESIAN_POINT ( 'NONE',  ( 5.374999999999969802, -0.2500000000000000000, 1.124999999999999778 ) ) ;
#4980 = ORIENTED_EDGE ( 'NONE', *, *, #2153, .F. ) ;
#4981 = CARTESIAN_POINT ( 'NONE',  ( 7.625000000000000888, -0.2500000000000000000, -1.625000000000000000 ) ) ;
#4982 = VECTOR ( 'NONE', #246, 39.37007874015748143 ) ;
#4983 = CARTESIAN_POINT ( 'NONE',  ( 5.975000000000000533, 0.1732050807568892847, -0.8999999999999995781 ) ) ;
#4984 = EDGE_CURVE ( 'NONE', #2311, #518, #5652, .T. ) ;
#4985 = AXIS2_PLACEMENT_3D ( 'NONE', #261, #2253, #4240 ) ;
#4986 = FACE_OUTER_BOUND ( 'NONE', #5305, .T. ) ;
#4987 = EDGE_CURVE ( 'NONE', #4203, #3054, #213, .T. ) ;
#4988 = EDGE_CURVE ( 'NONE', #4687, #1671, #5064, .T. ) ;
#4989 = DIRECTION ( 'NONE',  ( -0.000000000000000000, 0.000000000000000000, -1.000000000000000000 ) ) ;
#4990 = CARTESIAN_POINT ( 'NONE',  ( 7.375000000000000888, 1.124999999999999556, -0.6749999999999996003 ) ) ;
#4991 = ORIENTED_EDGE ( 'NONE', *, *, #3473, .T. ) ;
#4992 = ORIENTED_EDGE ( 'NONE', *, *, #1770, .T. ) ;
#4993 = CARTESIAN_POINT ( 'NONE',  ( 7.375000000000000888, 0.7499999999999998890, -0.1250000000000001665 ) ) ;
#4994 = DIRECTION ( 'NONE',  ( 0.000000000000000000, 1.000000000000000000, 0.000000000000000000 ) ) ;
#4995 = PLANE ( 'NONE',  #4658 ) ;
#4996 = EDGE_CURVE ( 'NONE', #5751, #1502, #1613, .T. ) ;
#4997 = AXIS2_PLACEMENT_3D ( 'NONE', #2619, #5499, #1103 ) ;
#4998 = DIRECTION ( 'NONE',  ( 0.000000000000000000, 1.000000000000000000, 0.000000000000000000 ) ) ;
#4999 = EDGE_LOOP ( 'NONE', ( #371, #2451, #5913, #4379 ) ) ;
#5000 = DIRECTION ( 'NONE',  ( 1.000000000000000000, -0.000000000000000000, -0.000000000000000000 ) ) ;
#5001 = CARTESIAN_POINT ( 'NONE',  ( 7.625000000000000888, -0.2500000000000000000, -1.675000000000000044 ) ) ;
#5002 = VERTEX_POINT ( 'NONE', #1114 ) ;
#5003 = EDGE_CURVE ( 'NONE', #3653, #780, #1343, .T. ) ;
#5004 = AXIS2_PLACEMENT_3D ( 'NONE', #5312, #1991, #4049 ) ;
#5005 = ORIENTED_EDGE ( 'NONE', *, *, #2097, .F. ) ;
#5006 = DIRECTION ( 'NONE',  ( 0.000000000000000000, -1.000000000000000000, 0.000000000000000000 ) ) ;
#5007 = VERTEX_POINT ( 'NONE', #5814 ) ;
#5008 = VECTOR ( 'NONE', #986, 39.37007874015748143 ) ;
#5009 = CARTESIAN_POINT ( 'NONE',  ( 7.875000000000000888, 0.6249999999999998890, 1.875000000000000000 ) ) ;
#5010 = FACE_OUTER_BOUND ( 'NONE', #2050, .T. ) ;
#5011 = LINE ( 'NONE', #1553, #2061 ) ;
#5012 = CARTESIAN_POINT ( 'NONE',  ( 5.624999999999969802, 0.06499999999999993283, 1.775000000000000355 ) ) ;
#5013 = CARTESIAN_POINT ( 'NONE',  ( 5.624999999999969802, -0.3749999999999999445, 1.750000000000000222 ) ) ;
#5014 = VERTEX_POINT ( 'NONE', #14 ) ;
#5015 = DIRECTION ( 'NONE',  ( -1.609756867909053294E-15, -0.7071067811865490160, -0.7071067811865459074 ) ) ;
#5016 = FACE_OUTER_BOUND ( 'NONE', #3427, .T. ) ;
#5017 = LINE ( 'NONE', #5406, #912 ) ;
#5018 = CARTESIAN_POINT ( 'NONE',  ( 6.625000000000001776, 1.124999999999999556, -0.7149999999999996358 ) ) ;
#5019 = LINE ( 'NONE', #2056, #5552 ) ;
#5020 = PLANE ( 'NONE',  #4702 ) ;
#5021 = ORIENTED_EDGE ( 'NONE', *, *, #818, .F. ) ;
#5022 = ORIENTED_EDGE ( 'NONE', *, *, #1787, .T. ) ;
#5023 = DIRECTION ( 'NONE',  ( -0.000000000000000000, 0.000000000000000000, -1.000000000000000000 ) ) ;
#5024 = CARTESIAN_POINT ( 'NONE',  ( 7.875000000000000888, 0.7499999999999998890, 1.324999999999999956 ) ) ;
#5025 = ORIENTED_EDGE ( 'NONE', *, *, #4900, .F. ) ;
#5026 = LINE ( 'NONE', #5447, #3967 ) ;
#5027 = ORIENTED_EDGE ( 'NONE', *, *, #1379, .T. ) ;
#5028 = EDGE_CURVE ( 'NONE', #2766, #5890, #1477, .T. ) ;
#5029 = CARTESIAN_POINT ( 'NONE',  ( 7.625000000000000888, 1.024999999999999911, 1.774999999999999467 ) ) ;
#5030 = ADVANCED_FACE ( 'NONE', ( #3708 ), #732, .T. ) ;
#5031 = FACE_OUTER_BOUND ( 'NONE', #3905, .T. ) ;
#5032 = ORIENTED_EDGE ( 'NONE', *, *, #742, .F. ) ;
#5033 = DIRECTION ( 'NONE',  ( 0.000000000000000000, 0.000000000000000000, -1.000000000000000000 ) ) ;
#5034 = LINE ( 'NONE', #4025, #5110 ) ;
#5035 = ORIENTED_EDGE ( 'NONE', *, *, #263, .T. ) ;
#5036 = AXIS2_PLACEMENT_3D ( 'NONE', #4252, #4646, #4219 ) ;
#5037 = ORIENTED_EDGE ( 'NONE', *, *, #3710, .F. ) ;
#5038 = CARTESIAN_POINT ( 'NONE',  ( 5.374999999999969802, -0.2500000000000000000, 1.250000000000000000 ) ) ;
#5039 = ADVANCED_FACE ( 'NONE', ( #3122, #2631 ), #4612, .T. ) ;
#5040 = ORIENTED_EDGE ( 'NONE', *, *, #1221, .F. ) ;
#5041 = FACE_OUTER_BOUND ( 'NONE', #4328, .T. ) ;
#5042 = CARTESIAN_POINT ( 'NONE',  ( 5.999999999999999112, 0.7499999999999998890, -0.8749999999999997780 ) ) ;
#5043 = FACE_OUTER_BOUND ( 'NONE', #3095, .T. ) ;
#5044 = AXIS2_PLACEMENT_3D ( 'NONE', #6231, #4562, #5674 ) ;
#5045 = CARTESIAN_POINT ( 'NONE',  ( 7.875000000000000888, -0.2500000000000000000, -1.324999999999999734 ) ) ;
#5046 = LINE ( 'NONE', #681, #620 ) ;
#5047 = ADVANCED_FACE ( 'NONE', ( #3157 ), #1350, .T. ) ;
#5048 = EDGE_LOOP ( 'NONE', ( #1532, #5136, #1308, #1618 ) ) ;
#5049 = CARTESIAN_POINT ( 'NONE',  ( 5.875000000000000000, -0.2708333333333332038, 1.605662432702577469 ) ) ;
#5050 = CARTESIAN_POINT ( 'NONE',  ( 6.375000000000001776, 1.024999999999999689, -0.7749999999999994671 ) ) ;
#5051 = LINE ( 'NONE', #5120, #5708 ) ;
#5052 = CARTESIAN_POINT ( 'NONE',  ( 6.375000000000001776, 0.9199999999999997069, -0.9200000000000049249 ) ) ;
#5053 = CARTESIAN_POINT ( 'NONE',  ( 7.625000000000000888, 0.000000000000000000, -1.750000000000000000 ) ) ;
#5054 = DIRECTION ( 'NONE',  ( 0.000000000000000000, 0.000000000000000000, 1.000000000000000000 ) ) ;
#5055 = DIRECTION ( 'NONE',  ( 1.000000000000000000, 0.000000000000000000, 0.000000000000000000 ) ) ;
#5056 = LINE ( 'NONE', #4990, #2626 ) ;
#5057 = VERTEX_POINT ( 'NONE', #1780 ) ;
#5058 = VERTEX_POINT ( 'NONE', #798 ) ;
#5059 = DIRECTION ( 'NONE',  ( 1.365923996832131363E-16, 0.000000000000000000, 1.000000000000000000 ) ) ;
#5060 = LINE ( 'NONE', #4016, #464 ) ;
#5061 = DIRECTION ( 'NONE',  ( 0.000000000000000000, -1.000000000000000000, 3.414809992080307034E-15 ) ) ;
#5062 = ORIENTED_EDGE ( 'NONE', *, *, #1896, .T. ) ;
#5063 = PLANE ( 'NONE',  #2071 ) ;
#5064 = LINE ( 'NONE', #596, #3327 ) ;
#5065 = CARTESIAN_POINT ( 'NONE',  ( 5.624999999999969802, -0.2500000000000000000, -0.3249999999999992895 ) ) ;
#5066 = EDGE_LOOP ( 'NONE', ( #1150, #1916, #541, #5520 ) ) ;
#5067 = VECTOR ( 'NONE', #6443, 39.37007874015748143 ) ;
#5068 = EDGE_CURVE ( 'NONE', #2493, #4203, #2794, .T. ) ;
#5069 = EDGE_CURVE ( 'NONE', #1555, #2613, #4346, .T. ) ;
#5070 = DIRECTION ( 'NONE',  ( 0.000000000000000000, 1.000000000000000000, 0.000000000000000000 ) ) ;
#5071 = ORIENTED_EDGE ( 'NONE', *, *, #4254, .F. ) ;
#5072 = ORIENTED_EDGE ( 'NONE', *, *, #4043, .F. ) ;
#5073 = CARTESIAN_POINT ( 'NONE',  ( 6.375000000000001776, 1.000000000000000000, -0.3750000000000001110 ) ) ;
#5074 = ORIENTED_EDGE ( 'NONE', *, *, #3892, .F. ) ;
#5075 = DIRECTION ( 'NONE',  ( 0.000000000000000000, 0.7071067811865435759, 0.7071067811865513475 ) ) ;
#5076 = LINE ( 'NONE', #4550, #2485 ) ;
#5077 = LINE ( 'NONE', #6048, #197 ) ;
#5078 = LINE ( 'NONE', #1031, #4024 ) ;
#5079 = ADVANCED_FACE ( 'NONE', ( #1258 ), #1744, .T. ) ;
#5080 = AXIS2_PLACEMENT_3D ( 'NONE', #3754, #1514, #3931 ) ;
#5081 = ORIENTED_EDGE ( 'NONE', *, *, #6433, .F. ) ;
#5082 = DIRECTION ( 'NONE',  ( 0.000000000000000000, 0.000000000000000000, 1.000000000000000000 ) ) ;
#5083 = ORIENTED_EDGE ( 'NONE', *, *, #623, .T. ) ;
#5084 = CARTESIAN_POINT ( 'NONE',  ( 6.375000000000001776, 0.000000000000000000, -1.750000000000000000 ) ) ;
#5085 = CARTESIAN_POINT ( 'NONE',  ( 6.375000000000001776, 0.7499999999999998890, -0.7499999999999997780 ) ) ;
#5086 = VECTOR ( 'NONE', #4324, 39.37007874015748143 ) ;
#5087 = DIRECTION ( 'NONE',  ( -1.000000000000000000, 0.000000000000000000, 0.000000000000000000 ) ) ;
#5088 = VECTOR ( 'NONE', #6047, 39.37007874015748143 ) ;
#5089 = EDGE_CURVE ( 'NONE', #3865, #3384, #121, .T. ) ;
#5090 = FACE_OUTER_BOUND ( 'NONE', #4447, .T. ) ;
#5091 = LINE ( 'NONE', #5124, #1681 ) ;
#5092 = ORIENTED_EDGE ( 'NONE', *, *, #3537, .F. ) ;
#5093 = AXIS2_PLACEMENT_3D ( 'NONE', #3387, #5852, #5359 ) ;
#5094 = DIRECTION ( 'NONE',  ( 0.000000000000000000, -0.2613289371208241119, 0.9652498052956552943 ) ) ;
#5095 =( CONVERSION_BASED_UNIT ( 'INCH', #4644 ) LENGTH_UNIT ( ) NAMED_UNIT ( #1682 ) );
#5096 = VECTOR ( 'NONE', #4459, 39.37007874015748143 ) ;
#5097 = FACE_BOUND ( 'NONE', #1567, .T. ) ;
#5098 = ORIENTED_EDGE ( 'NONE', *, *, #3604, .T. ) ;
#5099 = CARTESIAN_POINT ( 'NONE',  ( 6.375000000000001776, 0.1249999999999999445, 0.000000000000000000 ) ) ;
#5100 = DIRECTION ( 'NONE',  ( 0.5282251474259161972, -0.4302158443084425077, -0.7320468024196560286 ) ) ;
#5101 = VECTOR ( 'NONE', #65, 39.37007874015748143 ) ;
#5102 = CARTESIAN_POINT ( 'NONE',  ( 7.625000000000000888, 1.124999999999999556, -0.6749999999999996003 ) ) ;
#5103 = ORIENTED_EDGE ( 'NONE', *, *, #2105, .T. ) ;
#5104 = LINE ( 'NONE', #5623, #426 ) ;
#5105 = EDGE_CURVE ( 'NONE', #1277, #4524, #3055, .T. ) ;
#5106 = ORIENTED_EDGE ( 'NONE', *, *, #1922, .F. ) ;
#5107 = EDGE_LOOP ( 'NONE', ( #6444, #3115, #5589, #2877 ) ) ;
#5108 = CARTESIAN_POINT ( 'NONE',  ( 6.625000000000001776, 1.124999999999999556, -0.7149999999999996358 ) ) ;
#5109 = ORIENTED_EDGE ( 'NONE', *, *, #623, .F. ) ;
#5110 = VECTOR ( 'NONE', #4617, 39.37007874015748143 ) ;
#5111 = LINE ( 'NONE', #6116, #6200 ) ;
#5112 = CARTESIAN_POINT ( 'NONE',  ( 6.625000000000001776, 1.064999999999999503, 1.774999999999999467 ) ) ;
#5113 = CARTESIAN_POINT ( 'NONE',  ( 5.831217012045789794, -0.8115105935338446930, -0.1249999999999998473 ) ) ;
#5114 = VECTOR ( 'NONE', #6061, 39.37007874015748143 ) ;
#5115 = ORIENTED_EDGE ( 'NONE', *, *, #283, .T. ) ;
#5116 = DIRECTION ( 'NONE',  ( 0.000000000000000000, -0.000000000000000000, -1.000000000000000000 ) ) ;
#5117 = ORIENTED_EDGE ( 'NONE', *, *, #2475, .T. ) ;
#5118 = FACE_OUTER_BOUND ( 'NONE', #2458, .T. ) ;
#5119 = EDGE_CURVE ( 'NONE', #83, #3840, #2075, .T. ) ;
#5120 = CARTESIAN_POINT ( 'NONE',  ( 6.375000000000001776, 1.124999999999999556, -0.7149999999999996358 ) ) ;
#5121 = EDGE_CURVE ( 'NONE', #2265, #5622, #3610, .T. ) ;
#5122 = CARTESIAN_POINT ( 'NONE',  ( 7.625000000000000888, 1.064999999999999503, 1.774999999999999467 ) ) ;
#5123 = LINE ( 'NONE', #4142, #5446 ) ;
#5124 = CARTESIAN_POINT ( 'NONE',  ( 5.624999999999969802, 0.1250000000000001110, -0.6750000000000001554 ) ) ;
#5125 = EDGE_LOOP ( 'NONE', ( #2993, #3393, #1725, #3344 ) ) ;
#5126 = EDGE_CURVE ( 'NONE', #5942, #3854, #2585, .T. ) ;
#5127 = LINE ( 'NONE', #6167, #4833 ) ;
#5128 = LINE ( 'NONE', #4642, #5450 ) ;
#5129 = CARTESIAN_POINT ( 'NONE',  ( 7.875000000000000888, 0.000000000000000000, -1.625000000000000000 ) ) ;
#5130 = FACE_BOUND ( 'NONE', #5241, .T. ) ;
#5131 = ORIENTED_EDGE ( 'NONE', *, *, #5984, .T. ) ;
#5132 = DIRECTION ( 'NONE',  ( 0.000000000000000000, -1.000000000000000000, 0.000000000000000000 ) ) ;
#5133 = EDGE_CURVE ( 'NONE', #2692, #5263, #2104, .T. ) ;
#5134 = FACE_OUTER_BOUND ( 'NONE', #3424, .T. ) ;
#5135 = CARTESIAN_POINT ( 'NONE',  ( 5.875000000000000888, 0.6249999999999998890, 1.875000000000000000 ) ) ;
#5136 = ORIENTED_EDGE ( 'NONE', *, *, #5189, .F. ) ;
#5137 = CARTESIAN_POINT ( 'NONE',  ( 6.000000000000000888, 0.000000000000000000, 0.000000000000000000 ) ) ;
#5138 = ORIENTED_EDGE ( 'NONE', *, *, #2889, .T. ) ;
#5139 = ORIENTED_EDGE ( 'NONE', *, *, #4661, .T. ) ;
#5140 = CARTESIAN_POINT ( 'NONE',  ( 6.375000000000001776, 0.9999999999999995559, -0.6749999999999996003 ) ) ;
#5141 = EDGE_LOOP ( 'NONE', ( #2241, #4941, #5222, #3996 ) ) ;
#5142 = VECTOR ( 'NONE', #5015, 39.37007874015748854 ) ;
#5143 = DIRECTION ( 'NONE',  ( 0.000000000000000000, -1.000000000000000000, -0.000000000000000000 ) ) ;
#5144 = PLANE ( 'NONE',  #5911 ) ;
#5145 = PLANE ( 'NONE',  #89 ) ;
#5146 = CARTESIAN_POINT ( 'NONE',  ( 5.875000000000000888, -0.8487899323599074064, -0.1249999999999998335 ) ) ;
#5147 = AXIS2_PLACEMENT_3D ( 'NONE', #2448, #6417, #4989 ) ;
#5148 = ORIENTED_EDGE ( 'NONE', *, *, #6142, .T. ) ;
#5149 = LINE ( 'NONE', #5600, #1969 ) ;
#5150 = ORIENTED_EDGE ( 'NONE', *, *, #3377, .T. ) ;
#5151 = CARTESIAN_POINT ( 'NONE',  ( 6.375000000000000888, 0.005845022163388786073, 1.451619223684481375 ) ) ;
#5152 = CARTESIAN_POINT ( 'NONE',  ( 7.375000000000000888, 1.124999999999999556, -0.7149999999999996358 ) ) ;
#5153 = VECTOR ( 'NONE', #3862, 39.37007874015748143 ) ;
#5154 = PLANE ( 'NONE',  #2610 ) ;
#5155 = EDGE_CURVE ( 'NONE', #2403, #6110, #130, .T. ) ;
#5156 = CARTESIAN_POINT ( 'NONE',  ( 7.375000000000000888, 0.7499999999999998890, 1.250000000000000000 ) ) ;
#5157 = ADVANCED_FACE ( 'NONE', ( #3243 ), #2498, .T. ) ;
#5158 = FACE_OUTER_BOUND ( 'NONE', #3258, .T. ) ;
#5159 = ORIENTED_EDGE ( 'NONE', *, *, #694, .T. ) ;
#5160 = CARTESIAN_POINT ( 'NONE',  ( 7.625000000000000888, 0.1249999999999999445, 0.000000000000000000 ) ) ;
#5161 = DIRECTION ( 'NONE',  ( 1.000000000000000000, 0.000000000000000000, 0.000000000000000000 ) ) ;
#5162 = DIRECTION ( 'NONE',  ( 0.000000000000000000, 0.000000000000000000, -1.000000000000000000 ) ) ;
#5163 = LINE ( 'NONE', #210, #4514 ) ;
#5164 = EDGE_CURVE ( 'NONE', #4449, #6115, #3556, .T. ) ;
#5165 = ORIENTED_EDGE ( 'NONE', *, *, #1247, .F. ) ;
#5166 = DIRECTION ( 'NONE',  ( 0.000000000000000000, 0.7071067811865454633, -0.7071067811865494601 ) ) ;
#5167 = CARTESIAN_POINT ( 'NONE',  ( 7.875000000000000888, 0.6249999999999998890, 1.875000000000000000 ) ) ;
#5168 = CARTESIAN_POINT ( 'NONE',  ( 6.375000000000001776, 0.7499999999999998890, 1.250000000000000000 ) ) ;
#5169 = ORIENTED_EDGE ( 'NONE', *, *, #3960, .T. ) ;
#5170 = EDGE_CURVE ( 'NONE', #6298, #2789, #704, .T. ) ;
#5171 = DIRECTION ( 'NONE',  ( 0.000000000000000000, -1.000000000000000000, -0.000000000000000000 ) ) ;
#5172 = ORIENTED_EDGE ( 'NONE', *, *, #1414, .F. ) ;
#5173 = CARTESIAN_POINT ( 'NONE',  ( 5.875000000000000888, 0.000000000000000000, -1.000000000000000888 ) ) ;
#5174 = ORIENTED_EDGE ( 'NONE', *, *, #5632, .T. ) ;
#5175 = PRESENTATION_LAYER_ASSIGNMENT (  '', '', ( #3722 ) ) ;
#5176 = DIRECTION ( 'NONE',  ( 0.000000000000000000, 1.000000000000000000, 0.000000000000000000 ) ) ;
#5177 = CARTESIAN_POINT ( 'NONE',  ( 7.875000000000000888, 0.7499999999999998890, -0.6749999999999996003 ) ) ;
#5178 = CARTESIAN_POINT ( 'NONE',  ( 7.375000000000000888, 0.1250000000000000278, -1.675000000000000044 ) ) ;
#5179 = ORIENTED_EDGE ( 'NONE', *, *, #5902, .T. ) ;
#5180 = LINE ( 'NONE', #6090, #1449 ) ;
#5181 = ORIENTED_EDGE ( 'NONE', *, *, #1646, .F. ) ;
#5182 = LINE ( 'NONE', #719, #5288 ) ;
#5183 = PLANE ( 'NONE',  #4580 ) ;
#5184 = VECTOR ( 'NONE', #6014, 39.37007874015748854 ) ;
#5185 = LINE ( 'NONE', #724, #4003 ) ;
#5186 = DIRECTION ( 'NONE',  ( 0.000000000000000000, 0.000000000000000000, 1.000000000000000000 ) ) ;
#5187 = EDGE_CURVE ( 'NONE', #6036, #3194, #6208, .T. ) ;
#5188 = ORIENTED_EDGE ( 'NONE', *, *, #1002, .T. ) ;
#5189 = EDGE_CURVE ( 'NONE', #2872, #6420, #904, .T. ) ;
#5190 = VECTOR ( 'NONE', #6181, 39.37007874015748143 ) ;
#5191 = EDGE_CURVE ( 'NONE', #6265, #31, #6445, .T. ) ;
#5192 = CARTESIAN_POINT ( 'NONE',  ( 5.374999999999969802, -0.2500000000000000000, -1.625000000000000000 ) ) ;
#5193 = VECTOR ( 'NONE', #5412, 39.37007874015748143 ) ;
#5194 = CARTESIAN_POINT ( 'NONE',  ( 6.375000000000001776, 1.124999999999999556, -0.2850000000000000866 ) ) ;
#5195 = VECTOR ( 'NONE', #1526, 39.37007874015748143 ) ;
#5196 = ORIENTED_EDGE ( 'NONE', *, *, #5516, .F. ) ;
#5197 = DIRECTION ( 'NONE',  ( 0.000000000000000000, -1.000000000000000000, 2.185478394931410180E-15 ) ) ;
#5198 = DIRECTION ( 'NONE',  ( -1.000000000000000000, 0.000000000000000000, 0.000000000000000000 ) ) ;
#5199 = EDGE_CURVE ( 'NONE', #6388, #3865, #3941, .T. ) ;
#5200 = EDGE_CURVE ( 'NONE', #1286, #1599, #3458, .T. ) ;
#5201 = AXIS2_PLACEMENT_3D ( 'NONE', #3204, #650, #1662 ) ;
#5202 = CARTESIAN_POINT ( 'NONE',  ( 5.833874730773594308, -0.5267342345763557088, -1.208874730773598971 ) ) ;
#5203 = ORIENTED_EDGE ( 'NONE', *, *, #5313, .F. ) ;
#5204 = CARTESIAN_POINT ( 'NONE',  ( 5.624999999999969802, 0.000000000000000000, 1.750000000000000222 ) ) ;
#5205 = ORIENTED_EDGE ( 'NONE', *, *, #313, .T. ) ;
#5206 = CARTESIAN_POINT ( 'NONE',  ( 5.624999999999969802, 0.000000000000000000, -0.3749999999999992784 ) ) ;
#5207 = ORIENTED_EDGE ( 'NONE', *, *, #5747, .F. ) ;
#5208 = EDGE_CURVE ( 'NONE', #1010, #2864, #1493, .T. ) ;
#5209 = LINE ( 'NONE', #2216, #3744 ) ;
#5210 = LINE ( 'NONE', #2646, #2902 ) ;
#5211 = DIRECTION ( 'NONE',  ( 1.000000000000000000, 0.000000000000000000, 0.000000000000000000 ) ) ;
#5212 = VERTEX_POINT ( 'NONE', #2016 ) ;
#5213 = CARTESIAN_POINT ( 'NONE',  ( 6.625000000000001776, 1.064999999999999947, -0.7749999999999996891 ) ) ;
#5214 = EDGE_LOOP ( 'NONE', ( #3546, #5326 ) ) ;
#5215 = DIRECTION ( 'NONE',  ( 1.000000000000000000, 0.000000000000000000, 0.000000000000000000 ) ) ;
#5216 = DIRECTION ( 'NONE',  ( -0.000000000000000000, 0.000000000000000000, -1.000000000000000000 ) ) ;
#5217 = LINE ( 'NONE', #290, #6246 ) ;
#5218 = AXIS2_PLACEMENT_3D ( 'NONE', #2552, #6421, #5935 ) ;
#5219 = CARTESIAN_POINT ( 'NONE',  ( 5.624999999999969802, 1.088470684975604861E-16, 1.324999999999999289 ) ) ;
#5220 = VERTEX_POINT ( 'NONE', #2906 ) ;
#5221 = DIRECTION ( 'NONE',  ( 0.000000000000000000, -1.000000000000000000, -0.000000000000000000 ) ) ;
#5222 = ORIENTED_EDGE ( 'NONE', *, *, #3046, .F. ) ;
#5223 = CARTESIAN_POINT ( 'NONE',  ( 7.875000000000000888, -0.9336610732109797972, 0.7488736096525724362 ) ) ;
#5224 = LINE ( 'NONE', #4707, #455 ) ;
#5225 = ORIENTED_EDGE ( 'NONE', *, *, #2539, .F. ) ;
#5226 = DIRECTION ( 'NONE',  ( 0.000000000000000000, -0.7071067811865455743, 0.7071067811865495711 ) ) ;
#5227 = FACE_OUTER_BOUND ( 'NONE', #2115, .T. ) ;
#5228 = CARTESIAN_POINT ( 'NONE',  ( 5.875000000000000888, -0.5000000000000001110, 0.4999999999999997224 ) ) ;
#5229 = DIRECTION ( 'NONE',  ( 0.000000000000000000, -1.000000000000000000, -0.000000000000000000 ) ) ;
#5230 = ORIENTED_EDGE ( 'NONE', *, *, #4797, .T. ) ;
#5231 = ADVANCED_FACE ( 'NONE', ( #2471 ), #3394, .F. ) ;
#5232 = EDGE_CURVE ( 'NONE', #4075, #2797, #5986, .T. ) ;
#5233 = ORIENTED_EDGE ( 'NONE', *, *, #1208, .T. ) ;
#5234 = CARTESIAN_POINT ( 'NONE',  ( 7.375000000000000888, 1.124999999999999778, 1.714999999999999858 ) ) ;
#5235 = VERTEX_POINT ( 'NONE', #2414 ) ;
#5236 = DIRECTION ( 'NONE',  ( 0.000000000000000000, 1.000000000000000000, 0.000000000000000000 ) ) ;
#5237 = CARTESIAN_POINT ( 'NONE',  ( 5.700775992597622022, -0.6986237884395506414, -0.1249999999999998751 ) ) ;
#5238 = ADVANCED_FACE ( 'NONE', ( #3973 ), #4396, .T. ) ;
#5239 = ORIENTED_EDGE ( 'NONE', *, *, #1099, .T. ) ;
#5240 = DIRECTION ( 'NONE',  ( 0.000000000000000000, 0.000000000000000000, -1.000000000000000000 ) ) ;
#5241 = EDGE_LOOP ( 'NONE', ( #6322, #3924, #3859, #3457 ) ) ;
#5242 = CARTESIAN_POINT ( 'NONE',  ( 6.625000000000001776, 1.000000000000000000, -0.7499999999999997780 ) ) ;
#5243 = DIRECTION ( 'NONE',  ( 0.000000000000000000, 0.000000000000000000, 1.000000000000000000 ) ) ;
#5244 = LINE ( 'NONE', #1204, #4474 ) ;
#5245 = VECTOR ( 'NONE', #2207, 39.37007874015748143 ) ;
#5246 = CARTESIAN_POINT ( 'NONE',  ( 7.375000000000000888, 0.6249999999999998890, -0.6249999999999956701 ) ) ;
#5247 = EDGE_CURVE ( 'NONE', #2929, #4924, #1918, .T. ) ;
#5248 = EDGE_LOOP ( 'NONE', ( #1963, #3332, #1976, #1711 ) ) ;
#5249 = PLANE ( 'NONE',  #3151 ) ;
#5250 = ORIENTED_EDGE ( 'NONE', *, *, #3362, .F. ) ;
#5251 = VECTOR ( 'NONE', #4497, 39.37007874015748143 ) ;
#5252 = VECTOR ( 'NONE', #3410, 39.37007874015748143 ) ;
#5253 = DIRECTION ( 'NONE',  ( 0.000000000000000000, 1.000000000000000000, 0.000000000000000000 ) ) ;
#5254 = EDGE_LOOP ( 'NONE', ( #3673, #6446, #929, #3846 ) ) ;
#5255 = VERTEX_POINT ( 'NONE', #969 ) ;
#5256 = CARTESIAN_POINT ( 'NONE',  ( 5.374999999999969802, 0.02499999999999945668, -0.2249999999999996447 ) ) ;
#5257 = LINE ( 'NONE', #3401, #3430 ) ;
#5258 = DIRECTION ( 'NONE',  ( 0.000000000000000000, -6.829619984160730819E-15, 1.000000000000000000 ) ) ;
#5259 = ORIENTED_EDGE ( 'NONE', *, *, #1702, .T. ) ;
#5260 = ORIENTED_EDGE ( 'NONE', *, *, #6114, .T. ) ;
#5261 = LINE ( 'NONE', #5173, #1331 ) ;
#5262 = ADVANCED_FACE ( 'NONE', ( #1003 ), #4917, .T. ) ;
#5263 = VERTEX_POINT ( 'NONE', #4979 ) ;
#5264 = ADVANCED_FACE ( 'NONE', ( #1524 ), #5494, .F. ) ;
#5265 = CARTESIAN_POINT ( 'NONE',  ( 7.875000000000000888, 0.000000000000000000, -1.374999999999999778 ) ) ;
#5266 = ORIENTED_EDGE ( 'NONE', *, *, #4947, .F. ) ;
#5267 = CARTESIAN_POINT ( 'NONE',  ( 7.375000000000000888, 0.9999999999999998890, 1.324999999999999956 ) ) ;
#5268 = ORIENTED_EDGE ( 'NONE', *, *, #5133, .F. ) ;
#5269 = DIRECTION ( 'NONE',  ( -1.000000000000000000, 0.000000000000000000, 0.000000000000000000 ) ) ;
#5270 = FACE_BOUND ( 'NONE', #5750, .T. ) ;
#5271 = FACE_OUTER_BOUND ( 'NONE', #3161, .T. ) ;
#5272 = EDGE_CURVE ( 'NONE', #2303, #4877, #6410, .T. ) ;
#5273 = CARTESIAN_POINT ( 'NONE',  ( 6.375000000000001776, -0.2500000000000000000, -1.750000000000000000 ) ) ;
#5274 = VECTOR ( 'NONE', #1521, 39.37007874015748854 ) ;
#5275 = CARTESIAN_POINT ( 'NONE',  ( 5.374999999999969802, 1.000000000000000222, 1.624999999999999778 ) ) ;
#5276 = VERTEX_POINT ( 'NONE', #5013 ) ;
#5277 = VERTEX_POINT ( 'NONE', #511 ) ;
#5278 = ADVANCED_FACE ( 'NONE', ( #2444 ), #481, .F. ) ;
#5279 = CARTESIAN_POINT ( 'NONE',  ( 5.374999999999969802, -0.5000000000000002220, 1.124999999999999556 ) ) ;
#5280 = VECTOR ( 'NONE', #1161, 39.37007874015748143 ) ;
#5281 = ORIENTED_EDGE ( 'NONE', *, *, #1999, .F. ) ;
#5282 = ORIENTED_EDGE ( 'NONE', *, *, #1579, .F. ) ;
#5283 = CARTESIAN_POINT ( 'NONE',  ( 6.625000000000001776, 1.024999999999999911, 1.774999999999999467 ) ) ;
#5284 = DIRECTION ( 'NONE',  ( 0.000000000000000000, 0.7071067811865462405, 0.7071067811865487940 ) ) ;
#5285 = DIRECTION ( 'NONE',  ( 0.000000000000000000, 0.000000000000000000, -1.000000000000000000 ) ) ;
#5286 = VECTOR ( 'NONE', #5317, 39.37007874015748143 ) ;
#5287 = ORIENTED_EDGE ( 'NONE', *, *, #6197, .F. ) ;
#5288 = VECTOR ( 'NONE', #2717, 39.37007874015748143 ) ;
#5289 = ORIENTED_EDGE ( 'NONE', *, *, #733, .T. ) ;
#5290 = VECTOR ( 'NONE', #1185, 39.37007874015748143 ) ;
#5291 = DIRECTION ( 'NONE',  ( 0.000000000000000000, 0.7071067811865490160, -0.7071067811865459074 ) ) ;
#5292 = VECTOR ( 'NONE', #3342, 39.37007874015748143 ) ;
#5293 = DIRECTION ( 'NONE',  ( 0.000000000000000000, 6.829619984160730819E-15, -1.000000000000000000 ) ) ;
#5294 = VERTEX_POINT ( 'NONE', #4493 ) ;
#5295 = EDGE_CURVE ( 'NONE', #4315, #4751, #2940, .T. ) ;
#5296 = ORIENTED_EDGE ( 'NONE', *, *, #882, .T. ) ;
#5297 = CARTESIAN_POINT ( 'NONE',  ( 5.374999999999990230, -0.3749999999999999445, -0.7499999999999998890 ) ) ;
#5298 = ORIENTED_EDGE ( 'NONE', *, *, #2014, .F. ) ;
#5299 = CARTESIAN_POINT ( 'NONE',  ( 6.625000000000001776, 1.000000000000000000, -0.2499999999999998057 ) ) ;
#5300 = DIRECTION ( 'NONE',  ( 0.000000000000000000, 0.000000000000000000, 1.000000000000000000 ) ) ;
#5301 = DIRECTION ( 'NONE',  ( 0.000000000000000000, -1.000000000000000000, -0.000000000000000000 ) ) ;
#5302 = VECTOR ( 'NONE', #2840, 39.37007874015748143 ) ;
#5303 = CARTESIAN_POINT ( 'NONE',  ( 7.375000000000000888, 0.000000000000000000, -1.324999999999999734 ) ) ;
#5304 = CARTESIAN_POINT ( 'NONE',  ( 7.875000000000000888, 0.7499999999999998890, 1.375000000000000000 ) ) ;
#5305 = EDGE_LOOP ( 'NONE', ( #2736, #6140, #1297, #6011 ) ) ;
#5306 = ADVANCED_FACE ( 'NONE', ( #2973 ), #4949, .F. ) ;
#5307 = ADVANCED_FACE ( 'NONE', ( #1135 ), #1201, .F. ) ;
#5308 = ORIENTED_EDGE ( 'NONE', *, *, #102, .T. ) ;
#5309 = PLANE ( 'NONE',  #448 ) ;
#5310 = AXIS2_PLACEMENT_3D ( 'NONE', #5137, #2076, #1580 ) ;
#5311 = DIRECTION ( 'NONE',  ( 0.000000000000000000, 0.000000000000000000, -1.000000000000000000 ) ) ;
#5312 = CARTESIAN_POINT ( 'NONE',  ( 7.875000000000000888, -0.5000000000000001110, 0.4999999999999997224 ) ) ;
#5313 = EDGE_CURVE ( 'NONE', #1828, #4798, #5046, .T. ) ;
#5314 = VERTEX_POINT ( 'NONE', #3553 ) ;
#5315 = VERTEX_POINT ( 'NONE', #2612 ) ;
#5316 = VECTOR ( 'NONE', #2623, 39.37007874015748143 ) ;
#5317 = DIRECTION ( 'NONE',  ( 0.000000000000000000, 0.000000000000000000, -1.000000000000000000 ) ) ;
#5318 = DIRECTION ( 'NONE',  ( 0.000000000000000000, -0.7071067811865487940, 0.7071067811865462405 ) ) ;
#5319 = CARTESIAN_POINT ( 'NONE',  ( 7.625000000000000888, 1.000000000000000000, 1.375000000000000000 ) ) ;
#5320 = VERTEX_POINT ( 'NONE', #717 ) ;
#5321 = EDGE_CURVE ( 'NONE', #1351, #3679, #2120, .T. ) ;
#5322 = ORIENTED_EDGE ( 'NONE', *, *, #5598, .T. ) ;
#5323 = DIRECTION ( 'NONE',  ( 0.000000000000000000, 0.7071067811865493491, 0.7071067811865454633 ) ) ;
#5324 = DIRECTION ( 'NONE',  ( -0.000000000000000000, 0.000000000000000000, -1.000000000000000000 ) ) ;
#5325 = ORIENTED_EDGE ( 'NONE', *, *, #3562, .F. ) ;
#5326 = ORIENTED_EDGE ( 'NONE', *, *, #4643, .F. ) ;
#5327 = PLANE ( 'NONE',  #6024 ) ;
#5328 = VERTEX_POINT ( 'NONE', #198 ) ;
#5329 = DIRECTION ( 'NONE',  ( -0.000000000000000000, 0.000000000000000000, -1.000000000000000000 ) ) ;
#5330 = LINE ( 'NONE', #384, #1864 ) ;
#5331 = LINE ( 'NONE', #2319, #5726 ) ;
#5332 = DIRECTION ( 'NONE',  ( 0.000000000000000000, 0.000000000000000000, -1.000000000000000000 ) ) ;
#5333 = DIRECTION ( 'NONE',  ( 0.000000000000000000, -1.000000000000000000, -0.000000000000000000 ) ) ;
#5334 = VERTEX_POINT ( 'NONE', #578 ) ;
#5335 = ORIENTED_EDGE ( 'NONE', *, *, #1401, .F. ) ;
#5336 = VERTEX_POINT ( 'NONE', #2649 ) ;
#5337 = VECTOR ( 'NONE', #1034, 39.37007874015748143 ) ;
#5338 = EDGE_CURVE ( 'NONE', #70, #2554, #6442, .T. ) ;
#5339 = EDGE_CURVE ( 'NONE', #6160, #4524, #5180, .T. ) ;
#5340 = DIRECTION ( 'NONE',  ( 0.000000000000000000, 0.000000000000000000, 1.000000000000000000 ) ) ;
#5341 = VECTOR ( 'NONE', #2383, 39.37007874015748143 ) ;
#5342 = LINE ( 'NONE', #6386, #2203 ) ;
#5343 = ORIENTED_EDGE ( 'NONE', *, *, #4551, .T. ) ;
#5344 = ORIENTED_EDGE ( 'NONE', *, *, #461, .F. ) ;
#5345 = DIRECTION ( 'NONE',  ( 1.000000000000000000, 0.000000000000000000, -0.000000000000000000 ) ) ;
#5346 = CARTESIAN_POINT ( 'NONE',  ( 6.625000000000001776, 1.124999999999999778, 1.714999999999999858 ) ) ;
#5347 = VECTOR ( 'NONE', #1248, 39.37007874015748143 ) ;
#5348 = LINE ( 'NONE', #1377, #1085 ) ;
#5349 = EDGE_LOOP ( 'NONE', ( #990, #3286, #5473, #1919 ) ) ;
#5350 = EDGE_CURVE ( 'NONE', #5798, #740, #5668, .T. ) ;
#5351 = EDGE_LOOP ( 'NONE', ( #3816, #1393, #3743, #3378 ) ) ;
#5352 = LINE ( 'NONE', #1447, #1954 ) ;
#5353 = CARTESIAN_POINT ( 'NONE',  ( 7.375000000000000888, -0.2500000000000000000, -1.625000000000000000 ) ) ;
#5354 = ORIENTED_EDGE ( 'NONE', *, *, #4234, .T. ) ;
#5355 = EDGE_CURVE ( 'NONE', #4517, #5863, #5636, .T. ) ;
#5356 = ORIENTED_EDGE ( 'NONE', *, *, #283, .F. ) ;
#5357 = DIRECTION ( 'NONE',  ( 1.000000000000000000, 0.000000000000000000, -0.000000000000000000 ) ) ;
#5358 = ORIENTED_EDGE ( 'NONE', *, *, #102, .F. ) ;
#5359 = DIRECTION ( 'NONE',  ( 0.000000000000000000, 0.7071067811865459074, 0.7071067811865490160 ) ) ;
#5360 = CARTESIAN_POINT ( 'NONE',  ( 5.999999999999999112, 0.2165063509461105096, -1.875000000000000000 ) ) ;
#5361 = DIRECTION ( 'NONE',  ( -1.000000000000000000, 0.000000000000000000, 0.000000000000000000 ) ) ;
#5362 = LINE ( 'NONE', #5795, #1734 ) ;
#5363 = CARTESIAN_POINT ( 'NONE',  ( 7.375000000000000888, 1.124999999999999778, 1.674999999999999822 ) ) ;
#5364 = ORIENTED_EDGE ( 'NONE', *, *, #3135, .T. ) ;
#5365 = VERTEX_POINT ( 'NONE', #2681 ) ;
#5366 = CARTESIAN_POINT ( 'NONE',  ( 7.375000000000000888, 1.024999999999999911, 1.224999999999999867 ) ) ;
#5367 = ORIENTED_EDGE ( 'NONE', *, *, #935, .F. ) ;
#5368 = LINE ( 'NONE', #4462, #1022 ) ;
#5369 = VECTOR ( 'NONE', #2154, 39.37007874015748143 ) ;
#5370 = EDGE_CURVE ( 'NONE', #3717, #4027, #5149, .T. ) ;
#5371 = LINE ( 'NONE', #3796, #3283 ) ;
#5372 = CARTESIAN_POINT ( 'NONE',  ( 5.624999999999969802, 0.06499999999999993283, 1.224999999999999423 ) ) ;
#5373 = EDGE_LOOP ( 'NONE', ( #885, #2714, #6402, #4803 ) ) ;
#5374 = EDGE_LOOP ( 'NONE', ( #3824, #6250, #4327, #1011 ) ) ;
#5375 = EDGE_CURVE ( 'NONE', #1894, #3653, #2090, .T. ) ;
#5376 = CARTESIAN_POINT ( 'NONE',  ( 5.374999999999990230, -0.2500000000000000000, -0.2499999999999998057 ) ) ;
#5377 = EDGE_CURVE ( 'NONE', #5464, #6078, #2574, .T. ) ;
#5378 = PLANE ( 'NONE',  #2491 ) ;
#5379 = CARTESIAN_POINT ( 'NONE',  ( 6.625000000000001776, 1.124999999999999556, -0.3250000000000000666 ) ) ;
#5380 = ORIENTED_EDGE ( 'NONE', *, *, #4284, .F. ) ;
#5381 = VECTOR ( 'NONE', #4237, 39.37007874015748143 ) ;
#5382 = ORIENTED_EDGE ( 'NONE', *, *, #5796, .T. ) ;
#5383 = ADVANCED_FACE ( 'NONE', ( #4172 ), #4596, .T. ) ;
#5384 = CARTESIAN_POINT ( 'NONE',  ( 7.625000000000000888, 0.000000000000000000, -1.750000000000000000 ) ) ;
#5385 = ADVANCED_FACE ( 'NONE', ( #6159 ), #1627, .F. ) ;
#5386 = VECTOR ( 'NONE', #1418, 39.37007874015748143 ) ;
#5387 = AXIS2_PLACEMENT_3D ( 'NONE', #3901, #4909, #2370 ) ;
#5388 = CARTESIAN_POINT ( 'NONE',  ( 7.625000000000000888, 0.9999999999999995559, -0.3250000000000000666 ) ) ;
#5389 = ORIENTED_EDGE ( 'NONE', *, *, #4715, .T. ) ;
#5390 = EDGE_LOOP ( 'NONE', ( #5505, #3721, #6043, #6123, #6028, #2322, #3415 ) ) ;
#5391 = VECTOR ( 'NONE', #3511, 39.37007874015748854 ) ;
#5392 = PLANE ( 'NONE',  #6119 ) ;
#5393 = EDGE_CURVE ( 'NONE', #1244, #1789, #4037, .T. ) ;
#5394 = VERTEX_POINT ( 'NONE', #3692 ) ;
#5395 = DIRECTION ( 'NONE',  ( 0.000000000000000000, 1.000000000000000000, 0.000000000000000000 ) ) ;
#5396 = CARTESIAN_POINT ( 'NONE',  ( 7.375000000000000888, 0.1249999999999999029, -1.284999999999999476 ) ) ;
#5397 = CARTESIAN_POINT ( 'NONE',  ( 6.375000000000001776, 0.000000000000000000, -1.750000000000000000 ) ) ;
#5398 = VECTOR ( 'NONE', #2337, 39.37007874015748143 ) ;
#5399 = LINE ( 'NONE', #934, #3917 ) ;
#5400 = ORIENTED_EDGE ( 'NONE', *, *, #3341, .T. ) ;
#5401 = VERTEX_POINT ( 'NONE', #97 ) ;
#5402 = DIRECTION ( 'NONE',  ( 0.000000000000000000, -1.000000000000000000, -0.000000000000000000 ) ) ;
#5403 = ORIENTED_EDGE ( 'NONE', *, *, #921, .T. ) ;
#5404 = AXIS2_PLACEMENT_3D ( 'NONE', #4166, #4590, #4102 ) ;
#5405 = LINE ( 'NONE', #2942, #2232 ) ;
#5406 = CARTESIAN_POINT ( 'NONE',  ( 5.624999999999969802, 0.1250000000000001110, 1.324999999999999289 ) ) ;
#5407 = VECTOR ( 'NONE', #1037, 39.37007874015748143 ) ;
#5408 = FACE_OUTER_BOUND ( 'NONE', #6375, .T. ) ;
#5409 = DIRECTION ( 'NONE',  ( 0.000000000000000000, 1.000000000000000000, 0.000000000000000000 ) ) ;
#5410 = EDGE_LOOP ( 'NONE', ( #4440, #2249, #4863, #1290 ) ) ;
#5411 = ORIENTED_EDGE ( 'NONE', *, *, #4231, .F. ) ;
#5412 = DIRECTION ( 'NONE',  ( 0.000000000000000000, 1.000000000000000000, 0.000000000000000000 ) ) ;
#5413 = VECTOR ( 'NONE', #1392, 39.37007874015748143 ) ;
#5414 = DIRECTION ( 'NONE',  ( -0.000000000000000000, -1.000000000000000000, 0.000000000000000000 ) ) ;
#5415 = CARTESIAN_POINT ( 'NONE',  ( 6.375000000000001776, 1.064999999999999503, 1.774999999999999467 ) ) ;
#5416 = ORIENTED_EDGE ( 'NONE', *, *, #2572, .T. ) ;
#5417 = AXIS2_PLACEMENT_3D ( 'NONE', #1143, #2658, #173 ) ;
#5418 = ORIENTED_EDGE ( 'NONE', *, *, #2479, .F. ) ;
#5419 = CARTESIAN_POINT ( 'NONE',  ( 5.374999999999969802, 0.1250000000000001110, 1.324999999999999289 ) ) ;
#5420 = PLANE ( 'NONE',  #164 ) ;
#5421 = ORIENTED_EDGE ( 'NONE', *, *, #3884, .F. ) ;
#5422 = EDGE_CURVE ( 'NONE', #3992, #2355, #4074, .T. ) ;
#5423 = EDGE_CURVE ( 'NONE', #2613, #31, #3591, .T. ) ;
#5424 = ORIENTED_EDGE ( 'NONE', *, *, #5796, .F. ) ;
#5425 = DIRECTION ( 'NONE',  ( 0.000000000000000000, -1.000000000000000000, -0.000000000000000000 ) ) ;
#5426 = DIRECTION ( 'NONE',  ( -1.000000000000000000, 0.000000000000000000, 0.000000000000000000 ) ) ;
#5427 = CARTESIAN_POINT ( 'NONE',  ( 5.374999999999990230, -0.2500000000000000000, -0.1249999999999999029 ) ) ;
#5428 = CARTESIAN_POINT ( 'NONE',  ( 7.375000000000000888, 0.7499999999999998890, 1.124999999999999778 ) ) ;
#5429 = DIRECTION ( 'NONE',  ( 0.000000000000000000, 0.000000000000000000, 1.000000000000000000 ) ) ;
#5430 = EDGE_CURVE ( 'NONE', #6151, #3966, #616, .T. ) ;
#5431 = VECTOR ( 'NONE', #1457, 39.37007874015748143 ) ;
#5432 = ORIENTED_EDGE ( 'NONE', *, *, #2062, .F. ) ;
#5433 = DIRECTION ( 'NONE',  ( 0.000000000000000000, 3.414809992080307034E-15, 1.000000000000000000 ) ) ;
#5434 = ORIENTED_EDGE ( 'NONE', *, *, #4955, .T. ) ;
#5435 = LINE ( 'NONE', #972, #6129 ) ;
#5436 = DIRECTION ( 'NONE',  ( 0.000000000000000000, 0.000000000000000000, -1.000000000000000000 ) ) ;
#5437 = EDGE_CURVE ( 'NONE', #3963, #1584, #3723, .T. ) ;
#5438 = DIRECTION ( 'NONE',  ( 0.000000000000000000, 1.000000000000000000, 0.000000000000000000 ) ) ;
#5439 = DIRECTION ( 'NONE',  ( -1.000000000000000000, 0.000000000000000000, 0.000000000000000000 ) ) ;
#5440 = ORIENTED_EDGE ( 'NONE', *, *, #366, .T. ) ;
#5441 = ORIENTED_EDGE ( 'NONE', *, *, #4081, .T. ) ;
#5442 = VECTOR ( 'NONE', #1577, 39.37007874015748143 ) ;
#5443 = FACE_BOUND ( 'NONE', #2167, .T. ) ;
#5444 = DIRECTION ( 'NONE',  ( 0.000000000000000000, 0.000000000000000000, 1.000000000000000000 ) ) ;
#5445 = ORIENTED_EDGE ( 'NONE', *, *, #2828, .T. ) ;
#5446 = VECTOR ( 'NONE', #2095, 39.37007874015748143 ) ;
#5447 = CARTESIAN_POINT ( 'NONE',  ( 6.625000000000001776, 0.000000000000000000, -1.675000000000000044 ) ) ;
#5448 = ORIENTED_EDGE ( 'NONE', *, *, #4815, .T. ) ;
#5449 = FACE_OUTER_BOUND ( 'NONE', #3295, .T. ) ;
#5450 = VECTOR ( 'NONE', #6168, 39.37007874015748143 ) ;
#5451 = CARTESIAN_POINT ( 'NONE',  ( 6.625000000000001776, 0.7499999999999998890, -0.2499999999999998057 ) ) ;
#5452 = VERTEX_POINT ( 'NONE', #3353 ) ;
#5453 = VECTOR ( 'NONE', #2460, 39.37007874015748143 ) ;
#5454 = EDGE_CURVE ( 'NONE', #5263, #5863, #321, .T. ) ;
#5455 = ORIENTED_EDGE ( 'NONE', *, *, #1922, .T. ) ;
#5456 = PLANE ( 'NONE',  #4868 ) ;
#5457 = VERTEX_POINT ( 'NONE', #4788 ) ;
#5458 = ADVANCED_FACE ( 'NONE', ( #1846 ), #5327, .T. ) ;
#5459 = DIRECTION ( 'NONE',  ( 0.000000000000000000, 0.000000000000000000, 1.000000000000000000 ) ) ;
#5460 = EDGE_CURVE ( 'NONE', #2905, #5328, #2803, .T. ) ;
#5461 = DIRECTION ( 'NONE',  ( 0.000000000000000000, -1.000000000000000000, -0.000000000000000000 ) ) ;
#5462 = LINE ( 'NONE', #2011, #4565 ) ;
#5463 = CARTESIAN_POINT ( 'NONE',  ( 6.375000000000001776, 1.064999999999999503, 1.225000000000000089 ) ) ;
#5464 = VERTEX_POINT ( 'NONE', #4697 ) ;
#5465 = DIRECTION ( 'NONE',  ( -1.000000000000000000, 0.000000000000000000, 0.000000000000000000 ) ) ;
#5466 = ORIENTED_EDGE ( 'NONE', *, *, #4683, .F. ) ;
#5467 = CARTESIAN_POINT ( 'NONE',  ( 6.625000000000001776, 1.124999999999999556, -0.3250000000000000666 ) ) ;
#5468 = EDGE_CURVE ( 'NONE', #4287, #3603, #3784, .T. ) ;
#5469 = DIRECTION ( 'NONE',  ( 0.000000000000000000, 0.000000000000000000, 1.000000000000000000 ) ) ;
#5470 = DIRECTION ( 'NONE',  ( 1.000000000000000000, -0.000000000000000000, -0.000000000000000000 ) ) ;
#5471 = DIRECTION ( 'NONE',  ( 0.000000000000000000, 0.000000000000000000, -1.000000000000000000 ) ) ;
#5472 = EDGE_LOOP ( 'NONE', ( #6052, #4957, #4696, #5308, #778, #3091, #6075 ) ) ;
#5473 = ORIENTED_EDGE ( 'NONE', *, *, #4504, .T. ) ;
#5474 = EDGE_CURVE ( 'NONE', #5838, #2048, #6281, .T. ) ;
#5475 = LINE ( 'NONE', #3016, #2728 ) ;
#5476 = CARTESIAN_POINT ( 'NONE',  ( 5.374999999999969802, 0.06499999999999993283, -0.7750000000000000222 ) ) ;
#5477 = FACE_BOUND ( 'NONE', #853, .T. ) ;
#5478 = CARTESIAN_POINT ( 'NONE',  ( 7.625000000000000888, 0.7499999999999998890, -0.2499999999999998335 ) ) ;
#5479 = VERTEX_POINT ( 'NONE', #1324 ) ;
#5480 = PLANE ( 'NONE',  #4264 ) ;
#5481 = CARTESIAN_POINT ( 'NONE',  ( 6.625000000000001776, 1.000000000000000000, 1.375000000000000000 ) ) ;
#5482 = ORIENTED_EDGE ( 'NONE', *, *, #1602, .T. ) ;
#5483 = VERTEX_POINT ( 'NONE', #4329 ) ;
#5484 = VECTOR ( 'NONE', #1026, 39.37007874015748143 ) ;
#5485 = CARTESIAN_POINT ( 'NONE',  ( 7.375000000000000888, -0.3749999999999999445, -1.875000000000000000 ) ) ;
#5486 = EDGE_LOOP ( 'NONE', ( #6376, #4427, #4255, #1075 ) ) ;
#5487 = VECTOR ( 'NONE', #1750, 39.37007874015748143 ) ;
#5488 = CARTESIAN_POINT ( 'NONE',  ( 7.875000000000000888, -0.2500000000000000000, -1.875000000000000000 ) ) ;
#5489 = DIRECTION ( 'NONE',  ( 0.000000000000000000, -1.000000000000000000, 3.414809992080307034E-15 ) ) ;
#5490 = DIRECTION ( 'NONE',  ( 0.000000000000000000, -1.000000000000000000, -0.000000000000000000 ) ) ;
#5491 = DIRECTION ( 'NONE',  ( 0.000000000000000000, 0.000000000000000000, -1.000000000000000000 ) ) ;
#5492 = VECTOR ( 'NONE', #1344, 39.37007874015748143 ) ;
#5493 = AXIS2_PLACEMENT_3D ( 'NONE', #5467, #3004, #425 ) ;
#5494 = PLANE ( 'NONE',  #598 ) ;
#5495 = ORIENTED_EDGE ( 'NONE', *, *, #2219, .F. ) ;
#5496 = DIRECTION ( 'NONE',  ( 0.000000000000000000, 1.000000000000000000, -1.365923996832115398E-14 ) ) ;
#5497 = CARTESIAN_POINT ( 'NONE',  ( 7.625000000000000888, 1.124999999999999778, 1.714999999999999858 ) ) ;
#5498 = AXIS2_PLACEMENT_3D ( 'NONE', #3035, #5433, #1462 ) ;
#5499 = DIRECTION ( 'NONE',  ( 0.000000000000000000, -1.000000000000000000, -0.000000000000000000 ) ) ;
#5500 = EDGE_CURVE ( 'NONE', #190, #5320, #1951, .T. ) ;
#5501 = DIRECTION ( 'NONE',  ( 0.000000000000000000, 0.000000000000000000, 1.000000000000000000 ) ) ;
#5502 = ADVANCED_FACE ( 'NONE', ( #2248 ), #6308, .F. ) ;
#5503 = DIRECTION ( 'NONE',  ( 0.000000000000000000, 0.000000000000000000, 1.000000000000000000 ) ) ;
#5504 = ORIENTED_EDGE ( 'NONE', *, *, #3086, .F. ) ;
#5505 = ORIENTED_EDGE ( 'NONE', *, *, #297, .T. ) ;
#5506 = LINE ( 'NONE', #1958, #2306 ) ;
#5507 = LINE ( 'NONE', #2029, #875 ) ;
#5508 = ORIENTED_EDGE ( 'NONE', *, *, #1490, .T. ) ;
#5509 = DIRECTION ( 'NONE',  ( 1.000000000000000000, -0.000000000000000000, -0.000000000000000000 ) ) ;
#5510 = EDGE_CURVE ( 'NONE', #2421, #4816, #6251, .T. ) ;
#5511 = EDGE_LOOP ( 'NONE', ( #3715, #1856, #5527, #4426 ) ) ;
#5512 = CARTESIAN_POINT ( 'NONE',  ( 6.625000000000001776, 0.7499999999999998890, -0.6249999999999996669 ) ) ;
#5513 = DIRECTION ( 'NONE',  ( 0.000000000000000000, 0.000000000000000000, 1.000000000000000000 ) ) ;
#5514 = ORIENTED_EDGE ( 'NONE', *, *, #809, .T. ) ;
#5515 = AXIS2_PLACEMENT_3D ( 'NONE', #1565, #458, #1501 ) ;
#5516 = EDGE_CURVE ( 'NONE', #4717, #4322, #864, .T. ) ;
#5517 = ORIENTED_EDGE ( 'NONE', *, *, #3021, .T. ) ;
#5518 = ORIENTED_EDGE ( 'NONE', *, *, #2205, .T. ) ;
#5519 = CARTESIAN_POINT ( 'NONE',  ( 6.625000000000001776, 0.9999999999999995559, -0.6749999999999996003 ) ) ;
#5520 = ORIENTED_EDGE ( 'NONE', *, *, #670, .T. ) ;
#5521 = CARTESIAN_POINT ( 'NONE',  ( 6.375000000000001776, 1.000000000000000000, 1.250000000000000000 ) ) ;
#5522 = CARTESIAN_POINT ( 'NONE',  ( 5.875000000000000888, -0.7058739488229117676, -0.6528773441723456639 ) ) ;
#5523 = CARTESIAN_POINT ( 'NONE',  ( 5.624999999999969802, 0.1250000000000001110, 1.675000000000000266 ) ) ;
#5524 = CARTESIAN_POINT ( 'NONE',  ( 7.375000000000000888, 0.02499999999999973424, -1.224999999999999867 ) ) ;
#5525 = ORIENTED_EDGE ( 'NONE', *, *, #5200, .F. ) ;
#5526 = DIRECTION ( 'NONE',  ( 0.000000000000000000, 0.000000000000000000, 1.000000000000000000 ) ) ;
#5527 = ORIENTED_EDGE ( 'NONE', *, *, #5787, .F. ) ;
#5528 = CARTESIAN_POINT ( 'NONE',  ( 5.624999999999969802, 0.1250000000000001110, -0.3249999999999992895 ) ) ;
#5529 = FACE_OUTER_BOUND ( 'NONE', #4394, .T. ) ;
#5530 = PLANE ( 'NONE',  #358 ) ;
#5531 = CARTESIAN_POINT ( 'NONE',  ( 6.375000000000001776, 1.000000000000000000, -0.7499999999999997780 ) ) ;
#5532 = CARTESIAN_POINT ( 'NONE',  ( 7.625000000000000888, 1.124999999999999778, 1.284999999999999920 ) ) ;
#5533 = DIRECTION ( 'NONE',  ( -0.000000000000000000, 0.000000000000000000, -1.000000000000000000 ) ) ;
#5534 = DIRECTION ( 'NONE',  ( -1.000000000000000000, 0.000000000000000000, 0.000000000000000000 ) ) ;
#5535 = ORIENTED_EDGE ( 'NONE', *, *, #5576, .F. ) ;
#5536 = ORIENTED_EDGE ( 'NONE', *, *, #1573, .T. ) ;
#5537 = CARTESIAN_POINT ( 'NONE',  ( 7.875000000000000888, 0.7499999999999998890, -0.8749999999999997780 ) ) ;
#5538 = EDGE_CURVE ( 'NONE', #1010, #1380, #6185, .T. ) ;
#5539 = EDGE_CURVE ( 'NONE', #4616, #2766, #5758, .T. ) ;
#5540 = DIRECTION ( 'NONE',  ( 3.090733186385373611E-16, -0.7071067811865495711, -0.7071067811865454633 ) ) ;
#5541 = DIRECTION ( 'NONE',  ( -1.000000000000000000, 0.000000000000000000, 0.000000000000000000 ) ) ;
#5542 = CARTESIAN_POINT ( 'NONE',  ( 5.374999999999969802, 0.000000000000000000, -0.3749999999999991673 ) ) ;
#5543 = ORIENTED_EDGE ( 'NONE', *, *, #2005, .T. ) ;
#5544 = LINE ( 'NONE', #3605, #1759 ) ;
#5545 = EDGE_CURVE ( 'NONE', #3098, #5799, #1296, .T. ) ;
#5546 = CARTESIAN_POINT ( 'NONE',  ( 7.625000000000000888, 0.9199999999999997069, -0.9200000000000049249 ) ) ;
#5547 = AXIS2_PLACEMENT_3D ( 'NONE', #5135, #2670, #6109 ) ;
#5548 = DIRECTION ( 'NONE',  ( 1.000000000000000000, 0.000000000000000000, -1.365923996832131363E-16 ) ) ;
#5549 = ORIENTED_EDGE ( 'NONE', *, *, #6269, .T. ) ;
#5550 = DIRECTION ( 'NONE',  ( 0.000000000000000000, 1.000000000000000000, 2.039079102182026989E-16 ) ) ;
#5551 = ORIENTED_EDGE ( 'NONE', *, *, #268, .T. ) ;
#5552 = VECTOR ( 'NONE', #5501, 39.37007874015748143 ) ;
#5553 = ORIENTED_EDGE ( 'NONE', *, *, #5646, .T. ) ;
#5554 = CARTESIAN_POINT ( 'NONE',  ( 5.624999999999969802, 0.1250000000000001110, 1.284999999999999254 ) ) ;
#5555 = ORIENTED_EDGE ( 'NONE', *, *, #2525, .T. ) ;
#5556 = CARTESIAN_POINT ( 'NONE',  ( 5.624999999999969802, 0.000000000000000000, -0.2499999999999998057 ) ) ;
#5557 = DIRECTION ( 'NONE',  ( 0.000000000000000000, -0.000000000000000000, -1.000000000000000000 ) ) ;
#5558 = ADVANCED_FACE ( 'NONE', ( #3294 ), #2343, .T. ) ;
#5559 = CARTESIAN_POINT ( 'NONE',  ( 6.625000000000001776, 0.06499999999999971079, -1.775000000000000133 ) ) ;
#5560 = DIRECTION ( 'NONE',  ( 0.000000000000000000, 0.000000000000000000, -1.000000000000000000 ) ) ;
#5561 = VECTOR ( 'NONE', #2755, 39.37007874015748143 ) ;
#5562 = DIRECTION ( 'NONE',  ( 0.000000000000000000, 1.000000000000000000, 0.000000000000000000 ) ) ;
#5563 = VERTEX_POINT ( 'NONE', #1724 ) ;
#5564 = DIRECTION ( 'NONE',  ( 0.000000000000000000, 0.000000000000000000, 1.000000000000000000 ) ) ;
#5565 = ORIENTED_EDGE ( 'NONE', *, *, #6105, .T. ) ;
#5566 = DIRECTION ( 'NONE',  ( -0.5474516368319323201, 0.4077865586181626534, 0.7307577080950934389 ) ) ;
#5567 = DIRECTION ( 'NONE',  ( 0.000000000000000000, 0.000000000000000000, 1.000000000000000000 ) ) ;
#5568 = DIRECTION ( 'NONE',  ( 1.000000000000000000, -0.000000000000000000, -0.000000000000000000 ) ) ;
#5569 = LINE ( 'NONE', #5018, #1145 ) ;
#5570 = PLANE ( 'NONE',  #153 ) ;
#5571 = CARTESIAN_POINT ( 'NONE',  ( 7.375000000000000888, -0.5000000000000001110, -0.7500000000000003331 ) ) ;
#5572 = ORIENTED_EDGE ( 'NONE', *, *, #1329, .T. ) ;
#5573 = LINE ( 'NONE', #1245, #2765 ) ;
#5574 = DIRECTION ( 'NONE',  ( -1.000000000000000000, 0.000000000000000000, 0.000000000000000000 ) ) ;
#5575 = CARTESIAN_POINT ( 'NONE',  ( 5.624999999999969802, 0.000000000000000000, 1.750000000000000222 ) ) ;
#5576 = EDGE_CURVE ( 'NONE', #1435, #1782, #1233, .T. ) ;
#5577 = FACE_OUTER_BOUND ( 'NONE', #1315, .T. ) ;
#5578 = VECTOR ( 'NONE', #5888, 39.37007874015748143 ) ;
#5579 = EDGE_CURVE ( 'NONE', #4130, #2213, #4726, .T. ) ;
#5580 = ORIENTED_EDGE ( 'NONE', *, *, #3910, .T. ) ;
#5581 = PLANE ( 'NONE',  #1962 ) ;
#5582 = CARTESIAN_POINT ( 'NONE',  ( 5.624999999999969802, 0.1250000000000001110, 1.324999999999999289 ) ) ;
#5583 = CARTESIAN_POINT ( 'NONE',  ( 6.625000000000001776, 0.9199999999999997069, -0.9200000000000049249 ) ) ;
#5584 = EDGE_LOOP ( 'NONE', ( #5062, #3307, #2247, #5205 ) ) ;
#5585 = VECTOR ( 'NONE', #4071, 39.37007874015748143 ) ;
#5586 = ADVANCED_FACE ( 'NONE', ( #6217 ), #1755, .F. ) ;
#5587 = FACE_OUTER_BOUND ( 'NONE', #4585, .T. ) ;
#5588 = EDGE_CURVE ( 'NONE', #2886, #895, #440, .T. ) ;
#5589 = ORIENTED_EDGE ( 'NONE', *, *, #6433, .T. ) ;
#5590 = ORIENTED_EDGE ( 'NONE', *, *, #5961, .F. ) ;
#5591 = DIRECTION ( 'NONE',  ( 0.000000000000000000, 1.000000000000000000, 0.000000000000000000 ) ) ;
#5592 = ORIENTED_EDGE ( 'NONE', *, *, #1131, .F. ) ;
#5593 = DIRECTION ( 'NONE',  ( 0.000000000000000000, 0.7071067811865494601, 0.7071067811865454633 ) ) ;
#5594 = DIRECTION ( 'NONE',  ( -1.000000000000000000, 0.000000000000000000, 0.000000000000000000 ) ) ;
#5595 = LINE ( 'NONE', #1129, #5806 ) ;
#5596 = CARTESIAN_POINT ( 'NONE',  ( 5.624999999999969802, 0.1250000000000001110, 1.284999999999999254 ) ) ;
#5597 = VECTOR ( 'NONE', #1549, 39.37007874015748143 ) ;
#5598 = EDGE_CURVE ( 'NONE', #2904, #2939, #959, .T. ) ;
#5599 = EDGE_LOOP ( 'NONE', ( #2233, #5525, #98, #2465 ) ) ;
#5600 = CARTESIAN_POINT ( 'NONE',  ( 6.375000000000001776, 1.064999999999999503, 1.774999999999999467 ) ) ;
#5601 = EDGE_LOOP ( 'NONE', ( #1385, #4303, #2472, #5743 ) ) ;
#5602 = CARTESIAN_POINT ( 'NONE',  ( 6.375000000000001776, 1.124999999999999556, -0.6749999999999996003 ) ) ;
#5603 = CARTESIAN_POINT ( 'NONE',  ( 7.375000000000000888, 1.000000000000000000, -0.2499999999999998057 ) ) ;
#5604 = VECTOR ( 'NONE', #21, 39.37007874015748143 ) ;
#5605 = CARTESIAN_POINT ( 'NONE',  ( 5.374999999999969802, -0.2500000000000000000, -0.3249999999999991229 ) ) ;
#5606 = VECTOR ( 'NONE', #3230, 39.37007874015748143 ) ;
#5607 = LINE ( 'NONE', #3113, #6287 ) ;
#5608 = EDGE_CURVE ( 'NONE', #1436, #504, #2501, .T. ) ;
#5609 = LINE ( 'NONE', #1176, #1466 ) ;
#5610 = VECTOR ( 'NONE', #4060, 39.37007874015748143 ) ;
#5611 = ORIENTED_EDGE ( 'NONE', *, *, #2475, .F. ) ;
#5612 = VECTOR ( 'NONE', #5075, 39.37007874015748854 ) ;
#5613 = DIRECTION ( 'NONE',  ( 0.000000000000000000, 1.000000000000000000, 0.000000000000000000 ) ) ;
#5614 = FILL_AREA_STYLE_COLOUR ( '', #4853 ) ;
#5615 = VECTOR ( 'NONE', #5402, 39.37007874015748143 ) ;
#5616 = FACE_BOUND ( 'NONE', #4540, .T. ) ;
#5617 = ORIENTED_EDGE ( 'NONE', *, *, #6187, .T. ) ;
#5618 = LINE ( 'NONE', #4021, #4677 ) ;
#5619 = CARTESIAN_POINT ( 'NONE',  ( 5.624999999999969802, 0.1250000000000001110, -0.2849999999999990874 ) ) ;
#5620 = AXIS2_PLACEMENT_3D ( 'NONE', #4730, #262, #2254 ) ;
#5621 = DIRECTION ( 'NONE',  ( -1.000000000000000000, -0.000000000000000000, -0.000000000000000000 ) ) ;
#5622 = VERTEX_POINT ( 'NONE', #4484 ) ;
#5623 = CARTESIAN_POINT ( 'NONE',  ( 6.375000000000001776, 0.000000000000000000, -1.224999999999999867 ) ) ;
#5624 = ORIENTED_EDGE ( 'NONE', *, *, #3092, .T. ) ;
#5625 = ORIENTED_EDGE ( 'NONE', *, *, #5454, .T. ) ;
#5626 = CARTESIAN_POINT ( 'NONE',  ( 5.999999999999999112, 0.7499999999999998890, -1.875000000000000000 ) ) ;
#5627 = EDGE_LOOP ( 'NONE', ( #4654, #3434, #2732, #5848 ) ) ;
#5628 = VECTOR ( 'NONE', #3857, 39.37007874015748143 ) ;
#5629 = DIRECTION ( 'NONE',  ( 0.000000000000000000, 0.000000000000000000, -1.000000000000000000 ) ) ;
#5630 = ADVANCED_FACE ( 'NONE', ( #3509 ), #1876, .F. ) ;
#5631 = FACE_OUTER_BOUND ( 'NONE', #1743, .T. ) ;
#5632 = EDGE_CURVE ( 'NONE', #5315, #4651, #1975, .T. ) ;
#5633 = FACE_OUTER_BOUND ( 'NONE', #6008, .T. ) ;
#5634 = VECTOR ( 'NONE', #4998, 39.37007874015748143 ) ;
#5635 = EDGE_LOOP ( 'NONE', ( #6171, #3530, #4397, #161 ) ) ;
#5636 = LINE ( 'NONE', #1098, #4768 ) ;
#5637 = VERTEX_POINT ( 'NONE', #2433 ) ;
#5638 = DIRECTION ( 'NONE',  ( 0.000000000000000000, 0.7071067811865434649, 0.7071067811865515695 ) ) ;
#5639 = DIRECTION ( 'NONE',  ( 0.000000000000000000, 0.7071067811865454633, 0.7071067811865494601 ) ) ;
#5640 = CARTESIAN_POINT ( 'NONE',  ( 6.375000000000001776, 1.000000000000000000, -0.7499999999999997780 ) ) ;
#5641 = ADVANCED_FACE ( 'NONE', ( #4907 ), #2865, .F. ) ;
#5642 = DIRECTION ( 'NONE',  ( 0.000000000000000000, 0.000000000000000000, 1.000000000000000000 ) ) ;
#5643 = DIRECTION ( 'NONE',  ( 1.000000000000000000, 0.000000000000000000, 0.000000000000000000 ) ) ;
#5644 = ORIENTED_EDGE ( 'NONE', *, *, #555, .F. ) ;
#5645 = DIRECTION ( 'NONE',  ( 0.000000000000000000, 0.000000000000000000, 1.000000000000000000 ) ) ;
#5646 = EDGE_CURVE ( 'NONE', #3886, #1628, #6401, .T. ) ;
#5647 = LINE ( 'NONE', #4706, #977 ) ;
#5648 = FILL_AREA_STYLE ('',( #5614 ) ) ;
#5649 = LINE ( 'NONE', #4741, #2859 ) ;
#5650 = ORIENTED_EDGE ( 'NONE', *, *, #5126, .T. ) ;
#5651 = DIRECTION ( 'NONE',  ( 0.000000000000000000, 1.000000000000000000, 0.000000000000000000 ) ) ;
#5652 = LINE ( 'NONE', #5167, #4623 ) ;
#5653 = LINE ( 'NONE', #668, #1705 ) ;
#5654 = ORIENTED_EDGE ( 'NONE', *, *, #268, .F. ) ;
#5655 = CARTESIAN_POINT ( 'NONE',  ( 7.375000000000000888, 0.1249999999999999445, -1.324999999999999734 ) ) ;
#5656 = ORIENTED_EDGE ( 'NONE', *, *, #5961, .T. ) ;
#5657 = PLANE ( 'NONE',  #84 ) ;
#5658 = VERTEX_POINT ( 'NONE', #1940 ) ;
#5659 = VECTOR ( 'NONE', #1479, 39.37007874015748143 ) ;
#5660 = DIRECTION ( 'NONE',  ( 0.000000000000000000, 1.000000000000000000, 3.414809992080307034E-15 ) ) ;
#5661 = DIRECTION ( 'NONE',  ( 1.000000000000000000, 0.000000000000000000, 0.000000000000000000 ) ) ;
#5662 = DIRECTION ( 'NONE',  ( -0.000000000000000000, -1.000000000000000000, -6.829619984160730819E-15 ) ) ;
#5663 = ADVANCED_FACE ( 'NONE', ( #4451 ), #3870, .F. ) ;
#5664 = VECTOR ( 'NONE', #3736, 39.37007874015748143 ) ;
#5665 = ORIENTED_EDGE ( 'NONE', *, *, #851, .T. ) ;
#5666 = ADVANCED_FACE ( 'NONE', ( #3414 ), #5392, .T. ) ;
#5667 = ADVANCED_FACE ( 'NONE', ( #894 ), #4418, .F. ) ;
#5668 = LINE ( 'NONE', #4106, #310 ) ;
#5669 = VERTEX_POINT ( 'NONE', #993 ) ;
#5670 = VECTOR ( 'NONE', #3269, 39.37007874015748143 ) ;
#5671 = LINE ( 'NONE', #3558, #3531 ) ;
#5672 = VECTOR ( 'NONE', #433, 39.37007874015748143 ) ;
#5673 = LINE ( 'NONE', #4760, #5827 ) ;
#5674 = DIRECTION ( 'NONE',  ( -0.000000000000000000, -0.7071067811865514585, -0.7071067811865433539 ) ) ;
#5675 = CARTESIAN_POINT ( 'NONE',  ( 5.374999999999990230, -1.036787267724563755, -0.7499999999999998890 ) ) ;
#5676 = CARTESIAN_POINT ( 'NONE',  ( 6.375000000000001776, 0.000000000000000000, -1.249999999999999778 ) ) ;
#5677 = ADVANCED_FACE ( 'NONE', ( #5884 ), #2962, .T. ) ;
#5678 = ORIENTED_EDGE ( 'NONE', *, *, #2694, .T. ) ;
#5679 = DIRECTION ( 'NONE',  ( 0.000000000000000000, -0.7071067811865456854, 0.7071067811865493491 ) ) ;
#5680 = LINE ( 'NONE', #1213, #777 ) ;
#5681 = EDGE_CURVE ( 'NONE', #4641, #6400, #3315, .T. ) ;
#5682 = ORIENTED_EDGE ( 'NONE', *, *, #3878, .T. ) ;
#5683 = LINE ( 'NONE', #1186, #5810 ) ;
#5684 = DIRECTION ( 'NONE',  ( 0.000000000000000000, 0.7071067811865491270, 0.7071067811865460184 ) ) ;
#5685 = FACE_OUTER_BOUND ( 'NONE', #4017, .T. ) ;
#5686 = EDGE_LOOP ( 'NONE', ( #1888, #336, #395, #3131 ) ) ;
#5687 = DIRECTION ( 'NONE',  ( 0.000000000000000000, 0.7071067811865454633, -0.7071067811865494601 ) ) ;
#5688 = ORIENTED_EDGE ( 'NONE', *, *, #1698, .F. ) ;
#5689 = LINE ( 'NONE', #5234, #1229 ) ;
#5690 = EDGE_LOOP ( 'NONE', ( #4144, #1257, #4699, #2413 ) ) ;
#5691 = VECTOR ( 'NONE', #3000, 39.37007874015748143 ) ;
#5692 = CARTESIAN_POINT ( 'NONE',  ( 6.375000000000001776, 0.1249999999999999445, -1.324999999999999734 ) ) ;
#5693 = PLANE ( 'NONE',  #397 ) ;
#5694 = DIRECTION ( 'NONE',  ( 0.000000000000000000, -0.7071067811865456854, 0.7071067811865493491 ) ) ;
#5695 = APPLICATION_CONTEXT ( 'automotive_design' ) ;
#5696 = EDGE_LOOP ( 'NONE', ( #4309, #1684, #4099, #879 ) ) ;
#5697 = CARTESIAN_POINT ( 'NONE',  ( 5.374999999999969802, -0.3749999999999999445, 1.750000000000000222 ) ) ;
#5698 = ORIENTED_EDGE ( 'NONE', *, *, #3232, .T. ) ;
#5699 = DIRECTION ( 'NONE',  ( -1.000000000000000000, 0.000000000000000000, 0.000000000000000000 ) ) ;
#5700 = ADVANCED_FACE ( 'NONE', ( #2369 ), #5456, .F. ) ;
#5701 = FACE_OUTER_BOUND ( 'NONE', #5349, .T. ) ;
#5702 = CARTESIAN_POINT ( 'NONE',  ( 5.624999999999969802, 0.000000000000000000, 1.374999999999999334 ) ) ;
#5703 = AXIS2_PLACEMENT_3D ( 'NONE', #5523, #539, #2534 ) ;
#5704 = CARTESIAN_POINT ( 'NONE',  ( 7.625000000000000888, 0.7499999999999998890, -0.7499999999999998890 ) ) ;
#5705 = LINE ( 'NONE', #142, #5316 ) ;
#5706 = ORIENTED_EDGE ( 'NONE', *, *, #4883, .F. ) ;
#5707 = CIRCLE ( 'NONE', #4259, 0.4330708661417322913 ) ;
#5708 = VECTOR ( 'NONE', #101, 39.37007874015748143 ) ;
#5709 = VECTOR ( 'NONE', #1063, 39.37007874015748854 ) ;
#5710 = DIRECTION ( 'NONE',  ( 0.000000000000000000, -0.7071067811865514585, -0.7071067811865436870 ) ) ;
#5711 = ADVANCED_FACE ( 'NONE', ( #4357 ), #1386, .T. ) ;
#5712 = EDGE_CURVE ( 'NONE', #4597, #658, #5707, .T. ) ;
#5713 = VECTOR ( 'NONE', #3643, 39.37007874015748143 ) ;
#5714 = DIRECTION ( 'NONE',  ( -1.000000000000000000, 0.000000000000000000, 0.000000000000000000 ) ) ;
#5715 = ORIENTED_EDGE ( 'NONE', *, *, #4551, .F. ) ;
#5716 = CARTESIAN_POINT ( 'NONE',  ( 7.375000000000000888, 0.9999999999999998890, 1.674999999999999822 ) ) ;
#5717 = CARTESIAN_POINT ( 'NONE',  ( 5.875000000000000888, 0.000000000000000000, -1.000000000000000888 ) ) ;
#5718 = LINE ( 'NONE', #2082, #5391 ) ;
#5719 = VECTOR ( 'NONE', #230, 39.37007874015748143 ) ;
#5720 = CARTESIAN_POINT ( 'NONE',  ( 6.375000000000001776, 1.000000000000000000, 1.250000000000000000 ) ) ;
#5721 = VERTEX_POINT ( 'NONE', #5108 ) ;
#5722 = EDGE_CURVE ( 'NONE', #2676, #3069, #3545, .T. ) ;
#5723 = ORIENTED_EDGE ( 'NONE', *, *, #785, .F. ) ;
#5724 = DIRECTION ( 'NONE',  ( 1.000000000000000000, 0.000000000000000000, 0.000000000000000000 ) ) ;
#5725 = ORIENTED_EDGE ( 'NONE', *, *, #4371, .T. ) ;
#5726 = VECTOR ( 'NONE', #6345, 39.37007874015748143 ) ;
#5727 = DIRECTION ( 'NONE',  ( 1.000000000000000000, 0.000000000000000000, 0.000000000000000000 ) ) ;
#5728 = EDGE_CURVE ( 'NONE', #5821, #6282, #4098, .T. ) ;
#5729 = CARTESIAN_POINT ( 'NONE',  ( 5.374999999999989342, -0.3750000000000001110, -0.1249999999999999306 ) ) ;
#5730 = ORIENTED_EDGE ( 'NONE', *, *, #5232, .F. ) ;
#5731 = CARTESIAN_POINT ( 'NONE',  ( 7.375000000000000888, 1.000000000000000000, -0.7499999999999997780 ) ) ;
#5732 = ORIENTED_EDGE ( 'NONE', *, *, #5728, .T. ) ;
#5733 = CARTESIAN_POINT ( 'NONE',  ( 5.374999999999969802, -0.5000000000000001110, 0.4999999999999997224 ) ) ;
#5734 = CARTESIAN_POINT ( 'NONE',  ( 5.624999999999969802, 0.02499999999999946362, -0.7749999999999996891 ) ) ;
#5735 = DIRECTION ( 'NONE',  ( 1.000000000000000000, 0.000000000000000000, -0.000000000000000000 ) ) ;
#5736 = VECTOR ( 'NONE', #3852, 39.37007874015748143 ) ;
#5737 = LINE ( 'NONE', #1272, #2932 ) ;
#5738 = ORIENTED_EDGE ( 'NONE', *, *, #2672, .T. ) ;
#5739 = CARTESIAN_POINT ( 'NONE',  ( 5.875000000000000888, -0.8487899323599074064, -0.1249999999999998335 ) ) ;
#5740 = VERTEX_POINT ( 'NONE', #3584 ) ;
#5741 = DIRECTION ( 'NONE',  ( -0.000000000000000000, -0.7071067811865456854, -0.7071067811865493491 ) ) ;
#5742 = CARTESIAN_POINT ( 'NONE',  ( 5.875000000000000888, -0.9336610732109797972, 0.7488736096525724362 ) ) ;
#5743 = ORIENTED_EDGE ( 'NONE', *, *, #3292, .F. ) ;
#5744 = EDGE_LOOP ( 'NONE', ( #4195, #1042, #4672, #4856, #1410, #5776, #1866, #2163, #2081, #1847, #1695, #1054, #3663, #5872, #3707, #1014, #3975, #1955, #5715 ) ) ;
#5745 = EDGE_CURVE ( 'NONE', #617, #3465, #2178, .T. ) ;
#5746 = CARTESIAN_POINT ( 'NONE',  ( 7.375000000000000888, 0.7499999999999998890, -0.3250000000000000666 ) ) ;
#5747 = EDGE_CURVE ( 'NONE', #2363, #2026, #1059, .T. ) ;
#5748 = PLANE ( 'NONE',  #6235 ) ;
#5749 = CARTESIAN_POINT ( 'NONE',  ( 7.375000000000000888, -0.5800000000000000711, -0.5800000000000021805 ) ) ;
#5750 = EDGE_LOOP ( 'NONE', ( #489, #5250, #2412, #2180 ) ) ;
#5751 = VERTEX_POINT ( 'NONE', #5554 ) ;
#5752 = CARTESIAN_POINT ( 'NONE',  ( 7.625000000000000888, 0.9999999999999998890, 1.324999999999999956 ) ) ;
#5753 = EDGE_CURVE ( 'NONE', #6002, #4622, #2640, .T. ) ;
#5754 = ORIENTED_EDGE ( 'NONE', *, *, #6122, .T. ) ;
#5755 = DIRECTION ( 'NONE',  ( -1.000000000000000000, 0.000000000000000000, 0.000000000000000000 ) ) ;
#5756 = AXIS2_PLACEMENT_3D ( 'NONE', #1125, #2643, #4624 ) ;
#5757 = VERTEX_POINT ( 'NONE', #604 ) ;
#5758 = LINE ( 'NONE', #836, #924 ) ;
#5759 = EDGE_CURVE ( 'NONE', #4083, #5334, #52, .T. ) ;
#5760 = ORIENTED_EDGE ( 'NONE', *, *, #1082, .F. ) ;
#5761 = DIRECTION ( 'NONE',  ( -1.000000000000000000, 0.000000000000000000, 0.000000000000000000 ) ) ;
#5762 = CYLINDRICAL_SURFACE ( 'NONE', #2022, 0.3705708661417323468 ) ;
#5763 = CARTESIAN_POINT ( 'NONE',  ( 5.875000000000000888, -1.036747897645823535, 0.5692453116553130021 ) ) ;
#5764 = VECTOR ( 'NONE', #4209, 39.37007874015748143 ) ;
#5765 = DIRECTION ( 'NONE',  ( -1.000000000000000000, 0.000000000000000000, 0.000000000000000000 ) ) ;
#5766 = PLANE ( 'NONE',  #4072 ) ;
#5767 = ORIENTED_EDGE ( 'NONE', *, *, #2828, .F. ) ;
#5768 = DIRECTION ( 'NONE',  ( 1.000000000000000000, 0.000000000000000000, -0.000000000000000000 ) ) ;
#5769 = EDGE_CURVE ( 'NONE', #3603, #1453, #3059, .T. ) ;
#5770 = ORIENTED_EDGE ( 'NONE', *, *, #50, .T. ) ;
#5771 = VECTOR ( 'NONE', #3374, 39.37007874015748143 ) ;
#5772 = VECTOR ( 'NONE', #597, 39.37007874015748143 ) ;
#5773 = VECTOR ( 'NONE', #4625, 39.37007874015748143 ) ;
#5774 = DIRECTION ( 'NONE',  ( -0.000000000000000000, 0.000000000000000000, -1.000000000000000000 ) ) ;
#5775 = EDGE_LOOP ( 'NONE', ( #1746, #3036, #6290, #4030 ) ) ;
#5776 = ORIENTED_EDGE ( 'NONE', *, *, #1038, .T. ) ;
#5777 = CARTESIAN_POINT ( 'NONE',  ( 6.375000000000001776, 1.000000000000000222, 1.624999999999999778 ) ) ;
#5778 = FACE_OUTER_BOUND ( 'NONE', #816, .T. ) ;
#5779 = EDGE_CURVE ( 'NONE', #3869, #2554, #4621, .T. ) ;
#5780 = DIRECTION ( 'NONE',  ( 0.000000000000000000, 0.7071067811865487940, -0.7071067811865462405 ) ) ;
#5781 = ORIENTED_EDGE ( 'NONE', *, *, #6223, .T. ) ;
#5782 = ORIENTED_EDGE ( 'NONE', *, *, #6300, .T. ) ;
#5783 = FACE_OUTER_BOUND ( 'NONE', #2215, .T. ) ;
#5784 = CARTESIAN_POINT ( 'NONE',  ( 6.625000000000001776, 1.024999999999999689, -0.7749999999999994671 ) ) ;
#5785 = ORIENTED_EDGE ( 'NONE', *, *, #2889, .F. ) ;
#5786 = EDGE_CURVE ( 'NONE', #86, #3043, #4029, .T. ) ;
#5787 = EDGE_CURVE ( 'NONE', #2886, #5751, #1583, .T. ) ;
#5788 = ORIENTED_EDGE ( 'NONE', *, *, #3441, .T. ) ;
#5789 =( GEOMETRIC_REPRESENTATION_CONTEXT ( 3 ) GLOBAL_UNCERTAINTY_ASSIGNED_CONTEXT ( ( #891 ) ) GLOBAL_UNIT_ASSIGNED_CONTEXT ( ( #5095, #4608, #6033 ) ) REPRESENTATION_CONTEXT ( 'NONE', 'WORKASPACE' ) );
#5790 = DIRECTION ( 'NONE',  ( 1.000000000000000000, 0.000000000000000000, 0.000000000000000000 ) ) ;
#5791 = ORIENTED_EDGE ( 'NONE', *, *, #2478, .T. ) ;
#5792 = DIRECTION ( 'NONE',  ( 0.000000000000000000, 0.000000000000000000, 1.000000000000000000 ) ) ;
#5793 = DIRECTION ( 'NONE',  ( 0.000000000000000000, 0.4872948987366640394, 0.8732374715191876247 ) ) ;
#5794 = CARTESIAN_POINT ( 'NONE',  ( 5.374999999999990230, -0.3749999999999999445, -0.1249999999999999029 ) ) ;
#5795 = CARTESIAN_POINT ( 'NONE',  ( 7.375000000000000888, 1.064999999999999947, -0.2250000000000000611 ) ) ;
#5796 = EDGE_CURVE ( 'NONE', #3069, #6282, #2149, .T. ) ;
#5797 = DIRECTION ( 'NONE',  ( -1.000000000000000000, 0.000000000000000000, 0.000000000000000000 ) ) ;
#5798 = VERTEX_POINT ( 'NONE', #4516 ) ;
#5799 = VERTEX_POINT ( 'NONE', #5038 ) ;
#5800 = ADVANCED_FACE ( 'NONE', ( #4066 ), #2675, .T. ) ;
#5801 = CARTESIAN_POINT ( 'NONE',  ( 5.875000000000000888, -0.5000000000000001110, 0.4999999999999997224 ) ) ;
#5802 = DIRECTION ( 'NONE',  ( 0.000000000000000000, 0.000000000000000000, -1.000000000000000000 ) ) ;
#5803 = AXIS2_PLACEMENT_3D ( 'NONE', #414, #4846, #930 ) ;
#5804 = ORIENTED_EDGE ( 'NONE', *, *, #3537, .T. ) ;
#5805 = EDGE_LOOP ( 'NONE', ( #829, #3364, #2366, #1946, #5266, #6228, #3386 ) ) ;
#5806 = VECTOR ( 'NONE', #3200, 39.37007874015748854 ) ;
#5807 = LINE ( 'NONE', #948, #5286 ) ;
#5808 = DIRECTION ( 'NONE',  ( 0.000000000000000000, 0.000000000000000000, 1.000000000000000000 ) ) ;
#5809 = CARTESIAN_POINT ( 'NONE',  ( 7.625000000000000888, 1.124999999999999556, -0.2850000000000000866 ) ) ;
#5810 = VECTOR ( 'NONE', #3309, 39.37007874015748143 ) ;
#5811 = EDGE_LOOP ( 'NONE', ( #3313, #4725, #1706, #5432 ) ) ;
#5812 = VECTOR ( 'NONE', #684, 39.37007874015748143 ) ;
#5813 = ORIENTED_EDGE ( 'NONE', *, *, #3993, .F. ) ;
#5814 = CARTESIAN_POINT ( 'NONE',  ( 6.375000000000001776, 0.06500000000000009936, -1.224999999999999867 ) ) ;
#5815 = CARTESIAN_POINT ( 'NONE',  ( 7.375000000000000888, -0.5000000000000001110, 0.4999999999999997224 ) ) ;
#5816 = AXIS2_PLACEMENT_3D ( 'NONE', #538, #6343, #3388 ) ;
#5817 = LINE ( 'NONE', #437, #4934 ) ;
#5818 = EDGE_LOOP ( 'NONE', ( #460, #599, #5976, #3472 ) ) ;
#5819 = ORIENTED_EDGE ( 'NONE', *, *, #191, .F. ) ;
#5820 = DIRECTION ( 'NONE',  ( 0.000000000000000000, 0.000000000000000000, 1.000000000000000000 ) ) ;
#5821 = VERTEX_POINT ( 'NONE', #3097 ) ;
#5822 = EDGE_CURVE ( 'NONE', #6400, #568, #4131, .T. ) ;
#5823 = LINE ( 'NONE', #2837, #4356 ) ;
#5824 = ADVANCED_FACE ( 'NONE', ( #3614 ), #6113, .T. ) ;
#5825 = FACE_OUTER_BOUND ( 'NONE', #605, .T. ) ;
#5826 = CARTESIAN_POINT ( 'NONE',  ( 7.625000000000000888, 0.000000000000000000, -1.249999999999999778 ) ) ;
#5827 = VECTOR ( 'NONE', #3270, 39.37007874015748143 ) ;
#5828 = DIRECTION ( 'NONE',  ( 1.000000000000000000, 0.000000000000000000, 0.000000000000000000 ) ) ;
#5829 = PLANE ( 'NONE',  #6355 ) ;
#5830 = ORIENTED_EDGE ( 'NONE', *, *, #6187, .F. ) ;
#5831 = ORIENTED_EDGE ( 'NONE', *, *, #1092, .T. ) ;
#5832 = DIRECTION ( 'NONE',  ( 1.000000000000000000, 0.000000000000000000, 0.000000000000000000 ) ) ;
#5833 = ADVANCED_FACE ( 'NONE', ( #4547 ), #85, .F. ) ;
#5834 = VECTOR ( 'NONE', #3801, 39.37007874015748143 ) ;
#5835 = CARTESIAN_POINT ( 'NONE',  ( 7.625000000000000888, 1.124999999999999778, 1.324999999999999956 ) ) ;
#5836 = DIRECTION ( 'NONE',  ( 4.370956789862818684E-16, 1.365923996832115871E-14, 1.000000000000000000 ) ) ;
#5837 = ORIENTED_EDGE ( 'NONE', *, *, #1603, .T. ) ;
#5838 = VERTEX_POINT ( 'NONE', #3655 ) ;
#5839 = AXIS2_PLACEMENT_3D ( 'NONE', #6000, #1507, #5938 ) ;
#5840 = CARTESIAN_POINT ( 'NONE',  ( 7.375000000000000888, 0.000000000000000000, -1.750000000000000000 ) ) ;
#5841 = EDGE_CURVE ( 'NONE', #1555, #6265, #125, .T. ) ;
#5842 = FACE_OUTER_BOUND ( 'NONE', #1074, .T. ) ;
#5843 = CARTESIAN_POINT ( 'NONE',  ( 7.625000000000000888, 0.7499999999999998890, -0.7499999999999997780 ) ) ;
#5844 = EDGE_LOOP ( 'NONE', ( #560, #1225, #1223, #852 ) ) ;
#5845 = ORIENTED_EDGE ( 'NONE', *, *, #1049, .F. ) ;
#5846 = DIRECTION ( 'NONE',  ( 0.000000000000000000, 1.000000000000000000, 0.000000000000000000 ) ) ;
#5847 = FACE_OUTER_BOUND ( 'NONE', #760, .T. ) ;
#5848 = ORIENTED_EDGE ( 'NONE', *, *, #1455, .F. ) ;
#5849 = ORIENTED_EDGE ( 'NONE', *, *, #4364, .F. ) ;
#5850 = DIRECTION ( 'NONE',  ( -1.000000000000000000, 0.000000000000000000, -4.370956789862818684E-16 ) ) ;
#5851 = VERTEX_POINT ( 'NONE', #1195 ) ;
#5852 = DIRECTION ( 'NONE',  ( 0.000000000000000000, 0.7071067811865491270, -0.7071067811865460184 ) ) ;
#5853 = DIRECTION ( 'NONE',  ( 0.000000000000000000, 0.7071067811865495711, 0.7071067811865454633 ) ) ;
#5854 = EDGE_CURVE ( 'NONE', #3506, #2358, #741, .T. ) ;
#5855 = CARTESIAN_POINT ( 'NONE',  ( 6.625000000000001776, 1.000000000000000000, 1.375000000000000000 ) ) ;
#5856 = CARTESIAN_POINT ( 'NONE',  ( 7.375000000000000888, -0.5000000000000001110, 0.4999999999999997224 ) ) ;
#5857 = EDGE_CURVE ( 'NONE', #3854, #5942, #494, .T. ) ;
#5858 = DIRECTION ( 'NONE',  ( -0.000000000000000000, 0.000000000000000000, -1.000000000000000000 ) ) ;
#5859 = ADVANCED_FACE ( 'NONE', ( #4265 ), #6211, .F. ) ;
#5860 = VERTEX_POINT ( 'NONE', #3314 ) ;
#5861 = ORIENTED_EDGE ( 'NONE', *, *, #5187, .F. ) ;
#5862 = DIRECTION ( 'NONE',  ( 1.000000000000000000, -0.000000000000000000, -0.000000000000000000 ) ) ;
#5863 = VERTEX_POINT ( 'NONE', #1260 ) ;
#5864 = PLANE ( 'NONE',  #300 ) ;
#5865 = VECTOR ( 'NONE', #618, 39.37007874015748143 ) ;
#5866 = EDGE_CURVE ( 'NONE', #2352, #1380, #1747, .T. ) ;
#5867 = DIRECTION ( 'NONE',  ( 0.000000000000000000, 0.000000000000000000, -1.000000000000000000 ) ) ;
#5868 = ADVANCED_FACE ( 'NONE', ( #1288 ), #5657, .F. ) ;
#5869 = VECTOR ( 'NONE', #4531, 39.37007874015748143 ) ;
#5870 = CARTESIAN_POINT ( 'NONE',  ( 5.624999999999969802, 0.06499999999999993283, -0.7750000000000002442 ) ) ;
#5871 = VERTEX_POINT ( 'NONE', #221 ) ;
#5872 = ORIENTED_EDGE ( 'NONE', *, *, #2395, .T. ) ;
#5873 = SHAPE_DEFINITION_REPRESENTATION ( #1585, #2551 ) ;
#5874 = CARTESIAN_POINT ( 'NONE',  ( 7.375000000000000888, 0.7499999999999998890, -0.6249999999999996669 ) ) ;
#5875 = AXIS2_PLACEMENT_3D ( 'NONE', #2331, #3311, #5285 ) ;
#5876 = DIRECTION ( 'NONE',  ( -0.000000000000000000, -1.000000000000000000, -6.829619984160730819E-15 ) ) ;
#5877 = DIRECTION ( 'NONE',  ( 0.000000000000000000, 0.000000000000000000, 1.000000000000000000 ) ) ;
#5878 = ADVANCED_FACE ( 'NONE', ( #4812 ), #343, .F. ) ;
#5879 = ORIENTED_EDGE ( 'NONE', *, *, #2296, .T. ) ;
#5880 = CARTESIAN_POINT ( 'NONE',  ( 5.624999999999969802, 0.000000000000000000, 1.750000000000000222 ) ) ;
#5881 = DIRECTION ( 'NONE',  ( 0.000000000000000000, 0.000000000000000000, 1.000000000000000000 ) ) ;
#5882 = ORIENTED_EDGE ( 'NONE', *, *, #2497, .F. ) ;
#5883 = ORIENTED_EDGE ( 'NONE', *, *, #6017, .T. ) ;
#5884 = FACE_OUTER_BOUND ( 'NONE', #4859, .T. ) ;
#5885 = CARTESIAN_POINT ( 'NONE',  ( 7.625000000000000888, -0.2500000000000000000, -1.249999999999999778 ) ) ;
#5886 = DIRECTION ( 'NONE',  ( -1.000000000000000000, 0.000000000000000000, -4.370956789862818684E-16 ) ) ;
#5887 = LINE ( 'NONE', #1882, #627 ) ;
#5888 = DIRECTION ( 'NONE',  ( -1.000000000000000000, 0.000000000000000000, 0.000000000000000000 ) ) ;
#5889 = AXIS2_PLACEMENT_3D ( 'NONE', #2349, #966, #5828 ) ;
#5890 = VERTEX_POINT ( 'NONE', #248 ) ;
#5891 = EDGE_LOOP ( 'NONE', ( #275, #3175, #5971, #4946 ) ) ;
#5892 = DIRECTION ( 'NONE',  ( -1.000000000000000000, 0.000000000000000000, 0.000000000000000000 ) ) ;
#5893 = ORIENTED_EDGE ( 'NONE', *, *, #1368, .F. ) ;
#5894 = LINE ( 'NONE', #6413, #3015 ) ;
#5895 = AXIS2_PLACEMENT_3D ( 'NONE', #614, #1554, #5491 ) ;
#5896 = LINE ( 'NONE', #4432, #5869 ) ;
#5897 = LINE ( 'NONE', #1745, #4800 ) ;
#5898 = VERTEX_POINT ( 'NONE', #770 ) ;
#5899 = ORIENTED_EDGE ( 'NONE', *, *, #897, .T. ) ;
#5900 = DIRECTION ( 'NONE',  ( 1.000000000000000000, -0.000000000000000000, -0.000000000000000000 ) ) ;
#5901 = DIRECTION ( 'NONE',  ( 0.000000000000000000, 0.000000000000000000, -1.000000000000000000 ) ) ;
#5902 = EDGE_CURVE ( 'NONE', #3264, #5314, #278, .T. ) ;
#5903 = EDGE_CURVE ( 'NONE', #4063, #4616, #5689, .T. ) ;
#5904 = CARTESIAN_POINT ( 'NONE',  ( 5.374999999999969802, 0.1250000000000001110, -0.3249999999999991229 ) ) ;
#5905 = ORIENTED_EDGE ( 'NONE', *, *, #6284, .T. ) ;
#5906 = VECTOR ( 'NONE', #505, 39.37007874015748854 ) ;
#5907 = ORIENTED_EDGE ( 'NONE', *, *, #3661, .F. ) ;
#5908 = CARTESIAN_POINT ( 'NONE',  ( 6.093503937007874960, -0.5000000000000001110, 0.4999999999999997224 ) ) ;
#5909 = VECTOR ( 'NONE', #3959, 39.37007874015748143 ) ;
#5910 = ADVANCED_FACE ( 'NONE', ( #3810 ), #800, .F. ) ;
#5911 = AXIS2_PLACEMENT_3D ( 'NONE', #2645, #4659, #192 ) ;
#5912 = DIRECTION ( 'NONE',  ( 0.000000000000000000, -1.000000000000000000, 0.000000000000000000 ) ) ;
#5913 = ORIENTED_EDGE ( 'NONE', *, *, #3094, .F. ) ;
#5914 = ORIENTED_EDGE ( 'NONE', *, *, #2665, .F. ) ;
#5915 = VECTOR ( 'NONE', #5329, 39.37007874015748143 ) ;
#5916 = CARTESIAN_POINT ( 'NONE',  ( 7.375000000000000888, 1.124999999999999556, -0.7149999999999996358 ) ) ;
#5917 = ORIENTED_EDGE ( 'NONE', *, *, #1603, .F. ) ;
#5918 = CARTESIAN_POINT ( 'NONE',  ( 6.375000000000000888, -0.7822277194723872284, 0.9127317704774073892 ) ) ;
#5919 = EDGE_CURVE ( 'NONE', #1309, #5328, #5261, .T. ) ;
#5920 = PLANE ( 'NONE',  #2563 ) ;
#5921 = LINE ( 'NONE', #6441, #4870 ) ;
#5922 = VECTOR ( 'NONE', #1167, 39.37007874015748143 ) ;
#5923 = FACE_OUTER_BOUND ( 'NONE', #549, .T. ) ;
#5924 = VERTEX_POINT ( 'NONE', #6274 ) ;
#5925 = CARTESIAN_POINT ( 'NONE',  ( 7.875000000000000888, 0.7499999999999998890, -0.3250000000000000666 ) ) ;
#5926 = EDGE_LOOP ( 'NONE', ( #4515, #3543, #5296, #1168, #602, #3648, #3121, #429 ) ) ;
#5927 = CARTESIAN_POINT ( 'NONE',  ( 6.125000000000000888, -0.04327021475472841300, 1.582529573514236620 ) ) ;
#5928 = LINE ( 'NONE', #1, #6330 ) ;
#5929 = VECTOR ( 'NONE', #4141, 39.37007874015748143 ) ;
#5930 = CARTESIAN_POINT ( 'NONE',  ( 6.625000000000001776, 0.1249999999999999029, -1.284999999999999476 ) ) ;
#5931 = PLANE ( 'NONE',  #4380 ) ;
#5932 = ORIENTED_EDGE ( 'NONE', *, *, #496, .T. ) ;
#5933 = ORIENTED_EDGE ( 'NONE', *, *, #5437, .F. ) ;
#5934 = AXIS2_PLACEMENT_3D ( 'NONE', #2486, #463, #3952 ) ;
#5935 = DIRECTION ( 'NONE',  ( 0.000000000000000000, 0.000000000000000000, 1.000000000000000000 ) ) ;
#5936 = DIRECTION ( 'NONE',  ( -1.000000000000000000, 0.000000000000000000, 0.000000000000000000 ) ) ;
#5937 = ORIENTED_EDGE ( 'NONE', *, *, #555, .T. ) ;
#5938 = DIRECTION ( 'NONE',  ( 0.000000000000000000, 0.000000000000000000, -1.000000000000000000 ) ) ;
#5939 = VECTOR ( 'NONE', #4115, 39.37007874015748143 ) ;
#5940 = ADVANCED_FACE ( 'NONE', ( #707 ), #2214, .T. ) ;
#5941 = ADVANCED_FACE ( 'NONE', ( #5783 ), #4690, .F. ) ;
#5942 = VERTEX_POINT ( 'NONE', #831 ) ;
#5943 = DIRECTION ( 'NONE',  ( -1.000000000000000000, 0.000000000000000000, 0.000000000000000000 ) ) ;
#5944 = LINE ( 'NONE', #1543, #2013 ) ;
#5945 = VERTEX_POINT ( 'NONE', #1715 ) ;
#5946 = ADVANCED_FACE ( 'NONE', ( #1224 ), #3227, .T. ) ;
#5947 = ORIENTED_EDGE ( 'NONE', *, *, #411, .T. ) ;
#5948 = DIRECTION ( 'NONE',  ( -1.000000000000000000, 0.000000000000000000, 0.000000000000000000 ) ) ;
#5949 = ORIENTED_EDGE ( 'NONE', *, *, #2000, .T. ) ;
#5950 = CARTESIAN_POINT ( 'NONE',  ( 6.375000000000001776, 1.024999999999999689, -0.2250000000000001998 ) ) ;
#5951 = PLANE ( 'NONE',  #4817 ) ;
#5952 = DIRECTION ( 'NONE',  ( -1.000000000000000000, 0.000000000000000000, 4.370956789862818684E-16 ) ) ;
#5953 = PLANE ( 'NONE',  #280 ) ;
#5954 = EDGE_CURVE ( 'NONE', #3442, #946, #4227, .T. ) ;
#5955 = VERTEX_POINT ( 'NONE', #4349 ) ;
#5956 = CARTESIAN_POINT ( 'NONE',  ( 6.375000000000001776, 1.000000000000000000, -0.7499999999999997780 ) ) ;
#5957 = ORIENTED_EDGE ( 'NONE', *, *, #4371, .F. ) ;
#5958 = DIRECTION ( 'NONE',  ( 4.370956789862818684E-16, 0.000000000000000000, 1.000000000000000000 ) ) ;
#5959 = DIRECTION ( 'NONE',  ( -1.000000000000000000, 0.000000000000000000, 0.000000000000000000 ) ) ;
#5960 = DIRECTION ( 'NONE',  ( 0.000000000000000000, 0.2613289371208236123, -0.9652498052956552943 ) ) ;
#5961 = EDGE_CURVE ( 'NONE', #936, #2500, #406, .T. ) ;
#5962 = PLANE ( 'NONE',  #5515 ) ;
#5963 = VERTEX_POINT ( 'NONE', #4901 ) ;
#5964 = ORIENTED_EDGE ( 'NONE', *, *, #2226, .T. ) ;
#5965 = VECTOR ( 'NONE', #2558, 39.37007874015748143 ) ;
#5966 = CARTESIAN_POINT ( 'NONE',  ( 7.875000000000000888, -0.5000000000000001110, 0.8705708661417320693 ) ) ;
#5967 = LINE ( 'NONE', #2553, #5973 ) ;
#5968 = ORIENTED_EDGE ( 'NONE', *, *, #523, .T. ) ;
#5969 = AXIS2_PLACEMENT_3D ( 'NONE', #1597, #2227, #2656 ) ;
#5970 = CARTESIAN_POINT ( 'NONE',  ( 7.625000000000000888, 0.7499999999999998890, 1.324999999999999956 ) ) ;
#5971 = ORIENTED_EDGE ( 'NONE', *, *, #4802, .T. ) ;
#5972 = LINE ( 'NONE', #1509, #2482 ) ;
#5973 = VECTOR ( 'NONE', #1535, 39.37007874015748143 ) ;
#5974 = LINE ( 'NONE', #5481, #5965 ) ;
#5975 = ORIENTED_EDGE ( 'NONE', *, *, #5722, .T. ) ;
#5976 = ORIENTED_EDGE ( 'NONE', *, *, #2665, .T. ) ;
#5977 = DIRECTION ( 'NONE',  ( 0.000000000000000000, 0.7071067811865493491, 0.7071067811865454633 ) ) ;
#5978 = ORIENTED_EDGE ( 'NONE', *, *, #6275, .T. ) ;
#5979 = CARTESIAN_POINT ( 'NONE',  ( 5.875000000000000000, -0.3333333333333331483, 1.605662432702577469 ) ) ;
#5980 = CARTESIAN_POINT ( 'NONE',  ( 6.375000000000001776, 0.000000000000000000, -1.750000000000000000 ) ) ;
#5981 = DIRECTION ( 'NONE',  ( 0.000000000000000000, 0.000000000000000000, 1.000000000000000000 ) ) ;
#5982 = EDGE_CURVE ( 'NONE', #3191, #3340, #3742, .T. ) ;
#5983 = CARTESIAN_POINT ( 'NONE',  ( 6.375000000000000888, -0.5000000000000002220, 0.9330708661417319583 ) ) ;
#5984 = EDGE_CURVE ( 'NONE', #4831, #4128, #2924, .T. ) ;
#5985 = CARTESIAN_POINT ( 'NONE',  ( 6.169055163359042915, 0.5093184831658341682, 1.795896492549026391 ) ) ;
#5986 = LINE ( 'NONE', #1396, #5615 ) ;
#5987 = ORIENTED_EDGE ( 'NONE', *, *, #1246, .T. ) ;
#5988 = DIRECTION ( 'NONE',  ( 0.000000000000000000, -1.000000000000000000, 1.365923996832115871E-14 ) ) ;
#5989 = EDGE_CURVE ( 'NONE', #6148, #1748, #6229, .T. ) ;
#5990 = VECTOR ( 'NONE', #592, 39.37007874015748143 ) ;
#5991 = CARTESIAN_POINT ( 'NONE',  ( 7.625000000000000888, 1.124999999999999556, -0.2850000000000000866 ) ) ;
#5992 = PLANE ( 'NONE',  #1568 ) ;
#5993 = ORIENTED_EDGE ( 'NONE', *, *, #4330, .T. ) ;
#5994 = ORIENTED_EDGE ( 'NONE', *, *, #6035, .F. ) ;
#5995 = VECTOR ( 'NONE', #1795, 39.37007874015748143 ) ;
#5996 = CARTESIAN_POINT ( 'NONE',  ( 6.625000000000001776, 1.124999999999999778, 1.714999999999999858 ) ) ;
#5997 = EDGE_CURVE ( 'NONE', #4545, #4765, #1352, .T. ) ;
#5998 = DIRECTION ( 'NONE',  ( 0.000000000000000000, -1.000000000000000000, 0.000000000000000000 ) ) ;
#5999 = ORIENTED_EDGE ( 'NONE', *, *, #2168, .F. ) ;
#6000 = CARTESIAN_POINT ( 'NONE',  ( 6.375000000000000888, -0.5000000000000001110, 0.4999999999999997224 ) ) ;
#6001 = B_SPLINE_SURFACE_WITH_KNOTS ( 'NONE', 3, 1, ( 
 ( #3789, #327 ),
 ( #2408, #4334 ),
 ( #2868, #3873 ),
 ( #385, #3849 ),
 ( #4392, #6312 ),
 ( #5794, #5763 ) ),
 .UNSPECIFIED., .F., .F., .F.,
 ( 4, 2, 4 ),
 ( 2, 2 ),
 ( 0.000000000000000000, 0.5000000000000000000, 1.000000000000000000 ),
 ( 0.000000000000000000, 1.000000000000000000 ),
 .UNSPECIFIED. ) ;
#6002 = VERTEX_POINT ( 'NONE', #1381 ) ;
#6003 = CARTESIAN_POINT ( 'NONE',  ( 7.375000000000000888, -0.7822277194723872284, 0.9127317704774070561 ) ) ;
#6004 = LINE ( 'NONE', #2991, #5659 ) ;
#6005 = ORIENTED_EDGE ( 'NONE', *, *, #6035, .T. ) ;
#6006 = CARTESIAN_POINT ( 'NONE',  ( 5.624999999999969802, -0.2500000000000000000, -0.7499999999999998890 ) ) ;
#6007 = ORIENTED_EDGE ( 'NONE', *, *, #696, .F. ) ;
#6008 = EDGE_LOOP ( 'NONE', ( #422, #5335, #2099, #1797 ) ) ;
#6009 = VECTOR ( 'NONE', #3716, 39.37007874015748143 ) ;
#6010 = DIRECTION ( 'NONE',  ( 0.000000000000000000, 0.7071067811865490160, 0.7071067811865459074 ) ) ;
#6011 = ORIENTED_EDGE ( 'NONE', *, *, #4353, .F. ) ;
#6012 = LINE ( 'NONE', #3100, #2911 ) ;
#6013 = CARTESIAN_POINT ( 'NONE',  ( 6.375000000000000888, 0.7499999999999998890, 1.124999999999999778 ) ) ;
#6014 = DIRECTION ( 'NONE',  ( -1.609756867909053294E-15, -0.7071067811865490160, 0.7071067811865459074 ) ) ;
#6015 = DIRECTION ( 'NONE',  ( 0.000000000000000000, -1.000000000000000000, -0.000000000000000000 ) ) ;
#6016 = VECTOR ( 'NONE', #1429, 39.37007874015748143 ) ;
#6017 = EDGE_CURVE ( 'NONE', #5563, #4751, #498, .T. ) ;
#6018 = EDGE_CURVE ( 'NONE', #6298, #168, #2494, .T. ) ;
#6019 = DIRECTION ( 'NONE',  ( 0.000000000000000000, 1.000000000000000000, 3.414809992080307034E-15 ) ) ;
#6020 = VERTEX_POINT ( 'NONE', #436 ) ;
#6021 = CARTESIAN_POINT ( 'NONE',  ( 5.624999999999969802, 0.1250000000000001110, -0.6750000000000001554 ) ) ;
#6022 = LINE ( 'NONE', #4040, #402 ) ;
#6023 = DIRECTION ( 'NONE',  ( -0.000000000000000000, -0.4977472193051467042, -0.8673221464219589283 ) ) ;
#6024 = AXIS2_PLACEMENT_3D ( 'NONE', #5697, #1819, #4202 ) ;
#6025 = FACE_OUTER_BOUND ( 'NONE', #430, .T. ) ;
#6026 = LINE ( 'NONE', #586, #223 ) ;
#6027 = EDGE_CURVE ( 'NONE', #287, #4631, #4445, .T. ) ;
#6028 = ORIENTED_EDGE ( 'NONE', *, *, #735, .F. ) ;
#6029 = ORIENTED_EDGE ( 'NONE', *, *, #857, .T. ) ;
#6030 = VECTOR ( 'NONE', #1728, 39.37007874015748143 ) ;
#6031 = FACE_OUTER_BOUND ( 'NONE', #5373, .T. ) ;
#6032 = PLANE ( 'NONE',  #562 ) ;
#6033 =( NAMED_UNIT ( * ) SI_UNIT ( $, .STERADIAN. ) SOLID_ANGLE_UNIT ( ) );
#6034 = DIRECTION ( 'NONE',  ( 1.000000000000000000, -0.000000000000000000, -0.000000000000000000 ) ) ;
#6035 = EDGE_CURVE ( 'NONE', #6184, #5955, #4412, .T. ) ;
#6036 = VERTEX_POINT ( 'NONE', #1901 ) ;
#6037 = DIRECTION ( 'NONE',  ( 0.000000000000000000, 1.000000000000000000, 0.000000000000000000 ) ) ;
#6038 = FACE_OUTER_BOUND ( 'NONE', #5107, .T. ) ;
#6039 = CARTESIAN_POINT ( 'NONE',  ( 6.625000000000001776, 1.024999999999999689, -0.2250000000000001998 ) ) ;
#6040 = ORIENTED_EDGE ( 'NONE', *, *, #2377, .T. ) ;
#6041 = VECTOR ( 'NONE', #1530, 39.37007874015748143 ) ;
#6042 = EDGE_LOOP ( 'NONE', ( #5993, #5380, #6089, #951 ) ) ;
#6043 = ORIENTED_EDGE ( 'NONE', *, *, #4148, .F. ) ;
#6044 = CARTESIAN_POINT ( 'NONE',  ( 8.000000000000001776, 1.000000000000000000, 0.000000000000000000 ) ) ;
#6045 = EDGE_LOOP ( 'NONE', ( #4355, #4352, #2527, #1791 ) ) ;
#6046 = LINE ( 'NONE', #2568, #3126 ) ;
#6047 = DIRECTION ( 'NONE',  ( 0.000000000000000000, 0.000000000000000000, -1.000000000000000000 ) ) ;
#6048 = CARTESIAN_POINT ( 'NONE',  ( 5.875000000000000888, -0.2500000000000000000, -1.000000000000000888 ) ) ;
#6049 = LINE ( 'NONE', #1589, #4544 ) ;
#6050 = VERTEX_POINT ( 'NONE', #5419 ) ;
#6051 = CARTESIAN_POINT ( 'NONE',  ( 5.875000000000000888, -1.036747897645823535, 0.5692453116553131132 ) ) ;
#6052 = ORIENTED_EDGE ( 'NONE', *, *, #657, .F. ) ;
#6053 = DIRECTION ( 'NONE',  ( 4.370956789862818684E-16, -1.365923996832115398E-14, -1.000000000000000000 ) ) ;
#6054 = CARTESIAN_POINT ( 'NONE',  ( 7.625000000000000888, 0.9999999999999998890, 1.674999999999999822 ) ) ;
#6055 = EDGE_CURVE ( 'NONE', #5401, #6236, #887, .T. ) ;
#6056 = CARTESIAN_POINT ( 'NONE',  ( 9.162901510716855213, -0.5000000000000002220, 0.9330708661417319583 ) ) ;
#6057 = FACE_OUTER_BOUND ( 'NONE', #5390, .T. ) ;
#6058 = EDGE_CURVE ( 'NONE', #4809, #2878, #5352, .T. ) ;
#6059 = ADVANCED_FACE ( 'NONE', ( #6397 ), #3474, .F. ) ;
#6060 = FACE_OUTER_BOUND ( 'NONE', #3319, .T. ) ;
#6061 = DIRECTION ( 'NONE',  ( 1.000000000000000000, 0.000000000000000000, 0.000000000000000000 ) ) ;
#6062 = ORIENTED_EDGE ( 'NONE', *, *, #4388, .T. ) ;
#6063 = ORIENTED_EDGE ( 'NONE', *, *, #4604, .T. ) ;
#6064 = PLANE ( 'NONE',  #2969 ) ;
#6065 = ADVANCED_FACE ( 'NONE', ( #5449 ), #1411, .T. ) ;
#6066 = LINE ( 'NONE', #2809, #5990 ) ;
#6067 = EDGE_CURVE ( 'NONE', #5799, #4387, #859, .T. ) ;
#6068 = PLANE ( 'NONE',  #3039 ) ;
#6069 = VECTOR ( 'NONE', #4076, 39.37007874015748143 ) ;
#6070 = ORIENTED_EDGE ( 'NONE', *, *, #2966, .T. ) ;
#6071 = DIRECTION ( 'NONE',  ( -1.000000000000000000, 0.000000000000000000, 0.000000000000000000 ) ) ;
#6072 = DIRECTION ( 'NONE',  ( 0.000000000000000000, 0.000000000000000000, -1.000000000000000000 ) ) ;
#6073 = VECTOR ( 'NONE', #5229, 39.37007874015748143 ) ;
#6074 = DIRECTION ( 'NONE',  ( 0.000000000000000000, 0.7071067811865435759, 0.7071067811865513475 ) ) ;
#6075 = ORIENTED_EDGE ( 'NONE', *, *, #4031, .T. ) ;
#6076 = EDGE_CURVE ( 'NONE', #3988, #2421, #469, .T. ) ;
#6077 = CARTESIAN_POINT ( 'NONE',  ( 6.625000000000001776, 0.000000000000000000, -1.750000000000000000 ) ) ;
#6078 = VERTEX_POINT ( 'NONE', #988 ) ;
#6079 = VECTOR ( 'NONE', #4576, 39.37007874015748143 ) ;
#6080 = ORIENTED_EDGE ( 'NONE', *, *, #3936, .T. ) ;
#6081 = CARTESIAN_POINT ( 'NONE',  ( 7.375000000000000888, 1.124999999999999778, 1.674999999999999822 ) ) ;
#6082 = ORIENTED_EDGE ( 'NONE', *, *, #6424, .T. ) ;
#6083 = DIRECTION ( 'NONE',  ( 0.000000000000000000, 0.000000000000000000, -1.000000000000000000 ) ) ;
#6084 = DIRECTION ( 'NONE',  ( -1.000000000000000000, 0.000000000000000000, 4.370956789862818684E-16 ) ) ;
#6085 = CARTESIAN_POINT ( 'NONE',  ( 5.374999999999969802, -0.2500000000000000000, -0.6750000000000000444 ) ) ;
#6086 = ADVANCED_FACE ( 'NONE', ( #2990 ), #4965, .T. ) ;
#6087 = VECTOR ( 'NONE', #5912, 39.37007874015748143 ) ;
#6088 = CARTESIAN_POINT ( 'NONE',  ( 7.375000000000000888, 0.000000000000000000, -1.675000000000000044 ) ) ;
#6089 = ORIENTED_EDGE ( 'NONE', *, *, #2220, .T. ) ;
#6090 = CARTESIAN_POINT ( 'NONE',  ( 5.374999999999969802, -0.2500000000000000000, -1.675000000000000044 ) ) ;
#6091 = VERTEX_POINT ( 'NONE', #2364 ) ;
#6092 = LINE ( 'NONE', #3143, #3179 ) ;
#6093 = PLANE ( 'NONE',  #819 ) ;
#6094 = CARTESIAN_POINT ( 'NONE',  ( 5.875000000000000888, -0.5000000000000001110, 0.4999999999999997224 ) ) ;
#6095 = CARTESIAN_POINT ( 'NONE',  ( 9.162901510716855213, -0.5000000000000002220, 0.9330708661417319583 ) ) ;
#6096 = DIRECTION ( 'NONE',  ( -1.000000000000000000, 0.000000000000000000, 4.370956789862818684E-16 ) ) ;
#6097 = ORIENTED_EDGE ( 'NONE', *, *, #3052, .T. ) ;
#6098 = DIRECTION ( 'NONE',  ( 0.000000000000000000, -1.000000000000000000, -0.000000000000000000 ) ) ;
#6099 = PLANE ( 'NONE',  #4320 ) ;
#6100 = CARTESIAN_POINT ( 'NONE',  ( 5.875000000000000888, 0.000000000000000000, -1.875000000000000000 ) ) ;
#6101 = FACE_BOUND ( 'NONE', #4375, .T. ) ;
#6102 = AXIS2_PLACEMENT_3D ( 'NONE', #985, #4409, #5877 ) ;
#6103 = ORIENTED_EDGE ( 'NONE', *, *, #888, .T. ) ;
#6104 = DIRECTION ( 'NONE',  ( 1.000000000000000000, 0.000000000000000000, -0.000000000000000000 ) ) ;
#6105 = EDGE_CURVE ( 'NONE', #1701, #1066, #1575, .T. ) ;
#6106 = CARTESIAN_POINT ( 'NONE',  ( 7.375000000000000888, 0.02499999999999977240, -1.774999999999999689 ) ) ;
#6107 = EDGE_CURVE ( 'NONE', #1435, #4381, #4613, .T. ) ;
#6108 = PLANE ( 'NONE',  #772 ) ;
#6109 = DIRECTION ( 'NONE',  ( 0.000000000000000000, 0.8254635409548151115, 0.5644554389447746789 ) ) ;
#6110 = VERTEX_POINT ( 'NONE', #3023 ) ;
#6111 = ORIENTED_EDGE ( 'NONE', *, *, #6269, .F. ) ;
#6112 = ORIENTED_EDGE ( 'NONE', *, *, #1490, .F. ) ;
#6113 = PLANE ( 'NONE',  #2476 ) ;
#6114 = EDGE_CURVE ( 'NONE', #2864, #1845, #4090, .T. ) ;
#6115 = VERTEX_POINT ( 'NONE', #665 ) ;
#6116 = CARTESIAN_POINT ( 'NONE',  ( 5.624999999999969802, 0.000000000000000000, -0.3749999999999992784 ) ) ;
#6117 = PLANE ( 'NONE',  #2068 ) ;
#6118 = DIRECTION ( 'NONE',  ( 0.000000000000000000, -1.000000000000000000, -0.000000000000000000 ) ) ;
#6119 = AXIS2_PLACEMENT_3D ( 'NONE', #4386, #6437, #2402 ) ;
#6120 = ORIENTED_EDGE ( 'NONE', *, *, #5430, .T. ) ;
#6121 = DIRECTION ( 'NONE',  ( 1.000000000000000000, 0.000000000000000000, -4.370956789862818684E-16 ) ) ;
#6122 = EDGE_CURVE ( 'NONE', #5235, #5058, #2557, .T. ) ;
#6123 = ORIENTED_EDGE ( 'NONE', *, *, #5759, .F. ) ;
#6124 = PLANE ( 'NONE',  #2536 ) ;
#6125 = DIRECTION ( 'NONE',  ( 0.000000000000000000, 0.000000000000000000, 1.000000000000000000 ) ) ;
#6126 = VECTOR ( 'NONE', #6266, 39.37007874015748854 ) ;
#6127 = LINE ( 'NONE', #6221, #514 ) ;
#6128 = LINE ( 'NONE', #1667, #4416 ) ;
#6129 = VECTOR ( 'NONE', #3977, 39.37007874015748143 ) ;
#6130 = CARTESIAN_POINT ( 'NONE',  ( 6.375000000000001776, -0.2500000000000000000, -1.750000000000000000 ) ) ;
#6131 = DIRECTION ( 'NONE',  ( 0.000000000000000000, 0.000000000000000000, 1.000000000000000000 ) ) ;
#6132 = VECTOR ( 'NONE', #3607, 39.37007874015748143 ) ;
#6133 = EDGE_LOOP ( 'NONE', ( #4468, #1831, #2801, #4665 ) ) ;
#6134 = VECTOR ( 'NONE', #795, 39.37007874015748143 ) ;
#6135 = LINE ( 'NONE', #692, #4738 ) ;
#6136 = CARTESIAN_POINT ( 'NONE',  ( 5.374999999999969802, -0.3749999999999999445, 1.750000000000000222 ) ) ;
#6137 = CARTESIAN_POINT ( 'NONE',  ( 5.374999999999969802, 0.1250000000000001110, -0.2849999999999990319 ) ) ;
#6138 = VECTOR ( 'NONE', #92, 39.37007874015748143 ) ;
#6139 = FACE_BOUND ( 'NONE', #6218, .T. ) ;
#6140 = ORIENTED_EDGE ( 'NONE', *, *, #2655, .T. ) ;
#6141 = PLANE ( 'NONE',  #6232 ) ;
#6142 = EDGE_CURVE ( 'NONE', #6245, #856, #5544, .T. ) ;
#6143 = VECTOR ( 'NONE', #5301, 39.37007874015748143 ) ;
#6144 = CARTESIAN_POINT ( 'NONE',  ( 5.792708738627132092, -0.5094531949789870007, -1.167708738627140308 ) ) ;
#6145 = ORIENTED_EDGE ( 'NONE', *, *, #176, .F. ) ;
#6146 = ADVANCED_FACE ( 'NONE', ( #151 ), #5581, .F. ) ;
#6147 = EDGE_CURVE ( 'NONE', #5721, #1177, #1083, .T. ) ;
#6148 = VERTEX_POINT ( 'NONE', #6003 ) ;
#6149 = ORIENTED_EDGE ( 'NONE', *, *, #1910, .T. ) ;
#6150 = DIRECTION ( 'NONE',  ( -1.000000000000000000, 0.000000000000000000, 0.000000000000000000 ) ) ;
#6151 = VERTEX_POINT ( 'NONE', #1610 ) ;
#6152 = VECTOR ( 'NONE', #8, 39.37007874015748854 ) ;
#6153 = LINE ( 'NONE', #1062, #1347 ) ;
#6154 = CARTESIAN_POINT ( 'NONE',  ( 5.374999999999969802, 0.000000000000000000, 1.250000000000000000 ) ) ;
#6155 = DIRECTION ( 'NONE',  ( 3.090733186385374104E-16, 0.7071067811865493491, 0.7071067811865456854 ) ) ;
#6156 = ADVANCED_FACE ( 'NONE', ( #3158 ), #5063, .T. ) ;
#6157 = VECTOR ( 'NONE', #3572, 39.37007874015748143 ) ;
#6158 = VERTEX_POINT ( 'NONE', #1642 ) ;
#6159 = FACE_OUTER_BOUND ( 'NONE', #6243, .T. ) ;
#6160 = VERTEX_POINT ( 'NONE', #4578 ) ;
#6161 = CARTESIAN_POINT ( 'NONE',  ( 6.625000000000001776, 1.064999999999999947, -0.2250000000000000611 ) ) ;
#6162 = LINE ( 'NONE', #2719, #928 ) ;
#6163 = EDGE_CURVE ( 'NONE', #6399, #2379, #4648, .T. ) ;
#6164 = DIRECTION ( 'NONE',  ( 0.000000000000000000, 1.000000000000000000, 0.000000000000000000 ) ) ;
#6165 = DIRECTION ( 'NONE',  ( 0.000000000000000000, 0.000000000000000000, -1.000000000000000000 ) ) ;
#6166 = ORIENTED_EDGE ( 'NONE', *, *, #3787, .T. ) ;
#6167 = CARTESIAN_POINT ( 'NONE',  ( 5.374999999999969802, 0.1250000000000001110, 1.284999999999999254 ) ) ;
#6168 = DIRECTION ( 'NONE',  ( 0.000000000000000000, -0.000000000000000000, -1.000000000000000000 ) ) ;
#6169 = CARTESIAN_POINT ( 'NONE',  ( 7.375000000000000888, 1.124999999999999556, -0.3250000000000000666 ) ) ;
#6170 = LINE ( 'NONE', #179, #3702 ) ;
#6171 = ORIENTED_EDGE ( 'NONE', *, *, #1612, .T. ) ;
#6172 = DIRECTION ( 'NONE',  ( 0.000000000000000000, 0.000000000000000000, -1.000000000000000000 ) ) ;
#6173 = DIRECTION ( 'NONE',  ( 0.000000000000000000, 1.000000000000000000, 0.000000000000000000 ) ) ;
#6174 = DIRECTION ( 'NONE',  ( 0.000000000000000000, -0.000000000000000000, -1.000000000000000000 ) ) ;
#6175 = EDGE_LOOP ( 'NONE', ( #4512, #3541, #3133, #755 ) ) ;
#6176 = EDGE_LOOP ( 'NONE', ( #4122, #1900, #3488, #1870 ) ) ;
#6177 = CARTESIAN_POINT ( 'NONE',  ( 5.624999999999969802, 0.1250000000000001110, -0.2849999999999990874 ) ) ;
#6178 = ORIENTED_EDGE ( 'NONE', *, *, #809, .F. ) ;
#6179 = VECTOR ( 'NONE', #2651, 39.37007874015748143 ) ;
#6180 = LINE ( 'NONE', #2710, #1957 ) ;
#6181 = DIRECTION ( 'NONE',  ( -1.000000000000000000, 0.000000000000000000, 0.000000000000000000 ) ) ;
#6182 = LINE ( 'NONE', #1265, #6213 ) ;
#6183 = VECTOR ( 'NONE', #5253, 39.37007874015748143 ) ;
#6184 = VERTEX_POINT ( 'NONE', #2070 ) ;
#6185 = LINE ( 'NONE', #3321, #2077 ) ;
#6186 = EDGE_LOOP ( 'NONE', ( #2340, #3278, #2037, #6370, #6367, #2110, #2891 ) ) ;
#6187 = EDGE_CURVE ( 'NONE', #4381, #4449, #2002, .T. ) ;
#6188 = CARTESIAN_POINT ( 'NONE',  ( 7.375000000000000888, 0.02499999999999973424, -1.224999999999999867 ) ) ;
#6189 = EDGE_CURVE ( 'NONE', #1810, #671, #4124, .T. ) ;
#6190 = AXIS2_PLACEMENT_3D ( 'NONE', #6297, #4862, #1836 ) ;
#6191 = LINE ( 'NONE', #3560, #4937 ) ;
#6192 = DIRECTION ( 'NONE',  ( -1.000000000000000000, 0.000000000000000000, 0.000000000000000000 ) ) ;
#6193 = CARTESIAN_POINT ( 'NONE',  ( 6.375000000000000888, 0.7499999999999998890, -0.1250000000000001665 ) ) ;
#6194 = ORIENTED_EDGE ( 'NONE', *, *, #3839, .T. ) ;
#6195 = CARTESIAN_POINT ( 'NONE',  ( 5.624999999999969802, 0.1250000000000001110, -0.3249999999999992895 ) ) ;
#6196 = EDGE_LOOP ( 'NONE', ( #3785, #5504, #5230, #3881 ) ) ;
#6197 = EDGE_CURVE ( 'NONE', #1894, #2213, #1052, .T. ) ;
#6198 = FACE_OUTER_BOUND ( 'NONE', #4187, .T. ) ;
#6199 = DIRECTION ( 'NONE',  ( 0.000000000000000000, -1.000000000000000000, 2.185478394931410180E-15 ) ) ;
#6200 = VECTOR ( 'NONE', #6084, 39.37007874015748143 ) ;
#6201 = ORIENTED_EDGE ( 'NONE', *, *, #3368, .T. ) ;
#6202 = CARTESIAN_POINT ( 'NONE',  ( 5.999999999999999112, 0.7499999999999998890, 1.875000000000000000 ) ) ;
#6203 = EDGE_CURVE ( 'NONE', #823, #4545, #5618, .T. ) ;
#6204 = DIRECTION ( 'NONE',  ( 0.000000000000000000, 1.000000000000000000, 0.000000000000000000 ) ) ;
#6205 = VECTOR ( 'NONE', #5461, 39.37007874015748143 ) ;
#6206 = CARTESIAN_POINT ( 'NONE',  ( 5.417837192573299987, -0.3787163995954654916, -0.7928371925733072034 ) ) ;
#6207 = ORIENTED_EDGE ( 'NONE', *, *, #3214, .T. ) ;
#6208 = LINE ( 'NONE', #3651, #5096 ) ;
#6209 = CARTESIAN_POINT ( 'NONE',  ( 7.875000000000000888, -0.2500000000000000000, -1.000000000000000888 ) ) ;
#6210 = EDGE_LOOP ( 'NONE', ( #1676, #5644, #5725, #382 ) ) ;
#6211 = PLANE ( 'NONE',  #2800 ) ;
#6212 = ORIENTED_EDGE ( 'NONE', *, *, #6315, .F. ) ;
#6213 = VECTOR ( 'NONE', #1657, 39.37007874015748143 ) ;
#6214 = FACE_OUTER_BOUND ( 'NONE', #5374, .T. ) ;
#6215 = CARTESIAN_POINT ( 'NONE',  ( 5.875000000000000888, 0.1634595704905431601, 1.559396714325895772 ) ) ;
#6216 = ORIENTED_EDGE ( 'NONE', *, *, #5375, .F. ) ;
#6217 = FACE_OUTER_BOUND ( 'NONE', #1536, .T. ) ;
#6218 = EDGE_LOOP ( 'NONE', ( #4212, #5032, #1525, #2440 ) ) ;
#6219 = LINE ( 'NONE', #1757, #2590 ) ;
#6220 = LINE ( 'NONE', #4275, #4156 ) ;
#6221 = CARTESIAN_POINT ( 'NONE',  ( 5.624999999999969802, 0.000000000000000000, -0.6250000000000001110 ) ) ;
#6222 = VECTOR ( 'NONE', #1591, 39.37007874015748143 ) ;
#6223 = EDGE_CURVE ( 'NONE', #1066, #5007, #1152, .T. ) ;
#6224 = DIRECTION ( 'NONE',  ( 0.000000000000000000, -1.000000000000000000, -0.000000000000000000 ) ) ;
#6225 = EDGE_CURVE ( 'NONE', #4915, #4268, #5972, .T. ) ;
#6226 = VERTEX_POINT ( 'NONE', #5512 ) ;
#6227 = LINE ( 'NONE', #3149, #4486 ) ;
#6228 = ORIENTED_EDGE ( 'NONE', *, *, #2305, .F. ) ;
#6229 = CIRCLE ( 'NONE', #3118, 0.4999999999999998335 ) ;
#6230 = VECTOR ( 'NONE', #6125, 39.37007874015748143 ) ;
#6231 = CARTESIAN_POINT ( 'NONE',  ( 6.625000000000001776, 1.124999999999999778, 1.284999999999999920 ) ) ;
#6232 = AXIS2_PLACEMENT_3D ( 'NONE', #2204, #3800, #4256 ) ;
#6233 = LINE ( 'NONE', #4121, #5664 ) ;
#6234 = ADVANCED_FACE ( 'NONE', ( #3051 ), #5480, .F. ) ;
#6235 = AXIS2_PLACEMENT_3D ( 'NONE', #1834, #827, #2301 ) ;
#6236 = VERTEX_POINT ( 'NONE', #5029 ) ;
#6237 = FACE_OUTER_BOUND ( 'NONE', #2130, .T. ) ;
#6238 = CARTESIAN_POINT ( 'NONE',  ( 6.375000000000001776, 1.064999999999999503, 1.225000000000000089 ) ) ;
#6239 = VECTOR ( 'NONE', #423, 39.37007874015748143 ) ;
#6240 = DIRECTION ( 'NONE',  ( 0.000000000000000000, 0.000000000000000000, 1.000000000000000000 ) ) ;
#6241 = ORIENTED_EDGE ( 'NONE', *, *, #3773, .T. ) ;
#6242 = EDGE_CURVE ( 'NONE', #3653, #1404, #561, .T. ) ;
#6243 = EDGE_LOOP ( 'NONE', ( #747, #2190, #1985, #1685 ) ) ;
#6244 = DIRECTION ( 'NONE',  ( 1.000000000000000000, -0.000000000000000000, -0.000000000000000000 ) ) ;
#6245 = VERTEX_POINT ( 'NONE', #5283 ) ;
#6246 = VECTOR ( 'NONE', #721, 39.37007874015748143 ) ;
#6247 = ORIENTED_EDGE ( 'NONE', *, *, #742, .T. ) ;
#6248 = PLANE ( 'NONE',  #3728 ) ;
#6249 = EDGE_CURVE ( 'NONE', #2659, #3656, #2729, .T. ) ;
#6250 = ORIENTED_EDGE ( 'NONE', *, *, #5545, .F. ) ;
#6251 = LINE ( 'NONE', #3236, #1116 ) ;
#6252 = ORIENTED_EDGE ( 'NONE', *, *, #1779, .T. ) ;
#6253 = VECTOR ( 'NONE', #4536, 39.37007874015748143 ) ;
#6254 = CARTESIAN_POINT ( 'NONE',  ( 5.374999999999990230, -0.3749999999999999445, -0.7499999999999998890 ) ) ;
#6255 = LINE ( 'NONE', #3326, #2811 ) ;
#6256 = DIRECTION ( 'NONE',  ( -1.000000000000000000, 0.000000000000000000, 4.370956789862818684E-16 ) ) ;
#6257 = VECTOR ( 'NONE', #6096, 39.37007874015748143 ) ;
#6258 = CARTESIAN_POINT ( 'NONE',  ( 5.624999999999969802, -0.2500000000000000000, 1.374999999999999334 ) ) ;
#6259 = ORIENTED_EDGE ( 'NONE', *, *, #2329, .F. ) ;
#6260 = LINE ( 'NONE', #4764, #329 ) ;
#6261 = EDGE_CURVE ( 'NONE', #1408, #3567, #5683, .T. ) ;
#6262 = EDGE_LOOP ( 'NONE', ( #4978, #4301, #3079, #5098 ) ) ;
#6263 = DIRECTION ( 'NONE',  ( 1.000000000000000000, -0.000000000000000000, -0.000000000000000000 ) ) ;
#6264 = ORIENTED_EDGE ( 'NONE', *, *, #4431, .F. ) ;
#6265 = VERTEX_POINT ( 'NONE', #6202 ) ;
#6266 = DIRECTION ( 'NONE',  ( 0.000000000000000000, -0.4977472193051467042, -0.8673221464219589283 ) ) ;
#6267 = CARTESIAN_POINT ( 'NONE',  ( 6.625000000000001776, 0.9999999999999998890, 1.674999999999999822 ) ) ;
#6268 = EDGE_CURVE ( 'NONE', #2659, #2680, #4221, .T. ) ;
#6269 = EDGE_CURVE ( 'NONE', #168, #5740, #2234, .T. ) ;
#6270 = PLANE ( 'NONE',  #2663 ) ;
#6271 = ORIENTED_EDGE ( 'NONE', *, *, #1262, .F. ) ;
#6272 = CARTESIAN_POINT ( 'NONE',  ( 7.375000000000000888, 1.124999999999999778, 1.324999999999999956 ) ) ;
#6273 = ORIENTED_EDGE ( 'NONE', *, *, #5779, .T. ) ;
#6274 = CARTESIAN_POINT ( 'NONE',  ( 7.375000000000000888, 0.000000000000000000, -1.374999999999999778 ) ) ;
#6275 = EDGE_CURVE ( 'NONE', #617, #1309, #3192, .T. ) ;
#6276 = DIRECTION ( 'NONE',  ( 0.000000000000000000, 1.000000000000000000, 6.829619984160730819E-15 ) ) ;
#6277 = ORIENTED_EDGE ( 'NONE', *, *, #3493, .F. ) ;
#6278 = LINE ( 'NONE', #5265, #3623 ) ;
#6279 = VECTOR ( 'NONE', #1510, 39.37007874015747433 ) ;
#6280 = EDGE_LOOP ( 'NONE', ( #2983, #5441, #2861, #787 ) ) ;
#6281 = LINE ( 'NONE', #5297, #4555 ) ;
#6282 = VERTEX_POINT ( 'NONE', #272 ) ;
#6283 = LINE ( 'NONE', #1822, #4679 ) ;
#6284 = EDGE_CURVE ( 'NONE', #3098, #6368, #761, .T. ) ;
#6285 = CARTESIAN_POINT ( 'NONE',  ( 7.375000000000000888, 0.000000000000000000, -1.675000000000000044 ) ) ;
#6286 = CARTESIAN_POINT ( 'NONE',  ( 7.375000000000000888, 0.1249999999999999445, -1.324999999999999734 ) ) ;
#6287 = VECTOR ( 'NONE', #5642, 39.37007874015748143 ) ;
#6288 = CARTESIAN_POINT ( 'NONE',  ( 5.875000000000000888, -0.5000000000000001110, 0.4999999999999997224 ) ) ;
#6289 = LINE ( 'NONE', #5246, #3446 ) ;
#6290 = ORIENTED_EDGE ( 'NONE', *, *, #2226, .F. ) ;
#6291 = ORIENTED_EDGE ( 'NONE', *, *, #6315, .T. ) ;
#6292 = CIRCLE ( 'NONE', #4837, 1.250000000000000000 ) ;
#6293 = VECTOR ( 'NONE', #5324, 39.37007874015748143 ) ;
#6294 = ORIENTED_EDGE ( 'NONE', *, *, #1002, .F. ) ;
#6295 = VERTEX_POINT ( 'NONE', #2759 ) ;
#6296 = DIRECTION ( 'NONE',  ( 0.000000000000000000, -1.000000000000000000, -0.000000000000000000 ) ) ;
#6297 = CARTESIAN_POINT ( 'NONE',  ( 8.000000000000001776, 1.000000000000000000, 0.000000000000000000 ) ) ;
#6298 = VERTEX_POINT ( 'NONE', #181 ) ;
#6299 = EDGE_CURVE ( 'NONE', #4233, #342, #4152, .T. ) ;
#6300 = EDGE_CURVE ( 'NONE', #449, #3496, #4771, .T. ) ;
#6301 = EDGE_LOOP ( 'NONE', ( #2483, #3407, #3612, #4866 ) ) ;
#6302 = DIRECTION ( 'NONE',  ( -1.000000000000000000, 0.000000000000000000, 0.000000000000000000 ) ) ;
#6303 = CARTESIAN_POINT ( 'NONE',  ( 7.375000000000000888, 1.064999999999999503, 1.225000000000000089 ) ) ;
#6304 = ORIENTED_EDGE ( 'NONE', *, *, #3974, .F. ) ;
#6305 = ADVANCED_FACE ( 'NONE', ( #4682 ), #3709, .T. ) ;
#6306 = ORIENTED_EDGE ( 'NONE', *, *, #6122, .F. ) ;
#6307 = CIRCLE ( 'NONE', #6102, 0.3705708661417323468 ) ;
#6308 = PLANE ( 'NONE',  #2713 ) ;
#6309 = ORIENTED_EDGE ( 'NONE', *, *, #2523, .T. ) ;
#6310 = DIRECTION ( 'NONE',  ( 0.000000000000000000, 1.000000000000000000, 0.000000000000000000 ) ) ;
#6311 = CARTESIAN_POINT ( 'NONE',  ( 5.875000000000000888, -0.5000000000000001110, 0.4999999999999997224 ) ) ;
#6312 = CARTESIAN_POINT ( 'NONE',  ( 5.875000000000000888, -0.9264565813715194276, 0.1618710930460925956 ) ) ;
#6313 = DIRECTION ( 'NONE',  ( 0.000000000000000000, 0.000000000000000000, 1.000000000000000000 ) ) ;
#6314 = CARTESIAN_POINT ( 'NONE',  ( 6.000000000000000888, 0.000000000000000000, 0.000000000000000000 ) ) ;
#6315 = EDGE_CURVE ( 'NONE', #1599, #5212, #1251, .T. ) ;
#6316 = ORIENTED_EDGE ( 'NONE', *, *, #361, .T. ) ;
#6317 = EDGE_LOOP ( 'NONE', ( #6291, #3438, #5021, #2917 ) ) ;
#6318 = CARTESIAN_POINT ( 'NONE',  ( 5.374999999999969802, -0.3749999999999999445, 1.750000000000000222 ) ) ;
#6319 = CARTESIAN_POINT ( 'NONE',  ( 5.624999999999969802, 0.1250000000000001110, 1.675000000000000266 ) ) ;
#6320 = DIRECTION ( 'NONE',  ( 0.000000000000000000, 1.000000000000000000, 0.000000000000000000 ) ) ;
#6321 = VECTOR ( 'NONE', #6010, 39.37007874015748854 ) ;
#6322 = ORIENTED_EDGE ( 'NONE', *, *, #368, .T. ) ;
#6323 = ORIENTED_EDGE ( 'NONE', *, *, #559, .T. ) ;
#6324 = AXIS2_PLACEMENT_3D ( 'NONE', #3103, #2570, #508 ) ;
#6325 = DIRECTION ( 'NONE',  ( 1.000000000000000000, 0.000000000000000000, 0.000000000000000000 ) ) ;
#6326 = PLANE ( 'NONE',  #4053 ) ;
#6327 = LINE ( 'NONE', #1898, #158 ) ;
#6328 = AXIS2_PLACEMENT_3D ( 'NONE', #2858, #4841, #373 ) ;
#6329 = ORIENTED_EDGE ( 'NONE', *, *, #2560, .T. ) ;
#6330 = VECTOR ( 'NONE', #4920, 39.37007874015748143 ) ;
#6331 = ORIENTED_EDGE ( 'NONE', *, *, #5377, .T. ) ;
#6332 = EDGE_CURVE ( 'NONE', #3769, #6368, #3253, .T. ) ;
#6333 = DIRECTION ( 'NONE',  ( 0.000000000000000000, 0.000000000000000000, 1.000000000000000000 ) ) ;
#6334 = VECTOR ( 'NONE', #2930, 39.37007874015748143 ) ;
#6335 = CARTESIAN_POINT ( 'NONE',  ( 5.374999999999969802, 1.000000000000000000, 1.375000000000000000 ) ) ;
#6336 = EDGE_CURVE ( 'NONE', #3466, #2961, #3218, .T. ) ;
#6337 = EDGE_LOOP ( 'NONE', ( #4485, #3574, #2673, #5169 ) ) ;
#6338 = EDGE_CURVE ( 'NONE', #1474, #1027, #817, .T. ) ;
#6339 = ORIENTED_EDGE ( 'NONE', *, *, #5903, .T. ) ;
#6340 = DIRECTION ( 'NONE',  ( 0.000000000000000000, 0.000000000000000000, 1.000000000000000000 ) ) ;
#6341 = EDGE_LOOP ( 'NONE', ( #307, #211, #5148, #3042 ) ) ;
#6342 = DIRECTION ( 'NONE',  ( 1.000000000000000000, 0.000000000000000000, 0.000000000000000000 ) ) ;
#6343 = DIRECTION ( 'NONE',  ( 0.000000000000000000, -0.7071067811865491270, -0.7071067811865460184 ) ) ;
#6344 = ADVANCED_FACE ( 'NONE', ( #5227 ), #6141, .T. ) ;
#6345 = DIRECTION ( 'NONE',  ( 0.000000000000000000, 0.000000000000000000, -1.000000000000000000 ) ) ;
#6346 = ADVANCED_FACE ( 'NONE', ( #6237 ), #4188, .F. ) ;
#6347 = DIRECTION ( 'NONE',  ( 1.000000000000000000, 0.000000000000000000, -0.000000000000000000 ) ) ;
#6348 = CARTESIAN_POINT ( 'NONE',  ( 5.374999999999969802, 0.7499999999999998890, 1.375000000000000000 ) ) ;
#6349 = ORIENTED_EDGE ( 'NONE', *, *, #1669, .T. ) ;
#6350 = VERTEX_POINT ( 'NONE', #5746 ) ;
#6351 = EDGE_LOOP ( 'NONE', ( #2017, #5434, #2394, #4341 ) ) ;
#6352 = CARTESIAN_POINT ( 'NONE',  ( 5.374999999999969802, 1.088470684975604861E-16, 1.324999999999999289 ) ) ;
#6353 = CARTESIAN_POINT ( 'NONE',  ( 6.375000000000001776, 1.064999999999999947, -0.7749999999999996891 ) ) ;
#6354 = EDGE_CURVE ( 'NONE', #1871, #5945, #3280, .T. ) ;
#6355 = AXIS2_PLACEMENT_3D ( 'NONE', #4278, #2288, #2321 ) ;
#6356 = CARTESIAN_POINT ( 'NONE',  ( 5.875000000000000888, 0.7499999999999998890, 1.875000000000000000 ) ) ;
#6357 = PLANE ( 'NONE',  #1151 ) ;
#6358 = ORIENTED_EDGE ( 'NONE', *, *, #1702, .F. ) ;
#6359 = ORIENTED_EDGE ( 'NONE', *, *, #3260, .T. ) ;
#6360 = LINE ( 'NONE', #1833, #5193 ) ;
#6361 = LINE ( 'NONE', #1897, #4570 ) ;
#6362 = CARTESIAN_POINT ( 'NONE',  ( 7.656496062992126816, -0.5000000000000001110, 0.8705708661417320693 ) ) ;
#6363 = VERTEX_POINT ( 'NONE', #2790 ) ;
#6364 = EDGE_LOOP ( 'NONE', ( #1427, #5830, #5188, #4839 ) ) ;
#6365 = DIRECTION ( 'NONE',  ( 1.000000000000000000, -0.000000000000000000, -0.000000000000000000 ) ) ;
#6366 = FACE_OUTER_BOUND ( 'NONE', #3029, .T. ) ;
#6367 = ORIENTED_EDGE ( 'NONE', *, *, #1731, .T. ) ;
#6368 = VERTEX_POINT ( 'NONE', #2300 ) ;
#6369 = DIRECTION ( 'NONE',  ( 0.000000000000000000, 0.4977472193051467042, 0.8673221464219589283 ) ) ;
#6370 = ORIENTED_EDGE ( 'NONE', *, *, #763, .T. ) ;
#6371 = CARTESIAN_POINT ( 'NONE',  ( 6.375000000000001776, 0.7499999999999998890, 1.250000000000000000 ) ) ;
#6372 = CARTESIAN_POINT ( 'NONE',  ( 6.375000000000000888, -0.5000000000000001110, 0.4999999999999997224 ) ) ;
#6373 = CARTESIAN_POINT ( 'NONE',  ( 5.374999999999969802, 0.000000000000000000, -0.7499999999999998890 ) ) ;
#6374 = CARTESIAN_POINT ( 'NONE',  ( 7.375000000000000888, 0.7499999999999998890, 1.250000000000000000 ) ) ;
#6375 = EDGE_LOOP ( 'NONE', ( #79, #345, #3205, #5767, #1275, #1305, #579 ) ) ;
#6376 = ORIENTED_EDGE ( 'NONE', *, *, #1158, .F. ) ;
#6377 = EDGE_CURVE ( 'NONE', #6078, #3308, #398, .T. ) ;
#6378 = EDGE_CURVE ( 'NONE', #3972, #2613, #6360, .T. ) ;
#6379 = CARTESIAN_POINT ( 'NONE',  ( 5.374999999999969802, -0.2500000000000000000, -0.2499999999999998057 ) ) ;
#6380 = ORIENTED_EDGE ( 'NONE', *, *, #3366, .F. ) ;
#6381 = CARTESIAN_POINT ( 'NONE',  ( 6.375000000000001776, 0.7499999999999998890, -0.3250000000000000666 ) ) ;
#6382 = CARTESIAN_POINT ( 'NONE',  ( 5.624999999999969802, 0.000000000000000000, -0.7499999999999998890 ) ) ;
#6383 = AXIS2_PLACEMENT_3D ( 'NONE', #1643, #3681, #4154 ) ;
#6384 = CARTESIAN_POINT ( 'NONE',  ( 7.625000000000000888, 0.7500000000000003331, 1.675000000000000266 ) ) ;
#6385 = VECTOR ( 'NONE', #3189, 39.37007874015748143 ) ;
#6386 = CARTESIAN_POINT ( 'NONE',  ( 5.624999999999969802, 0.1250000000000001110, 1.715000000000000524 ) ) ;
#6387 = EDGE_CURVE ( 'NONE', #1112, #2403, #3828, .T. ) ;
#6388 = VERTEX_POINT ( 'NONE', #5376 ) ;
#6389 = ORIENTED_EDGE ( 'NONE', *, *, #1322, .T. ) ;
#6390 = CARTESIAN_POINT ( 'NONE',  ( 6.375000000000000888, 0.1634595704905431601, 1.559396714325895772 ) ) ;
#6391 = LINE ( 'NONE', #4926, #2621 ) ;
#6392 = VECTOR ( 'NONE', #3017, 39.37007874015748143 ) ;
#6393 = CARTESIAN_POINT ( 'NONE',  ( 7.625000000000000888, 0.000000000000000000, -1.224999999999999867 ) ) ;
#6394 = VERTEX_POINT ( 'NONE', #3557 ) ;
#6395 = EDGE_CURVE ( 'NONE', #979, #2311, #6022, .T. ) ;
#6396 = VERTEX_POINT ( 'NONE', #2542 ) ;
#6397 = FACE_OUTER_BOUND ( 'NONE', #6186, .T. ) ;
#6398 = LINE ( 'NONE', #2109, #5772 ) ;
#6399 = VERTEX_POINT ( 'NONE', #2918 ) ;
#6400 = VERTEX_POINT ( 'NONE', #6390 ) ;
#6401 = LINE ( 'NONE', #5916, #5386 ) ;
#6402 = ORIENTED_EDGE ( 'NONE', *, *, #1769, .F. ) ;
#6403 = CARTESIAN_POINT ( 'NONE',  ( 6.375000000000001776, -0.8275574971004798774, 0.8791579755471992108 ) ) ;
#6404 = CARTESIAN_POINT ( 'NONE',  ( 7.625000000000000888, 0.000000000000000000, -1.675000000000000044 ) ) ;
#6405 = DIRECTION ( 'NONE',  ( -0.000000000000000000, -1.000000000000000000, 0.000000000000000000 ) ) ;
#6406 = DIRECTION ( 'NONE',  ( 0.000000000000000000, 0.000000000000000000, -1.000000000000000000 ) ) ;
#6407 = AXIS2_PLACEMENT_3D ( 'NONE', #5303, #1826, #4882 ) ;
#6408 = ORIENTED_EDGE ( 'NONE', *, *, #4088, .F. ) ;
#6409 = ORIENTED_EDGE ( 'NONE', *, *, #3254, .F. ) ;
#6410 = LINE ( 'NONE', #5925, #4881 ) ;
#6411 = ORIENTED_EDGE ( 'NONE', *, *, #1446, .T. ) ;
#6412 = LINE ( 'NONE', #2473, #1183 ) ;
#6413 = CARTESIAN_POINT ( 'NONE',  ( 7.375000000000000888, 1.124999999999999556, -0.2850000000000000866 ) ) ;
#6414 = AXIS2_PLACEMENT_3D ( 'NONE', #1291, #4784, #1816 ) ;
#6415 = EDGE_CURVE ( 'NONE', #350, #5220, #3887, .T. ) ;
#6416 = ADVANCED_FACE ( 'NONE', ( #5016 ), #880, .F. ) ;
#6417 = DIRECTION ( 'NONE',  ( 0.000000000000000000, -1.000000000000000000, -0.000000000000000000 ) ) ;
#6418 = CARTESIAN_POINT ( 'NONE',  ( 6.625000000000001776, 0.000000000000000000, -1.750000000000000000 ) ) ;
#6419 = ORIENTED_EDGE ( 'NONE', *, *, #2561, .T. ) ;
#6420 = VERTEX_POINT ( 'NONE', #1438 ) ;
#6421 = DIRECTION ( 'NONE',  ( -1.000000000000000000, -0.000000000000000000, -0.000000000000000000 ) ) ;
#6422 = LINE ( 'NONE', #1961, #1714 ) ;
#6423 = ORIENTED_EDGE ( 'NONE', *, *, #1803, .T. ) ;
#6424 = EDGE_CURVE ( 'NONE', #2763, #1701, #3435, .T. ) ;
#6425 = AXIS2_PLACEMENT_3D ( 'NONE', #5206, #2737, #2243 ) ;
#6426 = DIRECTION ( 'NONE',  ( -1.000000000000000000, 0.000000000000000000, 0.000000000000000000 ) ) ;
#6427 = ORIENTED_EDGE ( 'NONE', *, *, #3518, .F. ) ;
#6428 = DIRECTION ( 'NONE',  ( 0.000000000000000000, -0.000000000000000000, -1.000000000000000000 ) ) ;
#6429 = VECTOR ( 'NONE', #212, 39.37007874015748143 ) ;
#6430 = AXIS2_PLACEMENT_3D ( 'NONE', #64, #4529, #3594 ) ;
#6431 = DIRECTION ( 'NONE',  ( -1.000000000000000000, 0.000000000000000000, 0.000000000000000000 ) ) ;
#6432 = VERTEX_POINT ( 'NONE', #4376 ) ;
#6433 = EDGE_CURVE ( 'NONE', #4315, #4157, #5807, .T. ) ;
#6434 = VECTOR ( 'NONE', #3989, 39.37007874015748143 ) ;
#6435 = EDGE_LOOP ( 'NONE', ( #6070, #348, #5553, #3267, #5150, #2948, #2941 ) ) ;
#6436 = VECTOR ( 'NONE', #243, 39.37007874015748143 ) ;
#6437 = DIRECTION ( 'NONE',  ( 1.000000000000000000, 0.000000000000000000, -0.000000000000000000 ) ) ;
#6438 = ORIENTED_EDGE ( 'NONE', *, *, #6249, .F. ) ;
#6439 = LINE ( 'NONE', #4972, #4781 ) ;
#6440 = CARTESIAN_POINT ( 'NONE',  ( 7.375000000000000888, 0.9999999999999995559, -0.3250000000000000666 ) ) ;
#6441 = CARTESIAN_POINT ( 'NONE',  ( 5.624999999999969802, -0.2500000000000000000, -0.6250000000000001110 ) ) ;
#6442 = CIRCLE ( 'NONE', #4270, 0.3705708661417323468 ) ;
#6443 = DIRECTION ( 'NONE',  ( -1.000000000000000000, 0.000000000000000000, -4.370956789862818684E-16 ) ) ;
#6444 = ORIENTED_EDGE ( 'NONE', *, *, #1722, .F. ) ;
#6445 = LINE ( 'NONE', #939, #2599 ) ;
#6446 = ORIENTED_EDGE ( 'NONE', *, *, #2097, .T. ) ;
#6447 = DIRECTION ( 'NONE',  ( 0.000000000000000000, -1.000000000000000000, 0.000000000000000000 ) ) ;
ENDSEC;
END-ISO-10303-21;
