ISO-10303-21;
HEADER;
FILE_DESCRIPTION (( 'STEP AP214' ),
    '1' );
FILE_NAME ('PistonMountBracket.STEP',
    '2026-04-07T13:23:20',
    ( '' ),
    ( '' ),
    'SwSTEP 2.0',
    'SolidWorks 2025',
    '' );
FILE_SCHEMA (( 'AUTOMOTIVE_DESIGN' ));
ENDSEC;

DATA;
#1 = EDGE_CURVE ( 'NONE', #32, #1044, #205, .T. ) ;
#2 = CARTESIAN_POINT ( 'NONE',  ( 0.7499999999999998890, 1.017925497196424001, -1.094881889763779093 ) ) ;
#3 = ORIENTED_EDGE ( 'NONE', *, *, #206, .F. ) ;
#4 = CARTESIAN_POINT ( 'NONE',  ( -0.7499999999999998890, 1.017925497196424001, -1.094881889763779093 ) ) ;
#5 = CARTESIAN_POINT ( 'NONE',  ( 0.6250000000000000000, 0.8490031371276022254, 1.451528516026533655 ) ) ;
#6 = CARTESIAN_POINT ( 'NONE',  ( -0.6250000000000000000, 0.000000000000000000, 0.7000000000000002887 ) ) ;
#7 =( CONVERSION_BASED_UNIT ( 'INCH', #768 ) LENGTH_UNIT ( ) NAMED_UNIT ( #1184 ) );
#8 = ORIENTED_EDGE ( 'NONE', *, *, #1311, .T. ) ;
#9 = CARTESIAN_POINT ( 'NONE',  ( 0.8750000000000000000, 0.7500000000000001110, 1.075000000000000178 ) ) ;
#10 = CARTESIAN_POINT ( 'NONE',  ( -0.6250000000000000000, 0.000000000000000000, 0.000000000000000000 ) ) ;
#11 = DIRECTION ( 'NONE',  ( 0.000000000000000000, 0.000000000000000000, -1.000000000000000000 ) ) ;
#12 = LINE ( 'NONE', #776, #1257 ) ;
#13 = DIRECTION ( 'NONE',  ( 0.000000000000000000, 1.000000000000000000, 0.000000000000000000 ) ) ;
#14 = ORIENTED_EDGE ( 'NONE', *, *, #838, .T. ) ;
#15 = EDGE_CURVE ( 'NONE', #1526, #1280, #1420, .T. ) ;
#16 = DIRECTION ( 'NONE',  ( -0.000000000000000000, -1.000000000000000000, -0.000000000000000000 ) ) ;
#17 = EDGE_CURVE ( 'NONE', #974, #906, #939, .T. ) ;
#18 = ORIENTED_EDGE ( 'NONE', *, *, #1593, .F. ) ;
#19 = DIRECTION ( 'NONE',  ( -1.000000000000000000, 0.000000000000000000, 0.000000000000000000 ) ) ;
#20 = CIRCLE ( 'NONE', #1234, 0.05511811023622041616 ) ;
#21 = AXIS2_PLACEMENT_3D ( 'NONE', #117, #214, #1099 ) ;
#22 = ORIENTED_EDGE ( 'NONE', *, *, #94, .F. ) ;
#23 = CIRCLE ( 'NONE', #935, 0.1574803149606299191 ) ;
#24 = LINE ( 'NONE', #2, #1136 ) ;
#25 = EDGE_CURVE ( 'NONE', #1497, #1310, #196, .T. ) ;
#26 = LINE ( 'NONE', #1125, #481 ) ;
#27 = CARTESIAN_POINT ( 'NONE',  ( -0.6250000000000000000, 0.1250000000000000000, 1.449999999999999734 ) ) ;
#28 = ORIENTED_EDGE ( 'NONE', *, *, #731, .F. ) ;
#29 = CARTESIAN_POINT ( 'NONE',  ( 0.2425000000000001044, 0.1250000000000000000, 1.693110236220472187 ) ) ;
#30 = DIRECTION ( 'NONE',  ( -2.891205793294679312E-16, 0.000000000000000000, -1.000000000000000000 ) ) ;
#31 = ORIENTED_EDGE ( 'NONE', *, *, #429, .T. ) ;
#32 = VERTEX_POINT ( 'NONE', #1562 ) ;
#33 = EDGE_LOOP ( 'NONE', ( #303, #616, #31, #113, #969, #1021, #1600, #240, #907, #1290, #633, #1157 ) ) ;
#34 = CARTESIAN_POINT ( 'NONE',  ( -0.7499999999999998890, 1.017925497196424001, -1.205118110236220064 ) ) ;
#35 = CARTESIAN_POINT ( 'NONE',  ( 0.8750000000000000000, 0.8490031371276022254, 1.451528516026533655 ) ) ;
#36 = DIRECTION ( 'NONE',  ( 0.000000000000000000, 0.9449160698024646754, -0.3273127266530645452 ) ) ;
#37 = ADVANCED_FACE ( 'NONE', ( #1078 ), #1575, .T. ) ;
#38 = DIRECTION ( 'NONE',  ( 1.000000000000000000, -0.000000000000000000, -1.561055996379578982E-16 ) ) ;
#39 = ORIENTED_EDGE ( 'NONE', *, *, #1391, .F. ) ;
#40 = EDGE_LOOP ( 'NONE', ( #929, #894, #1440, #236 ) ) ;
#41 = CARTESIAN_POINT ( 'NONE',  ( -0.8750000000000000000, 1.104343526175924239, 0.9522577275051009593 ) ) ;
#42 = VECTOR ( 'NONE', #1351, 39.37007874015748143 ) ;
#43 = AXIS2_PLACEMENT_3D ( 'NONE', #986, #115, #995 ) ;
#44 = ORIENTED_EDGE ( 'NONE', *, *, #65, .F. ) ;
#45 = ADVANCED_FACE ( 'NONE', ( #791, #1191 ), #299, .F. ) ;
#46 = CIRCLE ( 'NONE', #300, 0.1574803149606299191 ) ;
#47 = EDGE_LOOP ( 'NONE', ( #1422, #843, #478, #912 ) ) ;
#48 = CIRCLE ( 'NONE', #1215, 0.3749999999999999445 ) ;
#49 = EDGE_CURVE ( 'NONE', #1010, #1246, #377, .T. ) ;
#50 = VERTEX_POINT ( 'NONE', #566 ) ;
#51 = CARTESIAN_POINT ( 'NONE',  ( -0.6250000000000000000, 0.1250000000000000000, 0.7000000000000002887 ) ) ;
#52 = CARTESIAN_POINT ( 'NONE',  ( -0.2424999999999999101, 0.1250000000000000000, 1.693110236220472187 ) ) ;
#53 = CARTESIAN_POINT ( 'NONE',  ( -0.3250000000000000111, 0.1250000000000000000, 1.449999999999999734 ) ) ;
#54 = CARTESIAN_POINT ( 'NONE',  ( 0.2425000000000000488, 0.000000000000000000, 1.456889763779527502 ) ) ;
#55 = ORIENTED_EDGE ( 'NONE', *, *, #1121, .T. ) ;
#56 = VERTEX_POINT ( 'NONE', #54 ) ;
#57 = ORIENTED_EDGE ( 'NONE', *, *, #400, .F. ) ;
#58 = CARTESIAN_POINT ( 'NONE',  ( -0.6250000000000000000, 0.1249999999999999584, -1.875000000000000000 ) ) ;
#59 = ORIENTED_EDGE ( 'NONE', *, *, #206, .T. ) ;
#60 = FACE_OUTER_BOUND ( 'NONE', #1333, .T. ) ;
#61 = DIRECTION ( 'NONE',  ( -0.000000000000000000, -1.000000000000000000, -0.000000000000000000 ) ) ;
#62 = DIRECTION ( 'NONE',  ( 0.000000000000000000, 1.000000000000000000, -0.000000000000000000 ) ) ;
#63 = ORIENTED_EDGE ( 'NONE', *, *, #1187, .F. ) ;
#64 = DIRECTION ( 'NONE',  ( 0.000000000000000000, 0.9449160698024646754, -0.3273127266530645452 ) ) ;
#65 = EDGE_CURVE ( 'NONE', #131, #941, #694, .T. ) ;
#66 = ORIENTED_EDGE ( 'NONE', *, *, #1311, .F. ) ;
#67 = CARTESIAN_POINT ( 'NONE',  ( 0.7499999999999998890, 1.017925497196424001, -1.205118110236220064 ) ) ;
#68 = ADVANCED_FACE ( 'NONE', ( #189, #315 ), #680, .F. ) ;
#69 = CARTESIAN_POINT ( 'NONE',  ( 0.000000000000000000, 0.000000000000000000, 0.000000000000000000 ) ) ;
#70 = DIRECTION ( 'NONE',  ( 1.000000000000000000, -0.000000000000000000, 0.000000000000000000 ) ) ;
#71 = STYLED_ITEM ( 'NONE', ( #943 ), #663 ) ;
#72 = ORIENTED_EDGE ( 'NONE', *, *, #596, .F. ) ;
#73 = VECTOR ( 'NONE', #1357, 39.37007874015748143 ) ;
#74 = AXIS2_PLACEMENT_3D ( 'NONE', #982, #860, #1352 ) ;
#75 = ORIENTED_EDGE ( 'NONE', *, *, #1593, .T. ) ;
#76 = ORIENTED_EDGE ( 'NONE', *, *, #1074, .F. ) ;
#77 = LINE ( 'NONE', #686, #430 ) ;
#78 = CARTESIAN_POINT ( 'NONE',  ( -0.6250000000000000000, 0.1250000000000000000, 0.000000000000000000 ) ) ;
#79 = EDGE_LOOP ( 'NONE', ( #1350, #121, #666, #423 ) ) ;
#80 = ORIENTED_EDGE ( 'NONE', *, *, #1583, .T. ) ;
#81 = VERTEX_POINT ( 'NONE', #175 ) ;
#82 = DIRECTION ( 'NONE',  ( 1.000000000000000000, 0.000000000000000000, -0.000000000000000000 ) ) ;
#83 = CARTESIAN_POINT ( 'NONE',  ( -0.3250000000000000111, 0.7500000000000001110, 1.450000000000000178 ) ) ;
#84 = CARTESIAN_POINT ( 'NONE',  ( 0.6250000000000000000, 0.1250000000000000000, 1.449999999999999734 ) ) ;
#85 = EDGE_CURVE ( 'NONE', #100, #1203, #1159, .T. ) ;
#86 = EDGE_LOOP ( 'NONE', ( #987, #1296 ) ) ;
#87 = EDGE_CURVE ( 'NONE', #722, #337, #818, .T. ) ;
#88 = ORIENTED_EDGE ( 'NONE', *, *, #1266, .F. ) ;
#89 = VERTEX_POINT ( 'NONE', #936 ) ;
#90 = CARTESIAN_POINT ( 'NONE',  ( 0.8750000000000000000, 0.000000000000000000, -1.874999999999999778 ) ) ;
#91 = DIRECTION ( 'NONE',  ( 0.000000000000000000, 0.000000000000000000, 1.000000000000000000 ) ) ;
#92 = DIRECTION ( 'NONE',  ( 1.000000000000000000, 0.000000000000000000, 0.000000000000000000 ) ) ;
#93 = CARTESIAN_POINT ( 'NONE',  ( -0.2424999999999998268, 0.1250000000000000000, 1.456889763779527502 ) ) ;
#94 = EDGE_CURVE ( 'NONE', #846, #925, #1444, .T. ) ;
#95 = VERTEX_POINT ( 'NONE', #84 ) ;
#96 = AXIS2_PLACEMENT_3D ( 'NONE', #1199, #70, #546 ) ;
#97 = DIRECTION ( 'NONE',  ( 0.000000000000000000, 0.000000000000000000, -1.000000000000000000 ) ) ;
#98 = AXIS2_PLACEMENT_3D ( 'NONE', #1412, #562, #1283 ) ;
#99 = CARTESIAN_POINT ( 'NONE',  ( -0.4527559055118111075, 1.556114473574366164, -1.024999999999999911 ) ) ;
#100 = VERTEX_POINT ( 'NONE', #1430 ) ;
#101 = ORIENTED_EDGE ( 'NONE', *, *, #1331, .T. ) ;
#102 = VECTOR ( 'NONE', #260, 39.37007874015748143 ) ;
#103 = PLANE ( 'NONE',  #932 ) ;
#104 = PRODUCT_DEFINITION_FORMATION_WITH_SPECIFIED_SOURCE ( 'ANY', '', #687, .NOT_KNOWN. ) ;
#105 = DIRECTION ( 'NONE',  ( 1.000000000000000000, -0.000000000000000000, 0.000000000000000000 ) ) ;
#106 = DIRECTION ( 'NONE',  ( -1.000000000000000000, -0.000000000000000000, -0.000000000000000000 ) ) ;
#107 = CARTESIAN_POINT ( 'NONE',  ( -0.8750000000000000000, 0.7500000000000001110, 1.075000000000000178 ) ) ;
#108 = ORIENTED_EDGE ( 'NONE', *, *, #65, .T. ) ;
#109 = PLANE ( 'NONE',  #1239 ) ;
#110 = CARTESIAN_POINT ( 'NONE',  ( 0.8750000000000000000, 0.3328360631890762700, -1.274999999999999911 ) ) ;
#111 = CARTESIAN_POINT ( 'NONE',  ( 0.8750000000000000000, 0.6915140259938835632, -0.2395359213376622443 ) ) ;
#112 = DIRECTION ( 'NONE',  ( 0.000000000000000000, -0.000000000000000000, -1.000000000000000000 ) ) ;
#113 = ORIENTED_EDGE ( 'NONE', *, *, #1098, .F. ) ;
#114 = LINE ( 'NONE', #870, #245 ) ;
#115 = DIRECTION ( 'NONE',  ( 1.000000000000000000, -0.000000000000000000, 0.000000000000000000 ) ) ;
#116 = EDGE_CURVE ( 'NONE', #835, #1590, #540, .T. ) ;
#117 = CARTESIAN_POINT ( 'NONE',  ( -0.8750000000000000000, 0.7500000000000001110, 1.075000000000000178 ) ) ;
#118 = CARTESIAN_POINT ( 'NONE',  ( -0.8750000000000000000, 0.7500000000000001110, 1.075000000000000178 ) ) ;
#119 = ADVANCED_FACE ( 'NONE', ( #306 ), #944, .F. ) ;
#120 = PLANE ( 'NONE',  #1613 ) ;
#121 = ORIENTED_EDGE ( 'NONE', *, *, #1252, .F. ) ;
#122 = VECTOR ( 'NONE', #605, 39.37007874015748143 ) ;
#123 = CARTESIAN_POINT ( 'NONE',  ( -0.2424999999999999101, 0.000000000000000000, 1.693110236220472187 ) ) ;
#124 = DIRECTION ( 'NONE',  ( 1.000000000000000000, 0.000000000000000000, 0.000000000000000000 ) ) ;
#125 = AXIS2_PLACEMENT_3D ( 'NONE', #831, #1323, #634 ) ;
#126 = DIRECTION ( 'NONE',  ( 1.000000000000000000, -0.000000000000000000, 0.000000000000000000 ) ) ;
#127 = AXIS2_PLACEMENT_3D ( 'NONE', #179, #191, #1047 ) ;
#128 = ORIENTED_EDGE ( 'NONE', *, *, #183, .F. ) ;
#129 = LINE ( 'NONE', #621, #848 ) ;
#130 = CARTESIAN_POINT ( 'NONE',  ( -0.7499999999999998890, 1.556114473574376822, -1.149999999999999689 ) ) ;
#131 = VERTEX_POINT ( 'NONE', #557 ) ;
#132 = LINE ( 'NONE', #1225, #122 ) ;
#133 = DIRECTION ( 'NONE',  ( -0.000000000000000000, 1.000000000000000000, -0.000000000000000000 ) ) ;
#134 = ORIENTED_EDGE ( 'NONE', *, *, #488, .T. ) ;
#135 = CARTESIAN_POINT ( 'NONE',  ( -0.6250000000000000000, 0.1250000000000000000, 1.449999999999999734 ) ) ;
#136 = CARTESIAN_POINT ( 'NONE',  ( 0.6250000000000000000, 0.000000000000000000, -1.024999999999999911 ) ) ;
#137 = CARTESIAN_POINT ( 'NONE',  ( 0.4493945400566423110, 1.556114473574376822, -1.191810560095636573 ) ) ;
#138 = LINE ( 'NONE', #629, #1428 ) ;
#139 = EDGE_LOOP ( 'NONE', ( #57, #746, #827, #568 ) ) ;
#140 = EDGE_CURVE ( 'NONE', #1489, #1080, #1578, .T. ) ;
#141 = EDGE_CURVE ( 'NONE', #1061, #1203, #1468, .T. ) ;
#142 = CARTESIAN_POINT ( 'NONE',  ( 0.8750000000000000000, 2.324999999999999734, -1.274999999999999911 ) ) ;
#143 = DIRECTION ( 'NONE',  ( 0.000000000000000000, 0.000000000000000000, 1.000000000000000000 ) ) ;
#144 = CARTESIAN_POINT ( 'NONE',  ( 0.7499999999999998890, 1.556114473574376822, -1.149999999999999689 ) ) ;
#145 = ORIENTED_EDGE ( 'NONE', *, *, #332, .F. ) ;
#146 = ADVANCED_FACE ( 'NONE', ( #1214 ), #989, .F. ) ;
#147 = CARTESIAN_POINT ( 'NONE',  ( -0.4424685696619788944, 1.556114473574376822, -1.274999999999999911 ) ) ;
#148 = DIRECTION ( 'NONE',  ( 1.000000000000000000, 0.000000000000000000, 2.891205793294679312E-16 ) ) ;
#149 = VECTOR ( 'NONE', #1574, 39.37007874015748143 ) ;
#150 = DIRECTION ( 'NONE',  ( 0.000000000000000000, 1.000000000000000000, 0.000000000000000000 ) ) ;
#151 = ORIENTED_EDGE ( 'NONE', *, *, #862, .T. ) ;
#152 = CARTESIAN_POINT ( 'NONE',  ( 0.8750000000000000000, 0.6915140259938835632, -0.2395359213376622443 ) ) ;
#153 = AXIS2_PLACEMENT_3D ( 'NONE', #10, #105, #1077 ) ;
#154 = FACE_OUTER_BOUND ( 'NONE', #1571, .T. ) ;
#155 = ORIENTED_EDGE ( 'NONE', *, *, #1053, .F. ) ;
#156 = AXIS2_PLACEMENT_3D ( 'NONE', #829, #1209, #97 ) ;
#157 = VERTEX_POINT ( 'NONE', #579 ) ;
#158 = CARTESIAN_POINT ( 'NONE',  ( -0.2424999999999998268, 0.000000000000000000, 1.456889763779527502 ) ) ;
#159 = EDGE_CURVE ( 'NONE', #882, #974, #972, .T. ) ;
#160 = DIRECTION ( 'NONE',  ( 0.000000000000000000, 0.8631886678020981307, -0.5048814947866864244 ) ) ;
#161 = CARTESIAN_POINT ( 'NONE',  ( 0.4424685696619789499, 1.556114473574376600, -1.274999999999999911 ) ) ;
#162 = PLANE ( 'NONE',  #1481 ) ;
#163 = VERTEX_POINT ( 'NONE', #1460 ) ;
#164 = ORIENTED_EDGE ( 'NONE', *, *, #1201, .F. ) ;
#165 = ADVANCED_FACE ( 'NONE', ( #1597 ), #212, .F. ) ;
#166 = DIRECTION ( 'NONE',  ( 1.000000000000000000, 0.000000000000000000, 0.000000000000000000 ) ) ;
#167 = CARTESIAN_POINT ( 'NONE',  ( 0.7499999999999998890, 1.556114473574376822, -1.094881889763779093 ) ) ;
#168 = ORIENTED_EDGE ( 'NONE', *, *, #332, .T. ) ;
#169 = EDGE_CURVE ( 'NONE', #337, #1103, #978, .T. ) ;
#170 = ORIENTED_EDGE ( 'NONE', *, *, #1, .T. ) ;
#171 = CARTESIAN_POINT ( 'NONE',  ( 0.8750000000000000000, 0.7500000000000001110, 1.075000000000000178 ) ) ;
#172 = DIRECTION ( 'NONE',  ( 0.000000000000000000, 0.000000000000000000, 1.000000000000000000 ) ) ;
#173 = VECTOR ( 'NONE', #61, 39.37007874015748143 ) ;
#174 = AXIS2_PLACEMENT_3D ( 'NONE', #255, #1407, #1498 ) ;
#175 = CARTESIAN_POINT ( 'NONE',  ( 0.2425000000000000488, 0.000000000000000000, -1.456889763779527502 ) ) ;
#176 = EDGE_LOOP ( 'NONE', ( #44, #1273, #812, #1090 ) ) ;
#177 = AXIS2_PLACEMENT_3D ( 'NONE', #171, #186, #1543 ) ;
#178 = ORIENTED_EDGE ( 'NONE', *, *, #838, .F. ) ;
#179 = CARTESIAN_POINT ( 'NONE',  ( -1.100094211476010830, 1.556114473574376822, -1.875000000000000000 ) ) ;
#180 = ORIENTED_EDGE ( 'NONE', *, *, #1331, .F. ) ;
#181 = DIRECTION ( 'NONE',  ( 0.000000000000000000, 0.000000000000000000, -1.000000000000000000 ) ) ;
#182 = CARTESIAN_POINT ( 'NONE',  ( -0.8750000000000000000, 0.1250000000000000000, 1.875000000000000444 ) ) ;
#183 = EDGE_CURVE ( 'NONE', #287, #1577, #1228, .T. ) ;
#184 = EDGE_LOOP ( 'NONE', ( #755, #1177, #1186, #1046 ) ) ;
#185 = ADVANCED_FACE ( 'NONE', ( #1093 ), #859, .F. ) ;
#186 = DIRECTION ( 'NONE',  ( -1.000000000000000000, -0.000000000000000000, -0.000000000000000000 ) ) ;
#187 = VERTEX_POINT ( 'NONE', #717 ) ;
#188 = LINE ( 'NONE', #545, #981 ) ;
#189 = FACE_BOUND ( 'NONE', #79, .T. ) ;
#190 = ORIENTED_EDGE ( 'NONE', *, *, #744, .T. ) ;
#191 = DIRECTION ( 'NONE',  ( 0.000000000000000000, -1.000000000000000000, 0.000000000000000000 ) ) ;
#192 = DIRECTION ( 'NONE',  ( 0.000000000000000000, 0.8631886678020981307, -0.5048814947866864244 ) ) ;
#193 = EDGE_LOOP ( 'NONE', ( #738, #394, #890, #1378 ) ) ;
#194 = LINE ( 'NONE', #914, #1110 ) ;
#195 = PLANE ( 'NONE',  #1582 ) ;
#196 = LINE ( 'NONE', #182, #173 ) ;
#197 = ORIENTED_EDGE ( 'NONE', *, *, #1074, .T. ) ;
#198 = AXIS2_PLACEMENT_3D ( 'NONE', #211, #133, #1587 ) ;
#199 = VECTOR ( 'NONE', #1207, 39.37007874015748143 ) ;
#200 =( GEOMETRIC_REPRESENTATION_CONTEXT ( 3 ) GLOBAL_UNCERTAINTY_ASSIGNED_CONTEXT ( ( #926 ) ) GLOBAL_UNIT_ASSIGNED_CONTEXT ( ( #7, #564, #1068 ) ) REPRESENTATION_CONTEXT ( 'NONE', 'WORKASPACE' ) );
#201 = ORIENTED_EDGE ( 'NONE', *, *, #1152, .F. ) ;
#202 = EDGE_CURVE ( 'NONE', #1264, #517, #592, .T. ) ;
#203 = CARTESIAN_POINT ( 'NONE',  ( 0.6250000000000000000, 0.7500000000000001110, 1.075000000000000178 ) ) ;
#204 = SURFACE_SIDE_STYLE ('',( #340 ) ) ;
#205 = LINE ( 'NONE', #421, #1009 ) ;
#206 = EDGE_CURVE ( 'NONE', #1280, #100, #736, .T. ) ;
#207 = EDGE_LOOP ( 'NONE', ( #527, #531, #1338, #1403, #1464, #612 ) ) ;
#208 = EDGE_LOOP ( 'NONE', ( #1617, #715, #1251, #1611 ) ) ;
#209 = DIRECTION ( 'NONE',  ( 0.000000000000000000, 0.000000000000000000, -1.000000000000000000 ) ) ;
#210 = EDGE_CURVE ( 'NONE', #494, #291, #877, .T. ) ;
#211 = CARTESIAN_POINT ( 'NONE',  ( 0.7499999999999998890, 1.017925497196424001, -1.149999999999999689 ) ) ;
#212 = PLANE ( 'NONE',  #718 ) ;
#213 = DIRECTION ( 'NONE',  ( 1.000000000000000000, -0.000000000000000000, 0.000000000000000000 ) ) ;
#214 = DIRECTION ( 'NONE',  ( 1.000000000000000000, -0.000000000000000000, 0.000000000000000000 ) ) ;
#215 =( NAMED_UNIT ( * ) SI_UNIT ( $, .STERADIAN. ) SOLID_ANGLE_UNIT ( ) );
#216 = FACE_OUTER_BOUND ( 'NONE', #338, .T. ) ;
#217 = FACE_OUTER_BOUND ( 'NONE', #1532, .T. ) ;
#218 = EDGE_LOOP ( 'NONE', ( #1115, #1070, #1374, #836 ) ) ;
#219 = ADVANCED_FACE ( 'NONE', ( #341 ), #601, .T. ) ;
#220 = VECTOR ( 'NONE', #1014, 39.37007874015748143 ) ;
#221 = LINE ( 'NONE', #462, #695 ) ;
#222 = VECTOR ( 'NONE', #1466, 39.37007874015748143 ) ;
#223 = DIRECTION ( 'NONE',  ( 0.000000000000000000, 0.000000000000000000, -1.000000000000000000 ) ) ;
#224 = VERTEX_POINT ( 'NONE', #1614 ) ;
#225 = VECTOR ( 'NONE', #1516, 39.37007874015748143 ) ;
#226 = FACE_OUTER_BOUND ( 'NONE', #243, .T. ) ;
#227 = DIRECTION ( 'NONE',  ( 0.000000000000000000, -0.000000000000000000, 1.000000000000000000 ) ) ;
#228 = CARTESIAN_POINT ( 'NONE',  ( 0.4527559055118111075, 0.9195920376122762585, -1.725741279491614932 ) ) ;
#229 = ORIENTED_EDGE ( 'NONE', *, *, #596, .T. ) ;
#230 = EDGE_CURVE ( 'NONE', #131, #552, #1539, .T. ) ;
#231 = EDGE_CURVE ( 'NONE', #722, #1044, #485, .T. ) ;
#232 = ORIENTED_EDGE ( 'NONE', *, *, #417, .T. ) ;
#233 = CARTESIAN_POINT ( 'NONE',  ( 0.000000000000000000, 0.000000000000000000, 0.000000000000000000 ) ) ;
#234 = CARTESIAN_POINT ( 'NONE',  ( -0.2424999999999999101, 0.000000000000000000, -1.693110236220472187 ) ) ;
#235 = PLANE ( 'NONE',  #1479 ) ;
#236 = ORIENTED_EDGE ( 'NONE', *, *, #1534, .F. ) ;
#237 = PLANE ( 'NONE',  #503 ) ;
#238 = CARTESIAN_POINT ( 'NONE',  ( 0.8750000000000000000, 1.556114473574376822, -1.274999999999999911 ) ) ;
#239 = EDGE_CURVE ( 'NONE', #1103, #661, #129, .T. ) ;
#240 = ORIENTED_EDGE ( 'NONE', *, *, #1170, .T. ) ;
#241 = CARTESIAN_POINT ( 'NONE',  ( -0.4527559055118126063, 1.556114473574376822, -1.108474439038516390 ) ) ;
#242 = CARTESIAN_POINT ( 'NONE',  ( 0.2425000000000000488, 0.1250000000000000000, 1.456889763779527502 ) ) ;
#243 = EDGE_LOOP ( 'NONE', ( #376, #1322, #134, #108, #1410, #178, #1194, #785, #1599, #964 ) ) ;
#244 = CLOSED_SHELL ( 'NONE', ( #810, #464, #536, #1147, #467, #1538, #864, #37, #353, #1219, #1439, #68, #45, #495, #219, #1238, #1244, #317, #1402, #934, #985, #721, #525, #258, #185, #946, #740, #1355, #600, #992, #641, #420, #251, #1615, #567, #372, #1563, #119, #1437, #165, #1458, #1005, #1079, #1484, #1413, #1165, #700, #689, #563, #146 ) ) ;
#245 = VECTOR ( 'NONE', #378, 39.37007874015748143 ) ;
#246 = FACE_OUTER_BOUND ( 'NONE', #40, .T. ) ;
#247 = DIRECTION ( 'NONE',  ( 0.000000000000000000, 0.000000000000000000, 1.000000000000000000 ) ) ;
#248 = VERTEX_POINT ( 'NONE', #1330 ) ;
#249 = CARTESIAN_POINT ( 'NONE',  ( -0.3250000000000000111, 0.000000000000000000, 0.7000000000000002887 ) ) ;
#250 = AXIS2_PLACEMENT_3D ( 'NONE', #858, #1339, #458 ) ;
#251 = ADVANCED_FACE ( 'NONE', ( #216 ), #1118, .T. ) ;
#252 = DIRECTION ( 'NONE',  ( -0.000000000000000000, 1.000000000000000000, -0.000000000000000000 ) ) ;
#253 = VECTOR ( 'NONE', #1024, 39.37007874015748143 ) ;
#254 = ORIENTED_EDGE ( 'NONE', *, *, #1201, .T. ) ;
#255 = CARTESIAN_POINT ( 'NONE',  ( -0.2424999999999999101, 0.000000000000000000, 1.693110236220472187 ) ) ;
#256 = DIRECTION ( 'NONE',  ( 0.000000000000000000, -0.3273127266530644897, -0.9449160698024645644 ) ) ;
#257 = ORIENTED_EDGE ( 'NONE', *, *, #1347, .F. ) ;
#258 = ADVANCED_FACE ( 'NONE', ( #1325 ), #1206, .F. ) ;
#259 = CYLINDRICAL_SURFACE ( 'NONE', #1340, 0.1574803149606297803 ) ;
#260 = DIRECTION ( 'NONE',  ( -1.000000000000000000, -0.000000000000000000, -0.000000000000000000 ) ) ;
#261 = DIRECTION ( 'NONE',  ( 0.000000000000000000, -0.8631886678020981307, 0.5048814947866864244 ) ) ;
#262 = DIRECTION ( 'NONE',  ( 0.000000000000000000, 1.000000000000000000, -0.000000000000000000 ) ) ;
#263 = EDGE_CURVE ( 'NONE', #337, #81, #12, .T. ) ;
#264 = DIRECTION ( 'NONE',  ( 1.000000000000000000, -0.000000000000000000, 0.000000000000000000 ) ) ;
#265 = EDGE_LOOP ( 'NONE', ( #524, #190, #593, #789 ) ) ;
#266 = DIRECTION ( 'NONE',  ( -0.000000000000000000, 0.000000000000000000, 1.000000000000000000 ) ) ;
#267 = LINE ( 'NONE', #653, #1162 ) ;
#268 = PLANE ( 'NONE',  #1506 ) ;
#269 = DIRECTION ( 'NONE',  ( -0.000000000000000000, 1.000000000000000000, -0.000000000000000000 ) ) ;
#270 = ORIENTED_EDGE ( 'NONE', *, *, #541, .F. ) ;
#271 = ORIENTED_EDGE ( 'NONE', *, *, #518, .F. ) ;
#272 = ORIENTED_EDGE ( 'NONE', *, *, #474, .T. ) ;
#273 = CARTESIAN_POINT ( 'NONE',  ( -0.8750000000000000000, 0.6915140259938835632, -0.2395359213376622443 ) ) ;
#274 = PRESENTATION_LAYER_ASSIGNMENT (  '', '', ( #71 ) ) ;
#275 = LINE ( 'NONE', #29, #668 ) ;
#276 =( GEOMETRIC_REPRESENTATION_CONTEXT ( 3 ) GLOBAL_UNCERTAINTY_ASSIGNED_CONTEXT ( ( #779 ) ) GLOBAL_UNIT_ASSIGNED_CONTEXT ( ( #1492, #321, #215 ) ) REPRESENTATION_CONTEXT ( 'NONE', 'WORKASPACE' ) );
#277 = VECTOR ( 'NONE', #30, 39.37007874015748143 ) ;
#278 = PLANE ( 'NONE',  #410 ) ;
#279 = VERTEX_POINT ( 'NONE', #767 ) ;
#280 = EDGE_CURVE ( 'NONE', #724, #1358, #1142, .T. ) ;
#281 = ORIENTED_EDGE ( 'NONE', *, *, #301, .T. ) ;
#282 = PLANE ( 'NONE',  #1261 ) ;
#283 = EDGE_CURVE ( 'NONE', #1358, #1264, #886, .T. ) ;
#284 = CARTESIAN_POINT ( 'NONE',  ( -0.8750000000000000000, 0.7500000000000001110, 1.232480314960630041 ) ) ;
#285 = CARTESIAN_POINT ( 'NONE',  ( 0.8750000000000000000, 0.9393305605450071871, 1.398695750425786644 ) ) ;
#286 = VERTEX_POINT ( 'NONE', #392 ) ;
#287 = VERTEX_POINT ( 'NONE', #636 ) ;
#288 = DIRECTION ( 'NONE',  ( -0.000000000000000000, 1.000000000000000000, -0.000000000000000000 ) ) ;
#289 = CARTESIAN_POINT ( 'NONE',  ( 0.8750000000000000000, 0.7500000000000001110, 1.075000000000000178 ) ) ;
#290 = DIRECTION ( 'NONE',  ( 0.000000000000000000, 0.000000000000000000, -1.000000000000000000 ) ) ;
#291 = VERTEX_POINT ( 'NONE', #284 ) ;
#292 = EDGE_LOOP ( 'NONE', ( #842, #1465, #852, #271, #180, #733 ) ) ;
#293 = LINE ( 'NONE', #550, #801 ) ;
#294 = ORIENTED_EDGE ( 'NONE', *, *, #94, .T. ) ;
#295 = CARTESIAN_POINT ( 'NONE',  ( -0.8750000000000000000, 0.3328360631890763810, -1.274999999999999689 ) ) ;
#296 = VECTOR ( 'NONE', #453, 39.37007874015748143 ) ;
#297 = EDGE_CURVE ( 'NONE', #1082, #1080, #648, .T. ) ;
#298 = DIRECTION ( 'NONE',  ( 0.000000000000000000, 0.000000000000000000, 1.000000000000000000 ) ) ;
#299 = PLANE ( 'NONE',  #526 ) ;
#300 = AXIS2_PLACEMENT_3D ( 'NONE', #426, #313, #1408 ) ;
#301 = EDGE_CURVE ( 'NONE', #1489, #1302, #901, .T. ) ;
#302 = CIRCLE ( 'NONE', #156, 0.1574803149606299191 ) ;
#303 = ORIENTED_EDGE ( 'NONE', *, *, #958, .F. ) ;
#304 = PLANE ( 'NONE',  #955 ) ;
#305 = CARTESIAN_POINT ( 'NONE',  ( -0.7499999999999998890, 1.017925497196424001, -1.149999999999999689 ) ) ;
#306 = FACE_OUTER_BOUND ( 'NONE', #208, .T. ) ;
#307 = EDGE_CURVE ( 'NONE', #1577, #1606, #275, .T. ) ;
#308 = ORIENTED_EDGE ( 'NONE', *, *, #1055, .T. ) ;
#309 = ORIENTED_EDGE ( 'NONE', *, *, #1345, .F. ) ;
#310 = DIRECTION ( 'NONE',  ( -0.000000000000000000, -1.000000000000000000, -0.000000000000000000 ) ) ;
#311 =( BOUNDED_CURVE ( )  B_SPLINE_CURVE ( 3, ( #1096, #881, #1377, #99 ),
 .UNSPECIFIED., .F., .F. ) 
 B_SPLINE_CURVE_WITH_KNOTS ( ( 4, 4 ),
 ( 2.743496849626105751E-16, 0.03595425894006777645 ),
 .UNSPECIFIED. ) 
 CURVE ( )  GEOMETRIC_REPRESENTATION_ITEM ( )  RATIONAL_B_SPLINE_CURVE ( ( 1.000000000000000000, 0.3333333333333338144, 0.3333333333333333703, 0.9999999999999995559 ) ) 
 REPRESENTATION_ITEM ( '' )  );
#312 = ORIENTED_EDGE ( 'NONE', *, *, #49, .F. ) ;
#313 = DIRECTION ( 'NONE',  ( 1.000000000000000000, -0.000000000000000000, 0.000000000000000000 ) ) ;
#314 = APPLICATION_PROTOCOL_DEFINITION ( 'draft international standard', 'automotive_design', 1998, #674 ) ;
#315 = FACE_OUTER_BOUND ( 'NONE', #33, .T. ) ;
#316 = PRODUCT_DEFINITION_SHAPE ( 'NONE', 'NONE',  #993 ) ;
#317 = ADVANCED_FACE ( 'NONE', ( #1388 ), #1025, .T. ) ;
#318 = ORIENTED_EDGE ( 'NONE', *, *, #949, .F. ) ;
#319 = VERTEX_POINT ( 'NONE', #875 ) ;
#320 = CARTESIAN_POINT ( 'NONE',  ( 0.8750000000000000000, 0.7500000000000001110, 1.075000000000000178 ) ) ;
#321 =( NAMED_UNIT ( * ) PLANE_ANGLE_UNIT ( ) SI_UNIT ( $, .RADIAN. ) );
#322 = DIRECTION ( 'NONE',  ( -2.891205793294679312E-16, 0.000000000000000000, -1.000000000000000000 ) ) ;
#323 = VECTOR ( 'NONE', #1049, 39.37007874015748143 ) ;
#324 = VECTOR ( 'NONE', #617, 39.37007874015748143 ) ;
#325 = AXIS2_PLACEMENT_3D ( 'NONE', #491, #148, #1486 ) ;
#326 = AXIS2_PLACEMENT_3D ( 'NONE', #900, #266, #124 ) ;
#327 = CARTESIAN_POINT ( 'NONE',  ( 0.8750000000000000000, 0.000000000000000000, 1.875000000000000000 ) ) ;
#328 = DIRECTION ( 'NONE',  ( -2.891205793294679312E-16, -0.000000000000000000, 1.000000000000000000 ) ) ;
#329 = EDGE_CURVE ( 'NONE', #1120, #163, #418, .T. ) ;
#330 = ORIENTED_EDGE ( 'NONE', *, *, #297, .T. ) ;
#331 = PLANE ( 'NONE',  #125 ) ;
#332 = EDGE_CURVE ( 'NONE', #448, #656, #931, .T. ) ;
#333 = CARTESIAN_POINT ( 'NONE',  ( 0.8750000000000000000, 0.000000000000000000, 1.875000000000000000 ) ) ;
#334 = DIRECTION ( 'NONE',  ( -1.000000000000000000, 0.000000000000000000, -0.000000000000000000 ) ) ;
#335 = DIRECTION ( 'NONE',  ( -0.000000000000000000, 0.000000000000000000, 1.000000000000000000 ) ) ;
#336 = ORIENTED_EDGE ( 'NONE', *, *, #1541, .T. ) ;
#337 = VERTEX_POINT ( 'NONE', #913 ) ;
#338 = EDGE_LOOP ( 'NONE', ( #1416, #1160, #3, #865 ) ) ;
#339 = CARTESIAN_POINT ( 'NONE',  ( 0.8750000000000000000, 0.1250000000000000000, 1.875000000000000000 ) ) ;
#340 = SURFACE_STYLE_FILL_AREA ( #1072 ) ;
#341 = FACE_OUTER_BOUND ( 'NONE', #780, .T. ) ;
#342 = FACE_OUTER_BOUND ( 'NONE', #1030, .T. ) ;
#343 = ORIENTED_EDGE ( 'NONE', *, *, #1494, .T. ) ;
#344 = CARTESIAN_POINT ( 'NONE',  ( -0.2424999999999999101, 0.000000000000000000, 1.693110236220472187 ) ) ;
#345 = VERTEX_POINT ( 'NONE', #1249 ) ;
#346 = VERTEX_POINT ( 'NONE', #628 ) ;
#347 = LINE ( 'NONE', #90, #1507 ) ;
#348 = DIRECTION ( 'NONE',  ( -0.000000000000000000, 1.000000000000000000, -0.000000000000000000 ) ) ;
#349 = EDGE_CURVE ( 'NONE', #286, #906, #1370, .T. ) ;
#350 = DIRECTION ( 'NONE',  ( 0.000000000000000000, 0.3273127266530644897, 0.9449160698024645644 ) ) ;
#351 = AXIS2_PLACEMENT_3D ( 'NONE', #753, #783, #1126 ) ;
#352 = ORIENTED_EDGE ( 'NONE', *, *, #1252, .T. ) ;
#353 = ADVANCED_FACE ( 'NONE', ( #1522 ), #268, .T. ) ;
#354 = VECTOR ( 'NONE', #1293, 39.37007874015748143 ) ;
#355 = AXIS2_PLACEMENT_3D ( 'NONE', #1419, #800, #437 ) ;
#356 = LINE ( 'NONE', #856, #979 ) ;
#357 = VECTOR ( 'NONE', #192, 39.37007874015748143 ) ;
#358 = DIRECTION ( 'NONE',  ( 0.000000000000000000, -0.000000000000000000, 1.000000000000000000 ) ) ;
#359 = AXIS2_PLACEMENT_3D ( 'NONE', #69, #298, #808 ) ;
#360 = DIRECTION ( 'NONE',  ( 1.000000000000000000, -0.000000000000000000, 0.000000000000000000 ) ) ;
#361 = EDGE_LOOP ( 'NONE', ( #294, #927 ) ) ;
#362 = FACE_OUTER_BOUND ( 'NONE', #735, .T. ) ;
#363 = FACE_OUTER_BOUND ( 'NONE', #582, .T. ) ;
#364 = CARTESIAN_POINT ( 'NONE',  ( 0.6249999999999998890, 0.1250000000000000000, -1.274999999999999911 ) ) ;
#365 = CARTESIAN_POINT ( 'NONE',  ( -0.4527559055118111075, 1.556114473574366164, -1.024999999999999911 ) ) ;
#366 = CARTESIAN_POINT ( 'NONE',  ( 0.4527559055118111075, 1.825103848635898585, -1.725741279491614710 ) ) ;
#367 = ORIENTED_EDGE ( 'NONE', *, *, #709, .T. ) ;
#368 = EDGE_CURVE ( 'NONE', #1280, #1271, #499, .T. ) ;
#369 = DIRECTION ( 'NONE',  ( -0.000000000000000000, 1.000000000000000000, -0.000000000000000000 ) ) ;
#370 = VERTEX_POINT ( 'NONE', #1529 ) ;
#371 = DIRECTION ( 'NONE',  ( 2.891205793294679312E-16, -0.000000000000000000, -1.000000000000000000 ) ) ;
#372 = ADVANCED_FACE ( 'NONE', ( #374 ), #758, .F. ) ;
#373 = LINE ( 'NONE', #874, #1510 ) ;
#374 = FACE_OUTER_BOUND ( 'NONE', #803, .T. ) ;
#375 = CARTESIAN_POINT ( 'NONE',  ( -0.6250000000000000000, 0.000000000000000000, -1.024999999999999911 ) ) ;
#376 = ORIENTED_EDGE ( 'NONE', *, *, #1000, .F. ) ;
#377 = CIRCLE ( 'NONE', #1335, 0.3749999999999999445 ) ;
#378 = DIRECTION ( 'NONE',  ( 1.000000000000000000, -0.000000000000000000, -0.000000000000000000 ) ) ;
#379 = DIRECTION ( 'NONE',  ( 1.000000000000000000, 0.000000000000000000, -0.000000000000000000 ) ) ;
#380 = EDGE_CURVE ( 'NONE', #786, #346, #1243, .T. ) ;
#381 = PLANE ( 'NONE',  #325 ) ;
#382 = VECTOR ( 'NONE', #1304, 39.37007874015748143 ) ;
#383 = DIRECTION ( 'NONE',  ( 0.000000000000000000, 0.000000000000000000, -1.000000000000000000 ) ) ;
#384 = CARTESIAN_POINT ( 'NONE',  ( 0.8750000000000000000, 0.9393305605450071871, 1.398695750425786644 ) ) ;
#385 = CARTESIAN_POINT ( 'NONE',  ( -0.2424999999999998268, 0.000000000000000000, 1.456889763779527502 ) ) ;
#386 = EDGE_LOOP ( 'NONE', ( #623, #388, #664, #80 ) ) ;
#387 = CARTESIAN_POINT ( 'NONE',  ( -0.6250000000000000000, 0.8490031371276022254, 1.451528516026533655 ) ) ;
#388 = ORIENTED_EDGE ( 'NONE', *, *, #584, .F. ) ;
#389 = LINE ( 'NONE', #273, #432 ) ;
#390 = CARTESIAN_POINT ( 'NONE',  ( 0.6250000000000000000, 0.1250000000000000000, -1.024999999999999911 ) ) ;
#391 = ORIENTED_EDGE ( 'NONE', *, *, #1121, .F. ) ;
#392 = CARTESIAN_POINT ( 'NONE',  ( 0.6250000000000000000, 0.3328360631890763255, -1.274999999999999911 ) ) ;
#393 = CARTESIAN_POINT ( 'NONE',  ( -0.7499999999999998890, 1.556114473574376822, -1.149999999999999689 ) ) ;
#394 = ORIENTED_EDGE ( 'NONE', *, *, #782, .F. ) ;
#395 = LINE ( 'NONE', #249, #1235 ) ;
#396 = CARTESIAN_POINT ( 'NONE',  ( 0.6250000000000000000, 0.6915140259938835632, -0.2395359213376622443 ) ) ;
#397 = DIRECTION ( 'NONE',  ( -1.000000000000000000, -0.000000000000000000, -0.000000000000000000 ) ) ;
#398 = LINE ( 'NONE', #1245, #984 ) ;
#399 = ORIENTED_EDGE ( 'NONE', *, *, #1152, .T. ) ;
#400 = EDGE_CURVE ( 'NONE', #1224, #224, #1445, .T. ) ;
#401 = EDGE_CURVE ( 'NONE', #1158, #434, #911, .T. ) ;
#402 = ORIENTED_EDGE ( 'NONE', *, *, #263, .T. ) ;
#403 = DIRECTION ( 'NONE',  ( 0.000000000000000000, 0.000000000000000000, 1.000000000000000000 ) ) ;
#404 = VECTOR ( 'NONE', #1105, 39.37007874015748143 ) ;
#405 = DIRECTION ( 'NONE',  ( 0.000000000000000000, 0.3273127266530644897, 0.9449160698024645644 ) ) ;
#406 = VECTOR ( 'NONE', #784, 39.37007874015748143 ) ;
#407 = CIRCLE ( 'NONE', #1087, 0.1574803149606299191 ) ;
#408 = CARTESIAN_POINT ( 'NONE',  ( 0.8750000000000000000, 0.1250000000000000000, 1.875000000000000000 ) ) ;
#409 = VERTEX_POINT ( 'NONE', #490 ) ;
#410 = AXIS2_PLACEMENT_3D ( 'NONE', #385, #1373, #1150 ) ;
#411 = EDGE_LOOP ( 'NONE', ( #72, #66, #1237, #696 ) ) ;
#412 = CARTESIAN_POINT ( 'NONE',  ( 0.8750000000000000000, 0.8490031371276022254, 1.451528516026533655 ) ) ;
#413 = CARTESIAN_POINT ( 'NONE',  ( 0.2425000000000001044, 0.000000000000000000, -1.693110236220472187 ) ) ;
#414 = EDGE_LOOP ( 'NONE', ( #940, #14, #760, #632 ) ) ;
#415 = VERTEX_POINT ( 'NONE', #1610 ) ;
#416 = LINE ( 'NONE', #923, #1067 ) ;
#417 = EDGE_CURVE ( 'NONE', #1057, #1264, #968, .T. ) ;
#418 = B_SPLINE_CURVE_WITH_KNOTS ( 'NONE', 3,
 ( #161, #137, #997, #1269 ),
 .UNSPECIFIED., .F., .F.,
 ( 4, 4 ),
 ( 0.000000000000000000, 0.006355373853484768201 ),
 .UNSPECIFIED. ) ;
#419 = DIRECTION ( 'NONE',  ( 2.891205793294679312E-16, 0.000000000000000000, 1.000000000000000000 ) ) ;
#420 = ADVANCED_FACE ( 'NONE', ( #1226 ), #1356, .F. ) ;
#421 = CARTESIAN_POINT ( 'NONE',  ( -0.2424999999999999101, 0.1250000000000000000, -1.693110236220472187 ) ) ;
#422 = DIRECTION ( 'NONE',  ( -1.000000000000000000, -0.000000000000000000, -0.000000000000000000 ) ) ;
#423 = ORIENTED_EDGE ( 'NONE', *, *, #307, .F. ) ;
#424 = FACE_OUTER_BOUND ( 'NONE', #1602, .T. ) ;
#425 = EDGE_CURVE ( 'NONE', #345, #279, #732, .T. ) ;
#426 = CARTESIAN_POINT ( 'NONE',  ( 0.3250000000000000111, 0.7500000000000001110, 1.075000000000000178 ) ) ;
#427 = VECTOR ( 'NONE', #631, 39.37007874015748143 ) ;
#428 = DIRECTION ( 'NONE',  ( 0.000000000000000000, 0.9449160698024646754, -0.3273127266530645452 ) ) ;
#429 = EDGE_CURVE ( 'NONE', #1158, #1473, #872, .T. ) ;
#430 = VECTOR ( 'NONE', #1163, 39.37007874015748143 ) ;
#431 = VERTEX_POINT ( 'NONE', #1348 ) ;
#432 = VECTOR ( 'NONE', #619, 39.37007874015748854 ) ;
#433 = DIRECTION ( 'NONE',  ( 0.000000000000000000, 1.000000000000000000, -0.000000000000000000 ) ) ;
#434 = VERTEX_POINT ( 'NONE', #1124 ) ;
#435 = DIRECTION ( 'NONE',  ( 1.000000000000000000, -0.000000000000000000, -0.000000000000000000 ) ) ;
#436 = ORIENTED_EDGE ( 'NONE', *, *, #712, .F. ) ;
#437 = DIRECTION ( 'NONE',  ( 0.000000000000000000, 0.000000000000000000, -1.000000000000000000 ) ) ;
#438 = DIRECTION ( 'NONE',  ( 0.000000000000000000, -1.000000000000000000, -0.000000000000000000 ) ) ;
#439 = ORIENTED_EDGE ( 'NONE', *, *, #49, .T. ) ;
#440 = ORIENTED_EDGE ( 'NONE', *, *, #534, .T. ) ;
#441 = CARTESIAN_POINT ( 'NONE',  ( 0.3250000000000000111, 0.7500000000000001110, 1.450000000000000178 ) ) ;
#442 = ORIENTED_EDGE ( 'NONE', *, *, #1053, .T. ) ;
#443 = ORIENTED_EDGE ( 'NONE', *, *, #169, .F. ) ;
#444 = CARTESIAN_POINT ( 'NONE',  ( -0.6250000000000000000, -6.337887345301090075E-16, 1.449999999999999734 ) ) ;
#445 = PLANE ( 'NONE',  #153 ) ;
#446 = CARTESIAN_POINT ( 'NONE',  ( 0.8750000000000000000, 0.9393305605450071871, 1.398695750425786644 ) ) ;
#447 = EDGE_CURVE ( 'NONE', #469, #287, #713, .T. ) ;
#448 = VERTEX_POINT ( 'NONE', #975 ) ;
#449 = EDGE_CURVE ( 'NONE', #517, #319, #1220, .T. ) ;
#450 = EDGE_LOOP ( 'NONE', ( #1208, #815, #915, #164 ) ) ;
#451 = FACE_OUTER_BOUND ( 'NONE', #547, .T. ) ;
#452 = SURFACE_STYLE_USAGE ( .BOTH. , #204 ) ;
#453 = DIRECTION ( 'NONE',  ( 2.891205793294679312E-16, 0.000000000000000000, 1.000000000000000000 ) ) ;
#454 = VECTOR ( 'NONE', #1223, 39.37007874015748143 ) ;
#455 = VECTOR ( 'NONE', #522, 39.37007874015748143 ) ;
#456 = PLANE ( 'NONE',  #74 ) ;
#457 = AXIS2_PLACEMENT_3D ( 'NONE', #35, #521, #261 ) ;
#458 = DIRECTION ( 'NONE',  ( -1.000000000000000000, 0.000000000000000000, -0.000000000000000000 ) ) ;
#459 = CARTESIAN_POINT ( 'NONE',  ( -0.8750000000000000000, 0.1250000000000000000, -1.874999999999999778 ) ) ;
#460 = CARTESIAN_POINT ( 'NONE',  ( -0.7499999999999998890, 1.017925497196424001, -1.149999999999999689 ) ) ;
#461 = ORIENTED_EDGE ( 'NONE', *, *, #1461, .T. ) ;
#462 = CARTESIAN_POINT ( 'NONE',  ( -0.2424999999999999101, 0.1250000000000000000, 1.693110236220472187 ) ) ;
#463 = ORIENTED_EDGE ( 'NONE', *, *, #662, .F. ) ;
#464 = ADVANCED_FACE ( 'NONE', ( #363 ), #496, .F. ) ;
#465 = DIRECTION ( 'NONE',  ( 1.000000000000000000, -0.000000000000000000, 0.000000000000000000 ) ) ;
#466 = DIRECTION ( 'NONE',  ( 0.000000000000000000, 0.000000000000000000, -1.000000000000000000 ) ) ;
#467 = ADVANCED_FACE ( 'NONE', ( #1363 ), #237, .F. ) ;
#468 = CARTESIAN_POINT ( 'NONE',  ( -0.4527559055118111075, 1.540858227155627036, -0.9852561192862693273 ) ) ;
#469 = VERTEX_POINT ( 'NONE', #123 ) ;
#470 = DIRECTION ( 'NONE',  ( 1.000000000000000000, -0.000000000000000000, 0.000000000000000000 ) ) ;
#471 = ORIENTED_EDGE ( 'NONE', *, *, #202, .T. ) ;
#472 = DIRECTION ( 'NONE',  ( 0.000000000000000000, 1.000000000000000000, 4.370956789862821150E-16 ) ) ;
#473 = CARTESIAN_POINT ( 'NONE',  ( 0.6250000000000000000, -0.000000000000000000, 0.7000000000000002887 ) ) ;
#474 = EDGE_CURVE ( 'NONE', #1080, #705, #1210, .T. ) ;
#475 = CARTESIAN_POINT ( 'NONE',  ( -1.100094211476010830, 1.556114473574376822, -1.875000000000000000 ) ) ;
#476 = AXIS2_PLACEMENT_3D ( 'NONE', #1174, #428, #1436 ) ;
#477 =( BOUNDED_CURVE ( )  B_SPLINE_CURVE ( 3, ( #597, #1129, #1040, #147 ),
 .UNSPECIFIED., .F., .F. ) 
 B_SPLINE_CURVE_WITH_KNOTS ( ( 4, 4 ),
 ( 0.002446807622956220524, 0.03351555407917895801 ),
 .UNSPECIFIED. ) 
 CURVE ( )  GEOMETRIC_REPRESENTATION_ITEM ( )  RATIONAL_B_SPLINE_CURVE ( ( 0.8251099395467030861, 0.3916300201510989343, 0.3916300201510989898, 0.8251099395467033082 ) ) 
 REPRESENTATION_ITEM ( '' )  );
#478 = ORIENTED_EDGE ( 'NONE', *, *, #297, .F. ) ;
#479 = VECTOR ( 'NONE', #482, 39.37007874015748143 ) ;
#480 = VECTOR ( 'NONE', #727, 39.37007874015748143 ) ;
#481 = VECTOR ( 'NONE', #513, 39.37007874015748143 ) ;
#482 = DIRECTION ( 'NONE',  ( -1.000000000000000000, -0.000000000000000000, -0.000000000000000000 ) ) ;
#483 = EDGE_LOOP ( 'NONE', ( #155, #1504, #1604, #1591 ) ) ;
#484 = LINE ( 'NONE', #892, #529 ) ;
#485 = LINE ( 'NONE', #1233, #1552 ) ;
#486 = CARTESIAN_POINT ( 'NONE',  ( -0.3250000000000000111, 0.1250000000000000000, 0.7000000000000002887 ) ) ;
#487 = EDGE_LOOP ( 'NONE', ( #857, #439, #229, #1268, #1127, #1041, #1132, #1353 ) ) ;
#488 = EDGE_CURVE ( 'NONE', #163, #131, #311, .T. ) ;
#489 = DIRECTION ( 'NONE',  ( 0.000000000000000000, -0.3273127266530644897, -0.9449160698024645644 ) ) ;
#490 = CARTESIAN_POINT ( 'NONE',  ( -0.2424999999999998268, 0.1250000000000000000, 1.456889763779527502 ) ) ;
#491 = CARTESIAN_POINT ( 'NONE',  ( 0.2425000000000001044, 0.000000000000000000, -1.693110236220472187 ) ) ;
#492 = CARTESIAN_POINT ( 'NONE',  ( -0.6250000000000000000, 0.3328360631890763255, -1.274999999999999911 ) ) ;
#493 = DIRECTION ( 'NONE',  ( 0.000000000000000000, 0.000000000000000000, 1.000000000000000000 ) ) ;
#494 = VERTEX_POINT ( 'NONE', #1240 ) ;
#495 = ADVANCED_FACE ( 'NONE', ( #586 ), #1601, .T. ) ;
#496 = CYLINDRICAL_SURFACE ( 'NONE', #1609, 0.05511811023622041616 ) ;
#497 = DIRECTION ( 'NONE',  ( -0.000000000000000000, -1.000000000000000000, -0.000000000000000000 ) ) ;
#498 = LINE ( 'NONE', #52, #1401 ) ;
#499 = LINE ( 'NONE', #1396, #1183 ) ;
#500 = DIRECTION ( 'NONE',  ( -1.000000000000000000, 0.000000000000000000, 0.000000000000000000 ) ) ;
#501 = ORIENTED_EDGE ( 'NONE', *, *, #1170, .F. ) ;
#502 = VECTOR ( 'NONE', #1342, 39.37007874015748854 ) ;
#503 = AXIS2_PLACEMENT_3D ( 'NONE', #1594, #247, #379 ) ;
#504 = LINE ( 'NONE', #873, #772 ) ;
#505 = EDGE_CURVE ( 'NONE', #248, #1526, #356, .T. ) ;
#506 = DIRECTION ( 'NONE',  ( 0.000000000000000000, 0.000000000000000000, -1.000000000000000000 ) ) ;
#507 = VECTOR ( 'NONE', #1387, 39.37007874015748854 ) ;
#508 = DIRECTION ( 'NONE',  ( -2.891205793294679312E-16, 0.000000000000000000, -1.000000000000000000 ) ) ;
#509 = VECTOR ( 'NONE', #1020, 39.37007874015748143 ) ;
#510 = DIRECTION ( 'NONE',  ( -0.000000000000000000, 1.000000000000000000, -0.000000000000000000 ) ) ;
#511 = ORIENTED_EDGE ( 'NONE', *, *, #514, .F. ) ;
#512 = DIRECTION ( 'NONE',  ( -0.000000000000000000, 1.000000000000000000, -0.000000000000000000 ) ) ;
#513 = DIRECTION ( 'NONE',  ( -1.000000000000000000, -0.000000000000000000, -0.000000000000000000 ) ) ;
#514 = EDGE_CURVE ( 'NONE', #1120, #552, #477, .T. ) ;
#515 = CARTESIAN_POINT ( 'NONE',  ( -0.6250000000000000000, -6.337887345301090075E-16, 1.449999999999999734 ) ) ;
#516 = CARTESIAN_POINT ( 'NONE',  ( -0.6250000000000000000, 0.9393305605450070761, 1.398695750425786644 ) ) ;
#517 = VERTEX_POINT ( 'NONE', #725 ) ;
#518 = EDGE_CURVE ( 'NONE', #1390, #431, #1278, .T. ) ;
#519 = ORIENTED_EDGE ( 'NONE', *, *, #349, .T. ) ;
#520 = DIRECTION ( 'NONE',  ( -0.000000000000000000, -1.000000000000000000, 0.000000000000000000 ) ) ;
#521 = DIRECTION ( 'NONE',  ( -0.000000000000000000, 0.5048814947866865355, 0.8631886678020982417 ) ) ;
#522 = DIRECTION ( 'NONE',  ( -0.000000000000000000, -1.000000000000000000, 0.000000000000000000 ) ) ;
#523 = CARTESIAN_POINT ( 'NONE',  ( 0.6250000000000000000, 0.9393305605450070761, 1.398695750425786644 ) ) ;
#524 = ORIENTED_EDGE ( 'NONE', *, *, #1123, .T. ) ;
#525 = ADVANCED_FACE ( 'NONE', ( #1029, #1519 ), #1525, .F. ) ;
#526 = AXIS2_PLACEMENT_3D ( 'NONE', #78, #438, #672 ) ;
#527 = ORIENTED_EDGE ( 'NONE', *, *, #918, .T. ) ;
#528 = VECTOR ( 'NONE', #947, 39.37007874015748143 ) ;
#529 = VECTOR ( 'NONE', #497, 39.37007874015748143 ) ;
#530 = CARTESIAN_POINT ( 'NONE',  ( -0.7499999999999998890, 1.556114473574376822, -1.205118110236220064 ) ) ;
#531 = ORIENTED_EDGE ( 'NONE', *, *, #644, .F. ) ;
#532 = VECTOR ( 'NONE', #13, 39.37007874015748143 ) ;
#533 = EDGE_LOOP ( 'NONE', ( #367, #1327, #402, #999 ) ) ;
#534 = EDGE_CURVE ( 'NONE', #657, #1154, #1247, .T. ) ;
#535 = ORIENTED_EDGE ( 'NONE', *, *, #761, .T. ) ;
#536 = ADVANCED_FACE ( 'NONE', ( #804 ), #1580, .F. ) ;
#537 = FACE_OUTER_BOUND ( 'NONE', #176, .T. ) ;
#538 = LINE ( 'NONE', #544, #1427 ) ;
#539 = LINE ( 'NONE', #1071, #382 ) ;
#540 = LINE ( 'NONE', #446, #323 ) ;
#541 = EDGE_CURVE ( 'NONE', #95, #50, #1308, .T. ) ;
#542 = EDGE_LOOP ( 'NONE', ( #1438, #443, #1081, #805 ) ) ;
#543 = CARTESIAN_POINT ( 'NONE',  ( 0.3250000000000000111, 0.7500000000000001110, 1.075000000000000178 ) ) ;
#544 = CARTESIAN_POINT ( 'NONE',  ( 0.2425000000000000488, 0.000000000000000000, -1.456889763779527502 ) ) ;
#545 = CARTESIAN_POINT ( 'NONE',  ( -0.8750000000000000000, 1.556114473574376822, -1.274999999999999911 ) ) ;
#546 = DIRECTION ( 'NONE',  ( 0.000000000000000000, 0.000000000000000000, -1.000000000000000000 ) ) ;
#547 = EDGE_LOOP ( 'NONE', ( #891, #76, #1384, #795 ) ) ;
#548 = CARTESIAN_POINT ( 'NONE',  ( -0.4424685696619789499, 1.556114473574376822, -1.274999999999999911 ) ) ;
#549 = ORIENTED_EDGE ( 'NONE', *, *, #1365, .T. ) ;
#550 = CARTESIAN_POINT ( 'NONE',  ( 0.8750000000000000000, 0.7500000000000001110, 0.9175196850393702031 ) ) ;
#551 = VECTOR ( 'NONE', #659, 39.37007874015748143 ) ;
#552 = VERTEX_POINT ( 'NONE', #548 ) ;
#553 = EDGE_CURVE ( 'NONE', #1010, #100, #1415, .T. ) ;
#554 = DIRECTION ( 'NONE',  ( 0.000000000000000000, 0.000000000000000000, 1.000000000000000000 ) ) ;
#555 = COLOUR_RGB ( '',0.7921568627450980005, 0.8196078431372548767, 0.9333333333333333481 ) ;
#556 = VECTOR ( 'NONE', #16, 39.37007874015748143 ) ;
#557 = CARTESIAN_POINT ( 'NONE',  ( -0.4527559055118111075, 1.556114473574366164, -1.024999999999999911 ) ) ;
#558 = VERTEX_POINT ( 'NONE', #828 ) ;
#559 = VECTOR ( 'NONE', #963, 39.37007874015748854 ) ;
#560 = CIRCLE ( 'NONE', #1317, 0.05511811023622041616 ) ;
#561 = EDGE_LOOP ( 'NONE', ( #170, #991, #1572, #957 ) ) ;
#562 = DIRECTION ( 'NONE',  ( -0.000000000000000000, 0.5048814947866865355, 0.8631886678020982417 ) ) ;
#563 = ADVANCED_FACE ( 'NONE', ( #569 ), #794, .T. ) ;
#564 =( NAMED_UNIT ( * ) PLANE_ANGLE_UNIT ( ) SI_UNIT ( $, .RADIAN. ) );
#565 = DIRECTION ( 'NONE',  ( 0.000000000000000000, 0.000000000000000000, 1.000000000000000000 ) ) ;
#566 = CARTESIAN_POINT ( 'NONE',  ( 0.6250000000000000000, 0.7500000000000001110, 1.450000000000000178 ) ) ;
#567 = ADVANCED_FACE ( 'NONE', ( #675, #1424 ), #1564, .F. ) ;
#568 = ORIENTED_EDGE ( 'NONE', *, *, #1140, .F. ) ;
#569 = FACE_OUTER_BOUND ( 'NONE', #820, .T. ) ;
#570 = ORIENTED_EDGE ( 'NONE', *, *, #1262, .F. ) ;
#571 = CARTESIAN_POINT ( 'NONE',  ( 0.8750000000000000000, 0.1250000000000000000, -1.874999999999999778 ) ) ;
#572 = DIRECTION ( 'NONE',  ( -1.000000000000000000, 0.000000000000000000, 0.000000000000000000 ) ) ;
#573 = DIRECTION ( 'NONE',  ( -1.000000000000000000, -0.000000000000000000, -0.000000000000000000 ) ) ;
#574 = ORIENTED_EDGE ( 'NONE', *, *, #263, .F. ) ;
#575 = LINE ( 'NONE', #1513, #1263 ) ;
#576 = ORIENTED_EDGE ( 'NONE', *, *, #787, .F. ) ;
#577 = LINE ( 'NONE', #1204, #480 ) ;
#578 = CARTESIAN_POINT ( 'NONE',  ( -0.3250000000000000111, -6.337887345301090075E-16, 1.449999999999999734 ) ) ;
#579 = CARTESIAN_POINT ( 'NONE',  ( -0.3250000000000000111, 0.7500000000000001110, 0.7000000000000002887 ) ) ;
#580 = CARTESIAN_POINT ( 'NONE',  ( 0.4527559055118111075, 0.6353464161320048209, -0.9852561192862693273 ) ) ;
#581 = ORIENTED_EDGE ( 'NONE', *, *, #622, .T. ) ;
#582 = EDGE_LOOP ( 'NONE', ( #588, #549, #22, #1151 ) ) ;
#583 = VECTOR ( 'NONE', #599, 39.37007874015748143 ) ;
#584 = EDGE_CURVE ( 'NONE', #224, #1224, #20, .T. ) ;
#585 = VECTOR ( 'NONE', #435, 39.37007874015748143 ) ;
#586 = FACE_OUTER_BOUND ( 'NONE', #1346, .T. ) ;
#587 = EDGE_CURVE ( 'NONE', #983, #846, #24, .T. ) ;
#588 = ORIENTED_EDGE ( 'NONE', *, *, #937, .T. ) ;
#589 = LINE ( 'NONE', #847, #823 ) ;
#590 = ADVANCED_BREP_SHAPE_REPRESENTATION ( 'PistonMountBracket', ( #663, #359 ), #200 ) ;
#591 = LINE ( 'NONE', #578, #1258 ) ;
#592 = LINE ( 'NONE', #728, #42 ) ;
#593 = ORIENTED_EDGE ( 'NONE', *, *, #447, .T. ) ;
#594 = ORIENTED_EDGE ( 'NONE', *, *, #283, .F. ) ;
#595 = CARTESIAN_POINT ( 'NONE',  ( 0.6250000000000000000, 0.000000000000000000, 0.000000000000000000 ) ) ;
#596 = EDGE_CURVE ( 'NONE', #1246, #50, #114, .T. ) ;
#597 = CARTESIAN_POINT ( 'NONE',  ( 0.4424685696619789499, 1.556114473574376600, -1.274999999999999911 ) ) ;
#598 = ORIENTED_EDGE ( 'NONE', *, *, #169, .T. ) ;
#599 = DIRECTION ( 'NONE',  ( 1.000000000000000000, -0.000000000000000000, -1.561055996379578982E-16 ) ) ;
#600 = ADVANCED_FACE ( 'NONE', ( #1608 ), #259, .F. ) ;
#601 = PLANE ( 'NONE',  #1367 ) ;
#602 = FACE_OUTER_BOUND ( 'NONE', #561, .T. ) ;
#603 = ORIENTED_EDGE ( 'NONE', *, *, #762, .F. ) ;
#604 = ORIENTED_EDGE ( 'NONE', *, *, #301, .F. ) ;
#605 = DIRECTION ( 'NONE',  ( -0.000000000000000000, -1.000000000000000000, -0.000000000000000000 ) ) ;
#606 = DIRECTION ( 'NONE',  ( 1.000000000000000000, 0.000000000000000000, 0.000000000000000000 ) ) ;
#607 = CARTESIAN_POINT ( 'NONE',  ( 0.7499999999999998890, 1.556114473574376822, -1.205118110236220064 ) ) ;
#608 = EDGE_CURVE ( 'NONE', #941, #415, #748, .T. ) ;
#609 = DIRECTION ( 'NONE',  ( 1.000000000000000000, -0.000000000000000000, 0.000000000000000000 ) ) ;
#610 = CARTESIAN_POINT ( 'NONE',  ( 0.6250000000000000000, 0.1250000000000000000, 0.000000000000000000 ) ) ;
#611 = VECTOR ( 'NONE', #1301, 39.37007874015748143 ) ;
#612 = ORIENTED_EDGE ( 'NONE', *, *, #896, .T. ) ;
#613 = VECTOR ( 'NONE', #606, 39.37007874015748143 ) ;
#614 = VECTOR ( 'NONE', #960, 39.37007874015748143 ) ;
#615 = VECTOR ( 'NONE', #1267, 39.37007874015748143 ) ;
#616 = ORIENTED_EDGE ( 'NONE', *, *, #401, .F. ) ;
#617 = DIRECTION ( 'NONE',  ( 1.000000000000000000, -0.000000000000000000, -0.000000000000000000 ) ) ;
#618 = CIRCLE ( 'NONE', #1016, 0.05511811023622041616 ) ;
#619 = DIRECTION ( 'NONE',  ( 0.000000000000000000, -0.3273127266530644897, -0.9449160698024645644 ) ) ;
#620 = LINE ( 'NONE', #645, #253 ) ;
#621 = CARTESIAN_POINT ( 'NONE',  ( -0.2424999999999998268, 0.1250000000000000000, -1.456889763779527502 ) ) ;
#622 = EDGE_CURVE ( 'NONE', #1390, #1489, #1376, .T. ) ;
#623 = ORIENTED_EDGE ( 'NONE', *, *, #692, .F. ) ;
#624 = EDGE_CURVE ( 'NONE', #415, #724, #132, .T. ) ;
#625 = DIRECTION ( 'NONE',  ( 1.000000000000000000, -0.000000000000000000, -0.000000000000000000 ) ) ;
#626 = ORIENTED_EDGE ( 'NONE', *, *, #1266, .T. ) ;
#627 = DIRECTION ( 'NONE',  ( 0.000000000000000000, 4.370956789862821150E-16, -1.000000000000000000 ) ) ;
#628 = CARTESIAN_POINT ( 'NONE',  ( 0.6250000000000000000, 0.4194344228511914796, -1.024999999999999911 ) ) ;
#629 = CARTESIAN_POINT ( 'NONE',  ( -0.2424999999999998268, 0.000000000000000000, 1.456889763779527502 ) ) ;
#630 = ORIENTED_EDGE ( 'NONE', *, *, #1175, .T. ) ;
#631 = DIRECTION ( 'NONE',  ( 0.000000000000000000, 0.8631886678020981307, -0.5048814947866864244 ) ) ;
#632 = ORIENTED_EDGE ( 'NONE', *, *, #1490, .F. ) ;
#633 = ORIENTED_EDGE ( 'NONE', *, *, #15, .T. ) ;
#634 = DIRECTION ( 'NONE',  ( -1.000000000000000000, 0.000000000000000000, -0.000000000000000000 ) ) ;
#635 = LINE ( 'NONE', #396, #507 ) ;
#636 = CARTESIAN_POINT ( 'NONE',  ( 0.2425000000000001044, 0.000000000000000000, 1.693110236220472187 ) ) ;
#637 = DIRECTION ( 'NONE',  ( 0.000000000000000000, 0.000000000000000000, -1.000000000000000000 ) ) ;
#638 = ORIENTED_EDGE ( 'NONE', *, *, #1467, .T. ) ;
#639 = AXIS2_PLACEMENT_3D ( 'NONE', #460, #348, #1100 ) ;
#640 = VECTOR ( 'NONE', #1319, 39.37007874015748143 ) ;
#641 = ADVANCED_FACE ( 'NONE', ( #362 ), #445, .T. ) ;
#642 = CARTESIAN_POINT ( 'NONE',  ( 0.4424685696619789499, 1.556114473574376600, -1.274999999999999911 ) ) ;
#643 = VECTOR ( 'NONE', #1231, 39.37007874015748143 ) ;
#644 = EDGE_CURVE ( 'NONE', #319, #1364, #1596, .T. ) ;
#645 = CARTESIAN_POINT ( 'NONE',  ( 0.8750000000000000000, 0.7500000000000001110, 0.9175196850393702031 ) ) ;
#646 = VECTOR ( 'NONE', #310, 39.37007874015748143 ) ;
#647 = ORIENTED_EDGE ( 'NONE', *, *, #401, .T. ) ;
#648 = LINE ( 'NONE', #515, #952 ) ;
#649 = CARTESIAN_POINT ( 'NONE',  ( -0.6250000000000000000, 0.6915140259938835632, -0.2395359213376622443 ) ) ;
#650 = ORIENTED_EDGE ( 'NONE', *, *, #1284, .F. ) ;
#651 = EDGE_LOOP ( 'NONE', ( #683, #1500, #511, #1584, #1051, #1307, #773, #232, #594, #778 ) ) ;
#652 = CARTESIAN_POINT ( 'NONE',  ( -0.8750000000000000000, 0.6915140259938835632, -0.2395359213376622443 ) ) ;
#653 = CARTESIAN_POINT ( 'NONE',  ( 0.8750000000000000000, 0.1250000000000000000, 1.875000000000000000 ) ) ;
#654 = DIRECTION ( 'NONE',  ( 1.000000000000000000, -0.000000000000000000, 0.000000000000000000 ) ) ;
#655 = FACE_BOUND ( 'NONE', #1549, .T. ) ;
#656 = VERTEX_POINT ( 'NONE', #1452 ) ;
#657 = VERTEX_POINT ( 'NONE', #333 ) ;
#658 = DIRECTION ( 'NONE',  ( 1.000000000000000000, -0.000000000000000000, 0.000000000000000000 ) ) ;
#659 = DIRECTION ( 'NONE',  ( 1.000000000000000000, -0.000000000000000000, 0.000000000000000000 ) ) ;
#660 = EDGE_CURVE ( 'NONE', #187, #163, #824, .T. ) ;
#661 = VERTEX_POINT ( 'NONE', #1213 ) ;
#662 = EDGE_CURVE ( 'NONE', #706, #705, #591, .T. ) ;
#663 = MANIFOLD_SOLID_BREP ( 'Cut-Extrude5', #244 ) ;
#664 = ORIENTED_EDGE ( 'NONE', *, *, #1140, .T. ) ;
#665 = AXIS2_PLACEMENT_3D ( 'NONE', #1443, #1545, #322 ) ;
#666 = ORIENTED_EDGE ( 'NONE', *, *, #1467, .F. ) ;
#667 = CARTESIAN_POINT ( 'NONE',  ( 0.8750000000000000000, 0.7500000000000001110, 1.075000000000000178 ) ) ;
#668 = VECTOR ( 'NONE', #508, 39.37007874015748143 ) ;
#669 = VECTOR ( 'NONE', #1434, 39.37007874015748143 ) ;
#670 = LINE ( 'NONE', #1180, #1533 ) ;
#671 = VECTOR ( 'NONE', #1616, 39.37007874015748143 ) ;
#672 = DIRECTION ( 'NONE',  ( 0.000000000000000000, 0.000000000000000000, -1.000000000000000000 ) ) ;
#673 = EDGE_CURVE ( 'NONE', #656, #370, #1318, .T. ) ;
#674 = APPLICATION_CONTEXT ( 'automotive_design' ) ;
#675 = FACE_BOUND ( 'NONE', #1255, .T. ) ;
#676 = ORIENTED_EDGE ( 'NONE', *, *, #159, .F. ) ;
#677 = DIRECTION ( 'NONE',  ( -0.000000000000000000, 1.000000000000000000, -0.000000000000000000 ) ) ;
#678 = ORIENTED_EDGE ( 'NONE', *, *, #1101, .T. ) ;
#679 = LINE ( 'NONE', #1550, #669 ) ;
#680 = PLANE ( 'NONE',  #819 ) ;
#681 = EDGE_CURVE ( 'NONE', #1027, #187, #871, .T. ) ;
#682 = CARTESIAN_POINT ( 'NONE',  ( 0.3250000000000000111, 0.000000000000000000, 0.000000000000000000 ) ) ;
#683 = ORIENTED_EDGE ( 'NONE', *, *, #624, .F. ) ;
#684 = LINE ( 'NONE', #796, #646 ) ;
#685 = DIRECTION ( 'NONE',  ( 1.000000000000000000, 0.000000000000000000, 0.000000000000000000 ) ) ;
#686 = CARTESIAN_POINT ( 'NONE',  ( -0.6250000000000000000, 0.000000000000000000, 0.7000000000000002887 ) ) ;
#687 = PRODUCT ( 'PistonMountBracket', 'PistonMountBracket', '', ( #1181 ) ) ;
#688 = ORIENTED_EDGE ( 'NONE', *, *, #744, .F. ) ;
#689 = ADVANCED_FACE ( 'NONE', ( #246 ), #701, .F. ) ;
#690 = ORIENTED_EDGE ( 'NONE', *, *, #280, .T. ) ;
#691 = VECTOR ( 'NONE', #1155, 39.37007874015748143 ) ;
#692 = EDGE_CURVE ( 'NONE', #1224, #861, #1001, .T. ) ;
#693 = CARTESIAN_POINT ( 'NONE',  ( 0.000000000000000000, 1.017925497196424001, 0.000000000000000000 ) ) ;
#694 = LINE ( 'NONE', #1414, #640 ) ;
#695 = VECTOR ( 'NONE', #328, 39.37007874015748143 ) ;
#696 = ORIENTED_EDGE ( 'NONE', *, *, #541, .T. ) ;
#697 = DIRECTION ( 'NONE',  ( 0.000000000000000000, 0.000000000000000000, -1.000000000000000000 ) ) ;
#698 = ORIENTED_EDGE ( 'NONE', *, *, #1391, .T. ) ;
#699 = CARTESIAN_POINT ( 'NONE',  ( -0.8750000000000000000, 1.556114473574376822, -1.274999999999999911 ) ) ;
#700 = ADVANCED_FACE ( 'NONE', ( #1305 ), #195, .T. ) ;
#701 = CYLINDRICAL_SURFACE ( 'NONE', #198, 0.05511811023622041616 ) ;
#702 = CARTESIAN_POINT ( 'NONE',  ( -0.6250000000000000000, 0.1250000000000000000, 0.000000000000000000 ) ) ;
#703 = LINE ( 'NONE', #93, #671 ) ;
#704 = ORIENTED_EDGE ( 'NONE', *, *, #608, .T. ) ;
#705 = VERTEX_POINT ( 'NONE', #83 ) ;
#706 = VERTEX_POINT ( 'NONE', #53 ) ;
#707 = PLANE ( 'NONE',  #250 ) ;
#708 = DIRECTION ( 'NONE',  ( 1.000000000000000000, 0.000000000000000000, -0.000000000000000000 ) ) ;
#709 = EDGE_CURVE ( 'NONE', #726, #722, #1276, .T. ) ;
#710 = CARTESIAN_POINT ( 'NONE',  ( 0.8750000000000000000, 0.6915140259938835632, -0.2395359213376622443 ) ) ;
#711 = ORIENTED_EDGE ( 'NONE', *, *, #1316, .F. ) ;
#712 = EDGE_CURVE ( 'NONE', #1158, #448, #77, .T. ) ;
#713 = LINE ( 'NONE', #344, #613 ) ;
#714 = ORIENTED_EDGE ( 'NONE', *, *, #210, .F. ) ;
#715 = ORIENTED_EDGE ( 'NONE', *, *, #1036, .F. ) ;
#716 = DIRECTION ( 'NONE',  ( -0.000000000000000000, -1.000000000000000000, 0.000000000000000000 ) ) ;
#717 = CARTESIAN_POINT ( 'NONE',  ( 0.8750000000000000000, 1.556114473574376822, -1.024999999999999911 ) ) ;
#718 = AXIS2_PLACEMENT_3D ( 'NONE', #234, #1359, #1086 ) ;
#719 = VECTOR ( 'NONE', #1202, 39.37007874015748143 ) ;
#720 = CARTESIAN_POINT ( 'NONE',  ( -0.2424999999999998268, 0.000000000000000000, 1.456889763779527502 ) ) ;
#721 = ADVANCED_FACE ( 'NONE', ( #60 ), #1043, .T. ) ;
#722 = VERTEX_POINT ( 'NONE', #1560 ) ;
#723 = VECTOR ( 'NONE', #91, 39.37007874015748143 ) ;
#724 = VERTEX_POINT ( 'NONE', #295 ) ;
#725 = CARTESIAN_POINT ( 'NONE',  ( -0.6250000000000000000, 0.1249999999999999584, -1.875000000000000000 ) ) ;
#726 = VERTEX_POINT ( 'NONE', #413 ) ;
#727 = DIRECTION ( 'NONE',  ( 1.000000000000000000, -0.000000000000000000, -0.000000000000000000 ) ) ;
#728 = CARTESIAN_POINT ( 'NONE',  ( -0.6250000000000000000, 0.1250000000000000000, 0.000000000000000000 ) ) ;
#729 = CARTESIAN_POINT ( 'NONE',  ( 0.4527559055118111075, 1.540858227155627036, -0.9852561192862693273 ) ) ;
#730 = ORIENTED_EDGE ( 'NONE', *, *, #673, .F. ) ;
#731 = EDGE_CURVE ( 'NONE', #286, #1057, #539, .T. ) ;
#732 = LINE ( 'NONE', #1474, #1011 ) ;
#733 = ORIENTED_EDGE ( 'NONE', *, *, #25, .T. ) ;
#734 = LINE ( 'NONE', #1106, #222 ) ;
#735 = EDGE_LOOP ( 'NONE', ( #959, #1320, #535, #330 ) ) ;
#736 = LINE ( 'NONE', #473, #454 ) ;
#737 = DIRECTION ( 'NONE',  ( 1.000000000000000000, -0.000000000000000000, 0.000000000000000000 ) ) ;
#738 = ORIENTED_EDGE ( 'NONE', *, *, #239, .F. ) ;
#739 = DIRECTION ( 'NONE',  ( -1.000000000000000000, -0.000000000000000000, -0.000000000000000000 ) ) ;
#740 = ADVANCED_FACE ( 'NONE', ( #1189 ), #919, .T. ) ;
#741 = CARTESIAN_POINT ( 'NONE',  ( -0.2424999999999999101, 0.1250000000000000000, -1.693110236220472187 ) ) ;
#742 = ORIENTED_EDGE ( 'NONE', *, *, #681, .F. ) ;
#743 = CARTESIAN_POINT ( 'NONE',  ( -0.4424685696619789499, 1.556114473574376822, -1.274999999999999911 ) ) ;
#744 = EDGE_CURVE ( 'NONE', #1433, #469, #194, .T. ) ;
#745 = VECTOR ( 'NONE', #106, 39.37007874015748143 ) ;
#746 = ORIENTED_EDGE ( 'NONE', *, *, #692, .T. ) ;
#747 = VECTOR ( 'NONE', #19, 39.37007874015748143 ) ;
#748 = LINE ( 'NONE', #1354, #771 ) ;
#749 = VECTOR ( 'NONE', #1528, 39.37007874015748143 ) ;
#750 = CARTESIAN_POINT ( 'NONE',  ( -0.6250000000000000000, 0.7500000000000001110, 1.450000000000000178 ) ) ;
#751 = CARTESIAN_POINT ( 'NONE',  ( -0.3250000000000000666, 0.7500000000000001110, 1.232480314960630041 ) ) ;
#752 = ORIENTED_EDGE ( 'NONE', *, *, #159, .T. ) ;
#753 = CARTESIAN_POINT ( 'NONE',  ( 0.8750000000000000000, 0.1250000000000000000, 1.875000000000000000 ) ) ;
#754 = DIRECTION ( 'NONE',  ( 0.000000000000000000, -1.000000000000000000, 0.000000000000000000 ) ) ;
#755 = ORIENTED_EDGE ( 'NONE', *, *, #230, .F. ) ;
#756 = ORIENTED_EDGE ( 'NONE', *, *, #787, .T. ) ;
#757 = DIRECTION ( 'NONE',  ( -0.000000000000000000, -0.000000000000000000, 1.000000000000000000 ) ) ;
#758 = PLANE ( 'NONE',  #174 ) ;
#759 = CARTESIAN_POINT ( 'NONE',  ( -0.3250000000000000111, 0.000000000000000000, 0.000000000000000000 ) ) ;
#760 = ORIENTED_EDGE ( 'NONE', *, *, #1128, .F. ) ;
#761 = EDGE_CURVE ( 'NONE', #1390, #1082, #670, .T. ) ;
#762 = EDGE_CURVE ( 'NONE', #1120, #1027, #188, .T. ) ;
#763 =( BOUNDED_SURFACE ( )  B_SPLINE_SURFACE ( 3, 1, ( 
 ( #990, #366 ),
 ( #1094, #868 ),
 ( #1598, #1200 ),
 ( #468, #956 ),
 ( #973, #834 ),
 ( #580, #228 ),
 ( #729, #1088 ) ),
 .UNSPECIFIED., .T., .F., .F. ) 
 B_SPLINE_SURFACE_WITH_KNOTS ( ( 4, 3, 4 ),
 ( 2, 2 ),
 ( 0.000000000000000000, 0.5000000000000000000, 1.000000000000000000 ),
 ( 0.000000000000000000, 1.000000000000000000 ),
 .UNSPECIFIED. ) 
 GEOMETRIC_REPRESENTATION_ITEM ( )  RATIONAL_B_SPLINE_SURFACE ( (
 ( 1.000000000000000000, 1.000000000000000000),
 ( 0.3333333333333333703, 0.3333333333333333703),
 ( 0.3333333333333333703, 0.3333333333333333703),
 ( 1.000000000000000000, 1.000000000000000000),
 ( 0.3333333333333333703, 0.3333333333333333703),
 ( 0.3333333333333333703, 0.3333333333333333703),
 ( 1.000000000000000000, 1.000000000000000000) ) ) 
 REPRESENTATION_ITEM ( '' )  SURFACE ( )  );
#764 = LINE ( 'NONE', #1511, #880 ) ;
#765 = LINE ( 'NONE', #27, #749 ) ;
#766 = ORIENTED_EDGE ( 'NONE', *, *, #17, .T. ) ;
#767 = CARTESIAN_POINT ( 'NONE',  ( 0.3250000000000000111, 0.7500000000000001110, 1.232480314960630041 ) ) ;
#768 = LENGTH_MEASURE_WITH_UNIT ( LENGTH_MEASURE( 0.02539999999999999897 ), #1119 );
#769 = VERTEX_POINT ( 'NONE', #67 ) ;
#770 = AXIS2_PLACEMENT_3D ( 'NONE', #1069, #825, #1605 ) ;
#771 = VECTOR ( 'NONE', #1501, 39.37007874015748143 ) ;
#772 = VECTOR ( 'NONE', #757, 39.37007874015748143 ) ;
#773 = ORIENTED_EDGE ( 'NONE', *, *, #731, .T. ) ;
#774 = FACE_OUTER_BOUND ( 'NONE', #411, .T. ) ;
#775 = VECTOR ( 'NONE', #150, 39.37007874015748143 ) ;
#776 = CARTESIAN_POINT ( 'NONE',  ( -0.2424999999999998268, 0.000000000000000000, -1.456889763779527502 ) ) ;
#777 = CARTESIAN_POINT ( 'NONE',  ( 0.2425000000000001044, 0.1250000000000000000, 1.693110236220472187 ) ) ;
#778 = ORIENTED_EDGE ( 'NONE', *, *, #280, .F. ) ;
#779 = UNCERTAINTY_MEASURE_WITH_UNIT (LENGTH_MEASURE( 1.000000000000000082E-05 ), #1492, 'distance_accuracy_value', 'NONE');
#780 = EDGE_LOOP ( 'NONE', ( #1298, #920, #471 ) ) ;
#781 = CARTESIAN_POINT ( 'NONE',  ( 0.7499999999999998890, 1.017925497196424001, -1.149999999999999689 ) ) ;
#782 = EDGE_CURVE ( 'NONE', #1044, #1103, #1544, .T. ) ;
#783 = DIRECTION ( 'NONE',  ( -1.561055996379578982E-16, 0.000000000000000000, -1.000000000000000000 ) ) ;
#784 = DIRECTION ( 'NONE',  ( -1.000000000000000000, 0.000000000000000000, 0.000000000000000000 ) ) ;
#785 = ORIENTED_EDGE ( 'NONE', *, *, #958, .T. ) ;
#786 = VERTEX_POINT ( 'NONE', #924 ) ;
#787 = EDGE_CURVE ( 'NONE', #89, #1003, #1065, .T. ) ;
#788 = CYLINDRICAL_SURFACE ( 'NONE', #909, 0.1574803149606297803 ) ;
#789 = ORIENTED_EDGE ( 'NONE', *, *, #1518, .T. ) ;
#790 = DIRECTION ( 'NONE',  ( -1.000000000000000000, -0.000000000000000000, -0.000000000000000000 ) ) ;
#791 = FACE_BOUND ( 'NONE', #193, .T. ) ;
#792 = ORIENTED_EDGE ( 'NONE', *, *, #896, .F. ) ;
#793 = ORIENTED_EDGE ( 'NONE', *, *, #624, .T. ) ;
#794 = PLANE ( 'NONE',  #1423 ) ;
#795 = ORIENTED_EDGE ( 'NONE', *, *, #712, .T. ) ;
#796 = CARTESIAN_POINT ( 'NONE',  ( -0.8750000000000000000, 2.324999999999999734, -1.024999999999999911 ) ) ;
#797 = AXIS2_PLACEMENT_3D ( 'NONE', #1382, #262, #143 ) ;
#798 = CARTESIAN_POINT ( 'NONE',  ( 0.8750000000000000000, 0.7500000000000001110, 1.075000000000000178 ) ) ;
#799 = AXIS2_PLACEMENT_3D ( 'NONE', #233, #1211, #358 ) ;
#800 = DIRECTION ( 'NONE',  ( 1.000000000000000000, -0.000000000000000000, 0.000000000000000000 ) ) ;
#801 = VECTOR ( 'NONE', #1031, 39.37007874015748143 ) ;
#802 = CARTESIAN_POINT ( 'NONE',  ( 0.3250000000000000111, 0.7500000000000001110, 1.075000000000000178 ) ) ;
#803 = EDGE_LOOP ( 'NONE', ( #352, #1321, #688, #75 ) ) ;
#804 = FACE_OUTER_BOUND ( 'NONE', #1167, .T. ) ;
#805 = ORIENTED_EDGE ( 'NONE', *, *, #231, .T. ) ;
#806 = CARTESIAN_POINT ( 'NONE',  ( -0.6250000000000000000, 0.7500000000000001110, 0.7000000000000002887 ) ) ;
#807 = LINE ( 'NONE', #938, #354 ) ;
#808 = DIRECTION ( 'NONE',  ( 1.000000000000000000, 0.000000000000000000, 0.000000000000000000 ) ) ;
#809 = DIRECTION ( 'NONE',  ( 0.000000000000000000, 0.000000000000000000, -1.000000000000000000 ) ) ;
#810 = ADVANCED_FACE ( 'NONE', ( #1054 ), #1156, .F. ) ;
#811 = ORIENTED_EDGE ( 'NONE', *, *, #916, .T. ) ;
#812 = ORIENTED_EDGE ( 'NONE', *, *, #980, .F. ) ;
#813 = EDGE_LOOP ( 'NONE', ( #461, #1557 ) ) ;
#814 = EDGE_CURVE ( 'NONE', #81, #726, #807, .T. ) ;
#815 = ORIENTED_EDGE ( 'NONE', *, *, #1262, .T. ) ;
#816 = DIRECTION ( 'NONE',  ( 1.000000000000000000, 0.000000000000000000, -0.000000000000000000 ) ) ;
#817 = CARTESIAN_POINT ( 'NONE',  ( -0.7499999999999998890, 1.017925497196424001, -1.205118110236220064 ) ) ;
#818 = LINE ( 'NONE', #1164, #296 ) ;
#819 = AXIS2_PLACEMENT_3D ( 'NONE', #702, #1073, #809 ) ;
#820 = EDGE_LOOP ( 'NONE', ( #1112, #1104 ) ) ;
#821 = DIRECTION ( 'NONE',  ( 0.000000000000000000, 0.000000000000000000, -1.000000000000000000 ) ) ;
#822 = VECTOR ( 'NONE', #625, 39.37007874015748143 ) ;
#823 = VECTOR ( 'NONE', #1227, 39.37007874015748143 ) ;
#824 = LINE ( 'NONE', #1205, #1060 ) ;
#825 = DIRECTION ( 'NONE',  ( 1.000000000000000000, -0.000000000000000000, 0.000000000000000000 ) ) ;
#826 = VECTOR ( 'NONE', #988, 39.37007874015748854 ) ;
#827 = ORIENTED_EDGE ( 'NONE', *, *, #1579, .T. ) ;
#828 = CARTESIAN_POINT ( 'NONE',  ( -0.2424999999999998823, 0.1250000000000000000, 1.693110236220472187 ) ) ;
#829 = CARTESIAN_POINT ( 'NONE',  ( 0.8750000000000000000, 0.7500000000000001110, 1.075000000000000178 ) ) ;
#830 = EDGE_CURVE ( 'NONE', #1526, #1010, #679, .T. ) ;
#831 = CARTESIAN_POINT ( 'NONE',  ( -0.6250000000000000000, 0.000000000000000000, 0.7000000000000002887 ) ) ;
#832 = CARTESIAN_POINT ( 'NONE',  ( -0.6250000000000000000, 0.000000000000000000, 0.000000000000000000 ) ) ;
#833 = EDGE_CURVE ( 'NONE', #279, #1553, #46, .T. ) ;
#834 = CARTESIAN_POINT ( 'NONE',  ( -0.4527559055118112186, 0.9195920376122762585, -1.725741279491614932 ) ) ;
#835 = VERTEX_POINT ( 'NONE', #285 ) ;
#836 = ORIENTED_EDGE ( 'NONE', *, *, #202, .F. ) ;
#837 = PLANE ( 'NONE',  #799 ) ;
#838 = EDGE_CURVE ( 'NONE', #370, #1169, #933, .T. ) ;
#839 = DIRECTION ( 'NONE',  ( 0.000000000000000000, 1.000000000000000000, 4.370956789862821150E-16 ) ) ;
#840 = CARTESIAN_POINT ( 'NONE',  ( -0.2424999999999998268, 0.000000000000000000, -1.456889763779527502 ) ) ;
#841 = CARTESIAN_POINT ( 'NONE',  ( 0.8750000000000000000, 0.6915140259938835632, -0.2395359213376622443 ) ) ;
#842 = ORIENTED_EDGE ( 'NONE', *, *, #1512, .T. ) ;
#843 = ORIENTED_EDGE ( 'NONE', *, *, #474, .F. ) ;
#844 = CARTESIAN_POINT ( 'NONE',  ( -0.8750000000000000000, 0.1250000000000000000, -1.274999999999999911 ) ) ;
#845 = ORIENTED_EDGE ( 'NONE', *, *, #425, .F. ) ;
#846 = VERTEX_POINT ( 'NONE', #167 ) ;
#847 = CARTESIAN_POINT ( 'NONE',  ( 0.8750000000000000000, 0.1250000000000000000, -1.874999999999999778 ) ) ;
#848 = VECTOR ( 'NONE', #92, 39.37007874015748143 ) ;
#849 = DIRECTION ( 'NONE',  ( -0.000000000000000000, 1.000000000000000000, -0.000000000000000000 ) ) ;
#850 = VECTOR ( 'NONE', #1297, 39.37007874015748143 ) ;
#851 = FACE_OUTER_BOUND ( 'NONE', #184, .T. ) ;
#852 = ORIENTED_EDGE ( 'NONE', *, *, #889, .F. ) ;
#853 = CIRCLE ( 'NONE', #1555, 0.05511811023622041616 ) ;
#854 = VECTOR ( 'NONE', #1146, 39.37007874015748143 ) ;
#855 = VERTEX_POINT ( 'NONE', #41 ) ;
#856 = CARTESIAN_POINT ( 'NONE',  ( 0.3250000000000000111, 0.1250000000000000000, 0.000000000000000000 ) ) ;
#857 = ORIENTED_EDGE ( 'NONE', *, *, #553, .F. ) ;
#858 = CARTESIAN_POINT ( 'NONE',  ( -0.8750000000000000000, 2.324999999999999734, -1.024999999999999911 ) ) ;
#859 = PLANE ( 'NONE',  #1107 ) ;
#860 = DIRECTION ( 'NONE',  ( 0.000000000000000000, 0.000000000000000000, -1.000000000000000000 ) ) ;
#861 = VERTEX_POINT ( 'NONE', #530 ) ;
#862 = EDGE_CURVE ( 'NONE', #469, #558, #1441, .T. ) ;
#863 = DIRECTION ( 'NONE',  ( 0.000000000000000000, 0.000000000000000000, 1.000000000000000000 ) ) ;
#864 = ADVANCED_FACE ( 'NONE', ( #226 ), #707, .F. ) ;
#865 = ORIENTED_EDGE ( 'NONE', *, *, #15, .F. ) ;
#866 = CARTESIAN_POINT ( 'NONE',  ( 0.2425000000000000488, 0.000000000000000000, 1.456889763779527502 ) ) ;
#867 = CARTESIAN_POINT ( 'NONE',  ( -0.4493945400566429771, 1.556114473574376156, -1.191810560095626581 ) ) ;
#868 = CARTESIAN_POINT ( 'NONE',  ( 0.4527559055118111075, 2.730615659659519689, -1.725741279491614932 ) ) ;
#869 = EDGE_LOOP ( 'NONE', ( #257, #756, #55, #714 ) ) ;
#870 = CARTESIAN_POINT ( 'NONE',  ( -0.6250000000000000000, 0.7500000000000001110, 1.450000000000000178 ) ) ;
#871 = LINE ( 'NONE', #1362, #723 ) ;
#872 = LINE ( 'NONE', #1493, #822 ) ;
#873 = CARTESIAN_POINT ( 'NONE',  ( -0.8750000000000000000, 0.000000000000000000, 1.875000000000000444 ) ) ;
#874 = CARTESIAN_POINT ( 'NONE',  ( 0.7499999999999998890, 1.017925497196424001, -1.205118110236220064 ) ) ;
#875 = CARTESIAN_POINT ( 'NONE',  ( -0.8750000000000000000, 0.1249999999999999584, -1.875000000000000000 ) ) ;
#876 = LINE ( 'NONE', #1008, #225 ) ;
#877 = CIRCLE ( 'NONE', #948, 0.1574803149606299191 ) ;
#878 = ORIENTED_EDGE ( 'NONE', *, *, #116, .T. ) ;
#879 = VECTOR ( 'NONE', #1505, 39.37007874015748854 ) ;
#880 = VECTOR ( 'NONE', #11, 39.37007874015748143 ) ;
#881 = CARTESIAN_POINT ( 'NONE',  ( 0.4527559055118111075, 0.6506026625507453920, -1.025000000000000133 ) ) ;
#882 = VERTEX_POINT ( 'NONE', #110 ) ;
#883 = CARTESIAN_POINT ( 'NONE',  ( 0.8750000000000000000, 0.3328360631890763810, -1.274999999999999911 ) ) ;
#884 = EDGE_CURVE ( 'NONE', #248, #95, #577, .T. ) ;
#885 = CARTESIAN_POINT ( 'NONE',  ( -0.8750000000000000000, 0.000000000000000000, 1.875000000000000444 ) ) ;
#886 = LINE ( 'NONE', #1515, #455 ) ;
#887 = FACE_OUTER_BOUND ( 'NONE', #1559, .T. ) ;
#888 = EDGE_LOOP ( 'NONE', ( #1409, #1509 ) ) ;
#889 = EDGE_CURVE ( 'NONE', #431, #966, #1349, .T. ) ;
#890 = ORIENTED_EDGE ( 'NONE', *, *, #1, .F. ) ;
#891 = ORIENTED_EDGE ( 'NONE', *, *, #1221, .T. ) ;
#892 = CARTESIAN_POINT ( 'NONE',  ( 0.8750000000000000000, 2.324999999999999734, -1.024999999999999911 ) ) ;
#893 = CARTESIAN_POINT ( 'NONE',  ( -0.3250000000000000111, 0.7500000000000001110, 1.075000000000000178 ) ) ;
#894 = ORIENTED_EDGE ( 'NONE', *, *, #1232, .T. ) ;
#895 = CARTESIAN_POINT ( 'NONE',  ( 0.8750000000000000000, 0.7500000000000001110, 1.075000000000000178 ) ) ;
#896 = EDGE_CURVE ( 'NONE', #974, #1154, #589, .T. ) ;
#897 = DIRECTION ( 'NONE',  ( 0.000000000000000000, 0.000000000000000000, 1.000000000000000000 ) ) ;
#898 = ORIENTED_EDGE ( 'NONE', *, *, #1286, .F. ) ;
#899 = ORIENTED_EDGE ( 'NONE', *, *, #1392, .F. ) ;
#900 = CARTESIAN_POINT ( 'NONE',  ( -0.2424999999999998268, 0.000000000000000000, -1.456889763779527502 ) ) ;
#901 = LINE ( 'NONE', #384, #691 ) ;
#902 = DIRECTION ( 'NONE',  ( 0.000000000000000000, 0.000000000000000000, -1.000000000000000000 ) ) ;
#903 = ORIENTED_EDGE ( 'NONE', *, *, #660, .F. ) ;
#904 = AXIS2_PLACEMENT_3D ( 'NONE', #1568, #1306, #290 ) ;
#905 = EDGE_CURVE ( 'NONE', #855, #1302, #1260, .T. ) ;
#906 = VERTEX_POINT ( 'NONE', #1076 ) ;
#907 = ORIENTED_EDGE ( 'NONE', *, *, #884, .F. ) ;
#908 = CARTESIAN_POINT ( 'NONE',  ( -0.7499999999999998890, 1.556114473574376822, -1.094881889763779093 ) ) ;
#909 = AXIS2_PLACEMENT_3D ( 'NONE', #798, #573, #1482 ) ;
#910 = LINE ( 'NONE', #1117, #615 ) ;
#911 = LINE ( 'NONE', #1114, #1554 ) ;
#912 = ORIENTED_EDGE ( 'NONE', *, *, #1334, .T. ) ;
#913 = CARTESIAN_POINT ( 'NONE',  ( -0.2424999999999998268, 0.000000000000000000, -1.456889763779527502 ) ) ;
#914 = CARTESIAN_POINT ( 'NONE',  ( -0.2424999999999999101, 0.000000000000000000, 1.693110236220472187 ) ) ;
#915 = ORIENTED_EDGE ( 'NONE', *, *, #425, .T. ) ;
#916 = EDGE_CURVE ( 'NONE', #1590, #50, #1312, .T. ) ;
#917 = ORIENTED_EDGE ( 'NONE', *, *, #1418, .F. ) ;
#918 = EDGE_CURVE ( 'NONE', #1154, #1364, #347, .T. ) ;
#919 = CYLINDRICAL_SURFACE ( 'NONE', #1012, 0.3749999999999999445 ) ;
#920 = ORIENTED_EDGE ( 'NONE', *, *, #283, .T. ) ;
#921 = DIRECTION ( 'NONE',  ( 0.000000000000000000, 0.000000000000000000, -1.000000000000000000 ) ) ;
#922 = ORIENTED_EDGE ( 'NONE', *, *, #1000, .T. ) ;
#923 = CARTESIAN_POINT ( 'NONE',  ( 0.6250000000000000000, 0.1250000000000000000, 0.000000000000000000 ) ) ;
#924 = CARTESIAN_POINT ( 'NONE',  ( 0.8750000000000000000, 0.4194344228511914796, -1.024999999999999911 ) ) ;
#925 = VERTEX_POINT ( 'NONE', #607 ) ;
#926 = UNCERTAINTY_MEASURE_WITH_UNIT (LENGTH_MEASURE( 1.000000000000000082E-05 ), #7, 'distance_accuracy_value', 'NONE');
#927 = ORIENTED_EDGE ( 'NONE', *, *, #1534, .T. ) ;
#928 = CARTESIAN_POINT ( 'NONE',  ( -0.6250000000000000000, 0.7500000000000001110, 0.7000000000000002887 ) ) ;
#929 = ORIENTED_EDGE ( 'NONE', *, *, #1365, .F. ) ;
#930 = FACE_BOUND ( 'NONE', #888, .T. ) ;
#931 = CIRCLE ( 'NONE', #1109, 0.3749999999999999445 ) ;
#932 = AXIS2_PLACEMENT_3D ( 'NONE', #444, #1083, #472 ) ;
#933 = LINE ( 'NONE', #1429, #406 ) ;
#934 = ADVANCED_FACE ( 'NONE', ( #1603 ), #103, .F. ) ;
#935 = AXIS2_PLACEMENT_3D ( 'NONE', #107, #737, #1488 ) ;
#936 = CARTESIAN_POINT ( 'NONE',  ( -0.3250000000000000666, 0.7500000000000001110, 0.9175196850393702031 ) ) ;
#937 = EDGE_CURVE ( 'NONE', #983, #769, #853, .T. ) ;
#938 = CARTESIAN_POINT ( 'NONE',  ( 0.2425000000000001044, 0.000000000000000000, -1.693110236220472187 ) ) ;
#939 = LINE ( 'NONE', #1551, #1134 ) ;
#940 = ORIENTED_EDGE ( 'NONE', *, *, #673, .T. ) ;
#941 = VERTEX_POINT ( 'NONE', #977 ) ;
#942 = LINE ( 'NONE', #1196, #614 ) ;
#943 = PRESENTATION_STYLE_ASSIGNMENT (( #452 ) ) ;
#944 = PLANE ( 'NONE',  #665 ) ;
#945 = ORIENTED_EDGE ( 'NONE', *, *, #833, .F. ) ;
#946 = ADVANCED_FACE ( 'NONE', ( #970, #1595, #1477 ), #837, .F. ) ;
#947 = DIRECTION ( 'NONE',  ( 1.000000000000000000, -0.000000000000000000, -0.000000000000000000 ) ) ;
#948 = AXIS2_PLACEMENT_3D ( 'NONE', #118, #609, #466 ) ;
#949 = EDGE_CURVE ( 'NONE', #726, #32, #734, .T. ) ;
#950 = ORIENTED_EDGE ( 'NONE', *, *, #905, .F. ) ;
#951 = CARTESIAN_POINT ( 'NONE',  ( 0.8750000000000000000, 0.1250000000000000000, 1.875000000000000000 ) ) ;
#952 = VECTOR ( 'NONE', #1275, 39.37007874015748143 ) ;
#953 = AXIS2_PLACEMENT_3D ( 'NONE', #203, #465, #209 ) ;
#954 = DIRECTION ( 'NONE',  ( -0.000000000000000000, 1.000000000000000000, -0.000000000000000000 ) ) ;
#955 = AXIS2_PLACEMENT_3D ( 'NONE', #1299, #64, #1062 ) ;
#956 = CARTESIAN_POINT ( 'NONE',  ( -0.4527559055118111075, 1.825103848635898585, -1.725741279491614710 ) ) ;
#957 = ORIENTED_EDGE ( 'NONE', *, *, #949, .T. ) ;
#958 = EDGE_CURVE ( 'NONE', #434, #1271, #942, .T. ) ;
#959 = ORIENTED_EDGE ( 'NONE', *, *, #140, .F. ) ;
#960 = DIRECTION ( 'NONE',  ( 1.000000000000000000, 0.000000000000000000, 0.000000000000000000 ) ) ;
#961 = DIRECTION ( 'NONE',  ( -1.000000000000000000, 0.000000000000000000, 0.000000000000000000 ) ) ;
#962 = CARTESIAN_POINT ( 'NONE',  ( 0.8750000000000000000, 1.104343526175924239, 0.9522577275051009593 ) ) ;
#963 = DIRECTION ( 'NONE',  ( 0.000000000000000000, -0.3273127266530644897, -0.9449160698024645644 ) ) ;
#964 = ORIENTED_EDGE ( 'NONE', *, *, #380, .F. ) ;
#965 = EDGE_LOOP ( 'NONE', ( #1369, #1406, #1089, #391 ) ) ;
#966 = VERTEX_POINT ( 'NONE', #339 ) ;
#967 = CARTESIAN_POINT ( 'NONE',  ( -0.6250000000000000000, 0.1250000000000000000, -1.274999999999999911 ) ) ;
#968 = LINE ( 'NONE', #844, #479 ) ;
#969 = ORIENTED_EDGE ( 'NONE', *, *, #1334, .F. ) ;
#970 = FACE_BOUND ( 'NONE', #533, .T. ) ;
#971 = EDGE_CURVE ( 'NONE', #1061, #835, #1400, .T. ) ;
#972 = LINE ( 'NONE', #111, #502 ) ;
#973 = CARTESIAN_POINT ( 'NONE',  ( -0.4527559055118112186, 0.6353464161320048209, -0.9852561192862693273 ) ) ;
#974 = VERTEX_POINT ( 'NONE', #571 ) ;
#975 = CARTESIAN_POINT ( 'NONE',  ( -0.6250000000000000000, 0.7500000000000001110, 0.7000000000000002887 ) ) ;
#976 = EDGE_LOOP ( 'NONE', ( #28, #519, #917 ) ) ;
#977 = CARTESIAN_POINT ( 'NONE',  ( -0.8750000000000000000, 1.556114473574376822, -1.024999999999999911 ) ) ;
#978 = LINE ( 'NONE', #840, #1471 ) ;
#979 = VECTOR ( 'NONE', #1336, 39.37007874015748143 ) ;
#980 = EDGE_CURVE ( 'NONE', #415, #552, #1315, .T. ) ;
#981 = VECTOR ( 'NONE', #816, 39.37007874015748143 ) ;
#982 = CARTESIAN_POINT ( 'NONE',  ( -0.2424999999999999101, 0.000000000000000000, -1.693110236220472187 ) ) ;
#983 = VERTEX_POINT ( 'NONE', #1573 ) ;
#984 = VECTOR ( 'NONE', #38, 39.37007874015748143 ) ;
#985 = ADVANCED_FACE ( 'NONE', ( #451 ), #331, .T. ) ;
#986 = CARTESIAN_POINT ( 'NONE',  ( 0.6250000000000000000, 0.000000000000000000, 0.000000000000000000 ) ) ;
#987 = ORIENTED_EDGE ( 'NONE', *, *, #937, .F. ) ;
#988 = DIRECTION ( 'NONE',  ( 0.000000000000000000, -0.3273127266530644897, -0.9449160698024645644 ) ) ;
#989 = CYLINDRICAL_SURFACE ( 'NONE', #639, 0.05511811023622041616 ) ;
#990 = CARTESIAN_POINT ( 'NONE',  ( 0.4527559055118111075, 1.540858227155627036, -0.9852561192862693273 ) ) ;
#991 = ORIENTED_EDGE ( 'NONE', *, *, #231, .F. ) ;
#992 = ADVANCED_FACE ( 'NONE', ( #774 ), #1612, .F. ) ;
#993 = PRODUCT_DEFINITION ( 'UNKNOWN', '', #104, #1028 ) ;
#994 =( LENGTH_UNIT ( ) NAMED_UNIT ( * ) SI_UNIT ( $, .METRE. ) );
#995 = DIRECTION ( 'NONE',  ( 0.000000000000000000, 0.000000000000000000, -1.000000000000000000 ) ) ;
#996 = CARTESIAN_POINT ( 'NONE',  ( -0.6250000000000000000, -6.337887345301090075E-16, 1.449999999999999734 ) ) ;
#997 = CARTESIAN_POINT ( 'NONE',  ( 0.4527559055118111075, 1.556114473574376600, -1.108474439038535042 ) ) ;
#998 = LINE ( 'NONE', #649, #1585 ) ;
#999 = ORIENTED_EDGE ( 'NONE', *, *, #814, .T. ) ;
#1000 = EDGE_CURVE ( 'NONE', #187, #786, #484, .T. ) ;
#1001 = LINE ( 'NONE', #817, #1447 ) ;
#1002 = DIRECTION ( 'NONE',  ( 0.000000000000000000, 0.000000000000000000, -1.000000000000000000 ) ) ;
#1003 = VERTEX_POINT ( 'NONE', #751 ) ;
#1004 = LINE ( 'NONE', #158, #102 ) ;
#1005 = ADVANCED_FACE ( 'NONE', ( #1386 ), #381, .F. ) ;
#1006 = CARTESIAN_POINT ( 'NONE',  ( -0.3250000000000000666, 0.7500000000000001110, 1.075000000000000178 ) ) ;
#1007 = CARTESIAN_POINT ( 'NONE',  ( 0.8750000000000000000, 0.4194344228511914796, -1.024999999999999911 ) ) ;
#1008 = CARTESIAN_POINT ( 'NONE',  ( 0.8750000000000000000, 1.104343526175924239, 0.9522577275051009593 ) ) ;
#1009 = VECTOR ( 'NONE', #1294, 39.37007874015748143 ) ;
#1010 = VERTEX_POINT ( 'NONE', #1495 ) ;
#1011 = VECTOR ( 'NONE', #739, 39.37007874015748143 ) ;
#1012 = AXIS2_PLACEMENT_3D ( 'NONE', #289, #1566, #172 ) ;
#1013 = AXIS2_PLACEMENT_3D ( 'NONE', #781, #520, #403 ) ;
#1014 = DIRECTION ( 'NONE',  ( 1.000000000000000000, -0.000000000000000000, -0.000000000000000000 ) ) ;
#1015 = EDGE_CURVE ( 'NONE', #661, #32, #1241, .T. ) ;
#1016 = AXIS2_PLACEMENT_3D ( 'NONE', #130, #269, #1270 ) ;
#1017 = CARTESIAN_POINT ( 'NONE',  ( 0.8750000000000000000, 1.104343526175924239, 0.9522577275051009593 ) ) ;
#1018 = ORIENTED_EDGE ( 'NONE', *, *, #1038, .F. ) ;
#1019 = CARTESIAN_POINT ( 'NONE',  ( 0.8750000000000000000, 0.3328360631890763810, -1.274999999999999911 ) ) ;
#1020 = DIRECTION ( 'NONE',  ( -0.000000000000000000, -1.000000000000000000, -0.000000000000000000 ) ) ;
#1021 = ORIENTED_EDGE ( 'NONE', *, *, #761, .F. ) ;
#1022 = DIRECTION ( 'NONE',  ( 0.000000000000000000, 0.000000000000000000, 1.000000000000000000 ) ) ;
#1023 = CARTESIAN_POINT ( 'NONE',  ( 0.2425000000000001044, 0.1250000000000000000, -1.693110236220472187 ) ) ;
#1024 = DIRECTION ( 'NONE',  ( -1.000000000000000000, -0.000000000000000000, -0.000000000000000000 ) ) ;
#1025 = CYLINDRICAL_SURFACE ( 'NONE', #1581, 0.3749999999999999445 ) ;
#1026 = CARTESIAN_POINT ( 'NONE',  ( 0.2425000000000001044, 0.000000000000000000, 1.693110236220472187 ) ) ;
#1027 = VERTEX_POINT ( 'NONE', #238 ) ;
#1028 = PRODUCT_DEFINITION_CONTEXT ( 'detailed design', #674, 'design' ) ;
#1029 = FACE_OUTER_BOUND ( 'NONE', #1524, .T. ) ;
#1030 = EDGE_LOOP ( 'NONE', ( #1135, #308, #752, #766 ) ) ;
#1031 = DIRECTION ( 'NONE',  ( -1.000000000000000000, -0.000000000000000000, -0.000000000000000000 ) ) ;
#1032 = CARTESIAN_POINT ( 'NONE',  ( -0.8750000000000000000, 0.9393305605450071871, 1.398695750425786644 ) ) ;
#1033 = DIRECTION ( 'NONE',  ( 0.000000000000000000, 0.000000000000000000, -1.000000000000000000 ) ) ;
#1034 = FACE_OUTER_BOUND ( 'NONE', #1192, .T. ) ;
#1035 = EDGE_LOOP ( 'NONE', ( #1141, #318, #1277, #1463 ) ) ;
#1036 = EDGE_CURVE ( 'NONE', #56, #1606, #1139, .T. ) ;
#1037 = MECHANICAL_DESIGN_GEOMETRIC_PRESENTATION_REPRESENTATION (  '', ( #71 ), #276 ) ;
#1038 = EDGE_CURVE ( 'NONE', #1027, #882, #1503, .T. ) ;
#1039 = AXIS2_PLACEMENT_3D ( 'NONE', #996, #627, #1131 ) ;
#1040 = CARTESIAN_POINT ( 'NONE',  ( -0.3107398956326640205, 0.9487556937829968451, -1.275000000000000133 ) ) ;
#1041 = ORIENTED_EDGE ( 'NONE', *, *, #971, .F. ) ;
#1042 = CYLINDRICAL_SURFACE ( 'NONE', #177, 0.1574803149606297803 ) ;
#1043 = PLANE ( 'NONE',  #98 ) ;
#1044 = VERTEX_POINT ( 'NONE', #741 ) ;
#1045 = DIRECTION ( 'NONE',  ( 1.000000000000000000, -0.000000000000000000, 0.000000000000000000 ) ) ;
#1046 = ORIENTED_EDGE ( 'NONE', *, *, #514, .T. ) ;
#1047 = DIRECTION ( 'NONE',  ( 0.000000000000000000, -0.000000000000000000, -1.000000000000000000 ) ) ;
#1048 = DIRECTION ( 'NONE',  ( -2.891205793294679312E-16, -0.000000000000000000, 1.000000000000000000 ) ) ;
#1049 = DIRECTION ( 'NONE',  ( -1.000000000000000000, -0.000000000000000000, -0.000000000000000000 ) ) ;
#1050 = DIRECTION ( 'NONE',  ( 0.000000000000000000, 0.000000000000000000, 1.000000000000000000 ) ) ;
#1051 = ORIENTED_EDGE ( 'NONE', *, *, #1038, .T. ) ;
#1052 = DIRECTION ( 'NONE',  ( 0.000000000000000000, 0.000000000000000000, -1.000000000000000000 ) ) ;
#1053 = EDGE_CURVE ( 'NONE', #1364, #1310, #504, .T. ) ;
#1054 = FACE_OUTER_BOUND ( 'NONE', #139, .T. ) ;
#1055 = EDGE_CURVE ( 'NONE', #286, #882, #1265, .T. ) ;
#1056 = DIRECTION ( 'NONE',  ( 1.000000000000000000, -0.000000000000000000, 0.000000000000000000 ) ) ;
#1057 = VERTEX_POINT ( 'NONE', #364 ) ;
#1058 = AXIS2_PLACEMENT_3D ( 'NONE', #6, #1453, #334 ) ;
#1059 = DIRECTION ( 'NONE',  ( 0.000000000000000000, 0.000000000000000000, -1.000000000000000000 ) ) ;
#1060 = VECTOR ( 'NONE', #961, 39.37007874015748143 ) ;
#1061 = VERTEX_POINT ( 'NONE', #1017 ) ;
#1062 = DIRECTION ( 'NONE',  ( 0.000000000000000000, 0.3273127266530644897, 0.9449160698024645644 ) ) ;
#1063 = AXIS2_PLACEMENT_3D ( 'NONE', #305, #1300, #554 ) ;
#1064 = FACE_OUTER_BOUND ( 'NONE', #869, .T. ) ;
#1065 = CIRCLE ( 'NONE', #355, 0.1574803149606299191 ) ;
#1066 = CARTESIAN_POINT ( 'NONE',  ( -0.2424999999999999101, 0.1250000000000000000, -1.693110236220472187 ) ) ;
#1067 = VECTOR ( 'NONE', #1417, 39.37007874015748143 ) ;
#1068 =( NAMED_UNIT ( * ) SI_UNIT ( $, .STERADIAN. ) SOLID_ANGLE_UNIT ( ) );
#1069 = CARTESIAN_POINT ( 'NONE',  ( -0.6250000000000000000, 0.7500000000000001110, 1.075000000000000178 ) ) ;
#1070 = ORIENTED_EDGE ( 'NONE', *, *, #1418, .T. ) ;
#1071 = CARTESIAN_POINT ( 'NONE',  ( 0.6250000000000000000, -0.000000000000000000, -1.274999999999999911 ) ) ;
#1072 = FILL_AREA_STYLE ('',( #1085 ) ) ;
#1073 = DIRECTION ( 'NONE',  ( 0.000000000000000000, -1.000000000000000000, -0.000000000000000000 ) ) ;
#1074 = EDGE_CURVE ( 'NONE', #1473, #157, #395, .T. ) ;
#1075 = ORIENTED_EDGE ( 'NONE', *, *, #1316, .T. ) ;
#1076 = CARTESIAN_POINT ( 'NONE',  ( 0.6250000000000000000, 0.1249999999999999584, -1.875000000000000000 ) ) ;
#1077 = DIRECTION ( 'NONE',  ( 0.000000000000000000, 0.000000000000000000, -1.000000000000000000 ) ) ;
#1078 = FACE_OUTER_BOUND ( 'NONE', #414, .T. ) ;
#1079 = ADVANCED_FACE ( 'NONE', ( #1366 ), #1520, .F. ) ;
#1080 = VERTEX_POINT ( 'NONE', #1394 ) ;
#1081 = ORIENTED_EDGE ( 'NONE', *, *, #87, .F. ) ;
#1082 = VERTEX_POINT ( 'NONE', #135 ) ;
#1083 = DIRECTION ( 'NONE',  ( 0.000000000000000000, 4.370956789862821150E-16, -1.000000000000000000 ) ) ;
#1084 = VECTOR ( 'NONE', #790, 39.37007874015748143 ) ;
#1085 = FILL_AREA_STYLE_COLOUR ( '', #555 ) ;
#1086 = DIRECTION ( 'NONE',  ( 2.891205793294679312E-16, 0.000000000000000000, 1.000000000000000000 ) ) ;
#1087 = AXIS2_PLACEMENT_3D ( 'NONE', #543, #1178, #1052 ) ;
#1088 = CARTESIAN_POINT ( 'NONE',  ( 0.4527559055118111075, 1.825103848635898585, -1.725741279491614710 ) ) ;
#1089 = ORIENTED_EDGE ( 'NONE', *, *, #1461, .F. ) ;
#1090 = ORIENTED_EDGE ( 'NONE', *, *, #608, .F. ) ;
#1091 = CARTESIAN_POINT ( 'NONE',  ( -0.6250000000000000000, 0.000000000000000000, 0.000000000000000000 ) ) ;
#1092 = DIRECTION ( 'NONE',  ( 0.000000000000000000, 0.000000000000000000, 1.000000000000000000 ) ) ;
#1093 = FACE_OUTER_BOUND ( 'NONE', #207, .T. ) ;
#1094 = CARTESIAN_POINT ( 'NONE',  ( 0.4527559055118111075, 2.446370038179248585, -0.9852561192862693273 ) ) ;
#1095 = ORIENTED_EDGE ( 'NONE', *, *, #971, .T. ) ;
#1096 = CARTESIAN_POINT ( 'NONE',  ( 0.4527559055118111075, 1.556114473574376822, -1.025000000000027889 ) ) ;
#1097 = ORIENTED_EDGE ( 'NONE', *, *, #1371, .T. ) ;
#1098 = EDGE_CURVE ( 'NONE', #706, #1473, #764, .T. ) ;
#1099 = DIRECTION ( 'NONE',  ( 0.000000000000000000, 0.000000000000000000, -1.000000000000000000 ) ) ;
#1100 = DIRECTION ( 'NONE',  ( 0.000000000000000000, 0.000000000000000000, 1.000000000000000000 ) ) ;
#1101 = EDGE_CURVE ( 'NONE', #724, #319, #389, .T. ) ;
#1102 = PLANE ( 'NONE',  #1375 ) ;
#1103 = VERTEX_POINT ( 'NONE', #1253 ) ;
#1104 = ORIENTED_EDGE ( 'NONE', *, *, #400, .T. ) ;
#1105 = DIRECTION ( 'NONE',  ( -1.000000000000000000, 0.000000000000000000, 0.000000000000000000 ) ) ;
#1106 = CARTESIAN_POINT ( 'NONE',  ( 0.2425000000000001044, 0.000000000000000000, -1.693110236220472187 ) ) ;
#1107 = AXIS2_PLACEMENT_3D ( 'NONE', #1487, #227, #708 ) ;
#1108 = DIRECTION ( 'NONE',  ( 0.000000000000000000, 0.000000000000000000, -1.000000000000000000 ) ) ;
#1109 = AXIS2_PLACEMENT_3D ( 'NONE', #1133, #654, #1033 ) ;
#1110 = VECTOR ( 'NONE', #1048, 39.37007874015748143 ) ;
#1111 = CARTESIAN_POINT ( 'NONE',  ( -0.2424999999999999101, 0.000000000000000000, 1.693110236220472187 ) ) ;
#1112 = ORIENTED_EDGE ( 'NONE', *, *, #584, .T. ) ;
#1113 = VECTOR ( 'NONE', #677, 39.37007874015748143 ) ;
#1114 = CARTESIAN_POINT ( 'NONE',  ( -0.6250000000000000000, 0.1250000000000000000, 0.000000000000000000 ) ) ;
#1115 = ORIENTED_EDGE ( 'NONE', *, *, #417, .F. ) ;
#1116 = LINE ( 'NONE', #4, #1113 ) ;
#1117 = CARTESIAN_POINT ( 'NONE',  ( 0.3250000000000000111, -6.337887345301090075E-16, 1.449999999999999734 ) ) ;
#1118 = PLANE ( 'NONE',  #1058 ) ;
#1119 =( LENGTH_UNIT ( ) NAMED_UNIT ( * ) SI_UNIT ( $, .METRE. ) );
#1120 = VERTEX_POINT ( 'NONE', #642 ) ;
#1121 = EDGE_CURVE ( 'NONE', #1003, #291, #26, .T. ) ;
#1122 = DIRECTION ( 'NONE',  ( -1.000000000000000000, -0.000000000000000000, -0.000000000000000000 ) ) ;
#1123 = EDGE_CURVE ( 'NONE', #56, #1433, #1004, .T. ) ;
#1124 = CARTESIAN_POINT ( 'NONE',  ( -0.6250000000000000000, 0.1250000000000000000, -1.024999999999999911 ) ) ;
#1125 = CARTESIAN_POINT ( 'NONE',  ( 0.8750000000000000000, 0.7500000000000001110, 1.232480314960630041 ) ) ;
#1126 = DIRECTION ( 'NONE',  ( -1.000000000000000000, 0.000000000000000000, 1.561055996379578982E-16 ) ) ;
#1127 = ORIENTED_EDGE ( 'NONE', *, *, #116, .F. ) ;
#1128 = EDGE_CURVE ( 'NONE', #855, #1169, #1248, .T. ) ;
#1129 = CARTESIAN_POINT ( 'NONE',  ( 0.3107398956326640205, 0.9487556937829968451, -1.275000000000000577 ) ) ;
#1130 = ORIENTED_EDGE ( 'NONE', *, *, #644, .T. ) ;
#1131 = DIRECTION ( 'NONE',  ( 0.000000000000000000, 1.000000000000000000, 4.370956789862821150E-16 ) ) ;
#1132 = ORIENTED_EDGE ( 'NONE', *, *, #141, .T. ) ;
#1133 = CARTESIAN_POINT ( 'NONE',  ( -0.6250000000000000000, 0.7500000000000001110, 1.075000000000000178 ) ) ;
#1134 = VECTOR ( 'NONE', #572, 39.37007874015748143 ) ;
#1135 = ORIENTED_EDGE ( 'NONE', *, *, #349, .F. ) ;
#1136 = VECTOR ( 'NONE', #512, 39.37007874015748143 ) ;
#1137 = AXIS2_PLACEMENT_3D ( 'NONE', #320, #1450, #821 ) ;
#1138 = AXIS2_PLACEMENT_3D ( 'NONE', #667, #1432, #1161 ) ;
#1139 = LINE ( 'NONE', #866, #643 ) ;
#1140 = EDGE_CURVE ( 'NONE', #224, #1195, #1116, .T. ) ;
#1141 = ORIENTED_EDGE ( 'NONE', *, *, #1015, .T. ) ;
#1142 = LINE ( 'NONE', #1019, #551 ) ;
#1143 = CARTESIAN_POINT ( 'NONE',  ( -0.8750000000000000000, 0.1250000000000000000, 1.875000000000000444 ) ) ;
#1144 = ORIENTED_EDGE ( 'NONE', *, *, #1411, .F. ) ;
#1145 = EDGE_LOOP ( 'NONE', ( #1448, #690, #343, #1470 ) ) ;
#1146 = DIRECTION ( 'NONE',  ( 1.000000000000000000, -0.000000000000000000, -0.000000000000000000 ) ) ;
#1147 = ADVANCED_FACE ( 'NONE', ( #1281 ), #1042, .F. ) ;
#1148 = LINE ( 'NONE', #136, #775 ) ;
#1149 = DIRECTION ( 'NONE',  ( 0.000000000000000000, 0.000000000000000000, -1.000000000000000000 ) ) ;
#1150 = DIRECTION ( 'NONE',  ( -1.000000000000000000, 0.000000000000000000, -0.000000000000000000 ) ) ;
#1151 = ORIENTED_EDGE ( 'NONE', *, *, #587, .F. ) ;
#1152 = EDGE_CURVE ( 'NONE', #345, #1457, #1535, .T. ) ;
#1153 = ORIENTED_EDGE ( 'NONE', *, *, #1284, .T. ) ;
#1154 = VERTEX_POINT ( 'NONE', #1527 ) ;
#1155 = DIRECTION ( 'NONE',  ( -1.000000000000000000, -0.000000000000000000, -0.000000000000000000 ) ) ;
#1156 = CYLINDRICAL_SURFACE ( 'NONE', #1063, 0.05511811023622041616 ) ;
#1157 = ORIENTED_EDGE ( 'NONE', *, *, #368, .T. ) ;
#1158 = VERTEX_POINT ( 'NONE', #51 ) ;
#1159 = CIRCLE ( 'NONE', #96, 0.3749999999999999445 ) ;
#1160 = ORIENTED_EDGE ( 'NONE', *, *, #553, .T. ) ;
#1161 = DIRECTION ( 'NONE',  ( 0.000000000000000000, 0.000000000000000000, -1.000000000000000000 ) ) ;
#1162 = VECTOR ( 'NONE', #1242, 39.37007874015748143 ) ;
#1163 = DIRECTION ( 'NONE',  ( 0.000000000000000000, 1.000000000000000000, 0.000000000000000000 ) ) ;
#1164 = CARTESIAN_POINT ( 'NONE',  ( -0.2424999999999999101, 0.000000000000000000, -1.693110236220472187 ) ) ;
#1165 = ADVANCED_FACE ( 'NONE', ( #930, #537 ), #1291, .F. ) ;
#1166 = ORIENTED_EDGE ( 'NONE', *, *, #1295, .F. ) ;
#1167 = EDGE_LOOP ( 'NONE', ( #399, #630, #945, #845 ) ) ;
#1168 = DIRECTION ( 'NONE',  ( 0.000000000000000000, 0.000000000000000000, 1.000000000000000000 ) ) ;
#1169 = VERTEX_POINT ( 'NONE', #1426 ) ;
#1170 = EDGE_CURVE ( 'NONE', #431, #95, #416, .T. ) ;
#1171 = LINE ( 'NONE', #58, #854 ) ;
#1172 = ORIENTED_EDGE ( 'NONE', *, *, #85, .T. ) ;
#1173 = CARTESIAN_POINT ( 'NONE',  ( -0.2424999999999999101, 0.000000000000000000, -1.693110236220472187 ) ) ;
#1174 = CARTESIAN_POINT ( 'NONE',  ( 0.8750000000000000000, 0.6915140259938835632, -0.2395359213376622443 ) ) ;
#1175 = EDGE_CURVE ( 'NONE', #1457, #1553, #293, .T. ) ;
#1176 = DIRECTION ( 'NONE',  ( 1.000000000000000000, -0.000000000000000000, 0.000000000000000000 ) ) ;
#1177 = ORIENTED_EDGE ( 'NONE', *, *, #488, .F. ) ;
#1178 = DIRECTION ( 'NONE',  ( 1.000000000000000000, -0.000000000000000000, 0.000000000000000000 ) ) ;
#1179 = CARTESIAN_POINT ( 'NONE',  ( -0.6250000000000000000, 0.1250000000000000000, 1.875000000000000000 ) ) ;
#1180 = CARTESIAN_POINT ( 'NONE',  ( -0.6250000000000000000, 0.1250000000000000000, 0.000000000000000000 ) ) ;
#1181 = PRODUCT_CONTEXT ( 'NONE', #1279, 'mechanical' ) ;
#1182 = DIRECTION ( 'NONE',  ( 0.000000000000000000, 0.000000000000000000, -1.000000000000000000 ) ) ;
#1183 = VECTOR ( 'NONE', #1149, 39.37007874015748143 ) ;
#1184 = DIMENSIONAL_EXPONENTS ( 1.000000000000000000, 0.000000000000000000, 0.000000000000000000, 0.000000000000000000, 0.000000000000000000, 0.000000000000000000, 0.000000000000000000 ) ;
#1185 = ORIENTED_EDGE ( 'NONE', *, *, #25, .F. ) ;
#1186 = ORIENTED_EDGE ( 'NONE', *, *, #329, .F. ) ;
#1187 = EDGE_CURVE ( 'NONE', #941, #1169, #684, .T. ) ;
#1188 = CIRCLE ( 'NONE', #1218, 0.05511811023622041616 ) ;
#1189 = FACE_OUTER_BOUND ( 'NONE', #487, .T. ) ;
#1190 = DIRECTION ( 'NONE',  ( 0.000000000000000000, 1.000000000000000000, -0.000000000000000000 ) ) ;
#1191 = FACE_OUTER_BOUND ( 'NONE', #218, .T. ) ;
#1192 = EDGE_LOOP ( 'NONE', ( #1018, #1381, #922, #1144, #1095, #39, #1569, #440, #792, #676 ) ) ;
#1193 = CARTESIAN_POINT ( 'NONE',  ( 0.6250000000000000000, -6.337887345301090075E-16, 1.449999999999999734 ) ) ;
#1194 = ORIENTED_EDGE ( 'NONE', *, *, #1541, .F. ) ;
#1195 = VERTEX_POINT ( 'NONE', #908 ) ;
#1196 = CARTESIAN_POINT ( 'NONE',  ( -0.8750000000000000000, 0.1250000000000000000, -1.024999999999999911 ) ) ;
#1197 = EDGE_CURVE ( 'NONE', #517, #906, #1171, .T. ) ;
#1198 = DIRECTION ( 'NONE',  ( -0.000000000000000000, 1.000000000000000000, -0.000000000000000000 ) ) ;
#1199 = CARTESIAN_POINT ( 'NONE',  ( 0.6250000000000000000, 0.7500000000000001110, 1.075000000000000178 ) ) ;
#1200 = CARTESIAN_POINT ( 'NONE',  ( -0.4527559055118109410, 2.730615659659519689, -1.725741279491614932 ) ) ;
#1201 = EDGE_CURVE ( 'NONE', #1553, #279, #407, .T. ) ;
#1202 = DIRECTION ( 'NONE',  ( 0.000000000000000000, 0.000000000000000000, -1.000000000000000000 ) ) ;
#1203 = VERTEX_POINT ( 'NONE', #1548 ) ;
#1204 = CARTESIAN_POINT ( 'NONE',  ( -0.6250000000000000000, 0.1250000000000000000, 1.449999999999999734 ) ) ;
#1205 = CARTESIAN_POINT ( 'NONE',  ( -0.8750000000000000000, 1.556114473574376822, -1.024999999999999911 ) ) ;
#1206 = PLANE ( 'NONE',  #351 ) ;
#1207 = DIRECTION ( 'NONE',  ( 0.000000000000000000, 0.000000000000000000, -1.000000000000000000 ) ) ;
#1208 = ORIENTED_EDGE ( 'NONE', *, *, #1175, .F. ) ;
#1209 = DIRECTION ( 'NONE',  ( 1.000000000000000000, -0.000000000000000000, 0.000000000000000000 ) ) ;
#1210 = LINE ( 'NONE', #750, #324 ) ;
#1211 = DIRECTION ( 'NONE',  ( 0.000000000000000000, 1.000000000000000000, 0.000000000000000000 ) ) ;
#1212 = VECTOR ( 'NONE', #489, 39.37007874015748854 ) ;
#1213 = CARTESIAN_POINT ( 'NONE',  ( 0.2425000000000000488, 0.1250000000000000000, -1.456889763779527502 ) ) ;
#1214 = FACE_OUTER_BOUND ( 'NONE', #386, .T. ) ;
#1215 = AXIS2_PLACEMENT_3D ( 'NONE', #893, #126, #383 ) ;
#1216 = DIRECTION ( 'NONE',  ( 0.000000000000000000, 0.9449160698024646754, -0.3273127266530645452 ) ) ;
#1217 = ORIENTED_EDGE ( 'NONE', *, *, #830, .F. ) ;
#1218 = AXIS2_PLACEMENT_3D ( 'NONE', #144, #754, #902 ) ;
#1219 = ADVANCED_FACE ( 'NONE', ( #424 ), #304, .T. ) ;
#1220 = LINE ( 'NONE', #1502, #404 ) ;
#1221 = EDGE_CURVE ( 'NONE', #448, #157, #1558, .T. ) ;
#1222 = CARTESIAN_POINT ( 'NONE',  ( -0.2424999999999999101, 0.000000000000000000, 1.693110236220472187 ) ) ;
#1223 = DIRECTION ( 'NONE',  ( 0.000000000000000000, 1.000000000000000000, 0.000000000000000000 ) ) ;
#1224 = VERTEX_POINT ( 'NONE', #34 ) ;
#1225 = CARTESIAN_POINT ( 'NONE',  ( -0.8750000000000000000, 2.324999999999999734, -1.274999999999999911 ) ) ;
#1226 = FACE_OUTER_BOUND ( 'NONE', #1230, .T. ) ;
#1227 = DIRECTION ( 'NONE',  ( -0.000000000000000000, -1.000000000000000000, -0.000000000000000000 ) ) ;
#1228 = LINE ( 'NONE', #1588, #1421 ) ;
#1229 = ORIENTED_EDGE ( 'NONE', *, *, #905, .T. ) ;
#1230 = EDGE_LOOP ( 'NONE', ( #811, #270, #501, #1075 ) ) ;
#1231 = DIRECTION ( 'NONE',  ( -0.000000000000000000, 1.000000000000000000, -0.000000000000000000 ) ) ;
#1232 = EDGE_CURVE ( 'NONE', #769, #983, #1343, .T. ) ;
#1233 = CARTESIAN_POINT ( 'NONE',  ( -0.2424999999999999101, 0.000000000000000000, -1.693110236220472187 ) ) ;
#1234 = AXIS2_PLACEMENT_3D ( 'NONE', #1556, #433, #1431 ) ;
#1235 = VECTOR ( 'NONE', #1379, 39.37007874015748143 ) ;
#1236 = LINE ( 'NONE', #1026, #277 ) ;
#1237 = ORIENTED_EDGE ( 'NONE', *, *, #884, .T. ) ;
#1238 = ADVANCED_FACE ( 'NONE', ( #1404 ), #282, .F. ) ;
#1239 = AXIS2_PLACEMENT_3D ( 'NONE', #595, #213, #1592 ) ;
#1240 = CARTESIAN_POINT ( 'NONE',  ( -0.8750000000000000000, 0.7500000000000001110, 0.9175196850393702031 ) ) ;
#1241 = LINE ( 'NONE', #1023, #1341 ) ;
#1242 = DIRECTION ( 'NONE',  ( 1.000000000000000000, -0.000000000000000000, -1.561055996379578982E-16 ) ) ;
#1243 = LINE ( 'NONE', #1007, #747 ) ;
#1244 = ADVANCED_FACE ( 'NONE', ( #1446 ), #109, .F. ) ;
#1245 = CARTESIAN_POINT ( 'NONE',  ( 0.8750000000000000000, 0.000000000000000000, 1.875000000000000000 ) ) ;
#1246 = VERTEX_POINT ( 'NONE', #441 ) ;
#1247 = LINE ( 'NONE', #327, #719 ) ;
#1248 = LINE ( 'NONE', #652, #826 ) ;
#1249 = CARTESIAN_POINT ( 'NONE',  ( 0.8750000000000000000, 0.7500000000000001110, 1.232480314960630041 ) ) ;
#1250 = FACE_BOUND ( 'NONE', #1540, .T. ) ;
#1251 = ORIENTED_EDGE ( 'NONE', *, *, #1518, .F. ) ;
#1252 = EDGE_CURVE ( 'NONE', #409, #558, #221, .T. ) ;
#1253 = CARTESIAN_POINT ( 'NONE',  ( -0.2424999999999998823, 0.1250000000000000000, -1.456889763779527502 ) ) ;
#1254 = DIRECTION ( 'NONE',  ( 0.000000000000000000, 0.8631886678020981307, -0.5048814947866864244 ) ) ;
#1255 = EDGE_LOOP ( 'NONE', ( #1337, #254 ) ) ;
#1256 = CARTESIAN_POINT ( 'NONE',  ( 0.6250000000000000000, 0.6915140259938835632, -0.2395359213376622443 ) ) ;
#1257 = VECTOR ( 'NONE', #166, 39.37007874015748143 ) ;
#1258 = VECTOR ( 'NONE', #839, 39.37007874015748143 ) ;
#1259 = ORIENTED_EDGE ( 'NONE', *, *, #1098, .T. ) ;
#1260 = CIRCLE ( 'NONE', #21, 0.3749999999999999445 ) ;
#1261 = AXIS2_PLACEMENT_3D ( 'NONE', #1274, #658, #697 ) ;
#1262 = EDGE_CURVE ( 'NONE', #1457, #345, #302, .T. ) ;
#1263 = VECTOR ( 'NONE', #1254, 39.37007874015748143 ) ;
#1264 = VERTEX_POINT ( 'NONE', #967 ) ;
#1265 = LINE ( 'NONE', #883, #73 ) ;
#1266 = EDGE_CURVE ( 'NONE', #1497, #1302, #575, .T. ) ;
#1267 = DIRECTION ( 'NONE',  ( 0.000000000000000000, 1.000000000000000000, 4.370956789862821150E-16 ) ) ;
#1268 = ORIENTED_EDGE ( 'NONE', *, *, #916, .F. ) ;
#1269 = CARTESIAN_POINT ( 'NONE',  ( 0.4527559055118111075, 1.556114473574376822, -1.025000000000027889 ) ) ;
#1270 = DIRECTION ( 'NONE',  ( 0.000000000000000000, 0.000000000000000000, -1.000000000000000000 ) ) ;
#1271 = VERTEX_POINT ( 'NONE', #390 ) ;
#1272 = CARTESIAN_POINT ( 'NONE',  ( -0.6250000000000000000, 0.1250000000000000000, 1.875000000000000000 ) ) ;
#1273 = ORIENTED_EDGE ( 'NONE', *, *, #230, .T. ) ;
#1274 = CARTESIAN_POINT ( 'NONE',  ( 0.6250000000000000000, 0.000000000000000000, 0.000000000000000000 ) ) ;
#1275 = DIRECTION ( 'NONE',  ( 0.000000000000000000, 1.000000000000000000, 4.370956789862821150E-16 ) ) ;
#1276 = LINE ( 'NONE', #1173, #1084 ) ;
#1277 = ORIENTED_EDGE ( 'NONE', *, *, #814, .F. ) ;
#1278 = LINE ( 'NONE', #1272, #220 ) ;
#1279 = APPLICATION_CONTEXT ( 'automotive_design' ) ;
#1280 = VERTEX_POINT ( 'NONE', #1368 ) ;
#1281 = FACE_OUTER_BOUND ( 'NONE', #965, .T. ) ;
#1282 = LINE ( 'NONE', #412, #357 ) ;
#1283 = DIRECTION ( 'NONE',  ( 0.000000000000000000, -0.8631886678020981307, 0.5048814947866864244 ) ) ;
#1284 = EDGE_CURVE ( 'NONE', #157, #705, #48, .T. ) ;
#1285 = CARTESIAN_POINT ( 'NONE',  ( -0.6250000000000000000, 0.1250000000000000000, 0.7000000000000002887 ) ) ;
#1286 = EDGE_CURVE ( 'NONE', #1003, #89, #1314, .T. ) ;
#1287 = EDGE_LOOP ( 'NONE', ( #1217, #1491, #8, #312 ) ) ;
#1288 = VECTOR ( 'NONE', #419, 39.37007874015748143 ) ;
#1289 = CARTESIAN_POINT ( 'NONE',  ( 0.000000000000000000, 1.017925497196424001, 0.000000000000000000 ) ) ;
#1290 = ORIENTED_EDGE ( 'NONE', *, *, #505, .T. ) ;
#1291 = PLANE ( 'NONE',  #127 ) ;
#1292 = AXIS2_PLACEMENT_3D ( 'NONE', #1006, #1395, #506 ) ;
#1293 = DIRECTION ( 'NONE',  ( 2.891205793294679312E-16, -0.000000000000000000, -1.000000000000000000 ) ) ;
#1294 = DIRECTION ( 'NONE',  ( -1.000000000000000000, -0.000000000000000000, -0.000000000000000000 ) ) ;
#1295 = EDGE_CURVE ( 'NONE', #1203, #346, #635, .T. ) ;
#1296 = ORIENTED_EDGE ( 'NONE', *, *, #1232, .F. ) ;
#1297 = DIRECTION ( 'NONE',  ( 0.000000000000000000, 1.000000000000000000, 4.370956789862821150E-16 ) ) ;
#1298 = ORIENTED_EDGE ( 'NONE', *, *, #1494, .F. ) ;
#1299 = CARTESIAN_POINT ( 'NONE',  ( 0.8750000000000000000, 0.6915140259938835632, -0.2395359213376622443 ) ) ;
#1300 = DIRECTION ( 'NONE',  ( -0.000000000000000000, 1.000000000000000000, -0.000000000000000000 ) ) ;
#1301 = DIRECTION ( 'NONE',  ( 1.000000000000000000, -0.000000000000000000, -0.000000000000000000 ) ) ;
#1302 = VERTEX_POINT ( 'NONE', #1032 ) ;
#1303 = ORIENTED_EDGE ( 'NONE', *, *, #380, .T. ) ;
#1304 = DIRECTION ( 'NONE',  ( -0.000000000000000000, -1.000000000000000000, 0.000000000000000000 ) ) ;
#1305 = FACE_OUTER_BOUND ( 'NONE', #86, .T. ) ;
#1306 = DIRECTION ( 'NONE',  ( 0.000000000000000000, -1.000000000000000000, 0.000000000000000000 ) ) ;
#1307 = ORIENTED_EDGE ( 'NONE', *, *, #1055, .F. ) ;
#1308 = LINE ( 'NONE', #1193, #850 ) ;
#1309 = AXIS2_PLACEMENT_3D ( 'NONE', #1091, #470, #223 ) ;
#1310 = VERTEX_POINT ( 'NONE', #885 ) ;
#1311 = EDGE_CURVE ( 'NONE', #248, #1246, #910, .T. ) ;
#1312 = CIRCLE ( 'NONE', #953, 0.3749999999999999445 ) ;
#1313 = EDGE_LOOP ( 'NONE', ( #1393, #899, #574, #598 ) ) ;
#1314 = CIRCLE ( 'NONE', #1292, 0.1574803149606299191 ) ;
#1315 = LINE ( 'NONE', #699, #1372 ) ;
#1316 = EDGE_CURVE ( 'NONE', #431, #1590, #1405, .T. ) ;
#1317 = AXIS2_PLACEMENT_3D ( 'NONE', #393, #1389, #1360 ) ;
#1318 = LINE ( 'NONE', #1324, #1212 ) ;
#1319 = DIRECTION ( 'NONE',  ( -1.000000000000000000, 0.000000000000000000, 0.000000000000000000 ) ) ;
#1320 = ORIENTED_EDGE ( 'NONE', *, *, #622, .F. ) ;
#1321 = ORIENTED_EDGE ( 'NONE', *, *, #862, .F. ) ;
#1322 = ORIENTED_EDGE ( 'NONE', *, *, #660, .T. ) ;
#1323 = DIRECTION ( 'NONE',  ( 0.000000000000000000, 0.000000000000000000, -1.000000000000000000 ) ) ;
#1324 = CARTESIAN_POINT ( 'NONE',  ( -0.6250000000000000000, 0.6915140259938835632, -0.2395359213376622443 ) ) ;
#1325 = FACE_OUTER_BOUND ( 'NONE', #292, .T. ) ;
#1326 = FACE_OUTER_BOUND ( 'NONE', #1514, .T. ) ;
#1327 = ORIENTED_EDGE ( 'NONE', *, *, #87, .T. ) ;
#1328 = ORIENTED_EDGE ( 'NONE', *, *, #140, .T. ) ;
#1329 = DIRECTION ( 'NONE',  ( -0.000000000000000000, 1.000000000000000000, -0.000000000000000000 ) ) ;
#1330 = CARTESIAN_POINT ( 'NONE',  ( 0.3250000000000000111, 0.1250000000000000000, 1.449999999999999734 ) ) ;
#1331 = EDGE_CURVE ( 'NONE', #1497, #1390, #267, .T. ) ;
#1332 = FACE_BOUND ( 'NONE', #361, .T. ) ;
#1333 = EDGE_LOOP ( 'NONE', ( #101, #581, #281, #88 ) ) ;
#1334 = EDGE_CURVE ( 'NONE', #1082, #706, #765, .T. ) ;
#1335 = AXIS2_PLACEMENT_3D ( 'NONE', #802, #1056, #1182 ) ;
#1336 = DIRECTION ( 'NONE',  ( 0.000000000000000000, 0.000000000000000000, -1.000000000000000000 ) ) ;
#1337 = ORIENTED_EDGE ( 'NONE', *, *, #833, .T. ) ;
#1338 = ORIENTED_EDGE ( 'NONE', *, *, #449, .F. ) ;
#1339 = DIRECTION ( 'NONE',  ( 0.000000000000000000, 0.000000000000000000, -1.000000000000000000 ) ) ;
#1340 = AXIS2_PLACEMENT_3D ( 'NONE', #9, #1122, #1022 ) ;
#1341 = VECTOR ( 'NONE', #371, 39.37007874015748143 ) ;
#1342 = DIRECTION ( 'NONE',  ( 0.000000000000000000, -0.3273127266530644897, -0.9449160698024645644 ) ) ;
#1343 = CIRCLE ( 'NONE', #1013, 0.05511811023622041616 ) ;
#1344 = CARTESIAN_POINT ( 'NONE',  ( 0.8750000000000000000, 0.7500000000000001110, 0.9175196850393702031 ) ) ;
#1345 = EDGE_CURVE ( 'NONE', #1271, #346, #1148, .T. ) ;
#1346 = EDGE_LOOP ( 'NONE', ( #647, #336, #730, #145, #436 ) ) ;
#1347 = EDGE_CURVE ( 'NONE', #89, #494, #620, .T. ) ;
#1348 = CARTESIAN_POINT ( 'NONE',  ( 0.6250000000000000000, 0.1250000000000000000, 1.875000000000000000 ) ) ;
#1349 = LINE ( 'NONE', #951, #583 ) ;
#1350 = ORIENTED_EDGE ( 'NONE', *, *, #1371, .F. ) ;
#1351 = DIRECTION ( 'NONE',  ( 0.000000000000000000, 0.000000000000000000, -1.000000000000000000 ) ) ;
#1352 = DIRECTION ( 'NONE',  ( -1.000000000000000000, 0.000000000000000000, -0.000000000000000000 ) ) ;
#1353 = ORIENTED_EDGE ( 'NONE', *, *, #85, .F. ) ;
#1354 = CARTESIAN_POINT ( 'NONE',  ( -0.8750000000000000000, 1.556114473574376822, 1.875000000000000444 ) ) ;
#1355 = ADVANCED_FACE ( 'NONE', ( #1521 ), #1380, .T. ) ;
#1356 = PLANE ( 'NONE',  #43 ) ;
#1357 = DIRECTION ( 'NONE',  ( 1.000000000000000000, -0.000000000000000000, 0.000000000000000000 ) ) ;
#1358 = VERTEX_POINT ( 'NONE', #492 ) ;
#1359 = DIRECTION ( 'NONE',  ( -1.000000000000000000, 0.000000000000000000, 2.891205793294679312E-16 ) ) ;
#1360 = DIRECTION ( 'NONE',  ( 0.000000000000000000, 0.000000000000000000, -1.000000000000000000 ) ) ;
#1361 = ORIENTED_EDGE ( 'NONE', *, *, #1036, .T. ) ;
#1362 = CARTESIAN_POINT ( 'NONE',  ( 0.8750000000000000000, 1.556114473574376822, 1.875000000000000000 ) ) ;
#1363 = FACE_OUTER_BOUND ( 'NONE', #651, .T. ) ;
#1364 = VERTEX_POINT ( 'NONE', #1496 ) ;
#1365 = EDGE_CURVE ( 'NONE', #769, #925, #373, .T. ) ;
#1366 = FACE_OUTER_BOUND ( 'NONE', #1313, .T. ) ;
#1367 = AXIS2_PLACEMENT_3D ( 'NONE', #832, #360, #1108 ) ;
#1368 = CARTESIAN_POINT ( 'NONE',  ( 0.6250000000000000000, 0.1250000000000000000, 0.7000000000000002887 ) ) ;
#1369 = ORIENTED_EDGE ( 'NONE', *, *, #1286, .T. ) ;
#1370 = LINE ( 'NONE', #1256, #879 ) ;
#1371 = EDGE_CURVE ( 'NONE', #558, #1577, #498, .T. ) ;
#1372 = VECTOR ( 'NONE', #82, 39.37007874015748143 ) ;
#1373 = DIRECTION ( 'NONE',  ( 0.000000000000000000, 0.000000000000000000, -1.000000000000000000 ) ) ;
#1374 = ORIENTED_EDGE ( 'NONE', *, *, #1197, .F. ) ;
#1375 = AXIS2_PLACEMENT_3D ( 'NONE', #1111, #335, #1462 ) ;
#1376 = LINE ( 'NONE', #387, #427 ) ;
#1377 = CARTESIAN_POINT ( 'NONE',  ( -0.4527559055118106079, 0.6506026625507436156, -1.025000000000000133 ) ) ;
#1378 = ORIENTED_EDGE ( 'NONE', *, *, #1015, .F. ) ;
#1379 = DIRECTION ( 'NONE',  ( 0.000000000000000000, 1.000000000000000000, 0.000000000000000000 ) ) ;
#1380 = PLANE ( 'NONE',  #457 ) ;
#1381 = ORIENTED_EDGE ( 'NONE', *, *, #681, .T. ) ;
#1382 = CARTESIAN_POINT ( 'NONE',  ( -0.7499999999999998890, 1.017925497196424001, -1.149999999999999689 ) ) ;
#1383 = PLANE ( 'NONE',  #1451 ) ;
#1384 = ORIENTED_EDGE ( 'NONE', *, *, #429, .F. ) ;
#1385 = EDGE_LOOP ( 'NONE', ( #309, #1399, #59, #1172, #1607 ) ) ;
#1386 = FACE_OUTER_BOUND ( 'NONE', #1035, .T. ) ;
#1387 = DIRECTION ( 'NONE',  ( 0.000000000000000000, -0.3273127266530644897, -0.9449160698024645644 ) ) ;
#1388 = FACE_OUTER_BOUND ( 'NONE', #1476, .T. ) ;
#1389 = DIRECTION ( 'NONE',  ( -0.000000000000000000, 1.000000000000000000, -0.000000000000000000 ) ) ;
#1390 = VERTEX_POINT ( 'NONE', #1179 ) ;
#1391 = EDGE_CURVE ( 'NONE', #966, #835, #1282, .T. ) ;
#1392 = EDGE_CURVE ( 'NONE', #81, #661, #538, .T. ) ;
#1393 = ORIENTED_EDGE ( 'NONE', *, *, #239, .T. ) ;
#1394 = CARTESIAN_POINT ( 'NONE',  ( -0.6250000000000000000, 0.7500000000000001110, 1.450000000000000178 ) ) ;
#1395 = DIRECTION ( 'NONE',  ( 1.000000000000000000, -0.000000000000000000, 0.000000000000000000 ) ) ;
#1396 = CARTESIAN_POINT ( 'NONE',  ( 0.6250000000000000000, 0.1250000000000000000, 0.000000000000000000 ) ) ;
#1397 = LINE ( 'NONE', #408, #509 ) ;
#1398 = AXIS2_PLACEMENT_3D ( 'NONE', #682, #1176, #1059 ) ;
#1399 = ORIENTED_EDGE ( 'NONE', *, *, #368, .F. ) ;
#1400 = CIRCLE ( 'NONE', #1137, 0.3749999999999999445 ) ;
#1401 = VECTOR ( 'NONE', #685, 39.37007874015748143 ) ;
#1402 = ADVANCED_FACE ( 'NONE', ( #1064 ), #788, .F. ) ;
#1403 = ORIENTED_EDGE ( 'NONE', *, *, #1197, .T. ) ;
#1404 = FACE_OUTER_BOUND ( 'NONE', #1385, .T. ) ;
#1405 = LINE ( 'NONE', #5, #1449 ) ;
#1406 = ORIENTED_EDGE ( 'NONE', *, *, #1347, .T. ) ;
#1407 = DIRECTION ( 'NONE',  ( -1.000000000000000000, 0.000000000000000000, -2.891205793294679312E-16 ) ) ;
#1408 = DIRECTION ( 'NONE',  ( 0.000000000000000000, 0.000000000000000000, -1.000000000000000000 ) ) ;
#1409 = ORIENTED_EDGE ( 'NONE', *, *, #1583, .F. ) ;
#1410 = ORIENTED_EDGE ( 'NONE', *, *, #1187, .T. ) ;
#1411 = EDGE_CURVE ( 'NONE', #1061, #786, #1469, .T. ) ;
#1412 = CARTESIAN_POINT ( 'NONE',  ( 0.8750000000000000000, 0.8490031371276022254, 1.451528516026533655 ) ) ;
#1413 = ADVANCED_FACE ( 'NONE', ( #1332, #217 ), #120, .F. ) ;
#1414 = CARTESIAN_POINT ( 'NONE',  ( -0.8750000000000000000, 1.556114473574376822, -1.024999999999999911 ) ) ;
#1415 = LINE ( 'NONE', #928, #528 ) ;
#1416 = ORIENTED_EDGE ( 'NONE', *, *, #830, .T. ) ;
#1417 = DIRECTION ( 'NONE',  ( 0.000000000000000000, 0.000000000000000000, -1.000000000000000000 ) ) ;
#1418 = EDGE_CURVE ( 'NONE', #1057, #906, #1454, .T. ) ;
#1419 = CARTESIAN_POINT ( 'NONE',  ( -0.3250000000000000666, 0.7500000000000001110, 1.075000000000000178 ) ) ;
#1420 = LINE ( 'NONE', #1285, #611 ) ;
#1421 = VECTOR ( 'NONE', #849, 39.37007874015748143 ) ;
#1422 = ORIENTED_EDGE ( 'NONE', *, *, #662, .T. ) ;
#1423 = AXIS2_PLACEMENT_3D ( 'NONE', #1289, #62, #1168 ) ;
#1424 = FACE_OUTER_BOUND ( 'NONE', #1287, .T. ) ;
#1425 = EDGE_LOOP ( 'NONE', ( #711, #1589, #698, #878 ) ) ;
#1426 = CARTESIAN_POINT ( 'NONE',  ( -0.8750000000000000000, 0.4194344228511914796, -1.024999999999999911 ) ) ;
#1427 = VECTOR ( 'NONE', #288, 39.37007874015748143 ) ;
#1428 = VECTOR ( 'NONE', #510, 39.37007874015748143 ) ;
#1429 = CARTESIAN_POINT ( 'NONE',  ( 0.8750000000000000000, 0.4194344228511914796, -1.024999999999999911 ) ) ;
#1430 = CARTESIAN_POINT ( 'NONE',  ( 0.6250000000000000000, 0.7500000000000001110, 0.7000000000000002887 ) ) ;
#1431 = DIRECTION ( 'NONE',  ( 0.000000000000000000, 0.000000000000000000, 1.000000000000000000 ) ) ;
#1432 = DIRECTION ( 'NONE',  ( 1.000000000000000000, -0.000000000000000000, 0.000000000000000000 ) ) ;
#1433 = VERTEX_POINT ( 'NONE', #720 ) ;
#1434 = DIRECTION ( 'NONE',  ( 0.000000000000000000, 1.000000000000000000, 0.000000000000000000 ) ) ;
#1435 = SHAPE_DEFINITION_REPRESENTATION ( #316, #590 ) ;
#1436 = DIRECTION ( 'NONE',  ( 0.000000000000000000, 0.3273127266530644897, 0.9449160698024645644 ) ) ;
#1437 = ADVANCED_FACE ( 'NONE', ( #1326 ), #1102, .F. ) ;
#1438 = ORIENTED_EDGE ( 'NONE', *, *, #782, .T. ) ;
#1439 = ADVANCED_FACE ( 'NONE', ( #342 ), #235, .T. ) ;
#1440 = ORIENTED_EDGE ( 'NONE', *, *, #587, .T. ) ;
#1441 = LINE ( 'NONE', #1222, #1478 ) ;
#1442 = LENGTH_MEASURE_WITH_UNIT ( LENGTH_MEASURE( 0.02539999999999999897 ), #994 );
#1443 = CARTESIAN_POINT ( 'NONE',  ( 0.2425000000000001044, 0.000000000000000000, 1.693110236220472187 ) ) ;
#1444 = CIRCLE ( 'NONE', #904, 0.05511811023622041616 ) ;
#1445 = CIRCLE ( 'NONE', #797, 0.05511811023622041616 ) ;
#1446 = FACE_OUTER_BOUND ( 'NONE', #976, .T. ) ;
#1447 = VECTOR ( 'NONE', #1198, 39.37007874015748143 ) ;
#1448 = ORIENTED_EDGE ( 'NONE', *, *, #1101, .F. ) ;
#1449 = VECTOR ( 'NONE', #160, 39.37007874015748143 ) ;
#1450 = DIRECTION ( 'NONE',  ( 1.000000000000000000, -0.000000000000000000, 0.000000000000000000 ) ) ;
#1451 = AXIS2_PLACEMENT_3D ( 'NONE', #759, #264, #637 ) ;
#1452 = CARTESIAN_POINT ( 'NONE',  ( -0.6249999999999998890, 1.104343526175924239, 0.9522577275051009593 ) ) ;
#1453 = DIRECTION ( 'NONE',  ( 0.000000000000000000, 0.000000000000000000, -1.000000000000000000 ) ) ;
#1454 = LINE ( 'NONE', #610, #199 ) ;
#1455 = ORIENTED_EDGE ( 'NONE', *, *, #1128, .T. ) ;
#1456 = ORIENTED_EDGE ( 'NONE', *, *, #1411, .T. ) ;
#1457 = VERTEX_POINT ( 'NONE', #1344 ) ;
#1458 = ADVANCED_FACE ( 'NONE', ( #602 ), #456, .F. ) ;
#1459 = DIRECTION ( 'NONE',  ( -1.000000000000000000, 0.000000000000000000, 0.000000000000000000 ) ) ;
#1460 = CARTESIAN_POINT ( 'NONE',  ( 0.4527559055118111075, 1.556114473574376822, -1.025000000000027889 ) ) ;
#1461 = EDGE_CURVE ( 'NONE', #291, #494, #23, .T. ) ;
#1462 = DIRECTION ( 'NONE',  ( 1.000000000000000000, 0.000000000000000000, 0.000000000000000000 ) ) ;
#1463 = ORIENTED_EDGE ( 'NONE', *, *, #1392, .T. ) ;
#1464 = ORIENTED_EDGE ( 'NONE', *, *, #17, .F. ) ;
#1465 = ORIENTED_EDGE ( 'NONE', *, *, #1561, .F. ) ;
#1466 = DIRECTION ( 'NONE',  ( -0.000000000000000000, 1.000000000000000000, -0.000000000000000000 ) ) ;
#1467 = EDGE_CURVE ( 'NONE', #1606, #409, #703, .T. ) ;
#1468 = LINE ( 'NONE', #962, #745 ) ;
#1469 = LINE ( 'NONE', #841, #559 ) ;
#1470 = ORIENTED_EDGE ( 'NONE', *, *, #449, .T. ) ;
#1471 = VECTOR ( 'NONE', #1480, 39.37007874015748143 ) ;
#1472 = AXIS2_PLACEMENT_3D ( 'NONE', #1546, #422, #1050 ) ;
#1473 = VERTEX_POINT ( 'NONE', #486 ) ;
#1474 = CARTESIAN_POINT ( 'NONE',  ( 0.8750000000000000000, 0.7500000000000001110, 1.232480314960630041 ) ) ;
#1475 = ORIENTED_EDGE ( 'NONE', *, *, #329, .T. ) ;
#1476 = EDGE_LOOP ( 'NONE', ( #650, #1483, #168, #1517, #1229, #604, #1328, #272 ) ) ;
#1477 = FACE_OUTER_BOUND ( 'NONE', #483, .T. ) ;
#1478 = VECTOR ( 'NONE', #1329, 39.37007874015748143 ) ;
#1479 = AXIS2_PLACEMENT_3D ( 'NONE', #710, #1216, #350 ) ;
#1480 = DIRECTION ( 'NONE',  ( -0.000000000000000000, 1.000000000000000000, -0.000000000000000000 ) ) ;
#1481 = AXIS2_PLACEMENT_3D ( 'NONE', #1499, #500, #897 ) ;
#1482 = DIRECTION ( 'NONE',  ( 0.000000000000000000, 0.000000000000000000, 1.000000000000000000 ) ) ;
#1483 = ORIENTED_EDGE ( 'NONE', *, *, #1221, .F. ) ;
#1484 = ADVANCED_FACE ( 'NONE', ( #851 ), #763, .T. ) ;
#1485 = CARTESIAN_POINT ( 'NONE',  ( 0.7499999999999998890, 1.017925497196424001, -1.149999999999999689 ) ) ;
#1486 = DIRECTION ( 'NONE',  ( 2.891205793294679312E-16, 0.000000000000000000, -1.000000000000000000 ) ) ;
#1487 = CARTESIAN_POINT ( 'NONE',  ( 0.8750000000000000000, 0.1250000000000000000, -1.874999999999999778 ) ) ;
#1488 = DIRECTION ( 'NONE',  ( 0.000000000000000000, 0.000000000000000000, -1.000000000000000000 ) ) ;
#1489 = VERTEX_POINT ( 'NONE', #516 ) ;
#1490 = EDGE_CURVE ( 'NONE', #656, #855, #876, .T. ) ;
#1491 = ORIENTED_EDGE ( 'NONE', *, *, #505, .F. ) ;
#1492 =( CONVERSION_BASED_UNIT ( 'INCH', #1442 ) LENGTH_UNIT ( ) NAMED_UNIT ( #1565 ) );
#1493 = CARTESIAN_POINT ( 'NONE',  ( -0.6250000000000000000, 0.1250000000000000000, 0.7000000000000002887 ) ) ;
#1494 = EDGE_CURVE ( 'NONE', #1358, #517, #998, .T. ) ;
#1495 = CARTESIAN_POINT ( 'NONE',  ( 0.3249999999999999556, 0.7500000000000001110, 0.7000000000000002887 ) ) ;
#1496 = CARTESIAN_POINT ( 'NONE',  ( -0.8750000000000000000, 0.000000000000000000, -1.874999999999999778 ) ) ;
#1497 = VERTEX_POINT ( 'NONE', #1143 ) ;
#1498 = DIRECTION ( 'NONE',  ( -2.891205793294679312E-16, 0.000000000000000000, 1.000000000000000000 ) ) ;
#1499 = CARTESIAN_POINT ( 'NONE',  ( 0.8750000000000000000, 0.1250000000000000000, 1.875000000000000000 ) ) ;
#1500 = ORIENTED_EDGE ( 'NONE', *, *, #980, .T. ) ;
#1501 = DIRECTION ( 'NONE',  ( 0.000000000000000000, 0.000000000000000000, -1.000000000000000000 ) ) ;
#1502 = CARTESIAN_POINT ( 'NONE',  ( 0.8750000000000000000, 0.1250000000000000000, -1.874999999999999778 ) ) ;
#1503 = LINE ( 'NONE', #142, #556 ) ;
#1504 = ORIENTED_EDGE ( 'NONE', *, *, #918, .F. ) ;
#1505 = DIRECTION ( 'NONE',  ( 0.000000000000000000, -0.3273127266530644897, -0.9449160698024645644 ) ) ;
#1506 = AXIS2_PLACEMENT_3D ( 'NONE', #152, #36, #405 ) ;
#1507 = VECTOR ( 'NONE', #1459, 39.37007874015748143 ) ;
#1508 = CARTESIAN_POINT ( 'NONE',  ( 0.3250000000000000111, 0.7500000000000001110, 0.9175196850393702031 ) ) ;
#1509 = ORIENTED_EDGE ( 'NONE', *, *, #1579, .F. ) ;
#1510 = VECTOR ( 'NONE', #252, 39.37007874015748143 ) ;
#1511 = CARTESIAN_POINT ( 'NONE',  ( -0.3250000000000000111, 0.1250000000000000000, 0.000000000000000000 ) ) ;
#1512 = EDGE_CURVE ( 'NONE', #1310, #657, #398, .T. ) ;
#1513 = CARTESIAN_POINT ( 'NONE',  ( -0.8750000000000000000, 0.8490031371276022254, 1.451528516026533655 ) ) ;
#1514 = EDGE_LOOP ( 'NONE', ( #1097, #128, #1537, #151 ) ) ;
#1515 = CARTESIAN_POINT ( 'NONE',  ( -0.6250000000000000000, 0.000000000000000000, -1.274999999999999911 ) ) ;
#1516 = DIRECTION ( 'NONE',  ( -1.000000000000000000, -0.000000000000000000, -0.000000000000000000 ) ) ;
#1517 = ORIENTED_EDGE ( 'NONE', *, *, #1490, .T. ) ;
#1518 = EDGE_CURVE ( 'NONE', #287, #56, #1236, .T. ) ;
#1519 = FACE_BOUND ( 'NONE', #813, .T. ) ;
#1520 = PLANE ( 'NONE',  #326 ) ;
#1521 = FACE_OUTER_BOUND ( 'NONE', #1425, .T. ) ;
#1522 = FACE_OUTER_BOUND ( 'NONE', #1145, .T. ) ;
#1523 = CARTESIAN_POINT ( 'NONE',  ( 0.3250000000000000111, 0.1250000000000000000, 0.7000000000000002887 ) ) ;
#1524 = EDGE_LOOP ( 'NONE', ( #63, #704, #793, #678, #1130, #442, #1185, #626, #950, #1455 ) ) ;
#1525 = PLANE ( 'NONE',  #1531 ) ;
#1526 = VERTEX_POINT ( 'NONE', #1523 ) ;
#1527 = CARTESIAN_POINT ( 'NONE',  ( 0.8750000000000000000, 0.000000000000000000, -1.874999999999999778 ) ) ;
#1528 = DIRECTION ( 'NONE',  ( 1.000000000000000000, -0.000000000000000000, -0.000000000000000000 ) ) ;
#1529 = CARTESIAN_POINT ( 'NONE',  ( -0.6250000000000000000, 0.4194344228511914796, -1.024999999999999911 ) ) ;
#1530 = LINE ( 'NONE', #375, #532 ) ;
#1531 = AXIS2_PLACEMENT_3D ( 'NONE', #1536, #1045, #921 ) ;
#1532 = EDGE_LOOP ( 'NONE', ( #1475, #903, #742, #603 ) ) ;
#1533 = VECTOR ( 'NONE', #181, 39.37007874015748143 ) ;
#1534 = EDGE_CURVE ( 'NONE', #925, #846, #1188, .T. ) ;
#1535 = CIRCLE ( 'NONE', #1138, 0.1574803149606299191 ) ;
#1536 = CARTESIAN_POINT ( 'NONE',  ( -0.8750000000000000000, 0.1250000000000000000, 1.875000000000000444 ) ) ;
#1537 = ORIENTED_EDGE ( 'NONE', *, *, #447, .F. ) ;
#1538 = ADVANCED_FACE ( 'NONE', ( #1034, #655 ), #162, .F. ) ;
#1539 = B_SPLINE_CURVE_WITH_KNOTS ( 'NONE', 3,
 ( #365, #241, #867, #743 ),
 .UNSPECIFIED., .F., .F.,
 ( 4, 4 ),
 ( 0.000000000000000000, 0.006355373853485482907 ),
 .UNSPECIFIED. ) ;
#1540 = EDGE_LOOP ( 'NONE', ( #898, #576 ) ) ;
#1541 = EDGE_CURVE ( 'NONE', #434, #370, #1530, .T. ) ;
#1542 = ORIENTED_EDGE ( 'NONE', *, *, #141, .F. ) ;
#1543 = DIRECTION ( 'NONE',  ( 0.000000000000000000, 0.000000000000000000, 1.000000000000000000 ) ) ;
#1544 = LINE ( 'NONE', #1066, #1288 ) ;
#1545 = DIRECTION ( 'NONE',  ( 1.000000000000000000, 0.000000000000000000, -2.891205793294679312E-16 ) ) ;
#1546 = CARTESIAN_POINT ( 'NONE',  ( 0.8750000000000000000, 0.7500000000000001110, 1.075000000000000178 ) ) ;
#1547 = ORIENTED_EDGE ( 'NONE', *, *, #1123, .F. ) ;
#1548 = CARTESIAN_POINT ( 'NONE',  ( 0.6250000000000000000, 1.104343526175924239, 0.9522577275051009593 ) ) ;
#1549 = EDGE_LOOP ( 'NONE', ( #201, #570 ) ) ;
#1550 = CARTESIAN_POINT ( 'NONE',  ( 0.3250000000000000111, -0.000000000000000000, 0.7000000000000002887 ) ) ;
#1551 = CARTESIAN_POINT ( 'NONE',  ( 0.8750000000000000000, 0.1250000000000000000, -1.874999999999999778 ) ) ;
#1552 = VECTOR ( 'NONE', #954, 39.37007874015748143 ) ;
#1553 = VERTEX_POINT ( 'NONE', #1508 ) ;
#1554 = VECTOR ( 'NONE', #1002, 39.37007874015748143 ) ;
#1555 = AXIS2_PLACEMENT_3D ( 'NONE', #1586, #716, #1092 ) ;
#1556 = CARTESIAN_POINT ( 'NONE',  ( -0.7499999999999998890, 1.017925497196424001, -1.149999999999999689 ) ) ;
#1557 = ORIENTED_EDGE ( 'NONE', *, *, #210, .T. ) ;
#1558 = LINE ( 'NONE', #806, #585 ) ;
#1559 = EDGE_LOOP ( 'NONE', ( #197, #1153, #463, #1259 ) ) ;
#1560 = CARTESIAN_POINT ( 'NONE',  ( -0.2424999999999999101, 0.000000000000000000, -1.693110236220472187 ) ) ;
#1561 = EDGE_CURVE ( 'NONE', #966, #657, #1397, .T. ) ;
#1562 = CARTESIAN_POINT ( 'NONE',  ( 0.2425000000000001044, 0.1250000000000000000, -1.693110236220472187 ) ) ;
#1563 = ADVANCED_FACE ( 'NONE', ( #154 ), #278, .F. ) ;
#1564 = PLANE ( 'NONE',  #1398 ) ;
#1565 = DIMENSIONAL_EXPONENTS ( 1.000000000000000000, 0.000000000000000000, 0.000000000000000000, 0.000000000000000000, 0.000000000000000000, 0.000000000000000000, 0.000000000000000000 ) ;
#1566 = DIRECTION ( 'NONE',  ( -1.000000000000000000, -0.000000000000000000, -0.000000000000000000 ) ) ;
#1567 = APPLICATION_PROTOCOL_DEFINITION ( 'draft international standard', 'automotive_design', 1998, #1279 ) ;
#1568 = CARTESIAN_POINT ( 'NONE',  ( 0.7499999999999998890, 1.556114473574376822, -1.149999999999999689 ) ) ;
#1569 = ORIENTED_EDGE ( 'NONE', *, *, #1561, .T. ) ;
#1570 = PRODUCT_RELATED_PRODUCT_CATEGORY ( 'part', '', ( #687 ) ) ;
#1571 = EDGE_LOOP ( 'NONE', ( #638, #18, #1547, #1361 ) ) ;
#1572 = ORIENTED_EDGE ( 'NONE', *, *, #709, .F. ) ;
#1573 = CARTESIAN_POINT ( 'NONE',  ( 0.7499999999999998890, 1.017925497196424001, -1.094881889763779093 ) ) ;
#1574 = DIRECTION ( 'NONE',  ( -0.000000000000000000, -1.000000000000000000, -0.000000000000000000 ) ) ;
#1575 = PLANE ( 'NONE',  #476 ) ;
#1576 = DIRECTION ( 'NONE',  ( 0.000000000000000000, -1.000000000000000000, 0.000000000000000000 ) ) ;
#1577 = VERTEX_POINT ( 'NONE', #777 ) ;
#1578 = CIRCLE ( 'NONE', #770, 0.3749999999999999445 ) ;
#1579 = EDGE_CURVE ( 'NONE', #861, #1195, #560, .T. ) ;
#1580 = CYLINDRICAL_SURFACE ( 'NONE', #1472, 0.1574803149606297803 ) ;
#1581 = AXIS2_PLACEMENT_3D ( 'NONE', #895, #397, #493 ) ;
#1582 = AXIS2_PLACEMENT_3D ( 'NONE', #693, #1190, #565 ) ;
#1583 = EDGE_CURVE ( 'NONE', #1195, #861, #618, .T. ) ;
#1584 = ORIENTED_EDGE ( 'NONE', *, *, #762, .T. ) ;
#1585 = VECTOR ( 'NONE', #256, 39.37007874015748854 ) ;
#1586 = CARTESIAN_POINT ( 'NONE',  ( 0.7499999999999998890, 1.017925497196424001, -1.149999999999999689 ) ) ;
#1587 = DIRECTION ( 'NONE',  ( 0.000000000000000000, 0.000000000000000000, 1.000000000000000000 ) ) ;
#1588 = CARTESIAN_POINT ( 'NONE',  ( 0.2425000000000001044, 0.000000000000000000, 1.693110236220472187 ) ) ;
#1589 = ORIENTED_EDGE ( 'NONE', *, *, #889, .T. ) ;
#1590 = VERTEX_POINT ( 'NONE', #523 ) ;
#1591 = ORIENTED_EDGE ( 'NONE', *, *, #1512, .F. ) ;
#1592 = DIRECTION ( 'NONE',  ( 0.000000000000000000, 0.000000000000000000, -1.000000000000000000 ) ) ;
#1593 = EDGE_CURVE ( 'NONE', #1433, #409, #138, .T. ) ;
#1594 = CARTESIAN_POINT ( 'NONE',  ( -0.8750000000000000000, 2.324999999999999734, -1.274999999999999911 ) ) ;
#1595 = FACE_BOUND ( 'NONE', #265, .T. ) ;
#1596 = LINE ( 'NONE', #459, #149 ) ;
#1597 = FACE_OUTER_BOUND ( 'NONE', #542, .T. ) ;
#1598 = CARTESIAN_POINT ( 'NONE',  ( -0.4527559055118109410, 2.446370038179248585, -0.9852561192862693273 ) ) ;
#1599 = ORIENTED_EDGE ( 'NONE', *, *, #1345, .T. ) ;
#1600 = ORIENTED_EDGE ( 'NONE', *, *, #518, .T. ) ;
#1601 = PLANE ( 'NONE',  #1309 ) ;
#1602 = EDGE_LOOP ( 'NONE', ( #1456, #1303, #1166, #1542 ) ) ;
#1603 = FACE_OUTER_BOUND ( 'NONE', #47, .T. ) ;
#1604 = ORIENTED_EDGE ( 'NONE', *, *, #534, .F. ) ;
#1605 = DIRECTION ( 'NONE',  ( 0.000000000000000000, 0.000000000000000000, -1.000000000000000000 ) ) ;
#1606 = VERTEX_POINT ( 'NONE', #242 ) ;
#1607 = ORIENTED_EDGE ( 'NONE', *, *, #1295, .T. ) ;
#1608 = FACE_OUTER_BOUND ( 'NONE', #450, .T. ) ;
#1609 = AXIS2_PLACEMENT_3D ( 'NONE', #1485, #369, #863 ) ;
#1610 = CARTESIAN_POINT ( 'NONE',  ( -0.8750000000000000000, 1.556114473574376822, -1.274999999999999911 ) ) ;
#1611 = ORIENTED_EDGE ( 'NONE', *, *, #183, .T. ) ;
#1612 = PLANE ( 'NONE',  #1039 ) ;
#1613 = AXIS2_PLACEMENT_3D ( 'NONE', #475, #1576, #112 ) ;
#1614 = CARTESIAN_POINT ( 'NONE',  ( -0.7499999999999998890, 1.017925497196424001, -1.094881889763779093 ) ) ;
#1615 = ADVANCED_FACE ( 'NONE', ( #1250, #887 ), #1383, .T. ) ;
#1616 = DIRECTION ( 'NONE',  ( -1.000000000000000000, -0.000000000000000000, -0.000000000000000000 ) ) ;
#1617 = ORIENTED_EDGE ( 'NONE', *, *, #307, .T. ) ;
ENDSEC;
END-ISO-10303-21;
