ISO-10303-21;
HEADER;
FILE_DESCRIPTION (( 'STEP AP214' ),
    '1' );
FILE_NAME ('CornerClip.STEP',
    '2026-03-11T06:06:07',
    ( '' ),
    ( '' ),
    'SwSTEP 2.0',
    'SolidWorks 2025',
    '' );
FILE_SCHEMA (( 'AUTOMOTIVE_DESIGN' ));
ENDSEC;

DATA;
#1 = VECTOR ( 'NONE', #1342, 39.37007874015748143 ) ;
#2 = VECTOR ( 'NONE', #244, 39.37007874015748143 ) ;
#3 = CARTESIAN_POINT ( 'NONE',  ( -0.2500000000000000000, 0.7250000000000000888, 0.000000000000000000 ) ) ;
#4 = LINE ( 'NONE', #982, #1403 ) ;
#5 = ADVANCED_FACE ( 'NONE', ( #112 ), #1198, .T. ) ;
#6 = ORIENTED_EDGE ( 'NONE', *, *, #324, .F. ) ;
#7 = ORIENTED_EDGE ( 'NONE', *, *, #671, .F. ) ;
#8 = CARTESIAN_POINT ( 'NONE',  ( 0.7250000000000000888, -1.609823385706476688E-16, 0.4962598425196849128 ) ) ;
#9 = DIRECTION ( 'NONE',  ( 0.000000000000000000, 1.000000000000000000, 0.000000000000000000 ) ) ;
#10 = VECTOR ( 'NONE', #392, 39.37007874015748143 ) ;
#11 = DIRECTION ( 'NONE',  ( -0.000000000000000000, 1.000000000000000000, -0.000000000000000000 ) ) ;
#12 = DIRECTION ( 'NONE',  ( 1.000000000000000000, -0.000000000000000000, -0.000000000000000000 ) ) ;
#13 = EDGE_CURVE ( 'NONE', #1055, #337, #1207, .T. ) ;
#14 = VERTEX_POINT ( 'NONE', #752 ) ;
#15 = ORIENTED_EDGE ( 'NONE', *, *, #909, .F. ) ;
#16 = DIRECTION ( 'NONE',  ( -0.000000000000000000, -1.000000000000000000, -0.000000000000000000 ) ) ;
#17 = CARTESIAN_POINT ( 'NONE',  ( -0.2499999999999998890, 0.4750000000000000333, 0.1287401574803149762 ) ) ;
#18 = CARTESIAN_POINT ( 'NONE',  ( -0.2499999999999998890, 0.4750000000000000333, 0.1287401574803149762 ) ) ;
#19 = CARTESIAN_POINT ( 'NONE',  ( -0.2499999999999998890, 0.4750000000000000333, 0.1287401574803149762 ) ) ;
#20 = EDGE_LOOP ( 'NONE', ( #605, #943, #49, #1390 ) ) ;
#21 = ORIENTED_EDGE ( 'NONE', *, *, #1052, .F. ) ;
#22 = FACE_OUTER_BOUND ( 'NONE', #231, .T. ) ;
#23 = EDGE_CURVE ( 'NONE', #1172, #281, #964, .T. ) ;
#24 = VECTOR ( 'NONE', #495, 39.37007874015748143 ) ;
#25 = LINE ( 'NONE', #445, #1237 ) ;
#26 = LINE ( 'NONE', #791, #925 ) ;
#27 = AXIS2_PLACEMENT_3D ( 'NONE', #453, #1219, #229 ) ;
#28 = VERTEX_POINT ( 'NONE', #1414 ) ;
#29 = ORIENTED_EDGE ( 'NONE', *, *, #764, .F. ) ;
#30 = CARTESIAN_POINT ( 'NONE',  ( -0.2500000000000000000, 0.4749999999999999778, 3.367778697655221258E-17 ) ) ;
#31 = VERTEX_POINT ( 'NONE', #756 ) ;
#32 = EDGE_CURVE ( 'NONE', #248, #337, #532, .T. ) ;
#33 = CARTESIAN_POINT ( 'NONE',  ( 0.000000000000000000, 1.000000000000000000, 0.000000000000000000 ) ) ;
#34 = DIRECTION ( 'NONE',  ( -1.000000000000000000, 0.000000000000000000, 0.000000000000000000 ) ) ;
#35 = ORIENTED_EDGE ( 'NONE', *, *, #92, .F. ) ;
#36 = ORIENTED_EDGE ( 'NONE', *, *, #39, .T. ) ;
#37 = CARTESIAN_POINT ( 'NONE',  ( -0.2500000000000000000, 0.4750000000000000333, 0.000000000000000000 ) ) ;
#38 = ORIENTED_EDGE ( 'NONE', *, *, #909, .T. ) ;
#39 = EDGE_CURVE ( 'NONE', #60, #369, #328, .T. ) ;
#40 = LINE ( 'NONE', #1167, #831 ) ;
#41 = DIRECTION ( 'NONE',  ( -0.000000000000000000, -1.000000000000000000, -0.000000000000000000 ) ) ;
#42 = EDGE_LOOP ( 'NONE', ( #72, #672, #21, #343, #1277, #850, #1021 ) ) ;
#43 = ORIENTED_EDGE ( 'NONE', *, *, #23, .F. ) ;
#44 = DIRECTION ( 'NONE',  ( -2.220446049250312588E-16, 1.000000000000000000, 0.000000000000000000 ) ) ;
#45 = VERTEX_POINT ( 'NONE', #543 ) ;
#46 = LINE ( 'NONE', #591, #10 ) ;
#47 = PLANE ( 'NONE',  #82 ) ;
#48 = VECTOR ( 'NONE', #1113, 39.37007874015748143 ) ;
#49 = ORIENTED_EDGE ( 'NONE', *, *, #1353, .T. ) ;
#50 = ORIENTED_EDGE ( 'NONE', *, *, #618, .F. ) ;
#51 = AXIS2_PLACEMENT_3D ( 'NONE', #533, #637, #98 ) ;
#52 = DIRECTION ( 'NONE',  ( 1.000000000000000000, -0.000000000000000000, -0.000000000000000000 ) ) ;
#53 = EDGE_CURVE ( 'NONE', #622, #223, #1429, .T. ) ;
#54 = VECTOR ( 'NONE', #1199, 39.37007874015748143 ) ;
#55 = LINE ( 'NONE', #30, #24 ) ;
#56 = VERTEX_POINT ( 'NONE', #867 ) ;
#57 = ORIENTED_EDGE ( 'NONE', *, *, #367, .T. ) ;
#58 = LINE ( 'NONE', #813, #789 ) ;
#59 = LINE ( 'NONE', #490, #327 ) ;
#60 = VERTEX_POINT ( 'NONE', #439 ) ;
#61 = ORIENTED_EDGE ( 'NONE', *, *, #1254, .F. ) ;
#62 = ORIENTED_EDGE ( 'NONE', *, *, #1080, .T. ) ;
#63 = ADVANCED_FACE ( 'NONE', ( #1313 ), #1320, .F. ) ;
#64 = LINE ( 'NONE', #278, #1090 ) ;
#65 = VECTOR ( 'NONE', #11, 39.37007874015748143 ) ;
#66 = DIRECTION ( 'NONE',  ( 0.000000000000000000, -1.000000000000000000, 0.000000000000000000 ) ) ;
#67 = EDGE_LOOP ( 'NONE', ( #6, #837, #287, #1064 ) ) ;
#68 = ORIENTED_EDGE ( 'NONE', *, *, #992, .F. ) ;
#69 = DIRECTION ( 'NONE',  ( -2.220446049250312341E-16, 1.000000000000000000, 0.000000000000000000 ) ) ;
#70 = PLANE ( 'NONE',  #1135 ) ;
#71 = ORIENTED_EDGE ( 'NONE', *, *, #1224, .F. ) ;
#72 = ORIENTED_EDGE ( 'NONE', *, *, #367, .F. ) ;
#73 = DIRECTION ( 'NONE',  ( 1.000000000000000000, 0.000000000000000000, -0.000000000000000000 ) ) ;
#74 = CARTESIAN_POINT ( 'NONE',  ( 0.7250000000000000888, -0.2500000000000000555, 0.1287401574803149762 ) ) ;
#75 = EDGE_CURVE ( 'NONE', #693, #1242, #760, .T. ) ;
#76 = CARTESIAN_POINT ( 'NONE',  ( 0.7250000000000000888, -0.2699999999999998512, 0.6449999999999997957 ) ) ;
#77 = ORIENTED_EDGE ( 'NONE', *, *, #378, .F. ) ;
#78 = ORIENTED_EDGE ( 'NONE', *, *, #190, .F. ) ;
#79 = PLANE ( 'NONE',  #805 ) ;
#80 = AXIS2_PLACEMENT_3D ( 'NONE', #1016, #565, #247 ) ;
#81 = LINE ( 'NONE', #203, #951 ) ;
#82 = AXIS2_PLACEMENT_3D ( 'NONE', #302, #193, #401 ) ;
#83 = EDGE_CURVE ( 'NONE', #819, #1348, #854, .T. ) ;
#84 = FACE_OUTER_BOUND ( 'NONE', #163, .T. ) ;
#85 = DIRECTION ( 'NONE',  ( 1.000000000000000000, -0.000000000000000000, -0.000000000000000000 ) ) ;
#86 = EDGE_CURVE ( 'NONE', #836, #935, #1091, .T. ) ;
#87 = ORIENTED_EDGE ( 'NONE', *, *, #330, .T. ) ;
#88 = DIRECTION ( 'NONE',  ( -1.000000000000000000, 0.000000000000000000, 0.000000000000000000 ) ) ;
#89 = DIRECTION ( 'NONE',  ( -1.000000000000000000, 0.000000000000000000, -0.000000000000000000 ) ) ;
#90 = VECTOR ( 'NONE', #97, 39.37007874015748854 ) ;
#91 = DIRECTION ( 'NONE',  ( -1.000000000000000000, 0.000000000000000000, -0.000000000000000000 ) ) ;
#92 = EDGE_CURVE ( 'NONE', #812, #786, #539, .T. ) ;
#93 = PLANE ( 'NONE',  #51 ) ;
#94 = LINE ( 'NONE', #1187, #717 ) ;
#95 = CARTESIAN_POINT ( 'NONE',  ( 0.4750000000000000333, -0.2500000000000001110, 0.4962598425196849128 ) ) ;
#96 =( NAMED_UNIT ( * ) SI_UNIT ( $, .STERADIAN. ) SOLID_ANGLE_UNIT ( ) );
#97 = DIRECTION ( 'NONE',  ( 0.7071067811865516806, -0.000000000000000000, 0.7071067811865433539 ) ) ;
#98 = DIRECTION ( 'NONE',  ( 0.000000000000000000, 0.000000000000000000, 1.000000000000000000 ) ) ;
#99 = EDGE_CURVE ( 'NONE', #505, #1407, #322, .T. ) ;
#100 = CARTESIAN_POINT ( 'NONE',  ( 0.000000000000000000, 0.7250000000000000888, 0.000000000000000000 ) ) ;
#101 = AXIS2_PLACEMENT_3D ( 'NONE', #1260, #823, #511 ) ;
#102 = AXIS2_PLACEMENT_3D ( 'NONE', #1275, #1076, #1415 ) ;
#103 = DIRECTION ( 'NONE',  ( 0.000000000000000000, 1.000000000000000000, 0.000000000000000000 ) ) ;
#104 = LINE ( 'NONE', #335, #1287 ) ;
#105 = CARTESIAN_POINT ( 'NONE',  ( 0.4750000000000000333, -0.2500000000000001110, 0.000000000000000000 ) ) ;
#106 = EDGE_CURVE ( 'NONE', #153, #245, #1323, .T. ) ;
#107 = VECTOR ( 'NONE', #903, 39.37007874015748143 ) ;
#108 = DIRECTION ( 'NONE',  ( -0.000000000000000000, -0.000000000000000000, -1.000000000000000000 ) ) ;
#109 = LINE ( 'NONE', #1329, #718 ) ;
#110 = EDGE_CURVE ( 'NONE', #240, #836, #1081, .T. ) ;
#111 = EDGE_CURVE ( 'NONE', #1126, #385, #1337, .T. ) ;
#112 = FACE_OUTER_BOUND ( 'NONE', #799, .T. ) ;
#113 = CARTESIAN_POINT ( 'NONE',  ( 0.4750000000000001998, -0.3681102362204725642, 0.5868897637795279509 ) ) ;
#114 = DIRECTION ( 'NONE',  ( 0.000000000000000000, 0.000000000000000000, -1.000000000000000000 ) ) ;
#115 = EDGE_CURVE ( 'NONE', #622, #342, #1362, .T. ) ;
#116 = VECTOR ( 'NONE', #263, 39.37007874015748143 ) ;
#117 = VECTOR ( 'NONE', #1363, 39.37007874015748854 ) ;
#118 = EDGE_CURVE ( 'NONE', #501, #160, #1354, .T. ) ;
#119 = CARTESIAN_POINT ( 'NONE',  ( 0.4750000000000000333, -0.2699999999999999067, -0.02000000000000005940 ) ) ;
#120 = DIRECTION ( 'NONE',  ( 0.000000000000000000, 0.000000000000000000, 1.000000000000000000 ) ) ;
#121 = ORIENTED_EDGE ( 'NONE', *, *, #426, .T. ) ;
#122 = VERTEX_POINT ( 'NONE', #356 ) ;
#123 = LENGTH_MEASURE_WITH_UNIT ( LENGTH_MEASURE( 0.02539999999999999897 ), #1120 );
#124 = DIRECTION ( 'NONE',  ( -2.220446049250312588E-16, 1.000000000000000000, 0.000000000000000000 ) ) ;
#125 = LINE ( 'NONE', #996, #168 ) ;
#126 = CARTESIAN_POINT ( 'NONE',  ( -0.2699999999999997957, 0.7250000000000000888, -0.02000000000000005940 ) ) ;
#127 = PLANE ( 'NONE',  #1015 ) ;
#128 = EDGE_CURVE ( 'NONE', #45, #141, #1344, .T. ) ;
#129 = ORIENTED_EDGE ( 'NONE', *, *, #737, .F. ) ;
#130 = ORIENTED_EDGE ( 'NONE', *, *, #348, .T. ) ;
#131 = LINE ( 'NONE', #1349, #1208 ) ;
#132 = ADVANCED_FACE ( 'NONE', ( #910, #997 ), #1141, .F. ) ;
#133 = EDGE_CURVE ( 'NONE', #295, #1039, #1218, .T. ) ;
#134 = LINE ( 'NONE', #595, #534 ) ;
#135 = CARTESIAN_POINT ( 'NONE',  ( 1.365923996832131609E-16, 0.4750000000000000333, 0.07874015748031509832 ) ) ;
#136 = FACE_OUTER_BOUND ( 'NONE', #1044, .T. ) ;
#137 = EDGE_LOOP ( 'NONE', ( #915, #558, #410, #87, #1159, #384, #882, #268, #461, #262, #1075, #514, #1356 ) ) ;
#138 = ORIENTED_EDGE ( 'NONE', *, *, #1251, .T. ) ;
#139 = DIRECTION ( 'NONE',  ( -1.000000000000000000, 0.000000000000000000, -0.000000000000000000 ) ) ;
#140 = FACE_OUTER_BOUND ( 'NONE', #1273, .T. ) ;
#141 = VERTEX_POINT ( 'NONE', #243 ) ;
#142 = VECTOR ( 'NONE', #604, 39.37007874015748143 ) ;
#143 = CARTESIAN_POINT ( 'NONE',  ( 1.000000000000000000, 0.1250000000000000000, 0.6250000000000000000 ) ) ;
#144 = DIRECTION ( 'NONE',  ( 1.000000000000000000, 0.000000000000000000, 5.463695987328527423E-16 ) ) ;
#145 = AXIS2_PLACEMENT_3D ( 'NONE', #1157, #1398, #499 ) ;
#146 = ORIENTED_EDGE ( 'NONE', *, *, #856, .F. ) ;
#147 = EDGE_LOOP ( 'NONE', ( #950, #1274, #664, #1152, #467, #1028, #676 ) ) ;
#148 = CARTESIAN_POINT ( 'NONE',  ( 0.1250000000000000000, 1.000000000000000000, 0.000000000000000000 ) ) ;
#149 = ORIENTED_EDGE ( 'NONE', *, *, #1036, .T. ) ;
#150 = DIRECTION ( 'NONE',  ( -1.570092458683784288E-16, -0.7071067811865517916, -0.7071067811865433539 ) ) ;
#151 = DIRECTION ( 'NONE',  ( -5.463695987328527423E-16, 0.000000000000000000, 1.000000000000000000 ) ) ;
#152 = VECTOR ( 'NONE', #1129, 39.37007874015748143 ) ;
#153 = VERTEX_POINT ( 'NONE', #1240 ) ;
#154 = DIRECTION ( 'NONE',  ( 0.000000000000000000, 0.000000000000000000, 1.000000000000000000 ) ) ;
#155 = EDGE_LOOP ( 'NONE', ( #1147, #528, #810, #1408 ) ) ;
#156 = EDGE_CURVE ( 'NONE', #1242, #819, #554, .T. ) ;
#157 = EDGE_CURVE ( 'NONE', #502, #1283, #238, .T. ) ;
#158 = FACE_OUTER_BOUND ( 'NONE', #42, .T. ) ;
#159 = CARTESIAN_POINT ( 'NONE',  ( -0.2500000000000000000, 0.000000000000000000, 0.000000000000000000 ) ) ;
#160 = VERTEX_POINT ( 'NONE', #126 ) ;
#161 = VERTEX_POINT ( 'NONE', #774 ) ;
#162 = CARTESIAN_POINT ( 'NONE',  ( 0.4749999999999999778, -1.054711873393898418E-16, 3.367778697655221258E-17 ) ) ;
#163 = EDGE_LOOP ( 'NONE', ( #35, #979, #411, #732 ) ) ;
#164 = ORIENTED_EDGE ( 'NONE', *, *, #674, .T. ) ;
#165 = EDGE_CURVE ( 'NONE', #369, #475, #249, .T. ) ;
#166 = CARTESIAN_POINT ( 'NONE',  ( -0.2499999999999998890, 0.4750000000000000333, 0.1287401574803149762 ) ) ;
#167 = CARTESIAN_POINT ( 'NONE',  ( 0.7250000000000000888, 0.000000000000000000, 0.000000000000000000 ) ) ;
#168 = VECTOR ( 'NONE', #520, 39.37007874015748143 ) ;
#169 = ADVANCED_FACE ( 'NONE', ( #1115 ), #1003, .T. ) ;
#170 = ORIENTED_EDGE ( 'NONE', *, *, #1062, .T. ) ;
#171 = VECTOR ( 'NONE', #998, 39.37007874015748854 ) ;
#172 = DIRECTION ( 'NONE',  ( -2.220446049250312588E-16, 1.000000000000000000, 5.463695987328527423E-16 ) ) ;
#173 = LINE ( 'NONE', #74, #758 ) ;
#174 = ORIENTED_EDGE ( 'NONE', *, *, #115, .T. ) ;
#175 = VERTEX_POINT ( 'NONE', #349 ) ;
#176 = DIRECTION ( 'NONE',  ( 0.000000000000000000, 0.7071067811865432429, -0.7071067811865516806 ) ) ;
#177 = CARTESIAN_POINT ( 'NONE',  ( -0.3681102362204724532, 0.4750000000000000333, 0.5462598425196849572 ) ) ;
#178 = VERTEX_POINT ( 'NONE', #783 ) ;
#179 = DIRECTION ( 'NONE',  ( 0.000000000000000000, 0.000000000000000000, -1.000000000000000000 ) ) ;
#180 = EDGE_CURVE ( 'NONE', #1143, #187, #1019, .T. ) ;
#181 = VECTOR ( 'NONE', #258, 39.37007874015748143 ) ;
#182 = EDGE_CURVE ( 'NONE', #493, #502, #473, .T. ) ;
#183 = DIRECTION ( 'NONE',  ( -0.000000000000000000, 1.000000000000000000, -0.000000000000000000 ) ) ;
#184 = DIRECTION ( 'NONE',  ( 1.000000000000000000, 2.220446049250312341E-16, 0.000000000000000000 ) ) ;
#185 = FILL_AREA_STYLE_COLOUR ( '', #1073 ) ;
#186 = ORIENTED_EDGE ( 'NONE', *, *, #1361, .T. ) ;
#187 = VERTEX_POINT ( 'NONE', #653 ) ;
#188 = CARTESIAN_POINT ( 'NONE',  ( 0.4750000000000000333, 3.112121234382329451E-17, 0.07874015748031509832 ) ) ;
#189 = CARTESIAN_POINT ( 'NONE',  ( -0.3681102362204724532, 0.4750000000000000333, 0.5462598425196849572 ) ) ;
#190 = EDGE_CURVE ( 'NONE', #596, #1039, #1122, .T. ) ;
#191 = ORIENTED_EDGE ( 'NONE', *, *, #133, .T. ) ;
#192 = CARTESIAN_POINT ( 'NONE',  ( -0.2500000000000000000, 0.7250000000000000888, 0.000000000000000000 ) ) ;
#193 = DIRECTION ( 'NONE',  ( -1.000000000000000000, -2.220446049250312341E-16, 0.000000000000000000 ) ) ;
#194 = ORIENTED_EDGE ( 'NONE', *, *, #963, .F. ) ;
#195 = EDGE_LOOP ( 'NONE', ( #919, #1266, #273, #1155 ) ) ;
#196 = CARTESIAN_POINT ( 'NONE',  ( -0.2500000000000000000, 0.7250000000000000888, 0.000000000000000000 ) ) ;
#197 = VECTOR ( 'NONE', #526, 39.37007874015748143 ) ;
#198 = CARTESIAN_POINT ( 'NONE',  ( 0.4750000000000001998, -0.3099999999999998312, -0.02000000000000005940 ) ) ;
#199 = VECTOR ( 'NONE', #948, 39.37007874015748143 ) ;
#200 = DIRECTION ( 'NONE',  ( 0.000000000000000000, 0.000000000000000000, 1.000000000000000000 ) ) ;
#201 = DIRECTION ( 'NONE',  ( -0.000000000000000000, -0.000000000000000000, -1.000000000000000000 ) ) ;
#202 = DIRECTION ( 'NONE',  ( 0.000000000000000000, -1.000000000000000000, 0.000000000000000000 ) ) ;
#203 = CARTESIAN_POINT ( 'NONE',  ( 6.829619984160658046E-17, 0.4750000000000000333, 0.1287401574803151150 ) ) ;
#204 = CARTESIAN_POINT ( 'NONE',  ( 0.4750000000000001998, -0.3681102362204725642, 0.5462598425196849572 ) ) ;
#205 = FACE_OUTER_BOUND ( 'NONE', #280, .T. ) ;
#206 = EDGE_CURVE ( 'NONE', #716, #770, #25, .T. ) ;
#207 = DIRECTION ( 'NONE',  ( 1.000000000000000000, 2.220446049250312341E-16, 0.000000000000000000 ) ) ;
#208 = CARTESIAN_POINT ( 'NONE',  ( -0.3681102362204724532, 0.4750000000000000333, 0.5462598425196849572 ) ) ;
#209 = DIRECTION ( 'NONE',  ( 0.000000000000000000, -0.7071067811865432429, -0.7071067811865516806 ) ) ;
#210 = ORIENTED_EDGE ( 'NONE', *, *, #377, .T. ) ;
#211 = EDGE_CURVE ( 'NONE', #240, #1118, #677, .T. ) ;
#212 = CARTESIAN_POINT ( 'NONE',  ( 0.000000000000000000, 0.7250000000000000888, 0.000000000000000000 ) ) ;
#213 = PLANE ( 'NONE',  #994 ) ;
#214 = LINE ( 'NONE', #639, #257 ) ;
#215 = VECTOR ( 'NONE', #731, 39.37007874015748143 ) ;
#216 = VECTOR ( 'NONE', #1355, 39.37007874015748143 ) ;
#217 = DIRECTION ( 'NONE',  ( -1.000000000000000000, 2.220446049250312341E-16, 0.000000000000000000 ) ) ;
#218 = DIRECTION ( 'NONE',  ( 0.000000000000000000, -0.7071067811865516806, 0.7071067811865433539 ) ) ;
#219 = EDGE_CURVE ( 'NONE', #388, #1055, #334, .T. ) ;
#220 = VECTOR ( 'NONE', #458, 39.37007874015748854 ) ;
#221 = CARTESIAN_POINT ( 'NONE',  ( 0.7250000000000000888, -0.2500000000000001665, 0.4962598425196849128 ) ) ;
#222 = LINE ( 'NONE', #1422, #54 ) ;
#223 = VERTEX_POINT ( 'NONE', #228 ) ;
#224 = LINE ( 'NONE', #658, #597 ) ;
#225 = ADVANCED_FACE ( 'NONE', ( #507, #1270 ), #292, .F. ) ;
#226 = CARTESIAN_POINT ( 'NONE',  ( 0.4750000000000001998, -0.3099999999999999978, 0.6449999999999997957 ) ) ;
#227 = EDGE_CURVE ( 'NONE', #342, #178, #1397, .T. ) ;
#228 = CARTESIAN_POINT ( 'NONE',  ( 0.7250000000000000888, -0.2699999999999999623, -0.02000000000000005940 ) ) ;
#229 = DIRECTION ( 'NONE',  ( -1.000000000000000000, 0.000000000000000000, -0.000000000000000000 ) ) ;
#230 = PRODUCT_DEFINITION ( 'UNKNOWN', '', #1017, #923 ) ;
#231 = EDGE_LOOP ( 'NONE', ( #1386, #246, #743, #593 ) ) ;
#232 = ORIENTED_EDGE ( 'NONE', *, *, #1139, .T. ) ;
#233 = DIRECTION ( 'NONE',  ( -2.220446049250312588E-16, 1.000000000000000000, 0.000000000000000000 ) ) ;
#234 = DIRECTION ( 'NONE',  ( 0.000000000000000000, 0.000000000000000000, 1.000000000000000000 ) ) ;
#235 = AXIS2_PLACEMENT_3D ( 'NONE', #105, #541, #209 ) ;
#236 = VECTOR ( 'NONE', #918, 39.37007874015748143 ) ;
#237 = EDGE_CURVE ( 'NONE', #245, #281, #58, .T. ) ;
#238 = LINE ( 'NONE', #1248, #1096 ) ;
#239 = DIRECTION ( 'NONE',  ( 0.000000000000000000, 0.000000000000000000, -1.000000000000000000 ) ) ;
#240 = VERTEX_POINT ( 'NONE', #1150 ) ;
#241 = ORIENTED_EDGE ( 'NONE', *, *, #944, .F. ) ;
#242 = DIRECTION ( 'NONE',  ( 0.000000000000000000, 0.000000000000000000, 1.000000000000000000 ) ) ;
#243 = CARTESIAN_POINT ( 'NONE',  ( 0.000000000000000000, 0.000000000000000000, 0.000000000000000000 ) ) ;
#244 = DIRECTION ( 'NONE',  ( -1.000000000000000000, 2.220446049250312588E-16, 1.347111479062088257E-16 ) ) ;
#245 = VERTEX_POINT ( 'NONE', #480 ) ;
#246 = ORIENTED_EDGE ( 'NONE', *, *, #86, .F. ) ;
#247 = DIRECTION ( 'NONE',  ( 2.220446049250312341E-16, -1.000000000000000000, 0.000000000000000000 ) ) ;
#248 = VERTEX_POINT ( 'NONE', #606 ) ;
#249 = LINE ( 'NONE', #662, #1056 ) ;
#250 = CARTESIAN_POINT ( 'NONE',  ( -0.2699999999999997957, 0.4750000000000000333, -0.02000000000000005940 ) ) ;
#251 = VERTEX_POINT ( 'NONE', #806 ) ;
#252 = ORIENTED_EDGE ( 'NONE', *, *, #391, .T. ) ;
#253 = APPLICATION_PROTOCOL_DEFINITION ( 'draft international standard', 'automotive_design', 1998, #822 ) ;
#254 = EDGE_CURVE ( 'NONE', #942, #1380, #953, .T. ) ;
#255 = DIRECTION ( 'NONE',  ( 1.000000000000000000, -2.220446049250312341E-16, -0.000000000000000000 ) ) ;
#256 = EDGE_LOOP ( 'NONE', ( #1034, #711, #1176, #170 ) ) ;
#257 = VECTOR ( 'NONE', #1215, 39.37007874015748143 ) ;
#258 = DIRECTION ( 'NONE',  ( -0.000000000000000000, -0.000000000000000000, -1.000000000000000000 ) ) ;
#259 = PLANE ( 'NONE',  #876 ) ;
#260 = VECTOR ( 'NONE', #961, 39.37007874015748143 ) ;
#261 = ORIENTED_EDGE ( 'NONE', *, *, #590, .T. ) ;
#262 = ORIENTED_EDGE ( 'NONE', *, *, #1124, .F. ) ;
#263 = DIRECTION ( 'NONE',  ( 1.000000000000000000, -2.220446049250312341E-16, -0.000000000000000000 ) ) ;
#264 = ORIENTED_EDGE ( 'NONE', *, *, #987, .F. ) ;
#265 = ADVANCED_FACE ( 'NONE', ( #833 ), #1047, .F. ) ;
#266 = DIRECTION ( 'NONE',  ( 1.000000000000000000, 0.000000000000000000, 0.000000000000000000 ) ) ;
#267 = CARTESIAN_POINT ( 'NONE',  ( 0.4750000000000000333, -0.2500000000000001110, 0.6250000000000000000 ) ) ;
#268 = ORIENTED_EDGE ( 'NONE', *, *, #636, .T. ) ;
#269 = VECTOR ( 'NONE', #108, 39.37007874015748143 ) ;
#270 = ORIENTED_EDGE ( 'NONE', *, *, #647, .F. ) ;
#271 = ORIENTED_EDGE ( 'NONE', *, *, #708, .T. ) ;
#272 = CARTESIAN_POINT ( 'NONE',  ( -0.2500000000000000000, 0.4750000000000000333, 0.4962598425196849128 ) ) ;
#273 = ORIENTED_EDGE ( 'NONE', *, *, #647, .T. ) ;
#274 = EDGE_CURVE ( 'NONE', #493, #14, #945, .T. ) ;
#275 = DIRECTION ( 'NONE',  ( -2.220446049250312341E-16, 1.000000000000000000, -0.000000000000000000 ) ) ;
#276 = FILL_AREA_STYLE ('',( #185 ) ) ;
#277 = ORIENTED_EDGE ( 'NONE', *, *, #75, .F. ) ;
#278 = CARTESIAN_POINT ( 'NONE',  ( 0.4749999999999999778, -1.054711873393898418E-16, 3.367778697655221258E-17 ) ) ;
#279 = LINE ( 'NONE', #198, #142 ) ;
#280 = EDGE_LOOP ( 'NONE', ( #1022, #800, #568, #821 ) ) ;
#281 = VERTEX_POINT ( 'NONE', #709 ) ;
#282 = EDGE_CURVE ( 'NONE', #381, #296, #46, .T. ) ;
#283 = LINE ( 'NONE', #917, #513 ) ;
#284 = CARTESIAN_POINT ( 'NONE',  ( -0.3681102362204724532, 0.4750000000000000333, 0.5868897637795279509 ) ) ;
#285 = AXIS2_PLACEMENT_3D ( 'NONE', #733, #150, #176 ) ;
#286 = ADVANCED_FACE ( 'NONE', ( #158 ), #372, .T. ) ;
#287 = ORIENTED_EDGE ( 'NONE', *, *, #1425, .T. ) ;
#288 = VECTOR ( 'NONE', #405, 39.37007874015748143 ) ;
#289 = CARTESIAN_POINT ( 'NONE',  ( 0.7250000000000001998, -0.3681102362204726197, 0.5462598425196849572 ) ) ;
#290 = DIRECTION ( 'NONE',  ( 2.220446049250312588E-16, -1.000000000000000000, -0.000000000000000000 ) ) ;
#291 = EDGE_LOOP ( 'NONE', ( #1269, #827, #1394, #492 ) ) ;
#292 = PLANE ( 'NONE',  #607 ) ;
#293 = DIRECTION ( 'NONE',  ( -1.000000000000000000, 0.000000000000000000, 0.000000000000000000 ) ) ;
#294 = ADVANCED_FACE ( 'NONE', ( #1037 ), #698, .T. ) ;
#295 = VERTEX_POINT ( 'NONE', #166 ) ;
#296 = VERTEX_POINT ( 'NONE', #76 ) ;
#297 = LINE ( 'NONE', #1392, #517 ) ;
#298 = VECTOR ( 'NONE', #417, 39.37007874015748143 ) ;
#299 = DIRECTION ( 'NONE',  ( 0.000000000000000000, 0.000000000000000000, -1.000000000000000000 ) ) ;
#300 = ORIENTED_EDGE ( 'NONE', *, *, #1195, .T. ) ;
#301 = FACE_OUTER_BOUND ( 'NONE', #1366, .T. ) ;
#302 = CARTESIAN_POINT ( 'NONE',  ( 0.4750000000000000333, -0.2500000000000001110, 3.367778697655221258E-17 ) ) ;
#303 = ORIENTED_EDGE ( 'NONE', *, *, #863, .F. ) ;
#304 = DIRECTION ( 'NONE',  ( -0.7071067811865475727, -0.7071067811865475727, 0.000000000000000000 ) ) ;
#305 = ADVANCED_FACE ( 'NONE', ( #1295 ), #926, .T. ) ;
#306 = DIRECTION ( 'NONE',  ( -0.000000000000000000, 1.000000000000000000, -0.000000000000000000 ) ) ;
#307 = CARTESIAN_POINT ( 'NONE',  ( 0.4750000000000001998, -0.3681102362204725642, 0.5868897637795279509 ) ) ;
#308 = DIRECTION ( 'NONE',  ( -2.220446049250312341E-16, 1.000000000000000000, 0.000000000000000000 ) ) ;
#309 = CARTESIAN_POINT ( 'NONE',  ( -0.2500000000000000000, 0.7250000000000000888, 0.000000000000000000 ) ) ;
#310 = AXIS2_PLACEMENT_3D ( 'NONE', #95, #1419, #421 ) ;
#311 = LINE ( 'NONE', #617, #1424 ) ;
#312 = VECTOR ( 'NONE', #842, 39.37007874015748143 ) ;
#313 = ADVANCED_FACE ( 'NONE', ( #301 ), #599, .F. ) ;
#314 = CARTESIAN_POINT ( 'NONE',  ( 0.7250000000000000888, -1.609823385706476688E-16, 0.6249999999999998890 ) ) ;
#315 =( NAMED_UNIT ( * ) PLANE_ANGLE_UNIT ( ) SI_UNIT ( $, .RADIAN. ) );
#316 = CARTESIAN_POINT ( 'NONE',  ( 0.4750000000000000333, -0.2699999999999999067, -0.02000000000000005940 ) ) ;
#317 = DIRECTION ( 'NONE',  ( -1.000000000000000000, -2.220446049250312341E-16, 0.000000000000000000 ) ) ;
#318 =( CONVERSION_BASED_UNIT ( 'INCH', #1318 ) LENGTH_UNIT ( ) NAMED_UNIT ( #553 ) );
#319 = DIRECTION ( 'NONE',  ( -1.000000000000000000, 0.000000000000000000, -0.000000000000000000 ) ) ;
#320 = CARTESIAN_POINT ( 'NONE',  ( 0.000000000000000000, 1.000000000000000000, 0.6250000000000000000 ) ) ;
#321 = FACE_OUTER_BOUND ( 'NONE', #1067, .T. ) ;
#322 = LINE ( 'NONE', #436, #668 ) ;
#323 = LINE ( 'NONE', #432, #688 ) ;
#324 = EDGE_CURVE ( 'NONE', #1407, #819, #498, .T. ) ;
#325 = LINE ( 'NONE', #559, #1111 ) ;
#326 = AXIS2_PLACEMENT_3D ( 'NONE', #1417, #66, #449 ) ;
#327 = VECTOR ( 'NONE', #937, 39.37007874015748143 ) ;
#328 = LINE ( 'NONE', #861, #269 ) ;
#329 = DIRECTION ( 'NONE',  ( 1.000000000000000000, 0.000000000000000000, -0.000000000000000000 ) ) ;
#330 = EDGE_CURVE ( 'NONE', #564, #370, #40, .T. ) ;
#331 = LINE ( 'NONE', #100, #858 ) ;
#332 = EDGE_CURVE ( 'NONE', #223, #178, #283, .T. ) ;
#333 = FACE_OUTER_BOUND ( 'NONE', #722, .T. ) ;
#334 = LINE ( 'NONE', #143, #843 ) ;
#335 = CARTESIAN_POINT ( 'NONE',  ( -0.2500000000000000000, 0.7250000000000000888, 0.6249999999999998890 ) ) ;
#336 = ORIENTED_EDGE ( 'NONE', *, *, #885, .F. ) ;
#337 = VERTEX_POINT ( 'NONE', #489 ) ;
#338 = DIRECTION ( 'NONE',  ( 1.000000000000000000, 0.000000000000000000, 0.000000000000000000 ) ) ;
#339 = DIRECTION ( 'NONE',  ( 0.000000000000000000, 0.000000000000000000, -1.000000000000000000 ) ) ;
#340 = DIRECTION ( 'NONE',  ( -0.7071067811865432429, 0.000000000000000000, -0.7071067811865516806 ) ) ;
#341 = CARTESIAN_POINT ( 'NONE',  ( 0.1250000000000000000, 1.000000000000000000, 0.000000000000000000 ) ) ;
#342 = VERTEX_POINT ( 'NONE', #973 ) ;
#343 = ORIENTED_EDGE ( 'NONE', *, *, #391, .F. ) ;
#344 = DIRECTION ( 'NONE',  ( 1.570092458683784041E-16, -0.7071067811865516806, 0.7071067811865433539 ) ) ;
#345 = VECTOR ( 'NONE', #892, 39.37007874015748143 ) ;
#346 = PRODUCT ( 'CornerClip', 'CornerClip', '', ( #1341 ) ) ;
#347 = VECTOR ( 'NONE', #1381, 39.37007874015748143 ) ;
#348 = EDGE_CURVE ( 'NONE', #28, #160, #1428, .T. ) ;
#349 = CARTESIAN_POINT ( 'NONE',  ( 0.7250000000000001998, -0.3681102362204726197, 0.03811023622047196580 ) ) ;
#350 = LINE ( 'NONE', #474, #374 ) ;
#351 = ORIENTED_EDGE ( 'NONE', *, *, #83, .T. ) ;
#352 = ORIENTED_EDGE ( 'NONE', *, *, #32, .F. ) ;
#353 = CARTESIAN_POINT ( 'NONE',  ( -0.2500000000000000000, 0.7250000000000000888, 0.000000000000000000 ) ) ;
#354 = VECTOR ( 'NONE', #103, 39.37007874015748143 ) ;
#355 = ADVANCED_FACE ( 'NONE', ( #1336 ), #450, .F. ) ;
#356 = CARTESIAN_POINT ( 'NONE',  ( 0.4750000000000000333, -0.2500000000000001110, 0.4962598425196849128 ) ) ;
#357 = DIRECTION ( 'NONE',  ( 2.220446049250312588E-16, -1.000000000000000000, 0.000000000000000000 ) ) ;
#358 = ORIENTED_EDGE ( 'NONE', *, *, #730, .T. ) ;
#359 = EDGE_LOOP ( 'NONE', ( #365, #15, #905, #376 ) ) ;
#360 = DIRECTION ( 'NONE',  ( 1.000000000000000000, 0.000000000000000000, 0.000000000000000000 ) ) ;
#361 = DIRECTION ( 'NONE',  ( -1.000000000000000000, 0.000000000000000000, 0.000000000000000000 ) ) ;
#362 = ORIENTED_EDGE ( 'NONE', *, *, #1335, .F. ) ;
#363 = DIRECTION ( 'NONE',  ( -0.000000000000000000, 1.000000000000000000, -0.000000000000000000 ) ) ;
#364 = CARTESIAN_POINT ( 'NONE',  ( 5.551115123125780853E-17, -0.2500000000000000000, 0.000000000000000000 ) ) ;
#365 = ORIENTED_EDGE ( 'NONE', *, *, #707, .T. ) ;
#366 = ORIENTED_EDGE ( 'NONE', *, *, #984, .T. ) ;
#367 = EDGE_CURVE ( 'NONE', #825, #1380, #886, .T. ) ;
#368 = LINE ( 'NONE', #801, #1343 ) ;
#369 = VERTEX_POINT ( 'NONE', #1078 ) ;
#370 = VERTEX_POINT ( 'NONE', #314 ) ;
#371 = AXIS2_PLACEMENT_3D ( 'NONE', #1359, #361, #1264 ) ;
#372 = PLANE ( 'NONE',  #101 ) ;
#373 = LINE ( 'NONE', #663, #643 ) ;
#374 = VECTOR ( 'NONE', #41, 39.37007874015748143 ) ;
#375 = ORIENTED_EDGE ( 'NONE', *, *, #835, .T. ) ;
#376 = ORIENTED_EDGE ( 'NONE', *, *, #206, .T. ) ;
#377 = EDGE_CURVE ( 'NONE', #725, #122, #740, .T. ) ;
#378 = EDGE_CURVE ( 'NONE', #1283, #45, #125, .T. ) ;
#379 = LINE ( 'NONE', #148, #1309 ) ;
#380 = ORIENTED_EDGE ( 'NONE', *, *, #1029, .T. ) ;
#381 = VERTEX_POINT ( 'NONE', #1317 ) ;
#382 = DIRECTION ( 'NONE',  ( -2.220446049250312341E-16, 1.000000000000000000, -0.000000000000000000 ) ) ;
#383 = LINE ( 'NONE', #521, #952 ) ;
#384 = ORIENTED_EDGE ( 'NONE', *, *, #219, .T. ) ;
#385 = VERTEX_POINT ( 'NONE', #226 ) ;
#386 = CARTESIAN_POINT ( 'NONE',  ( -0.3681102362204724532, 0.7250000000000000888, 0.5868897637795279509 ) ) ;
#387 = LINE ( 'NONE', #519, #1225 ) ;
#388 = VERTEX_POINT ( 'NONE', #1223 ) ;
#389 = ADVANCED_FACE ( 'NONE', ( #333 ), #660, .F. ) ;
#390 = EDGE_LOOP ( 'NONE', ( #804, #739, #1112, #186 ) ) ;
#391 = EDGE_CURVE ( 'NONE', #178, #175, #1412, .T. ) ;
#392 = DIRECTION ( 'NONE',  ( 1.000000000000000000, -2.220446049250312341E-16, 0.000000000000000000 ) ) ;
#393 = DIRECTION ( 'NONE',  ( 1.000000000000000000, -2.220446049250312341E-16, -0.000000000000000000 ) ) ;
#394 = ORIENTED_EDGE ( 'NONE', *, *, #671, .T. ) ;
#395 = ORIENTED_EDGE ( 'NONE', *, *, #1384, .F. ) ;
#396 = CARTESIAN_POINT ( 'NONE',  ( -0.3681102362204724532, 0.7250000000000000888, 0.03811023622047196580 ) ) ;
#397 = LINE ( 'NONE', #1276, #1014 ) ;
#398 = ORIENTED_EDGE ( 'NONE', *, *, #1052, .T. ) ;
#399 = ORIENTED_EDGE ( 'NONE', *, *, #13, .F. ) ;
#400 = DIRECTION ( 'NONE',  ( 0.000000000000000000, 0.000000000000000000, -1.000000000000000000 ) ) ;
#401 = DIRECTION ( 'NONE',  ( 2.220446049250312341E-16, -1.000000000000000000, 0.000000000000000000 ) ) ;
#402 = VECTOR ( 'NONE', #1402, 39.37007874015748143 ) ;
#403 = ORIENTED_EDGE ( 'NONE', *, *, #851, .T. ) ;
#404 = VECTOR ( 'NONE', #1400, 39.37007874015748854 ) ;
#405 = DIRECTION ( 'NONE',  ( -0.000000000000000000, -0.000000000000000000, 1.000000000000000000 ) ) ;
#406 = CARTESIAN_POINT ( 'NONE',  ( -0.2500000000000000000, 0.7250000000000000888, 0.6249999999999998890 ) ) ;
#407 = DIRECTION ( 'NONE',  ( 1.000000000000000000, -2.220446049250312341E-16, 0.000000000000000000 ) ) ;
#408 = LINE ( 'NONE', #620, #260 ) ;
#409 = EDGE_CURVE ( 'NONE', #295, #251, #560, .T. ) ;
#410 = ORIENTED_EDGE ( 'NONE', *, *, #1210, .T. ) ;
#411 = ORIENTED_EDGE ( 'NONE', *, *, #764, .T. ) ;
#412 = CARTESIAN_POINT ( 'NONE',  ( 0.4750000000000001998, -0.3681102362204725642, 0.5462598425196849572 ) ) ;
#413 = VECTOR ( 'NONE', #201, 39.37007874015748143 ) ;
#414 = CARTESIAN_POINT ( 'NONE',  ( 0.000000000000000000, 0.4750000000000000333, 0.5462598425196849572 ) ) ;
#415 = VERTEX_POINT ( 'NONE', #852 ) ;
#416 = CARTESIAN_POINT ( 'NONE',  ( 0.7250000000000001998, -0.3099999999999998868, -0.02000000000000005940 ) ) ;
#417 = DIRECTION ( 'NONE',  ( -0.000000000000000000, 1.000000000000000000, -0.000000000000000000 ) ) ;
#418 = LINE ( 'NONE', #1069, #404 ) ;
#419 = EDGE_CURVE ( 'NONE', #1055, #1238, #1302, .T. ) ;
#420 = LINE ( 'NONE', #1063, #463 ) ;
#421 = DIRECTION ( 'NONE',  ( 1.000000000000000000, 0.000000000000000000, -0.000000000000000000 ) ) ;
#422 = CARTESIAN_POINT ( 'NONE',  ( 0.4750000000000001998, -0.3681102362204725642, 0.07874015748031495954 ) ) ;
#423 = ORIENTED_EDGE ( 'NONE', *, *, #683, .T. ) ;
#424 = CARTESIAN_POINT ( 'NONE',  ( 0.000000000000000000, 0.4750000000000000333, 0.5462598425196849572 ) ) ;
#425 = VECTOR ( 'NONE', #936, 39.37007874015748143 ) ;
#426 = EDGE_CURVE ( 'NONE', #447, #1126, #766, .T. ) ;
#427 = AXIS2_PLACEMENT_3D ( 'NONE', #610, #1060, #73 ) ;
#428 = EDGE_CURVE ( 'NONE', #501, #897, #628, .T. ) ;
#429 = ORIENTED_EDGE ( 'NONE', *, *, #282, .F. ) ;
#430 = DIRECTION ( 'NONE',  ( -1.000000000000000000, 2.220446049250312341E-16, 0.000000000000000000 ) ) ;
#431 = CARTESIAN_POINT ( 'NONE',  ( 0.000000000000000000, 1.000000000000000000, 0.6250000000000000000 ) ) ;
#432 = CARTESIAN_POINT ( 'NONE',  ( 0.000000000000000000, 0.000000000000000000, 0.6250000000000000000 ) ) ;
#433 = VECTOR ( 'NONE', #669, 39.37007874015748143 ) ;
#434 = EDGE_CURVE ( 'NONE', #935, #1407, #1217, .T. ) ;
#435 = EDGE_CURVE ( 'NONE', #1365, #475, #619, .T. ) ;
#436 = CARTESIAN_POINT ( 'NONE',  ( -0.3681102362204724532, 0.4750000000000000333, 0.07874015748031495954 ) ) ;
#437 = DIRECTION ( 'NONE',  ( -0.000000000000000000, -1.000000000000000000, -0.000000000000000000 ) ) ;
#438 = ADVANCED_FACE ( 'NONE', ( #84 ), #967, .T. ) ;
#439 = CARTESIAN_POINT ( 'NONE',  ( 0.000000000000000000, 0.7250000000000000888, 0.6250000000000000000 ) ) ;
#440 = DIRECTION ( 'NONE',  ( 0.000000000000000000, 0.000000000000000000, 1.000000000000000000 ) ) ;
#441 = PLANE ( 'NONE',  #657 ) ;
#442 = ADVANCED_FACE ( 'NONE', ( #651 ), #859, .F. ) ;
#443 = VECTOR ( 'NONE', #1002, 39.37007874015748854 ) ;
#444 = STYLED_ITEM ( 'NONE', ( #974 ), #1387 ) ;
#445 = CARTESIAN_POINT ( 'NONE',  ( 0.4750000000000000333, -1.054711873393898664E-16, 0.5462598425196849572 ) ) ;
#446 = PLANE ( 'NONE',  #661 ) ;
#447 = VERTEX_POINT ( 'NONE', #204 ) ;
#448 = ORIENTED_EDGE ( 'NONE', *, *, #1233, .T. ) ;
#449 = DIRECTION ( 'NONE',  ( 0.000000000000000000, -0.000000000000000000, -1.000000000000000000 ) ) ;
#450 = PLANE ( 'NONE',  #898 ) ;
#451 = VECTOR ( 'NONE', #1431, 39.37007874015748143 ) ;
#452 = CARTESIAN_POINT ( 'NONE',  ( -0.3099999999999997757, 0.4750000000000000333, -0.02000000000000005940 ) ) ;
#453 = CARTESIAN_POINT ( 'NONE',  ( 0.4750000000000000333, -0.2699999999999997957, 0.6449999999999997957 ) ) ;
#454 = ORIENTED_EDGE ( 'NONE', *, *, #156, .F. ) ;
#455 = ORIENTED_EDGE ( 'NONE', *, *, #627, .F. ) ;
#456 = EDGE_CURVE ( 'NONE', #161, #175, #1084, .T. ) ;
#457 = DIRECTION ( 'NONE',  ( 1.000000000000000000, 0.000000000000000000, 5.463695987328527423E-16 ) ) ;
#458 = DIRECTION ( 'NONE',  ( -1.570092458683784041E-16, 0.7071067811865516806, 0.7071067811865433539 ) ) ;
#459 = CARTESIAN_POINT ( 'NONE',  ( 0.4750000000000000333, 3.112121234382329451E-17, 0.07874015748031509832 ) ) ;
#460 = ORIENTED_EDGE ( 'NONE', *, *, #330, .F. ) ;
#461 = ORIENTED_EDGE ( 'NONE', *, *, #1041, .T. ) ;
#462 = PLANE ( 'NONE',  #371 ) ;
#463 = VECTOR ( 'NONE', #970, 39.37007874015748854 ) ;
#464 = AXIS2_PLACEMENT_3D ( 'NONE', #873, #548, #217 ) ;
#465 = DIRECTION ( 'NONE',  ( 1.000000000000000000, -2.220446049250312341E-16, -0.000000000000000000 ) ) ;
#466 = CARTESIAN_POINT ( 'NONE',  ( 0.1250000000000000000, 1.000000000000000000, 0.6250000000000000000 ) ) ;
#467 = ORIENTED_EDGE ( 'NONE', *, *, #1189, .F. ) ;
#468 = ORIENTED_EDGE ( 'NONE', *, *, #237, .T. ) ;
#469 = DIRECTION ( 'NONE',  ( 0.000000000000000000, 0.000000000000000000, 1.000000000000000000 ) ) ;
#470 = VERTEX_POINT ( 'NONE', #484 ) ;
#471 = VECTOR ( 'NONE', #989, 39.37007874015748854 ) ;
#472 = EDGE_CURVE ( 'NONE', #1256, #596, #684, .T. ) ;
#473 = LINE ( 'NONE', #1234, #471 ) ;
#474 = CARTESIAN_POINT ( 'NONE',  ( 0.000000000000000000, 0.000000000000000000, 0.000000000000000000 ) ) ;
#475 = VERTEX_POINT ( 'NONE', #1008 ) ;
#476 = ORIENTED_EDGE ( 'NONE', *, *, #1195, .F. ) ;
#477 = DIRECTION ( 'NONE',  ( 0.000000000000000000, 0.000000000000000000, 1.000000000000000000 ) ) ;
#478 = DIRECTION ( 'NONE',  ( -0.000000000000000000, 1.000000000000000000, -0.000000000000000000 ) ) ;
#479 = ORIENTED_EDGE ( 'NONE', *, *, #482, .T. ) ;
#480 = CARTESIAN_POINT ( 'NONE',  ( -0.3099999999999998868, 0.4750000000000000333, 0.6449999999999997957 ) ) ;
#481 = PLANE ( 'NONE',  #27 ) ;
#482 = EDGE_CURVE ( 'NONE', #295, #1256, #55, .T. ) ;
#483 = ORIENTED_EDGE ( 'NONE', *, *, #282, .T. ) ;
#484 = CARTESIAN_POINT ( 'NONE',  ( 0.4749999999999999778, -1.054711873393898418E-16, 3.367778697655221258E-17 ) ) ;
#485 = ORIENTED_EDGE ( 'NONE', *, *, #1061, .F. ) ;
#486 = EDGE_LOOP ( 'NONE', ( #403, #485, #194, #563, #174, #650, #793 ) ) ;
#487 = VECTOR ( 'NONE', #306, 39.37007874015748143 ) ;
#488 = AXIS2_PLACEMENT_3D ( 'NONE', #189, #299, #89 ) ;
#489 = CARTESIAN_POINT ( 'NONE',  ( 1.000000000000000000, 0.1250000000000000000, 0.000000000000000000 ) ) ;
#490 = CARTESIAN_POINT ( 'NONE',  ( 0.4750000000000001998, -0.3681102362204725642, 0.5868897637795279509 ) ) ;
#491 = VECTOR ( 'NONE', #751, 39.37007874015748143 ) ;
#492 = ORIENTED_EDGE ( 'NONE', *, *, #211, .T. ) ;
#493 = VERTEX_POINT ( 'NONE', #1245 ) ;
#494 = PLANE ( 'NONE',  #427 ) ;
#495 = DIRECTION ( 'NONE',  ( 0.000000000000000000, 0.000000000000000000, 1.000000000000000000 ) ) ;
#496 = ORIENTED_EDGE ( 'NONE', *, *, #206, .F. ) ;
#497 = ORIENTED_EDGE ( 'NONE', *, *, #618, .T. ) ;
#498 = LINE ( 'NONE', #583, #425 ) ;
#499 = DIRECTION ( 'NONE',  ( 0.000000000000000000, 1.000000000000000000, 5.463695987328527423E-16 ) ) ;
#500 = VERTEX_POINT ( 'NONE', #921 ) ;
#501 = VERTEX_POINT ( 'NONE', #353 ) ;
#502 = VERTEX_POINT ( 'NONE', #1043 ) ;
#503 = LINE ( 'NONE', #1291, #535 ) ;
#504 = PLANE ( 'NONE',  #488 ) ;
#505 = VERTEX_POINT ( 'NONE', #1351 ) ;
#506 = ORIENTED_EDGE ( 'NONE', *, *, #992, .T. ) ;
#507 = FACE_BOUND ( 'NONE', #195, .T. ) ;
#508 = ORIENTED_EDGE ( 'NONE', *, *, #1244, .F. ) ;
#509 = CARTESIAN_POINT ( 'NONE',  ( 0.1250000000000000000, 1.000000000000000000, 0.6250000000000000000 ) ) ;
#510 = CARTESIAN_POINT ( 'NONE',  ( 0.000000000000000000, 0.4749999999999999778, 0.000000000000000000 ) ) ;
#511 = DIRECTION ( 'NONE',  ( -2.220446049250312341E-16, 1.000000000000000000, 0.000000000000000000 ) ) ;
#512 = DIRECTION ( 'NONE',  ( 0.7071067811865516806, 0.000000000000000000, 0.7071067811865433539 ) ) ;
#513 = VECTOR ( 'NONE', #1369, 39.37007874015748143 ) ;
#514 = ORIENTED_EDGE ( 'NONE', *, *, #157, .T. ) ;
#515 = VERTEX_POINT ( 'NONE', #788 ) ;
#516 = ORIENTED_EDGE ( 'NONE', *, *, #92, .T. ) ;
#517 = VECTOR ( 'NONE', #88, 39.37007874015748143 ) ;
#518 = CARTESIAN_POINT ( 'NONE',  ( 1.000000000000000000, 0.000000000000000000, 0.6250000000000000000 ) ) ;
#519 = CARTESIAN_POINT ( 'NONE',  ( -0.2499999999999998890, 0.7250000000000000888, 0.1287401574803149762 ) ) ;
#520 = DIRECTION ( 'NONE',  ( -0.000000000000000000, -1.000000000000000000, -0.000000000000000000 ) ) ;
#521 = CARTESIAN_POINT ( 'NONE',  ( 0.4750000000000000333, -0.2500000000000000000, 0.1287401574803149762 ) ) ;
#522 = EDGE_CURVE ( 'NONE', #1298, #812, #134, .T. ) ;
#523 = VERTEX_POINT ( 'NONE', #667 ) ;
#524 = DIRECTION ( 'NONE',  ( 1.000000000000000000, -2.220446049250312341E-16, -0.000000000000000000 ) ) ;
#525 = DIRECTION ( 'NONE',  ( 0.000000000000000000, 0.7071067811865516806, 0.7071067811865433539 ) ) ;
#526 = DIRECTION ( 'NONE',  ( 0.000000000000000000, 1.000000000000000000, 0.000000000000000000 ) ) ;
#527 = ADVANCED_FACE ( 'NONE', ( #140 ), #1255, .T. ) ;
#528 = ORIENTED_EDGE ( 'NONE', *, *, #237, .F. ) ;
#529 = DIRECTION ( 'NONE',  ( -0.7071067811865433539, 0.000000000000000000, -0.7071067811865516806 ) ) ;
#530 = PLANE ( 'NONE',  #326 ) ;
#531 = CARTESIAN_POINT ( 'NONE',  ( 0.4750000000000001998, -0.3681102362204725642, 0.5868897637795279509 ) ) ;
#532 = LINE ( 'NONE', #976, #298 ) ;
#533 = CARTESIAN_POINT ( 'NONE',  ( 1.000000000000000000, 0.1250000000000000000, 0.6250000000000000000 ) ) ;
#534 = VECTOR ( 'NONE', #255, 39.37007874015748143 ) ;
#535 = VECTOR ( 'NONE', #1186, 39.37007874015748143 ) ;
#536 = EDGE_CURVE ( 'NONE', #141, #470, #570, .T. ) ;
#537 = LINE ( 'NONE', #983, #1310 ) ;
#538 = ADVANCED_FACE ( 'NONE', ( #675 ), #1145, .T. ) ;
#539 = LINE ( 'NONE', #221, #451 ) ;
#540 = DIRECTION ( 'NONE',  ( 0.7071067811865432429, -0.000000000000000000, -0.7071067811865516806 ) ) ;
#541 = DIRECTION ( 'NONE',  ( -1.570092458683784288E-16, -0.7071067811865517916, 0.7071067811865433539 ) ) ;
#542 = EDGE_CURVE ( 'NONE', #337, #1143, #379, .T. ) ;
#543 = CARTESIAN_POINT ( 'NONE',  ( 0.000000000000000000, 0.000000000000000000, 0.6250000000000000000 ) ) ;
#544 = FACE_OUTER_BOUND ( 'NONE', #702, .T. ) ;
#545 = CARTESIAN_POINT ( 'NONE',  ( 0.7250000000000000888, -0.2500000000000001665, 0.4962598425196849128 ) ) ;
#546 = EDGE_CURVE ( 'NONE', #897, #28, #1025, .T. ) ;
#547 = DIRECTION ( 'NONE',  ( 0.000000000000000000, 1.000000000000000000, -0.000000000000000000 ) ) ;
#548 = DIRECTION ( 'NONE',  ( 2.220446049250312341E-16, 1.000000000000000000, -0.000000000000000000 ) ) ;
#549 = ORIENTED_EDGE ( 'NONE', *, *, #419, .F. ) ;
#550 = VECTOR ( 'NONE', #1077, 39.37007874015748143 ) ;
#551 = DIRECTION ( 'NONE',  ( 1.000000000000000000, -2.220446049250312341E-16, 0.000000000000000000 ) ) ;
#552 = VECTOR ( 'NONE', #85, 39.37007874015748143 ) ;
#553 = DIMENSIONAL_EXPONENTS ( 1.000000000000000000, 0.000000000000000000, 0.000000000000000000, 0.000000000000000000, 0.000000000000000000, 0.000000000000000000, 0.000000000000000000 ) ;
#554 = LINE ( 'NONE', #135, #65 ) ;
#555 = CARTESIAN_POINT ( 'NONE',  ( -0.2699999999999997957, 0.4750000000000000333, -0.02000000000000005940 ) ) ;
#556 = EDGE_CURVE ( 'NONE', #836, #505, #933, .T. ) ;
#557 = ORIENTED_EDGE ( 'NONE', *, *, #887, .T. ) ;
#558 = ORIENTED_EDGE ( 'NONE', *, *, #835, .F. ) ;
#559 = CARTESIAN_POINT ( 'NONE',  ( 1.000000000000000000, 0.000000000000000000, 0.6250000000000000000 ) ) ;
#560 = LINE ( 'NONE', #17, #686 ) ;
#561 = DIRECTION ( 'NONE',  ( 1.000000000000000000, -0.000000000000000000, -0.000000000000000000 ) ) ;
#562 = DIRECTION ( 'NONE',  ( -1.000000000000000000, 0.000000000000000000, -0.000000000000000000 ) ) ;
#563 = ORIENTED_EDGE ( 'NONE', *, *, #1268, .T. ) ;
#564 = VERTEX_POINT ( 'NONE', #1033 ) ;
#565 = DIRECTION ( 'NONE',  ( -1.000000000000000000, -2.220446049250312341E-16, 0.000000000000000000 ) ) ;
#566 = CARTESIAN_POINT ( 'NONE',  ( -0.3681102362204724532, 0.4750000000000000333, 0.5868897637795279509 ) ) ;
#567 = PLANE ( 'NONE',  #1190 ) ;
#568 = ORIENTED_EDGE ( 'NONE', *, *, #636, .F. ) ;
#569 = ORIENTED_EDGE ( 'NONE', *, *, #589, .T. ) ;
#570 = LINE ( 'NONE', #1121, #1401 ) ;
#571 = VECTOR ( 'NONE', #1127, 39.37007874015748143 ) ;
#572 = ADVANCED_FACE ( 'NONE', ( #22 ), #462, .T. ) ;
#573 = EDGE_LOOP ( 'NONE', ( #685, #351, #830, #1360, #1357, #448, #1119 ) ) ;
#574 = VECTOR ( 'NONE', #179, 39.37007874015748143 ) ;
#575 = DIRECTION ( 'NONE',  ( 0.000000000000000000, 0.000000000000000000, 1.000000000000000000 ) ) ;
#576 = FACE_OUTER_BOUND ( 'NONE', #1011, .T. ) ;
#577 = VERTEX_POINT ( 'NONE', #901 ) ;
#578 = ORIENTED_EDGE ( 'NONE', *, *, #165, .T. ) ;
#579 = DIRECTION ( 'NONE',  ( -0.7071067811865474617, 0.7071067811865474617, -0.000000000000000000 ) ) ;
#580 = ORIENTED_EDGE ( 'NONE', *, *, #482, .F. ) ;
#581 = ORIENTED_EDGE ( 'NONE', *, *, #53, .F. ) ;
#582 = AXIS2_PLACEMENT_3D ( 'NONE', #566, #797, #575 ) ;
#583 = CARTESIAN_POINT ( 'NONE',  ( -0.3681102362204724532, 0.7250000000000000888, 0.07874015748031495954 ) ) ;
#584 = LINE ( 'NONE', #1235, #860 ) ;
#585 = ORIENTED_EDGE ( 'NONE', *, *, #1180, .T. ) ;
#586 = LINE ( 'NONE', #1153, #1374 ) ;
#587 = ORIENTED_EDGE ( 'NONE', *, *, #1210, .F. ) ;
#588 = ORIENTED_EDGE ( 'NONE', *, *, #920, .T. ) ;
#589 = EDGE_CURVE ( 'NONE', #515, #825, #586, .T. ) ;
#590 = EDGE_CURVE ( 'NONE', #999, #56, #809, .T. ) ;
#591 = CARTESIAN_POINT ( 'NONE',  ( 0.4750000000000000333, -0.2699999999999997957, 0.6449999999999997957 ) ) ;
#592 = PLANE ( 'NONE',  #955 ) ;
#593 = ORIENTED_EDGE ( 'NONE', *, *, #99, .T. ) ;
#594 = FACE_OUTER_BOUND ( 'NONE', #1088, .T. ) ;
#595 = CARTESIAN_POINT ( 'NONE',  ( 0.4750000000000000333, -1.054711873393898664E-16, 0.4962598425196849128 ) ) ;
#596 = VERTEX_POINT ( 'NONE', #780 ) ;
#597 = VECTOR ( 'NONE', #124, 39.37007874015748143 ) ;
#598 = VECTOR ( 'NONE', #524, 39.37007874015748143 ) ;
#599 = PLANE ( 'NONE',  #285 ) ;
#600 = DIRECTION ( 'NONE',  ( -0.7071067811865433539, 0.000000000000000000, 0.7071067811865516806 ) ) ;
#601 = ORIENTED_EDGE ( 'NONE', *, *, #13, .T. ) ;
#602 = DIRECTION ( 'NONE',  ( 0.000000000000000000, 0.000000000000000000, 1.000000000000000000 ) ) ;
#603 = EDGE_CURVE ( 'NONE', #716, #1372, #1382, .T. ) ;
#604 = DIRECTION ( 'NONE',  ( 1.570092458683784041E-16, -0.7071067811865516806, 0.7071067811865433539 ) ) ;
#605 = ORIENTED_EDGE ( 'NONE', *, *, #881, .F. ) ;
#606 = CARTESIAN_POINT ( 'NONE',  ( 1.000000000000000000, 0.000000000000000000, 0.000000000000000000 ) ) ;
#607 = AXIS2_PLACEMENT_3D ( 'NONE', #1388, #266, #400 ) ;
#608 = ORIENTED_EDGE ( 'NONE', *, *, #603, .F. ) ;
#609 = ORIENTED_EDGE ( 'NONE', *, *, #106, .F. ) ;
#610 = CARTESIAN_POINT ( 'NONE',  ( -0.3681102362204724532, 0.4750000000000000333, 0.07874015748031495954 ) ) ;
#611 = EDGE_CURVE ( 'NONE', #122, #786, #914, .T. ) ;
#612 = FACE_OUTER_BOUND ( 'NONE', #808, .T. ) ;
#613 = CARTESIAN_POINT ( 'NONE',  ( 0.4750000000000001998, -0.3099999999999998312, -0.02000000000000005940 ) ) ;
#614 = CARTESIAN_POINT ( 'NONE',  ( -0.2500000000000000000, 0.4749999999999999778, 3.367778697655221258E-17 ) ) ;
#615 = EDGE_LOOP ( 'NONE', ( #252, #985, #796, #1221 ) ) ;
#616 = CARTESIAN_POINT ( 'NONE',  ( 0.7250000000000000888, -1.609823385706476688E-16, 0.000000000000000000 ) ) ;
#617 = CARTESIAN_POINT ( 'NONE',  ( -0.2500000000000000000, 0.7250000000000000888, 0.4962598425196849128 ) ) ;
#618 = EDGE_CURVE ( 'NONE', #1032, #1283, #368, .T. ) ;
#619 = LINE ( 'NONE', #1074, #197 ) ;
#620 = CARTESIAN_POINT ( 'NONE',  ( -0.3681102362204724532, 0.4750000000000000333, 0.5868897637795279509 ) ) ;
#621 = AXIS2_PLACEMENT_3D ( 'NONE', #1239, #1232, #1376 ) ;
#622 = VERTEX_POINT ( 'NONE', #694 ) ;
#623 = ORIENTED_EDGE ( 'NONE', *, *, #1353, .F. ) ;
#624 = VECTOR ( 'NONE', #1331, 39.37007874015748143 ) ;
#625 = DIRECTION ( 'NONE',  ( 0.000000000000000000, -0.000000000000000000, -1.000000000000000000 ) ) ;
#626 = CARTESIAN_POINT ( 'NONE',  ( 0.4750000000000000333, -0.2500000000000001110, 0.4962598425196849128 ) ) ;
#627 = EDGE_CURVE ( 'NONE', #523, #1373, #420, .T. ) ;
#628 = LINE ( 'NONE', #192, #1 ) ;
#629 = DIRECTION ( 'NONE',  ( -0.7071067811865432429, 0.000000000000000000, -0.7071067811865516806 ) ) ;
#630 = DIRECTION ( 'NONE',  ( 0.7071067811865516806, -0.000000000000000000, 0.7071067811865433539 ) ) ;
#631 = DIRECTION ( 'NONE',  ( 0.000000000000000000, 0.000000000000000000, 1.000000000000000000 ) ) ;
#632 = VECTOR ( 'NONE', #275, 39.37007874015748143 ) ;
#633 = CARTESIAN_POINT ( 'NONE',  ( 0.4750000000000000333, -1.054711873393898664E-16, 0.5462598425196849572 ) ) ;
#634 = CARTESIAN_POINT ( 'NONE',  ( 0.1250000000000000000, 1.000000000000000000, 0.6250000000000000000 ) ) ;
#635 =( LENGTH_UNIT ( ) NAMED_UNIT ( * ) SI_UNIT ( $, .METRE. ) );
#636 = EDGE_CURVE ( 'NONE', #1238, #31, #1171, .T. ) ;
#637 = DIRECTION ( 'NONE',  ( -1.000000000000000000, 0.000000000000000000, 0.000000000000000000 ) ) ;
#638 = EDGE_CURVE ( 'NONE', #897, #693, #1053, .T. ) ;
#639 = CARTESIAN_POINT ( 'NONE',  ( 0.7250000000000000888, -0.2500000000000001665, 0.000000000000000000 ) ) ;
#640 = DIRECTION ( 'NONE',  ( -0.000000000000000000, -0.000000000000000000, -1.000000000000000000 ) ) ;
#641 = DIRECTION ( 'NONE',  ( 0.000000000000000000, -0.000000000000000000, -1.000000000000000000 ) ) ;
#642 = VECTOR ( 'NONE', #1393, 39.37007874015748143 ) ;
#643 = VECTOR ( 'NONE', #12, 39.37007874015748143 ) ;
#644 = VERTEX_POINT ( 'NONE', #406 ) ;
#645 = FACE_OUTER_BOUND ( 'NONE', #1035, .T. ) ;
#646 = AXIS2_PLACEMENT_3D ( 'NONE', #750, #207, #308 ) ;
#647 = EDGE_CURVE ( 'NONE', #251, #415, #81, .T. ) ;
#648 = ORIENTED_EDGE ( 'NONE', *, *, #1352, .T. ) ;
#649 = CARTESIAN_POINT ( 'NONE',  ( -0.2500000000000000000, 0.7250000000000000888, 0.000000000000000000 ) ) ;
#650 = ORIENTED_EDGE ( 'NONE', *, *, #772, .T. ) ;
#651 = FACE_OUTER_BOUND ( 'NONE', #1399, .T. ) ;
#652 = ADVANCED_FACE ( 'NONE', ( #612 ), #504, .T. ) ;
#653 = CARTESIAN_POINT ( 'NONE',  ( 0.000000000000000000, 1.000000000000000000, 0.000000000000000000 ) ) ;
#654 = LINE ( 'NONE', #1345, #2 ) ;
#655 = ORIENTED_EDGE ( 'NONE', *, *, #978, .T. ) ;
#656 = ORIENTED_EDGE ( 'NONE', *, *, #638, .F. ) ;
#657 = AXIS2_PLACEMENT_3D ( 'NONE', #1322, #317, #884 ) ;
#658 = CARTESIAN_POINT ( 'NONE',  ( 0.7250000000000000888, -0.2699999999999998512, 0.6449999999999997957 ) ) ;
#659 = AXIS2_PLACEMENT_3D ( 'NONE', #316, #440, #329 ) ;
#660 = PLANE ( 'NONE',  #922 ) ;
#661 = AXIS2_PLACEMENT_3D ( 'NONE', #757, #529, #870 ) ;
#662 = CARTESIAN_POINT ( 'NONE',  ( -0.3681102362204724532, 0.7250000000000000888, 0.5462598425196849572 ) ) ;
#663 = CARTESIAN_POINT ( 'NONE',  ( 1.000000000000000000, 0.000000000000000000, 0.6250000000000000000 ) ) ;
#664 = ORIENTED_EDGE ( 'NONE', *, *, #556, .F. ) ;
#665 = EDGE_LOOP ( 'NONE', ( #277, #1068, #1148, #77, #50, #1272, #913, #1104, #712, #300, #1290, #454 ) ) ;
#666 = CARTESIAN_POINT ( 'NONE',  ( 0.000000000000000000, 0.000000000000000000, 0.000000000000000000 ) ) ;
#667 = CARTESIAN_POINT ( 'NONE',  ( 0.7250000000000001998, -0.3681102362204726197, 0.5868897637795279509 ) ) ;
#668 = VECTOR ( 'NONE', #869, 39.37007874015748143 ) ;
#669 = DIRECTION ( 'NONE',  ( -1.000000000000000000, -0.000000000000000000, -0.000000000000000000 ) ) ;
#670 = CARTESIAN_POINT ( 'NONE',  ( 0.7250000000000001998, -0.3681102362204726197, 0.5868897637795279509 ) ) ;
#671 = EDGE_CURVE ( 'NONE', #1039, #415, #387, .T. ) ;
#672 = ORIENTED_EDGE ( 'NONE', *, *, #589, .F. ) ;
#673 = ORIENTED_EDGE ( 'NONE', *, *, #1416, .T. ) ;
#674 = EDGE_CURVE ( 'NONE', #56, #596, #311, .T. ) ;
#675 = FACE_OUTER_BOUND ( 'NONE', #1177, .T. ) ;
#676 = ORIENTED_EDGE ( 'NONE', *, *, #638, .T. ) ;
#677 = LINE ( 'NONE', #1330, #152 ) ;
#678 = DIRECTION ( 'NONE',  ( 0.000000000000000000, 0.000000000000000000, 1.000000000000000000 ) ) ;
#679 = ORIENTED_EDGE ( 'NONE', *, *, #409, .T. ) ;
#680 = ORIENTED_EDGE ( 'NONE', *, *, #765, .T. ) ;
#681 = APPLICATION_PROTOCOL_DEFINITION ( 'draft international standard', 'automotive_design', 1998, #1350 ) ;
#682 = AXIS2_PLACEMENT_3D ( 'NONE', #787, #1023, #139 ) ;
#683 = EDGE_CURVE ( 'NONE', #1371, #802, #173, .T. ) ;
#684 = LINE ( 'NONE', #272, #571 ) ;
#685 = ORIENTED_EDGE ( 'NONE', *, *, #324, .T. ) ;
#686 = VECTOR ( 'NONE', #457, 39.37007874015748143 ) ;
#687 = EDGE_LOOP ( 'NONE', ( #398, #1347, #336, #947 ) ) ;
#688 = VECTOR ( 'NONE', #437, 39.37007874015748143 ) ;
#689 = PRESENTATION_LAYER_ASSIGNMENT (  '', '', ( #444 ) ) ;
#690 = DIRECTION ( 'NONE',  ( -1.000000000000000000, -0.000000000000000000, -0.000000000000000000 ) ) ;
#691 = LINE ( 'NONE', #670, #779 ) ;
#692 = EDGE_LOOP ( 'NONE', ( #777, #1247, #728, #1259 ) ) ;
#693 = VERTEX_POINT ( 'NONE', #510 ) ;
#694 = CARTESIAN_POINT ( 'NONE',  ( 0.4750000000000000333, -0.2699999999999999067, -0.02000000000000005940 ) ) ;
#695 = ORIENTED_EDGE ( 'NONE', *, *, #128, .T. ) ;
#696 = ORIENTED_EDGE ( 'NONE', *, *, #1306, .F. ) ;
#697 = VECTOR ( 'NONE', #630, 39.37007874015748854 ) ;
#698 = PLANE ( 'NONE',  #1109 ) ;
#699 = DIRECTION ( 'NONE',  ( 0.000000000000000000, 1.000000000000000000, -0.000000000000000000 ) ) ;
#700 = ORIENTED_EDGE ( 'NONE', *, *, #1061, .T. ) ;
#701 = ORIENTED_EDGE ( 'NONE', *, *, #219, .F. ) ;
#702 = EDGE_LOOP ( 'NONE', ( #36, #578, #1006, #769, #585, #232, #1144 ) ) ;
#703 = DIRECTION ( 'NONE',  ( -0.7071067811865432429, 0.000000000000000000, -0.7071067811865516806 ) ) ;
#704 = ORIENTED_EDGE ( 'NONE', *, *, #133, .F. ) ;
#705 = ORIENTED_EDGE ( 'NONE', *, *, #1361, .F. ) ;
#706 = ADVANCED_FACE ( 'NONE', ( #724 ), #848, .F. ) ;
#707 = EDGE_CURVE ( 'NONE', #770, #896, #397, .T. ) ;
#708 = EDGE_CURVE ( 'NONE', #1380, #248, #1301, .T. ) ;
#709 = CARTESIAN_POINT ( 'NONE',  ( -0.3099999999999998868, 0.7250000000000000888, 0.6449999999999997957 ) ) ;
#710 = CARTESIAN_POINT ( 'NONE',  ( 0.4750000000000000333, -0.2699999999999997957, 0.6449999999999997957 ) ) ;
#711 = ORIENTED_EDGE ( 'NONE', *, *, #274, .F. ) ;
#712 = ORIENTED_EDGE ( 'NONE', *, *, #1100, .T. ) ;
#713 = FACE_OUTER_BOUND ( 'NONE', #155, .T. ) ;
#714 = CARTESIAN_POINT ( 'NONE',  ( 0.4750000000000000333, -0.2500000000000000000, 0.1287401574803149762 ) ) ;
#715 = ORIENTED_EDGE ( 'NONE', *, *, #1352, .F. ) ;
#716 = VERTEX_POINT ( 'NONE', #633 ) ;
#717 = VECTOR ( 'NONE', #1292, 39.37007874015748143 ) ;
#718 = VECTOR ( 'NONE', #631, 39.37007874015748143 ) ;
#719 = DIRECTION ( 'NONE',  ( 0.000000000000000000, 1.000000000000000000, 0.000000000000000000 ) ) ;
#720 = SURFACE_STYLE_FILL_AREA ( #276 ) ;
#721 =( GEOMETRIC_REPRESENTATION_CONTEXT ( 3 ) GLOBAL_UNCERTAINTY_ASSIGNED_CONTEXT ( ( #1267 ) ) GLOBAL_UNIT_ASSIGNED_CONTEXT ( ( #1231, #1007, #1358 ) ) REPRESENTATION_CONTEXT ( 'NONE', 'WORKASPACE' ) );
#722 = EDGE_LOOP ( 'NONE', ( #164, #1049, #735, #261 ) ) ;
#723 = PLANE ( 'NONE',  #1045 ) ;
#724 = FACE_OUTER_BOUND ( 'NONE', #390, .T. ) ;
#725 = VERTEX_POINT ( 'NONE', #714 ) ;
#726 = DIRECTION ( 'NONE',  ( 0.000000000000000000, 0.000000000000000000, 1.000000000000000000 ) ) ;
#727 = DIRECTION ( 'NONE',  ( 0.000000000000000000, 0.000000000000000000, 1.000000000000000000 ) ) ;
#728 = ORIENTED_EDGE ( 'NONE', *, *, #1036, .F. ) ;
#729 = CARTESIAN_POINT ( 'NONE',  ( 0.4750000000000000333, -0.2500000000000000000, 0.1287401574803149762 ) ) ;
#730 = EDGE_CURVE ( 'NONE', #716, #447, #1070, .T. ) ;
#731 = DIRECTION ( 'NONE',  ( 2.220446049250312588E-16, -1.000000000000000000, -0.000000000000000000 ) ) ;
#732 = ORIENTED_EDGE ( 'NONE', *, *, #611, .T. ) ;
#733 = CARTESIAN_POINT ( 'NONE',  ( 0.4750000000000000333, -0.2500000000000001110, 0.6249999999999998890 ) ) ;
#734 = ORIENTED_EDGE ( 'NONE', *, *, #1179, .F. ) ;
#735 = ORIENTED_EDGE ( 'NONE', *, *, #749, .F. ) ;
#736 = DIRECTION ( 'NONE',  ( 1.000000000000000000, 0.000000000000000000, 0.000000000000000000 ) ) ;
#737 = EDGE_CURVE ( 'NONE', #1032, #369, #959, .T. ) ;
#738 = LINE ( 'NONE', #1083, #550 ) ;
#739 = ORIENTED_EDGE ( 'NONE', *, *, #1158, .F. ) ;
#740 = LINE ( 'NONE', #773, #1072 ) ;
#741 = CARTESIAN_POINT ( 'NONE',  ( -0.3681102362204724532, 0.7250000000000000888, 0.07874015748031495954 ) ) ;
#742 = VECTOR ( 'NONE', #290, 39.37007874015748143 ) ;
#743 = ORIENTED_EDGE ( 'NONE', *, *, #556, .T. ) ;
#744 = AXIS2_PLACEMENT_3D ( 'NONE', #614, #699, #1289 ) ;
#745 = CARTESIAN_POINT ( 'NONE',  ( -0.2500000000000000000, 0.4749999999999999778, 3.367778697655221258E-17 ) ) ;
#746 = DIRECTION ( 'NONE',  ( 2.220446049250312588E-16, -1.000000000000000000, -0.000000000000000000 ) ) ;
#747 = DIRECTION ( 'NONE',  ( 0.000000000000000000, 1.000000000000000000, -0.000000000000000000 ) ) ;
#748 = LINE ( 'NONE', #422, #755 ) ;
#749 = EDGE_CURVE ( 'NONE', #999, #1256, #738, .T. ) ;
#750 = CARTESIAN_POINT ( 'NONE',  ( 0.7250000000000000888, -0.2500000000000001665, 0.000000000000000000 ) ) ;
#751 = DIRECTION ( 'NONE',  ( 1.000000000000000000, -2.220446049250312341E-16, -0.000000000000000000 ) ) ;
#752 = CARTESIAN_POINT ( 'NONE',  ( -0.2699999999999996847, 0.7250000000000000888, 0.6449999999999997957 ) ) ;
#753 = LINE ( 'NONE', #968, #1228 ) ;
#754 = FACE_OUTER_BOUND ( 'NONE', #1230, .T. ) ;
#755 = VECTOR ( 'NONE', #1197, 39.37007874015748143 ) ;
#756 = CARTESIAN_POINT ( 'NONE',  ( 0.000000000000000000, 1.000000000000000000, 0.6250000000000000000 ) ) ;
#757 = CARTESIAN_POINT ( 'NONE',  ( -0.3099999999999997757, 0.4750000000000000333, -0.02000000000000005940 ) ) ;
#758 = VECTOR ( 'NONE', #941, 39.37007874015748143 ) ;
#759 = AXIS2_PLACEMENT_3D ( 'NONE', #1066, #600, #512 ) ;
#760 = LINE ( 'NONE', #1213, #1173 ) ;
#761 = CARTESIAN_POINT ( 'NONE',  ( -0.2500000000000000000, 0.7250000000000000888, 0.6249999999999998890 ) ) ;
#762 = PLANE ( 'NONE',  #235 ) ;
#763 = VECTOR ( 'NONE', #640, 39.37007874015748143 ) ;
#764 = EDGE_CURVE ( 'NONE', #1298, #122, #839, .T. ) ;
#765 = EDGE_CURVE ( 'NONE', #251, #999, #94, .T. ) ;
#766 = LINE ( 'NONE', #307, #345 ) ;
#767 = DIRECTION ( 'NONE',  ( -0.000000000000000000, 1.000000000000000000, -0.000000000000000000 ) ) ;
#768 = DIRECTION ( 'NONE',  ( -1.570092458683765306E-16, 0.7071067811865432429, -0.7071067811865516806 ) ) ;
#769 = ORIENTED_EDGE ( 'NONE', *, *, #23, .T. ) ;
#770 = VERTEX_POINT ( 'NONE', #1163 ) ;
#771 = CARTESIAN_POINT ( 'NONE',  ( 0.7250000000000000888, -9.268613872904110064E-17, 0.1287401574803151150 ) ) ;
#772 = EDGE_CURVE ( 'NONE', #342, #161, #279, .T. ) ;
#773 = CARTESIAN_POINT ( 'NONE',  ( 0.4750000000000000333, -0.2500000000000001110, 3.367778697655221258E-17 ) ) ;
#774 = CARTESIAN_POINT ( 'NONE',  ( 0.4750000000000001998, -0.3681102362204725642, 0.03811023622047196580 ) ) ;
#775 = CARTESIAN_POINT ( 'NONE',  ( -0.3681102362204724532, 0.7250000000000000888, 0.5868897637795279509 ) ) ;
#776 = EDGE_LOOP ( 'NONE', ( #1018, #399, #701, #588 ) ) ;
#777 = ORIENTED_EDGE ( 'NONE', *, *, #522, .T. ) ;
#778 = AXIS2_PLACEMENT_3D ( 'NONE', #1174, #184, #69 ) ;
#779 = VECTOR ( 'NONE', #120, 39.37007874015748143 ) ;
#780 = CARTESIAN_POINT ( 'NONE',  ( -0.2500000000000000000, 0.7250000000000000888, 0.4962598425196849128 ) ) ;
#781 = ADVANCED_FACE ( 'NONE', ( #966 ), #530, .F. ) ;
#782 = ADVANCED_FACE ( 'NONE', ( #1204 ), #1105, .F. ) ;
#783 = CARTESIAN_POINT ( 'NONE',  ( 0.7250000000000001998, -0.3099999999999998868, -0.02000000000000005940 ) ) ;
#784 = LINE ( 'NONE', #1020, #236 ) ;
#785 = ORIENTED_EDGE ( 'NONE', *, *, #211, .F. ) ;
#786 = VERTEX_POINT ( 'NONE', #545 ) ;
#787 = CARTESIAN_POINT ( 'NONE',  ( 0.000000000000000000, 0.000000000000000000, 0.6250000000000000000 ) ) ;
#788 = CARTESIAN_POINT ( 'NONE',  ( 0.7250000000000001998, -0.3681102362204726197, 0.07874015748031495954 ) ) ;
#789 = VECTOR ( 'NONE', #719, 39.37007874015748143 ) ;
#790 = CARTESIAN_POINT ( 'NONE',  ( 0.000000000000000000, 0.000000000000000000, 0.6250000000000000000 ) ) ;
#791 = CARTESIAN_POINT ( 'NONE',  ( -0.3099999999999997757, 0.7250000000000000888, -0.02000000000000005940 ) ) ;
#792 = ORIENTED_EDGE ( 'NONE', *, *, #435, .T. ) ;
#793 = ORIENTED_EDGE ( 'NONE', *, *, #885, .T. ) ;
#794 = PLANE ( 'NONE',  #682 ) ;
#795 = CARTESIAN_POINT ( 'NONE',  ( 0.000000000000000000, 0.4750000000000000333, 0.4962598425196849128 ) ) ;
#796 = ORIENTED_EDGE ( 'NONE', *, *, #772, .F. ) ;
#797 = DIRECTION ( 'NONE',  ( -1.000000000000000000, 0.000000000000000000, 0.000000000000000000 ) ) ;
#798 = LINE ( 'NONE', #1130, #171 ) ;
#799 = EDGE_LOOP ( 'NONE', ( #241, #516, #956, #423 ) ) ;
#800 = ORIENTED_EDGE ( 'NONE', *, *, #1100, .F. ) ;
#801 = CARTESIAN_POINT ( 'NONE',  ( 0.000000000000000000, 0.4749999999999999778, 3.367778697655221258E-17 ) ) ;
#802 = VERTEX_POINT ( 'NONE', #771 ) ;
#803 = AXIS2_PLACEMENT_3D ( 'NONE', #829, #818, #525 ) ;
#804 = ORIENTED_EDGE ( 'NONE', *, *, #627, .T. ) ;
#805 = AXIS2_PLACEMENT_3D ( 'NONE', #1050, #1040, #736 ) ;
#806 = CARTESIAN_POINT ( 'NONE',  ( 6.829619984160658046E-17, 0.4750000000000000333, 0.1287401574803151150 ) ) ;
#807 = FACE_OUTER_BOUND ( 'NONE', #993, .T. ) ;
#808 = EDGE_LOOP ( 'NONE', ( #1297, #129, #62, #792 ) ) ;
#809 = LINE ( 'NONE', #795, #1134 ) ;
#810 = ORIENTED_EDGE ( 'NONE', *, *, #1306, .T. ) ;
#811 = EDGE_CURVE ( 'NONE', #786, #1371, #214, .T. ) ;
#812 = VERTEX_POINT ( 'NONE', #8 ) ;
#813 = CARTESIAN_POINT ( 'NONE',  ( -0.3099999999999998868, 0.4750000000000000333, 0.6449999999999997957 ) ) ;
#814 = FACE_OUTER_BOUND ( 'NONE', #1377, .T. ) ;
#815 = ORIENTED_EDGE ( 'NONE', *, *, #1224, .T. ) ;
#816 = ORIENTED_EDGE ( 'NONE', *, *, #1158, .T. ) ;
#817 = LINE ( 'NONE', #386, #288 ) ;
#818 = DIRECTION ( 'NONE',  ( 1.570092458683765552E-16, 0.7071067811865433539, -0.7071067811865516806 ) ) ;
#819 = VERTEX_POINT ( 'NONE', #1315 ) ;
#820 = ADVANCED_FACE ( 'NONE', ( #321 ), #441, .T. ) ;
#821 = ORIENTED_EDGE ( 'NONE', *, *, #1095, .T. ) ;
#822 = APPLICATION_CONTEXT ( 'automotive_design' ) ;
#823 = DIRECTION ( 'NONE',  ( 1.000000000000000000, 2.220446049250312341E-16, 0.000000000000000000 ) ) ;
#824 = CARTESIAN_POINT ( 'NONE',  ( 0.7250000000000000888, -0.2500000000000000555, 0.1287401574803149762 ) ) ;
#825 = VERTEX_POINT ( 'NONE', #877 ) ;
#826 = ORIENTED_EDGE ( 'NONE', *, *, #409, .F. ) ;
#827 = ORIENTED_EDGE ( 'NONE', *, *, #348, .F. ) ;
#828 = CARTESIAN_POINT ( 'NONE',  ( 0.7250000000000000888, -0.2500000000000001665, 0.000000000000000000 ) ) ;
#829 = CARTESIAN_POINT ( 'NONE',  ( 0.4750000000000001998, -0.3099999999999999978, 0.6449999999999997957 ) ) ;
#830 = ORIENTED_EDGE ( 'NONE', *, *, #978, .F. ) ;
#831 = VECTOR ( 'NONE', #382, 39.37007874015748143 ) ;
#832 = VECTOR ( 'NONE', #34, 39.37007874015748143 ) ;
#833 = FACE_OUTER_BOUND ( 'NONE', #147, .T. ) ;
#834 = LINE ( 'NONE', #710, #900 ) ;
#835 = EDGE_CURVE ( 'NONE', #1340, #1372, #1094, .T. ) ;
#836 = VERTEX_POINT ( 'NONE', #1200 ) ;
#837 = ORIENTED_EDGE ( 'NONE', *, *, #99, .F. ) ;
#838 = PLANE ( 'NONE',  #102 ) ;
#839 = LINE ( 'NONE', #626, #215 ) ;
#840 = UNCERTAINTY_MEASURE_WITH_UNIT (LENGTH_MEASURE( 1.000000000000000082E-05 ), #318, 'distance_accuracy_value', 'NONE');
#841 = CARTESIAN_POINT ( 'NONE',  ( -0.2699999999999996847, 0.4750000000000000333, 0.6449999999999997957 ) ) ;
#842 = DIRECTION ( 'NONE',  ( 0.000000000000000000, 1.000000000000000000, 0.000000000000000000 ) ) ;
#843 = VECTOR ( 'NONE', #767, 39.37007874015748143 ) ;
#844 = EDGE_CURVE ( 'NONE', #56, #415, #331, .T. ) ;
#845 = ORIENTED_EDGE ( 'NONE', *, *, #856, .T. ) ;
#846 = ORIENTED_EDGE ( 'NONE', *, *, #428, .F. ) ;
#847 = LINE ( 'NONE', #518, #1206 ) ;
#848 = PLANE ( 'NONE',  #803 ) ;
#849 = ADVANCED_FACE ( 'NONE', ( #754 ), #762, .F. ) ;
#850 = ORIENTED_EDGE ( 'NONE', *, *, #887, .F. ) ;
#851 = EDGE_CURVE ( 'NONE', #939, #1192, #871, .T. ) ;
#852 = CARTESIAN_POINT ( 'NONE',  ( 6.829619984160658046E-17, 0.7250000000000000888, 0.1287401574803151150 ) ) ;
#853 = FACE_OUTER_BOUND ( 'NONE', #1368, .T. ) ;
#854 = LINE ( 'NONE', #212, #763 ) ;
#855 = CARTESIAN_POINT ( 'NONE',  ( 0.4750000000000001998, -0.3681102362204725642, 0.07874015748031495954 ) ) ;
#856 = EDGE_CURVE ( 'NONE', #1373, #296, #224, .T. ) ;
#857 = DIRECTION ( 'NONE',  ( 1.000000000000000000, -0.000000000000000000, -0.000000000000000000 ) ) ;
#858 = VECTOR ( 'NONE', #1222, 39.37007874015748143 ) ;
#859 = PLANE ( 'NONE',  #1162 ) ;
#860 = VECTOR ( 'NONE', #1116, 39.37007874015748143 ) ;
#861 = CARTESIAN_POINT ( 'NONE',  ( 0.000000000000000000, 0.7250000000000000888, 0.000000000000000000 ) ) ;
#862 = DIRECTION ( 'NONE',  ( -0.000000000000000000, 1.000000000000000000, -5.463695987328525451E-16 ) ) ;
#863 = EDGE_CURVE ( 'NONE', #45, #1372, #325, .T. ) ;
#864 = EDGE_CURVE ( 'NONE', #693, #141, #537, .T. ) ;
#865 = DIRECTION ( 'NONE',  ( 2.220446049250312341E-16, 1.000000000000000000, -0.000000000000000000 ) ) ;
#866 = DIRECTION ( 'NONE',  ( 0.000000000000000000, -0.000000000000000000, -1.000000000000000000 ) ) ;
#867 = CARTESIAN_POINT ( 'NONE',  ( 0.000000000000000000, 0.7250000000000000888, 0.4962598425196849128 ) ) ;
#868 = LINE ( 'NONE', #208, #1253 ) ;
#869 = DIRECTION ( 'NONE',  ( 0.000000000000000000, 1.000000000000000000, 0.000000000000000000 ) ) ;
#870 = DIRECTION ( 'NONE',  ( -0.7071067811865516806, 0.000000000000000000, 0.7071067811865433539 ) ) ;
#871 = LINE ( 'NONE', #1325, #1042 ) ;
#872 = CARTESIAN_POINT ( 'NONE',  ( 0.4750000000000001998, -0.3681102362204725642, 0.07874015748031495954 ) ) ;
#873 = CARTESIAN_POINT ( 'NONE',  ( 0.4750000000000001998, -0.3681102362204725642, 0.03811023622047196580 ) ) ;
#874 = AXIS2_PLACEMENT_3D ( 'NONE', #1211, #1099, #218 ) ;
#875 = ADVANCED_FACE ( 'NONE', ( #1024 ), #899, .F. ) ;
#876 = AXIS2_PLACEMENT_3D ( 'NONE', #19, #151, #144 ) ;
#877 = CARTESIAN_POINT ( 'NONE',  ( 0.7250000000000000888, -2.438993888743452018E-17, 0.07874015748031509832 ) ) ;
#878 =( GEOMETRIC_REPRESENTATION_CONTEXT ( 3 ) GLOBAL_UNCERTAINTY_ASSIGNED_CONTEXT ( ( #840 ) ) GLOBAL_UNIT_ASSIGNED_CONTEXT ( ( #318, #315, #96 ) ) REPRESENTATION_CONTEXT ( 'NONE', 'WORKASPACE' ) );
#879 = CARTESIAN_POINT ( 'NONE',  ( 0.4750000000000001998, -0.3099999999999999978, 0.6449999999999997957 ) ) ;
#880 = LINE ( 'NONE', #320, #624 ) ;
#881 = EDGE_CURVE ( 'NONE', #475, #1172, #817, .T. ) ;
#882 = ORIENTED_EDGE ( 'NONE', *, *, #419, .T. ) ;
#883 = ORIENTED_EDGE ( 'NONE', *, *, #1029, .F. ) ;
#884 = DIRECTION ( 'NONE',  ( 2.220446049250312341E-16, -1.000000000000000000, 0.000000000000000000 ) ) ;
#885 = EDGE_CURVE ( 'NONE', #161, #939, #1178, .T. ) ;
#886 = LINE ( 'NONE', #960, #1326 ) ;
#887 = EDGE_CURVE ( 'NONE', #942, #223, #418, .T. ) ;
#888 = DIRECTION ( 'NONE',  ( 0.000000000000000000, 0.000000000000000000, 1.000000000000000000 ) ) ;
#889 = PLANE ( 'NONE',  #759 ) ;
#890 = ORIENTED_EDGE ( 'NONE', *, *, #1080, .F. ) ;
#891 = EDGE_LOOP ( 'NONE', ( #569, #68, #924, #673 ) ) ;
#892 = DIRECTION ( 'NONE',  ( 0.000000000000000000, 0.000000000000000000, 1.000000000000000000 ) ) ;
#893 = ADVANCED_FACE ( 'NONE', ( #940 ), #79, .F. ) ;
#894 = CARTESIAN_POINT ( 'NONE',  ( 1.000000000000000000, 0.000000000000000000, 0.6250000000000000000 ) ) ;
#895 = FACE_OUTER_BOUND ( 'NONE', #1046, .T. ) ;
#896 = VERTEX_POINT ( 'NONE', #289 ) ;
#897 = VERTEX_POINT ( 'NONE', #745 ) ;
#898 = AXIS2_PLACEMENT_3D ( 'NONE', #531, #865, #430 ) ;
#899 = PLANE ( 'NONE',  #975 ) ;
#900 = VECTOR ( 'NONE', #1175, 39.37007874015748143 ) ;
#901 = CARTESIAN_POINT ( 'NONE',  ( 0.4750000000000000333, -3.717498749778328595E-17, 0.1287401574803151150 ) ) ;
#902 = AXIS2_PLACEMENT_3D ( 'NONE', #1312, #1303, #629 ) ;
#903 = DIRECTION ( 'NONE',  ( -0.7071067811865516806, 0.000000000000000000, 0.7071067811865433539 ) ) ;
#904 = CARTESIAN_POINT ( 'NONE',  ( -0.2500000000000000000, 0.4750000000000000333, 0.4962598425196849128 ) ) ;
#905 = ORIENTED_EDGE ( 'NONE', *, *, #730, .F. ) ;
#906 = ORIENTED_EDGE ( 'NONE', *, *, #1244, .T. ) ;
#907 = CARTESIAN_POINT ( 'NONE',  ( -0.3681102362204724532, 0.4750000000000000333, 0.03811023622047196580 ) ) ;
#908 = VECTOR ( 'NONE', #1226, 39.37007874015748143 ) ;
#909 = EDGE_CURVE ( 'NONE', #447, #896, #965, .T. ) ;
#910 = FACE_BOUND ( 'NONE', #692, .T. ) ;
#911 = LINE ( 'NONE', #1108, #117 ) ;
#912 = ORIENTED_EDGE ( 'NONE', *, *, #749, .T. ) ;
#913 = ORIENTED_EDGE ( 'NONE', *, *, #39, .F. ) ;
#914 = LINE ( 'NONE', #1367, #116 ) ;
#915 = ORIENTED_EDGE ( 'NONE', *, *, #863, .T. ) ;
#916 = ORIENTED_EDGE ( 'NONE', *, *, #1095, .F. ) ;
#917 = CARTESIAN_POINT ( 'NONE',  ( 0.7250000000000000888, -0.2699999999999999623, -0.02000000000000005940 ) ) ;
#918 = DIRECTION ( 'NONE',  ( 1.000000000000000000, -0.000000000000000000, -0.000000000000000000 ) ) ;
#919 = ORIENTED_EDGE ( 'NONE', *, *, #590, .F. ) ;
#920 = EDGE_CURVE ( 'NONE', #388, #248, #847, .T. ) ;
#921 = CARTESIAN_POINT ( 'NONE',  ( 0.4750000000000000333, -0.2500000000000001110, 0.000000000000000000 ) ) ;
#922 = AXIS2_PLACEMENT_3D ( 'NONE', #1114, #114, #91 ) ;
#923 = PRODUCT_DEFINITION_CONTEXT ( 'detailed design', #1350, 'design' ) ;
#924 = ORIENTED_EDGE ( 'NONE', *, *, #851, .F. ) ;
#925 = VECTOR ( 'NONE', #1004, 39.37007874015748143 ) ;
#926 = PLANE ( 'NONE',  #778 ) ;
#927 = SURFACE_STYLE_USAGE ( .BOTH. , #1168 ) ;
#928 = ORIENTED_EDGE ( 'NONE', *, *, #536, .T. ) ;
#929 = ORIENTED_EDGE ( 'NONE', *, *, #811, .F. ) ;
#930 = ORIENTED_EDGE ( 'NONE', *, *, #110, .T. ) ;
#931 = ADVANCED_FACE ( 'NONE', ( #713 ), #838, .T. ) ;
#932 = LINE ( 'NONE', #616, #574 ) ;
#933 = LINE ( 'NONE', #907, #1252 ) ;
#934 = ORIENTED_EDGE ( 'NONE', *, *, #1233, .F. ) ;
#935 = VERTEX_POINT ( 'NONE', #396 ) ;
#936 = DIRECTION ( 'NONE',  ( 1.000000000000000000, 0.000000000000000000, 0.000000000000000000 ) ) ;
#937 = DIRECTION ( 'NONE',  ( 1.000000000000000000, -2.220446049250312341E-16, 0.000000000000000000 ) ) ;
#938 = ORIENTED_EDGE ( 'NONE', *, *, #1251, .F. ) ;
#939 = VERTEX_POINT ( 'NONE', #855 ) ;
#940 = FACE_OUTER_BOUND ( 'NONE', #359, .T. ) ;
#941 = DIRECTION ( 'NONE',  ( -2.220446049250312588E-16, 1.000000000000000000, 5.463695987328527423E-16 ) ) ;
#942 = VERTEX_POINT ( 'NONE', #828 ) ;
#943 = ORIENTED_EDGE ( 'NONE', *, *, #435, .F. ) ;
#944 = EDGE_CURVE ( 'NONE', #812, #802, #932, .T. ) ;
#945 = LINE ( 'NONE', #841, #962 ) ;
#946 = CARTESIAN_POINT ( 'NONE',  ( 0.000000000000000000, 0.7250000000000000888, 0.000000000000000000 ) ) ;
#947 = ORIENTED_EDGE ( 'NONE', *, *, #456, .T. ) ;
#948 = DIRECTION ( 'NONE',  ( 0.000000000000000000, 0.000000000000000000, 1.000000000000000000 ) ) ;
#949 = DIRECTION ( 'NONE',  ( -1.000000000000000000, -0.000000000000000000, -0.000000000000000000 ) ) ;
#950 = ORIENTED_EDGE ( 'NONE', *, *, #75, .T. ) ;
#951 = VECTOR ( 'NONE', #183, 39.37007874015748143 ) ;
#952 = VECTOR ( 'NONE', #393, 39.37007874015748143 ) ;
#953 = LINE ( 'NONE', #1065, #632 ) ;
#954 = FACE_OUTER_BOUND ( 'NONE', #486, .T. ) ;
#955 = AXIS2_PLACEMENT_3D ( 'NONE', #431, #1420, #866 ) ;
#956 = ORIENTED_EDGE ( 'NONE', *, *, #811, .T. ) ;
#957 = EDGE_LOOP ( 'NONE', ( #1396, #508, #460, #938, #146, #455, #61 ) ) ;
#958 = LINE ( 'NONE', #196, #1346 ) ;
#959 = LINE ( 'NONE', #414, #487 ) ;
#960 = CARTESIAN_POINT ( 'NONE',  ( 0.7250000000000000888, -1.609823385706476688E-16, 0.000000000000000000 ) ) ;
#961 = DIRECTION ( 'NONE',  ( -0.000000000000000000, -0.000000000000000000, 1.000000000000000000 ) ) ;
#962 = VECTOR ( 'NONE', #1404, 39.37007874015748143 ) ;
#963 = EDGE_CURVE ( 'NONE', #500, #470, #503, .T. ) ;
#964 = LINE ( 'NONE', #1097, #90 ) ;
#965 = LINE ( 'NONE', #412, #347 ) ;
#966 = FACE_OUTER_BOUND ( 'NONE', #573, .T. ) ;
#967 = PLANE ( 'NONE',  #310 ) ;
#968 = CARTESIAN_POINT ( 'NONE',  ( 0.1250000000000000000, 1.000000000000000000, 0.6250000000000000000 ) ) ;
#969 = EDGE_CURVE ( 'NONE', #160, #1118, #297, .T. ) ;
#970 = DIRECTION ( 'NONE',  ( -1.570092458683784041E-16, 0.7071067811865516806, 0.7071067811865433539 ) ) ;
#971 = PRODUCT_DEFINITION_SHAPE ( 'NONE', 'NONE',  #230 ) ;
#972 = VECTOR ( 'NONE', #344, 39.37007874015748143 ) ;
#973 = CARTESIAN_POINT ( 'NONE',  ( 0.4750000000000001998, -0.3099999999999998312, -0.02000000000000005940 ) ) ;
#974 = PRESENTATION_STYLE_ASSIGNMENT (( #927 ) ) ;
#975 = AXIS2_PLACEMENT_3D ( 'NONE', #509, #304, #1284 ) ;
#976 = CARTESIAN_POINT ( 'NONE',  ( 1.000000000000000000, 0.1250000000000000000, 0.000000000000000000 ) ) ;
#977 = CARTESIAN_POINT ( 'NONE',  ( -0.2499999999999998890, 0.7250000000000000888, 0.1287401574803149762 ) ) ;
#978 = EDGE_CURVE ( 'NONE', #501, #1348, #958, .T. ) ;
#979 = ORIENTED_EDGE ( 'NONE', *, *, #522, .F. ) ;
#980 = VECTOR ( 'NONE', #340, 39.37007874015748854 ) ;
#981 = CARTESIAN_POINT ( 'NONE',  ( -0.3681102362204724532, 0.4750000000000000333, 0.03811023622047196580 ) ) ;
#982 = CARTESIAN_POINT ( 'NONE',  ( 0.4750000000000000333, -0.2500000000000001110, 0.6249999999999998890 ) ) ;
#983 = CARTESIAN_POINT ( 'NONE',  ( 0.000000000000000000, 0.000000000000000000, 0.000000000000000000 ) ) ;
#984 = EDGE_CURVE ( 'NONE', #725, #577, #1305, .T. ) ;
#985 = ORIENTED_EDGE ( 'NONE', *, *, #456, .F. ) ;
#986 = DIRECTION ( 'NONE',  ( -1.000000000000000000, -0.000000000000000000, -0.000000000000000000 ) ) ;
#987 = EDGE_CURVE ( 'NONE', #577, #1298, #64, .T. ) ;
#988 = ADVANCED_FACE ( 'NONE', ( #594 ), #723, .F. ) ;
#989 = DIRECTION ( 'NONE',  ( 0.7071067811865432429, -0.000000000000000000, -0.7071067811865516806 ) ) ;
#990 = CARTESIAN_POINT ( 'NONE',  ( 0.4750000000000000333, -3.717498749778328595E-17, 0.1287401574803151150 ) ) ;
#991 = VECTOR ( 'NONE', #703, 39.37007874015748854 ) ;
#992 = EDGE_CURVE ( 'NONE', #1192, #825, #1193, .T. ) ;
#993 = EDGE_LOOP ( 'NONE', ( #1054, #715, #366, #149 ) ) ;
#994 = AXIS2_PLACEMENT_3D ( 'NONE', #649, #202, #641 ) ;
#995 = ADVANCED_FACE ( 'NONE', ( #1170 ), #494, .T. ) ;
#996 = CARTESIAN_POINT ( 'NONE',  ( 0.000000000000000000, 0.000000000000000000, 0.6250000000000000000 ) ) ;
#997 = FACE_OUTER_BOUND ( 'NONE', #1278, .T. ) ;
#998 = DIRECTION ( 'NONE',  ( 1.570092458683765306E-16, -0.7071067811865432429, -0.7071067811865516806 ) ) ;
#999 = VERTEX_POINT ( 'NONE', #1432 ) ;
#1000 = ORIENTED_EDGE ( 'NONE', *, *, #864, .F. ) ;
#1001 = ADVANCED_FACE ( 'NONE', ( #1098 ), #1321, .F. ) ;
#1002 = DIRECTION ( 'NONE',  ( -0.7071067811865474617, 0.7071067811865474617, -0.000000000000000000 ) ) ;
#1003 = PLANE ( 'NONE',  #582 ) ;
#1004 = DIRECTION ( 'NONE',  ( -0.7071067811865516806, 0.000000000000000000, 0.7071067811865433539 ) ) ;
#1005 = ORIENTED_EDGE ( 'NONE', *, *, #708, .F. ) ;
#1006 = ORIENTED_EDGE ( 'NONE', *, *, #881, .T. ) ;
#1007 =( NAMED_UNIT ( * ) PLANE_ANGLE_UNIT ( ) SI_UNIT ( $, .RADIAN. ) );
#1008 = CARTESIAN_POINT ( 'NONE',  ( -0.3681102362204724532, 0.7250000000000000888, 0.5462598425196849572 ) ) ;
#1009 = DIRECTION ( 'NONE',  ( -0.000000000000000000, -0.000000000000000000, -1.000000000000000000 ) ) ;
#1010 = CARTESIAN_POINT ( 'NONE',  ( 0.7250000000000000888, -0.2500000000000001665, 0.6249999999999998890 ) ) ;
#1011 = EDGE_LOOP ( 'NONE', ( #394, #270, #826, #191 ) ) ;
#1012 = ORIENTED_EDGE ( 'NONE', *, *, #377, .F. ) ;
#1013 = FACE_OUTER_BOUND ( 'NONE', #137, .T. ) ;
#1014 = VECTOR ( 'NONE', #746, 39.37007874015748143 ) ;
#1015 = AXIS2_PLACEMENT_3D ( 'NONE', #555, #239, #562 ) ;
#1016 = CARTESIAN_POINT ( 'NONE',  ( 0.4750000000000000333, -0.2500000000000001110, 3.367778697655221258E-17 ) ) ;
#1017 = PRODUCT_DEFINITION_FORMATION_WITH_SPECIFIED_SOURCE ( 'ANY', '', #346, .NOT_KNOWN. ) ;
#1018 = ORIENTED_EDGE ( 'NONE', *, *, #32, .T. ) ;
#1019 = LINE ( 'NONE', #33, #433 ) ;
#1020 = CARTESIAN_POINT ( 'NONE',  ( -0.2699999999999996847, 0.7250000000000000888, 0.6449999999999997957 ) ) ;
#1021 = ORIENTED_EDGE ( 'NONE', *, *, #254, .T. ) ;
#1022 = ORIENTED_EDGE ( 'NONE', *, *, #180, .T. ) ;
#1023 = DIRECTION ( 'NONE',  ( 0.000000000000000000, 0.000000000000000000, -1.000000000000000000 ) ) ;
#1024 = FACE_OUTER_BOUND ( 'NONE', #1164, .T. ) ;
#1025 = LINE ( 'NONE', #37, #991 ) ;
#1026 = CLOSED_SHELL ( 'NONE', ( #1258, #305, #5, #286, #820, #538, #1319, #1364, #265, #988, #781, #1385, #225, #132, #1101, #875, #1395, #1426, #527, #442, #1117, #1216, #1406, #995, #572, #1051, #294, #931, #1279, #169, #652, #389, #1149, #1093, #782, #1001, #63, #849, #313, #893, #355, #706, #1203, #438, #1300 ) ) ;
#1027 = ORIENTED_EDGE ( 'NONE', *, *, #190, .T. ) ;
#1028 = ORIENTED_EDGE ( 'NONE', *, *, #546, .F. ) ;
#1029 = EDGE_CURVE ( 'NONE', #381, #1340, #4, .T. ) ;
#1030 = CARTESIAN_POINT ( 'NONE',  ( 0.7250000000000000888, -1.609823385706476688E-16, 0.000000000000000000 ) ) ;
#1031 = ORIENTED_EDGE ( 'NONE', *, *, #86, .T. ) ;
#1032 = VERTEX_POINT ( 'NONE', #424 ) ;
#1033 = CARTESIAN_POINT ( 'NONE',  ( 0.7250000000000000888, -0.2500000000000001665, 0.6249999999999998890 ) ) ;
#1034 = ORIENTED_EDGE ( 'NONE', *, *, #1139, .F. ) ;
#1035 = EDGE_LOOP ( 'NONE', ( #934, #785, #930, #1031 ) ) ;
#1036 = EDGE_CURVE ( 'NONE', #577, #802, #1430, .T. ) ;
#1037 = FACE_OUTER_BOUND ( 'NONE', #256, .T. ) ;
#1038 = ORIENTED_EDGE ( 'NONE', *, *, #1335, .T. ) ;
#1039 = VERTEX_POINT ( 'NONE', #977 ) ;
#1040 = DIRECTION ( 'NONE',  ( 0.000000000000000000, -0.000000000000000000, 1.000000000000000000 ) ) ;
#1041 = EDGE_CURVE ( 'NONE', #31, #60, #323, .T. ) ;
#1042 = VECTOR ( 'NONE', #233, 39.37007874015748143 ) ;
#1043 = CARTESIAN_POINT ( 'NONE',  ( -0.2500000000000000000, 0.4750000000000000333, 0.6249999999999998890 ) ) ;
#1044 = EDGE_LOOP ( 'NONE', ( #929, #1137, #1012, #648 ) ) ;
#1045 = AXIS2_PLACEMENT_3D ( 'NONE', #309, #1409, #625 ) ;
#1046 = EDGE_LOOP ( 'NONE', ( #845, #429, #362, #816 ) ) ;
#1047 = PLANE ( 'NONE',  #1411 ) ;
#1048 = CARTESIAN_POINT ( 'NONE',  ( -0.2699999999999996847, 0.4750000000000000333, 0.6449999999999997957 ) ) ;
#1049 = ORIENTED_EDGE ( 'NONE', *, *, #472, .F. ) ;
#1050 = CARTESIAN_POINT ( 'NONE',  ( 0.4750000000000001998, -0.3681102362204725642, 0.5462598425196849572 ) ) ;
#1051 = ADVANCED_FACE ( 'NONE', ( #645 ), #446, .T. ) ;
#1052 = EDGE_CURVE ( 'NONE', #175, #515, #109, .T. ) ;
#1053 = LINE ( 'NONE', #1194, #1188 ) ;
#1054 = ORIENTED_EDGE ( 'NONE', *, *, #683, .F. ) ;
#1055 = VERTEX_POINT ( 'NONE', #1087 ) ;
#1056 = VECTOR ( 'NONE', #690, 39.37007874015748143 ) ;
#1057 = DIRECTION ( 'NONE',  ( 0.7071067811865517916, -0.000000000000000000, 0.7071067811865433539 ) ) ;
#1058 = CARTESIAN_POINT ( 'NONE',  ( 0.4749999999999999778, -1.054711873393898418E-16, 0.6250000000000000000 ) ) ;
#1059 = ORIENTED_EDGE ( 'NONE', *, *, #546, .T. ) ;
#1060 = DIRECTION ( 'NONE',  ( 0.000000000000000000, 0.000000000000000000, 1.000000000000000000 ) ) ;
#1061 = EDGE_CURVE ( 'NONE', #470, #1192, #222, .T. ) ;
#1062 = EDGE_CURVE ( 'NONE', #502, #644, #1103, .T. ) ;
#1063 = CARTESIAN_POINT ( 'NONE',  ( 0.7250000000000001998, -0.3100000000000000533, 0.6449999999999997957 ) ) ;
#1064 = ORIENTED_EDGE ( 'NONE', *, *, #156, .T. ) ;
#1065 = CARTESIAN_POINT ( 'NONE',  ( 0.7250000000000000888, -0.2500000000000001665, 0.000000000000000000 ) ) ;
#1066 = CARTESIAN_POINT ( 'NONE',  ( -0.3099999999999998868, 0.4750000000000000333, 0.6449999999999997957 ) ) ;
#1067 = EDGE_LOOP ( 'NONE', ( #608, #358, #121, #1140, #1038, #380, #375 ) ) ;
#1068 = ORIENTED_EDGE ( 'NONE', *, *, #864, .T. ) ;
#1069 = CARTESIAN_POINT ( 'NONE',  ( 0.7250000000000000888, -0.2500000000000001665, 0.000000000000000000 ) ) ;
#1070 = LINE ( 'NONE', #1410, #742 ) ;
#1071 = ADVANCED_BREP_SHAPE_REPRESENTATION ( 'CornerClip', ( #1387, #1138 ), #721 ) ;
#1072 = VECTOR ( 'NONE', #234, 39.37007874015748143 ) ;
#1073 = COLOUR_RGB ( '',0.7921568627450980005, 0.8196078431372548767, 0.9333333333333333481 ) ;
#1074 = CARTESIAN_POINT ( 'NONE',  ( -0.3681102362204724532, 0.4750000000000000333, 0.5462598425196849572 ) ) ;
#1075 = ORIENTED_EDGE ( 'NONE', *, *, #1062, .F. ) ;
#1076 = DIRECTION ( 'NONE',  ( 0.000000000000000000, -0.000000000000000000, 1.000000000000000000 ) ) ;
#1077 = DIRECTION ( 'NONE',  ( -1.000000000000000000, -0.000000000000000000, -0.000000000000000000 ) ) ;
#1078 = CARTESIAN_POINT ( 'NONE',  ( 0.000000000000000000, 0.7250000000000000888, 0.5462598425196849572 ) ) ;
#1079 = VECTOR ( 'NONE', #1102, 39.37007874015748143 ) ;
#1080 = EDGE_CURVE ( 'NONE', #1032, #1365, #868, .T. ) ;
#1081 = LINE ( 'NONE', #452, #107 ) ;
#1082 = LINE ( 'NONE', #761, #1375 ) ;
#1083 = CARTESIAN_POINT ( 'NONE',  ( -0.2500000000000000000, 0.4750000000000000333, 0.4962598425196849128 ) ) ;
#1084 = LINE ( 'NONE', #1106, #1308 ) ;
#1085 = PLANE ( 'NONE',  #902 ) ;
#1086 = CARTESIAN_POINT ( 'NONE',  ( 1.000000000000000000, 0.1250000000000000000, 0.6250000000000000000 ) ) ;
#1087 = CARTESIAN_POINT ( 'NONE',  ( 1.000000000000000000, 0.1250000000000000000, 0.6250000000000000000 ) ) ;
#1088 = EDGE_LOOP ( 'NONE', ( #78, #1184, #1125, #7 ) ) ;
#1089 = VECTOR ( 'NONE', #242, 39.37007874015748143 ) ;
#1090 = VECTOR ( 'NONE', #602, 39.37007874015748143 ) ;
#1091 = LINE ( 'NONE', #981, #354 ) ;
#1092 = DIRECTION ( 'NONE',  ( 1.000000000000000000, -0.000000000000000000, -0.000000000000000000 ) ) ;
#1093 = ADVANCED_FACE ( 'NONE', ( #1202 ), #1324, .F. ) ;
#1094 = LINE ( 'NONE', #1334, #48 ) ;
#1095 = EDGE_CURVE ( 'NONE', #1238, #1143, #753, .T. ) ;
#1096 = VECTOR ( 'NONE', #561, 39.37007874015748143 ) ;
#1097 = CARTESIAN_POINT ( 'NONE',  ( -0.3099999999999998868, 0.7250000000000000888, 0.6449999999999997957 ) ) ;
#1098 = FACE_OUTER_BOUND ( 'NONE', #687, .T. ) ;
#1099 = DIRECTION ( 'NONE',  ( 1.570092458683765306E-16, 0.7071067811865433539, 0.7071067811865516806 ) ) ;
#1100 = EDGE_CURVE ( 'NONE', #31, #187, #880, .T. ) ;
#1101 = ADVANCED_FACE ( 'NONE', ( #1214 ), #93, .F. ) ;
#1102 = DIRECTION ( 'NONE',  ( 1.000000000000000000, -2.220446049250312341E-16, 0.000000000000000000 ) ) ;
#1103 = LINE ( 'NONE', #1314, #1427 ) ;
#1104 = ORIENTED_EDGE ( 'NONE', *, *, #1041, .F. ) ;
#1105 = PLANE ( 'NONE',  #874 ) ;
#1106 = CARTESIAN_POINT ( 'NONE',  ( 0.4750000000000001998, -0.3681102362204725642, 0.03811023622047196580 ) ) ;
#1107 = CARTESIAN_POINT ( 'NONE',  ( -0.2500000000000000000, 0.7250000000000000888, 0.000000000000000000 ) ) ;
#1108 = CARTESIAN_POINT ( 'NONE',  ( 0.7250000000000000888, -0.2500000000000001665, 0.6249999999999998890 ) ) ;
#1109 = AXIS2_PLACEMENT_3D ( 'NONE', #1280, #1057, #1156 ) ;
#1110 = ORIENTED_EDGE ( 'NONE', *, *, #180, .F. ) ;
#1111 = VECTOR ( 'NONE', #1423, 39.37007874015748143 ) ;
#1112 = ORIENTED_EDGE ( 'NONE', *, *, #111, .F. ) ;
#1113 = DIRECTION ( 'NONE',  ( -2.220446049250312341E-16, 1.000000000000000000, -0.000000000000000000 ) ) ;
#1114 = CARTESIAN_POINT ( 'NONE',  ( -0.2500000000000000000, 0.4750000000000000333, 0.4962598425196849128 ) ) ;
#1115 = FACE_OUTER_BOUND ( 'NONE', #20, .T. ) ;
#1116 = DIRECTION ( 'NONE',  ( 1.000000000000000000, -2.220446049250312341E-16, 0.000000000000000000 ) ) ;
#1117 = ADVANCED_FACE ( 'NONE', ( #544 ), #213, .F. ) ;
#1118 = VERTEX_POINT ( 'NONE', #1434 ) ;
#1119 = ORIENTED_EDGE ( 'NONE', *, *, #434, .T. ) ;
#1120 =( LENGTH_UNIT ( ) NAMED_UNIT ( * ) SI_UNIT ( $, .METRE. ) );
#1121 = CARTESIAN_POINT ( 'NONE',  ( 1.000000000000000000, 0.000000000000000000, 0.000000000000000000 ) ) ;
#1122 = LINE ( 'NONE', #3, #1294 ) ;
#1123 = DIRECTION ( 'NONE',  ( 0.000000000000000000, 0.000000000000000000, -1.000000000000000000 ) ) ;
#1124 = EDGE_CURVE ( 'NONE', #644, #60, #1082, .T. ) ;
#1125 = ORIENTED_EDGE ( 'NONE', *, *, #844, .T. ) ;
#1126 = VERTEX_POINT ( 'NONE', #113 ) ;
#1127 = DIRECTION ( 'NONE',  ( -0.000000000000000000, 1.000000000000000000, -0.000000000000000000 ) ) ;
#1128 = EDGE_LOOP ( 'NONE', ( #1246, #1027, #704, #479 ) ) ;
#1129 = DIRECTION ( 'NONE',  ( 0.000000000000000000, 1.000000000000000000, 0.000000000000000000 ) ) ;
#1130 = CARTESIAN_POINT ( 'NONE',  ( 0.4750000000000000333, -0.2500000000000001110, 0.000000000000000000 ) ) ;
#1131 = ORIENTED_EDGE ( 'NONE', *, *, #428, .T. ) ;
#1132 = EDGE_LOOP ( 'NONE', ( #1391, #1166, #1383, #1185 ) ) ;
#1133 = SHAPE_DEFINITION_REPRESENTATION ( #971, #1071 ) ;
#1134 = VECTOR ( 'NONE', #478, 39.37007874015748143 ) ;
#1135 = AXIS2_PLACEMENT_3D ( 'NONE', #159, #293, #727 ) ;
#1136 = DIRECTION ( 'NONE',  ( 1.000000000000000000, -0.000000000000000000, -0.000000000000000000 ) ) ;
#1137 = ORIENTED_EDGE ( 'NONE', *, *, #611, .F. ) ;
#1138 = AXIS2_PLACEMENT_3D ( 'NONE', #666, #477, #360 ) ;
#1139 = EDGE_CURVE ( 'NONE', #14, #644, #104, .T. ) ;
#1140 = ORIENTED_EDGE ( 'NONE', *, *, #111, .T. ) ;
#1141 = PLANE ( 'NONE',  #1265 ) ;
#1142 = FACE_OUTER_BOUND ( 'NONE', #1339, .T. ) ;
#1143 = VERTEX_POINT ( 'NONE', #341 ) ;
#1144 = ORIENTED_EDGE ( 'NONE', *, *, #1124, .T. ) ;
#1145 = PLANE ( 'NONE',  #80 ) ;
#1146 = VECTOR ( 'NONE', #363, 39.37007874015748143 ) ;
#1147 = ORIENTED_EDGE ( 'NONE', *, *, #1180, .F. ) ;
#1148 = ORIENTED_EDGE ( 'NONE', *, *, #128, .F. ) ;
#1149 = ADVANCED_FACE ( 'NONE', ( #576 ), #259, .F. ) ;
#1150 = CARTESIAN_POINT ( 'NONE',  ( -0.3099999999999997757, 0.4750000000000000333, -0.02000000000000005940 ) ) ;
#1151 = FACE_OUTER_BOUND ( 'NONE', #1128, .T. ) ;
#1152 = ORIENTED_EDGE ( 'NONE', *, *, #110, .F. ) ;
#1153 = CARTESIAN_POINT ( 'NONE',  ( 0.7250000000000001998, -0.3681102362204726197, 0.07874015748031495954 ) ) ;
#1154 = ORIENTED_EDGE ( 'NONE', *, *, #426, .F. ) ;
#1155 = ORIENTED_EDGE ( 'NONE', *, *, #844, .F. ) ;
#1156 = DIRECTION ( 'NONE',  ( 0.7071067811865432429, 0.000000000000000000, -0.7071067811865516806 ) ) ;
#1157 = CARTESIAN_POINT ( 'NONE',  ( 0.4750000000000000333, -0.2500000000000000000, 0.1287401574803149762 ) ) ;
#1158 = EDGE_CURVE ( 'NONE', #385, #1373, #584, .T. ) ;
#1159 = ORIENTED_EDGE ( 'NONE', *, *, #1179, .T. ) ;
#1160 = ORIENTED_EDGE ( 'NONE', *, *, #542, .T. ) ;
#1161 = CARTESIAN_POINT ( 'NONE',  ( 0.4750000000000001998, -0.3681102362204725642, 0.03811023622047196580 ) ) ;
#1162 = AXIS2_PLACEMENT_3D ( 'NONE', #1311, #747, #1196 ) ;
#1163 = CARTESIAN_POINT ( 'NONE',  ( 0.7250000000000000888, -1.609823385706476688E-16, 0.5462598425196849572 ) ) ;
#1164 = EDGE_LOOP ( 'NONE', ( #1160, #916, #549, #601 ) ) ;
#1165 = VECTOR ( 'NONE', #1123, 39.37007874015748143 ) ;
#1166 = ORIENTED_EDGE ( 'NONE', *, *, #227, .F. ) ;
#1167 = CARTESIAN_POINT ( 'NONE',  ( 0.7250000000000000888, -0.2500000000000001665, 0.6249999999999998890 ) ) ;
#1168 = SURFACE_SIDE_STYLE ('',( #720 ) ) ;
#1169 = ORIENTED_EDGE ( 'NONE', *, *, #603, .T. ) ;
#1170 = FACE_OUTER_BOUND ( 'NONE', #67, .T. ) ;
#1171 = LINE ( 'NONE', #1181, #642 ) ;
#1172 = VERTEX_POINT ( 'NONE', #775 ) ;
#1173 = VECTOR ( 'NONE', #1201, 39.37007874015748143 ) ;
#1174 = CARTESIAN_POINT ( 'NONE',  ( 0.7250000000000000888, -0.2500000000000001665, 0.000000000000000000 ) ) ;
#1175 = DIRECTION ( 'NONE',  ( -2.220446049250312588E-16, 1.000000000000000000, 0.000000000000000000 ) ) ;
#1176 = ORIENTED_EDGE ( 'NONE', *, *, #182, .T. ) ;
#1177 = EDGE_LOOP ( 'NONE', ( #210, #29, #264, #1379 ) ) ;
#1178 = LINE ( 'NONE', #1161, #199 ) ;
#1179 = EDGE_CURVE ( 'NONE', #370, #388, #373, .T. ) ;
#1180 = EDGE_CURVE ( 'NONE', #281, #14, #784, .T. ) ;
#1181 = CARTESIAN_POINT ( 'NONE',  ( 0.000000000000000000, 1.000000000000000000, 0.6250000000000000000 ) ) ;
#1182 = CARTESIAN_POINT ( 'NONE',  ( -0.2699999999999997957, 0.4750000000000000333, -0.02000000000000005940 ) ) ;
#1183 = LINE ( 'NONE', #1048, #552 ) ;
#1184 = ORIENTED_EDGE ( 'NONE', *, *, #674, .F. ) ;
#1185 = ORIENTED_EDGE ( 'NONE', *, *, #53, .T. ) ;
#1186 = DIRECTION ( 'NONE',  ( -2.220446049250312341E-16, 1.000000000000000000, -0.000000000000000000 ) ) ;
#1187 = CARTESIAN_POINT ( 'NONE',  ( 0.000000000000000000, 0.4749999999999999778, 3.367778697655221258E-17 ) ) ;
#1188 = VECTOR ( 'NONE', #857, 39.37007874015748143 ) ;
#1189 = EDGE_CURVE ( 'NONE', #28, #240, #1370, .T. ) ;
#1190 = AXIS2_PLACEMENT_3D ( 'NONE', #364, #357, #678 ) ;
#1191 = CARTESIAN_POINT ( 'NONE',  ( -0.3681102362204724532, 0.7250000000000000888, 0.03811023622047196580 ) ) ;
#1192 = VERTEX_POINT ( 'NONE', #459 ) ;
#1193 = LINE ( 'NONE', #188, #598 ) ;
#1194 = CARTESIAN_POINT ( 'NONE',  ( -0.2500000000000000000, 0.4749999999999999778, 3.367778697655221258E-17 ) ) ;
#1195 = EDGE_CURVE ( 'NONE', #187, #1348, #350, .T. ) ;
#1196 = DIRECTION ( 'NONE',  ( 0.000000000000000000, 0.000000000000000000, 1.000000000000000000 ) ) ;
#1197 = DIRECTION ( 'NONE',  ( 1.000000000000000000, -2.220446049250312341E-16, 0.000000000000000000 ) ) ;
#1198 = PLANE ( 'NONE',  #646 ) ;
#1199 = DIRECTION ( 'NONE',  ( 0.000000000000000000, 0.000000000000000000, 1.000000000000000000 ) ) ;
#1200 = CARTESIAN_POINT ( 'NONE',  ( -0.3681102362204724532, 0.4750000000000000333, 0.03811023622047196580 ) ) ;
#1201 = DIRECTION ( 'NONE',  ( 0.000000000000000000, 0.000000000000000000, 1.000000000000000000 ) ) ;
#1202 = FACE_OUTER_BOUND ( 'NONE', #1132, .T. ) ;
#1203 = ADVANCED_FACE ( 'NONE', ( #895 ), #481, .F. ) ;
#1204 = FACE_OUTER_BOUND ( 'NONE', #615, .T. ) ;
#1205 = VECTOR ( 'NONE', #200, 39.37007874015748143 ) ;
#1206 = VECTOR ( 'NONE', #1299, 39.37007874015748143 ) ;
#1207 = LINE ( 'NONE', #1086, #413 ) ;
#1208 = VECTOR ( 'NONE', #338, 39.37007874015748143 ) ;
#1209 = DIRECTION ( 'NONE',  ( -0.000000000000000000, -0.000000000000000000, -1.000000000000000000 ) ) ;
#1210 = EDGE_CURVE ( 'NONE', #1340, #564, #1241, .T. ) ;
#1211 = CARTESIAN_POINT ( 'NONE',  ( 0.4750000000000001998, -0.3099999999999998312, -0.02000000000000005940 ) ) ;
#1212 = VECTOR ( 'NONE', #407, 39.37007874015748143 ) ;
#1213 = CARTESIAN_POINT ( 'NONE',  ( 0.000000000000000000, 0.4749999999999999778, 3.367778697655221258E-17 ) ) ;
#1214 = FACE_OUTER_BOUND ( 'NONE', #776, .T. ) ;
#1215 = DIRECTION ( 'NONE',  ( 0.000000000000000000, 0.000000000000000000, -1.000000000000000000 ) ) ;
#1216 = ADVANCED_FACE ( 'NONE', ( #1249 ), #127, .T. ) ;
#1217 = LINE ( 'NONE', #1191, #1205 ) ;
#1218 = LINE ( 'NONE', #18, #1146 ) ;
#1219 = DIRECTION ( 'NONE',  ( 0.000000000000000000, 0.000000000000000000, -1.000000000000000000 ) ) ;
#1220 = ORIENTED_EDGE ( 'NONE', *, *, #542, .F. ) ;
#1221 = ORIENTED_EDGE ( 'NONE', *, *, #227, .T. ) ;
#1222 = DIRECTION ( 'NONE',  ( -0.000000000000000000, -0.000000000000000000, -1.000000000000000000 ) ) ;
#1223 = CARTESIAN_POINT ( 'NONE',  ( 1.000000000000000000, 0.000000000000000000, 0.6250000000000000000 ) ) ;
#1224 = EDGE_CURVE ( 'NONE', #942, #500, #654, .T. ) ;
#1225 = VECTOR ( 'NONE', #1307, 39.37007874015748143 ) ;
#1226 = DIRECTION ( 'NONE',  ( 2.220446049250312588E-16, -1.000000000000000000, 0.000000000000000000 ) ) ;
#1227 = LINE ( 'NONE', #1030, #1165 ) ;
#1228 = VECTOR ( 'NONE', #1209, 39.37007874015748143 ) ;
#1229 = ORIENTED_EDGE ( 'NONE', *, *, #1254, .T. ) ;
#1230 = EDGE_LOOP ( 'NONE', ( #557, #581, #1293, #71 ) ) ;
#1231 =( CONVERSION_BASED_UNIT ( 'INCH', #123 ) LENGTH_UNIT ( ) NAMED_UNIT ( #1421 ) );
#1232 = DIRECTION ( 'NONE',  ( 0.000000000000000000, 0.000000000000000000, -1.000000000000000000 ) ) ;
#1233 = EDGE_CURVE ( 'NONE', #1118, #935, #26, .T. ) ;
#1234 = CARTESIAN_POINT ( 'NONE',  ( -0.2500000000000000000, 0.4750000000000000333, 0.6249999999999998890 ) ) ;
#1235 = CARTESIAN_POINT ( 'NONE',  ( 0.4750000000000001998, -0.3099999999999999978, 0.6449999999999997957 ) ) ;
#1236 = ORIENTED_EDGE ( 'NONE', *, *, #920, .F. ) ;
#1237 = VECTOR ( 'NONE', #465, 39.37007874015748143 ) ;
#1238 = VERTEX_POINT ( 'NONE', #466 ) ;
#1239 = CARTESIAN_POINT ( 'NONE',  ( 0.000000000000000000, 0.000000000000000000, 0.000000000000000000 ) ) ;
#1240 = CARTESIAN_POINT ( 'NONE',  ( -0.3681102362204724532, 0.4750000000000000333, 0.5868897637795279509 ) ) ;
#1241 = LINE ( 'NONE', #1010, #216 ) ;
#1242 = VERTEX_POINT ( 'NONE', #1338 ) ;
#1243 = EDGE_LOOP ( 'NONE', ( #1229, #705, #1154, #38 ) ) ;
#1244 = EDGE_CURVE ( 'NONE', #370, #770, #1227, .T. ) ;
#1245 = CARTESIAN_POINT ( 'NONE',  ( -0.2699999999999996847, 0.4750000000000000333, 0.6449999999999997957 ) ) ;
#1246 = ORIENTED_EDGE ( 'NONE', *, *, #472, .T. ) ;
#1247 = ORIENTED_EDGE ( 'NONE', *, *, #944, .T. ) ;
#1248 = CARTESIAN_POINT ( 'NONE',  ( -0.2500000000000000000, 0.4749999999999999778, 0.6250000000000000000 ) ) ;
#1249 = FACE_OUTER_BOUND ( 'NONE', #291, .T. ) ;
#1250 = ORIENTED_EDGE ( 'NONE', *, *, #118, .F. ) ;
#1251 = EDGE_CURVE ( 'NONE', #296, #564, #911, .T. ) ;
#1252 = VECTOR ( 'NONE', #469, 39.37007874015748143 ) ;
#1253 = VECTOR ( 'NONE', #986, 39.37007874015748143 ) ;
#1254 = EDGE_CURVE ( 'NONE', #896, #523, #691, .T. ) ;
#1255 = PLANE ( 'NONE',  #621 ) ;
#1256 = VERTEX_POINT ( 'NONE', #904 ) ;
#1257 = MECHANICAL_DESIGN_GEOMETRIC_PRESENTATION_REPRESENTATION (  '', ( #444 ), #878 ) ;
#1258 = ADVANCED_FACE ( 'NONE', ( #136 ), #567, .T. ) ;
#1259 = ORIENTED_EDGE ( 'NONE', *, *, #987, .T. ) ;
#1260 = CARTESIAN_POINT ( 'NONE',  ( 0.7250000000000000888, -0.2500000000000001665, 0.000000000000000000 ) ) ;
#1261 = ORIENTED_EDGE ( 'NONE', *, *, #106, .T. ) ;
#1262 = ORIENTED_EDGE ( 'NONE', *, *, #157, .F. ) ;
#1263 = ORIENTED_EDGE ( 'NONE', *, *, #963, .T. ) ;
#1264 = DIRECTION ( 'NONE',  ( 0.000000000000000000, 0.000000000000000000, 1.000000000000000000 ) ) ;
#1265 = AXIS2_PLACEMENT_3D ( 'NONE', #894, #547, #888 ) ;
#1266 = ORIENTED_EDGE ( 'NONE', *, *, #765, .F. ) ;
#1267 = UNCERTAINTY_MEASURE_WITH_UNIT (LENGTH_MEASURE( 1.000000000000000082E-05 ), #1231, 'distance_accuracy_value', 'NONE');
#1268 = EDGE_CURVE ( 'NONE', #500, #622, #798, .T. ) ;
#1269 = ORIENTED_EDGE ( 'NONE', *, *, #969, .F. ) ;
#1270 = FACE_OUTER_BOUND ( 'NONE', #665, .T. ) ;
#1271 = PLANE ( 'NONE',  #744 ) ;
#1272 = ORIENTED_EDGE ( 'NONE', *, *, #737, .T. ) ;
#1273 = EDGE_LOOP ( 'NONE', ( #1333, #1000, #656, #846, #655, #476, #1110, #1220, #352, #1005, #1282, #815, #1263 ) ) ;
#1274 = ORIENTED_EDGE ( 'NONE', *, *, #1425, .F. ) ;
#1275 = CARTESIAN_POINT ( 'NONE',  ( -0.2699999999999996847, 0.4750000000000000333, 0.6449999999999997957 ) ) ;
#1276 = CARTESIAN_POINT ( 'NONE',  ( 0.7250000000000001998, -0.3681102362204726197, 0.5462598425196849572 ) ) ;
#1277 = ORIENTED_EDGE ( 'NONE', *, *, #332, .F. ) ;
#1278 = EDGE_LOOP ( 'NONE', ( #734, #906, #496, #1169, #303, #695, #928, #700, #506, #57, #271, #1236 ) ) ;
#1279 = ADVANCED_FACE ( 'NONE', ( #1142 ), #889, .T. ) ;
#1280 = CARTESIAN_POINT ( 'NONE',  ( -0.2500000000000000000, 0.4750000000000000333, 0.6249999999999998890 ) ) ;
#1281 = LINE ( 'NONE', #284, #312 ) ;
#1282 = ORIENTED_EDGE ( 'NONE', *, *, #254, .F. ) ;
#1283 = VERTEX_POINT ( 'NONE', #1389 ) ;
#1284 = DIRECTION ( 'NONE',  ( 0.7071067811865474617, -0.7071067811865474617, 0.000000000000000000 ) ) ;
#1285 = VECTOR ( 'NONE', #9, 39.37007874015748143 ) ;
#1286 = CARTESIAN_POINT ( 'NONE',  ( 1.000000000000000000, 0.000000000000000000, 0.000000000000000000 ) ) ;
#1287 = VECTOR ( 'NONE', #540, 39.37007874015748854 ) ;
#1288 = CARTESIAN_POINT ( 'NONE',  ( -0.2500000000000000000, 0.4749999999999999778, 3.367778697655221258E-17 ) ) ;
#1289 = DIRECTION ( 'NONE',  ( 0.000000000000000000, 0.000000000000000000, 1.000000000000000000 ) ) ;
#1290 = ORIENTED_EDGE ( 'NONE', *, *, #83, .F. ) ;
#1291 = CARTESIAN_POINT ( 'NONE',  ( 0.4750000000000000333, -0.2500000000000001110, 3.367778697655221258E-17 ) ) ;
#1292 = DIRECTION ( 'NONE',  ( 0.000000000000000000, 0.000000000000000000, 1.000000000000000000 ) ) ;
#1293 = ORIENTED_EDGE ( 'NONE', *, *, #1268, .F. ) ;
#1294 = VECTOR ( 'NONE', #1009, 39.37007874015748143 ) ;
#1295 = FACE_OUTER_BOUND ( 'NONE', #957, .T. ) ;
#1296 = CARTESIAN_POINT ( 'NONE',  ( 0.4750000000000000333, -1.054711873393898664E-16, 0.4962598425196849128 ) ) ;
#1297 = ORIENTED_EDGE ( 'NONE', *, *, #165, .F. ) ;
#1298 = VERTEX_POINT ( 'NONE', #1296 ) ;
#1299 = DIRECTION ( 'NONE',  ( -0.000000000000000000, -0.000000000000000000, -1.000000000000000000 ) ) ;
#1300 = ADVANCED_FACE ( 'NONE', ( #807 ), #1413, .T. ) ;
#1301 = LINE ( 'NONE', #1286, #402 ) ;
#1302 = LINE ( 'NONE', #634, #443 ) ;
#1303 = DIRECTION ( 'NONE',  ( 0.7071067811865517916, 0.000000000000000000, -0.7071067811865433539 ) ) ;
#1304 = CARTESIAN_POINT ( 'NONE',  ( -0.3099999999999998868, 0.4750000000000000333, 0.6449999999999997957 ) ) ;
#1305 = LINE ( 'NONE', #729, #1327 ) ;
#1306 = EDGE_CURVE ( 'NONE', #245, #493, #1183, .T. ) ;
#1307 = DIRECTION ( 'NONE',  ( 1.000000000000000000, 0.000000000000000000, 5.463695987328527423E-16 ) ) ;
#1308 = VECTOR ( 'NONE', #551, 39.37007874015748143 ) ;
#1309 = VECTOR ( 'NONE', #579, 39.37007874015748854 ) ;
#1310 = VECTOR ( 'NONE', #16, 39.37007874015748143 ) ;
#1311 = CARTESIAN_POINT ( 'NONE',  ( -0.2500000000000000000, 0.4749999999999999778, 3.367778697655221258E-17 ) ) ;
#1312 = CARTESIAN_POINT ( 'NONE',  ( -0.2500000000000000000, 0.4750000000000000333, 0.000000000000000000 ) ) ;
#1313 = FACE_OUTER_BOUND ( 'NONE', #891, .T. ) ;
#1314 = CARTESIAN_POINT ( 'NONE',  ( -0.2500000000000000000, 0.7250000000000000888, 0.6249999999999998890 ) ) ;
#1315 = CARTESIAN_POINT ( 'NONE',  ( 1.365923996832131609E-16, 0.7250000000000000888, 0.07874015748031509832 ) ) ;
#1316 = AXIS2_PLACEMENT_3D ( 'NONE', #872, #1328, #319 ) ;
#1317 = CARTESIAN_POINT ( 'NONE',  ( 0.4750000000000000333, -0.2699999999999997957, 0.6449999999999997957 ) ) ;
#1318 = LENGTH_MEASURE_WITH_UNIT ( LENGTH_MEASURE( 0.02539999999999999897 ), #635 );
#1319 = ADVANCED_FACE ( 'NONE', ( #954 ), #47, .T. ) ;
#1320 = PLANE ( 'NONE',  #1316 ) ;
#1321 = PLANE ( 'NONE',  #464 ) ;
#1322 = CARTESIAN_POINT ( 'NONE',  ( 0.4750000000000000333, -0.2500000000000001110, 3.367778697655221258E-17 ) ) ;
#1323 = LINE ( 'NONE', #1304, #697 ) ;
#1324 = PLANE ( 'NONE',  #659 ) ;
#1325 = CARTESIAN_POINT ( 'NONE',  ( 0.4750000000000001998, -0.3681102362204725642, 0.07874015748031495954 ) ) ;
#1326 = VECTOR ( 'NONE', #339, 39.37007874015748143 ) ;
#1327 = VECTOR ( 'NONE', #172, 39.37007874015748143 ) ;
#1328 = DIRECTION ( 'NONE',  ( 0.000000000000000000, 0.000000000000000000, -1.000000000000000000 ) ) ;
#1329 = CARTESIAN_POINT ( 'NONE',  ( 0.7250000000000001998, -0.3681102362204726197, 0.03811023622047196580 ) ) ;
#1330 = CARTESIAN_POINT ( 'NONE',  ( -0.3099999999999997757, 0.4750000000000000333, -0.02000000000000005940 ) ) ;
#1331 = DIRECTION ( 'NONE',  ( -0.000000000000000000, -0.000000000000000000, -1.000000000000000000 ) ) ;
#1332 = ORIENTED_EDGE ( 'NONE', *, *, #182, .F. ) ;
#1333 = ORIENTED_EDGE ( 'NONE', *, *, #536, .F. ) ;
#1334 = CARTESIAN_POINT ( 'NONE',  ( 0.4750000000000000333, -0.2500000000000001110, 0.6250000000000000000 ) ) ;
#1335 = EDGE_CURVE ( 'NONE', #385, #381, #834, .T. ) ;
#1336 = FACE_OUTER_BOUND ( 'NONE', #1243, .T. ) ;
#1337 = LINE ( 'NONE', #879, #220 ) ;
#1338 = CARTESIAN_POINT ( 'NONE',  ( 1.365923996832131609E-16, 0.4750000000000000333, 0.07874015748031509832 ) ) ;
#1339 = EDGE_LOOP ( 'NONE', ( #43, #395, #1261, #468 ) ) ;
#1340 = VERTEX_POINT ( 'NONE', #267 ) ;
#1341 = PRODUCT_CONTEXT ( 'NONE', #822, 'mechanical' ) ;
#1342 = DIRECTION ( 'NONE',  ( 0.000000000000000000, -1.000000000000000000, 1.347111479062088257E-16 ) ) ;
#1343 = VECTOR ( 'NONE', #154, 39.37007874015748143 ) ;
#1344 = LINE ( 'NONE', #790, #181 ) ;
#1345 = CARTESIAN_POINT ( 'NONE',  ( 0.7250000000000000888, -0.2500000000000001665, 0.000000000000000000 ) ) ;
#1346 = VECTOR ( 'NONE', #52, 39.37007874015748143 ) ;
#1347 = ORIENTED_EDGE ( 'NONE', *, *, #1416, .F. ) ;
#1348 = VERTEX_POINT ( 'NONE', #946 ) ;
#1349 = CARTESIAN_POINT ( 'NONE',  ( -0.3681102362204724532, 0.4750000000000000333, 0.07874015748031495954 ) ) ;
#1350 = APPLICATION_CONTEXT ( 'automotive_design' ) ;
#1351 = CARTESIAN_POINT ( 'NONE',  ( -0.3681102362204724532, 0.4750000000000000333, 0.07874015748031495954 ) ) ;
#1352 = EDGE_CURVE ( 'NONE', #725, #1371, #383, .T. ) ;
#1353 = EDGE_CURVE ( 'NONE', #1365, #153, #408, .T. ) ;
#1354 = LINE ( 'NONE', #1107, #980 ) ;
#1355 = DIRECTION ( 'NONE',  ( 1.000000000000000000, -2.220446049250312588E-16, -5.463695987328525451E-16 ) ) ;
#1356 = ORIENTED_EDGE ( 'NONE', *, *, #378, .T. ) ;
#1357 = ORIENTED_EDGE ( 'NONE', *, *, #969, .T. ) ;
#1358 =( NAMED_UNIT ( * ) SI_UNIT ( $, .STERADIAN. ) SOLID_ANGLE_UNIT ( ) );
#1359 = CARTESIAN_POINT ( 'NONE',  ( -0.3681102362204724532, 0.4750000000000000333, 0.03811023622047196580 ) ) ;
#1360 = ORIENTED_EDGE ( 'NONE', *, *, #118, .T. ) ;
#1361 = EDGE_CURVE ( 'NONE', #1126, #523, #59, .T. ) ;
#1362 = LINE ( 'NONE', #119, #908 ) ;
#1363 = DIRECTION ( 'NONE',  ( -1.570092458683765306E-16, 0.7071067811865432429, -0.7071067811865516806 ) ) ;
#1364 = ADVANCED_FACE ( 'NONE', ( #814 ), #1271, .F. ) ;
#1365 = VERTEX_POINT ( 'NONE', #177 ) ;
#1366 = EDGE_LOOP ( 'NONE', ( #138, #587, #883, #483 ) ) ;
#1367 = CARTESIAN_POINT ( 'NONE',  ( 0.4750000000000000333, -0.2500000000000001110, 0.4962598425196849128 ) ) ;
#1368 = EDGE_LOOP ( 'NONE', ( #1250, #1131, #1059, #130 ) ) ;
#1369 = DIRECTION ( 'NONE',  ( 2.220446049250312588E-16, -1.000000000000000000, 0.000000000000000000 ) ) ;
#1370 = LINE ( 'NONE', #250, #832 ) ;
#1371 = VERTEX_POINT ( 'NONE', #824 ) ;
#1372 = VERTEX_POINT ( 'NONE', #1058 ) ;
#1373 = VERTEX_POINT ( 'NONE', #1405 ) ;
#1374 = VECTOR ( 'NONE', #44, 39.37007874015748143 ) ;
#1375 = VECTOR ( 'NONE', #1092, 39.37007874015748143 ) ;
#1376 = DIRECTION ( 'NONE',  ( -1.000000000000000000, 0.000000000000000000, -0.000000000000000000 ) ) ;
#1377 = EDGE_LOOP ( 'NONE', ( #680, #912, #580, #679 ) ) ;
#1378 = DIRECTION ( 'NONE',  ( 0.000000000000000000, 1.000000000000000000, -0.000000000000000000 ) ) ;
#1379 = ORIENTED_EDGE ( 'NONE', *, *, #984, .F. ) ;
#1380 = VERTEX_POINT ( 'NONE', #167 ) ;
#1381 = DIRECTION ( 'NONE',  ( 1.000000000000000000, -2.220446049250312341E-16, 0.000000000000000000 ) ) ;
#1382 = LINE ( 'NONE', #162, #1089 ) ;
#1383 = ORIENTED_EDGE ( 'NONE', *, *, #115, .F. ) ;
#1384 = EDGE_CURVE ( 'NONE', #153, #1172, #1281, .T. ) ;
#1385 = ADVANCED_FACE ( 'NONE', ( #1151 ), #70, .T. ) ;
#1386 = ORIENTED_EDGE ( 'NONE', *, *, #434, .F. ) ;
#1387 = MANIFOLD_SOLID_BREP ( 'Mirror1', #1026 ) ;
#1388 = CARTESIAN_POINT ( 'NONE',  ( 0.000000000000000000, 0.000000000000000000, 0.6250000000000000000 ) ) ;
#1389 = CARTESIAN_POINT ( 'NONE',  ( 0.000000000000000000, 0.4749999999999999778, 0.6250000000000000000 ) ) ;
#1390 = ORIENTED_EDGE ( 'NONE', *, *, #1384, .T. ) ;
#1391 = ORIENTED_EDGE ( 'NONE', *, *, #332, .T. ) ;
#1392 = CARTESIAN_POINT ( 'NONE',  ( -0.2699999999999997957, 0.7250000000000000888, -0.02000000000000005940 ) ) ;
#1393 = DIRECTION ( 'NONE',  ( -1.000000000000000000, -0.000000000000000000, -0.000000000000000000 ) ) ;
#1394 = ORIENTED_EDGE ( 'NONE', *, *, #1189, .T. ) ;
#1395 = ADVANCED_FACE ( 'NONE', ( #205 ), #592, .F. ) ;
#1396 = ORIENTED_EDGE ( 'NONE', *, *, #707, .F. ) ;
#1397 = LINE ( 'NONE', #613, #1212 ) ;
#1398 = DIRECTION ( 'NONE',  ( 1.213184216936841298E-31, 5.463695987328527423E-16, -1.000000000000000000 ) ) ;
#1399 = EDGE_LOOP ( 'NONE', ( #890, #497, #1262, #1332, #696, #609, #623 ) ) ;
#1400 = DIRECTION ( 'NONE',  ( 1.570092458683765306E-16, -0.7071067811865432429, -0.7071067811865516806 ) ) ;
#1401 = VECTOR ( 'NONE', #1136, 39.37007874015748143 ) ;
#1402 = DIRECTION ( 'NONE',  ( 1.000000000000000000, -0.000000000000000000, -0.000000000000000000 ) ) ;
#1403 = VECTOR ( 'NONE', #768, 39.37007874015748854 ) ;
#1404 = DIRECTION ( 'NONE',  ( 0.000000000000000000, 1.000000000000000000, 0.000000000000000000 ) ) ;
#1405 = CARTESIAN_POINT ( 'NONE',  ( 0.7250000000000001998, -0.3100000000000000533, 0.6449999999999997957 ) ) ;
#1406 = ADVANCED_FACE ( 'NONE', ( #853 ), #1085, .T. ) ;
#1407 = VERTEX_POINT ( 'NONE', #741 ) ;
#1408 = ORIENTED_EDGE ( 'NONE', *, *, #274, .T. ) ;
#1409 = DIRECTION ( 'NONE',  ( 0.000000000000000000, -1.000000000000000000, 0.000000000000000000 ) ) ;
#1410 = CARTESIAN_POINT ( 'NONE',  ( 0.4750000000000001998, -0.3681102362204725642, 0.5462598425196849572 ) ) ;
#1411 = AXIS2_PLACEMENT_3D ( 'NONE', #1288, #1378, #726 ) ;
#1412 = LINE ( 'NONE', #416, #972 ) ;
#1413 = PLANE ( 'NONE',  #145 ) ;
#1414 = CARTESIAN_POINT ( 'NONE',  ( -0.2699999999999997957, 0.4750000000000000333, -0.02000000000000005940 ) ) ;
#1415 = DIRECTION ( 'NONE',  ( 1.000000000000000000, 0.000000000000000000, -0.000000000000000000 ) ) ;
#1416 = EDGE_CURVE ( 'NONE', #939, #515, #748, .T. ) ;
#1417 = CARTESIAN_POINT ( 'NONE',  ( -0.2500000000000000000, 0.7250000000000000888, 0.000000000000000000 ) ) ;
#1418 = PRODUCT_RELATED_PRODUCT_CATEGORY ( 'part', '', ( #346 ) ) ;
#1419 = DIRECTION ( 'NONE',  ( 0.000000000000000000, 0.000000000000000000, 1.000000000000000000 ) ) ;
#1420 = DIRECTION ( 'NONE',  ( 0.000000000000000000, -1.000000000000000000, 0.000000000000000000 ) ) ;
#1421 = DIMENSIONAL_EXPONENTS ( 1.000000000000000000, 0.000000000000000000, 0.000000000000000000, 0.000000000000000000, 0.000000000000000000, 0.000000000000000000, 0.000000000000000000 ) ;
#1422 = CARTESIAN_POINT ( 'NONE',  ( 0.4749999999999999778, -1.054711873393898418E-16, 3.367778697655221258E-17 ) ) ;
#1423 = DIRECTION ( 'NONE',  ( 1.000000000000000000, -0.000000000000000000, -0.000000000000000000 ) ) ;
#1424 = VECTOR ( 'NONE', #949, 39.37007874015748143 ) ;
#1425 = EDGE_CURVE ( 'NONE', #505, #1242, #131, .T. ) ;
#1426 = ADVANCED_FACE ( 'NONE', ( #1013 ), #794, .F. ) ;
#1427 = VECTOR ( 'NONE', #862, 39.37007874015748143 ) ;
#1428 = LINE ( 'NONE', #1182, #1285 ) ;
#1429 = LINE ( 'NONE', #1433, #1079 ) ;
#1430 = LINE ( 'NONE', #990, #491 ) ;
#1431 = DIRECTION ( 'NONE',  ( 2.220446049250312588E-16, -1.000000000000000000, -0.000000000000000000 ) ) ;
#1432 = CARTESIAN_POINT ( 'NONE',  ( 0.000000000000000000, 0.4750000000000000333, 0.4962598425196849128 ) ) ;
#1433 = CARTESIAN_POINT ( 'NONE',  ( 0.4750000000000000333, -0.2699999999999999067, -0.02000000000000005940 ) ) ;
#1434 = CARTESIAN_POINT ( 'NONE',  ( -0.3099999999999997757, 0.7250000000000000888, -0.02000000000000005940 ) ) ;
ENDSEC;
END-ISO-10303-21;
