ISO-10303-21;
HEADER;
FILE_DESCRIPTION (( 'STEP AP214' ),
    '1' );
FILE_NAME ('LLiftMountV2.STEP',
    '2026-03-11T06:04:47',
    ( '' ),
    ( '' ),
    'SwSTEP 2.0',
    'SolidWorks 2025',
    '' );
FILE_SCHEMA (( 'AUTOMOTIVE_DESIGN' ));
ENDSEC;

DATA;
#1 = DIRECTION ( 'NONE',  ( 0.05233595624294388321, 0.9986295347545739443, 0.000000000000000000 ) ) ;
#2 = ORIENTED_EDGE ( 'NONE', *, *, #1279, .T. ) ;
#3 = DIRECTION ( 'NONE',  ( 1.000000000000000000, -0.000000000000000000, -0.000000000000000000 ) ) ;
#4 = EDGE_CURVE ( 'NONE', #1186, #605, #444, .T. ) ;
#5 = ORIENTED_EDGE ( 'NONE', *, *, #1410, .F. ) ;
#6 = DIRECTION ( 'NONE',  ( 0.000000000000000000, 0.000000000000000000, 1.000000000000000000 ) ) ;
#7 = ORIENTED_EDGE ( 'NONE', *, *, #1393, .T. ) ;
#8 = AXIS2_PLACEMENT_3D ( 'NONE', #754, #539, #255 ) ;
#9 = AXIS2_PLACEMENT_3D ( 'NONE', #1238, #709, #1371 ) ;
#10 = LINE ( 'NONE', #902, #96 ) ;
#11 = VECTOR ( 'NONE', #142, 39.37007874015748143 ) ;
#12 = ORIENTED_EDGE ( 'NONE', *, *, #1356, .F. ) ;
#13 = DIRECTION ( 'NONE',  ( 0.000000000000000000, -3.414809992080328037E-16, 1.000000000000000000 ) ) ;
#14 = VERTEX_POINT ( 'NONE', #1490 ) ;
#15 = EDGE_CURVE ( 'NONE', #369, #509, #423, .T. ) ;
#16 = DIRECTION ( 'NONE',  ( 0.000000000000000000, 0.000000000000000000, -1.000000000000000000 ) ) ;
#17 = ORIENTED_EDGE ( 'NONE', *, *, #657, .T. ) ;
#18 = DIRECTION ( 'NONE',  ( -0.000000000000000000, 0.000000000000000000, -1.000000000000000000 ) ) ;
#19 = DIRECTION ( 'NONE',  ( -0.9972646886342373396, 0.05226442768871395611, -0.05226442768871396999 ) ) ;
#20 = ORIENTED_EDGE ( 'NONE', *, *, #1091, .F. ) ;
#21 = CYLINDRICAL_SURFACE ( 'NONE', #361, 0.06249999999999995143 ) ;
#22 = DIRECTION ( 'NONE',  ( -0.9986295347545738332, 0.000000000000000000, 0.05233595624294388321 ) ) ;
#23 = EDGE_CURVE ( 'NONE', #1338, #1601, #1204, .T. ) ;
#24 = ORIENTED_EDGE ( 'NONE', *, *, #371, .T. ) ;
#25 = LINE ( 'NONE', #1474, #501 ) ;
#26 = EDGE_CURVE ( 'NONE', #1310, #506, #1428, .T. ) ;
#27 = DIRECTION ( 'NONE',  ( -1.000000000000000000, 0.000000000000000000, 0.000000000000000000 ) ) ;
#28 = ORIENTED_EDGE ( 'NONE', *, *, #669, .T. ) ;
#29 = PLANE ( 'NONE',  #791 ) ;
#30 = CARTESIAN_POINT ( 'NONE',  ( -0.4606000000000000094, 1.729999999999999760, 1.285899999999999155 ) ) ;
#31 = ORIENTED_EDGE ( 'NONE', *, *, #556, .F. ) ;
#32 = CARTESIAN_POINT ( 'NONE',  ( -0.4606000000000000094, 1.729999999999999760, 1.403899999999999260 ) ) ;
#33 = DIRECTION ( 'NONE',  ( -1.000000000000000000, 0.000000000000000000, 0.000000000000000000 ) ) ;
#34 = FACE_OUTER_BOUND ( 'NONE', #841, .T. ) ;
#35 = ORIENTED_EDGE ( 'NONE', *, *, #1305, .T. ) ;
#36 = AXIS2_PLACEMENT_3D ( 'NONE', #1521, #68, #1128 ) ;
#37 = AXIS2_PLACEMENT_3D ( 'NONE', #1126, #1495, #347 ) ;
#38 = CARTESIAN_POINT ( 'NONE',  ( -0.3499999999999995337, 0.2500000000000006106, -1.687500000000001332 ) ) ;
#39 = EDGE_CURVE ( 'NONE', #190, #439, #953, .T. ) ;
#40 = AXIS2_PLACEMENT_3D ( 'NONE', #1205, #186, #69 ) ;
#41 = ORIENTED_EDGE ( 'NONE', *, *, #512, .F. ) ;
#42 = VECTOR ( 'NONE', #1099, 39.37007874015748143 ) ;
#43 = DIRECTION ( 'NONE',  ( 0.000000000000000000, -0.000000000000000000, -1.000000000000000000 ) ) ;
#44 = LINE ( 'NONE', #154, #75 ) ;
#45 = VECTOR ( 'NONE', #1086, 39.37007874015748143 ) ;
#46 = ORIENTED_EDGE ( 'NONE', *, *, #443, .T. ) ;
#47 = EDGE_LOOP ( 'NONE', ( #355, #1530, #1221, #1167 ) ) ;
#48 = CARTESIAN_POINT ( 'NONE',  ( -0.4999999999999998335, 1.979999999999999982, -1.404100000000000570 ) ) ;
#49 = DIRECTION ( 'NONE',  ( -1.000000000000000000, -0.000000000000000000, 4.553079989440439683E-16 ) ) ;
#50 = EDGE_CURVE ( 'NONE', #1166, #614, #592, .T. ) ;
#51 = EDGE_LOOP ( 'NONE', ( #934, #533, #7, #259 ) ) ;
#52 = CARTESIAN_POINT ( 'NONE',  ( -0.4606000000000000094, 0.9799999999999999822, -1.404100000000000126 ) ) ;
#53 = DIRECTION ( 'NONE',  ( 0.05233595624294389015, 0.000000000000000000, -0.9986295347545739443 ) ) ;
#54 = VERTEX_POINT ( 'NONE', #947 ) ;
#55 = ORIENTED_EDGE ( 'NONE', *, *, #1467, .T. ) ;
#56 = DIRECTION ( 'NONE',  ( 0.000000000000000000, 1.000000000000000000, 0.000000000000000000 ) ) ;
#57 = CARTESIAN_POINT ( 'NONE',  ( -0.4606000000000000094, 0.9799999999999999822, -1.404100000000000126 ) ) ;
#58 =( LENGTH_UNIT ( ) NAMED_UNIT ( * ) SI_UNIT ( $, .METRE. ) );
#59 = CARTESIAN_POINT ( 'NONE',  ( -0.4606000000000000094, 1.729999999999999760, -1.286100000000000465 ) ) ;
#60 = ORIENTED_EDGE ( 'NONE', *, *, #1034, .F. ) ;
#61 = DIRECTION ( 'NONE',  ( -0.000000000000000000, -1.000000000000000000, -0.000000000000000000 ) ) ;
#62 = CYLINDRICAL_SURFACE ( 'NONE', #968, 0.06249999999999995143 ) ;
#63 = CARTESIAN_POINT ( 'NONE',  ( -0.3499999999999995337, 0.2500000000000006106, 1.624999999999998668 ) ) ;
#64 = EDGE_CURVE ( 'NONE', #687, #235, #1328, .T. ) ;
#65 = UNCERTAINTY_MEASURE_WITH_UNIT (LENGTH_MEASURE( 1.000000000000000082E-05 ), #1307, 'distance_accuracy_value', 'NONE');
#66 = LINE ( 'NONE', #471, #1381 ) ;
#67 = VECTOR ( 'NONE', #61, 39.37007874015748143 ) ;
#68 = DIRECTION ( 'NONE',  ( -1.000000000000000000, 0.000000000000000000, 0.000000000000000000 ) ) ;
#69 = DIRECTION ( 'NONE',  ( -1.000000000000000000, 0.000000000000000000, 0.000000000000000000 ) ) ;
#70 = AXIS2_PLACEMENT_3D ( 'NONE', #1343, #173, #695 ) ;
#71 = ORIENTED_EDGE ( 'NONE', *, *, #104, .F. ) ;
#72 = DIRECTION ( 'NONE',  ( 0.000000000000000000, 0.000000000000000000, 1.000000000000000000 ) ) ;
#73 = DIRECTION ( 'NONE',  ( 1.000000000000000000, -0.000000000000000000, -0.000000000000000000 ) ) ;
#74 = DIRECTION ( 'NONE',  ( -0.9972646886342373396, -0.05226442768871395611, -0.05226442768871396999 ) ) ;
#75 = VECTOR ( 'NONE', #561, 39.37007874015748854 ) ;
#76 = EDGE_CURVE ( 'NONE', #541, #1081, #827, .T. ) ;
#77 = DIRECTION ( 'NONE',  ( 0.000000000000000000, -0.000000000000000000, -1.000000000000000000 ) ) ;
#78 = CARTESIAN_POINT ( 'NONE',  ( -0.3499999999999998113, 0.2500000000000000000, -2.061999999999999833 ) ) ;
#79 = ORIENTED_EDGE ( 'NONE', *, *, #1356, .T. ) ;
#80 = FACE_BOUND ( 'NONE', #1253, .T. ) ;
#81 = FACE_BOUND ( 'NONE', #1299, .T. ) ;
#82 = CYLINDRICAL_SURFACE ( 'NONE', #1104, 0.2500000000000000555 ) ;
#83 = EDGE_CURVE ( 'NONE', #1005, #427, #1469, .T. ) ;
#84 = PLANE ( 'NONE',  #37 ) ;
#85 = PRODUCT_DEFINITION ( 'UNKNOWN', '', #480, #414 ) ;
#86 = DIRECTION ( 'NONE',  ( 0.000000000000000000, 1.000000000000000000, 0.000000000000000000 ) ) ;
#87 = ORIENTED_EDGE ( 'NONE', *, *, #220, .T. ) ;
#88 = CARTESIAN_POINT ( 'NONE',  ( -0.3499999999999995337, 0.2500000000000006106, 1.562499999999998668 ) ) ;
#89 = CARTESIAN_POINT ( 'NONE',  ( -0.5999999999999998668, 1.500000000000000666, -1.750000000000000000 ) ) ;
#90 = LINE ( 'NONE', #1615, #1626 ) ;
#91 = LINE ( 'NONE', #1528, #1562 ) ;
#92 = EDGE_CURVE ( 'NONE', #898, #419, #816, .T. ) ;
#93 = DIRECTION ( 'NONE',  ( -1.000000000000000000, 0.000000000000000000, 0.000000000000000000 ) ) ;
#94 = VECTOR ( 'NONE', #86, 39.37007874015748143 ) ;
#95 = VERTEX_POINT ( 'NONE', #549 ) ;
#96 = VECTOR ( 'NONE', #244, 39.37007874015748143 ) ;
#97 = FACE_BOUND ( 'NONE', #360, .T. ) ;
#98 =( NAMED_UNIT ( * ) SI_UNIT ( $, .STERADIAN. ) SOLID_ANGLE_UNIT ( ) );
#99 = AXIS2_PLACEMENT_3D ( 'NONE', #1158, #114, #262 ) ;
#100 = VECTOR ( 'NONE', #811, 39.37007874015748143 ) ;
#101 = ORIENTED_EDGE ( 'NONE', *, *, #1341, .F. ) ;
#102 = CARTESIAN_POINT ( 'NONE',  ( -0.3819000000000000727, 0.5000000000000001110, -1.437814733507506892E-16 ) ) ;
#103 = CARTESIAN_POINT ( 'NONE',  ( -0.4606000000000000094, 0.7299999999999998712, -1.404100000000000126 ) ) ;
#104 = EDGE_CURVE ( 'NONE', #500, #179, #1339, .T. ) ;
#105 = PLANE ( 'NONE',  #1671 ) ;
#106 = DIRECTION ( 'NONE',  ( 0.000000000000000000, -3.414809992080328037E-16, 1.000000000000000000 ) ) ;
#107 = CARTESIAN_POINT ( 'NONE',  ( -0.3499999999999995337, 1.750000000000000222, -1.625000000000001332 ) ) ;
#108 = PLANE ( 'NONE',  #719 ) ;
#109 = ORIENTED_EDGE ( 'NONE', *, *, #202, .F. ) ;
#110 = LINE ( 'NONE', #1523, #1286 ) ;
#111 =( LENGTH_UNIT ( ) NAMED_UNIT ( * ) SI_UNIT ( $, .METRE. ) );
#112 = APPLICATION_CONTEXT ( 'automotive_design' ) ;
#113 = ORIENTED_EDGE ( 'NONE', *, *, #602, .F. ) ;
#114 = DIRECTION ( 'NONE',  ( 1.000000000000000000, -0.000000000000000000, -0.000000000000000000 ) ) ;
#115 = VECTOR ( 'NONE', #1411, 39.37007874015748854 ) ;
#116 = VECTOR ( 'NONE', #1106, 39.37007874015748143 ) ;
#117 = ORIENTED_EDGE ( 'NONE', *, *, #1579, .F. ) ;
#118 = VECTOR ( 'NONE', #507, 39.37007874015748143 ) ;
#119 = EDGE_CURVE ( 'NONE', #1143, #431, #1097, .T. ) ;
#120 = VECTOR ( 'NONE', #1066, 39.37007874015748143 ) ;
#121 = DIRECTION ( 'NONE',  ( 0.000000000000000000, 6.829619984160656074E-16, -1.000000000000000000 ) ) ;
#122 = AXIS2_PLACEMENT_3D ( 'NONE', #1368, #1602, #192 ) ;
#123 = ORIENTED_EDGE ( 'NONE', *, *, #1502, .T. ) ;
#124 = CARTESIAN_POINT ( 'NONE',  ( -0.3499999999999998113, 1.750000000000000444, -2.000000000000000000 ) ) ;
#125 = VERTEX_POINT ( 'NONE', #1513 ) ;
#126 = DIRECTION ( 'NONE',  ( -0.000000000000000000, -0.000000000000000000, -1.000000000000000000 ) ) ;
#127 = EDGE_CURVE ( 'NONE', #1423, #1448, #1388, .T. ) ;
#128 = EDGE_CURVE ( 'NONE', #419, #1241, #233, .T. ) ;
#129 = ORIENTED_EDGE ( 'NONE', *, *, #1472, .F. ) ;
#130 = CARTESIAN_POINT ( 'NONE',  ( -0.3499999999999995337, 1.750000000000000222, -1.562500000000001332 ) ) ;
#131 = DIRECTION ( 'NONE',  ( 0.000000000000000000, 0.000000000000000000, 1.000000000000000000 ) ) ;
#132 = ORIENTED_EDGE ( 'NONE', *, *, #1215, .T. ) ;
#133 = EDGE_LOOP ( 'NONE', ( #1679, #275, #1059, #12 ) ) ;
#134 = CARTESIAN_POINT ( 'NONE',  ( -0.3499999999999995337, 1.750000000000000222, -1.625000000000001332 ) ) ;
#135 = EDGE_CURVE ( 'NONE', #1688, #431, #877, .T. ) ;
#136 = ORIENTED_EDGE ( 'NONE', *, *, #326, .F. ) ;
#137 = DIRECTION ( 'NONE',  ( 0.000000000000000000, 0.000000000000000000, 1.000000000000000000 ) ) ;
#138 = ORIENTED_EDGE ( 'NONE', *, *, #1329, .F. ) ;
#139 = LINE ( 'NONE', #287, #722 ) ;
#140 = VECTOR ( 'NONE', #487, 39.37007874015748143 ) ;
#141 = EDGE_LOOP ( 'NONE', ( #903, #162, #422, #1235 ) ) ;
#142 = DIRECTION ( 'NONE',  ( 0.000000000000000000, 1.000000000000000000, 0.000000000000000000 ) ) ;
#143 = VECTOR ( 'NONE', #648, 39.37007874015748143 ) ;
#144 = CARTESIAN_POINT ( 'NONE',  ( -0.3819000000000000727, 0.7341244922295752096, -1.399975507770425009 ) ) ;
#145 = VERTEX_POINT ( 'NONE', #857 ) ;
#146 = CARTESIAN_POINT ( 'NONE',  ( -0.3819000000000000727, 1.979999999999999982, 1.399775507770423921 ) ) ;
#147 = ADVANCED_FACE ( 'NONE', ( #625, #356, #340, #97, #751, #989, #80 ), #105, .F. ) ;
#148 = ORIENTED_EDGE ( 'NONE', *, *, #435, .F. ) ;
#149 = CARTESIAN_POINT ( 'NONE',  ( -0.5999999999999998668, 0.2500000000000006106, 1.687499999999998668 ) ) ;
#150 = CARTESIAN_POINT ( 'NONE',  ( -0.3819000000000000727, 0.9758755077704244218, -1.290224492229575359 ) ) ;
#151 = CARTESIAN_POINT ( 'NONE',  ( -0.4606000000000000094, 1.979999999999999982, 1.285899999999999155 ) ) ;
#152 = VERTEX_POINT ( 'NONE', #88 ) ;
#153 = LINE ( 'NONE', #673, #412 ) ;
#154 = CARTESIAN_POINT ( 'NONE',  ( -0.4606000000000000094, 1.729999999999999760, 1.285899999999999155 ) ) ;
#155 = ORIENTED_EDGE ( 'NONE', *, *, #706, .F. ) ;
#156 = ORIENTED_EDGE ( 'NONE', *, *, #1202, .T. ) ;
#157 = DIRECTION ( 'NONE',  ( 0.000000000000000000, 0.000000000000000000, 1.000000000000000000 ) ) ;
#158 = CARTESIAN_POINT ( 'NONE',  ( -0.3499999999999998113, 0.2500000000000000000, -2.250000000000000000 ) ) ;
#159 = ORIENTED_EDGE ( 'NONE', *, *, #1129, .T. ) ;
#160 = DIRECTION ( 'NONE',  ( -1.000000000000000000, 0.000000000000000000, 0.000000000000000000 ) ) ;
#161 = PLANE ( 'NONE',  #1347 ) ;
#162 = ORIENTED_EDGE ( 'NONE', *, *, #772, .F. ) ;
#163 = FACE_OUTER_BOUND ( 'NONE', #1190, .T. ) ;
#164 = CYLINDRICAL_SURFACE ( 'NONE', #417, 0.06249999999999995143 ) ;
#165 = ORIENTED_EDGE ( 'NONE', *, *, #443, .F. ) ;
#166 = ORIENTED_EDGE ( 'NONE', *, *, #26, .F. ) ;
#167 = PLANE ( 'NONE',  #796 ) ;
#168 = CARTESIAN_POINT ( 'NONE',  ( -0.5999999999999998668, 0.2500000000000006106, 1.624999999999998668 ) ) ;
#169 = PLANE ( 'NONE',  #913 ) ;
#170 = VECTOR ( 'NONE', #1136, 39.37007874015748143 ) ;
#171 = EDGE_CURVE ( 'NONE', #802, #1043, #895, .T. ) ;
#172 = VECTOR ( 'NONE', #33, 39.37007874015748143 ) ;
#173 = DIRECTION ( 'NONE',  ( 0.05233595624294389015, 0.000000000000000000, 0.9986295347545739443 ) ) ;
#174 = VECTOR ( 'NONE', #981, 39.37007874015748143 ) ;
#175 = ORIENTED_EDGE ( 'NONE', *, *, #556, .T. ) ;
#176 = VECTOR ( 'NONE', #1079, 39.37007874015748143 ) ;
#177 = ADVANCED_BREP_SHAPE_REPRESENTATION ( 'LLiftMountV2', ( #1031, #1213 ), #387 ) ;
#178 = DIRECTION ( 'NONE',  ( 0.000000000000000000, 0.000000000000000000, -1.000000000000000000 ) ) ;
#179 = VERTEX_POINT ( 'NONE', #742 ) ;
#180 = CARTESIAN_POINT ( 'NONE',  ( -0.4999999999999998335, 0.7299999999999998712, -1.286100000000000243 ) ) ;
#181 = FACE_OUTER_BOUND ( 'NONE', #1300, .T. ) ;
#182 = CARTESIAN_POINT ( 'NONE',  ( -0.5000000000000009992, 0.09999999999999976963, -1.499999999999999334 ) ) ;
#183 = LINE ( 'NONE', #1201, #385 ) ;
#184 = CARTESIAN_POINT ( 'NONE',  ( -0.3499999999999998113, 0.5000000000000000000, -2.000000000000000000 ) ) ;
#185 = LINE ( 'NONE', #959, #1144 ) ;
#186 = DIRECTION ( 'NONE',  ( 0.000000000000000000, 0.000000000000000000, 1.000000000000000000 ) ) ;
#187 = VERTEX_POINT ( 'NONE', #1641 ) ;
#188 = CARTESIAN_POINT ( 'NONE',  ( -0.3819000000000000727, 0.9799999999999999822, -1.399975507770425009 ) ) ;
#189 = CARTESIAN_POINT ( 'NONE',  ( -0.4606000000000000094, 1.729999999999999760, 1.285899999999999155 ) ) ;
#190 = VERTEX_POINT ( 'NONE', #598 ) ;
#191 = FACE_OUTER_BOUND ( 'NONE', #1416, .T. ) ;
#192 = DIRECTION ( 'NONE',  ( 0.000000000000000000, 0.000000000000000000, -1.000000000000000000 ) ) ;
#193 = EDGE_CURVE ( 'NONE', #802, #1005, #1277, .T. ) ;
#194 = ORIENTED_EDGE ( 'NONE', *, *, #304, .T. ) ;
#195 = CARTESIAN_POINT ( 'NONE',  ( -0.4999999999999998335, 1.729999999999999760, -1.286100000000000465 ) ) ;
#196 = LINE ( 'NONE', #1239, #1594 ) ;
#197 = CARTESIAN_POINT ( 'NONE',  ( -0.4544496667517354260, 1.979677674692607470, -1.286422325307392533 ) ) ;
#198 = DIRECTION ( 'NONE',  ( -1.000000000000000000, -0.000000000000000000, 4.553079989440439683E-16 ) ) ;
#199 = CIRCLE ( 'NONE', #993, 0.06249999999999995143 ) ;
#200 = CIRCLE ( 'NONE', #278, 0.2500000000000000555 ) ;
#201 = ORIENTED_EDGE ( 'NONE', *, *, #1472, .T. ) ;
#202 = EDGE_CURVE ( 'NONE', #671, #516, #606, .T. ) ;
#203 = CARTESIAN_POINT ( 'NONE',  ( -0.4606000000000000094, 1.979999999999999982, -1.286100000000000465 ) ) ;
#204 = DIRECTION ( 'NONE',  ( 0.000000000000000000, 0.000000000000000000, -1.000000000000000000 ) ) ;
#205 = VECTOR ( 'NONE', #975, 39.37007874015748143 ) ;
#206 = ADVANCED_FACE ( 'NONE', ( #733 ), #1537, .T. ) ;
#207 = CARTESIAN_POINT ( 'NONE',  ( -0.4999999999999998335, 0.7299999999999998712, -1.286100000000000243 ) ) ;
#208 = CARTESIAN_POINT ( 'NONE',  ( -0.4999999999999998335, 1.729999999999999760, 1.403899999999999260 ) ) ;
#209 = ORIENTED_EDGE ( 'NONE', *, *, #558, .F. ) ;
#210 = CARTESIAN_POINT ( 'NONE',  ( -0.4999999999999998335, 2.000000000000000444, 1.499999999999999778 ) ) ;
#211 = DIRECTION ( 'NONE',  ( -1.000000000000000000, 0.000000000000000000, 4.553079989440439683E-16 ) ) ;
#212 = CARTESIAN_POINT ( 'NONE',  ( -0.4606000000000000094, 0.9799999999999999822, -1.404100000000000126 ) ) ;
#213 = EDGE_CURVE ( 'NONE', #1464, #886, #1274, .T. ) ;
#214 = CARTESIAN_POINT ( 'NONE',  ( -0.4606000000000000094, 1.729999999999999760, -1.286100000000000465 ) ) ;
#215 = CARTESIAN_POINT ( 'NONE',  ( -0.3819000000000000727, 1.734124492229575321, 1.285899999999999155 ) ) ;
#216 = ORIENTED_EDGE ( 'NONE', *, *, #772, .T. ) ;
#217 = DIRECTION ( 'NONE',  ( 0.000000000000000000, 0.000000000000000000, 1.000000000000000000 ) ) ;
#218 = VERTEX_POINT ( 'NONE', #1254 ) ;
#219 = DIRECTION ( 'NONE',  ( 0.000000000000000000, 0.000000000000000000, -1.000000000000000000 ) ) ;
#220 = EDGE_CURVE ( 'NONE', #906, #14, #110, .T. ) ;
#221 = DIRECTION ( 'NONE',  ( -0.000000000000000000, -0.000000000000000000, 1.000000000000000000 ) ) ;
#222 = VECTOR ( 'NONE', #478, 39.37007874015748143 ) ;
#223 = ORIENTED_EDGE ( 'NONE', *, *, #1009, .T. ) ;
#224 = VECTOR ( 'NONE', #1114, 39.37007874015748143 ) ;
#225 = DIRECTION ( 'NONE',  ( 0.000000000000000000, 0.000000000000000000, -1.000000000000000000 ) ) ;
#226 = CARTESIAN_POINT ( 'NONE',  ( -0.3499999999999995337, 0.09999999999999976963, 1.500000000000000888 ) ) ;
#227 =( GEOMETRIC_REPRESENTATION_CONTEXT ( 3 ) GLOBAL_UNCERTAINTY_ASSIGNED_CONTEXT ( ( #1364 ) ) GLOBAL_UNIT_ASSIGNED_CONTEXT ( ( #341, #468, #98 ) ) REPRESENTATION_CONTEXT ( 'NONE', 'WORKASPACE' ) );
#228 = VECTOR ( 'NONE', #566, 39.37007874015748143 ) ;
#229 = PLANE ( 'NONE',  #746 ) ;
#230 = CYLINDRICAL_SURFACE ( 'NONE', #36, 0.2499999999999998057 ) ;
#231 = EDGE_CURVE ( 'NONE', #541, #271, #1531, .T. ) ;
#232 = ORIENTED_EDGE ( 'NONE', *, *, #366, .T. ) ;
#233 = LINE ( 'NONE', #466, #274 ) ;
#234 = CARTESIAN_POINT ( 'NONE',  ( -0.4999999999999998335, 1.729999999999999760, -1.404100000000000570 ) ) ;
#235 = VERTEX_POINT ( 'NONE', #350 ) ;
#236 = FACE_OUTER_BOUND ( 'NONE', #644, .T. ) ;
#237 = ORIENTED_EDGE ( 'NONE', *, *, #394, .T. ) ;
#238 = LINE ( 'NONE', #89, #612 ) ;
#239 = EDGE_CURVE ( 'NONE', #1308, #1186, #1665, .T. ) ;
#240 = ORIENTED_EDGE ( 'NONE', *, *, #127, .F. ) ;
#241 = ORIENTED_EDGE ( 'NONE', *, *, #1686, .T. ) ;
#242 = ORIENTED_EDGE ( 'NONE', *, *, #1533, .T. ) ;
#243 = CARTESIAN_POINT ( 'NONE',  ( -0.4606000000000000094, 1.979999999999999982, -1.404100000000000570 ) ) ;
#244 = DIRECTION ( 'NONE',  ( 0.000000000000000000, -1.000000000000000000, 0.000000000000000000 ) ) ;
#245 = CARTESIAN_POINT ( 'NONE',  ( 1.000000000000000222, 2.000000000000000444, 0.000000000000000000 ) ) ;
#246 = VECTOR ( 'NONE', #806, 39.37007874015748143 ) ;
#247 = AXIS2_PLACEMENT_3D ( 'NONE', #1501, #353, #1118 ) ;
#248 = ORIENTED_EDGE ( 'NONE', *, *, #375, .T. ) ;
#249 = ADVANCED_FACE ( 'NONE', ( #1669 ), #406, .F. ) ;
#250 = VERTEX_POINT ( 'NONE', #577 ) ;
#251 = AXIS2_PLACEMENT_3D ( 'NONE', #1195, #319, #311 ) ;
#252 = EDGE_CURVE ( 'NONE', #1601, #1338, #1587, .T. ) ;
#253 = VECTOR ( 'NONE', #1090, 39.37007874015748143 ) ;
#254 = ORIENTED_EDGE ( 'NONE', *, *, #394, .F. ) ;
#255 = DIRECTION ( 'NONE',  ( -1.000000000000000000, 0.000000000000000000, 0.000000000000000000 ) ) ;
#256 = EDGE_LOOP ( 'NONE', ( #312, #963, #1517, #1115 ) ) ;
#257 = PLANE ( 'NONE',  #587 ) ;
#258 = ORIENTED_EDGE ( 'NONE', *, *, #50, .F. ) ;
#259 = ORIENTED_EDGE ( 'NONE', *, *, #127, .T. ) ;
#260 = EDGE_CURVE ( 'NONE', #1448, #1446, #449, .T. ) ;
#261 = ORIENTED_EDGE ( 'NONE', *, *, #352, .T. ) ;
#262 = DIRECTION ( 'NONE',  ( 0.000000000000000000, 0.000000000000000000, -1.000000000000000000 ) ) ;
#263 = ORIENTED_EDGE ( 'NONE', *, *, #504, .T. ) ;
#264 = ORIENTED_EDGE ( 'NONE', *, *, #1547, .F. ) ;
#265 = DIRECTION ( 'NONE',  ( -0.000000000000000000, 0.000000000000000000, -1.000000000000000000 ) ) ;
#266 = VERTEX_POINT ( 'NONE', #570 ) ;
#267 = LINE ( 'NONE', #1056, #100 ) ;
#268 = EDGE_CURVE ( 'NONE', #187, #687, #318, .T. ) ;
#269 = DIRECTION ( 'NONE',  ( 0.000000000000000000, -0.000000000000000000, -1.000000000000000000 ) ) ;
#270 = DIRECTION ( 'NONE',  ( -1.000000000000000000, 0.000000000000000000, 0.000000000000000000 ) ) ;
#271 = VERTEX_POINT ( 'NONE', #298 ) ;
#272 = ORIENTED_EDGE ( 'NONE', *, *, #23, .T. ) ;
#273 = FACE_OUTER_BOUND ( 'NONE', #1649, .T. ) ;
#274 = VECTOR ( 'NONE', #1131, 39.37007874015748143 ) ;
#275 = ORIENTED_EDGE ( 'NONE', *, *, #1249, .F. ) ;
#276 = CIRCLE ( 'NONE', #792, 0.2500000000000000555 ) ;
#277 = LINE ( 'NONE', #1599, #1353 ) ;
#278 = AXIS2_PLACEMENT_3D ( 'NONE', #1444, #666, #776 ) ;
#279 = CARTESIAN_POINT ( 'NONE',  ( -0.3819000000000000727, 1.734124492229575321, -1.404100000000000570 ) ) ;
#280 = AXIS2_PLACEMENT_3D ( 'NONE', #680, #554, #534 ) ;
#281 = EDGE_LOOP ( 'NONE', ( #831, #1035, #527, #1581 ) ) ;
#282 = DIRECTION ( 'NONE',  ( 0.000000000000000000, 0.000000000000000000, 1.000000000000000000 ) ) ;
#283 = DIRECTION ( 'NONE',  ( -0.9972646886342373396, -0.05226442768871395611, 0.05226442768871396999 ) ) ;
#284 = VERTEX_POINT ( 'NONE', #1367 ) ;
#285 = CARTESIAN_POINT ( 'NONE',  ( -0.5999999999999998668, 0.5000000000000000000, -2.000000000000000000 ) ) ;
#286 = LINE ( 'NONE', #1667, #172 ) ;
#287 = CARTESIAN_POINT ( 'NONE',  ( -0.4999999999999998335, 1.979999999999999982, 1.285899999999999155 ) ) ;
#288 = CARTESIAN_POINT ( 'NONE',  ( -0.3499999999999995337, 1.750000000000000222, -1.687500000000001332 ) ) ;
#289 = ORIENTED_EDGE ( 'NONE', *, *, #1415, .F. ) ;
#290 = DIRECTION ( 'NONE',  ( 1.000000000000000000, -0.000000000000000000, -0.000000000000000000 ) ) ;
#291 = EDGE_LOOP ( 'NONE', ( #1349, #254, #241, #667 ) ) ;
#292 = ORIENTED_EDGE ( 'NONE', *, *, #727, .T. ) ;
#293 = ADVANCED_FACE ( 'NONE', ( #163 ), #1609, .F. ) ;
#294 = VERTEX_POINT ( 'NONE', #1325 ) ;
#295 = EDGE_CURVE ( 'NONE', #190, #125, #153, .T. ) ;
#296 = CARTESIAN_POINT ( 'NONE',  ( -0.4606000000000000094, 0.9799999999999999822, -1.404100000000000126 ) ) ;
#297 = LINE ( 'NONE', #1475, #1067 ) ;
#298 = CARTESIAN_POINT ( 'NONE',  ( -0.3499999999999995337, 2.000000000000000444, 1.750000000000000000 ) ) ;
#299 = CARTESIAN_POINT ( 'NONE',  ( -0.5000000000000009992, 0.09999999999999976963, -1.499999999999999334 ) ) ;
#300 = CARTESIAN_POINT ( 'NONE',  ( -0.4606000000000000094, 1.729999999999999760, -1.404100000000000570 ) ) ;
#301 = DIRECTION ( 'NONE',  ( 1.000000000000000000, 0.000000000000000000, 0.000000000000000000 ) ) ;
#302 = ORIENTED_EDGE ( 'NONE', *, *, #1401, .T. ) ;
#303 = VECTOR ( 'NONE', #1629, 39.37007874015748854 ) ;
#304 = EDGE_CURVE ( 'NONE', #544, #271, #185, .T. ) ;
#305 = AXIS2_PLACEMENT_3D ( 'NONE', #1431, #622, #638 ) ;
#306 = CARTESIAN_POINT ( 'NONE',  ( -0.3499999999999998113, 1.750000000000000444, -2.249999999999999556 ) ) ;
#307 = AXIS2_PLACEMENT_3D ( 'NONE', #1330, #365, #1614 ) ;
#308 = ORIENTED_EDGE ( 'NONE', *, *, #39, .T. ) ;
#309 = AXIS2_PLACEMENT_3D ( 'NONE', #818, #1606, #393 ) ;
#310 = DIRECTION ( 'NONE',  ( -0.9986295347545738332, -0.05233595624294387627, 0.000000000000000000 ) ) ;
#311 = DIRECTION ( 'NONE',  ( 1.000000000000000000, 0.000000000000000000, 0.000000000000000000 ) ) ;
#312 = ORIENTED_EDGE ( 'NONE', *, *, #1369, .F. ) ;
#313 = ORIENTED_EDGE ( 'NONE', *, *, #239, .T. ) ;
#314 = DIRECTION ( 'NONE',  ( 1.000000000000000000, -0.000000000000000000, -4.553079989440439683E-16 ) ) ;
#315 = CARTESIAN_POINT ( 'NONE',  ( -0.4606000000000000094, 1.729999999999999760, 1.285899999999999155 ) ) ;
#316 = ADVANCED_FACE ( 'NONE', ( #1485 ), #29, .T. ) ;
#317 = APPLICATION_PROTOCOL_DEFINITION ( 'draft international standard', 'automotive_design', 1998, #112 ) ;
#318 = LINE ( 'NONE', #1336, #656 ) ;
#319 = DIRECTION ( 'NONE',  ( 0.000000000000000000, 0.000000000000000000, -1.000000000000000000 ) ) ;
#320 = ORIENTED_EDGE ( 'NONE', *, *, #1175, .T. ) ;
#321 = EDGE_LOOP ( 'NONE', ( #408, #837, #232, #368 ) ) ;
#322 = DIRECTION ( 'NONE',  ( 0.000000000000000000, 6.829619984160656074E-16, -1.000000000000000000 ) ) ;
#323 = CARTESIAN_POINT ( 'NONE',  ( -0.3499999999999998113, 1.500000000000000666, -1.750000000000000000 ) ) ;
#324 = ORIENTED_EDGE ( 'NONE', *, *, #371, .F. ) ;
#325 = CARTESIAN_POINT ( 'NONE',  ( -0.3499999999999998113, 1.750000000000000444, -2.249999999999999556 ) ) ;
#326 = EDGE_CURVE ( 'NONE', #544, #179, #1358, .T. ) ;
#327 = CARTESIAN_POINT ( 'NONE',  ( -0.3819000000000000727, 1.734124492229575321, -1.290224492229575803 ) ) ;
#328 = EDGE_CURVE ( 'NONE', #1448, #235, #560, .T. ) ;
#329 = EDGE_CURVE ( 'NONE', #930, #1548, #1503, .T. ) ;
#330 = EDGE_LOOP ( 'NONE', ( #911, #1038, #650, #1536 ) ) ;
#331 = DIRECTION ( 'NONE',  ( 0.000000000000000000, 0.000000000000000000, -1.000000000000000000 ) ) ;
#332 = FACE_OUTER_BOUND ( 'NONE', #784, .T. ) ;
#333 = ORIENTED_EDGE ( 'NONE', *, *, #1288, .F. ) ;
#334 = VECTOR ( 'NONE', #1659, 39.37007874015748143 ) ;
#335 = DIRECTION ( 'NONE',  ( 0.000000000000000000, 0.000000000000000000, 1.000000000000000000 ) ) ;
#336 = VECTOR ( 'NONE', #1529, 39.37007874015748143 ) ;
#337 = DIRECTION ( 'NONE',  ( -0.9972646886342373396, 0.05226442768871395611, -0.05226442768871396999 ) ) ;
#338 = VECTOR ( 'NONE', #735, 39.37007874015748143 ) ;
#339 = VERTEX_POINT ( 'NONE', #603 ) ;
#340 = FACE_BOUND ( 'NONE', #510, .T. ) ;
#341 =( CONVERSION_BASED_UNIT ( 'INCH', #878 ) LENGTH_UNIT ( ) NAMED_UNIT ( #844 ) );
#342 = PRODUCT ( 'LLiftMountV2', 'LLiftMountV2', '', ( #777 ) ) ;
#343 = CARTESIAN_POINT ( 'NONE',  ( -0.5999999999999998668, 0.2500000000000006106, 1.624999999999998668 ) ) ;
#344 = EDGE_CURVE ( 'NONE', #1229, #187, #1011, .T. ) ;
#345 = ORIENTED_EDGE ( 'NONE', *, *, #788, .T. ) ;
#346 = VERTEX_POINT ( 'NONE', #327 ) ;
#347 = DIRECTION ( 'NONE',  ( 0.9986295347545738332, 0.000000000000000000, 0.05233595624294388321 ) ) ;
#348 = LINE ( 'NONE', #740, #764 ) ;
#349 = ORIENTED_EDGE ( 'NONE', *, *, #914, .T. ) ;
#350 = CARTESIAN_POINT ( 'NONE',  ( -0.4999999999999998335, 0.9799999999999999822, -1.286100000000000243 ) ) ;
#351 = CARTESIAN_POINT ( 'NONE',  ( -0.3819000000000000727, 1.979999999999999982, 1.290024492229574493 ) ) ;
#352 = EDGE_CURVE ( 'NONE', #506, #1310, #887, .T. ) ;
#353 = DIRECTION ( 'NONE',  ( 0.000000000000000000, -1.000000000000000000, -0.000000000000000000 ) ) ;
#354 = DIRECTION ( 'NONE',  ( -0.000000000000000000, -0.000000000000000000, 1.000000000000000000 ) ) ;
#355 = ORIENTED_EDGE ( 'NONE', *, *, #954, .F. ) ;
#356 = FACE_BOUND ( 'NONE', #1285, .T. ) ;
#357 = PLANE ( 'NONE',  #305 ) ;
#358 = CARTESIAN_POINT ( 'NONE',  ( -0.5999999999999998668, 0.000000000000000000, -1.599999999999999867 ) ) ;
#359 = AXIS2_PLACEMENT_3D ( 'NONE', #1261, #198, #1120 ) ;
#360 = EDGE_LOOP ( 'NONE', ( #1030, #1108 ) ) ;
#361 = AXIS2_PLACEMENT_3D ( 'NONE', #410, #493, #1682 ) ;
#362 = DIRECTION ( 'NONE',  ( 1.000000000000000000, -0.000000000000000000, -4.553079989440439683E-16 ) ) ;
#363 = CIRCLE ( 'NONE', #940, 0.2500000000000000555 ) ;
#364 = AXIS2_PLACEMENT_3D ( 'NONE', #929, #523, #1577 ) ;
#365 = DIRECTION ( 'NONE',  ( 1.000000000000000000, -0.000000000000000000, -0.000000000000000000 ) ) ;
#366 = EDGE_CURVE ( 'NONE', #614, #1229, #748, .T. ) ;
#367 = CARTESIAN_POINT ( 'NONE',  ( -0.5999999999999998668, 1.750000000000000444, -2.000000000000000000 ) ) ;
#368 = ORIENTED_EDGE ( 'NONE', *, *, #344, .T. ) ;
#369 = VERTEX_POINT ( 'NONE', #464 ) ;
#370 = CARTESIAN_POINT ( 'NONE',  ( -0.4606000000000000094, 0.9799999999999999822, -1.404100000000000126 ) ) ;
#371 = EDGE_CURVE ( 'NONE', #439, #919, #1374, .T. ) ;
#372 = ORIENTED_EDGE ( 'NONE', *, *, #581, .T. ) ;
#373 = CARTESIAN_POINT ( 'NONE',  ( -0.4475696329485919778, 1.730682892600407197, 1.403217107399591823 ) ) ;
#374 = EDGE_CURVE ( 'NONE', #516, #250, #1134, .T. ) ;
#375 = EDGE_CURVE ( 'NONE', #563, #1586, #723, .T. ) ;
#376 = EDGE_LOOP ( 'NONE', ( #399, #1498, #302, #1559 ) ) ;
#377 = ORIENTED_EDGE ( 'NONE', *, *, #1016, .F. ) ;
#378 = FACE_BOUND ( 'NONE', #573, .T. ) ;
#379 = DIRECTION ( 'NONE',  ( 0.000000000000000000, 0.000000000000000000, -1.000000000000000000 ) ) ;
#380 = ORIENTED_EDGE ( 'NONE', *, *, #119, .F. ) ;
#381 = DIRECTION ( 'NONE',  ( 0.000000000000000000, 0.000000000000000000, -1.000000000000000000 ) ) ;
#382 = VECTOR ( 'NONE', #126, 39.37007874015748143 ) ;
#383 = EDGE_CURVE ( 'NONE', #1688, #187, #882, .T. ) ;
#384 = AXIS2_PLACEMENT_3D ( 'NONE', #1642, #211, #734 ) ;
#385 = VECTOR ( 'NONE', #1333, 39.37007874015748143 ) ;
#386 = ORIENTED_EDGE ( 'NONE', *, *, #455, .F. ) ;
#387 =( GEOMETRIC_REPRESENTATION_CONTEXT ( 3 ) GLOBAL_UNCERTAINTY_ASSIGNED_CONTEXT ( ( #65 ) ) GLOBAL_UNIT_ASSIGNED_CONTEXT ( ( #1307, #1357, #1165 ) ) REPRESENTATION_CONTEXT ( 'NONE', 'WORKASPACE' ) );
#388 = PLANE ( 'NONE',  #1240 ) ;
#389 = ORIENTED_EDGE ( 'NONE', *, *, #1637, .F. ) ;
#390 = FACE_OUTER_BOUND ( 'NONE', #1153, .T. ) ;
#391 = VERTEX_POINT ( 'NONE', #1638 ) ;
#392 = EDGE_LOOP ( 'NONE', ( #651, #1568, #760, #1596 ) ) ;
#393 = DIRECTION ( 'NONE',  ( 0.000000000000000000, 0.000000000000000000, -1.000000000000000000 ) ) ;
#394 = EDGE_CURVE ( 'NONE', #145, #798, #1509, .T. ) ;
#395 = VERTEX_POINT ( 'NONE', #867 ) ;
#396 = DIRECTION ( 'NONE',  ( 0.000000000000000000, 0.000000000000000000, -1.000000000000000000 ) ) ;
#397 = ORIENTED_EDGE ( 'NONE', *, *, #1162, .T. ) ;
#398 = CYLINDRICAL_SURFACE ( 'NONE', #1068, 0.06249999999999995143 ) ;
#399 = ORIENTED_EDGE ( 'NONE', *, *, #128, .F. ) ;
#400 = ORIENTED_EDGE ( 'NONE', *, *, #64, .T. ) ;
#401 = PLANE ( 'NONE',  #893 ) ;
#402 = EDGE_LOOP ( 'NONE', ( #17, #813 ) ) ;
#403 = LINE ( 'NONE', #1462, #1518 ) ;
#404 = LINE ( 'NONE', #279, #520 ) ;
#405 = ORIENTED_EDGE ( 'NONE', *, *, #503, .T. ) ;
#406 = CYLINDRICAL_SURFACE ( 'NONE', #1266, 0.06249999999999995143 ) ;
#407 = DIRECTION ( 'NONE',  ( 0.000000000000000000, 0.000000000000000000, 1.000000000000000000 ) ) ;
#408 = ORIENTED_EDGE ( 'NONE', *, *, #383, .F. ) ;
#409 = VECTOR ( 'NONE', #43, 39.37007874015748143 ) ;
#410 = CARTESIAN_POINT ( 'NONE',  ( -0.6000000000000011990, 0.2500000000000006106, -1.625000000000001332 ) ) ;
#411 = CARTESIAN_POINT ( 'NONE',  ( -0.4544496667517354260, 1.979677674692607470, 1.403577674692607191 ) ) ;
#412 = VECTOR ( 'NONE', #1065, 39.37007874015748143 ) ;
#413 = ORIENTED_EDGE ( 'NONE', *, *, #475, .T. ) ;
#414 = PRODUCT_DEFINITION_CONTEXT ( 'detailed design', #112, 'design' ) ;
#415 = VECTOR ( 'NONE', #536, 39.37007874015748143 ) ;
#416 = CARTESIAN_POINT ( 'NONE',  ( -0.3499999999999995337, 2.000000000000000444, 1.499999999999999778 ) ) ;
#417 = AXIS2_PLACEMENT_3D ( 'NONE', #590, #1107, #1619 ) ;
#418 = ADVANCED_FACE ( 'NONE', ( #1386 ), #1395, .T. ) ;
#419 = VERTEX_POINT ( 'NONE', #208 ) ;
#420 = DIRECTION ( 'NONE',  ( -1.000000000000000000, -0.000000000000000000, 4.553079989440439683E-16 ) ) ;
#421 = ADVANCED_FACE ( 'NONE', ( #731 ), #230, .T. ) ;
#422 = ORIENTED_EDGE ( 'NONE', *, *, #202, .T. ) ;
#423 = LINE ( 'NONE', #285, #495 ) ;
#424 = DIRECTION ( 'NONE',  ( 0.000000000000000000, 1.000000000000000000, 0.000000000000000000 ) ) ;
#425 = DIRECTION ( 'NONE',  ( 1.000000000000000000, -0.000000000000000000, -0.000000000000000000 ) ) ;
#426 = CARTESIAN_POINT ( 'NONE',  ( -0.3499999999999998113, 0.2500000000000000000, -1.937999999999999945 ) ) ;
#427 = VERTEX_POINT ( 'NONE', #1402 ) ;
#428 = CARTESIAN_POINT ( 'NONE',  ( -0.4606000000000000094, 1.729999999999999760, 1.285899999999999155 ) ) ;
#429 = LINE ( 'NONE', #59, #1151 ) ;
#430 = EDGE_CURVE ( 'NONE', #614, #1688, #348, .T. ) ;
#431 = VERTEX_POINT ( 'NONE', #617 ) ;
#432 = DIRECTION ( 'NONE',  ( -1.000000000000000000, -0.000000000000000000, 4.553079989440439683E-16 ) ) ;
#433 = FACE_OUTER_BOUND ( 'NONE', #849, .T. ) ;
#434 = LINE ( 'NONE', #661, #476 ) ;
#435 = EDGE_CURVE ( 'NONE', #1586, #1121, #1663, .T. ) ;
#436 = DIRECTION ( 'NONE',  ( 0.000000000000000000, 1.000000000000000000, 0.000000000000000000 ) ) ;
#437 = ORIENTED_EDGE ( 'NONE', *, *, #969, .F. ) ;
#438 = DIRECTION ( 'NONE',  ( -1.000000000000000000, 0.000000000000000000, 0.000000000000000000 ) ) ;
#439 = VERTEX_POINT ( 'NONE', #1004 ) ;
#440 = CARTESIAN_POINT ( 'NONE',  ( -0.6000000000000011990, 1.750000000000000222, -1.625000000000001332 ) ) ;
#441 = DIRECTION ( 'NONE',  ( -1.000000000000000000, 0.000000000000000000, 0.000000000000000000 ) ) ;
#442 = LINE ( 'NONE', #1506, #205 ) ;
#443 = EDGE_CURVE ( 'NONE', #794, #906, #854, .T. ) ;
#444 = CIRCLE ( 'NONE', #1618, 0.06249999999999995143 ) ;
#445 = CIRCLE ( 'NONE', #472, 0.06249999999999995143 ) ;
#446 = CARTESIAN_POINT ( 'NONE',  ( -0.6000000000000011990, 1.750000000000000222, -1.687500000000001332 ) ) ;
#447 = CIRCLE ( 'NONE', #693, 0.2499999999999998057 ) ;
#448 = CIRCLE ( 'NONE', #749, 0.06249999999999995143 ) ;
#449 = LINE ( 'NONE', #52, #826 ) ;
#450 = CARTESIAN_POINT ( 'NONE',  ( -0.5999999999999998668, 1.750000000000000222, 1.687499999999998668 ) ) ;
#451 = ORIENTED_EDGE ( 'NONE', *, *, #1119, .F. ) ;
#452 = ORIENTED_EDGE ( 'NONE', *, *, #1686, .F. ) ;
#453 = CARTESIAN_POINT ( 'NONE',  ( -0.4999999999999998335, 2.000000000000000444, -1.499999999999999778 ) ) ;
#454 = LINE ( 'NONE', #1390, #663 ) ;
#455 = EDGE_CURVE ( 'NONE', #1361, #496, #1245, .T. ) ;
#456 = DIRECTION ( 'NONE',  ( 0.000000000000000000, -1.000000000000000000, -0.000000000000000000 ) ) ;
#457 = FACE_OUTER_BOUND ( 'NONE', #715, .T. ) ;
#458 = FACE_OUTER_BOUND ( 'NONE', #1135, .T. ) ;
#459 = ORIENTED_EDGE ( 'NONE', *, *, #602, .T. ) ;
#460 = DIRECTION ( 'NONE',  ( 0.000000000000000000, 1.000000000000000000, 0.000000000000000000 ) ) ;
#461 = FACE_OUTER_BOUND ( 'NONE', #47, .T. ) ;
#462 = CYLINDRICAL_SURFACE ( 'NONE', #866, 0.06249999999999995143 ) ;
#463 = CARTESIAN_POINT ( 'NONE',  ( -0.5999999999999998668, 0.2500000000000006106, 1.624999999999998668 ) ) ;
#464 = CARTESIAN_POINT ( 'NONE',  ( -0.5999999999999998668, 0.5000000000000000000, -2.000000000000000000 ) ) ;
#465 = ORIENTED_EDGE ( 'NONE', *, *, #1627, .T. ) ;
#466 = CARTESIAN_POINT ( 'NONE',  ( -0.4999999999999998335, 1.729999999999999760, 1.403899999999999260 ) ) ;
#467 = DIMENSIONAL_EXPONENTS ( 1.000000000000000000, 0.000000000000000000, 0.000000000000000000, 0.000000000000000000, 0.000000000000000000, 0.000000000000000000, 0.000000000000000000 ) ;
#468 =( NAMED_UNIT ( * ) PLANE_ANGLE_UNIT ( ) SI_UNIT ( $, .RADIAN. ) );
#469 = LINE ( 'NONE', #716, #797 ) ;
#470 = AXIS2_PLACEMENT_3D ( 'NONE', #1272, #876, #997 ) ;
#471 = CARTESIAN_POINT ( 'NONE',  ( -0.3819000000000000727, 0.9758755077704244218, -1.404100000000000126 ) ) ;
#472 = AXIS2_PLACEMENT_3D ( 'NONE', #1216, #49, #567 ) ;
#473 = CARTESIAN_POINT ( 'NONE',  ( -0.3499999999999995337, 0.000000000000000000, 1.750000000000000000 ) ) ;
#474 = CIRCLE ( 'NONE', #1407, 0.2499999999999998057 ) ;
#475 = EDGE_CURVE ( 'NONE', #339, #783, #1535, .T. ) ;
#476 = VECTOR ( 'NONE', #1301, 39.37007874015748143 ) ;
#477 = ORIENTED_EDGE ( 'NONE', *, *, #987, .F. ) ;
#478 = DIRECTION ( 'NONE',  ( -1.000000000000000000, 0.000000000000000000, 0.000000000000000000 ) ) ;
#479 = DIRECTION ( 'NONE',  ( 0.000000000000000000, 0.000000000000000000, -1.000000000000000000 ) ) ;
#480 = PRODUCT_DEFINITION_FORMATION_WITH_SPECIFIED_SOURCE ( 'ANY', '', #342, .NOT_KNOWN. ) ;
#481 = LINE ( 'NONE', #325, #610 ) ;
#482 = DIRECTION ( 'NONE',  ( 0.000000000000000000, -0.000000000000000000, -1.000000000000000000 ) ) ;
#483 = ORIENTED_EDGE ( 'NONE', *, *, #747, .T. ) ;
#484 = DIRECTION ( 'NONE',  ( -0.000000000000000000, -0.000000000000000000, -1.000000000000000000 ) ) ;
#485 = DIRECTION ( 'NONE',  ( 0.000000000000000000, 0.000000000000000000, 1.000000000000000000 ) ) ;
#486 = CARTESIAN_POINT ( 'NONE',  ( -0.6000000000000011990, 1.750000000000000222, -1.625000000000001332 ) ) ;
#487 = DIRECTION ( 'NONE',  ( -1.000000000000000000, 0.000000000000000000, 0.000000000000000000 ) ) ;
#488 = ORIENTED_EDGE ( 'NONE', *, *, #135, .T. ) ;
#489 = CARTESIAN_POINT ( 'NONE',  ( -0.6000000000000011990, 0.2500000000000006106, -1.562500000000001332 ) ) ;
#490 = CARTESIAN_POINT ( 'NONE',  ( -0.3499999999999998113, 0.000000000000000000, -2.000000000000000000 ) ) ;
#491 = ADVANCED_FACE ( 'NONE', ( #457 ), #978, .F. ) ;
#492 = APPLICATION_CONTEXT ( 'automotive_design' ) ;
#493 = DIRECTION ( 'NONE',  ( 1.000000000000000000, -0.000000000000000000, -4.553079989440439683E-16 ) ) ;
#494 = DIRECTION ( 'NONE',  ( 0.000000000000000000, 0.000000000000000000, 1.000000000000000000 ) ) ;
#495 = VECTOR ( 'NONE', #689, 39.37007874015748143 ) ;
#496 = VERTEX_POINT ( 'NONE', #1170 ) ;
#497 = VECTOR ( 'NONE', #1617, 39.37007874015748143 ) ;
#498 = FILL_AREA_STYLE ('',( #607 ) ) ;
#499 = VECTOR ( 'NONE', #106, 39.37007874015748143 ) ;
#500 = VERTEX_POINT ( 'NONE', #1161 ) ;
#501 = VECTOR ( 'NONE', #942, 39.37007874015748143 ) ;
#502 = DIRECTION ( 'NONE',  ( 0.05233595624294389015, 0.000000000000000000, -0.9986295347545739443 ) ) ;
#503 = EDGE_CURVE ( 'NONE', #1654, #509, #10, .T. ) ;
#504 = EDGE_CURVE ( 'NONE', #783, #1200, #1673, .T. ) ;
#505 = ADVANCED_FACE ( 'NONE', ( #1414 ), #388, .T. ) ;
#506 = VERTEX_POINT ( 'NONE', #1033 ) ;
#507 = DIRECTION ( 'NONE',  ( -1.000000000000000000, 0.000000000000000000, 0.000000000000000000 ) ) ;
#508 = EDGE_LOOP ( 'NONE', ( #900, #166 ) ) ;
#509 = VERTEX_POINT ( 'NONE', #1051 ) ;
#510 = EDGE_LOOP ( 'NONE', ( #1020, #1468 ) ) ;
#511 = CARTESIAN_POINT ( 'NONE',  ( -0.3819000000000000727, 1.500000000000000222, 2.689999999999999503 ) ) ;
#512 = EDGE_CURVE ( 'NONE', #1360, #1361, #1171, .T. ) ;
#513 = ORIENTED_EDGE ( 'NONE', *, *, #1111, .F. ) ;
#514 = FACE_OUTER_BOUND ( 'NONE', #1382, .T. ) ;
#515 = EDGE_LOOP ( 'NONE', ( #1246, #653, #313, #805 ) ) ;
#516 = VERTEX_POINT ( 'NONE', #909 ) ;
#517 = CARTESIAN_POINT ( 'NONE',  ( -0.3499999999999998113, 0.2500000000000000000, -2.000000000000000000 ) ) ;
#518 = CARTESIAN_POINT ( 'NONE',  ( -0.4606000000000000094, 0.7299999999999998712, -1.404100000000000126 ) ) ;
#519 = ADVANCED_FACE ( 'NONE', ( #1041 ), #108, .F. ) ;
#520 = VECTOR ( 'NONE', #801, 39.37007874015748143 ) ;
#521 = EDGE_LOOP ( 'NONE', ( #123, #1668 ) ) ;
#522 = ORIENTED_EDGE ( 'NONE', *, *, #1366, .T. ) ;
#523 = DIRECTION ( 'NONE',  ( 0.05233595624294388321, 0.9986295347545739443, 0.000000000000000000 ) ) ;
#524 = MECHANICAL_DESIGN_GEOMETRIC_PRESENTATION_REPRESENTATION (  '', ( #1621 ), #227 ) ;
#525 = CIRCLE ( 'NONE', #1544, 0.06249999999999995143 ) ;
#526 = ORIENTED_EDGE ( 'NONE', *, *, #728, .F. ) ;
#527 = ORIENTED_EDGE ( 'NONE', *, *, #1418, .T. ) ;
#528 = DIRECTION ( 'NONE',  ( 1.000000000000000000, -0.000000000000000000, -0.000000000000000000 ) ) ;
#529 = ORIENTED_EDGE ( 'NONE', *, *, #119, .T. ) ;
#530 = ORIENTED_EDGE ( 'NONE', *, *, #1369, .T. ) ;
#531 = DIRECTION ( 'NONE',  ( -1.000000000000000000, 0.000000000000000000, 0.000000000000000000 ) ) ;
#532 = EDGE_CURVE ( 'NONE', #886, #369, #276, .T. ) ;
#533 = ORIENTED_EDGE ( 'NONE', *, *, #344, .F. ) ;
#534 = DIRECTION ( 'NONE',  ( 0.000000000000000000, 0.000000000000000000, -1.000000000000000000 ) ) ;
#535 = CARTESIAN_POINT ( 'NONE',  ( -0.5999999999999998668, 2.000000000000000444, 1.750000000000000000 ) ) ;
#536 = DIRECTION ( 'NONE',  ( 0.000000000000000000, -1.000000000000000000, -0.000000000000000000 ) ) ;
#537 = ORIENTED_EDGE ( 'NONE', *, *, #808, .T. ) ;
#538 = ORIENTED_EDGE ( 'NONE', *, *, #1027, .T. ) ;
#539 = DIRECTION ( 'NONE',  ( 0.000000000000000000, 0.000000000000000000, 1.000000000000000000 ) ) ;
#540 = CYLINDRICAL_SURFACE ( 'NONE', #309, 0.06200000000000004813 ) ;
#541 = VERTEX_POINT ( 'NONE', #416 ) ;
#542 = EDGE_CURVE ( 'NONE', #271, #563, #297, .T. ) ;
#543 = PLANE ( 'NONE',  #633 ) ;
#544 = VERTEX_POINT ( 'NONE', #535 ) ;
#545 = CARTESIAN_POINT ( 'NONE',  ( -0.4606000000000000094, 1.729999999999999760, -1.404100000000000570 ) ) ;
#546 = FACE_OUTER_BOUND ( 'NONE', #281, .T. ) ;
#547 = ORIENTED_EDGE ( 'NONE', *, *, #39, .F. ) ;
#548 = VECTOR ( 'NONE', #337, 39.37007874015748854 ) ;
#549 = CARTESIAN_POINT ( 'NONE',  ( -0.3499999999999995337, 2.000000000000000444, -1.499999999999999778 ) ) ;
#550 = CARTESIAN_POINT ( 'NONE',  ( -0.4475696329485919778, 1.730682892600407197, -1.286782892600407902 ) ) ;
#551 = DIRECTION ( 'NONE',  ( -1.000000000000000000, -0.000000000000000000, 4.553079989440439683E-16 ) ) ;
#552 = VECTOR ( 'NONE', #1600, 39.37007874015748143 ) ;
#553 = VECTOR ( 'NONE', #1231, 39.37007874015748854 ) ;
#554 = DIRECTION ( 'NONE',  ( 1.000000000000000000, -0.000000000000000000, -0.000000000000000000 ) ) ;
#555 = CIRCLE ( 'NONE', #122, 0.06249999999999995143 ) ;
#556 = EDGE_CURVE ( 'NONE', #284, #1473, #1226, .T. ) ;
#557 = FACE_OUTER_BOUND ( 'NONE', #1230, .T. ) ;
#558 = EDGE_CURVE ( 'NONE', #1310, #642, #665, .T. ) ;
#559 = ORIENTED_EDGE ( 'NONE', *, *, #1113, .T. ) ;
#560 = LINE ( 'NONE', #1477, #140 ) ;
#561 = DIRECTION ( 'NONE',  ( -0.9972646886342373396, -0.05226442768871395611, -0.05226442768871396999 ) ) ;
#562 = ORIENTED_EDGE ( 'NONE', *, *, #558, .T. ) ;
#563 = VERTEX_POINT ( 'NONE', #1057 ) ;
#564 = DIRECTION ( 'NONE',  ( -1.000000000000000000, 0.000000000000000000, 0.000000000000000000 ) ) ;
#565 = FACE_OUTER_BOUND ( 'NONE', #1497, .T. ) ;
#566 = DIRECTION ( 'NONE',  ( 0.000000000000000000, 0.000000000000000000, 1.000000000000000000 ) ) ;
#567 = DIRECTION ( 'NONE',  ( 0.000000000000000000, 0.000000000000000000, -1.000000000000000000 ) ) ;
#568 = DIRECTION ( 'NONE',  ( 1.000000000000000000, 0.000000000000000000, 0.000000000000000000 ) ) ;
#569 = VERTEX_POINT ( 'NONE', #836 ) ;
#570 = CARTESIAN_POINT ( 'NONE',  ( -0.4999999999999998335, 1.729999999999999760, 1.285899999999999155 ) ) ;
#571 = LINE ( 'NONE', #30, #176 ) ;
#572 = EDGE_CURVE ( 'NONE', #1296, #1081, #821, .T. ) ;
#573 = EDGE_LOOP ( 'NONE', ( #156, #483, #883, #1420 ) ) ;
#574 = DIRECTION ( 'NONE',  ( 0.000000000000000000, 0.000000000000000000, -1.000000000000000000 ) ) ;
#575 = CARTESIAN_POINT ( 'NONE',  ( -0.4606000000000000094, 1.979999999999999982, -1.404100000000000570 ) ) ;
#576 = DIRECTION ( 'NONE',  ( 0.000000000000000000, -1.000000000000000000, 0.000000000000000000 ) ) ;
#577 = CARTESIAN_POINT ( 'NONE',  ( -0.4606000000000000094, 1.979999999999999982, -1.404100000000000570 ) ) ;
#578 = CARTESIAN_POINT ( 'NONE',  ( -0.4999999999999998335, 0.09999999999999976963, 1.500000000000000888 ) ) ;
#579 = VERTEX_POINT ( 'NONE', #306 ) ;
#580 = DIRECTION ( 'NONE',  ( -1.000000000000000000, 0.000000000000000000, 0.000000000000000000 ) ) ;
#581 = EDGE_CURVE ( 'NONE', #346, #671, #1580, .T. ) ;
#582 = DIRECTION ( 'NONE',  ( 0.000000000000000000, 0.000000000000000000, 1.000000000000000000 ) ) ;
#583 = CARTESIAN_POINT ( 'NONE',  ( -0.3499999999999998113, 0.2500000000000000000, -2.000000000000000000 ) ) ;
#584 = AXIS2_PLACEMENT_3D ( 'NONE', #1397, #225, #1651 ) ;
#585 = AXIS2_PLACEMENT_3D ( 'NONE', #1355, #436, #702 ) ;
#586 = CARTESIAN_POINT ( 'NONE',  ( -0.3499999999999998113, 0.000000000000000000, -2.000000000000000000 ) ) ;
#587 = AXIS2_PLACEMENT_3D ( 'NONE', #245, #1424, #137 ) ;
#588 = AXIS2_PLACEMENT_3D ( 'NONE', #652, #1062, #1309 ) ;
#589 = CARTESIAN_POINT ( 'NONE',  ( -0.3499999999999998113, 1.750000000000000444, -1.937500000000000000 ) ) ;
#590 = CARTESIAN_POINT ( 'NONE',  ( -0.5999999999999998668, 1.750000000000000222, 1.624999999999998668 ) ) ;
#591 = ORIENTED_EDGE ( 'NONE', *, *, #1515, .T. ) ;
#592 = LINE ( 'NONE', #188, #67 ) ;
#593 = CARTESIAN_POINT ( 'NONE',  ( -0.4999999999999998335, 1.729999999999999760, -1.404100000000000570 ) ) ;
#594 = CYLINDRICAL_SURFACE ( 'NONE', #800, 0.06249999999999995143 ) ;
#595 = EDGE_CURVE ( 'NONE', #1360, #1434, #1334, .T. ) ;
#596 = CARTESIAN_POINT ( 'NONE',  ( 1.000000000000000222, 0.09999999999999976963, 0.000000000000000000 ) ) ;
#597 = DIRECTION ( 'NONE',  ( -0.9972646886342373396, -0.05226442768871395611, -0.05226442768871396999 ) ) ;
#598 = CARTESIAN_POINT ( 'NONE',  ( -0.4606000000000000094, 1.729999999999999760, -1.404100000000000570 ) ) ;
#599 = FACE_OUTER_BOUND ( 'NONE', #780, .T. ) ;
#600 = DIRECTION ( 'NONE',  ( 1.000000000000000000, -0.000000000000000000, -4.553079989440439683E-16 ) ) ;
#601 = CARTESIAN_POINT ( 'NONE',  ( -0.4606000000000000094, 1.979999999999999982, 1.285899999999999155 ) ) ;
#602 = EDGE_CURVE ( 'NONE', #395, #369, #1085, .T. ) ;
#603 = CARTESIAN_POINT ( 'NONE',  ( -0.3499999999999998113, 1.750000000000000444, -1.937500000000000000 ) ) ;
#604 = ADVANCED_FACE ( 'NONE', ( #1450 ), #543, .F. ) ;
#605 = VERTEX_POINT ( 'NONE', #38 ) ;
#606 = LINE ( 'NONE', #884, #1146 ) ;
#607 = FILL_AREA_STYLE_COLOUR ( '', #1173 ) ;
#608 = VECTOR ( 'NONE', #1013, 39.37007874015748854 ) ;
#609 = FACE_OUTER_BOUND ( 'NONE', #133, .T. ) ;
#610 = VECTOR ( 'NONE', #1251, 39.37007874015748143 ) ;
#611 = CARTESIAN_POINT ( 'NONE',  ( -0.4606000000000000094, 1.979999999999999982, -1.404100000000000570 ) ) ;
#612 = VECTOR ( 'NONE', #270, 39.37007874015748143 ) ;
#613 = ADVANCED_FACE ( 'NONE', ( #1312 ), #1463, .F. ) ;
#614 = VERTEX_POINT ( 'NONE', #144 ) ;
#615 = DIRECTION ( 'NONE',  ( -1.000000000000000000, -0.000000000000000000, 4.553079989440439683E-16 ) ) ;
#616 = DIRECTION ( 'NONE',  ( 1.000000000000000000, 0.000000000000000000, -0.000000000000000000 ) ) ;
#617 = CARTESIAN_POINT ( 'NONE',  ( -0.4999999999999998335, 0.7299999999999998712, -1.404100000000000126 ) ) ;
#618 = ORIENTED_EDGE ( 'NONE', *, *, #1639, .F. ) ;
#619 = CARTESIAN_POINT ( 'NONE',  ( -0.3499999999999998113, 0.2500000000000000000, -2.250000000000000000 ) ) ;
#620 = LINE ( 'NONE', #490, #1516 ) ;
#621 = ADVANCED_FACE ( 'NONE', ( #1607 ), #161, .T. ) ;
#622 = DIRECTION ( 'NONE',  ( 1.000000000000000000, 0.000000000000000000, -0.000000000000000000 ) ) ;
#623 = DIRECTION ( 'NONE',  ( 0.000000000000000000, 1.000000000000000000, 0.000000000000000000 ) ) ;
#624 = ORIENTED_EDGE ( 'NONE', *, *, #987, .T. ) ;
#625 = FACE_BOUND ( 'NONE', #508, .T. ) ;
#626 = EDGE_CURVE ( 'NONE', #54, #346, #404, .T. ) ;
#627 = ADVANCED_FACE ( 'NONE', ( #1092 ), #672, .T. ) ;
#628 = ORIENTED_EDGE ( 'NONE', *, *, #1666, .F. ) ;
#629 = FACE_BOUND ( 'NONE', #868, .T. ) ;
#630 = VECTOR ( 'NONE', #354, 39.37007874015748143 ) ;
#631 = DIRECTION ( 'NONE',  ( 1.000000000000000000, -0.000000000000000000, -0.000000000000000000 ) ) ;
#632 = AXIS2_PLACEMENT_3D ( 'NONE', #367, #1554, #379 ) ;
#633 = AXIS2_PLACEMENT_3D ( 'NONE', #151, #683, #18 ) ;
#634 = DIRECTION ( 'NONE',  ( 0.000000000000000000, 1.000000000000000000, 3.414809992080328037E-16 ) ) ;
#635 = AXIS2_PLACEMENT_3D ( 'NONE', #782, #528, #769 ) ;
#636 = ORIENTED_EDGE ( 'NONE', *, *, #1645, .F. ) ;
#637 = ORIENTED_EDGE ( 'NONE', *, *, #15, .T. ) ;
#638 = DIRECTION ( 'NONE',  ( 0.000000000000000000, 0.000000000000000000, 1.000000000000000000 ) ) ;
#639 = DIRECTION ( 'NONE',  ( 0.000000000000000000, 0.000000000000000000, -1.000000000000000000 ) ) ;
#640 = EDGE_LOOP ( 'NONE', ( #944, #659, #928, #1583 ) ) ;
#641 = CARTESIAN_POINT ( 'NONE',  ( -0.3499999999999998113, 1.750000000000000444, -2.000000000000000000 ) ) ;
#642 = VERTEX_POINT ( 'NONE', #288 ) ;
#643 = EDGE_LOOP ( 'NONE', ( #261, #562, #1193, #636 ) ) ;
#644 = EDGE_LOOP ( 'NONE', ( #789, #60, #2, #248 ) ) ;
#645 = DIRECTION ( 'NONE',  ( -1.000000000000000000, -0.000000000000000000, 4.553079989440439683E-16 ) ) ;
#646 = ADVANCED_FACE ( 'NONE', ( #557 ), #1076, .T. ) ;
#647 = ORIENTED_EDGE ( 'NONE', *, *, #1129, .F. ) ;
#648 = DIRECTION ( 'NONE',  ( -1.000000000000000000, 0.000000000000000000, 0.000000000000000000 ) ) ;
#649 = SHAPE_DEFINITION_REPRESENTATION ( #710, #177 ) ;
#650 = ORIENTED_EDGE ( 'NONE', *, *, #657, .F. ) ;
#651 = ORIENTED_EDGE ( 'NONE', *, *, #1558, .F. ) ;
#652 = CARTESIAN_POINT ( 'NONE',  ( -0.4606000000000000094, 1.729999999999999760, 1.285899999999999155 ) ) ;
#653 = ORIENTED_EDGE ( 'NONE', *, *, #1284, .T. ) ;
#654 = ORIENTED_EDGE ( 'NONE', *, *, #1648, .F. ) ;
#655 = LINE ( 'NONE', #146, #892 ) ;
#656 = VECTOR ( 'NONE', #847, 39.37007874015748143 ) ;
#657 = EDGE_CURVE ( 'NONE', #1185, #152, #445, .T. ) ;
#658 = VECTOR ( 'NONE', #121, 39.37007874015748143 ) ;
#659 = ORIENTED_EDGE ( 'NONE', *, *, #135, .F. ) ;
#660 = VERTEX_POINT ( 'NONE', #1484 ) ;
#661 = CARTESIAN_POINT ( 'NONE',  ( -0.4606000000000000094, 1.729999999999999760, -1.404100000000000570 ) ) ;
#662 = AXIS2_PLACEMENT_3D ( 'NONE', #1210, #1083, #322 ) ;
#663 = VECTOR ( 'NONE', #1223, 39.37007874015748143 ) ;
#664 = VERTEX_POINT ( 'NONE', #586 ) ;
#665 = LINE ( 'NONE', #446, #1289 ) ;
#666 = DIRECTION ( 'NONE',  ( 1.000000000000000000, -0.000000000000000000, -0.000000000000000000 ) ) ;
#667 = ORIENTED_EDGE ( 'NONE', *, *, #1317, .T. ) ;
#668 = ORIENTED_EDGE ( 'NONE', *, *, #954, .T. ) ;
#669 = EDGE_CURVE ( 'NONE', #1308, #988, #199, .T. ) ;
#670 = CARTESIAN_POINT ( 'NONE',  ( 2.500000000000000000, 2.000000000000000444, 1.499999999999999778 ) ) ;
#671 = VERTEX_POINT ( 'NONE', #1133 ) ;
#672 = PLANE ( 'NONE',  #1512 ) ;
#673 = CARTESIAN_POINT ( 'NONE',  ( -0.4606000000000000094, 1.729999999999999760, -1.404100000000000570 ) ) ;
#674 = CARTESIAN_POINT ( 'NONE',  ( -0.3499999999999995337, 0.2500000000000006106, -1.625000000000001332 ) ) ;
#675 = VERTEX_POINT ( 'NONE', #315 ) ;
#676 = ORIENTED_EDGE ( 'NONE', *, *, #1162, .F. ) ;
#677 = DIRECTION ( 'NONE',  ( 1.000000000000000000, -0.000000000000000000, -4.553079989440439683E-16 ) ) ;
#678 = DIRECTION ( 'NONE',  ( 0.000000000000000000, 0.000000000000000000, -1.000000000000000000 ) ) ;
#679 = ADVANCED_FACE ( 'NONE', ( #609 ), #1394, .F. ) ;
#680 = CARTESIAN_POINT ( 'NONE',  ( -0.3499999999999998113, 1.750000000000000444, -2.000000000000000000 ) ) ;
#681 = EDGE_CURVE ( 'NONE', #1479, #294, #1148, .T. ) ;
#682 = EDGE_CURVE ( 'NONE', #569, #660, #1588, .T. ) ;
#683 = DIRECTION ( 'NONE',  ( 0.000000000000000000, -1.000000000000000000, -0.000000000000000000 ) ) ;
#684 = EDGE_LOOP ( 'NONE', ( #437, #941, #308, #1677 ) ) ;
#685 = DIRECTION ( 'NONE',  ( 0.000000000000000000, 0.000000000000000000, 1.000000000000000000 ) ) ;
#686 = LINE ( 'NONE', #299, #970 ) ;
#687 = VERTEX_POINT ( 'NONE', #207 ) ;
#688 = VECTOR ( 'NONE', #460, 39.37007874015748143 ) ;
#689 = DIRECTION ( 'NONE',  ( 0.000000000000000000, -3.414809992080328037E-16, 1.000000000000000000 ) ) ;
#690 = LINE ( 'NONE', #550, #553 ) ;
#691 = PLANE ( 'NONE',  #588 ) ;
#692 = AXIS2_PLACEMENT_3D ( 'NONE', #463, #1636, #1232 ) ;
#693 = AXIS2_PLACEMENT_3D ( 'NONE', #858, #1362, #1499 ) ;
#694 = CARTESIAN_POINT ( 'NONE',  ( -0.4606000000000000094, 0.9799999999999999822, -1.286100000000000243 ) ) ;
#695 = DIRECTION ( 'NONE',  ( -0.9986295347545738332, 0.000000000000000000, 0.05233595624294388321 ) ) ;
#696 = ORIENTED_EDGE ( 'NONE', *, *, #1215, .F. ) ;
#697 = CARTESIAN_POINT ( 'NONE',  ( -0.3499999999999998113, 0.2500000000000000000, -1.937999999999999945 ) ) ;
#698 = ORIENTED_EDGE ( 'NONE', *, *, #503, .F. ) ;
#699 = CARTESIAN_POINT ( 'NONE',  ( -0.4999999999999998335, 2.000000000000000444, -1.499999999999999778 ) ) ;
#700 = CARTESIAN_POINT ( 'NONE',  ( -0.4606000000000000094, 1.979999999999999982, 1.285899999999999155 ) ) ;
#701 = FACE_OUTER_BOUND ( 'NONE', #825, .T. ) ;
#702 = DIRECTION ( 'NONE',  ( 0.000000000000000000, 0.000000000000000000, 1.000000000000000000 ) ) ;
#703 = EDGE_CURVE ( 'NONE', #579, #1060, #481, .T. ) ;
#704 = CARTESIAN_POINT ( 'NONE',  ( -0.6000000000000011990, 0.2500000000000006106, -1.625000000000001332 ) ) ;
#705 = CARTESIAN_POINT ( 'NONE',  ( -0.4606000000000000094, 1.979999999999999982, 1.403899999999999260 ) ) ;
#706 = EDGE_CURVE ( 'NONE', #1283, #798, #984, .T. ) ;
#707 = ORIENTED_EDGE ( 'NONE', *, *, #969, .T. ) ;
#708 = DIRECTION ( 'NONE',  ( 0.000000000000000000, 0.000000000000000000, 1.000000000000000000 ) ) ;
#709 = DIRECTION ( 'NONE',  ( 0.05233595624294388321, -0.9986295347545739443, 0.000000000000000000 ) ) ;
#710 = PRODUCT_DEFINITION_SHAPE ( 'NONE', 'NONE',  #85 ) ;
#711 = CARTESIAN_POINT ( 'NONE',  ( -0.5999999999999998668, 1.500000000000000666, -1.750000000000000000 ) ) ;
#712 = DIRECTION ( 'NONE',  ( 0.000000000000000000, 0.000000000000000000, 1.000000000000000000 ) ) ;
#713 = DIRECTION ( 'NONE',  ( 0.000000000000000000, 1.000000000000000000, 0.000000000000000000 ) ) ;
#714 = EDGE_LOOP ( 'NONE', ( #732, #242, #345, #117 ) ) ;
#715 = EDGE_LOOP ( 'NONE', ( #894, #413, #477, #1012 ) ) ;
#716 = CARTESIAN_POINT ( 'NONE',  ( -0.6000000000000011990, 0.2500000000000006106, -1.687500000000001332 ) ) ;
#717 = ADVANCED_FACE ( 'NONE', ( #1508 ), #1520, .F. ) ;
#718 = VECTOR ( 'NONE', #1612, 39.37007874015748143 ) ;
#719 = AXIS2_PLACEMENT_3D ( 'NONE', #1149, #623, #494 ) ;
#720 = CARTESIAN_POINT ( 'NONE',  ( -0.5999999999999998668, 1.750000000000000444, -1.937500000000000000 ) ) ;
#721 = VECTOR ( 'NONE', #1007, 39.37007874015748143 ) ;
#722 = VECTOR ( 'NONE', #809, 39.37007874015748143 ) ;
#723 = LINE ( 'NONE', #473, #1064 ) ;
#724 = CARTESIAN_POINT ( 'NONE',  ( -0.4606000000000000094, 0.7299999999999998712, -1.404100000000000126 ) ) ;
#725 = CARTESIAN_POINT ( 'NONE',  ( -0.5999999999999998668, 1.750000000000000444, -2.000000000000000000 ) ) ;
#726 = CARTESIAN_POINT ( 'NONE',  ( -0.4606000000000000094, 1.729999999999999760, 1.285899999999999155 ) ) ;
#727 = EDGE_CURVE ( 'NONE', #509, #218, #91, .T. ) ;
#728 = EDGE_CURVE ( 'NONE', #1423, #1166, #66, .T. ) ;
#729 = ORIENTED_EDGE ( 'NONE', *, *, #669, .F. ) ;
#730 = CARTESIAN_POINT ( 'NONE',  ( -0.6000000000000011990, 0.2500000000000006106, -1.625000000000001332 ) ) ;
#731 = FACE_OUTER_BOUND ( 'NONE', #920, .T. ) ;
#732 = ORIENTED_EDGE ( 'NONE', *, *, #1613, .F. ) ;
#733 = FACE_OUTER_BOUND ( 'NONE', #1039, .T. ) ;
#734 = DIRECTION ( 'NONE',  ( -4.553079989440439683E-16, 0.000000000000000000, -1.000000000000000000 ) ) ;
#735 = DIRECTION ( 'NONE',  ( -3.642463991552351451E-16, 0.000000000000000000, -1.000000000000000000 ) ) ;
#736 = ADVANCED_FACE ( 'NONE', ( #976 ), #84, .T. ) ;
#737 = ORIENTED_EDGE ( 'NONE', *, *, #1639, .T. ) ;
#738 = LINE ( 'NONE', #197, #910 ) ;
#739 = ADVANCED_FACE ( 'NONE', ( #1385 ), #845, .F. ) ;
#740 = CARTESIAN_POINT ( 'NONE',  ( -0.4606000000000000094, 0.7299999999999998712, -1.404100000000000126 ) ) ;
#741 = ORIENTED_EDGE ( 'NONE', *, *, #4, .T. ) ;
#742 = CARTESIAN_POINT ( 'NONE',  ( -0.5999999999999998668, 2.000000000000000444, -2.000000000000000000 ) ) ;
#743 = CARTESIAN_POINT ( 'NONE',  ( -0.4999999999999998335, 0.09999999999999976963, 1.500000000000000888 ) ) ;
#744 = VECTOR ( 'NONE', #580, 39.37007874015748143 ) ;
#745 = DIRECTION ( 'NONE',  ( -0.9972646886342373396, 0.05226442768871395611, 0.05226442768871396999 ) ) ;
#746 = AXIS2_PLACEMENT_3D ( 'NONE', #370, #502, #1542 ) ;
#747 = EDGE_CURVE ( 'NONE', #266, #419, #853, .T. ) ;
#748 = LINE ( 'NONE', #1646, #630 ) ;
#749 = AXIS2_PLACEMENT_3D ( 'NONE', #63, #829, #479 ) ;
#750 = EDGE_LOOP ( 'NONE', ( #5, #1476, #1294, #397 ) ) ;
#751 = FACE_OUTER_BOUND ( 'NONE', #1453, .T. ) ;
#752 = DIRECTION ( 'NONE',  ( 0.000000000000000000, 0.000000000000000000, 1.000000000000000000 ) ) ;
#753 = LINE ( 'NONE', #351, #45 ) ;
#754 = CARTESIAN_POINT ( 'NONE',  ( -0.4606000000000000094, 0.7299999999999998712, -1.404100000000000126 ) ) ;
#755 = ADVANCED_FACE ( 'NONE', ( #191 ), #1400, .F. ) ;
#756 = DIRECTION ( 'NONE',  ( 0.000000000000000000, -1.000000000000000000, -0.000000000000000000 ) ) ;
#757 = SURFACE_STYLE_FILL_AREA ( #498 ) ;
#758 = ORIENTED_EDGE ( 'NONE', *, *, #1438, .T. ) ;
#759 = CARTESIAN_POINT ( 'NONE',  ( 1.000000000000000222, 0.000000000000000000, 0.000000000000000000 ) ) ;
#760 = ORIENTED_EDGE ( 'NONE', *, *, #706, .T. ) ;
#761 = FACE_BOUND ( 'NONE', #972, .T. ) ;
#762 = EDGE_LOOP ( 'NONE', ( #324, #1160, #372, #216 ) ) ;
#763 = FACE_OUTER_BOUND ( 'NONE', #256, .T. ) ;
#764 = VECTOR ( 'NONE', #597, 39.37007874015748854 ) ;
#765 = CARTESIAN_POINT ( 'NONE',  ( -0.4606000000000000094, 1.979999999999999982, -1.404100000000000570 ) ) ;
#766 = AXIS2_PLACEMENT_3D ( 'NONE', #486, #1259, #335 ) ;
#767 = ORIENTED_EDGE ( 'NONE', *, *, #1467, .F. ) ;
#768 = VECTOR ( 'NONE', #1220, 39.37007874015748143 ) ;
#769 = DIRECTION ( 'NONE',  ( 0.000000000000000000, 0.000000000000000000, -1.000000000000000000 ) ) ;
#770 = AXIS2_PLACEMENT_3D ( 'NONE', #1443, #1211, #1179 ) ;
#771 = ORIENTED_EDGE ( 'NONE', *, *, #804, .T. ) ;
#772 = EDGE_CURVE ( 'NONE', #671, #919, #738, .T. ) ;
#773 = CARTESIAN_POINT ( 'NONE',  ( -0.4606000000000000094, 1.729999999999999760, 1.403899999999999260 ) ) ;
#774 = ADVANCED_FACE ( 'NONE', ( #1365 ), #1270, .T. ) ;
#775 = ORIENTED_EDGE ( 'NONE', *, *, #1666, .T. ) ;
#776 = DIRECTION ( 'NONE',  ( 0.000000000000000000, 0.000000000000000000, -1.000000000000000000 ) ) ;
#777 = PRODUCT_CONTEXT ( 'NONE', #492, 'mechanical' ) ;
#778 = ORIENTED_EDGE ( 'NONE', *, *, #728, .T. ) ;
#779 = DIRECTION ( 'NONE',  ( 0.000000000000000000, -1.000000000000000000, -0.000000000000000000 ) ) ;
#780 = EDGE_LOOP ( 'NONE', ( #1507, #1480, #1604, #1632, #1445, #46, #1640, #1263, #1178, #618, #1569, #1040, #1048, #1689 ) ) ;
#781 = VERTEX_POINT ( 'NONE', #1105 ) ;
#782 = CARTESIAN_POINT ( 'NONE',  ( -0.3499999999999998113, 0.2500000000000000000, -2.000000000000000000 ) ) ;
#783 = VERTEX_POINT ( 'NONE', #720 ) ;
#784 = EDGE_LOOP ( 'NONE', ( #1276, #1063, #771, #1672 ) ) ;
#785 = FACE_OUTER_BOUND ( 'NONE', #750, .T. ) ;
#786 = EDGE_LOOP ( 'NONE', ( #209, #1269, #872, #1631 ) ) ;
#787 = CARTESIAN_POINT ( 'NONE',  ( -0.3819000000000000727, 1.979999999999999982, -1.290224492229575803 ) ) ;
#788 = EDGE_CURVE ( 'NONE', #1479, #1185, #1244, .T. ) ;
#789 = ORIENTED_EDGE ( 'NONE', *, *, #435, .T. ) ;
#790 = CARTESIAN_POINT ( 'NONE',  ( -0.4606000000000000094, 1.979999999999999982, 1.403899999999999260 ) ) ;
#791 = AXIS2_PLACEMENT_3D ( 'NONE', #545, #1093, #310 ) ;
#792 = AXIS2_PLACEMENT_3D ( 'NONE', #1025, #1546, #1590 ) ;
#793 = ORIENTED_EDGE ( 'NONE', *, *, #1113, .F. ) ;
#794 = VERTEX_POINT ( 'NONE', #1408 ) ;
#795 = DIRECTION ( 'NONE',  ( 0.05233595624294389015, 0.000000000000000000, 0.9986295347545739443 ) ) ;
#796 = AXIS2_PLACEMENT_3D ( 'NONE', #189, #582, #564 ) ;
#797 = VECTOR ( 'NONE', #600, 39.37007874015748143 ) ;
#798 = VERTEX_POINT ( 'NONE', #1534 ) ;
#799 = CARTESIAN_POINT ( 'NONE',  ( 2.500000000000000000, 2.000000000000000444, 1.499999999999999778 ) ) ;
#800 = AXIS2_PLACEMENT_3D ( 'NONE', #1634, #1380, #204 ) ;
#801 = DIRECTION ( 'NONE',  ( -0.000000000000000000, -0.000000000000000000, 1.000000000000000000 ) ) ;
#802 = VERTEX_POINT ( 'NONE', #1413 ) ;
#803 = CARTESIAN_POINT ( 'NONE',  ( -0.6000000000000011990, 0.2500000000000006106, -1.562500000000001332 ) ) ;
#804 = EDGE_CURVE ( 'NONE', #391, #1200, #286, .T. ) ;
#805 = ORIENTED_EDGE ( 'NONE', *, *, #1332, .F. ) ;
#806 = DIRECTION ( 'NONE',  ( 0.000000000000000000, 0.000000000000000000, 1.000000000000000000 ) ) ;
#807 = DIRECTION ( 'NONE',  ( 1.000000000000000000, 0.000000000000000000, -0.000000000000000000 ) ) ;
#808 = EDGE_CURVE ( 'NONE', #781, #145, #1280, .T. ) ;
#809 = DIRECTION ( 'NONE',  ( 0.000000000000000000, -0.000000000000000000, -1.000000000000000000 ) ) ;
#810 = EDGE_LOOP ( 'NONE', ( #272, #668, #1595, #138 ) ) ;
#811 = DIRECTION ( 'NONE',  ( -0.000000000000000000, 1.000000000000000000, -0.000000000000000000 ) ) ;
#812 = CARTESIAN_POINT ( 'NONE',  ( -0.3500000000000009215, 0.09999999999999976963, -1.499999999999999334 ) ) ;
#813 = ORIENTED_EDGE ( 'NONE', *, *, #1579, .T. ) ;
#814 = DIRECTION ( 'NONE',  ( 0.000000000000000000, 0.000000000000000000, -1.000000000000000000 ) ) ;
#815 = ORIENTED_EDGE ( 'NONE', *, *, #455, .T. ) ;
#816 = LINE ( 'NONE', #32, #718 ) ;
#817 = CARTESIAN_POINT ( 'NONE',  ( -0.5999999999999998668, 1.750000000000000222, 1.624999999999998668 ) ) ;
#818 = CARTESIAN_POINT ( 'NONE',  ( -0.3499999999999998113, 0.2500000000000000000, -2.000000000000000000 ) ) ;
#819 = ADVANCED_FACE ( 'NONE', ( #236 ), #897, .F. ) ;
#820 = CARTESIAN_POINT ( 'NONE',  ( -0.4606000000000000094, 0.9799999999999999822, -1.286100000000000243 ) ) ;
#821 = LINE ( 'NONE', #812, #497 ) ;
#822 = ORIENTED_EDGE ( 'NONE', *, *, #1027, .F. ) ;
#823 = DIRECTION ( 'NONE',  ( 0.000000000000000000, -0.000000000000000000, -1.000000000000000000 ) ) ;
#824 = CARTESIAN_POINT ( 'NONE',  ( -0.4606000000000000094, 1.979999999999999982, 1.285899999999999155 ) ) ;
#825 = EDGE_LOOP ( 'NONE', ( #1047, #101, #1172, #320 ) ) ;
#826 = VECTOR ( 'NONE', #823, 39.37007874015748143 ) ;
#827 = LINE ( 'NONE', #1350, #1124 ) ;
#828 = DIRECTION ( 'NONE',  ( 0.000000000000000000, 0.000000000000000000, 1.000000000000000000 ) ) ;
#829 = DIRECTION ( 'NONE',  ( -1.000000000000000000, -0.000000000000000000, 4.553079989440439683E-16 ) ) ;
#830 = AXIS2_PLACEMENT_3D ( 'NONE', #759, #1675, #1584 ) ;
#831 = ORIENTED_EDGE ( 'NONE', *, *, #64, .F. ) ;
#832 = CIRCLE ( 'NONE', #865, 0.06249999999999995143 ) ;
#833 = CARTESIAN_POINT ( 'NONE',  ( -0.3499999999999998113, 0.2500000000000000000, -2.061999999999999833 ) ) ;
#834 = EDGE_CURVE ( 'NONE', #642, #1181, #1042, .T. ) ;
#835 = CIRCLE ( 'NONE', #1046, 0.06249999999999995143 ) ;
#836 = CARTESIAN_POINT ( 'NONE',  ( -0.3499999999999995337, 1.750000000000000222, 1.562499999999998668 ) ) ;
#837 = ORIENTED_EDGE ( 'NONE', *, *, #430, .F. ) ;
#838 = DIRECTION ( 'NONE',  ( 0.000000000000000000, 0.000000000000000000, 1.000000000000000000 ) ) ;
#839 = FACE_OUTER_BOUND ( 'NONE', #291, .T. ) ;
#840 = ORIENTED_EDGE ( 'NONE', *, *, #1175, .F. ) ;
#841 = EDGE_LOOP ( 'NONE', ( #132, #1327, #1217, #386 ) ) ;
#842 = LINE ( 'NONE', #700, #1432 ) ;
#843 = DIRECTION ( 'NONE',  ( -1.000000000000000000, 0.000000000000000000, 0.000000000000000000 ) ) ;
#844 = DIMENSIONAL_EXPONENTS ( 1.000000000000000000, 0.000000000000000000, 0.000000000000000000, 0.000000000000000000, 0.000000000000000000, 0.000000000000000000, 0.000000000000000000 ) ;
#845 = PLANE ( 'NONE',  #247 ) ;
#846 = ADVANCED_FACE ( 'NONE', ( #1187, #629, #1147, #378 ), #357, .T. ) ;
#847 = DIRECTION ( 'NONE',  ( -1.000000000000000000, 0.000000000000000000, 0.000000000000000000 ) ) ;
#848 = DIRECTION ( 'NONE',  ( 0.000000000000000000, 0.000000000000000000, 1.000000000000000000 ) ) ;
#849 = EDGE_LOOP ( 'NONE', ( #1436, #109, #1354, #917 ) ) ;
#850 = ORIENTED_EDGE ( 'NONE', *, *, #83, .F. ) ;
#851 = LINE ( 'NONE', #195, #1674 ) ;
#852 = FACE_OUTER_BOUND ( 'NONE', #714, .T. ) ;
#853 = LINE ( 'NONE', #881, #966 ) ;
#854 = LINE ( 'NONE', #1233, #336 ) ;
#855 = EDGE_CURVE ( 'NONE', #1005, #95, #888, .T. ) ;
#856 = ORIENTED_EDGE ( 'NONE', *, *, #1332, .T. ) ;
#857 = CARTESIAN_POINT ( 'NONE',  ( -0.3819000000000000727, 1.975875507770424422, 1.290024492229574493 ) ) ;
#858 = CARTESIAN_POINT ( 'NONE',  ( -0.3499999999999998113, 1.750000000000000444, -2.000000000000000000 ) ) ;
#859 = LINE ( 'NONE', #726, #42 ) ;
#860 = VECTOR ( 'NONE', #1658, 39.37007874015748143 ) ;
#861 = ORIENTED_EDGE ( 'NONE', *, *, #1637, .T. ) ;
#862 = VECTOR ( 'NONE', #77, 39.37007874015748143 ) ;
#863 = AXIS2_PLACEMENT_3D ( 'NONE', #871, #990, #1142 ) ;
#864 = DIRECTION ( 'NONE',  ( 1.000000000000000000, 0.000000000000000000, 0.000000000000000000 ) ) ;
#865 = AXIS2_PLACEMENT_3D ( 'NONE', #641, #3, #1028 ) ;
#866 = AXIS2_PLACEMENT_3D ( 'NONE', #343, #314, #1372 ) ;
#867 = CARTESIAN_POINT ( 'NONE',  ( -0.3499999999999998113, 0.5000000000000000000, -2.000000000000000000 ) ) ;
#868 = EDGE_LOOP ( 'NONE', ( #1387, #400, #1399, #529 ) ) ;
#869 = CARTESIAN_POINT ( 'NONE',  ( -0.4999999999999998335, 2.000000000000000444, -1.499999999999999778 ) ) ;
#870 = ADVANCED_FACE ( 'NONE', ( #763 ), #229, .T. ) ;
#871 = CARTESIAN_POINT ( 'NONE',  ( -0.3819000000000000727, 1.500000000000000222, -4.313444200522519937E-16 ) ) ;
#872 = ORIENTED_EDGE ( 'NONE', *, *, #1645, .T. ) ;
#873 = ADVANCED_FACE ( 'NONE', ( #1023 ), #1139, .F. ) ;
#874 = EDGE_CURVE ( 'NONE', #250, #1473, #901, .T. ) ;
#875 = DIRECTION ( 'NONE',  ( 1.000000000000000000, 0.000000000000000000, 0.000000000000000000 ) ) ;
#876 = DIRECTION ( 'NONE',  ( -1.000000000000000000, 0.000000000000000000, 0.000000000000000000 ) ) ;
#877 = LINE ( 'NONE', #724, #1560 ) ;
#878 = LENGTH_MEASURE_WITH_UNIT ( LENGTH_MEASURE( 0.02539999999999999897 ), #111 );
#879 = EDGE_CURVE ( 'NONE', #1654, #14, #1010, .T. ) ;
#880 = ORIENTED_EDGE ( 'NONE', *, *, #542, .F. ) ;
#881 = CARTESIAN_POINT ( 'NONE',  ( -0.4999999999999998335, 1.729999999999999760, 1.285899999999999155 ) ) ;
#882 = LINE ( 'NONE', #103, #860 ) ;
#883 = ORIENTED_EDGE ( 'NONE', *, *, #128, .T. ) ;
#884 = CARTESIAN_POINT ( 'NONE',  ( -0.3819000000000000727, 1.975875507770424422, -1.404100000000000570 ) ) ;
#885 = CARTESIAN_POINT ( 'NONE',  ( -0.3499999999999998113, 2.000000000000000444, -2.000000000000000000 ) ) ;
#886 = VERTEX_POINT ( 'NONE', #1154 ) ;
#887 = CIRCLE ( 'NONE', #359, 0.06249999999999995143 ) ;
#888 = LINE ( 'NONE', #1275, #1487 ) ;
#889 = ADVANCED_FACE ( 'NONE', ( #1061 ), #21, .F. ) ;
#890 = AXIS2_PLACEMENT_3D ( 'NONE', #107, #645, #157 ) ;
#891 = CARTESIAN_POINT ( 'NONE',  ( -0.4606000000000000094, 1.729999999999999760, -1.286100000000000465 ) ) ;
#892 = VECTOR ( 'NONE', #1678, 39.37007874015748143 ) ;
#893 = AXIS2_PLACEMENT_3D ( 'NONE', #670, #1340, #1188 ) ;
#894 = ORIENTED_EDGE ( 'NONE', *, *, #1415, .T. ) ;
#895 = LINE ( 'NONE', #210, #1405 ) ;
#896 = CARTESIAN_POINT ( 'NONE',  ( -0.5999999999999998668, 1.750000000000000444, -2.249999999999999556 ) ) ;
#897 = PLANE ( 'NONE',  #830 ) ;
#898 = VERTEX_POINT ( 'NONE', #773 ) ;
#899 = LINE ( 'NONE', #885, #1563 ) ;
#900 = ORIENTED_EDGE ( 'NONE', *, *, #352, .F. ) ;
#901 = LINE ( 'NONE', #243, #1406 ) ;
#902 = CARTESIAN_POINT ( 'NONE',  ( -0.5999999999999998668, 1.500000000000000666, -1.750000000000000000 ) ) ;
#903 = ORIENTED_EDGE ( 'NONE', *, *, #1591, .F. ) ;
#904 = FACE_OUTER_BOUND ( 'NONE', #1550, .T. ) ;
#905 = ADVANCED_FACE ( 'NONE', ( #1459 ), #1015, .T. ) ;
#906 = VERTEX_POINT ( 'NONE', #1553 ) ;
#907 = ORIENTED_EDGE ( 'NONE', *, *, #220, .F. ) ;
#908 = VECTOR ( 'NONE', #1378, 39.37007874015748143 ) ;
#909 = CARTESIAN_POINT ( 'NONE',  ( -0.3819000000000000727, 1.975875507770424422, -1.399975507770425232 ) ) ;
#910 = VECTOR ( 'NONE', #745, 39.37007874015748854 ) ;
#911 = ORIENTED_EDGE ( 'NONE', *, *, #681, .T. ) ;
#912 = DIRECTION ( 'NONE',  ( 0.000000000000000000, 0.000000000000000000, -1.000000000000000000 ) ) ;
#913 = AXIS2_PLACEMENT_3D ( 'NONE', #694, #795, #1072 ) ;
#914 = EDGE_CURVE ( 'NONE', #1060, #179, #1540, .T. ) ;
#915 = ORIENTED_EDGE ( 'NONE', *, *, #1228, .F. ) ;
#916 = ORIENTED_EDGE ( 'NONE', *, *, #83, .T. ) ;
#917 = ORIENTED_EDGE ( 'NONE', *, *, #626, .F. ) ;
#918 = LINE ( 'NONE', #373, #1018 ) ;
#919 = VERTEX_POINT ( 'NONE', #203 ) ;
#920 = EDGE_LOOP ( 'NONE', ( #922, #513, #87, #159 ) ) ;
#921 = CARTESIAN_POINT ( 'NONE',  ( -0.3499999999999998113, 0.2500000000000000000, -2.000000000000000000 ) ) ;
#922 = ORIENTED_EDGE ( 'NONE', *, *, #703, .F. ) ;
#923 = ADVANCED_FACE ( 'NONE', ( #1247 ), #948, .T. ) ;
#924 = CARTESIAN_POINT ( 'NONE',  ( -0.3499999999999998113, 0.2500000000000000000, -2.000000000000000000 ) ) ;
#925 = CARTESIAN_POINT ( 'NONE',  ( -0.6000000000000011990, 1.750000000000000222, -1.625000000000001332 ) ) ;
#926 = LENGTH_MEASURE_WITH_UNIT ( LENGTH_MEASURE( 0.02539999999999999897 ), #58 );
#927 = EDGE_LOOP ( 'NONE', ( #1552, #1214, #1429, #113 ) ) ;
#928 = ORIENTED_EDGE ( 'NONE', *, *, #383, .T. ) ;
#929 = CARTESIAN_POINT ( 'NONE',  ( -0.4606000000000000094, 1.979999999999999982, 1.285899999999999155 ) ) ;
#930 = VERTEX_POINT ( 'NONE', #1222 ) ;
#931 = DIRECTION ( 'NONE',  ( 0.000000000000000000, 1.000000000000000000, 0.000000000000000000 ) ) ;
#932 = ADVANCED_FACE ( 'NONE', ( #964 ), #955, .F. ) ;
#933 = CARTESIAN_POINT ( 'NONE',  ( -0.4999999999999998335, 1.979999999999999982, -1.404100000000000570 ) ) ;
#934 = ORIENTED_EDGE ( 'NONE', *, *, #1418, .F. ) ;
#935 = DIRECTION ( 'NONE',  ( 0.000000000000000000, 1.000000000000000000, 0.000000000000000000 ) ) ;
#936 = DIRECTION ( 'NONE',  ( -1.000000000000000000, 0.000000000000000000, 0.000000000000000000 ) ) ;
#937 = VECTOR ( 'NONE', #269, 39.37007874015748143 ) ;
#938 = ORIENTED_EDGE ( 'NONE', *, *, #1589, .F. ) ;
#939 = DIRECTION ( 'NONE',  ( -0.9972646886342373396, 0.05226442768871395611, 0.05226442768871396999 ) ) ;
#940 = AXIS2_PLACEMENT_3D ( 'NONE', #517, #1435, #381 ) ;
#941 = ORIENTED_EDGE ( 'NONE', *, *, #295, .F. ) ;
#942 = DIRECTION ( 'NONE',  ( -0.000000000000000000, -1.000000000000000000, -0.000000000000000000 ) ) ;
#943 = DIRECTION ( 'NONE',  ( 1.000000000000000000, -0.000000000000000000, -4.553079989440439683E-16 ) ) ;
#944 = ORIENTED_EDGE ( 'NONE', *, *, #1391, .F. ) ;
#945 = CARTESIAN_POINT ( 'NONE',  ( -0.5999999999999998668, 1.750000000000000222, 1.687499999999998668 ) ) ;
#946 = ORIENTED_EDGE ( 'NONE', *, *, #326, .T. ) ;
#947 = CARTESIAN_POINT ( 'NONE',  ( -0.3819000000000000727, 1.734124492229575321, -1.399975507770425232 ) ) ;
#948 = PLANE ( 'NONE',  #9 ) ;
#949 = FACE_OUTER_BOUND ( 'NONE', #762, .T. ) ;
#950 = CARTESIAN_POINT ( 'NONE',  ( 2.500000000000000000, 2.000000000000000444, -1.499999999999999778 ) ) ;
#951 = CARTESIAN_POINT ( 'NONE',  ( -0.5999999999999998668, 2.000000000000000444, -1.599999999999999867 ) ) ;
#952 = PLANE ( 'NONE',  #1207 ) ;
#953 = LINE ( 'NONE', #300, #246 ) ;
#954 = EDGE_CURVE ( 'NONE', #1601, #569, #974, .T. ) ;
#955 = CYLINDRICAL_SURFACE ( 'NONE', #1454, 0.06249999999999995143 ) ;
#956 = CYLINDRICAL_SURFACE ( 'NONE', #1271, 0.06200000000000004813 ) ;
#957 = DIRECTION ( 'NONE',  ( 0.9986295347545738332, -0.05233595624294387627, 0.000000000000000000 ) ) ;
#958 = ORIENTED_EDGE ( 'NONE', *, *, #295, .T. ) ;
#959 = CARTESIAN_POINT ( 'NONE',  ( -0.3499999999999995337, 2.000000000000000444, 1.750000000000000000 ) ) ;
#960 = CARTESIAN_POINT ( 'NONE',  ( 1.000000000000000222, 0.000000000000000000, 1.750000000000000000 ) ) ;
#961 = ORIENTED_EDGE ( 'NONE', *, *, #92, .T. ) ;
#962 = VECTOR ( 'NONE', #362, 39.37007874015748143 ) ;
#963 = ORIENTED_EDGE ( 'NONE', *, *, #1180, .F. ) ;
#964 = FACE_OUTER_BOUND ( 'NONE', #330, .T. ) ;
#965 = LINE ( 'NONE', #182, #338 ) ;
#966 = VECTOR ( 'NONE', #1373, 39.37007874015748143 ) ;
#967 = ORIENTED_EDGE ( 'NONE', *, *, #76, .T. ) ;
#968 = AXIS2_PLACEMENT_3D ( 'NONE', #817, #1481, #1491 ) ;
#969 = EDGE_CURVE ( 'NONE', #125, #1088, #1379, .T. ) ;
#970 = VECTOR ( 'NONE', #1346, 39.37007874015748143 ) ;
#971 = CARTESIAN_POINT ( 'NONE',  ( -0.3500000000000009215, 0.000000000000000000, -1.499999999999999334 ) ) ;
#972 = EDGE_LOOP ( 'NONE', ( #696, #41 ) ) ;
#973 = EDGE_LOOP ( 'NONE', ( #1022, #707, #538, #175 ) ) ;
#974 = LINE ( 'NONE', #1351, #174 ) ;
#975 = DIRECTION ( 'NONE',  ( 1.000000000000000000, -0.000000000000000000, -4.553079989440439683E-16 ) ) ;
#976 = FACE_OUTER_BOUND ( 'NONE', #1197, .T. ) ;
#977 = ADVANCED_FACE ( 'NONE', ( #461 ), #62, .F. ) ;
#978 = CYLINDRICAL_SURFACE ( 'NONE', #1267, 0.06249999999999995143 ) ;
#979 = LINE ( 'NONE', #1227, #1409 ) ;
#980 = EDGE_LOOP ( 'NONE', ( #380, #389, #530, #488 ) ) ;
#981 = DIRECTION ( 'NONE',  ( 1.000000000000000000, -0.000000000000000000, -4.553079989440439683E-16 ) ) ;
#982 = CARTESIAN_POINT ( 'NONE',  ( -0.5999999999999998668, 1.750000000000000222, 1.562499999999998668 ) ) ;
#983 = ORIENTED_EDGE ( 'NONE', *, *, #239, .F. ) ;
#984 = LINE ( 'NONE', #601, #862 ) ;
#985 = ADVANCED_FACE ( 'NONE', ( #181 ), #167, .F. ) ;
#986 = CARTESIAN_POINT ( 'NONE',  ( -0.4606000000000000094, 1.979999999999999982, 1.285899999999999155 ) ) ;
#987 = EDGE_CURVE ( 'NONE', #1200, #783, #1653, .T. ) ;
#988 = VERTEX_POINT ( 'NONE', #1624 ) ;
#989 = FACE_BOUND ( 'NONE', #1439, .T. ) ;
#990 = DIRECTION ( 'NONE',  ( 1.000000000000000000, 0.000000000000000000, -0.000000000000000000 ) ) ;
#991 = FACE_OUTER_BOUND ( 'NONE', #376, .T. ) ;
#992 = VECTOR ( 'NONE', #482, 39.37007874015748143 ) ;
#993 = AXIS2_PLACEMENT_3D ( 'NONE', #730, #1644, #1657 ) ;
#994 = AXIS2_PLACEMENT_3D ( 'NONE', #725, #73, #331 ) ;
#995 = CARTESIAN_POINT ( 'NONE',  ( -0.3499999999999995337, 1.750000000000000222, 1.624999999999998668 ) ) ;
#996 = CIRCLE ( 'NONE', #280, 0.06249999999999995143 ) ;
#997 = DIRECTION ( 'NONE',  ( 0.000000000000000000, 0.000000000000000000, -1.000000000000000000 ) ) ;
#998 = ORIENTED_EDGE ( 'NONE', *, *, #595, .F. ) ;
#999 = CARTESIAN_POINT ( 'NONE',  ( -0.5999999999999998668, 2.000000000000000444, -1.599999999999999867 ) ) ;
#1000 = FACE_BOUND ( 'NONE', #1095, .T. ) ;
#1001 = CARTESIAN_POINT ( 'NONE',  ( -0.5999999999999998668, 0.000000000000000000, 1.750000000000000000 ) ) ;
#1002 = ORIENTED_EDGE ( 'NONE', *, *, #104, .T. ) ;
#1003 = DIRECTION ( 'NONE',  ( -0.000000000000000000, -0.000000000000000000, -1.000000000000000000 ) ) ;
#1004 = CARTESIAN_POINT ( 'NONE',  ( -0.4606000000000000094, 1.729999999999999760, -1.286100000000000465 ) ) ;
#1005 = VERTEX_POINT ( 'NONE', #453 ) ;
#1006 = DIRECTION ( 'NONE',  ( -1.000000000000000000, 0.000000000000000000, 0.000000000000000000 ) ) ;
#1007 = DIRECTION ( 'NONE',  ( 0.000000000000000000, -1.000000000000000000, -0.000000000000000000 ) ) ;
#1008 = EDGE_CURVE ( 'NONE', #798, #1177, #842, .T. ) ;
#1009 = EDGE_CURVE ( 'NONE', #346, #439, #690, .T. ) ;
#1010 = LINE ( 'NONE', #1290, #658 ) ;
#1011 = LINE ( 'NONE', #1252, #303 ) ;
#1012 = ORIENTED_EDGE ( 'NONE', *, *, #804, .F. ) ;
#1013 = DIRECTION ( 'NONE',  ( -0.9972646886342373396, 0.05226442768871395611, 0.05226442768871396999 ) ) ;
#1014 = CARTESIAN_POINT ( 'NONE',  ( -0.3499999999999998113, 0.5000000000000000000, -2.000000000000000000 ) ) ;
#1015 = PLANE ( 'NONE',  #1100 ) ;
#1016 = EDGE_CURVE ( 'NONE', #579, #500, #447, .T. ) ;
#1017 = AXIS2_PLACEMENT_3D ( 'NONE', #995, #1662, #1112 ) ;
#1018 = VECTOR ( 'NONE', #283, 39.37007874015748854 ) ;
#1019 = CIRCLE ( 'NONE', #1318, 0.06249999999999995143 ) ;
#1020 = ORIENTED_EDGE ( 'NONE', *, *, #23, .F. ) ;
#1021 = CARTESIAN_POINT ( 'NONE',  ( -0.3499999999999995337, 1.750000000000000222, 1.624999999999998668 ) ) ;
#1022 = ORIENTED_EDGE ( 'NONE', *, *, #1080, .T. ) ;
#1023 = FACE_OUTER_BOUND ( 'NONE', #980, .T. ) ;
#1024 = ADVANCED_FACE ( 'NONE', ( #1071 ), #1597, .T. ) ;
#1025 = CARTESIAN_POINT ( 'NONE',  ( -0.5999999999999998668, 0.2500000000000000000, -2.000000000000000000 ) ) ;
#1026 = ORIENTED_EDGE ( 'NONE', *, *, #703, .T. ) ;
#1027 = EDGE_CURVE ( 'NONE', #1088, #284, #851, .T. ) ;
#1028 = DIRECTION ( 'NONE',  ( 0.000000000000000000, 0.000000000000000000, -1.000000000000000000 ) ) ;
#1029 = ORIENTED_EDGE ( 'NONE', *, *, #1591, .T. ) ;
#1030 = ORIENTED_EDGE ( 'NONE', *, *, #681, .F. ) ;
#1031 = MANIFOLD_SOLID_BREP ( '<RLiftMountV2>-<LPattern2>', #1539 ) ;
#1032 = DIRECTION ( 'NONE',  ( 0.000000000000000000, 0.000000000000000000, 1.000000000000000000 ) ) ;
#1033 = CARTESIAN_POINT ( 'NONE',  ( -0.6000000000000011990, 1.750000000000000222, -1.562500000000001332 ) ) ;
#1034 = EDGE_CURVE ( 'NONE', #664, #1121, #620, .T. ) ;
#1035 = ORIENTED_EDGE ( 'NONE', *, *, #268, .F. ) ;
#1036 = LINE ( 'NONE', #1298, #1242 ) ;
#1037 = ADVANCED_FACE ( 'NONE', ( #433 ), #1116, .T. ) ;
#1038 = ORIENTED_EDGE ( 'NONE', *, *, #1613, .T. ) ;
#1039 = EDGE_LOOP ( 'NONE', ( #698, #793, #654, #1685 ) ) ;
#1040 = ORIENTED_EDGE ( 'NONE', *, *, #76, .F. ) ;
#1041 = FACE_OUTER_BOUND ( 'NONE', #684, .T. ) ;
#1042 = CIRCLE ( 'NONE', #890, 0.06249999999999995143 ) ;
#1043 = VERTEX_POINT ( 'NONE', #743 ) ;
#1044 = CIRCLE ( 'NONE', #99, 0.2499999999999998057 ) ;
#1045 = CARTESIAN_POINT ( 'NONE',  ( -0.3499999999999998113, 0.5000000000000000000, -2.000000000000000000 ) ) ;
#1046 = AXIS2_PLACEMENT_3D ( 'NONE', #134, #1050, #6 ) ;
#1047 = ORIENTED_EDGE ( 'NONE', *, *, #213, .F. ) ;
#1048 = ORIENTED_EDGE ( 'NONE', *, *, #231, .T. ) ;
#1049 = EDGE_CURVE ( 'NONE', #395, #218, #1670, .T. ) ;
#1050 = DIRECTION ( 'NONE',  ( -1.000000000000000000, -0.000000000000000000, 4.553079989440439683E-16 ) ) ;
#1051 = CARTESIAN_POINT ( 'NONE',  ( -0.5999999999999998668, 0.4999999999999999445, -1.750000000000000000 ) ) ;
#1052 = EDGE_LOOP ( 'NONE', ( #258, #526, #1419, #1130 ) ) ;
#1053 = FACE_OUTER_BOUND ( 'NONE', #786, .T. ) ;
#1054 = ORIENTED_EDGE ( 'NONE', *, *, #260, .T. ) ;
#1055 = ADVANCED_FACE ( 'NONE', ( #1389, #1000, #1404, #1514, #599, #81, #761 ), #1265, .F. ) ;
#1056 = CARTESIAN_POINT ( 'NONE',  ( -0.3819000000000000727, 0.9799999999999999822, -1.290224492229575359 ) ) ;
#1057 = CARTESIAN_POINT ( 'NONE',  ( -0.3499999999999995337, 0.000000000000000000, 1.750000000000000000 ) ) ;
#1058 = CARTESIAN_POINT ( 'NONE',  ( -0.3499999999999995337, 0.2500000000000006106, 1.687499999999998668 ) ) ;
#1059 = ORIENTED_EDGE ( 'NONE', *, *, #572, .F. ) ;
#1060 = VERTEX_POINT ( 'NONE', #896 ) ;
#1061 = FACE_OUTER_BOUND ( 'NONE', #1345, .T. ) ;
#1062 = DIRECTION ( 'NONE',  ( 0.05233595624294388321, -0.9986295347545739443, 0.000000000000000000 ) ) ;
#1063 = ORIENTED_EDGE ( 'NONE', *, *, #1119, .T. ) ;
#1064 = VECTOR ( 'NONE', #93, 39.37007874015748143 ) ;
#1065 = DIRECTION ( 'NONE',  ( -1.000000000000000000, 0.000000000000000000, 0.000000000000000000 ) ) ;
#1066 = DIRECTION ( 'NONE',  ( 4.553079989440439683E-16, 0.000000000000000000, 1.000000000000000000 ) ) ;
#1067 = VECTOR ( 'NONE', #576, 39.37007874015748143 ) ;
#1068 = AXIS2_PLACEMENT_3D ( 'NONE', #925, #1582, #407 ) ;
#1069 = ORIENTED_EDGE ( 'NONE', *, *, #1080, .F. ) ;
#1070 = CARTESIAN_POINT ( 'NONE',  ( -0.3499999999999998113, 2.000000000000000444, -2.000000000000000000 ) ) ;
#1071 = FACE_OUTER_BOUND ( 'NONE', #1363, .T. ) ;
#1072 = DIRECTION ( 'NONE',  ( -0.9986295347545738332, 0.000000000000000000, 0.05233595624294388321 ) ) ;
#1073 = AXIS2_PLACEMENT_3D ( 'NONE', #1570, #425, #1471 ) ;
#1074 = CIRCLE ( 'NONE', #1384, 0.2500000000000000555 ) ;
#1075 = LINE ( 'NONE', #799, #1655 ) ;
#1076 = PLANE ( 'NONE',  #70 ) ;
#1077 = EDGE_CURVE ( 'NONE', #660, #569, #1103, .T. ) ;
#1078 = EDGE_LOOP ( 'NONE', ( #998, #1322, #815, #767 ) ) ;
#1079 = DIRECTION ( 'NONE',  ( 0.000000000000000000, -1.000000000000000000, -0.000000000000000000 ) ) ;
#1080 = EDGE_CURVE ( 'NONE', #1473, #125, #1132, .T. ) ;
#1081 = VERTEX_POINT ( 'NONE', #226 ) ;
#1082 = CARTESIAN_POINT ( 'NONE',  ( -0.5999999999999998668, 1.750000000000000222, 1.624999999999998668 ) ) ;
#1083 = DIRECTION ( 'NONE',  ( 0.000000000000000000, -1.000000000000000000, -6.829619984160656074E-16 ) ) ;
#1084 = PLANE ( 'NONE',  #1433 ) ;
#1085 = LINE ( 'NONE', #184, #1125 ) ;
#1086 = DIRECTION ( 'NONE',  ( -0.000000000000000000, -1.000000000000000000, -0.000000000000000000 ) ) ;
#1087 = LINE ( 'NONE', #450, #1127 ) ;
#1088 = VERTEX_POINT ( 'NONE', #1255 ) ;
#1089 = DIRECTION ( 'NONE',  ( 0.000000000000000000, -1.000000000000000000, 0.000000000000000000 ) ) ;
#1090 = DIRECTION ( 'NONE',  ( 0.000000000000000000, -0.000000000000000000, -1.000000000000000000 ) ) ;
#1091 = EDGE_CURVE ( 'NONE', #235, #1143, #1532, .T. ) ;
#1092 = FACE_OUTER_BOUND ( 'NONE', #1622, .T. ) ;
#1093 = DIRECTION ( 'NONE',  ( 0.05233595624294388321, -0.9986295347545739443, 0.000000000000000000 ) ) ;
#1094 = DIRECTION ( 'NONE',  ( -1.000000000000000000, 0.000000000000000000, 0.000000000000000000 ) ) ;
#1095 = EDGE_LOOP ( 'NONE', ( #741, #856 ) ) ;
#1096 = VECTOR ( 'NONE', #1458, 39.37007874015748143 ) ;
#1097 = LINE ( 'NONE', #1623, #908 ) ;
#1098 = CARTESIAN_POINT ( 'NONE',  ( -0.5999999999999998668, 0.2500000000000006106, 1.624999999999998668 ) ) ;
#1099 = DIRECTION ( 'NONE',  ( -1.000000000000000000, 0.000000000000000000, 0.000000000000000000 ) ) ;
#1100 = AXIS2_PLACEMENT_3D ( 'NONE', #511, #807, #1032 ) ;
#1101 = EDGE_CURVE ( 'NONE', #500, #95, #899, .T. ) ;
#1102 = EDGE_LOOP ( 'NONE', ( #1511, #240, #778, #1573 ) ) ;
#1103 = CIRCLE ( 'NONE', #1541, 0.06249999999999995143 ) ;
#1104 = AXIS2_PLACEMENT_3D ( 'NONE', #583, #843, #1652 ) ;
#1105 = CARTESIAN_POINT ( 'NONE',  ( -0.3819000000000000727, 1.975875507770424422, 1.399775507770423921 ) ) ;
#1106 = DIRECTION ( 'NONE',  ( -1.000000000000000000, 0.000000000000000000, 0.000000000000000000 ) ) ;
#1107 = DIRECTION ( 'NONE',  ( 1.000000000000000000, -0.000000000000000000, -4.553079989440439683E-16 ) ) ;
#1108 = ORIENTED_EDGE ( 'NONE', *, *, #1533, .F. ) ;
#1109 = ORIENTED_EDGE ( 'NONE', *, *, #1287, .F. ) ;
#1110 = DIRECTION ( 'NONE',  ( 0.000000000000000000, 0.000000000000000000, -1.000000000000000000 ) ) ;
#1111 = EDGE_CURVE ( 'NONE', #906, #579, #474, .T. ) ;
#1112 = DIRECTION ( 'NONE',  ( 0.000000000000000000, 0.000000000000000000, 1.000000000000000000 ) ) ;
#1113 = EDGE_CURVE ( 'NONE', #794, #1654, #238, .T. ) ;
#1114 = DIRECTION ( 'NONE',  ( -1.000000000000000000, 0.000000000000000000, 0.000000000000000000 ) ) ;
#1115 = ORIENTED_EDGE ( 'NONE', *, *, #430, .T. ) ;
#1116 = PLANE ( 'NONE',  #863 ) ;
#1117 = LINE ( 'NONE', #212, #1243 ) ;
#1118 = DIRECTION ( 'NONE',  ( -0.000000000000000000, 0.000000000000000000, -1.000000000000000000 ) ) ;
#1119 = EDGE_CURVE ( 'NONE', #339, #391, #832, .T. ) ;
#1120 = DIRECTION ( 'NONE',  ( 0.000000000000000000, 0.000000000000000000, 1.000000000000000000 ) ) ;
#1121 = VERTEX_POINT ( 'NONE', #1574 ) ;
#1122 = CARTESIAN_POINT ( 'NONE',  ( -0.4544496667517354260, 0.9796776746926075807, -1.286422325307392311 ) ) ;
#1123 = SURFACE_SIDE_STYLE ('',( #757 ) ) ;
#1124 = VECTOR ( 'NONE', #1089, 39.37007874015748143 ) ;
#1125 = VECTOR ( 'NONE', #1183, 39.37007874015748143 ) ;
#1126 = CARTESIAN_POINT ( 'NONE',  ( -0.4606000000000000094, 1.979999999999999982, -1.404100000000000570 ) ) ;
#1127 = VECTOR ( 'NONE', #1593, 39.37007874015748143 ) ;
#1128 = DIRECTION ( 'NONE',  ( 0.000000000000000000, 0.000000000000000000, -1.000000000000000000 ) ) ;
#1129 = EDGE_CURVE ( 'NONE', #14, #1060, #1044, .T. ) ;
#1130 = ORIENTED_EDGE ( 'NONE', *, *, #366, .F. ) ;
#1131 = DIRECTION ( 'NONE',  ( 0.000000000000000000, 1.000000000000000000, 0.000000000000000000 ) ) ;
#1132 = LINE ( 'NONE', #234, #721 ) ;
#1133 = CARTESIAN_POINT ( 'NONE',  ( -0.3819000000000000727, 1.975875507770424422, -1.290224492229575803 ) ) ;
#1134 = LINE ( 'NONE', #611, #548 ) ;
#1135 = EDGE_LOOP ( 'NONE', ( #1069, #1159, #201, #958 ) ) ;
#1136 = DIRECTION ( 'NONE',  ( 0.000000000000000000, 0.000000000000000000, 1.000000000000000000 ) ) ;
#1137 = DIRECTION ( 'NONE',  ( 1.000000000000000000, -0.000000000000000000, -0.000000000000000000 ) ) ;
#1138 = EDGE_CURVE ( 'NONE', #1548, #781, #655, .T. ) ;
#1139 = PLANE ( 'NONE',  #8 ) ;
#1140 = ORIENTED_EDGE ( 'NONE', *, *, #1202, .F. ) ;
#1141 = CARTESIAN_POINT ( 'NONE',  ( -0.3499999999999995337, 2.000000000000000444, -2.249999999999999556 ) ) ;
#1142 = DIRECTION ( 'NONE',  ( 0.000000000000000000, 0.000000000000000000, 1.000000000000000000 ) ) ;
#1143 = VERTEX_POINT ( 'NONE', #1549 ) ;
#1144 = VECTOR ( 'NONE', #1194, 39.37007874015748143 ) ;
#1145 = EDGE_CURVE ( 'NONE', #1283, #1241, #1306, .T. ) ;
#1146 = VECTOR ( 'NONE', #484, 39.37007874015748143 ) ;
#1147 = FACE_BOUND ( 'NONE', #973, .T. ) ;
#1148 = CIRCLE ( 'NONE', #692, 0.06249999999999995143 ) ;
#1149 = CARTESIAN_POINT ( 'NONE',  ( -0.4606000000000000094, 1.729999999999999760, -1.404100000000000570 ) ) ;
#1150 = AXIS2_PLACEMENT_3D ( 'NONE', #1045, #634, #13 ) ;
#1151 = VECTOR ( 'NONE', #1094, 39.37007874015748143 ) ;
#1152 = CARTESIAN_POINT ( 'NONE',  ( -0.3819000000000000727, 0.7341244922295752096, -1.290224492229575359 ) ) ;
#1153 = EDGE_LOOP ( 'NONE', ( #1664, #522, #1304, #1575, #1656, #1002, #136, #194 ) ) ;
#1154 = CARTESIAN_POINT ( 'NONE',  ( -0.5999999999999998668, 0.2500000000000000000, -2.250000000000000000 ) ) ;
#1155 = ADVANCED_FACE ( 'NONE', ( #514 ), #1556, .T. ) ;
#1156 = EDGE_CURVE ( 'NONE', #1464, #395, #363, .T. ) ;
#1157 = ADVANCED_FACE ( 'NONE', ( #390 ), #257, .T. ) ;
#1158 = CARTESIAN_POINT ( 'NONE',  ( -0.5999999999999998668, 1.750000000000000444, -2.000000000000000000 ) ) ;
#1159 = ORIENTED_EDGE ( 'NONE', *, *, #874, .F. ) ;
#1160 = ORIENTED_EDGE ( 'NONE', *, *, #1009, .F. ) ;
#1161 = CARTESIAN_POINT ( 'NONE',  ( -0.3499999999999998113, 2.000000000000000444, -2.000000000000000000 ) ) ;
#1162 = EDGE_CURVE ( 'NONE', #1548, #898, #918, .T. ) ;
#1163 = ORIENTED_EDGE ( 'NONE', *, *, #855, .F. ) ;
#1164 = CARTESIAN_POINT ( 'NONE',  ( -0.3499999999999995337, 0.2500000000000006106, -1.562500000000001332 ) ) ;
#1165 =( NAMED_UNIT ( * ) SI_UNIT ( $, .STERADIAN. ) SOLID_ANGLE_UNIT ( ) );
#1166 = VERTEX_POINT ( 'NONE', #1687 ) ;
#1167 = ORIENTED_EDGE ( 'NONE', *, *, #682, .F. ) ;
#1168 = FACE_OUTER_BOUND ( 'NONE', #1566, .T. ) ;
#1169 = AXIS2_PLACEMENT_3D ( 'NONE', #428, #935, #282 ) ;
#1170 = CARTESIAN_POINT ( 'NONE',  ( -0.5999999999999998668, 0.2500000000000000000, -2.061999999999999833 ) ) ;
#1171 = CIRCLE ( 'NONE', #1206, 0.06200000000000004813 ) ;
#1172 = ORIENTED_EDGE ( 'NONE', *, *, #1034, .T. ) ;
#1173 = COLOUR_RGB ( '',0.7921568627450980005, 0.8196078431372548767, 0.9333333333333333481 ) ;
#1174 = FACE_OUTER_BOUND ( 'NONE', #1320, .T. ) ;
#1175 = EDGE_CURVE ( 'NONE', #1121, #886, #200, .T. ) ;
#1176 = CIRCLE ( 'NONE', #1073, 0.06200000000000004813 ) ;
#1177 = VERTEX_POINT ( 'NONE', #1567 ) ;
#1178 = ORIENTED_EDGE ( 'NONE', *, *, #1101, .T. ) ;
#1179 = DIRECTION ( 'NONE',  ( 0.000000000000000000, 0.000000000000000000, -1.000000000000000000 ) ) ;
#1180 = EDGE_CURVE ( 'NONE', #1166, #1446, #1036, .T. ) ;
#1181 = VERTEX_POINT ( 'NONE', #130 ) ;
#1182 = DIRECTION ( 'NONE',  ( 0.000000000000000000, 0.000000000000000000, 1.000000000000000000 ) ) ;
#1183 = DIRECTION ( 'NONE',  ( -1.000000000000000000, 0.000000000000000000, 0.000000000000000000 ) ) ;
#1184 = LINE ( 'NONE', #1440, #415 ) ;
#1185 = VERTEX_POINT ( 'NONE', #1058 ) ;
#1186 = VERTEX_POINT ( 'NONE', #1164 ) ;
#1187 = FACE_OUTER_BOUND ( 'NONE', #1208, .T. ) ;
#1188 = DIRECTION ( 'NONE',  ( 1.000000000000000000, 0.000000000000000000, 0.000000000000000000 ) ) ;
#1189 = ADVANCED_FACE ( 'NONE', ( #1174 ), #1315, .T. ) ;
#1190 = EDGE_LOOP ( 'NONE', ( #1319, #938, #1425, #961 ) ) ;
#1191 = CARTESIAN_POINT ( 'NONE',  ( -0.5999999999999998668, 0.2500000000000000000, -1.937999999999999945 ) ) ;
#1192 = DIRECTION ( 'NONE',  ( 0.000000000000000000, 0.000000000000000000, 1.000000000000000000 ) ) ;
#1193 = ORIENTED_EDGE ( 'NONE', *, *, #1502, .F. ) ;
#1194 = DIRECTION ( 'NONE',  ( 1.000000000000000000, -0.000000000000000000, -0.000000000000000000 ) ) ;
#1195 = CARTESIAN_POINT ( 'NONE',  ( -0.4606000000000000094, 0.7299999999999998712, -1.286100000000000243 ) ) ;
#1196 = ORIENTED_EDGE ( 'NONE', *, *, #1589, .T. ) ;
#1197 = EDGE_LOOP ( 'NONE', ( #129, #1313, #758, #775 ) ) ;
#1198 = DIRECTION ( 'NONE',  ( 1.000000000000000000, -0.000000000000000000, -0.000000000000000000 ) ) ;
#1199 = DIRECTION ( 'NONE',  ( 0.05233595624294389015, 0.000000000000000000, 0.9986295347545739443 ) ) ;
#1200 = VERTEX_POINT ( 'NONE', #1293 ) ;
#1201 = CARTESIAN_POINT ( 'NONE',  ( -0.4606000000000000094, 0.7299999999999998712, -1.404100000000000126 ) ) ;
#1202 = EDGE_CURVE ( 'NONE', #1177, #266, #1184, .T. ) ;
#1203 = DIRECTION ( 'NONE',  ( 0.05233595624294388321, 0.9986295347545739443, 0.000000000000000000 ) ) ;
#1204 = CIRCLE ( 'NONE', #1647, 0.06249999999999995143 ) ;
#1205 = CARTESIAN_POINT ( 'NONE',  ( -0.4606000000000000094, 1.729999999999999760, -1.404100000000000570 ) ) ;
#1206 = AXIS2_PLACEMENT_3D ( 'NONE', #924, #631, #639 ) ;
#1207 = AXIS2_PLACEMENT_3D ( 'NONE', #824, #53, #1478 ) ;
#1208 = EDGE_LOOP ( 'NONE', ( #850, #1224, #1461, #465 ) ) ;
#1209 = DIRECTION ( 'NONE',  ( -1.000000000000000000, -0.000000000000000000, 4.553079989440439683E-16 ) ) ;
#1210 = CARTESIAN_POINT ( 'NONE',  ( -0.3499999999999998113, 1.500000000000000666, -2.000000000000000000 ) ) ;
#1211 = DIRECTION ( 'NONE',  ( 1.000000000000000000, -0.000000000000000000, -0.000000000000000000 ) ) ;
#1212 = AXIS2_PLACEMENT_3D ( 'NONE', #1625, #1110, #301 ) ;
#1213 = AXIS2_PLACEMENT_3D ( 'NONE', #1316, #131, #568 ) ;
#1214 = ORIENTED_EDGE ( 'NONE', *, *, #213, .T. ) ;
#1215 = EDGE_CURVE ( 'NONE', #1361, #1360, #1383, .T. ) ;
#1216 = CARTESIAN_POINT ( 'NONE',  ( -0.3499999999999995337, 0.2500000000000006106, 1.624999999999998668 ) ) ;
#1217 = ORIENTED_EDGE ( 'NONE', *, *, #1515, .F. ) ;
#1218 = ADVANCED_FACE ( 'NONE', ( #1053 ), #398, .F. ) ;
#1219 = DIRECTION ( 'NONE',  ( 1.000000000000000000, -0.000000000000000000, -4.553079989440439683E-16 ) ) ;
#1220 = DIRECTION ( 'NONE',  ( -1.000000000000000000, 0.000000000000000000, 7.284927983104687716E-15 ) ) ;
#1221 = ORIENTED_EDGE ( 'NONE', *, *, #1329, .T. ) ;
#1222 = CARTESIAN_POINT ( 'NONE',  ( -0.3819000000000000727, 1.734124492229575321, 1.290024492229574493 ) ) ;
#1223 = DIRECTION ( 'NONE',  ( 1.000000000000000000, -0.000000000000000000, -4.553079989440439683E-16 ) ) ;
#1224 = ORIENTED_EDGE ( 'NONE', *, *, #193, .F. ) ;
#1225 = LINE ( 'NONE', #1323, #228 ) ;
#1226 = LINE ( 'NONE', #933, #937 ) ;
#1227 = CARTESIAN_POINT ( 'NONE',  ( -0.5999999999999998668, 2.000000000000000444, 1.750000000000000000 ) ) ;
#1228 = EDGE_CURVE ( 'NONE', #919, #284, #1455, .T. ) ;
#1229 = VERTEX_POINT ( 'NONE', #1152 ) ;
#1230 = EDGE_LOOP ( 'NONE', ( #1295, #676, #1396, #1519 ) ) ;
#1231 = DIRECTION ( 'NONE',  ( -0.9972646886342373396, -0.05226442768871395611, 0.05226442768871396999 ) ) ;
#1232 = DIRECTION ( 'NONE',  ( 0.000000000000000000, 0.000000000000000000, -1.000000000000000000 ) ) ;
#1233 = CARTESIAN_POINT ( 'NONE',  ( -0.3499999999999998113, 1.500000000000000666, -2.000000000000000000 ) ) ;
#1234 = FACE_OUTER_BOUND ( 'NONE', #810, .T. ) ;
#1235 = ORIENTED_EDGE ( 'NONE', *, *, #374, .T. ) ;
#1236 = CARTESIAN_POINT ( 'NONE',  ( -0.3499999999999995337, 0.2500000000000006106, -1.625000000000001332 ) ) ;
#1237 = ADVANCED_FACE ( 'NONE', ( #904 ), #1337, .T. ) ;
#1238 = CARTESIAN_POINT ( 'NONE',  ( -0.4606000000000000094, 0.7299999999999998712, -1.404100000000000126 ) ) ;
#1239 = CARTESIAN_POINT ( 'NONE',  ( -0.4606000000000000094, 1.729999999999999760, -1.404100000000000570 ) ) ;
#1240 = AXIS2_PLACEMENT_3D ( 'NONE', #765, #1, #1684 ) ;
#1241 = VERTEX_POINT ( 'NONE', #1496 ) ;
#1242 = VECTOR ( 'NONE', #19, 39.37007874015748854 ) ;
#1243 = VECTOR ( 'NONE', #1248, 39.37007874015748143 ) ;
#1244 = LINE ( 'NONE', #1545, #1650 ) ;
#1245 = LINE ( 'NONE', #78, #224 ) ;
#1246 = ORIENTED_EDGE ( 'NONE', *, *, #1603, .F. ) ;
#1247 = FACE_OUTER_BOUND ( 'NONE', #321, .T. ) ;
#1248 = DIRECTION ( 'NONE',  ( -1.000000000000000000, 0.000000000000000000, 0.000000000000000000 ) ) ;
#1249 = EDGE_CURVE ( 'NONE', #1081, #1043, #1486, .T. ) ;
#1250 = ORIENTED_EDGE ( 'NONE', *, *, #914, .F. ) ;
#1251 = DIRECTION ( 'NONE',  ( -1.000000000000000000, 0.000000000000000000, 0.000000000000000000 ) ) ;
#1252 = CARTESIAN_POINT ( 'NONE',  ( -0.4475696329485919778, 0.7306828926004069746, -1.286782892600407457 ) ) ;
#1253 = EDGE_LOOP ( 'NONE', ( #624, #263 ) ) ;
#1254 = CARTESIAN_POINT ( 'NONE',  ( -0.3499999999999998113, 0.4999999999999999445, -1.750000000000000000 ) ) ;
#1255 = CARTESIAN_POINT ( 'NONE',  ( -0.4999999999999998335, 1.729999999999999760, -1.286100000000000465 ) ) ;
#1256 = PLANE ( 'NONE',  #1212 ) ;
#1257 = ORIENTED_EDGE ( 'NONE', *, *, #1366, .F. ) ;
#1258 = ORIENTED_EDGE ( 'NONE', *, *, #304, .F. ) ;
#1259 = DIRECTION ( 'NONE',  ( 1.000000000000000000, -0.000000000000000000, -4.553079989440439683E-16 ) ) ;
#1260 = ADVANCED_FACE ( 'NONE', ( #458 ), #1359, .F. ) ;
#1261 = CARTESIAN_POINT ( 'NONE',  ( -0.6000000000000011990, 1.750000000000000222, -1.625000000000001332 ) ) ;
#1262 = ADVANCED_FACE ( 'NONE', ( #546 ), #1630, .F. ) ;
#1263 = ORIENTED_EDGE ( 'NONE', *, *, #1016, .T. ) ;
#1264 = DIRECTION ( 'NONE',  ( -1.000000000000000000, 0.000000000000000000, 0.000000000000000000 ) ) ;
#1265 = PLANE ( 'NONE',  #384 ) ;
#1266 = AXIS2_PLACEMENT_3D ( 'NONE', #704, #1219, #838 ) ;
#1267 = AXIS2_PLACEMENT_3D ( 'NONE', #1422, #1564, #396 ) ;
#1268 = PRESENTATION_LAYER_ASSIGNMENT (  '', '', ( #1621 ) ) ;
#1269 = ORIENTED_EDGE ( 'NONE', *, *, #26, .T. ) ;
#1270 = PLANE ( 'NONE',  #1620 ) ;
#1271 = AXIS2_PLACEMENT_3D ( 'NONE', #921, #531, #16 ) ;
#1272 = CARTESIAN_POINT ( 'NONE',  ( -0.3499999999999998113, 0.2500000000000000000, -2.000000000000000000 ) ) ;
#1273 = ADVANCED_FACE ( 'NONE', ( #839 ), #952, .T. ) ;
#1274 = LINE ( 'NONE', #619, #222 ) ;
#1275 = CARTESIAN_POINT ( 'NONE',  ( 2.500000000000000000, 2.000000000000000444, -1.499999999999999778 ) ) ;
#1276 = ORIENTED_EDGE ( 'NONE', *, *, #475, .F. ) ;
#1277 = LINE ( 'NONE', #869, #334 ) ;
#1278 = SURFACE_STYLE_USAGE ( .BOTH. , #1123 ) ;
#1279 = EDGE_CURVE ( 'NONE', #664, #563, #1610, .T. ) ;
#1280 = LINE ( 'NONE', #1421, #382 ) ;
#1281 = EDGE_LOOP ( 'NONE', ( #452, #1442, #1376, #1335 ) ) ;
#1282 = CARTESIAN_POINT ( 'NONE',  ( -0.4606000000000000094, 1.979999999999999982, -1.286100000000000465 ) ) ;
#1283 = VERTEX_POINT ( 'NONE', #705 ) ;
#1284 = EDGE_CURVE ( 'NONE', #988, #1308, #555, .T. ) ;
#1285 = EDGE_LOOP ( 'NONE', ( #729, #1489 ) ) ;
#1286 = VECTOR ( 'NONE', #1006, 39.37007874015748143 ) ;
#1287 = EDGE_CURVE ( 'NONE', #1586, #544, #979, .T. ) ;
#1288 = EDGE_CURVE ( 'NONE', #439, #1088, #429, .T. ) ;
#1289 = VECTOR ( 'NONE', #943, 39.37007874015748143 ) ;
#1290 = CARTESIAN_POINT ( 'NONE',  ( -0.5999999999999998668, 1.500000000000000666, -2.000000000000000000 ) ) ;
#1291 = AXIS2_PLACEMENT_3D ( 'NONE', #960, #848, #438 ) ;
#1292 = ORIENTED_EDGE ( 'NONE', *, *, #328, .F. ) ;
#1293 = CARTESIAN_POINT ( 'NONE',  ( -0.5999999999999998668, 1.750000000000000444, -2.062500000000000000 ) ) ;
#1294 = ORIENTED_EDGE ( 'NONE', *, *, #329, .T. ) ;
#1295 = ORIENTED_EDGE ( 'NONE', *, *, #1401, .F. ) ;
#1296 = VERTEX_POINT ( 'NONE', #1504 ) ;
#1297 = DIRECTION ( 'NONE',  ( -1.000000000000000000, 0.000000000000000000, 0.000000000000000000 ) ) ;
#1298 = CARTESIAN_POINT ( 'NONE',  ( -0.4606000000000000094, 0.9799999999999999822, -1.404100000000000126 ) ) ;
#1299 = EDGE_LOOP ( 'NONE', ( #289, #451 ) ) ;
#1300 = EDGE_LOOP ( 'NONE', ( #1140, #1457, #35, #1196 ) ) ;
#1301 = DIRECTION ( 'NONE',  ( 0.000000000000000000, -1.000000000000000000, -0.000000000000000000 ) ) ;
#1302 = EDGE_LOOP ( 'NONE', ( #20, #1292, #1054, #861 ) ) ;
#1303 = ADVANCED_FACE ( 'NONE', ( #1234 ), #164, .F. ) ;
#1304 = ORIENTED_EDGE ( 'NONE', *, *, #193, .T. ) ;
#1305 = EDGE_CURVE ( 'NONE', #798, #675, #571, .T. ) ;
#1306 = LINE ( 'NONE', #790, #143 ) ;
#1307 =( CONVERSION_BASED_UNIT ( 'INCH', #926 ) LENGTH_UNIT ( ) NAMED_UNIT ( #467 ) );
#1308 = VERTEX_POINT ( 'NONE', #803 ) ;
#1309 = DIRECTION ( 'NONE',  ( -0.9986295347545738332, -0.05233595624294387627, 0.000000000000000000 ) ) ;
#1310 = VERTEX_POINT ( 'NONE', #1326 ) ;
#1311 = LINE ( 'NONE', #1578, #11 ) ;
#1312 = FACE_OUTER_BOUND ( 'NONE', #640, .T. ) ;
#1313 = ORIENTED_EDGE ( 'NONE', *, *, #374, .F. ) ;
#1314 = AXIS2_PLACEMENT_3D ( 'NONE', #124, #936, #912 ) ;
#1315 = PLANE ( 'NONE',  #1150 ) ;
#1316 = CARTESIAN_POINT ( 'NONE',  ( 0.000000000000000000, 0.000000000000000000, 0.000000000000000000 ) ) ;
#1317 = EDGE_CURVE ( 'NONE', #930, #675, #44, .T. ) ;
#1318 = AXIS2_PLACEMENT_3D ( 'NONE', #674, #420, #178 ) ;
#1319 = ORIENTED_EDGE ( 'NONE', *, *, #747, .F. ) ;
#1320 = EDGE_LOOP ( 'NONE', ( #292, #1576, #459, #637 ) ) ;
#1321 = CARTESIAN_POINT ( 'NONE',  ( -0.4606000000000000094, 1.979999999999999982, -1.286100000000000465 ) ) ;
#1322 = ORIENTED_EDGE ( 'NONE', *, *, #512, .T. ) ;
#1323 = CARTESIAN_POINT ( 'NONE',  ( -0.4999999999999998335, 0.7299999999999998712, -1.404100000000000126 ) ) ;
#1324 = DIRECTION ( 'NONE',  ( -1.000000000000000000, 0.000000000000000000, 0.000000000000000000 ) ) ;
#1325 = CARTESIAN_POINT ( 'NONE',  ( -0.5999999999999998668, 0.2500000000000006106, 1.562499999999998668 ) ) ;
#1326 = CARTESIAN_POINT ( 'NONE',  ( -0.6000000000000011990, 1.750000000000000222, -1.687500000000001332 ) ) ;
#1327 = ORIENTED_EDGE ( 'NONE', *, *, #595, .T. ) ;
#1328 = LINE ( 'NONE', #180, #688 ) ;
#1329 = EDGE_CURVE ( 'NONE', #1338, #660, #1087, .T. ) ;
#1330 = CARTESIAN_POINT ( 'NONE',  ( -0.5999999999999998668, 1.750000000000000444, -2.000000000000000000 ) ) ;
#1331 = FACE_OUTER_BOUND ( 'NONE', #1078, .T. ) ;
#1332 = EDGE_CURVE ( 'NONE', #605, #1186, #1019, .T. ) ;
#1333 = DIRECTION ( 'NONE',  ( 0.000000000000000000, -1.000000000000000000, -0.000000000000000000 ) ) ;
#1334 = LINE ( 'NONE', #426, #1451 ) ;
#1335 = ORIENTED_EDGE ( 'NONE', *, *, #329, .F. ) ;
#1336 = CARTESIAN_POINT ( 'NONE',  ( -0.4606000000000000094, 0.7299999999999998712, -1.286100000000000243 ) ) ;
#1337 = PLANE ( 'NONE',  #1291 ) ;
#1338 = VERTEX_POINT ( 'NONE', #945 ) ;
#1339 = LINE ( 'NONE', #1070, #744 ) ;
#1340 = DIRECTION ( 'NONE',  ( 0.000000000000000000, 0.000000000000000000, -1.000000000000000000 ) ) ;
#1341 = EDGE_CURVE ( 'NONE', #664, #1464, #1074, .T. ) ;
#1342 = FACE_OUTER_BOUND ( 'NONE', #51, .T. ) ;
#1343 = CARTESIAN_POINT ( 'NONE',  ( -0.4606000000000000094, 1.979999999999999982, 1.403899999999999260 ) ) ;
#1344 = AXIS2_PLACEMENT_3D ( 'NONE', #1592, #1465, #685 ) ;
#1345 = EDGE_LOOP ( 'NONE', ( #28, #1643, #1680, #983 ) ) ;
#1346 = DIRECTION ( 'NONE',  ( 1.000000000000000000, 0.000000000000000000, 0.000000000000000000 ) ) ;
#1347 = AXIS2_PLACEMENT_3D ( 'NONE', #57, #1203, #957 ) ;
#1348 = VECTOR ( 'NONE', #1660, 39.37007874015748143 ) ;
#1349 = ORIENTED_EDGE ( 'NONE', *, *, #1305, .F. ) ;
#1350 = CARTESIAN_POINT ( 'NONE',  ( -0.3499999999999992562, 2.000000000000000444, 1.499999999999999778 ) ) ;
#1351 = CARTESIAN_POINT ( 'NONE',  ( -0.5999999999999998668, 1.750000000000000222, 1.562499999999998668 ) ) ;
#1352 = LINE ( 'NONE', #575, #253 ) ;
#1353 = VECTOR ( 'NONE', #1182, 39.37007874015748143 ) ;
#1354 = ORIENTED_EDGE ( 'NONE', *, *, #581, .F. ) ;
#1355 = CARTESIAN_POINT ( 'NONE',  ( -0.4606000000000000094, 0.7299999999999998712, -1.404100000000000126 ) ) ;
#1356 = EDGE_CURVE ( 'NONE', #427, #1296, #686, .T. ) ;
#1357 =( NAMED_UNIT ( * ) PLANE_ANGLE_UNIT ( ) SI_UNIT ( $, .RADIAN. ) );
#1358 = LINE ( 'NONE', #951, #409 ) ;
#1359 = PLANE ( 'NONE',  #40 ) ;
#1360 = VERTEX_POINT ( 'NONE', #697 ) ;
#1361 = VERTEX_POINT ( 'NONE', #833 ) ;
#1362 = DIRECTION ( 'NONE',  ( 1.000000000000000000, -0.000000000000000000, -0.000000000000000000 ) ) ;
#1363 = EDGE_LOOP ( 'NONE', ( #559, #1608, #907, #165 ) ) ;
#1364 = UNCERTAINTY_MEASURE_WITH_UNIT (LENGTH_MEASURE( 1.000000000000000082E-05 ), #341, 'distance_accuracy_value', 'NONE');
#1365 = FACE_OUTER_BOUND ( 'NONE', #1052, .T. ) ;
#1366 = EDGE_CURVE ( 'NONE', #541, #802, #1075, .T. ) ;
#1367 = CARTESIAN_POINT ( 'NONE',  ( -0.4999999999999998335, 1.979999999999999982, -1.286100000000000465 ) ) ;
#1368 = CARTESIAN_POINT ( 'NONE',  ( -0.6000000000000011990, 0.2500000000000006106, -1.625000000000001332 ) ) ;
#1369 = EDGE_CURVE ( 'NONE', #1446, #1688, #183, .T. ) ;
#1370 = ORIENTED_EDGE ( 'NONE', *, *, #15, .F. ) ;
#1371 = DIRECTION ( 'NONE',  ( -0.9986295347545738332, -0.05233595624294387627, 0.000000000000000000 ) ) ;
#1372 = DIRECTION ( 'NONE',  ( 0.000000000000000000, 0.000000000000000000, 1.000000000000000000 ) ) ;
#1373 = DIRECTION ( 'NONE',  ( 0.000000000000000000, 0.000000000000000000, 1.000000000000000000 ) ) ;
#1374 = LINE ( 'NONE', #891, #94 ) ;
#1375 = VECTOR ( 'NONE', #221, 39.37007874015748143 ) ;
#1376 = ORIENTED_EDGE ( 'NONE', *, *, #1138, .F. ) ;
#1377 = AXIS2_PLACEMENT_3D ( 'NONE', #596, #456, #1628 ) ;
#1378 = DIRECTION ( 'NONE',  ( 0.000000000000000000, -1.000000000000000000, -0.000000000000000000 ) ) ;
#1379 = LINE ( 'NONE', #593, #1488 ) ;
#1380 = DIRECTION ( 'NONE',  ( -1.000000000000000000, 0.000000000000000000, 0.000000000000000000 ) ) ;
#1381 = VECTOR ( 'NONE', #1003, 39.37007874015748143 ) ;
#1382 = EDGE_LOOP ( 'NONE', ( #377, #1026, #349, #71 ) ) ;
#1383 = CIRCLE ( 'NONE', #635, 0.06200000000000004813 ) ;
#1384 = AXIS2_PLACEMENT_3D ( 'NONE', #1466, #290, #814 ) ;
#1385 = FACE_OUTER_BOUND ( 'NONE', #1302, .T. ) ;
#1386 = FACE_OUTER_BOUND ( 'NONE', #927, .T. ) ;
#1387 = ORIENTED_EDGE ( 'NONE', *, *, #1391, .T. ) ;
#1388 = LINE ( 'NONE', #1122, #608 ) ;
#1389 = FACE_BOUND ( 'NONE', #521, .T. ) ;
#1390 = CARTESIAN_POINT ( 'NONE',  ( -0.5999999999999998668, 0.2500000000000006106, 1.562499999999998668 ) ) ;
#1391 = EDGE_CURVE ( 'NONE', #431, #687, #1225, .T. ) ;
#1392 = ORIENTED_EDGE ( 'NONE', *, *, #682, .T. ) ;
#1393 = EDGE_CURVE ( 'NONE', #1229, #1423, #267, .T. ) ;
#1394 = PLANE ( 'NONE',  #1377 ) ;
#1395 = CYLINDRICAL_SURFACE ( 'NONE', #470, 0.2500000000000000555 ) ;
#1396 = ORIENTED_EDGE ( 'NONE', *, *, #1138, .T. ) ;
#1397 = CARTESIAN_POINT ( 'NONE',  ( 1.000000000000000222, 0.000000000000000000, -1.750000000000000000 ) ) ;
#1398 = PRESENTATION_STYLE_ASSIGNMENT (( #1278 ) ) ;
#1399 = ORIENTED_EDGE ( 'NONE', *, *, #1091, .T. ) ;
#1400 = PLANE ( 'NONE',  #1430 ) ;
#1401 = EDGE_CURVE ( 'NONE', #898, #1283, #1311, .T. ) ;
#1402 = CARTESIAN_POINT ( 'NONE',  ( -0.5000000000000009992, 0.09999999999999976963, -1.499999999999999334 ) ) ;
#1403 = DIRECTION ( 'NONE',  ( 1.000000000000000000, 0.000000000000000000, -0.000000000000000000 ) ) ;
#1404 = FACE_BOUND ( 'NONE', #1635, .T. ) ;
#1405 = VECTOR ( 'NONE', #756, 39.37007874015748143 ) ;
#1406 = VECTOR ( 'NONE', #1297, 39.37007874015748143 ) ;
#1407 = AXIS2_PLACEMENT_3D ( 'NONE', #1412, #1137, #1417 ) ;
#1408 = CARTESIAN_POINT ( 'NONE',  ( -0.3499999999999998113, 1.500000000000000444, -1.750000000000000000 ) ) ;
#1409 = VECTOR ( 'NONE', #713, 39.37007874015748143 ) ;
#1410 = EDGE_CURVE ( 'NONE', #675, #898, #277, .T. ) ;
#1411 = DIRECTION ( 'NONE',  ( -0.9972646886342373396, 0.05226442768871395611, -0.05226442768871396999 ) ) ;
#1412 = CARTESIAN_POINT ( 'NONE',  ( -0.3499999999999998113, 1.750000000000000444, -2.000000000000000000 ) ) ;
#1413 = CARTESIAN_POINT ( 'NONE',  ( -0.4999999999999998335, 2.000000000000000444, 1.499999999999999778 ) ) ;
#1414 = FACE_OUTER_BOUND ( 'NONE', #141, .T. ) ;
#1415 = EDGE_CURVE ( 'NONE', #391, #339, #996, .T. ) ;
#1416 = EDGE_LOOP ( 'NONE', ( #822, #333, #24, #1572 ) ) ;
#1417 = DIRECTION ( 'NONE',  ( 0.000000000000000000, 0.000000000000000000, -1.000000000000000000 ) ) ;
#1418 = EDGE_CURVE ( 'NONE', #187, #1448, #403, .T. ) ;
#1419 = ORIENTED_EDGE ( 'NONE', *, *, #1393, .F. ) ;
#1420 = ORIENTED_EDGE ( 'NONE', *, *, #1558, .T. ) ;
#1421 = CARTESIAN_POINT ( 'NONE',  ( -0.3819000000000000727, 1.975875507770424422, 1.285899999999999155 ) ) ;
#1422 = CARTESIAN_POINT ( 'NONE',  ( -0.3499999999999998113, 1.750000000000000444, -2.000000000000000000 ) ) ;
#1423 = VERTEX_POINT ( 'NONE', #150 ) ;
#1424 = DIRECTION ( 'NONE',  ( 0.000000000000000000, 1.000000000000000000, 0.000000000000000000 ) ) ;
#1425 = ORIENTED_EDGE ( 'NONE', *, *, #1410, .T. ) ;
#1426 = ORIENTED_EDGE ( 'NONE', *, *, #375, .F. ) ;
#1427 = PRODUCT_RELATED_PRODUCT_CATEGORY ( 'part', '', ( #342 ) ) ;
#1428 = CIRCLE ( 'NONE', #1449, 0.06249999999999995143 ) ;
#1429 = ORIENTED_EDGE ( 'NONE', *, *, #532, .T. ) ;
#1430 = AXIS2_PLACEMENT_3D ( 'NONE', #214, #219, #875 ) ;
#1431 = CARTESIAN_POINT ( 'NONE',  ( -0.4999999999999998335, 2.000000000000000444, -1.499999999999999778 ) ) ;
#1432 = VECTOR ( 'NONE', #441, 39.37007874015748143 ) ;
#1433 = AXIS2_PLACEMENT_3D ( 'NONE', #1482, #779, #265 ) ;
#1434 = VERTEX_POINT ( 'NONE', #1191 ) ;
#1435 = DIRECTION ( 'NONE',  ( 1.000000000000000000, -0.000000000000000000, -0.000000000000000000 ) ) ;
#1436 = ORIENTED_EDGE ( 'NONE', *, *, #1438, .F. ) ;
#1437 = ORIENTED_EDGE ( 'NONE', *, *, #626, .T. ) ;
#1438 = EDGE_CURVE ( 'NONE', #516, #54, #25, .T. ) ;
#1439 = EDGE_LOOP ( 'NONE', ( #591, #55 ) ) ;
#1440 = CARTESIAN_POINT ( 'NONE',  ( -0.4999999999999998335, 1.729999999999999760, 1.285899999999999155 ) ) ;
#1441 = ORIENTED_EDGE ( 'NONE', *, *, #874, .T. ) ;
#1442 = ORIENTED_EDGE ( 'NONE', *, *, #808, .F. ) ;
#1443 = CARTESIAN_POINT ( 'NONE',  ( -0.5999999999999998668, 0.2500000000000000000, -2.000000000000000000 ) ) ;
#1444 = CARTESIAN_POINT ( 'NONE',  ( -0.5999999999999998668, 0.2500000000000000000, -2.000000000000000000 ) ) ;
#1445 = ORIENTED_EDGE ( 'NONE', *, *, #1648, .T. ) ;
#1446 = VERTEX_POINT ( 'NONE', #296 ) ;
#1447 = PLANE ( 'NONE',  #364 ) ;
#1448 = VERTEX_POINT ( 'NONE', #820 ) ;
#1449 = AXIS2_PLACEMENT_3D ( 'NONE', #440, #1605, #708 ) ;
#1450 = FACE_OUTER_BOUND ( 'NONE', #392, .T. ) ;
#1451 = VECTOR ( 'NONE', #1324, 39.37007874015748143 ) ;
#1452 = ADVANCED_FACE ( 'NONE', ( #1342 ), #169, .T. ) ;
#1453 = EDGE_LOOP ( 'NONE', ( #148, #1561, #946, #1250, #647, #1527, #405, #1370, #1551, #840 ) ) ;
#1454 = AXIS2_PLACEMENT_3D ( 'NONE', #1098, #1505, #828 ) ;
#1455 = LINE ( 'NONE', #1282, #118 ) ;
#1456 = VECTOR ( 'NONE', #1492, 39.37007874015748143 ) ;
#1457 = ORIENTED_EDGE ( 'NONE', *, *, #1008, .F. ) ;
#1458 = DIRECTION ( 'NONE',  ( 0.000000000000000000, -1.000000000000000000, -0.000000000000000000 ) ) ;
#1459 = FACE_OUTER_BOUND ( 'NONE', #1281, .T. ) ;
#1460 = CARTESIAN_POINT ( 'NONE',  ( -0.3819000000000000727, 1.734124492229575321, 1.399775507770423921 ) ) ;
#1461 = ORIENTED_EDGE ( 'NONE', *, *, #171, .T. ) ;
#1462 = CARTESIAN_POINT ( 'NONE',  ( -0.4606000000000000094, 0.7299999999999998712, -1.286100000000000243 ) ) ;
#1463 = PLANE ( 'NONE',  #585 ) ;
#1464 = VERTEX_POINT ( 'NONE', #158 ) ;
#1465 = DIRECTION ( 'NONE',  ( -1.000000000000000000, -0.000000000000000000, 4.553079989440439683E-16 ) ) ;
#1466 = CARTESIAN_POINT ( 'NONE',  ( -0.3499999999999998113, 0.2500000000000000000, -2.000000000000000000 ) ) ;
#1467 = EDGE_CURVE ( 'NONE', #1434, #496, #1565, .T. ) ;
#1468 = ORIENTED_EDGE ( 'NONE', *, *, #252, .F. ) ;
#1469 = LINE ( 'NONE', #699, #1096 ) ;
#1470 = ADVANCED_FACE ( 'NONE', ( #949 ), #1598, .T. ) ;
#1471 = DIRECTION ( 'NONE',  ( 0.000000000000000000, 0.000000000000000000, -1.000000000000000000 ) ) ;
#1472 = EDGE_CURVE ( 'NONE', #250, #190, #434, .T. ) ;
#1473 = VERTEX_POINT ( 'NONE', #48 ) ;
#1474 = CARTESIAN_POINT ( 'NONE',  ( -0.3819000000000000727, 1.979999999999999982, -1.399975507770425232 ) ) ;
#1475 = CARTESIAN_POINT ( 'NONE',  ( -0.3499999999999995337, 2.000000000000000444, 1.750000000000000000 ) ) ;
#1476 = ORIENTED_EDGE ( 'NONE', *, *, #1317, .F. ) ;
#1477 = CARTESIAN_POINT ( 'NONE',  ( -0.4606000000000000094, 0.9799999999999999822, -1.286100000000000243 ) ) ;
#1478 = DIRECTION ( 'NONE',  ( 0.9986295347545738332, 0.000000000000000000, 0.05233595624294388321 ) ) ;
#1479 = VERTEX_POINT ( 'NONE', #149 ) ;
#1480 = ORIENTED_EDGE ( 'NONE', *, *, #1341, .T. ) ;
#1481 = DIRECTION ( 'NONE',  ( 1.000000000000000000, -0.000000000000000000, -4.553079989440439683E-16 ) ) ;
#1482 = CARTESIAN_POINT ( 'NONE',  ( -0.4606000000000000094, 1.979999999999999982, -1.404100000000000570 ) ) ;
#1483 = ADVANCED_FACE ( 'NONE', ( #1168 ), #1447, .T. ) ;
#1484 = CARTESIAN_POINT ( 'NONE',  ( -0.3499999999999995337, 1.750000000000000222, 1.687499999999998668 ) ) ;
#1485 = FACE_OUTER_BOUND ( 'NONE', #1522, .T. ) ;
#1486 = LINE ( 'NONE', #578, #768 ) ;
#1487 = VECTOR ( 'NONE', #1198, 39.37007874015748143 ) ;
#1488 = VECTOR ( 'NONE', #1633, 39.37007874015748143 ) ;
#1489 = ORIENTED_EDGE ( 'NONE', *, *, #1284, .F. ) ;
#1490 = CARTESIAN_POINT ( 'NONE',  ( -0.5999999999999998668, 1.500000000000000666, -2.000000000000000000 ) ) ;
#1491 = DIRECTION ( 'NONE',  ( 0.000000000000000000, 0.000000000000000000, 1.000000000000000000 ) ) ;
#1492 = DIRECTION ( 'NONE',  ( 0.000000000000000000, 1.000000000000000000, 0.000000000000000000 ) ) ;
#1493 = VECTOR ( 'NONE', #939, 39.37007874015748854 ) ;
#1494 = ADVANCED_FACE ( 'NONE', ( #565 ), #1084, .F. ) ;
#1495 = DIRECTION ( 'NONE',  ( 0.05233595624294389015, 0.000000000000000000, -0.9986295347545739443 ) ) ;
#1496 = CARTESIAN_POINT ( 'NONE',  ( -0.4999999999999998335, 1.979999999999999982, 1.403899999999999260 ) ) ;
#1497 = EDGE_LOOP ( 'NONE', ( #31, #915, #1029, #1441 ) ) ;
#1498 = ORIENTED_EDGE ( 'NONE', *, *, #92, .F. ) ;
#1499 = DIRECTION ( 'NONE',  ( 0.000000000000000000, 0.000000000000000000, -1.000000000000000000 ) ) ;
#1500 = LINE ( 'NONE', #323, #1456 ) ;
#1501 = CARTESIAN_POINT ( 'NONE',  ( -0.4606000000000000094, 0.9799999999999999822, -1.404100000000000126 ) ) ;
#1502 = EDGE_CURVE ( 'NONE', #1181, #642, #835, .T. ) ;
#1503 = LINE ( 'NONE', #215, #1375 ) ;
#1504 = CARTESIAN_POINT ( 'NONE',  ( -0.3499999999999995337, 0.09999999999999976963, -1.499999999999999334 ) ) ;
#1505 = DIRECTION ( 'NONE',  ( 1.000000000000000000, -0.000000000000000000, -4.553079989440439683E-16 ) ) ;
#1506 = CARTESIAN_POINT ( 'NONE',  ( -0.6000000000000011990, 1.750000000000000222, -1.562500000000001332 ) ) ;
#1507 = ORIENTED_EDGE ( 'NONE', *, *, #1279, .F. ) ;
#1508 = FACE_OUTER_BOUND ( 'NONE', #643, .T. ) ;
#1509 = LINE ( 'NONE', #986, #115 ) ;
#1510 = ADVANCED_FACE ( 'NONE', ( #273 ), #401, .T. ) ;
#1511 = ORIENTED_EDGE ( 'NONE', *, *, #260, .F. ) ;
#1512 = AXIS2_PLACEMENT_3D ( 'NONE', #950, #1192, #27 ) ;
#1513 = CARTESIAN_POINT ( 'NONE',  ( -0.4999999999999998335, 1.729999999999999760, -1.404100000000000570 ) ) ;
#1514 = FACE_BOUND ( 'NONE', #402, .T. ) ;
#1515 = EDGE_CURVE ( 'NONE', #496, #1434, #1176, .T. ) ;
#1516 = VECTOR ( 'NONE', #1525, 39.37007874015748143 ) ;
#1517 = ORIENTED_EDGE ( 'NONE', *, *, #50, .T. ) ;
#1518 = VECTOR ( 'NONE', #931, 39.37007874015748143 ) ;
#1519 = ORIENTED_EDGE ( 'NONE', *, *, #1547, .T. ) ;
#1520 = CYLINDRICAL_SURFACE ( 'NONE', #766, 0.06249999999999995143 ) ;
#1521 = CARTESIAN_POINT ( 'NONE',  ( -0.3499999999999998113, 1.750000000000000444, -2.000000000000000000 ) ) ;
#1522 = EDGE_LOOP ( 'NONE', ( #547, #628, #1437, #223 ) ) ;
#1523 = CARTESIAN_POINT ( 'NONE',  ( -0.3499999999999998113, 1.500000000000000666, -2.000000000000000000 ) ) ;
#1524 = ADVANCED_FACE ( 'NONE', ( #34 ), #540, .F. ) ;
#1525 = DIRECTION ( 'NONE',  ( -1.000000000000000000, 0.000000000000000000, 0.000000000000000000 ) ) ;
#1526 = ADVANCED_FACE ( 'NONE', ( #1331 ), #956, .F. ) ;
#1527 = ORIENTED_EDGE ( 'NONE', *, *, #879, .F. ) ;
#1528 = CARTESIAN_POINT ( 'NONE',  ( -0.5999999999999998668, 0.5000000000000000000, -1.750000000000000000 ) ) ;
#1529 = DIRECTION ( 'NONE',  ( 0.000000000000000000, 6.829619984160656074E-16, -1.000000000000000000 ) ) ;
#1530 = ORIENTED_EDGE ( 'NONE', *, *, #252, .T. ) ;
#1531 = LINE ( 'NONE', #1141, #170 ) ;
#1532 = LINE ( 'NONE', #1538, #1348 ) ;
#1533 = EDGE_CURVE ( 'NONE', #294, #1479, #525, .T. ) ;
#1534 = CARTESIAN_POINT ( 'NONE',  ( -0.4606000000000000094, 1.979999999999999982, 1.285899999999999155 ) ) ;
#1535 = LINE ( 'NONE', #589, #116 ) ;
#1536 = ORIENTED_EDGE ( 'NONE', *, *, #788, .F. ) ;
#1537 = PLANE ( 'NONE',  #584 ) ;
#1538 = CARTESIAN_POINT ( 'NONE',  ( -0.4999999999999998335, 0.9799999999999999822, -1.404100000000000126 ) ) ;
#1539 = CLOSED_SHELL ( 'NONE', ( #717, #889, #1303, #932, #491, #1155, #1524, #418, #905, #1483, #646, #1543, #1273, #604, #1616, #293, #985, #1037, #505, #1470, #316, #736, #1494, #755, #519, #1260, #846, #1510, #627, #1157, #819, #147, #1055, #679, #1571, #1189, #1526, #421, #1024, #1683, #873, #613, #1262, #739, #870, #923, #1452, #621, #774, #1237, #1661, #977, #206, #249, #1218 ) ) ;
#1540 = CIRCLE ( 'NONE', #307, 0.2499999999999998057 ) ;
#1541 = AXIS2_PLACEMENT_3D ( 'NONE', #1021, #615, #485 ) ;
#1542 = DIRECTION ( 'NONE',  ( 0.9986295347545738332, 0.000000000000000000, 0.05233595624294388321 ) ) ;
#1543 = ADVANCED_FACE ( 'NONE', ( #785 ), #691, .T. ) ;
#1544 = AXIS2_PLACEMENT_3D ( 'NONE', #168, #551, #678 ) ;
#1545 = CARTESIAN_POINT ( 'NONE',  ( -0.5999999999999998668, 0.2500000000000006106, 1.687499999999998668 ) ) ;
#1546 = DIRECTION ( 'NONE',  ( 1.000000000000000000, -0.000000000000000000, -0.000000000000000000 ) ) ;
#1547 = EDGE_CURVE ( 'NONE', #781, #1283, #1585, .T. ) ;
#1548 = VERTEX_POINT ( 'NONE', #1460 ) ;
#1549 = CARTESIAN_POINT ( 'NONE',  ( -0.4999999999999998335, 0.9799999999999999822, -1.404100000000000126 ) ) ;
#1550 = EDGE_LOOP ( 'NONE', ( #880, #1258, #1109, #1426 ) ) ;
#1551 = ORIENTED_EDGE ( 'NONE', *, *, #532, .F. ) ;
#1552 = ORIENTED_EDGE ( 'NONE', *, *, #1156, .F. ) ;
#1553 = CARTESIAN_POINT ( 'NONE',  ( -0.3499999999999998113, 1.500000000000000666, -2.000000000000000000 ) ) ;
#1554 = DIRECTION ( 'NONE',  ( 1.000000000000000000, -0.000000000000000000, -0.000000000000000000 ) ) ;
#1555 = ORIENTED_EDGE ( 'NONE', *, *, #1249, .T. ) ;
#1556 = CYLINDRICAL_SURFACE ( 'NONE', #1314, 0.2499999999999998057 ) ;
#1557 = APPLICATION_PROTOCOL_DEFINITION ( 'draft international standard', 'automotive_design', 1998, #492 ) ;
#1558 = EDGE_CURVE ( 'NONE', #1241, #1177, #139, .T. ) ;
#1559 = ORIENTED_EDGE ( 'NONE', *, *, #1145, .T. ) ;
#1560 = VECTOR ( 'NONE', #1264, 39.37007874015748143 ) ;
#1561 = ORIENTED_EDGE ( 'NONE', *, *, #1287, .T. ) ;
#1562 = VECTOR ( 'NONE', #864, 39.37007874015748143 ) ;
#1563 = VECTOR ( 'NONE', #752, 39.37007874015748143 ) ;
#1564 = DIRECTION ( 'NONE',  ( -1.000000000000000000, 0.000000000000000000, 0.000000000000000000 ) ) ;
#1565 = CIRCLE ( 'NONE', #770, 0.06200000000000004813 ) ;
#1566 = EDGE_LOOP ( 'NONE', ( #155, #264, #537, #237 ) ) ;
#1567 = CARTESIAN_POINT ( 'NONE',  ( -0.4999999999999998335, 1.979999999999999982, 1.285899999999999155 ) ) ;
#1568 = ORIENTED_EDGE ( 'NONE', *, *, #1145, .F. ) ;
#1569 = ORIENTED_EDGE ( 'NONE', *, *, #572, .T. ) ;
#1570 = CARTESIAN_POINT ( 'NONE',  ( -0.5999999999999998668, 0.2500000000000000000, -2.000000000000000000 ) ) ;
#1571 = ADVANCED_FACE ( 'NONE', ( #701 ), #82, .T. ) ;
#1572 = ORIENTED_EDGE ( 'NONE', *, *, #1228, .T. ) ;
#1573 = ORIENTED_EDGE ( 'NONE', *, *, #1180, .T. ) ;
#1574 = CARTESIAN_POINT ( 'NONE',  ( -0.5999999999999998668, 0.000000000000000000, -2.000000000000000000 ) ) ;
#1575 = ORIENTED_EDGE ( 'NONE', *, *, #855, .T. ) ;
#1576 = ORIENTED_EDGE ( 'NONE', *, *, #1049, .F. ) ;
#1577 = DIRECTION ( 'NONE',  ( 0.9986295347545738332, -0.05233595624294387627, 0.000000000000000000 ) ) ;
#1578 = CARTESIAN_POINT ( 'NONE',  ( -0.4606000000000000094, 1.729999999999999760, 1.403899999999999260 ) ) ;
#1579 = EDGE_CURVE ( 'NONE', #152, #1185, #448, .T. ) ;
#1580 = LINE ( 'NONE', #787, #552 ) ;
#1581 = ORIENTED_EDGE ( 'NONE', *, *, #328, .T. ) ;
#1582 = DIRECTION ( 'NONE',  ( 1.000000000000000000, -0.000000000000000000, -4.553079989440439683E-16 ) ) ;
#1583 = ORIENTED_EDGE ( 'NONE', *, *, #268, .T. ) ;
#1584 = DIRECTION ( 'NONE',  ( 0.000000000000000000, 0.000000000000000000, 1.000000000000000000 ) ) ;
#1585 = LINE ( 'NONE', #411, #1493 ) ;
#1586 = VERTEX_POINT ( 'NONE', #1001 ) ;
#1587 = CIRCLE ( 'NONE', #1344, 0.06249999999999995143 ) ;
#1588 = CIRCLE ( 'NONE', #1017, 0.06249999999999995143 ) ;
#1589 = EDGE_CURVE ( 'NONE', #675, #266, #859, .T. ) ;
#1590 = DIRECTION ( 'NONE',  ( 0.000000000000000000, 0.000000000000000000, -1.000000000000000000 ) ) ;
#1591 = EDGE_CURVE ( 'NONE', #919, #250, #1352, .T. ) ;
#1592 = CARTESIAN_POINT ( 'NONE',  ( -0.5999999999999998668, 1.750000000000000222, 1.624999999999998668 ) ) ;
#1593 = DIRECTION ( 'NONE',  ( 1.000000000000000000, -0.000000000000000000, -4.553079989440439683E-16 ) ) ;
#1594 = VECTOR ( 'NONE', #74, 39.37007874015748854 ) ;
#1595 = ORIENTED_EDGE ( 'NONE', *, *, #1077, .F. ) ;
#1596 = ORIENTED_EDGE ( 'NONE', *, *, #1008, .T. ) ;
#1597 = PLANE ( 'NONE',  #662 ) ;
#1598 = PLANE ( 'NONE',  #1676 ) ;
#1599 = CARTESIAN_POINT ( 'NONE',  ( -0.4606000000000000094, 1.729999999999999760, 1.285899999999999155 ) ) ;
#1600 = DIRECTION ( 'NONE',  ( -0.000000000000000000, 1.000000000000000000, -0.000000000000000000 ) ) ;
#1601 = VERTEX_POINT ( 'NONE', #982 ) ;
#1602 = DIRECTION ( 'NONE',  ( -1.000000000000000000, -0.000000000000000000, 4.553079989440439683E-16 ) ) ;
#1603 = EDGE_CURVE ( 'NONE', #988, #605, #469, .T. ) ;
#1604 = ORIENTED_EDGE ( 'NONE', *, *, #1156, .T. ) ;
#1605 = DIRECTION ( 'NONE',  ( -1.000000000000000000, -0.000000000000000000, 4.553079989440439683E-16 ) ) ;
#1606 = DIRECTION ( 'NONE',  ( -1.000000000000000000, 0.000000000000000000, 0.000000000000000000 ) ) ;
#1607 = FACE_OUTER_BOUND ( 'NONE', #1102, .T. ) ;
#1608 = ORIENTED_EDGE ( 'NONE', *, *, #879, .T. ) ;
#1609 = PLANE ( 'NONE',  #1169 ) ;
#1610 = LINE ( 'NONE', #971, #120 ) ;
#1611 = ORIENTED_EDGE ( 'NONE', *, *, #1077, .T. ) ;
#1612 = DIRECTION ( 'NONE',  ( -1.000000000000000000, 0.000000000000000000, 0.000000000000000000 ) ) ;
#1613 = EDGE_CURVE ( 'NONE', #294, #152, #454, .T. ) ;
#1614 = DIRECTION ( 'NONE',  ( 0.000000000000000000, 0.000000000000000000, -1.000000000000000000 ) ) ;
#1615 = CARTESIAN_POINT ( 'NONE',  ( -0.3499999999999995337, 2.000000000000000444, -1.499999999999999778 ) ) ;
#1616 = ADVANCED_FACE ( 'NONE', ( #991 ), #1256, .F. ) ;
#1617 = DIRECTION ( 'NONE',  ( 4.553079989440439683E-16, 0.000000000000000000, 1.000000000000000000 ) ) ;
#1618 = AXIS2_PLACEMENT_3D ( 'NONE', #1236, #1209, #574 ) ;
#1619 = DIRECTION ( 'NONE',  ( 0.000000000000000000, 0.000000000000000000, 1.000000000000000000 ) ) ;
#1620 = AXIS2_PLACEMENT_3D ( 'NONE', #102, #616, #712 ) ;
#1621 = STYLED_ITEM ( 'NONE', ( #1398 ), #1031 ) ;
#1622 = EDGE_LOOP ( 'NONE', ( #737, #1163, #916, #79 ) ) ;
#1623 = CARTESIAN_POINT ( 'NONE',  ( -0.4999999999999998335, 0.7299999999999998712, -1.404100000000000126 ) ) ;
#1624 = CARTESIAN_POINT ( 'NONE',  ( -0.6000000000000011990, 0.2500000000000006106, -1.687500000000001332 ) ) ;
#1625 = CARTESIAN_POINT ( 'NONE',  ( -0.4606000000000000094, 1.729999999999999760, 1.403899999999999260 ) ) ;
#1626 = VECTOR ( 'NONE', #56, 39.37007874015748143 ) ;
#1627 = EDGE_CURVE ( 'NONE', #1043, #427, #965, .T. ) ;
#1628 = DIRECTION ( 'NONE',  ( -0.000000000000000000, 0.000000000000000000, -1.000000000000000000 ) ) ;
#1629 = DIRECTION ( 'NONE',  ( -0.9972646886342373396, -0.05226442768871395611, 0.05226442768871396999 ) ) ;
#1630 = PLANE ( 'NONE',  #251 ) ;
#1631 = ORIENTED_EDGE ( 'NONE', *, *, #834, .F. ) ;
#1632 = ORIENTED_EDGE ( 'NONE', *, *, #1049, .T. ) ;
#1633 = DIRECTION ( 'NONE',  ( 0.000000000000000000, 0.000000000000000000, 1.000000000000000000 ) ) ;
#1634 = CARTESIAN_POINT ( 'NONE',  ( -0.3499999999999998113, 1.750000000000000444, -2.000000000000000000 ) ) ;
#1635 = EDGE_LOOP ( 'NONE', ( #1611, #1392 ) ) ;
#1636 = DIRECTION ( 'NONE',  ( -1.000000000000000000, -0.000000000000000000, 4.553079989440439683E-16 ) ) ;
#1637 = EDGE_CURVE ( 'NONE', #1446, #1143, #1117, .T. ) ;
#1638 = CARTESIAN_POINT ( 'NONE',  ( -0.3499999999999998113, 1.750000000000000444, -2.062500000000000000 ) ) ;
#1639 = EDGE_CURVE ( 'NONE', #1296, #95, #90, .T. ) ;
#1640 = ORIENTED_EDGE ( 'NONE', *, *, #1111, .T. ) ;
#1641 = CARTESIAN_POINT ( 'NONE',  ( -0.4606000000000000094, 0.7299999999999998712, -1.286100000000000243 ) ) ;
#1642 = CARTESIAN_POINT ( 'NONE',  ( -0.3500000000000009215, 0.09999999999999976963, -1.499999999999999334 ) ) ;
#1643 = ORIENTED_EDGE ( 'NONE', *, *, #1603, .T. ) ;
#1644 = DIRECTION ( 'NONE',  ( -1.000000000000000000, -0.000000000000000000, 4.553079989440439683E-16 ) ) ;
#1645 = EDGE_CURVE ( 'NONE', #506, #1181, #442, .T. ) ;
#1646 = CARTESIAN_POINT ( 'NONE',  ( -0.3819000000000000727, 0.7341244922295752096, -1.404100000000000126 ) ) ;
#1647 = AXIS2_PLACEMENT_3D ( 'NONE', #1082, #432, #72 ) ;
#1648 = EDGE_CURVE ( 'NONE', #218, #794, #1500, .T. ) ;
#1649 = EDGE_LOOP ( 'NONE', ( #967, #1555, #1681, #1257 ) ) ;
#1650 = VECTOR ( 'NONE', #677, 39.37007874015748143 ) ;
#1651 = DIRECTION ( 'NONE',  ( 1.000000000000000000, 0.000000000000000000, 0.000000000000000000 ) ) ;
#1652 = DIRECTION ( 'NONE',  ( 0.000000000000000000, 0.000000000000000000, -1.000000000000000000 ) ) ;
#1653 = CIRCLE ( 'NONE', #994, 0.06249999999999995143 ) ;
#1654 = VERTEX_POINT ( 'NONE', #711 ) ;
#1655 = VECTOR ( 'NONE', #160, 39.37007874015748143 ) ;
#1656 = ORIENTED_EDGE ( 'NONE', *, *, #1101, .F. ) ;
#1657 = DIRECTION ( 'NONE',  ( 0.000000000000000000, 0.000000000000000000, -1.000000000000000000 ) ) ;
#1658 = DIRECTION ( 'NONE',  ( 0.000000000000000000, 0.000000000000000000, 1.000000000000000000 ) ) ;
#1659 = DIRECTION ( 'NONE',  ( 0.000000000000000000, -0.000000000000000000, -1.000000000000000000 ) ) ;
#1660 = DIRECTION ( 'NONE',  ( 0.000000000000000000, -0.000000000000000000, -1.000000000000000000 ) ) ;
#1661 = ADVANCED_FACE ( 'NONE', ( #852 ), #462, .F. ) ;
#1662 = DIRECTION ( 'NONE',  ( -1.000000000000000000, -0.000000000000000000, 4.553079989440439683E-16 ) ) ;
#1663 = LINE ( 'NONE', #358, #992 ) ;
#1664 = ORIENTED_EDGE ( 'NONE', *, *, #231, .F. ) ;
#1665 = LINE ( 'NONE', #489, #962 ) ;
#1666 = EDGE_CURVE ( 'NONE', #54, #190, #196, .T. ) ;
#1667 = CARTESIAN_POINT ( 'NONE',  ( -0.3499999999999998113, 1.750000000000000444, -2.062500000000000000 ) ) ;
#1668 = ORIENTED_EDGE ( 'NONE', *, *, #834, .T. ) ;
#1669 = FACE_OUTER_BOUND ( 'NONE', #515, .T. ) ;
#1670 = LINE ( 'NONE', #1014, #499 ) ;
#1671 = AXIS2_PLACEMENT_3D ( 'NONE', #999, #1403, #217 ) ;
#1672 = ORIENTED_EDGE ( 'NONE', *, *, #504, .F. ) ;
#1673 = CIRCLE ( 'NONE', #632, 0.06249999999999995143 ) ;
#1674 = VECTOR ( 'NONE', #424, 39.37007874015748143 ) ;
#1675 = DIRECTION ( 'NONE',  ( 0.000000000000000000, 1.000000000000000000, 0.000000000000000000 ) ) ;
#1676 = AXIS2_PLACEMENT_3D ( 'NONE', #1321, #1199, #22 ) ;
#1677 = ORIENTED_EDGE ( 'NONE', *, *, #1288, .T. ) ;
#1678 = DIRECTION ( 'NONE',  ( -0.000000000000000000, 1.000000000000000000, -0.000000000000000000 ) ) ;
#1679 = ORIENTED_EDGE ( 'NONE', *, *, #1627, .F. ) ;
#1680 = ORIENTED_EDGE ( 'NONE', *, *, #4, .F. ) ;
#1681 = ORIENTED_EDGE ( 'NONE', *, *, #171, .F. ) ;
#1682 = DIRECTION ( 'NONE',  ( 0.000000000000000000, 0.000000000000000000, 1.000000000000000000 ) ) ;
#1683 = ADVANCED_FACE ( 'NONE', ( #332 ), #594, .F. ) ;
#1684 = DIRECTION ( 'NONE',  ( 0.9986295347545738332, -0.05233595624294387627, 0.000000000000000000 ) ) ;
#1685 = ORIENTED_EDGE ( 'NONE', *, *, #727, .F. ) ;
#1686 = EDGE_CURVE ( 'NONE', #145, #930, #753, .T. ) ;
#1687 = CARTESIAN_POINT ( 'NONE',  ( -0.3819000000000000727, 0.9758755077704244218, -1.399975507770425009 ) ) ;
#1688 = VERTEX_POINT ( 'NONE', #518 ) ;
#1689 = ORIENTED_EDGE ( 'NONE', *, *, #542, .T. ) ;
ENDSEC;
END-ISO-10303-21;
