ISO-10303-21;
HEADER;
FILE_DESCRIPTION (( 'STEP AP214' ),
    '1' );
FILE_NAME ('RLiftMountV2.STEP',
    '2026-03-11T06:04:13',
    ( '' ),
    ( '' ),
    'SwSTEP 2.0',
    'SolidWorks 2025',
    '' );
FILE_SCHEMA (( 'AUTOMOTIVE_DESIGN' ));
ENDSEC;

DATA;
#1 = ORIENTED_EDGE ( 'NONE', *, *, #745, .T. ) ;
#2 = CYLINDRICAL_SURFACE ( 'NONE', #234, 0.06200000000000004813 ) ;
#3 = ORIENTED_EDGE ( 'NONE', *, *, #507, .F. ) ;
#4 = VERTEX_POINT ( 'NONE', #1324 ) ;
#5 = DIRECTION ( 'NONE',  ( 0.9972646886342373396, 0.05226442768871395611, 0.05226442768871396999 ) ) ;
#6 = PLANE ( 'NONE',  #121 ) ;
#7 = ADVANCED_FACE ( 'NONE', ( #167 ), #682, .F. ) ;
#8 = AXIS2_PLACEMENT_3D ( 'NONE', #740, #1250, #212 ) ;
#9 = ORIENTED_EDGE ( 'NONE', *, *, #1433, .T. ) ;
#10 = VECTOR ( 'NONE', #542, 39.37007874015748143 ) ;
#11 = DIRECTION ( 'NONE',  ( -0.05233595624294388321, -0.9986295347545739443, 0.000000000000000000 ) ) ;
#12 = DIRECTION ( 'NONE',  ( -1.000000000000000000, 0.000000000000000000, 0.000000000000000000 ) ) ;
#13 = VECTOR ( 'NONE', #1475, 39.37007874015748143 ) ;
#14 = ORIENTED_EDGE ( 'NONE', *, *, #1657, .F. ) ;
#15 = EDGE_LOOP ( 'NONE', ( #95, #1430, #262, #380 ) ) ;
#16 = CARTESIAN_POINT ( 'NONE',  ( 1.350000000000000089, 1.750000000000000444, -2.000000000000000000 ) ) ;
#17 = VECTOR ( 'NONE', #366, 39.37007874015748143 ) ;
#18 = CARTESIAN_POINT ( 'NONE',  ( 1.600000000000001421, 0.2500000000000006106, -1.625000000000001332 ) ) ;
#19 = LINE ( 'NONE', #1019, #371 ) ;
#20 = EDGE_LOOP ( 'NONE', ( #623, #51, #1398, #1513 ) ) ;
#21 = EDGE_CURVE ( 'NONE', #1361, #1360, #1432, .T. ) ;
#22 = LINE ( 'NONE', #674, #1451 ) ;
#23 = CARTESIAN_POINT ( 'NONE',  ( 1.350000000000000089, 0.2500000000000000000, -2.000000000000000000 ) ) ;
#24 = DIRECTION ( 'NONE',  ( 0.000000000000000000, 0.000000000000000000, 1.000000000000000000 ) ) ;
#25 = FACE_OUTER_BOUND ( 'NONE', #1645, .T. ) ;
#26 = CARTESIAN_POINT ( 'NONE',  ( 1.349999999999999867, 1.750000000000000222, 1.562499999999998668 ) ) ;
#27 = VERTEX_POINT ( 'NONE', #150 ) ;
#28 = CARTESIAN_POINT ( 'NONE',  ( 1.600000000000000089, 1.750000000000000444, -2.000000000000000000 ) ) ;
#29 = LINE ( 'NONE', #185, #1001 ) ;
#30 = EDGE_LOOP ( 'NONE', ( #696, #157, #376, #294 ) ) ;
#31 = EDGE_CURVE ( 'NONE', #448, #1031, #73, .T. ) ;
#32 = VERTEX_POINT ( 'NONE', #1598 ) ;
#33 = DIRECTION ( 'NONE',  ( 0.000000000000000000, 0.000000000000000000, -1.000000000000000000 ) ) ;
#34 = EDGE_CURVE ( 'NONE', #1361, #1158, #138, .T. ) ;
#35 = VERTEX_POINT ( 'NONE', #286 ) ;
#36 = CARTESIAN_POINT ( 'NONE',  ( 1.460600000000000342, 1.729999999999999760, 1.403899999999999260 ) ) ;
#37 = DIRECTION ( 'NONE',  ( 0.000000000000000000, 0.000000000000000000, -1.000000000000000000 ) ) ;
#38 = VECTOR ( 'NONE', #1067, 39.37007874015748854 ) ;
#39 = PLANE ( 'NONE',  #1282 ) ;
#40 = AXIS2_PLACEMENT_3D ( 'NONE', #588, #1512, #1106 ) ;
#41 = FACE_OUTER_BOUND ( 'NONE', #1302, .T. ) ;
#42 = VECTOR ( 'NONE', #1608, 39.37007874015748854 ) ;
#43 = VERTEX_POINT ( 'NONE', #296 ) ;
#44 = CARTESIAN_POINT ( 'NONE',  ( 1.600000000000001421, 1.750000000000000222, -1.625000000000001332 ) ) ;
#45 = AXIS2_PLACEMENT_3D ( 'NONE', #107, #1399, #328 ) ;
#46 = ORIENTED_EDGE ( 'NONE', *, *, #938, .F. ) ;
#47 = AXIS2_PLACEMENT_3D ( 'NONE', #170, #291, #431 ) ;
#48 = CARTESIAN_POINT ( 'NONE',  ( 1.500000000000000222, 0.7299999999999998712, -1.286100000000000243 ) ) ;
#49 = ADVANCED_FACE ( 'NONE', ( #1582 ), #659, .T. ) ;
#50 = DIRECTION ( 'NONE',  ( 0.000000000000000000, 1.000000000000000000, 0.000000000000000000 ) ) ;
#51 = ORIENTED_EDGE ( 'NONE', *, *, #634, .F. ) ;
#52 = CARTESIAN_POINT ( 'NONE',  ( 1.600000000000000089, 2.000000000000000444, 1.750000000000000000 ) ) ;
#53 = DIRECTION ( 'NONE',  ( -1.000000000000000000, 0.000000000000000000, -0.000000000000000000 ) ) ;
#54 = VERTEX_POINT ( 'NONE', #409 ) ;
#55 = DIRECTION ( 'NONE',  ( 0.000000000000000000, 0.000000000000000000, 1.000000000000000000 ) ) ;
#56 = DIRECTION ( 'NONE',  ( 0.000000000000000000, -0.000000000000000000, 1.000000000000000000 ) ) ;
#57 = CARTESIAN_POINT ( 'NONE',  ( 1.381900000000000350, 1.979999999999999982, 1.290024492229574493 ) ) ;
#58 = LINE ( 'NONE', #1508, #236 ) ;
#59 = EDGE_CURVE ( 'NONE', #649, #770, #1054, .T. ) ;
#60 = CARTESIAN_POINT ( 'NONE',  ( 1.600000000000000089, 1.750000000000000444, -2.000000000000000000 ) ) ;
#61 = DIRECTION ( 'NONE',  ( 0.000000000000000000, 1.000000000000000000, -0.000000000000000000 ) ) ;
#62 = EDGE_LOOP ( 'NONE', ( #557, #1683, #932, #83 ) ) ;
#63 = CARTESIAN_POINT ( 'NONE',  ( 1.500000000000001110, 0.09999999999999976963, -1.499999999999999334 ) ) ;
#64 = EDGE_LOOP ( 'NONE', ( #1635, #927 ) ) ;
#65 = EDGE_LOOP ( 'NONE', ( #269, #1293, #1525, #163 ) ) ;
#66 = CARTESIAN_POINT ( 'NONE',  ( 1.500000000000000222, 2.000000000000000444, -1.499999999999999778 ) ) ;
#67 = DIRECTION ( 'NONE',  ( 0.000000000000000000, 0.000000000000000000, 1.000000000000000000 ) ) ;
#68 = LINE ( 'NONE', #474, #1129 ) ;
#69 = EDGE_CURVE ( 'NONE', #1031, #43, #819, .T. ) ;
#70 = CARTESIAN_POINT ( 'NONE',  ( 1.381900000000000350, 1.975875507770424422, -1.290224492229575803 ) ) ;
#71 = PLANE ( 'NONE',  #40 ) ;
#72 = ORIENTED_EDGE ( 'NONE', *, *, #368, .T. ) ;
#73 = CIRCLE ( 'NONE', #1312, 0.06200000000000004813 ) ;
#74 = CIRCLE ( 'NONE', #1024, 0.2500000000000000555 ) ;
#75 = LINE ( 'NONE', #993, #1425 ) ;
#76 = AXIS2_PLACEMENT_3D ( 'NONE', #936, #1455, #1445 ) ;
#77 = AXIS2_PLACEMENT_3D ( 'NONE', #1419, #661, #1032 ) ;
#78 = CARTESIAN_POINT ( 'NONE',  ( 1.600000000000000089, 0.2500000000000000000, -2.000000000000000000 ) ) ;
#79 = FACE_OUTER_BOUND ( 'NONE', #65, .T. ) ;
#80 = EDGE_CURVE ( 'NONE', #132, #1301, #528, .T. ) ;
#81 = DIRECTION ( 'NONE',  ( -1.000000000000000000, 0.000000000000000000, -0.000000000000000000 ) ) ;
#82 = EDGE_LOOP ( 'NONE', ( #9, #216 ) ) ;
#83 = ORIENTED_EDGE ( 'NONE', *, *, #1034, .T. ) ;
#84 = DIRECTION ( 'NONE',  ( 0.9986295347545738332, -0.05233595624294387627, 0.000000000000000000 ) ) ;
#85 = CARTESIAN_POINT ( 'NONE',  ( 1.600000000000000089, 1.750000000000000222, 1.624999999999998668 ) ) ;
#86 = CARTESIAN_POINT ( 'NONE',  ( 1.500000000000000222, 1.979999999999999982, -1.404100000000000570 ) ) ;
#87 = ORIENTED_EDGE ( 'NONE', *, *, #1558, .T. ) ;
#88 = VERTEX_POINT ( 'NONE', #1201 ) ;
#89 = DIRECTION ( 'NONE',  ( 0.000000000000000000, 1.000000000000000000, 0.000000000000000000 ) ) ;
#90 = EDGE_CURVE ( 'NONE', #43, #215, #1280, .T. ) ;
#91 = PRODUCT_CONTEXT ( 'NONE', #136, 'mechanical' ) ;
#92 = DIRECTION ( 'NONE',  ( 0.000000000000000000, -0.000000000000000000, 1.000000000000000000 ) ) ;
#93 = DIRECTION ( 'NONE',  ( 0.000000000000000000, 0.000000000000000000, 1.000000000000000000 ) ) ;
#94 = CARTESIAN_POINT ( 'NONE',  ( -1.499999999999999778, 2.000000000000000444, 1.499999999999999778 ) ) ;
#95 = ORIENTED_EDGE ( 'NONE', *, *, #435, .T. ) ;
#96 = ORIENTED_EDGE ( 'NONE', *, *, #755, .T. ) ;
#97 = PLANE ( 'NONE',  #45 ) ;
#98 = CIRCLE ( 'NONE', #1449, 0.06249999999999995143 ) ;
#99 = ADVANCED_FACE ( 'NONE', ( #41 ), #1338, .F. ) ;
#100 = VECTOR ( 'NONE', #1356, 39.37007874015748143 ) ;
#101 = VECTOR ( 'NONE', #970, 39.37007874015748143 ) ;
#102 = VECTOR ( 'NONE', #1484, 39.37007874015748143 ) ;
#103 = DIRECTION ( 'NONE',  ( 0.000000000000000000, 1.000000000000000000, 0.000000000000000000 ) ) ;
#104 = LINE ( 'NONE', #757, #341 ) ;
#105 = VERTEX_POINT ( 'NONE', #1186 ) ;
#106 = ORIENTED_EDGE ( 'NONE', *, *, #1212, .F. ) ;
#107 = CARTESIAN_POINT ( 'NONE',  ( 0.000000000000000000, 0.09999999999999976963, 0.000000000000000000 ) ) ;
#108 = EDGE_CURVE ( 'NONE', #795, #387, #810, .T. ) ;
#109 = DIRECTION ( 'NONE',  ( -0.05233595624294389015, 0.000000000000000000, -0.9986295347545739443 ) ) ;
#110 = LINE ( 'NONE', #1529, #1206 ) ;
#111 = LINE ( 'NONE', #635, #1074 ) ;
#112 = ORIENTED_EDGE ( 'NONE', *, *, #537, .T. ) ;
#113 = ORIENTED_EDGE ( 'NONE', *, *, #1507, .F. ) ;
#114 = FACE_OUTER_BOUND ( 'NONE', #1556, .T. ) ;
#115 = ADVANCED_FACE ( 'NONE', ( #79 ), #311, .F. ) ;
#116 = ORIENTED_EDGE ( 'NONE', *, *, #472, .F. ) ;
#117 = VERTEX_POINT ( 'NONE', #70 ) ;
#118 = CARTESIAN_POINT ( 'NONE',  ( -1.500000000000000222, 2.000000000000000444, -1.499999999999999778 ) ) ;
#119 = AXIS2_PLACEMENT_3D ( 'NONE', #436, #418, #543 ) ;
#120 = VECTOR ( 'NONE', #1122, 39.37007874015748143 ) ;
#121 = AXIS2_PLACEMENT_3D ( 'NONE', #521, #1048, #1578 ) ;
#122 = ORIENTED_EDGE ( 'NONE', *, *, #80, .F. ) ;
#123 = VECTOR ( 'NONE', #465, 39.37007874015748143 ) ;
#124 = CARTESIAN_POINT ( 'NONE',  ( 1.350000000000001199, 0.09999999999999976963, -1.499999999999999334 ) ) ;
#125 = ORIENTED_EDGE ( 'NONE', *, *, #722, .T. ) ;
#126 = VECTOR ( 'NONE', #1304, 39.37007874015748143 ) ;
#127 = EDGE_CURVE ( 'NONE', #728, #787, #601, .T. ) ;
#128 = VERTEX_POINT ( 'NONE', #1660 ) ;
#129 = EDGE_LOOP ( 'NONE', ( #116, #1224 ) ) ;
#130 = EDGE_LOOP ( 'NONE', ( #479, #1623, #1452, #982 ) ) ;
#131 = LINE ( 'NONE', #510, #751 ) ;
#132 = VERTEX_POINT ( 'NONE', #703 ) ;
#133 = EDGE_CURVE ( 'NONE', #194, #1625, #520, .T. ) ;
#134 = CARTESIAN_POINT ( 'NONE',  ( 1.600000000000001421, 1.750000000000000222, -1.562500000000001332 ) ) ;
#135 = ORIENTED_EDGE ( 'NONE', *, *, #350, .T. ) ;
#136 = APPLICATION_CONTEXT ( 'automotive_design' ) ;
#137 = LINE ( 'NONE', #402, #1375 ) ;
#138 = LINE ( 'NONE', #304, #994 ) ;
#139 = ORIENTED_EDGE ( 'NONE', *, *, #1607, .F. ) ;
#140 = ORIENTED_EDGE ( 'NONE', *, *, #1366, .F. ) ;
#141 = CARTESIAN_POINT ( 'NONE',  ( 1.500000000000000222, 1.979999999999999982, -1.404100000000000570 ) ) ;
#142 = LINE ( 'NONE', #367, #453 ) ;
#143 = DIRECTION ( 'NONE',  ( 1.000000000000000000, 0.000000000000000000, 0.000000000000000000 ) ) ;
#144 = EDGE_CURVE ( 'NONE', #645, #1057, #611, .T. ) ;
#145 = AXIS2_PLACEMENT_3D ( 'NONE', #877, #1020, #238 ) ;
#146 = EDGE_LOOP ( 'NONE', ( #1109, #940 ) ) ;
#147 = AXIS2_PLACEMENT_3D ( 'NONE', #705, #1494, #1094 ) ;
#148 = DIRECTION ( 'NONE',  ( -1.000000000000000000, 0.000000000000000000, -4.553079989440439683E-16 ) ) ;
#149 = CARTESIAN_POINT ( 'NONE',  ( 1.460600000000000342, 1.729999999999999760, -1.286100000000000465 ) ) ;
#150 = CARTESIAN_POINT ( 'NONE',  ( 1.600000000000000089, 2.000000000000000444, -2.000000000000000000 ) ) ;
#151 = VECTOR ( 'NONE', #495, 39.37007874015748143 ) ;
#152 = CARTESIAN_POINT ( 'NONE',  ( 1.350000000000000089, 1.750000000000000444, -2.249999999999999556 ) ) ;
#153 = LINE ( 'NONE', #1668, #290 ) ;
#154 = CARTESIAN_POINT ( 'NONE',  ( 1.381900000000000350, 1.975875507770424422, 1.285899999999999155 ) ) ;
#155 = DIRECTION ( 'NONE',  ( -1.000000000000000000, -0.000000000000000000, -4.553079989440439683E-16 ) ) ;
#156 = EDGE_CURVE ( 'NONE', #1583, #529, #98, .T. ) ;
#157 = ORIENTED_EDGE ( 'NONE', *, *, #245, .F. ) ;
#158 = CARTESIAN_POINT ( 'NONE',  ( 1.460600000000000342, 1.729999999999999760, 1.403899999999999260 ) ) ;
#159 = ADVANCED_FACE ( 'NONE', ( #610 ), #1357, .F. ) ;
#160 = DIRECTION ( 'NONE',  ( 0.000000000000000000, 0.000000000000000000, -1.000000000000000000 ) ) ;
#161 = EDGE_LOOP ( 'NONE', ( #1, #1392, #684, #577 ) ) ;
#162 = DIRECTION ( 'NONE',  ( -1.000000000000000000, 0.000000000000000000, -4.553079989440439683E-16 ) ) ;
#163 = ORIENTED_EDGE ( 'NONE', *, *, #858, .T. ) ;
#164 = CARTESIAN_POINT ( 'NONE',  ( 1.600000000000000089, 1.500000000000000666, -1.750000000000000000 ) ) ;
#165 = CARTESIAN_POINT ( 'NONE',  ( 1.500000000000000222, 1.729999999999999760, -1.404100000000000570 ) ) ;
#166 = CARTESIAN_POINT ( 'NONE',  ( 1.460600000000000342, 1.729999999999999760, -1.404100000000000570 ) ) ;
#167 = FACE_OUTER_BOUND ( 'NONE', #886, .T. ) ;
#168 = ADVANCED_FACE ( 'NONE', ( #1121 ), #988, .F. ) ;
#169 = ORIENTED_EDGE ( 'NONE', *, *, #1433, .F. ) ;
#170 = CARTESIAN_POINT ( 'NONE',  ( 1.381900000000000350, 1.500000000000000222, 2.689999999999999503 ) ) ;
#171 = LINE ( 'NONE', #1199, #1211 ) ;
#172 = CARTESIAN_POINT ( 'NONE',  ( 1.460600000000000342, 0.9799999999999999822, -1.404100000000000126 ) ) ;
#173 = AXIS2_PLACEMENT_3D ( 'NONE', #467, #475, #971 ) ;
#174 = DIRECTION ( 'NONE',  ( 0.000000000000000000, 0.000000000000000000, -1.000000000000000000 ) ) ;
#175 = AXIS2_PLACEMENT_3D ( 'NONE', #60, #721, #852 ) ;
#176 = ORIENTED_EDGE ( 'NONE', *, *, #570, .F. ) ;
#177 = CARTESIAN_POINT ( 'NONE',  ( 1.460600000000000342, 1.729999999999999760, 1.285899999999999155 ) ) ;
#178 = AXIS2_PLACEMENT_3D ( 'NONE', #442, #279, #1317 ) ;
#179 = DIRECTION ( 'NONE',  ( 0.000000000000000000, 0.000000000000000000, -1.000000000000000000 ) ) ;
#180 = PLANE ( 'NONE',  #76 ) ;
#181 = EDGE_CURVE ( 'NONE', #1471, #1182, #1523, .T. ) ;
#182 = APPLICATION_PROTOCOL_DEFINITION ( 'draft international standard', 'automotive_design', 1998, #136 ) ;
#183 = ORIENTED_EDGE ( 'NONE', *, *, #1105, .F. ) ;
#184 = DIRECTION ( 'NONE',  ( -0.05233595624294388321, 0.9986295347545739443, 0.000000000000000000 ) ) ;
#185 = CARTESIAN_POINT ( 'NONE',  ( 1.600000000000001421, 0.2500000000000006106, -1.687500000000001332 ) ) ;
#186 = DIRECTION ( 'NONE',  ( 0.000000000000000000, 0.000000000000000000, 1.000000000000000000 ) ) ;
#187 = ORIENTED_EDGE ( 'NONE', *, *, #1551, .T. ) ;
#188 = PLANE ( 'NONE',  #391 ) ;
#189 = CARTESIAN_POINT ( 'NONE',  ( 1.460600000000000342, 1.979999999999999982, -1.404100000000000570 ) ) ;
#190 = EDGE_CURVE ( 'NONE', #1158, #117, #712, .T. ) ;
#191 = CARTESIAN_POINT ( 'NONE',  ( 1.350000000000000089, 0.5000000000000000000, -2.000000000000000000 ) ) ;
#192 = CARTESIAN_POINT ( 'NONE',  ( 1.600000000000001421, 0.2500000000000006106, -1.625000000000001332 ) ) ;
#193 = DIRECTION ( 'NONE',  ( -1.000000000000000000, 0.000000000000000000, -4.553079989440439683E-16 ) ) ;
#194 = VERTEX_POINT ( 'NONE', #980 ) ;
#195 = VERTEX_POINT ( 'NONE', #351 ) ;
#196 = ORIENTED_EDGE ( 'NONE', *, *, #34, .F. ) ;
#197 = DIRECTION ( 'NONE',  ( 1.000000000000000000, 0.000000000000000000, 0.000000000000000000 ) ) ;
#198 = CARTESIAN_POINT ( 'NONE',  ( 1.460600000000000342, 0.7299999999999998712, -1.286100000000000243 ) ) ;
#199 = EDGE_CURVE ( 'NONE', #636, #1173, #446, .T. ) ;
#200 = CYLINDRICAL_SURFACE ( 'NONE', #1315, 0.06249999999999995143 ) ;
#201 = DIRECTION ( 'NONE',  ( 1.000000000000000000, 0.000000000000000000, 0.000000000000000000 ) ) ;
#202 = FACE_OUTER_BOUND ( 'NONE', #239, .T. ) ;
#203 = ORIENTED_EDGE ( 'NONE', *, *, #69, .F. ) ;
#204 = VECTOR ( 'NONE', #1340, 39.37007874015748143 ) ;
#205 = EDGE_LOOP ( 'NONE', ( #1567, #1439 ) ) ;
#206 = STYLED_ITEM ( 'NONE', ( #1531 ), #585 ) ;
#207 = CARTESIAN_POINT ( 'NONE',  ( 1.349999999999999867, 0.2500000000000006106, -1.625000000000001332 ) ) ;
#208 = VECTOR ( 'NONE', #1188, 39.37007874015748143 ) ;
#209 = VECTOR ( 'NONE', #783, 39.37007874015748143 ) ;
#210 = ADVANCED_FACE ( 'NONE', ( #332 ), #1649, .F. ) ;
#211 = DIRECTION ( 'NONE',  ( 1.000000000000000000, -0.000000000000000000, -0.000000000000000000 ) ) ;
#212 = DIRECTION ( 'NONE',  ( 0.000000000000000000, 0.000000000000000000, 1.000000000000000000 ) ) ;
#213 = ADVANCED_FACE ( 'NONE', ( #996 ), #321, .T. ) ;
#214 = PLANE ( 'NONE',  #1485 ) ;
#215 = VERTEX_POINT ( 'NONE', #1501 ) ;
#216 = ORIENTED_EDGE ( 'NONE', *, *, #1242, .T. ) ;
#217 = DIRECTION ( 'NONE',  ( 0.9972646886342373396, 0.05226442768871395611, 0.05226442768871396999 ) ) ;
#218 = CARTESIAN_POINT ( 'NONE',  ( 1.500000000000000222, 2.000000000000000444, -1.499999999999999778 ) ) ;
#219 = CARTESIAN_POINT ( 'NONE',  ( 1.600000000000000089, 1.750000000000000444, -1.937500000000000000 ) ) ;
#220 = DIRECTION ( 'NONE',  ( -1.000000000000000000, 0.000000000000000000, -4.553079989440439683E-16 ) ) ;
#221 = LINE ( 'NONE', #86, #120 ) ;
#222 = EDGE_LOOP ( 'NONE', ( #1414, #1140, #798, #375, #615, #1550, #631, #1146, #902, #1123, #888, #759, #715, #499 ) ) ;
#223 = EDGE_CURVE ( 'NONE', #728, #493, #748, .T. ) ;
#224 = ORIENTED_EDGE ( 'NONE', *, *, #851, .F. ) ;
#225 = PLANE ( 'NONE',  #1131 ) ;
#226 = CARTESIAN_POINT ( 'NONE',  ( 1.349999999999999867, 2.000000000000000444, -1.499999999999999778 ) ) ;
#227 = CARTESIAN_POINT ( 'NONE',  ( 1.600000000000000089, 0.2500000000000000000, -2.250000000000000000 ) ) ;
#228 = CYLINDRICAL_SURFACE ( 'NONE', #283, 0.06249999999999995143 ) ;
#229 = VERTEX_POINT ( 'NONE', #1403 ) ;
#230 = ORIENTED_EDGE ( 'NONE', *, *, #1410, .T. ) ;
#231 = LINE ( 'NONE', #625, #17 ) ;
#232 = DIRECTION ( 'NONE',  ( -1.000000000000000000, 0.000000000000000000, -4.553079989440439683E-16 ) ) ;
#233 = CIRCLE ( 'NONE', #145, 0.06249999999999995143 ) ;
#234 = AXIS2_PLACEMENT_3D ( 'NONE', #1191, #1588, #1337 ) ;
#235 = AXIS2_PLACEMENT_3D ( 'NONE', #1336, #925, #37 ) ;
#236 = VECTOR ( 'NONE', #1499, 39.37007874015748854 ) ;
#237 = LINE ( 'NONE', #1142, #151 ) ;
#238 = DIRECTION ( 'NONE',  ( 0.000000000000000000, 0.000000000000000000, 1.000000000000000000 ) ) ;
#239 = EDGE_LOOP ( 'NONE', ( #874, #1042, #1151, #672 ) ) ;
#240 = ORIENTED_EDGE ( 'NONE', *, *, #350, .F. ) ;
#241 = FACE_OUTER_BOUND ( 'NONE', #1233, .T. ) ;
#242 = DIRECTION ( 'NONE',  ( 0.000000000000000000, 0.000000000000000000, 1.000000000000000000 ) ) ;
#243 = EDGE_CURVE ( 'NONE', #1426, #1081, #1014, .T. ) ;
#244 = DIMENSIONAL_EXPONENTS ( 1.000000000000000000, 0.000000000000000000, 0.000000000000000000, 0.000000000000000000, 0.000000000000000000, 0.000000000000000000, 0.000000000000000000 ) ;
#245 = EDGE_CURVE ( 'NONE', #4, #1471, #1311, .T. ) ;
#246 = ORIENTED_EDGE ( 'NONE', *, *, #181, .T. ) ;
#247 = ORIENTED_EDGE ( 'NONE', *, *, #368, .F. ) ;
#248 = CARTESIAN_POINT ( 'NONE',  ( 1.381900000000000350, 1.734124492229575321, -1.399975507770425232 ) ) ;
#249 = EDGE_CURVE ( 'NONE', #1173, #365, #233, .T. ) ;
#250 = EDGE_CURVE ( 'NONE', #1017, #559, #104, .T. ) ;
#251 = ORIENTED_EDGE ( 'NONE', *, *, #960, .F. ) ;
#252 = EDGE_LOOP ( 'NONE', ( #1610, #169, #96, #1115 ) ) ;
#253 = ORIENTED_EDGE ( 'NONE', *, *, #127, .F. ) ;
#254 = DIRECTION ( 'NONE',  ( -0.000000000000000000, -1.000000000000000000, -0.000000000000000000 ) ) ;
#255 = CARTESIAN_POINT ( 'NONE',  ( 1.350000000000000089, 0.2500000000000000000, -2.000000000000000000 ) ) ;
#256 = AXIS2_PLACEMENT_3D ( 'NONE', #853, #863, #1388 ) ;
#257 = CIRCLE ( 'NONE', #482, 0.06249999999999995143 ) ;
#258 = ORIENTED_EDGE ( 'NONE', *, *, #818, .T. ) ;
#259 = VECTOR ( 'NONE', #956, 39.37007874015748854 ) ;
#260 = CARTESIAN_POINT ( 'NONE',  ( 1.460600000000000342, 1.729999999999999760, -1.286100000000000465 ) ) ;
#261 = ORIENTED_EDGE ( 'NONE', *, *, #1421, .T. ) ;
#262 = ORIENTED_EDGE ( 'NONE', *, *, #596, .T. ) ;
#263 = EDGE_CURVE ( 'NONE', #720, #643, #110, .T. ) ;
#264 = DIRECTION ( 'NONE',  ( 0.000000000000000000, 0.000000000000000000, 1.000000000000000000 ) ) ;
#265 = DIRECTION ( 'NONE',  ( 0.000000000000000000, 1.000000000000000000, 0.000000000000000000 ) ) ;
#266 = ORIENTED_EDGE ( 'NONE', *, *, #278, .T. ) ;
#267 = DIRECTION ( 'NONE',  ( 1.000000000000000000, 0.000000000000000000, 0.000000000000000000 ) ) ;
#268 = ORIENTED_EDGE ( 'NONE', *, *, #1185, .F. ) ;
#269 = ORIENTED_EDGE ( 'NONE', *, *, #570, .T. ) ;
#270 = CARTESIAN_POINT ( 'NONE',  ( 1.460600000000000342, 1.729999999999999760, 1.285899999999999155 ) ) ;
#271 = CARTESIAN_POINT ( 'NONE',  ( 1.350000000000000089, 0.2500000000000000000, -1.937999999999999945 ) ) ;
#272 = ADVANCED_FACE ( 'NONE', ( #1536 ), #363, .T. ) ;
#273 = PLANE ( 'NONE',  #774 ) ;
#274 = EDGE_LOOP ( 'NONE', ( #1176, #1509, #992, #1192 ) ) ;
#275 = DIRECTION ( 'NONE',  ( 0.000000000000000000, 0.000000000000000000, -1.000000000000000000 ) ) ;
#276 = EDGE_LOOP ( 'NONE', ( #811, #1116, #72, #855 ) ) ;
#277 = DIRECTION ( 'NONE',  ( -0.000000000000000000, -1.000000000000000000, -0.000000000000000000 ) ) ;
#278 = EDGE_CURVE ( 'NONE', #1480, #1571, #1143, .T. ) ;
#279 = DIRECTION ( 'NONE',  ( 1.000000000000000000, 0.000000000000000000, 0.000000000000000000 ) ) ;
#280 = EDGE_CURVE ( 'NONE', #1555, #790, #1545, .T. ) ;
#281 = CIRCLE ( 'NONE', #1679, 0.06249999999999995143 ) ;
#282 = VERTEX_POINT ( 'NONE', #227 ) ;
#283 = AXIS2_PLACEMENT_3D ( 'NONE', #622, #267, #275 ) ;
#284 = LINE ( 'NONE', #1596, #1654 ) ;
#285 = LINE ( 'NONE', #149, #972 ) ;
#286 = CARTESIAN_POINT ( 'NONE',  ( 1.600000000000000089, 1.750000000000000222, 1.562499999999998668 ) ) ;
#287 = CIRCLE ( 'NONE', #235, 0.2500000000000000555 ) ;
#288 = ORIENTED_EDGE ( 'NONE', *, *, #243, .F. ) ;
#289 = LINE ( 'NONE', #1083, #204 ) ;
#290 = VECTOR ( 'NONE', #1231, 39.37007874015748143 ) ;
#291 = DIRECTION ( 'NONE',  ( -1.000000000000000000, 0.000000000000000000, 0.000000000000000000 ) ) ;
#292 = DIRECTION ( 'NONE',  ( -0.000000000000000000, -0.000000000000000000, -1.000000000000000000 ) ) ;
#293 = EDGE_CURVE ( 'NONE', #1168, #27, #1542, .T. ) ;
#294 = ORIENTED_EDGE ( 'NONE', *, *, #1467, .T. ) ;
#295 = LINE ( 'NONE', #650, #42 ) ;
#296 = CARTESIAN_POINT ( 'NONE',  ( 1.600000000000000089, 0.2500000000000000000, -2.061999999999999833 ) ) ;
#297 = ORIENTED_EDGE ( 'NONE', *, *, #1052, .T. ) ;
#298 = DIRECTION ( 'NONE',  ( 1.000000000000000000, 0.000000000000000000, 0.000000000000000000 ) ) ;
#299 = DIRECTION ( 'NONE',  ( 1.000000000000000000, 0.000000000000000000, 0.000000000000000000 ) ) ;
#300 = CYLINDRICAL_SURFACE ( 'NONE', #1155, 0.06249999999999995143 ) ;
#301 = EDGE_CURVE ( 'NONE', #1301, #1017, #1069, .T. ) ;
#302 = DIRECTION ( 'NONE',  ( 1.000000000000000000, -0.000000000000000000, -0.000000000000000000 ) ) ;
#303 = DIRECTION ( 'NONE',  ( -0.000000000000000000, 1.000000000000000000, -0.000000000000000000 ) ) ;
#304 = CARTESIAN_POINT ( 'NONE',  ( 1.381900000000000350, 1.734124492229575321, -1.404100000000000570 ) ) ;
#305 = VERTEX_POINT ( 'NONE', #399 ) ;
#306 = DIRECTION ( 'NONE',  ( 1.000000000000000000, -0.000000000000000000, -0.000000000000000000 ) ) ;
#307 = CARTESIAN_POINT ( 'NONE',  ( 1.600000000000000089, 1.750000000000000222, 1.624999999999998668 ) ) ;
#308 = CARTESIAN_POINT ( 'NONE',  ( 1.600000000000000089, 0.000000000000000000, 1.750000000000000000 ) ) ;
#309 = CARTESIAN_POINT ( 'NONE',  ( 1.460600000000000342, 0.7299999999999998712, -1.404100000000000126 ) ) ;
#310 = AXIS2_PLACEMENT_3D ( 'NONE', #930, #555, #670 ) ;
#311 = PLANE ( 'NONE',  #1099 ) ;
#312 = PRESENTATION_LAYER_ASSIGNMENT (  '', '', ( #206 ) ) ;
#313 = ORIENTED_EDGE ( 'NONE', *, *, #550, .F. ) ;
#314 = FACE_OUTER_BOUND ( 'NONE', #591, .T. ) ;
#315 = VECTOR ( 'NONE', #265, 39.37007874015748143 ) ;
#316 = ADVANCED_FACE ( 'NONE', ( #915 ), #1590, .T. ) ;
#317 = AXIS2_PLACEMENT_3D ( 'NONE', #1347, #67, #1620 ) ;
#318 = DIRECTION ( 'NONE',  ( 1.000000000000000000, 0.000000000000000000, -0.000000000000000000 ) ) ;
#319 = DIRECTION ( 'NONE',  ( 0.000000000000000000, 0.000000000000000000, 1.000000000000000000 ) ) ;
#320 = LINE ( 'NONE', #1220, #370 ) ;
#321 = CYLINDRICAL_SURFACE ( 'NONE', #1044, 0.2499999999999998057 ) ;
#322 = ORIENTED_EDGE ( 'NONE', *, *, #1060, .T. ) ;
#323 = CARTESIAN_POINT ( 'NONE',  ( 1.460600000000000342, 1.729999999999999760, 1.285899999999999155 ) ) ;
#324 = LINE ( 'NONE', #846, #1213 ) ;
#325 = ORIENTED_EDGE ( 'NONE', *, *, #263, .T. ) ;
#326 = CARTESIAN_POINT ( 'NONE',  ( 1.460600000000000342, 0.9799999999999999822, -1.404100000000000126 ) ) ;
#327 = EDGE_CURVE ( 'NONE', #1625, #194, #281, .T. ) ;
#328 = DIRECTION ( 'NONE',  ( 0.000000000000000000, -0.000000000000000000, -1.000000000000000000 ) ) ;
#329 = EDGE_CURVE ( 'NONE', #636, #973, #1566, .T. ) ;
#330 = FACE_BOUND ( 'NONE', #1493, .T. ) ;
#331 = LINE ( 'NONE', #1510, #1344 ) ;
#332 = FACE_OUTER_BOUND ( 'NONE', #1351, .T. ) ;
#333 = CARTESIAN_POINT ( 'NONE',  ( 1.460600000000000342, 1.979999999999999982, 1.285899999999999155 ) ) ;
#334 = ORIENTED_EDGE ( 'NONE', *, *, #1551, .F. ) ;
#335 = ORIENTED_EDGE ( 'NONE', *, *, #619, .T. ) ;
#336 = DIRECTION ( 'NONE',  ( 0.9972646886342373396, 0.05226442768871395611, -0.05226442768871396999 ) ) ;
#337 = EDGE_CURVE ( 'NONE', #597, #398, #558, .T. ) ;
#338 = DIRECTION ( 'NONE',  ( -0.05233595624294389015, 0.000000000000000000, 0.9986295347545739443 ) ) ;
#339 = DIRECTION ( 'NONE',  ( 0.000000000000000000, -0.000000000000000000, 1.000000000000000000 ) ) ;
#340 = CLOSED_SHELL ( 'NONE', ( #7, #1118, #1164, #767, #210, #49, #628, #464, #1469, #508, #498, #562, #1238, #1305, #1539, #426, #159, #1073, #1530, #839, #733, #950, #984, #1570, #168, #893, #1678, #492, #1333, #1171, #1553, #933, #587, #1227, #1614, #1364, #890, #213, #897, #608, #1519, #115, #99, #447, #581, #1281, #272, #871, #686, #1136, #547, #761, #316, #1400, #1307 ) ) ;
#341 = VECTOR ( 'NONE', #1272, 39.37007874015748143 ) ;
#342 = FACE_OUTER_BOUND ( 'NONE', #20, .T. ) ;
#343 = EDGE_LOOP ( 'NONE', ( #544, #1686 ) ) ;
#344 = ORIENTED_EDGE ( 'NONE', *, *, #514, .T. ) ;
#345 = AXIS2_PLACEMENT_3D ( 'NONE', #1137, #109, #627 ) ;
#346 = LINE ( 'NONE', #869, #941 ) ;
#347 = AXIS2_PLACEMENT_3D ( 'NONE', #118, #242, #377 ) ;
#348 = PRODUCT_DEFINITION_SHAPE ( 'NONE', 'NONE',  #683 ) ;
#349 = DIRECTION ( 'NONE',  ( 1.000000000000000000, -0.000000000000000000, -0.000000000000000000 ) ) ;
#350 = EDGE_CURVE ( 'NONE', #497, #1168, #1303, .T. ) ;
#351 = CARTESIAN_POINT ( 'NONE',  ( 1.381900000000000350, 1.734124492229575321, 1.399775507770423921 ) ) ;
#352 = DIRECTION ( 'NONE',  ( 0.9986295347545738332, 0.000000000000000000, 0.05233595624294388321 ) ) ;
#353 = EDGE_LOOP ( 'NONE', ( #565, #898, #14, #900 ) ) ;
#354 = EDGE_LOOP ( 'NONE', ( #1197, #764, #247, #847 ) ) ;
#355 = FACE_OUTER_BOUND ( 'NONE', #517, .T. ) ;
#356 = LINE ( 'NONE', #1394, #1404 ) ;
#357 = CARTESIAN_POINT ( 'NONE',  ( 1.600000000000000089, 1.750000000000000444, -2.000000000000000000 ) ) ;
#358 = LINE ( 'NONE', #1537, #1422 ) ;
#359 = ORIENTED_EDGE ( 'NONE', *, *, #1297, .F. ) ;
#360 = EDGE_LOOP ( 'NONE', ( #1258, #1442, #1087, #1327 ) ) ;
#361 = DIRECTION ( 'NONE',  ( -1.000000000000000000, 0.000000000000000000, -4.553079989440439683E-16 ) ) ;
#362 = LINE ( 'NONE', #226, #315 ) ;
#363 = PLANE ( 'NONE',  #551 ) ;
#364 = VERTEX_POINT ( 'NONE', #685 ) ;
#365 = VERTEX_POINT ( 'NONE', #421 ) ;
#366 = DIRECTION ( 'NONE',  ( 1.000000000000000000, 0.000000000000000000, 0.000000000000000000 ) ) ;
#367 = CARTESIAN_POINT ( 'NONE',  ( 1.460600000000000342, 0.7299999999999998712, -1.404100000000000126 ) ) ;
#368 = EDGE_CURVE ( 'NONE', #848, #720, #530, .T. ) ;
#369 = VECTOR ( 'NONE', #1138, 39.37007874015748143 ) ;
#370 = VECTOR ( 'NONE', #995, 39.37007874015748143 ) ;
#371 = VECTOR ( 'NONE', #876, 39.37007874015748143 ) ;
#372 = AXIS2_PLACEMENT_3D ( 'NONE', #1454, #441, #538 ) ;
#373 = DIRECTION ( 'NONE',  ( -0.000000000000000000, -1.000000000000000000, -0.000000000000000000 ) ) ;
#374 = DIRECTION ( 'NONE',  ( 1.000000000000000000, -0.000000000000000000, 4.553079989440439683E-16 ) ) ;
#375 = ORIENTED_EDGE ( 'NONE', *, *, #337, .T. ) ;
#376 = ORIENTED_EDGE ( 'NONE', *, *, #435, .F. ) ;
#377 = DIRECTION ( 'NONE',  ( 1.000000000000000000, 0.000000000000000000, -0.000000000000000000 ) ) ;
#378 = EDGE_CURVE ( 'NONE', #529, #1023, #289, .T. ) ;
#379 = DIRECTION ( 'NONE',  ( 0.000000000000000000, 0.000000000000000000, 1.000000000000000000 ) ) ;
#380 = ORIENTED_EDGE ( 'NONE', *, *, #1473, .T. ) ;
#381 = ORIENTED_EDGE ( 'NONE', *, *, #411, .T. ) ;
#382 = CARTESIAN_POINT ( 'NONE',  ( 1.350000000000000089, 0.5000000000000000000, -2.000000000000000000 ) ) ;
#383 = EDGE_CURVE ( 'NONE', #1057, #645, #414, .T. ) ;
#384 = ORIENTED_EDGE ( 'NONE', *, *, #278, .F. ) ;
#385 = SURFACE_STYLE_USAGE ( .BOTH. , #1022 ) ;
#386 = VERTEX_POINT ( 'NONE', #141 ) ;
#387 = VERTEX_POINT ( 'NONE', #1600 ) ;
#388 = PLANE ( 'NONE',  #347 ) ;
#389 = CIRCLE ( 'NONE', #413, 0.06249999999999995143 ) ;
#390 = DIRECTION ( 'NONE',  ( 0.000000000000000000, 0.000000000000000000, 1.000000000000000000 ) ) ;
#391 = AXIS2_PLACEMENT_3D ( 'NONE', #94, #1243, #81 ) ;
#392 = VECTOR ( 'NONE', #336, 39.37007874015748854 ) ;
#393 = ORIENTED_EDGE ( 'NONE', *, *, #21, .F. ) ;
#394 = EDGE_CURVE ( 'NONE', #1359, #1023, #389, .T. ) ;
#395 = CARTESIAN_POINT ( 'NONE',  ( 1.350000000000000089, 0.000000000000000000, -2.000000000000000000 ) ) ;
#396 = ORIENTED_EDGE ( 'NONE', *, *, #1320, .T. ) ;
#397 = VERTEX_POINT ( 'NONE', #1585 ) ;
#398 = VERTEX_POINT ( 'NONE', #545 ) ;
#399 = CARTESIAN_POINT ( 'NONE',  ( 1.381900000000000350, 1.975875507770424422, -1.399975507770425232 ) ) ;
#400 = DIRECTION ( 'NONE',  ( 1.000000000000000000, -0.000000000000000000, -0.000000000000000000 ) ) ;
#401 = VERTEX_POINT ( 'NONE', #1443 ) ;
#402 = CARTESIAN_POINT ( 'NONE',  ( 1.600000000000000089, 1.750000000000000222, 1.687499999999998668 ) ) ;
#403 = CARTESIAN_POINT ( 'NONE',  ( 1.460600000000000342, 1.729999999999999760, 1.285899999999999155 ) ) ;
#404 = ORIENTED_EDGE ( 'NONE', *, *, #59, .T. ) ;
#405 = LINE ( 'NONE', #923, #1597 ) ;
#406 = FACE_BOUND ( 'NONE', #64, .T. ) ;
#407 = ORIENTED_EDGE ( 'NONE', *, *, #1287, .T. ) ;
#408 = DIRECTION ( 'NONE',  ( 1.000000000000000000, -0.000000000000000000, -0.000000000000000000 ) ) ;
#409 = CARTESIAN_POINT ( 'NONE',  ( 1.381900000000000350, 0.7341244922295752096, -1.290224492229575359 ) ) ;
#410 = CARTESIAN_POINT ( 'NONE',  ( 1.350000000000000089, 0.5000000000000000000, -2.000000000000000000 ) ) ;
#411 = EDGE_CURVE ( 'NONE', #397, #386, #946, .T. ) ;
#412 = LINE ( 'NONE', #709, #616 ) ;
#413 = AXIS2_PLACEMENT_3D ( 'NONE', #677, #1196, #33 ) ;
#414 = CIRCLE ( 'NONE', #1148, 0.06249999999999995143 ) ;
#415 = ORIENTED_EDGE ( 'NONE', *, *, #1077, .F. ) ;
#416 = AXIS2_PLACEMENT_3D ( 'NONE', #951, #148, #417 ) ;
#417 = DIRECTION ( 'NONE',  ( 0.000000000000000000, 0.000000000000000000, -1.000000000000000000 ) ) ;
#418 = DIRECTION ( 'NONE',  ( -1.000000000000000000, -0.000000000000000000, -4.553079989440439683E-16 ) ) ;
#419 = CIRCLE ( 'NONE', #1265, 0.06249999999999995143 ) ;
#420 = ORIENTED_EDGE ( 'NONE', *, *, #637, .T. ) ;
#421 = CARTESIAN_POINT ( 'NONE',  ( 1.349999999999999867, 1.750000000000000222, -1.562500000000001332 ) ) ;
#422 = VECTOR ( 'NONE', #254, 39.37007874015748143 ) ;
#423 = EDGE_LOOP ( 'NONE', ( #1278, #873, #440, #203 ) ) ;
#424 = CARTESIAN_POINT ( 'NONE',  ( 1.349999999999999867, 0.000000000000000000, 1.750000000000000000 ) ) ;
#425 = PLANE ( 'NONE',  #805 ) ;
#426 = ADVANCED_FACE ( 'NONE', ( #1611 ), #430, .F. ) ;
#427 = CARTESIAN_POINT ( 'NONE',  ( 1.460600000000000342, 1.729999999999999760, -1.404100000000000570 ) ) ;
#428 = EDGE_LOOP ( 'NONE', ( #910, #1371, #919, #837 ) ) ;
#429 = ORIENTED_EDGE ( 'NONE', *, *, #190, .F. ) ;
#430 = PLANE ( 'NONE',  #638 ) ;
#431 = DIRECTION ( 'NONE',  ( 0.000000000000000000, 0.000000000000000000, 1.000000000000000000 ) ) ;
#432 = CARTESIAN_POINT ( 'NONE',  ( 1.500000000000000222, 1.729999999999999760, -1.404100000000000570 ) ) ;
#433 = DIRECTION ( 'NONE',  ( 1.000000000000000000, 0.000000000000000000, 0.000000000000000000 ) ) ;
#434 = CARTESIAN_POINT ( 'NONE',  ( 1.460600000000000342, 1.979999999999999982, 1.285899999999999155 ) ) ;
#435 = EDGE_CURVE ( 'NONE', #401, #4, #405, .T. ) ;
#436 = CARTESIAN_POINT ( 'NONE',  ( 1.600000000000001421, 1.750000000000000222, -1.625000000000001332 ) ) ;
#437 = PRODUCT_DEFINITION_CONTEXT ( 'detailed design', #959, 'design' ) ;
#438 = VERTEX_POINT ( 'NONE', #799 ) ;
#439 = CARTESIAN_POINT ( 'NONE',  ( 1.600000000000000089, 0.000000000000000000, -2.000000000000000000 ) ) ;
#440 = ORIENTED_EDGE ( 'NONE', *, *, #1033, .T. ) ;
#441 = DIRECTION ( 'NONE',  ( -1.000000000000000000, 0.000000000000000000, -4.553079989440439683E-16 ) ) ;
#442 = CARTESIAN_POINT ( 'NONE',  ( 1.600000000000000089, 0.2500000000000000000, -2.000000000000000000 ) ) ;
#443 = CARTESIAN_POINT ( 'NONE',  ( 1.460600000000000342, 1.729999999999999760, 1.285899999999999155 ) ) ;
#444 = CARTESIAN_POINT ( 'NONE',  ( 1.460600000000000342, 0.7299999999999998712, -1.286100000000000243 ) ) ;
#445 = VECTOR ( 'NONE', #1511, 39.37007874015748143 ) ;
#446 = LINE ( 'NONE', #1492, #445 ) ;
#447 = ADVANCED_FACE ( 'NONE', ( #342 ), #71, .F. ) ;
#448 = VERTEX_POINT ( 'NONE', #734 ) ;
#449 = FACE_OUTER_BOUND ( 'NONE', #353, .T. ) ;
#450 = ORIENTED_EDGE ( 'NONE', *, *, #1674, .F. ) ;
#451 = CIRCLE ( 'NONE', #1377, 0.06249999999999995143 ) ;
#452 = ORIENTED_EDGE ( 'NONE', *, *, #550, .T. ) ;
#453 = VECTOR ( 'NONE', #1540, 39.37007874015748143 ) ;
#454 = CARTESIAN_POINT ( 'NONE',  ( 1.600000000000000089, 0.2500000000000000000, -2.000000000000000000 ) ) ;
#455 = PLANE ( 'NONE',  #907 ) ;
#456 =( NAMED_UNIT ( * ) SI_UNIT ( $, .STERADIAN. ) SOLID_ANGLE_UNIT ( ) );
#457 = CARTESIAN_POINT ( 'NONE',  ( 1.447569632948592311, 1.730682892600407197, 1.403217107399591823 ) ) ;
#458 = DIRECTION ( 'NONE',  ( -0.000000000000000000, -0.000000000000000000, -1.000000000000000000 ) ) ;
#459 = CARTESIAN_POINT ( 'NONE',  ( 1.350000000000000089, 0.2500000000000000000, -2.250000000000000000 ) ) ;
#460 = EDGE_LOOP ( 'NONE', ( #140, #1609, #595, #1325 ) ) ;
#461 = EDGE_CURVE ( 'NONE', #726, #787, #974, .T. ) ;
#462 = ORIENTED_EDGE ( 'NONE', *, *, #1666, .T. ) ;
#463 = LINE ( 'NONE', #985, #392 ) ;
#464 = ADVANCED_FACE ( 'NONE', ( #202 ), #1114, .T. ) ;
#465 = DIRECTION ( 'NONE',  ( 0.000000000000000000, 0.000000000000000000, 1.000000000000000000 ) ) ;
#466 = DIRECTION ( 'NONE',  ( -1.000000000000000000, -0.000000000000000000, -4.553079989440439683E-16 ) ) ;
#467 = CARTESIAN_POINT ( 'NONE',  ( 1.350000000000000089, 1.750000000000000444, -2.000000000000000000 ) ) ;
#468 = FACE_OUTER_BOUND ( 'NONE', #161, .T. ) ;
#469 = ORIENTED_EDGE ( 'NONE', *, *, #596, .F. ) ;
#470 = ORIENTED_EDGE ( 'NONE', *, *, #108, .F. ) ;
#471 = CARTESIAN_POINT ( 'NONE',  ( 1.460600000000000342, 1.729999999999999760, -1.404100000000000570 ) ) ;
#472 = EDGE_CURVE ( 'NONE', #1627, #88, #1653, .T. ) ;
#473 = PLANE ( 'NONE',  #618 ) ;
#474 = CARTESIAN_POINT ( 'NONE',  ( 1.460600000000000342, 1.979999999999999982, -1.286100000000000465 ) ) ;
#475 = DIRECTION ( 'NONE',  ( 1.000000000000000000, 0.000000000000000000, 0.000000000000000000 ) ) ;
#476 = VECTOR ( 'NONE', #741, 39.37007874015748143 ) ;
#477 = DIRECTION ( 'NONE',  ( -1.000000000000000000, -0.000000000000000000, -4.553079989440439683E-16 ) ) ;
#478 = CARTESIAN_POINT ( 'NONE',  ( 1.600000000000000089, 1.750000000000000444, -2.062500000000000000 ) ) ;
#479 = ORIENTED_EDGE ( 'NONE', *, *, #514, .F. ) ;
#480 = AXIS2_PLACEMENT_3D ( 'NONE', #1502, #865, #352 ) ;
#481 = ORIENTED_EDGE ( 'NONE', *, *, #329, .F. ) ;
#482 = AXIS2_PLACEMENT_3D ( 'NONE', #1373, #361, #626 ) ;
#483 = DIRECTION ( 'NONE',  ( 0.000000000000000000, 0.000000000000000000, -1.000000000000000000 ) ) ;
#484 = AXIS2_PLACEMENT_3D ( 'NONE', #454, #1592, #1328 ) ;
#485 = DIRECTION ( 'NONE',  ( 0.000000000000000000, 0.000000000000000000, 1.000000000000000000 ) ) ;
#486 = CARTESIAN_POINT ( 'NONE',  ( 1.350000000000000089, 1.500000000000000666, -2.000000000000000000 ) ) ;
#487 = EDGE_CURVE ( 'NONE', #105, #1627, #1634, .T. ) ;
#488 = ORIENTED_EDGE ( 'NONE', *, *, #1584, .F. ) ;
#489 = CARTESIAN_POINT ( 'NONE',  ( 1.500000000000000222, 2.000000000000000444, -1.499999999999999778 ) ) ;
#490 = CARTESIAN_POINT ( 'NONE',  ( 1.460600000000000342, 1.729999999999999760, -1.404100000000000570 ) ) ;
#491 = CARTESIAN_POINT ( 'NONE',  ( 1.460600000000000342, 0.9799999999999999822, -1.286100000000000243 ) ) ;
#492 = ADVANCED_FACE ( 'NONE', ( #1618 ), #188, .T. ) ;
#493 = VERTEX_POINT ( 'NONE', #459 ) ;
#494 = ORIENTED_EDGE ( 'NONE', *, *, #1275, .F. ) ;
#495 = DIRECTION ( 'NONE',  ( 1.000000000000000000, -0.000000000000000000, -0.000000000000000000 ) ) ;
#496 = CARTESIAN_POINT ( 'NONE',  ( 1.500000000000000222, 2.000000000000000444, 1.499999999999999778 ) ) ;
#497 = VERTEX_POINT ( 'NONE', #1230 ) ;
#498 = ADVANCED_FACE ( 'NONE', ( #1251 ), #724, .T. ) ;
#499 = ORIENTED_EDGE ( 'NONE', *, *, #223, .F. ) ;
#500 = VECTOR ( 'NONE', #1633, 39.37007874015748143 ) ;
#501 = AXIS2_PLACEMENT_3D ( 'NONE', #28, #808, #1458 ) ;
#502 = AXIS2_PLACEMENT_3D ( 'NONE', #978, #89, #719 ) ;
#503 = VECTOR ( 'NONE', #523, 39.37007874015748143 ) ;
#504 = FACE_BOUND ( 'NONE', #205, .T. ) ;
#505 = EDGE_LOOP ( 'NONE', ( #879, #613, #1160, #1082 ) ) ;
#506 = VERTEX_POINT ( 'NONE', #439 ) ;
#507 = EDGE_CURVE ( 'NONE', #790, #1081, #981, .T. ) ;
#508 = ADVANCED_FACE ( 'NONE', ( #468 ), #214, .T. ) ;
#509 = ORIENTED_EDGE ( 'NONE', *, *, #59, .F. ) ;
#510 = CARTESIAN_POINT ( 'NONE',  ( 1.381900000000000350, 0.9799999999999999822, -1.290224492229575359 ) ) ;
#511 = ORIENTED_EDGE ( 'NONE', *, *, #1144, .F. ) ;
#512 = ORIENTED_EDGE ( 'NONE', *, *, #1077, .T. ) ;
#513 = CARTESIAN_POINT ( 'NONE',  ( 1.349999999999999867, 0.2500000000000006106, -1.687500000000001332 ) ) ;
#514 = EDGE_CURVE ( 'NONE', #894, #105, #1046, .T. ) ;
#515 = ORIENTED_EDGE ( 'NONE', *, *, #293, .T. ) ;
#516 = CARTESIAN_POINT ( 'NONE',  ( 1.600000000000001421, 1.750000000000000222, -1.687500000000001332 ) ) ;
#517 = EDGE_LOOP ( 'NONE', ( #246, #1030, #856, #1108 ) ) ;
#518 = ORIENTED_EDGE ( 'NONE', *, *, #755, .F. ) ;
#519 = PLANE ( 'NONE',  #77 ) ;
#520 = CIRCLE ( 'NONE', #256, 0.06249999999999995143 ) ;
#521 = CARTESIAN_POINT ( 'NONE',  ( 1.460600000000000342, 1.979999999999999982, -1.404100000000000570 ) ) ;
#522 = VECTOR ( 'NONE', #1389, 39.37007874015748143 ) ;
#523 = DIRECTION ( 'NONE',  ( 1.000000000000000000, -0.000000000000000000, -0.000000000000000000 ) ) ;
#524 = EDGE_CURVE ( 'NONE', #1495, #386, #221, .T. ) ;
#525 = VECTOR ( 'NONE', #582, 39.37007874015748854 ) ;
#526 = ORIENTED_EDGE ( 'NONE', *, *, #1341, .T. ) ;
#527 = LINE ( 'NONE', #427, #1376 ) ;
#528 = LINE ( 'NONE', #403, #968 ) ;
#529 = VERTEX_POINT ( 'NONE', #964 ) ;
#530 = LINE ( 'NONE', #1450, #1127 ) ;
#531 = LINE ( 'NONE', #766, #209 ) ;
#532 = CARTESIAN_POINT ( 'NONE',  ( 1.600000000000001421, 1.750000000000000222, -1.625000000000001332 ) ) ;
#533 = ORIENTED_EDGE ( 'NONE', *, *, #762, .F. ) ;
#534 = DIRECTION ( 'NONE',  ( -0.000000000000000000, -1.000000000000000000, -0.000000000000000000 ) ) ;
#535 = LINE ( 'NONE', #929, #1658 ) ;
#536 = CARTESIAN_POINT ( 'NONE',  ( 1.460600000000000342, 0.7299999999999998712, -1.286100000000000243 ) ) ;
#537 = EDGE_CURVE ( 'NONE', #597, #726, #998, .T. ) ;
#538 = DIRECTION ( 'NONE',  ( 0.000000000000000000, 0.000000000000000000, 1.000000000000000000 ) ) ;
#539 = DIRECTION ( 'NONE',  ( 0.000000000000000000, 1.000000000000000000, 0.000000000000000000 ) ) ;
#540 = LINE ( 'NONE', #1386, #695 ) ;
#541 = ORIENTED_EDGE ( 'NONE', *, *, #1181, .T. ) ;
#542 = DIRECTION ( 'NONE',  ( -0.000000000000000000, -0.000000000000000000, -1.000000000000000000 ) ) ;
#543 = DIRECTION ( 'NONE',  ( 0.000000000000000000, 0.000000000000000000, 1.000000000000000000 ) ) ;
#544 = ORIENTED_EDGE ( 'NONE', *, *, #144, .F. ) ;
#545 = CARTESIAN_POINT ( 'NONE',  ( 1.349999999999999867, 0.09999999999999976963, 1.500000000000000888 ) ) ;
#546 = CARTESIAN_POINT ( 'NONE',  ( 1.350000000000000089, 2.000000000000000444, -2.000000000000000000 ) ) ;
#547 = ADVANCED_FACE ( 'NONE', ( #314 ), #1352, .F. ) ;
#548 = DIRECTION ( 'NONE',  ( 0.000000000000000000, 0.000000000000000000, -1.000000000000000000 ) ) ;
#549 = CARTESIAN_POINT ( 'NONE',  ( 1.381900000000000350, 1.734124492229575321, -1.290224492229575803 ) ) ;
#550 = EDGE_CURVE ( 'NONE', #1571, #649, #1223, .T. ) ;
#551 = AXIS2_PLACEMENT_3D ( 'NONE', #491, #1673, #629 ) ;
#552 = COLOUR_RGB ( '',0.7921568627450980005, 0.8196078431372548767, 0.9333333333333333481 ) ;
#553 = VECTOR ( 'NONE', #211, 39.37007874015748143 ) ;
#554 = DIRECTION ( 'NONE',  ( 0.9986295347545738332, -0.05233595624294387627, 0.000000000000000000 ) ) ;
#555 = DIRECTION ( 'NONE',  ( 1.000000000000000000, 0.000000000000000000, 0.000000000000000000 ) ) ;
#556 = VECTOR ( 'NONE', #303, 39.37007874015748143 ) ;
#557 = ORIENTED_EDGE ( 'NONE', *, *, #1144, .T. ) ;
#558 = LINE ( 'NONE', #791, #771 ) ;
#559 = VERTEX_POINT ( 'NONE', #1624 ) ;
#560 = LINE ( 'NONE', #424, #1631 ) ;
#561 = LINE ( 'NONE', #1064, #208 ) ;
#562 = ADVANCED_FACE ( 'NONE', ( #449 ), #1358, .T. ) ;
#563 = DIRECTION ( 'NONE',  ( -1.000000000000000000, 0.000000000000000000, 0.000000000000000000 ) ) ;
#564 = CARTESIAN_POINT ( 'NONE',  ( 1.460600000000000342, 0.9799999999999999822, -1.404100000000000126 ) ) ;
#565 = ORIENTED_EDGE ( 'NONE', *, *, #1685, .T. ) ;
#566 = ORIENTED_EDGE ( 'NONE', *, *, #1666, .F. ) ;
#567 = DIRECTION ( 'NONE',  ( 0.000000000000000000, 0.000000000000000000, -1.000000000000000000 ) ) ;
#568 = CARTESIAN_POINT ( 'NONE',  ( 1.381900000000000350, 1.500000000000000222, -4.313444200522519937E-16 ) ) ;
#569 = FACE_BOUND ( 'NONE', #1268, .T. ) ;
#570 = EDGE_CURVE ( 'NONE', #32, #1313, #111, .T. ) ;
#571 = PLANE ( 'NONE',  #891 ) ;
#572 = DIRECTION ( 'NONE',  ( 1.000000000000000000, 0.000000000000000000, -0.000000000000000000 ) ) ;
#573 = EDGE_CURVE ( 'NONE', #229, #983, #358, .T. ) ;
#574 = ORIENTED_EDGE ( 'NONE', *, *, #524, .T. ) ;
#575 = DIRECTION ( 'NONE',  ( 3.642463991552351451E-16, -0.000000000000000000, -1.000000000000000000 ) ) ;
#576 = LINE ( 'NONE', #546, #642 ) ;
#577 = ORIENTED_EDGE ( 'NONE', *, *, #1297, .T. ) ;
#578 = DIRECTION ( 'NONE',  ( 0.000000000000000000, 0.000000000000000000, 1.000000000000000000 ) ) ;
#579 = CYLINDRICAL_SURFACE ( 'NONE', #1453, 0.06249999999999995143 ) ;
#580 = EDGE_LOOP ( 'NONE', ( #1548, #707, #1448, #325, #1532, #1167, #922, #515, #415, #488 ) ) ;
#581 = ADVANCED_FACE ( 'NONE', ( #1029 ), #1561, .T. ) ;
#582 = DIRECTION ( 'NONE',  ( 0.9972646886342373396, -0.05226442768871395611, 0.05226442768871396999 ) ) ;
#583 = AXIS2_PLACEMENT_3D ( 'NONE', #536, #1214, #53 ) ;
#584 = CARTESIAN_POINT ( 'NONE',  ( 1.350000000000001199, 0.000000000000000000, -1.499999999999999334 ) ) ;
#585 = MANIFOLD_SOLID_BREP ( 'LPattern2', #340 ) ;
#586 = AXIS2_PLACEMENT_3D ( 'NONE', #1650, #193, #1644 ) ;
#587 = ADVANCED_FACE ( 'NONE', ( #1145, #504, #644, #1417, #768, #1675, #878 ), #1283, .F. ) ;
#588 = CARTESIAN_POINT ( 'NONE',  ( 1.460600000000000342, 0.9799999999999999822, -1.404100000000000126 ) ) ;
#589 = EDGE_LOOP ( 'NONE', ( #1267, #359, #106, #991 ) ) ;
#590 = CIRCLE ( 'NONE', #178, 0.06200000000000004813 ) ;
#591 = EDGE_LOOP ( 'NONE', ( #1689, #1688, #903, #945 ) ) ;
#592 = DIRECTION ( 'NONE',  ( 1.000000000000000000, -0.000000000000000000, 7.284927983104687716E-15 ) ) ;
#593 = DIRECTION ( 'NONE',  ( 0.000000000000000000, 0.000000000000000000, 1.000000000000000000 ) ) ;
#594 = DIRECTION ( 'NONE',  ( -1.000000000000000000, 0.000000000000000000, -4.553079989440439683E-16 ) ) ;
#595 = ORIENTED_EDGE ( 'NONE', *, *, #69, .T. ) ;
#596 = EDGE_CURVE ( 'NONE', #54, #1514, #131, .T. ) ;
#597 = VERTEX_POINT ( 'NONE', #1423 ) ;
#598 = DIRECTION ( 'NONE',  ( -1.000000000000000000, -0.000000000000000000, -4.553079989440439683E-16 ) ) ;
#599 = SHAPE_DEFINITION_REPRESENTATION ( #348, #1195 ) ;
#600 = CYLINDRICAL_SURFACE ( 'NONE', #803, 0.06249999999999995143 ) ;
#601 = LINE ( 'NONE', #584, #500 ) ;
#602 = DIMENSIONAL_EXPONENTS ( 1.000000000000000000, 0.000000000000000000, 0.000000000000000000, 0.000000000000000000, 0.000000000000000000, 0.000000000000000000, 0.000000000000000000 ) ;
#603 = CARTESIAN_POINT ( 'NONE',  ( 1.349999999999999867, 2.000000000000000444, 1.750000000000000000 ) ) ;
#604 = VERTEX_POINT ( 'NONE', #260 ) ;
#605 = EDGE_LOOP ( 'NONE', ( #1446, #450, #196, #1405 ) ) ;
#606 = EDGE_CURVE ( 'NONE', #559, #795, #778, .T. ) ;
#607 = CARTESIAN_POINT ( 'NONE',  ( 1.381900000000000350, 1.979999999999999982, 1.399775507770423921 ) ) ;
#608 = ADVANCED_FACE ( 'NONE', ( #1396 ), #228, .F. ) ;
#609 = FACE_BOUND ( 'NONE', #1332, .T. ) ;
#610 = FACE_OUTER_BOUND ( 'NONE', #1010, .T. ) ;
#611 = CIRCLE ( 'NONE', #904, 0.06249999999999995143 ) ;
#612 = CARTESIAN_POINT ( 'NONE',  ( 1.600000000000001421, 0.2500000000000006106, -1.687500000000001332 ) ) ;
#613 = ORIENTED_EDGE ( 'NONE', *, *, #793, .F. ) ;
#614 = AXIS2_PLACEMENT_3D ( 'NONE', #1008, #749, #1687 ) ;
#615 = ORIENTED_EDGE ( 'NONE', *, *, #1320, .F. ) ;
#616 = VECTOR ( 'NONE', #50, 39.37007874015748143 ) ;
#617 = CARTESIAN_POINT ( 'NONE',  ( 1.460600000000000342, 0.7299999999999998712, -1.404100000000000126 ) ) ;
#618 = AXIS2_PLACEMENT_3D ( 'NONE', #218, #701, #1004 ) ;
#619 = EDGE_CURVE ( 'NONE', #117, #305, #1447, .T. ) ;
#620 = CARTESIAN_POINT ( 'NONE',  ( 1.350000000000000089, 1.500000000000000666, -2.000000000000000000 ) ) ;
#621 = CARTESIAN_POINT ( 'NONE',  ( 1.600000000000000089, 1.500000000000000666, -2.000000000000000000 ) ) ;
#622 = CARTESIAN_POINT ( 'NONE',  ( 1.350000000000000089, 1.750000000000000444, -2.000000000000000000 ) ) ;
#623 = ORIENTED_EDGE ( 'NONE', *, *, #1105, .T. ) ;
#624 = ORIENTED_EDGE ( 'NONE', *, *, #1060, .F. ) ;
#625 = CARTESIAN_POINT ( 'NONE',  ( 1.350000000000000089, 0.000000000000000000, -2.000000000000000000 ) ) ;
#626 = DIRECTION ( 'NONE',  ( 0.000000000000000000, 0.000000000000000000, 1.000000000000000000 ) ) ;
#627 = DIRECTION ( 'NONE',  ( -0.9986295347545738332, 0.000000000000000000, 0.05233595624294388321 ) ) ;
#628 = ADVANCED_FACE ( 'NONE', ( #823 ), #2, .F. ) ;
#629 = DIRECTION ( 'NONE',  ( 0.9986295347545738332, 0.000000000000000000, 0.05233595624294388321 ) ) ;
#630 =( NAMED_UNIT ( * ) SI_UNIT ( $, .STERADIAN. ) SOLID_ANGLE_UNIT ( ) );
#631 = ORIENTED_EDGE ( 'NONE', *, *, #573, .F. ) ;
#632 = VERTEX_POINT ( 'NONE', #1066 ) ;
#633 = CYLINDRICAL_SURFACE ( 'NONE', #836, 0.06249999999999995143 ) ;
#634 = EDGE_CURVE ( 'NONE', #1587, #1095, #284, .T. ) ;
#635 = CARTESIAN_POINT ( 'NONE',  ( 1.500000000000000222, 0.7299999999999998712, -1.404100000000000126 ) ) ;
#636 = VERTEX_POINT ( 'NONE', #516 ) ;
#637 = EDGE_CURVE ( 'NONE', #54, #1182, #295, .T. ) ;
#638 = AXIS2_PLACEMENT_3D ( 'NONE', #177, #697, #55 ) ;
#639 = FACE_OUTER_BOUND ( 'NONE', #354, .T. ) ;
#640 = VECTOR ( 'NONE', #477, 39.37007874015748143 ) ;
#641 = VECTOR ( 'NONE', #689, 39.37007874015748143 ) ;
#642 = VECTOR ( 'NONE', #947, 39.37007874015748143 ) ;
#643 = VERTEX_POINT ( 'NONE', #1058 ) ;
#644 = FACE_BOUND ( 'NONE', #343, .T. ) ;
#645 = VERTEX_POINT ( 'NONE', #1322 ) ;
#646 = ORIENTED_EDGE ( 'NONE', *, *, #815, .T. ) ;
#647 = CYLINDRICAL_SURFACE ( 'NONE', #1489, 0.06249999999999995143 ) ;
#648 = EDGE_CURVE ( 'NONE', #397, #1360, #1581, .T. ) ;
#649 = VERTEX_POINT ( 'NONE', #796 ) ;
#650 = CARTESIAN_POINT ( 'NONE',  ( 1.447569632948592311, 0.7306828926004069746, -1.286782892600407457 ) ) ;
#651 = EDGE_LOOP ( 'NONE', ( #1616, #230, #266, #952 ) ) ;
#652 = VERTEX_POINT ( 'NONE', #158 ) ;
#653 = EDGE_CURVE ( 'NONE', #1215, #795, #22, .T. ) ;
#654 = CARTESIAN_POINT ( 'NONE',  ( 1.349999999999999867, 2.000000000000000444, -1.499999999999999778 ) ) ;
#655 = EDGE_CURVE ( 'NONE', #387, #1017, #920, .T. ) ;
#656 = LINE ( 'NONE', #1172, #503 ) ;
#657 = EDGE_LOOP ( 'NONE', ( #452, #404, #396, #743 ) ) ;
#658 = FACE_OUTER_BOUND ( 'NONE', #15, .T. ) ;
#659 = CYLINDRICAL_SURFACE ( 'NONE', #1070, 0.2499999999999998057 ) ;
#660 = DIRECTION ( 'NONE',  ( 0.000000000000000000, 0.000000000000000000, 1.000000000000000000 ) ) ;
#661 = DIRECTION ( 'NONE',  ( 0.000000000000000000, -1.000000000000000000, 0.000000000000000000 ) ) ;
#662 = VECTOR ( 'NONE', #12, 39.37007874015748143 ) ;
#663 = FACE_OUTER_BOUND ( 'NONE', #1288, .T. ) ;
#664 = AXIS2_PLACEMENT_3D ( 'NONE', #1330, #681, #1440 ) ;
#665 = VECTOR ( 'NONE', #103, 39.37007874015748143 ) ;
#666 = EDGE_CURVE ( 'NONE', #912, #1562, #1153, .T. ) ;
#667 = ORIENTED_EDGE ( 'NONE', *, *, #199, .T. ) ;
#668 = VECTOR ( 'NONE', #1343, 39.37007874015748143 ) ;
#669 = DIRECTION ( 'NONE',  ( -0.000000000000000000, -1.000000000000000000, -0.000000000000000000 ) ) ;
#670 = DIRECTION ( 'NONE',  ( 0.000000000000000000, 0.000000000000000000, -1.000000000000000000 ) ) ;
#671 = CARTESIAN_POINT ( 'NONE',  ( 1.350000000000000089, 0.2500000000000000000, -2.061999999999999833 ) ) ;
#672 = ORIENTED_EDGE ( 'NONE', *, *, #1541, .F. ) ;
#673 = EDGE_CURVE ( 'NONE', #88, #1627, #1680, .T. ) ;
#674 = CARTESIAN_POINT ( 'NONE',  ( 1.460600000000000342, 1.979999999999999982, 1.403899999999999260 ) ) ;
#675 = EDGE_LOOP ( 'NONE', ( #407, #313, #384, #1563 ) ) ;
#676 = EDGE_LOOP ( 'NONE', ( #1424, #1000, #429, #1651 ) ) ;
#677 = CARTESIAN_POINT ( 'NONE',  ( 1.349999999999999867, 0.2500000000000006106, -1.625000000000001332 ) ) ;
#678 = ORIENTED_EDGE ( 'NONE', *, *, #1006, .T. ) ;
#679 = LINE ( 'NONE', #48, #1049 ) ;
#680 = CARTESIAN_POINT ( 'NONE',  ( 1.460600000000000342, 0.7299999999999998712, -1.286100000000000243 ) ) ;
#681 = DIRECTION ( 'NONE',  ( -1.000000000000000000, 0.000000000000000000, -4.553079989440439683E-16 ) ) ;
#682 = CYLINDRICAL_SURFACE ( 'NONE', #119, 0.06249999999999995143 ) ;
#683 = PRODUCT_DEFINITION ( 'UNKNOWN', '', #1575, #437 ) ;
#684 = ORIENTED_EDGE ( 'NONE', *, *, #1034, .F. ) ;
#685 = CARTESIAN_POINT ( 'NONE',  ( 1.460600000000000342, 0.9799999999999999822, -1.286100000000000243 ) ) ;
#686 = ADVANCED_FACE ( 'NONE', ( #658 ), #942, .T. ) ;
#687 = ORIENTED_EDGE ( 'NONE', *, *, #699, .F. ) ;
#688 = CARTESIAN_POINT ( 'NONE',  ( 1.460600000000000342, 0.7299999999999998712, -1.404100000000000126 ) ) ;
#689 = DIRECTION ( 'NONE',  ( -0.000000000000000000, -0.000000000000000000, -1.000000000000000000 ) ) ;
#690 = VECTOR ( 'NONE', #732, 39.37007874015748143 ) ;
#691 = VECTOR ( 'NONE', #534, 39.37007874015748143 ) ;
#692 = AXIS2_PLACEMENT_3D ( 'NONE', #1247, #1141, #483 ) ;
#693 = FACE_OUTER_BOUND ( 'NONE', #130, .T. ) ;
#694 = DIRECTION ( 'NONE',  ( 1.000000000000000000, 0.000000000000000000, 0.000000000000000000 ) ) ;
#695 = VECTOR ( 'NONE', #1119, 39.37007874015748143 ) ;
#696 = ORIENTED_EDGE ( 'NONE', *, *, #1379, .T. ) ;
#697 = DIRECTION ( 'NONE',  ( 0.000000000000000000, 1.000000000000000000, -0.000000000000000000 ) ) ;
#698 = CARTESIAN_POINT ( 'NONE',  ( 1.460600000000000342, 0.7299999999999998712, -1.404100000000000126 ) ) ;
#699 = EDGE_CURVE ( 'NONE', #1095, #32, #817, .T. ) ;
#700 = LINE ( 'NONE', #57, #1026 ) ;
#701 = DIRECTION ( 'NONE',  ( -1.000000000000000000, 0.000000000000000000, 0.000000000000000000 ) ) ;
#702 = DIRECTION ( 'NONE',  ( -0.9986295347545738332, -0.05233595624294387627, 0.000000000000000000 ) ) ;
#703 = CARTESIAN_POINT ( 'NONE',  ( 1.381900000000000350, 1.734124492229575321, 1.290024492229574493 ) ) ;
#704 = ORIENTED_EDGE ( 'NONE', *, *, #653, .T. ) ;
#705 = CARTESIAN_POINT ( 'NONE',  ( 1.600000000000000089, 0.2500000000000006106, 1.624999999999998668 ) ) ;
#706 = DIRECTION ( 'NONE',  ( 0.000000000000000000, -0.000000000000000000, 1.000000000000000000 ) ) ;
#707 = ORIENTED_EDGE ( 'NONE', *, *, #1416, .T. ) ;
#708 = CARTESIAN_POINT ( 'NONE',  ( 1.460600000000000342, 1.979999999999999982, -1.404100000000000570 ) ) ;
#709 = CARTESIAN_POINT ( 'NONE',  ( 1.460600000000000342, 1.729999999999999760, 1.403899999999999260 ) ) ;
#710 = PRODUCT_RELATED_PRODUCT_CATEGORY ( 'part', '', ( #1505 ) ) ;
#711 = LINE ( 'NONE', #457, #525 ) ;
#712 = LINE ( 'NONE', #835, #690 ) ;
#713 = DIRECTION ( 'NONE',  ( -0.9986295347545738332, -0.05233595624294387627, 0.000000000000000000 ) ) ;
#714 = FACE_OUTER_BOUND ( 'NONE', #505, .T. ) ;
#715 = ORIENTED_EDGE ( 'NONE', *, *, #1152, .F. ) ;
#716 = ORIENTED_EDGE ( 'NONE', *, *, #653, .F. ) ;
#717 = EDGE_LOOP ( 'NONE', ( #462, #122, #511, #1002 ) ) ;
#718 = DIRECTION ( 'NONE',  ( -0.9986295347545738332, -0.05233595624294387627, 0.000000000000000000 ) ) ;
#719 = DIRECTION ( 'NONE',  ( 0.000000000000000000, -0.000000000000000000, 1.000000000000000000 ) ) ;
#720 = VERTEX_POINT ( 'NONE', #1183 ) ;
#721 = DIRECTION ( 'NONE',  ( 1.000000000000000000, 0.000000000000000000, 0.000000000000000000 ) ) ;
#722 = EDGE_CURVE ( 'NONE', #105, #894, #1402, .T. ) ;
#723 = VECTOR ( 'NONE', #373, 39.37007874015748143 ) ;
#724 = PLANE ( 'NONE',  #480 ) ;
#725 = PLANE ( 'NONE',  #754 ) ;
#726 = VERTEX_POINT ( 'NONE', #1166 ) ;
#727 = AXIS2_PLACEMENT_3D ( 'NONE', #1429, #143, #1013 ) ;
#728 = VERTEX_POINT ( 'NONE', #395 ) ;
#729 =( GEOMETRIC_REPRESENTATION_CONTEXT ( 3 ) GLOBAL_UNCERTAINTY_ASSIGNED_CONTEXT ( ( #1461 ) ) GLOBAL_UNIT_ASSIGNED_CONTEXT ( ( #830, #986, #456 ) ) REPRESENTATION_CONTEXT ( 'NONE', 'WORKASPACE' ) );
#730 = DIRECTION ( 'NONE',  ( -1.000000000000000000, -0.000000000000000000, -4.553079989440439683E-16 ) ) ;
#731 = FACE_OUTER_BOUND ( 'NONE', #676, .T. ) ;
#732 = DIRECTION ( 'NONE',  ( -0.000000000000000000, 1.000000000000000000, -0.000000000000000000 ) ) ;
#733 = ADVANCED_FACE ( 'NONE', ( #1200 ), #39, .T. ) ;
#734 = CARTESIAN_POINT ( 'NONE',  ( 1.350000000000000089, 0.2500000000000000000, -1.937999999999999945 ) ) ;
#735 = ORIENTED_EDGE ( 'NONE', *, *, #606, .T. ) ;
#736 = ORIENTED_EDGE ( 'NONE', *, *, #378, .F. ) ;
#737 = EDGE_CURVE ( 'NONE', #1360, #1663, #527, .T. ) ;
#738 = LINE ( 'NONE', #1261, #867 ) ;
#739 = FACE_BOUND ( 'NONE', #1595, .T. ) ;
#740 = CARTESIAN_POINT ( 'NONE',  ( 1.460600000000000342, 1.729999999999999760, -1.404100000000000570 ) ) ;
#741 = DIRECTION ( 'NONE',  ( 0.000000000000000000, -1.000000000000000000, 0.000000000000000000 ) ) ;
#742 = ORIENTED_EDGE ( 'NONE', *, *, #301, .F. ) ;
#743 = ORIENTED_EDGE ( 'NONE', *, *, #1253, .T. ) ;
#744 = LINE ( 'NONE', #1639, #1656 ) ;
#745 = EDGE_CURVE ( 'NONE', #1215, #769, #1431, .T. ) ;
#746 = CARTESIAN_POINT ( 'NONE',  ( 1.500000000000000222, 1.729999999999999760, 1.285899999999999155 ) ) ;
#747 = DIRECTION ( 'NONE',  ( 0.000000000000000000, -3.414809992080328037E-16, 1.000000000000000000 ) ) ;
#748 = CIRCLE ( 'NONE', #1235, 0.2500000000000000555 ) ;
#749 = DIRECTION ( 'NONE',  ( -0.05233595624294389015, 0.000000000000000000, -0.9986295347545739443 ) ) ;
#750 = ORIENTED_EDGE ( 'NONE', *, *, #1421, .F. ) ;
#751 = VECTOR ( 'NONE', #901, 39.37007874015748143 ) ;
#752 = ORIENTED_EDGE ( 'NONE', *, *, #1591, .T. ) ;
#753 = DIRECTION ( 'NONE',  ( 0.000000000000000000, 0.000000000000000000, -1.000000000000000000 ) ) ;
#754 = AXIS2_PLACEMENT_3D ( 'NONE', #1009, #1390, #1244 ) ;
#755 = EDGE_CURVE ( 'NONE', #1573, #645, #137, .T. ) ;
#756 = PLANE ( 'NONE',  #939 ) ;
#757 = CARTESIAN_POINT ( 'NONE',  ( 1.500000000000000222, 1.729999999999999760, 1.285899999999999155 ) ) ;
#758 = ORIENTED_EDGE ( 'NONE', *, *, #924, .F. ) ;
#759 = ORIENTED_EDGE ( 'NONE', *, *, #1456, .F. ) ;
#760 = CARTESIAN_POINT ( 'NONE',  ( 1.500000000000000222, 0.7299999999999998712, -1.286100000000000243 ) ) ;
#761 = ADVANCED_FACE ( 'NONE', ( #1500 ), #200, .F. ) ;
#762 = EDGE_CURVE ( 'NONE', #1625, #1562, #320, .T. ) ;
#763 = FILL_AREA_STYLE ('',( #885 ) ) ;
#764 = ORIENTED_EDGE ( 'NONE', *, *, #263, .F. ) ;
#765 = ORIENTED_EDGE ( 'NONE', *, *, #327, .T. ) ;
#766 = CARTESIAN_POINT ( 'NONE',  ( -1.499999999999999778, 2.000000000000000444, 1.499999999999999778 ) ) ;
#767 = ADVANCED_FACE ( 'NONE', ( #693 ), #600, .F. ) ;
#768 = FACE_OUTER_BOUND ( 'NONE', #222, .T. ) ;
#769 = VERTEX_POINT ( 'NONE', #434 ) ;
#770 = VERTEX_POINT ( 'NONE', #1120 ) ;
#771 = VECTOR ( 'NONE', #931, 39.37007874015748143 ) ;
#772 = ORIENTED_EDGE ( 'NONE', *, *, #1558, .F. ) ;
#773 = VECTOR ( 'NONE', #1300, 39.37007874015748143 ) ;
#774 = AXIS2_PLACEMENT_3D ( 'NONE', #490, #92, #794 ) ;
#775 = DIRECTION ( 'NONE',  ( 0.000000000000000000, 0.000000000000000000, -1.000000000000000000 ) ) ;
#776 = VECTOR ( 'NONE', #5, 39.37007874015748854 ) ;
#777 = ORIENTED_EDGE ( 'NONE', *, *, #1275, .T. ) ;
#778 = LINE ( 'NONE', #1292, #1544 ) ;
#779 = EDGE_LOOP ( 'NONE', ( #322, #1025, #469, #420 ) ) ;
#780 = ORIENTED_EDGE ( 'NONE', *, *, #34, .T. ) ;
#781 = ORIENTED_EDGE ( 'NONE', *, *, #619, .F. ) ;
#782 = EDGE_CURVE ( 'NONE', #1081, #1168, #1209, .T. ) ;
#783 = DIRECTION ( 'NONE',  ( 1.000000000000000000, 0.000000000000000000, 0.000000000000000000 ) ) ;
#784 = PLANE ( 'NONE',  #1630 ) ;
#785 = EDGE_CURVE ( 'NONE', #282, #720, #74, .T. ) ;
#786 = LINE ( 'NONE', #918, #1079 ) ;
#787 = VERTEX_POINT ( 'NONE', #1642 ) ;
#788 = CARTESIAN_POINT ( 'NONE',  ( 1.500000000000000222, 0.7299999999999998712, -1.404100000000000126 ) ) ;
#789 = CARTESIAN_POINT ( 'NONE',  ( 1.460600000000000342, 1.729999999999999760, -1.404100000000000570 ) ) ;
#790 = VERTEX_POINT ( 'NONE', #1228 ) ;
#791 = CARTESIAN_POINT ( 'NONE',  ( 1.349999999999999423, 2.000000000000000444, 1.499999999999999778 ) ) ;
#792 = FACE_OUTER_BOUND ( 'NONE', #1232, .T. ) ;
#793 = EDGE_CURVE ( 'NONE', #128, #1495, #68, .T. ) ;
#794 = DIRECTION ( 'NONE',  ( 1.000000000000000000, 0.000000000000000000, -0.000000000000000000 ) ) ;
#795 = VERTEX_POINT ( 'NONE', #961 ) ;
#796 = CARTESIAN_POINT ( 'NONE',  ( 1.500000000000001110, 0.09999999999999976963, -1.499999999999999334 ) ) ;
#797 = ORIENTED_EDGE ( 'NONE', *, *, #383, .T. ) ;
#798 = ORIENTED_EDGE ( 'NONE', *, *, #537, .F. ) ;
#799 = CARTESIAN_POINT ( 'NONE',  ( 1.381900000000000350, 1.975875507770424422, 1.399775507770423921 ) ) ;
#800 = AXIS2_PLACEMENT_3D ( 'NONE', #357, #1395, #567 ) ;
#801 = DIRECTION ( 'NONE',  ( -1.000000000000000000, -0.000000000000000000, -4.553079989440439683E-16 ) ) ;
#802 = EDGE_CURVE ( 'NONE', #643, #1413, #331, .T. ) ;
#803 = AXIS2_PLACEMENT_3D ( 'NONE', #1112, #1367, #1090 ) ;
#804 = CARTESIAN_POINT ( 'NONE',  ( 1.381900000000000350, 1.734124492229575321, 1.285899999999999155 ) ) ;
#805 = AXIS2_PLACEMENT_3D ( 'NONE', #568, #1465, #1629 ) ;
#806 = ORIENTED_EDGE ( 'NONE', *, *, #1591, .F. ) ;
#807 = VECTOR ( 'NONE', #1084, 39.37007874015748854 ) ;
#808 = DIRECTION ( 'NONE',  ( 1.000000000000000000, 0.000000000000000000, 0.000000000000000000 ) ) ;
#809 = DIRECTION ( 'NONE',  ( -0.000000000000000000, -0.000000000000000000, -1.000000000000000000 ) ) ;
#810 = LINE ( 'NONE', #1240, #1342 ) ;
#811 = ORIENTED_EDGE ( 'NONE', *, *, #1565, .F. ) ;
#812 = CARTESIAN_POINT ( 'NONE',  ( 1.349999999999999867, 1.750000000000000222, 1.624999999999998668 ) ) ;
#813 = CARTESIAN_POINT ( 'NONE',  ( 1.350000000000000089, 1.750000000000000444, -2.000000000000000000 ) ) ;
#814 = DIRECTION ( 'NONE',  ( -0.000000000000000000, -1.000000000000000000, -0.000000000000000000 ) ) ;
#815 = EDGE_CURVE ( 'NONE', #1555, #1426, #842, .T. ) ;
#816 = ORIENTED_EDGE ( 'NONE', *, *, #1062, .T. ) ;
#817 = LINE ( 'NONE', #788, #1518 ) ;
#818 = EDGE_CURVE ( 'NONE', #364, #1587, #870, .T. ) ;
#819 = LINE ( 'NONE', #824, #829 ) ;
#820 = VERTEX_POINT ( 'NONE', #52 ) ;
#821 = DIRECTION ( 'NONE',  ( 0.000000000000000000, 0.000000000000000000, -1.000000000000000000 ) ) ;
#822 = FACE_OUTER_BOUND ( 'NONE', #921, .T. ) ;
#823 = FACE_OUTER_BOUND ( 'NONE', #423, .T. ) ;
#824 = CARTESIAN_POINT ( 'NONE',  ( 1.350000000000000089, 0.2500000000000000000, -2.061999999999999833 ) ) ;
#825 = EDGE_CURVE ( 'NONE', #1182, #1313, #1239, .T. ) ;
#826 = ORIENTED_EDGE ( 'NONE', *, *, #606, .F. ) ;
#827 = DIRECTION ( 'NONE',  ( -1.000000000000000000, 0.000000000000000000, -4.553079989440439683E-16 ) ) ;
#828 = LINE ( 'NONE', #165, #1681 ) ;
#829 = VECTOR ( 'NONE', #694, 39.37007874015748143 ) ;
#830 =( CONVERSION_BASED_UNIT ( 'INCH', #1655 ) LENGTH_UNIT ( ) NAMED_UNIT ( #602 ) );
#831 = VECTOR ( 'NONE', #1522, 39.37007874015748143 ) ;
#832 = VECTOR ( 'NONE', #1477, 39.37007874015748143 ) ;
#833 = CARTESIAN_POINT ( 'NONE',  ( 1.350000000000000089, 1.750000000000000444, -1.937500000000000000 ) ) ;
#834 = CARTESIAN_POINT ( 'NONE',  ( 1.600000000000000089, 2.000000000000000444, 1.750000000000000000 ) ) ;
#835 = CARTESIAN_POINT ( 'NONE',  ( 1.381900000000000350, 1.979999999999999982, -1.290224492229575803 ) ) ;
#836 = AXIS2_PLACEMENT_3D ( 'NONE', #18, #1204, #1061 ) ;
#837 = ORIENTED_EDGE ( 'NONE', *, *, #1091, .F. ) ;
#838 = CARTESIAN_POINT ( 'NONE',  ( 1.600000000000000089, 0.2500000000000006106, 1.687499999999998668 ) ) ;
#839 = ADVANCED_FACE ( 'NONE', ( #731 ), #987, .T. ) ;
#840 = CARTESIAN_POINT ( 'NONE',  ( 1.500000000000000222, 1.729999999999999760, -1.286100000000000465 ) ) ;
#841 = FACE_OUTER_BOUND ( 'NONE', #955, .T. ) ;
#842 = LINE ( 'NONE', #1249, #831 ) ;
#843 = CARTESIAN_POINT ( 'NONE',  ( 1.350000000000000089, 1.750000000000000444, -2.000000000000000000 ) ) ;
#844 = ORIENTED_EDGE ( 'NONE', *, *, #1126, .F. ) ;
#845 = CARTESIAN_POINT ( 'NONE',  ( 1.350000000000000089, 0.2500000000000000000, -2.000000000000000000 ) ) ;
#846 = CARTESIAN_POINT ( 'NONE',  ( 1.350000000000000089, 0.2500000000000000000, -2.250000000000000000 ) ) ;
#847 = ORIENTED_EDGE ( 'NONE', *, *, #1456, .T. ) ;
#848 = VERTEX_POINT ( 'NONE', #191 ) ;
#849 = LINE ( 'NONE', #966, #102 ) ;
#850 = CARTESIAN_POINT ( 'NONE',  ( 1.600000000000000089, 1.750000000000000444, -2.249999999999999556 ) ) ;
#851 = EDGE_CURVE ( 'NONE', #194, #912, #1086, .T. ) ;
#852 = DIRECTION ( 'NONE',  ( 0.000000000000000000, 0.000000000000000000, -1.000000000000000000 ) ) ;
#853 = CARTESIAN_POINT ( 'NONE',  ( 1.350000000000000089, 1.750000000000000444, -2.000000000000000000 ) ) ;
#854 = DIRECTION ( 'NONE',  ( -0.05233595624294388321, 0.9986295347545739443, 0.000000000000000000 ) ) ;
#855 = ORIENTED_EDGE ( 'NONE', *, *, #785, .F. ) ;
#856 = ORIENTED_EDGE ( 'NONE', *, *, #976, .F. ) ;
#857 = DIRECTION ( 'NONE',  ( -0.000000000000000000, -1.000000000000000000, -0.000000000000000000 ) ) ;
#858 = EDGE_CURVE ( 'NONE', #1471, #32, #979, .T. ) ;
#859 = VECTOR ( 'NONE', #1007, 39.37007874015748143 ) ;
#860 = ORIENTED_EDGE ( 'NONE', *, *, #156, .F. ) ;
#861 = DIRECTION ( 'NONE',  ( 0.000000000000000000, 0.000000000000000000, -1.000000000000000000 ) ) ;
#862 = VECTOR ( 'NONE', #1468, 39.37007874015748143 ) ;
#863 = DIRECTION ( 'NONE',  ( 1.000000000000000000, 0.000000000000000000, 0.000000000000000000 ) ) ;
#864 = VECTOR ( 'NONE', #1117, 39.37007874015748143 ) ;
#865 = DIRECTION ( 'NONE',  ( -0.05233595624294389015, 0.000000000000000000, 0.9986295347545739443 ) ) ;
#866 = ORIENTED_EDGE ( 'NONE', *, *, #133, .T. ) ;
#867 = VECTOR ( 'NONE', #730, 39.37007874015748143 ) ;
#868 = CIRCLE ( 'NONE', #484, 0.2500000000000000555 ) ;
#869 = CARTESIAN_POINT ( 'NONE',  ( 1.454449666751735704, 1.979677674692607470, 1.403577674692607191 ) ) ;
#870 = LINE ( 'NONE', #172, #100 ) ;
#871 = ADVANCED_FACE ( 'NONE', ( #1491 ), #571, .T. ) ;
#872 = CARTESIAN_POINT ( 'NONE',  ( 1.349999999999999867, 2.000000000000000444, -2.249999999999999556 ) ) ;
#873 = ORIENTED_EDGE ( 'NONE', *, *, #1366, .T. ) ;
#874 = ORIENTED_EDGE ( 'NONE', *, *, #223, .T. ) ;
#875 = PLANE ( 'NONE',  #502 ) ;
#876 = DIRECTION ( 'NONE',  ( -0.000000000000000000, -0.000000000000000000, 1.000000000000000000 ) ) ;
#877 = CARTESIAN_POINT ( 'NONE',  ( 1.349999999999999867, 1.750000000000000222, -1.625000000000001332 ) ) ;
#878 = FACE_BOUND ( 'NONE', #146, .T. ) ;
#879 = ORIENTED_EDGE ( 'NONE', *, *, #1027, .T. ) ;
#880 = EDGE_CURVE ( 'NONE', #195, #652, #711, .T. ) ;
#881 = ORIENTED_EDGE ( 'NONE', *, *, #133, .F. ) ;
#882 = LINE ( 'NONE', #471, #1076 ) ;
#883 = FACE_BOUND ( 'NONE', #1339, .T. ) ;
#884 = CARTESIAN_POINT ( 'NONE',  ( 1.460600000000000342, 0.7299999999999998712, -1.404100000000000126 ) ) ;
#885 = FILL_AREA_STYLE_COLOUR ( '', #552 ) ;
#886 = EDGE_LOOP ( 'NONE', ( #481, #667, #895, #1676 ) ) ;
#887 = AXIS2_PLACEMENT_3D ( 'NONE', #323, #1554, #1661 ) ;
#888 = ORIENTED_EDGE ( 'NONE', *, *, #1052, .F. ) ;
#889 = CARTESIAN_POINT ( 'NONE',  ( 1.349999999999999867, 2.000000000000000444, 1.750000000000000000 ) ) ;
#890 = ADVANCED_FACE ( 'NONE', ( #1102 ), #1632, .F. ) ;
#891 = AXIS2_PLACEMENT_3D ( 'NONE', #1349, #184, #702 ) ;
#892 = AXIS2_PLACEMENT_3D ( 'NONE', #708, #1225, #718 ) ;
#893 = ADVANCED_FACE ( 'NONE', ( #1306 ), #273, .F. ) ;
#894 = VERTEX_POINT ( 'NONE', #1179 ) ;
#895 = ORIENTED_EDGE ( 'NONE', *, *, #249, .T. ) ;
#896 = CARTESIAN_POINT ( 'NONE',  ( 1.460600000000000342, 1.729999999999999760, -1.404100000000000570 ) ) ;
#897 = ADVANCED_FACE ( 'NONE', ( #1387 ), #756, .T. ) ;
#898 = ORIENTED_EDGE ( 'NONE', *, *, #880, .F. ) ;
#899 = ORIENTED_EDGE ( 'NONE', *, *, #280, .T. ) ;
#900 = ORIENTED_EDGE ( 'NONE', *, *, #80, .T. ) ;
#901 = DIRECTION ( 'NONE',  ( -0.000000000000000000, 1.000000000000000000, -0.000000000000000000 ) ) ;
#902 = ORIENTED_EDGE ( 'NONE', *, *, #1479, .F. ) ;
#903 = ORIENTED_EDGE ( 'NONE', *, *, #487, .T. ) ;
#904 = AXIS2_PLACEMENT_3D ( 'NONE', #1350, #220, #1380 ) ;
#905 = CARTESIAN_POINT ( 'NONE',  ( 1.350000000000001199, 0.09999999999999976963, -1.499999999999999334 ) ) ;
#906 =( GEOMETRIC_REPRESENTATION_CONTEXT ( 3 ) GLOBAL_UNCERTAINTY_ASSIGNED_CONTEXT ( ( #1478 ) ) GLOBAL_UNIT_ASSIGNED_CONTEXT ( ( #1276, #1150, #630 ) ) REPRESENTATION_CONTEXT ( 'NONE', 'WORKASPACE' ) );
#907 = AXIS2_PLACEMENT_3D ( 'NONE', #617, #1135, #84 ) ;
#908 = LINE ( 'NONE', #1665, #1047 ) ;
#909 = AXIS2_PLACEMENT_3D ( 'NONE', #965, #1482, #706 ) ;
#910 = ORIENTED_EDGE ( 'NONE', *, *, #1062, .F. ) ;
#911 = CARTESIAN_POINT ( 'NONE',  ( 1.460600000000000342, 1.729999999999999760, -1.404100000000000570 ) ) ;
#912 = VERTEX_POINT ( 'NONE', #219 ) ;
#913 = EDGE_LOOP ( 'NONE', ( #765, #866 ) ) ;
#914 = EDGE_CURVE ( 'NONE', #604, #128, #908, .T. ) ;
#915 = FACE_OUTER_BOUND ( 'NONE', #975, .T. ) ;
#916 = DIRECTION ( 'NONE',  ( -1.000000000000000000, -0.000000000000000000, -4.553079989440439683E-16 ) ) ;
#917 = CARTESIAN_POINT ( 'NONE',  ( 1.349999999999999867, 0.2500000000000006106, -1.562500000000001332 ) ) ;
#918 = CARTESIAN_POINT ( 'NONE',  ( 1.454449666751735704, 1.979677674692607470, -1.286422325307392533 ) ) ;
#919 = ORIENTED_EDGE ( 'NONE', *, *, #1027, .F. ) ;
#920 = LINE ( 'NONE', #1174, #691 ) ;
#921 = EDGE_LOOP ( 'NONE', ( #1011, #1043, #1222, #187 ) ) ;
#922 = ORIENTED_EDGE ( 'NONE', *, *, #782, .T. ) ;
#923 = CARTESIAN_POINT ( 'NONE',  ( 1.381900000000000350, 0.9799999999999999822, -1.399975507770425009 ) ) ;
#924 = EDGE_CURVE ( 'NONE', #770, #983, #362, .T. ) ;
#925 = DIRECTION ( 'NONE',  ( 1.000000000000000000, 0.000000000000000000, 0.000000000000000000 ) ) ;
#926 = DIRECTION ( 'NONE',  ( 0.000000000000000000, 0.000000000000000000, -1.000000000000000000 ) ) ;
#927 = ORIENTED_EDGE ( 'NONE', *, *, #329, .T. ) ;
#928 = DIRECTION ( 'NONE',  ( 1.000000000000000000, -0.000000000000000000, -0.000000000000000000 ) ) ;
#929 = CARTESIAN_POINT ( 'NONE',  ( 1.600000000000000089, 0.000000000000000000, -1.599999999999999867 ) ) ;
#930 = CARTESIAN_POINT ( 'NONE',  ( 1.600000000000000089, 0.2500000000000000000, -2.000000000000000000 ) ) ;
#931 = DIRECTION ( 'NONE',  ( 0.000000000000000000, -1.000000000000000000, 0.000000000000000000 ) ) ;
#932 = ORIENTED_EDGE ( 'NONE', *, *, #1212, .T. ) ;
#933 = ADVANCED_FACE ( 'NONE', ( #406, #1128, #1298, #739, #1256, #609, #883 ), #784, .F. ) ;
#934 = PLANE ( 'NONE',  #47 ) ;
#935 = VECTOR ( 'NONE', #1334, 39.37007874015748143 ) ;
#936 = CARTESIAN_POINT ( 'NONE',  ( 0.000000000000000000, 0.000000000000000000, 1.750000000000000000 ) ) ;
#937 = MECHANICAL_DESIGN_GEOMETRIC_PRESENTATION_REPRESENTATION (  '', ( #206 ), #906 ) ;
#938 = EDGE_CURVE ( 'NONE', #973, #636, #451, .T. ) ;
#939 = AXIS2_PLACEMENT_3D ( 'NONE', #620, #1586, #1672 ) ;
#940 = ORIENTED_EDGE ( 'NONE', *, *, #31, .T. ) ;
#941 = VECTOR ( 'NONE', #217, 39.37007874015748854 ) ;
#942 = PLANE ( 'NONE',  #1178 ) ;
#943 = CYLINDRICAL_SURFACE ( 'NONE', #1241, 0.2500000000000000555 ) ;
#944 = DIRECTION ( 'NONE',  ( -0.000000000000000000, -0.000000000000000000, 1.000000000000000000 ) ) ;
#945 = ORIENTED_EDGE ( 'NONE', *, *, #472, .T. ) ;
#946 = LINE ( 'NONE', #1463, #1374 ) ;
#947 = DIRECTION ( 'NONE',  ( 1.000000000000000000, 0.000000000000000000, 0.000000000000000000 ) ) ;
#948 = DIRECTION ( 'NONE',  ( -1.000000000000000000, 0.000000000000000000, -0.000000000000000000 ) ) ;
#949 = LINE ( 'NONE', #189, #1546 ) ;
#950 = ADVANCED_FACE ( 'NONE', ( #663 ), #1401, .T. ) ;
#951 = CARTESIAN_POINT ( 'NONE',  ( 1.349999999999999867, 0.2500000000000006106, 1.624999999999998668 ) ) ;
#952 = ORIENTED_EDGE ( 'NONE', *, *, #1253, .F. ) ;
#953 = ORIENTED_EDGE ( 'NONE', *, *, #1033, .F. ) ;
#954 = DIRECTION ( 'NONE',  ( -1.000000000000000000, 0.000000000000000000, -4.553079989440439683E-16 ) ) ;
#955 = EDGE_LOOP ( 'NONE', ( #860, #752, #1457, #736 ) ) ;
#956 = DIRECTION ( 'NONE',  ( 0.9972646886342373396, 0.05226442768871395611, -0.05226442768871396999 ) ) ;
#957 = FACE_OUTER_BOUND ( 'NONE', #1669, .T. ) ;
#958 = LINE ( 'NONE', #1466, #1104 ) ;
#959 = APPLICATION_CONTEXT ( 'automotive_design' ) ;
#960 = EDGE_CURVE ( 'NONE', #769, #387, #237, .T. ) ;
#961 = CARTESIAN_POINT ( 'NONE',  ( 1.500000000000000222, 1.979999999999999982, 1.403899999999999260 ) ) ;
#962 = CARTESIAN_POINT ( 'NONE',  ( 1.460600000000000342, 1.729999999999999760, 1.285899999999999155 ) ) ;
#963 = ORIENTED_EDGE ( 'NONE', *, *, #666, .T. ) ;
#964 = CARTESIAN_POINT ( 'NONE',  ( 1.600000000000001421, 0.2500000000000006106, -1.562500000000001332 ) ) ;
#965 = CARTESIAN_POINT ( 'NONE',  ( 0.000000000000000000, 0.000000000000000000, 0.000000000000000000 ) ) ;
#966 = CARTESIAN_POINT ( 'NONE',  ( 1.381900000000000350, 0.9758755077704244218, -1.404100000000000126 ) ) ;
#967 = LINE ( 'NONE', #66, #641 ) ;
#968 = VECTOR ( 'NONE', #1441, 39.37007874015748854 ) ;
#969 = AXIS2_PLACEMENT_3D ( 'NONE', #1622, #338, #1378 ) ;
#970 = DIRECTION ( 'NONE',  ( 1.000000000000000000, -0.000000000000000000, -0.000000000000000000 ) ) ;
#971 = DIRECTION ( 'NONE',  ( 0.000000000000000000, 0.000000000000000000, -1.000000000000000000 ) ) ;
#972 = VECTOR ( 'NONE', #1184, 39.37007874015748143 ) ;
#973 = VERTEX_POINT ( 'NONE', #134 ) ;
#974 = LINE ( 'NONE', #603, #476 ) ;
#975 = EDGE_LOOP ( 'NONE', ( #1559, #1384, #297, #646 ) ) ;
#976 = EDGE_CURVE ( 'NONE', #4, #54, #19, .T. ) ;
#977 = CARTESIAN_POINT ( 'NONE',  ( 1.381900000000000350, 0.9758755077704244218, -1.290224492229575359 ) ) ;
#978 = CARTESIAN_POINT ( 'NONE',  ( 0.000000000000000000, 2.000000000000000444, 0.000000000000000000 ) ) ;
#979 = LINE ( 'NONE', #309, #553 ) ;
#980 = CARTESIAN_POINT ( 'NONE',  ( 1.350000000000000089, 1.750000000000000444, -1.937500000000000000 ) ) ;
#981 = LINE ( 'NONE', #1382, #522 ) ;
#982 = ORIENTED_EDGE ( 'NONE', *, *, #487, .F. ) ;
#983 = VERTEX_POINT ( 'NONE', #654 ) ;
#984 = ADVANCED_FACE ( 'NONE', ( #1170 ), #6, .F. ) ;
#985 = CARTESIAN_POINT ( 'NONE',  ( 1.460600000000000342, 1.979999999999999982, -1.404100000000000570 ) ) ;
#986 =( NAMED_UNIT ( * ) PLANE_ANGLE_UNIT ( ) SI_UNIT ( $, .RADIAN. ) );
#987 = PLANE ( 'NONE',  #969 ) ;
#988 = PLANE ( 'NONE',  #8 ) ;
#989 = DIRECTION ( 'NONE',  ( 0.000000000000000000, 0.000000000000000000, -1.000000000000000000 ) ) ;
#990 = LINE ( 'NONE', #834, #556 ) ;
#991 = ORIENTED_EDGE ( 'NONE', *, *, #880, .T. ) ;
#992 = ORIENTED_EDGE ( 'NONE', *, *, #1219, .F. ) ;
#993 = CARTESIAN_POINT ( 'NONE',  ( 1.500000000000000222, 0.09999999999999976963, 1.500000000000000888 ) ) ;
#994 = VECTOR ( 'NONE', #944, 39.37007874015748143 ) ;
#995 = DIRECTION ( 'NONE',  ( 1.000000000000000000, 0.000000000000000000, 0.000000000000000000 ) ) ;
#996 = FACE_OUTER_BOUND ( 'NONE', #1677, .T. ) ;
#997 = VECTOR ( 'NONE', #598, 39.37007874015748143 ) ;
#998 = LINE ( 'NONE', #872, #1236 ) ;
#999 = DIRECTION ( 'NONE',  ( 1.000000000000000000, 0.000000000000000000, 0.000000000000000000 ) ) ;
#1000 = ORIENTED_EDGE ( 'NONE', *, *, #1636, .F. ) ;
#1001 = VECTOR ( 'NONE', #1221, 39.37007874015748143 ) ;
#1002 = ORIENTED_EDGE ( 'NONE', *, *, #1444, .T. ) ;
#1003 = DIRECTION ( 'NONE',  ( -1.000000000000000000, -0.000000000000000000, -0.000000000000000000 ) ) ;
#1004 = DIRECTION ( 'NONE',  ( 0.000000000000000000, 0.000000000000000000, 1.000000000000000000 ) ) ;
#1005 = CARTESIAN_POINT ( 'NONE',  ( 1.350000000000000089, 1.750000000000000444, -2.000000000000000000 ) ) ;
#1006 = EDGE_CURVE ( 'NONE', #497, #229, #1601, .T. ) ;
#1007 = DIRECTION ( 'NONE',  ( -0.000000000000000000, 6.829619984160656074E-16, -1.000000000000000000 ) ) ;
#1008 = CARTESIAN_POINT ( 'NONE',  ( 1.460600000000000342, 0.9799999999999999822, -1.404100000000000126 ) ) ;
#1009 = CARTESIAN_POINT ( 'NONE',  ( 1.460600000000000342, 1.729999999999999760, -1.286100000000000465 ) ) ;
#1010 = EDGE_LOOP ( 'NONE', ( #1165, #742, #566, #1383 ) ) ;
#1011 = ORIENTED_EDGE ( 'NONE', *, *, #461, .T. ) ;
#1012 = CARTESIAN_POINT ( 'NONE',  ( 1.349999999999999867, 1.750000000000000222, -1.687500000000001332 ) ) ;
#1013 = DIRECTION ( 'NONE',  ( 0.000000000000000000, 0.000000000000000000, -1.000000000000000000 ) ) ;
#1014 = LINE ( 'NONE', #621, #369 ) ;
#1015 = EDGE_CURVE ( 'NONE', #364, #632, #356, .T. ) ;
#1016 = DIRECTION ( 'NONE',  ( 0.000000000000000000, 0.000000000000000000, 1.000000000000000000 ) ) ;
#1017 = VERTEX_POINT ( 'NONE', #746 ) ;
#1018 = ORIENTED_EDGE ( 'NONE', *, *, #655, .F. ) ;
#1019 = CARTESIAN_POINT ( 'NONE',  ( 1.381900000000000350, 0.7341244922295752096, -1.404100000000000126 ) ) ;
#1020 = DIRECTION ( 'NONE',  ( -1.000000000000000000, 0.000000000000000000, -4.553079989440439683E-16 ) ) ;
#1021 = VECTOR ( 'NONE', #1203, 39.37007874015748143 ) ;
#1022 = SURFACE_SIDE_STYLE ('',( #1266 ) ) ;
#1023 = VERTEX_POINT ( 'NONE', #917 ) ;
#1024 = AXIS2_PLACEMENT_3D ( 'NONE', #78, #1648, #861 ) ;
#1025 = ORIENTED_EDGE ( 'NONE', *, *, #1354, .F. ) ;
#1026 = VECTOR ( 'NONE', #1089, 39.37007874015748143 ) ;
#1027 = EDGE_CURVE ( 'NONE', #1526, #1495, #1262, .T. ) ;
#1028 = CIRCLE ( 'NONE', #1078, 0.06200000000000004813 ) ;
#1029 = FACE_OUTER_BOUND ( 'NONE', #30, .T. ) ;
#1030 = ORIENTED_EDGE ( 'NONE', *, *, #637, .F. ) ;
#1031 = VERTEX_POINT ( 'NONE', #671 ) ;
#1032 = DIRECTION ( 'NONE',  ( 0.000000000000000000, -0.000000000000000000, -1.000000000000000000 ) ) ;
#1033 = EDGE_CURVE ( 'NONE', #215, #43, #590, .T. ) ;
#1034 = EDGE_CURVE ( 'NONE', #438, #1599, #1085, .T. ) ;
#1035 = EDGE_LOOP ( 'NONE', ( #1321, #1161, #797, #518 ) ) ;
#1036 = EDGE_LOOP ( 'NONE', ( #258, #1124, #1684, #1259 ) ) ;
#1037 = EDGE_LOOP ( 'NONE', ( #1294, #494, #781, #1462 ) ) ;
#1038 = CARTESIAN_POINT ( 'NONE',  ( 1.600000000000001421, 1.750000000000000222, -1.625000000000001332 ) ) ;
#1039 = EDGE_CURVE ( 'NONE', #128, #397, #949, .T. ) ;
#1040 = ORIENTED_EDGE ( 'NONE', *, *, #249, .F. ) ;
#1041 = CARTESIAN_POINT ( 'NONE',  ( 1.381900000000000350, 0.5000000000000001110, -1.437814733507506892E-16 ) ) ;
#1042 = ORIENTED_EDGE ( 'NONE', *, *, #1565, .T. ) ;
#1043 = ORIENTED_EDGE ( 'NONE', *, *, #1507, .T. ) ;
#1044 = AXIS2_PLACEMENT_3D ( 'NONE', #843, #1229, #1103 ) ;
#1045 = DIRECTION ( 'NONE',  ( -4.553079989440439683E-16, 0.000000000000000000, 1.000000000000000000 ) ) ;
#1046 = CIRCLE ( 'NONE', #1628, 0.06249999999999995143 ) ;
#1047 = VECTOR ( 'NONE', #1535, 39.37007874015748143 ) ;
#1048 = DIRECTION ( 'NONE',  ( 0.000000000000000000, -1.000000000000000000, 0.000000000000000000 ) ) ;
#1049 = VECTOR ( 'NONE', #1362, 39.37007874015748143 ) ;
#1050 = LINE ( 'NONE', #804, #1427 ) ;
#1051 = ORIENTED_EDGE ( 'NONE', *, *, #648, .F. ) ;
#1052 = EDGE_CURVE ( 'NONE', #1413, #1555, #561, .T. ) ;
#1053 = CARTESIAN_POINT ( 'NONE',  ( 1.460600000000000342, 1.979999999999999982, 1.285899999999999155 ) ) ;
#1054 = LINE ( 'NONE', #1589, #662 ) ;
#1055 = EDGE_LOOP ( 'NONE', ( #224, #1207, #1162, #1139 ) ) ;
#1056 = DIRECTION ( 'NONE',  ( 1.000000000000000000, 0.000000000000000000, 0.000000000000000000 ) ) ;
#1057 = VERTEX_POINT ( 'NONE', #26 ) ;
#1058 = CARTESIAN_POINT ( 'NONE',  ( 1.600000000000000089, 0.4999999999999999445, -1.750000000000000000 ) ) ;
#1059 = CARTESIAN_POINT ( 'NONE',  ( 1.350000000000000089, 1.750000000000000444, -2.000000000000000000 ) ) ;
#1060 = EDGE_CURVE ( 'NONE', #1182, #364, #1098, .T. ) ;
#1061 = DIRECTION ( 'NONE',  ( 0.000000000000000000, 0.000000000000000000, 1.000000000000000000 ) ) ;
#1062 = EDGE_CURVE ( 'NONE', #386, #1663, #1605, .T. ) ;
#1063 = FACE_OUTER_BOUND ( 'NONE', #62, .T. ) ;
#1064 = CARTESIAN_POINT ( 'NONE',  ( 1.350000000000000089, 1.500000000000000666, -1.750000000000000000 ) ) ;
#1065 = EDGE_LOOP ( 'NONE', ( #574, #1504, #1533, #1202 ) ) ;
#1066 = CARTESIAN_POINT ( 'NONE',  ( 1.500000000000000222, 0.9799999999999999822, -1.286100000000000243 ) ) ;
#1067 = DIRECTION ( 'NONE',  ( 0.9972646886342373396, -0.05226442768871395611, -0.05226442768871396999 ) ) ;
#1068 = EDGE_LOOP ( 'NONE', ( #816, #1335, #1051, #381 ) ) ;
#1069 = LINE ( 'NONE', #270, #1021 ) ;
#1070 = AXIS2_PLACEMENT_3D ( 'NONE', #1059, #1175, #160 ) ;
#1071 = ORIENTED_EDGE ( 'NONE', *, *, #1341, .F. ) ;
#1072 = LINE ( 'NONE', #1612, #807 ) ;
#1073 = ADVANCED_FACE ( 'NONE', ( #957 ), #425, .T. ) ;
#1074 = VECTOR ( 'NONE', #1016, 39.37007874015748143 ) ;
#1075 = DIRECTION ( 'NONE',  ( -0.000000000000000000, -0.000000000000000000, -1.000000000000000000 ) ) ;
#1076 = VECTOR ( 'NONE', #1363, 39.37007874015748143 ) ;
#1077 = EDGE_CURVE ( 'NONE', #820, #27, #1486, .T. ) ;
#1078 = AXIS2_PLACEMENT_3D ( 'NONE', #255, #1564, #775 ) ;
#1079 = VECTOR ( 'NONE', #1594, 39.37007874015748854 ) ;
#1080 = CARTESIAN_POINT ( 'NONE',  ( 1.381900000000000350, 1.975875507770424422, -1.404100000000000570 ) ) ;
#1081 = VERTEX_POINT ( 'NONE', #1329 ) ;
#1082 = ORIENTED_EDGE ( 'NONE', *, *, #1602, .T. ) ;
#1083 = CARTESIAN_POINT ( 'NONE',  ( 1.600000000000001421, 0.2500000000000006106, -1.562500000000001332 ) ) ;
#1084 = DIRECTION ( 'NONE',  ( 0.9972646886342373396, 0.05226442768871395611, -0.05226442768871396999 ) ) ;
#1085 = LINE ( 'NONE', #154, #1101 ) ;
#1086 = LINE ( 'NONE', #833, #832 ) ;
#1087 = ORIENTED_EDGE ( 'NONE', *, *, #1685, .F. ) ;
#1088 = VERTEX_POINT ( 'NONE', #308 ) ;
#1089 = DIRECTION ( 'NONE',  ( -0.000000000000000000, -1.000000000000000000, -0.000000000000000000 ) ) ;
#1090 = DIRECTION ( 'NONE',  ( 0.000000000000000000, 0.000000000000000000, 1.000000000000000000 ) ) ;
#1091 = EDGE_CURVE ( 'NONE', #1663, #1526, #828, .T. ) ;
#1092 = CARTESIAN_POINT ( 'NONE',  ( 1.460600000000000342, 0.7299999999999998712, -1.404100000000000126 ) ) ;
#1093 = ORIENTED_EDGE ( 'NONE', *, *, #825, .T. ) ;
#1094 = DIRECTION ( 'NONE',  ( 0.000000000000000000, 0.000000000000000000, 1.000000000000000000 ) ) ;
#1095 = VERTEX_POINT ( 'NONE', #1218 ) ;
#1096 = EDGE_LOOP ( 'NONE', ( #1637, #46, #541, #261 ) ) ;
#1097 = LINE ( 'NONE', #326, #259 ) ;
#1098 = LINE ( 'NONE', #680, #1520 ) ;
#1099 = AXIS2_PLACEMENT_3D ( 'NONE', #1113, #61, #93 ) ;
#1100 = AXIS2_PLACEMENT_3D ( 'NONE', #845, #1524, #1257 ) ;
#1101 = VECTOR ( 'NONE', #292, 39.37007874015748143 ) ;
#1102 = FACE_OUTER_BOUND ( 'NONE', #460, .T. ) ;
#1103 = DIRECTION ( 'NONE',  ( 0.000000000000000000, 0.000000000000000000, -1.000000000000000000 ) ) ;
#1104 = VECTOR ( 'NONE', #155, 39.37007874015748143 ) ;
#1105 = EDGE_CURVE ( 'NONE', #632, #1095, #171, .T. ) ;
#1106 = DIRECTION ( 'NONE',  ( 0.000000000000000000, -0.000000000000000000, -1.000000000000000000 ) ) ;
#1107 = CARTESIAN_POINT ( 'NONE',  ( 1.600000000000000089, 1.750000000000000222, 1.687499999999998668 ) ) ;
#1108 = ORIENTED_EDGE ( 'NONE', *, *, #245, .T. ) ;
#1109 = ORIENTED_EDGE ( 'NONE', *, *, #1411, .T. ) ;
#1110 = DIRECTION ( 'NONE',  ( 0.000000000000000000, 0.000000000000000000, 1.000000000000000000 ) ) ;
#1111 = FACE_BOUND ( 'NONE', #428, .T. ) ;
#1112 = CARTESIAN_POINT ( 'NONE',  ( 1.600000000000000089, 0.2500000000000006106, 1.624999999999998668 ) ) ;
#1113 = CARTESIAN_POINT ( 'NONE',  ( 1.460600000000000342, 0.7299999999999998712, -1.404100000000000126 ) ) ;
#1114 = CYLINDRICAL_SURFACE ( 'NONE', #1100, 0.2500000000000000555 ) ;
#1115 = ORIENTED_EDGE ( 'NONE', *, *, #144, .T. ) ;
#1116 = ORIENTED_EDGE ( 'NONE', *, *, #1152, .T. ) ;
#1117 = DIRECTION ( 'NONE',  ( -0.000000000000000000, 1.000000000000000000, -0.000000000000000000 ) ) ;
#1118 = ADVANCED_FACE ( 'NONE', ( #841 ), #300, .F. ) ;
#1119 = DIRECTION ( 'NONE',  ( -0.000000000000000000, -1.000000000000000000, -0.000000000000000000 ) ) ;
#1120 = CARTESIAN_POINT ( 'NONE',  ( 1.349999999999999867, 0.09999999999999976963, -1.499999999999999334 ) ) ;
#1121 = FACE_OUTER_BOUND ( 'NONE', #274, .T. ) ;
#1122 = DIRECTION ( 'NONE',  ( -0.000000000000000000, -0.000000000000000000, -1.000000000000000000 ) ) ;
#1123 = ORIENTED_EDGE ( 'NONE', *, *, #280, .F. ) ;
#1124 = ORIENTED_EDGE ( 'NONE', *, *, #1467, .F. ) ;
#1125 = FACE_OUTER_BOUND ( 'NONE', #1246, .T. ) ;
#1126 = EDGE_CURVE ( 'NONE', #652, #1215, #412, .T. ) ;
#1127 = VECTOR ( 'NONE', #1216, 39.37007874015748143 ) ;
#1128 = FACE_BOUND ( 'NONE', #1254, .T. ) ;
#1129 = VECTOR ( 'NONE', #349, 39.37007874015748143 ) ;
#1130 = DIRECTION ( 'NONE',  ( -1.000000000000000000, 0.000000000000000000, -4.553079989440439683E-16 ) ) ;
#1131 = AXIS2_PLACEMENT_3D ( 'NONE', #1664, #1497, #1234 ) ;
#1132 = DIRECTION ( 'NONE',  ( 0.000000000000000000, 1.000000000000000000, 0.000000000000000000 ) ) ;
#1133 = ORIENTED_EDGE ( 'NONE', *, *, #1270, .F. ) ;
#1134 = ORIENTED_EDGE ( 'NONE', *, *, #1193, .T. ) ;
#1135 = DIRECTION ( 'NONE',  ( -0.05233595624294388321, -0.9986295347545739443, 0.000000000000000000 ) ) ;
#1136 = ADVANCED_FACE ( 'NONE', ( #822 ), #180, .T. ) ;
#1137 = CARTESIAN_POINT ( 'NONE',  ( 1.460600000000000342, 1.979999999999999982, -1.404100000000000570 ) ) ;
#1138 = DIRECTION ( 'NONE',  ( -0.000000000000000000, 6.829619984160656074E-16, -1.000000000000000000 ) ) ;
#1139 = ORIENTED_EDGE ( 'NONE', *, *, #1185, .T. ) ;
#1140 = ORIENTED_EDGE ( 'NONE', *, *, #461, .F. ) ;
#1141 = DIRECTION ( 'NONE',  ( -1.000000000000000000, 0.000000000000000000, -4.553079989440439683E-16 ) ) ;
#1142 = CARTESIAN_POINT ( 'NONE',  ( 1.460600000000000342, 1.979999999999999982, 1.285899999999999155 ) ) ;
#1143 = LINE ( 'NONE', #496, #723 ) ;
#1144 = EDGE_CURVE ( 'NONE', #1599, #132, #700, .T. ) ;
#1145 = FACE_BOUND ( 'NONE', #1646, .T. ) ;
#1146 = ORIENTED_EDGE ( 'NONE', *, *, #1006, .F. ) ;
#1147 = ORIENTED_EDGE ( 'NONE', *, *, #666, .F. ) ;
#1148 = AXIS2_PLACEMENT_3D ( 'NONE', #812, #162, #660 ) ;
#1149 = AXIS2_PLACEMENT_3D ( 'NONE', #962, #339, #572 ) ;
#1150 =( NAMED_UNIT ( * ) PLANE_ANGLE_UNIT ( ) SI_UNIT ( $, .RADIAN. ) );
#1151 = ORIENTED_EDGE ( 'NONE', *, *, #1416, .F. ) ;
#1152 = EDGE_CURVE ( 'NONE', #493, #848, #287, .T. ) ;
#1153 = CIRCLE ( 'NONE', #501, 0.06249999999999995143 ) ;
#1154 = ORIENTED_EDGE ( 'NONE', *, *, #648, .T. ) ;
#1155 = AXIS2_PLACEMENT_3D ( 'NONE', #1355, #1226, #1593 ) ;
#1156 = DIRECTION ( 'NONE',  ( 0.000000000000000000, -3.414809992080328037E-16, 1.000000000000000000 ) ) ;
#1157 = AXIS2_PLACEMENT_3D ( 'NONE', #698, #56, #318 ) ;
#1158 = VERTEX_POINT ( 'NONE', #549 ) ;
#1159 = DIRECTION ( 'NONE',  ( 4.553079989440439683E-16, 0.000000000000000000, -1.000000000000000000 ) ) ;
#1160 = ORIENTED_EDGE ( 'NONE', *, *, #914, .F. ) ;
#1161 = ORIENTED_EDGE ( 'NONE', *, *, #1205, .T. ) ;
#1162 = ORIENTED_EDGE ( 'NONE', *, *, #762, .T. ) ;
#1163 = EDGE_CURVE ( 'NONE', #1480, #1662, #967, .T. ) ;
#1164 = ADVANCED_FACE ( 'NONE', ( #1619 ), #579, .F. ) ;
#1165 = ORIENTED_EDGE ( 'NONE', *, *, #655, .T. ) ;
#1166 = CARTESIAN_POINT ( 'NONE',  ( 1.349999999999999867, 2.000000000000000444, 1.750000000000000000 ) ) ;
#1167 = ORIENTED_EDGE ( 'NONE', *, *, #243, .T. ) ;
#1168 = VERTEX_POINT ( 'NONE', #850 ) ;
#1169 = ORIENTED_EDGE ( 'NONE', *, *, #1479, .T. ) ;
#1170 = FACE_OUTER_BOUND ( 'NONE', #1065, .T. ) ;
#1171 = ADVANCED_FACE ( 'NONE', ( #1125 ), #875, .T. ) ;
#1172 = CARTESIAN_POINT ( 'NONE',  ( 1.460600000000000342, 1.729999999999999760, 1.403899999999999260 ) ) ;
#1173 = VERTEX_POINT ( 'NONE', #1012 ) ;
#1174 = CARTESIAN_POINT ( 'NONE',  ( 1.500000000000000222, 1.729999999999999760, 1.285899999999999155 ) ) ;
#1175 = DIRECTION ( 'NONE',  ( 1.000000000000000000, 0.000000000000000000, 0.000000000000000000 ) ) ;
#1176 = ORIENTED_EDGE ( 'NONE', *, *, #1091, .T. ) ;
#1177 = AXIS2_PLACEMENT_3D ( 'NONE', #1187, #1314, #1472 ) ;
#1178 = AXIS2_PLACEMENT_3D ( 'NONE', #1041, #1309, #1569 ) ;
#1179 = CARTESIAN_POINT ( 'NONE',  ( 1.600000000000000089, 0.2500000000000006106, 1.562499999999998668 ) ) ;
#1180 = AXIS2_PLACEMENT_3D ( 'NONE', #36, #548, #948 ) ;
#1181 = EDGE_CURVE ( 'NONE', #973, #365, #1527, .T. ) ;
#1182 = VERTEX_POINT ( 'NONE', #198 ) ;
#1183 = CARTESIAN_POINT ( 'NONE',  ( 1.600000000000000089, 0.5000000000000000000, -2.000000000000000000 ) ) ;
#1184 = DIRECTION ( 'NONE',  ( 1.000000000000000000, -0.000000000000000000, -0.000000000000000000 ) ) ;
#1185 = EDGE_CURVE ( 'NONE', #1562, #912, #419, .T. ) ;
#1186 = CARTESIAN_POINT ( 'NONE',  ( 1.600000000000000089, 0.2500000000000006106, 1.687499999999998668 ) ) ;
#1187 = CARTESIAN_POINT ( 'NONE',  ( 0.000000000000000000, 0.000000000000000000, -1.750000000000000000 ) ) ;
#1188 = DIRECTION ( 'NONE',  ( -0.000000000000000000, 1.000000000000000000, -0.000000000000000000 ) ) ;
#1189 = CARTESIAN_POINT ( 'NONE',  ( 1.500000000000000222, 1.729999999999999760, -1.404100000000000570 ) ) ;
#1190 = ORIENTED_EDGE ( 'NONE', *, *, #507, .T. ) ;
#1191 = CARTESIAN_POINT ( 'NONE',  ( 1.350000000000000089, 0.2500000000000000000, -2.000000000000000000 ) ) ;
#1192 = ORIENTED_EDGE ( 'NONE', *, *, #737, .T. ) ;
#1193 = EDGE_CURVE ( 'NONE', #1023, #1359, #1572, .T. ) ;
#1194 = EDGE_LOOP ( 'NONE', ( #1580, #1252, #1331, #1286 ) ) ;
#1195 = ADVANCED_BREP_SHAPE_REPRESENTATION ( 'RLiftMountV2', ( #585, #317 ), #729 ) ;
#1196 = DIRECTION ( 'NONE',  ( -1.000000000000000000, 0.000000000000000000, -4.553079989440439683E-16 ) ) ;
#1197 = ORIENTED_EDGE ( 'NONE', *, *, #802, .F. ) ;
#1198 = PLANE ( 'NONE',  #1180 ) ;
#1199 = CARTESIAN_POINT ( 'NONE',  ( 1.500000000000000222, 0.9799999999999999822, -1.404100000000000126 ) ) ;
#1200 = FACE_OUTER_BOUND ( 'NONE', #605, .T. ) ;
#1201 = CARTESIAN_POINT ( 'NONE',  ( 1.349999999999999867, 0.2500000000000006106, 1.562499999999998668 ) ) ;
#1202 = ORIENTED_EDGE ( 'NONE', *, *, #793, .T. ) ;
#1203 = DIRECTION ( 'NONE',  ( 1.000000000000000000, -0.000000000000000000, -0.000000000000000000 ) ) ;
#1204 = DIRECTION ( 'NONE',  ( -1.000000000000000000, -0.000000000000000000, -4.553079989440439683E-16 ) ) ;
#1205 = EDGE_CURVE ( 'NONE', #35, #1057, #738, .T. ) ;
#1206 = VECTOR ( 'NONE', #747, 39.37007874015748143 ) ;
#1207 = ORIENTED_EDGE ( 'NONE', *, *, #327, .F. ) ;
#1208 = CARTESIAN_POINT ( 'NONE',  ( 1.500000000000000222, 2.000000000000000444, 1.499999999999999778 ) ) ;
#1209 = CIRCLE ( 'NONE', #175, 0.2499999999999998057 ) ;
#1210 = CARTESIAN_POINT ( 'NONE',  ( 1.600000000000000089, 1.750000000000000222, 1.624999999999998668 ) ) ;
#1211 = VECTOR ( 'NONE', #1345, 39.37007874015748143 ) ;
#1212 = EDGE_CURVE ( 'NONE', #195, #438, #1647, .T. ) ;
#1213 = VECTOR ( 'NONE', #999, 39.37007874015748143 ) ;
#1214 = DIRECTION ( 'NONE',  ( 0.000000000000000000, 0.000000000000000000, -1.000000000000000000 ) ) ;
#1215 = VERTEX_POINT ( 'NONE', #1534 ) ;
#1216 = DIRECTION ( 'NONE',  ( 1.000000000000000000, 0.000000000000000000, 0.000000000000000000 ) ) ;
#1217 = LINE ( 'NONE', #410, #668 ) ;
#1218 = CARTESIAN_POINT ( 'NONE',  ( 1.500000000000000222, 0.9799999999999999822, -1.404100000000000126 ) ) ;
#1219 = EDGE_CURVE ( 'NONE', #1360, #604, #882, .T. ) ;
#1220 = CARTESIAN_POINT ( 'NONE',  ( 1.350000000000000089, 1.750000000000000444, -2.062500000000000000 ) ) ;
#1221 = DIRECTION ( 'NONE',  ( -1.000000000000000000, -0.000000000000000000, -4.553079989440439683E-16 ) ) ;
#1222 = ORIENTED_EDGE ( 'NONE', *, *, #1584, .T. ) ;
#1223 = LINE ( 'NONE', #63, #1568 ) ;
#1224 = ORIENTED_EDGE ( 'NONE', *, *, #673, .F. ) ;
#1225 = DIRECTION ( 'NONE',  ( -0.05233595624294388321, 0.9986295347545739443, 0.000000000000000000 ) ) ;
#1226 = DIRECTION ( 'NONE',  ( -1.000000000000000000, -0.000000000000000000, -4.553079989440439683E-16 ) ) ;
#1227 = ADVANCED_FACE ( 'NONE', ( #1652 ), #97, .F. ) ;
#1228 = CARTESIAN_POINT ( 'NONE',  ( 1.350000000000000089, 1.500000000000000666, -2.000000000000000000 ) ) ;
#1229 = DIRECTION ( 'NONE',  ( 1.000000000000000000, 0.000000000000000000, 0.000000000000000000 ) ) ;
#1230 = CARTESIAN_POINT ( 'NONE',  ( 1.350000000000000089, 1.750000000000000444, -2.249999999999999556 ) ) ;
#1231 = DIRECTION ( 'NONE',  ( 0.000000000000000000, -1.000000000000000000, 0.000000000000000000 ) ) ;
#1232 = EDGE_LOOP ( 'NONE', ( #758, #509, #1435, #1490 ) ) ;
#1233 = EDGE_LOOP ( 'NONE', ( #139, #113, #253, #1670 ) ) ;
#1234 = DIRECTION ( 'NONE',  ( -0.9986295347545738332, 0.000000000000000000, 0.05233595624294388321 ) ) ;
#1235 = AXIS2_PLACEMENT_3D ( 'NONE', #1368, #201, #1264 ) ;
#1236 = VECTOR ( 'NONE', #1481, 39.37007874015748143 ) ;
#1237 = ORIENTED_EDGE ( 'NONE', *, *, #782, .F. ) ;
#1238 = ADVANCED_FACE ( 'NONE', ( #1269 ), #225, .T. ) ;
#1239 = LINE ( 'NONE', #444, #101 ) ;
#1240 = CARTESIAN_POINT ( 'NONE',  ( 1.500000000000000222, 1.979999999999999982, 1.285899999999999155 ) ) ;
#1241 = AXIS2_PLACEMENT_3D ( 'NONE', #1459, #433, #926 ) ;
#1242 = EDGE_CURVE ( 'NONE', #35, #1573, #257, .T. ) ;
#1243 = DIRECTION ( 'NONE',  ( 0.000000000000000000, 0.000000000000000000, -1.000000000000000000 ) ) ;
#1244 = DIRECTION ( 'NONE',  ( -1.000000000000000000, 0.000000000000000000, -0.000000000000000000 ) ) ;
#1245 = ORIENTED_EDGE ( 'NONE', *, *, #1015, .F. ) ;
#1246 = EDGE_LOOP ( 'NONE', ( #112, #334, #512, #772, #1418, #1133, #1470, #1284 ) ) ;
#1247 = CARTESIAN_POINT ( 'NONE',  ( 1.600000000000001421, 0.2500000000000006106, -1.625000000000001332 ) ) ;
#1248 = LINE ( 'NONE', #443, #123 ) ;
#1249 = CARTESIAN_POINT ( 'NONE',  ( 1.600000000000000089, 1.500000000000000666, -1.750000000000000000 ) ) ;
#1250 = DIRECTION ( 'NONE',  ( 0.000000000000000000, 1.000000000000000000, -0.000000000000000000 ) ) ;
#1251 = FACE_OUTER_BOUND ( 'NONE', #589, .T. ) ;
#1252 = ORIENTED_EDGE ( 'NONE', *, *, #858, .F. ) ;
#1253 = EDGE_CURVE ( 'NONE', #398, #1571, #75, .T. ) ;
#1254 = EDGE_LOOP ( 'NONE', ( #1617, #1273 ) ) ;
#1255 = DIRECTION ( 'NONE',  ( 0.000000000000000000, 0.000000000000000000, -1.000000000000000000 ) ) ;
#1256 = FACE_OUTER_BOUND ( 'NONE', #580, .T. ) ;
#1257 = DIRECTION ( 'NONE',  ( 0.000000000000000000, 0.000000000000000000, -1.000000000000000000 ) ) ;
#1258 = ORIENTED_EDGE ( 'NONE', *, *, #250, .T. ) ;
#1259 = ORIENTED_EDGE ( 'NONE', *, *, #1354, .T. ) ;
#1260 = EDGE_CURVE ( 'NONE', #529, #1583, #1487, .T. ) ;
#1261 = CARTESIAN_POINT ( 'NONE',  ( 1.600000000000000089, 1.750000000000000222, 1.562499999999998668 ) ) ;
#1262 = LINE ( 'NONE', #1437, #665 ) ;
#1263 = AXIS2_PLACEMENT_3D ( 'NONE', #124, #374, #1159 ) ;
#1264 = DIRECTION ( 'NONE',  ( 0.000000000000000000, 0.000000000000000000, -1.000000000000000000 ) ) ;
#1265 = AXIS2_PLACEMENT_3D ( 'NONE', #1393, #1385, #1255 ) ;
#1266 = SURFACE_STYLE_FILL_AREA ( #763 ) ;
#1267 = ORIENTED_EDGE ( 'NONE', *, *, #1126, .T. ) ;
#1268 = EDGE_LOOP ( 'NONE', ( #176, #687, #183, #1391 ) ) ;
#1269 = FACE_OUTER_BOUND ( 'NONE', #717, .T. ) ;
#1270 = EDGE_CURVE ( 'NONE', #1662, #983, #744, .T. ) ;
#1271 = DIRECTION ( 'NONE',  ( -1.000000000000000000, 0.000000000000000000, 0.000000000000000000 ) ) ;
#1272 = DIRECTION ( 'NONE',  ( 0.000000000000000000, 0.000000000000000000, 1.000000000000000000 ) ) ;
#1273 = ORIENTED_EDGE ( 'NONE', *, *, #156, .T. ) ;
#1274 = ORIENTED_EDGE ( 'NONE', *, *, #190, .T. ) ;
#1275 = EDGE_CURVE ( 'NONE', #305, #397, #463, .T. ) ;
#1276 =( CONVERSION_BASED_UNIT ( 'INCH', #1412 ) LENGTH_UNIT ( ) NAMED_UNIT ( #244 ) );
#1277 = ORIENTED_EDGE ( 'NONE', *, *, #815, .F. ) ;
#1278 = ORIENTED_EDGE ( 'NONE', *, *, #31, .F. ) ;
#1279 = PLANE ( 'NONE',  #1318 ) ;
#1280 = CIRCLE ( 'NONE', #310, 0.06200000000000004813 ) ;
#1281 = ADVANCED_FACE ( 'NONE', ( #355 ), #455, .T. ) ;
#1282 = AXIS2_PLACEMENT_3D ( 'NONE', #911, #11, #554 ) ;
#1283 = PLANE ( 'NONE',  #1263 ) ;
#1284 = ORIENTED_EDGE ( 'NONE', *, *, #1410, .F. ) ;
#1285 = VECTOR ( 'NONE', #814, 39.37007874015748143 ) ;
#1286 = ORIENTED_EDGE ( 'NONE', *, *, #634, .T. ) ;
#1287 = EDGE_CURVE ( 'NONE', #1662, #649, #1516, .T. ) ;
#1288 = EDGE_LOOP ( 'NONE', ( #1154, #393, #1071, #777 ) ) ;
#1289 = AXIS2_PLACEMENT_3D ( 'NONE', #813, #299, #179 ) ;
#1290 = LINE ( 'NONE', #271, #126 ) ;
#1291 = ORIENTED_EDGE ( 'NONE', *, *, #851, .T. ) ;
#1292 = CARTESIAN_POINT ( 'NONE',  ( 1.500000000000000222, 1.729999999999999760, 1.403899999999999260 ) ) ;
#1293 = ORIENTED_EDGE ( 'NONE', *, *, #825, .F. ) ;
#1294 = ORIENTED_EDGE ( 'NONE', *, *, #1039, .T. ) ;
#1295 = ORIENTED_EDGE ( 'NONE', *, *, #1640, .T. ) ;
#1296 = CARTESIAN_POINT ( 'NONE',  ( 1.454449666751735704, 0.9796776746926075807, -1.286422325307392311 ) ) ;
#1297 = EDGE_CURVE ( 'NONE', #438, #1215, #346, .T. ) ;
#1298 = FACE_BOUND ( 'NONE', #82, .T. ) ;
#1299 = ORIENTED_EDGE ( 'NONE', *, *, #1260, .F. ) ;
#1300 = DIRECTION ( 'NONE',  ( -0.000000000000000000, -0.000000000000000000, -1.000000000000000000 ) ) ;
#1301 = VERTEX_POINT ( 'NONE', #1436 ) ;
#1302 = EDGE_LOOP ( 'NONE', ( #1308, #1245, #624, #1093 ) ) ;
#1303 = LINE ( 'NONE', #152, #935 ) ;
#1304 = DIRECTION ( 'NONE',  ( 1.000000000000000000, 0.000000000000000000, 0.000000000000000000 ) ) ;
#1305 = ADVANCED_FACE ( 'NONE', ( #1409 ), #519, .F. ) ;
#1306 = FACE_OUTER_BOUND ( 'NONE', #1068, .T. ) ;
#1307 = ADVANCED_FACE ( 'NONE', ( #1552 ), #647, .F. ) ;
#1308 = ORIENTED_EDGE ( 'NONE', *, *, #1498, .T. ) ;
#1309 = DIRECTION ( 'NONE',  ( -1.000000000000000000, 0.000000000000000000, 0.000000000000000000 ) ) ;
#1310 = CARTESIAN_POINT ( 'NONE',  ( 1.381900000000000350, 1.975875507770424422, 1.290024492229574493 ) ) ;
#1311 = LINE ( 'NONE', #884, #1626 ) ;
#1312 = AXIS2_PLACEMENT_3D ( 'NONE', #23, #1460, #174 ) ;
#1313 = VERTEX_POINT ( 'NONE', #760 ) ;
#1314 = DIRECTION ( 'NONE',  ( -0.000000000000000000, 0.000000000000000000, -1.000000000000000000 ) ) ;
#1315 = AXIS2_PLACEMENT_3D ( 'NONE', #85, #466, #593 ) ;
#1316 = AXIS2_PLACEMENT_3D ( 'NONE', #1005, #1056, #1528 ) ;
#1317 = DIRECTION ( 'NONE',  ( 0.000000000000000000, 0.000000000000000000, -1.000000000000000000 ) ) ;
#1318 = AXIS2_PLACEMENT_3D ( 'NONE', #382, #1576, #1156 ) ;
#1319 = CARTESIAN_POINT ( 'NONE',  ( 1.500000000000000222, 2.000000000000000444, -1.499999999999999778 ) ) ;
#1320 = EDGE_CURVE ( 'NONE', #770, #398, #1671, .T. ) ;
#1321 = ORIENTED_EDGE ( 'NONE', *, *, #1242, .F. ) ;
#1322 = CARTESIAN_POINT ( 'NONE',  ( 1.349999999999999867, 1.750000000000000222, 1.687499999999998668 ) ) ;
#1323 = FACE_OUTER_BOUND ( 'NONE', #276, .T. ) ;
#1324 = CARTESIAN_POINT ( 'NONE',  ( 1.381900000000000350, 0.7341244922295752096, -1.399975507770425009 ) ) ;
#1325 = ORIENTED_EDGE ( 'NONE', *, *, #90, .T. ) ;
#1326 = CARTESIAN_POINT ( 'NONE',  ( 1.350000000000000089, 1.500000000000000444, -1.750000000000000000 ) ) ;
#1327 = ORIENTED_EDGE ( 'NONE', *, *, #301, .T. ) ;
#1328 = DIRECTION ( 'NONE',  ( 0.000000000000000000, 0.000000000000000000, -1.000000000000000000 ) ) ;
#1329 = CARTESIAN_POINT ( 'NONE',  ( 1.600000000000000089, 1.500000000000000666, -2.000000000000000000 ) ) ;
#1330 = CARTESIAN_POINT ( 'NONE',  ( 1.600000000000000089, 0.2500000000000006106, 1.624999999999998668 ) ) ;
#1331 = ORIENTED_EDGE ( 'NONE', *, *, #1379, .F. ) ;
#1332 = EDGE_LOOP ( 'NONE', ( #1538, #953 ) ) ;
#1333 = ADVANCED_FACE ( 'NONE', ( #792 ), #388, .T. ) ;
#1334 = DIRECTION ( 'NONE',  ( 1.000000000000000000, 0.000000000000000000, 0.000000000000000000 ) ) ;
#1335 = ORIENTED_EDGE ( 'NONE', *, *, #737, .F. ) ;
#1336 = CARTESIAN_POINT ( 'NONE',  ( 1.350000000000000089, 0.2500000000000000000, -2.000000000000000000 ) ) ;
#1337 = DIRECTION ( 'NONE',  ( 0.000000000000000000, 0.000000000000000000, -1.000000000000000000 ) ) ;
#1338 = PLANE ( 'NONE',  #583 ) ;
#1339 = EDGE_LOOP ( 'NONE', ( #268, #1147 ) ) ;
#1340 = DIRECTION ( 'NONE',  ( -1.000000000000000000, -0.000000000000000000, -4.553079989440439683E-16 ) ) ;
#1341 = EDGE_CURVE ( 'NONE', #305, #1361, #1557, .T. ) ;
#1342 = VECTOR ( 'NONE', #458, 39.37007874015748143 ) ;
#1343 = DIRECTION ( 'NONE',  ( 0.000000000000000000, -3.414809992080328037E-16, 1.000000000000000000 ) ) ;
#1344 = VECTOR ( 'NONE', #563, 39.37007874015748143 ) ;
#1345 = DIRECTION ( 'NONE',  ( -0.000000000000000000, -0.000000000000000000, -1.000000000000000000 ) ) ;
#1346 = VECTOR ( 'NONE', #857, 39.37007874015748143 ) ;
#1347 = CARTESIAN_POINT ( 'NONE',  ( 0.000000000000000000, 0.000000000000000000, 0.000000000000000000 ) ) ;
#1348 = CIRCLE ( 'NONE', #372, 0.06249999999999995143 ) ;
#1349 = CARTESIAN_POINT ( 'NONE',  ( 1.460600000000000342, 0.9799999999999999822, -1.404100000000000126 ) ) ;
#1350 = CARTESIAN_POINT ( 'NONE',  ( 1.349999999999999867, 1.750000000000000222, 1.624999999999998668 ) ) ;
#1351 = EDGE_LOOP ( 'NONE', ( #881, #1291, #963, #533 ) ) ;
#1352 = CYLINDRICAL_SURFACE ( 'NONE', #147, 0.06249999999999995143 ) ;
#1353 = PLANE ( 'NONE',  #892 ) ;
#1354 = EDGE_CURVE ( 'NONE', #1514, #364, #1415, .T. ) ;
#1355 = CARTESIAN_POINT ( 'NONE',  ( 1.600000000000001421, 0.2500000000000006106, -1.625000000000001332 ) ) ;
#1356 = DIRECTION ( 'NONE',  ( -0.000000000000000000, -0.000000000000000000, -1.000000000000000000 ) ) ;
#1357 = PLANE ( 'NONE',  #1149 ) ;
#1358 = PLANE ( 'NONE',  #887 ) ;
#1359 = VERTEX_POINT ( 'NONE', #513 ) ;
#1360 = VERTEX_POINT ( 'NONE', #896 ) ;
#1361 = VERTEX_POINT ( 'NONE', #248 ) ;
#1362 = DIRECTION ( 'NONE',  ( 0.000000000000000000, 1.000000000000000000, 0.000000000000000000 ) ) ;
#1363 = DIRECTION ( 'NONE',  ( 0.000000000000000000, 0.000000000000000000, 1.000000000000000000 ) ) ;
#1364 = ADVANCED_FACE ( 'NONE', ( #639 ), #1279, .T. ) ;
#1365 =( LENGTH_UNIT ( ) NAMED_UNIT ( * ) SI_UNIT ( $, .METRE. ) );
#1366 = EDGE_CURVE ( 'NONE', #448, #215, #1290, .T. ) ;
#1367 = DIRECTION ( 'NONE',  ( -1.000000000000000000, -0.000000000000000000, -4.553079989440439683E-16 ) ) ;
#1368 = CARTESIAN_POINT ( 'NONE',  ( 1.350000000000000089, 0.2500000000000000000, -2.000000000000000000 ) ) ;
#1369 = CARTESIAN_POINT ( 'NONE',  ( 1.600000000000000089, 0.2500000000000006106, 1.624999999999998668 ) ) ;
#1370 = ORIENTED_EDGE ( 'NONE', *, *, #378, .T. ) ;
#1371 = ORIENTED_EDGE ( 'NONE', *, *, #524, .F. ) ;
#1372 = PLANE ( 'NONE',  #909 ) ;
#1373 = CARTESIAN_POINT ( 'NONE',  ( 1.600000000000000089, 1.750000000000000222, 1.624999999999998668 ) ) ;
#1374 = VECTOR ( 'NONE', #306, 39.37007874015748143 ) ;
#1375 = VECTOR ( 'NONE', #1615, 39.37007874015748143 ) ;
#1376 = VECTOR ( 'NONE', #302, 39.37007874015748143 ) ;
#1377 = AXIS2_PLACEMENT_3D ( 'NONE', #532, #1659, #485 ) ;
#1378 = DIRECTION ( 'NONE',  ( 0.9986295347545738332, 0.000000000000000000, 0.05233595624294388321 ) ) ;
#1379 = EDGE_CURVE ( 'NONE', #1587, #1471, #142, .T. ) ;
#1380 = DIRECTION ( 'NONE',  ( 0.000000000000000000, 0.000000000000000000, 1.000000000000000000 ) ) ;
#1381 = VECTOR ( 'NONE', #1408, 39.37007874015748143 ) ;
#1382 = CARTESIAN_POINT ( 'NONE',  ( 1.350000000000000089, 1.500000000000000666, -2.000000000000000000 ) ) ;
#1383 = ORIENTED_EDGE ( 'NONE', *, *, #960, .T. ) ;
#1384 = ORIENTED_EDGE ( 'NONE', *, *, #802, .T. ) ;
#1385 = DIRECTION ( 'NONE',  ( 1.000000000000000000, 0.000000000000000000, 0.000000000000000000 ) ) ;
#1386 = CARTESIAN_POINT ( 'NONE',  ( 1.460600000000000342, 1.729999999999999760, 1.285899999999999155 ) ) ;
#1387 = FACE_OUTER_BOUND ( 'NONE', #1638, .T. ) ;
#1388 = DIRECTION ( 'NONE',  ( 0.000000000000000000, 0.000000000000000000, -1.000000000000000000 ) ) ;
#1389 = DIRECTION ( 'NONE',  ( 1.000000000000000000, 0.000000000000000000, 0.000000000000000000 ) ) ;
#1390 = DIRECTION ( 'NONE',  ( 0.000000000000000000, 0.000000000000000000, -1.000000000000000000 ) ) ;
#1391 = ORIENTED_EDGE ( 'NONE', *, *, #1498, .F. ) ;
#1392 = ORIENTED_EDGE ( 'NONE', *, *, #1444, .F. ) ;
#1393 = CARTESIAN_POINT ( 'NONE',  ( 1.600000000000000089, 1.750000000000000444, -2.000000000000000000 ) ) ;
#1394 = CARTESIAN_POINT ( 'NONE',  ( 1.460600000000000342, 0.9799999999999999822, -1.286100000000000243 ) ) ;
#1395 = DIRECTION ( 'NONE',  ( 1.000000000000000000, 0.000000000000000000, 0.000000000000000000 ) ) ;
#1396 = FACE_OUTER_BOUND ( 'NONE', #1055, .T. ) ;
#1397 = ORIENTED_EDGE ( 'NONE', *, *, #250, .F. ) ;
#1398 = ORIENTED_EDGE ( 'NONE', *, *, #818, .F. ) ;
#1399 = DIRECTION ( 'NONE',  ( 0.000000000000000000, -1.000000000000000000, 0.000000000000000000 ) ) ;
#1400 = ADVANCED_FACE ( 'NONE', ( #114 ), #633, .F. ) ;
#1401 = PLANE ( 'NONE',  #345 ) ;
#1402 = CIRCLE ( 'NONE', #664, 0.06249999999999995143 ) ;
#1403 = CARTESIAN_POINT ( 'NONE',  ( 1.350000000000000089, 2.000000000000000444, -2.000000000000000000 ) ) ;
#1404 = VECTOR ( 'NONE', #400, 39.37007874015748143 ) ;
#1405 = ORIENTED_EDGE ( 'NONE', *, *, #21, .T. ) ;
#1406 = CIRCLE ( 'NONE', #1549, 0.06249999999999995143 ) ;
#1407 = ORIENTED_EDGE ( 'NONE', *, *, #108, .T. ) ;
#1408 = DIRECTION ( 'NONE',  ( -1.000000000000000000, -0.000000000000000000, -0.000000000000000000 ) ) ;
#1409 = FACE_OUTER_BOUND ( 'NONE', #1574, .T. ) ;
#1410 = EDGE_CURVE ( 'NONE', #597, #1480, #531, .T. ) ;
#1411 = EDGE_CURVE ( 'NONE', #1031, #448, #1028, .T. ) ;
#1412 = LENGTH_MEASURE_WITH_UNIT ( LENGTH_MEASURE( 0.02539999999999999897 ), #1547 );
#1413 = VERTEX_POINT ( 'NONE', #1577 ) ;
#1414 = ORIENTED_EDGE ( 'NONE', *, *, #127, .T. ) ;
#1415 = LINE ( 'NONE', #1296, #776 ) ;
#1416 = EDGE_CURVE ( 'NONE', #506, #282, #868, .T. ) ;
#1417 = FACE_BOUND ( 'NONE', #129, .T. ) ;
#1418 = ORIENTED_EDGE ( 'NONE', *, *, #573, .T. ) ;
#1419 = CARTESIAN_POINT ( 'NONE',  ( 1.460600000000000342, 1.979999999999999982, 1.285899999999999155 ) ) ;
#1420 = ORIENTED_EDGE ( 'NONE', *, *, #293, .F. ) ;
#1421 = EDGE_CURVE ( 'NONE', #365, #1173, #1348, .T. ) ;
#1422 = VECTOR ( 'NONE', #379, 39.37007874015748143 ) ;
#1423 = CARTESIAN_POINT ( 'NONE',  ( 1.349999999999999867, 2.000000000000000444, 1.499999999999999778 ) ) ;
#1424 = ORIENTED_EDGE ( 'NONE', *, *, #914, .T. ) ;
#1425 = VECTOR ( 'NONE', #592, 39.37007874015748143 ) ;
#1426 = VERTEX_POINT ( 'NONE', #164 ) ;
#1427 = VECTOR ( 'NONE', #1579, 39.37007874015748143 ) ;
#1428 = CARTESIAN_POINT ( 'NONE',  ( 1.381900000000000350, 1.979999999999999982, -1.399975507770425232 ) ) ;
#1429 = CARTESIAN_POINT ( 'NONE',  ( 1.350000000000000089, 0.2500000000000000000, -2.000000000000000000 ) ) ;
#1430 = ORIENTED_EDGE ( 'NONE', *, *, #976, .T. ) ;
#1431 = LINE ( 'NONE', #1053, #773 ) ;
#1432 = LINE ( 'NONE', #789, #38 ) ;
#1433 = EDGE_CURVE ( 'NONE', #1573, #35, #1406, .T. ) ;
#1434 = ORIENTED_EDGE ( 'NONE', *, *, #745, .F. ) ;
#1435 = ORIENTED_EDGE ( 'NONE', *, *, #1287, .F. ) ;
#1436 = CARTESIAN_POINT ( 'NONE',  ( 1.460600000000000342, 1.729999999999999760, 1.285899999999999155 ) ) ;
#1437 = CARTESIAN_POINT ( 'NONE',  ( 1.500000000000000222, 1.729999999999999760, -1.286100000000000465 ) ) ;
#1438 = CARTESIAN_POINT ( 'NONE',  ( 1.349999999999999867, 0.2500000000000006106, 1.687499999999998668 ) ) ;
#1439 = ORIENTED_EDGE ( 'NONE', *, *, #394, .F. ) ;
#1440 = DIRECTION ( 'NONE',  ( 0.000000000000000000, 0.000000000000000000, -1.000000000000000000 ) ) ;
#1441 = DIRECTION ( 'NONE',  ( 0.9972646886342373396, -0.05226442768871395611, -0.05226442768871396999 ) ) ;
#1442 = ORIENTED_EDGE ( 'NONE', *, *, #1640, .F. ) ;
#1443 = CARTESIAN_POINT ( 'NONE',  ( 1.381900000000000350, 0.9758755077704244218, -1.399975507770425009 ) ) ;
#1444 = EDGE_CURVE ( 'NONE', #1599, #769, #1072, .T. ) ;
#1445 = DIRECTION ( 'NONE',  ( 1.000000000000000000, 0.000000000000000000, 0.000000000000000000 ) ) ;
#1446 = ORIENTED_EDGE ( 'NONE', *, *, #1219, .T. ) ;
#1447 = LINE ( 'NONE', #1080, #10 ) ;
#1448 = ORIENTED_EDGE ( 'NONE', *, *, #785, .T. ) ;
#1449 = AXIS2_PLACEMENT_3D ( 'NONE', #192, #1130, #1643 ) ;
#1450 = CARTESIAN_POINT ( 'NONE',  ( 1.350000000000000089, 0.5000000000000000000, -2.000000000000000000 ) ) ;
#1451 = VECTOR ( 'NONE', #408, 39.37007874015748143 ) ;
#1452 = ORIENTED_EDGE ( 'NONE', *, *, #673, .T. ) ;
#1453 = AXIS2_PLACEMENT_3D ( 'NONE', #1210, #801, #1110 ) ;
#1454 = CARTESIAN_POINT ( 'NONE',  ( 1.349999999999999867, 1.750000000000000222, -1.625000000000001332 ) ) ;
#1455 = DIRECTION ( 'NONE',  ( -0.000000000000000000, 0.000000000000000000, 1.000000000000000000 ) ) ;
#1456 = EDGE_CURVE ( 'NONE', #848, #1413, #1217, .T. ) ;
#1457 = ORIENTED_EDGE ( 'NONE', *, *, #394, .T. ) ;
#1458 = DIRECTION ( 'NONE',  ( 0.000000000000000000, 0.000000000000000000, -1.000000000000000000 ) ) ;
#1459 = CARTESIAN_POINT ( 'NONE',  ( 1.350000000000000089, 0.2500000000000000000, -2.000000000000000000 ) ) ;
#1460 = DIRECTION ( 'NONE',  ( 1.000000000000000000, 0.000000000000000000, 0.000000000000000000 ) ) ;
#1461 = UNCERTAINTY_MEASURE_WITH_UNIT (LENGTH_MEASURE( 1.000000000000000082E-05 ), #830, 'distance_accuracy_value', 'NONE');
#1462 = ORIENTED_EDGE ( 'NONE', *, *, #1636, .T. ) ;
#1463 = CARTESIAN_POINT ( 'NONE',  ( 1.460600000000000342, 1.979999999999999982, -1.404100000000000570 ) ) ;
#1464 = PLANE ( 'NONE',  #1157 ) ;
#1465 = DIRECTION ( 'NONE',  ( -1.000000000000000000, 0.000000000000000000, 0.000000000000000000 ) ) ;
#1466 = CARTESIAN_POINT ( 'NONE',  ( 1.600000000000000089, 0.2500000000000006106, 1.562499999999998668 ) ) ;
#1467 = EDGE_CURVE ( 'NONE', #401, #1587, #1097, .T. ) ;
#1468 = DIRECTION ( 'NONE',  ( -0.000000000000000000, -1.000000000000000000, -0.000000000000000000 ) ) ;
#1469 = ADVANCED_FACE ( 'NONE', ( #1063 ), #934, .T. ) ;
#1470 = ORIENTED_EDGE ( 'NONE', *, *, #1163, .F. ) ;
#1471 = VERTEX_POINT ( 'NONE', #688 ) ;
#1472 = DIRECTION ( 'NONE',  ( -1.000000000000000000, 0.000000000000000000, 0.000000000000000000 ) ) ;
#1473 = EDGE_CURVE ( 'NONE', #1514, #401, #849, .T. ) ;
#1474 = FACE_OUTER_BOUND ( 'NONE', #1194, .T. ) ;
#1475 = DIRECTION ( 'NONE',  ( -0.000000000000000000, -0.000000000000000000, -1.000000000000000000 ) ) ;
#1476 = CARTESIAN_POINT ( 'NONE',  ( 1.350000000000000089, 1.750000000000000444, -2.062500000000000000 ) ) ;
#1477 = DIRECTION ( 'NONE',  ( 1.000000000000000000, 0.000000000000000000, 0.000000000000000000 ) ) ;
#1478 = UNCERTAINTY_MEASURE_WITH_UNIT (LENGTH_MEASURE( 1.000000000000000082E-05 ), #1276, 'distance_accuracy_value', 'NONE');
#1479 = EDGE_CURVE ( 'NONE', #790, #497, #1521, .T. ) ;
#1480 = VERTEX_POINT ( 'NONE', #1208 ) ;
#1481 = DIRECTION ( 'NONE',  ( -0.000000000000000000, -0.000000000000000000, 1.000000000000000000 ) ) ;
#1482 = DIRECTION ( 'NONE',  ( 0.000000000000000000, 1.000000000000000000, 0.000000000000000000 ) ) ;
#1483 = VECTOR ( 'NONE', #186, 39.37007874015748143 ) ;
#1484 = DIRECTION ( 'NONE',  ( -0.000000000000000000, -0.000000000000000000, -1.000000000000000000 ) ) ;
#1485 = AXIS2_PLACEMENT_3D ( 'NONE', #333, #854, #713 ) ;
#1486 = LINE ( 'NONE', #1613, #13 ) ;
#1487 = CIRCLE ( 'NONE', #692, 0.06249999999999995143 ) ;
#1488 = APPLICATION_PROTOCOL_DEFINITION ( 'draft international standard', 'automotive_design', 1998, #959 ) ;
#1489 = AXIS2_PLACEMENT_3D ( 'NONE', #1038, #916, #264 ) ;
#1490 = ORIENTED_EDGE ( 'NONE', *, *, #1270, .T. ) ;
#1491 = FACE_OUTER_BOUND ( 'NONE', #1036, .T. ) ;
#1492 = CARTESIAN_POINT ( 'NONE',  ( 1.600000000000001421, 1.750000000000000222, -1.687500000000001332 ) ) ;
#1493 = EDGE_LOOP ( 'NONE', ( #1018, #470, #826, #1397 ) ) ;
#1494 = DIRECTION ( 'NONE',  ( -1.000000000000000000, -0.000000000000000000, -4.553079989440439683E-16 ) ) ;
#1495 = VERTEX_POINT ( 'NONE', #1604 ) ;
#1496 = FACE_OUTER_BOUND ( 'NONE', #1037, .T. ) ;
#1497 = DIRECTION ( 'NONE',  ( -0.05233595624294389015, 0.000000000000000000, -0.9986295347545739443 ) ) ;
#1498 = EDGE_CURVE ( 'NONE', #1313, #632, #679, .T. ) ;
#1499 = DIRECTION ( 'NONE',  ( 0.9972646886342373396, -0.05226442768871395611, 0.05226442768871396999 ) ) ;
#1500 = FACE_OUTER_BOUND ( 'NONE', #252, .T. ) ;
#1501 = CARTESIAN_POINT ( 'NONE',  ( 1.600000000000000089, 0.2500000000000000000, -1.937999999999999945 ) ) ;
#1502 = CARTESIAN_POINT ( 'NONE',  ( 1.460600000000000342, 1.979999999999999982, 1.403899999999999260 ) ) ;
#1503 = CARTESIAN_POINT ( 'NONE',  ( 1.500000000000000222, 0.09999999999999976963, 1.500000000000000888 ) ) ;
#1504 = ORIENTED_EDGE ( 'NONE', *, *, #411, .F. ) ;
#1505 = PRODUCT ( 'RLiftMountV2', 'RLiftMountV2', '', ( #91 ) ) ;
#1506 = CARTESIAN_POINT ( 'NONE',  ( 1.600000000000001421, 1.750000000000000222, -1.562500000000001332 ) ) ;
#1507 = EDGE_CURVE ( 'NONE', #787, #1088, #560, .T. ) ;
#1508 = CARTESIAN_POINT ( 'NONE',  ( 1.447569632948592311, 1.730682892600407197, -1.286782892600407902 ) ) ;
#1509 = ORIENTED_EDGE ( 'NONE', *, *, #1602, .F. ) ;
#1510 = CARTESIAN_POINT ( 'NONE',  ( 1.600000000000000089, 0.5000000000000000000, -1.750000000000000000 ) ) ;
#1511 = DIRECTION ( 'NONE',  ( -1.000000000000000000, -0.000000000000000000, -4.553079989440439683E-16 ) ) ;
#1512 = DIRECTION ( 'NONE',  ( 0.000000000000000000, -1.000000000000000000, 0.000000000000000000 ) ) ;
#1513 = ORIENTED_EDGE ( 'NONE', *, *, #1015, .T. ) ;
#1514 = VERTEX_POINT ( 'NONE', #977 ) ;
#1515 = LINE ( 'NONE', #889, #1381 ) ;
#1516 = LINE ( 'NONE', #489, #1346 ) ;
#1517 = AXIS2_PLACEMENT_3D ( 'NONE', #44, #954, #24 ) ;
#1518 = VECTOR ( 'NONE', #669, 39.37007874015748143 ) ;
#1519 = ADVANCED_FACE ( 'NONE', ( #1474 ), #1464, .F. ) ;
#1520 = VECTOR ( 'NONE', #539, 39.37007874015748143 ) ;
#1521 = CIRCLE ( 'NONE', #1289, 0.2499999999999998057 ) ;
#1522 = DIRECTION ( 'NONE',  ( 1.000000000000000000, -0.000000000000000000, -0.000000000000000000 ) ) ;
#1523 = LINE ( 'NONE', #1092, #1483 ) ;
#1524 = DIRECTION ( 'NONE',  ( 1.000000000000000000, 0.000000000000000000, 0.000000000000000000 ) ) ;
#1525 = ORIENTED_EDGE ( 'NONE', *, *, #181, .F. ) ;
#1526 = VERTEX_POINT ( 'NONE', #840 ) ;
#1527 = LINE ( 'NONE', #1506, #997 ) ;
#1528 = DIRECTION ( 'NONE',  ( 0.000000000000000000, 0.000000000000000000, -1.000000000000000000 ) ) ;
#1529 = CARTESIAN_POINT ( 'NONE',  ( 1.600000000000000089, 0.5000000000000000000, -2.000000000000000000 ) ) ;
#1530 = ADVANCED_FACE ( 'NONE', ( #1496 ), #1353, .T. ) ;
#1531 = PRESENTATION_STYLE_ASSIGNMENT (( #385 ) ) ;
#1532 = ORIENTED_EDGE ( 'NONE', *, *, #1560, .F. ) ;
#1533 = ORIENTED_EDGE ( 'NONE', *, *, #1039, .F. ) ;
#1534 = CARTESIAN_POINT ( 'NONE',  ( 1.460600000000000342, 1.979999999999999982, 1.403899999999999260 ) ) ;
#1535 = DIRECTION ( 'NONE',  ( 0.000000000000000000, 1.000000000000000000, 0.000000000000000000 ) ) ;
#1536 = FACE_OUTER_BOUND ( 'NONE', #779, .T. ) ;
#1537 = CARTESIAN_POINT ( 'NONE',  ( 1.350000000000000089, 2.000000000000000444, -2.000000000000000000 ) ) ;
#1538 = ORIENTED_EDGE ( 'NONE', *, *, #90, .F. ) ;
#1539 = ADVANCED_FACE ( 'NONE', ( #25 ), #1198, .F. ) ;
#1540 = DIRECTION ( 'NONE',  ( -0.000000000000000000, -1.000000000000000000, -0.000000000000000000 ) ) ;
#1541 = EDGE_CURVE ( 'NONE', #728, #506, #231, .T. ) ;
#1542 = CIRCLE ( 'NONE', #800, 0.2499999999999998057 ) ;
#1543 = CARTESIAN_POINT ( 'NONE',  ( 1.600000000000000089, 2.000000000000000444, -1.599999999999999867 ) ) ;
#1544 = VECTOR ( 'NONE', #1132, 39.37007874015748143 ) ;
#1545 = LINE ( 'NONE', #486, #859 ) ;
#1546 = VECTOR ( 'NONE', #1075, 39.37007874015748143 ) ;
#1547 =( LENGTH_UNIT ( ) NAMED_UNIT ( * ) SI_UNIT ( $, .METRE. ) );
#1548 = ORIENTED_EDGE ( 'NONE', *, *, #1607, .T. ) ;
#1549 = AXIS2_PLACEMENT_3D ( 'NONE', #307, #827, #578 ) ;
#1550 = ORIENTED_EDGE ( 'NONE', *, *, #924, .T. ) ;
#1551 = EDGE_CURVE ( 'NONE', #820, #726, #1515, .T. ) ;
#1552 = FACE_OUTER_BOUND ( 'NONE', #1096, .T. ) ;
#1553 = ADVANCED_FACE ( 'NONE', ( #241 ), #1372, .F. ) ;
#1554 = DIRECTION ( 'NONE',  ( -0.05233595624294388321, -0.9986295347545739443, 0.000000000000000000 ) ) ;
#1555 = VERTEX_POINT ( 'NONE', #1326 ) ;
#1556 = EDGE_LOOP ( 'NONE', ( #806, #1299, #1370, #1134 ) ) ;
#1557 = LINE ( 'NONE', #1428, #422 ) ;
#1558 = EDGE_CURVE ( 'NONE', #229, #27, #576, .T. ) ;
#1559 = ORIENTED_EDGE ( 'NONE', *, *, #1560, .T. ) ;
#1560 = EDGE_CURVE ( 'NONE', #1426, #643, #153, .T. ) ;
#1561 = PLANE ( 'NONE',  #614 ) ;
#1562 = VERTEX_POINT ( 'NONE', #478 ) ;
#1563 = ORIENTED_EDGE ( 'NONE', *, *, #1163, .T. ) ;
#1564 = DIRECTION ( 'NONE',  ( 1.000000000000000000, 0.000000000000000000, 0.000000000000000000 ) ) ;
#1565 = EDGE_CURVE ( 'NONE', #493, #282, #324, .T. ) ;
#1566 = CIRCLE ( 'NONE', #1517, 0.06249999999999995143 ) ;
#1567 = ORIENTED_EDGE ( 'NONE', *, *, #1193, .F. ) ;
#1568 = VECTOR ( 'NONE', #575, 39.37007874015748143 ) ;
#1569 = DIRECTION ( 'NONE',  ( 0.000000000000000000, 0.000000000000000000, 1.000000000000000000 ) ) ;
#1570 = ADVANCED_FACE ( 'NONE', ( #714 ), #725, .F. ) ;
#1571 = VERTEX_POINT ( 'NONE', #1503 ) ;
#1572 = CIRCLE ( 'NONE', #1603, 0.06249999999999995143 ) ;
#1573 = VERTEX_POINT ( 'NONE', #1107 ) ;
#1574 = EDGE_LOOP ( 'NONE', ( #1407, #251, #1434, #704 ) ) ;
#1575 = PRODUCT_DEFINITION_FORMATION_WITH_SPECIFIED_SOURCE ( 'ANY', '', #1505, .NOT_KNOWN. ) ;
#1576 = DIRECTION ( 'NONE',  ( -0.000000000000000000, 1.000000000000000000, 3.414809992080328037E-16 ) ) ;
#1577 = CARTESIAN_POINT ( 'NONE',  ( 1.350000000000000089, 0.4999999999999999445, -1.750000000000000000 ) ) ;
#1578 = DIRECTION ( 'NONE',  ( 0.000000000000000000, -0.000000000000000000, -1.000000000000000000 ) ) ;
#1579 = DIRECTION ( 'NONE',  ( -0.000000000000000000, -0.000000000000000000, 1.000000000000000000 ) ) ;
#1580 = ORIENTED_EDGE ( 'NONE', *, *, #699, .T. ) ;
#1581 = LINE ( 'NONE', #166, #862 ) ;
#1582 = FACE_OUTER_BOUND ( 'NONE', #1682, .T. ) ;
#1583 = VERTEX_POINT ( 'NONE', #612 ) ;
#1584 = EDGE_CURVE ( 'NONE', #1088, #820, #990, .T. ) ;
#1585 = CARTESIAN_POINT ( 'NONE',  ( 1.460600000000000342, 1.979999999999999982, -1.404100000000000570 ) ) ;
#1586 = DIRECTION ( 'NONE',  ( 0.000000000000000000, -1.000000000000000000, -6.829619984160656074E-16 ) ) ;
#1587 = VERTEX_POINT ( 'NONE', #564 ) ;
#1588 = DIRECTION ( 'NONE',  ( 1.000000000000000000, 0.000000000000000000, 0.000000000000000000 ) ) ;
#1589 = CARTESIAN_POINT ( 'NONE',  ( 1.500000000000001110, 0.09999999999999976963, -1.499999999999999334 ) ) ;
#1590 = PLANE ( 'NONE',  #1177 ) ;
#1591 = EDGE_CURVE ( 'NONE', #1583, #1359, #29, .T. ) ;
#1592 = DIRECTION ( 'NONE',  ( 1.000000000000000000, 0.000000000000000000, 0.000000000000000000 ) ) ;
#1593 = DIRECTION ( 'NONE',  ( 0.000000000000000000, 0.000000000000000000, 1.000000000000000000 ) ) ;
#1594 = DIRECTION ( 'NONE',  ( 0.9972646886342373396, 0.05226442768871395611, 0.05226442768871396999 ) ) ;
#1595 = EDGE_LOOP ( 'NONE', ( #125, #344 ) ) ;
#1596 = CARTESIAN_POINT ( 'NONE',  ( 1.460600000000000342, 0.9799999999999999822, -1.404100000000000126 ) ) ;
#1597 = VECTOR ( 'NONE', #277, 39.37007874015748143 ) ;
#1598 = CARTESIAN_POINT ( 'NONE',  ( 1.500000000000000222, 0.7299999999999998712, -1.404100000000000126 ) ) ;
#1599 = VERTEX_POINT ( 'NONE', #1310 ) ;
#1600 = CARTESIAN_POINT ( 'NONE',  ( 1.500000000000000222, 1.979999999999999982, 1.285899999999999155 ) ) ;
#1601 = CIRCLE ( 'NONE', #1316, 0.2499999999999998057 ) ;
#1602 = EDGE_CURVE ( 'NONE', #604, #1526, #285, .T. ) ;
#1603 = AXIS2_PLACEMENT_3D ( 'NONE', #207, #232, #753 ) ;
#1604 = CARTESIAN_POINT ( 'NONE',  ( 1.500000000000000222, 1.979999999999999982, -1.286100000000000465 ) ) ;
#1605 = LINE ( 'NONE', #432, #1285 ) ;
#1606 = VECTOR ( 'NONE', #1045, 39.37007874015748143 ) ;
#1607 = EDGE_CURVE ( 'NONE', #1088, #506, #535, .T. ) ;
#1608 = DIRECTION ( 'NONE',  ( 0.9972646886342373396, -0.05226442768871395611, 0.05226442768871396999 ) ) ;
#1609 = ORIENTED_EDGE ( 'NONE', *, *, #1411, .F. ) ;
#1610 = ORIENTED_EDGE ( 'NONE', *, *, #1205, .F. ) ;
#1611 = FACE_OUTER_BOUND ( 'NONE', #360, .T. ) ;
#1612 = CARTESIAN_POINT ( 'NONE',  ( 1.460600000000000342, 1.979999999999999982, 1.285899999999999155 ) ) ;
#1613 = CARTESIAN_POINT ( 'NONE',  ( 1.600000000000000089, 2.000000000000000444, -1.599999999999999867 ) ) ;
#1614 = ADVANCED_FACE ( 'NONE', ( #1323 ), #943, .T. ) ;
#1615 = DIRECTION ( 'NONE',  ( -1.000000000000000000, -0.000000000000000000, -4.553079989440439683E-16 ) ) ;
#1616 = ORIENTED_EDGE ( 'NONE', *, *, #337, .F. ) ;
#1617 = ORIENTED_EDGE ( 'NONE', *, *, #1260, .T. ) ;
#1618 = FACE_OUTER_BOUND ( 'NONE', #651, .T. ) ;
#1619 = FACE_OUTER_BOUND ( 'NONE', #1035, .T. ) ;
#1620 = DIRECTION ( 'NONE',  ( 1.000000000000000000, 0.000000000000000000, 0.000000000000000000 ) ) ;
#1621 = EDGE_CURVE ( 'NONE', #894, #88, #958, .T. ) ;
#1622 = CARTESIAN_POINT ( 'NONE',  ( 1.460600000000000342, 1.979999999999999982, -1.286100000000000465 ) ) ;
#1623 = ORIENTED_EDGE ( 'NONE', *, *, #1621, .T. ) ;
#1624 = CARTESIAN_POINT ( 'NONE',  ( 1.500000000000000222, 1.729999999999999760, 1.403899999999999260 ) ) ;
#1625 = VERTEX_POINT ( 'NONE', #1476 ) ;
#1626 = VECTOR ( 'NONE', #1667, 39.37007874015748854 ) ;
#1627 = VERTEX_POINT ( 'NONE', #1438 ) ;
#1628 = AXIS2_PLACEMENT_3D ( 'NONE', #1369, #594, #989 ) ;
#1629 = DIRECTION ( 'NONE',  ( 0.000000000000000000, 0.000000000000000000, 1.000000000000000000 ) ) ;
#1630 = AXIS2_PLACEMENT_3D ( 'NONE', #1543, #1271, #390 ) ;
#1631 = VECTOR ( 'NONE', #197, 39.37007874015748143 ) ;
#1632 = CYLINDRICAL_SURFACE ( 'NONE', #727, 0.06200000000000004813 ) ;
#1633 = DIRECTION ( 'NONE',  ( -4.553079989440439683E-16, 0.000000000000000000, 1.000000000000000000 ) ) ;
#1634 = LINE ( 'NONE', #838, #640 ) ;
#1635 = ORIENTED_EDGE ( 'NONE', *, *, #938, .T. ) ;
#1636 = EDGE_CURVE ( 'NONE', #117, #128, #786, .T. ) ;
#1637 = ORIENTED_EDGE ( 'NONE', *, *, #199, .F. ) ;
#1638 = EDGE_LOOP ( 'NONE', ( #1277, #899, #1190, #288 ) ) ;
#1639 = CARTESIAN_POINT ( 'NONE',  ( -1.500000000000000222, 2.000000000000000444, -1.499999999999999778 ) ) ;
#1640 = EDGE_CURVE ( 'NONE', #652, #559, #656, .T. ) ;
#1641 = FACE_OUTER_BOUND ( 'NONE', #675, .T. ) ;
#1642 = CARTESIAN_POINT ( 'NONE',  ( 1.349999999999999867, 0.000000000000000000, 1.750000000000000000 ) ) ;
#1643 = DIRECTION ( 'NONE',  ( 0.000000000000000000, 0.000000000000000000, -1.000000000000000000 ) ) ;
#1644 = DIRECTION ( 'NONE',  ( 0.000000000000000000, 0.000000000000000000, -1.000000000000000000 ) ) ;
#1645 = EDGE_LOOP ( 'NONE', ( #735, #716, #844, #1295 ) ) ;
#1646 = EDGE_LOOP ( 'NONE', ( #750, #1040 ) ) ;
#1647 = LINE ( 'NONE', #607, #864 ) ;
#1648 = DIRECTION ( 'NONE',  ( 1.000000000000000000, 0.000000000000000000, 0.000000000000000000 ) ) ;
#1649 = CYLINDRICAL_SURFACE ( 'NONE', #173, 0.06249999999999995143 ) ;
#1650 = CARTESIAN_POINT ( 'NONE',  ( 1.349999999999999867, 0.2500000000000006106, 1.624999999999998668 ) ) ;
#1651 = ORIENTED_EDGE ( 'NONE', *, *, #1674, .T. ) ;
#1652 = FACE_OUTER_BOUND ( 'NONE', #657, .T. ) ;
#1653 = CIRCLE ( 'NONE', #586, 0.06249999999999995143 ) ;
#1654 = VECTOR ( 'NONE', #928, 39.37007874015748143 ) ;
#1655 = LENGTH_MEASURE_WITH_UNIT ( LENGTH_MEASURE( 0.02539999999999999897 ), #1365 );
#1656 = VECTOR ( 'NONE', #1003, 39.37007874015748143 ) ;
#1657 = EDGE_CURVE ( 'NONE', #132, #195, #1050, .T. ) ;
#1658 = VECTOR ( 'NONE', #809, 39.37007874015748143 ) ;
#1659 = DIRECTION ( 'NONE',  ( -1.000000000000000000, 0.000000000000000000, -4.553079989440439683E-16 ) ) ;
#1660 = CARTESIAN_POINT ( 'NONE',  ( 1.460600000000000342, 1.979999999999999982, -1.286100000000000465 ) ) ;
#1661 = DIRECTION ( 'NONE',  ( 0.9986295347545738332, -0.05233595624294387627, 0.000000000000000000 ) ) ;
#1662 = VERTEX_POINT ( 'NONE', #1319 ) ;
#1663 = VERTEX_POINT ( 'NONE', #1189 ) ;
#1664 = CARTESIAN_POINT ( 'NONE',  ( 1.460600000000000342, 1.979999999999999982, 1.285899999999999155 ) ) ;
#1665 = CARTESIAN_POINT ( 'NONE',  ( 1.460600000000000342, 1.729999999999999760, -1.286100000000000465 ) ) ;
#1666 = EDGE_CURVE ( 'NONE', #769, #1301, #540, .T. ) ;
#1667 = DIRECTION ( 'NONE',  ( 0.9972646886342373396, -0.05226442768871395611, -0.05226442768871396999 ) ) ;
#1668 = CARTESIAN_POINT ( 'NONE',  ( 1.600000000000000089, 1.500000000000000666, -1.750000000000000000 ) ) ;
#1669 = EDGE_LOOP ( 'NONE', ( #526, #780, #1274, #335 ) ) ;
#1670 = ORIENTED_EDGE ( 'NONE', *, *, #1541, .T. ) ;
#1671 = LINE ( 'NONE', #905, #1606 ) ;
#1672 = DIRECTION ( 'NONE',  ( 0.000000000000000000, 6.829619984160656074E-16, -1.000000000000000000 ) ) ;
#1673 = DIRECTION ( 'NONE',  ( -0.05233595624294389015, 0.000000000000000000, 0.9986295347545739443 ) ) ;
#1674 = EDGE_CURVE ( 'NONE', #1158, #604, #58, .T. ) ;
#1675 = FACE_BOUND ( 'NONE', #913, .T. ) ;
#1676 = ORIENTED_EDGE ( 'NONE', *, *, #1181, .F. ) ;
#1677 = EDGE_LOOP ( 'NONE', ( #240, #678, #87, #1420 ) ) ;
#1678 = ADVANCED_FACE ( 'NONE', ( #1641, #569, #1111, #330 ), #473, .T. ) ;
#1679 = AXIS2_PLACEMENT_3D ( 'NONE', #16, #298, #821 ) ;
#1680 = CIRCLE ( 'NONE', #416, 0.06249999999999995143 ) ;
#1681 = VECTOR ( 'NONE', #319, 39.37007874015748143 ) ;
#1682 = EDGE_LOOP ( 'NONE', ( #1169, #135, #1237, #3 ) ) ;
#1683 = ORIENTED_EDGE ( 'NONE', *, *, #1657, .T. ) ;
#1684 = ORIENTED_EDGE ( 'NONE', *, *, #1473, .F. ) ;
#1685 = EDGE_CURVE ( 'NONE', #1301, #652, #1248, .T. ) ;
#1686 = ORIENTED_EDGE ( 'NONE', *, *, #383, .F. ) ;
#1687 = DIRECTION ( 'NONE',  ( -0.9986295347545738332, 0.000000000000000000, 0.05233595624294388321 ) ) ;
#1688 = ORIENTED_EDGE ( 'NONE', *, *, #722, .F. ) ;
#1689 = ORIENTED_EDGE ( 'NONE', *, *, #1621, .F. ) ;
ENDSEC;
END-ISO-10303-21;
