0 1019 0 1 112 22 0 1000 7000 0 1 1 0 1000 50 35000
0 1018 0 1 135 23 0 1000 7000 0 1 1 0 1000 50 35000
0 1013 0 1 157 22 0 1000 7000 0 1 1 0 1000 50 35000
0 1020 0 1 179 22 0 1000 7000 0 1 1 0 1000 50 35000
0 1019 0 1 201 22 0 1000 7000 0 1 1 0 1000 50 35000
0 1017 0 1 224 23 0 1000 7000 0 1 1 0 1000 50 35000
0 1019 0 1 246 22 0 1000 7000 0 1 1 0 1000 50 35000
0 1018 0 1 269 23 0 1000 7000 0 1 1 0 1000 50 35000
0 1018 0 1 291 22 0 1000 7000 0 1 1 0 1000 50 35000
0 1021 0 1 314 23 0 1000 7000 0 1 1 0 1000 50 35000
0 1017 0 1 336 22 0 1000 7000 0 1 1 0 1000 50 35000
0 1018 0 1 359 23 0 1000 7000 0 1 1 0 1000 50 35000
0 1023 0 1 381 22 0 1000 7000 0 1 1 0 1000 50 35000
0 1017 0 1 404 23 0 1000 7000 0 1 1 0 1000 50 35000
0 1018 0 1 427 23 0 1000 7000 0 1 1 0 1000 50 35000
0 1021 0 1 449 22 0 1000 7000 0 1 1 0 1000 50 35000
0 1017 0 1 472 23 0 1000 7000 0 1 1 0 1000 50 35000
0 1019 0 1 494 22 0 1000 7000 0 1 1 0 1000 50 35000
0 1019 0 1 517 23 0 1000 7000 0 1 1 0 1000 50 35000
0 1011 0 1 539 22 0 1000 7000 0 1 1 0 1000 50 35000
0 1018 0 1 562 23 0 1000 7000 0 1 1 0 1000 50 35000
0 1018 0 1 584 22 0 1000 7000 0 1 1 0 1000 50 35000
0 1012 0 1 607 23 0 1000 7000 0 1 1 0 1000 50 35000
0 1019 0 1 629 22 0 1000 7000 0 1 1 0 1000 50 35000
0 1018 0 1 652 23 0 1000 7000 0 1 1 0 1000 50 35000
0 1014 0 1 673 21 0 1000 7000 0 1 1 0 1000 50 35000
0 1020 0 1 696 23 0 1000 7000 0 1 1 0 1000 50 35000
0 1017 0 1 718 22 0 1000 7000 0 1 1 0 1000 50 35000
0 1017 0 1 741 23 0 1000 7000 0 1 1 0 1000 50 35000
0 1023 0 1 763 22 0 1000 7000 0 1 1 0 1000 50 35000
0 1018 0 1 786 23 0 1000 7000 0 1 1 0 1000 50 35000
0 1017 0 1 808 22 0 1000 7000 0 1 1 0 1000 50 35000
0 1019 0 1 831 23 0 1000 7000 0 1 1 0 1000 50 35000
0 1016 0 1 854 23 0 1000 7000 0 1 1 0 1000 50 35000
0 1020 0 1 876 22 0 1000 7000 0 1 1 0 1000 50 35000
0 1022 0 1 899 23 0 1000 7000 0 1 1 0 1000 50 35000
0 1017 0 1 921 22 0 1000 7000 0 1 1 0 1000 50 35000
0 1018 0 1 944 23 0 1000 7000 0 1 1 0 1000 50 35000
0 1017 0 1 966 22 0 1000 7000 0 1 1 0 1000 50 35000
0 1016 0 1 989 23 0 1000 7000 0 1 1 0 1000 50 35000
0 1019 0 1 1011 22 0 1000 7000 0 1 1 0 1000 50 35000
0 1023 0 1 1034 23 0 1000 7000 0 1 1 0 1000 50 35000
0 1014 0 1 1056 22 0 1000 7000 0 1 1 0 1000 50 35000
0 1019 0 1 1079 23 0 1000 7000 0 1 1 0 1000 50 35000
0 1015 0 1 1101 22 0 1000 7000 0 1 1 0 1000 50 35000
0 1012 0 1 1124 23 0 1000 7000 0 1 1 0 1000 50 35000
0 1019 0 1 1146 22 0 1000 7000 0 1 1 0 1000 50 35000
0 1014 0 1 1169 23 0 1000 7000 0 1 1 0 1000 50 35000
0 1018 0 1 1191 22 0 1000 7000 0 1 1 0 1000 50 35000
0 1021 0 1 1214 23 0 1000 7000 0 1 1 0 1000 50 35000
0 1016 0 1 1236 22 0 1000 7000 0 1 1 0 1000 50 35000
0 1017 0 1 1259 23 0 1000 7000 0 1 1 0 1000 50 35000
0 1020 0 1 1282 23 0 1000 7000 0 1 1 0 1000 50 35000
0 1016 0 1 1304 22 0 1000 7000 0 1 1 0 1000 50 35000
0 1018 0 1 1327 23 0 1000 7000 0 1 1 0 1000 50 35000
0 1022 0 1 1349 22 0 1000 7000 0 1 1 0 1000 50 35000
0 1017 0 1 1372 23 0 1000 7000 0 1 1 0 1000 50 35000
0 1020 0 1 1394 22 0 1000 7000 0 1 1 0 1000 50 35000
0 1019 0 1 1417 23 0 1000 7000 0 1 1 0 1000 50 35000
0 1010 0 1 1439 22 0 1000 7000 0 1 1 0 1000 50 35000
0 1019 0 1 1462 23 0 1000 7000 0 1 1 0 1000 50 35000
0 1016 0 1 1484 22 0 1000 7000 0 1 1 0 1000 50 35000
0 1003 0 1 1507 23 0 1000 7000 0 1 1 0 1000 50 35000
0 1016 0 1 1529 22 0 1000 7000 0 1 1 0 1000 50 35000
0 1017 0 1 1552 23 0 1000 7000 0 1 1 0 1000 50 35000
0 1016 0 1 1574 22 0 1000 7000 0 1 1 0 1000 50 35000
0 1019 0 1 1597 23 0 1000 7000 0 1 1 0 1000 50 35000
0 1016 0 1 1619 22 0 1000 7000 0 1 1 0 1000 50 35000
0 996 0 1 1642 23 0 1000 7000 0 1 1 0 1000 50 35000
0 1022 0 1 1665 23 0 1000 7000 0 1 1 0 1000 50 35000
0 1017 0 1 1687 22 0 1000 7000 0 1 1 0 1000 50 35000
0 1016 0 1 1710 23 0 1000 7000 0 1 1 0 1000 50 35000
0 1023 0 1 1732 22 0 1000 7000 0 1 1 0 1000 50 35000
0 1016 0 1 1755 23 0 1000 7000 0 1 1 0 1000 50 35000
0 1018 0 1 1777 22 0 1000 7000 0 1 1 0 1000 50 35000
0 1017 0 1 1800 23 0 1000 7000 0 1 1 0 1000 50 35000
0 1015 0 1 1822 22 0 1000 7000 0 1 1 0 1000 50 35000
0 1019 0 1 1845 23 0 1000 7000 0 1 1 0 1000 50 35000
0 1017 0 1 1867 22 0 1000 7000 0 1 1 0 1000 50 35000
0 1007 0 1 1890 23 0 1000 7000 0 1 1 0 1000 50 35000
0 1018 0 1 1912 22 0 1000 7000 0 1 1 0 1000 50 35000
0 1017 0 1 1935 23 0 1000 7000 0 1 1 0 1000 50 35000
0 1018 0 1 1957 22 0 1000 7000 0 1 1 0 1000 50 35000
0 1015 0 1 1980 23 0 1000 7000 0 1 1 0 1000 50 35000
0 1018 0 1 2002 22 0 1000 7000 0 1 1 0 1000 50 35000
0 1017 0 1 2025 23 0 1000 7000 0 1 1 0 1000 50 35000
0 1023 0 1 2048 23 0 1000 7000 0 1 1 0 1000 50 35000
0 1014 0 1 2070 22 0 1000 7000 0 1 1 0 1000 50 35000
0 1017 0 1 2093 23 0 1000 7000 0 1 1 0 1000 50 35000
0 1023 0 1 2115 22 0 1000 7000 0 1 1 0 1000 50 35000
0 1016 0 1 2138 23 0 1000 7000 0 1 1 0 1000 50 35000
0 1019 0 1 2160 22 0 1000 7000 0 1 1 0 1000 50 35000
0 1022 0 1 2183 23 0 1000 7000 0 1 1 0 1000 50 35000
0 1016 0 1 2205 22 0 1000 7000 0 1 1 0 1000 50 35000
0 1019 0 1 2228 23 0 1000 7000 0 1 1 0 1000 50 35000
0 1019 0 1 2250 22 0 1000 7000 0 1 1 0 1000 50 35000
0 1013 0 1 2273 23 0 1000 7000 0 1 1 0 1000 50 35000
0 1017 0 1 2295 22 0 1000 7000 0 1 1 0 1000 50 35000
0 1016 0 1 2318 23 0 1000 7000 0 1 1 0 1000 50 35000
0 1012 0 1 2340 22 0 1000 7000 0 1 1 0 1000 50 35000
0 1019 0 1 2363 23 0 1000 7000 0 1 1 0 1000 50 35000
0 1017 0 1 2385 22 0 1000 7000 0 1 1 0 1000 50 35000
0 1016 0 1 2408 23 0 1000 7000 0 1 1 0 1000 50 35000
0 1019 0 1 2430 22 0 1000 7000 0 1 1 0 1000 50 35000
0 1021 0 1 2453 23 0 1000 7000 0 1 1 0 1000 50 35000
0 1017 0 1 2476 23 0 1000 7000 0 1 1 0 1000 50 35000
0 1020 0 1 2498 22 0 1000 7000 0 1 1 0 1000 50 35000
0 1016 0 1 2521 23 0 1000 7000 0 1 1 0 1000 50 35000
0 1023 0 1 2543 22 0 1000 7000 0 1 1 0 1000 50 35000
0 1022 0 1 2566 23 0 1000 7000 0 1 1 0 1000 50 35000
0 1014 0 1 2588 22 0 1000 7000 0 1 1 0 1000 50 35000
0 1017 0 1 2611 23 0 1000 7000 0 1 1 0 1000 50 35000
0 1019 0 1 2633 22 0 1000 7000 0 1 1 0 1000 50 35000
0 1014 0 1 2656 23 0 1000 7000 0 1 1 0 1000 50 35000
0 1018 0 1 2678 22 0 1000 7000 0 1 1 0 1000 50 35000
0 1018 0 1 2701 23 0 1000 7000 0 1 1 0 1000 50 35000
0 1013 0 1 2723 22 0 1000 7000 0 1 1 0 1000 50 35000
0 1018 0 1 2746 23 0 1000 7000 0 1 1 0 1000 50 35000
0 1016 0 1 2768 22 0 1000 7000 0 1 1 0 1000 50 35000
0 1013 0 1 2791 23 0 1000 7000 0 1 1 0 1000 50 35000
0 1018 0 1 2813 22 0 1000 7000 0 1 1 0 1000 50 35000
0 1016 0 1 2836 23 0 1000 7000 0 1 1 0 1000 50 35000
0 1017 0 1 2859 23 0 1000 7000 0 1 1 0 1000 50 35000
0 1020 0 1 2881 22 0 1000 7000 0 1 1 0 1000 50 35000
0 1016 0 1 2904 23 0 1000 7000 0 1 1 0 1000 50 35000
0 1019 0 1 2926 22 0 1000 7000 0 1 1 0 1000 50 35000
0 1023 0 1 2949 23 0 1000 7000 0 1 1 0 1000 50 35000
0 1016 0 1 2971 22 0 1000 7000 0 1 1 0 1000 50 35000
0 1018 0 1 2994 23 0 1000 7000 0 1 1 0 1000 50 35000
0 1020 0 1 3016 22 0 1000 7000 0 1 1 0 1000 50 35000
0 1016 0 1 3039 23 0 1000 7000 0 1 1 0 1000 50 35000
0 1019 0 1 3061 22 0 1000 7000 0 1 1 0 1000 50 35000
0 1017 0 1 3084 23 0 1000 7000 0 1 1 0 1000 50 35000
0 1013 0 1 3106 22 0 1000 7000 0 1 1 0 1000 50 35000
0 1018 0 1 3129 23 0 1000 7000 0 1 1 0 1000 50 35000
0 1017 0 1 3151 22 0 1000 7000 0 1 1 0 1000 50 35000
0 1012 0 1 3174 23 0 1000 7000 0 1 1 0 1000 50 35000
0 1019 0 1 3196 22 0 1000 7000 0 1 1 0 1000 50 35000
0 1017 0 1 3219 23 0 1000 7000 0 1 1 0 1000 50 35000
0 1018 0 1 3241 22 0 1000 7000 0 1 1 0 1000 50 35000
0 1020 0 1 3264 23 0 1000 7000 0 1 1 0 1000 50 35000
0 1018 0 1 3287 23 0 1000 7000 0 1 1 0 1000 50 35000
0 1018 0 1 3309 22 0 1000 7000 0 1 1 0 1000 50 35000
0 1020 0 1 3332 23 0 1000 7000 0 1 1 0 1000 50 35000
0 1016 0 1 3354 22 0 1000 7000 0 1 1 0 1000 50 35000
0 1018 0 1 3377 23 0 1000 7000 0 1 1 0 1000 50 35000
0 1020 0 1 3399 22 0 1000 7000 0 1 1 0 1000 50 35000
0 1016 0 1 3422 23 0 1000 7000 0 1 1 0 1000 50 35000
0 1017 0 1 3444 22 0 1000 7000 0 1 1 0 1000 50 35000
0 1019 0 1 3467 23 0 1000 7000 0 1 1 0 1000 50 35000
0 1008 0 1 3489 22 0 1000 7000 0 1 1 0 1000 50 35000
0 1018 0 1 3512 23 0 1000 7000 0 1 1 0 1000 50 35000
0 1017 0 1 3534 22 0 1000 7000 0 1 1 0 1000 50 35000
0 1012 0 1 3557 23 0 1000 7000 0 1 1 0 1000 50 35000
0 1019 0 1 3579 22 0 1000 7000 0 1 1 0 1000 50 35000
0 1017 0 1 3602 23 0 1000 7000 0 1 1 0 1000 50 35000
0 1015 0 1 3624 22 0 1000 7000 0 1 1 0 1000 50 35000
0 1019 0 1 3647 23 0 1000 7000 0 1 1 0 1000 50 35000
0 1016 0 1 3670 23 0 1000 7000 0 1 1 0 1000 50 35000
0 1017 0 1 3692 22 0 1000 7000 0 1 1 0 1000 50 35000
0 1023 0 1 3715 23 0 1000 7000 0 1 1 0 1000 50 35000
0 1017 0 1 3737 22 0 1000 7000 0 1 1 0 1000 50 35000
0 1018 0 1 3760 23 0 1000 7000 0 1 1 0 1000 50 35000
0 1023 0 1 3782 22 0 1000 7000 0 1 1 0 1000 50 35000
0 1016 0 1 3805 23 0 1000 7000 0 1 1 0 1000 50 35000
0 1018 0 1 3827 22 0 1000 7000 0 1 1 0 1000 50 35000
0 1019 0 1 3850 23 0 1000 7000 0 1 1 0 1000 50 35000
0 1016 0 1 3872 22 0 1000 7000 0 1 1 0 1000 50 35000
0 1019 0 1 3895 23 0 1000 7000 0 1 1 0 1000 50 35000
0 1017 0 1 3917 22 0 1000 7000 0 1 1 0 1000 50 35000
0 1015 0 1 3940 23 0 1000 7000 0 1 1 0 1000 50 35000
0 1019 0 1 3962 22 0 1000 7000 0 1 1 0 1000 50 35000
0 1016 0 1 3985 23 0 1000 7000 0 1 1 0 1000 50 35000
0 1012 0 1 4007 22 0 1000 7000 0 1 1 0 1000 50 35000
0 1017 0 1 4030 23 0 1000 7000 0 1 1 0 1000 50 35000
0 1012 0 1 4052 22 0 1000 7000 0 1 1 0 1000 50 35000
0 1014 0 1 4075 23 0 1000 7000 0 1 1 0 1000 50 35000
0 1023 0 1 4098 23 0 1000 7000 0 1 1 0 1000 50 35000
0 1018 0 1 4120 22 0 1000 7000 0 1 1 0 1000 50 35000
0 1005 0 1 4143 23 0 1000 7000 0 1 1 0 1000 50 35000
0 1020 0 1 4165 22 0 1000 7000 0 1 1 0 1000 50 35000
0 1016 0 1 4188 23 0 1000 7000 0 1 1 0 1000 50 35000
0 1020 0 1 4210 22 0 1000 7000 0 1 1 0 1000 50 35000
0 1021 0 1 4233 23 0 1000 7000 0 1 1 0 1000 50 35000
0 1017 0 1 4255 22 0 1000 7000 0 1 1 0 1000 50 35000
0 1018 0 1 4278 23 0 1000 7000 0 1 1 0 1000 50 35000
0 1019 0 1 4300 22 0 1000 7000 0 1 1 0 1000 50 35000
0 1008 0 1 4323 23 0 1000 7000 0 1 1 0 1000 50 35000
0 1018 0 1 4345 22 0 1000 7000 0 1 1 0 1000 50 35000
0 1016 0 1 4368 23 0 1000 7000 0 1 1 0 1000 50 35000
0 1011 0 1 4390 22 0 1000 7000 0 1 1 0 1000 50 35000
0 1017 0 1 4413 23 0 1000 7000 0 1 1 0 1000 50 35000
0 1017 0 1 4435 22 0 1000 7000 0 1 1 0 1000 50 35000
0 1016 0 1 4458 23 0 1000 7000 0 1 1 0 1000 50 35000
0 1017 0 1 4481 23 0 1000 7000 0 1 1 0 1000 50 35000
0 1016 0 1 4503 22 0 1000 7000 0 1 1 0 1000 50 35000
0 1017 0 1 4526 23 0 1000 7000 0 1 1 0 1000 50 35000
0 1021 0 1 4548 22 0 1000 7000 0 1 1 0 1000 50 35000
0 1016 0 1 4571 23 0 1000 7000 0 1 1 0 1000 50 35000
0 1019 0 1 4593 22 0 1000 7000 0 1 1 0 1000 50 35000
0 1023 0 1 4616 23 0 1000 7000 0 1 1 0 1000 50 35000
0 1016 0 1 4638 22 0 1000 7000 0 1 1 0 1000 50 35000
0 1018 0 1 4661 23 0 1000 7000 0 1 1 0 1000 50 35000
0 1018 0 1 4683 22 0 1000 7000 0 1 1 0 1000 50 35000
0 1017 0 1 4706 23 0 1000 7000 0 1 1 0 1000 50 35000
0 1019 0 1 4728 22 0 1000 7000 0 1 1 0 1000 50 35000
0 1017 0 1 4751 23 0 1000 7000 0 1 1 0 1000 50 35000
0 1014 0 1 4773 22 0 1000 7000 0 1 1 0 1000 50 35000
0 1018 0 1 4796 23 0 1000 7000 0 1 1 0 1000 50 35000
0 1016 0 1 4818 22 0 1000 7000 0 1 1 0 1000 50 35000
0 1011 0 1 4841 23 0 1000 7000 0 1 1 0 1000 50 35000
0 1016 0 1 4864 23 0 1000 7000 0 1 1 0 1000 50 35000
0 1016 0 1 4886 22 0 1000 7000 0 1 1 0 1000 50 35000
0 1016 0 1 4909 23 0 1000 7000 0 1 1 0 1000 50 35000
0 1023 0 1 4931 22 0 1000 7000 0 1 1 0 1000 50 35000
0 1016 0 1 4954 23 0 1000 7000 0 1 1 0 1000 50 35000
0 1017 0 1 4976 22 0 1000 7000 0 1 1 0 1000 50 35000
0 1019 0 1 4999 23 0 1000 7000 0 1 1 0 1000 50 35000
0 1013 0 1 5021 22 0 1000 7000 0 1 1 0 1000 50 35000
0 1018 0 1 5044 23 0 1000 7000 0 1 1 0 1000 50 35000
0 1022 0 1 5066 22 0 1000 7000 0 1 1 0 1000 50 35000
0 1016 0 1 5089 23 0 1000 7000 0 1 1 0 1000 50 35000
0 1019 0 1 5111 22 0 1000 7000 0 1 1 0 1000 50 35000
0 1016 0 1 5134 23 0 1000 7000 0 1 1 0 1000 50 35000
0 1012 0 1 5156 22 0 1000 7000 0 1 1 0 1000 50 35000
0 1019 0 1 5179 23 0 1000 7000 0 1 1 0 1000 50 35000
0 1017 0 1 5201 22 0 1000 7000 0 1 1 0 1000 50 35000
0 1011 0 1 5224 23 0 1000 7000 0 1 1 0 1000 50 35000
0 1016 0 1 5246 22 0 1000 7000 0 1 1 0 1000 50 35000
0 1016 0 1 5269 23 0 1000 7000 0 1 1 0 1000 50 35000
0 1016 0 1 5292 23 0 1000 7000 0 1 1 0 1000 50 35000
0 1019 0 1 5314 22 0 1000 7000 0 1 1 0 1000 50 35000
0 1015 0 1 5337 23 0 1000 7000 0 1 1 0 1000 50 35000
0 1017 0 1 5359 22 0 1000 7000 0 1 1 0 1000 50 35000
0 1018 0 1 5382 23 0 1000 7000 0 1 1 0 1000 50 35000
0 1016 0 1 5404 22 0 1000 7000 0 1 1 0 1000 50 35000
0 1013 0 1 5427 23 0 1000 7000 0 1 1 0 1000 50 35000
0 1020 0 1 5449 22 0 1000 7000 0 1 1 0 1000 50 35000
0 1016 0 1 5472 23 0 1000 7000 0 1 1 0 1000 50 35000
0 1017 0 1 5494 22 0 1000 7000 0 1 1 0 1000 50 35000
0 1019 0 1 5517 23 0 1000 7000 0 1 1 0 1000 50 35000
0 1008 0 1 5539 22 0 1000 7000 0 1 1 0 1000 50 35000
0 1018 0 1 5562 23 0 1000 7000 0 1 1 0 1000 50 35000
0 1017 0 1 5584 22 0 1000 7000 0 1 1 0 1000 50 35000
0 1017 0 1 5607 23 0 1000 7000 0 1 1 0 1000 50 35000
0 1019 0 1 5629 22 0 1000 7000 0 1 1 0 1000 50 35000
0 1016 0 1 5652 23 0 1000 7000 0 1 1 0 1000 50 35000
0 1012 0 1 5675 23 0 1000 7000 0 1 1 0 1000 50 35000
0 1018 0 1 5697 22 0 1000 7000 0 1 1 0 1000 50 35000
0 1016 0 1 5720 23 0 1000 7000 0 1 1 0 1000 50 35000
0 1016 0 1 5742 22 0 1000 7000 0 1 1 0 1000 50 35000
0 1023 0 1 5765 23 0 1000 7000 0 1 1 0 1000 50 35000
0 1016 0 1 5787 22 0 1000 7000 0 1 1 0 1000 50 35000
0 1018 0 1 5810 23 0 1000 7000 0 1 1 0 1000 50 35000
0 1023 0 1 5832 22 0 1000 7000 0 1 1 0 1000 50 35000
0 1016 0 1 5855 23 0 1000 7000 0 1 1 0 1000 50 35000
0 1014 0 1 5877 22 0 1000 7000 0 1 1 0 1000 50 35000
0 1018 0 1 5900 23 0 1000 7000 0 1 1 0 1000 50 35000
0 1015 0 1 5922 22 0 1000 7000 0 1 1 0 1000 50 35000
0 1016 0 1 5945 23 0 1000 7000 0 1 1 0 1000 50 35000
0 1017 0 1 5967 22 0 1000 7000 0 1 1 0 1000 50 35000
0 1014 0 1 5990 23 0 1000 7000 0 1 1 0 1000 50 35000
0 1018 0 1 6012 22 0 1000 7000 0 1 1 0 1000 50 35000
0 1016 0 1 6035 23 0 1000 7000 0 1 1 0 1000 50 35000
0 1012 0 1 6057 22 0 1000 7000 0 1 1 0 1000 50 35000
0 1020 0 1 6080 23 0 1000 7000 0 1 1 0 1000 50 35000
0 1018 0 1 6103 23 0 1000 7000 0 1 1 0 1000 50 35000
0 1016 0 1 6125 22 0 1000 7000 0 1 1 0 1000 50 35000
0 1023 0 1 6148 23 0 1000 7000 0 1 1 0 1000 50 35000
0 1017 0 1 6170 22 0 1000 7000 0 1 1 0 1000 50 35000
0 1023 0 1 6194 24 0 1000 7000 0 1 1 0 1000 50 35000
0 1023 0 1 6216 22 0 1000 7000 0 1 1 0 1000 50 35000
0 1016 0 1 6239 23 0 1000 7000 0 1 1 0 1000 50 35000
0 1018 0 1 6261 22 0 1000 7000 0 1 1 0 1000 50 35000
0 1022 0 1 6284 23 0 1000 7000 0 1 1 0 1000 50 35000
0 1016 0 1 6306 22 0 1000 7000 0 1 1 0 1000 50 35000
0 1019 0 1 6329 23 0 1000 7000 0 1 1 0 1000 50 35000
0 1018 0 1 6351 22 0 1000 7000 0 1 1 0 1000 50 35000
0 1012 0 1 6374 23 0 1000 7000 0 1 1 0 1000 50 35000
0 1020 0 1 6396 22 0 1000 7000 0 1 1 0 1000 50 35000
0 1017 0 1 6419 23 0 1000 7000 0 1 1 0 1000 50 35000
0 1011 0 1 6441 22 0 1000 7000 0 1 1 0 1000 50 35000
0 1020 0 1 6464 23 0 1000 7000 0 1 1 0 1000 50 35000
0 1017 0 1 6487 23 0 1000 7000 0 1 1 0 1000 50 35000
0 1016 0 1 6509 22 0 1000 7000 0 1 1 0 1000 50 35000
0 1020 0 1 6532 23 0 1000 7000 0 1 1 0 1000 50 35000
0 1015 0 1 6554 22 0 1000 7000 0 1 1 0 1000 50 35000
0 1016 0 1 6577 23 0 1000 7000 0 1 1 0 1000 50 35000
0 1020 0 1 6599 22 0 1000 7000 0 1 1 0 1000 50 35000
0 1016 0 1 6622 23 0 1000 7000 0 1 1 0 1000 50 35000
0 1018 0 1 6644 22 0 1000 7000 0 1 1 0 1000 50 35000
0 1022 0 1 6667 23 0 1000 7000 0 1 1 0 1000 50 35000
0 1016 0 1 6689 22 0 1000 7000 0 1 1 0 1000 50 35000
0 1019 0 1 6712 23 0 1000 7000 0 1 1 0 1000 50 35000
0 1017 0 1 6734 22 0 1000 7000 0 1 1 0 1000 50 35000
0 1008 0 1 6757 23 0 1000 7000 0 1 1 0 1000 50 35000
0 1020 0 1 6779 22 0 1000 7000 0 1 1 0 1000 50 35000
0 1016 0 1 6802 23 0 1000 7000 0 1 1 0 1000 50 35000
0 1012 0 1 6824 22 0 1000 7000 0 1 1 0 1000 50 35000
0 1020 0 1 6847 23 0 1000 7000 0 1 1 0 1000 50 35000
0 1016 0 1 6870 23 0 1000 7000 0 1 1 0 1000 50 35000
0 1013 0 1 6892 22 0 1000 7000 0 1 1 0 1000 50 35000
0 1017 0 1 6915 23 0 1000 7000 0 1 1 0 1000 50 35000
0 1015 0 1 6937 22 0 1000 7000 0 1 1 0 1000 50 35000
0 1017 0 1 6960 23 0 1000 7000 0 1 1 0 1000 50 35000
0 1023 0 1 6982 22 0 1000 7000 0 1 1 0 1000 50 35000
0 1021 0 1 7005 23 0 1000 7000 0 1 1 0 1000 50 35000
0 1019 0 1 7027 22 0 1000 7000 0 1 1 0 1000 50 35000
0 1023 0 1 7050 23 0 1000 7000 0 1 1 0 1000 50 35000
0 1016 0 1 7072 22 0 1000 7000 0 1 1 0 1000 50 35000
0 1018 0 1 7095 23 0 1000 7000 0 1 1 0 1000 50 35000
0 1017 0 1 7117 22 0 1000 7000 0 1 1 0 1000 50 35000
0 1016 0 1 7140 23 0 1000 7000 0 1 1 0 1000 50 35000
0 1019 0 1 7162 22 0 1000 7000 0 1 1 0 1000 50 35000
0 1018 0 1 7185 23 0 1000 7000 0 1 1 0 1000 50 35000
0 1014 0 1 7207 22 0 1000 7000 0 1 1 0 1000 50 35000
0 1018 0 1 7230 23 0 1000 7000 0 1 1 0 1000 50 35000
0 1017 0 1 7252 22 0 1000 7000 0 1 1 0 1000 50 35000
0 1011 0 1 7275 23 0 1000 7000 0 1 1 0 1000 50 35000
0 1018 0 1 7298 23 0 1000 7000 0 1 1 0 1000 50 35000
0 1018 0 1 7320 22 0 1000 7000 0 1 1 0 1000 50 35000
0 1015 0 1 7343 23 0 1000 7000 0 1 1 0 1000 50 35000
0 1023 0 1 7365 22 0 1000 7000 0 1 1 0 1000 50 35000
0 1016 0 1 7388 23 0 1000 7000 0 1 1 0 1000 50 35000
0 1017 0 1 7410 22 0 1000 7000 0 1 1 0 1000 50 35000
0 1021 0 1 7433 23 0 1000 7000 0 1 1 0 1000 50 35000
0 1015 0 1 7455 22 0 1000 7000 0 1 1 0 1000 50 35000
0 1018 0 1 7478 23 0 1000 7000 0 1 1 0 1000 50 35000
0 1021 0 1 7500 22 0 1000 7000 0 1 1 0 1000 50 35000
0 1014 0 1 7523 23 0 1000 7000 0 1 1 0 1000 50 35000
0 1019 0 1 7545 22 0 1000 7000 0 1 1 0 1000 50 35000
0 1018 0 1 7568 23 0 1000 7000 0 1 1 0 1000 50 35000
0 1012 0 1 7590 22 0 1000 7000 0 1 1 0 1000 50 35000
0 1014 0 1 7613 23 0 1000 7000 0 1 1 0 1000 50 35000
0 1015 0 1 7635 22 0 1000 7000 0 1 1 0 1000 50 35000
0 1010 0 1 7658 23 0 1000 7000 0 1 1 0 1000 50 35000
0 1018 0 1 7681 23 0 1000 7000 0 1 1 0 1000 50 35000
0 1016 0 1 7703 22 0 1000 7000 0 1 1 0 1000 50 35000
0 1017 0 1 7726 23 0 1000 7000 0 1 1 0 1000 50 35000
0 1023 0 1 7748 22 0 1000 7000 0 1 1 0 1000 50 35000
0 1015 0 1 7771 23 0 1000 7000 0 1 1 0 1000 50 35000
0 1017 0 1 7793 22 0 1000 7000 0 1 1 0 1000 50 35000
0 1020 0 1 7816 23 0 1000 7000 0 1 1 0 1000 50 35000
0 1016 0 1 7838 22 0 1000 7000 0 1 1 0 1000 50 35000
0 1018 0 1 7861 23 0 1000 7000 0 1 1 0 1000 50 35000
0 1018 0 1 7883 22 0 1000 7000 0 1 1 0 1000 50 35000
0 1016 0 1 7906 23 0 1000 7000 0 1 1 0 1000 50 35000
0 1020 0 1 7928 22 0 1000 7000 0 1 1 0 1000 50 35000
0 1012 0 1 7951 23 0 1000 7000 0 1 1 0 1000 50 35000
0 1012 0 1 7973 22 0 1000 7000 0 1 1 0 1000 50 35000
0 1018 0 1 7996 23 0 1000 7000 0 1 1 0 1000 50 35000
0 1023 0 1 8018 22 0 1000 7000 0 1 1 0 1000 50 35000
0 1012 0 1 8041 23 0 1000 7000 0 1 1 0 1000 50 35000
0 1017 0 1 8064 23 0 1000 7000 0 1 1 0 1000 50 35000
0 1017 0 1 8086 22 0 1000 7000 0 1 1 0 1000 50 35000
0 1014 0 1 8109 23 0 1000 7000 0 1 1 0 1000 50 35000
0 1017 0 1 8131 22 0 1000 7000 0 1 1 0 1000 50 35000
0 1015 0 1 8154 23 0 1000 7000 0 1 1 0 1000 50 35000
0 1023 0 1 8176 22 0 1000 7000 0 1 1 0 1000 50 35000
0 1023 0 1 8199 23 0 1000 7000 0 1 1 0 1000 50 35000
0 1016 0 1 8221 22 0 1000 7000 0 1 1 0 1000 50 35000
0 1017 0 1 8244 23 0 1000 7000 0 1 1 0 1000 50 35000
0 1020 0 1 8266 22 0 1000 7000 0 1 1 0 1000 50 35000
0 1016 0 1 8289 23 0 1000 7000 0 1 1 0 1000 50 35000
0 1018 0 1 8311 22 0 1000 7000 0 1 1 0 1000 50 35000
0 1017 0 1 8334 23 0 1000 7000 0 1 1 0 1000 50 35000
0 1016 0 1 8356 22 0 1000 7000 0 1 1 0 1000 50 35000
0 1019 0 1 8379 23 0 1000 7000 0 1 1 0 1000 50 35000
0 1018 0 1 8401 22 0 1000 7000 0 1 1 0 1000 50 35000
0 1013 0 1 8424 23 0 1000 7000 0 1 1 0 1000 50 35000
0 1018 0 1 8446 22 0 1000 7000 0 1 1 0 1000 50 35000
0 1016 0 1 8469 23 0 1000 7000 0 1 1 0 1000 50 35000
0 1012 0 1 8492 23 0 1000 7000 0 1 1 0 1000 50 35000
0 1019 0 1 8514 22 0 1000 7000 0 1 1 0 1000 50 35000
0 1016 0 1 8537 23 0 1000 7000 0 1 1 0 1000 50 35000
0 1017 0 1 8559 22 0 1000 7000 0 1 1 0 1000 50 35000
0 1021 0 1 8582 23 0 1000 7000 0 1 1 0 1000 50 35000
0 1015 0 1 8604 22 0 1000 7000 0 1 1 0 1000 50 35000
0 1017 0 1 8627 23 0 1000 7000 0 1 1 0 1000 50 35000
0 1021 0 1 8649 22 0 1000 7000 0 1 1 0 1000 50 35000
0 1016 0 1 8672 23 0 1000 7000 0 1 1 0 1000 50 35000
0 1017 0 1 8694 22 0 1000 7000 0 1 1 0 1000 50 35000
0 1021 0 1 8717 23 0 1000 7000 0 1 1 0 1000 50 35000
0 1016 0 1 8739 22 0 1000 7000 0 1 1 0 1000 50 35000
0 1018 0 1 8762 23 0 1000 7000 0 1 1 0 1000 50 35000
0 1015 0 1 8784 22 0 1000 7000 0 1 1 0 1000 50 35000
0 1009 0 1 8807 23 0 1000 7000 0 1 1 0 1000 50 35000
0 1018 0 1 8829 22 0 1000 7000 0 1 1 0 1000 50 35000
0 1017 0 1 8852 23 0 1000 7000 0 1 1 0 1000 50 35000
0 1011 0 1 8875 23 0 1000 7000 0 1 1 0 1000 50 35000
0 1020 0 1 8897 22 0 1000 7000 0 1 1 0 1000 50 35000
0 1016 0 1 8920 23 0 1000 7000 0 1 1 0 1000 50 35000
0 1015 0 1 8942 22 0 1000 7000 0 1 1 0 1000 50 35000
0 1018 0 1 8965 23 0 1000 7000 0 1 1 0 1000 50 35000
0 1015 0 1 8987 22 0 1000 7000 0 1 1 0 1000 50 35000
0 1017 0 1 9010 23 0 1000 7000 0 1 1 0 1000 50 35000
0 1018 0 1 9032 22 0 1000 7000 0 1 1 0 1000 50 35000
0 1015 0 1 9055 23 0 1000 7000 0 1 1 0 1000 50 35000
0 1016 0 1 9077 22 0 1000 7000 0 1 1 0 1000 50 35000
0 1022 0 1 9100 23 0 1000 7000 0 1 1 0 1000 50 35000
0 1014 0 1 9122 22 0 1000 7000 0 1 1 0 1000 50 35000
0 1016 0 1 9145 23 0 1000 7000 0 1 1 0 1000 50 35000
0 1015 0 1 9167 22 0 1000 7000 0 1 1 0 1000 50 35000
0 1013 0 1 9190 23 0 1000 7000 0 1 1 0 1000 50 35000
0 1016 0 1 9212 22 0 1000 7000 0 1 1 0 1000 50 35000
0 1014 0 1 9235 23 0 1000 7000 0 1 1 0 1000 50 35000
0 1010 0 1 9257 22 0 1000 7000 0 1 1 0 1000 50 35000
0 1019 0 1 9280 23 0 1000 7000 0 1 1 0 1000 50 35000
0 1016 0 1 9303 23 0 1000 7000 0 1 1 0 1000 50 35000
0 1004 0 1 9325 22 0 1000 7000 0 1 1 0 1000 50 35000
0 1016 0 1 9348 23 0 1000 7000 0 1 1 0 1000 50 35000
0 1016 0 1 9370 22 0 1000 7000 0 1 1 0 1000 50 35000
0 1018 0 1 9393 23 0 1000 7000 0 1 1 0 1000 50 35000
0 1023 0 1 9415 22 0 1000 7000 0 1 1 0 1000 50 35000
0 1017 0 1 9439 24 0 1000 7000 0 1 1 0 1000 50 35000
0 1018 0 1 9461 22 0 1000 7000 0 1 1 0 1000 50 35000
0 1023 0 1 9484 23 0 1000 7000 0 1 1 0 1000 50 35000
0 1016 0 1 9506 22 0 1000 7000 0 1 1 0 1000 50 35000
0 1018 0 1 9529 23 0 1000 7000 0 1 1 0 1000 50 35000
0 1018 0 1 9551 22 0 1000 7000 0 1 1 0 1000 50 35000
0 1015 0 1 9574 23 0 1000 7000 0 1 1 0 1000 50 35000
0 1018 0 1 9596 22 0 1000 7000 0 1 1 0 1000 50 35000
0 1017 0 1 9619 23 0 1000 7000 0 1 1 0 1000 50 35000
0 1013 0 1 9641 22 0 1000 7000 0 1 1 0 1000 50 35000
0 1018 0 1 9664 23 0 1000 7000 0 1 1 0 1000 50 35000
0 1016 0 1 9687 23 0 1000 7000 0 1 1 0 1000 50 35000
0 1014 0 1 9709 22 0 1000 7000 0 1 1 0 1000 50 35000
0 1017 0 1 9732 23 0 1000 7000 0 1 1 0 1000 50 35000
0 1017 0 1 9754 22 0 1000 7000 0 1 1 0 1000 50 35000
0 1015 0 1 9777 23 0 1000 7000 0 1 1 0 1000 50 35000
0 1023 0 1 9799 22 0 1000 7000 0 1 1 0 1000 50 35000
0 1016 0 1 9822 23 0 1000 7000 0 1 1 0 1000 50 35000
0 1018 0 1 9844 22 0 1000 7000 0 1 1 0 1000 50 35000
0 1021 0 1 9867 23 0 1000 7000 0 1 1 0 1000 50 35000
0 1015 0 1 9889 22 0 1000 7000 0 1 1 0 1000 50 35000
0 1017 0 1 9912 23 0 1000 7000 0 1 1 0 1000 50 35000
0 1023 0 1 9934 22 0 1000 7000 0 1 1 0 1000 50 35000
0 1015 0 1 9957 23 0 1000 7000 0 1 1 0 1000 50 35000
0 1019 0 1 9979 22 0 1000 7000 0 1 1 0 1000 50 35000
0 1017 0 1 10002 23 0 1000 7000 0 1 1 0 1000 50 35000
0 1014 0 1 10024 22 0 1000 7000 0 1 1 0 1000 50 35000
0 1018 0 1 10047 23 0 1000 7000 0 1 1 0 1000 50 35000
0 1016 0 1 10070 23 0 1000 7000 0 1 1 0 1000 50 35000
0 1013 0 1 10092 22 0 1000 7000 0 1 1 0 1000 50 35000
0 1016 0 1 10115 23 0 1000 7000 0 1 1 0 1000 50 35000
0 1018 0 1 10137 22 0 1000 7000 0 1 1 0 1000 50 35000
0 1016 0 1 10160 23 0 1000 7000 0 1 1 0 1000 50 35000
0 1023 0 1 10182 22 0 1000 7000 0 1 1 0 1000 50 35000
0 1016 0 1 10205 23 0 1000 7000 0 1 1 0 1000 50 35000
0 1018 0 1 10227 22 0 1000 7000 0 1 1 0 1000 50 35000
0 1021 0 1 10250 23 0 1000 7000 0 1 1 0 1000 50 35000
0 1018 0 1 10273 23 0 1000 7000 0 1 1 0 1000 50 35000
0 1018 0 1 10296 23 0 1000 7000 0 1 1 0 1000 50 35000
0 1018 0 1 10318 22 0 1000 7000 0 1 1 0 1000 50 35000
0 1008 0 1 10341 23 0 1000 7000 0 1 1 0 1000 50 35000
0 1018 0 1 10363 22 0 1000 7000 0 1 1 0 1000 50 35000
0 1016 0 1 10386 23 0 1000 7000 0 1 1 0 1000 50 35000
0 1011 0 1 10408 22 0 1000 7000 0 1 1 0 1000 50 35000
0 1018 0 1 10431 23 0 1000 7000 0 1 1 0 1000 50 35000
0 1016 0 1 10454 23 0 1000 7000 0 1 1 0 1000 50 35000
0 1015 0 1 10476 22 0 1000 7000 0 1 1 0 1000 50 35000
0 1020 0 1 10499 23 0 1000 7000 0 1 1 0 1000 50 35000
0 1015 0 1 10521 22 0 1000 7000 0 1 1 0 1000 50 35000
0 1015 0 1 10544 23 0 1000 7000 0 1 1 0 1000 50 35000
0 1021 0 1 10566 22 0 1000 7000 0 1 1 0 1000 50 35000
0 1013 0 1 10589 23 0 1000 7000 0 1 1 0 1000 50 35000
0 1018 0 1 10611 22 0 1000 7000 0 1 1 0 1000 50 35000
0 1021 0 1 10634 23 0 1000 7000 0 1 1 0 1000 50 35000
0 1016 0 1 10656 22 0 1000 7000 0 1 1 0 1000 50 35000
0 1020 0 1 10679 23 0 1000 7000 0 1 1 0 1000 50 35000
0 1018 0 1 10702 23 0 1000 7000 0 1 1 0 1000 50 35000
0 1007 0 1 10725 23 0 1000 7000 0 1 1 0 1000 50 35000
0 1020 0 1 10747 22 0 1000 7000 0 1 1 0 1000 50 35000
0 1016 0 1 10770 23 0 1000 7000 0 1 1 0 1000 50 35000
0 1011 0 1 10792 22 0 1000 7000 0 1 1 0 1000 50 35000
0 1018 0 1 10815 23 0 1000 7000 0 1 1 0 1000 50 35000
0 1016 0 1 10838 23 0 1000 7000 0 1 1 0 1000 50 35000
0 1018 0 1 10860 22 0 1000 7000 0 1 1 0 1000 50 35000
0 1023 0 1 10883 23 0 1000 7000 0 1 1 0 1000 50 35000
0 1017 0 1 10905 22 0 1000 7000 0 1 1 0 1000 50 35000
0 1018 0 1 10928 23 0 1000 7000 0 1 1 0 1000 50 35000
0 1023 0 1 10950 22 0 1000 7000 0 1 1 0 1000 50 35000
0 1016 0 1 10973 23 0 1000 7000 0 1 1 0 1000 50 35000
0 1017 0 1 10995 22 0 1000 7000 0 1 1 0 1000 50 35000
0 1016 0 1 11018 23 0 1000 7000 0 1 1 0 1000 50 35000
0 1012 0 1 11040 22 0 1000 7000 0 1 1 0 1000 50 35000
0 1018 0 1 11063 23 0 1000 7000 0 1 1 0 1000 50 35000
0 1016 0 1 11085 22 0 1000 7000 0 1 1 0 1000 50 35000
0 1012 0 1 11108 23 0 1000 7000 0 1 1 0 1000 50 35000
0 1017 0 1 11131 23 0 1000 7000 0 1 1 0 1000 50 35000
0 1015 0 1 11154 23 0 1000 7000 0 1 1 0 1000 50 35000
0 1015 0 1 11176 22 0 1000 7000 0 1 1 0 1000 50 35000
0 1019 0 1 11199 23 0 1000 7000 0 1 1 0 1000 50 35000
0 1016 0 1 11222 23 0 1000 7000 0 1 1 0 1000 50 35000
0 1019 0 1 11244 22 0 1000 7000 0 1 1 0 1000 50 35000
0 1018 0 1 11267 23 0 1000 7000 0 1 1 0 1000 50 35000
0 1015 0 1 11289 22 0 1000 7000 0 1 1 0 1000 50 35000
0 1017 0 1 11312 23 0 1000 7000 0 1 1 0 1000 50 35000
0 1022 0 1 11334 22 0 1000 7000 0 1 1 0 1000 50 35000
0 1016 0 1 11357 23 0 1000 7000 0 1 1 0 1000 50 35000
0 1018 0 1 11379 22 0 1000 7000 0 1 1 0 1000 50 35000
0 1017 0 1 11402 23 0 1000 7000 0 1 1 0 1000 50 35000
0 1014 0 1 11424 22 0 1000 7000 0 1 1 0 1000 50 35000
0 1017 0 1 11447 23 0 1000 7000 0 1 1 0 1000 50 35000
0 1016 0 1 11469 22 0 1000 7000 0 1 1 0 1000 50 35000
0 1013 0 1 11492 23 0 1000 7000 0 1 1 0 1000 50 35000
0 1017 0 1 11515 23 0 1000 7000 0 1 1 0 1000 50 35000
0 1016 0 1 11538 23 0 1000 7000 0 1 1 0 1000 50 35000
0 1017 0 1 11560 22 0 1000 7000 0 1 1 0 1000 50 35000
0 1018 0 1 11583 23 0 1000 7000 0 1 1 0 1000 50 35000
0 1016 0 1 11606 23 0 1000 7000 0 1 1 0 1000 50 35000
0 1023 0 1 11628 22 0 1000 7000 0 1 1 0 1000 50 35000
0 1018 0 1 11651 23 0 1000 7000 0 1 1 0 1000 50 35000
0 1015 0 1 11673 22 0 1000 7000 0 1 1 0 1000 50 35000
0 1018 0 1 11696 23 0 1000 7000 0 1 1 0 1000 50 35000
0 1017 0 1 11718 22 0 1000 7000 0 1 1 0 1000 50 35000
0 1006 0 1 11741 23 0 1000 7000 0 1 1 0 1000 50 35000
0 1017 0 1 11763 22 0 1000 7000 0 1 1 0 1000 50 35000
0 1017 0 1 11786 23 0 1000 7000 0 1 1 0 1000 50 35000
0 1010 0 1 11808 22 0 1000 7000 0 1 1 0 1000 50 35000
0 1018 0 1 11831 23 0 1000 7000 0 1 1 0 1000 50 35000
0 1016 0 1 11853 22 0 1000 7000 0 1 1 0 1000 50 35000
0 1017 0 1 11876 23 0 1000 7000 0 1 1 0 1000 50 35000
0 1021 0 1 11899 23 0 1000 7000 0 1 1 0 1000 50 35000
0 1015 0 1 11922 23 0 1000 7000 0 1 1 0 1000 50 35000
0 1017 0 1 11944 22 0 1000 7000 0 1 1 0 1000 50 35000
0 1017 0 1 11967 23 0 1000 7000 0 1 1 0 1000 50 35000
0 1015 0 1 11990 23 0 1000 7000 0 1 1 0 1000 50 35000
0 1018 0 1 12012 22 0 1000 7000 0 1 1 0 1000 50 35000
0 1017 0 1 12035 23 0 1000 7000 0 1 1 0 1000 50 35000
0 1016 0 1 12057 22 0 1000 7000 0 1 1 0 1000 50 35000
0 1019 0 1 12080 23 0 1000 7000 0 1 1 0 1000 50 35000
0 1016 0 1 12102 22 0 1000 7000 0 1 1 0 1000 50 35000
0 1010 0 1 12125 23 0 1000 7000 0 1 1 0 1000 50 35000
0 1018 0 1 12147 22 0 1000 7000 0 1 1 0 1000 50 35000
0 1016 0 1 12170 23 0 1000 7000 0 1 1 0 1000 50 35000
0 1015 0 1 12192 22 0 1000 7000 0 1 1 0 1000 50 35000
0 1012 0 1 12215 23 0 1000 7000 0 1 1 0 1000 50 35000
0 1014 0 1 12237 22 0 1000 7000 0 1 1 0 1000 50 35000
0 1017 0 1 12260 23 0 1000 7000 0 1 1 0 1000 50 35000
0 1022 0 1 12282 22 0 1000 7000 0 1 1 0 1000 50 35000
0 1016 0 1 12306 24 0 1000 7000 0 1 1 0 1000 50 35000
0 1016 0 1 12328 22 0 1000 7000 0 1 1 0 1000 50 35000
0 1019 0 1 12351 23 0 1000 7000 0 1 1 0 1000 50 35000
0 1016 0 1 12374 23 0 1000 7000 0 1 1 0 1000 50 35000
0 1017 0 1 12396 22 0 1000 7000 0 1 1 0 1000 50 35000
0 1018 0 1 12419 23 0 1000 7000 0 1 1 0 1000 50 35000
0 1008 0 1 12441 22 0 1000 7000 0 1 1 0 1000 50 35000
0 1018 0 1 12464 23 0 1000 7000 0 1 1 0 1000 50 35000
0 1017 0 1 12486 22 0 1000 7000 0 1 1 0 1000 50 35000
0 1001 0 1 12509 23 0 1000 7000 0 1 1 0 1000 50 35000
0 1018 0 1 12531 22 0 1000 7000 0 1 1 0 1000 50 35000
0 1017 0 1 12554 23 0 1000 7000 0 1 1 0 1000 50 35000
0 1016 0 1 12576 22 0 1000 7000 0 1 1 0 1000 50 35000
0 1020 0 1 12599 23 0 1000 7000 0 1 1 0 1000 50 35000
0 1012 0 1 12621 22 0 1000 7000 0 1 1 0 1000 50 35000
0 1017 0 1 12644 23 0 1000 7000 0 1 1 0 1000 50 35000
0 1022 0 1 12666 22 0 1000 7000 0 1 1 0 1000 50 35000
0 1016 0 1 12690 24 0 1000 7000 0 1 1 0 1000 50 35000
0 1017 0 1 12712 22 0 1000 7000 0 1 1 0 1000 50 35000
0 1020 0 1 12735 23 0 1000 7000 0 1 1 0 1000 50 35000
0 1014 0 1 12758 23 0 1000 7000 0 1 1 0 1000 50 35000
0 1019 0 1 12780 22 0 1000 7000 0 1 1 0 1000 50 35000
0 1016 0 1 12803 23 0 1000 7000 0 1 1 0 1000 50 35000
0 1013 0 1 12825 22 0 1000 7000 0 1 1 0 1000 50 35000
0 1019 0 1 12848 23 0 1000 7000 0 1 1 0 1000 50 35000
0 1016 0 1 12870 22 0 1000 7000 0 1 1 0 1000 50 35000
0 1013 0 1 12893 23 0 1000 7000 0 1 1 0 1000 50 35000
0 1017 0 1 12915 22 0 1000 7000 0 1 1 0 1000 50 35000
0 1016 0 1 12938 23 0 1000 7000 0 1 1 0 1000 50 35000
0 1016 0 1 12960 22 0 1000 7000 0 1 1 0 1000 50 35000
0 1021 0 1 12983 23 0 1000 7000 0 1 1 0 1000 50 35000
0 1015 0 1 13005 22 0 1000 7000 0 1 1 0 1000 50 35000
0 1015 0 1 13028 23 0 1000 7000 0 1 1 0 1000 50 35000
0 1023 0 1 13050 22 0 1000 7000 0 1 1 0 1000 50 35000
0 1014 0 1 13073 23 0 1000 7000 0 1 1 0 1000 50 35000
0 1018 0 1 13095 22 0 1000 7000 0 1 1 0 1000 50 35000
0 1019 0 1 13118 23 0 1000 7000 0 1 1 0 1000 50 35000
0 1008 0 1 13142 24 0 1000 7000 0 1 1 0 1000 50 35000
0 1018 0 1 13164 22 0 1000 7000 0 1 1 0 1000 50 35000
0 1016 0 1 13187 23 0 1000 7000 0 1 1 0 1000 50 35000
0 1010 0 1 13209 22 0 1000 7000 0 1 1 0 1000 50 35000
0 1016 0 1 13232 23 0 1000 7000 0 1 1 0 1000 50 35000
0 1015 0 1 13254 22 0 1000 7000 0 1 1 0 1000 50 35000
0 1015 0 1 13277 23 0 1000 7000 0 1 1 0 1000 50 35000
0 1019 0 1 13299 22 0 1000 7000 0 1 1 0 1000 50 35000
0 1015 0 1 13322 23 0 1000 7000 0 1 1 0 1000 50 35000
0 1017 0 1 13344 22 0 1000 7000 0 1 1 0 1000 50 35000
0 1021 0 1 13367 23 0 1000 7000 0 1 1 0 1000 50 35000
0 1014 0 1 13389 22 0 1000 7000 0 1 1 0 1000 50 35000
0 1016 0 1 13412 23 0 1000 7000 0 1 1 0 1000 50 35000
0 1021 0 1 13434 22 0 1000 7000 0 1 1 0 1000 50 35000
0 1015 0 1 13457 23 0 1000 7000 0 1 1 0 1000 50 35000
0 1019 0 1 13479 22 0 1000 7000 0 1 1 0 1000 50 35000
0 1017 0 1 13502 23 0 1000 7000 0 1 1 0 1000 50 35000
0 1013 0 1 13524 22 0 1000 7000 0 1 1 0 1000 50 35000
0 1019 0 1 13547 23 0 1000 7000 0 1 1 0 1000 50 35000
0 1017 0 1 13570 23 0 1000 7000 0 1 1 0 1000 50 35000
0 1013 0 1 13593 23 0 1000 7000 0 1 1 0 1000 50 35000
0 1018 0 1 13616 23 0 1000 7000 0 1 1 0 1000 50 35000
0 1016 0 1 13638 22 0 1000 7000 0 1 1 0 1000 50 35000
0 1016 0 1 13661 23 0 1000 7000 0 1 1 0 1000 50 35000
0 1020 0 1 13683 22 0 1000 7000 0 1 1 0 1000 50 35000
0 1015 0 1 13706 23 0 1000 7000 0 1 1 0 1000 50 35000
0 1015 0 1 13728 22 0 1000 7000 0 1 1 0 1000 50 35000
0 1022 0 1 13751 23 0 1000 7000 0 1 1 0 1000 50 35000
0 1015 0 1 13773 22 0 1000 7000 0 1 1 0 1000 50 35000
0 1013 0 1 13796 23 0 1000 7000 0 1 1 0 1000 50 35000
0 1017 0 1 13818 22 0 1000 7000 0 1 1 0 1000 50 35000
0 1008 0 1 13841 23 0 1000 7000 0 1 1 0 1000 50 35000
0 1018 0 1 13863 22 0 1000 7000 0 1 1 0 1000 50 35000
0 1016 0 1 13886 23 0 1000 7000 0 1 1 0 1000 50 35000
0 1012 0 1 13908 22 0 1000 7000 0 1 1 0 1000 50 35000
0 1019 0 1 13931 23 0 1000 7000 0 1 1 0 1000 50 35000
0 1016 0 1 13954 23 0 1000 7000 0 1 1 0 1000 50 35000
0 1014 0 1 13976 22 0 1000 7000 0 1 1 0 1000 50 35000
0 1019 0 1 13999 23 0 1000 7000 0 1 1 0 1000 50 35000
0 1017 0 1 14022 23 0 1000 7000 0 1 1 0 1000 50 35000
0 1016 0 1 14045 23 0 1000 7000 0 1 1 0 1000 50 35000
0 1023 0 1 14067 22 0 1000 7000 0 1 1 0 1000 50 35000
0 1015 0 1 14090 23 0 1000 7000 0 1 1 0 1000 50 35000
0 1022 0 1 14112 22 0 1000 7000 0 1 1 0 1000 50 35000
0 1020 0 1 14135 23 0 1000 7000 0 1 1 0 1000 50 35000
0 1017 0 1 14157 22 0 1000 7000 0 1 1 0 1000 50 35000
0 1019 0 1 14180 23 0 1000 7000 0 1 1 0 1000 50 35000
0 1017 0 1 14202 22 0 1000 7000 0 1 1 0 1000 50 35000
0 1014 0 1 14225 23 0 1000 7000 0 1 1 0 1000 50 35000
0 1018 0 1 14247 22 0 1000 7000 0 1 1 0 1000 50 35000
0 1016 0 1 14270 23 0 1000 7000 0 1 1 0 1000 50 35000
0 1013 0 1 14292 22 0 1000 7000 0 1 1 0 1000 50 35000
0 1019 0 1 14315 23 0 1000 7000 0 1 1 0 1000 50 35000
0 1016 0 1 14338 23 0 1000 7000 0 1 1 0 1000 50 35000
0 1016 0 1 14360 22 0 1000 7000 0 1 1 0 1000 50 35000
0 1022 0 1 14383 23 0 1000 7000 0 1 1 0 1000 50 35000
0 1019 0 1 14405 22 0 1000 7000 0 1 1 0 1000 50 35000
0 1019 0 1 14428 23 0 1000 7000 0 1 1 0 1000 50 35000
0 1023 0 1 14451 23 0 1000 7000 0 1 1 0 1000 50 35000
0 1015 0 1 14474 23 0 1000 7000 0 1 1 0 1000 50 35000
0 1017 0 1 14496 22 0 1000 7000 0 1 1 0 1000 50 35000
0 1023 0 1 14519 23 0 1000 7000 0 1 1 0 1000 50 35000
0 1013 0 1 14541 22 0 1000 7000 0 1 1 0 1000 50 35000
0 1018 0 1 14564 23 0 1000 7000 0 1 1 0 1000 50 35000
0 1016 0 1 14586 22 0 1000 7000 0 1 1 0 1000 50 35000
0 1011 0 1 14609 23 0 1000 7000 0 1 1 0 1000 50 35000
0 1017 0 1 14631 22 0 1000 7000 0 1 1 0 1000 50 35000
0 1016 0 1 14654 23 0 1000 7000 0 1 1 0 1000 50 35000
0 1017 0 1 14676 22 0 1000 7000 0 1 1 0 1000 50 35000
0 1018 0 1 14699 23 0 1000 7000 0 1 1 0 1000 50 35000
0 1018 0 1 14722 23 0 1000 7000 0 1 1 0 1000 50 35000
0 1021 0 1 14744 22 0 1000 7000 0 1 1 0 1000 50 35000
0 1020 0 1 14767 23 0 1000 7000 0 1 1 0 1000 50 35000
0 1015 0 1 14789 22 0 1000 7000 0 1 1 0 1000 50 35000
0 1017 0 1 14812 23 0 1000 7000 0 1 1 0 1000 50 35000
0 1023 0 1 14834 22 0 1000 7000 0 1 1 0 1000 50 35000
0 1017 0 1 14857 23 0 1000 7000 0 1 1 0 1000 50 35000
0 1019 0 1 14880 23 0 1000 7000 0 1 1 0 1000 50 35000
0 1016 0 1 14903 23 0 1000 7000 0 1 1 0 1000 50 35000
0 1013 0 1 14925 22 0 1000 7000 0 1 1 0 1000 50 35000
0 1018 0 1 14948 23 0 1000 7000 0 1 1 0 1000 50 35000
0 1016 0 1 14970 22 0 1000 7000 0 1 1 0 1000 50 35000
0 1012 0 1 14993 23 0 1000 7000 0 1 1 0 1000 50 35000
0 1018 0 1 15015 22 0 1000 7000 0 1 1 0 1000 50 35000
0 1013 0 1 15038 23 0 1000 7000 0 1 1 0 1000 50 35000
0 1016 0 1 15060 22 0 1000 7000 0 1 1 0 1000 50 35000
0 1023 0 1 15083 23 0 1000 7000 0 1 1 0 1000 50 35000
0 1018 0 1 15106 23 0 1000 7000 0 1 1 0 1000 50 35000
0 1018 0 1 15128 22 0 1000 7000 0 1 1 0 1000 50 35000
0 1023 0 1 15151 23 0 1000 7000 0 1 1 0 1000 50 35000
0 1015 0 1 15173 22 0 1000 7000 0 1 1 0 1000 50 35000
0 1016 0 1 15196 23 0 1000 7000 0 1 1 0 1000 50 35000
0 1017 0 1 15218 22 0 1000 7000 0 1 1 0 1000 50 35000
0 1013 0 1 15241 23 0 1000 7000 0 1 1 0 1000 50 35000
0 1023 0 1 15263 22 0 1000 7000 0 1 1 0 1000 50 35000
0 1019 0 1 15287 24 0 1000 7000 0 1 1 0 1000 50 35000
0 1012 0 1 15309 22 0 1000 7000 0 1 1 0 1000 50 35000
0 1018 0 1 15332 23 0 1000 7000 0 1 1 0 1000 50 35000
0 1016 0 1 15354 22 0 1000 7000 0 1 1 0 1000 50 35000
0 1016 0 1 15377 23 0 1000 7000 0 1 1 0 1000 50 35000
0 1018 0 1 15399 22 0 1000 7000 0 1 1 0 1000 50 35000
0 1015 0 1 15422 23 0 1000 7000 0 1 1 0 1000 50 35000
0 1007 0 1 15444 22 0 1000 7000 0 1 1 0 1000 50 35000
0 1021 0 1 15467 23 0 1000 7000 0 1 1 0 1000 50 35000
0 1015 0 1 15490 23 0 1000 7000 0 1 1 0 1000 50 35000
0 1018 0 1 15512 22 0 1000 7000 0 1 1 0 1000 50 35000
0 1021 0 1 15535 23 0 1000 7000 0 1 1 0 1000 50 35000
0 1016 0 1 15557 22 0 1000 7000 0 1 1 0 1000 50 35000
0 1019 0 1 15580 23 0 1000 7000 0 1 1 0 1000 50 35000
0 1016 0 1 15602 22 0 1000 7000 0 1 1 0 1000 50 35000
0 1013 0 1 15625 23 0 1000 7000 0 1 1 0 1000 50 35000
0 1019 0 1 15647 22 0 1000 7000 0 1 1 0 1000 50 35000
0 1016 0 1 15670 23 0 1000 7000 0 1 1 0 1000 50 35000
0 1014 0 1 15692 22 0 1000 7000 0 1 1 0 1000 50 35000
0 1018 0 1 15716 24 0 1000 7000 0 1 1 0 1000 50 35000
0 1016 0 1 15738 22 0 1000 7000 0 1 1 0 1000 50 35000
0 1014 0 1 15761 23 0 1000 7000 0 1 1 0 1000 50 35000
0 1023 0 1 15783 22 0 1000 7000 0 1 1 0 1000 50 35000
0 1017 0 1 15806 23 0 1000 7000 0 1 1 0 1000 50 35000
0 1017 0 1 15828 22 0 1000 7000 0 1 1 0 1000 50 35000
0 1020 0 1 15851 23 0 1000 7000 0 1 1 0 1000 50 35000
0 1015 0 1 15874 23 0 1000 7000 0 1 1 0 1000 50 35000
0 1020 0 1 15896 22 0 1000 7000 0 1 1 0 1000 50 35000
0 1016 0 1 15919 23 0 1000 7000 0 1 1 0 1000 50 35000
0 1014 0 1 15941 22 0 1000 7000 0 1 1 0 1000 50 35000
0 1018 0 1 15964 23 0 1000 7000 0 1 1 0 1000 50 35000
0 1018 0 1 15986 22 0 1000 7000 0 1 1 0 1000 50 35000
0 1011 0 1 16009 23 0 1000 7000 0 1 1 0 1000 50 35000
0 1018 0 1 16031 22 0 1000 7000 0 1 1 0 1000 50 35000
0 1015 0 1 16054 23 0 1000 7000 0 1 1 0 1000 50 35000
0 1015 0 1 16076 22 0 1000 7000 0 1 1 0 1000 50 35000
0 1018 0 1 16099 23 0 1000 7000 0 1 1 0 1000 50 35000
0 1016 0 1 16121 22 0 1000 7000 0 1 1 0 1000 50 35000
0 1017 0 1 16145 24 0 1000 7000 0 1 1 0 1000 50 35000
0 1019 0 1 16167 22 0 1000 7000 0 1 1 0 1000 50 35000
0 1015 0 1 16190 23 0 1000 7000 0 1 1 0 1000 50 35000
0 1017 0 1 16212 22 0 1000 7000 0 1 1 0 1000 50 35000
0 1020 0 1 16235 23 0 1000 7000 0 1 1 0 1000 50 35000
0 1016 0 1 16258 23 0 1000 7000 0 1 1 0 1000 50 35000
0 1020 0 1 16280 22 0 1000 7000 0 1 1 0 1000 50 35000
0 1017 0 1 16303 23 0 1000 7000 0 1 1 0 1000 50 35000
0 1012 0 1 16325 22 0 1000 7000 0 1 1 0 1000 50 35000
0 1018 0 1 16348 23 0 1000 7000 0 1 1 0 1000 50 35000
0 1016 0 1 16370 22 0 1000 7000 0 1 1 0 1000 50 35000
0 1011 0 1 16393 23 0 1000 7000 0 1 1 0 1000 50 35000
0 1018 0 1 16415 22 0 1000 7000 0 1 1 0 1000 50 35000
0 1016 0 1 16438 23 0 1000 7000 0 1 1 0 1000 50 35000
0 1016 0 1 16460 22 0 1000 7000 0 1 1 0 1000 50 35000
0 1023 0 1 16483 23 0 1000 7000 0 1 1 0 1000 50 35000
0 1016 0 1 16505 22 0 1000 7000 0 1 1 0 1000 50 35000
0 1017 0 1 16528 23 0 1000 7000 0 1 1 0 1000 50 35000
0 1023 0 1 16550 22 0 1000 7000 0 1 1 0 1000 50 35000
0 1016 0 1 16573 23 0 1000 7000 0 1 1 0 1000 50 35000
0 1018 0 1 16596 23 0 1000 7000 0 1 1 0 1000 50 35000
0 1019 0 1 16619 23 0 1000 7000 0 1 1 0 1000 50 35000
0 1014 0 1 16642 23 0 1000 7000 0 1 1 0 1000 50 35000
0 1018 0 1 16664 22 0 1000 7000 0 1 1 0 1000 50 35000
0 1023 0 1 16687 23 0 1000 7000 0 1 1 0 1000 50 35000
0 1012 0 1 16709 22 0 1000 7000 0 1 1 0 1000 50 35000
0 1019 0 1 16732 23 0 1000 7000 0 1 1 0 1000 50 35000
0 1016 0 1 16754 22 0 1000 7000 0 1 1 0 1000 50 35000
0 1016 0 1 16777 23 0 1000 7000 0 1 1 0 1000 50 35000
0 1019 0 1 16799 22 0 1000 7000 0 1 1 0 1000 50 35000
0 1015 0 1 16822 23 0 1000 7000 0 1 1 0 1000 50 35000
0 1016 0 1 16844 22 0 1000 7000 0 1 1 0 1000 50 35000
0 1020 0 1 16867 23 0 1000 7000 0 1 1 0 1000 50 35000
0 1015 0 1 16889 22 0 1000 7000 0 1 1 0 1000 50 35000
0 1018 0 1 16912 23 0 1000 7000 0 1 1 0 1000 50 35000
0 1020 0 1 16934 22 0 1000 7000 0 1 1 0 1000 50 35000
0 1016 0 1 16957 23 0 1000 7000 0 1 1 0 1000 50 35000
0 1018 0 1 16979 22 0 1000 7000 0 1 1 0 1000 50 35000
0 1018 0 1 17002 23 0 1000 7000 0 1 1 0 1000 50 35000
0 1013 0 1 17026 24 0 1000 7000 0 1 1 0 1000 50 35000
0 1018 0 1 17048 22 0 1000 7000 0 1 1 0 1000 50 35000
0 1016 0 1 17071 23 0 1000 7000 0 1 1 0 1000 50 35000
0 1011 0 1 17093 22 0 1000 7000 0 1 1 0 1000 50 35000
0 1020 0 1 17116 23 0 1000 7000 0 1 1 0 1000 50 35000
0 1016 0 1 17138 22 0 1000 7000 0 1 1 0 1000 50 35000
0 1014 0 1 17161 23 0 1000 7000 0 1 1 0 1000 50 35000
0 1023 0 1 17183 22 0 1000 7000 0 1 1 0 1000 50 35000
0 1016 0 1 17206 23 0 1000 7000 0 1 1 0 1000 50 35000
0 1020 0 1 17228 22 0 1000 7000 0 1 1 0 1000 50 35000
0 1022 0 1 17251 23 0 1000 7000 0 1 1 0 1000 50 35000
0 1016 0 1 17273 22 0 1000 7000 0 1 1 0 1000 50 35000
0 1017 0 1 17296 23 0 1000 7000 0 1 1 0 1000 50 35000
0 1018 0 1 17318 22 0 1000 7000 0 1 1 0 1000 50 35000
0 1014 0 1 17341 23 0 1000 7000 0 1 1 0 1000 50 35000
0 1019 0 1 17363 22 0 1000 7000 0 1 1 0 1000 50 35000
0 1017 0 1 17386 23 0 1000 7000 0 1 1 0 1000 50 35000
0 1012 0 1 17409 23 0 1000 7000 0 1 1 0 1000 50 35000
0 1019 0 1 17431 22 0 1000 7000 0 1 1 0 1000 50 35000
0 1016 0 1 17455 24 0 1000 7000 0 1 1 0 1000 50 35000
0 1013 0 1 17477 22 0 1000 7000 0 1 1 0 1000 50 35000
0 1019 0 1 17500 23 0 1000 7000 0 1 1 0 1000 50 35000
0 1018 0 1 17522 22 0 1000 7000 0 1 1 0 1000 50 35000
0 1016 0 1 17545 23 0 1000 7000 0 1 1 0 1000 50 35000
0 1020 0 1 17567 22 0 1000 7000 0 1 1 0 1000 50 35000
0 1017 0 1 17590 23 0 1000 7000 0 1 1 0 1000 50 35000
0 1022 0 1 17612 22 0 1000 7000 0 1 1 0 1000 50 35000
0 1020 0 1 17635 23 0 1000 7000 0 1 1 0 1000 50 35000
0 1016 0 1 17657 22 0 1000 7000 0 1 1 0 1000 50 35000
0 1018 0 1 17680 23 0 1000 7000 0 1 1 0 1000 50 35000
0 1018 0 1 17702 22 0 1000 7000 0 1 1 0 1000 50 35000
0 1011 0 1 17725 23 0 1000 7000 0 1 1 0 1000 50 35000
0 1018 0 1 17747 22 0 1000 7000 0 1 1 0 1000 50 35000
0 1016 0 1 17770 23 0 1000 7000 0 1 1 0 1000 50 35000
0 1012 0 1 17793 23 0 1000 7000 0 1 1 0 1000 50 35000
0 1018 0 1 17815 22 0 1000 7000 0 1 1 0 1000 50 35000
0 1016 0 1 17838 23 0 1000 7000 0 1 1 0 1000 50 35000
0 1018 0 1 17860 22 0 1000 7000 0 1 1 0 1000 50 35000
0 1023 0 1 17884 24 0 1000 7000 0 1 1 0 1000 50 35000
0 1016 0 1 17906 22 0 1000 7000 0 1 1 0 1000 50 35000
0 1017 0 1 17929 23 0 1000 7000 0 1 1 0 1000 50 35000
0 1022 0 1 17951 22 0 1000 7000 0 1 1 0 1000 50 35000
0 1015 0 1 17974 23 0 1000 7000 0 1 1 0 1000 50 35000
0 1018 0 1 17996 22 0 1000 7000 0 1 1 0 1000 50 35000
0 1017 0 1 18019 23 0 1000 7000 0 1 1 0 1000 50 35000
0 1014 0 1 18041 22 0 1000 7000 0 1 1 0 1000 50 35000
0 1019 0 1 18064 23 0 1000 7000 0 1 1 0 1000 50 35000
0 1023 0 1 18086 22 0 1000 7000 0 1 1 0 1000 50 35000
0 1014 0 1 18109 23 0 1000 7000 0 1 1 0 1000 50 35000
0 1018 0 1 18131 22 0 1000 7000 0 1 1 0 1000 50 35000
0 1017 0 1 18154 23 0 1000 7000 0 1 1 0 1000 50 35000
0 1015 0 1 18177 23 0 1000 7000 0 1 1 0 1000 50 35000
0 1018 0 1 18199 22 0 1000 7000 0 1 1 0 1000 50 35000
0 1015 0 1 18222 23 0 1000 7000 0 1 1 0 1000 50 35000
0 1016 0 1 18244 22 0 1000 7000 0 1 1 0 1000 50 35000
0 1020 0 1 18267 23 0 1000 7000 0 1 1 0 1000 50 35000
0 1016 0 1 18289 22 0 1000 7000 0 1 1 0 1000 50 35000
0 1018 0 1 18313 24 0 1000 7000 0 1 1 0 1000 50 35000
0 1020 0 1 18335 22 0 1000 7000 0 1 1 0 1000 50 35000
0 1016 0 1 18358 23 0 1000 7000 0 1 1 0 1000 50 35000
0 1018 0 1 18380 22 0 1000 7000 0 1 1 0 1000 50 35000
0 1018 0 1 18403 23 0 1000 7000 0 1 1 0 1000 50 35000
0 1012 0 1 18425 22 0 1000 7000 0 1 1 0 1000 50 35000
0 1018 0 1 18448 23 0 1000 7000 0 1 1 0 1000 50 35000
0 1016 0 1 18470 22 0 1000 7000 0 1 1 0 1000 50 35000
0 1012 0 1 18493 23 0 1000 7000 0 1 1 0 1000 50 35000
0 1017 0 1 18515 22 0 1000 7000 0 1 1 0 1000 50 35000
0 1016 0 1 18538 23 0 1000 7000 0 1 1 0 1000 50 35000
0 1015 0 1 18561 23 0 1000 7000 0 1 1 0 1000 50 35000
0 1023 0 1 18583 22 0 1000 7000 0 1 1 0 1000 50 35000
0 1017 0 1 18606 23 0 1000 7000 0 1 1 0 1000 50 35000
0 1017 0 1 18628 22 0 1000 7000 0 1 1 0 1000 50 35000
0 1023 0 1 18651 23 0 1000 7000 0 1 1 0 1000 50 35000
0 1017 0 1 18673 22 0 1000 7000 0 1 1 0 1000 50 35000
0 1017 0 1 18696 23 0 1000 7000 0 1 1 0 1000 50 35000
0 1017 0 1 18718 22 0 1000 7000 0 1 1 0 1000 50 35000
0 1015 0 1 18742 24 0 1000 7000 0 1 1 0 1000 50 35000
0 1018 0 1 18764 22 0 1000 7000 0 1 1 0 1000 50 35000
0 1005 0 1 18787 23 0 1000 7000 0 1 1 0 1000 50 35000
0 1013 0 1 18809 22 0 1000 7000 0 1 1 0 1000 50 35000
0 1018 0 1 18832 23 0 1000 7000 0 1 1 0 1000 50 35000
0 1017 0 1 18854 22 0 1000 7000 0 1 1 0 1000 50 35000
0 1011 0 1 18877 23 0 1000 7000 0 1 1 0 1000 50 35000
0 1020 0 1 18899 22 0 1000 7000 0 1 1 0 1000 50 35000
0 1017 0 1 18922 23 0 1000 7000 0 1 1 0 1000 50 35000
0 1016 0 1 18945 23 0 1000 7000 0 1 1 0 1000 50 35000
0 1020 0 1 18967 22 0 1000 7000 0 1 1 0 1000 50 35000
0 1015 0 1 18990 23 0 1000 7000 0 1 1 0 1000 50 35000
0 1019 0 1 19012 22 0 1000 7000 0 1 1 0 1000 50 35000
0 1019 0 1 19035 23 0 1000 7000 0 1 1 0 1000 50 35000
0 1014 0 1 19057 22 0 1000 7000 0 1 1 0 1000 50 35000
0 1017 0 1 19080 23 0 1000 7000 0 1 1 0 1000 50 35000
0 1017 0 1 19102 22 0 1000 7000 0 1 1 0 1000 50 35000
0 1012 0 1 19126 24 0 1000 7000 0 1 1 0 1000 50 35000
0 1018 0 1 19148 22 0 1000 7000 0 1 1 0 1000 50 35000
0 1016 0 1 19171 23 0 1000 7000 0 1 1 0 1000 50 35000
0 1014 0 1 19193 22 0 1000 7000 0 1 1 0 1000 50 35000
0 1018 0 1 19216 23 0 1000 7000 0 1 1 0 1000 50 35000
0 1015 0 1 19238 22 0 1000 7000 0 1 1 0 1000 50 35000
0 1017 0 1 19261 23 0 1000 7000 0 1 1 0 1000 50 35000
0 1023 0 1 19283 22 0 1000 7000 0 1 1 0 1000 50 35000
0 1017 0 1 19306 23 0 1000 7000 0 1 1 0 1000 50 35000
0 1019 0 1 19329 23 0 1000 7000 0 1 1 0 1000 50 35000
0 1023 0 1 19351 22 0 1000 7000 0 1 1 0 1000 50 35000
0 1015 0 1 19374 23 0 1000 7000 0 1 1 0 1000 50 35000
0 1017 0 1 19396 22 0 1000 7000 0 1 1 0 1000 50 35000
0 1017 0 1 19419 23 0 1000 7000 0 1 1 0 1000 50 35000
0 1013 0 1 19441 22 0 1000 7000 0 1 1 0 1000 50 35000
0 1018 0 1 19464 23 0 1000 7000 0 1 1 0 1000 50 35000
0 1015 0 1 19486 22 0 1000 7000 0 1 1 0 1000 50 35000
0 1015 0 1 19509 23 0 1000 7000 0 1 1 0 1000 50 35000
0 1019 0 1 19532 23 0 1000 7000 0 1 1 0 1000 50 35000
0 1014 0 1 19555 23 0 1000 7000 0 1 1 0 1000 50 35000
0 1020 0 1 19577 22 0 1000 7000 0 1 1 0 1000 50 35000
0 1018 0 1 19600 23 0 1000 7000 0 1 1 0 1000 50 35000
0 1013 0 1 19622 22 0 1000 7000 0 1 1 0 1000 50 35000
0 1017 0 1 19645 23 0 1000 7000 0 1 1 0 1000 50 35000
0 1020 0 1 19667 22 0 1000 7000 0 1 1 0 1000 50 35000
0 1015 0 1 19690 23 0 1000 7000 0 1 1 0 1000 50 35000
0 1017 0 1 19713 23 0 1000 7000 0 1 1 0 1000 50 35000
0 1021 0 1 19735 22 0 1000 7000 0 1 1 0 1000 50 35000
0 1015 0 1 19758 23 0 1000 7000 0 1 1 0 1000 50 35000
0 1019 0 1 19780 22 0 1000 7000 0 1 1 0 1000 50 35000
0 1017 0 1 19803 23 0 1000 7000 0 1 1 0 1000 50 35000
0 1013 0 1 19825 22 0 1000 7000 0 1 1 0 1000 50 35000
0 1017 0 1 19848 23 0 1000 7000 0 1 1 0 1000 50 35000
0 1015 0 1 19870 22 0 1000 7000 0 1 1 0 1000 50 35000
0 1012 0 1 19893 23 0 1000 7000 0 1 1 0 1000 50 35000
0 1018 0 1 19915 22 0 1000 7000 0 1 1 0 1000 50 35000
0 1016 0 1 19939 24 0 1000 7000 0 1 1 0 1000 50 35000
0 1016 0 1 19961 22 0 1000 7000 0 1 1 0 1000 50 35000
0 1023 0 1 19984 23 0 1000 7000 0 1 1 0 1000 50 35000
0 1020 0 1 20006 22 0 1000 7000 0 1 1 0 1000 50 35000
0 1018 0 1 20029 23 0 1000 7000 0 1 1 0 1000 50 35000
0 1022 0 1 20051 22 0 1000 7000 0 1 1 0 1000 50 35000
0 1015 0 1 20074 23 0 1000 7000 0 1 1 0 1000 50 35000
0 1020 0 1 20097 23 0 1000 7000 0 1 1 0 1000 50 35000
0 1017 0 1 20119 22 0 1000 7000 0 1 1 0 1000 50 35000
0 1011 0 1 20142 23 0 1000 7000 0 1 1 0 1000 50 35000
0 1018 0 1 20164 22 0 1000 7000 0 1 1 0 1000 50 35000
0 1016 0 1 20187 23 0 1000 7000 0 1 1 0 1000 50 35000
0 1011 0 1 20209 22 0 1000 7000 0 1 1 0 1000 50 35000
0 1019 0 1 20232 23 0 1000 7000 0 1 1 0 1000 50 35000
0 1016 0 1 20254 22 0 1000 7000 0 1 1 0 1000 50 35000
0 1010 0 1 20277 23 0 1000 7000 0 1 1 0 1000 50 35000
0 1020 0 1 20299 22 0 1000 7000 0 1 1 0 1000 50 35000
0 1016 0 1 20323 24 0 1000 7000 0 1 1 0 1000 50 35000
0 1016 0 1 20345 22 0 1000 7000 0 1 1 0 1000 50 35000
0 1021 0 1 20368 23 0 1000 7000 0 1 1 0 1000 50 35000
0 1018 0 1 20390 22 0 1000 7000 0 1 1 0 1000 50 35000
0 1017 0 1 20413 23 0 1000 7000 0 1 1 0 1000 50 35000
0 1019 0 1 20435 22 0 1000 7000 0 1 1 0 1000 50 35000
0 1015 0 1 20458 23 0 1000 7000 0 1 1 0 1000 50 35000
0 1019 0 1 20481 23 0 1000 7000 0 1 1 0 1000 50 35000
0 1016 0 1 20503 22 0 1000 7000 0 1 1 0 1000 50 35000
0 1013 0 1 20526 23 0 1000 7000 0 1 1 0 1000 50 35000
0 1018 0 1 20548 22 0 1000 7000 0 1 1 0 1000 50 35000
0 1015 0 1 20571 23 0 1000 7000 0 1 1 0 1000 50 35000
0 1012 0 1 20593 22 0 1000 7000 0 1 1 0 1000 50 35000
0 1018 0 1 20616 23 0 1000 7000 0 1 1 0 1000 50 35000
0 1016 0 1 20638 22 0 1000 7000 0 1 1 0 1000 50 35000
0 1016 0 1 20661 23 0 1000 7000 0 1 1 0 1000 50 35000
0 1023 0 1 20683 22 0 1000 7000 0 1 1 0 1000 50 35000
0 1017 0 1 20706 23 0 1000 7000 0 1 1 0 1000 50 35000
0 1018 0 1 20728 22 0 1000 7000 0 1 1 0 1000 50 35000
0 1022 0 1 20752 24 0 1000 7000 0 1 1 0 1000 50 35000
0 1015 0 1 20774 22 0 1000 7000 0 1 1 0 1000 50 35000
0 1017 0 1 20797 23 0 1000 7000 0 1 1 0 1000 50 35000
0 1017 0 1 20819 22 0 1000 7000 0 1 1 0 1000 50 35000
0 1007 0 1 20842 23 0 1000 7000 0 1 1 0 1000 50 35000
0 1019 0 1 20865 23 0 1000 7000 0 1 1 0 1000 50 35000
0 1017 0 1 20887 22 0 1000 7000 0 1 1 0 1000 50 35000
0 1009 0 1 20910 23 0 1000 7000 0 1 1 0 1000 50 35000
0 1018 0 1 20932 22 0 1000 7000 0 1 1 0 1000 50 35000
0 1016 0 1 20955 23 0 1000 7000 0 1 1 0 1000 50 35000
0 1016 0 1 20977 22 0 1000 7000 0 1 1 0 1000 50 35000
0 1022 0 1 21000 23 0 1000 7000 0 1 1 0 1000 50 35000
0 1015 0 1 21022 22 0 1000 7000 0 1 1 0 1000 50 35000
0 1017 0 1 21045 23 0 1000 7000 0 1 1 0 1000 50 35000
0 1022 0 1 21067 22 0 1000 7000 0 1 1 0 1000 50 35000
0 1012 0 1 21090 23 0 1000 7000 0 1 1 0 1000 50 35000
0 1017 0 1 21112 22 0 1000 7000 0 1 1 0 1000 50 35000
0 1018 0 1 21135 23 0 1000 7000 0 1 1 0 1000 50 35000
0 1015 0 1 21158 23 0 1000 7000 0 1 1 0 1000 50 35000
0 1018 0 1 21181 23 0 1000 7000 0 1 1 0 1000 50 35000
0 1016 0 1 21203 22 0 1000 7000 0 1 1 0 1000 50 35000
0 1013 0 1 21226 23 0 1000 7000 0 1 1 0 1000 50 35000
0 1018 0 1 21249 23 0 1000 7000 0 1 1 0 1000 50 35000
0 1016 0 1 21271 22 0 1000 7000 0 1 1 0 1000 50 35000
0 1013 0 1 21294 23 0 1000 7000 0 1 1 0 1000 50 35000
0 1018 0 1 21316 22 0 1000 7000 0 1 1 0 1000 50 35000
0 1016 0 1 21339 23 0 1000 7000 0 1 1 0 1000 50 35000
0 1016 0 1 21361 22 0 1000 7000 0 1 1 0 1000 50 35000
0 1020 0 1 21384 23 0 1000 7000 0 1 1 0 1000 50 35000
0 1013 0 1 21406 22 0 1000 7000 0 1 1 0 1000 50 35000
0 1014 0 1 21429 23 0 1000 7000 0 1 1 0 1000 50 35000
0 1020 0 1 21451 22 0 1000 7000 0 1 1 0 1000 50 35000
0 1014 0 1 21474 23 0 1000 7000 0 1 1 0 1000 50 35000
0 1017 0 1 21496 22 0 1000 7000 0 1 1 0 1000 50 35000
0 1023 0 1 21519 23 0 1000 7000 0 1 1 0 1000 50 35000
0 1009 0 1 21542 23 0 1000 7000 0 1 1 0 1000 50 35000
0 1017 0 1 21565 23 0 1000 7000 0 1 1 0 1000 50 35000
0 1010 0 1 21587 22 0 1000 7000 0 1 1 0 1000 50 35000
0 1011 0 1 21610 23 0 1000 7000 0 1 1 0 1000 50 35000
0 1015 0 1 21633 23 0 1000 7000 0 1 1 0 1000 50 35000
0 1016 0 1 21655 22 0 1000 7000 0 1 1 0 1000 50 35000
0 1009 0 1 21678 23 0 1000 7000 0 1 1 0 1000 50 35000
0 1023 0 1 21700 22 0 1000 7000 0 1 1 0 1000 50 35000
0 1015 0 1 21723 23 0 1000 7000 0 1 1 0 1000 50 35000
0 1017 0 1 21745 22 0 1000 7000 0 1 1 0 1000 50 35000
0 1023 0 1 21768 23 0 1000 7000 0 1 1 0 1000 50 35000
0 1015 0 1 21790 22 0 1000 7000 0 1 1 0 1000 50 35000
0 1016 0 1 21813 23 0 1000 7000 0 1 1 0 1000 50 35000
0 1019 0 1 21835 22 0 1000 7000 0 1 1 0 1000 50 35000
0 1013 0 1 21858 23 0 1000 7000 0 1 1 0 1000 50 35000
0 1019 0 1 21880 22 0 1000 7000 0 1 1 0 1000 50 35000
0 1017 0 1 21903 23 0 1000 7000 0 1 1 0 1000 50 35000
0 1011 0 1 21926 23 0 1000 7000 0 1 1 0 1000 50 35000
0 1017 0 1 21949 23 0 1000 7000 0 1 1 0 1000 50 35000
0 1016 0 1 21971 22 0 1000 7000 0 1 1 0 1000 50 35000
0 1016 0 1 21994 23 0 1000 7000 0 1 1 0 1000 50 35000
0 1018 0 1 22017 23 0 1000 7000 0 1 1 0 1000 50 35000
0 1015 0 1 22039 22 0 1000 7000 0 1 1 0 1000 50 35000
0 1017 0 1 22062 23 0 1000 7000 0 1 1 0 1000 50 35000
0 1019 0 1 22084 22 0 1000 7000 0 1 1 0 1000 50 35000
0 1015 0 1 22107 23 0 1000 7000 0 1 1 0 1000 50 35000
0 1019 0 1 22129 22 0 1000 7000 0 1 1 0 1000 50 35000
0 1020 0 1 22152 23 0 1000 7000 0 1 1 0 1000 50 35000
0 1015 0 1 22174 22 0 1000 7000 0 1 1 0 1000 50 35000
0 1018 0 1 22197 23 0 1000 7000 0 1 1 0 1000 50 35000
0 1016 0 1 22219 22 0 1000 7000 0 1 1 0 1000 50 35000
0 1014 0 1 22242 23 0 1000 7000 0 1 1 0 1000 50 35000
0 1017 0 1 22264 22 0 1000 7000 0 1 1 0 1000 50 35000
0 1016 0 1 22287 23 0 1000 7000 0 1 1 0 1000 50 35000
0 1012 0 1 22310 23 0 1000 7000 0 1 1 0 1000 50 35000
0 1018 0 1 22333 23 0 1000 7000 0 1 1 0 1000 50 35000
0 1015 0 1 22355 22 0 1000 7000 0 1 1 0 1000 50 35000
0 1008 0 1 22378 23 0 1000 7000 0 1 1 0 1000 50 35000
0 1023 0 1 22401 23 0 1000 7000 0 1 1 0 1000 50 35000
0 1015 0 1 22423 22 0 1000 7000 0 1 1 0 1000 50 35000
0 1017 0 1 22446 23 0 1000 7000 0 1 1 0 1000 50 35000
0 1020 0 1 22468 22 0 1000 7000 0 1 1 0 1000 50 35000
0 1015 0 1 22491 23 0 1000 7000 0 1 1 0 1000 50 35000
0 1014 0 1 22513 22 0 1000 7000 0 1 1 0 1000 50 35000
0 1016 0 1 22536 23 0 1000 7000 0 1 1 0 1000 50 35000
0 1004 0 1 22558 22 0 1000 7000 0 1 1 0 1000 50 35000
0 1017 0 1 22581 23 0 1000 7000 0 1 1 0 1000 50 35000
0 1016 0 1 22603 22 0 1000 7000 0 1 1 0 1000 50 35000
0 1011 0 1 22626 23 0 1000 7000 0 1 1 0 1000 50 35000
0 1018 0 1 22648 22 0 1000 7000 0 1 1 0 1000 50 35000
0 1016 0 1 22671 23 0 1000 7000 0 1 1 0 1000 50 35000
0 1016 0 1 22693 22 0 1000 7000 0 1 1 0 1000 50 35000
0 1019 0 1 22716 23 0 1000 7000 0 1 1 0 1000 50 35000
0 1015 0 1 22739 23 0 1000 7000 0 1 1 0 1000 50 35000
0 1016 0 1 22762 23 0 1000 7000 0 1 1 0 1000 50 35000
0 1019 0 1 22785 23 0 1000 7000 0 1 1 0 1000 50 35000
0 1015 0 1 22807 22 0 1000 7000 0 1 1 0 1000 50 35000
0 1017 0 1 22830 23 0 1000 7000 0 1 1 0 1000 50 35000
0 1021 0 1 22852 22 0 1000 7000 0 1 1 0 1000 50 35000
0 1013 0 1 22875 23 0 1000 7000 0 1 1 0 1000 50 35000
0 1018 0 1 22897 22 0 1000 7000 0 1 1 0 1000 50 35000
0 1017 0 1 22920 23 0 1000 7000 0 1 1 0 1000 50 35000
0 1013 0 1 22942 22 0 1000 7000 0 1 1 0 1000 50 35000
0 1016 0 1 22965 23 0 1000 7000 0 1 1 0 1000 50 35000
0 1017 0 1 22987 22 0 1000 7000 0 1 1 0 1000 50 35000
0 1012 0 1 23010 23 0 1000 7000 0 1 1 0 1000 50 35000
0 1017 0 1 23032 22 0 1000 7000 0 1 1 0 1000 50 35000
0 1015 0 1 23055 23 0 1000 7000 0 1 1 0 1000 50 35000
0 1015 0 1 23077 22 0 1000 7000 0 1 1 0 1000 50 35000
0 1022 0 1 23100 23 0 1000 7000 0 1 1 0 1000 50 35000
0 1016 0 1 23122 22 0 1000 7000 0 1 1 0 1000 50 35000
0 1017 0 1 23146 24 0 1000 7000 0 1 1 0 1000 50 35000
0 1021 0 1 23169 23 0 1000 7000 0 1 1 0 1000 50 35000
0 1016 0 1 23191 22 0 1000 7000 0 1 1 0 1000 50 35000
0 1018 0 1 23214 23 0 1000 7000 0 1 1 0 1000 50 35000
0 1023 0 1 23236 22 0 1000 7000 0 1 1 0 1000 50 35000
0 1007 0 1 23259 23 0 1000 7000 0 1 1 0 1000 50 35000
0 1018 0 1 23281 22 0 1000 7000 0 1 1 0 1000 50 35000
0 1017 0 1 23304 23 0 1000 7000 0 1 1 0 1000 50 35000
0 1010 0 1 23326 22 0 1000 7000 0 1 1 0 1000 50 35000
0 1017 0 1 23349 23 0 1000 7000 0 1 1 0 1000 50 35000
0 1014 0 1 23371 22 0 1000 7000 0 1 1 0 1000 50 35000
0 1014 0 1 23394 23 0 1000 7000 0 1 1 0 1000 50 35000
0 1019 0 1 23416 22 0 1000 7000 0 1 1 0 1000 50 35000
0 1015 0 1 23439 23 0 1000 7000 0 1 1 0 1000 50 35000
0 1015 0 1 23461 22 0 1000 7000 0 1 1 0 1000 50 35000
0 1017 0 1 23484 23 0 1000 7000 0 1 1 0 1000 50 35000
0 1014 0 1 23506 22 0 1000 7000 0 1 1 0 1000 50 35000
0 1018 0 1 23529 23 0 1000 7000 0 1 1 0 1000 50 35000
0 1017 0 1 23553 24 0 1000 7000 0 1 1 0 1000 50 35000
0 1017 0 1 23575 22 0 1000 7000 0 1 1 0 1000 50 35000
0 1016 0 1 23598 23 0 1000 7000 0 1 1 0 1000 50 35000
0 1016 0 1 23620 22 0 1000 7000 0 1 1 0 1000 50 35000
0 1013 0 1 23643 23 0 1000 7000 0 1 1 0 1000 50 35000
0 1018 0 1 23665 22 0 1000 7000 0 1 1 0 1000 50 35000
0 1016 0 1 23688 23 0 1000 7000 0 1 1 0 1000 50 35000
0 1012 0 1 23710 22 0 1000 7000 0 1 1 0 1000 50 35000
0 1017 0 1 23733 23 0 1000 7000 0 1 1 0 1000 50 35000
0 1018 0 1 23755 22 0 1000 7000 0 1 1 0 1000 50 35000
0 1015 0 1 23778 23 0 1000 7000 0 1 1 0 1000 50 35000
0 1021 0 1 23800 22 0 1000 7000 0 1 1 0 1000 50 35000
0 1015 0 1 23823 23 0 1000 7000 0 1 1 0 1000 50 35000
0 1017 0 1 23845 22 0 1000 7000 0 1 1 0 1000 50 35000
0 1021 0 1 23868 23 0 1000 7000 0 1 1 0 1000 50 35000
0 1015 0 1 23890 22 0 1000 7000 0 1 1 0 1000 50 35000
0 1017 0 1 23913 23 0 1000 7000 0 1 1 0 1000 50 35000
0 1016 0 1 23936 23 0 1000 7000 0 1 1 0 1000 50 35000
0 1013 0 1 23958 22 0 1000 7000 0 1 1 0 1000 50 35000
0 1019 0 1 23982 24 0 1000 7000 0 1 1 0 1000 50 35000
0 1016 0 1 24004 22 0 1000 7000 0 1 1 0 1000 50 35000
0 1009 0 1 24027 23 0 1000 7000 0 1 1 0 1000 50 35000
0 1018 0 1 24049 22 0 1000 7000 0 1 1 0 1000 50 35000
0 1015 0 1 24072 23 0 1000 7000 0 1 1 0 1000 50 35000
0 1017 0 1 24094 22 0 1000 7000 0 1 1 0 1000 50 35000
0 1019 0 1 24117 23 0 1000 7000 0 1 1 0 1000 50 35000
0 1015 0 1 24139 22 0 1000 7000 0 1 1 0 1000 50 35000
0 1014 0 1 24162 23 0 1000 7000 0 1 1 0 1000 50 35000
0 1021 0 1 24184 22 0 1000 7000 0 1 1 0 1000 50 35000
0 1013 0 1 24207 23 0 1000 7000 0 1 1 0 1000 50 35000
0 1017 0 1 24229 22 0 1000 7000 0 1 1 0 1000 50 35000
0 1017 0 1 24252 23 0 1000 7000 0 1 1 0 1000 50 35000
0 1015 0 1 24274 22 0 1000 7000 0 1 1 0 1000 50 35000
0 1020 0 1 24297 23 0 1000 7000 0 1 1 0 1000 50 35000
0 1018 0 1 24320 23 0 1000 7000 0 1 1 0 1000 50 35000
0 1013 0 1 24342 22 0 1000 7000 0 1 1 0 1000 50 35000
0 1019 0 1 24365 23 0 1000 7000 0 1 1 0 1000 50 35000
0 1016 0 1 24387 22 0 1000 7000 0 1 1 0 1000 50 35000
0 1012 0 1 24411 24 0 1000 7000 0 1 1 0 1000 50 35000
0 1017 0 1 24433 22 0 1000 7000 0 1 1 0 1000 50 35000
0 1015 0 1 24456 23 0 1000 7000 0 1 1 0 1000 50 35000
0 1016 0 1 24478 22 0 1000 7000 0 1 1 0 1000 50 35000
0 1020 0 1 24501 23 0 1000 7000 0 1 1 0 1000 50 35000
0 1015 0 1 24523 22 0 1000 7000 0 1 1 0 1000 50 35000
0 1017 0 1 24546 23 0 1000 7000 0 1 1 0 1000 50 35000
0 1021 0 1 24568 22 0 1000 7000 0 1 1 0 1000 50 35000
0 1015 0 1 24591 23 0 1000 7000 0 1 1 0 1000 50 35000
0 1018 0 1 24613 22 0 1000 7000 0 1 1 0 1000 50 35000
0 1017 0 1 24636 23 0 1000 7000 0 1 1 0 1000 50 35000
0 1009 0 1 24658 22 0 1000 7000 0 1 1 0 1000 50 35000
0 1017 0 1 24681 23 0 1000 7000 0 1 1 0 1000 50 35000
0 1015 0 1 24704 23 0 1000 7000 0 1 1 0 1000 50 35000
0 1010 0 1 24726 22 0 1000 7000 0 1 1 0 1000 50 35000
0 1020 0 1 24749 23 0 1000 7000 0 1 1 0 1000 50 35000
0 1016 0 1 24771 22 0 1000 7000 0 1 1 0 1000 50 35000
0 1016 0 1 24794 23 0 1000 7000 0 1 1 0 1000 50 35000
0 1021 0 1 24817 23 0 1000 7000 0 1 1 0 1000 50 35000
0 1015 0 1 24840 23 0 1000 7000 0 1 1 0 1000 50 35000
0 1016 0 1 24862 22 0 1000 7000 0 1 1 0 1000 50 35000
0 1023 0 1 24885 23 0 1000 7000 0 1 1 0 1000 50 35000
0 1015 0 1 24907 22 0 1000 7000 0 1 1 0 1000 50 35000
0 1019 0 1 24930 23 0 1000 7000 0 1 1 0 1000 50 35000
0 1017 0 1 24952 22 0 1000 7000 0 1 1 0 1000 50 35000
0 1017 0 1 24975 23 0 1000 7000 0 1 1 0 1000 50 35000
0 1018 0 1 24997 22 0 1000 7000 0 1 1 0 1000 50 35000
0 1015 0 1 25020 23 0 1000 7000 0 1 1 0 1000 50 35000
0 1012 0 1 25042 22 0 1000 7000 0 1 1 0 1000 50 35000
0 1018 0 1 25065 23 0 1000 7000 0 1 1 0 1000 50 35000
0 1016 0 1 25088 23 0 1000 7000 0 1 1 0 1000 50 35000
0 1011 0 1 25110 22 0 1000 7000 0 1 1 0 1000 50 35000
0 1018 0 1 25133 23 0 1000 7000 0 1 1 0 1000 50 35000
0 1014 0 1 25155 22 0 1000 7000 0 1 1 0 1000 50 35000
0 1016 0 1 25178 23 0 1000 7000 0 1 1 0 1000 50 35000
0 1020 0 1 25200 22 0 1000 7000 0 1 1 0 1000 50 35000
0 1015 0 1 25224 24 0 1000 7000 0 1 1 0 1000 50 35000
0 1017 0 1 25246 22 0 1000 7000 0 1 1 0 1000 50 35000
0 1020 0 1 25269 23 0 1000 7000 0 1 1 0 1000 50 35000
0 1015 0 1 25291 22 0 1000 7000 0 1 1 0 1000 50 35000
0 1017 0 1 25314 23 0 1000 7000 0 1 1 0 1000 50 35000
0 1017 0 1 25336 22 0 1000 7000 0 1 1 0 1000 50 35000
0 1006 0 1 25359 23 0 1000 7000 0 1 1 0 1000 50 35000
0 1022 0 1 25381 22 0 1000 7000 0 1 1 0 1000 50 35000
0 1017 0 1 25404 23 0 1000 7000 0 1 1 0 1000 50 35000
0 1010 0 1 25426 22 0 1000 7000 0 1 1 0 1000 50 35000
0 1017 0 1 25449 23 0 1000 7000 0 1 1 0 1000 50 35000
0 1015 0 1 25472 23 0 1000 7000 0 1 1 0 1000 50 35000
0 1015 0 1 25494 22 0 1000 7000 0 1 1 0 1000 50 35000
0 1023 0 1 25517 23 0 1000 7000 0 1 1 0 1000 50 35000
0 1015 0 1 25539 22 0 1000 7000 0 1 1 0 1000 50 35000
0 1016 0 1 25562 23 0 1000 7000 0 1 1 0 1000 50 35000
0 1023 0 1 25584 22 0 1000 7000 0 1 1 0 1000 50 35000
0 1016 0 1 25607 23 0 1000 7000 0 1 1 0 1000 50 35000
0 1018 0 1 25630 23 0 1000 7000 0 1 1 0 1000 50 35000
0 1018 0 1 25653 23 0 1000 7000 0 1 1 0 1000 50 35000
0 1014 0 1 25675 22 0 1000 7000 0 1 1 0 1000 50 35000
0 1018 0 1 25698 23 0 1000 7000 0 1 1 0 1000 50 35000
0 1016 0 1 25720 22 0 1000 7000 0 1 1 0 1000 50 35000
0 1012 0 1 25743 23 0 1000 7000 0 1 1 0 1000 50 35000
0 1017 0 1 25765 22 0 1000 7000 0 1 1 0 1000 50 35000
0 1018 0 1 25788 23 0 1000 7000 0 1 1 0 1000 50 35000
0 1012 0 1 25810 22 0 1000 7000 0 1 1 0 1000 50 35000
0 1017 0 1 25833 23 0 1000 7000 0 1 1 0 1000 50 35000
0 1015 0 1 25856 23 0 1000 7000 0 1 1 0 1000 50 35000
0 1016 0 1 25878 22 0 1000 7000 0 1 1 0 1000 50 35000
0 1020 0 1 25901 23 0 1000 7000 0 1 1 0 1000 50 35000
0 1017 0 1 25923 22 0 1000 7000 0 1 1 0 1000 50 35000
0 1019 0 1 25946 23 0 1000 7000 0 1 1 0 1000 50 35000
0 1023 0 1 25968 22 0 1000 7000 0 1 1 0 1000 50 35000
0 1016 0 1 25991 23 0 1000 7000 0 1 1 0 1000 50 35000
0 1017 0 1 26013 22 0 1000 7000 0 1 1 0 1000 50 35000
0 1017 0 1 26036 23 0 1000 7000 0 1 1 0 1000 50 35000
0 1011 0 1 26058 22 0 1000 7000 0 1 1 0 1000 50 35000
0 1016 0 1 26081 23 0 1000 7000 0 1 1 0 1000 50 35000
0 1016 0 1 26104 23 0 1000 7000 0 1 1 0 1000 50 35000
0 1010 0 1 26127 23 0 1000 7000 0 1 1 0 1000 50 35000
0 1017 0 1 26149 22 0 1000 7000 0 1 1 0 1000 50 35000
0 1015 0 1 26172 23 0 1000 7000 0 1 1 0 1000 50 35000
0 1017 0 1 26194 22 0 1000 7000 0 1 1 0 1000 50 35000
0 1023 0 1 26217 23 0 1000 7000 0 1 1 0 1000 50 35000
0 1015 0 1 26240 23 0 1000 7000 0 1 1 0 1000 50 35000
0 1016 0 1 26262 22 0 1000 7000 0 1 1 0 1000 50 35000
0 1022 0 1 26285 23 0 1000 7000 0 1 1 0 1000 50 35000
0 1015 0 1 26307 22 0 1000 7000 0 1 1 0 1000 50 35000
0 1017 0 1 26330 23 0 1000 7000 0 1 1 0 1000 50 35000
0 1017 0 1 26352 22 0 1000 7000 0 1 1 0 1000 50 35000
0 1014 0 1 26375 23 0 1000 7000 0 1 1 0 1000 50 35000
0 1017 0 1 26397 22 0 1000 7000 0 1 1 0 1000 50 35000
0 1016 0 1 26420 23 0 1000 7000 0 1 1 0 1000 50 35000
0 1012 0 1 26442 22 0 1000 7000 0 1 1 0 1000 50 35000
0 1016 0 1 26465 23 0 1000 7000 0 1 1 0 1000 50 35000
0 1016 0 1 26487 22 0 1000 7000 0 1 1 0 1000 50 35000
0 1013 0 1 26510 23 0 1000 7000 0 1 1 0 1000 50 35000
0 1018 0 1 26533 23 0 1000 7000 0 1 1 0 1000 50 35000
0 1014 0 1 26556 23 0 1000 7000 0 1 1 0 1000 50 35000
0 1016 0 1 26578 22 0 1000 7000 0 1 1 0 1000 50 35000
0 1018 0 1 26601 23 0 1000 7000 0 1 1 0 1000 50 35000
0 1013 0 1 26624 23 0 1000 7000 0 1 1 0 1000 50 35000
0 1017 0 1 26646 22 0 1000 7000 0 1 1 0 1000 50 35000
0 1021 0 1 26669 23 0 1000 7000 0 1 1 0 1000 50 35000
0 1015 0 1 26691 22 0 1000 7000 0 1 1 0 1000 50 35000
0 1017 0 1 26714 23 0 1000 7000 0 1 1 0 1000 50 35000
0 1017 0 1 26736 22 0 1000 7000 0 1 1 0 1000 50 35000
0 1010 0 1 26759 23 0 1000 7000 0 1 1 0 1000 50 35000
0 1017 0 1 26781 22 0 1000 7000 0 1 1 0 1000 50 35000
0 1015 0 1 26804 23 0 1000 7000 0 1 1 0 1000 50 35000
0 1010 0 1 26826 22 0 1000 7000 0 1 1 0 1000 50 35000
0 1017 0 1 26849 23 0 1000 7000 0 1 1 0 1000 50 35000
0 1016 0 1 26871 22 0 1000 7000 0 1 1 0 1000 50 35000
0 1016 0 1 26894 23 0 1000 7000 0 1 1 0 1000 50 35000
0 1023 0 1 26916 22 0 1000 7000 0 1 1 0 1000 50 35000
0 1016 0 1 26939 23 0 1000 7000 0 1 1 0 1000 50 35000
0 1018 0 1 26962 23 0 1000 7000 0 1 1 0 1000 50 35000
0 1023 0 1 26985 23 0 1000 7000 0 1 1 0 1000 50 35000
0 1014 0 1 27008 23 0 1000 7000 0 1 1 0 1000 50 35000
0 1013 0 1 27030 22 0 1000 7000 0 1 1 0 1000 50 35000
0 1017 0 1 27053 23 0 1000 7000 0 1 1 0 1000 50 35000
0 1013 0 1 27075 22 0 1000 7000 0 1 1 0 1000 50 35000
0 1018 0 1 27098 23 0 1000 7000 0 1 1 0 1000 50 35000
0 1005 0 1 27120 22 0 1000 7000 0 1 1 0 1000 50 35000
0 1011 0 1 27143 23 0 1000 7000 0 1 1 0 1000 50 35000
0 1021 0 1 27165 22 0 1000 7000 0 1 1 0 1000 50 35000
0 1015 0 1 27188 23 0 1000 7000 0 1 1 0 1000 50 35000
0 1013 0 1 27210 22 0 1000 7000 0 1 1 0 1000 50 35000
0 1018 0 1 27233 23 0 1000 7000 0 1 1 0 1000 50 35000
0 1014 0 1 27255 22 0 1000 7000 0 1 1 0 1000 50 35000
0 1015 0 1 27278 23 0 1000 7000 0 1 1 0 1000 50 35000
0 1019 0 1 27300 22 0 1000 7000 0 1 1 0 1000 50 35000
0 1014 0 1 27323 23 0 1000 7000 0 1 1 0 1000 50 35000
0 1017 0 1 27345 22 0 1000 7000 0 1 1 0 1000 50 35000
0 1020 0 1 27368 23 0 1000 7000 0 1 1 0 1000 50 35000
0 1016 0 1 27392 24 0 1000 7000 0 1 1 0 1000 50 35000
0 1015 0 1 27414 22 0 1000 7000 0 1 1 0 1000 50 35000
0 1023 0 1 27437 23 0 1000 7000 0 1 1 0 1000 50 35000
0 1017 0 1 27459 22 0 1000 7000 0 1 1 0 1000 50 35000
0 1017 0 1 27482 23 0 1000 7000 0 1 1 0 1000 50 35000
0 1015 0 1 27504 22 0 1000 7000 0 1 1 0 1000 50 35000
0 1011 0 1 27527 23 0 1000 7000 0 1 1 0 1000 50 35000
0 1017 0 1 27549 22 0 1000 7000 0 1 1 0 1000 50 35000
0 1015 0 1 27572 23 0 1000 7000 0 1 1 0 1000 50 35000
0 1014 0 1 27594 22 0 1000 7000 0 1 1 0 1000 50 35000
0 1023 0 1 27617 23 0 1000 7000 0 1 1 0 1000 50 35000
0 1015 0 1 27639 22 0 1000 7000 0 1 1 0 1000 50 35000
0 1018 0 1 27662 23 0 1000 7000 0 1 1 0 1000 50 35000
0 1022 0 1 27684 22 0 1000 7000 0 1 1 0 1000 50 35000
0 1015 0 1 27707 23 0 1000 7000 0 1 1 0 1000 50 35000
0 1017 0 1 27729 22 0 1000 7000 0 1 1 0 1000 50 35000
0 1015 0 1 27752 23 0 1000 7000 0 1 1 0 1000 50 35000
0 1013 0 1 27774 22 0 1000 7000 0 1 1 0 1000 50 35000
0 1017 0 1 27798 24 0 1000 7000 0 1 1 0 1000 50 35000
0 1015 0 1 27821 23 0 1000 7000 0 1 1 0 1000 50 35000
0 1010 0 1 27843 22 0 1000 7000 0 1 1 0 1000 50 35000
0 1018 0 1 27866 23 0 1000 7000 0 1 1 0 1000 50 35000
0 1016 0 1 27888 22 0 1000 7000 0 1 1 0 1000 50 35000
0 1015 0 1 27911 23 0 1000 7000 0 1 1 0 1000 50 35000
0 1017 0 1 27933 22 0 1000 7000 0 1 1 0 1000 50 35000
0 1014 0 1 27956 23 0 1000 7000 0 1 1 0 1000 50 35000
0 1015 0 1 27978 22 0 1000 7000 0 1 1 0 1000 50 35000
0 1020 0 1 28001 23 0 1000 7000 0 1 1 0 1000 50 35000
0 1014 0 1 28023 22 0 1000 7000 0 1 1 0 1000 50 35000
0 1016 0 1 28046 23 0 1000 7000 0 1 1 0 1000 50 35000
0 1016 0 1 28068 22 0 1000 7000 0 1 1 0 1000 50 35000
0 1014 0 1 28091 23 0 1000 7000 0 1 1 0 1000 50 35000
0 1018 0 1 28113 22 0 1000 7000 0 1 1 0 1000 50 35000
0 1015 0 1 28136 23 0 1000 7000 0 1 1 0 1000 50 35000
0 1012 0 1 28158 22 0 1000 7000 0 1 1 0 1000 50 35000
0 1018 0 1 28181 23 0 1000 7000 0 1 1 0 1000 50 35000
0 1016 0 1 28204 23 0 1000 7000 0 1 1 0 1000 50 35000
0 1011 0 1 28227 23 0 1000 7000 0 1 1 0 1000 50 35000
0 1017 0 1 28250 23 0 1000 7000 0 1 1 0 1000 50 35000
0 1015 0 1 28272 22 0 1000 7000 0 1 1 0 1000 50 35000
0 1015 0 1 28295 23 0 1000 7000 0 1 1 0 1000 50 35000
0 1023 0 1 28317 22 0 1000 7000 0 1 1 0 1000 50 35000
0 1015 0 1 28340 23 0 1000 7000 0 1 1 0 1000 50 35000
0 1016 0 1 28362 22 0 1000 7000 0 1 1 0 1000 50 35000
0 1021 0 1 28385 23 0 1000 7000 0 1 1 0 1000 50 35000
0 1014 0 1 28407 22 0 1000 7000 0 1 1 0 1000 50 35000
0 1018 0 1 28430 23 0 1000 7000 0 1 1 0 1000 50 35000
0 1023 0 1 28452 22 0 1000 7000 0 1 1 0 1000 50 35000
0 1006 0 1 28475 23 0 1000 7000 0 1 1 0 1000 50 35000
0 1017 0 1 28497 22 0 1000 7000 0 1 1 0 1000 50 35000
0 1015 0 1 28520 23 0 1000 7000 0 1 1 0 1000 50 35000
0 1012 0 1 28542 22 0 1000 7000 0 1 1 0 1000 50 35000
0 1017 0 1 28565 23 0 1000 7000 0 1 1 0 1000 50 35000
0 1015 0 1 28588 23 0 1000 7000 0 1 1 0 1000 50 35000
0 1015 0 1 28610 22 0 1000 7000 0 1 1 0 1000 50 35000
0 1019 0 1 28634 24 0 1000 7000 0 1 1 0 1000 50 35000
0 1014 0 1 28656 22 0 1000 7000 0 1 1 0 1000 50 35000
0 1004 0 1 28679 23 0 1000 7000 0 1 1 0 1000 50 35000
0 1020 0 1 28701 22 0 1000 7000 0 1 1 0 1000 50 35000
0 1013 0 1 28724 23 0 1000 7000 0 1 1 0 1000 50 35000
0 1016 0 1 28746 22 0 1000 7000 0 1 1 0 1000 50 35000
0 1022 0 1 28769 23 0 1000 7000 0 1 1 0 1000 50 35000
0 1015 0 1 28791 22 0 1000 7000 0 1 1 0 1000 50 35000
0 1018 0 1 28814 23 0 1000 7000 0 1 1 0 1000 50 35000
0 1015 0 1 28836 22 0 1000 7000 0 1 1 0 1000 50 35000
0 1012 0 1 28859 23 0 1000 7000 0 1 1 0 1000 50 35000
0 1013 0 1 28881 22 0 1000 7000 0 1 1 0 1000 50 35000
0 1015 0 1 28904 23 0 1000 7000 0 1 1 0 1000 50 35000
0 1012 0 1 28926 22 0 1000 7000 0 1 1 0 1000 50 35000
0 1017 0 1 28949 23 0 1000 7000 0 1 1 0 1000 50 35000
0 1014 0 1 28972 23 0 1000 7000 0 1 1 0 1000 50 35000
0 1014 0 1 28994 22 0 1000 7000 0 1 1 0 1000 50 35000
0 1021 0 1 29017 23 0 1000 7000 0 1 1 0 1000 50 35000
0 1018 0 1 29039 22 0 1000 7000 0 1 1 0 1000 50 35000
0 1016 0 1 29063 24 0 1000 7000 0 1 1 0 1000 50 35000
0 1023 0 1 29085 22 0 1000 7000 0 1 1 0 1000 50 35000
0 1014 0 1 29108 23 0 1000 7000 0 1 1 0 1000 50 35000
0 1017 0 1 29130 22 0 1000 7000 0 1 1 0 1000 50 35000
0 1018 0 1 29153 23 0 1000 7000 0 1 1 0 1000 50 35000
0 1007 0 1 29175 22 0 1000 7000 0 1 1 0 1000 50 35000
0 1017 0 1 29198 23 0 1000 7000 0 1 1 0 1000 50 35000
0 1016 0 1 29220 22 0 1000 7000 0 1 1 0 1000 50 35000
0 1009 0 1 29243 23 0 1000 7000 0 1 1 0 1000 50 35000
0 1016 0 1 29265 22 0 1000 7000 0 1 1 0 1000 50 35000
0 1016 0 1 29288 23 0 1000 7000 0 1 1 0 1000 50 35000
0 1016 0 1 29310 22 0 1000 7000 0 1 1 0 1000 50 35000
0 1019 0 1 29333 23 0 1000 7000 0 1 1 0 1000 50 35000
0 1015 0 1 29356 23 0 1000 7000 0 1 1 0 1000 50 35000
0 1018 0 1 29378 22 0 1000 7000 0 1 1 0 1000 50 35000
0 1022 0 1 29401 23 0 1000 7000 0 1 1 0 1000 50 35000
0 1014 0 1 29423 22 0 1000 7000 0 1 1 0 1000 50 35000
0 1017 0 1 29446 23 0 1000 7000 0 1 1 0 1000 50 35000
0 1019 0 1 29469 23 0 1000 7000 0 1 1 0 1000 50 35000
0 1015 0 1 29492 23 0 1000 7000 0 1 1 0 1000 50 35000
0 1018 0 1 29514 22 0 1000 7000 0 1 1 0 1000 50 35000
0 1016 0 1 29537 23 0 1000 7000 0 1 1 0 1000 50 35000
0 1012 0 1 29559 22 0 1000 7000 0 1 1 0 1000 50 35000
0 1017 0 1 29582 23 0 1000 7000 0 1 1 0 1000 50 35000
0 1015 0 1 29604 22 0 1000 7000 0 1 1 0 1000 50 35000
0 1011 0 1 29627 23 0 1000 7000 0 1 1 0 1000 50 35000
0 1017 0 1 29649 22 0 1000 7000 0 1 1 0 1000 50 35000
0 1014 0 1 29672 23 0 1000 7000 0 1 1 0 1000 50 35000
0 1013 0 1 29694 22 0 1000 7000 0 1 1 0 1000 50 35000
0 1017 0 1 29717 23 0 1000 7000 0 1 1 0 1000 50 35000
0 1015 0 1 29740 23 0 1000 7000 0 1 1 0 1000 50 35000
0 1016 0 1 29762 22 0 1000 7000 0 1 1 0 1000 50 35000
0 1022 0 1 29785 23 0 1000 7000 0 1 1 0 1000 50 35000
0 1014 0 1 29807 22 0 1000 7000 0 1 1 0 1000 50 35000
0 1019 0 1 29830 23 0 1000 7000 0 1 1 0 1000 50 35000
0 1015 0 1 29852 22 0 1000 7000 0 1 1 0 1000 50 35000
0 1009 0 1 29875 23 0 1000 7000 0 1 1 0 1000 50 35000
0 1017 0 1 29898 23 0 1000 7000 0 1 1 0 1000 50 35000
0 1016 0 1 29921 23 0 1000 7000 0 1 1 0 1000 50 35000
0 1009 0 1 29943 22 0 1000 7000 0 1 1 0 1000 50 35000
0 1017 0 1 29966 23 0 1000 7000 0 1 1 0 1000 50 35000
0 1015 0 1 29988 22 0 1000 7000 0 1 1 0 1000 50 35000
0 1010 0 1 30011 23 0 1000 7000 0 1 1 0 1000 50 35000
0 1023 0 1 30033 22 0 1000 7000 0 1 1 0 1000 50 35000
0 1015 0 1 30056 23 0 1000 7000 0 1 1 0 1000 50 35000
0 1016 0 1 30078 22 0 1000 7000 0 1 1 0 1000 50 35000
0 1022 0 1 30101 23 0 1000 7000 0 1 1 0 1000 50 35000
0 1014 0 1 30124 23 0 1000 7000 0 1 1 0 1000 50 35000
0 1018 0 1 30146 22 0 1000 7000 0 1 1 0 1000 50 35000
0 1016 0 1 30169 23 0 1000 7000 0 1 1 0 1000 50 35000
0 1013 0 1 30191 22 0 1000 7000 0 1 1 0 1000 50 35000
0 1018 0 1 30214 23 0 1000 7000 0 1 1 0 1000 50 35000
0 1016 0 1 30236 22 0 1000 7000 0 1 1 0 1000 50 35000
0 1011 0 1 30259 23 0 1000 7000 0 1 1 0 1000 50 35000
0 1018 0 1 30281 22 0 1000 7000 0 1 1 0 1000 50 35000
0 1015 0 1 30305 24 0 1000 7000 0 1 1 0 1000 50 35000
0 1013 0 1 30327 22 0 1000 7000 0 1 1 0 1000 50 35000
0 1018 0 1 30350 23 0 1000 7000 0 1 1 0 1000 50 35000
0 1014 0 1 30372 22 0 1000 7000 0 1 1 0 1000 50 35000
0 1015 0 1 30395 23 0 1000 7000 0 1 1 0 1000 50 35000
0 1020 0 1 30417 22 0 1000 7000 0 1 1 0 1000 50 35000
0 1014 0 1 30440 23 0 1000 7000 0 1 1 0 1000 50 35000
0 1016 0 1 30462 22 0 1000 7000 0 1 1 0 1000 50 35000
0 1018 0 1 30485 23 0 1000 7000 0 1 1 0 1000 50 35000
0 1015 0 1 30508 23 0 1000 7000 0 1 1 0 1000 50 35000
0 1017 0 1 30530 22 0 1000 7000 0 1 1 0 1000 50 35000
0 1016 0 1 30553 23 0 1000 7000 0 1 1 0 1000 50 35000
0 1014 0 1 30575 22 0 1000 7000 0 1 1 0 1000 50 35000
0 1017 0 1 30598 23 0 1000 7000 0 1 1 0 1000 50 35000
0 1015 0 1 30620 22 0 1000 7000 0 1 1 0 1000 50 35000
0 1011 0 1 30643 23 0 1000 7000 0 1 1 0 1000 50 35000
0 1017 0 1 30665 22 0 1000 7000 0 1 1 0 1000 50 35000
0 1015 0 1 30688 23 0 1000 7000 0 1 1 0 1000 50 35000
0 1014 0 1 30711 23 0 1000 7000 0 1 1 0 1000 50 35000
0 1023 0 1 30734 23 0 1000 7000 0 1 1 0 1000 50 35000
0 1014 0 1 30756 22 0 1000 7000 0 1 1 0 1000 50 35000
0 1016 0 1 30779 23 0 1000 7000 0 1 1 0 1000 50 35000
0 1020 0 1 30801 22 0 1000 7000 0 1 1 0 1000 50 35000
0 1015 0 1 30824 23 0 1000 7000 0 1 1 0 1000 50 35000
0 1016 0 1 30846 22 0 1000 7000 0 1 1 0 1000 50 35000
0 1016 0 1 30869 23 0 1000 7000 0 1 1 0 1000 50 35000
0 1008 0 1 30892 23 0 1000 7000 0 1 1 0 1000 50 35000
0 1021 0 1 30914 22 0 1000 7000 0 1 1 0 1000 50 35000
0 1015 0 1 30937 23 0 1000 7000 0 1 1 0 1000 50 35000
0 1010 0 1 30959 22 0 1000 7000 0 1 1 0 1000 50 35000
0 1016 0 1 30982 23 0 1000 7000 0 1 1 0 1000 50 35000
0 1015 0 1 31004 22 0 1000 7000 0 1 1 0 1000 50 35000
0 1015 0 1 31027 23 0 1000 7000 0 1 1 0 1000 50 35000
0 1018 0 1 31049 22 0 1000 7000 0 1 1 0 1000 50 35000
0 1014 0 1 31072 23 0 1000 7000 0 1 1 0 1000 50 35000
0 1017 0 1 31094 22 0 1000 7000 0 1 1 0 1000 50 35000
0 1020 0 1 31118 24 0 1000 7000 0 1 1 0 1000 50 35000
0 1014 0 1 31140 22 0 1000 7000 0 1 1 0 1000 50 35000
0 1017 0 1 31163 23 0 1000 7000 0 1 1 0 1000 50 35000
0 1020 0 1 31185 22 0 1000 7000 0 1 1 0 1000 50 35000
0 1015 0 1 31208 23 0 1000 7000 0 1 1 0 1000 50 35000
0 1018 0 1 31230 22 0 1000 7000 0 1 1 0 1000 50 35000
0 1015 0 1 31253 23 0 1000 7000 0 1 1 0 1000 50 35000
0 1012 0 1 31276 23 0 1000 7000 0 1 1 0 1000 50 35000
0 1017 0 1 31298 22 0 1000 7000 0 1 1 0 1000 50 35000
0 1016 0 1 31321 23 0 1000 7000 0 1 1 0 1000 50 35000
0 1012 0 1 31343 22 0 1000 7000 0 1 1 0 1000 50 35000
0 1016 0 1 31366 23 0 1000 7000 0 1 1 0 1000 50 35000
0 1014 0 1 31388 22 0 1000 7000 0 1 1 0 1000 50 35000
0 1015 0 1 31411 23 0 1000 7000 0 1 1 0 1000 50 35000
0 1019 0 1 31433 22 0 1000 7000 0 1 1 0 1000 50 35000
0 1015 0 1 31456 23 0 1000 7000 0 1 1 0 1000 50 35000
0 1016 0 1 31478 22 0 1000 7000 0 1 1 0 1000 50 35000
0 1022 0 1 31501 23 0 1000 7000 0 1 1 0 1000 50 35000
0 1021 0 1 31524 23 0 1000 7000 0 1 1 0 1000 50 35000
0 1016 0 1 31547 23 0 1000 7000 0 1 1 0 1000 50 35000
0 1022 0 1 31569 22 0 1000 7000 0 1 1 0 1000 50 35000
0 1009 0 1 31592 23 0 1000 7000 0 1 1 0 1000 50 35000
0 1016 0 1 31614 22 0 1000 7000 0 1 1 0 1000 50 35000
0 1016 0 1 31637 23 0 1000 7000 0 1 1 0 1000 50 35000
0 1009 0 1 31660 23 0 1000 7000 0 1 1 0 1000 50 35000
0 1017 0 1 31682 22 0 1000 7000 0 1 1 0 1000 50 35000
0 1015 0 1 31705 23 0 1000 7000 0 1 1 0 1000 50 35000
0 1015 0 1 31727 22 0 1000 7000 0 1 1 0 1000 50 35000
0 1023 0 1 31750 23 0 1000 7000 0 1 1 0 1000 50 35000
0 1014 0 1 31772 22 0 1000 7000 0 1 1 0 1000 50 35000
0 1016 0 1 31795 23 0 1000 7000 0 1 1 0 1000 50 35000
0 1018 0 1 31817 22 0 1000 7000 0 1 1 0 1000 50 35000
0 1014 0 1 31840 23 0 1000 7000 0 1 1 0 1000 50 35000
0 1016 0 1 31862 22 0 1000 7000 0 1 1 0 1000 50 35000
0 1016 0 1 31885 23 0 1000 7000 0 1 1 0 1000 50 35000
0 1015 0 1 31907 22 0 1000 7000 0 1 1 0 1000 50 35000
0 1018 0 1 31931 24 0 1000 7000 0 1 1 0 1000 50 35000
0 1005 0 1 31953 22 0 1000 7000 0 1 1 0 1000 50 35000
0 1012 0 1 31976 23 0 1000 7000 0 1 1 0 1000 50 35000
0 1016 0 1 31998 22 0 1000 7000 0 1 1 0 1000 50 35000
0 1015 0 1 32021 23 0 1000 7000 0 1 1 0 1000 50 35000
0 1007 0 1 32044 23 0 1000 7000 0 1 1 0 1000 50 35000
0 1017 0 1 32066 22 0 1000 7000 0 1 1 0 1000 50 35000
0 1013 0 1 32089 23 0 1000 7000 0 1 1 0 1000 50 35000
0 1015 0 1 32111 22 0 1000 7000 0 1 1 0 1000 50 35000
0 1019 0 1 32134 23 0 1000 7000 0 1 1 0 1000 50 35000
0 1014 0 1 32156 22 0 1000 7000 0 1 1 0 1000 50 35000
0 1014 0 1 32179 23 0 1000 7000 0 1 1 0 1000 50 35000
0 1017 0 1 32201 22 0 1000 7000 0 1 1 0 1000 50 35000
0 1016 0 1 32224 23 0 1000 7000 0 1 1 0 1000 50 35000
0 1017 0 1 32246 22 0 1000 7000 0 1 1 0 1000 50 35000
0 1016 0 1 32269 23 0 1000 7000 0 1 1 0 1000 50 35000
0 1014 0 1 32291 22 0 1000 7000 0 1 1 0 1000 50 35000
0 1014 0 1 32314 23 0 1000 7000 0 1 1 0 1000 50 35000
0 1015 0 1 32336 22 0 1000 7000 0 1 1 0 1000 50 35000
0 1010 0 1 32359 23 0 1000 7000 0 1 1 0 1000 50 35000
0 1018 0 1 32382 23 0 1000 7000 0 1 1 0 1000 50 35000
0 1015 0 1 32405 23 0 1000 7000 0 1 1 0 1000 50 35000
0 1015 0 1 32428 23 0 1000 7000 0 1 1 0 1000 50 35000
0 1023 0 1 32450 22 0 1000 7000 0 1 1 0 1000 50 35000
0 1014 0 1 32473 23 0 1000 7000 0 1 1 0 1000 50 35000
0 1016 0 1 32495 22 0 1000 7000 0 1 1 0 1000 50 35000
0 1021 0 1 32518 23 0 1000 7000 0 1 1 0 1000 50 35000
0 1014 0 1 32540 22 0 1000 7000 0 1 1 0 1000 50 35000
0 1016 0 1 32563 23 0 1000 7000 0 1 1 0 1000 50 35000
0 1016 0 1 32585 22 0 1000 7000 0 1 1 0 1000 50 35000
0 1012 0 1 32608 23 0 1000 7000 0 1 1 0 1000 50 35000
0 1017 0 1 32630 22 0 1000 7000 0 1 1 0 1000 50 35000
0 1015 0 1 32653 23 0 1000 7000 0 1 1 0 1000 50 35000
0 1010 0 1 32675 22 0 1000 7000 0 1 1 0 1000 50 35000
0 1016 0 1 32698 23 0 1000 7000 0 1 1 0 1000 50 35000
0 1014 0 1 32720 22 0 1000 7000 0 1 1 0 1000 50 35000
0 1015 0 1 32743 23 0 1000 7000 0 1 1 0 1000 50 35000
0 1017 0 1 32765 22 0 1000 7000 0 1 1 0 1000 50 35000
0 1014 0 1 32788 23 0 1000 7000 0 1 1 0 1000 50 35000
0 1012 0 1 32812 24 0 1000 7000 0 1 1 0 1000 50 35000
0 1019 0 1 32834 22 0 1000 7000 0 1 1 0 1000 50 35000
0 1014 0 1 32857 23 0 1000 7000 0 1 1 0 1000 50 35000
0 1016 0 1 32879 22 0 1000 7000 0 1 1 0 1000 50 35000
0 1019 0 1 32902 23 0 1000 7000 0 1 1 0 1000 50 35000
0 1014 0 1 32924 22 0 1000 7000 0 1 1 0 1000 50 35000
0 1017 0 1 32947 23 0 1000 7000 0 1 1 0 1000 50 35000
0 1014 0 1 32969 22 0 1000 7000 0 1 1 0 1000 50 35000
0 1012 0 1 32992 23 0 1000 7000 0 1 1 0 1000 50 35000
0 1016 0 1 33014 22 0 1000 7000 0 1 1 0 1000 50 35000
0 1015 0 1 33037 23 0 1000 7000 0 1 1 0 1000 50 35000
0 1011 0 1 33059 22 0 1000 7000 0 1 1 0 1000 50 35000
0 1016 0 1 33082 23 0 1000 7000 0 1 1 0 1000 50 35000
0 1014 0 1 33104 22 0 1000 7000 0 1 1 0 1000 50 35000
0 1008 0 1 33127 23 0 1000 7000 0 1 1 0 1000 50 35000
0 1022 0 1 33149 22 0 1000 7000 0 1 1 0 1000 50 35000
0 1014 0 1 33172 23 0 1000 7000 0 1 1 0 1000 50 35000
0 1016 0 1 33195 23 0 1000 7000 0 1 1 0 1000 50 35000
0 1021 0 1 33217 22 0 1000 7000 0 1 1 0 1000 50 35000
0 1014 0 1 33241 24 0 1000 7000 0 1 1 0 1000 50 35000
0 1016 0 1 33263 22 0 1000 7000 0 1 1 0 1000 50 35000
0 1016 0 1 33286 23 0 1000 7000 0 1 1 0 1000 50 35000
0 1006 0 1 33308 22 0 1000 7000 0 1 1 0 1000 50 35000
0 1016 0 1 33331 23 0 1000 7000 0 1 1 0 1000 50 35000
0 1015 0 1 33353 22 0 1000 7000 0 1 1 0 1000 50 35000
0 1001 0 1 33376 23 0 1000 7000 0 1 1 0 1000 50 35000
0 1016 0 1 33398 22 0 1000 7000 0 1 1 0 1000 50 35000
0 1014 0 1 33421 23 0 1000 7000 0 1 1 0 1000 50 35000
0 1016 0 1 33443 22 0 1000 7000 0 1 1 0 1000 50 35000
0 1017 0 1 33466 23 0 1000 7000 0 1 1 0 1000 50 35000
0 1014 0 1 33488 22 0 1000 7000 0 1 1 0 1000 50 35000
0 1015 0 1 33511 23 0 1000 7000 0 1 1 0 1000 50 35000
0 1020 0 1 33533 22 0 1000 7000 0 1 1 0 1000 50 35000
0 1014 0 1 33556 23 0 1000 7000 0 1 1 0 1000 50 35000
0 1015 0 1 33579 23 0 1000 7000 0 1 1 0 1000 50 35000
0 1012 0 1 33601 22 0 1000 7000 0 1 1 0 1000 50 35000
0 1017 0 1 33624 23 0 1000 7000 0 1 1 0 1000 50 35000
0 1018 0 1 33646 22 0 1000 7000 0 1 1 0 1000 50 35000
0 1015 0 1 33670 24 0 1000 7000 0 1 1 0 1000 50 35000
0 1012 0 1 33692 22 0 1000 7000 0 1 1 0 1000 50 35000
0 1017 0 1 33715 23 0 1000 7000 0 1 1 0 1000 50 35000
0 1016 0 1 33737 22 0 1000 7000 0 1 1 0 1000 50 35000
0 1011 0 1 33760 23 0 1000 7000 0 1 1 0 1000 50 35000
0 1016 0 1 33782 22 0 1000 7000 0 1 1 0 1000 50 35000
0 1013 0 1 33805 23 0 1000 7000 0 1 1 0 1000 50 35000
0 1010 0 1 33827 22 0 1000 7000 0 1 1 0 1000 50 35000
0 1016 0 1 33850 23 0 1000 7000 0 1 1 0 1000 50 35000
0 1014 0 1 33872 22 0 1000 7000 0 1 1 0 1000 50 35000
0 1016 0 1 33895 23 0 1000 7000 0 1 1 0 1000 50 35000
0 1020 0 1 33917 22 0 1000 7000 0 1 1 0 1000 50 35000
0 1014 0 1 33940 23 0 1000 7000 0 1 1 0 1000 50 35000
0 1016 0 1 33963 23 0 1000 7000 0 1 1 0 1000 50 35000
0 1017 0 1 33985 22 0 1000 7000 0 1 1 0 1000 50 35000
0 1012 0 1 34008 23 0 1000 7000 0 1 1 0 1000 50 35000
0 1015 0 1 34030 22 0 1000 7000 0 1 1 0 1000 50 35000
0 1015 0 1 34053 23 0 1000 7000 0 1 1 0 1000 50 35000
0 1015 0 1 34076 23 0 1000 7000 0 1 1 0 1000 50 35000
0 1017 0 1 34099 23 0 1000 7000 0 1 1 0 1000 50 35000
0 1014 0 1 34121 22 0 1000 7000 0 1 1 0 1000 50 35000
0 1016 0 1 34144 23 0 1000 7000 0 1 1 0 1000 50 35000
0 1023 0 1 34166 22 0 1000 7000 0 1 1 0 1000 50 35000
0 1014 0 1 34189 23 0 1000 7000 0 1 1 0 1000 50 35000
0 1015 0 1 34211 22 0 1000 7000 0 1 1 0 1000 50 35000
0 1022 0 1 34234 23 0 1000 7000 0 1 1 0 1000 50 35000
0 1014 0 1 34256 22 0 1000 7000 0 1 1 0 1000 50 35000
0 1016 0 1 34279 23 0 1000 7000 0 1 1 0 1000 50 35000
0 1017 0 1 34301 22 0 1000 7000 0 1 1 0 1000 50 35000
0 1013 0 1 34324 23 0 1000 7000 0 1 1 0 1000 50 35000
0 1016 0 1 34347 23 0 1000 7000 0 1 1 0 1000 50 35000
0 1015 0 1 34369 22 0 1000 7000 0 1 1 0 1000 50 35000
0 1010 0 1 34392 23 0 1000 7000 0 1 1 0 1000 50 35000
0 1017 0 1 34414 22 0 1000 7000 0 1 1 0 1000 50 35000
0 1015 0 1 34437 23 0 1000 7000 0 1 1 0 1000 50 35000
0 1010 0 1 34459 22 0 1000 7000 0 1 1 0 1000 50 35000
0 1017 0 1 34483 24 0 1000 7000 0 1 1 0 1000 50 35000
0 1013 0 1 34505 22 0 1000 7000 0 1 1 0 1000 50 35000
0 1015 0 1 34528 23 0 1000 7000 0 1 1 0 1000 50 35000
0 1019 0 1 34550 22 0 1000 7000 0 1 1 0 1000 50 35000
0 1011 0 1 34573 23 0 1000 7000 0 1 1 0 1000 50 35000
0 1019 0 1 34595 22 0 1000 7000 0 1 1 0 1000 50 35000
0 1016 0 1 34618 23 0 1000 7000 0 1 1 0 1000 50 35000
0 1014 0 1 34640 22 0 1000 7000 0 1 1 0 1000 50 35000
0 1017 0 1 34663 23 0 1000 7000 0 1 1 0 1000 50 35000
0 1015 0 1 34685 22 0 1000 7000 0 1 1 0 1000 50 35000
0 1012 0 1 34708 23 0 1000 7000 0 1 1 0 1000 50 35000
0 1019 0 1 34731 23 0 1000 7000 0 1 1 0 1000 50 35000
0 1015 0 1 34753 22 0 1000 7000 0 1 1 0 1000 50 35000
0 1013 0 1 34776 23 0 1000 7000 0 1 1 0 1000 50 35000
0 1016 0 1 34798 22 0 1000 7000 0 1 1 0 1000 50 35000
0 1012 0 1 34821 23 0 1000 7000 0 1 1 0 1000 50 35000
0 1015 0 1 34843 22 0 1000 7000 0 1 1 0 1000 50 35000
0 1020 0 1 34866 23 0 1000 7000 0 1 1 0 1000 50 35000
0 1017 0 1 34889 23 0 1000 7000 0 1 1 0 1000 50 35000
0 1016 0 1 34912 23 0 1000 7000 0 1 1 0 1000 50 35000
0 1021 0 1 34934 22 0 1000 7000 0 1 1 0 1000 50 35000
0 1015 0 1 34957 23 0 1000 7000 0 1 1 0 1000 50 35000
0 1014 0 1 34979 22 0 1000 7000 0 1 1 0 1000 50 35000
0 1017 0 1 35002 23 0 1000 7000 0 1 1 0 1000 50 35000
0 1007 0 1 35024 22 0 1000 7000 0 1 1 0 1000 50 35000
0 1017 0 1 35047 23 0 1000 7000 0 1 1 0 1000 50 35000
0 1013 0 1 35069 22 0 1000 7000 0 1 1 0 1000 50 35000
0 1009 0 1 35092 23 0 1000 7000 0 1 1 0 1000 50 35000
0 1018 0 1 35115 23 0 1000 7000 0 1 1 0 1000 50 35000
0 1015 0 1 35137 22 0 1000 7000 0 1 1 0 1000 50 35000
0 1009 0 1 35160 23 0 1000 7000 0 1 1 0 1000 50 35000
0 1019 0 1 35182 22 0 1000 7000 0 1 1 0 1000 50 35000
0 1014 0 1 35205 23 0 1000 7000 0 1 1 0 1000 50 35000
0 1016 0 1 35227 22 0 1000 7000 0 1 1 0 1000 50 35000
0 1021 0 1 35250 23 0 1000 7000 0 1 1 0 1000 50 35000
0 1014 0 1 35272 22 0 1000 7000 0 1 1 0 1000 50 35000
0 1014 0 1 35296 24 0 1000 7000 0 1 1 0 1000 50 35000
0 1016 0 1 35318 22 0 1000 7000 0 1 1 0 1000 50 35000
0 1013 0 1 35341 23 0 1000 7000 0 1 1 0 1000 50 35000
0 1016 0 1 35363 22 0 1000 7000 0 1 1 0 1000 50 35000
0 1014 0 1 35386 23 0 1000 7000 0 1 1 0 1000 50 35000
0 1011 0 1 35408 22 0 1000 7000 0 1 1 0 1000 50 35000
0 1017 0 1 35431 23 0 1000 7000 0 1 1 0 1000 50 35000
0 1014 0 1 35453 22 0 1000 7000 0 1 1 0 1000 50 35000
0 1005 0 1 35476 23 0 1000 7000 0 1 1 0 1000 50 35000
0 1017 0 1 35499 23 0 1000 7000 0 1 1 0 1000 50 35000
0 1012 0 1 35521 22 0 1000 7000 0 1 1 0 1000 50 35000
0 1015 0 1 35544 23 0 1000 7000 0 1 1 0 1000 50 35000
0 1019 0 1 35566 22 0 1000 7000 0 1 1 0 1000 50 35000
0 1014 0 1 35589 23 0 1000 7000 0 1 1 0 1000 50 35000
0 1015 0 1 35611 22 0 1000 7000 0 1 1 0 1000 50 35000
0 1018 0 1 35634 23 0 1000 7000 0 1 1 0 1000 50 35000
0 1015 0 1 35656 22 0 1000 7000 0 1 1 0 1000 50 35000
0 1019 0 1 35679 23 0 1000 7000 0 1 1 0 1000 50 35000
0 1015 0 1 35702 23 0 1000 7000 0 1 1 0 1000 50 35000
0 1009 0 1 35725 23 0 1000 7000 0 1 1 0 1000 50 35000
0 1016 0 1 35747 22 0 1000 7000 0 1 1 0 1000 50 35000
0 1015 0 1 35770 23 0 1000 7000 0 1 1 0 1000 50 35000
0 1011 0 1 35792 22 0 1000 7000 0 1 1 0 1000 50 35000
0 1019 0 1 35815 23 0 1000 7000 0 1 1 0 1000 50 35000
0 1013 0 1 35837 22 0 1000 7000 0 1 1 0 1000 50 35000
0 1014 0 1 35860 23 0 1000 7000 0 1 1 0 1000 50 35000
0 1021 0 1 35883 23 0 1000 7000 0 1 1 0 1000 50 35000
0 1014 0 1 35905 22 0 1000 7000 0 1 1 0 1000 50 35000
0 1015 0 1 35928 23 0 1000 7000 0 1 1 0 1000 50 35000
0 1020 0 1 35950 22 0 1000 7000 0 1 1 0 1000 50 35000
0 1014 0 1 35973 23 0 1000 7000 0 1 1 0 1000 50 35000
0 1015 0 1 35995 22 0 1000 7000 0 1 1 0 1000 50 35000
0 1015 0 1 36018 23 0 1000 7000 0 1 1 0 1000 50 35000
0 1006 0 1 36040 22 0 1000 7000 0 1 1 0 1000 50 35000
0 1016 0 1 36063 23 0 1000 7000 0 1 1 0 1000 50 35000
0 1016 0 1 36085 22 0 1000 7000 0 1 1 0 1000 50 35000
0 1009 0 1 36109 24 0 1000 7000 0 1 1 0 1000 50 35000
0 1016 0 1 36131 22 0 1000 7000 0 1 1 0 1000 50 35000
0 1015 0 1 36154 23 0 1000 7000 0 1 1 0 1000 50 35000
0 1019 0 1 36176 22 0 1000 7000 0 1 1 0 1000 50 35000
0 1018 0 1 36199 23 0 1000 7000 0 1 1 0 1000 50 35000
0 1013 0 1 36221 22 0 1000 7000 0 1 1 0 1000 50 35000
0 1016 0 1 36244 23 0 1000 7000 0 1 1 0 1000 50 35000
0 1020 0 1 36267 23 0 1000 7000 0 1 1 0 1000 50 35000
0 1013 0 1 36289 22 0 1000 7000 0 1 1 0 1000 50 35000
0 1016 0 1 36312 23 0 1000 7000 0 1 1 0 1000 50 35000
0 1017 0 1 36334 22 0 1000 7000 0 1 1 0 1000 50 35000
0 1014 0 1 36357 23 0 1000 7000 0 1 1 0 1000 50 35000
0 1017 0 1 36379 22 0 1000 7000 0 1 1 0 1000 50 35000
0 1015 0 1 36402 23 0 1000 7000 0 1 1 0 1000 50 35000
0 1014 0 1 36424 22 0 1000 7000 0 1 1 0 1000 50 35000
0 1015 0 1 36447 23 0 1000 7000 0 1 1 0 1000 50 35000
0 1016 0 1 36469 22 0 1000 7000 0 1 1 0 1000 50 35000
0 1011 0 1 36492 23 0 1000 7000 0 1 1 0 1000 50 35000
0 1017 0 1 36514 22 0 1000 7000 0 1 1 0 1000 50 35000
0 1013 0 1 36538 24 0 1000 7000 0 1 1 0 1000 50 35000
0 1015 0 1 36560 22 0 1000 7000 0 1 1 0 1000 50 35000
0 1019 0 1 36583 23 0 1000 7000 0 1 1 0 1000 50 35000
0 1013 0 1 36605 22 0 1000 7000 0 1 1 0 1000 50 35000
0 1016 0 1 36628 23 0 1000 7000 0 1 1 0 1000 50 35000
0 1015 0 1 36651 23 0 1000 7000 0 1 1 0 1000 50 35000
0 1014 0 1 36673 22 0 1000 7000 0 1 1 0 1000 50 35000
0 1016 0 1 36696 23 0 1000 7000 0 1 1 0 1000 50 35000
0 1015 0 1 36718 22 0 1000 7000 0 1 1 0 1000 50 35000
0 1010 0 1 36741 23 0 1000 7000 0 1 1 0 1000 50 35000
0 1016 0 1 36763 22 0 1000 7000 0 1 1 0 1000 50 35000
0 1015 0 1 36786 23 0 1000 7000 0 1 1 0 1000 50 35000
0 1010 0 1 36808 22 0 1000 7000 0 1 1 0 1000 50 35000
0 1016 0 1 36831 23 0 1000 7000 0 1 1 0 1000 50 35000
0 1015 0 1 36853 22 0 1000 7000 0 1 1 0 1000 50 35000
0 1014 0 1 36876 23 0 1000 7000 0 1 1 0 1000 50 35000
0 1023 0 1 36898 22 0 1000 7000 0 1 1 0 1000 50 35000
0 1013 0 1 36921 23 0 1000 7000 0 1 1 0 1000 50 35000
0 1015 0 1 36944 23 0 1000 7000 0 1 1 0 1000 50 35000
0 1022 0 1 36967 23 0 1000 7000 0 1 1 0 1000 50 35000
0 1014 0 1 36989 22 0 1000 7000 0 1 1 0 1000 50 35000
0 1015 0 1 37012 23 0 1000 7000 0 1 1 0 1000 50 35000
0 1016 0 1 37035 23 0 1000 7000 0 1 1 0 1000 50 35000
0 1010 0 1 37057 22 0 1000 7000 0 1 1 0 1000 50 35000
0 1015 0 1 37080 23 0 1000 7000 0 1 1 0 1000 50 35000
0 1015 0 1 37102 22 0 1000 7000 0 1 1 0 1000 50 35000
0 1008 0 1 37125 23 0 1000 7000 0 1 1 0 1000 50 35000
0 1018 0 1 37147 22 0 1000 7000 0 1 1 0 1000 50 35000
0 1015 0 1 37170 23 0 1000 7000 0 1 1 0 1000 50 35000
0 1013 0 1 37192 22 0 1000 7000 0 1 1 0 1000 50 35000
0 1015 0 1 37215 23 0 1000 7000 0 1 1 0 1000 50 35000
0 1013 0 1 37237 22 0 1000 7000 0 1 1 0 1000 50 35000
0 1015 0 1 37260 23 0 1000 7000 0 1 1 0 1000 50 35000
0 1019 0 1 37282 22 0 1000 7000 0 1 1 0 1000 50 35000
0 1013 0 1 37305 23 0 1000 7000 0 1 1 0 1000 50 35000
0 1016 0 1 37327 22 0 1000 7000 0 1 1 0 1000 50 35000
0 1018 0 1 37351 24 0 1000 7000 0 1 1 0 1000 50 35000
0 1014 0 1 37373 22 0 1000 7000 0 1 1 0 1000 50 35000
0 1017 0 1 37396 23 0 1000 7000 0 1 1 0 1000 50 35000
0 1015 0 1 37419 23 0 1000 7000 0 1 1 0 1000 50 35000
0 1013 0 1 37441 22 0 1000 7000 0 1 1 0 1000 50 35000
0 1016 0 1 37464 23 0 1000 7000 0 1 1 0 1000 50 35000
0 1014 0 1 37486 22 0 1000 7000 0 1 1 0 1000 50 35000
0 1010 0 1 37509 23 0 1000 7000 0 1 1 0 1000 50 35000
0 1016 0 1 37531 22 0 1000 7000 0 1 1 0 1000 50 35000
0 1013 0 1 37554 23 0 1000 7000 0 1 1 0 1000 50 35000
0 1015 0 1 37576 22 0 1000 7000 0 1 1 0 1000 50 35000
0 1023 0 1 37599 23 0 1000 7000 0 1 1 0 1000 50 35000
0 1014 0 1 37621 22 0 1000 7000 0 1 1 0 1000 50 35000
0 1016 0 1 37644 23 0 1000 7000 0 1 1 0 1000 50 35000
0 1018 0 1 37666 22 0 1000 7000 0 1 1 0 1000 50 35000
0 1015 0 1 37689 23 0 1000 7000 0 1 1 0 1000 50 35000
0 1018 0 1 37711 22 0 1000 7000 0 1 1 0 1000 50 35000
0 1017 0 1 37734 23 0 1000 7000 0 1 1 0 1000 50 35000
0 1010 0 1 37757 23 0 1000 7000 0 1 1 0 1000 50 35000
0 1016 0 1 37780 23 0 1000 7000 0 1 1 0 1000 50 35000
0 1014 0 1 37803 23 0 1000 7000 0 1 1 0 1000 50 35000
0 1010 0 1 37825 22 0 1000 7000 0 1 1 0 1000 50 35000
0 1016 0 1 37848 23 0 1000 7000 0 1 1 0 1000 50 35000
0 1014 0 1 37870 22 0 1000 7000 0 1 1 0 1000 50 35000
0 1016 0 1 37893 23 0 1000 7000 0 1 1 0 1000 50 35000
0 1023 0 1 37915 22 0 1000 7000 0 1 1 0 1000 50 35000
0 1014 0 1 37938 23 0 1000 7000 0 1 1 0 1000 50 35000
0 1015 0 1 37960 22 0 1000 7000 0 1 1 0 1000 50 35000
0 1021 0 1 37983 23 0 1000 7000 0 1 1 0 1000 50 35000
0 1014 0 1 38005 22 0 1000 7000 0 1 1 0 1000 50 35000
0 1016 0 1 38028 23 0 1000 7000 0 1 1 0 1000 50 35000
0 1013 0 1 38050 22 0 1000 7000 0 1 1 0 1000 50 35000
0 1012 0 1 38073 23 0 1000 7000 0 1 1 0 1000 50 35000
0 1016 0 1 38095 22 0 1000 7000 0 1 1 0 1000 50 35000
0 1015 0 1 38118 23 0 1000 7000 0 1 1 0 1000 50 35000
0 1010 0 1 38140 22 0 1000 7000 0 1 1 0 1000 50 35000
0 1017 0 1 38164 24 0 1000 7000 0 1 1 0 1000 50 35000
0 1014 0 1 38187 23 0 1000 7000 0 1 1 0 1000 50 35000
0 1014 0 1 38209 22 0 1000 7000 0 1 1 0 1000 50 35000
0 1017 0 1 38232 23 0 1000 7000 0 1 1 0 1000 50 35000
0 1013 0 1 38254 22 0 1000 7000 0 1 1 0 1000 50 35000
0 1015 0 1 38277 23 0 1000 7000 0 1 1 0 1000 50 35000
0 1019 0 1 38299 22 0 1000 7000 0 1 1 0 1000 50 35000
0 1013 0 1 38322 23 0 1000 7000 0 1 1 0 1000 50 35000
0 1015 0 1 38344 22 0 1000 7000 0 1 1 0 1000 50 35000
0 1019 0 1 38367 23 0 1000 7000 0 1 1 0 1000 50 35000
0 1014 0 1 38389 22 0 1000 7000 0 1 1 0 1000 50 35000
0 1017 0 1 38412 23 0 1000 7000 0 1 1 0 1000 50 35000
0 1016 0 1 38434 22 0 1000 7000 0 1 1 0 1000 50 35000
0 1011 0 1 38457 23 0 1000 7000 0 1 1 0 1000 50 35000
0 1016 0 1 38479 22 0 1000 7000 0 1 1 0 1000 50 35000
0 1014 0 1 38502 23 0 1000 7000 0 1 1 0 1000 50 35000
0 1010 0 1 38524 22 0 1000 7000 0 1 1 0 1000 50 35000
0 1016 0 1 38547 23 0 1000 7000 0 1 1 0 1000 50 35000
0 1013 0 1 38571 24 0 1000 7000 0 1 1 0 1000 50 35000
0 1014 0 1 38593 22 0 1000 7000 0 1 1 0 1000 50 35000
0 1019 0 1 38616 23 0 1000 7000 0 1 1 0 1000 50 35000
0 1014 0 1 38638 22 0 1000 7000 0 1 1 0 1000 50 35000
0 1015 0 1 38661 23 0 1000 7000 0 1 1 0 1000 50 35000
0 1021 0 1 38683 22 0 1000 7000 0 1 1 0 1000 50 35000
0 1012 0 1 38706 23 0 1000 7000 0 1 1 0 1000 50 35000
0 1016 0 1 38728 22 0 1000 7000 0 1 1 0 1000 50 35000
0 1016 0 1 38751 23 0 1000 7000 0 1 1 0 1000 50 35000
0 1007 0 1 38773 22 0 1000 7000 0 1 1 0 1000 50 35000
0 1016 0 1 38796 23 0 1000 7000 0 1 1 0 1000 50 35000
0 1014 0 1 38818 22 0 1000 7000 0 1 1 0 1000 50 35000
0 1009 0 1 38841 23 0 1000 7000 0 1 1 0 1000 50 35000
0 1016 0 1 38863 22 0 1000 7000 0 1 1 0 1000 50 35000
0 1014 0 1 38886 23 0 1000 7000 0 1 1 0 1000 50 35000
0 1015 0 1 38908 22 0 1000 7000 0 1 1 0 1000 50 35000
0 1023 0 1 38931 23 0 1000 7000 0 1 1 0 1000 50 35000
0 1014 0 1 38953 22 0 1000 7000 0 1 1 0 1000 50 35000
0 1016 0 1 38977 24 0 1000 7000 0 1 1 0 1000 50 35000
0 1022 0 1 39000 23 0 1000 7000 0 1 1 0 1000 50 35000
0 1014 0 1 39022 22 0 1000 7000 0 1 1 0 1000 50 35000
0 1016 0 1 39045 23 0 1000 7000 0 1 1 0 1000 50 35000
0 1015 0 1 39067 22 0 1000 7000 0 1 1 0 1000 50 35000
0 1012 0 1 39090 23 0 1000 7000 0 1 1 0 1000 50 35000
0 1016 0 1 39112 22 0 1000 7000 0 1 1 0 1000 50 35000
0 1014 0 1 39135 23 0 1000 7000 0 1 1 0 1000 50 35000
0 1011 0 1 39157 22 0 1000 7000 0 1 1 0 1000 50 35000
0 1020 0 1 39180 23 0 1000 7000 0 1 1 0 1000 50 35000
0 1014 0 1 39202 22 0 1000 7000 0 1 1 0 1000 50 35000
0 1014 0 1 39225 23 0 1000 7000 0 1 1 0 1000 50 35000
0 1016 0 1 39247 22 0 1000 7000 0 1 1 0 1000 50 35000
0 1015 0 1 39270 23 0 1000 7000 0 1 1 0 1000 50 35000
0 1015 0 1 39292 22 0 1000 7000 0 1 1 0 1000 50 35000
0 1018 0 1 39315 23 0 1000 7000 0 1 1 0 1000 50 35000
0 1015 0 1 39337 22 0 1000 7000 0 1 1 0 1000 50 35000
0 1016 0 1 39360 23 0 1000 7000 0 1 1 0 1000 50 35000
0 1020 0 1 39384 24 0 1000 7000 0 1 1 0 1000 50 35000
0 1013 0 1 39406 22 0 1000 7000 0 1 1 0 1000 50 35000
0 1017 0 1 39429 23 0 1000 7000 0 1 1 0 1000 50 35000
0 1015 0 1 39451 22 0 1000 7000 0 1 1 0 1000 50 35000
0 1012 0 1 39474 23 0 1000 7000 0 1 1 0 1000 50 35000
0 1016 0 1 39496 22 0 1000 7000 0 1 1 0 1000 50 35000
0 1014 0 1 39519 23 0 1000 7000 0 1 1 0 1000 50 35000
0 1010 0 1 39541 22 0 1000 7000 0 1 1 0 1000 50 35000
0 1016 0 1 39564 23 0 1000 7000 0 1 1 0 1000 50 35000
0 1014 0 1 39586 22 0 1000 7000 0 1 1 0 1000 50 35000
0 1015 0 1 39609 23 0 1000 7000 0 1 1 0 1000 50 35000
0 1017 0 1 39631 22 0 1000 7000 0 1 1 0 1000 50 35000
0 1014 0 1 39654 23 0 1000 7000 0 1 1 0 1000 50 35000
0 1016 0 1 39676 22 0 1000 7000 0 1 1 0 1000 50 35000
0 1018 0 1 39699 23 0 1000 7000 0 1 1 0 1000 50 35000
0 1014 0 1 39721 22 0 1000 7000 0 1 1 0 1000 50 35000
0 1018 0 1 39744 23 0 1000 7000 0 1 1 0 1000 50 35000
0 1016 0 1 39767 23 0 1000 7000 0 1 1 0 1000 50 35000
0 1008 0 1 39790 23 0 1000 7000 0 1 1 0 1000 50 35000
0 1016 0 1 39813 23 0 1000 7000 0 1 1 0 1000 50 35000
0 1004 0 1 39835 22 0 1000 7000 0 1 1 0 1000 50 35000
0 1009 0 1 39858 23 0 1000 7000 0 1 1 0 1000 50 35000
0 1016 0 1 39880 22 0 1000 7000 0 1 1 0 1000 50 35000
0 1014 0 1 39903 23 0 1000 7000 0 1 1 0 1000 50 35000
0 1014 0 1 39925 22 0 1000 7000 0 1 1 0 1000 50 35000
0 1023 0 1 39948 23 0 1000 7000 0 1 1 0 1000 50 35000
0 1014 0 1 39970 22 0 1000 7000 0 1 1 0 1000 50 35000
0 1014 0 1 39993 23 0 1000 7000 0 1 1 0 1000 50 35000
0 1021 0 1 40015 22 0 1000 7000 0 1 1 0 1000 50 35000
0 1013 0 1 40038 23 0 1000 7000 0 1 1 0 1000 50 35000
0 1016 0 1 40060 22 0 1000 7000 0 1 1 0 1000 50 35000
0 1016 0 1 40083 23 0 1000 7000 0 1 1 0 1000 50 35000
0 1012 0 1 40105 22 0 1000 7000 0 1 1 0 1000 50 35000
0 1016 0 1 40128 23 0 1000 7000 0 1 1 0 1000 50 35000
0 1023 0 1 40151 23 0 1000 7000 0 1 1 0 1000 50 35000
0 1011 0 1 40173 22 0 1000 7000 0 1 1 0 1000 50 35000
0 1017 0 1 40196 23 0 1000 7000 0 1 1 0 1000 50 35000
0 1014 0 1 40219 23 0 1000 7000 0 1 1 0 1000 50 35000
0 1013 0 1 40242 23 0 1000 7000 0 1 1 0 1000 50 35000
0 1016 0 1 40264 22 0 1000 7000 0 1 1 0 1000 50 35000
0 1013 0 1 40287 23 0 1000 7000 0 1 1 0 1000 50 35000
0 1014 0 1 40309 22 0 1000 7000 0 1 1 0 1000 50 35000
0 1023 0 1 40332 23 0 1000 7000 0 1 1 0 1000 50 35000
0 1012 0 1 40354 22 0 1000 7000 0 1 1 0 1000 50 35000
0 1015 0 1 40377 23 0 1000 7000 0 1 1 0 1000 50 35000
0 1017 0 1 40399 22 0 1000 7000 0 1 1 0 1000 50 35000
0 1014 0 1 40422 23 0 1000 7000 0 1 1 0 1000 50 35000
0 1017 0 1 40444 22 0 1000 7000 0 1 1 0 1000 50 35000
0 1015 0 1 40467 23 0 1000 7000 0 1 1 0 1000 50 35000
0 1012 0 1 40489 22 0 1000 7000 0 1 1 0 1000 50 35000
0 1016 0 1 40512 23 0 1000 7000 0 1 1 0 1000 50 35000
0 1014 0 1 40535 23 0 1000 7000 0 1 1 0 1000 50 35000
0 1010 0 1 40557 22 0 1000 7000 0 1 1 0 1000 50 35000
0 1016 0 1 40580 23 0 1000 7000 0 1 1 0 1000 50 35000
0 1014 0 1 40602 22 0 1000 7000 0 1 1 0 1000 50 35000
0 1015 0 1 40625 23 0 1000 7000 0 1 1 0 1000 50 35000
0 1020 0 1 40648 23 0 1000 7000 0 1 1 0 1000 50 35000
0 1014 0 1 40671 23 0 1000 7000 0 1 1 0 1000 50 35000
0 1015 0 1 40693 22 0 1000 7000 0 1 1 0 1000 50 35000
0 1020 0 1 40716 23 0 1000 7000 0 1 1 0 1000 50 35000
0 1011 0 1 40738 22 0 1000 7000 0 1 1 0 1000 50 35000
0 1016 0 1 40761 23 0 1000 7000 0 1 1 0 1000 50 35000
0 1017 0 1 40783 22 0 1000 7000 0 1 1 0 1000 50 35000
0 1006 0 1 40806 23 0 1000 7000 0 1 1 0 1000 50 35000
0 1016 0 1 40828 22 0 1000 7000 0 1 1 0 1000 50 35000
0 1014 0 1 40851 23 0 1000 7000 0 1 1 0 1000 50 35000
0 1011 0 1 40873 22 0 1000 7000 0 1 1 0 1000 50 35000
0 1017 0 1 40896 23 0 1000 7000 0 1 1 0 1000 50 35000
0 1014 0 1 40919 23 0 1000 7000 0 1 1 0 1000 50 35000
0 1014 0 1 40941 22 0 1000 7000 0 1 1 0 1000 50 35000
0 1017 0 1 40964 23 0 1000 7000 0 1 1 0 1000 50 35000
0 1013 0 1 40986 22 0 1000 7000 0 1 1 0 1000 50 35000
0 1014 0 1 41009 23 0 1000 7000 0 1 1 0 1000 50 35000
0 1023 0 1 41031 22 0 1000 7000 0 1 1 0 1000 50 35000
0 1014 0 1 41055 24 0 1000 7000 0 1 1 0 1000 50 35000
0 1019 0 1 41077 22 0 1000 7000 0 1 1 0 1000 50 35000
0 1016 0 1 41100 23 0 1000 7000 0 1 1 0 1000 50 35000
0 1013 0 1 41122 22 0 1000 7000 0 1 1 0 1000 50 35000
0 1015 0 1 41145 23 0 1000 7000 0 1 1 0 1000 50 35000
0 1014 0 1 41167 22 0 1000 7000 0 1 1 0 1000 50 35000
0 1012 0 1 41190 23 0 1000 7000 0 1 1 0 1000 50 35000
0 1015 0 1 41212 22 0 1000 7000 0 1 1 0 1000 50 35000
0 1014 0 1 41235 23 0 1000 7000 0 1 1 0 1000 50 35000
0 1005 0 1 41257 22 0 1000 7000 0 1 1 0 1000 50 35000
0 1016 0 1 41280 23 0 1000 7000 0 1 1 0 1000 50 35000
0 1013 0 1 41303 23 0 1000 7000 0 1 1 0 1000 50 35000
0 1014 0 1 41325 22 0 1000 7000 0 1 1 0 1000 50 35000
0 1017 0 1 41348 23 0 1000 7000 0 1 1 0 1000 50 35000
0 1013 0 1 41370 22 0 1000 7000 0 1 1 0 1000 50 35000
0 1015 0 1 41393 23 0 1000 7000 0 1 1 0 1000 50 35000
0 1020 0 1 41415 22 0 1000 7000 0 1 1 0 1000 50 35000
0 1014 0 1 41438 23 0 1000 7000 0 1 1 0 1000 50 35000
0 1017 0 1 41460 22 0 1000 7000 0 1 1 0 1000 50 35000
0 1017 0 1 41484 24 0 1000 7000 0 1 1 0 1000 50 35000
0 1011 0 1 41506 22 0 1000 7000 0 1 1 0 1000 50 35000
0 1018 0 1 41529 23 0 1000 7000 0 1 1 0 1000 50 35000
0 1014 0 1 41551 22 0 1000 7000 0 1 1 0 1000 50 35000
0 1010 0 1 41574 23 0 1000 7000 0 1 1 0 1000 50 35000
0 1016 0 1 41596 22 0 1000 7000 0 1 1 0 1000 50 35000
0 1014 0 1 41619 23 0 1000 7000 0 1 1 0 1000 50 35000
0 1013 0 1 41641 22 0 1000 7000 0 1 1 0 1000 50 35000
0 1023 0 1 41664 23 0 1000 7000 0 1 1 0 1000 50 35000
0 1014 0 1 41687 23 0 1000 7000 0 1 1 0 1000 50 35000
0 1015 0 1 41709 22 0 1000 7000 0 1 1 0 1000 50 35000
0 1019 0 1 41732 23 0 1000 7000 0 1 1 0 1000 50 35000
0 1014 0 1 41754 22 0 1000 7000 0 1 1 0 1000 50 35000
0 1014 0 1 41777 23 0 1000 7000 0 1 1 0 1000 50 35000
0 1014 0 1 41799 22 0 1000 7000 0 1 1 0 1000 50 35000
0 1011 0 1 41822 23 0 1000 7000 0 1 1 0 1000 50 35000
0 1016 0 1 41844 22 0 1000 7000 0 1 1 0 1000 50 35000
0 1009 0 1 41867 23 0 1000 7000 0 1 1 0 1000 50 35000
0 1007 0 1 41889 22 0 1000 7000 0 1 1 0 1000 50 35000
0 1017 0 1 41913 24 0 1000 7000 0 1 1 0 1000 50 35000
0 1014 0 1 41935 22 0 1000 7000 0 1 1 0 1000 50 35000
0 1013 0 1 41958 23 0 1000 7000 0 1 1 0 1000 50 35000
0 1016 0 1 41980 22 0 1000 7000 0 1 1 0 1000 50 35000
0 1013 0 1 42003 23 0 1000 7000 0 1 1 0 1000 50 35000
0 1023 0 1 42025 22 0 1000 7000 0 1 1 0 1000 50 35000
0 1018 0 1 42048 23 0 1000 7000 0 1 1 0 1000 50 35000
0 1015 0 1 42071 23 0 1000 7000 0 1 1 0 1000 50 35000
0 1015 0 1 42093 22 0 1000 7000 0 1 1 0 1000 50 35000
0 1017 0 1 42116 23 0 1000 7000 0 1 1 0 1000 50 35000
0 1013 0 1 42138 22 0 1000 7000 0 1 1 0 1000 50 35000
0 1016 0 1 42161 23 0 1000 7000 0 1 1 0 1000 50 35000
0 1015 0 1 42183 22 0 1000 7000 0 1 1 0 1000 50 35000
0 1013 0 1 42206 23 0 1000 7000 0 1 1 0 1000 50 35000
0 1015 0 1 42228 22 0 1000 7000 0 1 1 0 1000 50 35000
0 1014 0 1 42251 23 0 1000 7000 0 1 1 0 1000 50 35000
0 1011 0 1 42273 22 0 1000 7000 0 1 1 0 1000 50 35000
0 1015 0 1 42296 23 0 1000 7000 0 1 1 0 1000 50 35000
0 1016 0 1 42318 22 0 1000 7000 0 1 1 0 1000 50 35000
0 1008 0 1 42342 24 0 1000 7000 0 1 1 0 1000 50 35000
0 1018 0 1 42364 22 0 1000 7000 0 1 1 0 1000 50 35000
0 1013 0 1 42387 23 0 1000 7000 0 1 1 0 1000 50 35000
0 1013 0 1 42409 22 0 1000 7000 0 1 1 0 1000 50 35000
0 1016 0 1 42432 23 0 1000 7000 0 1 1 0 1000 50 35000
0 1013 0 1 42455 23 0 1000 7000 0 1 1 0 1000 50 35000
0 1016 0 1 42477 22 0 1000 7000 0 1 1 0 1000 50 35000
0 1012 0 1 42500 23 0 1000 7000 0 1 1 0 1000 50 35000
0 1008 0 1 42522 22 0 1000 7000 0 1 1 0 1000 50 35000
0 1016 0 1 42545 23 0 1000 7000 0 1 1 0 1000 50 35000
0 1014 0 1 42567 22 0 1000 7000 0 1 1 0 1000 50 35000
0 1009 0 1 42590 23 0 1000 7000 0 1 1 0 1000 50 35000
0 1016 0 1 42612 22 0 1000 7000 0 1 1 0 1000 50 35000
0 1010 0 1 42635 23 0 1000 7000 0 1 1 0 1000 50 35000
0 1016 0 1 42657 22 0 1000 7000 0 1 1 0 1000 50 35000
0 1023 0 1 42680 23 0 1000 7000 0 1 1 0 1000 50 35000
0 1015 0 1 42702 22 0 1000 7000 0 1 1 0 1000 50 35000
0 1015 0 1 42725 23 0 1000 7000 0 1 1 0 1000 50 35000
0 1021 0 1 42747 22 0 1000 7000 0 1 1 0 1000 50 35000
0 1012 0 1 42771 24 0 1000 7000 0 1 1 0 1000 50 35000
0 1015 0 1 42793 22 0 1000 7000 0 1 1 0 1000 50 35000
0 1015 0 1 42816 23 0 1000 7000 0 1 1 0 1000 50 35000
0 1012 0 1 42839 23 0 1000 7000 0 1 1 0 1000 50 35000
0 1015 0 1 42861 22 0 1000 7000 0 1 1 0 1000 50 35000
0 1023 0 1 42884 23 0 1000 7000 0 1 1 0 1000 50 35000
0 1010 0 1 42906 22 0 1000 7000 0 1 1 0 1000 50 35000
0 1016 0 1 42929 23 0 1000 7000 0 1 1 0 1000 50 35000
0 1014 0 1 42951 22 0 1000 7000 0 1 1 0 1000 50 35000
0 1013 0 1 42974 23 0 1000 7000 0 1 1 0 1000 50 35000
0 1018 0 1 42996 22 0 1000 7000 0 1 1 0 1000 50 35000
0 1013 0 1 43019 23 0 1000 7000 0 1 1 0 1000 50 35000
0 1015 0 1 43041 22 0 1000 7000 0 1 1 0 1000 50 35000
0 1018 0 1 43064 23 0 1000 7000 0 1 1 0 1000 50 35000
0 1013 0 1 43086 22 0 1000 7000 0 1 1 0 1000 50 35000
0 1015 0 1 43109 23 0 1000 7000 0 1 1 0 1000 50 35000
0 1016 0 1 43131 22 0 1000 7000 0 1 1 0 1000 50 35000
0 1016 0 1 43154 23 0 1000 7000 0 1 1 0 1000 50 35000
0 1017 0 1 43177 23 0 1000 7000 0 1 1 0 1000 50 35000
0 1015 0 1 43200 23 0 1000 7000 0 1 1 0 1000 50 35000
0 1011 0 1 43223 23 0 1000 7000 0 1 1 0 1000 50 35000
0 1016 0 1 43245 22 0 1000 7000 0 1 1 0 1000 50 35000
0 1014 0 1 43268 23 0 1000 7000 0 1 1 0 1000 50 35000
0 1011 0 1 43290 22 0 1000 7000 0 1 1 0 1000 50 35000
0 1016 0 1 43313 23 0 1000 7000 0 1 1 0 1000 50 35000
0 1013 0 1 43335 22 0 1000 7000 0 1 1 0 1000 50 35000
0 1013 0 1 43358 23 0 1000 7000 0 1 1 0 1000 50 35000
0 1016 0 1 43380 22 0 1000 7000 0 1 1 0 1000 50 35000
0 1013 0 1 43403 23 0 1000 7000 0 1 1 0 1000 50 35000
0 1015 0 1 43425 22 0 1000 7000 0 1 1 0 1000 50 35000
0 1020 0 1 43448 23 0 1000 7000 0 1 1 0 1000 50 35000
0 1013 0 1 43470 22 0 1000 7000 0 1 1 0 1000 50 35000
0 1015 0 1 43493 23 0 1000 7000 0 1 1 0 1000 50 35000
0 1015 0 1 43515 22 0 1000 7000 0 1 1 0 1000 50 35000
0 1005 0 1 43538 23 0 1000 7000 0 1 1 0 1000 50 35000
0 1015 0 1 43560 22 0 1000 7000 0 1 1 0 1000 50 35000
0 1014 0 1 43583 23 0 1000 7000 0 1 1 0 1000 50 35000
0 1008 0 1 43607 24 0 1000 7000 0 1 1 0 1000 50 35000
0 1016 0 1 43629 22 0 1000 7000 0 1 1 0 1000 50 35000
0 1013 0 1 43652 23 0 1000 7000 0 1 1 0 1000 50 35000
0 1017 0 1 43674 22 0 1000 7000 0 1 1 0 1000 50 35000
0 1018 0 1 43697 23 0 1000 7000 0 1 1 0 1000 50 35000
0 1013 0 1 43719 22 0 1000 7000 0 1 1 0 1000 50 35000
0 1014 0 1 43742 23 0 1000 7000 0 1 1 0 1000 50 35000
0 1020 0 1 43764 22 0 1000 7000 0 1 1 0 1000 50 35000
0 1013 0 1 43787 23 0 1000 7000 0 1 1 0 1000 50 35000
0 1015 0 1 43809 22 0 1000 7000 0 1 1 0 1000 50 35000
0 1016 0 1 43832 23 0 1000 7000 0 1 1 0 1000 50 35000
0 1013 0 1 43854 22 0 1000 7000 0 1 1 0 1000 50 35000
0 1016 0 1 43877 23 0 1000 7000 0 1 1 0 1000 50 35000
0 1014 0 1 43899 22 0 1000 7000 0 1 1 0 1000 50 35000
0 1010 0 1 43922 23 0 1000 7000 0 1 1 0 1000 50 35000
0 1016 0 1 43944 22 0 1000 7000 0 1 1 0 1000 50 35000
0 1014 0 1 43967 23 0 1000 7000 0 1 1 0 1000 50 35000
0 1014 0 1 43990 23 0 1000 7000 0 1 1 0 1000 50 35000
0 1017 0 1 44013 23 0 1000 7000 0 1 1 0 1000 50 35000
0 1013 0 1 44036 23 0 1000 7000 0 1 1 0 1000 50 35000
0 1014 0 1 44058 22 0 1000 7000 0 1 1 0 1000 50 35000
0 1017 0 1 44081 23 0 1000 7000 0 1 1 0 1000 50 35000
0 1013 0 1 44103 22 0 1000 7000 0 1 1 0 1000 50 35000
0 1011 0 1 44126 23 0 1000 7000 0 1 1 0 1000 50 35000
0 1018 0 1 44148 22 0 1000 7000 0 1 1 0 1000 50 35000
0 1013 0 1 44171 23 0 1000 7000 0 1 1 0 1000 50 35000
0 1016 0 1 44193 22 0 1000 7000 0 1 1 0 1000 50 35000
0 1015 0 1 44216 23 0 1000 7000 0 1 1 0 1000 50 35000
0 1011 0 1 44238 22 0 1000 7000 0 1 1 0 1000 50 35000
0 1016 0 1 44261 23 0 1000 7000 0 1 1 0 1000 50 35000
0 1014 0 1 44283 22 0 1000 7000 0 1 1 0 1000 50 35000
0 1009 0 1 44306 23 0 1000 7000 0 1 1 0 1000 50 35000
0 1016 0 1 44328 22 0 1000 7000 0 1 1 0 1000 50 35000
0 1013 0 1 44351 23 0 1000 7000 0 1 1 0 1000 50 35000
0 1015 0 1 44374 23 0 1000 7000 0 1 1 0 1000 50 35000
0 1020 0 1 44396 22 0 1000 7000 0 1 1 0 1000 50 35000
0 1011 0 1 44420 24 0 1000 7000 0 1 1 0 1000 50 35000
0 1015 0 1 44442 22 0 1000 7000 0 1 1 0 1000 50 35000
0 1020 0 1 44465 23 0 1000 7000 0 1 1 0 1000 50 35000
0 1014 0 1 44487 22 0 1000 7000 0 1 1 0 1000 50 35000
0 1015 0 1 44510 23 0 1000 7000 0 1 1 0 1000 50 35000
0 1015 0 1 44532 22 0 1000 7000 0 1 1 0 1000 50 35000
0 1007 0 1 44555 23 0 1000 7000 0 1 1 0 1000 50 35000
0 1016 0 1 44577 22 0 1000 7000 0 1 1 0 1000 50 35000
0 1014 0 1 44600 23 0 1000 7000 0 1 1 0 1000 50 35000
0 998 0 1 44622 22 0 1000 7000 0 1 1 0 1000 50 35000
0 1017 0 1 44645 23 0 1000 7000 0 1 1 0 1000 50 35000
0 1014 0 1 44667 22 0 1000 7000 0 1 1 0 1000 50 35000
0 1016 0 1 44690 23 0 1000 7000 0 1 1 0 1000 50 35000
0 1017 0 1 44712 22 0 1000 7000 0 1 1 0 1000 50 35000
0 1013 0 1 44735 23 0 1000 7000 0 1 1 0 1000 50 35000
0 1015 0 1 44758 23 0 1000 7000 0 1 1 0 1000 50 35000
0 1019 0 1 44780 22 0 1000 7000 0 1 1 0 1000 50 35000
0 1014 0 1 44803 23 0 1000 7000 0 1 1 0 1000 50 35000
0 1015 0 1 44825 22 0 1000 7000 0 1 1 0 1000 50 35000
0 1018 0 1 44848 23 0 1000 7000 0 1 1 0 1000 50 35000
0 1013 0 1 44871 23 0 1000 7000 0 1 1 0 1000 50 35000
0 1016 0 1 44894 23 0 1000 7000 0 1 1 0 1000 50 35000
0 1014 0 1 44916 22 0 1000 7000 0 1 1 0 1000 50 35000
0 1012 0 1 44939 23 0 1000 7000 0 1 1 0 1000 50 35000
0 1016 0 1 44961 22 0 1000 7000 0 1 1 0 1000 50 35000
0 1014 0 1 44984 23 0 1000 7000 0 1 1 0 1000 50 35000
0 1010 0 1 45006 22 0 1000 7000 0 1 1 0 1000 50 35000
0 1015 0 1 45029 23 0 1000 7000 0 1 1 0 1000 50 35000
0 1013 0 1 45051 22 0 1000 7000 0 1 1 0 1000 50 35000
0 1014 0 1 45074 23 0 1000 7000 0 1 1 0 1000 50 35000
0 1018 0 1 45096 22 0 1000 7000 0 1 1 0 1000 50 35000
0 1013 0 1 45119 23 0 1000 7000 0 1 1 0 1000 50 35000
0 1015 0 1 45142 23 0 1000 7000 0 1 1 0 1000 50 35000
0 1019 0 1 45164 22 0 1000 7000 0 1 1 0 1000 50 35000
0 1014 0 1 45187 23 0 1000 7000 0 1 1 0 1000 50 35000
0 1015 0 1 45209 22 0 1000 7000 0 1 1 0 1000 50 35000
0 1016 0 1 45232 23 0 1000 7000 0 1 1 0 1000 50 35000
0 1013 0 1 45254 22 0 1000 7000 0 1 1 0 1000 50 35000
0 1016 0 1 45278 24 0 1000 7000 0 1 1 0 1000 50 35000
0 1014 0 1 45300 22 0 1000 7000 0 1 1 0 1000 50 35000
0 1011 0 1 45323 23 0 1000 7000 0 1 1 0 1000 50 35000
0 1016 0 1 45345 22 0 1000 7000 0 1 1 0 1000 50 35000
0 1013 0 1 45368 23 0 1000 7000 0 1 1 0 1000 50 35000
0 1015 0 1 45390 22 0 1000 7000 0 1 1 0 1000 50 35000
0 1023 0 1 45413 23 0 1000 7000 0 1 1 0 1000 50 35000
0 1014 0 1 45435 22 0 1000 7000 0 1 1 0 1000 50 35000
0 1014 0 1 45458 23 0 1000 7000 0 1 1 0 1000 50 35000
0 1020 0 1 45480 22 0 1000 7000 0 1 1 0 1000 50 35000
0 1014 0 1 45503 23 0 1000 7000 0 1 1 0 1000 50 35000
0 1015 0 1 45526 23 0 1000 7000 0 1 1 0 1000 50 35000
0 1015 0 1 45548 22 0 1000 7000 0 1 1 0 1000 50 35000
0 1006 0 1 45571 23 0 1000 7000 0 1 1 0 1000 50 35000
0 1015 0 1 45593 22 0 1000 7000 0 1 1 0 1000 50 35000
0 1014 0 1 45616 23 0 1000 7000 0 1 1 0 1000 50 35000
0 999 0 1 45638 22 0 1000 7000 0 1 1 0 1000 50 35000
0 1015 0 1 45661 23 0 1000 7000 0 1 1 0 1000 50 35000
0 1011 0 1 45683 22 0 1000 7000 0 1 1 0 1000 50 35000
0 1013 0 1 45707 24 0 1000 7000 0 1 1 0 1000 50 35000
0 1017 0 1 45729 22 0 1000 7000 0 1 1 0 1000 50 35000
0 1013 0 1 45752 23 0 1000 7000 0 1 1 0 1000 50 35000
0 1013 0 1 45774 22 0 1000 7000 0 1 1 0 1000 50 35000
0 1018 0 1 45797 23 0 1000 7000 0 1 1 0 1000 50 35000
0 1012 0 1 45819 22 0 1000 7000 0 1 1 0 1000 50 35000
0 1015 0 1 45842 23 0 1000 7000 0 1 1 0 1000 50 35000
0 1017 0 1 45864 22 0 1000 7000 0 1 1 0 1000 50 35000
0 1013 0 1 45887 23 0 1000 7000 0 1 1 0 1000 50 35000
0 1016 0 1 45910 23 0 1000 7000 0 1 1 0 1000 50 35000
0 1013 0 1 45932 22 0 1000 7000 0 1 1 0 1000 50 35000
0 1010 0 1 45955 23 0 1000 7000 0 1 1 0 1000 50 35000
0 1016 0 1 45977 22 0 1000 7000 0 1 1 0 1000 50 35000
0 1014 0 1 46000 23 0 1000 7000 0 1 1 0 1000 50 35000
0 1010 0 1 46022 22 0 1000 7000 0 1 1 0 1000 50 35000
0 1014 0 1 46045 23 0 1000 7000 0 1 1 0 1000 50 35000
0 1013 0 1 46067 22 0 1000 7000 0 1 1 0 1000 50 35000
0 1015 0 1 46090 23 0 1000 7000 0 1 1 0 1000 50 35000
0 1017 0 1 46113 23 0 1000 7000 0 1 1 0 1000 50 35000
0 1015 0 1 46136 23 0 1000 7000 0 1 1 0 1000 50 35000
0 1015 0 1 46158 22 0 1000 7000 0 1 1 0 1000 50 35000
0 1019 0 1 46181 23 0 1000 7000 0 1 1 0 1000 50 35000
0 1013 0 1 46203 22 0 1000 7000 0 1 1 0 1000 50 35000
0 1019 0 1 46226 23 0 1000 7000 0 1 1 0 1000 50 35000
0 1014 0 1 46248 22 0 1000 7000 0 1 1 0 1000 50 35000
0 999 0 1 46271 23 0 1000 7000 0 1 1 0 1000 50 35000
0 1018 0 1 46294 23 0 1000 7000 0 1 1 0 1000 50 35000
0 1003 0 1 46316 22 0 1000 7000 0 1 1 0 1000 50 35000
0 1010 0 1 46339 23 0 1000 7000 0 1 1 0 1000 50 35000
0 1015 0 1 46361 22 0 1000 7000 0 1 1 0 1000 50 35000
0 1018 0 1 46384 23 0 1000 7000 0 1 1 0 1000 50 35000
0 1015 0 1 46406 22 0 1000 7000 0 1 1 0 1000 50 35000
0 1023 0 1 46429 23 0 1000 7000 0 1 1 0 1000 50 35000
0 1012 0 1 46451 22 0 1000 7000 0 1 1 0 1000 50 35000
0 1015 0 1 46474 23 0 1000 7000 0 1 1 0 1000 50 35000
0 1013 0 1 46496 22 0 1000 7000 0 1 1 0 1000 50 35000
0 1014 0 1 46519 23 0 1000 7000 0 1 1 0 1000 50 35000
0 1015 0 1 46542 23 0 1000 7000 0 1 1 0 1000 50 35000
0 1013 0 1 46565 23 0 1000 7000 0 1 1 0 1000 50 35000
0 1011 0 1 46587 22 0 1000 7000 0 1 1 0 1000 50 35000
0 1016 0 1 46610 23 0 1000 7000 0 1 1 0 1000 50 35000
0 1005 0 1 46632 22 0 1000 7000 0 1 1 0 1000 50 35000
0 1014 0 1 46655 23 0 1000 7000 0 1 1 0 1000 50 35000
0 1013 0 1 46678 23 0 1000 7000 0 1 1 0 1000 50 35000
0 1013 0 1 46700 22 0 1000 7000 0 1 1 0 1000 50 35000
0 1014 0 1 46723 23 0 1000 7000 0 1 1 0 1000 50 35000
0 1018 0 1 46745 22 0 1000 7000 0 1 1 0 1000 50 35000
0 1012 0 1 46768 23 0 1000 7000 0 1 1 0 1000 50 35000
0 1014 0 1 46790 22 0 1000 7000 0 1 1 0 1000 50 35000
0 1016 0 1 46813 23 0 1000 7000 0 1 1 0 1000 50 35000
0 1013 0 1 46835 22 0 1000 7000 0 1 1 0 1000 50 35000
0 1014 0 1 46858 23 0 1000 7000 0 1 1 0 1000 50 35000
0 1023 0 1 46880 22 0 1000 7000 0 1 1 0 1000 50 35000
0 1012 0 1 46903 23 0 1000 7000 0 1 1 0 1000 50 35000
0 1017 0 1 46925 22 0 1000 7000 0 1 1 0 1000 50 35000
0 1014 0 1 46949 24 0 1000 7000 0 1 1 0 1000 50 35000
0 1010 0 1 46971 22 0 1000 7000 0 1 1 0 1000 50 35000
0 1015 0 1 46994 23 0 1000 7000 0 1 1 0 1000 50 35000
0 1014 0 1 47016 22 0 1000 7000 0 1 1 0 1000 50 35000
0 1011 0 1 47039 23 0 1000 7000 0 1 1 0 1000 50 35000
0 1014 0 1 47062 23 0 1000 7000 0 1 1 0 1000 50 35000
0 1012 0 1 47084 22 0 1000 7000 0 1 1 0 1000 50 35000
0 1013 0 1 47107 23 0 1000 7000 0 1 1 0 1000 50 35000
0 1018 0 1 47129 22 0 1000 7000 0 1 1 0 1000 50 35000
0 1015 0 1 47152 23 0 1000 7000 0 1 1 0 1000 50 35000
0 1015 0 1 47174 22 0 1000 7000 0 1 1 0 1000 50 35000
0 1019 0 1 47197 23 0 1000 7000 0 1 1 0 1000 50 35000
0 1013 0 1 47219 22 0 1000 7000 0 1 1 0 1000 50 35000
0 1009 0 1 47242 23 0 1000 7000 0 1 1 0 1000 50 35000
0 1017 0 1 47264 22 0 1000 7000 0 1 1 0 1000 50 35000
0 1012 0 1 47287 23 0 1000 7000 0 1 1 0 1000 50 35000
0 1016 0 1 47309 22 0 1000 7000 0 1 1 0 1000 50 35000
0 1014 0 1 47332 23 0 1000 7000 0 1 1 0 1000 50 35000
0 1007 0 1 47355 23 0 1000 7000 0 1 1 0 1000 50 35000
0 1015 0 1 47378 23 0 1000 7000 0 1 1 0 1000 50 35000
0 1013 0 1 47400 22 0 1000 7000 0 1 1 0 1000 50 35000
0 1013 0 1 47423 23 0 1000 7000 0 1 1 0 1000 50 35000
0 1023 0 1 47446 23 0 1000 7000 0 1 1 0 1000 50 35000
0 1013 0 1 47468 22 0 1000 7000 0 1 1 0 1000 50 35000
0 1014 0 1 47491 23 0 1000 7000 0 1 1 0 1000 50 35000
0 1020 0 1 47513 22 0 1000 7000 0 1 1 0 1000 50 35000
0 1012 0 1 47536 23 0 1000 7000 0 1 1 0 1000 50 35000
0 1015 0 1 47558 22 0 1000 7000 0 1 1 0 1000 50 35000
0 1010 0 1 47581 23 0 1000 7000 0 1 1 0 1000 50 35000
0 1010 0 1 47603 22 0 1000 7000 0 1 1 0 1000 50 35000
0 1018 0 1 47626 23 0 1000 7000 0 1 1 0 1000 50 35000
0 1014 0 1 47648 22 0 1000 7000 0 1 1 0 1000 50 35000
0 1008 0 1 47671 23 0 1000 7000 0 1 1 0 1000 50 35000
0 1014 0 1 47693 22 0 1000 7000 0 1 1 0 1000 50 35000
0 1014 0 1 47716 23 0 1000 7000 0 1 1 0 1000 50 35000
0 1012 0 1 47739 23 0 1000 7000 0 1 1 0 1000 50 35000
0 1016 0 1 47762 23 0 1000 7000 0 1 1 0 1000 50 35000
0 1012 0 1 47784 22 0 1000 7000 0 1 1 0 1000 50 35000
0 1014 0 1 47807 23 0 1000 7000 0 1 1 0 1000 50 35000
0 1017 0 1 47830 23 0 1000 7000 0 1 1 0 1000 50 35000
0 1011 0 1 47852 22 0 1000 7000 0 1 1 0 1000 50 35000
0 1014 0 1 47875 23 0 1000 7000 0 1 1 0 1000 50 35000
0 1019 0 1 47897 22 0 1000 7000 0 1 1 0 1000 50 35000
0 1012 0 1 47920 23 0 1000 7000 0 1 1 0 1000 50 35000
0 1016 0 1 47942 22 0 1000 7000 0 1 1 0 1000 50 35000
0 1010 0 1 47965 23 0 1000 7000 0 1 1 0 1000 50 35000
0 1011 0 1 47987 22 0 1000 7000 0 1 1 0 1000 50 35000
0 1014 0 1 48010 23 0 1000 7000 0 1 1 0 1000 50 35000
0 1016 0 1 48032 22 0 1000 7000 0 1 1 0 1000 50 35000
0 1011 0 1 48055 23 0 1000 7000 0 1 1 0 1000 50 35000
0 1015 0 1 48077 22 0 1000 7000 0 1 1 0 1000 50 35000
0 1013 0 1 48100 23 0 1000 7000 0 1 1 0 1000 50 35000
0 1012 0 1 48122 22 0 1000 7000 0 1 1 0 1000 50 35000
0 1018 0 1 48145 23 0 1000 7000 0 1 1 0 1000 50 35000
0 1013 0 1 48168 23 0 1000 7000 0 1 1 0 1000 50 35000
0 1013 0 1 48191 23 0 1000 7000 0 1 1 0 1000 50 35000
0 1020 0 1 48214 23 0 1000 7000 0 1 1 0 1000 50 35000
0 1013 0 1 48236 22 0 1000 7000 0 1 1 0 1000 50 35000
0 1014 0 1 48259 23 0 1000 7000 0 1 1 0 1000 50 35000
0 1014 0 1 48281 22 0 1000 7000 0 1 1 0 1000 50 35000
0 1007 0 1 48304 23 0 1000 7000 0 1 1 0 1000 50 35000
0 1015 0 1 48326 22 0 1000 7000 0 1 1 0 1000 50 35000
0 1013 0 1 48349 23 0 1000 7000 0 1 1 0 1000 50 35000
0 1008 0 1 48371 22 0 1000 7000 0 1 1 0 1000 50 35000
0 1015 0 1 48394 23 0 1000 7000 0 1 1 0 1000 50 35000
0 1012 0 1 48416 22 0 1000 7000 0 1 1 0 1000 50 35000
0 1009 0 1 48439 23 0 1000 7000 0 1 1 0 1000 50 35000
0 1018 0 1 48461 22 0 1000 7000 0 1 1 0 1000 50 35000
0 1013 0 1 48484 23 0 1000 7000 0 1 1 0 1000 50 35000
0 1015 0 1 48506 22 0 1000 7000 0 1 1 0 1000 50 35000
0 1019 0 1 48529 23 0 1000 7000 0 1 1 0 1000 50 35000
0 1013 0 1 48551 22 0 1000 7000 0 1 1 0 1000 50 35000
0 1014 0 1 48575 24 0 1000 7000 0 1 1 0 1000 50 35000
0 1023 0 1 48598 23 0 1000 7000 0 1 1 0 1000 50 35000
0 1012 0 1 48620 22 0 1000 7000 0 1 1 0 1000 50 35000
0 1015 0 1 48643 23 0 1000 7000 0 1 1 0 1000 50 35000
0 1013 0 1 48665 22 0 1000 7000 0 1 1 0 1000 50 35000
0 1010 0 1 48688 23 0 1000 7000 0 1 1 0 1000 50 35000
0 1015 0 1 48710 22 0 1000 7000 0 1 1 0 1000 50 35000
0 1016 0 1 48733 23 0 1000 7000 0 1 1 0 1000 50 35000
0 1011 0 1 48755 22 0 1000 7000 0 1 1 0 1000 50 35000
0 1014 0 1 48778 23 0 1000 7000 0 1 1 0 1000 50 35000
0 1012 0 1 48800 22 0 1000 7000 0 1 1 0 1000 50 35000
0 1001 0 1 48823 23 0 1000 7000 0 1 1 0 1000 50 35000
0 1018 0 1 48845 22 0 1000 7000 0 1 1 0 1000 50 35000
0 1013 0 1 48868 23 0 1000 7000 0 1 1 0 1000 50 35000
0 1018 0 1 48890 22 0 1000 7000 0 1 1 0 1000 50 35000
0 1017 0 1 48913 23 0 1000 7000 0 1 1 0 1000 50 35000
0 1013 0 1 48935 22 0 1000 7000 0 1 1 0 1000 50 35000
0 1016 0 1 48958 23 0 1000 7000 0 1 1 0 1000 50 35000
0 1014 0 1 48980 22 0 1000 7000 0 1 1 0 1000 50 35000
0 1013 0 1 49004 24 0 1000 7000 0 1 1 0 1000 50 35000
0 1013 0 1 49027 23 0 1000 7000 0 1 1 0 1000 50 35000
0 1013 0 1 49049 22 0 1000 7000 0 1 1 0 1000 50 35000
0 1009 0 1 49072 23 0 1000 7000 0 1 1 0 1000 50 35000
0 1015 0 1 49094 22 0 1000 7000 0 1 1 0 1000 50 35000
0 1016 0 1 49117 23 0 1000 7000 0 1 1 0 1000 50 35000
0 1012 0 1 49139 22 0 1000 7000 0 1 1 0 1000 50 35000
0 1021 0 1 49162 23 0 1000 7000 0 1 1 0 1000 50 35000
0 1013 0 1 49184 22 0 1000 7000 0 1 1 0 1000 50 35000
0 1015 0 1 49207 23 0 1000 7000 0 1 1 0 1000 50 35000
0 1020 0 1 49229 22 0 1000 7000 0 1 1 0 1000 50 35000
0 1013 0 1 49252 23 0 1000 7000 0 1 1 0 1000 50 35000
0 1015 0 1 49274 22 0 1000 7000 0 1 1 0 1000 50 35000
0 1015 0 1 49297 23 0 1000 7000 0 1 1 0 1000 50 35000
0 1004 0 1 49319 22 0 1000 7000 0 1 1 0 1000 50 35000
0 1015 0 1 49342 23 0 1000 7000 0 1 1 0 1000 50 35000
0 1014 0 1 49364 22 0 1000 7000 0 1 1 0 1000 50 35000
0 1009 0 1 49387 23 0 1000 7000 0 1 1 0 1000 50 35000
0 1016 0 1 49411 24 0 1000 7000 0 1 1 0 1000 50 35000
0 1013 0 1 49433 22 0 1000 7000 0 1 1 0 1000 50 35000
0 1012 0 1 49456 23 0 1000 7000 0 1 1 0 1000 50 35000
0 1016 0 1 49478 22 0 1000 7000 0 1 1 0 1000 50 35000
0 1013 0 1 49501 23 0 1000 7000 0 1 1 0 1000 50 35000
0 1014 0 1 49523 22 0 1000 7000 0 1 1 0 1000 50 35000
0 1014 0 1 49546 23 0 1000 7000 0 1 1 0 1000 50 35000
0 1012 0 1 49568 22 0 1000 7000 0 1 1 0 1000 50 35000
0 1014 0 1 49591 23 0 1000 7000 0 1 1 0 1000 50 35000
0 1020 0 1 49613 22 0 1000 7000 0 1 1 0 1000 50 35000
0 1013 0 1 49636 23 0 1000 7000 0 1 1 0 1000 50 35000
0 1016 0 1 49658 22 0 1000 7000 0 1 1 0 1000 50 35000
0 1014 0 1 49681 23 0 1000 7000 0 1 1 0 1000 50 35000
0 1011 0 1 49703 22 0 1000 7000 0 1 1 0 1000 50 35000
0 1016 0 1 49726 23 0 1000 7000 0 1 1 0 1000 50 35000
0 1016 0 1 49748 22 0 1000 7000 0 1 1 0 1000 50 35000
0 1012 0 1 49771 23 0 1000 7000 0 1 1 0 1000 50 35000
0 1016 0 1 49794 23 0 1000 7000 0 1 1 0 1000 50 35000
0 1012 0 1 49817 23 0 1000 7000 0 1 1 0 1000 50 35000
0 1014 0 1 49840 23 0 1000 7000 0 1 1 0 1000 50 35000
0 1017 0 1 49862 22 0 1000 7000 0 1 1 0 1000 50 35000
0 1011 0 1 49885 23 0 1000 7000 0 1 1 0 1000 50 35000
0 1014 0 1 49907 22 0 1000 7000 0 1 1 0 1000 50 35000
0 1018 0 1 49930 23 0 1000 7000 0 1 1 0 1000 50 35000
0 1013 0 1 49952 22 0 1000 7000 0 1 1 0 1000 50 35000
0 1014 0 1 49975 23 0 1000 7000 0 1 1 0 1000 50 35000
0 1014 0 1 49997 22 0 1000 7000 0 1 1 0 1000 50 35000
0 1009 0 1 50020 23 0 1000 7000 0 1 1 0 1000 50 35000
0 1015 0 1 50042 22 0 1000 7000 0 1 1 0 1000 50 35000
0 1013 0 1 50065 23 0 1000 7000 0 1 1 0 1000 50 35000
0 1008 0 1 50087 22 0 1000 7000 0 1 1 0 1000 50 35000
0 1015 0 1 50110 23 0 1000 7000 0 1 1 0 1000 50 35000
0 1013 0 1 50132 22 0 1000 7000 0 1 1 0 1000 50 35000
0 1013 0 1 50155 23 0 1000 7000 0 1 1 0 1000 50 35000
0 1022 0 1 50178 23 0 1000 7000 0 1 1 0 1000 50 35000
0 1014 0 1 50200 22 0 1000 7000 0 1 1 0 1000 50 35000
0 1015 0 1 50224 24 0 1000 7000 0 1 1 0 1000 50 35000
0 1020 0 1 50246 22 0 1000 7000 0 1 1 0 1000 50 35000
0 1013 0 1 50269 23 0 1000 7000 0 1 1 0 1000 50 35000
0 1013 0 1 50291 22 0 1000 7000 0 1 1 0 1000 50 35000
0 1016 0 1 50314 23 0 1000 7000 0 1 1 0 1000 50 35000
0 1004 0 1 50336 22 0 1000 7000 0 1 1 0 1000 50 35000
0 1015 0 1 50359 23 0 1000 7000 0 1 1 0 1000 50 35000
0 1011 0 1 50381 22 0 1000 7000 0 1 1 0 1000 50 35000
0 1007 0 1 50404 23 0 1000 7000 0 1 1 0 1000 50 35000
0 1015 0 1 50426 22 0 1000 7000 0 1 1 0 1000 50 35000
0 1013 0 1 50449 23 0 1000 7000 0 1 1 0 1000 50 35000
0 1018 0 1 50471 22 0 1000 7000 0 1 1 0 1000 50 35000
0 1017 0 1 50494 23 0 1000 7000 0 1 1 0 1000 50 35000
0 1013 0 1 50516 22 0 1000 7000 0 1 1 0 1000 50 35000
0 1003 0 1 50539 23 0 1000 7000 0 1 1 0 1000 50 35000
0 1021 0 1 50562 23 0 1000 7000 0 1 1 0 1000 50 35000
0 1013 0 1 50584 22 0 1000 7000 0 1 1 0 1000 50 35000
0 1015 0 1 50607 23 0 1000 7000 0 1 1 0 1000 50 35000
0 1015 0 1 50630 23 0 1000 7000 0 1 1 0 1000 50 35000
0 1013 0 1 50653 23 0 1000 7000 0 1 1 0 1000 50 35000
0 1015 0 1 50675 22 0 1000 7000 0 1 1 0 1000 50 35000
0 1014 0 1 50698 23 0 1000 7000 0 1 1 0 1000 50 35000
0 1010 0 1 50720 22 0 1000 7000 0 1 1 0 1000 50 35000
0 1015 0 1 50743 23 0 1000 7000 0 1 1 0 1000 50 35000
0 1013 0 1 50765 22 0 1000 7000 0 1 1 0 1000 50 35000
0 1010 0 1 50788 23 0 1000 7000 0 1 1 0 1000 50 35000
0 1015 0 1 50810 22 0 1000 7000 0 1 1 0 1000 50 35000
0 1012 0 1 50833 23 0 1000 7000 0 1 1 0 1000 50 35000
0 1014 0 1 50855 22 0 1000 7000 0 1 1 0 1000 50 35000
0 1017 0 1 50878 23 0 1000 7000 0 1 1 0 1000 50 35000
0 1009 0 1 50900 22 0 1000 7000 0 1 1 0 1000 50 35000
0 1014 0 1 50923 23 0 1000 7000 0 1 1 0 1000 50 35000
0 1018 0 1 50946 23 0 1000 7000 0 1 1 0 1000 50 35000
0 1013 0 1 50968 22 0 1000 7000 0 1 1 0 1000 50 35000
0 1012 0 1 50991 23 0 1000 7000 0 1 1 0 1000 50 35000
0 1014 0 1 51013 22 0 1000 7000 0 1 1 0 1000 50 35000
0 1014 0 1 51037 24 0 1000 7000 0 1 1 0 1000 50 35000
0 1015 0 1 51059 22 0 1000 7000 0 1 1 0 1000 50 35000
0 1013 0 1 51082 23 0 1000 7000 0 1 1 0 1000 50 35000
0 1007 0 1 51104 22 0 1000 7000 0 1 1 0 1000 50 35000
0 1014 0 1 51127 23 0 1000 7000 0 1 1 0 1000 50 35000
0 1013 0 1 51149 22 0 1000 7000 0 1 1 0 1000 50 35000
0 1013 0 1 51172 23 0 1000 7000 0 1 1 0 1000 50 35000
0 1022 0 1 51194 22 0 1000 7000 0 1 1 0 1000 50 35000
0 1011 0 1 51217 23 0 1000 7000 0 1 1 0 1000 50 35000
0 1010 0 1 51239 22 0 1000 7000 0 1 1 0 1000 50 35000
0 1017 0 1 51262 23 0 1000 7000 0 1 1 0 1000 50 35000
0 1012 0 1 51284 22 0 1000 7000 0 1 1 0 1000 50 35000
0 1015 0 1 51307 23 0 1000 7000 0 1 1 0 1000 50 35000
0 1012 0 1 51330 23 0 1000 7000 0 1 1 0 1000 50 35000
0 1011 0 1 51352 22 0 1000 7000 0 1 1 0 1000 50 35000
0 1017 0 1 51375 23 0 1000 7000 0 1 1 0 1000 50 35000
0 1013 0 1 51397 22 0 1000 7000 0 1 1 0 1000 50 35000
0 1009 0 1 51420 23 0 1000 7000 0 1 1 0 1000 50 35000
0 1016 0 1 51442 22 0 1000 7000 0 1 1 0 1000 50 35000
0 1014 0 1 51466 24 0 1000 7000 0 1 1 0 1000 50 35000
0 1014 0 1 51488 22 0 1000 7000 0 1 1 0 1000 50 35000
0 1015 0 1 51511 23 0 1000 7000 0 1 1 0 1000 50 35000
0 1012 0 1 51533 22 0 1000 7000 0 1 1 0 1000 50 35000
0 1013 0 1 51556 23 0 1000 7000 0 1 1 0 1000 50 35000
0 1023 0 1 51578 22 0 1000 7000 0 1 1 0 1000 50 35000
0 1008 0 1 51601 23 0 1000 7000 0 1 1 0 1000 50 35000
0 1014 0 1 51623 22 0 1000 7000 0 1 1 0 1000 50 35000
0 1017 0 1 51646 23 0 1000 7000 0 1 1 0 1000 50 35000
0 1013 0 1 51668 22 0 1000 7000 0 1 1 0 1000 50 35000
0 1015 0 1 51691 23 0 1000 7000 0 1 1 0 1000 50 35000
0 1014 0 1 51714 23 0 1000 7000 0 1 1 0 1000 50 35000
0 1011 0 1 51736 22 0 1000 7000 0 1 1 0 1000 50 35000
0 1015 0 1 51759 23 0 1000 7000 0 1 1 0 1000 50 35000
0 1013 0 1 51781 22 0 1000 7000 0 1 1 0 1000 50 35000
0 1009 0 1 51804 23 0 1000 7000 0 1 1 0 1000 50 35000
0 1014 0 1 51826 22 0 1000 7000 0 1 1 0 1000 50 35000
0 1013 0 1 51849 23 0 1000 7000 0 1 1 0 1000 50 35000
0 1008 0 1 51871 22 0 1000 7000 0 1 1 0 1000 50 35000
0 1019 0 1 51895 24 0 1000 7000 0 1 1 0 1000 50 35000
0 1016 0 1 51917 22 0 1000 7000 0 1 1 0 1000 50 35000
0 1014 0 1 51940 23 0 1000 7000 0 1 1 0 1000 50 35000
0 1023 0 1 51962 22 0 1000 7000 0 1 1 0 1000 50 35000
0 1012 0 1 51985 23 0 1000 7000 0 1 1 0 1000 50 35000
0 1014 0 1 52007 22 0 1000 7000 0 1 1 0 1000 50 35000
0 1022 0 1 52030 23 0 1000 7000 0 1 1 0 1000 50 35000
0 1005 0 1 52052 22 0 1000 7000 0 1 1 0 1000 50 35000
0 1015 0 1 52075 23 0 1000 7000 0 1 1 0 1000 50 35000
0 1010 0 1 52098 23 0 1000 7000 0 1 1 0 1000 50 35000
0 1007 0 1 52120 22 0 1000 7000 0 1 1 0 1000 50 35000
0 1015 0 1 52143 23 0 1000 7000 0 1 1 0 1000 50 35000
0 1015 0 1 52165 22 0 1000 7000 0 1 1 0 1000 50 35000
0 1012 0 1 52188 23 0 1000 7000 0 1 1 0 1000 50 35000
0 1016 0 1 52210 22 0 1000 7000 0 1 1 0 1000 50 35000
0 1012 0 1 52233 23 0 1000 7000 0 1 1 0 1000 50 35000
0 1014 0 1 52255 22 0 1000 7000 0 1 1 0 1000 50 35000
0 1013 0 1 52278 23 0 1000 7000 0 1 1 0 1000 50 35000
0 1013 0 1 52300 22 0 1000 7000 0 1 1 0 1000 50 35000
0 1013 0 1 52324 24 0 1000 7000 0 1 1 0 1000 50 35000
0 1015 0 1 52346 22 0 1000 7000 0 1 1 0 1000 50 35000
0 1012 0 1 52369 23 0 1000 7000 0 1 1 0 1000 50 35000
0 1015 0 1 52391 22 0 1000 7000 0 1 1 0 1000 50 35000
0 1013 0 1 52414 23 0 1000 7000 0 1 1 0 1000 50 35000
0 1010 0 1 52436 22 0 1000 7000 0 1 1 0 1000 50 35000
0 1015 0 1 52459 23 0 1000 7000 0 1 1 0 1000 50 35000
0 1015 0 1 52482 23 0 1000 7000 0 1 1 0 1000 50 35000
0 1009 0 1 52504 22 0 1000 7000 0 1 1 0 1000 50 35000
0 1012 0 1 52527 23 0 1000 7000 0 1 1 0 1000 50 35000
0 1012 0 1 52549 22 0 1000 7000 0 1 1 0 1000 50 35000
0 1014 0 1 52572 23 0 1000 7000 0 1 1 0 1000 50 35000
0 1017 0 1 52594 22 0 1000 7000 0 1 1 0 1000 50 35000
0 1013 0 1 52617 23 0 1000 7000 0 1 1 0 1000 50 35000
0 1014 0 1 52639 22 0 1000 7000 0 1 1 0 1000 50 35000
0 1018 0 1 52662 23 0 1000 7000 0 1 1 0 1000 50 35000
0 1013 0 1 52684 22 0 1000 7000 0 1 1 0 1000 50 35000
0 1015 0 1 52707 23 0 1000 7000 0 1 1 0 1000 50 35000
0 1023 0 1 52729 22 0 1000 7000 0 1 1 0 1000 50 35000
0 1008 0 1 52753 24 0 1000 7000 0 1 1 0 1000 50 35000
0 1014 0 1 52775 22 0 1000 7000 0 1 1 0 1000 50 35000
0 1012 0 1 52798 23 0 1000 7000 0 1 1 0 1000 50 35000
0 1009 0 1 52820 22 0 1000 7000 0 1 1 0 1000 50 35000
0 1015 0 1 52843 23 0 1000 7000 0 1 1 0 1000 50 35000
0 1013 0 1 52866 23 0 1000 7000 0 1 1 0 1000 50 35000
0 1013 0 1 52888 22 0 1000 7000 0 1 1 0 1000 50 35000
0 1021 0 1 52911 23 0 1000 7000 0 1 1 0 1000 50 35000
0 1013 0 1 52933 22 0 1000 7000 0 1 1 0 1000 50 35000
0 1014 0 1 52956 23 0 1000 7000 0 1 1 0 1000 50 35000
0 1021 0 1 52978 22 0 1000 7000 0 1 1 0 1000 50 35000
0 1010 0 1 53001 23 0 1000 7000 0 1 1 0 1000 50 35000
0 1019 0 1 53023 22 0 1000 7000 0 1 1 0 1000 50 35000
0 1015 0 1 53046 23 0 1000 7000 0 1 1 0 1000 50 35000
0 1011 0 1 53068 22 0 1000 7000 0 1 1 0 1000 50 35000
0 1015 0 1 53091 23 0 1000 7000 0 1 1 0 1000 50 35000
0 1014 0 1 53113 22 0 1000 7000 0 1 1 0 1000 50 35000
0 1012 0 1 53136 23 0 1000 7000 0 1 1 0 1000 50 35000
0 1015 0 1 53158 22 0 1000 7000 0 1 1 0 1000 50 35000
0 1010 0 1 53182 24 0 1000 7000 0 1 1 0 1000 50 35000
0 1014 0 1 53204 22 0 1000 7000 0 1 1 0 1000 50 35000
0 1013 0 1 53227 23 0 1000 7000 0 1 1 0 1000 50 35000
0 1013 0 1 53250 23 0 1000 7000 0 1 1 0 1000 50 35000
0 1012 0 1 53272 22 0 1000 7000 0 1 1 0 1000 50 35000
0 1017 0 1 53295 23 0 1000 7000 0 1 1 0 1000 50 35000
0 1012 0 1 53317 22 0 1000 7000 0 1 1 0 1000 50 35000
0 1014 0 1 53340 23 0 1000 7000 0 1 1 0 1000 50 35000
0 1017 0 1 53362 22 0 1000 7000 0 1 1 0 1000 50 35000
0 1009 0 1 53385 23 0 1000 7000 0 1 1 0 1000 50 35000
0 1013 0 1 53407 22 0 1000 7000 0 1 1 0 1000 50 35000
0 1013 0 1 53430 23 0 1000 7000 0 1 1 0 1000 50 35000
0 1011 0 1 53452 22 0 1000 7000 0 1 1 0 1000 50 35000
0 1015 0 1 53475 23 0 1000 7000 0 1 1 0 1000 50 35000
0 1013 0 1 53497 22 0 1000 7000 0 1 1 0 1000 50 35000
0 1011 0 1 53520 23 0 1000 7000 0 1 1 0 1000 50 35000
0 1013 0 1 53542 22 0 1000 7000 0 1 1 0 1000 50 35000
0 1012 0 1 53565 23 0 1000 7000 0 1 1 0 1000 50 35000
0 1008 0 1 53588 23 0 1000 7000 0 1 1 0 1000 50 35000
0 1023 0 1 53611 23 0 1000 7000 0 1 1 0 1000 50 35000
0 1012 0 1 53634 23 0 1000 7000 0 1 1 0 1000 50 35000
0 1013 0 1 53656 22 0 1000 7000 0 1 1 0 1000 50 35000
0 1020 0 1 53679 23 0 1000 7000 0 1 1 0 1000 50 35000
0 1011 0 1 53701 22 0 1000 7000 0 1 1 0 1000 50 35000
0 1015 0 1 53724 23 0 1000 7000 0 1 1 0 1000 50 35000
0 1016 0 1 53746 22 0 1000 7000 0 1 1 0 1000 50 35000
0 1004 0 1 53769 23 0 1000 7000 0 1 1 0 1000 50 35000
0 1014 0 1 53791 22 0 1000 7000 0 1 1 0 1000 50 35000
0 1014 0 1 53814 23 0 1000 7000 0 1 1 0 1000 50 35000
0 1008 0 1 53836 22 0 1000 7000 0 1 1 0 1000 50 35000
0 1015 0 1 53859 23 0 1000 7000 0 1 1 0 1000 50 35000
0 1011 0 1 53881 22 0 1000 7000 0 1 1 0 1000 50 35000
0 1015 0 1 53904 23 0 1000 7000 0 1 1 0 1000 50 35000
0 1016 0 1 53926 22 0 1000 7000 0 1 1 0 1000 50 35000
0 1013 0 1 53949 23 0 1000 7000 0 1 1 0 1000 50 35000
0 1014 0 1 53971 22 0 1000 7000 0 1 1 0 1000 50 35000
0 1020 0 1 53995 24 0 1000 7000 0 1 1 0 1000 50 35000
0 1012 0 1 54018 23 0 1000 7000 0 1 1 0 1000 50 35000
0 1014 0 1 54040 22 0 1000 7000 0 1 1 0 1000 50 35000
0 1014 0 1 54063 23 0 1000 7000 0 1 1 0 1000 50 35000
0 1012 0 1 54085 22 0 1000 7000 0 1 1 0 1000 50 35000
0 1015 0 1 54108 23 0 1000 7000 0 1 1 0 1000 50 35000
0 1021 0 1 54130 22 0 1000 7000 0 1 1 0 1000 50 35000
0 1009 0 1 54153 23 0 1000 7000 0 1 1 0 1000 50 35000
0 1015 0 1 54175 22 0 1000 7000 0 1 1 0 1000 50 35000
0 1013 0 1 54198 23 0 1000 7000 0 1 1 0 1000 50 35000
0 1012 0 1 54220 22 0 1000 7000 0 1 1 0 1000 50 35000
0 1015 0 1 54243 23 0 1000 7000 0 1 1 0 1000 50 35000
0 1011 0 1 54265 22 0 1000 7000 0 1 1 0 1000 50 35000
0 1013 0 1 54288 23 0 1000 7000 0 1 1 0 1000 50 35000
0 1017 0 1 54310 22 0 1000 7000 0 1 1 0 1000 50 35000
0 1012 0 1 54333 23 0 1000 7000 0 1 1 0 1000 50 35000
0 1014 0 1 54355 22 0 1000 7000 0 1 1 0 1000 50 35000
0 1018 0 1 54378 23 0 1000 7000 0 1 1 0 1000 50 35000
0 1013 0 1 54402 24 0 1000 7000 0 1 1 0 1000 50 35000
0 1014 0 1 54424 22 0 1000 7000 0 1 1 0 1000 50 35000
0 1014 0 1 54447 23 0 1000 7000 0 1 1 0 1000 50 35000
0 1008 0 1 54469 22 0 1000 7000 0 1 1 0 1000 50 35000
0 1014 0 1 54492 23 0 1000 7000 0 1 1 0 1000 50 35000
0 1013 0 1 54514 22 0 1000 7000 0 1 1 0 1000 50 35000
0 1008 0 1 54537 23 0 1000 7000 0 1 1 0 1000 50 35000
0 1015 0 1 54559 22 0 1000 7000 0 1 1 0 1000 50 35000
0 1012 0 1 54582 23 0 1000 7000 0 1 1 0 1000 50 35000
0 1012 0 1 54604 22 0 1000 7000 0 1 1 0 1000 50 35000
0 1023 0 1 54627 23 0 1000 7000 0 1 1 0 1000 50 35000
0 1012 0 1 54649 22 0 1000 7000 0 1 1 0 1000 50 35000
0 1014 0 1 54672 23 0 1000 7000 0 1 1 0 1000 50 35000
0 1019 0 1 54694 22 0 1000 7000 0 1 1 0 1000 50 35000
0 1012 0 1 54717 23 0 1000 7000 0 1 1 0 1000 50 35000
0 1013 0 1 54739 22 0 1000 7000 0 1 1 0 1000 50 35000
0 1019 0 1 54762 23 0 1000 7000 0 1 1 0 1000 50 35000
0 1011 0 1 54785 23 0 1000 7000 0 1 1 0 1000 50 35000
0 1014 0 1 54807 22 0 1000 7000 0 1 1 0 1000 50 35000
0 1014 0 1 54831 24 0 1000 7000 0 1 1 0 1000 50 35000
0 1008 0 1 54853 22 0 1000 7000 0 1 1 0 1000 50 35000
0 1015 0 1 54876 23 0 1000 7000 0 1 1 0 1000 50 35000
0 1013 0 1 54898 22 0 1000 7000 0 1 1 0 1000 50 35000
0 1012 0 1 54921 23 0 1000 7000 0 1 1 0 1000 50 35000
0 1015 0 1 54943 22 0 1000 7000 0 1 1 0 1000 50 35000
0 1011 0 1 54966 23 0 1000 7000 0 1 1 0 1000 50 35000
0 1013 0 1 54988 22 0 1000 7000 0 1 1 0 1000 50 35000
0 1017 0 1 55011 23 0 1000 7000 0 1 1 0 1000 50 35000
0 1011 0 1 55033 22 0 1000 7000 0 1 1 0 1000 50 35000
0 1014 0 1 55056 23 0 1000 7000 0 1 1 0 1000 50 35000
0 1019 0 1 55078 22 0 1000 7000 0 1 1 0 1000 50 35000
0 1011 0 1 55101 23 0 1000 7000 0 1 1 0 1000 50 35000
0 1016 0 1 55123 22 0 1000 7000 0 1 1 0 1000 50 35000
0 1008 0 1 55146 23 0 1000 7000 0 1 1 0 1000 50 35000
0 1012 0 1 55169 23 0 1000 7000 0 1 1 0 1000 50 35000
0 1016 0 1 55191 22 0 1000 7000 0 1 1 0 1000 50 35000
0 1012 0 1 55215 24 0 1000 7000 0 1 1 0 1000 50 35000
0 1009 0 1 55237 22 0 1000 7000 0 1 1 0 1000 50 35000
0 1011 0 1 55260 23 0 1000 7000 0 1 1 0 1000 50 35000
0 1012 0 1 55282 22 0 1000 7000 0 1 1 0 1000 50 35000
0 1013 0 1 55305 23 0 1000 7000 0 1 1 0 1000 50 35000
0 1016 0 1 55327 22 0 1000 7000 0 1 1 0 1000 50 35000
0 1013 0 1 55350 23 0 1000 7000 0 1 1 0 1000 50 35000
0 1013 0 1 55372 22 0 1000 7000 0 1 1 0 1000 50 35000
0 1013 0 1 55395 23 0 1000 7000 0 1 1 0 1000 50 35000
0 1012 0 1 55417 22 0 1000 7000 0 1 1 0 1000 50 35000
0 1015 0 1 55440 23 0 1000 7000 0 1 1 0 1000 50 35000
0 1011 0 1 55462 22 0 1000 7000 0 1 1 0 1000 50 35000
0 1009 0 1 55485 23 0 1000 7000 0 1 1 0 1000 50 35000
0 1015 0 1 55507 22 0 1000 7000 0 1 1 0 1000 50 35000
0 1014 0 1 55530 23 0 1000 7000 0 1 1 0 1000 50 35000
0 1007 0 1 55553 23 0 1000 7000 0 1 1 0 1000 50 35000
0 1014 0 1 55575 22 0 1000 7000 0 1 1 0 1000 50 35000
0 1011 0 1 55598 23 0 1000 7000 0 1 1 0 1000 50 35000
0 1012 0 1 55621 23 0 1000 7000 0 1 1 0 1000 50 35000
0 1022 0 1 55644 23 0 1000 7000 0 1 1 0 1000 50 35000
0 1012 0 1 55666 22 0 1000 7000 0 1 1 0 1000 50 35000
0 1012 0 1 55689 23 0 1000 7000 0 1 1 0 1000 50 35000
0 1019 0 1 55711 22 0 1000 7000 0 1 1 0 1000 50 35000
0 1013 0 1 55734 23 0 1000 7000 0 1 1 0 1000 50 35000
0 1012 0 1 55756 22 0 1000 7000 0 1 1 0 1000 50 35000
0 1013 0 1 55779 23 0 1000 7000 0 1 1 0 1000 50 35000
0 1011 0 1 55801 22 0 1000 7000 0 1 1 0 1000 50 35000
0 1015 0 1 55824 23 0 1000 7000 0 1 1 0 1000 50 35000
0 1013 0 1 55846 22 0 1000 7000 0 1 1 0 1000 50 35000
0 1009 0 1 55869 23 0 1000 7000 0 1 1 0 1000 50 35000
0 1015 0 1 55891 22 0 1000 7000 0 1 1 0 1000 50 35000
0 1013 0 1 55914 23 0 1000 7000 0 1 1 0 1000 50 35000
0 1011 0 1 55937 23 0 1000 7000 0 1 1 0 1000 50 35000
0 1012 0 1 55959 22 0 1000 7000 0 1 1 0 1000 50 35000
0 1011 0 1 55982 23 0 1000 7000 0 1 1 0 1000 50 35000
0 1014 0 1 56004 22 0 1000 7000 0 1 1 0 1000 50 35000
0 1017 0 1 56028 24 0 1000 7000 0 1 1 0 1000 50 35000
0 1012 0 1 56050 22 0 1000 7000 0 1 1 0 1000 50 35000
0 1014 0 1 56073 23 0 1000 7000 0 1 1 0 1000 50 35000
0 1017 0 1 56095 22 0 1000 7000 0 1 1 0 1000 50 35000
0 1013 0 1 56118 23 0 1000 7000 0 1 1 0 1000 50 35000
0 1015 0 1 56140 22 0 1000 7000 0 1 1 0 1000 50 35000
0 1013 0 1 56163 23 0 1000 7000 0 1 1 0 1000 50 35000
0 1010 0 1 56185 22 0 1000 7000 0 1 1 0 1000 50 35000
0 1014 0 1 56208 23 0 1000 7000 0 1 1 0 1000 50 35000
0 1012 0 1 56230 22 0 1000 7000 0 1 1 0 1000 50 35000
0 1009 0 1 56253 23 0 1000 7000 0 1 1 0 1000 50 35000
0 1016 0 1 56275 22 0 1000 7000 0 1 1 0 1000 50 35000
0 1012 0 1 56298 23 0 1000 7000 0 1 1 0 1000 50 35000
0 1011 0 1 56321 23 0 1000 7000 0 1 1 0 1000 50 35000
0 1022 0 1 56343 22 0 1000 7000 0 1 1 0 1000 50 35000
0 1013 0 1 56366 23 0 1000 7000 0 1 1 0 1000 50 35000
0 1013 0 1 56388 22 0 1000 7000 0 1 1 0 1000 50 35000
0 1020 0 1 56411 23 0 1000 7000 0 1 1 0 1000 50 35000
0 1013 0 1 56433 22 0 1000 7000 0 1 1 0 1000 50 35000
0 1013 0 1 56457 24 0 1000 7000 0 1 1 0 1000 50 35000
0 1014 0 1 56479 22 0 1000 7000 0 1 1 0 1000 50 35000
0 1003 0 1 56502 23 0 1000 7000 0 1 1 0 1000 50 35000
0 1014 0 1 56524 22 0 1000 7000 0 1 1 0 1000 50 35000
0 1013 0 1 56547 23 0 1000 7000 0 1 1 0 1000 50 35000
0 1008 0 1 56569 22 0 1000 7000 0 1 1 0 1000 50 35000
0 1015 0 1 56592 23 0 1000 7000 0 1 1 0 1000 50 35000
0 1012 0 1 56614 22 0 1000 7000 0 1 1 0 1000 50 35000
0 1013 0 1 56637 23 0 1000 7000 0 1 1 0 1000 50 35000
0 1016 0 1 56659 22 0 1000 7000 0 1 1 0 1000 50 35000
0 1011 0 1 56682 23 0 1000 7000 0 1 1 0 1000 50 35000
0 1015 0 1 56705 23 0 1000 7000 0 1 1 0 1000 50 35000
0 1021 0 1 56727 22 0 1000 7000 0 1 1 0 1000 50 35000
0 1012 0 1 56750 23 0 1000 7000 0 1 1 0 1000 50 35000
0 1013 0 1 56772 22 0 1000 7000 0 1 1 0 1000 50 35000
0 1016 0 1 56795 23 0 1000 7000 0 1 1 0 1000 50 35000
0 1012 0 1 56817 22 0 1000 7000 0 1 1 0 1000 50 35000
0 1016 0 1 56841 24 0 1000 7000 0 1 1 0 1000 50 35000
0 1013 0 1 56863 22 0 1000 7000 0 1 1 0 1000 50 35000
0 1009 0 1 56886 23 0 1000 7000 0 1 1 0 1000 50 35000
0 1015 0 1 56908 22 0 1000 7000 0 1 1 0 1000 50 35000
0 1013 0 1 56931 23 0 1000 7000 0 1 1 0 1000 50 35000
0 1001 0 1 56953 22 0 1000 7000 0 1 1 0 1000 50 35000
0 1014 0 1 56976 23 0 1000 7000 0 1 1 0 1000 50 35000
0 1011 0 1 56998 22 0 1000 7000 0 1 1 0 1000 50 35000
0 1013 0 1 57021 23 0 1000 7000 0 1 1 0 1000 50 35000
0 1022 0 1 57043 22 0 1000 7000 0 1 1 0 1000 50 35000
0 1012 0 1 57066 23 0 1000 7000 0 1 1 0 1000 50 35000
0 1014 0 1 57089 23 0 1000 7000 0 1 1 0 1000 50 35000
0 1016 0 1 57111 22 0 1000 7000 0 1 1 0 1000 50 35000
0 1012 0 1 57134 23 0 1000 7000 0 1 1 0 1000 50 35000
0 1014 0 1 57156 22 0 1000 7000 0 1 1 0 1000 50 35000
0 1012 0 1 57179 23 0 1000 7000 0 1 1 0 1000 50 35000
0 1007 0 1 57201 22 0 1000 7000 0 1 1 0 1000 50 35000
0 1015 0 1 57224 23 0 1000 7000 0 1 1 0 1000 50 35000
0 1006 0 1 57247 23 0 1000 7000 0 1 1 0 1000 50 35000
0 1008 0 1 57270 23 0 1000 7000 0 1 1 0 1000 50 35000
0 1014 0 1 57292 22 0 1000 7000 0 1 1 0 1000 50 35000
0 1013 0 1 57315 23 0 1000 7000 0 1 1 0 1000 50 35000
0 1012 0 1 57337 22 0 1000 7000 0 1 1 0 1000 50 35000
0 1022 0 1 57360 23 0 1000 7000 0 1 1 0 1000 50 35000
0 1012 0 1 57382 22 0 1000 7000 0 1 1 0 1000 50 35000
0 1014 0 1 57405 23 0 1000 7000 0 1 1 0 1000 50 35000
0 1018 0 1 57427 22 0 1000 7000 0 1 1 0 1000 50 35000
0 1012 0 1 57450 23 0 1000 7000 0 1 1 0 1000 50 35000
0 1014 0 1 57473 23 0 1000 7000 0 1 1 0 1000 50 35000
0 1018 0 1 57495 22 0 1000 7000 0 1 1 0 1000 50 35000
0 1009 0 1 57518 23 0 1000 7000 0 1 1 0 1000 50 35000
0 1014 0 1 57540 22 0 1000 7000 0 1 1 0 1000 50 35000
0 1013 0 1 57563 23 0 1000 7000 0 1 1 0 1000 50 35000
0 1007 0 1 57585 22 0 1000 7000 0 1 1 0 1000 50 35000
0 1014 0 1 57608 23 0 1000 7000 0 1 1 0 1000 50 35000
0 1013 0 1 57630 22 0 1000 7000 0 1 1 0 1000 50 35000
0 1011 0 1 57654 24 0 1000 7000 0 1 1 0 1000 50 35000
0 1015 0 1 57676 22 0 1000 7000 0 1 1 0 1000 50 35000
0 1011 0 1 57699 23 0 1000 7000 0 1 1 0 1000 50 35000
0 1013 0 1 57721 22 0 1000 7000 0 1 1 0 1000 50 35000
0 1016 0 1 57744 23 0 1000 7000 0 1 1 0 1000 50 35000
0 1011 0 1 57766 22 0 1000 7000 0 1 1 0 1000 50 35000
0 1013 0 1 57789 23 0 1000 7000 0 1 1 0 1000 50 35000
0 1011 0 1 57811 22 0 1000 7000 0 1 1 0 1000 50 35000
0 1012 0 1 57834 23 0 1000 7000 0 1 1 0 1000 50 35000
0 1018 0 1 57857 23 0 1000 7000 0 1 1 0 1000 50 35000
0 1013 0 1 57879 22 0 1000 7000 0 1 1 0 1000 50 35000
0 1010 0 1 57902 23 0 1000 7000 0 1 1 0 1000 50 35000
0 1013 0 1 57924 22 0 1000 7000 0 1 1 0 1000 50 35000
0 1012 0 1 57947 23 0 1000 7000 0 1 1 0 1000 50 35000
0 1011 0 1 57969 22 0 1000 7000 0 1 1 0 1000 50 35000
0 1013 0 1 57992 23 0 1000 7000 0 1 1 0 1000 50 35000
0 1011 0 1 58014 22 0 1000 7000 0 1 1 0 1000 50 35000
0 1012 0 1 58037 23 0 1000 7000 0 1 1 0 1000 50 35000
0 1018 0 1 58060 23 0 1000 7000 0 1 1 0 1000 50 35000
0 1013 0 1 58083 23 0 1000 7000 0 1 1 0 1000 50 35000
0 1013 0 1 58105 22 0 1000 7000 0 1 1 0 1000 50 35000
0 1018 0 1 58128 23 0 1000 7000 0 1 1 0 1000 50 35000
0 1012 0 1 58150 22 0 1000 7000 0 1 1 0 1000 50 35000
0 1014 0 1 58173 23 0 1000 7000 0 1 1 0 1000 50 35000
0 1011 0 1 58195 22 0 1000 7000 0 1 1 0 1000 50 35000
0 1007 0 1 58218 23 0 1000 7000 0 1 1 0 1000 50 35000
0 1014 0 1 58241 23 0 1000 7000 0 1 1 0 1000 50 35000
0 1013 0 1 58263 22 0 1000 7000 0 1 1 0 1000 50 35000
0 1007 0 1 58286 23 0 1000 7000 0 1 1 0 1000 50 35000
0 1015 0 1 58308 22 0 1000 7000 0 1 1 0 1000 50 35000
0 1013 0 1 58331 23 0 1000 7000 0 1 1 0 1000 50 35000
0 1012 0 1 58353 22 0 1000 7000 0 1 1 0 1000 50 35000
0 1018 0 1 58376 23 0 1000 7000 0 1 1 0 1000 50 35000
0 1012 0 1 58398 22 0 1000 7000 0 1 1 0 1000 50 35000
0 1014 0 1 58421 23 0 1000 7000 0 1 1 0 1000 50 35000
0 1018 0 1 58443 22 0 1000 7000 0 1 1 0 1000 50 35000
0 1012 0 1 58467 24 0 1000 7000 0 1 1 0 1000 50 35000
0 1015 0 1 58489 22 0 1000 7000 0 1 1 0 1000 50 35000
0 1013 0 1 58512 23 0 1000 7000 0 1 1 0 1000 50 35000
0 1011 0 1 58534 22 0 1000 7000 0 1 1 0 1000 50 35000
0 1015 0 1 58557 23 0 1000 7000 0 1 1 0 1000 50 35000
0 1013 0 1 58579 22 0 1000 7000 0 1 1 0 1000 50 35000
0 1009 0 1 58602 23 0 1000 7000 0 1 1 0 1000 50 35000
0 1014 0 1 58625 23 0 1000 7000 0 1 1 0 1000 50 35000
0 1012 0 1 58647 22 0 1000 7000 0 1 1 0 1000 50 35000
0 1010 0 1 58670 23 0 1000 7000 0 1 1 0 1000 50 35000
0 1015 0 1 58692 22 0 1000 7000 0 1 1 0 1000 50 35000
0 1014 0 1 58715 23 0 1000 7000 0 1 1 0 1000 50 35000
0 1012 0 1 58737 22 0 1000 7000 0 1 1 0 1000 50 35000
0 1017 0 1 58760 23 0 1000 7000 0 1 1 0 1000 50 35000
0 1011 0 1 58782 22 0 1000 7000 0 1 1 0 1000 50 35000
0 1012 0 1 58805 23 0 1000 7000 0 1 1 0 1000 50 35000
0 1017 0 1 58827 22 0 1000 7000 0 1 1 0 1000 50 35000
0 1013 0 1 58850 23 0 1000 7000 0 1 1 0 1000 50 35000
0 1015 0 1 58873 23 0 1000 7000 0 1 1 0 1000 50 35000
0 1013 0 1 58896 23 0 1000 7000 0 1 1 0 1000 50 35000
0 1004 0 1 58918 22 0 1000 7000 0 1 1 0 1000 50 35000
0 1014 0 1 58941 23 0 1000 7000 0 1 1 0 1000 50 35000
0 1012 0 1 58963 22 0 1000 7000 0 1 1 0 1000 50 35000
0 1010 0 1 58986 23 0 1000 7000 0 1 1 0 1000 50 35000
0 1014 0 1 59009 23 0 1000 7000 0 1 1 0 1000 50 35000
0 1012 0 1 59031 22 0 1000 7000 0 1 1 0 1000 50 35000
0 1012 0 1 59054 23 0 1000 7000 0 1 1 0 1000 50 35000
0 1022 0 1 59076 22 0 1000 7000 0 1 1 0 1000 50 35000
0 1010 0 1 59099 23 0 1000 7000 0 1 1 0 1000 50 35000
0 1014 0 1 59121 22 0 1000 7000 0 1 1 0 1000 50 35000
0 1020 0 1 59144 23 0 1000 7000 0 1 1 0 1000 50 35000
0 1012 0 1 59166 22 0 1000 7000 0 1 1 0 1000 50 35000
0 1013 0 1 59189 23 0 1000 7000 0 1 1 0 1000 50 35000
0 1013 0 1 59211 22 0 1000 7000 0 1 1 0 1000 50 35000
0 1009 0 1 59234 23 0 1000 7000 0 1 1 0 1000 50 35000
0 1015 0 1 59256 22 0 1000 7000 0 1 1 0 1000 50 35000
0 1013 0 1 59280 24 0 1000 7000 0 1 1 0 1000 50 35000
0 1006 0 1 59302 22 0 1000 7000 0 1 1 0 1000 50 35000
0 1014 0 1 59325 23 0 1000 7000 0 1 1 0 1000 50 35000
0 1012 0 1 59347 22 0 1000 7000 0 1 1 0 1000 50 35000
0 1010 0 1 59370 23 0 1000 7000 0 1 1 0 1000 50 35000
0 1015 0 1 59393 23 0 1000 7000 0 1 1 0 1000 50 35000
0 1014 0 1 59415 22 0 1000 7000 0 1 1 0 1000 50 35000
0 1013 0 1 59438 23 0 1000 7000 0 1 1 0 1000 50 35000
0 1016 0 1 59460 22 0 1000 7000 0 1 1 0 1000 50 35000
0 1012 0 1 59483 23 0 1000 7000 0 1 1 0 1000 50 35000
0 1013 0 1 59505 22 0 1000 7000 0 1 1 0 1000 50 35000
0 1016 0 1 59528 23 0 1000 7000 0 1 1 0 1000 50 35000
0 1015 0 1 59550 22 0 1000 7000 0 1 1 0 1000 50 35000
0 1014 0 1 59573 23 0 1000 7000 0 1 1 0 1000 50 35000
0 1012 0 1 59595 22 0 1000 7000 0 1 1 0 1000 50 35000
0 1010 0 1 59618 23 0 1000 7000 0 1 1 0 1000 50 35000
0 1015 0 1 59640 22 0 1000 7000 0 1 1 0 1000 50 35000
0 1018 0 1 59663 23 0 1000 7000 0 1 1 0 1000 50 35000
0 1010 0 1 59686 23 0 1000 7000 0 1 1 0 1000 50 35000
0 1013 0 1 59709 23 0 1000 7000 0 1 1 0 1000 50 35000
0 1011 0 1 59731 22 0 1000 7000 0 1 1 0 1000 50 35000
0 1013 0 1 59754 23 0 1000 7000 0 1 1 0 1000 50 35000
0 1023 0 1 59777 23 0 1000 7000 0 1 1 0 1000 50 35000
0 1012 0 1 59799 22 0 1000 7000 0 1 1 0 1000 50 35000
0 1013 0 1 59822 23 0 1000 7000 0 1 1 0 1000 50 35000
0 1019 0 1 59844 22 0 1000 7000 0 1 1 0 1000 50 35000
0 1011 0 1 59867 23 0 1000 7000 0 1 1 0 1000 50 35000
0 1014 0 1 59889 22 0 1000 7000 0 1 1 0 1000 50 35000
0 1013 0 1 59912 23 0 1000 7000 0 1 1 0 1000 50 35000
0 1004 0 1 59934 22 0 1000 7000 0 1 1 0 1000 50 35000
0 1014 0 1 59957 23 0 1000 7000 0 1 1 0 1000 50 35000
0 1014 0 1 59979 22 0 1000 7000 0 1 1 0 1000 50 35000
0 1007 0 1 60002 23 0 1000 7000 0 1 1 0 1000 50 35000
0 1015 0 1 60024 22 0 1000 7000 0 1 1 0 1000 50 35000
0 1012 0 1 60047 23 0 1000 7000 0 1 1 0 1000 50 35000
0 1014 0 1 60069 22 0 1000 7000 0 1 1 0 1000 50 35000
0 1020 0 1 60093 24 0 1000 7000 0 1 1 0 1000 50 35000
0 1009 0 1 60115 22 0 1000 7000 0 1 1 0 1000 50 35000
0 1017 0 1 60138 23 0 1000 7000 0 1 1 0 1000 50 35000
0 1018 0 1 60161 23 0 1000 7000 0 1 1 0 1000 50 35000
0 1013 0 1 60183 22 0 1000 7000 0 1 1 0 1000 50 35000
0 1012 0 1 60206 23 0 1000 7000 0 1 1 0 1000 50 35000
0 1016 0 1 60228 22 0 1000 7000 0 1 1 0 1000 50 35000
0 1011 0 1 60251 23 0 1000 7000 0 1 1 0 1000 50 35000
0 1013 0 1 60273 22 0 1000 7000 0 1 1 0 1000 50 35000
0 1011 0 1 60296 23 0 1000 7000 0 1 1 0 1000 50 35000
0 1009 0 1 60318 22 0 1000 7000 0 1 1 0 1000 50 35000
0 1014 0 1 60341 23 0 1000 7000 0 1 1 0 1000 50 35000
0 1012 0 1 60363 22 0 1000 7000 0 1 1 0 1000 50 35000
0 1010 0 1 60386 23 0 1000 7000 0 1 1 0 1000 50 35000
0 1013 0 1 60408 22 0 1000 7000 0 1 1 0 1000 50 35000
0 1011 0 1 60431 23 0 1000 7000 0 1 1 0 1000 50 35000
0 1013 0 1 60453 22 0 1000 7000 0 1 1 0 1000 50 35000
0 1017 0 1 60476 23 0 1000 7000 0 1 1 0 1000 50 35000
0 1012 0 1 60499 23 0 1000 7000 0 1 1 0 1000 50 35000
0 1013 0 1 60522 23 0 1000 7000 0 1 1 0 1000 50 35000
0 1014 0 1 60545 23 0 1000 7000 0 1 1 0 1000 50 35000
0 1012 0 1 60567 22 0 1000 7000 0 1 1 0 1000 50 35000
0 1013 0 1 60590 23 0 1000 7000 0 1 1 0 1000 50 35000
0 1004 0 1 60612 22 0 1000 7000 0 1 1 0 1000 50 35000
0 1008 0 1 60635 23 0 1000 7000 0 1 1 0 1000 50 35000
0 1014 0 1 60657 22 0 1000 7000 0 1 1 0 1000 50 35000
0 1012 0 1 60680 23 0 1000 7000 0 1 1 0 1000 50 35000
0 1008 0 1 60702 22 0 1000 7000 0 1 1 0 1000 50 35000
0 1016 0 1 60725 23 0 1000 7000 0 1 1 0 1000 50 35000
0 1012 0 1 60747 22 0 1000 7000 0 1 1 0 1000 50 35000
0 1012 0 1 60770 23 0 1000 7000 0 1 1 0 1000 50 35000
0 1021 0 1 60792 22 0 1000 7000 0 1 1 0 1000 50 35000
0 1011 0 1 60815 23 0 1000 7000 0 1 1 0 1000 50 35000
0 1013 0 1 60837 22 0 1000 7000 0 1 1 0 1000 50 35000
0 1019 0 1 60860 23 0 1000 7000 0 1 1 0 1000 50 35000
0 1013 0 1 60882 22 0 1000 7000 0 1 1 0 1000 50 35000
0 1015 0 1 60906 24 0 1000 7000 0 1 1 0 1000 50 35000
0 1013 0 1 60929 23 0 1000 7000 0 1 1 0 1000 50 35000
0 1008 0 1 60951 22 0 1000 7000 0 1 1 0 1000 50 35000
0 1013 0 1 60974 23 0 1000 7000 0 1 1 0 1000 50 35000
0 1012 0 1 60996 22 0 1000 7000 0 1 1 0 1000 50 35000
0 1006 0 1 61019 23 0 1000 7000 0 1 1 0 1000 50 35000
0 1014 0 1 61041 22 0 1000 7000 0 1 1 0 1000 50 35000
0 1012 0 1 61064 23 0 1000 7000 0 1 1 0 1000 50 35000
0 1011 0 1 61086 22 0 1000 7000 0 1 1 0 1000 50 35000
0 1015 0 1 61109 23 0 1000 7000 0 1 1 0 1000 50 35000
0 1011 0 1 61131 22 0 1000 7000 0 1 1 0 1000 50 35000
0 1013 0 1 61154 23 0 1000 7000 0 1 1 0 1000 50 35000
0 1017 0 1 61176 22 0 1000 7000 0 1 1 0 1000 50 35000
0 1011 0 1 61199 23 0 1000 7000 0 1 1 0 1000 50 35000
0 1013 0 1 61221 22 0 1000 7000 0 1 1 0 1000 50 35000
0 1016 0 1 61244 23 0 1000 7000 0 1 1 0 1000 50 35000
0 1011 0 1 61266 22 0 1000 7000 0 1 1 0 1000 50 35000
0 1014 0 1 61289 23 0 1000 7000 0 1 1 0 1000 50 35000
0 1013 0 1 61313 24 0 1000 7000 0 1 1 0 1000 50 35000
0 1009 0 1 61335 22 0 1000 7000 0 1 1 0 1000 50 35000
0 1014 0 1 61358 23 0 1000 7000 0 1 1 0 1000 50 35000
0 1012 0 1 61380 22 0 1000 7000 0 1 1 0 1000 50 35000
0 1010 0 1 61403 23 0 1000 7000 0 1 1 0 1000 50 35000
0 1015 0 1 61425 22 0 1000 7000 0 1 1 0 1000 50 35000
0 1011 0 1 61448 23 0 1000 7000 0 1 1 0 1000 50 35000
0 1011 0 1 61470 22 0 1000 7000 0 1 1 0 1000 50 35000
0 1018 0 1 61493 23 0 1000 7000 0 1 1 0 1000 50 35000
0 1012 0 1 61515 22 0 1000 7000 0 1 1 0 1000 50 35000
0 1013 0 1 61538 23 0 1000 7000 0 1 1 0 1000 50 35000
0 1017 0 1 61560 22 0 1000 7000 0 1 1 0 1000 50 35000
0 1011 0 1 61583 23 0 1000 7000 0 1 1 0 1000 50 35000
0 1014 0 1 61605 22 0 1000 7000 0 1 1 0 1000 50 35000
0 1014 0 1 61628 23 0 1000 7000 0 1 1 0 1000 50 35000
0 1002 0 1 61650 22 0 1000 7000 0 1 1 0 1000 50 35000
0 1014 0 1 61673 23 0 1000 7000 0 1 1 0 1000 50 35000
0 1013 0 1 61696 23 0 1000 7000 0 1 1 0 1000 50 35000
0 1006 0 1 61718 22 0 1000 7000 0 1 1 0 1000 50 35000
0 1015 0 1 61742 24 0 1000 7000 0 1 1 0 1000 50 35000
0 1012 0 1 61764 22 0 1000 7000 0 1 1 0 1000 50 35000
0 1016 0 1 61787 23 0 1000 7000 0 1 1 0 1000 50 35000
0 1016 0 1 61809 22 0 1000 7000 0 1 1 0 1000 50 35000
0 1010 0 1 61832 23 0 1000 7000 0 1 1 0 1000 50 35000
0 1012 0 1 61854 22 0 1000 7000 0 1 1 0 1000 50 35000
0 1018 0 1 61877 23 0 1000 7000 0 1 1 0 1000 50 35000
0 1011 0 1 61899 22 0 1000 7000 0 1 1 0 1000 50 35000
0 1015 0 1 61922 23 0 1000 7000 0 1 1 0 1000 50 35000
0 1016 0 1 61944 22 0 1000 7000 0 1 1 0 1000 50 35000
0 1011 0 1 61967 23 0 1000 7000 0 1 1 0 1000 50 35000
0 1014 0 1 61989 22 0 1000 7000 0 1 1 0 1000 50 35000
0 1013 0 1 62012 23 0 1000 7000 0 1 1 0 1000 50 35000
0 1007 0 1 62034 22 0 1000 7000 0 1 1 0 1000 50 35000
0 1012 0 1 62057 23 0 1000 7000 0 1 1 0 1000 50 35000
0 1012 0 1 62080 23 0 1000 7000 0 1 1 0 1000 50 35000
0 1010 0 1 62102 22 0 1000 7000 0 1 1 0 1000 50 35000
0 1016 0 1 62125 23 0 1000 7000 0 1 1 0 1000 50 35000
0 1011 0 1 62148 23 0 1000 7000 0 1 1 0 1000 50 35000
0 1013 0 1 62171 23 0 1000 7000 0 1 1 0 1000 50 35000
0 1023 0 1 62193 22 0 1000 7000 0 1 1 0 1000 50 35000
0 1011 0 1 62216 23 0 1000 7000 0 1 1 0 1000 50 35000
0 1008 0 1 62238 22 0 1000 7000 0 1 1 0 1000 50 35000
0 1016 0 1 62261 23 0 1000 7000 0 1 1 0 1000 50 35000
0 1012 0 1 62283 22 0 1000 7000 0 1 1 0 1000 50 35000
0 1014 0 1 62306 23 0 1000 7000 0 1 1 0 1000 50 35000
0 1013 0 1 62328 22 0 1000 7000 0 1 1 0 1000 50 35000
0 1008 0 1 62351 23 0 1000 7000 0 1 1 0 1000 50 35000
0 1012 0 1 62373 22 0 1000 7000 0 1 1 0 1000 50 35000
0 1013 0 1 62396 23 0 1000 7000 0 1 1 0 1000 50 35000
0 1009 0 1 62418 22 0 1000 7000 0 1 1 0 1000 50 35000
0 1013 0 1 62441 23 0 1000 7000 0 1 1 0 1000 50 35000
0 1012 0 1 62464 23 0 1000 7000 0 1 1 0 1000 50 35000
0 1013 0 1 62486 22 0 1000 7000 0 1 1 0 1000 50 35000
0 1023 0 1 62509 23 0 1000 7000 0 1 1 0 1000 50 35000
0 1012 0 1 62531 22 0 1000 7000 0 1 1 0 1000 50 35000
0 1013 0 1 62555 24 0 1000 7000 0 1 1 0 1000 50 35000
0 1017 0 1 62577 22 0 1000 7000 0 1 1 0 1000 50 35000
0 1011 0 1 62600 23 0 1000 7000 0 1 1 0 1000 50 35000
0 1013 0 1 62622 22 0 1000 7000 0 1 1 0 1000 50 35000
0 1014 0 1 62645 23 0 1000 7000 0 1 1 0 1000 50 35000
0 1008 0 1 62667 22 0 1000 7000 0 1 1 0 1000 50 35000
0 1014 0 1 62690 23 0 1000 7000 0 1 1 0 1000 50 35000
0 1022 0 1 62712 22 0 1000 7000 0 1 1 0 1000 50 35000
0 1007 0 1 62735 23 0 1000 7000 0 1 1 0 1000 50 35000
0 1014 0 1 62757 22 0 1000 7000 0 1 1 0 1000 50 35000
0 1015 0 1 62780 23 0 1000 7000 0 1 1 0 1000 50 35000
0 1011 0 1 62802 22 0 1000 7000 0 1 1 0 1000 50 35000
0 1016 0 1 62825 23 0 1000 7000 0 1 1 0 1000 50 35000
0 1012 0 1 62848 23 0 1000 7000 0 1 1 0 1000 50 35000
0 1012 0 1 62870 22 0 1000 7000 0 1 1 0 1000 50 35000
0 1016 0 1 62893 23 0 1000 7000 0 1 1 0 1000 50 35000
0 1012 0 1 62915 22 0 1000 7000 0 1 1 0 1000 50 35000
0 1013 0 1 62938 23 0 1000 7000 0 1 1 0 1000 50 35000
0 1017 0 1 62961 23 0 1000 7000 0 1 1 0 1000 50 35000
0 1011 0 1 62984 23 0 1000 7000 0 1 1 0 1000 50 35000
0 1014 0 1 63006 22 0 1000 7000 0 1 1 0 1000 50 35000
0 1012 0 1 63029 23 0 1000 7000 0 1 1 0 1000 50 35000
0 1009 0 1 63051 22 0 1000 7000 0 1 1 0 1000 50 35000
0 1012 0 1 63074 23 0 1000 7000 0 1 1 0 1000 50 35000
0 1012 0 1 63096 22 0 1000 7000 0 1 1 0 1000 50 35000
0 1009 0 1 63119 23 0 1000 7000 0 1 1 0 1000 50 35000
0 1013 0 1 63141 22 0 1000 7000 0 1 1 0 1000 50 35000
0 1011 0 1 63164 23 0 1000 7000 0 1 1 0 1000 50 35000
0 1012 0 1 63186 22 0 1000 7000 0 1 1 0 1000 50 35000
0 1022 0 1 63209 23 0 1000 7000 0 1 1 0 1000 50 35000
0 1012 0 1 63232 23 0 1000 7000 0 1 1 0 1000 50 35000
0 1013 0 1 63254 22 0 1000 7000 0 1 1 0 1000 50 35000
0 1018 0 1 63277 23 0 1000 7000 0 1 1 0 1000 50 35000
0 1011 0 1 63299 22 0 1000 7000 0 1 1 0 1000 50 35000
0 1014 0 1 63322 23 0 1000 7000 0 1 1 0 1000 50 35000
0 1015 0 1 63344 22 0 1000 7000 0 1 1 0 1000 50 35000
0 1003 0 1 63368 24 0 1000 7000 0 1 1 0 1000 50 35000
0 1013 0 1 63390 22 0 1000 7000 0 1 1 0 1000 50 35000
0 1023 0 1 63413 23 0 1000 7000 0 1 1 0 1000 50 35000
0 1008 0 1 63435 22 0 1000 7000 0 1 1 0 1000 50 35000
0 1014 0 1 63458 23 0 1000 7000 0 1 1 0 1000 50 35000
0 1012 0 1 63480 22 0 1000 7000 0 1 1 0 1000 50 35000
0 1014 0 1 63503 23 0 1000 7000 0 1 1 0 1000 50 35000
0 1016 0 1 63525 22 0 1000 7000 0 1 1 0 1000 50 35000
0 1012 0 1 63548 23 0 1000 7000 0 1 1 0 1000 50 35000
0 1012 0 1 63570 22 0 1000 7000 0 1 1 0 1000 50 35000
0 1018 0 1 63593 23 0 1000 7000 0 1 1 0 1000 50 35000
0 1011 0 1 63616 23 0 1000 7000 0 1 1 0 1000 50 35000
0 1014 0 1 63638 22 0 1000 7000 0 1 1 0 1000 50 35000
0 1010 0 1 63661 23 0 1000 7000 0 1 1 0 1000 50 35000
0 1011 0 1 63683 22 0 1000 7000 0 1 1 0 1000 50 35000
0 1014 0 1 63706 23 0 1000 7000 0 1 1 0 1000 50 35000
0 1011 0 1 63728 22 0 1000 7000 0 1 1 0 1000 50 35000
0 1010 0 1 63751 23 0 1000 7000 0 1 1 0 1000 50 35000
0 1015 0 1 63774 23 0 1000 7000 0 1 1 0 1000 50 35000
0 1012 0 1 63797 23 0 1000 7000 0 1 1 0 1000 50 35000
0 1008 0 1 63819 22 0 1000 7000 0 1 1 0 1000 50 35000
0 1015 0 1 63842 23 0 1000 7000 0 1 1 0 1000 50 35000
0 1011 0 1 63864 22 0 1000 7000 0 1 1 0 1000 50 35000
0 1013 0 1 63887 23 0 1000 7000 0 1 1 0 1000 50 35000
0 1016 0 1 63909 22 0 1000 7000 0 1 1 0 1000 50 35000
0 1011 0 1 63932 23 0 1000 7000 0 1 1 0 1000 50 35000
0 1013 0 1 63954 22 0 1000 7000 0 1 1 0 1000 50 35000
0 1014 0 1 63977 23 0 1000 7000 0 1 1 0 1000 50 35000
0 1011 0 1 64000 23 0 1000 7000 0 1 1 0 1000 50 35000
0 1014 0 1 64022 22 0 1000 7000 0 1 1 0 1000 50 35000
0 1014 0 1 64045 23 0 1000 7000 0 1 1 0 1000 50 35000
0 1006 0 1 64067 22 0 1000 7000 0 1 1 0 1000 50 35000
0 1014 0 1 64090 23 0 1000 7000 0 1 1 0 1000 50 35000
0 1012 0 1 64112 22 0 1000 7000 0 1 1 0 1000 50 35000
0 1004 0 1 64135 23 0 1000 7000 0 1 1 0 1000 50 35000
0 1014 0 1 64157 22 0 1000 7000 0 1 1 0 1000 50 35000
0 1011 0 1 64180 23 0 1000 7000 0 1 1 0 1000 50 35000
0 1013 0 1 64203 23 0 1000 7000 0 1 1 0 1000 50 35000
0 1022 0 1 64226 23 0 1000 7000 0 1 1 0 1000 50 35000
0 1010 0 1 64248 22 0 1000 7000 0 1 1 0 1000 50 35000
0 1013 0 1 64271 23 0 1000 7000 0 1 1 0 1000 50 35000
0 1015 0 1 64293 22 0 1000 7000 0 1 1 0 1000 50 35000
0 1011 0 1 64316 23 0 1000 7000 0 1 1 0 1000 50 35000
0 1017 0 1 64338 22 0 1000 7000 0 1 1 0 1000 50 35000
0 1012 0 1 64361 23 0 1000 7000 0 1 1 0 1000 50 35000
0 1010 0 1 64384 23 0 1000 7000 0 1 1 0 1000 50 35000
0 1014 0 1 64406 22 0 1000 7000 0 1 1 0 1000 50 35000
0 1011 0 1 64429 23 0 1000 7000 0 1 1 0 1000 50 35000
0 1010 0 1 64451 22 0 1000 7000 0 1 1 0 1000 50 35000
0 1014 0 1 64474 23 0 1000 7000 0 1 1 0 1000 50 35000
0 1012 0 1 64496 22 0 1000 7000 0 1 1 0 1000 50 35000
0 1010 0 1 64519 23 0 1000 7000 0 1 1 0 1000 50 35000
0 1016 0 1 64541 22 0 1000 7000 0 1 1 0 1000 50 35000
0 1007 0 1 64564 23 0 1000 7000 0 1 1 0 1000 50 35000
0 1012 0 1 64586 22 0 1000 7000 0 1 1 0 1000 50 35000
0 1015 0 1 64609 23 0 1000 7000 0 1 1 0 1000 50 35000
0 1012 0 1 64631 22 0 1000 7000 0 1 1 0 1000 50 35000
0 1012 0 1 64655 24 0 1000 7000 0 1 1 0 1000 50 35000
0 1016 0 1 64677 22 0 1000 7000 0 1 1 0 1000 50 35000
0 1012 0 1 64700 23 0 1000 7000 0 1 1 0 1000 50 35000
0 1012 0 1 64722 22 0 1000 7000 0 1 1 0 1000 50 35000
0 1014 0 1 64745 23 0 1000 7000 0 1 1 0 1000 50 35000
0 1008 0 1 64768 23 0 1000 7000 0 1 1 0 1000 50 35000
0 1013 0 1 64790 22 0 1000 7000 0 1 1 0 1000 50 35000
0 1012 0 1 64813 23 0 1000 7000 0 1 1 0 1000 50 35000
0 1007 0 1 64835 22 0 1000 7000 0 1 1 0 1000 50 35000
0 1013 0 1 64858 23 0 1000 7000 0 1 1 0 1000 50 35000
0 1011 0 1 64880 22 0 1000 7000 0 1 1 0 1000 50 35000
0 1014 0 1 64903 23 0 1000 7000 0 1 1 0 1000 50 35000
0 1023 0 1 64925 22 0 1000 7000 0 1 1 0 1000 50 35000
0 1011 0 1 64948 23 0 1000 7000 0 1 1 0 1000 50 35000
0 1012 0 1 64970 22 0 1000 7000 0 1 1 0 1000 50 35000
0 1019 0 1 64993 23 0 1000 7000 0 1 1 0 1000 50 35000
0 1011 0 1 65015 22 0 1000 7000 0 1 1 0 1000 50 35000
0 1013 0 1 65038 23 0 1000 7000 0 1 1 0 1000 50 35000
0 1013 0 1 65060 22 0 1000 7000 0 1 1 0 1000 50 35000
0 1010 0 1 65084 24 0 1000 7000 0 1 1 0 1000 50 35000
0 1013 0 1 65106 22 0 1000 7000 0 1 1 0 1000 50 35000
0 1012 0 1 65129 23 0 1000 7000 0 1 1 0 1000 50 35000
0 1007 0 1 65152 23 0 1000 7000 0 1 1 0 1000 50 35000
0 1014 0 1 65174 22 0 1000 7000 0 1 1 0 1000 50 35000
0 1011 0 1 65197 23 0 1000 7000 0 1 1 0 1000 50 35000
0 1010 0 1 65219 22 0 1000 7000 0 1 1 0 1000 50 35000
0 1013 0 1 65242 23 0 1000 7000 0 1 1 0 1000 50 35000
0 1011 0 1 65264 22 0 1000 7000 0 1 1 0 1000 50 35000
0 1022 0 1 65287 23 0 1000 7000 0 1 1 0 1000 50 35000
0 1016 0 1 65309 22 0 1000 7000 0 1 1 0 1000 50 35000
0 1007 0 1 65332 23 0 1000 7000 0 1 1 0 1000 50 35000
0 1013 0 1 65354 22 0 1000 7000 0 1 1 0 1000 50 35000
0 1016 0 1 65377 23 0 1000 7000 0 1 1 0 1000 50 35000
0 1014 0 1 65399 22 0 1000 7000 0 1 1 0 1000 50 35000
0 1014 0 1 65422 23 0 1000 7000 0 1 1 0 1000 50 35000
0 1005 0 1 65444 22 0 1000 7000 0 1 1 0 1000 50 35000
0 1009 0 1 65467 23 0 1000 7000 0 1 1 0 1000 50 35000
0 1014 0 1 65490 23 0 1000 7000 0 1 1 0 1000 50 35000
0 1012 0 1 65513 23 0 1000 7000 0 1 1 0 1000 50 35000
0 1008 0 1 65536 23 0 1000 7000 0 1 1 0 1000 50 35000
0 1013 0 1 65558 22 0 1000 7000 0 1 1 0 1000 50 35000
0 1011 0 1 65581 23 0 1000 7000 0 1 1 0 1000 50 35000
0 1013 0 1 65603 22 0 1000 7000 0 1 1 0 1000 50 35000
0 1017 0 1 65626 23 0 1000 7000 0 1 1 0 1000 50 35000
0 1010 0 1 65648 22 0 1000 7000 0 1 1 0 1000 50 35000
0 1013 0 1 65671 23 0 1000 7000 0 1 1 0 1000 50 35000
0 1018 0 1 65693 22 0 1000 7000 0 1 1 0 1000 50 35000
0 1011 0 1 65716 23 0 1000 7000 0 1 1 0 1000 50 35000
0 1013 0 1 65738 22 0 1000 7000 0 1 1 0 1000 50 35000
0 1013 0 1 65761 23 0 1000 7000 0 1 1 0 1000 50 35000
0 1003 0 1 65783 22 0 1000 7000 0 1 1 0 1000 50 35000
0 1013 0 1 65806 23 0 1000 7000 0 1 1 0 1000 50 35000
0 1012 0 1 65828 22 0 1000 7000 0 1 1 0 1000 50 35000
0 1006 0 1 65851 23 0 1000 7000 0 1 1 0 1000 50 35000
0 1011 0 1 65873 22 0 1000 7000 0 1 1 0 1000 50 35000
0 1012 0 1 65896 23 0 1000 7000 0 1 1 0 1000 50 35000
0 1010 0 1 65920 24 0 1000 7000 0 1 1 0 1000 50 35000
0 1015 0 1 65942 22 0 1000 7000 0 1 1 0 1000 50 35000
0 1011 0 1 65965 23 0 1000 7000 0 1 1 0 1000 50 35000
0 1012 0 1 65987 22 0 1000 7000 0 1 1 0 1000 50 35000
0 1017 0 1 66010 23 0 1000 7000 0 1 1 0 1000 50 35000
0 1014 0 1 66032 22 0 1000 7000 0 1 1 0 1000 50 35000
0 1013 0 1 66055 23 0 1000 7000 0 1 1 0 1000 50 35000
0 1013 0 1 66077 22 0 1000 7000 0 1 1 0 1000 50 35000
0 1011 0 1 66100 23 0 1000 7000 0 1 1 0 1000 50 35000
0 1014 0 1 66122 22 0 1000 7000 0 1 1 0 1000 50 35000
0 1012 0 1 66145 23 0 1000 7000 0 1 1 0 1000 50 35000
0 1009 0 1 66167 22 0 1000 7000 0 1 1 0 1000 50 35000
0 1013 0 1 66190 23 0 1000 7000 0 1 1 0 1000 50 35000
0 1012 0 1 66212 22 0 1000 7000 0 1 1 0 1000 50 35000
0 1008 0 1 66235 23 0 1000 7000 0 1 1 0 1000 50 35000
0 1013 0 1 66257 22 0 1000 7000 0 1 1 0 1000 50 35000
0 1009 0 1 66280 23 0 1000 7000 0 1 1 0 1000 50 35000
0 1001 0 1 66302 22 0 1000 7000 0 1 1 0 1000 50 35000
0 1015 0 1 66326 24 0 1000 7000 0 1 1 0 1000 50 35000
0 1011 0 1 66349 23 0 1000 7000 0 1 1 0 1000 50 35000
0 1010 0 1 66371 22 0 1000 7000 0 1 1 0 1000 50 35000
0 1018 0 1 66394 23 0 1000 7000 0 1 1 0 1000 50 35000
0 1009 0 1 66416 22 0 1000 7000 0 1 1 0 1000 50 35000
0 1013 0 1 66439 23 0 1000 7000 0 1 1 0 1000 50 35000
0 1012 0 1 66461 22 0 1000 7000 0 1 1 0 1000 50 35000
0 1005 0 1 66484 23 0 1000 7000 0 1 1 0 1000 50 35000
0 1014 0 1 66506 22 0 1000 7000 0 1 1 0 1000 50 35000
0 1011 0 1 66529 23 0 1000 7000 0 1 1 0 1000 50 35000
0 1006 0 1 66551 22 0 1000 7000 0 1 1 0 1000 50 35000
0 1011 0 1 66574 23 0 1000 7000 0 1 1 0 1000 50 35000
0 1011 0 1 66596 22 0 1000 7000 0 1 1 0 1000 50 35000
0 1002 0 1 66619 23 0 1000 7000 0 1 1 0 1000 50 35000
0 1022 0 1 66641 22 0 1000 7000 0 1 1 0 1000 50 35000
0 1011 0 1 66664 23 0 1000 7000 0 1 1 0 1000 50 35000
0 1013 0 1 66686 22 0 1000 7000 0 1 1 0 1000 50 35000
0 1019 0 1 66709 23 0 1000 7000 0 1 1 0 1000 50 35000
0 1011 0 1 66733 24 0 1000 7000 0 1 1 0 1000 50 35000
0 1012 0 1 66755 22 0 1000 7000 0 1 1 0 1000 50 35000
0 1013 0 1 66778 23 0 1000 7000 0 1 1 0 1000 50 35000
0 1009 0 1 66800 22 0 1000 7000 0 1 1 0 1000 50 35000
0 1016 0 1 66823 23 0 1000 7000 0 1 1 0 1000 50 35000
0 1022 0 1 66845 22 0 1000 7000 0 1 1 0 1000 50 35000
0 1008 0 1 66868 23 0 1000 7000 0 1 1 0 1000 50 35000
0 1014 0 1 66890 22 0 1000 7000 0 1 1 0 1000 50 35000
0 1014 0 1 66913 23 0 1000 7000 0 1 1 0 1000 50 35000
0 1011 0 1 66935 22 0 1000 7000 0 1 1 0 1000 50 35000
0 1013 0 1 66958 23 0 1000 7000 0 1 1 0 1000 50 35000
0 1010 0 1 66980 22 0 1000 7000 0 1 1 0 1000 50 35000
0 1012 0 1 67003 23 0 1000 7000 0 1 1 0 1000 50 35000
0 1015 0 1 67025 22 0 1000 7000 0 1 1 0 1000 50 35000
0 1010 0 1 67048 23 0 1000 7000 0 1 1 0 1000 50 35000
0 1012 0 1 67070 22 0 1000 7000 0 1 1 0 1000 50 35000
0 1015 0 1 67093 23 0 1000 7000 0 1 1 0 1000 50 35000
0 1012 0 1 67116 23 0 1000 7000 0 1 1 0 1000 50 35000
0 1014 0 1 67139 23 0 1000 7000 0 1 1 0 1000 50 35000
0 1011 0 1 67162 23 0 1000 7000 0 1 1 0 1000 50 35000
0 1008 0 1 67184 22 0 1000 7000 0 1 1 0 1000 50 35000
0 1017 0 1 67207 23 0 1000 7000 0 1 1 0 1000 50 35000
0 1011 0 1 67229 22 0 1000 7000 0 1 1 0 1000 50 35000
0 1008 0 1 67252 23 0 1000 7000 0 1 1 0 1000 50 35000
0 1012 0 1 67274 22 0 1000 7000 0 1 1 0 1000 50 35000
0 1011 0 1 67297 23 0 1000 7000 0 1 1 0 1000 50 35000
0 1012 0 1 67319 22 0 1000 7000 0 1 1 0 1000 50 35000
0 1019 0 1 67342 23 0 1000 7000 0 1 1 0 1000 50 35000
0 1011 0 1 67364 22 0 1000 7000 0 1 1 0 1000 50 35000
0 1012 0 1 67387 23 0 1000 7000 0 1 1 0 1000 50 35000
0 1018 0 1 67409 22 0 1000 7000 0 1 1 0 1000 50 35000
0 1011 0 1 67432 23 0 1000 7000 0 1 1 0 1000 50 35000
0 1012 0 1 67454 22 0 1000 7000 0 1 1 0 1000 50 35000
0 1011 0 1 67477 23 0 1000 7000 0 1 1 0 1000 50 35000
0 1007 0 1 67500 23 0 1000 7000 0 1 1 0 1000 50 35000
0 1014 0 1 67522 22 0 1000 7000 0 1 1 0 1000 50 35000
0 1012 0 1 67545 23 0 1000 7000 0 1 1 0 1000 50 35000
0 1008 0 1 67568 23 0 1000 7000 0 1 1 0 1000 50 35000
0 1013 0 1 67591 23 0 1000 7000 0 1 1 0 1000 50 35000
0 1015 0 1 67613 22 0 1000 7000 0 1 1 0 1000 50 35000
0 1012 0 1 67636 23 0 1000 7000 0 1 1 0 1000 50 35000
0 1013 0 1 67658 22 0 1000 7000 0 1 1 0 1000 50 35000
0 1010 0 1 67681 23 0 1000 7000 0 1 1 0 1000 50 35000
0 1012 0 1 67703 22 0 1000 7000 0 1 1 0 1000 50 35000
0 1015 0 1 67726 23 0 1000 7000 0 1 1 0 1000 50 35000
0 1012 0 1 67748 22 0 1000 7000 0 1 1 0 1000 50 35000
0 1013 0 1 67771 23 0 1000 7000 0 1 1 0 1000 50 35000
0 1015 0 1 67793 22 0 1000 7000 0 1 1 0 1000 50 35000
0 1009 0 1 67816 23 0 1000 7000 0 1 1 0 1000 50 35000
0 1012 0 1 67838 22 0 1000 7000 0 1 1 0 1000 50 35000
0 1022 0 1 67861 23 0 1000 7000 0 1 1 0 1000 50 35000
0 1005 0 1 67884 23 0 1000 7000 0 1 1 0 1000 50 35000
0 1013 0 1 67906 22 0 1000 7000 0 1 1 0 1000 50 35000
0 1012 0 1 67929 23 0 1000 7000 0 1 1 0 1000 50 35000
0 1009 0 1 67951 22 0 1000 7000 0 1 1 0 1000 50 35000
0 1014 0 1 67975 24 0 1000 7000 0 1 1 0 1000 50 35000
0 1010 0 1 67997 22 0 1000 7000 0 1 1 0 1000 50 35000
0 1012 0 1 68020 23 0 1000 7000 0 1 1 0 1000 50 35000
0 1017 0 1 68042 22 0 1000 7000 0 1 1 0 1000 50 35000
0 1011 0 1 68065 23 0 1000 7000 0 1 1 0 1000 50 35000
0 1017 0 1 68087 22 0 1000 7000 0 1 1 0 1000 50 35000
0 1018 0 1 68110 23 0 1000 7000 0 1 1 0 1000 50 35000
0 1011 0 1 68132 22 0 1000 7000 0 1 1 0 1000 50 35000
0 1012 0 1 68155 23 0 1000 7000 0 1 1 0 1000 50 35000
0 1012 0 1 68177 22 0 1000 7000 0 1 1 0 1000 50 35000
0 1003 0 1 68200 23 0 1000 7000 0 1 1 0 1000 50 35000
0 1013 0 1 68222 22 0 1000 7000 0 1 1 0 1000 50 35000
0 1013 0 1 68245 23 0 1000 7000 0 1 1 0 1000 50 35000
0 1005 0 1 68268 23 0 1000 7000 0 1 1 0 1000 50 35000
0 1013 0 1 68290 22 0 1000 7000 0 1 1 0 1000 50 35000
0 1011 0 1 68313 23 0 1000 7000 0 1 1 0 1000 50 35000
0 1012 0 1 68335 22 0 1000 7000 0 1 1 0 1000 50 35000
0 1016 0 1 68358 23 0 1000 7000 0 1 1 0 1000 50 35000
0 1011 0 1 68381 23 0 1000 7000 0 1 1 0 1000 50 35000
0 1012 0 1 68404 23 0 1000 7000 0 1 1 0 1000 50 35000
0 1018 0 1 68426 22 0 1000 7000 0 1 1 0 1000 50 35000
0 1010 0 1 68449 23 0 1000 7000 0 1 1 0 1000 50 35000
0 1012 0 1 68471 22 0 1000 7000 0 1 1 0 1000 50 35000
0 1013 0 1 68494 23 0 1000 7000 0 1 1 0 1000 50 35000
0 1010 0 1 68516 22 0 1000 7000 0 1 1 0 1000 50 35000
0 1014 0 1 68539 23 0 1000 7000 0 1 1 0 1000 50 35000
0 1012 0 1 68561 22 0 1000 7000 0 1 1 0 1000 50 35000
0 1009 0 1 68584 23 0 1000 7000 0 1 1 0 1000 50 35000
0 1009 0 1 68606 22 0 1000 7000 0 1 1 0 1000 50 35000
0 1011 0 1 68629 23 0 1000 7000 0 1 1 0 1000 50 35000
0 1010 0 1 68652 23 0 1000 7000 0 1 1 0 1000 50 35000
0 1012 0 1 68674 22 0 1000 7000 0 1 1 0 1000 50 35000
0 1010 0 1 68697 23 0 1000 7000 0 1 1 0 1000 50 35000
0 1012 0 1 68719 22 0 1000 7000 0 1 1 0 1000 50 35000
0 1015 0 1 68742 23 0 1000 7000 0 1 1 0 1000 50 35000
0 1011 0 1 68764 22 0 1000 7000 0 1 1 0 1000 50 35000
0 1014 0 1 68788 24 0 1000 7000 0 1 1 0 1000 50 35000
0 1016 0 1 68810 22 0 1000 7000 0 1 1 0 1000 50 35000
0 1011 0 1 68833 23 0 1000 7000 0 1 1 0 1000 50 35000
0 1013 0 1 68855 22 0 1000 7000 0 1 1 0 1000 50 35000
0 1013 0 1 68878 23 0 1000 7000 0 1 1 0 1000 50 35000
0 1007 0 1 68900 22 0 1000 7000 0 1 1 0 1000 50 35000
0 1015 0 1 68923 23 0 1000 7000 0 1 1 0 1000 50 35000
0 1011 0 1 68945 22 0 1000 7000 0 1 1 0 1000 50 35000
0 1001 0 1 68968 23 0 1000 7000 0 1 1 0 1000 50 35000
0 1012 0 1 68990 22 0 1000 7000 0 1 1 0 1000 50 35000
0 1010 0 1 69013 23 0 1000 7000 0 1 1 0 1000 50 35000
0 1012 0 1 69036 23 0 1000 7000 0 1 1 0 1000 50 35000
0 1019 0 1 69058 22 0 1000 7000 0 1 1 0 1000 50 35000
0 1012 0 1 69081 23 0 1000 7000 0 1 1 0 1000 50 35000
0 1012 0 1 69103 22 0 1000 7000 0 1 1 0 1000 50 35000
0 1018 0 1 69126 23 0 1000 7000 0 1 1 0 1000 50 35000
0 1011 0 1 69148 22 0 1000 7000 0 1 1 0 1000 50 35000
0 1014 0 1 69171 23 0 1000 7000 0 1 1 0 1000 50 35000
0 1011 0 1 69194 23 0 1000 7000 0 1 1 0 1000 50 35000
0 1009 0 1 69217 23 0 1000 7000 0 1 1 0 1000 50 35000
0 1013 0 1 69239 22 0 1000 7000 0 1 1 0 1000 50 35000
0 1012 0 1 69262 23 0 1000 7000 0 1 1 0 1000 50 35000
0 1006 0 1 69284 22 0 1000 7000 0 1 1 0 1000 50 35000
0 1013 0 1 69307 23 0 1000 7000 0 1 1 0 1000 50 35000
0 1010 0 1 69329 22 0 1000 7000 0 1 1 0 1000 50 35000
0 1004 0 1 69352 23 0 1000 7000 0 1 1 0 1000 50 35000
0 1013 0 1 69374 22 0 1000 7000 0 1 1 0 1000 50 35000
0 1010 0 1 69397 23 0 1000 7000 0 1 1 0 1000 50 35000
0 1011 0 1 69420 23 0 1000 7000 0 1 1 0 1000 50 35000
0 1015 0 1 69442 22 0 1000 7000 0 1 1 0 1000 50 35000
0 1010 0 1 69465 23 0 1000 7000 0 1 1 0 1000 50 35000
0 1008 0 1 69487 22 0 1000 7000 0 1 1 0 1000 50 35000
0 1015 0 1 69510 23 0 1000 7000 0 1 1 0 1000 50 35000
0 1010 0 1 69532 22 0 1000 7000 0 1 1 0 1000 50 35000
0 1013 0 1 69555 23 0 1000 7000 0 1 1 0 1000 50 35000
0 1013 0 1 69577 22 0 1000 7000 0 1 1 0 1000 50 35000
0 1009 0 1 69600 23 0 1000 7000 0 1 1 0 1000 50 35000
0 1014 0 1 69623 23 0 1000 7000 0 1 1 0 1000 50 35000
0 1011 0 1 69646 23 0 1000 7000 0 1 1 0 1000 50 35000
0 1011 0 1 69668 22 0 1000 7000 0 1 1 0 1000 50 35000
0 1012 0 1 69691 23 0 1000 7000 0 1 1 0 1000 50 35000
0 1010 0 1 69713 22 0 1000 7000 0 1 1 0 1000 50 35000
0 1012 0 1 69736 23 0 1000 7000 0 1 1 0 1000 50 35000
0 1017 0 1 69758 22 0 1000 7000 0 1 1 0 1000 50 35000
0 1011 0 1 69781 23 0 1000 7000 0 1 1 0 1000 50 35000
0 1012 0 1 69804 23 0 1000 7000 0 1 1 0 1000 50 35000
0 1018 0 1 69826 22 0 1000 7000 0 1 1 0 1000 50 35000
0 1010 0 1 69849 23 0 1000 7000 0 1 1 0 1000 50 35000
0 1013 0 1 69871 22 0 1000 7000 0 1 1 0 1000 50 35000
0 1013 0 1 69894 23 0 1000 7000 0 1 1 0 1000 50 35000
0 1005 0 1 69916 22 0 1000 7000 0 1 1 0 1000 50 35000
0 1013 0 1 69939 23 0 1000 7000 0 1 1 0 1000 50 35000
0 1012 0 1 69961 22 0 1000 7000 0 1 1 0 1000 50 35000
0 1007 0 1 69984 23 0 1000 7000 0 1 1 0 1000 50 35000
0 1012 0 1 70007 23 0 1000 7000 0 1 1 0 1000 50 35000
0 1011 0 1 70030 23 0 1000 7000 0 1 1 0 1000 50 35000
0 1016 0 1 70052 22 0 1000 7000 0 1 1 0 1000 50 35000
0 1015 0 1 70075 23 0 1000 7000 0 1 1 0 1000 50 35000
0 1011 0 1 70097 22 0 1000 7000 0 1 1 0 1000 50 35000
0 1009 0 1 70120 23 0 1000 7000 0 1 1 0 1000 50 35000
0 1017 0 1 70142 22 0 1000 7000 0 1 1 0 1000 50 35000
0 1012 0 1 70165 23 0 1000 7000 0 1 1 0 1000 50 35000
0 1012 0 1 70188 23 0 1000 7000 0 1 1 0 1000 50 35000
0 1009 0 1 70210 22 0 1000 7000 0 1 1 0 1000 50 35000
0 1011 0 1 70233 23 0 1000 7000 0 1 1 0 1000 50 35000
0 1014 0 1 70255 22 0 1000 7000 0 1 1 0 1000 50 35000
0 1012 0 1 70278 23 0 1000 7000 0 1 1 0 1000 50 35000
0 1016 0 1 70300 22 0 1000 7000 0 1 1 0 1000 50 35000
0 1013 0 1 70323 23 0 1000 7000 0 1 1 0 1000 50 35000
0 1013 0 1 70345 22 0 1000 7000 0 1 1 0 1000 50 35000
0 1010 0 1 70368 23 0 1000 7000 0 1 1 0 1000 50 35000
0 1012 0 1 70390 22 0 1000 7000 0 1 1 0 1000 50 35000
0 1010 0 1 70413 23 0 1000 7000 0 1 1 0 1000 50 35000
0 1009 0 1 70436 23 0 1000 7000 0 1 1 0 1000 50 35000
0 1015 0 1 70459 23 0 1000 7000 0 1 1 0 1000 50 35000
0 1009 0 1 70481 22 0 1000 7000 0 1 1 0 1000 50 35000
0 1012 0 1 70504 23 0 1000 7000 0 1 1 0 1000 50 35000
0 1012 0 1 70526 22 0 1000 7000 0 1 1 0 1000 50 35000
0 1011 0 1 70549 23 0 1000 7000 0 1 1 0 1000 50 35000
0 1011 0 1 70572 23 0 1000 7000 0 1 1 0 1000 50 35000
0 1012 0 1 70594 22 0 1000 7000 0 1 1 0 1000 50 35000
0 1007 0 1 70617 23 0 1000 7000 0 1 1 0 1000 50 35000
0 1012 0 1 70639 22 0 1000 7000 0 1 1 0 1000 50 35000
0 1007 0 1 70662 23 0 1000 7000 0 1 1 0 1000 50 35000
0 1005 0 1 70684 22 0 1000 7000 0 1 1 0 1000 50 35000
0 1013 0 1 70707 23 0 1000 7000 0 1 1 0 1000 50 35000
0 1011 0 1 70729 22 0 1000 7000 0 1 1 0 1000 50 35000
0 1011 0 1 70752 23 0 1000 7000 0 1 1 0 1000 50 35000
0 1020 0 1 70774 22 0 1000 7000 0 1 1 0 1000 50 35000
0 1011 0 1 70797 23 0 1000 7000 0 1 1 0 1000 50 35000
0 1012 0 1 70819 22 0 1000 7000 0 1 1 0 1000 50 35000
0 1018 0 1 70843 24 0 1000 7000 0 1 1 0 1000 50 35000
0 1008 0 1 70865 22 0 1000 7000 0 1 1 0 1000 50 35000
0 1013 0 1 70888 23 0 1000 7000 0 1 1 0 1000 50 35000
0 1013 0 1 70910 22 0 1000 7000 0 1 1 0 1000 50 35000
0 1008 0 1 70933 23 0 1000 7000 0 1 1 0 1000 50 35000
0 1013 0 1 70956 23 0 1000 7000 0 1 1 0 1000 50 35000
0 1012 0 1 70978 22 0 1000 7000 0 1 1 0 1000 50 35000
0 1005 0 1 71001 23 0 1000 7000 0 1 1 0 1000 50 35000
0 1013 0 1 71023 22 0 1000 7000 0 1 1 0 1000 50 35000
0 1011 0 1 71046 23 0 1000 7000 0 1 1 0 1000 50 35000
0 1010 0 1 71068 22 0 1000 7000 0 1 1 0 1000 50 35000
0 1014 0 1 71091 23 0 1000 7000 0 1 1 0 1000 50 35000
0 1009 0 1 71113 22 0 1000 7000 0 1 1 0 1000 50 35000
0 1012 0 1 71136 23 0 1000 7000 0 1 1 0 1000 50 35000
0 1016 0 1 71158 22 0 1000 7000 0 1 1 0 1000 50 35000
0 1010 0 1 71181 23 0 1000 7000 0 1 1 0 1000 50 35000
0 1013 0 1 71203 22 0 1000 7000 0 1 1 0 1000 50 35000
0 1017 0 1 71226 23 0 1000 7000 0 1 1 0 1000 50 35000
0 1009 0 1 71249 23 0 1000 7000 0 1 1 0 1000 50 35000
0 1011 0 1 71272 23 0 1000 7000 0 1 1 0 1000 50 35000
0 1011 0 1 71294 22 0 1000 7000 0 1 1 0 1000 50 35000
0 1009 0 1 71317 23 0 1000 7000 0 1 1 0 1000 50 35000
0 1013 0 1 71340 23 0 1000 7000 0 1 1 0 1000 50 35000
0 1006 0 1 71362 22 0 1000 7000 0 1 1 0 1000 50 35000
0 1004 0 1 71385 23 0 1000 7000 0 1 1 0 1000 50 35000
0 1013 0 1 71407 22 0 1000 7000 0 1 1 0 1000 50 35000
0 1011 0 1 71430 23 0 1000 7000 0 1 1 0 1000 50 35000
0 1011 0 1 71452 22 0 1000 7000 0 1 1 0 1000 50 35000
0 1018 0 1 71475 23 0 1000 7000 0 1 1 0 1000 50 35000
0 1011 0 1 71497 22 0 1000 7000 0 1 1 0 1000 50 35000
0 1012 0 1 71520 23 0 1000 7000 0 1 1 0 1000 50 35000
0 1017 0 1 71542 22 0 1000 7000 0 1 1 0 1000 50 35000
0 1008 0 1 71565 23 0 1000 7000 0 1 1 0 1000 50 35000
0 1013 0 1 71587 22 0 1000 7000 0 1 1 0 1000 50 35000
0 1013 0 1 71610 23 0 1000 7000 0 1 1 0 1000 50 35000
0 1008 0 1 71632 22 0 1000 7000 0 1 1 0 1000 50 35000
0 1013 0 1 71656 24 0 1000 7000 0 1 1 0 1000 50 35000
0 1011 0 1 71678 22 0 1000 7000 0 1 1 0 1000 50 35000
0 1005 0 1 71701 23 0 1000 7000 0 1 1 0 1000 50 35000
0 1013 0 1 71724 23 0 1000 7000 0 1 1 0 1000 50 35000
0 1011 0 1 71746 22 0 1000 7000 0 1 1 0 1000 50 35000
0 1011 0 1 71769 23 0 1000 7000 0 1 1 0 1000 50 35000
0 1014 0 1 71791 22 0 1000 7000 0 1 1 0 1000 50 35000
0 1012 0 1 71814 23 0 1000 7000 0 1 1 0 1000 50 35000
0 1012 0 1 71836 22 0 1000 7000 0 1 1 0 1000 50 35000
0 1016 0 1 71859 23 0 1000 7000 0 1 1 0 1000 50 35000
0 1011 0 1 71881 22 0 1000 7000 0 1 1 0 1000 50 35000
0 1012 0 1 71904 23 0 1000 7000 0 1 1 0 1000 50 35000
0 1014 0 1 71926 22 0 1000 7000 0 1 1 0 1000 50 35000
0 1010 0 1 71949 23 0 1000 7000 0 1 1 0 1000 50 35000
0 1014 0 1 71971 22 0 1000 7000 0 1 1 0 1000 50 35000
0 1011 0 1 71994 23 0 1000 7000 0 1 1 0 1000 50 35000
0 1009 0 1 72016 22 0 1000 7000 0 1 1 0 1000 50 35000
0 1014 0 1 72039 23 0 1000 7000 0 1 1 0 1000 50 35000
0 1012 0 1 72062 23 0 1000 7000 0 1 1 0 1000 50 35000
0 1009 0 1 72085 23 0 1000 7000 0 1 1 0 1000 50 35000
0 1013 0 1 72108 23 0 1000 7000 0 1 1 0 1000 50 35000
0 1011 0 1 72130 22 0 1000 7000 0 1 1 0 1000 50 35000
0 1011 0 1 72153 23 0 1000 7000 0 1 1 0 1000 50 35000
0 1014 0 1 72175 22 0 1000 7000 0 1 1 0 1000 50 35000
0 1010 0 1 72198 23 0 1000 7000 0 1 1 0 1000 50 35000
0 1012 0 1 72220 22 0 1000 7000 0 1 1 0 1000 50 35000
0 1015 0 1 72243 23 0 1000 7000 0 1 1 0 1000 50 35000
0 1010 0 1 72265 22 0 1000 7000 0 1 1 0 1000 50 35000
0 1014 0 1 72288 23 0 1000 7000 0 1 1 0 1000 50 35000
0 1013 0 1 72310 22 0 1000 7000 0 1 1 0 1000 50 35000
0 1004 0 1 72333 23 0 1000 7000 0 1 1 0 1000 50 35000
0 1012 0 1 72355 22 0 1000 7000 0 1 1 0 1000 50 35000
0 1011 0 1 72378 23 0 1000 7000 0 1 1 0 1000 50 35000
0 1006 0 1 72400 22 0 1000 7000 0 1 1 0 1000 50 35000
0 1013 0 1 72423 23 0 1000 7000 0 1 1 0 1000 50 35000
0 1012 0 1 72445 22 0 1000 7000 0 1 1 0 1000 50 35000
0 1011 0 1 72469 24 0 1000 7000 0 1 1 0 1000 50 35000
0 1016 0 1 72492 23 0 1000 7000 0 1 1 0 1000 50 35000
0 1011 0 1 72514 22 0 1000 7000 0 1 1 0 1000 50 35000
0 1014 0 1 72537 23 0 1000 7000 0 1 1 0 1000 50 35000
0 1018 0 1 72559 22 0 1000 7000 0 1 1 0 1000 50 35000
0 1010 0 1 72582 23 0 1000 7000 0 1 1 0 1000 50 35000
0 1012 0 1 72604 22 0 1000 7000 0 1 1 0 1000 50 35000
0 1013 0 1 72627 23 0 1000 7000 0 1 1 0 1000 50 35000
0 1008 0 1 72649 22 0 1000 7000 0 1 1 0 1000 50 35000
0 1013 0 1 72672 23 0 1000 7000 0 1 1 0 1000 50 35000
0 1011 0 1 72694 22 0 1000 7000 0 1 1 0 1000 50 35000
0 1007 0 1 72717 23 0 1000 7000 0 1 1 0 1000 50 35000
0 1013 0 1 72739 22 0 1000 7000 0 1 1 0 1000 50 35000
0 1011 0 1 72762 23 0 1000 7000 0 1 1 0 1000 50 35000
0 1009 0 1 72784 22 0 1000 7000 0 1 1 0 1000 50 35000
0 1012 0 1 72807 23 0 1000 7000 0 1 1 0 1000 50 35000
0 1012 0 1 72829 22 0 1000 7000 0 1 1 0 1000 50 35000
0 1013 0 1 72852 23 0 1000 7000 0 1 1 0 1000 50 35000
0 1015 0 1 72876 24 0 1000 7000 0 1 1 0 1000 50 35000
0 1010 0 1 72898 22 0 1000 7000 0 1 1 0 1000 50 35000
0 1012 0 1 72921 23 0 1000 7000 0 1 1 0 1000 50 35000
0 1020 0 1 72943 22 0 1000 7000 0 1 1 0 1000 50 35000
0 1010 0 1 72966 23 0 1000 7000 0 1 1 0 1000 50 35000
0 1013 0 1 72988 22 0 1000 7000 0 1 1 0 1000 50 35000
0 1012 0 1 73011 23 0 1000 7000 0 1 1 0 1000 50 35000
0 1016 0 1 73033 22 0 1000 7000 0 1 1 0 1000 50 35000
0 1014 0 1 73056 23 0 1000 7000 0 1 1 0 1000 50 35000
0 1011 0 1 73078 22 0 1000 7000 0 1 1 0 1000 50 35000
0 1010 0 1 73101 23 0 1000 7000 0 1 1 0 1000 50 35000
0 1015 0 1 73123 22 0 1000 7000 0 1 1 0 1000 50 35000
0 1010 0 1 73146 23 0 1000 7000 0 1 1 0 1000 50 35000
0 1008 0 1 73168 22 0 1000 7000 0 1 1 0 1000 50 35000
0 1018 0 1 73191 23 0 1000 7000 0 1 1 0 1000 50 35000
0 1011 0 1 73213 22 0 1000 7000 0 1 1 0 1000 50 35000
0 1012 0 1 73236 23 0 1000 7000 0 1 1 0 1000 50 35000
0 1018 0 1 73259 23 0 1000 7000 0 1 1 0 1000 50 35000
0 1008 0 1 73282 23 0 1000 7000 0 1 1 0 1000 50 35000
0 1012 0 1 73305 23 0 1000 7000 0 1 1 0 1000 50 35000
0 1014 0 1 73327 22 0 1000 7000 0 1 1 0 1000 50 35000
0 1001 0 1 73350 23 0 1000 7000 0 1 1 0 1000 50 35000
0 1011 0 1 73372 22 0 1000 7000 0 1 1 0 1000 50 35000
0 1006 0 1 73395 23 0 1000 7000 0 1 1 0 1000 50 35000
0 1005 0 1 73417 22 0 1000 7000 0 1 1 0 1000 50 35000
0 1013 0 1 73440 23 0 1000 7000 0 1 1 0 1000 50 35000
0 1012 0 1 73462 22 0 1000 7000 0 1 1 0 1000 50 35000
0 1010 0 1 73485 23 0 1000 7000 0 1 1 0 1000 50 35000
0 1014 0 1 73507 22 0 1000 7000 0 1 1 0 1000 50 35000
0 1009 0 1 73530 23 0 1000 7000 0 1 1 0 1000 50 35000
0 1013 0 1 73552 22 0 1000 7000 0 1 1 0 1000 50 35000
0 1023 0 1 73575 23 0 1000 7000 0 1 1 0 1000 50 35000
0 1010 0 1 73597 22 0 1000 7000 0 1 1 0 1000 50 35000
0 1012 0 1 73620 23 0 1000 7000 0 1 1 0 1000 50 35000
0 1014 0 1 73643 23 0 1000 7000 0 1 1 0 1000 50 35000
0 1011 0 1 73665 22 0 1000 7000 0 1 1 0 1000 50 35000
0 1014 0 1 73689 24 0 1000 7000 0 1 1 0 1000 50 35000
0 1014 0 1 73711 22 0 1000 7000 0 1 1 0 1000 50 35000
0 1008 0 1 73734 23 0 1000 7000 0 1 1 0 1000 50 35000
0 1013 0 1 73756 22 0 1000 7000 0 1 1 0 1000 50 35000
0 1011 0 1 73779 23 0 1000 7000 0 1 1 0 1000 50 35000
0 1008 0 1 73801 22 0 1000 7000 0 1 1 0 1000 50 35000
0 1012 0 1 73824 23 0 1000 7000 0 1 1 0 1000 50 35000
0 1010 0 1 73846 22 0 1000 7000 0 1 1 0 1000 50 35000
0 1011 0 1 73869 23 0 1000 7000 0 1 1 0 1000 50 35000
0 1015 0 1 73891 22 0 1000 7000 0 1 1 0 1000 50 35000
0 1010 0 1 73914 23 0 1000 7000 0 1 1 0 1000 50 35000
0 1012 0 1 73936 22 0 1000 7000 0 1 1 0 1000 50 35000
0 1015 0 1 73959 23 0 1000 7000 0 1 1 0 1000 50 35000
0 1010 0 1 73981 22 0 1000 7000 0 1 1 0 1000 50 35000
0 1013 0 1 74004 23 0 1000 7000 0 1 1 0 1000 50 35000
0 1012 0 1 74027 23 0 1000 7000 0 1 1 0 1000 50 35000
0 1004 0 1 74049 22 0 1000 7000 0 1 1 0 1000 50 35000
0 1014 0 1 74072 23 0 1000 7000 0 1 1 0 1000 50 35000
0 1012 0 1 74095 23 0 1000 7000 0 1 1 0 1000 50 35000
0 1005 0 1 74118 23 0 1000 7000 0 1 1 0 1000 50 35000
0 1013 0 1 74140 22 0 1000 7000 0 1 1 0 1000 50 35000
0 1011 0 1 74163 23 0 1000 7000 0 1 1 0 1000 50 35000
0 1014 0 1 74185 22 0 1000 7000 0 1 1 0 1000 50 35000
0 1021 0 1 74208 23 0 1000 7000 0 1 1 0 1000 50 35000
0 1010 0 1 74230 22 0 1000 7000 0 1 1 0 1000 50 35000
0 1011 0 1 74253 23 0 1000 7000 0 1 1 0 1000 50 35000
0 1023 0 1 74275 22 0 1000 7000 0 1 1 0 1000 50 35000
0 1010 0 1 74298 23 0 1000 7000 0 1 1 0 1000 50 35000
0 1017 0 1 74320 22 0 1000 7000 0 1 1 0 1000 50 35000
0 1011 0 1 74343 23 0 1000 7000 0 1 1 0 1000 50 35000
0 1009 0 1 74365 22 0 1000 7000 0 1 1 0 1000 50 35000
0 1013 0 1 74388 23 0 1000 7000 0 1 1 0 1000 50 35000
0 1012 0 1 74411 23 0 1000 7000 0 1 1 0 1000 50 35000
0 1006 0 1 74433 22 0 1000 7000 0 1 1 0 1000 50 35000
0 1013 0 1 74456 23 0 1000 7000 0 1 1 0 1000 50 35000
0 1011 0 1 74478 22 0 1000 7000 0 1 1 0 1000 50 35000
0 1012 0 1 74502 24 0 1000 7000 0 1 1 0 1000 50 35000
0 1012 0 1 74524 22 0 1000 7000 0 1 1 0 1000 50 35000
0 1009 0 1 74547 23 0 1000 7000 0 1 1 0 1000 50 35000
0 1011 0 1 74569 22 0 1000 7000 0 1 1 0 1000 50 35000
0 1015 0 1 74592 23 0 1000 7000 0 1 1 0 1000 50 35000
0 1010 0 1 74614 22 0 1000 7000 0 1 1 0 1000 50 35000
0 1012 0 1 74637 23 0 1000 7000 0 1 1 0 1000 50 35000
0 1016 0 1 74659 22 0 1000 7000 0 1 1 0 1000 50 35000
0 1010 0 1 74682 23 0 1000 7000 0 1 1 0 1000 50 35000
0 1013 0 1 74704 22 0 1000 7000 0 1 1 0 1000 50 35000
0 1011 0 1 74727 23 0 1000 7000 0 1 1 0 1000 50 35000
0 1009 0 1 74749 22 0 1000 7000 0 1 1 0 1000 50 35000
0 1010 0 1 74772 23 0 1000 7000 0 1 1 0 1000 50 35000
0 1011 0 1 74795 23 0 1000 7000 0 1 1 0 1000 50 35000
0 1008 0 1 74817 22 0 1000 7000 0 1 1 0 1000 50 35000
0 1013 0 1 74840 23 0 1000 7000 0 1 1 0 1000 50 35000
0 1011 0 1 74862 22 0 1000 7000 0 1 1 0 1000 50 35000
0 1011 0 1 74885 23 0 1000 7000 0 1 1 0 1000 50 35000
0 1019 0 1 74908 23 0 1000 7000 0 1 1 0 1000 50 35000
0 1009 0 1 74931 23 0 1000 7000 0 1 1 0 1000 50 35000
0 1013 0 1 74953 22 0 1000 7000 0 1 1 0 1000 50 35000
0 1017 0 1 74976 23 0 1000 7000 0 1 1 0 1000 50 35000
0 1010 0 1 74998 22 0 1000 7000 0 1 1 0 1000 50 35000
0 1012 0 1 75021 23 0 1000 7000 0 1 1 0 1000 50 35000
0 1011 0 1 75043 22 0 1000 7000 0 1 1 0 1000 50 35000
0 1001 0 1 75066 23 0 1000 7000 0 1 1 0 1000 50 35000
0 1014 0 1 75088 22 0 1000 7000 0 1 1 0 1000 50 35000
0 1011 0 1 75111 23 0 1000 7000 0 1 1 0 1000 50 35000
0 1005 0 1 75133 22 0 1000 7000 0 1 1 0 1000 50 35000
0 1013 0 1 75156 23 0 1000 7000 0 1 1 0 1000 50 35000
0 1010 0 1 75179 23 0 1000 7000 0 1 1 0 1000 50 35000
0 1018 0 1 75201 22 0 1000 7000 0 1 1 0 1000 50 35000
0 1014 0 1 75224 23 0 1000 7000 0 1 1 0 1000 50 35000
0 1010 0 1 75246 22 0 1000 7000 0 1 1 0 1000 50 35000
0 1014 0 1 75269 23 0 1000 7000 0 1 1 0 1000 50 35000
0 1016 0 1 75291 22 0 1000 7000 0 1 1 0 1000 50 35000
0 1010 0 1 75315 24 0 1000 7000 0 1 1 0 1000 50 35000
0 1009 0 1 75337 22 0 1000 7000 0 1 1 0 1000 50 35000
0 1014 0 1 75360 23 0 1000 7000 0 1 1 0 1000 50 35000
0 1010 0 1 75382 22 0 1000 7000 0 1 1 0 1000 50 35000
0 1013 0 1 75405 23 0 1000 7000 0 1 1 0 1000 50 35000
0 1011 0 1 75427 22 0 1000 7000 0 1 1 0 1000 50 35000
0 1008 0 1 75450 23 0 1000 7000 0 1 1 0 1000 50 35000
0 1012 0 1 75472 22 0 1000 7000 0 1 1 0 1000 50 35000
0 1011 0 1 75495 23 0 1000 7000 0 1 1 0 1000 50 35000
0 1007 0 1 75517 22 0 1000 7000 0 1 1 0 1000 50 35000
0 1012 0 1 75540 23 0 1000 7000 0 1 1 0 1000 50 35000
0 1009 0 1 75563 23 0 1000 7000 0 1 1 0 1000 50 35000
0 1006 0 1 75585 22 0 1000 7000 0 1 1 0 1000 50 35000
0 1014 0 1 75608 23 0 1000 7000 0 1 1 0 1000 50 35000
0 1011 0 1 75630 22 0 1000 7000 0 1 1 0 1000 50 35000
0 1012 0 1 75653 23 0 1000 7000 0 1 1 0 1000 50 35000
0 1015 0 1 75675 22 0 1000 7000 0 1 1 0 1000 50 35000
0 1011 0 1 75698 23 0 1000 7000 0 1 1 0 1000 50 35000
0 1013 0 1 75720 22 0 1000 7000 0 1 1 0 1000 50 35000
0 1014 0 1 75744 24 0 1000 7000 0 1 1 0 1000 50 35000
0 1003 0 1 75766 22 0 1000 7000 0 1 1 0 1000 50 35000
0 1012 0 1 75789 23 0 1000 7000 0 1 1 0 1000 50 35000
0 1012 0 1 75811 22 0 1000 7000 0 1 1 0 1000 50 35000
0 1004 0 1 75834 23 0 1000 7000 0 1 1 0 1000 50 35000
0 1014 0 1 75856 22 0 1000 7000 0 1 1 0 1000 50 35000
0 1010 0 1 75879 23 0 1000 7000 0 1 1 0 1000 50 35000
0 1010 0 1 75901 22 0 1000 7000 0 1 1 0 1000 50 35000
0 1021 0 1 75924 23 0 1000 7000 0 1 1 0 1000 50 35000
0 1010 0 1 75947 23 0 1000 7000 0 1 1 0 1000 50 35000
0 1011 0 1 75969 22 0 1000 7000 0 1 1 0 1000 50 35000
0 1017 0 1 75992 23 0 1000 7000 0 1 1 0 1000 50 35000
0 1011 0 1 76014 22 0 1000 7000 0 1 1 0 1000 50 35000
0 1012 0 1 76037 23 0 1000 7000 0 1 1 0 1000 50 35000
0 1013 0 1 76059 22 0 1000 7000 0 1 1 0 1000 50 35000
0 1009 0 1 76082 23 0 1000 7000 0 1 1 0 1000 50 35000
0 1013 0 1 76104 22 0 1000 7000 0 1 1 0 1000 50 35000
0 1012 0 1 76127 23 0 1000 7000 0 1 1 0 1000 50 35000
0 1008 0 1 76150 23 0 1000 7000 0 1 1 0 1000 50 35000
0 1015 0 1 76173 23 0 1000 7000 0 1 1 0 1000 50 35000
0 1015 0 1 76195 22 0 1000 7000 0 1 1 0 1000 50 35000
0 1009 0 1 76218 23 0 1000 7000 0 1 1 0 1000 50 35000
0 1013 0 1 76240 22 0 1000 7000 0 1 1 0 1000 50 35000
0 1009 0 1 76263 23 0 1000 7000 0 1 1 0 1000 50 35000
0 1011 0 1 76285 22 0 1000 7000 0 1 1 0 1000 50 35000
0 1015 0 1 76308 23 0 1000 7000 0 1 1 0 1000 50 35000
0 1009 0 1 76331 23 0 1000 7000 0 1 1 0 1000 50 35000
0 1012 0 1 76353 22 0 1000 7000 0 1 1 0 1000 50 35000
0 1014 0 1 76376 23 0 1000 7000 0 1 1 0 1000 50 35000
0 1010 0 1 76398 22 0 1000 7000 0 1 1 0 1000 50 35000
0 1013 0 1 76421 23 0 1000 7000 0 1 1 0 1000 50 35000
0 1011 0 1 76443 22 0 1000 7000 0 1 1 0 1000 50 35000
0 999 0 1 76466 23 0 1000 7000 0 1 1 0 1000 50 35000
0 1013 0 1 76488 22 0 1000 7000 0 1 1 0 1000 50 35000
0 1010 0 1 76511 23 0 1000 7000 0 1 1 0 1000 50 35000
0 1005 0 1 76533 22 0 1000 7000 0 1 1 0 1000 50 35000
0 1013 0 1 76556 23 0 1000 7000 0 1 1 0 1000 50 35000
0 1011 0 1 76578 22 0 1000 7000 0 1 1 0 1000 50 35000
0 1011 0 1 76602 24 0 1000 7000 0 1 1 0 1000 50 35000
0 1020 0 1 76624 22 0 1000 7000 0 1 1 0 1000 50 35000
0 1010 0 1 76647 23 0 1000 7000 0 1 1 0 1000 50 35000
0 1004 0 1 76669 22 0 1000 7000 0 1 1 0 1000 50 35000
0 1017 0 1 76692 23 0 1000 7000 0 1 1 0 1000 50 35000
0 1010 0 1 76715 23 0 1000 7000 0 1 1 0 1000 50 35000
0 1012 0 1 76737 22 0 1000 7000 0 1 1 0 1000 50 35000
0 1013 0 1 76760 23 0 1000 7000 0 1 1 0 1000 50 35000
0 1008 0 1 76782 22 0 1000 7000 0 1 1 0 1000 50 35000
0 1013 0 1 76805 23 0 1000 7000 0 1 1 0 1000 50 35000
0 1012 0 1 76827 22 0 1000 7000 0 1 1 0 1000 50 35000
0 1009 0 1 76850 23 0 1000 7000 0 1 1 0 1000 50 35000
0 1013 0 1 76872 22 0 1000 7000 0 1 1 0 1000 50 35000
0 1011 0 1 76895 23 0 1000 7000 0 1 1 0 1000 50 35000
0 1008 0 1 76917 22 0 1000 7000 0 1 1 0 1000 50 35000
0 1013 0 1 76940 23 0 1000 7000 0 1 1 0 1000 50 35000
0 1008 0 1 76962 22 0 1000 7000 0 1 1 0 1000 50 35000
0 1011 0 1 76985 23 0 1000 7000 0 1 1 0 1000 50 35000
0 1015 0 1 77007 22 0 1000 7000 0 1 1 0 1000 50 35000
0 1011 0 1 77031 24 0 1000 7000 0 1 1 0 1000 50 35000
0 1015 0 1 77053 22 0 1000 7000 0 1 1 0 1000 50 35000
0 1016 0 1 77076 23 0 1000 7000 0 1 1 0 1000 50 35000
0 1010 0 1 77099 23 0 1000 7000 0 1 1 0 1000 50 35000
0 1011 0 1 77121 22 0 1000 7000 0 1 1 0 1000 50 35000
0 1012 0 1 77144 23 0 1000 7000 0 1 1 0 1000 50 35000
0 1008 0 1 77166 22 0 1000 7000 0 1 1 0 1000 50 35000
0 1013 0 1 77189 23 0 1000 7000 0 1 1 0 1000 50 35000
0 1010 0 1 77211 22 0 1000 7000 0 1 1 0 1000 50 35000
0 1008 0 1 77234 23 0 1000 7000 0 1 1 0 1000 50 35000
0 1012 0 1 77256 22 0 1000 7000 0 1 1 0 1000 50 35000
0 1010 0 1 77279 23 0 1000 7000 0 1 1 0 1000 50 35000
0 1006 0 1 77301 22 0 1000 7000 0 1 1 0 1000 50 35000
0 1018 0 1 77324 23 0 1000 7000 0 1 1 0 1000 50 35000
0 1010 0 1 77346 22 0 1000 7000 0 1 1 0 1000 50 35000
0 1012 0 1 77369 23 0 1000 7000 0 1 1 0 1000 50 35000
0 1016 0 1 77391 22 0 1000 7000 0 1 1 0 1000 50 35000
0 1010 0 1 77414 23 0 1000 7000 0 1 1 0 1000 50 35000
0 1012 0 1 77437 23 0 1000 7000 0 1 1 0 1000 50 35000
0 1023 0 1 77460 23 0 1000 7000 0 1 1 0 1000 50 35000
0 1001 0 1 77483 23 0 1000 7000 0 1 1 0 1000 50 35000
0 1014 0 1 77505 22 0 1000 7000 0 1 1 0 1000 50 35000
0 1011 0 1 77528 23 0 1000 7000 0 1 1 0 1000 50 35000
0 1004 0 1 77550 22 0 1000 7000 0 1 1 0 1000 50 35000
0 1013 0 1 77573 23 0 1000 7000 0 1 1 0 1000 50 35000
0 1010 0 1 77595 22 0 1000 7000 0 1 1 0 1000 50 35000
0 1010 0 1 77618 23 0 1000 7000 0 1 1 0 1000 50 35000
0 1011 0 1 77640 22 0 1000 7000 0 1 1 0 1000 50 35000
0 1010 0 1 77663 23 0 1000 7000 0 1 1 0 1000 50 35000
0 1010 0 1 77685 22 0 1000 7000 0 1 1 0 1000 50 35000
0 1016 0 1 77708 23 0 1000 7000 0 1 1 0 1000 50 35000
0 1009 0 1 77730 22 0 1000 7000 0 1 1 0 1000 50 35000
0 1011 0 1 77753 23 0 1000 7000 0 1 1 0 1000 50 35000
0 1008 0 1 77775 22 0 1000 7000 0 1 1 0 1000 50 35000
0 1010 0 1 77798 23 0 1000 7000 0 1 1 0 1000 50 35000
0 1013 0 1 77820 22 0 1000 7000 0 1 1 0 1000 50 35000
0 1013 0 1 77844 24 0 1000 7000 0 1 1 0 1000 50 35000
0 1007 0 1 77867 23 0 1000 7000 0 1 1 0 1000 50 35000
0 1011 0 1 77889 22 0 1000 7000 0 1 1 0 1000 50 35000
0 1011 0 1 77912 23 0 1000 7000 0 1 1 0 1000 50 35000
0 1008 0 1 77934 22 0 1000 7000 0 1 1 0 1000 50 35000
0 1012 0 1 77957 23 0 1000 7000 0 1 1 0 1000 50 35000
0 1009 0 1 77979 22 0 1000 7000 0 1 1 0 1000 50 35000
0 1011 0 1 78002 23 0 1000 7000 0 1 1 0 1000 50 35000
0 1014 0 1 78024 22 0 1000 7000 0 1 1 0 1000 50 35000
0 1010 0 1 78047 23 0 1000 7000 0 1 1 0 1000 50 35000
0 1013 0 1 78069 22 0 1000 7000 0 1 1 0 1000 50 35000
0 1015 0 1 78092 23 0 1000 7000 0 1 1 0 1000 50 35000
0 1009 0 1 78114 22 0 1000 7000 0 1 1 0 1000 50 35000
0 1013 0 1 78137 23 0 1000 7000 0 1 1 0 1000 50 35000
0 1011 0 1 78159 22 0 1000 7000 0 1 1 0 1000 50 35000
0 1004 0 1 78182 23 0 1000 7000 0 1 1 0 1000 50 35000
0 1010 0 1 78204 22 0 1000 7000 0 1 1 0 1000 50 35000
0 1003 0 1 78227 23 0 1000 7000 0 1 1 0 1000 50 35000
0 1006 0 1 78251 24 0 1000 7000 0 1 1 0 1000 50 35000
0 1014 0 1 78273 22 0 1000 7000 0 1 1 0 1000 50 35000
0 1016 0 1 78296 23 0 1000 7000 0 1 1 0 1000 50 35000
0 1010 0 1 78318 22 0 1000 7000 0 1 1 0 1000 50 35000
0 1020 0 1 78341 23 0 1000 7000 0 1 1 0 1000 50 35000
0 1010 0 1 78363 22 0 1000 7000 0 1 1 0 1000 50 35000
0 1012 0 1 78386 23 0 1000 7000 0 1 1 0 1000 50 35000
0 1017 0 1 78408 22 0 1000 7000 0 1 1 0 1000 50 35000
0 1008 0 1 78431 23 0 1000 7000 0 1 1 0 1000 50 35000
0 1012 0 1 78453 22 0 1000 7000 0 1 1 0 1000 50 35000
0 1013 0 1 78476 23 0 1000 7000 0 1 1 0 1000 50 35000
0 1011 0 1 78498 22 0 1000 7000 0 1 1 0 1000 50 35000
0 1012 0 1 78521 23 0 1000 7000 0 1 1 0 1000 50 35000
0 1021 0 1 78543 22 0 1000 7000 0 1 1 0 1000 50 35000
0 1005 0 1 78566 23 0 1000 7000 0 1 1 0 1000 50 35000
0 1011 0 1 78588 22 0 1000 7000 0 1 1 0 1000 50 35000
0 1011 0 1 78611 23 0 1000 7000 0 1 1 0 1000 50 35000
0 1010 0 1 78633 22 0 1000 7000 0 1 1 0 1000 50 35000
0 1013 0 1 78657 24 0 1000 7000 0 1 1 0 1000 50 35000
0 1009 0 1 78680 23 0 1000 7000 0 1 1 0 1000 50 35000
0 1011 0 1 78702 22 0 1000 7000 0 1 1 0 1000 50 35000
0 1015 0 1 78725 23 0 1000 7000 0 1 1 0 1000 50 35000
0 1009 0 1 78747 22 0 1000 7000 0 1 1 0 1000 50 35000
0 1012 0 1 78770 23 0 1000 7000 0 1 1 0 1000 50 35000
0 1013 0 1 78792 22 0 1000 7000 0 1 1 0 1000 50 35000
0 1010 0 1 78815 23 0 1000 7000 0 1 1 0 1000 50 35000
0 1013 0 1 78837 22 0 1000 7000 0 1 1 0 1000 50 35000
0 1011 0 1 78860 23 0 1000 7000 0 1 1 0 1000 50 35000
0 1007 0 1 78882 22 0 1000 7000 0 1 1 0 1000 50 35000
0 1013 0 1 78905 23 0 1000 7000 0 1 1 0 1000 50 35000
0 1011 0 1 78927 22 0 1000 7000 0 1 1 0 1000 50 35000
0 1008 0 1 78950 23 0 1000 7000 0 1 1 0 1000 50 35000
0 1012 0 1 78972 22 0 1000 7000 0 1 1 0 1000 50 35000
0 1010 0 1 78995 23 0 1000 7000 0 1 1 0 1000 50 35000
0 1006 0 1 79017 22 0 1000 7000 0 1 1 0 1000 50 35000
0 1021 0 1 79040 23 0 1000 7000 0 1 1 0 1000 50 35000
0 1011 0 1 79064 24 0 1000 7000 0 1 1 0 1000 50 35000
0 1011 0 1 79086 22 0 1000 7000 0 1 1 0 1000 50 35000
0 1016 0 1 79109 23 0 1000 7000 0 1 1 0 1000 50 35000
0 1010 0 1 79131 22 0 1000 7000 0 1 1 0 1000 50 35000
0 1012 0 1 79154 23 0 1000 7000 0 1 1 0 1000 50 35000
0 1011 0 1 79176 22 0 1000 7000 0 1 1 0 1000 50 35000
0 1003 0 1 79199 23 0 1000 7000 0 1 1 0 1000 50 35000
0 1012 0 1 79221 22 0 1000 7000 0 1 1 0 1000 50 35000
0 1011 0 1 79244 23 0 1000 7000 0 1 1 0 1000 50 35000
0 1004 0 1 79266 22 0 1000 7000 0 1 1 0 1000 50 35000
0 1012 0 1 79289 23 0 1000 7000 0 1 1 0 1000 50 35000
0 1010 0 1 79311 22 0 1000 7000 0 1 1 0 1000 50 35000
0 1010 0 1 79334 23 0 1000 7000 0 1 1 0 1000 50 35000
0 1014 0 1 79356 22 0 1000 7000 0 1 1 0 1000 50 35000
0 1010 0 1 79379 23 0 1000 7000 0 1 1 0 1000 50 35000
0 1009 0 1 79401 22 0 1000 7000 0 1 1 0 1000 50 35000
0 1015 0 1 79424 23 0 1000 7000 0 1 1 0 1000 50 35000
0 1011 0 1 79447 23 0 1000 7000 0 1 1 0 1000 50 35000
0 1012 0 1 79470 23 0 1000 7000 0 1 1 0 1000 50 35000
0 1010 0 1 79493 23 0 1000 7000 0 1 1 0 1000 50 35000
0 1010 0 1 79515 22 0 1000 7000 0 1 1 0 1000 50 35000
0 1013 0 1 79538 23 0 1000 7000 0 1 1 0 1000 50 35000
0 1011 0 1 79560 22 0 1000 7000 0 1 1 0 1000 50 35000
0 1005 0 1 79583 23 0 1000 7000 0 1 1 0 1000 50 35000
0 1012 0 1 79605 22 0 1000 7000 0 1 1 0 1000 50 35000
0 1008 0 1 79628 23 0 1000 7000 0 1 1 0 1000 50 35000
0 1004 0 1 79650 22 0 1000 7000 0 1 1 0 1000 50 35000
0 1010 0 1 79673 23 0 1000 7000 0 1 1 0 1000 50 35000
0 1007 0 1 79695 22 0 1000 7000 0 1 1 0 1000 50 35000
0 1008 0 1 79718 23 0 1000 7000 0 1 1 0 1000 50 35000
0 1012 0 1 79740 22 0 1000 7000 0 1 1 0 1000 50 35000
0 1007 0 1 79763 23 0 1000 7000 0 1 1 0 1000 50 35000
0 1009 0 1 79785 22 0 1000 7000 0 1 1 0 1000 50 35000
0 1010 0 1 79808 23 0 1000 7000 0 1 1 0 1000 50 35000
0 1008 0 1 79831 23 0 1000 7000 0 1 1 0 1000 50 35000
0 1011 0 1 79853 22 0 1000 7000 0 1 1 0 1000 50 35000
0 1010 0 1 79876 23 0 1000 7000 0 1 1 0 1000 50 35000
0 1002 0 1 79899 23 0 1000 7000 0 1 1 0 1000 50 35000
0 1010 0 1 79922 23 0 1000 7000 0 1 1 0 1000 50 35000
0 1009 0 1 79944 22 0 1000 7000 0 1 1 0 1000 50 35000
0 1003 0 1 79967 23 0 1000 7000 0 1 1 0 1000 50 35000
0 1010 0 1 79989 22 0 1000 7000 0 1 1 0 1000 50 35000
0 1008 0 1 80012 23 0 1000 7000 0 1 1 0 1000 50 35000
0 1009 0 1 80034 22 0 1000 7000 0 1 1 0 1000 50 35000
0 1018 0 1 80057 23 0 1000 7000 0 1 1 0 1000 50 35000
0 1008 0 1 80079 22 0 1000 7000 0 1 1 0 1000 50 35000
0 1009 0 1 80102 23 0 1000 7000 0 1 1 0 1000 50 35000
0 1016 0 1 80124 22 0 1000 7000 0 1 1 0 1000 50 35000
0 1008 0 1 80147 23 0 1000 7000 0 1 1 0 1000 50 35000
0 1009 0 1 80169 22 0 1000 7000 0 1 1 0 1000 50 35000
0 1011 0 1 80192 23 0 1000 7000 0 1 1 0 1000 50 35000
0 1007 0 1 80215 23 0 1000 7000 0 1 1 0 1000 50 35000
0 1011 0 1 80237 22 0 1000 7000 0 1 1 0 1000 50 35000
0 1009 0 1 80260 23 0 1000 7000 0 1 1 0 1000 50 35000
0 1006 0 1 80282 22 0 1000 7000 0 1 1 0 1000 50 35000
0 1011 0 1 80305 23 0 1000 7000 0 1 1 0 1000 50 35000
0 1008 0 1 80328 23 0 1000 7000 0 1 1 0 1000 50 35000
0 1006 0 1 80351 23 0 1000 7000 0 1 1 0 1000 50 35000
0 1010 0 1 80373 22 0 1000 7000 0 1 1 0 1000 50 35000
0 1007 0 1 80396 23 0 1000 7000 0 1 1 0 1000 50 35000
0 1007 0 1 80418 22 0 1000 7000 0 1 1 0 1000 50 35000
0 1012 0 1 80441 23 0 1000 7000 0 1 1 0 1000 50 35000
0 1007 0 1 80463 22 0 1000 7000 0 1 1 0 1000 50 35000
0 1009 0 1 80486 23 0 1000 7000 0 1 1 0 1000 50 35000
0 1012 0 1 80508 22 0 1000 7000 0 1 1 0 1000 50 35000
0 1010 0 1 80531 23 0 1000 7000 0 1 1 0 1000 50 35000
0 1011 0 1 80553 22 0 1000 7000 0 1 1 0 1000 50 35000
0 1009 0 1 80576 23 0 1000 7000 0 1 1 0 1000 50 35000
0 1005 0 1 80599 23 0 1000 7000 0 1 1 0 1000 50 35000
0 1010 0 1 80621 22 0 1000 7000 0 1 1 0 1000 50 35000
0 1008 0 1 80644 23 0 1000 7000 0 1 1 0 1000 50 35000
0 1004 0 1 80666 22 0 1000 7000 0 1 1 0 1000 50 35000
0 1011 0 1 80689 23 0 1000 7000 0 1 1 0 1000 50 35000
0 1007 0 1 80712 23 0 1000 7000 0 1 1 0 1000 50 35000
0 1007 0 1 80735 23 0 1000 7000 0 1 1 0 1000 50 35000
0 1017 0 1 80757 22 0 1000 7000 0 1 1 0 1000 50 35000
0 1008 0 1 80780 23 0 1000 7000 0 1 1 0 1000 50 35000
0 1012 0 1 80802 22 0 1000 7000 0 1 1 0 1000 50 35000
0 1014 0 1 80825 23 0 1000 7000 0 1 1 0 1000 50 35000
0 1009 0 1 80847 22 0 1000 7000 0 1 1 0 1000 50 35000
0 1009 0 1 80870 23 0 1000 7000 0 1 1 0 1000 50 35000
0 1012 0 1 80892 22 0 1000 7000 0 1 1 0 1000 50 35000
0 999 0 1 80915 23 0 1000 7000 0 1 1 0 1000 50 35000
0 1010 0 1 80937 22 0 1000 7000 0 1 1 0 1000 50 35000
0 1009 0 1 80960 23 0 1000 7000 0 1 1 0 1000 50 35000
0 995 0 1 80983 23 0 1000 7000 0 1 1 0 1000 50 35000
0 1009 0 1 81005 22 0 1000 7000 0 1 1 0 1000 50 35000
0 1009 0 1 81028 23 0 1000 7000 0 1 1 0 1000 50 35000
0 1007 0 1 81050 22 0 1000 7000 0 1 1 0 1000 50 35000
0 1010 0 1 81073 23 0 1000 7000 0 1 1 0 1000 50 35000
0 1007 0 1 81095 22 0 1000 7000 0 1 1 0 1000 50 35000
0 1009 0 1 81118 23 0 1000 7000 0 1 1 0 1000 50 35000
0 1013 0 1 81140 22 0 1000 7000 0 1 1 0 1000 50 35000
0 1008 0 1 81164 24 0 1000 7000 0 1 1 0 1000 50 35000
0 1009 0 1 81186 22 0 1000 7000 0 1 1 0 1000 50 35000
0 1013 0 1 81209 23 0 1000 7000 0 1 1 0 1000 50 35000
0 1008 0 1 81231 22 0 1000 7000 0 1 1 0 1000 50 35000
0 1011 0 1 81254 23 0 1000 7000 0 1 1 0 1000 50 35000
0 1009 0 1 81276 22 0 1000 7000 0 1 1 0 1000 50 35000
0 1005 0 1 81299 23 0 1000 7000 0 1 1 0 1000 50 35000
0 1010 0 1 81321 22 0 1000 7000 0 1 1 0 1000 50 35000
0 1009 0 1 81344 23 0 1000 7000 0 1 1 0 1000 50 35000
0 1005 0 1 81367 23 0 1000 7000 0 1 1 0 1000 50 35000
0 1010 0 1 81389 22 0 1000 7000 0 1 1 0 1000 50 35000
0 1009 0 1 81412 23 0 1000 7000 0 1 1 0 1000 50 35000
0 1010 0 1 81434 22 0 1000 7000 0 1 1 0 1000 50 35000
0 1015 0 1 81457 23 0 1000 7000 0 1 1 0 1000 50 35000
0 1006 0 1 81479 22 0 1000 7000 0 1 1 0 1000 50 35000
0 1005 0 1 81502 23 0 1000 7000 0 1 1 0 1000 50 35000
0 1014 0 1 81524 22 0 1000 7000 0 1 1 0 1000 50 35000
0 1008 0 1 81547 23 0 1000 7000 0 1 1 0 1000 50 35000
0 1006 0 1 81570 23 0 1000 7000 0 1 1 0 1000 50 35000
0 1006 0 1 81593 23 0 1000 7000 0 1 1 0 1000 50 35000
0 999 0 1 81615 22 0 1000 7000 0 1 1 0 1000 50 35000
0 1010 0 1 81638 23 0 1000 7000 0 1 1 0 1000 50 35000
0 1009 0 1 81660 22 0 1000 7000 0 1 1 0 1000 50 35000
0 1002 0 1 81683 23 0 1000 7000 0 1 1 0 1000 50 35000
0 1010 0 1 81705 22 0 1000 7000 0 1 1 0 1000 50 35000
0 1007 0 1 81728 23 0 1000 7000 0 1 1 0 1000 50 35000
0 1009 0 1 81751 23 0 1000 7000 0 1 1 0 1000 50 35000
0 1012 0 1 81773 22 0 1000 7000 0 1 1 0 1000 50 35000
0 1010 0 1 81796 23 0 1000 7000 0 1 1 0 1000 50 35000
0 1010 0 1 81818 22 0 1000 7000 0 1 1 0 1000 50 35000
0 1011 0 1 81841 23 0 1000 7000 0 1 1 0 1000 50 35000
0 1007 0 1 81863 22 0 1000 7000 0 1 1 0 1000 50 35000
0 1010 0 1 81886 23 0 1000 7000 0 1 1 0 1000 50 35000
0 1011 0 1 81908 22 0 1000 7000 0 1 1 0 1000 50 35000
0 1006 0 1 81931 23 0 1000 7000 0 1 1 0 1000 50 35000
0 1011 0 1 81953 22 0 1000 7000 0 1 1 0 1000 50 35000
0 1011 0 1 81976 23 0 1000 7000 0 1 1 0 1000 50 35000
0 1010 0 1 81999 23 0 1000 7000 0 1 1 0 1000 50 35000
0 1010 0 1 82022 23 0 1000 7000 0 1 1 0 1000 50 35000
0 1008 0 1 82044 22 0 1000 7000 0 1 1 0 1000 50 35000
0 1005 0 1 82067 23 0 1000 7000 0 1 1 0 1000 50 35000
0 1010 0 1 82089 22 0 1000 7000 0 1 1 0 1000 50 35000
0 1008 0 1 82112 23 0 1000 7000 0 1 1 0 1000 50 35000
0 1008 0 1 82135 23 0 1000 7000 0 1 1 0 1000 50 35000
0 1013 0 1 82157 22 0 1000 7000 0 1 1 0 1000 50 35000
0 1007 0 1 82180 23 0 1000 7000 0 1 1 0 1000 50 35000
0 1010 0 1 82202 22 0 1000 7000 0 1 1 0 1000 50 35000
0 1015 0 1 82225 23 0 1000 7000 0 1 1 0 1000 50 35000
0 1008 0 1 82247 22 0 1000 7000 0 1 1 0 1000 50 35000
0 1007 0 1 82270 23 0 1000 7000 0 1 1 0 1000 50 35000
0 1012 0 1 82292 22 0 1000 7000 0 1 1 0 1000 50 35000
0 1001 0 1 82315 23 0 1000 7000 0 1 1 0 1000 50 35000
0 1010 0 1 82337 22 0 1000 7000 0 1 1 0 1000 50 35000
0 1009 0 1 82360 23 0 1000 7000 0 1 1 0 1000 50 35000
0 1008 0 1 82382 22 0 1000 7000 0 1 1 0 1000 50 35000
0 1011 0 1 82405 23 0 1000 7000 0 1 1 0 1000 50 35000
0 1010 0 1 82428 23 0 1000 7000 0 1 1 0 1000 50 35000
0 1011 0 1 82451 23 0 1000 7000 0 1 1 0 1000 50 35000
0 1014 0 1 82473 22 0 1000 7000 0 1 1 0 1000 50 35000
0 1008 0 1 82496 23 0 1000 7000 0 1 1 0 1000 50 35000
0 1010 0 1 82519 23 0 1000 7000 0 1 1 0 1000 50 35000
0 1015 0 1 82541 22 0 1000 7000 0 1 1 0 1000 50 35000
0 1008 0 1 82564 23 0 1000 7000 0 1 1 0 1000 50 35000
0 1010 0 1 82586 22 0 1000 7000 0 1 1 0 1000 50 35000
0 1009 0 1 82609 23 0 1000 7000 0 1 1 0 1000 50 35000
0 1010 0 1 82631 22 0 1000 7000 0 1 1 0 1000 50 35000
0 1010 0 1 82654 23 0 1000 7000 0 1 1 0 1000 50 35000
0 995 0 1 82676 22 0 1000 7000 0 1 1 0 1000 50 35000
0 1007 0 1 82699 23 0 1000 7000 0 1 1 0 1000 50 35000
0 1010 0 1 82721 22 0 1000 7000 0 1 1 0 1000 50 35000
0 1009 0 1 82744 23 0 1000 7000 0 1 1 0 1000 50 35000
0 1005 0 1 82766 22 0 1000 7000 0 1 1 0 1000 50 35000
0 1010 0 1 82789 23 0 1000 7000 0 1 1 0 1000 50 35000
0 1007 0 1 82811 22 0 1000 7000 0 1 1 0 1000 50 35000
0 1019 0 1 82834 23 0 1000 7000 0 1 1 0 1000 50 35000
0 1013 0 1 82856 22 0 1000 7000 0 1 1 0 1000 50 35000
0 1009 0 1 82880 24 0 1000 7000 0 1 1 0 1000 50 35000
0 1010 0 1 82903 23 0 1000 7000 0 1 1 0 1000 50 35000
0 1014 0 1 82925 22 0 1000 7000 0 1 1 0 1000 50 35000
0 1005 0 1 82948 23 0 1000 7000 0 1 1 0 1000 50 35000
0 1011 0 1 82970 22 0 1000 7000 0 1 1 0 1000 50 35000
0 1009 0 1 82993 23 0 1000 7000 0 1 1 0 1000 50 35000
0 1002 0 1 83015 22 0 1000 7000 0 1 1 0 1000 50 35000
0 1009 0 1 83038 23 0 1000 7000 0 1 1 0 1000 50 35000
0 1008 0 1 83060 22 0 1000 7000 0 1 1 0 1000 50 35000
0 1005 0 1 83083 23 0 1000 7000 0 1 1 0 1000 50 35000
0 1011 0 1 83105 22 0 1000 7000 0 1 1 0 1000 50 35000
0 1007 0 1 83128 23 0 1000 7000 0 1 1 0 1000 50 35000
0 1009 0 1 83150 22 0 1000 7000 0 1 1 0 1000 50 35000
0 1019 0 1 83173 23 0 1000 7000 0 1 1 0 1000 50 35000
0 1008 0 1 83195 22 0 1000 7000 0 1 1 0 1000 50 35000
0 1010 0 1 83218 23 0 1000 7000 0 1 1 0 1000 50 35000
0 1015 0 1 83240 22 0 1000 7000 0 1 1 0 1000 50 35000
0 1009 0 1 83263 23 0 1000 7000 0 1 1 0 1000 50 35000
0 1010 0 1 83286 23 0 1000 7000 0 1 1 0 1000 50 35000
0 1022 0 1 83309 23 0 1000 7000 0 1 1 0 1000 50 35000
0 1008 0 1 83332 23 0 1000 7000 0 1 1 0 1000 50 35000
0 1012 0 1 83354 22 0 1000 7000 0 1 1 0 1000 50 35000
0 1009 0 1 83377 23 0 1000 7000 0 1 1 0 1000 50 35000
0 1006 0 1 83399 22 0 1000 7000 0 1 1 0 1000 50 35000
0 1015 0 1 83422 23 0 1000 7000 0 1 1 0 1000 50 35000
0 1009 0 1 83444 22 0 1000 7000 0 1 1 0 1000 50 35000
0 1006 0 1 83467 23 0 1000 7000 0 1 1 0 1000 50 35000
0 1008 0 1 83489 22 0 1000 7000 0 1 1 0 1000 50 35000
0 1007 0 1 83512 23 0 1000 7000 0 1 1 0 1000 50 35000
0 1010 0 1 83534 22 0 1000 7000 0 1 1 0 1000 50 35000
0 1012 0 1 83557 23 0 1000 7000 0 1 1 0 1000 50 35000
0 1005 0 1 83579 22 0 1000 7000 0 1 1 0 1000 50 35000
0 1008 0 1 83602 23 0 1000 7000 0 1 1 0 1000 50 35000
0 1014 0 1 83624 22 0 1000 7000 0 1 1 0 1000 50 35000
0 1009 0 1 83647 23 0 1000 7000 0 1 1 0 1000 50 35000
0 1008 0 1 83670 23 0 1000 7000 0 1 1 0 1000 50 35000
0 1012 0 1 83692 22 0 1000 7000 0 1 1 0 1000 50 35000
0 1005 0 1 83715 23 0 1000 7000 0 1 1 0 1000 50 35000
0 1011 0 1 83738 23 0 1000 7000 0 1 1 0 1000 50 35000
0 1009 0 1 83761 23 0 1000 7000 0 1 1 0 1000 50 35000
0 1002 0 1 83783 22 0 1000 7000 0 1 1 0 1000 50 35000
0 1010 0 1 83806 23 0 1000 7000 0 1 1 0 1000 50 35000
0 1009 0 1 83828 22 0 1000 7000 0 1 1 0 1000 50 35000
0 1008 0 1 83851 23 0 1000 7000 0 1 1 0 1000 50 35000
0 1019 0 1 83873 22 0 1000 7000 0 1 1 0 1000 50 35000
0 1008 0 1 83896 23 0 1000 7000 0 1 1 0 1000 50 35000
0 1010 0 1 83918 22 0 1000 7000 0 1 1 0 1000 50 35000
0 1014 0 1 83941 23 0 1000 7000 0 1 1 0 1000 50 35000
0 1008 0 1 83963 22 0 1000 7000 0 1 1 0 1000 50 35000
0 1010 0 1 83986 23 0 1000 7000 0 1 1 0 1000 50 35000
0 1010 0 1 84008 22 0 1000 7000 0 1 1 0 1000 50 35000
0 1007 0 1 84031 23 0 1000 7000 0 1 1 0 1000 50 35000
0 1011 0 1 84054 23 0 1000 7000 0 1 1 0 1000 50 35000
0 1009 0 1 84076 22 0 1000 7000 0 1 1 0 1000 50 35000
0 1004 0 1 84099 23 0 1000 7000 0 1 1 0 1000 50 35000
0 1011 0 1 84121 22 0 1000 7000 0 1 1 0 1000 50 35000
0 1010 0 1 84145 24 0 1000 7000 0 1 1 0 1000 50 35000
0 1009 0 1 84167 22 0 1000 7000 0 1 1 0 1000 50 35000
0 1011 0 1 84190 23 0 1000 7000 0 1 1 0 1000 50 35000
0 1007 0 1 84212 22 0 1000 7000 0 1 1 0 1000 50 35000
0 1010 0 1 84235 23 0 1000 7000 0 1 1 0 1000 50 35000
0 1014 0 1 84257 22 0 1000 7000 0 1 1 0 1000 50 35000
0 1010 0 1 84280 23 0 1000 7000 0 1 1 0 1000 50 35000
0 1010 0 1 84302 22 0 1000 7000 0 1 1 0 1000 50 35000
0 1012 0 1 84325 23 0 1000 7000 0 1 1 0 1000 50 35000
0 1009 0 1 84347 22 0 1000 7000 0 1 1 0 1000 50 35000
0 1011 0 1 84370 23 0 1000 7000 0 1 1 0 1000 50 35000
0 1010 0 1 84392 22 0 1000 7000 0 1 1 0 1000 50 35000
0 1006 0 1 84415 23 0 1000 7000 0 1 1 0 1000 50 35000
0 1010 0 1 84438 23 0 1000 7000 0 1 1 0 1000 50 35000
0 1008 0 1 84460 22 0 1000 7000 0 1 1 0 1000 50 35000
0 1009 0 1 84483 23 0 1000 7000 0 1 1 0 1000 50 35000
0 1010 0 1 84505 22 0 1000 7000 0 1 1 0 1000 50 35000
0 1009 0 1 84528 23 0 1000 7000 0 1 1 0 1000 50 35000
0 1009 0 1 84550 22 0 1000 7000 0 1 1 0 1000 50 35000
0 1017 0 1 84574 24 0 1000 7000 0 1 1 0 1000 50 35000
0 1008 0 1 84596 22 0 1000 7000 0 1 1 0 1000 50 35000
0 1011 0 1 84619 23 0 1000 7000 0 1 1 0 1000 50 35000
0 1016 0 1 84641 22 0 1000 7000 0 1 1 0 1000 50 35000
0 1009 0 1 84664 23 0 1000 7000 0 1 1 0 1000 50 35000
0 1010 0 1 84686 22 0 1000 7000 0 1 1 0 1000 50 35000
0 1010 0 1 84709 23 0 1000 7000 0 1 1 0 1000 50 35000
0 1009 0 1 84731 22 0 1000 7000 0 1 1 0 1000 50 35000
0 1010 0 1 84754 23 0 1000 7000 0 1 1 0 1000 50 35000
0 1001 0 1 84776 22 0 1000 7000 0 1 1 0 1000 50 35000
0 1003 0 1 84799 23 0 1000 7000 0 1 1 0 1000 50 35000
0 1011 0 1 84822 23 0 1000 7000 0 1 1 0 1000 50 35000
0 1009 0 1 84844 22 0 1000 7000 0 1 1 0 1000 50 35000
0 1009 0 1 84867 23 0 1000 7000 0 1 1 0 1000 50 35000
0 1011 0 1 84889 22 0 1000 7000 0 1 1 0 1000 50 35000
0 1008 0 1 84912 23 0 1000 7000 0 1 1 0 1000 50 35000
0 1008 0 1 84934 22 0 1000 7000 0 1 1 0 1000 50 35000
0 1014 0 1 84957 23 0 1000 7000 0 1 1 0 1000 50 35000
0 1009 0 1 84979 22 0 1000 7000 0 1 1 0 1000 50 35000
0 1011 0 1 85003 24 0 1000 7000 0 1 1 0 1000 50 35000
0 1013 0 1 85025 22 0 1000 7000 0 1 1 0 1000 50 35000
0 1006 0 1 85048 23 0 1000 7000 0 1 1 0 1000 50 35000
0 1012 0 1 85070 22 0 1000 7000 0 1 1 0 1000 50 35000
0 1009 0 1 85093 23 0 1000 7000 0 1 1 0 1000 50 35000
0 1007 0 1 85115 22 0 1000 7000 0 1 1 0 1000 50 35000
0 1011 0 1 85138 23 0 1000 7000 0 1 1 0 1000 50 35000
0 1011 0 1 85160 22 0 1000 7000 0 1 1 0 1000 50 35000
0 1005 0 1 85183 23 0 1000 7000 0 1 1 0 1000 50 35000
0 1010 0 1 85206 23 0 1000 7000 0 1 1 0 1000 50 35000
0 1012 0 1 85228 22 0 1000 7000 0 1 1 0 1000 50 35000
0 1011 0 1 85251 23 0 1000 7000 0 1 1 0 1000 50 35000
0 1016 0 1 85273 22 0 1000 7000 0 1 1 0 1000 50 35000
0 1009 0 1 85296 23 0 1000 7000 0 1 1 0 1000 50 35000
0 1010 0 1 85318 22 0 1000 7000 0 1 1 0 1000 50 35000
0 1016 0 1 85341 23 0 1000 7000 0 1 1 0 1000 50 35000
0 1008 0 1 85363 22 0 1000 7000 0 1 1 0 1000 50 35000
0 1011 0 1 85386 23 0 1000 7000 0 1 1 0 1000 50 35000
0 1013 0 1 85409 23 0 1000 7000 0 1 1 0 1000 50 35000
0 1000 0 1 85432 23 0 1000 7000 0 1 1 0 1000 50 35000
0 1011 0 1 85454 22 0 1000 7000 0 1 1 0 1000 50 35000
0 1009 0 1 85477 23 0 1000 7000 0 1 1 0 1000 50 35000
0 1003 0 1 85499 22 0 1000 7000 0 1 1 0 1000 50 35000
0 1011 0 1 85522 23 0 1000 7000 0 1 1 0 1000 50 35000
0 1008 0 1 85544 22 0 1000 7000 0 1 1 0 1000 50 35000
0 1013 0 1 85567 23 0 1000 7000 0 1 1 0 1000 50 35000
0 1013 0 1 85590 23 0 1000 7000 0 1 1 0 1000 50 35000
0 1008 0 1 85612 22 0 1000 7000 0 1 1 0 1000 50 35000
0 1010 0 1 85635 23 0 1000 7000 0 1 1 0 1000 50 35000
0 1014 0 1 85657 22 0 1000 7000 0 1 1 0 1000 50 35000
0 1008 0 1 85680 23 0 1000 7000 0 1 1 0 1000 50 35000
0 1010 0 1 85702 22 0 1000 7000 0 1 1 0 1000 50 35000
0 1012 0 1 85725 23 0 1000 7000 0 1 1 0 1000 50 35000
0 1010 0 1 85747 22 0 1000 7000 0 1 1 0 1000 50 35000
0 1012 0 1 85770 23 0 1000 7000 0 1 1 0 1000 50 35000
0 1010 0 1 85792 22 0 1000 7000 0 1 1 0 1000 50 35000
0 1006 0 1 85816 24 0 1000 7000 0 1 1 0 1000 50 35000
0 1011 0 1 85838 22 0 1000 7000 0 1 1 0 1000 50 35000
0 1012 0 1 85861 23 0 1000 7000 0 1 1 0 1000 50 35000
0 1008 0 1 85883 22 0 1000 7000 0 1 1 0 1000 50 35000
0 1011 0 1 85906 23 0 1000 7000 0 1 1 0 1000 50 35000
0 1008 0 1 85928 22 0 1000 7000 0 1 1 0 1000 50 35000
0 1009 0 1 85951 23 0 1000 7000 0 1 1 0 1000 50 35000
0 1013 0 1 85974 23 0 1000 7000 0 1 1 0 1000 50 35000
0 1008 0 1 85996 22 0 1000 7000 0 1 1 0 1000 50 35000
0 1010 0 1 86019 23 0 1000 7000 0 1 1 0 1000 50 35000
0 1015 0 1 86041 22 0 1000 7000 0 1 1 0 1000 50 35000
0 1009 0 1 86064 23 0 1000 7000 0 1 1 0 1000 50 35000
0 1011 0 1 86086 22 0 1000 7000 0 1 1 0 1000 50 35000
0 1011 0 1 86109 23 0 1000 7000 0 1 1 0 1000 50 35000
0 1002 0 1 86131 22 0 1000 7000 0 1 1 0 1000 50 35000
0 1012 0 1 86154 23 0 1000 7000 0 1 1 0 1000 50 35000
0 1009 0 1 86176 22 0 1000 7000 0 1 1 0 1000 50 35000
0 1005 0 1 86199 23 0 1000 7000 0 1 1 0 1000 50 35000
0 1011 0 1 86222 23 0 1000 7000 0 1 1 0 1000 50 35000
0 1005 0 1 86245 23 0 1000 7000 0 1 1 0 1000 50 35000
0 1010 0 1 86267 22 0 1000 7000 0 1 1 0 1000 50 35000
0 1019 0 1 86290 23 0 1000 7000 0 1 1 0 1000 50 35000
0 1009 0 1 86312 22 0 1000 7000 0 1 1 0 1000 50 35000
0 1010 0 1 86335 23 0 1000 7000 0 1 1 0 1000 50 35000
0 1011 0 1 86358 23 0 1000 7000 0 1 1 0 1000 50 35000
0 1007 0 1 86380 22 0 1000 7000 0 1 1 0 1000 50 35000
0 1013 0 1 86403 23 0 1000 7000 0 1 1 0 1000 50 35000
0 1012 0 1 86425 22 0 1000 7000 0 1 1 0 1000 50 35000
0 1007 0 1 86448 23 0 1000 7000 0 1 1 0 1000 50 35000
0 1011 0 1 86470 22 0 1000 7000 0 1 1 0 1000 50 35000
0 1010 0 1 86493 23 0 1000 7000 0 1 1 0 1000 50 35000
0 1006 0 1 86515 22 0 1000 7000 0 1 1 0 1000 50 35000
0 1011 0 1 86538 23 0 1000 7000 0 1 1 0 1000 50 35000
0 1009 0 1 86560 22 0 1000 7000 0 1 1 0 1000 50 35000
0 1011 0 1 86583 23 0 1000 7000 0 1 1 0 1000 50 35000
0 1012 0 1 86605 22 0 1000 7000 0 1 1 0 1000 50 35000
0 1008 0 1 86629 24 0 1000 7000 0 1 1 0 1000 50 35000
0 1010 0 1 86651 22 0 1000 7000 0 1 1 0 1000 50 35000
0 1014 0 1 86674 23 0 1000 7000 0 1 1 0 1000 50 35000
0 1008 0 1 86696 22 0 1000 7000 0 1 1 0 1000 50 35000
0 1010 0 1 86719 23 0 1000 7000 0 1 1 0 1000 50 35000
0 1014 0 1 86742 23 0 1000 7000 0 1 1 0 1000 50 35000
0 1009 0 1 86764 22 0 1000 7000 0 1 1 0 1000 50 35000
0 1011 0 1 86787 23 0 1000 7000 0 1 1 0 1000 50 35000
0 1012 0 1 86809 22 0 1000 7000 0 1 1 0 1000 50 35000
0 999 0 1 86832 23 0 1000 7000 0 1 1 0 1000 50 35000
0 1011 0 1 86854 22 0 1000 7000 0 1 1 0 1000 50 35000
0 1010 0 1 86877 23 0 1000 7000 0 1 1 0 1000 50 35000
0 1004 0 1 86899 22 0 1000 7000 0 1 1 0 1000 50 35000
0 1011 0 1 86922 23 0 1000 7000 0 1 1 0 1000 50 35000
0 1009 0 1 86944 22 0 1000 7000 0 1 1 0 1000 50 35000
0 1009 0 1 86967 23 0 1000 7000 0 1 1 0 1000 50 35000
0 1019 0 1 86989 22 0 1000 7000 0 1 1 0 1000 50 35000
0 1006 0 1 87012 23 0 1000 7000 0 1 1 0 1000 50 35000
0 1011 0 1 87034 22 0 1000 7000 0 1 1 0 1000 50 35000
0 1017 0 1 87058 24 0 1000 7000 0 1 1 0 1000 50 35000
0 1008 0 1 87080 22 0 1000 7000 0 1 1 0 1000 50 35000
0 1011 0 1 87103 23 0 1000 7000 0 1 1 0 1000 50 35000
0 1010 0 1 87126 23 0 1000 7000 0 1 1 0 1000 50 35000
0 1007 0 1 87148 22 0 1000 7000 0 1 1 0 1000 50 35000
0 1010 0 1 87171 23 0 1000 7000 0 1 1 0 1000 50 35000
0 1009 0 1 87193 22 0 1000 7000 0 1 1 0 1000 50 35000
0 1005 0 1 87216 23 0 1000 7000 0 1 1 0 1000 50 35000
0 1012 0 1 87238 22 0 1000 7000 0 1 1 0 1000 50 35000
0 1013 0 1 87261 23 0 1000 7000 0 1 1 0 1000 50 35000
0 1009 0 1 87283 22 0 1000 7000 0 1 1 0 1000 50 35000
0 1011 0 1 87306 23 0 1000 7000 0 1 1 0 1000 50 35000
0 1007 0 1 87328 22 0 1000 7000 0 1 1 0 1000 50 35000
0 1011 0 1 87351 23 0 1000 7000 0 1 1 0 1000 50 35000
0 1013 0 1 87373 22 0 1000 7000 0 1 1 0 1000 50 35000
0 1008 0 1 87396 23 0 1000 7000 0 1 1 0 1000 50 35000
0 1010 0 1 87418 22 0 1000 7000 0 1 1 0 1000 50 35000
0 1013 0 1 87441 23 0 1000 7000 0 1 1 0 1000 50 35000
0 1010 0 1 87464 23 0 1000 7000 0 1 1 0 1000 50 35000
0 1007 0 1 87487 23 0 1000 7000 0 1 1 0 1000 50 35000
0 1010 0 1 87510 23 0 1000 7000 0 1 1 0 1000 50 35000
0 1007 0 1 87532 22 0 1000 7000 0 1 1 0 1000 50 35000
0 1011 0 1 87555 23 0 1000 7000 0 1 1 0 1000 50 35000
0 1010 0 1 87577 22 0 1000 7000 0 1 1 0 1000 50 35000
0 1005 0 1 87600 23 0 1000 7000 0 1 1 0 1000 50 35000
0 1009 0 1 87622 22 0 1000 7000 0 1 1 0 1000 50 35000
0 1009 0 1 87645 23 0 1000 7000 0 1 1 0 1000 50 35000
0 1007 0 1 87667 22 0 1000 7000 0 1 1 0 1000 50 35000
0 1018 0 1 87690 23 0 1000 7000 0 1 1 0 1000 50 35000
0 1009 0 1 87712 22 0 1000 7000 0 1 1 0 1000 50 35000
0 1010 0 1 87735 23 0 1000 7000 0 1 1 0 1000 50 35000
0 1016 0 1 87757 22 0 1000 7000 0 1 1 0 1000 50 35000
0 1009 0 1 87780 23 0 1000 7000 0 1 1 0 1000 50 35000
0 1014 0 1 87802 22 0 1000 7000 0 1 1 0 1000 50 35000
0 1010 0 1 87825 23 0 1000 7000 0 1 1 0 1000 50 35000
0 996 0 1 87847 22 0 1000 7000 0 1 1 0 1000 50 35000
0 1012 0 1 87870 23 0 1000 7000 0 1 1 0 1000 50 35000
0 1010 0 1 87894 24 0 1000 7000 0 1 1 0 1000 50 35000
0 1003 0 1 87916 22 0 1000 7000 0 1 1 0 1000 50 35000
0 1011 0 1 87939 23 0 1000 7000 0 1 1 0 1000 50 35000
0 1009 0 1 87961 22 0 1000 7000 0 1 1 0 1000 50 35000
0 1007 0 1 87984 23 0 1000 7000 0 1 1 0 1000 50 35000
0 1013 0 1 88006 22 0 1000 7000 0 1 1 0 1000 50 35000
0 1008 0 1 88029 23 0 1000 7000 0 1 1 0 1000 50 35000
0 1010 0 1 88051 22 0 1000 7000 0 1 1 0 1000 50 35000
0 1014 0 1 88074 23 0 1000 7000 0 1 1 0 1000 50 35000
0 1008 0 1 88096 22 0 1000 7000 0 1 1 0 1000 50 35000
0 1010 0 1 88119 23 0 1000 7000 0 1 1 0 1000 50 35000
0 1013 0 1 88141 22 0 1000 7000 0 1 1 0 1000 50 35000
0 1005 0 1 88164 23 0 1000 7000 0 1 1 0 1000 50 35000
0 1013 0 1 88186 22 0 1000 7000 0 1 1 0 1000 50 35000
0 1007 0 1 88209 23 0 1000 7000 0 1 1 0 1000 50 35000
0 1010 0 1 88231 22 0 1000 7000 0 1 1 0 1000 50 35000
0 1012 0 1 88254 23 0 1000 7000 0 1 1 0 1000 50 35000
0 1010 0 1 88276 22 0 1000 7000 0 1 1 0 1000 50 35000
0 1006 0 1 88300 24 0 1000 7000 0 1 1 0 1000 50 35000
0 1012 0 1 88323 23 0 1000 7000 0 1 1 0 1000 50 35000
0 1008 0 1 88345 22 0 1000 7000 0 1 1 0 1000 50 35000
0 1010 0 1 88368 23 0 1000 7000 0 1 1 0 1000 50 35000
0 1016 0 1 88390 22 0 1000 7000 0 1 1 0 1000 50 35000
0 1009 0 1 88413 23 0 1000 7000 0 1 1 0 1000 50 35000
0 1011 0 1 88435 22 0 1000 7000 0 1 1 0 1000 50 35000
0 1017 0 1 88458 23 0 1000 7000 0 1 1 0 1000 50 35000
0 1009 0 1 88480 22 0 1000 7000 0 1 1 0 1000 50 35000
0 1010 0 1 88503 23 0 1000 7000 0 1 1 0 1000 50 35000
0 1010 0 1 88525 22 0 1000 7000 0 1 1 0 1000 50 35000
0 997 0 1 88548 23 0 1000 7000 0 1 1 0 1000 50 35000
0 1011 0 1 88570 22 0 1000 7000 0 1 1 0 1000 50 35000
0 1010 0 1 88593 23 0 1000 7000 0 1 1 0 1000 50 35000
0 1004 0 1 88615 22 0 1000 7000 0 1 1 0 1000 50 35000
0 1011 0 1 88638 23 0 1000 7000 0 1 1 0 1000 50 35000
0 1010 0 1 88660 22 0 1000 7000 0 1 1 0 1000 50 35000
0 1009 0 1 88683 23 0 1000 7000 0 1 1 0 1000 50 35000
0 1013 0 1 88706 23 0 1000 7000 0 1 1 0 1000 50 35000
0 1012 0 1 88729 23 0 1000 7000 0 1 1 0 1000 50 35000
0 1010 0 1 88752 23 0 1000 7000 0 1 1 0 1000 50 35000
0 1014 0 1 88774 22 0 1000 7000 0 1 1 0 1000 50 35000
0 1009 0 1 88797 23 0 1000 7000 0 1 1 0 1000 50 35000
0 1011 0 1 88819 22 0 1000 7000 0 1 1 0 1000 50 35000
0 1013 0 1 88842 23 0 1000 7000 0 1 1 0 1000 50 35000
0 1009 0 1 88864 22 0 1000 7000 0 1 1 0 1000 50 35000
0 1012 0 1 88887 23 0 1000 7000 0 1 1 0 1000 50 35000
0 1010 0 1 88909 22 0 1000 7000 0 1 1 0 1000 50 35000
0 1007 0 1 88932 23 0 1000 7000 0 1 1 0 1000 50 35000
0 1012 0 1 88954 22 0 1000 7000 0 1 1 0 1000 50 35000
0 1010 0 1 88977 23 0 1000 7000 0 1 1 0 1000 50 35000
0 1008 0 1 88999 22 0 1000 7000 0 1 1 0 1000 50 35000
0 1011 0 1 89022 23 0 1000 7000 0 1 1 0 1000 50 35000
0 1008 0 1 89044 22 0 1000 7000 0 1 1 0 1000 50 35000
0 1009 0 1 89067 23 0 1000 7000 0 1 1 0 1000 50 35000
0 1014 0 1 89090 23 0 1000 7000 0 1 1 0 1000 50 35000
0 1009 0 1 89112 22 0 1000 7000 0 1 1 0 1000 50 35000
0 1017 0 1 89136 24 0 1000 7000 0 1 1 0 1000 50 35000
0 1016 0 1 89158 22 0 1000 7000 0 1 1 0 1000 50 35000
0 1009 0 1 89181 23 0 1000 7000 0 1 1 0 1000 50 35000
0 1015 0 1 89203 22 0 1000 7000 0 1 1 0 1000 50 35000
0 1011 0 1 89226 23 0 1000 7000 0 1 1 0 1000 50 35000
0 995 0 1 89248 22 0 1000 7000 0 1 1 0 1000 50 35000
0 1011 0 1 89271 23 0 1000 7000 0 1 1 0 1000 50 35000
0 1000 0 1 89293 22 0 1000 7000 0 1 1 0 1000 50 35000
0 1003 0 1 89316 23 0 1000 7000 0 1 1 0 1000 50 35000
0 1013 0 1 89338 22 0 1000 7000 0 1 1 0 1000 50 35000
0 1009 0 1 89361 23 0 1000 7000 0 1 1 0 1000 50 35000
0 1009 0 1 89383 22 0 1000 7000 0 1 1 0 1000 50 35000
0 1014 0 1 89406 23 0 1000 7000 0 1 1 0 1000 50 35000
0 1009 0 1 89428 22 0 1000 7000 0 1 1 0 1000 50 35000
0 1010 0 1 89451 23 0 1000 7000 0 1 1 0 1000 50 35000
0 1015 0 1 89474 23 0 1000 7000 0 1 1 0 1000 50 35000
0 1009 0 1 89496 22 0 1000 7000 0 1 1 0 1000 50 35000
0 1010 0 1 89519 23 0 1000 7000 0 1 1 0 1000 50 35000
0 1019 0 1 89541 22 0 1000 7000 0 1 1 0 1000 50 35000
0 1009 0 1 89565 24 0 1000 7000 0 1 1 0 1000 50 35000
0 1012 0 1 89587 22 0 1000 7000 0 1 1 0 1000 50 35000
0 1010 0 1 89610 23 0 1000 7000 0 1 1 0 1000 50 35000
0 1006 0 1 89632 22 0 1000 7000 0 1 1 0 1000 50 35000
0 1012 0 1 89655 23 0 1000 7000 0 1 1 0 1000 50 35000
0 1009 0 1 89677 22 0 1000 7000 0 1 1 0 1000 50 35000
0 1006 0 1 89700 23 0 1000 7000 0 1 1 0 1000 50 35000
0 1011 0 1 89722 22 0 1000 7000 0 1 1 0 1000 50 35000
0 1008 0 1 89745 23 0 1000 7000 0 1 1 0 1000 50 35000
0 1017 0 1 89767 22 0 1000 7000 0 1 1 0 1000 50 35000
0 1014 0 1 89790 23 0 1000 7000 0 1 1 0 1000 50 35000
0 1009 0 1 89812 22 0 1000 7000 0 1 1 0 1000 50 35000
0 1011 0 1 89835 23 0 1000 7000 0 1 1 0 1000 50 35000
0 1016 0 1 89858 23 0 1000 7000 0 1 1 0 1000 50 35000
0 1009 0 1 89880 22 0 1000 7000 0 1 1 0 1000 50 35000
0 1011 0 1 89903 23 0 1000 7000 0 1 1 0 1000 50 35000
0 1010 0 1 89925 22 0 1000 7000 0 1 1 0 1000 50 35000
0 1004 0 1 89948 23 0 1000 7000 0 1 1 0 1000 50 35000
0 1012 0 1 89970 22 0 1000 7000 0 1 1 0 1000 50 35000
0 1010 0 1 89994 24 0 1000 7000 0 1 1 0 1000 50 35000
0 1004 0 1 90016 22 0 1000 7000 0 1 1 0 1000 50 35000
0 1011 0 1 90039 23 0 1000 7000 0 1 1 0 1000 50 35000
0 1010 0 1 90061 22 0 1000 7000 0 1 1 0 1000 50 35000
0 1015 0 1 90084 23 0 1000 7000 0 1 1 0 1000 50 35000
0 1020 0 1 90106 22 0 1000 7000 0 1 1 0 1000 50 35000
0 1009 0 1 90129 23 0 1000 7000 0 1 1 0 1000 50 35000
0 1011 0 1 90151 22 0 1000 7000 0 1 1 0 1000 50 35000
0 1017 0 1 90174 23 0 1000 7000 0 1 1 0 1000 50 35000
0 1013 0 1 90196 22 0 1000 7000 0 1 1 0 1000 50 35000
0 1011 0 1 90219 23 0 1000 7000 0 1 1 0 1000 50 35000
0 1013 0 1 90242 23 0 1000 7000 0 1 1 0 1000 50 35000
0 1008 0 1 90264 22 0 1000 7000 0 1 1 0 1000 50 35000
0 1010 0 1 90287 23 0 1000 7000 0 1 1 0 1000 50 35000
0 1013 0 1 90309 22 0 1000 7000 0 1 1 0 1000 50 35000
0 1006 0 1 90332 23 0 1000 7000 0 1 1 0 1000 50 35000
0 1012 0 1 90354 22 0 1000 7000 0 1 1 0 1000 50 35000
0 1010 0 1 90377 23 0 1000 7000 0 1 1 0 1000 50 35000
0 1006 0 1 90400 23 0 1000 7000 0 1 1 0 1000 50 35000
0 1012 0 1 90423 23 0 1000 7000 0 1 1 0 1000 50 35000
0 1007 0 1 90445 22 0 1000 7000 0 1 1 0 1000 50 35000
0 1011 0 1 90468 23 0 1000 7000 0 1 1 0 1000 50 35000
0 1014 0 1 90490 22 0 1000 7000 0 1 1 0 1000 50 35000
0 1009 0 1 90513 23 0 1000 7000 0 1 1 0 1000 50 35000
0 1011 0 1 90535 22 0 1000 7000 0 1 1 0 1000 50 35000
0 1014 0 1 90558 23 0 1000 7000 0 1 1 0 1000 50 35000
0 1010 0 1 90580 22 0 1000 7000 0 1 1 0 1000 50 35000
0 1011 0 1 90603 23 0 1000 7000 0 1 1 0 1000 50 35000
0 1012 0 1 90626 23 0 1000 7000 0 1 1 0 1000 50 35000
0 1004 0 1 90648 22 0 1000 7000 0 1 1 0 1000 50 35000
0 1011 0 1 90671 23 0 1000 7000 0 1 1 0 1000 50 35000
0 1010 0 1 90693 22 0 1000 7000 0 1 1 0 1000 50 35000
0 1004 0 1 90716 23 0 1000 7000 0 1 1 0 1000 50 35000
0 1011 0 1 90738 22 0 1000 7000 0 1 1 0 1000 50 35000
0 1009 0 1 90761 23 0 1000 7000 0 1 1 0 1000 50 35000
0 1010 0 1 90783 22 0 1000 7000 0 1 1 0 1000 50 35000
0 1021 0 1 90807 24 0 1000 7000 0 1 1 0 1000 50 35000
0 1009 0 1 90829 22 0 1000 7000 0 1 1 0 1000 50 35000
0 1007 0 1 90852 23 0 1000 7000 0 1 1 0 1000 50 35000
0 1017 0 1 90874 22 0 1000 7000 0 1 1 0 1000 50 35000
0 1009 0 1 90897 23 0 1000 7000 0 1 1 0 1000 50 35000
0 1011 0 1 90919 22 0 1000 7000 0 1 1 0 1000 50 35000
0 1010 0 1 90942 23 0 1000 7000 0 1 1 0 1000 50 35000
0 1007 0 1 90964 22 0 1000 7000 0 1 1 0 1000 50 35000
0 1012 0 1 90987 23 0 1000 7000 0 1 1 0 1000 50 35000
0 1010 0 1 91010 23 0 1000 7000 0 1 1 0 1000 50 35000
0 1005 0 1 91032 22 0 1000 7000 0 1 1 0 1000 50 35000
0 1012 0 1 91055 23 0 1000 7000 0 1 1 0 1000 50 35000
0 1010 0 1 91077 22 0 1000 7000 0 1 1 0 1000 50 35000
0 1010 0 1 91100 23 0 1000 7000 0 1 1 0 1000 50 35000
0 1011 0 1 91122 22 0 1000 7000 0 1 1 0 1000 50 35000
0 1008 0 1 91145 23 0 1000 7000 0 1 1 0 1000 50 35000
0 1020 0 1 91167 22 0 1000 7000 0 1 1 0 1000 50 35000
0 1014 0 1 91190 23 0 1000 7000 0 1 1 0 1000 50 35000
0 1009 0 1 91213 23 0 1000 7000 0 1 1 0 1000 50 35000
0 1011 0 1 91236 23 0 1000 7000 0 1 1 0 1000 50 35000
0 1014 0 1 91258 22 0 1000 7000 0 1 1 0 1000 50 35000
0 1009 0 1 91281 23 0 1000 7000 0 1 1 0 1000 50 35000
0 1012 0 1 91303 22 0 1000 7000 0 1 1 0 1000 50 35000
0 1011 0 1 91326 23 0 1000 7000 0 1 1 0 1000 50 35000
0 1009 0 1 91348 22 0 1000 7000 0 1 1 0 1000 50 35000
0 1012 0 1 91371 23 0 1000 7000 0 1 1 0 1000 50 35000
0 1010 0 1 91394 23 0 1000 7000 0 1 1 0 1000 50 35000
0 1005 0 1 91416 22 0 1000 7000 0 1 1 0 1000 50 35000
0 1011 0 1 91439 23 0 1000 7000 0 1 1 0 1000 50 35000
0 1011 0 1 91461 22 0 1000 7000 0 1 1 0 1000 50 35000
0 1004 0 1 91484 23 0 1000 7000 0 1 1 0 1000 50 35000
0 1020 0 1 91506 22 0 1000 7000 0 1 1 0 1000 50 35000
0 1009 0 1 91529 23 0 1000 7000 0 1 1 0 1000 50 35000
0 997 0 1 91551 22 0 1000 7000 0 1 1 0 1000 50 35000
0 1017 0 1 91574 23 0 1000 7000 0 1 1 0 1000 50 35000
0 1008 0 1 91596 22 0 1000 7000 0 1 1 0 1000 50 35000
0 1011 0 1 91619 23 0 1000 7000 0 1 1 0 1000 50 35000
0 1012 0 1 91642 23 0 1000 7000 0 1 1 0 1000 50 35000
0 1002 0 1 91665 23 0 1000 7000 0 1 1 0 1000 50 35000
0 1014 0 1 91687 22 0 1000 7000 0 1 1 0 1000 50 35000
0 1010 0 1 91710 23 0 1000 7000 0 1 1 0 1000 50 35000
0 1004 0 1 91732 22 0 1000 7000 0 1 1 0 1000 50 35000
0 1012 0 1 91755 23 0 1000 7000 0 1 1 0 1000 50 35000
0 1010 0 1 91778 23 0 1000 7000 0 1 1 0 1000 50 35000
0 1009 0 1 91800 22 0 1000 7000 0 1 1 0 1000 50 35000
0 1012 0 1 91823 23 0 1000 7000 0 1 1 0 1000 50 35000
0 1008 0 1 91845 22 0 1000 7000 0 1 1 0 1000 50 35000
0 1019 0 1 91868 23 0 1000 7000 0 1 1 0 1000 50 35000
0 1013 0 1 91890 22 0 1000 7000 0 1 1 0 1000 50 35000
0 1009 0 1 91913 23 0 1000 7000 0 1 1 0 1000 50 35000
0 1009 0 1 91935 22 0 1000 7000 0 1 1 0 1000 50 35000
0 1015 0 1 91958 23 0 1000 7000 0 1 1 0 1000 50 35000
0 1009 0 1 91980 22 0 1000 7000 0 1 1 0 1000 50 35000
0 1012 0 1 92003 23 0 1000 7000 0 1 1 0 1000 50 35000
0 1011 0 1 92025 22 0 1000 7000 0 1 1 0 1000 50 35000
0 1009 0 1 92049 24 0 1000 7000 0 1 1 0 1000 50 35000
0 1012 0 1 92071 22 0 1000 7000 0 1 1 0 1000 50 35000
0 1010 0 1 92094 23 0 1000 7000 0 1 1 0 1000 50 35000
0 1006 0 1 92116 22 0 1000 7000 0 1 1 0 1000 50 35000
0 1011 0 1 92139 23 0 1000 7000 0 1 1 0 1000 50 35000
0 1009 0 1 92162 23 0 1000 7000 0 1 1 0 1000 50 35000
0 1008 0 1 92184 22 0 1000 7000 0 1 1 0 1000 50 35000
0 1023 0 1 92207 23 0 1000 7000 0 1 1 0 1000 50 35000
0 1009 0 1 92229 22 0 1000 7000 0 1 1 0 1000 50 35000
0 1011 0 1 92252 23 0 1000 7000 0 1 1 0 1000 50 35000
0 1017 0 1 92274 22 0 1000 7000 0 1 1 0 1000 50 35000
0 1008 0 1 92297 23 0 1000 7000 0 1 1 0 1000 50 35000
0 1011 0 1 92319 22 0 1000 7000 0 1 1 0 1000 50 35000
0 1011 0 1 92342 23 0 1000 7000 0 1 1 0 1000 50 35000
0 1000 0 1 92364 22 0 1000 7000 0 1 1 0 1000 50 35000
0 1010 0 1 92387 23 0 1000 7000 0 1 1 0 1000 50 35000
0 1010 0 1 92409 22 0 1000 7000 0 1 1 0 1000 50 35000
0 1004 0 1 92432 23 0 1000 7000 0 1 1 0 1000 50 35000
0 1012 0 1 92455 23 0 1000 7000 0 1 1 0 1000 50 35000
0 1008 0 1 92478 23 0 1000 7000 0 1 1 0 1000 50 35000
0 1010 0 1 92500 22 0 1000 7000 0 1 1 0 1000 50 35000
0 1013 0 1 92523 23 0 1000 7000 0 1 1 0 1000 50 35000
0 1009 0 1 92546 23 0 1000 7000 0 1 1 0 1000 50 35000
0 1010 0 1 92568 22 0 1000 7000 0 1 1 0 1000 50 35000
0 1016 0 1 92591 23 0 1000 7000 0 1 1 0 1000 50 35000
0 1009 0 1 92613 22 0 1000 7000 0 1 1 0 1000 50 35000
0 1011 0 1 92636 23 0 1000 7000 0 1 1 0 1000 50 35000
0 1012 0 1 92658 22 0 1000 7000 0 1 1 0 1000 50 35000
0 1009 0 1 92681 23 0 1000 7000 0 1 1 0 1000 50 35000
0 1012 0 1 92703 22 0 1000 7000 0 1 1 0 1000 50 35000
0 1010 0 1 92726 23 0 1000 7000 0 1 1 0 1000 50 35000
0 1007 0 1 92748 22 0 1000 7000 0 1 1 0 1000 50 35000
0 1012 0 1 92771 23 0 1000 7000 0 1 1 0 1000 50 35000
0 1010 0 1 92793 22 0 1000 7000 0 1 1 0 1000 50 35000
0 1006 0 1 92816 23 0 1000 7000 0 1 1 0 1000 50 35000
0 1012 0 1 92838 22 0 1000 7000 0 1 1 0 1000 50 35000
0 1006 0 1 92861 23 0 1000 7000 0 1 1 0 1000 50 35000
0 1010 0 1 92884 23 0 1000 7000 0 1 1 0 1000 50 35000
0 1015 0 1 92907 23 0 1000 7000 0 1 1 0 1000 50 35000
0 1010 0 1 92930 23 0 1000 7000 0 1 1 0 1000 50 35000
0 1011 0 1 92952 22 0 1000 7000 0 1 1 0 1000 50 35000
0 1023 0 1 92975 23 0 1000 7000 0 1 1 0 1000 50 35000
0 1010 0 1 92997 22 0 1000 7000 0 1 1 0 1000 50 35000
0 1012 0 1 93020 23 0 1000 7000 0 1 1 0 1000 50 35000
0 1009 0 1 93042 22 0 1000 7000 0 1 1 0 1000 50 35000
0 1000 0 1 93065 23 0 1000 7000 0 1 1 0 1000 50 35000
0 1012 0 1 93087 22 0 1000 7000 0 1 1 0 1000 50 35000
0 1009 0 1 93110 23 0 1000 7000 0 1 1 0 1000 50 35000
0 1004 0 1 93132 22 0 1000 7000 0 1 1 0 1000 50 35000
0 1009 0 1 93155 23 0 1000 7000 0 1 1 0 1000 50 35000
0 1011 0 1 93177 22 0 1000 7000 0 1 1 0 1000 50 35000
0 1010 0 1 93200 23 0 1000 7000 0 1 1 0 1000 50 35000
0 1020 0 1 93222 22 0 1000 7000 0 1 1 0 1000 50 35000
0 1010 0 1 93245 23 0 1000 7000 0 1 1 0 1000 50 35000
0 1012 0 1 93268 23 0 1000 7000 0 1 1 0 1000 50 35000
0 1016 0 1 93291 23 0 1000 7000 0 1 1 0 1000 50 35000
0 1009 0 1 93314 23 0 1000 7000 0 1 1 0 1000 50 35000
0 1014 0 1 93336 22 0 1000 7000 0 1 1 0 1000 50 35000
0 1014 0 1 93359 23 0 1000 7000 0 1 1 0 1000 50 35000
0 1009 0 1 93381 22 0 1000 7000 0 1 1 0 1000 50 35000
0 1012 0 1 93404 23 0 1000 7000 0 1 1 0 1000 50 35000
0 1011 0 1 93426 22 0 1000 7000 0 1 1 0 1000 50 35000
0 1004 0 1 93449 23 0 1000 7000 0 1 1 0 1000 50 35000
0 1013 0 1 93471 22 0 1000 7000 0 1 1 0 1000 50 35000
0 1010 0 1 93494 23 0 1000 7000 0 1 1 0 1000 50 35000
0 1007 0 1 93516 22 0 1000 7000 0 1 1 0 1000 50 35000
0 1012 0 1 93539 23 0 1000 7000 0 1 1 0 1000 50 35000
0 1009 0 1 93561 22 0 1000 7000 0 1 1 0 1000 50 35000
0 1011 0 1 93584 23 0 1000 7000 0 1 1 0 1000 50 35000
0 1014 0 1 93606 22 0 1000 7000 0 1 1 0 1000 50 35000
0 1009 0 1 93629 23 0 1000 7000 0 1 1 0 1000 50 35000
0 1012 0 1 93651 22 0 1000 7000 0 1 1 0 1000 50 35000
0 1015 0 1 93674 23 0 1000 7000 0 1 1 0 1000 50 35000
0 1010 0 1 93698 24 0 1000 7000 0 1 1 0 1000 50 35000
0 1012 0 1 93720 22 0 1000 7000 0 1 1 0 1000 50 35000
0 1012 0 1 93743 23 0 1000 7000 0 1 1 0 1000 50 35000
0 1006 0 1 93765 22 0 1000 7000 0 1 1 0 1000 50 35000
0 1013 0 1 93788 23 0 1000 7000 0 1 1 0 1000 50 35000
0 1016 0 1 93810 22 0 1000 7000 0 1 1 0 1000 50 35000
0 1005 0 1 93833 23 0 1000 7000 0 1 1 0 1000 50 35000
0 1012 0 1 93855 22 0 1000 7000 0 1 1 0 1000 50 35000
0 1010 0 1 93878 23 0 1000 7000 0 1 1 0 1000 50 35000
0 1008 0 1 93900 22 0 1000 7000 0 1 1 0 1000 50 35000
0 1019 0 1 93923 23 0 1000 7000 0 1 1 0 1000 50 35000
0 1008 0 1 93945 22 0 1000 7000 0 1 1 0 1000 50 35000
0 1012 0 1 93968 23 0 1000 7000 0 1 1 0 1000 50 35000
0 1023 0 1 93990 22 0 1000 7000 0 1 1 0 1000 50 35000
0 1008 0 1 94013 23 0 1000 7000 0 1 1 0 1000 50 35000
0 1008 0 1 94035 22 0 1000 7000 0 1 1 0 1000 50 35000
0 1013 0 1 94058 23 0 1000 7000 0 1 1 0 1000 50 35000
0 1007 0 1 94081 23 0 1000 7000 0 1 1 0 1000 50 35000
0 1012 0 1 94104 23 0 1000 7000 0 1 1 0 1000 50 35000
0 1011 0 1 94127 23 0 1000 7000 0 1 1 0 1000 50 35000
0 1006 0 1 94149 22 0 1000 7000 0 1 1 0 1000 50 35000
0 1014 0 1 94172 23 0 1000 7000 0 1 1 0 1000 50 35000
0 1010 0 1 94194 22 0 1000 7000 0 1 1 0 1000 50 35000
0 1011 0 1 94217 23 0 1000 7000 0 1 1 0 1000 50 35000
0 1017 0 1 94239 22 0 1000 7000 0 1 1 0 1000 50 35000
0 1011 0 1 94262 23 0 1000 7000 0 1 1 0 1000 50 35000
0 1011 0 1 94284 22 0 1000 7000 0 1 1 0 1000 50 35000
0 1014 0 1 94307 23 0 1000 7000 0 1 1 0 1000 50 35000
0 1008 0 1 94329 22 0 1000 7000 0 1 1 0 1000 50 35000
0 1011 0 1 94352 23 0 1000 7000 0 1 1 0 1000 50 35000
0 1016 0 1 94374 22 0 1000 7000 0 1 1 0 1000 50 35000
0 1011 0 1 94397 23 0 1000 7000 0 1 1 0 1000 50 35000
0 1013 0 1 94419 22 0 1000 7000 0 1 1 0 1000 50 35000
0 1004 0 1 94442 23 0 1000 7000 0 1 1 0 1000 50 35000
0 1007 0 1 94465 23 0 1000 7000 0 1 1 0 1000 50 35000
0 1013 0 1 94487 22 0 1000 7000 0 1 1 0 1000 50 35000
0 1010 0 1 94511 24 0 1000 7000 0 1 1 0 1000 50 35000
0 1008 0 1 94533 22 0 1000 7000 0 1 1 0 1000 50 35000
0 1012 0 1 94556 23 0 1000 7000 0 1 1 0 1000 50 35000
0 1009 0 1 94578 22 0 1000 7000 0 1 1 0 1000 50 35000
0 1010 0 1 94601 23 0 1000 7000 0 1 1 0 1000 50 35000
0 1015 0 1 94623 22 0 1000 7000 0 1 1 0 1000 50 35000
0 1010 0 1 94646 23 0 1000 7000 0 1 1 0 1000 50 35000
0 1011 0 1 94668 22 0 1000 7000 0 1 1 0 1000 50 35000
0 1017 0 1 94691 23 0 1000 7000 0 1 1 0 1000 50 35000
0 1009 0 1 94713 22 0 1000 7000 0 1 1 0 1000 50 35000
0 1011 0 1 94736 23 0 1000 7000 0 1 1 0 1000 50 35000
0 1011 0 1 94758 22 0 1000 7000 0 1 1 0 1000 50 35000
0 1001 0 1 94781 23 0 1000 7000 0 1 1 0 1000 50 35000
0 1008 0 1 94803 22 0 1000 7000 0 1 1 0 1000 50 35000
0 1010 0 1 94826 23 0 1000 7000 0 1 1 0 1000 50 35000
0 1004 0 1 94849 23 0 1000 7000 0 1 1 0 1000 50 35000
0 1010 0 1 94871 22 0 1000 7000 0 1 1 0 1000 50 35000
0 1011 0 1 94894 23 0 1000 7000 0 1 1 0 1000 50 35000
0 1010 0 1 94917 23 0 1000 7000 0 1 1 0 1000 50 35000
0 1014 0 1 94940 23 0 1000 7000 0 1 1 0 1000 50 35000
0 1009 0 1 94962 22 0 1000 7000 0 1 1 0 1000 50 35000
0 1011 0 1 94985 23 0 1000 7000 0 1 1 0 1000 50 35000
0 1016 0 1 95007 22 0 1000 7000 0 1 1 0 1000 50 35000
0 1009 0 1 95030 23 0 1000 7000 0 1 1 0 1000 50 35000
0 1011 0 1 95052 22 0 1000 7000 0 1 1 0 1000 50 35000
0 1012 0 1 95075 23 0 1000 7000 0 1 1 0 1000 50 35000
0 1009 0 1 95097 22 0 1000 7000 0 1 1 0 1000 50 35000
0 1013 0 1 95120 23 0 1000 7000 0 1 1 0 1000 50 35000
0 1011 0 1 95142 22 0 1000 7000 0 1 1 0 1000 50 35000
0 1008 0 1 95165 23 0 1000 7000 0 1 1 0 1000 50 35000
0 1011 0 1 95187 22 0 1000 7000 0 1 1 0 1000 50 35000
0 1010 0 1 95210 23 0 1000 7000 0 1 1 0 1000 50 35000
0 1007 0 1 95233 23 0 1000 7000 0 1 1 0 1000 50 35000
0 1011 0 1 95255 22 0 1000 7000 0 1 1 0 1000 50 35000
0 1009 0 1 95278 23 0 1000 7000 0 1 1 0 1000 50 35000
0 1012 0 1 95300 22 0 1000 7000 0 1 1 0 1000 50 35000
0 1015 0 1 95324 24 0 1000 7000 0 1 1 0 1000 50 35000
0 1010 0 1 95346 22 0 1000 7000 0 1 1 0 1000 50 35000
0 1011 0 1 95369 23 0 1000 7000 0 1 1 0 1000 50 35000
0 1014 0 1 95391 22 0 1000 7000 0 1 1 0 1000 50 35000
0 1010 0 1 95414 23 0 1000 7000 0 1 1 0 1000 50 35000
0 1012 0 1 95436 22 0 1000 7000 0 1 1 0 1000 50 35000
0 1010 0 1 95459 23 0 1000 7000 0 1 1 0 1000 50 35000
0 1004 0 1 95481 22 0 1000 7000 0 1 1 0 1000 50 35000
0 1012 0 1 95504 23 0 1000 7000 0 1 1 0 1000 50 35000
0 1010 0 1 95526 22 0 1000 7000 0 1 1 0 1000 50 35000
0 1003 0 1 95549 23 0 1000 7000 0 1 1 0 1000 50 35000
0 1015 0 1 95571 22 0 1000 7000 0 1 1 0 1000 50 35000
0 1010 0 1 95594 23 0 1000 7000 0 1 1 0 1000 50 35000
0 1009 0 1 95617 23 0 1000 7000 0 1 1 0 1000 50 35000
0 1021 0 1 95639 22 0 1000 7000 0 1 1 0 1000 50 35000
0 1010 0 1 95662 23 0 1000 7000 0 1 1 0 1000 50 35000
0 1011 0 1 95684 22 0 1000 7000 0 1 1 0 1000 50 35000
0 1018 0 1 95707 23 0 1000 7000 0 1 1 0 1000 50 35000
0 1011 0 1 95729 22 0 1000 7000 0 1 1 0 1000 50 35000
0 1012 0 1 95753 24 0 1000 7000 0 1 1 0 1000 50 35000
0 1021 0 1 95775 22 0 1000 7000 0 1 1 0 1000 50 35000
0 1009 0 1 95798 23 0 1000 7000 0 1 1 0 1000 50 35000
0 1012 0 1 95820 22 0 1000 7000 0 1 1 0 1000 50 35000
0 1011 0 1 95843 23 0 1000 7000 0 1 1 0 1000 50 35000
0 1007 0 1 95865 22 0 1000 7000 0 1 1 0 1000 50 35000
0 1012 0 1 95888 23 0 1000 7000 0 1 1 0 1000 50 35000
0 1011 0 1 95910 22 0 1000 7000 0 1 1 0 1000 50 35000
0 1008 0 1 95933 23 0 1000 7000 0 1 1 0 1000 50 35000
0 1012 0 1 95955 22 0 1000 7000 0 1 1 0 1000 50 35000
0 1009 0 1 95978 23 0 1000 7000 0 1 1 0 1000 50 35000
0 1011 0 1 96001 23 0 1000 7000 0 1 1 0 1000 50 35000
0 1015 0 1 96023 22 0 1000 7000 0 1 1 0 1000 50 35000
0 1009 0 1 96046 23 0 1000 7000 0 1 1 0 1000 50 35000
0 1010 0 1 96068 22 0 1000 7000 0 1 1 0 1000 50 35000
0 1015 0 1 96091 23 0 1000 7000 0 1 1 0 1000 50 35000
0 1010 0 1 96113 22 0 1000 7000 0 1 1 0 1000 50 35000
0 1014 0 1 96136 23 0 1000 7000 0 1 1 0 1000 50 35000
0 1011 0 1 96158 22 0 1000 7000 0 1 1 0 1000 50 35000
0 1005 0 1 96182 24 0 1000 7000 0 1 1 0 1000 50 35000
0 1012 0 1 96204 22 0 1000 7000 0 1 1 0 1000 50 35000
0 1011 0 1 96227 23 0 1000 7000 0 1 1 0 1000 50 35000
0 1005 0 1 96249 22 0 1000 7000 0 1 1 0 1000 50 35000
0 1012 0 1 96272 23 0 1000 7000 0 1 1 0 1000 50 35000
0 1010 0 1 96294 22 0 1000 7000 0 1 1 0 1000 50 35000
0 1009 0 1 96317 23 0 1000 7000 0 1 1 0 1000 50 35000
0 1020 0 1 96339 22 0 1000 7000 0 1 1 0 1000 50 35000
0 1010 0 1 96362 23 0 1000 7000 0 1 1 0 1000 50 35000
0 1011 0 1 96385 23 0 1000 7000 0 1 1 0 1000 50 35000
0 1019 0 1 96407 22 0 1000 7000 0 1 1 0 1000 50 35000
0 1010 0 1 96430 23 0 1000 7000 0 1 1 0 1000 50 35000
0 1010 0 1 96452 22 0 1000 7000 0 1 1 0 1000 50 35000
0 1011 0 1 96475 23 0 1000 7000 0 1 1 0 1000 50 35000
0 1007 0 1 96497 22 0 1000 7000 0 1 1 0 1000 50 35000
0 1012 0 1 96520 23 0 1000 7000 0 1 1 0 1000 50 35000
0 1011 0 1 96542 22 0 1000 7000 0 1 1 0 1000 50 35000
0 1005 0 1 96565 23 0 1000 7000 0 1 1 0 1000 50 35000
0 1012 0 1 96588 23 0 1000 7000 0 1 1 0 1000 50 35000
0 1010 0 1 96611 23 0 1000 7000 0 1 1 0 1000 50 35000
0 1010 0 1 96633 22 0 1000 7000 0 1 1 0 1000 50 35000
0 1012 0 1 96656 23 0 1000 7000 0 1 1 0 1000 50 35000
0 1009 0 1 96678 22 0 1000 7000 0 1 1 0 1000 50 35000
0 1011 0 1 96701 23 0 1000 7000 0 1 1 0 1000 50 35000
0 1015 0 1 96723 22 0 1000 7000 0 1 1 0 1000 50 35000
0 1009 0 1 96746 23 0 1000 7000 0 1 1 0 1000 50 35000
0 1012 0 1 96769 23 0 1000 7000 0 1 1 0 1000 50 35000
0 1015 0 1 96791 22 0 1000 7000 0 1 1 0 1000 50 35000
0 1010 0 1 96814 23 0 1000 7000 0 1 1 0 1000 50 35000
0 1013 0 1 96836 22 0 1000 7000 0 1 1 0 1000 50 35000
0 1005 0 1 96859 23 0 1000 7000 0 1 1 0 1000 50 35000
0 1008 0 1 96881 22 0 1000 7000 0 1 1 0 1000 50 35000
0 1012 0 1 96904 23 0 1000 7000 0 1 1 0 1000 50 35000
0 1010 0 1 96926 22 0 1000 7000 0 1 1 0 1000 50 35000
0 1010 0 1 96949 23 0 1000 7000 0 1 1 0 1000 50 35000
0 1015 0 1 96971 22 0 1000 7000 0 1 1 0 1000 50 35000
0 1010 0 1 96995 24 0 1000 7000 0 1 1 0 1000 50 35000
0 1009 0 1 97017 22 0 1000 7000 0 1 1 0 1000 50 35000
0 1016 0 1 97040 23 0 1000 7000 0 1 1 0 1000 50 35000
0 1009 0 1 97062 22 0 1000 7000 0 1 1 0 1000 50 35000
0 1010 0 1 97085 23 0 1000 7000 0 1 1 0 1000 50 35000
0 1018 0 1 97107 22 0 1000 7000 0 1 1 0 1000 50 35000
0 1009 0 1 97130 23 0 1000 7000 0 1 1 0 1000 50 35000
0 1012 0 1 97153 23 0 1000 7000 0 1 1 0 1000 50 35000
0 1011 0 1 97175 22 0 1000 7000 0 1 1 0 1000 50 35000
0 1002 0 1 97198 23 0 1000 7000 0 1 1 0 1000 50 35000
0 1012 0 1 97220 22 0 1000 7000 0 1 1 0 1000 50 35000
0 1011 0 1 97243 23 0 1000 7000 0 1 1 0 1000 50 35000
0 1004 0 1 97265 22 0 1000 7000 0 1 1 0 1000 50 35000
0 1012 0 1 97288 23 0 1000 7000 0 1 1 0 1000 50 35000
0 1010 0 1 97310 22 0 1000 7000 0 1 1 0 1000 50 35000
0 1014 0 1 97333 23 0 1000 7000 0 1 1 0 1000 50 35000
0 1013 0 1 97355 22 0 1000 7000 0 1 1 0 1000 50 35000
0 1009 0 1 97378 23 0 1000 7000 0 1 1 0 1000 50 35000
0 1011 0 1 97401 23 0 1000 7000 0 1 1 0 1000 50 35000
0 1016 0 1 97424 23 0 1000 7000 0 1 1 0 1000 50 35000
0 1010 0 1 97446 22 0 1000 7000 0 1 1 0 1000 50 35000
0 1011 0 1 97469 23 0 1000 7000 0 1 1 0 1000 50 35000
0 1011 0 1 97491 22 0 1000 7000 0 1 1 0 1000 50 35000
0 1008 0 1 97514 23 0 1000 7000 0 1 1 0 1000 50 35000
0 1013 0 1 97537 23 0 1000 7000 0 1 1 0 1000 50 35000
0 1011 0 1 97559 22 0 1000 7000 0 1 1 0 1000 50 35000
0 1008 0 1 97582 23 0 1000 7000 0 1 1 0 1000 50 35000
0 1013 0 1 97604 22 0 1000 7000 0 1 1 0 1000 50 35000
0 1010 0 1 97627 23 0 1000 7000 0 1 1 0 1000 50 35000
0 1008 0 1 97649 22 0 1000 7000 0 1 1 0 1000 50 35000
0 1012 0 1 97672 23 0 1000 7000 0 1 1 0 1000 50 35000
0 1009 0 1 97694 22 0 1000 7000 0 1 1 0 1000 50 35000
0 1011 0 1 97717 23 0 1000 7000 0 1 1 0 1000 50 35000
0 1016 0 1 97739 22 0 1000 7000 0 1 1 0 1000 50 35000
0 1010 0 1 97762 23 0 1000 7000 0 1 1 0 1000 50 35000
0 1012 0 1 97784 22 0 1000 7000 0 1 1 0 1000 50 35000
0 1016 0 1 97808 24 0 1000 7000 0 1 1 0 1000 50 35000
0 1010 0 1 97830 22 0 1000 7000 0 1 1 0 1000 50 35000
0 1012 0 1 97853 23 0 1000 7000 0 1 1 0 1000 50 35000
0 1011 0 1 97875 22 0 1000 7000 0 1 1 0 1000 50 35000
0 1005 0 1 97898 23 0 1000 7000 0 1 1 0 1000 50 35000
0 1011 0 1 97921 23 0 1000 7000 0 1 1 0 1000 50 35000
0 1011 0 1 97943 22 0 1000 7000 0 1 1 0 1000 50 35000
0 1005 0 1 97966 23 0 1000 7000 0 1 1 0 1000 50 35000
0 1012 0 1 97988 22 0 1000 7000 0 1 1 0 1000 50 35000
0 1010 0 1 98011 23 0 1000 7000 0 1 1 0 1000 50 35000
0 1008 0 1 98033 22 0 1000 7000 0 1 1 0 1000 50 35000
0 1021 0 1 98056 23 0 1000 7000 0 1 1 0 1000 50 35000
0 1010 0 1 98078 22 0 1000 7000 0 1 1 0 1000 50 35000
0 1002 0 1 98101 23 0 1000 7000 0 1 1 0 1000 50 35000
0 1018 0 1 98123 22 0 1000 7000 0 1 1 0 1000 50 35000
0 1010 0 1 98146 23 0 1000 7000 0 1 1 0 1000 50 35000
0 1012 0 1 98168 22 0 1000 7000 0 1 1 0 1000 50 35000
0 1013 0 1 98191 23 0 1000 7000 0 1 1 0 1000 50 35000
0 1008 0 1 98214 23 0 1000 7000 0 1 1 0 1000 50 35000
0 1013 0 1 98237 23 0 1000 7000 0 1 1 0 1000 50 35000
0 1011 0 1 98259 22 0 1000 7000 0 1 1 0 1000 50 35000
0 1005 0 1 98282 23 0 1000 7000 0 1 1 0 1000 50 35000
0 1014 0 1 98305 23 0 1000 7000 0 1 1 0 1000 50 35000
0 1011 0 1 98327 22 0 1000 7000 0 1 1 0 1000 50 35000
0 1011 0 1 98350 23 0 1000 7000 0 1 1 0 1000 50 35000
0 1013 0 1 98372 22 0 1000 7000 0 1 1 0 1000 50 35000
0 1009 0 1 98395 23 0 1000 7000 0 1 1 0 1000 50 35000
0 1012 0 1 98417 22 0 1000 7000 0 1 1 0 1000 50 35000
0 1014 0 1 98440 23 0 1000 7000 0 1 1 0 1000 50 35000
0 1009 0 1 98462 22 0 1000 7000 0 1 1 0 1000 50 35000
0 1012 0 1 98485 23 0 1000 7000 0 1 1 0 1000 50 35000
0 1014 0 1 98507 22 0 1000 7000 0 1 1 0 1000 50 35000
0 1012 0 1 98530 23 0 1000 7000 0 1 1 0 1000 50 35000
0 1013 0 1 98552 22 0 1000 7000 0 1 1 0 1000 50 35000
0 1010 0 1 98575 23 0 1000 7000 0 1 1 0 1000 50 35000
0 1008 0 1 98597 22 0 1000 7000 0 1 1 0 1000 50 35000
0 1011 0 1 98621 24 0 1000 7000 0 1 1 0 1000 50 35000
0 1010 0 1 98643 22 0 1000 7000 0 1 1 0 1000 50 35000
0 1007 0 1 98666 23 0 1000 7000 0 1 1 0 1000 50 35000
0 1011 0 1 98689 23 0 1000 7000 0 1 1 0 1000 50 35000
0 1010 0 1 98711 22 0 1000 7000 0 1 1 0 1000 50 35000
0 1012 0 1 98734 23 0 1000 7000 0 1 1 0 1000 50 35000
0 1018 0 1 98756 22 0 1000 7000 0 1 1 0 1000 50 35000
0 1011 0 1 98779 23 0 1000 7000 0 1 1 0 1000 50 35000
0 1013 0 1 98801 22 0 1000 7000 0 1 1 0 1000 50 35000
0 1012 0 1 98824 23 0 1000 7000 0 1 1 0 1000 50 35000
0 1010 0 1 98846 22 0 1000 7000 0 1 1 0 1000 50 35000
0 1013 0 1 98869 23 0 1000 7000 0 1 1 0 1000 50 35000
0 1012 0 1 98891 22 0 1000 7000 0 1 1 0 1000 50 35000
0 1001 0 1 98914 23 0 1000 7000 0 1 1 0 1000 50 35000
0 1012 0 1 98936 22 0 1000 7000 0 1 1 0 1000 50 35000
0 1011 0 1 98959 23 0 1000 7000 0 1 1 0 1000 50 35000
0 1004 0 1 98981 22 0 1000 7000 0 1 1 0 1000 50 35000
0 1013 0 1 99004 23 0 1000 7000 0 1 1 0 1000 50 35000
0 1011 0 1 99027 23 0 1000 7000 0 1 1 0 1000 50 35000
0 1012 0 1 99050 23 0 1000 7000 0 1 1 0 1000 50 35000
0 1015 0 1 99073 23 0 1000 7000 0 1 1 0 1000 50 35000
0 1009 0 1 99095 22 0 1000 7000 0 1 1 0 1000 50 35000
0 1011 0 1 99118 23 0 1000 7000 0 1 1 0 1000 50 35000
0 1017 0 1 99140 22 0 1000 7000 0 1 1 0 1000 50 35000
0 1014 0 1 99163 23 0 1000 7000 0 1 1 0 1000 50 35000
0 1012 0 1 99185 22 0 1000 7000 0 1 1 0 1000 50 35000
0 1013 0 1 99208 23 0 1000 7000 0 1 1 0 1000 50 35000
0 1010 0 1 99230 22 0 1000 7000 0 1 1 0 1000 50 35000
0 1013 0 1 99253 23 0 1000 7000 0 1 1 0 1000 50 35000
0 1010 0 1 99275 22 0 1000 7000 0 1 1 0 1000 50 35000
0 1008 0 1 99298 23 0 1000 7000 0 1 1 0 1000 50 35000
0 1013 0 1 99320 22 0 1000 7000 0 1 1 0 1000 50 35000
0 1011 0 1 99343 23 0 1000 7000 0 1 1 0 1000 50 35000
0 1007 0 1 99365 22 0 1000 7000 0 1 1 0 1000 50 35000
0 1011 0 1 99388 23 0 1000 7000 0 1 1 0 1000 50 35000
0 1010 0 1 99410 22 0 1000 7000 0 1 1 0 1000 50 35000
0 1012 0 1 99434 24 0 1000 7000 0 1 1 0 1000 50 35000
0 1016 0 1 99457 23 0 1000 7000 0 1 1 0 1000 50 35000
0 1010 0 1 99479 22 0 1000 7000 0 1 1 0 1000 50 35000
0 1012 0 1 99502 23 0 1000 7000 0 1 1 0 1000 50 35000
0 1023 0 1 99524 22 0 1000 7000 0 1 1 0 1000 50 35000
0 1011 0 1 99547 23 0 1000 7000 0 1 1 0 1000 50 35000
0 1013 0 1 99569 22 0 1000 7000 0 1 1 0 1000 50 35000
0 1012 0 1 99592 23 0 1000 7000 0 1 1 0 1000 50 35000
0 1008 0 1 99614 22 0 1000 7000 0 1 1 0 1000 50 35000
0 1012 0 1 99637 23 0 1000 7000 0 1 1 0 1000 50 35000
0 1016 0 1 99659 22 0 1000 7000 0 1 1 0 1000 50 35000
0 1010 0 1 99682 23 0 1000 7000 0 1 1 0 1000 50 35000
0 1013 0 1 99704 22 0 1000 7000 0 1 1 0 1000 50 35000
0 1007 0 1 99727 23 0 1000 7000 0 1 1 0 1000 50 35000
0 1010 0 1 99749 22 0 1000 7000 0 1 1 0 1000 50 35000
0 1021 0 1 99772 23 0 1000 7000 0 1 1 0 1000 50 35000
0 1010 0 1 99794 22 0 1000 7000 0 1 1 0 1000 50 35000
0 1012 0 1 99817 23 0 1000 7000 0 1 1 0 1000 50 35000
0 1019 0 1 99840 23 0 1000 7000 0 1 1 0 1000 50 35000
0 1011 0 1 99863 23 0 1000 7000 0 1 1 0 1000 50 35000
0 1013 0 1 99886 23 0 1000 7000 0 1 1 0 1000 50 35000
0 1012 0 1 99908 22 0 1000 7000 0 1 1 0 1000 50 35000
0 1006 0 1 99931 23 0 1000 7000 0 1 1 0 1000 50 35000
0 1012 0 1 99953 22 0 1000 7000 0 1 1 0 1000 50 35000
0 1011 0 1 99976 23 0 1000 7000 0 1 1 0 1000 50 35000
0 1006 0 1 99998 22 0 1000 7000 0 1 1 0 1000 50 35000
0 1012 0 1 100021 23 0 1000 7000 0 1 1 0 1000 50 35000
0 1011 0 1 100043 22 0 1000 7000 0 1 1 0 1000 50 35000
0 1009 0 1 100066 23 0 1000 7000 0 1 1 0 1000 50 35000
0 1014 0 1 100088 22 0 1000 7000 0 1 1 0 1000 50 35000
0 1012 0 1 100111 23 0 1000 7000 0 1 1 0 1000 50 35000
0 1012 0 1 100133 22 0 1000 7000 0 1 1 0 1000 50 35000
0 1018 0 1 100157 24 0 1000 7000 0 1 1 0 1000 50 35000
0 1009 0 1 100179 22 0 1000 7000 0 1 1 0 1000 50 35000
0 1012 0 1 100202 23 0 1000 7000 0 1 1 0 1000 50 35000
0 1012 0 1 100225 23 0 1000 7000 0 1 1 0 1000 50 35000
0 1010 0 1 100247 22 0 1000 7000 0 1 1 0 1000 50 35000
0 1012 0 1 100270 23 0 1000 7000 0 1 1 0 1000 50 35000
0 1012 0 1 100292 22 0 1000 7000 0 1 1 0 1000 50 35000
0 1004 0 1 100315 23 0 1000 7000 0 1 1 0 1000 50 35000
0 1013 0 1 100337 22 0 1000 7000 0 1 1 0 1000 50 35000
0 1016 0 1 100360 23 0 1000 7000 0 1 1 0 1000 50 35000
0 1010 0 1 100383 23 0 1000 7000 0 1 1 0 1000 50 35000
0 1021 0 1 100406 23 0 1000 7000 0 1 1 0 1000 50 35000
0 1010 0 1 100428 22 0 1000 7000 0 1 1 0 1000 50 35000
0 1012 0 1 100451 23 0 1000 7000 0 1 1 0 1000 50 35000
0 1018 0 1 100473 22 0 1000 7000 0 1 1 0 1000 50 35000
0 1010 0 1 100496 23 0 1000 7000 0 1 1 0 1000 50 35000
0 1013 0 1 100518 22 0 1000 7000 0 1 1 0 1000 50 35000
0 1012 0 1 100541 23 0 1000 7000 0 1 1 0 1000 50 35000
0 1005 0 1 100563 22 0 1000 7000 0 1 1 0 1000 50 35000
0 1011 0 1 100587 24 0 1000 7000 0 1 1 0 1000 50 35000
0 1011 0 1 100610 23 0 1000 7000 0 1 1 0 1000 50 35000
0 1007 0 1 100632 22 0 1000 7000 0 1 1 0 1000 50 35000
0 1012 0 1 100655 23 0 1000 7000 0 1 1 0 1000 50 35000
0 1012 0 1 100677 22 0 1000 7000 0 1 1 0 1000 50 35000
0 1012 0 1 100700 23 0 1000 7000 0 1 1 0 1000 50 35000
0 1016 0 1 100722 22 0 1000 7000 0 1 1 0 1000 50 35000
0 1012 0 1 100745 23 0 1000 7000 0 1 1 0 1000 50 35000
0 1011 0 1 100767 22 0 1000 7000 0 1 1 0 1000 50 35000
0 1017 0 1 100790 23 0 1000 7000 0 1 1 0 1000 50 35000
0 1011 0 1 100813 23 0 1000 7000 0 1 1 0 1000 50 35000
0 1013 0 1 100836 23 0 1000 7000 0 1 1 0 1000 50 35000
0 1012 0 1 100858 22 0 1000 7000 0 1 1 0 1000 50 35000
0 1008 0 1 100881 23 0 1000 7000 0 1 1 0 1000 50 35000
0 1013 0 1 100903 22 0 1000 7000 0 1 1 0 1000 50 35000
0 1011 0 1 100926 23 0 1000 7000 0 1 1 0 1000 50 35000
0 1008 0 1 100948 22 0 1000 7000 0 1 1 0 1000 50 35000
0 1013 0 1 100971 23 0 1000 7000 0 1 1 0 1000 50 35000
0 1009 0 1 100994 23 0 1000 7000 0 1 1 0 1000 50 35000
0 1002 0 1 101017 23 0 1000 7000 0 1 1 0 1000 50 35000
0 1014 0 1 101040 23 0 1000 7000 0 1 1 0 1000 50 35000
0 1011 0 1 101062 22 0 1000 7000 0 1 1 0 1000 50 35000
0 1011 0 1 101085 23 0 1000 7000 0 1 1 0 1000 50 35000
0 1009 0 1 101107 22 0 1000 7000 0 1 1 0 1000 50 35000
0 1012 0 1 101130 23 0 1000 7000 0 1 1 0 1000 50 35000
0 1014 0 1 101152 22 0 1000 7000 0 1 1 0 1000 50 35000
0 1011 0 1 101175 23 0 1000 7000 0 1 1 0 1000 50 35000
0 1007 0 1 101197 22 0 1000 7000 0 1 1 0 1000 50 35000
0 1012 0 1 101220 23 0 1000 7000 0 1 1 0 1000 50 35000
0 1011 0 1 101243 23 0 1000 7000 0 1 1 0 1000 50 35000
0 1011 0 1 101266 23 0 1000 7000 0 1 1 0 1000 50 35000
0 1014 0 1 101288 22 0 1000 7000 0 1 1 0 1000 50 35000
0 1010 0 1 101311 23 0 1000 7000 0 1 1 0 1000 50 35000
0 1011 0 1 101334 23 0 1000 7000 0 1 1 0 1000 50 35000
0 1016 0 1 101356 22 0 1000 7000 0 1 1 0 1000 50 35000
0 1010 0 1 101379 23 0 1000 7000 0 1 1 0 1000 50 35000
0 1012 0 1 101401 22 0 1000 7000 0 1 1 0 1000 50 35000
0 1014 0 1 101424 23 0 1000 7000 0 1 1 0 1000 50 35000
0 1009 0 1 101447 23 0 1000 7000 0 1 1 0 1000 50 35000
0 1013 0 1 101470 23 0 1000 7000 0 1 1 0 1000 50 35000
0 1011 0 1 101492 22 0 1000 7000 0 1 1 0 1000 50 35000
0 1005 0 1 101515 23 0 1000 7000 0 1 1 0 1000 50 35000
0 1013 0 1 101537 22 0 1000 7000 0 1 1 0 1000 50 35000
0 1011 0 1 101560 23 0 1000 7000 0 1 1 0 1000 50 35000
0 1014 0 1 101582 22 0 1000 7000 0 1 1 0 1000 50 35000
0 1017 0 1 101605 23 0 1000 7000 0 1 1 0 1000 50 35000
0 1011 0 1 101627 22 0 1000 7000 0 1 1 0 1000 50 35000
0 1012 0 1 101650 23 0 1000 7000 0 1 1 0 1000 50 35000
0 1020 0 1 101673 23 0 1000 7000 0 1 1 0 1000 50 35000
0 1010 0 1 101696 23 0 1000 7000 0 1 1 0 1000 50 35000
0 1012 0 1 101719 23 0 1000 7000 0 1 1 0 1000 50 35000
0 1008 0 1 101741 22 0 1000 7000 0 1 1 0 1000 50 35000
0 1008 0 1 101764 23 0 1000 7000 0 1 1 0 1000 50 35000
0 1013 0 1 101786 22 0 1000 7000 0 1 1 0 1000 50 35000
0 1012 0 1 101809 23 0 1000 7000 0 1 1 0 1000 50 35000
0 1005 0 1 101831 22 0 1000 7000 0 1 1 0 1000 50 35000
0 1013 0 1 101854 23 0 1000 7000 0 1 1 0 1000 50 35000
0 1011 0 1 101876 22 0 1000 7000 0 1 1 0 1000 50 35000
0 1009 0 1 101900 24 0 1000 7000 0 1 1 0 1000 50 35000
0 1018 0 1 101922 22 0 1000 7000 0 1 1 0 1000 50 35000
0 1010 0 1 101945 23 0 1000 7000 0 1 1 0 1000 50 35000
0 1012 0 1 101967 22 0 1000 7000 0 1 1 0 1000 50 35000
0 1017 0 1 101990 23 0 1000 7000 0 1 1 0 1000 50 35000
0 1010 0 1 102012 22 0 1000 7000 0 1 1 0 1000 50 35000
0 1012 0 1 102035 23 0 1000 7000 0 1 1 0 1000 50 35000
0 1013 0 1 102057 22 0 1000 7000 0 1 1 0 1000 50 35000
0 1011 0 1 102080 23 0 1000 7000 0 1 1 0 1000 50 35000
0 1013 0 1 102104 24 0 1000 7000 0 1 1 0 1000 50 35000
0 1011 0 1 102126 22 0 1000 7000 0 1 1 0 1000 50 35000
0 1008 0 1 102149 23 0 1000 7000 0 1 1 0 1000 50 35000
0 1012 0 1 102171 22 0 1000 7000 0 1 1 0 1000 50 35000
0 1009 0 1 102194 23 0 1000 7000 0 1 1 0 1000 50 35000
0 1011 0 1 102216 22 0 1000 7000 0 1 1 0 1000 50 35000
0 1015 0 1 102239 23 0 1000 7000 0 1 1 0 1000 50 35000
0 1010 0 1 102261 22 0 1000 7000 0 1 1 0 1000 50 35000
0 1012 0 1 102284 23 0 1000 7000 0 1 1 0 1000 50 35000
0 1023 0 1 102306 22 0 1000 7000 0 1 1 0 1000 50 35000
0 1010 0 1 102330 24 0 1000 7000 0 1 1 0 1000 50 35000
0 1014 0 1 102352 22 0 1000 7000 0 1 1 0 1000 50 35000
0 1011 0 1 102375 23 0 1000 7000 0 1 1 0 1000 50 35000
0 1008 0 1 102397 22 0 1000 7000 0 1 1 0 1000 50 35000
0 1013 0 1 102420 23 0 1000 7000 0 1 1 0 1000 50 35000
0 1011 0 1 102443 23 0 1000 7000 0 1 1 0 1000 50 35000
0 1012 0 1 102465 22 0 1000 7000 0 1 1 0 1000 50 35000
0 1013 0 1 102488 23 0 1000 7000 0 1 1 0 1000 50 35000
0 1010 0 1 102510 22 0 1000 7000 0 1 1 0 1000 50 35000
0 1012 0 1 102533 23 0 1000 7000 0 1 1 0 1000 50 35000
0 1016 0 1 102556 23 0 1000 7000 0 1 1 0 1000 50 35000
0 1011 0 1 102579 23 0 1000 7000 0 1 1 0 1000 50 35000
0 1012 0 1 102601 22 0 1000 7000 0 1 1 0 1000 50 35000
0 1012 0 1 102624 23 0 1000 7000 0 1 1 0 1000 50 35000
0 1010 0 1 102646 22 0 1000 7000 0 1 1 0 1000 50 35000
0 1014 0 1 102669 23 0 1000 7000 0 1 1 0 1000 50 35000
0 1013 0 1 102691 22 0 1000 7000 0 1 1 0 1000 50 35000
0 1007 0 1 102714 23 0 1000 7000 0 1 1 0 1000 50 35000
0 1013 0 1 102736 22 0 1000 7000 0 1 1 0 1000 50 35000
0 1011 0 1 102760 24 0 1000 7000 0 1 1 0 1000 50 35000
0 1008 0 1 102782 22 0 1000 7000 0 1 1 0 1000 50 35000
0 1014 0 1 102805 23 0 1000 7000 0 1 1 0 1000 50 35000
0 1011 0 1 102828 23 0 1000 7000 0 1 1 0 1000 50 35000
0 1012 0 1 102850 22 0 1000 7000 0 1 1 0 1000 50 35000
0 1017 0 1 102873 23 0 1000 7000 0 1 1 0 1000 50 35000
0 1010 0 1 102895 22 0 1000 7000 0 1 1 0 1000 50 35000
0 1012 0 1 102918 23 0 1000 7000 0 1 1 0 1000 50 35000
0 1012 0 1 102940 22 0 1000 7000 0 1 1 0 1000 50 35000
0 1007 0 1 102963 23 0 1000 7000 0 1 1 0 1000 50 35000
0 1013 0 1 102986 23 0 1000 7000 0 1 1 0 1000 50 35000
0 1012 0 1 103009 23 0 1000 7000 0 1 1 0 1000 50 35000
0 999 0 1 103031 22 0 1000 7000 0 1 1 0 1000 50 35000
0 1013 0 1 103054 23 0 1000 7000 0 1 1 0 1000 50 35000
0 1012 0 1 103076 22 0 1000 7000 0 1 1 0 1000 50 35000
0 1011 0 1 103099 23 0 1000 7000 0 1 1 0 1000 50 35000
0 1021 0 1 103121 22 0 1000 7000 0 1 1 0 1000 50 35000
0 1011 0 1 103144 23 0 1000 7000 0 1 1 0 1000 50 35000
0 1012 0 1 103166 22 0 1000 7000 0 1 1 0 1000 50 35000
0 1019 0 1 103189 23 0 1000 7000 0 1 1 0 1000 50 35000
0 1010 0 1 103213 24 0 1000 7000 0 1 1 0 1000 50 35000
0 1013 0 1 103235 22 0 1000 7000 0 1 1 0 1000 50 35000
0 1013 0 1 103258 23 0 1000 7000 0 1 1 0 1000 50 35000
0 1004 0 1 103280 22 0 1000 7000 0 1 1 0 1000 50 35000
0 1013 0 1 103303 23 0 1000 7000 0 1 1 0 1000 50 35000
0 1011 0 1 103325 22 0 1000 7000 0 1 1 0 1000 50 35000
0 1006 0 1 103348 23 0 1000 7000 0 1 1 0 1000 50 35000
0 1013 0 1 103370 22 0 1000 7000 0 1 1 0 1000 50 35000
0 1010 0 1 103393 23 0 1000 7000 0 1 1 0 1000 50 35000
0 1012 0 1 103415 22 0 1000 7000 0 1 1 0 1000 50 35000
0 1016 0 1 103439 24 0 1000 7000 0 1 1 0 1000 50 35000
0 1011 0 1 103461 22 0 1000 7000 0 1 1 0 1000 50 35000
0 1012 0 1 103484 23 0 1000 7000 0 1 1 0 1000 50 35000
0 1016 0 1 103506 22 0 1000 7000 0 1 1 0 1000 50 35000
0 1011 0 1 103529 23 0 1000 7000 0 1 1 0 1000 50 35000
0 1013 0 1 103552 23 0 1000 7000 0 1 1 0 1000 50 35000
0 1021 0 1 103574 22 0 1000 7000 0 1 1 0 1000 50 35000
0 1008 0 1 103597 23 0 1000 7000 0 1 1 0 1000 50 35000
0 1013 0 1 103619 22 0 1000 7000 0 1 1 0 1000 50 35000
0 1012 0 1 103643 24 0 1000 7000 0 1 1 0 1000 50 35000
0 1008 0 1 103665 22 0 1000 7000 0 1 1 0 1000 50 35000
0 1013 0 1 103688 23 0 1000 7000 0 1 1 0 1000 50 35000
0 1009 0 1 103710 22 0 1000 7000 0 1 1 0 1000 50 35000
0 1012 0 1 103733 23 0 1000 7000 0 1 1 0 1000 50 35000
0 1015 0 1 103755 22 0 1000 7000 0 1 1 0 1000 50 35000
0 1012 0 1 103778 23 0 1000 7000 0 1 1 0 1000 50 35000
0 1012 0 1 103800 22 0 1000 7000 0 1 1 0 1000 50 35000
0 1016 0 1 103823 23 0 1000 7000 0 1 1 0 1000 50 35000
0 1011 0 1 103845 22 0 1000 7000 0 1 1 0 1000 50 35000
0 1014 0 1 103869 24 0 1000 7000 0 1 1 0 1000 50 35000
0 1011 0 1 103891 22 0 1000 7000 0 1 1 0 1000 50 35000
0 1009 0 1 103914 23 0 1000 7000 0 1 1 0 1000 50 35000
0 1013 0 1 103937 23 0 1000 7000 0 1 1 0 1000 50 35000
0 1011 0 1 103959 22 0 1000 7000 0 1 1 0 1000 50 35000
0 1012 0 1 103982 23 0 1000 7000 0 1 1 0 1000 50 35000
0 1014 0 1 104004 22 0 1000 7000 0 1 1 0 1000 50 35000
0 1010 0 1 104027 23 0 1000 7000 0 1 1 0 1000 50 35000
0 1012 0 1 104049 22 0 1000 7000 0 1 1 0 1000 50 35000
0 1018 0 1 104072 23 0 1000 7000 0 1 1 0 1000 50 35000
0 1010 0 1 104095 23 0 1000 7000 0 1 1 0 1000 50 35000
0 1010 0 1 104118 23 0 1000 7000 0 1 1 0 1000 50 35000
0 1013 0 1 104140 22 0 1000 7000 0 1 1 0 1000 50 35000
0 1009 0 1 104163 23 0 1000 7000 0 1 1 0 1000 50 35000
0 1013 0 1 104185 22 0 1000 7000 0 1 1 0 1000 50 35000
0 1012 0 1 104208 23 0 1000 7000 0 1 1 0 1000 50 35000
0 1005 0 1 104230 22 0 1000 7000 0 1 1 0 1000 50 35000
0 1013 0 1 104253 23 0 1000 7000 0 1 1 0 1000 50 35000
0 1011 0 1 104275 22 0 1000 7000 0 1 1 0 1000 50 35000
0 1010 0 1 104298 23 0 1000 7000 0 1 1 0 1000 50 35000
0 1017 0 1 104322 24 0 1000 7000 0 1 1 0 1000 50 35000
0 1011 0 1 104344 22 0 1000 7000 0 1 1 0 1000 50 35000
0 1012 0 1 104367 23 0 1000 7000 0 1 1 0 1000 50 35000
0 1018 0 1 104389 22 0 1000 7000 0 1 1 0 1000 50 35000
0 1012 0 1 104412 23 0 1000 7000 0 1 1 0 1000 50 35000
0 1012 0 1 104434 22 0 1000 7000 0 1 1 0 1000 50 35000
0 1013 0 1 104457 23 0 1000 7000 0 1 1 0 1000 50 35000
0 999 0 1 104479 22 0 1000 7000 0 1 1 0 1000 50 35000
0 1013 0 1 104502 23 0 1000 7000 0 1 1 0 1000 50 35000
0 1000 0 1 104524 22 0 1000 7000 0 1 1 0 1000 50 35000
0 1005 0 1 104548 24 0 1000 7000 0 1 1 0 1000 50 35000
0 1013 0 1 104570 22 0 1000 7000 0 1 1 0 1000 50 35000
0 1011 0 1 104593 23 0 1000 7000 0 1 1 0 1000 50 35000
0 1012 0 1 104615 22 0 1000 7000 0 1 1 0 1000 50 35000
0 1020 0 1 104638 23 0 1000 7000 0 1 1 0 1000 50 35000
0 1011 0 1 104660 22 0 1000 7000 0 1 1 0 1000 50 35000
0 1012 0 1 104683 23 0 1000 7000 0 1 1 0 1000 50 35000
0 1017 0 1 104706 23 0 1000 7000 0 1 1 0 1000 50 35000
0 1010 0 1 104728 22 0 1000 7000 0 1 1 0 1000 50 35000
0 1013 0 1 104752 24 0 1000 7000 0 1 1 0 1000 50 35000
0 1013 0 1 104774 22 0 1000 7000 0 1 1 0 1000 50 35000
0 1007 0 1 104797 23 0 1000 7000 0 1 1 0 1000 50 35000
0 1014 0 1 104819 22 0 1000 7000 0 1 1 0 1000 50 35000
0 1013 0 1 104842 23 0 1000 7000 0 1 1 0 1000 50 35000
0 1010 0 1 104864 22 0 1000 7000 0 1 1 0 1000 50 35000
0 1013 0 1 104887 23 0 1000 7000 0 1 1 0 1000 50 35000
0 1009 0 1 104909 22 0 1000 7000 0 1 1 0 1000 50 35000
0 1011 0 1 104932 23 0 1000 7000 0 1 1 0 1000 50 35000
0 1014 0 1 104954 22 0 1000 7000 0 1 1 0 1000 50 35000
0 1010 0 1 104978 24 0 1000 7000 0 1 1 0 1000 50 35000
0 1015 0 1 105000 22 0 1000 7000 0 1 1 0 1000 50 35000
0 1016 0 1 105023 23 0 1000 7000 0 1 1 0 1000 50 35000
0 1011 0 1 105046 23 0 1000 7000 0 1 1 0 1000 50 35000
0 1014 0 1 105068 22 0 1000 7000 0 1 1 0 1000 50 35000
0 1012 0 1 105091 23 0 1000 7000 0 1 1 0 1000 50 35000
0 1009 0 1 105113 22 0 1000 7000 0 1 1 0 1000 50 35000
0 1014 0 1 105136 23 0 1000 7000 0 1 1 0 1000 50 35000
0 1011 0 1 105158 22 0 1000 7000 0 1 1 0 1000 50 35000
0 1013 0 1 105181 23 0 1000 7000 0 1 1 0 1000 50 35000
0 1013 0 1 105204 23 0 1000 7000 0 1 1 0 1000 50 35000
0 1011 0 1 105227 23 0 1000 7000 0 1 1 0 1000 50 35000
0 1012 0 1 105249 22 0 1000 7000 0 1 1 0 1000 50 35000
0 1013 0 1 105272 23 0 1000 7000 0 1 1 0 1000 50 35000
0 1011 0 1 105294 22 0 1000 7000 0 1 1 0 1000 50 35000
0 1012 0 1 105317 23 0 1000 7000 0 1 1 0 1000 50 35000
0 1014 0 1 105339 22 0 1000 7000 0 1 1 0 1000 50 35000
0 1010 0 1 105362 23 0 1000 7000 0 1 1 0 1000 50 35000
0 1019 0 1 105384 22 0 1000 7000 0 1 1 0 1000 50 35000
0 1012 0 1 105408 24 0 1000 7000 0 1 1 0 1000 50 35000
0 1007 0 1 105431 23 0 1000 7000 0 1 1 0 1000 50 35000
0 1014 0 1 105453 22 0 1000 7000 0 1 1 0 1000 50 35000
0 1011 0 1 105476 23 0 1000 7000 0 1 1 0 1000 50 35000
0 1012 0 1 105498 22 0 1000 7000 0 1 1 0 1000 50 35000
0 1015 0 1 105521 23 0 1000 7000 0 1 1 0 1000 50 35000
0 1011 0 1 105543 22 0 1000 7000 0 1 1 0 1000 50 35000
0 1012 0 1 105566 23 0 1000 7000 0 1 1 0 1000 50 35000
0 1019 0 1 105588 22 0 1000 7000 0 1 1 0 1000 50 35000
0 1011 0 1 105611 23 0 1000 7000 0 1 1 0 1000 50 35000
0 1014 0 1 105634 23 0 1000 7000 0 1 1 0 1000 50 35000
0 1014 0 1 105657 23 0 1000 7000 0 1 1 0 1000 50 35000
0 1002 0 1 105679 22 0 1000 7000 0 1 1 0 1000 50 35000
0 1013 0 1 105702 23 0 1000 7000 0 1 1 0 1000 50 35000
0 1013 0 1 105724 22 0 1000 7000 0 1 1 0 1000 50 35000
0 1005 0 1 105747 23 0 1000 7000 0 1 1 0 1000 50 35000
0 1013 0 1 105769 22 0 1000 7000 0 1 1 0 1000 50 35000
0 1018 0 1 105792 23 0 1000 7000 0 1 1 0 1000 50 35000
0 1012 0 1 105815 23 0 1000 7000 0 1 1 0 1000 50 35000
0 1022 0 1 105837 22 0 1000 7000 0 1 1 0 1000 50 35000
0 1011 0 1 105861 24 0 1000 7000 0 1 1 0 1000 50 35000
0 1012 0 1 105883 22 0 1000 7000 0 1 1 0 1000 50 35000
0 1018 0 1 105906 23 0 1000 7000 0 1 1 0 1000 50 35000
0 1010 0 1 105928 22 0 1000 7000 0 1 1 0 1000 50 35000
0 1013 0 1 105951 23 0 1000 7000 0 1 1 0 1000 50 35000
0 1014 0 1 105973 22 0 1000 7000 0 1 1 0 1000 50 35000
0 1008 0 1 105996 23 0 1000 7000 0 1 1 0 1000 50 35000
0 1013 0 1 106018 22 0 1000 7000 0 1 1 0 1000 50 35000
0 1011 0 1 106041 23 0 1000 7000 0 1 1 0 1000 50 35000
0 1008 0 1 106064 23 0 1000 7000 0 1 1 0 1000 50 35000
0 1013 0 1 106087 23 0 1000 7000 0 1 1 0 1000 50 35000
0 1010 0 1 106109 22 0 1000 7000 0 1 1 0 1000 50 35000
0 1011 0 1 106132 23 0 1000 7000 0 1 1 0 1000 50 35000
0 1016 0 1 106155 23 0 1000 7000 0 1 1 0 1000 50 35000
0 1011 0 1 106177 22 0 1000 7000 0 1 1 0 1000 50 35000
0 1011 0 1 106200 23 0 1000 7000 0 1 1 0 1000 50 35000
0 1016 0 1 106222 22 0 1000 7000 0 1 1 0 1000 50 35000
0 1011 0 1 106245 23 0 1000 7000 0 1 1 0 1000 50 35000
0 1014 0 1 106267 22 0 1000 7000 0 1 1 0 1000 50 35000
0 1013 0 1 106291 24 0 1000 7000 0 1 1 0 1000 50 35000
0 1008 0 1 106313 22 0 1000 7000 0 1 1 0 1000 50 35000
0 1014 0 1 106336 23 0 1000 7000 0 1 1 0 1000 50 35000
0 1012 0 1 106358 22 0 1000 7000 0 1 1 0 1000 50 35000
0 1003 0 1 106381 23 0 1000 7000 0 1 1 0 1000 50 35000
0 1014 0 1 106403 22 0 1000 7000 0 1 1 0 1000 50 35000
0 1010 0 1 106426 23 0 1000 7000 0 1 1 0 1000 50 35000
0 1011 0 1 106448 22 0 1000 7000 0 1 1 0 1000 50 35000
0 1015 0 1 106471 23 0 1000 7000 0 1 1 0 1000 50 35000
0 1011 0 1 106493 22 0 1000 7000 0 1 1 0 1000 50 35000
0 1012 0 1 106517 24 0 1000 7000 0 1 1 0 1000 50 35000
0 1014 0 1 106540 23 0 1000 7000 0 1 1 0 1000 50 35000
0 1010 0 1 106562 22 0 1000 7000 0 1 1 0 1000 50 35000
0 1013 0 1 106585 23 0 1000 7000 0 1 1 0 1000 50 35000
0 1012 0 1 106607 22 0 1000 7000 0 1 1 0 1000 50 35000
0 1007 0 1 106630 23 0 1000 7000 0 1 1 0 1000 50 35000
0 1011 0 1 106652 22 0 1000 7000 0 1 1 0 1000 50 35000
0 1012 0 1 106675 23 0 1000 7000 0 1 1 0 1000 50 35000
0 1011 0 1 106697 22 0 1000 7000 0 1 1 0 1000 50 35000
0 1015 0 1 106721 24 0 1000 7000 0 1 1 0 1000 50 35000
0 1011 0 1 106743 22 0 1000 7000 0 1 1 0 1000 50 35000
0 1009 0 1 106766 23 0 1000 7000 0 1 1 0 1000 50 35000
0 1020 0 1 106788 22 0 1000 7000 0 1 1 0 1000 50 35000
0 1011 0 1 106811 23 0 1000 7000 0 1 1 0 1000 50 35000
0 1012 0 1 106833 22 0 1000 7000 0 1 1 0 1000 50 35000
0 1014 0 1 106856 23 0 1000 7000 0 1 1 0 1000 50 35000
0 1004 0 1 106878 22 0 1000 7000 0 1 1 0 1000 50 35000
0 1009 0 1 106901 23 0 1000 7000 0 1 1 0 1000 50 35000
0 1010 0 1 106924 23 0 1000 7000 0 1 1 0 1000 50 35000
0 1003 0 1 106947 23 0 1000 7000 0 1 1 0 1000 50 35000
0 1013 0 1 106970 23 0 1000 7000 0 1 1 0 1000 50 35000
0 1012 0 1 106992 22 0 1000 7000 0 1 1 0 1000 50 35000
0 1010 0 1 107015 23 0 1000 7000 0 1 1 0 1000 50 35000
0 1020 0 1 107037 22 0 1000 7000 0 1 1 0 1000 50 35000
0 1011 0 1 107060 23 0 1000 7000 0 1 1 0 1000 50 35000
0 1012 0 1 107082 22 0 1000 7000 0 1 1 0 1000 50 35000
0 1019 0 1 107105 23 0 1000 7000 0 1 1 0 1000 50 35000
0 1010 0 1 107127 22 0 1000 7000 0 1 1 0 1000 50 35000
0 1013 0 1 107151 24 0 1000 7000 0 1 1 0 1000 50 35000
0 1016 0 1 107173 22 0 1000 7000 0 1 1 0 1000 50 35000
0 1006 0 1 107196 23 0 1000 7000 0 1 1 0 1000 50 35000
0 1014 0 1 107218 22 0 1000 7000 0 1 1 0 1000 50 35000
0 1012 0 1 107241 23 0 1000 7000 0 1 1 0 1000 50 35000
0 1010 0 1 107264 23 0 1000 7000 0 1 1 0 1000 50 35000
0 1013 0 1 107286 22 0 1000 7000 0 1 1 0 1000 50 35000
0 1010 0 1 107309 23 0 1000 7000 0 1 1 0 1000 50 35000
0 1011 0 1 107331 22 0 1000 7000 0 1 1 0 1000 50 35000
0 1017 0 1 107354 23 0 1000 7000 0 1 1 0 1000 50 35000
0 1012 0 1 107377 23 0 1000 7000 0 1 1 0 1000 50 35000
0 1012 0 1 107400 23 0 1000 7000 0 1 1 0 1000 50 35000
0 1017 0 1 107422 22 0 1000 7000 0 1 1 0 1000 50 35000
0 1011 0 1 107445 23 0 1000 7000 0 1 1 0 1000 50 35000
0 1014 0 1 107467 22 0 1000 7000 0 1 1 0 1000 50 35000
0 1013 0 1 107490 23 0 1000 7000 0 1 1 0 1000 50 35000
0 1008 0 1 107512 22 0 1000 7000 0 1 1 0 1000 50 35000
0 1012 0 1 107535 23 0 1000 7000 0 1 1 0 1000 50 35000
0 1014 0 1 107557 22 0 1000 7000 0 1 1 0 1000 50 35000
0 1008 0 1 107580 23 0 1000 7000 0 1 1 0 1000 50 35000
0 1013 0 1 107603 23 0 1000 7000 0 1 1 0 1000 50 35000
0 1010 0 1 107626 23 0 1000 7000 0 1 1 0 1000 50 35000
0 1009 0 1 107649 23 0 1000 7000 0 1 1 0 1000 50 35000
0 1017 0 1 107671 22 0 1000 7000 0 1 1 0 1000 50 35000
0 1010 0 1 107694 23 0 1000 7000 0 1 1 0 1000 50 35000
0 1011 0 1 107716 22 0 1000 7000 0 1 1 0 1000 50 35000
0 1015 0 1 107739 23 0 1000 7000 0 1 1 0 1000 50 35000
0 1009 0 1 107761 22 0 1000 7000 0 1 1 0 1000 50 35000
0 1013 0 1 107784 23 0 1000 7000 0 1 1 0 1000 50 35000
0 1013 0 1 107807 23 0 1000 7000 0 1 1 0 1000 50 35000
0 1005 0 1 107830 23 0 1000 7000 0 1 1 0 1000 50 35000
0 1011 0 1 107852 22 0 1000 7000 0 1 1 0 1000 50 35000
0 1012 0 1 107875 23 0 1000 7000 0 1 1 0 1000 50 35000
0 1006 0 1 107897 22 0 1000 7000 0 1 1 0 1000 50 35000
0 1015 0 1 107920 23 0 1000 7000 0 1 1 0 1000 50 35000
0 1012 0 1 107942 22 0 1000 7000 0 1 1 0 1000 50 35000
0 1009 0 1 107965 23 0 1000 7000 0 1 1 0 1000 50 35000
0 1023 0 1 107987 22 0 1000 7000 0 1 1 0 1000 50 35000
0 1017 0 1 108010 23 0 1000 7000 0 1 1 0 1000 50 35000
0 1011 0 1 108034 24 0 1000 7000 0 1 1 0 1000 50 35000
0 1019 0 1 108056 22 0 1000 7000 0 1 1 0 1000 50 35000
0 1000 0 1 108079 23 0 1000 7000 0 1 1 0 1000 50 35000
0 1012 0 1 108101 22 0 1000 7000 0 1 1 0 1000 50 35000
0 1014 0 1 108124 23 0 1000 7000 0 1 1 0 1000 50 35000
0 1002 0 1 108146 22 0 1000 7000 0 1 1 0 1000 50 35000
0 1013 0 1 108169 23 0 1000 7000 0 1 1 0 1000 50 35000
0 1012 0 1 108191 22 0 1000 7000 0 1 1 0 1000 50 35000
0 1010 0 1 108214 23 0 1000 7000 0 1 1 0 1000 50 35000
0 1022 0 1 108236 22 0 1000 7000 0 1 1 0 1000 50 35000
0 1011 0 1 108260 24 0 1000 7000 0 1 1 0 1000 50 35000
0 1010 0 1 108282 22 0 1000 7000 0 1 1 0 1000 50 35000
0 1023 0 1 108305 23 0 1000 7000 0 1 1 0 1000 50 35000
0 1012 0 1 108327 22 0 1000 7000 0 1 1 0 1000 50 35000
0 1009 0 1 108350 23 0 1000 7000 0 1 1 0 1000 50 35000
0 1016 0 1 108372 22 0 1000 7000 0 1 1 0 1000 50 35000
0 1008 0 1 108395 23 0 1000 7000 0 1 1 0 1000 50 35000
0 1012 0 1 108418 23 0 1000 7000 0 1 1 0 1000 50 35000
0 1014 0 1 108440 22 0 1000 7000 0 1 1 0 1000 50 35000
0 1003 0 1 108464 24 0 1000 7000 0 1 1 0 1000 50 35000
0 1013 0 1 108486 22 0 1000 7000 0 1 1 0 1000 50 35000
0 1011 0 1 108509 23 0 1000 7000 0 1 1 0 1000 50 35000
0 1007 0 1 108531 22 0 1000 7000 0 1 1 0 1000 50 35000
0 1018 0 1 108554 23 0 1000 7000 0 1 1 0 1000 50 35000
0 1009 0 1 108576 22 0 1000 7000 0 1 1 0 1000 50 35000
0 1009 0 1 108599 23 0 1000 7000 0 1 1 0 1000 50 35000
0 1021 0 1 108621 22 0 1000 7000 0 1 1 0 1000 50 35000
0 1011 0 1 108644 23 0 1000 7000 0 1 1 0 1000 50 35000
0 1013 0 1 108666 22 0 1000 7000 0 1 1 0 1000 50 35000
0 1015 0 1 108690 24 0 1000 7000 0 1 1 0 1000 50 35000
0 1009 0 1 108712 22 0 1000 7000 0 1 1 0 1000 50 35000
0 1012 0 1 108735 23 0 1000 7000 0 1 1 0 1000 50 35000
0 1014 0 1 108758 23 0 1000 7000 0 1 1 0 1000 50 35000
0 1007 0 1 108780 22 0 1000 7000 0 1 1 0 1000 50 35000
0 1015 0 1 108803 23 0 1000 7000 0 1 1 0 1000 50 35000
0 1011 0 1 108825 22 0 1000 7000 0 1 1 0 1000 50 35000
0 1007 0 1 108848 23 0 1000 7000 0 1 1 0 1000 50 35000
0 1019 0 1 108870 22 0 1000 7000 0 1 1 0 1000 50 35000
0 1012 0 1 108894 24 0 1000 7000 0 1 1 0 1000 50 35000
0 1010 0 1 108916 22 0 1000 7000 0 1 1 0 1000 50 35000
0 1016 0 1 108939 23 0 1000 7000 0 1 1 0 1000 50 35000
0 1009 0 1 108961 22 0 1000 7000 0 1 1 0 1000 50 35000
0 1012 0 1 108984 23 0 1000 7000 0 1 1 0 1000 50 35000
0 1015 0 1 109006 22 0 1000 7000 0 1 1 0 1000 50 35000
0 1002 0 1 109029 23 0 1000 7000 0 1 1 0 1000 50 35000
0 1012 0 1 109051 22 0 1000 7000 0 1 1 0 1000 50 35000
0 1010 0 1 109074 23 0 1000 7000 0 1 1 0 1000 50 35000
0 1008 0 1 109096 22 0 1000 7000 0 1 1 0 1000 50 35000
0 1016 0 1 109120 24 0 1000 7000 0 1 1 0 1000 50 35000
0 1013 0 1 109143 23 0 1000 7000 0 1 1 0 1000 50 35000
0 1011 0 1 109165 22 0 1000 7000 0 1 1 0 1000 50 35000
0 1023 0 1 109188 23 0 1000 7000 0 1 1 0 1000 50 35000
0 1003 0 1 109210 22 0 1000 7000 0 1 1 0 1000 50 35000
0 1014 0 1 109233 23 0 1000 7000 0 1 1 0 1000 50 35000
0 1023 0 1 109255 22 0 1000 7000 0 1 1 0 1000 50 35000
0 946 0 1 109278 23 0 1000 7000 0 1 1 0 1000 50 35000
0 1015 0 1 109300 22 0 1000 7000 0 1 1 0 1000 50 35000
0 1012 0 1 109323 23 0 1000 7000 0 1 1 0 1000 50 35000
0 943 0 1 109346 23 0 1000 7000 0 1 1 0 1000 50 35000
0 1018 0 1 109369 23 0 1000 7000 0 1 1 0 1000 50 35000
0 1021 0 1 109391 22 0 1000 7000 0 1 1 0 1000 50 35000
0 1007 0 1 109414 23 0 1000 7000 0 1 1 0 1000 50 35000
0 1015 0 1 109436 22 0 1000 7000 0 1 1 0 1000 50 35000
0 1011 0 1 109459 23 0 1000 7000 0 1 1 0 1000 50 35000
0 1008 0 1 109481 22 0 1000 7000 0 1 1 0 1000 50 35000
0 1023 0 1 109504 23 0 1000 7000 0 1 1 0 1000 50 35000
0 1009 0 1 109527 23 0 1000 7000 0 1 1 0 1000 50 35000
0 1012 0 1 109549 22 0 1000 7000 0 1 1 0 1000 50 35000
0 1015 0 1 109573 24 0 1000 7000 0 1 1 0 1000 50 35000
0 1007 0 1 109595 22 0 1000 7000 0 1 1 0 1000 50 35000
0 1012 0 1 109618 23 0 1000 7000 0 1 1 0 1000 50 35000
0 1015 0 1 109640 22 0 1000 7000 0 1 1 0 1000 50 35000
0 1008 0 1 109663 23 0 1000 7000 0 1 1 0 1000 50 35000
0 1011 0 1 109685 22 0 1000 7000 0 1 1 0 1000 50 35000
0 1012 0 1 109708 23 0 1000 7000 0 1 1 0 1000 50 35000
0 1010 0 1 109730 22 0 1000 7000 0 1 1 0 1000 50 35000
0 1016 0 1 109753 23 0 1000 7000 0 1 1 0 1000 50 35000
0 1012 0 1 109775 22 0 1000 7000 0 1 1 0 1000 50 35000
0 15 0 1 109799 24 0 1000 7000 0 1 1 0 1000 50 35000
1 15 1 1 109821 22 0 976 7000 0 1 1 0 1000 50 35000
1 15 1 1 109844 23 0 954 7000 0 1 1 0 1000 50 35000
1 15 1 1 109867 23 0 931 7000 0 1 1 0 1000 50 35000
1 15 1 1 109889 22 0 908 7000 0 1 1 0 1000 50 35000
1 15 1 1 109912 23 0 886 7000 0 1 1 0 1000 50 35000
1 15 1 1 109934 22 0 863 7000 0 1 1 0 1000 50 35000
1 15 1 1 109957 23 0 841 7000 0 1 1 0 1000 50 35000
1 15 1 1 109979 22 0 818 7000 0 1 1 0 1000 50 35000
1 15 1 1 110002 23 0 796 7000 0 1 1 0 1000 50 35000
1 15 1 1 110024 22 0 773 7000 0 1 1 0 1000 50 35000
1 15 1 1 110047 23 0 751 7000 0 1 1 0 1000 50 35000
1 15 1 1 110069 22 0 728 7000 0 1 1 0 1000 50 35000
1 15 1 1 110092 23 0 706 7000 0 1 1 0 1000 50 35000
1 15 1 1 110114 22 0 683 7000 0 1 1 0 1000 50 35000
1 15 1 1 110137 23 0 661 7000 0 1 1 0 1000 50 35000
1 15 1 1 110159 22 0 638 7000 0 1 1 0 1000 50 35000
1 15 1 1 110182 23 0 616 7000 0 1 1 0 1000 50 35000
1 15 1 1 110204 22 0 593 7000 0 1 1 0 1000 50 35000
1 16 1 1 110227 23 0 571 7000 0 1 1 0 1000 50 35000
1 23 1 1 110249 22 0 548 7000 0 1 1 0 1000 50 35000
1 56 1 1 110272 23 0 526 7000 0 1 1 0 1000 50 35000
1 25 1 1 110295 23 0 503 7000 0 1 1 0 1000 50 35000
1 23 1 1 110317 22 0 480 7000 0 1 1 0 1000 50 35000
1 35 1 1 110340 23 0 458 7000 0 1 1 0 1000 50 35000
1 52 1 1 110362 22 0 435 7000 0 1 1 0 1000 50 35000
1 108 1 1 110385 23 0 413 7000 0 1 1 0 1000 50 35000
1 113 1 1 110407 22 0 390 7000 0 1 1 0 1000 50 35000
1 116 1 1 110430 23 0 368 7000 0 1 1 0 1000 50 35000
1 42 1 1 110452 22 0 345 7000 0 1 1 0 1000 50 35000
1 43 1 1 110475 23 0 323 7000 0 1 1 0 1000 50 35000
1 49 1 1 110497 22 0 300 7000 0 1 1 0 1000 50 35000
1 38 1 1 110520 23 0 278 7000 0 1 1 0 1000 50 35000
1 23 1 1 110542 22 0 255 7000 0 1 1 0 1000 50 35000
1 23 1 1 110565 23 0 233 7000 0 1 1 0 1000 50 35000
1 21 1 1 110587 22 0 210 7000 0 1 1 0 1000 50 35000
1 23 1 1 110610 23 0 188 7000 0 1 1 0 1000 50 35000
1 19 1 1 110632 22 0 165 7000 0 1 1 0 1000 50 35000
1 20 1 1 110655 23 0 143 7000 0 1 1 0 1000 50 35000
1 20 1 1 110678 23 0 120 7000 0 1 1 0 1000 50 35000
1 20 1 1 110700 22 0 97 7000 0 1 1 0 1000 50 35000
1 20 1 1 110723 23 0 75 7000 0 1 1 0 1000 50 35000
1 20 1 1 110745 22 0 52 7000 0 1 1 0 1000 50 35000
1 23 1 1 110768 23 0 30 7000 0 1 1 0 1000 50 35000
1 23 1 1 110790 22 0 7 7000 0 1 1 0 1000 50 35000
1 19 1 1 110812 22 0 -15 7000 0 1 1 0 1000 50 35000
1 19 1 2 110834 22 0 -15 7000 0 1 1 0 1000 50 35000
1 19 1 2 110857 23 0 -15 6978 0 1 1 0 1000 50 35000
1 19 1 2 110879 22 0 -15 6955 0 1 1 0 1000 50 35000
1 19 1 2 110902 23 0 -15 6933 0 1 1 0 1000 50 35000
1 19 1 2 110924 22 0 -15 6910 0 1 1 0 1000 50 35000
1 18 1 2 110947 23 0 -15 6888 0 1 1 0 1000 50 35000
1 19 1 2 110969 22 0 -15 6865 0 1 1 0 1000 50 35000
1 18 1 2 110992 23 0 -15 6843 0 1 1 0 1000 50 35000
1 18 1 2 111014 22 0 -15 6820 0 1 1 0 1000 50 35000
1 18 1 2 111037 23 0 -15 6798 0 1 1 0 1000 50 35000
1 18 1 2 111059 22 0 -15 6775 0 1 1 0 1000 50 35000
1 18 1 2 111082 23 0 -15 6753 0 1 1 0 1000 50 35000
1 18 1 2 111105 23 0 -15 6730 0 1 1 0 1000 50 35000
1 18 1 2 111127 22 0 -15 6707 0 1 1 0 1000 50 35000
1 18 1 2 111150 23 0 -15 6685 0 1 1 0 1000 50 35000
1 18 1 2 111172 22 0 -15 6662 0 1 1 0 1000 50 35000
1 18 1 2 111195 23 0 -15 6640 0 1 1 0 1000 50 35000
1 18 1 2 111217 22 0 -15 6617 0 1 1 0 1000 50 35000
1 18 1 2 111240 23 0 -15 6595 0 1 1 0 1000 50 35000
1 18 1 2 111262 22 0 -15 6572 0 1 1 0 1000 50 35000
1 18 1 2 111285 23 0 -15 6550 0 1 1 0 1000 50 35000
1 18 1 2 111307 22 0 -15 6527 0 1 1 0 1000 50 35000
1 18 1 2 111330 23 0 -15 6505 0 1 1 0 1000 50 35000
1 18 1 2 111352 22 0 -15 6482 0 1 1 0 1000 50 35000
1 18 1 2 111375 23 0 -15 6460 0 1 1 0 1000 50 35000
1 18 1 2 111397 22 0 -15 6437 0 1 1 0 1000 50 35000
1 18 1 2 111420 23 0 -15 6415 0 1 1 0 1000 50 35000
1 18 1 2 111442 22 0 -15 6392 0 1 1 0 1000 50 35000
1 18 1 2 111465 23 0 -15 6370 0 1 1 0 1000 50 35000
1 18 1 2 111488 23 0 -15 6347 0 1 1 0 1000 50 35000
1 18 1 2 111510 22 0 -15 6324 0 1 1 0 1000 50 35000
1 18 1 2 111532 22 0 -15 6302 0 1 1 0 1000 50 35000
1 18 1 2 111554 22 0 -15 6280 0 1 1 0 1000 50 35000
1 18 1 2 111577 23 0 -15 6258 0 1 1 0 1000 50 35000
1 18 1 2 111599 22 0 -15 6235 0 1 1 0 1000 50 35000
1 18 1 2 111622 23 0 -15 6213 0 1 1 0 1000 50 35000
1 18 1 2 111644 22 0 -15 6190 0 1 1 0 1000 50 35000
1 18 1 2 111667 23 0 -15 6168 0 1 1 0 1000 50 35000
1 18 1 2 111689 22 0 -15 6145 0 1 1 0 1000 50 35000
1 18 1 2 111712 23 0 -15 6123 0 1 1 0 1000 50 35000
1 18 1 2 111734 22 0 -15 6100 0 1 1 0 1000 50 35000
1 18 1 2 111757 23 0 -15 6078 0 1 1 0 1000 50 35000
1 18 1 2 111779 22 0 -15 6055 0 1 1 0 1000 50 35000
1 18 1 2 111802 23 0 -15 6033 0 1 1 0 1000 50 35000
1 18 1 2 111824 22 0 -15 6010 0 1 1 0 1000 50 35000
1 18 1 2 111847 23 0 -15 5988 0 1 1 0 1000 50 35000
1 18 1 2 111869 22 0 -15 5965 0 1 1 0 1000 50 35000
1 18 1 2 111892 23 0 -15 5943 0 1 1 0 1000 50 35000
1 18 1 2 111915 23 0 -15 5920 0 1 1 0 1000 50 35000
1 18 1 2 111937 22 0 -15 5897 0 1 1 0 1000 50 35000
1 18 1 2 111960 23 0 -15 5875 0 1 1 0 1000 50 35000
1 18 1 2 111982 22 0 -15 5852 0 1 1 0 1000 50 35000
1 18 1 2 112005 23 0 -15 5830 0 1 1 0 1000 50 35000
1 18 1 2 112027 22 0 -15 5807 0 1 1 0 1000 50 35000
1 18 1 2 112050 23 0 -15 5785 0 1 1 0 1000 50 35000
1 18 1 2 112072 22 0 -15 5762 0 1 1 0 1000 50 35000
1 18 1 2 112095 23 0 -15 5740 0 1 1 0 1000 50 35000
1 18 1 2 112117 22 0 -15 5717 0 1 1 0 1000 50 35000
1 18 1 2 112140 23 0 -15 5695 0 1 1 0 1000 50 35000
1 18 1 2 112162 22 0 -15 5672 0 1 1 0 1000 50 35000
1 18 1 2 112185 23 0 -15 5650 0 1 1 0 1000 50 35000
1 18 1 2 112207 22 0 -15 5627 0 1 1 0 1000 50 35000
1 18 1 2 112230 23 0 -15 5605 0 1 1 0 1000 50 35000
1 18 1 2 112252 22 0 -15 5582 0 1 1 0 1000 50 35000
1 18 1 2 112275 23 0 -15 5560 0 1 1 0 1000 50 35000
1 18 1 2 112297 22 0 -15 5537 0 1 1 0 1000 50 35000
1 18 1 2 112319 22 0 -15 5515 0 1 1 0 1000 50 35000
1 18 1 2 112342 23 0 -15 5493 0 1 1 0 1000 50 35000
1 18 1 2 112364 22 0 -15 5470 0 1 1 0 1000 50 35000
1 18 1 2 112387 23 0 -15 5448 0 1 1 0 1000 50 35000
1 18 1 2 112409 22 0 -15 5425 0 1 1 0 1000 50 35000
1 18 1 2 112432 23 0 -15 5403 0 1 1 0 1000 50 35000
1 18 1 2 112454 22 0 -15 5380 0 1 1 0 1000 50 35000
1 18 1 2 112477 23 0 -15 5358 0 1 1 0 1000 50 35000
1 18 1 2 112499 22 0 -15 5335 0 1 1 0 1000 50 35000
1 18 1 2 112522 23 0 -15 5313 0 1 1 0 1000 50 35000
1 18 1 2 112544 22 0 -15 5290 0 1 1 0 1000 50 35000
1 18 1 2 112567 23 0 -15 5268 0 1 1 0 1000 50 35000
1 18 1 2 112589 22 0 -15 5245 0 1 1 0 1000 50 35000
1 18 1 2 112612 23 0 -15 5223 0 1 1 0 1000 50 35000
1 18 1 2 112634 22 0 -15 5200 0 1 1 0 1000 50 35000
1 18 1 2 112657 23 0 -15 5178 0 1 1 0 1000 50 35000
1 18 1 2 112679 22 0 -15 5155 0 1 1 0 1000 50 35000
1 18 1 2 112702 23 0 -15 5133 0 1 1 0 1000 50 35000
1 18 1 2 112724 22 0 -15 5110 0 1 1 0 1000 50 35000
1 18 1 2 112747 23 0 -15 5088 0 1 1 0 1000 50 35000
1 18 1 2 112770 23 0 -15 5065 0 1 1 0 1000 50 35000
1 18 1 2 112792 22 0 -15 5042 0 1 1 0 1000 50 35000
1 18 1 2 112815 23 0 -15 5020 0 1 1 0 1000 50 35000
1 18 1 2 112837 22 0 -15 4997 0 1 1 0 1000 50 35000
1 18 1 2 112860 23 0 -15 4975 0 1 1 0 1000 50 35000
1 18 1 2 112882 22 0 -15 4952 0 1 1 0 1000 50 35000
1 18 1 2 112905 23 0 -15 4930 0 1 1 0 1000 50 35000
1 18 1 2 112927 22 0 -15 4907 0 1 1 0 1000 50 35000
1 18 1 2 112950 23 0 -15 4885 0 1 1 0 1000 50 35000
1 18 1 2 112972 22 0 -15 4862 0 1 1 0 1000 50 35000
1 18 1 2 112995 23 0 -15 4840 0 1 1 0 1000 50 35000
1 18 1 2 113017 22 0 -15 4817 0 1 1 0 1000 50 35000
1 18 1 2 113040 23 0 -15 4795 0 1 1 0 1000 50 35000
1 18 1 2 113062 22 0 -15 4772 0 1 1 0 1000 50 35000
1 18 1 2 113084 22 0 -15 4750 0 1 1 0 1000 50 35000
1 18 1 2 113106 22 0 -15 4728 0 1 1 0 1000 50 35000
1 18 1 2 113129 23 0 -15 4706 0 1 1 0 1000 50 35000
1 18 1 2 113152 23 0 -15 4683 0 1 1 0 1000 50 35000
1 18 1 2 113174 22 0 -15 4660 0 1 1 0 1000 50 35000
1 18 1 2 113197 23 0 -15 4638 0 1 1 0 1000 50 35000
1 18 1 2 113219 22 0 -15 4615 0 1 1 0 1000 50 35000
1 18 1 2 113242 23 0 -15 4593 0 1 1 0 1000 50 35000
1 18 1 2 113264 22 0 -15 4570 0 1 1 0 1000 50 35000
1 18 1 2 113287 23 0 -15 4548 0 1 1 0 1000 50 35000
1 18 1 2 113309 22 0 -15 4525 0 1 1 0 1000 50 35000
1 18 1 2 113332 23 0 -15 4503 0 1 1 0 1000 50 35000
1 18 1 2 113354 22 0 -15 4480 0 1 1 0 1000 50 35000
1 18 1 2 113377 23 0 -15 4458 0 1 1 0 1000 50 35000
1 18 1 2 113399 22 0 -15 4435 0 1 1 0 1000 50 35000
1 18 1 2 113422 23 0 -15 4413 0 1 1 0 1000 50 35000
1 17 1 2 113444 22 0 -15 4390 0 1 1 0 1000 50 35000
1 18 1 2 113467 23 0 -15 4368 0 1 1 0 1000 50 35000
1 18 1 2 113489 22 0 -15 4345 0 1 1 0 1000 50 35000
1 18 1 2 113512 23 0 -15 4323 0 1 1 0 1000 50 35000
1 18 1 2 113534 22 0 -15 4300 0 1 1 0 1000 50 35000
1 18 1 2 113557 23 0 -15 4278 0 1 1 0 1000 50 35000
1 18 1 2 113580 23 0 -15 4255 0 1 1 0 1000 50 35000
1 18 1 2 113602 22 0 -15 4232 0 1 1 0 1000 50 35000
1 18 1 2 113625 23 0 -15 4210 0 1 1 0 1000 50 35000
1 18 1 2 113647 22 0 -15 4187 0 1 1 0 1000 50 35000
1 18 1 2 113670 23 0 -15 4165 0 1 1 0 1000 50 35000
1 18 1 2 113692 22 0 -15 4142 0 1 1 0 1000 50 35000
1 18 1 2 113715 23 0 -15 4120 0 1 1 0 1000 50 35000
1 18 1 2 113737 22 0 -15 4097 0 1 1 0 1000 50 35000
1 18 1 2 113760 23 0 -15 4075 0 1 1 0 1000 50 35000
1 18 1 2 113782 22 0 -15 4052 0 1 1 0 1000 50 35000
1 18 1 2 113805 23 0 -15 4030 0 1 1 0 1000 50 35000
1 18 1 2 113827 22 0 -15 4007 0 1 1 0 1000 50 35000
1 18 1 2 113850 23 0 -15 3985 0 1 1 0 1000 50 35000
1 18 1 2 113871 21 0 -15 3962 0 1 1 0 1000 50 35000
1 18 1 2 113894 23 0 -15 3941 0 1 1 0 1000 50 35000
1 18 1 2 113916 22 0 -15 3918 0 1 1 0 1000 50 35000
1 18 1 2 113939 23 0 -15 3896 0 1 1 0 1000 50 35000
1 18 1 2 113961 22 0 -15 3873 0 1 1 0 1000 50 35000
1 18 1 2 113984 23 0 -15 3851 0 1 1 0 1000 50 35000
1 18 1 2 114007 23 0 -15 3828 0 1 1 0 1000 50 35000
1 18 1 2 114029 22 0 -15 3805 0 1 1 0 1000 50 35000
1 18 1 2 114052 23 0 -15 3783 0 1 1 0 1000 50 35000
1 18 1 2 114074 22 0 -15 3760 0 1 1 0 1000 50 35000
1 18 1 2 114097 23 0 -15 3738 0 1 1 0 1000 50 35000
1 18 1 2 114119 22 0 -15 3715 0 1 1 0 1000 50 35000
1 18 1 2 114142 23 0 -15 3693 0 1 1 0 1000 50 35000
1 18 1 2 114164 22 0 -15 3670 0 1 1 0 1000 50 35000
1 18 1 2 114187 23 0 -15 3648 0 1 1 0 1000 50 35000
1 18 1 2 114209 22 0 -15 3625 0 1 1 0 1000 50 35000
1 18 1 2 114232 23 0 -15 3603 0 1 1 0 1000 50 35000
1 18 1 2 114254 22 0 -15 3580 0 1 1 0 1000 50 35000
1 18 1 2 114277 23 0 -15 3558 0 1 1 0 1000 50 35000
1 18 1 2 114299 22 0 -15 3535 0 1 1 0 1000 50 35000
1 18 1 2 114322 23 0 -15 3513 0 1 1 0 1000 50 35000
1 18 1 2 114344 22 0 -15 3490 0 1 1 0 1000 50 35000
1 18 1 2 114367 23 0 -15 3468 0 1 1 0 1000 50 35000
1 18 1 2 114390 23 0 -15 3445 0 1 1 0 1000 50 35000
1 18 1 2 114412 22 0 -15 3422 0 1 1 0 1000 50 35000
1 18 1 2 114435 23 0 -15 3400 0 1 1 0 1000 50 35000
1 18 1 2 114457 22 0 -15 3377 0 1 1 0 1000 50 35000
1 18 1 2 114480 23 0 -15 3355 0 1 1 0 1000 50 35000
1 18 1 2 114502 22 0 -15 3332 0 1 1 0 1000 50 35000
1 18 1 2 114525 23 0 -15 3310 0 1 1 0 1000 50 35000
1 18 1 2 114547 22 0 -15 3287 0 1 1 0 1000 50 35000
1 18 1 2 114570 23 0 -15 3265 0 1 1 0 1000 50 35000
1 18 1 2 114592 22 0 -15 3242 0 1 1 0 1000 50 35000
1 18 1 2 114615 23 0 -15 3220 0 1 1 0 1000 50 35000
1 18 1 2 114636 21 0 -15 3197 0 1 1 0 1000 50 35000
1 18 1 2 114659 23 0 -15 3176 0 1 1 0 1000 50 35000
1 18 1 2 114681 22 0 -15 3153 0 1 1 0 1000 50 35000
1 18 1 2 114704 23 0 -15 3131 0 1 1 0 1000 50 35000
1 18 1 2 114726 22 0 -15 3108 0 1 1 0 1000 50 35000
1 18 1 2 114749 23 0 -15 3086 0 1 1 0 1000 50 35000
1 18 1 2 114771 22 0 -15 3063 0 1 1 0 1000 50 35000
1 18 1 2 114794 23 0 -15 3041 0 1 1 0 1000 50 35000
1 18 1 2 114817 23 0 -15 3018 0 1 1 0 1000 50 35000
1 18 1 2 114839 22 0 -15 2995 0 1 1 0 1000 50 35000
1 18 1 2 114862 23 0 -15 2973 0 1 1 0 1000 50 35000
1 18 1 2 114884 22 0 -15 2950 0 1 1 0 1000 50 35000
1 18 1 2 114907 23 0 -15 2928 0 1 1 0 1000 50 35000
1 18 1 2 114929 22 0 -15 2905 0 1 1 0 1000 50 35000
1 18 1 2 114952 23 0 -15 2883 0 1 1 0 1000 50 35000
1 18 1 2 114974 22 0 -15 2860 0 1 1 0 1000 50 35000
1 18 1 2 114997 23 0 -15 2838 0 1 1 0 1000 50 35000
1 18 1 2 115019 22 0 -15 2815 0 1 1 0 1000 50 35000
1 18 1 2 115042 23 0 -15 2793 0 1 1 0 1000 50 35000
1 18 1 2 115064 22 0 -15 2770 0 1 1 0 1000 50 35000
1 18 1 2 115087 23 0 -15 2748 0 1 1 0 1000 50 35000
1 18 1 2 115109 22 0 -15 2725 0 1 1 0 1000 50 35000
1 18 1 2 115132 23 0 -15 2703 0 1 1 0 1000 50 35000
1 18 1 2 115154 22 0 -15 2680 0 1 1 0 1000 50 35000
1 18 1 2 115177 23 0 -15 2658 0 1 1 0 1000 50 35000
1 18 1 2 115200 23 0 -15 2635 0 1 1 0 1000 50 35000
1 18 1 2 115222 22 0 -15 2612 0 1 1 0 1000 50 35000
1 18 1 2 115245 23 0 -15 2590 0 1 1 0 1000 50 35000
1 18 1 2 115267 22 0 -15 2567 0 1 1 0 1000 50 35000
1 18 1 2 115290 23 0 -15 2545 0 1 1 0 1000 50 35000
1 18 1 2 115312 22 0 -15 2522 0 1 1 0 1000 50 35000
1 18 1 2 115335 23 0 -15 2500 0 1 1 0 1000 50 35000
1 18 1 2 115357 22 0 -15 2477 0 1 1 0 1000 50 35000
1 18 1 2 115379 22 0 -15 2455 0 1 1 0 1000 50 35000
1 18 1 2 115401 22 0 -15 2433 0 1 1 0 1000 50 35000
1 18 1 2 115424 23 0 -15 2411 0 1 1 0 1000 50 35000
1 18 1 2 115446 22 0 -15 2388 0 1 1 0 1000 50 35000
1 18 1 2 115469 23 0 -15 2366 0 1 1 0 1000 50 35000
1 18 1 2 115491 22 0 -15 2343 0 1 1 0 1000 50 35000
1 18 1 2 115514 23 0 -15 2321 0 1 1 0 1000 50 35000
1 18 1 2 115536 22 0 -15 2298 0 1 1 0 1000 50 35000
1 18 1 2 115559 23 0 -15 2276 0 1 1 0 1000 50 35000
1 18 1 2 115581 22 0 -15 2253 0 1 1 0 1000 50 35000
1 18 1 2 115604 23 0 -15 2231 0 1 1 0 1000 50 35000
1 18 1 2 115627 23 0 -15 2208 0 1 1 0 1000 50 35000
1 18 1 2 115649 22 0 -15 2185 0 1 1 0 1000 50 35000
1 18 1 2 115672 23 0 -15 2163 0 1 1 0 1000 50 35000
1 18 1 2 115694 22 0 -15 2140 0 1 1 0 1000 50 35000
1 18 1 2 115717 23 0 -15 2118 0 1 1 0 1000 50 35000
1 18 1 2 115739 22 0 -15 2095 0 1 1 0 1000 50 35000
1 18 1 2 115762 23 0 -15 2073 0 1 1 0 1000 50 35000
1 18 1 2 115784 22 0 -15 2050 0 1 1 0 1000 50 35000
1 18 1 2 115807 23 0 -15 2028 0 1 1 0 1000 50 35000
1 18 1 2 115829 22 0 -15 2005 0 1 1 0 1000 50 35000
1 17 1 2 115852 23 0 -15 1983 0 1 1 0 1000 50 35000
1 17 1 2 115874 22 0 -15 1960 0 1 1 0 1000 50 35000
1 17 1 2 115897 23 0 -15 1938 0 1 1 0 1000 50 35000
1 17 1 2 115919 22 0 -15 1915 0 1 1 0 1000 50 35000
1 17 1 2 115942 23 0 -15 1893 0 1 1 0 1000 50 35000
1 17 1 2 115964 22 0 -15 1870 0 1 1 0 1000 50 35000
1 17 1 2 115987 23 0 -15 1848 0 1 1 0 1000 50 35000
1 17 1 2 116009 22 0 -15 1825 0 1 1 0 1000 50 35000
1 17 1 2 116032 23 0 -15 1803 0 1 1 0 1000 50 35000
1 17 1 2 116055 23 0 -15 1780 0 1 1 0 1000 50 35000
1 17 1 2 116077 22 0 -15 1757 0 1 1 0 1000 50 35000
1 17 1 2 116100 23 0 -15 1735 0 1 1 0 1000 50 35000
1 17 1 2 116122 22 0 -15 1712 0 1 1 0 1000 50 35000
1 17 1 2 116144 22 0 -15 1690 0 1 1 0 1000 50 35000
1 17 1 2 116166 22 0 -15 1668 0 1 1 0 1000 50 35000
1 17 1 2 116189 23 0 -15 1646 0 1 1 0 1000 50 35000
1 17 1 2 116211 22 0 -15 1623 0 1 1 0 1000 50 35000
1 17 1 2 116234 23 0 -15 1601 0 1 1 0 1000 50 35000
1 17 1 2 116256 22 0 -15 1578 0 1 1 0 1000 50 35000
1 17 1 2 116279 23 0 -15 1556 0 1 1 0 1000 50 35000
1 17 1 2 116301 22 0 -15 1533 0 1 1 0 1000 50 35000
1 17 1 2 116324 23 0 -15 1511 0 1 1 0 1000 50 35000
1 17 1 2 116346 22 0 -15 1488 0 1 1 0 1000 50 35000
1 17 1 2 116369 23 0 -15 1466 0 1 1 0 1000 50 35000
1 17 1 2 116391 22 0 -15 1443 0 1 1 0 1000 50 35000
1 17 1 2 116414 23 0 -15 1421 0 1 1 0 1000 50 35000
1 17 1 2 116436 22 0 -15 1398 0 1 1 0 1000 50 35000
1 17 1 2 116459 23 0 -15 1376 0 1 1 0 1000 50 35000
1 17 1 2 116482 23 0 -15 1353 0 1 1 0 1000 50 35000
1 17 1 2 116504 22 0 -15 1330 0 1 1 0 1000 50 35000
1 17 1 2 116527 23 0 -15 1308 0 1 1 0 1000 50 35000
1 17 1 2 116549 22 0 -15 1285 0 1 1 0 1000 50 35000
1 17 1 2 116572 23 0 -15 1263 0 1 1 0 1000 50 35000
1 17 1 2 116594 22 0 -15 1240 0 1 1 0 1000 50 35000
1 17 1 2 116617 23 0 -15 1218 0 1 1 0 1000 50 35000
1 17 1 2 116639 22 0 -15 1195 0 1 1 0 1000 50 35000
1 17 1 2 116662 23 0 -15 1173 0 1 1 0 1000 50 35000
1 17 1 2 116684 22 0 -15 1150 0 1 1 0 1000 50 35000
1 17 1 2 116707 23 0 -15 1128 0 1 1 0 1000 50 35000
1 17 1 2 116729 22 0 -15 1105 0 1 1 0 1000 50 35000
1 17 1 2 116752 23 0 -15 1083 0 1 1 0 1000 50 35000
1 17 1 2 116774 22 0 -15 1060 0 1 1 0 1000 50 35000
1 17 1 2 116797 23 0 -15 1038 0 1 1 0 1000 50 35000
1 18 1 2 116819 22 0 -15 1015 0 1 1 0 1000 50 35000
1 18 1 2 116842 23 0 -15 993 0 1 1 0 1000 50 35000
1 18 1 2 116864 22 0 -15 970 0 1 1 0 1000 50 35000
1 18 1 2 116886 22 0 -15 948 0 1 1 0 1000 50 35000
1 17 1 2 116909 23 0 -15 926 0 1 1 0 1000 50 35000
1 17 1 2 116931 22 0 -15 903 0 1 1 0 1000 50 35000
1 17 1 2 116954 23 0 -15 881 0 1 1 0 1000 50 35000
1 17 1 2 116976 22 0 -15 858 0 1 1 0 1000 50 35000
1 17 1 2 116999 23 0 -15 836 0 1 1 0 1000 50 35000
1 17 1 2 117021 22 0 -15 813 0 1 1 0 1000 50 35000
1 17 1 2 117044 23 0 -15 791 0 1 1 0 1000 50 35000
1 18 1 2 117066 22 0 -15 768 0 1 1 0 1000 50 35000
1 17 1 2 117089 23 0 -15 746 0 1 1 0 1000 50 35000
1 17 1 2 117111 22 0 -15 723 0 1 1 0 1000 50 35000
1 17 1 2 117133 22 0 -15 701 0 1 1 0 1000 50 35000
1 17 1 2 117155 22 0 -15 679 0 1 1 0 1000 50 35000
1 17 1 2 117178 23 0 -15 657 0 1 1 0 1000 50 35000
1 17 1 2 117200 22 0 -15 634 0 1 1 0 1000 50 35000
1 17 1 2 117223 23 0 -15 612 0 1 1 0 1000 50 35000
1 17 1 2 117245 22 0 -15 589 0 1 1 0 1000 50 35000
1 17 1 2 117268 23 0 -15 567 0 1 1 0 1000 50 35000
1 17 1 2 117291 23 0 -15 544 0 1 1 0 1000 50 35000
1 17 1 2 117313 22 0 -15 521 0 1 1 0 1000 50 35000
1 17 1 2 117336 23 0 -15 499 0 1 1 0 1000 50 35000
1 17 1 2 117358 22 0 -15 476 0 1 1 0 1000 50 35000
1 17 1 2 117381 23 0 -15 454 0 1 1 0 1000 50 35000
1 17 1 2 117402 21 0 -15 431 0 1 1 0 1000 50 35000
1 17 1 2 117425 23 0 -15 410 0 1 1 0 1000 50 35000
1 17 1 2 117447 22 0 -15 387 0 1 1 0 1000 50 35000
1 17 1 2 117470 23 0 -15 365 0 1 1 0 1000 50 35000
1 17 1 2 117492 22 0 -15 342 0 1 1 0 1000 50 35000
1 17 1 2 117515 23 0 -15 320 0 1 1 0 1000 50 35000
1 17 1 2 117537 22 0 -15 297 0 1 1 0 1000 50 35000
1 17 1 2 117560 23 0 -15 275 0 1 1 0 1000 50 35000
1 17 1 2 117582 22 0 -15 252 0 1 1 0 1000 50 35000
1 17 1 2 117605 23 0 -15 230 0 1 1 0 1000 50 35000
1 17 1 2 117627 22 0 -15 207 0 1 1 0 1000 50 35000
1 17 1 2 117650 23 0 -15 185 0 1 1 0 1000 50 35000
1 17 1 2 117671 21 0 -15 162 0 1 1 0 1000 50 35000
1 17 1 2 117694 23 0 -15 141 0 1 1 0 1000 50 35000
1 17 1 2 117716 22 0 -15 118 0 1 1 0 1000 50 35000
1 17 1 2 117739 23 0 -15 96 0 1 1 0 1000 50 35000
1 17 1 2 117762 23 0 -15 73 0 1 1 0 1000 50 35000
1 17 1 2 117784 22 0 -15 50 0 1 1 0 1000 50 35000
1 17 1 2 117807 23 0 -15 28 0 1 1 0 1000 50 35000
1 17 1 2 117829 22 0 -15 5 0 1 1 0 1000 50 35000
1 17 1 2 117852 23 0 -15 -17 0 1 1 0 1000 50 35000
1 17 1 3 117873 21 0 -15 -17 0 1 1 0 1000 50 35000
1 17 1 3 117896 23 0 -15 -17 0 1 1 0 1000 50 34979
1 17 1 3 117918 22 0 -15 -17 22 1 1 0 1000 50 34956
1 17 1 3 117941 23 0 -15 -17 45 1 1 0 1000 50 34934
1 17 1 3 117963 22 0 -15 -17 67 1 1 0 1000 50 34911
1 17 1 3 117986 23 0 -15 -17 90 1 1 0 1000 50 34889
1 17 1 3 118008 22 0 -15 -17 112 1 1 0 1000 50 34866
1 17 1 3 118031 23 0 -15 -17 135 1 1 0 1000 50 34844
1 17 1 3 118053 22 0 -15 -17 157 1 1 0 1000 50 34821
1 17 1 3 118076 23 0 -15 -17 180 1 1 0 1000 50 34799
1 17 1 3 118098 22 0 -15 -17 202 1 1 0 1000 50 34776
1 17 1 3 118121 23 0 -15 -17 225 1 1 0 1000 50 34754
1 17 1 3 118144 23 0 -15 -17 248 1 1 0 1000 50 34731
1 17 1 3 118166 22 0 -15 -17 270 1 1 0 1000 50 34708
1 17 1 3 118189 23 0 -15 -17 293 1 1 0 1000 50 34686
1 17 1 3 118211 22 0 -15 -17 315 1 1 0 1000 50 34663
1 17 1 3 118234 23 0 -15 -17 338 1 1 0 1000 50 34641
1 17 1 3 118256 22 0 -15 -17 360 1 1 0 1000 50 34618
1 17 1 3 118279 23 0 -15 -17 383 1 1 0 1000 50 34596
1 17 1 3 118301 22 0 -15 -17 405 1 1 0 1000 50 34573
1 17 1 3 118324 23 0 -15 -17 428 1 1 0 1000 50 34551
1 17 1 3 118346 22 0 -15 -17 450 0 0 0 1000 50 34528
1 17 1 3 118369 23 0 -15 -17 473 0 0 0 1000 50 34506
1 17 1 3 118391 22 0 -15 -17 495 0 0 0 1000 50 34483
1 17 1 3 118414 23 0 -15 -17 518 0 0 0 1000 50 34461
1 17 1 3 118436 22 0 -15 -17 540 0 0 0 1000 50 34438
1 17 1 3 118459 23 0 -15 -17 563 0 0 0 1000 50 34416
1 17 1 3 118481 22 0 -15 -17 585 0 0 0 1000 50 34393
1 17 1 3 118504 23 0 -15 -17 608 0 0 0 1000 50 34371
1 17 1 3 118526 22 0 -15 -17 630 0 0 0 1000 50 34348
1 17 1 3 118549 23 0 -15 -17 653 0 0 0 1000 50 34326
1 17 1 3 118572 23 0 -15 -17 676 0 0 0 1000 50 34303
1 17 1 3 118594 22 0 -15 -17 698 0 0 0 1000 50 34280
1 17 1 3 118617 23 0 -15 -17 721 0 0 0 1000 50 34258
1 17 1 3 118639 22 0 -15 -17 743 0 0 0 1000 50 34235
1 17 1 3 118662 23 0 -15 -17 766 0 0 0 1000 50 34213
1 17 1 3 118684 22 0 -15 -17 788 0 0 0 1000 50 34190
1 17 1 3 118707 23 0 -15 -17 811 0 0 0 1000 50 34168
1 17 1 3 118729 22 0 -15 -17 833 0 0 0 1000 50 34145
1 17 1 3 118752 23 0 -15 -17 856 0 0 0 1000 50 34123
1 17 1 3 118774 22 0 -15 -17 878 0 0 0 1000 50 34100
1 17 1 3 118797 23 0 -15 -17 901 0 0 0 1000 50 34078
1 17 1 3 118819 22 0 -15 -17 923 0 0 0 1000 50 34055
1 17 1 3 118842 23 0 -15 -17 946 0 0 0 1000 50 34033
1 17 1 3 118864 22 0 -15 -17 968 0 0 0 1000 50 34010
1 17 1 3 118887 23 0 -15 -17 991 0 0 0 1000 50 33988
1 17 1 3 118909 22 0 -15 -17 1013 0 0 0 1000 50 33965
1 17 1 3 118932 23 0 -15 -17 1036 0 0 0 1000 50 33943
1 17 1 3 118955 23 0 -15 -17 1059 0 0 0 1000 50 33920
1 17 1 3 118977 22 0 -15 -17 1081 0 0 0 1000 50 33897
1 17 1 3 119000 23 0 -15 -17 1104 0 0 0 1000 50 33875
1 17 1 3 119022 22 0 -15 -17 1126 0 0 0 1000 50 33852
1 17 1 3 119045 23 0 -15 -17 1149 0 0 0 1000 50 33830
1 17 1 3 119067 22 0 -15 -17 1171 0 0 0 1000 50 33807
1 17 1 3 119090 23 0 -15 -17 1194 0 0 0 1000 50 33785
1 17 1 3 119112 22 0 -15 -17 1216 0 0 0 1000 50 33762
1 17 1 3 119135 23 0 -15 -17 1239 0 0 0 1000 50 33740
1 17 1 3 119157 22 0 -15 -17 1261 0 0 0 1000 50 33717
1 17 1 3 119180 23 0 -15 -17 1284 0 0 0 1000 50 33695
1 17 1 3 119202 22 0 -15 -17 1306 0 0 0 1000 50 33672
1 17 1 3 119225 23 0 -15 -17 1329 0 0 0 1000 50 33650
1 17 1 3 119247 22 0 -15 -17 1351 0 0 0 1000 50 33627
1 17 1 3 119270 23 0 -15 -17 1374 0 0 0 1000 50 33605
1 17 1 3 119292 22 0 -15 -17 1396 0 0 0 1000 50 33582
1 17 1 3 119315 23 0 -15 -17 1419 0 0 0 1000 50 33560
1 17 1 3 119337 22 0 -15 -17 1441 0 0 0 1000 50 33537
1 17 1 3 119360 23 0 -15 -17 1464 0 0 0 1000 50 33515
1 17 1 3 119383 23 0 -15 -17 1487 0 0 0 1000 50 33492
1 17 1 3 119405 22 0 -15 -17 1509 0 0 0 1000 50 33469
1 17 1 3 119428 23 0 -15 -17 1532 0 0 0 1000 50 33447
1 17 1 3 119450 22 0 -15 -17 1554 0 0 0 1000 50 33424
1 17 1 3 119473 23 0 -15 -17 1577 0 0 0 1000 50 33402
1 17 1 3 119495 22 0 -15 -17 1599 0 0 0 1000 50 33379
1 17 1 3 119518 23 0 -15 -17 1622 0 0 0 1000 50 33357
1 17 1 3 119541 23 0 -15 -17 1644 0 0 0 1000 50 33334
1 17 1 3 119564 23 0 -15 -17 1667 0 0 0 1000 50 33311
1 17 1 3 119586 22 0 -15 -17 1689 0 0 0 1000 50 33288
1 17 1 3 119609 23 0 -15 -17 1712 0 0 0 1000 50 33266
1 17 1 3 119631 22 0 -15 -17 1734 0 0 0 1000 50 33243
1 17 1 3 119654 23 0 -15 -17 1757 0 0 0 1000 50 33221
1 17 1 3 119676 22 0 -15 -17 1779 0 0 0 1000 50 33198
1 17 1 3 119699 23 0 -15 -17 1803 0 0 0 1000 50 33176
1 17 1 3 119721 22 0 -15 -17 1825 0 0 0 1000 50 33153
1 17 1 3 119744 23 0 -15 -17 1848 0 0 0 1000 50 33131
1 17 1 3 119767 23 0 -15 -17 1871 0 0 0 1000 50 33108
1 17 1 3 119789 22 0 -15 -17 1893 0 0 0 1000 50 33085
1 17 1 3 119812 23 0 -15 -17 1916 0 0 0 1000 50 33063
1 17 1 3 119834 22 0 -15 -17 1938 0 0 0 1000 50 33040
1 17 1 3 119857 23 0 -15 -17 1961 0 0 0 1000 50 33018
1 17 1 3 119879 22 0 -15 -17 1983 0 0 0 1000 50 32995
1 17 1 3 119902 23 0 -15 -17 2006 0 0 0 1000 50 32973
1 17 1 3 119924 22 0 -15 -17 2028 0 0 0 1000 50 32950
1 17 1 3 119947 23 0 -15 -17 2051 0 0 0 1000 50 32928
1 17 1 3 119969 22 0 -15 -17 2073 0 0 0 1000 50 32905
1 17 1 3 119992 23 0 -15 -17 2096 0 0 0 1000 50 32883
1 17 1 3 120014 22 0 -15 -17 2118 0 0 0 1000 50 32860
1 17 1 3 120037 23 0 -15 -17 2141 0 0 0 1000 50 32838
1 17 1 3 120059 22 0 -15 -17 2163 0 0 0 1000 50 32815
1 17 1 3 120082 23 0 -15 -17 2186 0 0 0 1000 50 32793
1 17 1 3 120104 22 0 -15 -17 2208 0 0 0 1000 50 32770
1 17 1 3 120127 23 0 -15 -17 2231 0 0 0 1000 50 32748
1 17 1 3 120150 23 0 -15 -17 2254 0 0 0 1000 50 32725
1 17 1 3 120172 22 0 -15 -17 2276 0 0 0 1000 50 32702
1 17 1 3 120195 23 0 -15 -17 2299 0 0 0 1000 50 32680
1 17 1 3 120217 22 0 -15 -17 2321 0 0 0 1000 50 32657
1 17 1 3 120240 23 0 -15 -17 2344 0 0 0 1000 50 32635
1 17 1 3 120262 22 0 -15 -17 2366 0 0 0 1000 50 32612
1 17 1 3 120285 23 0 -15 -17 2389 0 0 0 1000 50 32590
1 17 1 3 120307 22 0 -15 -17 2411 0 0 0 1000 50 32567
1 17 1 3 120331 24 0 -15 -17 2434 0 0 0 1000 50 32545
1 17 1 3 120353 22 0 -15 -17 2456 0 0 0 1000 50 32521
1 17 1 3 120376 23 0 -15 -17 2479 0 0 0 1000 50 32499
1 17 1 3 120398 22 0 -15 -17 2501 0 0 0 1000 50 32476
1 17 1 3 120421 23 0 -15 -17 2524 0 0 0 1000 50 32454
1 17 1 3 120443 22 0 -15 -17 2546 0 0 0 1000 50 32431
1 17 1 3 120466 23 0 -15 -17 2569 0 0 0 1000 50 32409
1 17 1 3 120488 22 0 -15 -17 2592 0 0 0 1000 50 32386
1 17 1 3 120511 23 0 -15 -17 2615 0 0 0 1000 50 32364
1 17 1 3 120534 23 0 -15 -17 2638 0 0 0 1000 50 32341
1 17 1 3 120556 22 0 -15 -17 2660 0 0 0 1000 50 32318
1 17 1 3 120579 23 0 -15 -17 2683 0 0 0 1000 50 32296
1 17 1 3 120601 22 0 -15 -17 2705 0 0 0 1000 50 32273
1 17 1 3 120624 23 0 -15 -17 2728 0 0 0 1000 50 32251
1 17 1 3 120646 22 0 -15 -17 2750 0 0 0 1000 50 32228
1 17 1 3 120669 23 0 -15 -17 2773 0 0 0 1000 50 32206
1 17 1 3 120691 22 0 -15 -17 2795 0 0 0 1000 50 32183
1 17 1 3 120714 23 0 -15 -17 2818 0 0 0 1000 50 32161
1 17 1 3 120736 22 0 -15 -17 2840 0 0 0 1000 50 32138
1 17 1 3 120759 23 0 -15 -17 2863 0 0 0 1000 50 32116
1 17 1 3 120781 22 0 -15 -17 2885 0 0 0 1000 50 32093
1 17 1 3 120804 23 0 -15 -17 2908 0 0 0 1000 50 32071
1 17 1 3 120826 22 0 -15 -17 2930 0 0 0 1000 50 32048
1 17 1 3 120849 23 0 -15 -17 2953 0 0 0 1000 50 32026
1 17 1 3 120871 22 0 -15 -17 2975 0 0 0 1000 50 32003
1 17 1 3 120894 23 0 -15 -17 2998 0 0 0 1000 50 31981
1 17 1 3 120916 22 0 -15 -17 3020 0 0 0 1000 50 31958
1 17 1 3 120939 23 0 -15 -17 3043 0 0 0 1000 50 31936
1 17 1 3 120962 23 0 -15 -17 3066 0 0 0 1000 50 31913
1 17 1 3 120984 22 0 -15 -17 3088 0 0 0 1000 50 31890
1 17 1 3 121007 23 0 -15 -17 3111 0 0 0 1000 50 31868
1 17 1 3 121029 22 0 -15 -17 3133 0 0 0 1000 50 31845
1 17 1 3 121053 24 0 -15 -17 3156 0 0 0 1000 50 31823
1 17 1 3 121075 22 0 -15 -17 3178 0 0 0 1000 50 31799
1 17 1 3 121098 23 0 -15 -17 3201 0 0 0 1000 50 31777
1 17 1 3 121120 22 0 -15 -17 3223 0 0 0 1000 50 31754
1 17 1 3 121143 23 0 -15 -17 3246 0 0 0 1000 50 31732
1 17 1 3 121165 22 0 -15 -17 3268 0 0 0 1000 50 31709
1 17 1 3 121188 23 0 -15 -17 3291 0 0 0 1000 50 31687
1 17 1 3 121210 22 0 -15 -17 3314 0 0 0 1000 50 31664
1 17 1 3 121233 23 0 -15 -17 3337 0 0 0 1000 50 31642
1 17 1 3 121255 22 0 -15 -17 3359 0 0 0 1000 50 31619
1 17 1 3 121278 23 0 -15 -17 3382 0 0 0 1000 50 31597
1 17 1 3 121300 22 0 -15 -17 3404 0 0 0 1000 50 31574
1 17 1 3 121323 23 0 -15 -17 3427 0 0 0 1000 50 31552
1 17 1 3 121346 23 0 -15 -17 3450 0 0 0 1000 50 31529
1 17 1 3 121368 22 0 -15 -17 3472 0 0 0 1000 50 31506
1 17 1 3 121391 23 0 -15 -17 3495 0 0 0 1000 50 31484
1 17 1 3 121413 22 0 -15 -17 3517 0 0 0 1000 50 31461
1 17 1 3 121436 23 0 -15 -17 3540 0 0 0 1000 50 31439
1 18 1 3 121458 22 0 -15 -17 3562 0 0 0 1000 50 31416
1 19 1 3 121481 23 0 -15 -17 3585 0 0 0 1000 50 31394
1 19 1 3 121503 22 0 -15 -17 3607 0 0 0 1000 50 31371
1 19 1 3 121526 23 0 -15 -17 3630 0 0 0 1000 50 31349
1 19 1 3 121548 22 0 -15 -17 3652 0 0 0 1000 50 31326
1 19 1 3 121571 23 0 -15 -17 3675 0 0 0 1000 50 31304
1 19 1 3 121593 22 0 -15 -17 3697 0 0 0 1000 50 31281
1 19 1 3 121616 23 0 -15 -17 3720 0 0 0 1000 50 31259
1 20 1 3 121638 22 0 -15 -17 3742 0 0 0 1000 50 31236
1 20 1 3 121661 23 0 -15 -17 3765 0 0 0 1000 50 31214
1 20 1 3 121683 22 0 -15 -17 3787 0 0 0 1000 50 31191
1 22 1 3 121706 23 0 -15 -17 3810 0 0 0 1000 50 31169
1 20 1 3 121729 23 0 -15 -17 3833 0 0 0 1000 50 31146
1 23 1 3 121751 22 0 -15 -17 3855 0 0 0 1000 50 31123
1 22 1 3 121774 23 0 -15 -17 3878 0 0 0 1000 50 31101
1 25 1 3 121796 22 0 -15 -17 3900 0 0 0 1000 50 31078
1 23 1 3 121820 24 0 -15 -17 3923 0 0 0 1000 50 31056
1 15 1 3 121842 22 0 -15 -17 3945 0 0 0 1000 50 31032
1 15 1 3 121865 23 0 -15 -17 3968 0 0 0 1000 50 31010
1 17 1 3 121887 22 0 -15 -17 3990 0 0 0 1000 50 30987
1 24 1 3 121910 23 0 -15 -17 4013 0 0 0 1000 50 30965
1 24 1 3 121932 22 0 -15 -17 4035 0 0 0 1000 50 30942
1 77 1 3 121955 23 0 -15 -17 4058 0 0 0 1000 50 30920
1 18 1 3 121977 22 0 -15 -17 4080 0 0 0 1000 50 30897
1 17 1 3 122000 23 0 -15 -17 4104 0 0 0 1000 50 30875
1 19 1 3 122022 22 0 -15 -17 4126 0 0 0 1000 50 30852
1 24 1 3 122045 23 0 -15 -17 4149 0 0 0 1000 50 30830
1 16 1 3 122067 22 0 -15 -17 4171 0 0 0 1000 50 30807
1 15 1 3 122090 23 0 -15 -17 4194 0 0 0 1000 50 30785
1 20 1 3 122113 23 0 -15 -17 4217 0 0 0 1000 50 30762
1 32 1 3 122135 22 0 -15 -17 4239 0 0 0 1000 50 30739
1 19 1 3 122158 23 0 -15 -17 4262 0 0 0 1000 50 30717
1 16 1 3 122180 22 0 -15 -17 4284 0 0 0 1000 50 30694
1 16 1 3 122203 23 0 -15 -17 4307 0 0 0 1000 50 30672
1 14 1 3 122225 22 0 -15 -17 4329 0 0 0 1000 50 30649
1 14 1 3 122248 23 0 -15 -17 4352 0 0 0 1000 50 30627
1 15 1 3 122270 22 0 -15 -17 4374 0 0 0 1000 50 30604
1 15 1 3 122293 23 0 -15 -17 4397 0 0 0 1000 50 30582
1 15 1 3 122315 22 0 -15 -17 4419 0 0 0 1000 50 30559
1 15 1 3 122338 23 0 -15 -17 4442 0 0 0 1000 50 30537
1 14 1 3 122360 22 0 -15 -17 4464 0 0 0 1000 50 30514
1 15 1 3 122383 23 0 -15 -17 4487 0 0 0 1000 50 30492
1 15 1 3 122405 22 0 -15 -17 4509 0 0 0 1000 50 30469
1 15 1 3 122428 23 0 -15 -17 4532 0 0 0 1000 50 30447
1 15 1 3 122450 22 0 -15 -17 4554 0 0 0 1000 50 30424
1 15 1 3 122473 23 0 -15 -17 4577 0 0 0 1000 50 30402
1 15 1 3 122496 23 0 -15 -17 4600 0 0 0 1000 50 30379
1 15 1 3 122518 22 0 -15 -17 4622 0 0 0 1000 50 30356
1 15 1 3 122541 23 0 -15 -17 4645 0 0 0 1000 50 30334
1 15 1 3 122563 22 0 -15 -17 4667 0 0 0 1000 50 30311
1 15 1 3 122586 23 0 -15 -17 4690 0 0 0 1000 50 30289
1 15 1 3 122608 22 0 -15 -17 4712 0 0 0 1000 50 30266
1 15 1 3 122631 23 0 -15 -17 4735 0 0 0 1000 50 30244
1 15 1 3 122653 22 0 -15 -17 4757 0 0 0 1000 50 30221
1 15 1 3 122676 23 0 -15 -17 4780 0 0 0 1000 50 30199
1 14 1 3 122698 22 0 -15 -17 4802 0 0 0 1000 50 30176
1 15 1 3 122721 23 0 -15 -17 4825 0 0 0 1000 50 30154
1 15 1 3 122744 23 0 -15 -17 4847 0 0 0 1000 50 30131
1 15 1 3 122767 23 0 -15 -17 4870 0 0 0 1000 50 30108
1 15 1 3 122789 22 0 -15 -17 4892 0 0 0 1000 50 30085
1 15 1 3 122812 23 0 -15 -17 4915 0 0 0 1000 50 30063
1 15 1 3 122834 22 0 -15 -17 4937 0 0 0 1000 50 30040
1 15 1 3 122857 23 0 -15 -17 4960 0 0 0 1000 50 30018
1 15 1 3 122880 23 0 -15 -17 4982 0 0 0 1000 50 29995
1 15 1 3 122902 22 0 -15 -17 5005 0 0 0 1000 50 29972
1 15 1 3 122925 23 0 -15 -17 5029 0 0 0 1000 50 29950
1 15 1 3 122947 22 0 -15 -17 5051 0 0 0 1000 50 29927
1 15 1 3 122970 23 0 -15 -17 5074 0 0 0 1000 50 29905
1 15 1 3 122992 22 0 -15 -17 5096 0 0 0 1000 50 29882
1 15 1 3 123015 23 0 -15 -17 5119 0 0 0 1000 50 29860
1 15 1 3 123037 22 0 -15 -17 5141 0 0 0 1000 50 29837
1 15 1 3 123060 23 0 -15 -17 5164 0 0 0 1000 50 29815
1 15 1 3 123082 22 0 -15 -17 5186 0 0 0 1000 50 29792
1 15 1 3 123105 23 0 -15 -17 5209 0 0 0 1000 50 29770
1 15 1 3 123127 22 0 -15 -17 5231 0 0 0 1000 50 29747
1 14 1 3 123150 23 0 -15 -17 5254 0 0 0 1000 50 29725
1 14 1 3 123172 22 0 -15 -17 5276 0 0 0 1000 50 29702
1 14 1 3 123195 23 0 -15 -17 5299 0 0 0 1000 50 29680
1 14 1 3 123217 22 0 -15 -17 5321 0 0 0 1000 50 29657
1 14 1 3 123240 23 0 -15 -17 5344 0 0 0 1000 50 29635
1 14 1 3 123262 22 0 -15 -17 5366 0 0 0 1000 50 29612
1 14 1 3 123285 23 0 -15 -17 5389 0 0 0 1000 50 29590
1 14 1 3 123308 23 0 -15 -17 5412 0 0 0 1000 50 29567
1 14 1 3 123330 22 0 -15 -17 5434 0 0 0 1000 50 29544
1 14 1 3 123353 23 0 -15 -17 5457 0 0 0 1000 50 29522
1 14 1 3 123375 22 0 -15 -17 5479 0 0 0 1000 50 29499
1 14 1 3 123398 23 0 -15 -17 5502 0 0 0 1000 50 29477
1 14 1 3 123420 22 0 -15 -17 5524 0 0 0 1000 50 29454
1 14 1 3 123443 23 0 -15 -17 5547 0 0 0 1000 50 29432
1 14 1 3 123465 22 0 -15 -17 5569 0 0 0 1000 50 29409
1 14 1 3 123488 23 0 -15 -17 5592 0 0 0 1000 50 29387
1 14 1 3 123510 22 0 -15 -17 5614 0 0 0 1000 50 29364
1 14 1 3 123533 23 0 -15 -17 5637 0 0 0 1000 50 29342
1 14 1 3 123555 22 0 -15 -17 5659 0 0 0 1000 50 29319
1 14 1 3 123578 23 0 -15 -17 5682 0 0 0 1000 50 29297
1 14 1 3 123600 22 0 -15 -17 5704 0 0 0 1000 50 29274
1 14 1 3 123623 23 0 -15 -17 5727 0 0 0 1000 50 29252
1 14 1 3 123646 23 0 -15 -17 5749 0 0 0 1000 50 29229
1 14 1 3 123669 23 0 -15 -17 5772 0 0 0 1000 50 29206
1 14 1 3 123692 23 0 -15 -17 5795 0 0 0 1000 50 29183
1 14 1 3 123714 22 0 -15 -17 5817 0 0 0 1000 50 29160
1 14 1 3 123737 23 0 -15 -17 5840 0 0 0 1000 50 29138
1 14 1 3 123759 22 0 -15 -17 5862 0 0 0 1000 50 29115
1 14 1 3 123782 23 0 -15 -17 5885 0 0 0 1000 50 29093
1 14 1 3 123804 22 0 -15 -17 5907 0 0 0 1000 50 29070
1 14 1 3 123827 23 0 -15 -17 5931 0 0 0 1000 50 29048
1 14 1 3 123849 22 0 -15 -17 5953 0 0 0 1000 50 29025
1 14 1 3 123872 23 0 -15 -17 5976 0 0 0 1000 50 29003
1 14 1 3 123894 22 0 -15 -17 5998 0 0 0 1000 50 28980
1 14 1 3 123917 23 0 -15 -17 6021 0 0 0 1000 50 28958
1 14 1 3 123939 22 0 -15 -17 6043 0 0 0 1000 50 28935
1 14 1 3 123962 23 0 -15 -17 6066 0 0 0 1000 50 28913
1 14 1 3 123984 22 0 -15 -17 6088 0 0 0 1000 50 28890
1 14 1 3 124007 23 0 -15 -17 6111 0 0 0 1000 50 28868
1 14 1 3 124029 22 0 -15 -17 6133 0 0 0 1000 50 28845
1 14 1 3 124052 23 0 -15 -17 6156 0 0 0 1000 50 28823
1 14 1 3 124075 23 0 -15 -17 6179 0 0 0 1000 50 28800
1 14 1 3 124097 22 0 -15 -17 6201 0 0 0 1000 50 28777
1 14 1 3 124120 23 0 -15 -17 6224 0 0 0 1000 50 28755
1 14 1 3 124142 22 0 -15 -17 6246 0 0 0 1000 50 28732
1 14 1 3 124165 23 0 -15 -17 6269 0 0 0 1000 50 28710
1 14 1 3 124187 22 0 -15 -17 6291 0 0 0 1000 50 28687
1 14 1 3 124210 23 0 -15 -17 6314 0 0 0 1000 50 28665
1 14 1 3 124232 22 0 -15 -17 6336 0 0 0 1000 50 28642
1 14 1 3 124255 23 0 -15 -17 6359 0 0 0 1000 50 28620
1 14 1 3 124277 22 0 -15 -17 6381 0 0 0 1000 50 28597
1 14 1 3 124300 23 0 -15 -17 6404 0 0 0 1000 50 28575
1 14 1 3 124322 22 0 -15 -17 6426 0 0 0 1000 50 28552
1 14 1 3 124345 23 0 -15 -17 6449 0 0 0 1000 50 28530
1 14 1 3 124367 22 0 -15 -17 6471 0 0 0 1000 50 28507
1 14 1 3 124390 23 0 -15 -17 6494 0 0 0 1000 50 28485
1 14 1 3 124412 22 0 -15 -17 6516 0 0 0 1000 50 28462
1 14 1 3 124435 23 0 -15 -17 6539 0 0 0 1000 50 28440
1 14 1 3 124457 22 0 -15 -17 6561 0 0 0 1000 50 28417
1 14 1 3 124480 23 0 -15 -17 6584 0 0 0 1000 50 28395
1 14 1 3 124503 23 0 -15 -17 6607 0 0 0 1000 50 28372
1 14 1 3 124525 22 0 -15 -17 6629 0 0 0 1000 50 28349
1 14 1 3 124549 24 0 -15 -17 6652 0 0 0 1000 50 28327
1 14 1 3 124571 22 0 -15 -17 6674 0 0 0 1000 50 28303
1 14 1 3 124594 23 0 -15 -17 6697 0 0 0 1000 50 28281
1 14 1 3 124616 22 0 -15 -17 6719 0 0 0 1000 50 28258
1 14 1 3 124639 23 0 -15 -17 6742 0 0 0 1000 50 28236
1 14 1 3 124661 22 0 -15 -17 6764 0 0 0 1000 50 28213
1 14 1 3 124684 23 0 -15 -17 6787 0 0 0 1000 50 28191
1 14 1 3 124706 22 0 -15 -17 6809 0 0 0 1000 50 28168
1 14 1 3 124729 23 0 -15 -17 6833 0 0 0 1000 50 28146
1 14 1 3 124751 22 0 -15 -17 6855 0 0 0 1000 50 28123
1 14 1 3 124774 23 0 -15 -17 6878 0 0 0 1000 50 28101
1 14 1 3 124796 22 0 -15 -17 6900 0 0 0 1000 50 28078
1 14 1 3 124819 23 0 -15 -17 6923 0 0 0 1000 50 28056
1 14 1 3 124841 22 0 -15 -17 6945 0 0 0 1000 50 28033
1 14 1 3 124864 23 0 -15 -17 6968 0 0 0 1000 50 28011
1 14 1 3 124887 23 0 -15 -17 6991 0 0 0 1000 50 27988
1 14 1 3 124909 22 0 -15 -17 7013 0 0 0 1000 50 27965
1 14 1 3 124932 23 0 -15 -17 7036 0 0 0 1000 50 27943
1 14 1 3 124954 22 0 -15 -17 7058 0 0 0 1000 50 27920
1 14 1 3 124977 23 0 -15 -17 7081 0 0 0 1000 50 27898
1 14 1 3 124999 22 0 -15 -17 7103 0 0 0 1000 50 27875
1 14 1 3 125022 23 0 -15 -17 7126 0 0 0 1000 50 27853
1 14 1 3 125044 22 0 -15 -17 7148 0 0 0 1000 50 27830
1 14 1 3 125067 23 0 -15 -17 7171 0 0 0 1000 50 27808
1 14 1 3 125089 22 0 -15 -17 7193 0 0 0 1000 50 27785
1 14 1 3 125112 23 0 -15 -17 7216 0 0 0 1000 50 27763
1 14 1 3 125134 22 0 -15 -17 7238 0 0 0 1000 50 27740
1 14 1 3 125157 23 0 -15 -17 7261 0 0 0 1000 50 27718
1 14 1 3 125179 22 0 -15 -17 7283 0 0 0 1000 50 27695
1 14 1 3 125202 23 0 -15 -17 7306 0 0 0 1000 50 27673
1 14 1 3 125224 22 0 -15 -17 7328 0 0 0 1000 50 27650
1 14 1 3 125247 23 0 -15 -17 7351 0 0 0 1000 50 27628
1 14 1 3 125270 23 0 -15 -17 7374 0 0 0 1000 50 27605
1 14 1 3 125292 22 0 -15 -17 7396 0 0 0 1000 50 27582
1 14 1 3 125315 23 0 -15 -17 7419 0 0 0 1000 50 27560
1 14 1 3 125337 22 0 -15 -17 7441 0 0 0 1000 50 27537
1 14 1 3 125360 23 0 -15 -17 7464 0 0 0 1000 50 27515
1 14 1 3 125382 22 0 -15 -17 7486 0 0 0 1000 50 27492
1 14 1 3 125405 23 0 -15 -17 7509 0 0 0 1000 50 27470
1 14 1 3 125427 22 0 -15 -17 7531 0 0 0 1000 50 27447
1 14 1 3 125451 24 0 -15 -17 7554 0 0 0 1000 50 27425
1 14 1 3 125473 22 0 -15 -17 7576 0 0 0 1000 50 27401
1 14 1 3 125496 23 0 -15 -17 7599 0 0 0 1000 50 27379
1 14 1 3 125518 22 0 -15 -17 7621 0 0 0 1000 50 27356
1 14 1 3 125541 23 0 -15 -17 7644 0 0 0 1000 50 27334
1 14 1 3 125563 22 0 -15 -17 7666 0 0 0 1000 50 27311
1 14 1 3 125586 23 0 -15 -17 7689 0 0 0 1000 50 27289
1 14 1 3 125608 22 0 -15 -17 7711 0 0 0 1000 50 27266
1 14 1 3 125631 23 0 -15 -17 7735 0 0 0 1000 50 27244
1 14 1 3 125654 23 0 -15 -17 7758 0 0 0 1000 50 27221
1 14 1 3 125676 22 0 -15 -17 7780 0 0 0 1000 50 27198
1 14 1 3 125699 23 0 -15 -17 7803 0 0 0 1000 50 27176
1 14 1 3 125721 22 0 -15 -17 7825 0 0 0 1000 50 27153
1 14 1 3 125744 23 0 -15 -17 7848 0 0 0 1000 50 27131
1 14 1 3 125766 22 0 -15 -17 7870 0 0 0 1000 50 27108
1 14 1 3 125789 23 0 -15 -17 7893 0 0 0 1000 50 27086
1 14 1 3 125811 22 0 -15 -17 7915 0 0 0 1000 50 27063
1 14 1 3 125834 23 0 -15 -17 7938 0 0 0 1000 50 27041
1 14 1 3 125856 22 0 -15 -17 7960 0 0 0 1000 50 27018
1 14 1 3 125879 23 0 -15 -17 7983 0 0 0 1000 50 26996
1 14 1 3 125901 22 0 -15 -17 8005 0 0 0 1000 50 26973
1 14 1 3 125924 23 0 -15 -17 8028 0 0 0 1000 50 26951
1 14 1 3 125946 22 0 -15 -17 8050 0 0 0 1000 50 26928
1 14 1 3 125969 23 0 -15 -17 8073 0 0 0 1000 50 26906
1 14 1 3 125991 22 0 -15 -17 8095 0 0 0 1000 50 26883
1 14 1 3 126014 23 0 -15 -17 8118 0 0 0 1000 50 26861
1 14 1 3 126036 22 0 -15 -17 8140 0 0 0 1000 50 26838
1 14 1 3 126059 23 0 -15 -17 8163 0 0 0 1000 50 26816
1 14 1 3 126082 23 0 -15 -17 8186 0 0 0 1000 50 26793
1 14 1 3 126104 22 0 -15 -17 8208 0 0 0 1000 50 26770
1 14 1 3 126127 23 0 -15 -17 8231 0 0 0 1000 50 26748
1 14 1 3 126149 22 0 -15 -17 8253 0 0 0 1000 50 26725
1 14 1 3 126172 23 0 -15 -17 8276 0 0 0 1000 50 26703
1 14 1 3 126194 22 0 -15 -17 8298 0 0 0 1000 50 26680
1 14 1 3 126217 23 0 -15 -17 8321 0 0 0 1000 50 26658
1 14 1 3 126239 22 0 -15 -17 8343 0 0 0 1000 50 26635
1 14 1 3 126262 23 0 -15 -17 8366 0 0 0 1000 50 26613
1 14 1 3 126284 22 0 -15 -17 8388 0 0 0 1000 50 26590
1 14 1 3 126307 23 0 -15 -17 8411 0 0 0 1000 50 26568
1 14 1 3 126329 22 0 -15 -17 8433 0 0 0 1000 50 26545
1 14 1 3 126353 24 0 -15 -17 8456 0 0 0 1000 50 26523
1 14 1 3 126375 22 0 -15 -17 8478 0 0 0 1000 50 26499
1 14 1 3 126398 23 0 -15 -17 8501 0 0 0 1000 50 26477
1 14 1 3 126420 22 0 -15 -17 8523 0 0 0 1000 50 26454
1 14 1 3 126443 23 0 -15 -17 8546 0 0 0 1000 50 26432
1 14 1 3 126466 23 0 -15 -17 8569 0 0 0 1000 50 26409
1 14 1 3 126488 22 0 -15 -17 8591 0 0 0 1000 50 26386
1 14 1 3 126511 23 0 -15 -17 8614 0 0 0 1000 50 26364
1 14 1 3 126533 22 0 -15 -17 8637 0 0 0 1000 50 26341
1 14 1 3 126556 23 0 -15 -17 8660 0 0 0 1000 50 26319
1 14 1 3 126578 22 0 -15 -17 8682 0 0 0 1000 50 26296
1 14 1 3 126601 23 0 -15 -17 8705 0 0 0 1000 50 26274
1 14 1 3 126623 22 0 -15 -17 8727 0 0 0 1000 50 26251
1 14 1 3 126646 23 0 -15 -17 8750 0 0 0 1000 50 26229
1 14 1 3 126668 22 0 -15 -17 8772 0 0 0 1000 50 26206
1 14 1 3 126691 23 0 -15 -17 8795 0 0 0 1000 50 26184
1 14 1 3 126713 22 0 -15 -17 8817 0 0 0 1000 50 26161
1 14 1 3 126736 23 0 -15 -17 8840 0 0 0 1000 50 26139
1 14 1 3 126758 22 0 -15 -17 8862 0 0 0 1000 50 26116
1 14 1 3 126781 23 0 -15 -17 8885 0 0 0 1000 50 26094
1 14 1 3 126803 22 0 -15 -17 8907 0 0 0 1000 50 26071
1 14 1 3 126826 23 0 -15 -17 8930 0 0 0 1000 50 26049
1 14 1 3 126849 23 0 -15 -17 8953 0 0 0 1000 50 26026
1 14 1 3 126871 22 0 -15 -17 8975 0 0 0 1000 50 26003
1 14 1 3 126894 23 0 -15 -17 8998 0 0 0 1000 50 25981
1 14 1 3 126916 22 0 -15 -17 9020 0 0 0 1000 50 25958
1 14 1 3 126939 23 0 -15 -17 9043 0 0 0 1000 50 25936
1 14 1 3 126961 22 0 -15 -17 9065 0 0 0 1000 50 25913
1 14 1 3 126984 23 0 -15 -17 9088 0 0 0 1000 50 25891
1 14 1 3 127006 22 0 -15 -17 9110 0 0 0 1000 50 25868
1 14 1 3 127029 23 0 -15 -17 9133 0 0 0 1000 50 25846
1 14 1 3 127051 22 0 -15 -17 9155 0 0 0 1000 50 25823
1 14 1 3 127074 23 0 -15 -17 9178 0 0 0 1000 50 25801
1 14 1 3 127096 22 0 -15 -17 9200 0 0 0 1000 50 25778
1 14 1 3 127119 23 0 -15 -17 9223 0 0 0 1000 50 25756
1 14 1 3 127141 22 0 -15 -17 9245 0 0 0 1000 50 25733
1 14 1 3 127164 23 0 -15 -17 9268 0 0 0 1000 50 25711
1 14 1 3 127186 22 0 -15 -17 9290 0 0 0 1000 50 25688
1 14 1 3 127209 23 0 -15 -17 9313 0 0 0 1000 50 25666
1 14 1 3 127232 23 0 -15 -17 9313 0 0 0 1000 50 25643
1 14 1 3 127255 23 0 -15 -17 9313 0 0 0 1000 50 25620
1 14 1 3 127278 23 0 -15 -17 9313 0 0 0 1000 50 25597
1 14 1 3 127300 22 0 -15 -17 9313 0 0 0 1000 50 25574
1 14 1 3 127323 23 0 -15 -17 9313 0 0 0 1000 50 25552
1 14 1 3 127345 22 0 -15 -17 9313 0 0 0 1000 50 25529
1 14 1 3 127368 23 0 -15 -17 9313 0 0 0 1000 50 25507
1 14 1 3 127390 22 0 -15 -17 9313 0 0 0 1000 50 25484
1 14 1 3 127413 23 0 -15 -17 9313 0 0 0 1000 50 25462
1 14 1 3 127435 22 0 -15 -17 9313 0 0 0 1000 50 25439
1 14 1 3 127458 23 0 -15 -17 9313 0 0 0 1000 50 25417
1 14 1 3 127480 22 0 -15 -17 9313 0 0 0 1000 50 25394
1 14 1 3 127503 23 0 -15 -17 9313 0 0 0 1000 50 25372
1 14 1 3 127525 22 0 -15 -17 9313 0 0 0 1000 50 25349
1 14 1 3 127548 23 0 -15 -17 9313 0 0 0 1000 50 25327
1 14 1 3 127570 22 0 -15 -17 9313 0 0 0 1000 50 25304
1 14 1 3 127593 23 0 -15 -17 9313 0 0 0 1000 50 25282
1 14 1 3 127616 23 0 -15 -17 9313 0 0 0 1000 50 25259
1 14 1 3 127638 22 0 -15 -17 9313 0 0 0 1000 50 25236
1 14 1 3 127661 23 0 -15 -17 9313 0 0 0 1000 50 25214
1 14 1 3 127683 22 0 -15 -17 9313 0 0 0 1000 50 25191
1 14 1 3 127706 23 0 -15 -17 9313 0 0 0 1000 50 25169
1 14 1 3 127728 22 0 -15 -17 9313 0 0 0 1000 50 25146
1 14 1 3 127751 23 0 -15 -17 9313 0 0 0 1000 50 25124
1 14 1 3 127773 22 0 -15 -17 9313 0 0 0 1000 50 25101
1 14 1 3 127796 23 0 -15 -17 9313 0 0 0 1000 50 25079
1 14 1 3 127818 22 0 -15 -17 9313 0 0 0 1000 50 25056
1 14 1 3 127841 23 0 -15 -17 9313 0 0 0 1000 50 25034
1 14 1 3 127863 22 0 -15 -17 9313 0 0 0 1000 50 25011
1 14 1 3 127886 23 0 -15 -17 9313 0 0 0 1000 50 24989
1 14 1 3 127908 22 0 -15 -17 9313 0 0 0 1000 50 24966
1 14 1 3 127931 23 0 -15 -17 9313 0 0 0 1000 50 24944
1 14 1 3 127953 22 0 -15 -17 9313 0 0 0 1000 50 24921
1 14 1 3 127976 23 0 -15 -17 9313 0 0 0 1000 50 24899
1 14 1 3 127998 22 0 -15 -17 9313 0 0 0 1000 50 24876
1 14 1 3 128021 23 0 -15 -17 9313 0 0 0 1000 50 24854
1 14 1 3 128044 23 0 -15 -17 9313 0 0 0 1000 50 24831
1 14 1 3 128066 22 0 -15 -17 9313 0 0 0 1000 50 24808
1 14 1 3 128089 23 0 -15 -17 9313 0 0 0 1000 50 24786
1 14 1 3 128111 22 0 -15 -17 9313 0 0 0 1000 50 24763
1 14 1 3 128134 23 0 -15 -17 9313 0 0 0 1000 50 24741
1 14 1 3 128156 22 0 -15 -17 9313 0 0 0 1000 50 24718
1 14 1 3 128179 23 0 -15 -17 9313 0 0 0 1000 50 24696
1 14 1 3 128201 22 0 -15 -17 9313 0 0 0 1000 50 24673
1 14 1 3 128224 23 0 -15 -17 9313 0 0 0 1000 50 24651
1 14 1 3 128246 22 0 -15 -17 9313 0 0 0 1000 50 24628
1 14 1 3 128269 23 0 -15 -17 9313 0 0 0 1000 50 24606
1 14 1 3 128291 22 0 -15 -17 9313 0 0 0 1000 50 24583
1 14 1 3 128314 23 0 -15 -17 9313 0 0 0 1000 50 24561
1 14 1 3 128336 22 0 -15 -17 9313 0 0 0 1000 50 24538
1 14 1 3 128359 23 0 -15 -17 9313 0 0 0 1000 50 24516
1 14 1 3 128381 22 0 -15 -17 9313 0 0 0 1000 50 24493
1 14 1 3 128404 23 0 -15 -17 9313 0 0 0 1000 50 24471
1 14 1 3 128427 23 0 -15 -17 9313 0 0 0 1000 50 24448
1 14 1 3 128449 22 0 -15 -17 9313 0 0 0 1000 50 24425
1 14 1 3 128472 23 0 -15 -17 9313 0 0 0 1000 50 24403
1 14 1 3 128494 22 0 -15 -17 9313 0 0 0 1000 50 24380
1 14 1 3 128517 23 0 -15 -17 9313 0 0 0 1000 50 24358
1 14 1 3 128539 22 0 -15 -17 9313 0 0 0 1000 50 24335
1 14 1 3 128562 23 0 -15 -17 9313 0 0 0 1000 50 24313
1 14 1 3 128584 22 0 -15 -17 9313 0 0 0 1000 50 24290
1 14 1 3 128607 23 0 -15 -17 9313 0 0 0 1000 50 24268
1 14 1 3 128629 22 0 -15 -17 9313 0 0 0 1000 50 24245
1 14 1 3 128652 23 0 -15 -17 9313 0 0 0 1000 50 24223
1 14 1 3 128674 22 0 -15 -17 9313 0 0 0 1000 50 24200
1 14 1 3 128697 23 0 -15 -17 9313 0 0 0 1000 50 24178
1 14 1 3 128719 22 0 -15 -17 9313 0 0 0 1000 50 24155
1 14 1 3 128742 23 0 -15 -17 9313 0 0 0 1000 50 24133
1 14 1 3 128764 22 0 -15 -17 9313 0 0 0 1000 50 24110
1 14 1 3 128787 23 0 -15 -17 9313 0 0 0 1000 50 24088
1 14 1 3 128809 22 0 -15 -17 9313 0 0 0 1000 50 24065
1 14 1 3 128832 23 0 -15 -17 9313 0 0 0 1000 50 24043
1 14 1 3 128855 23 0 -15 -17 9313 0 0 0 1000 50 24020
1 14 1 3 128877 22 0 -15 -17 9313 0 0 0 1000 50 23997
1 14 1 3 128900 23 0 -15 -17 9313 0 0 0 1000 50 23975
1 14 1 3 128922 22 0 -15 -17 9313 0 0 0 1000 50 23952
1 14 1 3 128945 23 0 -15 -17 9313 0 0 0 1000 50 23930
1 14 1 3 128967 22 0 -15 -17 9313 0 0 0 1000 50 23907
1 14 1 3 128990 23 0 -15 -17 9313 0 0 0 1000 50 23885
1 14 1 3 129012 22 0 -15 -17 9313 0 0 0 1000 50 23862
1 14 1 3 129035 23 0 -15 -17 9313 0 0 0 1000 50 23840
1 14 1 3 129057 22 0 -15 -17 9313 0 0 0 1000 50 23817
1 14 1 3 129080 23 0 -15 -17 9313 0 0 0 1000 50 23795
1 14 1 3 129102 22 0 -15 -17 9313 0 0 0 1000 50 23772
1 14 1 3 129125 23 0 -15 -17 9313 0 0 0 1000 50 23750
1 14 1 3 129147 22 0 -15 -17 9313 0 0 0 1000 50 23727
1 14 1 3 129170 23 0 -15 -17 9313 0 0 0 1000 50 23705
1 14 1 3 129192 22 0 -15 -17 9313 0 0 0 1000 50 23682
1 14 1 3 129215 23 0 -15 -17 9313 0 0 0 1000 50 23660
1 14 1 3 129238 23 0 -15 -17 9313 0 0 0 1000 50 23637
1 14 1 3 129260 22 0 -15 -17 9313 0 0 0 1000 50 23614
1 14 1 3 129283 23 0 -15 -17 9313 0 0 0 1000 50 23592
1 14 1 3 129305 22 0 -15 -17 9313 0 0 0 1000 50 23569
1 14 1 3 129328 23 0 -15 -17 9313 0 0 0 1000 50 23547
1 14 1 3 129350 22 0 -15 -17 9313 0 0 0 1000 50 23524
1 14 1 3 129373 23 0 -15 -17 9313 0 0 0 1000 50 23502
1 14 1 3 129395 22 0 -15 -17 9313 0 0 0 1000 50 23479
1 14 1 3 129418 23 0 -15 -17 9313 0 0 0 1000 50 23457
1 14 1 3 129440 22 0 -15 -17 9313 0 0 0 1000 50 23434
1 14 1 3 129463 23 0 -15 -17 9313 0 0 0 1000 50 23412
1 14 1 3 129485 22 0 -15 -17 9313 0 0 0 1000 50 23389
1 14 1 3 129508 23 0 -15 -17 9313 0 0 0 1000 50 23367
1 14 1 3 129530 22 0 -15 -17 9313 0 0 0 1000 50 23344
1 14 1 3 129553 23 0 -15 -17 9313 0 0 0 1000 50 23322
1 14 1 3 129575 22 0 -15 -17 9313 0 0 0 1000 50 23299
1 14 1 3 129598 23 0 -15 -17 9313 0 0 0 1000 50 23277
1 14 1 3 129620 22 0 -15 -17 9313 0 0 0 1000 50 23254
1 14 1 3 129643 23 0 -15 -17 9313 0 0 0 1000 50 23232
1 14 1 3 129666 23 0 -15 -17 9313 0 0 0 1000 50 23209
1 14 1 3 129688 22 0 -15 -17 9313 0 0 0 1000 50 23186
1 14 1 3 129711 23 0 -15 -17 9313 0 0 0 1000 50 23164
1 14 1 3 129733 22 0 -15 -17 9313 0 0 0 1000 50 23141
1 14 1 3 129756 23 0 -15 -17 9313 0 0 0 1000 50 23119
1 14 1 3 129778 22 0 -15 -17 9313 0 0 0 1000 50 23096
1 14 1 3 129801 23 0 -15 -17 9313 0 0 0 1000 50 23074
1 14 1 3 129823 22 0 -15 -17 9313 0 0 0 1000 50 23051
1 14 1 3 129846 23 0 -15 -17 9313 0 0 0 1000 50 23029
1 14 1 3 129868 22 0 -15 -17 9313 0 0 0 1000 50 23006
1 14 1 3 129891 23 0 -15 -17 9313 0 0 0 1000 50 22984
1 14 1 3 129913 22 0 -15 -17 9313 0 0 0 1000 50 22961
1 14 1 3 129936 23 0 -15 -17 9313 0 0 0 1000 50 22939
1 14 1 3 129958 22 0 -15 -17 9313 0 0 0 1000 50 22916
1 14 1 3 129981 23 0 -15 -17 9313 0 0 0 1000 50 22894
1 14 1 3 130003 22 0 -15 -17 9313 0 0 0 1000 50 22871
1 14 1 3 130026 23 0 -15 -17 9313 0 0 0 1000 50 22849
1 14 1 3 130049 23 0 -15 -17 9313 0 0 0 1000 50 22826
1 14 1 3 130071 22 0 -15 -17 9313 0 0 0 1000 50 22803
1 14 1 3 130094 23 0 -15 -17 9313 0 0 0 1000 50 22781
1 14 1 3 130116 22 0 -15 -17 9313 0 0 0 1000 50 22758
1 14 1 3 130139 23 0 -15 -17 9313 0 0 0 1000 50 22736
1 14 1 3 130161 22 0 -15 -17 9313 0 0 0 1000 50 22713
1 14 1 3 130184 23 0 -15 -17 9313 0 0 0 1000 50 22691
1 14 1 3 130206 22 0 -15 -17 9313 0 0 0 1000 50 22668
1 14 1 3 130229 23 0 -15 -17 9313 0 0 0 1000 50 22646
1 14 1 3 130251 22 0 -15 -17 9313 0 0 0 1000 50 22623
1 14 1 3 130274 23 0 -15 -17 9313 0 0 0 1000 50 22601
1 14 1 3 130296 22 0 -15 -17 9313 0 0 0 1000 50 22578
1 14 1 3 130319 23 0 -15 -17 9313 0 0 0 1000 50 22556
1 14 1 3 130341 22 0 -15 -17 9313 0 0 0 1000 50 22533
1 14 1 3 130364 23 0 -15 -17 9313 0 0 0 1000 50 22511
1 14 1 3 130386 22 0 -15 -17 9313 0 0 0 1000 50 22488
1 14 1 3 130409 23 0 -15 -17 9313 0 0 0 1000 50 22466
1 14 1 3 130432 23 0 -15 -17 9313 0 0 0 1000 50 22443
1 14 1 3 130454 22 0 -15 -17 9313 0 0 0 1000 50 22420
1 14 1 3 130477 23 0 -15 -17 9313 0 0 0 1000 50 22398
1 14 1 3 130499 22 0 -15 -17 9313 0 0 0 1000 50 22375
1 14 1 3 130522 23 0 -15 -17 9313 0 0 0 1000 50 22353
1 14 1 3 130544 22 0 -15 -17 9313 0 0 0 1000 50 22330
1 14 1 3 130567 23 0 -15 -17 9313 0 0 0 1000 50 22308
1 14 1 3 130589 22 0 -15 -17 9313 0 0 0 1000 50 22285
1 14 1 3 130612 23 0 -15 -17 9313 0 0 0 1000 50 22263
1 14 1 3 130634 22 0 -15 -17 9313 0 0 0 1000 50 22240
1 14 1 3 130657 23 0 -15 -17 9313 0 0 0 1000 50 22218
1 14 1 3 130679 22 0 -15 -17 9313 0 0 0 1000 50 22195
1 14 1 3 130702 23 0 -15 -17 9313 0 0 0 1000 50 22173
1 14 1 3 130724 22 0 -15 -17 9313 0 0 0 1000 50 22150
1 14 1 3 130747 23 0 -15 -17 9313 0 0 0 1000 50 22128
1 14 1 3 130769 22 0 -15 -17 9313 0 0 0 1000 50 22105
1 14 1 3 130792 23 0 -15 -17 9313 0 0 0 1000 50 22083
1 14 1 3 130814 22 0 -15 -17 9313 0 0 0 1000 50 22060
1 14 1 3 130837 23 0 -15 -17 9313 0 0 0 1000 50 22038
1 14 1 3 130860 23 0 -15 -17 9313 0 0 0 1000 50 22015
1 14 1 3 130882 22 0 -15 -17 9313 0 0 0 1000 50 21992
1 14 1 3 130905 23 0 -15 -17 9313 0 0 0 1000 50 21970
1 14 1 3 130927 22 0 -15 -17 9313 0 0 0 1000 50 21947
1 14 1 3 130950 23 0 -15 -17 9313 0 0 0 1000 50 21925
1 14 1 3 130972 22 0 -15 -17 9313 0 0 0 1000 50 21902
1 14 1 3 130995 23 0 -15 -17 9313 0 0 0 1000 50 21880
1 14 1 3 131017 22 0 -15 -17 9313 0 0 0 1000 50 21857
1 14 1 3 131040 23 0 -15 -17 9313 0 0 0 1000 50 21835
1 14 1 3 131062 22 0 -15 -17 9313 0 0 0 1000 50 21812
1 14 1 3 131085 23 0 -15 -17 9313 0 0 1 978 50 21790
1 14 1 3 131107 22 0 -15 -17 9313 0 0 1 955 50 21767
1 14 1 3 131130 23 0 -15 -17 9313 0 0 1 933 50 21745
1 14 1 3 131152 22 0 -15 -17 9313 0 0 1 910 50 21722
1 14 1 3 131175 23 0 -15 -17 9313 0 0 1 888 50 21700
1 14 1 3 131197 22 0 -15 -17 9313 0 0 1 865 50 21677
1 14 1 3 131220 23 0 -15 -17 9313 0 0 1 843 50 21655
1 14 1 3 131243 23 0 -15 -17 9313 0 0 1 820 50 21632
1 14 1 3 131265 22 0 -15 -17 9313 0 0 1 797 50 21609
1 14 1 3 131288 23 0 -15 -17 9313 0 0 1 775 50 21587
1 14 1 3 131310 22 0 -15 -17 9313 0 0 1 752 50 21564
1 14 1 3 131333 23 0 -15 -17 9313 0 0 1 730 50 21542
1 14 1 3 131355 22 0 -15 -17 9313 0 0 1 707 50 21519
1 14 1 3 131378 23 0 -15 -17 9313 0 0 1 685 50 21497
1 14 1 3 131400 22 0 -15 -17 9313 0 0 1 662 50 21474
1 14 1 3 131423 23 0 -15 -17 9313 0 0 1 640 50 21452
1 14 1 3 131445 22 0 -15 -17 9313 0 0 1 617 50 21429
1 14 1 3 131468 23 0 -15 -17 9313 0 0 1 595 50 21407
1 14 1 3 131490 22 0 -15 -17 9313 0 0 1 572 50 21384
1 14 1 3 131513 23 0 -15 -17 9313 0 0 1 550 50 21362
1 14 1 3 131535 22 0 -15 -17 9313 0 0 1 527 50 21339
1 14 1 3 131558 23 0 -15 -17 9313 0 0 1 505 50 21317
1 14 1 3 131580 22 0 -15 -17 9313 0 0 1 482 50 21294
1 14 1 3 131603 23 0 -15 -17 9313 0 0 1 460 50 21272
1 14 1 3 131625 22 0 -15 -17 9313 0 0 1 437 50 21249
1 14 1 3 131648 23 0 -15 -17 9313 0 0 1 415 50 21227
1 14 1 3 131671 23 0 -15 -17 9313 0 0 1 392 50 21204
1 14 1 3 131693 22 0 -15 -17 9313 0 0 1 369 50 21181
1 14 1 3 131716 23 0 -15 -17 9313 0 0 1 347 50 21159
1 14 1 3 131738 22 0 -15 -17 9313 0 0 1 324 50 21136
1 14 1 3 131761 23 0 -15 -17 9313 0 0 1 302 50 21114
1 14 1 3 131782 21 0 -15 -17 9313 0 0 1 279 50 21091
1 14 1 3 131805 23 0 -15 -17 9313 0 0 1 258 50 21070
1 14 1 3 131827 22 0 -15 -17 9313 0 0 1 235 50 21047
1 14 1 3 131850 23 0 -15 -17 9313 0 0 1 213 50 21025
1 14 1 3 131872 22 0 -15 -17 9313 0 0 1 190 50 21002
1 14 1 3 131895 23 0 -15 -17 9313 0 0 1 168 50 20980
1 14 1 3 131917 22 0 -15 -17 9313 0 0 1 145 50 20957
1 14 1 3 131940 23 0 -15 -17 9313 0 0 1 123 50 20935
1 14 1 3 131962 22 0 -15 -17 9313 0 0 1 100 50 20912
1 14 1 3 131985 23 0 -15 -17 9313 0 0 1 78 50 20890
1 14 1 3 132007 22 0 -15 -17 9313 0 0 1 55 50 20867
1 14 1 3 132030 23 0 -15 -17 9313 0 0 1 33 50 20845
1 14 1 3 132052 22 0 -15 -17 9313 0 0 1 10 50 20822
1 14 1 3 132075 23 0 -15 -17 9313 0 0 1 -12 50 20800
1 14 1 3 132098 23 0 -15 -17 9313 0 0 1 -12 27 20777
1 14 1 3 132120 22 0 -15 -17 9313 0 0 1 -12 4 20754
1 14 1 3 132143 23 0 -15 -17 9313 0 0 1 -12 -18 20732
1 14 1 3 132165 22 0 -15 -17 9313 0 0 0 1000 50 20709
1 14 1 3 132188 23 0 -15 -17 9313 0 0 0 1000 50 20687
1 14 1 3 132210 22 0 -15 -17 9313 0 0 0 1000 50 20664
1 14 1 3 132233 23 0 -15 -17 9290 0 0 0 1000 50 20642
1 14 1 3 132255 22 0 -15 -17 9267 0 0 0 1000 50 20619
1 14 1 3 132278 23 0 -15 -17 9244 0 0 0 1000 50 20597
1 14 1 3 132300 22 0 -15 -17 9222 0 0 0 1000 50 20574
1 14 1 3 132323 23 0 -15 -17 9199 0 0 0 1000 50 20552
1 14 1 3 132345 22 0 -15 -17 9177 0 0 0 1000 50 20529
1 14 1 3 132368 23 0 -15 -17 9154 0 0 0 1000 50 20507
1 14 1 3 132390 22 0 -15 -17 9132 0 0 0 1000 50 20484
1 14 1 3 132413 23 0 -15 -17 9109 0 0 0 1000 50 20462
1 14 1 3 132435 22 0 -15 -17 9087 0 0 0 1000 50 20439
1 14 1 3 132458 23 0 -15 -17 9064 0 0 0 1000 50 20417
1 14 1 3 132481 23 0 -15 -17 9041 0 0 0 1000 50 20394
1 14 1 3 132503 22 0 -15 -17 9019 0 0 0 1000 50 20371
1 14 1 3 132526 23 0 -15 -17 8996 0 0 0 1000 50 20349
1 14 1 3 132548 22 0 -15 -17 8974 0 0 0 1000 50 20326
1 14 1 3 132571 23 0 -15 -17 8951 0 0 0 1000 50 20304
1 14 1 3 132593 22 0 -15 -17 8929 0 0 0 1000 50 20281
1 14 1 3 132616 23 0 -15 -17 8906 0 0 0 1000 50 20259
1 14 1 3 132638 22 0 -15 -17 8884 0 0 0 1000 50 20236
1 14 1 3 132662 24 0 -15 -17 8861 0 0 0 1000 50 20214
1 14 1 3 132684 22 0 -15 -17 8839 0 0 0 1000 50 20190
1 14 1 3 132707 23 0 -15 -17 8816 0 0 0 1000 50 20168
1 14 1 3 132729 22 0 -15 -17 8794 0 0 0 1000 50 20145
1 14 1 3 132752 23 0 -15 -17 8771 0 0 0 1000 50 20123
1 14 1 3 132774 22 0 -15 -17 8748 0 0 0 1000 50 20100
1 14 1 3 132797 23 0 -15 -17 8725 0 0 0 1000 50 20078
1 14 1 3 132819 22 0 -15 -17 8703 0 0 0 1000 50 20055
1 14 1 3 132842 23 0 -15 -17 8680 0 0 0 1000 50 20033
1 14 1 3 132865 23 0 -15 -17 8657 0 0 0 1000 50 20010
1 14 1 3 132887 22 0 -15 -17 8635 0 0 0 1000 50 19987
1 14 1 3 132910 23 0 -15 -17 8612 0 0 0 1000 50 19965
1 14 1 3 132932 22 0 -15 -17 8590 0 0 0 1000 50 19942
1 14 1 3 132955 23 0 -15 -17 8567 0 0 0 1000 50 19920
1 14 1 3 132977 22 0 -15 -17 8545 0 0 0 1000 50 19897
1 14 1 3 133000 23 0 -15 -17 8522 0 0 0 1000 50 19875
1 14 1 3 133022 22 0 -15 -17 8500 0 0 0 1000 50 19852
1 14 1 3 133045 23 0 -15 -17 8477 0 0 0 1000 50 19830
1 14 1 3 133067 22 0 -15 -17 8455 0 0 0 1000 50 19807
1 14 1 3 133090 23 0 -15 -17 8432 0 0 0 1000 50 19785
1 14 1 3 133112 22 0 -15 -17 8410 0 0 0 1000 50 19762
1 14 1 3 133135 23 0 -15 -17 8387 0 0 0 1000 50 19740
1 14 1 3 133157 22 0 -15 -17 8365 0 0 0 1000 50 19717
1 14 1 3 133181 24 0 -15 -17 8342 0 0 0 1000 50 19695
1 14 1 3 133203 22 0 -15 -17 8320 0 0 0 1000 50 19671
1 14 1 3 133226 23 0 -15 -17 8297 0 0 0 1000 50 19649
1 14 1 3 133249 23 0 -15 -17 8274 0 0 0 1000 50 19626
1 14 1 3 133271 22 0 -15 -17 8252 0 0 0 1000 50 19603
1 14 1 3 133294 23 0 -15 -17 8228 0 0 0 1000 50 19581
1 14 1 3 133316 22 0 -15 -17 8206 0 0 0 1000 50 19558
1 14 1 3 133339 23 0 -15 -17 8183 0 0 0 1000 50 19536
1 14 1 3 133361 22 0 -15 -17 8161 0 0 0 1000 50 19513
1 14 1 3 133384 23 0 -15 -17 8138 0 0 0 1000 50 19491
1 14 1 3 133406 22 0 -15 -17 8116 0 0 0 1000 50 19468
1 14 1 3 133429 23 0 -15 -17 8093 0 0 0 1000 50 19446
1 14 1 3 133451 22 0 -15 -17 8071 0 0 0 1000 50 19423
1 14 1 3 133474 23 0 -15 -17 8048 0 0 0 1000 50 19401
1 14 1 3 133496 22 0 -15 -17 8026 0 0 1 977 50 19378
1 14 1 3 133519 23 0 -15 -17 8003 0 0 1 955 50 19356
1 14 1 3 133541 22 0 -15 -17 7981 0 0 1 932 50 19333
1 14 1 3 133564 23 0 -15 -17 7958 0 0 1 910 50 19311
1 14 1 3 133586 22 0 -15 -17 7936 0 0 1 887 50 19288
1 14 1 3 133609 23 0 -15 -17 7913 0 0 1 865 50 19266
1 14 1 3 133632 23 0 -15 -17 7890 0 0 1 842 50 19243
1 14 1 3 133654 22 0 -15 -17 7868 0 0 1 819 50 19220
1 14 1 3 133677 23 0 -15 -17 7845 0 0 1 797 50 19198
1 14 1 3 133699 22 0 -15 -17 7823 0 0 1 774 50 19175
1 14 1 3 133722 23 0 -15 -17 7800 0 0 1 752 50 19153
1 14 1 3 133744 22 0 -15 -17 7778 0 0 1 729 50 19130
1 14 1 3 133767 23 0 -15 -17 7755 0 0 1 707 50 19108
1 14 1 3 133789 22 0 -15 -17 7733 0 0 1 684 50 19085
1 14 1 3 133812 23 0 -15 -17 7710 0 0 1 662 50 19063
1 14 1 3 133834 22 0 -15 -17 7688 0 0 1 639 50 19040
1 14 1 3 133857 23 0 -15 -17 7665 0 0 1 617 50 19018
1 14 1 3 133879 22 0 -15 -17 7643 0 0 1 594 50 18995
1 14 1 3 133902 23 0 -15 -17 7620 0 0 1 572 50 18973
1 14 1 3 133924 22 0 -15 -17 7598 0 0 1 549 50 18950
1 14 1 3 133947 23 0 -15 -17 7575 0 0 1 527 50 18928
1 14 1 3 133969 22 0 -15 -17 7553 0 0 1 504 50 18905
1 14 1 3 133992 23 0 -15 -17 7530 0 0 1 482 50 18883
1 14 1 3 134014 22 0 -15 -17 7508 0 0 1 459 50 18860
1 14 1 3 134037 23 0 -15 -17 7485 0 0 1 437 50 18838
1 14 1 3 134060 23 0 -15 -17 7462 0 0 1 414 50 18815
1 14 1 3 134082 22 0 -15 -17 7440 0 0 1 391 50 18792
1 14 1 3 134105 23 0 -15 -17 7417 0 0 1 369 50 18770
1 14 1 3 134127 22 0 -15 -17 7395 0 0 1 346 50 18747
1 14 1 3 134150 23 0 -15 -17 7372 0 0 1 324 50 18725
1 14 1 3 134172 22 0 -15 -17 7350 0 0 1 301 50 18702
1 14 1 3 134195 23 0 -15 -17 7327 0 0 1 279 50 18680
1 14 1 3 134217 22 0 -15 -17 7305 0 0 1 256 50 18657
1 14 1 3 134240 23 0 -15 -17 7282 0 0 1 234 50 18635
1 14 1 3 134262 22 0 -15 -17 7260 0 0 1 211 50 18612
1 14 1 3 134285 23 0 -15 -17 7237 0 0 1 189 50 18590
1 14 1 3 134307 22 0 -15 -17 7215 0 0 1 166 50 18567
1 14 1 3 134330 23 0 -15 -17 7192 0 0 1 144 50 18545
1 14 1 3 134352 22 0 -15 -17 7170 0 0 1 121 50 18522
1 14 1 3 134375 23 0 -15 -17 7147 0 0 1 99 50 18500
1 14 1 3 134397 22 0 -15 -17 7125 0 0 1 76 50 18477
1 14 1 3 134420 23 0 -15 -17 7102 0 0 1 54 50 18455
1 14 1 3 134443 23 0 -15 -17 7079 0 0 1 31 50 18432
1 14 1 3 134465 22 0 -15 -17 7057 0 0 1 8 50 18409
1 14 1 3 134488 23 0 -15 -17 7034 0 0 1 -14 50 18387
1 14 1 3 134510 22 0 -15 -17 7012 0 0 1 -14 27 18364
1 14 1 3 134533 23 0 -15 -17 6989 0 0 1 -14 5 18342
1 14 1 3 134555 22 0 -15 -17 6968 0 0 1 -14 -18 18319
1 14 1 3 134578 23 0 -15 -17 6945 0 0 0 1000 50 18297
1 14 1 3 134600 22 0 -15 -17 6923 0 0 0 1000 50 18274
1 14 1 3 134623 23 0 -15 -17 6899 0 0 0 1000 50 18252
1 14 1 3 134645 22 0 -15 -17 6877 0 0 0 1000 50 18229
1 14 1 3 134668 23 0 -15 -17 6854 0 0 0 1000 50 18207
1 14 1 3 134690 22 0 -15 -17 6832 0 0 0 1000 50 18184
1 14 1 3 134713 23 0 -15 -17 6809 0 0 0 1000 50 18162
1 14 1 3 134735 22 0 -15 -17 6787 0 0 0 1000 50 18139
1 14 1 3 134758 23 0 -15 -17 6764 0 0 0 1000 50 18117
1 14 1 3 134780 22 0 -15 -17 6742 0 0 0 1000 50 18094
1 14 1 3 134803 23 0 -15 -17 6719 0 0 0 1000 50 18072
1 14 1 3 134825 22 0 -15 -17 6697 0 0 0 1000 50 18049
1 14 1 3 134848 23 0 -15 -17 6674 0 0 0 1000 50 18027
1 14 1 3 134871 23 0 -15 -17 6651 0 0 0 1000 50 18004
1 14 1 3 134893 22 0 -15 -17 6629 0 0 0 1000 50 17981
1 14 1 3 134916 23 0 -15 -17 6606 0 0 0 1000 50 17959
1 14 1 3 134938 22 0 -15 -17 6584 0 0 0 1000 50 17936
1 14 1 3 134961 23 0 -15 -17 6561 0 0 0 1000 50 17914
1 14 1 3 134983 22 0 -15 -17 6539 0 0 0 1000 50 17891
1 14 1 3 135006 23 0 -15 -17 6516 0 0 0 1000 50 17869
1 14 1 3 135029 23 0 -15 -17 6494 0 0 0 1000 50 17846
1 14 1 3 135052 23 0 -15 -17 6471 0 0 0 1000 50 17823
1 14 1 3 135074 22 0 -15 -17 6449 0 0 0 1000 50 17800
1 14 1 3 135097 23 0 -15 -17 6426 0 0 0 1000 50 17778
1 14 1 3 135119 22 0 -15 -17 6404 0 0 0 1000 50 17755
1 14 1 3 135142 23 0 -15 -17 6381 0 0 0 1000 50 17733
1 14 1 3 135164 22 0 -15 -17 6358 0 0 0 1000 50 17710
1 14 1 3 135187 23 0 -15 -17 6335 0 0 0 1000 50 17688
1 14 1 3 135209 22 0 -15 -17 6313 0 0 0 1000 50 17665
1 14 1 3 135232 23 0 -15 -17 6290 0 0 0 1000 50 17643
1 14 1 3 135255 23 0 -15 -17 6267 0 0 0 1000 50 17620
1 14 1 3 135277 22 0 -15 -17 6245 0 0 0 1000 50 17597
1 14 1 3 135300 23 0 -15 -17 6222 0 0 0 1000 50 17575
1 14 1 3 135322 22 0 -15 -17 6200 0 0 0 1000 50 17552
1 14 1 3 135345 23 0 -15 -17 6177 0 0 0 1000 50 17530
1 14 1 3 135367 22 0 -15 -17 6155 0 0 0 1000 50 17507
1 14 1 3 135390 23 0 -15 -17 6132 0 0 0 1000 50 17485
1 14 1 3 135412 22 0 -15 -17 6110 0 0 0 1000 50 17462
1 14 1 3 135435 23 0 -15 -17 6087 0 0 0 1000 50 17440
1 14 1 3 135457 22 0 -15 -17 6065 0 0 1 977 50 17417
1 14 1 3 135480 23 0 -15 -17 6042 0 0 1 955 50 17395
1 14 1 3 135502 22 0 -15 -17 6020 0 0 1 932 50 17372
1 14 1 3 135525 23 0 -15 -17 5997 0 0 1 910 50 17350
1 14 1 3 135547 22 0 -15 -17 5975 0 0 1 887 50 17327
1 14 1 3 135570 23 0 -15 -17 5952 0 0 1 865 50 17305
1 14 1 3 135592 22 0 -15 -17 5930 0 0 1 842 50 17282
1 14 1 3 135615 23 0 -15 -17 5907 0 0 1 820 50 17260
1 14 1 3 135638 23 0 -15 -17 5884 0 0 1 797 50 17237
1 14 1 3 135660 22 0 -15 -17 5862 0 0 1 774 50 17214
1 14 1 3 135683 23 0 -15 -17 5839 0 0 1 752 50 17192
1 14 1 3 135705 22 0 -15 -17 5817 0 0 1 729 50 17169
1 14 1 3 135728 23 0 -15 -17 5794 0 0 1 707 50 17147
1 14 1 3 135750 22 0 -15 -17 5772 0 0 1 684 50 17124
1 14 1 3 135773 23 0 -15 -17 5749 0 0 1 662 50 17102
1 14 1 3 135795 22 0 -15 -17 5727 0 0 1 639 50 17079
1 14 1 3 135818 23 0 -15 -17 5704 0 0 1 617 50 17057
1 14 1 3 135840 22 0 -15 -17 5682 0 0 1 594 50 17034
1 14 1 3 135863 23 0 -15 -17 5659 0 0 1 572 50 17012
1 14 1 3 135885 22 0 -15 -17 5637 0 0 1 549 50 16989
1 14 1 3 135908 23 0 -15 -17 5614 0 0 1 527 50 16967
1 14 1 3 135930 22 0 -15 -17 5592 0 0 1 504 50 16944
1 14 1 3 135953 23 0 -15 -17 5569 0 0 1 482 50 16922
1 14 1 3 135975 22 0 -15 -17 5547 0 0 1 459 50 16899
1 14 1 3 135998 23 0 -15 -17 5524 0 0 1 437 50 16877
1 14 1 3 136020 22 0 -15 -17 5502 0 0 1 414 50 16854
1 14 1 3 136043 23 0 -15 -17 5479 0 0 1 392 50 16832
1 14 1 3 136066 23 0 -15 -17 5456 0 0 1 369 50 16809
1 14 1 3 136088 22 0 -15 -17 5434 0 0 1 346 50 16786
1 14 1 3 136111 23 0 -15 -17 5411 0 0 1 324 50 16764
1 14 1 3 136133 22 0 -15 -17 5389 0 0 1 301 50 16741
1 14 1 3 136156 23 0 -15 -17 5366 0 0 1 279 50 16719
1 14 1 3 136178 22 0 -15 -17 5344 0 0 1 256 50 16696
1 14 1 3 136201 23 0 -15 -17 5321 0 0 1 234 50 16674
1 14 1 3 136223 22 0 -15 -17 5299 0 0 1 211 50 16651
1 14 1 3 136246 23 0 -15 -17 5276 0 0 1 189 50 16629
1 14 1 3 136268 22 0 -15 -17 5254 0 0 1 166 50 16606
1 14 1 3 136291 23 0 -15 -17 5231 0 0 1 144 50 16584
1 14 1 3 136313 22 0 -15 -17 5209 0 0 1 121 50 16561
1 14 1 3 136336 23 0 -15 -17 5186 0 0 1 99 50 16539
1 14 1 3 136358 22 0 -15 -17 5164 0 0 1 76 50 16516
1 14 1 3 136381 23 0 -15 -17 5141 0 0 1 54 50 16494
1 14 1 3 136403 22 0 -15 -17 5119 0 0 1 31 50 16471
1 14 1 3 136426 23 0 -15 -17 5096 0 0 1 9 50 16449
1 14 1 3 136449 23 0 -15 -17 5073 0 0 1 -14 50 16426
1 14 1 3 136471 22 0 -15 -17 5051 0 0 1 -14 27 16403
1 14 1 3 136494 23 0 -15 -17 5028 0 0 1 -14 5 16381
1 14 1 3 136516 22 0 -15 -17 5006 0 0 1 -14 -18 16358
1 14 1 3 136539 23 0 -15 -17 4983 0 0 0 1000 50 16336
1 14 1 3 136561 22 0 -15 -17 4961 0 0 0 1000 50 16313
1 14 1 3 136584 23 0 -15 -17 4938 0 0 0 1000 50 16291
1 14 1 3 136606 22 0 -15 -17 4916 0 0 0 1000 50 16268
1 14 1 3 136629 23 0 -15 -17 4893 0 0 0 1000 50 16246
1 14 1 3 136651 22 0 -15 -17 4871 0 0 0 1000 50 16223
1 14 1 3 136674 23 0 -15 -17 4848 0 0 0 1000 50 16201
1 14 1 3 136696 22 0 -15 -17 4826 0 0 0 1000 50 16178
1 14 1 3 136719 23 0 -15 -17 4803 0 0 0 1000 50 16156
1 14 1 3 136741 22 0 -15 -17 4781 0 0 0 1000 50 16133
1 14 1 3 136764 23 0 -15 -17 4758 0 0 0 1000 50 16111
1 14 1 3 136786 22 0 -15 -17 4736 0 0 0 1000 50 16088
1 14 1 3 136809 23 0 -15 -17 4713 0 0 0 1000 50 16066
1 14 1 3 136832 23 0 -15 -17 4690 0 0 0 1000 50 16043
1 14 1 3 136854 22 0 -15 -17 4668 0 0 0 1000 50 16020
1 14 1 3 136877 23 0 -15 -17 4645 0 0 0 1000 50 15998
1 14 1 3 136899 22 0 -15 -17 4623 0 0 0 1000 50 15975
1 14 1 3 136922 23 0 -15 -17 4600 0 0 0 1000 50 15953
1 14 1 3 136944 22 0 -15 -17 4578 0 0 0 1000 50 15930
1 14 1 3 136968 24 0 -15 -17 4555 0 0 0 1000 50 15908
1 14 1 3 136990 22 0 -15 -17 4533 0 0 0 1000 50 15884
1 14 1 3 137013 23 0 -15 -17 4510 0 0 0 1000 50 15862
1 14 1 3 137035 22 0 -15 -17 4488 0 0 0 1000 50 15839
1 14 1 3 137058 23 0 -15 -17 4465 0 0 0 1000 50 15817
1 14 1 3 137080 22 0 -15 -17 4442 0 0 0 1000 50 15794
1 14 1 3 137103 23 0 -15 -17 4419 0 0 0 1000 50 15772
1 14 1 3 137125 22 0 -15 -17 4397 0 0 0 1000 50 15749
1 14 1 3 137148 23 0 -15 -17 4374 0 0 0 1000 50 15727
1 14 1 3 137170 22 0 -15 -17 4352 0 0 0 1000 50 15704
1 14 1 3 137193 23 0 -15 -17 4329 0 0 0 1000 50 15682
1 14 1 3 137216 23 0 -15 -17 4306 0 0 0 1000 50 15659
1 14 1 3 137238 22 0 -15 -17 4284 0 0 0 1000 50 15636
1 14 1 3 137261 23 0 -15 -17 4261 0 0 0 1000 50 15614
1 14 1 3 137283 22 0 -15 -17 4239 0 0 0 1000 50 15591
1 14 1 3 137306 23 0 -15 -17 4216 0 0 0 1000 50 15569
1 14 1 3 137328 22 0 -15 -17 4194 0 0 0 1000 50 15546
1 14 1 3 137351 23 0 -15 -17 4171 0 0 0 1000 50 15524
1 14 1 3 137373 22 0 -15 -17 4149 0 0 0 1000 50 15501
1 14 1 3 137396 23 0 -15 -17 4126 0 0 0 1000 50 15479
1 14 1 3 137418 22 0 -15 -17 4104 0 0 0 1000 50 15456
1 14 1 3 137441 23 0 -15 -17 4081 0 0 0 1000 50 15434
1 14 1 3 137464 23 0 -15 -17 4059 0 0 0 1000 50 15411
1 14 1 3 137487 23 0 -15 -17 4036 0 0 0 1000 50 15388
1 14 1 3 137509 22 0 -15 -17 4014 0 0 0 1000 50 15365
1 14 1 3 137532 23 0 -15 -17 3991 0 0 0 1000 50 15343
1 14 1 3 137554 22 0 -15 -17 3969 0 0 0 1000 50 15320
1 14 1 3 137577 23 0 -15 -17 3946 0 0 0 1000 50 15298
1 14 1 3 137600 23 0 -15 -17 3922 0 0 0 1000 50 15275
1 14 1 3 137622 22 0 -15 -17 3900 0 0 0 1000 50 15252
1 14 1 3 137645 23 0 -15 -17 3877 0 0 0 1000 50 15230
1 14 1 3 137667 22 0 -15 -17 3855 0 0 0 1000 50 15207
1 14 1 3 137690 23 0 -15 -17 3832 0 0 0 1000 50 15185
1 14 1 3 137712 22 0 -15 -17 3810 0 0 0 1000 50 15162
1 14 1 3 137735 23 0 -15 -17 3787 0 0 0 1000 50 15140
1 14 1 3 137757 22 0 -15 -17 3765 0 0 0 1000 50 15117
1 14 1 3 137780 23 0 -15 -17 3742 0 0 0 1000 50 15095
1 14 1 3 137802 22 0 -15 -17 3720 0 0 0 1000 50 15072
1 14 1 3 137825 23 0 -15 -17 3697 0 0 1 978 50 15050
1 14 1 3 137847 22 0 -15 -17 3675 0 0 1 955 50 15027
1 14 1 3 137870 23 0 -15 -17 3652 0 0 1 933 50 15005
1 14 1 3 137892 22 0 -15 -17 3630 0 0 1 910 50 14982
1 14 1 3 137915 23 0 -15 -17 3607 0 0 1 888 50 14960
1 14 1 3 137937 22 0 -15 -17 3585 0 0 1 865 50 14937
1 14 1 3 137960 23 0 -15 -17 3562 0 0 1 843 50 14915
1 14 1 3 137982 22 0 -15 -17 3540 0 0 1 820 50 14892
1 14 1 3 138005 23 0 -15 -17 3517 0 0 1 798 50 14870
1 14 1 3 138028 23 0 -15 -17 3494 0 0 1 775 50 14847
1 14 1 3 138050 22 0 -15 -17 3472 0 0 1 752 50 14824
1 14 1 3 138073 23 0 -15 -17 3449 0 0 1 730 50 14802
1 14 1 3 138095 22 0 -15 -17 3427 0 0 1 707 50 14779
1 14 1 3 138118 23 0 -15 -17 3404 0 0 1 685 50 14757
1 14 1 3 138140 22 0 -15 -17 3382 0 0 1 662 50 14734
1 14 1 3 138163 23 0 -15 -17 3359 0 0 1 640 50 14712
1 14 1 3 138185 22 0 -15 -17 3337 0 0 1 617 50 14689
1 14 1 3 138208 23 0 -15 -17 3314 0 0 1 595 50 14667
1 14 1 3 138230 22 0 -15 -17 3292 0 0 1 572 50 14644
1 14 1 3 138253 23 0 -15 -17 3269 0 0 1 550 50 14622
1 14 1 3 138275 22 0 -15 -17 3247 0 0 1 527 50 14599
1 14 1 3 138298 23 0 -15 -17 3224 0 0 1 505 50 14577
1 14 1 3 138320 22 0 -15 -17 3202 0 0 1 482 50 14554
1 14 1 3 138343 23 0 -15 -17 3179 0 0 1 460 50 14532
1 14 1 3 138365 22 0 -15 -17 3157 0 0 1 437 50 14509
1 14 1 3 138388 23 0 -15 -17 3134 0 0 1 415 50 14487
1 14 1 3 138411 23 0 -15 -17 3111 0 0 1 392 50 14464
1 14 1 3 138433 22 0 -15 -17 3089 0 0 1 369 50 14441
1 14 1 3 138456 23 0 -15 -17 3066 0 0 1 347 50 14419
1 14 1 3 138478 22 0 -15 -17 3044 0 0 1 324 50 14396
1 14 1 3 138501 23 0 -15 -17 3021 0 0 1 302 50 14374
1 14 1 3 138523 22 0 -15 -17 2999 0 0 1 279 50 14351
1 14 1 3 138546 23 0 -15 -17 2976 0 0 1 257 50 14329
1 14 1 3 138568 22 0 -15 -17 2954 0 0 1 234 50 14306
1 14 1 3 138591 23 0 -15 -17 2931 0 0 1 212 50 14284
1 14 1 3 138613 22 0 -15 -17 2909 0 0 1 189 50 14261
1 14 1 3 138636 23 0 -15 -17 2886 0 0 1 167 50 14239
1 14 1 3 138658 22 0 -15 -17 2864 0 0 1 144 50 14216
1 14 1 3 138681 23 0 -15 -17 2841 0 0 1 122 50 14194
1 14 1 3 138703 22 0 -15 -17 2819 0 0 1 99 50 14171
1 14 1 3 138726 23 0 -15 -17 2796 0 0 1 77 50 14149
1 14 1 3 138748 22 0 -15 -17 2774 0 0 1 54 50 14126
1 14 1 3 138771 23 0 -15 -17 2751 0 0 1 32 50 14104
1 14 1 3 138793 22 0 -15 -17 2729 0 0 1 9 50 14081
1 14 1 3 138816 23 0 -15 -17 2706 0 0 1 -13 50 14059
1 14 1 3 138839 23 0 -15 -17 2683 0 0 1 -13 27 14036
1 14 1 3 138861 22 0 -15 -17 2661 0 0 1 -13 4 14013
1 14 1 3 138884 23 0 -15 -17 2638 0 0 1 -13 -18 13991
1 14 1 3 138906 22 0 -15 -17 2616 0 0 0 1000 50 13968
1 14 1 3 138929 23 0 -15 -17 2593 0 0 0 1000 50 13946
1 14 1 3 138951 22 0 -15 -17 2571 0 0 0 1000 50 13923
1 14 1 3 138974 23 0 -15 -17 2548 0 0 0 1000 50 13901
1 14 1 3 138996 22 0 -15 -17 2526 0 0 0 1000 50 13878
1 14 1 3 139019 23 0 -15 -17 2503 0 0 0 1000 50 13856
1 14 1 3 139041 22 0 -15 -17 2481 0 0 0 1000 50 13833
1 14 1 3 139064 23 0 -15 -17 2458 0 0 0 1000 50 13811
1 14 1 3 139086 22 0 -15 -17 2436 0 0 0 1000 50 13788
1 14 1 3 139109 23 0 -15 -17 2413 0 0 0 1000 50 13766
1 14 1 3 139131 22 0 -15 -17 2391 0 0 0 1000 50 13743
1 14 1 3 139154 23 0 -15 -17 2368 0 0 0 1000 50 13721
1 14 1 3 139176 22 0 -15 -17 2346 0 0 0 1000 50 13698
1 14 1 3 139199 23 0 -15 -17 2323 0 0 0 1000 50 13676
1 14 1 3 139222 23 0 -15 -17 2300 0 0 0 1000 50 13653
1 14 1 3 139244 22 0 -15 -17 2278 0 0 0 1000 50 13630
1 14 1 3 139267 23 0 -15 -17 2255 0 0 0 1000 50 13608
1 14 1 3 139289 22 0 -15 -17 2233 0 0 0 1000 50 13585
1 14 1 3 139313 24 0 -15 -17 2210 0 0 0 1000 50 13563
1 14 1 3 139335 22 0 -15 -17 2188 0 0 0 1000 50 13539
1 14 1 3 139358 23 0 -15 -17 2165 0 0 0 1000 50 13517
1 14 1 3 139380 22 0 -15 -17 2143 0 0 0 1000 50 13494
1 14 1 3 139403 23 0 -15 -17 2120 0 0 0 1000 50 13472
1 14 1 3 139425 22 0 -15 -17 2097 0 0 0 1000 50 13449
1 14 1 3 139448 23 0 -15 -17 2074 0 0 0 1000 50 13427
1 14 1 3 139470 22 0 -15 -17 2052 0 0 0 1000 50 13404
1 14 1 3 139493 23 0 -15 -17 2029 0 0 0 1000 50 13382
1 14 1 3 139515 22 0 -15 -17 2007 0 0 0 1000 50 13359
1 14 1 3 139538 23 0 -15 -17 1984 0 0 0 1000 50 13337
1 14 1 3 139560 22 0 -15 -17 1962 0 0 0 1000 50 13314
1 14 1 3 139583 23 0 -15 -17 1939 0 0 0 1000 50 13292
1 14 1 3 139606 23 0 -15 -17 1916 0 0 0 1000 50 13269
1 14 1 3 139628 22 0 -15 -17 1894 0 0 0 1000 50 13246
1 14 1 3 139651 23 0 -15 -17 1871 0 0 0 1000 50 13224
1 14 1 3 139673 22 0 -15 -17 1849 0 0 0 1000 50 13201
1 14 1 3 139696 23 0 -15 -17 1826 0 0 0 1000 50 13179
1 14 1 3 139718 22 0 -15 -17 1804 0 0 0 1000 50 13156
1 14 1 3 139741 23 0 -15 -17 1781 0 0 0 1000 50 13134
1 14 1 3 139763 22 0 -15 -17 1759 0 0 0 1000 50 13111
1 14 1 3 139786 23 0 -15 -17 1736 0 0 0 1000 50 13089
1 14 1 3 139808 22 0 -15 -17 1714 0 0 0 1000 50 13066
1 14 1 3 139832 24 0 -15 -17 1691 0 0 0 1000 50 13044
1 14 1 3 139854 22 0 -15 -17 1669 0 0 0 1000 50 13020
1 14 1 3 139877 23 0 -15 -17 1646 0 0 0 1000 50 12998
1 14 1 3 139899 22 0 -15 -17 1624 0 0 0 1000 50 12975
1 14 1 3 139922 23 0 -15 -17 1601 0 0 0 1000 50 12953
1 14 1 3 139944 22 0 -15 -17 1579 0 0 0 1000 50 12930
1 14 1 3 139967 23 0 -15 -17 1555 0 0 0 1000 50 12908
1 14 1 3 139990 23 0 -15 -17 1532 0 0 0 1000 50 12885
1 14 1 3 140012 22 0 -15 -17 1510 0 0 0 1000 50 12862
1 14 1 3 140035 23 0 -15 -17 1487 0 0 0 1000 50 12840
1 14 1 3 140057 22 0 -15 -17 1465 0 0 0 1000 50 12817
1 14 1 3 140080 23 0 -15 -17 1442 0 0 0 1000 50 12795
1 14 1 3 140102 22 0 -15 -17 1420 0 0 0 1000 50 12772
1 14 1 3 140125 23 0 -15 -17 1397 0 0 0 1000 50 12750
1 14 1 3 140147 22 0 -15 -17 1375 0 0 0 1000 50 12727
1 14 1 3 140170 23 0 -15 -17 1352 0 0 0 1000 50 12705
1 14 1 3 140192 22 0 -15 -17 1330 0 0 0 1000 50 12682
1 14 1 3 140215 23 0 -15 -17 1307 0 0 0 1000 50 12660
1 14 1 3 140237 22 0 -15 -17 1285 0 1 0 1000 50 12637
1 14 1 3 140260 23 0 -15 -17 1285 1 1 0 1000 50 12615
1 14 1 3 140282 22 0 -15 -17 1285 1 1 0 1000 50 12592
1 14 1 3 140305 23 0 -15 -17 1285 1 1 0 1000 50 12570
1 14 1 3 140327 22 0 -15 -17 1285 1 1 0 1000 50 12547
1 14 1 3 140351 24 0 -15 -17 1285 1 1 0 1000 50 12525
1 14 1 3 140374 23 0 -15 -17 1285 1 1 0 1000 50 12501
1 14 1 3 140396 22 0 -15 -17 1285 1 1 0 1000 50 12478
1 14 1 3 140419 23 0 -15 -17 1285 1 1 0 1000 50 12456
1 14 1 3 140441 22 0 -15 -17 1285 1 1 0 1000 50 12433
1 14 1 3 140464 23 0 -15 -17 1285 1 1 0 1000 50 12411
1 14 1 3 140486 22 0 -15 -17 1285 1 1 0 1000 50 12388
1 14 1 3 140509 23 0 -15 -17 1285 1 1 0 1000 50 12366
1 14 1 3 140531 22 0 -15 -17 1285 1 1 0 1000 50 12343
1 14 1 3 140554 23 0 -15 -17 1285 1 1 0 1000 50 12321
1 14 1 3 140576 22 0 -15 -17 1285 1 1 0 1000 50 12298
1 14 1 3 140599 23 0 -15 -17 1285 1 1 0 1000 50 12276
1 14 1 3 140621 22 0 -15 -17 1285 1 1 0 1000 50 12253
1 14 1 3 140644 23 0 -15 -17 1285 1 1 0 1000 50 12231
1 14 1 3 140666 22 0 -15 -17 1285 1 1 0 1000 50 12208
1 14 1 3 140689 23 0 -15 -17 1285 1 1 0 1000 50 12186
1 14 1 3 140711 22 0 -15 -17 1285 1 1 0 1000 50 12163
1 14 1 3 140734 23 0 -15 -17 1285 1 1 0 1000 50 12141
1 14 1 3 140756 22 0 -15 -17 1285 1 1 0 1000 50 12118
1 14 1 3 140779 23 0 -15 -17 1285 1 1 0 1000 50 12096
1 14 1 3 140802 23 0 -15 -17 1285 1 1 0 1000 50 12073
1 14 1 3 140824 22 0 -15 -17 1285 1 1 0 1000 50 12050
1 14 1 3 140847 23 0 -15 -17 1285 1 1 0 1000 50 12028
1 14 1 3 140869 22 0 -15 -17 1285 1 1 0 1000 50 12005
1 14 1 3 140892 23 0 -15 -17 1285 1 1 0 1000 50 11983
1 14 1 3 140914 22 0 -15 -17 1285 1 1 0 1000 50 11960
1 14 1 3 140937 23 0 -15 -17 1285 1 1 0 1000 50 11938
1 14 1 3 140959 22 0 -15 -17 1285 1 1 0 1000 50 11915
1 14 1 3 140982 23 0 -15 -17 1285 1 1 0 1000 50 11893
1 14 1 3 141004 22 0 -15 -17 1285 1 1 0 1000 50 11870
1 14 1 3 141027 23 0 -15 -17 1285 1 1 0 1000 50 11848
1 14 1 3 141049 22 0 -15 -17 1285 1 1 0 1000 50 11825
1 14 1 3 141072 23 0 -15 -17 1285 1 1 0 1000 50 11803
1 14 1 3 141095 23 0 -15 -17 1285 1 1 0 1000 50 11780
1 14 1 3 141118 23 0 -15 -17 1285 1 1 0 1000 50 11757
1 14 1 3 141140 22 0 -15 -17 1285 1 1 0 1000 50 11734
1 14 1 3 141163 23 0 -15 -17 1285 1 1 0 1000 50 11712
1 14 1 3 141186 23 0 -15 -17 1285 1 1 0 1000 50 11689
1 14 1 3 141208 22 0 -15 -17 1285 1 1 0 1000 50 11666
1 14 1 3 141231 23 0 -15 -17 1285 1 1 0 1000 50 11644
1 14 1 3 141253 22 0 -15 -17 1285 1 1 0 1000 50 11621
1 14 1 3 141276 23 0 -15 -17 1285 1 1 0 1000 50 11599
1 14 1 3 141298 22 0 -15 -17 1285 1 1 0 1000 50 11576
1 14 1 3 141321 23 0 -15 -17 1285 1 1 0 1000 50 11554
1 14 1 3 141343 22 0 -15 -17 1285 1 1 0 1000 50 11531
1 14 1 3 141366 23 0 -15 -17 1285 1 1 0 1000 50 11509
1 14 1 3 141388 22 0 -15 -17 1285 1 1 0 1000 50 11486
1 14 1 3 141411 23 0 -15 -17 1285 1 1 0 1000 50 11464
1 14 1 3 141433 22 0 -15 -17 1285 1 1 0 1000 50 11441
1 14 1 3 141456 23 0 -15 -17 1285 1 1 0 1000 50 11419
1 14 1 3 141478 22 0 -15 -17 1285 1 1 0 1000 50 11396
1 14 1 3 141501 23 0 -15 -17 1285 1 1 0 1000 50 11374
1 14 1 3 141523 22 0 -15 -17 1285 1 1 0 1000 50 11351
1 14 1 3 141546 23 0 -15 -17 1285 1 1 0 1000 50 11329
1 14 1 3 141569 23 0 -15 -17 1285 1 1 0 1000 50 11306
1 14 1 3 141591 22 0 -15 -17 1285 1 1 0 1000 50 11283
1 14 1 3 141614 23 0 -15 -17 1285 1 1 0 1000 50 11261
1 14 1 3 141636 22 0 -15 -17 1285 1 1 0 1000 50 11238
1 14 1 3 141659 23 0 -15 -17 1285 1 1 0 1000 50 11216
1 14 1 3 141681 22 0 -15 -17 1285 1 1 0 1000 50 11193
1 14 1 3 141704 23 0 -15 -17 1285 1 1 0 1000 50 11171
1 14 1 3 141726 22 0 -15 -17 1285 1 1 0 1000 50 11148
1 14 1 3 141749 23 0 -15 -17 1285 1 1 0 1000 50 11126
1 14 1 3 141771 22 0 -15 -17 1285 1 1 0 1000 50 11103
1 14 1 3 141794 23 0 -15 -17 1285 1 1 0 1000 50 11081
1 14 1 3 141816 22 0 -15 -17 1285 1 1 0 1000 50 11058
1 14 1 3 141839 23 0 -15 -17 1285 1 1 0 1000 50 11036
1 14 1 3 141861 22 0 -15 -17 1285 1 1 0 1000 50 11013
1 14 1 3 141884 23 0 -15 -17 1285 1 1 0 1000 50 10991
1 14 1 3 141906 22 0 -15 -17 1285 1 1 0 1000 50 10968
1 14 1 3 141929 23 0 -15 -17 1285 1 1 0 1000 50 10946
1 14 1 3 141952 23 0 -15 -17 1285 1 1 0 1000 50 10923
1 14 1 3 141974 22 0 -15 -17 1285 1 1 0 1000 50 10900
1 14 1 3 141998 24 0 -15 -17 1285 1 1 0 1000 50 10878
1 14 1 3 142020 22 0 -15 -17 1285 1 1 0 1000 50 10854
1 14 1 3 142043 23 0 -15 -17 1285 1 1 0 1000 50 10832
1 14 1 3 142065 22 0 -15 -17 1285 1 1 0 1000 50 10809
1 14 1 3 142088 23 0 -15 -17 1285 1 1 0 1000 50 10787
1 14 1 3 142110 22 0 -15 -17 1285 1 1 0 1000 50 10764
1 14 1 3 142133 23 0 -15 -17 1285 1 1 0 1000 50 10742
1 14 1 3 142155 22 0 -15 -17 1285 1 1 0 1000 50 10719
1 14 1 3 142178 23 0 -15 -17 1285 1 1 0 1000 50 10697
1 14 1 3 142200 22 0 -15 -17 1285 1 1 0 1000 50 10674
1 14 1 3 142223 23 0 -15 -17 1285 1 1 0 1000 50 10652
1 14 1 3 142245 22 0 -15 -17 1285 1 1 0 1000 50 10629
1 14 1 3 142268 23 0 -15 -17 1285 1 1 0 1000 50 10607
1 14 1 3 142290 22 0 -15 -17 1285 1 1 0 1000 50 10584
1 14 1 3 142313 23 0 -15 -17 1285 1 1 0 1000 50 10562
1 14 1 3 142336 23 0 -15 -17 1285 1 1 0 1000 50 10539
1 14 1 3 142358 22 0 -15 -17 1285 1 1 0 1000 50 10516
1 14 1 3 142381 23 0 -15 -17 1285 1 1 0 1000 50 10494
1 14 1 3 142403 22 0 -15 -17 1285 1 1 0 1000 50 10471
1 14 1 3 142426 23 0 -15 -17 1285 1 1 0 1000 50 10449
1 14 1 3 142448 22 0 -15 -17 1285 1 1 0 1000 50 10426
1 14 1 3 142471 23 0 -15 -17 1285 1 1 0 1000 50 10404
1 14 1 3 142493 22 0 -15 -17 1285 1 1 0 1000 50 10381
1 14 1 3 142516 23 0 -15 -17 1285 1 1 0 1000 50 10359
1 14 1 3 142538 22 0 -15 -17 1285 1 1 0 1000 50 10336
1 15 1 3 142561 23 0 -15 -17 1285 1 1 0 1000 50 10314
1 14 1 3 142583 22 0 -15 -17 1285 1 1 0 1000 50 10291
1 14 1 3 142606 23 0 -15 -17 1285 1 1 0 1000 50 10269
1 14 1 3 142628 22 0 -15 -17 1285 1 1 0 1000 50 10246
1 14 1 3 142651 23 0 -15 -17 1285 1 1 0 1000 50 10224
1 14 1 3 142673 22 0 -15 -17 1285 1 1 0 1000 50 10201
1 14 1 3 142696 23 0 -15 -17 1285 1 1 0 1000 50 10179
1 14 1 3 142718 22 0 -15 -17 1285 1 1 0 1000 50 10156
1 14 1 3 142741 23 0 -15 -17 1285 1 1 0 1000 50 10134
1 14 1 3 142764 23 0 -15 -17 1285 1 1 0 1000 50 10111
1 14 1 3 142786 22 0 -15 -17 1285 1 1 0 1000 50 10088
1 14 1 3 142809 23 0 -15 -17 1285 1 1 0 1000 50 10066
1 14 1 3 142831 22 0 -15 -17 1285 1 1 0 1000 50 10043
1 14 1 3 142854 23 0 -15 -17 1285 1 1 0 1000 50 10021
1 14 1 3 142876 22 0 -15 -17 1285 1 1 0 1000 50 9998
1 14 1 3 142899 23 0 -15 -17 1285 1 1 0 1000 50 9976
1 14 1 3 142921 22 0 -15 -17 1285 1 1 0 1000 50 9953
1 14 1 3 142944 23 0 -15 -17 1285 1 1 0 1000 50 9931
1 14 1 3 142966 22 0 -15 -17 1285 1 1 0 1000 50 9908
1 14 1 3 142989 23 0 -15 -17 1285 1 1 0 1000 50 9886
1 14 1 3 143011 22 0 -15 -17 1285 1 1 0 1000 50 9863
1 14 1 3 143034 23 0 -15 -17 1285 1 1 0 1000 50 9841
1 14 1 3 143056 22 0 -15 -17 1285 1 1 0 1000 50 9818
1 14 1 3 143079 23 0 -15 -17 1285 1 1 0 1000 50 9796
1 14 1 3 143101 22 0 -15 -17 1285 1 1 0 1000 50 9773
1 14 1 3 143124 23 0 -15 -17 1285 1 1 0 1000 50 9751
1 14 1 3 143147 23 0 -15 -17 1285 1 1 0 1000 50 9728
1 14 1 3 143169 22 0 -15 -17 1285 1 1 0 1000 50 9705
1 14 1 3 143192 23 0 -15 -17 1285 1 1 0 1000 50 9683
1 14 1 3 143214 22 0 -15 -17 1285 1 1 0 1000 50 9660
1 14 1 3 143237 23 0 -15 -17 1285 1 1 0 1000 50 9638
1 14 1 3 143259 22 0 -15 -17 1285 1 1 0 1000 50 9615
1 14 1 3 143282 23 0 -15 -17 1285 1 1 0 1000 50 9593
1 14 1 3 143304 22 0 -15 -17 1285 1 1 0 1000 50 9570
1 14 1 3 143327 23 0 -15 -17 1285 1 1 0 1000 50 9548
1 14 1 3 143349 22 0 -15 -17 1285 1 1 0 1000 50 9525
1 14 1 3 143372 23 0 -15 -17 1285 1 1 0 1000 50 9503
1 14 1 3 143394 22 0 -15 -17 1285 1 1 0 1000 50 9480
1 14 1 3 143417 23 0 -15 -17 1285 1 1 0 1000 50 9458
1 14 1 3 143439 22 0 -15 -17 1285 1 1 0 1000 50 9435
1 14 1 3 143462 23 0 -15 -17 1285 1 1 0 1000 50 9413
1 14 1 3 143484 22 0 -15 -17 1285 1 1 0 1000 50 9390
1 14 1 3 143507 23 0 -15 -17 1285 1 1 0 1000 50 9368
1 14 1 3 143529 22 0 -15 -17 1285 1 1 0 1000 50 9345
1 14 1 3 143552 23 0 -15 -17 1285 1 1 0 1000 50 9323
1 14 1 3 143575 23 0 -15 -17 1285 1 1 0 1000 50 9300
1 14 1 3 143597 22 0 -15 -17 1285 1 1 0 1000 50 9277
1 14 1 3 143620 23 0 -15 -17 1285 1 1 0 1000 50 9255
1 14 1 3 143642 22 0 -15 -17 1285 1 1 0 1000 50 9232
1 14 1 3 143665 23 0 -15 -17 1285 1 1 0 1000 50 9210
1 14 1 3 143687 22 0 -15 -17 1285 1 1 0 1000 50 9187
1 14 1 3 143710 23 0 -15 -17 1285 1 1 0 1000 50 9165
1 14 1 3 143732 22 0 -15 -17 1285 1 1 0 1000 50 9142
1 14 1 3 143755 23 0 -15 -17 1285 1 1 0 1000 50 9120
1 14 1 3 143777 22 0 -15 -17 1285 1 1 0 1000 50 9097
1 14 1 3 143800 23 0 -15 -17 1285 1 1 0 1000 50 9075
1 14 1 3 143822 22 0 -15 -17 1285 1 1 0 1000 50 9052
1 14 1 3 143845 23 0 -15 -17 1285 1 1 0 1000 50 9030
1 14 1 3 143867 22 0 -15 -17 1285 1 1 0 1000 50 9007
1 14 1 3 143890 23 0 -15 -17 1285 1 1 0 1000 50 8985
1 14 1 3 143912 22 0 -15 -17 1285 1 1 0 1000 50 8962
1 14 1 3 143935 23 0 -15 -17 1285 1 1 0 1000 50 8940
1 14 1 3 143958 23 0 -15 -17 1285 1 1 0 1000 50 8917
1 14 1 3 143980 22 0 -15 -17 1285 1 1 0 1000 50 8894
1 14 1 3 144003 23 0 -15 -17 1285 1 1 0 1000 50 8872
1 14 1 3 144025 22 0 -15 -17 1285 1 1 0 1000 50 8849
1 14 1 3 144048 23 0 -15 -17 1285 1 1 0 1000 50 8827
1 14 1 3 144070 22 0 -15 -17 1285 1 1 0 1000 50 8804
1 14 1 3 144092 22 0 -15 -17 1285 1 1 0 1000 50 8782
1 14 1 3 144114 22 0 -15 -17 1285 1 1 0 1000 50 8760
1 14 1 3 144137 23 0 -15 -17 1285 1 1 0 1000 50 8738
1 14 1 3 144159 22 0 -15 -17 1285 1 1 0 1000 50 8715
1 14 1 3 144182 23 0 -15 -17 1285 1 1 0 1000 50 8693
1 14 1 3 144204 22 0 -15 -17 1285 1 1 0 1000 50 8670
1 14 1 3 144227 23 0 -15 -17 1285 1 1 0 1000 50 8648
1 14 1 3 144249 22 0 -15 -17 1285 1 1 0 1000 50 8625
1 14 1 3 144272 23 0 -15 -17 1285 1 1 0 1000 50 8603
1 14 1 3 144294 22 0 -15 -17 1285 1 1 0 1000 50 8580
1 14 1 3 144317 23 0 -15 -17 1285 1 1 0 1000 50 8558
1 14 1 3 144339 22 0 -15 -17 1285 1 1 0 1000 50 8535
1 14 1 3 144362 23 0 -15 -17 1285 1 1 0 1000 50 8513
1 14 1 3 144385 23 0 -15 -17 1285 1 1 0 1000 50 8490
1 14 1 3 144407 22 0 -15 -17 1285 1 1 0 1000 50 8467
1 14 1 3 144430 23 0 -15 -17 1285 1 1 0 1000 50 8445
1 14 1 3 144452 22 0 -15 -17 1285 1 1 0 1000 50 8422
1 14 1 3 144475 23 0 -15 -17 1285 1 1 0 1000 50 8400
1 14 1 3 144497 22 0 -15 -17 1285 1 1 0 1000 50 8377
1 14 1 3 144520 23 0 -15 -17 1285 1 1 0 1000 50 8355
1 14 1 3 144542 22 0 -15 -17 1285 1 1 0 1000 50 8332
1 14 1 3 144565 23 0 -15 -17 1285 1 1 0 1000 50 8310
1 14 1 3 144587 22 0 -15 -17 1285 1 1 0 1000 50 8287
1 14 1 3 144610 23 0 -15 -17 1285 1 1 0 1000 50 8265
1 14 1 3 144632 22 0 -15 -17 1285 1 1 0 1000 50 8242
1 14 1 3 144655 23 0 -15 -17 1285 1 1 0 1000 50 8220
1 14 1 3 144677 22 0 -15 -17 1285 1 1 0 1000 50 8197
1 14 1 3 144700 23 0 -15 -17 1285 1 1 0 1000 50 8175
1 14 1 3 144722 22 0 -15 -17 1285 1 1 0 1000 50 8152
1 14 1 3 144745 23 0 -15 -17 1285 1 1 0 1000 50 8130
1 14 1 3 144768 23 0 -15 -17 1285 1 1 0 1000 50 8107
1 15 1 3 144790 22 0 -15 -17 1285 1 1 0 1000 50 8084
1 14 1 3 144813 23 0 -15 -17 1285 1 1 0 1000 50 8062
1 14 1 3 144835 22 0 -15 -17 1285 1 1 0 1000 50 8039
1 14 1 3 144858 23 0 -15 -17 1285 1 1 0 1000 50 8017
1 14 1 3 144880 22 0 -15 -17 1285 1 1 0 1000 50 7994
1 14 1 3 144903 23 0 -15 -17 1285 1 1 0 1000 50 7972
1 14 1 3 144925 22 0 -15 -17 1285 1 1 0 1000 50 7949
1 14 1 3 144948 23 0 -15 -17 1285 1 1 0 1000 50 7927
1 14 1 3 144970 22 0 -15 -17 1285 1 1 0 1000 50 7904
1 14 1 3 144993 23 0 -15 -17 1285 1 1 0 1000 50 7882
1 14 1 3 145015 22 0 -15 -17 1285 1 1 0 1000 50 7859
1 14 1 3 145038 23 0 -15 -17 1285 1 1 0 1000 50 7837
1 14 1 3 145060 22 0 -15 -17 1285 1 1 0 1000 50 7814
1 14 1 3 145083 23 0 -15 -17 1285 1 1 0 1000 50 7792
1 14 1 3 145105 22 0 -15 -17 1285 1 1 0 1000 50 7769
1 14 1 3 145128 23 0 -15 -17 1285 1 1 0 1000 50 7747
1 14 1 3 145150 22 0 -15 -17 1285 1 1 0 1000 50 7724
1 14 1 3 145173 23 0 -15 -17 1285 1 1 0 1000 50 7702
1 14 1 3 145195 22 0 -15 -17 1285 1 1 0 1000 50 7679
1 14 1 3 145217 22 0 -15 -17 1285 1 1 0 1000 50 7657
1 14 1 3 145240 23 0 -15 -17 1285 1 1 0 1000 50 7635
1 14 1 3 145262 22 0 -15 -17 1285 1 1 0 1000 50 7612
1 14 1 3 145285 23 0 -15 -17 1285 1 1 0 1000 50 7590
1 14 1 3 145307 22 0 -15 -17 1285 1 1 0 1000 50 7567
1 14 1 3 145330 23 0 -15 -17 1285 1 1 0 1000 50 7545
1 14 1 3 145352 22 0 -15 -17 1285 1 1 0 1000 50 7522
1 14 1 3 145375 23 0 -15 -17 1285 1 1 0 1000 50 7500
1 14 1 3 145397 22 0 -15 -17 1285 1 1 0 1000 50 7477
1 14 1 3 145420 23 0 -15 -17 1285 1 1 0 1000 50 7455
1 14 1 3 145442 22 0 -15 -17 1285 1 1 0 1000 50 7432
1 14 1 3 145465 23 0 -15 -17 1285 1 1 0 1000 50 7410
1 14 1 3 145487 22 0 -15 -17 1285 1 1 0 1000 50 7387
1 14 1 3 145510 23 0 -15 -17 1285 1 1 0 1000 50 7365
1 14 1 3 145532 22 0 -15 -17 1285 1 1 0 1000 50 7342
1 14 1 3 145555 23 0 -15 -17 1285 1 1 0 1000 50 7320
1 14 1 3 145577 22 0 -15 -17 1285 1 1 0 1000 50 7297
1 14 1 3 145600 23 0 -15 -17 1285 1 1 0 1000 50 7275
1 14 1 3 145623 23 0 -15 -17 1285 1 1 0 1000 50 7252
1 14 1 3 145645 22 0 -15 -17 1285 1 1 0 1000 50 7229
1 14 1 3 145668 23 0 -15 -17 1285 1 1 0 1000 50 7207
1 14 1 3 145690 22 0 -15 -17 1285 1 1 0 1000 50 7184
1 14 1 3 145713 23 0 -15 -17 1285 1 1 0 1000 50 7162
1 14 1 3 145735 22 0 -15 -17 1285 1 1 0 1000 50 7139
1 14 1 3 145758 23 0 -15 -17 1285 1 1 0 1000 50 7117
1 14 1 3 145780 22 0 -15 -17 1285 1 1 0 1000 50 7094
1 14 1 3 145803 23 0 -15 -17 1285 1 1 0 1000 50 7072
1 14 1 3 145825 22 0 -15 -17 1285 1 1 0 1000 50 7049
1 14 1 3 145848 23 0 -15 -17 1285 1 1 0 1000 50 7027
1 14 1 3 145870 22 0 -15 -17 1285 1 1 0 1000 50 7004
1 14 1 3 145893 23 0 -15 -17 1285 1 1 0 1000 50 6982
1 14 1 3 145915 22 0 -15 -17 1285 1 1 0 1000 50 6959
1 14 1 3 145938 23 0 -15 -17 1285 1 1 0 1000 50 6937
1 14 1 3 145960 22 0 -15 -17 1285 1 1 0 1000 50 6914
1 14 1 3 145983 23 0 -15 -17 1285 1 1 0 1000 50 6892
1 14 1 3 146006 23 0 -15 -17 1285 1 1 0 1000 50 6869
1 14 1 3 146028 22 0 -15 -17 1285 1 1 0 1000 50 6846
1 14 1 3 146051 23 0 -15 -17 1285 1 1 0 1000 50 6824
1 14 1 3 146073 22 0 -15 -17 1285 1 1 0 1000 50 6801
1 14 1 3 146096 23 0 -15 -17 1285 1 1 0 1000 50 6779
1 14 1 3 146118 22 0 -15 -17 1285 1 1 0 1000 50 6756
1 14 1 3 146141 23 0 -15 -17 1285 1 1 0 1000 50 6734
1 14 1 3 146163 22 0 -15 -17 1285 1 1 0 1000 50 6711
1 14 1 3 146186 23 0 -15 -17 1285 1 1 0 1000 50 6689
1 14 1 3 146208 22 0 -15 -17 1285 1 1 0 1000 50 6666
1 14 1 3 146231 23 0 -15 -17 1285 1 1 0 1000 50 6644
1 14 1 3 146253 22 0 -15 -17 1285 1 1 0 1000 50 6621
1 14 1 3 146276 23 0 -15 -17 1285 1 1 0 1000 50 6599
1 14 1 3 146298 22 0 -15 -17 1285 1 1 0 1000 50 6576
1 14 1 3 146320 22 0 -15 -17 1285 1 1 0 1000 50 6554
1 14 1 3 146342 22 0 -15 -17 1285 1 1 0 1000 50 6532
1 14 1 3 146365 23 0 -15 -17 1285 1 1 0 1000 50 6510
1 14 1 3 146387 22 0 -15 -17 1285 1 1 0 1000 50 6487
1 14 1 3 146410 23 0 -15 -17 1285 1 1 0 1000 50 6465
1 14 1 3 146433 23 0 -15 -17 1285 1 1 0 1000 50 6442
1 14 1 3 146455 22 0 -15 -17 1285 1 1 0 1000 50 6419
1 14 1 3 146478 23 0 -15 -17 1285 1 1 0 1000 50 6397
1 14 1 3 146500 22 0 -15 -17 1285 1 1 0 1000 50 6374
1 14 1 3 146523 23 0 -15 -17 1285 1 1 0 1000 50 6352
1 14 1 3 146545 22 0 -15 -17 1285 1 1 0 1000 50 6329
1 14 1 3 146568 23 0 -15 -17 1285 1 1 0 1000 50 6307
1 14 1 3 146590 22 0 -15 -17 1285 1 1 0 1000 50 6284
1 14 1 3 146613 23 0 -15 -17 1285 1 1 0 1000 50 6262
1 14 1 3 146635 22 0 -15 -17 1285 1 1 0 1000 50 6239
1 14 1 3 146658 23 0 -15 -17 1285 1 1 0 1000 50 6217
1 14 1 3 146680 22 0 -15 -17 1285 1 1 0 1000 50 6194
1 14 1 3 146703 23 0 -15 -17 1285 1 1 0 1000 50 6172
1 14 1 3 146725 22 0 -15 -17 1285 1 1 0 1000 50 6149
1 14 1 3 146748 23 0 -15 -17 1285 1 1 0 1000 50 6127
1 14 1 3 146770 22 0 -15 -17 1285 1 1 0 1000 50 6104
1 14 1 3 146793 23 0 -15 -17 1285 1 1 0 1000 50 6082
1 14 1 3 146816 23 0 -15 -17 1285 1 1 0 1000 50 6059
1 14 1 3 146838 22 0 -15 -17 1285 1 1 0 1000 50 6036
1 14 1 3 146861 23 0 -15 -17 1285 1 1 0 1000 50 6014
1 14 1 3 146883 22 0 -15 -17 1285 1 1 0 1000 50 5991
1 14 1 3 146906 23 0 -15 -17 1285 1 1 0 1000 50 5969
1 14 1 3 146928 22 0 -15 -17 1285 1 1 0 1000 50 5946
1 14 1 3 146951 23 0 -15 -17 1285 1 1 0 1000 50 5924
1 14 1 3 146973 22 0 -15 -17 1285 1 1 0 1000 50 5901
1 14 1 3 146996 23 0 -15 -17 1285 1 1 0 1000 50 5879
1 14 1 3 147018 22 0 -15 -17 1285 1 1 0 1000 50 5856
1 14 1 3 147041 23 0 -15 -17 1285 1 1 0 1000 50 5834
1 14 1 3 147063 22 0 -15 -17 1285 1 1 0 1000 50 5811
1 14 1 3 147086 23 0 -15 -17 1285 1 1 0 1000 50 5789
1 14 1 3 147108 22 0 -15 -17 1285 1 1 0 1000 50 5766
1 14 1 3 147131 23 0 -15 -17 1285 1 1 0 1000 50 5744
1 14 1 3 147153 22 0 -15 -17 1285 1 1 0 1000 50 5721
1 14 1 3 147176 23 0 -15 -17 1285 1 1 0 1000 50 5699
1 14 1 3 147198 22 0 -15 -17 1285 1 1 0 1000 50 5676
1 14 1 3 147221 23 0 -15 -17 1285 1 1 0 1000 50 5654
1 14 1 3 147244 23 0 -15 -17 1285 1 1 0 1000 50 5631
1 14 1 3 147266 22 0 -15 -17 1285 1 1 0 1000 50 5608
1 14 1 3 147289 23 0 -15 -17 1285 1 1 0 1000 50 5586
1 14 1 3 147311 22 0 -15 -17 1285 1 1 0 1000 50 5563
1 14 1 3 147334 23 0 -15 -17 1285 1 1 0 1000 50 5541
1 14 1 3 147356 22 0 -15 -17 1285 1 1 0 1000 50 5518
1 14 1 3 147379 23 0 -15 -17 1285 1 1 0 1000 50 5496
1 14 1 3 147401 22 0 -15 -17 1285 1 1 0 1000 50 5473
1 14 1 3 147424 23 0 -15 -17 1285 1 1 0 1000 50 5451
1 14 1 3 147446 22 0 -15 -17 1285 1 1 0 1000 50 5428
1 14 1 3 147469 23 0 -15 -17 1285 1 1 0 1000 50 5406
1 14 1 3 147490 21 0 -15 -17 1285 1 1 0 1000 50 5383
1 14 1 3 147513 23 0 -15 -17 1285 1 1 0 1000 50 5362
1 14 1 3 147535 22 0 -15 -17 1285 1 1 0 1000 50 5339
1 14 1 3 147558 23 0 -15 -17 1285 1 1 0 1000 50 5317
1 14 1 3 147580 22 0 -15 -17 1285 1 1 0 1000 50 5294
1 14 1 3 147603 23 0 -15 -17 1285 1 1 0 1000 50 5272
1 14 1 3 147625 22 0 -15 -17 1285 1 1 0 1000 50 5249
1 14 1 3 147648 23 0 -15 -17 1285 1 1 0 1000 50 5227
1 14 1 3 147671 23 0 -15 -17 1285 1 1 0 1000 50 5204
1 14 1 3 147693 22 0 -15 -17 1285 1 1 0 1000 50 5181
1 14 1 3 147716 23 0 -15 -17 1285 1 1 0 1000 50 5159
1 14 1 3 147738 22 0 -15 -17 1285 1 1 0 1000 50 5136
1 14 1 3 147761 23 0 -15 -17 1285 1 1 0 1000 50 5114
1 14 1 3 147783 22 0 -15 -17 1285 1 1 0 1000 50 5091
1 14 1 3 147806 23 0 -15 -17 1285 1 1 0 1000 50 5069
1 14 1 3 147828 22 0 -15 -17 1285 1 1 0 1000 50 5046
1 14 1 3 147851 23 0 -15 -17 1285 1 1 0 1000 50 5024
1 14 1 3 147873 22 0 -15 -17 1285 1 1 0 1000 50 5001
1 14 1 3 147896 23 0 -15 -17 1285 1 1 0 1000 50 4979
1 14 1 3 147918 22 0 -15 -17 1285 1 1 0 1000 50 4956
1 14 1 3 147941 23 0 -15 -17 1285 1 1 0 1000 50 4934
1 14 1 3 147963 22 0 -15 -17 1285 1 1 0 1000 50 4911
1 14 1 3 147986 23 0 -15 -17 1285 1 1 0 1000 50 4889
1 14 1 3 148008 22 0 -15 -17 1285 1 1 0 1000 50 4866
1 14 1 3 148031 23 0 -15 -17 1285 1 1 0 1000 50 4844
1 14 1 3 148054 23 0 -15 -17 1285 1 1 0 1000 50 4821
1 14 1 3 148076 22 0 -15 -17 1285 1 1 0 1000 50 4798
1 14 1 3 148099 23 0 -15 -17 1285 1 1 0 1000 50 4776
1 14 1 3 148121 22 0 -15 -17 1285 1 1 0 1000 50 4753
1 14 1 3 148144 23 0 -15 -17 1285 1 1 0 1000 50 4731
1 14 1 3 148166 22 0 -15 -17 1285 1 1 0 1000 50 4708
1 14 1 3 148189 23 0 -15 -17 1285 1 1 0 1000 50 4686
1 14 1 3 148211 22 0 -15 -17 1285 1 1 0 1000 50 4663
1 14 1 3 148234 23 0 -15 -17 1285 1 1 0 1000 50 4641
1 14 1 3 148256 22 0 -15 -17 1285 1 1 0 1000 50 4618
1 14 1 3 148279 23 0 -15 -17 1285 1 1 0 1000 50 4596
1 14 1 3 148301 22 0 -15 -17 1285 1 1 0 1000 50 4573
1 14 1 3 148324 23 0 -15 -17 1285 1 1 0 1000 50 4551
1 14 1 3 148346 22 0 -15 -17 1285 1 1 0 1000 50 4528
1 14 1 3 148369 23 0 -15 -17 1285 1 1 0 1000 50 4506
1 14 1 3 148391 22 0 -15 -17 1285 1 1 0 1000 50 4483
1 14 1 3 148414 23 0 -15 -17 1285 1 1 0 1000 50 4461
1 14 1 3 148436 22 0 -15 -17 1285 1 1 0 1000 50 4438
1 14 1 3 148459 23 0 -15 -17 1285 1 1 0 1000 50 4416
1 14 1 3 148482 23 0 -15 -17 1285 1 1 0 1000 50 4393
1 14 1 3 148504 22 0 -15 -17 1285 1 1 0 1000 50 4370
1 14 1 3 148527 23 0 -15 -17 1285 1 1 0 1000 50 4348
1 14 1 3 148549 22 0 -15 -17 1285 1 1 0 1000 50 4325
1 14 1 3 148572 23 0 -15 -17 1285 1 1 0 1000 50 4303
1 14 1 3 148594 22 0 -15 -17 1285 1 1 0 1000 50 4280
1 14 1 3 148616 22 0 -15 -17 1285 1 1 0 1000 50 4258
1 14 1 3 148638 22 0 -15 -17 1285 1 1 0 1000 50 4236
1 14 1 3 148661 23 0 -15 -17 1285 1 1 0 1000 50 4214
1 14 1 3 148683 22 0 -15 -17 1285 1 1 0 1000 50 4191
1 14 1 3 148706 23 0 -15 -17 1285 1 1 0 1000 50 4169
1 14 1 3 148728 22 0 -15 -17 1285 1 1 0 1000 50 4146
1 14 1 3 148751 23 0 -15 -17 1285 1 1 0 1000 50 4124
1 14 1 3 148773 22 0 -15 -17 1285 1 1 0 1000 50 4101
1 14 1 3 148796 23 0 -15 -17 1285 1 1 0 1000 50 4079
1 14 1 3 148818 22 0 -15 -17 1285 1 1 0 1000 50 4056
1 14 1 3 148841 23 0 -15 -17 1285 1 1 0 1000 50 4034
1 14 1 3 148864 23 0 -15 -17 1285 1 1 0 1000 50 4011
1 14 1 3 148886 22 0 -15 -17 1285 1 1 0 1000 50 3988
1 14 1 3 148909 23 0 -15 -17 1285 1 1 0 1000 50 3966
1 14 1 3 148931 22 0 -15 -17 1285 1 1 0 1000 50 3943
1 14 1 3 148954 23 0 -15 -17 1285 1 1 0 1000 50 3921
1 14 1 3 148976 22 0 -15 -17 1285 1 1 0 1000 50 3898
1 14 1 3 148999 23 0 -15 -17 1285 1 1 0 1000 50 3876
1 14 1 3 149021 22 0 -15 -17 1285 1 1 0 1000 50 3853
1 14 1 3 149044 23 0 -15 -17 1285 1 1 0 1000 50 3831
1 14 1 3 149066 22 0 -15 -17 1285 1 1 0 1000 50 3808
1 14 1 3 149089 23 0 -15 -17 1285 1 1 0 1000 50 3786
1 14 1 3 149111 22 0 -15 -17 1285 1 1 0 1000 50 3763
1 14 1 3 149134 23 0 -15 -17 1285 1 1 0 1000 50 3741
1 14 1 3 149156 22 0 -15 -17 1285 1 1 0 1000 50 3718
1 14 1 3 149179 23 0 -15 -17 1285 1 1 0 1000 50 3696
1 14 1 3 149201 22 0 -15 -17 1285 1 1 0 1000 50 3673
1 14 1 3 149224 23 0 -15 -17 1285 1 1 0 1000 50 3651
1 14 1 3 149246 22 0 -15 -17 1285 1 1 0 1000 50 3628
1 14 1 3 149269 23 0 -15 -17 1285 1 1 0 1000 50 3606
1 14 1 3 149292 23 0 -15 -17 1285 1 1 0 1000 50 3583
1 14 1 3 149314 22 0 -15 -17 1285 1 1 0 1000 50 3560
1 14 1 3 149337 23 0 -15 -17 1285 1 1 0 1000 50 3538
1 14 1 3 149359 22 0 -15 -17 1285 1 1 0 1000 50 3515
1 14 1 3 149382 23 0 -15 -17 1285 1 1 0 1000 50 3493
1 14 1 3 149404 22 0 -15 -17 1285 1 1 0 1000 50 3470
1 14 1 3 149427 23 0 -15 -17 1285 1 1 0 1000 50 3448
1 14 1 3 149449 22 0 -15 -17 1285 1 1 0 1000 50 3425
1 14 1 3 149472 23 0 -15 -17 1285 1 1 0 1000 50 3403
1 14 1 3 149494 22 0 -15 -17 1285 1 1 0 1000 50 3380
1 14 1 3 149517 23 0 -15 -17 1285 1 1 0 1000 50 3358
1 14 1 3 149539 22 0 -15 -17 1285 1 1 0 1000 50 3335
1 14 1 3 149562 23 0 -15 -17 1285 1 1 0 1000 50 3313
1 14 1 3 149584 22 0 -15 -17 1285 1 1 0 1000 50 3290
1 14 1 3 149607 23 0 -15 -17 1285 1 1 0 1000 50 3268
1 14 1 3 149629 22 0 -15 -17 1285 1 1 0 1000 50 3245
1 14 1 3 149652 23 0 -15 -17 1285 1 1 0 1000 50 3223
1 14 1 3 149675 23 0 -15 -17 1285 1 1 0 1000 50 3200
1 14 1 3 149697 22 0 -15 -17 1285 1 1 0 1000 50 3177
1 14 1 3 149719 22 0 -15 -17 1285 1 1 0 1000 50 3155
1 14 1 3 149741 22 0 -15 -17 1285 1 1 0 1000 50 3133
1 14 1 3 149764 23 0 -15 -17 1285 1 1 0 1000 50 3111
1 14 1 3 149786 22 0 -15 -17 1285 1 1 0 1000 50 3088
1 14 1 3 149809 23 0 -15 -17 1285 1 1 0 1000 50 3066
1 14 1 3 149831 22 0 -15 -17 1285 1 1 0 1000 50 3043
1 14 1 3 149854 23 0 -15 -17 1285 1 1 0 1000 50 3021
1 14 1 3 149876 22 0 -15 -17 1285 1 1 0 1000 50 2998
1 14 1 3 149899 23 0 -15 -17 1285 1 1 0 1000 50 2976
1 14 1 3 149921 22 0 -15 -17 1285 1 1 0 1000 50 2953
1 14 1 3 149944 23 0 -15 -17 1285 1 1 0 1000 50 2931
1 14 1 3 149966 22 0 -15 -17 1285 1 1 0 1000 50 2908
1 14 1 3 149989 23 0 -15 -17 1285 1 1 0 1000 50 2886
1 14 1 3 150011 22 0 -15 -17 1285 1 1 0 1000 50 2863
1 14 1 3 150034 23 0 -15 -17 1285 1 1 0 1000 50 2841
1 14 1 3 150056 22 0 -15 -17 1285 1 1 0 1000 50 2818
1 14 1 3 150079 23 0 -15 -17 1285 1 1 0 1000 50 2796
1 14 1 3 150102 23 0 -15 -17 1285 1 1 0 1000 50 2773
1 14 1 3 150124 22 0 -15 -17 1285 1 1 0 1000 50 2750
1 14 1 3 150147 23 0 -15 -17 1285 1 1 0 1000 50 2728
1 14 1 3 150169 22 0 -15 -17 1285 1 1 0 1000 50 2705
1 14 1 3 150192 23 0 -15 -17 1285 1 1 0 1000 50 2683
1 14 1 3 150214 22 0 -15 -17 1285 1 1 0 1000 50 2660
1 14 1 3 150237 23 0 -15 -17 1285 1 1 0 1000 50 2638
1 14 1 3 150259 22 0 -15 -17 1285 1 1 0 1000 50 2615
1 14 1 3 150282 23 0 -15 -17 1285 1 1 0 1000 50 2593
1 14 1 3 150304 22 0 -15 -17 1285 1 1 0 1000 50 2570
1 14 1 3 150327 23 0 -15 -17 1285 1 1 0 1000 50 2548
1 14 1 3 150349 22 0 -15 -17 1285 1 1 0 1000 50 2525
1 14 1 3 150372 23 0 -15 -17 1285 1 1 0 1000 50 2503
1 14 1 3 150394 22 0 -15 -17 1285 1 1 0 1000 50 2480
1 14 1 3 150417 23 0 -15 -17 1285 1 1 0 1000 50 2458
1 14 1 3 150439 22 0 -15 -17 1285 1 1 0 1000 50 2435
1 14 1 3 150462 23 0 -15 -17 1285 1 1 0 1000 50 2413
1 14 1 3 150484 22 0 -15 -17 1285 1 1 0 1000 50 2390
1 14 1 3 150507 23 0 -15 -17 1285 1 1 0 1000 50 2368
1 14 1 3 150530 23 0 -15 -17 1285 1 1 0 1000 50 2345
1 14 1 3 150552 22 0 -15 -17 1285 1 1 0 1000 50 2322
1 14 1 3 150575 23 0 -15 -17 1285 1 1 0 1000 50 2300
1 14 1 3 150597 22 0 -15 -17 1285 1 1 0 1000 50 2277
1 14 1 3 150620 23 0 -15 -17 1285 1 1 0 1000 50 2255
1 14 1 3 150642 22 0 -15 -17 1285 1 1 0 1000 50 2232
1 14 1 3 150665 23 0 -15 -17 1285 1 1 0 1000 50 2210
1 14 1 3 150687 22 0 -15 -17 1285 1 1 0 1000 50 2187
1 14 1 3 150710 23 0 -15 -17 1285 1 1 0 1000 50 2165
1 14 1 3 150732 22 0 -15 -17 1285 1 1 0 1000 50 2142
1 14 1 3 150755 23 0 -15 -17 1285 1 1 0 1000 50 2120
1 14 1 3 150777 22 0 -15 -17 1285 1 1 0 1000 50 2097
1 14 1 3 150800 23 0 -15 -17 1285 1 1 0 1000 50 2075
1 14 1 3 150822 22 0 -15 -17 1285 1 1 0 1000 50 2052
1 14 1 3 150845 23 0 -15 -17 1285 1 1 0 1000 50 2030
1 14 1 3 150866 21 0 -15 -17 1285 1 1 0 1000 50 2007
1 14 1 3 150889 23 0 -15 -17 1285 1 1 0 1000 50 1986
1 14 1 3 150912 23 0 -15 -17 1285 1 1 0 1000 50 1963
1 14 1 3 150934 22 0 -15 -17 1285 1 1 0 1000 50 1940
1 14 1 3 150957 23 0 -15 -17 1285 1 1 0 1000 50 1918
1 14 1 3 150979 22 0 -15 -17 1285 1 1 0 1000 50 1895
1 14 1 3 151002 23 0 -15 -17 1285 1 1 0 1000 50 1873
1 14 1 3 151024 22 0 -15 -17 1285 1 1 0 1000 50 1850
1 14 1 3 151047 23 0 -15 -17 1285 1 1 0 1000 50 1828
1 14 1 3 151069 22 0 -15 -17 1285 1 1 0 1000 50 1805
1 14 1 3 151092 23 0 -15 -17 1285 1 1 0 1000 50 1783
1 14 1 3 151114 22 0 -15 -17 1285 1 1 0 1000 50 1760
1 14 1 3 151137 23 0 -15 -17 1285 1 1 0 1000 50 1738
1 14 1 3 151159 22 0 -15 -17 1285 1 1 0 1000 50 1715
1 14 1 3 151182 23 0 -15 -17 1285 1 1 0 1000 50 1693
1 14 1 3 151204 22 0 -15 -17 1285 1 1 0 1000 50 1670
1 14 1 3 151227 23 0 -15 -17 1285 1 1 0 1000 50 1648
1 14 1 3 151249 22 0 -15 -17 1285 1 1 0 1000 50 1625
1 14 1 3 151272 23 0 -15 -17 1285 1 1 0 1000 50 1603
1 14 1 3 151294 22 0 -15 -17 1285 1 1 0 1000 50 1580
1 14 1 3 151317 23 0 -15 -17 1285 1 1 0 1000 50 1558
1 14 1 3 151340 23 0 -15 -17 1285 1 1 0 1000 50 1535
1 14 1 3 151362 22 0 -15 -17 1285 1 1 0 1000 50 1512
1 14 1 3 151385 23 0 -15 -17 1285 1 1 0 1000 50 1490
1 14 1 3 151407 22 0 -15 -17 1285 1 1 0 1000 50 1467
1 14 1 3 151430 23 0 -15 -17 1285 1 1 0 1000 50 1445
1 14 1 3 151452 22 0 -15 -17 1285 1 1 0 1000 50 1422
1 14 1 3 151475 23 0 -15 -17 1285 1 1 0 1000 50 1400
1 14 1 3 151497 22 0 -15 -17 1285 1 1 0 1000 50 1377
1 14 1 3 151520 23 0 -15 -17 1285 1 1 0 1000 50 1355
1 14 1 3 151542 22 0 -15 -17 1285 1 1 0 1000 50 1332
1 14 1 3 151565 23 0 -15 -17 1285 1 1 0 1000 50 1310
1 14 1 3 151587 22 0 -15 -17 1285 1 1 0 1000 50 1287
1 14 1 3 151610 23 0 -15 -17 1285 1 1 0 1000 50 1265
1 14 1 3 151632 22 0 -15 -17 1285 1 1 0 1000 50 1242
1 14 1 3 151655 23 0 -15 -17 1285 1 1 0 1000 50 1220
1 14 1 3 151677 22 0 -15 -17 1285 1 1 0 1000 50 1197
1 14 1 3 151700 23 0 -15 -17 1285 1 1 0 1000 50 1175
1 14 1 3 151723 23 0 -15 -17 1285 1 1 0 1000 50 1152
1 14 1 3 151745 22 0 -15 -17 1285 1 1 0 1000 50 1129
1 14 1 3 151768 23 0 -15 -17 1285 1 1 0 1000 50 1107
1 14 1 3 151790 22 0 -15 -17 1285 1 1 0 1000 50 1084
1 14 1 3 151813 23 0 -15 -17 1285 1 1 0 1000 50 1062
1 14 1 3 151835 22 0 -15 -17 1285 1 1 0 1000 50 1039
1 14 1 3 151858 23 0 -15 -17 1285 1 1 0 1000 50 1017
1 14 1 3 151880 22 0 -15 -17 1285 1 1 0 1000 50 994
1 14 1 3 151903 23 0 -15 -17 1285 1 1 0 1000 50 972
1 14 1 3 151924 21 0 -15 -17 1285 1 1 0 1000 50 949
1 14 1 3 151947 23 0 -15 -17 1285 1 1 0 1000 50 928
1 14 1 3 151969 22 0 -15 -17 1285 1 1 0 1000 50 905
1 14 1 3 151992 23 0 -15 -17 1285 1 1 0 1000 50 883
1 14 1 3 152014 22 0 -15 -17 1285 1 1 0 1000 50 860
1 14 1 3 152037 23 0 -15 -17 1285 1 1 0 1000 50 838
1 14 1 3 152059 22 0 -15 -17 1285 1 1 0 1000 50 815
1 14 1 3 152082 23 0 -15 -17 1285 1 1 0 1000 50 793
1 14 1 3 152104 22 0 -15 -17 1285 1 1 0 1000 50 770
1 14 1 3 152127 23 0 -15 -17 1285 1 1 0 1000 50 748
1 14 1 3 152150 23 0 -15 -17 1285 1 1 0 1000 50 725
1 14 1 3 152172 22 0 -15 -17 1285 1 1 0 1000 50 702
1 14 1 3 152195 23 0 -15 -17 1285 1 1 0 1000 50 680
1 14 1 3 152217 22 0 -15 -17 1285 1 1 0 1000 50 657
1 14 1 3 152239 22 0 -15 -17 1285 1 1 0 1000 50 635
1 14 1 3 152261 22 0 -15 -17 1285 1 1 0 1000 50 613
1 14 1 3 152284 23 0 -15 -17 1285 1 1 0 1000 50 591
1 14 1 3 152306 22 0 -15 -17 1285 1 1 0 1000 50 568
1 14 1 3 152329 23 0 -15 -17 1285 1 1 0 1000 50 546
1 14 1 3 152351 22 0 -15 -17 1285 1 1 0 1000 50 523
1 14 1 3 152374 23 0 -15 -17 1285 1 1 0 1000 50 501
1 14 1 3 152396 22 0 -15 -17 1285 1 1 0 1000 50 478
1 14 1 3 152419 23 0 -15 -17 1285 1 1 0 1000 50 456
1 14 1 3 152441 22 0 -15 -17 1285 1 1 0 1000 50 433
1 14 1 3 152464 23 0 -15 -17 1285 1 1 0 1000 50 411
1 14 1 3 152486 22 0 -15 -17 1285 1 1 0 1000 50 388
1 14 1 3 152509 23 0 -15 -17 1285 1 1 0 1000 50 366
1 14 1 3 152531 22 0 -15 -17 1285 1 1 0 1000 50 343
1 14 1 3 152553 22 0 -15 -17 1285 1 1 0 1000 50 321
1 14 1 3 152576 23 0 -15 -17 1285 1 1 0 1000 50 299
1 14 1 3 152598 22 0 -15 -17 1285 1 1 0 1000 50 276
1 14 1 3 152621 23 0 -15 -17 1285 1 1 0 1000 50 254
1 14 1 3 152643 22 0 -15 -17 1285 1 1 0 1000 50 231
1 14 1 3 152666 23 0 -15 -17 1285 1 1 0 1000 50 209
1 14 1 3 152688 22 0 -15 -17 1285 1 1 0 1000 50 186
1 14 1 3 152711 23 0 -15 -17 1285 1 1 0 1000 50 164
1 14 1 3 152733 22 0 -15 -17 1285 1 1 0 1000 50 141
1 14 1 3 152756 23 0 -15 -17 1285 1 1 0 1000 50 119
1 14 1 3 152778 22 0 -15 -17 1285 1 1 0 1000 50 96
1 14 1 3 152801 23 0 -15 -17 1285 1 1 0 1000 50 74
1 14 1 3 152823 22 0 -15 -17 1285 1 1 0 1000 50 51
1 14 1 3 152845 22 0 -15 -17 1285 1 1 0 1000 50 29
1 14 1 3 152867 22 0 -15 -17 1285 1 1 0 1000 50 7
1 14 1 3 152890 23 0 -15 -17 1285 1 1 0 1000 50 -15
1 14 1 3 152912 22 0 -15 -17 1285 1 1 0 1000 50 -15
1 14 1 3 152935 23 0 -15 -17 1285 1 1 0 1000 50 -15
1 14 1 3 152957 22 0 -15 -17 1285 1 1 0 1000 50 -15
1 14 1 3 152980 23 0 -15 -17 1285 1 1 0 1000 50 -15
1 14 1 3 153003 23 0 -15 -17 1285 1 1 0 1000 50 -15
1 14 1 3 153025 22 0 -15 -17 1285 1 1 0 1000 50 -15
1 14 1 3 153047 22 0 -15 -17 1285 1 1 0 1000 50 -15
1 14 1 3 153069 22 0 -15 -17 1285 1 1 0 1000 50 -15
1 14 1 3 153092 23 0 -15 -17 1285 1 1 0 1000 50 -15
1 14 1 3 153114 22 0 -15 -17 1285 1 1 0 1000 50 -15
1 14 1 3 153137 23 0 -15 -17 1285 1 1 0 1000 50 -15
1 14 1 3 153159 22 0 -15 -17 1285 1 1 0 1000 50 -15
1 14 1 3 153182 23 0 -15 -17 1285 1 1 0 1000 50 -15
1 14 1 3 153204 22 0 -15 -17 1285 1 1 0 1000 50 -15
1 14 1 3 153227 23 0 -15 -17 1285 1 1 0 1000 50 -15
1 14 1 3 153249 22 0 -15 -17 1285 1 1 0 1000 50 -15
1 14 1 3 153271 22 0 -15 -17 1285 1 1 0 1000 50 -15
1 14 1 3 153293 22 0 -15 -17 1285 1 1 0 1000 50 -15
1 14 1 3 153316 23 0 -15 -17 1285 1 1 0 1000 50 -15
1 14 1 3 153338 22 0 -15 -17 1285 1 1 0 1000 50 -15
1 14 1 3 153361 23 0 -15 -17 1285 1 1 0 1000 50 -15
1 14 1 3 153383 22 0 -15 -17 1285 1 1 0 1000 50 -15
1 14 1 3 153406 23 0 -15 -17 1285 1 1 0 1000 50 -15
1 14 1 3 153428 22 0 -15 -17 1285 1 1 0 1000 50 -15
1 14 1 3 153451 23 0 -15 -17 1285 1 1 0 1000 50 -15
1 14 1 3 153474 23 0 -15 -17 1285 1 1 0 1000 50 -15
1 14 1 3 153495 21 0 -15 -17 1285 1 1 0 1000 50 -15
1 14 1 3 153518 23 0 -15 -17 1285 1 1 0 1000 50 -15
1 14 1 3 153540 22 0 -15 -17 1285 1 1 0 1000 50 -15
1 14 1 3 153563 23 0 -15 -17 1285 1 1 0 1000 50 -15
1 14 1 3 153585 22 0 -15 -17 1285 1 1 0 1000 50 -15
1 14 1 3 153608 23 0 -15 -17 1285 1 1 0 1000 50 -15
1 14 1 3 153630 22 0 -15 -17 1285 1 1 0 1000 50 -15
1 14 1 3 153653 23 0 -15 -17 1285 1 1 0 1000 50 -15
1 14 1 3 153675 22 0 -15 -17 1285 1 1 0 1000 50 -15
1 14 1 3 153698 23 0 -15 -17 1285 1 1 0 1000 50 -15
1 14 1 3 153719 21 0 -15 -17 1285 1 1 0 1000 50 -15
1 14 1 3 153742 23 0 -15 -17 1285 1 1 0 1000 50 -15
1 14 1 3 153764 22 0 -15 -17 1285 1 1 0 1000 50 -15
1 14 1 3 153787 23 0 -15 -17 1285 1 1 0 1000 50 -15
1 14 1 3 153809 22 0 -15 -17 1285 1 1 0 1000 50 -15
1 14 1 3 153832 23 0 -15 -17 1285 1 1 0 1000 50 -15
1 14 1 3 153854 22 0 -15 -17 1285 1 1 0 1000 50 -15
1 14 1 3 153877 23 0 -15 -17 1285 1 1 0 1000 50 -15
1 14 1 3 153900 23 0 -15 -17 1285 1 1 0 1000 50 -15
1 14 1 3 153922 22 0 -15 -17 1285 1 1 0 1000 50 -15
1 14 1 3 153944 22 0 -15 -17 1285 1 1 0 1000 50 -15
1 14 1 3 153966 22 0 -15 -17 1285 1 1 0 1000 50 -15
1 14 1 3 153989 23 0 -15 -17 1285 1 1 0 1000 50 -15
1 14 1 3 154011 22 0 -15 -17 1285 1 1 0 1000 50 -15
1 14 1 3 154034 23 0 -15 -17 1285 1 1 0 1000 50 -15
1 14 1 3 154056 22 0 -15 -17 1285 1 1 0 1000 50 -15
1 14 1 3 154079 23 0 -15 -17 1285 1 1 0 1000 50 -15
1 14 1 3 154101 22 0 -15 -17 1285 1 1 0 1000 50 -15
1 14 1 3 154124 23 0 -15 -17 1285 1 1 0 1000 50 -15
1 14 1 3 154146 22 0 -15 -17 1285 1 1 0 1000 50 -15
1 14 1 3 154168 22 0 -15 -17 1285 1 1 0 1000 50 -15
1 14 1 3 154190 22 0 -15 -17 1285 1 1 0 1000 50 -15
1 14 1 3 154213 23 0 -15 -17 1285 1 1 0 1000 50 -15
1 14 1 3 154235 22 0 -15 -17 1285 1 1 0 1000 50 -15
1 14 1 3 154258 23 0 -15 -17 1285 1 1 0 1000 50 -15
1 14 1 3 154280 22 0 -15 -17 1285 1 1 0 1000 50 -15
1 14 1 3 154303 23 0 -15 -17 1285 1 1 0 1000 50 -15
1 14 1 3 154326 23 0 -15 -17 1285 1 1 0 1000 50 -15
1 14 1 3 154348 22 0 -15 -17 1285 1 1 0 1000 50 -15
1 14 1 3 154371 23 0 -15 -17 1285 1 1 0 1000 50 -15
1 14 1 3 154392 21 0 -15 -17 1285 1 1 0 1000 50 -15
1 14 1 3 154415 23 0 -15 -17 1285 1 1 0 1000 50 -15
1 14 1 3 154437 22 0 -15 -17 1285 1 1 0 1000 50 -15
1 14 1 3 154460 23 0 -15 -17 1285 1 1 0 1000 50 -15
1 14 1 3 154482 22 0 -15 -17 1285 1 1 0 1000 50 -15
1 14 1 3 154505 23 0 -15 -17 1285 1 1 0 1000 50 -15
1 14 1 3 154527 22 0 -15 -17 1285 1 1 0 1000 50 -15
1 14 1 3 154550 23 0 -15 -17 1285 1 1 0 1000 50 -15
1 14 1 3 154572 22 0 -15 -17 1285 1 1 0 1000 50 -15
1 14 1 3 154595 23 0 -15 -17 1285 1 1 0 1000 50 -15
1 14 1 3 154616 21 0 -15 -17 1285 1 1 0 1000 50 -15
1 14 1 3 154639 23 0 -15 -17 1285 1 1 0 1000 50 -15
1 14 1 3 154661 22 0 -15 -17 1285 1 1 0 1000 50 -15
1 14 1 3 154684 23 0 -15 -17 1285 1 1 0 1000 50 -15
1 14 1 3 154706 22 0 -15 -17 1285 1 1 0 1000 50 -15
1 14 1 3 154729 23 0 -15 -17 1285 1 1 0 1000 50 -15
1 14 1 3 154752 23 0 -15 -17 1285 1 1 0 1000 50 -15
1 14 1 3 154774 22 0 -15 -17 1285 1 1 0 1000 50 -15
1 14 1 3 154797 23 0 -15 -17 1285 1 1 0 1000 50 -15
1 14 1 3 154819 22 0 -15 -17 1285 1 1 0 1000 50 -15
1 14 1 3 154841 22 0 -15 -17 1285 1 1 0 1000 50 -15
1 14 1 3 154863 22 0 -15 -17 1285 1 1 0 1000 50 -15
1 14 1 3 154886 23 0 -15 -17 1285 1 1 0 1000 50 -15
1 14 1 3 154908 22 0 -15 -17 1285 1 1 0 1000 50 -15
1 14 1 3 154931 23 0 -15 -17 1285 1 1 0 1000 50 -15
1 14 1 3 154953 22 0 -15 -17 1285 1 1 0 1000 50 -15
1 14 1 3 154976 23 0 -15 -17 1285 1 1 0 1000 50 -15
1 14 1 3 154998 22 0 -15 -17 1285 1 1 0 1000 50 -15
1 14 1 3 155021 23 0 -15 -17 1285 1 1 0 1000 50 -15
1 14 1 3 155043 22 0 -15 -17 1285 1 1 0 1000 50 -15
1 14 1 3 155065 22 0 -15 -17 1285 1 1 0 1000 50 -15
1 14 1 3 155087 22 0 -15 -17 1285 1 1 0 1000 50 -15
1 14 1 3 155110 23 0 -15 -17 1285 1 1 0 1000 50 -15
1 14 1 3 155132 22 0 -15 -17 1285 1 1 0 1000 50 -15
1 14 1 3 155155 23 0 -15 -17 1285 1 1 0 1000 50 -15
1 14 1 3 155177 22 0 -15 -17 1285 1 1 0 1000 50 -15
1 14 1 3 155200 23 0 -15 -17 1285 1 1 0 1000 50 -15
1 14 1 3 155223 23 0 -15 -17 1285 1 1 0 1000 50 -15
1 14 1 3 155245 22 0 -15 -17 1285 1 1 0 1000 50 -15
1 14 1 3 155268 23 0 -15 -17 1285 1 1 0 1000 50 -15
1 14 1 3 155289 21 0 -15 -17 1285 1 1 0 1000 50 -15
1 14 1 3 155312 23 0 -15 -17 1285 1 1 0 1000 50 -15
1 14 1 3 155334 22 0 -15 -17 1285 1 1 0 1000 50 -15
1 14 1 3 155357 23 0 -15 -17 1285 1 1 0 1000 50 -15
1 14 1 3 155379 22 0 -15 -17 1285 1 1 0 1000 50 -15
1 14 1 3 155402 23 0 -15 -17 1285 1 1 0 1000 50 -15
1 14 1 3 155424 22 0 -15 -17 1285 1 1 0 1000 50 -15
1 14 1 3 155447 23 0 -15 -17 1285 1 1 0 1000 50 -15
1 14 1 3 155469 22 0 -15 -17 1285 1 1 0 1000 50 -15
1 14 1 3 155492 23 0 -15 -17 1285 1 1 0 1000 50 -15
1 14 1 3 155513 21 0 -15 -17 1285 1 1 0 1000 50 -15
1 14 1 3 155536 23 0 -15 -17 1285 1 1 0 1000 50 -15
1 14 1 3 155558 22 0 -15 -17 1285 1 1 0 1000 50 -15
1 14 1 3 155581 23 0 -15 -17 1285 1 1 0 1000 50 -15
1 14 1 3 155603 22 0 -15 -17 1285 1 1 0 1000 50 -15
1 14 1 3 155626 23 0 -15 -17 1285 1 1 0 1000 50 -15
1 14 1 3 155649 23 0 -15 -17 1285 1 1 0 1000 50 -15
1 14 1 3 155671 22 0 -15 -17 1285 1 1 0 1000 50 -15
1 14 1 3 155694 23 0 -15 -17 1285 1 1 0 1000 50 -15
1 14 1 3 155716 22 0 -15 -17 1285 1 1 0 1000 50 -15
1 14 1 3 155738 22 0 -15 -17 1285 1 1 0 1000 50 -15
1 14 1 3 155760 22 0 -15 -17 1285 1 1 0 1000 50 -15
1 14 1 3 155783 23 0 -15 -17 1285 1 1 0 1000 50 -15
1 14 1 3 155805 22 0 -15 -17 1285 1 1 0 1000 50 -15
1 14 1 3 155828 23 0 -15 -17 1285 1 1 0 1000 50 -15
1 14 1 3 155850 22 0 -15 -17 1285 1 1 0 1000 50 -15
1 14 1 3 155873 23 0 -15 -17 1285 1 1 0 1000 50 -15
1 14 1 3 155895 22 0 -15 -17 1285 1 1 0 1000 50 -15
1 14 1 3 155918 23 0 -15 -17 1285 1 1 0 1000 50 -15
1 14 1 3 155940 22 0 -15 -17 1285 1 1 0 1000 50 -15
1 14 1 3 155962 22 0 -15 -17 1285 1 1 0 1000 50 -15
1 14 1 3 155984 22 0 -15 -17 1285 1 1 0 1000 50 -15
1 14 1 3 156007 23 0 -15 -17 1285 1 1 0 1000 50 -15
1 14 1 3 156029 22 0 -15 -17 1285 1 1 0 1000 50 -15
1 14 1 3 156052 23 0 -15 -17 1285 1 1 0 1000 50 -15
1 14 1 3 156075 23 0 -15 -17 1285 1 1 0 1000 50 -15
1 14 1 3 156097 22 0 -15 -17 1285 1 1 0 1000 50 -15
1 14 1 3 156120 23 0 -15 -17 1285 1 1 0 1000 50 -15
1 14 1 3 156142 22 0 -15 -17 1285 1 1 0 1000 50 -15
1 14 1 3 156165 23 0 -15 -17 1285 1 1 0 1000 50 -15
1 14 1 3 156186 21 0 -15 -17 1285 1 1 0 1000 50 -15
1 14 1 3 156209 23 0 -15 -17 1285 1 1 0 1000 50 -15
1 14 1 3 156231 22 0 -15 -17 1285 1 1 0 1000 50 -15
1 14 1 3 156254 23 0 -15 -17 1285 1 1 0 1000 50 -15
1 14 1 3 156276 22 0 -15 -17 1285 1 1 0 1000 50 -15
1 14 1 3 156299 23 0 -15 -17 1285 1 1 0 1000 50 -15
1 14 1 3 156321 22 0 -15 -17 1285 1 1 0 1000 50 -15
1 14 1 3 156344 23 0 -15 -17 1285 1 1 0 1000 50 -15
1 14 1 3 156366 22 0 -15 -17 1285 1 1 0 1000 50 -15
1 14 1 3 156389 23 0 -15 -17 1285 1 1 0 1000 50 -15
1 14 1 3 156410 21 0 -15 -17 1285 1 1 0 1000 50 -15
1 14 1 3 156433 23 0 -15 -17 1285 1 1 0 1000 50 -15
1 14 1 3 156455 22 0 -15 -17 1285 1 1 0 1000 50 -15
1 14 1 3 156478 23 0 -15 -17 1285 1 1 0 1000 50 -15
1 14 1 3 156500 22 0 -15 -17 1285 1 1 0 1000 50 -15
1 14 1 3 156523 23 0 -15 -17 1285 1 1 0 1000 50 -15
1 14 1 3 156546 23 0 -15 -17 1285 1 1 0 1000 50 -15
1 14 1 3 156568 22 0 -15 -17 1285 1 1 0 1000 50 -15
1 14 1 3 156591 23 0 -15 -17 1285 1 1 0 1000 50 -15
1 14 1 3 156613 22 0 -15 -17 1285 1 1 0 1000 50 -15
1 14 1 3 156635 22 0 -15 -17 1285 1 1 0 1000 50 -15
1 14 1 3 156657 22 0 -15 -17 1285 1 1 0 1000 50 -15
1 14 1 3 156680 23 0 -15 -17 1285 1 1 0 1000 50 -15
1 14 1 3 156702 22 0 -15 -17 1285 1 1 0 1000 50 -15
1 14 1 3 156725 23 0 -15 -17 1285 1 1 0 1000 50 -15
1 14 1 3 156747 22 0 -15 -17 1285 1 1 0 1000 50 -15
1 14 1 3 156770 23 0 -15 -17 1285 1 1 0 1000 50 -15
1 14 1 3 156792 22 0 -15 -17 1285 1 1 0 1000 50 -15
1 14 1 3 156815 23 0 -15 -17 1285 1 1 0 1000 50 -15
1 14 1 3 156837 22 0 -15 -17 1285 1 1 0 1000 50 -15
1 14 1 3 156859 22 0 -15 -17 1285 1 1 0 1000 50 -15
1 14 1 3 156881 22 0 -15 -17 1285 1 1 0 1000 50 -15
1 14 1 3 156904 23 0 -15 -17 1285 1 1 0 1000 50 -15
1 14 1 3 156926 22 0 -15 -17 1285 1 1 0 1000 50 -15
1 14 1 3 156949 23 0 -15 -17 1285 1 1 0 1000 50 -15
1 14 1 3 156972 23 0 -15 -17 1285 1 1 0 1000 50 -15
1 14 1 3 156994 22 0 -15 -17 1285 1 1 0 1000 50 -15
1 14 1 3 157017 23 0 -15 -17 1285 1 1 0 1000 50 -15
1 14 1 3 157039 22 0 -15 -17 1285 1 1 0 1000 50 -15
1 14 1 3 157062 23 0 -15 -17 1285 1 1 0 1000 50 -15
1 14 1 3 157083 21 0 -15 -17 1285 1 1 0 1000 50 -15
1 14 1 3 157106 23 0 -15 -17 1285 1 1 0 1000 50 -15
1 14 1 3 157128 22 0 -15 -17 1285 1 1 0 1000 50 -15
1 14 1 3 157151 23 0 -15 -17 1285 1 1 0 1000 50 -15
1 14 1 3 157173 22 0 -15 -17 1285 1 1 0 1000 50 -15
1 14 1 3 157196 23 0 -15 -17 1285 1 1 0 1000 50 -15
1 14 1 3 157218 22 0 -15 -17 1285 1 1 0 1000 50 -15
1 14 1 3 157241 23 0 -15 -17 1285 1 1 0 1000 50 -15
1 14 1 3 157263 22 0 -15 -17 1285 1 1 0 1000 50 -15
1 14 1 3 157286 23 0 -15 -17 1285 1 1 0 1000 50 -15
1 14 1 3 157307 21 0 -15 -17 1285 1 1 0 1000 50 -15
1 14 1 3 157330 23 0 -15 -17 1285 1 1 0 1000 50 -15
1 14 1 3 157352 22 0 -15 -17 1285 1 1 0 1000 50 -15
1 14 1 3 157375 23 0 -15 -17 1285 1 1 0 1000 50 -15
1 14 1 3 157398 23 0 -15 -17 1285 1 1 0 1000 50 -15
1 14 1 3 157420 22 0 -15 -17 1285 1 1 0 1000 50 -15
1 14 1 3 157443 23 0 -15 -17 1285 1 1 0 1000 50 -15
1 14 1 3 157465 22 0 -15 -17 1285 1 1 0 1000 50 -15
1 14 1 3 157488 23 0 -15 -17 1285 1 1 0 1000 50 -15
1 14 1 3 157510 22 0 -15 -17 1285 1 1 0 1000 50 -15
1 14 1 3 157532 22 0 -15 -17 1285 1 1 0 1000 50 -15
1 14 1 3 157554 22 0 -15 -17 1285 1 1 0 1000 50 -15
1 14 1 3 157577 23 0 -15 -17 1285 1 1 0 1000 50 -15
1 14 1 3 157599 22 0 -15 -17 1285 1 1 0 1000 50 -15
1 14 1 3 157622 23 0 -15 -17 1285 1 1 0 1000 50 -15
1 14 1 3 157644 22 0 -15 -17 1285 1 1 0 1000 50 -15
1 14 1 3 157667 23 0 -15 -17 1285 1 1 0 1000 50 -15
1 14 1 3 157689 22 0 -15 -17 1285 1 1 0 1000 50 -15
1 14 1 3 157712 23 0 -15 -17 1285 1 1 0 1000 50 -15
1 14 1 3 157734 22 0 -15 -17 1285 1 1 0 1000 50 -15
1 14 1 3 157756 22 0 -15 -17 1285 1 1 0 1000 50 -15
1 14 1 3 157778 22 0 -15 -17 1285 1 1 0 1000 50 -15
1 14 1 3 157801 23 0 -15 -17 1285 1 1 0 1000 50 -15
1 14 1 3 157824 23 0 -15 -17 1285 1 1 0 1000 50 -15
1 14 1 3 157846 22 0 -15 -17 1285 1 1 0 1000 50 -15
1 14 1 3 157869 23 0 -15 -17 1285 1 1 0 1000 50 -15
1 14 1 3 157891 22 0 -15 -17 1285 1 1 0 1000 50 -15
1 14 1 3 157914 23 0 -15 -17 1285 1 1 0 1000 50 -15
1 14 1 3 157936 22 0 -15 -17 1285 1 1 0 1000 50 -15
1 14 1 3 157959 23 0 -15 -17 1285 1 1 0 1000 50 -15
1 14 1 3 157980 21 0 -15 -17 1285 1 1 0 1000 50 -15
1 14 1 3 158003 23 0 -15 -17 1285 1 1 0 1000 50 -15
1 14 1 3 158025 22 0 -15 -17 1285 1 1 0 1000 50 -15
1 14 1 3 158048 23 0 -15 -17 1285 1 1 0 1000 50 -15
1 14 1 3 158070 22 0 -15 -17 1285 1 1 0 1000 50 -15
1 14 1 3 158093 23 0 -15 -17 1285 1 1 0 1000 50 -15
1 14 1 3 158115 22 0 -15 -17 1285 1 1 0 1000 50 -15
1 14 1 3 158138 23 0 -15 -17 1285 1 1 0 1000 50 -15
1 14 1 3 158160 22 0 -15 -17 1285 1 1 0 1000 50 -15
1 14 1 3 158183 23 0 -15 -17 1285 1 1 0 1000 50 -15
1 14 1 3 158204 21 0 -15 -17 1285 1 1 0 1000 50 -15
1 14 1 3 158227 23 0 -15 -17 1285 1 1 0 1000 50 -15
1 14 1 3 158249 22 0 -15 -17 1285 1 1 0 1000 50 -15
1 14 1 3 158272 23 0 -15 -17 1285 1 1 0 1000 50 -15
1 14 1 3 158295 23 0 -15 -17 1285 1 1 0 1000 50 -15
1 14 1 3 158317 22 0 -15 -17 1285 1 1 0 1000 50 -15
1 14 1 3 158340 23 0 -15 -17 1285 1 1 0 1000 50 -15
1 14 1 3 158362 22 0 -15 -17 1285 1 1 0 1000 50 -15
1 14 1 3 158385 23 0 -15 -17 1285 1 1 0 1000 50 -15
1 14 1 3 158407 22 0 -15 -17 1285 1 1 0 1000 50 -15
1 14 1 3 158429 22 0 -15 -17 1285 1 1 0 1000 50 -15
1 14 1 3 158451 22 0 -15 -17 1285 1 1 0 1000 50 -15
1 14 1 3 158474 23 0 -15 -17 1285 1 1 0 1000 50 -15
1 14 1 3 158496 22 0 -15 -17 1285 1 1 0 1000 50 -15
1 14 1 3 158519 23 0 -15 -17 1285 1 1 0 1000 50 -15
1 14 1 3 158541 22 0 -15 -17 1285 1 1 0 1000 50 -15
1 14 1 3 158564 23 0 -15 -17 1285 1 1 0 1000 50 -15
1 14 1 3 158586 22 0 -15 -17 1285 1 1 0 1000 50 -15
1 14 1 3 158609 23 0 -15 -17 1285 1 1 0 1000 50 -15
1 14 1 3 158631 22 0 -15 -17 1285 1 1 0 1000 50 -15
1 14 1 3 158653 22 0 -15 -17 1285 1 1 0 1000 50 -15
1 14 1 3 158675 22 0 -15 -17 1285 1 1 0 1000 50 -15
1 14 1 3 158698 23 0 -15 -17 1285 1 1 0 1000 50 -15
1 14 1 3 158721 23 0 -15 -17 1285 1 1 0 1000 50 -15
1 14 1 3 158743 22 0 -15 -17 1285 1 1 0 1000 50 -15
1 14 1 3 158766 23 0 -15 -17 1285 1 1 0 1000 50 -15
1 14 1 3 158788 22 0 -15 -17 1285 1 1 0 1000 50 -15
1 14 1 3 158811 23 0 -15 -17 1285 1 1 0 1000 50 -15
1 14 1 3 158833 22 0 -15 -17 1285 1 1 0 1000 50 -15
1 14 1 3 158856 23 0 -15 -17 1285 1 1 0 1000 50 -15
1 14 1 3 158877 21 0 -15 -17 1285 1 1 0 1000 50 -15
1 14 1 3 158900 23 0 -15 -17 1285 1 1 0 1000 50 -15
1 14 1 3 158922 22 0 -15 -17 1285 1 1 0 1000 50 -15
1 14 1 3 158945 23 0 -15 -17 1285 1 1 0 1000 50 -15
1 981 1 3 158967 22 0 -15 -17 1285 1 1 0 1000 50 -15
1 942 1 3 158990 23 0 -15 -17 1285 1 1 0 1000 50 -15
0 1023 0 1 159012 22 0 -15 -17 1285 1 1 0 1000 50 -15
0 1003 0 1 159035 23 0 -15 -17 1285 1 1 0 1000 50 -15
0 965 0 1 159057 22 0 -15 -17 1285 1 1 0 1000 50 -15
0 1016 0 1 159080 23 0 -15 -17 1285 1 1 0 1000 50 -15
0 1007 0 1 159102 22 0 -15 -17 1285 1 1 0 1000 50 -15
0 1000 0 1 159124 22 0 -15 -17 1285 1 1 0 1000 50 -15
0 1023 0 1 159147 23 0 -15 -17 1285 1 1 0 1000 50 -15
0 999 0 1 159169 22 0 -15 -17 1285 1 1 0 1000 50 -15
0 1023 0 1 159192 23 0 -15 -17 1285 1 1 0 1000 50 -15
0 1023 0 1 159214 22 0 -15 -17 1285 1 1 0 1000 50 -15
0 1005 0 1 159237 23 0 -15 -17 1285 1 1 0 1000 50 -15
0 1009 0 1 159259 22 0 -15 -17 1285 1 1 0 1000 50 -15
0 1023 0 1 159282 23 0 -15 -17 1285 1 1 0 1000 50 -15
0 1007 0 1 159304 22 0 -15 -17 1285 1 1 0 1000 50 -15
0 1013 0 1 159327 23 0 -15 -17 1285 1 1 0 1000 50 -15
0 1023 0 1 159349 22 0 -15 -17 1285 1 1 0 1000 50 -15
0 999 0 1 159372 23 0 -15 -17 1285 1 1 0 1000 50 -15
0 1017 0 1 159394 22 0 -15 -17 1285 1 1 0 1000 50 -15
0 1023 0 1 159417 23 0 -15 -17 1285 1 1 0 1000 50 -15
0 918 0 1 159438 21 0 -15 -17 1285 1 1 0 1000 50 -15
0 1016 0 1 159461 23 0 -15 -17 1285 1 1 0 1000 50 -15
0 1010 0 1 159483 22 0 -15 -17 1285 1 1 0 1000 50 -15
0 989 0 1 159506 23 0 -15 -17 1285 1 1 0 1000 50 -15
0 1017 0 1 159528 22 0 -15 -17 1285 1 1 0 1000 50 -15
0 1009 0 1 159551 23 0 -15 -17 1285 1 1 0 1000 50 -15
0 958 0 1 159574 23 0 -15 -17 1285 1 1 0 1000 50 -15
0 1018 0 1 159596 22 0 -15 -17 1285 1 1 0 1000 50 -15
0 1009 0 1 159619 23 0 -15 -17 1285 1 1 0 1000 50 -15
0 992 0 1 159641 22 0 -15 -17 1285 1 1 0 1000 50 -15
0 1017 0 1 159664 23 0 -15 -17 1285 1 1 0 1000 50 -15
0 987 0 1 159686 22 0 -15 -17 1285 1 1 0 1000 50 -15
0 991 0 1 159708 22 0 -15 -17 1285 1 1 0 1000 50 -15
0 1023 0 1 159730 22 0 -15 -17 1285 1 1 0 1000 50 -15
0 1000 0 1 159753 23 0 -15 -17 1285 1 1 0 1000 50 -15
0 1000 0 1 159775 22 0 -15 -17 1285 1 1 0 1000 50 -15
0 1023 0 1 159798 23 0 -15 -17 1285 1 1 0 1000 50 -15
0 994 0 1 159820 22 0 -15 -17 1285 1 1 0 1000 50 -15
0 1005 0 1 159843 23 0 -15 -17 1285 1 1 0 1000 50 -15
0 1023 0 1 159865 22 0 -15 -17 1285 1 1 0 1000 50 -15
0 994 0 1 159888 23 0 -15 -17 1285 1 1 0 1000 50 -15
0 1007 0 1 159910 22 0 -15 -17 1285 1 1 0 1000 50 -15
0 1014 0 1 159933 23 0 -15 -17 1285 1 1 0 1000 50 -15
0 987 0 1 159955 22 0 -15 -17 1285 1 1 0 1000 50 -15
0 1022 0 1 159977 22 0 -15 -17 1285 1 1 0 1000 50 -15
0 1015 0 1 160000 23 0 -15 -17 1285 1 1 0 1000 50 -15
0 976 0 1 160022 22 0 -15 -17 1285 1 1 0 1000 50 -15
0 1008 0 1 160045 23 0 -15 -17 1285 1 1 0 1000 50 -15
0 1004 0 1 160067 22 0 -15 -17 1285 1 1 0 1000 50 -15
0 949 0 1 160090 23 0 -15 -17 1285 1 1 0 1000 50 -15
0 1019 0 1 160112 22 0 -15 -17 1285 1 1 0 1000 50 -15
0 1009 0 1 160135 23 0 -15 -17 1285 1 1 0 1000 50 -15
0 979 0 1 160157 22 0 -15 -17 1285 1 1 0 1000 50 -15
0 1016 0 1 160180 23 0 -15 -17 1285 1 1 0 1000 50 -15
0 1004 0 1 160202 22 0 -15 -17 1285 1 1 0 1000 50 -15
0 994 0 1 160225 23 0 -15 -17 1285 1 1 0 1000 50 -15
0 1015 0 1 160246 21 0 -15 -17 1285 1 1 0 1000 50 -15
0 1012 0 1 160269 23 0 -15 -17 1285 1 1 0 1000 50 -15
0 1012 0 1 160291 22 0 -15 -17 1285 1 1 0 1000 50 -15
0 1016 0 1 160314 23 0 -15 -17 1285 1 1 0 1000 50 -15
0 1012 0 1 160336 22 0 -15 -17 1285 1 1 0 1000 50 -15
0 1013 0 1 160359 23 0 -15 -17 1285 1 1 0 1000 50 -15
0 1016 0 1 160381 22 0 -15 -17 1285 1 1 0 1000 50 -15
0 1012 0 1 160404 23 0 -15 -17 1285 1 1 0 1000 50 -15
0 1016 0 1 160427 23 0 -15 -17 1285 1 1 0 1000 50 -15
0 1013 0 1 160449 22 0 -15 -17 1285 1 1 0 1000 50 -15
0 1012 0 1 160472 23 0 -15 -17 1285 1 1 0 1000 50 -15
0 1013 0 1 160494 22 0 -15 -17 1285 1 1 0 1000 50 -15
0 1017 0 1 160517 23 0 -15 -17 1285 1 1 0 1000 50 -15
0 1007 0 1 160539 22 0 -15 -17 1285 1 1 0 1000 50 -15
0 1013 0 1 160562 23 0 -15 -17 1285 1 1 0 1000 50 -15
0 1015 0 1 160583 21 0 -15 -17 1285 1 1 0 1000 50 -15
0 1007 0 1 160606 23 0 -15 -17 1285 1 1 0 1000 50 -15
0 1014 0 1 160628 22 0 -15 -17 1285 1 1 0 1000 50 -15
0 1012 0 1 160651 23 0 -15 -17 1285 1 1 0 1000 50 -15
0 1010 0 1 160673 22 0 -15 -17 1285 1 1 0 1000 50 -15
0 1013 0 1 160696 23 0 -15 -17 1285 1 1 0 1000 50 -15
0 1012 0 1 160718 22 0 -15 -17 1285 1 1 0 1000 50 -15
0 1011 0 1 160741 23 0 -15 -17 1285 1 1 0 1000 50 -15
0 1014 0 1 160763 22 0 -15 -17 1285 1 1 0 1000 50 -15
0 1014 0 1 160786 23 0 -15 -17 1285 1 1 0 1000 50 -15
0 1013 0 1 160808 22 0 -15 -17 1285 1 1 0 1000 50 -15
0 1013 0 1 160831 23 0 -15 -17 1285 1 1 0 1000 50 -15
0 1012 0 1 160854 23 0 -15 -17 1285 1 1 0 1000 50 -15
0 1013 0 1 160876 22 0 -15 -17 1285 1 1 0 1000 50 -15
0 1015 0 1 160899 23 0 -15 -17 1285 1 1 0 1000 50 -15
0 1013 0 1 160920 21 0 -15 -17 1285 1 1 0 1000 50 -15
0 1012 0 1 160943 23 0 -15 -17 1285 1 1 0 1000 50 -15
0 1012 0 1 160965 22 0 -15 -17 1285 1 1 0 1000 50 -15
0 1012 0 1 160988 23 0 -15 -17 1285 1 1 0 1000 50 -15
0 1013 0 1 161010 22 0 -15 -17 1285 1 1 0 1000 50 -15
0 1012 0 1 161033 23 0 -15 -17 1285 1 1 0 1000 50 -15
0 1010 0 1 161055 22 0 -15 -17 1285 1 1 0 1000 50 -15
0 1013 0 1 161078 23 0 -15 -17 1285 1 1 0 1000 50 -15
0 1012 0 1 161100 22 0 -15 -17 1285 1 1 0 1000 50 -15
0 1010 0 1 161123 23 0 -15 -17 1285 1 1 0 1000 50 -15
0 1013 0 1 161145 22 0 -15 -17 1285 1 1 0 1000 50 -15
0 1012 0 1 161168 23 0 -15 -17 1285 1 1 0 1000 50 -15
0 1011 0 1 161190 22 0 -15 -17 1285 1 1 0 1000 50 -15
0 1013 0 1 161213 23 0 -15 -17 1285 1 1 0 1000 50 -15
0 1011 0 1 161235 22 0 -15 -17 1285 1 1 0 1000 50 -15
0 1013 0 1 161257 22 0 -15 -17 1285 1 1 0 1000 50 -15
0 1016 0 1 161280 23 0 -15 -17 1285 1 1 0 1000 50 -15
0 1012 0 1 161302 22 0 -15 -17 1285 1 1 0 1000 50 -15
0 1009 0 1 161325 23 0 -15 -17 1285 1 1 0 1000 50 -15
0 1013 0 1 161347 22 0 -15 -17 1285 1 1 0 1000 50 -15
0 1012 0 1 161370 23 0 -15 -17 1285 1 1 0 1000 50 -15
0 1013 0 1 161392 22 0 -15 -17 1285 1 1 0 1000 50 -15
0 1014 0 1 161415 23 0 -15 -17 1285 1 1 0 1000 50 -15
0 1012 0 1 161437 22 0 -15 -17 1285 1 1 0 1000 50 -15
0 1013 0 1 161460 23 0 -15 -17 1285 1 1 0 1000 50 -15
0 1012 0 1 161482 22 0 -15 -17 1285 1 1 0 1000 50 -15
0 1012 0 1 161505 23 0 -15 -17 1285 1 1 0 1000 50 -15
0 1013 0 1 161527 22 0 -15 -17 1285 1 1 0 1000 50 -15
0 1010 0 1 161550 23 0 -15 -17 1285 1 1 0 1000 50 -15
0 1009 0 1 161572 22 0 -15 -17 1285 1 1 0 1000 50 -15
0 1013 0 1 161594 22 0 -15 -17 1285 1 1 0 1000 50 -15
0 1012 0 1 161616 22 0 -15 -17 1285 1 1 0 1000 50 -15
0 1011 0 1 161639 23 0 -15 -17 1285 1 1 0 1000 50 -15
0 1013 0 1 161661 22 0 -15 -17 1285 1 1 0 1000 50 -15
0 1012 0 1 161684 23 0 -15 -17 1285 1 1 0 1000 50 -15
0 1010 0 1 161707 23 0 -15 -17 1285 1 1 0 1000 50 -15
0 1013 0 1 161729 22 0 -15 -17 1285 1 1 0 1000 50 -15
0 1012 0 1 161752 23 0 -15 -17 1285 1 1 0 1000 50 -15
0 1012 0 1 161774 22 0 -15 -17 1285 1 1 0 1000 50 -15
0 1016 0 1 161797 23 0 -15 -17 1285 1 1 0 1000 50 -15
0 1012 0 1 161819 22 0 -15 -17 1285 1 1 0 1000 50 -15
0 1012 0 1 161842 23 0 -15 -17 1285 1 1 0 1000 50 -15
0 1013 0 1 161864 22 0 -15 -17 1285 1 1 0 1000 50 -15
0 1012 0 1 161887 23 0 -15 -17 1285 1 1 0 1000 50 -15
0 1013 0 1 161909 22 0 -15 -17 1285 1 1 0 1000 50 -15
0 1014 0 1 161931 22 0 -15 -17 1285 1 1 0 1000 50 -15
0 1012 0 1 161953 22 0 -15 -17 1285 1 1 0 1000 50 -15
0 1012 0 1 161976 23 0 -15 -17 1285 1 1 0 1000 50 -15
0 1012 0 1 161998 22 0 -15 -17 1285 1 1 0 1000 50 -15
0 1012 0 1 162021 23 0 -15 -17 1285 1 1 0 1000 50 -15
0 1012 0 1 162043 22 0 -15 -17 1285 1 1 0 1000 50 -15
0 1012 0 1 162066 23 0 -15 -17 1285 1 1 0 1000 50 -15
0 1010 0 1 162088 22 0 -15 -17 1285 1 1 0 1000 50 -15
0 1012 0 1 162111 23 0 -15 -17 1285 1 1 0 1000 50 -15
0 1012 0 1 162134 23 0 -15 -17 1285 1 1 0 1000 50 -15
0 1008 0 1 162156 22 0 -15 -17 1285 1 1 0 1000 50 -15
0 1013 0 1 162179 23 0 -15 -17 1285 1 1 0 1000 50 -15
0 1012 0 1 162201 22 0 -15 -17 1285 1 1 0 1000 50 -15
0 1011 0 1 162224 23 0 -15 -17 1285 1 1 0 1000 50 -15
0 1012 0 1 162246 22 0 -15 -17 1285 1 1 0 1000 50 -15
0 1012 0 1 162269 23 0 -15 -17 1285 1 1 0 1000 50 -15
0 1012 0 1 162290 21 0 -15 -17 1285 1 1 0 1000 50 -15
0 1015 0 1 162313 23 0 -15 -17 1285 1 1 0 1000 50 -15
0 1012 0 1 162335 22 0 -15 -17 1285 1 1 0 1000 50 -15
0 1012 0 1 162358 23 0 -15 -17 1285 1 1 0 1000 50 -15
0 1013 0 1 162380 22 0 -15 -17 1285 1 1 0 1000 50 -15
0 1012 0 1 162403 23 0 -15 -17 1285 1 1 0 1000 50 -15
0 1012 0 1 162425 22 0 -15 -17 1285 1 1 0 1000 50 -15
0 1014 0 1 162448 23 0 -15 -17 1285 1 1 0 1000 50 -15
0 1012 0 1 162470 22 0 -15 -17 1285 1 1 0 1000 50 -15
0 1012 0 1 162493 23 0 -15 -17 1285 1 1 0 1000 50 -15
0 1012 0 1 162515 22 0 -15 -17 1285 1 1 0 1000 50 -15
0 1012 0 1 162538 23 0 -15 -17 1285 1 1 0 1000 50 -15
0 1013 0 1 162561 23 0 -15 -17 1285 1 1 0 1000 50 -15
0 1012 0 1 162583 22 0 -15 -17 1285 1 1 0 1000 50 -15
0 1010 0 1 162606 23 0 -15 -17 1285 1 1 0 1000 50 -15
0 1013 0 1 162628 22 0 -15 -17 1285 1 1 0 1000 50 -15
0 1012 0 1 162650 22 0 -15 -17 1285 1 1 0 1000 50 -15
0 1010 0 1 162672 22 0 -15 -17 1285 1 1 0 1000 50 -15
0 1012 0 1 162695 23 0 -15 -17 1285 1 1 0 1000 50 -15
0 1012 0 1 162717 22 0 -15 -17 1285 1 1 0 1000 50 -15
0 1011 0 1 162740 23 0 -15 -17 1285 1 1 0 1000 50 -15
0 1012 0 1 162762 22 0 -15 -17 1285 1 1 0 1000 50 -15
0 1012 0 1 162785 23 0 -15 -17 1285 1 1 0 1000 50 -15
0 1012 0 1 162807 22 0 -15 -17 1285 1 1 0 1000 50 -15
0 1016 0 1 162830 23 0 -15 -17 1285 1 1 0 1000 50 -15
0 1011 0 1 162852 22 0 -15 -17 1285 1 1 0 1000 50 -15
0 1012 0 1 162875 23 0 -15 -17 1285 1 1 0 1000 50 -15
0 1012 0 1 162897 22 0 -15 -17 1285 1 1 0 1000 50 -15
0 1012 0 1 162920 23 0 -15 -17 1285 1 1 0 1000 50 -15
0 1012 0 1 162942 22 0 -15 -17 1285 1 1 0 1000 50 -15
0 1015 0 1 162965 23 0 -15 -17 1285 1 1 0 1000 50 -15
0 1012 0 1 162988 23 0 -15 -17 1285 1 1 0 1000 50 -15
0 1013 0 1 163009 21 0 -15 -17 1285 1 1 0 1000 50 -15
0 1012 0 1 163032 23 0 -15 -17 1285 1 1 0 1000 50 -15
0 1011 0 1 163054 22 0 -15 -17 1285 1 1 0 1000 50 -15
0 1013 0 1 163077 23 0 -15 -17 1285 1 1 0 1000 50 -15
0 1012 0 1 163099 22 0 -15 -17 1285 1 1 0 1000 50 -15
0 1009 0 1 163122 23 0 -15 -17 1285 1 1 0 1000 50 -15
0 1012 0 1 163144 22 0 -15 -17 1285 1 1 0 1000 50 -15
0 1012 0 1 163167 23 0 -15 -17 1285 1 1 0 1000 50 -15
0 1011 0 1 163189 22 0 -15 -17 1285 1 1 0 1000 50 -15
0 1013 0 1 163212 23 0 -15 -17 1285 1 1 0 1000 50 -15
0 1012 0 1 163234 22 0 -15 -17 1285 1 1 0 1000 50 -15
0 1011 0 1 163257 23 0 -15 -17 1285 1 1 0 1000 50 -15
0 1013 0 1 163279 22 0 -15 -17 1285 1 1 0 1000 50 -15
0 1012 0 1 163302 23 0 -15 -17 1285 1 1 0 1000 50 -15
0 1012 0 1 163324 22 0 -15 -17 1285 1 1 0 1000 50 -15
0 1016 0 1 163346 22 0 -15 -17 1285 1 1 0 1000 50 -15
0 1011 0 1 163368 22 0 -15 -17 1285 1 1 0 1000 50 -15
0 1012 0 1 163391 23 0 -15 -17 1285 1 1 0 1000 50 -15
0 1013 0 1 163414 23 0 -15 -17 1285 1 1 0 1000 50 -15
0 1011 0 1 163436 22 0 -15 -17 1285 1 1 0 1000 50 -15
0 1012 0 1 163459 23 0 -15 -17 1285 1 1 0 1000 50 -15
0 1013 0 1 163481 22 0 -15 -17 1285 1 1 0 1000 50 -15
0 1012 0 1 163504 23 0 -15 -17 1285 1 1 0 1000 50 -15
0 1013 0 1 163526 22 0 -15 -17 1285 1 1 0 1000 50 -15
0 1013 0 1 163549 23 0 -15 -17 1285 1 1 0 1000 50 -15
0 1011 0 1 163571 22 0 -15 -17 1285 1 1 0 1000 50 -15
0 1013 0 1 163594 23 0 -15 -17 1285 1 1 0 1000 50 -15
0 1012 0 1 163616 22 0 -15 -17 1285 1 1 0 1000 50 -15
0 1011 0 1 163639 23 0 -15 -17 1285 1 1 0 1000 50 -15
0 1012 0 1 163661 22 0 -15 -17 1285 1 1 0 1000 50 -15
0 1011 0 1 163684 23 0 -15 -17 1285 1 1 0 1000 50 -15
0 1010 0 1 163705 21 0 -15 -17 1285 1 1 0 1000 50 -15
0 1012 0 1 163728 23 0 -15 -17 1285 1 1 0 1000 50 -15
0 1012 0 1 163750 22 0 -15 -17 1285 1 1 0 1000 50 -15
0 1011 0 1 163773 23 0 -15 -17 1285 1 1 0 1000 50 -15
0 1012 0 1 163795 22 0 -15 -17 1285 1 1 0 1000 50 -15
0 1011 0 1 163818 23 0 -15 -17 1285 1 1 0 1000 50 -15
0 1012 0 1 163841 23 0 -15 -17 1285 1 1 0 1000 50 -15
0 1015 0 1 163863 22 0 -15 -17 1285 1 1 0 1000 50 -15
0 1012 0 1 163886 23 0 -15 -17 1285 1 1 0 1000 50 -15
0 1012 0 1 163908 22 0 -15 -17 1285 1 1 0 1000 50 -15
0 1012 0 1 163931 23 0 -15 -17 1285 1 1 0 1000 50 -15
0 1011 0 1 163953 22 0 -15 -17 1285 1 1 0 1000 50 -15
0 1012 0 1 163976 23 0 -15 -17 1285 1 1 0 1000 50 -15
0 1013 0 1 163998 22 0 -15 -17 1285 1 1 0 1000 50 -15
0 1012 0 1 164021 23 0 -15 -17 1285 1 1 0 1000 50 -15
0 1013 0 1 164042 21 0 -15 -17 1285 1 1 0 1000 50 -15
0 1012 0 1 164065 23 0 -15 -17 1285 1 1 0 1000 50 -15
0 1011 0 1 164087 22 0 -15 -17 1285 1 1 0 1000 50 -15
0 1013 0 1 164110 23 0 -15 -17 1285 1 1 0 1000 50 -15
0 1012 0 1 164132 22 0 -15 -17 1285 1 1 0 1000 50 -15
0 1011 0 1 164155 23 0 -15 -17 1285 1 1 0 1000 50 -15
0 1012 0 1 164177 22 0 -15 -17 1285 1 1 0 1000 50 -15
0 1012 0 1 164200 23 0 -15 -17 1285 1 1 0 1000 50 -15
0 1011 0 1 164222 22 0 -15 -17 1285 1 1 0 1000 50 -15
0 1012 0 1 164245 23 0 -15 -17 1285 1 1 0 1000 50 -15
0 1012 0 1 164268 23 0 -15 -17 1285 1 1 0 1000 50 -15
0 1011 0 1 164290 22 0 -15 -17 1285 1 1 0 1000 50 -15
0 1012 0 1 164313 23 0 -15 -17 1285 1 1 0 1000 50 -15
0 1011 0 1 164335 22 0 -15 -17 1285 1 1 0 1000 50 -15
0 1011 0 1 164358 23 0 -15 -17 1285 1 1 0 1000 50 -15
0 1015 0 1 164379 21 0 -15 -17 1285 1 1 0 1000 50 -15
0 1011 0 1 164402 23 0 -15 -17 1285 1 1 0 1000 50 -15
0 1012 0 1 164424 22 0 -15 -17 1285 1 1 0 1000 50 -15
0 1013 0 1 164447 23 0 -15 -17 1285 1 1 0 1000 50 -15
0 1011 0 1 164469 22 0 -15 -17 1285 1 1 0 1000 50 -15
0 1012 0 1 164492 23 0 -15 -17 1285 1 1 0 1000 50 -15
0 1013 0 1 164514 22 0 -15 -17 1285 1 1 0 1000 50 -15
0 1011 0 1 164537 23 0 -15 -17 1285 1 1 0 1000 50 -15
0 1012 0 1 164559 22 0 -15 -17 1285 1 1 0 1000 50 -15
0 1012 0 1 164582 23 0 -15 -17 1285 1 1 0 1000 50 -15
0 1011 0 1 164604 22 0 -15 -17 1285 1 1 0 1000 50 -15
0 1013 0 1 164627 23 0 -15 -17 1285 1 1 0 1000 50 -15
0 1012 0 1 164649 22 0 -15 -17 1285 1 1 0 1000 50 -15
0 1011 0 1 164672 23 0 -15 -17 1285 1 1 0 1000 50 -15
0 1013 0 1 164694 22 0 -15 -17 1285 1 1 0 1000 50 -15
0 1012 0 1 164716 22 0 -15 -17 1285 1 1 0 1000 50 -15
0 1010 0 1 164739 23 0 -15 -17 1285 1 1 0 1000 50 -15
0 1012 0 1 164761 22 0 -15 -17 1285 1 1 0 1000 50 -15
0 1011 0 1 164784 23 0 -15 -17 1285 1 1 0 1000 50 -15
0 1011 0 1 164806 22 0 -15 -17 1285 1 1 0 1000 50 -15
0 1012 0 1 164829 23 0 -15 -17 1285 1 1 0 1000 50 -15
0 1011 0 1 164851 22 0 -15 -17 1285 1 1 0 1000 50 -15
0 1012 0 1 164874 23 0 -15 -17 1285 1 1 0 1000 50 -15
0 1015 0 1 164896 22 0 -15 -17 1285 1 1 0 1000 50 -15
0 1011 0 1 164919 23 0 -15 -17 1285 1 1 0 1000 50 -15
0 1012 0 1 164941 22 0 -15 -17 1285 1 1 0 1000 50 -15
0 1012 0 1 164964 23 0 -15 -17 1285 1 1 0 1000 50 -15
0 1011 0 1 164986 22 0 -15 -17 1285 1 1 0 1000 50 -15
0 1012 0 1 165009 23 0 -15 -17 1285 1 1 0 1000 50 -15
0 1014 0 1 165030 21 0 -15 -17 1285 1 1 0 1000 50 -15
0 1011 0 1 165053 23 0 -15 -17 1285 1 1 0 1000 50 -15
0 1012 0 1 165075 22 0 -15 -17 1285 1 1 0 1000 50 -15
0 1011 0 1 165098 23 0 -15 -17 1285 1 1 0 1000 50 -15
0 1011 0 1 165121 23 0 -15 -17 1285 1 1 0 1000 50 -15
0 1012 0 1 165143 22 0 -15 -17 1285 1 1 0 1000 50 -15
0 1012 0 1 165166 23 0 -15 -17 1285 1 1 0 1000 50 -15
0 1010 0 1 165188 22 0 -15 -17 1285 1 1 0 1000 50 -15
0 1012 0 1 165211 23 0 -15 -17 1285 1 1 0 1000 50 -15
0 1011 0 1 165233 22 0 -15 -17 1285 1 1 0 1000 50 -15
0 1010 0 1 165256 23 0 -15 -17 1285 1 1 0 1000 50 -15
0 1013 0 1 165278 22 0 -15 -17 1285 1 1 0 1000 50 -15
0 1011 0 1 165301 23 0 -15 -17 1285 1 1 0 1000 50 -15
0 1009 0 1 165323 22 0 -15 -17 1285 1 1 0 1000 50 -15
0 1012 0 1 165346 23 0 -15 -17 1285 1 1 0 1000 50 -15
0 1012 0 1 165367 21 0 -15 -17 1285 1 1 0 1000 50 -15
0 1011 0 1 165390 23 0 -15 -17 1285 1 1 0 1000 50 -15
0 1019 0 1 165412 22 0 -15 -17 1285 1 1 0 1000 50 -15
0 1009 0 1 165435 23 0 -15 -17 1285 1 1 0 1000 50 -15
0 1009 0 1 165457 22 0 -15 -17 1285 1 1 0 1000 50 -15
0 1016 0 1 165480 23 0 -15 -17 1285 1 1 0 1000 50 -15
0 1011 0 1 165502 22 0 -15 -17 1285 1 1 0 1000 50 -15
0 1011 0 1 165525 23 0 -15 -17 1285 1 1 0 1000 50 -15
0 1020 0 1 165548 23 0 -15 -17 1285 1 1 0 1000 50 -15
0 1008 0 1 165570 22 0 -15 -17 1285 1 1 0 1000 50 -15
0 1012 0 1 165593 23 0 -15 -17 1285 1 1 0 1000 50 -15
0 1014 0 1 165615 22 0 -15 -17 1285 1 1 0 1000 50 -15
0 1011 0 1 165638 23 0 -15 -17 1285 1 1 0 1000 50 -15
0 1013 0 1 165660 22 0 -15 -17 1285 1 1 0 1000 50 -15
0 1006 0 1 165683 23 0 -15 -17 1285 1 1 0 1000 50 -15
0 1009 0 1 165705 22 0 -15 -17 1285 1 1 0 1000 50 -15
0 1013 0 1 165727 22 0 -15 -17 1285 1 1 0 1000 50 -15
0 1009 0 1 165749 22 0 -15 -17 1285 1 1 0 1000 50 -15
0 1010 0 1 165772 23 0 -15 -17 1285 1 1 0 1000 50 -15
0 1012 0 1 165794 22 0 -15 -17 1285 1 1 0 1000 50 -15
0 1012 0 1 165817 23 0 -15 -17 1285 1 1 0 1000 50 -15
0 1011 0 1 165839 22 0 -15 -17 1285 1 1 0 1000 50 -15
0 1012 0 1 165862 23 0 -15 -17 1285 1 1 0 1000 50 -15
0 1011 0 1 165884 22 0 -15 -17 1285 1 1 0 1000 50 -15
0 1015 0 1 165907 23 0 -15 -17 1285 1 1 0 1000 50 -15
0 1019 0 1 165929 22 0 -15 -17 1285 1 1 0 1000 50 -15
0 1011 0 1 165952 23 0 -15 -17 1285 1 1 0 1000 50 -15
0 1012 0 1 165975 23 0 -15 -17 1285 1 1 0 1000 50 -15
0 1012 0 1 165997 22 0 -15 -17 1285 1 1 0 1000 50 -15
0 1011 0 1 166020 23 0 -15 -17 1285 1 1 0 1000 50 -15
0 1012 0 1 166042 22 0 -15 -17 1285 1 1 0 1000 50 -15
0 1017 0 1 166065 23 0 -15 -17 1285 1 1 0 1000 50 -15
0 1012 0 1 166086 21 0 -15 -17 1285 1 1 0 1000 50 -15
0 1013 0 1 166109 23 0 -15 -17 1285 1 1 0 1000 50 -15
0 1013 0 1 166131 22 0 -15 -17 1285 1 1 0 1000 50 -15
0 1011 0 1 166154 23 0 -15 -17 1285 1 1 0 1000 50 -15
0 1012 0 1 166176 22 0 -15 -17 1285 1 1 0 1000 50 -15
0 1013 0 1 166199 23 0 -15 -17 1285 1 1 0 1000 50 -15
0 1008 0 1 166221 22 0 -15 -17 1285 1 1 0 1000 50 -15
0 1011 0 1 166244 23 0 -15 -17 1285 1 1 0 1000 50 -15
0 1012 0 1 166266 22 0 -15 -17 1285 1 1 0 1000 50 -15
0 1005 0 1 166289 23 0 -15 -17 1285 1 1 0 1000 50 -15
0 1013 0 1 166311 22 0 -15 -17 1285 1 1 0 1000 50 -15
0 1012 0 1 166334 23 0 -15 -17 1285 1 1 0 1000 50 -15
0 1008 0 1 166356 22 0 -15 -17 1285 1 1 0 1000 50 -15
0 1013 0 1 166379 23 0 -15 -17 1285 1 1 0 1000 50 -15
0 1011 0 1 166402 23 0 -15 -17 1285 1 1 0 1000 50 -15
0 1005 0 1 166424 22 0 -15 -17 1285 1 1 0 1000 50 -15
0 1018 0 1 166446 22 0 -15 -17 1285 1 1 0 1000 50 -15
0 1011 0 1 166468 22 0 -15 -17 1285 1 1 0 1000 50 -15
0 1015 0 1 166491 23 0 -15 -17 1285 1 1 0 1000 50 -15
0 1016 0 1 166513 22 0 -15 -17 1285 1 1 0 1000 50 -15
0 1011 0 1 166536 23 0 -15 -17 1285 1 1 0 1000 50 -15
0 1011 0 1 166558 22 0 -15 -17 1285 1 1 0 1000 50 -15
0 1011 0 1 166581 23 0 -15 -17 1285 1 1 0 1000 50 -15
0 1011 0 1 166603 22 0 -15 -17 1285 1 1 0 1000 50 -15
0 1012 0 1 166626 23 0 -15 -17 1285 1 1 0 1000 50 -15
0 1017 0 1 166648 22 0 -15 -17 1285 1 1 0 1000 50 -15
0 1009 0 1 166671 23 0 -15 -17 1285 1 1 0 1000 50 -15
0 1013 0 1 166693 22 0 -15 -17 1285 1 1 0 1000 50 -15
0 1012 0 1 166716 23 0 -15 -17 1285 1 1 0 1000 50 -15
0 1009 0 1 166738 22 0 -15 -17 1285 1 1 0 1000 50 -15
0 1013 0 1 166761 23 0 -15 -17 1285 1 1 0 1000 50 -15
0 1012 0 1 166782 21 0 -15 -17 1285 1 1 0 1000 50 -15
0 1007 0 1 166805 23 0 -15 -17 1285 1 1 0 1000 50 -15
0 1013 0 1 166828 23 0 -15 -17 1285 1 1 0 1000 50 -15
0 1012 0 1 166850 22 0 -15 -17 1285 1 1 0 1000 50 -15
0 1011 0 1 166873 23 0 -15 -17 1285 1 1 0 1000 50 -15
0 1013 0 1 166895 22 0 -15 -17 1285 1 1 0 1000 50 -15
0 1011 0 1 166918 23 0 -15 -17 1285 1 1 0 1000 50 -15
0 999 0 1 166940 22 0 -15 -17 1285 1 1 0 1000 50 -15
0 1021 0 1 166963 23 0 -15 -17 1285 1 1 0 1000 50 -15
0 1012 0 1 166985 22 0 -15 -17 1285 1 1 0 1000 50 -15
0 1010 0 1 167008 23 0 -15 -17 1285 1 1 0 1000 50 -15
0 1017 0 1 167030 22 0 -15 -17 1285 1 1 0 1000 50 -15
0 1011 0 1 167053 23 0 -15 -17 1285 1 1 0 1000 50 -15
0 1010 0 1 167075 22 0 -15 -17 1285 1 1 0 1000 50 -15
0 1017 0 1 167098 23 0 -15 -17 1285 1 1 0 1000 50 -15
0 1011 0 1 167119 21 0 -15 -17 1285 1 1 0 1000 50 -15
0 1012 0 1 167142 23 0 -15 -17 1285 1 1 0 1000 50 -15
0 1016 0 1 167164 22 0 -15 -17 1285 1 1 0 1000 50 -15
0 1009 0 1 167187 23 0 -15 -17 1285 1 1 0 1000 50 -15
0 1013 0 1 167209 22 0 -15 -17 1285 1 1 0 1000 50 -15
0 1009 0 1 167232 23 0 -15 -17 1285 1 1 0 1000 50 -15
0 1009 0 1 167255 23 0 -15 -17 1285 1 1 0 1000 50 -15
0 1010 0 1 167277 22 0 -15 -17 1285 1 1 0 1000 50 -15
0 1011 0 1 167300 23 0 -15 -17 1285 1 1 0 1000 50 -15
0 1007 0 1 167322 22 0 -15 -17 1285 1 1 0 1000 50 -15
0 1013 0 1 167345 23 0 -15 -17 1285 1 1 0 1000 50 -15
0 1012 0 1 167367 22 0 -15 -17 1285 1 1 0 1000 50 -15
0 993 0 1 167390 23 0 -15 -17 1285 1 1 0 1000 50 -15
0 1015 0 1 167412 22 0 -15 -17 1285 1 1 0 1000 50 -15
0 1012 0 1 167434 22 0 -15 -17 1285 1 1 0 1000 50 -15
0 1007 0 1 167456 22 0 -15 -17 1285 1 1 0 1000 50 -15
0 1021 0 1 167479 23 0 -15 -17 1285 1 1 0 1000 50 -15
0 1011 0 1 167501 22 0 -15 -17 1285 1 1 0 1000 50 -15
0 1010 0 1 167524 23 0 -15 -17 1285 1 1 0 1000 50 -15
0 1018 0 1 167546 22 0 -15 -17 1285 1 1 0 1000 50 -15
0 1011 0 1 167569 23 0 -15 -17 1285 1 1 0 1000 50 -15
0 1009 0 1 167591 22 0 -15 -17 1285 1 1 0 1000 50 -15
0 1020 0 1 167614 23 0 -15 -17 1285 1 1 0 1000 50 -15
0 1011 0 1 167636 22 0 -15 -17 1285 1 1 0 1000 50 -15
0 1009 0 1 167659 23 0 -15 -17 1285 1 1 0 1000 50 -15
0 1017 0 1 167682 23 0 -15 -17 1285 1 1 0 1000 50 -15
0 1007 0 1 167704 22 0 -15 -17 1285 1 1 0 1000 50 -15
0 1012 0 1 167727 23 0 -15 -17 1285 1 1 0 1000 50 -15
0 1015 0 1 167749 22 0 -15 -17 1285 1 1 0 1000 50 -15
0 1006 0 1 167772 23 0 -15 -17 1285 1 1 0 1000 50 -15
0 1013 0 1 167793 21 0 -15 -17 1285 1 1 0 1000 50 -15
0 1009 0 1 167816 23 0 -15 -17 1285 1 1 0 1000 50 -15
0 1002 0 1 167838 22 0 -15 -17 1285 1 1 0 1000 50 -15
0 1012 0 1 167861 23 0 -15 -17 1285 1 1 0 1000 50 -15
0 1008 0 1 167883 22 0 -15 -17 1285 1 1 0 1000 50 -15
0 1005 0 1 167906 23 0 -15 -17 1285 1 1 0 1000 50 -15
0 1012 0 1 167928 22 0 -15 -17 1285 1 1 0 1000 50 -15
0 1011 0 1 167951 23 0 -15 -17 1285 1 1 0 1000 50 -15
0 1008 0 1 167973 22 0 -15 -17 1285 1 1 0 1000 50 -15
0 1023 0 1 167996 23 0 -15 -17 1285 1 1 0 1000 50 -15
0 1012 0 1 168018 22 0 -15 -17 1285 1 1 0 1000 50 -15
0 1005 0 1 168041 23 0 -15 -17 1285 1 1 0 1000 50 -15
0 1017 0 1 168064 23 0 -15 -17 1285 1 1 0 1000 50 -15
0 1010 0 1 168086 22 0 -15 -17 1285 1 1 0 1000 50 -15
0 1010 0 1 168109 23 0 -15 -17 1285 1 1 0 1000 50 -15
0 1019 0 1 168130 21 0 -15 -17 1285 1 1 0 1000 50 -15
0 1011 0 1 168153 23 0 -15 -17 1285 1 1 0 1000 50 -15
0 1011 0 1 168175 22 0 -15 -17 1285 1 1 0 1000 50 -15
0 1015 0 1 168198 23 0 -15 -17 1285 1 1 0 1000 50 -15
0 1010 0 1 168220 22 0 -15 -17 1285 1 1 0 1000 50 -15
0 1013 0 1 168243 23 0 -15 -17 1285 1 1 0 1000 50 -15
0 1015 0 1 168265 22 0 -15 -17 1285 1 1 0 1000 50 -15
0 1007 0 1 168288 23 0 -15 -17 1285 1 1 0 1000 50 -15
0 1011 0 1 168310 22 0 -15 -17 1285 1 1 0 1000 50 -15
0 1014 0 1 168333 23 0 -15 -17 1285 1 1 0 1000 50 -15
0 1001 0 1 168355 22 0 -15 -17 1285 1 1 0 1000 50 -15
0 1013 0 1 168378 23 0 -15 -17 1285 1 1 0 1000 50 -15
0 1013 0 1 168400 22 0 -15 -17 1285 1 1 0 1000 50 -15
0 1006 0 1 168423 23 0 -15 -17 1285 1 1 0 1000 50 -15
0 1012 0 1 168445 22 0 -15 -17 1285 1 1 0 1000 50 -15
0 1011 0 1 168467 22 0 -15 -17 1285 1 1 0 1000 50 -15
0 1012 0 1 168489 22 0 -15 -17 1285 1 1 0 1000 50 -15
0 1014 0 1 168512 23 0 -15 -17 1285 1 1 0 1000 50 -15
0 1011 0 1 168535 23 0 -15 -17 1285 1 1 0 1000 50 -15
0 1016 0 1 168557 22 0 -15 -17 1285 1 1 0 1000 50 -15
0 1013 0 1 168580 23 0 -15 -17 1285 1 1 0 1000 50 -15
0 1011 0 1 168602 22 0 -15 -17 1285 1 1 0 1000 50 -15
0 1012 0 1 168625 23 0 -15 -17 1285 1 1 0 1000 50 -15
0 1013 0 1 168647 22 0 -15 -17 1285 1 1 0 1000 50 -15
0 1010 0 1 168670 23 0 -15 -17 1285 1 1 0 1000 50 -15
0 1012 0 1 168692 22 0 -15 -17 1285 1 1 0 1000 50 -15
0 1011 0 1 168715 23 0 -15 -17 1285 1 1 0 1000 50 -15
0 1011 0 1 168737 22 0 -15 -17 1285 1 1 0 1000 50 -15
0 1012 0 1 168760 23 0 -15 -17 1285 1 1 0 1000 50 -15
0 1012 0 1 168782 22 0 -15 -17 1285 1 1 0 1000 50 -15
0 1011 0 1 168804 22 0 -15 -17 1285 1 1 0 1000 50 -15
0 1012 0 1 168826 22 0 -15 -17 1285 1 1 0 1000 50 -15
0 1011 0 1 168849 23 0 -15 -17 1285 1 1 0 1000 50 -15
0 1010 0 1 168871 22 0 -15 -17 1285 1 1 0 1000 50 -15
0 1012 0 1 168894 23 0 -15 -17 1285 1 1 0 1000 50 -15
0 1011 0 1 168916 22 0 -15 -17 1285 1 1 0 1000 50 -15
0 1011 0 1 168939 23 0 -15 -17 1285 1 1 0 1000 50 -15
0 1011 0 1 168962 23 0 -15 -17 1285 1 1 0 1000 50 -15
0 1011 0 1 168984 22 0 -15 -17 1285 1 1 0 1000 50 -15
0 1011 0 1 169007 23 0 -15 -17 1285 1 1 0 1000 50 -15
0 1013 0 1 169029 22 0 -15 -17 1285 1 1 0 1000 50 -15
0 1011 0 1 169052 23 0 -15 -17 1285 1 1 0 1000 50 -15
0 1012 0 1 169074 22 0 -15 -17 1285 1 1 0 1000 50 -15
0 1012 0 1 169097 23 0 -15 -17 1285 1 1 0 1000 50 -15
0 1011 0 1 169119 22 0 -15 -17 1285 1 1 0 1000 50 -15
0 1012 0 1 169141 22 0 -15 -17 1285 1 1 0 1000 50 -15
0 1012 0 1 169163 22 0 -15 -17 1285 1 1 0 1000 50 -15
0 1011 0 1 169186 23 0 -15 -17 1285 1 1 0 1000 50 -15
0 1012 0 1 169208 22 0 -15 -17 1285 1 1 0 1000 50 -15
0 1013 0 1 169231 23 0 -15 -17 1285 1 1 0 1000 50 -15
0 1011 0 1 169253 22 0 -15 -17 1285 1 1 0 1000 50 -15
0 1011 0 1 169276 23 0 -15 -17 1285 1 1 0 1000 50 -15
0 1011 0 1 169298 22 0 -15 -17 1285 1 1 0 1000 50 -15
0 1010 0 1 169321 23 0 -15 -17 1285 1 1 0 1000 50 -15
0 1012 0 1 169344 23 0 -15 -17 1285 1 1 0 1000 50 -15
0 1011 0 1 169366 22 0 -15 -17 1285 1 1 0 1000 50 -15
0 1010 0 1 169389 23 0 -15 -17 1285 1 1 0 1000 50 -15
0 1012 0 1 169411 22 0 -15 -17 1285 1 1 0 1000 50 -15
0 1011 0 1 169434 23 0 -15 -17 1285 1 1 0 1000 50 -15
0 1010 0 1 169456 22 0 -15 -17 1285 1 1 0 1000 50 -15
0 1012 0 1 169478 22 0 -15 -17 1285 1 1 0 1000 50 -15
0 1011 0 1 169500 22 0 -15 -17 1285 1 1 0 1000 50 -15
0 1012 0 1 169523 23 0 -15 -17 1285 1 1 0 1000 50 -15
0 1014 0 1 169545 22 0 -15 -17 1285 1 1 0 1000 50 -15
0 1011 0 1 169568 23 0 -15 -17 1285 1 1 0 1000 50 -15
0 1011 0 1 169590 22 0 -15 -17 1285 1 1 0 1000 50 -15
0 1012 0 1 169613 23 0 -15 -17 1285 1 1 0 1000 50 -15
0 1011 0 1 169635 22 0 -15 -17 1285 1 1 0 1000 50 -15
0 1012 0 1 169658 23 0 -15 -17 1285 1 1 0 1000 50 -15
0 1012 0 1 169680 22 0 -15 -17 1285 1 1 0 1000 50 -15
0 1011 0 1 169703 23 0 -15 -17 1285 1 1 0 1000 50 -15
0 1012 0 1 169725 22 0 -15 -17 1285 1 1 0 1000 50 -15
0 1011 0 1 169748 23 0 -15 -17 1285 1 1 0 1000 50 -15
0 1011 0 1 169771 23 0 -15 -17 1285 1 1 0 1000 50 -15
0 1012 0 1 169793 22 0 -15 -17 1285 1 1 0 1000 50 -15
0 1013 0 1 169815 22 0 -15 -17 1285 1 1 0 1000 50 -15
0 1009 0 1 169837 22 0 -15 -17 1285 1 1 0 1000 50 -15
0 1012 0 1 169860 23 0 -15 -17 1285 1 1 0 1000 50 -15
0 1011 0 1 169882 22 0 -15 -17 1285 1 1 0 1000 50 -15
0 1010 0 1 169905 23 0 -15 -17 1285 1 1 0 1000 50 -15
0 1012 0 1 169927 22 0 -15 -17 1285 1 1 0 1000 50 -15
0 1011 0 1 169950 23 0 -15 -17 1285 1 1 0 1000 50 -15
0 1011 0 1 169972 22 0 -15 -17 1285 1 1 0 1000 50 -15
0 1012 0 1 169995 23 0 -15 -17 1285 1 1 0 1000 50 -15
0 1011 0 1 170017 22 0 -15 -17 1285 1 1 0 1000 50 -15
0 1012 0 1 170040 23 0 -15 -17 1285 1 1 0 1000 50 -15
0 1014 0 1 170062 22 0 -15 -17 1285 1 1 0 1000 50 -15
0 1011 0 1 170085 23 0 -15 -17 1285 1 1 0 1000 50 -15
0 1012 0 1 170107 22 0 -15 -17 1285 1 1 0 1000 50 -15
0 1015 0 1 170130 23 0 -15 -17 1285 1 1 0 1000 50 -15
0 1011 0 1 170151 21 0 -15 -17 1285 1 1 0 1000 50 -15
0 1013 0 1 170174 23 0 -15 -17 1285 1 1 0 1000 50 -15
0 1015 0 1 170196 22 0 -15 -17 1285 1 1 0 1000 50 -15
0 1010 0 1 170219 23 0 -15 -17 1285 1 1 0 1000 50 -15
0 1012 0 1 170242 23 0 -15 -17 1285 1 1 0 1000 50 -15
0 1012 0 1 170264 22 0 -15 -17 1285 1 1 0 1000 50 -15
0 1011 0 1 170287 23 0 -15 -17 1285 1 1 0 1000 50 -15
0 1013 0 1 170309 22 0 -15 -17 1285 1 1 0 1000 50 -15
0 1012 0 1 170332 23 0 -15 -17 1285 1 1 0 1000 50 -15
0 1009 0 1 170354 22 0 -15 -17 1285 1 1 0 1000 50 -15
0 1012 0 1 170377 23 0 -15 -17 1285 1 1 0 1000 50 -15
0 1016 0 1 170399 22 0 -15 -17 1285 1 1 0 1000 50 -15
0 1001 0 1 170422 23 0 -15 -17 1285 1 1 0 1000 50 -15
0 1012 0 1 170444 22 0 -15 -17 1285 1 1 0 1000 50 -15
0 1010 0 1 170467 23 0 -15 -17 1285 1 1 0 1000 50 -15
0 1009 0 1 170488 21 0 -15 -17 1285 1 1 0 1000 50 -15
0 1012 0 1 170511 23 0 -15 -17 1285 1 1 0 1000 50 -15
0 1009 0 1 170533 22 0 -15 -17 1285 1 1 0 1000 50 -15
0 1010 0 1 170556 23 0 -15 -17 1285 1 1 0 1000 50 -15
0 1018 0 1 170578 22 0 -15 -17 1285 1 1 0 1000 50 -15
0 1010 0 1 170601 23 0 -15 -17 1285 1 1 0 1000 50 -15
0 1011 0 1 170624 23 0 -15 -17 1285 1 1 0 1000 50 -15
0 1014 0 1 170646 22 0 -15 -17 1285 1 1 0 1000 50 -15
0 1009 0 1 170669 23 0 -15 -17 1285 1 1 0 1000 50 -15
0 1012 0 1 170691 22 0 -15 -17 1285 1 1 0 1000 50 -15
0 1016 0 1 170714 23 0 -15 -17 1285 1 1 0 1000 50 -15
0 1010 0 1 170736 22 0 -15 -17 1285 1 1 0 1000 50 -15
0 1012 0 1 170759 23 0 -15 -17 1285 1 1 0 1000 50 -15
0 1010 0 1 170781 22 0 -15 -17 1285 1 1 0 1000 50 -15
0 1009 0 1 170804 23 0 -15 -17 1285 1 1 0 1000 50 -15
0 1013 0 1 170826 22 0 -15 -17 1285 1 1 0 1000 50 -15
0 1011 0 1 170848 22 0 -15 -17 1285 1 1 0 1000 50 -15
0 1008 0 1 170870 22 0 -15 -17 1285 1 1 0 1000 50 -15
0 1011 0 1 170893 23 0 -15 -17 1285 1 1 0 1000 50 -15
0 1011 0 1 170915 22 0 -15 -17 1285 1 1 0 1000 50 -15
0 1009 0 1 170938 23 0 -15 -17 1285 1 1 0 1000 50 -15
0 1012 0 1 170960 22 0 -15 -17 1285 1 1 0 1000 50 -15
0 1011 0 1 170983 23 0 -15 -17 1285 1 1 0 1000 50 -15
0 1010 0 1 171005 22 0 -15 -17 1285 1 1 0 1000 50 -15
0 1012 0 1 171028 23 0 -15 -17 1285 1 1 0 1000 50 -15
0 1011 0 1 171051 23 0 -15 -17 1285 1 1 0 1000 50 -15
0 1011 0 1 171073 22 0 -15 -17 1285 1 1 0 1000 50 -15
0 1014 0 1 171096 23 0 -15 -17 1285 1 1 0 1000 50 -15
0 1011 0 1 171118 22 0 -15 -17 1285 1 1 0 1000 50 -15
0 1016 0 1 171141 23 0 -15 -17 1285 1 1 0 1000 50 -15
0 1011 0 1 171163 22 0 -15 -17 1285 1 1 0 1000 50 -15
0 1010 0 1 171186 23 0 -15 -17 1285 1 1 0 1000 50 -15
0 1012 0 1 171207 21 0 -15 -17 1285 1 1 0 1000 50 -15
0 1012 0 1 171230 23 0 -15 -17 1285 1 1 0 1000 50 -15
0 1011 0 1 171252 22 0 -15 -17 1285 1 1 0 1000 50 -15
0 1012 0 1 171275 23 0 -15 -17 1285 1 1 0 1000 50 -15
0 1011 0 1 171297 22 0 -15 -17 1285 1 1 0 1000 50 -15
0 1009 0 1 171320 23 0 -15 -17 1285 1 1 0 1000 50 -15
0 1012 0 1 171342 22 0 -15 -17 1285 1 1 0 1000 50 -15
0 1011 0 1 171365 23 0 -15 -17 1285 1 1 0 1000 50 -15
0 1010 0 1 171387 22 0 -15 -17 1285 1 1 0 1000 50 -15
0 1010 0 1 171410 23 0 -15 -17 1285 1 1 0 1000 50 -15
0 1011 0 1 171432 22 0 -15 -17 1285 1 1 0 1000 50 -15
0 1009 0 1 171455 23 0 -15 -17 1285 1 1 0 1000 50 -15
0 1011 0 1 171478 23 0 -15 -17 1285 1 1 0 1000 50 -15
0 1011 0 1 171500 22 0 -15 -17 1285 1 1 0 1000 50 -15
0 1011 0 1 171523 23 0 -15 -17 1285 1 1 0 1000 50 -15
0 1011 0 1 171545 22 0 -15 -17 1285 1 1 0 1000 50 -15
0 1011 0 1 171568 23 0 -15 -17 1285 1 1 0 1000 50 -15
0 1012 0 1 171589 21 0 -15 -17 1285 1 1 0 1000 50 -15
0 1012 0 1 171612 23 0 -15 -17 1285 1 1 0 1000 50 -15
0 1011 0 1 171634 22 0 -15 -17 1285 1 1 0 1000 50 -15
0 1011 0 1 171657 23 0 -15 -17 1285 1 1 0 1000 50 -15
0 1012 0 1 171679 22 0 -15 -17 1285 1 1 0 1000 50 -15
0 1011 0 1 171702 23 0 -15 -17 1285 1 1 0 1000 50 -15
0 1011 0 1 171724 22 0 -15 -17 1285 1 1 0 1000 50 -15
0 1012 0 1 171747 23 0 -15 -17 1285 1 1 0 1000 50 -15
0 1011 0 1 171769 22 0 -15 -17 1285 1 1 0 1000 50 -15
0 1011 0 1 171792 23 0 -15 -17 1285 1 1 0 1000 50 -15
0 1011 0 1 171814 22 0 -15 -17 1285 1 1 0 1000 50 -15
0 1008 0 1 171837 23 0 -15 -17 1285 1 1 0 1000 50 -15
0 1012 0 1 171859 22 0 -15 -17 1285 1 1 0 1000 50 -15
0 1011 0 1 171882 23 0 -15 -17 1285 1 1 0 1000 50 -15
0 1010 0 1 171905 23 0 -15 -17 1285 1 1 0 1000 50 -15
0 1012 0 1 171927 22 0 -15 -17 1285 1 1 0 1000 50 -15
0 1011 0 1 171949 22 0 -15 -17 1285 1 1 0 1000 50 -15
0 1011 0 1 171971 22 0 -15 -17 1285 1 1 0 1000 50 -15
0 1011 0 1 171994 23 0 -15 -17 1285 1 1 0 1000 50 -15
0 1011 0 1 172016 22 0 -15 -17 1285 1 1 0 1000 50 -15
0 1012 0 1 172039 23 0 -15 -17 1285 1 1 0 1000 50 -15
0 1012 0 1 172061 22 0 -15 -17 1285 1 1 0 1000 50 -15
0 1010 0 1 172084 23 0 -15 -17 1285 1 1 0 1000 50 -15
0 1011 0 1 172106 22 0 -15 -17 1285 1 1 0 1000 50 -15
0 1012 0 1 172129 23 0 -15 -17 1285 1 1 0 1000 50 -15
0 1010 0 1 172151 22 0 -15 -17 1285 1 1 0 1000 50 -15
0 1011 0 1 172174 23 0 -15 -17 1285 1 1 0 1000 50 -15
0 1014 0 1 172196 22 0 -15 -17 1285 1 1 0 1000 50 -15
0 1009 0 1 172219 23 0 -15 -17 1285 1 1 0 1000 50 -15
0 1011 0 1 172241 22 0 -15 -17 1285 1 1 0 1000 50 -15
0 1014 0 1 172264 23 0 -15 -17 1285 1 1 0 1000 50 -15
0 1010 0 1 172286 22 0 -15 -17 1285 1 1 0 1000 50 -15
0 1012 0 1 172309 23 0 -15 -17 1285 1 1 0 1000 50 -15
0 1013 0 1 172331 22 0 -15 -17 1285 1 1 0 1000 50 -15
0 1004 0 1 172353 22 0 -15 -17 1285 1 1 0 1000 50 -15
0 1012 0 1 172376 23 0 -15 -17 1285 1 1 0 1000 50 -15
0 1010 0 1 172398 22 0 -15 -17 1285 1 1 0 1000 50 -15
0 1010 0 1 172421 23 0 -15 -17 1285 1 1 0 1000 50 -15
0 1012 0 1 172443 22 0 -15 -17 1285 1 1 0 1000 50 -15
0 1010 0 1 172466 23 0 -15 -17 1285 1 1 0 1000 50 -15
0 1007 0 1 172488 22 0 -15 -17 1285 1 1 0 1000 50 -15
0 1012 0 1 172511 23 0 -15 -17 1285 1 1 0 1000 50 -15
0 1011 0 1 172533 22 0 -15 -17 1285 1 1 0 1000 50 -15
0 1010 0 1 172556 23 0 -15 -17 1285 1 1 0 1000 50 -15
0 1013 0 1 172578 22 0 -15 -17 1285 1 1 0 1000 50 -15
0 1010 0 1 172601 23 0 -15 -17 1285 1 1 0 1000 50 -15
0 1012 0 1 172623 22 0 -15 -17 1285 1 1 0 1000 50 -15
0 1013 0 1 172646 23 0 -15 -17 1285 1 1 0 1000 50 -15
0 1010 0 1 172668 22 0 -15 -17 1285 1 1 0 1000 50 -15
0 1012 0 1 172690 22 0 -15 -17 1285 1 1 0 1000 50 -15
0 1016 0 1 172712 22 0 -15 -17 1285 1 1 0 1000 50 -15
0 1010 0 1 172735 23 0 -15 -17 1285 1 1 0 1000 50 -15
0 1010 0 1 172758 23 0 -15 -17 1285 1 1 0 1000 50 -15
0 1010 0 1 172780 22 0 -15 -17 1285 1 1 0 1000 50 -15
0 1009 0 1 172803 23 0 -15 -17 1285 1 1 0 1000 50 -15
0 1016 0 1 172825 22 0 -15 -17 1285 1 1 0 1000 50 -15
0 1010 0 1 172848 23 0 -15 -17 1285 1 1 0 1000 50 -15
0 1006 0 1 172870 22 0 -15 -17 1285 1 1 0 1000 50 -15
0 1010 0 1 172893 23 0 -15 -17 1285 1 1 0 1000 50 -15
0 1009 0 1 172915 22 0 -15 -17 1285 1 1 0 1000 50 -15
0 1006 0 1 172938 23 0 -15 -17 1285 1 1 0 1000 50 -15
0 1010 0 1 172960 22 0 -15 -17 1285 1 1 0 1000 50 -15
0 1008 0 1 172983 23 0 -15 -17 1285 1 1 0 1000 50 -15
0 1008 0 1 173005 22 0 -15 -17 1285 1 1 0 1000 50 -15
0 1010 0 1 173028 23 0 -15 -17 1285 1 1 0 1000 50 -15
0 1007 0 1 173050 22 0 -15 -17 1285 1 1 0 1000 50 -15
0 1008 0 1 173072 22 0 -15 -17 1285 1 1 0 1000 50 -15
0 1015 0 1 173094 22 0 -15 -17 1285 1 1 0 1000 50 -15
0 1008 0 1 173117 23 0 -15 -17 1285 1 1 0 1000 50 -15
0 1010 0 1 173139 22 0 -15 -17 1285 1 1 0 1000 50 -15
0 1012 0 1 173162 23 0 -15 -17 1285 1 1 0 1000 50 -15
0 1013 0 1 173185 23 0 -15 -17 1285 1 1 0 1000 50 -15
0 1009 0 1 173207 22 0 -15 -17 1285 1 1 0 1000 50 -15
0 1014 0 1 173230 23 0 -15 -17 1285 1 1 0 1000 50 -15
0 1008 0 1 173252 22 0 -15 -17 1285 1 1 0 1000 50 -15
0 1009 0 1 173275 23 0 -15 -17 1285 1 1 0 1000 50 -15
0 1010 0 1 173297 22 0 -15 -17 1285 1 1 0 1000 50 -15
0 1007 0 1 173320 23 0 -15 -17 1285 1 1 0 1000 50 -15
0 1011 0 1 173342 22 0 -15 -17 1285 1 1 0 1000 50 -15
0 1009 0 1 173365 23 0 -15 -17 1285 1 1 0 1000 50 -15
0 1003 0 1 173387 22 0 -15 -17 1285 1 1 0 1000 50 -15
0 1010 0 1 173410 23 0 -15 -17 1285 1 1 0 1000 50 -15
0 1010 0 1 173432 22 0 -15 -17 1285 1 1 0 1000 50 -15
0 1003 0 1 173455 23 0 -15 -17 1285 1 1 0 1000 50 -15
0 1011 0 1 173476 21 0 -15 -17 1285 1 1 0 1000 50 -15
0 1009 0 1 173499 23 0 -15 -17 1285 1 1 0 1000 50 -15
0 1007 0 1 173521 22 0 -15 -17 1285 1 1 0 1000 50 -15
0 1010 0 1 173544 23 0 -15 -17 1285 1 1 0 1000 50 -15
0 1007 0 1 173566 22 0 -15 -17 1285 1 1 0 1000 50 -15
0 1010 0 1 173589 23 0 -15 -17 1285 1 1 0 1000 50 -15
0 1016 0 1 173612 23 0 -15 -17 1285 1 1 0 1000 50 -15
0 1009 0 1 173634 22 0 -15 -17 1285 1 1 0 1000 50 -15
0 1009 0 1 173657 23 0 -15 -17 1285 1 1 0 1000 50 -15
0 1009 0 1 173679 22 0 -15 -17 1285 1 1 0 1000 50 -15
0 1008 0 1 173702 23 0 -15 -17 1285 1 1 0 1000 50 -15
0 1009 0 1 173724 22 0 -15 -17 1285 1 1 0 1000 50 -15
0 1011 0 1 173747 23 0 -15 -17 1285 1 1 0 1000 50 -15
0 1008 0 1 173769 22 0 -15 -17 1285 1 1 0 1000 50 -15
0 1010 0 1 173792 23 0 -15 -17 1285 1 1 0 1000 50 -15
0 1009 0 1 173814 22 0 -15 -17 1285 1 1 0 1000 50 -15
0 1007 0 1 173837 23 0 -15 -17 1285 1 1 0 1000 50 -15
0 1009 0 1 173858 21 0 -15 -17 1285 1 1 0 1000 50 -15
0 1008 0 1 173881 23 0 -15 -17 1285 1 1 0 1000 50 -15
0 1001 0 1 173903 22 0 -15 -17 1285 1 1 0 1000 50 -15
0 1010 0 1 173926 23 0 -15 -17 1285 1 1 0 1000 50 -15
0 1010 0 1 173948 22 0 -15 -17 1285 1 1 0 1000 50 -15
0 1006 0 1 173971 23 0 -15 -17 1285 1 1 0 1000 50 -15
0 1010 0 1 173993 22 0 -15 -17 1285 1 1 0 1000 50 -15
0 1009 0 1 174016 23 0 -15 -17 1285 1 1 0 1000 50 -15
0 1008 0 1 174039 23 0 -15 -17 1285 1 1 0 1000 50 -15
0 1010 0 1 174061 22 0 -15 -17 1285 1 1 0 1000 50 -15
0 1007 0 1 174084 23 0 -15 -17 1285 1 1 0 1000 50 -15
0 1009 0 1 174106 22 0 -15 -17 1285 1 1 0 1000 50 -15
0 1014 0 1 174129 23 0 -15 -17 1285 1 1 0 1000 50 -15
0 1007 0 1 174151 22 0 -15 -17 1285 1 1 0 1000 50 -15
0 1009 0 1 174174 23 0 -15 -17 1285 1 1 0 1000 50 -15
0 1023 0 1 174196 22 0 -15 -17 1285 1 1 0 1000 50 -15
0 1009 0 1 174218 22 0 -15 -17 1285 1 1 0 1000 50 -15
0 1010 0 1 174240 22 0 -15 -17 1285 1 1 0 1000 50 -15
0 1011 0 1 174263 23 0 -15 -17 1285 1 1 0 1000 50 -15
0 1008 0 1 174285 22 0 -15 -17 1285 1 1 0 1000 50 -15
0 1010 0 1 174308 23 0 -15 -17 1285 1 1 0 1000 50 -15
0 1006 0 1 174330 22 0 -15 -17 1285 1 1 0 1000 50 -15
0 1006 0 1 174353 23 0 -15 -17 1285 1 1 0 1000 50 -15
0 1016 0 1 174375 22 0 -15 -17 1285 1 1 0 1000 50 -15
0 1009 0 1 174398 23 0 -15 -17 1285 1 1 0 1000 50 -15
0 1006 0 1 174420 22 0 -15 -17 1285 1 1 0 1000 50 -15
0 1010 0 1 174443 23 0 -15 -17 1285 1 1 0 1000 50 -15
0 1008 0 1 174466 23 0 -15 -17 1285 1 1 0 1000 50 -15
0 1004 0 1 174488 22 0 -15 -17 1285 1 1 0 1000 50 -15
0 1011 0 1 174511 23 0 -15 -17 1285 1 1 0 1000 50 -15
0 1009 0 1 174533 22 0 -15 -17 1285 1 1 0 1000 50 -15
0 1009 0 1 174555 22 0 -15 -17 1285 1 1 0 1000 50 -15
0 1009 0 1 174577 22 0 -15 -17 1285 1 1 0 1000 50 -15
0 1008 0 1 174600 23 0 -15 -17 1285 1 1 0 1000 50 -15
0 1008 0 1 174622 22 0 -15 -17 1285 1 1 0 1000 50 -15
0 1015 0 1 174645 23 0 -15 -17 1285 1 1 0 1000 50 -15
0 1008 0 1 174667 22 0 -15 -17 1285 1 1 0 1000 50 -15
0 1009 0 1 174690 23 0 -15 -17 1285 1 1 0 1000 50 -15
0 1016 0 1 174712 22 0 -15 -17 1285 1 1 0 1000 50 -15
0 1008 0 1 174735 23 0 -15 -17 1285 1 1 0 1000 50 -15
0 1010 0 1 174757 22 0 -15 -17 1285 1 1 0 1000 50 -15
0 1013 0 1 174780 23 0 -15 -17 1285 1 1 0 1000 50 -15
0 1009 0 1 174802 22 0 -15 -17 1285 1 1 0 1000 50 -15
0 1010 0 1 174825 23 0 -15 -17 1285 1 1 0 1000 50 -15
0 1017 0 1 174848 23 0 -15 -17 1285 1 1 0 1000 50 -15
0 1006 0 1 174870 22 0 -15 -17 1285 1 1 0 1000 50 -15
0 1011 0 1 174893 23 0 -15 -17 1285 1 1 0 1000 50 -15
0 1010 0 1 174914 21 0 -15 -17 1285 1 1 0 1000 50 -15
0 1006 0 1 174937 23 0 -15 -17 1285 1 1 0 1000 50 -15
0 1011 0 1 174959 22 0 -15 -17 1285 1 1 0 1000 50 -15
0 1009 0 1 174982 23 0 -15 -17 1285 1 1 0 1000 50 -15
0 1006 0 1 175004 22 0 -15 -17 1285 1 1 0 1000 50 -15
0 1011 0 1 175027 23 0 -15 -17 1285 1 1 0 1000 50 -15
0 1007 0 1 175049 22 0 -15 -17 1285 1 1 0 1000 50 -15
0 1009 0 1 175072 23 0 -15 -17 1285 1 1 0 1000 50 -15
0 1016 0 1 175094 22 0 -15 -17 1285 1 1 0 1000 50 -15
0 1006 0 1 175117 23 0 -15 -17 1285 1 1 0 1000 50 -15
0 1009 0 1 175139 22 0 -15 -17 1285 1 1 0 1000 50 -15
0 1015 0 1 175162 23 0 -15 -17 1285 1 1 0 1000 50 -15
0 1008 0 1 175184 22 0 -15 -17 1285 1 1 0 1000 50 -15
0 1009 0 1 175207 23 0 -15 -17 1285 1 1 0 1000 50 -15
0 1016 0 1 175229 22 0 -15 -17 1285 1 1 0 1000 50 -15
0 1008 0 1 175252 23 0 -15 -17 1285 1 1 0 1000 50 -15
0 1011 0 1 175273 21 0 -15 -17 1285 1 1 0 1000 50 -15
0 1021 0 1 175296 23 0 -15 -17 1285 1 1 0 1000 50 -15
0 1011 0 1 175319 23 0 -15 -17 1285 1 1 0 1000 50 -15
0 1008 0 1 175341 22 0 -15 -17 1285 1 1 0 1000 50 -15
0 1011 0 1 175364 23 0 -15 -17 1285 1 1 0 1000 50 -15
0 999 0 1 175386 22 0 -15 -17 1285 1 1 0 1000 50 -15
0 1011 0 1 175409 23 0 -15 -17 1285 1 1 0 1000 50 -15
0 1009 0 1 175431 22 0 -15 -17 1285 1 1 0 1000 50 -15
0 1006 0 1 175454 23 0 -15 -17 1285 1 1 0 1000 50 -15
0 1011 0 1 175476 22 0 -15 -17 1285 1 1 0 1000 50 -15
0 1009 0 1 175499 23 0 -15 -17 1285 1 1 0 1000 50 -15
0 1003 0 1 175521 22 0 -15 -17 1285 1 1 0 1000 50 -15
0 1010 0 1 175544 23 0 -15 -17 1285 1 1 0 1000 50 -15
0 1010 0 1 175566 22 0 -15 -17 1285 1 1 0 1000 50 -15
0 1010 0 1 175589 23 0 -15 -17 1285 1 1 0 1000 50 -15
0 1012 0 1 175610 21 0 -15 -17 1285 1 1 0 1000 50 -15
0 1008 0 1 175633 23 0 -15 -17 1285 1 1 0 1000 50 -15
0 1009 0 1 175655 22 0 -15 -17 1285 1 1 0 1000 50 -15
0 1015 0 1 175678 23 0 -15 -17 1285 1 1 0 1000 50 -15
0 1009 0 1 175700 22 0 -15 -17 1285 1 1 0 1000 50 -15
0 1010 0 1 175723 23 0 -15 -17 1285 1 1 0 1000 50 -15
0 1010 0 1 175746 23 0 -15 -17 1285 1 1 0 1000 50 -15
0 1008 0 1 175768 22 0 -15 -17 1285 1 1 0 1000 50 -15
0 1012 0 1 175791 23 0 -15 -17 1285 1 1 0 1000 50 -15
0 1023 0 1 175813 22 0 -15 -17 1285 1 1 0 1000 50 -15
0 1009 0 1 175836 23 0 -15 -17 1285 1 1 0 1000 50 -15
0 1011 0 1 175858 22 0 -15 -17 1285 1 1 0 1000 50 -15
0 1023 0 1 175881 23 0 -15 -17 1285 1 1 0 1000 50 -15
0 994 0 1 175903 22 0 -15 -17 1285 1 1 0 1000 50 -15
0 1011 0 1 175926 23 0 -15 -17 1285 1 1 0 1000 50 -15
0 1011 0 1 175948 22 0 -15 -17 1285 1 1 0 1000 50 -15
0 1007 0 1 175970 22 0 -15 -17 1285 1 1 0 1000 50 -15
0 1012 0 1 175992 22 0 -15 -17 1285 1 1 0 1000 50 -15
0 1005 0 1 176015 23 0 -15 -17 1285 1 1 0 1000 50 -15
0 1000 0 1 176037 22 0 -15 -17 1285 1 1 0 1000 50 -15
0 1010 0 1 176060 23 0 -15 -17 1285 1 1 0 1000 50 -15
0 1009 0 1 176082 22 0 -15 -17 1285 1 1 0 1000 50 -15
0 1003 0 1 176105 23 0 -15 -17 1285 1 1 0 1000 50 -15
0 1011 0 1 176128 23 0 -15 -17 1285 1 1 0 1000 50 -15
0 1007 0 1 176150 22 0 -15 -17 1285 1 1 0 1000 50 -15
0 1010 0 1 176173 23 0 -15 -17 1285 1 1 0 1000 50 -15
0 1016 0 1 176195 22 0 -15 -17 1285 1 1 0 1000 50 -15
0 1008 0 1 176218 23 0 -15 -17 1285 1 1 0 1000 50 -15
0 1010 0 1 176240 22 0 -15 -17 1285 1 1 0 1000 50 -15
0 1015 0 1 176263 23 0 -15 -17 1285 1 1 0 1000 50 -15
0 1008 0 1 176285 22 0 -15 -17 1285 1 1 0 1000 50 -15
0 1011 0 1 176307 22 0 -15 -17 1285 1 1 0 1000 50 -15
0 1023 0 1 176329 22 0 -15 -17 1285 1 1 0 1000 50 -15
0 1008 0 1 176352 23 0 -15 -17 1285 1 1 0 1000 50 -15
0 1011 0 1 176374 22 0 -15 -17 1285 1 1 0 1000 50 -15
0 1011 0 1 176397 23 0 -15 -17 1285 1 1 0 1000 50 -15
0 1005 0 1 176419 22 0 -15 -17 1285 1 1 0 1000 50 -15
0 1011 0 1 176442 23 0 -15 -17 1285 1 1 0 1000 50 -15
0 1008 0 1 176464 22 0 -15 -17 1285 1 1 0 1000 50 -15
0 1008 0 1 176487 23 0 -15 -17 1285 1 1 0 1000 50 -15
0 1011 0 1 176509 22 0 -15 -17 1285 1 1 0 1000 50 -15
0 1005 0 1 176532 23 0 -15 -17 1285 1 1 0 1000 50 -15
0 994 0 1 176555 23 0 -15 -17 1285 1 1 0 1000 50 -15
0 1011 0 1 176577 22 0 -15 -17 1285 1 1 0 1000 50 -15
0 1009 0 1 176600 23 0 -15 -17 1285 1 1 0 1000 50 -15
0 1007 0 1 176622 22 0 -15 -17 1285 1 1 0 1000 50 -15
0 1012 0 1 176644 22 0 -15 -17 1285 1 1 0 1000 50 -15
0 1006 0 1 176666 22 0 -15 -17 1285 1 1 0 1000 50 -15
0 1009 0 1 176689 23 0 -15 -17 1285 1 1 0 1000 50 -15
0 1015 0 1 176711 22 0 -15 -17 1285 1 1 0 1000 50 -15
0 1007 0 1 176734 23 0 -15 -17 1285 1 1 0 1000 50 -15
0 1010 0 1 176756 22 0 -15 -17 1285 1 1 0 1000 50 -15
0 1012 0 1 176779 23 0 -15 -17 1285 1 1 0 1000 50 -15
0 1008 0 1 176801 22 0 -15 -17 1285 1 1 0 1000 50 -15
0 1010 0 1 176824 23 0 -15 -17 1285 1 1 0 1000 50 -15
0 1013 0 1 176846 22 0 -15 -17 1285 1 1 0 1000 50 -15
0 1009 0 1 176869 23 0 -15 -17 1285 1 1 0 1000 50 -15
0 1011 0 1 176891 22 0 -15 -17 1285 1 1 0 1000 50 -15
0 1006 0 1 176914 23 0 -15 -17 1285 1 1 0 1000 50 -15
0 1008 0 1 176936 22 0 -15 -17 1285 1 1 0 1000 50 -15
0 1011 0 1 176959 23 0 -15 -17 1285 1 1 0 1000 50 -15
0 1018 0 1 176980 21 0 -15 -17 1285 1 1 0 1000 50 -15
0 1006 0 1 177003 23 0 -15 -17 1285 1 1 0 1000 50 -15
0 1011 0 1 177026 23 0 -15 -17 1285 1 1 0 1000 50 -15
0 1009 0 1 177048 22 0 -15 -17 1285 1 1 0 1000 50 -15
0 1002 0 1 177071 23 0 -15 -17 1285 1 1 0 1000 50 -15
0 1011 0 1 177093 22 0 -15 -17 1285 1 1 0 1000 50 -15
0 1008 0 1 177116 23 0 -15 -17 1285 1 1 0 1000 50 -15
0 1008 0 1 177138 22 0 -15 -17 1285 1 1 0 1000 50 -15
0 1011 0 1 177161 23 0 -15 -17 1285 1 1 0 1000 50 -15
0 1006 0 1 177183 22 0 -15 -17 1285 1 1 0 1000 50 -15
0 1009 0 1 177206 23 0 -15 -17 1285 1 1 0 1000 50 -15
0 1017 0 1 177228 22 0 -15 -17 1285 1 1 0 1000 50 -15
0 1009 0 1 177251 23 0 -15 -17 1285 1 1 0 1000 50 -15
0 1011 0 1 177273 22 0 -15 -17 1285 1 1 0 1000 50 -15
0 1016 0 1 177296 23 0 -15 -17 1285 1 1 0 1000 50 -15
0 1009 0 1 177318 22 0 -15 -17 1285 1 1 0 1000 50 -15
0 1010 0 1 177340 22 0 -15 -17 1285 1 1 0 1000 50 -15
0 1013 0 1 177362 22 0 -15 -17 1285 1 1 0 1000 50 -15
0 1009 0 1 177385 23 0 -15 -17 1285 1 1 0 1000 50 -15
0 1010 0 1 177408 23 0 -15 -17 1285 1 1 0 1000 50 -15
0 1010 0 1 177430 22 0 -15 -17 1285 1 1 0 1000 50 -15
0 999 0 1 177453 23 0 -15 -17 1285 1 1 0 1000 50 -15
0 1012 0 1 177475 22 0 -15 -17 1285 1 1 0 1000 50 -15
0 1009 0 1 177498 23 0 -15 -17 1285 1 1 0 1000 50 -15
0 1005 0 1 177520 22 0 -15 -17 1285 1 1 0 1000 50 -15
0 1011 0 1 177543 23 0 -15 -17 1285 1 1 0 1000 50 -15
0 1008 0 1 177565 22 0 -15 -17 1285 1 1 0 1000 50 -15
0 1004 0 1 177588 23 0 -15 -17 1285 1 1 0 1000 50 -15
0 1011 0 1 177610 22 0 -15 -17 1285 1 1 0 1000 50 -15
0 1006 0 1 177633 23 0 -15 -17 1285 1 1 0 1000 50 -15
0 1013 0 1 177655 22 0 -15 -17 1285 1 1 0 1000 50 -15
0 1012 0 1 177677 22 0 -15 -17 1285 1 1 0 1000 50 -15
0 1008 0 1 177699 22 0 -15 -17 1285 1 1 0 1000 50 -15
0 1009 0 1 177722 23 0 -15 -17 1285 1 1 0 1000 50 -15
0 1016 0 1 177744 22 0 -15 -17 1285 1 1 0 1000 50 -15
0 1010 0 1 177767 23 0 -15 -17 1285 1 1 0 1000 50 -15
0 1012 0 1 177789 22 0 -15 -17 1285 1 1 0 1000 50 -15
0 1016 0 1 177812 23 0 -15 -17 1285 1 1 0 1000 50 -15
0 1014 0 1 177835 23 0 -15 -17 1285 1 1 0 1000 50 -15
0 1011 0 1 177857 22 0 -15 -17 1285 1 1 0 1000 50 -15
0 1010 0 1 177880 23 0 -15 -17 1285 1 1 0 1000 50 -15
0 1009 0 1 177902 22 0 -15 -17 1285 1 1 0 1000 50 -15
0 1010 0 1 177925 23 0 -15 -17 1285 1 1 0 1000 50 -15
0 1011 0 1 177947 22 0 -15 -17 1285 1 1 0 1000 50 -15
0 999 0 1 177970 23 0 -15 -17 1285 1 1 0 1000 50 -15
0 1011 0 1 177992 22 0 -15 -17 1285 1 1 0 1000 50 -15
0 1010 0 1 178014 22 0 -15 -17 1285 1 1 0 1000 50 -15
0 1008 0 1 178036 22 0 -15 -17 1285 1 1 0 1000 50 -15
0 1011 0 1 178059 23 0 -15 -17 1285 1 1 0 1000 50 -15
0 1010 0 1 178081 22 0 -15 -17 1285 1 1 0 1000 50 -15
0 1003 0 1 178104 23 0 -15 -17 1285 1 1 0 1000 50 -15
0 1011 0 1 178126 22 0 -15 -17 1285 1 1 0 1000 50 -15
0 1009 0 1 178149 23 0 -15 -17 1285 1 1 0 1000 50 -15
0 1009 0 1 178171 22 0 -15 -17 1285 1 1 0 1000 50 -15
0 1008 0 1 178194 23 0 -15 -17 1285 1 1 0 1000 50 -15
0 1011 0 1 178216 22 0 -15 -17 1285 1 1 0 1000 50 -15
0 1009 0 1 178239 23 0 -15 -17 1285 1 1 0 1000 50 -15
0 1017 0 1 178262 23 0 -15 -17 1285 1 1 0 1000 50 -15
0 1009 0 1 178284 22 0 -15 -17 1285 1 1 0 1000 50 -15
0 1011 0 1 178307 23 0 -15 -17 1285 1 1 0 1000 50 -15
0 1016 0 1 178329 22 0 -15 -17 1285 1 1 0 1000 50 -15
0 1009 0 1 178352 23 0 -15 -17 1285 1 1 0 1000 50 -15
0 1013 0 1 178373 21 0 -15 -17 1285 1 1 0 1000 50 -15
0 1019 0 1 178396 23 0 -15 -17 1285 1 1 0 1000 50 -15
0 1015 0 1 178418 22 0 -15 -17 1285 1 1 0 1000 50 -15
0 1021 0 1 178441 23 0 -15 -17 1285 1 1 0 1000 50 -15
0 1023 0 1 178463 22 0 -15 -17 1285 1 1 0 1000 50 -15
