0 1018 0 1 112 22 0 1000 7000 0 1 1 0 1000 50 35000
0 1017 0 1 135 23 0 1000 7000 0 1 1 0 1000 50 35000
0 1017 0 1 157 22 0 1000 7000 0 1 1 0 1000 50 35000
0 1023 0 1 179 22 0 1000 7000 0 1 1 0 1000 50 35000
0 1018 0 1 201 22 0 1000 7000 0 1 1 0 1000 50 35000
0 1018 0 1 224 23 0 1000 7000 0 1 1 0 1000 50 35000
0 1022 0 1 246 22 0 1000 7000 0 1 1 0 1000 50 35000
0 1016 0 1 269 23 0 1000 7000 0 1 1 0 1000 50 35000
0 1018 0 1 291 22 0 1000 7000 0 1 1 0 1000 50 35000
0 1023 0 1 314 23 0 1000 7000 0 1 1 0 1000 50 35000
0 1016 0 1 336 22 0 1000 7000 0 1 1 0 1000 50 35000
0 1018 0 1 359 23 0 1000 7000 0 1 1 0 1000 50 35000
0 1020 0 1 381 22 0 1000 7000 0 1 1 0 1000 50 35000
0 1015 0 1 404 23 0 1000 7000 0 1 1 0 1000 50 35000
0 1020 0 1 427 23 0 1000 7000 0 1 1 0 1000 50 35000
0 1018 0 1 449 22 0 1000 7000 0 1 1 0 1000 50 35000
0 1014 0 1 472 23 0 1000 7000 0 1 1 0 1000 50 35000
0 1019 0 1 494 22 0 1000 7000 0 1 1 0 1000 50 35000
0 1017 0 1 517 23 0 1000 7000 0 1 1 0 1000 50 35000
0 1009 0 1 539 22 0 1000 7000 0 1 1 0 1000 50 35000
0 1019 0 1 562 23 0 1000 7000 0 1 1 0 1000 50 35000
0 1017 0 1 584 22 0 1000 7000 0 1 1 0 1000 50 35000
0 1017 0 1 607 23 0 1000 7000 0 1 1 0 1000 50 35000
0 1019 0 1 629 22 0 1000 7000 0 1 1 0 1000 50 35000
0 1016 0 1 652 23 0 1000 7000 0 1 1 0 1000 50 35000
0 1017 0 1 673 21 0 1000 7000 0 1 1 0 1000 50 35000
0 1023 0 1 696 23 0 1000 7000 0 1 1 0 1000 50 35000
0 1016 0 1 718 22 0 1000 7000 0 1 1 0 1000 50 35000
0 1018 0 1 741 23 0 1000 7000 0 1 1 0 1000 50 35000
0 1023 0 1 763 22 0 1000 7000 0 1 1 0 1000 50 35000
0 1016 0 1 786 23 0 1000 7000 0 1 1 0 1000 50 35000
0 1018 0 1 808 22 0 1000 7000 0 1 1 0 1000 50 35000
0 1017 0 1 831 23 0 1000 7000 0 1 1 0 1000 50 35000
0 1017 0 1 854 23 0 1000 7000 0 1 1 0 1000 50 35000
0 1019 0 1 876 22 0 1000 7000 0 1 1 0 1000 50 35000
0 1016 0 1 899 23 0 1000 7000 0 1 1 0 1000 50 35000
0 1005 0 1 921 22 0 1000 7000 0 1 1 0 1000 50 35000
0 1020 0 1 944 23 0 1000 7000 0 1 1 0 1000 50 35000
0 1016 0 1 966 22 0 1000 7000 0 1 1 0 1000 50 35000
0 1003 0 1 989 23 0 1000 7000 0 1 1 0 1000 50 35000
0 1019 0 1 1011 22 0 1000 7000 0 1 1 0 1000 50 35000
0 1016 0 1 1034 23 0 1000 7000 0 1 1 0 1000 50 35000
0 1013 0 1 1056 22 0 1000 7000 0 1 1 0 1000 50 35000
0 1019 0 1 1079 23 0 1000 7000 0 1 1 0 1000 50 35000
0 1016 0 1 1101 22 0 1000 7000 0 1 1 0 1000 50 35000
0 1014 0 1 1124 23 0 1000 7000 0 1 1 0 1000 50 35000
0 1023 0 1 1146 22 0 1000 7000 0 1 1 0 1000 50 35000
0 1016 0 1 1169 23 0 1000 7000 0 1 1 0 1000 50 35000
0 1019 0 1 1191 22 0 1000 7000 0 1 1 0 1000 50 35000
0 1023 0 1 1214 23 0 1000 7000 0 1 1 0 1000 50 35000
0 1016 0 1 1236 22 0 1000 7000 0 1 1 0 1000 50 35000
0 1018 0 1 1259 23 0 1000 7000 0 1 1 0 1000 50 35000
0 1020 0 1 1282 23 0 1000 7000 0 1 1 0 1000 50 35000
0 1016 0 1 1304 22 0 1000 7000 0 1 1 0 1000 50 35000
0 1023 0 1 1327 23 0 1000 7000 0 1 1 0 1000 50 35000
0 1018 0 1 1349 22 0 1000 7000 0 1 1 0 1000 50 35000
0 1013 0 1 1372 23 0 1000 7000 0 1 1 0 1000 50 35000
0 1016 0 1 1394 22 0 1000 7000 0 1 1 0 1000 50 35000
0 1016 0 1 1417 23 0 1000 7000 0 1 1 0 1000 50 35000
0 1008 0 1 1439 22 0 1000 7000 0 1 1 0 1000 50 35000
0 1019 0 1 1462 23 0 1000 7000 0 1 1 0 1000 50 35000
0 1016 0 1 1484 22 0 1000 7000 0 1 1 0 1000 50 35000
0 1016 0 1 1507 23 0 1000 7000 0 1 1 0 1000 50 35000
0 1020 0 1 1529 22 0 1000 7000 0 1 1 0 1000 50 35000
0 1015 0 1 1552 23 0 1000 7000 0 1 1 0 1000 50 35000
0 1017 0 1 1574 22 0 1000 7000 0 1 1 0 1000 50 35000
0 1021 0 1 1597 23 0 1000 7000 0 1 1 0 1000 50 35000
0 1015 0 1 1619 22 0 1000 7000 0 1 1 0 1000 50 35000
0 1018 0 1 1642 23 0 1000 7000 0 1 1 0 1000 50 35000
0 1023 0 1 1665 23 0 1000 7000 0 1 1 0 1000 50 35000
0 1014 0 1 1687 22 0 1000 7000 0 1 1 0 1000 50 35000
0 1018 0 1 1710 23 0 1000 7000 0 1 1 0 1000 50 35000
0 1018 0 1 1732 22 0 1000 7000 0 1 1 0 1000 50 35000
0 1004 0 1 1755 23 0 1000 7000 0 1 1 0 1000 50 35000
0 1019 0 1 1777 22 0 1000 7000 0 1 1 0 1000 50 35000
0 1016 0 1 1800 23 0 1000 7000 0 1 1 0 1000 50 35000
0 1011 0 1 1822 22 0 1000 7000 0 1 1 0 1000 50 35000
0 1019 0 1 1845 23 0 1000 7000 0 1 1 0 1000 50 35000
0 1017 0 1 1867 22 0 1000 7000 0 1 1 0 1000 50 35000
0 1012 0 1 1890 23 0 1000 7000 0 1 1 0 1000 50 35000
0 1018 0 1 1912 22 0 1000 7000 0 1 1 0 1000 50 35000
0 1014 0 1 1935 23 0 1000 7000 0 1 1 0 1000 50 35000
0 1013 0 1 1957 22 0 1000 7000 0 1 1 0 1000 50 35000
0 1023 0 1 1980 23 0 1000 7000 0 1 1 0 1000 50 35000
0 1016 0 1 2002 22 0 1000 7000 0 1 1 0 1000 50 35000
0 1017 0 1 2025 23 0 1000 7000 0 1 1 0 1000 50 35000
0 1019 0 1 2048 23 0 1000 7000 0 1 1 0 1000 50 35000
0 1016 0 1 2070 22 0 1000 7000 0 1 1 0 1000 50 35000
0 1018 0 1 2093 23 0 1000 7000 0 1 1 0 1000 50 35000
0 1020 0 1 2115 22 0 1000 7000 0 1 1 0 1000 50 35000
0 1016 0 1 2138 23 0 1000 7000 0 1 1 0 1000 50 35000
0 1019 0 1 2160 22 0 1000 7000 0 1 1 0 1000 50 35000
0 1017 0 1 2183 23 0 1000 7000 0 1 1 0 1000 50 35000
0 1003 0 1 2205 22 0 1000 7000 0 1 1 0 1000 50 35000
0 1019 0 1 2228 23 0 1000 7000 0 1 1 0 1000 50 35000
0 1016 0 1 2250 22 0 1000 7000 0 1 1 0 1000 50 35000
0 1009 0 1 2273 23 0 1000 7000 0 1 1 0 1000 50 35000
0 1019 0 1 2295 22 0 1000 7000 0 1 1 0 1000 50 35000
0 1017 0 1 2318 23 0 1000 7000 0 1 1 0 1000 50 35000
0 1017 0 1 2340 22 0 1000 7000 0 1 1 0 1000 50 35000
0 1020 0 1 2363 23 0 1000 7000 0 1 1 0 1000 50 35000
0 1016 0 1 2385 22 0 1000 7000 0 1 1 0 1000 50 35000
0 1016 0 1 2408 23 0 1000 7000 0 1 1 0 1000 50 35000
0 1020 0 1 2430 22 0 1000 7000 0 1 1 0 1000 50 35000
0 1016 0 1 2453 23 0 1000 7000 0 1 1 0 1000 50 35000
0 1018 0 1 2476 23 0 1000 7000 0 1 1 0 1000 50 35000
0 1022 0 1 2498 22 0 1000 7000 0 1 1 0 1000 50 35000
0 1017 0 1 2521 23 0 1000 7000 0 1 1 0 1000 50 35000
0 1017 0 1 2543 22 0 1000 7000 0 1 1 0 1000 50 35000
0 1018 0 1 2566 23 0 1000 7000 0 1 1 0 1000 50 35000
0 1007 0 1 2588 22 0 1000 7000 0 1 1 0 1000 50 35000
0 1020 0 1 2611 23 0 1000 7000 0 1 1 0 1000 50 35000
0 1018 0 1 2633 22 0 1000 7000 0 1 1 0 1000 50 35000
0 1013 0 1 2656 23 0 1000 7000 0 1 1 0 1000 50 35000
0 1019 0 1 2678 22 0 1000 7000 0 1 1 0 1000 50 35000
0 1017 0 1 2701 23 0 1000 7000 0 1 1 0 1000 50 35000
0 1014 0 1 2723 22 0 1000 7000 0 1 1 0 1000 50 35000
0 1018 0 1 2746 23 0 1000 7000 0 1 1 0 1000 50 35000
0 1016 0 1 2768 22 0 1000 7000 0 1 1 0 1000 50 35000
0 1023 0 1 2791 23 0 1000 7000 0 1 1 0 1000 50 35000
0 1023 0 1 2813 22 0 1000 7000 0 1 1 0 1000 50 35000
0 1018 0 1 2836 23 0 1000 7000 0 1 1 0 1000 50 35000
0 1006 0 1 2859 23 0 1000 7000 0 1 1 0 1000 50 35000
0 1018 0 1 2881 22 0 1000 7000 0 1 1 0 1000 50 35000
0 1019 0 1 2904 23 0 1000 7000 0 1 1 0 1000 50 35000
0 1018 0 1 2926 22 0 1000 7000 0 1 1 0 1000 50 35000
0 1019 0 1 2949 23 0 1000 7000 0 1 1 0 1000 50 35000
0 1017 0 1 2971 22 0 1000 7000 0 1 1 0 1000 50 35000
0 1020 0 1 2994 23 0 1000 7000 0 1 1 0 1000 50 35000
0 1015 0 1 3016 22 0 1000 7000 0 1 1 0 1000 50 35000
0 1018 0 1 3039 23 0 1000 7000 0 1 1 0 1000 50 35000
0 1023 0 1 3061 22 0 1000 7000 0 1 1 0 1000 50 35000
0 1017 0 1 3084 23 0 1000 7000 0 1 1 0 1000 50 35000
0 1011 0 1 3106 22 0 1000 7000 0 1 1 0 1000 50 35000
0 1019 0 1 3129 23 0 1000 7000 0 1 1 0 1000 50 35000
0 1017 0 1 3151 22 0 1000 7000 0 1 1 0 1000 50 35000
0 1017 0 1 3174 23 0 1000 7000 0 1 1 0 1000 50 35000
0 1021 0 1 3196 22 0 1000 7000 0 1 1 0 1000 50 35000
0 1016 0 1 3219 23 0 1000 7000 0 1 1 0 1000 50 35000
0 1018 0 1 3241 22 0 1000 7000 0 1 1 0 1000 50 35000
0 1022 0 1 3264 23 0 1000 7000 0 1 1 0 1000 50 35000
0 1015 0 1 3287 23 0 1000 7000 0 1 1 0 1000 50 35000
0 1020 0 1 3309 22 0 1000 7000 0 1 1 0 1000 50 35000
0 1021 0 1 3332 23 0 1000 7000 0 1 1 0 1000 50 35000
0 1016 0 1 3354 22 0 1000 7000 0 1 1 0 1000 50 35000
0 1018 0 1 3377 23 0 1000 7000 0 1 1 0 1000 50 35000
0 1020 0 1 3399 22 0 1000 7000 0 1 1 0 1000 50 35000
0 1005 0 1 3422 23 0 1000 7000 0 1 1 0 1000 50 35000
0 1016 0 1 3444 22 0 1000 7000 0 1 1 0 1000 50 35000
0 1017 0 1 3467 23 0 1000 7000 0 1 1 0 1000 50 35000
0 1011 0 1 3489 22 0 1000 7000 0 1 1 0 1000 50 35000
0 1015 0 1 3512 23 0 1000 7000 0 1 1 0 1000 50 35000
0 1017 0 1 3534 22 0 1000 7000 0 1 1 0 1000 50 35000
0 1012 0 1 3557 23 0 1000 7000 0 1 1 0 1000 50 35000
0 1018 0 1 3579 22 0 1000 7000 0 1 1 0 1000 50 35000
0 1015 0 1 3602 23 0 1000 7000 0 1 1 0 1000 50 35000
0 1016 0 1 3624 22 0 1000 7000 0 1 1 0 1000 50 35000
0 1023 0 1 3647 23 0 1000 7000 0 1 1 0 1000 50 35000
0 1021 0 1 3670 23 0 1000 7000 0 1 1 0 1000 50 35000
0 1017 0 1 3692 22 0 1000 7000 0 1 1 0 1000 50 35000
0 1023 0 1 3715 23 0 1000 7000 0 1 1 0 1000 50 35000
0 1019 0 1 3737 22 0 1000 7000 0 1 1 0 1000 50 35000
0 1019 0 1 3760 23 0 1000 7000 0 1 1 0 1000 50 35000
0 1019 0 1 3782 22 0 1000 7000 0 1 1 0 1000 50 35000
0 1016 0 1 3805 23 0 1000 7000 0 1 1 0 1000 50 35000
0 1020 0 1 3827 22 0 1000 7000 0 1 1 0 1000 50 35000
0 1011 0 1 3850 23 0 1000 7000 0 1 1 0 1000 50 35000
0 1014 0 1 3872 22 0 1000 7000 0 1 1 0 1000 50 35000
0 1023 0 1 3895 23 0 1000 7000 0 1 1 0 1000 50 35000
0 1017 0 1 3917 22 0 1000 7000 0 1 1 0 1000 50 35000
0 1011 0 1 3940 23 0 1000 7000 0 1 1 0 1000 50 35000
0 1019 0 1 3962 22 0 1000 7000 0 1 1 0 1000 50 35000
0 1017 0 1 3985 23 0 1000 7000 0 1 1 0 1000 50 35000
0 1017 0 1 4007 22 0 1000 7000 0 1 1 0 1000 50 35000
0 1022 0 1 4030 23 0 1000 7000 0 1 1 0 1000 50 35000
0 1015 0 1 4052 22 0 1000 7000 0 1 1 0 1000 50 35000
0 1015 0 1 4075 23 0 1000 7000 0 1 1 0 1000 50 35000
0 1016 0 1 4098 23 0 1000 7000 0 1 1 0 1000 50 35000
0 1016 0 1 4120 22 0 1000 7000 0 1 1 0 1000 50 35000
0 1018 0 1 4143 23 0 1000 7000 0 1 1 0 1000 50 35000
0 1021 0 1 4165 22 0 1000 7000 0 1 1 0 1000 50 35000
0 1017 0 1 4188 23 0 1000 7000 0 1 1 0 1000 50 35000
0 1017 0 1 4210 22 0 1000 7000 0 1 1 0 1000 50 35000
0 1020 0 1 4233 23 0 1000 7000 0 1 1 0 1000 50 35000
0 1008 0 1 4255 22 0 1000 7000 0 1 1 0 1000 50 35000
0 1019 0 1 4278 23 0 1000 7000 0 1 1 0 1000 50 35000
0 1017 0 1 4300 22 0 1000 7000 0 1 1 0 1000 50 35000
0 1009 0 1 4323 23 0 1000 7000 0 1 1 0 1000 50 35000
0 1017 0 1 4345 22 0 1000 7000 0 1 1 0 1000 50 35000
0 1017 0 1 4368 23 0 1000 7000 0 1 1 0 1000 50 35000
0 1012 0 1 4390 22 0 1000 7000 0 1 1 0 1000 50 35000
0 1019 0 1 4413 23 0 1000 7000 0 1 1 0 1000 50 35000
0 1016 0 1 4435 22 0 1000 7000 0 1 1 0 1000 50 35000
0 1017 0 1 4458 23 0 1000 7000 0 1 1 0 1000 50 35000
0 1022 0 1 4481 23 0 1000 7000 0 1 1 0 1000 50 35000
0 1016 0 1 4503 22 0 1000 7000 0 1 1 0 1000 50 35000
0 1017 0 1 4526 23 0 1000 7000 0 1 1 0 1000 50 35000
0 1023 0 1 4548 22 0 1000 7000 0 1 1 0 1000 50 35000
0 1015 0 1 4571 23 0 1000 7000 0 1 1 0 1000 50 35000
0 1018 0 1 4593 22 0 1000 7000 0 1 1 0 1000 50 35000
0 1014 0 1 4616 23 0 1000 7000 0 1 1 0 1000 50 35000
0 1015 0 1 4638 22 0 1000 7000 0 1 1 0 1000 50 35000
0 1019 0 1 4661 23 0 1000 7000 0 1 1 0 1000 50 35000
0 1013 0 1 4683 22 0 1000 7000 0 1 1 0 1000 50 35000
0 1014 0 1 4706 23 0 1000 7000 0 1 1 0 1000 50 35000
0 1019 0 1 4728 22 0 1000 7000 0 1 1 0 1000 50 35000
0 1017 0 1 4751 23 0 1000 7000 0 1 1 0 1000 50 35000
0 1012 0 1 4773 22 0 1000 7000 0 1 1 0 1000 50 35000
0 1019 0 1 4796 23 0 1000 7000 0 1 1 0 1000 50 35000
0 1016 0 1 4818 22 0 1000 7000 0 1 1 0 1000 50 35000
0 1013 0 1 4841 23 0 1000 7000 0 1 1 0 1000 50 35000
0 1023 0 1 4864 23 0 1000 7000 0 1 1 0 1000 50 35000
0 1017 0 1 4886 22 0 1000 7000 0 1 1 0 1000 50 35000
0 1017 0 1 4909 23 0 1000 7000 0 1 1 0 1000 50 35000
0 1023 0 1 4931 22 0 1000 7000 0 1 1 0 1000 50 35000
0 1017 0 1 4954 23 0 1000 7000 0 1 1 0 1000 50 35000
0 1017 0 1 4976 22 0 1000 7000 0 1 1 0 1000 50 35000
0 1022 0 1 4999 23 0 1000 7000 0 1 1 0 1000 50 35000
0 1015 0 1 5021 22 0 1000 7000 0 1 1 0 1000 50 35000
0 1019 0 1 5044 23 0 1000 7000 0 1 1 0 1000 50 35000
0 1023 0 1 5066 22 0 1000 7000 0 1 1 0 1000 50 35000
0 1011 0 1 5089 23 0 1000 7000 0 1 1 0 1000 50 35000
0 1017 0 1 5111 22 0 1000 7000 0 1 1 0 1000 50 35000
0 1013 0 1 5134 23 0 1000 7000 0 1 1 0 1000 50 35000
0 1010 0 1 5156 22 0 1000 7000 0 1 1 0 1000 50 35000
0 1016 0 1 5179 23 0 1000 7000 0 1 1 0 1000 50 35000
0 1016 0 1 5201 22 0 1000 7000 0 1 1 0 1000 50 35000
0 1014 0 1 5224 23 0 1000 7000 0 1 1 0 1000 50 35000
0 1016 0 1 5246 22 0 1000 7000 0 1 1 0 1000 50 35000
0 1016 0 1 5269 23 0 1000 7000 0 1 1 0 1000 50 35000
0 1018 0 1 5292 23 0 1000 7000 0 1 1 0 1000 50 35000
0 1021 0 1 5314 22 0 1000 7000 0 1 1 0 1000 50 35000
0 1014 0 1 5337 23 0 1000 7000 0 1 1 0 1000 50 35000
0 1017 0 1 5359 22 0 1000 7000 0 1 1 0 1000 50 35000
0 1022 0 1 5382 23 0 1000 7000 0 1 1 0 1000 50 35000
0 1016 0 1 5404 22 0 1000 7000 0 1 1 0 1000 50 35000
0 1018 0 1 5427 23 0 1000 7000 0 1 1 0 1000 50 35000
0 1017 0 1 5449 22 0 1000 7000 0 1 1 0 1000 50 35000
0 1013 0 1 5472 23 0 1000 7000 0 1 1 0 1000 50 35000
0 1019 0 1 5494 22 0 1000 7000 0 1 1 0 1000 50 35000
0 1018 0 1 5517 23 0 1000 7000 0 1 1 0 1000 50 35000
0 1011 0 1 5539 22 0 1000 7000 0 1 1 0 1000 50 35000
0 1019 0 1 5562 23 0 1000 7000 0 1 1 0 1000 50 35000
0 1017 0 1 5584 22 0 1000 7000 0 1 1 0 1000 50 35000
0 1015 0 1 5607 23 0 1000 7000 0 1 1 0 1000 50 35000
0 1017 0 1 5629 22 0 1000 7000 0 1 1 0 1000 50 35000
0 1016 0 1 5652 23 0 1000 7000 0 1 1 0 1000 50 35000
0 1015 0 1 5675 23 0 1000 7000 0 1 1 0 1000 50 35000
0 1023 0 1 5697 22 0 1000 7000 0 1 1 0 1000 50 35000
0 1018 0 1 5720 23 0 1000 7000 0 1 1 0 1000 50 35000
0 1023 0 1 5742 22 0 1000 7000 0 1 1 0 1000 50 35000
0 1023 0 1 5765 23 0 1000 7000 0 1 1 0 1000 50 35000
0 1014 0 1 5787 22 0 1000 7000 0 1 1 0 1000 50 35000
0 1018 0 1 5810 23 0 1000 7000 0 1 1 0 1000 50 35000
0 1020 0 1 5832 22 0 1000 7000 0 1 1 0 1000 50 35000
0 1016 0 1 5855 23 0 1000 7000 0 1 1 0 1000 50 35000
0 1019 0 1 5877 22 0 1000 7000 0 1 1 0 1000 50 35000
0 1018 0 1 5900 23 0 1000 7000 0 1 1 0 1000 50 35000
0 1013 0 1 5922 22 0 1000 7000 0 1 1 0 1000 50 35000
0 1018 0 1 5945 23 0 1000 7000 0 1 1 0 1000 50 35000
0 1022 0 1 5967 22 0 1000 7000 0 1 1 0 1000 50 35000
0 1010 0 1 5990 23 0 1000 7000 0 1 1 0 1000 50 35000
0 1019 0 1 6012 22 0 1000 7000 0 1 1 0 1000 50 35000
0 1017 0 1 6035 23 0 1000 7000 0 1 1 0 1000 50 35000
0 1012 0 1 6057 22 0 1000 7000 0 1 1 0 1000 50 35000
0 1023 0 1 6080 23 0 1000 7000 0 1 1 0 1000 50 35000
0 1016 0 1 6103 23 0 1000 7000 0 1 1 0 1000 50 35000
0 1003 0 1 6125 22 0 1000 7000 0 1 1 0 1000 50 35000
0 1022 0 1 6148 23 0 1000 7000 0 1 1 0 1000 50 35000
0 1016 0 1 6170 22 0 1000 7000 0 1 1 0 1000 50 35000
0 1018 0 1 6194 24 0 1000 7000 0 1 1 0 1000 50 35000
0 1022 0 1 6216 22 0 1000 7000 0 1 1 0 1000 50 35000
0 1017 0 1 6239 23 0 1000 7000 0 1 1 0 1000 50 35000
0 1018 0 1 6261 22 0 1000 7000 0 1 1 0 1000 50 35000
0 1023 0 1 6284 23 0 1000 7000 0 1 1 0 1000 50 35000
0 1010 0 1 6306 22 0 1000 7000 0 1 1 0 1000 50 35000
0 1018 0 1 6329 23 0 1000 7000 0 1 1 0 1000 50 35000
0 1016 0 1 6351 22 0 1000 7000 0 1 1 0 1000 50 35000
0 1011 0 1 6374 23 0 1000 7000 0 1 1 0 1000 50 35000
0 1018 0 1 6396 22 0 1000 7000 0 1 1 0 1000 50 35000
0 1018 0 1 6419 23 0 1000 7000 0 1 1 0 1000 50 35000
0 1015 0 1 6441 22 0 1000 7000 0 1 1 0 1000 50 35000
0 1019 0 1 6464 23 0 1000 7000 0 1 1 0 1000 50 35000
0 1015 0 1 6487 23 0 1000 7000 0 1 1 0 1000 50 35000
0 1017 0 1 6509 22 0 1000 7000 0 1 1 0 1000 50 35000
0 1022 0 1 6532 23 0 1000 7000 0 1 1 0 1000 50 35000
0 1016 0 1 6554 22 0 1000 7000 0 1 1 0 1000 50 35000
0 1017 0 1 6577 23 0 1000 7000 0 1 1 0 1000 50 35000
0 1017 0 1 6599 22 0 1000 7000 0 1 1 0 1000 50 35000
0 1015 0 1 6622 23 0 1000 7000 0 1 1 0 1000 50 35000
0 1017 0 1 6644 22 0 1000 7000 0 1 1 0 1000 50 35000
0 1020 0 1 6667 23 0 1000 7000 0 1 1 0 1000 50 35000
0 1014 0 1 6689 22 0 1000 7000 0 1 1 0 1000 50 35000
0 1018 0 1 6712 23 0 1000 7000 0 1 1 0 1000 50 35000
0 1023 0 1 6734 22 0 1000 7000 0 1 1 0 1000 50 35000
0 1012 0 1 6757 23 0 1000 7000 0 1 1 0 1000 50 35000
0 1019 0 1 6779 22 0 1000 7000 0 1 1 0 1000 50 35000
0 1016 0 1 6802 23 0 1000 7000 0 1 1 0 1000 50 35000
0 1012 0 1 6824 22 0 1000 7000 0 1 1 0 1000 50 35000
0 1017 0 1 6847 23 0 1000 7000 0 1 1 0 1000 50 35000
0 1016 0 1 6870 23 0 1000 7000 0 1 1 0 1000 50 35000
0 1016 0 1 6892 22 0 1000 7000 0 1 1 0 1000 50 35000
0 1023 0 1 6915 23 0 1000 7000 0 1 1 0 1000 50 35000
0 1017 0 1 6937 22 0 1000 7000 0 1 1 0 1000 50 35000
0 1016 0 1 6960 23 0 1000 7000 0 1 1 0 1000 50 35000
0 1023 0 1 6982 22 0 1000 7000 0 1 1 0 1000 50 35000
0 1016 0 1 7005 23 0 1000 7000 0 1 1 0 1000 50 35000
0 1018 0 1 7027 22 0 1000 7000 0 1 1 0 1000 50 35000
0 1023 0 1 7050 23 0 1000 7000 0 1 1 0 1000 50 35000
0 1016 0 1 7072 22 0 1000 7000 0 1 1 0 1000 50 35000
0 1019 0 1 7095 23 0 1000 7000 0 1 1 0 1000 50 35000
0 1017 0 1 7117 22 0 1000 7000 0 1 1 0 1000 50 35000
0 1013 0 1 7140 23 0 1000 7000 0 1 1 0 1000 50 35000
0 1016 0 1 7162 22 0 1000 7000 0 1 1 0 1000 50 35000
0 1016 0 1 7185 23 0 1000 7000 0 1 1 0 1000 50 35000
0 1012 0 1 7207 22 0 1000 7000 0 1 1 0 1000 50 35000
0 1018 0 1 7230 23 0 1000 7000 0 1 1 0 1000 50 35000
0 1016 0 1 7252 22 0 1000 7000 0 1 1 0 1000 50 35000
0 1016 0 1 7275 23 0 1000 7000 0 1 1 0 1000 50 35000
0 1020 0 1 7298 23 0 1000 7000 0 1 1 0 1000 50 35000
0 1015 0 1 7320 22 0 1000 7000 0 1 1 0 1000 50 35000
0 1017 0 1 7343 23 0 1000 7000 0 1 1 0 1000 50 35000
0 1022 0 1 7365 22 0 1000 7000 0 1 1 0 1000 50 35000
0 1017 0 1 7388 23 0 1000 7000 0 1 1 0 1000 50 35000
0 1017 0 1 7410 22 0 1000 7000 0 1 1 0 1000 50 35000
0 1020 0 1 7433 23 0 1000 7000 0 1 1 0 1000 50 35000
0 1015 0 1 7455 22 0 1000 7000 0 1 1 0 1000 50 35000
0 1018 0 1 7478 23 0 1000 7000 0 1 1 0 1000 50 35000
0 1018 0 1 7500 22 0 1000 7000 0 1 1 0 1000 50 35000
0 1006 0 1 7523 23 0 1000 7000 0 1 1 0 1000 50 35000
0 1017 0 1 7545 22 0 1000 7000 0 1 1 0 1000 50 35000
0 1017 0 1 7568 23 0 1000 7000 0 1 1 0 1000 50 35000
0 1009 0 1 7590 22 0 1000 7000 0 1 1 0 1000 50 35000
0 1018 0 1 7613 23 0 1000 7000 0 1 1 0 1000 50 35000
0 1016 0 1 7635 22 0 1000 7000 0 1 1 0 1000 50 35000
0 1016 0 1 7658 23 0 1000 7000 0 1 1 0 1000 50 35000
0 1018 0 1 7681 23 0 1000 7000 0 1 1 0 1000 50 35000
0 1013 0 1 7703 22 0 1000 7000 0 1 1 0 1000 50 35000
0 1003 0 1 7726 23 0 1000 7000 0 1 1 0 1000 50 35000
0 1021 0 1 7748 22 0 1000 7000 0 1 1 0 1000 50 35000
0 1020 0 1 7771 23 0 1000 7000 0 1 1 0 1000 50 35000
0 1017 0 1 7793 22 0 1000 7000 0 1 1 0 1000 50 35000
0 1023 0 1 7816 23 0 1000 7000 0 1 1 0 1000 50 35000
0 1015 0 1 7838 22 0 1000 7000 0 1 1 0 1000 50 35000
0 1017 0 1 7861 23 0 1000 7000 0 1 1 0 1000 50 35000
0 1015 0 1 7883 22 0 1000 7000 0 1 1 0 1000 50 35000
0 1016 0 1 7906 23 0 1000 7000 0 1 1 0 1000 50 35000
0 1016 0 1 7928 22 0 1000 7000 0 1 1 0 1000 50 35000
0 1017 0 1 7951 23 0 1000 7000 0 1 1 0 1000 50 35000
0 1015 0 1 7973 22 0 1000 7000 0 1 1 0 1000 50 35000
0 1018 0 1 7996 23 0 1000 7000 0 1 1 0 1000 50 35000
0 1017 0 1 8018 22 0 1000 7000 0 1 1 0 1000 50 35000
0 1012 0 1 8041 23 0 1000 7000 0 1 1 0 1000 50 35000
0 1019 0 1 8064 23 0 1000 7000 0 1 1 0 1000 50 35000
0 1017 0 1 8086 22 0 1000 7000 0 1 1 0 1000 50 35000
0 1016 0 1 8109 23 0 1000 7000 0 1 1 0 1000 50 35000
0 1023 0 1 8131 22 0 1000 7000 0 1 1 0 1000 50 35000
0 1012 0 1 8154 23 0 1000 7000 0 1 1 0 1000 50 35000
0 1017 0 1 8176 22 0 1000 7000 0 1 1 0 1000 50 35000
0 1023 0 1 8199 23 0 1000 7000 0 1 1 0 1000 50 35000
0 1015 0 1 8221 22 0 1000 7000 0 1 1 0 1000 50 35000
0 1017 0 1 8244 23 0 1000 7000 0 1 1 0 1000 50 35000
0 1019 0 1 8266 22 0 1000 7000 0 1 1 0 1000 50 35000
0 1015 0 1 8289 23 0 1000 7000 0 1 1 0 1000 50 35000
0 1019 0 1 8311 22 0 1000 7000 0 1 1 0 1000 50 35000
0 1017 0 1 8334 23 0 1000 7000 0 1 1 0 1000 50 35000
0 1016 0 1 8356 22 0 1000 7000 0 1 1 0 1000 50 35000
0 1018 0 1 8379 23 0 1000 7000 0 1 1 0 1000 50 35000
0 1016 0 1 8401 22 0 1000 7000 0 1 1 0 1000 50 35000
0 1009 0 1 8424 23 0 1000 7000 0 1 1 0 1000 50 35000
0 1018 0 1 8446 22 0 1000 7000 0 1 1 0 1000 50 35000
0 1016 0 1 8469 23 0 1000 7000 0 1 1 0 1000 50 35000
0 1014 0 1 8492 23 0 1000 7000 0 1 1 0 1000 50 35000
0 1017 0 1 8514 22 0 1000 7000 0 1 1 0 1000 50 35000
0 1015 0 1 8537 23 0 1000 7000 0 1 1 0 1000 50 35000
0 1016 0 1 8559 22 0 1000 7000 0 1 1 0 1000 50 35000
0 1021 0 1 8582 23 0 1000 7000 0 1 1 0 1000 50 35000
0 1015 0 1 8604 22 0 1000 7000 0 1 1 0 1000 50 35000
0 1017 0 1 8627 23 0 1000 7000 0 1 1 0 1000 50 35000
0 1023 0 1 8649 22 0 1000 7000 0 1 1 0 1000 50 35000
0 1015 0 1 8672 23 0 1000 7000 0 1 1 0 1000 50 35000
0 1021 0 1 8694 22 0 1000 7000 0 1 1 0 1000 50 35000
0 1018 0 1 8717 23 0 1000 7000 0 1 1 0 1000 50 35000
0 1005 0 1 8739 22 0 1000 7000 0 1 1 0 1000 50 35000
0 1017 0 1 8762 23 0 1000 7000 0 1 1 0 1000 50 35000
0 1020 0 1 8784 22 0 1000 7000 0 1 1 0 1000 50 35000
0 1012 0 1 8807 23 0 1000 7000 0 1 1 0 1000 50 35000
0 1019 0 1 8829 22 0 1000 7000 0 1 1 0 1000 50 35000
0 1016 0 1 8852 23 0 1000 7000 0 1 1 0 1000 50 35000
0 1009 0 1 8875 23 0 1000 7000 0 1 1 0 1000 50 35000
0 1017 0 1 8897 22 0 1000 7000 0 1 1 0 1000 50 35000
0 1017 0 1 8920 23 0 1000 7000 0 1 1 0 1000 50 35000
0 1009 0 1 8942 22 0 1000 7000 0 1 1 0 1000 50 35000
0 1023 0 1 8965 23 0 1000 7000 0 1 1 0 1000 50 35000
0 1016 0 1 8987 22 0 1000 7000 0 1 1 0 1000 50 35000
0 1017 0 1 9010 23 0 1000 7000 0 1 1 0 1000 50 35000
0 1021 0 1 9032 22 0 1000 7000 0 1 1 0 1000 50 35000
0 1015 0 1 9055 23 0 1000 7000 0 1 1 0 1000 50 35000
0 1015 0 1 9077 22 0 1000 7000 0 1 1 0 1000 50 35000
0 1014 0 1 9100 23 0 1000 7000 0 1 1 0 1000 50 35000
0 1013 0 1 9122 22 0 1000 7000 0 1 1 0 1000 50 35000
0 1017 0 1 9145 23 0 1000 7000 0 1 1 0 1000 50 35000
0 1017 0 1 9167 22 0 1000 7000 0 1 1 0 1000 50 35000
0 1012 0 1 9190 23 0 1000 7000 0 1 1 0 1000 50 35000
0 1018 0 1 9212 22 0 1000 7000 0 1 1 0 1000 50 35000
0 1016 0 1 9235 23 0 1000 7000 0 1 1 0 1000 50 35000
0 1007 0 1 9257 22 0 1000 7000 0 1 1 0 1000 50 35000
0 1018 0 1 9280 23 0 1000 7000 0 1 1 0 1000 50 35000
0 1015 0 1 9303 23 0 1000 7000 0 1 1 0 1000 50 35000
0 1016 0 1 9325 22 0 1000 7000 0 1 1 0 1000 50 35000
0 1021 0 1 9348 23 0 1000 7000 0 1 1 0 1000 50 35000
0 1015 0 1 9370 22 0 1000 7000 0 1 1 0 1000 50 35000
0 1017 0 1 9393 23 0 1000 7000 0 1 1 0 1000 50 35000
0 1019 0 1 9415 22 0 1000 7000 0 1 1 0 1000 50 35000
0 1014 0 1 9438 23 0 1000 7000 0 1 1 0 1000 50 35000
0 1018 0 1 9460 22 0 1000 7000 0 1 1 0 1000 50 35000
0 1021 0 1 9483 23 0 1000 7000 0 1 1 0 1000 50 35000
0 1015 0 1 9505 22 0 1000 7000 0 1 1 0 1000 50 35000
0 1017 0 1 9528 23 0 1000 7000 0 1 1 0 1000 50 35000
0 1018 0 1 9550 22 0 1000 7000 0 1 1 0 1000 50 35000
0 1007 0 1 9573 23 0 1000 7000 0 1 1 0 1000 50 35000
0 1017 0 1 9595 22 0 1000 7000 0 1 1 0 1000 50 35000
0 1016 0 1 9618 23 0 1000 7000 0 1 1 0 1000 50 35000
0 1009 0 1 9640 22 0 1000 7000 0 1 1 0 1000 50 35000
0 1018 0 1 9663 23 0 1000 7000 0 1 1 0 1000 50 35000
0 1016 0 1 9686 23 0 1000 7000 0 1 1 0 1000 50 35000
0 1014 0 1 9708 22 0 1000 7000 0 1 1 0 1000 50 35000
0 1015 0 1 9731 23 0 1000 7000 0 1 1 0 1000 50 35000
0 1015 0 1 9753 22 0 1000 7000 0 1 1 0 1000 50 35000
0 1001 0 1 9776 23 0 1000 7000 0 1 1 0 1000 50 35000
0 1021 0 1 9798 22 0 1000 7000 0 1 1 0 1000 50 35000
0 1016 0 1 9821 23 0 1000 7000 0 1 1 0 1000 50 35000
0 1018 0 1 9843 22 0 1000 7000 0 1 1 0 1000 50 35000
0 1023 0 1 9866 23 0 1000 7000 0 1 1 0 1000 50 35000
0 1013 0 1 9888 22 0 1000 7000 0 1 1 0 1000 50 35000
0 1017 0 1 9911 23 0 1000 7000 0 1 1 0 1000 50 35000
0 1018 0 1 9933 22 0 1000 7000 0 1 1 0 1000 50 35000
0 1013 0 1 9957 24 0 1000 7000 0 1 1 0 1000 50 35000
0 1019 0 1 9979 22 0 1000 7000 0 1 1 0 1000 50 35000
0 1018 0 1 10002 23 0 1000 7000 0 1 1 0 1000 50 35000
0 1012 0 1 10024 22 0 1000 7000 0 1 1 0 1000 50 35000
0 1018 0 1 10047 23 0 1000 7000 0 1 1 0 1000 50 35000
0 1015 0 1 10070 23 0 1000 7000 0 1 1 0 1000 50 35000
0 1011 0 1 10092 22 0 1000 7000 0 1 1 0 1000 50 35000
0 1018 0 1 10115 23 0 1000 7000 0 1 1 0 1000 50 35000
0 1014 0 1 10137 22 0 1000 7000 0 1 1 0 1000 50 35000
0 1016 0 1 10160 23 0 1000 7000 0 1 1 0 1000 50 35000
0 1023 0 1 10182 22 0 1000 7000 0 1 1 0 1000 50 35000
0 1015 0 1 10205 23 0 1000 7000 0 1 1 0 1000 50 35000
0 1016 0 1 10227 22 0 1000 7000 0 1 1 0 1000 50 35000
0 1019 0 1 10250 23 0 1000 7000 0 1 1 0 1000 50 35000
0 1015 0 1 10272 22 0 1000 7000 0 1 1 0 1000 50 35000
0 1018 0 1 10295 23 0 1000 7000 0 1 1 0 1000 50 35000
0 1016 0 1 10317 22 0 1000 7000 0 1 1 0 1000 50 35000
0 1009 0 1 10340 23 0 1000 7000 0 1 1 0 1000 50 35000
0 1018 0 1 10362 22 0 1000 7000 0 1 1 0 1000 50 35000
0 1016 0 1 10385 23 0 1000 7000 0 1 1 0 1000 50 35000
0 1009 0 1 10407 22 0 1000 7000 0 1 1 0 1000 50 35000
0 1020 0 1 10431 24 0 1000 7000 0 1 1 0 1000 50 35000
0 1011 0 1 10454 23 0 1000 7000 0 1 1 0 1000 50 35000
0 1015 0 1 10476 22 0 1000 7000 0 1 1 0 1000 50 35000
0 1023 0 1 10499 23 0 1000 7000 0 1 1 0 1000 50 35000
0 1016 0 1 10521 22 0 1000 7000 0 1 1 0 1000 50 35000
0 1017 0 1 10544 23 0 1000 7000 0 1 1 0 1000 50 35000
0 1019 0 1 10566 22 0 1000 7000 0 1 1 0 1000 50 35000
0 1015 0 1 10589 23 0 1000 7000 0 1 1 0 1000 50 35000
0 1017 0 1 10611 22 0 1000 7000 0 1 1 0 1000 50 35000
0 1017 0 1 10634 23 0 1000 7000 0 1 1 0 1000 50 35000
0 1015 0 1 10656 22 0 1000 7000 0 1 1 0 1000 50 35000
0 1019 0 1 10679 23 0 1000 7000 0 1 1 0 1000 50 35000
0 1017 0 1 10701 22 0 1000 7000 0 1 1 0 1000 50 35000
0 1011 0 1 10724 23 0 1000 7000 0 1 1 0 1000 50 35000
0 1018 0 1 10746 22 0 1000 7000 0 1 1 0 1000 50 35000
0 1016 0 1 10769 23 0 1000 7000 0 1 1 0 1000 50 35000
0 1018 0 1 10791 22 0 1000 7000 0 1 1 0 1000 50 35000
0 1017 0 1 10814 23 0 1000 7000 0 1 1 0 1000 50 35000
0 1015 0 1 10836 22 0 1000 7000 0 1 1 0 1000 50 35000
0 1014 0 1 10859 23 0 1000 7000 0 1 1 0 1000 50 35000
0 1023 0 1 10883 24 0 1000 7000 0 1 1 0 1000 50 35000
0 1015 0 1 10905 22 0 1000 7000 0 1 1 0 1000 50 35000
0 1018 0 1 10928 23 0 1000 7000 0 1 1 0 1000 50 35000
0 1023 0 1 10950 22 0 1000 7000 0 1 1 0 1000 50 35000
0 1016 0 1 10973 23 0 1000 7000 0 1 1 0 1000 50 35000
0 1016 0 1 10995 22 0 1000 7000 0 1 1 0 1000 50 35000
0 1018 0 1 11018 23 0 1000 7000 0 1 1 0 1000 50 35000
0 1006 0 1 11040 22 0 1000 7000 0 1 1 0 1000 50 35000
0 1017 0 1 11063 23 0 1000 7000 0 1 1 0 1000 50 35000
0 1016 0 1 11085 22 0 1000 7000 0 1 1 0 1000 50 35000
0 1009 0 1 11108 23 0 1000 7000 0 1 1 0 1000 50 35000
0 1019 0 1 11130 22 0 1000 7000 0 1 1 0 1000 50 35000
0 1016 0 1 11153 23 0 1000 7000 0 1 1 0 1000 50 35000
0 1016 0 1 11175 22 0 1000 7000 0 1 1 0 1000 50 35000
0 1020 0 1 11198 23 0 1000 7000 0 1 1 0 1000 50 35000
0 1017 0 1 11220 22 0 1000 7000 0 1 1 0 1000 50 35000
0 1016 0 1 11243 23 0 1000 7000 0 1 1 0 1000 50 35000
0 1023 0 1 11266 23 0 1000 7000 0 1 1 0 1000 50 35000
0 1016 0 1 11288 22 0 1000 7000 0 1 1 0 1000 50 35000
0 1018 0 1 11312 24 0 1000 7000 0 1 1 0 1000 50 35000
0 1020 0 1 11334 22 0 1000 7000 0 1 1 0 1000 50 35000
0 1015 0 1 11357 23 0 1000 7000 0 1 1 0 1000 50 35000
0 1019 0 1 11379 22 0 1000 7000 0 1 1 0 1000 50 35000
0 1017 0 1 11402 23 0 1000 7000 0 1 1 0 1000 50 35000
0 1009 0 1 11424 22 0 1000 7000 0 1 1 0 1000 50 35000
0 1018 0 1 11447 23 0 1000 7000 0 1 1 0 1000 50 35000
0 1016 0 1 11469 22 0 1000 7000 0 1 1 0 1000 50 35000
0 1017 0 1 11492 23 0 1000 7000 0 1 1 0 1000 50 35000
0 1018 0 1 11514 22 0 1000 7000 0 1 1 0 1000 50 35000
0 1016 0 1 11537 23 0 1000 7000 0 1 1 0 1000 50 35000
0 1015 0 1 11559 22 0 1000 7000 0 1 1 0 1000 50 35000
0 1023 0 1 11582 23 0 1000 7000 0 1 1 0 1000 50 35000
0 1015 0 1 11604 22 0 1000 7000 0 1 1 0 1000 50 35000
0 1018 0 1 11627 23 0 1000 7000 0 1 1 0 1000 50 35000
0 1023 0 1 11650 23 0 1000 7000 0 1 1 0 1000 50 35000
0 1011 0 1 11672 22 0 1000 7000 0 1 1 0 1000 50 35000
0 1017 0 1 11695 23 0 1000 7000 0 1 1 0 1000 50 35000
0 1018 0 1 11717 22 0 1000 7000 0 1 1 0 1000 50 35000
0 1005 0 1 11741 24 0 1000 7000 0 1 1 0 1000 50 35000
0 1014 0 1 11763 22 0 1000 7000 0 1 1 0 1000 50 35000
0 1023 0 1 11786 23 0 1000 7000 0 1 1 0 1000 50 35000
0 1011 0 1 11808 22 0 1000 7000 0 1 1 0 1000 50 35000
0 1018 0 1 11831 23 0 1000 7000 0 1 1 0 1000 50 35000
0 1016 0 1 11853 22 0 1000 7000 0 1 1 0 1000 50 35000
0 1016 0 1 11876 23 0 1000 7000 0 1 1 0 1000 50 35000
0 1018 0 1 11898 22 0 1000 7000 0 1 1 0 1000 50 35000
0 1015 0 1 11921 23 0 1000 7000 0 1 1 0 1000 50 35000
0 1017 0 1 11943 22 0 1000 7000 0 1 1 0 1000 50 35000
0 1021 0 1 11966 23 0 1000 7000 0 1 1 0 1000 50 35000
0 1015 0 1 11988 22 0 1000 7000 0 1 1 0 1000 50 35000
0 1018 0 1 12011 23 0 1000 7000 0 1 1 0 1000 50 35000
0 1020 0 1 12034 23 0 1000 7000 0 1 1 0 1000 50 35000
0 1017 0 1 12056 22 0 1000 7000 0 1 1 0 1000 50 35000
0 1018 0 1 12079 23 0 1000 7000 0 1 1 0 1000 50 35000
0 1016 0 1 12101 22 0 1000 7000 0 1 1 0 1000 50 35000
0 1011 0 1 12124 23 0 1000 7000 0 1 1 0 1000 50 35000
0 1019 0 1 12146 22 0 1000 7000 0 1 1 0 1000 50 35000
0 1017 0 1 12170 24 0 1000 7000 0 1 1 0 1000 50 35000
0 1006 0 1 12192 22 0 1000 7000 0 1 1 0 1000 50 35000
0 1018 0 1 12215 23 0 1000 7000 0 1 1 0 1000 50 35000
0 1016 0 1 12237 22 0 1000 7000 0 1 1 0 1000 50 35000
0 1016 0 1 12260 23 0 1000 7000 0 1 1 0 1000 50 35000
0 1022 0 1 12282 22 0 1000 7000 0 1 1 0 1000 50 35000
0 1016 0 1 12305 23 0 1000 7000 0 1 1 0 1000 50 35000
0 1015 0 1 12327 22 0 1000 7000 0 1 1 0 1000 50 35000
0 1023 0 1 12350 23 0 1000 7000 0 1 1 0 1000 50 35000
0 1018 0 1 12372 22 0 1000 7000 0 1 1 0 1000 50 35000
0 1017 0 1 12395 23 0 1000 7000 0 1 1 0 1000 50 35000
0 1017 0 1 12418 23 0 1000 7000 0 1 1 0 1000 50 35000
0 1015 0 1 12440 22 0 1000 7000 0 1 1 0 1000 50 35000
0 1017 0 1 12463 23 0 1000 7000 0 1 1 0 1000 50 35000
0 1021 0 1 12485 22 0 1000 7000 0 1 1 0 1000 50 35000
0 1009 0 1 12508 23 0 1000 7000 0 1 1 0 1000 50 35000
0 1018 0 1 12530 22 0 1000 7000 0 1 1 0 1000 50 35000
0 1018 0 1 12553 23 0 1000 7000 0 1 1 0 1000 50 35000
0 1016 0 1 12575 22 0 1000 7000 0 1 1 0 1000 50 35000
0 1018 0 1 12599 24 0 1000 7000 0 1 1 0 1000 50 35000
0 1015 0 1 12621 22 0 1000 7000 0 1 1 0 1000 50 35000
0 1017 0 1 12644 23 0 1000 7000 0 1 1 0 1000 50 35000
0 1020 0 1 12666 22 0 1000 7000 0 1 1 0 1000 50 35000
0 1011 0 1 12689 23 0 1000 7000 0 1 1 0 1000 50 35000
0 1017 0 1 12711 22 0 1000 7000 0 1 1 0 1000 50 35000
0 1023 0 1 12734 23 0 1000 7000 0 1 1 0 1000 50 35000
0 1015 0 1 12756 22 0 1000 7000 0 1 1 0 1000 50 35000
0 1018 0 1 12779 23 0 1000 7000 0 1 1 0 1000 50 35000
0 1018 0 1 12802 23 0 1000 7000 0 1 1 0 1000 50 35000
0 1008 0 1 12824 22 0 1000 7000 0 1 1 0 1000 50 35000
0 1018 0 1 12847 23 0 1000 7000 0 1 1 0 1000 50 35000
0 1016 0 1 12869 22 0 1000 7000 0 1 1 0 1000 50 35000
0 1010 0 1 12892 23 0 1000 7000 0 1 1 0 1000 50 35000
0 1018 0 1 12914 22 0 1000 7000 0 1 1 0 1000 50 35000
0 1016 0 1 12937 23 0 1000 7000 0 1 1 0 1000 50 35000
0 1015 0 1 12959 22 0 1000 7000 0 1 1 0 1000 50 35000
0 1021 0 1 12982 23 0 1000 7000 0 1 1 0 1000 50 35000
0 1016 0 1 13004 22 0 1000 7000 0 1 1 0 1000 50 35000
0 1019 0 1 13028 24 0 1000 7000 0 1 1 0 1000 50 35000
0 1023 0 1 13050 22 0 1000 7000 0 1 1 0 1000 50 35000
0 1015 0 1 13073 23 0 1000 7000 0 1 1 0 1000 50 35000
0 1018 0 1 13095 22 0 1000 7000 0 1 1 0 1000 50 35000
0 1020 0 1 13118 23 0 1000 7000 0 1 1 0 1000 50 35000
0 1016 0 1 13140 22 0 1000 7000 0 1 1 0 1000 50 35000
0 1021 0 1 13163 23 0 1000 7000 0 1 1 0 1000 50 35000
0 1017 0 1 13186 23 0 1000 7000 0 1 1 0 1000 50 35000
0 1011 0 1 13208 22 0 1000 7000 0 1 1 0 1000 50 35000
0 1019 0 1 13231 23 0 1000 7000 0 1 1 0 1000 50 35000
0 1016 0 1 13253 22 0 1000 7000 0 1 1 0 1000 50 35000
0 1004 0 1 13276 23 0 1000 7000 0 1 1 0 1000 50 35000
0 1019 0 1 13298 22 0 1000 7000 0 1 1 0 1000 50 35000
0 1015 0 1 13321 23 0 1000 7000 0 1 1 0 1000 50 35000
0 1017 0 1 13343 22 0 1000 7000 0 1 1 0 1000 50 35000
0 1023 0 1 13366 23 0 1000 7000 0 1 1 0 1000 50 35000
0 1016 0 1 13388 22 0 1000 7000 0 1 1 0 1000 50 35000
0 1018 0 1 13411 23 0 1000 7000 0 1 1 0 1000 50 35000
0 1023 0 1 13433 22 0 1000 7000 0 1 1 0 1000 50 35000
0 1016 0 1 13456 23 0 1000 7000 0 1 1 0 1000 50 35000
0 1023 0 1 13479 23 0 1000 7000 0 1 1 0 1000 50 35000
0 1018 0 1 13502 23 0 1000 7000 0 1 1 0 1000 50 35000
0 1009 0 1 13524 22 0 1000 7000 0 1 1 0 1000 50 35000
0 1020 0 1 13547 23 0 1000 7000 0 1 1 0 1000 50 35000
0 1016 0 1 13570 23 0 1000 7000 0 1 1 0 1000 50 35000
0 1010 0 1 13592 22 0 1000 7000 0 1 1 0 1000 50 35000
0 1018 0 1 13615 23 0 1000 7000 0 1 1 0 1000 50 35000
0 1016 0 1 13637 22 0 1000 7000 0 1 1 0 1000 50 35000
0 1015 0 1 13660 23 0 1000 7000 0 1 1 0 1000 50 35000
0 1019 0 1 13682 22 0 1000 7000 0 1 1 0 1000 50 35000
0 1015 0 1 13705 23 0 1000 7000 0 1 1 0 1000 50 35000
0 1016 0 1 13727 22 0 1000 7000 0 1 1 0 1000 50 35000
0 1021 0 1 13750 23 0 1000 7000 0 1 1 0 1000 50 35000
0 1015 0 1 13772 22 0 1000 7000 0 1 1 0 1000 50 35000
0 1017 0 1 13795 23 0 1000 7000 0 1 1 0 1000 50 35000
0 1021 0 1 13817 22 0 1000 7000 0 1 1 0 1000 50 35000
0 1016 0 1 13840 23 0 1000 7000 0 1 1 0 1000 50 35000
0 1019 0 1 13862 22 0 1000 7000 0 1 1 0 1000 50 35000
0 1020 0 1 13885 23 0 1000 7000 0 1 1 0 1000 50 35000
0 1013 0 1 13907 22 0 1000 7000 0 1 1 0 1000 50 35000
0 1018 0 1 13931 24 0 1000 7000 0 1 1 0 1000 50 35000
0 1023 0 1 13954 23 0 1000 7000 0 1 1 0 1000 50 35000
0 1009 0 1 13976 22 0 1000 7000 0 1 1 0 1000 50 35000
0 1019 0 1 13999 23 0 1000 7000 0 1 1 0 1000 50 35000
0 1015 0 1 14021 22 0 1000 7000 0 1 1 0 1000 50 35000
0 1016 0 1 14044 23 0 1000 7000 0 1 1 0 1000 50 35000
0 1023 0 1 14066 22 0 1000 7000 0 1 1 0 1000 50 35000
0 1016 0 1 14089 23 0 1000 7000 0 1 1 0 1000 50 35000
0 1005 0 1 14111 22 0 1000 7000 0 1 1 0 1000 50 35000
0 1023 0 1 14134 23 0 1000 7000 0 1 1 0 1000 50 35000
0 1018 0 1 14156 22 0 1000 7000 0 1 1 0 1000 50 35000
0 1017 0 1 14179 23 0 1000 7000 0 1 1 0 1000 50 35000
0 1017 0 1 14201 22 0 1000 7000 0 1 1 0 1000 50 35000
0 1016 0 1 14224 23 0 1000 7000 0 1 1 0 1000 50 35000
0 1018 0 1 14246 22 0 1000 7000 0 1 1 0 1000 50 35000
0 1017 0 1 14269 23 0 1000 7000 0 1 1 0 1000 50 35000
0 1012 0 1 14291 22 0 1000 7000 0 1 1 0 1000 50 35000
0 1021 0 1 14314 23 0 1000 7000 0 1 1 0 1000 50 35000
0 1016 0 1 14337 23 0 1000 7000 0 1 1 0 1000 50 35000
0 1012 0 1 14360 23 0 1000 7000 0 1 1 0 1000 50 35000
0 1019 0 1 14383 23 0 1000 7000 0 1 1 0 1000 50 35000
0 1017 0 1 14405 22 0 1000 7000 0 1 1 0 1000 50 35000
0 1007 0 1 14428 23 0 1000 7000 0 1 1 0 1000 50 35000
0 1021 0 1 14450 22 0 1000 7000 0 1 1 0 1000 50 35000
0 1015 0 1 14473 23 0 1000 7000 0 1 1 0 1000 50 35000
0 1020 0 1 14495 22 0 1000 7000 0 1 1 0 1000 50 35000
0 1022 0 1 14518 23 0 1000 7000 0 1 1 0 1000 50 35000
0 1016 0 1 14540 22 0 1000 7000 0 1 1 0 1000 50 35000
0 1018 0 1 14563 23 0 1000 7000 0 1 1 0 1000 50 35000
0 1017 0 1 14585 22 0 1000 7000 0 1 1 0 1000 50 35000
0 1008 0 1 14608 23 0 1000 7000 0 1 1 0 1000 50 35000
0 1018 0 1 14630 22 0 1000 7000 0 1 1 0 1000 50 35000
0 1017 0 1 14653 23 0 1000 7000 0 1 1 0 1000 50 35000
0 1008 0 1 14675 22 0 1000 7000 0 1 1 0 1000 50 35000
0 1018 0 1 14698 23 0 1000 7000 0 1 1 0 1000 50 35000
0 1014 0 1 14721 23 0 1000 7000 0 1 1 0 1000 50 35000
0 1020 0 1 14743 22 0 1000 7000 0 1 1 0 1000 50 35000
0 1021 0 1 14766 23 0 1000 7000 0 1 1 0 1000 50 35000
0 1014 0 1 14789 23 0 1000 7000 0 1 1 0 1000 50 35000
0 1017 0 1 14812 23 0 1000 7000 0 1 1 0 1000 50 35000
0 1022 0 1 14834 22 0 1000 7000 0 1 1 0 1000 50 35000
0 1015 0 1 14857 23 0 1000 7000 0 1 1 0 1000 50 35000
0 1017 0 1 14879 22 0 1000 7000 0 1 1 0 1000 50 35000
0 1019 0 1 14902 23 0 1000 7000 0 1 1 0 1000 50 35000
0 1014 0 1 14924 22 0 1000 7000 0 1 1 0 1000 50 35000
0 1018 0 1 14947 23 0 1000 7000 0 1 1 0 1000 50 35000
0 1009 0 1 14969 22 0 1000 7000 0 1 1 0 1000 50 35000
0 1014 0 1 14992 23 0 1000 7000 0 1 1 0 1000 50 35000
0 1018 0 1 15014 22 0 1000 7000 0 1 1 0 1000 50 35000
0 1016 0 1 15037 23 0 1000 7000 0 1 1 0 1000 50 35000
0 1012 0 1 15059 22 0 1000 7000 0 1 1 0 1000 50 35000
0 1017 0 1 15082 23 0 1000 7000 0 1 1 0 1000 50 35000
0 1015 0 1 15105 23 0 1000 7000 0 1 1 0 1000 50 35000
0 1015 0 1 15127 22 0 1000 7000 0 1 1 0 1000 50 35000
0 1023 0 1 15150 23 0 1000 7000 0 1 1 0 1000 50 35000
0 1016 0 1 15172 22 0 1000 7000 0 1 1 0 1000 50 35000
0 1018 0 1 15196 24 0 1000 7000 0 1 1 0 1000 50 35000
0 1023 0 1 15218 22 0 1000 7000 0 1 1 0 1000 50 35000
0 1017 0 1 15241 23 0 1000 7000 0 1 1 0 1000 50 35000
0 1018 0 1 15263 22 0 1000 7000 0 1 1 0 1000 50 35000
0 1018 0 1 15286 23 0 1000 7000 0 1 1 0 1000 50 35000
0 1003 0 1 15308 22 0 1000 7000 0 1 1 0 1000 50 35000
0 1018 0 1 15331 23 0 1000 7000 0 1 1 0 1000 50 35000
0 1017 0 1 15353 22 0 1000 7000 0 1 1 0 1000 50 35000
0 1008 0 1 15376 23 0 1000 7000 0 1 1 0 1000 50 35000
0 1017 0 1 15398 22 0 1000 7000 0 1 1 0 1000 50 35000
0 1016 0 1 15421 23 0 1000 7000 0 1 1 0 1000 50 35000
0 1012 0 1 15443 22 0 1000 7000 0 1 1 0 1000 50 35000
0 1018 0 1 15466 23 0 1000 7000 0 1 1 0 1000 50 35000
0 1014 0 1 15489 23 0 1000 7000 0 1 1 0 1000 50 35000
0 1016 0 1 15511 22 0 1000 7000 0 1 1 0 1000 50 35000
0 1022 0 1 15534 23 0 1000 7000 0 1 1 0 1000 50 35000
0 1014 0 1 15556 22 0 1000 7000 0 1 1 0 1000 50 35000
0 1017 0 1 15579 23 0 1000 7000 0 1 1 0 1000 50 35000
0 1023 0 1 15601 22 0 1000 7000 0 1 1 0 1000 50 35000
0 1012 0 1 15625 24 0 1000 7000 0 1 1 0 1000 50 35000
0 1019 0 1 15647 22 0 1000 7000 0 1 1 0 1000 50 35000
0 1017 0 1 15670 23 0 1000 7000 0 1 1 0 1000 50 35000
0 1011 0 1 15692 22 0 1000 7000 0 1 1 0 1000 50 35000
0 1018 0 1 15715 23 0 1000 7000 0 1 1 0 1000 50 35000
0 1015 0 1 15737 22 0 1000 7000 0 1 1 0 1000 50 35000
0 1008 0 1 15760 23 0 1000 7000 0 1 1 0 1000 50 35000
0 1018 0 1 15782 22 0 1000 7000 0 1 1 0 1000 50 35000
0 1015 0 1 15805 23 0 1000 7000 0 1 1 0 1000 50 35000
0 1013 0 1 15827 22 0 1000 7000 0 1 1 0 1000 50 35000
0 1023 0 1 15850 23 0 1000 7000 0 1 1 0 1000 50 35000
0 1014 0 1 15873 23 0 1000 7000 0 1 1 0 1000 50 35000
0 1016 0 1 15895 22 0 1000 7000 0 1 1 0 1000 50 35000
0 1023 0 1 15918 23 0 1000 7000 0 1 1 0 1000 50 35000
0 1014 0 1 15940 22 0 1000 7000 0 1 1 0 1000 50 35000
0 1015 0 1 15963 23 0 1000 7000 0 1 1 0 1000 50 35000
0 1017 0 1 15985 22 0 1000 7000 0 1 1 0 1000 50 35000
0 1014 0 1 16008 23 0 1000 7000 0 1 1 0 1000 50 35000
0 1019 0 1 16031 23 0 1000 7000 0 1 1 0 1000 50 35000
0 1015 0 1 16054 23 0 1000 7000 0 1 1 0 1000 50 35000
0 1010 0 1 16076 22 0 1000 7000 0 1 1 0 1000 50 35000
0 1016 0 1 16099 23 0 1000 7000 0 1 1 0 1000 50 35000
0 1016 0 1 16121 22 0 1000 7000 0 1 1 0 1000 50 35000
0 1012 0 1 16144 23 0 1000 7000 0 1 1 0 1000 50 35000
0 1019 0 1 16166 22 0 1000 7000 0 1 1 0 1000 50 35000
0 1014 0 1 16189 23 0 1000 7000 0 1 1 0 1000 50 35000
0 1016 0 1 16211 22 0 1000 7000 0 1 1 0 1000 50 35000
0 1022 0 1 16234 23 0 1000 7000 0 1 1 0 1000 50 35000
0 1015 0 1 16257 23 0 1000 7000 0 1 1 0 1000 50 35000
0 1017 0 1 16279 22 0 1000 7000 0 1 1 0 1000 50 35000
0 1023 0 1 16302 23 0 1000 7000 0 1 1 0 1000 50 35000
0 1015 0 1 16324 22 0 1000 7000 0 1 1 0 1000 50 35000
0 1018 0 1 16347 23 0 1000 7000 0 1 1 0 1000 50 35000
0 1020 0 1 16369 22 0 1000 7000 0 1 1 0 1000 50 35000
0 1005 0 1 16392 23 0 1000 7000 0 1 1 0 1000 50 35000
0 1018 0 1 16414 22 0 1000 7000 0 1 1 0 1000 50 35000
0 1016 0 1 16437 23 0 1000 7000 0 1 1 0 1000 50 35000
0 1008 0 1 16459 22 0 1000 7000 0 1 1 0 1000 50 35000
0 1019 0 1 16482 23 0 1000 7000 0 1 1 0 1000 50 35000
0 1011 0 1 16505 23 0 1000 7000 0 1 1 0 1000 50 35000
0 1015 0 1 16528 23 0 1000 7000 0 1 1 0 1000 50 35000
0 1023 0 1 16550 22 0 1000 7000 0 1 1 0 1000 50 35000
0 1015 0 1 16573 23 0 1000 7000 0 1 1 0 1000 50 35000
0 1016 0 1 16595 22 0 1000 7000 0 1 1 0 1000 50 35000
0 1023 0 1 16618 23 0 1000 7000 0 1 1 0 1000 50 35000
0 1014 0 1 16641 23 0 1000 7000 0 1 1 0 1000 50 35000
0 1017 0 1 16663 22 0 1000 7000 0 1 1 0 1000 50 35000
0 1021 0 1 16686 23 0 1000 7000 0 1 1 0 1000 50 35000
0 1015 0 1 16708 22 0 1000 7000 0 1 1 0 1000 50 35000
0 1016 0 1 16731 23 0 1000 7000 0 1 1 0 1000 50 35000
0 1017 0 1 16753 22 0 1000 7000 0 1 1 0 1000 50 35000
0 1011 0 1 16776 23 0 1000 7000 0 1 1 0 1000 50 35000
0 1018 0 1 16798 22 0 1000 7000 0 1 1 0 1000 50 35000
0 1016 0 1 16821 23 0 1000 7000 0 1 1 0 1000 50 35000
0 1010 0 1 16843 22 0 1000 7000 0 1 1 0 1000 50 35000
0 1020 0 1 16866 23 0 1000 7000 0 1 1 0 1000 50 35000
0 1016 0 1 16888 22 0 1000 7000 0 1 1 0 1000 50 35000
0 1012 0 1 16911 23 0 1000 7000 0 1 1 0 1000 50 35000
0 1023 0 1 16934 23 0 1000 7000 0 1 1 0 1000 50 35000
0 1011 0 1 16957 23 0 1000 7000 0 1 1 0 1000 50 35000
0 1017 0 1 16979 22 0 1000 7000 0 1 1 0 1000 50 35000
0 1023 0 1 17002 23 0 1000 7000 0 1 1 0 1000 50 35000
0 1015 0 1 17025 23 0 1000 7000 0 1 1 0 1000 50 35000
0 1017 0 1 17047 22 0 1000 7000 0 1 1 0 1000 50 35000
0 1017 0 1 17070 23 0 1000 7000 0 1 1 0 1000 50 35000
0 1002 0 1 17092 22 0 1000 7000 0 1 1 0 1000 50 35000
0 1017 0 1 17115 23 0 1000 7000 0 1 1 0 1000 50 35000
0 1017 0 1 17137 22 0 1000 7000 0 1 1 0 1000 50 35000
0 1008 0 1 17160 23 0 1000 7000 0 1 1 0 1000 50 35000
0 1018 0 1 17182 22 0 1000 7000 0 1 1 0 1000 50 35000
0 1016 0 1 17205 23 0 1000 7000 0 1 1 0 1000 50 35000
0 1022 0 1 17227 22 0 1000 7000 0 1 1 0 1000 50 35000
0 1018 0 1 17250 23 0 1000 7000 0 1 1 0 1000 50 35000
0 1014 0 1 17272 22 0 1000 7000 0 1 1 0 1000 50 35000
0 1015 0 1 17295 23 0 1000 7000 0 1 1 0 1000 50 35000
0 1019 0 1 17317 22 0 1000 7000 0 1 1 0 1000 50 35000
0 1015 0 1 17340 23 0 1000 7000 0 1 1 0 1000 50 35000
0 1020 0 1 17363 23 0 1000 7000 0 1 1 0 1000 50 35000
0 1021 0 1 17386 23 0 1000 7000 0 1 1 0 1000 50 35000
0 1016 0 1 17409 23 0 1000 7000 0 1 1 0 1000 50 35000
0 1018 0 1 17431 22 0 1000 7000 0 1 1 0 1000 50 35000
0 1017 0 1 17454 23 0 1000 7000 0 1 1 0 1000 50 35000
0 1009 0 1 17476 22 0 1000 7000 0 1 1 0 1000 50 35000
0 1021 0 1 17499 23 0 1000 7000 0 1 1 0 1000 50 35000
0 1015 0 1 17521 22 0 1000 7000 0 1 1 0 1000 50 35000
0 1008 0 1 17544 23 0 1000 7000 0 1 1 0 1000 50 35000
0 1018 0 1 17566 22 0 1000 7000 0 1 1 0 1000 50 35000
0 1015 0 1 17589 23 0 1000 7000 0 1 1 0 1000 50 35000
0 1015 0 1 17611 22 0 1000 7000 0 1 1 0 1000 50 35000
0 1023 0 1 17634 23 0 1000 7000 0 1 1 0 1000 50 35000
0 1015 0 1 17656 22 0 1000 7000 0 1 1 0 1000 50 35000
0 1016 0 1 17679 23 0 1000 7000 0 1 1 0 1000 50 35000
0 1023 0 1 17701 22 0 1000 7000 0 1 1 0 1000 50 35000
0 1014 0 1 17724 23 0 1000 7000 0 1 1 0 1000 50 35000
0 1016 0 1 17746 22 0 1000 7000 0 1 1 0 1000 50 35000
0 1018 0 1 17769 23 0 1000 7000 0 1 1 0 1000 50 35000
0 1011 0 1 17793 24 0 1000 7000 0 1 1 0 1000 50 35000
0 1018 0 1 17815 22 0 1000 7000 0 1 1 0 1000 50 35000
0 1017 0 1 17838 23 0 1000 7000 0 1 1 0 1000 50 35000
0 1010 0 1 17860 22 0 1000 7000 0 1 1 0 1000 50 35000
0 1018 0 1 17883 23 0 1000 7000 0 1 1 0 1000 50 35000
0 1016 0 1 17905 22 0 1000 7000 0 1 1 0 1000 50 35000
0 1010 0 1 17928 23 0 1000 7000 0 1 1 0 1000 50 35000
0 1018 0 1 17950 22 0 1000 7000 0 1 1 0 1000 50 35000
0 1019 0 1 17973 23 0 1000 7000 0 1 1 0 1000 50 35000
0 1003 0 1 17995 22 0 1000 7000 0 1 1 0 1000 50 35000
0 1021 0 1 18018 23 0 1000 7000 0 1 1 0 1000 50 35000
0 1015 0 1 18040 22 0 1000 7000 0 1 1 0 1000 50 35000
0 1018 0 1 18063 23 0 1000 7000 0 1 1 0 1000 50 35000
0 1023 0 1 18085 22 0 1000 7000 0 1 1 0 1000 50 35000
0 1014 0 1 18108 23 0 1000 7000 0 1 1 0 1000 50 35000
0 1017 0 1 18130 22 0 1000 7000 0 1 1 0 1000 50 35000
0 1018 0 1 18153 23 0 1000 7000 0 1 1 0 1000 50 35000
0 1003 0 1 18176 23 0 1000 7000 0 1 1 0 1000 50 35000
0 1019 0 1 18198 22 0 1000 7000 0 1 1 0 1000 50 35000
0 1023 0 1 18222 24 0 1000 7000 0 1 1 0 1000 50 35000
0 1007 0 1 18244 22 0 1000 7000 0 1 1 0 1000 50 35000
0 1018 0 1 18267 23 0 1000 7000 0 1 1 0 1000 50 35000
0 1016 0 1 18289 22 0 1000 7000 0 1 1 0 1000 50 35000
0 1015 0 1 18312 23 0 1000 7000 0 1 1 0 1000 50 35000
0 1021 0 1 18334 22 0 1000 7000 0 1 1 0 1000 50 35000
0 1013 0 1 18357 23 0 1000 7000 0 1 1 0 1000 50 35000
0 1017 0 1 18379 22 0 1000 7000 0 1 1 0 1000 50 35000
0 1021 0 1 18402 23 0 1000 7000 0 1 1 0 1000 50 35000
0 1014 0 1 18424 22 0 1000 7000 0 1 1 0 1000 50 35000
0 1016 0 1 18447 23 0 1000 7000 0 1 1 0 1000 50 35000
0 1019 0 1 18469 22 0 1000 7000 0 1 1 0 1000 50 35000
0 1015 0 1 18492 23 0 1000 7000 0 1 1 0 1000 50 35000
0 1019 0 1 18514 22 0 1000 7000 0 1 1 0 1000 50 35000
0 1016 0 1 18537 23 0 1000 7000 0 1 1 0 1000 50 35000
0 1013 0 1 18560 23 0 1000 7000 0 1 1 0 1000 50 35000
0 1018 0 1 18582 22 0 1000 7000 0 1 1 0 1000 50 35000
0 1016 0 1 18605 23 0 1000 7000 0 1 1 0 1000 50 35000
0 1011 0 1 18627 22 0 1000 7000 0 1 1 0 1000 50 35000
0 1018 0 1 18651 24 0 1000 7000 0 1 1 0 1000 50 35000
0 1016 0 1 18673 22 0 1000 7000 0 1 1 0 1000 50 35000
0 1012 0 1 18696 23 0 1000 7000 0 1 1 0 1000 50 35000
0 1023 0 1 18718 22 0 1000 7000 0 1 1 0 1000 50 35000
0 1015 0 1 18741 23 0 1000 7000 0 1 1 0 1000 50 35000
0 1021 0 1 18763 22 0 1000 7000 0 1 1 0 1000 50 35000
0 1023 0 1 18786 23 0 1000 7000 0 1 1 0 1000 50 35000
0 1015 0 1 18808 22 0 1000 7000 0 1 1 0 1000 50 35000
0 1017 0 1 18831 23 0 1000 7000 0 1 1 0 1000 50 35000
0 1019 0 1 18853 22 0 1000 7000 0 1 1 0 1000 50 35000
0 1004 0 1 18876 23 0 1000 7000 0 1 1 0 1000 50 35000
0 1018 0 1 18898 22 0 1000 7000 0 1 1 0 1000 50 35000
0 1017 0 1 18921 23 0 1000 7000 0 1 1 0 1000 50 35000
0 1008 0 1 18944 23 0 1000 7000 0 1 1 0 1000 50 35000
0 1017 0 1 18966 22 0 1000 7000 0 1 1 0 1000 50 35000
0 1016 0 1 18989 23 0 1000 7000 0 1 1 0 1000 50 35000
0 1011 0 1 19011 22 0 1000 7000 0 1 1 0 1000 50 35000
0 1019 0 1 19034 23 0 1000 7000 0 1 1 0 1000 50 35000
0 1016 0 1 19057 23 0 1000 7000 0 1 1 0 1000 50 35000
0 1016 0 1 19080 23 0 1000 7000 0 1 1 0 1000 50 35000
0 1022 0 1 19102 22 0 1000 7000 0 1 1 0 1000 50 35000
0 1014 0 1 19125 23 0 1000 7000 0 1 1 0 1000 50 35000
0 1017 0 1 19147 22 0 1000 7000 0 1 1 0 1000 50 35000
0 1018 0 1 19170 23 0 1000 7000 0 1 1 0 1000 50 35000
0 1016 0 1 19192 22 0 1000 7000 0 1 1 0 1000 50 35000
0 1018 0 1 19215 23 0 1000 7000 0 1 1 0 1000 50 35000
0 1019 0 1 19237 22 0 1000 7000 0 1 1 0 1000 50 35000
0 1011 0 1 19260 23 0 1000 7000 0 1 1 0 1000 50 35000
0 1017 0 1 19282 22 0 1000 7000 0 1 1 0 1000 50 35000
0 1016 0 1 19305 23 0 1000 7000 0 1 1 0 1000 50 35000
0 1010 0 1 19328 23 0 1000 7000 0 1 1 0 1000 50 35000
0 1018 0 1 19350 22 0 1000 7000 0 1 1 0 1000 50 35000
0 1017 0 1 19373 23 0 1000 7000 0 1 1 0 1000 50 35000
0 1015 0 1 19395 22 0 1000 7000 0 1 1 0 1000 50 35000
0 1022 0 1 19418 23 0 1000 7000 0 1 1 0 1000 50 35000
0 1016 0 1 19440 22 0 1000 7000 0 1 1 0 1000 50 35000
0 1017 0 1 19463 23 0 1000 7000 0 1 1 0 1000 50 35000
0 1023 0 1 19486 23 0 1000 7000 0 1 1 0 1000 50 35000
0 1015 0 1 19509 23 0 1000 7000 0 1 1 0 1000 50 35000
0 1017 0 1 19531 22 0 1000 7000 0 1 1 0 1000 50 35000
0 1018 0 1 19554 23 0 1000 7000 0 1 1 0 1000 50 35000
0 1014 0 1 19576 22 0 1000 7000 0 1 1 0 1000 50 35000
0 1018 0 1 19599 23 0 1000 7000 0 1 1 0 1000 50 35000
0 1016 0 1 19621 22 0 1000 7000 0 1 1 0 1000 50 35000
0 1012 0 1 19644 23 0 1000 7000 0 1 1 0 1000 50 35000
0 1018 0 1 19666 22 0 1000 7000 0 1 1 0 1000 50 35000
0 1016 0 1 19689 23 0 1000 7000 0 1 1 0 1000 50 35000
0 1014 0 1 19712 23 0 1000 7000 0 1 1 0 1000 50 35000
0 1020 0 1 19734 22 0 1000 7000 0 1 1 0 1000 50 35000
0 1011 0 1 19757 23 0 1000 7000 0 1 1 0 1000 50 35000
0 1017 0 1 19779 22 0 1000 7000 0 1 1 0 1000 50 35000
0 1020 0 1 19802 23 0 1000 7000 0 1 1 0 1000 50 35000
0 1015 0 1 19824 22 0 1000 7000 0 1 1 0 1000 50 35000
0 1017 0 1 19847 23 0 1000 7000 0 1 1 0 1000 50 35000
0 1023 0 1 19869 22 0 1000 7000 0 1 1 0 1000 50 35000
0 1016 0 1 19893 24 0 1000 7000 0 1 1 0 1000 50 35000
0 1016 0 1 19915 22 0 1000 7000 0 1 1 0 1000 50 35000
0 1013 0 1 19938 23 0 1000 7000 0 1 1 0 1000 50 35000
0 1006 0 1 19960 22 0 1000 7000 0 1 1 0 1000 50 35000
0 1018 0 1 19983 23 0 1000 7000 0 1 1 0 1000 50 35000
0 1016 0 1 20005 22 0 1000 7000 0 1 1 0 1000 50 35000
0 1009 0 1 20028 23 0 1000 7000 0 1 1 0 1000 50 35000
0 1018 0 1 20050 22 0 1000 7000 0 1 1 0 1000 50 35000
0 1012 0 1 20073 23 0 1000 7000 0 1 1 0 1000 50 35000
0 1015 0 1 20096 23 0 1000 7000 0 1 1 0 1000 50 35000
0 1015 0 1 20118 22 0 1000 7000 0 1 1 0 1000 50 35000
0 1015 0 1 20141 23 0 1000 7000 0 1 1 0 1000 50 35000
0 1021 0 1 20163 22 0 1000 7000 0 1 1 0 1000 50 35000
0 1021 0 1 20186 23 0 1000 7000 0 1 1 0 1000 50 35000
0 1011 0 1 20208 22 0 1000 7000 0 1 1 0 1000 50 35000
0 1017 0 1 20231 23 0 1000 7000 0 1 1 0 1000 50 35000
0 1020 0 1 20253 22 0 1000 7000 0 1 1 0 1000 50 35000
0 1015 0 1 20276 23 0 1000 7000 0 1 1 0 1000 50 35000
0 1020 0 1 20298 22 0 1000 7000 0 1 1 0 1000 50 35000
0 1017 0 1 20322 24 0 1000 7000 0 1 1 0 1000 50 35000
0 1013 0 1 20344 22 0 1000 7000 0 1 1 0 1000 50 35000
0 1018 0 1 20367 23 0 1000 7000 0 1 1 0 1000 50 35000
0 1016 0 1 20389 22 0 1000 7000 0 1 1 0 1000 50 35000
0 1010 0 1 20412 23 0 1000 7000 0 1 1 0 1000 50 35000
0 1017 0 1 20434 22 0 1000 7000 0 1 1 0 1000 50 35000
0 1015 0 1 20457 23 0 1000 7000 0 1 1 0 1000 50 35000
0 1015 0 1 20480 23 0 1000 7000 0 1 1 0 1000 50 35000
0 1023 0 1 20502 22 0 1000 7000 0 1 1 0 1000 50 35000
0 1015 0 1 20525 23 0 1000 7000 0 1 1 0 1000 50 35000
0 1017 0 1 20547 22 0 1000 7000 0 1 1 0 1000 50 35000
0 1023 0 1 20570 23 0 1000 7000 0 1 1 0 1000 50 35000
0 1014 0 1 20592 22 0 1000 7000 0 1 1 0 1000 50 35000
0 1017 0 1 20615 23 0 1000 7000 0 1 1 0 1000 50 35000
0 1016 0 1 20637 22 0 1000 7000 0 1 1 0 1000 50 35000
0 1005 0 1 20660 23 0 1000 7000 0 1 1 0 1000 50 35000
0 1018 0 1 20682 22 0 1000 7000 0 1 1 0 1000 50 35000
0 1017 0 1 20705 23 0 1000 7000 0 1 1 0 1000 50 35000
0 1010 0 1 20727 22 0 1000 7000 0 1 1 0 1000 50 35000
0 1019 0 1 20751 24 0 1000 7000 0 1 1 0 1000 50 35000
0 1016 0 1 20773 22 0 1000 7000 0 1 1 0 1000 50 35000
0 1006 0 1 20796 23 0 1000 7000 0 1 1 0 1000 50 35000
0 1018 0 1 20818 22 0 1000 7000 0 1 1 0 1000 50 35000
0 1014 0 1 20841 23 0 1000 7000 0 1 1 0 1000 50 35000
0 1017 0 1 20864 23 0 1000 7000 0 1 1 0 1000 50 35000
0 1021 0 1 20886 22 0 1000 7000 0 1 1 0 1000 50 35000
0 1018 0 1 20909 23 0 1000 7000 0 1 1 0 1000 50 35000
0 1011 0 1 20931 22 0 1000 7000 0 1 1 0 1000 50 35000
0 1022 0 1 20954 23 0 1000 7000 0 1 1 0 1000 50 35000
0 1018 0 1 20976 22 0 1000 7000 0 1 1 0 1000 50 35000
0 1023 0 1 20999 23 0 1000 7000 0 1 1 0 1000 50 35000
0 1019 0 1 21021 22 0 1000 7000 0 1 1 0 1000 50 35000
0 1009 0 1 21044 23 0 1000 7000 0 1 1 0 1000 50 35000
0 1018 0 1 21066 22 0 1000 7000 0 1 1 0 1000 50 35000
0 1016 0 1 21089 23 0 1000 7000 0 1 1 0 1000 50 35000
0 1010 0 1 21111 22 0 1000 7000 0 1 1 0 1000 50 35000
0 1018 0 1 21134 23 0 1000 7000 0 1 1 0 1000 50 35000
0 1017 0 1 21156 22 0 1000 7000 0 1 1 0 1000 50 35000
0 1015 0 1 21179 23 0 1000 7000 0 1 1 0 1000 50 35000
0 1023 0 1 21202 23 0 1000 7000 0 1 1 0 1000 50 35000
0 1018 0 1 21225 23 0 1000 7000 0 1 1 0 1000 50 35000
0 1016 0 1 21248 23 0 1000 7000 0 1 1 0 1000 50 35000
0 1017 0 1 21270 22 0 1000 7000 0 1 1 0 1000 50 35000
0 1015 0 1 21293 23 0 1000 7000 0 1 1 0 1000 50 35000
0 1012 0 1 21315 22 0 1000 7000 0 1 1 0 1000 50 35000
0 1023 0 1 21338 23 0 1000 7000 0 1 1 0 1000 50 35000
0 1015 0 1 21360 22 0 1000 7000 0 1 1 0 1000 50 35000
0 1018 0 1 21383 23 0 1000 7000 0 1 1 0 1000 50 35000
0 1017 0 1 21405 22 0 1000 7000 0 1 1 0 1000 50 35000
0 1012 0 1 21428 23 0 1000 7000 0 1 1 0 1000 50 35000
0 1018 0 1 21450 22 0 1000 7000 0 1 1 0 1000 50 35000
0 1023 0 1 21473 23 0 1000 7000 0 1 1 0 1000 50 35000
0 1012 0 1 21495 22 0 1000 7000 0 1 1 0 1000 50 35000
0 1016 0 1 21518 23 0 1000 7000 0 1 1 0 1000 50 35000
0 1015 0 1 21540 22 0 1000 7000 0 1 1 0 1000 50 35000
0 1016 0 1 21563 23 0 1000 7000 0 1 1 0 1000 50 35000
0 1021 0 1 21585 22 0 1000 7000 0 1 1 0 1000 50 35000
0 1016 0 1 21609 24 0 1000 7000 0 1 1 0 1000 50 35000
0 1017 0 1 21632 23 0 1000 7000 0 1 1 0 1000 50 35000
0 1022 0 1 21654 22 0 1000 7000 0 1 1 0 1000 50 35000
0 1016 0 1 21677 23 0 1000 7000 0 1 1 0 1000 50 35000
0 1017 0 1 21699 22 0 1000 7000 0 1 1 0 1000 50 35000
0 1018 0 1 21722 23 0 1000 7000 0 1 1 0 1000 50 35000
0 1007 0 1 21744 22 0 1000 7000 0 1 1 0 1000 50 35000
0 1017 0 1 21767 23 0 1000 7000 0 1 1 0 1000 50 35000
0 1015 0 1 21789 22 0 1000 7000 0 1 1 0 1000 50 35000
0 1008 0 1 21812 23 0 1000 7000 0 1 1 0 1000 50 35000
0 1018 0 1 21834 22 0 1000 7000 0 1 1 0 1000 50 35000
0 1012 0 1 21857 23 0 1000 7000 0 1 1 0 1000 50 35000
0 1014 0 1 21879 22 0 1000 7000 0 1 1 0 1000 50 35000
0 1019 0 1 21902 23 0 1000 7000 0 1 1 0 1000 50 35000
0 1014 0 1 21924 22 0 1000 7000 0 1 1 0 1000 50 35000
0 1016 0 1 21947 23 0 1000 7000 0 1 1 0 1000 50 35000
0 1019 0 1 21969 22 0 1000 7000 0 1 1 0 1000 50 35000
0 1015 0 1 21992 23 0 1000 7000 0 1 1 0 1000 50 35000
0 1017 0 1 22014 22 0 1000 7000 0 1 1 0 1000 50 35000
0 1021 0 1 22038 24 0 1000 7000 0 1 1 0 1000 50 35000
0 1014 0 1 22061 23 0 1000 7000 0 1 1 0 1000 50 35000
0 1018 0 1 22083 22 0 1000 7000 0 1 1 0 1000 50 35000
0 1017 0 1 22106 23 0 1000 7000 0 1 1 0 1000 50 35000
0 1012 0 1 22128 22 0 1000 7000 0 1 1 0 1000 50 35000
0 1017 0 1 22151 23 0 1000 7000 0 1 1 0 1000 50 35000
0 1016 0 1 22173 22 0 1000 7000 0 1 1 0 1000 50 35000
0 1012 0 1 22196 23 0 1000 7000 0 1 1 0 1000 50 35000
0 1018 0 1 22218 22 0 1000 7000 0 1 1 0 1000 50 35000
0 1015 0 1 22241 23 0 1000 7000 0 1 1 0 1000 50 35000
0 1015 0 1 22263 22 0 1000 7000 0 1 1 0 1000 50 35000
0 1023 0 1 22286 23 0 1000 7000 0 1 1 0 1000 50 35000
0 1015 0 1 22308 22 0 1000 7000 0 1 1 0 1000 50 35000
0 1017 0 1 22331 23 0 1000 7000 0 1 1 0 1000 50 35000
0 1023 0 1 22353 22 0 1000 7000 0 1 1 0 1000 50 35000
0 1012 0 1 22376 23 0 1000 7000 0 1 1 0 1000 50 35000
0 1018 0 1 22398 22 0 1000 7000 0 1 1 0 1000 50 35000
0 1019 0 1 22421 23 0 1000 7000 0 1 1 0 1000 50 35000
0 1012 0 1 22445 24 0 1000 7000 0 1 1 0 1000 50 35000
0 1016 0 1 22467 22 0 1000 7000 0 1 1 0 1000 50 35000
0 1016 0 1 22490 23 0 1000 7000 0 1 1 0 1000 50 35000
0 1009 0 1 22512 22 0 1000 7000 0 1 1 0 1000 50 35000
0 1017 0 1 22535 23 0 1000 7000 0 1 1 0 1000 50 35000
0 1016 0 1 22557 22 0 1000 7000 0 1 1 0 1000 50 35000
0 1016 0 1 22580 23 0 1000 7000 0 1 1 0 1000 50 35000
0 1018 0 1 22602 22 0 1000 7000 0 1 1 0 1000 50 35000
0 1014 0 1 22625 23 0 1000 7000 0 1 1 0 1000 50 35000
0 1016 0 1 22647 22 0 1000 7000 0 1 1 0 1000 50 35000
0 1020 0 1 22670 23 0 1000 7000 0 1 1 0 1000 50 35000
0 1013 0 1 22692 22 0 1000 7000 0 1 1 0 1000 50 35000
0 1017 0 1 22715 23 0 1000 7000 0 1 1 0 1000 50 35000
0 1019 0 1 22737 22 0 1000 7000 0 1 1 0 1000 50 35000
0 1014 0 1 22760 23 0 1000 7000 0 1 1 0 1000 50 35000
0 1018 0 1 22782 22 0 1000 7000 0 1 1 0 1000 50 35000
0 1017 0 1 22805 23 0 1000 7000 0 1 1 0 1000 50 35000
0 1010 0 1 22828 23 0 1000 7000 0 1 1 0 1000 50 35000
0 1019 0 1 22850 22 0 1000 7000 0 1 1 0 1000 50 35000
0 1017 0 1 22874 24 0 1000 7000 0 1 1 0 1000 50 35000
0 1006 0 1 22896 22 0 1000 7000 0 1 1 0 1000 50 35000
0 1014 0 1 22919 23 0 1000 7000 0 1 1 0 1000 50 35000
0 1015 0 1 22941 22 0 1000 7000 0 1 1 0 1000 50 35000
0 1007 0 1 22964 23 0 1000 7000 0 1 1 0 1000 50 35000
0 1023 0 1 22986 22 0 1000 7000 0 1 1 0 1000 50 35000
0 1015 0 1 23009 23 0 1000 7000 0 1 1 0 1000 50 35000
0 1001 0 1 23031 22 0 1000 7000 0 1 1 0 1000 50 35000
0 1023 0 1 23054 23 0 1000 7000 0 1 1 0 1000 50 35000
0 1016 0 1 23076 22 0 1000 7000 0 1 1 0 1000 50 35000
0 1015 0 1 23099 23 0 1000 7000 0 1 1 0 1000 50 35000
0 1021 0 1 23121 22 0 1000 7000 0 1 1 0 1000 50 35000
0 1014 0 1 23144 23 0 1000 7000 0 1 1 0 1000 50 35000
0 1016 0 1 23166 22 0 1000 7000 0 1 1 0 1000 50 35000
0 1023 0 1 23189 23 0 1000 7000 0 1 1 0 1000 50 35000
0 1009 0 1 23212 23 0 1000 7000 0 1 1 0 1000 50 35000
0 1016 0 1 23234 22 0 1000 7000 0 1 1 0 1000 50 35000
0 1018 0 1 23257 23 0 1000 7000 0 1 1 0 1000 50 35000
0 1009 0 1 23280 23 0 1000 7000 0 1 1 0 1000 50 35000
0 1017 0 1 23303 23 0 1000 7000 0 1 1 0 1000 50 35000
0 1013 0 1 23325 22 0 1000 7000 0 1 1 0 1000 50 35000
0 1012 0 1 23348 23 0 1000 7000 0 1 1 0 1000 50 35000
0 1021 0 1 23370 22 0 1000 7000 0 1 1 0 1000 50 35000
0 1016 0 1 23393 23 0 1000 7000 0 1 1 0 1000 50 35000
0 1020 0 1 23415 22 0 1000 7000 0 1 1 0 1000 50 35000
0 1023 0 1 23438 23 0 1000 7000 0 1 1 0 1000 50 35000
0 1016 0 1 23460 22 0 1000 7000 0 1 1 0 1000 50 35000
0 1015 0 1 23483 23 0 1000 7000 0 1 1 0 1000 50 35000
0 1019 0 1 23505 22 0 1000 7000 0 1 1 0 1000 50 35000
0 1008 0 1 23528 23 0 1000 7000 0 1 1 0 1000 50 35000
0 1017 0 1 23550 22 0 1000 7000 0 1 1 0 1000 50 35000
0 1018 0 1 23573 23 0 1000 7000 0 1 1 0 1000 50 35000
0 1005 0 1 23596 23 0 1000 7000 0 1 1 0 1000 50 35000
0 1018 0 1 23618 22 0 1000 7000 0 1 1 0 1000 50 35000
0 1018 0 1 23641 23 0 1000 7000 0 1 1 0 1000 50 35000
0 1015 0 1 23663 22 0 1000 7000 0 1 1 0 1000 50 35000
0 1019 0 1 23686 23 0 1000 7000 0 1 1 0 1000 50 35000
0 1017 0 1 23709 23 0 1000 7000 0 1 1 0 1000 50 35000
0 1014 0 1 23732 23 0 1000 7000 0 1 1 0 1000 50 35000
0 1023 0 1 23754 22 0 1000 7000 0 1 1 0 1000 50 35000
0 1015 0 1 23777 23 0 1000 7000 0 1 1 0 1000 50 35000
0 1015 0 1 23799 22 0 1000 7000 0 1 1 0 1000 50 35000
0 1021 0 1 23822 23 0 1000 7000 0 1 1 0 1000 50 35000
0 1016 0 1 23844 22 0 1000 7000 0 1 1 0 1000 50 35000
0 1023 0 1 23867 23 0 1000 7000 0 1 1 0 1000 50 35000
0 1017 0 1 23889 22 0 1000 7000 0 1 1 0 1000 50 35000
0 977 0 1 23912 23 0 1000 7000 0 1 1 0 1000 50 35000
0 1021 0 1 23934 22 0 1000 7000 0 1 1 0 1000 50 35000
0 1023 0 1 23957 23 0 1000 7000 0 1 1 0 1000 50 35000
0 963 0 1 23980 23 0 1000 7000 0 1 1 0 1000 50 35000
0 1017 0 1 24002 22 0 1000 7000 0 1 1 0 1000 50 35000
0 1017 0 1 24025 23 0 1000 7000 0 1 1 0 1000 50 35000
0 1012 0 1 24047 22 0 1000 7000 0 1 1 0 1000 50 35000
0 1022 0 1 24070 23 0 1000 7000 0 1 1 0 1000 50 35000
0 1017 0 1 24092 22 0 1000 7000 0 1 1 0 1000 50 35000
0 1014 0 1 24115 23 0 1000 7000 0 1 1 0 1000 50 35000
0 1023 0 1 24137 22 0 1000 7000 0 1 1 0 1000 50 35000
0 1017 0 1 24161 24 0 1000 7000 0 1 1 0 1000 50 35000
0 1014 0 1 24183 22 0 1000 7000 0 1 1 0 1000 50 35000
0 1021 0 1 24206 23 0 1000 7000 0 1 1 0 1000 50 35000
0 1013 0 1 24228 22 0 1000 7000 0 1 1 0 1000 50 35000
0 1016 0 1 24251 23 0 1000 7000 0 1 1 0 1000 50 35000
0 1019 0 1 24273 22 0 1000 7000 0 1 1 0 1000 50 35000
0 1008 0 1 24296 23 0 1000 7000 0 1 1 0 1000 50 35000
0 1015 0 1 24318 22 0 1000 7000 0 1 1 0 1000 50 35000
0 1019 0 1 24341 23 0 1000 7000 0 1 1 0 1000 50 35000
0 1012 0 1 24364 23 0 1000 7000 0 1 1 0 1000 50 35000
0 1017 0 1 24386 22 0 1000 7000 0 1 1 0 1000 50 35000
0 1016 0 1 24409 23 0 1000 7000 0 1 1 0 1000 50 35000
0 1012 0 1 24431 22 0 1000 7000 0 1 1 0 1000 50 35000
0 1020 0 1 24454 23 0 1000 7000 0 1 1 0 1000 50 35000
0 1015 0 1 24476 22 0 1000 7000 0 1 1 0 1000 50 35000
0 1017 0 1 24499 23 0 1000 7000 0 1 1 0 1000 50 35000
0 1023 0 1 24521 22 0 1000 7000 0 1 1 0 1000 50 35000
0 1015 0 1 24544 23 0 1000 7000 0 1 1 0 1000 50 35000
0 1016 0 1 24567 23 0 1000 7000 0 1 1 0 1000 50 35000
0 1018 0 1 24590 23 0 1000 7000 0 1 1 0 1000 50 35000
0 1011 0 1 24612 22 0 1000 7000 0 1 1 0 1000 50 35000
0 1017 0 1 24635 23 0 1000 7000 0 1 1 0 1000 50 35000
0 1016 0 1 24657 22 0 1000 7000 0 1 1 0 1000 50 35000
0 1008 0 1 24680 23 0 1000 7000 0 1 1 0 1000 50 35000
0 1016 0 1 24702 22 0 1000 7000 0 1 1 0 1000 50 35000
0 1014 0 1 24725 23 0 1000 7000 0 1 1 0 1000 50 35000
0 1007 0 1 24748 23 0 1000 7000 0 1 1 0 1000 50 35000
0 1023 0 1 24770 22 0 1000 7000 0 1 1 0 1000 50 35000
0 1016 0 1 24793 23 0 1000 7000 0 1 1 0 1000 50 35000
0 1014 0 1 24815 22 0 1000 7000 0 1 1 0 1000 50 35000
0 1023 0 1 24838 23 0 1000 7000 0 1 1 0 1000 50 35000
0 1014 0 1 24860 22 0 1000 7000 0 1 1 0 1000 50 35000
0 1015 0 1 24883 23 0 1000 7000 0 1 1 0 1000 50 35000
0 1019 0 1 24905 22 0 1000 7000 0 1 1 0 1000 50 35000
0 1014 0 1 24928 23 0 1000 7000 0 1 1 0 1000 50 35000
0 1015 0 1 24950 22 0 1000 7000 0 1 1 0 1000 50 35000
0 1018 0 1 24974 24 0 1000 7000 0 1 1 0 1000 50 35000
0 1010 0 1 24996 22 0 1000 7000 0 1 1 0 1000 50 35000
0 1017 0 1 25019 23 0 1000 7000 0 1 1 0 1000 50 35000
0 1017 0 1 25041 22 0 1000 7000 0 1 1 0 1000 50 35000
0 1011 0 1 25064 23 0 1000 7000 0 1 1 0 1000 50 35000
0 1018 0 1 25086 22 0 1000 7000 0 1 1 0 1000 50 35000
0 1015 0 1 25109 23 0 1000 7000 0 1 1 0 1000 50 35000
0 1016 0 1 25132 23 0 1000 7000 0 1 1 0 1000 50 35000
0 1020 0 1 25154 22 0 1000 7000 0 1 1 0 1000 50 35000
0 1015 0 1 25177 23 0 1000 7000 0 1 1 0 1000 50 35000
0 1016 0 1 25199 22 0 1000 7000 0 1 1 0 1000 50 35000
0 1022 0 1 25222 23 0 1000 7000 0 1 1 0 1000 50 35000
0 1014 0 1 25244 22 0 1000 7000 0 1 1 0 1000 50 35000
0 1017 0 1 25267 23 0 1000 7000 0 1 1 0 1000 50 35000
0 1017 0 1 25289 22 0 1000 7000 0 1 1 0 1000 50 35000
0 1008 0 1 25312 23 0 1000 7000 0 1 1 0 1000 50 35000
0 1018 0 1 25334 22 0 1000 7000 0 1 1 0 1000 50 35000
0 1018 0 1 25357 23 0 1000 7000 0 1 1 0 1000 50 35000
0 1006 0 1 25380 23 0 1000 7000 0 1 1 0 1000 50 35000
0 1017 0 1 25403 23 0 1000 7000 0 1 1 0 1000 50 35000
0 1018 0 1 25425 22 0 1000 7000 0 1 1 0 1000 50 35000
0 1014 0 1 25448 23 0 1000 7000 0 1 1 0 1000 50 35000
0 1023 0 1 25470 22 0 1000 7000 0 1 1 0 1000 50 35000
0 1015 0 1 25493 23 0 1000 7000 0 1 1 0 1000 50 35000
0 1015 0 1 25516 23 0 1000 7000 0 1 1 0 1000 50 35000
0 1023 0 1 25538 22 0 1000 7000 0 1 1 0 1000 50 35000
0 1015 0 1 25561 23 0 1000 7000 0 1 1 0 1000 50 35000
0 1016 0 1 25583 22 0 1000 7000 0 1 1 0 1000 50 35000
0 1019 0 1 25606 23 0 1000 7000 0 1 1 0 1000 50 35000
0 1015 0 1 25628 22 0 1000 7000 0 1 1 0 1000 50 35000
0 1018 0 1 25651 23 0 1000 7000 0 1 1 0 1000 50 35000
0 1019 0 1 25673 22 0 1000 7000 0 1 1 0 1000 50 35000
0 1013 0 1 25696 23 0 1000 7000 0 1 1 0 1000 50 35000
0 1018 0 1 25718 22 0 1000 7000 0 1 1 0 1000 50 35000
0 1016 0 1 25741 23 0 1000 7000 0 1 1 0 1000 50 35000
0 1012 0 1 25763 22 0 1000 7000 0 1 1 0 1000 50 35000
0 1021 0 1 25786 23 0 1000 7000 0 1 1 0 1000 50 35000
0 1015 0 1 25809 23 0 1000 7000 0 1 1 0 1000 50 35000
0 1014 0 1 25832 23 0 1000 7000 0 1 1 0 1000 50 35000
0 1023 0 1 25854 22 0 1000 7000 0 1 1 0 1000 50 35000
0 1016 0 1 25877 23 0 1000 7000 0 1 1 0 1000 50 35000
0 1017 0 1 25900 23 0 1000 7000 0 1 1 0 1000 50 35000
0 1023 0 1 25922 22 0 1000 7000 0 1 1 0 1000 50 35000
0 1015 0 1 25945 23 0 1000 7000 0 1 1 0 1000 50 35000
0 1016 0 1 25967 22 0 1000 7000 0 1 1 0 1000 50 35000
0 1020 0 1 25990 23 0 1000 7000 0 1 1 0 1000 50 35000
0 1005 0 1 26012 22 0 1000 7000 0 1 1 0 1000 50 35000
0 1017 0 1 26035 23 0 1000 7000 0 1 1 0 1000 50 35000
0 1014 0 1 26057 22 0 1000 7000 0 1 1 0 1000 50 35000
0 1009 0 1 26080 23 0 1000 7000 0 1 1 0 1000 50 35000
0 1017 0 1 26102 22 0 1000 7000 0 1 1 0 1000 50 35000
0 1017 0 1 26125 23 0 1000 7000 0 1 1 0 1000 50 35000
0 1012 0 1 26147 22 0 1000 7000 0 1 1 0 1000 50 35000
0 1017 0 1 26170 23 0 1000 7000 0 1 1 0 1000 50 35000
0 1015 0 1 26192 22 0 1000 7000 0 1 1 0 1000 50 35000
0 1015 0 1 26215 23 0 1000 7000 0 1 1 0 1000 50 35000
0 1021 0 1 26237 22 0 1000 7000 0 1 1 0 1000 50 35000
0 1016 0 1 26261 24 0 1000 7000 0 1 1 0 1000 50 35000
0 1016 0 1 26284 23 0 1000 7000 0 1 1 0 1000 50 35000
0 1022 0 1 26306 22 0 1000 7000 0 1 1 0 1000 50 35000
0 1014 0 1 26329 23 0 1000 7000 0 1 1 0 1000 50 35000
0 1020 0 1 26351 22 0 1000 7000 0 1 1 0 1000 50 35000
0 1018 0 1 26374 23 0 1000 7000 0 1 1 0 1000 50 35000
0 1011 0 1 26396 22 0 1000 7000 0 1 1 0 1000 50 35000
0 1017 0 1 26419 23 0 1000 7000 0 1 1 0 1000 50 35000
0 1016 0 1 26441 22 0 1000 7000 0 1 1 0 1000 50 35000
0 1009 0 1 26464 23 0 1000 7000 0 1 1 0 1000 50 35000
0 1018 0 1 26486 22 0 1000 7000 0 1 1 0 1000 50 35000
0 1015 0 1 26509 23 0 1000 7000 0 1 1 0 1000 50 35000
0 1013 0 1 26531 22 0 1000 7000 0 1 1 0 1000 50 35000
0 1023 0 1 26554 23 0 1000 7000 0 1 1 0 1000 50 35000
0 1016 0 1 26576 22 0 1000 7000 0 1 1 0 1000 50 35000
0 1016 0 1 26599 23 0 1000 7000 0 1 1 0 1000 50 35000
0 1023 0 1 26621 22 0 1000 7000 0 1 1 0 1000 50 35000
0 1014 0 1 26644 23 0 1000 7000 0 1 1 0 1000 50 35000
0 1018 0 1 26667 23 0 1000 7000 0 1 1 0 1000 50 35000
0 1019 0 1 26689 22 0 1000 7000 0 1 1 0 1000 50 35000
0 1012 0 1 26713 24 0 1000 7000 0 1 1 0 1000 50 35000
0 1018 0 1 26735 22 0 1000 7000 0 1 1 0 1000 50 35000
0 1017 0 1 26758 23 0 1000 7000 0 1 1 0 1000 50 35000
0 1008 0 1 26780 22 0 1000 7000 0 1 1 0 1000 50 35000
0 1016 0 1 26803 23 0 1000 7000 0 1 1 0 1000 50 35000
0 1013 0 1 26825 22 0 1000 7000 0 1 1 0 1000 50 35000
0 1011 0 1 26848 23 0 1000 7000 0 1 1 0 1000 50 35000
0 1017 0 1 26870 22 0 1000 7000 0 1 1 0 1000 50 35000
0 1015 0 1 26893 23 0 1000 7000 0 1 1 0 1000 50 35000
0 1015 0 1 26915 22 0 1000 7000 0 1 1 0 1000 50 35000
0 1023 0 1 26938 23 0 1000 7000 0 1 1 0 1000 50 35000
0 1014 0 1 26960 22 0 1000 7000 0 1 1 0 1000 50 35000
0 1016 0 1 26983 23 0 1000 7000 0 1 1 0 1000 50 35000
0 1023 0 1 27005 22 0 1000 7000 0 1 1 0 1000 50 35000
0 1014 0 1 27028 23 0 1000 7000 0 1 1 0 1000 50 35000
0 1017 0 1 27051 23 0 1000 7000 0 1 1 0 1000 50 35000
0 1019 0 1 27073 22 0 1000 7000 0 1 1 0 1000 50 35000
0 1007 0 1 27096 23 0 1000 7000 0 1 1 0 1000 50 35000
0 1020 0 1 27119 23 0 1000 7000 0 1 1 0 1000 50 35000
0 1014 0 1 27142 23 0 1000 7000 0 1 1 0 1000 50 35000
0 1006 0 1 27164 22 0 1000 7000 0 1 1 0 1000 50 35000
0 1018 0 1 27187 23 0 1000 7000 0 1 1 0 1000 50 35000
0 1017 0 1 27209 22 0 1000 7000 0 1 1 0 1000 50 35000
0 1014 0 1 27232 23 0 1000 7000 0 1 1 0 1000 50 35000
0 1023 0 1 27254 22 0 1000 7000 0 1 1 0 1000 50 35000
0 1014 0 1 27277 23 0 1000 7000 0 1 1 0 1000 50 35000
0 1015 0 1 27299 22 0 1000 7000 0 1 1 0 1000 50 35000
0 1023 0 1 27322 23 0 1000 7000 0 1 1 0 1000 50 35000
0 1015 0 1 27344 22 0 1000 7000 0 1 1 0 1000 50 35000
0 1017 0 1 27367 23 0 1000 7000 0 1 1 0 1000 50 35000
0 1014 0 1 27389 22 0 1000 7000 0 1 1 0 1000 50 35000
0 1011 0 1 27412 23 0 1000 7000 0 1 1 0 1000 50 35000
0 1015 0 1 27435 23 0 1000 7000 0 1 1 0 1000 50 35000
0 1017 0 1 27457 22 0 1000 7000 0 1 1 0 1000 50 35000
0 1010 0 1 27480 23 0 1000 7000 0 1 1 0 1000 50 35000
0 1018 0 1 27502 22 0 1000 7000 0 1 1 0 1000 50 35000
0 1016 0 1 27525 23 0 1000 7000 0 1 1 0 1000 50 35000
0 1010 0 1 27548 23 0 1000 7000 0 1 1 0 1000 50 35000
0 1017 0 1 27571 23 0 1000 7000 0 1 1 0 1000 50 35000
0 1013 0 1 27593 22 0 1000 7000 0 1 1 0 1000 50 35000
0 1015 0 1 27616 23 0 1000 7000 0 1 1 0 1000 50 35000
0 1021 0 1 27638 22 0 1000 7000 0 1 1 0 1000 50 35000
0 1014 0 1 27661 23 0 1000 7000 0 1 1 0 1000 50 35000
0 1015 0 1 27683 22 0 1000 7000 0 1 1 0 1000 50 35000
0 1023 0 1 27706 23 0 1000 7000 0 1 1 0 1000 50 35000
0 1014 0 1 27728 22 0 1000 7000 0 1 1 0 1000 50 35000
0 1017 0 1 27751 23 0 1000 7000 0 1 1 0 1000 50 35000
0 1018 0 1 27773 22 0 1000 7000 0 1 1 0 1000 50 35000
0 1001 0 1 27796 23 0 1000 7000 0 1 1 0 1000 50 35000
0 1014 0 1 27819 23 0 1000 7000 0 1 1 0 1000 50 35000
0 1013 0 1 27841 22 0 1000 7000 0 1 1 0 1000 50 35000
0 1005 0 1 27864 23 0 1000 7000 0 1 1 0 1000 50 35000
0 1018 0 1 27886 22 0 1000 7000 0 1 1 0 1000 50 35000
0 1015 0 1 27909 23 0 1000 7000 0 1 1 0 1000 50 35000
0 1013 0 1 27931 22 0 1000 7000 0 1 1 0 1000 50 35000
0 1022 0 1 27954 23 0 1000 7000 0 1 1 0 1000 50 35000
0 1013 0 1 27977 23 0 1000 7000 0 1 1 0 1000 50 35000
0 1015 0 1 28000 23 0 1000 7000 0 1 1 0 1000 50 35000
0 1023 0 1 28022 22 0 1000 7000 0 1 1 0 1000 50 35000
0 1014 0 1 28045 23 0 1000 7000 0 1 1 0 1000 50 35000
0 1016 0 1 28067 22 0 1000 7000 0 1 1 0 1000 50 35000
0 1020 0 1 28090 23 0 1000 7000 0 1 1 0 1000 50 35000
0 1013 0 1 28112 22 0 1000 7000 0 1 1 0 1000 50 35000
0 1018 0 1 28135 23 0 1000 7000 0 1 1 0 1000 50 35000
0 1016 0 1 28157 22 0 1000 7000 0 1 1 0 1000 50 35000
0 1001 0 1 28180 23 0 1000 7000 0 1 1 0 1000 50 35000
0 1018 0 1 28203 23 0 1000 7000 0 1 1 0 1000 50 35000
0 1016 0 1 28225 22 0 1000 7000 0 1 1 0 1000 50 35000
0 1008 0 1 28248 23 0 1000 7000 0 1 1 0 1000 50 35000
0 1017 0 1 28270 22 0 1000 7000 0 1 1 0 1000 50 35000
0 1014 0 1 28293 23 0 1000 7000 0 1 1 0 1000 50 35000
0 1014 0 1 28315 22 0 1000 7000 0 1 1 0 1000 50 35000
0 1023 0 1 28338 23 0 1000 7000 0 1 1 0 1000 50 35000
0 1012 0 1 28360 22 0 1000 7000 0 1 1 0 1000 50 35000
0 1016 0 1 28384 24 0 1000 7000 0 1 1 0 1000 50 35000
0 1023 0 1 28406 22 0 1000 7000 0 1 1 0 1000 50 35000
0 1014 0 1 28429 23 0 1000 7000 0 1 1 0 1000 50 35000
0 1017 0 1 28451 22 0 1000 7000 0 1 1 0 1000 50 35000
0 1017 0 1 28474 23 0 1000 7000 0 1 1 0 1000 50 35000
0 1002 0 1 28496 22 0 1000 7000 0 1 1 0 1000 50 35000
0 1018 0 1 28519 23 0 1000 7000 0 1 1 0 1000 50 35000
0 1015 0 1 28541 22 0 1000 7000 0 1 1 0 1000 50 35000
0 1005 0 1 28564 23 0 1000 7000 0 1 1 0 1000 50 35000
0 1017 0 1 28587 23 0 1000 7000 0 1 1 0 1000 50 35000
0 1014 0 1 28609 22 0 1000 7000 0 1 1 0 1000 50 35000
0 1012 0 1 28632 23 0 1000 7000 0 1 1 0 1000 50 35000
0 1017 0 1 28654 22 0 1000 7000 0 1 1 0 1000 50 35000
0 1011 0 1 28677 23 0 1000 7000 0 1 1 0 1000 50 35000
0 1015 0 1 28699 22 0 1000 7000 0 1 1 0 1000 50 35000
0 1023 0 1 28722 23 0 1000 7000 0 1 1 0 1000 50 35000
0 1013 0 1 28744 22 0 1000 7000 0 1 1 0 1000 50 35000
0 1016 0 1 28767 23 0 1000 7000 0 1 1 0 1000 50 35000
0 1023 0 1 28789 22 0 1000 7000 0 1 1 0 1000 50 35000
0 1014 0 1 28813 24 0 1000 7000 0 1 1 0 1000 50 35000
0 1018 0 1 28835 22 0 1000 7000 0 1 1 0 1000 50 35000
0 1017 0 1 28858 23 0 1000 7000 0 1 1 0 1000 50 35000
0 1009 0 1 28880 22 0 1000 7000 0 1 1 0 1000 50 35000
0 1016 0 1 28903 23 0 1000 7000 0 1 1 0 1000 50 35000
0 1015 0 1 28925 22 0 1000 7000 0 1 1 0 1000 50 35000
0 1007 0 1 28948 23 0 1000 7000 0 1 1 0 1000 50 35000
0 1017 0 1 28971 23 0 1000 7000 0 1 1 0 1000 50 35000
0 1015 0 1 28993 22 0 1000 7000 0 1 1 0 1000 50 35000
0 1013 0 1 29016 23 0 1000 7000 0 1 1 0 1000 50 35000
0 1023 0 1 29038 22 0 1000 7000 0 1 1 0 1000 50 35000
0 1014 0 1 29061 23 0 1000 7000 0 1 1 0 1000 50 35000
0 1014 0 1 29083 22 0 1000 7000 0 1 1 0 1000 50 35000
0 1023 0 1 29106 23 0 1000 7000 0 1 1 0 1000 50 35000
0 1016 0 1 29128 22 0 1000 7000 0 1 1 0 1000 50 35000
0 1016 0 1 29151 23 0 1000 7000 0 1 1 0 1000 50 35000
0 1018 0 1 29173 22 0 1000 7000 0 1 1 0 1000 50 35000
0 1012 0 1 29196 23 0 1000 7000 0 1 1 0 1000 50 35000
0 1017 0 1 29218 22 0 1000 7000 0 1 1 0 1000 50 35000
0 1016 0 1 29242 24 0 1000 7000 0 1 1 0 1000 50 35000
0 1009 0 1 29264 22 0 1000 7000 0 1 1 0 1000 50 35000
0 1017 0 1 29287 23 0 1000 7000 0 1 1 0 1000 50 35000
0 1019 0 1 29309 22 0 1000 7000 0 1 1 0 1000 50 35000
0 1011 0 1 29332 23 0 1000 7000 0 1 1 0 1000 50 35000
0 1018 0 1 29355 23 0 1000 7000 0 1 1 0 1000 50 35000
0 1012 0 1 29377 22 0 1000 7000 0 1 1 0 1000 50 35000
0 1002 0 1 29400 23 0 1000 7000 0 1 1 0 1000 50 35000
0 1022 0 1 29422 22 0 1000 7000 0 1 1 0 1000 50 35000
0 1013 0 1 29445 23 0 1000 7000 0 1 1 0 1000 50 35000
0 1016 0 1 29467 22 0 1000 7000 0 1 1 0 1000 50 35000
0 1023 0 1 29490 23 0 1000 7000 0 1 1 0 1000 50 35000
0 1013 0 1 29512 22 0 1000 7000 0 1 1 0 1000 50 35000
0 1016 0 1 29535 23 0 1000 7000 0 1 1 0 1000 50 35000
0 1018 0 1 29557 22 0 1000 7000 0 1 1 0 1000 50 35000
0 1004 0 1 29580 23 0 1000 7000 0 1 1 0 1000 50 35000
0 1017 0 1 29602 22 0 1000 7000 0 1 1 0 1000 50 35000
0 1016 0 1 29625 23 0 1000 7000 0 1 1 0 1000 50 35000
0 1006 0 1 29648 23 0 1000 7000 0 1 1 0 1000 50 35000
0 1017 0 1 29671 23 0 1000 7000 0 1 1 0 1000 50 35000
0 1014 0 1 29693 22 0 1000 7000 0 1 1 0 1000 50 35000
0 1022 0 1 29716 23 0 1000 7000 0 1 1 0 1000 50 35000
0 1023 0 1 29739 23 0 1000 7000 0 1 1 0 1000 50 35000
0 1014 0 1 29761 22 0 1000 7000 0 1 1 0 1000 50 35000
0 1022 0 1 29784 23 0 1000 7000 0 1 1 0 1000 50 35000
0 1023 0 1 29806 22 0 1000 7000 0 1 1 0 1000 50 35000
0 1014 0 1 29829 23 0 1000 7000 0 1 1 0 1000 50 35000
0 1016 0 1 29851 22 0 1000 7000 0 1 1 0 1000 50 35000
0 1019 0 1 29874 23 0 1000 7000 0 1 1 0 1000 50 35000
0 1012 0 1 29896 22 0 1000 7000 0 1 1 0 1000 50 35000
0 1020 0 1 29919 23 0 1000 7000 0 1 1 0 1000 50 35000
0 1015 0 1 29941 22 0 1000 7000 0 1 1 0 1000 50 35000
0 1010 0 1 29964 23 0 1000 7000 0 1 1 0 1000 50 35000
0 1016 0 1 29986 22 0 1000 7000 0 1 1 0 1000 50 35000
0 1019 0 1 30009 23 0 1000 7000 0 1 1 0 1000 50 35000
0 1010 0 1 30031 22 0 1000 7000 0 1 1 0 1000 50 35000
0 1020 0 1 30055 24 0 1000 7000 0 1 1 0 1000 50 35000
0 1013 0 1 30077 22 0 1000 7000 0 1 1 0 1000 50 35000
0 1014 0 1 30100 23 0 1000 7000 0 1 1 0 1000 50 35000
0 1021 0 1 30123 23 0 1000 7000 0 1 1 0 1000 50 35000
0 1014 0 1 30145 22 0 1000 7000 0 1 1 0 1000 50 35000
0 1015 0 1 30168 23 0 1000 7000 0 1 1 0 1000 50 35000
0 1023 0 1 30190 22 0 1000 7000 0 1 1 0 1000 50 35000
0 1014 0 1 30213 23 0 1000 7000 0 1 1 0 1000 50 35000
0 1017 0 1 30235 22 0 1000 7000 0 1 1 0 1000 50 35000
0 1019 0 1 30258 23 0 1000 7000 0 1 1 0 1000 50 35000
0 1002 0 1 30280 22 0 1000 7000 0 1 1 0 1000 50 35000
0 1017 0 1 30303 23 0 1000 7000 0 1 1 0 1000 50 35000
0 1017 0 1 30325 22 0 1000 7000 0 1 1 0 1000 50 35000
0 1003 0 1 30348 23 0 1000 7000 0 1 1 0 1000 50 35000
0 1017 0 1 30370 22 0 1000 7000 0 1 1 0 1000 50 35000
0 1015 0 1 30393 23 0 1000 7000 0 1 1 0 1000 50 35000
0 1012 0 1 30415 22 0 1000 7000 0 1 1 0 1000 50 35000
0 1023 0 1 30438 23 0 1000 7000 0 1 1 0 1000 50 35000
0 1015 0 1 30461 23 0 1000 7000 0 1 1 0 1000 50 35000
0 1015 0 1 30484 23 0 1000 7000 0 1 1 0 1000 50 35000
0 1022 0 1 30507 23 0 1000 7000 0 1 1 0 1000 50 35000
0 1013 0 1 30529 22 0 1000 7000 0 1 1 0 1000 50 35000
0 1016 0 1 30552 23 0 1000 7000 0 1 1 0 1000 50 35000
0 1016 0 1 30574 22 0 1000 7000 0 1 1 0 1000 50 35000
0 1013 0 1 30597 23 0 1000 7000 0 1 1 0 1000 50 35000
0 1018 0 1 30619 22 0 1000 7000 0 1 1 0 1000 50 35000
0 1016 0 1 30642 23 0 1000 7000 0 1 1 0 1000 50 35000
0 1010 0 1 30664 22 0 1000 7000 0 1 1 0 1000 50 35000
0 1017 0 1 30687 23 0 1000 7000 0 1 1 0 1000 50 35000
0 1015 0 1 30709 22 0 1000 7000 0 1 1 0 1000 50 35000
0 1007 0 1 30732 23 0 1000 7000 0 1 1 0 1000 50 35000
0 1019 0 1 30754 22 0 1000 7000 0 1 1 0 1000 50 35000
0 1013 0 1 30777 23 0 1000 7000 0 1 1 0 1000 50 35000
0 1014 0 1 30799 22 0 1000 7000 0 1 1 0 1000 50 35000
0 1022 0 1 30822 23 0 1000 7000 0 1 1 0 1000 50 35000
0 1015 0 1 30844 22 0 1000 7000 0 1 1 0 1000 50 35000
0 1018 0 1 30868 24 0 1000 7000 0 1 1 0 1000 50 35000
0 1023 0 1 30891 23 0 1000 7000 0 1 1 0 1000 50 35000
0 1014 0 1 30913 22 0 1000 7000 0 1 1 0 1000 50 35000
0 1017 0 1 30936 23 0 1000 7000 0 1 1 0 1000 50 35000
0 1016 0 1 30958 22 0 1000 7000 0 1 1 0 1000 50 35000
0 1001 0 1 30981 23 0 1000 7000 0 1 1 0 1000 50 35000
0 1016 0 1 31003 22 0 1000 7000 0 1 1 0 1000 50 35000
0 1016 0 1 31026 23 0 1000 7000 0 1 1 0 1000 50 35000
0 1004 0 1 31048 22 0 1000 7000 0 1 1 0 1000 50 35000
0 1017 0 1 31071 23 0 1000 7000 0 1 1 0 1000 50 35000
0 1017 0 1 31093 22 0 1000 7000 0 1 1 0 1000 50 35000
0 1014 0 1 31116 23 0 1000 7000 0 1 1 0 1000 50 35000
0 1021 0 1 31138 22 0 1000 7000 0 1 1 0 1000 50 35000
0 1013 0 1 31161 23 0 1000 7000 0 1 1 0 1000 50 35000
0 1015 0 1 31183 22 0 1000 7000 0 1 1 0 1000 50 35000
0 1023 0 1 31206 23 0 1000 7000 0 1 1 0 1000 50 35000
0 1013 0 1 31228 22 0 1000 7000 0 1 1 0 1000 50 35000
0 1017 0 1 31251 23 0 1000 7000 0 1 1 0 1000 50 35000
0 1018 0 1 31275 24 0 1000 7000 0 1 1 0 1000 50 35000
0 1014 0 1 31297 22 0 1000 7000 0 1 1 0 1000 50 35000
0 1018 0 1 31320 23 0 1000 7000 0 1 1 0 1000 50 35000
0 1015 0 1 31342 22 0 1000 7000 0 1 1 0 1000 50 35000
0 1010 0 1 31365 23 0 1000 7000 0 1 1 0 1000 50 35000
0 1015 0 1 31387 22 0 1000 7000 0 1 1 0 1000 50 35000
0 1015 0 1 31410 23 0 1000 7000 0 1 1 0 1000 50 35000
0 1010 0 1 31432 22 0 1000 7000 0 1 1 0 1000 50 35000
0 1016 0 1 31455 23 0 1000 7000 0 1 1 0 1000 50 35000
0 1013 0 1 31477 22 0 1000 7000 0 1 1 0 1000 50 35000
0 1013 0 1 31500 23 0 1000 7000 0 1 1 0 1000 50 35000
0 1023 0 1 31522 22 0 1000 7000 0 1 1 0 1000 50 35000
0 1014 0 1 31545 23 0 1000 7000 0 1 1 0 1000 50 35000
0 1015 0 1 31567 22 0 1000 7000 0 1 1 0 1000 50 35000
0 1023 0 1 31590 23 0 1000 7000 0 1 1 0 1000 50 35000
0 1013 0 1 31612 22 0 1000 7000 0 1 1 0 1000 50 35000
0 1017 0 1 31635 23 0 1000 7000 0 1 1 0 1000 50 35000
0 1018 0 1 31657 22 0 1000 7000 0 1 1 0 1000 50 35000
0 1002 0 1 31681 24 0 1000 7000 0 1 1 0 1000 50 35000
0 1017 0 1 31704 23 0 1000 7000 0 1 1 0 1000 50 35000
0 1014 0 1 31726 22 0 1000 7000 0 1 1 0 1000 50 35000
0 1003 0 1 31749 23 0 1000 7000 0 1 1 0 1000 50 35000
0 1019 0 1 31771 22 0 1000 7000 0 1 1 0 1000 50 35000
0 1015 0 1 31794 23 0 1000 7000 0 1 1 0 1000 50 35000
0 1014 0 1 31816 22 0 1000 7000 0 1 1 0 1000 50 35000
0 1021 0 1 31839 23 0 1000 7000 0 1 1 0 1000 50 35000
0 1013 0 1 31861 22 0 1000 7000 0 1 1 0 1000 50 35000
0 1015 0 1 31884 23 0 1000 7000 0 1 1 0 1000 50 35000
0 1023 0 1 31906 22 0 1000 7000 0 1 1 0 1000 50 35000
0 1013 0 1 31929 23 0 1000 7000 0 1 1 0 1000 50 35000
0 1016 0 1 31951 22 0 1000 7000 0 1 1 0 1000 50 35000
0 1020 0 1 31974 23 0 1000 7000 0 1 1 0 1000 50 35000
0 1013 0 1 31996 22 0 1000 7000 0 1 1 0 1000 50 35000
0 1018 0 1 32019 23 0 1000 7000 0 1 1 0 1000 50 35000
0 1016 0 1 32041 22 0 1000 7000 0 1 1 0 1000 50 35000
0 1009 0 1 32064 23 0 1000 7000 0 1 1 0 1000 50 35000
0 1017 0 1 32088 24 0 1000 7000 0 1 1 0 1000 50 35000
0 1015 0 1 32110 22 0 1000 7000 0 1 1 0 1000 50 35000
0 1009 0 1 32133 23 0 1000 7000 0 1 1 0 1000 50 35000
0 1016 0 1 32155 22 0 1000 7000 0 1 1 0 1000 50 35000
0 1014 0 1 32178 23 0 1000 7000 0 1 1 0 1000 50 35000
0 1013 0 1 32200 22 0 1000 7000 0 1 1 0 1000 50 35000
0 1023 0 1 32223 23 0 1000 7000 0 1 1 0 1000 50 35000
0 1014 0 1 32245 22 0 1000 7000 0 1 1 0 1000 50 35000
0 1015 0 1 32268 23 0 1000 7000 0 1 1 0 1000 50 35000
0 1023 0 1 32290 22 0 1000 7000 0 1 1 0 1000 50 35000
0 1014 0 1 32313 23 0 1000 7000 0 1 1 0 1000 50 35000
0 1018 0 1 32335 22 0 1000 7000 0 1 1 0 1000 50 35000
0 1016 0 1 32358 23 0 1000 7000 0 1 1 0 1000 50 35000
0 1001 0 1 32380 22 0 1000 7000 0 1 1 0 1000 50 35000
0 1017 0 1 32403 23 0 1000 7000 0 1 1 0 1000 50 35000
0 1016 0 1 32425 22 0 1000 7000 0 1 1 0 1000 50 35000
0 1005 0 1 32448 23 0 1000 7000 0 1 1 0 1000 50 35000
0 1017 0 1 32471 23 0 1000 7000 0 1 1 0 1000 50 35000
0 1014 0 1 32493 22 0 1000 7000 0 1 1 0 1000 50 35000
0 1013 0 1 32516 23 0 1000 7000 0 1 1 0 1000 50 35000
0 1019 0 1 32539 23 0 1000 7000 0 1 1 0 1000 50 35000
0 1013 0 1 32562 23 0 1000 7000 0 1 1 0 1000 50 35000
0 1014 0 1 32584 22 0 1000 7000 0 1 1 0 1000 50 35000
0 1022 0 1 32607 23 0 1000 7000 0 1 1 0 1000 50 35000
0 1013 0 1 32629 22 0 1000 7000 0 1 1 0 1000 50 35000
0 1015 0 1 32652 23 0 1000 7000 0 1 1 0 1000 50 35000
0 1023 0 1 32674 22 0 1000 7000 0 1 1 0 1000 50 35000
0 1013 0 1 32697 23 0 1000 7000 0 1 1 0 1000 50 35000
0 1018 0 1 32719 22 0 1000 7000 0 1 1 0 1000 50 35000
0 1016 0 1 32742 23 0 1000 7000 0 1 1 0 1000 50 35000
0 1008 0 1 32764 22 0 1000 7000 0 1 1 0 1000 50 35000
0 1017 0 1 32787 23 0 1000 7000 0 1 1 0 1000 50 35000
0 1015 0 1 32809 22 0 1000 7000 0 1 1 0 1000 50 35000
0 1005 0 1 32832 23 0 1000 7000 0 1 1 0 1000 50 35000
0 1016 0 1 32855 23 0 1000 7000 0 1 1 0 1000 50 35000
0 1013 0 1 32877 22 0 1000 7000 0 1 1 0 1000 50 35000
0 1013 0 1 32900 23 0 1000 7000 0 1 1 0 1000 50 35000
0 1023 0 1 32922 22 0 1000 7000 0 1 1 0 1000 50 35000
0 1012 0 1 32945 23 0 1000 7000 0 1 1 0 1000 50 35000
0 1016 0 1 32968 23 0 1000 7000 0 1 1 0 1000 50 35000
0 1023 0 1 32991 23 0 1000 7000 0 1 1 0 1000 50 35000
0 1013 0 1 33013 22 0 1000 7000 0 1 1 0 1000 50 35000
0 1016 0 1 33036 23 0 1000 7000 0 1 1 0 1000 50 35000
0 1016 0 1 33058 22 0 1000 7000 0 1 1 0 1000 50 35000
0 1010 0 1 33081 23 0 1000 7000 0 1 1 0 1000 50 35000
0 1018 0 1 33103 22 0 1000 7000 0 1 1 0 1000 50 35000
0 1016 0 1 33126 23 0 1000 7000 0 1 1 0 1000 50 35000
0 1007 0 1 33148 22 0 1000 7000 0 1 1 0 1000 50 35000
0 1018 0 1 33171 23 0 1000 7000 0 1 1 0 1000 50 35000
0 1015 0 1 33193 22 0 1000 7000 0 1 1 0 1000 50 35000
0 1010 0 1 33216 23 0 1000 7000 0 1 1 0 1000 50 35000
0 1017 0 1 33239 23 0 1000 7000 0 1 1 0 1000 50 35000
0 1013 0 1 33261 22 0 1000 7000 0 1 1 0 1000 50 35000
0 1013 0 1 33284 23 0 1000 7000 0 1 1 0 1000 50 35000
0 1023 0 1 33306 22 0 1000 7000 0 1 1 0 1000 50 35000
0 1013 0 1 33329 23 0 1000 7000 0 1 1 0 1000 50 35000
0 1016 0 1 33351 22 0 1000 7000 0 1 1 0 1000 50 35000
0 1022 0 1 33375 24 0 1000 7000 0 1 1 0 1000 50 35000
0 1014 0 1 33397 22 0 1000 7000 0 1 1 0 1000 50 35000
0 1017 0 1 33420 23 0 1000 7000 0 1 1 0 1000 50 35000
0 1016 0 1 33442 22 0 1000 7000 0 1 1 0 1000 50 35000
0 1008 0 1 33465 23 0 1000 7000 0 1 1 0 1000 50 35000
0 1015 0 1 33487 22 0 1000 7000 0 1 1 0 1000 50 35000
0 1016 0 1 33510 23 0 1000 7000 0 1 1 0 1000 50 35000
0 1006 0 1 33532 22 0 1000 7000 0 1 1 0 1000 50 35000
0 1017 0 1 33555 23 0 1000 7000 0 1 1 0 1000 50 35000
0 1014 0 1 33577 22 0 1000 7000 0 1 1 0 1000 50 35000
0 1012 0 1 33600 23 0 1000 7000 0 1 1 0 1000 50 35000
0 1023 0 1 33623 23 0 1000 7000 0 1 1 0 1000 50 35000
0 1014 0 1 33645 22 0 1000 7000 0 1 1 0 1000 50 35000
0 1015 0 1 33668 23 0 1000 7000 0 1 1 0 1000 50 35000
0 1023 0 1 33690 22 0 1000 7000 0 1 1 0 1000 50 35000
0 1013 0 1 33713 23 0 1000 7000 0 1 1 0 1000 50 35000
0 1015 0 1 33735 22 0 1000 7000 0 1 1 0 1000 50 35000
0 1018 0 1 33758 23 0 1000 7000 0 1 1 0 1000 50 35000
0 1013 0 1 33780 22 0 1000 7000 0 1 1 0 1000 50 35000
0 1017 0 1 33804 24 0 1000 7000 0 1 1 0 1000 50 35000
0 1016 0 1 33826 22 0 1000 7000 0 1 1 0 1000 50 35000
0 1008 0 1 33849 23 0 1000 7000 0 1 1 0 1000 50 35000
0 1017 0 1 33871 22 0 1000 7000 0 1 1 0 1000 50 35000
0 1015 0 1 33894 23 0 1000 7000 0 1 1 0 1000 50 35000
0 1012 0 1 33916 22 0 1000 7000 0 1 1 0 1000 50 35000
0 1017 0 1 33939 23 0 1000 7000 0 1 1 0 1000 50 35000
0 1015 0 1 33961 22 0 1000 7000 0 1 1 0 1000 50 35000
0 1014 0 1 33984 23 0 1000 7000 0 1 1 0 1000 50 35000
0 1021 0 1 34007 23 0 1000 7000 0 1 1 0 1000 50 35000
0 1014 0 1 34029 22 0 1000 7000 0 1 1 0 1000 50 35000
0 1017 0 1 34052 23 0 1000 7000 0 1 1 0 1000 50 35000
0 1020 0 1 34074 22 0 1000 7000 0 1 1 0 1000 50 35000
0 1015 0 1 34097 23 0 1000 7000 0 1 1 0 1000 50 35000
0 1017 0 1 34119 22 0 1000 7000 0 1 1 0 1000 50 35000
0 1017 0 1 34142 23 0 1000 7000 0 1 1 0 1000 50 35000
0 1010 0 1 34164 22 0 1000 7000 0 1 1 0 1000 50 35000
0 1017 0 1 34187 23 0 1000 7000 0 1 1 0 1000 50 35000
0 1021 0 1 34210 23 0 1000 7000 0 1 1 0 1000 50 35000
0 1011 0 1 34233 23 0 1000 7000 0 1 1 0 1000 50 35000
0 1016 0 1 34255 22 0 1000 7000 0 1 1 0 1000 50 35000
0 1015 0 1 34278 23 0 1000 7000 0 1 1 0 1000 50 35000
0 1014 0 1 34300 22 0 1000 7000 0 1 1 0 1000 50 35000
0 1023 0 1 34323 23 0 1000 7000 0 1 1 0 1000 50 35000
0 1015 0 1 34345 22 0 1000 7000 0 1 1 0 1000 50 35000
0 1016 0 1 34368 23 0 1000 7000 0 1 1 0 1000 50 35000
0 1020 0 1 34391 23 0 1000 7000 0 1 1 0 1000 50 35000
0 1014 0 1 34413 22 0 1000 7000 0 1 1 0 1000 50 35000
0 1016 0 1 34436 23 0 1000 7000 0 1 1 0 1000 50 35000
0 1017 0 1 34458 22 0 1000 7000 0 1 1 0 1000 50 35000
0 1016 0 1 34481 23 0 1000 7000 0 1 1 0 1000 50 35000
0 1017 0 1 34503 22 0 1000 7000 0 1 1 0 1000 50 35000
0 1015 0 1 34526 23 0 1000 7000 0 1 1 0 1000 50 35000
0 1011 0 1 34548 22 0 1000 7000 0 1 1 0 1000 50 35000
0 1016 0 1 34571 23 0 1000 7000 0 1 1 0 1000 50 35000
0 1016 0 1 34593 22 0 1000 7000 0 1 1 0 1000 50 35000
0 1013 0 1 34617 24 0 1000 7000 0 1 1 0 1000 50 35000
0 1018 0 1 34639 22 0 1000 7000 0 1 1 0 1000 50 35000
0 1013 0 1 34662 23 0 1000 7000 0 1 1 0 1000 50 35000
0 1016 0 1 34684 22 0 1000 7000 0 1 1 0 1000 50 35000
0 1023 0 1 34707 23 0 1000 7000 0 1 1 0 1000 50 35000
0 1014 0 1 34729 22 0 1000 7000 0 1 1 0 1000 50 35000
0 1016 0 1 34752 23 0 1000 7000 0 1 1 0 1000 50 35000
0 1020 0 1 34775 23 0 1000 7000 0 1 1 0 1000 50 35000
0 1015 0 1 34797 22 0 1000 7000 0 1 1 0 1000 50 35000
0 1016 0 1 34820 23 0 1000 7000 0 1 1 0 1000 50 35000
0 1016 0 1 34842 22 0 1000 7000 0 1 1 0 1000 50 35000
0 1008 0 1 34865 23 0 1000 7000 0 1 1 0 1000 50 35000
0 1017 0 1 34887 22 0 1000 7000 0 1 1 0 1000 50 35000
0 1015 0 1 34910 23 0 1000 7000 0 1 1 0 1000 50 35000
0 1003 0 1 34932 22 0 1000 7000 0 1 1 0 1000 50 35000
0 1015 0 1 34955 23 0 1000 7000 0 1 1 0 1000 50 35000
0 1015 0 1 34977 22 0 1000 7000 0 1 1 0 1000 50 35000
0 1014 0 1 35000 23 0 1000 7000 0 1 1 0 1000 50 35000
0 1023 0 1 35023 23 0 1000 7000 0 1 1 0 1000 50 35000
0 1014 0 1 35046 23 0 1000 7000 0 1 1 0 1000 50 35000
0 1016 0 1 35068 22 0 1000 7000 0 1 1 0 1000 50 35000
0 1021 0 1 35091 23 0 1000 7000 0 1 1 0 1000 50 35000
0 1014 0 1 35113 22 0 1000 7000 0 1 1 0 1000 50 35000
0 1019 0 1 35136 23 0 1000 7000 0 1 1 0 1000 50 35000
0 1016 0 1 35159 23 0 1000 7000 0 1 1 0 1000 50 35000
0 1013 0 1 35181 22 0 1000 7000 0 1 1 0 1000 50 35000
0 1017 0 1 35204 23 0 1000 7000 0 1 1 0 1000 50 35000
0 1015 0 1 35226 22 0 1000 7000 0 1 1 0 1000 50 35000
0 1011 0 1 35249 23 0 1000 7000 0 1 1 0 1000 50 35000
0 1016 0 1 35271 22 0 1000 7000 0 1 1 0 1000 50 35000
0 1015 0 1 35294 23 0 1000 7000 0 1 1 0 1000 50 35000
0 1013 0 1 35316 22 0 1000 7000 0 1 1 0 1000 50 35000
0 1017 0 1 35339 23 0 1000 7000 0 1 1 0 1000 50 35000
0 1014 0 1 35361 22 0 1000 7000 0 1 1 0 1000 50 35000
0 1014 0 1 35384 23 0 1000 7000 0 1 1 0 1000 50 35000
0 1020 0 1 35406 22 0 1000 7000 0 1 1 0 1000 50 35000
0 1015 0 1 35430 24 0 1000 7000 0 1 1 0 1000 50 35000
0 1015 0 1 35452 22 0 1000 7000 0 1 1 0 1000 50 35000
0 1020 0 1 35475 23 0 1000 7000 0 1 1 0 1000 50 35000
0 1014 0 1 35497 22 0 1000 7000 0 1 1 0 1000 50 35000
0 1016 0 1 35520 23 0 1000 7000 0 1 1 0 1000 50 35000
0 1017 0 1 35543 23 0 1000 7000 0 1 1 0 1000 50 35000
0 1010 0 1 35565 22 0 1000 7000 0 1 1 0 1000 50 35000
0 1016 0 1 35588 23 0 1000 7000 0 1 1 0 1000 50 35000
0 1015 0 1 35610 22 0 1000 7000 0 1 1 0 1000 50 35000
0 1009 0 1 35633 23 0 1000 7000 0 1 1 0 1000 50 35000
0 1017 0 1 35655 22 0 1000 7000 0 1 1 0 1000 50 35000
0 1015 0 1 35678 23 0 1000 7000 0 1 1 0 1000 50 35000
0 1011 0 1 35700 22 0 1000 7000 0 1 1 0 1000 50 35000
0 1023 0 1 35723 23 0 1000 7000 0 1 1 0 1000 50 35000
0 1013 0 1 35745 22 0 1000 7000 0 1 1 0 1000 50 35000
0 1015 0 1 35768 23 0 1000 7000 0 1 1 0 1000 50 35000
0 1023 0 1 35790 22 0 1000 7000 0 1 1 0 1000 50 35000
0 1013 0 1 35813 23 0 1000 7000 0 1 1 0 1000 50 35000
0 1015 0 1 35836 23 0 1000 7000 0 1 1 0 1000 50 35000
0 1018 0 1 35859 23 0 1000 7000 0 1 1 0 1000 50 35000
0 1013 0 1 35881 22 0 1000 7000 0 1 1 0 1000 50 35000
0 1016 0 1 35904 23 0 1000 7000 0 1 1 0 1000 50 35000
0 1016 0 1 35927 23 0 1000 7000 0 1 1 0 1000 50 35000
0 1004 0 1 35949 22 0 1000 7000 0 1 1 0 1000 50 35000
0 1017 0 1 35972 23 0 1000 7000 0 1 1 0 1000 50 35000
0 1020 0 1 35994 22 0 1000 7000 0 1 1 0 1000 50 35000
0 1010 0 1 36017 23 0 1000 7000 0 1 1 0 1000 50 35000
0 1016 0 1 36039 22 0 1000 7000 0 1 1 0 1000 50 35000
0 1014 0 1 36062 23 0 1000 7000 0 1 1 0 1000 50 35000
0 1014 0 1 36084 22 0 1000 7000 0 1 1 0 1000 50 35000
0 1019 0 1 36107 23 0 1000 7000 0 1 1 0 1000 50 35000
0 1013 0 1 36129 22 0 1000 7000 0 1 1 0 1000 50 35000
0 1015 0 1 36152 23 0 1000 7000 0 1 1 0 1000 50 35000
0 1021 0 1 36174 22 0 1000 7000 0 1 1 0 1000 50 35000
0 1013 0 1 36197 23 0 1000 7000 0 1 1 0 1000 50 35000
0 1016 0 1 36219 22 0 1000 7000 0 1 1 0 1000 50 35000
0 1017 0 1 36242 23 0 1000 7000 0 1 1 0 1000 50 35000
0 1008 0 1 36265 23 0 1000 7000 0 1 1 0 1000 50 35000
0 1018 0 1 36288 23 0 1000 7000 0 1 1 0 1000 50 35000
0 1016 0 1 36311 23 0 1000 7000 0 1 1 0 1000 50 35000
0 1009 0 1 36333 22 0 1000 7000 0 1 1 0 1000 50 35000
0 1019 0 1 36356 23 0 1000 7000 0 1 1 0 1000 50 35000
0 1015 0 1 36378 22 0 1000 7000 0 1 1 0 1000 50 35000
0 1013 0 1 36401 23 0 1000 7000 0 1 1 0 1000 50 35000
0 1023 0 1 36423 22 0 1000 7000 0 1 1 0 1000 50 35000
0 1014 0 1 36446 23 0 1000 7000 0 1 1 0 1000 50 35000
0 1015 0 1 36468 22 0 1000 7000 0 1 1 0 1000 50 35000
0 1022 0 1 36491 23 0 1000 7000 0 1 1 0 1000 50 35000
0 1014 0 1 36513 22 0 1000 7000 0 1 1 0 1000 50 35000
0 1016 0 1 36536 23 0 1000 7000 0 1 1 0 1000 50 35000
0 1017 0 1 36558 22 0 1000 7000 0 1 1 0 1000 50 35000
0 1013 0 1 36581 23 0 1000 7000 0 1 1 0 1000 50 35000
0 1017 0 1 36603 22 0 1000 7000 0 1 1 0 1000 50 35000
0 1016 0 1 36626 23 0 1000 7000 0 1 1 0 1000 50 35000
0 1014 0 1 36648 22 0 1000 7000 0 1 1 0 1000 50 35000
0 1017 0 1 36672 24 0 1000 7000 0 1 1 0 1000 50 35000
0 1013 0 1 36695 23 0 1000 7000 0 1 1 0 1000 50 35000
0 1005 0 1 36717 22 0 1000 7000 0 1 1 0 1000 50 35000
0 1017 0 1 36740 23 0 1000 7000 0 1 1 0 1000 50 35000
0 1014 0 1 36762 22 0 1000 7000 0 1 1 0 1000 50 35000
0 1014 0 1 36785 23 0 1000 7000 0 1 1 0 1000 50 35000
0 1019 0 1 36807 22 0 1000 7000 0 1 1 0 1000 50 35000
0 1015 0 1 36830 23 0 1000 7000 0 1 1 0 1000 50 35000
0 1015 0 1 36852 22 0 1000 7000 0 1 1 0 1000 50 35000
0 1021 0 1 36875 23 0 1000 7000 0 1 1 0 1000 50 35000
0 1014 0 1 36897 22 0 1000 7000 0 1 1 0 1000 50 35000
0 1016 0 1 36920 23 0 1000 7000 0 1 1 0 1000 50 35000
0 1016 0 1 36942 22 0 1000 7000 0 1 1 0 1000 50 35000
0 1002 0 1 36965 23 0 1000 7000 0 1 1 0 1000 50 35000
0 1017 0 1 36987 22 0 1000 7000 0 1 1 0 1000 50 35000
0 1015 0 1 37010 23 0 1000 7000 0 1 1 0 1000 50 35000
0 1007 0 1 37032 22 0 1000 7000 0 1 1 0 1000 50 35000
0 1017 0 1 37055 23 0 1000 7000 0 1 1 0 1000 50 35000
0 1015 0 1 37079 24 0 1000 7000 0 1 1 0 1000 50 35000
0 1012 0 1 37101 22 0 1000 7000 0 1 1 0 1000 50 35000
0 1022 0 1 37124 23 0 1000 7000 0 1 1 0 1000 50 35000
0 1013 0 1 37146 22 0 1000 7000 0 1 1 0 1000 50 35000
0 1014 0 1 37169 23 0 1000 7000 0 1 1 0 1000 50 35000
0 1023 0 1 37191 22 0 1000 7000 0 1 1 0 1000 50 35000
0 1012 0 1 37214 23 0 1000 7000 0 1 1 0 1000 50 35000
0 1015 0 1 37236 22 0 1000 7000 0 1 1 0 1000 50 35000
0 1018 0 1 37259 23 0 1000 7000 0 1 1 0 1000 50 35000
0 1013 0 1 37281 22 0 1000 7000 0 1 1 0 1000 50 35000
0 1017 0 1 37304 23 0 1000 7000 0 1 1 0 1000 50 35000
0 1017 0 1 37326 22 0 1000 7000 0 1 1 0 1000 50 35000
0 1009 0 1 37349 23 0 1000 7000 0 1 1 0 1000 50 35000
0 1017 0 1 37371 22 0 1000 7000 0 1 1 0 1000 50 35000
0 1015 0 1 37394 23 0 1000 7000 0 1 1 0 1000 50 35000
0 1006 0 1 37416 22 0 1000 7000 0 1 1 0 1000 50 35000
0 1016 0 1 37439 23 0 1000 7000 0 1 1 0 1000 50 35000
0 1015 0 1 37462 23 0 1000 7000 0 1 1 0 1000 50 35000
0 1018 0 1 37484 22 0 1000 7000 0 1 1 0 1000 50 35000
0 1021 0 1 37508 24 0 1000 7000 0 1 1 0 1000 50 35000
0 1014 0 1 37530 22 0 1000 7000 0 1 1 0 1000 50 35000
0 1016 0 1 37553 23 0 1000 7000 0 1 1 0 1000 50 35000
0 1023 0 1 37575 22 0 1000 7000 0 1 1 0 1000 50 35000
0 1014 0 1 37598 23 0 1000 7000 0 1 1 0 1000 50 35000
0 1016 0 1 37620 22 0 1000 7000 0 1 1 0 1000 50 35000
0 1016 0 1 37643 23 0 1000 7000 0 1 1 0 1000 50 35000
0 1007 0 1 37665 22 0 1000 7000 0 1 1 0 1000 50 35000
0 1016 0 1 37688 23 0 1000 7000 0 1 1 0 1000 50 35000
0 1014 0 1 37710 22 0 1000 7000 0 1 1 0 1000 50 35000
0 1008 0 1 37733 23 0 1000 7000 0 1 1 0 1000 50 35000
0 1016 0 1 37755 22 0 1000 7000 0 1 1 0 1000 50 35000
0 1015 0 1 37778 23 0 1000 7000 0 1 1 0 1000 50 35000
0 1013 0 1 37800 22 0 1000 7000 0 1 1 0 1000 50 35000
0 1020 0 1 37823 23 0 1000 7000 0 1 1 0 1000 50 35000
0 1013 0 1 37846 23 0 1000 7000 0 1 1 0 1000 50 35000
0 1013 0 1 37868 22 0 1000 7000 0 1 1 0 1000 50 35000
0 1023 0 1 37891 23 0 1000 7000 0 1 1 0 1000 50 35000
0 1013 0 1 37914 23 0 1000 7000 0 1 1 0 1000 50 35000
0 1015 0 1 37937 23 0 1000 7000 0 1 1 0 1000 50 35000
0 1019 0 1 37959 22 0 1000 7000 0 1 1 0 1000 50 35000
0 1015 0 1 37982 23 0 1000 7000 0 1 1 0 1000 50 35000
0 1017 0 1 38004 22 0 1000 7000 0 1 1 0 1000 50 35000
0 1016 0 1 38027 23 0 1000 7000 0 1 1 0 1000 50 35000
0 1010 0 1 38049 22 0 1000 7000 0 1 1 0 1000 50 35000
0 1017 0 1 38072 23 0 1000 7000 0 1 1 0 1000 50 35000
0 1015 0 1 38094 22 0 1000 7000 0 1 1 0 1000 50 35000
0 1008 0 1 38117 23 0 1000 7000 0 1 1 0 1000 50 35000
0 1015 0 1 38139 22 0 1000 7000 0 1 1 0 1000 50 35000
0 1013 0 1 38162 23 0 1000 7000 0 1 1 0 1000 50 35000
0 1003 0 1 38184 22 0 1000 7000 0 1 1 0 1000 50 35000
0 1023 0 1 38207 23 0 1000 7000 0 1 1 0 1000 50 35000
0 1012 0 1 38230 23 0 1000 7000 0 1 1 0 1000 50 35000
0 1017 0 1 38252 22 0 1000 7000 0 1 1 0 1000 50 35000
0 1023 0 1 38275 23 0 1000 7000 0 1 1 0 1000 50 35000
0 1014 0 1 38297 22 0 1000 7000 0 1 1 0 1000 50 35000
0 1018 0 1 38321 24 0 1000 7000 0 1 1 0 1000 50 35000
0 1017 0 1 38343 22 0 1000 7000 0 1 1 0 1000 50 35000
0 1005 0 1 38366 23 0 1000 7000 0 1 1 0 1000 50 35000
0 1015 0 1 38388 22 0 1000 7000 0 1 1 0 1000 50 35000
0 1015 0 1 38411 23 0 1000 7000 0 1 1 0 1000 50 35000
0 1006 0 1 38433 22 0 1000 7000 0 1 1 0 1000 50 35000
0 1016 0 1 38456 23 0 1000 7000 0 1 1 0 1000 50 35000
0 1014 0 1 38478 22 0 1000 7000 0 1 1 0 1000 50 35000
0 1014 0 1 38501 23 0 1000 7000 0 1 1 0 1000 50 35000
0 1016 0 1 38523 22 0 1000 7000 0 1 1 0 1000 50 35000
0 1013 0 1 38546 23 0 1000 7000 0 1 1 0 1000 50 35000
0 1023 0 1 38568 22 0 1000 7000 0 1 1 0 1000 50 35000
0 1020 0 1 38591 23 0 1000 7000 0 1 1 0 1000 50 35000
0 1014 0 1 38614 23 0 1000 7000 0 1 1 0 1000 50 35000
0 1011 0 1 38636 22 0 1000 7000 0 1 1 0 1000 50 35000
0 1020 0 1 38659 23 0 1000 7000 0 1 1 0 1000 50 35000
0 1013 0 1 38681 22 0 1000 7000 0 1 1 0 1000 50 35000
0 1017 0 1 38704 23 0 1000 7000 0 1 1 0 1000 50 35000
0 1018 0 1 38726 22 0 1000 7000 0 1 1 0 1000 50 35000
0 1011 0 1 38750 24 0 1000 7000 0 1 1 0 1000 50 35000
0 1018 0 1 38772 22 0 1000 7000 0 1 1 0 1000 50 35000
0 1017 0 1 38795 23 0 1000 7000 0 1 1 0 1000 50 35000
0 1010 0 1 38817 22 0 1000 7000 0 1 1 0 1000 50 35000
0 1016 0 1 38840 23 0 1000 7000 0 1 1 0 1000 50 35000
0 1014 0 1 38862 22 0 1000 7000 0 1 1 0 1000 50 35000
0 1013 0 1 38885 23 0 1000 7000 0 1 1 0 1000 50 35000
0 1023 0 1 38907 22 0 1000 7000 0 1 1 0 1000 50 35000
0 1014 0 1 38930 23 0 1000 7000 0 1 1 0 1000 50 35000
0 1014 0 1 38952 22 0 1000 7000 0 1 1 0 1000 50 35000
0 1019 0 1 38975 23 0 1000 7000 0 1 1 0 1000 50 35000
0 1013 0 1 38998 23 0 1000 7000 0 1 1 0 1000 50 35000
0 1015 0 1 39020 22 0 1000 7000 0 1 1 0 1000 50 35000
0 1023 0 1 39043 23 0 1000 7000 0 1 1 0 1000 50 35000
0 1003 0 1 39065 22 0 1000 7000 0 1 1 0 1000 50 35000
0 1013 0 1 39088 23 0 1000 7000 0 1 1 0 1000 50 35000
0 1015 0 1 39110 22 0 1000 7000 0 1 1 0 1000 50 35000
0 1007 0 1 39133 23 0 1000 7000 0 1 1 0 1000 50 35000
0 1018 0 1 39156 23 0 1000 7000 0 1 1 0 1000 50 35000
0 1014 0 1 39179 23 0 1000 7000 0 1 1 0 1000 50 35000
0 1013 0 1 39201 22 0 1000 7000 0 1 1 0 1000 50 35000
0 1019 0 1 39224 23 0 1000 7000 0 1 1 0 1000 50 35000
0 1011 0 1 39246 22 0 1000 7000 0 1 1 0 1000 50 35000
0 1013 0 1 39269 23 0 1000 7000 0 1 1 0 1000 50 35000
0 1022 0 1 39291 22 0 1000 7000 0 1 1 0 1000 50 35000
0 1013 0 1 39314 23 0 1000 7000 0 1 1 0 1000 50 35000
0 1014 0 1 39336 22 0 1000 7000 0 1 1 0 1000 50 35000
0 1021 0 1 39359 23 0 1000 7000 0 1 1 0 1000 50 35000
0 1012 0 1 39382 23 0 1000 7000 0 1 1 0 1000 50 35000
0 1016 0 1 39404 22 0 1000 7000 0 1 1 0 1000 50 35000
0 1013 0 1 39427 23 0 1000 7000 0 1 1 0 1000 50 35000
0 1014 0 1 39449 22 0 1000 7000 0 1 1 0 1000 50 35000
0 1016 0 1 39472 23 0 1000 7000 0 1 1 0 1000 50 35000
0 1015 0 1 39494 22 0 1000 7000 0 1 1 0 1000 50 35000
0 1008 0 1 39517 23 0 1000 7000 0 1 1 0 1000 50 35000
0 1017 0 1 39539 22 0 1000 7000 0 1 1 0 1000 50 35000
0 1015 0 1 39563 24 0 1000 7000 0 1 1 0 1000 50 35000
0 1012 0 1 39585 22 0 1000 7000 0 1 1 0 1000 50 35000
0 1022 0 1 39608 23 0 1000 7000 0 1 1 0 1000 50 35000
0 1014 0 1 39630 22 0 1000 7000 0 1 1 0 1000 50 35000
0 1013 0 1 39653 23 0 1000 7000 0 1 1 0 1000 50 35000
0 1023 0 1 39675 22 0 1000 7000 0 1 1 0 1000 50 35000
0 1013 0 1 39698 23 0 1000 7000 0 1 1 0 1000 50 35000
0 1015 0 1 39720 22 0 1000 7000 0 1 1 0 1000 50 35000
0 1017 0 1 39743 23 0 1000 7000 0 1 1 0 1000 50 35000
0 1005 0 1 39766 23 0 1000 7000 0 1 1 0 1000 50 35000
0 1015 0 1 39788 22 0 1000 7000 0 1 1 0 1000 50 35000
0 1016 0 1 39811 23 0 1000 7000 0 1 1 0 1000 50 35000
0 1006 0 1 39833 22 0 1000 7000 0 1 1 0 1000 50 35000
0 1016 0 1 39856 23 0 1000 7000 0 1 1 0 1000 50 35000
0 1015 0 1 39878 22 0 1000 7000 0 1 1 0 1000 50 35000
0 1011 0 1 39901 23 0 1000 7000 0 1 1 0 1000 50 35000
0 1016 0 1 39923 22 0 1000 7000 0 1 1 0 1000 50 35000
0 1015 0 1 39946 23 0 1000 7000 0 1 1 0 1000 50 35000
0 1014 0 1 39969 23 0 1000 7000 0 1 1 0 1000 50 35000
0 1021 0 1 39992 23 0 1000 7000 0 1 1 0 1000 50 35000
0 1013 0 1 40014 22 0 1000 7000 0 1 1 0 1000 50 35000
0 1016 0 1 40037 23 0 1000 7000 0 1 1 0 1000 50 35000
0 1022 0 1 40059 22 0 1000 7000 0 1 1 0 1000 50 35000
0 1013 0 1 40082 23 0 1000 7000 0 1 1 0 1000 50 35000
0 1018 0 1 40104 22 0 1000 7000 0 1 1 0 1000 50 35000
0 1007 0 1 40127 23 0 1000 7000 0 1 1 0 1000 50 35000
0 1008 0 1 40150 23 0 1000 7000 0 1 1 0 1000 50 35000
0 1016 0 1 40172 22 0 1000 7000 0 1 1 0 1000 50 35000
0 1018 0 1 40195 23 0 1000 7000 0 1 1 0 1000 50 35000
0 996 0 1 40217 22 0 1000 7000 0 1 1 0 1000 50 35000
0 1016 0 1 40240 23 0 1000 7000 0 1 1 0 1000 50 35000
0 1014 0 1 40262 22 0 1000 7000 0 1 1 0 1000 50 35000
0 1010 0 1 40285 23 0 1000 7000 0 1 1 0 1000 50 35000
0 1023 0 1 40307 22 0 1000 7000 0 1 1 0 1000 50 35000
0 1013 0 1 40330 23 0 1000 7000 0 1 1 0 1000 50 35000
0 1013 0 1 40352 22 0 1000 7000 0 1 1 0 1000 50 35000
0 1023 0 1 40375 23 0 1000 7000 0 1 1 0 1000 50 35000
0 1014 0 1 40397 22 0 1000 7000 0 1 1 0 1000 50 35000
0 1014 0 1 40421 24 0 1000 7000 0 1 1 0 1000 50 35000
0 1017 0 1 40443 22 0 1000 7000 0 1 1 0 1000 50 35000
0 1011 0 1 40466 23 0 1000 7000 0 1 1 0 1000 50 35000
0 1014 0 1 40488 22 0 1000 7000 0 1 1 0 1000 50 35000
0 1015 0 1 40511 23 0 1000 7000 0 1 1 0 1000 50 35000
0 1009 0 1 40534 23 0 1000 7000 0 1 1 0 1000 50 35000
0 1018 0 1 40556 22 0 1000 7000 0 1 1 0 1000 50 35000
0 1020 0 1 40579 23 0 1000 7000 0 1 1 0 1000 50 35000
0 1009 0 1 40601 22 0 1000 7000 0 1 1 0 1000 50 35000
0 1016 0 1 40624 23 0 1000 7000 0 1 1 0 1000 50 35000
0 1012 0 1 40646 22 0 1000 7000 0 1 1 0 1000 50 35000
0 1015 0 1 40669 23 0 1000 7000 0 1 1 0 1000 50 35000
0 1020 0 1 40691 22 0 1000 7000 0 1 1 0 1000 50 35000
0 1013 0 1 40714 23 0 1000 7000 0 1 1 0 1000 50 35000
0 1014 0 1 40736 22 0 1000 7000 0 1 1 0 1000 50 35000
0 1021 0 1 40759 23 0 1000 7000 0 1 1 0 1000 50 35000
0 1014 0 1 40781 22 0 1000 7000 0 1 1 0 1000 50 35000
0 1017 0 1 40804 23 0 1000 7000 0 1 1 0 1000 50 35000
0 1019 0 1 40827 23 0 1000 7000 0 1 1 0 1000 50 35000
0 1005 0 1 40850 23 0 1000 7000 0 1 1 0 1000 50 35000
0 1016 0 1 40872 22 0 1000 7000 0 1 1 0 1000 50 35000
0 1015 0 1 40895 23 0 1000 7000 0 1 1 0 1000 50 35000
0 1005 0 1 40918 23 0 1000 7000 0 1 1 0 1000 50 35000
0 1016 0 1 40940 22 0 1000 7000 0 1 1 0 1000 50 35000
0 1014 0 1 40963 23 0 1000 7000 0 1 1 0 1000 50 35000
0 1014 0 1 40985 22 0 1000 7000 0 1 1 0 1000 50 35000
0 1023 0 1 41008 23 0 1000 7000 0 1 1 0 1000 50 35000
0 1013 0 1 41030 22 0 1000 7000 0 1 1 0 1000 50 35000
0 1014 0 1 41053 23 0 1000 7000 0 1 1 0 1000 50 35000
0 1023 0 1 41075 22 0 1000 7000 0 1 1 0 1000 50 35000
0 1013 0 1 41098 23 0 1000 7000 0 1 1 0 1000 50 35000
0 1014 0 1 41120 22 0 1000 7000 0 1 1 0 1000 50 35000
0 1018 0 1 41143 23 0 1000 7000 0 1 1 0 1000 50 35000
0 1012 0 1 41165 22 0 1000 7000 0 1 1 0 1000 50 35000
0 1014 0 1 41188 23 0 1000 7000 0 1 1 0 1000 50 35000
0 1014 0 1 41210 22 0 1000 7000 0 1 1 0 1000 50 35000
0 1009 0 1 41233 23 0 1000 7000 0 1 1 0 1000 50 35000
0 1016 0 1 41256 23 0 1000 7000 0 1 1 0 1000 50 35000
0 1014 0 1 41279 23 0 1000 7000 0 1 1 0 1000 50 35000
0 1007 0 1 41302 23 0 1000 7000 0 1 1 0 1000 50 35000
0 1018 0 1 41324 22 0 1000 7000 0 1 1 0 1000 50 35000
0 1012 0 1 41347 23 0 1000 7000 0 1 1 0 1000 50 35000
0 1014 0 1 41369 22 0 1000 7000 0 1 1 0 1000 50 35000
0 1021 0 1 41392 23 0 1000 7000 0 1 1 0 1000 50 35000
0 1013 0 1 41414 22 0 1000 7000 0 1 1 0 1000 50 35000
0 1014 0 1 41437 23 0 1000 7000 0 1 1 0 1000 50 35000
0 1023 0 1 41459 22 0 1000 7000 0 1 1 0 1000 50 35000
0 1012 0 1 41482 23 0 1000 7000 0 1 1 0 1000 50 35000
0 1014 0 1 41504 22 0 1000 7000 0 1 1 0 1000 50 35000
0 1019 0 1 41527 23 0 1000 7000 0 1 1 0 1000 50 35000
0 1002 0 1 41549 22 0 1000 7000 0 1 1 0 1000 50 35000
0 1016 0 1 41572 23 0 1000 7000 0 1 1 0 1000 50 35000
0 1015 0 1 41594 22 0 1000 7000 0 1 1 0 1000 50 35000
0 1006 0 1 41617 23 0 1000 7000 0 1 1 0 1000 50 35000
0 1016 0 1 41639 22 0 1000 7000 0 1 1 0 1000 50 35000
0 1014 0 1 41662 23 0 1000 7000 0 1 1 0 1000 50 35000
0 1011 0 1 41686 24 0 1000 7000 0 1 1 0 1000 50 35000
0 1019 0 1 41708 22 0 1000 7000 0 1 1 0 1000 50 35000
0 1013 0 1 41731 23 0 1000 7000 0 1 1 0 1000 50 35000
0 1013 0 1 41753 22 0 1000 7000 0 1 1 0 1000 50 35000
0 1022 0 1 41776 23 0 1000 7000 0 1 1 0 1000 50 35000
0 1012 0 1 41798 22 0 1000 7000 0 1 1 0 1000 50 35000
0 1014 0 1 41821 23 0 1000 7000 0 1 1 0 1000 50 35000
0 1016 0 1 41843 22 0 1000 7000 0 1 1 0 1000 50 35000
0 1013 0 1 41866 23 0 1000 7000 0 1 1 0 1000 50 35000
0 1017 0 1 41888 22 0 1000 7000 0 1 1 0 1000 50 35000
0 1015 0 1 41911 23 0 1000 7000 0 1 1 0 1000 50 35000
0 999 0 1 41933 22 0 1000 7000 0 1 1 0 1000 50 35000
0 1019 0 1 41956 23 0 1000 7000 0 1 1 0 1000 50 35000
0 1014 0 1 41978 22 0 1000 7000 0 1 1 0 1000 50 35000
0 1007 0 1 42001 23 0 1000 7000 0 1 1 0 1000 50 35000
0 1016 0 1 42023 22 0 1000 7000 0 1 1 0 1000 50 35000
0 1013 0 1 42046 23 0 1000 7000 0 1 1 0 1000 50 35000
0 1011 0 1 42068 22 0 1000 7000 0 1 1 0 1000 50 35000
0 1023 0 1 42091 23 0 1000 7000 0 1 1 0 1000 50 35000
0 1014 0 1 42114 23 0 1000 7000 0 1 1 0 1000 50 35000
0 1015 0 1 42137 23 0 1000 7000 0 1 1 0 1000 50 35000
0 1023 0 1 42160 23 0 1000 7000 0 1 1 0 1000 50 35000
0 1013 0 1 42182 22 0 1000 7000 0 1 1 0 1000 50 35000
0 1015 0 1 42205 23 0 1000 7000 0 1 1 0 1000 50 35000
0 1017 0 1 42227 22 0 1000 7000 0 1 1 0 1000 50 35000
0 1002 0 1 42250 23 0 1000 7000 0 1 1 0 1000 50 35000
0 1015 0 1 42272 22 0 1000 7000 0 1 1 0 1000 50 35000
0 1015 0 1 42295 23 0 1000 7000 0 1 1 0 1000 50 35000
0 1006 0 1 42317 22 0 1000 7000 0 1 1 0 1000 50 35000
0 1018 0 1 42340 23 0 1000 7000 0 1 1 0 1000 50 35000
0 1014 0 1 42362 22 0 1000 7000 0 1 1 0 1000 50 35000
0 1012 0 1 42385 23 0 1000 7000 0 1 1 0 1000 50 35000
0 1016 0 1 42407 22 0 1000 7000 0 1 1 0 1000 50 35000
0 1011 0 1 42430 23 0 1000 7000 0 1 1 0 1000 50 35000
0 1014 0 1 42452 22 0 1000 7000 0 1 1 0 1000 50 35000
0 1019 0 1 42475 23 0 1000 7000 0 1 1 0 1000 50 35000
0 1013 0 1 42498 23 0 1000 7000 0 1 1 0 1000 50 35000
0 1014 0 1 42520 22 0 1000 7000 0 1 1 0 1000 50 35000
0 1023 0 1 42543 23 0 1000 7000 0 1 1 0 1000 50 35000
0 1013 0 1 42566 23 0 1000 7000 0 1 1 0 1000 50 35000
0 1017 0 1 42589 23 0 1000 7000 0 1 1 0 1000 50 35000
0 1016 0 1 42611 22 0 1000 7000 0 1 1 0 1000 50 35000
0 1004 0 1 42634 23 0 1000 7000 0 1 1 0 1000 50 35000
0 1015 0 1 42656 22 0 1000 7000 0 1 1 0 1000 50 35000
0 1015 0 1 42679 23 0 1000 7000 0 1 1 0 1000 50 35000
0 1008 0 1 42701 22 0 1000 7000 0 1 1 0 1000 50 35000
0 1015 0 1 42724 23 0 1000 7000 0 1 1 0 1000 50 35000
0 1009 0 1 42746 22 0 1000 7000 0 1 1 0 1000 50 35000
0 1008 0 1 42769 23 0 1000 7000 0 1 1 0 1000 50 35000
0 1023 0 1 42791 22 0 1000 7000 0 1 1 0 1000 50 35000
0 1015 0 1 42814 23 0 1000 7000 0 1 1 0 1000 50 35000
0 1014 0 1 42836 22 0 1000 7000 0 1 1 0 1000 50 35000
0 1022 0 1 42859 23 0 1000 7000 0 1 1 0 1000 50 35000
0 1013 0 1 42882 23 0 1000 7000 0 1 1 0 1000 50 35000
0 1012 0 1 42904 22 0 1000 7000 0 1 1 0 1000 50 35000
0 1017 0 1 42927 23 0 1000 7000 0 1 1 0 1000 50 35000
0 1012 0 1 42949 22 0 1000 7000 0 1 1 0 1000 50 35000
0 1016 0 1 42972 23 0 1000 7000 0 1 1 0 1000 50 35000
0 1015 0 1 42995 23 0 1000 7000 0 1 1 0 1000 50 35000
0 1010 0 1 43018 23 0 1000 7000 0 1 1 0 1000 50 35000
0 1015 0 1 43040 22 0 1000 7000 0 1 1 0 1000 50 35000
0 1014 0 1 43063 23 0 1000 7000 0 1 1 0 1000 50 35000
0 1012 0 1 43085 22 0 1000 7000 0 1 1 0 1000 50 35000
0 1015 0 1 43108 23 0 1000 7000 0 1 1 0 1000 50 35000
0 1013 0 1 43130 22 0 1000 7000 0 1 1 0 1000 50 35000
0 1012 0 1 43153 23 0 1000 7000 0 1 1 0 1000 50 35000
0 1018 0 1 43175 22 0 1000 7000 0 1 1 0 1000 50 35000
0 1014 0 1 43198 23 0 1000 7000 0 1 1 0 1000 50 35000
0 1014 0 1 43220 22 0 1000 7000 0 1 1 0 1000 50 35000
0 1017 0 1 43243 23 0 1000 7000 0 1 1 0 1000 50 35000
0 1015 0 1 43266 23 0 1000 7000 0 1 1 0 1000 50 35000
0 1016 0 1 43288 22 0 1000 7000 0 1 1 0 1000 50 35000
0 1015 0 1 43311 23 0 1000 7000 0 1 1 0 1000 50 35000
0 1008 0 1 43333 22 0 1000 7000 0 1 1 0 1000 50 35000
0 1015 0 1 43356 23 0 1000 7000 0 1 1 0 1000 50 35000
0 1013 0 1 43378 22 0 1000 7000 0 1 1 0 1000 50 35000
0 1009 0 1 43402 24 0 1000 7000 0 1 1 0 1000 50 35000
0 1016 0 1 43424 22 0 1000 7000 0 1 1 0 1000 50 35000
0 1013 0 1 43447 23 0 1000 7000 0 1 1 0 1000 50 35000
0 1013 0 1 43469 22 0 1000 7000 0 1 1 0 1000 50 35000
0 1021 0 1 43492 23 0 1000 7000 0 1 1 0 1000 50 35000
0 1013 0 1 43514 22 0 1000 7000 0 1 1 0 1000 50 35000
0 1014 0 1 43537 23 0 1000 7000 0 1 1 0 1000 50 35000
0 1021 0 1 43559 22 0 1000 7000 0 1 1 0 1000 50 35000
0 1014 0 1 43582 23 0 1000 7000 0 1 1 0 1000 50 35000
0 1015 0 1 43604 22 0 1000 7000 0 1 1 0 1000 50 35000
0 1017 0 1 43627 23 0 1000 7000 0 1 1 0 1000 50 35000
0 1012 0 1 43650 23 0 1000 7000 0 1 1 0 1000 50 35000
0 1016 0 1 43672 22 0 1000 7000 0 1 1 0 1000 50 35000
0 1023 0 1 43695 23 0 1000 7000 0 1 1 0 1000 50 35000
0 1010 0 1 43717 22 0 1000 7000 0 1 1 0 1000 50 35000
0 1016 0 1 43740 23 0 1000 7000 0 1 1 0 1000 50 35000
0 1014 0 1 43762 22 0 1000 7000 0 1 1 0 1000 50 35000
0 1009 0 1 43785 23 0 1000 7000 0 1 1 0 1000 50 35000
0 1017 0 1 43808 23 0 1000 7000 0 1 1 0 1000 50 35000
0 1013 0 1 43831 23 0 1000 7000 0 1 1 0 1000 50 35000
0 1019 0 1 43853 22 0 1000 7000 0 1 1 0 1000 50 35000
0 1019 0 1 43876 23 0 1000 7000 0 1 1 0 1000 50 35000
0 1009 0 1 43898 22 0 1000 7000 0 1 1 0 1000 50 35000
0 1014 0 1 43921 23 0 1000 7000 0 1 1 0 1000 50 35000
0 1019 0 1 43943 22 0 1000 7000 0 1 1 0 1000 50 35000
0 1014 0 1 43966 23 0 1000 7000 0 1 1 0 1000 50 35000
0 1015 0 1 43988 22 0 1000 7000 0 1 1 0 1000 50 35000
0 1016 0 1 44011 23 0 1000 7000 0 1 1 0 1000 50 35000
0 1007 0 1 44034 23 0 1000 7000 0 1 1 0 1000 50 35000
0 1015 0 1 44056 22 0 1000 7000 0 1 1 0 1000 50 35000
0 1014 0 1 44079 23 0 1000 7000 0 1 1 0 1000 50 35000
0 999 0 1 44101 22 0 1000 7000 0 1 1 0 1000 50 35000
0 1016 0 1 44124 23 0 1000 7000 0 1 1 0 1000 50 35000
0 1014 0 1 44146 22 0 1000 7000 0 1 1 0 1000 50 35000
0 1014 0 1 44169 23 0 1000 7000 0 1 1 0 1000 50 35000
0 1018 0 1 44191 22 0 1000 7000 0 1 1 0 1000 50 35000
0 1013 0 1 44214 23 0 1000 7000 0 1 1 0 1000 50 35000
0 1014 0 1 44237 23 0 1000 7000 0 1 1 0 1000 50 35000
0 1021 0 1 44260 23 0 1000 7000 0 1 1 0 1000 50 35000
0 1013 0 1 44282 22 0 1000 7000 0 1 1 0 1000 50 35000
0 1015 0 1 44305 23 0 1000 7000 0 1 1 0 1000 50 35000
0 1017 0 1 44327 22 0 1000 7000 0 1 1 0 1000 50 35000
0 1013 0 1 44350 23 0 1000 7000 0 1 1 0 1000 50 35000
0 1016 0 1 44372 22 0 1000 7000 0 1 1 0 1000 50 35000
0 1014 0 1 44395 23 0 1000 7000 0 1 1 0 1000 50 35000
0 1010 0 1 44418 23 0 1000 7000 0 1 1 0 1000 50 35000
0 1016 0 1 44440 22 0 1000 7000 0 1 1 0 1000 50 35000
0 1013 0 1 44463 23 0 1000 7000 0 1 1 0 1000 50 35000
0 1010 0 1 44485 22 0 1000 7000 0 1 1 0 1000 50 35000
0 1015 0 1 44508 23 0 1000 7000 0 1 1 0 1000 50 35000
0 1012 0 1 44530 22 0 1000 7000 0 1 1 0 1000 50 35000
0 1012 0 1 44553 23 0 1000 7000 0 1 1 0 1000 50 35000
0 1019 0 1 44575 22 0 1000 7000 0 1 1 0 1000 50 35000
0 1013 0 1 44598 23 0 1000 7000 0 1 1 0 1000 50 35000
0 1015 0 1 44620 22 0 1000 7000 0 1 1 0 1000 50 35000
0 1023 0 1 44644 24 0 1000 7000 0 1 1 0 1000 50 35000
0 1013 0 1 44666 22 0 1000 7000 0 1 1 0 1000 50 35000
0 1015 0 1 44689 23 0 1000 7000 0 1 1 0 1000 50 35000
0 1016 0 1 44711 22 0 1000 7000 0 1 1 0 1000 50 35000
0 1006 0 1 44734 23 0 1000 7000 0 1 1 0 1000 50 35000
0 1015 0 1 44756 22 0 1000 7000 0 1 1 0 1000 50 35000
0 1015 0 1 44779 23 0 1000 7000 0 1 1 0 1000 50 35000
0 1010 0 1 44802 23 0 1000 7000 0 1 1 0 1000 50 35000
0 1016 0 1 44824 22 0 1000 7000 0 1 1 0 1000 50 35000
0 1013 0 1 44847 23 0 1000 7000 0 1 1 0 1000 50 35000
0 1012 0 1 44869 22 0 1000 7000 0 1 1 0 1000 50 35000
0 1017 0 1 44892 23 0 1000 7000 0 1 1 0 1000 50 35000
0 1013 0 1 44914 22 0 1000 7000 0 1 1 0 1000 50 35000
0 1013 0 1 44937 23 0 1000 7000 0 1 1 0 1000 50 35000
0 1019 0 1 44959 22 0 1000 7000 0 1 1 0 1000 50 35000
0 1013 0 1 44982 23 0 1000 7000 0 1 1 0 1000 50 35000
0 1014 0 1 45004 22 0 1000 7000 0 1 1 0 1000 50 35000
0 1017 0 1 45027 23 0 1000 7000 0 1 1 0 1000 50 35000
0 1013 0 1 45049 22 0 1000 7000 0 1 1 0 1000 50 35000
0 1015 0 1 45073 24 0 1000 7000 0 1 1 0 1000 50 35000
0 1021 0 1 45095 22 0 1000 7000 0 1 1 0 1000 50 35000
0 1010 0 1 45118 23 0 1000 7000 0 1 1 0 1000 50 35000
0 1017 0 1 45140 22 0 1000 7000 0 1 1 0 1000 50 35000
0 1011 0 1 45163 23 0 1000 7000 0 1 1 0 1000 50 35000
0 1010 0 1 45186 23 0 1000 7000 0 1 1 0 1000 50 35000
0 1015 0 1 45208 22 0 1000 7000 0 1 1 0 1000 50 35000
0 1013 0 1 45231 23 0 1000 7000 0 1 1 0 1000 50 35000
0 1014 0 1 45253 22 0 1000 7000 0 1 1 0 1000 50 35000
0 1022 0 1 45276 23 0 1000 7000 0 1 1 0 1000 50 35000
0 1014 0 1 45298 22 0 1000 7000 0 1 1 0 1000 50 35000
0 1014 0 1 45321 23 0 1000 7000 0 1 1 0 1000 50 35000
0 1021 0 1 45343 22 0 1000 7000 0 1 1 0 1000 50 35000
0 1013 0 1 45366 23 0 1000 7000 0 1 1 0 1000 50 35000
0 1015 0 1 45388 22 0 1000 7000 0 1 1 0 1000 50 35000
0 1016 0 1 45411 23 0 1000 7000 0 1 1 0 1000 50 35000
0 1005 0 1 45433 22 0 1000 7000 0 1 1 0 1000 50 35000
0 1015 0 1 45456 23 0 1000 7000 0 1 1 0 1000 50 35000
0 1015 0 1 45479 23 0 1000 7000 0 1 1 0 1000 50 35000
0 1008 0 1 45502 23 0 1000 7000 0 1 1 0 1000 50 35000
0 1017 0 1 45524 22 0 1000 7000 0 1 1 0 1000 50 35000
0 1014 0 1 45547 23 0 1000 7000 0 1 1 0 1000 50 35000
0 1016 0 1 45570 23 0 1000 7000 0 1 1 0 1000 50 35000
0 1016 0 1 45592 22 0 1000 7000 0 1 1 0 1000 50 35000
0 1013 0 1 45615 23 0 1000 7000 0 1 1 0 1000 50 35000
0 1013 0 1 45637 22 0 1000 7000 0 1 1 0 1000 50 35000
0 1019 0 1 45660 23 0 1000 7000 0 1 1 0 1000 50 35000
0 1013 0 1 45682 22 0 1000 7000 0 1 1 0 1000 50 35000
0 1015 0 1 45705 23 0 1000 7000 0 1 1 0 1000 50 35000
0 1020 0 1 45727 22 0 1000 7000 0 1 1 0 1000 50 35000
0 1012 0 1 45750 23 0 1000 7000 0 1 1 0 1000 50 35000
0 1015 0 1 45772 22 0 1000 7000 0 1 1 0 1000 50 35000
0 1014 0 1 45795 23 0 1000 7000 0 1 1 0 1000 50 35000
0 1011 0 1 45817 22 0 1000 7000 0 1 1 0 1000 50 35000
0 1015 0 1 45840 23 0 1000 7000 0 1 1 0 1000 50 35000
0 1015 0 1 45862 22 0 1000 7000 0 1 1 0 1000 50 35000
0 1009 0 1 45886 24 0 1000 7000 0 1 1 0 1000 50 35000
0 1015 0 1 45908 22 0 1000 7000 0 1 1 0 1000 50 35000
0 1014 0 1 45931 23 0 1000 7000 0 1 1 0 1000 50 35000
0 1016 0 1 45954 23 0 1000 7000 0 1 1 0 1000 50 35000
0 1020 0 1 45976 22 0 1000 7000 0 1 1 0 1000 50 35000
0 1016 0 1 45999 23 0 1000 7000 0 1 1 0 1000 50 35000
0 1013 0 1 46021 22 0 1000 7000 0 1 1 0 1000 50 35000
0 1021 0 1 46044 23 0 1000 7000 0 1 1 0 1000 50 35000
0 1016 0 1 46066 22 0 1000 7000 0 1 1 0 1000 50 35000
0 1017 0 1 46089 23 0 1000 7000 0 1 1 0 1000 50 35000
0 1014 0 1 46111 22 0 1000 7000 0 1 1 0 1000 50 35000
0 1010 0 1 46134 23 0 1000 7000 0 1 1 0 1000 50 35000
0 1016 0 1 46156 22 0 1000 7000 0 1 1 0 1000 50 35000
0 1014 0 1 46179 23 0 1000 7000 0 1 1 0 1000 50 35000
0 1008 0 1 46201 22 0 1000 7000 0 1 1 0 1000 50 35000
0 1013 0 1 46224 23 0 1000 7000 0 1 1 0 1000 50 35000
0 1013 0 1 46246 22 0 1000 7000 0 1 1 0 1000 50 35000
0 1013 0 1 46269 23 0 1000 7000 0 1 1 0 1000 50 35000
0 1016 0 1 46292 23 0 1000 7000 0 1 1 0 1000 50 35000
0 1014 0 1 46315 23 0 1000 7000 0 1 1 0 1000 50 35000
0 1014 0 1 46338 23 0 1000 7000 0 1 1 0 1000 50 35000
0 1017 0 1 46360 22 0 1000 7000 0 1 1 0 1000 50 35000
0 1013 0 1 46383 23 0 1000 7000 0 1 1 0 1000 50 35000
0 1016 0 1 46405 22 0 1000 7000 0 1 1 0 1000 50 35000
0 1018 0 1 46428 23 0 1000 7000 0 1 1 0 1000 50 35000
0 1013 0 1 46450 22 0 1000 7000 0 1 1 0 1000 50 35000
0 1016 0 1 46473 23 0 1000 7000 0 1 1 0 1000 50 35000
0 1015 0 1 46495 22 0 1000 7000 0 1 1 0 1000 50 35000
0 1009 0 1 46518 23 0 1000 7000 0 1 1 0 1000 50 35000
0 1015 0 1 46540 22 0 1000 7000 0 1 1 0 1000 50 35000
0 1015 0 1 46563 23 0 1000 7000 0 1 1 0 1000 50 35000
0 1004 0 1 46585 22 0 1000 7000 0 1 1 0 1000 50 35000
0 1015 0 1 46608 23 0 1000 7000 0 1 1 0 1000 50 35000
0 1014 0 1 46630 22 0 1000 7000 0 1 1 0 1000 50 35000
0 1012 0 1 46653 23 0 1000 7000 0 1 1 0 1000 50 35000
0 1023 0 1 46675 22 0 1000 7000 0 1 1 0 1000 50 35000
0 1013 0 1 46698 23 0 1000 7000 0 1 1 0 1000 50 35000
0 1014 0 1 46722 24 0 1000 7000 0 1 1 0 1000 50 35000
0 1021 0 1 46744 22 0 1000 7000 0 1 1 0 1000 50 35000
0 1013 0 1 46767 23 0 1000 7000 0 1 1 0 1000 50 35000
0 1014 0 1 46789 22 0 1000 7000 0 1 1 0 1000 50 35000
0 1016 0 1 46812 23 0 1000 7000 0 1 1 0 1000 50 35000
0 1011 0 1 46834 22 0 1000 7000 0 1 1 0 1000 50 35000
0 1015 0 1 46857 23 0 1000 7000 0 1 1 0 1000 50 35000
0 1015 0 1 46879 22 0 1000 7000 0 1 1 0 1000 50 35000
0 1009 0 1 46902 23 0 1000 7000 0 1 1 0 1000 50 35000
0 1015 0 1 46924 22 0 1000 7000 0 1 1 0 1000 50 35000
0 1014 0 1 46947 23 0 1000 7000 0 1 1 0 1000 50 35000
0 1009 0 1 46969 22 0 1000 7000 0 1 1 0 1000 50 35000
0 1015 0 1 46992 23 0 1000 7000 0 1 1 0 1000 50 35000
0 1013 0 1 47014 22 0 1000 7000 0 1 1 0 1000 50 35000
0 1013 0 1 47037 23 0 1000 7000 0 1 1 0 1000 50 35000
0 1018 0 1 47059 22 0 1000 7000 0 1 1 0 1000 50 35000
0 1013 0 1 47082 23 0 1000 7000 0 1 1 0 1000 50 35000
0 1014 0 1 47105 23 0 1000 7000 0 1 1 0 1000 50 35000
0 1017 0 1 47128 23 0 1000 7000 0 1 1 0 1000 50 35000
0 1012 0 1 47151 23 0 1000 7000 0 1 1 0 1000 50 35000
0 1016 0 1 47173 22 0 1000 7000 0 1 1 0 1000 50 35000
0 1015 0 1 47196 23 0 1000 7000 0 1 1 0 1000 50 35000
0 1009 0 1 47218 22 0 1000 7000 0 1 1 0 1000 50 35000
0 1015 0 1 47241 23 0 1000 7000 0 1 1 0 1000 50 35000
0 1015 0 1 47263 22 0 1000 7000 0 1 1 0 1000 50 35000
0 1007 0 1 47286 23 0 1000 7000 0 1 1 0 1000 50 35000
0 1018 0 1 47308 22 0 1000 7000 0 1 1 0 1000 50 35000
0 1013 0 1 47331 23 0 1000 7000 0 1 1 0 1000 50 35000
0 1006 0 1 47353 22 0 1000 7000 0 1 1 0 1000 50 35000
0 1023 0 1 47376 23 0 1000 7000 0 1 1 0 1000 50 35000
0 1014 0 1 47398 22 0 1000 7000 0 1 1 0 1000 50 35000
0 1013 0 1 47421 23 0 1000 7000 0 1 1 0 1000 50 35000
0 1023 0 1 47443 22 0 1000 7000 0 1 1 0 1000 50 35000
0 1012 0 1 47466 23 0 1000 7000 0 1 1 0 1000 50 35000
0 1014 0 1 47489 23 0 1000 7000 0 1 1 0 1000 50 35000
0 1017 0 1 47511 22 0 1000 7000 0 1 1 0 1000 50 35000
0 1011 0 1 47535 24 0 1000 7000 0 1 1 0 1000 50 35000
0 1016 0 1 47557 22 0 1000 7000 0 1 1 0 1000 50 35000
0 1015 0 1 47580 23 0 1000 7000 0 1 1 0 1000 50 35000
0 1009 0 1 47602 22 0 1000 7000 0 1 1 0 1000 50 35000
0 1015 0 1 47625 23 0 1000 7000 0 1 1 0 1000 50 35000
0 1014 0 1 47647 22 0 1000 7000 0 1 1 0 1000 50 35000
0 1009 0 1 47670 23 0 1000 7000 0 1 1 0 1000 50 35000
0 1015 0 1 47692 22 0 1000 7000 0 1 1 0 1000 50 35000
0 1012 0 1 47715 23 0 1000 7000 0 1 1 0 1000 50 35000
0 1013 0 1 47737 22 0 1000 7000 0 1 1 0 1000 50 35000
0 1018 0 1 47760 23 0 1000 7000 0 1 1 0 1000 50 35000
0 1013 0 1 47782 22 0 1000 7000 0 1 1 0 1000 50 35000
0 1015 0 1 47805 23 0 1000 7000 0 1 1 0 1000 50 35000
0 1020 0 1 47827 22 0 1000 7000 0 1 1 0 1000 50 35000
0 1012 0 1 47850 23 0 1000 7000 0 1 1 0 1000 50 35000
0 1015 0 1 47873 23 0 1000 7000 0 1 1 0 1000 50 35000
0 1013 0 1 47895 22 0 1000 7000 0 1 1 0 1000 50 35000
0 1007 0 1 47918 23 0 1000 7000 0 1 1 0 1000 50 35000
0 1015 0 1 47941 23 0 1000 7000 0 1 1 0 1000 50 35000
0 1014 0 1 47964 23 0 1000 7000 0 1 1 0 1000 50 35000
0 1008 0 1 47986 22 0 1000 7000 0 1 1 0 1000 50 35000
0 1015 0 1 48009 23 0 1000 7000 0 1 1 0 1000 50 35000
0 1016 0 1 48031 22 0 1000 7000 0 1 1 0 1000 50 35000
0 1012 0 1 48054 23 0 1000 7000 0 1 1 0 1000 50 35000
0 1023 0 1 48076 22 0 1000 7000 0 1 1 0 1000 50 35000
0 1013 0 1 48099 23 0 1000 7000 0 1 1 0 1000 50 35000
0 1015 0 1 48121 22 0 1000 7000 0 1 1 0 1000 50 35000
0 1020 0 1 48144 23 0 1000 7000 0 1 1 0 1000 50 35000
0 1013 0 1 48166 22 0 1000 7000 0 1 1 0 1000 50 35000
0 1015 0 1 48189 23 0 1000 7000 0 1 1 0 1000 50 35000
0 1014 0 1 48211 22 0 1000 7000 0 1 1 0 1000 50 35000
0 1012 0 1 48234 23 0 1000 7000 0 1 1 0 1000 50 35000
0 1016 0 1 48257 23 0 1000 7000 0 1 1 0 1000 50 35000
0 1015 0 1 48279 22 0 1000 7000 0 1 1 0 1000 50 35000
0 1009 0 1 48302 23 0 1000 7000 0 1 1 0 1000 50 35000
0 1016 0 1 48324 22 0 1000 7000 0 1 1 0 1000 50 35000
0 1015 0 1 48347 23 0 1000 7000 0 1 1 0 1000 50 35000
0 1009 0 1 48370 23 0 1000 7000 0 1 1 0 1000 50 35000
0 1014 0 1 48393 23 0 1000 7000 0 1 1 0 1000 50 35000
0 1013 0 1 48415 22 0 1000 7000 0 1 1 0 1000 50 35000
0 1013 0 1 48438 23 0 1000 7000 0 1 1 0 1000 50 35000
0 1019 0 1 48460 22 0 1000 7000 0 1 1 0 1000 50 35000
0 1012 0 1 48483 23 0 1000 7000 0 1 1 0 1000 50 35000
0 1014 0 1 48505 22 0 1000 7000 0 1 1 0 1000 50 35000
0 1021 0 1 48528 23 0 1000 7000 0 1 1 0 1000 50 35000
0 1013 0 1 48550 22 0 1000 7000 0 1 1 0 1000 50 35000
0 1014 0 1 48573 23 0 1000 7000 0 1 1 0 1000 50 35000
0 1014 0 1 48595 22 0 1000 7000 0 1 1 0 1000 50 35000
0 1006 0 1 48618 23 0 1000 7000 0 1 1 0 1000 50 35000
0 1015 0 1 48641 23 0 1000 7000 0 1 1 0 1000 50 35000
0 1014 0 1 48663 22 0 1000 7000 0 1 1 0 1000 50 35000
0 1006 0 1 48686 23 0 1000 7000 0 1 1 0 1000 50 35000
0 1015 0 1 48708 22 0 1000 7000 0 1 1 0 1000 50 35000
0 1012 0 1 48731 23 0 1000 7000 0 1 1 0 1000 50 35000
0 1008 0 1 48753 22 0 1000 7000 0 1 1 0 1000 50 35000
0 1015 0 1 48777 24 0 1000 7000 0 1 1 0 1000 50 35000
0 1013 0 1 48799 22 0 1000 7000 0 1 1 0 1000 50 35000
0 1013 0 1 48822 23 0 1000 7000 0 1 1 0 1000 50 35000
0 1019 0 1 48844 22 0 1000 7000 0 1 1 0 1000 50 35000
0 1012 0 1 48867 23 0 1000 7000 0 1 1 0 1000 50 35000
0 1014 0 1 48889 22 0 1000 7000 0 1 1 0 1000 50 35000
0 1017 0 1 48912 23 0 1000 7000 0 1 1 0 1000 50 35000
0 1013 0 1 48934 22 0 1000 7000 0 1 1 0 1000 50 35000
0 1014 0 1 48957 23 0 1000 7000 0 1 1 0 1000 50 35000
0 1015 0 1 48979 22 0 1000 7000 0 1 1 0 1000 50 35000
0 1009 0 1 49002 23 0 1000 7000 0 1 1 0 1000 50 35000
0 1016 0 1 49025 23 0 1000 7000 0 1 1 0 1000 50 35000
0 1014 0 1 49047 22 0 1000 7000 0 1 1 0 1000 50 35000
0 1009 0 1 49070 23 0 1000 7000 0 1 1 0 1000 50 35000
0 1015 0 1 49092 22 0 1000 7000 0 1 1 0 1000 50 35000
0 1012 0 1 49115 23 0 1000 7000 0 1 1 0 1000 50 35000
0 1011 0 1 49137 22 0 1000 7000 0 1 1 0 1000 50 35000
0 1020 0 1 49160 23 0 1000 7000 0 1 1 0 1000 50 35000
0 1014 0 1 49183 23 0 1000 7000 0 1 1 0 1000 50 35000
0 1014 0 1 49206 23 0 1000 7000 0 1 1 0 1000 50 35000
0 1020 0 1 49228 22 0 1000 7000 0 1 1 0 1000 50 35000
0 1013 0 1 49251 23 0 1000 7000 0 1 1 0 1000 50 35000
0 1014 0 1 49273 22 0 1000 7000 0 1 1 0 1000 50 35000
0 1016 0 1 49296 23 0 1000 7000 0 1 1 0 1000 50 35000
0 1005 0 1 49318 22 0 1000 7000 0 1 1 0 1000 50 35000
0 1015 0 1 49341 23 0 1000 7000 0 1 1 0 1000 50 35000
0 1014 0 1 49363 22 0 1000 7000 0 1 1 0 1000 50 35000
0 1007 0 1 49386 23 0 1000 7000 0 1 1 0 1000 50 35000
0 1015 0 1 49409 23 0 1000 7000 0 1 1 0 1000 50 35000
0 1018 0 1 49431 22 0 1000 7000 0 1 1 0 1000 50 35000
0 1011 0 1 49454 23 0 1000 7000 0 1 1 0 1000 50 35000
0 1016 0 1 49476 22 0 1000 7000 0 1 1 0 1000 50 35000
0 1012 0 1 49499 23 0 1000 7000 0 1 1 0 1000 50 35000
0 1021 0 1 49521 22 0 1000 7000 0 1 1 0 1000 50 35000
0 1017 0 1 49544 23 0 1000 7000 0 1 1 0 1000 50 35000
0 1013 0 1 49566 22 0 1000 7000 0 1 1 0 1000 50 35000
0 1017 0 1 49590 24 0 1000 7000 0 1 1 0 1000 50 35000
0 1017 0 1 49612 22 0 1000 7000 0 1 1 0 1000 50 35000
0 1014 0 1 49635 23 0 1000 7000 0 1 1 0 1000 50 35000
0 1018 0 1 49657 22 0 1000 7000 0 1 1 0 1000 50 35000
0 1015 0 1 49680 23 0 1000 7000 0 1 1 0 1000 50 35000
0 1011 0 1 49702 22 0 1000 7000 0 1 1 0 1000 50 35000
0 1015 0 1 49725 23 0 1000 7000 0 1 1 0 1000 50 35000
0 1014 0 1 49747 22 0 1000 7000 0 1 1 0 1000 50 35000
0 1008 0 1 49770 23 0 1000 7000 0 1 1 0 1000 50 35000
0 1015 0 1 49793 23 0 1000 7000 0 1 1 0 1000 50 35000
0 1013 0 1 49815 22 0 1000 7000 0 1 1 0 1000 50 35000
0 1008 0 1 49838 23 0 1000 7000 0 1 1 0 1000 50 35000
0 1022 0 1 49860 22 0 1000 7000 0 1 1 0 1000 50 35000
0 1015 0 1 49883 23 0 1000 7000 0 1 1 0 1000 50 35000
0 1011 0 1 49905 22 0 1000 7000 0 1 1 0 1000 50 35000
0 1021 0 1 49928 23 0 1000 7000 0 1 1 0 1000 50 35000
0 1013 0 1 49950 22 0 1000 7000 0 1 1 0 1000 50 35000
0 1015 0 1 49973 23 0 1000 7000 0 1 1 0 1000 50 35000
0 1014 0 1 49996 23 0 1000 7000 0 1 1 0 1000 50 35000
0 1004 0 1 50019 23 0 1000 7000 0 1 1 0 1000 50 35000
0 1015 0 1 50041 22 0 1000 7000 0 1 1 0 1000 50 35000
0 1013 0 1 50064 23 0 1000 7000 0 1 1 0 1000 50 35000
0 1007 0 1 50086 22 0 1000 7000 0 1 1 0 1000 50 35000
0 1016 0 1 50109 23 0 1000 7000 0 1 1 0 1000 50 35000
0 1014 0 1 50131 22 0 1000 7000 0 1 1 0 1000 50 35000
0 1012 0 1 50154 23 0 1000 7000 0 1 1 0 1000 50 35000
0 1015 0 1 50177 23 0 1000 7000 0 1 1 0 1000 50 35000
0 1009 0 1 50199 22 0 1000 7000 0 1 1 0 1000 50 35000
0 1013 0 1 50222 23 0 1000 7000 0 1 1 0 1000 50 35000
0 1017 0 1 50244 22 0 1000 7000 0 1 1 0 1000 50 35000
0 1012 0 1 50267 23 0 1000 7000 0 1 1 0 1000 50 35000
0 1014 0 1 50289 22 0 1000 7000 0 1 1 0 1000 50 35000
0 1017 0 1 50312 23 0 1000 7000 0 1 1 0 1000 50 35000
0 1012 0 1 50334 22 0 1000 7000 0 1 1 0 1000 50 35000
0 1015 0 1 50357 23 0 1000 7000 0 1 1 0 1000 50 35000
0 1016 0 1 50379 22 0 1000 7000 0 1 1 0 1000 50 35000
0 1010 0 1 50403 24 0 1000 7000 0 1 1 0 1000 50 35000
0 1019 0 1 50425 22 0 1000 7000 0 1 1 0 1000 50 35000
0 1013 0 1 50448 23 0 1000 7000 0 1 1 0 1000 50 35000
0 1006 0 1 50470 22 0 1000 7000 0 1 1 0 1000 50 35000
0 1013 0 1 50493 23 0 1000 7000 0 1 1 0 1000 50 35000
0 1014 0 1 50515 22 0 1000 7000 0 1 1 0 1000 50 35000
0 1007 0 1 50538 23 0 1000 7000 0 1 1 0 1000 50 35000
0 1022 0 1 50561 23 0 1000 7000 0 1 1 0 1000 50 35000
0 1013 0 1 50583 22 0 1000 7000 0 1 1 0 1000 50 35000
0 1012 0 1 50606 23 0 1000 7000 0 1 1 0 1000 50 35000
0 1020 0 1 50628 22 0 1000 7000 0 1 1 0 1000 50 35000
0 1012 0 1 50651 23 0 1000 7000 0 1 1 0 1000 50 35000
0 1009 0 1 50673 22 0 1000 7000 0 1 1 0 1000 50 35000
0 1012 0 1 50696 23 0 1000 7000 0 1 1 0 1000 50 35000
0 1010 0 1 50718 22 0 1000 7000 0 1 1 0 1000 50 35000
0 1015 0 1 50741 23 0 1000 7000 0 1 1 0 1000 50 35000
0 1013 0 1 50763 22 0 1000 7000 0 1 1 0 1000 50 35000
0 1009 0 1 50786 23 0 1000 7000 0 1 1 0 1000 50 35000
0 1015 0 1 50809 23 0 1000 7000 0 1 1 0 1000 50 35000
0 1013 0 1 50832 23 0 1000 7000 0 1 1 0 1000 50 35000
0 1003 0 1 50854 22 0 1000 7000 0 1 1 0 1000 50 35000
0 1015 0 1 50877 23 0 1000 7000 0 1 1 0 1000 50 35000
0 1012 0 1 50899 22 0 1000 7000 0 1 1 0 1000 50 35000
0 1013 0 1 50922 23 0 1000 7000 0 1 1 0 1000 50 35000
0 1015 0 1 50945 23 0 1000 7000 0 1 1 0 1000 50 35000
0 1012 0 1 50967 22 0 1000 7000 0 1 1 0 1000 50 35000
0 1014 0 1 50990 23 0 1000 7000 0 1 1 0 1000 50 35000
0 1016 0 1 51012 22 0 1000 7000 0 1 1 0 1000 50 35000
0 1013 0 1 51035 23 0 1000 7000 0 1 1 0 1000 50 35000
0 1015 0 1 51057 22 0 1000 7000 0 1 1 0 1000 50 35000
0 1015 0 1 51080 23 0 1000 7000 0 1 1 0 1000 50 35000
0 1009 0 1 51102 22 0 1000 7000 0 1 1 0 1000 50 35000
0 1015 0 1 51125 23 0 1000 7000 0 1 1 0 1000 50 35000
0 1013 0 1 51147 22 0 1000 7000 0 1 1 0 1000 50 35000
0 1006 0 1 51170 23 0 1000 7000 0 1 1 0 1000 50 35000
0 1015 0 1 51192 22 0 1000 7000 0 1 1 0 1000 50 35000
0 1017 0 1 51215 23 0 1000 7000 0 1 1 0 1000 50 35000
0 1013 0 1 51238 23 0 1000 7000 0 1 1 0 1000 50 35000
0 1022 0 1 51261 23 0 1000 7000 0 1 1 0 1000 50 35000
0 1013 0 1 51283 22 0 1000 7000 0 1 1 0 1000 50 35000
0 1013 0 1 51306 23 0 1000 7000 0 1 1 0 1000 50 35000
0 1020 0 1 51329 23 0 1000 7000 0 1 1 0 1000 50 35000
0 1014 0 1 51351 22 0 1000 7000 0 1 1 0 1000 50 35000
0 1014 0 1 51374 23 0 1000 7000 0 1 1 0 1000 50 35000
0 1016 0 1 51396 22 0 1000 7000 0 1 1 0 1000 50 35000
0 1012 0 1 51419 23 0 1000 7000 0 1 1 0 1000 50 35000
0 1015 0 1 51441 22 0 1000 7000 0 1 1 0 1000 50 35000
0 1014 0 1 51464 23 0 1000 7000 0 1 1 0 1000 50 35000
0 1011 0 1 51486 22 0 1000 7000 0 1 1 0 1000 50 35000
0 1012 0 1 51509 23 0 1000 7000 0 1 1 0 1000 50 35000
0 1014 0 1 51531 22 0 1000 7000 0 1 1 0 1000 50 35000
0 1002 0 1 51554 23 0 1000 7000 0 1 1 0 1000 50 35000
0 1014 0 1 51576 22 0 1000 7000 0 1 1 0 1000 50 35000
0 1009 0 1 51599 23 0 1000 7000 0 1 1 0 1000 50 35000
0 1012 0 1 51621 22 0 1000 7000 0 1 1 0 1000 50 35000
0 1016 0 1 51644 23 0 1000 7000 0 1 1 0 1000 50 35000
0 1013 0 1 51667 23 0 1000 7000 0 1 1 0 1000 50 35000
0 1014 0 1 51690 23 0 1000 7000 0 1 1 0 1000 50 35000
0 1019 0 1 51713 23 0 1000 7000 0 1 1 0 1000 50 35000
0 1014 0 1 51735 22 0 1000 7000 0 1 1 0 1000 50 35000
0 1013 0 1 51758 23 0 1000 7000 0 1 1 0 1000 50 35000
0 1015 0 1 51780 22 0 1000 7000 0 1 1 0 1000 50 35000
0 1006 0 1 51803 23 0 1000 7000 0 1 1 0 1000 50 35000
0 1014 0 1 51825 22 0 1000 7000 0 1 1 0 1000 50 35000
0 1014 0 1 51848 23 0 1000 7000 0 1 1 0 1000 50 35000
0 1011 0 1 51870 22 0 1000 7000 0 1 1 0 1000 50 35000
0 1015 0 1 51893 23 0 1000 7000 0 1 1 0 1000 50 35000
0 1014 0 1 51915 22 0 1000 7000 0 1 1 0 1000 50 35000
0 1012 0 1 51938 23 0 1000 7000 0 1 1 0 1000 50 35000
0 1016 0 1 51960 22 0 1000 7000 0 1 1 0 1000 50 35000
0 1012 0 1 51983 23 0 1000 7000 0 1 1 0 1000 50 35000
0 1013 0 1 52005 22 0 1000 7000 0 1 1 0 1000 50 35000
0 1018 0 1 52028 23 0 1000 7000 0 1 1 0 1000 50 35000
0 1013 0 1 52050 22 0 1000 7000 0 1 1 0 1000 50 35000
0 1014 0 1 52073 23 0 1000 7000 0 1 1 0 1000 50 35000
0 1016 0 1 52097 24 0 1000 7000 0 1 1 0 1000 50 35000
0 1013 0 1 52119 22 0 1000 7000 0 1 1 0 1000 50 35000
0 1015 0 1 52142 23 0 1000 7000 0 1 1 0 1000 50 35000
0 1003 0 1 52164 22 0 1000 7000 0 1 1 0 1000 50 35000
0 1008 0 1 52187 23 0 1000 7000 0 1 1 0 1000 50 35000
0 1015 0 1 52209 22 0 1000 7000 0 1 1 0 1000 50 35000
0 1013 0 1 52232 23 0 1000 7000 0 1 1 0 1000 50 35000
0 1010 0 1 52254 22 0 1000 7000 0 1 1 0 1000 50 35000
0 1014 0 1 52277 23 0 1000 7000 0 1 1 0 1000 50 35000
0 1013 0 1 52299 22 0 1000 7000 0 1 1 0 1000 50 35000
0 1010 0 1 52322 23 0 1000 7000 0 1 1 0 1000 50 35000
0 1020 0 1 52344 22 0 1000 7000 0 1 1 0 1000 50 35000
0 1013 0 1 52367 23 0 1000 7000 0 1 1 0 1000 50 35000
0 1013 0 1 52389 22 0 1000 7000 0 1 1 0 1000 50 35000
0 1021 0 1 52412 23 0 1000 7000 0 1 1 0 1000 50 35000
0 1012 0 1 52434 22 0 1000 7000 0 1 1 0 1000 50 35000
0 1013 0 1 52457 23 0 1000 7000 0 1 1 0 1000 50 35000
0 1017 0 1 52480 23 0 1000 7000 0 1 1 0 1000 50 35000
0 1010 0 1 52502 22 0 1000 7000 0 1 1 0 1000 50 35000
0 1014 0 1 52526 24 0 1000 7000 0 1 1 0 1000 50 35000
0 1006 0 1 52548 22 0 1000 7000 0 1 1 0 1000 50 35000
0 1007 0 1 52571 23 0 1000 7000 0 1 1 0 1000 50 35000
0 1014 0 1 52593 22 0 1000 7000 0 1 1 0 1000 50 35000
0 1013 0 1 52616 23 0 1000 7000 0 1 1 0 1000 50 35000
0 1014 0 1 52638 22 0 1000 7000 0 1 1 0 1000 50 35000
0 1013 0 1 52661 23 0 1000 7000 0 1 1 0 1000 50 35000
0 1013 0 1 52683 22 0 1000 7000 0 1 1 0 1000 50 35000
0 1017 0 1 52706 23 0 1000 7000 0 1 1 0 1000 50 35000
0 1017 0 1 52728 22 0 1000 7000 0 1 1 0 1000 50 35000
0 1012 0 1 52751 23 0 1000 7000 0 1 1 0 1000 50 35000
0 1012 0 1 52773 22 0 1000 7000 0 1 1 0 1000 50 35000
0 1018 0 1 52796 23 0 1000 7000 0 1 1 0 1000 50 35000
0 1011 0 1 52818 22 0 1000 7000 0 1 1 0 1000 50 35000
0 1013 0 1 52841 23 0 1000 7000 0 1 1 0 1000 50 35000
0 1014 0 1 52864 23 0 1000 7000 0 1 1 0 1000 50 35000
0 1009 0 1 52886 22 0 1000 7000 0 1 1 0 1000 50 35000
0 1013 0 1 52909 23 0 1000 7000 0 1 1 0 1000 50 35000
0 1012 0 1 52931 22 0 1000 7000 0 1 1 0 1000 50 35000
0 1009 0 1 52955 24 0 1000 7000 0 1 1 0 1000 50 35000
0 1015 0 1 52977 22 0 1000 7000 0 1 1 0 1000 50 35000
0 1013 0 1 53000 23 0 1000 7000 0 1 1 0 1000 50 35000
0 1013 0 1 53022 22 0 1000 7000 0 1 1 0 1000 50 35000
0 1021 0 1 53045 23 0 1000 7000 0 1 1 0 1000 50 35000
0 1013 0 1 53067 22 0 1000 7000 0 1 1 0 1000 50 35000
0 1015 0 1 53090 23 0 1000 7000 0 1 1 0 1000 50 35000
0 1019 0 1 53112 22 0 1000 7000 0 1 1 0 1000 50 35000
0 1013 0 1 53135 23 0 1000 7000 0 1 1 0 1000 50 35000
0 1012 0 1 53157 22 0 1000 7000 0 1 1 0 1000 50 35000
0 1013 0 1 53180 23 0 1000 7000 0 1 1 0 1000 50 35000
0 1012 0 1 53202 22 0 1000 7000 0 1 1 0 1000 50 35000
0 1015 0 1 53225 23 0 1000 7000 0 1 1 0 1000 50 35000
0 1014 0 1 53248 23 0 1000 7000 0 1 1 0 1000 50 35000
0 1009 0 1 53270 22 0 1000 7000 0 1 1 0 1000 50 35000
0 1016 0 1 53293 23 0 1000 7000 0 1 1 0 1000 50 35000
0 1014 0 1 53315 22 0 1000 7000 0 1 1 0 1000 50 35000
0 1011 0 1 53338 23 0 1000 7000 0 1 1 0 1000 50 35000
0 1016 0 1 53361 23 0 1000 7000 0 1 1 0 1000 50 35000
0 1013 0 1 53384 23 0 1000 7000 0 1 1 0 1000 50 35000
0 1012 0 1 53406 22 0 1000 7000 0 1 1 0 1000 50 35000
0 1016 0 1 53429 23 0 1000 7000 0 1 1 0 1000 50 35000
0 1014 0 1 53451 22 0 1000 7000 0 1 1 0 1000 50 35000
0 1014 0 1 53474 23 0 1000 7000 0 1 1 0 1000 50 35000
0 1017 0 1 53496 22 0 1000 7000 0 1 1 0 1000 50 35000
0 1013 0 1 53519 23 0 1000 7000 0 1 1 0 1000 50 35000
0 1013 0 1 53541 22 0 1000 7000 0 1 1 0 1000 50 35000
0 1016 0 1 53564 23 0 1000 7000 0 1 1 0 1000 50 35000
0 1009 0 1 53586 22 0 1000 7000 0 1 1 0 1000 50 35000
0 1014 0 1 53609 23 0 1000 7000 0 1 1 0 1000 50 35000
0 1012 0 1 53632 23 0 1000 7000 0 1 1 0 1000 50 35000
0 1007 0 1 53654 22 0 1000 7000 0 1 1 0 1000 50 35000
0 1015 0 1 53677 23 0 1000 7000 0 1 1 0 1000 50 35000
0 1013 0 1 53699 22 0 1000 7000 0 1 1 0 1000 50 35000
0 1011 0 1 53722 23 0 1000 7000 0 1 1 0 1000 50 35000
0 1023 0 1 53744 22 0 1000 7000 0 1 1 0 1000 50 35000
0 1013 0 1 53768 24 0 1000 7000 0 1 1 0 1000 50 35000
0 1013 0 1 53790 22 0 1000 7000 0 1 1 0 1000 50 35000
0 1020 0 1 53813 23 0 1000 7000 0 1 1 0 1000 50 35000
0 1011 0 1 53835 22 0 1000 7000 0 1 1 0 1000 50 35000
0 1014 0 1 53858 23 0 1000 7000 0 1 1 0 1000 50 35000
0 1015 0 1 53880 22 0 1000 7000 0 1 1 0 1000 50 35000
0 1012 0 1 53903 23 0 1000 7000 0 1 1 0 1000 50 35000
0 1015 0 1 53925 22 0 1000 7000 0 1 1 0 1000 50 35000
0 1014 0 1 53948 23 0 1000 7000 0 1 1 0 1000 50 35000
0 1011 0 1 53970 22 0 1000 7000 0 1 1 0 1000 50 35000
0 1013 0 1 53993 23 0 1000 7000 0 1 1 0 1000 50 35000
0 1013 0 1 54016 23 0 1000 7000 0 1 1 0 1000 50 35000
0 1010 0 1 54038 22 0 1000 7000 0 1 1 0 1000 50 35000
0 1014 0 1 54061 23 0 1000 7000 0 1 1 0 1000 50 35000
0 1012 0 1 54083 22 0 1000 7000 0 1 1 0 1000 50 35000
0 1013 0 1 54106 23 0 1000 7000 0 1 1 0 1000 50 35000
0 1017 0 1 54128 22 0 1000 7000 0 1 1 0 1000 50 35000
0 1014 0 1 54151 23 0 1000 7000 0 1 1 0 1000 50 35000
0 1014 0 1 54174 23 0 1000 7000 0 1 1 0 1000 50 35000
0 1016 0 1 54197 23 0 1000 7000 0 1 1 0 1000 50 35000
0 1012 0 1 54219 22 0 1000 7000 0 1 1 0 1000 50 35000
0 1013 0 1 54242 23 0 1000 7000 0 1 1 0 1000 50 35000
0 1013 0 1 54264 22 0 1000 7000 0 1 1 0 1000 50 35000
0 1009 0 1 54287 23 0 1000 7000 0 1 1 0 1000 50 35000
0 1014 0 1 54309 22 0 1000 7000 0 1 1 0 1000 50 35000
0 1014 0 1 54332 23 0 1000 7000 0 1 1 0 1000 50 35000
0 1007 0 1 54354 22 0 1000 7000 0 1 1 0 1000 50 35000
0 1015 0 1 54377 23 0 1000 7000 0 1 1 0 1000 50 35000
0 1009 0 1 54400 23 0 1000 7000 0 1 1 0 1000 50 35000
0 1011 0 1 54422 22 0 1000 7000 0 1 1 0 1000 50 35000
0 1017 0 1 54445 23 0 1000 7000 0 1 1 0 1000 50 35000
0 1012 0 1 54467 22 0 1000 7000 0 1 1 0 1000 50 35000
0 1013 0 1 54490 23 0 1000 7000 0 1 1 0 1000 50 35000
0 1019 0 1 54512 22 0 1000 7000 0 1 1 0 1000 50 35000
0 1012 0 1 54535 23 0 1000 7000 0 1 1 0 1000 50 35000
0 1014 0 1 54557 22 0 1000 7000 0 1 1 0 1000 50 35000
0 1018 0 1 54580 23 0 1000 7000 0 1 1 0 1000 50 35000
0 1012 0 1 54603 23 0 1000 7000 0 1 1 0 1000 50 35000
0 1015 0 1 54626 23 0 1000 7000 0 1 1 0 1000 50 35000
0 1013 0 1 54648 22 0 1000 7000 0 1 1 0 1000 50 35000
0 1009 0 1 54671 23 0 1000 7000 0 1 1 0 1000 50 35000
0 1012 0 1 54693 22 0 1000 7000 0 1 1 0 1000 50 35000
0 1017 0 1 54716 23 0 1000 7000 0 1 1 0 1000 50 35000
0 1011 0 1 54738 22 0 1000 7000 0 1 1 0 1000 50 35000
0 1014 0 1 54761 23 0 1000 7000 0 1 1 0 1000 50 35000
0 1012 0 1 54784 23 0 1000 7000 0 1 1 0 1000 50 35000
0 1012 0 1 54806 22 0 1000 7000 0 1 1 0 1000 50 35000
0 1017 0 1 54829 23 0 1000 7000 0 1 1 0 1000 50 35000
0 1014 0 1 54851 22 0 1000 7000 0 1 1 0 1000 50 35000
0 1013 0 1 54874 23 0 1000 7000 0 1 1 0 1000 50 35000
0 1019 0 1 54896 22 0 1000 7000 0 1 1 0 1000 50 35000
0 1012 0 1 54919 23 0 1000 7000 0 1 1 0 1000 50 35000
0 1014 0 1 54941 22 0 1000 7000 0 1 1 0 1000 50 35000
0 1016 0 1 54964 23 0 1000 7000 0 1 1 0 1000 50 35000
0 1001 0 1 54986 22 0 1000 7000 0 1 1 0 1000 50 35000
0 1015 0 1 55010 24 0 1000 7000 0 1 1 0 1000 50 35000
0 1023 0 1 55032 22 0 1000 7000 0 1 1 0 1000 50 35000
0 1007 0 1 55055 23 0 1000 7000 0 1 1 0 1000 50 35000
0 1014 0 1 55077 22 0 1000 7000 0 1 1 0 1000 50 35000
0 1013 0 1 55100 23 0 1000 7000 0 1 1 0 1000 50 35000
0 1003 0 1 55122 22 0 1000 7000 0 1 1 0 1000 50 35000
0 1016 0 1 55145 23 0 1000 7000 0 1 1 0 1000 50 35000
0 1012 0 1 55168 23 0 1000 7000 0 1 1 0 1000 50 35000
0 1008 0 1 55190 22 0 1000 7000 0 1 1 0 1000 50 35000
0 1018 0 1 55213 23 0 1000 7000 0 1 1 0 1000 50 35000
0 1012 0 1 55235 22 0 1000 7000 0 1 1 0 1000 50 35000
0 1015 0 1 55258 23 0 1000 7000 0 1 1 0 1000 50 35000
0 1019 0 1 55280 22 0 1000 7000 0 1 1 0 1000 50 35000
0 1012 0 1 55303 23 0 1000 7000 0 1 1 0 1000 50 35000
0 1015 0 1 55325 22 0 1000 7000 0 1 1 0 1000 50 35000
0 1014 0 1 55348 23 0 1000 7000 0 1 1 0 1000 50 35000
0 1010 0 1 55370 22 0 1000 7000 0 1 1 0 1000 50 35000
0 1015 0 1 55393 23 0 1000 7000 0 1 1 0 1000 50 35000
0 1014 0 1 55416 23 0 1000 7000 0 1 1 0 1000 50 35000
0 1003 0 1 55439 23 0 1000 7000 0 1 1 0 1000 50 35000
0 1014 0 1 55461 22 0 1000 7000 0 1 1 0 1000 50 35000
0 1012 0 1 55484 23 0 1000 7000 0 1 1 0 1000 50 35000
0 1011 0 1 55506 22 0 1000 7000 0 1 1 0 1000 50 35000
0 1018 0 1 55529 23 0 1000 7000 0 1 1 0 1000 50 35000
0 1012 0 1 55552 23 0 1000 7000 0 1 1 0 1000 50 35000
0 1013 0 1 55574 22 0 1000 7000 0 1 1 0 1000 50 35000
0 1019 0 1 55597 23 0 1000 7000 0 1 1 0 1000 50 35000
0 1012 0 1 55619 22 0 1000 7000 0 1 1 0 1000 50 35000
0 1014 0 1 55642 23 0 1000 7000 0 1 1 0 1000 50 35000
0 1016 0 1 55664 22 0 1000 7000 0 1 1 0 1000 50 35000
0 1004 0 1 55687 23 0 1000 7000 0 1 1 0 1000 50 35000
0 1014 0 1 55709 22 0 1000 7000 0 1 1 0 1000 50 35000
0 1013 0 1 55732 23 0 1000 7000 0 1 1 0 1000 50 35000
0 1006 0 1 55754 22 0 1000 7000 0 1 1 0 1000 50 35000
0 1014 0 1 55777 23 0 1000 7000 0 1 1 0 1000 50 35000
0 1014 0 1 55799 22 0 1000 7000 0 1 1 0 1000 50 35000
0 1011 0 1 55823 24 0 1000 7000 0 1 1 0 1000 50 35000
0 1015 0 1 55845 22 0 1000 7000 0 1 1 0 1000 50 35000
0 1012 0 1 55868 23 0 1000 7000 0 1 1 0 1000 50 35000
0 1014 0 1 55890 22 0 1000 7000 0 1 1 0 1000 50 35000
0 1018 0 1 55913 23 0 1000 7000 0 1 1 0 1000 50 35000
0 1008 0 1 55936 23 0 1000 7000 0 1 1 0 1000 50 35000
0 1010 0 1 55958 22 0 1000 7000 0 1 1 0 1000 50 35000
0 1016 0 1 55981 23 0 1000 7000 0 1 1 0 1000 50 35000
0 1012 0 1 56003 22 0 1000 7000 0 1 1 0 1000 50 35000
0 1016 0 1 56026 23 0 1000 7000 0 1 1 0 1000 50 35000
0 1014 0 1 56048 22 0 1000 7000 0 1 1 0 1000 50 35000
0 1010 0 1 56071 23 0 1000 7000 0 1 1 0 1000 50 35000
0 1014 0 1 56093 22 0 1000 7000 0 1 1 0 1000 50 35000
0 1013 0 1 56116 23 0 1000 7000 0 1 1 0 1000 50 35000
0 1008 0 1 56138 22 0 1000 7000 0 1 1 0 1000 50 35000
0 1015 0 1 56161 23 0 1000 7000 0 1 1 0 1000 50 35000
0 1013 0 1 56183 22 0 1000 7000 0 1 1 0 1000 50 35000
0 1012 0 1 56206 23 0 1000 7000 0 1 1 0 1000 50 35000
0 1023 0 1 56229 23 0 1000 7000 0 1 1 0 1000 50 35000
0 1012 0 1 56252 23 0 1000 7000 0 1 1 0 1000 50 35000
0 1022 0 1 56274 22 0 1000 7000 0 1 1 0 1000 50 35000
0 1020 0 1 56297 23 0 1000 7000 0 1 1 0 1000 50 35000
0 1011 0 1 56320 23 0 1000 7000 0 1 1 0 1000 50 35000
0 1010 0 1 56342 22 0 1000 7000 0 1 1 0 1000 50 35000
0 1015 0 1 56365 23 0 1000 7000 0 1 1 0 1000 50 35000
0 1009 0 1 56387 22 0 1000 7000 0 1 1 0 1000 50 35000
0 1014 0 1 56410 23 0 1000 7000 0 1 1 0 1000 50 35000
0 1014 0 1 56432 22 0 1000 7000 0 1 1 0 1000 50 35000
0 1007 0 1 56455 23 0 1000 7000 0 1 1 0 1000 50 35000
0 1015 0 1 56477 22 0 1000 7000 0 1 1 0 1000 50 35000
0 1013 0 1 56500 23 0 1000 7000 0 1 1 0 1000 50 35000
0 1012 0 1 56522 22 0 1000 7000 0 1 1 0 1000 50 35000
0 1015 0 1 56545 23 0 1000 7000 0 1 1 0 1000 50 35000
0 1012 0 1 56567 22 0 1000 7000 0 1 1 0 1000 50 35000
0 1012 0 1 56590 23 0 1000 7000 0 1 1 0 1000 50 35000
0 1022 0 1 56612 22 0 1000 7000 0 1 1 0 1000 50 35000
0 1012 0 1 56636 24 0 1000 7000 0 1 1 0 1000 50 35000
0 1013 0 1 56658 22 0 1000 7000 0 1 1 0 1000 50 35000
0 1019 0 1 56681 23 0 1000 7000 0 1 1 0 1000 50 35000
0 1013 0 1 56704 23 0 1000 7000 0 1 1 0 1000 50 35000
0 1015 0 1 56726 22 0 1000 7000 0 1 1 0 1000 50 35000
0 1014 0 1 56749 23 0 1000 7000 0 1 1 0 1000 50 35000
0 1010 0 1 56771 22 0 1000 7000 0 1 1 0 1000 50 35000
0 1013 0 1 56794 23 0 1000 7000 0 1 1 0 1000 50 35000
0 1013 0 1 56816 22 0 1000 7000 0 1 1 0 1000 50 35000
0 1003 0 1 56839 23 0 1000 7000 0 1 1 0 1000 50 35000
0 1014 0 1 56861 22 0 1000 7000 0 1 1 0 1000 50 35000
0 1016 0 1 56884 23 0 1000 7000 0 1 1 0 1000 50 35000
0 1011 0 1 56906 22 0 1000 7000 0 1 1 0 1000 50 35000
0 1022 0 1 56929 23 0 1000 7000 0 1 1 0 1000 50 35000
0 1012 0 1 56951 22 0 1000 7000 0 1 1 0 1000 50 35000
0 1013 0 1 56974 23 0 1000 7000 0 1 1 0 1000 50 35000
0 1021 0 1 56996 22 0 1000 7000 0 1 1 0 1000 50 35000
0 1012 0 1 57019 23 0 1000 7000 0 1 1 0 1000 50 35000
0 1016 0 1 57041 22 0 1000 7000 0 1 1 0 1000 50 35000
0 1014 0 1 57065 24 0 1000 7000 0 1 1 0 1000 50 35000
0 1010 0 1 57088 23 0 1000 7000 0 1 1 0 1000 50 35000
0 1014 0 1 57110 22 0 1000 7000 0 1 1 0 1000 50 35000
0 1013 0 1 57133 23 0 1000 7000 0 1 1 0 1000 50 35000
0 1008 0 1 57155 22 0 1000 7000 0 1 1 0 1000 50 35000
0 1015 0 1 57178 23 0 1000 7000 0 1 1 0 1000 50 35000
0 1013 0 1 57200 22 0 1000 7000 0 1 1 0 1000 50 35000
0 1010 0 1 57223 23 0 1000 7000 0 1 1 0 1000 50 35000
0 1015 0 1 57245 22 0 1000 7000 0 1 1 0 1000 50 35000
0 1011 0 1 57268 23 0 1000 7000 0 1 1 0 1000 50 35000
0 1012 0 1 57290 22 0 1000 7000 0 1 1 0 1000 50 35000
0 1017 0 1 57313 23 0 1000 7000 0 1 1 0 1000 50 35000
0 1012 0 1 57335 22 0 1000 7000 0 1 1 0 1000 50 35000
0 1016 0 1 57358 23 0 1000 7000 0 1 1 0 1000 50 35000
0 1019 0 1 57380 22 0 1000 7000 0 1 1 0 1000 50 35000
0 1012 0 1 57403 23 0 1000 7000 0 1 1 0 1000 50 35000
0 1015 0 1 57425 22 0 1000 7000 0 1 1 0 1000 50 35000
0 1013 0 1 57449 24 0 1000 7000 0 1 1 0 1000 50 35000
0 1007 0 1 57472 23 0 1000 7000 0 1 1 0 1000 50 35000
0 1014 0 1 57494 22 0 1000 7000 0 1 1 0 1000 50 35000
0 1013 0 1 57517 23 0 1000 7000 0 1 1 0 1000 50 35000
0 1006 0 1 57539 22 0 1000 7000 0 1 1 0 1000 50 35000
0 1014 0 1 57562 23 0 1000 7000 0 1 1 0 1000 50 35000
0 1013 0 1 57584 22 0 1000 7000 0 1 1 0 1000 50 35000
0 1012 0 1 57607 23 0 1000 7000 0 1 1 0 1000 50 35000
0 1022 0 1 57629 22 0 1000 7000 0 1 1 0 1000 50 35000
0 1012 0 1 57652 23 0 1000 7000 0 1 1 0 1000 50 35000
0 1013 0 1 57674 22 0 1000 7000 0 1 1 0 1000 50 35000
0 1019 0 1 57697 23 0 1000 7000 0 1 1 0 1000 50 35000
0 1012 0 1 57719 22 0 1000 7000 0 1 1 0 1000 50 35000
0 1014 0 1 57742 23 0 1000 7000 0 1 1 0 1000 50 35000
0 1016 0 1 57764 22 0 1000 7000 0 1 1 0 1000 50 35000
0 1012 0 1 57787 23 0 1000 7000 0 1 1 0 1000 50 35000
0 1014 0 1 57809 22 0 1000 7000 0 1 1 0 1000 50 35000
0 1012 0 1 57832 23 0 1000 7000 0 1 1 0 1000 50 35000
0 1009 0 1 57854 22 0 1000 7000 0 1 1 0 1000 50 35000
0 1015 0 1 57878 24 0 1000 7000 0 1 1 0 1000 50 35000
0 1013 0 1 57901 23 0 1000 7000 0 1 1 0 1000 50 35000
0 1008 0 1 57923 22 0 1000 7000 0 1 1 0 1000 50 35000
0 1012 0 1 57946 23 0 1000 7000 0 1 1 0 1000 50 35000
0 1011 0 1 57968 22 0 1000 7000 0 1 1 0 1000 50 35000
0 1012 0 1 57991 23 0 1000 7000 0 1 1 0 1000 50 35000
0 1017 0 1 58013 22 0 1000 7000 0 1 1 0 1000 50 35000
0 1012 0 1 58036 23 0 1000 7000 0 1 1 0 1000 50 35000
0 1010 0 1 58058 22 0 1000 7000 0 1 1 0 1000 50 35000
0 1019 0 1 58081 23 0 1000 7000 0 1 1 0 1000 50 35000
0 1012 0 1 58103 22 0 1000 7000 0 1 1 0 1000 50 35000
0 1014 0 1 58126 23 0 1000 7000 0 1 1 0 1000 50 35000
0 1015 0 1 58148 22 0 1000 7000 0 1 1 0 1000 50 35000
0 1007 0 1 58171 23 0 1000 7000 0 1 1 0 1000 50 35000
0 1014 0 1 58193 22 0 1000 7000 0 1 1 0 1000 50 35000
0 1013 0 1 58216 23 0 1000 7000 0 1 1 0 1000 50 35000
0 1018 0 1 58238 22 0 1000 7000 0 1 1 0 1000 50 35000
0 1013 0 1 58261 23 0 1000 7000 0 1 1 0 1000 50 35000
0 1013 0 1 58285 24 0 1000 7000 0 1 1 0 1000 50 35000
0 1011 0 1 58307 22 0 1000 7000 0 1 1 0 1000 50 35000
0 1017 0 1 58330 23 0 1000 7000 0 1 1 0 1000 50 35000
0 1012 0 1 58352 22 0 1000 7000 0 1 1 0 1000 50 35000
0 1013 0 1 58375 23 0 1000 7000 0 1 1 0 1000 50 35000
0 1019 0 1 58397 22 0 1000 7000 0 1 1 0 1000 50 35000
0 1012 0 1 58420 23 0 1000 7000 0 1 1 0 1000 50 35000
0 1013 0 1 58442 22 0 1000 7000 0 1 1 0 1000 50 35000
0 1015 0 1 58465 23 0 1000 7000 0 1 1 0 1000 50 35000
0 1012 0 1 58487 22 0 1000 7000 0 1 1 0 1000 50 35000
0 1015 0 1 58510 23 0 1000 7000 0 1 1 0 1000 50 35000
0 1003 0 1 58532 22 0 1000 7000 0 1 1 0 1000 50 35000
0 1009 0 1 58555 23 0 1000 7000 0 1 1 0 1000 50 35000
0 1014 0 1 58577 22 0 1000 7000 0 1 1 0 1000 50 35000
0 1013 0 1 58600 23 0 1000 7000 0 1 1 0 1000 50 35000
0 1011 0 1 58622 22 0 1000 7000 0 1 1 0 1000 50 35000
0 1014 0 1 58645 23 0 1000 7000 0 1 1 0 1000 50 35000
0 1012 0 1 58668 23 0 1000 7000 0 1 1 0 1000 50 35000
0 1012 0 1 58691 23 0 1000 7000 0 1 1 0 1000 50 35000
0 1021 0 1 58714 23 0 1000 7000 0 1 1 0 1000 50 35000
0 1012 0 1 58736 22 0 1000 7000 0 1 1 0 1000 50 35000
0 1013 0 1 58759 23 0 1000 7000 0 1 1 0 1000 50 35000
0 1020 0 1 58781 22 0 1000 7000 0 1 1 0 1000 50 35000
0 1011 0 1 58804 23 0 1000 7000 0 1 1 0 1000 50 35000
0 1015 0 1 58826 22 0 1000 7000 0 1 1 0 1000 50 35000
0 1013 0 1 58849 23 0 1000 7000 0 1 1 0 1000 50 35000
0 1002 0 1 58871 22 0 1000 7000 0 1 1 0 1000 50 35000
0 1014 0 1 58894 23 0 1000 7000 0 1 1 0 1000 50 35000
0 1012 0 1 58916 22 0 1000 7000 0 1 1 0 1000 50 35000
0 1005 0 1 58939 23 0 1000 7000 0 1 1 0 1000 50 35000
0 1015 0 1 58961 22 0 1000 7000 0 1 1 0 1000 50 35000
0 1017 0 1 58984 23 0 1000 7000 0 1 1 0 1000 50 35000
0 1011 0 1 59006 22 0 1000 7000 0 1 1 0 1000 50 35000
0 1015 0 1 59029 23 0 1000 7000 0 1 1 0 1000 50 35000
0 1011 0 1 59052 23 0 1000 7000 0 1 1 0 1000 50 35000
0 1008 0 1 59074 22 0 1000 7000 0 1 1 0 1000 50 35000
0 1019 0 1 59098 24 0 1000 7000 0 1 1 0 1000 50 35000
0 1011 0 1 59120 22 0 1000 7000 0 1 1 0 1000 50 35000
0 1014 0 1 59143 23 0 1000 7000 0 1 1 0 1000 50 35000
0 1020 0 1 59165 22 0 1000 7000 0 1 1 0 1000 50 35000
0 1012 0 1 59188 23 0 1000 7000 0 1 1 0 1000 50 35000
0 1014 0 1 59210 22 0 1000 7000 0 1 1 0 1000 50 35000
0 1013 0 1 59233 23 0 1000 7000 0 1 1 0 1000 50 35000
0 1009 0 1 59255 22 0 1000 7000 0 1 1 0 1000 50 35000
0 1014 0 1 59278 23 0 1000 7000 0 1 1 0 1000 50 35000
0 1012 0 1 59300 22 0 1000 7000 0 1 1 0 1000 50 35000
0 1008 0 1 59323 23 0 1000 7000 0 1 1 0 1000 50 35000
0 1014 0 1 59345 22 0 1000 7000 0 1 1 0 1000 50 35000
0 1012 0 1 59368 23 0 1000 7000 0 1 1 0 1000 50 35000
0 1012 0 1 59390 22 0 1000 7000 0 1 1 0 1000 50 35000
0 1021 0 1 59413 23 0 1000 7000 0 1 1 0 1000 50 35000
0 1011 0 1 59436 23 0 1000 7000 0 1 1 0 1000 50 35000
0 1013 0 1 59458 22 0 1000 7000 0 1 1 0 1000 50 35000
0 1022 0 1 59481 23 0 1000 7000 0 1 1 0 1000 50 35000
0 1010 0 1 59504 23 0 1000 7000 0 1 1 0 1000 50 35000
0 1015 0 1 59527 23 0 1000 7000 0 1 1 0 1000 50 35000
0 1016 0 1 59549 22 0 1000 7000 0 1 1 0 1000 50 35000
0 1004 0 1 59572 23 0 1000 7000 0 1 1 0 1000 50 35000
0 1014 0 1 59594 22 0 1000 7000 0 1 1 0 1000 50 35000
0 1013 0 1 59617 23 0 1000 7000 0 1 1 0 1000 50 35000
0 1006 0 1 59639 22 0 1000 7000 0 1 1 0 1000 50 35000
0 1015 0 1 59662 23 0 1000 7000 0 1 1 0 1000 50 35000
0 1012 0 1 59684 22 0 1000 7000 0 1 1 0 1000 50 35000
0 1011 0 1 59707 23 0 1000 7000 0 1 1 0 1000 50 35000
0 1013 0 1 59729 22 0 1000 7000 0 1 1 0 1000 50 35000
0 1011 0 1 59752 23 0 1000 7000 0 1 1 0 1000 50 35000
0 1012 0 1 59774 22 0 1000 7000 0 1 1 0 1000 50 35000
0 1017 0 1 59797 23 0 1000 7000 0 1 1 0 1000 50 35000
0 1011 0 1 59820 23 0 1000 7000 0 1 1 0 1000 50 35000
0 1014 0 1 59842 22 0 1000 7000 0 1 1 0 1000 50 35000
0 1019 0 1 59865 23 0 1000 7000 0 1 1 0 1000 50 35000
0 1013 0 1 59887 22 0 1000 7000 0 1 1 0 1000 50 35000
0 1015 0 1 59911 24 0 1000 7000 0 1 1 0 1000 50 35000
0 1014 0 1 59933 22 0 1000 7000 0 1 1 0 1000 50 35000
0 1008 0 1 59956 23 0 1000 7000 0 1 1 0 1000 50 35000
0 1014 0 1 59978 22 0 1000 7000 0 1 1 0 1000 50 35000
0 1012 0 1 60001 23 0 1000 7000 0 1 1 0 1000 50 35000
0 1009 0 1 60023 22 0 1000 7000 0 1 1 0 1000 50 35000
0 1015 0 1 60046 23 0 1000 7000 0 1 1 0 1000 50 35000
0 1009 0 1 60068 22 0 1000 7000 0 1 1 0 1000 50 35000
0 1010 0 1 60091 23 0 1000 7000 0 1 1 0 1000 50 35000
0 1022 0 1 60113 22 0 1000 7000 0 1 1 0 1000 50 35000
0 1012 0 1 60136 23 0 1000 7000 0 1 1 0 1000 50 35000
0 1014 0 1 60158 22 0 1000 7000 0 1 1 0 1000 50 35000
0 1023 0 1 60181 23 0 1000 7000 0 1 1 0 1000 50 35000
0 1011 0 1 60204 23 0 1000 7000 0 1 1 0 1000 50 35000
0 1013 0 1 60226 22 0 1000 7000 0 1 1 0 1000 50 35000
0 1014 0 1 60249 23 0 1000 7000 0 1 1 0 1000 50 35000
0 1009 0 1 60271 22 0 1000 7000 0 1 1 0 1000 50 35000
0 1015 0 1 60294 23 0 1000 7000 0 1 1 0 1000 50 35000
0 1013 0 1 60317 23 0 1000 7000 0 1 1 0 1000 50 35000
0 1007 0 1 60340 23 0 1000 7000 0 1 1 0 1000 50 35000
0 1014 0 1 60362 22 0 1000 7000 0 1 1 0 1000 50 35000
0 1012 0 1 60385 23 0 1000 7000 0 1 1 0 1000 50 35000
0 1011 0 1 60407 22 0 1000 7000 0 1 1 0 1000 50 35000
0 1014 0 1 60430 23 0 1000 7000 0 1 1 0 1000 50 35000
0 1013 0 1 60452 22 0 1000 7000 0 1 1 0 1000 50 35000
0 1015 0 1 60475 23 0 1000 7000 0 1 1 0 1000 50 35000
0 1023 0 1 60497 22 0 1000 7000 0 1 1 0 1000 50 35000
0 1011 0 1 60520 23 0 1000 7000 0 1 1 0 1000 50 35000
0 1013 0 1 60542 22 0 1000 7000 0 1 1 0 1000 50 35000
0 1018 0 1 60565 23 0 1000 7000 0 1 1 0 1000 50 35000
0 1012 0 1 60588 23 0 1000 7000 0 1 1 0 1000 50 35000
0 1016 0 1 60610 22 0 1000 7000 0 1 1 0 1000 50 35000
0 1014 0 1 60633 23 0 1000 7000 0 1 1 0 1000 50 35000
0 1007 0 1 60655 22 0 1000 7000 0 1 1 0 1000 50 35000
0 1013 0 1 60678 23 0 1000 7000 0 1 1 0 1000 50 35000
0 1014 0 1 60700 22 0 1000 7000 0 1 1 0 1000 50 35000
0 1005 0 1 60724 24 0 1000 7000 0 1 1 0 1000 50 35000
0 1014 0 1 60746 22 0 1000 7000 0 1 1 0 1000 50 35000
0 1012 0 1 60769 23 0 1000 7000 0 1 1 0 1000 50 35000
0 1011 0 1 60791 22 0 1000 7000 0 1 1 0 1000 50 35000
0 1023 0 1 60814 23 0 1000 7000 0 1 1 0 1000 50 35000
0 1012 0 1 60836 22 0 1000 7000 0 1 1 0 1000 50 35000
0 1016 0 1 60859 23 0 1000 7000 0 1 1 0 1000 50 35000
0 1021 0 1 60881 22 0 1000 7000 0 1 1 0 1000 50 35000
0 1015 0 1 60904 23 0 1000 7000 0 1 1 0 1000 50 35000
0 1013 0 1 60926 22 0 1000 7000 0 1 1 0 1000 50 35000
0 1015 0 1 60949 23 0 1000 7000 0 1 1 0 1000 50 35000
0 1010 0 1 60972 23 0 1000 7000 0 1 1 0 1000 50 35000
0 1014 0 1 60994 22 0 1000 7000 0 1 1 0 1000 50 35000
0 1013 0 1 61017 23 0 1000 7000 0 1 1 0 1000 50 35000
0 1007 0 1 61039 22 0 1000 7000 0 1 1 0 1000 50 35000
0 1014 0 1 61062 23 0 1000 7000 0 1 1 0 1000 50 35000
0 1009 0 1 61084 22 0 1000 7000 0 1 1 0 1000 50 35000
0 1010 0 1 61107 23 0 1000 7000 0 1 1 0 1000 50 35000
0 1016 0 1 61129 22 0 1000 7000 0 1 1 0 1000 50 35000
0 1011 0 1 61153 24 0 1000 7000 0 1 1 0 1000 50 35000
0 1012 0 1 61175 22 0 1000 7000 0 1 1 0 1000 50 35000
0 1017 0 1 61198 23 0 1000 7000 0 1 1 0 1000 50 35000
0 1011 0 1 61220 22 0 1000 7000 0 1 1 0 1000 50 35000
0 1013 0 1 61243 23 0 1000 7000 0 1 1 0 1000 50 35000
0 1018 0 1 61265 22 0 1000 7000 0 1 1 0 1000 50 35000
0 1012 0 1 61288 23 0 1000 7000 0 1 1 0 1000 50 35000
0 1013 0 1 61310 22 0 1000 7000 0 1 1 0 1000 50 35000
0 1013 0 1 61333 23 0 1000 7000 0 1 1 0 1000 50 35000
0 1004 0 1 61356 23 0 1000 7000 0 1 1 0 1000 50 35000
0 1015 0 1 61378 22 0 1000 7000 0 1 1 0 1000 50 35000
0 1012 0 1 61401 23 0 1000 7000 0 1 1 0 1000 50 35000
0 1006 0 1 61423 22 0 1000 7000 0 1 1 0 1000 50 35000
0 1014 0 1 61446 23 0 1000 7000 0 1 1 0 1000 50 35000
0 1012 0 1 61468 22 0 1000 7000 0 1 1 0 1000 50 35000
0 1013 0 1 61491 23 0 1000 7000 0 1 1 0 1000 50 35000
0 1014 0 1 61513 22 0 1000 7000 0 1 1 0 1000 50 35000
0 1012 0 1 61536 23 0 1000 7000 0 1 1 0 1000 50 35000
0 1012 0 1 61559 23 0 1000 7000 0 1 1 0 1000 50 35000
0 1020 0 1 61582 23 0 1000 7000 0 1 1 0 1000 50 35000
0 1011 0 1 61604 22 0 1000 7000 0 1 1 0 1000 50 35000
0 1012 0 1 61627 23 0 1000 7000 0 1 1 0 1000 50 35000
0 1011 0 1 61649 22 0 1000 7000 0 1 1 0 1000 50 35000
0 1011 0 1 61672 23 0 1000 7000 0 1 1 0 1000 50 35000
0 1015 0 1 61694 22 0 1000 7000 0 1 1 0 1000 50 35000
0 1013 0 1 61717 23 0 1000 7000 0 1 1 0 1000 50 35000
0 1009 0 1 61740 23 0 1000 7000 0 1 1 0 1000 50 35000
0 1014 0 1 61762 22 0 1000 7000 0 1 1 0 1000 50 35000
0 1012 0 1 61785 23 0 1000 7000 0 1 1 0 1000 50 35000
0 1005 0 1 61807 22 0 1000 7000 0 1 1 0 1000 50 35000
0 1013 0 1 61830 23 0 1000 7000 0 1 1 0 1000 50 35000
0 1011 0 1 61852 22 0 1000 7000 0 1 1 0 1000 50 35000
0 1011 0 1 61875 23 0 1000 7000 0 1 1 0 1000 50 35000
0 1018 0 1 61897 22 0 1000 7000 0 1 1 0 1000 50 35000
0 1011 0 1 61920 23 0 1000 7000 0 1 1 0 1000 50 35000
0 1013 0 1 61942 22 0 1000 7000 0 1 1 0 1000 50 35000
0 1018 0 1 61966 24 0 1000 7000 0 1 1 0 1000 50 35000
0 1011 0 1 61988 22 0 1000 7000 0 1 1 0 1000 50 35000
0 1014 0 1 62011 23 0 1000 7000 0 1 1 0 1000 50 35000
0 1014 0 1 62033 22 0 1000 7000 0 1 1 0 1000 50 35000
0 1005 0 1 62056 23 0 1000 7000 0 1 1 0 1000 50 35000
0 1014 0 1 62078 22 0 1000 7000 0 1 1 0 1000 50 35000
0 1013 0 1 62101 23 0 1000 7000 0 1 1 0 1000 50 35000
0 1005 0 1 62124 23 0 1000 7000 0 1 1 0 1000 50 35000
0 1014 0 1 62146 22 0 1000 7000 0 1 1 0 1000 50 35000
0 1012 0 1 62169 23 0 1000 7000 0 1 1 0 1000 50 35000
0 1010 0 1 62191 22 0 1000 7000 0 1 1 0 1000 50 35000
0 1016 0 1 62214 23 0 1000 7000 0 1 1 0 1000 50 35000
0 1012 0 1 62236 22 0 1000 7000 0 1 1 0 1000 50 35000
0 1013 0 1 62259 23 0 1000 7000 0 1 1 0 1000 50 35000
0 1022 0 1 62281 22 0 1000 7000 0 1 1 0 1000 50 35000
0 1011 0 1 62304 23 0 1000 7000 0 1 1 0 1000 50 35000
0 1013 0 1 62326 22 0 1000 7000 0 1 1 0 1000 50 35000
0 1017 0 1 62350 24 0 1000 7000 0 1 1 0 1000 50 35000
0 1012 0 1 62372 22 0 1000 7000 0 1 1 0 1000 50 35000
0 1015 0 1 62395 23 0 1000 7000 0 1 1 0 1000 50 35000
0 1021 0 1 62417 22 0 1000 7000 0 1 1 0 1000 50 35000
0 1008 0 1 62440 23 0 1000 7000 0 1 1 0 1000 50 35000
0 1014 0 1 62462 22 0 1000 7000 0 1 1 0 1000 50 35000
0 1012 0 1 62485 23 0 1000 7000 0 1 1 0 1000 50 35000
0 1012 0 1 62508 23 0 1000 7000 0 1 1 0 1000 50 35000
0 1013 0 1 62530 22 0 1000 7000 0 1 1 0 1000 50 35000
0 1010 0 1 62553 23 0 1000 7000 0 1 1 0 1000 50 35000
0 1010 0 1 62575 22 0 1000 7000 0 1 1 0 1000 50 35000
0 1018 0 1 62598 23 0 1000 7000 0 1 1 0 1000 50 35000
0 1012 0 1 62620 22 0 1000 7000 0 1 1 0 1000 50 35000
0 1012 0 1 62643 23 0 1000 7000 0 1 1 0 1000 50 35000
0 1019 0 1 62665 22 0 1000 7000 0 1 1 0 1000 50 35000
0 1011 0 1 62688 23 0 1000 7000 0 1 1 0 1000 50 35000
0 1013 0 1 62710 22 0 1000 7000 0 1 1 0 1000 50 35000
0 1014 0 1 62733 23 0 1000 7000 0 1 1 0 1000 50 35000
0 1003 0 1 62755 22 0 1000 7000 0 1 1 0 1000 50 35000
0 1014 0 1 62779 24 0 1000 7000 0 1 1 0 1000 50 35000
0 1013 0 1 62801 22 0 1000 7000 0 1 1 0 1000 50 35000
0 1005 0 1 62824 23 0 1000 7000 0 1 1 0 1000 50 35000
0 1016 0 1 62846 22 0 1000 7000 0 1 1 0 1000 50 35000
0 1011 0 1 62869 23 0 1000 7000 0 1 1 0 1000 50 35000
0 1010 0 1 62892 23 0 1000 7000 0 1 1 0 1000 50 35000
0 1015 0 1 62914 22 0 1000 7000 0 1 1 0 1000 50 35000
0 1011 0 1 62937 23 0 1000 7000 0 1 1 0 1000 50 35000
0 1012 0 1 62959 22 0 1000 7000 0 1 1 0 1000 50 35000
0 1017 0 1 62982 23 0 1000 7000 0 1 1 0 1000 50 35000
0 1011 0 1 63004 22 0 1000 7000 0 1 1 0 1000 50 35000
0 1013 0 1 63027 23 0 1000 7000 0 1 1 0 1000 50 35000
0 1015 0 1 63049 22 0 1000 7000 0 1 1 0 1000 50 35000
0 1011 0 1 63072 23 0 1000 7000 0 1 1 0 1000 50 35000
0 1014 0 1 63094 22 0 1000 7000 0 1 1 0 1000 50 35000
0 1013 0 1 63117 23 0 1000 7000 0 1 1 0 1000 50 35000
0 1008 0 1 63139 22 0 1000 7000 0 1 1 0 1000 50 35000
0 1014 0 1 63162 23 0 1000 7000 0 1 1 0 1000 50 35000
0 1013 0 1 63185 23 0 1000 7000 0 1 1 0 1000 50 35000
0 1008 0 1 63208 23 0 1000 7000 0 1 1 0 1000 50 35000
0 1014 0 1 63230 22 0 1000 7000 0 1 1 0 1000 50 35000
0 1012 0 1 63253 23 0 1000 7000 0 1 1 0 1000 50 35000
0 1012 0 1 63276 23 0 1000 7000 0 1 1 0 1000 50 35000
0 1021 0 1 63298 22 0 1000 7000 0 1 1 0 1000 50 35000
0 1011 0 1 63321 23 0 1000 7000 0 1 1 0 1000 50 35000
0 1011 0 1 63343 22 0 1000 7000 0 1 1 0 1000 50 35000
0 1020 0 1 63366 23 0 1000 7000 0 1 1 0 1000 50 35000
0 1011 0 1 63388 22 0 1000 7000 0 1 1 0 1000 50 35000
0 1012 0 1 63411 23 0 1000 7000 0 1 1 0 1000 50 35000
0 1013 0 1 63433 22 0 1000 7000 0 1 1 0 1000 50 35000
0 1008 0 1 63456 23 0 1000 7000 0 1 1 0 1000 50 35000
0 1014 0 1 63478 22 0 1000 7000 0 1 1 0 1000 50 35000
0 1012 0 1 63501 23 0 1000 7000 0 1 1 0 1000 50 35000
0 1009 0 1 63523 22 0 1000 7000 0 1 1 0 1000 50 35000
0 1013 0 1 63546 23 0 1000 7000 0 1 1 0 1000 50 35000
0 1013 0 1 63568 22 0 1000 7000 0 1 1 0 1000 50 35000
0 1010 0 1 63591 23 0 1000 7000 0 1 1 0 1000 50 35000
0 1013 0 1 63614 23 0 1000 7000 0 1 1 0 1000 50 35000
0 1013 0 1 63637 23 0 1000 7000 0 1 1 0 1000 50 35000
0 1012 0 1 63660 23 0 1000 7000 0 1 1 0 1000 50 35000
0 1017 0 1 63682 22 0 1000 7000 0 1 1 0 1000 50 35000
0 1011 0 1 63705 23 0 1000 7000 0 1 1 0 1000 50 35000
0 1012 0 1 63727 22 0 1000 7000 0 1 1 0 1000 50 35000
0 1018 0 1 63750 23 0 1000 7000 0 1 1 0 1000 50 35000
0 1012 0 1 63772 22 0 1000 7000 0 1 1 0 1000 50 35000
0 1014 0 1 63795 23 0 1000 7000 0 1 1 0 1000 50 35000
0 1013 0 1 63817 22 0 1000 7000 0 1 1 0 1000 50 35000
0 1007 0 1 63840 23 0 1000 7000 0 1 1 0 1000 50 35000
0 1016 0 1 63862 22 0 1000 7000 0 1 1 0 1000 50 35000
0 1014 0 1 63885 23 0 1000 7000 0 1 1 0 1000 50 35000
0 1010 0 1 63907 22 0 1000 7000 0 1 1 0 1000 50 35000
0 1014 0 1 63930 23 0 1000 7000 0 1 1 0 1000 50 35000
0 1012 0 1 63952 22 0 1000 7000 0 1 1 0 1000 50 35000
0 1010 0 1 63975 23 0 1000 7000 0 1 1 0 1000 50 35000
0 1023 0 1 63997 22 0 1000 7000 0 1 1 0 1000 50 35000
0 1012 0 1 64021 24 0 1000 7000 0 1 1 0 1000 50 35000
0 1016 0 1 64044 23 0 1000 7000 0 1 1 0 1000 50 35000
0 1021 0 1 64066 22 0 1000 7000 0 1 1 0 1000 50 35000
0 1010 0 1 64089 23 0 1000 7000 0 1 1 0 1000 50 35000
0 1013 0 1 64111 22 0 1000 7000 0 1 1 0 1000 50 35000
0 1012 0 1 64134 23 0 1000 7000 0 1 1 0 1000 50 35000
0 1006 0 1 64156 22 0 1000 7000 0 1 1 0 1000 50 35000
0 1013 0 1 64179 23 0 1000 7000 0 1 1 0 1000 50 35000
0 1013 0 1 64201 22 0 1000 7000 0 1 1 0 1000 50 35000
0 1007 0 1 64224 23 0 1000 7000 0 1 1 0 1000 50 35000
0 1014 0 1 64246 22 0 1000 7000 0 1 1 0 1000 50 35000
0 1013 0 1 64269 23 0 1000 7000 0 1 1 0 1000 50 35000
0 1002 0 1 64291 22 0 1000 7000 0 1 1 0 1000 50 35000
0 1014 0 1 64314 23 0 1000 7000 0 1 1 0 1000 50 35000
0 1011 0 1 64336 22 0 1000 7000 0 1 1 0 1000 50 35000
0 1011 0 1 64359 23 0 1000 7000 0 1 1 0 1000 50 35000
0 1017 0 1 64381 22 0 1000 7000 0 1 1 0 1000 50 35000
0 1012 0 1 64404 23 0 1000 7000 0 1 1 0 1000 50 35000
0 1013 0 1 64427 23 0 1000 7000 0 1 1 0 1000 50 35000
0 1019 0 1 64449 22 0 1000 7000 0 1 1 0 1000 50 35000
0 1011 0 1 64473 24 0 1000 7000 0 1 1 0 1000 50 35000
0 1011 0 1 64495 22 0 1000 7000 0 1 1 0 1000 50 35000
0 1013 0 1 64518 23 0 1000 7000 0 1 1 0 1000 50 35000
0 1004 0 1 64540 22 0 1000 7000 0 1 1 0 1000 50 35000
0 1013 0 1 64563 23 0 1000 7000 0 1 1 0 1000 50 35000
0 1012 0 1 64585 22 0 1000 7000 0 1 1 0 1000 50 35000
0 1005 0 1 64608 23 0 1000 7000 0 1 1 0 1000 50 35000
0 1014 0 1 64630 22 0 1000 7000 0 1 1 0 1000 50 35000
0 1012 0 1 64653 23 0 1000 7000 0 1 1 0 1000 50 35000
0 1011 0 1 64675 22 0 1000 7000 0 1 1 0 1000 50 35000
0 1017 0 1 64698 23 0 1000 7000 0 1 1 0 1000 50 35000
0 1013 0 1 64720 22 0 1000 7000 0 1 1 0 1000 50 35000
0 1014 0 1 64743 23 0 1000 7000 0 1 1 0 1000 50 35000
0 1019 0 1 64765 22 0 1000 7000 0 1 1 0 1000 50 35000
0 1010 0 1 64788 23 0 1000 7000 0 1 1 0 1000 50 35000
0 1010 0 1 64811 23 0 1000 7000 0 1 1 0 1000 50 35000
0 1015 0 1 64833 22 0 1000 7000 0 1 1 0 1000 50 35000
0 1011 0 1 64856 23 0 1000 7000 0 1 1 0 1000 50 35000
0 1015 0 1 64878 22 0 1000 7000 0 1 1 0 1000 50 35000
0 1007 0 1 64902 24 0 1000 7000 0 1 1 0 1000 50 35000
0 1008 0 1 64924 22 0 1000 7000 0 1 1 0 1000 50 35000
0 1014 0 1 64947 23 0 1000 7000 0 1 1 0 1000 50 35000
0 1019 0 1 64969 22 0 1000 7000 0 1 1 0 1000 50 35000
0 1008 0 1 64992 23 0 1000 7000 0 1 1 0 1000 50 35000
0 1012 0 1 65014 22 0 1000 7000 0 1 1 0 1000 50 35000
0 1012 0 1 65037 23 0 1000 7000 0 1 1 0 1000 50 35000
0 1011 0 1 65059 22 0 1000 7000 0 1 1 0 1000 50 35000
0 1019 0 1 65082 23 0 1000 7000 0 1 1 0 1000 50 35000
0 1011 0 1 65104 22 0 1000 7000 0 1 1 0 1000 50 35000
0 1012 0 1 65127 23 0 1000 7000 0 1 1 0 1000 50 35000
0 1020 0 1 65149 22 0 1000 7000 0 1 1 0 1000 50 35000
0 1009 0 1 65172 23 0 1000 7000 0 1 1 0 1000 50 35000
0 1013 0 1 65195 23 0 1000 7000 0 1 1 0 1000 50 35000
0 1015 0 1 65217 22 0 1000 7000 0 1 1 0 1000 50 35000
0 1003 0 1 65240 23 0 1000 7000 0 1 1 0 1000 50 35000
0 1013 0 1 65262 22 0 1000 7000 0 1 1 0 1000 50 35000
0 1013 0 1 65285 23 0 1000 7000 0 1 1 0 1000 50 35000
0 1005 0 1 65307 22 0 1000 7000 0 1 1 0 1000 50 35000
0 1016 0 1 65331 24 0 1000 7000 0 1 1 0 1000 50 35000
0 1011 0 1 65353 22 0 1000 7000 0 1 1 0 1000 50 35000
0 1010 0 1 65376 23 0 1000 7000 0 1 1 0 1000 50 35000
0 1015 0 1 65398 22 0 1000 7000 0 1 1 0 1000 50 35000
0 1011 0 1 65421 23 0 1000 7000 0 1 1 0 1000 50 35000
0 1012 0 1 65443 22 0 1000 7000 0 1 1 0 1000 50 35000
0 1017 0 1 65466 23 0 1000 7000 0 1 1 0 1000 50 35000
0 1010 0 1 65488 22 0 1000 7000 0 1 1 0 1000 50 35000
0 1009 0 1 65511 23 0 1000 7000 0 1 1 0 1000 50 35000
0 1015 0 1 65533 22 0 1000 7000 0 1 1 0 1000 50 35000
0 1011 0 1 65556 23 0 1000 7000 0 1 1 0 1000 50 35000
0 1014 0 1 65579 23 0 1000 7000 0 1 1 0 1000 50 35000
0 1012 0 1 65601 22 0 1000 7000 0 1 1 0 1000 50 35000
0 1009 0 1 65624 23 0 1000 7000 0 1 1 0 1000 50 35000
0 1014 0 1 65646 22 0 1000 7000 0 1 1 0 1000 50 35000
0 1012 0 1 65669 23 0 1000 7000 0 1 1 0 1000 50 35000
0 1009 0 1 65691 22 0 1000 7000 0 1 1 0 1000 50 35000
0 1015 0 1 65714 23 0 1000 7000 0 1 1 0 1000 50 35000
0 1011 0 1 65737 23 0 1000 7000 0 1 1 0 1000 50 35000
0 1010 0 1 65760 23 0 1000 7000 0 1 1 0 1000 50 35000
0 1020 0 1 65782 22 0 1000 7000 0 1 1 0 1000 50 35000
0 1010 0 1 65805 23 0 1000 7000 0 1 1 0 1000 50 35000
0 1012 0 1 65827 22 0 1000 7000 0 1 1 0 1000 50 35000
0 1019 0 1 65850 23 0 1000 7000 0 1 1 0 1000 50 35000
0 1011 0 1 65872 22 0 1000 7000 0 1 1 0 1000 50 35000
0 1013 0 1 65895 23 0 1000 7000 0 1 1 0 1000 50 35000
0 1012 0 1 65917 22 0 1000 7000 0 1 1 0 1000 50 35000
0 1003 0 1 65940 23 0 1000 7000 0 1 1 0 1000 50 35000
0 1013 0 1 65963 23 0 1000 7000 0 1 1 0 1000 50 35000
0 1012 0 1 65985 22 0 1000 7000 0 1 1 0 1000 50 35000
0 1006 0 1 66008 23 0 1000 7000 0 1 1 0 1000 50 35000
0 1014 0 1 66030 22 0 1000 7000 0 1 1 0 1000 50 35000
0 1012 0 1 66053 23 0 1000 7000 0 1 1 0 1000 50 35000
0 1010 0 1 66075 22 0 1000 7000 0 1 1 0 1000 50 35000
0 1014 0 1 66098 23 0 1000 7000 0 1 1 0 1000 50 35000
0 1011 0 1 66120 22 0 1000 7000 0 1 1 0 1000 50 35000
0 1014 0 1 66144 24 0 1000 7000 0 1 1 0 1000 50 35000
0 1015 0 1 66166 22 0 1000 7000 0 1 1 0 1000 50 35000
0 1011 0 1 66189 23 0 1000 7000 0 1 1 0 1000 50 35000
0 1012 0 1 66211 22 0 1000 7000 0 1 1 0 1000 50 35000
0 1016 0 1 66234 23 0 1000 7000 0 1 1 0 1000 50 35000
0 1011 0 1 66256 22 0 1000 7000 0 1 1 0 1000 50 35000
0 1018 0 1 66279 23 0 1000 7000 0 1 1 0 1000 50 35000
0 1013 0 1 66301 22 0 1000 7000 0 1 1 0 1000 50 35000
0 1009 0 1 66324 23 0 1000 7000 0 1 1 0 1000 50 35000
0 1014 0 1 66347 23 0 1000 7000 0 1 1 0 1000 50 35000
0 1012 0 1 66369 22 0 1000 7000 0 1 1 0 1000 50 35000
0 1006 0 1 66392 23 0 1000 7000 0 1 1 0 1000 50 35000
0 1014 0 1 66414 22 0 1000 7000 0 1 1 0 1000 50 35000
0 1011 0 1 66437 23 0 1000 7000 0 1 1 0 1000 50 35000
0 1012 0 1 66459 22 0 1000 7000 0 1 1 0 1000 50 35000
0 1021 0 1 66482 23 0 1000 7000 0 1 1 0 1000 50 35000
0 1011 0 1 66504 22 0 1000 7000 0 1 1 0 1000 50 35000
0 1014 0 1 66527 23 0 1000 7000 0 1 1 0 1000 50 35000
0 1020 0 1 66550 23 0 1000 7000 0 1 1 0 1000 50 35000
0 1011 0 1 66573 23 0 1000 7000 0 1 1 0 1000 50 35000
0 1012 0 1 66595 22 0 1000 7000 0 1 1 0 1000 50 35000
0 1023 0 1 66618 23 0 1000 7000 0 1 1 0 1000 50 35000
0 1009 0 1 66640 22 0 1000 7000 0 1 1 0 1000 50 35000
0 1014 0 1 66663 23 0 1000 7000 0 1 1 0 1000 50 35000
0 1021 0 1 66685 22 0 1000 7000 0 1 1 0 1000 50 35000
0 1009 0 1 66708 23 0 1000 7000 0 1 1 0 1000 50 35000
0 1014 0 1 66731 23 0 1000 7000 0 1 1 0 1000 50 35000
0 1012 0 1 66753 22 0 1000 7000 0 1 1 0 1000 50 35000
0 1009 0 1 66776 23 0 1000 7000 0 1 1 0 1000 50 35000
0 1012 0 1 66798 22 0 1000 7000 0 1 1 0 1000 50 35000
0 1008 0 1 66821 23 0 1000 7000 0 1 1 0 1000 50 35000
0 1012 0 1 66843 22 0 1000 7000 0 1 1 0 1000 50 35000
0 1013 0 1 66866 23 0 1000 7000 0 1 1 0 1000 50 35000
0 1011 0 1 66888 22 0 1000 7000 0 1 1 0 1000 50 35000
0 1012 0 1 66911 23 0 1000 7000 0 1 1 0 1000 50 35000
0 1017 0 1 66933 22 0 1000 7000 0 1 1 0 1000 50 35000
0 1013 0 1 66956 23 0 1000 7000 0 1 1 0 1000 50 35000
0 1014 0 1 66979 23 0 1000 7000 0 1 1 0 1000 50 35000
0 1013 0 1 67002 23 0 1000 7000 0 1 1 0 1000 50 35000
0 1007 0 1 67024 22 0 1000 7000 0 1 1 0 1000 50 35000
0 1011 0 1 67047 23 0 1000 7000 0 1 1 0 1000 50 35000
0 1012 0 1 67069 22 0 1000 7000 0 1 1 0 1000 50 35000
0 1005 0 1 67092 23 0 1000 7000 0 1 1 0 1000 50 35000
0 1013 0 1 67115 23 0 1000 7000 0 1 1 0 1000 50 35000
0 1009 0 1 67137 22 0 1000 7000 0 1 1 0 1000 50 35000
0 1012 0 1 67160 23 0 1000 7000 0 1 1 0 1000 50 35000
0 1022 0 1 67182 22 0 1000 7000 0 1 1 0 1000 50 35000
0 1011 0 1 67205 23 0 1000 7000 0 1 1 0 1000 50 35000
0 1013 0 1 67227 22 0 1000 7000 0 1 1 0 1000 50 35000
0 1015 0 1 67250 23 0 1000 7000 0 1 1 0 1000 50 35000
0 1011 0 1 67272 22 0 1000 7000 0 1 1 0 1000 50 35000
0 1012 0 1 67295 23 0 1000 7000 0 1 1 0 1000 50 35000
0 1014 0 1 67317 22 0 1000 7000 0 1 1 0 1000 50 35000
0 1009 0 1 67340 23 0 1000 7000 0 1 1 0 1000 50 35000
0 1013 0 1 67362 22 0 1000 7000 0 1 1 0 1000 50 35000
0 1012 0 1 67386 24 0 1000 7000 0 1 1 0 1000 50 35000
0 1007 0 1 67408 22 0 1000 7000 0 1 1 0 1000 50 35000
0 1011 0 1 67431 23 0 1000 7000 0 1 1 0 1000 50 35000
0 1014 0 1 67453 22 0 1000 7000 0 1 1 0 1000 50 35000
0 1007 0 1 67476 23 0 1000 7000 0 1 1 0 1000 50 35000
0 1016 0 1 67499 23 0 1000 7000 0 1 1 0 1000 50 35000
0 1010 0 1 67521 22 0 1000 7000 0 1 1 0 1000 50 35000
0 1011 0 1 67544 23 0 1000 7000 0 1 1 0 1000 50 35000
0 1015 0 1 67566 22 0 1000 7000 0 1 1 0 1000 50 35000
0 1011 0 1 67589 23 0 1000 7000 0 1 1 0 1000 50 35000
0 1008 0 1 67611 22 0 1000 7000 0 1 1 0 1000 50 35000
0 1017 0 1 67634 23 0 1000 7000 0 1 1 0 1000 50 35000
0 1011 0 1 67656 22 0 1000 7000 0 1 1 0 1000 50 35000
0 1013 0 1 67679 23 0 1000 7000 0 1 1 0 1000 50 35000
0 1008 0 1 67701 22 0 1000 7000 0 1 1 0 1000 50 35000
0 1004 0 1 67724 23 0 1000 7000 0 1 1 0 1000 50 35000
0 1015 0 1 67746 22 0 1000 7000 0 1 1 0 1000 50 35000
0 1011 0 1 67769 23 0 1000 7000 0 1 1 0 1000 50 35000
0 1005 0 1 67792 23 0 1000 7000 0 1 1 0 1000 50 35000
0 1011 0 1 67815 23 0 1000 7000 0 1 1 0 1000 50 35000
0 1008 0 1 67837 22 0 1000 7000 0 1 1 0 1000 50 35000
0 1010 0 1 67860 23 0 1000 7000 0 1 1 0 1000 50 35000
0 1022 0 1 67883 23 0 1000 7000 0 1 1 0 1000 50 35000
0 1011 0 1 67905 22 0 1000 7000 0 1 1 0 1000 50 35000
0 1012 0 1 67928 23 0 1000 7000 0 1 1 0 1000 50 35000
0 1019 0 1 67950 22 0 1000 7000 0 1 1 0 1000 50 35000
0 1011 0 1 67973 23 0 1000 7000 0 1 1 0 1000 50 35000
0 1011 0 1 67995 22 0 1000 7000 0 1 1 0 1000 50 35000
0 1015 0 1 68018 23 0 1000 7000 0 1 1 0 1000 50 35000
0 1010 0 1 68040 22 0 1000 7000 0 1 1 0 1000 50 35000
0 1014 0 1 68063 23 0 1000 7000 0 1 1 0 1000 50 35000
0 1011 0 1 68085 22 0 1000 7000 0 1 1 0 1000 50 35000
0 1007 0 1 68108 23 0 1000 7000 0 1 1 0 1000 50 35000
0 1014 0 1 68130 22 0 1000 7000 0 1 1 0 1000 50 35000
0 1012 0 1 68153 23 0 1000 7000 0 1 1 0 1000 50 35000
0 1008 0 1 68175 22 0 1000 7000 0 1 1 0 1000 50 35000
0 1014 0 1 68199 24 0 1000 7000 0 1 1 0 1000 50 35000
0 1010 0 1 68221 22 0 1000 7000 0 1 1 0 1000 50 35000
0 1012 0 1 68244 23 0 1000 7000 0 1 1 0 1000 50 35000
0 1023 0 1 68267 23 0 1000 7000 0 1 1 0 1000 50 35000
0 1011 0 1 68289 22 0 1000 7000 0 1 1 0 1000 50 35000
0 1012 0 1 68312 23 0 1000 7000 0 1 1 0 1000 50 35000
0 1018 0 1 68334 22 0 1000 7000 0 1 1 0 1000 50 35000
0 1008 0 1 68357 23 0 1000 7000 0 1 1 0 1000 50 35000
0 1013 0 1 68379 22 0 1000 7000 0 1 1 0 1000 50 35000
0 1015 0 1 68402 23 0 1000 7000 0 1 1 0 1000 50 35000
0 1008 0 1 68424 22 0 1000 7000 0 1 1 0 1000 50 35000
0 1014 0 1 68447 23 0 1000 7000 0 1 1 0 1000 50 35000
0 1012 0 1 68469 22 0 1000 7000 0 1 1 0 1000 50 35000
0 1004 0 1 68492 23 0 1000 7000 0 1 1 0 1000 50 35000
0 1014 0 1 68514 22 0 1000 7000 0 1 1 0 1000 50 35000
0 1012 0 1 68537 23 0 1000 7000 0 1 1 0 1000 50 35000
0 1011 0 1 68559 22 0 1000 7000 0 1 1 0 1000 50 35000
0 1017 0 1 68582 23 0 1000 7000 0 1 1 0 1000 50 35000
0 1012 0 1 68605 23 0 1000 7000 0 1 1 0 1000 50 35000
0 999 0 1 68628 23 0 1000 7000 0 1 1 0 1000 50 35000
0 1015 0 1 68651 23 0 1000 7000 0 1 1 0 1000 50 35000
0 1010 0 1 68673 22 0 1000 7000 0 1 1 0 1000 50 35000
0 1010 0 1 68696 23 0 1000 7000 0 1 1 0 1000 50 35000
0 1015 0 1 68718 22 0 1000 7000 0 1 1 0 1000 50 35000
0 1011 0 1 68741 23 0 1000 7000 0 1 1 0 1000 50 35000
0 1013 0 1 68763 22 0 1000 7000 0 1 1 0 1000 50 35000
0 1013 0 1 68786 23 0 1000 7000 0 1 1 0 1000 50 35000
0 1011 0 1 68808 22 0 1000 7000 0 1 1 0 1000 50 35000
0 1014 0 1 68831 23 0 1000 7000 0 1 1 0 1000 50 35000
0 1012 0 1 68853 22 0 1000 7000 0 1 1 0 1000 50 35000
0 1007 0 1 68876 23 0 1000 7000 0 1 1 0 1000 50 35000
0 1013 0 1 68898 22 0 1000 7000 0 1 1 0 1000 50 35000
0 1011 0 1 68921 23 0 1000 7000 0 1 1 0 1000 50 35000
0 1011 0 1 68943 22 0 1000 7000 0 1 1 0 1000 50 35000
0 1017 0 1 68966 23 0 1000 7000 0 1 1 0 1000 50 35000
0 1011 0 1 68988 22 0 1000 7000 0 1 1 0 1000 50 35000
0 1013 0 1 69011 23 0 1000 7000 0 1 1 0 1000 50 35000
0 1020 0 1 69035 24 0 1000 7000 0 1 1 0 1000 50 35000
0 1011 0 1 69057 22 0 1000 7000 0 1 1 0 1000 50 35000
0 1012 0 1 69080 23 0 1000 7000 0 1 1 0 1000 50 35000
0 1014 0 1 69102 22 0 1000 7000 0 1 1 0 1000 50 35000
0 1002 0 1 69125 23 0 1000 7000 0 1 1 0 1000 50 35000
0 1013 0 1 69147 22 0 1000 7000 0 1 1 0 1000 50 35000
0 1023 0 1 69170 23 0 1000 7000 0 1 1 0 1000 50 35000
0 1004 0 1 69192 22 0 1000 7000 0 1 1 0 1000 50 35000
0 1013 0 1 69215 23 0 1000 7000 0 1 1 0 1000 50 35000
0 1011 0 1 69237 22 0 1000 7000 0 1 1 0 1000 50 35000
0 1010 0 1 69260 23 0 1000 7000 0 1 1 0 1000 50 35000
0 1014 0 1 69282 22 0 1000 7000 0 1 1 0 1000 50 35000
0 1010 0 1 69305 23 0 1000 7000 0 1 1 0 1000 50 35000
0 1021 0 1 69327 22 0 1000 7000 0 1 1 0 1000 50 35000
0 1016 0 1 69350 23 0 1000 7000 0 1 1 0 1000 50 35000
0 1010 0 1 69372 22 0 1000 7000 0 1 1 0 1000 50 35000
0 1013 0 1 69395 23 0 1000 7000 0 1 1 0 1000 50 35000
0 1017 0 1 69417 22 0 1000 7000 0 1 1 0 1000 50 35000
0 1011 0 1 69441 24 0 1000 7000 0 1 1 0 1000 50 35000
0 1014 0 1 69464 23 0 1000 7000 0 1 1 0 1000 50 35000
0 1022 0 1 69486 22 0 1000 7000 0 1 1 0 1000 50 35000
0 1004 0 1 69509 23 0 1000 7000 0 1 1 0 1000 50 35000
0 1013 0 1 69531 22 0 1000 7000 0 1 1 0 1000 50 35000
0 1012 0 1 69554 23 0 1000 7000 0 1 1 0 1000 50 35000
0 1007 0 1 69576 22 0 1000 7000 0 1 1 0 1000 50 35000
0 1013 0 1 69599 23 0 1000 7000 0 1 1 0 1000 50 35000
0 1011 0 1 69621 22 0 1000 7000 0 1 1 0 1000 50 35000
0 1003 0 1 69644 23 0 1000 7000 0 1 1 0 1000 50 35000
0 1020 0 1 69666 22 0 1000 7000 0 1 1 0 1000 50 35000
0 1013 0 1 69689 23 0 1000 7000 0 1 1 0 1000 50 35000
0 1012 0 1 69711 22 0 1000 7000 0 1 1 0 1000 50 35000
0 1018 0 1 69734 23 0 1000 7000 0 1 1 0 1000 50 35000
0 1008 0 1 69756 22 0 1000 7000 0 1 1 0 1000 50 35000
0 1012 0 1 69779 23 0 1000 7000 0 1 1 0 1000 50 35000
0 1015 0 1 69801 22 0 1000 7000 0 1 1 0 1000 50 35000
0 1003 0 1 69824 23 0 1000 7000 0 1 1 0 1000 50 35000
0 1014 0 1 69848 24 0 1000 7000 0 1 1 0 1000 50 35000
0 1013 0 1 69870 22 0 1000 7000 0 1 1 0 1000 50 35000
0 1009 0 1 69893 23 0 1000 7000 0 1 1 0 1000 50 35000
0 1013 0 1 69915 22 0 1000 7000 0 1 1 0 1000 50 35000
0 1011 0 1 69938 23 0 1000 7000 0 1 1 0 1000 50 35000
0 1008 0 1 69960 22 0 1000 7000 0 1 1 0 1000 50 35000
0 1014 0 1 69983 23 0 1000 7000 0 1 1 0 1000 50 35000
0 1010 0 1 70005 22 0 1000 7000 0 1 1 0 1000 50 35000
0 1011 0 1 70028 23 0 1000 7000 0 1 1 0 1000 50 35000
0 1016 0 1 70050 22 0 1000 7000 0 1 1 0 1000 50 35000
0 1010 0 1 70073 23 0 1000 7000 0 1 1 0 1000 50 35000
0 1012 0 1 70095 22 0 1000 7000 0 1 1 0 1000 50 35000
0 1016 0 1 70118 23 0 1000 7000 0 1 1 0 1000 50 35000
0 1013 0 1 70140 22 0 1000 7000 0 1 1 0 1000 50 35000
0 1013 0 1 70163 23 0 1000 7000 0 1 1 0 1000 50 35000
0 1012 0 1 70185 22 0 1000 7000 0 1 1 0 1000 50 35000
0 1007 0 1 70208 23 0 1000 7000 0 1 1 0 1000 50 35000
0 1014 0 1 70231 23 0 1000 7000 0 1 1 0 1000 50 35000
0 1007 0 1 70254 23 0 1000 7000 0 1 1 0 1000 50 35000
0 1009 0 1 70277 23 0 1000 7000 0 1 1 0 1000 50 35000
0 1011 0 1 70299 22 0 1000 7000 0 1 1 0 1000 50 35000
0 1011 0 1 70322 23 0 1000 7000 0 1 1 0 1000 50 35000
0 1010 0 1 70344 22 0 1000 7000 0 1 1 0 1000 50 35000
0 1021 0 1 70367 23 0 1000 7000 0 1 1 0 1000 50 35000
0 1011 0 1 70389 22 0 1000 7000 0 1 1 0 1000 50 35000
0 1012 0 1 70412 23 0 1000 7000 0 1 1 0 1000 50 35000
0 1019 0 1 70434 22 0 1000 7000 0 1 1 0 1000 50 35000
0 1011 0 1 70457 23 0 1000 7000 0 1 1 0 1000 50 35000
0 1012 0 1 70479 22 0 1000 7000 0 1 1 0 1000 50 35000
0 1013 0 1 70502 23 0 1000 7000 0 1 1 0 1000 50 35000
0 1008 0 1 70524 22 0 1000 7000 0 1 1 0 1000 50 35000
0 1016 0 1 70547 23 0 1000 7000 0 1 1 0 1000 50 35000
0 1012 0 1 70569 22 0 1000 7000 0 1 1 0 1000 50 35000
0 1005 0 1 70592 23 0 1000 7000 0 1 1 0 1000 50 35000
0 1013 0 1 70615 23 0 1000 7000 0 1 1 0 1000 50 35000
0 1012 0 1 70637 22 0 1000 7000 0 1 1 0 1000 50 35000
0 1010 0 1 70661 24 0 1000 7000 0 1 1 0 1000 50 35000
0 1013 0 1 70683 22 0 1000 7000 0 1 1 0 1000 50 35000
0 1010 0 1 70706 23 0 1000 7000 0 1 1 0 1000 50 35000
0 989 0 1 70728 22 0 1000 7000 0 1 1 0 1000 50 35000
0 1017 0 1 70751 23 0 1000 7000 0 1 1 0 1000 50 35000
0 1009 0 1 70773 22 0 1000 7000 0 1 1 0 1000 50 35000
0 1012 0 1 70796 23 0 1000 7000 0 1 1 0 1000 50 35000
0 1018 0 1 70818 22 0 1000 7000 0 1 1 0 1000 50 35000
0 1011 0 1 70841 23 0 1000 7000 0 1 1 0 1000 50 35000
0 1014 0 1 70863 22 0 1000 7000 0 1 1 0 1000 50 35000
0 1013 0 1 70886 23 0 1000 7000 0 1 1 0 1000 50 35000
0 1005 0 1 70908 22 0 1000 7000 0 1 1 0 1000 50 35000
0 1013 0 1 70931 23 0 1000 7000 0 1 1 0 1000 50 35000
0 1012 0 1 70953 22 0 1000 7000 0 1 1 0 1000 50 35000
0 1007 0 1 70976 23 0 1000 7000 0 1 1 0 1000 50 35000
0 1013 0 1 70999 23 0 1000 7000 0 1 1 0 1000 50 35000
0 1011 0 1 71021 22 0 1000 7000 0 1 1 0 1000 50 35000
0 1010 0 1 71044 23 0 1000 7000 0 1 1 0 1000 50 35000
0 1022 0 1 71066 22 0 1000 7000 0 1 1 0 1000 50 35000
0 1010 0 1 71090 24 0 1000 7000 0 1 1 0 1000 50 35000
0 1013 0 1 71112 22 0 1000 7000 0 1 1 0 1000 50 35000
0 1020 0 1 71135 23 0 1000 7000 0 1 1 0 1000 50 35000
0 1010 0 1 71157 22 0 1000 7000 0 1 1 0 1000 50 35000
0 1010 0 1 71180 23 0 1000 7000 0 1 1 0 1000 50 35000
0 1013 0 1 71202 22 0 1000 7000 0 1 1 0 1000 50 35000
0 1009 0 1 71225 23 0 1000 7000 0 1 1 0 1000 50 35000
0 1013 0 1 71247 22 0 1000 7000 0 1 1 0 1000 50 35000
0 1012 0 1 71270 23 0 1000 7000 0 1 1 0 1000 50 35000
0 1006 0 1 71292 22 0 1000 7000 0 1 1 0 1000 50 35000
0 1013 0 1 71315 23 0 1000 7000 0 1 1 0 1000 50 35000
0 1012 0 1 71337 22 0 1000 7000 0 1 1 0 1000 50 35000
0 1010 0 1 71360 23 0 1000 7000 0 1 1 0 1000 50 35000
0 1014 0 1 71383 23 0 1000 7000 0 1 1 0 1000 50 35000
0 1010 0 1 71405 22 0 1000 7000 0 1 1 0 1000 50 35000
0 1011 0 1 71428 23 0 1000 7000 0 1 1 0 1000 50 35000
0 1014 0 1 71450 22 0 1000 7000 0 1 1 0 1000 50 35000
0 1011 0 1 71473 23 0 1000 7000 0 1 1 0 1000 50 35000
0 1012 0 1 71495 22 0 1000 7000 0 1 1 0 1000 50 35000
0 1017 0 1 71519 24 0 1000 7000 0 1 1 0 1000 50 35000
0 1010 0 1 71541 22 0 1000 7000 0 1 1 0 1000 50 35000
0 1012 0 1 71564 23 0 1000 7000 0 1 1 0 1000 50 35000
0 1013 0 1 71586 22 0 1000 7000 0 1 1 0 1000 50 35000
0 1003 0 1 71609 23 0 1000 7000 0 1 1 0 1000 50 35000
0 1013 0 1 71631 22 0 1000 7000 0 1 1 0 1000 50 35000
0 1012 0 1 71654 23 0 1000 7000 0 1 1 0 1000 50 35000
0 1008 0 1 71676 22 0 1000 7000 0 1 1 0 1000 50 35000
0 1015 0 1 71699 23 0 1000 7000 0 1 1 0 1000 50 35000
0 1008 0 1 71721 22 0 1000 7000 0 1 1 0 1000 50 35000
0 1011 0 1 71744 23 0 1000 7000 0 1 1 0 1000 50 35000
0 1015 0 1 71767 23 0 1000 7000 0 1 1 0 1000 50 35000
0 1011 0 1 71789 22 0 1000 7000 0 1 1 0 1000 50 35000
0 1011 0 1 71812 23 0 1000 7000 0 1 1 0 1000 50 35000
0 1018 0 1 71834 22 0 1000 7000 0 1 1 0 1000 50 35000
0 1011 0 1 71857 23 0 1000 7000 0 1 1 0 1000 50 35000
0 1012 0 1 71879 22 0 1000 7000 0 1 1 0 1000 50 35000
0 1014 0 1 71902 23 0 1000 7000 0 1 1 0 1000 50 35000
0 1009 0 1 71925 23 0 1000 7000 0 1 1 0 1000 50 35000
0 1014 0 1 71948 23 0 1000 7000 0 1 1 0 1000 50 35000
0 1012 0 1 71970 22 0 1000 7000 0 1 1 0 1000 50 35000
0 1007 0 1 71993 23 0 1000 7000 0 1 1 0 1000 50 35000
0 1012 0 1 72015 22 0 1000 7000 0 1 1 0 1000 50 35000
0 1018 0 1 72038 23 0 1000 7000 0 1 1 0 1000 50 35000
0 1006 0 1 72060 22 0 1000 7000 0 1 1 0 1000 50 35000
0 1012 0 1 72083 23 0 1000 7000 0 1 1 0 1000 50 35000
0 1011 0 1 72105 22 0 1000 7000 0 1 1 0 1000 50 35000
0 1010 0 1 72128 23 0 1000 7000 0 1 1 0 1000 50 35000
0 1017 0 1 72151 23 0 1000 7000 0 1 1 0 1000 50 35000
0 1010 0 1 72173 22 0 1000 7000 0 1 1 0 1000 50 35000
0 1012 0 1 72196 23 0 1000 7000 0 1 1 0 1000 50 35000
0 1019 0 1 72218 22 0 1000 7000 0 1 1 0 1000 50 35000
0 1010 0 1 72241 23 0 1000 7000 0 1 1 0 1000 50 35000
0 1013 0 1 72263 22 0 1000 7000 0 1 1 0 1000 50 35000
0 1013 0 1 72286 23 0 1000 7000 0 1 1 0 1000 50 35000
0 1002 0 1 72308 22 0 1000 7000 0 1 1 0 1000 50 35000
0 1013 0 1 72332 24 0 1000 7000 0 1 1 0 1000 50 35000
0 1011 0 1 72354 22 0 1000 7000 0 1 1 0 1000 50 35000
0 1004 0 1 72377 23 0 1000 7000 0 1 1 0 1000 50 35000
0 1013 0 1 72399 22 0 1000 7000 0 1 1 0 1000 50 35000
0 1013 0 1 72422 23 0 1000 7000 0 1 1 0 1000 50 35000
0 1010 0 1 72444 22 0 1000 7000 0 1 1 0 1000 50 35000
0 1016 0 1 72467 23 0 1000 7000 0 1 1 0 1000 50 35000
0 1011 0 1 72489 22 0 1000 7000 0 1 1 0 1000 50 35000
0 1011 0 1 72512 23 0 1000 7000 0 1 1 0 1000 50 35000
0 1015 0 1 72535 23 0 1000 7000 0 1 1 0 1000 50 35000
0 1011 0 1 72557 22 0 1000 7000 0 1 1 0 1000 50 35000
0 1016 0 1 72580 23 0 1000 7000 0 1 1 0 1000 50 35000
0 1013 0 1 72602 22 0 1000 7000 0 1 1 0 1000 50 35000
0 1009 0 1 72625 23 0 1000 7000 0 1 1 0 1000 50 35000
0 1014 0 1 72647 22 0 1000 7000 0 1 1 0 1000 50 35000
0 1007 0 1 72670 23 0 1000 7000 0 1 1 0 1000 50 35000
0 1007 0 1 72692 22 0 1000 7000 0 1 1 0 1000 50 35000
0 1014 0 1 72715 23 0 1000 7000 0 1 1 0 1000 50 35000
0 1017 0 1 72738 23 0 1000 7000 0 1 1 0 1000 50 35000
0 1003 0 1 72761 23 0 1000 7000 0 1 1 0 1000 50 35000
0 1012 0 1 72783 22 0 1000 7000 0 1 1 0 1000 50 35000
0 1010 0 1 72806 23 0 1000 7000 0 1 1 0 1000 50 35000
0 1005 0 1 72828 22 0 1000 7000 0 1 1 0 1000 50 35000
0 1018 0 1 72851 23 0 1000 7000 0 1 1 0 1000 50 35000
0 1011 0 1 72873 22 0 1000 7000 0 1 1 0 1000 50 35000
0 1014 0 1 72896 23 0 1000 7000 0 1 1 0 1000 50 35000
0 1019 0 1 72919 23 0 1000 7000 0 1 1 0 1000 50 35000
0 1010 0 1 72941 22 0 1000 7000 0 1 1 0 1000 50 35000
0 1010 0 1 72964 23 0 1000 7000 0 1 1 0 1000 50 35000
0 1012 0 1 72986 22 0 1000 7000 0 1 1 0 1000 50 35000
0 1001 0 1 73009 23 0 1000 7000 0 1 1 0 1000 50 35000
0 1010 0 1 73031 22 0 1000 7000 0 1 1 0 1000 50 35000
0 1007 0 1 73054 23 0 1000 7000 0 1 1 0 1000 50 35000
0 999 0 1 73076 22 0 1000 7000 0 1 1 0 1000 50 35000
0 1013 0 1 73099 23 0 1000 7000 0 1 1 0 1000 50 35000
0 1011 0 1 73121 22 0 1000 7000 0 1 1 0 1000 50 35000
0 1009 0 1 73144 23 0 1000 7000 0 1 1 0 1000 50 35000
0 1013 0 1 73167 23 0 1000 7000 0 1 1 0 1000 50 35000
0 1010 0 1 73190 23 0 1000 7000 0 1 1 0 1000 50 35000
0 1011 0 1 73212 22 0 1000 7000 0 1 1 0 1000 50 35000
0 1016 0 1 73235 23 0 1000 7000 0 1 1 0 1000 50 35000
0 1009 0 1 73257 22 0 1000 7000 0 1 1 0 1000 50 35000
0 1012 0 1 73280 23 0 1000 7000 0 1 1 0 1000 50 35000
0 1017 0 1 73303 23 0 1000 7000 0 1 1 0 1000 50 35000
0 1010 0 1 73325 22 0 1000 7000 0 1 1 0 1000 50 35000
0 1011 0 1 73348 23 0 1000 7000 0 1 1 0 1000 50 35000
0 1022 0 1 73370 22 0 1000 7000 0 1 1 0 1000 50 35000
0 1008 0 1 73393 23 0 1000 7000 0 1 1 0 1000 50 35000
0 1013 0 1 73415 22 0 1000 7000 0 1 1 0 1000 50 35000
0 1011 0 1 73438 23 0 1000 7000 0 1 1 0 1000 50 35000
0 1006 0 1 73460 22 0 1000 7000 0 1 1 0 1000 50 35000
0 1013 0 1 73483 23 0 1000 7000 0 1 1 0 1000 50 35000
0 1011 0 1 73505 22 0 1000 7000 0 1 1 0 1000 50 35000
0 1009 0 1 73528 23 0 1000 7000 0 1 1 0 1000 50 35000
0 1021 0 1 73550 22 0 1000 7000 0 1 1 0 1000 50 35000
0 1011 0 1 73574 24 0 1000 7000 0 1 1 0 1000 50 35000
0 1012 0 1 73596 22 0 1000 7000 0 1 1 0 1000 50 35000
0 1020 0 1 73619 23 0 1000 7000 0 1 1 0 1000 50 35000
0 1007 0 1 73641 22 0 1000 7000 0 1 1 0 1000 50 35000
0 1012 0 1 73664 23 0 1000 7000 0 1 1 0 1000 50 35000
0 1012 0 1 73687 23 0 1000 7000 0 1 1 0 1000 50 35000
0 1008 0 1 73709 22 0 1000 7000 0 1 1 0 1000 50 35000
0 1013 0 1 73732 23 0 1000 7000 0 1 1 0 1000 50 35000
0 1012 0 1 73754 22 0 1000 7000 0 1 1 0 1000 50 35000
0 1007 0 1 73777 23 0 1000 7000 0 1 1 0 1000 50 35000
0 1013 0 1 73799 22 0 1000 7000 0 1 1 0 1000 50 35000
0 1013 0 1 73822 23 0 1000 7000 0 1 1 0 1000 50 35000
0 1009 0 1 73844 22 0 1000 7000 0 1 1 0 1000 50 35000
0 1014 0 1 73867 23 0 1000 7000 0 1 1 0 1000 50 35000
0 1010 0 1 73889 22 0 1000 7000 0 1 1 0 1000 50 35000
0 1011 0 1 73912 23 0 1000 7000 0 1 1 0 1000 50 35000
0 1016 0 1 73934 22 0 1000 7000 0 1 1 0 1000 50 35000
0 1011 0 1 73957 23 0 1000 7000 0 1 1 0 1000 50 35000
0 1011 0 1 73980 23 0 1000 7000 0 1 1 0 1000 50 35000
0 1017 0 1 74003 23 0 1000 7000 0 1 1 0 1000 50 35000
0 1011 0 1 74025 22 0 1000 7000 0 1 1 0 1000 50 35000
0 1011 0 1 74048 23 0 1000 7000 0 1 1 0 1000 50 35000
0 1012 0 1 74071 23 0 1000 7000 0 1 1 0 1000 50 35000
0 1006 0 1 74093 22 0 1000 7000 0 1 1 0 1000 50 35000
0 1012 0 1 74116 23 0 1000 7000 0 1 1 0 1000 50 35000
0 1012 0 1 74138 22 0 1000 7000 0 1 1 0 1000 50 35000
0 1005 0 1 74161 23 0 1000 7000 0 1 1 0 1000 50 35000
0 1013 0 1 74183 22 0 1000 7000 0 1 1 0 1000 50 35000
0 1011 0 1 74206 23 0 1000 7000 0 1 1 0 1000 50 35000
0 1009 0 1 74228 22 0 1000 7000 0 1 1 0 1000 50 35000
0 1023 0 1 74251 23 0 1000 7000 0 1 1 0 1000 50 35000
0 1010 0 1 74273 22 0 1000 7000 0 1 1 0 1000 50 35000
0 1011 0 1 74296 23 0 1000 7000 0 1 1 0 1000 50 35000
0 1019 0 1 74318 22 0 1000 7000 0 1 1 0 1000 50 35000
0 1010 0 1 74341 23 0 1000 7000 0 1 1 0 1000 50 35000
0 1013 0 1 74363 22 0 1000 7000 0 1 1 0 1000 50 35000
0 1013 0 1 74386 23 0 1000 7000 0 1 1 0 1000 50 35000
0 1008 0 1 74409 23 0 1000 7000 0 1 1 0 1000 50 35000
0 1011 0 1 74432 23 0 1000 7000 0 1 1 0 1000 50 35000
0 1012 0 1 74455 23 0 1000 7000 0 1 1 0 1000 50 35000
0 1005 0 1 74477 22 0 1000 7000 0 1 1 0 1000 50 35000
0 1013 0 1 74500 23 0 1000 7000 0 1 1 0 1000 50 35000
0 1011 0 1 74522 22 0 1000 7000 0 1 1 0 1000 50 35000
0 1008 0 1 74545 23 0 1000 7000 0 1 1 0 1000 50 35000
0 1013 0 1 74567 22 0 1000 7000 0 1 1 0 1000 50 35000
0 1007 0 1 74590 23 0 1000 7000 0 1 1 0 1000 50 35000
0 1005 0 1 74612 22 0 1000 7000 0 1 1 0 1000 50 35000
0 1015 0 1 74635 23 0 1000 7000 0 1 1 0 1000 50 35000
0 1010 0 1 74657 22 0 1000 7000 0 1 1 0 1000 50 35000
0 1012 0 1 74680 23 0 1000 7000 0 1 1 0 1000 50 35000
0 1016 0 1 74702 22 0 1000 7000 0 1 1 0 1000 50 35000
0 1011 0 1 74725 23 0 1000 7000 0 1 1 0 1000 50 35000
0 1013 0 1 74747 22 0 1000 7000 0 1 1 0 1000 50 35000
0 1014 0 1 74770 23 0 1000 7000 0 1 1 0 1000 50 35000
0 1006 0 1 74792 22 0 1000 7000 0 1 1 0 1000 50 35000
0 1012 0 1 74816 24 0 1000 7000 0 1 1 0 1000 50 35000
0 1011 0 1 74839 23 0 1000 7000 0 1 1 0 1000 50 35000
0 1005 0 1 74861 22 0 1000 7000 0 1 1 0 1000 50 35000
0 1011 0 1 74884 23 0 1000 7000 0 1 1 0 1000 50 35000
0 1010 0 1 74906 22 0 1000 7000 0 1 1 0 1000 50 35000
0 1009 0 1 74929 23 0 1000 7000 0 1 1 0 1000 50 35000
0 1017 0 1 74951 22 0 1000 7000 0 1 1 0 1000 50 35000
0 1010 0 1 74974 23 0 1000 7000 0 1 1 0 1000 50 35000
0 1008 0 1 74996 22 0 1000 7000 0 1 1 0 1000 50 35000
0 1018 0 1 75019 23 0 1000 7000 0 1 1 0 1000 50 35000
0 1010 0 1 75041 22 0 1000 7000 0 1 1 0 1000 50 35000
0 1011 0 1 75064 23 0 1000 7000 0 1 1 0 1000 50 35000
0 1013 0 1 75086 22 0 1000 7000 0 1 1 0 1000 50 35000
0 1009 0 1 75109 23 0 1000 7000 0 1 1 0 1000 50 35000
0 1013 0 1 75131 22 0 1000 7000 0 1 1 0 1000 50 35000
0 1013 0 1 75154 23 0 1000 7000 0 1 1 0 1000 50 35000
0 1008 0 1 75176 22 0 1000 7000 0 1 1 0 1000 50 35000
0 1013 0 1 75199 23 0 1000 7000 0 1 1 0 1000 50 35000
0 1011 0 1 75223 24 0 1000 7000 0 1 1 0 1000 50 35000
0 999 0 1 75245 22 0 1000 7000 0 1 1 0 1000 50 35000
0 1012 0 1 75268 23 0 1000 7000 0 1 1 0 1000 50 35000
0 1010 0 1 75290 22 0 1000 7000 0 1 1 0 1000 50 35000
0 1017 0 1 75313 23 0 1000 7000 0 1 1 0 1000 50 35000
0 1023 0 1 75335 22 0 1000 7000 0 1 1 0 1000 50 35000
0 1010 0 1 75358 23 0 1000 7000 0 1 1 0 1000 50 35000
0 1011 0 1 75380 22 0 1000 7000 0 1 1 0 1000 50 35000
0 1020 0 1 75403 23 0 1000 7000 0 1 1 0 1000 50 35000
0 1009 0 1 75425 22 0 1000 7000 0 1 1 0 1000 50 35000
0 1012 0 1 75448 23 0 1000 7000 0 1 1 0 1000 50 35000
0 1013 0 1 75470 22 0 1000 7000 0 1 1 0 1000 50 35000
0 1002 0 1 75493 23 0 1000 7000 0 1 1 0 1000 50 35000
0 1013 0 1 75515 22 0 1000 7000 0 1 1 0 1000 50 35000
0 1021 0 1 75538 23 0 1000 7000 0 1 1 0 1000 50 35000
0 1004 0 1 75560 22 0 1000 7000 0 1 1 0 1000 50 35000
0 1013 0 1 75583 23 0 1000 7000 0 1 1 0 1000 50 35000
0 1011 0 1 75606 23 0 1000 7000 0 1 1 0 1000 50 35000
0 1010 0 1 75628 22 0 1000 7000 0 1 1 0 1000 50 35000
0 1015 0 1 75652 24 0 1000 7000 0 1 1 0 1000 50 35000
0 1010 0 1 75674 22 0 1000 7000 0 1 1 0 1000 50 35000
0 1011 0 1 75697 23 0 1000 7000 0 1 1 0 1000 50 35000
0 1014 0 1 75719 22 0 1000 7000 0 1 1 0 1000 50 35000
0 1008 0 1 75742 23 0 1000 7000 0 1 1 0 1000 50 35000
0 1012 0 1 75764 22 0 1000 7000 0 1 1 0 1000 50 35000
0 1013 0 1 75787 23 0 1000 7000 0 1 1 0 1000 50 35000
0 1010 0 1 75809 22 0 1000 7000 0 1 1 0 1000 50 35000
0 1013 0 1 75832 23 0 1000 7000 0 1 1 0 1000 50 35000
0 1012 0 1 75854 22 0 1000 7000 0 1 1 0 1000 50 35000
0 1010 0 1 75877 23 0 1000 7000 0 1 1 0 1000 50 35000
0 1013 0 1 75899 22 0 1000 7000 0 1 1 0 1000 50 35000
0 1011 0 1 75922 23 0 1000 7000 0 1 1 0 1000 50 35000
0 1009 0 1 75944 22 0 1000 7000 0 1 1 0 1000 50 35000
0 1012 0 1 75967 23 0 1000 7000 0 1 1 0 1000 50 35000
0 1010 0 1 75990 23 0 1000 7000 0 1 1 0 1000 50 35000
0 1011 0 1 76012 22 0 1000 7000 0 1 1 0 1000 50 35000
0 1023 0 1 76035 23 0 1000 7000 0 1 1 0 1000 50 35000
0 1011 0 1 76057 22 0 1000 7000 0 1 1 0 1000 50 35000
0 1012 0 1 76081 24 0 1000 7000 0 1 1 0 1000 50 35000
0 1009 0 1 76103 22 0 1000 7000 0 1 1 0 1000 50 35000
0 1010 0 1 76126 23 0 1000 7000 0 1 1 0 1000 50 35000
0 1011 0 1 76148 22 0 1000 7000 0 1 1 0 1000 50 35000
0 1014 0 1 76171 23 0 1000 7000 0 1 1 0 1000 50 35000
0 1004 0 1 76193 22 0 1000 7000 0 1 1 0 1000 50 35000
0 1013 0 1 76216 23 0 1000 7000 0 1 1 0 1000 50 35000
0 1012 0 1 76238 22 0 1000 7000 0 1 1 0 1000 50 35000
0 1004 0 1 76261 23 0 1000 7000 0 1 1 0 1000 50 35000
0 1011 0 1 76283 22 0 1000 7000 0 1 1 0 1000 50 35000
0 1010 0 1 76306 23 0 1000 7000 0 1 1 0 1000 50 35000
0 1010 0 1 76328 22 0 1000 7000 0 1 1 0 1000 50 35000
0 1014 0 1 76351 23 0 1000 7000 0 1 1 0 1000 50 35000
0 1010 0 1 76374 23 0 1000 7000 0 1 1 0 1000 50 35000
0 1011 0 1 76396 22 0 1000 7000 0 1 1 0 1000 50 35000
0 1017 0 1 76419 23 0 1000 7000 0 1 1 0 1000 50 35000
0 1007 0 1 76441 22 0 1000 7000 0 1 1 0 1000 50 35000
0 1013 0 1 76464 23 0 1000 7000 0 1 1 0 1000 50 35000
0 1017 0 1 76487 23 0 1000 7000 0 1 1 0 1000 50 35000
0 1009 0 1 76510 23 0 1000 7000 0 1 1 0 1000 50 35000
0 1013 0 1 76532 22 0 1000 7000 0 1 1 0 1000 50 35000
0 1021 0 1 76555 23 0 1000 7000 0 1 1 0 1000 50 35000
0 1008 0 1 76577 22 0 1000 7000 0 1 1 0 1000 50 35000
0 1013 0 1 76600 23 0 1000 7000 0 1 1 0 1000 50 35000
0 1011 0 1 76622 22 0 1000 7000 0 1 1 0 1000 50 35000
0 1006 0 1 76645 23 0 1000 7000 0 1 1 0 1000 50 35000
0 1012 0 1 76667 22 0 1000 7000 0 1 1 0 1000 50 35000
0 1010 0 1 76690 23 0 1000 7000 0 1 1 0 1000 50 35000
0 1008 0 1 76712 22 0 1000 7000 0 1 1 0 1000 50 35000
0 1019 0 1 76735 23 0 1000 7000 0 1 1 0 1000 50 35000
0 1010 0 1 76758 23 0 1000 7000 0 1 1 0 1000 50 35000
0 1012 0 1 76780 22 0 1000 7000 0 1 1 0 1000 50 35000
0 1019 0 1 76803 23 0 1000 7000 0 1 1 0 1000 50 35000
0 1011 0 1 76825 22 0 1000 7000 0 1 1 0 1000 50 35000
0 1011 0 1 76848 23 0 1000 7000 0 1 1 0 1000 50 35000
0 1012 0 1 76870 22 0 1000 7000 0 1 1 0 1000 50 35000
0 1008 0 1 76893 23 0 1000 7000 0 1 1 0 1000 50 35000
0 1013 0 1 76916 23 0 1000 7000 0 1 1 0 1000 50 35000
0 1012 0 1 76939 23 0 1000 7000 0 1 1 0 1000 50 35000
0 1005 0 1 76961 22 0 1000 7000 0 1 1 0 1000 50 35000
0 1013 0 1 76984 23 0 1000 7000 0 1 1 0 1000 50 35000
0 1011 0 1 77006 22 0 1000 7000 0 1 1 0 1000 50 35000
0 1008 0 1 77029 23 0 1000 7000 0 1 1 0 1000 50 35000
0 1012 0 1 77051 22 0 1000 7000 0 1 1 0 1000 50 35000
0 1009 0 1 77074 23 0 1000 7000 0 1 1 0 1000 50 35000
0 1023 0 1 77096 22 0 1000 7000 0 1 1 0 1000 50 35000
0 1014 0 1 77119 23 0 1000 7000 0 1 1 0 1000 50 35000
0 1009 0 1 77142 23 0 1000 7000 0 1 1 0 1000 50 35000
0 1011 0 1 77164 22 0 1000 7000 0 1 1 0 1000 50 35000
0 1014 0 1 77187 23 0 1000 7000 0 1 1 0 1000 50 35000
0 1011 0 1 77209 22 0 1000 7000 0 1 1 0 1000 50 35000
0 1012 0 1 77232 23 0 1000 7000 0 1 1 0 1000 50 35000
0 1012 0 1 77254 22 0 1000 7000 0 1 1 0 1000 50 35000
0 1005 0 1 77277 23 0 1000 7000 0 1 1 0 1000 50 35000
0 1013 0 1 77299 22 0 1000 7000 0 1 1 0 1000 50 35000
0 1011 0 1 77323 24 0 1000 7000 0 1 1 0 1000 50 35000
0 1005 0 1 77345 22 0 1000 7000 0 1 1 0 1000 50 35000
0 1013 0 1 77368 23 0 1000 7000 0 1 1 0 1000 50 35000
0 1010 0 1 77390 22 0 1000 7000 0 1 1 0 1000 50 35000
0 1010 0 1 77413 23 0 1000 7000 0 1 1 0 1000 50 35000
0 1020 0 1 77435 22 0 1000 7000 0 1 1 0 1000 50 35000
0 1010 0 1 77458 23 0 1000 7000 0 1 1 0 1000 50 35000
0 1011 0 1 77480 22 0 1000 7000 0 1 1 0 1000 50 35000
0 1018 0 1 77503 23 0 1000 7000 0 1 1 0 1000 50 35000
0 1010 0 1 77526 23 0 1000 7000 0 1 1 0 1000 50 35000
0 1011 0 1 77548 22 0 1000 7000 0 1 1 0 1000 50 35000
0 1023 0 1 77571 23 0 1000 7000 0 1 1 0 1000 50 35000
0 1008 0 1 77593 22 0 1000 7000 0 1 1 0 1000 50 35000
0 1011 0 1 77616 23 0 1000 7000 0 1 1 0 1000 50 35000
0 1008 0 1 77638 22 0 1000 7000 0 1 1 0 1000 50 35000
0 1006 0 1 77661 23 0 1000 7000 0 1 1 0 1000 50 35000
0 1014 0 1 77683 22 0 1000 7000 0 1 1 0 1000 50 35000
0 1012 0 1 77706 23 0 1000 7000 0 1 1 0 1000 50 35000
0 1006 0 1 77729 23 0 1000 7000 0 1 1 0 1000 50 35000
0 1012 0 1 77752 23 0 1000 7000 0 1 1 0 1000 50 35000
0 1009 0 1 77774 22 0 1000 7000 0 1 1 0 1000 50 35000
0 1009 0 1 77797 23 0 1000 7000 0 1 1 0 1000 50 35000
0 1015 0 1 77819 22 0 1000 7000 0 1 1 0 1000 50 35000
0 1010 0 1 77842 23 0 1000 7000 0 1 1 0 1000 50 35000
0 1011 0 1 77864 22 0 1000 7000 0 1 1 0 1000 50 35000
0 1016 0 1 77887 23 0 1000 7000 0 1 1 0 1000 50 35000
0 1010 0 1 77910 23 0 1000 7000 0 1 1 0 1000 50 35000
0 1011 0 1 77932 22 0 1000 7000 0 1 1 0 1000 50 35000
0 1012 0 1 77955 23 0 1000 7000 0 1 1 0 1000 50 35000
0 1004 0 1 77977 22 0 1000 7000 0 1 1 0 1000 50 35000
0 1012 0 1 78000 23 0 1000 7000 0 1 1 0 1000 50 35000
0 1012 0 1 78022 22 0 1000 7000 0 1 1 0 1000 50 35000
0 1004 0 1 78045 23 0 1000 7000 0 1 1 0 1000 50 35000
0 1013 0 1 78067 22 0 1000 7000 0 1 1 0 1000 50 35000
0 1011 0 1 78090 23 0 1000 7000 0 1 1 0 1000 50 35000
0 1010 0 1 78112 22 0 1000 7000 0 1 1 0 1000 50 35000
0 1017 0 1 78136 24 0 1000 7000 0 1 1 0 1000 50 35000
0 1010 0 1 78158 22 0 1000 7000 0 1 1 0 1000 50 35000
0 1017 0 1 78181 23 0 1000 7000 0 1 1 0 1000 50 35000
0 1017 0 1 78203 22 0 1000 7000 0 1 1 0 1000 50 35000
0 1009 0 1 78226 23 0 1000 7000 0 1 1 0 1000 50 35000
0 1012 0 1 78248 22 0 1000 7000 0 1 1 0 1000 50 35000
0 1012 0 1 78271 23 0 1000 7000 0 1 1 0 1000 50 35000
0 1010 0 1 78294 23 0 1000 7000 0 1 1 0 1000 50 35000
0 1013 0 1 78316 22 0 1000 7000 0 1 1 0 1000 50 35000
0 1011 0 1 78339 23 0 1000 7000 0 1 1 0 1000 50 35000
0 1007 0 1 78361 22 0 1000 7000 0 1 1 0 1000 50 35000
0 1013 0 1 78384 23 0 1000 7000 0 1 1 0 1000 50 35000
0 1010 0 1 78406 22 0 1000 7000 0 1 1 0 1000 50 35000
0 1005 0 1 78429 23 0 1000 7000 0 1 1 0 1000 50 35000
0 1012 0 1 78451 22 0 1000 7000 0 1 1 0 1000 50 35000
0 1010 0 1 78474 23 0 1000 7000 0 1 1 0 1000 50 35000
0 1010 0 1 78496 22 0 1000 7000 0 1 1 0 1000 50 35000
0 1016 0 1 78519 23 0 1000 7000 0 1 1 0 1000 50 35000
0 1010 0 1 78542 23 0 1000 7000 0 1 1 0 1000 50 35000
0 1010 0 1 78565 23 0 1000 7000 0 1 1 0 1000 50 35000
0 1018 0 1 78587 22 0 1000 7000 0 1 1 0 1000 50 35000
0 1010 0 1 78610 23 0 1000 7000 0 1 1 0 1000 50 35000
0 1012 0 1 78632 22 0 1000 7000 0 1 1 0 1000 50 35000
0 1012 0 1 78655 23 0 1000 7000 0 1 1 0 1000 50 35000
0 1003 0 1 78678 23 0 1000 7000 0 1 1 0 1000 50 35000
0 1012 0 1 78700 22 0 1000 7000 0 1 1 0 1000 50 35000
0 1011 0 1 78723 23 0 1000 7000 0 1 1 0 1000 50 35000
0 1004 0 1 78745 22 0 1000 7000 0 1 1 0 1000 50 35000
0 1012 0 1 78768 23 0 1000 7000 0 1 1 0 1000 50 35000
0 1015 0 1 78790 22 0 1000 7000 0 1 1 0 1000 50 35000
0 1010 0 1 78813 23 0 1000 7000 0 1 1 0 1000 50 35000
0 1014 0 1 78835 22 0 1000 7000 0 1 1 0 1000 50 35000
0 1009 0 1 78858 23 0 1000 7000 0 1 1 0 1000 50 35000
0 1010 0 1 78880 22 0 1000 7000 0 1 1 0 1000 50 35000
0 1016 0 1 78903 23 0 1000 7000 0 1 1 0 1000 50 35000
0 1010 0 1 78925 22 0 1000 7000 0 1 1 0 1000 50 35000
0 1011 0 1 78949 24 0 1000 7000 0 1 1 0 1000 50 35000
0 1013 0 1 78971 22 0 1000 7000 0 1 1 0 1000 50 35000
0 1009 0 1 78994 23 0 1000 7000 0 1 1 0 1000 50 35000
0 1013 0 1 79016 22 0 1000 7000 0 1 1 0 1000 50 35000
0 1012 0 1 79039 23 0 1000 7000 0 1 1 0 1000 50 35000
0 1006 0 1 79062 23 0 1000 7000 0 1 1 0 1000 50 35000
0 1013 0 1 79084 22 0 1000 7000 0 1 1 0 1000 50 35000
0 1011 0 1 79107 23 0 1000 7000 0 1 1 0 1000 50 35000
0 1006 0 1 79129 22 0 1000 7000 0 1 1 0 1000 50 35000
0 1011 0 1 79152 23 0 1000 7000 0 1 1 0 1000 50 35000
0 1009 0 1 79174 22 0 1000 7000 0 1 1 0 1000 50 35000
0 1008 0 1 79197 23 0 1000 7000 0 1 1 0 1000 50 35000
0 1017 0 1 79219 22 0 1000 7000 0 1 1 0 1000 50 35000
0 1009 0 1 79242 23 0 1000 7000 0 1 1 0 1000 50 35000
0 1010 0 1 79264 22 0 1000 7000 0 1 1 0 1000 50 35000
0 1018 0 1 79287 23 0 1000 7000 0 1 1 0 1000 50 35000
0 1009 0 1 79309 22 0 1000 7000 0 1 1 0 1000 50 35000
0 1011 0 1 79332 23 0 1000 7000 0 1 1 0 1000 50 35000
0 1012 0 1 79354 22 0 1000 7000 0 1 1 0 1000 50 35000
0 1002 0 1 79378 24 0 1000 7000 0 1 1 0 1000 50 35000
0 1012 0 1 79400 22 0 1000 7000 0 1 1 0 1000 50 35000
0 1011 0 1 79423 23 0 1000 7000 0 1 1 0 1000 50 35000
0 1004 0 1 79446 23 0 1000 7000 0 1 1 0 1000 50 35000
0 1012 0 1 79468 22 0 1000 7000 0 1 1 0 1000 50 35000
0 1012 0 1 79491 23 0 1000 7000 0 1 1 0 1000 50 35000
0 1010 0 1 79513 22 0 1000 7000 0 1 1 0 1000 50 35000
0 1013 0 1 79536 23 0 1000 7000 0 1 1 0 1000 50 35000
0 1009 0 1 79558 22 0 1000 7000 0 1 1 0 1000 50 35000
0 1010 0 1 79581 23 0 1000 7000 0 1 1 0 1000 50 35000
0 1020 0 1 79603 22 0 1000 7000 0 1 1 0 1000 50 35000
0 1009 0 1 79626 23 0 1000 7000 0 1 1 0 1000 50 35000
0 1013 0 1 79648 22 0 1000 7000 0 1 1 0 1000 50 35000
0 1017 0 1 79671 23 0 1000 7000 0 1 1 0 1000 50 35000
0 1007 0 1 79693 22 0 1000 7000 0 1 1 0 1000 50 35000
0 1013 0 1 79716 23 0 1000 7000 0 1 1 0 1000 50 35000
0 1010 0 1 79738 22 0 1000 7000 0 1 1 0 1000 50 35000
0 1004 0 1 79761 23 0 1000 7000 0 1 1 0 1000 50 35000
0 1011 0 1 79783 22 0 1000 7000 0 1 1 0 1000 50 35000
0 1008 0 1 79807 24 0 1000 7000 0 1 1 0 1000 50 35000
0 1004 0 1 79830 23 0 1000 7000 0 1 1 0 1000 50 35000
0 1010 0 1 79852 22 0 1000 7000 0 1 1 0 1000 50 35000
0 1008 0 1 79875 23 0 1000 7000 0 1 1 0 1000 50 35000
0 1008 0 1 79897 22 0 1000 7000 0 1 1 0 1000 50 35000
0 1017 0 1 79920 23 0 1000 7000 0 1 1 0 1000 50 35000
0 1008 0 1 79942 22 0 1000 7000 0 1 1 0 1000 50 35000
0 1008 0 1 79965 23 0 1000 7000 0 1 1 0 1000 50 35000
0 1016 0 1 79987 22 0 1000 7000 0 1 1 0 1000 50 35000
0 1007 0 1 80010 23 0 1000 7000 0 1 1 0 1000 50 35000
0 1010 0 1 80032 22 0 1000 7000 0 1 1 0 1000 50 35000
0 1010 0 1 80055 23 0 1000 7000 0 1 1 0 1000 50 35000
0 1005 0 1 80077 22 0 1000 7000 0 1 1 0 1000 50 35000
0 1010 0 1 80100 23 0 1000 7000 0 1 1 0 1000 50 35000
0 1008 0 1 80122 22 0 1000 7000 0 1 1 0 1000 50 35000
0 1005 0 1 80145 23 0 1000 7000 0 1 1 0 1000 50 35000
0 1010 0 1 80167 22 0 1000 7000 0 1 1 0 1000 50 35000
0 1009 0 1 80190 23 0 1000 7000 0 1 1 0 1000 50 35000
0 1006 0 1 80214 24 0 1000 7000 0 1 1 0 1000 50 35000
0 1010 0 1 80236 22 0 1000 7000 0 1 1 0 1000 50 35000
0 1006 0 1 80259 23 0 1000 7000 0 1 1 0 1000 50 35000
0 1008 0 1 80281 22 0 1000 7000 0 1 1 0 1000 50 35000
0 1013 0 1 80304 23 0 1000 7000 0 1 1 0 1000 50 35000
0 1007 0 1 80326 22 0 1000 7000 0 1 1 0 1000 50 35000
0 1009 0 1 80349 23 0 1000 7000 0 1 1 0 1000 50 35000
0 1014 0 1 80371 22 0 1000 7000 0 1 1 0 1000 50 35000
0 1008 0 1 80394 23 0 1000 7000 0 1 1 0 1000 50 35000
0 1007 0 1 80416 22 0 1000 7000 0 1 1 0 1000 50 35000
0 1010 0 1 80439 23 0 1000 7000 0 1 1 0 1000 50 35000
0 1001 0 1 80461 22 0 1000 7000 0 1 1 0 1000 50 35000
0 1009 0 1 80484 23 0 1000 7000 0 1 1 0 1000 50 35000
0 1009 0 1 80506 22 0 1000 7000 0 1 1 0 1000 50 35000
0 1001 0 1 80529 23 0 1000 7000 0 1 1 0 1000 50 35000
0 1011 0 1 80551 22 0 1000 7000 0 1 1 0 1000 50 35000
0 1008 0 1 80574 23 0 1000 7000 0 1 1 0 1000 50 35000
0 1009 0 1 80596 22 0 1000 7000 0 1 1 0 1000 50 35000
0 1018 0 1 80620 24 0 1000 7000 0 1 1 0 1000 50 35000
0 1008 0 1 80643 23 0 1000 7000 0 1 1 0 1000 50 35000
0 1007 0 1 80665 22 0 1000 7000 0 1 1 0 1000 50 35000
0 1016 0 1 80688 23 0 1000 7000 0 1 1 0 1000 50 35000
0 1007 0 1 80710 22 0 1000 7000 0 1 1 0 1000 50 35000
0 1009 0 1 80733 23 0 1000 7000 0 1 1 0 1000 50 35000
0 1010 0 1 80755 22 0 1000 7000 0 1 1 0 1000 50 35000
0 1007 0 1 80778 23 0 1000 7000 0 1 1 0 1000 50 35000
0 1011 0 1 80800 22 0 1000 7000 0 1 1 0 1000 50 35000
0 1009 0 1 80823 23 0 1000 7000 0 1 1 0 1000 50 35000
0 1004 0 1 80845 22 0 1000 7000 0 1 1 0 1000 50 35000
0 1010 0 1 80868 23 0 1000 7000 0 1 1 0 1000 50 35000
0 1009 0 1 80890 22 0 1000 7000 0 1 1 0 1000 50 35000
0 1004 0 1 80913 23 0 1000 7000 0 1 1 0 1000 50 35000
0 1013 0 1 80935 22 0 1000 7000 0 1 1 0 1000 50 35000
0 1007 0 1 80958 23 0 1000 7000 0 1 1 0 1000 50 35000
0 1007 0 1 80980 22 0 1000 7000 0 1 1 0 1000 50 35000
0 1012 0 1 81003 23 0 1000 7000 0 1 1 0 1000 50 35000
0 1008 0 1 81027 24 0 1000 7000 0 1 1 0 1000 50 35000
0 1009 0 1 81049 22 0 1000 7000 0 1 1 0 1000 50 35000
0 1014 0 1 81072 23 0 1000 7000 0 1 1 0 1000 50 35000
0 1009 0 1 81094 22 0 1000 7000 0 1 1 0 1000 50 35000
0 1010 0 1 81117 23 0 1000 7000 0 1 1 0 1000 50 35000
0 1011 0 1 81139 22 0 1000 7000 0 1 1 0 1000 50 35000
0 992 0 1 81162 23 0 1000 7000 0 1 1 0 1000 50 35000
0 1009 0 1 81184 22 0 1000 7000 0 1 1 0 1000 50 35000
0 1006 0 1 81207 23 0 1000 7000 0 1 1 0 1000 50 35000
0 1002 0 1 81229 22 0 1000 7000 0 1 1 0 1000 50 35000
0 1010 0 1 81252 23 0 1000 7000 0 1 1 0 1000 50 35000
0 1009 0 1 81274 22 0 1000 7000 0 1 1 0 1000 50 35000
0 1008 0 1 81297 23 0 1000 7000 0 1 1 0 1000 50 35000
0 1012 0 1 81319 22 0 1000 7000 0 1 1 0 1000 50 35000
0 1007 0 1 81342 23 0 1000 7000 0 1 1 0 1000 50 35000
0 1008 0 1 81364 22 0 1000 7000 0 1 1 0 1000 50 35000
0 1023 0 1 81387 23 0 1000 7000 0 1 1 0 1000 50 35000
0 1007 0 1 81410 23 0 1000 7000 0 1 1 0 1000 50 35000
0 1010 0 1 81432 22 0 1000 7000 0 1 1 0 1000 50 35000
0 1012 0 1 81456 24 0 1000 7000 0 1 1 0 1000 50 35000
0 1009 0 1 81478 22 0 1000 7000 0 1 1 0 1000 50 35000
0 1011 0 1 81501 23 0 1000 7000 0 1 1 0 1000 50 35000
0 1009 0 1 81523 22 0 1000 7000 0 1 1 0 1000 50 35000
0 1005 0 1 81546 23 0 1000 7000 0 1 1 0 1000 50 35000
0 1010 0 1 81568 22 0 1000 7000 0 1 1 0 1000 50 35000
0 1011 0 1 81591 23 0 1000 7000 0 1 1 0 1000 50 35000
0 1005 0 1 81613 22 0 1000 7000 0 1 1 0 1000 50 35000
0 1009 0 1 81636 23 0 1000 7000 0 1 1 0 1000 50 35000
0 1008 0 1 81658 22 0 1000 7000 0 1 1 0 1000 50 35000
0 1007 0 1 81681 23 0 1000 7000 0 1 1 0 1000 50 35000
0 1014 0 1 81703 22 0 1000 7000 0 1 1 0 1000 50 35000
0 1007 0 1 81726 23 0 1000 7000 0 1 1 0 1000 50 35000
0 1008 0 1 81748 22 0 1000 7000 0 1 1 0 1000 50 35000
0 1015 0 1 81771 23 0 1000 7000 0 1 1 0 1000 50 35000
0 1008 0 1 81794 23 0 1000 7000 0 1 1 0 1000 50 35000
0 1010 0 1 81816 22 0 1000 7000 0 1 1 0 1000 50 35000
0 1010 0 1 81839 23 0 1000 7000 0 1 1 0 1000 50 35000
0 999 0 1 81862 23 0 1000 7000 0 1 1 0 1000 50 35000
0 1009 0 1 81885 23 0 1000 7000 0 1 1 0 1000 50 35000
0 1009 0 1 81907 22 0 1000 7000 0 1 1 0 1000 50 35000
0 1002 0 1 81930 23 0 1000 7000 0 1 1 0 1000 50 35000
0 1010 0 1 81952 22 0 1000 7000 0 1 1 0 1000 50 35000
0 1008 0 1 81975 23 0 1000 7000 0 1 1 0 1000 50 35000
0 1007 0 1 81997 22 0 1000 7000 0 1 1 0 1000 50 35000
0 1013 0 1 82020 23 0 1000 7000 0 1 1 0 1000 50 35000
0 1007 0 1 82042 22 0 1000 7000 0 1 1 0 1000 50 35000
0 1008 0 1 82065 23 0 1000 7000 0 1 1 0 1000 50 35000
0 1021 0 1 82087 22 0 1000 7000 0 1 1 0 1000 50 35000
0 1007 0 1 82110 23 0 1000 7000 0 1 1 0 1000 50 35000
0 1006 0 1 82132 22 0 1000 7000 0 1 1 0 1000 50 35000
0 1014 0 1 82155 23 0 1000 7000 0 1 1 0 1000 50 35000
0 1008 0 1 82178 23 0 1000 7000 0 1 1 0 1000 50 35000
0 1010 0 1 82200 22 0 1000 7000 0 1 1 0 1000 50 35000
0 1010 0 1 82223 23 0 1000 7000 0 1 1 0 1000 50 35000
0 1007 0 1 82245 22 0 1000 7000 0 1 1 0 1000 50 35000
0 1010 0 1 82268 23 0 1000 7000 0 1 1 0 1000 50 35000
0 1009 0 1 82290 22 0 1000 7000 0 1 1 0 1000 50 35000
0 1007 0 1 82314 24 0 1000 7000 0 1 1 0 1000 50 35000
0 1010 0 1 82336 22 0 1000 7000 0 1 1 0 1000 50 35000
0 1008 0 1 82359 23 0 1000 7000 0 1 1 0 1000 50 35000
0 1007 0 1 82381 22 0 1000 7000 0 1 1 0 1000 50 35000
0 1017 0 1 82404 23 0 1000 7000 0 1 1 0 1000 50 35000
0 1008 0 1 82426 22 0 1000 7000 0 1 1 0 1000 50 35000
0 1008 0 1 82449 23 0 1000 7000 0 1 1 0 1000 50 35000
0 1015 0 1 82471 22 0 1000 7000 0 1 1 0 1000 50 35000
0 1007 0 1 82494 23 0 1000 7000 0 1 1 0 1000 50 35000
0 1009 0 1 82516 22 0 1000 7000 0 1 1 0 1000 50 35000
0 1011 0 1 82539 23 0 1000 7000 0 1 1 0 1000 50 35000
0 1005 0 1 82562 23 0 1000 7000 0 1 1 0 1000 50 35000
0 1010 0 1 82584 22 0 1000 7000 0 1 1 0 1000 50 35000
0 1009 0 1 82607 23 0 1000 7000 0 1 1 0 1000 50 35000
0 995 0 1 82629 22 0 1000 7000 0 1 1 0 1000 50 35000
0 1010 0 1 82652 23 0 1000 7000 0 1 1 0 1000 50 35000
0 1009 0 1 82674 22 0 1000 7000 0 1 1 0 1000 50 35000
0 1007 0 1 82697 23 0 1000 7000 0 1 1 0 1000 50 35000
0 1012 0 1 82719 22 0 1000 7000 0 1 1 0 1000 50 35000
0 1008 0 1 82742 23 0 1000 7000 0 1 1 0 1000 50 35000
0 1008 0 1 82765 23 0 1000 7000 0 1 1 0 1000 50 35000
0 1012 0 1 82788 23 0 1000 7000 0 1 1 0 1000 50 35000
0 1008 0 1 82810 22 0 1000 7000 0 1 1 0 1000 50 35000
0 1013 0 1 82833 23 0 1000 7000 0 1 1 0 1000 50 35000
0 1013 0 1 82855 22 0 1000 7000 0 1 1 0 1000 50 35000
0 1008 0 1 82878 23 0 1000 7000 0 1 1 0 1000 50 35000
0 1010 0 1 82900 22 0 1000 7000 0 1 1 0 1000 50 35000
0 1010 0 1 82923 23 0 1000 7000 0 1 1 0 1000 50 35000
0 1002 0 1 82946 23 0 1000 7000 0 1 1 0 1000 50 35000
0 1009 0 1 82968 22 0 1000 7000 0 1 1 0 1000 50 35000
0 1008 0 1 82991 23 0 1000 7000 0 1 1 0 1000 50 35000
0 1002 0 1 83013 22 0 1000 7000 0 1 1 0 1000 50 35000
0 1010 0 1 83036 23 0 1000 7000 0 1 1 0 1000 50 35000
0 1009 0 1 83058 22 0 1000 7000 0 1 1 0 1000 50 35000
0 1006 0 1 83081 23 0 1000 7000 0 1 1 0 1000 50 35000
0 1018 0 1 83103 22 0 1000 7000 0 1 1 0 1000 50 35000
0 1008 0 1 83126 23 0 1000 7000 0 1 1 0 1000 50 35000
0 1009 0 1 83148 22 0 1000 7000 0 1 1 0 1000 50 35000
0 1016 0 1 83172 24 0 1000 7000 0 1 1 0 1000 50 35000
0 1008 0 1 83194 22 0 1000 7000 0 1 1 0 1000 50 35000
0 1009 0 1 83217 23 0 1000 7000 0 1 1 0 1000 50 35000
0 1009 0 1 83239 22 0 1000 7000 0 1 1 0 1000 50 35000
0 1007 0 1 83262 23 0 1000 7000 0 1 1 0 1000 50 35000
0 1011 0 1 83284 22 0 1000 7000 0 1 1 0 1000 50 35000
0 1010 0 1 83307 23 0 1000 7000 0 1 1 0 1000 50 35000
0 1005 0 1 83330 23 0 1000 7000 0 1 1 0 1000 50 35000
0 1012 0 1 83352 22 0 1000 7000 0 1 1 0 1000 50 35000
0 1008 0 1 83375 23 0 1000 7000 0 1 1 0 1000 50 35000
0 1004 0 1 83397 22 0 1000 7000 0 1 1 0 1000 50 35000
0 1011 0 1 83420 23 0 1000 7000 0 1 1 0 1000 50 35000
0 1007 0 1 83442 22 0 1000 7000 0 1 1 0 1000 50 35000
0 1007 0 1 83465 23 0 1000 7000 0 1 1 0 1000 50 35000
0 1013 0 1 83487 22 0 1000 7000 0 1 1 0 1000 50 35000
0 1010 0 1 83510 23 0 1000 7000 0 1 1 0 1000 50 35000
0 1009 0 1 83532 22 0 1000 7000 0 1 1 0 1000 50 35000
0 1018 0 1 83555 23 0 1000 7000 0 1 1 0 1000 50 35000
0 1008 0 1 83577 22 0 1000 7000 0 1 1 0 1000 50 35000
0 1010 0 1 83601 24 0 1000 7000 0 1 1 0 1000 50 35000
0 1010 0 1 83623 22 0 1000 7000 0 1 1 0 1000 50 35000
0 1000 0 1 83646 23 0 1000 7000 0 1 1 0 1000 50 35000
0 1010 0 1 83668 22 0 1000 7000 0 1 1 0 1000 50 35000
0 1009 0 1 83691 23 0 1000 7000 0 1 1 0 1000 50 35000
0 1002 0 1 83714 23 0 1000 7000 0 1 1 0 1000 50 35000
0 1011 0 1 83736 22 0 1000 7000 0 1 1 0 1000 50 35000
0 1009 0 1 83759 23 0 1000 7000 0 1 1 0 1000 50 35000
0 1009 0 1 83781 22 0 1000 7000 0 1 1 0 1000 50 35000
0 1012 0 1 83804 23 0 1000 7000 0 1 1 0 1000 50 35000
0 1008 0 1 83826 22 0 1000 7000 0 1 1 0 1000 50 35000
0 1017 0 1 83849 23 0 1000 7000 0 1 1 0 1000 50 35000
0 1015 0 1 83871 22 0 1000 7000 0 1 1 0 1000 50 35000
0 1008 0 1 83894 23 0 1000 7000 0 1 1 0 1000 50 35000
0 1009 0 1 83916 22 0 1000 7000 0 1 1 0 1000 50 35000
0 1012 0 1 83939 23 0 1000 7000 0 1 1 0 1000 50 35000
0 1008 0 1 83961 22 0 1000 7000 0 1 1 0 1000 50 35000
0 1011 0 1 83984 23 0 1000 7000 0 1 1 0 1000 50 35000
0 1010 0 1 84006 22 0 1000 7000 0 1 1 0 1000 50 35000
0 1006 0 1 84030 24 0 1000 7000 0 1 1 0 1000 50 35000
0 1010 0 1 84052 22 0 1000 7000 0 1 1 0 1000 50 35000
0 1009 0 1 84075 23 0 1000 7000 0 1 1 0 1000 50 35000
0 1004 0 1 84098 23 0 1000 7000 0 1 1 0 1000 50 35000
0 1010 0 1 84120 22 0 1000 7000 0 1 1 0 1000 50 35000
0 1007 0 1 84143 23 0 1000 7000 0 1 1 0 1000 50 35000
0 1008 0 1 84165 22 0 1000 7000 0 1 1 0 1000 50 35000
0 1022 0 1 84188 23 0 1000 7000 0 1 1 0 1000 50 35000
0 1008 0 1 84210 22 0 1000 7000 0 1 1 0 1000 50 35000
0 1009 0 1 84233 23 0 1000 7000 0 1 1 0 1000 50 35000
0 1019 0 1 84255 22 0 1000 7000 0 1 1 0 1000 50 35000
0 1008 0 1 84278 23 0 1000 7000 0 1 1 0 1000 50 35000
0 1008 0 1 84300 22 0 1000 7000 0 1 1 0 1000 50 35000
0 1010 0 1 84323 23 0 1000 7000 0 1 1 0 1000 50 35000
0 999 0 1 84345 22 0 1000 7000 0 1 1 0 1000 50 35000
0 1008 0 1 84368 23 0 1000 7000 0 1 1 0 1000 50 35000
0 1010 0 1 84390 22 0 1000 7000 0 1 1 0 1000 50 35000
0 995 0 1 84413 23 0 1000 7000 0 1 1 0 1000 50 35000
0 1011 0 1 84435 22 0 1000 7000 0 1 1 0 1000 50 35000
0 1009 0 1 84458 23 0 1000 7000 0 1 1 0 1000 50 35000
0 1007 0 1 84482 24 0 1000 7000 0 1 1 0 1000 50 35000
0 1011 0 1 84504 22 0 1000 7000 0 1 1 0 1000 50 35000
0 1009 0 1 84527 23 0 1000 7000 0 1 1 0 1000 50 35000
0 1010 0 1 84549 22 0 1000 7000 0 1 1 0 1000 50 35000
0 1013 0 1 84572 23 0 1000 7000 0 1 1 0 1000 50 35000
0 1005 0 1 84594 22 0 1000 7000 0 1 1 0 1000 50 35000
0 1009 0 1 84617 23 0 1000 7000 0 1 1 0 1000 50 35000
0 1012 0 1 84639 22 0 1000 7000 0 1 1 0 1000 50 35000
0 1008 0 1 84662 23 0 1000 7000 0 1 1 0 1000 50 35000
0 1011 0 1 84684 22 0 1000 7000 0 1 1 0 1000 50 35000
0 1010 0 1 84707 23 0 1000 7000 0 1 1 0 1000 50 35000
0 1005 0 1 84729 22 0 1000 7000 0 1 1 0 1000 50 35000
0 1014 0 1 84752 23 0 1000 7000 0 1 1 0 1000 50 35000
0 1009 0 1 84774 22 0 1000 7000 0 1 1 0 1000 50 35000
0 1000 0 1 84797 23 0 1000 7000 0 1 1 0 1000 50 35000
0 1010 0 1 84819 22 0 1000 7000 0 1 1 0 1000 50 35000
0 1008 0 1 84842 23 0 1000 7000 0 1 1 0 1000 50 35000
0 1008 0 1 84865 23 0 1000 7000 0 1 1 0 1000 50 35000
0 1021 0 1 84887 22 0 1000 7000 0 1 1 0 1000 50 35000
0 1011 0 1 84911 24 0 1000 7000 0 1 1 0 1000 50 35000
0 1009 0 1 84933 22 0 1000 7000 0 1 1 0 1000 50 35000
0 1014 0 1 84956 23 0 1000 7000 0 1 1 0 1000 50 35000
0 1008 0 1 84978 22 0 1000 7000 0 1 1 0 1000 50 35000
0 1009 0 1 85001 23 0 1000 7000 0 1 1 0 1000 50 35000
0 1011 0 1 85023 22 0 1000 7000 0 1 1 0 1000 50 35000
0 1006 0 1 85046 23 0 1000 7000 0 1 1 0 1000 50 35000
0 1011 0 1 85068 22 0 1000 7000 0 1 1 0 1000 50 35000
0 1009 0 1 85091 23 0 1000 7000 0 1 1 0 1000 50 35000
0 1004 0 1 85113 22 0 1000 7000 0 1 1 0 1000 50 35000
0 1011 0 1 85136 23 0 1000 7000 0 1 1 0 1000 50 35000
0 1009 0 1 85158 22 0 1000 7000 0 1 1 0 1000 50 35000
0 1007 0 1 85181 23 0 1000 7000 0 1 1 0 1000 50 35000
0 1010 0 1 85203 22 0 1000 7000 0 1 1 0 1000 50 35000
0 1007 0 1 85226 23 0 1000 7000 0 1 1 0 1000 50 35000
0 1009 0 1 85249 23 0 1000 7000 0 1 1 0 1000 50 35000
0 1013 0 1 85271 22 0 1000 7000 0 1 1 0 1000 50 35000
0 1010 0 1 85294 23 0 1000 7000 0 1 1 0 1000 50 35000
0 1015 0 1 85317 23 0 1000 7000 0 1 1 0 1000 50 35000
0 1014 0 1 85340 23 0 1000 7000 0 1 1 0 1000 50 35000
0 1009 0 1 85362 22 0 1000 7000 0 1 1 0 1000 50 35000
0 1010 0 1 85385 23 0 1000 7000 0 1 1 0 1000 50 35000
0 1011 0 1 85407 22 0 1000 7000 0 1 1 0 1000 50 35000
0 1001 0 1 85430 23 0 1000 7000 0 1 1 0 1000 50 35000
0 1011 0 1 85452 22 0 1000 7000 0 1 1 0 1000 50 35000
0 1011 0 1 85475 23 0 1000 7000 0 1 1 0 1000 50 35000
0 1003 0 1 85497 22 0 1000 7000 0 1 1 0 1000 50 35000
0 1011 0 1 85520 23 0 1000 7000 0 1 1 0 1000 50 35000
0 1008 0 1 85542 22 0 1000 7000 0 1 1 0 1000 50 35000
0 1008 0 1 85565 23 0 1000 7000 0 1 1 0 1000 50 35000
0 1019 0 1 85587 22 0 1000 7000 0 1 1 0 1000 50 35000
0 1009 0 1 85610 23 0 1000 7000 0 1 1 0 1000 50 35000
0 1001 0 1 85633 23 0 1000 7000 0 1 1 0 1000 50 35000
0 1017 0 1 85655 22 0 1000 7000 0 1 1 0 1000 50 35000
0 1008 0 1 85678 23 0 1000 7000 0 1 1 0 1000 50 35000
0 1011 0 1 85700 22 0 1000 7000 0 1 1 0 1000 50 35000
0 1012 0 1 85724 24 0 1000 7000 0 1 1 0 1000 50 35000
0 1007 0 1 85746 22 0 1000 7000 0 1 1 0 1000 50 35000
0 1011 0 1 85769 23 0 1000 7000 0 1 1 0 1000 50 35000
0 1010 0 1 85791 22 0 1000 7000 0 1 1 0 1000 50 35000
0 1008 0 1 85814 23 0 1000 7000 0 1 1 0 1000 50 35000
0 1011 0 1 85836 22 0 1000 7000 0 1 1 0 1000 50 35000
0 1009 0 1 85859 23 0 1000 7000 0 1 1 0 1000 50 35000
0 1006 0 1 85881 22 0 1000 7000 0 1 1 0 1000 50 35000
0 1011 0 1 85904 23 0 1000 7000 0 1 1 0 1000 50 35000
0 1007 0 1 85926 22 0 1000 7000 0 1 1 0 1000 50 35000
0 1009 0 1 85949 23 0 1000 7000 0 1 1 0 1000 50 35000
0 1019 0 1 85971 22 0 1000 7000 0 1 1 0 1000 50 35000
0 1008 0 1 85994 23 0 1000 7000 0 1 1 0 1000 50 35000
0 1009 0 1 86017 23 0 1000 7000 0 1 1 0 1000 50 35000
0 1017 0 1 86039 22 0 1000 7000 0 1 1 0 1000 50 35000
0 1009 0 1 86062 23 0 1000 7000 0 1 1 0 1000 50 35000
0 1013 0 1 86084 22 0 1000 7000 0 1 1 0 1000 50 35000
0 1010 0 1 86107 23 0 1000 7000 0 1 1 0 1000 50 35000
0 1004 0 1 86129 22 0 1000 7000 0 1 1 0 1000 50 35000
0 1010 0 1 86153 24 0 1000 7000 0 1 1 0 1000 50 35000
0 1009 0 1 86175 22 0 1000 7000 0 1 1 0 1000 50 35000
0 1003 0 1 86198 23 0 1000 7000 0 1 1 0 1000 50 35000
0 1011 0 1 86220 22 0 1000 7000 0 1 1 0 1000 50 35000
0 1013 0 1 86243 23 0 1000 7000 0 1 1 0 1000 50 35000
0 1010 0 1 86265 22 0 1000 7000 0 1 1 0 1000 50 35000
0 1019 0 1 86288 23 0 1000 7000 0 1 1 0 1000 50 35000
0 1008 0 1 86310 22 0 1000 7000 0 1 1 0 1000 50 35000
0 1009 0 1 86333 23 0 1000 7000 0 1 1 0 1000 50 35000
0 1016 0 1 86355 22 0 1000 7000 0 1 1 0 1000 50 35000
0 1008 0 1 86378 23 0 1000 7000 0 1 1 0 1000 50 35000
0 1012 0 1 86401 23 0 1000 7000 0 1 1 0 1000 50 35000
0 1011 0 1 86423 22 0 1000 7000 0 1 1 0 1000 50 35000
0 1007 0 1 86446 23 0 1000 7000 0 1 1 0 1000 50 35000
0 1011 0 1 86468 22 0 1000 7000 0 1 1 0 1000 50 35000
0 1010 0 1 86491 23 0 1000 7000 0 1 1 0 1000 50 35000
0 1005 0 1 86513 22 0 1000 7000 0 1 1 0 1000 50 35000
0 1012 0 1 86536 23 0 1000 7000 0 1 1 0 1000 50 35000
0 1010 0 1 86559 23 0 1000 7000 0 1 1 0 1000 50 35000
0 1006 0 1 86582 23 0 1000 7000 0 1 1 0 1000 50 35000
0 1009 0 1 86604 22 0 1000 7000 0 1 1 0 1000 50 35000
0 1008 0 1 86627 23 0 1000 7000 0 1 1 0 1000 50 35000
0 1009 0 1 86649 22 0 1000 7000 0 1 1 0 1000 50 35000
0 1013 0 1 86672 23 0 1000 7000 0 1 1 0 1000 50 35000
0 1008 0 1 86694 22 0 1000 7000 0 1 1 0 1000 50 35000
0 1010 0 1 86717 23 0 1000 7000 0 1 1 0 1000 50 35000
0 1014 0 1 86739 22 0 1000 7000 0 1 1 0 1000 50 35000
0 1008 0 1 86762 23 0 1000 7000 0 1 1 0 1000 50 35000
0 1010 0 1 86785 23 0 1000 7000 0 1 1 0 1000 50 35000
0 1011 0 1 86807 22 0 1000 7000 0 1 1 0 1000 50 35000
0 1002 0 1 86830 23 0 1000 7000 0 1 1 0 1000 50 35000
0 1009 0 1 86852 22 0 1000 7000 0 1 1 0 1000 50 35000
0 1010 0 1 86875 23 0 1000 7000 0 1 1 0 1000 50 35000
0 1003 0 1 86897 22 0 1000 7000 0 1 1 0 1000 50 35000
0 1008 0 1 86920 23 0 1000 7000 0 1 1 0 1000 50 35000
0 1010 0 1 86942 22 0 1000 7000 0 1 1 0 1000 50 35000
0 1009 0 1 86966 24 0 1000 7000 0 1 1 0 1000 50 35000
0 1013 0 1 86988 22 0 1000 7000 0 1 1 0 1000 50 35000
0 1009 0 1 87011 23 0 1000 7000 0 1 1 0 1000 50 35000
0 1010 0 1 87033 22 0 1000 7000 0 1 1 0 1000 50 35000
0 1017 0 1 87056 23 0 1000 7000 0 1 1 0 1000 50 35000
0 1008 0 1 87078 22 0 1000 7000 0 1 1 0 1000 50 35000
0 1010 0 1 87101 23 0 1000 7000 0 1 1 0 1000 50 35000
0 1016 0 1 87123 22 0 1000 7000 0 1 1 0 1000 50 35000
0 1007 0 1 87146 23 0 1000 7000 0 1 1 0 1000 50 35000
0 1011 0 1 87169 23 0 1000 7000 0 1 1 0 1000 50 35000
0 1010 0 1 87191 22 0 1000 7000 0 1 1 0 1000 50 35000
0 1005 0 1 87214 23 0 1000 7000 0 1 1 0 1000 50 35000
0 1013 0 1 87236 22 0 1000 7000 0 1 1 0 1000 50 35000
0 1010 0 1 87259 23 0 1000 7000 0 1 1 0 1000 50 35000
0 1008 0 1 87281 22 0 1000 7000 0 1 1 0 1000 50 35000
0 1010 0 1 87304 23 0 1000 7000 0 1 1 0 1000 50 35000
0 1008 0 1 87326 22 0 1000 7000 0 1 1 0 1000 50 35000
0 1009 0 1 87349 23 0 1000 7000 0 1 1 0 1000 50 35000
0 1014 0 1 87372 23 0 1000 7000 0 1 1 0 1000 50 35000
0 1009 0 1 87395 23 0 1000 7000 0 1 1 0 1000 50 35000
0 1009 0 1 87417 22 0 1000 7000 0 1 1 0 1000 50 35000
0 1016 0 1 87440 23 0 1000 7000 0 1 1 0 1000 50 35000
0 1008 0 1 87462 22 0 1000 7000 0 1 1 0 1000 50 35000
0 1010 0 1 87485 23 0 1000 7000 0 1 1 0 1000 50 35000
0 1011 0 1 87507 22 0 1000 7000 0 1 1 0 1000 50 35000
0 1001 0 1 87530 23 0 1000 7000 0 1 1 0 1000 50 35000
0 1011 0 1 87553 23 0 1000 7000 0 1 1 0 1000 50 35000
0 1010 0 1 87575 22 0 1000 7000 0 1 1 0 1000 50 35000
0 1003 0 1 87598 23 0 1000 7000 0 1 1 0 1000 50 35000
0 1011 0 1 87620 22 0 1000 7000 0 1 1 0 1000 50 35000
0 1011 0 1 87643 23 0 1000 7000 0 1 1 0 1000 50 35000
0 1012 0 1 87665 22 0 1000 7000 0 1 1 0 1000 50 35000
0 1017 0 1 87688 23 0 1000 7000 0 1 1 0 1000 50 35000
0 1008 0 1 87710 22 0 1000 7000 0 1 1 0 1000 50 35000
0 1010 0 1 87733 23 0 1000 7000 0 1 1 0 1000 50 35000
0 1017 0 1 87755 22 0 1000 7000 0 1 1 0 1000 50 35000
0 1009 0 1 87779 24 0 1000 7000 0 1 1 0 1000 50 35000
0 1010 0 1 87801 22 0 1000 7000 0 1 1 0 1000 50 35000
0 1012 0 1 87824 23 0 1000 7000 0 1 1 0 1000 50 35000
0 1008 0 1 87846 22 0 1000 7000 0 1 1 0 1000 50 35000
0 1012 0 1 87869 23 0 1000 7000 0 1 1 0 1000 50 35000
0 1010 0 1 87891 22 0 1000 7000 0 1 1 0 1000 50 35000
0 1005 0 1 87914 23 0 1000 7000 0 1 1 0 1000 50 35000
0 1011 0 1 87937 23 0 1000 7000 0 1 1 0 1000 50 35000
0 1010 0 1 87959 22 0 1000 7000 0 1 1 0 1000 50 35000
0 1004 0 1 87982 23 0 1000 7000 0 1 1 0 1000 50 35000
0 1011 0 1 88004 22 0 1000 7000 0 1 1 0 1000 50 35000
0 1008 0 1 88027 23 0 1000 7000 0 1 1 0 1000 50 35000
0 1009 0 1 88049 22 0 1000 7000 0 1 1 0 1000 50 35000
0 1014 0 1 88072 23 0 1000 7000 0 1 1 0 1000 50 35000
0 1009 0 1 88094 22 0 1000 7000 0 1 1 0 1000 50 35000
0 1011 0 1 88117 23 0 1000 7000 0 1 1 0 1000 50 35000
0 1016 0 1 88139 22 0 1000 7000 0 1 1 0 1000 50 35000
0 1010 0 1 88162 23 0 1000 7000 0 1 1 0 1000 50 35000
0 1011 0 1 88185 23 0 1000 7000 0 1 1 0 1000 50 35000
0 1011 0 1 88208 23 0 1000 7000 0 1 1 0 1000 50 35000
0 1002 0 1 88230 22 0 1000 7000 0 1 1 0 1000 50 35000
0 1010 0 1 88253 23 0 1000 7000 0 1 1 0 1000 50 35000
0 1010 0 1 88275 22 0 1000 7000 0 1 1 0 1000 50 35000
0 1003 0 1 88298 23 0 1000 7000 0 1 1 0 1000 50 35000
0 1014 0 1 88321 23 0 1000 7000 0 1 1 0 1000 50 35000
0 1010 0 1 88343 22 0 1000 7000 0 1 1 0 1000 50 35000
0 1008 0 1 88366 23 0 1000 7000 0 1 1 0 1000 50 35000
0 1013 0 1 88388 22 0 1000 7000 0 1 1 0 1000 50 35000
0 1006 0 1 88411 23 0 1000 7000 0 1 1 0 1000 50 35000
0 1009 0 1 88433 22 0 1000 7000 0 1 1 0 1000 50 35000
0 1015 0 1 88456 23 0 1000 7000 0 1 1 0 1000 50 35000
0 1008 0 1 88478 22 0 1000 7000 0 1 1 0 1000 50 35000
0 1010 0 1 88501 23 0 1000 7000 0 1 1 0 1000 50 35000
0 1012 0 1 88523 22 0 1000 7000 0 1 1 0 1000 50 35000
0 1008 0 1 88546 23 0 1000 7000 0 1 1 0 1000 50 35000
0 1012 0 1 88568 22 0 1000 7000 0 1 1 0 1000 50 35000
0 1011 0 1 88592 24 0 1000 7000 0 1 1 0 1000 50 35000
0 1003 0 1 88614 22 0 1000 7000 0 1 1 0 1000 50 35000
0 1011 0 1 88637 23 0 1000 7000 0 1 1 0 1000 50 35000
0 1009 0 1 88659 22 0 1000 7000 0 1 1 0 1000 50 35000
0 1005 0 1 88682 23 0 1000 7000 0 1 1 0 1000 50 35000
0 1013 0 1 88705 23 0 1000 7000 0 1 1 0 1000 50 35000
0 1010 0 1 88727 22 0 1000 7000 0 1 1 0 1000 50 35000
0 1015 0 1 88750 23 0 1000 7000 0 1 1 0 1000 50 35000
0 1015 0 1 88772 22 0 1000 7000 0 1 1 0 1000 50 35000
0 1009 0 1 88795 23 0 1000 7000 0 1 1 0 1000 50 35000
0 1012 0 1 88817 22 0 1000 7000 0 1 1 0 1000 50 35000
0 1016 0 1 88840 23 0 1000 7000 0 1 1 0 1000 50 35000
0 1008 0 1 88862 22 0 1000 7000 0 1 1 0 1000 50 35000
0 1010 0 1 88885 23 0 1000 7000 0 1 1 0 1000 50 35000
0 1012 0 1 88907 22 0 1000 7000 0 1 1 0 1000 50 35000
0 1001 0 1 88930 23 0 1000 7000 0 1 1 0 1000 50 35000
0 1011 0 1 88952 22 0 1000 7000 0 1 1 0 1000 50 35000
0 1011 0 1 88975 23 0 1000 7000 0 1 1 0 1000 50 35000
0 1003 0 1 88998 23 0 1000 7000 0 1 1 0 1000 50 35000
0 1011 0 1 89021 23 0 1000 7000 0 1 1 0 1000 50 35000
0 1010 0 1 89043 22 0 1000 7000 0 1 1 0 1000 50 35000
0 1008 0 1 89066 23 0 1000 7000 0 1 1 0 1000 50 35000
0 1017 0 1 89089 23 0 1000 7000 0 1 1 0 1000 50 35000
0 1014 0 1 89111 22 0 1000 7000 0 1 1 0 1000 50 35000
0 1009 0 1 89134 23 0 1000 7000 0 1 1 0 1000 50 35000
0 1022 0 1 89156 22 0 1000 7000 0 1 1 0 1000 50 35000
0 1008 0 1 89179 23 0 1000 7000 0 1 1 0 1000 50 35000
0 1010 0 1 89201 22 0 1000 7000 0 1 1 0 1000 50 35000
0 1010 0 1 89224 23 0 1000 7000 0 1 1 0 1000 50 35000
0 1008 0 1 89246 22 0 1000 7000 0 1 1 0 1000 50 35000
0 1012 0 1 89269 23 0 1000 7000 0 1 1 0 1000 50 35000
0 1010 0 1 89291 22 0 1000 7000 0 1 1 0 1000 50 35000
0 1005 0 1 89314 23 0 1000 7000 0 1 1 0 1000 50 35000
0 1013 0 1 89336 22 0 1000 7000 0 1 1 0 1000 50 35000
0 1009 0 1 89359 23 0 1000 7000 0 1 1 0 1000 50 35000
0 1007 0 1 89381 22 0 1000 7000 0 1 1 0 1000 50 35000
0 1013 0 1 89405 24 0 1000 7000 0 1 1 0 1000 50 35000
0 1009 0 1 89427 22 0 1000 7000 0 1 1 0 1000 50 35000
0 1009 0 1 89450 23 0 1000 7000 0 1 1 0 1000 50 35000
0 1014 0 1 89473 23 0 1000 7000 0 1 1 0 1000 50 35000
0 1009 0 1 89495 22 0 1000 7000 0 1 1 0 1000 50 35000
0 1012 0 1 89518 23 0 1000 7000 0 1 1 0 1000 50 35000
0 1016 0 1 89540 22 0 1000 7000 0 1 1 0 1000 50 35000
0 1009 0 1 89563 23 0 1000 7000 0 1 1 0 1000 50 35000
0 1011 0 1 89585 22 0 1000 7000 0 1 1 0 1000 50 35000
0 1011 0 1 89608 23 0 1000 7000 0 1 1 0 1000 50 35000
0 1001 0 1 89630 22 0 1000 7000 0 1 1 0 1000 50 35000
0 1011 0 1 89653 23 0 1000 7000 0 1 1 0 1000 50 35000
0 1010 0 1 89675 22 0 1000 7000 0 1 1 0 1000 50 35000
0 1003 0 1 89698 23 0 1000 7000 0 1 1 0 1000 50 35000
0 1011 0 1 89720 22 0 1000 7000 0 1 1 0 1000 50 35000
0 1009 0 1 89743 23 0 1000 7000 0 1 1 0 1000 50 35000
0 1008 0 1 89765 22 0 1000 7000 0 1 1 0 1000 50 35000
0 1013 0 1 89788 23 0 1000 7000 0 1 1 0 1000 50 35000
0 1010 0 1 89810 22 0 1000 7000 0 1 1 0 1000 50 35000
0 1010 0 1 89834 24 0 1000 7000 0 1 1 0 1000 50 35000
0 1010 0 1 89857 23 0 1000 7000 0 1 1 0 1000 50 35000
0 1011 0 1 89879 22 0 1000 7000 0 1 1 0 1000 50 35000
0 1010 0 1 89902 23 0 1000 7000 0 1 1 0 1000 50 35000
0 1021 0 1 89924 22 0 1000 7000 0 1 1 0 1000 50 35000
0 1009 0 1 89947 23 0 1000 7000 0 1 1 0 1000 50 35000
0 1010 0 1 89969 22 0 1000 7000 0 1 1 0 1000 50 35000
0 1008 0 1 89992 23 0 1000 7000 0 1 1 0 1000 50 35000
0 1010 0 1 90014 22 0 1000 7000 0 1 1 0 1000 50 35000
0 1012 0 1 90037 23 0 1000 7000 0 1 1 0 1000 50 35000
0 1016 0 1 90059 22 0 1000 7000 0 1 1 0 1000 50 35000
0 1004 0 1 90082 23 0 1000 7000 0 1 1 0 1000 50 35000
0 1011 0 1 90104 22 0 1000 7000 0 1 1 0 1000 50 35000
0 1008 0 1 90127 23 0 1000 7000 0 1 1 0 1000 50 35000
0 1009 0 1 90149 22 0 1000 7000 0 1 1 0 1000 50 35000
0 1016 0 1 90172 23 0 1000 7000 0 1 1 0 1000 50 35000
0 1009 0 1 90194 22 0 1000 7000 0 1 1 0 1000 50 35000
0 1011 0 1 90217 23 0 1000 7000 0 1 1 0 1000 50 35000
0 1023 0 1 90241 24 0 1000 7000 0 1 1 0 1000 50 35000
0 1009 0 1 90263 22 0 1000 7000 0 1 1 0 1000 50 35000
0 1011 0 1 90286 23 0 1000 7000 0 1 1 0 1000 50 35000
0 1011 0 1 90308 22 0 1000 7000 0 1 1 0 1000 50 35000
0 1001 0 1 90331 23 0 1000 7000 0 1 1 0 1000 50 35000
0 1011 0 1 90353 22 0 1000 7000 0 1 1 0 1000 50 35000
0 1010 0 1 90376 23 0 1000 7000 0 1 1 0 1000 50 35000
0 1004 0 1 90398 22 0 1000 7000 0 1 1 0 1000 50 35000
0 1011 0 1 90421 23 0 1000 7000 0 1 1 0 1000 50 35000
0 1010 0 1 90443 22 0 1000 7000 0 1 1 0 1000 50 35000
0 1000 0 1 90466 23 0 1000 7000 0 1 1 0 1000 50 35000
0 1013 0 1 90488 22 0 1000 7000 0 1 1 0 1000 50 35000
0 1009 0 1 90511 23 0 1000 7000 0 1 1 0 1000 50 35000
0 1010 0 1 90533 22 0 1000 7000 0 1 1 0 1000 50 35000
0 1016 0 1 90556 23 0 1000 7000 0 1 1 0 1000 50 35000
0 1009 0 1 90578 22 0 1000 7000 0 1 1 0 1000 50 35000
0 1010 0 1 90601 23 0 1000 7000 0 1 1 0 1000 50 35000
0 1014 0 1 90624 23 0 1000 7000 0 1 1 0 1000 50 35000
0 1010 0 1 90647 23 0 1000 7000 0 1 1 0 1000 50 35000
0 1010 0 1 90670 23 0 1000 7000 0 1 1 0 1000 50 35000
0 1011 0 1 90692 22 0 1000 7000 0 1 1 0 1000 50 35000
0 1006 0 1 90715 23 0 1000 7000 0 1 1 0 1000 50 35000
0 1012 0 1 90737 22 0 1000 7000 0 1 1 0 1000 50 35000
0 1012 0 1 90760 23 0 1000 7000 0 1 1 0 1000 50 35000
0 1007 0 1 90782 22 0 1000 7000 0 1 1 0 1000 50 35000
0 1011 0 1 90805 23 0 1000 7000 0 1 1 0 1000 50 35000
0 1011 0 1 90827 22 0 1000 7000 0 1 1 0 1000 50 35000
0 1009 0 1 90850 23 0 1000 7000 0 1 1 0 1000 50 35000
0 1012 0 1 90872 22 0 1000 7000 0 1 1 0 1000 50 35000
0 1009 0 1 90895 23 0 1000 7000 0 1 1 0 1000 50 35000
0 1015 0 1 90917 22 0 1000 7000 0 1 1 0 1000 50 35000
0 1016 0 1 90940 23 0 1000 7000 0 1 1 0 1000 50 35000
0 1008 0 1 90962 22 0 1000 7000 0 1 1 0 1000 50 35000
0 1011 0 1 90985 23 0 1000 7000 0 1 1 0 1000 50 35000
0 1012 0 1 91008 23 0 1000 7000 0 1 1 0 1000 50 35000
0 1003 0 1 91030 22 0 1000 7000 0 1 1 0 1000 50 35000
0 1012 0 1 91054 24 0 1000 7000 0 1 1 0 1000 50 35000
0 1010 0 1 91076 22 0 1000 7000 0 1 1 0 1000 50 35000
0 1002 0 1 91099 23 0 1000 7000 0 1 1 0 1000 50 35000
0 1012 0 1 91121 22 0 1000 7000 0 1 1 0 1000 50 35000
0 1012 0 1 91144 23 0 1000 7000 0 1 1 0 1000 50 35000
0 1008 0 1 91166 22 0 1000 7000 0 1 1 0 1000 50 35000
0 1013 0 1 91189 23 0 1000 7000 0 1 1 0 1000 50 35000
0 1008 0 1 91211 22 0 1000 7000 0 1 1 0 1000 50 35000
0 1003 0 1 91234 23 0 1000 7000 0 1 1 0 1000 50 35000
0 1017 0 1 91256 22 0 1000 7000 0 1 1 0 1000 50 35000
0 1009 0 1 91279 23 0 1000 7000 0 1 1 0 1000 50 35000
0 1010 0 1 91301 22 0 1000 7000 0 1 1 0 1000 50 35000
0 1012 0 1 91324 23 0 1000 7000 0 1 1 0 1000 50 35000
0 1009 0 1 91346 22 0 1000 7000 0 1 1 0 1000 50 35000
0 1012 0 1 91369 23 0 1000 7000 0 1 1 0 1000 50 35000
0 1010 0 1 91392 23 0 1000 7000 0 1 1 0 1000 50 35000
0 1006 0 1 91414 22 0 1000 7000 0 1 1 0 1000 50 35000
0 1009 0 1 91437 23 0 1000 7000 0 1 1 0 1000 50 35000
0 1006 0 1 91460 23 0 1000 7000 0 1 1 0 1000 50 35000
0 1005 0 1 91483 23 0 1000 7000 0 1 1 0 1000 50 35000
0 1012 0 1 91505 22 0 1000 7000 0 1 1 0 1000 50 35000
0 1008 0 1 91528 23 0 1000 7000 0 1 1 0 1000 50 35000
0 1009 0 1 91550 22 0 1000 7000 0 1 1 0 1000 50 35000
0 1014 0 1 91573 23 0 1000 7000 0 1 1 0 1000 50 35000
0 1009 0 1 91595 22 0 1000 7000 0 1 1 0 1000 50 35000
0 1010 0 1 91618 23 0 1000 7000 0 1 1 0 1000 50 35000
0 1015 0 1 91640 22 0 1000 7000 0 1 1 0 1000 50 35000
0 1009 0 1 91663 23 0 1000 7000 0 1 1 0 1000 50 35000
0 1012 0 1 91685 22 0 1000 7000 0 1 1 0 1000 50 35000
0 1012 0 1 91708 23 0 1000 7000 0 1 1 0 1000 50 35000
0 1004 0 1 91730 22 0 1000 7000 0 1 1 0 1000 50 35000
0 1011 0 1 91753 23 0 1000 7000 0 1 1 0 1000 50 35000
0 1011 0 1 91776 23 0 1000 7000 0 1 1 0 1000 50 35000
0 1004 0 1 91798 22 0 1000 7000 0 1 1 0 1000 50 35000
0 1014 0 1 91821 23 0 1000 7000 0 1 1 0 1000 50 35000
0 1011 0 1 91843 22 0 1000 7000 0 1 1 0 1000 50 35000
0 999 0 1 91867 24 0 1000 7000 0 1 1 0 1000 50 35000
0 1014 0 1 91889 22 0 1000 7000 0 1 1 0 1000 50 35000
0 1009 0 1 91912 23 0 1000 7000 0 1 1 0 1000 50 35000
0 1009 0 1 91934 22 0 1000 7000 0 1 1 0 1000 50 35000
0 1016 0 1 91957 23 0 1000 7000 0 1 1 0 1000 50 35000
0 1009 0 1 91979 22 0 1000 7000 0 1 1 0 1000 50 35000
0 1011 0 1 92002 23 0 1000 7000 0 1 1 0 1000 50 35000
0 1015 0 1 92024 22 0 1000 7000 0 1 1 0 1000 50 35000
0 1009 0 1 92047 23 0 1000 7000 0 1 1 0 1000 50 35000
0 1012 0 1 92069 22 0 1000 7000 0 1 1 0 1000 50 35000
0 1011 0 1 92092 23 0 1000 7000 0 1 1 0 1000 50 35000
0 1007 0 1 92114 22 0 1000 7000 0 1 1 0 1000 50 35000
0 1012 0 1 92137 23 0 1000 7000 0 1 1 0 1000 50 35000
0 1011 0 1 92160 23 0 1000 7000 0 1 1 0 1000 50 35000
0 1007 0 1 92182 22 0 1000 7000 0 1 1 0 1000 50 35000
0 1011 0 1 92205 23 0 1000 7000 0 1 1 0 1000 50 35000
0 1009 0 1 92227 22 0 1000 7000 0 1 1 0 1000 50 35000
0 1009 0 1 92250 23 0 1000 7000 0 1 1 0 1000 50 35000
0 1017 0 1 92272 22 0 1000 7000 0 1 1 0 1000 50 35000
0 1010 0 1 92296 24 0 1000 7000 0 1 1 0 1000 50 35000
0 1010 0 1 92318 22 0 1000 7000 0 1 1 0 1000 50 35000
0 1016 0 1 92341 23 0 1000 7000 0 1 1 0 1000 50 35000
0 1009 0 1 92363 22 0 1000 7000 0 1 1 0 1000 50 35000
0 1011 0 1 92386 23 0 1000 7000 0 1 1 0 1000 50 35000
0 1013 0 1 92408 22 0 1000 7000 0 1 1 0 1000 50 35000
0 1001 0 1 92431 23 0 1000 7000 0 1 1 0 1000 50 35000
0 1012 0 1 92453 22 0 1000 7000 0 1 1 0 1000 50 35000
0 1011 0 1 92476 23 0 1000 7000 0 1 1 0 1000 50 35000
0 1003 0 1 92498 22 0 1000 7000 0 1 1 0 1000 50 35000
0 1012 0 1 92521 23 0 1000 7000 0 1 1 0 1000 50 35000
0 1010 0 1 92544 23 0 1000 7000 0 1 1 0 1000 50 35000
0 1008 0 1 92566 22 0 1000 7000 0 1 1 0 1000 50 35000
0 1014 0 1 92589 23 0 1000 7000 0 1 1 0 1000 50 35000
0 1009 0 1 92611 22 0 1000 7000 0 1 1 0 1000 50 35000
0 1010 0 1 92634 23 0 1000 7000 0 1 1 0 1000 50 35000
0 1023 0 1 92656 22 0 1000 7000 0 1 1 0 1000 50 35000
0 1009 0 1 92679 23 0 1000 7000 0 1 1 0 1000 50 35000
0 1011 0 1 92702 23 0 1000 7000 0 1 1 0 1000 50 35000
0 1013 0 1 92725 23 0 1000 7000 0 1 1 0 1000 50 35000
0 1009 0 1 92747 22 0 1000 7000 0 1 1 0 1000 50 35000
0 1013 0 1 92770 23 0 1000 7000 0 1 1 0 1000 50 35000
0 1011 0 1 92792 22 0 1000 7000 0 1 1 0 1000 50 35000
0 1006 0 1 92815 23 0 1000 7000 0 1 1 0 1000 50 35000
0 1011 0 1 92837 22 0 1000 7000 0 1 1 0 1000 50 35000
0 1010 0 1 92860 23 0 1000 7000 0 1 1 0 1000 50 35000
0 1005 0 1 92882 22 0 1000 7000 0 1 1 0 1000 50 35000
0 1011 0 1 92905 23 0 1000 7000 0 1 1 0 1000 50 35000
0 1009 0 1 92928 23 0 1000 7000 0 1 1 0 1000 50 35000
0 1005 0 1 92950 22 0 1000 7000 0 1 1 0 1000 50 35000
0 1015 0 1 92973 23 0 1000 7000 0 1 1 0 1000 50 35000
0 1009 0 1 92995 22 0 1000 7000 0 1 1 0 1000 50 35000
0 1014 0 1 93018 23 0 1000 7000 0 1 1 0 1000 50 35000
0 1018 0 1 93040 22 0 1000 7000 0 1 1 0 1000 50 35000
0 1009 0 1 93063 23 0 1000 7000 0 1 1 0 1000 50 35000
0 1011 0 1 93085 22 0 1000 7000 0 1 1 0 1000 50 35000
0 1013 0 1 93109 24 0 1000 7000 0 1 1 0 1000 50 35000
0 1002 0 1 93131 22 0 1000 7000 0 1 1 0 1000 50 35000
0 1013 0 1 93154 23 0 1000 7000 0 1 1 0 1000 50 35000
0 1010 0 1 93176 22 0 1000 7000 0 1 1 0 1000 50 35000
0 1003 0 1 93199 23 0 1000 7000 0 1 1 0 1000 50 35000
0 1012 0 1 93221 22 0 1000 7000 0 1 1 0 1000 50 35000
0 1010 0 1 93244 23 0 1000 7000 0 1 1 0 1000 50 35000
0 1010 0 1 93266 22 0 1000 7000 0 1 1 0 1000 50 35000
0 1014 0 1 93289 23 0 1000 7000 0 1 1 0 1000 50 35000
0 1010 0 1 93312 23 0 1000 7000 0 1 1 0 1000 50 35000
0 1005 0 1 93334 22 0 1000 7000 0 1 1 0 1000 50 35000
0 1017 0 1 93357 23 0 1000 7000 0 1 1 0 1000 50 35000
0 1009 0 1 93379 22 0 1000 7000 0 1 1 0 1000 50 35000
0 1011 0 1 93402 23 0 1000 7000 0 1 1 0 1000 50 35000
0 1012 0 1 93424 22 0 1000 7000 0 1 1 0 1000 50 35000
0 1009 0 1 93447 23 0 1000 7000 0 1 1 0 1000 50 35000
0 1013 0 1 93469 22 0 1000 7000 0 1 1 0 1000 50 35000
0 1011 0 1 93492 23 0 1000 7000 0 1 1 0 1000 50 35000
0 1005 0 1 93515 23 0 1000 7000 0 1 1 0 1000 50 35000
0 1012 0 1 93538 23 0 1000 7000 0 1 1 0 1000 50 35000
0 1010 0 1 93560 22 0 1000 7000 0 1 1 0 1000 50 35000
0 1006 0 1 93583 23 0 1000 7000 0 1 1 0 1000 50 35000
0 1012 0 1 93605 22 0 1000 7000 0 1 1 0 1000 50 35000
0 1009 0 1 93628 23 0 1000 7000 0 1 1 0 1000 50 35000
0 1009 0 1 93650 22 0 1000 7000 0 1 1 0 1000 50 35000
0 1019 0 1 93673 23 0 1000 7000 0 1 1 0 1000 50 35000
0 1009 0 1 93696 23 0 1000 7000 0 1 1 0 1000 50 35000
0 1010 0 1 93718 22 0 1000 7000 0 1 1 0 1000 50 35000
0 1014 0 1 93741 23 0 1000 7000 0 1 1 0 1000 50 35000
0 1009 0 1 93763 22 0 1000 7000 0 1 1 0 1000 50 35000
0 1012 0 1 93786 23 0 1000 7000 0 1 1 0 1000 50 35000
0 1012 0 1 93808 22 0 1000 7000 0 1 1 0 1000 50 35000
0 1005 0 1 93831 23 0 1000 7000 0 1 1 0 1000 50 35000
0 1011 0 1 93853 22 0 1000 7000 0 1 1 0 1000 50 35000
0 1010 0 1 93876 23 0 1000 7000 0 1 1 0 1000 50 35000
0 996 0 1 93898 22 0 1000 7000 0 1 1 0 1000 50 35000
0 1012 0 1 93921 23 0 1000 7000 0 1 1 0 1000 50 35000
0 1010 0 1 93944 23 0 1000 7000 0 1 1 0 1000 50 35000
0 1009 0 1 93967 23 0 1000 7000 0 1 1 0 1000 50 35000
0 1015 0 1 93989 22 0 1000 7000 0 1 1 0 1000 50 35000
0 1009 0 1 94012 23 0 1000 7000 0 1 1 0 1000 50 35000
0 1012 0 1 94034 22 0 1000 7000 0 1 1 0 1000 50 35000
0 1017 0 1 94057 23 0 1000 7000 0 1 1 0 1000 50 35000
0 1009 0 1 94080 23 0 1000 7000 0 1 1 0 1000 50 35000
0 1011 0 1 94102 22 0 1000 7000 0 1 1 0 1000 50 35000
0 1011 0 1 94125 23 0 1000 7000 0 1 1 0 1000 50 35000
0 1008 0 1 94147 22 0 1000 7000 0 1 1 0 1000 50 35000
0 1013 0 1 94170 23 0 1000 7000 0 1 1 0 1000 50 35000
0 1011 0 1 94192 22 0 1000 7000 0 1 1 0 1000 50 35000
0 1005 0 1 94215 23 0 1000 7000 0 1 1 0 1000 50 35000
0 1013 0 1 94237 22 0 1000 7000 0 1 1 0 1000 50 35000
0 1011 0 1 94260 23 0 1000 7000 0 1 1 0 1000 50 35000
0 1005 0 1 94282 22 0 1000 7000 0 1 1 0 1000 50 35000
0 1012 0 1 94305 23 0 1000 7000 0 1 1 0 1000 50 35000
0 1009 0 1 94327 22 0 1000 7000 0 1 1 0 1000 50 35000
0 1010 0 1 94351 24 0 1000 7000 0 1 1 0 1000 50 35000
0 1012 0 1 94373 22 0 1000 7000 0 1 1 0 1000 50 35000
0 1009 0 1 94396 23 0 1000 7000 0 1 1 0 1000 50 35000
0 1010 0 1 94418 22 0 1000 7000 0 1 1 0 1000 50 35000
0 1016 0 1 94441 23 0 1000 7000 0 1 1 0 1000 50 35000
0 1010 0 1 94464 23 0 1000 7000 0 1 1 0 1000 50 35000
0 1012 0 1 94486 22 0 1000 7000 0 1 1 0 1000 50 35000
0 1014 0 1 94509 23 0 1000 7000 0 1 1 0 1000 50 35000
0 1003 0 1 94531 22 0 1000 7000 0 1 1 0 1000 50 35000
0 1012 0 1 94554 23 0 1000 7000 0 1 1 0 1000 50 35000
0 1011 0 1 94576 22 0 1000 7000 0 1 1 0 1000 50 35000
0 994 0 1 94599 23 0 1000 7000 0 1 1 0 1000 50 35000
0 1011 0 1 94621 22 0 1000 7000 0 1 1 0 1000 50 35000
0 1009 0 1 94644 23 0 1000 7000 0 1 1 0 1000 50 35000
0 1009 0 1 94666 22 0 1000 7000 0 1 1 0 1000 50 35000
0 1015 0 1 94689 23 0 1000 7000 0 1 1 0 1000 50 35000
0 1013 0 1 94711 22 0 1000 7000 0 1 1 0 1000 50 35000
0 1010 0 1 94734 23 0 1000 7000 0 1 1 0 1000 50 35000
0 1018 0 1 94756 22 0 1000 7000 0 1 1 0 1000 50 35000
0 1009 0 1 94780 24 0 1000 7000 0 1 1 0 1000 50 35000
0 1011 0 1 94802 22 0 1000 7000 0 1 1 0 1000 50 35000
0 1012 0 1 94825 23 0 1000 7000 0 1 1 0 1000 50 35000
0 1009 0 1 94848 23 0 1000 7000 0 1 1 0 1000 50 35000
0 1012 0 1 94870 22 0 1000 7000 0 1 1 0 1000 50 35000
0 1018 0 1 94893 23 0 1000 7000 0 1 1 0 1000 50 35000
0 1006 0 1 94915 22 0 1000 7000 0 1 1 0 1000 50 35000
0 1012 0 1 94938 23 0 1000 7000 0 1 1 0 1000 50 35000
0 1011 0 1 94960 22 0 1000 7000 0 1 1 0 1000 50 35000
0 1004 0 1 94983 23 0 1000 7000 0 1 1 0 1000 50 35000
0 1010 0 1 95005 22 0 1000 7000 0 1 1 0 1000 50 35000
0 1010 0 1 95028 23 0 1000 7000 0 1 1 0 1000 50 35000
0 1012 0 1 95050 22 0 1000 7000 0 1 1 0 1000 50 35000
0 1014 0 1 95073 23 0 1000 7000 0 1 1 0 1000 50 35000
0 1012 0 1 95095 22 0 1000 7000 0 1 1 0 1000 50 35000
0 1011 0 1 95118 23 0 1000 7000 0 1 1 0 1000 50 35000
0 1017 0 1 95140 22 0 1000 7000 0 1 1 0 1000 50 35000
0 1010 0 1 95163 23 0 1000 7000 0 1 1 0 1000 50 35000
0 1013 0 1 95185 22 0 1000 7000 0 1 1 0 1000 50 35000
0 1023 0 1 95209 24 0 1000 7000 0 1 1 0 1000 50 35000
0 1003 0 1 95232 23 0 1000 7000 0 1 1 0 1000 50 35000
0 1012 0 1 95254 22 0 1000 7000 0 1 1 0 1000 50 35000
0 1010 0 1 95277 23 0 1000 7000 0 1 1 0 1000 50 35000
0 1004 0 1 95299 22 0 1000 7000 0 1 1 0 1000 50 35000
0 1012 0 1 95322 23 0 1000 7000 0 1 1 0 1000 50 35000
0 1010 0 1 95344 22 0 1000 7000 0 1 1 0 1000 50 35000
0 1009 0 1 95367 23 0 1000 7000 0 1 1 0 1000 50 35000
0 1021 0 1 95389 22 0 1000 7000 0 1 1 0 1000 50 35000
0 1010 0 1 95412 23 0 1000 7000 0 1 1 0 1000 50 35000
0 1011 0 1 95434 22 0 1000 7000 0 1 1 0 1000 50 35000
0 1014 0 1 95457 23 0 1000 7000 0 1 1 0 1000 50 35000
0 1010 0 1 95479 22 0 1000 7000 0 1 1 0 1000 50 35000
0 1012 0 1 95502 23 0 1000 7000 0 1 1 0 1000 50 35000
0 1013 0 1 95524 22 0 1000 7000 0 1 1 0 1000 50 35000
0 1008 0 1 95547 23 0 1000 7000 0 1 1 0 1000 50 35000
0 1015 0 1 95569 22 0 1000 7000 0 1 1 0 1000 50 35000
0 1014 0 1 95592 23 0 1000 7000 0 1 1 0 1000 50 35000
0 1007 0 1 95616 24 0 1000 7000 0 1 1 0 1000 50 35000
0 1013 0 1 95638 22 0 1000 7000 0 1 1 0 1000 50 35000
0 1011 0 1 95661 23 0 1000 7000 0 1 1 0 1000 50 35000
0 1007 0 1 95683 22 0 1000 7000 0 1 1 0 1000 50 35000
0 1012 0 1 95706 23 0 1000 7000 0 1 1 0 1000 50 35000
0 1007 0 1 95728 22 0 1000 7000 0 1 1 0 1000 50 35000
0 1009 0 1 95751 23 0 1000 7000 0 1 1 0 1000 50 35000
0 1015 0 1 95773 22 0 1000 7000 0 1 1 0 1000 50 35000
0 1008 0 1 95796 23 0 1000 7000 0 1 1 0 1000 50 35000
0 1011 0 1 95818 22 0 1000 7000 0 1 1 0 1000 50 35000
0 1016 0 1 95841 23 0 1000 7000 0 1 1 0 1000 50 35000
0 1010 0 1 95863 22 0 1000 7000 0 1 1 0 1000 50 35000
0 1012 0 1 95886 23 0 1000 7000 0 1 1 0 1000 50 35000
0 1013 0 1 95908 22 0 1000 7000 0 1 1 0 1000 50 35000
0 1005 0 1 95931 23 0 1000 7000 0 1 1 0 1000 50 35000
0 1012 0 1 95953 22 0 1000 7000 0 1 1 0 1000 50 35000
0 1004 0 1 95976 23 0 1000 7000 0 1 1 0 1000 50 35000
0 1005 0 1 95998 22 0 1000 7000 0 1 1 0 1000 50 35000
0 1011 0 1 96022 24 0 1000 7000 0 1 1 0 1000 50 35000
0 1010 0 1 96045 23 0 1000 7000 0 1 1 0 1000 50 35000
0 1010 0 1 96067 22 0 1000 7000 0 1 1 0 1000 50 35000
0 1013 0 1 96090 23 0 1000 7000 0 1 1 0 1000 50 35000
0 1010 0 1 96112 22 0 1000 7000 0 1 1 0 1000 50 35000
0 1011 0 1 96135 23 0 1000 7000 0 1 1 0 1000 50 35000
0 1017 0 1 96157 22 0 1000 7000 0 1 1 0 1000 50 35000
0 1009 0 1 96180 23 0 1000 7000 0 1 1 0 1000 50 35000
0 1012 0 1 96202 22 0 1000 7000 0 1 1 0 1000 50 35000
0 1011 0 1 96225 23 0 1000 7000 0 1 1 0 1000 50 35000
0 1008 0 1 96247 22 0 1000 7000 0 1 1 0 1000 50 35000
0 1012 0 1 96270 23 0 1000 7000 0 1 1 0 1000 50 35000
0 1012 0 1 96292 22 0 1000 7000 0 1 1 0 1000 50 35000
0 1006 0 1 96315 23 0 1000 7000 0 1 1 0 1000 50 35000
0 1012 0 1 96337 22 0 1000 7000 0 1 1 0 1000 50 35000
0 1012 0 1 96360 23 0 1000 7000 0 1 1 0 1000 50 35000
0 1007 0 1 96382 22 0 1000 7000 0 1 1 0 1000 50 35000
0 1013 0 1 96405 23 0 1000 7000 0 1 1 0 1000 50 35000
0 1010 0 1 96429 24 0 1000 7000 0 1 1 0 1000 50 35000
0 1011 0 1 96451 22 0 1000 7000 0 1 1 0 1000 50 35000
0 1016 0 1 96474 23 0 1000 7000 0 1 1 0 1000 50 35000
0 1009 0 1 96496 22 0 1000 7000 0 1 1 0 1000 50 35000
0 1011 0 1 96519 23 0 1000 7000 0 1 1 0 1000 50 35000
0 1015 0 1 96541 22 0 1000 7000 0 1 1 0 1000 50 35000
0 1012 0 1 96564 23 0 1000 7000 0 1 1 0 1000 50 35000
0 1012 0 1 96586 22 0 1000 7000 0 1 1 0 1000 50 35000
0 1011 0 1 96609 23 0 1000 7000 0 1 1 0 1000 50 35000
0 1007 0 1 96631 22 0 1000 7000 0 1 1 0 1000 50 35000
0 1012 0 1 96654 23 0 1000 7000 0 1 1 0 1000 50 35000
0 1011 0 1 96676 22 0 1000 7000 0 1 1 0 1000 50 35000
0 1005 0 1 96699 23 0 1000 7000 0 1 1 0 1000 50 35000
0 1013 0 1 96721 22 0 1000 7000 0 1 1 0 1000 50 35000
0 1010 0 1 96744 23 0 1000 7000 0 1 1 0 1000 50 35000
0 1009 0 1 96766 22 0 1000 7000 0 1 1 0 1000 50 35000
0 1019 0 1 96789 23 0 1000 7000 0 1 1 0 1000 50 35000
0 1010 0 1 96812 23 0 1000 7000 0 1 1 0 1000 50 35000
0 1011 0 1 96835 23 0 1000 7000 0 1 1 0 1000 50 35000
0 1018 0 1 96858 23 0 1000 7000 0 1 1 0 1000 50 35000
0 1009 0 1 96880 22 0 1000 7000 0 1 1 0 1000 50 35000
0 1011 0 1 96903 23 0 1000 7000 0 1 1 0 1000 50 35000
0 1012 0 1 96925 22 0 1000 7000 0 1 1 0 1000 50 35000
0 1007 0 1 96948 23 0 1000 7000 0 1 1 0 1000 50 35000
0 1012 0 1 96970 22 0 1000 7000 0 1 1 0 1000 50 35000
0 1011 0 1 96993 23 0 1000 7000 0 1 1 0 1000 50 35000
0 1004 0 1 97015 22 0 1000 7000 0 1 1 0 1000 50 35000
0 1012 0 1 97038 23 0 1000 7000 0 1 1 0 1000 50 35000
0 1011 0 1 97060 22 0 1000 7000 0 1 1 0 1000 50 35000
0 1012 0 1 97083 23 0 1000 7000 0 1 1 0 1000 50 35000
0 1012 0 1 97105 22 0 1000 7000 0 1 1 0 1000 50 35000
0 1009 0 1 97128 23 0 1000 7000 0 1 1 0 1000 50 35000
0 1000 0 1 97150 22 0 1000 7000 0 1 1 0 1000 50 35000
0 1023 0 1 97173 23 0 1000 7000 0 1 1 0 1000 50 35000
0 1011 0 1 97196 23 0 1000 7000 0 1 1 0 1000 50 35000
0 1011 0 1 97218 22 0 1000 7000 0 1 1 0 1000 50 35000
0 1015 0 1 97241 23 0 1000 7000 0 1 1 0 1000 50 35000
0 1010 0 1 97264 23 0 1000 7000 0 1 1 0 1000 50 35000
0 1012 0 1 97287 23 0 1000 7000 0 1 1 0 1000 50 35000
0 1012 0 1 97309 22 0 1000 7000 0 1 1 0 1000 50 35000
0 1008 0 1 97332 23 0 1000 7000 0 1 1 0 1000 50 35000
0 1013 0 1 97354 22 0 1000 7000 0 1 1 0 1000 50 35000
0 1011 0 1 97377 23 0 1000 7000 0 1 1 0 1000 50 35000
0 1007 0 1 97399 22 0 1000 7000 0 1 1 0 1000 50 35000
0 1012 0 1 97422 23 0 1000 7000 0 1 1 0 1000 50 35000
0 1010 0 1 97444 22 0 1000 7000 0 1 1 0 1000 50 35000
0 1009 0 1 97467 23 0 1000 7000 0 1 1 0 1000 50 35000
0 1017 0 1 97489 22 0 1000 7000 0 1 1 0 1000 50 35000
0 1010 0 1 97512 23 0 1000 7000 0 1 1 0 1000 50 35000
0 1011 0 1 97534 22 0 1000 7000 0 1 1 0 1000 50 35000
0 1017 0 1 97557 23 0 1000 7000 0 1 1 0 1000 50 35000
0 1010 0 1 97580 23 0 1000 7000 0 1 1 0 1000 50 35000
0 1012 0 1 97602 22 0 1000 7000 0 1 1 0 1000 50 35000
0 1012 0 1 97625 23 0 1000 7000 0 1 1 0 1000 50 35000
0 1003 0 1 97647 22 0 1000 7000 0 1 1 0 1000 50 35000
0 1011 0 1 97671 24 0 1000 7000 0 1 1 0 1000 50 35000
0 1011 0 1 97693 22 0 1000 7000 0 1 1 0 1000 50 35000
0 999 0 1 97716 23 0 1000 7000 0 1 1 0 1000 50 35000
0 1013 0 1 97738 22 0 1000 7000 0 1 1 0 1000 50 35000
0 1008 0 1 97761 23 0 1000 7000 0 1 1 0 1000 50 35000
0 1009 0 1 97783 22 0 1000 7000 0 1 1 0 1000 50 35000
0 1015 0 1 97806 23 0 1000 7000 0 1 1 0 1000 50 35000
0 1010 0 1 97828 22 0 1000 7000 0 1 1 0 1000 50 35000
0 1011 0 1 97851 23 0 1000 7000 0 1 1 0 1000 50 35000
0 1016 0 1 97873 22 0 1000 7000 0 1 1 0 1000 50 35000
0 1012 0 1 97896 23 0 1000 7000 0 1 1 0 1000 50 35000
0 1011 0 1 97918 22 0 1000 7000 0 1 1 0 1000 50 35000
0 1014 0 1 97941 23 0 1000 7000 0 1 1 0 1000 50 35000
0 1009 0 1 97964 23 0 1000 7000 0 1 1 0 1000 50 35000
0 1013 0 1 97986 22 0 1000 7000 0 1 1 0 1000 50 35000
0 1011 0 1 98009 23 0 1000 7000 0 1 1 0 1000 50 35000
0 1008 0 1 98031 22 0 1000 7000 0 1 1 0 1000 50 35000
0 1012 0 1 98054 23 0 1000 7000 0 1 1 0 1000 50 35000
0 1014 0 1 98077 23 0 1000 7000 0 1 1 0 1000 50 35000
0 1008 0 1 98100 23 0 1000 7000 0 1 1 0 1000 50 35000
0 1012 0 1 98122 22 0 1000 7000 0 1 1 0 1000 50 35000
0 1010 0 1 98145 23 0 1000 7000 0 1 1 0 1000 50 35000
0 1009 0 1 98167 22 0 1000 7000 0 1 1 0 1000 50 35000
0 1021 0 1 98190 23 0 1000 7000 0 1 1 0 1000 50 35000
0 1010 0 1 98212 22 0 1000 7000 0 1 1 0 1000 50 35000
0 1011 0 1 98235 23 0 1000 7000 0 1 1 0 1000 50 35000
0 1018 0 1 98257 22 0 1000 7000 0 1 1 0 1000 50 35000
0 1010 0 1 98280 23 0 1000 7000 0 1 1 0 1000 50 35000
0 1012 0 1 98302 22 0 1000 7000 0 1 1 0 1000 50 35000
0 1012 0 1 98325 23 0 1000 7000 0 1 1 0 1000 50 35000
0 1007 0 1 98348 23 0 1000 7000 0 1 1 0 1000 50 35000
0 1014 0 1 98370 22 0 1000 7000 0 1 1 0 1000 50 35000
0 1011 0 1 98393 23 0 1000 7000 0 1 1 0 1000 50 35000
0 1006 0 1 98415 22 0 1000 7000 0 1 1 0 1000 50 35000
0 1012 0 1 98438 23 0 1000 7000 0 1 1 0 1000 50 35000
0 1011 0 1 98460 22 0 1000 7000 0 1 1 0 1000 50 35000
0 1010 0 1 98483 23 0 1000 7000 0 1 1 0 1000 50 35000
0 1015 0 1 98506 23 0 1000 7000 0 1 1 0 1000 50 35000
0 1010 0 1 98529 23 0 1000 7000 0 1 1 0 1000 50 35000
0 1012 0 1 98551 22 0 1000 7000 0 1 1 0 1000 50 35000
0 1018 0 1 98574 23 0 1000 7000 0 1 1 0 1000 50 35000
0 1010 0 1 98596 22 0 1000 7000 0 1 1 0 1000 50 35000
0 1011 0 1 98619 23 0 1000 7000 0 1 1 0 1000 50 35000
0 1013 0 1 98641 22 0 1000 7000 0 1 1 0 1000 50 35000
0 1010 0 1 98664 23 0 1000 7000 0 1 1 0 1000 50 35000
0 1012 0 1 98686 22 0 1000 7000 0 1 1 0 1000 50 35000
0 1010 0 1 98709 23 0 1000 7000 0 1 1 0 1000 50 35000
0 1007 0 1 98732 23 0 1000 7000 0 1 1 0 1000 50 35000
0 1011 0 1 98754 22 0 1000 7000 0 1 1 0 1000 50 35000
0 1010 0 1 98777 23 0 1000 7000 0 1 1 0 1000 50 35000
0 1008 0 1 98799 22 0 1000 7000 0 1 1 0 1000 50 35000
0 1016 0 1 98822 23 0 1000 7000 0 1 1 0 1000 50 35000
0 1009 0 1 98844 22 0 1000 7000 0 1 1 0 1000 50 35000
0 1011 0 1 98867 23 0 1000 7000 0 1 1 0 1000 50 35000
0 1016 0 1 98889 22 0 1000 7000 0 1 1 0 1000 50 35000
0 1009 0 1 98913 24 0 1000 7000 0 1 1 0 1000 50 35000
0 1011 0 1 98935 22 0 1000 7000 0 1 1 0 1000 50 35000
0 1012 0 1 98958 23 0 1000 7000 0 1 1 0 1000 50 35000
0 1011 0 1 98980 22 0 1000 7000 0 1 1 0 1000 50 35000
0 1011 0 1 99003 23 0 1000 7000 0 1 1 0 1000 50 35000
0 1012 0 1 99025 22 0 1000 7000 0 1 1 0 1000 50 35000
0 1006 0 1 99048 23 0 1000 7000 0 1 1 0 1000 50 35000
0 1012 0 1 99070 22 0 1000 7000 0 1 1 0 1000 50 35000
0 1009 0 1 99093 23 0 1000 7000 0 1 1 0 1000 50 35000
0 1005 0 1 99116 23 0 1000 7000 0 1 1 0 1000 50 35000
0 1013 0 1 99138 22 0 1000 7000 0 1 1 0 1000 50 35000
0 1010 0 1 99161 23 0 1000 7000 0 1 1 0 1000 50 35000
0 1011 0 1 99183 22 0 1000 7000 0 1 1 0 1000 50 35000
0 1012 0 1 99206 23 0 1000 7000 0 1 1 0 1000 50 35000
0 1011 0 1 99228 22 0 1000 7000 0 1 1 0 1000 50 35000
0 1012 0 1 99251 23 0 1000 7000 0 1 1 0 1000 50 35000
0 1019 0 1 99273 22 0 1000 7000 0 1 1 0 1000 50 35000
0 1011 0 1 99297 24 0 1000 7000 0 1 1 0 1000 50 35000
0 1011 0 1 99319 22 0 1000 7000 0 1 1 0 1000 50 35000
0 1012 0 1 99342 23 0 1000 7000 0 1 1 0 1000 50 35000
0 1007 0 1 99364 22 0 1000 7000 0 1 1 0 1000 50 35000
0 1015 0 1 99387 23 0 1000 7000 0 1 1 0 1000 50 35000
0 1012 0 1 99409 22 0 1000 7000 0 1 1 0 1000 50 35000
0 1005 0 1 99432 23 0 1000 7000 0 1 1 0 1000 50 35000
0 1012 0 1 99454 22 0 1000 7000 0 1 1 0 1000 50 35000
0 1010 0 1 99477 23 0 1000 7000 0 1 1 0 1000 50 35000
0 1009 0 1 99500 23 0 1000 7000 0 1 1 0 1000 50 35000
0 1013 0 1 99522 22 0 1000 7000 0 1 1 0 1000 50 35000
0 1010 0 1 99545 23 0 1000 7000 0 1 1 0 1000 50 35000
0 1011 0 1 99567 22 0 1000 7000 0 1 1 0 1000 50 35000
0 1015 0 1 99590 23 0 1000 7000 0 1 1 0 1000 50 35000
0 1010 0 1 99612 22 0 1000 7000 0 1 1 0 1000 50 35000
0 1012 0 1 99635 23 0 1000 7000 0 1 1 0 1000 50 35000
0 1015 0 1 99657 22 0 1000 7000 0 1 1 0 1000 50 35000
0 1010 0 1 99680 23 0 1000 7000 0 1 1 0 1000 50 35000
0 1014 0 1 99703 23 0 1000 7000 0 1 1 0 1000 50 35000
0 1012 0 1 99726 23 0 1000 7000 0 1 1 0 1000 50 35000
0 1010 0 1 99748 22 0 1000 7000 0 1 1 0 1000 50 35000
0 1013 0 1 99771 23 0 1000 7000 0 1 1 0 1000 50 35000
0 1011 0 1 99793 22 0 1000 7000 0 1 1 0 1000 50 35000
0 1007 0 1 99816 23 0 1000 7000 0 1 1 0 1000 50 35000
0 1012 0 1 99838 22 0 1000 7000 0 1 1 0 1000 50 35000
0 1015 0 1 99861 23 0 1000 7000 0 1 1 0 1000 50 35000
0 1010 0 1 99884 23 0 1000 7000 0 1 1 0 1000 50 35000
0 1017 0 1 99906 22 0 1000 7000 0 1 1 0 1000 50 35000
0 1009 0 1 99929 23 0 1000 7000 0 1 1 0 1000 50 35000
0 1020 0 1 99951 22 0 1000 7000 0 1 1 0 1000 50 35000
0 1017 0 1 99974 23 0 1000 7000 0 1 1 0 1000 50 35000
0 1010 0 1 99996 22 0 1000 7000 0 1 1 0 1000 50 35000
0 1012 0 1 100019 23 0 1000 7000 0 1 1 0 1000 50 35000
0 1012 0 1 100041 22 0 1000 7000 0 1 1 0 1000 50 35000
0 1008 0 1 100064 23 0 1000 7000 0 1 1 0 1000 50 35000
0 1012 0 1 100087 23 0 1000 7000 0 1 1 0 1000 50 35000
0 1011 0 1 100110 23 0 1000 7000 0 1 1 0 1000 50 35000
0 1005 0 1 100132 22 0 1000 7000 0 1 1 0 1000 50 35000
0 1013 0 1 100155 23 0 1000 7000 0 1 1 0 1000 50 35000
0 1011 0 1 100177 22 0 1000 7000 0 1 1 0 1000 50 35000
0 1010 0 1 100200 23 0 1000 7000 0 1 1 0 1000 50 35000
0 1018 0 1 100222 22 0 1000 7000 0 1 1 0 1000 50 35000
0 1011 0 1 100245 23 0 1000 7000 0 1 1 0 1000 50 35000
0 1012 0 1 100268 23 0 1000 7000 0 1 1 0 1000 50 35000
0 1017 0 1 100291 23 0 1000 7000 0 1 1 0 1000 50 35000
0 1010 0 1 100314 23 0 1000 7000 0 1 1 0 1000 50 35000
0 1012 0 1 100336 22 0 1000 7000 0 1 1 0 1000 50 35000
0 1013 0 1 100359 23 0 1000 7000 0 1 1 0 1000 50 35000
0 1008 0 1 100381 22 0 1000 7000 0 1 1 0 1000 50 35000
0 1013 0 1 100404 23 0 1000 7000 0 1 1 0 1000 50 35000
0 1007 0 1 100426 22 0 1000 7000 0 1 1 0 1000 50 35000
0 1007 0 1 100449 23 0 1000 7000 0 1 1 0 1000 50 35000
0 1012 0 1 100471 22 0 1000 7000 0 1 1 0 1000 50 35000
0 1008 0 1 100494 23 0 1000 7000 0 1 1 0 1000 50 35000
0 1010 0 1 100517 23 0 1000 7000 0 1 1 0 1000 50 35000
0 1016 0 1 100540 23 0 1000 7000 0 1 1 0 1000 50 35000
0 1012 0 1 100562 22 0 1000 7000 0 1 1 0 1000 50 35000
0 1012 0 1 100585 23 0 1000 7000 0 1 1 0 1000 50 35000
0 1016 0 1 100608 23 0 1000 7000 0 1 1 0 1000 50 35000
0 1012 0 1 100630 22 0 1000 7000 0 1 1 0 1000 50 35000
0 1013 0 1 100653 23 0 1000 7000 0 1 1 0 1000 50 35000
0 1012 0 1 100675 22 0 1000 7000 0 1 1 0 1000 50 35000
0 1008 0 1 100698 23 0 1000 7000 0 1 1 0 1000 50 35000
0 1014 0 1 100721 23 0 1000 7000 0 1 1 0 1000 50 35000
0 1012 0 1 100744 23 0 1000 7000 0 1 1 0 1000 50 35000
0 1008 0 1 100766 22 0 1000 7000 0 1 1 0 1000 50 35000
0 1013 0 1 100789 23 0 1000 7000 0 1 1 0 1000 50 35000
0 1008 0 1 100811 22 0 1000 7000 0 1 1 0 1000 50 35000
0 1005 0 1 100834 23 0 1000 7000 0 1 1 0 1000 50 35000
0 1017 0 1 100856 22 0 1000 7000 0 1 1 0 1000 50 35000
0 1010 0 1 100879 23 0 1000 7000 0 1 1 0 1000 50 35000
0 1012 0 1 100901 22 0 1000 7000 0 1 1 0 1000 50 35000
0 1013 0 1 100924 23 0 1000 7000 0 1 1 0 1000 50 35000
0 1015 0 1 100947 23 0 1000 7000 0 1 1 0 1000 50 35000
0 1013 0 1 100970 23 0 1000 7000 0 1 1 0 1000 50 35000
0 1013 0 1 100993 23 0 1000 7000 0 1 1 0 1000 50 35000
0 997 0 1 101015 22 0 1000 7000 0 1 1 0 1000 50 35000
0 1013 0 1 101038 23 0 1000 7000 0 1 1 0 1000 50 35000
0 1011 0 1 101060 22 0 1000 7000 0 1 1 0 1000 50 35000
0 1010 0 1 101083 23 0 1000 7000 0 1 1 0 1000 50 35000
0 1014 0 1 101105 22 0 1000 7000 0 1 1 0 1000 50 35000
0 1010 0 1 101128 23 0 1000 7000 0 1 1 0 1000 50 35000
0 1012 0 1 101150 22 0 1000 7000 0 1 1 0 1000 50 35000
0 1016 0 1 101174 24 0 1000 7000 0 1 1 0 1000 50 35000
0 1010 0 1 101196 22 0 1000 7000 0 1 1 0 1000 50 35000
0 1012 0 1 101219 23 0 1000 7000 0 1 1 0 1000 50 35000
0 1014 0 1 101241 22 0 1000 7000 0 1 1 0 1000 50 35000
0 1006 0 1 101264 23 0 1000 7000 0 1 1 0 1000 50 35000
0 1013 0 1 101286 22 0 1000 7000 0 1 1 0 1000 50 35000
0 1012 0 1 101309 23 0 1000 7000 0 1 1 0 1000 50 35000
0 1005 0 1 101331 22 0 1000 7000 0 1 1 0 1000 50 35000
0 1013 0 1 101354 23 0 1000 7000 0 1 1 0 1000 50 35000
0 1016 0 1 101377 23 0 1000 7000 0 1 1 0 1000 50 35000
0 1011 0 1 101400 23 0 1000 7000 0 1 1 0 1000 50 35000
0 1020 0 1 101423 23 0 1000 7000 0 1 1 0 1000 50 35000
0 1011 0 1 101445 22 0 1000 7000 0 1 1 0 1000 50 35000
0 1012 0 1 101468 23 0 1000 7000 0 1 1 0 1000 50 35000
0 1019 0 1 101490 22 0 1000 7000 0 1 1 0 1000 50 35000
0 1010 0 1 101513 23 0 1000 7000 0 1 1 0 1000 50 35000
0 1013 0 1 101535 22 0 1000 7000 0 1 1 0 1000 50 35000
0 1013 0 1 101558 23 0 1000 7000 0 1 1 0 1000 50 35000
0 1005 0 1 101580 22 0 1000 7000 0 1 1 0 1000 50 35000
0 1011 0 1 101604 24 0 1000 7000 0 1 1 0 1000 50 35000
0 1012 0 1 101626 22 0 1000 7000 0 1 1 0 1000 50 35000
0 1009 0 1 101649 23 0 1000 7000 0 1 1 0 1000 50 35000
0 1013 0 1 101671 22 0 1000 7000 0 1 1 0 1000 50 35000
0 1010 0 1 101694 23 0 1000 7000 0 1 1 0 1000 50 35000
0 1010 0 1 101716 22 0 1000 7000 0 1 1 0 1000 50 35000
0 1016 0 1 101739 23 0 1000 7000 0 1 1 0 1000 50 35000
0 1012 0 1 101762 23 0 1000 7000 0 1 1 0 1000 50 35000
0 1012 0 1 101784 22 0 1000 7000 0 1 1 0 1000 50 35000
0 1017 0 1 101807 23 0 1000 7000 0 1 1 0 1000 50 35000
0 1010 0 1 101830 23 0 1000 7000 0 1 1 0 1000 50 35000
0 1013 0 1 101853 23 0 1000 7000 0 1 1 0 1000 50 35000
0 1014 0 1 101875 22 0 1000 7000 0 1 1 0 1000 50 35000
0 1008 0 1 101898 23 0 1000 7000 0 1 1 0 1000 50 35000
0 1013 0 1 101920 22 0 1000 7000 0 1 1 0 1000 50 35000
0 1018 0 1 101943 23 0 1000 7000 0 1 1 0 1000 50 35000
0 1008 0 1 101965 22 0 1000 7000 0 1 1 0 1000 50 35000
0 1013 0 1 101988 23 0 1000 7000 0 1 1 0 1000 50 35000
0 1010 0 1 102010 22 0 1000 7000 0 1 1 0 1000 50 35000
0 1013 0 1 102034 24 0 1000 7000 0 1 1 0 1000 50 35000
0 1016 0 1 102056 22 0 1000 7000 0 1 1 0 1000 50 35000
0 1010 0 1 102079 23 0 1000 7000 0 1 1 0 1000 50 35000
0 1012 0 1 102102 23 0 1000 7000 0 1 1 0 1000 50 35000
0 1016 0 1 102124 22 0 1000 7000 0 1 1 0 1000 50 35000
0 1010 0 1 102147 23 0 1000 7000 0 1 1 0 1000 50 35000
0 1014 0 1 102169 22 0 1000 7000 0 1 1 0 1000 50 35000
0 1013 0 1 102192 23 0 1000 7000 0 1 1 0 1000 50 35000
0 1006 0 1 102214 22 0 1000 7000 0 1 1 0 1000 50 35000
0 1014 0 1 102237 23 0 1000 7000 0 1 1 0 1000 50 35000
0 1011 0 1 102260 23 0 1000 7000 0 1 1 0 1000 50 35000
0 1007 0 1 102283 23 0 1000 7000 0 1 1 0 1000 50 35000
0 1013 0 1 102305 22 0 1000 7000 0 1 1 0 1000 50 35000
0 1009 0 1 102328 23 0 1000 7000 0 1 1 0 1000 50 35000
0 1011 0 1 102350 22 0 1000 7000 0 1 1 0 1000 50 35000
0 1018 0 1 102373 23 0 1000 7000 0 1 1 0 1000 50 35000
0 1014 0 1 102395 22 0 1000 7000 0 1 1 0 1000 50 35000
0 1013 0 1 102418 23 0 1000 7000 0 1 1 0 1000 50 35000
0 1014 0 1 102440 22 0 1000 7000 0 1 1 0 1000 50 35000
0 1009 0 1 102464 24 0 1000 7000 0 1 1 0 1000 50 35000
0 1013 0 1 102487 23 0 1000 7000 0 1 1 0 1000 50 35000
0 1009 0 1 102509 22 0 1000 7000 0 1 1 0 1000 50 35000
0 1004 0 1 102532 23 0 1000 7000 0 1 1 0 1000 50 35000
0 1013 0 1 102554 22 0 1000 7000 0 1 1 0 1000 50 35000
0 1015 0 1 102577 23 0 1000 7000 0 1 1 0 1000 50 35000
0 1012 0 1 102599 22 0 1000 7000 0 1 1 0 1000 50 35000
0 1017 0 1 102622 23 0 1000 7000 0 1 1 0 1000 50 35000
0 1014 0 1 102644 22 0 1000 7000 0 1 1 0 1000 50 35000
0 1012 0 1 102667 23 0 1000 7000 0 1 1 0 1000 50 35000
0 1023 0 1 102690 23 0 1000 7000 0 1 1 0 1000 50 35000
0 1010 0 1 102713 23 0 1000 7000 0 1 1 0 1000 50 35000
0 1011 0 1 102735 22 0 1000 7000 0 1 1 0 1000 50 35000
0 1014 0 1 102758 23 0 1000 7000 0 1 1 0 1000 50 35000
0 1001 0 1 102780 22 0 1000 7000 0 1 1 0 1000 50 35000
0 1013 0 1 102803 23 0 1000 7000 0 1 1 0 1000 50 35000
0 1012 0 1 102825 22 0 1000 7000 0 1 1 0 1000 50 35000
0 1005 0 1 102848 23 0 1000 7000 0 1 1 0 1000 50 35000
0 1013 0 1 102871 23 0 1000 7000 0 1 1 0 1000 50 35000
0 1011 0 1 102893 22 0 1000 7000 0 1 1 0 1000 50 35000
0 1010 0 1 102917 24 0 1000 7000 0 1 1 0 1000 50 35000
0 1019 0 1 102939 22 0 1000 7000 0 1 1 0 1000 50 35000
0 1011 0 1 102962 23 0 1000 7000 0 1 1 0 1000 50 35000
0 1012 0 1 102984 22 0 1000 7000 0 1 1 0 1000 50 35000
0 1018 0 1 103007 23 0 1000 7000 0 1 1 0 1000 50 35000
0 1012 0 1 103029 22 0 1000 7000 0 1 1 0 1000 50 35000
0 1012 0 1 103052 23 0 1000 7000 0 1 1 0 1000 50 35000
0 1013 0 1 103074 22 0 1000 7000 0 1 1 0 1000 50 35000
0 1006 0 1 103097 23 0 1000 7000 0 1 1 0 1000 50 35000
0 1015 0 1 103119 22 0 1000 7000 0 1 1 0 1000 50 35000
0 1011 0 1 103143 24 0 1000 7000 0 1 1 0 1000 50 35000
0 1008 0 1 103165 22 0 1000 7000 0 1 1 0 1000 50 35000
0 1013 0 1 103188 23 0 1000 7000 0 1 1 0 1000 50 35000
0 1006 0 1 103211 23 0 1000 7000 0 1 1 0 1000 50 35000
0 1011 0 1 103233 22 0 1000 7000 0 1 1 0 1000 50 35000
0 1020 0 1 103256 23 0 1000 7000 0 1 1 0 1000 50 35000
0 1011 0 1 103278 22 0 1000 7000 0 1 1 0 1000 50 35000
0 1012 0 1 103301 23 0 1000 7000 0 1 1 0 1000 50 35000
0 1016 0 1 103323 22 0 1000 7000 0 1 1 0 1000 50 35000
0 1012 0 1 103346 23 0 1000 7000 0 1 1 0 1000 50 35000
0 1013 0 1 103369 23 0 1000 7000 0 1 1 0 1000 50 35000
0 1012 0 1 103392 23 0 1000 7000 0 1 1 0 1000 50 35000
0 1008 0 1 103414 22 0 1000 7000 0 1 1 0 1000 50 35000
0 1009 0 1 103437 23 0 1000 7000 0 1 1 0 1000 50 35000
0 1011 0 1 103459 22 0 1000 7000 0 1 1 0 1000 50 35000
0 1007 0 1 103482 23 0 1000 7000 0 1 1 0 1000 50 35000
0 1013 0 1 103504 22 0 1000 7000 0 1 1 0 1000 50 35000
0 1010 0 1 103527 23 0 1000 7000 0 1 1 0 1000 50 35000
0 1011 0 1 103549 22 0 1000 7000 0 1 1 0 1000 50 35000
0 1016 0 1 103573 24 0 1000 7000 0 1 1 0 1000 50 35000
0 1010 0 1 103596 23 0 1000 7000 0 1 1 0 1000 50 35000
0 1012 0 1 103618 22 0 1000 7000 0 1 1 0 1000 50 35000
0 1015 0 1 103641 23 0 1000 7000 0 1 1 0 1000 50 35000
0 1011 0 1 103663 22 0 1000 7000 0 1 1 0 1000 50 35000
0 1016 0 1 103686 23 0 1000 7000 0 1 1 0 1000 50 35000
0 1012 0 1 103708 22 0 1000 7000 0 1 1 0 1000 50 35000
0 1008 0 1 103731 23 0 1000 7000 0 1 1 0 1000 50 35000
0 1012 0 1 103753 22 0 1000 7000 0 1 1 0 1000 50 35000
0 1011 0 1 103776 23 0 1000 7000 0 1 1 0 1000 50 35000
0 1010 0 1 103799 23 0 1000 7000 0 1 1 0 1000 50 35000
0 1014 0 1 103822 23 0 1000 7000 0 1 1 0 1000 50 35000
0 1010 0 1 103844 22 0 1000 7000 0 1 1 0 1000 50 35000
0 1012 0 1 103867 23 0 1000 7000 0 1 1 0 1000 50 35000
0 1017 0 1 103889 22 0 1000 7000 0 1 1 0 1000 50 35000
0 1010 0 1 103912 23 0 1000 7000 0 1 1 0 1000 50 35000
0 1012 0 1 103934 22 0 1000 7000 0 1 1 0 1000 50 35000
0 1013 0 1 103957 23 0 1000 7000 0 1 1 0 1000 50 35000
0 1008 0 1 103980 23 0 1000 7000 0 1 1 0 1000 50 35000
0 1013 0 1 104002 22 0 1000 7000 0 1 1 0 1000 50 35000
0 1012 0 1 104026 24 0 1000 7000 0 1 1 0 1000 50 35000
0 1005 0 1 104048 22 0 1000 7000 0 1 1 0 1000 50 35000
0 1013 0 1 104071 23 0 1000 7000 0 1 1 0 1000 50 35000
0 1011 0 1 104093 22 0 1000 7000 0 1 1 0 1000 50 35000
0 1011 0 1 104116 23 0 1000 7000 0 1 1 0 1000 50 35000
0 1017 0 1 104138 22 0 1000 7000 0 1 1 0 1000 50 35000
0 1011 0 1 104161 23 0 1000 7000 0 1 1 0 1000 50 35000
0 1013 0 1 104183 22 0 1000 7000 0 1 1 0 1000 50 35000
0 1019 0 1 104206 23 0 1000 7000 0 1 1 0 1000 50 35000
0 1011 0 1 104229 23 0 1000 7000 0 1 1 0 1000 50 35000
0 1014 0 1 104252 23 0 1000 7000 0 1 1 0 1000 50 35000
0 1012 0 1 104274 22 0 1000 7000 0 1 1 0 1000 50 35000
0 1001 0 1 104297 23 0 1000 7000 0 1 1 0 1000 50 35000
0 1013 0 1 104320 23 0 1000 7000 0 1 1 0 1000 50 35000
0 1011 0 1 104342 22 0 1000 7000 0 1 1 0 1000 50 35000
0 1005 0 1 104365 23 0 1000 7000 0 1 1 0 1000 50 35000
0 1013 0 1 104387 22 0 1000 7000 0 1 1 0 1000 50 35000
0 1009 0 1 104410 23 0 1000 7000 0 1 1 0 1000 50 35000
0 1010 0 1 104432 22 0 1000 7000 0 1 1 0 1000 50 35000
0 1019 0 1 104456 24 0 1000 7000 0 1 1 0 1000 50 35000
0 1011 0 1 104478 22 0 1000 7000 0 1 1 0 1000 50 35000
0 1013 0 1 104501 23 0 1000 7000 0 1 1 0 1000 50 35000
0 1019 0 1 104523 22 0 1000 7000 0 1 1 0 1000 50 35000
0 1012 0 1 104546 23 0 1000 7000 0 1 1 0 1000 50 35000
0 1013 0 1 104568 22 0 1000 7000 0 1 1 0 1000 50 35000
0 1013 0 1 104591 23 0 1000 7000 0 1 1 0 1000 50 35000
0 1007 0 1 104613 22 0 1000 7000 0 1 1 0 1000 50 35000
0 1013 0 1 104636 23 0 1000 7000 0 1 1 0 1000 50 35000
0 1012 0 1 104658 22 0 1000 7000 0 1 1 0 1000 50 35000
0 1007 0 1 104682 24 0 1000 7000 0 1 1 0 1000 50 35000
0 1010 0 1 104705 23 0 1000 7000 0 1 1 0 1000 50 35000
0 1010 0 1 104727 22 0 1000 7000 0 1 1 0 1000 50 35000
0 1012 0 1 104750 23 0 1000 7000 0 1 1 0 1000 50 35000
0 1016 0 1 104772 22 0 1000 7000 0 1 1 0 1000 50 35000
0 1011 0 1 104795 23 0 1000 7000 0 1 1 0 1000 50 35000
0 1012 0 1 104817 22 0 1000 7000 0 1 1 0 1000 50 35000
0 1017 0 1 104840 23 0 1000 7000 0 1 1 0 1000 50 35000
0 1011 0 1 104862 22 0 1000 7000 0 1 1 0 1000 50 35000
0 1014 0 1 104886 24 0 1000 7000 0 1 1 0 1000 50 35000
0 1001 0 1 104908 22 0 1000 7000 0 1 1 0 1000 50 35000
0 1009 0 1 104931 23 0 1000 7000 0 1 1 0 1000 50 35000
0 1012 0 1 104953 22 0 1000 7000 0 1 1 0 1000 50 35000
0 1012 0 1 104976 23 0 1000 7000 0 1 1 0 1000 50 35000
0 1008 0 1 104998 22 0 1000 7000 0 1 1 0 1000 50 35000
0 1015 0 1 105021 23 0 1000 7000 0 1 1 0 1000 50 35000
0 1010 0 1 105043 22 0 1000 7000 0 1 1 0 1000 50 35000
0 1012 0 1 105066 23 0 1000 7000 0 1 1 0 1000 50 35000
0 1014 0 1 105089 23 0 1000 7000 0 1 1 0 1000 50 35000
0 1011 0 1 105112 23 0 1000 7000 0 1 1 0 1000 50 35000
0 1012 0 1 105135 23 0 1000 7000 0 1 1 0 1000 50 35000
0 1013 0 1 105157 22 0 1000 7000 0 1 1 0 1000 50 35000
0 1010 0 1 105180 23 0 1000 7000 0 1 1 0 1000 50 35000
0 1014 0 1 105202 22 0 1000 7000 0 1 1 0 1000 50 35000
0 1010 0 1 105225 23 0 1000 7000 0 1 1 0 1000 50 35000
0 1008 0 1 105247 22 0 1000 7000 0 1 1 0 1000 50 35000
0 1014 0 1 105270 23 0 1000 7000 0 1 1 0 1000 50 35000
0 1011 0 1 105292 22 0 1000 7000 0 1 1 0 1000 50 35000
0 1012 0 1 105315 23 0 1000 7000 0 1 1 0 1000 50 35000
0 1013 0 1 105338 23 0 1000 7000 0 1 1 0 1000 50 35000
0 1011 0 1 105361 23 0 1000 7000 0 1 1 0 1000 50 35000
0 1019 0 1 105383 22 0 1000 7000 0 1 1 0 1000 50 35000
0 1019 0 1 105406 23 0 1000 7000 0 1 1 0 1000 50 35000
0 1011 0 1 105428 22 0 1000 7000 0 1 1 0 1000 50 35000
0 1013 0 1 105451 23 0 1000 7000 0 1 1 0 1000 50 35000
0 1013 0 1 105474 23 0 1000 7000 0 1 1 0 1000 50 35000
0 1007 0 1 105496 22 0 1000 7000 0 1 1 0 1000 50 35000
0 1013 0 1 105519 23 0 1000 7000 0 1 1 0 1000 50 35000
0 1012 0 1 105542 23 0 1000 7000 0 1 1 0 1000 50 35000
0 997 0 1 105565 23 0 1000 7000 0 1 1 0 1000 50 35000
0 1013 0 1 105587 22 0 1000 7000 0 1 1 0 1000 50 35000
0 1011 0 1 105610 23 0 1000 7000 0 1 1 0 1000 50 35000
0 1011 0 1 105632 22 0 1000 7000 0 1 1 0 1000 50 35000
0 1021 0 1 105655 23 0 1000 7000 0 1 1 0 1000 50 35000
0 1011 0 1 105677 22 0 1000 7000 0 1 1 0 1000 50 35000
0 1012 0 1 105700 23 0 1000 7000 0 1 1 0 1000 50 35000
0 1019 0 1 105722 22 0 1000 7000 0 1 1 0 1000 50 35000
0 1011 0 1 105745 23 0 1000 7000 0 1 1 0 1000 50 35000
0 1013 0 1 105767 22 0 1000 7000 0 1 1 0 1000 50 35000
0 1015 0 1 105791 24 0 1000 7000 0 1 1 0 1000 50 35000
0 1002 0 1 105814 23 0 1000 7000 0 1 1 0 1000 50 35000
0 1010 0 1 105836 22 0 1000 7000 0 1 1 0 1000 50 35000
0 1009 0 1 105859 23 0 1000 7000 0 1 1 0 1000 50 35000
0 1005 0 1 105881 22 0 1000 7000 0 1 1 0 1000 50 35000
0 1013 0 1 105904 23 0 1000 7000 0 1 1 0 1000 50 35000
0 1013 0 1 105926 22 0 1000 7000 0 1 1 0 1000 50 35000
0 1012 0 1 105949 23 0 1000 7000 0 1 1 0 1000 50 35000
0 1017 0 1 105971 22 0 1000 7000 0 1 1 0 1000 50 35000
0 1011 0 1 105995 24 0 1000 7000 0 1 1 0 1000 50 35000
0 1010 0 1 106017 22 0 1000 7000 0 1 1 0 1000 50 35000
0 1016 0 1 106040 23 0 1000 7000 0 1 1 0 1000 50 35000
0 1011 0 1 106062 22 0 1000 7000 0 1 1 0 1000 50 35000
0 1014 0 1 106085 23 0 1000 7000 0 1 1 0 1000 50 35000
0 1014 0 1 106107 22 0 1000 7000 0 1 1 0 1000 50 35000
0 1008 0 1 106130 23 0 1000 7000 0 1 1 0 1000 50 35000
0 1013 0 1 106152 22 0 1000 7000 0 1 1 0 1000 50 35000
0 1011 0 1 106175 23 0 1000 7000 0 1 1 0 1000 50 35000
0 1008 0 1 106198 23 0 1000 7000 0 1 1 0 1000 50 35000
0 1013 0 1 106221 23 0 1000 7000 0 1 1 0 1000 50 35000
0 1010 0 1 106244 23 0 1000 7000 0 1 1 0 1000 50 35000
0 1011 0 1 106266 22 0 1000 7000 0 1 1 0 1000 50 35000
0 1016 0 1 106289 23 0 1000 7000 0 1 1 0 1000 50 35000
0 1011 0 1 106311 22 0 1000 7000 0 1 1 0 1000 50 35000
0 1012 0 1 106334 23 0 1000 7000 0 1 1 0 1000 50 35000
0 1014 0 1 106356 22 0 1000 7000 0 1 1 0 1000 50 35000
0 1011 0 1 106379 23 0 1000 7000 0 1 1 0 1000 50 35000
0 1014 0 1 106401 22 0 1000 7000 0 1 1 0 1000 50 35000
0 1021 0 1 106425 24 0 1000 7000 0 1 1 0 1000 50 35000
0 1008 0 1 106447 22 0 1000 7000 0 1 1 0 1000 50 35000
0 1014 0 1 106470 23 0 1000 7000 0 1 1 0 1000 50 35000
0 1011 0 1 106492 22 0 1000 7000 0 1 1 0 1000 50 35000
0 1009 0 1 106515 23 0 1000 7000 0 1 1 0 1000 50 35000
0 1013 0 1 106537 22 0 1000 7000 0 1 1 0 1000 50 35000
0 1011 0 1 106560 23 0 1000 7000 0 1 1 0 1000 50 35000
0 1012 0 1 106583 23 0 1000 7000 0 1 1 0 1000 50 35000
0 1017 0 1 106605 22 0 1000 7000 0 1 1 0 1000 50 35000
0 1012 0 1 106628 23 0 1000 7000 0 1 1 0 1000 50 35000
0 1013 0 1 106651 23 0 1000 7000 0 1 1 0 1000 50 35000
0 1015 0 1 106674 23 0 1000 7000 0 1 1 0 1000 50 35000
0 1009 0 1 106696 22 0 1000 7000 0 1 1 0 1000 50 35000
0 1013 0 1 106719 23 0 1000 7000 0 1 1 0 1000 50 35000
0 1012 0 1 106741 22 0 1000 7000 0 1 1 0 1000 50 35000
0 1006 0 1 106764 23 0 1000 7000 0 1 1 0 1000 50 35000
0 1013 0 1 106786 22 0 1000 7000 0 1 1 0 1000 50 35000
0 1012 0 1 106809 23 0 1000 7000 0 1 1 0 1000 50 35000
0 1011 0 1 106831 22 0 1000 7000 0 1 1 0 1000 50 35000
0 1016 0 1 106854 23 0 1000 7000 0 1 1 0 1000 50 35000
0 1011 0 1 106877 23 0 1000 7000 0 1 1 0 1000 50 35000
0 1012 0 1 106900 23 0 1000 7000 0 1 1 0 1000 50 35000
0 1017 0 1 106923 23 0 1000 7000 0 1 1 0 1000 50 35000
0 1011 0 1 106945 22 0 1000 7000 0 1 1 0 1000 50 35000
0 1017 0 1 106968 23 0 1000 7000 0 1 1 0 1000 50 35000
0 1013 0 1 106990 22 0 1000 7000 0 1 1 0 1000 50 35000
0 1003 0 1 107013 23 0 1000 7000 0 1 1 0 1000 50 35000
0 1011 0 1 107035 22 0 1000 7000 0 1 1 0 1000 50 35000
0 1014 0 1 107058 23 0 1000 7000 0 1 1 0 1000 50 35000
0 1003 0 1 107081 23 0 1000 7000 0 1 1 0 1000 50 35000
0 1014 0 1 107104 23 0 1000 7000 0 1 1 0 1000 50 35000
0 1010 0 1 107126 22 0 1000 7000 0 1 1 0 1000 50 35000
0 1012 0 1 107149 23 0 1000 7000 0 1 1 0 1000 50 35000
0 1018 0 1 107171 22 0 1000 7000 0 1 1 0 1000 50 35000
0 1012 0 1 107194 23 0 1000 7000 0 1 1 0 1000 50 35000
0 1013 0 1 107216 22 0 1000 7000 0 1 1 0 1000 50 35000
0 1015 0 1 107239 23 0 1000 7000 0 1 1 0 1000 50 35000
0 1012 0 1 107261 22 0 1000 7000 0 1 1 0 1000 50 35000
0 1015 0 1 107284 23 0 1000 7000 0 1 1 0 1000 50 35000
0 1014 0 1 107308 24 0 1000 7000 0 1 1 0 1000 50 35000
0 1008 0 1 107330 22 0 1000 7000 0 1 1 0 1000 50 35000
0 1014 0 1 107353 23 0 1000 7000 0 1 1 0 1000 50 35000
0 1012 0 1 107375 22 0 1000 7000 0 1 1 0 1000 50 35000
0 1009 0 1 107398 23 0 1000 7000 0 1 1 0 1000 50 35000
0 1013 0 1 107420 22 0 1000 7000 0 1 1 0 1000 50 35000
0 1012 0 1 107443 23 0 1000 7000 0 1 1 0 1000 50 35000
0 1013 0 1 107465 22 0 1000 7000 0 1 1 0 1000 50 35000
0 1023 0 1 107488 23 0 1000 7000 0 1 1 0 1000 50 35000
0 1012 0 1 107510 22 0 1000 7000 0 1 1 0 1000 50 35000
0 1009 0 1 107534 24 0 1000 7000 0 1 1 0 1000 50 35000
0 1017 0 1 107556 22 0 1000 7000 0 1 1 0 1000 50 35000
0 1015 0 1 107579 23 0 1000 7000 0 1 1 0 1000 50 35000
0 1014 0 1 107601 22 0 1000 7000 0 1 1 0 1000 50 35000
0 1014 0 1 107624 23 0 1000 7000 0 1 1 0 1000 50 35000
0 1003 0 1 107646 22 0 1000 7000 0 1 1 0 1000 50 35000
0 1015 0 1 107669 23 0 1000 7000 0 1 1 0 1000 50 35000
0 1012 0 1 107692 23 0 1000 7000 0 1 1 0 1000 50 35000
0 1009 0 1 107714 22 0 1000 7000 0 1 1 0 1000 50 35000
0 1014 0 1 107738 24 0 1000 7000 0 1 1 0 1000 50 35000
0 1013 0 1 107760 22 0 1000 7000 0 1 1 0 1000 50 35000
0 1013 0 1 107783 23 0 1000 7000 0 1 1 0 1000 50 35000
0 1017 0 1 107805 22 0 1000 7000 0 1 1 0 1000 50 35000
0 1011 0 1 107828 23 0 1000 7000 0 1 1 0 1000 50 35000
0 1013 0 1 107850 22 0 1000 7000 0 1 1 0 1000 50 35000
0 1010 0 1 107873 23 0 1000 7000 0 1 1 0 1000 50 35000
0 1008 0 1 107895 22 0 1000 7000 0 1 1 0 1000 50 35000
0 1015 0 1 107918 23 0 1000 7000 0 1 1 0 1000 50 35000
0 1022 0 1 107940 22 0 1000 7000 0 1 1 0 1000 50 35000
0 1007 0 1 107964 24 0 1000 7000 0 1 1 0 1000 50 35000
0 1014 0 1 107986 22 0 1000 7000 0 1 1 0 1000 50 35000
0 1012 0 1 108009 23 0 1000 7000 0 1 1 0 1000 50 35000
0 1012 0 1 108032 23 0 1000 7000 0 1 1 0 1000 50 35000
0 1014 0 1 108054 22 0 1000 7000 0 1 1 0 1000 50 35000
0 1008 0 1 108077 23 0 1000 7000 0 1 1 0 1000 50 35000
0 1012 0 1 108099 22 0 1000 7000 0 1 1 0 1000 50 35000
0 1019 0 1 108122 23 0 1000 7000 0 1 1 0 1000 50 35000
0 1011 0 1 108144 22 0 1000 7000 0 1 1 0 1000 50 35000
0 1012 0 1 108168 24 0 1000 7000 0 1 1 0 1000 50 35000
0 1013 0 1 108190 22 0 1000 7000 0 1 1 0 1000 50 35000
0 1004 0 1 108213 23 0 1000 7000 0 1 1 0 1000 50 35000
0 1015 0 1 108235 22 0 1000 7000 0 1 1 0 1000 50 35000
0 1013 0 1 108258 23 0 1000 7000 0 1 1 0 1000 50 35000
0 1004 0 1 108280 22 0 1000 7000 0 1 1 0 1000 50 35000
0 1014 0 1 108303 23 0 1000 7000 0 1 1 0 1000 50 35000
0 1011 0 1 108325 22 0 1000 7000 0 1 1 0 1000 50 35000
0 1008 0 1 108348 23 0 1000 7000 0 1 1 0 1000 50 35000
0 1021 0 1 108370 22 0 1000 7000 0 1 1 0 1000 50 35000
0 1013 0 1 108394 24 0 1000 7000 0 1 1 0 1000 50 35000
0 1012 0 1 108417 23 0 1000 7000 0 1 1 0 1000 50 35000
0 1019 0 1 108439 22 0 1000 7000 0 1 1 0 1000 50 35000
0 1011 0 1 108462 23 0 1000 7000 0 1 1 0 1000 50 35000
0 1013 0 1 108484 22 0 1000 7000 0 1 1 0 1000 50 35000
0 1013 0 1 108507 23 0 1000 7000 0 1 1 0 1000 50 35000
0 1007 0 1 108529 22 0 1000 7000 0 1 1 0 1000 50 35000
0 1013 0 1 108552 23 0 1000 7000 0 1 1 0 1000 50 35000
0 1012 0 1 108574 22 0 1000 7000 0 1 1 0 1000 50 35000
0 1008 0 1 108598 24 0 1000 7000 0 1 1 0 1000 50 35000
0 1015 0 1 108620 22 0 1000 7000 0 1 1 0 1000 50 35000
0 1011 0 1 108643 23 0 1000 7000 0 1 1 0 1000 50 35000
0 1013 0 1 108665 22 0 1000 7000 0 1 1 0 1000 50 35000
0 1016 0 1 108688 23 0 1000 7000 0 1 1 0 1000 50 35000
0 1011 0 1 108710 22 0 1000 7000 0 1 1 0 1000 50 35000
0 1013 0 1 108733 23 0 1000 7000 0 1 1 0 1000 50 35000
0 1016 0 1 108755 22 0 1000 7000 0 1 1 0 1000 50 35000
0 1012 0 1 108778 23 0 1000 7000 0 1 1 0 1000 50 35000
0 1015 0 1 108801 23 0 1000 7000 0 1 1 0 1000 50 35000
0 1013 0 1 108824 23 0 1000 7000 0 1 1 0 1000 50 35000
0 1009 0 1 108847 23 0 1000 7000 0 1 1 0 1000 50 35000
0 1014 0 1 108869 22 0 1000 7000 0 1 1 0 1000 50 35000
0 1012 0 1 108892 23 0 1000 7000 0 1 1 0 1000 50 35000
0 1009 0 1 108914 22 0 1000 7000 0 1 1 0 1000 50 35000
0 1014 0 1 108937 23 0 1000 7000 0 1 1 0 1000 50 35000
0 1010 0 1 108959 22 0 1000 7000 0 1 1 0 1000 50 35000
0 1012 0 1 108982 23 0 1000 7000 0 1 1 0 1000 50 35000
0 1017 0 1 109004 22 0 1000 7000 0 1 1 0 1000 50 35000
0 1011 0 1 109027 23 0 1000 7000 0 1 1 0 1000 50 35000
0 1012 0 1 109050 23 0 1000 7000 0 1 1 0 1000 50 35000
0 1016 0 1 109073 23 0 1000 7000 0 1 1 0 1000 50 35000
0 1011 0 1 109095 22 0 1000 7000 0 1 1 0 1000 50 35000
0 1014 0 1 109118 23 0 1000 7000 0 1 1 0 1000 50 35000
0 1015 0 1 109140 22 0 1000 7000 0 1 1 0 1000 50 35000
0 1006 0 1 109163 23 0 1000 7000 0 1 1 0 1000 50 35000
0 1015 0 1 109186 23 0 1000 7000 0 1 1 0 1000 50 35000
0 1012 0 1 109208 22 0 1000 7000 0 1 1 0 1000 50 35000
0 1009 0 1 109231 23 0 1000 7000 0 1 1 0 1000 50 35000
0 1016 0 1 109254 23 0 1000 7000 0 1 1 0 1000 50 35000
0 1009 0 1 109277 23 0 1000 7000 0 1 1 0 1000 50 35000
0 1012 0 1 109299 22 0 1000 7000 0 1 1 0 1000 50 35000
0 1020 0 1 109322 23 0 1000 7000 0 1 1 0 1000 50 35000
0 1011 0 1 109344 22 0 1000 7000 0 1 1 0 1000 50 35000
0 1013 0 1 109367 23 0 1000 7000 0 1 1 0 1000 50 35000
0 1014 0 1 109389 22 0 1000 7000 0 1 1 0 1000 50 35000
0 1009 0 1 109412 23 0 1000 7000 0 1 1 0 1000 50 35000
0 1013 0 1 109434 22 0 1000 7000 0 1 1 0 1000 50 35000
0 1015 0 1 109457 23 0 1000 7000 0 1 1 0 1000 50 35000
0 1003 0 1 109480 23 0 1000 7000 0 1 1 0 1000 50 35000
0 1016 0 1 109503 23 0 1000 7000 0 1 1 0 1000 50 35000
0 1013 0 1 109526 23 0 1000 7000 0 1 1 0 1000 50 35000
0 1008 0 1 109548 22 0 1000 7000 0 1 1 0 1000 50 35000
0 1023 0 1 109571 23 0 1000 7000 0 1 1 0 1000 50 35000
0 1013 0 1 109593 22 0 1000 7000 0 1 1 0 1000 50 35000
0 1010 0 1 109616 23 0 1000 7000 0 1 1 0 1000 50 35000
0 1022 0 1 109638 22 0 1000 7000 0 1 1 0 1000 50 35000
0 1011 0 1 109661 23 0 1000 7000 0 1 1 0 1000 50 35000
0 1012 0 1 109683 22 0 1000 7000 0 1 1 0 1000 50 35000
0 1021 0 1 109707 24 0 1000 7000 0 1 1 0 1000 50 35000
0 1004 0 1 109729 22 0 1000 7000 0 1 1 0 1000 50 35000
0 1013 0 1 109752 23 0 1000 7000 0 1 1 0 1000 50 35000
0 1013 0 1 109774 22 0 1000 7000 0 1 1 0 1000 50 35000
0 1005 0 1 109797 23 0 1000 7000 0 1 1 0 1000 50 35000
0 1014 0 1 109819 22 0 1000 7000 0 1 1 0 1000 50 35000
0 1012 0 1 109842 23 0 1000 7000 0 1 1 0 1000 50 35000
0 1016 0 1 109864 22 0 1000 7000 0 1 1 0 1000 50 35000
0 1015 0 1 109887 23 0 1000 7000 0 1 1 0 1000 50 35000
0 1012 0 1 109911 24 0 1000 7000 0 1 1 0 1000 50 35000
0 1011 0 1 109933 22 0 1000 7000 0 1 1 0 1000 50 35000
0 1014 0 1 109956 23 0 1000 7000 0 1 1 0 1000 50 35000
0 1012 0 1 109978 22 0 1000 7000 0 1 1 0 1000 50 35000
0 1012 0 1 110001 23 0 1000 7000 0 1 1 0 1000 50 35000
0 1013 0 1 110023 22 0 1000 7000 0 1 1 0 1000 50 35000
0 1008 0 1 110046 23 0 1000 7000 0 1 1 0 1000 50 35000
0 1013 0 1 110068 22 0 1000 7000 0 1 1 0 1000 50 35000
0 1013 0 1 110091 23 0 1000 7000 0 1 1 0 1000 50 35000
0 1008 0 1 110113 22 0 1000 7000 0 1 1 0 1000 50 35000
0 1014 0 1 110137 24 0 1000 7000 0 1 1 0 1000 50 35000
0 1011 0 1 110159 22 0 1000 7000 0 1 1 0 1000 50 35000
0 1010 0 1 110182 23 0 1000 7000 0 1 1 0 1000 50 35000
0 1015 0 1 110204 22 0 1000 7000 0 1 1 0 1000 50 35000
0 1012 0 1 110227 23 0 1000 7000 0 1 1 0 1000 50 35000
0 1012 0 1 110249 22 0 1000 7000 0 1 1 0 1000 50 35000
0 1019 0 1 110272 23 0 1000 7000 0 1 1 0 1000 50 35000
0 1011 0 1 110295 23 0 1000 7000 0 1 1 0 1000 50 35000
0 1012 0 1 110317 22 0 1000 7000 0 1 1 0 1000 50 35000
0 1012 0 1 110341 24 0 1000 7000 0 1 1 0 1000 50 35000
0 1008 0 1 110363 22 0 1000 7000 0 1 1 0 1000 50 35000
0 1009 0 1 110386 23 0 1000 7000 0 1 1 0 1000 50 35000
0 1013 0 1 110408 22 0 1000 7000 0 1 1 0 1000 50 35000
0 1008 0 1 110431 23 0 1000 7000 0 1 1 0 1000 50 35000
0 1014 0 1 110453 22 0 1000 7000 0 1 1 0 1000 50 35000
0 1012 0 1 110476 23 0 1000 7000 0 1 1 0 1000 50 35000
0 1010 0 1 110498 22 0 1000 7000 0 1 1 0 1000 50 35000
0 1018 0 1 110521 23 0 1000 7000 0 1 1 0 1000 50 35000
0 1012 0 1 110543 22 0 1000 7000 0 1 1 0 1000 50 35000
0 1013 0 1 110567 24 0 1000 7000 0 1 1 0 1000 50 35000
0 1014 0 1 110589 22 0 1000 7000 0 1 1 0 1000 50 35000
0 1011 0 1 110612 23 0 1000 7000 0 1 1 0 1000 50 35000
0 1012 0 1 110635 23 0 1000 7000 0 1 1 0 1000 50 35000
0 1015 0 1 110657 22 0 1000 7000 0 1 1 0 1000 50 35000
0 1005 0 1 110680 23 0 1000 7000 0 1 1 0 1000 50 35000
0 1013 0 1 110702 22 0 1000 7000 0 1 1 0 1000 50 35000
0 1011 0 1 110725 23 0 1000 7000 0 1 1 0 1000 50 35000
0 1010 0 1 110747 22 0 1000 7000 0 1 1 0 1000 50 35000
0 1015 0 1 110770 23 0 1000 7000 0 1 1 0 1000 50 35000
0 1012 0 1 110793 23 0 1000 7000 0 1 1 0 1000 50 35000
0 1013 0 1 110816 23 0 1000 7000 0 1 1 0 1000 50 35000
0 1016 0 1 110838 22 0 1000 7000 0 1 1 0 1000 50 35000
0 1012 0 1 110861 23 0 1000 7000 0 1 1 0 1000 50 35000
0 1013 0 1 110883 22 0 1000 7000 0 1 1 0 1000 50 35000
0 1013 0 1 110906 23 0 1000 7000 0 1 1 0 1000 50 35000
0 1007 0 1 110928 22 0 1000 7000 0 1 1 0 1000 50 35000
0 1013 0 1 110951 23 0 1000 7000 0 1 1 0 1000 50 35000
0 1012 0 1 110973 22 0 1000 7000 0 1 1 0 1000 50 35000
0 1007 0 1 110997 24 0 1000 7000 0 1 1 0 1000 50 35000
0 1012 0 1 111020 23 0 1000 7000 0 1 1 0 1000 50 35000
0 1013 0 1 111042 22 0 1000 7000 0 1 1 0 1000 50 35000
0 1011 0 1 111065 23 0 1000 7000 0 1 1 0 1000 50 35000
0 1020 0 1 111087 22 0 1000 7000 0 1 1 0 1000 50 35000
0 1013 0 1 111110 23 0 1000 7000 0 1 1 0 1000 50 35000
0 1011 0 1 111132 22 0 1000 7000 0 1 1 0 1000 50 35000
0 1022 0 1 111155 23 0 1000 7000 0 1 1 0 1000 50 35000
0 1012 0 1 111177 22 0 1000 7000 0 1 1 0 1000 50 35000
0 1014 0 1 111200 23 0 1000 7000 0 1 1 0 1000 50 35000
0 1015 0 1 111223 23 0 1000 7000 0 1 1 0 1000 50 35000
0 1008 0 1 111246 23 0 1000 7000 0 1 1 0 1000 50 35000
0 1013 0 1 111268 22 0 1000 7000 0 1 1 0 1000 50 35000
0 1013 0 1 111291 23 0 1000 7000 0 1 1 0 1000 50 35000
0 1009 0 1 111313 22 0 1000 7000 0 1 1 0 1000 50 35000
0 1013 0 1 111336 23 0 1000 7000 0 1 1 0 1000 50 35000
0 1012 0 1 111358 22 0 1000 7000 0 1 1 0 1000 50 35000
0 1011 0 1 111381 23 0 1000 7000 0 1 1 0 1000 50 35000
0 1016 0 1 111404 23 0 1000 7000 0 1 1 0 1000 50 35000
0 1012 0 1 111427 23 0 1000 7000 0 1 1 0 1000 50 35000
0 1012 0 1 111450 23 0 1000 7000 0 1 1 0 1000 50 35000
0 1016 0 1 111472 22 0 1000 7000 0 1 1 0 1000 50 35000
0 1012 0 1 111495 23 0 1000 7000 0 1 1 0 1000 50 35000
0 1014 0 1 111517 22 0 1000 7000 0 1 1 0 1000 50 35000
0 1014 0 1 111540 23 0 1000 7000 0 1 1 0 1000 50 35000
0 1010 0 1 111562 22 0 1000 7000 0 1 1 0 1000 50 35000
0 1014 0 1 111585 23 0 1000 7000 0 1 1 0 1000 50 35000
0 1013 0 1 111607 22 0 1000 7000 0 1 1 0 1000 50 35000
0 1009 0 1 111630 23 0 1000 7000 0 1 1 0 1000 50 35000
0 1013 0 1 111653 23 0 1000 7000 0 1 1 0 1000 50 35000
0 1013 0 1 111676 23 0 1000 7000 0 1 1 0 1000 50 35000
0 1011 0 1 111698 22 0 1000 7000 0 1 1 0 1000 50 35000
0 1022 0 1 111721 23 0 1000 7000 0 1 1 0 1000 50 35000
0 1012 0 1 111744 23 0 1000 7000 0 1 1 0 1000 50 35000
0 1012 0 1 111766 22 0 1000 7000 0 1 1 0 1000 50 35000
0 1015 0 1 111789 23 0 1000 7000 0 1 1 0 1000 50 35000
0 1012 0 1 111811 22 0 1000 7000 0 1 1 0 1000 50 35000
0 1015 0 1 111834 23 0 1000 7000 0 1 1 0 1000 50 35000
0 1015 0 1 111856 22 0 1000 7000 0 1 1 0 1000 50 35000
0 1007 0 1 111880 24 0 1000 7000 0 1 1 0 1000 50 35000
0 1014 0 1 111902 22 0 1000 7000 0 1 1 0 1000 50 35000
0 1013 0 1 111925 23 0 1000 7000 0 1 1 0 1000 50 35000
0 1010 0 1 111947 22 0 1000 7000 0 1 1 0 1000 50 35000
0 1016 0 1 111970 23 0 1000 7000 0 1 1 0 1000 50 35000
0 1011 0 1 111992 22 0 1000 7000 0 1 1 0 1000 50 35000
0 1010 0 1 112015 23 0 1000 7000 0 1 1 0 1000 50 35000
0 1020 0 1 112037 22 0 1000 7000 0 1 1 0 1000 50 35000
0 1011 0 1 112060 23 0 1000 7000 0 1 1 0 1000 50 35000
0 1013 0 1 112083 23 0 1000 7000 0 1 1 0 1000 50 35000
0 1013 0 1 112106 23 0 1000 7000 0 1 1 0 1000 50 35000
0 1009 0 1 112129 23 0 1000 7000 0 1 1 0 1000 50 35000
0 1012 0 1 112151 22 0 1000 7000 0 1 1 0 1000 50 35000
0 1015 0 1 112174 23 0 1000 7000 0 1 1 0 1000 50 35000
0 1003 0 1 112196 22 0 1000 7000 0 1 1 0 1000 50 35000
0 1013 0 1 112219 23 0 1000 7000 0 1 1 0 1000 50 35000
0 1014 0 1 112241 22 0 1000 7000 0 1 1 0 1000 50 35000
0 1007 0 1 112264 23 0 1000 7000 0 1 1 0 1000 50 35000
0 1023 0 1 112286 22 0 1000 7000 0 1 1 0 1000 50 35000
0 1015 0 1 112310 24 0 1000 7000 0 1 1 0 1000 50 35000
0 1009 0 1 112332 22 0 1000 7000 0 1 1 0 1000 50 35000
0 1023 0 1 112355 23 0 1000 7000 0 1 1 0 1000 50 35000
0 1011 0 1 112377 22 0 1000 7000 0 1 1 0 1000 50 35000
0 1010 0 1 112400 23 0 1000 7000 0 1 1 0 1000 50 35000
0 1015 0 1 112422 22 0 1000 7000 0 1 1 0 1000 50 35000
0 1000 0 1 112445 23 0 1000 7000 0 1 1 0 1000 50 35000
0 1012 0 1 112467 22 0 1000 7000 0 1 1 0 1000 50 35000
0 1015 0 1 112490 23 0 1000 7000 0 1 1 0 1000 50 35000
0 1003 0 1 112514 24 0 1000 7000 0 1 1 0 1000 50 35000
0 1013 0 1 112536 22 0 1000 7000 0 1 1 0 1000 50 35000
0 1014 0 1 112559 23 0 1000 7000 0 1 1 0 1000 50 35000
0 1005 0 1 112581 22 0 1000 7000 0 1 1 0 1000 50 35000
0 1018 0 1 112604 23 0 1000 7000 0 1 1 0 1000 50 35000
0 1012 0 1 112626 22 0 1000 7000 0 1 1 0 1000 50 35000
0 1012 0 1 112649 23 0 1000 7000 0 1 1 0 1000 50 35000
0 1018 0 1 112671 22 0 1000 7000 0 1 1 0 1000 50 35000
0 1013 0 1 112694 23 0 1000 7000 0 1 1 0 1000 50 35000
0 1013 0 1 112716 22 0 1000 7000 0 1 1 0 1000 50 35000
0 1017 0 1 112740 24 0 1000 7000 0 1 1 0 1000 50 35000
0 1007 0 1 112762 22 0 1000 7000 0 1 1 0 1000 50 35000
0 1013 0 1 112785 23 0 1000 7000 0 1 1 0 1000 50 35000
0 1016 0 1 112807 22 0 1000 7000 0 1 1 0 1000 50 35000
0 1003 0 1 112830 23 0 1000 7000 0 1 1 0 1000 50 35000
0 1014 0 1 112852 22 0 1000 7000 0 1 1 0 1000 50 35000
0 1013 0 1 112875 23 0 1000 7000 0 1 1 0 1000 50 35000
0 1008 0 1 112898 23 0 1000 7000 0 1 1 0 1000 50 35000
0 1018 0 1 112920 22 0 1000 7000 0 1 1 0 1000 50 35000
0 1012 0 1 112943 23 0 1000 7000 0 1 1 0 1000 50 35000
0 1010 0 1 112966 23 0 1000 7000 0 1 1 0 1000 50 35000
0 1022 0 1 112989 23 0 1000 7000 0 1 1 0 1000 50 35000
0 1012 0 1 113011 22 0 1000 7000 0 1 1 0 1000 50 35000
0 1013 0 1 113034 23 0 1000 7000 0 1 1 0 1000 50 35000
0 1016 0 1 113056 22 0 1000 7000 0 1 1 0 1000 50 35000
0 1006 0 1 113079 23 0 1000 7000 0 1 1 0 1000 50 35000
0 1013 0 1 113101 22 0 1000 7000 0 1 1 0 1000 50 35000
0 1015 0 1 113124 23 0 1000 7000 0 1 1 0 1000 50 35000
0 1008 0 1 113146 22 0 1000 7000 0 1 1 0 1000 50 35000
0 1014 0 1 113170 24 0 1000 7000 0 1 1 0 1000 50 35000
0 1012 0 1 113192 22 0 1000 7000 0 1 1 0 1000 50 35000
0 1011 0 1 113215 23 0 1000 7000 0 1 1 0 1000 50 35000
0 1023 0 1 113238 23 0 1000 7000 0 1 1 0 1000 50 35000
0 1012 0 1 113260 22 0 1000 7000 0 1 1 0 1000 50 35000
0 1011 0 1 113283 23 0 1000 7000 0 1 1 0 1000 50 35000
0 1020 0 1 113305 22 0 1000 7000 0 1 1 0 1000 50 35000
0 1010 0 1 113328 23 0 1000 7000 0 1 1 0 1000 50 35000
0 1013 0 1 113350 22 0 1000 7000 0 1 1 0 1000 50 35000
0 1006 0 1 113373 23 0 1000 7000 0 1 1 0 1000 50 35000
0 1003 0 1 113396 23 0 1000 7000 0 1 1 0 1000 50 35000
0 1013 0 1 113419 23 0 1000 7000 0 1 1 0 1000 50 35000
0 1014 0 1 113441 22 0 1000 7000 0 1 1 0 1000 50 35000
0 1009 0 1 113464 23 0 1000 7000 0 1 1 0 1000 50 35000
0 1014 0 1 113486 22 0 1000 7000 0 1 1 0 1000 50 35000
0 1006 0 1 113509 23 0 1000 7000 0 1 1 0 1000 50 35000
0 1002 0 1 113531 22 0 1000 7000 0 1 1 0 1000 50 35000
0 1023 0 1 113554 23 0 1000 7000 0 1 1 0 1000 50 35000
0 1013 0 1 113576 22 0 1000 7000 0 1 1 0 1000 50 35000
0 1011 0 1 113599 23 0 1000 7000 0 1 1 0 1000 50 35000
0 1016 0 1 113623 24 0 1000 7000 0 1 1 0 1000 50 35000
0 1001 0 1 113645 22 0 1000 7000 0 1 1 0 1000 50 35000
0 1012 0 1 113668 23 0 1000 7000 0 1 1 0 1000 50 35000
0 1016 0 1 113690 22 0 1000 7000 0 1 1 0 1000 50 35000
0 1002 0 1 113713 23 0 1000 7000 0 1 1 0 1000 50 35000
0 1012 0 1 113735 22 0 1000 7000 0 1 1 0 1000 50 35000
0 1010 0 1 113758 23 0 1000 7000 0 1 1 0 1000 50 35000
0 1008 0 1 113780 22 0 1000 7000 0 1 1 0 1000 50 35000
0 1023 0 1 113803 23 0 1000 7000 0 1 1 0 1000 50 35000
0 1013 0 1 113826 23 0 1000 7000 0 1 1 0 1000 50 35000
0 1010 0 1 113849 23 0 1000 7000 0 1 1 0 1000 50 35000
0 1022 0 1 113871 22 0 1000 7000 0 1 1 0 1000 50 35000
0 1010 0 1 113894 23 0 1000 7000 0 1 1 0 1000 50 35000
0 1013 0 1 113916 22 0 1000 7000 0 1 1 0 1000 50 35000
0 1015 0 1 113939 23 0 1000 7000 0 1 1 0 1000 50 35000
0 1008 0 1 113961 22 0 1000 7000 0 1 1 0 1000 50 35000
0 1013 0 1 113984 23 0 1000 7000 0 1 1 0 1000 50 35000
0 1014 0 1 114007 23 0 1000 7000 0 1 1 0 1000 50 35000
0 1006 0 1 114029 22 0 1000 7000 0 1 1 0 1000 50 35000
0 1014 0 1 114053 24 0 1000 7000 0 1 1 0 1000 50 35000
0 1006 0 1 114075 22 0 1000 7000 0 1 1 0 1000 50 35000
0 991 0 1 114098 23 0 1000 7000 0 1 1 0 1000 50 35000
0 1023 0 1 114120 22 0 1000 7000 0 1 1 0 1000 50 35000
0 1002 0 1 114143 23 0 1000 7000 0 1 1 0 1000 50 35000
0 1009 0 1 114165 22 0 1000 7000 0 1 1 0 1000 50 35000
0 1023 0 1 114188 23 0 1000 7000 0 1 1 0 1000 50 35000
0 1005 0 1 114210 22 0 1000 7000 0 1 1 0 1000 50 35000
0 1021 0 1 114233 23 0 1000 7000 0 1 1 0 1000 50 35000
0 1023 0 1 114255 22 0 1000 7000 0 1 1 0 1000 50 35000
0 1001 0 1 114279 24 0 1000 7000 0 1 1 0 1000 50 35000
0 1014 0 1 114301 22 0 1000 7000 0 1 1 0 1000 50 35000
0 1013 0 1 114324 23 0 1000 7000 0 1 1 0 1000 50 35000
0 1007 0 1 114347 23 0 1000 7000 0 1 1 0 1000 50 35000
0 1014 0 1 114369 22 0 1000 7000 0 1 1 0 1000 50 35000
0 1011 0 1 114392 23 0 1000 7000 0 1 1 0 1000 50 35000
0 1012 0 1 114414 22 0 1000 7000 0 1 1 0 1000 50 35000
0 1016 0 1 114437 23 0 1000 7000 0 1 1 0 1000 50 35000
0 1008 0 1 114459 22 0 1000 7000 0 1 1 0 1000 50 35000
0 1011 0 1 114483 24 0 1000 7000 0 1 1 0 1000 50 35000
0 1016 0 1 114505 22 0 1000 7000 0 1 1 0 1000 50 35000
0 1011 0 1 114528 23 0 1000 7000 0 1 1 0 1000 50 35000
0 1014 0 1 114550 22 0 1000 7000 0 1 1 0 1000 50 35000
0 1014 0 1 114573 23 0 1000 7000 0 1 1 0 1000 50 35000
0 959 0 1 114595 22 0 1000 7000 0 1 1 0 1000 50 35000
0 1020 0 1 114618 23 0 1000 7000 0 1 1 0 1000 50 35000
0 1014 0 1 114640 22 0 1000 7000 0 1 1 0 1000 50 35000
0 968 0 1 114663 23 0 1000 7000 0 1 1 0 1000 50 35000
0 14 0 1 114685 22 0 1000 7000 0 1 1 0 1000 50 35000
1 14 1 1 114708 23 0 978 7000 0 1 1 0 1000 50 35000
1 16 1 1 114731 23 0 955 7000 0 1 1 0 1000 50 35000
1 21 1 1 114753 22 0 932 7000 0 1 1 0 1000 50 35000
1 16 1 1 114776 23 0 910 7000 0 1 1 0 1000 50 35000
1 16 1 1 114798 22 0 887 7000 0 1 1 0 1000 50 35000
1 15 1 1 114821 23 0 865 7000 0 1 1 0 1000 50 35000
1 16 1 1 114843 22 0 842 7000 0 1 1 0 1000 50 35000
1 17 1 1 114866 23 0 820 7000 0 1 1 0 1000 50 35000
1 16 1 1 114888 22 0 797 7000 0 1 1 0 1000 50 35000
1 16 1 1 114911 23 0 775 7000 0 1 1 0 1000 50 35000
1 16 1 1 114933 22 0 752 7000 0 1 1 0 1000 50 35000
1 16 1 1 114956 23 0 730 7000 0 1 1 0 1000 50 35000
1 16 1 1 114978 22 0 707 7000 0 1 1 0 1000 50 35000
1 17 1 1 115001 23 0 685 7000 0 1 1 0 1000 50 35000
1 23 1 1 115023 22 0 662 7000 0 1 1 0 1000 50 35000
1 18 1 1 115046 23 0 640 7000 0 1 1 0 1000 50 35000
1 22 1 1 115068 22 0 617 7000 0 1 1 0 1000 50 35000
1 60 1 1 115091 23 0 595 7000 0 1 1 0 1000 50 35000
1 102 1 1 115113 22 0 572 7000 0 1 1 0 1000 50 35000
1 20 1 1 115136 23 0 550 7000 0 1 1 0 1000 50 35000
1 32 1 1 115159 23 0 527 7000 0 1 1 0 1000 50 35000
1 22 1 1 115181 22 0 504 7000 0 1 1 0 1000 50 35000
1 34 1 1 115204 23 0 482 7000 0 1 1 0 1000 50 35000
1 17 1 1 115226 22 0 459 7000 0 1 1 0 1000 50 35000
1 15 1 1 115249 23 0 437 7000 0 1 1 0 1000 50 35000
1 15 1 1 115271 22 0 414 7000 0 1 1 0 1000 50 35000
1 15 1 1 115294 23 0 392 7000 0 1 1 0 1000 50 35000
1 15 1 1 115316 22 0 369 7000 0 1 1 0 1000 50 35000
1 16 1 1 115339 23 0 347 7000 0 1 1 0 1000 50 35000
1 16 1 1 115361 22 0 324 7000 0 1 1 0 1000 50 35000
1 16 1 1 115384 23 0 302 7000 0 1 1 0 1000 50 35000
1 16 1 1 115406 22 0 279 7000 0 1 1 0 1000 50 35000
1 17 1 1 115429 23 0 257 7000 0 1 1 0 1000 50 35000
1 18 1 1 115451 22 0 234 7000 0 1 1 0 1000 50 35000
1 19 1 1 115474 23 0 212 7000 0 1 1 0 1000 50 35000
1 20 1 1 115496 22 0 189 7000 0 1 1 0 1000 50 35000
1 57 1 1 115519 23 0 167 7000 0 1 1 0 1000 50 35000
1 67 1 1 115542 23 0 144 7000 0 1 1 0 1000 50 35000
1 43 1 1 115564 22 0 121 7000 0 1 1 0 1000 50 35000
1 34 1 1 115587 23 0 99 7000 0 1 1 0 1000 50 35000
1 33 1 1 115609 22 0 76 7000 0 1 1 0 1000 50 35000
1 32 1 1 115632 23 0 54 7000 0 1 1 0 1000 50 35000
1 26 1 1 115654 22 0 31 7000 0 1 1 0 1000 50 35000
1 30 1 1 115677 23 0 9 7000 0 1 1 0 1000 50 35000
1 43 1 1 115699 22 0 -14 7000 0 1 1 0 1000 50 35000
1 95 1 2 115722 23 0 -14 7000 0 1 1 0 1000 50 35000
1 44 1 2 115744 22 0 -14 6977 0 1 1 0 1000 50 35000
1 60 1 2 115767 23 0 -14 6955 0 1 1 0 1000 50 35000
1 65 1 2 115789 22 0 -14 6932 0 1 1 0 1000 50 35000
1 74 1 2 115812 23 0 -14 6910 0 1 1 0 1000 50 35000
1 85 1 2 115834 22 0 -14 6887 0 1 1 0 1000 50 35000
1 65 1 2 115857 23 0 -14 6865 0 1 1 0 1000 50 35000
1 31 1 2 115879 22 0 -14 6842 0 1 1 0 1000 50 35000
1 32 1 2 115902 23 0 -14 6820 0 1 1 0 1000 50 35000
1 35 1 2 115924 22 0 -14 6797 0 1 1 0 1000 50 35000
1 35 1 2 115946 22 0 -14 6775 0 1 1 0 1000 50 35000
1 35 1 2 115969 23 0 -14 6753 0 1 1 0 1000 50 35000
1 74 1 2 115991 22 0 -14 6730 0 1 1 0 1000 50 35000
1 18 1 2 116014 23 0 -14 6708 0 1 1 0 1000 50 35000
1 20 1 2 116036 22 0 -14 6685 0 1 1 0 1000 50 35000
1 20 1 2 116059 23 0 -14 6663 0 1 1 0 1000 50 35000
1 20 1 2 116081 22 0 -14 6640 0 1 1 0 1000 50 35000
1 20 1 2 116104 23 0 -14 6618 0 1 1 0 1000 50 35000
1 20 1 2 116126 22 0 -14 6595 0 1 1 0 1000 50 35000
1 20 1 2 116149 23 0 -14 6573 0 1 1 0 1000 50 35000
1 22 1 2 116171 22 0 -14 6550 0 1 1 0 1000 50 35000
1 24 1 2 116194 23 0 -14 6528 0 1 1 0 1000 50 35000
1 25 1 2 116216 22 0 -14 6505 0 1 1 0 1000 50 35000
1 29 1 2 116239 23 0 -14 6483 0 1 1 0 1000 50 35000
1 20 1 2 116261 22 0 -14 6460 0 1 1 0 1000 50 35000
1 17 1 2 116284 23 0 -14 6438 0 1 1 0 1000 50 35000
1 16 1 2 116306 22 0 -14 6415 0 1 1 0 1000 50 35000
1 16 1 2 116329 23 0 -14 6393 0 1 1 0 1000 50 35000
1 16 1 2 116352 23 0 -14 6370 0 1 1 0 1000 50 35000
1 16 1 2 116374 22 0 -14 6347 0 1 1 0 1000 50 35000
1 16 1 2 116397 23 0 -14 6325 0 1 1 0 1000 50 35000
1 16 1 2 116419 22 0 -14 6302 0 1 1 0 1000 50 35000
1 16 1 2 116442 23 0 -14 6280 0 1 1 0 1000 50 35000
1 16 1 2 116464 22 0 -14 6257 0 1 1 0 1000 50 35000
1 16 1 2 116487 23 0 -14 6235 0 1 1 0 1000 50 35000
1 16 1 2 116509 22 0 -14 6212 0 1 1 0 1000 50 35000
1 16 1 2 116532 23 0 -14 6190 0 1 1 0 1000 50 35000
1 16 1 2 116554 22 0 -14 6167 0 1 1 0 1000 50 35000
1 16 1 2 116577 23 0 -14 6145 0 1 1 0 1000 50 35000
1 16 1 2 116599 22 0 -14 6122 0 1 1 0 1000 50 35000
1 16 1 2 116622 23 0 -14 6100 0 1 1 0 1000 50 35000
1 16 1 2 116644 22 0 -14 6077 0 1 1 0 1000 50 35000
1 16 1 2 116667 23 0 -14 6055 0 1 1 0 1000 50 35000
1 16 1 2 116688 21 0 -14 6032 0 1 1 0 1000 50 35000
1 16 1 2 116711 23 0 -14 6011 0 1 1 0 1000 50 35000
1 16 1 2 116733 22 0 -14 5988 0 1 1 0 1000 50 35000
1 16 1 2 116756 23 0 -14 5966 0 1 1 0 1000 50 35000
1 16 1 2 116779 23 0 -14 5943 0 1 1 0 1000 50 35000
1 16 1 2 116801 22 0 -14 5920 0 1 1 0 1000 50 35000
1 16 1 2 116824 23 0 -14 5898 0 1 1 0 1000 50 35000
1 16 1 2 116846 22 0 -14 5875 0 1 1 0 1000 50 35000
1 16 1 2 116869 23 0 -14 5853 0 1 1 0 1000 50 35000
1 16 1 2 116891 22 0 -14 5830 0 1 1 0 1000 50 35000
1 16 1 2 116914 23 0 -14 5808 0 1 1 0 1000 50 35000
1 16 1 2 116936 22 0 -14 5785 0 1 1 0 1000 50 35000
1 16 1 2 116959 23 0 -14 5763 0 1 1 0 1000 50 35000
1 16 1 2 116981 22 0 -14 5740 0 1 1 0 1000 50 35000
1 16 1 2 117004 23 0 -14 5718 0 1 1 0 1000 50 35000
1 16 1 2 117026 22 0 -14 5695 0 1 1 0 1000 50 35000
1 16 1 2 117049 23 0 -14 5673 0 1 1 0 1000 50 35000
1 16 1 2 117071 22 0 -14 5650 0 1 1 0 1000 50 35000
1 15 1 2 117094 23 0 -14 5628 0 1 1 0 1000 50 35000
1 15 1 2 117116 22 0 -14 5605 0 1 1 0 1000 50 35000
1 15 1 2 117139 23 0 -14 5583 0 1 1 0 1000 50 35000
1 15 1 2 117161 22 0 -14 5560 0 1 1 0 1000 50 35000
1 16 1 2 117184 23 0 -14 5538 0 1 1 0 1000 50 35000
1 16 1 2 117207 23 0 -14 5515 0 1 1 0 1000 50 35000
1 16 1 2 117229 22 0 -14 5492 0 1 1 0 1000 50 35000
1 16 1 2 117252 23 0 -14 5470 0 1 1 0 1000 50 35000
1 16 1 2 117274 22 0 -14 5447 0 1 1 0 1000 50 35000
1 16 1 2 117297 23 0 -14 5425 0 1 1 0 1000 50 35000
1 16 1 2 117319 22 0 -14 5402 0 1 1 0 1000 50 35000
1 16 1 2 117342 23 0 -14 5380 0 1 1 0 1000 50 35000
1 16 1 2 117364 22 0 -14 5357 0 1 1 0 1000 50 35000
1 16 1 2 117387 23 0 -14 5335 0 1 1 0 1000 50 35000
1 16 1 2 117409 22 0 -14 5312 0 1 1 0 1000 50 35000
1 16 1 2 117432 23 0 -14 5290 0 1 1 0 1000 50 35000
1 16 1 2 117453 21 0 -14 5267 0 1 1 0 1000 50 35000
1 16 1 2 117476 23 0 -14 5246 0 1 1 0 1000 50 35000
1 16 1 2 117498 22 0 -14 5223 0 1 1 0 1000 50 35000
1 16 1 2 117521 23 0 -14 5201 0 1 1 0 1000 50 35000
1 16 1 2 117543 22 0 -14 5178 0 1 1 0 1000 50 35000
1 16 1 2 117566 23 0 -14 5156 0 1 1 0 1000 50 35000
1 16 1 2 117588 22 0 -14 5133 0 1 1 0 1000 50 35000
1 16 1 2 117611 23 0 -14 5111 0 1 1 0 1000 50 35000
1 15 1 2 117634 23 0 -14 5088 0 1 1 0 1000 50 35000
1 16 1 2 117656 22 0 -14 5065 0 1 1 0 1000 50 35000
1 15 1 2 117679 23 0 -14 5043 0 1 1 0 1000 50 35000
1 15 1 2 117701 22 0 -14 5020 0 1 1 0 1000 50 35000
1 16 1 2 117724 23 0 -14 4998 0 1 1 0 1000 50 35000
1 16 1 2 117746 22 0 -14 4975 0 1 1 0 1000 50 35000
1 16 1 2 117769 23 0 -14 4953 0 1 1 0 1000 50 35000
1 16 1 2 117791 22 0 -14 4930 0 1 1 0 1000 50 35000
1 15 1 2 117814 23 0 -14 4908 0 1 1 0 1000 50 35000
1 15 1 2 117836 22 0 -14 4885 0 1 1 0 1000 50 35000
1 15 1 2 117859 23 0 -14 4863 0 1 1 0 1000 50 35000
1 15 1 2 117881 22 0 -14 4840 0 1 1 0 1000 50 35000
1 15 1 2 117904 23 0 -14 4818 0 1 1 0 1000 50 35000
1 15 1 2 117926 22 0 -14 4795 0 1 1 0 1000 50 35000
1 16 1 2 117949 23 0 -14 4773 0 1 1 0 1000 50 35000
1 15 1 2 117971 22 0 -14 4750 0 1 1 0 1000 50 35000
1 15 1 2 117994 23 0 -14 4728 0 1 1 0 1000 50 35000
1 15 1 2 118017 23 0 -14 4705 0 1 1 0 1000 50 35000
1 15 1 2 118039 22 0 -14 4682 0 1 1 0 1000 50 35000
1 15 1 2 118062 23 0 -14 4660 0 1 1 0 1000 50 35000
1 15 1 2 118084 22 0 -14 4637 0 1 1 0 1000 50 35000
1 15 1 2 118107 23 0 -14 4615 0 1 1 0 1000 50 35000
1 15 1 2 118129 22 0 -14 4592 0 1 1 0 1000 50 35000
1 15 1 2 118152 23 0 -14 4570 0 1 1 0 1000 50 35000
1 15 1 2 118174 22 0 -14 4547 0 1 1 0 1000 50 35000
1 15 1 2 118196 22 0 -14 4525 0 1 1 0 1000 50 35000
1 15 1 2 118218 22 0 -14 4503 0 1 1 0 1000 50 35000
1 15 1 2 118241 23 0 -14 4481 0 1 1 0 1000 50 35000
1 15 1 2 118263 22 0 -14 4458 0 1 1 0 1000 50 35000
1 15 1 2 118286 23 0 -14 4436 0 1 1 0 1000 50 35000
1 15 1 2 118308 22 0 -14 4413 0 1 1 0 1000 50 35000
1 15 1 2 118331 23 0 -14 4391 0 1 1 0 1000 50 35000
1 15 1 2 118353 22 0 -14 4368 0 1 1 0 1000 50 35000
1 15 1 2 118376 23 0 -14 4346 0 1 1 0 1000 50 35000
1 16 1 2 118398 22 0 -14 4323 0 1 1 0 1000 50 35000
1 16 1 2 118421 23 0 -14 4301 0 1 1 0 1000 50 35000
1 15 1 2 118444 23 0 -14 4278 0 1 1 0 1000 50 35000
1 16 1 2 118466 22 0 -14 4255 0 1 1 0 1000 50 35000
1 15 1 2 118489 23 0 -14 4233 0 1 1 0 1000 50 35000
1 16 1 2 118511 22 0 -14 4210 0 1 1 0 1000 50 35000
1 15 1 2 118534 23 0 -14 4188 0 1 1 0 1000 50 35000
1 15 1 2 118556 22 0 -14 4165 0 1 1 0 1000 50 35000
1 15 1 2 118579 23 0 -14 4143 0 1 1 0 1000 50 35000
1 15 1 2 118601 22 0 -14 4120 0 1 1 0 1000 50 35000
1 15 1 2 118624 23 0 -14 4098 0 1 1 0 1000 50 35000
1 15 1 2 118646 22 0 -14 4075 0 1 1 0 1000 50 35000
1 15 1 2 118669 23 0 -14 4053 0 1 1 0 1000 50 35000
1 15 1 2 118691 22 0 -14 4030 0 1 1 0 1000 50 35000
1 15 1 2 118714 23 0 -14 4008 0 1 1 0 1000 50 35000
1 15 1 2 118736 22 0 -14 3985 0 1 1 0 1000 50 35000
1 15 1 2 118759 23 0 -14 3963 0 1 1 0 1000 50 35000
1 15 1 2 118781 22 0 -14 3940 0 1 1 0 1000 50 35000
1 15 1 2 118804 23 0 -14 3918 0 1 1 0 1000 50 35000
1 15 1 2 118827 23 0 -14 3895 0 1 1 0 1000 50 35000
1 15 1 2 118849 22 0 -14 3872 0 1 1 0 1000 50 35000
1 15 1 2 118872 23 0 -14 3850 0 1 1 0 1000 50 35000
1 15 1 2 118894 22 0 -14 3827 0 1 1 0 1000 50 35000
1 15 1 2 118917 23 0 -14 3805 0 1 1 0 1000 50 35000
1 15 1 2 118939 22 0 -14 3782 0 1 1 0 1000 50 35000
1 15 1 2 118961 22 0 -14 3760 0 1 1 0 1000 50 35000
1 15 1 2 118983 22 0 -14 3738 0 1 1 0 1000 50 35000
1 15 1 2 119006 23 0 -14 3716 0 1 1 0 1000 50 35000
1 15 1 2 119028 22 0 -14 3693 0 1 1 0 1000 50 35000
1 15 1 2 119051 23 0 -14 3671 0 1 1 0 1000 50 35000
1 15 1 2 119073 22 0 -14 3648 0 1 1 0 1000 50 35000
1 15 1 2 119096 23 0 -14 3626 0 1 1 0 1000 50 35000
1 15 1 2 119118 22 0 -14 3603 0 1 1 0 1000 50 35000
1 15 1 2 119141 23 0 -14 3581 0 1 1 0 1000 50 35000
1 15 1 2 119163 22 0 -14 3558 0 1 1 0 1000 50 35000
1 15 1 2 119186 23 0 -14 3536 0 1 1 0 1000 50 35000
1 15 1 2 119208 22 0 -14 3513 0 1 1 0 1000 50 35000
1 15 1 2 119231 23 0 -14 3491 0 1 1 0 1000 50 35000
1 15 1 2 119254 23 0 -14 3468 0 1 1 0 1000 50 35000
1 15 1 2 119276 22 0 -14 3445 0 1 1 0 1000 50 35000
1 15 1 2 119299 23 0 -14 3423 0 1 1 0 1000 50 35000
1 15 1 2 119321 22 0 -14 3400 0 1 1 0 1000 50 35000
1 15 1 2 119344 23 0 -14 3378 0 1 1 0 1000 50 35000
1 15 1 2 119366 22 0 -14 3355 0 1 1 0 1000 50 35000
1 15 1 2 119389 23 0 -14 3333 0 1 1 0 1000 50 35000
1 15 1 2 119411 22 0 -14 3310 0 1 1 0 1000 50 35000
1 15 1 2 119434 23 0 -14 3288 0 1 1 0 1000 50 35000
1 15 1 2 119456 22 0 -14 3265 0 1 1 0 1000 50 35000
1 15 1 2 119479 23 0 -14 3243 0 1 1 0 1000 50 35000
1 15 1 2 119501 22 0 -14 3220 0 1 1 0 1000 50 35000
1 15 1 2 119524 23 0 -14 3198 0 1 1 0 1000 50 35000
1 15 1 2 119546 22 0 -14 3175 0 1 1 0 1000 50 35000
1 15 1 2 119569 23 0 -14 3153 0 1 1 0 1000 50 35000
1 15 1 2 119591 22 0 -14 3130 0 1 1 0 1000 50 35000
1 15 1 2 119614 23 0 -14 3108 0 1 1 0 1000 50 35000
1 15 1 2 119636 22 0 -14 3085 0 1 1 0 1000 50 35000
1 15 1 2 119659 23 0 -14 3063 0 1 1 0 1000 50 35000
1 15 1 2 119682 23 0 -14 3040 0 1 1 0 1000 50 35000
1 15 1 2 119703 21 0 -14 3017 0 1 1 0 1000 50 35000
1 15 1 2 119726 23 0 -14 2996 0 1 1 0 1000 50 35000
1 15 1 2 119748 22 0 -14 2973 0 1 1 0 1000 50 35000
1 15 1 2 119771 23 0 -14 2951 0 1 1 0 1000 50 35000
1 16 1 2 119793 22 0 -14 2928 0 1 1 0 1000 50 35000
1 24 1 2 119816 23 0 -14 2906 0 1 1 0 1000 50 35000
1 27 1 2 119838 22 0 -14 2883 0 1 1 0 1000 50 35000
1 17 1 2 119861 23 0 -14 2861 0 1 1 0 1000 50 35000
1 97 1 2 119883 22 0 -14 2838 0 1 1 0 1000 50 35000
1 21 1 2 119906 23 0 -14 2816 0 1 1 0 1000 50 35000
1 15 1 2 119928 22 0 -14 2793 0 1 1 0 1000 50 35000
1 15 1 2 119951 23 0 -14 2771 0 1 1 0 1000 50 35000
1 15 1 2 119973 22 0 -14 2748 0 1 1 0 1000 50 35000
1 31 1 2 119996 23 0 -14 2726 0 1 1 0 1000 50 35000
1 49 1 2 120018 22 0 -14 2703 0 1 1 0 1000 50 35000
1 38 1 2 120041 23 0 -14 2681 0 1 1 0 1000 50 35000
1 34 1 2 120064 23 0 -14 2658 0 1 1 0 1000 50 35000
1 29 1 2 120086 22 0 -14 2635 0 1 1 0 1000 50 35000
1 27 1 2 120109 23 0 -14 2613 0 1 1 0 1000 50 35000
1 27 1 2 120131 22 0 -14 2590 0 1 1 0 1000 50 35000
1 25 1 2 120154 23 0 -14 2568 0 1 1 0 1000 50 35000
1 21 1 2 120176 22 0 -14 2545 0 1 1 0 1000 50 35000
1 19 1 2 120199 23 0 -14 2523 0 1 1 0 1000 50 35000
1 17 1 2 120221 22 0 -14 2500 0 1 1 0 1000 50 35000
1 40 1 2 120244 23 0 -14 2478 0 1 1 0 1000 50 35000
1 16 1 2 120266 22 0 -14 2455 0 1 1 0 1000 50 35000
1 18 1 2 120289 23 0 -14 2433 0 1 1 0 1000 50 35000
1 17 1 2 120311 22 0 -14 2410 0 1 1 0 1000 50 35000
1 17 1 2 120334 23 0 -14 2388 0 1 1 0 1000 50 35000
1 17 1 2 120356 22 0 -14 2365 0 1 1 0 1000 50 35000
1 17 1 2 120379 23 0 -14 2343 0 1 1 0 1000 50 35000
1 17 1 2 120401 22 0 -14 2320 0 1 1 0 1000 50 35000
1 16 1 2 120424 23 0 -14 2298 0 1 1 0 1000 50 35000
1 16 1 2 120446 22 0 -14 2275 0 1 1 0 1000 50 35000
1 16 1 2 120468 22 0 -14 2253 0 1 1 0 1000 50 35000
1 16 1 2 120491 23 0 -14 2231 0 1 1 0 1000 50 35000
1 16 1 2 120513 22 0 -14 2208 0 1 1 0 1000 50 35000
1 16 1 2 120536 23 0 -14 2186 0 1 1 0 1000 50 35000
1 16 1 2 120558 22 0 -14 2163 0 1 1 0 1000 50 35000
1 16 1 2 120581 23 0 -14 2141 0 1 1 0 1000 50 35000
1 16 1 2 120603 22 0 -14 2118 0 1 1 0 1000 50 35000
1 16 1 2 120626 23 0 -14 2096 0 1 1 0 1000 50 35000
1 16 1 2 120648 22 0 -14 2073 0 1 1 0 1000 50 35000
1 17 1 2 120671 23 0 -14 2051 0 1 1 0 1000 50 35000
1 17 1 2 120693 22 0 -14 2028 0 1 1 0 1000 50 35000
1 17 1 2 120716 23 0 -14 2006 0 1 1 0 1000 50 35000
1 20 1 2 120738 22 0 -14 1983 0 1 1 0 1000 50 35000
1 15 1 2 120761 23 0 -14 1961 0 1 1 0 1000 50 35000
1 15 1 2 120783 22 0 -14 1938 0 1 1 0 1000 50 35000
1 15 1 2 120806 23 0 -14 1916 0 1 1 0 1000 50 35000
1 15 1 2 120828 22 0 -14 1893 0 1 1 0 1000 50 35000
1 15 1 2 120851 23 0 -14 1871 0 1 1 0 1000 50 35000
1 16 1 2 120873 22 0 -14 1848 0 1 1 0 1000 50 35000
1 16 1 2 120896 23 0 -14 1826 0 1 1 0 1000 50 35000
1 17 1 2 120919 23 0 -14 1803 0 1 1 0 1000 50 35000
1 17 1 2 120941 22 0 -14 1780 0 1 1 0 1000 50 35000
1 17 1 2 120964 23 0 -14 1758 0 1 1 0 1000 50 35000
1 17 1 2 120986 22 0 -14 1735 0 1 1 0 1000 50 35000
1 16 1 2 121009 23 0 -14 1713 0 1 1 0 1000 50 35000
1 16 1 2 121031 22 0 -14 1690 0 1 1 0 1000 50 35000
1 16 1 2 121054 23 0 -14 1668 0 1 1 0 1000 50 35000
1 16 1 2 121076 22 0 -14 1645 0 1 1 0 1000 50 35000
1 20 1 2 121099 23 0 -14 1623 0 1 1 0 1000 50 35000
1 17 1 2 121121 22 0 -14 1600 0 1 1 0 1000 50 35000
1 16 1 2 121144 23 0 -14 1578 0 1 1 0 1000 50 35000
1 16 1 2 121166 22 0 -14 1555 0 1 1 0 1000 50 35000
1 21 1 2 121189 23 0 -14 1533 0 1 1 0 1000 50 35000
1 21 1 2 121211 22 0 -14 1510 0 1 1 0 1000 50 35000
1 22 1 2 121234 23 0 -14 1488 0 1 1 0 1000 50 35000
1 22 1 2 121255 21 0 -14 1465 0 1 1 0 1000 50 35000
1 23 1 2 121278 23 0 -14 1444 0 1 1 0 1000 50 35000
1 21 1 2 121300 22 0 -14 1421 0 1 1 0 1000 50 35000
1 18 1 2 121323 23 0 -14 1399 0 1 1 0 1000 50 35000
1 18 1 2 121346 23 0 -14 1376 0 1 1 0 1000 50 35000
1 18 1 2 121368 22 0 -14 1353 0 1 1 0 1000 50 35000
1 18 1 2 121391 23 0 -14 1331 0 1 1 0 1000 50 35000
1 18 1 2 121413 22 0 -14 1308 0 1 1 0 1000 50 35000
1 18 1 2 121436 23 0 -14 1286 0 1 1 0 1000 50 35000
1 16 1 2 121458 22 0 -14 1263 0 1 1 0 1000 50 35000
1 16 1 2 121481 23 0 -14 1241 0 1 1 0 1000 50 35000
1 15 1 2 121503 22 0 -14 1218 0 1 1 0 1000 50 35000
1 15 1 2 121526 23 0 -14 1196 0 1 1 0 1000 50 35000
1 15 1 2 121548 22 0 -14 1173 0 1 1 0 1000 50 35000
1 14 1 2 121571 23 0 -14 1151 0 1 1 0 1000 50 35000
1 14 1 2 121593 22 0 -14 1128 0 1 1 0 1000 50 35000
1 14 1 2 121616 23 0 -14 1106 0 1 1 0 1000 50 35000
1 14 1 2 121638 22 0 -14 1083 0 1 1 0 1000 50 35000
1 14 1 2 121661 23 0 -14 1061 0 1 1 0 1000 50 35000
1 16 1 2 121683 22 0 -14 1038 0 1 1 0 1000 50 35000
1 16 1 2 121706 23 0 -14 1016 0 1 1 0 1000 50 35000
1 15 1 2 121729 23 0 -14 993 0 1 1 0 1000 50 35000
1 15 1 2 121751 22 0 -14 970 0 1 1 0 1000 50 35000
1 15 1 2 121774 23 0 -14 948 0 1 1 0 1000 50 35000
1 15 1 2 121796 22 0 -14 925 0 1 1 0 1000 50 35000
1 15 1 2 121819 23 0 -14 903 0 1 1 0 1000 50 35000
1 15 1 2 121840 21 0 -14 880 0 1 1 0 1000 50 35000
1 15 1 2 121863 23 0 -14 859 0 1 1 0 1000 50 35000
1 15 1 2 121885 22 0 -14 836 0 1 1 0 1000 50 35000
1 15 1 2 121908 23 0 -14 814 0 1 1 0 1000 50 35000
1 15 1 2 121930 22 0 -14 791 0 1 1 0 1000 50 35000
1 15 1 2 121953 23 0 -14 769 0 1 1 0 1000 50 35000
1 15 1 2 121975 22 0 -14 746 0 1 1 0 1000 50 35000
1 15 1 2 121998 23 0 -14 724 0 1 1 0 1000 50 35000
1 15 1 2 122020 22 0 -14 701 0 1 1 0 1000 50 35000
1 15 1 2 122043 23 0 -14 679 0 1 1 0 1000 50 35000
1 15 1 2 122065 22 0 -14 656 0 1 1 0 1000 50 35000
1 15 1 2 122088 23 0 -14 634 0 1 1 0 1000 50 35000
1 15 1 2 122109 21 0 -14 611 0 1 1 0 1000 50 35000
1 15 1 2 122132 23 0 -14 590 0 1 1 0 1000 50 35000
1 15 1 2 122155 23 0 -14 567 0 1 1 0 1000 50 35000
1 15 1 2 122177 22 0 -14 544 0 1 1 0 1000 50 35000
1 15 1 2 122200 23 0 -14 522 0 1 1 0 1000 50 35000
1 15 1 2 122222 22 0 -14 499 0 1 1 0 1000 50 35000
1 15 1 2 122245 23 0 -14 477 0 1 1 0 1000 50 35000
1 15 1 2 122267 22 0 -14 454 0 1 1 0 1000 50 35000
1 15 1 2 122290 23 0 -14 432 0 1 1 0 1000 50 35000
1 15 1 2 122312 22 0 -14 409 0 1 1 0 1000 50 35000
1 15 1 2 122335 23 0 -14 387 0 1 1 0 1000 50 35000
1 15 1 2 122357 22 0 -14 364 0 1 1 0 1000 50 35000
1 15 1 2 122379 22 0 -14 342 0 1 1 0 1000 50 35000
1 15 1 2 122401 22 0 -14 320 0 1 1 0 1000 50 35000
1 15 1 2 122424 23 0 -14 298 0 1 1 0 1000 50 35000
1 15 1 2 122446 22 0 -14 275 0 1 1 0 1000 50 35000
1 15 1 2 122469 23 0 -14 253 0 1 1 0 1000 50 35000
1 15 1 2 122491 22 0 -14 230 0 1 1 0 1000 50 35000
1 15 1 2 122514 23 0 -14 208 0 1 1 0 1000 50 35000
1 15 1 2 122536 22 0 -14 185 0 1 1 0 1000 50 35000
1 15 1 2 122559 23 0 -14 163 0 1 1 0 1000 50 35000
1 15 1 2 122582 23 0 -14 140 0 1 1 0 1000 50 35000
1 15 1 2 122604 22 0 -14 117 0 1 1 0 1000 50 35000
1 15 1 2 122626 22 0 -14 95 0 1 1 0 1000 50 35000
1 15 1 2 122648 22 0 -14 73 0 1 1 0 1000 50 35000
1 15 1 2 122671 23 0 -14 51 0 1 1 0 1000 50 35000
1 15 1 2 122693 22 0 -14 28 0 1 1 0 1000 50 35000
1 15 1 2 122716 23 0 -14 6 0 1 1 0 1000 50 35000
1 15 1 2 122738 22 0 -14 -17 0 1 1 0 1000 50 35000
1 15 1 3 122761 23 0 -14 -17 0 1 1 0 1000 50 35000
1 15 1 3 122783 22 0 -14 -17 0 1 1 0 1000 50 34977
1 15 1 3 122805 22 0 -14 -17 23 1 1 0 1000 50 34955
1 15 1 3 122827 22 0 -14 -17 45 1 1 0 1000 50 34933
1 15 1 3 122850 23 0 -14 -17 68 1 1 0 1000 50 34911
1 15 1 3 122872 22 0 -14 -17 90 1 1 0 1000 50 34888
1 15 1 3 122895 23 0 -14 -17 113 1 1 0 1000 50 34866
1 15 1 3 122917 22 0 -14 -17 135 1 1 0 1000 50 34843
1 15 1 3 122940 23 0 -14 -17 158 1 1 0 1000 50 34821
1 15 1 3 122962 22 0 -14 -17 180 1 1 0 1000 50 34798
1 15 1 3 122985 23 0 -14 -17 203 1 1 0 1000 50 34776
1 15 1 3 123008 23 0 -14 -17 226 1 1 0 1000 50 34753
1 15 1 3 123030 22 0 -14 -17 248 1 1 0 1000 50 34730
1 15 1 3 123053 23 0 -14 -17 271 1 1 0 1000 50 34708
1 15 1 3 123075 22 0 -14 -17 293 1 1 0 1000 50 34685
1 15 1 3 123098 23 0 -14 -17 316 1 1 0 1000 50 34663
1 15 1 3 123120 22 0 -14 -17 338 1 1 0 1000 50 34640
1 15 1 3 123143 23 0 -14 -17 361 1 1 0 1000 50 34618
1 15 1 3 123165 22 0 -14 -17 383 1 1 0 1000 50 34595
1 15 1 3 123188 23 0 -14 -17 406 1 1 0 1000 50 34573
1 15 1 3 123210 22 0 -14 -17 428 1 1 0 1000 50 34550
1 15 1 3 123233 23 0 -14 -17 451 1 1 0 1000 50 34528
1 15 1 3 123255 22 0 -14 -17 473 1 1 0 1000 50 34505
1 15 1 3 123278 23 0 -14 -17 496 1 1 0 1000 50 34483
1 15 1 3 123300 22 0 -14 -17 518 1 1 0 1000 50 34460
1 15 1 3 123323 23 0 -14 -17 541 0 0 0 1000 50 34438
1 15 1 3 123345 22 0 -14 -17 563 0 0 0 1000 50 34415
1 15 1 3 123368 23 0 -14 -17 586 0 0 0 1000 50 34393
1 15 1 3 123390 22 0 -14 -17 608 0 0 0 1000 50 34370
1 15 1 3 123413 23 0 -14 -17 631 0 0 0 1000 50 34348
1 15 1 3 123436 23 0 -14 -17 654 0 0 0 1000 50 34325
1 15 1 3 123458 22 0 -14 -17 676 0 0 0 1000 50 34302
1 15 1 3 123481 23 0 -14 -17 699 0 0 0 1000 50 34280
1 15 1 3 123503 22 0 -14 -17 721 0 0 0 1000 50 34257
1 15 1 3 123526 23 0 -14 -17 744 0 0 0 1000 50 34235
1 15 1 3 123548 22 0 -14 -17 766 0 0 0 1000 50 34212
1 15 1 3 123571 23 0 -14 -17 789 0 0 0 1000 50 34190
1 15 1 3 123593 22 0 -14 -17 811 0 0 0 1000 50 34167
1 15 1 3 123616 23 0 -14 -17 834 0 0 0 1000 50 34145
1 15 1 3 123638 22 0 -14 -17 856 0 0 0 1000 50 34122
1 15 1 3 123661 23 0 -14 -17 879 0 0 0 1000 50 34100
1 15 1 3 123683 22 0 -14 -17 901 0 0 0 1000 50 34077
1 15 1 3 123706 23 0 -14 -17 924 0 0 0 1000 50 34055
1 15 1 3 123728 22 0 -14 -17 946 0 0 0 1000 50 34032
1 15 1 3 123751 23 0 -14 -17 969 0 0 0 1000 50 34010
1 15 1 3 123773 22 0 -14 -17 991 0 0 0 1000 50 33987
1 15 1 3 123796 23 0 -14 -17 1014 0 0 0 1000 50 33965
1 15 1 3 123819 23 0 -14 -17 1037 0 0 0 1000 50 33942
1 15 1 3 123841 22 0 -14 -17 1059 0 0 0 1000 50 33919
1 15 1 3 123864 23 0 -14 -17 1082 0 0 0 1000 50 33897
1 15 1 3 123886 22 0 -14 -17 1104 0 0 0 1000 50 33874
1 15 1 3 123909 23 0 -14 -17 1127 0 0 0 1000 50 33852
1 15 1 3 123931 22 0 -14 -17 1149 0 0 0 1000 50 33829
1 15 1 3 123954 23 0 -14 -17 1172 0 0 0 1000 50 33807
1 15 1 3 123976 22 0 -14 -17 1194 0 0 0 1000 50 33784
1 15 1 3 123999 23 0 -14 -17 1217 0 0 0 1000 50 33762
1 15 1 3 124021 22 0 -14 -17 1239 0 0 0 1000 50 33739
1 15 1 3 124044 23 0 -14 -17 1262 0 0 0 1000 50 33717
1 15 1 3 124066 22 0 -14 -17 1284 0 0 0 1000 50 33694
1 15 1 3 124089 23 0 -14 -17 1307 0 0 0 1000 50 33672
1 15 1 3 124111 22 0 -14 -17 1329 0 0 0 1000 50 33649
1 15 1 3 124134 23 0 -14 -17 1352 0 0 0 1000 50 33627
1 15 1 3 124156 22 0 -14 -17 1374 0 0 0 1000 50 33604
1 15 1 3 124179 23 0 -14 -17 1397 0 0 0 1000 50 33582
1 15 1 3 124201 22 0 -14 -17 1419 0 0 0 1000 50 33559
1 15 1 3 124224 23 0 -14 -17 1442 0 0 0 1000 50 33537
1 15 1 3 124248 24 0 -14 -17 1465 0 0 0 1000 50 33514
1 15 1 3 124270 22 0 -14 -17 1487 0 0 0 1000 50 33490
1 15 1 3 124293 23 0 -14 -17 1510 0 0 0 1000 50 33468
1 15 1 3 124315 22 0 -14 -17 1532 0 0 0 1000 50 33445
1 15 1 3 124338 23 0 -14 -17 1555 0 0 0 1000 50 33423
1 15 1 3 124360 22 0 -14 -17 1577 0 0 0 1000 50 33400
1 15 1 3 124383 23 0 -14 -17 1600 0 0 0 1000 50 33378
1 15 1 3 124405 22 0 -14 -17 1623 0 0 0 1000 50 33355
1 15 1 3 124428 23 0 -14 -17 1646 0 0 0 1000 50 33333
1 15 1 3 124450 22 0 -14 -17 1668 0 0 0 1000 50 33310
1 15 1 3 124473 23 0 -14 -17 1691 0 0 0 1000 50 33288
1 15 1 3 124495 22 0 -14 -17 1713 0 0 0 1000 50 33265
1 15 1 3 124518 23 0 -14 -17 1736 0 0 0 1000 50 33243
1 15 1 3 124540 22 0 -14 -17 1758 0 0 0 1000 50 33220
1 15 1 3 124563 23 0 -14 -17 1781 0 0 0 1000 50 33198
1 15 1 3 124585 22 0 -14 -17 1803 0 0 0 1000 50 33175
1 15 1 3 124608 23 0 -14 -17 1826 0 0 0 1000 50 33153
1 15 1 3 124631 23 0 -14 -17 1849 0 0 0 1000 50 33130
1 15 1 3 124653 22 0 -14 -17 1871 0 0 0 1000 50 33107
1 15 1 3 124676 23 0 -14 -17 1894 0 0 0 1000 50 33085
1 15 1 3 124698 22 0 -14 -17 1916 0 0 0 1000 50 33062
1 15 1 3 124721 23 0 -14 -17 1939 0 0 0 1000 50 33040
1 15 1 3 124743 22 0 -14 -17 1961 0 0 0 1000 50 33017
1 15 1 3 124766 23 0 -14 -17 1984 0 0 0 1000 50 32995
1 15 1 3 124788 22 0 -14 -17 2006 0 0 0 1000 50 32972
1 15 1 3 124811 23 0 -14 -17 2029 0 0 0 1000 50 32950
1 15 1 3 124833 22 0 -14 -17 2051 0 0 0 1000 50 32927
1 15 1 3 124856 23 0 -14 -17 2074 0 0 0 1000 50 32905
1 15 1 3 124878 22 0 -14 -17 2096 0 0 0 1000 50 32882
1 15 1 3 124901 23 0 -14 -17 2119 0 0 0 1000 50 32860
1 15 1 3 124923 22 0 -14 -17 2141 0 0 0 1000 50 32837
1 15 1 3 124946 23 0 -14 -17 2164 0 0 0 1000 50 32815
1 15 1 3 124968 22 0 -14 -17 2186 0 0 0 1000 50 32792
1 15 1 3 124991 23 0 -14 -17 2209 0 0 0 1000 50 32770
1 15 1 3 125014 23 0 -14 -17 2232 0 0 0 1000 50 32747
1 15 1 3 125036 22 0 -14 -17 2254 0 0 0 1000 50 32724
1 15 1 3 125060 24 0 -14 -17 2277 0 0 0 1000 50 32702
1 15 1 3 125082 22 0 -14 -17 2299 0 0 0 1000 50 32678
1 15 1 3 125105 23 0 -14 -17 2322 0 0 0 1000 50 32656
1 15 1 3 125127 22 0 -14 -17 2344 0 0 0 1000 50 32633
1 15 1 3 125150 23 0 -14 -17 2367 0 0 0 1000 50 32611
1 15 1 3 125172 22 0 -14 -17 2389 0 0 0 1000 50 32588
1 15 1 3 125195 23 0 -14 -17 2412 0 0 0 1000 50 32566
1 15 1 3 125217 22 0 -14 -17 2435 0 0 0 1000 50 32543
1 15 1 3 125240 23 0 -14 -17 2458 0 0 0 1000 50 32521
1 15 1 3 125262 22 0 -14 -17 2480 0 0 0 1000 50 32498
1 15 1 3 125285 23 0 -14 -17 2503 0 0 0 1000 50 32476
1 15 1 3 125307 22 0 -14 -17 2525 0 0 0 1000 50 32453
1 15 1 3 125330 23 0 -14 -17 2548 0 0 0 1000 50 32431
1 15 1 3 125352 22 0 -14 -17 2570 0 0 0 1000 50 32408
1 15 1 3 125375 23 0 -14 -17 2593 0 0 0 1000 50 32386
1 15 1 3 125398 23 0 -14 -17 2616 0 0 0 1000 50 32363
1 15 1 3 125420 22 0 -14 -17 2638 0 0 0 1000 50 32340
1 15 1 3 125443 23 0 -14 -17 2661 0 0 0 1000 50 32318
1 15 1 3 125465 22 0 -14 -17 2683 0 0 0 1000 50 32295
1 15 1 3 125488 23 0 -14 -17 2706 0 0 0 1000 50 32273
1 15 1 3 125510 22 0 -14 -17 2728 0 0 0 1000 50 32250
1 15 1 3 125533 23 0 -14 -17 2751 0 0 0 1000 50 32228
1 15 1 3 125555 22 0 -14 -17 2773 0 0 0 1000 50 32205
1 15 1 3 125578 23 0 -14 -17 2796 0 0 0 1000 50 32183
1 15 1 3 125600 22 0 -14 -17 2818 0 0 0 1000 50 32160
1 15 1 3 125623 23 0 -14 -17 2841 0 0 0 1000 50 32138
1 15 1 3 125645 22 0 -14 -17 2863 0 0 0 1000 50 32115
1 15 1 3 125668 23 0 -14 -17 2886 0 0 0 1000 50 32093
1 15 1 3 125690 22 0 -14 -17 2908 0 0 0 1000 50 32070
1 15 1 3 125713 23 0 -14 -17 2931 0 0 0 1000 50 32048
1 15 1 3 125735 22 0 -14 -17 2953 0 0 0 1000 50 32025
1 15 1 3 125758 23 0 -14 -17 2976 0 0 0 1000 50 32003
1 15 1 3 125780 22 0 -14 -17 2998 0 0 0 1000 50 31980
1 15 1 3 125803 23 0 -14 -17 3021 0 0 0 1000 50 31958
1 15 1 3 125827 24 0 -14 -17 3044 0 0 0 1000 50 31935
1 15 1 3 125849 22 0 -14 -17 3066 0 0 0 1000 50 31911
1 15 1 3 125872 23 0 -14 -17 3089 0 0 0 1000 50 31889
1 15 1 3 125894 22 0 -14 -17 3111 0 0 0 1000 50 31866
1 15 1 3 125917 23 0 -14 -17 3134 0 0 0 1000 50 31844
1 15 1 3 125939 22 0 -14 -17 3156 0 0 0 1000 50 31821
1 15 1 3 125962 23 0 -14 -17 3179 0 0 0 1000 50 31799
1 15 1 3 125984 22 0 -14 -17 3202 0 0 0 1000 50 31776
1 15 1 3 126007 23 0 -14 -17 3225 0 0 0 1000 50 31754
1 15 1 3 126029 22 0 -14 -17 3247 0 0 0 1000 50 31731
1 15 1 3 126052 23 0 -14 -17 3270 0 0 0 1000 50 31709
1 15 1 3 126074 22 0 -14 -17 3292 0 0 0 1000 50 31686
1 15 1 3 126097 23 0 -14 -17 3315 0 0 0 1000 50 31664
1 15 1 3 126119 22 0 -14 -17 3337 0 0 0 1000 50 31641
1 15 1 3 126142 23 0 -14 -17 3360 0 0 0 1000 50 31619
1 15 1 3 126164 22 0 -14 -17 3382 0 0 0 1000 50 31596
1 15 1 3 126187 23 0 -14 -17 3405 0 0 0 1000 50 31574
1 15 1 3 126210 23 0 -14 -17 3428 0 0 0 1000 50 31551
1 15 1 3 126232 22 0 -14 -17 3450 0 0 0 1000 50 31528
1 15 1 3 126255 23 0 -14 -17 3473 0 0 0 1000 50 31506
1 15 1 3 126277 22 0 -14 -17 3495 0 0 0 1000 50 31483
1 15 1 3 126300 23 0 -14 -17 3518 0 0 0 1000 50 31461
1 15 1 3 126322 22 0 -14 -17 3540 0 0 0 1000 50 31438
1 15 1 3 126345 23 0 -14 -17 3563 0 0 0 1000 50 31416
1 15 1 3 126367 22 0 -14 -17 3585 0 0 0 1000 50 31393
1 15 1 3 126390 23 0 -14 -17 3608 0 0 0 1000 50 31371
1 15 1 3 126412 22 0 -14 -17 3630 0 0 0 1000 50 31348
1 15 1 3 126435 23 0 -14 -17 3653 0 0 0 1000 50 31326
1 15 1 3 126457 22 0 -14 -17 3675 0 0 0 1000 50 31303
1 15 1 3 126480 23 0 -14 -17 3698 0 0 0 1000 50 31281
1 15 1 3 126502 22 0 -14 -17 3720 0 0 0 1000 50 31258
1 15 1 3 126525 23 0 -14 -17 3743 0 0 0 1000 50 31236
1 15 1 3 126547 22 0 -14 -17 3765 0 0 0 1000 50 31213
1 15 1 3 126571 24 0 -14 -17 3788 0 0 0 1000 50 31191
1 15 1 3 126594 23 0 -14 -17 3811 0 0 0 1000 50 31167
1 15 1 3 126616 22 0 -14 -17 3833 0 0 0 1000 50 31144
1 15 1 3 126639 23 0 -14 -17 3856 0 0 0 1000 50 31122
1 15 1 3 126661 22 0 -14 -17 3878 0 0 0 1000 50 31099
1 15 1 3 126684 23 0 -14 -17 3901 0 0 0 1000 50 31077
1 15 1 3 126706 22 0 -14 -17 3923 0 0 0 1000 50 31054
1 15 1 3 126729 23 0 -14 -17 3946 0 0 0 1000 50 31032
1 15 1 3 126751 22 0 -14 -17 3969 0 0 0 1000 50 31009
1 15 1 3 126774 23 0 -14 -17 3992 0 0 0 1000 50 30987
1 15 1 3 126796 22 0 -14 -17 4014 0 0 0 1000 50 30964
1 15 1 3 126819 23 0 -14 -17 4037 0 0 0 1000 50 30942
1 15 1 3 126841 22 0 -14 -17 4059 0 0 0 1000 50 30919
1 15 1 3 126864 23 0 -14 -17 4082 0 0 0 1000 50 30897
1 15 1 3 126886 22 0 -14 -17 4104 0 0 0 1000 50 30874
1 15 1 3 126909 23 0 -14 -17 4127 0 0 0 1000 50 30852
1 15 1 3 126931 22 0 -14 -17 4149 0 0 0 1000 50 30829
1 15 1 3 126954 23 0 -14 -17 4172 0 0 0 1000 50 30807
1 15 1 3 126977 23 0 -14 -17 4195 0 0 0 1000 50 30784
1 15 1 3 126999 22 0 -14 -17 4217 0 0 0 1000 50 30761
1 15 1 3 127022 23 0 -14 -17 4240 0 0 0 1000 50 30739
1 15 1 3 127044 22 0 -14 -17 4262 0 0 0 1000 50 30716
1 15 1 3 127067 23 0 -14 -17 4285 0 0 0 1000 50 30694
1 15 1 3 127089 22 0 -14 -17 4307 0 0 0 1000 50 30671
1 15 1 3 127112 23 0 -14 -17 4330 0 0 0 1000 50 30649
1 15 1 3 127134 22 0 -14 -17 4352 0 0 0 1000 50 30626
1 15 1 3 127157 23 0 -14 -17 4375 0 0 0 1000 50 30604
1 15 1 3 127179 22 0 -14 -17 4397 0 0 0 1000 50 30581
1 15 1 3 127202 23 0 -14 -17 4420 0 0 0 1000 50 30559
1 15 1 3 127224 22 0 -14 -17 4442 0 0 0 1000 50 30536
1 15 1 3 127247 23 0 -14 -17 4465 0 0 0 1000 50 30514
1 15 1 3 127269 22 0 -14 -17 4487 0 0 0 1000 50 30491
1 15 1 3 127292 23 0 -14 -17 4510 0 0 0 1000 50 30469
1 15 1 3 127314 22 0 -14 -17 4532 0 0 0 1000 50 30446
1 15 1 3 127337 23 0 -14 -17 4555 0 0 0 1000 50 30424
1 15 1 3 127360 23 0 -14 -17 4578 0 0 0 1000 50 30401
1 15 1 3 127382 22 0 -14 -17 4600 0 0 0 1000 50 30378
1 15 1 3 127405 23 0 -14 -17 4623 0 0 0 1000 50 30356
1 15 1 3 127427 22 0 -14 -17 4645 0 0 0 1000 50 30333
1 15 1 3 127450 23 0 -14 -17 4668 0 0 0 1000 50 30311
1 15 1 3 127472 22 0 -14 -17 4690 0 0 0 1000 50 30288
1 15 1 3 127496 24 0 -14 -17 4713 0 0 0 1000 50 30266
1 15 1 3 127518 22 0 -14 -17 4735 0 0 0 1000 50 30242
1 15 1 3 127541 23 0 -14 -17 4758 0 0 0 1000 50 30220
1 15 1 3 127563 22 0 -14 -17 4780 0 0 0 1000 50 30197
1 15 1 3 127586 23 0 -14 -17 4803 0 0 0 1000 50 30175
1 15 1 3 127608 22 0 -14 -17 4825 0 0 0 1000 50 30152
1 15 1 3 127631 23 0 -14 -17 4848 0 0 0 1000 50 30130
1 15 1 3 127653 22 0 -14 -17 4870 0 0 0 1000 50 30107
1 15 1 3 127676 23 0 -14 -17 4894 0 0 0 1000 50 30085
1 15 1 3 127698 22 0 -14 -17 4916 0 0 0 1000 50 30062
1 15 1 3 127721 23 0 -14 -17 4939 0 0 0 1000 50 30040
1 15 1 3 127744 23 0 -14 -17 4962 0 0 0 1000 50 30017
1 15 1 3 127766 22 0 -14 -17 4984 0 0 0 1000 50 29994
1 15 1 3 127789 23 0 -14 -17 5007 0 0 0 1000 50 29972
1 15 1 3 127811 22 0 -14 -17 5029 0 0 0 1000 50 29949
1 15 1 3 127834 23 0 -14 -17 5052 0 0 0 1000 50 29927
1 15 1 3 127856 22 0 -14 -17 5074 0 0 0 1000 50 29904
1 15 1 3 127879 23 0 -14 -17 5097 0 0 0 1000 50 29882
1 15 1 3 127901 22 0 -14 -17 5119 0 0 0 1000 50 29859
1 15 1 3 127924 23 0 -14 -17 5142 0 0 0 1000 50 29837
1 15 1 3 127946 22 0 -14 -17 5164 0 0 0 1000 50 29814
1 15 1 3 127969 23 0 -14 -17 5187 0 0 0 1000 50 29792
1 15 1 3 127991 22 0 -14 -17 5209 0 0 0 1000 50 29769
1 15 1 3 128014 23 0 -14 -17 5232 0 0 0 1000 50 29747
1 15 1 3 128036 22 0 -14 -17 5254 0 0 0 1000 50 29724
1 15 1 3 128059 23 0 -14 -17 5277 0 0 0 1000 50 29702
1 15 1 3 128081 22 0 -14 -17 5299 0 0 0 1000 50 29679
1 15 1 3 128104 23 0 -14 -17 5322 0 0 0 1000 50 29657
1 15 1 3 128126 22 0 -14 -17 5344 0 0 0 1000 50 29634
1 15 1 3 128149 23 0 -14 -17 5367 0 0 0 1000 50 29612
1 15 1 3 128172 23 0 -14 -17 5390 0 0 0 1000 50 29589
1 15 1 3 128194 22 0 -14 -17 5412 0 0 0 1000 50 29566
1 15 1 3 128217 23 0 -14 -17 5435 0 0 0 1000 50 29544
1 15 1 3 128239 22 0 -14 -17 5457 0 0 0 1000 50 29521
1 15 1 3 128262 23 0 -14 -17 5480 0 0 0 1000 50 29499
1 15 1 3 128284 22 0 -14 -17 5502 0 0 0 1000 50 29476
1 15 1 3 128307 23 0 -14 -17 5525 0 0 0 1000 50 29454
1 15 1 3 128329 22 0 -14 -17 5547 0 0 0 1000 50 29431
1 15 1 3 128352 23 0 -14 -17 5570 0 0 0 1000 50 29409
1 15 1 3 128374 22 0 -14 -17 5592 0 0 0 1000 50 29386
1 15 1 3 128397 23 0 -14 -17 5615 0 0 0 1000 50 29364
1 15 1 3 128419 22 0 -14 -17 5637 0 0 0 1000 50 29341
1 15 1 3 128442 23 0 -14 -17 5660 0 0 0 1000 50 29319
1 15 1 3 128465 23 0 -14 -17 5682 0 0 0 1000 50 29296
1 15 1 3 128488 23 0 -14 -17 5705 0 0 0 1000 50 29273
1 15 1 3 128510 22 0 -14 -17 5727 0 0 0 1000 50 29250
1 15 1 3 128533 23 0 -14 -17 5750 0 0 0 1000 50 29228
1 15 1 3 128556 23 0 -14 -17 5773 0 0 0 1000 50 29205
1 15 1 3 128578 22 0 -14 -17 5795 0 0 0 1000 50 29182
1 15 1 3 128601 23 0 -14 -17 5818 0 0 0 1000 50 29160
1 15 1 3 128623 22 0 -14 -17 5840 0 0 0 1000 50 29137
1 15 1 3 128646 23 0 -14 -17 5864 0 0 0 1000 50 29115
1 15 1 3 128668 22 0 -14 -17 5886 0 0 0 1000 50 29092
1 15 1 3 128691 23 0 -14 -17 5909 0 0 0 1000 50 29070
1 15 1 3 128713 22 0 -14 -17 5931 0 0 0 1000 50 29047
1 15 1 3 128736 23 0 -14 -17 5954 0 0 0 1000 50 29025
1 15 1 3 128758 22 0 -14 -17 5976 0 0 0 1000 50 29002
1 15 1 3 128781 23 0 -14 -17 5999 0 0 0 1000 50 28980
1 15 1 3 128803 22 0 -14 -17 6021 0 0 0 1000 50 28957
1 15 1 3 128826 23 0 -14 -17 6044 0 0 0 1000 50 28935
1 15 1 3 128848 22 0 -14 -17 6066 0 0 0 1000 50 28912
1 15 1 3 128871 23 0 -14 -17 6089 0 0 0 1000 50 28890
1 15 1 3 128893 22 0 -14 -17 6111 0 0 0 1000 50 28867
1 15 1 3 128916 23 0 -14 -17 6134 0 0 0 1000 50 28845
1 15 1 3 128939 23 0 -14 -17 6157 0 0 0 1000 50 28822
1 15 1 3 128961 22 0 -14 -17 6179 0 0 0 1000 50 28799
1 15 1 3 128984 23 0 -14 -17 6202 0 0 0 1000 50 28777
1 15 1 3 129006 22 0 -14 -17 6224 0 0 0 1000 50 28754
1 15 1 3 129029 23 0 -14 -17 6247 0 0 0 1000 50 28732
1 15 1 3 129051 22 0 -14 -17 6269 0 0 0 1000 50 28709
1 15 1 3 129074 23 0 -14 -17 6292 0 0 0 1000 50 28687
1 15 1 3 129096 22 0 -14 -17 6314 0 0 0 1000 50 28664
1 15 1 3 129119 23 0 -14 -17 6337 0 0 0 1000 50 28642
1 15 1 3 129141 22 0 -14 -17 6359 0 0 0 1000 50 28619
1 15 1 3 129164 23 0 -14 -17 6382 0 0 0 1000 50 28597
1 15 1 3 129186 22 0 -14 -17 6404 0 0 0 1000 50 28574
1 15 1 3 129209 23 0 -14 -17 6427 0 0 0 1000 50 28552
1 15 1 3 129231 22 0 -14 -17 6449 0 0 0 1000 50 28529
1 15 1 3 129254 23 0 -14 -17 6472 0 0 0 1000 50 28507
1 15 1 3 129276 22 0 -14 -17 6494 0 0 0 1000 50 28484
1 15 1 3 129299 23 0 -14 -17 6517 0 0 0 1000 50 28462
1 15 1 3 129321 22 0 -14 -17 6539 0 0 0 1000 50 28439
1 15 1 3 129344 23 0 -14 -17 6562 0 0 0 1000 50 28417
1 15 1 3 129367 23 0 -14 -17 6585 0 0 0 1000 50 28394
1 15 1 3 129389 22 0 -14 -17 6607 0 0 0 1000 50 28371
1 15 1 3 129412 23 0 -14 -17 6630 0 0 0 1000 50 28349
1 15 1 3 129434 22 0 -14 -17 6652 0 0 0 1000 50 28326
1 15 1 3 129458 24 0 -14 -17 6675 0 0 0 1000 50 28304
1 15 1 3 129480 22 0 -14 -17 6697 0 0 0 1000 50 28280
1 15 1 3 129503 23 0 -14 -17 6720 0 0 0 1000 50 28258
1 15 1 3 129525 22 0 -14 -17 6742 0 0 0 1000 50 28235
1 15 1 3 129548 23 0 -14 -17 6765 0 0 0 1000 50 28213
1 15 1 3 129570 22 0 -14 -17 6787 0 0 0 1000 50 28190
1 15 1 3 129593 23 0 -14 -17 6810 0 0 0 1000 50 28168
1 15 1 3 129615 22 0 -14 -17 6832 0 0 0 1000 50 28145
1 15 1 3 129638 23 0 -14 -17 6856 0 0 0 1000 50 28123
1 15 1 3 129660 22 0 -14 -17 6878 0 0 0 1000 50 28100
1 15 1 3 129683 23 0 -14 -17 6901 0 0 0 1000 50 28078
1 15 1 3 129705 22 0 -14 -17 6923 0 0 0 1000 50 28055
1 15 1 3 129728 23 0 -14 -17 6946 0 0 0 1000 50 28033
1 15 1 3 129751 23 0 -14 -17 6969 0 0 0 1000 50 28010
1 15 1 3 129773 22 0 -14 -17 6991 0 0 0 1000 50 27987
1 15 1 3 129796 23 0 -14 -17 7014 0 0 0 1000 50 27965
1 15 1 3 129818 22 0 -14 -17 7036 0 0 0 1000 50 27942
1 15 1 3 129841 23 0 -14 -17 7059 0 0 0 1000 50 27920
1 15 1 3 129863 22 0 -14 -17 7081 0 0 0 1000 50 27897
1 15 1 3 129886 23 0 -14 -17 7104 0 0 0 1000 50 27875
1 15 1 3 129908 22 0 -14 -17 7126 0 0 0 1000 50 27852
1 15 1 3 129931 23 0 -14 -17 7149 0 0 0 1000 50 27830
1 15 1 3 129953 22 0 -14 -17 7171 0 0 0 1000 50 27807
1 15 1 3 129976 23 0 -14 -17 7194 0 0 0 1000 50 27785
1 15 1 3 129998 22 0 -14 -17 7216 0 0 0 1000 50 27762
1 15 1 3 130021 23 0 -14 -17 7239 0 0 0 1000 50 27740
1 15 1 3 130043 22 0 -14 -17 7261 0 0 0 1000 50 27717
1 15 1 3 130066 23 0 -14 -17 7284 0 0 0 1000 50 27695
1 15 1 3 130088 22 0 -14 -17 7306 0 0 0 1000 50 27672
1 15 1 3 130111 23 0 -14 -17 7329 0 0 0 1000 50 27650
1 15 1 3 130134 23 0 -14 -17 7352 0 0 0 1000 50 27627
1 15 1 3 130156 22 0 -14 -17 7374 0 0 0 1000 50 27604
1 15 1 3 130179 23 0 -14 -17 7397 0 0 0 1000 50 27582
1 15 1 3 130201 22 0 -14 -17 7419 0 0 0 1000 50 27559
1 15 1 3 130224 23 0 -14 -17 7442 0 0 0 1000 50 27537
1 15 1 3 130246 22 0 -14 -17 7464 0 0 0 1000 50 27514
1 15 1 3 130269 23 0 -14 -17 7487 0 0 0 1000 50 27492
1 15 1 3 130291 22 0 -14 -17 7509 0 0 0 1000 50 27469
1 15 1 3 130314 23 0 -14 -17 7532 0 0 0 1000 50 27447
1 15 1 3 130336 22 0 -14 -17 7554 0 0 0 1000 50 27424
1 15 1 3 130360 24 0 -14 -17 7577 0 0 0 1000 50 27402
1 15 1 3 130382 22 0 -14 -17 7599 0 0 0 1000 50 27378
1 15 1 3 130405 23 0 -14 -17 7622 0 0 0 1000 50 27356
1 15 1 3 130427 22 0 -14 -17 7644 0 0 0 1000 50 27333
1 15 1 3 130450 23 0 -14 -17 7667 0 0 0 1000 50 27311
1 15 1 3 130472 22 0 -14 -17 7689 0 0 0 1000 50 27288
1 15 1 3 130495 23 0 -14 -17 7712 0 0 0 1000 50 27266
1 15 1 3 130518 23 0 -14 -17 7734 0 0 0 1000 50 27243
1 15 1 3 130540 22 0 -14 -17 7758 0 0 0 1000 50 27220
1 15 1 3 130563 23 0 -14 -17 7781 0 0 0 1000 50 27198
1 15 1 3 130585 22 0 -14 -17 7803 0 0 0 1000 50 27175
1 15 1 3 130608 23 0 -14 -17 7826 0 0 0 1000 50 27153
1 15 1 3 130630 22 0 -14 -17 7848 0 0 0 1000 50 27130
1 15 1 3 130653 23 0 -14 -17 7871 0 0 0 1000 50 27108
1 15 1 3 130675 22 0 -14 -17 7893 0 0 0 1000 50 27085
1 15 1 3 130698 23 0 -14 -17 7916 0 0 0 1000 50 27063
1 15 1 3 130720 22 0 -14 -17 7938 0 0 0 1000 50 27040
1 15 1 3 130743 23 0 -14 -17 7961 0 0 0 1000 50 27018
1 15 1 3 130765 22 0 -14 -17 7983 0 0 0 1000 50 26995
1 15 1 3 130788 23 0 -14 -17 8006 0 0 0 1000 50 26973
1 15 1 3 130810 22 0 -14 -17 8028 0 0 0 1000 50 26950
1 15 1 3 130833 23 0 -14 -17 8051 0 0 0 1000 50 26928
1 15 1 3 130855 22 0 -14 -17 8073 0 0 0 1000 50 26905
1 15 1 3 130878 23 0 -14 -17 8096 0 0 0 1000 50 26883
1 15 1 3 130900 22 0 -14 -17 8118 0 0 0 1000 50 26860
1 15 1 3 130923 23 0 -14 -17 8141 0 0 0 1000 50 26838
1 15 1 3 130946 23 0 -14 -17 8164 0 0 0 1000 50 26815
1 15 1 3 130968 22 0 -14 -17 8186 0 0 0 1000 50 26792
1 15 1 3 130991 23 0 -14 -17 8209 0 0 0 1000 50 26770
1 15 1 3 131013 22 0 -14 -17 8231 0 0 0 1000 50 26747
1 15 1 3 131036 23 0 -14 -17 8254 0 0 0 1000 50 26725
1 15 1 3 131058 22 0 -14 -17 8276 0 0 0 1000 50 26702
1 15 1 3 131081 23 0 -14 -17 8299 0 0 0 1000 50 26680
1 15 1 3 131103 22 0 -14 -17 8321 0 0 0 1000 50 26657
1 15 1 3 131126 23 0 -14 -17 8344 0 0 0 1000 50 26635
1 15 1 3 131148 22 0 -14 -17 8366 0 0 0 1000 50 26612
1 15 1 3 131171 23 0 -14 -17 8389 0 0 0 1000 50 26590
1 15 1 3 131193 22 0 -14 -17 8411 0 0 0 1000 50 26567
1 15 1 3 131216 23 0 -14 -17 8434 0 0 0 1000 50 26545
1 15 1 3 131238 22 0 -14 -17 8456 0 0 0 1000 50 26522
1 15 1 3 131261 23 0 -14 -17 8479 0 0 0 1000 50 26500
1 15 1 3 131284 23 0 -14 -17 8501 0 0 0 1000 50 26477
1 15 1 3 131307 23 0 -14 -17 8524 0 0 0 1000 50 26454
1 15 1 3 131330 23 0 -14 -17 8547 0 0 0 1000 50 26431
1 15 1 3 131352 22 0 -14 -17 8569 0 0 0 1000 50 26408
1 15 1 3 131375 23 0 -14 -17 8592 0 0 0 1000 50 26386
1 15 1 3 131397 22 0 -14 -17 8614 0 0 0 1000 50 26363
1 15 1 3 131420 23 0 -14 -17 8637 0 0 0 1000 50 26341
1 15 1 3 131442 22 0 -14 -17 8659 0 0 0 1000 50 26318
1 15 1 3 131465 23 0 -14 -17 8683 0 0 0 1000 50 26296
1 15 1 3 131487 22 0 -14 -17 8705 0 0 0 1000 50 26273
1 15 1 3 131510 23 0 -14 -17 8728 0 0 0 1000 50 26251
1 15 1 3 131532 22 0 -14 -17 8750 0 0 0 1000 50 26228
1 15 1 3 131555 23 0 -14 -17 8773 0 0 0 1000 50 26206
1 15 1 3 131577 22 0 -14 -17 8795 0 0 0 1000 50 26183
1 15 1 3 131600 23 0 -14 -17 8818 0 0 0 1000 50 26161
1 15 1 3 131622 22 0 -14 -17 8840 0 0 0 1000 50 26138
1 15 1 3 131645 23 0 -14 -17 8863 0 0 0 1000 50 26116
1 15 1 3 131667 22 0 -14 -17 8885 0 0 0 1000 50 26093
1 15 1 3 131690 23 0 -14 -17 8908 0 0 0 1000 50 26071
1 15 1 3 131713 23 0 -14 -17 8931 0 0 0 1000 50 26048
1 15 1 3 131735 22 0 -14 -17 8953 0 0 0 1000 50 26025
1 15 1 3 131758 23 0 -14 -17 8976 0 0 0 1000 50 26003
1 15 1 3 131780 22 0 -14 -17 8998 0 0 0 1000 50 25980
1 15 1 3 131803 23 0 -14 -17 9021 0 0 0 1000 50 25958
1 15 1 3 131825 22 0 -14 -17 9043 0 0 0 1000 50 25935
1 15 1 3 131848 23 0 -14 -17 9066 0 0 0 1000 50 25913
1 15 1 3 131870 22 0 -14 -17 9088 0 0 0 1000 50 25890
1 15 1 3 131893 23 0 -14 -17 9111 0 0 0 1000 50 25868
1 15 1 3 131915 22 0 -14 -17 9133 0 0 0 1000 50 25845
1 15 1 3 131938 23 0 -14 -17 9156 0 0 0 1000 50 25823
1 15 1 3 131960 22 0 -14 -17 9178 0 0 0 1000 50 25800
1 15 1 3 131983 23 0 -14 -17 9201 0 0 0 1000 50 25778
1 15 1 3 132005 22 0 -14 -17 9223 0 0 0 1000 50 25755
1 15 1 3 132028 23 0 -14 -17 9246 0 0 0 1000 50 25733
1 15 1 3 132050 22 0 -14 -17 9268 0 0 0 1000 50 25710
1 15 1 3 132073 23 0 -14 -17 9291 0 0 0 1000 50 25688
1 15 1 3 132096 23 0 -14 -17 9314 0 0 0 1000 50 25665
1 15 1 3 132118 22 0 -14 -17 9314 0 0 0 1000 50 25642
1 15 1 3 132141 23 0 -14 -17 9314 0 0 0 1000 50 25620
1 15 1 3 132163 22 0 -14 -17 9314 0 0 0 1000 50 25597
1 15 1 3 132186 23 0 -14 -17 9314 0 0 0 1000 50 25575
1 15 1 3 132208 22 0 -14 -17 9314 0 0 0 1000 50 25552
1 15 1 3 132231 23 0 -14 -17 9314 0 0 0 1000 50 25530
1 15 1 3 132254 23 0 -14 -17 9314 0 0 0 1000 50 25507
1 15 1 3 132277 23 0 -14 -17 9314 0 0 0 1000 50 25484
1 15 1 3 132299 22 0 -14 -17 9314 0 0 0 1000 50 25461
1 15 1 3 132322 23 0 -14 -17 9314 0 0 0 1000 50 25439
1 15 1 3 132344 22 0 -14 -17 9314 0 0 0 1000 50 25416
1 15 1 3 132367 23 0 -14 -17 9314 0 0 0 1000 50 25394
1 15 1 3 132389 22 0 -14 -17 9314 0 0 0 1000 50 25371
1 15 1 3 132412 23 0 -14 -17 9314 0 0 0 1000 50 25349
1 15 1 3 132434 22 0 -14 -17 9314 0 0 0 1000 50 25326
1 15 1 3 132457 23 0 -14 -17 9314 0 0 0 1000 50 25304
1 15 1 3 132480 23 0 -14 -17 9314 0 0 0 1000 50 25281
1 15 1 3 132502 22 0 -14 -17 9314 0 0 0 1000 50 25258
1 15 1 3 132525 23 0 -14 -17 9314 0 0 0 1000 50 25236
1 15 1 3 132547 22 0 -14 -17 9314 0 0 0 1000 50 25213
1 15 1 3 132570 23 0 -14 -17 9314 0 0 0 1000 50 25191
1 15 1 3 132592 22 0 -14 -17 9314 0 0 0 1000 50 25168
1 15 1 3 132615 23 0 -14 -17 9314 0 0 0 1000 50 25146
1 15 1 3 132637 22 0 -14 -17 9314 0 0 0 1000 50 25123
1 15 1 3 132660 23 0 -14 -17 9314 0 0 0 1000 50 25101
1 15 1 3 132682 22 0 -14 -17 9314 0 0 0 1000 50 25078
1 15 1 3 132705 23 0 -14 -17 9314 0 0 0 1000 50 25056
1 15 1 3 132727 22 0 -14 -17 9314 0 0 0 1000 50 25033
1 15 1 3 132750 23 0 -14 -17 9314 0 0 0 1000 50 25011
1 15 1 3 132772 22 0 -14 -17 9314 0 0 0 1000 50 24988
1 15 1 3 132795 23 0 -14 -17 9314 0 0 0 1000 50 24966
1 15 1 3 132817 22 0 -14 -17 9314 0 0 0 1000 50 24943
1 15 1 3 132840 23 0 -14 -17 9314 0 0 0 1000 50 24921
1 15 1 3 132862 22 0 -14 -17 9314 0 0 0 1000 50 24898
1 15 1 3 132885 23 0 -14 -17 9314 0 0 0 1000 50 24876
1 15 1 3 132908 23 0 -14 -17 9314 0 0 0 1000 50 24853
1 15 1 3 132930 22 0 -14 -17 9314 0 0 0 1000 50 24830
1 15 1 3 132953 23 0 -14 -17 9314 0 0 0 1000 50 24808
1 15 1 3 132975 22 0 -14 -17 9314 0 0 0 1000 50 24785
1 15 1 3 132998 23 0 -14 -17 9314 0 0 0 1000 50 24763
1 15 1 3 133020 22 0 -14 -17 9314 0 0 0 1000 50 24740
1 15 1 3 133043 23 0 -14 -17 9314 0 0 0 1000 50 24718
1 15 1 3 133065 22 0 -14 -17 9314 0 0 0 1000 50 24695
1 15 1 3 133088 23 0 -14 -17 9314 0 0 0 1000 50 24673
1 15 1 3 133110 22 0 -14 -17 9314 0 0 0 1000 50 24650
1 15 1 3 133133 23 0 -14 -17 9314 0 0 0 1000 50 24628
1 15 1 3 133155 22 0 -14 -17 9314 0 0 0 1000 50 24605
1 15 1 3 133178 23 0 -14 -17 9314 0 0 0 1000 50 24583
1 15 1 3 133200 22 0 -14 -17 9314 0 0 0 1000 50 24560
1 15 1 3 133223 23 0 -14 -17 9314 0 0 0 1000 50 24538
1 15 1 3 133245 22 0 -14 -17 9314 0 0 0 1000 50 24515
1 15 1 3 133268 23 0 -14 -17 9314 0 0 0 1000 50 24493
1 15 1 3 133291 23 0 -14 -17 9314 0 0 0 1000 50 24470
1 15 1 3 133313 22 0 -14 -17 9314 0 0 0 1000 50 24447
1 15 1 3 133336 23 0 -14 -17 9314 0 0 0 1000 50 24425
1 15 1 3 133358 22 0 -14 -17 9314 0 0 0 1000 50 24402
1 15 1 3 133381 23 0 -14 -17 9314 0 0 0 1000 50 24380
1 15 1 3 133403 22 0 -14 -17 9314 0 0 0 1000 50 24357
1 15 1 3 133426 23 0 -14 -17 9314 0 0 0 1000 50 24335
1 15 1 3 133448 22 0 -14 -17 9314 0 0 0 1000 50 24312
1 15 1 3 133471 23 0 -14 -17 9314 0 0 0 1000 50 24290
1 15 1 3 133493 22 0 -14 -17 9314 0 0 0 1000 50 24267
1 15 1 3 133516 23 0 -14 -17 9314 0 0 0 1000 50 24245
1 15 1 3 133538 22 0 -14 -17 9314 0 0 0 1000 50 24222
1 15 1 3 133561 23 0 -14 -17 9314 0 0 0 1000 50 24200
1 15 1 3 133583 22 0 -14 -17 9314 0 0 0 1000 50 24177
1 15 1 3 133606 23 0 -14 -17 9314 0 0 0 1000 50 24155
1 15 1 3 133628 22 0 -14 -17 9314 0 0 0 1000 50 24132
1 15 1 3 133651 23 0 -14 -17 9314 0 0 0 1000 50 24110
1 15 1 3 133673 22 0 -14 -17 9314 0 0 0 1000 50 24087
1 15 1 3 133696 23 0 -14 -17 9314 0 0 0 1000 50 24065
1 15 1 3 133719 23 0 -14 -17 9314 0 0 0 1000 50 24042
1 15 1 3 133741 22 0 -14 -17 9314 0 0 0 1000 50 24019
1 15 1 3 133764 23 0 -14 -17 9314 0 0 0 1000 50 23997
1 15 1 3 133786 22 0 -14 -17 9314 0 0 0 1000 50 23974
1 15 1 3 133809 23 0 -14 -17 9314 0 0 0 1000 50 23952
1 15 1 3 133831 22 0 -14 -17 9314 0 0 0 1000 50 23929
1 15 1 3 133854 23 0 -14 -17 9314 0 0 0 1000 50 23907
1 15 1 3 133876 22 0 -14 -17 9314 0 0 0 1000 50 23884
1 15 1 3 133899 23 0 -14 -17 9314 0 0 0 1000 50 23862
1 15 1 3 133921 22 0 -14 -17 9314 0 0 0 1000 50 23839
1 15 1 3 133944 23 0 -14 -17 9314 0 0 0 1000 50 23817
1 15 1 3 133966 22 0 -14 -17 9314 0 0 0 1000 50 23794
1 15 1 3 133989 23 0 -14 -17 9314 0 0 0 1000 50 23772
1 15 1 3 134011 22 0 -14 -17 9314 0 0 0 1000 50 23749
1 15 1 3 134034 23 0 -14 -17 9314 0 0 0 1000 50 23727
1 15 1 3 134056 22 0 -14 -17 9314 0 0 0 1000 50 23704
1 15 1 3 134079 23 0 -14 -17 9314 0 0 0 1000 50 23682
1 15 1 3 134102 23 0 -14 -17 9314 0 0 0 1000 50 23659
1 15 1 3 134124 22 0 -14 -17 9314 0 0 0 1000 50 23636
1 15 1 3 134147 23 0 -14 -17 9314 0 0 0 1000 50 23614
1 15 1 3 134169 22 0 -14 -17 9314 0 0 0 1000 50 23591
1 15 1 3 134192 23 0 -14 -17 9314 0 0 0 1000 50 23569
1 15 1 3 134214 22 0 -14 -17 9314 0 0 0 1000 50 23546
1 15 1 3 134237 23 0 -14 -17 9314 0 0 0 1000 50 23524
1 15 1 3 134259 22 0 -14 -17 9314 0 0 0 1000 50 23501
1 15 1 3 134282 23 0 -14 -17 9314 0 0 0 1000 50 23479
1 15 1 3 134304 22 0 -14 -17 9314 0 0 0 1000 50 23456
1 15 1 3 134327 23 0 -14 -17 9314 0 0 0 1000 50 23434
1 15 1 3 134349 22 0 -14 -17 9314 0 0 0 1000 50 23411
1 15 1 3 134372 23 0 -14 -17 9314 0 0 0 1000 50 23389
1 15 1 3 134394 22 0 -14 -17 9314 0 0 0 1000 50 23366
1 15 1 3 134417 23 0 -14 -17 9314 0 0 0 1000 50 23344
1 15 1 3 134439 22 0 -14 -17 9314 0 0 0 1000 50 23321
1 15 1 3 134462 23 0 -14 -17 9314 0 0 0 1000 50 23299
1 15 1 3 134484 22 0 -14 -17 9314 0 0 0 1000 50 23276
1 15 1 3 134507 23 0 -14 -17 9314 0 0 0 1000 50 23254
1 15 1 3 134530 23 0 -14 -17 9314 0 0 0 1000 50 23231
1 15 1 3 134552 22 0 -14 -17 9314 0 0 0 1000 50 23208
1 15 1 3 134575 23 0 -14 -17 9314 0 0 0 1000 50 23186
1 15 1 3 134597 22 0 -14 -17 9314 0 0 0 1000 50 23163
1 15 1 3 134620 23 0 -14 -17 9314 0 0 0 1000 50 23141
1 15 1 3 134642 22 0 -14 -17 9314 0 0 0 1000 50 23118
1 15 1 3 134665 23 0 -14 -17 9314 0 0 0 1000 50 23096
1 15 1 3 134687 22 0 -14 -17 9314 0 0 0 1000 50 23073
1 15 1 3 134710 23 0 -14 -17 9314 0 0 0 1000 50 23051
1 15 1 3 134732 22 0 -14 -17 9314 0 0 0 1000 50 23028
1 15 1 3 134755 23 0 -14 -17 9314 0 0 0 1000 50 23006
1 15 1 3 134777 22 0 -14 -17 9314 0 0 0 1000 50 22983
1 15 1 3 134800 23 0 -14 -17 9314 0 0 0 1000 50 22961
1 15 1 3 134822 22 0 -14 -17 9314 0 0 0 1000 50 22938
1 15 1 3 134845 23 0 -14 -17 9314 0 0 0 1000 50 22916
1 15 1 3 134867 22 0 -14 -17 9314 0 0 0 1000 50 22893
1 15 1 3 134890 23 0 -14 -17 9314 0 0 0 1000 50 22871
1 15 1 3 134913 23 0 -14 -17 9314 0 0 0 1000 50 22848
1 15 1 3 134935 22 0 -14 -17 9314 0 0 1 977 50 22825
1 15 1 3 134958 23 0 -14 -17 9314 0 0 1 955 50 22803
1 15 1 3 134980 22 0 -14 -17 9314 0 0 1 932 50 22780
1 15 1 3 135003 23 0 -14 -17 9314 0 0 1 910 50 22758
1 15 1 3 135025 22 0 -14 -17 9314 0 0 1 887 50 22735
1 15 1 3 135048 23 0 -14 -17 9314 0 0 1 865 50 22713
1 15 1 3 135070 22 0 -14 -17 9314 0 0 1 842 50 22690
1 15 1 3 135093 23 0 -14 -17 9314 0 0 1 820 50 22668
1 15 1 3 135115 22 0 -14 -17 9314 0 0 1 797 50 22645
1 15 1 3 135138 23 0 -14 -17 9314 0 0 1 775 50 22623
1 15 1 3 135160 22 0 -14 -17 9314 0 0 1 752 50 22600
1 15 1 3 135183 23 0 -14 -17 9314 0 0 1 730 50 22578
1 15 1 3 135205 22 0 -14 -17 9314 0 0 1 707 50 22555
1 15 1 3 135228 23 0 -14 -17 9314 0 0 1 685 50 22533
1 15 1 3 135250 22 0 -14 -17 9314 0 0 1 662 50 22510
1 15 1 3 135273 23 0 -14 -17 9314 0 0 1 640 50 22488
1 15 1 3 135296 23 0 -14 -17 9314 0 0 1 617 50 22465
1 15 1 3 135318 22 0 -14 -17 9314 0 0 1 594 50 22442
1 15 1 3 135341 23 0 -14 -17 9314 0 0 1 572 50 22420
1 15 1 3 135363 22 0 -14 -17 9314 0 0 1 549 50 22397
1 15 1 3 135386 23 0 -14 -17 9314 0 0 1 527 50 22375
1 15 1 3 135408 22 0 -14 -17 9314 0 0 1 504 50 22352
1 15 1 3 135431 23 0 -14 -17 9314 0 0 1 482 50 22330
1 15 1 3 135453 22 0 -14 -17 9314 0 0 1 459 50 22307
1 15 1 3 135476 23 0 -14 -17 9314 0 0 1 437 50 22285
1 15 1 3 135498 22 0 -14 -17 9314 0 0 1 414 50 22262
1 15 1 3 135521 23 0 -14 -17 9314 0 0 1 392 50 22240
1 15 1 3 135543 22 0 -14 -17 9314 0 0 1 369 50 22217
1 15 1 3 135566 23 0 -14 -17 9314 0 0 1 347 50 22195
1 15 1 3 135588 22 0 -14 -17 9314 0 0 1 324 50 22172
1 15 1 3 135610 22 0 -14 -17 9314 0 0 1 302 50 22150
1 15 1 3 135632 22 0 -14 -17 9314 0 0 1 280 50 22128
1 15 1 3 135655 23 0 -14 -17 9314 0 0 1 258 50 22106
1 15 1 3 135677 22 0 -14 -17 9314 0 0 1 235 50 22083
1 15 1 3 135700 23 0 -14 -17 9314 0 0 1 213 50 22061
1 15 1 3 135723 23 0 -14 -17 9314 0 0 1 190 50 22038
1 15 1 3 135745 22 0 -14 -17 9314 0 0 1 167 50 22015
1 15 1 3 135768 23 0 -14 -17 9314 0 0 1 145 50 21993
1 15 1 3 135790 22 0 -14 -17 9314 0 0 1 122 50 21970
1 15 1 3 135813 23 0 -14 -17 9314 0 0 1 100 50 21948
1 15 1 3 135835 22 0 -14 -17 9314 0 0 1 77 50 21925
1 15 1 3 135858 23 0 -14 -17 9314 0 0 1 55 50 21903
1 15 1 3 135880 22 0 -14 -17 9314 0 0 1 32 50 21880
1 15 1 3 135903 23 0 -14 -17 9314 0 0 1 10 50 21858
1 15 1 3 135925 22 0 -14 -17 9314 0 0 1 -13 50 21835
1 15 1 3 135948 23 0 -14 -17 9314 0 0 1 -13 28 21813
1 15 1 3 135970 22 0 -14 -17 9314 0 0 1 -13 5 21790
1 15 1 3 135993 23 0 -14 -17 9314 0 0 1 -13 -17 21768
1 15 1 3 136015 22 0 -14 -17 9314 0 0 0 1000 50 21745
1 15 1 3 136038 23 0 -14 -17 9314 0 0 0 1000 50 21723
1 15 1 3 136060 22 0 -14 -17 9314 0 0 0 1000 50 21700
1 15 1 3 136083 23 0 -14 -17 9314 0 0 0 1000 50 21678
1 15 1 3 136105 22 0 -14 -17 9314 0 0 0 1000 50 21655
1 15 1 3 136128 23 0 -14 -17 9314 0 0 0 1000 50 21633
1 15 1 3 136151 23 0 -14 -17 9314 0 0 0 1000 50 21610
1 15 1 3 136173 22 0 -14 -17 9314 0 0 0 1000 50 21587
1 15 1 3 136196 23 0 -14 -17 9314 0 0 0 1000 50 21565
1 15 1 3 136218 22 0 -14 -17 9314 0 0 0 1000 50 21542
1 15 1 3 136241 23 0 -14 -17 9314 0 0 0 1000 50 21520
1 15 1 3 136263 22 0 -14 -17 9314 0 0 0 1000 50 21497
1 15 1 3 136286 23 0 -14 -17 9314 0 0 0 1000 50 21475
1 15 1 3 136308 22 0 -14 -17 9314 0 0 0 1000 50 21452
1 15 1 3 136331 23 0 -14 -17 9314 0 0 0 1000 50 21430
1 15 1 3 136353 22 0 -14 -17 9314 0 0 0 1000 50 21407
1 15 1 3 136376 23 0 -14 -17 9314 0 0 0 1000 50 21385
1 15 1 3 136398 22 0 -14 -17 9314 0 0 0 1000 50 21362
1 15 1 3 136421 23 0 -14 -17 9314 0 0 0 1000 50 21340
1 15 1 3 136443 22 0 -14 -17 9314 0 0 0 1000 50 21317
1 15 1 3 136466 23 0 -14 -17 9314 0 0 0 1000 50 21295
1 15 1 3 136488 22 0 -14 -17 9314 0 0 0 1000 50 21272
1 15 1 3 136511 23 0 -14 -17 9314 0 0 0 1000 50 21250
1 15 1 3 136534 23 0 -14 -17 9314 0 0 0 1000 50 21227
1 15 1 3 136556 22 0 -14 -17 9314 0 0 0 1000 50 21204
1 15 1 3 136579 23 0 -14 -17 9314 0 0 0 1000 50 21182
1 15 1 3 136601 22 0 -14 -17 9314 0 0 0 1000 50 21159
1 15 1 3 136624 23 0 -14 -17 9314 0 0 0 1000 50 21137
1 15 1 3 136646 22 0 -14 -17 9314 0 0 0 1000 50 21114
1 15 1 3 136669 23 0 -14 -17 9314 0 0 0 1000 50 21092
1 15 1 3 136691 22 0 -14 -17 9314 0 0 0 1000 50 21069
1 15 1 3 136714 23 0 -14 -17 9314 0 0 0 1000 50 21047
1 15 1 3 136736 22 0 -14 -17 9314 0 0 0 1000 50 21024
1 15 1 3 136759 23 0 -14 -17 9314 0 0 0 1000 50 21002
1 15 1 3 136781 22 0 -14 -17 9314 0 0 0 1000 50 20979
1 15 1 3 136804 23 0 -14 -17 9314 0 0 0 1000 50 20957
1 15 1 3 136826 22 0 -14 -17 9314 0 0 0 1000 50 20934
1 15 1 3 136849 23 0 -14 -17 9314 0 0 0 1000 50 20912
1 15 1 3 136871 22 0 -14 -17 9314 0 0 0 1000 50 20889
1 15 1 3 136894 23 0 -14 -17 9314 0 0 0 1000 50 20867
1 15 1 3 136916 22 0 -14 -17 9314 0 0 0 1000 50 20844
1 15 1 3 136939 23 0 -14 -17 9314 0 0 0 1000 50 20822
1 15 1 3 136962 23 0 -14 -17 9314 0 0 0 1000 50 20799
1 15 1 3 136984 22 0 -14 -17 9314 0 0 0 1000 50 20776
1 15 1 3 137007 23 0 -14 -17 9314 0 0 0 1000 50 20754
1 15 1 3 137029 22 0 -14 -17 9314 0 0 0 1000 50 20731
1 15 1 3 137052 23 0 -14 -17 9314 0 0 0 1000 50 20709
1 15 1 3 137074 22 0 -14 -17 9314 0 0 0 1000 50 20686
1 15 1 3 137097 23 0 -14 -17 9314 0 0 0 1000 50 20664
1 15 1 3 137119 22 0 -14 -17 9292 0 0 0 1000 50 20641
1 15 1 3 137142 23 0 -14 -17 9269 0 0 0 1000 50 20619
1 15 1 3 137164 22 0 -14 -17 9247 0 0 0 1000 50 20596
1 15 1 3 137187 23 0 -14 -17 9224 0 0 0 1000 50 20574
1 15 1 3 137209 22 0 -14 -17 9202 0 0 0 1000 50 20551
1 15 1 3 137232 23 0 -14 -17 9179 0 0 0 1000 50 20529
1 15 1 3 137254 22 0 -14 -17 9157 0 0 0 1000 50 20506
1 15 1 3 137277 23 0 -14 -17 9134 0 0 0 1000 50 20484
1 15 1 3 137299 22 0 -14 -17 9112 0 0 0 1000 50 20461
1 15 1 3 137323 24 0 -14 -17 9089 0 0 0 1000 50 20439
1 15 1 3 137346 23 0 -14 -17 9066 0 0 0 1000 50 20415
1 15 1 3 137368 22 0 -14 -17 9044 0 0 0 1000 50 20392
1 15 1 3 137391 23 0 -14 -17 9021 0 0 0 1000 50 20370
1 15 1 3 137413 22 0 -14 -17 8999 0 0 0 1000 50 20347
1 15 1 3 137436 23 0 -14 -17 8975 0 0 0 1000 50 20325
1 15 1 3 137458 22 0 -14 -17 8953 0 0 0 1000 50 20302
1 15 1 3 137481 23 0 -14 -17 8930 0 0 0 1000 50 20280
1 15 1 3 137503 22 0 -14 -17 8908 0 0 0 1000 50 20257
1 15 1 3 137526 23 0 -14 -17 8885 0 0 0 1000 50 20235
1 15 1 3 137548 22 0 -14 -17 8863 0 0 0 1000 50 20212
1 15 1 3 137571 23 0 -14 -17 8840 0 0 0 1000 50 20190
1 15 1 3 137593 22 0 -14 -17 8818 0 0 0 1000 50 20167
1 15 1 3 137616 23 0 -14 -17 8795 0 0 0 1000 50 20145
1 15 1 3 137638 22 0 -14 -17 8773 0 0 0 1000 50 20122
1 15 1 3 137661 23 0 -14 -17 8750 0 0 0 1000 50 20100
1 15 1 3 137683 22 0 -14 -17 8728 0 0 0 1000 50 20077
1 15 1 3 137706 23 0 -14 -17 8705 0 0 0 1000 50 20055
1 15 1 3 137729 23 0 -14 -17 8682 0 0 0 1000 50 20032
1 15 1 3 137751 22 0 -14 -17 8660 0 0 0 1000 50 20009
1 15 1 3 137775 24 0 -14 -17 8637 0 0 0 1000 50 19987
1 15 1 3 137797 22 0 -14 -17 8615 0 0 0 1000 50 19963
1 15 1 3 137820 23 0 -14 -17 8592 0 0 0 1000 50 19941
1 15 1 3 137842 22 0 -14 -17 8570 0 0 0 1000 50 19918
1 15 1 3 137865 23 0 -14 -17 8547 0 0 0 1000 50 19896
1 15 1 3 137887 22 0 -14 -17 8525 0 0 0 1000 50 19873
1 15 1 3 137910 23 0 -14 -17 8501 0 0 0 1000 50 19851
1 15 1 3 137932 22 0 -14 -17 8479 0 0 0 1000 50 19828
1 15 1 3 137955 23 0 -14 -17 8456 0 0 0 1000 50 19806
1 15 1 3 137977 22 0 -14 -17 8434 0 0 0 1000 50 19783
1 15 1 3 138000 23 0 -14 -17 8411 0 0 0 1000 50 19761
1 15 1 3 138022 22 0 -14 -17 8389 0 0 0 1000 50 19738
1 15 1 3 138045 23 0 -14 -17 8366 0 0 0 1000 50 19716
1 15 1 3 138067 22 0 -14 -17 8344 0 0 0 1000 50 19693
1 15 1 3 138090 23 0 -14 -17 8321 0 0 0 1000 50 19671
1 15 1 3 138113 23 0 -14 -17 8298 0 0 1 977 50 19648
1 15 1 3 138135 22 0 -14 -17 8276 0 0 1 954 50 19625
1 15 1 3 138158 23 0 -14 -17 8253 0 0 1 932 50 19603
1 15 1 3 138180 22 0 -14 -17 8231 0 0 1 909 50 19580
1 15 1 3 138203 23 0 -14 -17 8208 0 0 1 887 50 19558
1 15 1 3 138225 22 0 -14 -17 8186 0 0 1 864 50 19535
1 15 1 3 138248 23 0 -14 -17 8163 0 0 1 842 50 19513
1 15 1 3 138270 22 0 -14 -17 8141 0 0 1 819 50 19490
1 15 1 3 138293 23 0 -14 -17 8118 0 0 1 797 50 19468
1 15 1 3 138315 22 0 -14 -17 8096 0 0 1 774 50 19445
1 15 1 3 138338 23 0 -14 -17 8073 0 0 1 752 50 19423
1 15 1 3 138360 22 0 -14 -17 8051 0 0 1 729 50 19400
1 15 1 3 138383 23 0 -14 -17 8028 0 0 1 707 50 19378
1 15 1 3 138405 22 0 -14 -17 8006 0 0 1 684 50 19355
1 15 1 3 138428 23 0 -14 -17 7983 0 0 1 662 50 19333
1 15 1 3 138450 22 0 -14 -17 7961 0 0 1 639 50 19310
1 15 1 3 138473 23 0 -14 -17 7938 0 0 1 617 50 19288
1 15 1 3 138496 23 0 -14 -17 7915 0 0 1 594 50 19265
1 15 1 3 138518 22 0 -14 -17 7893 0 0 1 571 50 19242
1 15 1 3 138541 23 0 -14 -17 7870 0 0 1 549 50 19220
1 15 1 3 138563 22 0 -14 -17 7848 0 0 1 526 50 19197
1 15 1 3 138586 23 0 -14 -17 7825 0 0 1 504 50 19175
1 15 1 3 138608 22 0 -14 -17 7803 0 0 1 481 50 19152
1 15 1 3 138631 23 0 -14 -17 7780 0 0 1 459 50 19130
1 15 1 3 138653 22 0 -14 -17 7758 0 0 1 436 50 19107
1 15 1 3 138676 23 0 -14 -17 7735 0 0 1 414 50 19085
1 15 1 3 138698 22 0 -14 -17 7713 0 0 1 391 50 19062
1 15 1 3 138721 23 0 -14 -17 7690 0 0 1 369 50 19040
1 15 1 3 138743 22 0 -14 -17 7668 0 0 1 346 50 19017
1 15 1 3 138766 23 0 -14 -17 7645 0 0 1 324 50 18995
1 15 1 3 138788 22 0 -14 -17 7623 0 0 1 301 50 18972
1 15 1 3 138811 23 0 -14 -17 7600 0 0 1 279 50 18950
1 15 1 3 138833 22 0 -14 -17 7578 0 0 1 256 50 18927
1 15 1 3 138856 23 0 -14 -17 7555 0 0 1 234 50 18905
1 15 1 3 138878 22 0 -14 -17 7533 0 0 1 211 50 18882
1 15 1 3 138901 23 0 -14 -17 7510 0 0 1 189 50 18860
1 15 1 3 138924 23 0 -14 -17 7487 0 0 1 166 50 18837
1 15 1 3 138946 22 0 -14 -17 7465 0 0 1 143 50 18814
1 15 1 3 138969 23 0 -14 -17 7442 0 0 1 121 50 18792
1 15 1 3 138991 22 0 -14 -17 7420 0 0 1 98 50 18769
1 15 1 3 139014 23 0 -14 -17 7397 0 0 1 76 50 18747
1 15 1 3 139036 22 0 -14 -17 7375 0 0 1 53 50 18724
1 15 1 3 139059 23 0 -14 -17 7352 0 0 1 31 50 18702
1 15 1 3 139081 22 0 -14 -17 7330 0 0 1 8 50 18679
1 15 1 3 139104 23 0 -14 -17 7307 0 0 1 -14 50 18657
1 15 1 3 139126 22 0 -14 -17 7285 0 0 1 -14 27 18634
1 15 1 3 139149 23 0 -14 -17 7262 0 0 1 -14 5 18612
1 15 1 3 139171 22 0 -14 -17 7240 0 0 1 -14 -18 18589
1 15 1 3 139194 23 0 -14 -17 7217 0 0 0 1000 50 18567
1 15 1 3 139216 22 0 -14 -17 7195 0 0 0 1000 50 18544
1 15 1 3 139239 23 0 -14 -17 7172 0 0 0 1000 50 18522
1 15 1 3 139261 22 0 -14 -17 7150 0 0 0 1000 50 18499
1 15 1 3 139284 23 0 -14 -17 7127 0 0 0 1000 50 18477
1 15 1 3 139307 23 0 -14 -17 7104 0 0 0 1000 50 18454
1 15 1 3 139329 22 0 -14 -17 7082 0 0 0 1000 50 18431
1 15 1 3 139352 23 0 -14 -17 7059 0 0 0 1000 50 18409
1 15 1 3 139374 22 0 -14 -17 7037 0 0 0 1000 50 18386
1 15 1 3 139397 23 0 -14 -17 7014 0 0 0 1000 50 18364
1 15 1 3 139419 22 0 -14 -17 6992 0 0 0 1000 50 18341
1 15 1 3 139442 23 0 -14 -17 6969 0 0 0 1000 50 18319
1 15 1 3 139464 22 0 -14 -17 6947 0 0 0 1000 50 18296
1 15 1 3 139487 23 0 -14 -17 6924 0 0 0 1000 50 18274
1 15 1 3 139509 22 0 -14 -17 6902 0 0 0 1000 50 18251
1 15 1 3 139532 23 0 -14 -17 6879 0 0 0 1000 50 18229
1 15 1 3 139554 22 0 -14 -17 6857 0 0 0 1000 50 18206
1 15 1 3 139578 24 0 -14 -17 6834 0 0 0 1000 50 18184
1 15 1 3 139600 22 0 -14 -17 6812 0 0 0 1000 50 18160
1 15 1 3 139623 23 0 -14 -17 6789 0 0 0 1000 50 18138
1 15 1 3 139645 22 0 -14 -17 6767 0 0 0 1000 50 18115
1 15 1 3 139668 23 0 -14 -17 6744 0 0 0 1000 50 18093
1 15 1 3 139691 23 0 -14 -17 6720 0 0 0 1000 50 18070
1 15 1 3 139713 22 0 -14 -17 6698 0 0 0 1000 50 18047
1 15 1 3 139736 23 0 -14 -17 6675 0 0 0 1000 50 18025
1 15 1 3 139758 22 0 -14 -17 6653 0 0 0 1000 50 18002
1 15 1 3 139781 23 0 -14 -17 6630 0 0 0 1000 50 17980
1 15 1 3 139803 22 0 -14 -17 6608 0 0 0 1000 50 17957
1 15 1 3 139826 23 0 -14 -17 6585 0 0 0 1000 50 17935
1 15 1 3 139848 22 0 -14 -17 6563 0 0 0 1000 50 17912
1 15 1 3 139871 23 0 -14 -17 6540 0 0 0 1000 50 17890
1 15 1 3 139893 22 0 -14 -17 6518 0 0 0 1000 50 17867
1 15 1 3 139916 23 0 -14 -17 6495 0 0 0 1000 50 17845
1 15 1 3 139938 22 0 -14 -17 6473 0 0 0 1000 50 17822
1 15 1 3 139961 23 0 -14 -17 6450 0 0 0 1000 50 17800
1 15 1 3 139983 22 0 -14 -17 6428 0 0 0 1000 50 17777
1 15 1 3 140006 23 0 -14 -17 6405 0 0 0 1000 50 17755
1 15 1 3 140028 22 0 -14 -17 6383 0 0 0 1000 50 17732
1 15 1 3 140051 23 0 -14 -17 6360 0 0 0 1000 50 17710
1 15 1 3 140073 22 0 -14 -17 6338 0 0 0 1000 50 17687
1 15 1 3 140097 24 0 -14 -17 6315 0 0 0 1000 50 17665
1 15 1 3 140120 23 0 -14 -17 6292 0 0 0 1000 50 17641
1 15 1 3 140142 22 0 -14 -17 6270 0 0 0 1000 50 17618
1 15 1 3 140165 23 0 -14 -17 6247 0 0 0 1000 50 17596
1 15 1 3 140187 22 0 -14 -17 6225 0 0 0 1000 50 17573
1 15 1 3 140210 23 0 -14 -17 6201 0 0 0 1000 50 17551
1 15 1 3 140232 22 0 -14 -17 6179 0 0 0 1000 50 17528
1 15 1 3 140255 23 0 -14 -17 6156 0 0 0 1000 50 17506
1 15 1 3 140277 22 0 -14 -17 6134 0 0 0 1000 50 17483
1 15 1 3 140300 23 0 -14 -17 6111 0 0 0 1000 50 17461
1 15 1 3 140322 22 0 -14 -17 6089 0 0 0 1000 50 17438
1 15 1 3 140345 23 0 -14 -17 6066 0 0 0 1000 50 17416
1 15 1 3 140367 22 0 -14 -17 6044 0 0 0 1000 50 17393
1 15 1 3 140390 23 0 -14 -17 6021 0 0 0 1000 50 17371
1 15 1 3 140412 22 0 -14 -17 5999 0 0 0 1000 50 17348
1 15 1 3 140435 23 0 -14 -17 5976 0 0 1 978 50 17326
1 15 1 3 140457 22 0 -14 -17 5954 0 0 1 955 50 17303
1 15 1 3 140480 23 0 -14 -17 5931 0 0 1 933 50 17281
1 15 1 3 140503 23 0 -14 -17 5908 0 0 1 910 50 17258
1 15 1 3 140525 22 0 -14 -17 5886 0 0 1 887 50 17235
1 15 1 3 140548 23 0 -14 -17 5863 0 0 1 865 50 17213
1 15 1 3 140570 22 0 -14 -17 5841 0 0 1 842 50 17190
1 15 1 3 140593 23 0 -14 -17 5818 0 0 1 820 50 17168
1 15 1 3 140615 22 0 -14 -17 5796 0 0 1 797 50 17145
1 15 1 3 140638 23 0 -14 -17 5773 0 0 1 775 50 17123
1 15 1 3 140660 22 0 -14 -17 5751 0 0 1 752 50 17100
1 15 1 3 140683 23 0 -14 -17 5728 0 0 1 730 50 17078
1 15 1 3 140705 22 0 -14 -17 5706 0 0 1 707 50 17055
1 15 1 3 140728 23 0 -14 -17 5683 0 0 1 685 50 17033
1 15 1 3 140750 22 0 -14 -17 5661 0 0 1 662 50 17010
1 15 1 3 140773 23 0 -14 -17 5638 0 0 1 640 50 16988
1 15 1 3 140795 22 0 -14 -17 5616 0 0 1 617 50 16965
1 15 1 3 140818 23 0 -14 -17 5593 0 0 1 595 50 16943
1 15 1 3 140840 22 0 -14 -17 5571 0 0 1 572 50 16920
1 15 1 3 140863 23 0 -14 -17 5548 0 0 1 550 50 16898
1 15 1 3 140886 23 0 -14 -17 5525 0 0 1 527 50 16875
1 15 1 3 140908 22 0 -14 -17 5503 0 0 1 504 50 16852
1 15 1 3 140931 23 0 -14 -17 5480 0 0 1 482 50 16830
1 15 1 3 140953 22 0 -14 -17 5458 0 0 1 459 50 16807
1 15 1 3 140976 23 0 -14 -17 5435 0 0 1 437 50 16785
1 15 1 3 140998 22 0 -14 -17 5413 0 0 1 414 50 16762
1 15 1 3 141021 23 0 -14 -17 5390 0 0 1 392 50 16740
1 15 1 3 141043 22 0 -14 -17 5368 0 0 1 369 50 16717
1 15 1 3 141066 23 0 -14 -17 5345 0 0 1 347 50 16695
1 15 1 3 141088 22 0 -14 -17 5323 0 0 1 324 50 16672
1 15 1 3 141111 23 0 -14 -17 5300 0 0 1 302 50 16650
1 15 1 3 141133 22 0 -14 -17 5278 0 0 1 279 50 16627
1 15 1 3 141156 23 0 -14 -17 5255 0 0 1 257 50 16605
1 15 1 3 141178 22 0 -14 -17 5233 0 0 1 234 50 16582
1 15 1 3 141201 23 0 -14 -17 5210 0 0 1 212 50 16560
1 15 1 3 141223 22 0 -14 -17 5188 0 0 1 189 50 16537
1 15 1 3 141246 23 0 -14 -17 5165 0 0 1 167 50 16515
1 15 1 3 141268 22 0 -14 -17 5143 0 0 1 144 50 16492
1 15 1 3 141291 23 0 -14 -17 5120 0 0 1 122 50 16470
1 15 1 3 141314 23 0 -14 -17 5097 0 0 1 99 50 16447
1 15 1 3 141336 22 0 -14 -17 5075 0 0 1 76 50 16424
1 15 1 3 141359 23 0 -14 -17 5052 0 0 1 54 50 16402
1 15 1 3 141381 22 0 -14 -17 5030 0 0 1 31 50 16379
1 15 1 3 141404 23 0 -14 -17 5007 0 0 1 9 50 16357
1 15 1 3 141426 22 0 -14 -17 4985 0 0 1 -14 50 16334
1 15 1 3 141449 23 0 -14 -17 4962 0 0 1 -14 28 16312
1 15 1 3 141471 22 0 -14 -17 4940 0 0 1 -14 5 16289
1 15 1 3 141494 23 0 -14 -17 4917 0 0 1 -14 -17 16267
1 15 1 3 141516 22 0 -14 -17 4896 0 0 0 1000 50 16244
1 15 1 3 141539 23 0 -14 -17 4872 0 0 0 1000 50 16222
1 15 1 3 141561 22 0 -14 -17 4850 0 0 0 1000 50 16199
1 15 1 3 141584 23 0 -14 -17 4827 0 0 0 1000 50 16177
1 15 1 3 141606 22 0 -14 -17 4805 0 0 0 1000 50 16154
1 15 1 3 141629 23 0 -14 -17 4782 0 0 0 1000 50 16132
1 15 1 3 141651 22 0 -14 -17 4760 0 0 0 1000 50 16109
1 15 1 3 141674 23 0 -14 -17 4737 0 0 0 1000 50 16087
1 15 1 3 141697 23 0 -14 -17 4714 0 0 0 1000 50 16064
1 15 1 3 141719 22 0 -14 -17 4692 0 0 0 1000 50 16041
1 15 1 3 141742 23 0 -14 -17 4669 0 0 0 1000 50 16019
1 15 1 3 141764 22 0 -14 -17 4647 0 0 0 1000 50 15996
1 15 1 3 141787 23 0 -14 -17 4624 0 0 0 1000 50 15974
1 15 1 3 141809 22 0 -14 -17 4602 0 0 0 1000 50 15951
1 15 1 3 141832 23 0 -14 -17 4579 0 0 0 1000 50 15929
1 15 1 3 141854 22 0 -14 -17 4557 0 0 0 1000 50 15906
1 15 1 3 141877 23 0 -14 -17 4534 0 0 0 1000 50 15884
1 15 1 3 141899 22 0 -14 -17 4512 0 0 0 1000 50 15861
1 15 1 3 141922 23 0 -14 -17 4489 0 0 0 1000 50 15839
1 15 1 3 141945 23 0 -14 -17 4467 0 0 0 1000 50 15816
1 15 1 3 141968 23 0 -14 -17 4444 0 0 0 1000 50 15793
1 15 1 3 141990 22 0 -14 -17 4422 0 0 0 1000 50 15770
1 15 1 3 142013 23 0 -14 -17 4399 0 0 0 1000 50 15748
1 15 1 3 142035 22 0 -14 -17 4377 0 0 0 1000 50 15725
1 15 1 3 142058 23 0 -14 -17 4353 0 0 0 1000 50 15703
1 15 1 3 142081 23 0 -14 -17 4330 0 0 0 1000 50 15680
1 15 1 3 142103 22 0 -14 -17 4308 0 0 0 1000 50 15657
1 15 1 3 142126 23 0 -14 -17 4285 0 0 0 1000 50 15635
1 15 1 3 142148 22 0 -14 -17 4263 0 0 0 1000 50 15612
1 15 1 3 142171 23 0 -14 -17 4240 0 0 0 1000 50 15590
1 15 1 3 142193 22 0 -14 -17 4218 0 0 0 1000 50 15567
1 15 1 3 142216 23 0 -14 -17 4195 0 0 0 1000 50 15545
1 15 1 3 142238 22 0 -14 -17 4173 0 0 0 1000 50 15522
1 15 1 3 142261 23 0 -14 -17 4150 0 0 0 1000 50 15500
1 15 1 3 142283 22 0 -14 -17 4128 0 0 0 1000 50 15477
1 15 1 3 142306 23 0 -14 -17 4105 0 0 0 1000 50 15455
1 15 1 3 142328 22 0 -14 -17 4083 0 0 0 1000 50 15432
1 15 1 3 142351 23 0 -14 -17 4060 0 0 0 1000 50 15410
1 15 1 3 142373 22 0 -14 -17 4038 0 0 0 1000 50 15387
1 15 1 3 142396 23 0 -14 -17 4015 0 0 0 1000 50 15365
1 15 1 3 142418 22 0 -14 -17 3993 0 0 0 1000 50 15342
1 15 1 3 142441 23 0 -14 -17 3970 0 0 0 1000 50 15320
1 15 1 3 142465 24 0 -14 -17 3947 0 0 0 1000 50 15297
1 15 1 3 142487 22 0 -14 -17 3925 0 0 0 1000 50 15273
1 15 1 3 142510 23 0 -14 -17 3902 0 0 0 1000 50 15251
1 15 1 3 142532 22 0 -14 -17 3880 0 0 0 1000 50 15228
1 15 1 3 142555 23 0 -14 -17 3857 0 0 0 1000 50 15206
1 15 1 3 142577 22 0 -14 -17 3835 0 0 0 1000 50 15183
1 15 1 3 142600 23 0 -14 -17 3811 0 0 0 1000 50 15161
1 15 1 3 142622 22 0 -14 -17 3789 0 0 0 1000 50 15138
1 15 1 3 142645 23 0 -14 -17 3766 0 0 0 1000 50 15116
1 15 1 3 142667 22 0 -14 -17 3744 0 0 0 1000 50 15093
1 15 1 3 142690 23 0 -14 -17 3721 0 0 0 1000 50 15071
1 15 1 3 142712 22 0 -14 -17 3699 0 0 1 977 50 15048
1 15 1 3 142735 23 0 -14 -17 3676 0 0 1 955 50 15026
1 15 1 3 142757 22 0 -14 -17 3654 0 0 1 932 50 15003
1 15 1 3 142780 23 0 -14 -17 3631 0 0 1 910 50 14981
1 15 1 3 142802 22 0 -14 -17 3609 0 0 1 887 50 14958
1 15 1 3 142825 23 0 -14 -17 3586 0 0 1 865 50 14936
1 15 1 3 142848 23 0 -14 -17 3563 0 0 1 842 50 14913
1 15 1 3 142870 22 0 -14 -17 3541 0 0 1 819 50 14890
1 15 1 3 142893 23 0 -14 -17 3518 0 0 1 797 50 14868
1 15 1 3 142915 22 0 -14 -17 3496 0 0 1 774 50 14845
1 15 1 3 142938 23 0 -14 -17 3473 0 0 1 752 50 14823
1 15 1 3 142960 22 0 -14 -17 3451 0 0 1 729 50 14800
1 15 1 3 142983 23 0 -14 -17 3428 0 0 1 707 50 14778
1 15 1 3 143005 22 0 -14 -17 3406 0 0 1 684 50 14755
1 15 1 3 143028 23 0 -14 -17 3383 0 0 1 662 50 14733
1 15 1 3 143050 22 0 -14 -17 3361 0 0 1 639 50 14710
1 15 1 3 143073 23 0 -14 -17 3338 0 0 1 617 50 14688
1 15 1 3 143095 22 0 -14 -17 3316 0 0 1 594 50 14665
1 15 1 3 143118 23 0 -14 -17 3293 0 0 1 572 50 14643
1 15 1 3 143140 22 0 -14 -17 3271 0 0 1 549 50 14620
1 15 1 3 143163 23 0 -14 -17 3248 0 0 1 527 50 14598
1 15 1 3 143185 22 0 -14 -17 3226 0 0 1 504 50 14575
1 15 1 3 143208 23 0 -14 -17 3203 0 0 1 482 50 14553
1 15 1 3 143230 22 0 -14 -17 3181 0 0 1 459 50 14530
1 15 1 3 143253 23 0 -14 -17 3158 0 0 1 437 50 14508
1 15 1 3 143276 23 0 -14 -17 3135 0 0 1 414 50 14485
1 15 1 3 143298 22 0 -14 -17 3113 0 0 1 391 50 14462
1 15 1 3 143321 23 0 -14 -17 3090 0 0 1 369 50 14440
1 15 1 3 143343 22 0 -14 -17 3068 0 0 1 346 50 14417
1 15 1 3 143366 23 0 -14 -17 3045 0 0 1 324 50 14395
1 15 1 3 143388 22 0 -14 -17 3023 0 0 1 301 50 14372
1 15 1 3 143411 23 0 -14 -17 3000 0 0 1 279 50 14350
1 15 1 3 143433 22 0 -14 -17 2978 0 0 1 256 50 14327
1 15 1 3 143456 23 0 -14 -17 2955 0 0 1 234 50 14305
1 15 1 3 143478 22 0 -14 -17 2933 0 0 1 211 50 14282
1 15 1 3 143501 23 0 -14 -17 2910 0 0 1 189 50 14260
1 15 1 3 143523 22 0 -14 -17 2888 0 0 1 166 50 14237
1 15 1 3 143546 23 0 -14 -17 2865 0 0 1 144 50 14215
1 15 1 3 143568 22 0 -14 -17 2843 0 0 1 121 50 14192
1 15 1 3 143591 23 0 -14 -17 2820 0 0 1 99 50 14170
1 15 1 3 143613 22 0 -14 -17 2798 0 0 1 76 50 14147
1 15 1 3 143636 23 0 -14 -17 2775 0 0 1 54 50 14125
1 15 1 3 143659 23 0 -14 -17 2752 0 0 1 31 50 14102
1 15 1 3 143681 22 0 -14 -17 2730 0 0 1 8 50 14079
1 15 1 3 143704 23 0 -14 -17 2708 0 0 1 -14 50 14057
1 15 1 3 143726 22 0 -14 -17 2686 0 0 1 -14 27 14034
1 15 1 3 143749 23 0 -14 -17 2663 0 0 1 -14 5 14012
1 15 1 3 143771 22 0 -14 -17 2641 0 0 1 -14 -18 13989
1 15 1 3 143794 23 0 -14 -17 2618 0 0 0 1000 50 13967
1 15 1 3 143816 22 0 -14 -17 2596 0 0 0 1000 50 13944
1 15 1 3 143839 23 0 -14 -17 2573 0 0 0 1000 50 13922
1 15 1 3 143861 22 0 -14 -17 2551 0 0 0 1000 50 13899
1 15 1 3 143884 23 0 -14 -17 2527 0 0 0 1000 50 13877
1 15 1 3 143906 22 0 -14 -17 2505 0 0 0 1000 50 13854
1 15 1 3 143929 23 0 -14 -17 2482 0 0 0 1000 50 13832
1 15 1 3 143951 22 0 -14 -17 2460 0 0 0 1000 50 13809
1 15 1 3 143974 23 0 -14 -17 2437 0 0 0 1000 50 13787
1 15 1 3 143996 22 0 -14 -17 2415 0 0 0 1000 50 13764
1 15 1 3 144019 23 0 -14 -17 2392 0 0 0 1000 50 13742
1 15 1 3 144041 22 0 -14 -17 2370 0 0 0 1000 50 13719
1 15 1 3 144064 23 0 -14 -17 2347 0 0 0 1000 50 13697
1 15 1 3 144087 23 0 -14 -17 2324 0 0 0 1000 50 13674
1 15 1 3 144109 22 0 -14 -17 2302 0 0 0 1000 50 13651
1 15 1 3 144132 23 0 -14 -17 2279 0 0 0 1000 50 13629
1 15 1 3 144154 22 0 -14 -17 2257 0 0 0 1000 50 13606
1 15 1 3 144177 23 0 -14 -17 2234 0 0 0 1000 50 13584
1 15 1 3 144199 22 0 -14 -17 2212 0 0 0 1000 50 13561
1 15 1 3 144222 23 0 -14 -17 2189 0 0 0 1000 50 13539
1 15 1 3 144244 22 0 -14 -17 2167 0 0 0 1000 50 13516
1 15 1 3 144267 23 0 -14 -17 2144 0 0 0 1000 50 13494
1 15 1 3 144289 22 0 -14 -17 2122 0 0 0 1000 50 13471
1 15 1 3 144313 24 0 -14 -17 2099 0 0 0 1000 50 13449
1 15 1 3 144335 22 0 -14 -17 2077 0 0 0 1000 50 13425
1 15 1 3 144358 23 0 -14 -17 2054 0 0 0 1000 50 13403
1 15 1 3 144380 22 0 -14 -17 2032 0 0 0 1000 50 13380
1 15 1 3 144403 23 0 -14 -17 2009 0 0 0 1000 50 13358
1 15 1 3 144425 22 0 -14 -17 1987 0 0 0 1000 50 13335
1 15 1 3 144448 23 0 -14 -17 1963 0 0 0 1000 50 13313
1 15 1 3 144471 23 0 -14 -17 1940 0 0 0 1000 50 13290
1 15 1 3 144493 22 0 -14 -17 1918 0 0 0 1000 50 13267
1 15 1 3 144516 23 0 -14 -17 1895 0 0 0 1000 50 13245
1 15 1 3 144538 22 0 -14 -17 1873 0 0 0 1000 50 13222
1 15 1 3 144561 23 0 -14 -17 1850 0 0 0 1000 50 13200
1 15 1 3 144583 22 0 -14 -17 1828 0 0 0 1000 50 13177
1 15 1 3 144606 23 0 -14 -17 1805 0 0 0 1000 50 13155
1 15 1 3 144628 22 0 -14 -17 1783 0 0 0 1000 50 13132
1 15 1 3 144651 23 0 -14 -17 1760 0 0 0 1000 50 13110
1 15 1 3 144673 22 0 -14 -17 1738 0 0 0 1000 50 13087
1 15 1 3 144696 23 0 -14 -17 1715 0 0 0 1000 50 13065
1 15 1 3 144718 22 0 -14 -17 1693 0 0 0 1000 50 13042
1 15 1 3 144741 23 0 -14 -17 1670 0 0 0 1000 50 13020
1 15 1 3 144763 22 0 -14 -17 1648 0 0 0 1000 50 12997
1 15 1 3 144786 23 0 -14 -17 1625 0 0 0 1000 50 12975
1 15 1 3 144808 22 0 -14 -17 1603 0 0 0 1000 50 12952
1 15 1 3 144831 23 0 -14 -17 1580 0 0 0 1000 50 12930
1 15 1 3 144854 23 0 -14 -17 1557 0 0 0 1000 50 12907
1 15 1 3 144877 23 0 -14 -17 1535 0 0 0 1000 50 12884
1 15 1 3 144900 23 0 -14 -17 1512 0 0 0 1000 50 12861
1 15 1 3 144922 22 0 -14 -17 1490 0 0 0 1000 50 12838
1 15 1 3 144945 23 0 -14 -17 1467 0 0 0 1000 50 12816
1 15 1 3 144967 22 0 -14 -17 1445 0 0 0 1000 50 12793
1 15 1 3 144990 23 0 -14 -17 1421 0 1 0 1000 50 12771
1 15 1 3 145012 22 0 -14 -17 1421 1 1 0 1000 50 12748
1 15 1 3 145035 23 0 -14 -17 1421 1 1 0 1000 50 12726
1 15 1 3 145057 22 0 -14 -17 1421 1 1 0 1000 50 12703
1 15 1 3 145080 23 0 -14 -17 1421 1 1 0 1000 50 12681
1 15 1 3 145102 22 0 -14 -17 1421 1 1 0 1000 50 12658
1 15 1 3 145125 23 0 -14 -17 1421 1 1 0 1000 50 12636
1 15 1 3 145147 22 0 -14 -17 1421 1 1 0 1000 50 12613
1 15 1 3 145170 23 0 -14 -17 1421 1 1 0 1000 50 12591
1 15 1 3 145192 22 0 -14 -17 1421 1 1 0 1000 50 12568
1 15 1 3 145215 23 0 -14 -17 1421 1 1 0 1000 50 12546
1 15 1 3 145238 23 0 -14 -17 1421 1 1 0 1000 50 12523
1 15 1 3 145260 22 0 -14 -17 1421 1 1 0 1000 50 12500
1 15 1 3 145283 23 0 -14 -17 1421 1 1 0 1000 50 12478
1 15 1 3 145305 22 0 -14 -17 1421 1 1 0 1000 50 12455
1 15 1 3 145328 23 0 -14 -17 1421 1 1 0 1000 50 12433
1 15 1 3 145350 22 0 -14 -17 1421 1 1 0 1000 50 12410
1 15 1 3 145373 23 0 -14 -17 1421 1 1 0 1000 50 12388
1 15 1 3 145395 22 0 -14 -17 1421 1 1 0 1000 50 12365
1 15 1 3 145418 23 0 -14 -17 1421 1 1 0 1000 50 12343
1 15 1 3 145440 22 0 -14 -17 1421 1 1 0 1000 50 12320
1 15 1 3 145463 23 0 -14 -17 1421 1 1 0 1000 50 12298
1 15 1 3 145486 23 0 -14 -17 1421 1 1 0 1000 50 12275
1 15 1 3 145509 23 0 -14 -17 1421 1 1 0 1000 50 12252
1 15 1 3 145531 22 0 -14 -17 1421 1 1 0 1000 50 12229
1 15 1 3 145554 23 0 -14 -17 1421 1 1 0 1000 50 12207
1 15 1 3 145576 22 0 -14 -17 1421 1 1 0 1000 50 12184
1 15 1 3 145599 23 0 -14 -17 1421 1 1 0 1000 50 12162
1 15 1 3 145622 23 0 -14 -17 1421 1 1 0 1000 50 12139
1 15 1 3 145644 22 0 -14 -17 1421 1 1 0 1000 50 12116
1 15 1 3 145667 23 0 -14 -17 1421 1 1 0 1000 50 12094
1 15 1 3 145689 22 0 -14 -17 1421 1 1 0 1000 50 12071
1 15 1 3 145712 23 0 -14 -17 1421 1 1 0 1000 50 12049
1 15 1 3 145734 22 0 -14 -17 1421 1 1 0 1000 50 12026
1 15 1 3 145757 23 0 -14 -17 1421 1 1 0 1000 50 12004
1 15 1 3 145779 22 0 -14 -17 1421 1 1 0 1000 50 11981
1 15 1 3 145802 23 0 -14 -17 1421 1 1 0 1000 50 11959
1 15 1 3 145824 22 0 -14 -17 1421 1 1 0 1000 50 11936
1 15 1 3 145847 23 0 -14 -17 1421 1 1 0 1000 50 11914
1 15 1 3 145869 22 0 -14 -17 1421 1 1 0 1000 50 11891
1 15 1 3 145892 23 0 -14 -17 1421 1 1 0 1000 50 11869
1 15 1 3 145914 22 0 -14 -17 1421 1 1 0 1000 50 11846
1 15 1 3 145937 23 0 -14 -17 1421 1 1 0 1000 50 11824
1 15 1 3 145959 22 0 -14 -17 1421 1 1 0 1000 50 11801
1 15 1 3 145982 23 0 -14 -17 1421 1 1 0 1000 50 11779
1 15 1 3 146004 22 0 -14 -17 1421 1 1 0 1000 50 11756
1 15 1 3 146027 23 0 -14 -17 1421 1 1 0 1000 50 11734
1 15 1 3 146050 23 0 -14 -17 1421 1 1 0 1000 50 11711
1 15 1 3 146072 22 0 -14 -17 1421 1 1 0 1000 50 11688
1 15 1 3 146095 23 0 -14 -17 1421 1 1 0 1000 50 11666
1 15 1 3 146117 22 0 -14 -17 1421 1 1 0 1000 50 11643
1 15 1 3 146140 23 0 -14 -17 1421 1 1 0 1000 50 11621
1 15 1 3 146162 22 0 -14 -17 1421 1 1 0 1000 50 11598
1 15 1 3 146185 23 0 -14 -17 1421 1 1 0 1000 50 11576
1 15 1 3 146208 23 0 -14 -17 1421 1 1 0 1000 50 11553
1 15 1 3 146231 23 0 -14 -17 1421 1 1 0 1000 50 11530
1 15 1 3 146253 22 0 -14 -17 1421 1 1 0 1000 50 11507
1 15 1 3 146276 23 0 -14 -17 1421 1 1 0 1000 50 11485
1 15 1 3 146298 22 0 -14 -17 1421 1 1 0 1000 50 11462
1 15 1 3 146321 23 0 -14 -17 1421 1 1 0 1000 50 11440
1 15 1 3 146343 22 0 -14 -17 1421 1 1 0 1000 50 11417
1 15 1 3 146366 23 0 -14 -17 1421 1 1 0 1000 50 11395
1 15 1 3 146388 22 0 -14 -17 1421 1 1 0 1000 50 11372
1 15 1 3 146411 23 0 -14 -17 1421 1 1 0 1000 50 11350
1 15 1 3 146434 23 0 -14 -17 1421 1 1 0 1000 50 11327
1 15 1 3 146456 22 0 -14 -17 1421 1 1 0 1000 50 11304
1 15 1 3 146479 23 0 -14 -17 1421 1 1 0 1000 50 11282
1 15 1 3 146501 22 0 -14 -17 1421 1 1 0 1000 50 11259
1 15 1 3 146524 23 0 -14 -17 1421 1 1 0 1000 50 11237
1 15 1 3 146546 22 0 -14 -17 1421 1 1 0 1000 50 11214
1 15 1 3 146569 23 0 -14 -17 1421 1 1 0 1000 50 11192
1 15 1 3 146591 22 0 -14 -17 1421 1 1 0 1000 50 11169
1 15 1 3 146614 23 0 -14 -17 1421 1 1 0 1000 50 11147
1 15 1 3 146636 22 0 -14 -17 1421 1 1 0 1000 50 11124
1 15 1 3 146659 23 0 -14 -17 1421 1 1 0 1000 50 11102
1 15 1 3 146681 22 0 -14 -17 1421 1 1 0 1000 50 11079
1 15 1 3 146704 23 0 -14 -17 1421 1 1 0 1000 50 11057
1 15 1 3 146726 22 0 -14 -17 1421 1 1 0 1000 50 11034
1 15 1 3 146749 23 0 -14 -17 1421 1 1 0 1000 50 11012
1 15 1 3 146771 22 0 -14 -17 1421 1 1 0 1000 50 10989
1 15 1 3 146794 23 0 -14 -17 1421 1 1 0 1000 50 10967
1 15 1 3 146817 23 0 -14 -17 1421 1 1 0 1000 50 10944
1 15 1 3 146839 22 0 -14 -17 1421 1 1 0 1000 50 10921
1 15 1 3 146862 23 0 -14 -17 1421 1 1 0 1000 50 10899
1 15 1 3 146884 22 0 -14 -17 1421 1 1 0 1000 50 10876
1 15 1 3 146907 23 0 -14 -17 1421 1 1 0 1000 50 10854
1 15 1 3 146929 22 0 -14 -17 1421 1 1 0 1000 50 10831
1 15 1 3 146952 23 0 -14 -17 1421 1 1 0 1000 50 10809
1 15 1 3 146974 22 0 -14 -17 1421 1 1 0 1000 50 10786
1 15 1 3 146997 23 0 -14 -17 1421 1 1 0 1000 50 10764
1 15 1 3 147019 22 0 -14 -17 1421 1 1 0 1000 50 10741
1 15 1 3 147042 23 0 -14 -17 1421 1 1 0 1000 50 10719
1 15 1 3 147064 22 0 -14 -17 1421 1 1 0 1000 50 10696
1 15 1 3 147087 23 0 -14 -17 1421 1 1 0 1000 50 10674
1 15 1 3 147110 23 0 -14 -17 1421 1 1 0 1000 50 10651
1 15 1 3 147133 23 0 -14 -17 1421 1 1 0 1000 50 10628
1 15 1 3 147155 22 0 -14 -17 1421 1 1 0 1000 50 10605
1 15 1 3 147178 23 0 -14 -17 1421 1 1 0 1000 50 10583
1 15 1 3 147201 23 0 -14 -17 1421 1 1 0 1000 50 10560
1 15 1 3 147223 22 0 -14 -17 1421 1 1 0 1000 50 10537
1 15 1 3 147246 23 0 -14 -17 1421 1 1 0 1000 50 10515
1 15 1 3 147268 22 0 -14 -17 1421 1 1 0 1000 50 10492
1 15 1 3 147291 23 0 -14 -17 1421 1 1 0 1000 50 10470
1 15 1 3 147313 22 0 -14 -17 1421 1 1 0 1000 50 10447
1 15 1 3 147336 23 0 -14 -17 1421 1 1 0 1000 50 10425
1 15 1 3 147358 22 0 -14 -17 1421 1 1 0 1000 50 10402
1 15 1 3 147381 23 0 -14 -17 1421 1 1 0 1000 50 10380
1 15 1 3 147403 22 0 -14 -17 1421 1 1 0 1000 50 10357
1 15 1 3 147426 23 0 -14 -17 1421 1 1 0 1000 50 10335
1 15 1 3 147448 22 0 -14 -17 1421 1 1 0 1000 50 10312
1 15 1 3 147471 23 0 -14 -17 1421 1 1 0 1000 50 10290
1 15 1 3 147493 22 0 -14 -17 1421 1 1 0 1000 50 10267
1 15 1 3 147516 23 0 -14 -17 1421 1 1 0 1000 50 10245
1 15 1 3 147538 22 0 -14 -17 1421 1 1 0 1000 50 10222
1 15 1 3 147561 23 0 -14 -17 1421 1 1 0 1000 50 10200
1 15 1 3 147584 23 0 -14 -17 1421 1 1 0 1000 50 10177
1 15 1 3 147606 22 0 -14 -17 1421 1 1 0 1000 50 10154
1 15 1 3 147629 23 0 -14 -17 1421 1 1 0 1000 50 10132
1 15 1 3 147651 22 0 -14 -17 1421 1 1 0 1000 50 10109
1 15 1 3 147674 23 0 -14 -17 1421 1 1 0 1000 50 10087
1 15 1 3 147696 22 0 -14 -17 1421 1 1 0 1000 50 10064
1 15 1 3 147719 23 0 -14 -17 1421 1 1 0 1000 50 10042
1 15 1 3 147741 22 0 -14 -17 1421 1 1 0 1000 50 10019
1 15 1 3 147764 23 0 -14 -17 1421 1 1 0 1000 50 9997
1 15 1 3 147786 22 0 -14 -17 1421 1 1 0 1000 50 9974
1 15 1 3 147809 23 0 -14 -17 1421 1 1 0 1000 50 9952
1 15 1 3 147831 22 0 -14 -17 1421 1 1 0 1000 50 9929
1 15 1 3 147854 23 0 -14 -17 1421 1 1 0 1000 50 9907
1 15 1 3 147876 22 0 -14 -17 1421 1 1 0 1000 50 9884
1 15 1 3 147899 23 0 -14 -17 1421 1 1 0 1000 50 9862
1 15 1 3 147921 22 0 -14 -17 1421 1 1 0 1000 50 9839
1 15 1 3 147944 23 0 -14 -17 1421 1 1 0 1000 50 9817
1 15 1 3 147966 22 0 -14 -17 1421 1 1 0 1000 50 9794
1 15 1 3 147989 23 0 -14 -17 1421 1 1 0 1000 50 9772
1 15 1 3 148012 23 0 -14 -17 1421 1 1 0 1000 50 9749
1 15 1 3 148034 22 0 -14 -17 1421 1 1 0 1000 50 9726
1 15 1 3 148057 23 0 -14 -17 1421 1 1 0 1000 50 9704
1 15 1 3 148079 22 0 -14 -17 1421 1 1 0 1000 50 9681
1 15 1 3 148102 23 0 -14 -17 1421 1 1 0 1000 50 9659
1 15 1 3 148124 22 0 -14 -17 1421 1 1 0 1000 50 9636
1 15 1 3 148147 23 0 -14 -17 1421 1 1 0 1000 50 9614
1 15 1 3 148169 22 0 -14 -17 1421 1 1 0 1000 50 9591
1 15 1 3 148192 23 0 -14 -17 1421 1 1 0 1000 50 9569
1 15 1 3 148214 22 0 -14 -17 1421 1 1 0 1000 50 9546
1 15 1 3 148237 23 0 -14 -17 1421 1 1 0 1000 50 9524
1 15 1 3 148259 22 0 -14 -17 1421 1 1 0 1000 50 9501
1 15 1 3 148282 23 0 -14 -17 1421 1 1 0 1000 50 9479
1 15 1 3 148304 22 0 -14 -17 1421 1 1 0 1000 50 9456
1 15 1 3 148327 23 0 -14 -17 1421 1 1 0 1000 50 9434
1 15 1 3 148349 22 0 -14 -17 1421 1 1 0 1000 50 9411
1 15 1 3 148372 23 0 -14 -17 1421 1 1 0 1000 50 9389
1 15 1 3 148395 23 0 -14 -17 1421 1 1 0 1000 50 9366
1 15 1 3 148417 22 0 -14 -17 1421 1 1 0 1000 50 9343
1 15 1 3 148440 23 0 -14 -17 1421 1 1 0 1000 50 9321
1 15 1 3 148462 22 0 -14 -17 1421 1 1 0 1000 50 9298
1 15 1 3 148485 23 0 -14 -17 1421 1 1 0 1000 50 9276
1 15 1 3 148507 22 0 -14 -17 1421 1 1 0 1000 50 9253
1 15 1 3 148530 23 0 -14 -17 1421 1 1 0 1000 50 9231
1 15 1 3 148552 22 0 -14 -17 1421 1 1 0 1000 50 9208
1 15 1 3 148575 23 0 -14 -17 1421 1 1 0 1000 50 9186
1 15 1 3 148597 22 0 -14 -17 1421 1 1 0 1000 50 9163
1 15 1 3 148620 23 0 -14 -17 1421 1 1 0 1000 50 9141
1 15 1 3 148642 22 0 -14 -17 1421 1 1 0 1000 50 9118
1 15 1 3 148665 23 0 -14 -17 1421 1 1 0 1000 50 9096
1 15 1 3 148687 22 0 -14 -17 1421 1 1 0 1000 50 9073
1 15 1 3 148710 23 0 -14 -17 1421 1 1 0 1000 50 9051
1 15 1 3 148732 22 0 -14 -17 1421 1 1 0 1000 50 9028
1 15 1 3 148755 23 0 -14 -17 1421 1 1 0 1000 50 9006
1 15 1 3 148777 22 0 -14 -17 1421 1 1 0 1000 50 8983
1 15 1 3 148800 23 0 -14 -17 1421 1 1 0 1000 50 8961
1 15 1 3 148823 23 0 -14 -17 1421 1 1 0 1000 50 8938
1 15 1 3 148845 22 0 -14 -17 1421 1 1 0 1000 50 8915
1 15 1 3 148868 23 0 -14 -17 1421 1 1 0 1000 50 8893
1 15 1 3 148890 22 0 -14 -17 1421 1 1 0 1000 50 8870
1 15 1 3 148913 23 0 -14 -17 1421 1 1 0 1000 50 8848
1 15 1 3 148934 21 0 -14 -17 1421 1 1 0 1000 50 8825
1 15 1 3 148957 23 0 -14 -17 1421 1 1 0 1000 50 8804
1 15 1 3 148979 22 0 -14 -17 1421 1 1 0 1000 50 8781
1 15 1 3 149002 23 0 -14 -17 1421 1 1 0 1000 50 8759
1 15 1 3 149024 22 0 -14 -17 1421 1 1 0 1000 50 8736
1 15 1 3 149047 23 0 -14 -17 1421 1 1 0 1000 50 8714
1 15 1 3 149069 22 0 -14 -17 1421 1 1 0 1000 50 8691
1 15 1 3 149092 23 0 -14 -17 1421 1 1 0 1000 50 8669
1 15 1 3 149114 22 0 -14 -17 1421 1 1 0 1000 50 8646
1 15 1 3 149137 23 0 -14 -17 1421 1 1 0 1000 50 8624
1 15 1 3 149159 22 0 -14 -17 1421 1 1 0 1000 50 8601
1 15 1 3 149182 23 0 -14 -17 1421 1 1 0 1000 50 8579
1 15 1 3 149204 22 0 -14 -17 1421 1 1 0 1000 50 8556
1 15 1 3 149227 23 0 -14 -17 1421 1 1 0 1000 50 8534
1 15 1 3 149250 23 0 -14 -17 1421 1 1 0 1000 50 8511
1 15 1 3 149272 22 0 -14 -17 1421 1 1 0 1000 50 8488
1 15 1 3 149295 23 0 -14 -17 1421 1 1 0 1000 50 8466
1 15 1 3 149317 22 0 -14 -17 1421 1 1 0 1000 50 8443
1 15 1 3 149340 23 0 -14 -17 1421 1 1 0 1000 50 8421
1 15 1 3 149362 22 0 -14 -17 1421 1 1 0 1000 50 8398
1 15 1 3 149385 23 0 -14 -17 1421 1 1 0 1000 50 8376
1 15 1 3 149407 22 0 -14 -17 1421 1 1 0 1000 50 8353
1 15 1 3 149430 23 0 -14 -17 1421 1 1 0 1000 50 8331
1 15 1 3 149452 22 0 -14 -17 1421 1 1 0 1000 50 8308
1 15 1 3 149475 23 0 -14 -17 1421 1 1 0 1000 50 8286
1 15 1 3 149497 22 0 -14 -17 1421 1 1 0 1000 50 8263
1 15 1 3 149520 23 0 -14 -17 1421 1 1 0 1000 50 8241
1 15 1 3 149542 22 0 -14 -17 1421 1 1 0 1000 50 8218
1 15 1 3 149565 23 0 -14 -17 1421 1 1 0 1000 50 8196
1 15 1 3 149587 22 0 -14 -17 1421 1 1 0 1000 50 8173
1 15 1 3 149610 23 0 -14 -17 1421 1 1 0 1000 50 8151
1 15 1 3 149633 23 0 -14 -17 1421 1 1 0 1000 50 8128
1 15 1 3 149655 22 0 -14 -17 1421 1 1 0 1000 50 8105
1 15 1 3 149678 23 0 -14 -17 1421 1 1 0 1000 50 8083
1 15 1 3 149700 22 0 -14 -17 1421 1 1 0 1000 50 8060
1 15 1 3 149723 23 0 -14 -17 1421 1 1 0 1000 50 8038
1 15 1 3 149745 22 0 -14 -17 1421 1 1 0 1000 50 8015
1 15 1 3 149768 23 0 -14 -17 1421 1 1 0 1000 50 7993
1 15 1 3 149790 22 0 -14 -17 1421 1 1 0 1000 50 7970
1 15 1 3 149813 23 0 -14 -17 1421 1 1 0 1000 50 7948
1 15 1 3 149835 22 0 -14 -17 1421 1 1 0 1000 50 7925
1 15 1 3 149858 23 0 -14 -17 1421 1 1 0 1000 50 7903
1 15 1 3 149880 22 0 -14 -17 1421 1 1 0 1000 50 7880
1 15 1 3 149903 23 0 -14 -17 1421 1 1 0 1000 50 7858
1 15 1 3 149925 22 0 -14 -17 1421 1 1 0 1000 50 7835
1 15 1 3 149948 23 0 -14 -17 1421 1 1 0 1000 50 7813
1 15 1 3 149970 22 0 -14 -17 1421 1 1 0 1000 50 7790
1 15 1 3 149993 23 0 -14 -17 1421 1 1 0 1000 50 7768
1 15 1 3 150016 23 0 -14 -17 1421 1 1 0 1000 50 7745
1 15 1 3 150038 22 0 -14 -17 1421 1 1 0 1000 50 7722
1 15 1 3 150061 23 0 -14 -17 1421 1 1 0 1000 50 7700
1 15 1 3 150083 22 0 -14 -17 1421 1 1 0 1000 50 7677
1 15 1 3 150106 23 0 -14 -17 1421 1 1 0 1000 50 7655
1 15 1 3 150128 22 0 -14 -17 1421 1 1 0 1000 50 7632
1 15 1 3 150151 23 0 -14 -17 1421 1 1 0 1000 50 7610
1 15 1 3 150173 22 0 -14 -17 1421 1 1 0 1000 50 7587
1 15 1 3 150196 23 0 -14 -17 1421 1 1 0 1000 50 7565
1 15 1 3 150218 22 0 -14 -17 1421 1 1 0 1000 50 7542
1 15 1 3 150241 23 0 -14 -17 1421 1 1 0 1000 50 7520
1 15 1 3 150263 22 0 -14 -17 1421 1 1 0 1000 50 7497
1 15 1 3 150286 23 0 -14 -17 1421 1 1 0 1000 50 7475
1 15 1 3 150308 22 0 -14 -17 1421 1 1 0 1000 50 7452
1 15 1 3 150331 23 0 -14 -17 1421 1 1 0 1000 50 7430
1 15 1 3 150353 22 0 -14 -17 1421 1 1 0 1000 50 7407
1 15 1 3 150376 23 0 -14 -17 1421 1 1 0 1000 50 7385
1 15 1 3 150398 22 0 -14 -17 1421 1 1 0 1000 50 7362
1 15 1 3 150421 23 0 -14 -17 1421 1 1 0 1000 50 7340
1 15 1 3 150444 23 0 -14 -17 1421 1 1 0 1000 50 7317
1 15 1 3 150466 22 0 -14 -17 1421 1 1 0 1000 50 7294
1 15 1 3 150489 23 0 -14 -17 1421 1 1 0 1000 50 7272
1 15 1 3 150511 22 0 -14 -17 1421 1 1 0 1000 50 7249
1 15 1 3 150534 23 0 -14 -17 1421 1 1 0 1000 50 7227
1 15 1 3 150556 22 0 -14 -17 1421 1 1 0 1000 50 7204
1 15 1 3 150578 22 0 -14 -17 1421 1 1 0 1000 50 7182
1 15 1 3 150600 22 0 -14 -17 1421 1 1 0 1000 50 7160
1 15 1 3 150623 23 0 -14 -17 1421 1 1 0 1000 50 7138
1 15 1 3 150645 22 0 -14 -17 1421 1 1 0 1000 50 7115
1 15 1 3 150668 23 0 -14 -17 1421 1 1 0 1000 50 7093
1 15 1 3 150690 22 0 -14 -17 1421 1 1 0 1000 50 7070
1 15 1 3 150713 23 0 -14 -17 1421 1 1 0 1000 50 7048
1 15 1 3 150735 22 0 -14 -17 1421 1 1 0 1000 50 7025
1 15 1 3 150758 23 0 -14 -17 1421 1 1 0 1000 50 7003
1 15 1 3 150780 22 0 -14 -17 1421 1 1 0 1000 50 6980
1 15 1 3 150803 23 0 -14 -17 1421 1 1 0 1000 50 6958
1 15 1 3 150825 22 0 -14 -17 1421 1 1 0 1000 50 6935
1 15 1 3 150848 23 0 -14 -17 1421 1 1 0 1000 50 6913
1 15 1 3 150871 23 0 -14 -17 1421 1 1 0 1000 50 6890
1 15 1 3 150893 22 0 -14 -17 1421 1 1 0 1000 50 6867
1 15 1 3 150916 23 0 -14 -17 1421 1 1 0 1000 50 6845
1 15 1 3 150938 22 0 -14 -17 1421 1 1 0 1000 50 6822
1 15 1 3 150961 23 0 -14 -17 1421 1 1 0 1000 50 6800
1 15 1 3 150983 22 0 -14 -17 1421 1 1 0 1000 50 6777
1 15 1 3 151006 23 0 -14 -17 1421 1 1 0 1000 50 6755
1 15 1 3 151028 22 0 -14 -17 1421 1 1 0 1000 50 6732
1 15 1 3 151051 23 0 -14 -17 1421 1 1 0 1000 50 6710
1 15 1 3 151073 22 0 -14 -17 1421 1 1 0 1000 50 6687
1 15 1 3 151096 23 0 -14 -17 1421 1 1 0 1000 50 6665
1 15 1 3 151118 22 0 -14 -17 1421 1 1 0 1000 50 6642
1 15 1 3 151141 23 0 -14 -17 1421 1 1 0 1000 50 6620
1 15 1 3 151163 22 0 -14 -17 1421 1 1 0 1000 50 6597
1 15 1 3 151186 23 0 -14 -17 1421 1 1 0 1000 50 6575
1 15 1 3 151208 22 0 -14 -17 1421 1 1 0 1000 50 6552
1 15 1 3 151231 23 0 -14 -17 1421 1 1 0 1000 50 6530
1 15 1 3 151254 23 0 -14 -17 1421 1 1 0 1000 50 6507
1 15 1 3 151276 22 0 -14 -17 1421 1 1 0 1000 50 6484
1 15 1 3 151299 23 0 -14 -17 1421 1 1 0 1000 50 6462
1 15 1 3 151321 22 0 -14 -17 1421 1 1 0 1000 50 6439
1 15 1 3 151344 23 0 -14 -17 1421 1 1 0 1000 50 6417
1 15 1 3 151366 22 0 -14 -17 1421 1 1 0 1000 50 6394
1 15 1 3 151389 23 0 -14 -17 1421 1 1 0 1000 50 6372
1 15 1 3 151411 22 0 -14 -17 1421 1 1 0 1000 50 6349
1 15 1 3 151434 23 0 -14 -17 1421 1 1 0 1000 50 6327
1 15 1 3 151456 22 0 -14 -17 1421 1 1 0 1000 50 6304
1 15 1 3 151479 23 0 -14 -17 1421 1 1 0 1000 50 6282
1 15 1 3 151501 22 0 -14 -17 1421 1 1 0 1000 50 6259
1 15 1 3 151524 23 0 -14 -17 1421 1 1 0 1000 50 6237
1 15 1 3 151546 22 0 -14 -17 1421 1 1 0 1000 50 6214
1 15 1 3 151569 23 0 -14 -17 1421 1 1 0 1000 50 6192
1 15 1 3 151591 22 0 -14 -17 1421 1 1 0 1000 50 6169
1 15 1 3 151614 23 0 -14 -17 1421 1 1 0 1000 50 6147
1 15 1 3 151636 22 0 -14 -17 1421 1 1 0 1000 50 6124
1 15 1 3 151659 23 0 -14 -17 1421 1 1 0 1000 50 6102
1 15 1 3 151682 23 0 -14 -17 1421 1 1 0 1000 50 6079
1 15 1 3 151704 22 0 -14 -17 1421 1 1 0 1000 50 6056
1 15 1 3 151727 23 0 -14 -17 1421 1 1 0 1000 50 6034
1 15 1 3 151749 22 0 -14 -17 1421 1 1 0 1000 50 6011
1 15 1 3 151772 23 0 -14 -17 1421 1 1 0 1000 50 5989
1 15 1 3 151794 22 0 -14 -17 1421 1 1 0 1000 50 5966
1 15 1 3 151817 23 0 -14 -17 1421 1 1 0 1000 50 5944
1 15 1 3 151839 22 0 -14 -17 1421 1 1 0 1000 50 5921
1 15 1 3 151862 23 0 -14 -17 1421 1 1 0 1000 50 5899
1 15 1 3 151884 22 0 -14 -17 1421 1 1 0 1000 50 5876
1 15 1 3 151907 23 0 -14 -17 1421 1 1 0 1000 50 5854
1 15 1 3 151929 22 0 -14 -17 1421 1 1 0 1000 50 5831
1 15 1 3 151952 23 0 -14 -17 1421 1 1 0 1000 50 5809
1 15 1 3 151974 22 0 -14 -17 1421 1 1 0 1000 50 5786
1 15 1 3 151997 23 0 -14 -17 1421 1 1 0 1000 50 5764
1 15 1 3 152019 22 0 -14 -17 1421 1 1 0 1000 50 5741
1 15 1 3 152042 23 0 -14 -17 1421 1 1 0 1000 50 5719
1 15 1 3 152065 23 0 -14 -17 1421 1 1 0 1000 50 5696
1 15 1 3 152087 22 0 -14 -17 1421 1 1 0 1000 50 5673
1 15 1 3 152110 23 0 -14 -17 1421 1 1 0 1000 50 5651
1 15 1 3 152132 22 0 -14 -17 1421 1 1 0 1000 50 5628
1 15 1 3 152155 23 0 -14 -17 1421 1 1 0 1000 50 5606
1 15 1 3 152177 22 0 -14 -17 1421 1 1 0 1000 50 5583
1 15 1 3 152200 23 0 -14 -17 1421 1 1 0 1000 50 5561
1 15 1 3 152222 22 0 -14 -17 1421 1 1 0 1000 50 5538
1 15 1 3 152245 23 0 -14 -17 1421 1 1 0 1000 50 5516
1 15 1 3 152267 22 0 -14 -17 1421 1 1 0 1000 50 5493
1 15 1 3 152290 23 0 -14 -17 1421 1 1 0 1000 50 5471
1 15 1 3 152312 22 0 -14 -17 1421 1 1 0 1000 50 5448
1 15 1 3 152335 23 0 -14 -17 1421 1 1 0 1000 50 5426
1 15 1 3 152357 22 0 -14 -17 1421 1 1 0 1000 50 5403
1 15 1 3 152380 23 0 -14 -17 1421 1 1 0 1000 50 5381
1 15 1 3 152401 21 0 -14 -17 1421 1 1 0 1000 50 5358
1 15 1 3 152424 23 0 -14 -17 1421 1 1 0 1000 50 5337
1 15 1 3 152446 22 0 -14 -17 1421 1 1 0 1000 50 5314
1 15 1 3 152469 23 0 -14 -17 1421 1 1 0 1000 50 5292
1 15 1 3 152492 23 0 -14 -17 1421 1 1 0 1000 50 5269
1 15 1 3 152514 22 0 -14 -17 1421 1 1 0 1000 50 5246
1 15 1 3 152537 23 0 -14 -17 1421 1 1 0 1000 50 5224
1 15 1 3 152559 22 0 -14 -17 1421 1 1 0 1000 50 5201
1 15 1 3 152582 23 0 -14 -17 1421 1 1 0 1000 50 5179
1 15 1 3 152604 22 0 -14 -17 1421 1 1 0 1000 50 5156
1 15 1 3 152627 23 0 -14 -17 1421 1 1 0 1000 50 5134
1 15 1 3 152649 22 0 -14 -17 1421 1 1 0 1000 50 5111
1 15 1 3 152672 23 0 -14 -17 1421 1 1 0 1000 50 5089
1 15 1 3 152694 22 0 -14 -17 1421 1 1 0 1000 50 5066
1 15 1 3 152717 23 0 -14 -17 1421 1 1 0 1000 50 5044
1 15 1 3 152739 22 0 -14 -17 1421 1 1 0 1000 50 5021
1 15 1 3 152762 23 0 -14 -17 1421 1 1 0 1000 50 4999
1 15 1 3 152784 22 0 -14 -17 1421 1 1 0 1000 50 4976
1 15 1 3 152807 23 0 -14 -17 1421 1 1 0 1000 50 4954
1 15 1 3 152829 22 0 -14 -17 1421 1 1 0 1000 50 4931
1 15 1 3 152852 23 0 -14 -17 1421 1 1 0 1000 50 4909
1 15 1 3 152875 23 0 -14 -17 1421 1 1 0 1000 50 4886
1 15 1 3 152897 22 0 -14 -17 1421 1 1 0 1000 50 4863
1 15 1 3 152920 23 0 -14 -17 1421 1 1 0 1000 50 4841
1 15 1 3 152942 22 0 -14 -17 1421 1 1 0 1000 50 4818
1 15 1 3 152965 23 0 -14 -17 1421 1 1 0 1000 50 4796
1 15 1 3 152987 22 0 -14 -17 1421 1 1 0 1000 50 4773
1 15 1 3 153010 23 0 -14 -17 1421 1 1 0 1000 50 4751
1 15 1 3 153032 22 0 -14 -17 1421 1 1 0 1000 50 4728
1 15 1 3 153055 23 0 -14 -17 1421 1 1 0 1000 50 4706
1 15 1 3 153077 22 0 -14 -17 1421 1 1 0 1000 50 4683
1 15 1 3 153100 23 0 -14 -17 1421 1 1 0 1000 50 4661
1 15 1 3 153122 22 0 -14 -17 1421 1 1 0 1000 50 4638
1 15 1 3 153145 23 0 -14 -17 1421 1 1 0 1000 50 4616
1 15 1 3 153167 22 0 -14 -17 1421 1 1 0 1000 50 4593
1 15 1 3 153190 23 0 -14 -17 1421 1 1 0 1000 50 4571
1 15 1 3 153212 22 0 -14 -17 1421 1 1 0 1000 50 4548
1 15 1 3 153235 23 0 -14 -17 1421 1 1 0 1000 50 4526
1 15 1 3 153257 22 0 -14 -17 1421 1 1 0 1000 50 4503
1 15 1 3 153280 23 0 -14 -17 1421 1 1 0 1000 50 4481
1 15 1 3 153303 23 0 -14 -17 1421 1 1 0 1000 50 4458
1 15 1 3 153325 22 0 -14 -17 1421 1 1 0 1000 50 4435
1 15 1 3 153348 23 0 -14 -17 1421 1 1 0 1000 50 4413
1 15 1 3 153370 22 0 -14 -17 1421 1 1 0 1000 50 4390
1 15 1 3 153393 23 0 -14 -17 1421 1 1 0 1000 50 4368
1 15 1 3 153415 22 0 -14 -17 1421 1 1 0 1000 50 4345
1 15 1 3 153438 23 0 -14 -17 1421 1 1 0 1000 50 4323
1 15 1 3 153460 22 0 -14 -17 1421 1 1 0 1000 50 4300
1 15 1 3 153483 23 0 -14 -17 1421 1 1 0 1000 50 4278
1 15 1 3 153505 22 0 -14 -17 1421 1 1 0 1000 50 4255
1 15 1 3 153528 23 0 -14 -17 1421 1 1 0 1000 50 4233
1 15 1 3 153550 22 0 -14 -17 1421 1 1 0 1000 50 4210
1 15 1 3 153573 23 0 -14 -17 1421 1 1 0 1000 50 4188
1 15 1 3 153595 22 0 -14 -17 1421 1 1 0 1000 50 4165
1 15 1 3 153618 23 0 -14 -17 1421 1 1 0 1000 50 4143
1 15 1 3 153640 22 0 -14 -17 1421 1 1 0 1000 50 4120
1 15 1 3 153663 23 0 -14 -17 1421 1 1 0 1000 50 4098
1 15 1 3 153686 23 0 -14 -17 1421 1 1 0 1000 50 4075
1 15 1 3 153708 22 0 -14 -17 1421 1 1 0 1000 50 4052
1 15 1 3 153731 23 0 -14 -17 1421 1 1 0 1000 50 4030
1 15 1 3 153753 22 0 -14 -17 1421 1 1 0 1000 50 4007
1 15 1 3 153776 23 0 -14 -17 1421 1 1 0 1000 50 3985
1 15 1 3 153798 22 0 -14 -17 1421 1 1 0 1000 50 3962
1 15 1 3 153821 23 0 -14 -17 1421 1 1 0 1000 50 3940
1 15 1 3 153843 22 0 -14 -17 1421 1 1 0 1000 50 3917
1 15 1 3 153866 23 0 -14 -17 1421 1 1 0 1000 50 3895
1 15 1 3 153888 22 0 -14 -17 1421 1 1 0 1000 50 3872
1 15 1 3 153911 23 0 -14 -17 1421 1 1 0 1000 50 3850
1 15 1 3 153933 22 0 -14 -17 1421 1 1 0 1000 50 3827
1 15 1 3 153955 22 0 -14 -17 1421 1 1 0 1000 50 3805
1 15 1 3 153977 22 0 -14 -17 1421 1 1 0 1000 50 3783
1 15 1 3 154000 23 0 -14 -17 1421 1 1 0 1000 50 3761
1 15 1 3 154022 22 0 -14 -17 1421 1 1 0 1000 50 3738
1 15 1 3 154045 23 0 -14 -17 1421 1 1 0 1000 50 3716
1 15 1 3 154067 22 0 -14 -17 1421 1 1 0 1000 50 3693
1 15 1 3 154090 23 0 -14 -17 1421 1 1 0 1000 50 3671
1 15 1 3 154113 23 0 -14 -17 1421 1 1 0 1000 50 3648
1 15 1 3 154135 22 0 -14 -17 1421 1 1 0 1000 50 3625
1 15 1 3 154158 23 0 -14 -17 1421 1 1 0 1000 50 3603
1 15 1 3 154180 22 0 -14 -17 1421 1 1 0 1000 50 3580
1 15 1 3 154203 23 0 -14 -17 1421 1 1 0 1000 50 3558
1 15 1 3 154225 22 0 -14 -17 1421 1 1 0 1000 50 3535
1 15 1 3 154248 23 0 -14 -17 1421 1 1 0 1000 50 3513
1 15 1 3 154270 22 0 -14 -17 1421 1 1 0 1000 50 3490
1 15 1 3 154293 23 0 -14 -17 1421 1 1 0 1000 50 3468
1 15 1 3 154315 22 0 -14 -17 1421 1 1 0 1000 50 3445
1 15 1 3 154338 23 0 -14 -17 1421 1 1 0 1000 50 3423
1 15 1 3 154360 22 0 -14 -17 1421 1 1 0 1000 50 3400
1 15 1 3 154383 23 0 -14 -17 1421 1 1 0 1000 50 3378
1 15 1 3 154405 22 0 -14 -17 1421 1 1 0 1000 50 3355
1 15 1 3 154428 23 0 -14 -17 1421 1 1 0 1000 50 3333
1 15 1 3 154450 22 0 -14 -17 1421 1 1 0 1000 50 3310
1 15 1 3 154473 23 0 -14 -17 1421 1 1 0 1000 50 3288
1 15 1 3 154496 23 0 -14 -17 1421 1 1 0 1000 50 3265
1 15 1 3 154518 22 0 -14 -17 1421 1 1 0 1000 50 3242
1 15 1 3 154541 23 0 -14 -17 1421 1 1 0 1000 50 3220
1 15 1 3 154563 22 0 -14 -17 1421 1 1 0 1000 50 3197
1 15 1 3 154586 23 0 -14 -17 1421 1 1 0 1000 50 3175
1 15 1 3 154608 22 0 -14 -17 1421 1 1 0 1000 50 3152
1 15 1 3 154631 23 0 -14 -17 1421 1 1 0 1000 50 3130
1 15 1 3 154653 22 0 -14 -17 1421 1 1 0 1000 50 3107
1 15 1 3 154676 23 0 -14 -17 1421 1 1 0 1000 50 3085
1 15 1 3 154698 22 0 -14 -17 1421 1 1 0 1000 50 3062
1 15 1 3 154721 23 0 -14 -17 1421 1 1 0 1000 50 3040
1 15 1 3 154743 22 0 -14 -17 1421 1 1 0 1000 50 3017
1 15 1 3 154766 23 0 -14 -17 1421 1 1 0 1000 50 2995
1 15 1 3 154788 22 0 -14 -17 1421 1 1 0 1000 50 2972
1 15 1 3 154811 23 0 -14 -17 1421 1 1 0 1000 50 2950
1 15 1 3 154833 22 0 -14 -17 1421 1 1 0 1000 50 2927
1 15 1 3 154856 23 0 -14 -17 1421 1 1 0 1000 50 2905
1 15 1 3 154878 22 0 -14 -17 1421 1 1 0 1000 50 2882
1 15 1 3 154901 23 0 -14 -17 1421 1 1 0 1000 50 2860
1 15 1 3 154924 23 0 -14 -17 1421 1 1 0 1000 50 2837
1 15 1 3 154946 22 0 -14 -17 1421 1 1 0 1000 50 2814
1 15 1 3 154969 23 0 -14 -17 1421 1 1 0 1000 50 2792
1 15 1 3 154991 22 0 -14 -17 1421 1 1 0 1000 50 2769
1 15 1 3 155014 23 0 -14 -17 1421 1 1 0 1000 50 2747
1 15 1 3 155036 22 0 -14 -17 1421 1 1 0 1000 50 2724
1 15 1 3 155059 23 0 -14 -17 1421 1 1 0 1000 50 2702
1 15 1 3 155081 22 0 -14 -17 1421 1 1 0 1000 50 2679
1 15 1 3 155103 22 0 -14 -17 1421 1 1 0 1000 50 2657
1 15 1 3 155125 22 0 -14 -17 1421 1 1 0 1000 50 2635
1 15 1 3 155148 23 0 -14 -17 1421 1 1 0 1000 50 2613
1 15 1 3 155170 22 0 -14 -17 1421 1 1 0 1000 50 2590
1 15 1 3 155193 23 0 -14 -17 1421 1 1 0 1000 50 2568
1 15 1 3 155215 22 0 -14 -17 1421 1 1 0 1000 50 2545
1 15 1 3 155238 23 0 -14 -17 1421 1 1 0 1000 50 2523
1 15 1 3 155260 22 0 -14 -17 1421 1 1 0 1000 50 2500
1 15 1 3 155283 23 0 -14 -17 1421 1 1 0 1000 50 2478
1 15 1 3 155305 22 0 -14 -17 1421 1 1 0 1000 50 2455
1 15 1 3 155328 23 0 -14 -17 1421 1 1 0 1000 50 2433
1 15 1 3 155351 23 0 -14 -17 1421 1 1 0 1000 50 2410
1 15 1 3 155373 22 0 -14 -17 1421 1 1 0 1000 50 2387
1 15 1 3 155396 23 0 -14 -17 1421 1 1 0 1000 50 2365
1 15 1 3 155418 22 0 -14 -17 1421 1 1 0 1000 50 2342
1 14 1 3 155441 23 0 -14 -17 1421 1 1 0 1000 50 2320
1 15 1 3 155463 22 0 -14 -17 1421 1 1 0 1000 50 2297
1 15 1 3 155486 23 0 -14 -17 1421 1 1 0 1000 50 2275
1 15 1 3 155508 22 0 -14 -17 1421 1 1 0 1000 50 2252
1 15 1 3 155531 23 0 -14 -17 1421 1 1 0 1000 50 2230
1 15 1 3 155553 22 0 -14 -17 1421 1 1 0 1000 50 2207
1 15 1 3 155576 23 0 -14 -17 1421 1 1 0 1000 50 2185
1 15 1 3 155598 22 0 -14 -17 1421 1 1 0 1000 50 2162
1 15 1 3 155621 23 0 -14 -17 1421 1 1 0 1000 50 2140
1 15 1 3 155643 22 0 -14 -17 1421 1 1 0 1000 50 2117
1 15 1 3 155666 23 0 -14 -17 1421 1 1 0 1000 50 2095
1 15 1 3 155688 22 0 -14 -17 1421 1 1 0 1000 50 2072
1 15 1 3 155711 23 0 -14 -17 1421 1 1 0 1000 50 2050
1 15 1 3 155734 23 0 -14 -17 1421 1 1 0 1000 50 2027
1 15 1 3 155756 22 0 -14 -17 1421 1 1 0 1000 50 2004
1 15 1 3 155779 23 0 -14 -17 1421 1 1 0 1000 50 1982
1 15 1 3 155801 22 0 -14 -17 1421 1 1 0 1000 50 1959
1 15 1 3 155824 23 0 -14 -17 1421 1 1 0 1000 50 1937
1 15 1 3 155846 22 0 -14 -17 1421 1 1 0 1000 50 1914
1 15 1 3 155869 23 0 -14 -17 1421 1 1 0 1000 50 1892
1 15 1 3 155891 22 0 -14 -17 1421 1 1 0 1000 50 1869
1 15 1 3 155914 23 0 -14 -17 1421 1 1 0 1000 50 1847
1 15 1 3 155936 22 0 -14 -17 1421 1 1 0 1000 50 1824
1 15 1 3 155959 23 0 -14 -17 1421 1 1 0 1000 50 1802
1 15 1 3 155981 22 0 -14 -17 1421 1 1 0 1000 50 1779
1 15 1 3 156004 23 0 -14 -17 1421 1 1 0 1000 50 1757
1 15 1 3 156026 22 0 -14 -17 1421 1 1 0 1000 50 1734
1 15 1 3 156049 23 0 -14 -17 1421 1 1 0 1000 50 1712
1 15 1 3 156071 22 0 -14 -17 1421 1 1 0 1000 50 1689
1 15 1 3 156094 23 0 -14 -17 1421 1 1 0 1000 50 1667
1 15 1 3 156116 22 0 -14 -17 1421 1 1 0 1000 50 1644
1 15 1 3 156139 23 0 -14 -17 1421 1 1 0 1000 50 1622
1 15 1 3 156162 23 0 -14 -17 1421 1 1 0 1000 50 1599
1 15 1 3 156184 22 0 -14 -17 1421 1 1 0 1000 50 1576
1 15 1 3 156207 23 0 -14 -17 1421 1 1 0 1000 50 1554
1 15 1 3 156229 22 0 -14 -17 1421 1 1 0 1000 50 1531
1 15 1 3 156252 23 0 -14 -17 1421 1 1 0 1000 50 1509
1 15 1 3 156274 22 0 -14 -17 1421 1 1 0 1000 50 1486
1 15 1 3 156297 23 0 -14 -17 1421 1 1 0 1000 50 1464
1 15 1 3 156319 22 0 -14 -17 1421 1 1 0 1000 50 1441
1 15 1 3 156342 23 0 -14 -17 1421 1 1 0 1000 50 1419
1 15 1 3 156363 21 0 -14 -17 1421 1 1 0 1000 50 1396
1 15 1 3 156386 23 0 -14 -17 1421 1 1 0 1000 50 1375
1 15 1 3 156408 22 0 -14 -17 1421 1 1 0 1000 50 1352
1 15 1 3 156431 23 0 -14 -17 1421 1 1 0 1000 50 1330
1 15 1 3 156453 22 0 -14 -17 1421 1 1 0 1000 50 1307
1 15 1 3 156476 23 0 -14 -17 1421 1 1 0 1000 50 1285
1 15 1 3 156498 22 0 -14 -17 1421 1 1 0 1000 50 1262
1 15 1 3 156521 23 0 -14 -17 1421 1 1 0 1000 50 1240
1 15 1 3 156544 23 0 -14 -17 1421 1 1 0 1000 50 1217
1 15 1 3 156566 22 0 -14 -17 1421 1 1 0 1000 50 1194
1 15 1 3 156589 23 0 -14 -17 1421 1 1 0 1000 50 1172
1 15 1 3 156611 22 0 -14 -17 1421 1 1 0 1000 50 1149
1 15 1 3 156634 23 0 -14 -17 1421 1 1 0 1000 50 1127
1 15 1 3 156656 22 0 -14 -17 1421 1 1 0 1000 50 1104
1 15 1 3 156679 23 0 -14 -17 1421 1 1 0 1000 50 1082
1 15 1 3 156701 22 0 -14 -17 1421 1 1 0 1000 50 1059
1 15 1 3 156724 23 0 -14 -17 1421 1 1 0 1000 50 1037
1 15 1 3 156746 22 0 -14 -17 1421 1 1 0 1000 50 1014
1 15 1 3 156769 23 0 -14 -17 1421 1 1 0 1000 50 992
1 15 1 3 156791 22 0 -14 -17 1421 1 1 0 1000 50 969
1 15 1 3 156814 23 0 -14 -17 1421 1 1 0 1000 50 947
1 15 1 3 156836 22 0 -14 -17 1421 1 1 0 1000 50 924
1 15 1 3 156859 23 0 -14 -17 1421 1 1 0 1000 50 902
1 15 1 3 156881 22 0 -14 -17 1421 1 1 0 1000 50 879
1 15 1 3 156904 23 0 -14 -17 1421 1 1 0 1000 50 857
1 15 1 3 156926 22 0 -14 -17 1421 1 1 0 1000 50 834
1 15 1 3 156949 23 0 -14 -17 1421 1 1 0 1000 50 812
1 15 1 3 156971 22 0 -14 -17 1421 1 1 0 1000 50 789
1 15 1 3 156993 22 0 -14 -17 1421 1 1 0 1000 50 767
1 15 1 3 157016 23 0 -14 -17 1421 1 1 0 1000 50 745
1 15 1 3 157038 22 0 -14 -17 1421 1 1 0 1000 50 722
1 15 1 3 157061 23 0 -14 -17 1421 1 1 0 1000 50 700
1 15 1 3 157083 22 0 -14 -17 1421 1 1 0 1000 50 677
1 15 1 3 157106 23 0 -14 -17 1421 1 1 0 1000 50 655
1 15 1 3 157128 22 0 -14 -17 1421 1 1 0 1000 50 632
1 15 1 3 157151 23 0 -14 -17 1421 1 1 0 1000 50 610
1 15 1 3 157173 22 0 -14 -17 1421 1 1 0 1000 50 587
1 15 1 3 157196 23 0 -14 -17 1421 1 1 0 1000 50 565
1 15 1 3 157218 22 0 -14 -17 1421 1 1 0 1000 50 542
1 15 1 3 157241 23 0 -14 -17 1421 1 1 0 1000 50 520
1 15 1 3 157263 22 0 -14 -17 1421 1 1 0 1000 50 497
1 15 1 3 157286 23 0 -14 -17 1421 1 1 0 1000 50 475
1 15 1 3 157307 21 0 -14 -17 1421 1 1 0 1000 50 452
1 15 1 3 157330 23 0 -14 -17 1421 1 1 0 1000 50 431
1 15 1 3 157352 22 0 -14 -17 1421 1 1 0 1000 50 408
1 15 1 3 157375 23 0 -14 -17 1421 1 1 0 1000 50 386
1 15 1 3 157398 23 0 -14 -17 1421 1 1 0 1000 50 363
1 15 1 3 157420 22 0 -14 -17 1421 1 1 0 1000 50 340
1 15 1 3 157443 23 0 -14 -17 1421 1 1 0 1000 50 318
1 15 1 3 157465 22 0 -14 -17 1421 1 1 0 1000 50 295
1 15 1 3 157488 23 0 -14 -17 1421 1 1 0 1000 50 273
1 15 1 3 157510 22 0 -14 -17 1421 1 1 0 1000 50 250
1 15 1 3 157533 23 0 -14 -17 1421 1 1 0 1000 50 228
1 15 1 3 157555 22 0 -14 -17 1421 1 1 0 1000 50 205
1 15 1 3 157578 23 0 -14 -17 1421 1 1 0 1000 50 183
1 15 1 3 157600 22 0 -14 -17 1421 1 1 0 1000 50 160
1 15 1 3 157622 22 0 -14 -17 1421 1 1 0 1000 50 138
1 15 1 3 157644 22 0 -14 -17 1421 1 1 0 1000 50 116
1 15 1 3 157667 23 0 -14 -17 1421 1 1 0 1000 50 94
1 15 1 3 157689 22 0 -14 -17 1421 1 1 0 1000 50 71
1 15 1 3 157712 23 0 -14 -17 1421 1 1 0 1000 50 49
1 15 1 3 157734 22 0 -14 -17 1421 1 1 0 1000 50 26
1 15 1 3 157757 23 0 -14 -17 1421 1 1 0 1000 50 4
1 15 1 3 157779 22 0 -14 -17 1421 1 1 0 1000 50 -19
1 15 1 3 157802 23 0 -14 -17 1421 1 1 0 1000 50 -19
1 15 1 3 157825 23 0 -14 -17 1421 1 1 0 1000 50 -19
1 15 1 3 157846 21 0 -14 -17 1421 1 1 0 1000 50 -19
1 15 1 3 157869 23 0 -14 -17 1421 1 1 0 1000 50 -19
1 15 1 3 157891 22 0 -14 -17 1421 1 1 0 1000 50 -19
1 15 1 3 157914 23 0 -14 -17 1421 1 1 0 1000 50 -19
1 15 1 3 157936 22 0 -14 -17 1421 1 1 0 1000 50 -19
1 15 1 3 157959 23 0 -14 -17 1421 1 1 0 1000 50 -19
1 15 1 3 157981 22 0 -14 -17 1421 1 1 0 1000 50 -19
1 15 1 3 158004 23 0 -14 -17 1421 1 1 0 1000 50 -19
1 15 1 3 158026 22 0 -14 -17 1421 1 1 0 1000 50 -19
1 15 1 3 158049 23 0 -14 -17 1421 1 1 0 1000 50 -19
1 15 1 3 158070 21 0 -14 -17 1421 1 1 0 1000 50 -19
1 15 1 3 158093 23 0 -14 -17 1421 1 1 0 1000 50 -19
1 15 1 3 158115 22 0 -14 -17 1421 1 1 0 1000 50 -19
1 15 1 3 158138 23 0 -14 -17 1421 1 1 0 1000 50 -19
1 15 1 3 158160 22 0 -14 -17 1421 1 1 0 1000 50 -19
1 15 1 3 158183 23 0 -14 -17 1421 1 1 0 1000 50 -19
1 15 1 3 158205 22 0 -14 -17 1421 1 1 0 1000 50 -19
1 15 1 3 158228 23 0 -14 -17 1421 1 1 0 1000 50 -19
1 15 1 3 158251 23 0 -14 -17 1421 1 1 0 1000 50 -19
1 15 1 3 158273 22 0 -14 -17 1421 1 1 0 1000 50 -19
1 15 1 3 158295 22 0 -14 -17 1421 1 1 0 1000 50 -19
1 15 1 3 158317 22 0 -14 -17 1421 1 1 0 1000 50 -19
1 15 1 3 158340 23 0 -14 -17 1421 1 1 0 1000 50 -19
1 15 1 3 158362 22 0 -14 -17 1421 1 1 0 1000 50 -19
1 15 1 3 158385 23 0 -14 -17 1421 1 1 0 1000 50 -19
1 15 1 3 158407 22 0 -14 -17 1421 1 1 0 1000 50 -19
1 15 1 3 158430 23 0 -14 -17 1421 1 1 0 1000 50 -19
1 15 1 3 158452 22 0 -14 -17 1421 1 1 0 1000 50 -19
1 15 1 3 158475 23 0 -14 -17 1421 1 1 0 1000 50 -19
1 15 1 3 158497 22 0 -14 -17 1421 1 1 0 1000 50 -19
1 15 1 3 158519 22 0 -14 -17 1421 1 1 0 1000 50 -19
1 15 1 3 158541 22 0 -14 -17 1421 1 1 0 1000 50 -19
1 15 1 3 158564 23 0 -14 -17 1421 1 1 0 1000 50 -19
1 15 1 3 158586 22 0 -14 -17 1421 1 1 0 1000 50 -19
1 15 1 3 158609 23 0 -14 -17 1421 1 1 0 1000 50 -19
1 15 1 3 158631 22 0 -14 -17 1421 1 1 0 1000 50 -19
1 15 1 3 158654 23 0 -14 -17 1421 1 1 0 1000 50 -19
1 15 1 3 158676 22 0 -14 -17 1421 1 1 0 1000 50 -19
1 15 1 3 158699 23 0 -14 -17 1421 1 1 0 1000 50 -19
1 15 1 3 158722 23 0 -14 -17 1421 1 1 0 1000 50 -19
1 15 1 3 158743 21 0 -14 -17 1421 1 1 0 1000 50 -19
1 15 1 3 158766 23 0 -14 -17 1421 1 1 0 1000 50 -19
1 15 1 3 158788 22 0 -14 -17 1421 1 1 0 1000 50 -19
1 15 1 3 158811 23 0 -14 -17 1421 1 1 0 1000 50 -19
1 15 1 3 158833 22 0 -14 -17 1421 1 1 0 1000 50 -19
1 15 1 3 158856 23 0 -14 -17 1421 1 1 0 1000 50 -19
1 15 1 3 158878 22 0 -14 -17 1421 1 1 0 1000 50 -19
1 15 1 3 158901 23 0 -14 -17 1421 1 1 0 1000 50 -19
1 15 1 3 158923 22 0 -14 -17 1421 1 1 0 1000 50 -19
1 15 1 3 158946 23 0 -14 -17 1421 1 1 0 1000 50 -19
1 15 1 3 158967 21 0 -14 -17 1421 1 1 0 1000 50 -19
1 15 1 3 158990 23 0 -14 -17 1421 1 1 0 1000 50 -19
1 15 1 3 159012 22 0 -14 -17 1421 1 1 0 1000 50 -19
1 15 1 3 159035 23 0 -14 -17 1421 1 1 0 1000 50 -19
1 15 1 3 159057 22 0 -14 -17 1421 1 1 0 1000 50 -19
1 15 1 3 159080 23 0 -14 -17 1421 1 1 0 1000 50 -19
1 15 1 3 159102 22 0 -14 -17 1421 1 1 0 1000 50 -19
1 15 1 3 159125 23 0 -14 -17 1421 1 1 0 1000 50 -19
1 15 1 3 159148 23 0 -14 -17 1421 1 1 0 1000 50 -19
1 15 1 3 159170 22 0 -14 -17 1421 1 1 0 1000 50 -19
1 15 1 3 159192 22 0 -14 -17 1421 1 1 0 1000 50 -19
1 15 1 3 159214 22 0 -14 -17 1421 1 1 0 1000 50 -19
1 15 1 3 159237 23 0 -14 -17 1421 1 1 0 1000 50 -19
1 15 1 3 159259 22 0 -14 -17 1421 1 1 0 1000 50 -19
1 15 1 3 159282 23 0 -14 -17 1421 1 1 0 1000 50 -19
1 15 1 3 159304 22 0 -14 -17 1421 1 1 0 1000 50 -19
1 15 1 3 159327 23 0 -14 -17 1421 1 1 0 1000 50 -19
1 15 1 3 159349 22 0 -14 -17 1421 1 1 0 1000 50 -19
1 15 1 3 159372 23 0 -14 -17 1421 1 1 0 1000 50 -19
1 15 1 3 159394 22 0 -14 -17 1421 1 1 0 1000 50 -19
1 15 1 3 159416 22 0 -14 -17 1421 1 1 0 1000 50 -19
1 15 1 3 159438 22 0 -14 -17 1421 1 1 0 1000 50 -19
1 15 1 3 159461 23 0 -14 -17 1421 1 1 0 1000 50 -19
1 15 1 3 159483 22 0 -14 -17 1421 1 1 0 1000 50 -19
1 15 1 3 159506 23 0 -14 -17 1421 1 1 0 1000 50 -19
1 15 1 3 159528 22 0 -14 -17 1421 1 1 0 1000 50 -19
1 15 1 3 159551 23 0 -14 -17 1421 1 1 0 1000 50 -19
1 15 1 3 159574 23 0 -14 -17 1421 1 1 0 1000 50 -19
1 15 1 3 159596 22 0 -14 -17 1421 1 1 0 1000 50 -19
1 15 1 3 159619 23 0 -14 -17 1421 1 1 0 1000 50 -19
1 15 1 3 159640 21 0 -14 -17 1421 1 1 0 1000 50 -19
1 15 1 3 159663 23 0 -14 -17 1421 1 1 0 1000 50 -19
1 15 1 3 159685 22 0 -14 -17 1421 1 1 0 1000 50 -19
1 15 1 3 159708 23 0 -14 -17 1421 1 1 0 1000 50 -19
1 15 1 3 159730 22 0 -14 -17 1421 1 1 0 1000 50 -19
1 15 1 3 159753 23 0 -14 -17 1421 1 1 0 1000 50 -19
1 15 1 3 159775 22 0 -14 -17 1421 1 1 0 1000 50 -19
1 15 1 3 159798 23 0 -14 -17 1421 1 1 0 1000 50 -19
1 15 1 3 159820 22 0 -14 -17 1421 1 1 0 1000 50 -19
1 15 1 3 159843 23 0 -14 -17 1421 1 1 0 1000 50 -19
1 15 1 3 159864 21 0 -14 -17 1421 1 1 0 1000 50 -19
1 15 1 3 159887 23 0 -14 -17 1421 1 1 0 1000 50 -19
1 15 1 3 159909 22 0 -14 -17 1421 1 1 0 1000 50 -19
1 15 1 3 159932 23 0 -14 -17 1421 1 1 0 1000 50 -19
1 15 1 3 159954 22 0 -14 -17 1421 1 1 0 1000 50 -19
1 15 1 3 159977 23 0 -14 -17 1421 1 1 0 1000 50 -19
1 15 1 3 160000 23 0 -14 -17 1421 1 1 0 1000 50 -19
1 15 1 3 160022 22 0 -14 -17 1421 1 1 0 1000 50 -19
1 15 1 3 160045 23 0 -14 -17 1421 1 1 0 1000 50 -19
1 15 1 3 160067 22 0 -14 -17 1421 1 1 0 1000 50 -19
1 15 1 3 160089 22 0 -14 -17 1421 1 1 0 1000 50 -19
1 15 1 3 160111 22 0 -14 -17 1421 1 1 0 1000 50 -19
1 15 1 3 160134 23 0 -14 -17 1421 1 1 0 1000 50 -19
1 15 1 3 160156 22 0 -14 -17 1421 1 1 0 1000 50 -19
1 15 1 3 160179 23 0 -14 -17 1421 1 1 0 1000 50 -19
1 15 1 3 160201 22 0 -14 -17 1421 1 1 0 1000 50 -19
1 15 1 3 160224 23 0 -14 -17 1421 1 1 0 1000 50 -19
1 15 1 3 160246 22 0 -14 -17 1421 1 1 0 1000 50 -19
1 15 1 3 160269 23 0 -14 -17 1421 1 1 0 1000 50 -19
1 15 1 3 160291 22 0 -14 -17 1421 1 1 0 1000 50 -19
1 15 1 3 160313 22 0 -14 -17 1421 1 1 0 1000 50 -19
1 15 1 3 160335 22 0 -14 -17 1421 1 1 0 1000 50 -19
1 15 1 3 160358 23 0 -14 -17 1421 1 1 0 1000 50 -19
1 15 1 3 160380 22 0 -14 -17 1421 1 1 0 1000 50 -19
1 15 1 3 160403 23 0 -14 -17 1421 1 1 0 1000 50 -19
1 15 1 3 160425 22 0 -14 -17 1421 1 1 0 1000 50 -19
1 15 1 3 160448 23 0 -14 -17 1421 1 1 0 1000 50 -19
1 15 1 3 160471 23 0 -14 -17 1421 1 1 0 1000 50 -19
1 15 1 3 160493 22 0 -14 -17 1421 1 1 0 1000 50 -19
1 15 1 3 160516 23 0 -14 -17 1421 1 1 0 1000 50 -19
1 15 1 3 160537 21 0 -14 -17 1421 1 1 0 1000 50 -19
1 15 1 3 160560 23 0 -14 -17 1421 1 1 0 1000 50 -19
1 15 1 3 160582 22 0 -14 -17 1421 1 1 0 1000 50 -19
1 15 1 3 160605 23 0 -14 -17 1421 1 1 0 1000 50 -19
1 15 1 3 160627 22 0 -14 -17 1421 1 1 0 1000 50 -19
1 15 1 3 160650 23 0 -14 -17 1421 1 1 0 1000 50 -19
1 15 1 3 160672 22 0 -14 -17 1421 1 1 0 1000 50 -19
1 15 1 3 160695 23 0 -14 -17 1421 1 1 0 1000 50 -19
1 15 1 3 160717 22 0 -14 -17 1421 1 1 0 1000 50 -19
1 15 1 3 160740 23 0 -14 -17 1421 1 1 0 1000 50 -19
1 15 1 3 160761 21 0 -14 -17 1421 1 1 0 1000 50 -19
1 15 1 3 160784 23 0 -14 -17 1421 1 1 0 1000 50 -19
1 15 1 3 160806 22 0 -14 -17 1421 1 1 0 1000 50 -19
1 15 1 3 160829 23 0 -14 -17 1421 1 1 0 1000 50 -19
1 15 1 3 160851 22 0 -14 -17 1421 1 1 0 1000 50 -19
1 15 1 3 160874 23 0 -14 -17 1421 1 1 0 1000 50 -19
1 15 1 3 160897 23 0 -14 -17 1421 1 1 0 1000 50 -19
1 15 1 3 160919 22 0 -14 -17 1421 1 1 0 1000 50 -19
1 15 1 3 160942 23 0 -14 -17 1421 1 1 0 1000 50 -19
1 15 1 3 160964 22 0 -14 -17 1421 1 1 0 1000 50 -19
1 15 1 3 160986 22 0 -14 -17 1421 1 1 0 1000 50 -19
1 15 1 3 161008 22 0 -14 -17 1421 1 1 0 1000 50 -19
1 15 1 3 161031 23 0 -14 -17 1421 1 1 0 1000 50 -19
1 15 1 3 161053 22 0 -14 -17 1421 1 1 0 1000 50 -19
1 15 1 3 161076 23 0 -14 -17 1421 1 1 0 1000 50 -19
1 15 1 3 161098 22 0 -14 -17 1421 1 1 0 1000 50 -19
1 15 1 3 161121 23 0 -14 -17 1421 1 1 0 1000 50 -19
1 15 1 3 161143 22 0 -14 -17 1421 1 1 0 1000 50 -19
1 15 1 3 161166 23 0 -14 -17 1421 1 1 0 1000 50 -19
1 15 1 3 161188 22 0 -14 -17 1421 1 1 0 1000 50 -19
1 15 1 3 161210 22 0 -14 -17 1421 1 1 0 1000 50 -19
1 15 1 3 161232 22 0 -14 -17 1421 1 1 0 1000 50 -19
1 15 1 3 161255 23 0 -14 -17 1421 1 1 0 1000 50 -19
1 15 1 3 161277 22 0 -14 -17 1421 1 1 0 1000 50 -19
1 15 1 3 161300 23 0 -14 -17 1421 1 1 0 1000 50 -19
1 15 1 3 161323 23 0 -14 -17 1421 1 1 0 1000 50 -19
1 15 1 3 161345 22 0 -14 -17 1421 1 1 0 1000 50 -19
1 15 1 3 161368 23 0 -14 -17 1421 1 1 0 1000 50 -19
1 15 1 3 161390 22 0 -14 -17 1421 1 1 0 1000 50 -19
1 15 1 3 161413 23 0 -14 -17 1421 1 1 0 1000 50 -19
1 15 1 3 161434 21 0 -14 -17 1421 1 1 0 1000 50 -19
1 15 1 3 161457 23 0 -14 -17 1421 1 1 0 1000 50 -19
1 15 1 3 161479 22 0 -14 -17 1421 1 1 0 1000 50 -19
1 15 1 3 161502 23 0 -14 -17 1421 1 1 0 1000 50 -19
1 15 1 3 161524 22 0 -14 -17 1421 1 1 0 1000 50 -19
1 15 1 3 161547 23 0 -14 -17 1421 1 1 0 1000 50 -19
1 15 1 3 161569 22 0 -14 -17 1421 1 1 0 1000 50 -19
1 15 1 3 161592 23 0 -14 -17 1421 1 1 0 1000 50 -19
1 15 1 3 161614 22 0 -14 -17 1421 1 1 0 1000 50 -19
1 15 1 3 161637 23 0 -14 -17 1421 1 1 0 1000 50 -19
1 15 1 3 161658 21 0 -14 -17 1421 1 1 0 1000 50 -19
1 15 1 3 161681 23 0 -14 -17 1421 1 1 0 1000 50 -19
1 15 1 3 161703 22 0 -14 -17 1421 1 1 0 1000 50 -19
1 15 1 3 161726 23 0 -14 -17 1421 1 1 0 1000 50 -19
1 15 1 3 161748 22 0 -14 -17 1421 1 1 0 1000 50 -19
1 15 1 3 161771 23 0 -14 -17 1421 1 1 0 1000 50 -19
1 15 1 3 161794 23 0 -14 -17 1421 1 1 0 1000 50 -19
1 15 1 3 161816 22 0 -14 -17 1421 1 1 0 1000 50 -19
1 15 1 3 161839 23 0 -14 -17 1421 1 1 0 1000 50 -19
1 15 1 3 161861 22 0 -14 -17 1421 1 1 0 1000 50 -19
1 15 1 3 161883 22 0 -14 -17 1421 1 1 0 1000 50 -19
1 15 1 3 161905 22 0 -14 -17 1421 1 1 0 1000 50 -19
1 15 1 3 161928 23 0 -14 -17 1421 1 1 0 1000 50 -19
1 15 1 3 161950 22 0 -14 -17 1421 1 1 0 1000 50 -19
1 15 1 3 161973 23 0 -14 -17 1421 1 1 0 1000 50 -19
1 16 1 3 161995 22 0 -14 -17 1421 1 1 0 1000 50 -19
1 946 1 3 162018 23 0 -14 -17 1421 1 1 0 1000 50 -19
1 940 1 3 162040 22 0 -14 -17 1421 1 1 0 1000 50 -19
0 973 0 1 162063 23 0 -14 -17 1421 1 1 0 1000 50 -19
0 977 0 1 162085 22 0 -14 -17 1421 1 1 0 1000 50 -19
0 979 0 1 162107 22 0 -14 -17 1421 1 1 0 1000 50 -19
0 1023 0 1 162129 22 0 -14 -17 1421 1 1 0 1000 50 -19
0 1014 0 1 162152 23 0 -14 -17 1421 1 1 0 1000 50 -19
0 1009 0 1 162174 22 0 -14 -17 1421 1 1 0 1000 50 -19
0 1018 0 1 162197 23 0 -14 -17 1421 1 1 0 1000 50 -19
0 1011 0 1 162220 23 0 -14 -17 1421 1 1 0 1000 50 -19
0 1010 0 1 162242 22 0 -14 -17 1421 1 1 0 1000 50 -19
0 1021 0 1 162265 23 0 -14 -17 1421 1 1 0 1000 50 -19
0 1001 0 1 162287 22 0 -14 -17 1421 1 1 0 1000 50 -19
0 1010 0 1 162310 23 0 -14 -17 1421 1 1 0 1000 50 -19
0 1016 0 1 162332 22 0 -14 -17 1421 1 1 0 1000 50 -19
0 1009 0 1 162355 23 0 -14 -17 1421 1 1 0 1000 50 -19
0 1013 0 1 162377 22 0 -14 -17 1421 1 1 0 1000 50 -19
0 1016 0 1 162400 23 0 -14 -17 1421 1 1 0 1000 50 -19
0 1010 0 1 162422 22 0 -14 -17 1421 1 1 0 1000 50 -19
0 1014 0 1 162444 22 0 -14 -17 1421 1 1 0 1000 50 -19
0 1022 0 1 162466 22 0 -14 -17 1421 1 1 0 1000 50 -19
0 1001 0 1 162489 23 0 -14 -17 1421 1 1 0 1000 50 -19
0 1012 0 1 162511 22 0 -14 -17 1421 1 1 0 1000 50 -19
0 1014 0 1 162534 23 0 -14 -17 1421 1 1 0 1000 50 -19
0 1007 0 1 162556 22 0 -14 -17 1421 1 1 0 1000 50 -19
0 1022 0 1 162579 23 0 -14 -17 1421 1 1 0 1000 50 -19
0 998 0 1 162601 22 0 -14 -17 1421 1 1 0 1000 50 -19
0 972 0 1 162624 23 0 -14 -17 1421 1 1 0 1000 50 -19
0 1023 0 1 162647 23 0 -14 -17 1421 1 1 0 1000 50 -19
0 1009 0 1 162669 22 0 -14 -17 1421 1 1 0 1000 50 -19
0 999 0 1 162692 23 0 -14 -17 1421 1 1 0 1000 50 -19
0 1023 0 1 162714 22 0 -14 -17 1421 1 1 0 1000 50 -19
0 997 0 1 162736 22 0 -14 -17 1421 1 1 0 1000 50 -19
0 1009 0 1 162758 22 0 -14 -17 1421 1 1 0 1000 50 -19
0 1023 0 1 162781 23 0 -14 -17 1421 1 1 0 1000 50 -19
0 992 0 1 162803 22 0 -14 -17 1421 1 1 0 1000 50 -19
0 1008 0 1 162826 23 0 -14 -17 1421 1 1 0 1000 50 -19
0 1023 0 1 162848 22 0 -14 -17 1421 1 1 0 1000 50 -19
0 988 0 1 162871 23 0 -14 -17 1421 1 1 0 1000 50 -19
0 1023 0 1 162893 22 0 -14 -17 1421 1 1 0 1000 50 -19
0 1015 0 1 162916 23 0 -14 -17 1421 1 1 0 1000 50 -19
0 945 0 1 162938 22 0 -14 -17 1421 1 1 0 1000 50 -19
0 1015 0 1 162961 23 0 -14 -17 1421 1 1 0 1000 50 -19
0 1007 0 1 162983 22 0 -14 -17 1421 1 1 0 1000 50 -19
0 929 0 1 163006 23 0 -14 -17 1421 1 1 0 1000 50 -19
0 1021 0 1 163027 21 0 -14 -17 1421 1 1 0 1000 50 -19
0 1008 0 1 163050 23 0 -14 -17 1421 1 1 0 1000 50 -19
0 952 0 1 163073 23 0 -14 -17 1421 1 1 0 1000 50 -19
0 1011 0 1 163095 22 0 -14 -17 1421 1 1 0 1000 50 -19
0 1005 0 1 163118 23 0 -14 -17 1421 1 1 0 1000 50 -19
0 982 0 1 163140 22 0 -14 -17 1421 1 1 0 1000 50 -19
0 1023 0 1 163163 23 0 -14 -17 1421 1 1 0 1000 50 -19
0 1012 0 1 163185 22 0 -14 -17 1421 1 1 0 1000 50 -19
0 1020 0 1 163208 23 0 -14 -17 1421 1 1 0 1000 50 -19
0 1016 0 1 163230 22 0 -14 -17 1421 1 1 0 1000 50 -19
0 1011 0 1 163253 23 0 -14 -17 1421 1 1 0 1000 50 -19
0 1012 0 1 163275 22 0 -14 -17 1421 1 1 0 1000 50 -19
0 1020 0 1 163298 23 0 -14 -17 1421 1 1 0 1000 50 -19
0 1012 0 1 163319 21 0 -14 -17 1421 1 1 0 1000 50 -19
0 1012 0 1 163342 23 0 -14 -17 1421 1 1 0 1000 50 -19
0 1012 0 1 163364 22 0 -14 -17 1421 1 1 0 1000 50 -19
0 1011 0 1 163387 23 0 -14 -17 1421 1 1 0 1000 50 -19
0 1014 0 1 163409 22 0 -14 -17 1421 1 1 0 1000 50 -19
0 1014 0 1 163432 23 0 -14 -17 1421 1 1 0 1000 50 -19
0 1009 0 1 163454 22 0 -14 -17 1421 1 1 0 1000 50 -19
0 1012 0 1 163477 23 0 -14 -17 1421 1 1 0 1000 50 -19
0 1012 0 1 163500 23 0 -14 -17 1421 1 1 0 1000 50 -19
0 1000 0 1 163522 22 0 -14 -17 1421 1 1 0 1000 50 -19
0 1013 0 1 163545 23 0 -14 -17 1421 1 1 0 1000 50 -19
0 1015 0 1 163567 22 0 -14 -17 1421 1 1 0 1000 50 -19
0 1003 0 1 163590 23 0 -14 -17 1421 1 1 0 1000 50 -19
0 1011 0 1 163612 22 0 -14 -17 1421 1 1 0 1000 50 -19
0 1013 0 1 163635 23 0 -14 -17 1421 1 1 0 1000 50 -19
0 1009 0 1 163657 22 0 -14 -17 1421 1 1 0 1000 50 -19
0 1023 0 1 163679 22 0 -14 -17 1421 1 1 0 1000 50 -19
0 1015 0 1 163701 22 0 -14 -17 1421 1 1 0 1000 50 -19
0 1008 0 1 163724 23 0 -14 -17 1421 1 1 0 1000 50 -19
0 1020 0 1 163746 22 0 -14 -17 1421 1 1 0 1000 50 -19
0 1010 0 1 163769 23 0 -14 -17 1421 1 1 0 1000 50 -19
0 1010 0 1 163791 22 0 -14 -17 1421 1 1 0 1000 50 -19
0 1023 0 1 163814 23 0 -14 -17 1421 1 1 0 1000 50 -19
0 1011 0 1 163836 22 0 -14 -17 1421 1 1 0 1000 50 -19
0 1006 0 1 163859 23 0 -14 -17 1421 1 1 0 1000 50 -19
0 1012 0 1 163881 22 0 -14 -17 1421 1 1 0 1000 50 -19
0 1009 0 1 163904 23 0 -14 -17 1421 1 1 0 1000 50 -19
0 1013 0 1 163927 23 0 -14 -17 1421 1 1 0 1000 50 -19
0 1016 0 1 163949 22 0 -14 -17 1421 1 1 0 1000 50 -19
0 1005 0 1 163972 23 0 -14 -17 1421 1 1 0 1000 50 -19
0 1013 0 1 163994 22 0 -14 -17 1421 1 1 0 1000 50 -19
0 1014 0 1 164016 22 0 -14 -17 1421 1 1 0 1000 50 -19
0 998 0 1 164038 22 0 -14 -17 1421 1 1 0 1000 50 -19
0 1013 0 1 164061 23 0 -14 -17 1421 1 1 0 1000 50 -19
0 1014 0 1 164083 22 0 -14 -17 1421 1 1 0 1000 50 -19
0 1002 0 1 164106 23 0 -14 -17 1421 1 1 0 1000 50 -19
0 1013 0 1 164128 22 0 -14 -17 1421 1 1 0 1000 50 -19
0 1013 0 1 164151 23 0 -14 -17 1421 1 1 0 1000 50 -19
0 998 0 1 164173 22 0 -14 -17 1421 1 1 0 1000 50 -19
0 1023 0 1 164196 23 0 -14 -17 1421 1 1 0 1000 50 -19
0 1012 0 1 164218 22 0 -14 -17 1421 1 1 0 1000 50 -19
0 1011 0 1 164241 23 0 -14 -17 1421 1 1 0 1000 50 -19
0 1020 0 1 164263 22 0 -14 -17 1421 1 1 0 1000 50 -19
0 1012 0 1 164286 23 0 -14 -17 1421 1 1 0 1000 50 -19
0 1011 0 1 164307 21 0 -14 -17 1421 1 1 0 1000 50 -19
0 1020 0 1 164330 23 0 -14 -17 1421 1 1 0 1000 50 -19
0 1012 0 1 164353 23 0 -14 -17 1421 1 1 0 1000 50 -19
0 1011 0 1 164375 22 0 -14 -17 1421 1 1 0 1000 50 -19
0 1017 0 1 164398 23 0 -14 -17 1421 1 1 0 1000 50 -19
0 1009 0 1 164420 22 0 -14 -17 1421 1 1 0 1000 50 -19
0 1014 0 1 164443 23 0 -14 -17 1421 1 1 0 1000 50 -19
0 1023 0 1 164465 22 0 -14 -17 1421 1 1 0 1000 50 -19
0 1010 0 1 164488 23 0 -14 -17 1421 1 1 0 1000 50 -19
0 1013 0 1 164510 22 0 -14 -17 1421 1 1 0 1000 50 -19
0 1011 0 1 164533 23 0 -14 -17 1421 1 1 0 1000 50 -19
0 1007 0 1 164555 22 0 -14 -17 1421 1 1 0 1000 50 -19
0 1013 0 1 164578 23 0 -14 -17 1421 1 1 0 1000 50 -19
0 1012 0 1 164600 22 0 -14 -17 1421 1 1 0 1000 50 -19
0 1011 0 1 164623 23 0 -14 -17 1421 1 1 0 1000 50 -19
0 1014 0 1 164645 22 0 -14 -17 1421 1 1 0 1000 50 -19
0 1011 0 1 164667 22 0 -14 -17 1421 1 1 0 1000 50 -19
0 1013 0 1 164689 22 0 -14 -17 1421 1 1 0 1000 50 -19
0 1017 0 1 164712 23 0 -14 -17 1421 1 1 0 1000 50 -19
0 1014 0 1 164734 22 0 -14 -17 1421 1 1 0 1000 50 -19
0 1011 0 1 164757 23 0 -14 -17 1421 1 1 0 1000 50 -19
0 1018 0 1 164780 23 0 -14 -17 1421 1 1 0 1000 50 -19
0 1011 0 1 164802 22 0 -14 -17 1421 1 1 0 1000 50 -19
0 1013 0 1 164825 23 0 -14 -17 1421 1 1 0 1000 50 -19
0 1017 0 1 164847 22 0 -14 -17 1421 1 1 0 1000 50 -19
0 1012 0 1 164870 23 0 -14 -17 1421 1 1 0 1000 50 -19
0 1010 0 1 164892 22 0 -14 -17 1421 1 1 0 1000 50 -19
0 1012 0 1 164915 23 0 -14 -17 1421 1 1 0 1000 50 -19
0 1003 0 1 164937 22 0 -14 -17 1421 1 1 0 1000 50 -19
0 1014 0 1 164960 23 0 -14 -17 1421 1 1 0 1000 50 -19
0 1012 0 1 164982 22 0 -14 -17 1421 1 1 0 1000 50 -19
0 1008 0 1 165005 23 0 -14 -17 1421 1 1 0 1000 50 -19
0 1014 0 1 165026 21 0 -14 -17 1421 1 1 0 1000 50 -19
0 1012 0 1 165049 23 0 -14 -17 1421 1 1 0 1000 50 -19
0 1006 0 1 165071 22 0 -14 -17 1421 1 1 0 1000 50 -19
0 1014 0 1 165094 23 0 -14 -17 1421 1 1 0 1000 50 -19
0 1012 0 1 165116 22 0 -14 -17 1421 1 1 0 1000 50 -19
0 1011 0 1 165139 23 0 -14 -17 1421 1 1 0 1000 50 -19
0 1016 0 1 165161 22 0 -14 -17 1421 1 1 0 1000 50 -19
0 1010 0 1 165184 23 0 -14 -17 1421 1 1 0 1000 50 -19
0 1008 0 1 165207 23 0 -14 -17 1421 1 1 0 1000 50 -19
0 1016 0 1 165229 22 0 -14 -17 1421 1 1 0 1000 50 -19
0 1011 0 1 165252 23 0 -14 -17 1421 1 1 0 1000 50 -19
0 1013 0 1 165274 22 0 -14 -17 1421 1 1 0 1000 50 -19
0 1019 0 1 165297 23 0 -14 -17 1421 1 1 0 1000 50 -19
0 1011 0 1 165319 22 0 -14 -17 1421 1 1 0 1000 50 -19
0 1012 0 1 165342 23 0 -14 -17 1421 1 1 0 1000 50 -19
0 1015 0 1 165363 21 0 -14 -17 1421 1 1 0 1000 50 -19
0 1012 0 1 165386 23 0 -14 -17 1421 1 1 0 1000 50 -19
0 1014 0 1 165408 22 0 -14 -17 1421 1 1 0 1000 50 -19
0 1012 0 1 165431 23 0 -14 -17 1421 1 1 0 1000 50 -19
0 1005 0 1 165453 22 0 -14 -17 1421 1 1 0 1000 50 -19
0 1013 0 1 165476 23 0 -14 -17 1421 1 1 0 1000 50 -19
0 1012 0 1 165498 22 0 -14 -17 1421 1 1 0 1000 50 -19
0 1006 0 1 165521 23 0 -14 -17 1421 1 1 0 1000 50 -19
0 1014 0 1 165543 22 0 -14 -17 1421 1 1 0 1000 50 -19
0 1012 0 1 165566 23 0 -14 -17 1421 1 1 0 1000 50 -19
0 1009 0 1 165588 22 0 -14 -17 1421 1 1 0 1000 50 -19
0 1015 0 1 165611 23 0 -14 -17 1421 1 1 0 1000 50 -19
0 1008 0 1 165634 23 0 -14 -17 1421 1 1 0 1000 50 -19
0 1012 0 1 165656 22 0 -14 -17 1421 1 1 0 1000 50 -19
0 1022 0 1 165679 23 0 -14 -17 1421 1 1 0 1000 50 -19
0 1011 0 1 165701 22 0 -14 -17 1421 1 1 0 1000 50 -19
0 1013 0 1 165723 22 0 -14 -17 1421 1 1 0 1000 50 -19
0 1015 0 1 165745 22 0 -14 -17 1421 1 1 0 1000 50 -19
0 1011 0 1 165768 23 0 -14 -17 1421 1 1 0 1000 50 -19
0 1013 0 1 165790 22 0 -14 -17 1421 1 1 0 1000 50 -19
0 1016 0 1 165813 23 0 -14 -17 1421 1 1 0 1000 50 -19
0 1012 0 1 165835 22 0 -14 -17 1421 1 1 0 1000 50 -19
0 1012 0 1 165858 23 0 -14 -17 1421 1 1 0 1000 50 -19
0 1012 0 1 165880 22 0 -14 -17 1421 1 1 0 1000 50 -19
0 1009 0 1 165903 23 0 -14 -17 1421 1 1 0 1000 50 -19
0 1012 0 1 165925 22 0 -14 -17 1421 1 1 0 1000 50 -19
0 1011 0 1 165948 23 0 -14 -17 1421 1 1 0 1000 50 -19
0 1009 0 1 165970 22 0 -14 -17 1421 1 1 0 1000 50 -19
0 1011 0 1 165993 23 0 -14 -17 1421 1 1 0 1000 50 -19
0 1012 0 1 166016 23 0 -14 -17 1421 1 1 0 1000 50 -19
0 997 0 1 166038 22 0 -14 -17 1421 1 1 0 1000 50 -19
0 1014 0 1 166060 22 0 -14 -17 1421 1 1 0 1000 50 -19
0 1011 0 1 166082 22 0 -14 -17 1421 1 1 0 1000 50 -19
0 1010 0 1 166105 23 0 -14 -17 1421 1 1 0 1000 50 -19
0 1014 0 1 166127 22 0 -14 -17 1421 1 1 0 1000 50 -19
0 1011 0 1 166150 23 0 -14 -17 1421 1 1 0 1000 50 -19
0 1013 0 1 166172 22 0 -14 -17 1421 1 1 0 1000 50 -19
0 1018 0 1 166195 23 0 -14 -17 1421 1 1 0 1000 50 -19
0 1011 0 1 166217 22 0 -14 -17 1421 1 1 0 1000 50 -19
0 1012 0 1 166240 23 0 -14 -17 1421 1 1 0 1000 50 -19
0 1018 0 1 166262 22 0 -14 -17 1421 1 1 0 1000 50 -19
0 1010 0 1 166285 23 0 -14 -17 1421 1 1 0 1000 50 -19
0 1012 0 1 166307 22 0 -14 -17 1421 1 1 0 1000 50 -19
0 1016 0 1 166330 23 0 -14 -17 1421 1 1 0 1000 50 -19
0 1010 0 1 166352 22 0 -14 -17 1421 1 1 0 1000 50 -19
0 1013 0 1 166375 23 0 -14 -17 1421 1 1 0 1000 50 -19
0 1014 0 1 166397 22 0 -14 -17 1421 1 1 0 1000 50 -19
0 1008 0 1 166419 22 0 -14 -17 1421 1 1 0 1000 50 -19
0 1013 0 1 166441 22 0 -14 -17 1421 1 1 0 1000 50 -19
0 1012 0 1 166464 23 0 -14 -17 1421 1 1 0 1000 50 -19
0 1010 0 1 166487 23 0 -14 -17 1421 1 1 0 1000 50 -19
0 1013 0 1 166509 22 0 -14 -17 1421 1 1 0 1000 50 -19
0 1011 0 1 166532 23 0 -14 -17 1421 1 1 0 1000 50 -19
0 1005 0 1 166554 22 0 -14 -17 1421 1 1 0 1000 50 -19
0 1013 0 1 166577 23 0 -14 -17 1421 1 1 0 1000 50 -19
0 1011 0 1 166599 22 0 -14 -17 1421 1 1 0 1000 50 -19
0 1010 0 1 166622 23 0 -14 -17 1421 1 1 0 1000 50 -19
0 1013 0 1 166644 22 0 -14 -17 1421 1 1 0 1000 50 -19
0 1010 0 1 166667 23 0 -14 -17 1421 1 1 0 1000 50 -19
0 1012 0 1 166689 22 0 -14 -17 1421 1 1 0 1000 50 -19
0 1017 0 1 166712 23 0 -14 -17 1421 1 1 0 1000 50 -19
0 1012 0 1 166734 22 0 -14 -17 1421 1 1 0 1000 50 -19
0 1012 0 1 166756 22 0 -14 -17 1421 1 1 0 1000 50 -19
0 1020 0 1 166778 22 0 -14 -17 1421 1 1 0 1000 50 -19
0 1009 0 1 166801 23 0 -14 -17 1421 1 1 0 1000 50 -19
0 1012 0 1 166823 22 0 -14 -17 1421 1 1 0 1000 50 -19
0 1017 0 1 166846 23 0 -14 -17 1421 1 1 0 1000 50 -19
0 1011 0 1 166868 22 0 -14 -17 1421 1 1 0 1000 50 -19
0 1013 0 1 166891 23 0 -14 -17 1421 1 1 0 1000 50 -19
0 1012 0 1 166914 23 0 -14 -17 1421 1 1 0 1000 50 -19
0 1002 0 1 166936 22 0 -14 -17 1421 1 1 0 1000 50 -19
0 1013 0 1 166959 23 0 -14 -17 1421 1 1 0 1000 50 -19
0 1013 0 1 166981 22 0 -14 -17 1421 1 1 0 1000 50 -19
0 1007 0 1 167004 23 0 -14 -17 1421 1 1 0 1000 50 -19
0 1014 0 1 167026 22 0 -14 -17 1421 1 1 0 1000 50 -19
0 1012 0 1 167049 23 0 -14 -17 1421 1 1 0 1000 50 -19
0 1008 0 1 167071 22 0 -14 -17 1421 1 1 0 1000 50 -19
0 1015 0 1 167093 22 0 -14 -17 1421 1 1 0 1000 50 -19
0 1011 0 1 167115 22 0 -14 -17 1421 1 1 0 1000 50 -19
0 1011 0 1 167138 23 0 -14 -17 1421 1 1 0 1000 50 -19
0 1015 0 1 167160 22 0 -14 -17 1421 1 1 0 1000 50 -19
0 1010 0 1 167183 23 0 -14 -17 1421 1 1 0 1000 50 -19
0 1012 0 1 167205 22 0 -14 -17 1421 1 1 0 1000 50 -19
0 1016 0 1 167228 23 0 -14 -17 1421 1 1 0 1000 50 -19
0 1011 0 1 167250 22 0 -14 -17 1421 1 1 0 1000 50 -19
0 1012 0 1 167273 23 0 -14 -17 1421 1 1 0 1000 50 -19
0 1018 0 1 167296 23 0 -14 -17 1421 1 1 0 1000 50 -19
0 1011 0 1 167318 22 0 -14 -17 1421 1 1 0 1000 50 -19
0 1012 0 1 167341 23 0 -14 -17 1421 1 1 0 1000 50 -19
0 1014 0 1 167363 22 0 -14 -17 1421 1 1 0 1000 50 -19
0 1010 0 1 167386 23 0 -14 -17 1421 1 1 0 1000 50 -19
0 1014 0 1 167408 22 0 -14 -17 1421 1 1 0 1000 50 -19
0 1014 0 1 167431 23 0 -14 -17 1421 1 1 0 1000 50 -19
0 1005 0 1 167452 21 0 -14 -17 1421 1 1 0 1000 50 -19
0 1013 0 1 167475 23 0 -14 -17 1421 1 1 0 1000 50 -19
0 1012 0 1 167497 22 0 -14 -17 1421 1 1 0 1000 50 -19
0 1004 0 1 167520 23 0 -14 -17 1421 1 1 0 1000 50 -19
0 1012 0 1 167542 22 0 -14 -17 1421 1 1 0 1000 50 -19
0 1011 0 1 167565 23 0 -14 -17 1421 1 1 0 1000 50 -19
0 1008 0 1 167587 22 0 -14 -17 1421 1 1 0 1000 50 -19
0 1012 0 1 167610 23 0 -14 -17 1421 1 1 0 1000 50 -19
0 1011 0 1 167632 22 0 -14 -17 1421 1 1 0 1000 50 -19
0 1012 0 1 167655 23 0 -14 -17 1421 1 1 0 1000 50 -19
0 1022 0 1 167677 22 0 -14 -17 1421 1 1 0 1000 50 -19
0 1011 0 1 167700 23 0 -14 -17 1421 1 1 0 1000 50 -19
0 1017 0 1 167723 23 0 -14 -17 1421 1 1 0 1000 50 -19
0 1016 0 1 167745 22 0 -14 -17 1421 1 1 0 1000 50 -19
0 1008 0 1 167768 23 0 -14 -17 1421 1 1 0 1000 50 -19
0 1013 0 1 167790 22 0 -14 -17 1421 1 1 0 1000 50 -19
0 1017 0 1 167812 22 0 -14 -17 1421 1 1 0 1000 50 -19
0 1011 0 1 167834 22 0 -14 -17 1421 1 1 0 1000 50 -19
0 1013 0 1 167857 23 0 -14 -17 1421 1 1 0 1000 50 -19
0 1008 0 1 167879 22 0 -14 -17 1421 1 1 0 1000 50 -19
0 1014 0 1 167902 23 0 -14 -17 1421 1 1 0 1000 50 -19
0 1016 0 1 167924 22 0 -14 -17 1421 1 1 0 1000 50 -19
0 1012 0 1 167947 23 0 -14 -17 1421 1 1 0 1000 50 -19
0 1011 0 1 167969 22 0 -14 -17 1421 1 1 0 1000 50 -19
0 1013 0 1 167992 23 0 -14 -17 1421 1 1 0 1000 50 -19
0 1009 0 1 168014 22 0 -14 -17 1421 1 1 0 1000 50 -19
0 1003 0 1 168037 23 0 -14 -17 1421 1 1 0 1000 50 -19
0 1013 0 1 168059 22 0 -14 -17 1421 1 1 0 1000 50 -19
0 1012 0 1 168082 23 0 -14 -17 1421 1 1 0 1000 50 -19
0 1011 0 1 168104 22 0 -14 -17 1421 1 1 0 1000 50 -19
0 1013 0 1 168127 23 0 -14 -17 1421 1 1 0 1000 50 -19
0 1010 0 1 168148 21 0 -14 -17 1421 1 1 0 1000 50 -19
0 1012 0 1 168171 23 0 -14 -17 1421 1 1 0 1000 50 -19
0 1018 0 1 168194 23 0 -14 -17 1421 1 1 0 1000 50 -19
0 1011 0 1 168216 22 0 -14 -17 1421 1 1 0 1000 50 -19
0 1012 0 1 168239 23 0 -14 -17 1421 1 1 0 1000 50 -19
0 1018 0 1 168261 22 0 -14 -17 1421 1 1 0 1000 50 -19
0 1010 0 1 168284 23 0 -14 -17 1421 1 1 0 1000 50 -19
0 1012 0 1 168306 22 0 -14 -17 1421 1 1 0 1000 50 -19
0 1016 0 1 168329 23 0 -14 -17 1421 1 1 0 1000 50 -19
0 1008 0 1 168351 22 0 -14 -17 1421 1 1 0 1000 50 -19
0 1013 0 1 168374 23 0 -14 -17 1421 1 1 0 1000 50 -19
0 1014 0 1 168396 22 0 -14 -17 1421 1 1 0 1000 50 -19
0 1003 0 1 168419 23 0 -14 -17 1421 1 1 0 1000 50 -19
0 1013 0 1 168441 22 0 -14 -17 1421 1 1 0 1000 50 -19
0 1012 0 1 168464 23 0 -14 -17 1421 1 1 0 1000 50 -19
0 1009 0 1 168486 22 0 -14 -17 1421 1 1 0 1000 50 -19
0 1014 0 1 168508 22 0 -14 -17 1421 1 1 0 1000 50 -19
0 1011 0 1 168530 22 0 -14 -17 1421 1 1 0 1000 50 -19
0 1007 0 1 168553 23 0 -14 -17 1421 1 1 0 1000 50 -19
0 1012 0 1 168576 23 0 -14 -17 1421 1 1 0 1000 50 -19
0 1011 0 1 168598 22 0 -14 -17 1421 1 1 0 1000 50 -19
0 1011 0 1 168621 23 0 -14 -17 1421 1 1 0 1000 50 -19
0 1015 0 1 168643 22 0 -14 -17 1421 1 1 0 1000 50 -19
0 1010 0 1 168666 23 0 -14 -17 1421 1 1 0 1000 50 -19
0 1012 0 1 168688 22 0 -14 -17 1421 1 1 0 1000 50 -19
0 1013 0 1 168711 23 0 -14 -17 1421 1 1 0 1000 50 -19
0 1010 0 1 168733 22 0 -14 -17 1421 1 1 0 1000 50 -19
0 1012 0 1 168756 23 0 -14 -17 1421 1 1 0 1000 50 -19
0 1019 0 1 168778 22 0 -14 -17 1421 1 1 0 1000 50 -19
0 1010 0 1 168801 23 0 -14 -17 1421 1 1 0 1000 50 -19
0 1012 0 1 168823 22 0 -14 -17 1421 1 1 0 1000 50 -19
0 1012 0 1 168846 23 0 -14 -17 1421 1 1 0 1000 50 -19
0 1011 0 1 168868 22 0 -14 -17 1421 1 1 0 1000 50 -19
0 1014 0 1 168890 22 0 -14 -17 1421 1 1 0 1000 50 -19
0 1011 0 1 168912 22 0 -14 -17 1421 1 1 0 1000 50 -19
0 1007 0 1 168935 23 0 -14 -17 1421 1 1 0 1000 50 -19
0 1013 0 1 168957 22 0 -14 -17 1421 1 1 0 1000 50 -19
0 1011 0 1 168980 23 0 -14 -17 1421 1 1 0 1000 50 -19
0 1006 0 1 169003 23 0 -14 -17 1421 1 1 0 1000 50 -19
0 1014 0 1 169025 22 0 -14 -17 1421 1 1 0 1000 50 -19
0 1011 0 1 169048 23 0 -14 -17 1421 1 1 0 1000 50 -19
0 1008 0 1 169070 22 0 -14 -17 1421 1 1 0 1000 50 -19
0 1012 0 1 169093 23 0 -14 -17 1421 1 1 0 1000 50 -19
0 1010 0 1 169115 22 0 -14 -17 1421 1 1 0 1000 50 -19
0 1010 0 1 169138 23 0 -14 -17 1421 1 1 0 1000 50 -19
0 1021 0 1 169160 22 0 -14 -17 1421 1 1 0 1000 50 -19
0 1011 0 1 169183 23 0 -14 -17 1421 1 1 0 1000 50 -19
0 1020 0 1 169205 22 0 -14 -17 1421 1 1 0 1000 50 -19
0 1017 0 1 169228 23 0 -14 -17 1421 1 1 0 1000 50 -19
0 1010 0 1 169249 21 0 -14 -17 1421 1 1 0 1000 50 -19
0 1019 0 1 169272 23 0 -14 -17 1421 1 1 0 1000 50 -19
0 1016 0 1 169294 22 0 -14 -17 1421 1 1 0 1000 50 -19
0 1010 0 1 169317 23 0 -14 -17 1421 1 1 0 1000 50 -19
0 1011 0 1 169339 22 0 -14 -17 1421 1 1 0 1000 50 -19
0 1012 0 1 169362 23 0 -14 -17 1421 1 1 0 1000 50 -19
0 1008 0 1 169384 22 0 -14 -17 1421 1 1 0 1000 50 -19
0 1014 0 1 169407 23 0 -14 -17 1421 1 1 0 1000 50 -19
0 1012 0 1 169430 23 0 -14 -17 1421 1 1 0 1000 50 -19
0 1008 0 1 169452 22 0 -14 -17 1421 1 1 0 1000 50 -19
0 1013 0 1 169475 23 0 -14 -17 1421 1 1 0 1000 50 -19
0 1011 0 1 169497 22 0 -14 -17 1421 1 1 0 1000 50 -19
0 1006 0 1 169520 23 0 -14 -17 1421 1 1 0 1000 50 -19
0 1013 0 1 169542 22 0 -14 -17 1421 1 1 0 1000 50 -19
0 1010 0 1 169565 23 0 -14 -17 1421 1 1 0 1000 50 -19
0 1010 0 1 169587 22 0 -14 -17 1421 1 1 0 1000 50 -19
0 1013 0 1 169609 22 0 -14 -17 1421 1 1 0 1000 50 -19
0 1010 0 1 169631 22 0 -14 -17 1421 1 1 0 1000 50 -19
0 1021 0 1 169654 23 0 -14 -17 1421 1 1 0 1000 50 -19
0 1015 0 1 169676 22 0 -14 -17 1421 1 1 0 1000 50 -19
0 1010 0 1 169699 23 0 -14 -17 1421 1 1 0 1000 50 -19
0 1012 0 1 169721 22 0 -14 -17 1421 1 1 0 1000 50 -19
0 1017 0 1 169744 23 0 -14 -17 1421 1 1 0 1000 50 -19
0 1010 0 1 169766 22 0 -14 -17 1421 1 1 0 1000 50 -19
0 1012 0 1 169789 23 0 -14 -17 1421 1 1 0 1000 50 -19
0 1015 0 1 169811 22 0 -14 -17 1421 1 1 0 1000 50 -19
0 1010 0 1 169834 23 0 -14 -17 1421 1 1 0 1000 50 -19
0 1013 0 1 169857 23 0 -14 -17 1421 1 1 0 1000 50 -19
0 1012 0 1 169879 22 0 -14 -17 1421 1 1 0 1000 50 -19
0 1002 0 1 169902 23 0 -14 -17 1421 1 1 0 1000 50 -19
0 1013 0 1 169924 22 0 -14 -17 1421 1 1 0 1000 50 -19
0 1011 0 1 169947 23 0 -14 -17 1421 1 1 0 1000 50 -19
0 1009 0 1 169969 22 0 -14 -17 1421 1 1 0 1000 50 -19
0 1014 0 1 169991 22 0 -14 -17 1421 1 1 0 1000 50 -19
0 1012 0 1 170013 22 0 -14 -17 1421 1 1 0 1000 50 -19
0 1011 0 1 170036 23 0 -14 -17 1421 1 1 0 1000 50 -19
0 1013 0 1 170058 22 0 -14 -17 1421 1 1 0 1000 50 -19
0 1011 0 1 170081 23 0 -14 -17 1421 1 1 0 1000 50 -19
0 1010 0 1 170103 22 0 -14 -17 1421 1 1 0 1000 50 -19
0 1015 0 1 170126 23 0 -14 -17 1421 1 1 0 1000 50 -19
0 1007 0 1 170148 22 0 -14 -17 1421 1 1 0 1000 50 -19
0 1011 0 1 170171 23 0 -14 -17 1421 1 1 0 1000 50 -19
0 1016 0 1 170193 22 0 -14 -17 1421 1 1 0 1000 50 -19
0 1011 0 1 170216 23 0 -14 -17 1421 1 1 0 1000 50 -19
0 1012 0 1 170238 22 0 -14 -17 1421 1 1 0 1000 50 -19
0 1016 0 1 170261 23 0 -14 -17 1421 1 1 0 1000 50 -19
0 1010 0 1 170284 23 0 -14 -17 1421 1 1 0 1000 50 -19
0 1012 0 1 170306 22 0 -14 -17 1421 1 1 0 1000 50 -19
0 1014 0 1 170329 23 0 -14 -17 1421 1 1 0 1000 50 -19
0 1011 0 1 170350 21 0 -14 -17 1421 1 1 0 1000 50 -19
0 1013 0 1 170373 23 0 -14 -17 1421 1 1 0 1000 50 -19
0 1012 0 1 170395 22 0 -14 -17 1421 1 1 0 1000 50 -19
0 1007 0 1 170418 23 0 -14 -17 1421 1 1 0 1000 50 -19
0 1013 0 1 170440 22 0 -14 -17 1421 1 1 0 1000 50 -19
0 1012 0 1 170463 23 0 -14 -17 1421 1 1 0 1000 50 -19
0 1005 0 1 170485 22 0 -14 -17 1421 1 1 0 1000 50 -19
0 1014 0 1 170508 23 0 -14 -17 1421 1 1 0 1000 50 -19
0 1011 0 1 170530 22 0 -14 -17 1421 1 1 0 1000 50 -19
0 1010 0 1 170553 23 0 -14 -17 1421 1 1 0 1000 50 -19
0 1012 0 1 170575 22 0 -14 -17 1421 1 1 0 1000 50 -19
0 1010 0 1 170598 23 0 -14 -17 1421 1 1 0 1000 50 -19
0 1011 0 1 170620 22 0 -14 -17 1421 1 1 0 1000 50 -19
0 1023 0 1 170643 23 0 -14 -17 1421 1 1 0 1000 50 -19
0 1011 0 1 170665 22 0 -14 -17 1421 1 1 0 1000 50 -19
0 1012 0 1 170688 23 0 -14 -17 1421 1 1 0 1000 50 -19
0 1017 0 1 170710 22 0 -14 -17 1421 1 1 0 1000 50 -19
0 1010 0 1 170732 22 0 -14 -17 1421 1 1 0 1000 50 -19
0 1012 0 1 170755 23 0 -14 -17 1421 1 1 0 1000 50 -19
0 1013 0 1 170777 22 0 -14 -17 1421 1 1 0 1000 50 -19
0 1011 0 1 170800 23 0 -14 -17 1421 1 1 0 1000 50 -19
0 1013 0 1 170822 22 0 -14 -17 1421 1 1 0 1000 50 -19
0 1019 0 1 170845 23 0 -14 -17 1421 1 1 0 1000 50 -19
0 1009 0 1 170867 22 0 -14 -17 1421 1 1 0 1000 50 -19
0 1013 0 1 170890 23 0 -14 -17 1421 1 1 0 1000 50 -19
0 1012 0 1 170912 22 0 -14 -17 1421 1 1 0 1000 50 -19
0 1009 0 1 170935 23 0 -14 -17 1421 1 1 0 1000 50 -19
0 1013 0 1 170957 22 0 -14 -17 1421 1 1 0 1000 50 -19
0 1012 0 1 170980 23 0 -14 -17 1421 1 1 0 1000 50 -19
0 1004 0 1 171002 22 0 -14 -17 1421 1 1 0 1000 50 -19
0 1012 0 1 171025 23 0 -14 -17 1421 1 1 0 1000 50 -19
0 1011 0 1 171046 21 0 -14 -17 1421 1 1 0 1000 50 -19
0 1006 0 1 171069 23 0 -14 -17 1421 1 1 0 1000 50 -19
0 1011 0 1 171091 22 0 -14 -17 1421 1 1 0 1000 50 -19
0 1010 0 1 171114 23 0 -14 -17 1421 1 1 0 1000 50 -19
0 1010 0 1 171137 23 0 -14 -17 1421 1 1 0 1000 50 -19
0 1021 0 1 171159 22 0 -14 -17 1421 1 1 0 1000 50 -19
0 1011 0 1 171182 23 0 -14 -17 1421 1 1 0 1000 50 -19
0 1022 0 1 171204 22 0 -14 -17 1421 1 1 0 1000 50 -19
0 1018 0 1 171227 23 0 -14 -17 1421 1 1 0 1000 50 -19
0 1010 0 1 171249 22 0 -14 -17 1421 1 1 0 1000 50 -19
0 1012 0 1 171272 23 0 -14 -17 1421 1 1 0 1000 50 -19
0 1015 0 1 171294 22 0 -14 -17 1421 1 1 0 1000 50 -19
0 1012 0 1 171317 23 0 -14 -17 1421 1 1 0 1000 50 -19
0 1013 0 1 171339 22 0 -14 -17 1421 1 1 0 1000 50 -19
0 1012 0 1 171362 23 0 -14 -17 1421 1 1 0 1000 50 -19
0 1002 0 1 171384 22 0 -14 -17 1421 1 1 0 1000 50 -19
0 1014 0 1 171406 22 0 -14 -17 1421 1 1 0 1000 50 -19
0 1012 0 1 171428 22 0 -14 -17 1421 1 1 0 1000 50 -19
0 1008 0 1 171451 23 0 -14 -17 1421 1 1 0 1000 50 -19
0 1014 0 1 171473 22 0 -14 -17 1421 1 1 0 1000 50 -19
0 1012 0 1 171496 23 0 -14 -17 1421 1 1 0 1000 50 -19
0 1009 0 1 171518 22 0 -14 -17 1421 1 1 0 1000 50 -19
0 1012 0 1 171541 23 0 -14 -17 1421 1 1 0 1000 50 -19
0 1012 0 1 171564 23 0 -14 -17 1421 1 1 0 1000 50 -19
0 1012 0 1 171586 22 0 -14 -17 1421 1 1 0 1000 50 -19
0 1008 0 1 171609 23 0 -14 -17 1421 1 1 0 1000 50 -19
0 1010 0 1 171631 22 0 -14 -17 1421 1 1 0 1000 50 -19
0 1012 0 1 171654 23 0 -14 -17 1421 1 1 0 1000 50 -19
0 1015 0 1 171676 22 0 -14 -17 1421 1 1 0 1000 50 -19
0 1012 0 1 171699 23 0 -14 -17 1421 1 1 0 1000 50 -19
0 1012 0 1 171721 22 0 -14 -17 1421 1 1 0 1000 50 -19
0 1018 0 1 171744 23 0 -14 -17 1421 1 1 0 1000 50 -19
0 1011 0 1 171765 21 0 -14 -17 1421 1 1 0 1000 50 -19
0 1013 0 1 171788 23 0 -14 -17 1421 1 1 0 1000 50 -19
0 1013 0 1 171810 22 0 -14 -17 1421 1 1 0 1000 50 -19
0 1011 0 1 171833 23 0 -14 -17 1421 1 1 0 1000 50 -19
0 1014 0 1 171855 22 0 -14 -17 1421 1 1 0 1000 50 -19
0 1014 0 1 171878 23 0 -14 -17 1421 1 1 0 1000 50 -19
0 1006 0 1 171900 22 0 -14 -17 1421 1 1 0 1000 50 -19
0 1013 0 1 171923 23 0 -14 -17 1421 1 1 0 1000 50 -19
0 1012 0 1 171945 22 0 -14 -17 1421 1 1 0 1000 50 -19
0 1006 0 1 171968 23 0 -14 -17 1421 1 1 0 1000 50 -19
0 1014 0 1 171991 23 0 -14 -17 1421 1 1 0 1000 50 -19
0 1014 0 1 172013 22 0 -14 -17 1421 1 1 0 1000 50 -19
0 1007 0 1 172036 23 0 -14 -17 1421 1 1 0 1000 50 -19
0 1014 0 1 172058 22 0 -14 -17 1421 1 1 0 1000 50 -19
0 1010 0 1 172081 23 0 -14 -17 1421 1 1 0 1000 50 -19
0 1014 0 1 172102 21 0 -14 -17 1421 1 1 0 1000 50 -19
0 1023 0 1 172125 23 0 -14 -17 1421 1 1 0 1000 50 -19
0 1013 0 1 172147 22 0 -14 -17 1421 1 1 0 1000 50 -19
0 1012 0 1 172170 23 0 -14 -17 1421 1 1 0 1000 50 -19
0 1016 0 1 172192 22 0 -14 -17 1421 1 1 0 1000 50 -19
0 1011 0 1 172215 23 0 -14 -17 1421 1 1 0 1000 50 -19
0 1013 0 1 172237 22 0 -14 -17 1421 1 1 0 1000 50 -19
0 1019 0 1 172260 23 0 -14 -17 1421 1 1 0 1000 50 -19
0 1011 0 1 172282 22 0 -14 -17 1421 1 1 0 1000 50 -19
0 1011 0 1 172305 23 0 -14 -17 1421 1 1 0 1000 50 -19
0 1013 0 1 172327 22 0 -14 -17 1421 1 1 0 1000 50 -19
0 1009 0 1 172350 23 0 -14 -17 1421 1 1 0 1000 50 -19
0 1012 0 1 172372 22 0 -14 -17 1421 1 1 0 1000 50 -19
0 1019 0 1 172395 23 0 -14 -17 1421 1 1 0 1000 50 -19
0 1006 0 1 172418 23 0 -14 -17 1421 1 1 0 1000 50 -19
0 1013 0 1 172440 22 0 -14 -17 1421 1 1 0 1000 50 -19
0 1011 0 1 172462 22 0 -14 -17 1421 1 1 0 1000 50 -19
0 1004 0 1 172484 22 0 -14 -17 1421 1 1 0 1000 50 -19
0 1012 0 1 172507 23 0 -14 -17 1421 1 1 0 1000 50 -19
0 1009 0 1 172529 22 0 -14 -17 1421 1 1 0 1000 50 -19
0 1002 0 1 172552 23 0 -14 -17 1421 1 1 0 1000 50 -19
0 1011 0 1 172574 22 0 -14 -17 1421 1 1 0 1000 50 -19
0 1009 0 1 172597 23 0 -14 -17 1421 1 1 0 1000 50 -19
0 1010 0 1 172619 22 0 -14 -17 1421 1 1 0 1000 50 -19
0 1020 0 1 172642 23 0 -14 -17 1421 1 1 0 1000 50 -19
0 1009 0 1 172664 22 0 -14 -17 1421 1 1 0 1000 50 -19
0 1021 0 1 172687 23 0 -14 -17 1421 1 1 0 1000 50 -19
0 1015 0 1 172709 22 0 -14 -17 1421 1 1 0 1000 50 -19
0 1008 0 1 172732 23 0 -14 -17 1421 1 1 0 1000 50 -19
0 1010 0 1 172754 22 0 -14 -17 1421 1 1 0 1000 50 -19
0 1015 0 1 172777 23 0 -14 -17 1421 1 1 0 1000 50 -19
0 1008 0 1 172798 21 0 -14 -17 1421 1 1 0 1000 50 -19
0 1011 0 1 172821 23 0 -14 -17 1421 1 1 0 1000 50 -19
0 1012 0 1 172844 23 0 -14 -17 1421 1 1 0 1000 50 -19
0 1008 0 1 172866 22 0 -14 -17 1421 1 1 0 1000 50 -19
0 1012 0 1 172889 23 0 -14 -17 1421 1 1 0 1000 50 -19
0 1008 0 1 172911 22 0 -14 -17 1421 1 1 0 1000 50 -19
0 1007 0 1 172934 23 0 -14 -17 1421 1 1 0 1000 50 -19
0 1011 0 1 172956 22 0 -14 -17 1421 1 1 0 1000 50 -19
0 1009 0 1 172979 23 0 -14 -17 1421 1 1 0 1000 50 -19
0 1004 0 1 173001 22 0 -14 -17 1421 1 1 0 1000 50 -19
0 1011 0 1 173024 23 0 -14 -17 1421 1 1 0 1000 50 -19
0 1009 0 1 173046 22 0 -14 -17 1421 1 1 0 1000 50 -19
0 1009 0 1 173069 23 0 -14 -17 1421 1 1 0 1000 50 -19
0 1012 0 1 173091 22 0 -14 -17 1421 1 1 0 1000 50 -19
0 1008 0 1 173114 23 0 -14 -17 1421 1 1 0 1000 50 -19
0 998 0 1 173136 22 0 -14 -17 1421 1 1 0 1000 50 -19
0 1018 0 1 173158 22 0 -14 -17 1421 1 1 0 1000 50 -19
0 1009 0 1 173180 22 0 -14 -17 1421 1 1 0 1000 50 -19
0 1010 0 1 173203 23 0 -14 -17 1421 1 1 0 1000 50 -19
0 1017 0 1 173225 22 0 -14 -17 1421 1 1 0 1000 50 -19
0 1009 0 1 173248 23 0 -14 -17 1421 1 1 0 1000 50 -19
0 1011 0 1 173271 23 0 -14 -17 1421 1 1 0 1000 50 -19
0 1010 0 1 173293 22 0 -14 -17 1421 1 1 0 1000 50 -19
0 1010 0 1 173316 23 0 -14 -17 1421 1 1 0 1000 50 -19
0 1012 0 1 173338 22 0 -14 -17 1421 1 1 0 1000 50 -19
0 1018 0 1 173361 23 0 -14 -17 1421 1 1 0 1000 50 -19
0 1000 0 1 173383 22 0 -14 -17 1421 1 1 0 1000 50 -19
0 1010 0 1 173406 23 0 -14 -17 1421 1 1 0 1000 50 -19
0 1010 0 1 173428 22 0 -14 -17 1421 1 1 0 1000 50 -19
0 1006 0 1 173451 23 0 -14 -17 1421 1 1 0 1000 50 -19
0 1012 0 1 173473 22 0 -14 -17 1421 1 1 0 1000 50 -19
0 1010 0 1 173495 22 0 -14 -17 1421 1 1 0 1000 50 -19
0 1005 0 1 173517 22 0 -14 -17 1421 1 1 0 1000 50 -19
0 1011 0 1 173540 23 0 -14 -17 1421 1 1 0 1000 50 -19
0 1009 0 1 173562 22 0 -14 -17 1421 1 1 0 1000 50 -19
0 1010 0 1 173585 23 0 -14 -17 1421 1 1 0 1000 50 -19
0 1013 0 1 173607 22 0 -14 -17 1421 1 1 0 1000 50 -19
0 1008 0 1 173630 23 0 -14 -17 1421 1 1 0 1000 50 -19
0 1011 0 1 173652 22 0 -14 -17 1421 1 1 0 1000 50 -19
0 1014 0 1 173675 23 0 -14 -17 1421 1 1 0 1000 50 -19
0 1009 0 1 173698 23 0 -14 -17 1421 1 1 0 1000 50 -19
0 1011 0 1 173720 22 0 -14 -17 1421 1 1 0 1000 50 -19
0 1017 0 1 173743 23 0 -14 -17 1421 1 1 0 1000 50 -19
0 1009 0 1 173765 22 0 -14 -17 1421 1 1 0 1000 50 -19
0 1012 0 1 173788 23 0 -14 -17 1421 1 1 0 1000 50 -19
0 1012 0 1 173810 22 0 -14 -17 1421 1 1 0 1000 50 -19
0 1010 0 1 173833 23 0 -14 -17 1421 1 1 0 1000 50 -19
0 1011 0 1 173855 22 0 -14 -17 1421 1 1 0 1000 50 -19
0 1010 0 1 173877 22 0 -14 -17 1421 1 1 0 1000 50 -19
0 994 0 1 173899 22 0 -14 -17 1421 1 1 0 1000 50 -19
0 1011 0 1 173922 23 0 -14 -17 1421 1 1 0 1000 50 -19
0 1010 0 1 173944 22 0 -14 -17 1421 1 1 0 1000 50 -19
0 996 0 1 173967 23 0 -14 -17 1421 1 1 0 1000 50 -19
0 1012 0 1 173989 22 0 -14 -17 1421 1 1 0 1000 50 -19
0 1010 0 1 174012 23 0 -14 -17 1421 1 1 0 1000 50 -19
0 1009 0 1 174034 22 0 -14 -17 1421 1 1 0 1000 50 -19
0 1010 0 1 174057 23 0 -14 -17 1421 1 1 0 1000 50 -19
0 1013 0 1 174080 23 0 -14 -17 1421 1 1 0 1000 50 -19
0 1009 0 1 174102 22 0 -14 -17 1421 1 1 0 1000 50 -19
0 1014 0 1 174125 23 0 -14 -17 1421 1 1 0 1000 50 -19
0 1008 0 1 174147 22 0 -14 -17 1421 1 1 0 1000 50 -19
0 1009 0 1 174170 23 0 -14 -17 1421 1 1 0 1000 50 -19
0 1014 0 1 174191 21 0 -14 -17 1421 1 1 0 1000 50 -19
0 1009 0 1 174214 23 0 -14 -17 1421 1 1 0 1000 50 -19
0 1010 0 1 174236 22 0 -14 -17 1421 1 1 0 1000 50 -19
0 1023 0 1 174259 23 0 -14 -17 1421 1 1 0 1000 50 -19
0 1007 0 1 174281 22 0 -14 -17 1421 1 1 0 1000 50 -19
0 1008 0 1 174304 23 0 -14 -17 1421 1 1 0 1000 50 -19
0 1009 0 1 174326 22 0 -14 -17 1421 1 1 0 1000 50 -19
0 1011 0 1 174349 23 0 -14 -17 1421 1 1 0 1000 50 -19
0 1012 0 1 174371 22 0 -14 -17 1421 1 1 0 1000 50 -19
0 1011 0 1 174394 23 0 -14 -17 1421 1 1 0 1000 50 -19
0 1007 0 1 174416 22 0 -14 -17 1421 1 1 0 1000 50 -19
0 1012 0 1 174439 23 0 -14 -17 1421 1 1 0 1000 50 -19
0 1010 0 1 174461 22 0 -14 -17 1421 1 1 0 1000 50 -19
0 1007 0 1 174484 23 0 -14 -17 1421 1 1 0 1000 50 -19
0 1012 0 1 174507 23 0 -14 -17 1421 1 1 0 1000 50 -19
0 1010 0 1 174529 22 0 -14 -17 1421 1 1 0 1000 50 -19
0 1007 0 1 174551 22 0 -14 -17 1421 1 1 0 1000 50 -19
0 1011 0 1 174573 22 0 -14 -17 1421 1 1 0 1000 50 -19
0 1009 0 1 174596 23 0 -14 -17 1421 1 1 0 1000 50 -19
0 1010 0 1 174618 22 0 -14 -17 1421 1 1 0 1000 50 -19
0 1016 0 1 174641 23 0 -14 -17 1421 1 1 0 1000 50 -19
0 1009 0 1 174663 22 0 -14 -17 1421 1 1 0 1000 50 -19
0 1010 0 1 174686 23 0 -14 -17 1421 1 1 0 1000 50 -19
0 1014 0 1 174708 22 0 -14 -17 1421 1 1 0 1000 50 -19
0 1009 0 1 174731 23 0 -14 -17 1421 1 1 0 1000 50 -19
0 1011 0 1 174753 22 0 -14 -17 1421 1 1 0 1000 50 -19
0 1014 0 1 174776 23 0 -14 -17 1421 1 1 0 1000 50 -19
0 1009 0 1 174798 22 0 -14 -17 1421 1 1 0 1000 50 -19
0 1011 0 1 174821 23 0 -14 -17 1421 1 1 0 1000 50 -19
0 1009 0 1 174843 22 0 -14 -17 1421 1 1 0 1000 50 -19
0 1005 0 1 174866 23 0 -14 -17 1421 1 1 0 1000 50 -19
0 1013 0 1 174888 22 0 -14 -17 1421 1 1 0 1000 50 -19
0 1010 0 1 174910 22 0 -14 -17 1421 1 1 0 1000 50 -19
0 1007 0 1 174932 22 0 -14 -17 1421 1 1 0 1000 50 -19
0 1011 0 1 174955 23 0 -14 -17 1421 1 1 0 1000 50 -19
0 1010 0 1 174978 23 0 -14 -17 1421 1 1 0 1000 50 -19
0 1003 0 1 175000 22 0 -14 -17 1421 1 1 0 1000 50 -19
0 1013 0 1 175023 23 0 -14 -17 1421 1 1 0 1000 50 -19
0 1009 0 1 175045 22 0 -14 -17 1421 1 1 0 1000 50 -19
0 1009 0 1 175068 23 0 -14 -17 1421 1 1 0 1000 50 -19
0 1013 0 1 175090 22 0 -14 -17 1421 1 1 0 1000 50 -19
0 1008 0 1 175113 23 0 -14 -17 1421 1 1 0 1000 50 -19
0 1008 0 1 175135 22 0 -14 -17 1421 1 1 0 1000 50 -19
0 1023 0 1 175158 23 0 -14 -17 1421 1 1 0 1000 50 -19
0 1010 0 1 175180 22 0 -14 -17 1421 1 1 0 1000 50 -19
0 1011 0 1 175203 23 0 -14 -17 1421 1 1 0 1000 50 -19
0 1012 0 1 175225 22 0 -14 -17 1421 1 1 0 1000 50 -19
0 1010 0 1 175248 23 0 -14 -17 1421 1 1 0 1000 50 -19
0 1010 0 1 175269 21 0 -14 -17 1421 1 1 0 1000 50 -19
0 1013 0 1 175292 23 0 -14 -17 1421 1 1 0 1000 50 -19
0 1009 0 1 175314 22 0 -14 -17 1421 1 1 0 1000 50 -19
0 1009 0 1 175337 23 0 -14 -17 1421 1 1 0 1000 50 -19
0 1011 0 1 175360 23 0 -14 -17 1421 1 1 0 1000 50 -19
0 1002 0 1 175382 22 0 -14 -17 1421 1 1 0 1000 50 -19
0 1009 0 1 175405 23 0 -14 -17 1421 1 1 0 1000 50 -19
0 1011 0 1 175427 22 0 -14 -17 1421 1 1 0 1000 50 -19
0 1007 0 1 175450 23 0 -14 -17 1421 1 1 0 1000 50 -19
0 1011 0 1 175472 22 0 -14 -17 1421 1 1 0 1000 50 -19
0 1010 0 1 175495 23 0 -14 -17 1421 1 1 0 1000 50 -19
0 1005 0 1 175517 22 0 -14 -17 1421 1 1 0 1000 50 -19
0 1012 0 1 175540 23 0 -14 -17 1421 1 1 0 1000 50 -19
0 1009 0 1 175562 22 0 -14 -17 1421 1 1 0 1000 50 -19
0 1010 0 1 175585 23 0 -14 -17 1421 1 1 0 1000 50 -19
0 1013 0 1 175607 22 0 -14 -17 1421 1 1 0 1000 50 -19
0 1009 0 1 175629 22 0 -14 -17 1421 1 1 0 1000 50 -19
0 1010 0 1 175651 22 0 -14 -17 1421 1 1 0 1000 50 -19
0 1014 0 1 175674 23 0 -14 -17 1421 1 1 0 1000 50 -19
0 1011 0 1 175696 22 0 -14 -17 1421 1 1 0 1000 50 -19
0 1007 0 1 175719 23 0 -14 -17 1421 1 1 0 1000 50 -19
0 1017 0 1 175741 22 0 -14 -17 1421 1 1 0 1000 50 -19
0 1009 0 1 175764 23 0 -14 -17 1421 1 1 0 1000 50 -19
0 1011 0 1 175787 23 0 -14 -17 1421 1 1 0 1000 50 -19
0 1013 0 1 175809 22 0 -14 -17 1421 1 1 0 1000 50 -19
0 1009 0 1 175832 23 0 -14 -17 1421 1 1 0 1000 50 -19
0 1012 0 1 175854 22 0 -14 -17 1421 1 1 0 1000 50 -19
0 1012 0 1 175877 23 0 -14 -17 1421 1 1 0 1000 50 -19
0 1002 0 1 175899 22 0 -14 -17 1421 1 1 0 1000 50 -19
0 1011 0 1 175922 23 0 -14 -17 1421 1 1 0 1000 50 -19
0 1017 0 1 175944 22 0 -14 -17 1421 1 1 0 1000 50 -19
0 1006 0 1 175966 22 0 -14 -17 1421 1 1 0 1000 50 -19
0 1009 0 1 175988 22 0 -14 -17 1421 1 1 0 1000 50 -19
0 1009 0 1 176011 23 0 -14 -17 1421 1 1 0 1000 50 -19
0 1007 0 1 176033 22 0 -14 -17 1421 1 1 0 1000 50 -19
0 1012 0 1 176056 23 0 -14 -17 1421 1 1 0 1000 50 -19
0 1008 0 1 176078 22 0 -14 -17 1421 1 1 0 1000 50 -19
0 1010 0 1 176101 23 0 -14 -17 1421 1 1 0 1000 50 -19
0 1014 0 1 176123 22 0 -14 -17 1421 1 1 0 1000 50 -19
0 1009 0 1 176146 23 0 -14 -17 1421 1 1 0 1000 50 -19
0 1010 0 1 176168 22 0 -14 -17 1421 1 1 0 1000 50 -19
0 1014 0 1 176191 23 0 -14 -17 1421 1 1 0 1000 50 -19
0 1009 0 1 176214 23 0 -14 -17 1421 1 1 0 1000 50 -19
0 1007 0 1 176236 22 0 -14 -17 1421 1 1 0 1000 50 -19
0 1016 0 1 176259 23 0 -14 -17 1421 1 1 0 1000 50 -19
0 1009 0 1 176281 22 0 -14 -17 1421 1 1 0 1000 50 -19
0 1012 0 1 176304 23 0 -14 -17 1421 1 1 0 1000 50 -19
0 1019 0 1 176325 21 0 -14 -17 1421 1 1 0 1000 50 -19
0 1009 0 1 176348 23 0 -14 -17 1421 1 1 0 1000 50 -19
0 1016 0 1 176370 22 0 -14 -17 1421 1 1 0 1000 50 -19
0 1011 0 1 176393 23 0 -14 -17 1421 1 1 0 1000 50 -19
0 1007 0 1 176415 22 0 -14 -17 1421 1 1 0 1000 50 -19
0 1011 0 1 176438 23 0 -14 -17 1421 1 1 0 1000 50 -19
0 1008 0 1 176460 22 0 -14 -17 1421 1 1 0 1000 50 -19
0 1004 0 1 176483 23 0 -14 -17 1421 1 1 0 1000 50 -19
0 1014 0 1 176505 22 0 -14 -17 1421 1 1 0 1000 50 -19
0 1010 0 1 176528 23 0 -14 -17 1421 1 1 0 1000 50 -19
0 1008 0 1 176550 22 0 -14 -17 1421 1 1 0 1000 50 -19
0 1011 0 1 176573 23 0 -14 -17 1421 1 1 0 1000 50 -19
0 1006 0 1 176595 22 0 -14 -17 1421 1 1 0 1000 50 -19
0 1009 0 1 176618 23 0 -14 -17 1421 1 1 0 1000 50 -19
0 1016 0 1 176641 23 0 -14 -17 1421 1 1 0 1000 50 -19
0 1010 0 1 176663 22 0 -14 -17 1421 1 1 0 1000 50 -19
0 1010 0 1 176685 22 0 -14 -17 1421 1 1 0 1000 50 -19
0 1015 0 1 176707 22 0 -14 -17 1421 1 1 0 1000 50 -19
0 1009 0 1 176730 23 0 -14 -17 1421 1 1 0 1000 50 -19
0 1011 0 1 176752 22 0 -14 -17 1421 1 1 0 1000 50 -19
0 1013 0 1 176775 23 0 -14 -17 1421 1 1 0 1000 50 -19
0 1009 0 1 176797 22 0 -14 -17 1421 1 1 0 1000 50 -19
0 1011 0 1 176820 23 0 -14 -17 1421 1 1 0 1000 50 -19
0 1010 0 1 176842 22 0 -14 -17 1421 1 1 0 1000 50 -19
0 1008 0 1 176865 23 0 -14 -17 1421 1 1 0 1000 50 -19
0 1012 0 1 176887 22 0 -14 -17 1421 1 1 0 1000 50 -19
0 1009 0 1 176910 23 0 -14 -17 1421 1 1 0 1000 50 -19
0 1007 0 1 176932 22 0 -14 -17 1421 1 1 0 1000 50 -19
0 1012 0 1 176955 23 0 -14 -17 1421 1 1 0 1000 50 -19
0 997 0 1 176977 22 0 -14 -17 1421 1 1 0 1000 50 -19
0 1006 0 1 177000 23 0 -14 -17 1421 1 1 0 1000 50 -19
0 1012 0 1 177021 21 0 -14 -17 1421 1 1 0 1000 50 -19
0 1010 0 1 177044 23 0 -14 -17 1421 1 1 0 1000 50 -19
0 1008 0 1 177067 23 0 -14 -17 1421 1 1 0 1000 50 -19
0 1009 0 1 177089 22 0 -14 -17 1421 1 1 0 1000 50 -19
0 1008 0 1 177112 23 0 -14 -17 1421 1 1 0 1000 50 -19
0 1011 0 1 177134 22 0 -14 -17 1421 1 1 0 1000 50 -19
0 1021 0 1 177157 23 0 -14 -17 1421 1 1 0 1000 50 -19
0 1009 0 1 177179 22 0 -14 -17 1421 1 1 0 1000 50 -19
0 1010 0 1 177202 23 0 -14 -17 1421 1 1 0 1000 50 -19
0 1022 0 1 177224 22 0 -14 -17 1421 1 1 0 1000 50 -19
0 1008 0 1 177247 23 0 -14 -17 1421 1 1 0 1000 50 -19
0 1011 0 1 177269 22 0 -14 -17 1421 1 1 0 1000 50 -19
0 1014 0 1 177292 23 0 -14 -17 1421 1 1 0 1000 50 -19
0 1011 0 1 177314 22 0 -14 -17 1421 1 1 0 1000 50 -19
0 1011 0 1 177337 23 0 -14 -17 1421 1 1 0 1000 50 -19
0 1011 0 1 177359 22 0 -14 -17 1421 1 1 0 1000 50 -19
0 1002 0 1 177381 22 0 -14 -17 1421 1 1 0 1000 50 -19
0 1013 0 1 177403 22 0 -14 -17 1421 1 1 0 1000 50 -19
0 1010 0 1 177426 23 0 -14 -17 1421 1 1 0 1000 50 -19
0 1007 0 1 177448 22 0 -14 -17 1421 1 1 0 1000 50 -19
0 1012 0 1 177471 23 0 -14 -17 1421 1 1 0 1000 50 -19
0 1009 0 1 177494 23 0 -14 -17 1421 1 1 0 1000 50 -19
0 1004 0 1 177516 22 0 -14 -17 1421 1 1 0 1000 50 -19
0 1010 0 1 177539 23 0 -14 -17 1421 1 1 0 1000 50 -19
0 1009 0 1 177561 22 0 -14 -17 1421 1 1 0 1000 50 -19
0 1013 0 1 177584 23 0 -14 -17 1421 1 1 0 1000 50 -19
0 1010 0 1 177606 22 0 -14 -17 1421 1 1 0 1000 50 -19
0 1008 0 1 177629 23 0 -14 -17 1421 1 1 0 1000 50 -19
0 1011 0 1 177651 22 0 -14 -17 1421 1 1 0 1000 50 -19
0 1015 0 1 177674 23 0 -14 -17 1421 1 1 0 1000 50 -19
0 1009 0 1 177696 22 0 -14 -17 1421 1 1 0 1000 50 -19
0 1012 0 1 177719 23 0 -14 -17 1421 1 1 0 1000 50 -19
0 1019 0 1 177740 21 0 -14 -17 1421 1 1 0 1000 50 -19
0 1009 0 1 177763 23 0 -14 -17 1421 1 1 0 1000 50 -19
0 1011 0 1 177785 22 0 -14 -17 1421 1 1 0 1000 50 -19
0 1015 0 1 177808 23 0 -14 -17 1421 1 1 0 1000 50 -19
0 1010 0 1 177830 22 0 -14 -17 1421 1 1 0 1000 50 -19
0 1012 0 1 177853 23 0 -14 -17 1421 1 1 0 1000 50 -19
0 1011 0 1 177875 22 0 -14 -17 1421 1 1 0 1000 50 -19
0 1000 0 1 177898 23 0 -14 -17 1421 1 1 0 1000 50 -19
0 1012 0 1 177921 23 0 -14 -17 1421 1 1 0 1000 50 -19
0 1009 0 1 177943 22 0 -14 -17 1421 1 1 0 1000 50 -19
0 1006 0 1 177966 23 0 -14 -17 1421 1 1 0 1000 50 -19
0 1012 0 1 177988 22 0 -14 -17 1421 1 1 0 1000 50 -19
0 1010 0 1 178011 23 0 -14 -17 1421 1 1 0 1000 50 -19
0 1007 0 1 178033 22 0 -14 -17 1421 1 1 0 1000 50 -19
0 1010 0 1 178056 23 0 -14 -17 1421 1 1 0 1000 50 -19
0 1010 0 1 178078 22 0 -14 -17 1421 1 1 0 1000 50 -19
0 1010 0 1 178100 22 0 -14 -17 1421 1 1 0 1000 50 -19
0 1013 0 1 178122 22 0 -14 -17 1421 1 1 0 1000 50 -19
0 1008 0 1 178145 23 0 -14 -17 1421 1 1 0 1000 50 -19
0 1010 0 1 178167 22 0 -14 -17 1421 1 1 0 1000 50 -19
0 1013 0 1 178190 23 0 -14 -17 1421 1 1 0 1000 50 -19
0 1010 0 1 178212 22 0 -14 -17 1421 1 1 0 1000 50 -19
0 1011 0 1 178235 23 0 -14 -17 1421 1 1 0 1000 50 -19
0 1023 0 1 178257 22 0 -14 -17 1421 1 1 0 1000 50 -19
0 1009 0 1 178280 23 0 -14 -17 1421 1 1 0 1000 50 -19
0 1012 0 1 178302 22 0 -14 -17 1421 1 1 0 1000 50 -19
0 1013 0 1 178325 23 0 -14 -17 1421 1 1 0 1000 50 -19
0 1009 0 1 178348 23 0 -14 -17 1421 1 1 0 1000 50 -19
0 1012 0 1 178370 22 0 -14 -17 1421 1 1 0 1000 50 -19
0 1011 0 1 178393 23 0 -14 -17 1421 1 1 0 1000 50 -19
0 1003 0 1 178415 22 0 -14 -17 1421 1 1 0 1000 50 -19
0 1012 0 1 178438 23 0 -14 -17 1421 1 1 0 1000 50 -19
0 1010 0 1 178459 21 0 -14 -17 1421 1 1 0 1000 50 -19
0 1004 0 1 178482 23 0 -14 -17 1421 1 1 0 1000 50 -19
0 1012 0 1 178504 22 0 -14 -17 1421 1 1 0 1000 50 -19
0 1010 0 1 178527 23 0 -14 -17 1421 1 1 0 1000 50 -19
0 1006 0 1 178549 22 0 -14 -17 1421 1 1 0 1000 50 -19
0 1011 0 1 178572 23 0 -14 -17 1421 1 1 0 1000 50 -19
0 1009 0 1 178594 22 0 -14 -17 1421 1 1 0 1000 50 -19
0 1005 0 1 178617 23 0 -14 -17 1421 1 1 0 1000 50 -19
0 1021 0 1 178639 22 0 -14 -17 1421 1 1 0 1000 50 -19
0 1010 0 1 178662 23 0 -14 -17 1421 1 1 0 1000 50 -19
0 1022 0 1 178684 22 0 -14 -17 1421 1 1 0 1000 50 -19
0 1014 0 1 178707 23 0 -14 -17 1421 1 1 0 1000 50 -19
0 1009 0 1 178729 22 0 -14 -17 1421 1 1 0 1000 50 -19
0 1011 0 1 178752 23 0 -14 -17 1421 1 1 0 1000 50 -19
0 1016 0 1 178775 23 0 -14 -17 1421 1 1 0 1000 50 -19
0 1009 0 1 178796 21 0 -14 -17 1421 1 1 0 1000 50 -19
0 1011 0 1 178819 23 0 -14 -17 1421 1 1 0 1000 50 -19
0 1010 0 1 178841 22 0 -14 -17 1421 1 1 0 1000 50 -19
0 1012 0 1 178864 23 0 -14 -17 1421 1 1 0 1000 50 -19
0 1012 0 1 178886 22 0 -14 -17 1421 1 1 0 1000 50 -19
0 1013 0 1 178909 23 0 -14 -17 1421 1 1 0 1000 50 -19
0 1006 0 1 178931 22 0 -14 -17 1421 1 1 0 1000 50 -19
0 1011 0 1 178954 23 0 -14 -17 1421 1 1 0 1000 50 -19
0 1009 0 1 178976 22 0 -14 -17 1421 1 1 0 1000 50 -19
0 1003 0 1 178999 23 0 -14 -17 1421 1 1 0 1000 50 -19
0 1011 0 1 179021 22 0 -14 -17 1421 1 1 0 1000 50 -19
0 1009 0 1 179044 23 0 -14 -17 1421 1 1 0 1000 50 -19
0 1010 0 1 179066 22 0 -14 -17 1421 1 1 0 1000 50 -19
0 1012 0 1 179089 23 0 -14 -17 1421 1 1 0 1000 50 -19
0 1009 0 1 179111 22 0 -14 -17 1421 1 1 0 1000 50 -19
0 1008 0 1 179134 23 0 -14 -17 1421 1 1 0 1000 50 -19
0 1020 0 1 179155 21 0 -14 -17 1421 1 1 0 1000 50 -19
0 1008 0 1 179178 23 0 -14 -17 1421 1 1 0 1000 50 -19
0 1010 0 1 179201 23 0 -14 -17 1421 1 1 0 1000 50 -19
0 1011 0 1 179223 22 0 -14 -17 1421 1 1 0 1000 50 -19
0 1007 0 1 179246 23 0 -14 -17 1421 1 1 0 1000 50 -19
0 1011 0 1 179268 22 0 -14 -17 1421 1 1 0 1000 50 -19
0 1014 0 1 179291 23 0 -14 -17 1421 1 1 0 1000 50 -19
0 1008 0 1 179313 22 0 -14 -17 1421 1 1 0 1000 50 -19
0 1012 0 1 179336 23 0 -14 -17 1421 1 1 0 1000 50 -19
0 1011 0 1 179358 22 0 -14 -17 1421 1 1 0 1000 50 -19
0 1005 0 1 179381 23 0 -14 -17 1421 1 1 0 1000 50 -19
0 1012 0 1 179403 22 0 -14 -17 1421 1 1 0 1000 50 -19
0 1012 0 1 179426 23 0 -14 -17 1421 1 1 0 1000 50 -19
0 1007 0 1 179448 22 0 -14 -17 1421 1 1 0 1000 50 -19
0 1011 0 1 179471 23 0 -14 -17 1421 1 1 0 1000 50 -19
0 1010 0 1 179493 22 0 -14 -17 1421 1 1 0 1000 50 -19
0 1003 0 1 179515 22 0 -14 -17 1421 1 1 0 1000 50 -19
0 1013 0 1 179537 22 0 -14 -17 1421 1 1 0 1000 50 -19
0 1013 0 1 179560 23 0 -14 -17 1421 1 1 0 1000 50 -19
0 1009 0 1 179582 22 0 -14 -17 1421 1 1 0 1000 50 -19
0 1012 0 1 179605 23 0 -14 -17 1421 1 1 0 1000 50 -19
0 1008 0 1 179628 23 0 -14 -17 1421 1 1 0 1000 50 -19
0 1011 0 1 179650 22 0 -14 -17 1421 1 1 0 1000 50 -19
0 1017 0 1 179673 23 0 -14 -17 1421 1 1 0 1000 50 -19
0 1009 0 1 179695 22 0 -14 -17 1421 1 1 0 1000 50 -19
0 1010 0 1 179718 23 0 -14 -17 1421 1 1 0 1000 50 -19
0 1023 0 1 179740 22 0 -14 -17 1421 1 1 0 1000 50 -19
0 1014 0 1 179763 23 0 -14 -17 1421 1 1 0 1000 50 -19
0 1011 0 1 179785 22 0 -14 -17 1421 1 1 0 1000 50 -19
0 1014 0 1 179808 23 0 -14 -17 1421 1 1 0 1000 50 -19
0 1010 0 1 179830 22 0 -14 -17 1421 1 1 0 1000 50 -19
0 1012 0 1 179853 23 0 -14 -17 1421 1 1 0 1000 50 -19
0 1012 0 1 179874 21 0 -14 -17 1421 1 1 0 1000 50 -19
0 997 0 1 179897 23 0 -14 -17 1421 1 1 0 1000 50 -19
0 1011 0 1 179919 22 0 -14 -17 1421 1 1 0 1000 50 -19
0 1011 0 1 179942 23 0 -14 -17 1421 1 1 0 1000 50 -19
0 1007 0 1 179964 22 0 -14 -17 1421 1 1 0 1000 50 -19
0 1012 0 1 179987 23 0 -14 -17 1421 1 1 0 1000 50 -19
0 1004 0 1 180009 22 0 -14 -17 1421 1 1 0 1000 50 -19
0 1004 0 1 180032 23 0 -14 -17 1421 1 1 0 1000 50 -19
0 1010 0 1 180055 23 0 -14 -17 1421 1 1 0 1000 50 -19
0 1010 0 1 180077 22 0 -14 -17 1421 1 1 0 1000 50 -19
0 1009 0 1 180100 23 0 -14 -17 1421 1 1 0 1000 50 -19
0 1011 0 1 180122 22 0 -14 -17 1421 1 1 0 1000 50 -19
0 1008 0 1 180145 23 0 -14 -17 1421 1 1 0 1000 50 -19
0 1010 0 1 180167 22 0 -14 -17 1421 1 1 0 1000 50 -19
0 1014 0 1 180190 23 0 -14 -17 1421 1 1 0 1000 50 -19
0 1009 0 1 180211 21 0 -14 -17 1421 1 1 0 1000 50 -19
0 1010 0 1 180234 23 0 -14 -17 1421 1 1 0 1000 50 -19
0 1017 0 1 180256 22 0 -14 -17 1421 1 1 0 1000 50 -19
0 1008 0 1 180279 23 0 -14 -17 1421 1 1 0 1000 50 -19
0 1011 0 1 180301 22 0 -14 -17 1421 1 1 0 1000 50 -19
0 1014 0 1 180324 23 0 -14 -17 1421 1 1 0 1000 50 -19
0 1011 0 1 180346 22 0 -14 -17 1421 1 1 0 1000 50 -19
0 1011 0 1 180369 23 0 -14 -17 1421 1 1 0 1000 50 -19
0 1011 0 1 180391 22 0 -14 -17 1421 1 1 0 1000 50 -19
0 1001 0 1 180414 23 0 -14 -17 1421 1 1 0 1000 50 -19
0 1011 0 1 180436 22 0 -14 -17 1421 1 1 0 1000 50 -19
0 1010 0 1 180459 23 0 -14 -17 1421 1 1 0 1000 50 -19
0 1006 0 1 180482 23 0 -14 -17 1421 1 1 0 1000 50 -19
0 1011 0 1 180504 22 0 -14 -17 1421 1 1 0 1000 50 -19
0 1010 0 1 180527 23 0 -14 -17 1421 1 1 0 1000 50 -19
0 1007 0 1 180549 22 0 -14 -17 1421 1 1 0 1000 50 -19
0 1012 0 1 180572 23 0 -14 -17 1421 1 1 0 1000 50 -19
0 1010 0 1 180593 21 0 -14 -17 1421 1 1 0 1000 50 -19
0 1009 0 1 180616 23 0 -14 -17 1421 1 1 0 1000 50 -19
0 1014 0 1 180638 22 0 -14 -17 1421 1 1 0 1000 50 -19
0 1008 0 1 180661 23 0 -14 -17 1421 1 1 0 1000 50 -19
0 1010 0 1 180683 22 0 -14 -17 1421 1 1 0 1000 50 -19
0 1013 0 1 180706 23 0 -14 -17 1421 1 1 0 1000 50 -19
0 1009 0 1 180728 22 0 -14 -17 1421 1 1 0 1000 50 -19
0 1011 0 1 180751 23 0 -14 -17 1421 1 1 0 1000 50 -19
0 1018 0 1 180773 22 0 -14 -17 1421 1 1 0 1000 50 -19
0 1013 0 1 180796 23 0 -14 -17 1421 1 1 0 1000 50 -19
0 1015 0 1 180818 22 0 -14 -17 1421 1 1 0 1000 50 -19
0 1011 0 1 180841 23 0 -14 -17 1421 1 1 0 1000 50 -19
0 1007 0 1 180864 23 0 -14 -17 1421 1 1 0 1000 50 -19
0 1014 0 1 180886 22 0 -14 -17 1421 1 1 0 1000 50 -19
0 1008 0 1 180909 23 0 -14 -17 1421 1 1 0 1000 50 -19
0 1005 0 1 180931 22 0 -14 -17 1421 1 1 0 1000 50 -19
0 1012 0 1 180953 22 0 -14 -17 1421 1 1 0 1000 50 -19
0 1010 0 1 180975 22 0 -14 -17 1421 1 1 0 1000 50 -19
0 1005 0 1 180998 23 0 -14 -17 1421 1 1 0 1000 50 -19
0 1012 0 1 181020 22 0 -14 -17 1421 1 1 0 1000 50 -19
0 1011 0 1 181043 23 0 -14 -17 1421 1 1 0 1000 50 -19
0 1001 0 1 181065 22 0 -14 -17 1421 1 1 0 1000 50 -19
0 1011 0 1 181088 23 0 -14 -17 1421 1 1 0 1000 50 -19
0 1008 0 1 181110 22 0 -14 -17 1421 1 1 0 1000 50 -19
0 1009 0 1 181133 23 0 -14 -17 1421 1 1 0 1000 50 -19
0 1021 0 1 181155 22 0 -14 -17 1421 1 1 0 1000 50 -19
0 1007 0 1 181178 23 0 -14 -17 1421 1 1 0 1000 50 -19
0 1010 0 1 181200 22 0 -14 -17 1421 1 1 0 1000 50 -19
0 1014 0 1 181223 23 0 -14 -17 1421 1 1 0 1000 50 -19
0 1009 0 1 181245 22 0 -14 -17 1421 1 1 0 1000 50 -19
0 1010 0 1 181268 23 0 -14 -17 1421 1 1 0 1000 50 -19
0 1017 0 1 181291 23 0 -14 -17 1421 1 1 0 1000 50 -19
0 1010 0 1 181312 21 0 -14 -17 1421 1 1 0 1000 50 -19
0 1011 0 1 181335 23 0 -14 -17 1421 1 1 0 1000 50 -19
0 1013 0 1 181357 22 0 -14 -17 1421 1 1 0 1000 50 -19
0 1009 0 1 181380 23 0 -14 -17 1421 1 1 0 1000 50 -19
0 1011 0 1 181402 22 0 -14 -17 1421 1 1 0 1000 50 -19
0 1010 0 1 181425 23 0 -14 -17 1421 1 1 0 1000 50 -19
0 996 0 1 181447 22 0 -14 -17 1421 1 1 0 1000 50 -19
0 1011 0 1 181470 23 0 -14 -17 1421 1 1 0 1000 50 -19
0 1010 0 1 181492 22 0 -14 -17 1421 1 1 0 1000 50 -19
0 1004 0 1 181515 23 0 -14 -17 1421 1 1 0 1000 50 -19
0 1012 0 1 181537 22 0 -14 -17 1421 1 1 0 1000 50 -19
0 1008 0 1 181560 23 0 -14 -17 1421 1 1 0 1000 50 -19
0 1004 0 1 181582 22 0 -14 -17 1421 1 1 0 1000 50 -19
0 1011 0 1 181605 23 0 -14 -17 1421 1 1 0 1000 50 -19
0 1009 0 1 181627 22 0 -14 -17 1421 1 1 0 1000 50 -19
0 1009 0 1 181649 22 0 -14 -17 1421 1 1 0 1000 50 -19
0 1020 0 1 181671 22 0 -14 -17 1421 1 1 0 1000 50 -19
0 1008 0 1 181694 23 0 -14 -17 1421 1 1 0 1000 50 -19
0 1012 0 1 181716 22 0 -14 -17 1421 1 1 0 1000 50 -19
0 1013 0 1 181739 23 0 -14 -17 1421 1 1 0 1000 50 -19
0 1009 0 1 181762 23 0 -14 -17 1421 1 1 0 1000 50 -19
0 1011 0 1 181784 22 0 -14 -17 1421 1 1 0 1000 50 -19
0 1017 0 1 181807 23 0 -14 -17 1421 1 1 0 1000 50 -19
0 1009 0 1 181829 22 0 -14 -17 1421 1 1 0 1000 50 -19
0 1010 0 1 181852 23 0 -14 -17 1421 1 1 0 1000 50 -19
0 1008 0 1 181874 22 0 -14 -17 1421 1 1 0 1000 50 -19
0 1008 0 1 181897 23 0 -14 -17 1421 1 1 0 1000 50 -19
0 1012 0 1 181919 22 0 -14 -17 1421 1 1 0 1000 50 -19
0 1010 0 1 181942 23 0 -14 -17 1421 1 1 0 1000 50 -19
0 1006 0 1 181964 22 0 -14 -17 1421 1 1 0 1000 50 -19
0 1012 0 1 181986 22 0 -14 -17 1421 1 1 0 1000 50 -19
0 1010 0 1 182008 22 0 -14 -17 1421 1 1 0 1000 50 -19
0 1003 0 1 182031 23 0 -14 -17 1421 1 1 0 1000 50 -19
0 1012 0 1 182053 22 0 -14 -17 1421 1 1 0 1000 50 -19
0 1011 0 1 182076 23 0 -14 -17 1421 1 1 0 1000 50 -19
0 1007 0 1 182098 22 0 -14 -17 1421 1 1 0 1000 50 -19
0 1012 0 1 182121 23 0 -14 -17 1421 1 1 0 1000 50 -19
0 1008 0 1 182144 23 0 -14 -17 1421 1 1 0 1000 50 -19
0 1009 0 1 182166 22 0 -14 -17 1421 1 1 0 1000 50 -19
0 1018 0 1 182189 23 0 -14 -17 1421 1 1 0 1000 50 -19
0 1009 0 1 182211 22 0 -14 -17 1421 1 1 0 1000 50 -19
0 1023 0 1 182234 23 0 -14 -17 1421 1 1 0 1000 50 -19
0 1015 0 1 182256 22 0 -14 -17 1421 1 1 0 1000 50 -19
0 1009 0 1 182279 23 0 -14 -17 1421 1 1 0 1000 50 -19
0 1010 0 1 182301 22 0 -14 -17 1421 1 1 0 1000 50 -19
0 1013 0 1 182324 23 0 -14 -17 1421 1 1 0 1000 50 -19
0 1009 0 1 182345 21 0 -14 -17 1421 1 1 0 1000 50 -19
0 1012 0 1 182368 23 0 -14 -17 1421 1 1 0 1000 50 -19
0 1012 0 1 182390 22 0 -14 -17 1421 1 1 0 1000 50 -19
0 1007 0 1 182413 23 0 -14 -17 1421 1 1 0 1000 50 -19
0 1014 0 1 182435 22 0 -14 -17 1421 1 1 0 1000 50 -19
0 1010 0 1 182458 23 0 -14 -17 1421 1 1 0 1000 50 -19
0 1006 0 1 182480 22 0 -14 -17 1421 1 1 0 1000 50 -19
0 1010 0 1 182503 23 0 -14 -17 1421 1 1 0 1000 50 -19
0 1010 0 1 182525 22 0 -14 -17 1421 1 1 0 1000 50 -19
0 1005 0 1 182548 23 0 -14 -17 1421 1 1 0 1000 50 -19
0 1011 0 1 182571 23 0 -14 -17 1421 1 1 0 1000 50 -19
0 1010 0 1 182593 22 0 -14 -17 1421 1 1 0 1000 50 -19
0 1011 0 1 182616 23 0 -14 -17 1421 1 1 0 1000 50 -19
0 1012 0 1 182638 22 0 -14 -17 1421 1 1 0 1000 50 -19
0 1009 0 1 182661 23 0 -14 -17 1421 1 1 0 1000 50 -19
0 1003 0 1 182683 22 0 -14 -17 1421 1 1 0 1000 50 -19
0 1018 0 1 182705 22 0 -14 -17 1421 1 1 0 1000 50 -19
0 1009 0 1 182727 22 0 -14 -17 1421 1 1 0 1000 50 -19
0 1011 0 1 182750 23 0 -14 -17 1421 1 1 0 1000 50 -19
0 1012 0 1 182772 22 0 -14 -17 1421 1 1 0 1000 50 -19
0 1008 0 1 182795 23 0 -14 -17 1421 1 1 0 1000 50 -19
0 1011 0 1 182817 22 0 -14 -17 1421 1 1 0 1000 50 -19
0 1015 0 1 182840 23 0 -14 -17 1421 1 1 0 1000 50 -19
0 1010 0 1 182862 22 0 -14 -17 1421 1 1 0 1000 50 -19
0 1011 0 1 182885 23 0 -14 -17 1421 1 1 0 1000 50 -19
0 1011 0 1 182907 22 0 -14 -17 1421 1 1 0 1000 50 -19
0 1000 0 1 182930 23 0 -14 -17 1421 1 1 0 1000 50 -19
0 1012 0 1 182952 22 0 -14 -17 1421 1 1 0 1000 50 -19
0 1010 0 1 182975 23 0 -14 -17 1421 1 1 0 1000 50 -19
0 1007 0 1 182998 23 0 -14 -17 1421 1 1 0 1000 50 -19
0 1014 0 1 183020 22 0 -14 -17 1421 1 1 0 1000 50 -19
0 1011 0 1 183043 23 0 -14 -17 1421 1 1 0 1000 50 -19
0 1006 0 1 183064 21 0 -14 -17 1421 1 1 0 1000 50 -19
0 1012 0 1 183087 23 0 -14 -17 1421 1 1 0 1000 50 -19
0 1009 0 1 183109 22 0 -14 -17 1421 1 1 0 1000 50 -19
0 1006 0 1 183132 23 0 -14 -17 1421 1 1 0 1000 50 -19
0 1012 0 1 183154 22 0 -14 -17 1421 1 1 0 1000 50 -19
0 1008 0 1 183177 23 0 -14 -17 1421 1 1 0 1000 50 -19
0 1009 0 1 183199 22 0 -14 -17 1421 1 1 0 1000 50 -19
0 1014 0 1 183222 23 0 -14 -17 1421 1 1 0 1000 50 -19
0 1009 0 1 183244 22 0 -14 -17 1421 1 1 0 1000 50 -19
0 1011 0 1 183267 23 0 -14 -17 1421 1 1 0 1000 50 -19
0 1013 0 1 183289 22 0 -14 -17 1421 1 1 0 1000 50 -19
0 1009 0 1 183312 23 0 -14 -17 1421 1 1 0 1000 50 -19
0 1011 0 1 183334 22 0 -14 -17 1421 1 1 0 1000 50 -19
0 1016 0 1 183357 23 0 -14 -17 1421 1 1 0 1000 50 -19
0 1010 0 1 183379 22 0 -14 -17 1421 1 1 0 1000 50 -19
0 1016 0 1 183401 22 0 -14 -17 1421 1 1 0 1000 50 -19
0 1006 0 1 183424 23 0 -14 -17 1421 1 1 0 1000 50 -19
0 1000 0 1 183446 22 0 -14 -17 1421 1 1 0 1000 50 -19
0 1011 0 1 183469 23 0 -14 -17 1421 1 1 0 1000 50 -19
0 1009 0 1 183491 22 0 -14 -17 1421 1 1 0 1000 50 -19
0 1007 0 1 183514 23 0 -14 -17 1421 1 1 0 1000 50 -19
0 1012 0 1 183536 22 0 -14 -17 1421 1 1 0 1000 50 -19
0 1010 0 1 183559 23 0 -14 -17 1421 1 1 0 1000 50 -19
0 1004 0 1 183581 22 0 -14 -17 1421 1 1 0 1000 50 -19
0 1013 0 1 183604 23 0 -14 -17 1421 1 1 0 1000 50 -19
0 1010 0 1 183626 22 0 -14 -17 1421 1 1 0 1000 50 -19
0 1009 0 1 183649 23 0 -14 -17 1421 1 1 0 1000 50 -19
0 1013 0 1 183671 22 0 -14 -17 1421 1 1 0 1000 50 -19
0 1008 0 1 183694 23 0 -14 -17 1421 1 1 0 1000 50 -19
0 1011 0 1 183716 22 0 -14 -17 1421 1 1 0 1000 50 -19
0 1014 0 1 183739 23 0 -14 -17 1421 1 1 0 1000 50 -19
0 1010 0 1 183760 21 0 -14 -17 1421 1 1 0 1000 50 -19
0 1012 0 1 183783 23 0 -14 -17 1421 1 1 0 1000 50 -19
0 1016 0 1 183805 22 0 -14 -17 1421 1 1 0 1000 50 -19
0 1009 0 1 183828 23 0 -14 -17 1421 1 1 0 1000 50 -19
0 1010 0 1 183851 23 0 -14 -17 1421 1 1 0 1000 50 -19
0 1015 0 1 183873 22 0 -14 -17 1421 1 1 0 1000 50 -19
0 1010 0 1 183896 23 0 -14 -17 1421 1 1 0 1000 50 -19
0 1012 0 1 183918 22 0 -14 -17 1421 1 1 0 1000 50 -19
0 1011 0 1 183941 23 0 -14 -17 1421 1 1 0 1000 50 -19
0 988 0 1 183963 22 0 -14 -17 1421 1 1 0 1000 50 -19
0 1011 0 1 183986 23 0 -14 -17 1421 1 1 0 1000 50 -19
0 1010 0 1 184008 22 0 -14 -17 1421 1 1 0 1000 50 -19
0 1009 0 1 184031 23 0 -14 -17 1421 1 1 0 1000 50 -19
0 1010 0 1 184053 22 0 -14 -17 1421 1 1 0 1000 50 -19
0 1014 0 1 184076 23 0 -14 -17 1421 1 1 0 1000 50 -19
0 1008 0 1 184097 21 0 -14 -17 1421 1 1 0 1000 50 -19
0 1012 0 1 184120 23 0 -14 -17 1421 1 1 0 1000 50 -19
0 1010 0 1 184142 22 0 -14 -17 1421 1 1 0 1000 50 -19
0 1010 0 1 184165 23 0 -14 -17 1421 1 1 0 1000 50 -19
0 1016 0 1 184187 22 0 -14 -17 1421 1 1 0 1000 50 -19
0 1009 0 1 184210 23 0 -14 -17 1421 1 1 0 1000 50 -19
0 1010 0 1 184232 22 0 -14 -17 1421 1 1 0 1000 50 -19
0 1013 0 1 184255 23 0 -14 -17 1421 1 1 0 1000 50 -19
0 1009 0 1 184278 23 0 -14 -17 1421 1 1 0 1000 50 -19
0 1012 0 1 184300 22 0 -14 -17 1421 1 1 0 1000 50 -19
0 1018 0 1 184323 23 0 -14 -17 1421 1 1 0 1000 50 -19
0 1010 0 1 184345 22 0 -14 -17 1421 1 1 0 1000 50 -19
0 1011 0 1 184368 23 0 -14 -17 1421 1 1 0 1000 50 -19
0 1013 0 1 184390 22 0 -14 -17 1421 1 1 0 1000 50 -19
0 1010 0 1 184413 23 0 -14 -17 1421 1 1 0 1000 50 -19
0 1012 0 1 184435 22 0 -14 -17 1421 1 1 0 1000 50 -19
0 1011 0 1 184457 22 0 -14 -17 1421 1 1 0 1000 50 -19
0 1003 0 1 184479 22 0 -14 -17 1421 1 1 0 1000 50 -19
0 1011 0 1 184502 23 0 -14 -17 1421 1 1 0 1000 50 -19
0 1011 0 1 184524 22 0 -14 -17 1421 1 1 0 1000 50 -19
0 1006 0 1 184547 23 0 -14 -17 1421 1 1 0 1000 50 -19
0 1012 0 1 184569 22 0 -14 -17 1421 1 1 0 1000 50 -19
0 1011 0 1 184592 23 0 -14 -17 1421 1 1 0 1000 50 -19
0 1006 0 1 184614 22 0 -14 -17 1421 1 1 0 1000 50 -19
0 1012 0 1 184637 23 0 -14 -17 1421 1 1 0 1000 50 -19
0 1009 0 1 184659 22 0 -14 -17 1421 1 1 0 1000 50 -19
0 1004 0 1 184682 23 0 -14 -17 1421 1 1 0 1000 50 -19
0 1015 0 1 184705 23 0 -14 -17 1421 1 1 0 1000 50 -19
0 1009 0 1 184727 22 0 -14 -17 1421 1 1 0 1000 50 -19
0 1011 0 1 184750 23 0 -14 -17 1421 1 1 0 1000 50 -19
0 1014 0 1 184772 22 0 -14 -17 1421 1 1 0 1000 50 -19
0 1005 0 1 184794 22 0 -14 -17 1421 1 1 0 1000 50 -19
0 1018 0 1 184816 22 0 -14 -17 1421 1 1 0 1000 50 -19
0 1015 0 1 184839 23 0 -14 -17 1421 1 1 0 1000 50 -19
0 1010 0 1 184861 22 0 -14 -17 1421 1 1 0 1000 50 -19
0 1011 0 1 184884 23 0 -14 -17 1421 1 1 0 1000 50 -19
0 1012 0 1 184906 22 0 -14 -17 1421 1 1 0 1000 50 -19
0 1010 0 1 184929 23 0 -14 -17 1421 1 1 0 1000 50 -19
0 1013 0 1 184951 22 0 -14 -17 1421 1 1 0 1000 50 -19
0 1014 0 1 184974 23 0 -14 -17 1421 1 1 0 1000 50 -19
0 1004 0 1 184996 22 0 -14 -17 1421 1 1 0 1000 50 -19
0 1011 0 1 185019 23 0 -14 -17 1421 1 1 0 1000 50 -19
0 1012 0 1 185041 22 0 -14 -17 1421 1 1 0 1000 50 -19
0 1004 0 1 185064 23 0 -14 -17 1421 1 1 0 1000 50 -19
0 1012 0 1 185086 22 0 -14 -17 1421 1 1 0 1000 50 -19
0 1010 0 1 185109 23 0 -14 -17 1421 1 1 0 1000 50 -19
0 1006 0 1 185132 23 0 -14 -17 1421 1 1 0 1000 50 -19
0 1012 0 1 185153 21 0 -14 -17 1421 1 1 0 1000 50 -19
0 1010 0 1 185176 23 0 -14 -17 1421 1 1 0 1000 50 -19
0 1010 0 1 185198 22 0 -14 -17 1421 1 1 0 1000 50 -19
0 1020 0 1 185221 23 0 -14 -17 1421 1 1 0 1000 50 -19
0 1011 0 1 185243 22 0 -14 -17 1421 1 1 0 1000 50 -19
0 1010 0 1 185266 23 0 -14 -17 1421 1 1 0 1000 50 -19
0 1015 0 1 185288 22 0 -14 -17 1421 1 1 0 1000 50 -19
0 1010 0 1 185311 23 0 -14 -17 1421 1 1 0 1000 50 -19
0 1011 0 1 185333 22 0 -14 -17 1421 1 1 0 1000 50 -19
0 1016 0 1 185356 23 0 -14 -17 1421 1 1 0 1000 50 -19
0 1010 0 1 185378 22 0 -14 -17 1421 1 1 0 1000 50 -19
0 1011 0 1 185401 23 0 -14 -17 1421 1 1 0 1000 50 -19
0 1013 0 1 185423 22 0 -14 -17 1421 1 1 0 1000 50 -19
0 1009 0 1 185446 23 0 -14 -17 1421 1 1 0 1000 50 -19
0 1012 0 1 185468 22 0 -14 -17 1421 1 1 0 1000 50 -19
0 1009 0 1 185491 23 0 -14 -17 1421 1 1 0 1000 50 -19
0 1007 0 1 185512 21 0 -14 -17 1421 1 1 0 1000 50 -19
0 1011 0 1 185535 23 0 -14 -17 1421 1 1 0 1000 50 -19
0 1018 0 1 185558 23 0 -14 -17 1421 1 1 0 1000 50 -19
0 1004 0 1 185580 22 0 -14 -17 1421 1 1 0 1000 50 -19
0 1013 0 1 185603 23 0 -14 -17 1421 1 1 0 1000 50 -19
0 1010 0 1 185625 22 0 -14 -17 1421 1 1 0 1000 50 -19
0 1008 0 1 185648 23 0 -14 -17 1421 1 1 0 1000 50 -19
0 1011 0 1 185670 22 0 -14 -17 1421 1 1 0 1000 50 -19
0 1010 0 1 185693 23 0 -14 -17 1421 1 1 0 1000 50 -19
0 1009 0 1 185715 22 0 -14 -17 1421 1 1 0 1000 50 -19
0 1020 0 1 185738 23 0 -14 -17 1421 1 1 0 1000 50 -19
0 1010 0 1 185760 22 0 -14 -17 1421 1 1 0 1000 50 -19
0 1009 0 1 185783 23 0 -14 -17 1421 1 1 0 1000 50 -19
0 1015 0 1 185805 22 0 -14 -17 1421 1 1 0 1000 50 -19
0 1010 0 1 185828 23 0 -14 -17 1421 1 1 0 1000 50 -19
0 1010 0 1 185850 22 0 -14 -17 1421 1 1 0 1000 50 -19
0 1015 0 1 185872 22 0 -14 -17 1421 1 1 0 1000 50 -19
0 1016 0 1 185894 22 0 -14 -17 1421 1 1 0 1000 50 -19
0 1011 0 1 185917 23 0 -14 -17 1421 1 1 0 1000 50 -19
0 1011 0 1 185939 22 0 -14 -17 1421 1 1 0 1000 50 -19
0 1000 0 1 185962 23 0 -14 -17 1421 1 1 0 1000 50 -19
0 1012 0 1 185985 23 0 -14 -17 1421 1 1 0 1000 50 -19
0 1009 0 1 186007 22 0 -14 -17 1421 1 1 0 1000 50 -19
0 1008 0 1 186030 23 0 -14 -17 1421 1 1 0 1000 50 -19
0 1012 0 1 186052 22 0 -14 -17 1421 1 1 0 1000 50 -19
0 1010 0 1 186075 23 0 -14 -17 1421 1 1 0 1000 50 -19
0 1005 0 1 186097 22 0 -14 -17 1421 1 1 0 1000 50 -19
0 1012 0 1 186120 23 0 -14 -17 1421 1 1 0 1000 50 -19
0 1007 0 1 186142 22 0 -14 -17 1421 1 1 0 1000 50 -19
