Robot State Machine Test
0 1019 0 1 0 0 0 1000 7000 0 1 1 0 1000 50 35000
0 1018 0 1 22 22 0 1000 7000 0 1 1 0 1000 50 35000
0 1012 0 1 45 23 0 1000 7000 0 1 1 0 1000 50 35000
0 1018 0 1 67 22 0 1000 7000 0 1 1 0 1000 50 35000
0 1017 0 1 90 23 0 1000 7000 0 1 1 0 1000 50 35000
0 1014 0 1 112 22 0 1000 7000 0 1 1 0 1000 50 35000
0 1021 0 1 135 23 0 1000 7000 0 1 1 0 1000 50 35000
0 1015 0 1 157 22 0 1000 7000 0 1 1 0 1000 50 35000
0 1018 0 1 179 22 0 1000 7000 0 1 1 0 1000 50 35000
0 1022 0 1 201 22 0 1000 7000 0 1 1 0 1000 50 35000
0 1014 0 1 224 23 0 1000 7000 0 1 1 0 1000 50 35000
0 1018 0 1 246 22 0 1000 7000 0 1 1 0 1000 50 35000
0 1023 0 1 269 23 0 1000 7000 0 1 1 0 1000 50 35000
0 1016 0 1 291 22 0 1000 7000 0 1 1 0 1000 50 35000
0 1018 0 1 314 23 0 1000 7000 0 1 1 0 1000 50 35000
0 1021 0 1 336 22 0 1000 7000 0 1 1 0 1000 50 35000
0 1017 0 1 359 23 0 1000 7000 0 1 1 0 1000 50 35000
0 1018 0 1 381 22 0 1000 7000 0 1 1 0 1000 50 35000
0 1018 0 1 404 23 0 1000 7000 0 1 1 0 1000 50 35000
0 1010 0 1 427 23 0 1000 7000 0 1 1 0 1000 50 35000
0 1018 0 1 449 22 0 1000 7000 0 1 1 0 1000 50 35000
0 1018 0 1 472 23 0 1000 7000 0 1 1 0 1000 50 35000
0 1014 0 1 494 22 0 1000 7000 0 1 1 0 1000 50 35000
0 1019 0 1 517 23 0 1000 7000 0 1 1 0 1000 50 35000
0 1017 0 1 539 22 0 1000 7000 0 1 1 0 1000 50 35000
0 1014 0 1 562 23 0 1000 7000 0 1 1 0 1000 50 35000
0 1018 0 1 584 22 0 1000 7000 0 1 1 0 1000 50 35000
0 1017 0 1 607 23 0 1000 7000 0 1 1 0 1000 50 35000
0 1017 0 1 629 22 0 1000 7000 0 1 1 0 1000 50 35000
0 1021 0 1 652 23 0 1000 7000 0 1 1 0 1000 50 35000
0 1018 0 1 673 21 0 1000 7000 0 1 1 0 1000 50 35000
0 1018 0 1 696 23 0 1000 7000 0 1 1 0 1000 50 35000
0 1020 0 1 718 22 0 1000 7000 0 1 1 0 1000 50 35000
0 1016 0 1 741 23 0 1000 7000 0 1 1 0 1000 50 35000
0 1018 0 1 763 22 0 1000 7000 0 1 1 0 1000 50 35000
0 1022 0 1 786 23 0 1000 7000 0 1 1 0 1000 50 35000
0 1014 0 1 808 22 0 1000 7000 0 1 1 0 1000 50 35000
0 1020 0 1 831 23 0 1000 7000 0 1 1 0 1000 50 35000
0 1018 0 1 854 23 0 1000 7000 0 1 1 0 1000 50 35000
0 1016 0 1 876 22 0 1000 7000 0 1 1 0 1000 50 35000
0 1020 0 1 899 23 0 1000 7000 0 1 1 0 1000 50 35000
0 1017 0 1 921 22 0 1000 7000 0 1 1 0 1000 50 35000
0 1014 0 1 944 23 0 1000 7000 0 1 1 0 1000 50 35000
0 1021 0 1 966 22 0 1000 7000 0 1 1 0 1000 50 35000
0 1017 0 1 989 23 0 1000 7000 0 1 1 0 1000 50 35000
0 1012 0 1 1011 22 0 1000 7000 0 1 1 0 1000 50 35000
0 1019 0 1 1034 23 0 1000 7000 0 1 1 0 1000 50 35000
0 1020 0 1 1056 22 0 1000 7000 0 1 1 0 1000 50 35000
0 1017 0 1 1079 23 0 1000 7000 0 1 1 0 1000 50 35000
0 1021 0 1 1101 22 0 1000 7000 0 1 1 0 1000 50 35000
0 1016 0 1 1124 23 0 1000 7000 0 1 1 0 1000 50 35000
0 1018 0 1 1146 22 0 1000 7000 0 1 1 0 1000 50 35000
0 1021 0 1 1169 23 0 1000 7000 0 1 1 0 1000 50 35000
0 1017 0 1 1191 22 0 1000 7000 0 1 1 0 1000 50 35000
0 1014 0 1 1214 23 0 1000 7000 0 1 1 0 1000 50 35000
0 1023 0 1 1236 22 0 1000 7000 0 1 1 0 1000 50 35000
0 1016 0 1 1259 23 0 1000 7000 0 1 1 0 1000 50 35000
0 1019 0 1 1282 23 0 1000 7000 0 1 1 0 1000 50 35000
0 1018 0 1 1304 22 0 1000 7000 0 1 1 0 1000 50 35000
0 1014 0 1 1327 23 0 1000 7000 0 1 1 0 1000 50 35000
0 1019 0 1 1349 22 0 1000 7000 0 1 1 0 1000 50 35000
0 1018 0 1 1372 23 0 1000 7000 0 1 1 0 1000 50 35000
0 1014 0 1 1394 22 0 1000 7000 0 1 1 0 1000 50 35000
0 1019 0 1 1417 23 0 1000 7000 0 1 1 0 1000 50 35000
0 1017 0 1 1439 22 0 1000 7000 0 1 1 0 1000 50 35000
0 1019 0 1 1462 23 0 1000 7000 0 1 1 0 1000 50 35000
0 1019 0 1 1484 22 0 1000 7000 0 1 1 0 1000 50 35000
0 1017 0 1 1507 23 0 1000 7000 0 1 1 0 1000 50 35000
0 1017 0 1 1529 22 0 1000 7000 0 1 1 0 1000 50 35000
0 1020 0 1 1552 23 0 1000 7000 0 1 1 0 1000 50 35000
0 1017 0 1 1574 22 0 1000 7000 0 1 1 0 1000 50 35000
0 1018 0 1 1597 23 0 1000 7000 0 1 1 0 1000 50 35000
0 1022 0 1 1619 22 0 1000 7000 0 1 1 0 1000 50 35000
0 1017 0 1 1642 23 0 1000 7000 0 1 1 0 1000 50 35000
0 1017 0 1 1665 23 0 1000 7000 0 1 1 0 1000 50 35000
0 1019 0 1 1687 22 0 1000 7000 0 1 1 0 1000 50 35000
0 1015 0 1 1710 23 0 1000 7000 0 1 1 0 1000 50 35000
0 1019 0 1 1732 22 0 1000 7000 0 1 1 0 1000 50 35000
0 1017 0 1 1755 23 0 1000 7000 0 1 1 0 1000 50 35000
0 1014 0 1 1777 22 0 1000 7000 0 1 1 0 1000 50 35000
0 1019 0 1 1800 23 0 1000 7000 0 1 1 0 1000 50 35000
0 1017 0 1 1822 22 0 1000 7000 0 1 1 0 1000 50 35000
0 1012 0 1 1845 23 0 1000 7000 0 1 1 0 1000 50 35000
0 1019 0 1 1867 22 0 1000 7000 0 1 1 0 1000 50 35000
0 1015 0 1 1890 23 0 1000 7000 0 1 1 0 1000 50 35000
0 1018 0 1 1912 22 0 1000 7000 0 1 1 0 1000 50 35000
0 1023 0 1 1935 23 0 1000 7000 0 1 1 0 1000 50 35000
0 1017 0 1 1957 22 0 1000 7000 0 1 1 0 1000 50 35000
0 1018 0 1 1980 23 0 1000 7000 0 1 1 0 1000 50 35000
0 1023 0 1 2002 22 0 1000 7000 0 1 1 0 1000 50 35000
0 1016 0 1 2025 23 0 1000 7000 0 1 1 0 1000 50 35000
0 1018 0 1 2048 23 0 1000 7000 0 1 1 0 1000 50 35000
0 1020 0 1 2070 22 0 1000 7000 0 1 1 0 1000 50 35000
0 1015 0 1 2093 23 0 1000 7000 0 1 1 0 1000 50 35000
0 1020 0 1 2115 22 0 1000 7000 0 1 1 0 1000 50 35000
0 1018 0 1 2138 23 0 1000 7000 0 1 1 0 1000 50 35000
0 1014 0 1 2160 22 0 1000 7000 0 1 1 0 1000 50 35000
0 1019 0 1 2183 23 0 1000 7000 0 1 1 0 1000 50 35000
0 1017 0 1 2205 22 0 1000 7000 0 1 1 0 1000 50 35000
0 1014 0 1 2228 23 0 1000 7000 0 1 1 0 1000 50 35000
0 1018 0 1 2250 22 0 1000 7000 0 1 1 0 1000 50 35000
0 1017 0 1 2273 23 0 1000 7000 0 1 1 0 1000 50 35000
0 1017 0 1 2295 22 0 1000 7000 0 1 1 0 1000 50 35000
0 1023 0 1 2318 23 0 1000 7000 0 1 1 0 1000 50 35000
0 1016 0 1 2340 22 0 1000 7000 0 1 1 0 1000 50 35000
0 1018 0 1 2363 23 0 1000 7000 0 1 1 0 1000 50 35000
0 1022 0 1 2385 22 0 1000 7000 0 1 1 0 1000 50 35000
0 1016 0 1 2408 23 0 1000 7000 0 1 1 0 1000 50 35000
0 1018 0 1 2430 22 0 1000 7000 0 1 1 0 1000 50 35000
0 1018 0 1 2453 23 0 1000 7000 0 1 1 0 1000 50 35000
0 1016 0 1 2476 23 0 1000 7000 0 1 1 0 1000 50 35000
0 1019 0 1 2498 22 0 1000 7000 0 1 1 0 1000 50 35000
0 1018 0 1 2521 23 0 1000 7000 0 1 1 0 1000 50 35000
0 1014 0 1 2543 22 0 1000 7000 0 1 1 0 1000 50 35000
0 1017 0 1 2566 23 0 1000 7000 0 1 1 0 1000 50 35000
0 1016 0 1 2588 22 0 1000 7000 0 1 1 0 1000 50 35000
0 1016 0 1 2611 23 0 1000 7000 0 1 1 0 1000 50 35000
0 1017 0 1 2633 22 0 1000 7000 0 1 1 0 1000 50 35000
0 1014 0 1 2656 23 0 1000 7000 0 1 1 0 1000 50 35000
0 1017 0 1 2678 22 0 1000 7000 0 1 1 0 1000 50 35000
0 1020 0 1 2701 23 0 1000 7000 0 1 1 0 1000 50 35000
0 1016 0 1 2723 22 0 1000 7000 0 1 1 0 1000 50 35000
0 1017 0 1 2746 23 0 1000 7000 0 1 1 0 1000 50 35000
0 1020 0 1 2768 22 0 1000 7000 0 1 1 0 1000 50 35000
0 1016 0 1 2791 23 0 1000 7000 0 1 1 0 1000 50 35000
0 1018 0 1 2813 22 0 1000 7000 0 1 1 0 1000 50 35000
0 1020 0 1 2836 23 0 1000 7000 0 1 1 0 1000 50 35000
0 1017 0 1 2859 23 0 1000 7000 0 1 1 0 1000 50 35000
0 1018 0 1 2881 22 0 1000 7000 0 1 1 0 1000 50 35000
0 1019 0 1 2904 23 0 1000 7000 0 1 1 0 1000 50 35000
0 1011 0 1 2926 22 0 1000 7000 0 1 1 0 1000 50 35000
0 1018 0 1 2949 23 0 1000 7000 0 1 1 0 1000 50 35000
0 1018 0 1 2971 22 0 1000 7000 0 1 1 0 1000 50 35000
0 1012 0 1 2994 23 0 1000 7000 0 1 1 0 1000 50 35000
0 1018 0 1 3016 22 0 1000 7000 0 1 1 0 1000 50 35000
0 1019 0 1 3039 23 0 1000 7000 0 1 1 0 1000 50 35000
0 1013 0 1 3061 22 0 1000 7000 0 1 1 0 1000 50 35000
0 1020 0 1 3084 23 0 1000 7000 0 1 1 0 1000 50 35000
0 1016 0 1 3106 22 0 1000 7000 0 1 1 0 1000 50 35000
0 1016 0 1 3129 23 0 1000 7000 0 1 1 0 1000 50 35000
0 1023 0 1 3151 22 0 1000 7000 0 1 1 0 1000 50 35000
0 1016 0 1 3174 23 0 1000 7000 0 1 1 0 1000 50 35000
0 1018 0 1 3196 22 0 1000 7000 0 1 1 0 1000 50 35000
0 1020 0 1 3219 23 0 1000 7000 0 1 1 0 1000 50 35000
0 1016 0 1 3241 22 0 1000 7000 0 1 1 0 1000 50 35000
0 1018 0 1 3264 23 0 1000 7000 0 1 1 0 1000 50 35000
0 1018 0 1 3287 23 0 1000 7000 0 1 1 0 1000 50 35000
0 1014 0 1 3309 22 0 1000 7000 0 1 1 0 1000 50 35000
0 1018 0 1 3332 23 0 1000 7000 0 1 1 0 1000 50 35000
0 1017 0 1 3354 22 0 1000 7000 0 1 1 0 1000 50 35000
0 1013 0 1 3377 23 0 1000 7000 0 1 1 0 1000 50 35000
0 1018 0 1 3399 22 0 1000 7000 0 1 1 0 1000 50 35000
0 1017 0 1 3422 23 0 1000 7000 0 1 1 0 1000 50 35000
0 1014 0 1 3444 22 0 1000 7000 0 1 1 0 1000 50 35000
0 1023 0 1 3467 23 0 1000 7000 0 1 1 0 1000 50 35000
0 1016 0 1 3489 22 0 1000 7000 0 1 1 0 1000 50 35000
0 1017 0 1 3512 23 0 1000 7000 0 1 1 0 1000 50 35000
0 1021 0 1 3534 22 0 1000 7000 0 1 1 0 1000 50 35000
0 1016 0 1 3557 23 0 1000 7000 0 1 1 0 1000 50 35000
0 1018 0 1 3579 22 0 1000 7000 0 1 1 0 1000 50 35000
0 1023 0 1 3602 23 0 1000 7000 0 1 1 0 1000 50 35000
0 1016 0 1 3624 22 0 1000 7000 0 1 1 0 1000 50 35000
0 1017 0 1 3647 23 0 1000 7000 0 1 1 0 1000 50 35000
0 1019 0 1 3670 23 0 1000 7000 0 1 1 0 1000 50 35000
0 1016 0 1 3692 22 0 1000 7000 0 1 1 0 1000 50 35000
0 1019 0 1 3715 23 0 1000 7000 0 1 1 0 1000 50 35000
0 1017 0 1 3737 22 0 1000 7000 0 1 1 0 1000 50 35000
0 1015 0 1 3760 23 0 1000 7000 0 1 1 0 1000 50 35000
0 1018 0 1 3782 22 0 1000 7000 0 1 1 0 1000 50 35000
0 1017 0 1 3805 23 0 1000 7000 0 1 1 0 1000 50 35000
0 1014 0 1 3827 22 0 1000 7000 0 1 1 0 1000 50 35000
0 1019 0 1 3850 23 0 1000 7000 0 1 1 0 1000 50 35000
0 1017 0 1 3872 22 0 1000 7000 0 1 1 0 1000 50 35000
0 1018 0 1 3895 23 0 1000 7000 0 1 1 0 1000 50 35000
0 1023 0 1 3917 22 0 1000 7000 0 1 1 0 1000 50 35000
0 1018 0 1 3940 23 0 1000 7000 0 1 1 0 1000 50 35000
0 1018 0 1 3962 22 0 1000 7000 0 1 1 0 1000 50 35000
0 1023 0 1 3985 23 0 1000 7000 0 1 1 0 1000 50 35000
0 1017 0 1 4007 22 0 1000 7000 0 1 1 0 1000 50 35000
0 1017 0 1 4030 23 0 1000 7000 0 1 1 0 1000 50 35000
0 1019 0 1 4052 22 0 1000 7000 0 1 1 0 1000 50 35000
0 1016 0 1 4075 23 0 1000 7000 0 1 1 0 1000 50 35000
0 1019 0 1 4098 23 0 1000 7000 0 1 1 0 1000 50 35000
0 1017 0 1 4120 22 0 1000 7000 0 1 1 0 1000 50 35000
0 1014 0 1 4143 23 0 1000 7000 0 1 1 0 1000 50 35000
0 1019 0 1 4165 22 0 1000 7000 0 1 1 0 1000 50 35000
0 1017 0 1 4188 23 0 1000 7000 0 1 1 0 1000 50 35000
0 1014 0 1 4210 22 0 1000 7000 0 1 1 0 1000 50 35000
0 1018 0 1 4233 23 0 1000 7000 0 1 1 0 1000 50 35000
0 1018 0 1 4255 22 0 1000 7000 0 1 1 0 1000 50 35000
0 1017 0 1 4278 23 0 1000 7000 0 1 1 0 1000 50 35000
0 1019 0 1 4300 22 0 1000 7000 0 1 1 0 1000 50 35000
0 1016 0 1 4323 23 0 1000 7000 0 1 1 0 1000 50 35000
0 1018 0 1 4345 22 0 1000 7000 0 1 1 0 1000 50 35000
0 1021 0 1 4368 23 0 1000 7000 0 1 1 0 1000 50 35000
0 1016 0 1 4390 22 0 1000 7000 0 1 1 0 1000 50 35000
0 1018 0 1 4413 23 0 1000 7000 0 1 1 0 1000 50 35000
0 1019 0 1 4435 22 0 1000 7000 0 1 1 0 1000 50 35000
0 1015 0 1 4458 23 0 1000 7000 0 1 1 0 1000 50 35000
0 1020 0 1 4481 23 0 1000 7000 0 1 1 0 1000 50 35000
0 1014 0 1 4503 22 0 1000 7000 0 1 1 0 1000 50 35000
0 1011 0 1 4526 23 0 1000 7000 0 1 1 0 1000 50 35000
0 1016 0 1 4548 22 0 1000 7000 0 1 1 0 1000 50 35000
0 1018 0 1 4571 23 0 1000 7000 0 1 1 0 1000 50 35000
0 1012 0 1 4593 22 0 1000 7000 0 1 1 0 1000 50 35000
0 1019 0 1 4616 23 0 1000 7000 0 1 1 0 1000 50 35000
0 1017 0 1 4638 22 0 1000 7000 0 1 1 0 1000 50 35000
0 1017 0 1 4661 23 0 1000 7000 0 1 1 0 1000 50 35000
0 1018 0 1 4683 22 0 1000 7000 0 1 1 0 1000 50 35000
0 1016 0 1 4706 23 0 1000 7000 0 1 1 0 1000 50 35000
0 1017 0 1 4728 22 0 1000 7000 0 1 1 0 1000 50 35000
0 1021 0 1 4751 23 0 1000 7000 0 1 1 0 1000 50 35000
0 1016 0 1 4773 22 0 1000 7000 0 1 1 0 1000 50 35000
0 1018 0 1 4796 23 0 1000 7000 0 1 1 0 1000 50 35000
0 1022 0 1 4818 22 0 1000 7000 0 1 1 0 1000 50 35000
0 1015 0 1 4841 23 0 1000 7000 0 1 1 0 1000 50 35000
0 1019 0 1 4864 23 0 1000 7000 0 1 1 0 1000 50 35000
0 1019 0 1 4886 22 0 1000 7000 0 1 1 0 1000 50 35000
0 1009 0 1 4909 23 0 1000 7000 0 1 1 0 1000 50 35000
0 1018 0 1 4931 22 0 1000 7000 0 1 1 0 1000 50 35000
0 1017 0 1 4954 23 0 1000 7000 0 1 1 0 1000 50 35000
0 1016 0 1 4976 22 0 1000 7000 0 1 1 0 1000 50 35000
0 1020 0 1 4999 23 0 1000 7000 0 1 1 0 1000 50 35000
0 1017 0 1 5021 22 0 1000 7000 0 1 1 0 1000 50 35000
0 1015 0 1 5044 23 0 1000 7000 0 1 1 0 1000 50 35000
0 1018 0 1 5066 22 0 1000 7000 0 1 1 0 1000 50 35000
0 1016 0 1 5089 23 0 1000 7000 0 1 1 0 1000 50 35000
0 1017 0 1 5111 22 0 1000 7000 0 1 1 0 1000 50 35000
0 1020 0 1 5134 23 0 1000 7000 0 1 1 0 1000 50 35000
0 1017 0 1 5156 22 0 1000 7000 0 1 1 0 1000 50 35000
0 1018 0 1 5179 23 0 1000 7000 0 1 1 0 1000 50 35000
0 1022 0 1 5201 22 0 1000 7000 0 1 1 0 1000 50 35000
0 1017 0 1 5224 23 0 1000 7000 0 1 1 0 1000 50 35000
0 1018 0 1 5246 22 0 1000 7000 0 1 1 0 1000 50 35000
0 1018 0 1 5269 23 0 1000 7000 0 1 1 0 1000 50 35000
0 1016 0 1 5292 23 0 1000 7000 0 1 1 0 1000 50 35000
0 1019 0 1 5314 22 0 1000 7000 0 1 1 0 1000 50 35000
0 1017 0 1 5337 23 0 1000 7000 0 1 1 0 1000 50 35000
0 1015 0 1 5359 22 0 1000 7000 0 1 1 0 1000 50 35000
0 1019 0 1 5382 23 0 1000 7000 0 1 1 0 1000 50 35000
0 1017 0 1 5404 22 0 1000 7000 0 1 1 0 1000 50 35000
0 1014 0 1 5427 23 0 1000 7000 0 1 1 0 1000 50 35000
0 1018 0 1 5449 22 0 1000 7000 0 1 1 0 1000 50 35000
0 1016 0 1 5472 23 0 1000 7000 0 1 1 0 1000 50 35000
0 1016 0 1 5494 22 0 1000 7000 0 1 1 0 1000 50 35000
0 1023 0 1 5517 23 0 1000 7000 0 1 1 0 1000 50 35000
0 1016 0 1 5539 22 0 1000 7000 0 1 1 0 1000 50 35000
0 1018 0 1 5562 23 0 1000 7000 0 1 1 0 1000 50 35000
0 1023 0 1 5584 22 0 1000 7000 0 1 1 0 1000 50 35000
0 1017 0 1 5607 23 0 1000 7000 0 1 1 0 1000 50 35000
0 1018 0 1 5629 22 0 1000 7000 0 1 1 0 1000 50 35000
0 1016 0 1 5652 23 0 1000 7000 0 1 1 0 1000 50 35000
0 1017 0 1 5675 23 0 1000 7000 0 1 1 0 1000 50 35000
0 1018 0 1 5697 22 0 1000 7000 0 1 1 0 1000 50 35000
0 1017 0 1 5720 23 0 1000 7000 0 1 1 0 1000 50 35000
0 1015 0 1 5742 22 0 1000 7000 0 1 1 0 1000 50 35000
0 1019 0 1 5765 23 0 1000 7000 0 1 1 0 1000 50 35000
0 1017 0 1 5787 22 0 1000 7000 0 1 1 0 1000 50 35000
0 1014 0 1 5810 23 0 1000 7000 0 1 1 0 1000 50 35000
0 1018 0 1 5832 22 0 1000 7000 0 1 1 0 1000 50 35000
0 1017 0 1 5855 23 0 1000 7000 0 1 1 0 1000 50 35000
0 1021 0 1 5877 22 0 1000 7000 0 1 1 0 1000 50 35000
0 1022 0 1 5900 23 0 1000 7000 0 1 1 0 1000 50 35000
0 1016 0 1 5922 22 0 1000 7000 0 1 1 0 1000 50 35000
0 1016 0 1 5945 23 0 1000 7000 0 1 1 0 1000 50 35000
0 1020 0 1 5967 22 0 1000 7000 0 1 1 0 1000 50 35000
0 1016 0 1 5990 23 0 1000 7000 0 1 1 0 1000 50 35000
0 1018 0 1 6012 22 0 1000 7000 0 1 1 0 1000 50 35000
0 1019 0 1 6035 23 0 1000 7000 0 1 1 0 1000 50 35000
0 1016 0 1 6057 22 0 1000 7000 0 1 1 0 1000 50 35000
0 1020 0 1 6080 23 0 1000 7000 0 1 1 0 1000 50 35000
0 1020 0 1 6103 23 0 1000 7000 0 1 1 0 1000 50 35000
0 1015 0 1 6125 22 0 1000 7000 0 1 1 0 1000 50 35000
0 1019 0 1 6148 23 0 1000 7000 0 1 1 0 1000 50 35000
0 1013 0 1 6170 22 0 1000 7000 0 1 1 0 1000 50 35000
0 1014 0 1 6194 24 0 1000 7000 0 1 1 0 1000 50 35000
0 1020 0 1 6216 22 0 1000 7000 0 1 1 0 1000 50 35000
0 1017 0 1 6239 23 0 1000 7000 0 1 1 0 1000 50 35000
0 1017 0 1 6261 22 0 1000 7000 0 1 1 0 1000 50 35000
0 1020 0 1 6284 23 0 1000 7000 0 1 1 0 1000 50 35000
0 1016 0 1 6306 22 0 1000 7000 0 1 1 0 1000 50 35000
0 1017 0 1 6329 23 0 1000 7000 0 1 1 0 1000 50 35000
0 1022 0 1 6351 22 0 1000 7000 0 1 1 0 1000 50 35000
0 1016 0 1 6374 23 0 1000 7000 0 1 1 0 1000 50 35000
0 1018 0 1 6396 22 0 1000 7000 0 1 1 0 1000 50 35000
0 1022 0 1 6419 23 0 1000 7000 0 1 1 0 1000 50 35000
0 1019 0 1 6441 22 0 1000 7000 0 1 1 0 1000 50 35000
0 1019 0 1 6464 23 0 1000 7000 0 1 1 0 1000 50 35000
0 1018 0 1 6487 23 0 1000 7000 0 1 1 0 1000 50 35000
0 1014 0 1 6509 22 0 1000 7000 0 1 1 0 1000 50 35000
0 1019 0 1 6532 23 0 1000 7000 0 1 1 0 1000 50 35000
0 1017 0 1 6554 22 0 1000 7000 0 1 1 0 1000 50 35000
0 1012 0 1 6577 23 0 1000 7000 0 1 1 0 1000 50 35000
0 1019 0 1 6599 22 0 1000 7000 0 1 1 0 1000 50 35000
0 1017 0 1 6622 23 0 1000 7000 0 1 1 0 1000 50 35000
0 1016 0 1 6644 22 0 1000 7000 0 1 1 0 1000 50 35000
0 1021 0 1 6667 23 0 1000 7000 0 1 1 0 1000 50 35000
0 1016 0 1 6689 22 0 1000 7000 0 1 1 0 1000 50 35000
0 1018 0 1 6712 23 0 1000 7000 0 1 1 0 1000 50 35000
0 1020 0 1 6734 22 0 1000 7000 0 1 1 0 1000 50 35000
0 1015 0 1 6757 23 0 1000 7000 0 1 1 0 1000 50 35000
0 1018 0 1 6779 22 0 1000 7000 0 1 1 0 1000 50 35000
0 1021 0 1 6802 23 0 1000 7000 0 1 1 0 1000 50 35000
0 1016 0 1 6824 22 0 1000 7000 0 1 1 0 1000 50 35000
0 1019 0 1 6847 23 0 1000 7000 0 1 1 0 1000 50 35000
0 1018 0 1 6870 23 0 1000 7000 0 1 1 0 1000 50 35000
0 1011 0 1 6892 22 0 1000 7000 0 1 1 0 1000 50 35000
0 1017 0 1 6915 23 0 1000 7000 0 1 1 0 1000 50 35000
0 1017 0 1 6937 22 0 1000 7000 0 1 1 0 1000 50 35000
0 1012 0 1 6960 23 0 1000 7000 0 1 1 0 1000 50 35000
0 1018 0 1 6982 22 0 1000 7000 0 1 1 0 1000 50 35000
0 1017 0 1 7005 23 0 1000 7000 0 1 1 0 1000 50 35000
0 1016 0 1 7027 22 0 1000 7000 0 1 1 0 1000 50 35000
0 1018 0 1 7050 23 0 1000 7000 0 1 1 0 1000 50 35000
0 1015 0 1 7072 22 0 1000 7000 0 1 1 0 1000 50 35000
0 1017 0 1 7095 23 0 1000 7000 0 1 1 0 1000 50 35000
0 1020 0 1 7117 22 0 1000 7000 0 1 1 0 1000 50 35000
0 1016 0 1 7140 23 0 1000 7000 0 1 1 0 1000 50 35000
0 1018 0 1 7162 22 0 1000 7000 0 1 1 0 1000 50 35000
0 1021 0 1 7185 23 0 1000 7000 0 1 1 0 1000 50 35000
0 1018 0 1 7207 22 0 1000 7000 0 1 1 0 1000 50 35000
0 1021 0 1 7230 23 0 1000 7000 0 1 1 0 1000 50 35000
0 1019 0 1 7252 22 0 1000 7000 0 1 1 0 1000 50 35000
0 1012 0 1 7275 23 0 1000 7000 0 1 1 0 1000 50 35000
0 1018 0 1 7298 23 0 1000 7000 0 1 1 0 1000 50 35000
0 1017 0 1 7320 22 0 1000 7000 0 1 1 0 1000 50 35000
0 1012 0 1 7343 23 0 1000 7000 0 1 1 0 1000 50 35000
0 1019 0 1 7365 22 0 1000 7000 0 1 1 0 1000 50 35000
0 1017 0 1 7388 23 0 1000 7000 0 1 1 0 1000 50 35000
0 1014 0 1 7410 22 0 1000 7000 0 1 1 0 1000 50 35000
0 1018 0 1 7433 23 0 1000 7000 0 1 1 0 1000 50 35000
0 1016 0 1 7455 22 0 1000 7000 0 1 1 0 1000 50 35000
0 1017 0 1 7478 23 0 1000 7000 0 1 1 0 1000 50 35000
0 1021 0 1 7500 22 0 1000 7000 0 1 1 0 1000 50 35000
0 1018 0 1 7523 23 0 1000 7000 0 1 1 0 1000 50 35000
0 1021 0 1 7545 22 0 1000 7000 0 1 1 0 1000 50 35000
0 1022 0 1 7568 23 0 1000 7000 0 1 1 0 1000 50 35000
0 1015 0 1 7590 22 0 1000 7000 0 1 1 0 1000 50 35000
0 1015 0 1 7613 23 0 1000 7000 0 1 1 0 1000 50 35000
0 1018 0 1 7635 22 0 1000 7000 0 1 1 0 1000 50 35000
0 1015 0 1 7658 23 0 1000 7000 0 1 1 0 1000 50 35000
0 1019 0 1 7681 23 0 1000 7000 0 1 1 0 1000 50 35000
0 1017 0 1 7703 22 0 1000 7000 0 1 1 0 1000 50 35000
0 1011 0 1 7726 23 0 1000 7000 0 1 1 0 1000 50 35000
0 1019 0 1 7748 22 0 1000 7000 0 1 1 0 1000 50 35000
0 1017 0 1 7771 23 0 1000 7000 0 1 1 0 1000 50 35000
0 1016 0 1 7793 22 0 1000 7000 0 1 1 0 1000 50 35000
0 1018 0 1 7816 23 0 1000 7000 0 1 1 0 1000 50 35000
0 1016 0 1 7838 22 0 1000 7000 0 1 1 0 1000 50 35000
0 1015 0 1 7861 23 0 1000 7000 0 1 1 0 1000 50 35000
0 1023 0 1 7883 22 0 1000 7000 0 1 1 0 1000 50 35000
0 1016 0 1 7906 23 0 1000 7000 0 1 1 0 1000 50 35000
0 1023 0 1 7928 22 0 1000 7000 0 1 1 0 1000 50 35000
0 1023 0 1 7951 23 0 1000 7000 0 1 1 0 1000 50 35000
0 1016 0 1 7973 22 0 1000 7000 0 1 1 0 1000 50 35000
0 1018 0 1 7996 23 0 1000 7000 0 1 1 0 1000 50 35000
0 1018 0 1 8018 22 0 1000 7000 0 1 1 0 1000 50 35000
0 1016 0 1 8041 23 0 1000 7000 0 1 1 0 1000 50 35000
0 1019 0 1 8064 23 0 1000 7000 0 1 1 0 1000 50 35000
0 1009 0 1 8086 22 0 1000 7000 0 1 1 0 1000 50 35000
0 1015 0 1 8109 23 0 1000 7000 0 1 1 0 1000 50 35000
0 1018 0 1 8131 22 0 1000 7000 0 1 1 0 1000 50 35000
0 1016 0 1 8154 23 0 1000 7000 0 1 1 0 1000 50 35000
0 1013 0 1 8176 22 0 1000 7000 0 1 1 0 1000 50 35000
0 1018 0 1 8199 23 0 1000 7000 0 1 1 0 1000 50 35000
0 1018 0 1 8221 22 0 1000 7000 0 1 1 0 1000 50 35000
0 1018 0 1 8244 23 0 1000 7000 0 1 1 0 1000 50 35000
0 1021 0 1 8266 22 0 1000 7000 0 1 1 0 1000 50 35000
0 1015 0 1 8289 23 0 1000 7000 0 1 1 0 1000 50 35000
0 1016 0 1 8311 22 0 1000 7000 0 1 1 0 1000 50 35000
0 1020 0 1 8334 23 0 1000 7000 0 1 1 0 1000 50 35000
0 1016 0 1 8356 22 0 1000 7000 0 1 1 0 1000 50 35000
0 1017 0 1 8379 23 0 1000 7000 0 1 1 0 1000 50 35000
0 1020 0 1 8401 22 0 1000 7000 0 1 1 0 1000 50 35000
0 1017 0 1 8424 23 0 1000 7000 0 1 1 0 1000 50 35000
0 1019 0 1 8446 22 0 1000 7000 0 1 1 0 1000 50 35000
0 1017 0 1 8469 23 0 1000 7000 0 1 1 0 1000 50 35000
0 1004 0 1 8492 23 0 1000 7000 0 1 1 0 1000 50 35000
0 1018 0 1 8514 22 0 1000 7000 0 1 1 0 1000 50 35000
0 1017 0 1 8537 23 0 1000 7000 0 1 1 0 1000 50 35000
0 1011 0 1 8559 22 0 1000 7000 0 1 1 0 1000 50 35000
0 1018 0 1 8582 23 0 1000 7000 0 1 1 0 1000 50 35000
0 1016 0 1 8604 22 0 1000 7000 0 1 1 0 1000 50 35000
0 1017 0 1 8627 23 0 1000 7000 0 1 1 0 1000 50 35000
0 1019 0 1 8649 22 0 1000 7000 0 1 1 0 1000 50 35000
0 1015 0 1 8672 23 0 1000 7000 0 1 1 0 1000 50 35000
0 1017 0 1 8694 22 0 1000 7000 0 1 1 0 1000 50 35000
0 1017 0 1 8717 23 0 1000 7000 0 1 1 0 1000 50 35000
0 1015 0 1 8739 22 0 1000 7000 0 1 1 0 1000 50 35000
0 1018 0 1 8762 23 0 1000 7000 0 1 1 0 1000 50 35000
0 1019 0 1 8784 22 0 1000 7000 0 1 1 0 1000 50 35000
0 1018 0 1 8807 23 0 1000 7000 0 1 1 0 1000 50 35000
0 1017 0 1 8829 22 0 1000 7000 0 1 1 0 1000 50 35000
0 1018 0 1 8852 23 0 1000 7000 0 1 1 0 1000 50 35000
0 1009 0 1 8875 23 0 1000 7000 0 1 1 0 1000 50 35000
0 1018 0 1 8897 22 0 1000 7000 0 1 1 0 1000 50 35000
0 1017 0 1 8920 23 0 1000 7000 0 1 1 0 1000 50 35000
0 1012 0 1 8942 22 0 1000 7000 0 1 1 0 1000 50 35000
0 1019 0 1 8965 23 0 1000 7000 0 1 1 0 1000 50 35000
0 1017 0 1 8987 22 0 1000 7000 0 1 1 0 1000 50 35000
0 1012 0 1 9010 23 0 1000 7000 0 1 1 0 1000 50 35000
0 1019 0 1 9032 22 0 1000 7000 0 1 1 0 1000 50 35000
0 1016 0 1 9055 23 0 1000 7000 0 1 1 0 1000 50 35000
0 1016 0 1 9077 22 0 1000 7000 0 1 1 0 1000 50 35000
0 1021 0 1 9100 23 0 1000 7000 0 1 1 0 1000 50 35000
0 1016 0 1 9122 22 0 1000 7000 0 1 1 0 1000 50 35000
0 1018 0 1 9145 23 0 1000 7000 0 1 1 0 1000 50 35000
0 1022 0 1 9167 22 0 1000 7000 0 1 1 0 1000 50 35000
0 1016 0 1 9190 23 0 1000 7000 0 1 1 0 1000 50 35000
0 1016 0 1 9212 22 0 1000 7000 0 1 1 0 1000 50 35000
0 1023 0 1 9235 23 0 1000 7000 0 1 1 0 1000 50 35000
0 1014 0 1 9257 22 0 1000 7000 0 1 1 0 1000 50 35000
0 1020 0 1 9280 23 0 1000 7000 0 1 1 0 1000 50 35000
0 1018 0 1 9303 23 0 1000 7000 0 1 1 0 1000 50 35000
0 1010 0 1 9325 22 0 1000 7000 0 1 1 0 1000 50 35000
0 1019 0 1 9348 23 0 1000 7000 0 1 1 0 1000 50 35000
0 1016 0 1 9370 22 0 1000 7000 0 1 1 0 1000 50 35000
0 1012 0 1 9393 23 0 1000 7000 0 1 1 0 1000 50 35000
0 1018 0 1 9415 22 0 1000 7000 0 1 1 0 1000 50 35000
0 1016 0 1 9438 23 0 1000 7000 0 1 1 0 1000 50 35000
0 1017 0 1 9460 22 0 1000 7000 0 1 1 0 1000 50 35000
0 1023 0 1 9483 23 0 1000 7000 0 1 1 0 1000 50 35000
0 1020 0 1 9505 22 0 1000 7000 0 1 1 0 1000 50 35000
0 1018 0 1 9528 23 0 1000 7000 0 1 1 0 1000 50 35000
0 1023 0 1 9550 22 0 1000 7000 0 1 1 0 1000 50 35000
0 1016 0 1 9573 23 0 1000 7000 0 1 1 0 1000 50 35000
0 1017 0 1 9595 22 0 1000 7000 0 1 1 0 1000 50 35000
0 1020 0 1 9618 23 0 1000 7000 0 1 1 0 1000 50 35000
0 1015 0 1 9640 22 0 1000 7000 0 1 1 0 1000 50 35000
0 1019 0 1 9663 23 0 1000 7000 0 1 1 0 1000 50 35000
0 1014 0 1 9686 23 0 1000 7000 0 1 1 0 1000 50 35000
0 1014 0 1 9708 22 0 1000 7000 0 1 1 0 1000 50 35000
0 1019 0 1 9731 23 0 1000 7000 0 1 1 0 1000 50 35000
0 1019 0 1 9753 22 0 1000 7000 0 1 1 0 1000 50 35000
0 1014 0 1 9776 23 0 1000 7000 0 1 1 0 1000 50 35000
0 1020 0 1 9798 22 0 1000 7000 0 1 1 0 1000 50 35000
0 1016 0 1 9821 23 0 1000 7000 0 1 1 0 1000 50 35000
0 1014 0 1 9843 22 0 1000 7000 0 1 1 0 1000 50 35000
0 1023 0 1 9866 23 0 1000 7000 0 1 1 0 1000 50 35000
0 1017 0 1 9888 22 0 1000 7000 0 1 1 0 1000 50 35000
0 1019 0 1 9912 24 0 1000 7000 0 1 1 0 1000 50 35000
0 1023 0 1 9934 22 0 1000 7000 0 1 1 0 1000 50 35000
0 1016 0 1 9957 23 0 1000 7000 0 1 1 0 1000 50 35000
0 1018 0 1 9979 22 0 1000 7000 0 1 1 0 1000 50 35000
0 1018 0 1 10002 23 0 1000 7000 0 1 1 0 1000 50 35000
0 1016 0 1 10024 22 0 1000 7000 0 1 1 0 1000 50 35000
0 1019 0 1 10047 23 0 1000 7000 0 1 1 0 1000 50 35000
0 1018 0 1 10070 23 0 1000 7000 0 1 1 0 1000 50 35000
0 1014 0 1 10092 22 0 1000 7000 0 1 1 0 1000 50 35000
0 1019 0 1 10115 23 0 1000 7000 0 1 1 0 1000 50 35000
0 1016 0 1 10137 22 0 1000 7000 0 1 1 0 1000 50 35000
0 1016 0 1 10160 23 0 1000 7000 0 1 1 0 1000 50 35000
0 1017 0 1 10182 22 0 1000 7000 0 1 1 0 1000 50 35000
0 1015 0 1 10205 23 0 1000 7000 0 1 1 0 1000 50 35000
0 1017 0 1 10227 22 0 1000 7000 0 1 1 0 1000 50 35000
0 1020 0 1 10250 23 0 1000 7000 0 1 1 0 1000 50 35000
0 1016 0 1 10272 22 0 1000 7000 0 1 1 0 1000 50 35000
0 1018 0 1 10295 23 0 1000 7000 0 1 1 0 1000 50 35000
0 1022 0 1 10317 22 0 1000 7000 0 1 1 0 1000 50 35000
0 1016 0 1 10340 23 0 1000 7000 0 1 1 0 1000 50 35000
0 1018 0 1 10362 22 0 1000 7000 0 1 1 0 1000 50 35000
0 1023 0 1 10385 23 0 1000 7000 0 1 1 0 1000 50 35000
0 1012 0 1 10407 22 0 1000 7000 0 1 1 0 1000 50 35000
0 1018 0 1 10431 24 0 1000 7000 0 1 1 0 1000 50 35000
0 1018 0 1 10454 23 0 1000 7000 0 1 1 0 1000 50 35000
0 1012 0 1 10476 22 0 1000 7000 0 1 1 0 1000 50 35000
0 1019 0 1 10499 23 0 1000 7000 0 1 1 0 1000 50 35000
0 1016 0 1 10521 22 0 1000 7000 0 1 1 0 1000 50 35000
0 1016 0 1 10544 23 0 1000 7000 0 1 1 0 1000 50 35000
0 1020 0 1 10566 22 0 1000 7000 0 1 1 0 1000 50 35000
0 1017 0 1 10589 23 0 1000 7000 0 1 1 0 1000 50 35000
0 1017 0 1 10611 22 0 1000 7000 0 1 1 0 1000 50 35000
0 1022 0 1 10634 23 0 1000 7000 0 1 1 0 1000 50 35000
0 1016 0 1 10656 22 0 1000 7000 0 1 1 0 1000 50 35000
0 1018 0 1 10679 23 0 1000 7000 0 1 1 0 1000 50 35000
0 1020 0 1 10701 22 0 1000 7000 0 1 1 0 1000 50 35000
0 1016 0 1 10724 23 0 1000 7000 0 1 1 0 1000 50 35000
0 1019 0 1 10746 22 0 1000 7000 0 1 1 0 1000 50 35000
0 1017 0 1 10769 23 0 1000 7000 0 1 1 0 1000 50 35000
0 1014 0 1 10791 22 0 1000 7000 0 1 1 0 1000 50 35000
0 1019 0 1 10814 23 0 1000 7000 0 1 1 0 1000 50 35000
0 1017 0 1 10836 22 0 1000 7000 0 1 1 0 1000 50 35000
0 1014 0 1 10859 23 0 1000 7000 0 1 1 0 1000 50 35000
0 1019 0 1 10883 24 0 1000 7000 0 1 1 0 1000 50 35000
0 1015 0 1 10905 22 0 1000 7000 0 1 1 0 1000 50 35000
0 1017 0 1 10928 23 0 1000 7000 0 1 1 0 1000 50 35000
0 1019 0 1 10950 22 0 1000 7000 0 1 1 0 1000 50 35000
0 1016 0 1 10973 23 0 1000 7000 0 1 1 0 1000 50 35000
0 1018 0 1 10995 22 0 1000 7000 0 1 1 0 1000 50 35000
0 1018 0 1 11018 23 0 1000 7000 0 1 1 0 1000 50 35000
0 1016 0 1 11040 22 0 1000 7000 0 1 1 0 1000 50 35000
0 1018 0 1 11063 23 0 1000 7000 0 1 1 0 1000 50 35000
0 1019 0 1 11085 22 0 1000 7000 0 1 1 0 1000 50 35000
0 1016 0 1 11108 23 0 1000 7000 0 1 1 0 1000 50 35000
0 1018 0 1 11130 22 0 1000 7000 0 1 1 0 1000 50 35000
0 1017 0 1 11153 23 0 1000 7000 0 1 1 0 1000 50 35000
0 1012 0 1 11175 22 0 1000 7000 0 1 1 0 1000 50 35000
0 1019 0 1 11198 23 0 1000 7000 0 1 1 0 1000 50 35000
0 1017 0 1 11220 22 0 1000 7000 0 1 1 0 1000 50 35000
0 1015 0 1 11243 23 0 1000 7000 0 1 1 0 1000 50 35000
0 1023 0 1 11266 23 0 1000 7000 0 1 1 0 1000 50 35000
0 1017 0 1 11288 22 0 1000 7000 0 1 1 0 1000 50 35000
0 1018 0 1 11312 24 0 1000 7000 0 1 1 0 1000 50 35000
0 1022 0 1 11334 22 0 1000 7000 0 1 1 0 1000 50 35000
0 1016 0 1 11357 23 0 1000 7000 0 1 1 0 1000 50 35000
0 1018 0 1 11379 22 0 1000 7000 0 1 1 0 1000 50 35000
0 1023 0 1 11402 23 0 1000 7000 0 1 1 0 1000 50 35000
0 1015 0 1 11424 22 0 1000 7000 0 1 1 0 1000 50 35000
0 1019 0 1 11447 23 0 1000 7000 0 1 1 0 1000 50 35000
0 1017 0 1 11469 22 0 1000 7000 0 1 1 0 1000 50 35000
0 1008 0 1 11492 23 0 1000 7000 0 1 1 0 1000 50 35000
0 1019 0 1 11514 22 0 1000 7000 0 1 1 0 1000 50 35000
0 1016 0 1 11537 23 0 1000 7000 0 1 1 0 1000 50 35000
0 1015 0 1 11559 22 0 1000 7000 0 1 1 0 1000 50 35000
0 1018 0 1 11582 23 0 1000 7000 0 1 1 0 1000 50 35000
0 1015 0 1 11604 22 0 1000 7000 0 1 1 0 1000 50 35000
0 1016 0 1 11627 23 0 1000 7000 0 1 1 0 1000 50 35000
0 1020 0 1 11650 23 0 1000 7000 0 1 1 0 1000 50 35000
0 1015 0 1 11672 22 0 1000 7000 0 1 1 0 1000 50 35000
0 1018 0 1 11695 23 0 1000 7000 0 1 1 0 1000 50 35000
0 1023 0 1 11717 22 0 1000 7000 0 1 1 0 1000 50 35000
0 1017 0 1 11741 24 0 1000 7000 0 1 1 0 1000 50 35000
0 1018 0 1 11763 22 0 1000 7000 0 1 1 0 1000 50 35000
0 1017 0 1 11786 23 0 1000 7000 0 1 1 0 1000 50 35000
0 1016 0 1 11808 22 0 1000 7000 0 1 1 0 1000 50 35000
0 1020 0 1 11831 23 0 1000 7000 0 1 1 0 1000 50 35000
0 1016 0 1 11853 22 0 1000 7000 0 1 1 0 1000 50 35000
0 1012 0 1 11876 23 0 1000 7000 0 1 1 0 1000 50 35000
0 1018 0 1 11898 22 0 1000 7000 0 1 1 0 1000 50 35000
0 1015 0 1 11921 23 0 1000 7000 0 1 1 0 1000 50 35000
0 1015 0 1 11943 22 0 1000 7000 0 1 1 0 1000 50 35000
0 1023 0 1 11966 23 0 1000 7000 0 1 1 0 1000 50 35000
0 1018 0 1 11988 22 0 1000 7000 0 1 1 0 1000 50 35000
0 1016 0 1 12011 23 0 1000 7000 0 1 1 0 1000 50 35000
0 1023 0 1 12034 23 0 1000 7000 0 1 1 0 1000 50 35000
0 1016 0 1 12056 22 0 1000 7000 0 1 1 0 1000 50 35000
0 1017 0 1 12079 23 0 1000 7000 0 1 1 0 1000 50 35000
0 1017 0 1 12101 22 0 1000 7000 0 1 1 0 1000 50 35000
0 1014 0 1 12124 23 0 1000 7000 0 1 1 0 1000 50 35000
0 1020 0 1 12146 22 0 1000 7000 0 1 1 0 1000 50 35000
0 1016 0 1 12170 24 0 1000 7000 0 1 1 0 1000 50 35000
0 1007 0 1 12192 22 0 1000 7000 0 1 1 0 1000 50 35000
0 1018 0 1 12215 23 0 1000 7000 0 1 1 0 1000 50 35000
0 1017 0 1 12237 22 0 1000 7000 0 1 1 0 1000 50 35000
0 1012 0 1 12260 23 0 1000 7000 0 1 1 0 1000 50 35000
0 1019 0 1 12282 22 0 1000 7000 0 1 1 0 1000 50 35000
0 1015 0 1 12305 23 0 1000 7000 0 1 1 0 1000 50 35000
0 1017 0 1 12327 22 0 1000 7000 0 1 1 0 1000 50 35000
0 1018 0 1 12350 23 0 1000 7000 0 1 1 0 1000 50 35000
0 1015 0 1 12372 22 0 1000 7000 0 1 1 0 1000 50 35000
0 1017 0 1 12395 23 0 1000 7000 0 1 1 0 1000 50 35000
0 1021 0 1 12418 23 0 1000 7000 0 1 1 0 1000 50 35000
0 1016 0 1 12440 22 0 1000 7000 0 1 1 0 1000 50 35000
0 1018 0 1 12463 23 0 1000 7000 0 1 1 0 1000 50 35000
0 1017 0 1 12485 22 0 1000 7000 0 1 1 0 1000 50 35000
0 1015 0 1 12508 23 0 1000 7000 0 1 1 0 1000 50 35000
0 1019 0 1 12530 22 0 1000 7000 0 1 1 0 1000 50 35000
0 1017 0 1 12553 23 0 1000 7000 0 1 1 0 1000 50 35000
0 1015 0 1 12575 22 0 1000 7000 0 1 1 0 1000 50 35000
0 1019 0 1 12599 24 0 1000 7000 0 1 1 0 1000 50 35000
0 1014 0 1 12621 22 0 1000 7000 0 1 1 0 1000 50 35000
0 1017 0 1 12644 23 0 1000 7000 0 1 1 0 1000 50 35000
0 1021 0 1 12666 22 0 1000 7000 0 1 1 0 1000 50 35000
0 1016 0 1 12689 23 0 1000 7000 0 1 1 0 1000 50 35000
0 1017 0 1 12711 22 0 1000 7000 0 1 1 0 1000 50 35000
0 1022 0 1 12734 23 0 1000 7000 0 1 1 0 1000 50 35000
0 1016 0 1 12756 22 0 1000 7000 0 1 1 0 1000 50 35000
0 1018 0 1 12779 23 0 1000 7000 0 1 1 0 1000 50 35000
0 1019 0 1 12802 23 0 1000 7000 0 1 1 0 1000 50 35000
0 1009 0 1 12824 22 0 1000 7000 0 1 1 0 1000 50 35000
0 1020 0 1 12847 23 0 1000 7000 0 1 1 0 1000 50 35000
0 1017 0 1 12869 22 0 1000 7000 0 1 1 0 1000 50 35000
0 1012 0 1 12892 23 0 1000 7000 0 1 1 0 1000 50 35000
0 1018 0 1 12914 22 0 1000 7000 0 1 1 0 1000 50 35000
0 1016 0 1 12937 23 0 1000 7000 0 1 1 0 1000 50 35000
0 1016 0 1 12959 22 0 1000 7000 0 1 1 0 1000 50 35000
0 1019 0 1 12982 23 0 1000 7000 0 1 1 0 1000 50 35000
0 1017 0 1 13004 22 0 1000 7000 0 1 1 0 1000 50 35000
0 1017 0 1 13027 23 0 1000 7000 0 1 1 0 1000 50 35000
0 1020 0 1 13050 23 0 1000 7000 0 1 1 0 1000 50 35000
0 1015 0 1 13073 23 0 1000 7000 0 1 1 0 1000 50 35000
0 1017 0 1 13095 22 0 1000 7000 0 1 1 0 1000 50 35000
0 1018 0 1 13118 23 0 1000 7000 0 1 1 0 1000 50 35000
0 1017 0 1 13140 22 0 1000 7000 0 1 1 0 1000 50 35000
0 1017 0 1 13163 23 0 1000 7000 0 1 1 0 1000 50 35000
0 1016 0 1 13186 23 0 1000 7000 0 1 1 0 1000 50 35000
0 1015 0 1 13208 22 0 1000 7000 0 1 1 0 1000 50 35000
0 1018 0 1 13231 23 0 1000 7000 0 1 1 0 1000 50 35000
0 1016 0 1 13253 22 0 1000 7000 0 1 1 0 1000 50 35000
0 1014 0 1 13276 23 0 1000 7000 0 1 1 0 1000 50 35000
0 1018 0 1 13298 22 0 1000 7000 0 1 1 0 1000 50 35000
0 1016 0 1 13321 23 0 1000 7000 0 1 1 0 1000 50 35000
0 1017 0 1 13343 22 0 1000 7000 0 1 1 0 1000 50 35000
0 1021 0 1 13366 23 0 1000 7000 0 1 1 0 1000 50 35000
0 1016 0 1 13388 22 0 1000 7000 0 1 1 0 1000 50 35000
0 1017 0 1 13411 23 0 1000 7000 0 1 1 0 1000 50 35000
0 1023 0 1 13433 22 0 1000 7000 0 1 1 0 1000 50 35000
0 1016 0 1 13456 23 0 1000 7000 0 1 1 0 1000 50 35000
0 1019 0 1 13478 22 0 1000 7000 0 1 1 0 1000 50 35000
0 1019 0 1 13502 24 0 1000 7000 0 1 1 0 1000 50 35000
0 1009 0 1 13524 22 0 1000 7000 0 1 1 0 1000 50 35000
0 1018 0 1 13547 23 0 1000 7000 0 1 1 0 1000 50 35000
0 1016 0 1 13570 23 0 1000 7000 0 1 1 0 1000 50 35000
0 1013 0 1 13592 22 0 1000 7000 0 1 1 0 1000 50 35000
0 1018 0 1 13615 23 0 1000 7000 0 1 1 0 1000 50 35000
0 1017 0 1 13637 22 0 1000 7000 0 1 1 0 1000 50 35000
0 1016 0 1 13660 23 0 1000 7000 0 1 1 0 1000 50 35000
0 1019 0 1 13682 22 0 1000 7000 0 1 1 0 1000 50 35000
0 1016 0 1 13705 23 0 1000 7000 0 1 1 0 1000 50 35000
0 1017 0 1 13727 22 0 1000 7000 0 1 1 0 1000 50 35000
0 1022 0 1 13750 23 0 1000 7000 0 1 1 0 1000 50 35000
0 1016 0 1 13772 22 0 1000 7000 0 1 1 0 1000 50 35000
0 1022 0 1 13795 23 0 1000 7000 0 1 1 0 1000 50 35000
0 1019 0 1 13817 22 0 1000 7000 0 1 1 0 1000 50 35000
0 1016 0 1 13840 23 0 1000 7000 0 1 1 0 1000 50 35000
0 1019 0 1 13862 22 0 1000 7000 0 1 1 0 1000 50 35000
0 1016 0 1 13885 23 0 1000 7000 0 1 1 0 1000 50 35000
0 1015 0 1 13907 22 0 1000 7000 0 1 1 0 1000 50 35000
0 1015 0 1 13931 24 0 1000 7000 0 1 1 0 1000 50 35000
0 1017 0 1 13954 23 0 1000 7000 0 1 1 0 1000 50 35000
0 1013 0 1 13976 22 0 1000 7000 0 1 1 0 1000 50 35000
0 1018 0 1 13999 23 0 1000 7000 0 1 1 0 1000 50 35000
0 1015 0 1 14021 22 0 1000 7000 0 1 1 0 1000 50 35000
0 1018 0 1 14044 23 0 1000 7000 0 1 1 0 1000 50 35000
0 1019 0 1 14066 22 0 1000 7000 0 1 1 0 1000 50 35000
0 1015 0 1 14089 23 0 1000 7000 0 1 1 0 1000 50 35000
0 1017 0 1 14111 22 0 1000 7000 0 1 1 0 1000 50 35000
0 1020 0 1 14134 23 0 1000 7000 0 1 1 0 1000 50 35000
0 1016 0 1 14156 22 0 1000 7000 0 1 1 0 1000 50 35000
0 1018 0 1 14179 23 0 1000 7000 0 1 1 0 1000 50 35000
0 1019 0 1 14201 22 0 1000 7000 0 1 1 0 1000 50 35000
0 1016 0 1 14224 23 0 1000 7000 0 1 1 0 1000 50 35000
0 1018 0 1 14246 22 0 1000 7000 0 1 1 0 1000 50 35000
0 1018 0 1 14269 23 0 1000 7000 0 1 1 0 1000 50 35000
0 1011 0 1 14291 22 0 1000 7000 0 1 1 0 1000 50 35000
0 1017 0 1 14314 23 0 1000 7000 0 1 1 0 1000 50 35000
0 1017 0 1 14337 23 0 1000 7000 0 1 1 0 1000 50 35000
0 1017 0 1 14360 23 0 1000 7000 0 1 1 0 1000 50 35000
0 1023 0 1 14383 23 0 1000 7000 0 1 1 0 1000 50 35000
0 1016 0 1 14405 22 0 1000 7000 0 1 1 0 1000 50 35000
0 1017 0 1 14428 23 0 1000 7000 0 1 1 0 1000 50 35000
0 1020 0 1 14450 22 0 1000 7000 0 1 1 0 1000 50 35000
0 1016 0 1 14473 23 0 1000 7000 0 1 1 0 1000 50 35000
0 1019 0 1 14495 22 0 1000 7000 0 1 1 0 1000 50 35000
0 1017 0 1 14518 23 0 1000 7000 0 1 1 0 1000 50 35000
0 1015 0 1 14540 22 0 1000 7000 0 1 1 0 1000 50 35000
0 1020 0 1 14563 23 0 1000 7000 0 1 1 0 1000 50 35000
0 1017 0 1 14585 22 0 1000 7000 0 1 1 0 1000 50 35000
0 1013 0 1 14608 23 0 1000 7000 0 1 1 0 1000 50 35000
0 1017 0 1 14630 22 0 1000 7000 0 1 1 0 1000 50 35000
0 1017 0 1 14653 23 0 1000 7000 0 1 1 0 1000 50 35000
0 1012 0 1 14675 22 0 1000 7000 0 1 1 0 1000 50 35000
0 1018 0 1 14698 23 0 1000 7000 0 1 1 0 1000 50 35000
0 1015 0 1 14721 23 0 1000 7000 0 1 1 0 1000 50 35000
0 1017 0 1 14743 22 0 1000 7000 0 1 1 0 1000 50 35000
0 1021 0 1 14766 23 0 1000 7000 0 1 1 0 1000 50 35000
0 1015 0 1 14789 23 0 1000 7000 0 1 1 0 1000 50 35000
0 1014 0 1 14812 23 0 1000 7000 0 1 1 0 1000 50 35000
0 1019 0 1 14834 22 0 1000 7000 0 1 1 0 1000 50 35000
0 1016 0 1 14857 23 0 1000 7000 0 1 1 0 1000 50 35000
0 1019 0 1 14879 22 0 1000 7000 0 1 1 0 1000 50 35000
0 1018 0 1 14902 23 0 1000 7000 0 1 1 0 1000 50 35000
0 1013 0 1 14924 22 0 1000 7000 0 1 1 0 1000 50 35000
0 1017 0 1 14947 23 0 1000 7000 0 1 1 0 1000 50 35000
0 1017 0 1 14969 22 0 1000 7000 0 1 1 0 1000 50 35000
0 1013 0 1 14992 23 0 1000 7000 0 1 1 0 1000 50 35000
0 1023 0 1 15014 22 0 1000 7000 0 1 1 0 1000 50 35000
0 1016 0 1 15037 23 0 1000 7000 0 1 1 0 1000 50 35000
0 1016 0 1 15059 22 0 1000 7000 0 1 1 0 1000 50 35000
0 1023 0 1 15082 23 0 1000 7000 0 1 1 0 1000 50 35000
0 1016 0 1 15105 23 0 1000 7000 0 1 1 0 1000 50 35000
0 1017 0 1 15127 22 0 1000 7000 0 1 1 0 1000 50 35000
0 1023 0 1 15150 23 0 1000 7000 0 1 1 0 1000 50 35000
0 1017 0 1 15172 22 0 1000 7000 0 1 1 0 1000 50 35000
0 1018 0 1 15196 24 0 1000 7000 0 1 1 0 1000 50 35000
0 1017 0 1 15218 22 0 1000 7000 0 1 1 0 1000 50 35000
0 1013 0 1 15241 23 0 1000 7000 0 1 1 0 1000 50 35000
0 1020 0 1 15263 22 0 1000 7000 0 1 1 0 1000 50 35000
0 1016 0 1 15286 23 0 1000 7000 0 1 1 0 1000 50 35000
0 1015 0 1 15308 22 0 1000 7000 0 1 1 0 1000 50 35000
0 1018 0 1 15331 23 0 1000 7000 0 1 1 0 1000 50 35000
0 1016 0 1 15353 22 0 1000 7000 0 1 1 0 1000 50 35000
0 1016 0 1 15376 23 0 1000 7000 0 1 1 0 1000 50 35000
0 1019 0 1 15398 22 0 1000 7000 0 1 1 0 1000 50 35000
0 1016 0 1 15421 23 0 1000 7000 0 1 1 0 1000 50 35000
0 1018 0 1 15443 22 0 1000 7000 0 1 1 0 1000 50 35000
0 1020 0 1 15466 23 0 1000 7000 0 1 1 0 1000 50 35000
0 1016 0 1 15489 23 0 1000 7000 0 1 1 0 1000 50 35000
0 1017 0 1 15511 22 0 1000 7000 0 1 1 0 1000 50 35000
0 1019 0 1 15534 23 0 1000 7000 0 1 1 0 1000 50 35000
0 1016 0 1 15556 22 0 1000 7000 0 1 1 0 1000 50 35000
0 1019 0 1 15579 23 0 1000 7000 0 1 1 0 1000 50 35000
0 1018 0 1 15601 22 0 1000 7000 0 1 1 0 1000 50 35000
0 1016 0 1 15625 24 0 1000 7000 0 1 1 0 1000 50 35000
0 1016 0 1 15647 22 0 1000 7000 0 1 1 0 1000 50 35000
0 1016 0 1 15670 23 0 1000 7000 0 1 1 0 1000 50 35000
0 1014 0 1 15692 22 0 1000 7000 0 1 1 0 1000 50 35000
0 1019 0 1 15715 23 0 1000 7000 0 1 1 0 1000 50 35000
0 1015 0 1 15737 22 0 1000 7000 0 1 1 0 1000 50 35000
0 1016 0 1 15760 23 0 1000 7000 0 1 1 0 1000 50 35000
0 1021 0 1 15782 22 0 1000 7000 0 1 1 0 1000 50 35000
0 1016 0 1 15805 23 0 1000 7000 0 1 1 0 1000 50 35000
0 1017 0 1 15827 22 0 1000 7000 0 1 1 0 1000 50 35000
0 1022 0 1 15850 23 0 1000 7000 0 1 1 0 1000 50 35000
0 1017 0 1 15873 23 0 1000 7000 0 1 1 0 1000 50 35000
0 1018 0 1 15895 22 0 1000 7000 0 1 1 0 1000 50 35000
0 1016 0 1 15918 23 0 1000 7000 0 1 1 0 1000 50 35000
0 1011 0 1 15940 22 0 1000 7000 0 1 1 0 1000 50 35000
0 1018 0 1 15963 23 0 1000 7000 0 1 1 0 1000 50 35000
0 1013 0 1 15985 22 0 1000 7000 0 1 1 0 1000 50 35000
0 1012 0 1 16008 23 0 1000 7000 0 1 1 0 1000 50 35000
0 1019 0 1 16031 23 0 1000 7000 0 1 1 0 1000 50 35000
0 1021 0 1 16054 23 0 1000 7000 0 1 1 0 1000 50 35000
0 1017 0 1 16076 22 0 1000 7000 0 1 1 0 1000 50 35000
0 1020 0 1 16099 23 0 1000 7000 0 1 1 0 1000 50 35000
0 1018 0 1 16121 22 0 1000 7000 0 1 1 0 1000 50 35000
0 1017 0 1 16144 23 0 1000 7000 0 1 1 0 1000 50 35000
0 1022 0 1 16166 22 0 1000 7000 0 1 1 0 1000 50 35000
0 1016 0 1 16189 23 0 1000 7000 0 1 1 0 1000 50 35000
0 1017 0 1 16211 22 0 1000 7000 0 1 1 0 1000 50 35000
0 1014 0 1 16234 23 0 1000 7000 0 1 1 0 1000 50 35000
0 1017 0 1 16257 23 0 1000 7000 0 1 1 0 1000 50 35000
0 1019 0 1 16279 22 0 1000 7000 0 1 1 0 1000 50 35000
0 1017 0 1 16302 23 0 1000 7000 0 1 1 0 1000 50 35000
0 1015 0 1 16324 22 0 1000 7000 0 1 1 0 1000 50 35000
0 1018 0 1 16347 23 0 1000 7000 0 1 1 0 1000 50 35000
0 1019 0 1 16369 22 0 1000 7000 0 1 1 0 1000 50 35000
0 1015 0 1 16392 23 0 1000 7000 0 1 1 0 1000 50 35000
0 1018 0 1 16414 22 0 1000 7000 0 1 1 0 1000 50 35000
0 1015 0 1 16437 23 0 1000 7000 0 1 1 0 1000 50 35000
0 1019 0 1 16459 22 0 1000 7000 0 1 1 0 1000 50 35000
0 1023 0 1 16483 24 0 1000 7000 0 1 1 0 1000 50 35000
0 1016 0 1 16505 22 0 1000 7000 0 1 1 0 1000 50 35000
0 1017 0 1 16528 23 0 1000 7000 0 1 1 0 1000 50 35000
0 1022 0 1 16550 22 0 1000 7000 0 1 1 0 1000 50 35000
0 1017 0 1 16573 23 0 1000 7000 0 1 1 0 1000 50 35000
0 1014 0 1 16595 22 0 1000 7000 0 1 1 0 1000 50 35000
0 1018 0 1 16618 23 0 1000 7000 0 1 1 0 1000 50 35000
0 1013 0 1 16641 23 0 1000 7000 0 1 1 0 1000 50 35000
0 1018 0 1 16663 22 0 1000 7000 0 1 1 0 1000 50 35000
0 1012 0 1 16686 23 0 1000 7000 0 1 1 0 1000 50 35000
0 1011 0 1 16708 22 0 1000 7000 0 1 1 0 1000 50 35000
0 1018 0 1 16731 23 0 1000 7000 0 1 1 0 1000 50 35000
0 1016 0 1 16753 22 0 1000 7000 0 1 1 0 1000 50 35000
0 1017 0 1 16776 23 0 1000 7000 0 1 1 0 1000 50 35000
0 1022 0 1 16798 22 0 1000 7000 0 1 1 0 1000 50 35000
0 1016 0 1 16821 23 0 1000 7000 0 1 1 0 1000 50 35000
0 1017 0 1 16843 22 0 1000 7000 0 1 1 0 1000 50 35000
0 1023 0 1 16866 23 0 1000 7000 0 1 1 0 1000 50 35000
0 1019 0 1 16888 22 0 1000 7000 0 1 1 0 1000 50 35000
0 1018 0 1 16911 23 0 1000 7000 0 1 1 0 1000 50 35000
0 1019 0 1 16934 23 0 1000 7000 0 1 1 0 1000 50 35000
0 1017 0 1 16957 23 0 1000 7000 0 1 1 0 1000 50 35000
0 1019 0 1 16979 22 0 1000 7000 0 1 1 0 1000 50 35000
0 1017 0 1 17002 23 0 1000 7000 0 1 1 0 1000 50 35000
0 1013 0 1 17025 23 0 1000 7000 0 1 1 0 1000 50 35000
0 1018 0 1 17047 22 0 1000 7000 0 1 1 0 1000 50 35000
0 1016 0 1 17070 23 0 1000 7000 0 1 1 0 1000 50 35000
0 1019 0 1 17092 22 0 1000 7000 0 1 1 0 1000 50 35000
0 1018 0 1 17115 23 0 1000 7000 0 1 1 0 1000 50 35000
0 1015 0 1 17137 22 0 1000 7000 0 1 1 0 1000 50 35000
0 1017 0 1 17160 23 0 1000 7000 0 1 1 0 1000 50 35000
0 1019 0 1 17182 22 0 1000 7000 0 1 1 0 1000 50 35000
0 1016 0 1 17205 23 0 1000 7000 0 1 1 0 1000 50 35000
0 1017 0 1 17227 22 0 1000 7000 0 1 1 0 1000 50 35000
0 1020 0 1 17250 23 0 1000 7000 0 1 1 0 1000 50 35000
0 1016 0 1 17272 22 0 1000 7000 0 1 1 0 1000 50 35000
0 1018 0 1 17295 23 0 1000 7000 0 1 1 0 1000 50 35000
0 1018 0 1 17317 22 0 1000 7000 0 1 1 0 1000 50 35000
0 1015 0 1 17340 23 0 1000 7000 0 1 1 0 1000 50 35000
0 1018 0 1 17363 23 0 1000 7000 0 1 1 0 1000 50 35000
0 1012 0 1 17386 23 0 1000 7000 0 1 1 0 1000 50 35000
0 1012 0 1 17409 23 0 1000 7000 0 1 1 0 1000 50 35000
0 1017 0 1 17431 22 0 1000 7000 0 1 1 0 1000 50 35000
0 1016 0 1 17454 23 0 1000 7000 0 1 1 0 1000 50 35000
0 1017 0 1 17476 22 0 1000 7000 0 1 1 0 1000 50 35000
0 1023 0 1 17499 23 0 1000 7000 0 1 1 0 1000 50 35000
0 1016 0 1 17521 22 0 1000 7000 0 1 1 0 1000 50 35000
0 1016 0 1 17544 23 0 1000 7000 0 1 1 0 1000 50 35000
0 1021 0 1 17566 22 0 1000 7000 0 1 1 0 1000 50 35000
0 1016 0 1 17589 23 0 1000 7000 0 1 1 0 1000 50 35000
0 1017 0 1 17611 22 0 1000 7000 0 1 1 0 1000 50 35000
0 1017 0 1 17634 23 0 1000 7000 0 1 1 0 1000 50 35000
0 1014 0 1 17656 22 0 1000 7000 0 1 1 0 1000 50 35000
0 1014 0 1 17679 23 0 1000 7000 0 1 1 0 1000 50 35000
0 1018 0 1 17701 22 0 1000 7000 0 1 1 0 1000 50 35000
0 1013 0 1 17724 23 0 1000 7000 0 1 1 0 1000 50 35000
0 1018 0 1 17746 22 0 1000 7000 0 1 1 0 1000 50 35000
0 1017 0 1 17769 23 0 1000 7000 0 1 1 0 1000 50 35000
0 1017 0 1 17793 24 0 1000 7000 0 1 1 0 1000 50 35000
0 1018 0 1 17815 22 0 1000 7000 0 1 1 0 1000 50 35000
0 1014 0 1 17838 23 0 1000 7000 0 1 1 0 1000 50 35000
0 1017 0 1 17860 22 0 1000 7000 0 1 1 0 1000 50 35000
0 1019 0 1 17883 23 0 1000 7000 0 1 1 0 1000 50 35000
0 1018 0 1 17905 22 0 1000 7000 0 1 1 0 1000 50 35000
0 1018 0 1 17928 23 0 1000 7000 0 1 1 0 1000 50 35000
0 1023 0 1 17950 22 0 1000 7000 0 1 1 0 1000 50 35000
0 1016 0 1 17973 23 0 1000 7000 0 1 1 0 1000 50 35000
0 1019 0 1 17995 22 0 1000 7000 0 1 1 0 1000 50 35000
0 1017 0 1 18018 23 0 1000 7000 0 1 1 0 1000 50 35000
0 1015 0 1 18040 22 0 1000 7000 0 1 1 0 1000 50 35000
0 1019 0 1 18063 23 0 1000 7000 0 1 1 0 1000 50 35000
0 1017 0 1 18085 22 0 1000 7000 0 1 1 0 1000 50 35000
0 1013 0 1 18108 23 0 1000 7000 0 1 1 0 1000 50 35000
0 1018 0 1 18130 22 0 1000 7000 0 1 1 0 1000 50 35000
0 1016 0 1 18153 23 0 1000 7000 0 1 1 0 1000 50 35000
0 1017 0 1 18176 23 0 1000 7000 0 1 1 0 1000 50 35000
0 1023 0 1 18198 22 0 1000 7000 0 1 1 0 1000 50 35000
0 1017 0 1 18222 24 0 1000 7000 0 1 1 0 1000 50 35000
0 1017 0 1 18244 22 0 1000 7000 0 1 1 0 1000 50 35000
0 1023 0 1 18267 23 0 1000 7000 0 1 1 0 1000 50 35000
0 1016 0 1 18289 22 0 1000 7000 0 1 1 0 1000 50 35000
0 1018 0 1 18312 23 0 1000 7000 0 1 1 0 1000 50 35000
0 1018 0 1 18334 22 0 1000 7000 0 1 1 0 1000 50 35000
0 1010 0 1 18357 23 0 1000 7000 0 1 1 0 1000 50 35000
0 1015 0 1 18379 22 0 1000 7000 0 1 1 0 1000 50 35000
0 1016 0 1 18402 23 0 1000 7000 0 1 1 0 1000 50 35000
0 1012 0 1 18424 22 0 1000 7000 0 1 1 0 1000 50 35000
0 1017 0 1 18447 23 0 1000 7000 0 1 1 0 1000 50 35000
0 1016 0 1 18469 22 0 1000 7000 0 1 1 0 1000 50 35000
0 1013 0 1 18492 23 0 1000 7000 0 1 1 0 1000 50 35000
0 1019 0 1 18514 22 0 1000 7000 0 1 1 0 1000 50 35000
0 1016 0 1 18537 23 0 1000 7000 0 1 1 0 1000 50 35000
0 1017 0 1 18560 23 0 1000 7000 0 1 1 0 1000 50 35000
0 1021 0 1 18582 22 0 1000 7000 0 1 1 0 1000 50 35000
0 1017 0 1 18605 23 0 1000 7000 0 1 1 0 1000 50 35000
0 1018 0 1 18628 23 0 1000 7000 0 1 1 0 1000 50 35000
0 1018 0 1 18651 23 0 1000 7000 0 1 1 0 1000 50 35000
0 1015 0 1 18673 22 0 1000 7000 0 1 1 0 1000 50 35000
0 1021 0 1 18696 23 0 1000 7000 0 1 1 0 1000 50 35000
0 1017 0 1 18718 22 0 1000 7000 0 1 1 0 1000 50 35000
0 1018 0 1 18741 23 0 1000 7000 0 1 1 0 1000 50 35000
0 1018 0 1 18763 22 0 1000 7000 0 1 1 0 1000 50 35000
0 1017 0 1 18786 23 0 1000 7000 0 1 1 0 1000 50 35000
0 1013 0 1 18808 22 0 1000 7000 0 1 1 0 1000 50 35000
0 1018 0 1 18831 23 0 1000 7000 0 1 1 0 1000 50 35000
0 1015 0 1 18853 22 0 1000 7000 0 1 1 0 1000 50 35000
0 1018 0 1 18876 23 0 1000 7000 0 1 1 0 1000 50 35000
0 1020 0 1 18898 22 0 1000 7000 0 1 1 0 1000 50 35000
0 1015 0 1 18921 23 0 1000 7000 0 1 1 0 1000 50 35000
0 1019 0 1 18944 23 0 1000 7000 0 1 1 0 1000 50 35000
0 1021 0 1 18966 22 0 1000 7000 0 1 1 0 1000 50 35000
0 1015 0 1 18989 23 0 1000 7000 0 1 1 0 1000 50 35000
0 1019 0 1 19011 22 0 1000 7000 0 1 1 0 1000 50 35000
0 1016 0 1 19035 24 0 1000 7000 0 1 1 0 1000 50 35000
0 1011 0 1 19057 22 0 1000 7000 0 1 1 0 1000 50 35000
0 1017 0 1 19080 23 0 1000 7000 0 1 1 0 1000 50 35000
0 1014 0 1 19102 22 0 1000 7000 0 1 1 0 1000 50 35000
0 1013 0 1 19125 23 0 1000 7000 0 1 1 0 1000 50 35000
0 1018 0 1 19147 22 0 1000 7000 0 1 1 0 1000 50 35000
0 1016 0 1 19170 23 0 1000 7000 0 1 1 0 1000 50 35000
0 1015 0 1 19192 22 0 1000 7000 0 1 1 0 1000 50 35000
0 1023 0 1 19215 23 0 1000 7000 0 1 1 0 1000 50 35000
0 1016 0 1 19237 22 0 1000 7000 0 1 1 0 1000 50 35000
0 1006 0 1 19260 23 0 1000 7000 0 1 1 0 1000 50 35000
0 1022 0 1 19282 22 0 1000 7000 0 1 1 0 1000 50 35000
0 1016 0 1 19305 23 0 1000 7000 0 1 1 0 1000 50 35000
0 1017 0 1 19328 23 0 1000 7000 0 1 1 0 1000 50 35000
0 1018 0 1 19350 22 0 1000 7000 0 1 1 0 1000 50 35000
0 1014 0 1 19373 23 0 1000 7000 0 1 1 0 1000 50 35000
0 1019 0 1 19395 22 0 1000 7000 0 1 1 0 1000 50 35000
0 1017 0 1 19418 23 0 1000 7000 0 1 1 0 1000 50 35000
0 1013 0 1 19440 22 0 1000 7000 0 1 1 0 1000 50 35000
0 1019 0 1 19464 24 0 1000 7000 0 1 1 0 1000 50 35000
0 1016 0 1 19486 22 0 1000 7000 0 1 1 0 1000 50 35000
0 1016 0 1 19509 23 0 1000 7000 0 1 1 0 1000 50 35000
0 1018 0 1 19531 22 0 1000 7000 0 1 1 0 1000 50 35000
0 1015 0 1 19554 23 0 1000 7000 0 1 1 0 1000 50 35000
0 1023 0 1 19576 22 0 1000 7000 0 1 1 0 1000 50 35000
0 1020 0 1 19599 23 0 1000 7000 0 1 1 0 1000 50 35000
0 1016 0 1 19621 22 0 1000 7000 0 1 1 0 1000 50 35000
0 1021 0 1 19644 23 0 1000 7000 0 1 1 0 1000 50 35000
0 1023 0 1 19666 22 0 1000 7000 0 1 1 0 1000 50 35000
0 1016 0 1 19689 23 0 1000 7000 0 1 1 0 1000 50 35000
0 1019 0 1 19712 23 0 1000 7000 0 1 1 0 1000 50 35000
0 1017 0 1 19734 22 0 1000 7000 0 1 1 0 1000 50 35000
0 1013 0 1 19757 23 0 1000 7000 0 1 1 0 1000 50 35000
0 1018 0 1 19779 22 0 1000 7000 0 1 1 0 1000 50 35000
0 1016 0 1 19802 23 0 1000 7000 0 1 1 0 1000 50 35000
0 1012 0 1 19824 22 0 1000 7000 0 1 1 0 1000 50 35000
0 1019 0 1 19847 23 0 1000 7000 0 1 1 0 1000 50 35000
0 1015 0 1 19869 22 0 1000 7000 0 1 1 0 1000 50 35000
0 1016 0 1 19893 24 0 1000 7000 0 1 1 0 1000 50 35000
0 1023 0 1 19915 22 0 1000 7000 0 1 1 0 1000 50 35000
0 1016 0 1 19938 23 0 1000 7000 0 1 1 0 1000 50 35000
0 1017 0 1 19960 22 0 1000 7000 0 1 1 0 1000 50 35000
0 1022 0 1 19983 23 0 1000 7000 0 1 1 0 1000 50 35000
0 1016 0 1 20005 22 0 1000 7000 0 1 1 0 1000 50 35000
0 1017 0 1 20028 23 0 1000 7000 0 1 1 0 1000 50 35000
0 1018 0 1 20050 22 0 1000 7000 0 1 1 0 1000 50 35000
0 1012 0 1 20073 23 0 1000 7000 0 1 1 0 1000 50 35000
0 1018 0 1 20096 23 0 1000 7000 0 1 1 0 1000 50 35000
0 1015 0 1 20118 22 0 1000 7000 0 1 1 0 1000 50 35000
0 1013 0 1 20141 23 0 1000 7000 0 1 1 0 1000 50 35000
0 1018 0 1 20163 22 0 1000 7000 0 1 1 0 1000 50 35000
0 1016 0 1 20186 23 0 1000 7000 0 1 1 0 1000 50 35000
0 1015 0 1 20208 22 0 1000 7000 0 1 1 0 1000 50 35000
0 1019 0 1 20231 23 0 1000 7000 0 1 1 0 1000 50 35000
0 1019 0 1 20253 22 0 1000 7000 0 1 1 0 1000 50 35000
0 1018 0 1 20276 23 0 1000 7000 0 1 1 0 1000 50 35000
0 1021 0 1 20299 23 0 1000 7000 0 1 1 0 1000 50 35000
0 1015 0 1 20322 23 0 1000 7000 0 1 1 0 1000 50 35000
0 1017 0 1 20344 22 0 1000 7000 0 1 1 0 1000 50 35000
0 1020 0 1 20367 23 0 1000 7000 0 1 1 0 1000 50 35000
0 1016 0 1 20389 22 0 1000 7000 0 1 1 0 1000 50 35000
0 1019 0 1 20412 23 0 1000 7000 0 1 1 0 1000 50 35000
0 1011 0 1 20434 22 0 1000 7000 0 1 1 0 1000 50 35000
0 1014 0 1 20457 23 0 1000 7000 0 1 1 0 1000 50 35000
0 1019 0 1 20480 23 0 1000 7000 0 1 1 0 1000 50 35000
0 1017 0 1 20502 22 0 1000 7000 0 1 1 0 1000 50 35000
0 1012 0 1 20525 23 0 1000 7000 0 1 1 0 1000 50 35000
0 1019 0 1 20547 22 0 1000 7000 0 1 1 0 1000 50 35000
0 1015 0 1 20570 23 0 1000 7000 0 1 1 0 1000 50 35000
0 1016 0 1 20592 22 0 1000 7000 0 1 1 0 1000 50 35000
0 1020 0 1 20615 23 0 1000 7000 0 1 1 0 1000 50 35000
0 1016 0 1 20637 22 0 1000 7000 0 1 1 0 1000 50 35000
0 1017 0 1 20660 23 0 1000 7000 0 1 1 0 1000 50 35000
0 1022 0 1 20682 22 0 1000 7000 0 1 1 0 1000 50 35000
0 1016 0 1 20705 23 0 1000 7000 0 1 1 0 1000 50 35000
0 1021 0 1 20728 23 0 1000 7000 0 1 1 0 1000 50 35000
0 1017 0 1 20751 23 0 1000 7000 0 1 1 0 1000 50 35000
0 1010 0 1 20773 22 0 1000 7000 0 1 1 0 1000 50 35000
0 1018 0 1 20796 23 0 1000 7000 0 1 1 0 1000 50 35000
0 1015 0 1 20818 22 0 1000 7000 0 1 1 0 1000 50 35000
0 1013 0 1 20841 23 0 1000 7000 0 1 1 0 1000 50 35000
0 1016 0 1 20864 23 0 1000 7000 0 1 1 0 1000 50 35000
0 1016 0 1 20886 22 0 1000 7000 0 1 1 0 1000 50 35000
0 1017 0 1 20909 23 0 1000 7000 0 1 1 0 1000 50 35000
0 1022 0 1 20931 22 0 1000 7000 0 1 1 0 1000 50 35000
0 1014 0 1 20954 23 0 1000 7000 0 1 1 0 1000 50 35000
0 1017 0 1 20976 22 0 1000 7000 0 1 1 0 1000 50 35000
0 1020 0 1 20999 23 0 1000 7000 0 1 1 0 1000 50 35000
0 1015 0 1 21021 22 0 1000 7000 0 1 1 0 1000 50 35000
0 1018 0 1 21044 23 0 1000 7000 0 1 1 0 1000 50 35000
0 1018 0 1 21066 22 0 1000 7000 0 1 1 0 1000 50 35000
0 1017 0 1 21089 23 0 1000 7000 0 1 1 0 1000 50 35000
0 1018 0 1 21111 22 0 1000 7000 0 1 1 0 1000 50 35000
0 1018 0 1 21134 23 0 1000 7000 0 1 1 0 1000 50 35000
0 1015 0 1 21156 22 0 1000 7000 0 1 1 0 1000 50 35000
0 1018 0 1 21180 24 0 1000 7000 0 1 1 0 1000 50 35000
0 1017 0 1 21202 22 0 1000 7000 0 1 1 0 1000 50 35000
0 1015 0 1 21225 23 0 1000 7000 0 1 1 0 1000 50 35000
0 1018 0 1 21248 23 0 1000 7000 0 1 1 0 1000 50 35000
0 1015 0 1 21270 22 0 1000 7000 0 1 1 0 1000 50 35000
0 1016 0 1 21293 23 0 1000 7000 0 1 1 0 1000 50 35000
0 1019 0 1 21315 22 0 1000 7000 0 1 1 0 1000 50 35000
0 1015 0 1 21338 23 0 1000 7000 0 1 1 0 1000 50 35000
0 1017 0 1 21360 22 0 1000 7000 0 1 1 0 1000 50 35000
0 1019 0 1 21383 23 0 1000 7000 0 1 1 0 1000 50 35000
0 1016 0 1 21405 22 0 1000 7000 0 1 1 0 1000 50 35000
0 1018 0 1 21428 23 0 1000 7000 0 1 1 0 1000 50 35000
0 1020 0 1 21450 22 0 1000 7000 0 1 1 0 1000 50 35000
0 1012 0 1 21473 23 0 1000 7000 0 1 1 0 1000 50 35000
0 1017 0 1 21495 22 0 1000 7000 0 1 1 0 1000 50 35000
0 1016 0 1 21518 23 0 1000 7000 0 1 1 0 1000 50 35000
0 1015 0 1 21540 22 0 1000 7000 0 1 1 0 1000 50 35000
0 1018 0 1 21563 23 0 1000 7000 0 1 1 0 1000 50 35000
0 1017 0 1 21585 22 0 1000 7000 0 1 1 0 1000 50 35000
0 1017 0 1 21609 24 0 1000 7000 0 1 1 0 1000 50 35000
0 1023 0 1 21632 23 0 1000 7000 0 1 1 0 1000 50 35000
0 1018 0 1 21654 22 0 1000 7000 0 1 1 0 1000 50 35000
0 1017 0 1 21677 23 0 1000 7000 0 1 1 0 1000 50 35000
0 1021 0 1 21699 22 0 1000 7000 0 1 1 0 1000 50 35000
0 1015 0 1 21722 23 0 1000 7000 0 1 1 0 1000 50 35000
0 1017 0 1 21744 22 0 1000 7000 0 1 1 0 1000 50 35000
0 1017 0 1 21767 23 0 1000 7000 0 1 1 0 1000 50 35000
0 1015 0 1 21789 22 0 1000 7000 0 1 1 0 1000 50 35000
0 1018 0 1 21812 23 0 1000 7000 0 1 1 0 1000 50 35000
0 1018 0 1 21834 22 0 1000 7000 0 1 1 0 1000 50 35000
0 1012 0 1 21857 23 0 1000 7000 0 1 1 0 1000 50 35000
0 1018 0 1 21879 22 0 1000 7000 0 1 1 0 1000 50 35000
0 1016 0 1 21902 23 0 1000 7000 0 1 1 0 1000 50 35000
0 1021 0 1 21924 22 0 1000 7000 0 1 1 0 1000 50 35000
0 1018 0 1 21947 23 0 1000 7000 0 1 1 0 1000 50 35000
0 1015 0 1 21969 22 0 1000 7000 0 1 1 0 1000 50 35000
0 1017 0 1 21992 23 0 1000 7000 0 1 1 0 1000 50 35000
0 1021 0 1 22014 22 0 1000 7000 0 1 1 0 1000 50 35000
0 1016 0 1 22038 24 0 1000 7000 0 1 1 0 1000 50 35000
0 1017 0 1 22061 23 0 1000 7000 0 1 1 0 1000 50 35000
0 1023 0 1 22083 22 0 1000 7000 0 1 1 0 1000 50 35000
0 1016 0 1 22106 23 0 1000 7000 0 1 1 0 1000 50 35000
0 1019 0 1 22128 22 0 1000 7000 0 1 1 0 1000 50 35000
0 1018 0 1 22151 23 0 1000 7000 0 1 1 0 1000 50 35000
0 1014 0 1 22173 22 0 1000 7000 0 1 1 0 1000 50 35000
0 1018 0 1 22196 23 0 1000 7000 0 1 1 0 1000 50 35000
0 1016 0 1 22218 22 0 1000 7000 0 1 1 0 1000 50 35000
0 1013 0 1 22241 23 0 1000 7000 0 1 1 0 1000 50 35000
0 1018 0 1 22263 22 0 1000 7000 0 1 1 0 1000 50 35000
0 1015 0 1 22286 23 0 1000 7000 0 1 1 0 1000 50 35000
0 1016 0 1 22308 22 0 1000 7000 0 1 1 0 1000 50 35000
0 1021 0 1 22331 23 0 1000 7000 0 1 1 0 1000 50 35000
0 1016 0 1 22353 22 0 1000 7000 0 1 1 0 1000 50 35000
0 1017 0 1 22376 23 0 1000 7000 0 1 1 0 1000 50 35000
0 1023 0 1 22398 22 0 1000 7000 0 1 1 0 1000 50 35000
0 1015 0 1 22421 23 0 1000 7000 0 1 1 0 1000 50 35000
0 1018 0 1 22445 24 0 1000 7000 0 1 1 0 1000 50 35000
0 1017 0 1 22467 22 0 1000 7000 0 1 1 0 1000 50 35000
0 1009 0 1 22490 23 0 1000 7000 0 1 1 0 1000 50 35000
0 1018 0 1 22512 22 0 1000 7000 0 1 1 0 1000 50 35000
0 1017 0 1 22535 23 0 1000 7000 0 1 1 0 1000 50 35000
0 1010 0 1 22557 22 0 1000 7000 0 1 1 0 1000 50 35000
0 1018 0 1 22580 23 0 1000 7000 0 1 1 0 1000 50 35000
0 1016 0 1 22602 22 0 1000 7000 0 1 1 0 1000 50 35000
0 1017 0 1 22625 23 0 1000 7000 0 1 1 0 1000 50 35000
0 1020 0 1 22647 22 0 1000 7000 0 1 1 0 1000 50 35000
0 1016 0 1 22670 23 0 1000 7000 0 1 1 0 1000 50 35000
0 1017 0 1 22692 22 0 1000 7000 0 1 1 0 1000 50 35000
0 1022 0 1 22715 23 0 1000 7000 0 1 1 0 1000 50 35000
0 1015 0 1 22737 22 0 1000 7000 0 1 1 0 1000 50 35000
0 1017 0 1 22760 23 0 1000 7000 0 1 1 0 1000 50 35000
0 1014 0 1 22782 22 0 1000 7000 0 1 1 0 1000 50 35000
0 1016 0 1 22805 23 0 1000 7000 0 1 1 0 1000 50 35000
0 1019 0 1 22828 23 0 1000 7000 0 1 1 0 1000 50 35000
0 1017 0 1 22850 22 0 1000 7000 0 1 1 0 1000 50 35000
0 1017 0 1 22874 24 0 1000 7000 0 1 1 0 1000 50 35000
0 1018 0 1 22896 22 0 1000 7000 0 1 1 0 1000 50 35000
0 1016 0 1 22919 23 0 1000 7000 0 1 1 0 1000 50 35000
0 1015 0 1 22941 22 0 1000 7000 0 1 1 0 1000 50 35000
0 1018 0 1 22964 23 0 1000 7000 0 1 1 0 1000 50 35000
0 1015 0 1 22986 22 0 1000 7000 0 1 1 0 1000 50 35000
0 1016 0 1 23009 23 0 1000 7000 0 1 1 0 1000 50 35000
0 1015 0 1 23031 22 0 1000 7000 0 1 1 0 1000 50 35000
0 1019 0 1 23054 23 0 1000 7000 0 1 1 0 1000 50 35000
0 1017 0 1 23076 22 0 1000 7000 0 1 1 0 1000 50 35000
0 1020 0 1 23099 23 0 1000 7000 0 1 1 0 1000 50 35000
0 1016 0 1 23121 22 0 1000 7000 0 1 1 0 1000 50 35000
0 1020 0 1 23144 23 0 1000 7000 0 1 1 0 1000 50 35000
0 1016 0 1 23166 22 0 1000 7000 0 1 1 0 1000 50 35000
0 1013 0 1 23189 23 0 1000 7000 0 1 1 0 1000 50 35000
0 1016 0 1 23212 23 0 1000 7000 0 1 1 0 1000 50 35000
0 1016 0 1 23234 22 0 1000 7000 0 1 1 0 1000 50 35000
0 1012 0 1 23257 23 0 1000 7000 0 1 1 0 1000 50 35000
0 1019 0 1 23280 23 0 1000 7000 0 1 1 0 1000 50 35000
0 1016 0 1 23303 23 0 1000 7000 0 1 1 0 1000 50 35000
0 1011 0 1 23325 22 0 1000 7000 0 1 1 0 1000 50 35000
0 1023 0 1 23348 23 0 1000 7000 0 1 1 0 1000 50 35000
0 1017 0 1 23370 22 0 1000 7000 0 1 1 0 1000 50 35000
0 1017 0 1 23393 23 0 1000 7000 0 1 1 0 1000 50 35000
0 1022 0 1 23415 22 0 1000 7000 0 1 1 0 1000 50 35000
0 1015 0 1 23438 23 0 1000 7000 0 1 1 0 1000 50 35000
0 1017 0 1 23460 22 0 1000 7000 0 1 1 0 1000 50 35000
0 1021 0 1 23483 23 0 1000 7000 0 1 1 0 1000 50 35000
0 1014 0 1 23505 22 0 1000 7000 0 1 1 0 1000 50 35000
0 1018 0 1 23528 23 0 1000 7000 0 1 1 0 1000 50 35000
0 1017 0 1 23550 22 0 1000 7000 0 1 1 0 1000 50 35000
0 1012 0 1 23573 23 0 1000 7000 0 1 1 0 1000 50 35000
0 1018 0 1 23596 23 0 1000 7000 0 1 1 0 1000 50 35000
0 1015 0 1 23618 22 0 1000 7000 0 1 1 0 1000 50 35000
0 1015 0 1 23641 23 0 1000 7000 0 1 1 0 1000 50 35000
0 1019 0 1 23663 22 0 1000 7000 0 1 1 0 1000 50 35000
0 1018 0 1 23686 23 0 1000 7000 0 1 1 0 1000 50 35000
0 1017 0 1 23709 23 0 1000 7000 0 1 1 0 1000 50 35000
0 1021 0 1 23732 23 0 1000 7000 0 1 1 0 1000 50 35000
0 1015 0 1 23754 22 0 1000 7000 0 1 1 0 1000 50 35000
0 1018 0 1 23777 23 0 1000 7000 0 1 1 0 1000 50 35000
0 1019 0 1 23799 22 0 1000 7000 0 1 1 0 1000 50 35000
0 1015 0 1 23822 23 0 1000 7000 0 1 1 0 1000 50 35000
0 1018 0 1 23844 22 0 1000 7000 0 1 1 0 1000 50 35000
0 1007 0 1 23867 23 0 1000 7000 0 1 1 0 1000 50 35000
0 1013 0 1 23889 22 0 1000 7000 0 1 1 0 1000 50 35000
0 1018 0 1 23912 23 0 1000 7000 0 1 1 0 1000 50 35000
0 1016 0 1 23934 22 0 1000 7000 0 1 1 0 1000 50 35000
0 1014 0 1 23957 23 0 1000 7000 0 1 1 0 1000 50 35000
0 1017 0 1 23980 23 0 1000 7000 0 1 1 0 1000 50 35000
0 1015 0 1 24002 22 0 1000 7000 0 1 1 0 1000 50 35000
0 1016 0 1 24025 23 0 1000 7000 0 1 1 0 1000 50 35000
0 1020 0 1 24047 22 0 1000 7000 0 1 1 0 1000 50 35000
0 1015 0 1 24070 23 0 1000 7000 0 1 1 0 1000 50 35000
0 1019 0 1 24092 22 0 1000 7000 0 1 1 0 1000 50 35000
0 1022 0 1 24116 24 0 1000 7000 0 1 1 0 1000 50 35000
0 1016 0 1 24138 22 0 1000 7000 0 1 1 0 1000 50 35000
0 1017 0 1 24161 23 0 1000 7000 0 1 1 0 1000 50 35000
0 1019 0 1 24183 22 0 1000 7000 0 1 1 0 1000 50 35000
0 1010 0 1 24206 23 0 1000 7000 0 1 1 0 1000 50 35000
0 1016 0 1 24228 22 0 1000 7000 0 1 1 0 1000 50 35000
0 1016 0 1 24251 23 0 1000 7000 0 1 1 0 1000 50 35000
0 1008 0 1 24273 22 0 1000 7000 0 1 1 0 1000 50 35000
0 1017 0 1 24296 23 0 1000 7000 0 1 1 0 1000 50 35000
0 1016 0 1 24318 22 0 1000 7000 0 1 1 0 1000 50 35000
0 1016 0 1 24341 23 0 1000 7000 0 1 1 0 1000 50 35000
0 1020 0 1 24364 23 0 1000 7000 0 1 1 0 1000 50 35000
0 1016 0 1 24386 22 0 1000 7000 0 1 1 0 1000 50 35000
0 1015 0 1 24409 23 0 1000 7000 0 1 1 0 1000 50 35000
0 1023 0 1 24431 22 0 1000 7000 0 1 1 0 1000 50 35000
0 1016 0 1 24454 23 0 1000 7000 0 1 1 0 1000 50 35000
0 1017 0 1 24476 22 0 1000 7000 0 1 1 0 1000 50 35000
0 1018 0 1 24499 23 0 1000 7000 0 1 1 0 1000 50 35000
0 1015 0 1 24521 22 0 1000 7000 0 1 1 0 1000 50 35000
0 1018 0 1 24545 24 0 1000 7000 0 1 1 0 1000 50 35000
0 1012 0 1 24567 22 0 1000 7000 0 1 1 0 1000 50 35000
0 1013 0 1 24590 23 0 1000 7000 0 1 1 0 1000 50 35000
0 1018 0 1 24612 22 0 1000 7000 0 1 1 0 1000 50 35000
0 1016 0 1 24635 23 0 1000 7000 0 1 1 0 1000 50 35000
0 1017 0 1 24657 22 0 1000 7000 0 1 1 0 1000 50 35000
0 1022 0 1 24680 23 0 1000 7000 0 1 1 0 1000 50 35000
0 1014 0 1 24702 22 0 1000 7000 0 1 1 0 1000 50 35000
0 1018 0 1 24725 23 0 1000 7000 0 1 1 0 1000 50 35000
0 1020 0 1 24748 23 0 1000 7000 0 1 1 0 1000 50 35000
0 1015 0 1 24770 22 0 1000 7000 0 1 1 0 1000 50 35000
0 1017 0 1 24793 23 0 1000 7000 0 1 1 0 1000 50 35000
0 1020 0 1 24815 22 0 1000 7000 0 1 1 0 1000 50 35000
0 1016 0 1 24838 23 0 1000 7000 0 1 1 0 1000 50 35000
0 1018 0 1 24860 22 0 1000 7000 0 1 1 0 1000 50 35000
0 1017 0 1 24883 23 0 1000 7000 0 1 1 0 1000 50 35000
0 1013 0 1 24905 22 0 1000 7000 0 1 1 0 1000 50 35000
0 1019 0 1 24928 23 0 1000 7000 0 1 1 0 1000 50 35000
0 1016 0 1 24951 23 0 1000 7000 0 1 1 0 1000 50 35000
0 1011 0 1 24974 23 0 1000 7000 0 1 1 0 1000 50 35000
0 1018 0 1 24996 22 0 1000 7000 0 1 1 0 1000 50 35000
0 1016 0 1 25019 23 0 1000 7000 0 1 1 0 1000 50 35000
0 1015 0 1 25041 22 0 1000 7000 0 1 1 0 1000 50 35000
0 1015 0 1 25064 23 0 1000 7000 0 1 1 0 1000 50 35000
0 1016 0 1 25086 22 0 1000 7000 0 1 1 0 1000 50 35000
0 1018 0 1 25109 23 0 1000 7000 0 1 1 0 1000 50 35000
0 1022 0 1 25132 23 0 1000 7000 0 1 1 0 1000 50 35000
0 1015 0 1 25154 22 0 1000 7000 0 1 1 0 1000 50 35000
0 1017 0 1 25177 23 0 1000 7000 0 1 1 0 1000 50 35000
0 1017 0 1 25199 22 0 1000 7000 0 1 1 0 1000 50 35000
0 1005 0 1 25222 23 0 1000 7000 0 1 1 0 1000 50 35000
0 1017 0 1 25244 22 0 1000 7000 0 1 1 0 1000 50 35000
0 1016 0 1 25267 23 0 1000 7000 0 1 1 0 1000 50 35000
0 1011 0 1 25289 22 0 1000 7000 0 1 1 0 1000 50 35000
0 1018 0 1 25312 23 0 1000 7000 0 1 1 0 1000 50 35000
0 1017 0 1 25334 22 0 1000 7000 0 1 1 0 1000 50 35000
0 1016 0 1 25358 24 0 1000 7000 0 1 1 0 1000 50 35000
0 1020 0 1 25380 22 0 1000 7000 0 1 1 0 1000 50 35000
0 1016 0 1 25403 23 0 1000 7000 0 1 1 0 1000 50 35000
0 1023 0 1 25425 22 0 1000 7000 0 1 1 0 1000 50 35000
0 1022 0 1 25448 23 0 1000 7000 0 1 1 0 1000 50 35000
0 1015 0 1 25470 22 0 1000 7000 0 1 1 0 1000 50 35000
0 1018 0 1 25493 23 0 1000 7000 0 1 1 0 1000 50 35000
0 1017 0 1 25516 23 0 1000 7000 0 1 1 0 1000 50 35000
0 1015 0 1 25538 22 0 1000 7000 0 1 1 0 1000 50 35000
0 1018 0 1 25561 23 0 1000 7000 0 1 1 0 1000 50 35000
0 1017 0 1 25583 22 0 1000 7000 0 1 1 0 1000 50 35000
0 1014 0 1 25606 23 0 1000 7000 0 1 1 0 1000 50 35000
0 1019 0 1 25628 22 0 1000 7000 0 1 1 0 1000 50 35000
0 1016 0 1 25651 23 0 1000 7000 0 1 1 0 1000 50 35000
0 1014 0 1 25673 22 0 1000 7000 0 1 1 0 1000 50 35000
0 1015 0 1 25696 23 0 1000 7000 0 1 1 0 1000 50 35000
0 1015 0 1 25718 22 0 1000 7000 0 1 1 0 1000 50 35000
0 1017 0 1 25741 23 0 1000 7000 0 1 1 0 1000 50 35000
0 1020 0 1 25763 22 0 1000 7000 0 1 1 0 1000 50 35000
0 1013 0 1 25787 24 0 1000 7000 0 1 1 0 1000 50 35000
0 1017 0 1 25809 22 0 1000 7000 0 1 1 0 1000 50 35000
0 1017 0 1 25832 23 0 1000 7000 0 1 1 0 1000 50 35000
0 1016 0 1 25854 22 0 1000 7000 0 1 1 0 1000 50 35000
0 1018 0 1 25877 23 0 1000 7000 0 1 1 0 1000 50 35000
0 1016 0 1 25900 23 0 1000 7000 0 1 1 0 1000 50 35000
0 1012 0 1 25922 22 0 1000 7000 0 1 1 0 1000 50 35000
0 1017 0 1 25945 23 0 1000 7000 0 1 1 0 1000 50 35000
0 1016 0 1 25967 22 0 1000 7000 0 1 1 0 1000 50 35000
0 1011 0 1 25990 23 0 1000 7000 0 1 1 0 1000 50 35000
0 1018 0 1 26012 22 0 1000 7000 0 1 1 0 1000 50 35000
0 1016 0 1 26035 23 0 1000 7000 0 1 1 0 1000 50 35000
0 1017 0 1 26057 22 0 1000 7000 0 1 1 0 1000 50 35000
0 1023 0 1 26080 23 0 1000 7000 0 1 1 0 1000 50 35000
0 1015 0 1 26102 22 0 1000 7000 0 1 1 0 1000 50 35000
0 1017 0 1 26125 23 0 1000 7000 0 1 1 0 1000 50 35000
0 1022 0 1 26147 22 0 1000 7000 0 1 1 0 1000 50 35000
0 1016 0 1 26170 23 0 1000 7000 0 1 1 0 1000 50 35000
0 1018 0 1 26192 22 0 1000 7000 0 1 1 0 1000 50 35000
0 1017 0 1 26216 24 0 1000 7000 0 1 1 0 1000 50 35000
0 1014 0 1 26238 22 0 1000 7000 0 1 1 0 1000 50 35000
0 1017 0 1 26261 23 0 1000 7000 0 1 1 0 1000 50 35000
0 1016 0 1 26284 23 0 1000 7000 0 1 1 0 1000 50 35000
0 1012 0 1 26306 22 0 1000 7000 0 1 1 0 1000 50 35000
0 1018 0 1 26329 23 0 1000 7000 0 1 1 0 1000 50 35000
0 1016 0 1 26351 22 0 1000 7000 0 1 1 0 1000 50 35000
0 1015 0 1 26374 23 0 1000 7000 0 1 1 0 1000 50 35000
0 1018 0 1 26396 22 0 1000 7000 0 1 1 0 1000 50 35000
0 1015 0 1 26419 23 0 1000 7000 0 1 1 0 1000 50 35000
0 1016 0 1 26441 22 0 1000 7000 0 1 1 0 1000 50 35000
0 1019 0 1 26464 23 0 1000 7000 0 1 1 0 1000 50 35000
0 1015 0 1 26486 22 0 1000 7000 0 1 1 0 1000 50 35000
0 1017 0 1 26509 23 0 1000 7000 0 1 1 0 1000 50 35000
0 1020 0 1 26531 22 0 1000 7000 0 1 1 0 1000 50 35000
0 1014 0 1 26554 23 0 1000 7000 0 1 1 0 1000 50 35000
0 1018 0 1 26576 22 0 1000 7000 0 1 1 0 1000 50 35000
0 1016 0 1 26599 23 0 1000 7000 0 1 1 0 1000 50 35000
0 1017 0 1 26621 22 0 1000 7000 0 1 1 0 1000 50 35000
0 1020 0 1 26645 24 0 1000 7000 0 1 1 0 1000 50 35000
0 1017 0 1 26668 23 0 1000 7000 0 1 1 0 1000 50 35000
0 1013 0 1 26690 22 0 1000 7000 0 1 1 0 1000 50 35000
0 1017 0 1 26713 23 0 1000 7000 0 1 1 0 1000 50 35000
0 1016 0 1 26735 22 0 1000 7000 0 1 1 0 1000 50 35000
0 1016 0 1 26758 23 0 1000 7000 0 1 1 0 1000 50 35000
0 1022 0 1 26780 22 0 1000 7000 0 1 1 0 1000 50 35000
0 1012 0 1 26803 23 0 1000 7000 0 1 1 0 1000 50 35000
0 1017 0 1 26825 22 0 1000 7000 0 1 1 0 1000 50 35000
0 1019 0 1 26848 23 0 1000 7000 0 1 1 0 1000 50 35000
0 1015 0 1 26870 22 0 1000 7000 0 1 1 0 1000 50 35000
0 1018 0 1 26893 23 0 1000 7000 0 1 1 0 1000 50 35000
0 1021 0 1 26915 22 0 1000 7000 0 1 1 0 1000 50 35000
0 1009 0 1 26938 23 0 1000 7000 0 1 1 0 1000 50 35000
0 1018 0 1 26960 22 0 1000 7000 0 1 1 0 1000 50 35000
0 1016 0 1 26983 23 0 1000 7000 0 1 1 0 1000 50 35000
0 1012 0 1 27005 22 0 1000 7000 0 1 1 0 1000 50 35000
0 1018 0 1 27028 23 0 1000 7000 0 1 1 0 1000 50 35000
0 1014 0 1 27051 23 0 1000 7000 0 1 1 0 1000 50 35000
0 1017 0 1 27074 23 0 1000 7000 0 1 1 0 1000 50 35000
0 1019 0 1 27097 23 0 1000 7000 0 1 1 0 1000 50 35000
0 1015 0 1 27119 22 0 1000 7000 0 1 1 0 1000 50 35000
0 1017 0 1 27142 23 0 1000 7000 0 1 1 0 1000 50 35000
0 1020 0 1 27164 22 0 1000 7000 0 1 1 0 1000 50 35000
0 1016 0 1 27187 23 0 1000 7000 0 1 1 0 1000 50 35000
0 1014 0 1 27209 22 0 1000 7000 0 1 1 0 1000 50 35000
0 1018 0 1 27232 23 0 1000 7000 0 1 1 0 1000 50 35000
0 1016 0 1 27254 22 0 1000 7000 0 1 1 0 1000 50 35000
0 1018 0 1 27277 23 0 1000 7000 0 1 1 0 1000 50 35000
0 1023 0 1 27299 22 0 1000 7000 0 1 1 0 1000 50 35000
0 1013 0 1 27322 23 0 1000 7000 0 1 1 0 1000 50 35000
0 1018 0 1 27344 22 0 1000 7000 0 1 1 0 1000 50 35000
0 1016 0 1 27367 23 0 1000 7000 0 1 1 0 1000 50 35000
0 1010 0 1 27389 22 0 1000 7000 0 1 1 0 1000 50 35000
0 1018 0 1 27412 23 0 1000 7000 0 1 1 0 1000 50 35000
0 1015 0 1 27435 23 0 1000 7000 0 1 1 0 1000 50 35000
0 1007 0 1 27457 22 0 1000 7000 0 1 1 0 1000 50 35000
0 1020 0 1 27480 23 0 1000 7000 0 1 1 0 1000 50 35000
0 1016 0 1 27503 23 0 1000 7000 0 1 1 0 1000 50 35000
0 1017 0 1 27526 23 0 1000 7000 0 1 1 0 1000 50 35000
0 1019 0 1 27548 22 0 1000 7000 0 1 1 0 1000 50 35000
0 1016 0 1 27571 23 0 1000 7000 0 1 1 0 1000 50 35000
0 1018 0 1 27593 22 0 1000 7000 0 1 1 0 1000 50 35000
0 1015 0 1 27616 23 0 1000 7000 0 1 1 0 1000 50 35000
0 1012 0 1 27638 22 0 1000 7000 0 1 1 0 1000 50 35000
0 1017 0 1 27661 23 0 1000 7000 0 1 1 0 1000 50 35000
0 1016 0 1 27683 22 0 1000 7000 0 1 1 0 1000 50 35000
0 1012 0 1 27706 23 0 1000 7000 0 1 1 0 1000 50 35000
0 1017 0 1 27728 22 0 1000 7000 0 1 1 0 1000 50 35000
0 1016 0 1 27751 23 0 1000 7000 0 1 1 0 1000 50 35000
0 1016 0 1 27773 22 0 1000 7000 0 1 1 0 1000 50 35000
0 1023 0 1 27796 23 0 1000 7000 0 1 1 0 1000 50 35000
0 1014 0 1 27819 23 0 1000 7000 0 1 1 0 1000 50 35000
0 1016 0 1 27841 22 0 1000 7000 0 1 1 0 1000 50 35000
0 1021 0 1 27864 23 0 1000 7000 0 1 1 0 1000 50 35000
0 1016 0 1 27886 22 0 1000 7000 0 1 1 0 1000 50 35000
0 1018 0 1 27910 24 0 1000 7000 0 1 1 0 1000 50 35000
0 1017 0 1 27932 22 0 1000 7000 0 1 1 0 1000 50 35000
0 1013 0 1 27955 23 0 1000 7000 0 1 1 0 1000 50 35000
0 1018 0 1 27977 22 0 1000 7000 0 1 1 0 1000 50 35000
0 1016 0 1 28000 23 0 1000 7000 0 1 1 0 1000 50 35000
0 1010 0 1 28022 22 0 1000 7000 0 1 1 0 1000 50 35000
0 1017 0 1 28045 23 0 1000 7000 0 1 1 0 1000 50 35000
0 1015 0 1 28067 22 0 1000 7000 0 1 1 0 1000 50 35000
0 1015 0 1 28090 23 0 1000 7000 0 1 1 0 1000 50 35000
0 1018 0 1 28112 22 0 1000 7000 0 1 1 0 1000 50 35000
0 1015 0 1 28135 23 0 1000 7000 0 1 1 0 1000 50 35000
0 1023 0 1 28157 22 0 1000 7000 0 1 1 0 1000 50 35000
0 1020 0 1 28180 23 0 1000 7000 0 1 1 0 1000 50 35000
0 1015 0 1 28203 23 0 1000 7000 0 1 1 0 1000 50 35000
0 1017 0 1 28225 22 0 1000 7000 0 1 1 0 1000 50 35000
0 1019 0 1 28248 23 0 1000 7000 0 1 1 0 1000 50 35000
0 1015 0 1 28270 22 0 1000 7000 0 1 1 0 1000 50 35000
0 1018 0 1 28293 23 0 1000 7000 0 1 1 0 1000 50 35000
0 1018 0 1 28315 22 0 1000 7000 0 1 1 0 1000 50 35000
0 1013 0 1 28339 24 0 1000 7000 0 1 1 0 1000 50 35000
0 1018 0 1 28361 22 0 1000 7000 0 1 1 0 1000 50 35000
0 1016 0 1 28384 23 0 1000 7000 0 1 1 0 1000 50 35000
0 1017 0 1 28406 22 0 1000 7000 0 1 1 0 1000 50 35000
0 1017 0 1 28429 23 0 1000 7000 0 1 1 0 1000 50 35000
0 1015 0 1 28451 22 0 1000 7000 0 1 1 0 1000 50 35000
0 1016 0 1 28474 23 0 1000 7000 0 1 1 0 1000 50 35000
0 1020 0 1 28496 22 0 1000 7000 0 1 1 0 1000 50 35000
0 1015 0 1 28519 23 0 1000 7000 0 1 1 0 1000 50 35000
0 1019 0 1 28541 22 0 1000 7000 0 1 1 0 1000 50 35000
0 1021 0 1 28564 23 0 1000 7000 0 1 1 0 1000 50 35000
0 1015 0 1 28587 23 0 1000 7000 0 1 1 0 1000 50 35000
0 1018 0 1 28609 22 0 1000 7000 0 1 1 0 1000 50 35000
0 1017 0 1 28632 23 0 1000 7000 0 1 1 0 1000 50 35000
0 1010 0 1 28654 22 0 1000 7000 0 1 1 0 1000 50 35000
0 1017 0 1 28677 23 0 1000 7000 0 1 1 0 1000 50 35000
0 1016 0 1 28699 22 0 1000 7000 0 1 1 0 1000 50 35000
0 1014 0 1 28722 23 0 1000 7000 0 1 1 0 1000 50 35000
0 1019 0 1 28745 23 0 1000 7000 0 1 1 0 1000 50 35000
0 1013 0 1 28768 23 0 1000 7000 0 1 1 0 1000 50 35000
0 1016 0 1 28790 22 0 1000 7000 0 1 1 0 1000 50 35000
0 1023 0 1 28813 23 0 1000 7000 0 1 1 0 1000 50 35000
0 1016 0 1 28835 22 0 1000 7000 0 1 1 0 1000 50 35000
0 1016 0 1 28858 23 0 1000 7000 0 1 1 0 1000 50 35000
0 1016 0 1 28880 22 0 1000 7000 0 1 1 0 1000 50 35000
0 1015 0 1 28903 23 0 1000 7000 0 1 1 0 1000 50 35000
0 1017 0 1 28925 22 0 1000 7000 0 1 1 0 1000 50 35000
0 1018 0 1 28948 23 0 1000 7000 0 1 1 0 1000 50 35000
0 1016 0 1 28971 23 0 1000 7000 0 1 1 0 1000 50 35000
0 1020 0 1 28993 22 0 1000 7000 0 1 1 0 1000 50 35000
0 1017 0 1 29016 23 0 1000 7000 0 1 1 0 1000 50 35000
0 1012 0 1 29038 22 0 1000 7000 0 1 1 0 1000 50 35000
0 1018 0 1 29061 23 0 1000 7000 0 1 1 0 1000 50 35000
0 1016 0 1 29083 22 0 1000 7000 0 1 1 0 1000 50 35000
0 1017 0 1 29106 23 0 1000 7000 0 1 1 0 1000 50 35000
0 1017 0 1 29128 22 0 1000 7000 0 1 1 0 1000 50 35000
0 1016 0 1 29151 23 0 1000 7000 0 1 1 0 1000 50 35000
0 1017 0 1 29173 22 0 1000 7000 0 1 1 0 1000 50 35000
0 1019 0 1 29197 24 0 1000 7000 0 1 1 0 1000 50 35000
0 1015 0 1 29219 22 0 1000 7000 0 1 1 0 1000 50 35000
0 1017 0 1 29242 23 0 1000 7000 0 1 1 0 1000 50 35000
0 1020 0 1 29264 22 0 1000 7000 0 1 1 0 1000 50 35000
0 1015 0 1 29287 23 0 1000 7000 0 1 1 0 1000 50 35000
0 1018 0 1 29309 22 0 1000 7000 0 1 1 0 1000 50 35000
0 1023 0 1 29332 23 0 1000 7000 0 1 1 0 1000 50 35000
0 1013 0 1 29355 23 0 1000 7000 0 1 1 0 1000 50 35000
0 1018 0 1 29377 22 0 1000 7000 0 1 1 0 1000 50 35000
0 1016 0 1 29400 23 0 1000 7000 0 1 1 0 1000 50 35000
0 1013 0 1 29422 22 0 1000 7000 0 1 1 0 1000 50 35000
0 1017 0 1 29445 23 0 1000 7000 0 1 1 0 1000 50 35000
0 1015 0 1 29467 22 0 1000 7000 0 1 1 0 1000 50 35000
0 1015 0 1 29490 23 0 1000 7000 0 1 1 0 1000 50 35000
0 1022 0 1 29512 22 0 1000 7000 0 1 1 0 1000 50 35000
0 1015 0 1 29535 23 0 1000 7000 0 1 1 0 1000 50 35000
0 1017 0 1 29557 22 0 1000 7000 0 1 1 0 1000 50 35000
0 1023 0 1 29580 23 0 1000 7000 0 1 1 0 1000 50 35000
0 1016 0 1 29603 23 0 1000 7000 0 1 1 0 1000 50 35000
0 1019 0 1 29626 23 0 1000 7000 0 1 1 0 1000 50 35000
0 1016 0 1 29648 22 0 1000 7000 0 1 1 0 1000 50 35000
0 1008 0 1 29671 23 0 1000 7000 0 1 1 0 1000 50 35000
0 1017 0 1 29693 22 0 1000 7000 0 1 1 0 1000 50 35000
0 1015 0 1 29716 23 0 1000 7000 0 1 1 0 1000 50 35000
0 1011 0 1 29739 23 0 1000 7000 0 1 1 0 1000 50 35000
0 1017 0 1 29761 22 0 1000 7000 0 1 1 0 1000 50 35000
0 1016 0 1 29784 23 0 1000 7000 0 1 1 0 1000 50 35000
0 1017 0 1 29806 22 0 1000 7000 0 1 1 0 1000 50 35000
0 1020 0 1 29829 23 0 1000 7000 0 1 1 0 1000 50 35000
0 1015 0 1 29851 22 0 1000 7000 0 1 1 0 1000 50 35000
0 1017 0 1 29874 23 0 1000 7000 0 1 1 0 1000 50 35000
0 1021 0 1 29896 22 0 1000 7000 0 1 1 0 1000 50 35000
0 1015 0 1 29919 23 0 1000 7000 0 1 1 0 1000 50 35000
0 1016 0 1 29941 22 0 1000 7000 0 1 1 0 1000 50 35000
0 1018 0 1 29964 23 0 1000 7000 0 1 1 0 1000 50 35000
0 1016 0 1 29986 22 0 1000 7000 0 1 1 0 1000 50 35000
0 1018 0 1 30010 24 0 1000 7000 0 1 1 0 1000 50 35000
0 1016 0 1 30032 22 0 1000 7000 0 1 1 0 1000 50 35000
0 1013 0 1 30055 23 0 1000 7000 0 1 1 0 1000 50 35000
0 1017 0 1 30077 22 0 1000 7000 0 1 1 0 1000 50 35000
0 1016 0 1 30100 23 0 1000 7000 0 1 1 0 1000 50 35000
0 1014 0 1 30123 23 0 1000 7000 0 1 1 0 1000 50 35000
0 1018 0 1 30145 22 0 1000 7000 0 1 1 0 1000 50 35000
0 1017 0 1 30168 23 0 1000 7000 0 1 1 0 1000 50 35000
0 1016 0 1 30190 22 0 1000 7000 0 1 1 0 1000 50 35000
0 1019 0 1 30213 23 0 1000 7000 0 1 1 0 1000 50 35000
0 1015 0 1 30235 22 0 1000 7000 0 1 1 0 1000 50 35000
0 1017 0 1 30258 23 0 1000 7000 0 1 1 0 1000 50 35000
0 1020 0 1 30280 22 0 1000 7000 0 1 1 0 1000 50 35000
0 1017 0 1 30303 23 0 1000 7000 0 1 1 0 1000 50 35000
0 1018 0 1 30325 22 0 1000 7000 0 1 1 0 1000 50 35000
0 1023 0 1 30348 23 0 1000 7000 0 1 1 0 1000 50 35000
0 1013 0 1 30370 22 0 1000 7000 0 1 1 0 1000 50 35000
0 1018 0 1 30393 23 0 1000 7000 0 1 1 0 1000 50 35000
0 1017 0 1 30416 23 0 1000 7000 0 1 1 0 1000 50 35000
0 1009 0 1 30439 23 0 1000 7000 0 1 1 0 1000 50 35000
0 1017 0 1 30461 22 0 1000 7000 0 1 1 0 1000 50 35000
0 1014 0 1 30484 23 0 1000 7000 0 1 1 0 1000 50 35000
0 1017 0 1 30507 23 0 1000 7000 0 1 1 0 1000 50 35000
0 1019 0 1 30529 22 0 1000 7000 0 1 1 0 1000 50 35000
0 1014 0 1 30552 23 0 1000 7000 0 1 1 0 1000 50 35000
0 1017 0 1 30574 22 0 1000 7000 0 1 1 0 1000 50 35000
0 1022 0 1 30597 23 0 1000 7000 0 1 1 0 1000 50 35000
0 1017 0 1 30619 22 0 1000 7000 0 1 1 0 1000 50 35000
0 1017 0 1 30642 23 0 1000 7000 0 1 1 0 1000 50 35000
0 1017 0 1 30664 22 0 1000 7000 0 1 1 0 1000 50 35000
0 1013 0 1 30687 23 0 1000 7000 0 1 1 0 1000 50 35000
0 1017 0 1 30709 22 0 1000 7000 0 1 1 0 1000 50 35000
0 1016 0 1 30732 23 0 1000 7000 0 1 1 0 1000 50 35000
0 1012 0 1 30754 22 0 1000 7000 0 1 1 0 1000 50 35000
0 1017 0 1 30777 23 0 1000 7000 0 1 1 0 1000 50 35000
0 1017 0 1 30799 22 0 1000 7000 0 1 1 0 1000 50 35000
0 1018 0 1 30823 24 0 1000 7000 0 1 1 0 1000 50 35000
0 1019 0 1 30845 22 0 1000 7000 0 1 1 0 1000 50 35000
0 1015 0 1 30868 23 0 1000 7000 0 1 1 0 1000 50 35000
0 1017 0 1 30891 23 0 1000 7000 0 1 1 0 1000 50 35000
0 1016 0 1 30913 22 0 1000 7000 0 1 1 0 1000 50 35000
0 1013 0 1 30936 23 0 1000 7000 0 1 1 0 1000 50 35000
0 1017 0 1 30958 22 0 1000 7000 0 1 1 0 1000 50 35000
0 1016 0 1 30981 23 0 1000 7000 0 1 1 0 1000 50 35000
0 1015 0 1 31003 22 0 1000 7000 0 1 1 0 1000 50 35000
0 1023 0 1 31026 23 0 1000 7000 0 1 1 0 1000 50 35000
0 1016 0 1 31048 22 0 1000 7000 0 1 1 0 1000 50 35000
0 1014 0 1 31071 23 0 1000 7000 0 1 1 0 1000 50 35000
0 1018 0 1 31093 22 0 1000 7000 0 1 1 0 1000 50 35000
0 1016 0 1 31116 23 0 1000 7000 0 1 1 0 1000 50 35000
0 1013 0 1 31138 22 0 1000 7000 0 1 1 0 1000 50 35000
0 1018 0 1 31161 23 0 1000 7000 0 1 1 0 1000 50 35000
0 1015 0 1 31183 22 0 1000 7000 0 1 1 0 1000 50 35000
0 1017 0 1 31206 23 0 1000 7000 0 1 1 0 1000 50 35000
0 1019 0 1 31229 23 0 1000 7000 0 1 1 0 1000 50 35000
0 1015 0 1 31252 23 0 1000 7000 0 1 1 0 1000 50 35000
0 1016 0 1 31275 23 0 1000 7000 0 1 1 0 1000 50 35000
0 1019 0 1 31297 22 0 1000 7000 0 1 1 0 1000 50 35000
0 1016 0 1 31320 23 0 1000 7000 0 1 1 0 1000 50 35000
0 1018 0 1 31342 22 0 1000 7000 0 1 1 0 1000 50 35000
0 1017 0 1 31365 23 0 1000 7000 0 1 1 0 1000 50 35000
0 1012 0 1 31387 22 0 1000 7000 0 1 1 0 1000 50 35000
0 1017 0 1 31410 23 0 1000 7000 0 1 1 0 1000 50 35000
0 1015 0 1 31432 22 0 1000 7000 0 1 1 0 1000 50 35000
0 1011 0 1 31455 23 0 1000 7000 0 1 1 0 1000 50 35000
0 1018 0 1 31477 22 0 1000 7000 0 1 1 0 1000 50 35000
0 1015 0 1 31500 23 0 1000 7000 0 1 1 0 1000 50 35000
0 1016 0 1 31522 22 0 1000 7000 0 1 1 0 1000 50 35000
0 1023 0 1 31545 23 0 1000 7000 0 1 1 0 1000 50 35000
0 1016 0 1 31567 22 0 1000 7000 0 1 1 0 1000 50 35000
0 1016 0 1 31590 23 0 1000 7000 0 1 1 0 1000 50 35000
0 1022 0 1 31612 22 0 1000 7000 0 1 1 0 1000 50 35000
0 1016 0 1 31636 24 0 1000 7000 0 1 1 0 1000 50 35000
0 1017 0 1 31659 23 0 1000 7000 0 1 1 0 1000 50 35000
0 1023 0 1 31681 22 0 1000 7000 0 1 1 0 1000 50 35000
0 1012 0 1 31704 23 0 1000 7000 0 1 1 0 1000 50 35000
0 1015 0 1 31726 22 0 1000 7000 0 1 1 0 1000 50 35000
0 1016 0 1 31749 23 0 1000 7000 0 1 1 0 1000 50 35000
0 1011 0 1 31771 22 0 1000 7000 0 1 1 0 1000 50 35000
0 1018 0 1 31794 23 0 1000 7000 0 1 1 0 1000 50 35000
0 1015 0 1 31816 22 0 1000 7000 0 1 1 0 1000 50 35000
0 1015 0 1 31839 23 0 1000 7000 0 1 1 0 1000 50 35000
0 1019 0 1 31861 22 0 1000 7000 0 1 1 0 1000 50 35000
0 1015 0 1 31884 23 0 1000 7000 0 1 1 0 1000 50 35000
0 1017 0 1 31906 22 0 1000 7000 0 1 1 0 1000 50 35000
0 1017 0 1 31929 23 0 1000 7000 0 1 1 0 1000 50 35000
0 1015 0 1 31951 22 0 1000 7000 0 1 1 0 1000 50 35000
0 1017 0 1 31974 23 0 1000 7000 0 1 1 0 1000 50 35000
0 1017 0 1 31996 22 0 1000 7000 0 1 1 0 1000 50 35000
0 1016 0 1 32019 23 0 1000 7000 0 1 1 0 1000 50 35000
0 1019 0 1 32043 24 0 1000 7000 0 1 1 0 1000 50 35000
0 1016 0 1 32065 22 0 1000 7000 0 1 1 0 1000 50 35000
0 1017 0 1 32088 23 0 1000 7000 0 1 1 0 1000 50 35000
0 1018 0 1 32110 22 0 1000 7000 0 1 1 0 1000 50 35000
0 1015 0 1 32133 23 0 1000 7000 0 1 1 0 1000 50 35000
0 1013 0 1 32155 22 0 1000 7000 0 1 1 0 1000 50 35000
0 1016 0 1 32178 23 0 1000 7000 0 1 1 0 1000 50 35000
0 1015 0 1 32200 22 0 1000 7000 0 1 1 0 1000 50 35000
0 1013 0 1 32223 23 0 1000 7000 0 1 1 0 1000 50 35000
0 1020 0 1 32245 22 0 1000 7000 0 1 1 0 1000 50 35000
0 1014 0 1 32268 23 0 1000 7000 0 1 1 0 1000 50 35000
0 1018 0 1 32290 22 0 1000 7000 0 1 1 0 1000 50 35000
0 1023 0 1 32313 23 0 1000 7000 0 1 1 0 1000 50 35000
0 1016 0 1 32335 22 0 1000 7000 0 1 1 0 1000 50 35000
0 1020 0 1 32358 23 0 1000 7000 0 1 1 0 1000 50 35000
0 1017 0 1 32380 22 0 1000 7000 0 1 1 0 1000 50 35000
0 1009 0 1 32403 23 0 1000 7000 0 1 1 0 1000 50 35000
0 1017 0 1 32425 22 0 1000 7000 0 1 1 0 1000 50 35000
0 1015 0 1 32448 23 0 1000 7000 0 1 1 0 1000 50 35000
0 1012 0 1 32471 23 0 1000 7000 0 1 1 0 1000 50 35000
0 1017 0 1 32494 23 0 1000 7000 0 1 1 0 1000 50 35000
0 1015 0 1 32517 23 0 1000 7000 0 1 1 0 1000 50 35000
0 1016 0 1 32539 22 0 1000 7000 0 1 1 0 1000 50 35000
0 1020 0 1 32562 23 0 1000 7000 0 1 1 0 1000 50 35000
0 1014 0 1 32584 22 0 1000 7000 0 1 1 0 1000 50 35000
0 1017 0 1 32607 23 0 1000 7000 0 1 1 0 1000 50 35000
0 1021 0 1 32629 22 0 1000 7000 0 1 1 0 1000 50 35000
0 1014 0 1 32652 23 0 1000 7000 0 1 1 0 1000 50 35000
0 1017 0 1 32674 22 0 1000 7000 0 1 1 0 1000 50 35000
0 1018 0 1 32697 23 0 1000 7000 0 1 1 0 1000 50 35000
0 1014 0 1 32719 22 0 1000 7000 0 1 1 0 1000 50 35000
0 1018 0 1 32742 23 0 1000 7000 0 1 1 0 1000 50 35000
0 1011 0 1 32764 22 0 1000 7000 0 1 1 0 1000 50 35000
0 1014 0 1 32787 23 0 1000 7000 0 1 1 0 1000 50 35000
0 1018 0 1 32809 22 0 1000 7000 0 1 1 0 1000 50 35000
0 1016 0 1 32832 23 0 1000 7000 0 1 1 0 1000 50 35000
0 1017 0 1 32855 23 0 1000 7000 0 1 1 0 1000 50 35000
0 1018 0 1 32877 22 0 1000 7000 0 1 1 0 1000 50 35000
0 1018 0 1 32900 23 0 1000 7000 0 1 1 0 1000 50 35000
0 1017 0 1 32923 23 0 1000 7000 0 1 1 0 1000 50 35000
0 1019 0 1 32946 23 0 1000 7000 0 1 1 0 1000 50 35000
0 1015 0 1 32968 22 0 1000 7000 0 1 1 0 1000 50 35000
0 1017 0 1 32991 23 0 1000 7000 0 1 1 0 1000 50 35000
0 1019 0 1 33013 22 0 1000 7000 0 1 1 0 1000 50 35000
0 1015 0 1 33036 23 0 1000 7000 0 1 1 0 1000 50 35000
0 1017 0 1 33058 22 0 1000 7000 0 1 1 0 1000 50 35000
0 1017 0 1 33081 23 0 1000 7000 0 1 1 0 1000 50 35000
0 1012 0 1 33103 22 0 1000 7000 0 1 1 0 1000 50 35000
0 1016 0 1 33126 23 0 1000 7000 0 1 1 0 1000 50 35000
0 1016 0 1 33148 22 0 1000 7000 0 1 1 0 1000 50 35000
0 1003 0 1 33171 23 0 1000 7000 0 1 1 0 1000 50 35000
0 1017 0 1 33193 22 0 1000 7000 0 1 1 0 1000 50 35000
0 1015 0 1 33216 23 0 1000 7000 0 1 1 0 1000 50 35000
0 1016 0 1 33239 23 0 1000 7000 0 1 1 0 1000 50 35000
0 1023 0 1 33261 22 0 1000 7000 0 1 1 0 1000 50 35000
0 1015 0 1 33284 23 0 1000 7000 0 1 1 0 1000 50 35000
0 1017 0 1 33306 22 0 1000 7000 0 1 1 0 1000 50 35000
0 1018 0 1 33329 23 0 1000 7000 0 1 1 0 1000 50 35000
0 1014 0 1 33352 23 0 1000 7000 0 1 1 0 1000 50 35000
0 1020 0 1 33375 23 0 1000 7000 0 1 1 0 1000 50 35000
0 1014 0 1 33397 22 0 1000 7000 0 1 1 0 1000 50 35000
0 1012 0 1 33420 23 0 1000 7000 0 1 1 0 1000 50 35000
0 1017 0 1 33442 22 0 1000 7000 0 1 1 0 1000 50 35000
0 1016 0 1 33465 23 0 1000 7000 0 1 1 0 1000 50 35000
0 1010 0 1 33487 22 0 1000 7000 0 1 1 0 1000 50 35000
0 1018 0 1 33510 23 0 1000 7000 0 1 1 0 1000 50 35000
0 1016 0 1 33532 22 0 1000 7000 0 1 1 0 1000 50 35000
0 1015 0 1 33555 23 0 1000 7000 0 1 1 0 1000 50 35000
0 1018 0 1 33577 22 0 1000 7000 0 1 1 0 1000 50 35000
0 1015 0 1 33600 23 0 1000 7000 0 1 1 0 1000 50 35000
0 1017 0 1 33623 23 0 1000 7000 0 1 1 0 1000 50 35000
0 1020 0 1 33645 22 0 1000 7000 0 1 1 0 1000 50 35000
0 1014 0 1 33668 23 0 1000 7000 0 1 1 0 1000 50 35000
0 1017 0 1 33690 22 0 1000 7000 0 1 1 0 1000 50 35000
0 1023 0 1 33713 23 0 1000 7000 0 1 1 0 1000 50 35000
0 1015 0 1 33735 22 0 1000 7000 0 1 1 0 1000 50 35000
0 1019 0 1 33759 24 0 1000 7000 0 1 1 0 1000 50 35000
0 1016 0 1 33781 22 0 1000 7000 0 1 1 0 1000 50 35000
0 1013 0 1 33804 23 0 1000 7000 0 1 1 0 1000 50 35000
0 1016 0 1 33826 22 0 1000 7000 0 1 1 0 1000 50 35000
0 1016 0 1 33849 23 0 1000 7000 0 1 1 0 1000 50 35000
0 1013 0 1 33871 22 0 1000 7000 0 1 1 0 1000 50 35000
0 1017 0 1 33894 23 0 1000 7000 0 1 1 0 1000 50 35000
0 1014 0 1 33916 22 0 1000 7000 0 1 1 0 1000 50 35000
0 1016 0 1 33939 23 0 1000 7000 0 1 1 0 1000 50 35000
0 1019 0 1 33961 22 0 1000 7000 0 1 1 0 1000 50 35000
0 1015 0 1 33984 23 0 1000 7000 0 1 1 0 1000 50 35000
0 1015 0 1 34007 23 0 1000 7000 0 1 1 0 1000 50 35000
0 1020 0 1 34029 22 0 1000 7000 0 1 1 0 1000 50 35000
0 1012 0 1 34052 23 0 1000 7000 0 1 1 0 1000 50 35000
0 1017 0 1 34074 22 0 1000 7000 0 1 1 0 1000 50 35000
0 1017 0 1 34097 23 0 1000 7000 0 1 1 0 1000 50 35000
0 1010 0 1 34119 22 0 1000 7000 0 1 1 0 1000 50 35000
0 1018 0 1 34142 23 0 1000 7000 0 1 1 0 1000 50 35000
0 1017 0 1 34165 23 0 1000 7000 0 1 1 0 1000 50 35000
0 1012 0 1 34188 23 0 1000 7000 0 1 1 0 1000 50 35000
0 1019 0 1 34210 22 0 1000 7000 0 1 1 0 1000 50 35000
0 1016 0 1 34233 23 0 1000 7000 0 1 1 0 1000 50 35000
0 1017 0 1 34255 22 0 1000 7000 0 1 1 0 1000 50 35000
0 1023 0 1 34278 23 0 1000 7000 0 1 1 0 1000 50 35000
0 1015 0 1 34300 22 0 1000 7000 0 1 1 0 1000 50 35000
0 1017 0 1 34323 23 0 1000 7000 0 1 1 0 1000 50 35000
0 1021 0 1 34345 22 0 1000 7000 0 1 1 0 1000 50 35000
0 1015 0 1 34368 23 0 1000 7000 0 1 1 0 1000 50 35000
0 1017 0 1 34391 23 0 1000 7000 0 1 1 0 1000 50 35000
0 1017 0 1 34413 22 0 1000 7000 0 1 1 0 1000 50 35000
0 1013 0 1 34436 23 0 1000 7000 0 1 1 0 1000 50 35000
0 1017 0 1 34458 22 0 1000 7000 0 1 1 0 1000 50 35000
0 1016 0 1 34481 23 0 1000 7000 0 1 1 0 1000 50 35000
0 1011 0 1 34503 22 0 1000 7000 0 1 1 0 1000 50 35000
0 1018 0 1 34526 23 0 1000 7000 0 1 1 0 1000 50 35000
0 1016 0 1 34548 22 0 1000 7000 0 1 1 0 1000 50 35000
0 1012 0 1 34572 24 0 1000 7000 0 1 1 0 1000 50 35000
0 1018 0 1 34594 22 0 1000 7000 0 1 1 0 1000 50 35000
0 1016 0 1 34617 23 0 1000 7000 0 1 1 0 1000 50 35000
0 1016 0 1 34639 22 0 1000 7000 0 1 1 0 1000 50 35000
0 1020 0 1 34662 23 0 1000 7000 0 1 1 0 1000 50 35000
0 1015 0 1 34684 22 0 1000 7000 0 1 1 0 1000 50 35000
0 1017 0 1 34707 23 0 1000 7000 0 1 1 0 1000 50 35000
0 1019 0 1 34729 22 0 1000 7000 0 1 1 0 1000 50 35000
0 1014 0 1 34752 23 0 1000 7000 0 1 1 0 1000 50 35000
0 1017 0 1 34775 23 0 1000 7000 0 1 1 0 1000 50 35000
0 1016 0 1 34797 22 0 1000 7000 0 1 1 0 1000 50 35000
0 1016 0 1 34820 23 0 1000 7000 0 1 1 0 1000 50 35000
0 1018 0 1 34842 22 0 1000 7000 0 1 1 0 1000 50 35000
0 1015 0 1 34865 23 0 1000 7000 0 1 1 0 1000 50 35000
0 1014 0 1 34887 22 0 1000 7000 0 1 1 0 1000 50 35000
0 1017 0 1 34910 23 0 1000 7000 0 1 1 0 1000 50 35000
0 1015 0 1 34932 22 0 1000 7000 0 1 1 0 1000 50 35000
0 1016 0 1 34955 23 0 1000 7000 0 1 1 0 1000 50 35000
0 1020 0 1 34978 23 0 1000 7000 0 1 1 0 1000 50 35000
0 1015 0 1 35001 23 0 1000 7000 0 1 1 0 1000 50 35000
0 1017 0 1 35023 22 0 1000 7000 0 1 1 0 1000 50 35000
0 1020 0 1 35046 23 0 1000 7000 0 1 1 0 1000 50 35000
0 1015 0 1 35068 22 0 1000 7000 0 1 1 0 1000 50 35000
0 1016 0 1 35091 23 0 1000 7000 0 1 1 0 1000 50 35000
0 1018 0 1 35113 22 0 1000 7000 0 1 1 0 1000 50 35000
0 1005 0 1 35136 23 0 1000 7000 0 1 1 0 1000 50 35000
0 1017 0 1 35159 23 0 1000 7000 0 1 1 0 1000 50 35000
0 1013 0 1 35181 22 0 1000 7000 0 1 1 0 1000 50 35000
0 1009 0 1 35204 23 0 1000 7000 0 1 1 0 1000 50 35000
0 1017 0 1 35226 22 0 1000 7000 0 1 1 0 1000 50 35000
0 1016 0 1 35249 23 0 1000 7000 0 1 1 0 1000 50 35000
0 1015 0 1 35271 22 0 1000 7000 0 1 1 0 1000 50 35000
0 1019 0 1 35294 23 0 1000 7000 0 1 1 0 1000 50 35000
0 1015 0 1 35316 22 0 1000 7000 0 1 1 0 1000 50 35000
0 1018 0 1 35339 23 0 1000 7000 0 1 1 0 1000 50 35000
0 1022 0 1 35361 22 0 1000 7000 0 1 1 0 1000 50 35000
0 1016 0 1 35385 24 0 1000 7000 0 1 1 0 1000 50 35000
0 1015 0 1 35407 22 0 1000 7000 0 1 1 0 1000 50 35000
0 1018 0 1 35430 23 0 1000 7000 0 1 1 0 1000 50 35000
0 1010 0 1 35452 22 0 1000 7000 0 1 1 0 1000 50 35000
0 1018 0 1 35475 23 0 1000 7000 0 1 1 0 1000 50 35000
0 1016 0 1 35497 22 0 1000 7000 0 1 1 0 1000 50 35000
0 1012 0 1 35520 23 0 1000 7000 0 1 1 0 1000 50 35000
0 1017 0 1 35543 23 0 1000 7000 0 1 1 0 1000 50 35000
0 1015 0 1 35565 22 0 1000 7000 0 1 1 0 1000 50 35000
0 1013 0 1 35588 23 0 1000 7000 0 1 1 0 1000 50 35000
0 1016 0 1 35610 22 0 1000 7000 0 1 1 0 1000 50 35000
0 1014 0 1 35633 23 0 1000 7000 0 1 1 0 1000 50 35000
0 1016 0 1 35655 22 0 1000 7000 0 1 1 0 1000 50 35000
0 1017 0 1 35678 23 0 1000 7000 0 1 1 0 1000 50 35000
0 1015 0 1 35700 22 0 1000 7000 0 1 1 0 1000 50 35000
0 1016 0 1 35723 23 0 1000 7000 0 1 1 0 1000 50 35000
0 1018 0 1 35745 22 0 1000 7000 0 1 1 0 1000 50 35000
0 1018 0 1 35768 23 0 1000 7000 0 1 1 0 1000 50 35000
0 1019 0 1 35791 23 0 1000 7000 0 1 1 0 1000 50 35000
0 1016 0 1 35814 23 0 1000 7000 0 1 1 0 1000 50 35000
0 1013 0 1 35836 22 0 1000 7000 0 1 1 0 1000 50 35000
0 1017 0 1 35859 23 0 1000 7000 0 1 1 0 1000 50 35000
0 1015 0 1 35881 22 0 1000 7000 0 1 1 0 1000 50 35000
0 1012 0 1 35904 23 0 1000 7000 0 1 1 0 1000 50 35000
0 1017 0 1 35927 23 0 1000 7000 0 1 1 0 1000 50 35000
0 1015 0 1 35949 22 0 1000 7000 0 1 1 0 1000 50 35000
0 1016 0 1 35972 23 0 1000 7000 0 1 1 0 1000 50 35000
0 1017 0 1 35994 22 0 1000 7000 0 1 1 0 1000 50 35000
0 1015 0 1 36017 23 0 1000 7000 0 1 1 0 1000 50 35000
0 1016 0 1 36039 22 0 1000 7000 0 1 1 0 1000 50 35000
0 1022 0 1 36062 23 0 1000 7000 0 1 1 0 1000 50 35000
0 1015 0 1 36084 22 0 1000 7000 0 1 1 0 1000 50 35000
0 1016 0 1 36107 23 0 1000 7000 0 1 1 0 1000 50 35000
0 1016 0 1 36129 22 0 1000 7000 0 1 1 0 1000 50 35000
0 1010 0 1 36152 23 0 1000 7000 0 1 1 0 1000 50 35000
0 1017 0 1 36174 22 0 1000 7000 0 1 1 0 1000 50 35000
0 1023 0 1 36197 23 0 1000 7000 0 1 1 0 1000 50 35000
0 1013 0 1 36220 23 0 1000 7000 0 1 1 0 1000 50 35000
0 1017 0 1 36243 23 0 1000 7000 0 1 1 0 1000 50 35000
0 1016 0 1 36265 22 0 1000 7000 0 1 1 0 1000 50 35000
0 1014 0 1 36288 23 0 1000 7000 0 1 1 0 1000 50 35000
0 1017 0 1 36311 23 0 1000 7000 0 1 1 0 1000 50 35000
0 1015 0 1 36333 22 0 1000 7000 0 1 1 0 1000 50 35000
0 1012 0 1 36356 23 0 1000 7000 0 1 1 0 1000 50 35000
0 1017 0 1 36378 22 0 1000 7000 0 1 1 0 1000 50 35000
0 1015 0 1 36401 23 0 1000 7000 0 1 1 0 1000 50 35000
0 1016 0 1 36423 22 0 1000 7000 0 1 1 0 1000 50 35000
0 1018 0 1 36446 23 0 1000 7000 0 1 1 0 1000 50 35000
0 1015 0 1 36468 22 0 1000 7000 0 1 1 0 1000 50 35000
0 1018 0 1 36491 23 0 1000 7000 0 1 1 0 1000 50 35000
0 1016 0 1 36513 22 0 1000 7000 0 1 1 0 1000 50 35000
0 1015 0 1 36536 23 0 1000 7000 0 1 1 0 1000 50 35000
0 1017 0 1 36558 22 0 1000 7000 0 1 1 0 1000 50 35000
0 1018 0 1 36581 23 0 1000 7000 0 1 1 0 1000 50 35000
0 1016 0 1 36603 22 0 1000 7000 0 1 1 0 1000 50 35000
0 1018 0 1 36627 24 0 1000 7000 0 1 1 0 1000 50 35000
0 1014 0 1 36649 22 0 1000 7000 0 1 1 0 1000 50 35000
0 1016 0 1 36672 23 0 1000 7000 0 1 1 0 1000 50 35000
0 1021 0 1 36695 23 0 1000 7000 0 1 1 0 1000 50 35000
0 1013 0 1 36717 22 0 1000 7000 0 1 1 0 1000 50 35000
0 1017 0 1 36740 23 0 1000 7000 0 1 1 0 1000 50 35000
0 1020 0 1 36762 22 0 1000 7000 0 1 1 0 1000 50 35000
0 1015 0 1 36785 23 0 1000 7000 0 1 1 0 1000 50 35000
0 1017 0 1 36807 22 0 1000 7000 0 1 1 0 1000 50 35000
0 1016 0 1 36830 23 0 1000 7000 0 1 1 0 1000 50 35000
0 1010 0 1 36852 22 0 1000 7000 0 1 1 0 1000 50 35000
0 1017 0 1 36875 23 0 1000 7000 0 1 1 0 1000 50 35000
0 1018 0 1 36897 22 0 1000 7000 0 1 1 0 1000 50 35000
0 1012 0 1 36920 23 0 1000 7000 0 1 1 0 1000 50 35000
0 1018 0 1 36942 22 0 1000 7000 0 1 1 0 1000 50 35000
0 1015 0 1 36965 23 0 1000 7000 0 1 1 0 1000 50 35000
0 1015 0 1 36987 22 0 1000 7000 0 1 1 0 1000 50 35000
0 1023 0 1 37010 23 0 1000 7000 0 1 1 0 1000 50 35000
0 1016 0 1 37033 23 0 1000 7000 0 1 1 0 1000 50 35000
0 1017 0 1 37056 23 0 1000 7000 0 1 1 0 1000 50 35000
0 1022 0 1 37079 23 0 1000 7000 0 1 1 0 1000 50 35000
0 1017 0 1 37101 22 0 1000 7000 0 1 1 0 1000 50 35000
0 1017 0 1 37124 23 0 1000 7000 0 1 1 0 1000 50 35000
0 1017 0 1 37146 22 0 1000 7000 0 1 1 0 1000 50 35000
0 1018 0 1 37169 23 0 1000 7000 0 1 1 0 1000 50 35000
0 1018 0 1 37191 22 0 1000 7000 0 1 1 0 1000 50 35000
0 1015 0 1 37214 23 0 1000 7000 0 1 1 0 1000 50 35000
0 1012 0 1 37236 22 0 1000 7000 0 1 1 0 1000 50 35000
0 1018 0 1 37259 23 0 1000 7000 0 1 1 0 1000 50 35000
0 1015 0 1 37281 22 0 1000 7000 0 1 1 0 1000 50 35000
0 1013 0 1 37304 23 0 1000 7000 0 1 1 0 1000 50 35000
0 1017 0 1 37326 22 0 1000 7000 0 1 1 0 1000 50 35000
0 1014 0 1 37349 23 0 1000 7000 0 1 1 0 1000 50 35000
0 1015 0 1 37371 22 0 1000 7000 0 1 1 0 1000 50 35000
0 1017 0 1 37394 23 0 1000 7000 0 1 1 0 1000 50 35000
0 1015 0 1 37416 22 0 1000 7000 0 1 1 0 1000 50 35000
0 1017 0 1 37440 24 0 1000 7000 0 1 1 0 1000 50 35000
0 1018 0 1 37463 23 0 1000 7000 0 1 1 0 1000 50 35000
0 1017 0 1 37485 22 0 1000 7000 0 1 1 0 1000 50 35000
0 1018 0 1 37508 23 0 1000 7000 0 1 1 0 1000 50 35000
0 1017 0 1 37530 22 0 1000 7000 0 1 1 0 1000 50 35000
0 1014 0 1 37553 23 0 1000 7000 0 1 1 0 1000 50 35000
0 1017 0 1 37575 22 0 1000 7000 0 1 1 0 1000 50 35000
0 1017 0 1 37598 23 0 1000 7000 0 1 1 0 1000 50 35000
0 1013 0 1 37620 22 0 1000 7000 0 1 1 0 1000 50 35000
0 1017 0 1 37643 23 0 1000 7000 0 1 1 0 1000 50 35000
0 1015 0 1 37665 22 0 1000 7000 0 1 1 0 1000 50 35000
0 1015 0 1 37688 23 0 1000 7000 0 1 1 0 1000 50 35000
0 1020 0 1 37710 22 0 1000 7000 0 1 1 0 1000 50 35000
0 1016 0 1 37733 23 0 1000 7000 0 1 1 0 1000 50 35000
0 1016 0 1 37755 22 0 1000 7000 0 1 1 0 1000 50 35000
0 1021 0 1 37778 23 0 1000 7000 0 1 1 0 1000 50 35000
0 1015 0 1 37800 22 0 1000 7000 0 1 1 0 1000 50 35000
0 1017 0 1 37823 23 0 1000 7000 0 1 1 0 1000 50 35000
0 1016 0 1 37847 24 0 1000 7000 0 1 1 0 1000 50 35000
0 1007 0 1 37869 22 0 1000 7000 0 1 1 0 1000 50 35000
0 1016 0 1 37892 23 0 1000 7000 0 1 1 0 1000 50 35000
0 1015 0 1 37914 22 0 1000 7000 0 1 1 0 1000 50 35000
0 1011 0 1 37937 23 0 1000 7000 0 1 1 0 1000 50 35000
0 1018 0 1 37959 22 0 1000 7000 0 1 1 0 1000 50 35000
0 1016 0 1 37982 23 0 1000 7000 0 1 1 0 1000 50 35000
0 1016 0 1 38004 22 0 1000 7000 0 1 1 0 1000 50 35000
0 1018 0 1 38027 23 0 1000 7000 0 1 1 0 1000 50 35000
0 1015 0 1 38049 22 0 1000 7000 0 1 1 0 1000 50 35000
0 1016 0 1 38072 23 0 1000 7000 0 1 1 0 1000 50 35000
0 1020 0 1 38094 22 0 1000 7000 0 1 1 0 1000 50 35000
0 1015 0 1 38117 23 0 1000 7000 0 1 1 0 1000 50 35000
0 1017 0 1 38139 22 0 1000 7000 0 1 1 0 1000 50 35000
0 1019 0 1 38162 23 0 1000 7000 0 1 1 0 1000 50 35000
0 1015 0 1 38184 22 0 1000 7000 0 1 1 0 1000 50 35000
0 1018 0 1 38207 23 0 1000 7000 0 1 1 0 1000 50 35000
0 1022 0 1 38230 23 0 1000 7000 0 1 1 0 1000 50 35000
0 1014 0 1 38253 23 0 1000 7000 0 1 1 0 1000 50 35000
0 1017 0 1 38276 23 0 1000 7000 0 1 1 0 1000 50 35000
0 1020 0 1 38298 22 0 1000 7000 0 1 1 0 1000 50 35000
0 1013 0 1 38321 23 0 1000 7000 0 1 1 0 1000 50 35000
0 1017 0 1 38343 22 0 1000 7000 0 1 1 0 1000 50 35000
0 1015 0 1 38366 23 0 1000 7000 0 1 1 0 1000 50 35000
0 1015 0 1 38388 22 0 1000 7000 0 1 1 0 1000 50 35000
0 1021 0 1 38411 23 0 1000 7000 0 1 1 0 1000 50 35000
0 1014 0 1 38433 22 0 1000 7000 0 1 1 0 1000 50 35000
0 1018 0 1 38456 23 0 1000 7000 0 1 1 0 1000 50 35000
0 1022 0 1 38478 22 0 1000 7000 0 1 1 0 1000 50 35000
0 1015 0 1 38501 23 0 1000 7000 0 1 1 0 1000 50 35000
0 1019 0 1 38523 22 0 1000 7000 0 1 1 0 1000 50 35000
0 1015 0 1 38546 23 0 1000 7000 0 1 1 0 1000 50 35000
0 1010 0 1 38568 22 0 1000 7000 0 1 1 0 1000 50 35000
0 1018 0 1 38591 23 0 1000 7000 0 1 1 0 1000 50 35000
0 1015 0 1 38614 23 0 1000 7000 0 1 1 0 1000 50 35000
0 1011 0 1 38636 22 0 1000 7000 0 1 1 0 1000 50 35000
0 1018 0 1 38659 23 0 1000 7000 0 1 1 0 1000 50 35000
0 1016 0 1 38682 23 0 1000 7000 0 1 1 0 1000 50 35000
0 1016 0 1 38705 23 0 1000 7000 0 1 1 0 1000 50 35000
0 1019 0 1 38727 22 0 1000 7000 0 1 1 0 1000 50 35000
0 1015 0 1 38750 23 0 1000 7000 0 1 1 0 1000 50 35000
0 1016 0 1 38772 22 0 1000 7000 0 1 1 0 1000 50 35000
0 1022 0 1 38795 23 0 1000 7000 0 1 1 0 1000 50 35000
0 1015 0 1 38817 22 0 1000 7000 0 1 1 0 1000 50 35000
0 1020 0 1 38840 23 0 1000 7000 0 1 1 0 1000 50 35000
0 1023 0 1 38862 22 0 1000 7000 0 1 1 0 1000 50 35000
0 1014 0 1 38885 23 0 1000 7000 0 1 1 0 1000 50 35000
0 1018 0 1 38907 22 0 1000 7000 0 1 1 0 1000 50 35000
0 1016 0 1 38930 23 0 1000 7000 0 1 1 0 1000 50 35000
0 1013 0 1 38952 22 0 1000 7000 0 1 1 0 1000 50 35000
0 1017 0 1 38975 23 0 1000 7000 0 1 1 0 1000 50 35000
0 1016 0 1 38998 23 0 1000 7000 0 1 1 0 1000 50 35000
0 1012 0 1 39020 22 0 1000 7000 0 1 1 0 1000 50 35000
0 1017 0 1 39043 23 0 1000 7000 0 1 1 0 1000 50 35000
0 1013 0 1 39065 22 0 1000 7000 0 1 1 0 1000 50 35000
0 1017 0 1 39089 24 0 1000 7000 0 1 1 0 1000 50 35000
0 1019 0 1 39111 22 0 1000 7000 0 1 1 0 1000 50 35000
0 1014 0 1 39134 23 0 1000 7000 0 1 1 0 1000 50 35000
0 1016 0 1 39156 22 0 1000 7000 0 1 1 0 1000 50 35000
0 1018 0 1 39179 23 0 1000 7000 0 1 1 0 1000 50 35000
0 1016 0 1 39201 22 0 1000 7000 0 1 1 0 1000 50 35000
0 1017 0 1 39224 23 0 1000 7000 0 1 1 0 1000 50 35000
0 1020 0 1 39246 22 0 1000 7000 0 1 1 0 1000 50 35000
0 1012 0 1 39269 23 0 1000 7000 0 1 1 0 1000 50 35000
0 1017 0 1 39291 22 0 1000 7000 0 1 1 0 1000 50 35000
0 1017 0 1 39314 23 0 1000 7000 0 1 1 0 1000 50 35000
0 1011 0 1 39336 22 0 1000 7000 0 1 1 0 1000 50 35000
0 1017 0 1 39359 23 0 1000 7000 0 1 1 0 1000 50 35000
0 1015 0 1 39382 23 0 1000 7000 0 1 1 0 1000 50 35000
0 1016 0 1 39404 22 0 1000 7000 0 1 1 0 1000 50 35000
0 1023 0 1 39427 23 0 1000 7000 0 1 1 0 1000 50 35000
0 1015 0 1 39449 22 0 1000 7000 0 1 1 0 1000 50 35000
0 1020 0 1 39472 23 0 1000 7000 0 1 1 0 1000 50 35000
0 1021 0 1 39495 23 0 1000 7000 0 1 1 0 1000 50 35000
0 1015 0 1 39518 23 0 1000 7000 0 1 1 0 1000 50 35000
0 1016 0 1 39540 22 0 1000 7000 0 1 1 0 1000 50 35000
0 1016 0 1 39563 23 0 1000 7000 0 1 1 0 1000 50 35000
0 1012 0 1 39585 22 0 1000 7000 0 1 1 0 1000 50 35000
0 1018 0 1 39608 23 0 1000 7000 0 1 1 0 1000 50 35000
0 1016 0 1 39630 22 0 1000 7000 0 1 1 0 1000 50 35000
0 1011 0 1 39653 23 0 1000 7000 0 1 1 0 1000 50 35000
0 1017 0 1 39675 22 0 1000 7000 0 1 1 0 1000 50 35000
0 1015 0 1 39698 23 0 1000 7000 0 1 1 0 1000 50 35000
0 1014 0 1 39720 22 0 1000 7000 0 1 1 0 1000 50 35000
0 1018 0 1 39743 23 0 1000 7000 0 1 1 0 1000 50 35000
0 1014 0 1 39766 23 0 1000 7000 0 1 1 0 1000 50 35000
0 1016 0 1 39788 22 0 1000 7000 0 1 1 0 1000 50 35000
0 1016 0 1 39811 23 0 1000 7000 0 1 1 0 1000 50 35000
0 1016 0 1 39833 22 0 1000 7000 0 1 1 0 1000 50 35000
0 1016 0 1 39856 23 0 1000 7000 0 1 1 0 1000 50 35000
0 1020 0 1 39878 22 0 1000 7000 0 1 1 0 1000 50 35000
0 1015 0 1 39902 24 0 1000 7000 0 1 1 0 1000 50 35000
0 1018 0 1 39924 22 0 1000 7000 0 1 1 0 1000 50 35000
0 1015 0 1 39947 23 0 1000 7000 0 1 1 0 1000 50 35000
0 1012 0 1 39969 22 0 1000 7000 0 1 1 0 1000 50 35000
0 1017 0 1 39992 23 0 1000 7000 0 1 1 0 1000 50 35000
0 1015 0 1 40014 22 0 1000 7000 0 1 1 0 1000 50 35000
0 1013 0 1 40037 23 0 1000 7000 0 1 1 0 1000 50 35000
0 1017 0 1 40059 22 0 1000 7000 0 1 1 0 1000 50 35000
0 1016 0 1 40082 23 0 1000 7000 0 1 1 0 1000 50 35000
0 1013 0 1 40104 22 0 1000 7000 0 1 1 0 1000 50 35000
0 1021 0 1 40127 23 0 1000 7000 0 1 1 0 1000 50 35000
0 1015 0 1 40150 23 0 1000 7000 0 1 1 0 1000 50 35000
0 1016 0 1 40172 22 0 1000 7000 0 1 1 0 1000 50 35000
0 1021 0 1 40195 23 0 1000 7000 0 1 1 0 1000 50 35000
0 1014 0 1 40217 22 0 1000 7000 0 1 1 0 1000 50 35000
0 1017 0 1 40240 23 0 1000 7000 0 1 1 0 1000 50 35000
0 1017 0 1 40262 22 0 1000 7000 0 1 1 0 1000 50 35000
0 1008 0 1 40285 23 0 1000 7000 0 1 1 0 1000 50 35000
0 1018 0 1 40308 23 0 1000 7000 0 1 1 0 1000 50 35000
0 1004 0 1 40331 23 0 1000 7000 0 1 1 0 1000 50 35000
0 1011 0 1 40353 22 0 1000 7000 0 1 1 0 1000 50 35000
0 1017 0 1 40376 23 0 1000 7000 0 1 1 0 1000 50 35000
0 1016 0 1 40398 22 0 1000 7000 0 1 1 0 1000 50 35000
0 1015 0 1 40421 23 0 1000 7000 0 1 1 0 1000 50 35000
0 1019 0 1 40443 22 0 1000 7000 0 1 1 0 1000 50 35000
0 1015 0 1 40466 23 0 1000 7000 0 1 1 0 1000 50 35000
0 1016 0 1 40488 22 0 1000 7000 0 1 1 0 1000 50 35000
0 1018 0 1 40511 23 0 1000 7000 0 1 1 0 1000 50 35000
0 1012 0 1 40534 23 0 1000 7000 0 1 1 0 1000 50 35000
0 1016 0 1 40556 22 0 1000 7000 0 1 1 0 1000 50 35000
0 1016 0 1 40579 23 0 1000 7000 0 1 1 0 1000 50 35000
0 1015 0 1 40601 22 0 1000 7000 0 1 1 0 1000 50 35000
0 1018 0 1 40624 23 0 1000 7000 0 1 1 0 1000 50 35000
0 1015 0 1 40646 22 0 1000 7000 0 1 1 0 1000 50 35000
0 1010 0 1 40669 23 0 1000 7000 0 1 1 0 1000 50 35000
0 1018 0 1 40691 22 0 1000 7000 0 1 1 0 1000 50 35000
0 1016 0 1 40715 24 0 1000 7000 0 1 1 0 1000 50 35000
0 1015 0 1 40737 22 0 1000 7000 0 1 1 0 1000 50 35000
0 1019 0 1 40760 23 0 1000 7000 0 1 1 0 1000 50 35000
0 1014 0 1 40782 22 0 1000 7000 0 1 1 0 1000 50 35000
0 1015 0 1 40805 23 0 1000 7000 0 1 1 0 1000 50 35000
0 1018 0 1 40827 22 0 1000 7000 0 1 1 0 1000 50 35000
0 1014 0 1 40850 23 0 1000 7000 0 1 1 0 1000 50 35000
0 1016 0 1 40872 22 0 1000 7000 0 1 1 0 1000 50 35000
0 1019 0 1 40895 23 0 1000 7000 0 1 1 0 1000 50 35000
0 1014 0 1 40918 23 0 1000 7000 0 1 1 0 1000 50 35000
0 1017 0 1 40940 22 0 1000 7000 0 1 1 0 1000 50 35000
0 1015 0 1 40963 23 0 1000 7000 0 1 1 0 1000 50 35000
0 1010 0 1 40985 22 0 1000 7000 0 1 1 0 1000 50 35000
0 1016 0 1 41008 23 0 1000 7000 0 1 1 0 1000 50 35000
0 1015 0 1 41030 22 0 1000 7000 0 1 1 0 1000 50 35000
0 1010 0 1 41053 23 0 1000 7000 0 1 1 0 1000 50 35000
0 1017 0 1 41075 22 0 1000 7000 0 1 1 0 1000 50 35000
0 1016 0 1 41098 23 0 1000 7000 0 1 1 0 1000 50 35000
0 1012 0 1 41121 23 0 1000 7000 0 1 1 0 1000 50 35000
0 1023 0 1 41144 23 0 1000 7000 0 1 1 0 1000 50 35000
0 1014 0 1 41166 22 0 1000 7000 0 1 1 0 1000 50 35000
0 1016 0 1 41189 23 0 1000 7000 0 1 1 0 1000 50 35000
0 1021 0 1 41211 22 0 1000 7000 0 1 1 0 1000 50 35000
0 1014 0 1 41234 23 0 1000 7000 0 1 1 0 1000 50 35000
0 1017 0 1 41256 22 0 1000 7000 0 1 1 0 1000 50 35000
0 1017 0 1 41279 23 0 1000 7000 0 1 1 0 1000 50 35000
0 1014 0 1 41302 23 0 1000 7000 0 1 1 0 1000 50 35000
0 1017 0 1 41324 22 0 1000 7000 0 1 1 0 1000 50 35000
0 1016 0 1 41347 23 0 1000 7000 0 1 1 0 1000 50 35000
0 1012 0 1 41369 22 0 1000 7000 0 1 1 0 1000 50 35000
0 1017 0 1 41392 23 0 1000 7000 0 1 1 0 1000 50 35000
0 1012 0 1 41414 22 0 1000 7000 0 1 1 0 1000 50 35000
0 1015 0 1 41437 23 0 1000 7000 0 1 1 0 1000 50 35000
0 1017 0 1 41459 22 0 1000 7000 0 1 1 0 1000 50 35000
0 1015 0 1 41482 23 0 1000 7000 0 1 1 0 1000 50 35000
0 1016 0 1 41504 22 0 1000 7000 0 1 1 0 1000 50 35000
0 1018 0 1 41527 23 0 1000 7000 0 1 1 0 1000 50 35000
0 1015 0 1 41550 23 0 1000 7000 0 1 1 0 1000 50 35000
0 1016 0 1 41573 23 0 1000 7000 0 1 1 0 1000 50 35000
0 1018 0 1 41595 22 0 1000 7000 0 1 1 0 1000 50 35000
0 1015 0 1 41618 23 0 1000 7000 0 1 1 0 1000 50 35000
0 1017 0 1 41640 22 0 1000 7000 0 1 1 0 1000 50 35000
0 1016 0 1 41663 23 0 1000 7000 0 1 1 0 1000 50 35000
0 1011 0 1 41686 23 0 1000 7000 0 1 1 0 1000 50 35000
0 1017 0 1 41708 22 0 1000 7000 0 1 1 0 1000 50 35000
0 1015 0 1 41731 23 0 1000 7000 0 1 1 0 1000 50 35000
0 1011 0 1 41753 22 0 1000 7000 0 1 1 0 1000 50 35000
0 1017 0 1 41776 23 0 1000 7000 0 1 1 0 1000 50 35000
0 1013 0 1 41798 22 0 1000 7000 0 1 1 0 1000 50 35000
0 1014 0 1 41821 23 0 1000 7000 0 1 1 0 1000 50 35000
0 1023 0 1 41843 22 0 1000 7000 0 1 1 0 1000 50 35000
0 1014 0 1 41866 23 0 1000 7000 0 1 1 0 1000 50 35000
0 1016 0 1 41888 22 0 1000 7000 0 1 1 0 1000 50 35000
0 1021 0 1 41911 23 0 1000 7000 0 1 1 0 1000 50 35000
0 1014 0 1 41933 22 0 1000 7000 0 1 1 0 1000 50 35000
0 1017 0 1 41956 23 0 1000 7000 0 1 1 0 1000 50 35000
0 1017 0 1 41979 23 0 1000 7000 0 1 1 0 1000 50 35000
0 1013 0 1 42002 23 0 1000 7000 0 1 1 0 1000 50 35000
0 1019 0 1 42024 22 0 1000 7000 0 1 1 0 1000 50 35000
0 1016 0 1 42047 23 0 1000 7000 0 1 1 0 1000 50 35000
0 1011 0 1 42070 23 0 1000 7000 0 1 1 0 1000 50 35000
0 1017 0 1 42092 22 0 1000 7000 0 1 1 0 1000 50 35000
0 1015 0 1 42115 23 0 1000 7000 0 1 1 0 1000 50 35000
0 1014 0 1 42137 22 0 1000 7000 0 1 1 0 1000 50 35000
0 1018 0 1 42160 23 0 1000 7000 0 1 1 0 1000 50 35000
0 1014 0 1 42182 22 0 1000 7000 0 1 1 0 1000 50 35000
0 1005 0 1 42205 23 0 1000 7000 0 1 1 0 1000 50 35000
0 1019 0 1 42227 22 0 1000 7000 0 1 1 0 1000 50 35000
0 1014 0 1 42250 23 0 1000 7000 0 1 1 0 1000 50 35000
0 1016 0 1 42272 22 0 1000 7000 0 1 1 0 1000 50 35000
0 1019 0 1 42295 23 0 1000 7000 0 1 1 0 1000 50 35000
0 1015 0 1 42317 22 0 1000 7000 0 1 1 0 1000 50 35000
0 1018 0 1 42340 23 0 1000 7000 0 1 1 0 1000 50 35000
0 1019 0 1 42362 22 0 1000 7000 0 1 1 0 1000 50 35000
0 1013 0 1 42385 23 0 1000 7000 0 1 1 0 1000 50 35000
0 1017 0 1 42408 23 0 1000 7000 0 1 1 0 1000 50 35000
0 1015 0 1 42431 23 0 1000 7000 0 1 1 0 1000 50 35000
0 1009 0 1 42454 23 0 1000 7000 0 1 1 0 1000 50 35000
0 1015 0 1 42476 22 0 1000 7000 0 1 1 0 1000 50 35000
0 1015 0 1 42499 23 0 1000 7000 0 1 1 0 1000 50 35000
0 1014 0 1 42521 22 0 1000 7000 0 1 1 0 1000 50 35000
0 1022 0 1 42544 23 0 1000 7000 0 1 1 0 1000 50 35000
0 1015 0 1 42566 22 0 1000 7000 0 1 1 0 1000 50 35000
0 1016 0 1 42589 23 0 1000 7000 0 1 1 0 1000 50 35000
0 1022 0 1 42611 22 0 1000 7000 0 1 1 0 1000 50 35000
0 1014 0 1 42634 23 0 1000 7000 0 1 1 0 1000 50 35000
0 1016 0 1 42656 22 0 1000 7000 0 1 1 0 1000 50 35000
0 1016 0 1 42679 23 0 1000 7000 0 1 1 0 1000 50 35000
0 1013 0 1 42701 22 0 1000 7000 0 1 1 0 1000 50 35000
0 1016 0 1 42724 23 0 1000 7000 0 1 1 0 1000 50 35000
0 1015 0 1 42746 22 0 1000 7000 0 1 1 0 1000 50 35000
0 1011 0 1 42769 23 0 1000 7000 0 1 1 0 1000 50 35000
0 1017 0 1 42791 22 0 1000 7000 0 1 1 0 1000 50 35000
0 1016 0 1 42815 24 0 1000 7000 0 1 1 0 1000 50 35000
0 1014 0 1 42838 23 0 1000 7000 0 1 1 0 1000 50 35000
0 1017 0 1 42860 22 0 1000 7000 0 1 1 0 1000 50 35000
0 1014 0 1 42883 23 0 1000 7000 0 1 1 0 1000 50 35000
0 1016 0 1 42905 22 0 1000 7000 0 1 1 0 1000 50 35000
0 1018 0 1 42928 23 0 1000 7000 0 1 1 0 1000 50 35000
0 1014 0 1 42950 22 0 1000 7000 0 1 1 0 1000 50 35000
0 1015 0 1 42973 23 0 1000 7000 0 1 1 0 1000 50 35000
0 1019 0 1 42995 22 0 1000 7000 0 1 1 0 1000 50 35000
0 1014 0 1 43018 23 0 1000 7000 0 1 1 0 1000 50 35000
0 1017 0 1 43040 22 0 1000 7000 0 1 1 0 1000 50 35000
0 1014 0 1 43063 23 0 1000 7000 0 1 1 0 1000 50 35000
0 1009 0 1 43085 22 0 1000 7000 0 1 1 0 1000 50 35000
0 1016 0 1 43108 23 0 1000 7000 0 1 1 0 1000 50 35000
0 1015 0 1 43130 22 0 1000 7000 0 1 1 0 1000 50 35000
0 1013 0 1 43153 23 0 1000 7000 0 1 1 0 1000 50 35000
0 1017 0 1 43175 22 0 1000 7000 0 1 1 0 1000 50 35000
0 1015 0 1 43198 23 0 1000 7000 0 1 1 0 1000 50 35000
0 1014 0 1 43222 24 0 1000 7000 0 1 1 0 1000 50 35000
0 1018 0 1 43244 22 0 1000 7000 0 1 1 0 1000 50 35000
0 1015 0 1 43267 23 0 1000 7000 0 1 1 0 1000 50 35000
0 1016 0 1 43289 22 0 1000 7000 0 1 1 0 1000 50 35000
0 1020 0 1 43312 23 0 1000 7000 0 1 1 0 1000 50 35000
0 1018 0 1 43334 22 0 1000 7000 0 1 1 0 1000 50 35000
0 1016 0 1 43357 23 0 1000 7000 0 1 1 0 1000 50 35000
0 1016 0 1 43379 22 0 1000 7000 0 1 1 0 1000 50 35000
0 1004 0 1 43402 23 0 1000 7000 0 1 1 0 1000 50 35000
0 1016 0 1 43424 22 0 1000 7000 0 1 1 0 1000 50 35000
0 1015 0 1 43447 23 0 1000 7000 0 1 1 0 1000 50 35000
0 1010 0 1 43469 22 0 1000 7000 0 1 1 0 1000 50 35000
0 1016 0 1 43492 23 0 1000 7000 0 1 1 0 1000 50 35000
0 1015 0 1 43514 22 0 1000 7000 0 1 1 0 1000 50 35000
0 1014 0 1 43537 23 0 1000 7000 0 1 1 0 1000 50 35000
0 1018 0 1 43559 22 0 1000 7000 0 1 1 0 1000 50 35000
0 1016 0 1 43582 23 0 1000 7000 0 1 1 0 1000 50 35000
0 1016 0 1 43604 22 0 1000 7000 0 1 1 0 1000 50 35000
0 1020 0 1 43627 23 0 1000 7000 0 1 1 0 1000 50 35000
0 1014 0 1 43651 24 0 1000 7000 0 1 1 0 1000 50 35000
0 1015 0 1 43673 22 0 1000 7000 0 1 1 0 1000 50 35000
0 1017 0 1 43696 23 0 1000 7000 0 1 1 0 1000 50 35000
0 1014 0 1 43718 22 0 1000 7000 0 1 1 0 1000 50 35000
0 1017 0 1 43741 23 0 1000 7000 0 1 1 0 1000 50 35000
0 1015 0 1 43763 22 0 1000 7000 0 1 1 0 1000 50 35000
0 1013 0 1 43786 23 0 1000 7000 0 1 1 0 1000 50 35000
0 1017 0 1 43808 22 0 1000 7000 0 1 1 0 1000 50 35000
0 1018 0 1 43831 23 0 1000 7000 0 1 1 0 1000 50 35000
0 1007 0 1 43853 22 0 1000 7000 0 1 1 0 1000 50 35000
0 1018 0 1 43876 23 0 1000 7000 0 1 1 0 1000 50 35000
0 1018 0 1 43898 22 0 1000 7000 0 1 1 0 1000 50 35000
0 1014 0 1 43921 23 0 1000 7000 0 1 1 0 1000 50 35000
0 1019 0 1 43943 22 0 1000 7000 0 1 1 0 1000 50 35000
0 1014 0 1 43966 23 0 1000 7000 0 1 1 0 1000 50 35000
0 1016 0 1 43988 22 0 1000 7000 0 1 1 0 1000 50 35000
0 1021 0 1 44011 23 0 1000 7000 0 1 1 0 1000 50 35000
0 1015 0 1 44034 23 0 1000 7000 0 1 1 0 1000 50 35000
0 1016 0 1 44057 23 0 1000 7000 0 1 1 0 1000 50 35000
0 1015 0 1 44080 23 0 1000 7000 0 1 1 0 1000 50 35000
0 1008 0 1 44102 22 0 1000 7000 0 1 1 0 1000 50 35000
0 1016 0 1 44125 23 0 1000 7000 0 1 1 0 1000 50 35000
0 1015 0 1 44147 22 0 1000 7000 0 1 1 0 1000 50 35000
0 1009 0 1 44170 23 0 1000 7000 0 1 1 0 1000 50 35000
0 1016 0 1 44192 22 0 1000 7000 0 1 1 0 1000 50 35000
0 1014 0 1 44215 23 0 1000 7000 0 1 1 0 1000 50 35000
0 1014 0 1 44237 22 0 1000 7000 0 1 1 0 1000 50 35000
0 1018 0 1 44260 23 0 1000 7000 0 1 1 0 1000 50 35000
0 1014 0 1 44282 22 0 1000 7000 0 1 1 0 1000 50 35000
0 1015 0 1 44305 23 0 1000 7000 0 1 1 0 1000 50 35000
0 1020 0 1 44327 22 0 1000 7000 0 1 1 0 1000 50 35000
0 1016 0 1 44350 23 0 1000 7000 0 1 1 0 1000 50 35000
0 1018 0 1 44372 22 0 1000 7000 0 1 1 0 1000 50 35000
0 1018 0 1 44395 23 0 1000 7000 0 1 1 0 1000 50 35000
0 1015 0 1 44418 23 0 1000 7000 0 1 1 0 1000 50 35000
0 1018 0 1 44440 22 0 1000 7000 0 1 1 0 1000 50 35000
0 1015 0 1 44464 24 0 1000 7000 0 1 1 0 1000 50 35000
0 1011 0 1 44486 22 0 1000 7000 0 1 1 0 1000 50 35000
0 1018 0 1 44509 23 0 1000 7000 0 1 1 0 1000 50 35000
0 1015 0 1 44531 22 0 1000 7000 0 1 1 0 1000 50 35000
0 1011 0 1 44554 23 0 1000 7000 0 1 1 0 1000 50 35000
0 1016 0 1 44576 22 0 1000 7000 0 1 1 0 1000 50 35000
0 1014 0 1 44599 23 0 1000 7000 0 1 1 0 1000 50 35000
0 1015 0 1 44621 22 0 1000 7000 0 1 1 0 1000 50 35000
0 1015 0 1 44644 23 0 1000 7000 0 1 1 0 1000 50 35000
0 1014 0 1 44666 22 0 1000 7000 0 1 1 0 1000 50 35000
0 1016 0 1 44689 23 0 1000 7000 0 1 1 0 1000 50 35000
0 1015 0 1 44711 22 0 1000 7000 0 1 1 0 1000 50 35000
0 1014 0 1 44734 23 0 1000 7000 0 1 1 0 1000 50 35000
0 1016 0 1 44756 22 0 1000 7000 0 1 1 0 1000 50 35000
0 1017 0 1 44779 23 0 1000 7000 0 1 1 0 1000 50 35000
0 1008 0 1 44802 23 0 1000 7000 0 1 1 0 1000 50 35000
0 1017 0 1 44824 22 0 1000 7000 0 1 1 0 1000 50 35000
0 1014 0 1 44847 23 0 1000 7000 0 1 1 0 1000 50 35000
0 1011 0 1 44870 23 0 1000 7000 0 1 1 0 1000 50 35000
0 1016 0 1 44893 23 0 1000 7000 0 1 1 0 1000 50 35000
0 1014 0 1 44915 22 0 1000 7000 0 1 1 0 1000 50 35000
0 1014 0 1 44938 23 0 1000 7000 0 1 1 0 1000 50 35000
0 1019 0 1 44960 22 0 1000 7000 0 1 1 0 1000 50 35000
0 1015 0 1 44983 23 0 1000 7000 0 1 1 0 1000 50 35000
0 1015 0 1 45005 22 0 1000 7000 0 1 1 0 1000 50 35000
0 1021 0 1 45028 23 0 1000 7000 0 1 1 0 1000 50 35000
0 1014 0 1 45050 22 0 1000 7000 0 1 1 0 1000 50 35000
0 1016 0 1 45073 23 0 1000 7000 0 1 1 0 1000 50 35000
0 1017 0 1 45095 22 0 1000 7000 0 1 1 0 1000 50 35000
0 1013 0 1 45118 23 0 1000 7000 0 1 1 0 1000 50 35000
0 1017 0 1 45140 22 0 1000 7000 0 1 1 0 1000 50 35000
0 1014 0 1 45163 23 0 1000 7000 0 1 1 0 1000 50 35000
0 1012 0 1 45186 23 0 1000 7000 0 1 1 0 1000 50 35000
0 1017 0 1 45208 22 0 1000 7000 0 1 1 0 1000 50 35000
0 1014 0 1 45231 23 0 1000 7000 0 1 1 0 1000 50 35000
0 1008 0 1 45253 22 0 1000 7000 0 1 1 0 1000 50 35000
0 1017 0 1 45276 23 0 1000 7000 0 1 1 0 1000 50 35000
0 1013 0 1 45299 23 0 1000 7000 0 1 1 0 1000 50 35000
0 1015 0 1 45322 23 0 1000 7000 0 1 1 0 1000 50 35000
0 1018 0 1 45344 22 0 1000 7000 0 1 1 0 1000 50 35000
0 1014 0 1 45367 23 0 1000 7000 0 1 1 0 1000 50 35000
0 1015 0 1 45389 22 0 1000 7000 0 1 1 0 1000 50 35000
0 1023 0 1 45412 23 0 1000 7000 0 1 1 0 1000 50 35000
0 1015 0 1 45434 22 0 1000 7000 0 1 1 0 1000 50 35000
0 1015 0 1 45457 23 0 1000 7000 0 1 1 0 1000 50 35000
0 1014 0 1 45479 22 0 1000 7000 0 1 1 0 1000 50 35000
0 1009 0 1 45502 23 0 1000 7000 0 1 1 0 1000 50 35000
0 1016 0 1 45524 22 0 1000 7000 0 1 1 0 1000 50 35000
0 1015 0 1 45547 23 0 1000 7000 0 1 1 0 1000 50 35000
0 1009 0 1 45570 23 0 1000 7000 0 1 1 0 1000 50 35000
0 1015 0 1 45592 22 0 1000 7000 0 1 1 0 1000 50 35000
0 1014 0 1 45615 23 0 1000 7000 0 1 1 0 1000 50 35000
0 1014 0 1 45637 22 0 1000 7000 0 1 1 0 1000 50 35000
0 1023 0 1 45660 23 0 1000 7000 0 1 1 0 1000 50 35000
0 1014 0 1 45682 22 0 1000 7000 0 1 1 0 1000 50 35000
0 1015 0 1 45706 24 0 1000 7000 0 1 1 0 1000 50 35000
0 1021 0 1 45728 22 0 1000 7000 0 1 1 0 1000 50 35000
0 1013 0 1 45751 23 0 1000 7000 0 1 1 0 1000 50 35000
0 1014 0 1 45773 22 0 1000 7000 0 1 1 0 1000 50 35000
0 1023 0 1 45796 23 0 1000 7000 0 1 1 0 1000 50 35000
0 1011 0 1 45818 22 0 1000 7000 0 1 1 0 1000 50 35000
0 1017 0 1 45841 23 0 1000 7000 0 1 1 0 1000 50 35000
0 1015 0 1 45863 22 0 1000 7000 0 1 1 0 1000 50 35000
0 1010 0 1 45886 23 0 1000 7000 0 1 1 0 1000 50 35000
0 1016 0 1 45908 22 0 1000 7000 0 1 1 0 1000 50 35000
0 1015 0 1 45931 23 0 1000 7000 0 1 1 0 1000 50 35000
0 1013 0 1 45954 23 0 1000 7000 0 1 1 0 1000 50 35000
0 1017 0 1 45976 22 0 1000 7000 0 1 1 0 1000 50 35000
0 1015 0 1 45999 23 0 1000 7000 0 1 1 0 1000 50 35000
0 1014 0 1 46021 22 0 1000 7000 0 1 1 0 1000 50 35000
0 1017 0 1 46044 23 0 1000 7000 0 1 1 0 1000 50 35000
0 1014 0 1 46066 22 0 1000 7000 0 1 1 0 1000 50 35000
0 1014 0 1 46089 23 0 1000 7000 0 1 1 0 1000 50 35000
0 1019 0 1 46112 23 0 1000 7000 0 1 1 0 1000 50 35000
0 1014 0 1 46135 23 0 1000 7000 0 1 1 0 1000 50 35000
0 1015 0 1 46157 22 0 1000 7000 0 1 1 0 1000 50 35000
0 1016 0 1 46180 23 0 1000 7000 0 1 1 0 1000 50 35000
0 1010 0 1 46202 22 0 1000 7000 0 1 1 0 1000 50 35000
0 1016 0 1 46225 23 0 1000 7000 0 1 1 0 1000 50 35000
0 1014 0 1 46247 22 0 1000 7000 0 1 1 0 1000 50 35000
0 1009 0 1 46270 23 0 1000 7000 0 1 1 0 1000 50 35000
0 1016 0 1 46292 22 0 1000 7000 0 1 1 0 1000 50 35000
0 1013 0 1 46315 23 0 1000 7000 0 1 1 0 1000 50 35000
0 1015 0 1 46338 23 0 1000 7000 0 1 1 0 1000 50 35000
0 1023 0 1 46360 22 0 1000 7000 0 1 1 0 1000 50 35000
0 1014 0 1 46383 23 0 1000 7000 0 1 1 0 1000 50 35000
0 1023 0 1 46405 22 0 1000 7000 0 1 1 0 1000 50 35000
0 1020 0 1 46428 23 0 1000 7000 0 1 1 0 1000 50 35000
0 1014 0 1 46450 22 0 1000 7000 0 1 1 0 1000 50 35000
0 1016 0 1 46473 23 0 1000 7000 0 1 1 0 1000 50 35000
0 1016 0 1 46495 22 0 1000 7000 0 1 1 0 1000 50 35000
0 1013 0 1 46519 24 0 1000 7000 0 1 1 0 1000 50 35000
0 1020 0 1 46541 22 0 1000 7000 0 1 1 0 1000 50 35000
0 1013 0 1 46564 23 0 1000 7000 0 1 1 0 1000 50 35000
0 1010 0 1 46586 22 0 1000 7000 0 1 1 0 1000 50 35000
0 1016 0 1 46609 23 0 1000 7000 0 1 1 0 1000 50 35000
0 1014 0 1 46631 22 0 1000 7000 0 1 1 0 1000 50 35000
0 1013 0 1 46654 23 0 1000 7000 0 1 1 0 1000 50 35000
0 1016 0 1 46676 22 0 1000 7000 0 1 1 0 1000 50 35000
0 1013 0 1 46699 23 0 1000 7000 0 1 1 0 1000 50 35000
0 1016 0 1 46722 23 0 1000 7000 0 1 1 0 1000 50 35000
0 1017 0 1 46744 22 0 1000 7000 0 1 1 0 1000 50 35000
0 1013 0 1 46767 23 0 1000 7000 0 1 1 0 1000 50 35000
0 1018 0 1 46789 22 0 1000 7000 0 1 1 0 1000 50 35000
0 1019 0 1 46812 23 0 1000 7000 0 1 1 0 1000 50 35000
0 1014 0 1 46834 22 0 1000 7000 0 1 1 0 1000 50 35000
0 1017 0 1 46857 23 0 1000 7000 0 1 1 0 1000 50 35000
0 1016 0 1 46879 22 0 1000 7000 0 1 1 0 1000 50 35000
0 1011 0 1 46902 23 0 1000 7000 0 1 1 0 1000 50 35000
0 1016 0 1 46925 23 0 1000 7000 0 1 1 0 1000 50 35000
0 1014 0 1 46948 23 0 1000 7000 0 1 1 0 1000 50 35000
0 1010 0 1 46970 22 0 1000 7000 0 1 1 0 1000 50 35000
0 1016 0 1 46993 23 0 1000 7000 0 1 1 0 1000 50 35000
0 1015 0 1 47015 22 0 1000 7000 0 1 1 0 1000 50 35000
0 1014 0 1 47038 23 0 1000 7000 0 1 1 0 1000 50 35000
0 1021 0 1 47060 22 0 1000 7000 0 1 1 0 1000 50 35000
0 1015 0 1 47083 23 0 1000 7000 0 1 1 0 1000 50 35000
0 1015 0 1 47106 23 0 1000 7000 0 1 1 0 1000 50 35000
0 1021 0 1 47128 22 0 1000 7000 0 1 1 0 1000 50 35000
0 1014 0 1 47151 23 0 1000 7000 0 1 1 0 1000 50 35000
0 1016 0 1 47173 22 0 1000 7000 0 1 1 0 1000 50 35000
0 1016 0 1 47196 23 0 1000 7000 0 1 1 0 1000 50 35000
0 1011 0 1 47218 22 0 1000 7000 0 1 1 0 1000 50 35000
0 1016 0 1 47241 23 0 1000 7000 0 1 1 0 1000 50 35000
0 1014 0 1 47263 22 0 1000 7000 0 1 1 0 1000 50 35000
0 1007 0 1 47286 23 0 1000 7000 0 1 1 0 1000 50 35000
0 1018 0 1 47308 22 0 1000 7000 0 1 1 0 1000 50 35000
0 1015 0 1 47332 24 0 1000 7000 0 1 1 0 1000 50 35000
0 1014 0 1 47354 22 0 1000 7000 0 1 1 0 1000 50 35000
0 1016 0 1 47377 23 0 1000 7000 0 1 1 0 1000 50 35000
0 1013 0 1 47399 22 0 1000 7000 0 1 1 0 1000 50 35000
0 1015 0 1 47422 23 0 1000 7000 0 1 1 0 1000 50 35000
0 1019 0 1 47444 22 0 1000 7000 0 1 1 0 1000 50 35000
0 1013 0 1 47467 23 0 1000 7000 0 1 1 0 1000 50 35000
0 1015 0 1 47490 23 0 1000 7000 0 1 1 0 1000 50 35000
0 1018 0 1 47512 22 0 1000 7000 0 1 1 0 1000 50 35000
0 1014 0 1 47535 23 0 1000 7000 0 1 1 0 1000 50 35000
0 1017 0 1 47557 22 0 1000 7000 0 1 1 0 1000 50 35000
0 1007 0 1 47580 23 0 1000 7000 0 1 1 0 1000 50 35000
0 1010 0 1 47602 22 0 1000 7000 0 1 1 0 1000 50 35000
0 1016 0 1 47625 23 0 1000 7000 0 1 1 0 1000 50 35000
0 1014 0 1 47647 22 0 1000 7000 0 1 1 0 1000 50 35000
0 1009 0 1 47670 23 0 1000 7000 0 1 1 0 1000 50 35000
0 1018 0 1 47692 22 0 1000 7000 0 1 1 0 1000 50 35000
0 1014 0 1 47715 23 0 1000 7000 0 1 1 0 1000 50 35000
0 1013 0 1 47738 23 0 1000 7000 0 1 1 0 1000 50 35000
0 1021 0 1 47761 23 0 1000 7000 0 1 1 0 1000 50 35000
0 1014 0 1 47783 22 0 1000 7000 0 1 1 0 1000 50 35000
0 1015 0 1 47806 23 0 1000 7000 0 1 1 0 1000 50 35000
0 1019 0 1 47828 22 0 1000 7000 0 1 1 0 1000 50 35000
0 1013 0 1 47851 23 0 1000 7000 0 1 1 0 1000 50 35000
0 1015 0 1 47874 23 0 1000 7000 0 1 1 0 1000 50 35000
0 1014 0 1 47896 22 0 1000 7000 0 1 1 0 1000 50 35000
0 1011 0 1 47919 23 0 1000 7000 0 1 1 0 1000 50 35000
0 1013 0 1 47941 22 0 1000 7000 0 1 1 0 1000 50 35000
0 1013 0 1 47964 23 0 1000 7000 0 1 1 0 1000 50 35000
0 1009 0 1 47986 22 0 1000 7000 0 1 1 0 1000 50 35000
0 1016 0 1 48009 23 0 1000 7000 0 1 1 0 1000 50 35000
0 1014 0 1 48031 22 0 1000 7000 0 1 1 0 1000 50 35000
0 1015 0 1 48054 23 0 1000 7000 0 1 1 0 1000 50 35000
0 1016 0 1 48076 22 0 1000 7000 0 1 1 0 1000 50 35000
0 1014 0 1 48099 23 0 1000 7000 0 1 1 0 1000 50 35000
0 1015 0 1 48121 22 0 1000 7000 0 1 1 0 1000 50 35000
0 1023 0 1 48145 24 0 1000 7000 0 1 1 0 1000 50 35000
0 1013 0 1 48167 22 0 1000 7000 0 1 1 0 1000 50 35000
0 1015 0 1 48190 23 0 1000 7000 0 1 1 0 1000 50 35000
0 1020 0 1 48212 22 0 1000 7000 0 1 1 0 1000 50 35000
0 1013 0 1 48235 23 0 1000 7000 0 1 1 0 1000 50 35000
0 1016 0 1 48258 23 0 1000 7000 0 1 1 0 1000 50 35000
0 1015 0 1 48280 22 0 1000 7000 0 1 1 0 1000 50 35000
0 1011 0 1 48303 23 0 1000 7000 0 1 1 0 1000 50 35000
0 1016 0 1 48325 22 0 1000 7000 0 1 1 0 1000 50 35000
0 1018 0 1 48348 23 0 1000 7000 0 1 1 0 1000 50 35000
0 1010 0 1 48370 22 0 1000 7000 0 1 1 0 1000 50 35000
0 1016 0 1 48393 23 0 1000 7000 0 1 1 0 1000 50 35000
0 1014 0 1 48415 22 0 1000 7000 0 1 1 0 1000 50 35000
0 1014 0 1 48438 23 0 1000 7000 0 1 1 0 1000 50 35000
0 1020 0 1 48460 22 0 1000 7000 0 1 1 0 1000 50 35000
0 1015 0 1 48483 23 0 1000 7000 0 1 1 0 1000 50 35000
0 1006 0 1 48505 22 0 1000 7000 0 1 1 0 1000 50 35000
0 1023 0 1 48528 23 0 1000 7000 0 1 1 0 1000 50 35000
0 1016 0 1 48551 23 0 1000 7000 0 1 1 0 1000 50 35000
0 1013 0 1 48574 23 0 1000 7000 0 1 1 0 1000 50 35000
0 1023 0 1 48596 22 0 1000 7000 0 1 1 0 1000 50 35000
0 1007 0 1 48619 23 0 1000 7000 0 1 1 0 1000 50 35000
0 1014 0 1 48642 23 0 1000 7000 0 1 1 0 1000 50 35000
0 1023 0 1 48664 22 0 1000 7000 0 1 1 0 1000 50 35000
0 952 0 1 48687 23 0 1000 7000 0 1 1 0 1000 50 35000
0 1016 0 1 48709 22 0 1000 7000 0 1 1 0 1000 50 35000
0 1023 0 1 48732 23 0 1000 7000 0 1 1 0 1000 50 35000
0 979 0 1 48754 22 0 1000 7000 0 1 1 0 1000 50 35000
0 1021 0 1 48777 23 0 1000 7000 0 1 1 0 1000 50 35000
0 1012 0 1 48799 22 0 1000 7000 0 1 1 0 1000 50 35000
0 1007 0 1 48822 23 0 1000 7000 0 1 1 0 1000 50 35000
0 1020 0 1 48844 22 0 1000 7000 0 1 1 0 1000 50 35000
0 1013 0 1 48867 23 0 1000 7000 0 1 1 0 1000 50 35000
0 1014 0 1 48889 22 0 1000 7000 0 1 1 0 1000 50 35000
0 1022 0 1 48912 23 0 1000 7000 0 1 1 0 1000 50 35000
0 1014 0 1 48934 22 0 1000 7000 0 1 1 0 1000 50 35000
0 1016 0 1 48957 23 0 1000 7000 0 1 1 0 1000 50 35000
0 1018 0 1 48979 22 0 1000 7000 0 1 1 0 1000 50 35000
0 1014 0 1 49003 24 0 1000 7000 0 1 1 0 1000 50 35000
0 1015 0 1 49026 23 0 1000 7000 0 1 1 0 1000 50 35000
0 1016 0 1 49048 22 0 1000 7000 0 1 1 0 1000 50 35000
0 1007 0 1 49071 23 0 1000 7000 0 1 1 0 1000 50 35000
0 1016 0 1 49093 22 0 1000 7000 0 1 1 0 1000 50 35000
0 1015 0 1 49116 23 0 1000 7000 0 1 1 0 1000 50 35000
0 1002 0 1 49138 22 0 1000 7000 0 1 1 0 1000 50 35000
0 1023 0 1 49161 23 0 1000 7000 0 1 1 0 1000 50 35000
0 1015 0 1 49183 22 0 1000 7000 0 1 1 0 1000 50 35000
0 1013 0 1 49206 23 0 1000 7000 0 1 1 0 1000 50 35000
0 1023 0 1 49228 22 0 1000 7000 0 1 1 0 1000 50 35000
0 1014 0 1 49251 23 0 1000 7000 0 1 1 0 1000 50 35000
0 1012 0 1 49273 22 0 1000 7000 0 1 1 0 1000 50 35000
0 1017 0 1 49296 23 0 1000 7000 0 1 1 0 1000 50 35000
0 1012 0 1 49318 22 0 1000 7000 0 1 1 0 1000 50 35000
0 1014 0 1 49341 23 0 1000 7000 0 1 1 0 1000 50 35000
0 1016 0 1 49363 22 0 1000 7000 0 1 1 0 1000 50 35000
0 1012 0 1 49386 23 0 1000 7000 0 1 1 0 1000 50 35000
0 1016 0 1 49410 24 0 1000 7000 0 1 1 0 1000 50 35000
0 1015 0 1 49432 22 0 1000 7000 0 1 1 0 1000 50 35000
0 1010 0 1 49455 23 0 1000 7000 0 1 1 0 1000 50 35000
0 1015 0 1 49477 22 0 1000 7000 0 1 1 0 1000 50 35000
0 1014 0 1 49500 23 0 1000 7000 0 1 1 0 1000 50 35000
0 1011 0 1 49522 22 0 1000 7000 0 1 1 0 1000 50 35000
0 1019 0 1 49545 23 0 1000 7000 0 1 1 0 1000 50 35000
0 1014 0 1 49567 22 0 1000 7000 0 1 1 0 1000 50 35000
0 1013 0 1 49590 23 0 1000 7000 0 1 1 0 1000 50 35000
0 1022 0 1 49612 22 0 1000 7000 0 1 1 0 1000 50 35000
0 1014 0 1 49635 23 0 1000 7000 0 1 1 0 1000 50 35000
0 1015 0 1 49657 22 0 1000 7000 0 1 1 0 1000 50 35000
0 1016 0 1 49680 23 0 1000 7000 0 1 1 0 1000 50 35000
0 1012 0 1 49702 22 0 1000 7000 0 1 1 0 1000 50 35000
0 1015 0 1 49725 23 0 1000 7000 0 1 1 0 1000 50 35000
0 1015 0 1 49747 22 0 1000 7000 0 1 1 0 1000 50 35000
0 1009 0 1 49770 23 0 1000 7000 0 1 1 0 1000 50 35000
0 1015 0 1 49793 23 0 1000 7000 0 1 1 0 1000 50 35000
0 1014 0 1 49816 23 0 1000 7000 0 1 1 0 1000 50 35000
0 1011 0 1 49839 23 0 1000 7000 0 1 1 0 1000 50 35000
0 1021 0 1 49861 22 0 1000 7000 0 1 1 0 1000 50 35000
0 1014 0 1 49884 23 0 1000 7000 0 1 1 0 1000 50 35000
0 1013 0 1 49906 22 0 1000 7000 0 1 1 0 1000 50 35000
0 1023 0 1 49929 23 0 1000 7000 0 1 1 0 1000 50 35000
0 1010 0 1 49951 22 0 1000 7000 0 1 1 0 1000 50 35000
0 1014 0 1 49974 23 0 1000 7000 0 1 1 0 1000 50 35000
0 1016 0 1 49996 22 0 1000 7000 0 1 1 0 1000 50 35000
0 1004 0 1 50019 23 0 1000 7000 0 1 1 0 1000 50 35000
0 1014 0 1 50041 22 0 1000 7000 0 1 1 0 1000 50 35000
0 1008 0 1 50064 23 0 1000 7000 0 1 1 0 1000 50 35000
0 1005 0 1 50086 22 0 1000 7000 0 1 1 0 1000 50 35000
0 1015 0 1 50109 23 0 1000 7000 0 1 1 0 1000 50 35000
0 1014 0 1 50131 22 0 1000 7000 0 1 1 0 1000 50 35000
0 1013 0 1 50154 23 0 1000 7000 0 1 1 0 1000 50 35000
0 1016 0 1 50177 23 0 1000 7000 0 1 1 0 1000 50 35000
0 1013 0 1 50199 22 0 1000 7000 0 1 1 0 1000 50 35000
0 1014 0 1 50222 23 0 1000 7000 0 1 1 0 1000 50 35000
0 1018 0 1 50245 23 0 1000 7000 0 1 1 0 1000 50 35000
0 1013 0 1 50268 23 0 1000 7000 0 1 1 0 1000 50 35000
0 1014 0 1 50290 22 0 1000 7000 0 1 1 0 1000 50 35000
0 1020 0 1 50313 23 0 1000 7000 0 1 1 0 1000 50 35000
0 1013 0 1 50335 22 0 1000 7000 0 1 1 0 1000 50 35000
0 1013 0 1 50358 23 0 1000 7000 0 1 1 0 1000 50 35000
0 1017 0 1 50380 22 0 1000 7000 0 1 1 0 1000 50 35000
0 1009 0 1 50403 23 0 1000 7000 0 1 1 0 1000 50 35000
0 1015 0 1 50425 22 0 1000 7000 0 1 1 0 1000 50 35000
0 1014 0 1 50448 23 0 1000 7000 0 1 1 0 1000 50 35000
0 1007 0 1 50470 22 0 1000 7000 0 1 1 0 1000 50 35000
0 1016 0 1 50493 23 0 1000 7000 0 1 1 0 1000 50 35000
0 1012 0 1 50515 22 0 1000 7000 0 1 1 0 1000 50 35000
0 1011 0 1 50538 23 0 1000 7000 0 1 1 0 1000 50 35000
0 1022 0 1 50561 23 0 1000 7000 0 1 1 0 1000 50 35000
0 1014 0 1 50583 22 0 1000 7000 0 1 1 0 1000 50 35000
0 1014 0 1 50606 23 0 1000 7000 0 1 1 0 1000 50 35000
0 1018 0 1 50629 23 0 1000 7000 0 1 1 0 1000 50 35000
0 1015 0 1 50652 23 0 1000 7000 0 1 1 0 1000 50 35000
0 1015 0 1 50674 22 0 1000 7000 0 1 1 0 1000 50 35000
0 1017 0 1 50697 23 0 1000 7000 0 1 1 0 1000 50 35000
0 1004 0 1 50719 22 0 1000 7000 0 1 1 0 1000 50 35000
0 1015 0 1 50742 23 0 1000 7000 0 1 1 0 1000 50 35000
0 1015 0 1 50764 22 0 1000 7000 0 1 1 0 1000 50 35000
0 1004 0 1 50787 23 0 1000 7000 0 1 1 0 1000 50 35000
0 1015 0 1 50809 22 0 1000 7000 0 1 1 0 1000 50 35000
0 1011 0 1 50832 23 0 1000 7000 0 1 1 0 1000 50 35000
0 1012 0 1 50854 22 0 1000 7000 0 1 1 0 1000 50 35000
0 1017 0 1 50877 23 0 1000 7000 0 1 1 0 1000 50 35000
0 1011 0 1 50899 22 0 1000 7000 0 1 1 0 1000 50 35000
0 1013 0 1 50922 23 0 1000 7000 0 1 1 0 1000 50 35000
0 1020 0 1 50945 23 0 1000 7000 0 1 1 0 1000 50 35000
0 1012 0 1 50967 22 0 1000 7000 0 1 1 0 1000 50 35000
0 1013 0 1 50990 23 0 1000 7000 0 1 1 0 1000 50 35000
0 1020 0 1 51012 22 0 1000 7000 0 1 1 0 1000 50 35000
0 1013 0 1 51035 23 0 1000 7000 0 1 1 0 1000 50 35000
0 1016 0 1 51058 23 0 1000 7000 0 1 1 0 1000 50 35000
0 1016 0 1 51081 23 0 1000 7000 0 1 1 0 1000 50 35000
0 1011 0 1 51103 22 0 1000 7000 0 1 1 0 1000 50 35000
0 1015 0 1 51126 23 0 1000 7000 0 1 1 0 1000 50 35000
0 1015 0 1 51148 22 0 1000 7000 0 1 1 0 1000 50 35000
0 1011 0 1 51171 23 0 1000 7000 0 1 1 0 1000 50 35000
0 1015 0 1 51193 22 0 1000 7000 0 1 1 0 1000 50 35000
0 1014 0 1 51216 23 0 1000 7000 0 1 1 0 1000 50 35000
0 1012 0 1 51238 22 0 1000 7000 0 1 1 0 1000 50 35000
0 1023 0 1 51261 23 0 1000 7000 0 1 1 0 1000 50 35000
0 1014 0 1 51283 22 0 1000 7000 0 1 1 0 1000 50 35000
0 1014 0 1 51306 23 0 1000 7000 0 1 1 0 1000 50 35000
0 1021 0 1 51329 23 0 1000 7000 0 1 1 0 1000 50 35000
0 1014 0 1 51351 22 0 1000 7000 0 1 1 0 1000 50 35000
0 1014 0 1 51374 23 0 1000 7000 0 1 1 0 1000 50 35000
0 1015 0 1 51396 22 0 1000 7000 0 1 1 0 1000 50 35000
0 1011 0 1 51419 23 0 1000 7000 0 1 1 0 1000 50 35000
0 1013 0 1 51441 22 0 1000 7000 0 1 1 0 1000 50 35000
0 1012 0 1 51464 23 0 1000 7000 0 1 1 0 1000 50 35000
0 1009 0 1 51487 23 0 1000 7000 0 1 1 0 1000 50 35000
0 1015 0 1 51510 23 0 1000 7000 0 1 1 0 1000 50 35000
0 1010 0 1 51532 22 0 1000 7000 0 1 1 0 1000 50 35000
0 1008 0 1 51555 23 0 1000 7000 0 1 1 0 1000 50 35000
0 1015 0 1 51577 22 0 1000 7000 0 1 1 0 1000 50 35000
0 1013 0 1 51600 23 0 1000 7000 0 1 1 0 1000 50 35000
0 1013 0 1 51622 22 0 1000 7000 0 1 1 0 1000 50 35000
0 1016 0 1 51645 23 0 1000 7000 0 1 1 0 1000 50 35000
0 1013 0 1 51667 22 0 1000 7000 0 1 1 0 1000 50 35000
0 1014 0 1 51690 23 0 1000 7000 0 1 1 0 1000 50 35000
0 1020 0 1 51713 23 0 1000 7000 0 1 1 0 1000 50 35000
0 1014 0 1 51735 22 0 1000 7000 0 1 1 0 1000 50 35000
0 1015 0 1 51758 23 0 1000 7000 0 1 1 0 1000 50 35000
0 1015 0 1 51780 22 0 1000 7000 0 1 1 0 1000 50 35000
0 1012 0 1 51803 23 0 1000 7000 0 1 1 0 1000 50 35000
0 1015 0 1 51825 22 0 1000 7000 0 1 1 0 1000 50 35000
0 1014 0 1 51848 23 0 1000 7000 0 1 1 0 1000 50 35000
0 1010 0 1 51870 22 0 1000 7000 0 1 1 0 1000 50 35000
0 1015 0 1 51893 23 0 1000 7000 0 1 1 0 1000 50 35000
0 1012 0 1 51916 23 0 1000 7000 0 1 1 0 1000 50 35000
0 1012 0 1 51939 23 0 1000 7000 0 1 1 0 1000 50 35000
0 1023 0 1 51961 22 0 1000 7000 0 1 1 0 1000 50 35000
0 1013 0 1 51984 23 0 1000 7000 0 1 1 0 1000 50 35000
0 1014 0 1 52006 22 0 1000 7000 0 1 1 0 1000 50 35000
0 1021 0 1 52029 23 0 1000 7000 0 1 1 0 1000 50 35000
0 1014 0 1 52051 22 0 1000 7000 0 1 1 0 1000 50 35000
0 1014 0 1 52074 23 0 1000 7000 0 1 1 0 1000 50 35000
0 1016 0 1 52097 23 0 1000 7000 0 1 1 0 1000 50 35000
0 1011 0 1 52119 22 0 1000 7000 0 1 1 0 1000 50 35000
0 1019 0 1 52142 23 0 1000 7000 0 1 1 0 1000 50 35000
0 1014 0 1 52164 22 0 1000 7000 0 1 1 0 1000 50 35000
0 1009 0 1 52187 23 0 1000 7000 0 1 1 0 1000 50 35000
0 1015 0 1 52209 22 0 1000 7000 0 1 1 0 1000 50 35000
0 1017 0 1 52232 23 0 1000 7000 0 1 1 0 1000 50 35000
0 1011 0 1 52254 22 0 1000 7000 0 1 1 0 1000 50 35000
0 1015 0 1 52277 23 0 1000 7000 0 1 1 0 1000 50 35000
0 1013 0 1 52299 22 0 1000 7000 0 1 1 0 1000 50 35000
0 1013 0 1 52322 23 0 1000 7000 0 1 1 0 1000 50 35000
0 1019 0 1 52345 23 0 1000 7000 0 1 1 0 1000 50 35000
0 1013 0 1 52368 23 0 1000 7000 0 1 1 0 1000 50 35000
0 1014 0 1 52390 22 0 1000 7000 0 1 1 0 1000 50 35000
0 1020 0 1 52413 23 0 1000 7000 0 1 1 0 1000 50 35000
0 1014 0 1 52435 22 0 1000 7000 0 1 1 0 1000 50 35000
0 1019 0 1 52458 23 0 1000 7000 0 1 1 0 1000 50 35000
0 1016 0 1 52481 23 0 1000 7000 0 1 1 0 1000 50 35000
0 1009 0 1 52503 22 0 1000 7000 0 1 1 0 1000 50 35000
0 1016 0 1 52526 23 0 1000 7000 0 1 1 0 1000 50 35000
0 1014 0 1 52548 22 0 1000 7000 0 1 1 0 1000 50 35000
0 1008 0 1 52571 23 0 1000 7000 0 1 1 0 1000 50 35000
0 1017 0 1 52593 22 0 1000 7000 0 1 1 0 1000 50 35000
0 1014 0 1 52616 23 0 1000 7000 0 1 1 0 1000 50 35000
0 1016 0 1 52638 22 0 1000 7000 0 1 1 0 1000 50 35000
0 1022 0 1 52661 23 0 1000 7000 0 1 1 0 1000 50 35000
0 1014 0 1 52683 22 0 1000 7000 0 1 1 0 1000 50 35000
0 1013 0 1 52706 23 0 1000 7000 0 1 1 0 1000 50 35000
0 1022 0 1 52728 22 0 1000 7000 0 1 1 0 1000 50 35000
0 1015 0 1 52752 24 0 1000 7000 0 1 1 0 1000 50 35000
0 1014 0 1 52774 22 0 1000 7000 0 1 1 0 1000 50 35000
0 1013 0 1 52797 23 0 1000 7000 0 1 1 0 1000 50 35000
0 1008 0 1 52819 22 0 1000 7000 0 1 1 0 1000 50 35000
0 1015 0 1 52842 23 0 1000 7000 0 1 1 0 1000 50 35000
0 1015 0 1 52865 23 0 1000 7000 0 1 1 0 1000 50 35000
0 1008 0 1 52887 22 0 1000 7000 0 1 1 0 1000 50 35000
0 1014 0 1 52910 23 0 1000 7000 0 1 1 0 1000 50 35000
0 1014 0 1 52932 22 0 1000 7000 0 1 1 0 1000 50 35000
0 1012 0 1 52955 23 0 1000 7000 0 1 1 0 1000 50 35000
0 1015 0 1 52977 22 0 1000 7000 0 1 1 0 1000 50 35000
0 1014 0 1 53000 23 0 1000 7000 0 1 1 0 1000 50 35000
0 1013 0 1 53022 22 0 1000 7000 0 1 1 0 1000 50 35000
0 1018 0 1 53045 23 0 1000 7000 0 1 1 0 1000 50 35000
0 1013 0 1 53067 22 0 1000 7000 0 1 1 0 1000 50 35000
0 1014 0 1 53090 23 0 1000 7000 0 1 1 0 1000 50 35000
0 1020 0 1 53112 22 0 1000 7000 0 1 1 0 1000 50 35000
0 1014 0 1 53135 23 0 1000 7000 0 1 1 0 1000 50 35000
0 1015 0 1 53157 22 0 1000 7000 0 1 1 0 1000 50 35000
0 1017 0 1 53181 24 0 1000 7000 0 1 1 0 1000 50 35000
0 1013 0 1 53203 22 0 1000 7000 0 1 1 0 1000 50 35000
0 1014 0 1 53226 23 0 1000 7000 0 1 1 0 1000 50 35000
0 1015 0 1 53249 23 0 1000 7000 0 1 1 0 1000 50 35000
0 1012 0 1 53271 22 0 1000 7000 0 1 1 0 1000 50 35000
0 1017 0 1 53294 23 0 1000 7000 0 1 1 0 1000 50 35000
0 1016 0 1 53316 22 0 1000 7000 0 1 1 0 1000 50 35000
0 1013 0 1 53339 23 0 1000 7000 0 1 1 0 1000 50 35000
0 1020 0 1 53361 22 0 1000 7000 0 1 1 0 1000 50 35000
0 1014 0 1 53384 23 0 1000 7000 0 1 1 0 1000 50 35000
0 1013 0 1 53406 22 0 1000 7000 0 1 1 0 1000 50 35000
0 1021 0 1 53429 23 0 1000 7000 0 1 1 0 1000 50 35000
0 1013 0 1 53451 22 0 1000 7000 0 1 1 0 1000 50 35000
0 1013 0 1 53474 23 0 1000 7000 0 1 1 0 1000 50 35000
0 1016 0 1 53496 22 0 1000 7000 0 1 1 0 1000 50 35000
0 1010 0 1 53519 23 0 1000 7000 0 1 1 0 1000 50 35000
0 1015 0 1 53541 22 0 1000 7000 0 1 1 0 1000 50 35000
0 1010 0 1 53564 23 0 1000 7000 0 1 1 0 1000 50 35000
0 1009 0 1 53587 23 0 1000 7000 0 1 1 0 1000 50 35000
0 1015 0 1 53610 23 0 1000 7000 0 1 1 0 1000 50 35000
0 1014 0 1 53633 23 0 1000 7000 0 1 1 0 1000 50 35000
0 1011 0 1 53655 22 0 1000 7000 0 1 1 0 1000 50 35000
0 1015 0 1 53678 23 0 1000 7000 0 1 1 0 1000 50 35000
0 1014 0 1 53700 22 0 1000 7000 0 1 1 0 1000 50 35000
0 1013 0 1 53723 23 0 1000 7000 0 1 1 0 1000 50 35000
0 1018 0 1 53745 22 0 1000 7000 0 1 1 0 1000 50 35000
0 1013 0 1 53768 23 0 1000 7000 0 1 1 0 1000 50 35000
0 1013 0 1 53790 22 0 1000 7000 0 1 1 0 1000 50 35000
0 1020 0 1 53813 23 0 1000 7000 0 1 1 0 1000 50 35000
0 1010 0 1 53835 22 0 1000 7000 0 1 1 0 1000 50 35000
0 1015 0 1 53858 23 0 1000 7000 0 1 1 0 1000 50 35000
0 1016 0 1 53880 22 0 1000 7000 0 1 1 0 1000 50 35000
0 1010 0 1 53903 23 0 1000 7000 0 1 1 0 1000 50 35000
0 1015 0 1 53925 22 0 1000 7000 0 1 1 0 1000 50 35000
0 1017 0 1 53948 23 0 1000 7000 0 1 1 0 1000 50 35000
0 1007 0 1 53970 22 0 1000 7000 0 1 1 0 1000 50 35000
0 1015 0 1 53994 24 0 1000 7000 0 1 1 0 1000 50 35000
0 1013 0 1 54017 23 0 1000 7000 0 1 1 0 1000 50 35000
0 1012 0 1 54039 22 0 1000 7000 0 1 1 0 1000 50 35000
0 1022 0 1 54062 23 0 1000 7000 0 1 1 0 1000 50 35000
0 1014 0 1 54084 22 0 1000 7000 0 1 1 0 1000 50 35000
0 1013 0 1 54107 23 0 1000 7000 0 1 1 0 1000 50 35000
0 1022 0 1 54129 22 0 1000 7000 0 1 1 0 1000 50 35000
0 1013 0 1 54152 23 0 1000 7000 0 1 1 0 1000 50 35000
0 1014 0 1 54174 22 0 1000 7000 0 1 1 0 1000 50 35000
0 1018 0 1 54197 23 0 1000 7000 0 1 1 0 1000 50 35000
0 1012 0 1 54219 22 0 1000 7000 0 1 1 0 1000 50 35000
0 1015 0 1 54242 23 0 1000 7000 0 1 1 0 1000 50 35000
0 1015 0 1 54264 22 0 1000 7000 0 1 1 0 1000 50 35000
0 1009 0 1 54287 23 0 1000 7000 0 1 1 0 1000 50 35000
0 1011 0 1 54309 22 0 1000 7000 0 1 1 0 1000 50 35000
0 1014 0 1 54332 23 0 1000 7000 0 1 1 0 1000 50 35000
0 1011 0 1 54354 22 0 1000 7000 0 1 1 0 1000 50 35000
0 1018 0 1 54377 23 0 1000 7000 0 1 1 0 1000 50 35000
0 1013 0 1 54401 24 0 1000 7000 0 1 1 0 1000 50 35000
0 1013 0 1 54423 22 0 1000 7000 0 1 1 0 1000 50 35000
0 1018 0 1 54446 23 0 1000 7000 0 1 1 0 1000 50 35000
0 1013 0 1 54468 22 0 1000 7000 0 1 1 0 1000 50 35000
0 1014 0 1 54491 23 0 1000 7000 0 1 1 0 1000 50 35000
0 1018 0 1 54513 22 0 1000 7000 0 1 1 0 1000 50 35000
0 1014 0 1 54536 23 0 1000 7000 0 1 1 0 1000 50 35000
0 1015 0 1 54558 22 0 1000 7000 0 1 1 0 1000 50 35000
0 1015 0 1 54581 23 0 1000 7000 0 1 1 0 1000 50 35000
0 1008 0 1 54603 22 0 1000 7000 0 1 1 0 1000 50 35000
0 1015 0 1 54626 23 0 1000 7000 0 1 1 0 1000 50 35000
0 1017 0 1 54648 22 0 1000 7000 0 1 1 0 1000 50 35000
0 1007 0 1 54671 23 0 1000 7000 0 1 1 0 1000 50 35000
0 1015 0 1 54693 22 0 1000 7000 0 1 1 0 1000 50 35000
0 1013 0 1 54716 23 0 1000 7000 0 1 1 0 1000 50 35000
0 1012 0 1 54738 22 0 1000 7000 0 1 1 0 1000 50 35000
0 1023 0 1 54761 23 0 1000 7000 0 1 1 0 1000 50 35000
0 1013 0 1 54784 23 0 1000 7000 0 1 1 0 1000 50 35000
0 1014 0 1 54806 22 0 1000 7000 0 1 1 0 1000 50 35000
0 1020 0 1 54830 24 0 1000 7000 0 1 1 0 1000 50 35000
0 1013 0 1 54852 22 0 1000 7000 0 1 1 0 1000 50 35000
0 1014 0 1 54875 23 0 1000 7000 0 1 1 0 1000 50 35000
0 1015 0 1 54897 22 0 1000 7000 0 1 1 0 1000 50 35000
0 1011 0 1 54920 23 0 1000 7000 0 1 1 0 1000 50 35000
0 1014 0 1 54942 22 0 1000 7000 0 1 1 0 1000 50 35000
0 1015 0 1 54965 23 0 1000 7000 0 1 1 0 1000 50 35000
0 1006 0 1 54987 22 0 1000 7000 0 1 1 0 1000 50 35000
0 1015 0 1 55010 23 0 1000 7000 0 1 1 0 1000 50 35000
0 1014 0 1 55032 22 0 1000 7000 0 1 1 0 1000 50 35000
0 1012 0 1 55055 23 0 1000 7000 0 1 1 0 1000 50 35000
0 1013 0 1 55077 22 0 1000 7000 0 1 1 0 1000 50 35000
0 1012 0 1 55100 23 0 1000 7000 0 1 1 0 1000 50 35000
0 1012 0 1 55122 22 0 1000 7000 0 1 1 0 1000 50 35000
0 1018 0 1 55145 23 0 1000 7000 0 1 1 0 1000 50 35000
0 1012 0 1 55168 23 0 1000 7000 0 1 1 0 1000 50 35000
0 1016 0 1 55190 22 0 1000 7000 0 1 1 0 1000 50 35000
0 1019 0 1 55213 23 0 1000 7000 0 1 1 0 1000 50 35000
0 1013 0 1 55236 23 0 1000 7000 0 1 1 0 1000 50 35000
0 1015 0 1 55259 23 0 1000 7000 0 1 1 0 1000 50 35000
0 1015 0 1 55281 22 0 1000 7000 0 1 1 0 1000 50 35000
0 1010 0 1 55304 23 0 1000 7000 0 1 1 0 1000 50 35000
0 1014 0 1 55326 22 0 1000 7000 0 1 1 0 1000 50 35000
0 1018 0 1 55349 23 0 1000 7000 0 1 1 0 1000 50 35000
0 1007 0 1 55371 22 0 1000 7000 0 1 1 0 1000 50 35000
0 1015 0 1 55394 23 0 1000 7000 0 1 1 0 1000 50 35000
0 1014 0 1 55416 22 0 1000 7000 0 1 1 0 1000 50 35000
0 1012 0 1 55439 23 0 1000 7000 0 1 1 0 1000 50 35000
0 1021 0 1 55461 22 0 1000 7000 0 1 1 0 1000 50 35000
0 1013 0 1 55484 23 0 1000 7000 0 1 1 0 1000 50 35000
0 1013 0 1 55506 22 0 1000 7000 0 1 1 0 1000 50 35000
0 1019 0 1 55529 23 0 1000 7000 0 1 1 0 1000 50 35000
0 1013 0 1 55552 23 0 1000 7000 0 1 1 0 1000 50 35000
0 1013 0 1 55574 22 0 1000 7000 0 1 1 0 1000 50 35000
0 1015 0 1 55597 23 0 1000 7000 0 1 1 0 1000 50 35000
0 1012 0 1 55619 22 0 1000 7000 0 1 1 0 1000 50 35000
0 1015 0 1 55643 24 0 1000 7000 0 1 1 0 1000 50 35000
0 1014 0 1 55665 22 0 1000 7000 0 1 1 0 1000 50 35000
0 1009 0 1 55688 23 0 1000 7000 0 1 1 0 1000 50 35000
0 1015 0 1 55710 22 0 1000 7000 0 1 1 0 1000 50 35000
0 1014 0 1 55733 23 0 1000 7000 0 1 1 0 1000 50 35000
0 1013 0 1 55755 22 0 1000 7000 0 1 1 0 1000 50 35000
0 1013 0 1 55778 23 0 1000 7000 0 1 1 0 1000 50 35000
0 1014 0 1 55800 22 0 1000 7000 0 1 1 0 1000 50 35000
0 1022 0 1 55823 23 0 1000 7000 0 1 1 0 1000 50 35000
0 1017 0 1 55845 22 0 1000 7000 0 1 1 0 1000 50 35000
0 1013 0 1 55868 23 0 1000 7000 0 1 1 0 1000 50 35000
0 1013 0 1 55890 22 0 1000 7000 0 1 1 0 1000 50 35000
0 1018 0 1 55913 23 0 1000 7000 0 1 1 0 1000 50 35000
0 1014 0 1 55936 23 0 1000 7000 0 1 1 0 1000 50 35000
0 1017 0 1 55958 22 0 1000 7000 0 1 1 0 1000 50 35000
0 1015 0 1 55981 23 0 1000 7000 0 1 1 0 1000 50 35000
0 1007 0 1 56003 22 0 1000 7000 0 1 1 0 1000 50 35000
0 1012 0 1 56026 23 0 1000 7000 0 1 1 0 1000 50 35000
0 1016 0 1 56049 23 0 1000 7000 0 1 1 0 1000 50 35000
0 1007 0 1 56072 23 0 1000 7000 0 1 1 0 1000 50 35000
0 1015 0 1 56094 22 0 1000 7000 0 1 1 0 1000 50 35000
0 1014 0 1 56117 23 0 1000 7000 0 1 1 0 1000 50 35000
0 1012 0 1 56139 22 0 1000 7000 0 1 1 0 1000 50 35000
0 1021 0 1 56162 23 0 1000 7000 0 1 1 0 1000 50 35000
0 1014 0 1 56184 22 0 1000 7000 0 1 1 0 1000 50 35000
0 1013 0 1 56207 23 0 1000 7000 0 1 1 0 1000 50 35000
0 1019 0 1 56229 22 0 1000 7000 0 1 1 0 1000 50 35000
0 1013 0 1 56252 23 0 1000 7000 0 1 1 0 1000 50 35000
0 1012 0 1 56274 22 0 1000 7000 0 1 1 0 1000 50 35000
0 1023 0 1 56297 23 0 1000 7000 0 1 1 0 1000 50 35000
0 1008 0 1 56320 23 0 1000 7000 0 1 1 0 1000 50 35000
0 1018 0 1 56342 22 0 1000 7000 0 1 1 0 1000 50 35000
0 1023 0 1 56365 23 0 1000 7000 0 1 1 0 1000 50 35000
0 968 0 1 56387 22 0 1000 7000 0 1 1 0 1000 50 35000
0 1022 0 1 56410 23 0 1000 7000 0 1 1 0 1000 50 35000
0 1014 0 1 56432 22 0 1000 7000 0 1 1 0 1000 50 35000
0 951 0 1 56455 23 0 1000 7000 0 1 1 0 1000 50 35000
0 1021 0 1 56477 22 0 1000 7000 0 1 1 0 1000 50 35000
0 1000 0 1 56501 24 0 1000 7000 0 1 1 0 1000 50 35000
0 996 0 1 56523 22 0 1000 7000 0 1 1 0 1000 50 35000
0 1023 0 1 56546 23 0 1000 7000 0 1 1 0 1000 50 35000
0 992 0 1 56568 22 0 1000 7000 0 1 1 0 1000 50 35000
0 1012 0 1 56591 23 0 1000 7000 0 1 1 0 1000 50 35000
0 1023 0 1 56613 22 0 1000 7000 0 1 1 0 1000 50 35000
0 1003 0 1 56636 23 0 1000 7000 0 1 1 0 1000 50 35000
0 1007 0 1 56658 22 0 1000 7000 0 1 1 0 1000 50 35000
0 1023 0 1 56681 23 0 1000 7000 0 1 1 0 1000 50 35000
0 902 0 1 56704 23 0 1000 7000 0 1 1 0 1000 50 35000
0 1018 0 1 56726 22 0 1000 7000 0 1 1 0 1000 50 35000
0 1010 0 1 56749 23 0 1000 7000 0 1 1 0 1000 50 35000
0 913 0 1 56771 22 0 1000 7000 0 1 1 0 1000 50 35000
0 1020 0 1 56794 23 0 1000 7000 0 1 1 0 1000 50 35000
0 1011 0 1 56816 22 0 1000 7000 0 1 1 0 1000 50 35000
0 985 0 1 56839 23 0 1000 7000 0 1 1 0 1000 50 35000
0 1023 0 1 56861 22 0 1000 7000 0 1 1 0 1000 50 35000
0 1001 0 1 56884 23 0 1000 7000 0 1 1 0 1000 50 35000
0 998 0 1 56906 22 0 1000 7000 0 1 1 0 1000 50 35000
0 1023 0 1 56929 23 0 1000 7000 0 1 1 0 1000 50 35000
0 1006 0 1 56951 22 0 1000 7000 0 1 1 0 1000 50 35000
0 1010 0 1 56974 23 0 1000 7000 0 1 1 0 1000 50 35000
0 1023 0 1 56996 22 0 1000 7000 0 1 1 0 1000 50 35000
0 1005 0 1 57020 24 0 1000 7000 0 1 1 0 1000 50 35000
0 1018 0 1 57042 22 0 1000 7000 0 1 1 0 1000 50 35000
0 1023 0 1 57065 23 0 1000 7000 0 1 1 0 1000 50 35000
0 998 0 1 57088 23 0 1000 7000 0 1 1 0 1000 50 35000
0 1013 0 1 57110 22 0 1000 7000 0 1 1 0 1000 50 35000
0 1014 0 1 57133 23 0 1000 7000 0 1 1 0 1000 50 35000
0 1009 0 1 57155 22 0 1000 7000 0 1 1 0 1000 50 35000
0 1014 0 1 57178 23 0 1000 7000 0 1 1 0 1000 50 35000
0 1012 0 1 57200 22 0 1000 7000 0 1 1 0 1000 50 35000
0 1009 0 1 57223 23 0 1000 7000 0 1 1 0 1000 50 35000
0 1023 0 1 57245 22 0 1000 7000 0 1 1 0 1000 50 35000
0 1011 0 1 57268 23 0 1000 7000 0 1 1 0 1000 50 35000
0 994 0 1 57290 22 0 1000 7000 0 1 1 0 1000 50 35000
0 1023 0 1 57313 23 0 1000 7000 0 1 1 0 1000 50 35000
0 1013 0 1 57335 22 0 1000 7000 0 1 1 0 1000 50 35000
0 1006 0 1 57358 23 0 1000 7000 0 1 1 0 1000 50 35000
0 1023 0 1 57380 22 0 1000 7000 0 1 1 0 1000 50 35000
0 1011 0 1 57403 23 0 1000 7000 0 1 1 0 1000 50 35000
0 1010 0 1 57425 22 0 1000 7000 0 1 1 0 1000 50 35000
0 1023 0 1 57448 23 0 1000 7000 0 1 1 0 1000 50 35000
0 975 0 1 57472 24 0 1000 7000 0 1 1 0 1000 50 35000
0 1016 0 1 57494 22 0 1000 7000 0 1 1 0 1000 50 35000
0 1021 0 1 57517 23 0 1000 7000 0 1 1 0 1000 50 35000
0 981 0 1 57539 22 0 1000 7000 0 1 1 0 1000 50 35000
0 1014 0 1 57562 23 0 1000 7000 0 1 1 0 1000 50 35000
0 1014 0 1 57584 22 0 1000 7000 0 1 1 0 1000 50 35000
0 1012 0 1 57607 23 0 1000 7000 0 1 1 0 1000 50 35000
0 1017 0 1 57629 22 0 1000 7000 0 1 1 0 1000 50 35000
0 1010 0 1 57652 23 0 1000 7000 0 1 1 0 1000 50 35000
0 1014 0 1 57674 22 0 1000 7000 0 1 1 0 1000 50 35000
0 1018 0 1 57697 23 0 1000 7000 0 1 1 0 1000 50 35000
0 1014 0 1 57719 22 0 1000 7000 0 1 1 0 1000 50 35000
0 1019 0 1 57742 23 0 1000 7000 0 1 1 0 1000 50 35000
0 1016 0 1 57764 22 0 1000 7000 0 1 1 0 1000 50 35000
0 1008 0 1 57787 23 0 1000 7000 0 1 1 0 1000 50 35000
0 1013 0 1 57809 22 0 1000 7000 0 1 1 0 1000 50 35000
0 1014 0 1 57832 23 0 1000 7000 0 1 1 0 1000 50 35000
0 1010 0 1 57854 22 0 1000 7000 0 1 1 0 1000 50 35000
0 1015 0 1 57877 23 0 1000 7000 0 1 1 0 1000 50 35000
0 1018 0 1 57900 23 0 1000 7000 0 1 1 0 1000 50 35000
0 1014 0 1 57923 23 0 1000 7000 0 1 1 0 1000 50 35000
0 1023 0 1 57946 23 0 1000 7000 0 1 1 0 1000 50 35000
0 1013 0 1 57968 22 0 1000 7000 0 1 1 0 1000 50 35000
0 1014 0 1 57991 23 0 1000 7000 0 1 1 0 1000 50 35000
0 1019 0 1 58013 22 0 1000 7000 0 1 1 0 1000 50 35000
0 1012 0 1 58036 23 0 1000 7000 0 1 1 0 1000 50 35000
0 1014 0 1 58058 22 0 1000 7000 0 1 1 0 1000 50 35000
0 1016 0 1 58081 23 0 1000 7000 0 1 1 0 1000 50 35000
0 1010 0 1 58103 22 0 1000 7000 0 1 1 0 1000 50 35000
0 1015 0 1 58126 23 0 1000 7000 0 1 1 0 1000 50 35000
0 1017 0 1 58148 22 0 1000 7000 0 1 1 0 1000 50 35000
0 1004 0 1 58171 23 0 1000 7000 0 1 1 0 1000 50 35000
0 1015 0 1 58193 22 0 1000 7000 0 1 1 0 1000 50 35000
0 1013 0 1 58216 23 0 1000 7000 0 1 1 0 1000 50 35000
0 1010 0 1 58238 22 0 1000 7000 0 1 1 0 1000 50 35000
0 1014 0 1 58261 23 0 1000 7000 0 1 1 0 1000 50 35000
0 1012 0 1 58284 23 0 1000 7000 0 1 1 0 1000 50 35000
0 1014 0 1 58306 22 0 1000 7000 0 1 1 0 1000 50 35000
0 1018 0 1 58330 24 0 1000 7000 0 1 1 0 1000 50 35000
0 1012 0 1 58352 22 0 1000 7000 0 1 1 0 1000 50 35000
0 1014 0 1 58375 23 0 1000 7000 0 1 1 0 1000 50 35000
0 1019 0 1 58397 22 0 1000 7000 0 1 1 0 1000 50 35000
0 1013 0 1 58420 23 0 1000 7000 0 1 1 0 1000 50 35000
0 1015 0 1 58442 22 0 1000 7000 0 1 1 0 1000 50 35000
0 1015 0 1 58465 23 0 1000 7000 0 1 1 0 1000 50 35000
0 1007 0 1 58487 22 0 1000 7000 0 1 1 0 1000 50 35000
0 1015 0 1 58510 23 0 1000 7000 0 1 1 0 1000 50 35000
0 1010 0 1 58532 22 0 1000 7000 0 1 1 0 1000 50 35000
0 1006 0 1 58555 23 0 1000 7000 0 1 1 0 1000 50 35000
0 1015 0 1 58577 22 0 1000 7000 0 1 1 0 1000 50 35000
0 1016 0 1 58600 23 0 1000 7000 0 1 1 0 1000 50 35000
0 1011 0 1 58622 22 0 1000 7000 0 1 1 0 1000 50 35000
0 1022 0 1 58645 23 0 1000 7000 0 1 1 0 1000 50 35000
0 1014 0 1 58668 23 0 1000 7000 0 1 1 0 1000 50 35000
0 1014 0 1 58690 22 0 1000 7000 0 1 1 0 1000 50 35000
0 1021 0 1 58713 23 0 1000 7000 0 1 1 0 1000 50 35000
0 1012 0 1 58736 23 0 1000 7000 0 1 1 0 1000 50 35000
0 1014 0 1 58759 23 0 1000 7000 0 1 1 0 1000 50 35000
0 1017 0 1 58781 22 0 1000 7000 0 1 1 0 1000 50 35000
0 1011 0 1 58804 23 0 1000 7000 0 1 1 0 1000 50 35000
0 1015 0 1 58826 22 0 1000 7000 0 1 1 0 1000 50 35000
0 1014 0 1 58849 23 0 1000 7000 0 1 1 0 1000 50 35000
0 1010 0 1 58871 22 0 1000 7000 0 1 1 0 1000 50 35000
0 1015 0 1 58894 23 0 1000 7000 0 1 1 0 1000 50 35000
0 1015 0 1 58916 22 0 1000 7000 0 1 1 0 1000 50 35000
0 1012 0 1 58939 23 0 1000 7000 0 1 1 0 1000 50 35000
0 1015 0 1 58961 22 0 1000 7000 0 1 1 0 1000 50 35000
0 1013 0 1 58984 23 0 1000 7000 0 1 1 0 1000 50 35000
0 1013 0 1 59006 22 0 1000 7000 0 1 1 0 1000 50 35000
0 1015 0 1 59029 23 0 1000 7000 0 1 1 0 1000 50 35000
0 1015 0 1 59052 23 0 1000 7000 0 1 1 0 1000 50 35000
0 1014 0 1 59074 22 0 1000 7000 0 1 1 0 1000 50 35000
0 1017 0 1 59097 23 0 1000 7000 0 1 1 0 1000 50 35000
0 1013 0 1 59119 22 0 1000 7000 0 1 1 0 1000 50 35000
0 1017 0 1 59143 24 0 1000 7000 0 1 1 0 1000 50 35000
0 1014 0 1 59165 22 0 1000 7000 0 1 1 0 1000 50 35000
0 1008 0 1 59188 23 0 1000 7000 0 1 1 0 1000 50 35000
0 1014 0 1 59210 22 0 1000 7000 0 1 1 0 1000 50 35000
0 1012 0 1 59233 23 0 1000 7000 0 1 1 0 1000 50 35000
0 1008 0 1 59255 22 0 1000 7000 0 1 1 0 1000 50 35000
0 1015 0 1 59278 23 0 1000 7000 0 1 1 0 1000 50 35000
0 1013 0 1 59300 22 0 1000 7000 0 1 1 0 1000 50 35000
0 1012 0 1 59323 23 0 1000 7000 0 1 1 0 1000 50 35000
0 1022 0 1 59345 22 0 1000 7000 0 1 1 0 1000 50 35000
0 1013 0 1 59368 23 0 1000 7000 0 1 1 0 1000 50 35000
0 1012 0 1 59390 22 0 1000 7000 0 1 1 0 1000 50 35000
0 1020 0 1 59413 23 0 1000 7000 0 1 1 0 1000 50 35000
0 1012 0 1 59436 23 0 1000 7000 0 1 1 0 1000 50 35000
0 1014 0 1 59458 22 0 1000 7000 0 1 1 0 1000 50 35000
0 1015 0 1 59481 23 0 1000 7000 0 1 1 0 1000 50 35000
0 1012 0 1 59503 22 0 1000 7000 0 1 1 0 1000 50 35000
0 1016 0 1 59526 23 0 1000 7000 0 1 1 0 1000 50 35000
0 1017 0 1 59549 23 0 1000 7000 0 1 1 0 1000 50 35000
0 1009 0 1 59572 23 0 1000 7000 0 1 1 0 1000 50 35000
0 1016 0 1 59594 22 0 1000 7000 0 1 1 0 1000 50 35000
0 1013 0 1 59617 23 0 1000 7000 0 1 1 0 1000 50 35000
0 1011 0 1 59639 22 0 1000 7000 0 1 1 0 1000 50 35000
0 1014 0 1 59662 23 0 1000 7000 0 1 1 0 1000 50 35000
0 1012 0 1 59684 22 0 1000 7000 0 1 1 0 1000 50 35000
0 1013 0 1 59707 23 0 1000 7000 0 1 1 0 1000 50 35000
0 1017 0 1 59729 22 0 1000 7000 0 1 1 0 1000 50 35000
0 1012 0 1 59752 23 0 1000 7000 0 1 1 0 1000 50 35000
0 1015 0 1 59774 22 0 1000 7000 0 1 1 0 1000 50 35000
0 1015 0 1 59797 23 0 1000 7000 0 1 1 0 1000 50 35000
0 1009 0 1 59820 23 0 1000 7000 0 1 1 0 1000 50 35000
0 1015 0 1 59842 22 0 1000 7000 0 1 1 0 1000 50 35000
0 1017 0 1 59865 23 0 1000 7000 0 1 1 0 1000 50 35000
0 1008 0 1 59887 22 0 1000 7000 0 1 1 0 1000 50 35000
0 1014 0 1 59910 23 0 1000 7000 0 1 1 0 1000 50 35000
0 1016 0 1 59932 22 0 1000 7000 0 1 1 0 1000 50 35000
0 1011 0 1 59956 24 0 1000 7000 0 1 1 0 1000 50 35000
0 1015 0 1 59978 22 0 1000 7000 0 1 1 0 1000 50 35000
0 1013 0 1 60001 23 0 1000 7000 0 1 1 0 1000 50 35000
0 1013 0 1 60023 22 0 1000 7000 0 1 1 0 1000 50 35000
0 1023 0 1 60046 23 0 1000 7000 0 1 1 0 1000 50 35000
0 1013 0 1 60068 22 0 1000 7000 0 1 1 0 1000 50 35000
0 1014 0 1 60091 23 0 1000 7000 0 1 1 0 1000 50 35000
0 1020 0 1 60113 22 0 1000 7000 0 1 1 0 1000 50 35000
0 1012 0 1 60136 23 0 1000 7000 0 1 1 0 1000 50 35000
0 1014 0 1 60158 22 0 1000 7000 0 1 1 0 1000 50 35000
0 1016 0 1 60181 23 0 1000 7000 0 1 1 0 1000 50 35000
0 1012 0 1 60204 23 0 1000 7000 0 1 1 0 1000 50 35000
0 1015 0 1 60226 22 0 1000 7000 0 1 1 0 1000 50 35000
0 1014 0 1 60249 23 0 1000 7000 0 1 1 0 1000 50 35000
0 1010 0 1 60271 22 0 1000 7000 0 1 1 0 1000 50 35000
0 1015 0 1 60294 23 0 1000 7000 0 1 1 0 1000 50 35000
0 1014 0 1 60316 22 0 1000 7000 0 1 1 0 1000 50 35000
0 1012 0 1 60339 23 0 1000 7000 0 1 1 0 1000 50 35000
0 1015 0 1 60362 23 0 1000 7000 0 1 1 0 1000 50 35000
0 1012 0 1 60385 23 0 1000 7000 0 1 1 0 1000 50 35000
0 1016 0 1 60407 22 0 1000 7000 0 1 1 0 1000 50 35000
0 1017 0 1 60430 23 0 1000 7000 0 1 1 0 1000 50 35000
0 1012 0 1 60452 22 0 1000 7000 0 1 1 0 1000 50 35000
0 1014 0 1 60475 23 0 1000 7000 0 1 1 0 1000 50 35000
0 1017 0 1 60497 22 0 1000 7000 0 1 1 0 1000 50 35000
0 1012 0 1 60520 23 0 1000 7000 0 1 1 0 1000 50 35000
0 1014 0 1 60542 22 0 1000 7000 0 1 1 0 1000 50 35000
0 1013 0 1 60565 23 0 1000 7000 0 1 1 0 1000 50 35000
0 1012 0 1 60588 23 0 1000 7000 0 1 1 0 1000 50 35000
0 1014 0 1 60610 22 0 1000 7000 0 1 1 0 1000 50 35000
0 1013 0 1 60633 23 0 1000 7000 0 1 1 0 1000 50 35000
0 1008 0 1 60655 22 0 1000 7000 0 1 1 0 1000 50 35000
0 1014 0 1 60678 23 0 1000 7000 0 1 1 0 1000 50 35000
0 1014 0 1 60700 22 0 1000 7000 0 1 1 0 1000 50 35000
0 1013 0 1 60723 23 0 1000 7000 0 1 1 0 1000 50 35000
0 1016 0 1 60745 22 0 1000 7000 0 1 1 0 1000 50 35000
0 1013 0 1 60769 24 0 1000 7000 0 1 1 0 1000 50 35000
0 1013 0 1 60791 22 0 1000 7000 0 1 1 0 1000 50 35000
0 1018 0 1 60814 23 0 1000 7000 0 1 1 0 1000 50 35000
0 1012 0 1 60836 22 0 1000 7000 0 1 1 0 1000 50 35000
0 1014 0 1 60859 23 0 1000 7000 0 1 1 0 1000 50 35000
0 1014 0 1 60881 22 0 1000 7000 0 1 1 0 1000 50 35000
0 1012 0 1 60904 23 0 1000 7000 0 1 1 0 1000 50 35000
0 1015 0 1 60926 22 0 1000 7000 0 1 1 0 1000 50 35000
0 1014 0 1 60949 23 0 1000 7000 0 1 1 0 1000 50 35000
0 1010 0 1 60972 23 0 1000 7000 0 1 1 0 1000 50 35000
0 1016 0 1 60994 22 0 1000 7000 0 1 1 0 1000 50 35000
0 1013 0 1 61017 23 0 1000 7000 0 1 1 0 1000 50 35000
0 1009 0 1 61039 22 0 1000 7000 0 1 1 0 1000 50 35000
0 1014 0 1 61062 23 0 1000 7000 0 1 1 0 1000 50 35000
0 1012 0 1 61084 22 0 1000 7000 0 1 1 0 1000 50 35000
0 1013 0 1 61107 23 0 1000 7000 0 1 1 0 1000 50 35000
0 1016 0 1 61129 22 0 1000 7000 0 1 1 0 1000 50 35000
0 1014 0 1 61152 23 0 1000 7000 0 1 1 0 1000 50 35000
0 1014 0 1 61174 22 0 1000 7000 0 1 1 0 1000 50 35000
0 1023 0 1 61198 24 0 1000 7000 0 1 1 0 1000 50 35000
0 1013 0 1 61220 22 0 1000 7000 0 1 1 0 1000 50 35000
0 1018 0 1 61243 23 0 1000 7000 0 1 1 0 1000 50 35000
0 1013 0 1 61265 22 0 1000 7000 0 1 1 0 1000 50 35000
0 1007 0 1 61288 23 0 1000 7000 0 1 1 0 1000 50 35000
0 1015 0 1 61310 22 0 1000 7000 0 1 1 0 1000 50 35000
0 1014 0 1 61333 23 0 1000 7000 0 1 1 0 1000 50 35000
0 1011 0 1 61356 23 0 1000 7000 0 1 1 0 1000 50 35000
0 1014 0 1 61378 22 0 1000 7000 0 1 1 0 1000 50 35000
0 1013 0 1 61401 23 0 1000 7000 0 1 1 0 1000 50 35000
0 1012 0 1 61423 22 0 1000 7000 0 1 1 0 1000 50 35000
0 1016 0 1 61446 23 0 1000 7000 0 1 1 0 1000 50 35000
0 1012 0 1 61468 22 0 1000 7000 0 1 1 0 1000 50 35000
0 1013 0 1 61491 23 0 1000 7000 0 1 1 0 1000 50 35000
0 1023 0 1 61513 22 0 1000 7000 0 1 1 0 1000 50 35000
0 1012 0 1 61536 23 0 1000 7000 0 1 1 0 1000 50 35000
0 1013 0 1 61558 22 0 1000 7000 0 1 1 0 1000 50 35000
0 1015 0 1 61581 23 0 1000 7000 0 1 1 0 1000 50 35000
0 1012 0 1 61604 23 0 1000 7000 0 1 1 0 1000 50 35000
0 1015 0 1 61627 23 0 1000 7000 0 1 1 0 1000 50 35000
0 1014 0 1 61649 22 0 1000 7000 0 1 1 0 1000 50 35000
0 1005 0 1 61672 23 0 1000 7000 0 1 1 0 1000 50 35000
0 1015 0 1 61694 22 0 1000 7000 0 1 1 0 1000 50 35000
0 1016 0 1 61717 23 0 1000 7000 0 1 1 0 1000 50 35000
0 1009 0 1 61740 23 0 1000 7000 0 1 1 0 1000 50 35000
0 1014 0 1 61762 22 0 1000 7000 0 1 1 0 1000 50 35000
0 1011 0 1 61785 23 0 1000 7000 0 1 1 0 1000 50 35000
0 1013 0 1 61807 22 0 1000 7000 0 1 1 0 1000 50 35000
0 1016 0 1 61830 23 0 1000 7000 0 1 1 0 1000 50 35000
0 1012 0 1 61852 22 0 1000 7000 0 1 1 0 1000 50 35000
0 1014 0 1 61875 23 0 1000 7000 0 1 1 0 1000 50 35000
0 1018 0 1 61897 22 0 1000 7000 0 1 1 0 1000 50 35000
0 1012 0 1 61920 23 0 1000 7000 0 1 1 0 1000 50 35000
0 1016 0 1 61942 22 0 1000 7000 0 1 1 0 1000 50 35000
0 1015 0 1 61965 23 0 1000 7000 0 1 1 0 1000 50 35000
0 1001 0 1 61987 22 0 1000 7000 0 1 1 0 1000 50 35000
0 1014 0 1 62011 24 0 1000 7000 0 1 1 0 1000 50 35000
0 1013 0 1 62033 22 0 1000 7000 0 1 1 0 1000 50 35000
0 1008 0 1 62056 23 0 1000 7000 0 1 1 0 1000 50 35000
0 1015 0 1 62078 22 0 1000 7000 0 1 1 0 1000 50 35000
0 1013 0 1 62101 23 0 1000 7000 0 1 1 0 1000 50 35000
0 1006 0 1 62124 23 0 1000 7000 0 1 1 0 1000 50 35000
0 1017 0 1 62146 22 0 1000 7000 0 1 1 0 1000 50 35000
0 1012 0 1 62169 23 0 1000 7000 0 1 1 0 1000 50 35000
0 1013 0 1 62191 22 0 1000 7000 0 1 1 0 1000 50 35000
0 1016 0 1 62214 23 0 1000 7000 0 1 1 0 1000 50 35000
0 1012 0 1 62236 22 0 1000 7000 0 1 1 0 1000 50 35000
0 1014 0 1 62259 23 0 1000 7000 0 1 1 0 1000 50 35000
0 1015 0 1 62281 22 0 1000 7000 0 1 1 0 1000 50 35000
0 1012 0 1 62304 23 0 1000 7000 0 1 1 0 1000 50 35000
0 1015 0 1 62326 22 0 1000 7000 0 1 1 0 1000 50 35000
0 1008 0 1 62349 23 0 1000 7000 0 1 1 0 1000 50 35000
0 1011 0 1 62371 22 0 1000 7000 0 1 1 0 1000 50 35000
0 1015 0 1 62394 23 0 1000 7000 0 1 1 0 1000 50 35000
0 1013 0 1 62417 23 0 1000 7000 0 1 1 0 1000 50 35000
0 1010 0 1 62440 23 0 1000 7000 0 1 1 0 1000 50 35000
0 1012 0 1 62462 22 0 1000 7000 0 1 1 0 1000 50 35000
0 1016 0 1 62485 23 0 1000 7000 0 1 1 0 1000 50 35000
0 1013 0 1 62508 23 0 1000 7000 0 1 1 0 1000 50 35000
0 1017 0 1 62530 22 0 1000 7000 0 1 1 0 1000 50 35000
0 1012 0 1 62553 23 0 1000 7000 0 1 1 0 1000 50 35000
0 1014 0 1 62575 22 0 1000 7000 0 1 1 0 1000 50 35000
0 1017 0 1 62598 23 0 1000 7000 0 1 1 0 1000 50 35000
0 1012 0 1 62620 22 0 1000 7000 0 1 1 0 1000 50 35000
0 1014 0 1 62643 23 0 1000 7000 0 1 1 0 1000 50 35000
0 1013 0 1 62665 22 0 1000 7000 0 1 1 0 1000 50 35000
0 1006 0 1 62688 23 0 1000 7000 0 1 1 0 1000 50 35000
0 1014 0 1 62710 22 0 1000 7000 0 1 1 0 1000 50 35000
0 1013 0 1 62733 23 0 1000 7000 0 1 1 0 1000 50 35000
0 1008 0 1 62755 22 0 1000 7000 0 1 1 0 1000 50 35000
0 1015 0 1 62778 23 0 1000 7000 0 1 1 0 1000 50 35000
0 1013 0 1 62800 22 0 1000 7000 0 1 1 0 1000 50 35000
0 1011 0 1 62824 24 0 1000 7000 0 1 1 0 1000 50 35000
0 1016 0 1 62846 22 0 1000 7000 0 1 1 0 1000 50 35000
0 1012 0 1 62869 23 0 1000 7000 0 1 1 0 1000 50 35000
0 1013 0 1 62892 23 0 1000 7000 0 1 1 0 1000 50 35000
0 1018 0 1 62914 22 0 1000 7000 0 1 1 0 1000 50 35000
0 1012 0 1 62937 23 0 1000 7000 0 1 1 0 1000 50 35000
0 1014 0 1 62959 22 0 1000 7000 0 1 1 0 1000 50 35000
0 1015 0 1 62982 23 0 1000 7000 0 1 1 0 1000 50 35000
0 1012 0 1 63004 22 0 1000 7000 0 1 1 0 1000 50 35000
0 1015 0 1 63027 23 0 1000 7000 0 1 1 0 1000 50 35000
0 1013 0 1 63049 22 0 1000 7000 0 1 1 0 1000 50 35000
0 1011 0 1 63072 23 0 1000 7000 0 1 1 0 1000 50 35000
0 1014 0 1 63094 22 0 1000 7000 0 1 1 0 1000 50 35000
0 1016 0 1 63117 23 0 1000 7000 0 1 1 0 1000 50 35000
0 1010 0 1 63139 22 0 1000 7000 0 1 1 0 1000 50 35000
0 1013 0 1 63162 23 0 1000 7000 0 1 1 0 1000 50 35000
0 1012 0 1 63184 22 0 1000 7000 0 1 1 0 1000 50 35000
0 1013 0 1 63207 23 0 1000 7000 0 1 1 0 1000 50 35000
0 1017 0 1 63230 23 0 1000 7000 0 1 1 0 1000 50 35000
0 1012 0 1 63253 23 0 1000 7000 0 1 1 0 1000 50 35000
0 1013 0 1 63276 23 0 1000 7000 0 1 1 0 1000 50 35000
0 1018 0 1 63298 22 0 1000 7000 0 1 1 0 1000 50 35000
0 1012 0 1 63321 23 0 1000 7000 0 1 1 0 1000 50 35000
0 1014 0 1 63343 22 0 1000 7000 0 1 1 0 1000 50 35000
0 1015 0 1 63366 23 0 1000 7000 0 1 1 0 1000 50 35000
0 1006 0 1 63388 22 0 1000 7000 0 1 1 0 1000 50 35000
0 1014 0 1 63411 23 0 1000 7000 0 1 1 0 1000 50 35000
0 1015 0 1 63433 22 0 1000 7000 0 1 1 0 1000 50 35000
0 1009 0 1 63456 23 0 1000 7000 0 1 1 0 1000 50 35000
0 1014 0 1 63478 22 0 1000 7000 0 1 1 0 1000 50 35000
0 1013 0 1 63501 23 0 1000 7000 0 1 1 0 1000 50 35000
0 1014 0 1 63523 22 0 1000 7000 0 1 1 0 1000 50 35000
0 1015 0 1 63546 23 0 1000 7000 0 1 1 0 1000 50 35000
0 1012 0 1 63568 22 0 1000 7000 0 1 1 0 1000 50 35000
0 1004 0 1 63591 23 0 1000 7000 0 1 1 0 1000 50 35000
0 1018 0 1 63613 22 0 1000 7000 0 1 1 0 1000 50 35000
0 1013 0 1 63636 23 0 1000 7000 0 1 1 0 1000 50 35000
0 1013 0 1 63660 24 0 1000 7000 0 1 1 0 1000 50 35000
0 1015 0 1 63682 22 0 1000 7000 0 1 1 0 1000 50 35000
0 1015 0 1 63705 23 0 1000 7000 0 1 1 0 1000 50 35000
0 1014 0 1 63727 22 0 1000 7000 0 1 1 0 1000 50 35000
0 1013 0 1 63750 23 0 1000 7000 0 1 1 0 1000 50 35000
0 1010 0 1 63772 22 0 1000 7000 0 1 1 0 1000 50 35000
0 1015 0 1 63795 23 0 1000 7000 0 1 1 0 1000 50 35000
0 1014 0 1 63817 22 0 1000 7000 0 1 1 0 1000 50 35000
0 1010 0 1 63840 23 0 1000 7000 0 1 1 0 1000 50 35000
0 1013 0 1 63862 22 0 1000 7000 0 1 1 0 1000 50 35000
0 1012 0 1 63885 23 0 1000 7000 0 1 1 0 1000 50 35000
0 1012 0 1 63907 22 0 1000 7000 0 1 1 0 1000 50 35000
0 1018 0 1 63930 23 0 1000 7000 0 1 1 0 1000 50 35000
0 1012 0 1 63952 22 0 1000 7000 0 1 1 0 1000 50 35000
0 1013 0 1 63975 23 0 1000 7000 0 1 1 0 1000 50 35000
0 1019 0 1 63997 22 0 1000 7000 0 1 1 0 1000 50 35000
0 1016 0 1 64020 23 0 1000 7000 0 1 1 0 1000 50 35000
0 1014 0 1 64043 23 0 1000 7000 0 1 1 0 1000 50 35000
0 1022 0 1 64066 23 0 1000 7000 0 1 1 0 1000 50 35000
0 1005 0 1 64089 23 0 1000 7000 0 1 1 0 1000 50 35000
0 1014 0 1 64111 22 0 1000 7000 0 1 1 0 1000 50 35000
0 1017 0 1 64134 23 0 1000 7000 0 1 1 0 1000 50 35000
0 1007 0 1 64156 22 0 1000 7000 0 1 1 0 1000 50 35000
0 1016 0 1 64179 23 0 1000 7000 0 1 1 0 1000 50 35000
0 1013 0 1 64201 22 0 1000 7000 0 1 1 0 1000 50 35000
0 1011 0 1 64224 23 0 1000 7000 0 1 1 0 1000 50 35000
0 1015 0 1 64246 22 0 1000 7000 0 1 1 0 1000 50 35000
0 1011 0 1 64269 23 0 1000 7000 0 1 1 0 1000 50 35000
0 1011 0 1 64291 22 0 1000 7000 0 1 1 0 1000 50 35000
0 1016 0 1 64314 23 0 1000 7000 0 1 1 0 1000 50 35000
0 1012 0 1 64336 22 0 1000 7000 0 1 1 0 1000 50 35000
0 1013 0 1 64359 23 0 1000 7000 0 1 1 0 1000 50 35000
0 1018 0 1 64381 22 0 1000 7000 0 1 1 0 1000 50 35000
0 1012 0 1 64404 23 0 1000 7000 0 1 1 0 1000 50 35000
0 1014 0 1 64427 23 0 1000 7000 0 1 1 0 1000 50 35000
0 1012 0 1 64449 22 0 1000 7000 0 1 1 0 1000 50 35000
0 1010 0 1 64472 23 0 1000 7000 0 1 1 0 1000 50 35000
0 1014 0 1 64494 22 0 1000 7000 0 1 1 0 1000 50 35000
0 1013 0 1 64518 24 0 1000 7000 0 1 1 0 1000 50 35000
0 1008 0 1 64540 22 0 1000 7000 0 1 1 0 1000 50 35000
0 1014 0 1 64563 23 0 1000 7000 0 1 1 0 1000 50 35000
0 1012 0 1 64585 22 0 1000 7000 0 1 1 0 1000 50 35000
0 1011 0 1 64608 23 0 1000 7000 0 1 1 0 1000 50 35000
0 1020 0 1 64630 22 0 1000 7000 0 1 1 0 1000 50 35000
0 1012 0 1 64653 23 0 1000 7000 0 1 1 0 1000 50 35000
0 1013 0 1 64675 22 0 1000 7000 0 1 1 0 1000 50 35000
0 1019 0 1 64698 23 0 1000 7000 0 1 1 0 1000 50 35000
0 1012 0 1 64720 22 0 1000 7000 0 1 1 0 1000 50 35000
0 1013 0 1 64743 23 0 1000 7000 0 1 1 0 1000 50 35000
0 1014 0 1 64765 22 0 1000 7000 0 1 1 0 1000 50 35000
0 1011 0 1 64788 23 0 1000 7000 0 1 1 0 1000 50 35000
0 1014 0 1 64811 23 0 1000 7000 0 1 1 0 1000 50 35000
0 1013 0 1 64833 22 0 1000 7000 0 1 1 0 1000 50 35000
0 1009 0 1 64856 23 0 1000 7000 0 1 1 0 1000 50 35000
0 1014 0 1 64878 22 0 1000 7000 0 1 1 0 1000 50 35000
0 1009 0 1 64901 23 0 1000 7000 0 1 1 0 1000 50 35000
0 1013 0 1 64923 22 0 1000 7000 0 1 1 0 1000 50 35000
0 1015 0 1 64947 24 0 1000 7000 0 1 1 0 1000 50 35000
0 1007 0 1 64969 22 0 1000 7000 0 1 1 0 1000 50 35000
0 1013 0 1 64992 23 0 1000 7000 0 1 1 0 1000 50 35000
0 1016 0 1 65014 22 0 1000 7000 0 1 1 0 1000 50 35000
0 1012 0 1 65037 23 0 1000 7000 0 1 1 0 1000 50 35000
0 1012 0 1 65059 22 0 1000 7000 0 1 1 0 1000 50 35000
0 1016 0 1 65082 23 0 1000 7000 0 1 1 0 1000 50 35000
0 1012 0 1 65104 22 0 1000 7000 0 1 1 0 1000 50 35000
0 1014 0 1 65127 23 0 1000 7000 0 1 1 0 1000 50 35000
0 1015 0 1 65149 22 0 1000 7000 0 1 1 0 1000 50 35000
0 1012 0 1 65172 23 0 1000 7000 0 1 1 0 1000 50 35000
0 1014 0 1 65195 23 0 1000 7000 0 1 1 0 1000 50 35000
0 1013 0 1 65217 22 0 1000 7000 0 1 1 0 1000 50 35000
0 1008 0 1 65240 23 0 1000 7000 0 1 1 0 1000 50 35000
0 1014 0 1 65262 22 0 1000 7000 0 1 1 0 1000 50 35000
0 1013 0 1 65285 23 0 1000 7000 0 1 1 0 1000 50 35000
0 1014 0 1 65307 22 0 1000 7000 0 1 1 0 1000 50 35000
0 1017 0 1 65330 23 0 1000 7000 0 1 1 0 1000 50 35000
0 1012 0 1 65353 23 0 1000 7000 0 1 1 0 1000 50 35000
0 1021 0 1 65376 23 0 1000 7000 0 1 1 0 1000 50 35000
0 1019 0 1 65398 22 0 1000 7000 0 1 1 0 1000 50 35000
0 1013 0 1 65421 23 0 1000 7000 0 1 1 0 1000 50 35000
0 1013 0 1 65443 22 0 1000 7000 0 1 1 0 1000 50 35000
0 1015 0 1 65466 23 0 1000 7000 0 1 1 0 1000 50 35000
0 1011 0 1 65488 22 0 1000 7000 0 1 1 0 1000 50 35000
0 1014 0 1 65511 23 0 1000 7000 0 1 1 0 1000 50 35000
0 1013 0 1 65533 22 0 1000 7000 0 1 1 0 1000 50 35000
0 1004 0 1 65556 23 0 1000 7000 0 1 1 0 1000 50 35000
0 1014 0 1 65579 23 0 1000 7000 0 1 1 0 1000 50 35000
0 1012 0 1 65601 22 0 1000 7000 0 1 1 0 1000 50 35000
0 1006 0 1 65624 23 0 1000 7000 0 1 1 0 1000 50 35000
0 1014 0 1 65646 22 0 1000 7000 0 1 1 0 1000 50 35000
0 1011 0 1 65669 23 0 1000 7000 0 1 1 0 1000 50 35000
0 1012 0 1 65691 22 0 1000 7000 0 1 1 0 1000 50 35000
0 1015 0 1 65714 23 0 1000 7000 0 1 1 0 1000 50 35000
0 1011 0 1 65736 22 0 1000 7000 0 1 1 0 1000 50 35000
0 1014 0 1 65759 23 0 1000 7000 0 1 1 0 1000 50 35000
0 1014 0 1 65782 23 0 1000 7000 0 1 1 0 1000 50 35000
0 1010 0 1 65805 23 0 1000 7000 0 1 1 0 1000 50 35000
0 1018 0 1 65827 22 0 1000 7000 0 1 1 0 1000 50 35000
0 1016 0 1 65850 23 0 1000 7000 0 1 1 0 1000 50 35000
0 1008 0 1 65872 22 0 1000 7000 0 1 1 0 1000 50 35000
0 1014 0 1 65895 23 0 1000 7000 0 1 1 0 1000 50 35000
0 1014 0 1 65917 22 0 1000 7000 0 1 1 0 1000 50 35000
0 1008 0 1 65940 23 0 1000 7000 0 1 1 0 1000 50 35000
0 1014 0 1 65963 23 0 1000 7000 0 1 1 0 1000 50 35000
0 1013 0 1 65985 22 0 1000 7000 0 1 1 0 1000 50 35000
0 1012 0 1 66008 23 0 1000 7000 0 1 1 0 1000 50 35000
0 1017 0 1 66030 22 0 1000 7000 0 1 1 0 1000 50 35000
0 1015 0 1 66053 23 0 1000 7000 0 1 1 0 1000 50 35000
0 1013 0 1 66075 22 0 1000 7000 0 1 1 0 1000 50 35000
0 1018 0 1 66098 23 0 1000 7000 0 1 1 0 1000 50 35000
0 1012 0 1 66120 22 0 1000 7000 0 1 1 0 1000 50 35000
0 1013 0 1 66143 23 0 1000 7000 0 1 1 0 1000 50 35000
0 1015 0 1 66165 22 0 1000 7000 0 1 1 0 1000 50 35000
0 1013 0 1 66189 24 0 1000 7000 0 1 1 0 1000 50 35000
0 1013 0 1 66211 22 0 1000 7000 0 1 1 0 1000 50 35000
0 1005 0 1 66234 23 0 1000 7000 0 1 1 0 1000 50 35000
0 1003 0 1 66256 22 0 1000 7000 0 1 1 0 1000 50 35000
0 1014 0 1 66279 23 0 1000 7000 0 1 1 0 1000 50 35000
0 1013 0 1 66301 22 0 1000 7000 0 1 1 0 1000 50 35000
0 1010 0 1 66324 23 0 1000 7000 0 1 1 0 1000 50 35000
0 1014 0 1 66347 23 0 1000 7000 0 1 1 0 1000 50 35000
0 1011 0 1 66369 22 0 1000 7000 0 1 1 0 1000 50 35000
0 1012 0 1 66392 23 0 1000 7000 0 1 1 0 1000 50 35000
0 1016 0 1 66414 22 0 1000 7000 0 1 1 0 1000 50 35000
0 1012 0 1 66437 23 0 1000 7000 0 1 1 0 1000 50 35000
0 1013 0 1 66459 22 0 1000 7000 0 1 1 0 1000 50 35000
0 1018 0 1 66482 23 0 1000 7000 0 1 1 0 1000 50 35000
0 1012 0 1 66504 22 0 1000 7000 0 1 1 0 1000 50 35000
0 1011 0 1 66527 23 0 1000 7000 0 1 1 0 1000 50 35000
0 1014 0 1 66549 22 0 1000 7000 0 1 1 0 1000 50 35000
0 1004 0 1 66572 23 0 1000 7000 0 1 1 0 1000 50 35000
0 1014 0 1 66595 23 0 1000 7000 0 1 1 0 1000 50 35000
0 1013 0 1 66618 23 0 1000 7000 0 1 1 0 1000 50 35000
0 1008 0 1 66640 22 0 1000 7000 0 1 1 0 1000 50 35000
0 1016 0 1 66663 23 0 1000 7000 0 1 1 0 1000 50 35000
0 1014 0 1 66685 22 0 1000 7000 0 1 1 0 1000 50 35000
0 1016 0 1 66708 23 0 1000 7000 0 1 1 0 1000 50 35000
0 1016 0 1 66731 23 0 1000 7000 0 1 1 0 1000 50 35000
0 1012 0 1 66753 22 0 1000 7000 0 1 1 0 1000 50 35000
0 1012 0 1 66776 23 0 1000 7000 0 1 1 0 1000 50 35000
0 1017 0 1 66798 22 0 1000 7000 0 1 1 0 1000 50 35000
0 1012 0 1 66821 23 0 1000 7000 0 1 1 0 1000 50 35000
0 1013 0 1 66843 22 0 1000 7000 0 1 1 0 1000 50 35000
0 1014 0 1 66866 23 0 1000 7000 0 1 1 0 1000 50 35000
0 1010 0 1 66888 22 0 1000 7000 0 1 1 0 1000 50 35000
0 1014 0 1 66911 23 0 1000 7000 0 1 1 0 1000 50 35000
0 1003 0 1 66933 22 0 1000 7000 0 1 1 0 1000 50 35000
0 1010 0 1 66956 23 0 1000 7000 0 1 1 0 1000 50 35000
0 1015 0 1 66978 22 0 1000 7000 0 1 1 0 1000 50 35000
0 1013 0 1 67002 24 0 1000 7000 0 1 1 0 1000 50 35000
0 1009 0 1 67024 22 0 1000 7000 0 1 1 0 1000 50 35000
0 1013 0 1 67047 23 0 1000 7000 0 1 1 0 1000 50 35000
0 1014 0 1 67069 22 0 1000 7000 0 1 1 0 1000 50 35000
0 1011 0 1 67092 23 0 1000 7000 0 1 1 0 1000 50 35000
0 1017 0 1 67115 23 0 1000 7000 0 1 1 0 1000 50 35000
0 1011 0 1 67137 22 0 1000 7000 0 1 1 0 1000 50 35000
0 1011 0 1 67160 23 0 1000 7000 0 1 1 0 1000 50 35000
0 1017 0 1 67182 22 0 1000 7000 0 1 1 0 1000 50 35000
0 1012 0 1 67205 23 0 1000 7000 0 1 1 0 1000 50 35000
0 1013 0 1 67227 22 0 1000 7000 0 1 1 0 1000 50 35000
0 1014 0 1 67250 23 0 1000 7000 0 1 1 0 1000 50 35000
0 1005 0 1 67272 22 0 1000 7000 0 1 1 0 1000 50 35000
0 1014 0 1 67295 23 0 1000 7000 0 1 1 0 1000 50 35000
0 1016 0 1 67317 22 0 1000 7000 0 1 1 0 1000 50 35000
0 1007 0 1 67340 23 0 1000 7000 0 1 1 0 1000 50 35000
0 1014 0 1 67362 22 0 1000 7000 0 1 1 0 1000 50 35000
0 1012 0 1 67385 23 0 1000 7000 0 1 1 0 1000 50 35000
0 1011 0 1 67407 22 0 1000 7000 0 1 1 0 1000 50 35000
0 1015 0 1 67431 24 0 1000 7000 0 1 1 0 1000 50 35000
0 1012 0 1 67453 22 0 1000 7000 0 1 1 0 1000 50 35000
0 1012 0 1 67476 23 0 1000 7000 0 1 1 0 1000 50 35000
0 1017 0 1 67499 23 0 1000 7000 0 1 1 0 1000 50 35000
0 1011 0 1 67521 22 0 1000 7000 0 1 1 0 1000 50 35000
0 1013 0 1 67544 23 0 1000 7000 0 1 1 0 1000 50 35000
0 1015 0 1 67566 22 0 1000 7000 0 1 1 0 1000 50 35000
0 1010 0 1 67589 23 0 1000 7000 0 1 1 0 1000 50 35000
0 1012 0 1 67611 22 0 1000 7000 0 1 1 0 1000 50 35000
0 1021 0 1 67634 23 0 1000 7000 0 1 1 0 1000 50 35000
0 1010 0 1 67656 22 0 1000 7000 0 1 1 0 1000 50 35000
0 1014 0 1 67679 23 0 1000 7000 0 1 1 0 1000 50 35000
0 1015 0 1 67701 22 0 1000 7000 0 1 1 0 1000 50 35000
0 1012 0 1 67724 23 0 1000 7000 0 1 1 0 1000 50 35000
0 1014 0 1 67746 22 0 1000 7000 0 1 1 0 1000 50 35000
0 1010 0 1 67769 23 0 1000 7000 0 1 1 0 1000 50 35000
0 1013 0 1 67791 22 0 1000 7000 0 1 1 0 1000 50 35000
0 1019 0 1 67814 23 0 1000 7000 0 1 1 0 1000 50 35000
0 1013 0 1 67837 23 0 1000 7000 0 1 1 0 1000 50 35000
0 1013 0 1 67860 23 0 1000 7000 0 1 1 0 1000 50 35000
0 1018 0 1 67883 23 0 1000 7000 0 1 1 0 1000 50 35000
0 1011 0 1 67905 22 0 1000 7000 0 1 1 0 1000 50 35000
0 1013 0 1 67928 23 0 1000 7000 0 1 1 0 1000 50 35000
0 1013 0 1 67950 22 0 1000 7000 0 1 1 0 1000 50 35000
0 1010 0 1 67973 23 0 1000 7000 0 1 1 0 1000 50 35000
0 1013 0 1 67995 22 0 1000 7000 0 1 1 0 1000 50 35000
0 1013 0 1 68018 23 0 1000 7000 0 1 1 0 1000 50 35000
0 1008 0 1 68040 22 0 1000 7000 0 1 1 0 1000 50 35000
0 1014 0 1 68063 23 0 1000 7000 0 1 1 0 1000 50 35000
0 1014 0 1 68085 22 0 1000 7000 0 1 1 0 1000 50 35000
0 1012 0 1 68108 23 0 1000 7000 0 1 1 0 1000 50 35000
0 1014 0 1 68130 22 0 1000 7000 0 1 1 0 1000 50 35000
0 1011 0 1 68153 23 0 1000 7000 0 1 1 0 1000 50 35000
0 1013 0 1 68175 22 0 1000 7000 0 1 1 0 1000 50 35000
0 1015 0 1 68198 23 0 1000 7000 0 1 1 0 1000 50 35000
0 1012 0 1 68220 22 0 1000 7000 0 1 1 0 1000 50 35000
0 1015 0 1 68244 24 0 1000 7000 0 1 1 0 1000 50 35000
0 1016 0 1 68267 23 0 1000 7000 0 1 1 0 1000 50 35000
0 1012 0 1 68289 22 0 1000 7000 0 1 1 0 1000 50 35000
0 1016 0 1 68312 23 0 1000 7000 0 1 1 0 1000 50 35000
0 1013 0 1 68334 22 0 1000 7000 0 1 1 0 1000 50 35000
0 1010 0 1 68357 23 0 1000 7000 0 1 1 0 1000 50 35000
0 1015 0 1 68379 22 0 1000 7000 0 1 1 0 1000 50 35000
0 1012 0 1 68402 23 0 1000 7000 0 1 1 0 1000 50 35000
0 1009 0 1 68424 22 0 1000 7000 0 1 1 0 1000 50 35000
0 1015 0 1 68447 23 0 1000 7000 0 1 1 0 1000 50 35000
0 1012 0 1 68469 22 0 1000 7000 0 1 1 0 1000 50 35000
0 1013 0 1 68492 23 0 1000 7000 0 1 1 0 1000 50 35000
0 1016 0 1 68514 22 0 1000 7000 0 1 1 0 1000 50 35000
0 1012 0 1 68537 23 0 1000 7000 0 1 1 0 1000 50 35000
0 1013 0 1 68559 22 0 1000 7000 0 1 1 0 1000 50 35000
0 1018 0 1 68582 23 0 1000 7000 0 1 1 0 1000 50 35000
0 1011 0 1 68604 22 0 1000 7000 0 1 1 0 1000 50 35000
0 1014 0 1 68627 23 0 1000 7000 0 1 1 0 1000 50 35000
0 1013 0 1 68651 24 0 1000 7000 0 1 1 0 1000 50 35000
0 1010 0 1 68673 22 0 1000 7000 0 1 1 0 1000 50 35000
0 1015 0 1 68696 23 0 1000 7000 0 1 1 0 1000 50 35000
0 1012 0 1 68718 22 0 1000 7000 0 1 1 0 1000 50 35000
0 1010 0 1 68741 23 0 1000 7000 0 1 1 0 1000 50 35000
0 1014 0 1 68763 22 0 1000 7000 0 1 1 0 1000 50 35000
0 1013 0 1 68786 23 0 1000 7000 0 1 1 0 1000 50 35000
0 1010 0 1 68808 22 0 1000 7000 0 1 1 0 1000 50 35000
0 1014 0 1 68831 23 0 1000 7000 0 1 1 0 1000 50 35000
0 1011 0 1 68853 22 0 1000 7000 0 1 1 0 1000 50 35000
0 1012 0 1 68876 23 0 1000 7000 0 1 1 0 1000 50 35000
0 1016 0 1 68898 22 0 1000 7000 0 1 1 0 1000 50 35000
0 1012 0 1 68921 23 0 1000 7000 0 1 1 0 1000 50 35000
0 1013 0 1 68943 22 0 1000 7000 0 1 1 0 1000 50 35000
0 1015 0 1 68966 23 0 1000 7000 0 1 1 0 1000 50 35000
0 1012 0 1 68988 22 0 1000 7000 0 1 1 0 1000 50 35000
0 1014 0 1 69011 23 0 1000 7000 0 1 1 0 1000 50 35000
0 1014 0 1 69033 22 0 1000 7000 0 1 1 0 1000 50 35000
0 1009 0 1 69057 24 0 1000 7000 0 1 1 0 1000 50 35000
0 1012 0 1 69080 23 0 1000 7000 0 1 1 0 1000 50 35000
0 1018 0 1 69102 22 0 1000 7000 0 1 1 0 1000 50 35000
0 1008 0 1 69125 23 0 1000 7000 0 1 1 0 1000 50 35000
0 1014 0 1 69147 22 0 1000 7000 0 1 1 0 1000 50 35000
0 1015 0 1 69170 23 0 1000 7000 0 1 1 0 1000 50 35000
0 1010 0 1 69192 22 0 1000 7000 0 1 1 0 1000 50 35000
0 1020 0 1 69215 23 0 1000 7000 0 1 1 0 1000 50 35000
0 1011 0 1 69237 22 0 1000 7000 0 1 1 0 1000 50 35000
0 1003 0 1 69260 23 0 1000 7000 0 1 1 0 1000 50 35000
0 1018 0 1 69282 22 0 1000 7000 0 1 1 0 1000 50 35000
0 1011 0 1 69305 23 0 1000 7000 0 1 1 0 1000 50 35000
0 1012 0 1 69327 22 0 1000 7000 0 1 1 0 1000 50 35000
0 1014 0 1 69350 23 0 1000 7000 0 1 1 0 1000 50 35000
0 1011 0 1 69372 22 0 1000 7000 0 1 1 0 1000 50 35000
0 1013 0 1 69395 23 0 1000 7000 0 1 1 0 1000 50 35000
0 1013 0 1 69417 22 0 1000 7000 0 1 1 0 1000 50 35000
0 1009 0 1 69440 23 0 1000 7000 0 1 1 0 1000 50 35000
0 1013 0 1 69464 24 0 1000 7000 0 1 1 0 1000 50 35000
0 1012 0 1 69486 22 0 1000 7000 0 1 1 0 1000 50 35000
0 1010 0 1 69509 23 0 1000 7000 0 1 1 0 1000 50 35000
0 1014 0 1 69531 22 0 1000 7000 0 1 1 0 1000 50 35000
0 1012 0 1 69554 23 0 1000 7000 0 1 1 0 1000 50 35000
0 1013 0 1 69576 22 0 1000 7000 0 1 1 0 1000 50 35000
0 1015 0 1 69599 23 0 1000 7000 0 1 1 0 1000 50 35000
0 1012 0 1 69621 22 0 1000 7000 0 1 1 0 1000 50 35000
0 1013 0 1 69644 23 0 1000 7000 0 1 1 0 1000 50 35000
0 1017 0 1 69666 22 0 1000 7000 0 1 1 0 1000 50 35000
0 1012 0 1 69689 23 0 1000 7000 0 1 1 0 1000 50 35000
0 1013 0 1 69711 22 0 1000 7000 0 1 1 0 1000 50 35000
0 1020 0 1 69734 23 0 1000 7000 0 1 1 0 1000 50 35000
0 1002 0 1 69756 22 0 1000 7000 0 1 1 0 1000 50 35000
0 1013 0 1 69779 23 0 1000 7000 0 1 1 0 1000 50 35000
0 1013 0 1 69801 22 0 1000 7000 0 1 1 0 1000 50 35000
0 1008 0 1 69824 23 0 1000 7000 0 1 1 0 1000 50 35000
0 1014 0 1 69847 23 0 1000 7000 0 1 1 0 1000 50 35000
0 1013 0 1 69870 23 0 1000 7000 0 1 1 0 1000 50 35000
0 1012 0 1 69893 23 0 1000 7000 0 1 1 0 1000 50 35000
0 1016 0 1 69915 22 0 1000 7000 0 1 1 0 1000 50 35000
0 1011 0 1 69938 23 0 1000 7000 0 1 1 0 1000 50 35000
0 1013 0 1 69960 22 0 1000 7000 0 1 1 0 1000 50 35000
0 1018 0 1 69983 23 0 1000 7000 0 1 1 0 1000 50 35000
0 1012 0 1 70005 22 0 1000 7000 0 1 1 0 1000 50 35000
0 1013 0 1 70028 23 0 1000 7000 0 1 1 0 1000 50 35000
0 1014 0 1 70050 22 0 1000 7000 0 1 1 0 1000 50 35000
0 1012 0 1 70073 23 0 1000 7000 0 1 1 0 1000 50 35000
0 1014 0 1 70095 22 0 1000 7000 0 1 1 0 1000 50 35000
0 1014 0 1 70118 23 0 1000 7000 0 1 1 0 1000 50 35000
0 1010 0 1 70140 22 0 1000 7000 0 1 1 0 1000 50 35000
0 1014 0 1 70163 23 0 1000 7000 0 1 1 0 1000 50 35000
0 1013 0 1 70185 22 0 1000 7000 0 1 1 0 1000 50 35000
0 1004 0 1 70208 23 0 1000 7000 0 1 1 0 1000 50 35000
0 1014 0 1 70231 23 0 1000 7000 0 1 1 0 1000 50 35000
0 1012 0 1 70253 22 0 1000 7000 0 1 1 0 1000 50 35000
0 1013 0 1 70277 24 0 1000 7000 0 1 1 0 1000 50 35000
0 1017 0 1 70299 22 0 1000 7000 0 1 1 0 1000 50 35000
0 1012 0 1 70322 23 0 1000 7000 0 1 1 0 1000 50 35000
0 1013 0 1 70344 22 0 1000 7000 0 1 1 0 1000 50 35000
0 1017 0 1 70367 23 0 1000 7000 0 1 1 0 1000 50 35000
0 1012 0 1 70389 22 0 1000 7000 0 1 1 0 1000 50 35000
0 1014 0 1 70412 23 0 1000 7000 0 1 1 0 1000 50 35000
0 1014 0 1 70434 22 0 1000 7000 0 1 1 0 1000 50 35000
0 1006 0 1 70457 23 0 1000 7000 0 1 1 0 1000 50 35000
0 1013 0 1 70479 22 0 1000 7000 0 1 1 0 1000 50 35000
0 1010 0 1 70502 23 0 1000 7000 0 1 1 0 1000 50 35000
0 1008 0 1 70524 22 0 1000 7000 0 1 1 0 1000 50 35000
0 1014 0 1 70547 23 0 1000 7000 0 1 1 0 1000 50 35000
0 1012 0 1 70569 22 0 1000 7000 0 1 1 0 1000 50 35000
0 1014 0 1 70592 23 0 1000 7000 0 1 1 0 1000 50 35000
0 1016 0 1 70615 23 0 1000 7000 0 1 1 0 1000 50 35000
0 1011 0 1 70637 22 0 1000 7000 0 1 1 0 1000 50 35000
0 1014 0 1 70660 23 0 1000 7000 0 1 1 0 1000 50 35000
0 1014 0 1 70683 23 0 1000 7000 0 1 1 0 1000 50 35000
0 1012 0 1 70706 23 0 1000 7000 0 1 1 0 1000 50 35000
0 1013 0 1 70728 22 0 1000 7000 0 1 1 0 1000 50 35000
0 1016 0 1 70751 23 0 1000 7000 0 1 1 0 1000 50 35000
0 1011 0 1 70773 22 0 1000 7000 0 1 1 0 1000 50 35000
0 1015 0 1 70796 23 0 1000 7000 0 1 1 0 1000 50 35000
0 1013 0 1 70818 22 0 1000 7000 0 1 1 0 1000 50 35000
0 1010 0 1 70841 23 0 1000 7000 0 1 1 0 1000 50 35000
0 1015 0 1 70863 22 0 1000 7000 0 1 1 0 1000 50 35000
0 1008 0 1 70886 23 0 1000 7000 0 1 1 0 1000 50 35000
0 1009 0 1 70908 22 0 1000 7000 0 1 1 0 1000 50 35000
0 1013 0 1 70931 23 0 1000 7000 0 1 1 0 1000 50 35000
0 1012 0 1 70953 22 0 1000 7000 0 1 1 0 1000 50 35000
0 1012 0 1 70976 23 0 1000 7000 0 1 1 0 1000 50 35000
0 1018 0 1 70999 23 0 1000 7000 0 1 1 0 1000 50 35000
0 1012 0 1 71021 22 0 1000 7000 0 1 1 0 1000 50 35000
0 1013 0 1 71044 23 0 1000 7000 0 1 1 0 1000 50 35000
0 1018 0 1 71066 22 0 1000 7000 0 1 1 0 1000 50 35000
0 1012 0 1 71089 23 0 1000 7000 0 1 1 0 1000 50 35000
0 1013 0 1 71112 23 0 1000 7000 0 1 1 0 1000 50 35000
0 1014 0 1 71135 23 0 1000 7000 0 1 1 0 1000 50 35000
0 1009 0 1 71157 22 0 1000 7000 0 1 1 0 1000 50 35000
0 1013 0 1 71180 23 0 1000 7000 0 1 1 0 1000 50 35000
0 1012 0 1 71202 22 0 1000 7000 0 1 1 0 1000 50 35000
0 1007 0 1 71225 23 0 1000 7000 0 1 1 0 1000 50 35000
0 1014 0 1 71247 22 0 1000 7000 0 1 1 0 1000 50 35000
0 1012 0 1 71270 23 0 1000 7000 0 1 1 0 1000 50 35000
0 1011 0 1 71292 22 0 1000 7000 0 1 1 0 1000 50 35000
0 1012 0 1 71315 23 0 1000 7000 0 1 1 0 1000 50 35000
0 1010 0 1 71337 22 0 1000 7000 0 1 1 0 1000 50 35000
0 1012 0 1 71360 23 0 1000 7000 0 1 1 0 1000 50 35000
0 1015 0 1 71383 23 0 1000 7000 0 1 1 0 1000 50 35000
0 1011 0 1 71405 22 0 1000 7000 0 1 1 0 1000 50 35000
0 1013 0 1 71428 23 0 1000 7000 0 1 1 0 1000 50 35000
0 1020 0 1 71450 22 0 1000 7000 0 1 1 0 1000 50 35000
0 1012 0 1 71473 23 0 1000 7000 0 1 1 0 1000 50 35000
0 1015 0 1 71495 22 0 1000 7000 0 1 1 0 1000 50 35000
0 1014 0 1 71518 23 0 1000 7000 0 1 1 0 1000 50 35000
0 1008 0 1 71541 23 0 1000 7000 0 1 1 0 1000 50 35000
0 1014 0 1 71564 23 0 1000 7000 0 1 1 0 1000 50 35000
0 1012 0 1 71586 22 0 1000 7000 0 1 1 0 1000 50 35000
0 1008 0 1 71609 23 0 1000 7000 0 1 1 0 1000 50 35000
0 1014 0 1 71631 22 0 1000 7000 0 1 1 0 1000 50 35000
0 1012 0 1 71654 23 0 1000 7000 0 1 1 0 1000 50 35000
0 1014 0 1 71676 22 0 1000 7000 0 1 1 0 1000 50 35000
0 1020 0 1 71699 23 0 1000 7000 0 1 1 0 1000 50 35000
0 1013 0 1 71721 22 0 1000 7000 0 1 1 0 1000 50 35000
0 1012 0 1 71744 23 0 1000 7000 0 1 1 0 1000 50 35000
0 1016 0 1 71767 23 0 1000 7000 0 1 1 0 1000 50 35000
0 1012 0 1 71789 22 0 1000 7000 0 1 1 0 1000 50 35000
0 1013 0 1 71812 23 0 1000 7000 0 1 1 0 1000 50 35000
0 1014 0 1 71834 22 0 1000 7000 0 1 1 0 1000 50 35000
0 1011 0 1 71857 23 0 1000 7000 0 1 1 0 1000 50 35000
0 1014 0 1 71879 22 0 1000 7000 0 1 1 0 1000 50 35000
0 1012 0 1 71902 23 0 1000 7000 0 1 1 0 1000 50 35000
0 1007 0 1 71924 22 0 1000 7000 0 1 1 0 1000 50 35000
0 1013 0 1 71948 24 0 1000 7000 0 1 1 0 1000 50 35000
0 1012 0 1 71970 22 0 1000 7000 0 1 1 0 1000 50 35000
0 1009 0 1 71993 23 0 1000 7000 0 1 1 0 1000 50 35000
0 1014 0 1 72015 22 0 1000 7000 0 1 1 0 1000 50 35000
0 1011 0 1 72038 23 0 1000 7000 0 1 1 0 1000 50 35000
0 1012 0 1 72060 22 0 1000 7000 0 1 1 0 1000 50 35000
0 1016 0 1 72083 23 0 1000 7000 0 1 1 0 1000 50 35000
0 1013 0 1 72105 22 0 1000 7000 0 1 1 0 1000 50 35000
0 1013 0 1 72128 23 0 1000 7000 0 1 1 0 1000 50 35000
0 1014 0 1 72151 23 0 1000 7000 0 1 1 0 1000 50 35000
0 1012 0 1 72173 22 0 1000 7000 0 1 1 0 1000 50 35000
0 1013 0 1 72196 23 0 1000 7000 0 1 1 0 1000 50 35000
0 1013 0 1 72218 22 0 1000 7000 0 1 1 0 1000 50 35000
0 1009 0 1 72241 23 0 1000 7000 0 1 1 0 1000 50 35000
0 1014 0 1 72263 22 0 1000 7000 0 1 1 0 1000 50 35000
0 1013 0 1 72286 23 0 1000 7000 0 1 1 0 1000 50 35000
0 1006 0 1 72308 22 0 1000 7000 0 1 1 0 1000 50 35000
0 1014 0 1 72331 23 0 1000 7000 0 1 1 0 1000 50 35000
0 1014 0 1 72354 23 0 1000 7000 0 1 1 0 1000 50 35000
0 1011 0 1 72377 23 0 1000 7000 0 1 1 0 1000 50 35000
0 1015 0 1 72399 22 0 1000 7000 0 1 1 0 1000 50 35000
0 1010 0 1 72422 23 0 1000 7000 0 1 1 0 1000 50 35000
0 1012 0 1 72444 22 0 1000 7000 0 1 1 0 1000 50 35000
0 1018 0 1 72467 23 0 1000 7000 0 1 1 0 1000 50 35000
0 1011 0 1 72489 22 0 1000 7000 0 1 1 0 1000 50 35000
0 1013 0 1 72512 23 0 1000 7000 0 1 1 0 1000 50 35000
0 1013 0 1 72535 23 0 1000 7000 0 1 1 0 1000 50 35000
0 1012 0 1 72557 22 0 1000 7000 0 1 1 0 1000 50 35000
0 1014 0 1 72580 23 0 1000 7000 0 1 1 0 1000 50 35000
0 1012 0 1 72602 22 0 1000 7000 0 1 1 0 1000 50 35000
0 1012 0 1 72625 23 0 1000 7000 0 1 1 0 1000 50 35000
0 1014 0 1 72647 22 0 1000 7000 0 1 1 0 1000 50 35000
0 1012 0 1 72670 23 0 1000 7000 0 1 1 0 1000 50 35000
0 1009 0 1 72692 22 0 1000 7000 0 1 1 0 1000 50 35000
0 1013 0 1 72715 23 0 1000 7000 0 1 1 0 1000 50 35000
0 1012 0 1 72737 22 0 1000 7000 0 1 1 0 1000 50 35000
0 1012 0 1 72761 24 0 1000 7000 0 1 1 0 1000 50 35000
0 1015 0 1 72783 22 0 1000 7000 0 1 1 0 1000 50 35000
0 1010 0 1 72806 23 0 1000 7000 0 1 1 0 1000 50 35000
0 1012 0 1 72828 22 0 1000 7000 0 1 1 0 1000 50 35000
0 1017 0 1 72851 23 0 1000 7000 0 1 1 0 1000 50 35000
0 1011 0 1 72873 22 0 1000 7000 0 1 1 0 1000 50 35000
0 1013 0 1 72896 23 0 1000 7000 0 1 1 0 1000 50 35000
0 1013 0 1 72919 23 0 1000 7000 0 1 1 0 1000 50 35000
0 1006 0 1 72941 22 0 1000 7000 0 1 1 0 1000 50 35000
0 1013 0 1 72964 23 0 1000 7000 0 1 1 0 1000 50 35000
0 1012 0 1 72986 22 0 1000 7000 0 1 1 0 1000 50 35000
0 1007 0 1 73009 23 0 1000 7000 0 1 1 0 1000 50 35000
0 1013 0 1 73031 22 0 1000 7000 0 1 1 0 1000 50 35000
0 1012 0 1 73054 23 0 1000 7000 0 1 1 0 1000 50 35000
0 1012 0 1 73076 22 0 1000 7000 0 1 1 0 1000 50 35000
0 1014 0 1 73099 23 0 1000 7000 0 1 1 0 1000 50 35000
0 1011 0 1 73121 22 0 1000 7000 0 1 1 0 1000 50 35000
0 1013 0 1 73144 23 0 1000 7000 0 1 1 0 1000 50 35000
0 1018 0 1 73167 23 0 1000 7000 0 1 1 0 1000 50 35000
0 1011 0 1 73190 23 0 1000 7000 0 1 1 0 1000 50 35000
0 1013 0 1 73212 22 0 1000 7000 0 1 1 0 1000 50 35000
0 1016 0 1 73235 23 0 1000 7000 0 1 1 0 1000 50 35000
0 1010 0 1 73257 22 0 1000 7000 0 1 1 0 1000 50 35000
0 1014 0 1 73280 23 0 1000 7000 0 1 1 0 1000 50 35000
0 1012 0 1 73303 23 0 1000 7000 0 1 1 0 1000 50 35000
0 1010 0 1 73325 22 0 1000 7000 0 1 1 0 1000 50 35000
0 1013 0 1 73348 23 0 1000 7000 0 1 1 0 1000 50 35000
0 1010 0 1 73370 22 0 1000 7000 0 1 1 0 1000 50 35000
0 1009 0 1 73393 23 0 1000 7000 0 1 1 0 1000 50 35000
0 1013 0 1 73415 22 0 1000 7000 0 1 1 0 1000 50 35000
0 1011 0 1 73438 23 0 1000 7000 0 1 1 0 1000 50 35000
0 1013 0 1 73460 22 0 1000 7000 0 1 1 0 1000 50 35000
0 1017 0 1 73483 23 0 1000 7000 0 1 1 0 1000 50 35000
0 1011 0 1 73505 22 0 1000 7000 0 1 1 0 1000 50 35000
0 1013 0 1 73528 23 0 1000 7000 0 1 1 0 1000 50 35000
0 1016 0 1 73550 22 0 1000 7000 0 1 1 0 1000 50 35000
0 1011 0 1 73573 23 0 1000 7000 0 1 1 0 1000 50 35000
0 1009 0 1 73596 23 0 1000 7000 0 1 1 0 1000 50 35000
0 1014 0 1 73619 23 0 1000 7000 0 1 1 0 1000 50 35000
0 1003 0 1 73641 22 0 1000 7000 0 1 1 0 1000 50 35000
0 1013 0 1 73664 23 0 1000 7000 0 1 1 0 1000 50 35000
0 1012 0 1 73687 23 0 1000 7000 0 1 1 0 1000 50 35000
0 1007 0 1 73709 22 0 1000 7000 0 1 1 0 1000 50 35000
0 1013 0 1 73732 23 0 1000 7000 0 1 1 0 1000 50 35000
0 1012 0 1 73754 22 0 1000 7000 0 1 1 0 1000 50 35000
0 1011 0 1 73777 23 0 1000 7000 0 1 1 0 1000 50 35000
0 1014 0 1 73799 22 0 1000 7000 0 1 1 0 1000 50 35000
0 1011 0 1 73822 23 0 1000 7000 0 1 1 0 1000 50 35000
0 1012 0 1 73844 22 0 1000 7000 0 1 1 0 1000 50 35000
0 1016 0 1 73867 23 0 1000 7000 0 1 1 0 1000 50 35000
0 1010 0 1 73889 22 0 1000 7000 0 1 1 0 1000 50 35000
0 1015 0 1 73912 23 0 1000 7000 0 1 1 0 1000 50 35000
0 1016 0 1 73934 22 0 1000 7000 0 1 1 0 1000 50 35000
0 1011 0 1 73957 23 0 1000 7000 0 1 1 0 1000 50 35000
0 1014 0 1 73979 22 0 1000 7000 0 1 1 0 1000 50 35000
0 1013 0 1 74003 24 0 1000 7000 0 1 1 0 1000 50 35000
0 1010 0 1 74025 22 0 1000 7000 0 1 1 0 1000 50 35000
0 1013 0 1 74048 23 0 1000 7000 0 1 1 0 1000 50 35000
0 1013 0 1 74071 23 0 1000 7000 0 1 1 0 1000 50 35000
0 1008 0 1 74093 22 0 1000 7000 0 1 1 0 1000 50 35000
0 1014 0 1 74116 23 0 1000 7000 0 1 1 0 1000 50 35000
0 1011 0 1 74138 22 0 1000 7000 0 1 1 0 1000 50 35000
0 1011 0 1 74161 23 0 1000 7000 0 1 1 0 1000 50 35000
0 1019 0 1 74183 22 0 1000 7000 0 1 1 0 1000 50 35000
0 1011 0 1 74206 23 0 1000 7000 0 1 1 0 1000 50 35000
0 1013 0 1 74228 22 0 1000 7000 0 1 1 0 1000 50 35000
0 1017 0 1 74251 23 0 1000 7000 0 1 1 0 1000 50 35000
0 1011 0 1 74273 22 0 1000 7000 0 1 1 0 1000 50 35000
0 1013 0 1 74296 23 0 1000 7000 0 1 1 0 1000 50 35000
0 1014 0 1 74318 22 0 1000 7000 0 1 1 0 1000 50 35000
0 1010 0 1 74341 23 0 1000 7000 0 1 1 0 1000 50 35000
0 1013 0 1 74363 22 0 1000 7000 0 1 1 0 1000 50 35000
0 1012 0 1 74386 23 0 1000 7000 0 1 1 0 1000 50 35000
0 1008 0 1 74408 22 0 1000 7000 0 1 1 0 1000 50 35000
0 1016 0 1 74432 24 0 1000 7000 0 1 1 0 1000 50 35000
0 1012 0 1 74455 23 0 1000 7000 0 1 1 0 1000 50 35000
0 1009 0 1 74477 22 0 1000 7000 0 1 1 0 1000 50 35000
0 1013 0 1 74500 23 0 1000 7000 0 1 1 0 1000 50 35000
0 1011 0 1 74522 22 0 1000 7000 0 1 1 0 1000 50 35000
0 1003 0 1 74545 23 0 1000 7000 0 1 1 0 1000 50 35000
0 1015 0 1 74567 22 0 1000 7000 0 1 1 0 1000 50 35000
0 1012 0 1 74590 23 0 1000 7000 0 1 1 0 1000 50 35000
0 1013 0 1 74612 22 0 1000 7000 0 1 1 0 1000 50 35000
0 1016 0 1 74635 23 0 1000 7000 0 1 1 0 1000 50 35000
0 1011 0 1 74657 22 0 1000 7000 0 1 1 0 1000 50 35000
0 1012 0 1 74680 23 0 1000 7000 0 1 1 0 1000 50 35000
0 1013 0 1 74702 22 0 1000 7000 0 1 1 0 1000 50 35000
0 1008 0 1 74725 23 0 1000 7000 0 1 1 0 1000 50 35000
0 1013 0 1 74747 22 0 1000 7000 0 1 1 0 1000 50 35000
0 1012 0 1 74770 23 0 1000 7000 0 1 1 0 1000 50 35000
0 1007 0 1 74792 22 0 1000 7000 0 1 1 0 1000 50 35000
0 1014 0 1 74815 23 0 1000 7000 0 1 1 0 1000 50 35000
0 1012 0 1 74839 24 0 1000 7000 0 1 1 0 1000 50 35000
0 1011 0 1 74861 22 0 1000 7000 0 1 1 0 1000 50 35000
0 1020 0 1 74884 23 0 1000 7000 0 1 1 0 1000 50 35000
0 1011 0 1 74906 22 0 1000 7000 0 1 1 0 1000 50 35000
0 1012 0 1 74929 23 0 1000 7000 0 1 1 0 1000 50 35000
0 1018 0 1 74951 22 0 1000 7000 0 1 1 0 1000 50 35000
0 1011 0 1 74974 23 0 1000 7000 0 1 1 0 1000 50 35000
0 1013 0 1 74996 22 0 1000 7000 0 1 1 0 1000 50 35000
0 1012 0 1 75019 23 0 1000 7000 0 1 1 0 1000 50 35000
0 1010 0 1 75041 22 0 1000 7000 0 1 1 0 1000 50 35000
0 1015 0 1 75064 23 0 1000 7000 0 1 1 0 1000 50 35000
0 1012 0 1 75086 22 0 1000 7000 0 1 1 0 1000 50 35000
0 1009 0 1 75109 23 0 1000 7000 0 1 1 0 1000 50 35000
0 1014 0 1 75131 22 0 1000 7000 0 1 1 0 1000 50 35000
0 1013 0 1 75154 23 0 1000 7000 0 1 1 0 1000 50 35000
0 1009 0 1 75176 22 0 1000 7000 0 1 1 0 1000 50 35000
0 1013 0 1 75199 23 0 1000 7000 0 1 1 0 1000 50 35000
0 1011 0 1 75222 23 0 1000 7000 0 1 1 0 1000 50 35000
0 1012 0 1 75245 23 0 1000 7000 0 1 1 0 1000 50 35000
0 1015 0 1 75268 23 0 1000 7000 0 1 1 0 1000 50 35000
0 1012 0 1 75290 22 0 1000 7000 0 1 1 0 1000 50 35000
0 1012 0 1 75313 23 0 1000 7000 0 1 1 0 1000 50 35000
0 1015 0 1 75335 22 0 1000 7000 0 1 1 0 1000 50 35000
0 1011 0 1 75358 23 0 1000 7000 0 1 1 0 1000 50 35000
0 1012 0 1 75380 22 0 1000 7000 0 1 1 0 1000 50 35000
0 1013 0 1 75403 23 0 1000 7000 0 1 1 0 1000 50 35000
0 1007 0 1 75425 22 0 1000 7000 0 1 1 0 1000 50 35000
0 1013 0 1 75448 23 0 1000 7000 0 1 1 0 1000 50 35000
0 1012 0 1 75470 22 0 1000 7000 0 1 1 0 1000 50 35000
0 1007 0 1 75493 23 0 1000 7000 0 1 1 0 1000 50 35000
0 1010 0 1 75515 22 0 1000 7000 0 1 1 0 1000 50 35000
0 1015 0 1 75538 23 0 1000 7000 0 1 1 0 1000 50 35000
0 1011 0 1 75560 22 0 1000 7000 0 1 1 0 1000 50 35000
0 1014 0 1 75583 23 0 1000 7000 0 1 1 0 1000 50 35000
0 1011 0 1 75606 23 0 1000 7000 0 1 1 0 1000 50 35000
0 1013 0 1 75628 22 0 1000 7000 0 1 1 0 1000 50 35000
0 1017 0 1 75651 23 0 1000 7000 0 1 1 0 1000 50 35000
0 1012 0 1 75674 23 0 1000 7000 0 1 1 0 1000 50 35000
0 1013 0 1 75697 23 0 1000 7000 0 1 1 0 1000 50 35000
0 1012 0 1 75719 22 0 1000 7000 0 1 1 0 1000 50 35000
0 1011 0 1 75742 23 0 1000 7000 0 1 1 0 1000 50 35000
0 1014 0 1 75764 22 0 1000 7000 0 1 1 0 1000 50 35000
0 1019 0 1 75787 23 0 1000 7000 0 1 1 0 1000 50 35000
0 1009 0 1 75809 22 0 1000 7000 0 1 1 0 1000 50 35000
0 1013 0 1 75832 23 0 1000 7000 0 1 1 0 1000 50 35000
0 1012 0 1 75854 22 0 1000 7000 0 1 1 0 1000 50 35000
0 1005 0 1 75877 23 0 1000 7000 0 1 1 0 1000 50 35000
0 1012 0 1 75899 22 0 1000 7000 0 1 1 0 1000 50 35000
0 1010 0 1 75922 23 0 1000 7000 0 1 1 0 1000 50 35000
0 1008 0 1 75944 22 0 1000 7000 0 1 1 0 1000 50 35000
0 1016 0 1 75967 23 0 1000 7000 0 1 1 0 1000 50 35000
0 1011 0 1 75990 23 0 1000 7000 0 1 1 0 1000 50 35000
0 1017 0 1 76012 22 0 1000 7000 0 1 1 0 1000 50 35000
0 1018 0 1 76035 23 0 1000 7000 0 1 1 0 1000 50 35000
0 1012 0 1 76057 22 0 1000 7000 0 1 1 0 1000 50 35000
0 1013 0 1 76081 24 0 1000 7000 0 1 1 0 1000 50 35000
0 1013 0 1 76103 22 0 1000 7000 0 1 1 0 1000 50 35000
0 1004 0 1 76126 23 0 1000 7000 0 1 1 0 1000 50 35000
0 1011 0 1 76148 22 0 1000 7000 0 1 1 0 1000 50 35000
0 1012 0 1 76171 23 0 1000 7000 0 1 1 0 1000 50 35000
0 1008 0 1 76193 22 0 1000 7000 0 1 1 0 1000 50 35000
0 1013 0 1 76216 23 0 1000 7000 0 1 1 0 1000 50 35000
0 1013 0 1 76238 22 0 1000 7000 0 1 1 0 1000 50 35000
0 1011 0 1 76261 23 0 1000 7000 0 1 1 0 1000 50 35000
0 1014 0 1 76283 22 0 1000 7000 0 1 1 0 1000 50 35000
0 1011 0 1 76306 23 0 1000 7000 0 1 1 0 1000 50 35000
0 1011 0 1 76328 22 0 1000 7000 0 1 1 0 1000 50 35000
0 1012 0 1 76351 23 0 1000 7000 0 1 1 0 1000 50 35000
0 1011 0 1 76374 23 0 1000 7000 0 1 1 0 1000 50 35000
0 1012 0 1 76396 22 0 1000 7000 0 1 1 0 1000 50 35000
0 1014 0 1 76419 23 0 1000 7000 0 1 1 0 1000 50 35000
0 1011 0 1 76441 22 0 1000 7000 0 1 1 0 1000 50 35000
0 1014 0 1 76464 23 0 1000 7000 0 1 1 0 1000 50 35000
0 1013 0 1 76487 23 0 1000 7000 0 1 1 0 1000 50 35000
0 1008 0 1 76510 23 0 1000 7000 0 1 1 0 1000 50 35000
0 1013 0 1 76532 22 0 1000 7000 0 1 1 0 1000 50 35000
0 1012 0 1 76555 23 0 1000 7000 0 1 1 0 1000 50 35000
0 1009 0 1 76577 22 0 1000 7000 0 1 1 0 1000 50 35000
0 1013 0 1 76600 23 0 1000 7000 0 1 1 0 1000 50 35000
0 1011 0 1 76622 22 0 1000 7000 0 1 1 0 1000 50 35000
0 1011 0 1 76645 23 0 1000 7000 0 1 1 0 1000 50 35000
0 1015 0 1 76667 22 0 1000 7000 0 1 1 0 1000 50 35000
0 1011 0 1 76690 23 0 1000 7000 0 1 1 0 1000 50 35000
0 1018 0 1 76712 22 0 1000 7000 0 1 1 0 1000 50 35000
0 1017 0 1 76735 23 0 1000 7000 0 1 1 0 1000 50 35000
0 1011 0 1 76758 23 0 1000 7000 0 1 1 0 1000 50 35000
0 1012 0 1 76780 22 0 1000 7000 0 1 1 0 1000 50 35000
0 1014 0 1 76803 23 0 1000 7000 0 1 1 0 1000 50 35000
0 1008 0 1 76825 22 0 1000 7000 0 1 1 0 1000 50 35000
0 1013 0 1 76848 23 0 1000 7000 0 1 1 0 1000 50 35000
0 1012 0 1 76870 22 0 1000 7000 0 1 1 0 1000 50 35000
0 1007 0 1 76893 23 0 1000 7000 0 1 1 0 1000 50 35000
0 1013 0 1 76916 23 0 1000 7000 0 1 1 0 1000 50 35000
0 1011 0 1 76939 23 0 1000 7000 0 1 1 0 1000 50 35000
0 1010 0 1 76961 22 0 1000 7000 0 1 1 0 1000 50 35000
0 1013 0 1 76984 23 0 1000 7000 0 1 1 0 1000 50 35000
0 1010 0 1 77006 22 0 1000 7000 0 1 1 0 1000 50 35000
0 1011 0 1 77029 23 0 1000 7000 0 1 1 0 1000 50 35000
0 1015 0 1 77051 22 0 1000 7000 0 1 1 0 1000 50 35000
0 1010 0 1 77074 23 0 1000 7000 0 1 1 0 1000 50 35000
0 1012 0 1 77096 22 0 1000 7000 0 1 1 0 1000 50 35000
0 1023 0 1 77119 23 0 1000 7000 0 1 1 0 1000 50 35000
0 1011 0 1 77142 23 0 1000 7000 0 1 1 0 1000 50 35000
0 1013 0 1 77164 22 0 1000 7000 0 1 1 0 1000 50 35000
0 1013 0 1 77187 23 0 1000 7000 0 1 1 0 1000 50 35000
0 1009 0 1 77209 22 0 1000 7000 0 1 1 0 1000 50 35000
0 1013 0 1 77232 23 0 1000 7000 0 1 1 0 1000 50 35000
0 1010 0 1 77254 22 0 1000 7000 0 1 1 0 1000 50 35000
0 1007 0 1 77277 23 0 1000 7000 0 1 1 0 1000 50 35000
0 1014 0 1 77299 22 0 1000 7000 0 1 1 0 1000 50 35000
0 1011 0 1 77323 24 0 1000 7000 0 1 1 0 1000 50 35000
0 1011 0 1 77345 22 0 1000 7000 0 1 1 0 1000 50 35000
0 1019 0 1 77368 23 0 1000 7000 0 1 1 0 1000 50 35000
0 1011 0 1 77390 22 0 1000 7000 0 1 1 0 1000 50 35000
0 1011 0 1 77413 23 0 1000 7000 0 1 1 0 1000 50 35000
0 1018 0 1 77435 22 0 1000 7000 0 1 1 0 1000 50 35000
0 1011 0 1 77458 23 0 1000 7000 0 1 1 0 1000 50 35000
0 1015 0 1 77480 22 0 1000 7000 0 1 1 0 1000 50 35000
0 1013 0 1 77503 23 0 1000 7000 0 1 1 0 1000 50 35000
0 1009 0 1 77526 23 0 1000 7000 0 1 1 0 1000 50 35000
0 1013 0 1 77548 22 0 1000 7000 0 1 1 0 1000 50 35000
0 1018 0 1 77571 23 0 1000 7000 0 1 1 0 1000 50 35000
0 1006 0 1 77593 22 0 1000 7000 0 1 1 0 1000 50 35000
0 1013 0 1 77616 23 0 1000 7000 0 1 1 0 1000 50 35000
0 1011 0 1 77638 22 0 1000 7000 0 1 1 0 1000 50 35000
0 1010 0 1 77661 23 0 1000 7000 0 1 1 0 1000 50 35000
0 1013 0 1 77683 22 0 1000 7000 0 1 1 0 1000 50 35000
0 1011 0 1 77706 23 0 1000 7000 0 1 1 0 1000 50 35000
0 1012 0 1 77729 23 0 1000 7000 0 1 1 0 1000 50 35000
0 1013 0 1 77752 23 0 1000 7000 0 1 1 0 1000 50 35000
0 1010 0 1 77774 22 0 1000 7000 0 1 1 0 1000 50 35000
0 1016 0 1 77797 23 0 1000 7000 0 1 1 0 1000 50 35000
0 1018 0 1 77819 22 0 1000 7000 0 1 1 0 1000 50 35000
0 1011 0 1 77842 23 0 1000 7000 0 1 1 0 1000 50 35000
0 1013 0 1 77864 22 0 1000 7000 0 1 1 0 1000 50 35000
0 1012 0 1 77887 23 0 1000 7000 0 1 1 0 1000 50 35000
0 1008 0 1 77910 23 0 1000 7000 0 1 1 0 1000 50 35000
0 1013 0 1 77932 22 0 1000 7000 0 1 1 0 1000 50 35000
0 1011 0 1 77955 23 0 1000 7000 0 1 1 0 1000 50 35000
0 1007 0 1 77977 22 0 1000 7000 0 1 1 0 1000 50 35000
0 1013 0 1 78000 23 0 1000 7000 0 1 1 0 1000 50 35000
0 1011 0 1 78022 22 0 1000 7000 0 1 1 0 1000 50 35000
0 1011 0 1 78045 23 0 1000 7000 0 1 1 0 1000 50 35000
0 1018 0 1 78067 22 0 1000 7000 0 1 1 0 1000 50 35000
0 1011 0 1 78090 23 0 1000 7000 0 1 1 0 1000 50 35000
0 1012 0 1 78112 22 0 1000 7000 0 1 1 0 1000 50 35000
0 1018 0 1 78136 24 0 1000 7000 0 1 1 0 1000 50 35000
0 1011 0 1 78158 22 0 1000 7000 0 1 1 0 1000 50 35000
0 1012 0 1 78181 23 0 1000 7000 0 1 1 0 1000 50 35000
0 1013 0 1 78203 22 0 1000 7000 0 1 1 0 1000 50 35000
0 1008 0 1 78226 23 0 1000 7000 0 1 1 0 1000 50 35000
0 1013 0 1 78248 22 0 1000 7000 0 1 1 0 1000 50 35000
0 1012 0 1 78271 23 0 1000 7000 0 1 1 0 1000 50 35000
0 1007 0 1 78294 23 0 1000 7000 0 1 1 0 1000 50 35000
0 1013 0 1 78316 22 0 1000 7000 0 1 1 0 1000 50 35000
0 1008 0 1 78339 23 0 1000 7000 0 1 1 0 1000 50 35000
0 1010 0 1 78361 22 0 1000 7000 0 1 1 0 1000 50 35000
0 1013 0 1 78384 23 0 1000 7000 0 1 1 0 1000 50 35000
0 1010 0 1 78406 22 0 1000 7000 0 1 1 0 1000 50 35000
0 1011 0 1 78429 23 0 1000 7000 0 1 1 0 1000 50 35000
0 1015 0 1 78451 22 0 1000 7000 0 1 1 0 1000 50 35000
0 1010 0 1 78474 23 0 1000 7000 0 1 1 0 1000 50 35000
0 1015 0 1 78496 22 0 1000 7000 0 1 1 0 1000 50 35000
0 1016 0 1 78519 23 0 1000 7000 0 1 1 0 1000 50 35000
0 1012 0 1 78542 23 0 1000 7000 0 1 1 0 1000 50 35000
0 1013 0 1 78565 23 0 1000 7000 0 1 1 0 1000 50 35000
0 1018 0 1 78587 22 0 1000 7000 0 1 1 0 1000 50 35000
0 1007 0 1 78610 23 0 1000 7000 0 1 1 0 1000 50 35000
0 1012 0 1 78632 22 0 1000 7000 0 1 1 0 1000 50 35000
0 1011 0 1 78655 23 0 1000 7000 0 1 1 0 1000 50 35000
0 1008 0 1 78678 23 0 1000 7000 0 1 1 0 1000 50 35000
0 1015 0 1 78700 22 0 1000 7000 0 1 1 0 1000 50 35000
0 1011 0 1 78723 23 0 1000 7000 0 1 1 0 1000 50 35000
0 1011 0 1 78745 22 0 1000 7000 0 1 1 0 1000 50 35000
0 1019 0 1 78768 23 0 1000 7000 0 1 1 0 1000 50 35000
0 1011 0 1 78790 22 0 1000 7000 0 1 1 0 1000 50 35000
0 1012 0 1 78813 23 0 1000 7000 0 1 1 0 1000 50 35000
0 1017 0 1 78835 22 0 1000 7000 0 1 1 0 1000 50 35000
0 1011 0 1 78858 23 0 1000 7000 0 1 1 0 1000 50 35000
0 1012 0 1 78880 22 0 1000 7000 0 1 1 0 1000 50 35000
0 1013 0 1 78903 23 0 1000 7000 0 1 1 0 1000 50 35000
0 1008 0 1 78925 22 0 1000 7000 0 1 1 0 1000 50 35000
0 1013 0 1 78949 24 0 1000 7000 0 1 1 0 1000 50 35000
0 1013 0 1 78971 22 0 1000 7000 0 1 1 0 1000 50 35000
0 1012 0 1 78994 23 0 1000 7000 0 1 1 0 1000 50 35000
0 1013 0 1 79016 22 0 1000 7000 0 1 1 0 1000 50 35000
0 1011 0 1 79039 23 0 1000 7000 0 1 1 0 1000 50 35000
0 1008 0 1 79062 23 0 1000 7000 0 1 1 0 1000 50 35000
0 1013 0 1 79084 22 0 1000 7000 0 1 1 0 1000 50 35000
0 1010 0 1 79107 23 0 1000 7000 0 1 1 0 1000 50 35000
0 1011 0 1 79129 22 0 1000 7000 0 1 1 0 1000 50 35000
0 1011 0 1 79152 23 0 1000 7000 0 1 1 0 1000 50 35000
0 1011 0 1 79174 22 0 1000 7000 0 1 1 0 1000 50 35000
0 1013 0 1 79197 23 0 1000 7000 0 1 1 0 1000 50 35000
0 1014 0 1 79219 22 0 1000 7000 0 1 1 0 1000 50 35000
0 1011 0 1 79242 23 0 1000 7000 0 1 1 0 1000 50 35000
0 1013 0 1 79264 22 0 1000 7000 0 1 1 0 1000 50 35000
0 1011 0 1 79287 23 0 1000 7000 0 1 1 0 1000 50 35000
0 1008 0 1 79309 22 0 1000 7000 0 1 1 0 1000 50 35000
0 1013 0 1 79332 23 0 1000 7000 0 1 1 0 1000 50 35000
0 1012 0 1 79355 23 0 1000 7000 0 1 1 0 1000 50 35000
0 1006 0 1 79378 23 0 1000 7000 0 1 1 0 1000 50 35000
0 1013 0 1 79400 22 0 1000 7000 0 1 1 0 1000 50 35000
0 1011 0 1 79423 23 0 1000 7000 0 1 1 0 1000 50 35000
0 1010 0 1 79446 23 0 1000 7000 0 1 1 0 1000 50 35000
0 1019 0 1 79468 22 0 1000 7000 0 1 1 0 1000 50 35000
0 1011 0 1 79491 23 0 1000 7000 0 1 1 0 1000 50 35000
0 1011 0 1 79513 22 0 1000 7000 0 1 1 0 1000 50 35000
0 1017 0 1 79536 23 0 1000 7000 0 1 1 0 1000 50 35000
0 1011 0 1 79558 22 0 1000 7000 0 1 1 0 1000 50 35000
0 1013 0 1 79581 23 0 1000 7000 0 1 1 0 1000 50 35000
0 1014 0 1 79603 22 0 1000 7000 0 1 1 0 1000 50 35000
0 1008 0 1 79626 23 0 1000 7000 0 1 1 0 1000 50 35000
0 1013 0 1 79648 22 0 1000 7000 0 1 1 0 1000 50 35000
0 1012 0 1 79671 23 0 1000 7000 0 1 1 0 1000 50 35000
0 1007 0 1 79693 22 0 1000 7000 0 1 1 0 1000 50 35000
0 1014 0 1 79716 23 0 1000 7000 0 1 1 0 1000 50 35000
0 1012 0 1 79738 22 0 1000 7000 0 1 1 0 1000 50 35000
0 1008 0 1 79762 24 0 1000 7000 0 1 1 0 1000 50 35000
0 1013 0 1 79784 22 0 1000 7000 0 1 1 0 1000 50 35000
0 1008 0 1 79807 23 0 1000 7000 0 1 1 0 1000 50 35000
0 1011 0 1 79830 23 0 1000 7000 0 1 1 0 1000 50 35000
0 1015 0 1 79852 22 0 1000 7000 0 1 1 0 1000 50 35000
0 1011 0 1 79875 23 0 1000 7000 0 1 1 0 1000 50 35000
0 1012 0 1 79897 22 0 1000 7000 0 1 1 0 1000 50 35000
0 1017 0 1 79920 23 0 1000 7000 0 1 1 0 1000 50 35000
0 1011 0 1 79942 22 0 1000 7000 0 1 1 0 1000 50 35000
0 1012 0 1 79965 23 0 1000 7000 0 1 1 0 1000 50 35000
0 1013 0 1 79987 22 0 1000 7000 0 1 1 0 1000 50 35000
0 1007 0 1 80010 23 0 1000 7000 0 1 1 0 1000 50 35000
0 1013 0 1 80032 22 0 1000 7000 0 1 1 0 1000 50 35000
0 1011 0 1 80055 23 0 1000 7000 0 1 1 0 1000 50 35000
0 1007 0 1 80077 22 0 1000 7000 0 1 1 0 1000 50 35000
0 1013 0 1 80100 23 0 1000 7000 0 1 1 0 1000 50 35000
0 1011 0 1 80122 22 0 1000 7000 0 1 1 0 1000 50 35000
0 1011 0 1 80145 23 0 1000 7000 0 1 1 0 1000 50 35000
0 1015 0 1 80167 22 0 1000 7000 0 1 1 0 1000 50 35000
0 1011 0 1 80191 24 0 1000 7000 0 1 1 0 1000 50 35000
0 1012 0 1 80214 23 0 1000 7000 0 1 1 0 1000 50 35000
0 1016 0 1 80236 22 0 1000 7000 0 1 1 0 1000 50 35000
0 1009 0 1 80259 23 0 1000 7000 0 1 1 0 1000 50 35000
0 1012 0 1 80281 22 0 1000 7000 0 1 1 0 1000 50 35000
0 1013 0 1 80304 23 0 1000 7000 0 1 1 0 1000 50 35000
0 1010 0 1 80326 22 0 1000 7000 0 1 1 0 1000 50 35000
0 1013 0 1 80349 23 0 1000 7000 0 1 1 0 1000 50 35000
0 1011 0 1 80371 22 0 1000 7000 0 1 1 0 1000 50 35000
0 1003 0 1 80394 23 0 1000 7000 0 1 1 0 1000 50 35000
0 1013 0 1 80416 22 0 1000 7000 0 1 1 0 1000 50 35000
0 1011 0 1 80439 23 0 1000 7000 0 1 1 0 1000 50 35000
0 1008 0 1 80461 22 0 1000 7000 0 1 1 0 1000 50 35000
0 1013 0 1 80484 23 0 1000 7000 0 1 1 0 1000 50 35000
0 1010 0 1 80506 22 0 1000 7000 0 1 1 0 1000 50 35000
0 1011 0 1 80529 23 0 1000 7000 0 1 1 0 1000 50 35000
0 1014 0 1 80551 22 0 1000 7000 0 1 1 0 1000 50 35000
0 1011 0 1 80574 23 0 1000 7000 0 1 1 0 1000 50 35000
0 1013 0 1 80598 24 0 1000 7000 0 1 1 0 1000 50 35000
0 1015 0 1 80620 22 0 1000 7000 0 1 1 0 1000 50 35000
0 1011 0 1 80643 23 0 1000 7000 0 1 1 0 1000 50 35000
0 1014 0 1 80665 22 0 1000 7000 0 1 1 0 1000 50 35000
0 1013 0 1 80688 23 0 1000 7000 0 1 1 0 1000 50 35000
0 1006 0 1 80710 22 0 1000 7000 0 1 1 0 1000 50 35000
0 1011 0 1 80733 23 0 1000 7000 0 1 1 0 1000 50 35000
0 1012 0 1 80755 22 0 1000 7000 0 1 1 0 1000 50 35000
0 1009 0 1 80778 23 0 1000 7000 0 1 1 0 1000 50 35000
0 1013 0 1 80800 22 0 1000 7000 0 1 1 0 1000 50 35000
0 1011 0 1 80823 23 0 1000 7000 0 1 1 0 1000 50 35000
0 1011 0 1 80845 22 0 1000 7000 0 1 1 0 1000 50 35000
0 1015 0 1 80868 23 0 1000 7000 0 1 1 0 1000 50 35000
0 1009 0 1 80890 22 0 1000 7000 0 1 1 0 1000 50 35000
0 1012 0 1 80913 23 0 1000 7000 0 1 1 0 1000 50 35000
0 1017 0 1 80935 22 0 1000 7000 0 1 1 0 1000 50 35000
0 1010 0 1 80958 23 0 1000 7000 0 1 1 0 1000 50 35000
0 1013 0 1 80980 22 0 1000 7000 0 1 1 0 1000 50 35000
0 1016 0 1 81004 24 0 1000 7000 0 1 1 0 1000 50 35000
0 1010 0 1 81027 23 0 1000 7000 0 1 1 0 1000 50 35000
0 1013 0 1 81049 22 0 1000 7000 0 1 1 0 1000 50 35000
0 1012 0 1 81072 23 0 1000 7000 0 1 1 0 1000 50 35000
0 1008 0 1 81094 22 0 1000 7000 0 1 1 0 1000 50 35000
0 1013 0 1 81117 23 0 1000 7000 0 1 1 0 1000 50 35000
0 1012 0 1 81139 22 0 1000 7000 0 1 1 0 1000 50 35000
0 1007 0 1 81162 23 0 1000 7000 0 1 1 0 1000 50 35000
0 1012 0 1 81184 22 0 1000 7000 0 1 1 0 1000 50 35000
0 1010 0 1 81207 23 0 1000 7000 0 1 1 0 1000 50 35000
0 1011 0 1 81229 22 0 1000 7000 0 1 1 0 1000 50 35000
0 1014 0 1 81252 23 0 1000 7000 0 1 1 0 1000 50 35000
0 1010 0 1 81274 22 0 1000 7000 0 1 1 0 1000 50 35000
0 1014 0 1 81297 23 0 1000 7000 0 1 1 0 1000 50 35000
0 1020 0 1 81319 22 0 1000 7000 0 1 1 0 1000 50 35000
0 1010 0 1 81342 23 0 1000 7000 0 1 1 0 1000 50 35000
0 1013 0 1 81364 22 0 1000 7000 0 1 1 0 1000 50 35000
0 1012 0 1 81387 23 0 1000 7000 0 1 1 0 1000 50 35000
0 1006 0 1 81411 24 0 1000 7000 0 1 1 0 1000 50 35000
0 1012 0 1 81433 22 0 1000 7000 0 1 1 0 1000 50 35000
0 1011 0 1 81456 23 0 1000 7000 0 1 1 0 1000 50 35000
0 1006 0 1 81478 22 0 1000 7000 0 1 1 0 1000 50 35000
0 1013 0 1 81501 23 0 1000 7000 0 1 1 0 1000 50 35000
0 1011 0 1 81523 22 0 1000 7000 0 1 1 0 1000 50 35000
0 1010 0 1 81546 23 0 1000 7000 0 1 1 0 1000 50 35000
0 1014 0 1 81568 22 0 1000 7000 0 1 1 0 1000 50 35000
0 1013 0 1 81591 23 0 1000 7000 0 1 1 0 1000 50 35000
0 1001 0 1 81613 22 0 1000 7000 0 1 1 0 1000 50 35000
0 1023 0 1 81636 23 0 1000 7000 0 1 1 0 1000 50 35000
0 1010 0 1 81658 22 0 1000 7000 0 1 1 0 1000 50 35000
0 1012 0 1 81681 23 0 1000 7000 0 1 1 0 1000 50 35000
0 1012 0 1 81703 22 0 1000 7000 0 1 1 0 1000 50 35000
0 1010 0 1 81726 23 0 1000 7000 0 1 1 0 1000 50 35000
0 1014 0 1 81748 22 0 1000 7000 0 1 1 0 1000 50 35000
0 1011 0 1 81771 23 0 1000 7000 0 1 1 0 1000 50 35000
0 1008 0 1 81794 23 0 1000 7000 0 1 1 0 1000 50 35000
0 1013 0 1 81817 23 0 1000 7000 0 1 1 0 1000 50 35000
0 1010 0 1 81840 23 0 1000 7000 0 1 1 0 1000 50 35000
0 1009 0 1 81862 22 0 1000 7000 0 1 1 0 1000 50 35000
0 1011 0 1 81885 23 0 1000 7000 0 1 1 0 1000 50 35000
0 1011 0 1 81907 22 0 1000 7000 0 1 1 0 1000 50 35000
0 1018 0 1 81930 23 0 1000 7000 0 1 1 0 1000 50 35000
0 1014 0 1 81952 22 0 1000 7000 0 1 1 0 1000 50 35000
0 1010 0 1 81975 23 0 1000 7000 0 1 1 0 1000 50 35000
0 1011 0 1 81997 22 0 1000 7000 0 1 1 0 1000 50 35000
0 1017 0 1 82020 23 0 1000 7000 0 1 1 0 1000 50 35000
0 1010 0 1 82042 22 0 1000 7000 0 1 1 0 1000 50 35000
0 1012 0 1 82065 23 0 1000 7000 0 1 1 0 1000 50 35000
0 1013 0 1 82087 22 0 1000 7000 0 1 1 0 1000 50 35000
0 1004 0 1 82110 23 0 1000 7000 0 1 1 0 1000 50 35000
0 1012 0 1 82132 22 0 1000 7000 0 1 1 0 1000 50 35000
0 1012 0 1 82155 23 0 1000 7000 0 1 1 0 1000 50 35000
0 1006 0 1 82178 23 0 1000 7000 0 1 1 0 1000 50 35000
0 1012 0 1 82200 22 0 1000 7000 0 1 1 0 1000 50 35000
0 1012 0 1 82223 23 0 1000 7000 0 1 1 0 1000 50 35000
0 1015 0 1 82246 23 0 1000 7000 0 1 1 0 1000 50 35000
0 1009 0 1 82269 23 0 1000 7000 0 1 1 0 1000 50 35000
0 1012 0 1 82291 22 0 1000 7000 0 1 1 0 1000 50 35000
0 1011 0 1 82314 23 0 1000 7000 0 1 1 0 1000 50 35000
0 1015 0 1 82336 22 0 1000 7000 0 1 1 0 1000 50 35000
0 1010 0 1 82359 23 0 1000 7000 0 1 1 0 1000 50 35000
0 1011 0 1 82381 22 0 1000 7000 0 1 1 0 1000 50 35000
0 1014 0 1 82404 23 0 1000 7000 0 1 1 0 1000 50 35000
0 1010 0 1 82426 22 0 1000 7000 0 1 1 0 1000 50 35000
0 1013 0 1 82449 23 0 1000 7000 0 1 1 0 1000 50 35000
0 1012 0 1 82471 22 0 1000 7000 0 1 1 0 1000 50 35000
0 1008 0 1 82494 23 0 1000 7000 0 1 1 0 1000 50 35000
0 1013 0 1 82516 22 0 1000 7000 0 1 1 0 1000 50 35000
0 1013 0 1 82539 23 0 1000 7000 0 1 1 0 1000 50 35000
0 1008 0 1 82562 23 0 1000 7000 0 1 1 0 1000 50 35000
0 1011 0 1 82584 22 0 1000 7000 0 1 1 0 1000 50 35000
0 1010 0 1 82607 23 0 1000 7000 0 1 1 0 1000 50 35000
0 1009 0 1 82629 22 0 1000 7000 0 1 1 0 1000 50 35000
0 1016 0 1 82652 23 0 1000 7000 0 1 1 0 1000 50 35000
0 1011 0 1 82675 23 0 1000 7000 0 1 1 0 1000 50 35000
0 1011 0 1 82698 23 0 1000 7000 0 1 1 0 1000 50 35000
0 1017 0 1 82720 22 0 1000 7000 0 1 1 0 1000 50 35000
0 1010 0 1 82743 23 0 1000 7000 0 1 1 0 1000 50 35000
0 1012 0 1 82765 22 0 1000 7000 0 1 1 0 1000 50 35000
0 1013 0 1 82788 23 0 1000 7000 0 1 1 0 1000 50 35000
0 1003 0 1 82810 22 0 1000 7000 0 1 1 0 1000 50 35000
0 1012 0 1 82833 23 0 1000 7000 0 1 1 0 1000 50 35000
0 1011 0 1 82855 22 0 1000 7000 0 1 1 0 1000 50 35000
0 1006 0 1 82878 23 0 1000 7000 0 1 1 0 1000 50 35000
0 1012 0 1 82900 22 0 1000 7000 0 1 1 0 1000 50 35000
0 1011 0 1 82923 23 0 1000 7000 0 1 1 0 1000 50 35000
0 1010 0 1 82946 23 0 1000 7000 0 1 1 0 1000 50 35000
0 1013 0 1 82968 22 0 1000 7000 0 1 1 0 1000 50 35000
0 1011 0 1 82991 23 0 1000 7000 0 1 1 0 1000 50 35000
0 1011 0 1 83013 22 0 1000 7000 0 1 1 0 1000 50 35000
0 1013 0 1 83036 23 0 1000 7000 0 1 1 0 1000 50 35000
0 1010 0 1 83058 22 0 1000 7000 0 1 1 0 1000 50 35000
0 1012 0 1 83082 24 0 1000 7000 0 1 1 0 1000 50 35000
0 1015 0 1 83104 22 0 1000 7000 0 1 1 0 1000 50 35000
0 1010 0 1 83127 23 0 1000 7000 0 1 1 0 1000 50 35000
0 1013 0 1 83149 22 0 1000 7000 0 1 1 0 1000 50 35000
0 1011 0 1 83172 23 0 1000 7000 0 1 1 0 1000 50 35000
0 1008 0 1 83194 22 0 1000 7000 0 1 1 0 1000 50 35000
0 1012 0 1 83217 23 0 1000 7000 0 1 1 0 1000 50 35000
0 1011 0 1 83239 22 0 1000 7000 0 1 1 0 1000 50 35000
0 1007 0 1 83262 23 0 1000 7000 0 1 1 0 1000 50 35000
0 1012 0 1 83284 22 0 1000 7000 0 1 1 0 1000 50 35000
0 1010 0 1 83307 23 0 1000 7000 0 1 1 0 1000 50 35000
0 1010 0 1 83330 23 0 1000 7000 0 1 1 0 1000 50 35000
0 1017 0 1 83352 22 0 1000 7000 0 1 1 0 1000 50 35000
0 1010 0 1 83375 23 0 1000 7000 0 1 1 0 1000 50 35000
0 1012 0 1 83397 22 0 1000 7000 0 1 1 0 1000 50 35000
0 1017 0 1 83420 23 0 1000 7000 0 1 1 0 1000 50 35000
0 1009 0 1 83442 22 0 1000 7000 0 1 1 0 1000 50 35000
0 1012 0 1 83465 23 0 1000 7000 0 1 1 0 1000 50 35000
0 1014 0 1 83487 22 0 1000 7000 0 1 1 0 1000 50 35000
0 1008 0 1 83511 24 0 1000 7000 0 1 1 0 1000 50 35000
0 1012 0 1 83533 22 0 1000 7000 0 1 1 0 1000 50 35000
0 1011 0 1 83556 23 0 1000 7000 0 1 1 0 1000 50 35000
0 1006 0 1 83578 22 0 1000 7000 0 1 1 0 1000 50 35000
0 1013 0 1 83601 23 0 1000 7000 0 1 1 0 1000 50 35000
0 1011 0 1 83623 22 0 1000 7000 0 1 1 0 1000 50 35000
0 1010 0 1 83646 23 0 1000 7000 0 1 1 0 1000 50 35000
0 1013 0 1 83668 22 0 1000 7000 0 1 1 0 1000 50 35000
0 1010 0 1 83691 23 0 1000 7000 0 1 1 0 1000 50 35000
0 1011 0 1 83714 23 0 1000 7000 0 1 1 0 1000 50 35000
0 1015 0 1 83736 22 0 1000 7000 0 1 1 0 1000 50 35000
0 1010 0 1 83759 23 0 1000 7000 0 1 1 0 1000 50 35000
0 1014 0 1 83781 22 0 1000 7000 0 1 1 0 1000 50 35000
0 1015 0 1 83804 23 0 1000 7000 0 1 1 0 1000 50 35000
0 1010 0 1 83826 22 0 1000 7000 0 1 1 0 1000 50 35000
0 1013 0 1 83849 23 0 1000 7000 0 1 1 0 1000 50 35000
0 1012 0 1 83871 22 0 1000 7000 0 1 1 0 1000 50 35000
0 1009 0 1 83894 23 0 1000 7000 0 1 1 0 1000 50 35000
0 1013 0 1 83917 23 0 1000 7000 0 1 1 0 1000 50 35000
0 1011 0 1 83940 23 0 1000 7000 0 1 1 0 1000 50 35000
0 1007 0 1 83962 22 0 1000 7000 0 1 1 0 1000 50 35000
0 1012 0 1 83985 23 0 1000 7000 0 1 1 0 1000 50 35000
0 1010 0 1 84007 22 0 1000 7000 0 1 1 0 1000 50 35000
0 1011 0 1 84030 23 0 1000 7000 0 1 1 0 1000 50 35000
0 1018 0 1 84052 22 0 1000 7000 0 1 1 0 1000 50 35000
0 1010 0 1 84075 23 0 1000 7000 0 1 1 0 1000 50 35000
0 1011 0 1 84098 23 0 1000 7000 0 1 1 0 1000 50 35000
0 1017 0 1 84120 22 0 1000 7000 0 1 1 0 1000 50 35000
0 1009 0 1 84143 23 0 1000 7000 0 1 1 0 1000 50 35000
0 1011 0 1 84165 22 0 1000 7000 0 1 1 0 1000 50 35000
0 1011 0 1 84188 23 0 1000 7000 0 1 1 0 1000 50 35000
0 1009 0 1 84210 22 0 1000 7000 0 1 1 0 1000 50 35000
0 1012 0 1 84233 23 0 1000 7000 0 1 1 0 1000 50 35000
0 1011 0 1 84255 22 0 1000 7000 0 1 1 0 1000 50 35000
0 1008 0 1 84278 23 0 1000 7000 0 1 1 0 1000 50 35000
0 1012 0 1 84300 22 0 1000 7000 0 1 1 0 1000 50 35000
0 1011 0 1 84323 23 0 1000 7000 0 1 1 0 1000 50 35000
0 1010 0 1 84346 23 0 1000 7000 0 1 1 0 1000 50 35000
0 1012 0 1 84369 23 0 1000 7000 0 1 1 0 1000 50 35000
0 1009 0 1 84391 22 0 1000 7000 0 1 1 0 1000 50 35000
0 1000 0 1 84414 23 0 1000 7000 0 1 1 0 1000 50 35000
0 1014 0 1 84436 22 0 1000 7000 0 1 1 0 1000 50 35000
0 1010 0 1 84459 23 0 1000 7000 0 1 1 0 1000 50 35000
0 1011 0 1 84482 23 0 1000 7000 0 1 1 0 1000 50 35000
0 1014 0 1 84504 22 0 1000 7000 0 1 1 0 1000 50 35000
0 1009 0 1 84527 23 0 1000 7000 0 1 1 0 1000 50 35000
0 1012 0 1 84549 22 0 1000 7000 0 1 1 0 1000 50 35000
0 1013 0 1 84572 23 0 1000 7000 0 1 1 0 1000 50 35000
0 1007 0 1 84594 22 0 1000 7000 0 1 1 0 1000 50 35000
0 1012 0 1 84617 23 0 1000 7000 0 1 1 0 1000 50 35000
0 1014 0 1 84639 22 0 1000 7000 0 1 1 0 1000 50 35000
0 1008 0 1 84662 23 0 1000 7000 0 1 1 0 1000 50 35000
0 1016 0 1 84684 22 0 1000 7000 0 1 1 0 1000 50 35000
0 1011 0 1 84707 23 0 1000 7000 0 1 1 0 1000 50 35000
0 1010 0 1 84729 22 0 1000 7000 0 1 1 0 1000 50 35000
0 1019 0 1 84753 24 0 1000 7000 0 1 1 0 1000 50 35000
0 1010 0 1 84775 22 0 1000 7000 0 1 1 0 1000 50 35000
0 1011 0 1 84798 23 0 1000 7000 0 1 1 0 1000 50 35000
0 1016 0 1 84820 22 0 1000 7000 0 1 1 0 1000 50 35000
0 1010 0 1 84843 23 0 1000 7000 0 1 1 0 1000 50 35000
0 1015 0 1 84866 23 0 1000 7000 0 1 1 0 1000 50 35000
0 1009 0 1 84888 22 0 1000 7000 0 1 1 0 1000 50 35000
0 1009 0 1 84911 23 0 1000 7000 0 1 1 0 1000 50 35000
0 1012 0 1 84933 22 0 1000 7000 0 1 1 0 1000 50 35000
0 1011 0 1 84956 23 0 1000 7000 0 1 1 0 1000 50 35000
0 1007 0 1 84978 22 0 1000 7000 0 1 1 0 1000 50 35000
0 1009 0 1 85001 23 0 1000 7000 0 1 1 0 1000 50 35000
0 1011 0 1 85023 22 0 1000 7000 0 1 1 0 1000 50 35000
0 1008 0 1 85046 23 0 1000 7000 0 1 1 0 1000 50 35000
0 1012 0 1 85068 22 0 1000 7000 0 1 1 0 1000 50 35000
0 1009 0 1 85091 23 0 1000 7000 0 1 1 0 1000 50 35000
0 1011 0 1 85113 22 0 1000 7000 0 1 1 0 1000 50 35000
0 1013 0 1 85136 23 0 1000 7000 0 1 1 0 1000 50 35000
0 1010 0 1 85158 22 0 1000 7000 0 1 1 0 1000 50 35000
0 1010 0 1 85182 24 0 1000 7000 0 1 1 0 1000 50 35000
0 1015 0 1 85204 22 0 1000 7000 0 1 1 0 1000 50 35000
0 1010 0 1 85227 23 0 1000 7000 0 1 1 0 1000 50 35000
0 1012 0 1 85250 23 0 1000 7000 0 1 1 0 1000 50 35000
0 1013 0 1 85272 22 0 1000 7000 0 1 1 0 1000 50 35000
0 1005 0 1 85295 23 0 1000 7000 0 1 1 0 1000 50 35000
0 1011 0 1 85317 22 0 1000 7000 0 1 1 0 1000 50 35000
0 1016 0 1 85340 23 0 1000 7000 0 1 1 0 1000 50 35000
0 1006 0 1 85362 22 0 1000 7000 0 1 1 0 1000 50 35000
0 1012 0 1 85385 23 0 1000 7000 0 1 1 0 1000 50 35000
0 1010 0 1 85407 22 0 1000 7000 0 1 1 0 1000 50 35000
0 1010 0 1 85430 23 0 1000 7000 0 1 1 0 1000 50 35000
0 1018 0 1 85452 22 0 1000 7000 0 1 1 0 1000 50 35000
0 1010 0 1 85475 23 0 1000 7000 0 1 1 0 1000 50 35000
0 1012 0 1 85497 22 0 1000 7000 0 1 1 0 1000 50 35000
0 1016 0 1 85520 23 0 1000 7000 0 1 1 0 1000 50 35000
0 1010 0 1 85542 22 0 1000 7000 0 1 1 0 1000 50 35000
0 1012 0 1 85565 23 0 1000 7000 0 1 1 0 1000 50 35000
0 1012 0 1 85588 23 0 1000 7000 0 1 1 0 1000 50 35000
0 1009 0 1 85611 23 0 1000 7000 0 1 1 0 1000 50 35000
0 1014 0 1 85634 23 0 1000 7000 0 1 1 0 1000 50 35000
0 1012 0 1 85656 22 0 1000 7000 0 1 1 0 1000 50 35000
0 1007 0 1 85679 23 0 1000 7000 0 1 1 0 1000 50 35000
0 1012 0 1 85701 22 0 1000 7000 0 1 1 0 1000 50 35000
0 1011 0 1 85724 23 0 1000 7000 0 1 1 0 1000 50 35000
0 1007 0 1 85746 22 0 1000 7000 0 1 1 0 1000 50 35000
0 1012 0 1 85769 23 0 1000 7000 0 1 1 0 1000 50 35000
0 1009 0 1 85791 22 0 1000 7000 0 1 1 0 1000 50 35000
0 1009 0 1 85814 23 0 1000 7000 0 1 1 0 1000 50 35000
0 1014 0 1 85836 22 0 1000 7000 0 1 1 0 1000 50 35000
0 1012 0 1 85859 23 0 1000 7000 0 1 1 0 1000 50 35000
0 1011 0 1 85881 22 0 1000 7000 0 1 1 0 1000 50 35000
0 1015 0 1 85904 23 0 1000 7000 0 1 1 0 1000 50 35000
0 1009 0 1 85926 22 0 1000 7000 0 1 1 0 1000 50 35000
0 1012 0 1 85949 23 0 1000 7000 0 1 1 0 1000 50 35000
0 1012 0 1 85971 22 0 1000 7000 0 1 1 0 1000 50 35000
0 1006 0 1 85995 24 0 1000 7000 0 1 1 0 1000 50 35000
0 1011 0 1 86018 23 0 1000 7000 0 1 1 0 1000 50 35000
0 1011 0 1 86040 22 0 1000 7000 0 1 1 0 1000 50 35000
0 1006 0 1 86063 23 0 1000 7000 0 1 1 0 1000 50 35000
0 1012 0 1 86085 22 0 1000 7000 0 1 1 0 1000 50 35000
0 1011 0 1 86108 23 0 1000 7000 0 1 1 0 1000 50 35000
0 1010 0 1 86130 22 0 1000 7000 0 1 1 0 1000 50 35000
0 1014 0 1 86153 23 0 1000 7000 0 1 1 0 1000 50 35000
0 1010 0 1 86175 22 0 1000 7000 0 1 1 0 1000 50 35000
0 1009 0 1 86198 23 0 1000 7000 0 1 1 0 1000 50 35000
0 1017 0 1 86220 22 0 1000 7000 0 1 1 0 1000 50 35000
0 1011 0 1 86243 23 0 1000 7000 0 1 1 0 1000 50 35000
0 1013 0 1 86265 22 0 1000 7000 0 1 1 0 1000 50 35000
0 1012 0 1 86288 23 0 1000 7000 0 1 1 0 1000 50 35000
0 1010 0 1 86310 22 0 1000 7000 0 1 1 0 1000 50 35000
0 1013 0 1 86333 23 0 1000 7000 0 1 1 0 1000 50 35000
0 1012 0 1 86355 22 0 1000 7000 0 1 1 0 1000 50 35000
0 1007 0 1 86378 23 0 1000 7000 0 1 1 0 1000 50 35000
0 1013 0 1 86402 24 0 1000 7000 0 1 1 0 1000 50 35000
0 1013 0 1 86424 22 0 1000 7000 0 1 1 0 1000 50 35000
0 1007 0 1 86447 23 0 1000 7000 0 1 1 0 1000 50 35000
0 1012 0 1 86469 22 0 1000 7000 0 1 1 0 1000 50 35000
0 1009 0 1 86492 23 0 1000 7000 0 1 1 0 1000 50 35000
0 1009 0 1 86514 22 0 1000 7000 0 1 1 0 1000 50 35000
0 1016 0 1 86537 23 0 1000 7000 0 1 1 0 1000 50 35000
0 1009 0 1 86559 22 0 1000 7000 0 1 1 0 1000 50 35000
0 1011 0 1 86582 23 0 1000 7000 0 1 1 0 1000 50 35000
0 1015 0 1 86604 22 0 1000 7000 0 1 1 0 1000 50 35000
0 1010 0 1 86627 23 0 1000 7000 0 1 1 0 1000 50 35000
0 1012 0 1 86649 22 0 1000 7000 0 1 1 0 1000 50 35000
0 1012 0 1 86672 23 0 1000 7000 0 1 1 0 1000 50 35000
0 1005 0 1 86694 22 0 1000 7000 0 1 1 0 1000 50 35000
0 1013 0 1 86717 23 0 1000 7000 0 1 1 0 1000 50 35000
0 1011 0 1 86739 22 0 1000 7000 0 1 1 0 1000 50 35000
0 1006 0 1 86762 23 0 1000 7000 0 1 1 0 1000 50 35000
0 1012 0 1 86785 23 0 1000 7000 0 1 1 0 1000 50 35000
0 1011 0 1 86808 23 0 1000 7000 0 1 1 0 1000 50 35000
0 1003 0 1 86831 23 0 1000 7000 0 1 1 0 1000 50 35000
0 1014 0 1 86853 22 0 1000 7000 0 1 1 0 1000 50 35000
0 1010 0 1 86876 23 0 1000 7000 0 1 1 0 1000 50 35000
0 1008 0 1 86898 22 0 1000 7000 0 1 1 0 1000 50 35000
0 1016 0 1 86921 23 0 1000 7000 0 1 1 0 1000 50 35000
0 1012 0 1 86943 22 0 1000 7000 0 1 1 0 1000 50 35000
0 1012 0 1 86966 23 0 1000 7000 0 1 1 0 1000 50 35000
0 1019 0 1 86988 22 0 1000 7000 0 1 1 0 1000 50 35000
0 1009 0 1 87011 23 0 1000 7000 0 1 1 0 1000 50 35000
0 1013 0 1 87033 22 0 1000 7000 0 1 1 0 1000 50 35000
0 1014 0 1 87056 23 0 1000 7000 0 1 1 0 1000 50 35000
0 1008 0 1 87078 22 0 1000 7000 0 1 1 0 1000 50 35000
0 1013 0 1 87101 23 0 1000 7000 0 1 1 0 1000 50 35000
0 1011 0 1 87123 22 0 1000 7000 0 1 1 0 1000 50 35000
0 1007 0 1 87146 23 0 1000 7000 0 1 1 0 1000 50 35000
0 1009 0 1 87169 23 0 1000 7000 0 1 1 0 1000 50 35000
0 1010 0 1 87191 22 0 1000 7000 0 1 1 0 1000 50 35000
0 1011 0 1 87215 24 0 1000 7000 0 1 1 0 1000 50 35000
0 1015 0 1 87237 22 0 1000 7000 0 1 1 0 1000 50 35000
0 1010 0 1 87260 23 0 1000 7000 0 1 1 0 1000 50 35000
0 1011 0 1 87282 22 0 1000 7000 0 1 1 0 1000 50 35000
0 1016 0 1 87305 23 0 1000 7000 0 1 1 0 1000 50 35000
0 1010 0 1 87327 22 0 1000 7000 0 1 1 0 1000 50 35000
0 1013 0 1 87350 23 0 1000 7000 0 1 1 0 1000 50 35000
0 1007 0 1 87372 22 0 1000 7000 0 1 1 0 1000 50 35000
0 1002 0 1 87395 23 0 1000 7000 0 1 1 0 1000 50 35000
0 1011 0 1 87417 22 0 1000 7000 0 1 1 0 1000 50 35000
0 1008 0 1 87440 23 0 1000 7000 0 1 1 0 1000 50 35000
0 1003 0 1 87462 22 0 1000 7000 0 1 1 0 1000 50 35000
0 1008 0 1 87485 23 0 1000 7000 0 1 1 0 1000 50 35000
0 1008 0 1 87507 22 0 1000 7000 0 1 1 0 1000 50 35000
0 1008 0 1 87530 23 0 1000 7000 0 1 1 0 1000 50 35000
0 1011 0 1 87553 23 0 1000 7000 0 1 1 0 1000 50 35000
0 1008 0 1 87575 22 0 1000 7000 0 1 1 0 1000 50 35000
0 1009 0 1 87598 23 0 1000 7000 0 1 1 0 1000 50 35000
0 1014 0 1 87621 23 0 1000 7000 0 1 1 0 1000 50 35000
0 1007 0 1 87644 23 0 1000 7000 0 1 1 0 1000 50 35000
0 1009 0 1 87666 22 0 1000 7000 0 1 1 0 1000 50 35000
0 1011 0 1 87689 23 0 1000 7000 0 1 1 0 1000 50 35000
0 1008 0 1 87711 22 0 1000 7000 0 1 1 0 1000 50 35000
0 1010 0 1 87734 23 0 1000 7000 0 1 1 0 1000 50 35000
0 1009 0 1 87756 22 0 1000 7000 0 1 1 0 1000 50 35000
0 1006 0 1 87779 23 0 1000 7000 0 1 1 0 1000 50 35000
0 1009 0 1 87801 22 0 1000 7000 0 1 1 0 1000 50 35000
0 1009 0 1 87824 23 0 1000 7000 0 1 1 0 1000 50 35000
0 1003 0 1 87846 22 0 1000 7000 0 1 1 0 1000 50 35000
0 1010 0 1 87869 23 0 1000 7000 0 1 1 0 1000 50 35000
0 1005 0 1 87891 22 0 1000 7000 0 1 1 0 1000 50 35000
0 1008 0 1 87914 23 0 1000 7000 0 1 1 0 1000 50 35000
0 1016 0 1 87937 23 0 1000 7000 0 1 1 0 1000 50 35000
0 1008 0 1 87959 22 0 1000 7000 0 1 1 0 1000 50 35000
0 1009 0 1 87982 23 0 1000 7000 0 1 1 0 1000 50 35000
0 1015 0 1 88004 22 0 1000 7000 0 1 1 0 1000 50 35000
0 1008 0 1 88028 24 0 1000 7000 0 1 1 0 1000 50 35000
0 1007 0 1 88050 22 0 1000 7000 0 1 1 0 1000 50 35000
0 1011 0 1 88073 23 0 1000 7000 0 1 1 0 1000 50 35000
0 1001 0 1 88095 22 0 1000 7000 0 1 1 0 1000 50 35000
0 1010 0 1 88118 23 0 1000 7000 0 1 1 0 1000 50 35000
0 1009 0 1 88140 22 0 1000 7000 0 1 1 0 1000 50 35000
0 998 0 1 88163 23 0 1000 7000 0 1 1 0 1000 50 35000
0 1010 0 1 88185 22 0 1000 7000 0 1 1 0 1000 50 35000
0 1009 0 1 88208 23 0 1000 7000 0 1 1 0 1000 50 35000
0 1007 0 1 88230 22 0 1000 7000 0 1 1 0 1000 50 35000
0 1011 0 1 88253 23 0 1000 7000 0 1 1 0 1000 50 35000
0 1007 0 1 88275 22 0 1000 7000 0 1 1 0 1000 50 35000
0 1009 0 1 88298 23 0 1000 7000 0 1 1 0 1000 50 35000
0 1019 0 1 88321 23 0 1000 7000 0 1 1 0 1000 50 35000
0 1008 0 1 88343 22 0 1000 7000 0 1 1 0 1000 50 35000
0 1009 0 1 88366 23 0 1000 7000 0 1 1 0 1000 50 35000
0 1013 0 1 88388 22 0 1000 7000 0 1 1 0 1000 50 35000
0 1008 0 1 88411 23 0 1000 7000 0 1 1 0 1000 50 35000
0 1010 0 1 88433 22 0 1000 7000 0 1 1 0 1000 50 35000
0 1011 0 1 88457 24 0 1000 7000 0 1 1 0 1000 50 35000
0 1006 0 1 88479 22 0 1000 7000 0 1 1 0 1000 50 35000
0 1010 0 1 88502 23 0 1000 7000 0 1 1 0 1000 50 35000
0 1009 0 1 88524 22 0 1000 7000 0 1 1 0 1000 50 35000
0 1007 0 1 88547 23 0 1000 7000 0 1 1 0 1000 50 35000
0 1011 0 1 88569 22 0 1000 7000 0 1 1 0 1000 50 35000
0 1008 0 1 88592 23 0 1000 7000 0 1 1 0 1000 50 35000
0 1008 0 1 88614 22 0 1000 7000 0 1 1 0 1000 50 35000
0 1015 0 1 88637 23 0 1000 7000 0 1 1 0 1000 50 35000
0 1008 0 1 88659 22 0 1000 7000 0 1 1 0 1000 50 35000
0 1009 0 1 88682 23 0 1000 7000 0 1 1 0 1000 50 35000
0 1015 0 1 88705 23 0 1000 7000 0 1 1 0 1000 50 35000
0 1010 0 1 88727 22 0 1000 7000 0 1 1 0 1000 50 35000
0 1009 0 1 88750 23 0 1000 7000 0 1 1 0 1000 50 35000
0 1010 0 1 88772 22 0 1000 7000 0 1 1 0 1000 50 35000
0 1006 0 1 88795 23 0 1000 7000 0 1 1 0 1000 50 35000
0 1010 0 1 88817 22 0 1000 7000 0 1 1 0 1000 50 35000
0 1009 0 1 88840 23 0 1000 7000 0 1 1 0 1000 50 35000
0 1004 0 1 88863 23 0 1000 7000 0 1 1 0 1000 50 35000
0 1010 0 1 88886 23 0 1000 7000 0 1 1 0 1000 50 35000
0 1009 0 1 88908 22 0 1000 7000 0 1 1 0 1000 50 35000
0 1007 0 1 88931 23 0 1000 7000 0 1 1 0 1000 50 35000
0 1010 0 1 88953 22 0 1000 7000 0 1 1 0 1000 50 35000
0 1006 0 1 88976 23 0 1000 7000 0 1 1 0 1000 50 35000
0 1009 0 1 88998 22 0 1000 7000 0 1 1 0 1000 50 35000
0 1012 0 1 89021 23 0 1000 7000 0 1 1 0 1000 50 35000
0 1008 0 1 89043 22 0 1000 7000 0 1 1 0 1000 50 35000
0 1007 0 1 89066 23 0 1000 7000 0 1 1 0 1000 50 35000
0 1013 0 1 89089 23 0 1000 7000 0 1 1 0 1000 50 35000
0 1008 0 1 89111 22 0 1000 7000 0 1 1 0 1000 50 35000
0 1012 0 1 89134 23 0 1000 7000 0 1 1 0 1000 50 35000
0 1010 0 1 89156 22 0 1000 7000 0 1 1 0 1000 50 35000
0 1003 0 1 89179 23 0 1000 7000 0 1 1 0 1000 50 35000
0 1010 0 1 89201 22 0 1000 7000 0 1 1 0 1000 50 35000
0 1009 0 1 89224 23 0 1000 7000 0 1 1 0 1000 50 35000
0 1004 0 1 89246 22 0 1000 7000 0 1 1 0 1000 50 35000
0 1011 0 1 89270 24 0 1000 7000 0 1 1 0 1000 50 35000
0 1008 0 1 89292 22 0 1000 7000 0 1 1 0 1000 50 35000
0 1012 0 1 89315 23 0 1000 7000 0 1 1 0 1000 50 35000
0 1016 0 1 89337 22 0 1000 7000 0 1 1 0 1000 50 35000
0 1009 0 1 89360 23 0 1000 7000 0 1 1 0 1000 50 35000
0 1010 0 1 89382 22 0 1000 7000 0 1 1 0 1000 50 35000
0 1014 0 1 89405 23 0 1000 7000 0 1 1 0 1000 50 35000
0 1006 0 1 89427 22 0 1000 7000 0 1 1 0 1000 50 35000
0 1009 0 1 89450 23 0 1000 7000 0 1 1 0 1000 50 35000
0 1006 0 1 89473 23 0 1000 7000 0 1 1 0 1000 50 35000
0 1006 0 1 89495 22 0 1000 7000 0 1 1 0 1000 50 35000
0 1010 0 1 89518 23 0 1000 7000 0 1 1 0 1000 50 35000
0 1010 0 1 89540 22 0 1000 7000 0 1 1 0 1000 50 35000
0 1006 0 1 89563 23 0 1000 7000 0 1 1 0 1000 50 35000
0 1010 0 1 89585 22 0 1000 7000 0 1 1 0 1000 50 35000
0 1009 0 1 89608 23 0 1000 7000 0 1 1 0 1000 50 35000
0 1007 0 1 89630 22 0 1000 7000 0 1 1 0 1000 50 35000
0 1011 0 1 89653 23 0 1000 7000 0 1 1 0 1000 50 35000
0 1009 0 1 89676 23 0 1000 7000 0 1 1 0 1000 50 35000
0 1009 0 1 89699 23 0 1000 7000 0 1 1 0 1000 50 35000
0 1011 0 1 89721 22 0 1000 7000 0 1 1 0 1000 50 35000
0 1008 0 1 89744 23 0 1000 7000 0 1 1 0 1000 50 35000
0 1009 0 1 89766 22 0 1000 7000 0 1 1 0 1000 50 35000
0 1013 0 1 89789 23 0 1000 7000 0 1 1 0 1000 50 35000
0 1009 0 1 89811 22 0 1000 7000 0 1 1 0 1000 50 35000
0 1010 0 1 89834 23 0 1000 7000 0 1 1 0 1000 50 35000
0 1010 0 1 89857 23 0 1000 7000 0 1 1 0 1000 50 35000
0 1005 0 1 89879 22 0 1000 7000 0 1 1 0 1000 50 35000
0 1010 0 1 89902 23 0 1000 7000 0 1 1 0 1000 50 35000
0 1008 0 1 89924 22 0 1000 7000 0 1 1 0 1000 50 35000
0 1005 0 1 89947 23 0 1000 7000 0 1 1 0 1000 50 35000
0 1010 0 1 89969 22 0 1000 7000 0 1 1 0 1000 50 35000
0 1009 0 1 89992 23 0 1000 7000 0 1 1 0 1000 50 35000
0 1009 0 1 90014 22 0 1000 7000 0 1 1 0 1000 50 35000
0 1016 0 1 90037 23 0 1000 7000 0 1 1 0 1000 50 35000
0 1009 0 1 90059 22 0 1000 7000 0 1 1 0 1000 50 35000
0 1009 0 1 90082 23 0 1000 7000 0 1 1 0 1000 50 35000
0 1014 0 1 90105 23 0 1000 7000 0 1 1 0 1000 50 35000
0 1008 0 1 90128 23 0 1000 7000 0 1 1 0 1000 50 35000
0 1010 0 1 90150 22 0 1000 7000 0 1 1 0 1000 50 35000
0 1011 0 1 90173 23 0 1000 7000 0 1 1 0 1000 50 35000
0 1008 0 1 90195 22 0 1000 7000 0 1 1 0 1000 50 35000
0 1011 0 1 90218 23 0 1000 7000 0 1 1 0 1000 50 35000
0 1010 0 1 90241 23 0 1000 7000 0 1 1 0 1000 50 35000
0 1005 0 1 90263 22 0 1000 7000 0 1 1 0 1000 50 35000
0 1011 0 1 90286 23 0 1000 7000 0 1 1 0 1000 50 35000
0 1009 0 1 90308 22 0 1000 7000 0 1 1 0 1000 50 35000
0 1007 0 1 90331 23 0 1000 7000 0 1 1 0 1000 50 35000
0 1013 0 1 90353 22 0 1000 7000 0 1 1 0 1000 50 35000
0 1007 0 1 90376 23 0 1000 7000 0 1 1 0 1000 50 35000
0 1009 0 1 90398 22 0 1000 7000 0 1 1 0 1000 50 35000
0 1012 0 1 90421 23 0 1000 7000 0 1 1 0 1000 50 35000
0 1008 0 1 90443 22 0 1000 7000 0 1 1 0 1000 50 35000
0 1010 0 1 90466 23 0 1000 7000 0 1 1 0 1000 50 35000
0 1013 0 1 90488 22 0 1000 7000 0 1 1 0 1000 50 35000
0 1008 0 1 90512 24 0 1000 7000 0 1 1 0 1000 50 35000
0 1013 0 1 90534 22 0 1000 7000 0 1 1 0 1000 50 35000
0 1010 0 1 90557 23 0 1000 7000 0 1 1 0 1000 50 35000
0 1003 0 1 90579 22 0 1000 7000 0 1 1 0 1000 50 35000
0 1010 0 1 90602 23 0 1000 7000 0 1 1 0 1000 50 35000
0 1008 0 1 90625 23 0 1000 7000 0 1 1 0 1000 50 35000
0 1003 0 1 90647 22 0 1000 7000 0 1 1 0 1000 50 35000
0 1010 0 1 90670 23 0 1000 7000 0 1 1 0 1000 50 35000
0 1009 0 1 90692 22 0 1000 7000 0 1 1 0 1000 50 35000
0 1008 0 1 90715 23 0 1000 7000 0 1 1 0 1000 50 35000
0 1014 0 1 90737 22 0 1000 7000 0 1 1 0 1000 50 35000
0 1008 0 1 90760 23 0 1000 7000 0 1 1 0 1000 50 35000
0 1009 0 1 90782 22 0 1000 7000 0 1 1 0 1000 50 35000
0 1014 0 1 90805 23 0 1000 7000 0 1 1 0 1000 50 35000
0 1008 0 1 90827 22 0 1000 7000 0 1 1 0 1000 50 35000
0 1011 0 1 90850 23 0 1000 7000 0 1 1 0 1000 50 35000
0 1010 0 1 90872 22 0 1000 7000 0 1 1 0 1000 50 35000
0 1008 0 1 90895 23 0 1000 7000 0 1 1 0 1000 50 35000
0 1014 0 1 90918 23 0 1000 7000 0 1 1 0 1000 50 35000
0 1009 0 1 90941 23 0 1000 7000 0 1 1 0 1000 50 35000
0 1006 0 1 90963 22 0 1000 7000 0 1 1 0 1000 50 35000
0 1010 0 1 90986 23 0 1000 7000 0 1 1 0 1000 50 35000
0 1009 0 1 91009 23 0 1000 7000 0 1 1 0 1000 50 35000
0 1005 0 1 91031 22 0 1000 7000 0 1 1 0 1000 50 35000
0 1010 0 1 91054 23 0 1000 7000 0 1 1 0 1000 50 35000
0 1008 0 1 91076 22 0 1000 7000 0 1 1 0 1000 50 35000
0 1009 0 1 91099 23 0 1000 7000 0 1 1 0 1000 50 35000
0 1011 0 1 91121 22 0 1000 7000 0 1 1 0 1000 50 35000
0 1008 0 1 91144 23 0 1000 7000 0 1 1 0 1000 50 35000
0 1010 0 1 91166 22 0 1000 7000 0 1 1 0 1000 50 35000
0 1013 0 1 91189 23 0 1000 7000 0 1 1 0 1000 50 35000
0 1008 0 1 91211 22 0 1000 7000 0 1 1 0 1000 50 35000
0 1010 0 1 91234 23 0 1000 7000 0 1 1 0 1000 50 35000
0 1010 0 1 91256 22 0 1000 7000 0 1 1 0 1000 50 35000
0 1002 0 1 91279 23 0 1000 7000 0 1 1 0 1000 50 35000
0 1011 0 1 91301 22 0 1000 7000 0 1 1 0 1000 50 35000
0 1010 0 1 91325 24 0 1000 7000 0 1 1 0 1000 50 35000
0 1003 0 1 91347 22 0 1000 7000 0 1 1 0 1000 50 35000
0 1010 0 1 91370 23 0 1000 7000 0 1 1 0 1000 50 35000
0 1010 0 1 91393 23 0 1000 7000 0 1 1 0 1000 50 35000
0 1007 0 1 91415 22 0 1000 7000 0 1 1 0 1000 50 35000
0 1008 0 1 91438 23 0 1000 7000 0 1 1 0 1000 50 35000
0 1008 0 1 91460 22 0 1000 7000 0 1 1 0 1000 50 35000
0 1010 0 1 91483 23 0 1000 7000 0 1 1 0 1000 50 35000
0 1013 0 1 91505 22 0 1000 7000 0 1 1 0 1000 50 35000
0 1007 0 1 91528 23 0 1000 7000 0 1 1 0 1000 50 35000
0 1010 0 1 91550 22 0 1000 7000 0 1 1 0 1000 50 35000
0 1012 0 1 91573 23 0 1000 7000 0 1 1 0 1000 50 35000
0 1010 0 1 91595 22 0 1000 7000 0 1 1 0 1000 50 35000
0 1011 0 1 91618 23 0 1000 7000 0 1 1 0 1000 50 35000
0 1008 0 1 91640 22 0 1000 7000 0 1 1 0 1000 50 35000
0 1006 0 1 91663 23 0 1000 7000 0 1 1 0 1000 50 35000
0 1012 0 1 91685 22 0 1000 7000 0 1 1 0 1000 50 35000
0 1011 0 1 91708 23 0 1000 7000 0 1 1 0 1000 50 35000
0 1006 0 1 91731 23 0 1000 7000 0 1 1 0 1000 50 35000
0 1010 0 1 91754 23 0 1000 7000 0 1 1 0 1000 50 35000
0 1009 0 1 91777 23 0 1000 7000 0 1 1 0 1000 50 35000
0 1008 0 1 91799 22 0 1000 7000 0 1 1 0 1000 50 35000
0 1015 0 1 91822 23 0 1000 7000 0 1 1 0 1000 50 35000
0 1009 0 1 91844 22 0 1000 7000 0 1 1 0 1000 50 35000
0 1002 0 1 91867 23 0 1000 7000 0 1 1 0 1000 50 35000
0 1015 0 1 91889 22 0 1000 7000 0 1 1 0 1000 50 35000
0 1009 0 1 91912 23 0 1000 7000 0 1 1 0 1000 50 35000
0 1012 0 1 91934 22 0 1000 7000 0 1 1 0 1000 50 35000
0 1010 0 1 91957 23 0 1000 7000 0 1 1 0 1000 50 35000
0 1006 0 1 91979 22 0 1000 7000 0 1 1 0 1000 50 35000
0 1010 0 1 92002 23 0 1000 7000 0 1 1 0 1000 50 35000
0 1009 0 1 92024 22 0 1000 7000 0 1 1 0 1000 50 35000
0 1006 0 1 92047 23 0 1000 7000 0 1 1 0 1000 50 35000
0 1009 0 1 92069 22 0 1000 7000 0 1 1 0 1000 50 35000
0 1008 0 1 92092 23 0 1000 7000 0 1 1 0 1000 50 35000
0 1008 0 1 92114 22 0 1000 7000 0 1 1 0 1000 50 35000
0 1012 0 1 92137 23 0 1000 7000 0 1 1 0 1000 50 35000
0 1007 0 1 92161 24 0 1000 7000 0 1 1 0 1000 50 35000
0 1009 0 1 92183 22 0 1000 7000 0 1 1 0 1000 50 35000
0 1013 0 1 92206 23 0 1000 7000 0 1 1 0 1000 50 35000
0 1008 0 1 92228 22 0 1000 7000 0 1 1 0 1000 50 35000
0 1010 0 1 92251 23 0 1000 7000 0 1 1 0 1000 50 35000
0 1013 0 1 92273 22 0 1000 7000 0 1 1 0 1000 50 35000
0 1007 0 1 92296 23 0 1000 7000 0 1 1 0 1000 50 35000
0 1011 0 1 92318 22 0 1000 7000 0 1 1 0 1000 50 35000
0 1011 0 1 92341 23 0 1000 7000 0 1 1 0 1000 50 35000
0 1006 0 1 92363 22 0 1000 7000 0 1 1 0 1000 50 35000
0 1010 0 1 92386 23 0 1000 7000 0 1 1 0 1000 50 35000
0 1009 0 1 92408 22 0 1000 7000 0 1 1 0 1000 50 35000
0 1006 0 1 92431 23 0 1000 7000 0 1 1 0 1000 50 35000
0 1010 0 1 92453 22 0 1000 7000 0 1 1 0 1000 50 35000
0 1010 0 1 92476 23 0 1000 7000 0 1 1 0 1000 50 35000
0 1009 0 1 92498 22 0 1000 7000 0 1 1 0 1000 50 35000
0 1017 0 1 92521 23 0 1000 7000 0 1 1 0 1000 50 35000
0 1010 0 1 92544 23 0 1000 7000 0 1 1 0 1000 50 35000
0 1010 0 1 92567 23 0 1000 7000 0 1 1 0 1000 50 35000
0 1015 0 1 92590 23 0 1000 7000 0 1 1 0 1000 50 35000
0 1010 0 1 92612 22 0 1000 7000 0 1 1 0 1000 50 35000
0 1008 0 1 92635 23 0 1000 7000 0 1 1 0 1000 50 35000
0 1010 0 1 92657 22 0 1000 7000 0 1 1 0 1000 50 35000
0 1007 0 1 92680 23 0 1000 7000 0 1 1 0 1000 50 35000
0 1011 0 1 92702 22 0 1000 7000 0 1 1 0 1000 50 35000
0 1010 0 1 92725 23 0 1000 7000 0 1 1 0 1000 50 35000
0 1002 0 1 92747 22 0 1000 7000 0 1 1 0 1000 50 35000
0 1011 0 1 92770 23 0 1000 7000 0 1 1 0 1000 50 35000
0 1010 0 1 92792 22 0 1000 7000 0 1 1 0 1000 50 35000
0 1006 0 1 92815 23 0 1000 7000 0 1 1 0 1000 50 35000
0 1011 0 1 92837 22 0 1000 7000 0 1 1 0 1000 50 35000
0 1007 0 1 92860 23 0 1000 7000 0 1 1 0 1000 50 35000
0 1009 0 1 92882 22 0 1000 7000 0 1 1 0 1000 50 35000
0 1013 0 1 92905 23 0 1000 7000 0 1 1 0 1000 50 35000
0 1008 0 1 92928 23 0 1000 7000 0 1 1 0 1000 50 35000
0 1009 0 1 92950 22 0 1000 7000 0 1 1 0 1000 50 35000
0 1014 0 1 92974 24 0 1000 7000 0 1 1 0 1000 50 35000
0 1009 0 1 92996 22 0 1000 7000 0 1 1 0 1000 50 35000
0 1011 0 1 93019 23 0 1000 7000 0 1 1 0 1000 50 35000
0 1011 0 1 93041 22 0 1000 7000 0 1 1 0 1000 50 35000
0 1005 0 1 93064 23 0 1000 7000 0 1 1 0 1000 50 35000
0 1010 0 1 93086 22 0 1000 7000 0 1 1 0 1000 50 35000
0 1009 0 1 93109 23 0 1000 7000 0 1 1 0 1000 50 35000
0 1003 0 1 93131 22 0 1000 7000 0 1 1 0 1000 50 35000
0 1011 0 1 93154 23 0 1000 7000 0 1 1 0 1000 50 35000
0 1009 0 1 93176 22 0 1000 7000 0 1 1 0 1000 50 35000
0 1009 0 1 93199 23 0 1000 7000 0 1 1 0 1000 50 35000
0 1014 0 1 93221 22 0 1000 7000 0 1 1 0 1000 50 35000
0 1010 0 1 93244 23 0 1000 7000 0 1 1 0 1000 50 35000
0 1009 0 1 93266 22 0 1000 7000 0 1 1 0 1000 50 35000
0 1015 0 1 93289 23 0 1000 7000 0 1 1 0 1000 50 35000
0 1009 0 1 93312 23 0 1000 7000 0 1 1 0 1000 50 35000
0 1010 0 1 93334 22 0 1000 7000 0 1 1 0 1000 50 35000
0 1009 0 1 93357 23 0 1000 7000 0 1 1 0 1000 50 35000
0 1008 0 1 93379 22 0 1000 7000 0 1 1 0 1000 50 35000
0 1011 0 1 93403 24 0 1000 7000 0 1 1 0 1000 50 35000
0 1009 0 1 93425 22 0 1000 7000 0 1 1 0 1000 50 35000
0 1001 0 1 93448 23 0 1000 7000 0 1 1 0 1000 50 35000
0 1011 0 1 93470 22 0 1000 7000 0 1 1 0 1000 50 35000
0 1013 0 1 93493 23 0 1000 7000 0 1 1 0 1000 50 35000
0 1005 0 1 93515 22 0 1000 7000 0 1 1 0 1000 50 35000
0 1011 0 1 93538 23 0 1000 7000 0 1 1 0 1000 50 35000
0 1008 0 1 93560 22 0 1000 7000 0 1 1 0 1000 50 35000
0 1007 0 1 93583 23 0 1000 7000 0 1 1 0 1000 50 35000
0 1022 0 1 93605 22 0 1000 7000 0 1 1 0 1000 50 35000
0 1009 0 1 93628 23 0 1000 7000 0 1 1 0 1000 50 35000
0 1009 0 1 93650 22 0 1000 7000 0 1 1 0 1000 50 35000
0 1014 0 1 93673 23 0 1000 7000 0 1 1 0 1000 50 35000
0 1009 0 1 93696 23 0 1000 7000 0 1 1 0 1000 50 35000
0 1010 0 1 93718 22 0 1000 7000 0 1 1 0 1000 50 35000
0 1010 0 1 93741 23 0 1000 7000 0 1 1 0 1000 50 35000
0 997 0 1 93763 22 0 1000 7000 0 1 1 0 1000 50 35000
0 1010 0 1 93786 23 0 1000 7000 0 1 1 0 1000 50 35000
0 1017 0 1 93808 22 0 1000 7000 0 1 1 0 1000 50 35000
0 1004 0 1 93832 24 0 1000 7000 0 1 1 0 1000 50 35000
0 1011 0 1 93854 22 0 1000 7000 0 1 1 0 1000 50 35000
0 1008 0 1 93877 23 0 1000 7000 0 1 1 0 1000 50 35000
0 1009 0 1 93899 22 0 1000 7000 0 1 1 0 1000 50 35000
0 1012 0 1 93922 23 0 1000 7000 0 1 1 0 1000 50 35000
0 1009 0 1 93944 22 0 1000 7000 0 1 1 0 1000 50 35000
0 1009 0 1 93967 23 0 1000 7000 0 1 1 0 1000 50 35000
0 1013 0 1 93989 22 0 1000 7000 0 1 1 0 1000 50 35000
0 1009 0 1 94012 23 0 1000 7000 0 1 1 0 1000 50 35000
0 1010 0 1 94034 22 0 1000 7000 0 1 1 0 1000 50 35000
0 1012 0 1 94057 23 0 1000 7000 0 1 1 0 1000 50 35000
0 1009 0 1 94080 23 0 1000 7000 0 1 1 0 1000 50 35000
0 1011 0 1 94102 22 0 1000 7000 0 1 1 0 1000 50 35000
0 1010 0 1 94125 23 0 1000 7000 0 1 1 0 1000 50 35000
0 1007 0 1 94147 22 0 1000 7000 0 1 1 0 1000 50 35000
0 1010 0 1 94170 23 0 1000 7000 0 1 1 0 1000 50 35000
0 1010 0 1 94192 22 0 1000 7000 0 1 1 0 1000 50 35000
0 1007 0 1 94215 23 0 1000 7000 0 1 1 0 1000 50 35000
0 1010 0 1 94238 23 0 1000 7000 0 1 1 0 1000 50 35000
0 1009 0 1 94261 23 0 1000 7000 0 1 1 0 1000 50 35000
0 1009 0 1 94283 22 0 1000 7000 0 1 1 0 1000 50 35000
0 1014 0 1 94306 23 0 1000 7000 0 1 1 0 1000 50 35000
0 1008 0 1 94328 22 0 1000 7000 0 1 1 0 1000 50 35000
0 1010 0 1 94351 23 0 1000 7000 0 1 1 0 1000 50 35000
0 1016 0 1 94373 22 0 1000 7000 0 1 1 0 1000 50 35000
0 1010 0 1 94396 23 0 1000 7000 0 1 1 0 1000 50 35000
0 1010 0 1 94418 22 0 1000 7000 0 1 1 0 1000 50 35000
0 1011 0 1 94441 23 0 1000 7000 0 1 1 0 1000 50 35000
0 1008 0 1 94464 23 0 1000 7000 0 1 1 0 1000 50 35000
0 1010 0 1 94486 22 0 1000 7000 0 1 1 0 1000 50 35000
0 1010 0 1 94509 23 0 1000 7000 0 1 1 0 1000 50 35000
0 1005 0 1 94531 22 0 1000 7000 0 1 1 0 1000 50 35000
0 1011 0 1 94554 23 0 1000 7000 0 1 1 0 1000 50 35000
0 1009 0 1 94576 22 0 1000 7000 0 1 1 0 1000 50 35000
0 1009 0 1 94599 23 0 1000 7000 0 1 1 0 1000 50 35000
0 1011 0 1 94621 22 0 1000 7000 0 1 1 0 1000 50 35000
0 1008 0 1 94645 24 0 1000 7000 0 1 1 0 1000 50 35000
0 1010 0 1 94667 22 0 1000 7000 0 1 1 0 1000 50 35000
0 1013 0 1 94690 23 0 1000 7000 0 1 1 0 1000 50 35000
0 1009 0 1 94712 22 0 1000 7000 0 1 1 0 1000 50 35000
0 1010 0 1 94735 23 0 1000 7000 0 1 1 0 1000 50 35000
0 1009 0 1 94757 22 0 1000 7000 0 1 1 0 1000 50 35000
0 1009 0 1 94780 23 0 1000 7000 0 1 1 0 1000 50 35000
0 1010 0 1 94802 22 0 1000 7000 0 1 1 0 1000 50 35000
0 1011 0 1 94825 23 0 1000 7000 0 1 1 0 1000 50 35000
0 1006 0 1 94848 23 0 1000 7000 0 1 1 0 1000 50 35000
0 1012 0 1 94870 22 0 1000 7000 0 1 1 0 1000 50 35000
0 1007 0 1 94893 23 0 1000 7000 0 1 1 0 1000 50 35000
0 1003 0 1 94915 22 0 1000 7000 0 1 1 0 1000 50 35000
0 1011 0 1 94938 23 0 1000 7000 0 1 1 0 1000 50 35000
0 1012 0 1 94960 22 0 1000 7000 0 1 1 0 1000 50 35000
0 1010 0 1 94983 23 0 1000 7000 0 1 1 0 1000 50 35000
0 1017 0 1 95005 22 0 1000 7000 0 1 1 0 1000 50 35000
0 1010 0 1 95028 23 0 1000 7000 0 1 1 0 1000 50 35000
0 1010 0 1 95051 23 0 1000 7000 0 1 1 0 1000 50 35000
0 1016 0 1 95074 23 0 1000 7000 0 1 1 0 1000 50 35000
0 1009 0 1 95096 22 0 1000 7000 0 1 1 0 1000 50 35000
0 1010 0 1 95119 23 0 1000 7000 0 1 1 0 1000 50 35000
0 1011 0 1 95141 22 0 1000 7000 0 1 1 0 1000 50 35000
0 1007 0 1 95164 23 0 1000 7000 0 1 1 0 1000 50 35000
0 1011 0 1 95186 22 0 1000 7000 0 1 1 0 1000 50 35000
0 1010 0 1 95209 23 0 1000 7000 0 1 1 0 1000 50 35000
0 1008 0 1 95232 23 0 1000 7000 0 1 1 0 1000 50 35000
0 1011 0 1 95254 22 0 1000 7000 0 1 1 0 1000 50 35000
0 1010 0 1 95277 23 0 1000 7000 0 1 1 0 1000 50 35000
0 1008 0 1 95299 22 0 1000 7000 0 1 1 0 1000 50 35000
0 1011 0 1 95322 23 0 1000 7000 0 1 1 0 1000 50 35000
0 1008 0 1 95344 22 0 1000 7000 0 1 1 0 1000 50 35000
0 1010 0 1 95367 23 0 1000 7000 0 1 1 0 1000 50 35000
0 1013 0 1 95389 22 0 1000 7000 0 1 1 0 1000 50 35000
0 1009 0 1 95412 23 0 1000 7000 0 1 1 0 1000 50 35000
0 1010 0 1 95434 22 0 1000 7000 0 1 1 0 1000 50 35000
0 1014 0 1 95457 23 0 1000 7000 0 1 1 0 1000 50 35000
0 1010 0 1 95480 23 0 1000 7000 0 1 1 0 1000 50 35000
0 1008 0 1 95503 23 0 1000 7000 0 1 1 0 1000 50 35000
0 1010 0 1 95525 22 0 1000 7000 0 1 1 0 1000 50 35000
0 1002 0 1 95548 23 0 1000 7000 0 1 1 0 1000 50 35000
0 1011 0 1 95570 22 0 1000 7000 0 1 1 0 1000 50 35000
0 1010 0 1 95593 23 0 1000 7000 0 1 1 0 1000 50 35000
0 1004 0 1 95616 23 0 1000 7000 0 1 1 0 1000 50 35000
0 1010 0 1 95638 22 0 1000 7000 0 1 1 0 1000 50 35000
0 1009 0 1 95661 23 0 1000 7000 0 1 1 0 1000 50 35000
0 1009 0 1 95683 22 0 1000 7000 0 1 1 0 1000 50 35000
0 1014 0 1 95706 23 0 1000 7000 0 1 1 0 1000 50 35000
0 1009 0 1 95728 22 0 1000 7000 0 1 1 0 1000 50 35000
0 1011 0 1 95751 23 0 1000 7000 0 1 1 0 1000 50 35000
0 1015 0 1 95773 22 0 1000 7000 0 1 1 0 1000 50 35000
0 1009 0 1 95796 23 0 1000 7000 0 1 1 0 1000 50 35000
0 1010 0 1 95818 22 0 1000 7000 0 1 1 0 1000 50 35000
0 1008 0 1 95841 23 0 1000 7000 0 1 1 0 1000 50 35000
0 1009 0 1 95863 22 0 1000 7000 0 1 1 0 1000 50 35000
0 1012 0 1 95887 24 0 1000 7000 0 1 1 0 1000 50 35000
0 1010 0 1 95909 22 0 1000 7000 0 1 1 0 1000 50 35000
0 1007 0 1 95932 23 0 1000 7000 0 1 1 0 1000 50 35000
0 1011 0 1 95954 22 0 1000 7000 0 1 1 0 1000 50 35000
0 1010 0 1 95977 23 0 1000 7000 0 1 1 0 1000 50 35000
0 1006 0 1 96000 23 0 1000 7000 0 1 1 0 1000 50 35000
0 1011 0 1 96022 22 0 1000 7000 0 1 1 0 1000 50 35000
0 1011 0 1 96045 23 0 1000 7000 0 1 1 0 1000 50 35000
0 1012 0 1 96067 22 0 1000 7000 0 1 1 0 1000 50 35000
0 1013 0 1 96090 23 0 1000 7000 0 1 1 0 1000 50 35000
0 1009 0 1 96112 22 0 1000 7000 0 1 1 0 1000 50 35000
0 1010 0 1 96135 23 0 1000 7000 0 1 1 0 1000 50 35000
0 1014 0 1 96157 22 0 1000 7000 0 1 1 0 1000 50 35000
0 1009 0 1 96180 23 0 1000 7000 0 1 1 0 1000 50 35000
0 1011 0 1 96202 22 0 1000 7000 0 1 1 0 1000 50 35000
0 1013 0 1 96225 23 0 1000 7000 0 1 1 0 1000 50 35000
0 1002 0 1 96247 22 0 1000 7000 0 1 1 0 1000 50 35000
0 1011 0 1 96270 23 0 1000 7000 0 1 1 0 1000 50 35000
0 1002 0 1 96292 22 0 1000 7000 0 1 1 0 1000 50 35000
0 1006 0 1 96316 24 0 1000 7000 0 1 1 0 1000 50 35000
0 1011 0 1 96338 22 0 1000 7000 0 1 1 0 1000 50 35000
0 1012 0 1 96361 23 0 1000 7000 0 1 1 0 1000 50 35000
0 1012 0 1 96384 23 0 1000 7000 0 1 1 0 1000 50 35000
0 1012 0 1 96406 22 0 1000 7000 0 1 1 0 1000 50 35000
0 1009 0 1 96429 23 0 1000 7000 0 1 1 0 1000 50 35000
0 1010 0 1 96451 22 0 1000 7000 0 1 1 0 1000 50 35000
0 1013 0 1 96474 23 0 1000 7000 0 1 1 0 1000 50 35000
0 1008 0 1 96496 22 0 1000 7000 0 1 1 0 1000 50 35000
0 1010 0 1 96519 23 0 1000 7000 0 1 1 0 1000 50 35000
0 1012 0 1 96541 22 0 1000 7000 0 1 1 0 1000 50 35000
0 1009 0 1 96564 23 0 1000 7000 0 1 1 0 1000 50 35000
0 1012 0 1 96586 22 0 1000 7000 0 1 1 0 1000 50 35000
0 1011 0 1 96609 23 0 1000 7000 0 1 1 0 1000 50 35000
0 1007 0 1 96631 22 0 1000 7000 0 1 1 0 1000 50 35000
0 1011 0 1 96654 23 0 1000 7000 0 1 1 0 1000 50 35000
0 1010 0 1 96676 22 0 1000 7000 0 1 1 0 1000 50 35000
0 1007 0 1 96699 23 0 1000 7000 0 1 1 0 1000 50 35000
0 1011 0 1 96722 23 0 1000 7000 0 1 1 0 1000 50 35000
0 1010 0 1 96745 23 0 1000 7000 0 1 1 0 1000 50 35000
0 1007 0 1 96768 23 0 1000 7000 0 1 1 0 1000 50 35000
0 1016 0 1 96790 22 0 1000 7000 0 1 1 0 1000 50 35000
0 1009 0 1 96813 23 0 1000 7000 0 1 1 0 1000 50 35000
0 1010 0 1 96835 22 0 1000 7000 0 1 1 0 1000 50 35000
0 1016 0 1 96858 23 0 1000 7000 0 1 1 0 1000 50 35000
0 1009 0 1 96880 22 0 1000 7000 0 1 1 0 1000 50 35000
0 1010 0 1 96903 23 0 1000 7000 0 1 1 0 1000 50 35000
0 1007 0 1 96925 22 0 1000 7000 0 1 1 0 1000 50 35000
0 1005 0 1 96948 23 0 1000 7000 0 1 1 0 1000 50 35000
0 1011 0 1 96970 22 0 1000 7000 0 1 1 0 1000 50 35000
0 1010 0 1 96993 23 0 1000 7000 0 1 1 0 1000 50 35000
0 1005 0 1 97015 22 0 1000 7000 0 1 1 0 1000 50 35000
0 1010 0 1 97038 23 0 1000 7000 0 1 1 0 1000 50 35000
0 1008 0 1 97060 22 0 1000 7000 0 1 1 0 1000 50 35000
0 1010 0 1 97083 23 0 1000 7000 0 1 1 0 1000 50 35000
0 1012 0 1 97105 22 0 1000 7000 0 1 1 0 1000 50 35000
0 1012 0 1 97129 24 0 1000 7000 0 1 1 0 1000 50 35000
0 1010 0 1 97152 23 0 1000 7000 0 1 1 0 1000 50 35000
0 1013 0 1 97174 22 0 1000 7000 0 1 1 0 1000 50 35000
0 1009 0 1 97197 23 0 1000 7000 0 1 1 0 1000 50 35000
0 1010 0 1 97219 22 0 1000 7000 0 1 1 0 1000 50 35000
0 1015 0 1 97242 23 0 1000 7000 0 1 1 0 1000 50 35000
0 1009 0 1 97264 22 0 1000 7000 0 1 1 0 1000 50 35000
0 1012 0 1 97287 23 0 1000 7000 0 1 1 0 1000 50 35000
0 1011 0 1 97309 22 0 1000 7000 0 1 1 0 1000 50 35000
0 1006 0 1 97332 23 0 1000 7000 0 1 1 0 1000 50 35000
0 1011 0 1 97354 22 0 1000 7000 0 1 1 0 1000 50 35000
0 1010 0 1 97377 23 0 1000 7000 0 1 1 0 1000 50 35000
0 999 0 1 97399 22 0 1000 7000 0 1 1 0 1000 50 35000
0 1012 0 1 97422 23 0 1000 7000 0 1 1 0 1000 50 35000
0 1010 0 1 97444 22 0 1000 7000 0 1 1 0 1000 50 35000
0 1009 0 1 97467 23 0 1000 7000 0 1 1 0 1000 50 35000
0 1015 0 1 97489 22 0 1000 7000 0 1 1 0 1000 50 35000
0 1009 0 1 97512 23 0 1000 7000 0 1 1 0 1000 50 35000
0 1012 0 1 97534 22 0 1000 7000 0 1 1 0 1000 50 35000
0 1017 0 1 97558 24 0 1000 7000 0 1 1 0 1000 50 35000
0 1009 0 1 97581 23 0 1000 7000 0 1 1 0 1000 50 35000
0 1010 0 1 97603 22 0 1000 7000 0 1 1 0 1000 50 35000
0 1011 0 1 97626 23 0 1000 7000 0 1 1 0 1000 50 35000
0 1008 0 1 97648 22 0 1000 7000 0 1 1 0 1000 50 35000
0 1011 0 1 97671 23 0 1000 7000 0 1 1 0 1000 50 35000
0 1010 0 1 97693 22 0 1000 7000 0 1 1 0 1000 50 35000
0 1007 0 1 97716 23 0 1000 7000 0 1 1 0 1000 50 35000
0 1011 0 1 97738 22 0 1000 7000 0 1 1 0 1000 50 35000
0 1010 0 1 97761 23 0 1000 7000 0 1 1 0 1000 50 35000
0 1007 0 1 97783 22 0 1000 7000 0 1 1 0 1000 50 35000
0 1012 0 1 97806 23 0 1000 7000 0 1 1 0 1000 50 35000
0 1009 0 1 97828 22 0 1000 7000 0 1 1 0 1000 50 35000
0 999 0 1 97851 23 0 1000 7000 0 1 1 0 1000 50 35000
0 1013 0 1 97873 22 0 1000 7000 0 1 1 0 1000 50 35000
0 1009 0 1 97896 23 0 1000 7000 0 1 1 0 1000 50 35000
0 1010 0 1 97918 22 0 1000 7000 0 1 1 0 1000 50 35000
0 1015 0 1 97941 23 0 1000 7000 0 1 1 0 1000 50 35000
0 1010 0 1 97964 23 0 1000 7000 0 1 1 0 1000 50 35000
0 1016 0 1 97987 23 0 1000 7000 0 1 1 0 1000 50 35000
0 1013 0 1 98010 23 0 1000 7000 0 1 1 0 1000 50 35000
0 1001 0 1 98032 22 0 1000 7000 0 1 1 0 1000 50 35000
0 1011 0 1 98055 23 0 1000 7000 0 1 1 0 1000 50 35000
0 1009 0 1 98077 22 0 1000 7000 0 1 1 0 1000 50 35000
0 1006 0 1 98100 23 0 1000 7000 0 1 1 0 1000 50 35000
0 1011 0 1 98122 22 0 1000 7000 0 1 1 0 1000 50 35000
0 1008 0 1 98145 23 0 1000 7000 0 1 1 0 1000 50 35000
0 1009 0 1 98167 22 0 1000 7000 0 1 1 0 1000 50 35000
0 1012 0 1 98190 23 0 1000 7000 0 1 1 0 1000 50 35000
0 1009 0 1 98212 22 0 1000 7000 0 1 1 0 1000 50 35000
0 1010 0 1 98235 23 0 1000 7000 0 1 1 0 1000 50 35000
0 1015 0 1 98257 22 0 1000 7000 0 1 1 0 1000 50 35000
0 1009 0 1 98280 23 0 1000 7000 0 1 1 0 1000 50 35000
0 1011 0 1 98302 22 0 1000 7000 0 1 1 0 1000 50 35000
0 1012 0 1 98325 23 0 1000 7000 0 1 1 0 1000 50 35000
0 1009 0 1 98348 23 0 1000 7000 0 1 1 0 1000 50 35000
0 1012 0 1 98370 22 0 1000 7000 0 1 1 0 1000 50 35000
0 1011 0 1 98394 24 0 1000 7000 0 1 1 0 1000 50 35000
0 1000 0 1 98416 22 0 1000 7000 0 1 1 0 1000 50 35000
0 1012 0 1 98439 23 0 1000 7000 0 1 1 0 1000 50 35000
0 1010 0 1 98461 22 0 1000 7000 0 1 1 0 1000 50 35000
0 1007 0 1 98484 23 0 1000 7000 0 1 1 0 1000 50 35000
0 1011 0 1 98506 22 0 1000 7000 0 1 1 0 1000 50 35000
0 1010 0 1 98529 23 0 1000 7000 0 1 1 0 1000 50 35000
0 1009 0 1 98551 22 0 1000 7000 0 1 1 0 1000 50 35000
0 1015 0 1 98574 23 0 1000 7000 0 1 1 0 1000 50 35000
0 1011 0 1 98596 22 0 1000 7000 0 1 1 0 1000 50 35000
0 1011 0 1 98619 23 0 1000 7000 0 1 1 0 1000 50 35000
0 1015 0 1 98641 22 0 1000 7000 0 1 1 0 1000 50 35000
0 1009 0 1 98664 23 0 1000 7000 0 1 1 0 1000 50 35000
0 1010 0 1 98686 22 0 1000 7000 0 1 1 0 1000 50 35000
0 1012 0 1 98709 23 0 1000 7000 0 1 1 0 1000 50 35000
0 1004 0 1 98732 23 0 1000 7000 0 1 1 0 1000 50 35000
0 1011 0 1 98754 22 0 1000 7000 0 1 1 0 1000 50 35000
0 1010 0 1 98777 23 0 1000 7000 0 1 1 0 1000 50 35000
0 1005 0 1 98800 23 0 1000 7000 0 1 1 0 1000 50 35000
0 1011 0 1 98823 23 0 1000 7000 0 1 1 0 1000 50 35000
0 1010 0 1 98845 22 0 1000 7000 0 1 1 0 1000 50 35000
0 1010 0 1 98868 23 0 1000 7000 0 1 1 0 1000 50 35000
0 1013 0 1 98890 22 0 1000 7000 0 1 1 0 1000 50 35000
0 1010 0 1 98913 23 0 1000 7000 0 1 1 0 1000 50 35000
0 1009 0 1 98935 22 0 1000 7000 0 1 1 0 1000 50 35000
0 1012 0 1 98958 23 0 1000 7000 0 1 1 0 1000 50 35000
0 1009 0 1 98980 22 0 1000 7000 0 1 1 0 1000 50 35000
0 1012 0 1 99003 23 0 1000 7000 0 1 1 0 1000 50 35000
0 1014 0 1 99025 22 0 1000 7000 0 1 1 0 1000 50 35000
0 1009 0 1 99048 23 0 1000 7000 0 1 1 0 1000 50 35000
0 1012 0 1 99070 22 0 1000 7000 0 1 1 0 1000 50 35000
0 1019 0 1 99093 23 0 1000 7000 0 1 1 0 1000 50 35000
0 1006 0 1 99116 23 0 1000 7000 0 1 1 0 1000 50 35000
0 1012 0 1 99138 22 0 1000 7000 0 1 1 0 1000 50 35000
0 1011 0 1 99161 23 0 1000 7000 0 1 1 0 1000 50 35000
0 1007 0 1 99183 22 0 1000 7000 0 1 1 0 1000 50 35000
0 1012 0 1 99207 24 0 1000 7000 0 1 1 0 1000 50 35000
0 1009 0 1 99229 22 0 1000 7000 0 1 1 0 1000 50 35000
0 1009 0 1 99252 23 0 1000 7000 0 1 1 0 1000 50 35000
0 1017 0 1 99274 22 0 1000 7000 0 1 1 0 1000 50 35000
0 1009 0 1 99297 23 0 1000 7000 0 1 1 0 1000 50 35000
0 1010 0 1 99319 22 0 1000 7000 0 1 1 0 1000 50 35000
0 1015 0 1 99342 23 0 1000 7000 0 1 1 0 1000 50 35000
0 1010 0 1 99364 22 0 1000 7000 0 1 1 0 1000 50 35000
0 1011 0 1 99387 23 0 1000 7000 0 1 1 0 1000 50 35000
0 1011 0 1 99409 22 0 1000 7000 0 1 1 0 1000 50 35000
0 1006 0 1 99432 23 0 1000 7000 0 1 1 0 1000 50 35000
0 1011 0 1 99454 22 0 1000 7000 0 1 1 0 1000 50 35000
0 1010 0 1 99477 23 0 1000 7000 0 1 1 0 1000 50 35000
0 1005 0 1 99500 23 0 1000 7000 0 1 1 0 1000 50 35000
0 1010 0 1 99522 22 0 1000 7000 0 1 1 0 1000 50 35000
0 1010 0 1 99545 23 0 1000 7000 0 1 1 0 1000 50 35000
0 1008 0 1 99567 22 0 1000 7000 0 1 1 0 1000 50 35000
0 1012 0 1 99590 23 0 1000 7000 0 1 1 0 1000 50 35000
0 1010 0 1 99612 22 0 1000 7000 0 1 1 0 1000 50 35000
0 1009 0 1 99636 24 0 1000 7000 0 1 1 0 1000 50 35000
0 1014 0 1 99658 22 0 1000 7000 0 1 1 0 1000 50 35000
0 1009 0 1 99681 23 0 1000 7000 0 1 1 0 1000 50 35000
0 1011 0 1 99703 22 0 1000 7000 0 1 1 0 1000 50 35000
0 1015 0 1 99726 23 0 1000 7000 0 1 1 0 1000 50 35000
0 1010 0 1 99748 22 0 1000 7000 0 1 1 0 1000 50 35000
0 1012 0 1 99771 23 0 1000 7000 0 1 1 0 1000 50 35000
0 1018 0 1 99793 22 0 1000 7000 0 1 1 0 1000 50 35000
0 1009 0 1 99816 23 0 1000 7000 0 1 1 0 1000 50 35000
0 1011 0 1 99838 22 0 1000 7000 0 1 1 0 1000 50 35000
0 1010 0 1 99861 23 0 1000 7000 0 1 1 0 1000 50 35000
0 1006 0 1 99884 23 0 1000 7000 0 1 1 0 1000 50 35000
0 1012 0 1 99906 22 0 1000 7000 0 1 1 0 1000 50 35000
0 1009 0 1 99929 23 0 1000 7000 0 1 1 0 1000 50 35000
0 1009 0 1 99951 22 0 1000 7000 0 1 1 0 1000 50 35000
0 1018 0 1 99974 23 0 1000 7000 0 1 1 0 1000 50 35000
0 1008 0 1 99996 22 0 1000 7000 0 1 1 0 1000 50 35000
0 1011 0 1 100019 23 0 1000 7000 0 1 1 0 1000 50 35000
0 1011 0 1 100042 23 0 1000 7000 0 1 1 0 1000 50 35000
0 1010 0 1 100065 23 0 1000 7000 0 1 1 0 1000 50 35000
0 1010 0 1 100087 22 0 1000 7000 0 1 1 0 1000 50 35000
0 1010 0 1 100110 23 0 1000 7000 0 1 1 0 1000 50 35000
0 1004 0 1 100132 22 0 1000 7000 0 1 1 0 1000 50 35000
0 1011 0 1 100155 23 0 1000 7000 0 1 1 0 1000 50 35000
0 1011 0 1 100177 22 0 1000 7000 0 1 1 0 1000 50 35000
0 1002 0 1 100200 23 0 1000 7000 0 1 1 0 1000 50 35000
0 1012 0 1 100222 22 0 1000 7000 0 1 1 0 1000 50 35000
0 1011 0 1 100246 24 0 1000 7000 0 1 1 0 1000 50 35000
0 1012 0 1 100269 23 0 1000 7000 0 1 1 0 1000 50 35000
0 1018 0 1 100291 22 0 1000 7000 0 1 1 0 1000 50 35000
0 1010 0 1 100314 23 0 1000 7000 0 1 1 0 1000 50 35000
0 1011 0 1 100336 22 0 1000 7000 0 1 1 0 1000 50 35000
0 1017 0 1 100359 23 0 1000 7000 0 1 1 0 1000 50 35000
0 1009 0 1 100381 22 0 1000 7000 0 1 1 0 1000 50 35000
0 1009 0 1 100404 23 0 1000 7000 0 1 1 0 1000 50 35000
0 1012 0 1 100426 22 0 1000 7000 0 1 1 0 1000 50 35000
0 1004 0 1 100449 23 0 1000 7000 0 1 1 0 1000 50 35000
0 1011 0 1 100472 23 0 1000 7000 0 1 1 0 1000 50 35000
0 1011 0 1 100495 23 0 1000 7000 0 1 1 0 1000 50 35000
0 1005 0 1 100517 22 0 1000 7000 0 1 1 0 1000 50 35000
0 1013 0 1 100540 23 0 1000 7000 0 1 1 0 1000 50 35000
0 1010 0 1 100562 22 0 1000 7000 0 1 1 0 1000 50 35000
0 1009 0 1 100585 23 0 1000 7000 0 1 1 0 1000 50 35000
0 1016 0 1 100608 23 0 1000 7000 0 1 1 0 1000 50 35000
0 1010 0 1 100630 22 0 1000 7000 0 1 1 0 1000 50 35000
0 1011 0 1 100653 23 0 1000 7000 0 1 1 0 1000 50 35000
0 1017 0 1 100675 22 0 1000 7000 0 1 1 0 1000 50 35000
0 1010 0 1 100699 24 0 1000 7000 0 1 1 0 1000 50 35000
0 1011 0 1 100721 22 0 1000 7000 0 1 1 0 1000 50 35000
0 1009 0 1 100744 23 0 1000 7000 0 1 1 0 1000 50 35000
0 1004 0 1 100766 22 0 1000 7000 0 1 1 0 1000 50 35000
0 1012 0 1 100789 23 0 1000 7000 0 1 1 0 1000 50 35000
0 1013 0 1 100811 22 0 1000 7000 0 1 1 0 1000 50 35000
0 1006 0 1 100834 23 0 1000 7000 0 1 1 0 1000 50 35000
0 1012 0 1 100856 22 0 1000 7000 0 1 1 0 1000 50 35000
0 1011 0 1 100879 23 0 1000 7000 0 1 1 0 1000 50 35000
0 1009 0 1 100902 23 0 1000 7000 0 1 1 0 1000 50 35000
0 1016 0 1 100925 23 0 1000 7000 0 1 1 0 1000 50 35000
0 1010 0 1 100947 22 0 1000 7000 0 1 1 0 1000 50 35000
0 1011 0 1 100970 23 0 1000 7000 0 1 1 0 1000 50 35000
0 1015 0 1 100993 23 0 1000 7000 0 1 1 0 1000 50 35000
0 1008 0 1 101015 22 0 1000 7000 0 1 1 0 1000 50 35000
0 1011 0 1 101038 23 0 1000 7000 0 1 1 0 1000 50 35000
0 1012 0 1 101060 22 0 1000 7000 0 1 1 0 1000 50 35000
0 1006 0 1 101083 23 0 1000 7000 0 1 1 0 1000 50 35000
0 1012 0 1 101105 22 0 1000 7000 0 1 1 0 1000 50 35000
0 1010 0 1 101129 24 0 1000 7000 0 1 1 0 1000 50 35000
0 1009 0 1 101151 22 0 1000 7000 0 1 1 0 1000 50 35000
0 1012 0 1 101174 23 0 1000 7000 0 1 1 0 1000 50 35000
0 1009 0 1 101196 22 0 1000 7000 0 1 1 0 1000 50 35000
0 1009 0 1 101219 23 0 1000 7000 0 1 1 0 1000 50 35000
0 1013 0 1 101241 22 0 1000 7000 0 1 1 0 1000 50 35000
0 1010 0 1 101264 23 0 1000 7000 0 1 1 0 1000 50 35000
0 1012 0 1 101286 22 0 1000 7000 0 1 1 0 1000 50 35000
0 1012 0 1 101309 23 0 1000 7000 0 1 1 0 1000 50 35000
0 1010 0 1 101332 23 0 1000 7000 0 1 1 0 1000 50 35000
0 1012 0 1 101355 23 0 1000 7000 0 1 1 0 1000 50 35000
0 1011 0 1 101378 23 0 1000 7000 0 1 1 0 1000 50 35000
0 1007 0 1 101400 22 0 1000 7000 0 1 1 0 1000 50 35000
0 1010 0 1 101423 23 0 1000 7000 0 1 1 0 1000 50 35000
0 1010 0 1 101445 22 0 1000 7000 0 1 1 0 1000 50 35000
0 1007 0 1 101468 23 0 1000 7000 0 1 1 0 1000 50 35000
0 1014 0 1 101490 22 0 1000 7000 0 1 1 0 1000 50 35000
0 1009 0 1 101513 23 0 1000 7000 0 1 1 0 1000 50 35000
0 1013 0 1 101535 22 0 1000 7000 0 1 1 0 1000 50 35000
0 1014 0 1 101559 24 0 1000 7000 0 1 1 0 1000 50 35000
0 1009 0 1 101581 22 0 1000 7000 0 1 1 0 1000 50 35000
0 1011 0 1 101604 23 0 1000 7000 0 1 1 0 1000 50 35000
0 1014 0 1 101626 22 0 1000 7000 0 1 1 0 1000 50 35000
0 1010 0 1 101649 23 0 1000 7000 0 1 1 0 1000 50 35000
0 1013 0 1 101671 22 0 1000 7000 0 1 1 0 1000 50 35000
0 1011 0 1 101694 23 0 1000 7000 0 1 1 0 1000 50 35000
0 1008 0 1 101716 22 0 1000 7000 0 1 1 0 1000 50 35000
0 1012 0 1 101739 23 0 1000 7000 0 1 1 0 1000 50 35000
0 1011 0 1 101763 24 0 1000 7000 0 1 1 0 1000 50 35000
0 1010 0 1 101785 22 0 1000 7000 0 1 1 0 1000 50 35000
0 1011 0 1 101808 23 0 1000 7000 0 1 1 0 1000 50 35000
0 1009 0 1 101830 22 0 1000 7000 0 1 1 0 1000 50 35000
0 1011 0 1 101853 23 0 1000 7000 0 1 1 0 1000 50 35000
0 1011 0 1 101875 22 0 1000 7000 0 1 1 0 1000 50 35000
0 1009 0 1 101898 23 0 1000 7000 0 1 1 0 1000 50 35000
0 1011 0 1 101920 22 0 1000 7000 0 1 1 0 1000 50 35000
0 1014 0 1 101943 23 0 1000 7000 0 1 1 0 1000 50 35000
0 1010 0 1 101965 22 0 1000 7000 0 1 1 0 1000 50 35000
0 1013 0 1 101989 24 0 1000 7000 0 1 1 0 1000 50 35000
0 1011 0 1 102011 22 0 1000 7000 0 1 1 0 1000 50 35000
0 1008 0 1 102034 23 0 1000 7000 0 1 1 0 1000 50 35000
0 1012 0 1 102056 22 0 1000 7000 0 1 1 0 1000 50 35000
0 1011 0 1 102079 23 0 1000 7000 0 1 1 0 1000 50 35000
0 1007 0 1 102102 23 0 1000 7000 0 1 1 0 1000 50 35000
0 1013 0 1 102124 22 0 1000 7000 0 1 1 0 1000 50 35000
0 1009 0 1 102147 23 0 1000 7000 0 1 1 0 1000 50 35000
0 1011 0 1 102169 22 0 1000 7000 0 1 1 0 1000 50 35000
0 1013 0 1 102192 23 0 1000 7000 0 1 1 0 1000 50 35000
0 1010 0 1 102215 23 0 1000 7000 0 1 1 0 1000 50 35000
0 1011 0 1 102238 23 0 1000 7000 0 1 1 0 1000 50 35000
0 1014 0 1 102260 22 0 1000 7000 0 1 1 0 1000 50 35000
0 1011 0 1 102283 23 0 1000 7000 0 1 1 0 1000 50 35000
0 1012 0 1 102305 22 0 1000 7000 0 1 1 0 1000 50 35000
0 1011 0 1 102328 23 0 1000 7000 0 1 1 0 1000 50 35000
0 1010 0 1 102350 22 0 1000 7000 0 1 1 0 1000 50 35000
0 1012 0 1 102373 23 0 1000 7000 0 1 1 0 1000 50 35000
0 1010 0 1 102395 22 0 1000 7000 0 1 1 0 1000 50 35000
0 1009 0 1 102419 24 0 1000 7000 0 1 1 0 1000 50 35000
0 1012 0 1 102441 22 0 1000 7000 0 1 1 0 1000 50 35000
0 1010 0 1 102464 23 0 1000 7000 0 1 1 0 1000 50 35000
0 1011 0 1 102487 23 0 1000 7000 0 1 1 0 1000 50 35000
0 1014 0 1 102509 22 0 1000 7000 0 1 1 0 1000 50 35000
0 1009 0 1 102532 23 0 1000 7000 0 1 1 0 1000 50 35000
0 1011 0 1 102554 22 0 1000 7000 0 1 1 0 1000 50 35000
0 1013 0 1 102577 23 0 1000 7000 0 1 1 0 1000 50 35000
0 1010 0 1 102599 22 0 1000 7000 0 1 1 0 1000 50 35000
0 1013 0 1 102622 23 0 1000 7000 0 1 1 0 1000 50 35000
0 1010 0 1 102645 23 0 1000 7000 0 1 1 0 1000 50 35000
0 1003 0 1 102668 23 0 1000 7000 0 1 1 0 1000 50 35000
0 1012 0 1 102690 22 0 1000 7000 0 1 1 0 1000 50 35000
0 1015 0 1 102713 23 0 1000 7000 0 1 1 0 1000 50 35000
0 1009 0 1 102735 22 0 1000 7000 0 1 1 0 1000 50 35000
0 1012 0 1 102758 23 0 1000 7000 0 1 1 0 1000 50 35000
0 1009 0 1 102780 22 0 1000 7000 0 1 1 0 1000 50 35000
0 1011 0 1 102803 23 0 1000 7000 0 1 1 0 1000 50 35000
0 1014 0 1 102825 22 0 1000 7000 0 1 1 0 1000 50 35000
0 1010 0 1 102848 23 0 1000 7000 0 1 1 0 1000 50 35000
0 1011 0 1 102872 24 0 1000 7000 0 1 1 0 1000 50 35000
0 1012 0 1 102894 22 0 1000 7000 0 1 1 0 1000 50 35000
0 1010 0 1 102917 23 0 1000 7000 0 1 1 0 1000 50 35000
0 1012 0 1 102939 22 0 1000 7000 0 1 1 0 1000 50 35000
0 1011 0 1 102962 23 0 1000 7000 0 1 1 0 1000 50 35000
0 1007 0 1 102984 22 0 1000 7000 0 1 1 0 1000 50 35000
0 1012 0 1 103007 23 0 1000 7000 0 1 1 0 1000 50 35000
0 1010 0 1 103029 22 0 1000 7000 0 1 1 0 1000 50 35000
0 1010 0 1 103052 23 0 1000 7000 0 1 1 0 1000 50 35000
0 1013 0 1 103074 22 0 1000 7000 0 1 1 0 1000 50 35000
0 1009 0 1 103098 24 0 1000 7000 0 1 1 0 1000 50 35000
0 1010 0 1 103120 22 0 1000 7000 0 1 1 0 1000 50 35000
0 1016 0 1 103143 23 0 1000 7000 0 1 1 0 1000 50 35000
0 1009 0 1 103165 22 0 1000 7000 0 1 1 0 1000 50 35000
0 1012 0 1 103188 23 0 1000 7000 0 1 1 0 1000 50 35000
0 1013 0 1 103211 23 0 1000 7000 0 1 1 0 1000 50 35000
0 1010 0 1 103233 22 0 1000 7000 0 1 1 0 1000 50 35000
0 1012 0 1 103256 23 0 1000 7000 0 1 1 0 1000 50 35000
0 1010 0 1 103278 22 0 1000 7000 0 1 1 0 1000 50 35000
0 1008 0 1 103302 24 0 1000 7000 0 1 1 0 1000 50 35000
0 1012 0 1 103324 22 0 1000 7000 0 1 1 0 1000 50 35000
0 1009 0 1 103347 23 0 1000 7000 0 1 1 0 1000 50 35000
0 1009 0 1 103369 22 0 1000 7000 0 1 1 0 1000 50 35000
0 1013 0 1 103392 23 0 1000 7000 0 1 1 0 1000 50 35000
0 1010 0 1 103414 22 0 1000 7000 0 1 1 0 1000 50 35000
0 1011 0 1 103437 23 0 1000 7000 0 1 1 0 1000 50 35000
0 1015 0 1 103459 22 0 1000 7000 0 1 1 0 1000 50 35000
0 1010 0 1 103482 23 0 1000 7000 0 1 1 0 1000 50 35000
0 1012 0 1 103504 22 0 1000 7000 0 1 1 0 1000 50 35000
0 1012 0 1 103528 24 0 1000 7000 0 1 1 0 1000 50 35000
0 1009 0 1 103550 22 0 1000 7000 0 1 1 0 1000 50 35000
0 1012 0 1 103573 23 0 1000 7000 0 1 1 0 1000 50 35000
0 1011 0 1 103596 23 0 1000 7000 0 1 1 0 1000 50 35000
0 1006 0 1 103618 22 0 1000 7000 0 1 1 0 1000 50 35000
0 1012 0 1 103641 23 0 1000 7000 0 1 1 0 1000 50 35000
0 1010 0 1 103663 22 0 1000 7000 0 1 1 0 1000 50 35000
0 1008 0 1 103686 23 0 1000 7000 0 1 1 0 1000 50 35000
0 1013 0 1 103708 22 0 1000 7000 0 1 1 0 1000 50 35000
0 1010 0 1 103731 23 0 1000 7000 0 1 1 0 1000 50 35000
0 1011 0 1 103754 23 0 1000 7000 0 1 1 0 1000 50 35000
0 1017 0 1 103777 23 0 1000 7000 0 1 1 0 1000 50 35000
0 1010 0 1 103799 22 0 1000 7000 0 1 1 0 1000 50 35000
0 1012 0 1 103822 23 0 1000 7000 0 1 1 0 1000 50 35000
0 1012 0 1 103844 22 0 1000 7000 0 1 1 0 1000 50 35000
0 1009 0 1 103867 23 0 1000 7000 0 1 1 0 1000 50 35000
0 1011 0 1 103889 22 0 1000 7000 0 1 1 0 1000 50 35000
0 1011 0 1 103912 23 0 1000 7000 0 1 1 0 1000 50 35000
0 1005 0 1 103934 22 0 1000 7000 0 1 1 0 1000 50 35000
0 1013 0 1 103958 24 0 1000 7000 0 1 1 0 1000 50 35000
0 1011 0 1 103981 23 0 1000 7000 0 1 1 0 1000 50 35000
0 1012 0 1 104003 22 0 1000 7000 0 1 1 0 1000 50 35000
0 1017 0 1 104026 23 0 1000 7000 0 1 1 0 1000 50 35000
0 1010 0 1 104048 22 0 1000 7000 0 1 1 0 1000 50 35000
0 1011 0 1 104071 23 0 1000 7000 0 1 1 0 1000 50 35000
0 1016 0 1 104093 22 0 1000 7000 0 1 1 0 1000 50 35000
0 1007 0 1 104116 23 0 1000 7000 0 1 1 0 1000 50 35000
0 1007 0 1 104138 22 0 1000 7000 0 1 1 0 1000 50 35000
0 1017 0 1 104161 23 0 1000 7000 0 1 1 0 1000 50 35000
0 1008 0 1 104184 23 0 1000 7000 0 1 1 0 1000 50 35000
0 1012 0 1 104207 23 0 1000 7000 0 1 1 0 1000 50 35000
0 1011 0 1 104229 22 0 1000 7000 0 1 1 0 1000 50 35000
0 1006 0 1 104252 23 0 1000 7000 0 1 1 0 1000 50 35000
0 1012 0 1 104274 22 0 1000 7000 0 1 1 0 1000 50 35000
0 1011 0 1 104297 23 0 1000 7000 0 1 1 0 1000 50 35000
0 1010 0 1 104320 23 0 1000 7000 0 1 1 0 1000 50 35000
0 1017 0 1 104342 22 0 1000 7000 0 1 1 0 1000 50 35000
0 1010 0 1 104365 23 0 1000 7000 0 1 1 0 1000 50 35000
0 1011 0 1 104387 22 0 1000 7000 0 1 1 0 1000 50 35000
0 1016 0 1 104411 24 0 1000 7000 0 1 1 0 1000 50 35000
0 1009 0 1 104433 22 0 1000 7000 0 1 1 0 1000 50 35000
0 1009 0 1 104456 23 0 1000 7000 0 1 1 0 1000 50 35000
0 1008 0 1 104478 22 0 1000 7000 0 1 1 0 1000 50 35000
0 1003 0 1 104501 23 0 1000 7000 0 1 1 0 1000 50 35000
0 1012 0 1 104523 22 0 1000 7000 0 1 1 0 1000 50 35000
0 1011 0 1 104546 23 0 1000 7000 0 1 1 0 1000 50 35000
0 1005 0 1 104568 22 0 1000 7000 0 1 1 0 1000 50 35000
0 1012 0 1 104591 23 0 1000 7000 0 1 1 0 1000 50 35000
0 1012 0 1 104613 22 0 1000 7000 0 1 1 0 1000 50 35000
0 1010 0 1 104637 24 0 1000 7000 0 1 1 0 1000 50 35000
0 1019 0 1 104659 22 0 1000 7000 0 1 1 0 1000 50 35000
0 1010 0 1 104682 23 0 1000 7000 0 1 1 0 1000 50 35000
0 1011 0 1 104705 23 0 1000 7000 0 1 1 0 1000 50 35000
0 1016 0 1 104727 22 0 1000 7000 0 1 1 0 1000 50 35000
0 1009 0 1 104750 23 0 1000 7000 0 1 1 0 1000 50 35000
0 1009 0 1 104772 22 0 1000 7000 0 1 1 0 1000 50 35000
0 1012 0 1 104795 23 0 1000 7000 0 1 1 0 1000 50 35000
0 1004 0 1 104817 22 0 1000 7000 0 1 1 0 1000 50 35000
0 1008 0 1 104841 24 0 1000 7000 0 1 1 0 1000 50 35000
0 1011 0 1 104863 22 0 1000 7000 0 1 1 0 1000 50 35000
0 1006 0 1 104886 23 0 1000 7000 0 1 1 0 1000 50 35000
0 1012 0 1 104908 22 0 1000 7000 0 1 1 0 1000 50 35000
0 1010 0 1 104931 23 0 1000 7000 0 1 1 0 1000 50 35000
0 1010 0 1 104953 22 0 1000 7000 0 1 1 0 1000 50 35000
0 1017 0 1 104976 23 0 1000 7000 0 1 1 0 1000 50 35000
0 1010 0 1 104998 22 0 1000 7000 0 1 1 0 1000 50 35000
0 1011 0 1 105021 23 0 1000 7000 0 1 1 0 1000 50 35000
0 1016 0 1 105043 22 0 1000 7000 0 1 1 0 1000 50 35000
0 1009 0 1 105067 24 0 1000 7000 0 1 1 0 1000 50 35000
0 1012 0 1 105090 23 0 1000 7000 0 1 1 0 1000 50 35000
0 1012 0 1 105112 22 0 1000 7000 0 1 1 0 1000 50 35000
0 1004 0 1 105135 23 0 1000 7000 0 1 1 0 1000 50 35000
0 1013 0 1 105157 22 0 1000 7000 0 1 1 0 1000 50 35000
0 1011 0 1 105180 23 0 1000 7000 0 1 1 0 1000 50 35000
0 1007 0 1 105202 22 0 1000 7000 0 1 1 0 1000 50 35000
0 1010 0 1 105225 23 0 1000 7000 0 1 1 0 1000 50 35000
0 1010 0 1 105247 22 0 1000 7000 0 1 1 0 1000 50 35000
0 1011 0 1 105270 23 0 1000 7000 0 1 1 0 1000 50 35000
0 1015 0 1 105293 23 0 1000 7000 0 1 1 0 1000 50 35000
0 1010 0 1 105316 23 0 1000 7000 0 1 1 0 1000 50 35000
0 1011 0 1 105338 22 0 1000 7000 0 1 1 0 1000 50 35000
0 1014 0 1 105361 23 0 1000 7000 0 1 1 0 1000 50 35000
0 1010 0 1 105383 22 0 1000 7000 0 1 1 0 1000 50 35000
0 1010 0 1 105406 23 0 1000 7000 0 1 1 0 1000 50 35000
0 1013 0 1 105428 22 0 1000 7000 0 1 1 0 1000 50 35000
0 1006 0 1 105451 23 0 1000 7000 0 1 1 0 1000 50 35000
0 1013 0 1 105474 23 0 1000 7000 0 1 1 0 1000 50 35000
0 1004 0 1 105497 23 0 1000 7000 0 1 1 0 1000 50 35000
0 1006 0 1 105520 23 0 1000 7000 0 1 1 0 1000 50 35000
0 1013 0 1 105542 22 0 1000 7000 0 1 1 0 1000 50 35000
0 1010 0 1 105565 23 0 1000 7000 0 1 1 0 1000 50 35000
0 1010 0 1 105587 22 0 1000 7000 0 1 1 0 1000 50 35000
0 1015 0 1 105610 23 0 1000 7000 0 1 1 0 1000 50 35000
0 1010 0 1 105632 22 0 1000 7000 0 1 1 0 1000 50 35000
0 1012 0 1 105655 23 0 1000 7000 0 1 1 0 1000 50 35000
0 1015 0 1 105677 22 0 1000 7000 0 1 1 0 1000 50 35000
0 1013 0 1 105700 23 0 1000 7000 0 1 1 0 1000 50 35000
0 1012 0 1 105723 23 0 1000 7000 0 1 1 0 1000 50 35000
0 1012 0 1 105746 23 0 1000 7000 0 1 1 0 1000 50 35000
0 1008 0 1 105768 22 0 1000 7000 0 1 1 0 1000 50 35000
0 1013 0 1 105791 23 0 1000 7000 0 1 1 0 1000 50 35000
0 1011 0 1 105814 23 0 1000 7000 0 1 1 0 1000 50 35000
0 1007 0 1 105836 22 0 1000 7000 0 1 1 0 1000 50 35000
0 1012 0 1 105859 23 0 1000 7000 0 1 1 0 1000 50 35000
0 1009 0 1 105881 22 0 1000 7000 0 1 1 0 1000 50 35000
0 1011 0 1 105904 23 0 1000 7000 0 1 1 0 1000 50 35000
0 1014 0 1 105926 22 0 1000 7000 0 1 1 0 1000 50 35000
0 1010 0 1 105950 24 0 1000 7000 0 1 1 0 1000 50 35000
0 1011 0 1 105972 22 0 1000 7000 0 1 1 0 1000 50 35000
0 1013 0 1 105995 23 0 1000 7000 0 1 1 0 1000 50 35000
0 1011 0 1 106017 22 0 1000 7000 0 1 1 0 1000 50 35000
0 1012 0 1 106040 23 0 1000 7000 0 1 1 0 1000 50 35000
0 1011 0 1 106062 22 0 1000 7000 0 1 1 0 1000 50 35000
0 1009 0 1 106085 23 0 1000 7000 0 1 1 0 1000 50 35000
0 1012 0 1 106107 22 0 1000 7000 0 1 1 0 1000 50 35000
0 1010 0 1 106130 23 0 1000 7000 0 1 1 0 1000 50 35000
0 1008 0 1 106153 23 0 1000 7000 0 1 1 0 1000 50 35000
0 1011 0 1 106176 23 0 1000 7000 0 1 1 0 1000 50 35000
0 1009 0 1 106199 23 0 1000 7000 0 1 1 0 1000 50 35000
0 1010 0 1 106221 22 0 1000 7000 0 1 1 0 1000 50 35000
0 1014 0 1 106244 23 0 1000 7000 0 1 1 0 1000 50 35000
0 1012 0 1 106266 22 0 1000 7000 0 1 1 0 1000 50 35000
0 1012 0 1 106289 23 0 1000 7000 0 1 1 0 1000 50 35000
0 1014 0 1 106311 22 0 1000 7000 0 1 1 0 1000 50 35000
0 1010 0 1 106334 23 0 1000 7000 0 1 1 0 1000 50 35000
0 1013 0 1 106356 22 0 1000 7000 0 1 1 0 1000 50 35000
0 1013 0 1 106380 24 0 1000 7000 0 1 1 0 1000 50 35000
0 1008 0 1 106402 22 0 1000 7000 0 1 1 0 1000 50 35000
0 1013 0 1 106425 23 0 1000 7000 0 1 1 0 1000 50 35000
0 1011 0 1 106447 22 0 1000 7000 0 1 1 0 1000 50 35000
0 1007 0 1 106470 23 0 1000 7000 0 1 1 0 1000 50 35000
0 1013 0 1 106492 22 0 1000 7000 0 1 1 0 1000 50 35000
0 1009 0 1 106515 23 0 1000 7000 0 1 1 0 1000 50 35000
0 1009 0 1 106537 22 0 1000 7000 0 1 1 0 1000 50 35000
0 1016 0 1 106560 23 0 1000 7000 0 1 1 0 1000 50 35000
0 1011 0 1 106583 23 0 1000 7000 0 1 1 0 1000 50 35000
0 1012 0 1 106606 23 0 1000 7000 0 1 1 0 1000 50 35000
0 1015 0 1 106629 23 0 1000 7000 0 1 1 0 1000 50 35000
0 1010 0 1 106651 22 0 1000 7000 0 1 1 0 1000 50 35000
0 1013 0 1 106674 23 0 1000 7000 0 1 1 0 1000 50 35000
0 1011 0 1 106696 22 0 1000 7000 0 1 1 0 1000 50 35000
0 1008 0 1 106719 23 0 1000 7000 0 1 1 0 1000 50 35000
0 1012 0 1 106741 22 0 1000 7000 0 1 1 0 1000 50 35000
0 1011 0 1 106764 23 0 1000 7000 0 1 1 0 1000 50 35000
0 1010 0 1 106786 22 0 1000 7000 0 1 1 0 1000 50 35000
0 1013 0 1 106810 24 0 1000 7000 0 1 1 0 1000 50 35000
0 1010 0 1 106832 22 0 1000 7000 0 1 1 0 1000 50 35000
0 1011 0 1 106855 23 0 1000 7000 0 1 1 0 1000 50 35000
0 1011 0 1 106877 22 0 1000 7000 0 1 1 0 1000 50 35000
0 1010 0 1 106900 23 0 1000 7000 0 1 1 0 1000 50 35000
0 1008 0 1 106923 23 0 1000 7000 0 1 1 0 1000 50 35000
0 1021 0 1 106945 22 0 1000 7000 0 1 1 0 1000 50 35000
0 1010 0 1 106968 23 0 1000 7000 0 1 1 0 1000 50 35000
0 1014 0 1 106990 22 0 1000 7000 0 1 1 0 1000 50 35000
0 1013 0 1 107013 23 0 1000 7000 0 1 1 0 1000 50 35000
0 1008 0 1 107036 23 0 1000 7000 0 1 1 0 1000 50 35000
0 1015 0 1 107059 23 0 1000 7000 0 1 1 0 1000 50 35000
0 1010 0 1 107081 22 0 1000 7000 0 1 1 0 1000 50 35000
0 1010 0 1 107104 23 0 1000 7000 0 1 1 0 1000 50 35000
0 1009 0 1 107126 22 0 1000 7000 0 1 1 0 1000 50 35000
0 1010 0 1 107149 23 0 1000 7000 0 1 1 0 1000 50 35000
0 1010 0 1 107171 22 0 1000 7000 0 1 1 0 1000 50 35000
0 1015 0 1 107194 23 0 1000 7000 0 1 1 0 1000 50 35000
0 1007 0 1 107216 22 0 1000 7000 0 1 1 0 1000 50 35000
0 1010 0 1 107239 23 0 1000 7000 0 1 1 0 1000 50 35000
0 1011 0 1 107262 23 0 1000 7000 0 1 1 0 1000 50 35000
0 1010 0 1 107285 23 0 1000 7000 0 1 1 0 1000 50 35000
0 1013 0 1 107308 23 0 1000 7000 0 1 1 0 1000 50 35000
0 1012 0 1 107330 22 0 1000 7000 0 1 1 0 1000 50 35000
0 1009 0 1 107353 23 0 1000 7000 0 1 1 0 1000 50 35000
0 1013 0 1 107375 22 0 1000 7000 0 1 1 0 1000 50 35000
0 1011 0 1 107398 23 0 1000 7000 0 1 1 0 1000 50 35000
0 1011 0 1 107420 22 0 1000 7000 0 1 1 0 1000 50 35000
0 1014 0 1 107443 23 0 1000 7000 0 1 1 0 1000 50 35000
0 1011 0 1 107466 23 0 1000 7000 0 1 1 0 1000 50 35000
0 1008 0 1 107489 23 0 1000 7000 0 1 1 0 1000 50 35000
0 1016 0 1 107511 22 0 1000 7000 0 1 1 0 1000 50 35000
0 1010 0 1 107534 23 0 1000 7000 0 1 1 0 1000 50 35000
0 1012 0 1 107556 22 0 1000 7000 0 1 1 0 1000 50 35000
0 1012 0 1 107579 23 0 1000 7000 0 1 1 0 1000 50 35000
0 1009 0 1 107601 22 0 1000 7000 0 1 1 0 1000 50 35000
0 1013 0 1 107624 23 0 1000 7000 0 1 1 0 1000 50 35000
0 1012 0 1 107646 22 0 1000 7000 0 1 1 0 1000 50 35000
0 1007 0 1 107669 23 0 1000 7000 0 1 1 0 1000 50 35000
0 1012 0 1 107693 24 0 1000 7000 0 1 1 0 1000 50 35000
0 1012 0 1 107715 22 0 1000 7000 0 1 1 0 1000 50 35000
0 1008 0 1 107738 23 0 1000 7000 0 1 1 0 1000 50 35000
0 1016 0 1 107760 22 0 1000 7000 0 1 1 0 1000 50 35000
0 1010 0 1 107783 23 0 1000 7000 0 1 1 0 1000 50 35000
0 1011 0 1 107805 22 0 1000 7000 0 1 1 0 1000 50 35000
0 1017 0 1 107828 23 0 1000 7000 0 1 1 0 1000 50 35000
0 1010 0 1 107850 22 0 1000 7000 0 1 1 0 1000 50 35000
0 1013 0 1 107873 23 0 1000 7000 0 1 1 0 1000 50 35000
0 1013 0 1 107896 23 0 1000 7000 0 1 1 0 1000 50 35000
0 1009 0 1 107919 23 0 1000 7000 0 1 1 0 1000 50 35000
0 1015 0 1 107941 22 0 1000 7000 0 1 1 0 1000 50 35000
0 1011 0 1 107964 23 0 1000 7000 0 1 1 0 1000 50 35000
0 1006 0 1 107986 22 0 1000 7000 0 1 1 0 1000 50 35000
0 1012 0 1 108009 23 0 1000 7000 0 1 1 0 1000 50 35000
0 1012 0 1 108032 23 0 1000 7000 0 1 1 0 1000 50 35000
0 1010 0 1 108054 22 0 1000 7000 0 1 1 0 1000 50 35000
0 1015 0 1 108077 23 0 1000 7000 0 1 1 0 1000 50 35000
0 1011 0 1 108099 22 0 1000 7000 0 1 1 0 1000 50 35000
0 1011 0 1 108123 24 0 1000 7000 0 1 1 0 1000 50 35000
0 1017 0 1 108145 22 0 1000 7000 0 1 1 0 1000 50 35000
0 1010 0 1 108168 23 0 1000 7000 0 1 1 0 1000 50 35000
0 1012 0 1 108190 22 0 1000 7000 0 1 1 0 1000 50 35000
0 1012 0 1 108213 23 0 1000 7000 0 1 1 0 1000 50 35000
0 1008 0 1 108235 22 0 1000 7000 0 1 1 0 1000 50 35000
0 1012 0 1 108258 23 0 1000 7000 0 1 1 0 1000 50 35000
0 1011 0 1 108280 22 0 1000 7000 0 1 1 0 1000 50 35000
0 1005 0 1 108303 23 0 1000 7000 0 1 1 0 1000 50 35000
0 1013 0 1 108325 22 0 1000 7000 0 1 1 0 1000 50 35000
0 1011 0 1 108349 24 0 1000 7000 0 1 1 0 1000 50 35000
0 1011 0 1 108371 22 0 1000 7000 0 1 1 0 1000 50 35000
0 1020 0 1 108394 23 0 1000 7000 0 1 1 0 1000 50 35000
0 1010 0 1 108417 23 0 1000 7000 0 1 1 0 1000 50 35000
0 1011 0 1 108439 22 0 1000 7000 0 1 1 0 1000 50 35000
0 1014 0 1 108462 23 0 1000 7000 0 1 1 0 1000 50 35000
0 1010 0 1 108484 22 0 1000 7000 0 1 1 0 1000 50 35000
0 1012 0 1 108507 23 0 1000 7000 0 1 1 0 1000 50 35000
0 1014 0 1 108529 22 0 1000 7000 0 1 1 0 1000 50 35000
0 1004 0 1 108553 24 0 1000 7000 0 1 1 0 1000 50 35000
0 1012 0 1 108575 22 0 1000 7000 0 1 1 0 1000 50 35000
0 1012 0 1 108598 23 0 1000 7000 0 1 1 0 1000 50 35000
0 1003 0 1 108620 22 0 1000 7000 0 1 1 0 1000 50 35000
0 1013 0 1 108643 23 0 1000 7000 0 1 1 0 1000 50 35000
0 1011 0 1 108665 22 0 1000 7000 0 1 1 0 1000 50 35000
0 1010 0 1 108688 23 0 1000 7000 0 1 1 0 1000 50 35000
0 1019 0 1 108710 22 0 1000 7000 0 1 1 0 1000 50 35000
0 1010 0 1 108733 23 0 1000 7000 0 1 1 0 1000 50 35000
0 1011 0 1 108755 22 0 1000 7000 0 1 1 0 1000 50 35000
0 1017 0 1 108779 24 0 1000 7000 0 1 1 0 1000 50 35000
0 1011 0 1 108802 23 0 1000 7000 0 1 1 0 1000 50 35000
0 1012 0 1 108824 22 0 1000 7000 0 1 1 0 1000 50 35000
0 1014 0 1 108847 23 0 1000 7000 0 1 1 0 1000 50 35000
0 1004 0 1 108869 22 0 1000 7000 0 1 1 0 1000 50 35000
0 1009 0 1 108892 23 0 1000 7000 0 1 1 0 1000 50 35000
0 1012 0 1 108914 22 0 1000 7000 0 1 1 0 1000 50 35000
0 1006 0 1 108937 23 0 1000 7000 0 1 1 0 1000 50 35000
0 1013 0 1 108959 22 0 1000 7000 0 1 1 0 1000 50 35000
0 1011 0 1 108983 24 0 1000 7000 0 1 1 0 1000 50 35000
0 1009 0 1 109005 22 0 1000 7000 0 1 1 0 1000 50 35000
0 1014 0 1 109028 23 0 1000 7000 0 1 1 0 1000 50 35000
0 1011 0 1 109050 22 0 1000 7000 0 1 1 0 1000 50 35000
0 1012 0 1 109073 23 0 1000 7000 0 1 1 0 1000 50 35000
0 1016 0 1 109095 22 0 1000 7000 0 1 1 0 1000 50 35000
0 1010 0 1 109118 23 0 1000 7000 0 1 1 0 1000 50 35000
0 1012 0 1 109140 22 0 1000 7000 0 1 1 0 1000 50 35000
0 1013 0 1 109163 23 0 1000 7000 0 1 1 0 1000 50 35000
0 1006 0 1 109186 23 0 1000 7000 0 1 1 0 1000 50 35000
0 1014 0 1 109209 23 0 1000 7000 0 1 1 0 1000 50 35000
0 1012 0 1 109232 23 0 1000 7000 0 1 1 0 1000 50 35000
0 1008 0 1 109254 22 0 1000 7000 0 1 1 0 1000 50 35000
0 1013 0 1 109277 23 0 1000 7000 0 1 1 0 1000 50 35000
0 1010 0 1 109299 22 0 1000 7000 0 1 1 0 1000 50 35000
0 1011 0 1 109322 23 0 1000 7000 0 1 1 0 1000 50 35000
0 1016 0 1 109344 22 0 1000 7000 0 1 1 0 1000 50 35000
0 1010 0 1 109367 23 0 1000 7000 0 1 1 0 1000 50 35000
0 1012 0 1 109389 22 0 1000 7000 0 1 1 0 1000 50 35000
0 1017 0 1 109412 23 0 1000 7000 0 1 1 0 1000 50 35000
0 1011 0 1 109435 23 0 1000 7000 0 1 1 0 1000 50 35000
0 1012 0 1 109458 23 0 1000 7000 0 1 1 0 1000 50 35000
0 1012 0 1 109480 22 0 1000 7000 0 1 1 0 1000 50 35000
0 1007 0 1 109503 23 0 1000 7000 0 1 1 0 1000 50 35000
0 1011 0 1 109526 23 0 1000 7000 0 1 1 0 1000 50 35000
0 1010 0 1 109548 22 0 1000 7000 0 1 1 0 1000 50 35000
0 1007 0 1 109571 23 0 1000 7000 0 1 1 0 1000 50 35000
0 1012 0 1 109593 22 0 1000 7000 0 1 1 0 1000 50 35000
0 1011 0 1 109616 23 0 1000 7000 0 1 1 0 1000 50 35000
0 1011 0 1 109639 23 0 1000 7000 0 1 1 0 1000 50 35000
0 1012 0 1 109662 23 0 1000 7000 0 1 1 0 1000 50 35000
0 1010 0 1 109684 22 0 1000 7000 0 1 1 0 1000 50 35000
0 1012 0 1 109707 23 0 1000 7000 0 1 1 0 1000 50 35000
0 1016 0 1 109729 22 0 1000 7000 0 1 1 0 1000 50 35000
0 1011 0 1 109752 23 0 1000 7000 0 1 1 0 1000 50 35000
0 1013 0 1 109774 22 0 1000 7000 0 1 1 0 1000 50 35000
0 1013 0 1 109797 23 0 1000 7000 0 1 1 0 1000 50 35000
0 1009 0 1 109819 22 0 1000 7000 0 1 1 0 1000 50 35000
0 1013 0 1 109842 23 0 1000 7000 0 1 1 0 1000 50 35000
0 1010 0 1 109865 23 0 1000 7000 0 1 1 0 1000 50 35000
0 1008 0 1 109888 23 0 1000 7000 0 1 1 0 1000 50 35000
0 1012 0 1 109911 23 0 1000 7000 0 1 1 0 1000 50 35000
0 1010 0 1 109933 22 0 1000 7000 0 1 1 0 1000 50 35000
0 1011 0 1 109956 23 0 1000 7000 0 1 1 0 1000 50 35000
0 1014 0 1 109978 22 0 1000 7000 0 1 1 0 1000 50 35000
0 1009 0 1 110001 23 0 1000 7000 0 1 1 0 1000 50 35000
0 1012 0 1 110023 22 0 1000 7000 0 1 1 0 1000 50 35000
0 1016 0 1 110046 23 0 1000 7000 0 1 1 0 1000 50 35000
0 1011 0 1 110068 22 0 1000 7000 0 1 1 0 1000 50 35000
0 1014 0 1 110092 24 0 1000 7000 0 1 1 0 1000 50 35000
0 1012 0 1 110114 22 0 1000 7000 0 1 1 0 1000 50 35000
0 1008 0 1 110137 23 0 1000 7000 0 1 1 0 1000 50 35000
0 1013 0 1 110159 22 0 1000 7000 0 1 1 0 1000 50 35000
0 1012 0 1 110182 23 0 1000 7000 0 1 1 0 1000 50 35000
0 1010 0 1 110204 22 0 1000 7000 0 1 1 0 1000 50 35000
0 1013 0 1 110227 23 0 1000 7000 0 1 1 0 1000 50 35000
0 1010 0 1 110249 22 0 1000 7000 0 1 1 0 1000 50 35000
0 1012 0 1 110272 23 0 1000 7000 0 1 1 0 1000 50 35000
0 1012 0 1 110296 24 0 1000 7000 0 1 1 0 1000 50 35000
0 1013 0 1 110318 22 0 1000 7000 0 1 1 0 1000 50 35000
0 1012 0 1 110341 23 0 1000 7000 0 1 1 0 1000 50 35000
0 1014 0 1 110363 22 0 1000 7000 0 1 1 0 1000 50 35000
0 1010 0 1 110386 23 0 1000 7000 0 1 1 0 1000 50 35000
0 1013 0 1 110408 22 0 1000 7000 0 1 1 0 1000 50 35000
0 1012 0 1 110431 23 0 1000 7000 0 1 1 0 1000 50 35000
0 1008 0 1 110453 22 0 1000 7000 0 1 1 0 1000 50 35000
0 1013 0 1 110476 23 0 1000 7000 0 1 1 0 1000 50 35000
0 1012 0 1 110498 22 0 1000 7000 0 1 1 0 1000 50 35000
0 1007 0 1 110522 24 0 1000 7000 0 1 1 0 1000 50 35000
0 1012 0 1 110544 22 0 1000 7000 0 1 1 0 1000 50 35000
0 1010 0 1 110567 23 0 1000 7000 0 1 1 0 1000 50 35000
0 1012 0 1 110589 22 0 1000 7000 0 1 1 0 1000 50 35000
0 1015 0 1 110612 23 0 1000 7000 0 1 1 0 1000 50 35000
0 1011 0 1 110635 23 0 1000 7000 0 1 1 0 1000 50 35000
0 1012 0 1 110657 22 0 1000 7000 0 1 1 0 1000 50 35000
0 1015 0 1 110680 23 0 1000 7000 0 1 1 0 1000 50 35000
0 1010 0 1 110702 22 0 1000 7000 0 1 1 0 1000 50 35000
0 1014 0 1 110726 24 0 1000 7000 0 1 1 0 1000 50 35000
0 1012 0 1 110748 22 0 1000 7000 0 1 1 0 1000 50 35000
0 1008 0 1 110771 23 0 1000 7000 0 1 1 0 1000 50 35000
0 1012 0 1 110793 22 0 1000 7000 0 1 1 0 1000 50 35000
0 1012 0 1 110816 23 0 1000 7000 0 1 1 0 1000 50 35000
0 1004 0 1 110838 22 0 1000 7000 0 1 1 0 1000 50 35000
0 1012 0 1 110861 23 0 1000 7000 0 1 1 0 1000 50 35000
0 1010 0 1 110883 22 0 1000 7000 0 1 1 0 1000 50 35000
0 1012 0 1 110906 23 0 1000 7000 0 1 1 0 1000 50 35000
0 1021 0 1 110928 22 0 1000 7000 0 1 1 0 1000 50 35000
0 1009 0 1 110952 24 0 1000 7000 0 1 1 0 1000 50 35000
0 1012 0 1 110974 22 0 1000 7000 0 1 1 0 1000 50 35000
0 1012 0 1 110997 23 0 1000 7000 0 1 1 0 1000 50 35000
0 1010 0 1 111020 23 0 1000 7000 0 1 1 0 1000 50 35000
0 1013 0 1 111042 22 0 1000 7000 0 1 1 0 1000 50 35000
0 1012 0 1 111065 23 0 1000 7000 0 1 1 0 1000 50 35000
0 1008 0 1 111087 22 0 1000 7000 0 1 1 0 1000 50 35000
0 1013 0 1 111110 23 0 1000 7000 0 1 1 0 1000 50 35000
0 1011 0 1 111132 22 0 1000 7000 0 1 1 0 1000 50 35000
0 1011 0 1 111156 24 0 1000 7000 0 1 1 0 1000 50 35000
0 1014 0 1 111178 22 0 1000 7000 0 1 1 0 1000 50 35000
0 1011 0 1 111201 23 0 1000 7000 0 1 1 0 1000 50 35000
0 1012 0 1 111223 22 0 1000 7000 0 1 1 0 1000 50 35000
0 1016 0 1 111246 23 0 1000 7000 0 1 1 0 1000 50 35000
0 1010 0 1 111268 22 0 1000 7000 0 1 1 0 1000 50 35000
0 1012 0 1 111291 23 0 1000 7000 0 1 1 0 1000 50 35000
0 1015 0 1 111313 22 0 1000 7000 0 1 1 0 1000 50 35000
0 1011 0 1 111336 23 0 1000 7000 0 1 1 0 1000 50 35000
0 1013 0 1 111358 22 0 1000 7000 0 1 1 0 1000 50 35000
0 1011 0 1 111382 24 0 1000 7000 0 1 1 0 1000 50 35000
0 1007 0 1 111405 23 0 1000 7000 0 1 1 0 1000 50 35000
0 1012 0 1 111427 22 0 1000 7000 0 1 1 0 1000 50 35000
0 1009 0 1 111450 23 0 1000 7000 0 1 1 0 1000 50 35000
0 1010 0 1 111472 22 0 1000 7000 0 1 1 0 1000 50 35000
0 1017 0 1 111495 23 0 1000 7000 0 1 1 0 1000 50 35000
0 1011 0 1 111517 22 0 1000 7000 0 1 1 0 1000 50 35000
0 1012 0 1 111540 23 0 1000 7000 0 1 1 0 1000 50 35000
0 1016 0 1 111562 22 0 1000 7000 0 1 1 0 1000 50 35000
0 1011 0 1 111585 23 0 1000 7000 0 1 1 0 1000 50 35000
0 1012 0 1 111608 23 0 1000 7000 0 1 1 0 1000 50 35000
0 1013 0 1 111631 23 0 1000 7000 0 1 1 0 1000 50 35000
0 1009 0 1 111653 22 0 1000 7000 0 1 1 0 1000 50 35000
0 1013 0 1 111676 23 0 1000 7000 0 1 1 0 1000 50 35000
0 1012 0 1 111698 22 0 1000 7000 0 1 1 0 1000 50 35000
0 1006 0 1 111721 23 0 1000 7000 0 1 1 0 1000 50 35000
0 1013 0 1 111744 23 0 1000 7000 0 1 1 0 1000 50 35000
0 1012 0 1 111766 22 0 1000 7000 0 1 1 0 1000 50 35000
0 1005 0 1 111789 23 0 1000 7000 0 1 1 0 1000 50 35000
0 1016 0 1 111812 23 0 1000 7000 0 1 1 0 1000 50 35000
0 1011 0 1 111835 23 0 1000 7000 0 1 1 0 1000 50 35000
0 1012 0 1 111857 22 0 1000 7000 0 1 1 0 1000 50 35000
0 1017 0 1 111880 23 0 1000 7000 0 1 1 0 1000 50 35000
0 1010 0 1 111902 22 0 1000 7000 0 1 1 0 1000 50 35000
0 1012 0 1 111925 23 0 1000 7000 0 1 1 0 1000 50 35000
0 1012 0 1 111947 22 0 1000 7000 0 1 1 0 1000 50 35000
0 1012 0 1 111970 23 0 1000 7000 0 1 1 0 1000 50 35000
0 1013 0 1 111992 22 0 1000 7000 0 1 1 0 1000 50 35000
0 1012 0 1 112015 23 0 1000 7000 0 1 1 0 1000 50 35000
0 1006 0 1 112038 23 0 1000 7000 0 1 1 0 1000 50 35000
0 1012 0 1 112061 23 0 1000 7000 0 1 1 0 1000 50 35000
0 1012 0 1 112083 22 0 1000 7000 0 1 1 0 1000 50 35000
0 1012 0 1 112106 23 0 1000 7000 0 1 1 0 1000 50 35000
0 1019 0 1 112129 23 0 1000 7000 0 1 1 0 1000 50 35000
0 1011 0 1 112151 22 0 1000 7000 0 1 1 0 1000 50 35000
0 1012 0 1 112174 23 0 1000 7000 0 1 1 0 1000 50 35000
0 1018 0 1 112196 22 0 1000 7000 0 1 1 0 1000 50 35000
0 1011 0 1 112219 23 0 1000 7000 0 1 1 0 1000 50 35000
0 1013 0 1 112242 23 0 1000 7000 0 1 1 0 1000 50 35000
0 1012 0 1 112265 23 0 1000 7000 0 1 1 0 1000 50 35000
0 1004 0 1 112287 22 0 1000 7000 0 1 1 0 1000 50 35000
0 1014 0 1 112310 23 0 1000 7000 0 1 1 0 1000 50 35000
0 1012 0 1 112332 22 0 1000 7000 0 1 1 0 1000 50 35000
0 1006 0 1 112355 23 0 1000 7000 0 1 1 0 1000 50 35000
0 1013 0 1 112377 22 0 1000 7000 0 1 1 0 1000 50 35000
0 1006 0 1 112400 23 0 1000 7000 0 1 1 0 1000 50 35000
0 1010 0 1 112422 22 0 1000 7000 0 1 1 0 1000 50 35000
0 1021 0 1 112445 23 0 1000 7000 0 1 1 0 1000 50 35000
0 1011 0 1 112468 23 0 1000 7000 0 1 1 0 1000 50 35000
0 1012 0 1 112491 23 0 1000 7000 0 1 1 0 1000 50 35000
0 1017 0 1 112514 23 0 1000 7000 0 1 1 0 1000 50 35000
0 1011 0 1 112536 22 0 1000 7000 0 1 1 0 1000 50 35000
0 1012 0 1 112559 23 0 1000 7000 0 1 1 0 1000 50 35000
0 1018 0 1 112581 22 0 1000 7000 0 1 1 0 1000 50 35000
0 1005 0 1 112604 23 0 1000 7000 0 1 1 0 1000 50 35000
0 1013 0 1 112626 22 0 1000 7000 0 1 1 0 1000 50 35000
0 1011 0 1 112649 23 0 1000 7000 0 1 1 0 1000 50 35000
0 1007 0 1 112671 22 0 1000 7000 0 1 1 0 1000 50 35000
0 1013 0 1 112695 24 0 1000 7000 0 1 1 0 1000 50 35000
0 1011 0 1 112717 22 0 1000 7000 0 1 1 0 1000 50 35000
0 1009 0 1 112740 23 0 1000 7000 0 1 1 0 1000 50 35000
0 1021 0 1 112762 22 0 1000 7000 0 1 1 0 1000 50 35000
0 1011 0 1 112785 23 0 1000 7000 0 1 1 0 1000 50 35000
0 1012 0 1 112807 22 0 1000 7000 0 1 1 0 1000 50 35000
0 1016 0 1 112830 23 0 1000 7000 0 1 1 0 1000 50 35000
0 1009 0 1 112852 22 0 1000 7000 0 1 1 0 1000 50 35000
0 1013 0 1 112875 23 0 1000 7000 0 1 1 0 1000 50 35000
0 1013 0 1 112899 24 0 1000 7000 0 1 1 0 1000 50 35000
0 1006 0 1 112921 22 0 1000 7000 0 1 1 0 1000 50 35000
0 1012 0 1 112944 23 0 1000 7000 0 1 1 0 1000 50 35000
0 1011 0 1 112966 22 0 1000 7000 0 1 1 0 1000 50 35000
0 1008 0 1 112989 23 0 1000 7000 0 1 1 0 1000 50 35000
0 1015 0 1 113011 22 0 1000 7000 0 1 1 0 1000 50 35000
0 1011 0 1 113034 23 0 1000 7000 0 1 1 0 1000 50 35000
0 1010 0 1 113056 22 0 1000 7000 0 1 1 0 1000 50 35000
0 1016 0 1 113079 23 0 1000 7000 0 1 1 0 1000 50 35000
0 1011 0 1 113101 22 0 1000 7000 0 1 1 0 1000 50 35000
0 1012 0 1 113125 24 0 1000 7000 0 1 1 0 1000 50 35000
0 1017 0 1 113147 22 0 1000 7000 0 1 1 0 1000 50 35000
0 1011 0 1 113170 23 0 1000 7000 0 1 1 0 1000 50 35000
0 1013 0 1 113192 22 0 1000 7000 0 1 1 0 1000 50 35000
0 1013 0 1 113215 23 0 1000 7000 0 1 1 0 1000 50 35000
0 1007 0 1 113238 23 0 1000 7000 0 1 1 0 1000 50 35000
0 1013 0 1 113260 22 0 1000 7000 0 1 1 0 1000 50 35000
0 1012 0 1 113283 23 0 1000 7000 0 1 1 0 1000 50 35000
0 1007 0 1 113305 22 0 1000 7000 0 1 1 0 1000 50 35000
0 1013 0 1 113328 23 0 1000 7000 0 1 1 0 1000 50 35000
0 1009 0 1 113351 23 0 1000 7000 0 1 1 0 1000 50 35000
0 1011 0 1 113374 23 0 1000 7000 0 1 1 0 1000 50 35000
0 1015 0 1 113396 22 0 1000 7000 0 1 1 0 1000 50 35000
0 1011 0 1 113419 23 0 1000 7000 0 1 1 0 1000 50 35000
0 1013 0 1 113441 22 0 1000 7000 0 1 1 0 1000 50 35000
0 1015 0 1 113464 23 0 1000 7000 0 1 1 0 1000 50 35000
0 1011 0 1 113486 22 0 1000 7000 0 1 1 0 1000 50 35000
0 1013 0 1 113509 23 0 1000 7000 0 1 1 0 1000 50 35000
0 1014 0 1 113531 22 0 1000 7000 0 1 1 0 1000 50 35000
0 1010 0 1 113555 24 0 1000 7000 0 1 1 0 1000 50 35000
0 1013 0 1 113577 22 0 1000 7000 0 1 1 0 1000 50 35000
0 1012 0 1 113600 23 0 1000 7000 0 1 1 0 1000 50 35000
0 1009 0 1 113623 23 0 1000 7000 0 1 1 0 1000 50 35000
0 1010 0 1 113645 22 0 1000 7000 0 1 1 0 1000 50 35000
0 1010 0 1 113668 23 0 1000 7000 0 1 1 0 1000 50 35000
0 1011 0 1 113690 22 0 1000 7000 0 1 1 0 1000 50 35000
0 1015 0 1 113713 23 0 1000 7000 0 1 1 0 1000 50 35000
0 1009 0 1 113735 22 0 1000 7000 0 1 1 0 1000 50 35000
0 1012 0 1 113758 23 0 1000 7000 0 1 1 0 1000 50 35000
0 1016 0 1 113781 23 0 1000 7000 0 1 1 0 1000 50 35000
0 1011 0 1 113804 23 0 1000 7000 0 1 1 0 1000 50 35000
0 1014 0 1 113826 22 0 1000 7000 0 1 1 0 1000 50 35000
0 1012 0 1 113849 23 0 1000 7000 0 1 1 0 1000 50 35000
0 1010 0 1 113871 22 0 1000 7000 0 1 1 0 1000 50 35000
0 1013 0 1 113894 23 0 1000 7000 0 1 1 0 1000 50 35000
0 1012 0 1 113916 22 0 1000 7000 0 1 1 0 1000 50 35000
0 1009 0 1 113939 23 0 1000 7000 0 1 1 0 1000 50 35000
0 1013 0 1 113961 22 0 1000 7000 0 1 1 0 1000 50 35000
0 1011 0 1 113985 24 0 1000 7000 0 1 1 0 1000 50 35000
0 1011 0 1 114008 23 0 1000 7000 0 1 1 0 1000 50 35000
0 1015 0 1 114030 22 0 1000 7000 0 1 1 0 1000 50 35000
0 1011 0 1 114053 23 0 1000 7000 0 1 1 0 1000 50 35000
0 1011 0 1 114075 22 0 1000 7000 0 1 1 0 1000 50 35000
0 1023 0 1 114098 23 0 1000 7000 0 1 1 0 1000 50 35000
0 1011 0 1 114120 22 0 1000 7000 0 1 1 0 1000 50 35000
0 1014 0 1 114143 23 0 1000 7000 0 1 1 0 1000 50 35000
0 1012 0 1 114165 22 0 1000 7000 0 1 1 0 1000 50 35000
0 1009 0 1 114188 23 0 1000 7000 0 1 1 0 1000 50 35000
0 1013 0 1 114211 23 0 1000 7000 0 1 1 0 1000 50 35000
0 1012 0 1 114234 23 0 1000 7000 0 1 1 0 1000 50 35000
0 1009 0 1 114256 22 0 1000 7000 0 1 1 0 1000 50 35000
0 1013 0 1 114279 23 0 1000 7000 0 1 1 0 1000 50 35000
0 1010 0 1 114301 22 0 1000 7000 0 1 1 0 1000 50 35000
0 1011 0 1 114324 23 0 1000 7000 0 1 1 0 1000 50 35000
0 1015 0 1 114347 23 0 1000 7000 0 1 1 0 1000 50 35000
0 1011 0 1 114369 22 0 1000 7000 0 1 1 0 1000 50 35000
0 1012 0 1 114392 23 0 1000 7000 0 1 1 0 1000 50 35000
0 1016 0 1 114415 23 0 1000 7000 0 1 1 0 1000 50 35000
0 1011 0 1 114438 23 0 1000 7000 0 1 1 0 1000 50 35000
0 1013 0 1 114460 22 0 1000 7000 0 1 1 0 1000 50 35000
0 1012 0 1 114483 23 0 1000 7000 0 1 1 0 1000 50 35000
0 1010 0 1 114505 22 0 1000 7000 0 1 1 0 1000 50 35000
0 1013 0 1 114528 23 0 1000 7000 0 1 1 0 1000 50 35000
0 1012 0 1 114550 22 0 1000 7000 0 1 1 0 1000 50 35000
0 1010 0 1 114573 23 0 1000 7000 0 1 1 0 1000 50 35000
0 1013 0 1 114595 22 0 1000 7000 0 1 1 0 1000 50 35000
0 1011 0 1 114618 23 0 1000 7000 0 1 1 0 1000 50 35000
0 1012 0 1 114641 23 0 1000 7000 0 1 1 0 1000 50 35000
0 1015 0 1 114664 23 0 1000 7000 0 1 1 0 1000 50 35000
0 1009 0 1 114686 22 0 1000 7000 0 1 1 0 1000 50 35000
0 1012 0 1 114709 23 0 1000 7000 0 1 1 0 1000 50 35000
0 1019 0 1 114732 23 0 1000 7000 0 1 1 0 1000 50 35000
0 1011 0 1 114754 22 0 1000 7000 0 1 1 0 1000 50 35000
0 1013 0 1 114777 23 0 1000 7000 0 1 1 0 1000 50 35000
0 1012 0 1 114799 22 0 1000 7000 0 1 1 0 1000 50 35000
0 1010 0 1 114822 23 0 1000 7000 0 1 1 0 1000 50 35000
0 1014 0 1 114844 22 0 1000 7000 0 1 1 0 1000 50 35000
0 1012 0 1 114868 24 0 1000 7000 0 1 1 0 1000 50 35000
0 1011 0 1 114890 22 0 1000 7000 0 1 1 0 1000 50 35000
0 1014 0 1 114913 23 0 1000 7000 0 1 1 0 1000 50 35000
0 1010 0 1 114935 22 0 1000 7000 0 1 1 0 1000 50 35000
0 1012 0 1 114958 23 0 1000 7000 0 1 1 0 1000 50 35000
0 1016 0 1 114980 22 0 1000 7000 0 1 1 0 1000 50 35000
0 1011 0 1 115003 23 0 1000 7000 0 1 1 0 1000 50 35000
0 1012 0 1 115025 22 0 1000 7000 0 1 1 0 1000 50 35000
0 1014 0 1 115048 23 0 1000 7000 0 1 1 0 1000 50 35000
0 1010 0 1 115072 24 0 1000 7000 0 1 1 0 1000 50 35000
0 1013 0 1 115094 22 0 1000 7000 0 1 1 0 1000 50 35000
0 1012 0 1 115117 23 0 1000 7000 0 1 1 0 1000 50 35000
0 1008 0 1 115139 22 0 1000 7000 0 1 1 0 1000 50 35000
0 1013 0 1 115162 23 0 1000 7000 0 1 1 0 1000 50 35000
0 1011 0 1 115184 22 0 1000 7000 0 1 1 0 1000 50 35000
0 1009 0 1 115207 23 0 1000 7000 0 1 1 0 1000 50 35000
0 1014 0 1 115229 22 0 1000 7000 0 1 1 0 1000 50 35000
0 1011 0 1 115252 23 0 1000 7000 0 1 1 0 1000 50 35000
0 1012 0 1 115274 22 0 1000 7000 0 1 1 0 1000 50 35000
0 1016 0 1 115298 24 0 1000 7000 0 1 1 0 1000 50 35000
0 1010 0 1 115320 22 0 1000 7000 0 1 1 0 1000 50 35000
0 1013 0 1 115343 23 0 1000 7000 0 1 1 0 1000 50 35000
0 1012 0 1 115365 22 0 1000 7000 0 1 1 0 1000 50 35000
0 1010 0 1 115388 23 0 1000 7000 0 1 1 0 1000 50 35000
0 1013 0 1 115410 22 0 1000 7000 0 1 1 0 1000 50 35000
0 1013 0 1 115433 23 0 1000 7000 0 1 1 0 1000 50 35000
0 1007 0 1 115456 23 0 1000 7000 0 1 1 0 1000 50 35000
0 1013 0 1 115478 22 0 1000 7000 0 1 1 0 1000 50 35000
0 1015 0 1 115502 24 0 1000 7000 0 1 1 0 1000 50 35000
0 1009 0 1 115524 22 0 1000 7000 0 1 1 0 1000 50 35000
0 1016 0 1 115547 23 0 1000 7000 0 1 1 0 1000 50 35000
0 1011 0 1 115569 22 0 1000 7000 0 1 1 0 1000 50 35000
0 1013 0 1 115592 23 0 1000 7000 0 1 1 0 1000 50 35000
0 1015 0 1 115614 22 0 1000 7000 0 1 1 0 1000 50 35000
0 1011 0 1 115637 23 0 1000 7000 0 1 1 0 1000 50 35000
0 1013 0 1 115659 22 0 1000 7000 0 1 1 0 1000 50 35000
0 1013 0 1 115682 23 0 1000 7000 0 1 1 0 1000 50 35000
0 1010 0 1 115704 22 0 1000 7000 0 1 1 0 1000 50 35000
0 1013 0 1 115728 24 0 1000 7000 0 1 1 0 1000 50 35000
0 1006 0 1 115750 22 0 1000 7000 0 1 1 0 1000 50 35000
0 1007 0 1 115773 23 0 1000 7000 0 1 1 0 1000 50 35000
0 1013 0 1 115795 22 0 1000 7000 0 1 1 0 1000 50 35000
0 1012 0 1 115818 23 0 1000 7000 0 1 1 0 1000 50 35000
0 1012 0 1 115841 23 0 1000 7000 0 1 1 0 1000 50 35000
0 1020 0 1 115863 22 0 1000 7000 0 1 1 0 1000 50 35000
0 1010 0 1 115886 23 0 1000 7000 0 1 1 0 1000 50 35000
0 1010 0 1 115908 22 0 1000 7000 0 1 1 0 1000 50 35000
0 1018 0 1 115931 23 0 1000 7000 0 1 1 0 1000 50 35000
0 1011 0 1 115954 23 0 1000 7000 0 1 1 0 1000 50 35000
0 1015 0 1 115977 23 0 1000 7000 0 1 1 0 1000 50 35000
0 1013 0 1 115999 22 0 1000 7000 0 1 1 0 1000 50 35000
0 1005 0 1 116022 23 0 1000 7000 0 1 1 0 1000 50 35000
0 1012 0 1 116044 22 0 1000 7000 0 1 1 0 1000 50 35000
0 1012 0 1 116067 23 0 1000 7000 0 1 1 0 1000 50 35000
0 999 0 1 116089 22 0 1000 7000 0 1 1 0 1000 50 35000
0 1013 0 1 116112 23 0 1000 7000 0 1 1 0 1000 50 35000
0 1012 0 1 116134 22 0 1000 7000 0 1 1 0 1000 50 35000
0 1011 0 1 116157 23 0 1000 7000 0 1 1 0 1000 50 35000
0 1020 0 1 116180 23 0 1000 7000 0 1 1 0 1000 50 35000
0 1011 0 1 116203 23 0 1000 7000 0 1 1 0 1000 50 35000
0 1012 0 1 116226 23 0 1000 7000 0 1 1 0 1000 50 35000
0 1017 0 1 116248 22 0 1000 7000 0 1 1 0 1000 50 35000
0 1011 0 1 116271 23 0 1000 7000 0 1 1 0 1000 50 35000
0 1012 0 1 116293 22 0 1000 7000 0 1 1 0 1000 50 35000
0 1015 0 1 116316 23 0 1000 7000 0 1 1 0 1000 50 35000
0 1005 0 1 116338 22 0 1000 7000 0 1 1 0 1000 50 35000
0 1010 0 1 116361 23 0 1000 7000 0 1 1 0 1000 50 35000
0 1012 0 1 116384 23 0 1000 7000 0 1 1 0 1000 50 35000
0 1006 0 1 116407 23 0 1000 7000 0 1 1 0 1000 50 35000
0 1017 0 1 116429 22 0 1000 7000 0 1 1 0 1000 50 35000
0 1012 0 1 116452 23 0 1000 7000 0 1 1 0 1000 50 35000
0 1011 0 1 116474 22 0 1000 7000 0 1 1 0 1000 50 35000
0 1020 0 1 116497 23 0 1000 7000 0 1 1 0 1000 50 35000
0 1011 0 1 116519 22 0 1000 7000 0 1 1 0 1000 50 35000
0 1011 0 1 116542 23 0 1000 7000 0 1 1 0 1000 50 35000
0 1017 0 1 116564 22 0 1000 7000 0 1 1 0 1000 50 35000
0 1009 0 1 116587 23 0 1000 7000 0 1 1 0 1000 50 35000
0 1013 0 1 116611 24 0 1000 7000 0 1 1 0 1000 50 35000
0 1013 0 1 116633 22 0 1000 7000 0 1 1 0 1000 50 35000
0 1006 0 1 116656 23 0 1000 7000 0 1 1 0 1000 50 35000
0 1014 0 1 116678 22 0 1000 7000 0 1 1 0 1000 50 35000
0 1011 0 1 116701 23 0 1000 7000 0 1 1 0 1000 50 35000
0 1007 0 1 116723 22 0 1000 7000 0 1 1 0 1000 50 35000
0 1013 0 1 116746 23 0 1000 7000 0 1 1 0 1000 50 35000
0 1012 0 1 116768 22 0 1000 7000 0 1 1 0 1000 50 35000
0 1011 0 1 116791 23 0 1000 7000 0 1 1 0 1000 50 35000
0 1019 0 1 116813 22 0 1000 7000 0 1 1 0 1000 50 35000
0 1011 0 1 116837 24 0 1000 7000 0 1 1 0 1000 50 35000
0 1013 0 1 116859 22 0 1000 7000 0 1 1 0 1000 50 35000
0 1017 0 1 116882 23 0 1000 7000 0 1 1 0 1000 50 35000
0 1011 0 1 116904 22 0 1000 7000 0 1 1 0 1000 50 35000
0 1013 0 1 116927 23 0 1000 7000 0 1 1 0 1000 50 35000
0 1012 0 1 116950 23 0 1000 7000 0 1 1 0 1000 50 35000
0 1007 0 1 116972 22 0 1000 7000 0 1 1 0 1000 50 35000
0 1012 0 1 116995 23 0 1000 7000 0 1 1 0 1000 50 35000
0 1012 0 1 117017 22 0 1000 7000 0 1 1 0 1000 50 35000
0 1008 0 1 117041 24 0 1000 7000 0 1 1 0 1000 50 35000
0 1016 0 1 117063 22 0 1000 7000 0 1 1 0 1000 50 35000
0 1011 0 1 117086 23 0 1000 7000 0 1 1 0 1000 50 35000
0 1011 0 1 117108 22 0 1000 7000 0 1 1 0 1000 50 35000
0 1017 0 1 117131 23 0 1000 7000 0 1 1 0 1000 50 35000
0 1011 0 1 117153 22 0 1000 7000 0 1 1 0 1000 50 35000
0 1013 0 1 117176 23 0 1000 7000 0 1 1 0 1000 50 35000
0 1012 0 1 117198 22 0 1000 7000 0 1 1 0 1000 50 35000
0 1011 0 1 117221 23 0 1000 7000 0 1 1 0 1000 50 35000
0 1014 0 1 117243 22 0 1000 7000 0 1 1 0 1000 50 35000
0 1013 0 1 117267 24 0 1000 7000 0 1 1 0 1000 50 35000
0 1009 0 1 117289 22 0 1000 7000 0 1 1 0 1000 50 35000
0 1014 0 1 117312 23 0 1000 7000 0 1 1 0 1000 50 35000
0 1012 0 1 117335 23 0 1000 7000 0 1 1 0 1000 50 35000
0 1009 0 1 117357 22 0 1000 7000 0 1 1 0 1000 50 35000
0 1013 0 1 117380 23 0 1000 7000 0 1 1 0 1000 50 35000
0 1011 0 1 117402 22 0 1000 7000 0 1 1 0 1000 50 35000
0 1011 0 1 117425 23 0 1000 7000 0 1 1 0 1000 50 35000
0 1015 0 1 117447 22 0 1000 7000 0 1 1 0 1000 50 35000
0 1012 0 1 117471 24 0 1000 7000 0 1 1 0 1000 50 35000
0 1012 0 1 117493 22 0 1000 7000 0 1 1 0 1000 50 35000
0 1016 0 1 117516 23 0 1000 7000 0 1 1 0 1000 50 35000
0 1011 0 1 117538 22 0 1000 7000 0 1 1 0 1000 50 35000
0 1014 0 1 117561 23 0 1000 7000 0 1 1 0 1000 50 35000
0 1013 0 1 117583 22 0 1000 7000 0 1 1 0 1000 50 35000
0 1009 0 1 117606 23 0 1000 7000 0 1 1 0 1000 50 35000
0 1014 0 1 117628 22 0 1000 7000 0 1 1 0 1000 50 35000
0 1012 0 1 117651 23 0 1000 7000 0 1 1 0 1000 50 35000
0 1009 0 1 117673 22 0 1000 7000 0 1 1 0 1000 50 35000
0 1013 0 1 117697 24 0 1000 7000 0 1 1 0 1000 50 35000
0 1011 0 1 117720 23 0 1000 7000 0 1 1 0 1000 50 35000
0 1009 0 1 117742 22 0 1000 7000 0 1 1 0 1000 50 35000
0 1015 0 1 117765 23 0 1000 7000 0 1 1 0 1000 50 35000
0 1011 0 1 117787 22 0 1000 7000 0 1 1 0 1000 50 35000
0 1013 0 1 117810 23 0 1000 7000 0 1 1 0 1000 50 35000
0 1016 0 1 117832 22 0 1000 7000 0 1 1 0 1000 50 35000
0 1011 0 1 117855 23 0 1000 7000 0 1 1 0 1000 50 35000
0 1014 0 1 117877 22 0 1000 7000 0 1 1 0 1000 50 35000
0 1013 0 1 117901 24 0 1000 7000 0 1 1 0 1000 50 35000
0 1009 0 1 117923 22 0 1000 7000 0 1 1 0 1000 50 35000
0 1014 0 1 117946 23 0 1000 7000 0 1 1 0 1000 50 35000
0 1012 0 1 117968 22 0 1000 7000 0 1 1 0 1000 50 35000
0 1008 0 1 117991 23 0 1000 7000 0 1 1 0 1000 50 35000
0 1014 0 1 118013 22 0 1000 7000 0 1 1 0 1000 50 35000
0 1011 0 1 118036 23 0 1000 7000 0 1 1 0 1000 50 35000
0 1012 0 1 118059 23 0 1000 7000 0 1 1 0 1000 50 35000
0 1023 0 1 118081 22 0 1000 7000 0 1 1 0 1000 50 35000
0 1011 0 1 118104 23 0 1000 7000 0 1 1 0 1000 50 35000
0 1015 0 1 118127 23 0 1000 7000 0 1 1 0 1000 50 35000
0 1012 0 1 118150 23 0 1000 7000 0 1 1 0 1000 50 35000
0 1011 0 1 118172 22 0 1000 7000 0 1 1 0 1000 50 35000
0 1014 0 1 118195 23 0 1000 7000 0 1 1 0 1000 50 35000
0 1012 0 1 118217 22 0 1000 7000 0 1 1 0 1000 50 35000
0 1009 0 1 118240 23 0 1000 7000 0 1 1 0 1000 50 35000
0 1014 0 1 118262 22 0 1000 7000 0 1 1 0 1000 50 35000
0 1013 0 1 118285 23 0 1000 7000 0 1 1 0 1000 50 35000
0 1006 0 1 118307 22 0 1000 7000 0 1 1 0 1000 50 35000
0 1014 0 1 118330 23 0 1000 7000 0 1 1 0 1000 50 35000
0 1011 0 1 118353 23 0 1000 7000 0 1 1 0 1000 50 35000
0 1012 0 1 118376 23 0 1000 7000 0 1 1 0 1000 50 35000
0 1016 0 1 118398 22 0 1000 7000 0 1 1 0 1000 50 35000
0 1010 0 1 118421 23 0 1000 7000 0 1 1 0 1000 50 35000
0 1014 0 1 118444 23 0 1000 7000 0 1 1 0 1000 50 35000
0 1015 0 1 118466 22 0 1000 7000 0 1 1 0 1000 50 35000
0 1010 0 1 118489 23 0 1000 7000 0 1 1 0 1000 50 35000
0 1014 0 1 118511 22 0 1000 7000 0 1 1 0 1000 50 35000
0 1013 0 1 118534 23 0 1000 7000 0 1 1 0 1000 50 35000
0 1010 0 1 118557 23 0 1000 7000 0 1 1 0 1000 50 35000
0 1014 0 1 118580 23 0 1000 7000 0 1 1 0 1000 50 35000
0 1012 0 1 118602 22 0 1000 7000 0 1 1 0 1000 50 35000
0 1011 0 1 118625 23 0 1000 7000 0 1 1 0 1000 50 35000
0 1014 0 1 118647 22 0 1000 7000 0 1 1 0 1000 50 35000
0 1011 0 1 118670 23 0 1000 7000 0 1 1 0 1000 50 35000
0 1012 0 1 118692 22 0 1000 7000 0 1 1 0 1000 50 35000
0 1017 0 1 118715 23 0 1000 7000 0 1 1 0 1000 50 35000
0 1011 0 1 118737 22 0 1000 7000 0 1 1 0 1000 50 35000
0 1013 0 1 118760 23 0 1000 7000 0 1 1 0 1000 50 35000
0 1014 0 1 118784 24 0 1000 7000 0 1 1 0 1000 50 35000
0 1011 0 1 118806 22 0 1000 7000 0 1 1 0 1000 50 35000
0 1010 0 1 118829 23 0 1000 7000 0 1 1 0 1000 50 35000
0 1013 0 1 118851 22 0 1000 7000 0 1 1 0 1000 50 35000
0 1010 0 1 118874 23 0 1000 7000 0 1 1 0 1000 50 35000
0 1014 0 1 118896 22 0 1000 7000 0 1 1 0 1000 50 35000
0 1012 0 1 118919 23 0 1000 7000 0 1 1 0 1000 50 35000
0 1010 0 1 118941 22 0 1000 7000 0 1 1 0 1000 50 35000
0 1015 0 1 118964 23 0 1000 7000 0 1 1 0 1000 50 35000
0 1012 0 1 118987 23 0 1000 7000 0 1 1 0 1000 50 35000
0 1012 0 1 119010 23 0 1000 7000 0 1 1 0 1000 50 35000
0 1016 0 1 119032 22 0 1000 7000 0 1 1 0 1000 50 35000
0 1011 0 1 119055 23 0 1000 7000 0 1 1 0 1000 50 35000
0 1013 0 1 119077 22 0 1000 7000 0 1 1 0 1000 50 35000
0 1013 0 1 119100 23 0 1000 7000 0 1 1 0 1000 50 35000
0 1012 0 1 119122 22 0 1000 7000 0 1 1 0 1000 50 35000
0 1013 0 1 119145 23 0 1000 7000 0 1 1 0 1000 50 35000
0 1013 0 1 119168 23 0 1000 7000 0 1 1 0 1000 50 35000
0 1007 0 1 119190 22 0 1000 7000 0 1 1 0 1000 50 35000
0 1012 0 1 119214 24 0 1000 7000 0 1 1 0 1000 50 35000
0 1012 0 1 119236 22 0 1000 7000 0 1 1 0 1000 50 35000
0 1012 0 1 119259 23 0 1000 7000 0 1 1 0 1000 50 35000
0 1016 0 1 119281 22 0 1000 7000 0 1 1 0 1000 50 35000
0 1012 0 1 119304 23 0 1000 7000 0 1 1 0 1000 50 35000
0 1013 0 1 119326 22 0 1000 7000 0 1 1 0 1000 50 35000
0 1018 0 1 119349 23 0 1000 7000 0 1 1 0 1000 50 35000
0 1013 0 1 119371 22 0 1000 7000 0 1 1 0 1000 50 35000
0 1013 0 1 119394 23 0 1000 7000 0 1 1 0 1000 50 35000
0 1014 0 1 119417 23 0 1000 7000 0 1 1 0 1000 50 35000
0 1009 0 1 119440 23 0 1000 7000 0 1 1 0 1000 50 35000
0 1012 0 1 119462 22 0 1000 7000 0 1 1 0 1000 50 35000
0 1012 0 1 119485 23 0 1000 7000 0 1 1 0 1000 50 35000
0 1007 0 1 119507 22 0 1000 7000 0 1 1 0 1000 50 35000
0 1013 0 1 119530 23 0 1000 7000 0 1 1 0 1000 50 35000
0 1012 0 1 119553 23 0 1000 7000 0 1 1 0 1000 50 35000
0 1011 0 1 119575 22 0 1000 7000 0 1 1 0 1000 50 35000
0 1020 0 1 119598 23 0 1000 7000 0 1 1 0 1000 50 35000
0 1013 0 1 119620 22 0 1000 7000 0 1 1 0 1000 50 35000
0 1013 0 1 119644 24 0 1000 7000 0 1 1 0 1000 50 35000
0 1018 0 1 119666 22 0 1000 7000 0 1 1 0 1000 50 35000
0 1011 0 1 119689 23 0 1000 7000 0 1 1 0 1000 50 35000
0 1012 0 1 119711 22 0 1000 7000 0 1 1 0 1000 50 35000
0 1012 0 1 119734 23 0 1000 7000 0 1 1 0 1000 50 35000
0 1008 0 1 119756 22 0 1000 7000 0 1 1 0 1000 50 35000
0 1013 0 1 119779 23 0 1000 7000 0 1 1 0 1000 50 35000
0 1014 0 1 119801 22 0 1000 7000 0 1 1 0 1000 50 35000
0 1007 0 1 119824 23 0 1000 7000 0 1 1 0 1000 50 35000
0 1013 0 1 119846 22 0 1000 7000 0 1 1 0 1000 50 35000
0 1012 0 1 119870 24 0 1000 7000 0 1 1 0 1000 50 35000
0 1011 0 1 119892 22 0 1000 7000 0 1 1 0 1000 50 35000
0 1019 0 1 119915 23 0 1000 7000 0 1 1 0 1000 50 35000
0 1012 0 1 119938 23 0 1000 7000 0 1 1 0 1000 50 35000
0 1012 0 1 119960 22 0 1000 7000 0 1 1 0 1000 50 35000
0 1017 0 1 119983 23 0 1000 7000 0 1 1 0 1000 50 35000
0 1010 0 1 120005 22 0 1000 7000 0 1 1 0 1000 50 35000
0 1013 0 1 120028 23 0 1000 7000 0 1 1 0 1000 50 35000
0 1014 0 1 120050 22 0 1000 7000 0 1 1 0 1000 50 35000
0 1006 0 1 120074 24 0 1000 7000 0 1 1 0 1000 50 35000
0 1013 0 1 120096 22 0 1000 7000 0 1 1 0 1000 50 35000
0 1012 0 1 120119 23 0 1000 7000 0 1 1 0 1000 50 35000
0 1007 0 1 120141 22 0 1000 7000 0 1 1 0 1000 50 35000
0 1014 0 1 120164 23 0 1000 7000 0 1 1 0 1000 50 35000
0 1012 0 1 120186 22 0 1000 7000 0 1 1 0 1000 50 35000
0 1012 0 1 120209 23 0 1000 7000 0 1 1 0 1000 50 35000
0 1018 0 1 120231 22 0 1000 7000 0 1 1 0 1000 50 35000
0 1012 0 1 120254 23 0 1000 7000 0 1 1 0 1000 50 35000
0 1013 0 1 120276 22 0 1000 7000 0 1 1 0 1000 50 35000
0 1017 0 1 120300 24 0 1000 7000 0 1 1 0 1000 50 35000
0 1012 0 1 120323 23 0 1000 7000 0 1 1 0 1000 50 35000
0 1013 0 1 120345 22 0 1000 7000 0 1 1 0 1000 50 35000
0 1015 0 1 120368 23 0 1000 7000 0 1 1 0 1000 50 35000
0 1008 0 1 120390 22 0 1000 7000 0 1 1 0 1000 50 35000
0 1014 0 1 120413 23 0 1000 7000 0 1 1 0 1000 50 35000
0 1013 0 1 120435 22 0 1000 7000 0 1 1 0 1000 50 35000
0 1012 0 1 120458 23 0 1000 7000 0 1 1 0 1000 50 35000
0 1013 0 1 120480 22 0 1000 7000 0 1 1 0 1000 50 35000
0 1012 0 1 120504 24 0 1000 7000 0 1 1 0 1000 50 35000
0 1013 0 1 120526 22 0 1000 7000 0 1 1 0 1000 50 35000
0 1016 0 1 120549 23 0 1000 7000 0 1 1 0 1000 50 35000
0 1012 0 1 120571 22 0 1000 7000 0 1 1 0 1000 50 35000
0 1013 0 1 120594 23 0 1000 7000 0 1 1 0 1000 50 35000
0 1018 0 1 120616 22 0 1000 7000 0 1 1 0 1000 50 35000
0 1012 0 1 120639 23 0 1000 7000 0 1 1 0 1000 50 35000
0 1014 0 1 120662 23 0 1000 7000 0 1 1 0 1000 50 35000
0 1014 0 1 120684 22 0 1000 7000 0 1 1 0 1000 50 35000
0 1009 0 1 120707 23 0 1000 7000 0 1 1 0 1000 50 35000
0 1014 0 1 120730 23 0 1000 7000 0 1 1 0 1000 50 35000
0 1012 0 1 120753 23 0 1000 7000 0 1 1 0 1000 50 35000
0 1014 0 1 120775 22 0 1000 7000 0 1 1 0 1000 50 35000
0 1013 0 1 120798 23 0 1000 7000 0 1 1 0 1000 50 35000
0 1011 0 1 120820 22 0 1000 7000 0 1 1 0 1000 50 35000
0 1003 0 1 120843 23 0 1000 7000 0 1 1 0 1000 50 35000
0 1016 0 1 120865 22 0 1000 7000 0 1 1 0 1000 50 35000
0 1009 0 1 120888 23 0 1000 7000 0 1 1 0 1000 50 35000
0 1017 0 1 120910 22 0 1000 7000 0 1 1 0 1000 50 35000
0 1019 0 1 120933 23 0 1000 7000 0 1 1 0 1000 50 35000
0 1012 0 1 120956 23 0 1000 7000 0 1 1 0 1000 50 35000
0 1014 0 1 120979 23 0 1000 7000 0 1 1 0 1000 50 35000
0 1013 0 1 121001 22 0 1000 7000 0 1 1 0 1000 50 35000
0 1009 0 1 121024 23 0 1000 7000 0 1 1 0 1000 50 35000
0 1014 0 1 121047 23 0 1000 7000 0 1 1 0 1000 50 35000
0 1012 0 1 121069 22 0 1000 7000 0 1 1 0 1000 50 35000
0 1009 0 1 121092 23 0 1000 7000 0 1 1 0 1000 50 35000
0 1014 0 1 121114 22 0 1000 7000 0 1 1 0 1000 50 35000
0 1008 0 1 121137 23 0 1000 7000 0 1 1 0 1000 50 35000
0 1012 0 1 121160 23 0 1000 7000 0 1 1 0 1000 50 35000
0 1015 0 1 121183 23 0 1000 7000 0 1 1 0 1000 50 35000
0 1011 0 1 121205 22 0 1000 7000 0 1 1 0 1000 50 35000
0 1013 0 1 121228 23 0 1000 7000 0 1 1 0 1000 50 35000
0 1016 0 1 121250 22 0 1000 7000 0 1 1 0 1000 50 35000
0 1011 0 1 121273 23 0 1000 7000 0 1 1 0 1000 50 35000
0 1014 0 1 121295 22 0 1000 7000 0 1 1 0 1000 50 35000
0 1019 0 1 121318 23 0 1000 7000 0 1 1 0 1000 50 35000
0 1010 0 1 121340 22 0 1000 7000 0 1 1 0 1000 50 35000
0 1015 0 1 121363 23 0 1000 7000 0 1 1 0 1000 50 35000
0 1012 0 1 121387 24 0 1000 7000 0 1 1 0 1000 50 35000
0 1009 0 1 121409 22 0 1000 7000 0 1 1 0 1000 50 35000
0 1014 0 1 121432 23 0 1000 7000 0 1 1 0 1000 50 35000
0 1011 0 1 121454 22 0 1000 7000 0 1 1 0 1000 50 35000
0 1012 0 1 121477 23 0 1000 7000 0 1 1 0 1000 50 35000
0 1016 0 1 121499 22 0 1000 7000 0 1 1 0 1000 50 35000
0 1011 0 1 121522 23 0 1000 7000 0 1 1 0 1000 50 35000
0 1013 0 1 121544 22 0 1000 7000 0 1 1 0 1000 50 35000
0 1014 0 1 121567 23 0 1000 7000 0 1 1 0 1000 50 35000
0 1010 0 1 121590 23 0 1000 7000 0 1 1 0 1000 50 35000
0 1015 0 1 121613 23 0 1000 7000 0 1 1 0 1000 50 35000
0 1011 0 1 121635 22 0 1000 7000 0 1 1 0 1000 50 35000
0 1009 0 1 121658 23 0 1000 7000 0 1 1 0 1000 50 35000
0 1013 0 1 121680 22 0 1000 7000 0 1 1 0 1000 50 35000
0 1013 0 1 121703 23 0 1000 7000 0 1 1 0 1000 50 35000
0 1016 0 1 121725 22 0 1000 7000 0 1 1 0 1000 50 35000
0 1014 0 1 121748 23 0 1000 7000 0 1 1 0 1000 50 35000
0 1011 0 1 121771 23 0 1000 7000 0 1 1 0 1000 50 35000
0 1013 0 1 121793 22 0 1000 7000 0 1 1 0 1000 50 35000
0 1017 0 1 121817 24 0 1000 7000 0 1 1 0 1000 50 35000
0 1011 0 1 121839 22 0 1000 7000 0 1 1 0 1000 50 35000
0 1016 0 1 121862 23 0 1000 7000 0 1 1 0 1000 50 35000
0 1014 0 1 121884 22 0 1000 7000 0 1 1 0 1000 50 35000
0 1011 0 1 121907 23 0 1000 7000 0 1 1 0 1000 50 35000
0 1014 0 1 121929 22 0 1000 7000 0 1 1 0 1000 50 35000
0 1013 0 1 121952 23 0 1000 7000 0 1 1 0 1000 50 35000
0 1008 0 1 121974 22 0 1000 7000 0 1 1 0 1000 50 35000
0 1014 0 1 121997 23 0 1000 7000 0 1 1 0 1000 50 35000
0 1014 0 1 122019 22 0 1000 7000 0 1 1 0 1000 50 35000
0 1011 0 1 122043 24 0 1000 7000 0 1 1 0 1000 50 35000
0 1013 0 1 122065 22 0 1000 7000 0 1 1 0 1000 50 35000
0 1014 0 1 122088 23 0 1000 7000 0 1 1 0 1000 50 35000
0 1012 0 1 122110 22 0 1000 7000 0 1 1 0 1000 50 35000
0 1018 0 1 122133 23 0 1000 7000 0 1 1 0 1000 50 35000
0 1011 0 1 122156 23 0 1000 7000 0 1 1 0 1000 50 35000
0 1014 0 1 122178 22 0 1000 7000 0 1 1 0 1000 50 35000
0 1015 0 1 122201 23 0 1000 7000 0 1 1 0 1000 50 35000
0 1010 0 1 122223 22 0 1000 7000 0 1 1 0 1000 50 35000
0 1014 0 1 122247 24 0 1000 7000 0 1 1 0 1000 50 35000
0 1012 0 1 122269 22 0 1000 7000 0 1 1 0 1000 50 35000
0 1009 0 1 122292 23 0 1000 7000 0 1 1 0 1000 50 35000
0 1014 0 1 122314 22 0 1000 7000 0 1 1 0 1000 50 35000
0 1012 0 1 122337 23 0 1000 7000 0 1 1 0 1000 50 35000
0 1012 0 1 122359 22 0 1000 7000 0 1 1 0 1000 50 35000
0 1016 0 1 122382 23 0 1000 7000 0 1 1 0 1000 50 35000
0 1012 0 1 122404 22 0 1000 7000 0 1 1 0 1000 50 35000
0 1011 0 1 122427 23 0 1000 7000 0 1 1 0 1000 50 35000
0 1016 0 1 122449 22 0 1000 7000 0 1 1 0 1000 50 35000
0 1013 0 1 122473 24 0 1000 7000 0 1 1 0 1000 50 35000
0 1013 0 1 122496 23 0 1000 7000 0 1 1 0 1000 50 35000
0 1016 0 1 122518 22 0 1000 7000 0 1 1 0 1000 50 35000
0 1007 0 1 122541 23 0 1000 7000 0 1 1 0 1000 50 35000
0 1013 0 1 122563 22 0 1000 7000 0 1 1 0 1000 50 35000
0 1013 0 1 122586 23 0 1000 7000 0 1 1 0 1000 50 35000
0 1011 0 1 122608 22 0 1000 7000 0 1 1 0 1000 50 35000
0 1014 0 1 122631 23 0 1000 7000 0 1 1 0 1000 50 35000
0 1012 0 1 122653 22 0 1000 7000 0 1 1 0 1000 50 35000
0 1012 0 1 122677 24 0 1000 7000 0 1 1 0 1000 50 35000
0 1020 0 1 122699 22 0 1000 7000 0 1 1 0 1000 50 35000
0 1012 0 1 122722 23 0 1000 7000 0 1 1 0 1000 50 35000
0 1015 0 1 122744 22 0 1000 7000 0 1 1 0 1000 50 35000
0 1018 0 1 122767 23 0 1000 7000 0 1 1 0 1000 50 35000
0 1011 0 1 122789 22 0 1000 7000 0 1 1 0 1000 50 35000
0 1014 0 1 122812 23 0 1000 7000 0 1 1 0 1000 50 35000
0 1014 0 1 122834 22 0 1000 7000 0 1 1 0 1000 50 35000
0 1005 0 1 122857 23 0 1000 7000 0 1 1 0 1000 50 35000
0 1014 0 1 122880 23 0 1000 7000 0 1 1 0 1000 50 35000
0 1013 0 1 122903 23 0 1000 7000 0 1 1 0 1000 50 35000
0 1007 0 1 122926 23 0 1000 7000 0 1 1 0 1000 50 35000
0 1014 0 1 122948 22 0 1000 7000 0 1 1 0 1000 50 35000
0 1010 0 1 122971 23 0 1000 7000 0 1 1 0 1000 50 35000
0 1013 0 1 122993 22 0 1000 7000 0 1 1 0 1000 50 35000
0 1019 0 1 123016 23 0 1000 7000 0 1 1 0 1000 50 35000
0 1012 0 1 123038 22 0 1000 7000 0 1 1 0 1000 50 35000
0 1013 0 1 123061 23 0 1000 7000 0 1 1 0 1000 50 35000
0 1018 0 1 123083 22 0 1000 7000 0 1 1 0 1000 50 35000
0 1012 0 1 123106 23 0 1000 7000 0 1 1 0 1000 50 35000
0 1014 0 1 123129 23 0 1000 7000 0 1 1 0 1000 50 35000
0 1014 0 1 123152 23 0 1000 7000 0 1 1 0 1000 50 35000
0 1007 0 1 123174 22 0 1000 7000 0 1 1 0 1000 50 35000
0 1013 0 1 123197 23 0 1000 7000 0 1 1 0 1000 50 35000
0 1012 0 1 123219 22 0 1000 7000 0 1 1 0 1000 50 35000
0 1008 0 1 123242 23 0 1000 7000 0 1 1 0 1000 50 35000
0 1013 0 1 123265 23 0 1000 7000 0 1 1 0 1000 50 35000
0 1015 0 1 123287 22 0 1000 7000 0 1 1 0 1000 50 35000
0 1012 0 1 123310 23 0 1000 7000 0 1 1 0 1000 50 35000
0 1017 0 1 123333 23 0 1000 7000 0 1 1 0 1000 50 35000
0 1012 0 1 123356 23 0 1000 7000 0 1 1 0 1000 50 35000
0 1013 0 1 123378 22 0 1000 7000 0 1 1 0 1000 50 35000
0 1018 0 1 123401 23 0 1000 7000 0 1 1 0 1000 50 35000
0 1011 0 1 123423 22 0 1000 7000 0 1 1 0 1000 50 35000
0 1014 0 1 123446 23 0 1000 7000 0 1 1 0 1000 50 35000
0 1014 0 1 123468 22 0 1000 7000 0 1 1 0 1000 50 35000
0 1008 0 1 123491 23 0 1000 7000 0 1 1 0 1000 50 35000
0 1014 0 1 123513 22 0 1000 7000 0 1 1 0 1000 50 35000
0 1013 0 1 123536 23 0 1000 7000 0 1 1 0 1000 50 35000
0 1009 0 1 123559 23 0 1000 7000 0 1 1 0 1000 50 35000
0 1015 0 1 123582 23 0 1000 7000 0 1 1 0 1000 50 35000
0 1008 0 1 123604 22 0 1000 7000 0 1 1 0 1000 50 35000
0 1012 0 1 123627 23 0 1000 7000 0 1 1 0 1000 50 35000
0 1016 0 1 123650 23 0 1000 7000 0 1 1 0 1000 50 35000
0 1012 0 1 123672 22 0 1000 7000 0 1 1 0 1000 50 35000
0 1013 0 1 123695 23 0 1000 7000 0 1 1 0 1000 50 35000
0 1017 0 1 123717 22 0 1000 7000 0 1 1 0 1000 50 35000
0 1012 0 1 123740 23 0 1000 7000 0 1 1 0 1000 50 35000
0 1017 0 1 123763 23 0 1000 7000 0 1 1 0 1000 50 35000
0 1013 0 1 123786 23 0 1000 7000 0 1 1 0 1000 50 35000
0 1003 0 1 123808 22 0 1000 7000 0 1 1 0 1000 50 35000
0 1014 0 1 123831 23 0 1000 7000 0 1 1 0 1000 50 35000
0 1013 0 1 123853 22 0 1000 7000 0 1 1 0 1000 50 35000
0 1010 0 1 123876 23 0 1000 7000 0 1 1 0 1000 50 35000
0 1014 0 1 123898 22 0 1000 7000 0 1 1 0 1000 50 35000
0 1012 0 1 123921 23 0 1000 7000 0 1 1 0 1000 50 35000
0 1015 0 1 123943 22 0 1000 7000 0 1 1 0 1000 50 35000
0 1016 0 1 123966 23 0 1000 7000 0 1 1 0 1000 50 35000
0 1012 0 1 123990 24 0 1000 7000 0 1 1 0 1000 50 35000
0 1013 0 1 124012 22 0 1000 7000 0 1 1 0 1000 50 35000
0 1017 0 1 124035 23 0 1000 7000 0 1 1 0 1000 50 35000
0 1012 0 1 124057 22 0 1000 7000 0 1 1 0 1000 50 35000
0 1015 0 1 124080 23 0 1000 7000 0 1 1 0 1000 50 35000
0 1013 0 1 124102 22 0 1000 7000 0 1 1 0 1000 50 35000
0 1010 0 1 124125 23 0 1000 7000 0 1 1 0 1000 50 35000
0 1014 0 1 124147 22 0 1000 7000 0 1 1 0 1000 50 35000
0 1012 0 1 124170 23 0 1000 7000 0 1 1 0 1000 50 35000
0 1009 0 1 124193 23 0 1000 7000 0 1 1 0 1000 50 35000
0 1013 0 1 124216 23 0 1000 7000 0 1 1 0 1000 50 35000
0 1012 0 1 124238 22 0 1000 7000 0 1 1 0 1000 50 35000
0 1012 0 1 124261 23 0 1000 7000 0 1 1 0 1000 50 35000
0 1015 0 1 124283 22 0 1000 7000 0 1 1 0 1000 50 35000
0 1012 0 1 124306 23 0 1000 7000 0 1 1 0 1000 50 35000
0 1013 0 1 124328 22 0 1000 7000 0 1 1 0 1000 50 35000
0 1015 0 1 124351 23 0 1000 7000 0 1 1 0 1000 50 35000
0 1011 0 1 124374 23 0 1000 7000 0 1 1 0 1000 50 35000
0 1015 0 1 124396 22 0 1000 7000 0 1 1 0 1000 50 35000
0 1020 0 1 124420 24 0 1000 7000 0 1 1 0 1000 50 35000
0 1009 0 1 124442 22 0 1000 7000 0 1 1 0 1000 50 35000
0 1014 0 1 124465 23 0 1000 7000 0 1 1 0 1000 50 35000
0 1013 0 1 124487 22 0 1000 7000 0 1 1 0 1000 50 35000
0 1012 0 1 124510 23 0 1000 7000 0 1 1 0 1000 50 35000
0 1015 0 1 124532 22 0 1000 7000 0 1 1 0 1000 50 35000
0 1012 0 1 124555 23 0 1000 7000 0 1 1 0 1000 50 35000
0 1012 0 1 124577 22 0 1000 7000 0 1 1 0 1000 50 35000
0 1017 0 1 124600 23 0 1000 7000 0 1 1 0 1000 50 35000
0 1012 0 1 124622 22 0 1000 7000 0 1 1 0 1000 50 35000
0 1018 0 1 124646 24 0 1000 7000 0 1 1 0 1000 50 35000
0 1014 0 1 124668 22 0 1000 7000 0 1 1 0 1000 50 35000
0 1011 0 1 124691 23 0 1000 7000 0 1 1 0 1000 50 35000
0 1014 0 1 124713 22 0 1000 7000 0 1 1 0 1000 50 35000
0 1013 0 1 124736 23 0 1000 7000 0 1 1 0 1000 50 35000
0 1008 0 1 124759 23 0 1000 7000 0 1 1 0 1000 50 35000
0 1014 0 1 124781 22 0 1000 7000 0 1 1 0 1000 50 35000
0 1012 0 1 124804 23 0 1000 7000 0 1 1 0 1000 50 35000
0 1011 0 1 124826 22 0 1000 7000 0 1 1 0 1000 50 35000
0 1013 0 1 124850 24 0 1000 7000 0 1 1 0 1000 50 35000
0 1012 0 1 124872 22 0 1000 7000 0 1 1 0 1000 50 35000
0 1013 0 1 124895 23 0 1000 7000 0 1 1 0 1000 50 35000
0 1018 0 1 124917 22 0 1000 7000 0 1 1 0 1000 50 35000
0 1014 0 1 124940 23 0 1000 7000 0 1 1 0 1000 50 35000
0 1013 0 1 124962 22 0 1000 7000 0 1 1 0 1000 50 35000
0 1014 0 1 124985 23 0 1000 7000 0 1 1 0 1000 50 35000
0 1012 0 1 125007 22 0 1000 7000 0 1 1 0 1000 50 35000
0 1014 0 1 125030 23 0 1000 7000 0 1 1 0 1000 50 35000
0 1014 0 1 125052 22 0 1000 7000 0 1 1 0 1000 50 35000
0 1008 0 1 125076 24 0 1000 7000 0 1 1 0 1000 50 35000
0 1013 0 1 125099 23 0 1000 7000 0 1 1 0 1000 50 35000
0 1012 0 1 125121 22 0 1000 7000 0 1 1 0 1000 50 35000
0 1013 0 1 125144 23 0 1000 7000 0 1 1 0 1000 50 35000
0 1015 0 1 125166 22 0 1000 7000 0 1 1 0 1000 50 35000
0 1012 0 1 125189 23 0 1000 7000 0 1 1 0 1000 50 35000
0 1017 0 1 125211 22 0 1000 7000 0 1 1 0 1000 50 35000
0 1019 0 1 125234 23 0 1000 7000 0 1 1 0 1000 50 35000
0 1010 0 1 125256 22 0 1000 7000 0 1 1 0 1000 50 35000
0 1013 0 1 125280 24 0 1000 7000 0 1 1 0 1000 50 35000
0 1015 0 1 125302 22 0 1000 7000 0 1 1 0 1000 50 35000
0 1005 0 1 125325 23 0 1000 7000 0 1 1 0 1000 50 35000
0 1011 0 1 125347 22 0 1000 7000 0 1 1 0 1000 50 35000
0 1012 0 1 125370 23 0 1000 7000 0 1 1 0 1000 50 35000
0 1008 0 1 125392 22 0 1000 7000 0 1 1 0 1000 50 35000
0 1014 0 1 125415 23 0 1000 7000 0 1 1 0 1000 50 35000
0 1013 0 1 125437 22 0 1000 7000 0 1 1 0 1000 50 35000
0 1012 0 1 125460 23 0 1000 7000 0 1 1 0 1000 50 35000
0 1022 0 1 125483 23 0 1000 7000 0 1 1 0 1000 50 35000
0 1012 0 1 125506 23 0 1000 7000 0 1 1 0 1000 50 35000
0 1012 0 1 125529 23 0 1000 7000 0 1 1 0 1000 50 35000
0 1019 0 1 125551 22 0 1000 7000 0 1 1 0 1000 50 35000
0 1013 0 1 125574 23 0 1000 7000 0 1 1 0 1000 50 35000
0 1014 0 1 125596 22 0 1000 7000 0 1 1 0 1000 50 35000
0 1015 0 1 125619 23 0 1000 7000 0 1 1 0 1000 50 35000
0 1005 0 1 125641 22 0 1000 7000 0 1 1 0 1000 50 35000
0 1013 0 1 125664 23 0 1000 7000 0 1 1 0 1000 50 35000
0 1013 0 1 125686 22 0 1000 7000 0 1 1 0 1000 50 35000
0 1010 0 1 125709 23 0 1000 7000 0 1 1 0 1000 50 35000
0 1014 0 1 125732 23 0 1000 7000 0 1 1 0 1000 50 35000
0 1012 0 1 125755 23 0 1000 7000 0 1 1 0 1000 50 35000
0 1012 0 1 125777 22 0 1000 7000 0 1 1 0 1000 50 35000
0 1019 0 1 125800 23 0 1000 7000 0 1 1 0 1000 50 35000
0 1013 0 1 125822 22 0 1000 7000 0 1 1 0 1000 50 35000
0 1013 0 1 125845 23 0 1000 7000 0 1 1 0 1000 50 35000
0 1018 0 1 125868 23 0 1000 7000 0 1 1 0 1000 50 35000
0 1012 0 1 125890 22 0 1000 7000 0 1 1 0 1000 50 35000
0 1014 0 1 125913 23 0 1000 7000 0 1 1 0 1000 50 35000
0 1015 0 1 125936 23 0 1000 7000 0 1 1 0 1000 50 35000
0 1008 0 1 125959 23 0 1000 7000 0 1 1 0 1000 50 35000
0 1014 0 1 125981 22 0 1000 7000 0 1 1 0 1000 50 35000
0 1013 0 1 126004 23 0 1000 7000 0 1 1 0 1000 50 35000
0 1008 0 1 126026 22 0 1000 7000 0 1 1 0 1000 50 35000
0 1014 0 1 126049 23 0 1000 7000 0 1 1 0 1000 50 35000
0 1012 0 1 126071 22 0 1000 7000 0 1 1 0 1000 50 35000
0 1013 0 1 126094 23 0 1000 7000 0 1 1 0 1000 50 35000
0 1015 0 1 126116 22 0 1000 7000 0 1 1 0 1000 50 35000
0 1012 0 1 126139 23 0 1000 7000 0 1 1 0 1000 50 35000
0 1013 0 1 126162 23 0 1000 7000 0 1 1 0 1000 50 35000
0 1017 0 1 126185 23 0 1000 7000 0 1 1 0 1000 50 35000
0 1012 0 1 126208 23 0 1000 7000 0 1 1 0 1000 50 35000
0 1015 0 1 126230 22 0 1000 7000 0 1 1 0 1000 50 35000
0 1014 0 1 126253 23 0 1000 7000 0 1 1 0 1000 50 35000
0 1010 0 1 126275 22 0 1000 7000 0 1 1 0 1000 50 35000
0 1014 0 1 126298 23 0 1000 7000 0 1 1 0 1000 50 35000
0 1013 0 1 126320 22 0 1000 7000 0 1 1 0 1000 50 35000
0 1010 0 1 126343 23 0 1000 7000 0 1 1 0 1000 50 35000
0 1013 0 1 126366 23 0 1000 7000 0 1 1 0 1000 50 35000
0 1012 0 1 126389 23 0 1000 7000 0 1 1 0 1000 50 35000
0 1012 0 1 126411 22 0 1000 7000 0 1 1 0 1000 50 35000
0 1016 0 1 126434 23 0 1000 7000 0 1 1 0 1000 50 35000
0 1012 0 1 126456 22 0 1000 7000 0 1 1 0 1000 50 35000
0 1013 0 1 126479 23 0 1000 7000 0 1 1 0 1000 50 35000
0 1016 0 1 126501 22 0 1000 7000 0 1 1 0 1000 50 35000
0 1013 0 1 126524 23 0 1000 7000 0 1 1 0 1000 50 35000
0 1015 0 1 126546 22 0 1000 7000 0 1 1 0 1000 50 35000
0 1006 0 1 126569 23 0 1000 7000 0 1 1 0 1000 50 35000
0 1010 0 1 126593 24 0 1000 7000 0 1 1 0 1000 50 35000
0 1015 0 1 126615 22 0 1000 7000 0 1 1 0 1000 50 35000
0 1013 0 1 126638 23 0 1000 7000 0 1 1 0 1000 50 35000
0 1009 0 1 126660 22 0 1000 7000 0 1 1 0 1000 50 35000
0 1014 0 1 126683 23 0 1000 7000 0 1 1 0 1000 50 35000
0 1012 0 1 126705 22 0 1000 7000 0 1 1 0 1000 50 35000
0 1013 0 1 126728 23 0 1000 7000 0 1 1 0 1000 50 35000
0 1014 0 1 126750 22 0 1000 7000 0 1 1 0 1000 50 35000
0 1012 0 1 126773 23 0 1000 7000 0 1 1 0 1000 50 35000
0 1015 0 1 126795 22 0 1000 7000 0 1 1 0 1000 50 35000
0 1016 0 1 126819 24 0 1000 7000 0 1 1 0 1000 50 35000
0 1012 0 1 126841 22 0 1000 7000 0 1 1 0 1000 50 35000
0 1015 0 1 126864 23 0 1000 7000 0 1 1 0 1000 50 35000
0 1014 0 1 126886 22 0 1000 7000 0 1 1 0 1000 50 35000
0 1010 0 1 126909 23 0 1000 7000 0 1 1 0 1000 50 35000
0 1015 0 1 126931 22 0 1000 7000 0 1 1 0 1000 50 35000
0 1010 0 1 126954 23 0 1000 7000 0 1 1 0 1000 50 35000
0 1012 0 1 126977 23 0 1000 7000 0 1 1 0 1000 50 35000
0 1014 0 1 126999 22 0 1000 7000 0 1 1 0 1000 50 35000
0 1013 0 1 127023 24 0 1000 7000 0 1 1 0 1000 50 35000
0 1015 0 1 127045 22 0 1000 7000 0 1 1 0 1000 50 35000
0 1017 0 1 127068 23 0 1000 7000 0 1 1 0 1000 50 35000
0 1012 0 1 127090 22 0 1000 7000 0 1 1 0 1000 50 35000
0 1014 0 1 127113 23 0 1000 7000 0 1 1 0 1000 50 35000
0 1014 0 1 127135 22 0 1000 7000 0 1 1 0 1000 50 35000
0 1011 0 1 127158 23 0 1000 7000 0 1 1 0 1000 50 35000
0 1015 0 1 127180 22 0 1000 7000 0 1 1 0 1000 50 35000
0 1013 0 1 127203 23 0 1000 7000 0 1 1 0 1000 50 35000
0 1010 0 1 127225 22 0 1000 7000 0 1 1 0 1000 50 35000
0 1014 0 1 127249 24 0 1000 7000 0 1 1 0 1000 50 35000
0 1014 0 1 127271 22 0 1000 7000 0 1 1 0 1000 50 35000
0 1012 0 1 127294 23 0 1000 7000 0 1 1 0 1000 50 35000
0 1015 0 1 127316 22 0 1000 7000 0 1 1 0 1000 50 35000
0 1012 0 1 127339 23 0 1000 7000 0 1 1 0 1000 50 35000
0 1013 0 1 127362 23 0 1000 7000 0 1 1 0 1000 50 35000
0 1018 0 1 127384 22 0 1000 7000 0 1 1 0 1000 50 35000
0 1012 0 1 127407 23 0 1000 7000 0 1 1 0 1000 50 35000
0 1013 0 1 127429 22 0 1000 7000 0 1 1 0 1000 50 35000
0 1015 0 1 127453 24 0 1000 7000 0 1 1 0 1000 50 35000
0 1011 0 1 127475 22 0 1000 7000 0 1 1 0 1000 50 35000
0 1013 0 1 127498 23 0 1000 7000 0 1 1 0 1000 50 35000
0 1011 0 1 127520 22 0 1000 7000 0 1 1 0 1000 50 35000
0 1008 0 1 127543 23 0 1000 7000 0 1 1 0 1000 50 35000
0 1017 0 1 127565 22 0 1000 7000 0 1 1 0 1000 50 35000
0 1013 0 1 127588 23 0 1000 7000 0 1 1 0 1000 50 35000
0 1014 0 1 127610 22 0 1000 7000 0 1 1 0 1000 50 35000
0 1015 0 1 127633 23 0 1000 7000 0 1 1 0 1000 50 35000
0 1013 0 1 127655 22 0 1000 7000 0 1 1 0 1000 50 35000
0 1013 0 1 127679 24 0 1000 7000 0 1 1 0 1000 50 35000
0 1019 0 1 127702 23 0 1000 7000 0 1 1 0 1000 50 35000
0 1012 0 1 127724 22 0 1000 7000 0 1 1 0 1000 50 35000
0 1014 0 1 127747 23 0 1000 7000 0 1 1 0 1000 50 35000
0 1014 0 1 127769 22 0 1000 7000 0 1 1 0 1000 50 35000
0 1010 0 1 127792 23 0 1000 7000 0 1 1 0 1000 50 35000
0 1014 0 1 127814 22 0 1000 7000 0 1 1 0 1000 50 35000
0 1013 0 1 127837 23 0 1000 7000 0 1 1 0 1000 50 35000
0 1008 0 1 127859 22 0 1000 7000 0 1 1 0 1000 50 35000
0 1014 0 1 127882 23 0 1000 7000 0 1 1 0 1000 50 35000
0 1013 0 1 127905 23 0 1000 7000 0 1 1 0 1000 50 35000
0 1014 0 1 127928 23 0 1000 7000 0 1 1 0 1000 50 35000
0 1020 0 1 127950 22 0 1000 7000 0 1 1 0 1000 50 35000
0 1010 0 1 127973 23 0 1000 7000 0 1 1 0 1000 50 35000
0 1013 0 1 127995 22 0 1000 7000 0 1 1 0 1000 50 35000
0 1018 0 1 128018 23 0 1000 7000 0 1 1 0 1000 50 35000
0 1013 0 1 128040 22 0 1000 7000 0 1 1 0 1000 50 35000
0 1013 0 1 128063 23 0 1000 7000 0 1 1 0 1000 50 35000
0 1013 0 1 128086 23 0 1000 7000 0 1 1 0 1000 50 35000
0 1006 0 1 128109 23 0 1000 7000 0 1 1 0 1000 50 35000
0 1014 0 1 128132 23 0 1000 7000 0 1 1 0 1000 50 35000
0 1013 0 1 128154 22 0 1000 7000 0 1 1 0 1000 50 35000
0 1012 0 1 128177 23 0 1000 7000 0 1 1 0 1000 50 35000
0 1014 0 1 128199 22 0 1000 7000 0 1 1 0 1000 50 35000
0 1013 0 1 128222 23 0 1000 7000 0 1 1 0 1000 50 35000
0 1012 0 1 128244 22 0 1000 7000 0 1 1 0 1000 50 35000
0 1023 0 1 128267 23 0 1000 7000 0 1 1 0 1000 50 35000
0 1012 0 1 128289 22 0 1000 7000 0 1 1 0 1000 50 35000
0 1019 0 1 128312 23 0 1000 7000 0 1 1 0 1000 50 35000
0 1020 0 1 128335 23 0 1000 7000 0 1 1 0 1000 50 35000
0 1013 0 1 128358 23 0 1000 7000 0 1 1 0 1000 50 35000
0 1013 0 1 128380 22 0 1000 7000 0 1 1 0 1000 50 35000
0 1015 0 1 128403 23 0 1000 7000 0 1 1 0 1000 50 35000
0 1003 0 1 128425 22 0 1000 7000 0 1 1 0 1000 50 35000
0 1014 0 1 128448 23 0 1000 7000 0 1 1 0 1000 50 35000
0 1013 0 1 128471 23 0 1000 7000 0 1 1 0 1000 50 35000
0 1007 0 1 128493 22 0 1000 7000 0 1 1 0 1000 50 35000
0 1016 0 1 128516 23 0 1000 7000 0 1 1 0 1000 50 35000
0 1013 0 1 128538 22 0 1000 7000 0 1 1 0 1000 50 35000
0 1013 0 1 128562 24 0 1000 7000 0 1 1 0 1000 50 35000
0 1020 0 1 128584 22 0 1000 7000 0 1 1 0 1000 50 35000
0 1012 0 1 128607 23 0 1000 7000 0 1 1 0 1000 50 35000
0 1014 0 1 128629 22 0 1000 7000 0 1 1 0 1000 50 35000
0 1013 0 1 128652 23 0 1000 7000 0 1 1 0 1000 50 35000
0 1012 0 1 128674 22 0 1000 7000 0 1 1 0 1000 50 35000
0 1014 0 1 128697 23 0 1000 7000 0 1 1 0 1000 50 35000
0 1014 0 1 128719 22 0 1000 7000 0 1 1 0 1000 50 35000
0 1009 0 1 128742 23 0 1000 7000 0 1 1 0 1000 50 35000
0 1015 0 1 128764 22 0 1000 7000 0 1 1 0 1000 50 35000
0 1014 0 1 128788 24 0 1000 7000 0 1 1 0 1000 50 35000
0 1008 0 1 128811 23 0 1000 7000 0 1 1 0 1000 50 35000
0 1015 0 1 128833 22 0 1000 7000 0 1 1 0 1000 50 35000
0 1013 0 1 128856 23 0 1000 7000 0 1 1 0 1000 50 35000
0 1011 0 1 128878 22 0 1000 7000 0 1 1 0 1000 50 35000
0 1019 0 1 128901 23 0 1000 7000 0 1 1 0 1000 50 35000
0 1012 0 1 128923 22 0 1000 7000 0 1 1 0 1000 50 35000
0 1013 0 1 128946 23 0 1000 7000 0 1 1 0 1000 50 35000
0 1018 0 1 128968 22 0 1000 7000 0 1 1 0 1000 50 35000
0 1012 0 1 128991 23 0 1000 7000 0 1 1 0 1000 50 35000
0 1015 0 1 129014 23 0 1000 7000 0 1 1 0 1000 50 35000
0 1014 0 1 129037 23 0 1000 7000 0 1 1 0 1000 50 35000
0 1009 0 1 129059 22 0 1000 7000 0 1 1 0 1000 50 35000
0 1014 0 1 129082 23 0 1000 7000 0 1 1 0 1000 50 35000
0 1013 0 1 129104 22 0 1000 7000 0 1 1 0 1000 50 35000
0 1011 0 1 129127 23 0 1000 7000 0 1 1 0 1000 50 35000
0 1015 0 1 129149 22 0 1000 7000 0 1 1 0 1000 50 35000
0 1013 0 1 129172 23 0 1000 7000 0 1 1 0 1000 50 35000
0 1012 0 1 129195 23 0 1000 7000 0 1 1 0 1000 50 35000
0 1017 0 1 129217 22 0 1000 7000 0 1 1 0 1000 50 35000
0 1013 0 1 129241 24 0 1000 7000 0 1 1 0 1000 50 35000
0 1014 0 1 129263 22 0 1000 7000 0 1 1 0 1000 50 35000
0 1016 0 1 129286 23 0 1000 7000 0 1 1 0 1000 50 35000
0 1012 0 1 129308 22 0 1000 7000 0 1 1 0 1000 50 35000
0 1016 0 1 129331 23 0 1000 7000 0 1 1 0 1000 50 35000
0 1021 0 1 129353 22 0 1000 7000 0 1 1 0 1000 50 35000
0 1011 0 1 129376 23 0 1000 7000 0 1 1 0 1000 50 35000
0 1014 0 1 129398 22 0 1000 7000 0 1 1 0 1000 50 35000
0 1013 0 1 129421 23 0 1000 7000 0 1 1 0 1000 50 35000
0 1010 0 1 129443 22 0 1000 7000 0 1 1 0 1000 50 35000
0 1011 0 1 129467 24 0 1000 7000 0 1 1 0 1000 50 35000
0 1012 0 1 129489 22 0 1000 7000 0 1 1 0 1000 50 35000
0 1013 0 1 129512 23 0 1000 7000 0 1 1 0 1000 50 35000
0 1016 0 1 129534 22 0 1000 7000 0 1 1 0 1000 50 35000
0 1010 0 1 129557 23 0 1000 7000 0 1 1 0 1000 50 35000
0 1014 0 1 129580 23 0 1000 7000 0 1 1 0 1000 50 35000
0 1014 0 1 129602 22 0 1000 7000 0 1 1 0 1000 50 35000
0 1012 0 1 129625 23 0 1000 7000 0 1 1 0 1000 50 35000
0 1015 0 1 129647 22 0 1000 7000 0 1 1 0 1000 50 35000
0 1014 0 1 129671 24 0 1000 7000 0 1 1 0 1000 50 35000
0 1010 0 1 129693 22 0 1000 7000 0 1 1 0 1000 50 35000
0 1015 0 1 129716 23 0 1000 7000 0 1 1 0 1000 50 35000
0 1013 0 1 129738 22 0 1000 7000 0 1 1 0 1000 50 35000
0 1009 0 1 129761 23 0 1000 7000 0 1 1 0 1000 50 35000
0 1015 0 1 129783 22 0 1000 7000 0 1 1 0 1000 50 35000
0 1012 0 1 129806 23 0 1000 7000 0 1 1 0 1000 50 35000
0 1013 0 1 129828 22 0 1000 7000 0 1 1 0 1000 50 35000
0 1022 0 1 129851 23 0 1000 7000 0 1 1 0 1000 50 35000
0 1012 0 1 129873 22 0 1000 7000 0 1 1 0 1000 50 35000
0 1012 0 1 129897 24 0 1000 7000 0 1 1 0 1000 50 35000
0 1017 0 1 129920 23 0 1000 7000 0 1 1 0 1000 50 35000
0 1011 0 1 129942 22 0 1000 7000 0 1 1 0 1000 50 35000
0 1015 0 1 129965 23 0 1000 7000 0 1 1 0 1000 50 35000
0 1014 0 1 129987 22 0 1000 7000 0 1 1 0 1000 50 35000
0 1010 0 1 130010 23 0 1000 7000 0 1 1 0 1000 50 35000
0 1012 0 1 130032 22 0 1000 7000 0 1 1 0 1000 50 35000
0 1013 0 1 130055 23 0 1000 7000 0 1 1 0 1000 50 35000
0 1008 0 1 130077 22 0 1000 7000 0 1 1 0 1000 50 35000
0 1015 0 1 130100 23 0 1000 7000 0 1 1 0 1000 50 35000
0 1012 0 1 130123 23 0 1000 7000 0 1 1 0 1000 50 35000
0 1014 0 1 130146 23 0 1000 7000 0 1 1 0 1000 50 35000
0 1018 0 1 130168 22 0 1000 7000 0 1 1 0 1000 50 35000
0 1014 0 1 130191 23 0 1000 7000 0 1 1 0 1000 50 35000
0 1014 0 1 130213 22 0 1000 7000 0 1 1 0 1000 50 35000
0 1015 0 1 130236 23 0 1000 7000 0 1 1 0 1000 50 35000
0 1012 0 1 130258 22 0 1000 7000 0 1 1 0 1000 50 35000
0 1015 0 1 130281 23 0 1000 7000 0 1 1 0 1000 50 35000
0 1014 0 1 130304 23 0 1000 7000 0 1 1 0 1000 50 35000
0 1009 0 1 130327 23 0 1000 7000 0 1 1 0 1000 50 35000
0 1014 0 1 130350 23 0 1000 7000 0 1 1 0 1000 50 35000
0 1012 0 1 130372 22 0 1000 7000 0 1 1 0 1000 50 35000
0 1013 0 1 130395 23 0 1000 7000 0 1 1 0 1000 50 35000
0 1014 0 1 130417 22 0 1000 7000 0 1 1 0 1000 50 35000
0 1012 0 1 130440 23 0 1000 7000 0 1 1 0 1000 50 35000
0 1013 0 1 130462 22 0 1000 7000 0 1 1 0 1000 50 35000
0 1017 0 1 130485 23 0 1000 7000 0 1 1 0 1000 50 35000
0 1012 0 1 130507 22 0 1000 7000 0 1 1 0 1000 50 35000
0 1014 0 1 130530 23 0 1000 7000 0 1 1 0 1000 50 35000
0 1015 0 1 130553 23 0 1000 7000 0 1 1 0 1000 50 35000
0 1011 0 1 130576 23 0 1000 7000 0 1 1 0 1000 50 35000
0 1012 0 1 130598 22 0 1000 7000 0 1 1 0 1000 50 35000
0 1013 0 1 130621 23 0 1000 7000 0 1 1 0 1000 50 35000
0 1007 0 1 130643 22 0 1000 7000 0 1 1 0 1000 50 35000
0 1014 0 1 130666 23 0 1000 7000 0 1 1 0 1000 50 35000
0 1014 0 1 130689 23 0 1000 7000 0 1 1 0 1000 50 35000
0 1013 0 1 130711 22 0 1000 7000 0 1 1 0 1000 50 35000
0 1016 0 1 130734 23 0 1000 7000 0 1 1 0 1000 50 35000
0 1013 0 1 130757 23 0 1000 7000 0 1 1 0 1000 50 35000
0 1015 0 1 130780 23 0 1000 7000 0 1 1 0 1000 50 35000
0 1015 0 1 130802 22 0 1000 7000 0 1 1 0 1000 50 35000
0 1012 0 1 130825 23 0 1000 7000 0 1 1 0 1000 50 35000
0 1014 0 1 130847 22 0 1000 7000 0 1 1 0 1000 50 35000
0 1015 0 1 130870 23 0 1000 7000 0 1 1 0 1000 50 35000
0 1010 0 1 130892 22 0 1000 7000 0 1 1 0 1000 50 35000
0 1014 0 1 130915 23 0 1000 7000 0 1 1 0 1000 50 35000
0 1009 0 1 130937 22 0 1000 7000 0 1 1 0 1000 50 35000
0 1009 0 1 130960 23 0 1000 7000 0 1 1 0 1000 50 35000
0 1014 0 1 130983 23 0 1000 7000 0 1 1 0 1000 50 35000
0 1014 0 1 131006 23 0 1000 7000 0 1 1 0 1000 50 35000
0 1012 0 1 131028 22 0 1000 7000 0 1 1 0 1000 50 35000
0 1021 0 1 131051 23 0 1000 7000 0 1 1 0 1000 50 35000
0 1013 0 1 131074 23 0 1000 7000 0 1 1 0 1000 50 35000
0 1014 0 1 131096 22 0 1000 7000 0 1 1 0 1000 50 35000
0 1019 0 1 131119 23 0 1000 7000 0 1 1 0 1000 50 35000
0 1012 0 1 131141 22 0 1000 7000 0 1 1 0 1000 50 35000
0 1014 0 1 131164 23 0 1000 7000 0 1 1 0 1000 50 35000
0 1016 0 1 131186 22 0 1000 7000 0 1 1 0 1000 50 35000
0 1006 0 1 131210 24 0 1000 7000 0 1 1 0 1000 50 35000
0 1014 0 1 131232 22 0 1000 7000 0 1 1 0 1000 50 35000
0 1013 0 1 131255 23 0 1000 7000 0 1 1 0 1000 50 35000
0 1009 0 1 131277 22 0 1000 7000 0 1 1 0 1000 50 35000
0 1015 0 1 131300 23 0 1000 7000 0 1 1 0 1000 50 35000
0 1013 0 1 131322 22 0 1000 7000 0 1 1 0 1000 50 35000
0 1013 0 1 131345 23 0 1000 7000 0 1 1 0 1000 50 35000
0 1020 0 1 131367 22 0 1000 7000 0 1 1 0 1000 50 35000
0 1013 0 1 131390 23 0 1000 7000 0 1 1 0 1000 50 35000
0 1015 0 1 131414 24 0 1000 7000 0 1 1 0 1000 50 35000
0 1019 0 1 131436 22 0 1000 7000 0 1 1 0 1000 50 35000
0 1012 0 1 131459 23 0 1000 7000 0 1 1 0 1000 50 35000
0 1014 0 1 131481 22 0 1000 7000 0 1 1 0 1000 50 35000
0 1011 0 1 131504 23 0 1000 7000 0 1 1 0 1000 50 35000
0 1008 0 1 131526 22 0 1000 7000 0 1 1 0 1000 50 35000
0 1014 0 1 131549 23 0 1000 7000 0 1 1 0 1000 50 35000
0 1018 0 1 131571 22 0 1000 7000 0 1 1 0 1000 50 35000
0 1009 0 1 131594 23 0 1000 7000 0 1 1 0 1000 50 35000
0 1015 0 1 131616 22 0 1000 7000 0 1 1 0 1000 50 35000
0 1013 0 1 131640 24 0 1000 7000 0 1 1 0 1000 50 35000
0 1013 0 1 131662 22 0 1000 7000 0 1 1 0 1000 50 35000
0 1018 0 1 131685 23 0 1000 7000 0 1 1 0 1000 50 35000
0 1013 0 1 131707 22 0 1000 7000 0 1 1 0 1000 50 35000
0 1013 0 1 131730 23 0 1000 7000 0 1 1 0 1000 50 35000
0 1018 0 1 131752 22 0 1000 7000 0 1 1 0 1000 50 35000
0 1012 0 1 131775 23 0 1000 7000 0 1 1 0 1000 50 35000
0 1015 0 1 131798 23 0 1000 7000 0 1 1 0 1000 50 35000
0 1013 0 1 131820 22 0 1000 7000 0 1 1 0 1000 50 35000
0 1010 0 1 131844 24 0 1000 7000 0 1 1 0 1000 50 35000
0 1015 0 1 131866 22 0 1000 7000 0 1 1 0 1000 50 35000
0 1012 0 1 131889 23 0 1000 7000 0 1 1 0 1000 50 35000
0 1010 0 1 131911 22 0 1000 7000 0 1 1 0 1000 50 35000
0 1014 0 1 131934 23 0 1000 7000 0 1 1 0 1000 50 35000
0 1012 0 1 131956 22 0 1000 7000 0 1 1 0 1000 50 35000
0 1013 0 1 131979 23 0 1000 7000 0 1 1 0 1000 50 35000
0 1017 0 1 132001 22 0 1000 7000 0 1 1 0 1000 50 35000
0 1016 0 1 132024 23 0 1000 7000 0 1 1 0 1000 50 35000
0 1015 0 1 132046 22 0 1000 7000 0 1 1 0 1000 50 35000
0 1019 0 1 132070 24 0 1000 7000 0 1 1 0 1000 50 35000
0 1011 0 1 132092 22 0 1000 7000 0 1 1 0 1000 50 35000
0 1018 0 1 132115 23 0 1000 7000 0 1 1 0 1000 50 35000
0 1017 0 1 132137 22 0 1000 7000 0 1 1 0 1000 50 35000
0 1011 0 1 132160 23 0 1000 7000 0 1 1 0 1000 50 35000
0 1014 0 1 132183 23 0 1000 7000 0 1 1 0 1000 50 35000
0 1012 0 1 132205 22 0 1000 7000 0 1 1 0 1000 50 35000
0 1010 0 1 132228 23 0 1000 7000 0 1 1 0 1000 50 35000
0 1015 0 1 132250 22 0 1000 7000 0 1 1 0 1000 50 35000
0 1014 0 1 132273 23 0 1000 7000 0 1 1 0 1000 50 35000
0 1013 0 1 132296 23 0 1000 7000 0 1 1 0 1000 50 35000
0 1017 0 1 132319 23 0 1000 7000 0 1 1 0 1000 50 35000
0 1012 0 1 132341 22 0 1000 7000 0 1 1 0 1000 50 35000
0 1014 0 1 132364 23 0 1000 7000 0 1 1 0 1000 50 35000
0 1016 0 1 132386 22 0 1000 7000 0 1 1 0 1000 50 35000
0 1012 0 1 132409 23 0 1000 7000 0 1 1 0 1000 50 35000
0 1014 0 1 132431 22 0 1000 7000 0 1 1 0 1000 50 35000
0 1014 0 1 132454 23 0 1000 7000 0 1 1 0 1000 50 35000
0 1010 0 1 132476 22 0 1000 7000 0 1 1 0 1000 50 35000
0 1016 0 1 132500 24 0 1000 7000 0 1 1 0 1000 50 35000
0 1013 0 1 132523 23 0 1000 7000 0 1 1 0 1000 50 35000
0 1011 0 1 132545 22 0 1000 7000 0 1 1 0 1000 50 35000
0 1015 0 1 132568 23 0 1000 7000 0 1 1 0 1000 50 35000
0 1012 0 1 132590 22 0 1000 7000 0 1 1 0 1000 50 35000
0 1014 0 1 132613 23 0 1000 7000 0 1 1 0 1000 50 35000
0 1017 0 1 132635 22 0 1000 7000 0 1 1 0 1000 50 35000
0 1012 0 1 132658 23 0 1000 7000 0 1 1 0 1000 50 35000
0 1015 0 1 132680 22 0 1000 7000 0 1 1 0 1000 50 35000
0 1019 0 1 132703 23 0 1000 7000 0 1 1 0 1000 50 35000
0 1011 0 1 132726 23 0 1000 7000 0 1 1 0 1000 50 35000
0 1016 0 1 132749 23 0 1000 7000 0 1 1 0 1000 50 35000
0 1015 0 1 132771 22 0 1000 7000 0 1 1 0 1000 50 35000
0 1012 0 1 132794 23 0 1000 7000 0 1 1 0 1000 50 35000
0 1015 0 1 132816 22 0 1000 7000 0 1 1 0 1000 50 35000
0 1010 0 1 132839 23 0 1000 7000 0 1 1 0 1000 50 35000
0 1012 0 1 132861 22 0 1000 7000 0 1 1 0 1000 50 35000
0 1016 0 1 132884 23 0 1000 7000 0 1 1 0 1000 50 35000
0 1013 0 1 132907 23 0 1000 7000 0 1 1 0 1000 50 35000
0 1013 0 1 132930 23 0 1000 7000 0 1 1 0 1000 50 35000
0 1017 0 1 132953 23 0 1000 7000 0 1 1 0 1000 50 35000
0 1013 0 1 132975 22 0 1000 7000 0 1 1 0 1000 50 35000
0 1014 0 1 132998 23 0 1000 7000 0 1 1 0 1000 50 35000
0 1015 0 1 133020 22 0 1000 7000 0 1 1 0 1000 50 35000
0 1011 0 1 133043 23 0 1000 7000 0 1 1 0 1000 50 35000
0 1015 0 1 133065 22 0 1000 7000 0 1 1 0 1000 50 35000
0 1015 0 1 133088 23 0 1000 7000 0 1 1 0 1000 50 35000
0 1009 0 1 133110 22 0 1000 7000 0 1 1 0 1000 50 35000
0 1016 0 1 133133 23 0 1000 7000 0 1 1 0 1000 50 35000
0 1013 0 1 133156 23 0 1000 7000 0 1 1 0 1000 50 35000
0 1013 0 1 133179 23 0 1000 7000 0 1 1 0 1000 50 35000
0 1017 0 1 133201 22 0 1000 7000 0 1 1 0 1000 50 35000
0 1012 0 1 133224 23 0 1000 7000 0 1 1 0 1000 50 35000
0 1014 0 1 133246 22 0 1000 7000 0 1 1 0 1000 50 35000
0 1020 0 1 133269 23 0 1000 7000 0 1 1 0 1000 50 35000
0 1013 0 1 133292 23 0 1000 7000 0 1 1 0 1000 50 35000
0 1014 0 1 133314 22 0 1000 7000 0 1 1 0 1000 50 35000
0 1014 0 1 133337 23 0 1000 7000 0 1 1 0 1000 50 35000
0 1006 0 1 133359 22 0 1000 7000 0 1 1 0 1000 50 35000
0 1015 0 1 133383 24 0 1000 7000 0 1 1 0 1000 50 35000
0 1014 0 1 133405 22 0 1000 7000 0 1 1 0 1000 50 35000
0 1009 0 1 133428 23 0 1000 7000 0 1 1 0 1000 50 35000
0 1015 0 1 133450 22 0 1000 7000 0 1 1 0 1000 50 35000
0 1013 0 1 133473 23 0 1000 7000 0 1 1 0 1000 50 35000
0 1013 0 1 133495 22 0 1000 7000 0 1 1 0 1000 50 35000
0 1021 0 1 133518 23 0 1000 7000 0 1 1 0 1000 50 35000
0 1017 0 1 133540 22 0 1000 7000 0 1 1 0 1000 50 35000
0 1014 0 1 133563 23 0 1000 7000 0 1 1 0 1000 50 35000
0 1019 0 1 133586 23 0 1000 7000 0 1 1 0 1000 50 35000
0 1013 0 1 133609 23 0 1000 7000 0 1 1 0 1000 50 35000
0 1012 0 1 133632 23 0 1000 7000 0 1 1 0 1000 50 35000
0 1015 0 1 133654 22 0 1000 7000 0 1 1 0 1000 50 35000
0 1011 0 1 133677 23 0 1000 7000 0 1 1 0 1000 50 35000
0 1014 0 1 133699 22 0 1000 7000 0 1 1 0 1000 50 35000
0 1013 0 1 133722 23 0 1000 7000 0 1 1 0 1000 50 35000
0 1009 0 1 133744 22 0 1000 7000 0 1 1 0 1000 50 35000
0 1015 0 1 133767 23 0 1000 7000 0 1 1 0 1000 50 35000
0 1013 0 1 133789 22 0 1000 7000 0 1 1 0 1000 50 35000
0 1012 0 1 133813 24 0 1000 7000 0 1 1 0 1000 50 35000
0 1020 0 1 133835 22 0 1000 7000 0 1 1 0 1000 50 35000
0 1013 0 1 133858 23 0 1000 7000 0 1 1 0 1000 50 35000
0 1014 0 1 133880 22 0 1000 7000 0 1 1 0 1000 50 35000
0 1019 0 1 133903 23 0 1000 7000 0 1 1 0 1000 50 35000
0 1012 0 1 133925 22 0 1000 7000 0 1 1 0 1000 50 35000
0 1014 0 1 133948 23 0 1000 7000 0 1 1 0 1000 50 35000
0 1015 0 1 133970 22 0 1000 7000 0 1 1 0 1000 50 35000
0 1008 0 1 133993 23 0 1000 7000 0 1 1 0 1000 50 35000
0 1015 0 1 134017 24 0 1000 7000 0 1 1 0 1000 50 35000
0 1012 0 1 134039 22 0 1000 7000 0 1 1 0 1000 50 35000
0 1010 0 1 134062 23 0 1000 7000 0 1 1 0 1000 50 35000
0 1015 0 1 134084 22 0 1000 7000 0 1 1 0 1000 50 35000
0 1011 0 1 134107 23 0 1000 7000 0 1 1 0 1000 50 35000
0 1014 0 1 134129 22 0 1000 7000 0 1 1 0 1000 50 35000
0 1015 0 1 134152 23 0 1000 7000 0 1 1 0 1000 50 35000
0 1016 0 1 134174 22 0 1000 7000 0 1 1 0 1000 50 35000
0 1014 0 1 134197 23 0 1000 7000 0 1 1 0 1000 50 35000
0 1017 0 1 134219 22 0 1000 7000 0 1 1 0 1000 50 35000
0 1013 0 1 134243 24 0 1000 7000 0 1 1 0 1000 50 35000
0 1015 0 1 134265 22 0 1000 7000 0 1 1 0 1000 50 35000
0 1015 0 1 134288 23 0 1000 7000 0 1 1 0 1000 50 35000
0 1010 0 1 134310 22 0 1000 7000 0 1 1 0 1000 50 35000
0 1015 0 1 134333 23 0 1000 7000 0 1 1 0 1000 50 35000
0 1014 0 1 134355 22 0 1000 7000 0 1 1 0 1000 50 35000
0 1010 0 1 134378 23 0 1000 7000 0 1 1 0 1000 50 35000
0 1015 0 1 134401 23 0 1000 7000 0 1 1 0 1000 50 35000
0 1012 0 1 134423 22 0 1000 7000 0 1 1 0 1000 50 35000
0 1014 0 1 134446 23 0 1000 7000 0 1 1 0 1000 50 35000
0 1015 0 1 134469 23 0 1000 7000 0 1 1 0 1000 50 35000
0 1012 0 1 134492 23 0 1000 7000 0 1 1 0 1000 50 35000
0 1014 0 1 134514 22 0 1000 7000 0 1 1 0 1000 50 35000
0 1014 0 1 134537 23 0 1000 7000 0 1 1 0 1000 50 35000
0 1012 0 1 134559 22 0 1000 7000 0 1 1 0 1000 50 35000
0 1015 0 1 134582 23 0 1000 7000 0 1 1 0 1000 50 35000
0 1014 0 1 134604 22 0 1000 7000 0 1 1 0 1000 50 35000
0 1011 0 1 134627 23 0 1000 7000 0 1 1 0 1000 50 35000
0 1016 0 1 134649 22 0 1000 7000 0 1 1 0 1000 50 35000
0 1013 0 1 134673 24 0 1000 7000 0 1 1 0 1000 50 35000
0 1014 0 1 134695 22 0 1000 7000 0 1 1 0 1000 50 35000
0 1015 0 1 134718 23 0 1000 7000 0 1 1 0 1000 50 35000
0 1014 0 1 134740 22 0 1000 7000 0 1 1 0 1000 50 35000
0 1013 0 1 134763 23 0 1000 7000 0 1 1 0 1000 50 35000
0 1017 0 1 134786 23 0 1000 7000 0 1 1 0 1000 50 35000
0 1012 0 1 134808 22 0 1000 7000 0 1 1 0 1000 50 35000
0 1014 0 1 134831 23 0 1000 7000 0 1 1 0 1000 50 35000
0 1015 0 1 134853 22 0 1000 7000 0 1 1 0 1000 50 35000
0 1014 0 1 134876 23 0 1000 7000 0 1 1 0 1000 50 35000
0 1015 0 1 134899 23 0 1000 7000 0 1 1 0 1000 50 35000
0 1013 0 1 134922 23 0 1000 7000 0 1 1 0 1000 50 35000
0 1010 0 1 134944 22 0 1000 7000 0 1 1 0 1000 50 35000
0 1015 0 1 134967 23 0 1000 7000 0 1 1 0 1000 50 35000
0 1013 0 1 134989 22 0 1000 7000 0 1 1 0 1000 50 35000
0 1011 0 1 135012 23 0 1000 7000 0 1 1 0 1000 50 35000
0 1016 0 1 135034 22 0 1000 7000 0 1 1 0 1000 50 35000
0 1013 0 1 135057 23 0 1000 7000 0 1 1 0 1000 50 35000
0 1014 0 1 135079 22 0 1000 7000 0 1 1 0 1000 50 35000
0 1019 0 1 135103 24 0 1000 7000 0 1 1 0 1000 50 35000
0 1013 0 1 135126 23 0 1000 7000 0 1 1 0 1000 50 35000
0 1014 0 1 135148 22 0 1000 7000 0 1 1 0 1000 50 35000
0 1014 0 1 135171 23 0 1000 7000 0 1 1 0 1000 50 35000
0 1011 0 1 135193 22 0 1000 7000 0 1 1 0 1000 50 35000
0 1015 0 1 135216 23 0 1000 7000 0 1 1 0 1000 50 35000
0 1014 0 1 135238 22 0 1000 7000 0 1 1 0 1000 50 35000
0 1009 0 1 135261 23 0 1000 7000 0 1 1 0 1000 50 35000
0 1015 0 1 135283 22 0 1000 7000 0 1 1 0 1000 50 35000
0 1014 0 1 135306 23 0 1000 7000 0 1 1 0 1000 50 35000
0 1013 0 1 135329 23 0 1000 7000 0 1 1 0 1000 50 35000
0 1016 0 1 135352 23 0 1000 7000 0 1 1 0 1000 50 35000
0 1013 0 1 135374 22 0 1000 7000 0 1 1 0 1000 50 35000
0 1014 0 1 135397 23 0 1000 7000 0 1 1 0 1000 50 35000
0 1019 0 1 135419 22 0 1000 7000 0 1 1 0 1000 50 35000
0 1012 0 1 135442 23 0 1000 7000 0 1 1 0 1000 50 35000
0 1014 0 1 135464 22 0 1000 7000 0 1 1 0 1000 50 35000
0 1015 0 1 135487 23 0 1000 7000 0 1 1 0 1000 50 35000
0 1010 0 1 135510 23 0 1000 7000 0 1 1 0 1000 50 35000
0 1015 0 1 135532 22 0 1000 7000 0 1 1 0 1000 50 35000
0 1020 0 1 135556 24 0 1000 7000 0 1 1 0 1000 50 35000
0 1008 0 1 135578 22 0 1000 7000 0 1 1 0 1000 50 35000
0 1013 0 1 135601 23 0 1000 7000 0 1 1 0 1000 50 35000
0 1015 0 1 135623 22 0 1000 7000 0 1 1 0 1000 50 35000
0 1013 0 1 135646 23 0 1000 7000 0 1 1 0 1000 50 35000
0 1021 0 1 135668 22 0 1000 7000 0 1 1 0 1000 50 35000
0 1013 0 1 135691 23 0 1000 7000 0 1 1 0 1000 50 35000
0 1013 0 1 135713 22 0 1000 7000 0 1 1 0 1000 50 35000
0 1019 0 1 135736 23 0 1000 7000 0 1 1 0 1000 50 35000
0 1013 0 1 135759 23 0 1000 7000 0 1 1 0 1000 50 35000
0 1014 0 1 135782 23 0 1000 7000 0 1 1 0 1000 50 35000
0 1015 0 1 135804 22 0 1000 7000 0 1 1 0 1000 50 35000
0 1004 0 1 135827 23 0 1000 7000 0 1 1 0 1000 50 35000
0 1015 0 1 135849 22 0 1000 7000 0 1 1 0 1000 50 35000
0 1011 0 1 135872 23 0 1000 7000 0 1 1 0 1000 50 35000
0 1009 0 1 135895 23 0 1000 7000 0 1 1 0 1000 50 35000
0 1015 0 1 135917 22 0 1000 7000 0 1 1 0 1000 50 35000
0 1013 0 1 135940 23 0 1000 7000 0 1 1 0 1000 50 35000
0 1010 0 1 135962 22 0 1000 7000 0 1 1 0 1000 50 35000
0 1019 0 1 135986 24 0 1000 7000 0 1 1 0 1000 50 35000
0 1012 0 1 136008 22 0 1000 7000 0 1 1 0 1000 50 35000
0 1016 0 1 136031 23 0 1000 7000 0 1 1 0 1000 50 35000
0 1018 0 1 136053 22 0 1000 7000 0 1 1 0 1000 50 35000
0 1013 0 1 136076 23 0 1000 7000 0 1 1 0 1000 50 35000
0 1013 0 1 136098 22 0 1000 7000 0 1 1 0 1000 50 35000
0 1014 0 1 136121 23 0 1000 7000 0 1 1 0 1000 50 35000
0 1007 0 1 136143 22 0 1000 7000 0 1 1 0 1000 50 35000
0 1015 0 1 136166 23 0 1000 7000 0 1 1 0 1000 50 35000
0 1014 0 1 136189 23 0 1000 7000 0 1 1 0 1000 50 35000
0 1010 0 1 136212 23 0 1000 7000 0 1 1 0 1000 50 35000
0 1015 0 1 136235 23 0 1000 7000 0 1 1 0 1000 50 35000
0 1011 0 1 136257 22 0 1000 7000 0 1 1 0 1000 50 35000
0 1014 0 1 136280 23 0 1000 7000 0 1 1 0 1000 50 35000
0 1018 0 1 136302 22 0 1000 7000 0 1 1 0 1000 50 35000
0 1013 0 1 136325 23 0 1000 7000 0 1 1 0 1000 50 35000
0 1014 0 1 136347 22 0 1000 7000 0 1 1 0 1000 50 35000
0 1017 0 1 136370 23 0 1000 7000 0 1 1 0 1000 50 35000
0 1013 0 1 136392 22 0 1000 7000 0 1 1 0 1000 50 35000
0 1015 0 1 136416 24 0 1000 7000 0 1 1 0 1000 50 35000
0 1015 0 1 136438 22 0 1000 7000 0 1 1 0 1000 50 35000
0 1015 0 1 136461 23 0 1000 7000 0 1 1 0 1000 50 35000
0 1015 0 1 136483 22 0 1000 7000 0 1 1 0 1000 50 35000
0 1014 0 1 136506 23 0 1000 7000 0 1 1 0 1000 50 35000
0 1006 0 1 136528 22 0 1000 7000 0 1 1 0 1000 50 35000
0 1015 0 1 136551 23 0 1000 7000 0 1 1 0 1000 50 35000
0 1012 0 1 136573 22 0 1000 7000 0 1 1 0 1000 50 35000
0 1013 0 1 136596 23 0 1000 7000 0 1 1 0 1000 50 35000
0 1016 0 1 136620 24 0 1000 7000 0 1 1 0 1000 50 35000
0 1013 0 1 136642 22 0 1000 7000 0 1 1 0 1000 50 35000
0 1023 0 1 136665 23 0 1000 7000 0 1 1 0 1000 50 35000
0 1018 0 1 136687 22 0 1000 7000 0 1 1 0 1000 50 35000
0 1013 0 1 136710 23 0 1000 7000 0 1 1 0 1000 50 35000
0 1015 0 1 136732 22 0 1000 7000 0 1 1 0 1000 50 35000
0 1014 0 1 136755 23 0 1000 7000 0 1 1 0 1000 50 35000
0 1009 0 1 136777 22 0 1000 7000 0 1 1 0 1000 50 35000
0 1015 0 1 136800 23 0 1000 7000 0 1 1 0 1000 50 35000
0 1014 0 1 136822 22 0 1000 7000 0 1 1 0 1000 50 35000
0 1013 0 1 136846 24 0 1000 7000 0 1 1 0 1000 50 35000
0 1015 0 1 136868 22 0 1000 7000 0 1 1 0 1000 50 35000
0 1012 0 1 136891 23 0 1000 7000 0 1 1 0 1000 50 35000
0 1013 0 1 136913 22 0 1000 7000 0 1 1 0 1000 50 35000
0 1014 0 1 136936 23 0 1000 7000 0 1 1 0 1000 50 35000
0 1013 0 1 136958 22 0 1000 7000 0 1 1 0 1000 50 35000
0 1014 0 1 136981 23 0 1000 7000 0 1 1 0 1000 50 35000
0 1016 0 1 137004 23 0 1000 7000 0 1 1 0 1000 50 35000
0 1013 0 1 137026 22 0 1000 7000 0 1 1 0 1000 50 35000
0 1016 0 1 137049 23 0 1000 7000 0 1 1 0 1000 50 35000
0 1014 0 1 137072 23 0 1000 7000 0 1 1 0 1000 50 35000
0 1010 0 1 137095 23 0 1000 7000 0 1 1 0 1000 50 35000
0 1015 0 1 137117 22 0 1000 7000 0 1 1 0 1000 50 35000
0 1015 0 1 137140 23 0 1000 7000 0 1 1 0 1000 50 35000
0 1013 0 1 137162 22 0 1000 7000 0 1 1 0 1000 50 35000
0 1016 0 1 137185 23 0 1000 7000 0 1 1 0 1000 50 35000
0 1013 0 1 137207 22 0 1000 7000 0 1 1 0 1000 50 35000
0 1014 0 1 137230 23 0 1000 7000 0 1 1 0 1000 50 35000
0 1019 0 1 137252 22 0 1000 7000 0 1 1 0 1000 50 35000
0 1014 0 1 137276 24 0 1000 7000 0 1 1 0 1000 50 35000
0 1015 0 1 137298 22 0 1000 7000 0 1 1 0 1000 50 35000
0 1016 0 1 137321 23 0 1000 7000 0 1 1 0 1000 50 35000
0 1012 0 1 137344 23 0 1000 7000 0 1 1 0 1000 50 35000
0 1015 0 1 137366 22 0 1000 7000 0 1 1 0 1000 50 35000
0 1013 0 1 137389 23 0 1000 7000 0 1 1 0 1000 50 35000
0 1008 0 1 137411 22 0 1000 7000 0 1 1 0 1000 50 35000
0 1015 0 1 137434 23 0 1000 7000 0 1 1 0 1000 50 35000
0 1013 0 1 137456 22 0 1000 7000 0 1 1 0 1000 50 35000
0 1014 0 1 137479 23 0 1000 7000 0 1 1 0 1000 50 35000
0 1017 0 1 137502 23 0 1000 7000 0 1 1 0 1000 50 35000
0 1013 0 1 137525 23 0 1000 7000 0 1 1 0 1000 50 35000
0 1014 0 1 137547 22 0 1000 7000 0 1 1 0 1000 50 35000
0 1019 0 1 137570 23 0 1000 7000 0 1 1 0 1000 50 35000
0 1013 0 1 137592 22 0 1000 7000 0 1 1 0 1000 50 35000
0 1014 0 1 137615 23 0 1000 7000 0 1 1 0 1000 50 35000
0 1015 0 1 137637 22 0 1000 7000 0 1 1 0 1000 50 35000
0 1007 0 1 137660 23 0 1000 7000 0 1 1 0 1000 50 35000
0 1014 0 1 137682 22 0 1000 7000 0 1 1 0 1000 50 35000
0 1015 0 1 137705 23 0 1000 7000 0 1 1 0 1000 50 35000
0 1008 0 1 137729 24 0 1000 7000 0 1 1 0 1000 50 35000
0 1016 0 1 137751 22 0 1000 7000 0 1 1 0 1000 50 35000
0 1016 0 1 137774 23 0 1000 7000 0 1 1 0 1000 50 35000
0 1013 0 1 137796 22 0 1000 7000 0 1 1 0 1000 50 35000
0 1021 0 1 137819 23 0 1000 7000 0 1 1 0 1000 50 35000
0 1013 0 1 137841 22 0 1000 7000 0 1 1 0 1000 50 35000
0 1014 0 1 137864 23 0 1000 7000 0 1 1 0 1000 50 35000
0 1019 0 1 137886 22 0 1000 7000 0 1 1 0 1000 50 35000
0 1012 0 1 137909 23 0 1000 7000 0 1 1 0 1000 50 35000
0 1016 0 1 137932 23 0 1000 7000 0 1 1 0 1000 50 35000
0 1016 0 1 137955 23 0 1000 7000 0 1 1 0 1000 50 35000
0 1009 0 1 137977 22 0 1000 7000 0 1 1 0 1000 50 35000
0 1015 0 1 138000 23 0 1000 7000 0 1 1 0 1000 50 35000
0 1014 0 1 138022 22 0 1000 7000 0 1 1 0 1000 50 35000
0 1009 0 1 138045 23 0 1000 7000 0 1 1 0 1000 50 35000
0 1018 0 1 138067 22 0 1000 7000 0 1 1 0 1000 50 35000
0 1015 0 1 138090 23 0 1000 7000 0 1 1 0 1000 50 35000
0 1014 0 1 138113 23 0 1000 7000 0 1 1 0 1000 50 35000
0 1019 0 1 138135 22 0 1000 7000 0 1 1 0 1000 50 35000
0 1013 0 1 138159 24 0 1000 7000 0 1 1 0 1000 50 35000
0 1014 0 1 138181 22 0 1000 7000 0 1 1 0 1000 50 35000
0 1018 0 1 138204 23 0 1000 7000 0 1 1 0 1000 50 35000
0 1011 0 1 138226 22 0 1000 7000 0 1 1 0 1000 50 35000
0 1015 0 1 138249 23 0 1000 7000 0 1 1 0 1000 50 35000
0 1015 0 1 138271 22 0 1000 7000 0 1 1 0 1000 50 35000
0 1010 0 1 138294 23 0 1000 7000 0 1 1 0 1000 50 35000
0 1015 0 1 138316 22 0 1000 7000 0 1 1 0 1000 50 35000
0 1014 0 1 138339 23 0 1000 7000 0 1 1 0 1000 50 35000
0 1011 0 1 138362 23 0 1000 7000 0 1 1 0 1000 50 35000
0 1014 0 1 138385 23 0 1000 7000 0 1 1 0 1000 50 35000
0 1013 0 1 138407 22 0 1000 7000 0 1 1 0 1000 50 35000
0 1013 0 1 138430 23 0 1000 7000 0 1 1 0 1000 50 35000
0 1017 0 1 138452 22 0 1000 7000 0 1 1 0 1000 50 35000
0 1013 0 1 138475 23 0 1000 7000 0 1 1 0 1000 50 35000
0 1014 0 1 138498 23 0 1000 7000 0 1 1 0 1000 50 35000
0 1018 0 1 138520 22 0 1000 7000 0 1 1 0 1000 50 35000
0 1013 0 1 138543 23 0 1000 7000 0 1 1 0 1000 50 35000
0 1016 0 1 138565 22 0 1000 7000 0 1 1 0 1000 50 35000
0 1011 0 1 138589 24 0 1000 7000 0 1 1 0 1000 50 35000
0 1011 0 1 138611 22 0 1000 7000 0 1 1 0 1000 50 35000
0 1015 0 1 138634 23 0 1000 7000 0 1 1 0 1000 50 35000
0 1017 0 1 138656 22 0 1000 7000 0 1 1 0 1000 50 35000
0 1010 0 1 138679 23 0 1000 7000 0 1 1 0 1000 50 35000
0 1016 0 1 138701 22 0 1000 7000 0 1 1 0 1000 50 35000
0 1013 0 1 138724 23 0 1000 7000 0 1 1 0 1000 50 35000
0 1014 0 1 138746 22 0 1000 7000 0 1 1 0 1000 50 35000
0 1017 0 1 138769 23 0 1000 7000 0 1 1 0 1000 50 35000
0 1011 0 1 138792 23 0 1000 7000 0 1 1 0 1000 50 35000
0 1015 0 1 138815 23 0 1000 7000 0 1 1 0 1000 50 35000
0 1017 0 1 138838 23 0 1000 7000 0 1 1 0 1000 50 35000
0 1013 0 1 138860 22 0 1000 7000 0 1 1 0 1000 50 35000
0 1016 0 1 138883 23 0 1000 7000 0 1 1 0 1000 50 35000
0 1014 0 1 138905 22 0 1000 7000 0 1 1 0 1000 50 35000
0 1013 0 1 138928 23 0 1000 7000 0 1 1 0 1000 50 35000
0 1015 0 1 138950 22 0 1000 7000 0 1 1 0 1000 50 35000
0 1014 0 1 138973 23 0 1000 7000 0 1 1 0 1000 50 35000
0 1016 0 1 138995 22 0 1000 7000 0 1 1 0 1000 50 35000
0 1015 0 1 139019 24 0 1000 7000 0 1 1 0 1000 50 35000
0 1013 0 1 139041 22 0 1000 7000 0 1 1 0 1000 50 35000
0 1014 0 1 139064 23 0 1000 7000 0 1 1 0 1000 50 35000
0 1015 0 1 139086 22 0 1000 7000 0 1 1 0 1000 50 35000
0 1013 0 1 139109 23 0 1000 7000 0 1 1 0 1000 50 35000
0 1015 0 1 139131 22 0 1000 7000 0 1 1 0 1000 50 35000
0 1018 0 1 139154 23 0 1000 7000 0 1 1 0 1000 50 35000
0 1013 0 1 139176 22 0 1000 7000 0 1 1 0 1000 50 35000
0 1015 0 1 139199 23 0 1000 7000 0 1 1 0 1000 50 35000
0 1014 0 1 139222 23 0 1000 7000 0 1 1 0 1000 50 35000
0 1009 0 1 139245 23 0 1000 7000 0 1 1 0 1000 50 35000
0 1015 0 1 139268 23 0 1000 7000 0 1 1 0 1000 50 35000
0 1014 0 1 139290 22 0 1000 7000 0 1 1 0 1000 50 35000
0 1013 0 1 139313 23 0 1000 7000 0 1 1 0 1000 50 35000
0 1017 0 1 139335 22 0 1000 7000 0 1 1 0 1000 50 35000
0 1013 0 1 139358 23 0 1000 7000 0 1 1 0 1000 50 35000
0 1020 0 1 139380 22 0 1000 7000 0 1 1 0 1000 50 35000
0 1020 0 1 139403 23 0 1000 7000 0 1 1 0 1000 50 35000
0 1012 0 1 139425 22 0 1000 7000 0 1 1 0 1000 50 35000
0 1015 0 1 139449 24 0 1000 7000 0 1 1 0 1000 50 35000
0 1016 0 1 139471 22 0 1000 7000 0 1 1 0 1000 50 35000
0 1010 0 1 139494 23 0 1000 7000 0 1 1 0 1000 50 35000
0 1012 0 1 139516 22 0 1000 7000 0 1 1 0 1000 50 35000
0 1014 0 1 139539 23 0 1000 7000 0 1 1 0 1000 50 35000
0 1005 0 1 139561 22 0 1000 7000 0 1 1 0 1000 50 35000
0 1015 0 1 139584 23 0 1000 7000 0 1 1 0 1000 50 35000
0 1014 0 1 139607 23 0 1000 7000 0 1 1 0 1000 50 35000
0 1013 0 1 139629 22 0 1000 7000 0 1 1 0 1000 50 35000
0 1022 0 1 139652 23 0 1000 7000 0 1 1 0 1000 50 35000
0 1013 0 1 139675 23 0 1000 7000 0 1 1 0 1000 50 35000
0 1017 0 1 139698 23 0 1000 7000 0 1 1 0 1000 50 35000
0 1020 0 1 139720 22 0 1000 7000 0 1 1 0 1000 50 35000
0 1013 0 1 139743 23 0 1000 7000 0 1 1 0 1000 50 35000
0 1015 0 1 139765 22 0 1000 7000 0 1 1 0 1000 50 35000
0 1016 0 1 139788 23 0 1000 7000 0 1 1 0 1000 50 35000
0 1006 0 1 139810 22 0 1000 7000 0 1 1 0 1000 50 35000
0 1015 0 1 139833 23 0 1000 7000 0 1 1 0 1000 50 35000
0 1018 0 1 139855 22 0 1000 7000 0 1 1 0 1000 50 35000
0 1010 0 1 139879 24 0 1000 7000 0 1 1 0 1000 50 35000
0 1015 0 1 139901 22 0 1000 7000 0 1 1 0 1000 50 35000
0 1014 0 1 139924 23 0 1000 7000 0 1 1 0 1000 50 35000
0 1017 0 1 139947 23 0 1000 7000 0 1 1 0 1000 50 35000
0 1018 0 1 139969 22 0 1000 7000 0 1 1 0 1000 50 35000
0 1013 0 1 139992 23 0 1000 7000 0 1 1 0 1000 50 35000
0 1014 0 1 140014 22 0 1000 7000 0 1 1 0 1000 50 35000
0 1020 0 1 140037 23 0 1000 7000 0 1 1 0 1000 50 35000
0 1013 0 1 140059 22 0 1000 7000 0 1 1 0 1000 50 35000
0 1015 0 1 140082 23 0 1000 7000 0 1 1 0 1000 50 35000
0 1015 0 1 140105 23 0 1000 7000 0 1 1 0 1000 50 35000
0 1010 0 1 140128 23 0 1000 7000 0 1 1 0 1000 50 35000
0 1016 0 1 140150 22 0 1000 7000 0 1 1 0 1000 50 35000
0 1013 0 1 140173 23 0 1000 7000 0 1 1 0 1000 50 35000
0 1011 0 1 140195 22 0 1000 7000 0 1 1 0 1000 50 35000
0 1015 0 1 140218 23 0 1000 7000 0 1 1 0 1000 50 35000
0 1016 0 1 140240 22 0 1000 7000 0 1 1 0 1000 50 35000
0 1012 0 1 140263 23 0 1000 7000 0 1 1 0 1000 50 35000
0 1018 0 1 140285 22 0 1000 7000 0 1 1 0 1000 50 35000
0 1013 0 1 140309 24 0 1000 7000 0 1 1 0 1000 50 35000
0 1017 0 1 140332 23 0 1000 7000 0 1 1 0 1000 50 35000
0 1017 0 1 140354 22 0 1000 7000 0 1 1 0 1000 50 35000
0 1014 0 1 140377 23 0 1000 7000 0 1 1 0 1000 50 35000
0 1016 0 1 140399 22 0 1000 7000 0 1 1 0 1000 50 35000
0 1014 0 1 140422 23 0 1000 7000 0 1 1 0 1000 50 35000
0 1011 0 1 140444 22 0 1000 7000 0 1 1 0 1000 50 35000
0 1015 0 1 140467 23 0 1000 7000 0 1 1 0 1000 50 35000
0 1014 0 1 140489 22 0 1000 7000 0 1 1 0 1000 50 35000
0 1011 0 1 140512 23 0 1000 7000 0 1 1 0 1000 50 35000
0 1015 0 1 140535 23 0 1000 7000 0 1 1 0 1000 50 35000
0 1011 0 1 140558 23 0 1000 7000 0 1 1 0 1000 50 35000
0 1007 0 1 140580 22 0 1000 7000 0 1 1 0 1000 50 35000
0 1017 0 1 140603 23 0 1000 7000 0 1 1 0 1000 50 35000
0 1013 0 1 140625 22 0 1000 7000 0 1 1 0 1000 50 35000
0 1016 0 1 140648 23 0 1000 7000 0 1 1 0 1000 50 35000
0 1017 0 1 140670 22 0 1000 7000 0 1 1 0 1000 50 35000
0 1013 0 1 140693 23 0 1000 7000 0 1 1 0 1000 50 35000
0 1016 0 1 140716 23 0 1000 7000 0 1 1 0 1000 50 35000
0 1015 0 1 140738 22 0 1000 7000 0 1 1 0 1000 50 35000
0 1012 0 1 140762 24 0 1000 7000 0 1 1 0 1000 50 35000
0 1017 0 1 140784 22 0 1000 7000 0 1 1 0 1000 50 35000
0 1014 0 1 140807 23 0 1000 7000 0 1 1 0 1000 50 35000
0 1014 0 1 140829 22 0 1000 7000 0 1 1 0 1000 50 35000
0 1016 0 1 140852 23 0 1000 7000 0 1 1 0 1000 50 35000
0 1013 0 1 140874 22 0 1000 7000 0 1 1 0 1000 50 35000
0 1014 0 1 140897 23 0 1000 7000 0 1 1 0 1000 50 35000
0 1017 0 1 140919 22 0 1000 7000 0 1 1 0 1000 50 35000
0 1013 0 1 140942 23 0 1000 7000 0 1 1 0 1000 50 35000
0 1015 0 1 140965 23 0 1000 7000 0 1 1 0 1000 50 35000
0 1016 0 1 140988 23 0 1000 7000 0 1 1 0 1000 50 35000
0 1013 0 1 141010 22 0 1000 7000 0 1 1 0 1000 50 35000
0 1015 0 1 141033 23 0 1000 7000 0 1 1 0 1000 50 35000
0 1014 0 1 141056 23 0 1000 7000 0 1 1 0 1000 50 35000
0 1010 0 1 141078 22 0 1000 7000 0 1 1 0 1000 50 35000
0 1015 0 1 141101 23 0 1000 7000 0 1 1 0 1000 50 35000
0 1013 0 1 141123 22 0 1000 7000 0 1 1 0 1000 50 35000
0 1013 0 1 141146 23 0 1000 7000 0 1 1 0 1000 50 35000
0 1017 0 1 141168 22 0 1000 7000 0 1 1 0 1000 50 35000
0 1013 0 1 141192 24 0 1000 7000 0 1 1 0 1000 50 35000
0 1010 0 1 141214 22 0 1000 7000 0 1 1 0 1000 50 35000
0 1019 0 1 141237 23 0 1000 7000 0 1 1 0 1000 50 35000
0 1011 0 1 141259 22 0 1000 7000 0 1 1 0 1000 50 35000
0 1014 0 1 141282 23 0 1000 7000 0 1 1 0 1000 50 35000
0 1015 0 1 141304 22 0 1000 7000 0 1 1 0 1000 50 35000
0 1011 0 1 141327 23 0 1000 7000 0 1 1 0 1000 50 35000
0 1015 0 1 141349 22 0 1000 7000 0 1 1 0 1000 50 35000
0 1015 0 1 141372 23 0 1000 7000 0 1 1 0 1000 50 35000
0 1009 0 1 141395 23 0 1000 7000 0 1 1 0 1000 50 35000
0 1016 0 1 141418 23 0 1000 7000 0 1 1 0 1000 50 35000
0 1019 0 1 141441 23 0 1000 7000 0 1 1 0 1000 50 35000
0 1012 0 1 141463 22 0 1000 7000 0 1 1 0 1000 50 35000
0 1018 0 1 141486 23 0 1000 7000 0 1 1 0 1000 50 35000
0 1013 0 1 141508 22 0 1000 7000 0 1 1 0 1000 50 35000
0 1015 0 1 141531 23 0 1000 7000 0 1 1 0 1000 50 35000
0 1021 0 1 141553 22 0 1000 7000 0 1 1 0 1000 50 35000
0 1013 0 1 141576 23 0 1000 7000 0 1 1 0 1000 50 35000
0 1014 0 1 141598 22 0 1000 7000 0 1 1 0 1000 50 35000
0 1015 0 1 141622 24 0 1000 7000 0 1 1 0 1000 50 35000
0 1007 0 1 141644 22 0 1000 7000 0 1 1 0 1000 50 35000
0 1014 0 1 141667 23 0 1000 7000 0 1 1 0 1000 50 35000
0 1014 0 1 141689 22 0 1000 7000 0 1 1 0 1000 50 35000
0 1008 0 1 141712 23 0 1000 7000 0 1 1 0 1000 50 35000
0 1016 0 1 141734 22 0 1000 7000 0 1 1 0 1000 50 35000
0 1016 0 1 141757 23 0 1000 7000 0 1 1 0 1000 50 35000
0 1013 0 1 141779 22 0 1000 7000 0 1 1 0 1000 50 35000
0 1021 0 1 141802 23 0 1000 7000 0 1 1 0 1000 50 35000
0 1017 0 1 141825 23 0 1000 7000 0 1 1 0 1000 50 35000
0 1014 0 1 141848 23 0 1000 7000 0 1 1 0 1000 50 35000
0 1020 0 1 141871 23 0 1000 7000 0 1 1 0 1000 50 35000
0 1013 0 1 141893 22 0 1000 7000 0 1 1 0 1000 50 35000
0 1015 0 1 141916 23 0 1000 7000 0 1 1 0 1000 50 35000
0 1015 0 1 141938 22 0 1000 7000 0 1 1 0 1000 50 35000
0 1009 0 1 141961 23 0 1000 7000 0 1 1 0 1000 50 35000
0 1017 0 1 141983 22 0 1000 7000 0 1 1 0 1000 50 35000
0 1014 0 1 142006 23 0 1000 7000 0 1 1 0 1000 50 35000
0 1009 0 1 142028 22 0 1000 7000 0 1 1 0 1000 50 35000
0 1017 0 1 142052 24 0 1000 7000 0 1 1 0 1000 50 35000
0 1012 0 1 142074 22 0 1000 7000 0 1 1 0 1000 50 35000
0 1015 0 1 142097 23 0 1000 7000 0 1 1 0 1000 50 35000
0 1019 0 1 142119 22 0 1000 7000 0 1 1 0 1000 50 35000
0 1013 0 1 142142 23 0 1000 7000 0 1 1 0 1000 50 35000
0 1015 0 1 142164 22 0 1000 7000 0 1 1 0 1000 50 35000
0 1018 0 1 142187 23 0 1000 7000 0 1 1 0 1000 50 35000
0 1015 0 1 142210 23 0 1000 7000 0 1 1 0 1000 50 35000
0 1015 0 1 142232 22 0 1000 7000 0 1 1 0 1000 50 35000
0 1016 0 1 142255 23 0 1000 7000 0 1 1 0 1000 50 35000
0 1010 0 1 142278 23 0 1000 7000 0 1 1 0 1000 50 35000
0 1016 0 1 142301 23 0 1000 7000 0 1 1 0 1000 50 35000
0 1016 0 1 142323 22 0 1000 7000 0 1 1 0 1000 50 35000
0 1010 0 1 142346 23 0 1000 7000 0 1 1 0 1000 50 35000
0 1015 0 1 142368 22 0 1000 7000 0 1 1 0 1000 50 35000
0 1013 0 1 142391 23 0 1000 7000 0 1 1 0 1000 50 35000
0 1014 0 1 142413 22 0 1000 7000 0 1 1 0 1000 50 35000
0 1017 0 1 142436 23 0 1000 7000 0 1 1 0 1000 50 35000
0 1013 0 1 142458 22 0 1000 7000 0 1 1 0 1000 50 35000
0 1015 0 1 142482 24 0 1000 7000 0 1 1 0 1000 50 35000
0 1018 0 1 142504 22 0 1000 7000 0 1 1 0 1000 50 35000
0 1013 0 1 142527 23 0 1000 7000 0 1 1 0 1000 50 35000
0 1016 0 1 142550 23 0 1000 7000 0 1 1 0 1000 50 35000
0 1018 0 1 142572 22 0 1000 7000 0 1 1 0 1000 50 35000
0 1011 0 1 142595 23 0 1000 7000 0 1 1 0 1000 50 35000
0 1015 0 1 142617 22 0 1000 7000 0 1 1 0 1000 50 35000
0 1014 0 1 142640 23 0 1000 7000 0 1 1 0 1000 50 35000
0 1011 0 1 142662 22 0 1000 7000 0 1 1 0 1000 50 35000
0 1017 0 1 142685 23 0 1000 7000 0 1 1 0 1000 50 35000
0 1013 0 1 142708 23 0 1000 7000 0 1 1 0 1000 50 35000
0 1013 0 1 142731 23 0 1000 7000 0 1 1 0 1000 50 35000
0 1017 0 1 142753 22 0 1000 7000 0 1 1 0 1000 50 35000
0 1013 0 1 142776 23 0 1000 7000 0 1 1 0 1000 50 35000
0 1013 0 1 142798 22 0 1000 7000 0 1 1 0 1000 50 35000
0 1016 0 1 142821 23 0 1000 7000 0 1 1 0 1000 50 35000
0 1014 0 1 142843 22 0 1000 7000 0 1 1 0 1000 50 35000
0 1014 0 1 142866 23 0 1000 7000 0 1 1 0 1000 50 35000
0 1014 0 1 142888 22 0 1000 7000 0 1 1 0 1000 50 35000
0 1011 0 1 142912 24 0 1000 7000 0 1 1 0 1000 50 35000
0 1016 0 1 142935 23 0 1000 7000 0 1 1 0 1000 50 35000
0 1016 0 1 142957 22 0 1000 7000 0 1 1 0 1000 50 35000
0 1011 0 1 142980 23 0 1000 7000 0 1 1 0 1000 50 35000
0 1016 0 1 143002 22 0 1000 7000 0 1 1 0 1000 50 35000
0 1013 0 1 143025 23 0 1000 7000 0 1 1 0 1000 50 35000
0 1015 0 1 143047 22 0 1000 7000 0 1 1 0 1000 50 35000
0 1017 0 1 143070 23 0 1000 7000 0 1 1 0 1000 50 35000
0 1013 0 1 143092 22 0 1000 7000 0 1 1 0 1000 50 35000
0 1015 0 1 143115 23 0 1000 7000 0 1 1 0 1000 50 35000
0 1015 0 1 143138 23 0 1000 7000 0 1 1 0 1000 50 35000
0 1012 0 1 143161 23 0 1000 7000 0 1 1 0 1000 50 35000
0 1015 0 1 143183 22 0 1000 7000 0 1 1 0 1000 50 35000
0 1014 0 1 143206 23 0 1000 7000 0 1 1 0 1000 50 35000
0 1009 0 1 143228 22 0 1000 7000 0 1 1 0 1000 50 35000
0 1016 0 1 143251 23 0 1000 7000 0 1 1 0 1000 50 35000
0 1011 0 1 143273 22 0 1000 7000 0 1 1 0 1000 50 35000
0 1014 0 1 143296 23 0 1000 7000 0 1 1 0 1000 50 35000
0 1017 0 1 143319 23 0 1000 7000 0 1 1 0 1000 50 35000
0 1013 0 1 143341 22 0 1000 7000 0 1 1 0 1000 50 35000
0 1014 0 1 143365 24 0 1000 7000 0 1 1 0 1000 50 35000
0 1019 0 1 143387 22 0 1000 7000 0 1 1 0 1000 50 35000
0 1013 0 1 143410 23 0 1000 7000 0 1 1 0 1000 50 35000
0 1015 0 1 143432 22 0 1000 7000 0 1 1 0 1000 50 35000
0 1015 0 1 143455 23 0 1000 7000 0 1 1 0 1000 50 35000
0 1011 0 1 143477 22 0 1000 7000 0 1 1 0 1000 50 35000
0 1016 0 1 143500 23 0 1000 7000 0 1 1 0 1000 50 35000
0 1018 0 1 143522 22 0 1000 7000 0 1 1 0 1000 50 35000
0 1009 0 1 143545 23 0 1000 7000 0 1 1 0 1000 50 35000
0 1016 0 1 143568 23 0 1000 7000 0 1 1 0 1000 50 35000
0 1017 0 1 143591 23 0 1000 7000 0 1 1 0 1000 50 35000
0 1018 0 1 143613 22 0 1000 7000 0 1 1 0 1000 50 35000
0 1022 0 1 143636 23 0 1000 7000 0 1 1 0 1000 50 35000
0 1013 0 1 143659 23 0 1000 7000 0 1 1 0 1000 50 35000
0 1014 0 1 143681 22 0 1000 7000 0 1 1 0 1000 50 35000
0 1020 0 1 143704 23 0 1000 7000 0 1 1 0 1000 50 35000
0 1013 0 1 143726 22 0 1000 7000 0 1 1 0 1000 50 35000
0 1015 0 1 143749 23 0 1000 7000 0 1 1 0 1000 50 35000
0 1015 0 1 143771 22 0 1000 7000 0 1 1 0 1000 50 35000
0 1008 0 1 143795 24 0 1000 7000 0 1 1 0 1000 50 35000
0 1015 0 1 143817 22 0 1000 7000 0 1 1 0 1000 50 35000
0 1014 0 1 143840 23 0 1000 7000 0 1 1 0 1000 50 35000
0 1009 0 1 143862 22 0 1000 7000 0 1 1 0 1000 50 35000
0 1015 0 1 143885 23 0 1000 7000 0 1 1 0 1000 50 35000
0 1012 0 1 143907 22 0 1000 7000 0 1 1 0 1000 50 35000
0 1013 0 1 143930 23 0 1000 7000 0 1 1 0 1000 50 35000
0 1020 0 1 143952 22 0 1000 7000 0 1 1 0 1000 50 35000
0 1014 0 1 143975 23 0 1000 7000 0 1 1 0 1000 50 35000
0 1015 0 1 143998 23 0 1000 7000 0 1 1 0 1000 50 35000
0 1019 0 1 144021 23 0 1000 7000 0 1 1 0 1000 50 35000
0 1013 0 1 144044 23 0 1000 7000 0 1 1 0 1000 50 35000
0 1015 0 1 144066 22 0 1000 7000 0 1 1 0 1000 50 35000
0 1016 0 1 144089 23 0 1000 7000 0 1 1 0 1000 50 35000
0 1013 0 1 144111 22 0 1000 7000 0 1 1 0 1000 50 35000
0 1016 0 1 144134 23 0 1000 7000 0 1 1 0 1000 50 35000
0 1014 0 1 144156 22 0 1000 7000 0 1 1 0 1000 50 35000
0 1010 0 1 144179 23 0 1000 7000 0 1 1 0 1000 50 35000
0 1018 0 1 144201 22 0 1000 7000 0 1 1 0 1000 50 35000
0 1013 0 1 144225 24 0 1000 7000 0 1 1 0 1000 50 35000
0 1014 0 1 144247 22 0 1000 7000 0 1 1 0 1000 50 35000
0 1015 0 1 144270 23 0 1000 7000 0 1 1 0 1000 50 35000
0 1013 0 1 144292 22 0 1000 7000 0 1 1 0 1000 50 35000
0 1014 0 1 144315 23 0 1000 7000 0 1 1 0 1000 50 35000
0 1018 0 1 144337 22 0 1000 7000 0 1 1 0 1000 50 35000
0 1015 0 1 144360 23 0 1000 7000 0 1 1 0 1000 50 35000
0 1015 0 1 144382 22 0 1000 7000 0 1 1 0 1000 50 35000
0 1015 0 1 144405 23 0 1000 7000 0 1 1 0 1000 50 35000
0 1012 0 1 144428 23 0 1000 7000 0 1 1 0 1000 50 35000
0 1016 0 1 144451 23 0 1000 7000 0 1 1 0 1000 50 35000
0 1013 0 1 144474 23 0 1000 7000 0 1 1 0 1000 50 35000
0 1010 0 1 144496 22 0 1000 7000 0 1 1 0 1000 50 35000
0 1014 0 1 144519 23 0 1000 7000 0 1 1 0 1000 50 35000
0 1013 0 1 144541 22 0 1000 7000 0 1 1 0 1000 50 35000
0 1014 0 1 144564 23 0 1000 7000 0 1 1 0 1000 50 35000
0 1017 0 1 144586 22 0 1000 7000 0 1 1 0 1000 50 35000
0 1014 0 1 144609 23 0 1000 7000 0 1 1 0 1000 50 35000
0 1015 0 1 144631 22 0 1000 7000 0 1 1 0 1000 50 35000
0 1018 0 1 144655 24 0 1000 7000 0 1 1 0 1000 50 35000
0 1013 0 1 144677 22 0 1000 7000 0 1 1 0 1000 50 35000
0 1014 0 1 144700 23 0 1000 7000 0 1 1 0 1000 50 35000
0 1015 0 1 144722 22 0 1000 7000 0 1 1 0 1000 50 35000
0 1011 0 1 144745 23 0 1000 7000 0 1 1 0 1000 50 35000
0 1016 0 1 144768 23 0 1000 7000 0 1 1 0 1000 50 35000
0 1014 0 1 144790 22 0 1000 7000 0 1 1 0 1000 50 35000
0 1011 0 1 144813 23 0 1000 7000 0 1 1 0 1000 50 35000
0 1016 0 1 144835 22 0 1000 7000 0 1 1 0 1000 50 35000
0 1013 0 1 144858 23 0 1000 7000 0 1 1 0 1000 50 35000
0 1014 0 1 144881 23 0 1000 7000 0 1 1 0 1000 50 35000
0 1015 0 1 144904 23 0 1000 7000 0 1 1 0 1000 50 35000
0 1013 0 1 144926 22 0 1000 7000 0 1 1 0 1000 50 35000
0 1015 0 1 144949 23 0 1000 7000 0 1 1 0 1000 50 35000
0 1016 0 1 144971 22 0 1000 7000 0 1 1 0 1000 50 35000
0 1013 0 1 144994 23 0 1000 7000 0 1 1 0 1000 50 35000
0 1016 0 1 145016 22 0 1000 7000 0 1 1 0 1000 50 35000
0 1015 0 1 145039 23 0 1000 7000 0 1 1 0 1000 50 35000
0 1010 0 1 145061 22 0 1000 7000 0 1 1 0 1000 50 35000
0 1017 0 1 145084 23 0 1000 7000 0 1 1 0 1000 50 35000
0 1014 0 1 145107 23 0 1000 7000 0 1 1 0 1000 50 35000
0 1010 0 1 145130 23 0 1000 7000 0 1 1 0 1000 50 35000
0 1017 0 1 145153 23 0 1000 7000 0 1 1 0 1000 50 35000
0 1013 0 1 145175 22 0 1000 7000 0 1 1 0 1000 50 35000
0 1020 0 1 145198 23 0 1000 7000 0 1 1 0 1000 50 35000
0 1020 0 1 145220 22 0 1000 7000 0 1 1 0 1000 50 35000
0 1018 0 1 145243 23 0 1000 7000 0 1 1 0 1000 50 35000
0 1015 0 1 145265 22 0 1000 7000 0 1 1 0 1000 50 35000
0 1015 0 1 145288 23 0 1000 7000 0 1 1 0 1000 50 35000
0 1013 0 1 145311 23 0 1000 7000 0 1 1 0 1000 50 35000
0 1015 0 1 145334 23 0 1000 7000 0 1 1 0 1000 50 35000
0 1015 0 1 145356 22 0 1000 7000 0 1 1 0 1000 50 35000
0 1010 0 1 145379 23 0 1000 7000 0 1 1 0 1000 50 35000
0 1016 0 1 145401 22 0 1000 7000 0 1 1 0 1000 50 35000
0 1014 0 1 145424 23 0 1000 7000 0 1 1 0 1000 50 35000
0 1014 0 1 145446 22 0 1000 7000 0 1 1 0 1000 50 35000
0 1017 0 1 145469 23 0 1000 7000 0 1 1 0 1000 50 35000
0 1014 0 1 145491 22 0 1000 7000 0 1 1 0 1000 50 35000
0 1014 0 1 145514 23 0 1000 7000 0 1 1 0 1000 50 35000
0 1020 0 1 145538 24 0 1000 7000 0 1 1 0 1000 50 35000
0 1013 0 1 145560 22 0 1000 7000 0 1 1 0 1000 50 35000
0 1012 0 1 145583 23 0 1000 7000 0 1 1 0 1000 50 35000
0 1015 0 1 145605 22 0 1000 7000 0 1 1 0 1000 50 35000
0 1007 0 1 145628 23 0 1000 7000 0 1 1 0 1000 50 35000
0 1015 0 1 145650 22 0 1000 7000 0 1 1 0 1000 50 35000
0 1014 0 1 145673 23 0 1000 7000 0 1 1 0 1000 50 35000
0 1008 0 1 145695 22 0 1000 7000 0 1 1 0 1000 50 35000
0 1016 0 1 145718 23 0 1000 7000 0 1 1 0 1000 50 35000
0 1014 0 1 145741 23 0 1000 7000 0 1 1 0 1000 50 35000
0 1013 0 1 145764 23 0 1000 7000 0 1 1 0 1000 50 35000
0 1022 0 1 145786 22 0 1000 7000 0 1 1 0 1000 50 35000
0 1014 0 1 145809 23 0 1000 7000 0 1 1 0 1000 50 35000
0 1016 0 1 145831 22 0 1000 7000 0 1 1 0 1000 50 35000
0 1020 0 1 145854 23 0 1000 7000 0 1 1 0 1000 50 35000
0 1014 0 1 145876 22 0 1000 7000 0 1 1 0 1000 50 35000
0 1015 0 1 145899 23 0 1000 7000 0 1 1 0 1000 50 35000
0 1017 0 1 145922 23 0 1000 7000 0 1 1 0 1000 50 35000
0 1009 0 1 145944 22 0 1000 7000 0 1 1 0 1000 50 35000
0 1016 0 1 145968 24 0 1000 7000 0 1 1 0 1000 50 35000
0 1015 0 1 145990 22 0 1000 7000 0 1 1 0 1000 50 35000
0 1010 0 1 146013 23 0 1000 7000 0 1 1 0 1000 50 35000
0 1015 0 1 146035 22 0 1000 7000 0 1 1 0 1000 50 35000
0 1014 0 1 146058 23 0 1000 7000 0 1 1 0 1000 50 35000
0 1012 0 1 146080 22 0 1000 7000 0 1 1 0 1000 50 35000
0 1022 0 1 146103 23 0 1000 7000 0 1 1 0 1000 50 35000
0 1013 0 1 146125 22 0 1000 7000 0 1 1 0 1000 50 35000
0 1015 0 1 146148 23 0 1000 7000 0 1 1 0 1000 50 35000
0 1019 0 1 146170 22 0 1000 7000 0 1 1 0 1000 50 35000
0 1013 0 1 146194 24 0 1000 7000 0 1 1 0 1000 50 35000
0 1013 0 1 146216 22 0 1000 7000 0 1 1 0 1000 50 35000
0 1015 0 1 146239 23 0 1000 7000 0 1 1 0 1000 50 35000
0 1011 0 1 146262 23 0 1000 7000 0 1 1 0 1000 50 35000
0 1014 0 1 146284 22 0 1000 7000 0 1 1 0 1000 50 35000
0 1014 0 1 146307 23 0 1000 7000 0 1 1 0 1000 50 35000
0 1013 0 1 146329 22 0 1000 7000 0 1 1 0 1000 50 35000
0 1015 0 1 146352 23 0 1000 7000 0 1 1 0 1000 50 35000
0 1016 0 1 146374 22 0 1000 7000 0 1 1 0 1000 50 35000
0 1014 0 1 146398 24 0 1000 7000 0 1 1 0 1000 50 35000
0 1018 0 1 146420 22 0 1000 7000 0 1 1 0 1000 50 35000
0 1013 0 1 146443 23 0 1000 7000 0 1 1 0 1000 50 35000
0 1015 0 1 146465 22 0 1000 7000 0 1 1 0 1000 50 35000
0 1016 0 1 146488 23 0 1000 7000 0 1 1 0 1000 50 35000
0 1014 0 1 146510 22 0 1000 7000 0 1 1 0 1000 50 35000
0 1018 0 1 146533 23 0 1000 7000 0 1 1 0 1000 50 35000
0 1014 0 1 146555 22 0 1000 7000 0 1 1 0 1000 50 35000
0 1013 0 1 146578 23 0 1000 7000 0 1 1 0 1000 50 35000
0 1016 0 1 146600 22 0 1000 7000 0 1 1 0 1000 50 35000
0 1014 0 1 146624 24 0 1000 7000 0 1 1 0 1000 50 35000
0 1011 0 1 146647 23 0 1000 7000 0 1 1 0 1000 50 35000
0 1015 0 1 146669 22 0 1000 7000 0 1 1 0 1000 50 35000
0 1011 0 1 146692 23 0 1000 7000 0 1 1 0 1000 50 35000
0 1018 0 1 146714 22 0 1000 7000 0 1 1 0 1000 50 35000
0 1018 0 1 146737 23 0 1000 7000 0 1 1 0 1000 50 35000
0 1013 0 1 146759 22 0 1000 7000 0 1 1 0 1000 50 35000
0 1015 0 1 146782 23 0 1000 7000 0 1 1 0 1000 50 35000
0 1016 0 1 146804 22 0 1000 7000 0 1 1 0 1000 50 35000
0 1013 0 1 146828 24 0 1000 7000 0 1 1 0 1000 50 35000
0 1016 0 1 146850 22 0 1000 7000 0 1 1 0 1000 50 35000
0 1015 0 1 146873 23 0 1000 7000 0 1 1 0 1000 50 35000
0 1011 0 1 146895 22 0 1000 7000 0 1 1 0 1000 50 35000
0 1016 0 1 146918 23 0 1000 7000 0 1 1 0 1000 50 35000
0 1014 0 1 146940 22 0 1000 7000 0 1 1 0 1000 50 35000
0 1013 0 1 146963 23 0 1000 7000 0 1 1 0 1000 50 35000
0 1016 0 1 146985 22 0 1000 7000 0 1 1 0 1000 50 35000
0 1013 0 1 147008 23 0 1000 7000 0 1 1 0 1000 50 35000
0 1015 0 1 147031 23 0 1000 7000 0 1 1 0 1000 50 35000
0 1020 0 1 147054 23 0 1000 7000 0 1 1 0 1000 50 35000
0 1013 0 1 147077 23 0 1000 7000 0 1 1 0 1000 50 35000
0 1015 0 1 147099 22 0 1000 7000 0 1 1 0 1000 50 35000
0 1011 0 1 147122 23 0 1000 7000 0 1 1 0 1000 50 35000
0 1011 0 1 147144 22 0 1000 7000 0 1 1 0 1000 50 35000
0 1016 0 1 147167 23 0 1000 7000 0 1 1 0 1000 50 35000
0 1014 0 1 147189 22 0 1000 7000 0 1 1 0 1000 50 35000
0 1008 0 1 147212 23 0 1000 7000 0 1 1 0 1000 50 35000
0 1016 0 1 147234 22 0 1000 7000 0 1 1 0 1000 50 35000
0 1014 0 1 147257 23 0 1000 7000 0 1 1 0 1000 50 35000
0 1015 0 1 147280 23 0 1000 7000 0 1 1 0 1000 50 35000
0 1018 0 1 147303 23 0 1000 7000 0 1 1 0 1000 50 35000
0 1014 0 1 147325 22 0 1000 7000 0 1 1 0 1000 50 35000
0 1020 0 1 147348 23 0 1000 7000 0 1 1 0 1000 50 35000
0 1020 0 1 147371 23 0 1000 7000 0 1 1 0 1000 50 35000
0 1014 0 1 147393 22 0 1000 7000 0 1 1 0 1000 50 35000
0 1014 0 1 147416 23 0 1000 7000 0 1 1 0 1000 50 35000
0 1016 0 1 147438 22 0 1000 7000 0 1 1 0 1000 50 35000
0 1008 0 1 147461 23 0 1000 7000 0 1 1 0 1000 50 35000
0 1014 0 1 147484 23 0 1000 7000 0 1 1 0 1000 50 35000
0 1015 0 1 147507 23 0 1000 7000 0 1 1 0 1000 50 35000
0 1014 0 1 147529 22 0 1000 7000 0 1 1 0 1000 50 35000
0 1019 0 1 147552 23 0 1000 7000 0 1 1 0 1000 50 35000
0 1016 0 1 147574 22 0 1000 7000 0 1 1 0 1000 50 35000
0 1016 0 1 147597 23 0 1000 7000 0 1 1 0 1000 50 35000
0 1022 0 1 147619 22 0 1000 7000 0 1 1 0 1000 50 35000
0 1017 0 1 147642 23 0 1000 7000 0 1 1 0 1000 50 35000
0 1015 0 1 147664 22 0 1000 7000 0 1 1 0 1000 50 35000
0 1019 0 1 147687 23 0 1000 7000 0 1 1 0 1000 50 35000
0 1014 0 1 147710 23 0 1000 7000 0 1 1 0 1000 50 35000
0 1015 0 1 147733 23 0 1000 7000 0 1 1 0 1000 50 35000
0 1015 0 1 147756 23 0 1000 7000 0 1 1 0 1000 50 35000
0 1009 0 1 147778 22 0 1000 7000 0 1 1 0 1000 50 35000
0 1016 0 1 147801 23 0 1000 7000 0 1 1 0 1000 50 35000
0 1015 0 1 147823 22 0 1000 7000 0 1 1 0 1000 50 35000
0 1009 0 1 147846 23 0 1000 7000 0 1 1 0 1000 50 35000
0 1016 0 1 147868 22 0 1000 7000 0 1 1 0 1000 50 35000
0 1014 0 1 147891 23 0 1000 7000 0 1 1 0 1000 50 35000
0 1014 0 1 147914 23 0 1000 7000 0 1 1 0 1000 50 35000
0 1020 0 1 147937 23 0 1000 7000 0 1 1 0 1000 50 35000
0 1014 0 1 147959 22 0 1000 7000 0 1 1 0 1000 50 35000
0 1014 0 1 147982 23 0 1000 7000 0 1 1 0 1000 50 35000
0 1018 0 1 148004 22 0 1000 7000 0 1 1 0 1000 50 35000
0 1014 0 1 148027 23 0 1000 7000 0 1 1 0 1000 50 35000
0 1013 0 1 148049 22 0 1000 7000 0 1 1 0 1000 50 35000
0 1015 0 1 148072 23 0 1000 7000 0 1 1 0 1000 50 35000
0 1012 0 1 148094 22 0 1000 7000 0 1 1 0 1000 50 35000
0 1017 0 1 148117 23 0 1000 7000 0 1 1 0 1000 50 35000
0 1014 0 1 148141 24 0 1000 7000 0 1 1 0 1000 50 35000
0 1010 0 1 148163 22 0 1000 7000 0 1 1 0 1000 50 35000
0 1015 0 1 148186 23 0 1000 7000 0 1 1 0 1000 50 35000
0 1015 0 1 148208 22 0 1000 7000 0 1 1 0 1000 50 35000
0 1014 0 1 148231 23 0 1000 7000 0 1 1 0 1000 50 35000
0 1018 0 1 148253 22 0 1000 7000 0 1 1 0 1000 50 35000
0 1013 0 1 148276 23 0 1000 7000 0 1 1 0 1000 50 35000
0 1015 0 1 148298 22 0 1000 7000 0 1 1 0 1000 50 35000
0 1018 0 1 148321 23 0 1000 7000 0 1 1 0 1000 50 35000
0 1014 0 1 148344 23 0 1000 7000 0 1 1 0 1000 50 35000
0 1015 0 1 148367 23 0 1000 7000 0 1 1 0 1000 50 35000
0 1016 0 1 148389 22 0 1000 7000 0 1 1 0 1000 50 35000
0 1012 0 1 148412 23 0 1000 7000 0 1 1 0 1000 50 35000
0 1019 0 1 148434 22 0 1000 7000 0 1 1 0 1000 50 35000
0 1015 0 1 148457 23 0 1000 7000 0 1 1 0 1000 50 35000
0 1013 0 1 148480 23 0 1000 7000 0 1 1 0 1000 50 35000
0 1016 0 1 148502 22 0 1000 7000 0 1 1 0 1000 50 35000
0 1013 0 1 148525 23 0 1000 7000 0 1 1 0 1000 50 35000
0 1015 0 1 148547 22 0 1000 7000 0 1 1 0 1000 50 35000
0 1017 0 1 148571 24 0 1000 7000 0 1 1 0 1000 50 35000
0 1011 0 1 148593 22 0 1000 7000 0 1 1 0 1000 50 35000
0 1015 0 1 148616 23 0 1000 7000 0 1 1 0 1000 50 35000
0 1016 0 1 148638 22 0 1000 7000 0 1 1 0 1000 50 35000
0 1014 0 1 148661 23 0 1000 7000 0 1 1 0 1000 50 35000
0 1016 0 1 148683 22 0 1000 7000 0 1 1 0 1000 50 35000
0 1017 0 1 148706 23 0 1000 7000 0 1 1 0 1000 50 35000
0 1012 0 1 148728 22 0 1000 7000 0 1 1 0 1000 50 35000
0 1016 0 1 148751 23 0 1000 7000 0 1 1 0 1000 50 35000
0 1015 0 1 148773 22 0 1000 7000 0 1 1 0 1000 50 35000
0 1013 0 1 148797 24 0 1000 7000 0 1 1 0 1000 50 35000
0 1016 0 1 148819 22 0 1000 7000 0 1 1 0 1000 50 35000
0 1014 0 1 148842 23 0 1000 7000 0 1 1 0 1000 50 35000
0 1015 0 1 148865 23 0 1000 7000 0 1 1 0 1000 50 35000
0 1021 0 1 148887 22 0 1000 7000 0 1 1 0 1000 50 35000
0 1013 0 1 148910 23 0 1000 7000 0 1 1 0 1000 50 35000
0 1015 0 1 148932 22 0 1000 7000 0 1 1 0 1000 50 35000
0 1016 0 1 148955 23 0 1000 7000 0 1 1 0 1000 50 35000
0 1012 0 1 148977 22 0 1000 7000 0 1 1 0 1000 50 35000
0 1015 0 1 149001 24 0 1000 7000 0 1 1 0 1000 50 35000
0 1014 0 1 149023 22 0 1000 7000 0 1 1 0 1000 50 35000
0 1009 0 1 149046 23 0 1000 7000 0 1 1 0 1000 50 35000
0 1014 0 1 149068 22 0 1000 7000 0 1 1 0 1000 50 35000
0 1014 0 1 149091 23 0 1000 7000 0 1 1 0 1000 50 35000
0 1014 0 1 149113 22 0 1000 7000 0 1 1 0 1000 50 35000
0 1018 0 1 149136 23 0 1000 7000 0 1 1 0 1000 50 35000
0 1012 0 1 149158 22 0 1000 7000 0 1 1 0 1000 50 35000
0 1014 0 1 149181 23 0 1000 7000 0 1 1 0 1000 50 35000
0 1023 0 1 149203 22 0 1000 7000 0 1 1 0 1000 50 35000
0 1013 0 1 149227 24 0 1000 7000 0 1 1 0 1000 50 35000
0 1015 0 1 149250 23 0 1000 7000 0 1 1 0 1000 50 35000
0 1015 0 1 149272 22 0 1000 7000 0 1 1 0 1000 50 35000
0 1007 0 1 149295 23 0 1000 7000 0 1 1 0 1000 50 35000
0 1016 0 1 149317 22 0 1000 7000 0 1 1 0 1000 50 35000
0 1015 0 1 149340 23 0 1000 7000 0 1 1 0 1000 50 35000
0 1009 0 1 149362 22 0 1000 7000 0 1 1 0 1000 50 35000
0 1018 0 1 149385 23 0 1000 7000 0 1 1 0 1000 50 35000
0 1014 0 1 149407 22 0 1000 7000 0 1 1 0 1000 50 35000
0 1014 0 1 149431 24 0 1000 7000 0 1 1 0 1000 50 35000
0 1021 0 1 149453 22 0 1000 7000 0 1 1 0 1000 50 35000
0 1014 0 1 149476 23 0 1000 7000 0 1 1 0 1000 50 35000
0 1012 0 1 149498 22 0 1000 7000 0 1 1 0 1000 50 35000
0 1021 0 1 149521 23 0 1000 7000 0 1 1 0 1000 50 35000
0 1014 0 1 149543 22 0 1000 7000 0 1 1 0 1000 50 35000
0 1015 0 1 149566 23 0 1000 7000 0 1 1 0 1000 50 35000
0 1014 0 1 149588 22 0 1000 7000 0 1 1 0 1000 50 35000
0 1009 0 1 149611 23 0 1000 7000 0 1 1 0 1000 50 35000
0 1014 0 1 149634 23 0 1000 7000 0 1 1 0 1000 50 35000
0 1015 0 1 149657 23 0 1000 7000 0 1 1 0 1000 50 35000
0 1009 0 1 149680 23 0 1000 7000 0 1 1 0 1000 50 35000
0 1016 0 1 149702 22 0 1000 7000 0 1 1 0 1000 50 35000
0 1013 0 1 149725 23 0 1000 7000 0 1 1 0 1000 50 35000
0 1014 0 1 149747 22 0 1000 7000 0 1 1 0 1000 50 35000
0 1019 0 1 149770 23 0 1000 7000 0 1 1 0 1000 50 35000
0 1015 0 1 149792 22 0 1000 7000 0 1 1 0 1000 50 35000
0 1015 0 1 149815 23 0 1000 7000 0 1 1 0 1000 50 35000
0 1023 0 1 149837 22 0 1000 7000 0 1 1 0 1000 50 35000
0 1015 0 1 149861 24 0 1000 7000 0 1 1 0 1000 50 35000
0 1016 0 1 149883 22 0 1000 7000 0 1 1 0 1000 50 35000
0 1016 0 1 149906 23 0 1000 7000 0 1 1 0 1000 50 35000
0 1012 0 1 149928 22 0 1000 7000 0 1 1 0 1000 50 35000
0 1016 0 1 149951 23 0 1000 7000 0 1 1 0 1000 50 35000
0 1013 0 1 149974 23 0 1000 7000 0 1 1 0 1000 50 35000
0 1012 0 1 149996 22 0 1000 7000 0 1 1 0 1000 50 35000
0 1015 0 1 150019 23 0 1000 7000 0 1 1 0 1000 50 35000
0 1013 0 1 150041 22 0 1000 7000 0 1 1 0 1000 50 35000
0 1014 0 1 150064 23 0 1000 7000 0 1 1 0 1000 50 35000
0 1016 0 1 150087 23 0 1000 7000 0 1 1 0 1000 50 35000
0 1014 0 1 150110 23 0 1000 7000 0 1 1 0 1000 50 35000
0 1015 0 1 150132 22 0 1000 7000 0 1 1 0 1000 50 35000
0 1018 0 1 150155 23 0 1000 7000 0 1 1 0 1000 50 35000
0 1013 0 1 150177 22 0 1000 7000 0 1 1 0 1000 50 35000
0 1016 0 1 150200 23 0 1000 7000 0 1 1 0 1000 50 35000
0 1015 0 1 150222 22 0 1000 7000 0 1 1 0 1000 50 35000
0 1012 0 1 150245 23 0 1000 7000 0 1 1 0 1000 50 35000
0 1016 0 1 150267 22 0 1000 7000 0 1 1 0 1000 50 35000
0 1015 0 1 150290 23 0 1000 7000 0 1 1 0 1000 50 35000
0 1011 0 1 150313 23 0 1000 7000 0 1 1 0 1000 50 35000
0 1014 0 1 150336 23 0 1000 7000 0 1 1 0 1000 50 35000
0 1013 0 1 150359 23 0 1000 7000 0 1 1 0 1000 50 35000
0 1014 0 1 150381 22 0 1000 7000 0 1 1 0 1000 50 35000
0 1017 0 1 150404 23 0 1000 7000 0 1 1 0 1000 50 35000
0 1015 0 1 150426 22 0 1000 7000 0 1 1 0 1000 50 35000
0 1015 0 1 150449 23 0 1000 7000 0 1 1 0 1000 50 35000
0 1017 0 1 150471 22 0 1000 7000 0 1 1 0 1000 50 35000
0 1014 0 1 150494 23 0 1000 7000 0 1 1 0 1000 50 35000
0 1017 0 1 150517 23 0 1000 7000 0 1 1 0 1000 50 35000
0 1015 0 1 150540 23 0 1000 7000 0 1 1 0 1000 50 35000
0 1006 0 1 150562 22 0 1000 7000 0 1 1 0 1000 50 35000
0 1016 0 1 150585 23 0 1000 7000 0 1 1 0 1000 50 35000
0 1014 0 1 150607 22 0 1000 7000 0 1 1 0 1000 50 35000
0 1012 0 1 150630 23 0 1000 7000 0 1 1 0 1000 50 35000
0 1017 0 1 150652 22 0 1000 7000 0 1 1 0 1000 50 35000
0 1014 0 1 150675 23 0 1000 7000 0 1 1 0 1000 50 35000
0 1014 0 1 150697 22 0 1000 7000 0 1 1 0 1000 50 35000
0 1020 0 1 150720 23 0 1000 7000 0 1 1 0 1000 50 35000
0 1014 0 1 150744 24 0 1000 7000 0 1 1 0 1000 50 35000
0 1016 0 1 150766 22 0 1000 7000 0 1 1 0 1000 50 35000
0 1016 0 1 150789 23 0 1000 7000 0 1 1 0 1000 50 35000
0 1012 0 1 150811 22 0 1000 7000 0 1 1 0 1000 50 35000
0 1016 0 1 150834 23 0 1000 7000 0 1 1 0 1000 50 35000
0 1015 0 1 150856 22 0 1000 7000 0 1 1 0 1000 50 35000
0 1012 0 1 150879 23 0 1000 7000 0 1 1 0 1000 50 35000
0 1016 0 1 150901 22 0 1000 7000 0 1 1 0 1000 50 35000
0 1015 0 1 150924 23 0 1000 7000 0 1 1 0 1000 50 35000
0 1014 0 1 150947 23 0 1000 7000 0 1 1 0 1000 50 35000
0 1018 0 1 150970 23 0 1000 7000 0 1 1 0 1000 50 35000
0 1014 0 1 150992 22 0 1000 7000 0 1 1 0 1000 50 35000
0 1012 0 1 151015 23 0 1000 7000 0 1 1 0 1000 50 35000
0 1021 0 1 151037 22 0 1000 7000 0 1 1 0 1000 50 35000
0 1013 0 1 151060 23 0 1000 7000 0 1 1 0 1000 50 35000
0 1014 0 1 151083 23 0 1000 7000 0 1 1 0 1000 50 35000
0 1018 0 1 151105 22 0 1000 7000 0 1 1 0 1000 50 35000
0 1009 0 1 151128 23 0 1000 7000 0 1 1 0 1000 50 35000
0 1016 0 1 151150 22 0 1000 7000 0 1 1 0 1000 50 35000
0 1015 0 1 151174 24 0 1000 7000 0 1 1 0 1000 50 35000
0 1009 0 1 151196 22 0 1000 7000 0 1 1 0 1000 50 35000
0 1016 0 1 151219 23 0 1000 7000 0 1 1 0 1000 50 35000
0 1014 0 1 151241 22 0 1000 7000 0 1 1 0 1000 50 35000
0 1014 0 1 151264 23 0 1000 7000 0 1 1 0 1000 50 35000
0 1022 0 1 151286 22 0 1000 7000 0 1 1 0 1000 50 35000
0 1015 0 1 151309 23 0 1000 7000 0 1 1 0 1000 50 35000
0 1015 0 1 151331 22 0 1000 7000 0 1 1 0 1000 50 35000
0 1016 0 1 151354 23 0 1000 7000 0 1 1 0 1000 50 35000
0 1014 0 1 151376 22 0 1000 7000 0 1 1 0 1000 50 35000
0 1019 0 1 151400 24 0 1000 7000 0 1 1 0 1000 50 35000
0 1015 0 1 151422 22 0 1000 7000 0 1 1 0 1000 50 35000
0 1009 0 1 151445 23 0 1000 7000 0 1 1 0 1000 50 35000
0 1016 0 1 151468 23 0 1000 7000 0 1 1 0 1000 50 35000
0 1015 0 1 151490 22 0 1000 7000 0 1 1 0 1000 50 35000
0 1010 0 1 151513 23 0 1000 7000 0 1 1 0 1000 50 35000
0 1018 0 1 151535 22 0 1000 7000 0 1 1 0 1000 50 35000
0 1012 0 1 151558 23 0 1000 7000 0 1 1 0 1000 50 35000
0 1014 0 1 151580 22 0 1000 7000 0 1 1 0 1000 50 35000
0 1019 0 1 151604 24 0 1000 7000 0 1 1 0 1000 50 35000
0 1014 0 1 151626 22 0 1000 7000 0 1 1 0 1000 50 35000
0 1015 0 1 151649 23 0 1000 7000 0 1 1 0 1000 50 35000
0 1018 0 1 151671 22 0 1000 7000 0 1 1 0 1000 50 35000
0 1015 0 1 151694 23 0 1000 7000 0 1 1 0 1000 50 35000
0 1017 0 1 151716 22 0 1000 7000 0 1 1 0 1000 50 35000
0 1014 0 1 151739 23 0 1000 7000 0 1 1 0 1000 50 35000
0 1012 0 1 151761 22 0 1000 7000 0 1 1 0 1000 50 35000
0 1021 0 1 151784 23 0 1000 7000 0 1 1 0 1000 50 35000
0 1015 0 1 151806 22 0 1000 7000 0 1 1 0 1000 50 35000
0 1013 0 1 151830 24 0 1000 7000 0 1 1 0 1000 50 35000
0 1016 0 1 151853 23 0 1000 7000 0 1 1 0 1000 50 35000
0 1013 0 1 151875 22 0 1000 7000 0 1 1 0 1000 50 35000
0 1013 0 1 151898 23 0 1000 7000 0 1 1 0 1000 50 35000
0 1018 0 1 151920 22 0 1000 7000 0 1 1 0 1000 50 35000
0 1013 0 1 151943 23 0 1000 7000 0 1 1 0 1000 50 35000
0 1015 0 1 151965 22 0 1000 7000 0 1 1 0 1000 50 35000
0 1018 0 1 151988 23 0 1000 7000 0 1 1 0 1000 50 35000
0 1014 0 1 152010 22 0 1000 7000 0 1 1 0 1000 50 35000
0 1020 0 1 152034 24 0 1000 7000 0 1 1 0 1000 50 35000
0 1021 0 1 152056 22 0 1000 7000 0 1 1 0 1000 50 35000
0 1012 0 1 152079 23 0 1000 7000 0 1 1 0 1000 50 35000
0 1016 0 1 152101 22 0 1000 7000 0 1 1 0 1000 50 35000
0 1019 0 1 152124 23 0 1000 7000 0 1 1 0 1000 50 35000
0 1010 0 1 152146 22 0 1000 7000 0 1 1 0 1000 50 35000
0 1016 0 1 152169 23 0 1000 7000 0 1 1 0 1000 50 35000
0 1012 0 1 152192 23 0 1000 7000 0 1 1 0 1000 50 35000
0 1014 0 1 152214 22 0 1000 7000 0 1 1 0 1000 50 35000
0 1016 0 1 152237 23 0 1000 7000 0 1 1 0 1000 50 35000
0 1013 0 1 152260 23 0 1000 7000 0 1 1 0 1000 50 35000
0 1015 0 1 152283 23 0 1000 7000 0 1 1 0 1000 50 35000
0 1016 0 1 152305 22 0 1000 7000 0 1 1 0 1000 50 35000
0 1013 0 1 152328 23 0 1000 7000 0 1 1 0 1000 50 35000
0 1016 0 1 152350 22 0 1000 7000 0 1 1 0 1000 50 35000
0 1015 0 1 152373 23 0 1000 7000 0 1 1 0 1000 50 35000
0 1011 0 1 152395 22 0 1000 7000 0 1 1 0 1000 50 35000
0 1016 0 1 152418 23 0 1000 7000 0 1 1 0 1000 50 35000
0 1014 0 1 152440 22 0 1000 7000 0 1 1 0 1000 50 35000
0 1014 0 1 152464 24 0 1000 7000 0 1 1 0 1000 50 35000
0 1018 0 1 152486 22 0 1000 7000 0 1 1 0 1000 50 35000
0 1013 0 1 152509 23 0 1000 7000 0 1 1 0 1000 50 35000
0 1015 0 1 152531 22 0 1000 7000 0 1 1 0 1000 50 35000
0 1021 0 1 152554 23 0 1000 7000 0 1 1 0 1000 50 35000
0 1013 0 1 152577 23 0 1000 7000 0 1 1 0 1000 50 35000
0 1015 0 1 152599 22 0 1000 7000 0 1 1 0 1000 50 35000
0 1017 0 1 152622 23 0 1000 7000 0 1 1 0 1000 50 35000
0 1012 0 1 152644 22 0 1000 7000 0 1 1 0 1000 50 35000
0 1018 0 1 152667 23 0 1000 7000 0 1 1 0 1000 50 35000
0 1014 0 1 152690 23 0 1000 7000 0 1 1 0 1000 50 35000
0 1010 0 1 152713 23 0 1000 7000 0 1 1 0 1000 50 35000
0 1016 0 1 152735 22 0 1000 7000 0 1 1 0 1000 50 35000
0 1015 0 1 152758 23 0 1000 7000 0 1 1 0 1000 50 35000
0 1015 0 1 152780 22 0 1000 7000 0 1 1 0 1000 50 35000
0 1022 0 1 152803 23 0 1000 7000 0 1 1 0 1000 50 35000
0 1012 0 1 152825 22 0 1000 7000 0 1 1 0 1000 50 35000
0 1022 0 1 152848 23 0 1000 7000 0 1 1 0 1000 50 35000
0 1020 0 1 152870 22 0 1000 7000 0 1 1 0 1000 50 35000
0 1015 0 1 152893 23 0 1000 7000 0 1 1 0 1000 50 35000
0 1014 0 1 152916 23 0 1000 7000 0 1 1 0 1000 50 35000
0 1016 0 1 152939 23 0 1000 7000 0 1 1 0 1000 50 35000
0 1009 0 1 152962 23 0 1000 7000 0 1 1 0 1000 50 35000
0 1016 0 1 152984 22 0 1000 7000 0 1 1 0 1000 50 35000
0 1014 0 1 153007 23 0 1000 7000 0 1 1 0 1000 50 35000
0 1009 0 1 153029 22 0 1000 7000 0 1 1 0 1000 50 35000
0 1016 0 1 153052 23 0 1000 7000 0 1 1 0 1000 50 35000
0 1014 0 1 153074 22 0 1000 7000 0 1 1 0 1000 50 35000
0 1014 0 1 153097 23 0 1000 7000 0 1 1 0 1000 50 35000
0 1023 0 1 153120 23 0 1000 7000 0 1 1 0 1000 50 35000
0 1014 0 1 153143 23 0 1000 7000 0 1 1 0 1000 50 35000
0 1016 0 1 153165 22 0 1000 7000 0 1 1 0 1000 50 35000
0 1020 0 1 153188 23 0 1000 7000 0 1 1 0 1000 50 35000
0 1014 0 1 153210 22 0 1000 7000 0 1 1 0 1000 50 35000
0 1016 0 1 153233 23 0 1000 7000 0 1 1 0 1000 50 35000
0 1015 0 1 153255 22 0 1000 7000 0 1 1 0 1000 50 35000
0 1012 0 1 153278 23 0 1000 7000 0 1 1 0 1000 50 35000
0 1016 0 1 153300 22 0 1000 7000 0 1 1 0 1000 50 35000
0 1012 0 1 153323 23 0 1000 7000 0 1 1 0 1000 50 35000
0 1012 0 1 153347 24 0 1000 7000 0 1 1 0 1000 50 35000
0 1013 0 1 153369 22 0 1000 7000 0 1 1 0 1000 50 35000
0 1013 0 1 153392 23 0 1000 7000 0 1 1 0 1000 50 35000
0 1016 0 1 153414 22 0 1000 7000 0 1 1 0 1000 50 35000
0 1018 0 1 153437 23 0 1000 7000 0 1 1 0 1000 50 35000
0 1014 0 1 153459 22 0 1000 7000 0 1 1 0 1000 50 35000
0 1014 0 1 153482 23 0 1000 7000 0 1 1 0 1000 50 35000
0 1019 0 1 153504 22 0 1000 7000 0 1 1 0 1000 50 35000
0 1014 0 1 153527 23 0 1000 7000 0 1 1 0 1000 50 35000
0 1017 0 1 153550 23 0 1000 7000 0 1 1 0 1000 50 35000
0 1015 0 1 153573 23 0 1000 7000 0 1 1 0 1000 50 35000
0 1008 0 1 153595 22 0 1000 7000 0 1 1 0 1000 50 35000
0 1016 0 1 153618 23 0 1000 7000 0 1 1 0 1000 50 35000
0 1015 0 1 153640 22 0 1000 7000 0 1 1 0 1000 50 35000
0 1011 0 1 153663 23 0 1000 7000 0 1 1 0 1000 50 35000
0 1017 0 1 153686 23 0 1000 7000 0 1 1 0 1000 50 35000
0 1013 0 1 153708 22 0 1000 7000 0 1 1 0 1000 50 35000
0 1015 0 1 153731 23 0 1000 7000 0 1 1 0 1000 50 35000
0 1018 0 1 153753 22 0 1000 7000 0 1 1 0 1000 50 35000
0 1010 0 1 153777 24 0 1000 7000 0 1 1 0 1000 50 35000
0 1016 0 1 153799 22 0 1000 7000 0 1 1 0 1000 50 35000
0 1016 0 1 153822 23 0 1000 7000 0 1 1 0 1000 50 35000
0 1014 0 1 153844 22 0 1000 7000 0 1 1 0 1000 50 35000
0 1017 0 1 153867 23 0 1000 7000 0 1 1 0 1000 50 35000
0 1015 0 1 153889 22 0 1000 7000 0 1 1 0 1000 50 35000
0 1010 0 1 153912 23 0 1000 7000 0 1 1 0 1000 50 35000
0 1016 0 1 153934 22 0 1000 7000 0 1 1 0 1000 50 35000
0 1014 0 1 153957 23 0 1000 7000 0 1 1 0 1000 50 35000
0 1014 0 1 153979 22 0 1000 7000 0 1 1 0 1000 50 35000
0 1017 0 1 154003 24 0 1000 7000 0 1 1 0 1000 50 35000
0 1015 0 1 154025 22 0 1000 7000 0 1 1 0 1000 50 35000
0 1015 0 1 154048 23 0 1000 7000 0 1 1 0 1000 50 35000
0 1020 0 1 154071 23 0 1000 7000 0 1 1 0 1000 50 35000
0 1014 0 1 154093 22 0 1000 7000 0 1 1 0 1000 50 35000
0 1020 0 1 154116 23 0 1000 7000 0 1 1 0 1000 50 35000
0 1016 0 1 154138 22 0 1000 7000 0 1 1 0 1000 50 35000
0 1017 0 1 154161 23 0 1000 7000 0 1 1 0 1000 50 35000
0 1016 0 1 154183 22 0 1000 7000 0 1 1 0 1000 50 35000
0 1015 0 1 154207 24 0 1000 7000 0 1 1 0 1000 50 35000
0 1009 0 1 154229 22 0 1000 7000 0 1 1 0 1000 50 35000
0 1016 0 1 154252 23 0 1000 7000 0 1 1 0 1000 50 35000
0 1015 0 1 154274 22 0 1000 7000 0 1 1 0 1000 50 35000
0 1013 0 1 154297 23 0 1000 7000 0 1 1 0 1000 50 35000
0 1018 0 1 154319 22 0 1000 7000 0 1 1 0 1000 50 35000
0 1014 0 1 154342 23 0 1000 7000 0 1 1 0 1000 50 35000
0 1017 0 1 154364 22 0 1000 7000 0 1 1 0 1000 50 35000
0 1021 0 1 154387 23 0 1000 7000 0 1 1 0 1000 50 35000
0 1015 0 1 154409 22 0 1000 7000 0 1 1 0 1000 50 35000
0 1012 0 1 154433 24 0 1000 7000 0 1 1 0 1000 50 35000
0 1017 0 1 154456 23 0 1000 7000 0 1 1 0 1000 50 35000
0 1007 0 1 154478 22 0 1000 7000 0 1 1 0 1000 50 35000
0 1016 0 1 154501 23 0 1000 7000 0 1 1 0 1000 50 35000
0 1015 0 1 154523 22 0 1000 7000 0 1 1 0 1000 50 35000
0 1010 0 1 154546 23 0 1000 7000 0 1 1 0 1000 50 35000
0 1016 0 1 154568 22 0 1000 7000 0 1 1 0 1000 50 35000
0 1014 0 1 154591 23 0 1000 7000 0 1 1 0 1000 50 35000
0 1014 0 1 154613 22 0 1000 7000 0 1 1 0 1000 50 35000
0 1016 0 1 154637 24 0 1000 7000 0 1 1 0 1000 50 35000
0 1014 0 1 154659 22 0 1000 7000 0 1 1 0 1000 50 35000
0 1015 0 1 154682 23 0 1000 7000 0 1 1 0 1000 50 35000
0 1021 0 1 154704 22 0 1000 7000 0 1 1 0 1000 50 35000
0 1014 0 1 154727 23 0 1000 7000 0 1 1 0 1000 50 35000
0 1016 0 1 154749 22 0 1000 7000 0 1 1 0 1000 50 35000
0 1016 0 1 154772 23 0 1000 7000 0 1 1 0 1000 50 35000
0 1010 0 1 154795 23 0 1000 7000 0 1 1 0 1000 50 35000
0 1016 0 1 154817 22 0 1000 7000 0 1 1 0 1000 50 35000
0 1016 0 1 154840 23 0 1000 7000 0 1 1 0 1000 50 35000
0 1011 0 1 154863 23 0 1000 7000 0 1 1 0 1000 50 35000
0 1016 0 1 154886 23 0 1000 7000 0 1 1 0 1000 50 35000
0 1014 0 1 154908 22 0 1000 7000 0 1 1 0 1000 50 35000
0 1015 0 1 154931 23 0 1000 7000 0 1 1 0 1000 50 35000
0 1019 0 1 154953 22 0 1000 7000 0 1 1 0 1000 50 35000
0 1014 0 1 154976 23 0 1000 7000 0 1 1 0 1000 50 35000
0 1015 0 1 154998 22 0 1000 7000 0 1 1 0 1000 50 35000
0 1018 0 1 155021 23 0 1000 7000 0 1 1 0 1000 50 35000
0 1014 0 1 155043 22 0 1000 7000 0 1 1 0 1000 50 35000
0 1018 0 1 155067 24 0 1000 7000 0 1 1 0 1000 50 35000
0 1015 0 1 155089 22 0 1000 7000 0 1 1 0 1000 50 35000
0 1013 0 1 155112 23 0 1000 7000 0 1 1 0 1000 50 35000
0 1016 0 1 155134 22 0 1000 7000 0 1 1 0 1000 50 35000
0 1015 0 1 155157 23 0 1000 7000 0 1 1 0 1000 50 35000
0 1011 0 1 155180 23 0 1000 7000 0 1 1 0 1000 50 35000
0 1016 0 1 155202 22 0 1000 7000 0 1 1 0 1000 50 35000
0 1013 0 1 155225 23 0 1000 7000 0 1 1 0 1000 50 35000
0 1014 0 1 155247 22 0 1000 7000 0 1 1 0 1000 50 35000
0 1023 0 1 155270 23 0 1000 7000 0 1 1 0 1000 50 35000
0 1014 0 1 155293 23 0 1000 7000 0 1 1 0 1000 50 35000
0 1015 0 1 155316 23 0 1000 7000 0 1 1 0 1000 50 35000
0 1019 0 1 155338 22 0 1000 7000 0 1 1 0 1000 50 35000
0 1014 0 1 155361 23 0 1000 7000 0 1 1 0 1000 50 35000
0 1018 0 1 155383 22 0 1000 7000 0 1 1 0 1000 50 35000
0 1015 0 1 155406 23 0 1000 7000 0 1 1 0 1000 50 35000
0 1012 0 1 155428 22 0 1000 7000 0 1 1 0 1000 50 35000
0 1017 0 1 155451 23 0 1000 7000 0 1 1 0 1000 50 35000
0 1016 0 1 155473 22 0 1000 7000 0 1 1 0 1000 50 35000
0 1013 0 1 155496 23 0 1000 7000 0 1 1 0 1000 50 35000
0 1016 0 1 155520 24 0 1000 7000 0 1 1 0 1000 50 35000
0 1014 0 1 155542 22 0 1000 7000 0 1 1 0 1000 50 35000
0 1009 0 1 155565 23 0 1000 7000 0 1 1 0 1000 50 35000
0 1019 0 1 155587 22 0 1000 7000 0 1 1 0 1000 50 35000
0 1012 0 1 155610 23 0 1000 7000 0 1 1 0 1000 50 35000
0 1015 0 1 155632 22 0 1000 7000 0 1 1 0 1000 50 35000
0 1017 0 1 155655 23 0 1000 7000 0 1 1 0 1000 50 35000
0 1014 0 1 155677 22 0 1000 7000 0 1 1 0 1000 50 35000
0 1016 0 1 155700 23 0 1000 7000 0 1 1 0 1000 50 35000
0 1015 0 1 155723 23 0 1000 7000 0 1 1 0 1000 50 35000
0 1010 0 1 155746 23 0 1000 7000 0 1 1 0 1000 50 35000
0 1016 0 1 155768 22 0 1000 7000 0 1 1 0 1000 50 35000
0 1015 0 1 155791 23 0 1000 7000 0 1 1 0 1000 50 35000
0 1014 0 1 155813 22 0 1000 7000 0 1 1 0 1000 50 35000
0 1018 0 1 155836 23 0 1000 7000 0 1 1 0 1000 50 35000
0 1014 0 1 155858 22 0 1000 7000 0 1 1 0 1000 50 35000
0 1016 0 1 155881 23 0 1000 7000 0 1 1 0 1000 50 35000
0 1021 0 1 155904 23 0 1000 7000 0 1 1 0 1000 50 35000
0 1014 0 1 155926 22 0 1000 7000 0 1 1 0 1000 50 35000
0 1016 0 1 155950 24 0 1000 7000 0 1 1 0 1000 50 35000
0 1017 0 1 155972 22 0 1000 7000 0 1 1 0 1000 50 35000
0 1011 0 1 155995 23 0 1000 7000 0 1 1 0 1000 50 35000
0 1017 0 1 156017 22 0 1000 7000 0 1 1 0 1000 50 35000
0 1015 0 1 156040 23 0 1000 7000 0 1 1 0 1000 50 35000
0 1007 0 1 156062 22 0 1000 7000 0 1 1 0 1000 50 35000
0 1014 0 1 156085 23 0 1000 7000 0 1 1 0 1000 50 35000
0 1015 0 1 156107 22 0 1000 7000 0 1 1 0 1000 50 35000
0 1014 0 1 156130 23 0 1000 7000 0 1 1 0 1000 50 35000
0 1016 0 1 156153 23 0 1000 7000 0 1 1 0 1000 50 35000
0 1014 0 1 156176 23 0 1000 7000 0 1 1 0 1000 50 35000
0 1016 0 1 156198 22 0 1000 7000 0 1 1 0 1000 50 35000
0 1020 0 1 156221 23 0 1000 7000 0 1 1 0 1000 50 35000
0 1014 0 1 156243 22 0 1000 7000 0 1 1 0 1000 50 35000
0 1016 0 1 156266 23 0 1000 7000 0 1 1 0 1000 50 35000
0 1018 0 1 156289 23 0 1000 7000 0 1 1 0 1000 50 35000
0 1009 0 1 156311 22 0 1000 7000 0 1 1 0 1000 50 35000
0 1014 0 1 156334 23 0 1000 7000 0 1 1 0 1000 50 35000
0 1016 0 1 156356 22 0 1000 7000 0 1 1 0 1000 50 35000
0 1006 0 1 156380 24 0 1000 7000 0 1 1 0 1000 50 35000
0 1017 0 1 156402 22 0 1000 7000 0 1 1 0 1000 50 35000
0 1012 0 1 156425 23 0 1000 7000 0 1 1 0 1000 50 35000
0 1014 0 1 156447 22 0 1000 7000 0 1 1 0 1000 50 35000
0 1020 0 1 156470 23 0 1000 7000 0 1 1 0 1000 50 35000
0 1015 0 1 156492 22 0 1000 7000 0 1 1 0 1000 50 35000
0 1016 0 1 156515 23 0 1000 7000 0 1 1 0 1000 50 35000
0 1018 0 1 156537 22 0 1000 7000 0 1 1 0 1000 50 35000
0 1014 0 1 156560 23 0 1000 7000 0 1 1 0 1000 50 35000
0 1016 0 1 156582 22 0 1000 7000 0 1 1 0 1000 50 35000
0 1016 0 1 156606 24 0 1000 7000 0 1 1 0 1000 50 35000
0 1012 0 1 156628 22 0 1000 7000 0 1 1 0 1000 50 35000
0 1015 0 1 156651 23 0 1000 7000 0 1 1 0 1000 50 35000
0 1015 0 1 156674 23 0 1000 7000 0 1 1 0 1000 50 35000
0 1011 0 1 156696 22 0 1000 7000 0 1 1 0 1000 50 35000
0 1015 0 1 156719 23 0 1000 7000 0 1 1 0 1000 50 35000
0 1014 0 1 156741 22 0 1000 7000 0 1 1 0 1000 50 35000
0 1015 0 1 156764 23 0 1000 7000 0 1 1 0 1000 50 35000
0 1019 0 1 156786 22 0 1000 7000 0 1 1 0 1000 50 35000
0 1014 0 1 156810 24 0 1000 7000 0 1 1 0 1000 50 35000
0 1015 0 1 156832 22 0 1000 7000 0 1 1 0 1000 50 35000
0 1020 0 1 156855 23 0 1000 7000 0 1 1 0 1000 50 35000
0 1016 0 1 156877 22 0 1000 7000 0 1 1 0 1000 50 35000
0 1017 0 1 156900 23 0 1000 7000 0 1 1 0 1000 50 35000
0 1015 0 1 156922 22 0 1000 7000 0 1 1 0 1000 50 35000
0 1007 0 1 156945 23 0 1000 7000 0 1 1 0 1000 50 35000
0 1016 0 1 156967 22 0 1000 7000 0 1 1 0 1000 50 35000
0 1015 0 1 156990 23 0 1000 7000 0 1 1 0 1000 50 35000
0 1012 0 1 157012 22 0 1000 7000 0 1 1 0 1000 50 35000
0 1017 0 1 157036 24 0 1000 7000 0 1 1 0 1000 50 35000
0 1014 0 1 157059 23 0 1000 7000 0 1 1 0 1000 50 35000
0 1014 0 1 157081 22 0 1000 7000 0 1 1 0 1000 50 35000
0 1020 0 1 157104 23 0 1000 7000 0 1 1 0 1000 50 35000
0 1017 0 1 157126 22 0 1000 7000 0 1 1 0 1000 50 35000
0 1016 0 1 157149 23 0 1000 7000 0 1 1 0 1000 50 35000
0 1016 0 1 157171 22 0 1000 7000 0 1 1 0 1000 50 35000
0 1015 0 1 157194 23 0 1000 7000 0 1 1 0 1000 50 35000
0 1016 0 1 157216 22 0 1000 7000 0 1 1 0 1000 50 35000
0 1016 0 1 157240 24 0 1000 7000 0 1 1 0 1000 50 35000
0 1012 0 1 157262 22 0 1000 7000 0 1 1 0 1000 50 35000
0 1016 0 1 157285 23 0 1000 7000 0 1 1 0 1000 50 35000
0 1015 0 1 157307 22 0 1000 7000 0 1 1 0 1000 50 35000
0 1013 0 1 157330 23 0 1000 7000 0 1 1 0 1000 50 35000
0 1016 0 1 157352 22 0 1000 7000 0 1 1 0 1000 50 35000
0 1014 0 1 157375 23 0 1000 7000 0 1 1 0 1000 50 35000
0 1015 0 1 157398 23 0 1000 7000 0 1 1 0 1000 50 35000
0 1020 0 1 157420 22 0 1000 7000 0 1 1 0 1000 50 35000
0 1015 0 1 157443 23 0 1000 7000 0 1 1 0 1000 50 35000
0 1018 0 1 157466 23 0 1000 7000 0 1 1 0 1000 50 35000
0 1016 0 1 157489 23 0 1000 7000 0 1 1 0 1000 50 35000
0 1012 0 1 157511 22 0 1000 7000 0 1 1 0 1000 50 35000
0 1016 0 1 157534 23 0 1000 7000 0 1 1 0 1000 50 35000
0 1015 0 1 157556 22 0 1000 7000 0 1 1 0 1000 50 35000
0 1009 0 1 157579 23 0 1000 7000 0 1 1 0 1000 50 35000
0 1017 0 1 157601 22 0 1000 7000 0 1 1 0 1000 50 35000
0 1015 0 1 157624 23 0 1000 7000 0 1 1 0 1000 50 35000
0 1016 0 1 157646 22 0 1000 7000 0 1 1 0 1000 50 35000
0 1019 0 1 157670 24 0 1000 7000 0 1 1 0 1000 50 35000
0 1014 0 1 157692 22 0 1000 7000 0 1 1 0 1000 50 35000
0 1015 0 1 157715 23 0 1000 7000 0 1 1 0 1000 50 35000
0 1020 0 1 157737 22 0 1000 7000 0 1 1 0 1000 50 35000
0 1013 0 1 157760 23 0 1000 7000 0 1 1 0 1000 50 35000
0 1015 0 1 157783 23 0 1000 7000 0 1 1 0 1000 50 35000
0 1023 0 1 157805 22 0 1000 7000 0 1 1 0 1000 50 35000
0 1007 0 1 157828 23 0 1000 7000 0 1 1 0 1000 50 35000
0 1014 0 1 157850 22 0 1000 7000 0 1 1 0 1000 50 35000
0 1016 0 1 157873 23 0 1000 7000 0 1 1 0 1000 50 35000
0 1009 0 1 157896 23 0 1000 7000 0 1 1 0 1000 50 35000
0 1017 0 1 157919 23 0 1000 7000 0 1 1 0 1000 50 35000
0 1015 0 1 157941 22 0 1000 7000 0 1 1 0 1000 50 35000
0 1014 0 1 157964 23 0 1000 7000 0 1 1 0 1000 50 35000
0 1023 0 1 157986 22 0 1000 7000 0 1 1 0 1000 50 35000
0 1014 0 1 158009 23 0 1000 7000 0 1 1 0 1000 50 35000
0 1016 0 1 158031 22 0 1000 7000 0 1 1 0 1000 50 35000
0 1021 0 1 158054 23 0 1000 7000 0 1 1 0 1000 50 35000
0 1016 0 1 158076 22 0 1000 7000 0 1 1 0 1000 50 35000
0 1017 0 1 158099 23 0 1000 7000 0 1 1 0 1000 50 35000
0 1016 0 1 158123 24 0 1000 7000 0 1 1 0 1000 50 35000
0 1011 0 1 158145 22 0 1000 7000 0 1 1 0 1000 50 35000
0 1017 0 1 158168 23 0 1000 7000 0 1 1 0 1000 50 35000
0 1016 0 1 158190 22 0 1000 7000 0 1 1 0 1000 50 35000
0 1010 0 1 158213 23 0 1000 7000 0 1 1 0 1000 50 35000
0 1018 0 1 158235 22 0 1000 7000 0 1 1 0 1000 50 35000
0 1014 0 1 158258 23 0 1000 7000 0 1 1 0 1000 50 35000
0 1015 0 1 158280 22 0 1000 7000 0 1 1 0 1000 50 35000
0 1019 0 1 158303 23 0 1000 7000 0 1 1 0 1000 50 35000
0 1015 0 1 158326 23 0 1000 7000 0 1 1 0 1000 50 35000
0 1017 0 1 158349 23 0 1000 7000 0 1 1 0 1000 50 35000
0 1019 0 1 158371 22 0 1000 7000 0 1 1 0 1000 50 35000
0 1016 0 1 158394 23 0 1000 7000 0 1 1 0 1000 50 35000
0 1017 0 1 158416 22 0 1000 7000 0 1 1 0 1000 50 35000
0 1015 0 1 158439 23 0 1000 7000 0 1 1 0 1000 50 35000
0 1013 0 1 158461 22 0 1000 7000 0 1 1 0 1000 50 35000
0 1018 0 1 158484 23 0 1000 7000 0 1 1 0 1000 50 35000
0 1016 0 1 158507 23 0 1000 7000 0 1 1 0 1000 50 35000
0 1012 0 1 158529 22 0 1000 7000 0 1 1 0 1000 50 35000
0 1019 0 1 158553 24 0 1000 7000 0 1 1 0 1000 50 35000
0 1014 0 1 158575 22 0 1000 7000 0 1 1 0 1000 50 35000
0 1016 0 1 158598 23 0 1000 7000 0 1 1 0 1000 50 35000
0 1016 0 1 158620 22 0 1000 7000 0 1 1 0 1000 50 35000
0 1014 0 1 158643 23 0 1000 7000 0 1 1 0 1000 50 35000
0 1016 0 1 158665 22 0 1000 7000 0 1 1 0 1000 50 35000
0 1020 0 1 158688 23 0 1000 7000 0 1 1 0 1000 50 35000
0 1014 0 1 158710 22 0 1000 7000 0 1 1 0 1000 50 35000
0 1018 0 1 158733 23 0 1000 7000 0 1 1 0 1000 50 35000
0 1016 0 1 158756 23 0 1000 7000 0 1 1 0 1000 50 35000
0 1019 0 1 158779 23 0 1000 7000 0 1 1 0 1000 50 35000
0 1017 0 1 158801 22 0 1000 7000 0 1 1 0 1000 50 35000
0 1015 0 1 158824 23 0 1000 7000 0 1 1 0 1000 50 35000
0 1013 0 1 158846 22 0 1000 7000 0 1 1 0 1000 50 35000
0 1016 0 1 158869 23 0 1000 7000 0 1 1 0 1000 50 35000
0 1012 0 1 158892 23 0 1000 7000 0 1 1 0 1000 50 35000
0 1015 0 1 158914 22 0 1000 7000 0 1 1 0 1000 50 35000
0 1018 0 1 158937 23 0 1000 7000 0 1 1 0 1000 50 35000
0 1015 0 1 158959 22 0 1000 7000 0 1 1 0 1000 50 35000
0 1016 0 1 158983 24 0 1000 7000 0 1 1 0 1000 50 35000
0 1017 0 1 159005 22 0 1000 7000 0 1 1 0 1000 50 35000
0 1013 0 1 159028 23 0 1000 7000 0 1 1 0 1000 50 35000
0 1017 0 1 159050 22 0 1000 7000 0 1 1 0 1000 50 35000
0 1016 0 1 159073 23 0 1000 7000 0 1 1 0 1000 50 35000
0 1010 0 1 159095 22 0 1000 7000 0 1 1 0 1000 50 35000
0 1017 0 1 159118 23 0 1000 7000 0 1 1 0 1000 50 35000
0 1015 0 1 159140 22 0 1000 7000 0 1 1 0 1000 50 35000
0 1014 0 1 159163 23 0 1000 7000 0 1 1 0 1000 50 35000
0 1019 0 1 159185 22 0 1000 7000 0 1 1 0 1000 50 35000
0 1014 0 1 159209 24 0 1000 7000 0 1 1 0 1000 50 35000
0 1016 0 1 159232 23 0 1000 7000 0 1 1 0 1000 50 35000
0 1017 0 1 159254 22 0 1000 7000 0 1 1 0 1000 50 35000
0 1014 0 1 159277 23 0 1000 7000 0 1 1 0 1000 50 35000
0 1016 0 1 159299 22 0 1000 7000 0 1 1 0 1000 50 35000
0 1015 0 1 159322 23 0 1000 7000 0 1 1 0 1000 50 35000
0 1012 0 1 159344 22 0 1000 7000 0 1 1 0 1000 50 35000
0 1018 0 1 159367 23 0 1000 7000 0 1 1 0 1000 50 35000
0 1016 0 1 159389 22 0 1000 7000 0 1 1 0 1000 50 35000
0 1010 0 1 159413 24 0 1000 7000 0 1 1 0 1000 50 35000
0 1017 0 1 159435 22 0 1000 7000 0 1 1 0 1000 50 35000
0 1016 0 1 159458 23 0 1000 7000 0 1 1 0 1000 50 35000
0 1015 0 1 159480 22 0 1000 7000 0 1 1 0 1000 50 35000
0 1023 0 1 159503 23 0 1000 7000 0 1 1 0 1000 50 35000
0 1015 0 1 159525 22 0 1000 7000 0 1 1 0 1000 50 35000
0 1016 0 1 159548 23 0 1000 7000 0 1 1 0 1000 50 35000
0 1022 0 1 159570 22 0 1000 7000 0 1 1 0 1000 50 35000
0 1015 0 1 159593 23 0 1000 7000 0 1 1 0 1000 50 35000
0 1016 0 1 159616 23 0 1000 7000 0 1 1 0 1000 50 35000
0 1017 0 1 159639 23 0 1000 7000 0 1 1 0 1000 50 35000
0 1008 0 1 159662 23 0 1000 7000 0 1 1 0 1000 50 35000
0 1016 0 1 159684 22 0 1000 7000 0 1 1 0 1000 50 35000
0 1015 0 1 159707 23 0 1000 7000 0 1 1 0 1000 50 35000
0 1010 0 1 159729 22 0 1000 7000 0 1 1 0 1000 50 35000
0 1016 0 1 159752 23 0 1000 7000 0 1 1 0 1000 50 35000
0 1015 0 1 159774 22 0 1000 7000 0 1 1 0 1000 50 35000
0 1013 0 1 159797 23 0 1000 7000 0 1 1 0 1000 50 35000
0 1023 0 1 159819 22 0 1000 7000 0 1 1 0 1000 50 35000
0 1014 0 1 159843 24 0 1000 7000 0 1 1 0 1000 50 35000
0 1016 0 1 159865 22 0 1000 7000 0 1 1 0 1000 50 35000
0 1019 0 1 159888 23 0 1000 7000 0 1 1 0 1000 50 35000
0 1014 0 1 159910 22 0 1000 7000 0 1 1 0 1000 50 35000
0 1016 0 1 159933 23 0 1000 7000 0 1 1 0 1000 50 35000
0 1016 0 1 159955 22 0 1000 7000 0 1 1 0 1000 50 35000
0 1011 0 1 159978 23 0 1000 7000 0 1 1 0 1000 50 35000
0 1016 0 1 160001 23 0 1000 7000 0 1 1 0 1000 50 35000
0 1015 0 1 160023 22 0 1000 7000 0 1 1 0 1000 50 35000
0 1012 0 1 160046 23 0 1000 7000 0 1 1 0 1000 50 35000
0 1016 0 1 160069 23 0 1000 7000 0 1 1 0 1000 50 35000
0 1014 0 1 160092 23 0 1000 7000 0 1 1 0 1000 50 35000
0 1015 0 1 160114 22 0 1000 7000 0 1 1 0 1000 50 35000
0 1019 0 1 160137 23 0 1000 7000 0 1 1 0 1000 50 35000
0 1014 0 1 160159 22 0 1000 7000 0 1 1 0 1000 50 35000
0 1016 0 1 160182 23 0 1000 7000 0 1 1 0 1000 50 35000
0 1023 0 1 160204 22 0 1000 7000 0 1 1 0 1000 50 35000
0 1020 0 1 160227 23 0 1000 7000 0 1 1 0 1000 50 35000
0 1017 0 1 160249 22 0 1000 7000 0 1 1 0 1000 50 35000
0 1016 0 1 160272 23 0 1000 7000 0 1 1 0 1000 50 35000
0 1012 0 1 160295 23 0 1000 7000 0 1 1 0 1000 50 35000
0 1017 0 1 160318 23 0 1000 7000 0 1 1 0 1000 50 35000
0 1017 0 1 160340 22 0 1000 7000 0 1 1 0 1000 50 35000
0 1011 0 1 160363 23 0 1000 7000 0 1 1 0 1000 50 35000
0 1016 0 1 160386 23 0 1000 7000 0 1 1 0 1000 50 35000
0 1014 0 1 160408 22 0 1000 7000 0 1 1 0 1000 50 35000
0 1006 0 1 160431 23 0 1000 7000 0 1 1 0 1000 50 35000
0 1019 0 1 160453 22 0 1000 7000 0 1 1 0 1000 50 35000
0 1014 0 1 160476 23 0 1000 7000 0 1 1 0 1000 50 35000
0 1016 0 1 160499 23 0 1000 7000 0 1 1 0 1000 50 35000
0 1019 0 1 160522 23 0 1000 7000 0 1 1 0 1000 50 35000
0 1016 0 1 160544 22 0 1000 7000 0 1 1 0 1000 50 35000
0 1018 0 1 160567 23 0 1000 7000 0 1 1 0 1000 50 35000
0 1022 0 1 160589 22 0 1000 7000 0 1 1 0 1000 50 35000
0 1014 0 1 160612 23 0 1000 7000 0 1 1 0 1000 50 35000
0 1017 0 1 160634 22 0 1000 7000 0 1 1 0 1000 50 35000
0 1016 0 1 160657 23 0 1000 7000 0 1 1 0 1000 50 35000
0 1013 0 1 160679 22 0 1000 7000 0 1 1 0 1000 50 35000
0 1019 0 1 160702 23 0 1000 7000 0 1 1 0 1000 50 35000
0 1014 0 1 160726 24 0 1000 7000 0 1 1 0 1000 50 35000
0 1015 0 1 160748 22 0 1000 7000 0 1 1 0 1000 50 35000
0 1020 0 1 160771 23 0 1000 7000 0 1 1 0 1000 50 35000
0 1014 0 1 160793 22 0 1000 7000 0 1 1 0 1000 50 35000
0 1015 0 1 160816 23 0 1000 7000 0 1 1 0 1000 50 35000
0 1017 0 1 160838 22 0 1000 7000 0 1 1 0 1000 50 35000
0 1012 0 1 160861 23 0 1000 7000 0 1 1 0 1000 50 35000
0 1017 0 1 160883 22 0 1000 7000 0 1 1 0 1000 50 35000
0 1016 0 1 160906 23 0 1000 7000 0 1 1 0 1000 50 35000
0 1016 0 1 160928 22 0 1000 7000 0 1 1 0 1000 50 35000
0 1017 0 1 160952 24 0 1000 7000 0 1 1 0 1000 50 35000
0 1015 0 1 160974 22 0 1000 7000 0 1 1 0 1000 50 35000
0 1017 0 1 160997 23 0 1000 7000 0 1 1 0 1000 50 35000
0 1018 0 1 161019 22 0 1000 7000 0 1 1 0 1000 50 35000
0 1018 0 1 161042 23 0 1000 7000 0 1 1 0 1000 50 35000
0 1015 0 1 161064 22 0 1000 7000 0 1 1 0 1000 50 35000
0 1020 0 1 161087 23 0 1000 7000 0 1 1 0 1000 50 35000
0 1014 0 1 161110 23 0 1000 7000 0 1 1 0 1000 50 35000
0 1016 0 1 161132 22 0 1000 7000 0 1 1 0 1000 50 35000
0 1016 0 1 161156 24 0 1000 7000 0 1 1 0 1000 50 35000
0 1013 0 1 161178 22 0 1000 7000 0 1 1 0 1000 50 35000
0 1017 0 1 161201 23 0 1000 7000 0 1 1 0 1000 50 35000
0 1016 0 1 161223 22 0 1000 7000 0 1 1 0 1000 50 35000
0 1009 0 1 161246 23 0 1000 7000 0 1 1 0 1000 50 35000
0 1018 0 1 161268 22 0 1000 7000 0 1 1 0 1000 50 35000
0 1015 0 1 161291 23 0 1000 7000 0 1 1 0 1000 50 35000
0 1014 0 1 161313 22 0 1000 7000 0 1 1 0 1000 50 35000
0 1023 0 1 161336 23 0 1000 7000 0 1 1 0 1000 50 35000
0 1015 0 1 161358 22 0 1000 7000 0 1 1 0 1000 50 35000
0 1017 0 1 161382 24 0 1000 7000 0 1 1 0 1000 50 35000
0 1023 0 1 161404 22 0 1000 7000 0 1 1 0 1000 50 35000
0 1014 0 1 161427 23 0 1000 7000 0 1 1 0 1000 50 35000
0 1016 0 1 161449 22 0 1000 7000 0 1 1 0 1000 50 35000
0 1017 0 1 161472 23 0 1000 7000 0 1 1 0 1000 50 35000
0 1008 0 1 161495 23 0 1000 7000 0 1 1 0 1000 50 35000
0 1016 0 1 161517 22 0 1000 7000 0 1 1 0 1000 50 35000
0 1016 0 1 161540 23 0 1000 7000 0 1 1 0 1000 50 35000
0 1010 0 1 161562 22 0 1000 7000 0 1 1 0 1000 50 35000
0 1017 0 1 161586 24 0 1000 7000 0 1 1 0 1000 50 35000
0 1015 0 1 161608 22 0 1000 7000 0 1 1 0 1000 50 35000
0 1015 0 1 161631 23 0 1000 7000 0 1 1 0 1000 50 35000
0 1022 0 1 161653 22 0 1000 7000 0 1 1 0 1000 50 35000
0 1012 0 1 161676 23 0 1000 7000 0 1 1 0 1000 50 35000
0 1016 0 1 161698 22 0 1000 7000 0 1 1 0 1000 50 35000
0 1019 0 1 161721 23 0 1000 7000 0 1 1 0 1000 50 35000
0 1015 0 1 161743 22 0 1000 7000 0 1 1 0 1000 50 35000
0 1017 0 1 161766 23 0 1000 7000 0 1 1 0 1000 50 35000
0 1017 0 1 161788 22 0 1000 7000 0 1 1 0 1000 50 35000
0 1011 0 1 161812 24 0 1000 7000 0 1 1 0 1000 50 35000
0 1017 0 1 161835 23 0 1000 7000 0 1 1 0 1000 50 35000
0 1015 0 1 161857 22 0 1000 7000 0 1 1 0 1000 50 35000
0 1013 0 1 161880 23 0 1000 7000 0 1 1 0 1000 50 35000
0 1016 0 1 161902 22 0 1000 7000 0 1 1 0 1000 50 35000
0 1013 0 1 161925 23 0 1000 7000 0 1 1 0 1000 50 35000
0 1015 0 1 161947 22 0 1000 7000 0 1 1 0 1000 50 35000
0 1018 0 1 161970 23 0 1000 7000 0 1 1 0 1000 50 35000
0 1015 0 1 161992 22 0 1000 7000 0 1 1 0 1000 50 35000
0 1016 0 1 162016 24 0 1000 7000 0 1 1 0 1000 50 35000
0 1018 0 1 162038 22 0 1000 7000 0 1 1 0 1000 50 35000
0 1015 0 1 162061 23 0 1000 7000 0 1 1 0 1000 50 35000
0 1018 0 1 162083 22 0 1000 7000 0 1 1 0 1000 50 35000
0 1016 0 1 162106 23 0 1000 7000 0 1 1 0 1000 50 35000
0 1016 0 1 162128 22 0 1000 7000 0 1 1 0 1000 50 35000
0 1017 0 1 162151 23 0 1000 7000 0 1 1 0 1000 50 35000
0 1013 0 1 162173 22 0 1000 7000 0 1 1 0 1000 50 35000
0 1012 0 1 162196 23 0 1000 7000 0 1 1 0 1000 50 35000
0 1018 0 1 162219 23 0 1000 7000 0 1 1 0 1000 50 35000
0 1014 0 1 162242 23 0 1000 7000 0 1 1 0 1000 50 35000
0 1016 0 1 162265 23 0 1000 7000 0 1 1 0 1000 50 35000
0 1018 0 1 162287 22 0 1000 7000 0 1 1 0 1000 50 35000
0 1016 0 1 162310 23 0 1000 7000 0 1 1 0 1000 50 35000
0 1020 0 1 162332 22 0 1000 7000 0 1 1 0 1000 50 35000
0 1019 0 1 162355 23 0 1000 7000 0 1 1 0 1000 50 35000
0 1015 0 1 162377 22 0 1000 7000 0 1 1 0 1000 50 35000
0 1017 0 1 162400 23 0 1000 7000 0 1 1 0 1000 50 35000
0 1017 0 1 162422 22 0 1000 7000 0 1 1 0 1000 50 35000
0 1012 0 1 162445 23 0 1000 7000 0 1 1 0 1000 50 35000
0 1017 0 1 162468 23 0 1000 7000 0 1 1 0 1000 50 35000
0 1013 0 1 162491 23 0 1000 7000 0 1 1 0 1000 50 35000
0 1014 0 1 162513 22 0 1000 7000 0 1 1 0 1000 50 35000
0 1014 0 1 162536 23 0 1000 7000 0 1 1 0 1000 50 35000
0 1014 0 1 162558 22 0 1000 7000 0 1 1 0 1000 50 35000
0 1015 0 1 162581 23 0 1000 7000 0 1 1 0 1000 50 35000
0 1019 0 1 162604 23 0 1000 7000 0 1 1 0 1000 50 35000
0 1014 0 1 162626 22 0 1000 7000 0 1 1 0 1000 50 35000
0 1016 0 1 162649 23 0 1000 7000 0 1 1 0 1000 50 35000
0 1018 0 1 162672 23 0 1000 7000 0 1 1 0 1000 50 35000
0 1013 0 1 162695 23 0 1000 7000 0 1 1 0 1000 50 35000
0 1017 0 1 162717 22 0 1000 7000 0 1 1 0 1000 50 35000
0 1008 0 1 162740 23 0 1000 7000 0 1 1 0 1000 50 35000
0 1011 0 1 162762 22 0 1000 7000 0 1 1 0 1000 50 35000
0 1017 0 1 162785 23 0 1000 7000 0 1 1 0 1000 50 35000
0 1017 0 1 162807 22 0 1000 7000 0 1 1 0 1000 50 35000
0 1015 0 1 162830 23 0 1000 7000 0 1 1 0 1000 50 35000
0 1018 0 1 162852 22 0 1000 7000 0 1 1 0 1000 50 35000
0 1015 0 1 162875 23 0 1000 7000 0 1 1 0 1000 50 35000
0 1016 0 1 162898 23 0 1000 7000 0 1 1 0 1000 50 35000
0 1017 0 1 162921 23 0 1000 7000 0 1 1 0 1000 50 35000
0 1015 0 1 162944 23 0 1000 7000 0 1 1 0 1000 50 35000
0 1016 0 1 162966 22 0 1000 7000 0 1 1 0 1000 50 35000
0 1016 0 1 162989 23 0 1000 7000 0 1 1 0 1000 50 35000
0 1012 0 1 163011 22 0 1000 7000 0 1 1 0 1000 50 35000
0 1018 0 1 163034 23 0 1000 7000 0 1 1 0 1000 50 35000
0 1007 0 1 163056 22 0 1000 7000 0 1 1 0 1000 50 35000
0 1007 0 1 163079 23 0 1000 7000 0 1 1 0 1000 50 35000
0 1017 0 1 163102 23 0 1000 7000 0 1 1 0 1000 50 35000
0 1015 0 1 163125 23 0 1000 7000 0 1 1 0 1000 50 35000
0 1012 0 1 163147 22 0 1000 7000 0 1 1 0 1000 50 35000
0 1023 0 1 163170 23 0 1000 7000 0 1 1 0 1000 50 35000
0 1015 0 1 163192 22 0 1000 7000 0 1 1 0 1000 50 35000
0 1016 0 1 163215 23 0 1000 7000 0 1 1 0 1000 50 35000
0 1020 0 1 163237 22 0 1000 7000 0 1 1 0 1000 50 35000
0 1015 0 1 163260 23 0 1000 7000 0 1 1 0 1000 50 35000
0 1017 0 1 163282 22 0 1000 7000 0 1 1 0 1000 50 35000
0 1018 0 1 163305 23 0 1000 7000 0 1 1 0 1000 50 35000
0 1009 0 1 163329 24 0 1000 7000 0 1 1 0 1000 50 35000
0 1016 0 1 163351 22 0 1000 7000 0 1 1 0 1000 50 35000
0 1015 0 1 163374 23 0 1000 7000 0 1 1 0 1000 50 35000
0 1011 0 1 163396 22 0 1000 7000 0 1 1 0 1000 50 35000
0 1018 0 1 163419 23 0 1000 7000 0 1 1 0 1000 50 35000
0 1015 0 1 163441 22 0 1000 7000 0 1 1 0 1000 50 35000
0 1014 0 1 163464 23 0 1000 7000 0 1 1 0 1000 50 35000
0 1015 0 1 163486 22 0 1000 7000 0 1 1 0 1000 50 35000
0 1014 0 1 163509 23 0 1000 7000 0 1 1 0 1000 50 35000
0 1017 0 1 163531 22 0 1000 7000 0 1 1 0 1000 50 35000
0 1018 0 1 163555 24 0 1000 7000 0 1 1 0 1000 50 35000
0 1016 0 1 163577 22 0 1000 7000 0 1 1 0 1000 50 35000
0 1020 0 1 163600 23 0 1000 7000 0 1 1 0 1000 50 35000
0 1017 0 1 163622 22 0 1000 7000 0 1 1 0 1000 50 35000
0 1010 0 1 163645 23 0 1000 7000 0 1 1 0 1000 50 35000
0 1017 0 1 163667 22 0 1000 7000 0 1 1 0 1000 50 35000
0 1015 0 1 163690 23 0 1000 7000 0 1 1 0 1000 50 35000
0 1012 0 1 163713 23 0 1000 7000 0 1 1 0 1000 50 35000
0 1017 0 1 163735 22 0 1000 7000 0 1 1 0 1000 50 35000
0 1014 0 1 163759 24 0 1000 7000 0 1 1 0 1000 50 35000
0 1015 0 1 163781 22 0 1000 7000 0 1 1 0 1000 50 35000
0 1019 0 1 163804 23 0 1000 7000 0 1 1 0 1000 50 35000
0 1014 0 1 163826 22 0 1000 7000 0 1 1 0 1000 50 35000
0 1016 0 1 163849 23 0 1000 7000 0 1 1 0 1000 50 35000
0 1019 0 1 163871 22 0 1000 7000 0 1 1 0 1000 50 35000
0 1015 0 1 163894 23 0 1000 7000 0 1 1 0 1000 50 35000
0 1017 0 1 163916 22 0 1000 7000 0 1 1 0 1000 50 35000
0 1016 0 1 163939 23 0 1000 7000 0 1 1 0 1000 50 35000
0 1016 0 1 163961 22 0 1000 7000 0 1 1 0 1000 50 35000
0 1017 0 1 163985 24 0 1000 7000 0 1 1 0 1000 50 35000
0 1017 0 1 164007 22 0 1000 7000 0 1 1 0 1000 50 35000
0 1011 0 1 164030 23 0 1000 7000 0 1 1 0 1000 50 35000
0 1017 0 1 164052 22 0 1000 7000 0 1 1 0 1000 50 35000
0 1014 0 1 164075 23 0 1000 7000 0 1 1 0 1000 50 35000
0 1014 0 1 164098 23 0 1000 7000 0 1 1 0 1000 50 35000
0 1015 0 1 164120 22 0 1000 7000 0 1 1 0 1000 50 35000
0 1014 0 1 164143 23 0 1000 7000 0 1 1 0 1000 50 35000
0 1018 0 1 164165 22 0 1000 7000 0 1 1 0 1000 50 35000
0 1017 0 1 164188 23 0 1000 7000 0 1 1 0 1000 50 35000
0 1014 0 1 164211 23 0 1000 7000 0 1 1 0 1000 50 35000
0 1017 0 1 164234 23 0 1000 7000 0 1 1 0 1000 50 35000
0 1015 0 1 164256 22 0 1000 7000 0 1 1 0 1000 50 35000
0 1011 0 1 164279 23 0 1000 7000 0 1 1 0 1000 50 35000
0 1017 0 1 164301 22 0 1000 7000 0 1 1 0 1000 50 35000
0 1016 0 1 164324 23 0 1000 7000 0 1 1 0 1000 50 35000
0 1015 0 1 164346 22 0 1000 7000 0 1 1 0 1000 50 35000
0 1017 0 1 164369 23 0 1000 7000 0 1 1 0 1000 50 35000
0 1014 0 1 164391 22 0 1000 7000 0 1 1 0 1000 50 35000
0 1017 0 1 164415 24 0 1000 7000 0 1 1 0 1000 50 35000
0 1019 0 1 164438 23 0 1000 7000 0 1 1 0 1000 50 35000
0 1015 0 1 164460 22 0 1000 7000 0 1 1 0 1000 50 35000
0 1016 0 1 164483 23 0 1000 7000 0 1 1 0 1000 50 35000
0 1017 0 1 164505 22 0 1000 7000 0 1 1 0 1000 50 35000
0 1014 0 1 164528 23 0 1000 7000 0 1 1 0 1000 50 35000
0 1016 0 1 164550 22 0 1000 7000 0 1 1 0 1000 50 35000
0 1016 0 1 164573 23 0 1000 7000 0 1 1 0 1000 50 35000
0 1011 0 1 164595 22 0 1000 7000 0 1 1 0 1000 50 35000
0 1017 0 1 164618 23 0 1000 7000 0 1 1 0 1000 50 35000
0 1015 0 1 164641 23 0 1000 7000 0 1 1 0 1000 50 35000
0 1015 0 1 164664 23 0 1000 7000 0 1 1 0 1000 50 35000
0 1018 0 1 164686 22 0 1000 7000 0 1 1 0 1000 50 35000
0 1015 0 1 164709 23 0 1000 7000 0 1 1 0 1000 50 35000
0 1016 0 1 164731 22 0 1000 7000 0 1 1 0 1000 50 35000
0 1021 0 1 164754 23 0 1000 7000 0 1 1 0 1000 50 35000
0 1015 0 1 164776 22 0 1000 7000 0 1 1 0 1000 50 35000
0 1016 0 1 164799 23 0 1000 7000 0 1 1 0 1000 50 35000
0 1017 0 1 164822 23 0 1000 7000 0 1 1 0 1000 50 35000
0 1011 0 1 164844 22 0 1000 7000 0 1 1 0 1000 50 35000
0 1017 0 1 164868 24 0 1000 7000 0 1 1 0 1000 50 35000
0 1016 0 1 164890 22 0 1000 7000 0 1 1 0 1000 50 35000
0 1010 0 1 164913 23 0 1000 7000 0 1 1 0 1000 50 35000
0 1017 0 1 164935 22 0 1000 7000 0 1 1 0 1000 50 35000
0 1015 0 1 164958 23 0 1000 7000 0 1 1 0 1000 50 35000
0 1020 0 1 164980 22 0 1000 7000 0 1 1 0 1000 50 35000
0 1023 0 1 165003 23 0 1000 7000 0 1 1 0 1000 50 35000
0 1014 0 1 165025 22 0 1000 7000 0 1 1 0 1000 50 35000
0 1015 0 1 165048 23 0 1000 7000 0 1 1 0 1000 50 35000
0 1022 0 1 165071 23 0 1000 7000 0 1 1 0 1000 50 35000
0 1015 0 1 165094 23 0 1000 7000 0 1 1 0 1000 50 35000
0 1016 0 1 165116 22 0 1000 7000 0 1 1 0 1000 50 35000
0 1017 0 1 165139 23 0 1000 7000 0 1 1 0 1000 50 35000
0 1009 0 1 165161 22 0 1000 7000 0 1 1 0 1000 50 35000
0 1017 0 1 165184 23 0 1000 7000 0 1 1 0 1000 50 35000
0 1016 0 1 165207 23 0 1000 7000 0 1 1 0 1000 50 35000
0 1010 0 1 165229 22 0 1000 7000 0 1 1 0 1000 50 35000
0 1019 0 1 165252 23 0 1000 7000 0 1 1 0 1000 50 35000
0 1016 0 1 165274 22 0 1000 7000 0 1 1 0 1000 50 35000
0 1014 0 1 165298 24 0 1000 7000 0 1 1 0 1000 50 35000
0 1019 0 1 165320 22 0 1000 7000 0 1 1 0 1000 50 35000
0 1014 0 1 165343 23 0 1000 7000 0 1 1 0 1000 50 35000
0 1017 0 1 165365 22 0 1000 7000 0 1 1 0 1000 50 35000
0 1021 0 1 165388 23 0 1000 7000 0 1 1 0 1000 50 35000
0 1016 0 1 165410 22 0 1000 7000 0 1 1 0 1000 50 35000
0 1014 0 1 165433 23 0 1000 7000 0 1 1 0 1000 50 35000
0 1016 0 1 165455 22 0 1000 7000 0 1 1 0 1000 50 35000
0 1012 0 1 165478 23 0 1000 7000 0 1 1 0 1000 50 35000
0 1016 0 1 165500 22 0 1000 7000 0 1 1 0 1000 50 35000
0 1015 0 1 165524 24 0 1000 7000 0 1 1 0 1000 50 35000
0 1015 0 1 165547 23 0 1000 7000 0 1 1 0 1000 50 35000
0 1016 0 1 165569 22 0 1000 7000 0 1 1 0 1000 50 35000
0 1015 0 1 165592 23 0 1000 7000 0 1 1 0 1000 50 35000
0 1015 0 1 165614 22 0 1000 7000 0 1 1 0 1000 50 35000
0 1018 0 1 165637 23 0 1000 7000 0 1 1 0 1000 50 35000
0 1016 0 1 165659 22 0 1000 7000 0 1 1 0 1000 50 35000
0 1016 0 1 165682 23 0 1000 7000 0 1 1 0 1000 50 35000
0 1021 0 1 165704 22 0 1000 7000 0 1 1 0 1000 50 35000
0 1015 0 1 165728 24 0 1000 7000 0 1 1 0 1000 50 35000
0 1018 0 1 165750 22 0 1000 7000 0 1 1 0 1000 50 35000
0 1016 0 1 165773 23 0 1000 7000 0 1 1 0 1000 50 35000
0 1011 0 1 165795 22 0 1000 7000 0 1 1 0 1000 50 35000
0 1017 0 1 165818 23 0 1000 7000 0 1 1 0 1000 50 35000
0 1009 0 1 165840 22 0 1000 7000 0 1 1 0 1000 50 35000
0 1012 0 1 165863 23 0 1000 7000 0 1 1 0 1000 50 35000
0 1017 0 1 165885 22 0 1000 7000 0 1 1 0 1000 50 35000
0 1013 0 1 165908 23 0 1000 7000 0 1 1 0 1000 50 35000
0 1016 0 1 165931 23 0 1000 7000 0 1 1 0 1000 50 35000
0 1019 0 1 165954 23 0 1000 7000 0 1 1 0 1000 50 35000
0 1014 0 1 165977 23 0 1000 7000 0 1 1 0 1000 50 35000
0 1016 0 1 165999 22 0 1000 7000 0 1 1 0 1000 50 35000
0 1018 0 1 166022 23 0 1000 7000 0 1 1 0 1000 50 35000
0 1013 0 1 166044 22 0 1000 7000 0 1 1 0 1000 50 35000
0 1018 0 1 166067 23 0 1000 7000 0 1 1 0 1000 50 35000
0 1016 0 1 166089 22 0 1000 7000 0 1 1 0 1000 50 35000
0 1014 0 1 166112 23 0 1000 7000 0 1 1 0 1000 50 35000
0 1017 0 1 166134 22 0 1000 7000 0 1 1 0 1000 50 35000
0 1016 0 1 166157 23 0 1000 7000 0 1 1 0 1000 50 35000
0 1015 0 1 166180 23 0 1000 7000 0 1 1 0 1000 50 35000
0 1017 0 1 166203 23 0 1000 7000 0 1 1 0 1000 50 35000
0 1014 0 1 166225 22 0 1000 7000 0 1 1 0 1000 50 35000
0 1015 0 1 166248 23 0 1000 7000 0 1 1 0 1000 50 35000
0 1020 0 1 166270 22 0 1000 7000 0 1 1 0 1000 50 35000
0 1015 0 1 166293 23 0 1000 7000 0 1 1 0 1000 50 35000
0 1016 0 1 166316 23 0 1000 7000 0 1 1 0 1000 50 35000
0 1017 0 1 166338 22 0 1000 7000 0 1 1 0 1000 50 35000
0 1014 0 1 166361 23 0 1000 7000 0 1 1 0 1000 50 35000
0 1018 0 1 166384 23 0 1000 7000 0 1 1 0 1000 50 35000
0 1016 0 1 166407 23 0 1000 7000 0 1 1 0 1000 50 35000
0 1009 0 1 166429 22 0 1000 7000 0 1 1 0 1000 50 35000
0 1017 0 1 166452 23 0 1000 7000 0 1 1 0 1000 50 35000
0 1015 0 1 166474 22 0 1000 7000 0 1 1 0 1000 50 35000
0 1015 0 1 166497 23 0 1000 7000 0 1 1 0 1000 50 35000
0 1017 0 1 166519 22 0 1000 7000 0 1 1 0 1000 50 35000
0 1015 0 1 166542 23 0 1000 7000 0 1 1 0 1000 50 35000
0 1018 0 1 166564 22 0 1000 7000 0 1 1 0 1000 50 35000
0 1023 0 1 166587 23 0 1000 7000 0 1 1 0 1000 50 35000
0 1015 0 1 166610 23 0 1000 7000 0 1 1 0 1000 50 35000
0 1016 0 1 166633 23 0 1000 7000 0 1 1 0 1000 50 35000
0 1015 0 1 166656 23 0 1000 7000 0 1 1 0 1000 50 35000
0 1013 0 1 166678 22 0 1000 7000 0 1 1 0 1000 50 35000
0 1016 0 1 166701 23 0 1000 7000 0 1 1 0 1000 50 35000
0 1018 0 1 166723 22 0 1000 7000 0 1 1 0 1000 50 35000
0 1010 0 1 166746 23 0 1000 7000 0 1 1 0 1000 50 35000
0 1017 0 1 166768 22 0 1000 7000 0 1 1 0 1000 50 35000
0 1015 0 1 166791 23 0 1000 7000 0 1 1 0 1000 50 35000
0 1016 0 1 166813 22 0 1000 7000 0 1 1 0 1000 50 35000
0 1023 0 1 166837 24 0 1000 7000 0 1 1 0 1000 50 35000
0 1015 0 1 166859 22 0 1000 7000 0 1 1 0 1000 50 35000
0 1016 0 1 166882 23 0 1000 7000 0 1 1 0 1000 50 35000
0 1020 0 1 166904 22 0 1000 7000 0 1 1 0 1000 50 35000
0 1014 0 1 166927 23 0 1000 7000 0 1 1 0 1000 50 35000
0 1016 0 1 166949 22 0 1000 7000 0 1 1 0 1000 50 35000
0 1015 0 1 166972 23 0 1000 7000 0 1 1 0 1000 50 35000
0 1008 0 1 166994 22 0 1000 7000 0 1 1 0 1000 50 35000
0 1017 0 1 167017 23 0 1000 7000 0 1 1 0 1000 50 35000
0 1015 0 1 167040 23 0 1000 7000 0 1 1 0 1000 50 35000
0 1013 0 1 167063 23 0 1000 7000 0 1 1 0 1000 50 35000
0 1017 0 1 167086 23 0 1000 7000 0 1 1 0 1000 50 35000
0 1015 0 1 167108 22 0 1000 7000 0 1 1 0 1000 50 35000
0 1015 0 1 167131 23 0 1000 7000 0 1 1 0 1000 50 35000
0 1022 0 1 167153 22 0 1000 7000 0 1 1 0 1000 50 35000
0 1015 0 1 167176 23 0 1000 7000 0 1 1 0 1000 50 35000
0 1015 0 1 167198 22 0 1000 7000 0 1 1 0 1000 50 35000
0 1019 0 1 167221 23 0 1000 7000 0 1 1 0 1000 50 35000
0 1015 0 1 167243 22 0 1000 7000 0 1 1 0 1000 50 35000
0 1017 0 1 167267 24 0 1000 7000 0 1 1 0 1000 50 35000
0 1014 0 1 167289 22 0 1000 7000 0 1 1 0 1000 50 35000
0 1012 0 1 167312 23 0 1000 7000 0 1 1 0 1000 50 35000
0 1017 0 1 167334 22 0 1000 7000 0 1 1 0 1000 50 35000
0 1016 0 1 167357 23 0 1000 7000 0 1 1 0 1000 50 35000
0 1012 0 1 167379 22 0 1000 7000 0 1 1 0 1000 50 35000
0 1015 0 1 167402 23 0 1000 7000 0 1 1 0 1000 50 35000
0 1014 0 1 167425 23 0 1000 7000 0 1 1 0 1000 50 35000
0 1014 0 1 167447 22 0 1000 7000 0 1 1 0 1000 50 35000
0 1019 0 1 167470 23 0 1000 7000 0 1 1 0 1000 50 35000
0 1014 0 1 167493 23 0 1000 7000 0 1 1 0 1000 50 35000
0 1016 0 1 167516 23 0 1000 7000 0 1 1 0 1000 50 35000
0 1019 0 1 167538 22 0 1000 7000 0 1 1 0 1000 50 35000
0 1015 0 1 167561 23 0 1000 7000 0 1 1 0 1000 50 35000
0 1018 0 1 167583 22 0 1000 7000 0 1 1 0 1000 50 35000
0 1016 0 1 167606 23 0 1000 7000 0 1 1 0 1000 50 35000
0 1013 0 1 167628 22 0 1000 7000 0 1 1 0 1000 50 35000
0 1017 0 1 167651 23 0 1000 7000 0 1 1 0 1000 50 35000
0 1016 0 1 167673 22 0 1000 7000 0 1 1 0 1000 50 35000
0 1013 0 1 167697 24 0 1000 7000 0 1 1 0 1000 50 35000
0 1017 0 1 167719 22 0 1000 7000 0 1 1 0 1000 50 35000
0 1014 0 1 167742 23 0 1000 7000 0 1 1 0 1000 50 35000
0 1015 0 1 167764 22 0 1000 7000 0 1 1 0 1000 50 35000
0 1014 0 1 167787 23 0 1000 7000 0 1 1 0 1000 50 35000
0 1014 0 1 167810 23 0 1000 7000 0 1 1 0 1000 50 35000
0 1016 0 1 167832 22 0 1000 7000 0 1 1 0 1000 50 35000
0 1020 0 1 167855 23 0 1000 7000 0 1 1 0 1000 50 35000
0 1015 0 1 167877 22 0 1000 7000 0 1 1 0 1000 50 35000
0 1018 0 1 167900 23 0 1000 7000 0 1 1 0 1000 50 35000
0 1016 0 1 167923 23 0 1000 7000 0 1 1 0 1000 50 35000
0 1012 0 1 167946 23 0 1000 7000 0 1 1 0 1000 50 35000
0 1017 0 1 167968 22 0 1000 7000 0 1 1 0 1000 50 35000
0 1015 0 1 167991 23 0 1000 7000 0 1 1 0 1000 50 35000
0 1015 0 1 168013 22 0 1000 7000 0 1 1 0 1000 50 35000
0 1017 0 1 168036 23 0 1000 7000 0 1 1 0 1000 50 35000
0 1014 0 1 168058 22 0 1000 7000 0 1 1 0 1000 50 35000
0 1016 0 1 168081 23 0 1000 7000 0 1 1 0 1000 50 35000
0 1020 0 1 168103 22 0 1000 7000 0 1 1 0 1000 50 35000
0 1015 0 1 168126 23 0 1000 7000 0 1 1 0 1000 50 35000
0 1016 0 1 168150 24 0 1000 7000 0 1 1 0 1000 50 35000
0 1015 0 1 168172 22 0 1000 7000 0 1 1 0 1000 50 35000
0 1014 0 1 168195 23 0 1000 7000 0 1 1 0 1000 50 35000
0 1017 0 1 168217 22 0 1000 7000 0 1 1 0 1000 50 35000
0 1015 0 1 168240 23 0 1000 7000 0 1 1 0 1000 50 35000
0 1011 0 1 168262 22 0 1000 7000 0 1 1 0 1000 50 35000
0 1015 0 1 168285 23 0 1000 7000 0 1 1 0 1000 50 35000
0 1016 0 1 168307 22 0 1000 7000 0 1 1 0 1000 50 35000
0 1015 0 1 168330 23 0 1000 7000 0 1 1 0 1000 50 35000
0 1019 0 1 168353 23 0 1000 7000 0 1 1 0 1000 50 35000
0 1014 0 1 168376 23 0 1000 7000 0 1 1 0 1000 50 35000
0 1014 0 1 168398 22 0 1000 7000 0 1 1 0 1000 50 35000
0 1022 0 1 168421 23 0 1000 7000 0 1 1 0 1000 50 35000
0 1015 0 1 168443 22 0 1000 7000 0 1 1 0 1000 50 35000
0 1016 0 1 168466 23 0 1000 7000 0 1 1 0 1000 50 35000
0 1014 0 1 168488 22 0 1000 7000 0 1 1 0 1000 50 35000
0 1013 0 1 168511 23 0 1000 7000 0 1 1 0 1000 50 35000
0 1017 0 1 168534 23 0 1000 7000 0 1 1 0 1000 50 35000
0 1016 0 1 168556 22 0 1000 7000 0 1 1 0 1000 50 35000
0 1013 0 1 168580 24 0 1000 7000 0 1 1 0 1000 50 35000
0 1015 0 1 168602 22 0 1000 7000 0 1 1 0 1000 50 35000
0 1016 0 1 168625 23 0 1000 7000 0 1 1 0 1000 50 35000
0 1016 0 1 168647 22 0 1000 7000 0 1 1 0 1000 50 35000
0 1023 0 1 168670 23 0 1000 7000 0 1 1 0 1000 50 35000
0 1015 0 1 168692 22 0 1000 7000 0 1 1 0 1000 50 35000
0 1017 0 1 168715 23 0 1000 7000 0 1 1 0 1000 50 35000
0 1022 0 1 168737 22 0 1000 7000 0 1 1 0 1000 50 35000
0 1015 0 1 168760 23 0 1000 7000 0 1 1 0 1000 50 35000
0 1017 0 1 168782 22 0 1000 7000 0 1 1 0 1000 50 35000
0 1019 0 1 168806 24 0 1000 7000 0 1 1 0 1000 50 35000
0 1009 0 1 168828 22 0 1000 7000 0 1 1 0 1000 50 35000
0 1017 0 1 168851 23 0 1000 7000 0 1 1 0 1000 50 35000
0 1015 0 1 168873 22 0 1000 7000 0 1 1 0 1000 50 35000
0 1009 0 1 168896 23 0 1000 7000 0 1 1 0 1000 50 35000
0 1017 0 1 168919 23 0 1000 7000 0 1 1 0 1000 50 35000
0 1015 0 1 168941 22 0 1000 7000 0 1 1 0 1000 50 35000
0 1015 0 1 168964 23 0 1000 7000 0 1 1 0 1000 50 35000
0 1022 0 1 168986 22 0 1000 7000 0 1 1 0 1000 50 35000
0 1014 0 1 169010 24 0 1000 7000 0 1 1 0 1000 50 35000
0 1016 0 1 169032 22 0 1000 7000 0 1 1 0 1000 50 35000
0 1020 0 1 169055 23 0 1000 7000 0 1 1 0 1000 50 35000
0 1014 0 1 169077 22 0 1000 7000 0 1 1 0 1000 50 35000
0 1019 0 1 169100 23 0 1000 7000 0 1 1 0 1000 50 35000
0 1017 0 1 169122 22 0 1000 7000 0 1 1 0 1000 50 35000
0 1012 0 1 169145 23 0 1000 7000 0 1 1 0 1000 50 35000
0 1017 0 1 169167 22 0 1000 7000 0 1 1 0 1000 50 35000
0 1015 0 1 169190 23 0 1000 7000 0 1 1 0 1000 50 35000
0 1013 0 1 169212 22 0 1000 7000 0 1 1 0 1000 50 35000
0 1016 0 1 169236 24 0 1000 7000 0 1 1 0 1000 50 35000
0 1015 0 1 169259 23 0 1000 7000 0 1 1 0 1000 50 35000
0 1015 0 1 169281 22 0 1000 7000 0 1 1 0 1000 50 35000
0 1019 0 1 169304 23 0 1000 7000 0 1 1 0 1000 50 35000
0 1015 0 1 169326 22 0 1000 7000 0 1 1 0 1000 50 35000
0 1017 0 1 169349 23 0 1000 7000 0 1 1 0 1000 50 35000
0 1019 0 1 169371 22 0 1000 7000 0 1 1 0 1000 50 35000
0 1015 0 1 169394 23 0 1000 7000 0 1 1 0 1000 50 35000
0 1018 0 1 169416 22 0 1000 7000 0 1 1 0 1000 50 35000
0 1016 0 1 169440 24 0 1000 7000 0 1 1 0 1000 50 35000
0 1013 0 1 169462 22 0 1000 7000 0 1 1 0 1000 50 35000
0 1017 0 1 169485 23 0 1000 7000 0 1 1 0 1000 50 35000
0 1016 0 1 169507 22 0 1000 7000 0 1 1 0 1000 50 35000
0 1012 0 1 169530 23 0 1000 7000 0 1 1 0 1000 50 35000
0 1017 0 1 169552 22 0 1000 7000 0 1 1 0 1000 50 35000
0 1014 0 1 169575 23 0 1000 7000 0 1 1 0 1000 50 35000
0 1016 0 1 169597 22 0 1000 7000 0 1 1 0 1000 50 35000
0 1018 0 1 169620 23 0 1000 7000 0 1 1 0 1000 50 35000
0 1015 0 1 169643 23 0 1000 7000 0 1 1 0 1000 50 35000
0 1016 0 1 169666 23 0 1000 7000 0 1 1 0 1000 50 35000
0 1018 0 1 169689 23 0 1000 7000 0 1 1 0 1000 50 35000
0 1014 0 1 169711 22 0 1000 7000 0 1 1 0 1000 50 35000
0 1018 0 1 169734 23 0 1000 7000 0 1 1 0 1000 50 35000
0 1016 0 1 169756 22 0 1000 7000 0 1 1 0 1000 50 35000
0 1013 0 1 169779 23 0 1000 7000 0 1 1 0 1000 50 35000
0 1017 0 1 169801 22 0 1000 7000 0 1 1 0 1000 50 35000
0 1015 0 1 169824 23 0 1000 7000 0 1 1 0 1000 50 35000
0 1015 0 1 169846 22 0 1000 7000 0 1 1 0 1000 50 35000
0 1017 0 1 169869 23 0 1000 7000 0 1 1 0 1000 50 35000
0 1014 0 1 169892 23 0 1000 7000 0 1 1 0 1000 50 35000
0 1007 0 1 169915 23 0 1000 7000 0 1 1 0 1000 50 35000
0 1016 0 1 169937 22 0 1000 7000 0 1 1 0 1000 50 35000
0 1015 0 1 169960 23 0 1000 7000 0 1 1 0 1000 50 35000
0 1017 0 1 169982 22 0 1000 7000 0 1 1 0 1000 50 35000
0 1019 0 1 170005 23 0 1000 7000 0 1 1 0 1000 50 35000
0 1014 0 1 170028 23 0 1000 7000 0 1 1 0 1000 50 35000
0 1017 0 1 170050 22 0 1000 7000 0 1 1 0 1000 50 35000
0 1015 0 1 170073 23 0 1000 7000 0 1 1 0 1000 50 35000
0 1010 0 1 170096 23 0 1000 7000 0 1 1 0 1000 50 35000
0 1017 0 1 170119 23 0 1000 7000 0 1 1 0 1000 50 35000
0 1016 0 1 170141 22 0 1000 7000 0 1 1 0 1000 50 35000
0 1015 0 1 170164 23 0 1000 7000 0 1 1 0 1000 50 35000
0 1018 0 1 170186 22 0 1000 7000 0 1 1 0 1000 50 35000
0 1015 0 1 170209 23 0 1000 7000 0 1 1 0 1000 50 35000
0 1016 0 1 170231 22 0 1000 7000 0 1 1 0 1000 50 35000
0 1022 0 1 170254 23 0 1000 7000 0 1 1 0 1000 50 35000
0 1020 0 1 170276 22 0 1000 7000 0 1 1 0 1000 50 35000
0 1017 0 1 170299 23 0 1000 7000 0 1 1 0 1000 50 35000
0 1017 0 1 170322 23 0 1000 7000 0 1 1 0 1000 50 35000
0 1009 0 1 170345 23 0 1000 7000 0 1 1 0 1000 50 35000
0 1016 0 1 170368 23 0 1000 7000 0 1 1 0 1000 50 35000
0 1016 0 1 170390 22 0 1000 7000 0 1 1 0 1000 50 35000
0 1011 0 1 170413 23 0 1000 7000 0 1 1 0 1000 50 35000
0 1017 0 1 170435 22 0 1000 7000 0 1 1 0 1000 50 35000
0 1016 0 1 170458 23 0 1000 7000 0 1 1 0 1000 50 35000
0 1015 0 1 170480 22 0 1000 7000 0 1 1 0 1000 50 35000
0 1023 0 1 170503 23 0 1000 7000 0 1 1 0 1000 50 35000
0 1014 0 1 170525 22 0 1000 7000 0 1 1 0 1000 50 35000
0 1016 0 1 170549 24 0 1000 7000 0 1 1 0 1000 50 35000
0 1021 0 1 170571 22 0 1000 7000 0 1 1 0 1000 50 35000
0 1015 0 1 170594 23 0 1000 7000 0 1 1 0 1000 50 35000
0 1018 0 1 170616 22 0 1000 7000 0 1 1 0 1000 50 35000
0 1017 0 1 170639 23 0 1000 7000 0 1 1 0 1000 50 35000
0 1010 0 1 170661 22 0 1000 7000 0 1 1 0 1000 50 35000
0 1017 0 1 170684 23 0 1000 7000 0 1 1 0 1000 50 35000
0 1015 0 1 170706 22 0 1000 7000 0 1 1 0 1000 50 35000
0 1010 0 1 170729 23 0 1000 7000 0 1 1 0 1000 50 35000
0 1017 0 1 170753 24 0 1000 7000 0 1 1 0 1000 50 35000
0 1016 0 1 170775 22 0 1000 7000 0 1 1 0 1000 50 35000
0 1015 0 1 170798 23 0 1000 7000 0 1 1 0 1000 50 35000
0 1020 0 1 170820 22 0 1000 7000 0 1 1 0 1000 50 35000
0 1015 0 1 170843 23 0 1000 7000 0 1 1 0 1000 50 35000
0 1017 0 1 170865 22 0 1000 7000 0 1 1 0 1000 50 35000
0 1021 0 1 170888 23 0 1000 7000 0 1 1 0 1000 50 35000
0 1018 0 1 170910 22 0 1000 7000 0 1 1 0 1000 50 35000
0 1017 0 1 170933 23 0 1000 7000 0 1 1 0 1000 50 35000
0 1019 0 1 170955 22 0 1000 7000 0 1 1 0 1000 50 35000
0 1013 0 1 170979 24 0 1000 7000 0 1 1 0 1000 50 35000
0 1017 0 1 171001 22 0 1000 7000 0 1 1 0 1000 50 35000
0 1016 0 1 171024 23 0 1000 7000 0 1 1 0 1000 50 35000
0 1013 0 1 171046 22 0 1000 7000 0 1 1 0 1000 50 35000
0 1016 0 1 171069 23 0 1000 7000 0 1 1 0 1000 50 35000
0 1014 0 1 171091 22 0 1000 7000 0 1 1 0 1000 50 35000
0 1016 0 1 171114 23 0 1000 7000 0 1 1 0 1000 50 35000
0 1019 0 1 171137 23 0 1000 7000 0 1 1 0 1000 50 35000
0 1014 0 1 171159 22 0 1000 7000 0 1 1 0 1000 50 35000
0 1017 0 1 171183 24 0 1000 7000 0 1 1 0 1000 50 35000
0 1019 0 1 171205 22 0 1000 7000 0 1 1 0 1000 50 35000
0 1014 0 1 171228 23 0 1000 7000 0 1 1 0 1000 50 35000
0 1018 0 1 171250 22 0 1000 7000 0 1 1 0 1000 50 35000
0 1016 0 1 171273 23 0 1000 7000 0 1 1 0 1000 50 35000
0 1009 0 1 171295 22 0 1000 7000 0 1 1 0 1000 50 35000
0 1017 0 1 171318 23 0 1000 7000 0 1 1 0 1000 50 35000
0 1015 0 1 171340 22 0 1000 7000 0 1 1 0 1000 50 35000
0 1014 0 1 171363 23 0 1000 7000 0 1 1 0 1000 50 35000
0 1018 0 1 171385 22 0 1000 7000 0 1 1 0 1000 50 35000
0 1014 0 1 171409 24 0 1000 7000 0 1 1 0 1000 50 35000
0 1016 0 1 171431 22 0 1000 7000 0 1 1 0 1000 50 35000
0 1020 0 1 171454 23 0 1000 7000 0 1 1 0 1000 50 35000
0 1016 0 1 171476 22 0 1000 7000 0 1 1 0 1000 50 35000
0 1016 0 1 171499 23 0 1000 7000 0 1 1 0 1000 50 35000
0 1017 0 1 171522 23 0 1000 7000 0 1 1 0 1000 50 35000
0 1014 0 1 171544 22 0 1000 7000 0 1 1 0 1000 50 35000
0 1018 0 1 171567 23 0 1000 7000 0 1 1 0 1000 50 35000
0 1016 0 1 171589 22 0 1000 7000 0 1 1 0 1000 50 35000
0 1011 0 1 171612 23 0 1000 7000 0 1 1 0 1000 50 35000
0 1017 0 1 171635 23 0 1000 7000 0 1 1 0 1000 50 35000
0 1015 0 1 171658 23 0 1000 7000 0 1 1 0 1000 50 35000
0 1015 0 1 171680 22 0 1000 7000 0 1 1 0 1000 50 35000
0 1019 0 1 171703 23 0 1000 7000 0 1 1 0 1000 50 35000
0 1015 0 1 171725 22 0 1000 7000 0 1 1 0 1000 50 35000
0 1016 0 1 171748 23 0 1000 7000 0 1 1 0 1000 50 35000
0 1022 0 1 171770 22 0 1000 7000 0 1 1 0 1000 50 35000
0 1015 0 1 171793 23 0 1000 7000 0 1 1 0 1000 50 35000
0 1017 0 1 171815 22 0 1000 7000 0 1 1 0 1000 50 35000
0 1017 0 1 171839 24 0 1000 7000 0 1 1 0 1000 50 35000
0 1012 0 1 171862 23 0 1000 7000 0 1 1 0 1000 50 35000
0 1017 0 1 171884 22 0 1000 7000 0 1 1 0 1000 50 35000
0 1016 0 1 171907 23 0 1000 7000 0 1 1 0 1000 50 35000
0 1010 0 1 171929 22 0 1000 7000 0 1 1 0 1000 50 35000
0 1018 0 1 171952 23 0 1000 7000 0 1 1 0 1000 50 35000
0 1016 0 1 171974 22 0 1000 7000 0 1 1 0 1000 50 35000
0 1015 0 1 171997 23 0 1000 7000 0 1 1 0 1000 50 35000
0 1023 0 1 172019 22 0 1000 7000 0 1 1 0 1000 50 35000
0 1015 0 1 172042 23 0 1000 7000 0 1 1 0 1000 50 35000
0 1016 0 1 172065 23 0 1000 7000 0 1 1 0 1000 50 35000
0 1022 0 1 172088 23 0 1000 7000 0 1 1 0 1000 50 35000
0 1013 0 1 172110 22 0 1000 7000 0 1 1 0 1000 50 35000
0 1015 0 1 172133 23 0 1000 7000 0 1 1 0 1000 50 35000
0 1017 0 1 172155 22 0 1000 7000 0 1 1 0 1000 50 35000
0 1009 0 1 172178 23 0 1000 7000 0 1 1 0 1000 50 35000
0 1017 0 1 172200 22 0 1000 7000 0 1 1 0 1000 50 35000
0 1016 0 1 172223 23 0 1000 7000 0 1 1 0 1000 50 35000
0 1011 0 1 172246 23 0 1000 7000 0 1 1 0 1000 50 35000
0 1019 0 1 172269 23 0 1000 7000 0 1 1 0 1000 50 35000
0 1015 0 1 172292 23 0 1000 7000 0 1 1 0 1000 50 35000
0 1016 0 1 172314 22 0 1000 7000 0 1 1 0 1000 50 35000
0 1022 0 1 172337 23 0 1000 7000 0 1 1 0 1000 50 35000
0 1015 0 1 172359 22 0 1000 7000 0 1 1 0 1000 50 35000
0 1017 0 1 172382 23 0 1000 7000 0 1 1 0 1000 50 35000
0 1020 0 1 172404 22 0 1000 7000 0 1 1 0 1000 50 35000
0 1016 0 1 172427 23 0 1000 7000 0 1 1 0 1000 50 35000
0 1017 0 1 172449 22 0 1000 7000 0 1 1 0 1000 50 35000
0 1017 0 1 172472 23 0 1000 7000 0 1 1 0 1000 50 35000
0 1013 0 1 172495 23 0 1000 7000 0 1 1 0 1000 50 35000
0 1018 0 1 172518 23 0 1000 7000 0 1 1 0 1000 50 35000
0 1016 0 1 172540 22 0 1000 7000 0 1 1 0 1000 50 35000
0 1012 0 1 172563 23 0 1000 7000 0 1 1 0 1000 50 35000
0 1017 0 1 172585 22 0 1000 7000 0 1 1 0 1000 50 35000
0 1015 0 1 172608 23 0 1000 7000 0 1 1 0 1000 50 35000
0 1014 0 1 172631 23 0 1000 7000 0 1 1 0 1000 50 35000
0 1019 0 1 172653 22 0 1000 7000 0 1 1 0 1000 50 35000
0 1015 0 1 172676 23 0 1000 7000 0 1 1 0 1000 50 35000
0 1015 0 1 172699 23 0 1000 7000 0 1 1 0 1000 50 35000
0 1019 0 1 172722 23 0 1000 7000 0 1 1 0 1000 50 35000
0 1015 0 1 172744 22 0 1000 7000 0 1 1 0 1000 50 35000
0 1018 0 1 172767 23 0 1000 7000 0 1 1 0 1000 50 35000
0 1017 0 1 172789 22 0 1000 7000 0 1 1 0 1000 50 35000
0 1013 0 1 172812 23 0 1000 7000 0 1 1 0 1000 50 35000
0 1018 0 1 172834 22 0 1000 7000 0 1 1 0 1000 50 35000
0 1012 0 1 172857 23 0 1000 7000 0 1 1 0 1000 50 35000
0 1013 0 1 172879 22 0 1000 7000 0 1 1 0 1000 50 35000
0 1018 0 1 172902 23 0 1000 7000 0 1 1 0 1000 50 35000
0 1014 0 1 172925 23 0 1000 7000 0 1 1 0 1000 50 35000
0 1015 0 1 172948 23 0 1000 7000 0 1 1 0 1000 50 35000
0 1019 0 1 172971 23 0 1000 7000 0 1 1 0 1000 50 35000
0 1015 0 1 172993 22 0 1000 7000 0 1 1 0 1000 50 35000
0 1016 0 1 173016 23 0 1000 7000 0 1 1 0 1000 50 35000
0 1015 0 1 173038 22 0 1000 7000 0 1 1 0 1000 50 35000
0 1014 0 1 173061 23 0 1000 7000 0 1 1 0 1000 50 35000
0 1017 0 1 173083 22 0 1000 7000 0 1 1 0 1000 50 35000
0 1018 0 1 173106 23 0 1000 7000 0 1 1 0 1000 50 35000
0 1017 0 1 173128 22 0 1000 7000 0 1 1 0 1000 50 35000
0 1018 0 1 173152 24 0 1000 7000 0 1 1 0 1000 50 35000
0 1015 0 1 173174 22 0 1000 7000 0 1 1 0 1000 50 35000
0 1011 0 1 173197 23 0 1000 7000 0 1 1 0 1000 50 35000
0 1018 0 1 173219 22 0 1000 7000 0 1 1 0 1000 50 35000
0 1015 0 1 173242 23 0 1000 7000 0 1 1 0 1000 50 35000
0 1016 0 1 173264 22 0 1000 7000 0 1 1 0 1000 50 35000
0 1021 0 1 173287 23 0 1000 7000 0 1 1 0 1000 50 35000
0 1015 0 1 173309 22 0 1000 7000 0 1 1 0 1000 50 35000
0 1016 0 1 173332 23 0 1000 7000 0 1 1 0 1000 50 35000
0 1017 0 1 173356 24 0 1000 7000 0 1 1 0 1000 50 35000
0 1009 0 1 173378 22 0 1000 7000 0 1 1 0 1000 50 35000
0 1017 0 1 173401 23 0 1000 7000 0 1 1 0 1000 50 35000
0 1016 0 1 173423 22 0 1000 7000 0 1 1 0 1000 50 35000
0 1009 0 1 173446 23 0 1000 7000 0 1 1 0 1000 50 35000
0 1017 0 1 173468 22 0 1000 7000 0 1 1 0 1000 50 35000
0 1016 0 1 173491 23 0 1000 7000 0 1 1 0 1000 50 35000
0 1015 0 1 173513 22 0 1000 7000 0 1 1 0 1000 50 35000
0 1023 0 1 173536 23 0 1000 7000 0 1 1 0 1000 50 35000
0 1014 0 1 173558 22 0 1000 7000 0 1 1 0 1000 50 35000
0 1017 0 1 173582 24 0 1000 7000 0 1 1 0 1000 50 35000
0 1022 0 1 173604 22 0 1000 7000 0 1 1 0 1000 50 35000
0 1014 0 1 173627 23 0 1000 7000 0 1 1 0 1000 50 35000
0 1017 0 1 173649 22 0 1000 7000 0 1 1 0 1000 50 35000
0 1016 0 1 173672 23 0 1000 7000 0 1 1 0 1000 50 35000
0 1010 0 1 173694 22 0 1000 7000 0 1 1 0 1000 50 35000
0 1017 0 1 173717 23 0 1000 7000 0 1 1 0 1000 50 35000
0 1015 0 1 173740 23 0 1000 7000 0 1 1 0 1000 50 35000
0 1011 0 1 173762 22 0 1000 7000 0 1 1 0 1000 50 35000
0 1018 0 1 173786 24 0 1000 7000 0 1 1 0 1000 50 35000
0 1015 0 1 173808 22 0 1000 7000 0 1 1 0 1000 50 35000
0 1015 0 1 173831 23 0 1000 7000 0 1 1 0 1000 50 35000
0 1021 0 1 173853 22 0 1000 7000 0 1 1 0 1000 50 35000
0 1014 0 1 173876 23 0 1000 7000 0 1 1 0 1000 50 35000
0 1016 0 1 173898 22 0 1000 7000 0 1 1 0 1000 50 35000
0 1020 0 1 173921 23 0 1000 7000 0 1 1 0 1000 50 35000
0 1014 0 1 173943 22 0 1000 7000 0 1 1 0 1000 50 35000
0 1017 0 1 173966 23 0 1000 7000 0 1 1 0 1000 50 35000
0 1017 0 1 173988 22 0 1000 7000 0 1 1 0 1000 50 35000
0 1013 0 1 174012 24 0 1000 7000 0 1 1 0 1000 50 35000
0 1016 0 1 174034 22 0 1000 7000 0 1 1 0 1000 50 35000
0 1018 0 1 174057 23 0 1000 7000 0 1 1 0 1000 50 35000
0 1013 0 1 174080 23 0 1000 7000 0 1 1 0 1000 50 35000
0 1019 0 1 174102 22 0 1000 7000 0 1 1 0 1000 50 35000
0 1014 0 1 174125 23 0 1000 7000 0 1 1 0 1000 50 35000
0 1015 0 1 174147 22 0 1000 7000 0 1 1 0 1000 50 35000
0 1020 0 1 174170 23 0 1000 7000 0 1 1 0 1000 50 35000
0 1016 0 1 174192 22 0 1000 7000 0 1 1 0 1000 50 35000
0 1017 0 1 174215 23 0 1000 7000 0 1 1 0 1000 50 35000
0 1020 0 1 174238 23 0 1000 7000 0 1 1 0 1000 50 35000
0 1015 0 1 174261 23 0 1000 7000 0 1 1 0 1000 50 35000
0 1018 0 1 174283 22 0 1000 7000 0 1 1 0 1000 50 35000
0 1017 0 1 174306 23 0 1000 7000 0 1 1 0 1000 50 35000
0 1012 0 1 174328 22 0 1000 7000 0 1 1 0 1000 50 35000
0 1018 0 1 174351 23 0 1000 7000 0 1 1 0 1000 50 35000
0 1017 0 1 174373 22 0 1000 7000 0 1 1 0 1000 50 35000
0 1013 0 1 174396 23 0 1000 7000 0 1 1 0 1000 50 35000
0 1016 0 1 174418 22 0 1000 7000 0 1 1 0 1000 50 35000
0 1014 0 1 174442 24 0 1000 7000 0 1 1 0 1000 50 35000
0 1016 0 1 174465 23 0 1000 7000 0 1 1 0 1000 50 35000
0 1019 0 1 174487 22 0 1000 7000 0 1 1 0 1000 50 35000
0 1015 0 1 174510 23 0 1000 7000 0 1 1 0 1000 50 35000
0 1017 0 1 174532 22 0 1000 7000 0 1 1 0 1000 50 35000
0 1018 0 1 174555 23 0 1000 7000 0 1 1 0 1000 50 35000
0 1019 0 1 174577 22 0 1000 7000 0 1 1 0 1000 50 35000
0 1017 0 1 174600 23 0 1000 7000 0 1 1 0 1000 50 35000
0 1016 0 1 174622 22 0 1000 7000 0 1 1 0 1000 50 35000
0 1015 0 1 174645 23 0 1000 7000 0 1 1 0 1000 50 35000
0 1018 0 1 174668 23 0 1000 7000 0 1 1 0 1000 50 35000
0 1017 0 1 174691 23 0 1000 7000 0 1 1 0 1000 50 35000
0 1015 0 1 174713 22 0 1000 7000 0 1 1 0 1000 50 35000
0 1019 0 1 174736 23 0 1000 7000 0 1 1 0 1000 50 35000
0 1016 0 1 174758 22 0 1000 7000 0 1 1 0 1000 50 35000
0 1016 0 1 174781 23 0 1000 7000 0 1 1 0 1000 50 35000
0 1022 0 1 174803 22 0 1000 7000 0 1 1 0 1000 50 35000
0 1015 0 1 174826 23 0 1000 7000 0 1 1 0 1000 50 35000
0 1018 0 1 174849 23 0 1000 7000 0 1 1 0 1000 50 35000
0 1017 0 1 174871 22 0 1000 7000 0 1 1 0 1000 50 35000
0 1012 0 1 174895 24 0 1000 7000 0 1 1 0 1000 50 35000
0 1017 0 1 174917 22 0 1000 7000 0 1 1 0 1000 50 35000
0 1018 0 1 174940 23 0 1000 7000 0 1 1 0 1000 50 35000
0 1011 0 1 174962 22 0 1000 7000 0 1 1 0 1000 50 35000
0 1017 0 1 174985 23 0 1000 7000 0 1 1 0 1000 50 35000
0 1016 0 1 175007 22 0 1000 7000 0 1 1 0 1000 50 35000
0 1018 0 1 175030 23 0 1000 7000 0 1 1 0 1000 50 35000
0 1023 0 1 175052 22 0 1000 7000 0 1 1 0 1000 50 35000
0 1016 0 1 175075 23 0 1000 7000 0 1 1 0 1000 50 35000
0 1016 0 1 175098 23 0 1000 7000 0 1 1 0 1000 50 35000
0 1021 0 1 175121 23 0 1000 7000 0 1 1 0 1000 50 35000
0 1016 0 1 175143 22 0 1000 7000 0 1 1 0 1000 50 35000
0 1017 0 1 175166 23 0 1000 7000 0 1 1 0 1000 50 35000
0 1016 0 1 175188 22 0 1000 7000 0 1 1 0 1000 50 35000
0 1010 0 1 175211 23 0 1000 7000 0 1 1 0 1000 50 35000
0 1019 0 1 175234 23 0 1000 7000 0 1 1 0 1000 50 35000
0 1017 0 1 175256 22 0 1000 7000 0 1 1 0 1000 50 35000
0 1011 0 1 175279 23 0 1000 7000 0 1 1 0 1000 50 35000
0 1018 0 1 175301 22 0 1000 7000 0 1 1 0 1000 50 35000
0 1015 0 1 175325 24 0 1000 7000 0 1 1 0 1000 50 35000
0 1015 0 1 175347 22 0 1000 7000 0 1 1 0 1000 50 35000
0 1019 0 1 175370 23 0 1000 7000 0 1 1 0 1000 50 35000
0 1015 0 1 175392 22 0 1000 7000 0 1 1 0 1000 50 35000
0 1017 0 1 175415 23 0 1000 7000 0 1 1 0 1000 50 35000
0 1019 0 1 175437 22 0 1000 7000 0 1 1 0 1000 50 35000
0 1019 0 1 175460 23 0 1000 7000 0 1 1 0 1000 50 35000
0 1018 0 1 175482 22 0 1000 7000 0 1 1 0 1000 50 35000
0 1023 0 1 175505 23 0 1000 7000 0 1 1 0 1000 50 35000
0 1013 0 1 175528 23 0 1000 7000 0 1 1 0 1000 50 35000
0 1017 0 1 175551 23 0 1000 7000 0 1 1 0 1000 50 35000
0 1017 0 1 175574 23 0 1000 7000 0 1 1 0 1000 50 35000
0 1010 0 1 175596 22 0 1000 7000 0 1 1 0 1000 50 35000
0 1015 0 1 175619 23 0 1000 7000 0 1 1 0 1000 50 35000
0 1015 0 1 175641 22 0 1000 7000 0 1 1 0 1000 50 35000
0 1015 0 1 175664 23 0 1000 7000 0 1 1 0 1000 50 35000
0 1020 0 1 175686 22 0 1000 7000 0 1 1 0 1000 50 35000
0 1016 0 1 175709 23 0 1000 7000 0 1 1 0 1000 50 35000
0 1017 0 1 175731 22 0 1000 7000 0 1 1 0 1000 50 35000
0 1018 0 1 175755 24 0 1000 7000 0 1 1 0 1000 50 35000
0 1014 0 1 175777 22 0 1000 7000 0 1 1 0 1000 50 35000
0 1018 0 1 175800 23 0 1000 7000 0 1 1 0 1000 50 35000
0 1016 0 1 175822 22 0 1000 7000 0 1 1 0 1000 50 35000
0 1012 0 1 175845 23 0 1000 7000 0 1 1 0 1000 50 35000
0 1018 0 1 175867 22 0 1000 7000 0 1 1 0 1000 50 35000
0 1016 0 1 175890 23 0 1000 7000 0 1 1 0 1000 50 35000
0 1016 0 1 175912 22 0 1000 7000 0 1 1 0 1000 50 35000
0 1018 0 1 175935 23 0 1000 7000 0 1 1 0 1000 50 35000
0 1016 0 1 175959 24 0 1000 7000 0 1 1 0 1000 50 35000
0 1016 0 1 175981 22 0 1000 7000 0 1 1 0 1000 50 35000
0 1019 0 1 176004 23 0 1000 7000 0 1 1 0 1000 50 35000
0 1015 0 1 176026 22 0 1000 7000 0 1 1 0 1000 50 35000
0 1017 0 1 176049 23 0 1000 7000 0 1 1 0 1000 50 35000
0 1023 0 1 176071 22 0 1000 7000 0 1 1 0 1000 50 35000
0 1014 0 1 176094 23 0 1000 7000 0 1 1 0 1000 50 35000
0 1017 0 1 176116 22 0 1000 7000 0 1 1 0 1000 50 35000
0 1017 0 1 176139 23 0 1000 7000 0 1 1 0 1000 50 35000
0 1011 0 1 176161 22 0 1000 7000 0 1 1 0 1000 50 35000
0 1018 0 1 176185 24 0 1000 7000 0 1 1 0 1000 50 35000
0 1016 0 1 176207 22 0 1000 7000 0 1 1 0 1000 50 35000
0 1015 0 1 176230 23 0 1000 7000 0 1 1 0 1000 50 35000
0 1020 0 1 176252 22 0 1000 7000 0 1 1 0 1000 50 35000
0 1015 0 1 176275 23 0 1000 7000 0 1 1 0 1000 50 35000
0 1016 0 1 176297 22 0 1000 7000 0 1 1 0 1000 50 35000
0 1022 0 1 176320 23 0 1000 7000 0 1 1 0 1000 50 35000
0 1016 0 1 176343 23 0 1000 7000 0 1 1 0 1000 50 35000
0 1017 0 1 176365 22 0 1000 7000 0 1 1 0 1000 50 35000
0 1018 0 1 176388 23 0 1000 7000 0 1 1 0 1000 50 35000
0 1008 0 1 176411 23 0 1000 7000 0 1 1 0 1000 50 35000
0 1015 0 1 176434 23 0 1000 7000 0 1 1 0 1000 50 35000
0 1017 0 1 176456 22 0 1000 7000 0 1 1 0 1000 50 35000
0 1007 0 1 176479 23 0 1000 7000 0 1 1 0 1000 50 35000
0 1020 0 1 176501 22 0 1000 7000 0 1 1 0 1000 50 35000
0 1015 0 1 176524 23 0 1000 7000 0 1 1 0 1000 50 35000
0 1015 0 1 176546 22 0 1000 7000 0 1 1 0 1000 50 35000
0 1023 0 1 176569 23 0 1000 7000 0 1 1 0 1000 50 35000
0 1013 0 1 176591 22 0 1000 7000 0 1 1 0 1000 50 35000
0 1016 0 1 176615 24 0 1000 7000 0 1 1 0 1000 50 35000
0 1018 0 1 176637 22 0 1000 7000 0 1 1 0 1000 50 35000
0 1011 0 1 176660 23 0 1000 7000 0 1 1 0 1000 50 35000
0 1017 0 1 176683 23 0 1000 7000 0 1 1 0 1000 50 35000
0 1017 0 1 176705 22 0 1000 7000 0 1 1 0 1000 50 35000
0 1012 0 1 176728 23 0 1000 7000 0 1 1 0 1000 50 35000
0 1017 0 1 176750 22 0 1000 7000 0 1 1 0 1000 50 35000
0 1016 0 1 176773 23 0 1000 7000 0 1 1 0 1000 50 35000
0 1007 0 1 176795 22 0 1000 7000 0 1 1 0 1000 50 35000
0 1017 0 1 176818 23 0 1000 7000 0 1 1 0 1000 50 35000
0 1015 0 1 176841 23 0 1000 7000 0 1 1 0 1000 50 35000
0 1016 0 1 176864 23 0 1000 7000 0 1 1 0 1000 50 35000
0 1018 0 1 176886 22 0 1000 7000 0 1 1 0 1000 50 35000
0 1015 0 1 176909 23 0 1000 7000 0 1 1 0 1000 50 35000
0 1019 0 1 176931 22 0 1000 7000 0 1 1 0 1000 50 35000
0 1020 0 1 176954 23 0 1000 7000 0 1 1 0 1000 50 35000
0 1015 0 1 176976 22 0 1000 7000 0 1 1 0 1000 50 35000
0 1019 0 1 176999 23 0 1000 7000 0 1 1 0 1000 50 35000
0 1017 0 1 177021 22 0 1000 7000 0 1 1 0 1000 50 35000
0 1014 0 1 177044 23 0 1000 7000 0 1 1 0 1000 50 35000
0 1017 0 1 177068 24 0 1000 7000 0 1 1 0 1000 50 35000
0 1016 0 1 177090 22 0 1000 7000 0 1 1 0 1000 50 35000
0 1014 0 1 177113 23 0 1000 7000 0 1 1 0 1000 50 35000
0 1018 0 1 177135 22 0 1000 7000 0 1 1 0 1000 50 35000
0 1014 0 1 177158 23 0 1000 7000 0 1 1 0 1000 50 35000
0 1015 0 1 177180 22 0 1000 7000 0 1 1 0 1000 50 35000
0 1019 0 1 177203 23 0 1000 7000 0 1 1 0 1000 50 35000
0 1015 0 1 177225 22 0 1000 7000 0 1 1 0 1000 50 35000
0 1015 0 1 177248 23 0 1000 7000 0 1 1 0 1000 50 35000
0 1018 0 1 177271 23 0 1000 7000 0 1 1 0 1000 50 35000
0 1015 0 1 177294 23 0 1000 7000 0 1 1 0 1000 50 35000
0 1018 0 1 177316 22 0 1000 7000 0 1 1 0 1000 50 35000
0 1016 0 1 177339 23 0 1000 7000 0 1 1 0 1000 50 35000
0 1011 0 1 177361 22 0 1000 7000 0 1 1 0 1000 50 35000
0 1017 0 1 177384 23 0 1000 7000 0 1 1 0 1000 50 35000
0 1016 0 1 177406 22 0 1000 7000 0 1 1 0 1000 50 35000
0 1015 0 1 177429 23 0 1000 7000 0 1 1 0 1000 50 35000
0 1017 0 1 177452 23 0 1000 7000 0 1 1 0 1000 50 35000
0 1014 0 1 177474 22 0 1000 7000 0 1 1 0 1000 50 35000
0 1017 0 1 177498 24 0 1000 7000 0 1 1 0 1000 50 35000
0 1017 0 1 177520 22 0 1000 7000 0 1 1 0 1000 50 35000
0 1016 0 1 177543 23 0 1000 7000 0 1 1 0 1000 50 35000
0 1017 0 1 177565 22 0 1000 7000 0 1 1 0 1000 50 35000
0 1018 0 1 177588 23 0 1000 7000 0 1 1 0 1000 50 35000
0 1013 0 1 177610 22 0 1000 7000 0 1 1 0 1000 50 35000
0 1017 0 1 177633 23 0 1000 7000 0 1 1 0 1000 50 35000
0 1016 0 1 177655 22 0 1000 7000 0 1 1 0 1000 50 35000
0 1011 0 1 177678 23 0 1000 7000 0 1 1 0 1000 50 35000
0 1018 0 1 177701 23 0 1000 7000 0 1 1 0 1000 50 35000
0 1016 0 1 177724 23 0 1000 7000 0 1 1 0 1000 50 35000
0 1015 0 1 177746 22 0 1000 7000 0 1 1 0 1000 50 35000
0 1023 0 1 177769 23 0 1000 7000 0 1 1 0 1000 50 35000
0 1015 0 1 177792 23 0 1000 7000 0 1 1 0 1000 50 35000
0 1017 0 1 177814 22 0 1000 7000 0 1 1 0 1000 50 35000
0 1021 0 1 177837 23 0 1000 7000 0 1 1 0 1000 50 35000
0 1015 0 1 177859 22 0 1000 7000 0 1 1 0 1000 50 35000
0 1014 0 1 177882 23 0 1000 7000 0 1 1 0 1000 50 35000
0 1018 0 1 177904 22 0 1000 7000 0 1 1 0 1000 50 35000
0 1010 0 1 177928 24 0 1000 7000 0 1 1 0 1000 50 35000
0 1015 0 1 177950 22 0 1000 7000 0 1 1 0 1000 50 35000
0 1015 0 1 177973 23 0 1000 7000 0 1 1 0 1000 50 35000
0 1011 0 1 177995 22 0 1000 7000 0 1 1 0 1000 50 35000
0 1020 0 1 178018 23 0 1000 7000 0 1 1 0 1000 50 35000
0 1015 0 1 178040 22 0 1000 7000 0 1 1 0 1000 50 35000
0 1014 0 1 178063 23 0 1000 7000 0 1 1 0 1000 50 35000
0 1021 0 1 178085 22 0 1000 7000 0 1 1 0 1000 50 35000
0 1014 0 1 178108 23 0 1000 7000 0 1 1 0 1000 50 35000
0 1017 0 1 178131 23 0 1000 7000 0 1 1 0 1000 50 35000
0 1020 0 1 178154 23 0 1000 7000 0 1 1 0 1000 50 35000
0 1016 0 1 178177 23 0 1000 7000 0 1 1 0 1000 50 35000
0 1018 0 1 178199 22 0 1000 7000 0 1 1 0 1000 50 35000
0 1017 0 1 178222 23 0 1000 7000 0 1 1 0 1000 50 35000
0 1013 0 1 178244 22 0 1000 7000 0 1 1 0 1000 50 35000
0 1018 0 1 178267 23 0 1000 7000 0 1 1 0 1000 50 35000
0 1016 0 1 178289 22 0 1000 7000 0 1 1 0 1000 50 35000
0 1011 0 1 178312 23 0 1000 7000 0 1 1 0 1000 50 35000
0 1018 0 1 178334 22 0 1000 7000 0 1 1 0 1000 50 35000
0 1017 0 1 178358 24 0 1000 7000 0 1 1 0 1000 50 35000
0 1016 0 1 178380 22 0 1000 7000 0 1 1 0 1000 50 35000
0 1020 0 1 178403 23 0 1000 7000 0 1 1 0 1000 50 35000
0 1015 0 1 178425 22 0 1000 7000 0 1 1 0 1000 50 35000
0 1016 0 1 178448 23 0 1000 7000 0 1 1 0 1000 50 35000
0 1020 0 1 178470 22 0 1000 7000 0 1 1 0 1000 50 35000
0 1014 0 1 178493 23 0 1000 7000 0 1 1 0 1000 50 35000
0 1018 0 1 178515 22 0 1000 7000 0 1 1 0 1000 50 35000
0 1016 0 1 178538 23 0 1000 7000 0 1 1 0 1000 50 35000
0 1013 0 1 178561 23 0 1000 7000 0 1 1 0 1000 50 35000
0 1017 0 1 178584 23 0 1000 7000 0 1 1 0 1000 50 35000
0 1016 0 1 178607 23 0 1000 7000 0 1 1 0 1000 50 35000
0 1015 0 1 178629 22 0 1000 7000 0 1 1 0 1000 50 35000
0 1018 0 1 178652 23 0 1000 7000 0 1 1 0 1000 50 35000
0 1014 0 1 178674 22 0 1000 7000 0 1 1 0 1000 50 35000
0 1017 0 1 178697 23 0 1000 7000 0 1 1 0 1000 50 35000
0 1021 0 1 178719 22 0 1000 7000 0 1 1 0 1000 50 35000
0 1015 0 1 178742 23 0 1000 7000 0 1 1 0 1000 50 35000
0 1017 0 1 178764 22 0 1000 7000 0 1 1 0 1000 50 35000
0 1018 0 1 178788 24 0 1000 7000 0 1 1 0 1000 50 35000
0 1014 0 1 178810 22 0 1000 7000 0 1 1 0 1000 50 35000
0 1017 0 1 178833 23 0 1000 7000 0 1 1 0 1000 50 35000
0 1016 0 1 178855 22 0 1000 7000 0 1 1 0 1000 50 35000
0 1015 0 1 178878 23 0 1000 7000 0 1 1 0 1000 50 35000
0 1017 0 1 178900 22 0 1000 7000 0 1 1 0 1000 50 35000
0 1016 0 1 178923 23 0 1000 7000 0 1 1 0 1000 50 35000
0 1016 0 1 178946 23 0 1000 7000 0 1 1 0 1000 50 35000
0 1020 0 1 178968 22 0 1000 7000 0 1 1 0 1000 50 35000
0 1016 0 1 178991 23 0 1000 7000 0 1 1 0 1000 50 35000
0 1016 0 1 179014 23 0 1000 7000 0 1 1 0 1000 50 35000
0 1023 0 1 179037 23 0 1000 7000 0 1 1 0 1000 50 35000
0 1015 0 1 179059 22 0 1000 7000 0 1 1 0 1000 50 35000
0 1015 0 1 179082 23 0 1000 7000 0 1 1 0 1000 50 35000
0 1017 0 1 179104 22 0 1000 7000 0 1 1 0 1000 50 35000
0 1008 0 1 179127 23 0 1000 7000 0 1 1 0 1000 50 35000
0 1017 0 1 179149 22 0 1000 7000 0 1 1 0 1000 50 35000
0 1016 0 1 179172 23 0 1000 7000 0 1 1 0 1000 50 35000
0 1011 0 1 179194 22 0 1000 7000 0 1 1 0 1000 50 35000
0 1018 0 1 179218 24 0 1000 7000 0 1 1 0 1000 50 35000
0 1018 0 1 179240 22 0 1000 7000 0 1 1 0 1000 50 35000
0 1010 0 1 179263 23 0 1000 7000 0 1 1 0 1000 50 35000
0 1022 0 1 179286 23 0 1000 7000 0 1 1 0 1000 50 35000
0 1014 0 1 179308 22 0 1000 7000 0 1 1 0 1000 50 35000
0 1017 0 1 179331 23 0 1000 7000 0 1 1 0 1000 50 35000
0 1021 0 1 179353 22 0 1000 7000 0 1 1 0 1000 50 35000
0 1016 0 1 179376 23 0 1000 7000 0 1 1 0 1000 50 35000
0 1014 0 1 179398 22 0 1000 7000 0 1 1 0 1000 50 35000
0 1018 0 1 179421 23 0 1000 7000 0 1 1 0 1000 50 35000
0 1006 0 1 179444 23 0 1000 7000 0 1 1 0 1000 50 35000
0 1019 0 1 179467 23 0 1000 7000 0 1 1 0 1000 50 35000
0 1014 0 1 179489 22 0 1000 7000 0 1 1 0 1000 50 35000
0 1012 0 1 179512 23 0 1000 7000 0 1 1 0 1000 50 35000
0 1017 0 1 179534 22 0 1000 7000 0 1 1 0 1000 50 35000
0 1014 0 1 179557 23 0 1000 7000 0 1 1 0 1000 50 35000
0 1016 0 1 179579 22 0 1000 7000 0 1 1 0 1000 50 35000
0 1020 0 1 179602 23 0 1000 7000 0 1 1 0 1000 50 35000
0 1015 0 1 179624 22 0 1000 7000 0 1 1 0 1000 50 35000
0 1017 0 1 179647 23 0 1000 7000 0 1 1 0 1000 50 35000
0 1020 0 1 179671 24 0 1000 7000 0 1 1 0 1000 50 35000
0 1015 0 1 179693 22 0 1000 7000 0 1 1 0 1000 50 35000
0 1017 0 1 179716 23 0 1000 7000 0 1 1 0 1000 50 35000
0 1011 0 1 179738 22 0 1000 7000 0 1 1 0 1000 50 35000
0 1016 0 1 179761 23 0 1000 7000 0 1 1 0 1000 50 35000
0 1018 0 1 179783 22 0 1000 7000 0 1 1 0 1000 50 35000
0 1016 0 1 179806 23 0 1000 7000 0 1 1 0 1000 50 35000
0 1012 0 1 179828 22 0 1000 7000 0 1 1 0 1000 50 35000
0 1017 0 1 179851 23 0 1000 7000 0 1 1 0 1000 50 35000
0 1015 0 1 179874 23 0 1000 7000 0 1 1 0 1000 50 35000
0 1015 0 1 179897 23 0 1000 7000 0 1 1 0 1000 50 35000
0 1020 0 1 179919 22 0 1000 7000 0 1 1 0 1000 50 35000
0 1015 0 1 179942 23 0 1000 7000 0 1 1 0 1000 50 35000
0 1015 0 1 179964 22 0 1000 7000 0 1 1 0 1000 50 35000
0 1017 0 1 179987 23 0 1000 7000 0 1 1 0 1000 50 35000
0 1015 0 1 180009 22 0 1000 7000 0 1 1 0 1000 50 35000
0 1018 0 1 180032 23 0 1000 7000 0 1 1 0 1000 50 35000
0 1016 0 1 180055 23 0 1000 7000 0 1 1 0 1000 50 35000
0 1012 0 1 180077 22 0 1000 7000 0 1 1 0 1000 50 35000
0 1017 0 1 180101 24 0 1000 7000 0 1 1 0 1000 50 35000
0 1017 0 1 180123 22 0 1000 7000 0 1 1 0 1000 50 35000
0 1015 0 1 180146 23 0 1000 7000 0 1 1 0 1000 50 35000
0 1019 0 1 180168 22 0 1000 7000 0 1 1 0 1000 50 35000
0 1015 0 1 180191 23 0 1000 7000 0 1 1 0 1000 50 35000
0 1016 0 1 180213 22 0 1000 7000 0 1 1 0 1000 50 35000
0 1021 0 1 180236 23 0 1000 7000 0 1 1 0 1000 50 35000
0 1016 0 1 180258 22 0 1000 7000 0 1 1 0 1000 50 35000
0 1017 0 1 180281 23 0 1000 7000 0 1 1 0 1000 50 35000
0 1019 0 1 180304 23 0 1000 7000 0 1 1 0 1000 50 35000
0 1014 0 1 180327 23 0 1000 7000 0 1 1 0 1000 50 35000
0 1016 0 1 180349 22 0 1000 7000 0 1 1 0 1000 50 35000
0 1016 0 1 180372 23 0 1000 7000 0 1 1 0 1000 50 35000
0 1011 0 1 180395 23 0 1000 7000 0 1 1 0 1000 50 35000
0 1017 0 1 180417 22 0 1000 7000 0 1 1 0 1000 50 35000
0 1016 0 1 180440 23 0 1000 7000 0 1 1 0 1000 50 35000
0 1015 0 1 180462 22 0 1000 7000 0 1 1 0 1000 50 35000
0 1021 0 1 180485 23 0 1000 7000 0 1 1 0 1000 50 35000
0 1015 0 1 180507 22 0 1000 7000 0 1 1 0 1000 50 35000
0 1017 0 1 180531 24 0 1000 7000 0 1 1 0 1000 50 35000
0 1021 0 1 180553 22 0 1000 7000 0 1 1 0 1000 50 35000
0 1016 0 1 180576 23 0 1000 7000 0 1 1 0 1000 50 35000
0 1017 0 1 180598 22 0 1000 7000 0 1 1 0 1000 50 35000
0 1018 0 1 180621 23 0 1000 7000 0 1 1 0 1000 50 35000
0 1013 0 1 180643 22 0 1000 7000 0 1 1 0 1000 50 35000
0 1017 0 1 180666 23 0 1000 7000 0 1 1 0 1000 50 35000
0 1021 0 1 180688 22 0 1000 7000 0 1 1 0 1000 50 35000
0 1012 0 1 180711 23 0 1000 7000 0 1 1 0 1000 50 35000
0 1017 0 1 180733 22 0 1000 7000 0 1 1 0 1000 50 35000
0 1015 0 1 180757 24 0 1000 7000 0 1 1 0 1000 50 35000
0 1016 0 1 180780 23 0 1000 7000 0 1 1 0 1000 50 35000
0 1018 0 1 180802 22 0 1000 7000 0 1 1 0 1000 50 35000
0 1019 0 1 180825 23 0 1000 7000 0 1 1 0 1000 50 35000
0 1021 0 1 180847 22 0 1000 7000 0 1 1 0 1000 50 35000
0 1020 0 1 180870 23 0 1000 7000 0 1 1 0 1000 50 35000
0 1017 0 1 180892 22 0 1000 7000 0 1 1 0 1000 50 35000
0 1018 0 1 180915 23 0 1000 7000 0 1 1 0 1000 50 35000
0 1017 0 1 180937 22 0 1000 7000 0 1 1 0 1000 50 35000
0 1014 0 1 180961 24 0 1000 7000 0 1 1 0 1000 50 35000
0 1018 0 1 180983 22 0 1000 7000 0 1 1 0 1000 50 35000
0 1016 0 1 181006 23 0 1000 7000 0 1 1 0 1000 50 35000
0 1013 0 1 181028 22 0 1000 7000 0 1 1 0 1000 50 35000
0 1017 0 1 181051 23 0 1000 7000 0 1 1 0 1000 50 35000
0 1015 0 1 181073 22 0 1000 7000 0 1 1 0 1000 50 35000
0 1016 0 1 181096 23 0 1000 7000 0 1 1 0 1000 50 35000
0 1019 0 1 181118 22 0 1000 7000 0 1 1 0 1000 50 35000
0 1014 0 1 181141 23 0 1000 7000 0 1 1 0 1000 50 35000
0 1017 0 1 181164 23 0 1000 7000 0 1 1 0 1000 50 35000
0 1019 0 1 181187 23 0 1000 7000 0 1 1 0 1000 50 35000
0 1015 0 1 181210 23 0 1000 7000 0 1 1 0 1000 50 35000
0 1018 0 1 181232 22 0 1000 7000 0 1 1 0 1000 50 35000
0 1016 0 1 181255 23 0 1000 7000 0 1 1 0 1000 50 35000
0 1014 0 1 181277 22 0 1000 7000 0 1 1 0 1000 50 35000
0 1018 0 1 181300 23 0 1000 7000 0 1 1 0 1000 50 35000
0 1017 0 1 181322 22 0 1000 7000 0 1 1 0 1000 50 35000
0 1019 0 1 181345 23 0 1000 7000 0 1 1 0 1000 50 35000
0 1018 0 1 181367 22 0 1000 7000 0 1 1 0 1000 50 35000
0 1015 0 1 181391 24 0 1000 7000 0 1 1 0 1000 50 35000
0 1016 0 1 181413 22 0 1000 7000 0 1 1 0 1000 50 35000
0 1020 0 1 181436 23 0 1000 7000 0 1 1 0 1000 50 35000
0 1015 0 1 181458 22 0 1000 7000 0 1 1 0 1000 50 35000
0 1017 0 1 181481 23 0 1000 7000 0 1 1 0 1000 50 35000
0 1017 0 1 181504 23 0 1000 7000 0 1 1 0 1000 50 35000
0 1014 0 1 181526 22 0 1000 7000 0 1 1 0 1000 50 35000
0 1017 0 1 181549 23 0 1000 7000 0 1 1 0 1000 50 35000
0 1016 0 1 181571 22 0 1000 7000 0 1 1 0 1000 50 35000
0 1011 0 1 181594 23 0 1000 7000 0 1 1 0 1000 50 35000
0 1017 0 1 181617 23 0 1000 7000 0 1 1 0 1000 50 35000
0 1016 0 1 181640 23 0 1000 7000 0 1 1 0 1000 50 35000
0 1019 0 1 181662 22 0 1000 7000 0 1 1 0 1000 50 35000
0 1023 0 1 181685 23 0 1000 7000 0 1 1 0 1000 50 35000
0 1016 0 1 181707 22 0 1000 7000 0 1 1 0 1000 50 35000
0 1015 0 1 181730 23 0 1000 7000 0 1 1 0 1000 50 35000
0 1021 0 1 181752 22 0 1000 7000 0 1 1 0 1000 50 35000
0 1015 0 1 181775 23 0 1000 7000 0 1 1 0 1000 50 35000
0 1016 0 1 181797 22 0 1000 7000 0 1 1 0 1000 50 35000
0 1019 0 1 181820 23 0 1000 7000 0 1 1 0 1000 50 35000
0 1009 0 1 181843 23 0 1000 7000 0 1 1 0 1000 50 35000
0 1017 0 1 181866 23 0 1000 7000 0 1 1 0 1000 50 35000
0 1013 0 1 181889 23 0 1000 7000 0 1 1 0 1000 50 35000
0 1011 0 1 181911 22 0 1000 7000 0 1 1 0 1000 50 35000
0 1017 0 1 181934 23 0 1000 7000 0 1 1 0 1000 50 35000
0 1016 0 1 181956 22 0 1000 7000 0 1 1 0 1000 50 35000
0 1015 0 1 181979 23 0 1000 7000 0 1 1 0 1000 50 35000
0 1023 0 1 182001 22 0 1000 7000 0 1 1 0 1000 50 35000
0 1014 0 1 182024 23 0 1000 7000 0 1 1 0 1000 50 35000
0 1017 0 1 182047 23 0 1000 7000 0 1 1 0 1000 50 35000
0 1020 0 1 182070 23 0 1000 7000 0 1 1 0 1000 50 35000
0 1016 0 1 182092 22 0 1000 7000 0 1 1 0 1000 50 35000
0 1018 0 1 182115 23 0 1000 7000 0 1 1 0 1000 50 35000
0 1017 0 1 182137 22 0 1000 7000 0 1 1 0 1000 50 35000
0 1014 0 1 182160 23 0 1000 7000 0 1 1 0 1000 50 35000
0 1017 0 1 182182 22 0 1000 7000 0 1 1 0 1000 50 35000
0 1017 0 1 182205 23 0 1000 7000 0 1 1 0 1000 50 35000
0 1012 0 1 182227 22 0 1000 7000 0 1 1 0 1000 50 35000
0 1017 0 1 182250 23 0 1000 7000 0 1 1 0 1000 50 35000
0 1015 0 1 182274 24 0 1000 7000 0 1 1 0 1000 50 35000
0 1016 0 1 182296 22 0 1000 7000 0 1 1 0 1000 50 35000
0 1020 0 1 182319 23 0 1000 7000 0 1 1 0 1000 50 35000
0 1015 0 1 182341 22 0 1000 7000 0 1 1 0 1000 50 35000
0 1017 0 1 182364 23 0 1000 7000 0 1 1 0 1000 50 35000
0 1021 0 1 182386 22 0 1000 7000 0 1 1 0 1000 50 35000
0 1014 0 1 182409 23 0 1000 7000 0 1 1 0 1000 50 35000
0 1018 0 1 182431 22 0 1000 7000 0 1 1 0 1000 50 35000
0 1017 0 1 182454 23 0 1000 7000 0 1 1 0 1000 50 35000
0 1013 0 1 182477 23 0 1000 7000 0 1 1 0 1000 50 35000
0 1018 0 1 182500 23 0 1000 7000 0 1 1 0 1000 50 35000
0 1016 0 1 182522 22 0 1000 7000 0 1 1 0 1000 50 35000
0 1015 0 1 182545 23 0 1000 7000 0 1 1 0 1000 50 35000
0 1017 0 1 182567 22 0 1000 7000 0 1 1 0 1000 50 35000
0 1014 0 1 182590 23 0 1000 7000 0 1 1 0 1000 50 35000
0 1016 0 1 182612 22 0 1000 7000 0 1 1 0 1000 50 35000
0 1020 0 1 182635 23 0 1000 7000 0 1 1 0 1000 50 35000
0 1015 0 1 182658 23 0 1000 7000 0 1 1 0 1000 50 35000
0 1015 0 1 182680 22 0 1000 7000 0 1 1 0 1000 50 35000
0 1019 0 1 182704 24 0 1000 7000 0 1 1 0 1000 50 35000
0 1014 0 1 182726 22 0 1000 7000 0 1 1 0 1000 50 35000
0 1017 0 1 182749 23 0 1000 7000 0 1 1 0 1000 50 35000
0 1017 0 1 182771 22 0 1000 7000 0 1 1 0 1000 50 35000
0 1011 0 1 182794 23 0 1000 7000 0 1 1 0 1000 50 35000
0 1018 0 1 182816 22 0 1000 7000 0 1 1 0 1000 50 35000
0 1016 0 1 182839 23 0 1000 7000 0 1 1 0 1000 50 35000
0 1015 0 1 182861 22 0 1000 7000 0 1 1 0 1000 50 35000
0 1020 0 1 182884 23 0 1000 7000 0 1 1 0 1000 50 35000
0 1018 0 1 182906 22 0 1000 7000 0 1 1 0 1000 50 35000
0 1017 0 1 182930 24 0 1000 7000 0 1 1 0 1000 50 35000
0 1021 0 1 182952 22 0 1000 7000 0 1 1 0 1000 50 35000
0 1015 0 1 182975 23 0 1000 7000 0 1 1 0 1000 50 35000
0 1018 0 1 182998 23 0 1000 7000 0 1 1 0 1000 50 35000
0 1018 0 1 183020 22 0 1000 7000 0 1 1 0 1000 50 35000
0 1008 0 1 183043 23 0 1000 7000 0 1 1 0 1000 50 35000
0 1018 0 1 183065 22 0 1000 7000 0 1 1 0 1000 50 35000
0 1016 0 1 183088 23 0 1000 7000 0 1 1 0 1000 50 35000
0 1012 0 1 183110 22 0 1000 7000 0 1 1 0 1000 50 35000
0 1017 0 1 183134 24 0 1000 7000 0 1 1 0 1000 50 35000
0 1016 0 1 183156 22 0 1000 7000 0 1 1 0 1000 50 35000
0 1016 0 1 183179 23 0 1000 7000 0 1 1 0 1000 50 35000
0 1023 0 1 183201 22 0 1000 7000 0 1 1 0 1000 50 35000
0 1016 0 1 183224 23 0 1000 7000 0 1 1 0 1000 50 35000
0 1016 0 1 183246 22 0 1000 7000 0 1 1 0 1000 50 35000
0 1021 0 1 183269 23 0 1000 7000 0 1 1 0 1000 50 35000
0 1017 0 1 183291 22 0 1000 7000 0 1 1 0 1000 50 35000
0 1017 0 1 183314 23 0 1000 7000 0 1 1 0 1000 50 35000
0 1018 0 1 183336 22 0 1000 7000 0 1 1 0 1000 50 35000
0 1012 0 1 183360 24 0 1000 7000 0 1 1 0 1000 50 35000
0 1018 0 1 183383 23 0 1000 7000 0 1 1 0 1000 50 35000
0 1016 0 1 183405 22 0 1000 7000 0 1 1 0 1000 50 35000
0 1013 0 1 183428 23 0 1000 7000 0 1 1 0 1000 50 35000
0 1017 0 1 183450 22 0 1000 7000 0 1 1 0 1000 50 35000
0 1015 0 1 183473 23 0 1000 7000 0 1 1 0 1000 50 35000
0 1016 0 1 183495 22 0 1000 7000 0 1 1 0 1000 50 35000
0 1020 0 1 183518 23 0 1000 7000 0 1 1 0 1000 50 35000
0 1017 0 1 183540 22 0 1000 7000 0 1 1 0 1000 50 35000
0 1017 0 1 183564 24 0 1000 7000 0 1 1 0 1000 50 35000
0 1020 0 1 183586 22 0 1000 7000 0 1 1 0 1000 50 35000
0 1015 0 1 183609 23 0 1000 7000 0 1 1 0 1000 50 35000
0 1018 0 1 183631 22 0 1000 7000 0 1 1 0 1000 50 35000
0 1017 0 1 183654 23 0 1000 7000 0 1 1 0 1000 50 35000
0 1015 0 1 183676 22 0 1000 7000 0 1 1 0 1000 50 35000
0 1017 0 1 183699 23 0 1000 7000 0 1 1 0 1000 50 35000
0 1016 0 1 183721 22 0 1000 7000 0 1 1 0 1000 50 35000
0 1014 0 1 183744 23 0 1000 7000 0 1 1 0 1000 50 35000
0 1019 0 1 183767 23 0 1000 7000 0 1 1 0 1000 50 35000
0 1014 0 1 183790 23 0 1000 7000 0 1 1 0 1000 50 35000
0 1016 0 1 183813 23 0 1000 7000 0 1 1 0 1000 50 35000
0 1020 0 1 183835 22 0 1000 7000 0 1 1 0 1000 50 35000
0 1015 0 1 183858 23 0 1000 7000 0 1 1 0 1000 50 35000
0 1017 0 1 183880 22 0 1000 7000 0 1 1 0 1000 50 35000
0 1016 0 1 183903 23 0 1000 7000 0 1 1 0 1000 50 35000
0 1014 0 1 183925 22 0 1000 7000 0 1 1 0 1000 50 35000
0 1018 0 1 183948 23 0 1000 7000 0 1 1 0 1000 50 35000
0 1019 0 1 183970 22 0 1000 7000 0 1 1 0 1000 50 35000
0 1013 0 1 183993 23 0 1000 7000 0 1 1 0 1000 50 35000
0 1017 0 1 184016 23 0 1000 7000 0 1 1 0 1000 50 35000
0 1016 0 1 184039 23 0 1000 7000 0 1 1 0 1000 50 35000
0 1011 0 1 184061 22 0 1000 7000 0 1 1 0 1000 50 35000
0 1019 0 1 184084 23 0 1000 7000 0 1 1 0 1000 50 35000
0 1016 0 1 184107 23 0 1000 7000 0 1 1 0 1000 50 35000
0 1010 0 1 184129 22 0 1000 7000 0 1 1 0 1000 50 35000
0 1022 0 1 184152 23 0 1000 7000 0 1 1 0 1000 50 35000
0 1015 0 1 184174 22 0 1000 7000 0 1 1 0 1000 50 35000
0 1017 0 1 184197 23 0 1000 7000 0 1 1 0 1000 50 35000
0 1017 0 1 184220 23 0 1000 7000 0 1 1 0 1000 50 35000
0 1012 0 1 184243 23 0 1000 7000 0 1 1 0 1000 50 35000
0 1016 0 1 184265 22 0 1000 7000 0 1 1 0 1000 50 35000
0 1017 0 1 184288 23 0 1000 7000 0 1 1 0 1000 50 35000
0 1011 0 1 184310 22 0 1000 7000 0 1 1 0 1000 50 35000
0 1018 0 1 184333 23 0 1000 7000 0 1 1 0 1000 50 35000
0 1016 0 1 184355 22 0 1000 7000 0 1 1 0 1000 50 35000
0 1015 0 1 184378 23 0 1000 7000 0 1 1 0 1000 50 35000
0 1023 0 1 184400 22 0 1000 7000 0 1 1 0 1000 50 35000
0 1016 0 1 184423 23 0 1000 7000 0 1 1 0 1000 50 35000
0 1014 0 1 184446 23 0 1000 7000 0 1 1 0 1000 50 35000
0 1021 0 1 184469 23 0 1000 7000 0 1 1 0 1000 50 35000
0 1015 0 1 184492 23 0 1000 7000 0 1 1 0 1000 50 35000
0 1017 0 1 184514 22 0 1000 7000 0 1 1 0 1000 50 35000
0 1019 0 1 184537 23 0 1000 7000 0 1 1 0 1000 50 35000
0 1012 0 1 184559 22 0 1000 7000 0 1 1 0 1000 50 35000
0 1018 0 1 184582 23 0 1000 7000 0 1 1 0 1000 50 35000
0 1016 0 1 184604 22 0 1000 7000 0 1 1 0 1000 50 35000
0 1014 0 1 184627 23 0 1000 7000 0 1 1 0 1000 50 35000
0 1017 0 1 184650 23 0 1000 7000 0 1 1 0 1000 50 35000
0 1015 0 1 184673 23 0 1000 7000 0 1 1 0 1000 50 35000
0 1016 0 1 184695 22 0 1000 7000 0 1 1 0 1000 50 35000
0 1019 0 1 184718 23 0 1000 7000 0 1 1 0 1000 50 35000
0 1016 0 1 184740 22 0 1000 7000 0 1 1 0 1000 50 35000
0 1017 0 1 184763 23 0 1000 7000 0 1 1 0 1000 50 35000
0 1020 0 1 184785 22 0 1000 7000 0 1 1 0 1000 50 35000
0 1016 0 1 184808 23 0 1000 7000 0 1 1 0 1000 50 35000
0 1018 0 1 184830 22 0 1000 7000 0 1 1 0 1000 50 35000
0 1016 0 1 184853 23 0 1000 7000 0 1 1 0 1000 50 35000
0 1016 0 1 184877 24 0 1000 7000 0 1 1 0 1000 50 35000
0 1018 0 1 184899 22 0 1000 7000 0 1 1 0 1000 50 35000
0 1019 0 1 184922 23 0 1000 7000 0 1 1 0 1000 50 35000
0 1013 0 1 184944 22 0 1000 7000 0 1 1 0 1000 50 35000
0 1016 0 1 184967 23 0 1000 7000 0 1 1 0 1000 50 35000
0 1014 0 1 184989 22 0 1000 7000 0 1 1 0 1000 50 35000
0 1016 0 1 185012 23 0 1000 7000 0 1 1 0 1000 50 35000
0 1019 0 1 185034 22 0 1000 7000 0 1 1 0 1000 50 35000
0 1015 0 1 185057 23 0 1000 7000 0 1 1 0 1000 50 35000
0 1017 0 1 185079 22 0 1000 7000 0 1 1 0 1000 50 35000
0 1018 0 1 185103 24 0 1000 7000 0 1 1 0 1000 50 35000
0 1016 0 1 185125 22 0 1000 7000 0 1 1 0 1000 50 35000
0 1020 0 1 185148 23 0 1000 7000 0 1 1 0 1000 50 35000
0 1017 0 1 185170 22 0 1000 7000 0 1 1 0 1000 50 35000
0 1012 0 1 185193 23 0 1000 7000 0 1 1 0 1000 50 35000
0 1018 0 1 185216 23 0 1000 7000 0 1 1 0 1000 50 35000
0 1015 0 1 185238 22 0 1000 7000 0 1 1 0 1000 50 35000
0 1015 0 1 185261 23 0 1000 7000 0 1 1 0 1000 50 35000
0 1019 0 1 185283 22 0 1000 7000 0 1 1 0 1000 50 35000
0 1016 0 1 185307 24 0 1000 7000 0 1 1 0 1000 50 35000
0 1016 0 1 185329 22 0 1000 7000 0 1 1 0 1000 50 35000
0 1022 0 1 185352 23 0 1000 7000 0 1 1 0 1000 50 35000
0 1015 0 1 185374 22 0 1000 7000 0 1 1 0 1000 50 35000
0 1017 0 1 185397 23 0 1000 7000 0 1 1 0 1000 50 35000
0 1021 0 1 185419 22 0 1000 7000 0 1 1 0 1000 50 35000
0 1014 0 1 185442 23 0 1000 7000 0 1 1 0 1000 50 35000
0 1017 0 1 185464 22 0 1000 7000 0 1 1 0 1000 50 35000
0 1017 0 1 185487 23 0 1000 7000 0 1 1 0 1000 50 35000
0 1011 0 1 185509 22 0 1000 7000 0 1 1 0 1000 50 35000
0 1019 0 1 185533 24 0 1000 7000 0 1 1 0 1000 50 35000
0 1016 0 1 185555 22 0 1000 7000 0 1 1 0 1000 50 35000
0 1018 0 1 185578 23 0 1000 7000 0 1 1 0 1000 50 35000
0 1023 0 1 185601 23 0 1000 7000 0 1 1 0 1000 50 35000
0 1015 0 1 185623 22 0 1000 7000 0 1 1 0 1000 50 35000
0 1017 0 1 185646 23 0 1000 7000 0 1 1 0 1000 50 35000
0 1022 0 1 185668 22 0 1000 7000 0 1 1 0 1000 50 35000
0 1016 0 1 185691 23 0 1000 7000 0 1 1 0 1000 50 35000
0 1017 0 1 185713 22 0 1000 7000 0 1 1 0 1000 50 35000
0 1018 0 1 185737 24 0 1000 7000 0 1 1 0 1000 50 35000
0 1011 0 1 185759 22 0 1000 7000 0 1 1 0 1000 50 35000
0 1017 0 1 185782 23 0 1000 7000 0 1 1 0 1000 50 35000
0 1017 0 1 185804 22 0 1000 7000 0 1 1 0 1000 50 35000
0 1012 0 1 185827 23 0 1000 7000 0 1 1 0 1000 50 35000
0 1018 0 1 185849 22 0 1000 7000 0 1 1 0 1000 50 35000
0 1016 0 1 185872 23 0 1000 7000 0 1 1 0 1000 50 35000
0 1016 0 1 185894 22 0 1000 7000 0 1 1 0 1000 50 35000
0 1019 0 1 185917 23 0 1000 7000 0 1 1 0 1000 50 35000
0 1016 0 1 185939 22 0 1000 7000 0 1 1 0 1000 50 35000
0 1017 0 1 185963 24 0 1000 7000 0 1 1 0 1000 50 35000
0 1021 0 1 185986 23 0 1000 7000 0 1 1 0 1000 50 35000
0 1015 0 1 186008 22 0 1000 7000 0 1 1 0 1000 50 35000
0 1020 0 1 186031 23 0 1000 7000 0 1 1 0 1000 50 35000
0 1017 0 1 186053 22 0 1000 7000 0 1 1 0 1000 50 35000
0 1014 0 1 186076 23 0 1000 7000 0 1 1 0 1000 50 35000
0 1016 0 1 186098 22 0 1000 7000 0 1 1 0 1000 50 35000
0 1016 0 1 186121 23 0 1000 7000 0 1 1 0 1000 50 35000
0 1012 0 1 186143 22 0 1000 7000 0 1 1 0 1000 50 35000
0 1018 0 1 186166 23 0 1000 7000 0 1 1 0 1000 50 35000
0 1015 0 1 186189 23 0 1000 7000 0 1 1 0 1000 50 35000
0 1016 0 1 186212 23 0 1000 7000 0 1 1 0 1000 50 35000
0 1020 0 1 186234 22 0 1000 7000 0 1 1 0 1000 50 35000
0 1015 0 1 186257 23 0 1000 7000 0 1 1 0 1000 50 35000
0 1017 0 1 186279 22 0 1000 7000 0 1 1 0 1000 50 35000
0 1021 0 1 186302 23 0 1000 7000 0 1 1 0 1000 50 35000
0 1016 0 1 186324 22 0 1000 7000 0 1 1 0 1000 50 35000
0 1018 0 1 186347 23 0 1000 7000 0 1 1 0 1000 50 35000
0 1017 0 1 186370 23 0 1000 7000 0 1 1 0 1000 50 35000
0 1007 0 1 186393 23 0 1000 7000 0 1 1 0 1000 50 35000
0 1018 0 1 186416 23 0 1000 7000 0 1 1 0 1000 50 35000
0 1019 0 1 186438 22 0 1000 7000 0 1 1 0 1000 50 35000
0 1013 0 1 186461 23 0 1000 7000 0 1 1 0 1000 50 35000
0 1018 0 1 186483 22 0 1000 7000 0 1 1 0 1000 50 35000
0 1015 0 1 186506 23 0 1000 7000 0 1 1 0 1000 50 35000
0 1016 0 1 186528 22 0 1000 7000 0 1 1 0 1000 50 35000
0 1021 0 1 186551 23 0 1000 7000 0 1 1 0 1000 50 35000
0 1014 0 1 186573 22 0 1000 7000 0 1 1 0 1000 50 35000
0 1018 0 1 186596 23 0 1000 7000 0 1 1 0 1000 50 35000
0 1015 0 1 186619 23 0 1000 7000 0 1 1 0 1000 50 35000
0 1014 0 1 186642 23 0 1000 7000 0 1 1 0 1000 50 35000
0 1018 0 1 186664 22 0 1000 7000 0 1 1 0 1000 50 35000
0 1018 0 1 186687 23 0 1000 7000 0 1 1 0 1000 50 35000
0 1011 0 1 186710 23 0 1000 7000 0 1 1 0 1000 50 35000
0 1020 0 1 186732 22 0 1000 7000 0 1 1 0 1000 50 35000
0 1016 0 1 186755 23 0 1000 7000 0 1 1 0 1000 50 35000
0 1015 0 1 186777 22 0 1000 7000 0 1 1 0 1000 50 35000
0 1023 0 1 186800 23 0 1000 7000 0 1 1 0 1000 50 35000
0 1016 0 1 186823 23 0 1000 7000 0 1 1 0 1000 50 35000
0 1017 0 1 186846 23 0 1000 7000 0 1 1 0 1000 50 35000
0 1022 0 1 186868 22 0 1000 7000 0 1 1 0 1000 50 35000
0 1018 0 1 186891 23 0 1000 7000 0 1 1 0 1000 50 35000
0 1018 0 1 186913 22 0 1000 7000 0 1 1 0 1000 50 35000
0 1018 0 1 186936 23 0 1000 7000 0 1 1 0 1000 50 35000
0 1009 0 1 186958 22 0 1000 7000 0 1 1 0 1000 50 35000
0 1018 0 1 186981 23 0 1000 7000 0 1 1 0 1000 50 35000
0 1016 0 1 187003 22 0 1000 7000 0 1 1 0 1000 50 35000
0 1012 0 1 187026 23 0 1000 7000 0 1 1 0 1000 50 35000
0 1018 0 1 187049 23 0 1000 7000 0 1 1 0 1000 50 35000
0 1016 0 1 187072 23 0 1000 7000 0 1 1 0 1000 50 35000
0 1015 0 1 187095 23 0 1000 7000 0 1 1 0 1000 50 35000
0 1018 0 1 187117 22 0 1000 7000 0 1 1 0 1000 50 35000
0 1016 0 1 187140 23 0 1000 7000 0 1 1 0 1000 50 35000
0 1017 0 1 187162 22 0 1000 7000 0 1 1 0 1000 50 35000
0 1021 0 1 187185 23 0 1000 7000 0 1 1 0 1000 50 35000
0 1016 0 1 187207 22 0 1000 7000 0 1 1 0 1000 50 35000
0 1018 0 1 187230 23 0 1000 7000 0 1 1 0 1000 50 35000
0 1017 0 1 187252 22 0 1000 7000 0 1 1 0 1000 50 35000
0 1013 0 1 187276 24 0 1000 7000 0 1 1 0 1000 50 35000
0 1016 0 1 187298 22 0 1000 7000 0 1 1 0 1000 50 35000
0 1017 0 1 187321 23 0 1000 7000 0 1 1 0 1000 50 35000
0 1018 0 1 187343 22 0 1000 7000 0 1 1 0 1000 50 35000
0 1020 0 1 187366 23 0 1000 7000 0 1 1 0 1000 50 35000
0 1015 0 1 187388 22 0 1000 7000 0 1 1 0 1000 50 35000
0 1016 0 1 187411 23 0 1000 7000 0 1 1 0 1000 50 35000
0 1019 0 1 187433 22 0 1000 7000 0 1 1 0 1000 50 35000
0 1015 0 1 187456 23 0 1000 7000 0 1 1 0 1000 50 35000
0 1017 0 1 187480 24 0 1000 7000 0 1 1 0 1000 50 35000
0 1016 0 1 187502 22 0 1000 7000 0 1 1 0 1000 50 35000
0 1015 0 1 187525 23 0 1000 7000 0 1 1 0 1000 50 35000
0 1019 0 1 187547 22 0 1000 7000 0 1 1 0 1000 50 35000
0 1017 0 1 187570 23 0 1000 7000 0 1 1 0 1000 50 35000
0 1013 0 1 187592 22 0 1000 7000 0 1 1 0 1000 50 35000
0 1016 0 1 187615 23 0 1000 7000 0 1 1 0 1000 50 35000
0 1016 0 1 187637 22 0 1000 7000 0 1 1 0 1000 50 35000
0 1016 0 1 187660 23 0 1000 7000 0 1 1 0 1000 50 35000
0 1018 0 1 187682 22 0 1000 7000 0 1 1 0 1000 50 35000
0 1015 0 1 187706 24 0 1000 7000 0 1 1 0 1000 50 35000
0 1016 0 1 187728 22 0 1000 7000 0 1 1 0 1000 50 35000
0 1021 0 1 187751 23 0 1000 7000 0 1 1 0 1000 50 35000
0 1015 0 1 187773 22 0 1000 7000 0 1 1 0 1000 50 35000
0 1017 0 1 187796 23 0 1000 7000 0 1 1 0 1000 50 35000
0 1011 0 1 187819 23 0 1000 7000 0 1 1 0 1000 50 35000
0 1014 0 1 187841 22 0 1000 7000 0 1 1 0 1000 50 35000
0 1018 0 1 187864 23 0 1000 7000 0 1 1 0 1000 50 35000
0 1017 0 1 187886 22 0 1000 7000 0 1 1 0 1000 50 35000
0 1011 0 1 187910 24 0 1000 7000 0 1 1 0 1000 50 35000
0 1018 0 1 187932 22 0 1000 7000 0 1 1 0 1000 50 35000
0 1016 0 1 187955 23 0 1000 7000 0 1 1 0 1000 50 35000
0 1018 0 1 187977 22 0 1000 7000 0 1 1 0 1000 50 35000
0 1020 0 1 188000 23 0 1000 7000 0 1 1 0 1000 50 35000
0 1016 0 1 188022 22 0 1000 7000 0 1 1 0 1000 50 35000
0 1017 0 1 188045 23 0 1000 7000 0 1 1 0 1000 50 35000
0 1023 0 1 188067 22 0 1000 7000 0 1 1 0 1000 50 35000
0 1017 0 1 188090 23 0 1000 7000 0 1 1 0 1000 50 35000
0 1017 0 1 188112 22 0 1000 7000 0 1 1 0 1000 50 35000
0 1017 0 1 188136 24 0 1000 7000 0 1 1 0 1000 50 35000
0 1010 0 1 188158 22 0 1000 7000 0 1 1 0 1000 50 35000
0 1018 0 1 188181 23 0 1000 7000 0 1 1 0 1000 50 35000
0 1017 0 1 188204 23 0 1000 7000 0 1 1 0 1000 50 35000
0 1012 0 1 188226 22 0 1000 7000 0 1 1 0 1000 50 35000
0 1014 0 1 188249 23 0 1000 7000 0 1 1 0 1000 50 35000
0 1016 0 1 188271 22 0 1000 7000 0 1 1 0 1000 50 35000
0 1016 0 1 188294 23 0 1000 7000 0 1 1 0 1000 50 35000
0 1023 0 1 188316 22 0 1000 7000 0 1 1 0 1000 50 35000
0 1017 0 1 188340 24 0 1000 7000 0 1 1 0 1000 50 35000
0 1013 0 1 188362 22 0 1000 7000 0 1 1 0 1000 50 35000
0 1019 0 1 188385 23 0 1000 7000 0 1 1 0 1000 50 35000
0 1017 0 1 188407 22 0 1000 7000 0 1 1 0 1000 50 35000
0 1017 0 1 188430 23 0 1000 7000 0 1 1 0 1000 50 35000
0 1017 0 1 188452 22 0 1000 7000 0 1 1 0 1000 50 35000
0 1013 0 1 188475 23 0 1000 7000 0 1 1 0 1000 50 35000
0 1018 0 1 188497 22 0 1000 7000 0 1 1 0 1000 50 35000
0 1019 0 1 188520 23 0 1000 7000 0 1 1 0 1000 50 35000
0 1012 0 1 188542 22 0 1000 7000 0 1 1 0 1000 50 35000
0 1017 0 1 188566 24 0 1000 7000 0 1 1 0 1000 50 35000
0 1016 0 1 188589 23 0 1000 7000 0 1 1 0 1000 50 35000
0 1016 0 1 188611 22 0 1000 7000 0 1 1 0 1000 50 35000
0 1020 0 1 188634 23 0 1000 7000 0 1 1 0 1000 50 35000
0 1015 0 1 188656 22 0 1000 7000 0 1 1 0 1000 50 35000
0 1015 0 1 188679 23 0 1000 7000 0 1 1 0 1000 50 35000
0 1020 0 1 188701 22 0 1000 7000 0 1 1 0 1000 50 35000
0 1017 0 1 188724 23 0 1000 7000 0 1 1 0 1000 50 35000
0 1018 0 1 188746 22 0 1000 7000 0 1 1 0 1000 50 35000
0 1018 0 1 188769 23 0 1000 7000 0 1 1 0 1000 50 35000
0 1014 0 1 188792 23 0 1000 7000 0 1 1 0 1000 50 35000
0 1018 0 1 188815 23 0 1000 7000 0 1 1 0 1000 50 35000
0 1016 0 1 188837 22 0 1000 7000 0 1 1 0 1000 50 35000
0 1014 0 1 188860 23 0 1000 7000 0 1 1 0 1000 50 35000
0 1018 0 1 188882 22 0 1000 7000 0 1 1 0 1000 50 35000
0 1015 0 1 188905 23 0 1000 7000 0 1 1 0 1000 50 35000
0 1016 0 1 188928 23 0 1000 7000 0 1 1 0 1000 50 35000
0 1021 0 1 188950 22 0 1000 7000 0 1 1 0 1000 50 35000
0 1015 0 1 188973 23 0 1000 7000 0 1 1 0 1000 50 35000
0 1017 0 1 188996 23 0 1000 7000 0 1 1 0 1000 50 35000
0 1018 0 1 189019 23 0 1000 7000 0 1 1 0 1000 50 35000
0 1018 0 1 189041 22 0 1000 7000 0 1 1 0 1000 50 35000
0 1018 0 1 189064 23 0 1000 7000 0 1 1 0 1000 50 35000
0 1017 0 1 189086 22 0 1000 7000 0 1 1 0 1000 50 35000
0 1012 0 1 189109 23 0 1000 7000 0 1 1 0 1000 50 35000
0 1018 0 1 189131 22 0 1000 7000 0 1 1 0 1000 50 35000
0 1016 0 1 189154 23 0 1000 7000 0 1 1 0 1000 50 35000
0 1012 0 1 189176 22 0 1000 7000 0 1 1 0 1000 50 35000
0 1020 0 1 189199 23 0 1000 7000 0 1 1 0 1000 50 35000
0 1016 0 1 189222 23 0 1000 7000 0 1 1 0 1000 50 35000
0 1016 0 1 189245 23 0 1000 7000 0 1 1 0 1000 50 35000
0 1022 0 1 189267 22 0 1000 7000 0 1 1 0 1000 50 35000
0 1016 0 1 189290 23 0 1000 7000 0 1 1 0 1000 50 35000
0 1017 0 1 189313 23 0 1000 7000 0 1 1 0 1000 50 35000
0 1019 0 1 189335 22 0 1000 7000 0 1 1 0 1000 50 35000
0 1009 0 1 189358 23 0 1000 7000 0 1 1 0 1000 50 35000
0 1018 0 1 189380 22 0 1000 7000 0 1 1 0 1000 50 35000
0 1018 0 1 189403 23 0 1000 7000 0 1 1 0 1000 50 35000
0 1011 0 1 189426 23 0 1000 7000 0 1 1 0 1000 50 35000
0 1018 0 1 189449 23 0 1000 7000 0 1 1 0 1000 50 35000
0 1016 0 1 189471 22 0 1000 7000 0 1 1 0 1000 50 35000
0 1017 0 1 189494 23 0 1000 7000 0 1 1 0 1000 50 35000
0 1023 0 1 189516 22 0 1000 7000 0 1 1 0 1000 50 35000
0 1016 0 1 189539 23 0 1000 7000 0 1 1 0 1000 50 35000
0 1017 0 1 189561 22 0 1000 7000 0 1 1 0 1000 50 35000
0 1021 0 1 189584 23 0 1000 7000 0 1 1 0 1000 50 35000
0 1016 0 1 189606 22 0 1000 7000 0 1 1 0 1000 50 35000
0 1018 0 1 189629 23 0 1000 7000 0 1 1 0 1000 50 35000
0 1016 0 1 189652 23 0 1000 7000 0 1 1 0 1000 50 35000
0 1010 0 1 189675 23 0 1000 7000 0 1 1 0 1000 50 35000
0 1018 0 1 189698 23 0 1000 7000 0 1 1 0 1000 50 35000
0 1018 0 1 189720 22 0 1000 7000 0 1 1 0 1000 50 35000
0 1014 0 1 189743 23 0 1000 7000 0 1 1 0 1000 50 35000
0 1018 0 1 189765 22 0 1000 7000 0 1 1 0 1000 50 35000
0 1015 0 1 189788 23 0 1000 7000 0 1 1 0 1000 50 35000
0 1016 0 1 189810 22 0 1000 7000 0 1 1 0 1000 50 35000
0 1023 0 1 189833 23 0 1000 7000 0 1 1 0 1000 50 35000
0 1017 0 1 189856 23 0 1000 7000 0 1 1 0 1000 50 35000
0 1017 0 1 189879 23 0 1000 7000 0 1 1 0 1000 50 35000
0 1018 0 1 189901 22 0 1000 7000 0 1 1 0 1000 50 35000
0 1016 0 1 189924 23 0 1000 7000 0 1 1 0 1000 50 35000
0 1019 0 1 189946 22 0 1000 7000 0 1 1 0 1000 50 35000
0 1017 0 1 189969 23 0 1000 7000 0 1 1 0 1000 50 35000
0 1014 0 1 189991 22 0 1000 7000 0 1 1 0 1000 50 35000
0 1018 0 1 190014 23 0 1000 7000 0 1 1 0 1000 50 35000
0 1017 0 1 190036 22 0 1000 7000 0 1 1 0 1000 50 35000
0 1015 0 1 190059 23 0 1000 7000 0 1 1 0 1000 50 35000
0 1018 0 1 190083 24 0 1000 7000 0 1 1 0 1000 50 35000
0 1015 0 1 190105 22 0 1000 7000 0 1 1 0 1000 50 35000
0 1017 0 1 190128 23 0 1000 7000 0 1 1 0 1000 50 35000
0 1021 0 1 190150 22 0 1000 7000 0 1 1 0 1000 50 35000
0 1013 0 1 190173 23 0 1000 7000 0 1 1 0 1000 50 35000
0 1017 0 1 190195 22 0 1000 7000 0 1 1 0 1000 50 35000
0 1019 0 1 190218 23 0 1000 7000 0 1 1 0 1000 50 35000
0 1016 0 1 190240 22 0 1000 7000 0 1 1 0 1000 50 35000
0 1018 0 1 190263 23 0 1000 7000 0 1 1 0 1000 50 35000
0 1014 0 1 190285 22 0 1000 7000 0 1 1 0 1000 50 35000
0 1013 0 1 190309 24 0 1000 7000 0 1 1 0 1000 50 35000
0 1019 0 1 190331 22 0 1000 7000 0 1 1 0 1000 50 35000
0 1016 0 1 190354 23 0 1000 7000 0 1 1 0 1000 50 35000
0 1015 0 1 190376 22 0 1000 7000 0 1 1 0 1000 50 35000
0 1019 0 1 190399 23 0 1000 7000 0 1 1 0 1000 50 35000
0 1016 0 1 190422 23 0 1000 7000 0 1 1 0 1000 50 35000
0 1017 0 1 190444 22 0 1000 7000 0 1 1 0 1000 50 35000
0 1023 0 1 190467 23 0 1000 7000 0 1 1 0 1000 50 35000
0 1016 0 1 190489 22 0 1000 7000 0 1 1 0 1000 50 35000
0 1017 0 1 190513 24 0 1000 7000 0 1 1 0 1000 50 35000
0 1017 0 1 190535 22 0 1000 7000 0 1 1 0 1000 50 35000
0 1014 0 1 190558 23 0 1000 7000 0 1 1 0 1000 50 35000
0 1017 0 1 190580 22 0 1000 7000 0 1 1 0 1000 50 35000
0 1017 0 1 190603 23 0 1000 7000 0 1 1 0 1000 50 35000
0 1014 0 1 190625 22 0 1000 7000 0 1 1 0 1000 50 35000
0 1016 0 1 190648 23 0 1000 7000 0 1 1 0 1000 50 35000
0 1016 0 1 190670 22 0 1000 7000 0 1 1 0 1000 50 35000
0 1015 0 1 190693 23 0 1000 7000 0 1 1 0 1000 50 35000
0 1023 0 1 190715 22 0 1000 7000 0 1 1 0 1000 50 35000
0 1016 0 1 190739 24 0 1000 7000 0 1 1 0 1000 50 35000
0 1016 0 1 190761 22 0 1000 7000 0 1 1 0 1000 50 35000
0 1016 0 1 190784 23 0 1000 7000 0 1 1 0 1000 50 35000
0 1016 0 1 190807 23 0 1000 7000 0 1 1 0 1000 50 35000
0 1019 0 1 190829 22 0 1000 7000 0 1 1 0 1000 50 35000
0 1018 0 1 190852 23 0 1000 7000 0 1 1 0 1000 50 35000
0 1011 0 1 190874 22 0 1000 7000 0 1 1 0 1000 50 35000
0 1017 0 1 190897 23 0 1000 7000 0 1 1 0 1000 50 35000
0 1016 0 1 190919 22 0 1000 7000 0 1 1 0 1000 50 35000
0 1011 0 1 190943 24 0 1000 7000 0 1 1 0 1000 50 35000
0 1019 0 1 190965 22 0 1000 7000 0 1 1 0 1000 50 35000
0 1016 0 1 190988 23 0 1000 7000 0 1 1 0 1000 50 35000
0 1015 0 1 191010 22 0 1000 7000 0 1 1 0 1000 50 35000
0 1021 0 1 191033 23 0 1000 7000 0 1 1 0 1000 50 35000
0 1016 0 1 191055 22 0 1000 7000 0 1 1 0 1000 50 35000
0 1017 0 1 191078 23 0 1000 7000 0 1 1 0 1000 50 35000
0 1021 0 1 191100 22 0 1000 7000 0 1 1 0 1000 50 35000
0 1017 0 1 191123 23 0 1000 7000 0 1 1 0 1000 50 35000
0 1018 0 1 191145 22 0 1000 7000 0 1 1 0 1000 50 35000
0 1017 0 1 191169 24 0 1000 7000 0 1 1 0 1000 50 35000
0 1014 0 1 191192 23 0 1000 7000 0 1 1 0 1000 50 35000
0 1020 0 1 191214 22 0 1000 7000 0 1 1 0 1000 50 35000
0 1017 0 1 191237 23 0 1000 7000 0 1 1 0 1000 50 35000
0 1012 0 1 191259 22 0 1000 7000 0 1 1 0 1000 50 35000
0 1016 0 1 191282 23 0 1000 7000 0 1 1 0 1000 50 35000
0 1014 0 1 191304 22 0 1000 7000 0 1 1 0 1000 50 35000
0 1016 0 1 191327 23 0 1000 7000 0 1 1 0 1000 50 35000
0 1019 0 1 191349 22 0 1000 7000 0 1 1 0 1000 50 35000
0 1015 0 1 191372 23 0 1000 7000 0 1 1 0 1000 50 35000
0 1016 0 1 191395 23 0 1000 7000 0 1 1 0 1000 50 35000
0 1019 0 1 191418 23 0 1000 7000 0 1 1 0 1000 50 35000
0 1014 0 1 191440 22 0 1000 7000 0 1 1 0 1000 50 35000
0 1019 0 1 191463 23 0 1000 7000 0 1 1 0 1000 50 35000
0 1017 0 1 191485 22 0 1000 7000 0 1 1 0 1000 50 35000
0 1013 0 1 191508 23 0 1000 7000 0 1 1 0 1000 50 35000
0 1022 0 1 191531 23 0 1000 7000 0 1 1 0 1000 50 35000
0 1016 0 1 191553 22 0 1000 7000 0 1 1 0 1000 50 35000
0 1016 0 1 191576 23 0 1000 7000 0 1 1 0 1000 50 35000
0 1018 0 1 191599 23 0 1000 7000 0 1 1 0 1000 50 35000
0 1017 0 1 191622 23 0 1000 7000 0 1 1 0 1000 50 35000
0 1019 0 1 191644 22 0 1000 7000 0 1 1 0 1000 50 35000
0 1022 0 1 191667 23 0 1000 7000 0 1 1 0 1000 50 35000
0 1018 0 1 191689 22 0 1000 7000 0 1 1 0 1000 50 35000
0 1017 0 1 191712 23 0 1000 7000 0 1 1 0 1000 50 35000
0 1018 0 1 191734 22 0 1000 7000 0 1 1 0 1000 50 35000
0 1016 0 1 191757 23 0 1000 7000 0 1 1 0 1000 50 35000
0 1018 0 1 191779 22 0 1000 7000 0 1 1 0 1000 50 35000
0 1017 0 1 191802 23 0 1000 7000 0 1 1 0 1000 50 35000
0 1011 0 1 191825 23 0 1000 7000 0 1 1 0 1000 50 35000
0 1019 0 1 191848 23 0 1000 7000 0 1 1 0 1000 50 35000
0 1016 0 1 191870 22 0 1000 7000 0 1 1 0 1000 50 35000
0 1016 0 1 191893 23 0 1000 7000 0 1 1 0 1000 50 35000
0 1020 0 1 191916 23 0 1000 7000 0 1 1 0 1000 50 35000
0 1015 0 1 191938 22 0 1000 7000 0 1 1 0 1000 50 35000
0 1017 0 1 191961 23 0 1000 7000 0 1 1 0 1000 50 35000
0 1022 0 1 191983 22 0 1000 7000 0 1 1 0 1000 50 35000
0 1016 0 1 192006 23 0 1000 7000 0 1 1 0 1000 50 35000
0 1017 0 1 192029 23 0 1000 7000 0 1 1 0 1000 50 35000
0 1018 0 1 192052 23 0 1000 7000 0 1 1 0 1000 50 35000
0 1013 0 1 192074 22 0 1000 7000 0 1 1 0 1000 50 35000
0 1018 0 1 192097 23 0 1000 7000 0 1 1 0 1000 50 35000
0 1017 0 1 192119 22 0 1000 7000 0 1 1 0 1000 50 35000
0 1011 0 1 192142 23 0 1000 7000 0 1 1 0 1000 50 35000
0 1018 0 1 192164 22 0 1000 7000 0 1 1 0 1000 50 35000
0 1017 0 1 192187 23 0 1000 7000 0 1 1 0 1000 50 35000
0 1016 0 1 192209 22 0 1000 7000 0 1 1 0 1000 50 35000
0 1023 0 1 192232 23 0 1000 7000 0 1 1 0 1000 50 35000
0 1015 0 1 192256 24 0 1000 7000 0 1 1 0 1000 50 35000
0 1017 0 1 192278 22 0 1000 7000 0 1 1 0 1000 50 35000
0 1019 0 1 192301 23 0 1000 7000 0 1 1 0 1000 50 35000
0 1016 0 1 192323 22 0 1000 7000 0 1 1 0 1000 50 35000
0 1018 0 1 192346 23 0 1000 7000 0 1 1 0 1000 50 35000
0 1018 0 1 192368 22 0 1000 7000 0 1 1 0 1000 50 35000
0 1013 0 1 192391 23 0 1000 7000 0 1 1 0 1000 50 35000
0 1018 0 1 192413 22 0 1000 7000 0 1 1 0 1000 50 35000
0 1016 0 1 192436 23 0 1000 7000 0 1 1 0 1000 50 35000
0 1012 0 1 192458 22 0 1000 7000 0 1 1 0 1000 50 35000
0 1016 0 1 192482 24 0 1000 7000 0 1 1 0 1000 50 35000
0 1017 0 1 192504 22 0 1000 7000 0 1 1 0 1000 50 35000
0 1016 0 1 192527 23 0 1000 7000 0 1 1 0 1000 50 35000
0 1017 0 1 192549 22 0 1000 7000 0 1 1 0 1000 50 35000
0 1015 0 1 192572 23 0 1000 7000 0 1 1 0 1000 50 35000
0 1018 0 1 192594 22 0 1000 7000 0 1 1 0 1000 50 35000
0 1021 0 1 192617 23 0 1000 7000 0 1 1 0 1000 50 35000
0 1015 0 1 192640 23 0 1000 7000 0 1 1 0 1000 50 35000
0 1019 0 1 192662 22 0 1000 7000 0 1 1 0 1000 50 35000
0 1017 0 1 192686 24 0 1000 7000 0 1 1 0 1000 50 35000
0 1013 0 1 192708 22 0 1000 7000 0 1 1 0 1000 50 35000
0 1018 0 1 192731 23 0 1000 7000 0 1 1 0 1000 50 35000
0 1017 0 1 192753 22 0 1000 7000 0 1 1 0 1000 50 35000
0 1012 0 1 192776 23 0 1000 7000 0 1 1 0 1000 50 35000
0 1018 0 1 192798 22 0 1000 7000 0 1 1 0 1000 50 35000
0 1016 0 1 192821 23 0 1000 7000 0 1 1 0 1000 50 35000
0 1016 0 1 192843 22 0 1000 7000 0 1 1 0 1000 50 35000
0 1021 0 1 192866 23 0 1000 7000 0 1 1 0 1000 50 35000
0 1016 0 1 192888 22 0 1000 7000 0 1 1 0 1000 50 35000
0 1017 0 1 192912 24 0 1000 7000 0 1 1 0 1000 50 35000
0 1017 0 1 192934 22 0 1000 7000 0 1 1 0 1000 50 35000
0 1016 0 1 192957 23 0 1000 7000 0 1 1 0 1000 50 35000
0 1018 0 1 192979 22 0 1000 7000 0 1 1 0 1000 50 35000
0 1017 0 1 193002 23 0 1000 7000 0 1 1 0 1000 50 35000
0 1009 0 1 193025 23 0 1000 7000 0 1 1 0 1000 50 35000
0 1018 0 1 193047 22 0 1000 7000 0 1 1 0 1000 50 35000
0 1017 0 1 193070 23 0 1000 7000 0 1 1 0 1000 50 35000
0 1015 0 1 193092 22 0 1000 7000 0 1 1 0 1000 50 35000
0 1019 0 1 193116 24 0 1000 7000 0 1 1 0 1000 50 35000
0 1018 0 1 193138 22 0 1000 7000 0 1 1 0 1000 50 35000
0 1017 0 1 193161 23 0 1000 7000 0 1 1 0 1000 50 35000
0 1022 0 1 193183 22 0 1000 7000 0 1 1 0 1000 50 35000
0 1014 0 1 193206 23 0 1000 7000 0 1 1 0 1000 50 35000
0 1018 0 1 193228 22 0 1000 7000 0 1 1 0 1000 50 35000
0 1018 0 1 193251 23 0 1000 7000 0 1 1 0 1000 50 35000
0 1013 0 1 193273 22 0 1000 7000 0 1 1 0 1000 50 35000
0 1018 0 1 193296 23 0 1000 7000 0 1 1 0 1000 50 35000
0 1017 0 1 193318 22 0 1000 7000 0 1 1 0 1000 50 35000
0 1011 0 1 193342 24 0 1000 7000 0 1 1 0 1000 50 35000
0 1015 0 1 193364 22 0 1000 7000 0 1 1 0 1000 50 35000
0 1013 0 1 193387 23 0 1000 7000 0 1 1 0 1000 50 35000
0 1015 0 1 193410 23 0 1000 7000 0 1 1 0 1000 50 35000
0 1023 0 1 193432 22 0 1000 7000 0 1 1 0 1000 50 35000
0 1016 0 1 193455 23 0 1000 7000 0 1 1 0 1000 50 35000
0 1017 0 1 193477 22 0 1000 7000 0 1 1 0 1000 50 35000
0 1021 0 1 193500 23 0 1000 7000 0 1 1 0 1000 50 35000
0 1017 0 1 193522 22 0 1000 7000 0 1 1 0 1000 50 35000
0 1018 0 1 193546 24 0 1000 7000 0 1 1 0 1000 50 35000
0 1018 0 1 193568 22 0 1000 7000 0 1 1 0 1000 50 35000
0 1011 0 1 193591 23 0 1000 7000 0 1 1 0 1000 50 35000
0 1018 0 1 193613 22 0 1000 7000 0 1 1 0 1000 50 35000
0 1016 0 1 193636 23 0 1000 7000 0 1 1 0 1000 50 35000
0 1013 0 1 193658 22 0 1000 7000 0 1 1 0 1000 50 35000
0 1018 0 1 193681 23 0 1000 7000 0 1 1 0 1000 50 35000
0 1016 0 1 193703 22 0 1000 7000 0 1 1 0 1000 50 35000
0 1013 0 1 193726 23 0 1000 7000 0 1 1 0 1000 50 35000
0 1021 0 1 193748 22 0 1000 7000 0 1 1 0 1000 50 35000
0 1015 0 1 193772 24 0 1000 7000 0 1 1 0 1000 50 35000
0 1016 0 1 193795 23 0 1000 7000 0 1 1 0 1000 50 35000
0 1021 0 1 193817 22 0 1000 7000 0 1 1 0 1000 50 35000
0 1016 0 1 193840 23 0 1000 7000 0 1 1 0 1000 50 35000
0 1018 0 1 193862 22 0 1000 7000 0 1 1 0 1000 50 35000
0 1020 0 1 193885 23 0 1000 7000 0 1 1 0 1000 50 35000
0 1014 0 1 193907 22 0 1000 7000 0 1 1 0 1000 50 35000
0 1018 0 1 193930 23 0 1000 7000 0 1 1 0 1000 50 35000
0 1017 0 1 193952 22 0 1000 7000 0 1 1 0 1000 50 35000
0 1013 0 1 193975 23 0 1000 7000 0 1 1 0 1000 50 35000
0 1018 0 1 193998 23 0 1000 7000 0 1 1 0 1000 50 35000
0 1014 0 1 194021 23 0 1000 7000 0 1 1 0 1000 50 35000
0 1023 0 1 194043 22 0 1000 7000 0 1 1 0 1000 50 35000
0 1020 0 1 194066 23 0 1000 7000 0 1 1 0 1000 50 35000
0 1012 0 1 194088 22 0 1000 7000 0 1 1 0 1000 50 35000
0 1017 0 1 194111 23 0 1000 7000 0 1 1 0 1000 50 35000
0 1020 0 1 194134 23 0 1000 7000 0 1 1 0 1000 50 35000
0 1016 0 1 194156 22 0 1000 7000 0 1 1 0 1000 50 35000
0 1018 0 1 194179 23 0 1000 7000 0 1 1 0 1000 50 35000
0 1017 0 1 194202 23 0 1000 7000 0 1 1 0 1000 50 35000
0 1018 0 1 194225 23 0 1000 7000 0 1 1 0 1000 50 35000
0 1019 0 1 194247 22 0 1000 7000 0 1 1 0 1000 50 35000
0 1016 0 1 194270 23 0 1000 7000 0 1 1 0 1000 50 35000
0 1016 0 1 194292 22 0 1000 7000 0 1 1 0 1000 50 35000
0 1019 0 1 194315 23 0 1000 7000 0 1 1 0 1000 50 35000
0 1015 0 1 194337 22 0 1000 7000 0 1 1 0 1000 50 35000
0 1017 0 1 194360 23 0 1000 7000 0 1 1 0 1000 50 35000
0 1022 0 1 194382 22 0 1000 7000 0 1 1 0 1000 50 35000
0 1015 0 1 194405 23 0 1000 7000 0 1 1 0 1000 50 35000
0 1017 0 1 194428 23 0 1000 7000 0 1 1 0 1000 50 35000
0 1018 0 1 194451 23 0 1000 7000 0 1 1 0 1000 50 35000
0 1016 0 1 194473 22 0 1000 7000 0 1 1 0 1000 50 35000
0 1018 0 1 194496 23 0 1000 7000 0 1 1 0 1000 50 35000
0 1016 0 1 194519 23 0 1000 7000 0 1 1 0 1000 50 35000
0 1011 0 1 194541 22 0 1000 7000 0 1 1 0 1000 50 35000
0 1018 0 1 194564 23 0 1000 7000 0 1 1 0 1000 50 35000
0 1016 0 1 194586 22 0 1000 7000 0 1 1 0 1000 50 35000
0 1012 0 1 194609 23 0 1000 7000 0 1 1 0 1000 50 35000
0 1023 0 1 194632 23 0 1000 7000 0 1 1 0 1000 50 35000
0 1016 0 1 194655 23 0 1000 7000 0 1 1 0 1000 50 35000
0 1017 0 1 194677 22 0 1000 7000 0 1 1 0 1000 50 35000
0 1021 0 1 194700 23 0 1000 7000 0 1 1 0 1000 50 35000
0 1015 0 1 194722 22 0 1000 7000 0 1 1 0 1000 50 35000
0 1018 0 1 194745 23 0 1000 7000 0 1 1 0 1000 50 35000
0 1018 0 1 194767 22 0 1000 7000 0 1 1 0 1000 50 35000
0 1009 0 1 194790 23 0 1000 7000 0 1 1 0 1000 50 35000
0 1018 0 1 194812 22 0 1000 7000 0 1 1 0 1000 50 35000
0 1017 0 1 194835 23 0 1000 7000 0 1 1 0 1000 50 35000
0 1012 0 1 194859 24 0 1000 7000 0 1 1 0 1000 50 35000
0 1018 0 1 194881 22 0 1000 7000 0 1 1 0 1000 50 35000
0 1015 0 1 194904 23 0 1000 7000 0 1 1 0 1000 50 35000
0 1015 0 1 194926 22 0 1000 7000 0 1 1 0 1000 50 35000
0 1022 0 1 194949 23 0 1000 7000 0 1 1 0 1000 50 35000
0 1016 0 1 194971 22 0 1000 7000 0 1 1 0 1000 50 35000
0 1017 0 1 194994 23 0 1000 7000 0 1 1 0 1000 50 35000
0 1022 0 1 195016 22 0 1000 7000 0 1 1 0 1000 50 35000
0 1016 0 1 195039 23 0 1000 7000 0 1 1 0 1000 50 35000
0 1018 0 1 195062 23 0 1000 7000 0 1 1 0 1000 50 35000
0 1018 0 1 195085 23 0 1000 7000 0 1 1 0 1000 50 35000
0 1017 0 1 195107 22 0 1000 7000 0 1 1 0 1000 50 35000
0 1022 0 1 195130 23 0 1000 7000 0 1 1 0 1000 50 35000
0 1017 0 1 195152 22 0 1000 7000 0 1 1 0 1000 50 35000
0 1008 0 1 195175 23 0 1000 7000 0 1 1 0 1000 50 35000
0 1017 0 1 195197 22 0 1000 7000 0 1 1 0 1000 50 35000
0 1016 0 1 195220 23 0 1000 7000 0 1 1 0 1000 50 35000
0 1017 0 1 195243 23 0 1000 7000 0 1 1 0 1000 50 35000
0 1020 0 1 195265 22 0 1000 7000 0 1 1 0 1000 50 35000
0 1016 0 1 195289 24 0 1000 7000 0 1 1 0 1000 50 35000
0 1017 0 1 195311 22 0 1000 7000 0 1 1 0 1000 50 35000
0 1021 0 1 195334 23 0 1000 7000 0 1 1 0 1000 50 35000
0 1016 0 1 195356 22 0 1000 7000 0 1 1 0 1000 50 35000
0 1019 0 1 195379 23 0 1000 7000 0 1 1 0 1000 50 35000
0 1023 0 1 195401 22 0 1000 7000 0 1 1 0 1000 50 35000
0 1014 0 1 195424 23 0 1000 7000 0 1 1 0 1000 50 35000
0 1020 0 1 195446 22 0 1000 7000 0 1 1 0 1000 50 35000
0 1017 0 1 195469 23 0 1000 7000 0 1 1 0 1000 50 35000
0 1016 0 1 195491 22 0 1000 7000 0 1 1 0 1000 50 35000
0 1019 0 1 195515 24 0 1000 7000 0 1 1 0 1000 50 35000
0 1015 0 1 195537 22 0 1000 7000 0 1 1 0 1000 50 35000
0 1017 0 1 195560 23 0 1000 7000 0 1 1 0 1000 50 35000
0 1020 0 1 195582 22 0 1000 7000 0 1 1 0 1000 50 35000
0 1016 0 1 195605 23 0 1000 7000 0 1 1 0 1000 50 35000
0 1017 0 1 195628 23 0 1000 7000 0 1 1 0 1000 50 35000
0 1023 0 1 195650 22 0 1000 7000 0 1 1 0 1000 50 35000
0 1017 0 1 195673 23 0 1000 7000 0 1 1 0 1000 50 35000
0 1017 0 1 195695 22 0 1000 7000 0 1 1 0 1000 50 35000
0 1017 0 1 195719 24 0 1000 7000 0 1 1 0 1000 50 35000
0 1012 0 1 195741 22 0 1000 7000 0 1 1 0 1000 50 35000
0 1018 0 1 195764 23 0 1000 7000 0 1 1 0 1000 50 35000
0 1017 0 1 195786 22 0 1000 7000 0 1 1 0 1000 50 35000
0 1014 0 1 195809 23 0 1000 7000 0 1 1 0 1000 50 35000
0 1020 0 1 195831 22 0 1000 7000 0 1 1 0 1000 50 35000
0 1015 0 1 195854 23 0 1000 7000 0 1 1 0 1000 50 35000
0 1017 0 1 195876 22 0 1000 7000 0 1 1 0 1000 50 35000
0 1022 0 1 195899 23 0 1000 7000 0 1 1 0 1000 50 35000
0 1015 0 1 195921 22 0 1000 7000 0 1 1 0 1000 50 35000
0 1015 0 1 195945 24 0 1000 7000 0 1 1 0 1000 50 35000
0 1018 0 1 195968 23 0 1000 7000 0 1 1 0 1000 50 35000
0 1008 0 1 195990 22 0 1000 7000 0 1 1 0 1000 50 35000
0 1018 0 1 196013 23 0 1000 7000 0 1 1 0 1000 50 35000
0 1016 0 1 196035 22 0 1000 7000 0 1 1 0 1000 50 35000
0 1012 0 1 196058 23 0 1000 7000 0 1 1 0 1000 50 35000
0 1018 0 1 196080 22 0 1000 7000 0 1 1 0 1000 50 35000
0 1016 0 1 196103 23 0 1000 7000 0 1 1 0 1000 50 35000
0 1018 0 1 196125 22 0 1000 7000 0 1 1 0 1000 50 35000
0 1023 0 1 196149 24 0 1000 7000 0 1 1 0 1000 50 35000
0 1016 0 1 196171 22 0 1000 7000 0 1 1 0 1000 50 35000
0 1018 0 1 196194 23 0 1000 7000 0 1 1 0 1000 50 35000
0 1022 0 1 196216 22 0 1000 7000 0 1 1 0 1000 50 35000
0 1016 0 1 196239 23 0 1000 7000 0 1 1 0 1000 50 35000
0 1017 0 1 196261 22 0 1000 7000 0 1 1 0 1000 50 35000
0 1018 0 1 196284 23 0 1000 7000 0 1 1 0 1000 50 35000
0 1015 0 1 196306 22 0 1000 7000 0 1 1 0 1000 50 35000
0 1018 0 1 196329 23 0 1000 7000 0 1 1 0 1000 50 35000
0 1017 0 1 196352 23 0 1000 7000 0 1 1 0 1000 50 35000
0 1013 0 1 196375 23 0 1000 7000 0 1 1 0 1000 50 35000
0 1018 0 1 196398 23 0 1000 7000 0 1 1 0 1000 50 35000
0 1016 0 1 196420 22 0 1000 7000 0 1 1 0 1000 50 35000
0 1007 0 1 196443 23 0 1000 7000 0 1 1 0 1000 50 35000
0 1020 0 1 196465 22 0 1000 7000 0 1 1 0 1000 50 35000
0 1017 0 1 196488 23 0 1000 7000 0 1 1 0 1000 50 35000
0 1018 0 1 196510 22 0 1000 7000 0 1 1 0 1000 50 35000
0 1021 0 1 196533 23 0 1000 7000 0 1 1 0 1000 50 35000
0 1016 0 1 196555 22 0 1000 7000 0 1 1 0 1000 50 35000
0 1019 0 1 196578 23 0 1000 7000 0 1 1 0 1000 50 35000
0 1017 0 1 196601 23 0 1000 7000 0 1 1 0 1000 50 35000
0 1017 0 1 196624 23 0 1000 7000 0 1 1 0 1000 50 35000
0 1018 0 1 196646 22 0 1000 7000 0 1 1 0 1000 50 35000
0 1017 0 1 196669 23 0 1000 7000 0 1 1 0 1000 50 35000
0 1012 0 1 196691 22 0 1000 7000 0 1 1 0 1000 50 35000
0 1018 0 1 196714 23 0 1000 7000 0 1 1 0 1000 50 35000
0 1013 0 1 196737 23 0 1000 7000 0 1 1 0 1000 50 35000
0 1016 0 1 196759 22 0 1000 7000 0 1 1 0 1000 50 35000
0 1021 0 1 196782 23 0 1000 7000 0 1 1 0 1000 50 35000
0 1017 0 1 196805 23 0 1000 7000 0 1 1 0 1000 50 35000
0 1019 0 1 196828 23 0 1000 7000 0 1 1 0 1000 50 35000
0 1017 0 1 196850 22 0 1000 7000 0 1 1 0 1000 50 35000
0 1015 0 1 196873 23 0 1000 7000 0 1 1 0 1000 50 35000
0 1018 0 1 196895 22 0 1000 7000 0 1 1 0 1000 50 35000
0 1018 0 1 196918 23 0 1000 7000 0 1 1 0 1000 50 35000
0 1013 0 1 196940 22 0 1000 7000 0 1 1 0 1000 50 35000
0 1018 0 1 196963 23 0 1000 7000 0 1 1 0 1000 50 35000
0 1017 0 1 196985 22 0 1000 7000 0 1 1 0 1000 50 35000
0 1015 0 1 197008 23 0 1000 7000 0 1 1 0 1000 50 35000
0 1023 0 1 197031 23 0 1000 7000 0 1 1 0 1000 50 35000
0 1015 0 1 197054 23 0 1000 7000 0 1 1 0 1000 50 35000
0 1017 0 1 197076 22 0 1000 7000 0 1 1 0 1000 50 35000
0 1023 0 1 197099 23 0 1000 7000 0 1 1 0 1000 50 35000
0 1017 0 1 197122 23 0 1000 7000 0 1 1 0 1000 50 35000
0 1019 0 1 197144 22 0 1000 7000 0 1 1 0 1000 50 35000
0 1018 0 1 197167 23 0 1000 7000 0 1 1 0 1000 50 35000
0 1016 0 1 197189 22 0 1000 7000 0 1 1 0 1000 50 35000
0 1019 0 1 197212 23 0 1000 7000 0 1 1 0 1000 50 35000
0 1017 0 1 197235 23 0 1000 7000 0 1 1 0 1000 50 35000
0 1012 0 1 197258 23 0 1000 7000 0 1 1 0 1000 50 35000
0 1018 0 1 197280 22 0 1000 7000 0 1 1 0 1000 50 35000
0 1017 0 1 197303 23 0 1000 7000 0 1 1 0 1000 50 35000
0 1016 0 1 197325 22 0 1000 7000 0 1 1 0 1000 50 35000
0 1023 0 1 197348 23 0 1000 7000 0 1 1 0 1000 50 35000
0 1016 0 1 197370 22 0 1000 7000 0 1 1 0 1000 50 35000
0 1016 0 1 197393 23 0 1000 7000 0 1 1 0 1000 50 35000
0 1023 0 1 197415 22 0 1000 7000 0 1 1 0 1000 50 35000
0 1015 0 1 197438 23 0 1000 7000 0 1 1 0 1000 50 35000
0 1018 0 1 197462 24 0 1000 7000 0 1 1 0 1000 50 35000
0 1018 0 1 197484 22 0 1000 7000 0 1 1 0 1000 50 35000
0 1011 0 1 197507 23 0 1000 7000 0 1 1 0 1000 50 35000
0 1018 0 1 197529 22 0 1000 7000 0 1 1 0 1000 50 35000
0 1017 0 1 197552 23 0 1000 7000 0 1 1 0 1000 50 35000
0 1012 0 1 197574 22 0 1000 7000 0 1 1 0 1000 50 35000
0 1018 0 1 197597 23 0 1000 7000 0 1 1 0 1000 50 35000
0 1016 0 1 197619 22 0 1000 7000 0 1 1 0 1000 50 35000
0 1019 0 1 197642 23 0 1000 7000 0 1 1 0 1000 50 35000
0 1021 0 1 197665 23 0 1000 7000 0 1 1 0 1000 50 35000
0 1016 0 1 197688 23 0 1000 7000 0 1 1 0 1000 50 35000
0 1017 0 1 197710 22 0 1000 7000 0 1 1 0 1000 50 35000
0 1020 0 1 197733 23 0 1000 7000 0 1 1 0 1000 50 35000
0 1016 0 1 197755 22 0 1000 7000 0 1 1 0 1000 50 35000
0 1019 0 1 197778 23 0 1000 7000 0 1 1 0 1000 50 35000
0 1018 0 1 197800 22 0 1000 7000 0 1 1 0 1000 50 35000
0 1014 0 1 197823 23 0 1000 7000 0 1 1 0 1000 50 35000
0 1018 0 1 197846 23 0 1000 7000 0 1 1 0 1000 50 35000
0 1017 0 1 197868 22 0 1000 7000 0 1 1 0 1000 50 35000
0 1014 0 1 197892 24 0 1000 7000 0 1 1 0 1000 50 35000
0 1018 0 1 197914 22 0 1000 7000 0 1 1 0 1000 50 35000
0 1015 0 1 197937 23 0 1000 7000 0 1 1 0 1000 50 35000
0 1017 0 1 197959 22 0 1000 7000 0 1 1 0 1000 50 35000
0 1021 0 1 197982 23 0 1000 7000 0 1 1 0 1000 50 35000
0 1015 0 1 198004 22 0 1000 7000 0 1 1 0 1000 50 35000
0 1017 0 1 198027 23 0 1000 7000 0 1 1 0 1000 50 35000
0 1020 0 1 198049 22 0 1000 7000 0 1 1 0 1000 50 35000
0 1016 0 1 198072 23 0 1000 7000 0 1 1 0 1000 50 35000
0 1019 0 1 198094 22 0 1000 7000 0 1 1 0 1000 50 35000
0 1018 0 1 198118 24 0 1000 7000 0 1 1 0 1000 50 35000
0 1013 0 1 198140 22 0 1000 7000 0 1 1 0 1000 50 35000
0 1018 0 1 198163 23 0 1000 7000 0 1 1 0 1000 50 35000
0 1017 0 1 198185 22 0 1000 7000 0 1 1 0 1000 50 35000
0 1015 0 1 198208 23 0 1000 7000 0 1 1 0 1000 50 35000
0 1019 0 1 198231 23 0 1000 7000 0 1 1 0 1000 50 35000
0 1015 0 1 198253 22 0 1000 7000 0 1 1 0 1000 50 35000
0 1017 0 1 198276 23 0 1000 7000 0 1 1 0 1000 50 35000
0 1023 0 1 198298 22 0 1000 7000 0 1 1 0 1000 50 35000
0 1015 0 1 198322 24 0 1000 7000 0 1 1 0 1000 50 35000
0 1017 0 1 198344 22 0 1000 7000 0 1 1 0 1000 50 35000
0 1019 0 1 198367 23 0 1000 7000 0 1 1 0 1000 50 35000
0 1015 0 1 198389 22 0 1000 7000 0 1 1 0 1000 50 35000
0 1019 0 1 198412 23 0 1000 7000 0 1 1 0 1000 50 35000
0 1017 0 1 198434 22 0 1000 7000 0 1 1 0 1000 50 35000
0 1011 0 1 198457 23 0 1000 7000 0 1 1 0 1000 50 35000
0 1018 0 1 198479 22 0 1000 7000 0 1 1 0 1000 50 35000
0 1016 0 1 198502 23 0 1000 7000 0 1 1 0 1000 50 35000
0 1016 0 1 198524 22 0 1000 7000 0 1 1 0 1000 50 35000
0 1023 0 1 198548 24 0 1000 7000 0 1 1 0 1000 50 35000
0 1016 0 1 198571 23 0 1000 7000 0 1 1 0 1000 50 35000
0 1016 0 1 198593 22 0 1000 7000 0 1 1 0 1000 50 35000
0 1022 0 1 198616 23 0 1000 7000 0 1 1 0 1000 50 35000
0 1016 0 1 198638 22 0 1000 7000 0 1 1 0 1000 50 35000
0 1016 0 1 198661 23 0 1000 7000 0 1 1 0 1000 50 35000
0 1018 0 1 198683 22 0 1000 7000 0 1 1 0 1000 50 35000
0 1011 0 1 198706 23 0 1000 7000 0 1 1 0 1000 50 35000
0 1018 0 1 198728 22 0 1000 7000 0 1 1 0 1000 50 35000
0 1017 0 1 198752 24 0 1000 7000 0 1 1 0 1000 50 35000
0 1011 0 1 198774 22 0 1000 7000 0 1 1 0 1000 50 35000
0 1019 0 1 198797 23 0 1000 7000 0 1 1 0 1000 50 35000
0 1016 0 1 198819 22 0 1000 7000 0 1 1 0 1000 50 35000
0 1016 0 1 198842 23 0 1000 7000 0 1 1 0 1000 50 35000
0 1022 0 1 198864 22 0 1000 7000 0 1 1 0 1000 50 35000
0 1016 0 1 198887 23 0 1000 7000 0 1 1 0 1000 50 35000
0 1018 0 1 198909 22 0 1000 7000 0 1 1 0 1000 50 35000
0 1021 0 1 198932 23 0 1000 7000 0 1 1 0 1000 50 35000
0 1017 0 1 198955 23 0 1000 7000 0 1 1 0 1000 50 35000
0 1018 0 1 198978 23 0 1000 7000 0 1 1 0 1000 50 35000
0 1016 0 1 199001 23 0 1000 7000 0 1 1 0 1000 50 35000
0 1014 0 1 199023 22 0 1000 7000 0 1 1 0 1000 50 35000
0 1018 0 1 199046 23 0 1000 7000 0 1 1 0 1000 50 35000
0 1016 0 1 199068 22 0 1000 7000 0 1 1 0 1000 50 35000
0 1014 0 1 199091 23 0 1000 7000 0 1 1 0 1000 50 35000
0 1017 0 1 199113 22 0 1000 7000 0 1 1 0 1000 50 35000
0 1015 0 1 199136 23 0 1000 7000 0 1 1 0 1000 50 35000
0 1017 0 1 199158 22 0 1000 7000 0 1 1 0 1000 50 35000
0 1021 0 1 199182 24 0 1000 7000 0 1 1 0 1000 50 35000
0 1016 0 1 199204 22 0 1000 7000 0 1 1 0 1000 50 35000
0 1017 0 1 199227 23 0 1000 7000 0 1 1 0 1000 50 35000
0 1020 0 1 199249 22 0 1000 7000 0 1 1 0 1000 50 35000
0 1016 0 1 199272 23 0 1000 7000 0 1 1 0 1000 50 35000
0 1019 0 1 199294 22 0 1000 7000 0 1 1 0 1000 50 35000
0 1019 0 1 199317 23 0 1000 7000 0 1 1 0 1000 50 35000
0 1014 0 1 199340 23 0 1000 7000 0 1 1 0 1000 50 35000
0 1019 0 1 199362 22 0 1000 7000 0 1 1 0 1000 50 35000
0 1016 0 1 199385 23 0 1000 7000 0 1 1 0 1000 50 35000
0 1016 0 1 199408 23 0 1000 7000 0 1 1 0 1000 50 35000
0 1018 0 1 199431 23 0 1000 7000 0 1 1 0 1000 50 35000
0 1015 0 1 199453 22 0 1000 7000 0 1 1 0 1000 50 35000
0 1017 0 1 199476 23 0 1000 7000 0 1 1 0 1000 50 35000
0 1022 0 1 199498 22 0 1000 7000 0 1 1 0 1000 50 35000
0 1016 0 1 199521 23 0 1000 7000 0 1 1 0 1000 50 35000
0 1017 0 1 199543 22 0 1000 7000 0 1 1 0 1000 50 35000
0 1019 0 1 199566 23 0 1000 7000 0 1 1 0 1000 50 35000
0 1015 0 1 199588 22 0 1000 7000 0 1 1 0 1000 50 35000
0 1022 0 1 199611 23 0 1000 7000 0 1 1 0 1000 50 35000
0 1018 0 1 199634 23 0 1000 7000 0 1 1 0 1000 50 35000
0 1011 0 1 199657 23 0 1000 7000 0 1 1 0 1000 50 35000
0 1018 0 1 199680 23 0 1000 7000 0 1 1 0 1000 50 35000
0 1017 0 1 199702 22 0 1000 7000 0 1 1 0 1000 50 35000
0 1016 0 1 199725 23 0 1000 7000 0 1 1 0 1000 50 35000
0 1020 0 1 199747 22 0 1000 7000 0 1 1 0 1000 50 35000
0 1015 0 1 199770 23 0 1000 7000 0 1 1 0 1000 50 35000
0 1017 0 1 199792 22 0 1000 7000 0 1 1 0 1000 50 35000
0 1023 0 1 199815 23 0 1000 7000 0 1 1 0 1000 50 35000
0 1016 0 1 199838 23 0 1000 7000 0 1 1 0 1000 50 35000
0 1018 0 1 199861 23 0 1000 7000 0 1 1 0 1000 50 35000
0 1018 0 1 199883 22 0 1000 7000 0 1 1 0 1000 50 35000
0 1012 0 1 199906 23 0 1000 7000 0 1 1 0 1000 50 35000
0 1018 0 1 199928 22 0 1000 7000 0 1 1 0 1000 50 35000
0 1023 0 1 199951 23 0 1000 7000 0 1 1 0 1000 50 35000
0 1012 0 1 199973 22 0 1000 7000 0 1 1 0 1000 50 35000
0 1018 0 1 199996 23 0 1000 7000 0 1 1 0 1000 50 35000
0 1016 0 1 200018 22 0 1000 7000 0 1 1 0 1000 50 35000
0 1016 0 1 200041 23 0 1000 7000 0 1 1 0 1000 50 35000
0 1023 0 1 200065 24 0 1000 7000 0 1 1 0 1000 50 35000
0 1018 0 1 200087 22 0 1000 7000 0 1 1 0 1000 50 35000
0 1017 0 1 200110 23 0 1000 7000 0 1 1 0 1000 50 35000
0 1022 0 1 200132 22 0 1000 7000 0 1 1 0 1000 50 35000
0 1017 0 1 200155 23 0 1000 7000 0 1 1 0 1000 50 35000
0 1018 0 1 200177 22 0 1000 7000 0 1 1 0 1000 50 35000
0 1015 0 1 200200 23 0 1000 7000 0 1 1 0 1000 50 35000
0 1013 0 1 200222 22 0 1000 7000 0 1 1 0 1000 50 35000
0 1023 0 1 200245 23 0 1000 7000 0 1 1 0 1000 50 35000
0 1017 0 1 200268 23 0 1000 7000 0 1 1 0 1000 50 35000
0 1015 0 1 200291 23 0 1000 7000 0 1 1 0 1000 50 35000
0 1017 0 1 200313 22 0 1000 7000 0 1 1 0 1000 50 35000
0 1016 0 1 200336 23 0 1000 7000 0 1 1 0 1000 50 35000
0 1016 0 1 200358 22 0 1000 7000 0 1 1 0 1000 50 35000
0 1019 0 1 200381 23 0 1000 7000 0 1 1 0 1000 50 35000
0 1016 0 1 200403 22 0 1000 7000 0 1 1 0 1000 50 35000
0 1017 0 1 200426 23 0 1000 7000 0 1 1 0 1000 50 35000
0 1022 0 1 200449 23 0 1000 7000 0 1 1 0 1000 50 35000
0 1016 0 1 200471 22 0 1000 7000 0 1 1 0 1000 50 35000
0 1019 0 1 200495 24 0 1000 7000 0 1 1 0 1000 50 35000
0 1018 0 1 200517 22 0 1000 7000 0 1 1 0 1000 50 35000
0 1014 0 1 200540 23 0 1000 7000 0 1 1 0 1000 50 35000
0 1019 0 1 200562 22 0 1000 7000 0 1 1 0 1000 50 35000
0 1017 0 1 200585 23 0 1000 7000 0 1 1 0 1000 50 35000
0 1013 0 1 200607 22 0 1000 7000 0 1 1 0 1000 50 35000
0 1016 0 1 200630 23 0 1000 7000 0 1 1 0 1000 50 35000
0 1016 0 1 200652 22 0 1000 7000 0 1 1 0 1000 50 35000
0 1017 0 1 200675 23 0 1000 7000 0 1 1 0 1000 50 35000
0 1021 0 1 200697 22 0 1000 7000 0 1 1 0 1000 50 35000
0 1017 0 1 200721 24 0 1000 7000 0 1 1 0 1000 50 35000
0 1015 0 1 200743 22 0 1000 7000 0 1 1 0 1000 50 35000
0 1017 0 1 200766 23 0 1000 7000 0 1 1 0 1000 50 35000
0 1015 0 1 200788 22 0 1000 7000 0 1 1 0 1000 50 35000
0 1016 0 1 200811 23 0 1000 7000 0 1 1 0 1000 50 35000
0 1016 0 1 200834 23 0 1000 7000 0 1 1 0 1000 50 35000
0 1012 0 1 200856 22 0 1000 7000 0 1 1 0 1000 50 35000
0 1019 0 1 200879 23 0 1000 7000 0 1 1 0 1000 50 35000
0 1016 0 1 200901 22 0 1000 7000 0 1 1 0 1000 50 35000
0 1016 0 1 200925 24 0 1000 7000 0 1 1 0 1000 50 35000
0 1020 0 1 200947 22 0 1000 7000 0 1 1 0 1000 50 35000
0 1016 0 1 200970 23 0 1000 7000 0 1 1 0 1000 50 35000
0 1016 0 1 200992 22 0 1000 7000 0 1 1 0 1000 50 35000
0 1019 0 1 201015 23 0 1000 7000 0 1 1 0 1000 50 35000
0 1016 0 1 201037 22 0 1000 7000 0 1 1 0 1000 50 35000
0 1017 0 1 201060 23 0 1000 7000 0 1 1 0 1000 50 35000
0 1019 0 1 201082 22 0 1000 7000 0 1 1 0 1000 50 35000
0 1012 0 1 201105 23 0 1000 7000 0 1 1 0 1000 50 35000
0 1018 0 1 201127 22 0 1000 7000 0 1 1 0 1000 50 35000
0 1023 0 1 201151 24 0 1000 7000 0 1 1 0 1000 50 35000
0 1012 0 1 201174 23 0 1000 7000 0 1 1 0 1000 50 35000
0 1017 0 1 201196 22 0 1000 7000 0 1 1 0 1000 50 35000
0 1017 0 1 201219 23 0 1000 7000 0 1 1 0 1000 50 35000
0 1020 0 1 201241 22 0 1000 7000 0 1 1 0 1000 50 35000
0 1023 0 1 201264 23 0 1000 7000 0 1 1 0 1000 50 35000
0 1013 0 1 201286 22 0 1000 7000 0 1 1 0 1000 50 35000
0 1017 0 1 201309 23 0 1000 7000 0 1 1 0 1000 50 35000
0 1021 0 1 201331 22 0 1000 7000 0 1 1 0 1000 50 35000
0 1016 0 1 201355 24 0 1000 7000 0 1 1 0 1000 50 35000
0 1018 0 1 201377 22 0 1000 7000 0 1 1 0 1000 50 35000
0 1018 0 1 201400 23 0 1000 7000 0 1 1 0 1000 50 35000
0 1012 0 1 201422 22 0 1000 7000 0 1 1 0 1000 50 35000
0 1019 0 1 201445 23 0 1000 7000 0 1 1 0 1000 50 35000
0 1017 0 1 201467 22 0 1000 7000 0 1 1 0 1000 50 35000
0 1018 0 1 201490 23 0 1000 7000 0 1 1 0 1000 50 35000
0 1018 0 1 201512 22 0 1000 7000 0 1 1 0 1000 50 35000
0 1018 0 1 201535 23 0 1000 7000 0 1 1 0 1000 50 35000
0 1012 0 1 201558 23 0 1000 7000 0 1 1 0 1000 50 35000
0 1020 0 1 201581 23 0 1000 7000 0 1 1 0 1000 50 35000
0 1015 0 1 201604 23 0 1000 7000 0 1 1 0 1000 50 35000
0 1018 0 1 201626 22 0 1000 7000 0 1 1 0 1000 50 35000
0 1021 0 1 201649 23 0 1000 7000 0 1 1 0 1000 50 35000
0 1017 0 1 201671 22 0 1000 7000 0 1 1 0 1000 50 35000
0 1019 0 1 201694 23 0 1000 7000 0 1 1 0 1000 50 35000
0 1017 0 1 201716 22 0 1000 7000 0 1 1 0 1000 50 35000
0 1014 0 1 201739 23 0 1000 7000 0 1 1 0 1000 50 35000
0 1019 0 1 201761 22 0 1000 7000 0 1 1 0 1000 50 35000
0 1018 0 1 201785 24 0 1000 7000 0 1 1 0 1000 50 35000
0 1014 0 1 201807 22 0 1000 7000 0 1 1 0 1000 50 35000
0 1018 0 1 201830 23 0 1000 7000 0 1 1 0 1000 50 35000
0 1015 0 1 201852 22 0 1000 7000 0 1 1 0 1000 50 35000
0 1017 0 1 201875 23 0 1000 7000 0 1 1 0 1000 50 35000
0 1020 0 1 201897 22 0 1000 7000 0 1 1 0 1000 50 35000
0 1015 0 1 201920 23 0 1000 7000 0 1 1 0 1000 50 35000
0 1018 0 1 201943 23 0 1000 7000 0 1 1 0 1000 50 35000
0 1019 0 1 201965 22 0 1000 7000 0 1 1 0 1000 50 35000
0 1015 0 1 201988 23 0 1000 7000 0 1 1 0 1000 50 35000
0 1021 0 1 202011 23 0 1000 7000 0 1 1 0 1000 50 35000
0 1017 0 1 202034 23 0 1000 7000 0 1 1 0 1000 50 35000
0 1013 0 1 202056 22 0 1000 7000 0 1 1 0 1000 50 35000
0 1019 0 1 202079 23 0 1000 7000 0 1 1 0 1000 50 35000
0 1017 0 1 202101 22 0 1000 7000 0 1 1 0 1000 50 35000
0 1015 0 1 202124 23 0 1000 7000 0 1 1 0 1000 50 35000
0 1020 0 1 202146 22 0 1000 7000 0 1 1 0 1000 50 35000
0 1016 0 1 202169 23 0 1000 7000 0 1 1 0 1000 50 35000
0 1016 0 1 202191 22 0 1000 7000 0 1 1 0 1000 50 35000
0 1023 0 1 202214 23 0 1000 7000 0 1 1 0 1000 50 35000
0 1016 0 1 202237 23 0 1000 7000 0 1 1 0 1000 50 35000
0 1017 0 1 202260 23 0 1000 7000 0 1 1 0 1000 50 35000
0 1018 0 1 202283 23 0 1000 7000 0 1 1 0 1000 50 35000
0 1014 0 1 202305 22 0 1000 7000 0 1 1 0 1000 50 35000
0 1018 0 1 202328 23 0 1000 7000 0 1 1 0 1000 50 35000
0 1017 0 1 202350 22 0 1000 7000 0 1 1 0 1000 50 35000
0 1009 0 1 202373 23 0 1000 7000 0 1 1 0 1000 50 35000
0 1019 0 1 202395 22 0 1000 7000 0 1 1 0 1000 50 35000
0 1020 0 1 202418 23 0 1000 7000 0 1 1 0 1000 50 35000
0 1017 0 1 202441 23 0 1000 7000 0 1 1 0 1000 50 35000
0 1023 0 1 202464 23 0 1000 7000 0 1 1 0 1000 50 35000
0 1017 0 1 202486 22 0 1000 7000 0 1 1 0 1000 50 35000
0 1017 0 1 202509 23 0 1000 7000 0 1 1 0 1000 50 35000
0 1023 0 1 202531 22 0 1000 7000 0 1 1 0 1000 50 35000
0 1017 0 1 202554 23 0 1000 7000 0 1 1 0 1000 50 35000
0 1021 0 1 202576 22 0 1000 7000 0 1 1 0 1000 50 35000
0 1023 0 1 202599 23 0 1000 7000 0 1 1 0 1000 50 35000
0 1008 0 1 202621 22 0 1000 7000 0 1 1 0 1000 50 35000
0 1018 0 1 202644 23 0 1000 7000 0 1 1 0 1000 50 35000
0 1017 0 1 202668 24 0 1000 7000 0 1 1 0 1000 50 35000
0 1008 0 1 202690 22 0 1000 7000 0 1 1 0 1000 50 35000
0 1018 0 1 202713 23 0 1000 7000 0 1 1 0 1000 50 35000
0 1016 0 1 202735 22 0 1000 7000 0 1 1 0 1000 50 35000
0 1009 0 1 202758 23 0 1000 7000 0 1 1 0 1000 50 35000
0 1020 0 1 202780 22 0 1000 7000 0 1 1 0 1000 50 35000
0 1013 0 1 202803 23 0 1000 7000 0 1 1 0 1000 50 35000
0 1017 0 1 202825 22 0 1000 7000 0 1 1 0 1000 50 35000
0 1020 0 1 202848 23 0 1000 7000 0 1 1 0 1000 50 35000
0 1017 0 1 202871 23 0 1000 7000 0 1 1 0 1000 50 35000
0 1018 0 1 202894 23 0 1000 7000 0 1 1 0 1000 50 35000
0 1018 0 1 202916 22 0 1000 7000 0 1 1 0 1000 50 35000
0 1016 0 1 202939 23 0 1000 7000 0 1 1 0 1000 50 35000
0 1018 0 1 202961 22 0 1000 7000 0 1 1 0 1000 50 35000
0 1017 0 1 202984 23 0 1000 7000 0 1 1 0 1000 50 35000
0 1015 0 1 203006 22 0 1000 7000 0 1 1 0 1000 50 35000
0 1016 0 1 203029 23 0 1000 7000 0 1 1 0 1000 50 35000
0 1015 0 1 203052 23 0 1000 7000 0 1 1 0 1000 50 35000
0 1018 0 1 203074 22 0 1000 7000 0 1 1 0 1000 50 35000
0 1021 0 1 203098 24 0 1000 7000 0 1 1 0 1000 50 35000
0 1015 0 1 203120 22 0 1000 7000 0 1 1 0 1000 50 35000
0 1017 0 1 203143 23 0 1000 7000 0 1 1 0 1000 50 35000
0 1018 0 1 203165 22 0 1000 7000 0 1 1 0 1000 50 35000
0 1017 0 1 203188 23 0 1000 7000 0 1 1 0 1000 50 35000
0 1019 0 1 203210 22 0 1000 7000 0 1 1 0 1000 50 35000
0 1017 0 1 203233 23 0 1000 7000 0 1 1 0 1000 50 35000
0 1014 0 1 203255 22 0 1000 7000 0 1 1 0 1000 50 35000
0 1019 0 1 203278 23 0 1000 7000 0 1 1 0 1000 50 35000
0 1018 0 1 203300 22 0 1000 7000 0 1 1 0 1000 50 35000
0 1015 0 1 203324 24 0 1000 7000 0 1 1 0 1000 50 35000
0 1019 0 1 203346 22 0 1000 7000 0 1 1 0 1000 50 35000
0 1016 0 1 203369 23 0 1000 7000 0 1 1 0 1000 50 35000
0 1017 0 1 203392 23 0 1000 7000 0 1 1 0 1000 50 35000
0 1020 0 1 203414 22 0 1000 7000 0 1 1 0 1000 50 35000
0 1016 0 1 203437 23 0 1000 7000 0 1 1 0 1000 50 35000
0 1018 0 1 203459 22 0 1000 7000 0 1 1 0 1000 50 35000
0 1018 0 1 203482 23 0 1000 7000 0 1 1 0 1000 50 35000
0 1015 0 1 203504 22 0 1000 7000 0 1 1 0 1000 50 35000
0 1018 0 1 203528 24 0 1000 7000 0 1 1 0 1000 50 35000
0 1017 0 1 203550 22 0 1000 7000 0 1 1 0 1000 50 35000
0 1011 0 1 203573 23 0 1000 7000 0 1 1 0 1000 50 35000
0 1018 0 1 203595 22 0 1000 7000 0 1 1 0 1000 50 35000
0 1017 0 1 203618 23 0 1000 7000 0 1 1 0 1000 50 35000
0 1019 0 1 203640 22 0 1000 7000 0 1 1 0 1000 50 35000
0 1023 0 1 203663 23 0 1000 7000 0 1 1 0 1000 50 35000
0 1016 0 1 203685 22 0 1000 7000 0 1 1 0 1000 50 35000
0 1019 0 1 203708 23 0 1000 7000 0 1 1 0 1000 50 35000
0 1023 0 1 203730 22 0 1000 7000 0 1 1 0 1000 50 35000
0 1016 0 1 203754 24 0 1000 7000 0 1 1 0 1000 50 35000
0 1018 0 1 203777 23 0 1000 7000 0 1 1 0 1000 50 35000
0 1019 0 1 203799 22 0 1000 7000 0 1 1 0 1000 50 35000
0 1010 0 1 203822 23 0 1000 7000 0 1 1 0 1000 50 35000
0 1018 0 1 203844 22 0 1000 7000 0 1 1 0 1000 50 35000
0 1017 0 1 203867 23 0 1000 7000 0 1 1 0 1000 50 35000
0 1005 0 1 203889 22 0 1000 7000 0 1 1 0 1000 50 35000
0 1018 0 1 203912 23 0 1000 7000 0 1 1 0 1000 50 35000
0 1019 0 1 203934 22 0 1000 7000 0 1 1 0 1000 50 35000
0 1016 0 1 203958 24 0 1000 7000 0 1 1 0 1000 50 35000
0 1023 0 1 203980 22 0 1000 7000 0 1 1 0 1000 50 35000
0 1016 0 1 204003 23 0 1000 7000 0 1 1 0 1000 50 35000
0 1017 0 1 204025 22 0 1000 7000 0 1 1 0 1000 50 35000
0 1021 0 1 204048 23 0 1000 7000 0 1 1 0 1000 50 35000
0 1014 0 1 204070 22 0 1000 7000 0 1 1 0 1000 50 35000
0 1017 0 1 204093 23 0 1000 7000 0 1 1 0 1000 50 35000
0 1017 0 1 204115 22 0 1000 7000 0 1 1 0 1000 50 35000
0 1016 0 1 204138 23 0 1000 7000 0 1 1 0 1000 50 35000
0 1019 0 1 204161 23 0 1000 7000 0 1 1 0 1000 50 35000
0 1017 0 1 204184 23 0 1000 7000 0 1 1 0 1000 50 35000
0 1016 0 1 204207 23 0 1000 7000 0 1 1 0 1000 50 35000
0 1022 0 1 204229 22 0 1000 7000 0 1 1 0 1000 50 35000
0 1016 0 1 204252 23 0 1000 7000 0 1 1 0 1000 50 35000
0 1018 0 1 204274 22 0 1000 7000 0 1 1 0 1000 50 35000
0 1021 0 1 204297 23 0 1000 7000 0 1 1 0 1000 50 35000
0 1015 0 1 204319 22 0 1000 7000 0 1 1 0 1000 50 35000
0 1018 0 1 204342 23 0 1000 7000 0 1 1 0 1000 50 35000
0 1022 0 1 204364 22 0 1000 7000 0 1 1 0 1000 50 35000
0 1016 0 1 204388 24 0 1000 7000 0 1 1 0 1000 50 35000
0 1015 0 1 204410 22 0 1000 7000 0 1 1 0 1000 50 35000
0 1017 0 1 204433 23 0 1000 7000 0 1 1 0 1000 50 35000
0 1013 0 1 204455 22 0 1000 7000 0 1 1 0 1000 50 35000
0 1019 0 1 204478 23 0 1000 7000 0 1 1 0 1000 50 35000
0 1017 0 1 204500 22 0 1000 7000 0 1 1 0 1000 50 35000
0 1017 0 1 204523 23 0 1000 7000 0 1 1 0 1000 50 35000
0 1018 0 1 204546 23 0 1000 7000 0 1 1 0 1000 50 35000
0 1016 0 1 204568 22 0 1000 7000 0 1 1 0 1000 50 35000
0 1007 0 1 204591 23 0 1000 7000 0 1 1 0 1000 50 35000
0 1021 0 1 204614 23 0 1000 7000 0 1 1 0 1000 50 35000
0 1016 0 1 204637 23 0 1000 7000 0 1 1 0 1000 50 35000
0 1018 0 1 204659 22 0 1000 7000 0 1 1 0 1000 50 35000
0 1018 0 1 204682 23 0 1000 7000 0 1 1 0 1000 50 35000
0 1015 0 1 204704 22 0 1000 7000 0 1 1 0 1000 50 35000
0 1018 0 1 204727 23 0 1000 7000 0 1 1 0 1000 50 35000
0 1008 0 1 204749 22 0 1000 7000 0 1 1 0 1000 50 35000
0 1011 0 1 204772 23 0 1000 7000 0 1 1 0 1000 50 35000
0 1018 0 1 204794 22 0 1000 7000 0 1 1 0 1000 50 35000
0 1016 0 1 204817 23 0 1000 7000 0 1 1 0 1000 50 35000
0 1016 0 1 204840 23 0 1000 7000 0 1 1 0 1000 50 35000
0 1020 0 1 204863 23 0 1000 7000 0 1 1 0 1000 50 35000
0 1014 0 1 204886 23 0 1000 7000 0 1 1 0 1000 50 35000
0 1017 0 1 204908 22 0 1000 7000 0 1 1 0 1000 50 35000
0 1021 0 1 204931 23 0 1000 7000 0 1 1 0 1000 50 35000
0 1018 0 1 204953 22 0 1000 7000 0 1 1 0 1000 50 35000
0 1019 0 1 204976 23 0 1000 7000 0 1 1 0 1000 50 35000
0 1018 0 1 204998 22 0 1000 7000 0 1 1 0 1000 50 35000
0 1008 0 1 205021 23 0 1000 7000 0 1 1 0 1000 50 35000
0 1019 0 1 205043 22 0 1000 7000 0 1 1 0 1000 50 35000
0 1018 0 1 205067 24 0 1000 7000 0 1 1 0 1000 50 35000
0 1010 0 1 205089 22 0 1000 7000 0 1 1 0 1000 50 35000
0 1018 0 1 205112 23 0 1000 7000 0 1 1 0 1000 50 35000
0 1017 0 1 205134 22 0 1000 7000 0 1 1 0 1000 50 35000
0 1016 0 1 205157 23 0 1000 7000 0 1 1 0 1000 50 35000
0 1023 0 1 205179 22 0 1000 7000 0 1 1 0 1000 50 35000
0 1016 0 1 205202 23 0 1000 7000 0 1 1 0 1000 50 35000
0 1017 0 1 205224 22 0 1000 7000 0 1 1 0 1000 50 35000
0 1023 0 1 205247 23 0 1000 7000 0 1 1 0 1000 50 35000
0 1016 0 1 205271 24 0 1000 7000 0 1 1 0 1000 50 35000
0 1018 0 1 205293 22 0 1000 7000 0 1 1 0 1000 50 35000
0 1020 0 1 205316 23 0 1000 7000 0 1 1 0 1000 50 35000
0 1010 0 1 205338 22 0 1000 7000 0 1 1 0 1000 50 35000
0 1018 0 1 205361 23 0 1000 7000 0 1 1 0 1000 50 35000
0 1017 0 1 205383 22 0 1000 7000 0 1 1 0 1000 50 35000
0 1015 0 1 205406 23 0 1000 7000 0 1 1 0 1000 50 35000
0 1018 0 1 205428 22 0 1000 7000 0 1 1 0 1000 50 35000
0 1016 0 1 205451 23 0 1000 7000 0 1 1 0 1000 50 35000
0 1016 0 1 205473 22 0 1000 7000 0 1 1 0 1000 50 35000
0 1020 0 1 205497 24 0 1000 7000 0 1 1 0 1000 50 35000
0 1015 0 1 205519 22 0 1000 7000 0 1 1 0 1000 50 35000
0 1017 0 1 205542 23 0 1000 7000 0 1 1 0 1000 50 35000
0 1020 0 1 205564 22 0 1000 7000 0 1 1 0 1000 50 35000
0 1016 0 1 205587 23 0 1000 7000 0 1 1 0 1000 50 35000
0 1019 0 1 205609 22 0 1000 7000 0 1 1 0 1000 50 35000
0 1018 0 1 205632 23 0 1000 7000 0 1 1 0 1000 50 35000
0 1013 0 1 205655 23 0 1000 7000 0 1 1 0 1000 50 35000
0 1020 0 1 205677 22 0 1000 7000 0 1 1 0 1000 50 35000
0 1018 0 1 205700 23 0 1000 7000 0 1 1 0 1000 50 35000
0 1013 0 1 205723 23 0 1000 7000 0 1 1 0 1000 50 35000
0 1018 0 1 205746 23 0 1000 7000 0 1 1 0 1000 50 35000
0 1015 0 1 205768 22 0 1000 7000 0 1 1 0 1000 50 35000
0 1016 0 1 205791 23 0 1000 7000 0 1 1 0 1000 50 35000
0 1022 0 1 205813 22 0 1000 7000 0 1 1 0 1000 50 35000
0 1016 0 1 205836 23 0 1000 7000 0 1 1 0 1000 50 35000
0 1017 0 1 205858 22 0 1000 7000 0 1 1 0 1000 50 35000
0 1020 0 1 205881 23 0 1000 7000 0 1 1 0 1000 50 35000
0 1016 0 1 205903 22 0 1000 7000 0 1 1 0 1000 50 35000
0 1019 0 1 205927 24 0 1000 7000 0 1 1 0 1000 50 35000
0 1017 0 1 205949 22 0 1000 7000 0 1 1 0 1000 50 35000
0 1013 0 1 205972 23 0 1000 7000 0 1 1 0 1000 50 35000
0 1019 0 1 205995 23 0 1000 7000 0 1 1 0 1000 50 35000
0 1019 0 1 206017 22 0 1000 7000 0 1 1 0 1000 50 35000
0 1014 0 1 206040 23 0 1000 7000 0 1 1 0 1000 50 35000
0 1018 0 1 206062 22 0 1000 7000 0 1 1 0 1000 50 35000
0 1014 0 1 206085 23 0 1000 7000 0 1 1 0 1000 50 35000
0 1015 0 1 206107 22 0 1000 7000 0 1 1 0 1000 50 35000
0 1022 0 1 206131 24 0 1000 7000 0 1 1 0 1000 50 35000
0 1015 0 1 206153 22 0 1000 7000 0 1 1 0 1000 50 35000
0 1021 0 1 206176 23 0 1000 7000 0 1 1 0 1000 50 35000
0 1017 0 1 206198 22 0 1000 7000 0 1 1 0 1000 50 35000
0 1009 0 1 206221 23 0 1000 7000 0 1 1 0 1000 50 35000
0 1017 0 1 206243 22 0 1000 7000 0 1 1 0 1000 50 35000
0 1017 0 1 206266 23 0 1000 7000 0 1 1 0 1000 50 35000
0 1010 0 1 206288 22 0 1000 7000 0 1 1 0 1000 50 35000
0 1019 0 1 206311 23 0 1000 7000 0 1 1 0 1000 50 35000
0 1017 0 1 206334 23 0 1000 7000 0 1 1 0 1000 50 35000
0 1013 0 1 206357 23 0 1000 7000 0 1 1 0 1000 50 35000
0 1023 0 1 206380 23 0 1000 7000 0 1 1 0 1000 50 35000
0 1016 0 1 206402 22 0 1000 7000 0 1 1 0 1000 50 35000
0 1015 0 1 206425 23 0 1000 7000 0 1 1 0 1000 50 35000
0 1023 0 1 206447 22 0 1000 7000 0 1 1 0 1000 50 35000
0 1016 0 1 206470 23 0 1000 7000 0 1 1 0 1000 50 35000
0 1018 0 1 206492 22 0 1000 7000 0 1 1 0 1000 50 35000
0 1017 0 1 206515 23 0 1000 7000 0 1 1 0 1000 50 35000
0 1013 0 1 206538 23 0 1000 7000 0 1 1 0 1000 50 35000
0 1018 0 1 206561 23 0 1000 7000 0 1 1 0 1000 50 35000
0 1017 0 1 206583 22 0 1000 7000 0 1 1 0 1000 50 35000
0 1012 0 1 206606 23 0 1000 7000 0 1 1 0 1000 50 35000
0 1018 0 1 206628 22 0 1000 7000 0 1 1 0 1000 50 35000
0 1017 0 1 206651 23 0 1000 7000 0 1 1 0 1000 50 35000
0 1016 0 1 206673 22 0 1000 7000 0 1 1 0 1000 50 35000
0 1023 0 1 206696 23 0 1000 7000 0 1 1 0 1000 50 35000
0 1016 0 1 206718 22 0 1000 7000 0 1 1 0 1000 50 35000
0 1021 0 1 206741 23 0 1000 7000 0 1 1 0 1000 50 35000
0 1022 0 1 206765 24 0 1000 7000 0 1 1 0 1000 50 35000
0 1016 0 1 206787 22 0 1000 7000 0 1 1 0 1000 50 35000
0 1019 0 1 206810 23 0 1000 7000 0 1 1 0 1000 50 35000
0 1018 0 1 206832 22 0 1000 7000 0 1 1 0 1000 50 35000
0 1015 0 1 206855 23 0 1000 7000 0 1 1 0 1000 50 35000
0 1018 0 1 206877 22 0 1000 7000 0 1 1 0 1000 50 35000
0 1017 0 1 206900 23 0 1000 7000 0 1 1 0 1000 50 35000
0 1016 0 1 206922 22 0 1000 7000 0 1 1 0 1000 50 35000
0 1023 0 1 206945 23 0 1000 7000 0 1 1 0 1000 50 35000
0 1016 0 1 206968 23 0 1000 7000 0 1 1 0 1000 50 35000
0 998 0 1 206991 23 0 1000 7000 0 1 1 0 1000 50 35000
0 1021 0 1 207013 22 0 1000 7000 0 1 1 0 1000 50 35000
0 1016 0 1 207036 23 0 1000 7000 0 1 1 0 1000 50 35000
0 1017 0 1 207058 22 0 1000 7000 0 1 1 0 1000 50 35000
0 1017 0 1 207081 23 0 1000 7000 0 1 1 0 1000 50 35000
0 1009 0 1 207104 23 0 1000 7000 0 1 1 0 1000 50 35000
0 1018 0 1 207126 22 0 1000 7000 0 1 1 0 1000 50 35000
0 1018 0 1 207149 23 0 1000 7000 0 1 1 0 1000 50 35000
0 1011 0 1 207172 23 0 1000 7000 0 1 1 0 1000 50 35000
0 1018 0 1 207195 23 0 1000 7000 0 1 1 0 1000 50 35000
0 1018 0 1 207217 22 0 1000 7000 0 1 1 0 1000 50 35000
0 1015 0 1 207240 23 0 1000 7000 0 1 1 0 1000 50 35000
0 1023 0 1 207262 22 0 1000 7000 0 1 1 0 1000 50 35000
0 1017 0 1 207285 23 0 1000 7000 0 1 1 0 1000 50 35000
0 1017 0 1 207307 22 0 1000 7000 0 1 1 0 1000 50 35000
0 1023 0 1 207330 23 0 1000 7000 0 1 1 0 1000 50 35000
0 1016 0 1 207352 22 0 1000 7000 0 1 1 0 1000 50 35000
0 1017 0 1 207376 24 0 1000 7000 0 1 1 0 1000 50 35000
0 1021 0 1 207398 22 0 1000 7000 0 1 1 0 1000 50 35000
0 1011 0 1 207421 23 0 1000 7000 0 1 1 0 1000 50 35000
0 1017 0 1 207443 22 0 1000 7000 0 1 1 0 1000 50 35000
0 1018 0 1 207466 23 0 1000 7000 0 1 1 0 1000 50 35000
0 1012 0 1 207489 23 0 1000 7000 0 1 1 0 1000 50 35000
0 1018 0 1 207511 22 0 1000 7000 0 1 1 0 1000 50 35000
0 1016 0 1 207534 23 0 1000 7000 0 1 1 0 1000 50 35000
0 1016 0 1 207556 22 0 1000 7000 0 1 1 0 1000 50 35000
0 1021 0 1 207580 24 0 1000 7000 0 1 1 0 1000 50 35000
0 1017 0 1 207602 22 0 1000 7000 0 1 1 0 1000 50 35000
0 1013 0 1 207625 23 0 1000 7000 0 1 1 0 1000 50 35000
0 1017 0 1 207647 22 0 1000 7000 0 1 1 0 1000 50 35000
0 1018 0 1 207670 23 0 1000 7000 0 1 1 0 1000 50 35000
0 1018 0 1 207692 22 0 1000 7000 0 1 1 0 1000 50 35000
0 1011 0 1 207715 23 0 1000 7000 0 1 1 0 1000 50 35000
0 1014 0 1 207737 22 0 1000 7000 0 1 1 0 1000 50 35000
0 1017 0 1 207760 23 0 1000 7000 0 1 1 0 1000 50 35000
0 1018 0 1 207783 23 0 1000 7000 0 1 1 0 1000 50 35000
0 1011 0 1 207806 23 0 1000 7000 0 1 1 0 1000 50 35000
0 1018 0 1 207828 22 0 1000 7000 0 1 1 0 1000 50 35000
0 1016 0 1 207851 23 0 1000 7000 0 1 1 0 1000 50 35000
0 1016 0 1 207874 23 0 1000 7000 0 1 1 0 1000 50 35000
0 1022 0 1 207896 22 0 1000 7000 0 1 1 0 1000 50 35000
0 1017 0 1 207919 23 0 1000 7000 0 1 1 0 1000 50 35000
0 1015 0 1 207941 22 0 1000 7000 0 1 1 0 1000 50 35000
0 1023 0 1 207964 23 0 1000 7000 0 1 1 0 1000 50 35000
0 1017 0 1 207987 23 0 1000 7000 0 1 1 0 1000 50 35000
0 1017 0 1 208010 23 0 1000 7000 0 1 1 0 1000 50 35000
0 1008 0 1 208032 22 0 1000 7000 0 1 1 0 1000 50 35000
0 1008 0 1 208055 23 0 1000 7000 0 1 1 0 1000 50 35000
0 1016 0 1 208077 22 0 1000 7000 0 1 1 0 1000 50 35000
0 1023 0 1 208100 23 0 1000 7000 0 1 1 0 1000 50 35000
0 990 0 1 208122 22 0 1000 7000 0 1 1 0 1000 50 35000
0 1022 0 1 208145 23 0 1000 7000 0 1 1 0 1000 50 35000
0 1017 0 1 208167 22 0 1000 7000 0 1 1 0 1000 50 35000
0 1008 0 1 208190 23 0 1000 7000 0 1 1 0 1000 50 35000
0 1023 0 1 208214 24 0 1000 7000 0 1 1 0 1000 50 35000
0 1015 0 1 208236 22 0 1000 7000 0 1 1 0 1000 50 35000
0 1012 0 1 208259 23 0 1000 7000 0 1 1 0 1000 50 35000
0 1019 0 1 208281 22 0 1000 7000 0 1 1 0 1000 50 35000
0 1008 0 1 208304 23 0 1000 7000 0 1 1 0 1000 50 35000
0 1018 0 1 208326 22 0 1000 7000 0 1 1 0 1000 50 35000
0 1018 0 1 208349 23 0 1000 7000 0 1 1 0 1000 50 35000
0 1012 0 1 208371 22 0 1000 7000 0 1 1 0 1000 50 35000
0 1018 0 1 208394 23 0 1000 7000 0 1 1 0 1000 50 35000
0 1023 0 1 208417 23 0 1000 7000 0 1 1 0 1000 50 35000
0 1004 0 1 208440 23 0 1000 7000 0 1 1 0 1000 50 35000
0 1023 0 1 208462 22 0 1000 7000 0 1 1 0 1000 50 35000
0 1015 0 1 208485 23 0 1000 7000 0 1 1 0 1000 50 35000
0 1006 0 1 208507 22 0 1000 7000 0 1 1 0 1000 50 35000
0 1023 0 1 208530 23 0 1000 7000 0 1 1 0 1000 50 35000
0 1012 0 1 208552 22 0 1000 7000 0 1 1 0 1000 50 35000
0 1017 0 1 208575 23 0 1000 7000 0 1 1 0 1000 50 35000
0 1023 0 1 208598 23 0 1000 7000 0 1 1 0 1000 50 35000
0 967 0 1 208621 23 0 1000 7000 0 1 1 0 1000 50 35000
0 1018 0 1 208644 23 0 1000 7000 0 1 1 0 1000 50 35000
0 1023 0 1 208666 22 0 1000 7000 0 1 1 0 1000 50 35000
0 979 0 1 208689 23 0 1000 7000 0 1 1 0 1000 50 35000
0 1020 0 1 208711 22 0 1000 7000 0 1 1 0 1000 50 35000
0 1018 0 1 208734 23 0 1000 7000 0 1 1 0 1000 50 35000
0 988 0 1 208756 22 0 1000 7000 0 1 1 0 1000 50 35000
0 1023 0 1 208779 23 0 1000 7000 0 1 1 0 1000 50 35000
0 1013 0 1 208801 22 0 1000 7000 0 1 1 0 1000 50 35000
0 1014 0 1 208824 23 0 1000 7000 0 1 1 0 1000 50 35000
0 1023 0 1 208847 23 0 1000 7000 0 1 1 0 1000 50 35000
0 1014 0 1 208870 23 0 1000 7000 0 1 1 0 1000 50 35000
0 1014 0 1 208892 22 0 1000 7000 0 1 1 0 1000 50 35000
0 1022 0 1 208915 23 0 1000 7000 0 1 1 0 1000 50 35000
0 1011 0 1 208937 22 0 1000 7000 0 1 1 0 1000 50 35000
0 1015 0 1 208960 23 0 1000 7000 0 1 1 0 1000 50 35000
0 1023 0 1 208983 23 0 1000 7000 0 1 1 0 1000 50 35000
0 983 0 1 209005 22 0 1000 7000 0 1 1 0 1000 50 35000
0 1020 0 1 209028 23 0 1000 7000 0 1 1 0 1000 50 35000
0 1017 0 1 209050 22 0 1000 7000 0 1 1 0 1000 50 35000
0 993 0 1 209074 24 0 1000 7000 0 1 1 0 1000 50 35000
0 1023 0 1 209096 22 0 1000 7000 0 1 1 0 1000 50 35000
0 1013 0 1 209119 23 0 1000 7000 0 1 1 0 1000 50 35000
0 1010 0 1 209141 22 0 1000 7000 0 1 1 0 1000 50 35000
0 1023 0 1 209164 23 0 1000 7000 0 1 1 0 1000 50 35000
0 1011 0 1 209186 22 0 1000 7000 0 1 1 0 1000 50 35000
0 1018 0 1 209209 23 0 1000 7000 0 1 1 0 1000 50 35000
0 1023 0 1 209231 22 0 1000 7000 0 1 1 0 1000 50 35000
0 980 0 1 209254 23 0 1000 7000 0 1 1 0 1000 50 35000
0 1022 0 1 209276 22 0 1000 7000 0 1 1 0 1000 50 35000
0 1021 0 1 209300 24 0 1000 7000 0 1 1 0 1000 50 35000
0 976 0 1 209323 23 0 1000 7000 0 1 1 0 1000 50 35000
0 1023 0 1 209345 22 0 1000 7000 0 1 1 0 1000 50 35000
0 1012 0 1 209368 23 0 1000 7000 0 1 1 0 1000 50 35000
0 998 0 1 209390 22 0 1000 7000 0 1 1 0 1000 50 35000
0 1023 0 1 209413 23 0 1000 7000 0 1 1 0 1000 50 35000
0 1011 0 1 209435 22 0 1000 7000 0 1 1 0 1000 50 35000
0 1014 0 1 209458 23 0 1000 7000 0 1 1 0 1000 50 35000
0 1023 0 1 209480 22 0 1000 7000 0 1 1 0 1000 50 35000
0 974 0 1 209504 24 0 1000 7000 0 1 1 0 1000 50 35000
0 1021 0 1 209526 22 0 1000 7000 0 1 1 0 1000 50 35000
0 1023 0 1 209549 23 0 1000 7000 0 1 1 0 1000 50 35000
0 953 0 1 209571 22 0 1000 7000 0 1 1 0 1000 50 35000
0 1023 0 1 209594 23 0 1000 7000 0 1 1 0 1000 50 35000
0 1020 0 1 209616 22 0 1000 7000 0 1 1 0 1000 50 35000
0 982 0 1 209639 23 0 1000 7000 0 1 1 0 1000 50 35000
0 1023 0 1 209661 22 0 1000 7000 0 1 1 0 1000 50 35000
0 1011 0 1 209684 23 0 1000 7000 0 1 1 0 1000 50 35000
0 1004 0 1 209707 23 0 1000 7000 0 1 1 0 1000 50 35000
0 1023 0 1 209729 22 0 1000 7000 0 1 1 0 1000 50 35000
0 1012 0 1 209753 24 0 1000 7000 0 1 1 0 1000 50 35000
0 1014 0 1 209775 22 0 1000 7000 0 1 1 0 1000 50 35000
0 1023 0 1 209798 23 0 1000 7000 0 1 1 0 1000 50 35000
0 964 0 1 209820 22 0 1000 7000 0 1 1 0 1000 50 35000
0 1018 0 1 209843 23 0 1000 7000 0 1 1 0 1000 50 35000
0 1018 0 1 209865 22 0 1000 7000 0 1 1 0 1000 50 35000
0 1011 0 1 209888 23 0 1000 7000 0 1 1 0 1000 50 35000
0 1017 0 1 209910 22 0 1000 7000 0 1 1 0 1000 50 35000
0 1018 0 1 209933 23 0 1000 7000 0 1 1 0 1000 50 35000
0 1015 0 1 209955 22 0 1000 7000 0 1 1 0 1000 50 35000
0 1023 0 1 209979 24 0 1000 7000 0 1 1 0 1000 50 35000
0 1015 0 1 210001 22 0 1000 7000 0 1 1 0 1000 50 35000
0 1017 0 1 210024 23 0 1000 7000 0 1 1 0 1000 50 35000
0 1023 0 1 210046 22 0 1000 7000 0 1 1 0 1000 50 35000
0 1017 0 1 210069 23 0 1000 7000 0 1 1 0 1000 50 35000
0 1017 0 1 210092 23 0 1000 7000 0 1 1 0 1000 50 35000
0 1020 0 1 210114 22 0 1000 7000 0 1 1 0 1000 50 35000
0 1011 0 1 210137 23 0 1000 7000 0 1 1 0 1000 50 35000
0 1017 0 1 210159 22 0 1000 7000 0 1 1 0 1000 50 35000
0 1019 0 1 210182 23 0 1000 7000 0 1 1 0 1000 50 35000
0 1011 0 1 210205 23 0 1000 7000 0 1 1 0 1000 50 35000
0 1018 0 1 210228 23 0 1000 7000 0 1 1 0 1000 50 35000
0 1017 0 1 210250 22 0 1000 7000 0 1 1 0 1000 50 35000
0 1014 0 1 210273 23 0 1000 7000 0 1 1 0 1000 50 35000
0 1022 0 1 210295 22 0 1000 7000 0 1 1 0 1000 50 35000
0 1017 0 1 210318 23 0 1000 7000 0 1 1 0 1000 50 35000
0 1016 0 1 210340 22 0 1000 7000 0 1 1 0 1000 50 35000
0 1022 0 1 210363 23 0 1000 7000 0 1 1 0 1000 50 35000
0 1016 0 1 210385 22 0 1000 7000 0 1 1 0 1000 50 35000
0 1021 0 1 210409 24 0 1000 7000 0 1 1 0 1000 50 35000
0 1019 0 1 210432 23 0 1000 7000 0 1 1 0 1000 50 35000
0 1013 0 1 210454 22 0 1000 7000 0 1 1 0 1000 50 35000
0 1019 0 1 210477 23 0 1000 7000 0 1 1 0 1000 50 35000
0 1018 0 1 210499 22 0 1000 7000 0 1 1 0 1000 50 35000
0 1010 0 1 210522 23 0 1000 7000 0 1 1 0 1000 50 35000
0 1019 0 1 210544 22 0 1000 7000 0 1 1 0 1000 50 35000
0 1017 0 1 210567 23 0 1000 7000 0 1 1 0 1000 50 35000
0 1016 0 1 210589 22 0 1000 7000 0 1 1 0 1000 50 35000
0 1022 0 1 210612 23 0 1000 7000 0 1 1 0 1000 50 35000
0 1018 0 1 210635 23 0 1000 7000 0 1 1 0 1000 50 35000
0 1016 0 1 210658 23 0 1000 7000 0 1 1 0 1000 50 35000
0 1021 0 1 210680 22 0 1000 7000 0 1 1 0 1000 50 35000
0 1021 0 1 210703 23 0 1000 7000 0 1 1 0 1000 50 35000
0 1019 0 1 210725 22 0 1000 7000 0 1 1 0 1000 50 35000
0 1019 0 1 210748 23 0 1000 7000 0 1 1 0 1000 50 35000
0 1011 0 1 210770 22 0 1000 7000 0 1 1 0 1000 50 35000
0 1018 0 1 210793 23 0 1000 7000 0 1 1 0 1000 50 35000
0 1018 0 1 210816 23 0 1000 7000 0 1 1 0 1000 50 35000
0 1018 0 1 210838 22 0 1000 7000 0 1 1 0 1000 50 35000
0 1020 0 1 210862 24 0 1000 7000 0 1 1 0 1000 50 35000
0 1016 0 1 210884 22 0 1000 7000 0 1 1 0 1000 50 35000
0 1016 0 1 210907 23 0 1000 7000 0 1 1 0 1000 50 35000
0 1019 0 1 210929 22 0 1000 7000 0 1 1 0 1000 50 35000
0 1016 0 1 210952 23 0 1000 7000 0 1 1 0 1000 50 35000
0 1017 0 1 210974 22 0 1000 7000 0 1 1 0 1000 50 35000
0 1020 0 1 210997 23 0 1000 7000 0 1 1 0 1000 50 35000
0 1014 0 1 211019 22 0 1000 7000 0 1 1 0 1000 50 35000
0 1018 0 1 211042 23 0 1000 7000 0 1 1 0 1000 50 35000
0 1018 0 1 211065 23 0 1000 7000 0 1 1 0 1000 50 35000
0 1010 0 1 211088 23 0 1000 7000 0 1 1 0 1000 50 35000
0 1018 0 1 211110 22 0 1000 7000 0 1 1 0 1000 50 35000
0 1020 0 1 211133 23 0 1000 7000 0 1 1 0 1000 50 35000
0 1011 0 1 211155 22 0 1000 7000 0 1 1 0 1000 50 35000
0 1023 0 1 211178 23 0 1000 7000 0 1 1 0 1000 50 35000
0 1017 0 1 211201 23 0 1000 7000 0 1 1 0 1000 50 35000
0 1016 0 1 211223 22 0 1000 7000 0 1 1 0 1000 50 35000
0 1023 0 1 211246 23 0 1000 7000 0 1 1 0 1000 50 35000
0 1020 0 1 211268 22 0 1000 7000 0 1 1 0 1000 50 35000
0 1017 0 1 211292 24 0 1000 7000 0 1 1 0 1000 50 35000
0 1020 0 1 211314 22 0 1000 7000 0 1 1 0 1000 50 35000
0 1010 0 1 211337 23 0 1000 7000 0 1 1 0 1000 50 35000
0 1017 0 1 211359 22 0 1000 7000 0 1 1 0 1000 50 35000
0 1019 0 1 211382 23 0 1000 7000 0 1 1 0 1000 50 35000
0 1010 0 1 211404 22 0 1000 7000 0 1 1 0 1000 50 35000
0 1018 0 1 211427 23 0 1000 7000 0 1 1 0 1000 50 35000
0 1018 0 1 211449 22 0 1000 7000 0 1 1 0 1000 50 35000
0 1014 0 1 211472 23 0 1000 7000 0 1 1 0 1000 50 35000
0 1023 0 1 211495 23 0 1000 7000 0 1 1 0 1000 50 35000
0 1017 0 1 211518 23 0 1000 7000 0 1 1 0 1000 50 35000
0 1016 0 1 211540 22 0 1000 7000 0 1 1 0 1000 50 35000
0 1022 0 1 211563 23 0 1000 7000 0 1 1 0 1000 50 35000
0 1018 0 1 211586 23 0 1000 7000 0 1 1 0 1000 50 35000
0 1018 0 1 211608 22 0 1000 7000 0 1 1 0 1000 50 35000
0 1020 0 1 211631 23 0 1000 7000 0 1 1 0 1000 50 35000
0 1013 0 1 211653 22 0 1000 7000 0 1 1 0 1000 50 35000
0 1017 0 1 211676 23 0 1000 7000 0 1 1 0 1000 50 35000
0 1019 0 1 211698 22 0 1000 7000 0 1 1 0 1000 50 35000
0 1011 0 1 211722 24 0 1000 7000 0 1 1 0 1000 50 35000
0 1020 0 1 211744 22 0 1000 7000 0 1 1 0 1000 50 35000
0 1016 0 1 211767 23 0 1000 7000 0 1 1 0 1000 50 35000
0 1009 0 1 211789 22 0 1000 7000 0 1 1 0 1000 50 35000
0 1023 0 1 211812 23 0 1000 7000 0 1 1 0 1000 50 35000
0 1016 0 1 211834 22 0 1000 7000 0 1 1 0 1000 50 35000
0 1017 0 1 211857 23 0 1000 7000 0 1 1 0 1000 50 35000
0 1023 0 1 211879 22 0 1000 7000 0 1 1 0 1000 50 35000
0 1016 0 1 211902 23 0 1000 7000 0 1 1 0 1000 50 35000
0 1018 0 1 211926 24 0 1000 7000 0 1 1 0 1000 50 35000
0 1022 0 1 211948 22 0 1000 7000 0 1 1 0 1000 50 35000
0 1012 0 1 211971 23 0 1000 7000 0 1 1 0 1000 50 35000
0 1018 0 1 211993 22 0 1000 7000 0 1 1 0 1000 50 35000
0 1018 0 1 212016 23 0 1000 7000 0 1 1 0 1000 50 35000
0 1020 0 1 212038 22 0 1000 7000 0 1 1 0 1000 50 35000
0 1018 0 1 212061 23 0 1000 7000 0 1 1 0 1000 50 35000
0 1017 0 1 212083 22 0 1000 7000 0 1 1 0 1000 50 35000
0 1016 0 1 212106 23 0 1000 7000 0 1 1 0 1000 50 35000
0 1022 0 1 212128 22 0 1000 7000 0 1 1 0 1000 50 35000
0 1015 0 1 212152 24 0 1000 7000 0 1 1 0 1000 50 35000
0 1017 0 1 212174 22 0 1000 7000 0 1 1 0 1000 50 35000
0 1021 0 1 212197 23 0 1000 7000 0 1 1 0 1000 50 35000
0 1013 0 1 212219 22 0 1000 7000 0 1 1 0 1000 50 35000
0 1017 0 1 212242 23 0 1000 7000 0 1 1 0 1000 50 35000
0 1019 0 1 212264 22 0 1000 7000 0 1 1 0 1000 50 35000
0 1007 0 1 212287 23 0 1000 7000 0 1 1 0 1000 50 35000
0 1017 0 1 212310 23 0 1000 7000 0 1 1 0 1000 50 35000
0 1018 0 1 212332 22 0 1000 7000 0 1 1 0 1000 50 35000
0 1015 0 1 212355 23 0 1000 7000 0 1 1 0 1000 50 35000
0 1023 0 1 212378 23 0 1000 7000 0 1 1 0 1000 50 35000
0 1016 0 1 212401 23 0 1000 7000 0 1 1 0 1000 50 35000
0 1023 0 1 212423 22 0 1000 7000 0 1 1 0 1000 50 35000
0 1023 0 1 212446 23 0 1000 7000 0 1 1 0 1000 50 35000
0 1017 0 1 212468 22 0 1000 7000 0 1 1 0 1000 50 35000
0 1016 0 1 212491 23 0 1000 7000 0 1 1 0 1000 50 35000
0 1021 0 1 212513 22 0 1000 7000 0 1 1 0 1000 50 35000
0 1012 0 1 212536 23 0 1000 7000 0 1 1 0 1000 50 35000
0 1018 0 1 212558 22 0 1000 7000 0 1 1 0 1000 50 35000
0 1019 0 1 212582 24 0 1000 7000 0 1 1 0 1000 50 35000
0 1008 0 1 212604 22 0 1000 7000 0 1 1 0 1000 50 35000
0 1022 0 1 212627 23 0 1000 7000 0 1 1 0 1000 50 35000
0 1018 0 1 212649 22 0 1000 7000 0 1 1 0 1000 50 35000
0 1014 0 1 212672 23 0 1000 7000 0 1 1 0 1000 50 35000
0 1022 0 1 212695 23 0 1000 7000 0 1 1 0 1000 50 35000
0 1017 0 1 212717 22 0 1000 7000 0 1 1 0 1000 50 35000
0 1016 0 1 212740 23 0 1000 7000 0 1 1 0 1000 50 35000
0 1023 0 1 212762 22 0 1000 7000 0 1 1 0 1000 50 35000
0 1017 0 1 212785 23 0 1000 7000 0 1 1 0 1000 50 35000
0 1018 0 1 212808 23 0 1000 7000 0 1 1 0 1000 50 35000
0 1023 0 1 212831 23 0 1000 7000 0 1 1 0 1000 50 35000
0 962 0 1 212853 22 0 1000 7000 0 1 1 0 1000 50 35000
0 1018 0 1 212876 23 0 1000 7000 0 1 1 0 1000 50 35000
0 1015 0 1 212898 22 0 1000 7000 0 1 1 0 1000 50 35000
0 1013 0 1 212921 23 0 1000 7000 0 1 1 0 1000 50 35000
0 1018 0 1 212943 22 0 1000 7000 0 1 1 0 1000 50 35000
0 1017 0 1 212966 23 0 1000 7000 0 1 1 0 1000 50 35000
0 1017 0 1 212988 22 0 1000 7000 0 1 1 0 1000 50 35000
0 1022 0 1 213011 23 0 1000 7000 0 1 1 0 1000 50 35000
0 1015 0 1 213035 24 0 1000 7000 0 1 1 0 1000 50 35000
0 1012 0 1 213057 22 0 1000 7000 0 1 1 0 1000 50 35000
0 1023 0 1 213080 23 0 1000 7000 0 1 1 0 1000 50 35000
0 1005 0 1 213102 22 0 1000 7000 0 1 1 0 1000 50 35000
0 1023 0 1 213125 23 0 1000 7000 0 1 1 0 1000 50 35000
0 1023 0 1 213147 22 0 1000 7000 0 1 1 0 1000 50 35000
0 967 0 1 213170 23 0 1000 7000 0 1 1 0 1000 50 35000
0 1023 0 1 213192 22 0 1000 7000 0 1 1 0 1000 50 35000
0 1016 0 1 213215 23 0 1000 7000 0 1 1 0 1000 50 35000
0 1014 0 1 213237 22 0 1000 7000 0 1 1 0 1000 50 35000
0 1018 0 1 213261 24 0 1000 7000 0 1 1 0 1000 50 35000
0 1016 0 1 213283 22 0 1000 7000 0 1 1 0 1000 50 35000
0 1012 0 1 213306 23 0 1000 7000 0 1 1 0 1000 50 35000
0 1018 0 1 213328 22 0 1000 7000 0 1 1 0 1000 50 35000
0 1016 0 1 213351 23 0 1000 7000 0 1 1 0 1000 50 35000
0 1017 0 1 213373 22 0 1000 7000 0 1 1 0 1000 50 35000
0 1018 0 1 213396 23 0 1000 7000 0 1 1 0 1000 50 35000
0 1016 0 1 213419 23 0 1000 7000 0 1 1 0 1000 50 35000
0 1018 0 1 213441 22 0 1000 7000 0 1 1 0 1000 50 35000
0 1018 0 1 213464 23 0 1000 7000 0 1 1 0 1000 50 35000
0 1016 0 1 213487 23 0 1000 7000 0 1 1 0 1000 50 35000
0 1018 0 1 213510 23 0 1000 7000 0 1 1 0 1000 50 35000
0 1017 0 1 213532 22 0 1000 7000 0 1 1 0 1000 50 35000
0 1017 0 1 213555 23 0 1000 7000 0 1 1 0 1000 50 35000
0 1020 0 1 213577 22 0 1000 7000 0 1 1 0 1000 50 35000
0 1016 0 1 213600 23 0 1000 7000 0 1 1 0 1000 50 35000
0 1018 0 1 213622 22 0 1000 7000 0 1 1 0 1000 50 35000
0 1023 0 1 213645 23 0 1000 7000 0 1 1 0 1000 50 35000
0 1017 0 1 213667 22 0 1000 7000 0 1 1 0 1000 50 35000
0 1017 0 1 213691 24 0 1000 7000 0 1 1 0 1000 50 35000
0 1018 0 1 213713 22 0 1000 7000 0 1 1 0 1000 50 35000
0 1010 0 1 213736 23 0 1000 7000 0 1 1 0 1000 50 35000
0 1018 0 1 213758 22 0 1000 7000 0 1 1 0 1000 50 35000
0 1017 0 1 213781 23 0 1000 7000 0 1 1 0 1000 50 35000
0 1012 0 1 213804 23 0 1000 7000 0 1 1 0 1000 50 35000
0 1019 0 1 213826 22 0 1000 7000 0 1 1 0 1000 50 35000
0 1017 0 1 213849 23 0 1000 7000 0 1 1 0 1000 50 35000
0 1016 0 1 213871 22 0 1000 7000 0 1 1 0 1000 50 35000
0 1023 0 1 213894 23 0 1000 7000 0 1 1 0 1000 50 35000
0 1016 0 1 213917 23 0 1000 7000 0 1 1 0 1000 50 35000
0 1013 0 1 213940 23 0 1000 7000 0 1 1 0 1000 50 35000
0 1023 0 1 213962 22 0 1000 7000 0 1 1 0 1000 50 35000
0 1016 0 1 213985 23 0 1000 7000 0 1 1 0 1000 50 35000
0 1018 0 1 214007 22 0 1000 7000 0 1 1 0 1000 50 35000
0 1018 0 1 214030 23 0 1000 7000 0 1 1 0 1000 50 35000
0 1012 0 1 214052 22 0 1000 7000 0 1 1 0 1000 50 35000
0 1016 0 1 214075 23 0 1000 7000 0 1 1 0 1000 50 35000
0 1017 0 1 214097 22 0 1000 7000 0 1 1 0 1000 50 35000
0 1014 0 1 214121 24 0 1000 7000 0 1 1 0 1000 50 35000
0 1020 0 1 214144 23 0 1000 7000 0 1 1 0 1000 50 35000
0 1016 0 1 214166 22 0 1000 7000 0 1 1 0 1000 50 35000
0 1015 0 1 214189 23 0 1000 7000 0 1 1 0 1000 50 35000
0 1021 0 1 214211 22 0 1000 7000 0 1 1 0 1000 50 35000
0 1016 0 1 214234 23 0 1000 7000 0 1 1 0 1000 50 35000
0 1018 0 1 214256 22 0 1000 7000 0 1 1 0 1000 50 35000
0 1023 0 1 214279 23 0 1000 7000 0 1 1 0 1000 50 35000
0 1017 0 1 214301 22 0 1000 7000 0 1 1 0 1000 50 35000
0 1022 0 1 214324 23 0 1000 7000 0 1 1 0 1000 50 35000
0 1018 0 1 214347 23 0 1000 7000 0 1 1 0 1000 50 35000
0 1015 0 1 214370 23 0 1000 7000 0 1 1 0 1000 50 35000
0 1018 0 1 214392 22 0 1000 7000 0 1 1 0 1000 50 35000
0 1017 0 1 214415 23 0 1000 7000 0 1 1 0 1000 50 35000
0 1013 0 1 214437 22 0 1000 7000 0 1 1 0 1000 50 35000
0 1019 0 1 214460 23 0 1000 7000 0 1 1 0 1000 50 35000
0 1016 0 1 214482 22 0 1000 7000 0 1 1 0 1000 50 35000
0 1017 0 1 214505 23 0 1000 7000 0 1 1 0 1000 50 35000
0 1020 0 1 214528 23 0 1000 7000 0 1 1 0 1000 50 35000
0 1013 0 1 214551 23 0 1000 7000 0 1 1 0 1000 50 35000
0 1018 0 1 214574 23 0 1000 7000 0 1 1 0 1000 50 35000
0 1020 0 1 214596 22 0 1000 7000 0 1 1 0 1000 50 35000
0 1017 0 1 214619 23 0 1000 7000 0 1 1 0 1000 50 35000
0 1019 0 1 214641 22 0 1000 7000 0 1 1 0 1000 50 35000
0 1017 0 1 214664 23 0 1000 7000 0 1 1 0 1000 50 35000
0 1014 0 1 214686 22 0 1000 7000 0 1 1 0 1000 50 35000
0 1019 0 1 214709 23 0 1000 7000 0 1 1 0 1000 50 35000
0 1017 0 1 214731 22 0 1000 7000 0 1 1 0 1000 50 35000
0 1016 0 1 214754 23 0 1000 7000 0 1 1 0 1000 50 35000
0 1020 0 1 214777 23 0 1000 7000 0 1 1 0 1000 50 35000
0 1017 0 1 214800 23 0 1000 7000 0 1 1 0 1000 50 35000
0 1018 0 1 214822 22 0 1000 7000 0 1 1 0 1000 50 35000
0 1023 0 1 214845 23 0 1000 7000 0 1 1 0 1000 50 35000
0 1017 0 1 214867 22 0 1000 7000 0 1 1 0 1000 50 35000
0 1016 0 1 214890 23 0 1000 7000 0 1 1 0 1000 50 35000
0 1018 0 1 214913 23 0 1000 7000 0 1 1 0 1000 50 35000
0 1008 0 1 214935 22 0 1000 7000 0 1 1 0 1000 50 35000
0 1018 0 1 214958 23 0 1000 7000 0 1 1 0 1000 50 35000
0 1021 0 1 214980 22 0 1000 7000 0 1 1 0 1000 50 35000
0 1013 0 1 215004 24 0 1000 7000 0 1 1 0 1000 50 35000
0 1018 0 1 215026 22 0 1000 7000 0 1 1 0 1000 50 35000
0 1017 0 1 215049 23 0 1000 7000 0 1 1 0 1000 50 35000
0 1018 0 1 215071 22 0 1000 7000 0 1 1 0 1000 50 35000
0 1023 0 1 215094 23 0 1000 7000 0 1 1 0 1000 50 35000
0 1016 0 1 215116 22 0 1000 7000 0 1 1 0 1000 50 35000
0 1018 0 1 215139 23 0 1000 7000 0 1 1 0 1000 50 35000
0 1021 0 1 215161 22 0 1000 7000 0 1 1 0 1000 50 35000
0 1016 0 1 215184 23 0 1000 7000 0 1 1 0 1000 50 35000
0 1018 0 1 215207 23 0 1000 7000 0 1 1 0 1000 50 35000
0 1018 0 1 215230 23 0 1000 7000 0 1 1 0 1000 50 35000
0 1012 0 1 215252 22 0 1000 7000 0 1 1 0 1000 50 35000
0 1018 0 1 215275 23 0 1000 7000 0 1 1 0 1000 50 35000
0 1018 0 1 215298 23 0 1000 7000 0 1 1 0 1000 50 35000
0 1013 0 1 215320 22 0 1000 7000 0 1 1 0 1000 50 35000
0 1018 0 1 215343 23 0 1000 7000 0 1 1 0 1000 50 35000
0 1019 0 1 215365 22 0 1000 7000 0 1 1 0 1000 50 35000
0 1017 0 1 215388 23 0 1000 7000 0 1 1 0 1000 50 35000
0 1018 0 1 215410 22 0 1000 7000 0 1 1 0 1000 50 35000
0 1018 0 1 215434 24 0 1000 7000 0 1 1 0 1000 50 35000
