Robot State Machine Test
0 1012 0 1 0 0 0 1000 7000 0 1 1 0 1000 50 35000
0 1019 0 1 22 22 0 1000 7000 0 1 1 0 1000 50 35000
0 1014 0 1 45 23 0 1000 7000 0 1 1 0 1000 50 35000
0 1017 0 1 67 22 0 1000 7000 0 1 1 0 1000 50 35000
0 1023 0 1 90 23 0 1000 7000 0 1 1 0 1000 50 35000
0 1016 0 1 112 22 0 1000 7000 0 1 1 0 1000 50 35000
0 1021 0 1 135 23 0 1000 7000 0 1 1 0 1000 50 35000
0 1022 0 1 157 22 0 1000 7000 0 1 1 0 1000 50 35000
0 1017 0 1 179 22 0 1000 7000 0 1 1 0 1000 50 35000
0 1019 0 1 201 22 0 1000 7000 0 1 1 0 1000 50 35000
0 1023 0 1 224 23 0 1000 7000 0 1 1 0 1000 50 35000
0 1017 0 1 246 22 0 1000 7000 0 1 1 0 1000 50 35000
0 1018 0 1 269 23 0 1000 7000 0 1 1 0 1000 50 35000
0 1023 0 1 291 22 0 1000 7000 0 1 1 0 1000 50 35000
0 1014 0 1 314 23 0 1000 7000 0 1 1 0 1000 50 35000
0 1019 0 1 336 22 0 1000 7000 0 1 1 0 1000 50 35000
0 1018 0 1 359 23 0 1000 7000 0 1 1 0 1000 50 35000
0 1014 0 1 381 22 0 1000 7000 0 1 1 0 1000 50 35000
0 1019 0 1 404 23 0 1000 7000 0 1 1 0 1000 50 35000
0 1016 0 1 427 23 0 1000 7000 0 1 1 0 1000 50 35000
0 1011 0 1 449 22 0 1000 7000 0 1 1 0 1000 50 35000
0 1019 0 1 472 23 0 1000 7000 0 1 1 0 1000 50 35000
0 1018 0 1 494 22 0 1000 7000 0 1 1 0 1000 50 35000
0 1015 0 1 517 23 0 1000 7000 0 1 1 0 1000 50 35000
0 1019 0 1 539 22 0 1000 7000 0 1 1 0 1000 50 35000
0 1017 0 1 562 23 0 1000 7000 0 1 1 0 1000 50 35000
0 1017 0 1 584 22 0 1000 7000 0 1 1 0 1000 50 35000
0 1022 0 1 607 23 0 1000 7000 0 1 1 0 1000 50 35000
0 1017 0 1 629 22 0 1000 7000 0 1 1 0 1000 50 35000
0 1017 0 1 652 23 0 1000 7000 0 1 1 0 1000 50 35000
0 1023 0 1 673 21 0 1000 7000 0 1 1 0 1000 50 35000
0 1019 0 1 696 23 0 1000 7000 0 1 1 0 1000 50 35000
0 1018 0 1 718 22 0 1000 7000 0 1 1 0 1000 50 35000
0 1022 0 1 741 23 0 1000 7000 0 1 1 0 1000 50 35000
0 1017 0 1 763 22 0 1000 7000 0 1 1 0 1000 50 35000
0 1022 0 1 786 23 0 1000 7000 0 1 1 0 1000 50 35000
0 1020 0 1 808 22 0 1000 7000 0 1 1 0 1000 50 35000
0 1012 0 1 831 23 0 1000 7000 0 1 1 0 1000 50 35000
0 1018 0 1 854 23 0 1000 7000 0 1 1 0 1000 50 35000
0 1018 0 1 876 22 0 1000 7000 0 1 1 0 1000 50 35000
0 1014 0 1 899 23 0 1000 7000 0 1 1 0 1000 50 35000
0 1019 0 1 921 22 0 1000 7000 0 1 1 0 1000 50 35000
0 1016 0 1 944 23 0 1000 7000 0 1 1 0 1000 50 35000
0 1012 0 1 966 22 0 1000 7000 0 1 1 0 1000 50 35000
0 1017 0 1 989 23 0 1000 7000 0 1 1 0 1000 50 35000
0 1017 0 1 1011 22 0 1000 7000 0 1 1 0 1000 50 35000
0 1018 0 1 1034 23 0 1000 7000 0 1 1 0 1000 50 35000
0 1021 0 1 1056 22 0 1000 7000 0 1 1 0 1000 50 35000
0 1017 0 1 1079 23 0 1000 7000 0 1 1 0 1000 50 35000
0 1021 0 1 1101 22 0 1000 7000 0 1 1 0 1000 50 35000
0 1021 0 1 1124 23 0 1000 7000 0 1 1 0 1000 50 35000
0 1018 0 1 1146 22 0 1000 7000 0 1 1 0 1000 50 35000
0 1018 0 1 1169 23 0 1000 7000 0 1 1 0 1000 50 35000
0 1023 0 1 1191 22 0 1000 7000 0 1 1 0 1000 50 35000
0 1017 0 1 1214 23 0 1000 7000 0 1 1 0 1000 50 35000
0 1018 0 1 1236 22 0 1000 7000 0 1 1 0 1000 50 35000
0 1023 0 1 1259 23 0 1000 7000 0 1 1 0 1000 50 35000
0 1008 0 1 1282 23 0 1000 7000 0 1 1 0 1000 50 35000
0 1019 0 1 1304 22 0 1000 7000 0 1 1 0 1000 50 35000
0 1018 0 1 1327 23 0 1000 7000 0 1 1 0 1000 50 35000
0 1013 0 1 1349 22 0 1000 7000 0 1 1 0 1000 50 35000
0 1019 0 1 1372 23 0 1000 7000 0 1 1 0 1000 50 35000
0 1018 0 1 1394 22 0 1000 7000 0 1 1 0 1000 50 35000
0 1013 0 1 1417 23 0 1000 7000 0 1 1 0 1000 50 35000
0 1019 0 1 1439 22 0 1000 7000 0 1 1 0 1000 50 35000
0 1016 0 1 1462 23 0 1000 7000 0 1 1 0 1000 50 35000
0 1015 0 1 1484 22 0 1000 7000 0 1 1 0 1000 50 35000
0 1023 0 1 1507 23 0 1000 7000 0 1 1 0 1000 50 35000
0 1017 0 1 1529 22 0 1000 7000 0 1 1 0 1000 50 35000
0 1017 0 1 1552 23 0 1000 7000 0 1 1 0 1000 50 35000
0 1023 0 1 1574 22 0 1000 7000 0 1 1 0 1000 50 35000
0 1016 0 1 1597 23 0 1000 7000 0 1 1 0 1000 50 35000
0 1018 0 1 1619 22 0 1000 7000 0 1 1 0 1000 50 35000
0 1019 0 1 1642 23 0 1000 7000 0 1 1 0 1000 50 35000
0 1017 0 1 1665 23 0 1000 7000 0 1 1 0 1000 50 35000
0 1018 0 1 1687 22 0 1000 7000 0 1 1 0 1000 50 35000
0 1018 0 1 1710 23 0 1000 7000 0 1 1 0 1000 50 35000
0 1013 0 1 1732 22 0 1000 7000 0 1 1 0 1000 50 35000
0 1017 0 1 1755 23 0 1000 7000 0 1 1 0 1000 50 35000
0 1017 0 1 1777 22 0 1000 7000 0 1 1 0 1000 50 35000
0 1013 0 1 1800 23 0 1000 7000 0 1 1 0 1000 50 35000
0 1018 0 1 1822 22 0 1000 7000 0 1 1 0 1000 50 35000
0 1017 0 1 1845 23 0 1000 7000 0 1 1 0 1000 50 35000
0 1016 0 1 1867 22 0 1000 7000 0 1 1 0 1000 50 35000
0 1021 0 1 1890 23 0 1000 7000 0 1 1 0 1000 50 35000
0 1017 0 1 1912 22 0 1000 7000 0 1 1 0 1000 50 35000
0 1018 0 1 1935 23 0 1000 7000 0 1 1 0 1000 50 35000
0 1022 0 1 1957 22 0 1000 7000 0 1 1 0 1000 50 35000
0 1016 0 1 1980 23 0 1000 7000 0 1 1 0 1000 50 35000
0 1017 0 1 2002 22 0 1000 7000 0 1 1 0 1000 50 35000
0 1023 0 1 2025 23 0 1000 7000 0 1 1 0 1000 50 35000
0 1017 0 1 2048 23 0 1000 7000 0 1 1 0 1000 50 35000
0 1018 0 1 2070 22 0 1000 7000 0 1 1 0 1000 50 35000
0 1021 0 1 2093 23 0 1000 7000 0 1 1 0 1000 50 35000
0 1004 0 1 2115 22 0 1000 7000 0 1 1 0 1000 50 35000
0 1018 0 1 2138 23 0 1000 7000 0 1 1 0 1000 50 35000
0 1016 0 1 2160 22 0 1000 7000 0 1 1 0 1000 50 35000
0 1007 0 1 2183 23 0 1000 7000 0 1 1 0 1000 50 35000
0 1019 0 1 2205 22 0 1000 7000 0 1 1 0 1000 50 35000
0 1017 0 1 2228 23 0 1000 7000 0 1 1 0 1000 50 35000
0 1017 0 1 2250 22 0 1000 7000 0 1 1 0 1000 50 35000
0 1019 0 1 2273 23 0 1000 7000 0 1 1 0 1000 50 35000
0 1015 0 1 2295 22 0 1000 7000 0 1 1 0 1000 50 35000
0 1009 0 1 2318 23 0 1000 7000 0 1 1 0 1000 50 35000
0 1023 0 1 2340 22 0 1000 7000 0 1 1 0 1000 50 35000
0 1016 0 1 2363 23 0 1000 7000 0 1 1 0 1000 50 35000
0 1016 0 1 2385 22 0 1000 7000 0 1 1 0 1000 50 35000
0 1023 0 1 2408 23 0 1000 7000 0 1 1 0 1000 50 35000
0 1015 0 1 2430 22 0 1000 7000 0 1 1 0 1000 50 35000
0 1019 0 1 2453 23 0 1000 7000 0 1 1 0 1000 50 35000
0 1021 0 1 2476 23 0 1000 7000 0 1 1 0 1000 50 35000
0 1017 0 1 2498 22 0 1000 7000 0 1 1 0 1000 50 35000
0 1019 0 1 2521 23 0 1000 7000 0 1 1 0 1000 50 35000
0 1018 0 1 2543 22 0 1000 7000 0 1 1 0 1000 50 35000
0 1013 0 1 2566 23 0 1000 7000 0 1 1 0 1000 50 35000
0 1019 0 1 2588 22 0 1000 7000 0 1 1 0 1000 50 35000
0 1017 0 1 2611 23 0 1000 7000 0 1 1 0 1000 50 35000
0 1011 0 1 2633 22 0 1000 7000 0 1 1 0 1000 50 35000
0 1019 0 1 2656 23 0 1000 7000 0 1 1 0 1000 50 35000
0 1016 0 1 2678 22 0 1000 7000 0 1 1 0 1000 50 35000
0 1015 0 1 2701 23 0 1000 7000 0 1 1 0 1000 50 35000
0 1021 0 1 2723 22 0 1000 7000 0 1 1 0 1000 50 35000
0 1016 0 1 2746 23 0 1000 7000 0 1 1 0 1000 50 35000
0 1023 0 1 2768 22 0 1000 7000 0 1 1 0 1000 50 35000
0 1022 0 1 2791 23 0 1000 7000 0 1 1 0 1000 50 35000
0 1019 0 1 2813 22 0 1000 7000 0 1 1 0 1000 50 35000
0 1018 0 1 2836 23 0 1000 7000 0 1 1 0 1000 50 35000
0 1022 0 1 2859 23 0 1000 7000 0 1 1 0 1000 50 35000
0 1017 0 1 2881 22 0 1000 7000 0 1 1 0 1000 50 35000
0 1021 0 1 2904 23 0 1000 7000 0 1 1 0 1000 50 35000
0 1013 0 1 2926 22 0 1000 7000 0 1 1 0 1000 50 35000
0 1010 0 1 2949 23 0 1000 7000 0 1 1 0 1000 50 35000
0 1019 0 1 2971 22 0 1000 7000 0 1 1 0 1000 50 35000
0 1018 0 1 2994 23 0 1000 7000 0 1 1 0 1000 50 35000
0 1012 0 1 3016 22 0 1000 7000 0 1 1 0 1000 50 35000
0 1018 0 1 3039 23 0 1000 7000 0 1 1 0 1000 50 35000
0 1017 0 1 3061 22 0 1000 7000 0 1 1 0 1000 50 35000
0 1014 0 1 3084 23 0 1000 7000 0 1 1 0 1000 50 35000
0 1019 0 1 3106 22 0 1000 7000 0 1 1 0 1000 50 35000
0 1015 0 1 3129 23 0 1000 7000 0 1 1 0 1000 50 35000
0 1019 0 1 3151 22 0 1000 7000 0 1 1 0 1000 50 35000
0 1021 0 1 3174 23 0 1000 7000 0 1 1 0 1000 50 35000
0 1017 0 1 3196 22 0 1000 7000 0 1 1 0 1000 50 35000
0 1017 0 1 3219 23 0 1000 7000 0 1 1 0 1000 50 35000
0 1023 0 1 3241 22 0 1000 7000 0 1 1 0 1000 50 35000
0 1016 0 1 3264 23 0 1000 7000 0 1 1 0 1000 50 35000
0 1018 0 1 3287 23 0 1000 7000 0 1 1 0 1000 50 35000
0 1019 0 1 3309 22 0 1000 7000 0 1 1 0 1000 50 35000
0 1015 0 1 3332 23 0 1000 7000 0 1 1 0 1000 50 35000
0 1019 0 1 3354 22 0 1000 7000 0 1 1 0 1000 50 35000
0 1019 0 1 3377 23 0 1000 7000 0 1 1 0 1000 50 35000
0 1015 0 1 3399 22 0 1000 7000 0 1 1 0 1000 50 35000
0 1020 0 1 3422 23 0 1000 7000 0 1 1 0 1000 50 35000
0 1018 0 1 3444 22 0 1000 7000 0 1 1 0 1000 50 35000
0 1015 0 1 3467 23 0 1000 7000 0 1 1 0 1000 50 35000
0 1019 0 1 3489 22 0 1000 7000 0 1 1 0 1000 50 35000
0 1017 0 1 3512 23 0 1000 7000 0 1 1 0 1000 50 35000
0 1014 0 1 3534 22 0 1000 7000 0 1 1 0 1000 50 35000
0 1021 0 1 3557 23 0 1000 7000 0 1 1 0 1000 50 35000
0 1014 0 1 3579 22 0 1000 7000 0 1 1 0 1000 50 35000
0 1016 0 1 3602 23 0 1000 7000 0 1 1 0 1000 50 35000
0 1022 0 1 3624 22 0 1000 7000 0 1 1 0 1000 50 35000
0 1016 0 1 3647 23 0 1000 7000 0 1 1 0 1000 50 35000
0 1018 0 1 3670 23 0 1000 7000 0 1 1 0 1000 50 35000
0 1023 0 1 3692 22 0 1000 7000 0 1 1 0 1000 50 35000
0 1015 0 1 3715 23 0 1000 7000 0 1 1 0 1000 50 35000
0 1018 0 1 3737 22 0 1000 7000 0 1 1 0 1000 50 35000
0 1019 0 1 3760 23 0 1000 7000 0 1 1 0 1000 50 35000
0 1010 0 1 3782 22 0 1000 7000 0 1 1 0 1000 50 35000
0 1019 0 1 3805 23 0 1000 7000 0 1 1 0 1000 50 35000
0 1018 0 1 3827 22 0 1000 7000 0 1 1 0 1000 50 35000
0 1011 0 1 3850 23 0 1000 7000 0 1 1 0 1000 50 35000
0 1019 0 1 3872 22 0 1000 7000 0 1 1 0 1000 50 35000
0 1015 0 1 3895 23 0 1000 7000 0 1 1 0 1000 50 35000
0 1016 0 1 3917 22 0 1000 7000 0 1 1 0 1000 50 35000
0 1018 0 1 3940 23 0 1000 7000 0 1 1 0 1000 50 35000
0 1016 0 1 3962 22 0 1000 7000 0 1 1 0 1000 50 35000
0 1013 0 1 3985 23 0 1000 7000 0 1 1 0 1000 50 35000
0 1020 0 1 4007 22 0 1000 7000 0 1 1 0 1000 50 35000
0 1016 0 1 4030 23 0 1000 7000 0 1 1 0 1000 50 35000
0 1019 0 1 4052 22 0 1000 7000 0 1 1 0 1000 50 35000
0 1023 0 1 4075 23 0 1000 7000 0 1 1 0 1000 50 35000
0 1016 0 1 4098 23 0 1000 7000 0 1 1 0 1000 50 35000
0 1017 0 1 4120 22 0 1000 7000 0 1 1 0 1000 50 35000
0 1019 0 1 4143 23 0 1000 7000 0 1 1 0 1000 50 35000
0 1015 0 1 4165 22 0 1000 7000 0 1 1 0 1000 50 35000
0 1020 0 1 4188 23 0 1000 7000 0 1 1 0 1000 50 35000
0 1019 0 1 4210 22 0 1000 7000 0 1 1 0 1000 50 35000
0 1013 0 1 4233 23 0 1000 7000 0 1 1 0 1000 50 35000
0 1018 0 1 4255 22 0 1000 7000 0 1 1 0 1000 50 35000
0 1017 0 1 4278 23 0 1000 7000 0 1 1 0 1000 50 35000
0 1013 0 1 4300 22 0 1000 7000 0 1 1 0 1000 50 35000
0 1019 0 1 4323 23 0 1000 7000 0 1 1 0 1000 50 35000
0 1016 0 1 4345 22 0 1000 7000 0 1 1 0 1000 50 35000
0 1015 0 1 4368 23 0 1000 7000 0 1 1 0 1000 50 35000
0 1023 0 1 4390 22 0 1000 7000 0 1 1 0 1000 50 35000
0 1017 0 1 4413 23 0 1000 7000 0 1 1 0 1000 50 35000
0 1016 0 1 4435 22 0 1000 7000 0 1 1 0 1000 50 35000
0 1022 0 1 4458 23 0 1000 7000 0 1 1 0 1000 50 35000
0 1016 0 1 4481 23 0 1000 7000 0 1 1 0 1000 50 35000
0 1017 0 1 4503 22 0 1000 7000 0 1 1 0 1000 50 35000
0 1020 0 1 4526 23 0 1000 7000 0 1 1 0 1000 50 35000
0 1015 0 1 4548 22 0 1000 7000 0 1 1 0 1000 50 35000
0 1019 0 1 4571 23 0 1000 7000 0 1 1 0 1000 50 35000
0 1019 0 1 4593 22 0 1000 7000 0 1 1 0 1000 50 35000
0 1005 0 1 4616 23 0 1000 7000 0 1 1 0 1000 50 35000
0 1018 0 1 4638 22 0 1000 7000 0 1 1 0 1000 50 35000
0 1016 0 1 4661 23 0 1000 7000 0 1 1 0 1000 50 35000
0 1006 0 1 4683 22 0 1000 7000 0 1 1 0 1000 50 35000
0 1019 0 1 4706 23 0 1000 7000 0 1 1 0 1000 50 35000
0 1017 0 1 4728 22 0 1000 7000 0 1 1 0 1000 50 35000
0 1014 0 1 4751 23 0 1000 7000 0 1 1 0 1000 50 35000
0 1019 0 1 4773 22 0 1000 7000 0 1 1 0 1000 50 35000
0 1018 0 1 4796 23 0 1000 7000 0 1 1 0 1000 50 35000
0 1013 0 1 4818 22 0 1000 7000 0 1 1 0 1000 50 35000
0 1023 0 1 4841 23 0 1000 7000 0 1 1 0 1000 50 35000
0 1016 0 1 4864 23 0 1000 7000 0 1 1 0 1000 50 35000
0 1017 0 1 4886 22 0 1000 7000 0 1 1 0 1000 50 35000
0 1023 0 1 4909 23 0 1000 7000 0 1 1 0 1000 50 35000
0 1016 0 1 4931 22 0 1000 7000 0 1 1 0 1000 50 35000
0 1018 0 1 4954 23 0 1000 7000 0 1 1 0 1000 50 35000
0 1018 0 1 4976 22 0 1000 7000 0 1 1 0 1000 50 35000
0 1014 0 1 4999 23 0 1000 7000 0 1 1 0 1000 50 35000
0 1018 0 1 5021 22 0 1000 7000 0 1 1 0 1000 50 35000
0 1018 0 1 5044 23 0 1000 7000 0 1 1 0 1000 50 35000
0 1014 0 1 5066 22 0 1000 7000 0 1 1 0 1000 50 35000
0 1019 0 1 5089 23 0 1000 7000 0 1 1 0 1000 50 35000
0 1017 0 1 5111 22 0 1000 7000 0 1 1 0 1000 50 35000
0 1018 0 1 5134 23 0 1000 7000 0 1 1 0 1000 50 35000
0 1019 0 1 5156 22 0 1000 7000 0 1 1 0 1000 50 35000
0 1016 0 1 5179 23 0 1000 7000 0 1 1 0 1000 50 35000
0 1016 0 1 5201 22 0 1000 7000 0 1 1 0 1000 50 35000
0 1021 0 1 5224 23 0 1000 7000 0 1 1 0 1000 50 35000
0 1017 0 1 5246 22 0 1000 7000 0 1 1 0 1000 50 35000
0 1017 0 1 5269 23 0 1000 7000 0 1 1 0 1000 50 35000
0 1022 0 1 5292 23 0 1000 7000 0 1 1 0 1000 50 35000
0 1016 0 1 5314 22 0 1000 7000 0 1 1 0 1000 50 35000
0 1017 0 1 5337 23 0 1000 7000 0 1 1 0 1000 50 35000
0 1020 0 1 5359 22 0 1000 7000 0 1 1 0 1000 50 35000
0 1018 0 1 5382 23 0 1000 7000 0 1 1 0 1000 50 35000
0 1019 0 1 5404 22 0 1000 7000 0 1 1 0 1000 50 35000
0 1010 0 1 5427 23 0 1000 7000 0 1 1 0 1000 50 35000
0 1013 0 1 5449 22 0 1000 7000 0 1 1 0 1000 50 35000
0 1020 0 1 5472 23 0 1000 7000 0 1 1 0 1000 50 35000
0 1018 0 1 5494 22 0 1000 7000 0 1 1 0 1000 50 35000
0 1012 0 1 5517 23 0 1000 7000 0 1 1 0 1000 50 35000
0 1018 0 1 5539 22 0 1000 7000 0 1 1 0 1000 50 35000
0 1016 0 1 5562 23 0 1000 7000 0 1 1 0 1000 50 35000
0 1017 0 1 5584 22 0 1000 7000 0 1 1 0 1000 50 35000
0 1019 0 1 5607 23 0 1000 7000 0 1 1 0 1000 50 35000
0 1016 0 1 5629 22 0 1000 7000 0 1 1 0 1000 50 35000
0 1016 0 1 5652 23 0 1000 7000 0 1 1 0 1000 50 35000
0 1021 0 1 5675 23 0 1000 7000 0 1 1 0 1000 50 35000
0 1016 0 1 5697 22 0 1000 7000 0 1 1 0 1000 50 35000
0 1017 0 1 5720 23 0 1000 7000 0 1 1 0 1000 50 35000
0 1022 0 1 5742 22 0 1000 7000 0 1 1 0 1000 50 35000
0 1018 0 1 5765 23 0 1000 7000 0 1 1 0 1000 50 35000
0 1017 0 1 5787 22 0 1000 7000 0 1 1 0 1000 50 35000
0 1019 0 1 5810 23 0 1000 7000 0 1 1 0 1000 50 35000
0 1010 0 1 5832 22 0 1000 7000 0 1 1 0 1000 50 35000
0 1017 0 1 5855 23 0 1000 7000 0 1 1 0 1000 50 35000
0 1018 0 1 5877 22 0 1000 7000 0 1 1 0 1000 50 35000
0 1008 0 1 5900 23 0 1000 7000 0 1 1 0 1000 50 35000
0 1019 0 1 5922 22 0 1000 7000 0 1 1 0 1000 50 35000
0 1017 0 1 5945 23 0 1000 7000 0 1 1 0 1000 50 35000
0 1010 0 1 5967 22 0 1000 7000 0 1 1 0 1000 50 35000
0 1018 0 1 5990 23 0 1000 7000 0 1 1 0 1000 50 35000
0 1016 0 1 6012 22 0 1000 7000 0 1 1 0 1000 50 35000
0 1015 0 1 6035 23 0 1000 7000 0 1 1 0 1000 50 35000
0 1022 0 1 6057 22 0 1000 7000 0 1 1 0 1000 50 35000
0 1017 0 1 6080 23 0 1000 7000 0 1 1 0 1000 50 35000
0 1014 0 1 6103 23 0 1000 7000 0 1 1 0 1000 50 35000
0 1023 0 1 6125 22 0 1000 7000 0 1 1 0 1000 50 35000
0 1017 0 1 6148 23 0 1000 7000 0 1 1 0 1000 50 35000
0 1018 0 1 6170 22 0 1000 7000 0 1 1 0 1000 50 35000
0 1022 0 1 6194 24 0 1000 7000 0 1 1 0 1000 50 35000
0 1016 0 1 6216 22 0 1000 7000 0 1 1 0 1000 50 35000
0 1019 0 1 6239 23 0 1000 7000 0 1 1 0 1000 50 35000
0 1018 0 1 6261 22 0 1000 7000 0 1 1 0 1000 50 35000
0 1013 0 1 6284 23 0 1000 7000 0 1 1 0 1000 50 35000
0 1018 0 1 6306 22 0 1000 7000 0 1 1 0 1000 50 35000
0 1017 0 1 6329 23 0 1000 7000 0 1 1 0 1000 50 35000
0 1010 0 1 6351 22 0 1000 7000 0 1 1 0 1000 50 35000
0 1019 0 1 6374 23 0 1000 7000 0 1 1 0 1000 50 35000
0 1016 0 1 6396 22 0 1000 7000 0 1 1 0 1000 50 35000
0 1013 0 1 6419 23 0 1000 7000 0 1 1 0 1000 50 35000
0 1023 0 1 6441 22 0 1000 7000 0 1 1 0 1000 50 35000
0 1016 0 1 6464 23 0 1000 7000 0 1 1 0 1000 50 35000
0 1016 0 1 6487 23 0 1000 7000 0 1 1 0 1000 50 35000
0 1023 0 1 6509 22 0 1000 7000 0 1 1 0 1000 50 35000
0 1016 0 1 6532 23 0 1000 7000 0 1 1 0 1000 50 35000
0 1017 0 1 6554 22 0 1000 7000 0 1 1 0 1000 50 35000
0 1021 0 1 6577 23 0 1000 7000 0 1 1 0 1000 50 35000
0 1016 0 1 6599 22 0 1000 7000 0 1 1 0 1000 50 35000
0 1018 0 1 6622 23 0 1000 7000 0 1 1 0 1000 50 35000
0 1020 0 1 6644 22 0 1000 7000 0 1 1 0 1000 50 35000
0 1007 0 1 6667 23 0 1000 7000 0 1 1 0 1000 50 35000
0 1018 0 1 6689 22 0 1000 7000 0 1 1 0 1000 50 35000
0 1020 0 1 6712 23 0 1000 7000 0 1 1 0 1000 50 35000
0 1012 0 1 6734 22 0 1000 7000 0 1 1 0 1000 50 35000
0 1017 0 1 6757 23 0 1000 7000 0 1 1 0 1000 50 35000
0 1018 0 1 6779 22 0 1000 7000 0 1 1 0 1000 50 35000
0 1013 0 1 6802 23 0 1000 7000 0 1 1 0 1000 50 35000
0 1019 0 1 6824 22 0 1000 7000 0 1 1 0 1000 50 35000
0 1016 0 1 6847 23 0 1000 7000 0 1 1 0 1000 50 35000
0 1014 0 1 6870 23 0 1000 7000 0 1 1 0 1000 50 35000
0 1023 0 1 6892 22 0 1000 7000 0 1 1 0 1000 50 35000
0 1016 0 1 6915 23 0 1000 7000 0 1 1 0 1000 50 35000
0 1016 0 1 6937 22 0 1000 7000 0 1 1 0 1000 50 35000
0 1023 0 1 6960 23 0 1000 7000 0 1 1 0 1000 50 35000
0 1015 0 1 6982 22 0 1000 7000 0 1 1 0 1000 50 35000
0 1017 0 1 7005 23 0 1000 7000 0 1 1 0 1000 50 35000
0 1021 0 1 7027 22 0 1000 7000 0 1 1 0 1000 50 35000
0 1011 0 1 7050 23 0 1000 7000 0 1 1 0 1000 50 35000
0 1020 0 1 7072 22 0 1000 7000 0 1 1 0 1000 50 35000
0 1016 0 1 7095 23 0 1000 7000 0 1 1 0 1000 50 35000
0 1013 0 1 7117 22 0 1000 7000 0 1 1 0 1000 50 35000
0 1020 0 1 7140 23 0 1000 7000 0 1 1 0 1000 50 35000
0 1015 0 1 7162 22 0 1000 7000 0 1 1 0 1000 50 35000
0 1016 0 1 7185 23 0 1000 7000 0 1 1 0 1000 50 35000
0 1016 0 1 7207 22 0 1000 7000 0 1 1 0 1000 50 35000
0 989 0 1 7230 23 0 1000 7000 0 1 1 0 1000 50 35000
0 970 0 1 7252 22 0 1000 7000 0 1 1 0 1000 50 35000
0 1023 0 1 7275 23 0 1000 7000 0 1 1 0 1000 50 35000
0 970 0 1 7298 23 0 1000 7000 0 1 1 0 1000 50 35000
0 973 0 1 7320 22 0 1000 7000 0 1 1 0 1000 50 35000
0 1011 0 1 7343 23 0 1000 7000 0 1 1 0 1000 50 35000
0 966 0 1 7365 22 0 1000 7000 0 1 1 0 1000 50 35000
0 971 0 1 7388 23 0 1000 7000 0 1 1 0 1000 50 35000
0 1004 0 1 7410 22 0 1000 7000 0 1 1 0 1000 50 35000
0 963 0 1 7433 23 0 1000 7000 0 1 1 0 1000 50 35000
0 969 0 1 7455 22 0 1000 7000 0 1 1 0 1000 50 35000
0 972 0 1 7478 23 0 1000 7000 0 1 1 0 1000 50 35000
0 897 0 1 7500 22 0 1000 7000 0 1 1 0 1000 50 35000
0 967 0 1 7523 23 0 1000 7000 0 1 1 0 1000 50 35000
0 964 0 1 7544 21 0 1000 7000 0 1 1 0 1000 50 35000
0 926 0 1 7567 23 0 1000 7000 0 1 1 0 1000 50 35000
0 968 0 1 7589 22 0 1000 7000 0 1 1 0 1000 50 35000
0 962 0 1 7612 23 0 1000 7000 0 1 1 0 1000 50 35000
0 931 0 1 7634 22 0 1000 7000 0 1 1 0 1000 50 35000
0 967 0 1 7657 23 0 1000 7000 0 1 1 0 1000 50 35000
0 960 0 1 7680 23 0 1000 7000 0 1 1 0 1000 50 35000
0 945 0 1 7702 22 0 1000 7000 0 1 1 0 1000 50 35000
0 1023 0 1 7725 23 0 1000 7000 0 1 1 0 1000 50 35000
0 960 0 1 7747 22 0 1000 7000 0 1 1 0 1000 50 35000
0 961 0 1 7770 23 0 1000 7000 0 1 1 0 1000 50 35000
0 1015 0 1 7792 22 0 1000 7000 0 1 1 0 1000 50 35000
0 958 0 1 7815 23 0 1000 7000 0 1 1 0 1000 50 35000
0 965 0 1 7837 22 0 1000 7000 0 1 1 0 1000 50 35000
0 998 0 1 7860 23 0 1000 7000 0 1 1 0 1000 50 35000
0 963 0 1 7882 22 0 1000 7000 0 1 1 0 1000 50 35000
0 973 0 1 7905 23 0 1000 7000 0 1 1 0 1000 50 35000
0 982 0 1 7927 22 0 1000 7000 0 1 1 0 1000 50 35000
0 915 0 1 7950 23 0 1000 7000 0 1 1 0 1000 50 35000
0 980 0 1 7972 22 0 1000 7000 0 1 1 0 1000 50 35000
0 979 0 1 7995 23 0 1000 7000 0 1 1 0 1000 50 35000
0 952 0 1 8017 22 0 1000 7000 0 1 1 0 1000 50 35000
0 987 0 1 8040 23 0 1000 7000 0 1 1 0 1000 50 35000
0 1007 0 1 8062 22 0 1000 7000 0 1 1 0 1000 50 35000
0 966 0 1 8085 23 0 1000 7000 0 1 1 0 1000 50 35000
0 1023 0 1 8108 23 0 1000 7000 0 1 1 0 1000 50 35000
0 1020 0 1 8130 22 0 1000 7000 0 1 1 0 1000 50 35000
0 1013 0 1 8153 23 0 1000 7000 0 1 1 0 1000 50 35000
0 1020 0 1 8175 22 0 1000 7000 0 1 1 0 1000 50 35000
0 1016 0 1 8198 23 0 1000 7000 0 1 1 0 1000 50 35000
0 1017 0 1 8220 22 0 1000 7000 0 1 1 0 1000 50 35000
0 1020 0 1 8243 23 0 1000 7000 0 1 1 0 1000 50 35000
0 1016 0 1 8265 22 0 1000 7000 0 1 1 0 1000 50 35000
0 1018 0 1 8288 23 0 1000 7000 0 1 1 0 1000 50 35000
0 1018 0 1 8310 22 0 1000 7000 0 1 1 0 1000 50 35000
0 1018 0 1 8333 23 0 1000 7000 0 1 1 0 1000 50 35000
0 1016 0 1 8355 22 0 1000 7000 0 1 1 0 1000 50 35000
0 1017 0 1 8378 23 0 1000 7000 0 1 1 0 1000 50 35000
0 1013 0 1 8400 22 0 1000 7000 0 1 1 0 1000 50 35000
0 1018 0 1 8423 23 0 1000 7000 0 1 1 0 1000 50 35000
0 1016 0 1 8445 22 0 1000 7000 0 1 1 0 1000 50 35000
0 1014 0 1 8468 23 0 1000 7000 0 1 1 0 1000 50 35000
0 1018 0 1 8491 23 0 1000 7000 0 1 1 0 1000 50 35000
0 1016 0 1 8513 22 0 1000 7000 0 1 1 0 1000 50 35000
0 1017 0 1 8536 23 0 1000 7000 0 1 1 0 1000 50 35000
0 1017 0 1 8558 22 0 1000 7000 0 1 1 0 1000 50 35000
0 1016 0 1 8581 23 0 1000 7000 0 1 1 0 1000 50 35000
0 1018 0 1 8603 22 0 1000 7000 0 1 1 0 1000 50 35000
0 1017 0 1 8626 23 0 1000 7000 0 1 1 0 1000 50 35000
0 1016 0 1 8648 22 0 1000 7000 0 1 1 0 1000 50 35000
0 1018 0 1 8671 23 0 1000 7000 0 1 1 0 1000 50 35000
0 1019 0 1 8693 22 0 1000 7000 0 1 1 0 1000 50 35000
0 1014 0 1 8716 23 0 1000 7000 0 1 1 0 1000 50 35000
0 1018 0 1 8738 22 0 1000 7000 0 1 1 0 1000 50 35000
0 1016 0 1 8761 23 0 1000 7000 0 1 1 0 1000 50 35000
0 1013 0 1 8783 22 0 1000 7000 0 1 1 0 1000 50 35000
0 1019 0 1 8806 23 0 1000 7000 0 1 1 0 1000 50 35000
0 1016 0 1 8828 22 0 1000 7000 0 1 1 0 1000 50 35000
0 1015 0 1 8851 23 0 1000 7000 0 1 1 0 1000 50 35000
0 1017 0 1 8873 22 0 1000 7000 0 1 1 0 1000 50 35000
0 1017 0 1 8896 23 0 1000 7000 0 1 1 0 1000 50 35000
0 1015 0 1 8919 23 0 1000 7000 0 1 1 0 1000 50 35000
0 1017 0 1 8941 22 0 1000 7000 0 1 1 0 1000 50 35000
0 1016 0 1 8964 23 0 1000 7000 0 1 1 0 1000 50 35000
0 1017 0 1 8986 22 0 1000 7000 0 1 1 0 1000 50 35000
0 1021 0 1 9009 23 0 1000 7000 0 1 1 0 1000 50 35000
0 1014 0 1 9031 22 0 1000 7000 0 1 1 0 1000 50 35000
0 1016 0 1 9054 23 0 1000 7000 0 1 1 0 1000 50 35000
0 1023 0 1 9076 22 0 1000 7000 0 1 1 0 1000 50 35000
0 1016 0 1 9099 23 0 1000 7000 0 1 1 0 1000 50 35000
0 1018 0 1 9121 22 0 1000 7000 0 1 1 0 1000 50 35000
0 1018 0 1 9144 23 0 1000 7000 0 1 1 0 1000 50 35000
0 1016 0 1 9166 22 0 1000 7000 0 1 1 0 1000 50 35000
0 1017 0 1 9189 23 0 1000 7000 0 1 1 0 1000 50 35000
0 1015 0 1 9211 22 0 1000 7000 0 1 1 0 1000 50 35000
0 1005 0 1 9234 23 0 1000 7000 0 1 1 0 1000 50 35000
0 1015 0 1 9256 22 0 1000 7000 0 1 1 0 1000 50 35000
0 1017 0 1 9279 23 0 1000 7000 0 1 1 0 1000 50 35000
0 1016 0 1 9302 23 0 1000 7000 0 1 1 0 1000 50 35000
0 1015 0 1 9324 22 0 1000 7000 0 1 1 0 1000 50 35000
0 1015 0 1 9347 23 0 1000 7000 0 1 1 0 1000 50 35000
0 1017 0 1 9369 22 0 1000 7000 0 1 1 0 1000 50 35000
0 1018 0 1 9392 23 0 1000 7000 0 1 1 0 1000 50 35000
0 1018 0 1 9414 22 0 1000 7000 0 1 1 0 1000 50 35000
0 1015 0 1 9437 23 0 1000 7000 0 1 1 0 1000 50 35000
0 1023 0 1 9459 22 0 1000 7000 0 1 1 0 1000 50 35000
0 1015 0 1 9482 23 0 1000 7000 0 1 1 0 1000 50 35000
0 1017 0 1 9504 22 0 1000 7000 0 1 1 0 1000 50 35000
0 1012 0 1 9527 23 0 1000 7000 0 1 1 0 1000 50 35000
0 976 0 1 9549 22 0 1000 7000 0 1 1 0 1000 50 35000
0 972 0 1 9572 23 0 1000 7000 0 1 1 0 1000 50 35000
0 968 0 1 9594 22 0 1000 7000 0 1 1 0 1000 50 35000
0 910 0 1 9617 23 0 1000 7000 0 1 1 0 1000 50 35000
0 961 0 1 9639 22 0 1000 7000 0 1 1 0 1000 50 35000
0 957 0 1 9662 23 0 1000 7000 0 1 1 0 1000 50 35000
0 930 0 1 9684 22 0 1000 7000 0 1 1 0 1000 50 35000
0 958 0 1 9707 23 0 1000 7000 0 1 1 0 1000 50 35000
0 954 0 1 9730 23 0 1000 7000 0 1 1 0 1000 50 35000
0 916 0 1 9752 22 0 1000 7000 0 1 1 0 1000 50 35000
0 962 0 1 9775 23 0 1000 7000 0 1 1 0 1000 50 35000
0 959 0 1 9797 22 0 1000 7000 0 1 1 0 1000 50 35000
0 949 0 1 9820 23 0 1000 7000 0 1 1 0 1000 50 35000
0 971 0 1 9842 22 0 1000 7000 0 1 1 0 1000 50 35000
0 965 0 1 9865 23 0 1000 7000 0 1 1 0 1000 50 35000
0 968 0 1 9887 22 0 1000 7000 0 1 1 0 1000 50 35000
0 1000 0 1 9909 22 0 1000 7000 0 1 1 0 1000 50 35000
0 970 0 1 9932 23 0 1000 7000 0 1 1 0 1000 50 35000
0 972 0 1 9954 22 0 1000 7000 0 1 1 0 1000 50 35000
0 1015 0 1 9976 22 0 1000 7000 0 1 1 0 1000 50 35000
0 964 0 1 9999 23 0 1000 7000 0 1 1 0 1000 50 35000
0 967 0 1 10021 22 0 1000 7000 0 1 1 0 1000 50 35000
0 986 0 1 10044 23 0 1000 7000 0 1 1 0 1000 50 35000
0 926 0 1 10066 22 0 1000 7000 0 1 1 0 1000 50 35000
0 969 0 1 10089 23 0 1000 7000 0 1 1 0 1000 50 35000
0 966 0 1 10112 23 0 1000 7000 0 1 1 0 1000 50 35000
0 933 0 1 10135 23 0 1000 7000 0 1 1 0 1000 50 35000
0 964 0 1 10158 23 0 1000 7000 0 1 1 0 1000 50 35000
0 958 0 1 10180 22 0 1000 7000 0 1 1 0 1000 50 35000
0 923 0 1 10203 23 0 1000 7000 0 1 1 0 1000 50 35000
0 961 0 1 10225 22 0 1000 7000 0 1 1 0 1000 50 35000
0 954 0 1 10248 23 0 1000 7000 0 1 1 0 1000 50 35000
0 946 0 1 10270 22 0 1000 7000 0 1 1 0 1000 50 35000
0 1021 0 1 10293 23 0 1000 7000 0 1 1 0 1000 50 35000
0 957 0 1 10315 22 0 1000 7000 0 1 1 0 1000 50 35000
0 959 0 1 10338 23 0 1000 7000 0 1 1 0 1000 50 35000
0 1007 0 1 10360 22 0 1000 7000 0 1 1 0 1000 50 35000
0 957 0 1 10383 23 0 1000 7000 0 1 1 0 1000 50 35000
0 959 0 1 10405 22 0 1000 7000 0 1 1 0 1000 50 35000
0 982 0 1 10428 23 0 1000 7000 0 1 1 0 1000 50 35000
0 959 0 1 10450 22 0 1000 7000 0 1 1 0 1000 50 35000
0 973 0 1 10473 23 0 1000 7000 0 1 1 0 1000 50 35000
0 977 0 1 10496 23 0 1000 7000 0 1 1 0 1000 50 35000
0 944 0 1 10518 22 0 1000 7000 0 1 1 0 1000 50 35000
0 975 0 1 10541 23 0 1000 7000 0 1 1 0 1000 50 35000
0 971 0 1 10563 22 0 1000 7000 0 1 1 0 1000 50 35000
0 924 0 1 10586 23 0 1000 7000 0 1 1 0 1000 50 35000
0 972 0 1 10608 22 0 1000 7000 0 1 1 0 1000 50 35000
0 965 0 1 10631 23 0 1000 7000 0 1 1 0 1000 50 35000
0 953 0 1 10653 22 0 1000 7000 0 1 1 0 1000 50 35000
0 1021 0 1 10676 23 0 1000 7000 0 1 1 0 1000 50 35000
0 960 0 1 10698 22 0 1000 7000 0 1 1 0 1000 50 35000
0 959 0 1 10721 23 0 1000 7000 0 1 1 0 1000 50 35000
0 990 0 1 10743 22 0 1000 7000 0 1 1 0 1000 50 35000
0 959 0 1 10766 23 0 1000 7000 0 1 1 0 1000 50 35000
0 965 0 1 10788 22 0 1000 7000 0 1 1 0 1000 50 35000
0 1014 0 1 10811 23 0 1000 7000 0 1 1 0 1000 50 35000
0 955 0 1 10833 22 0 1000 7000 0 1 1 0 1000 50 35000
0 963 0 1 10856 23 0 1000 7000 0 1 1 0 1000 50 35000
0 1000 0 1 10878 22 0 1000 7000 0 1 1 0 1000 50 35000
0 906 0 1 10901 23 0 1000 7000 0 1 1 0 1000 50 35000
0 958 0 1 10924 23 0 1000 7000 0 1 1 0 1000 50 35000
0 957 0 1 10946 22 0 1000 7000 0 1 1 0 1000 50 35000
0 906 0 1 10969 23 0 1000 7000 0 1 1 0 1000 50 35000
0 960 0 1 10991 22 0 1000 7000 0 1 1 0 1000 50 35000
0 957 0 1 11014 23 0 1000 7000 0 1 1 0 1000 50 35000
0 931 0 1 11036 22 0 1000 7000 0 1 1 0 1000 50 35000
0 959 0 1 11059 23 0 1000 7000 0 1 1 0 1000 50 35000
0 948 0 1 11081 22 0 1000 7000 0 1 1 0 1000 50 35000
0 952 0 1 11104 23 0 1000 7000 0 1 1 0 1000 50 35000
0 989 0 1 11126 22 0 1000 7000 0 1 1 0 1000 50 35000
0 952 0 1 11149 23 0 1000 7000 0 1 1 0 1000 50 35000
0 956 0 1 11171 22 0 1000 7000 0 1 1 0 1000 50 35000
0 1003 0 1 11194 23 0 1000 7000 0 1 1 0 1000 50 35000
0 951 0 1 11216 22 0 1000 7000 0 1 1 0 1000 50 35000
0 956 0 1 11239 23 0 1000 7000 0 1 1 0 1000 50 35000
0 967 0 1 11261 22 0 1000 7000 0 1 1 0 1000 50 35000
0 895 0 1 11284 23 0 1000 7000 0 1 1 0 1000 50 35000
0 961 0 1 11307 23 0 1000 7000 0 1 1 0 1000 50 35000
0 961 0 1 11329 22 0 1000 7000 0 1 1 0 1000 50 35000
0 927 0 1 11352 23 0 1000 7000 0 1 1 0 1000 50 35000
0 961 0 1 11374 22 0 1000 7000 0 1 1 0 1000 50 35000
0 956 0 1 11397 23 0 1000 7000 0 1 1 0 1000 50 35000
0 925 0 1 11419 22 0 1000 7000 0 1 1 0 1000 50 35000
0 960 0 1 11442 23 0 1000 7000 0 1 1 0 1000 50 35000
0 953 0 1 11464 22 0 1000 7000 0 1 1 0 1000 50 35000
0 944 0 1 11487 23 0 1000 7000 0 1 1 0 1000 50 35000
0 1014 0 1 11509 22 0 1000 7000 0 1 1 0 1000 50 35000
0 952 0 1 11532 23 0 1000 7000 0 1 1 0 1000 50 35000
0 954 0 1 11554 22 0 1000 7000 0 1 1 0 1000 50 35000
0 1002 0 1 11577 23 0 1000 7000 0 1 1 0 1000 50 35000
0 951 0 1 11599 22 0 1000 7000 0 1 1 0 1000 50 35000
0 958 0 1 11622 23 0 1000 7000 0 1 1 0 1000 50 35000
0 973 0 1 11644 22 0 1000 7000 0 1 1 0 1000 50 35000
0 951 0 1 11667 23 0 1000 7000 0 1 1 0 1000 50 35000
0 962 0 1 11689 22 0 1000 7000 0 1 1 0 1000 50 35000
0 962 0 1 11712 23 0 1000 7000 0 1 1 0 1000 50 35000
0 926 0 1 11735 23 0 1000 7000 0 1 1 0 1000 50 35000
0 958 0 1 11757 22 0 1000 7000 0 1 1 0 1000 50 35000
0 956 0 1 11780 23 0 1000 7000 0 1 1 0 1000 50 35000
0 913 0 1 11802 22 0 1000 7000 0 1 1 0 1000 50 35000
0 960 0 1 11825 23 0 1000 7000 0 1 1 0 1000 50 35000
0 956 0 1 11847 22 0 1000 7000 0 1 1 0 1000 50 35000
0 945 0 1 11870 23 0 1000 7000 0 1 1 0 1000 50 35000
0 1010 0 1 11892 22 0 1000 7000 0 1 1 0 1000 50 35000
0 954 0 1 11915 23 0 1000 7000 0 1 1 0 1000 50 35000
0 954 0 1 11937 22 0 1000 7000 0 1 1 0 1000 50 35000
0 985 0 1 11960 23 0 1000 7000 0 1 1 0 1000 50 35000
0 954 0 1 11982 22 0 1000 7000 0 1 1 0 1000 50 35000
0 958 0 1 12005 23 0 1000 7000 0 1 1 0 1000 50 35000
0 988 0 1 12027 22 0 1000 7000 0 1 1 0 1000 50 35000
0 958 0 1 12051 24 0 1000 7000 0 1 1 0 1000 50 35000
0 962 0 1 12073 22 0 1000 7000 0 1 1 0 1000 50 35000
0 969 0 1 12096 23 0 1000 7000 0 1 1 0 1000 50 35000
0 907 0 1 12119 23 0 1000 7000 0 1 1 0 1000 50 35000
0 961 0 1 12141 22 0 1000 7000 0 1 1 0 1000 50 35000
0 959 0 1 12164 23 0 1000 7000 0 1 1 0 1000 50 35000
0 919 0 1 12186 22 0 1000 7000 0 1 1 0 1000 50 35000
0 963 0 1 12209 23 0 1000 7000 0 1 1 0 1000 50 35000
0 958 0 1 12231 22 0 1000 7000 0 1 1 0 1000 50 35000
0 943 0 1 12254 23 0 1000 7000 0 1 1 0 1000 50 35000
0 964 0 1 12276 22 0 1000 7000 0 1 1 0 1000 50 35000
0 955 0 1 12299 23 0 1000 7000 0 1 1 0 1000 50 35000
0 954 0 1 12321 22 0 1000 7000 0 1 1 0 1000 50 35000
0 993 0 1 12344 23 0 1000 7000 0 1 1 0 1000 50 35000
0 960 0 1 12366 22 0 1000 7000 0 1 1 0 1000 50 35000
0 963 0 1 12389 23 0 1000 7000 0 1 1 0 1000 50 35000
0 1000 0 1 12411 22 0 1000 7000 0 1 1 0 1000 50 35000
0 959 0 1 12434 23 0 1000 7000 0 1 1 0 1000 50 35000
0 966 0 1 12456 22 0 1000 7000 0 1 1 0 1000 50 35000
0 977 0 1 12479 23 0 1000 7000 0 1 1 0 1000 50 35000
0 913 0 1 12502 23 0 1000 7000 0 1 1 0 1000 50 35000
0 967 0 1 12524 22 0 1000 7000 0 1 1 0 1000 50 35000
0 967 0 1 12547 23 0 1000 7000 0 1 1 0 1000 50 35000
0 933 0 1 12569 22 0 1000 7000 0 1 1 0 1000 50 35000
0 969 0 1 12592 23 0 1000 7000 0 1 1 0 1000 50 35000
0 964 0 1 12614 22 0 1000 7000 0 1 1 0 1000 50 35000
0 936 0 1 12637 23 0 1000 7000 0 1 1 0 1000 50 35000
0 968 0 1 12659 22 0 1000 7000 0 1 1 0 1000 50 35000
0 963 0 1 12682 23 0 1000 7000 0 1 1 0 1000 50 35000
0 960 0 1 12704 22 0 1000 7000 0 1 1 0 1000 50 35000
0 1006 0 1 12727 23 0 1000 7000 0 1 1 0 1000 50 35000
0 970 0 1 12749 22 0 1000 7000 0 1 1 0 1000 50 35000
0 975 0 1 12772 23 0 1000 7000 0 1 1 0 1000 50 35000
0 1009 0 1 12794 22 0 1000 7000 0 1 1 0 1000 50 35000
0 980 0 1 12817 23 0 1000 7000 0 1 1 0 1000 50 35000
0 995 0 1 12839 22 0 1000 7000 0 1 1 0 1000 50 35000
0 1002 0 1 12862 23 0 1000 7000 0 1 1 0 1000 50 35000
0 917 0 1 12884 22 0 1000 7000 0 1 1 0 1000 50 35000
0 1006 0 1 12907 23 0 1000 7000 0 1 1 0 1000 50 35000
0 1016 0 1 12930 23 0 1000 7000 0 1 1 0 1000 50 35000
0 961 0 1 12952 22 0 1000 7000 0 1 1 0 1000 50 35000
0 1015 0 1 12975 23 0 1000 7000 0 1 1 0 1000 50 35000
0 1005 0 1 12997 22 0 1000 7000 0 1 1 0 1000 50 35000
0 961 0 1 13020 23 0 1000 7000 0 1 1 0 1000 50 35000
0 1010 0 1 13042 22 0 1000 7000 0 1 1 0 1000 50 35000
0 1019 0 1 13065 23 0 1000 7000 0 1 1 0 1000 50 35000
0 1016 0 1 13087 22 0 1000 7000 0 1 1 0 1000 50 35000
0 1019 0 1 13110 23 0 1000 7000 0 1 1 0 1000 50 35000
0 1015 0 1 13132 22 0 1000 7000 0 1 1 0 1000 50 35000
0 1013 0 1 13155 23 0 1000 7000 0 1 1 0 1000 50 35000
0 1023 0 1 13178 23 0 1000 7000 0 1 1 0 1000 50 35000
0 1004 0 1 13201 23 0 1000 7000 0 1 1 0 1000 50 35000
0 1008 0 1 13223 22 0 1000 7000 0 1 1 0 1000 50 35000
0 1010 0 1 13246 23 0 1000 7000 0 1 1 0 1000 50 35000
0 939 0 1 13268 22 0 1000 7000 0 1 1 0 1000 50 35000
0 1011 0 1 13291 23 0 1000 7000 0 1 1 0 1000 50 35000
0 1012 0 1 13314 23 0 1000 7000 0 1 1 0 1000 50 35000
0 970 0 1 13336 22 0 1000 7000 0 1 1 0 1000 50 35000
0 1012 0 1 13359 23 0 1000 7000 0 1 1 0 1000 50 35000
0 1012 0 1 13381 22 0 1000 7000 0 1 1 0 1000 50 35000
0 1017 0 1 13404 23 0 1000 7000 0 1 1 0 1000 50 35000
0 1017 0 1 13426 22 0 1000 7000 0 1 1 0 1000 50 35000
0 1013 0 1 13449 23 0 1000 7000 0 1 1 0 1000 50 35000
0 1007 0 1 13471 22 0 1000 7000 0 1 1 0 1000 50 35000
0 1023 0 1 13494 23 0 1000 7000 0 1 1 0 1000 50 35000
0 1001 0 1 13516 22 0 1000 7000 0 1 1 0 1000 50 35000
0 1004 0 1 13539 23 0 1000 7000 0 1 1 0 1000 50 35000
0 1023 0 1 13561 22 0 1000 7000 0 1 1 0 1000 50 35000
0 1001 0 1 13584 23 0 1000 7000 0 1 1 0 1000 50 35000
0 1006 0 1 13606 22 0 1000 7000 0 1 1 0 1000 50 35000
0 1011 0 1 13629 23 0 1000 7000 0 1 1 0 1000 50 35000
0 949 0 1 13652 23 0 1000 7000 0 1 1 0 1000 50 35000
0 1003 0 1 13675 23 0 1000 7000 0 1 1 0 1000 50 35000
0 997 0 1 13698 23 0 1000 7000 0 1 1 0 1000 50 35000
0 944 0 1 13720 22 0 1000 7000 0 1 1 0 1000 50 35000
0 1006 0 1 13743 23 0 1000 7000 0 1 1 0 1000 50 35000
0 998 0 1 13765 22 0 1000 7000 0 1 1 0 1000 50 35000
0 985 0 1 13788 23 0 1000 7000 0 1 1 0 1000 50 35000
0 1023 0 1 13810 22 0 1000 7000 0 1 1 0 1000 50 35000
0 994 0 1 13833 23 0 1000 7000 0 1 1 0 1000 50 35000
0 996 0 1 13855 22 0 1000 7000 0 1 1 0 1000 50 35000
0 1023 0 1 13878 23 0 1000 7000 0 1 1 0 1000 50 35000
0 994 0 1 13900 22 0 1000 7000 0 1 1 0 1000 50 35000
0 999 0 1 13923 23 0 1000 7000 0 1 1 0 1000 50 35000
0 1023 0 1 13945 22 0 1000 7000 0 1 1 0 1000 50 35000
0 1003 0 1 13968 23 0 1000 7000 0 1 1 0 1000 50 35000
0 1006 0 1 13990 22 0 1000 7000 0 1 1 0 1000 50 35000
0 1008 0 1 14013 23 0 1000 7000 0 1 1 0 1000 50 35000
0 977 0 1 14035 22 0 1000 7000 0 1 1 0 1000 50 35000
0 1004 0 1 14058 23 0 1000 7000 0 1 1 0 1000 50 35000
0 1002 0 1 14081 23 0 1000 7000 0 1 1 0 1000 50 35000
0 945 0 1 14103 22 0 1000 7000 0 1 1 0 1000 50 35000
0 1006 0 1 14126 23 0 1000 7000 0 1 1 0 1000 50 35000
0 1006 0 1 14148 22 0 1000 7000 0 1 1 0 1000 50 35000
0 1003 0 1 14171 23 0 1000 7000 0 1 1 0 1000 50 35000
0 1023 0 1 14193 22 0 1000 7000 0 1 1 0 1000 50 35000
0 1015 0 1 14216 23 0 1000 7000 0 1 1 0 1000 50 35000
0 1021 0 1 14238 22 0 1000 7000 0 1 1 0 1000 50 35000
0 1022 0 1 14261 23 0 1000 7000 0 1 1 0 1000 50 35000
0 1016 0 1 14284 23 0 1000 7000 0 1 1 0 1000 50 35000
0 1017 0 1 14307 23 0 1000 7000 0 1 1 0 1000 50 35000
0 1016 0 1 14329 22 0 1000 7000 0 1 1 0 1000 50 35000
0 1015 0 1 14352 23 0 1000 7000 0 1 1 0 1000 50 35000
0 1014 0 1 14374 22 0 1000 7000 0 1 1 0 1000 50 35000
0 1023 0 1 14397 23 0 1000 7000 0 1 1 0 1000 50 35000
0 1000 0 1 14419 22 0 1000 7000 0 1 1 0 1000 50 35000
0 1014 0 1 14442 23 0 1000 7000 0 1 1 0 1000 50 35000
0 1008 0 1 14465 23 0 1000 7000 0 1 1 0 1000 50 35000
0 994 0 1 14487 22 0 1000 7000 0 1 1 0 1000 50 35000
0 1011 0 1 14510 23 0 1000 7000 0 1 1 0 1000 50 35000
0 1008 0 1 14532 22 0 1000 7000 0 1 1 0 1000 50 35000
0 1001 0 1 14555 23 0 1000 7000 0 1 1 0 1000 50 35000
0 1023 0 1 14577 22 0 1000 7000 0 1 1 0 1000 50 35000
0 997 0 1 14600 23 0 1000 7000 0 1 1 0 1000 50 35000
0 999 0 1 14622 22 0 1000 7000 0 1 1 0 1000 50 35000
0 1023 0 1 14645 23 0 1000 7000 0 1 1 0 1000 50 35000
0 987 0 1 14667 22 0 1000 7000 0 1 1 0 1000 50 35000
0 988 0 1 14690 23 0 1000 7000 0 1 1 0 1000 50 35000
0 1006 0 1 14712 22 0 1000 7000 0 1 1 0 1000 50 35000
0 967 0 1 14735 23 0 1000 7000 0 1 1 0 1000 50 35000
0 1013 0 1 14757 22 0 1000 7000 0 1 1 0 1000 50 35000
0 1015 0 1 14780 23 0 1000 7000 0 1 1 0 1000 50 35000
0 1016 0 1 14802 22 0 1000 7000 0 1 1 0 1000 50 35000
0 1018 0 1 14826 24 0 1000 7000 0 1 1 0 1000 50 35000
0 1016 0 1 14849 23 0 1000 7000 0 1 1 0 1000 50 35000
0 1015 0 1 14871 22 0 1000 7000 0 1 1 0 1000 50 35000
0 1017 0 1 14894 23 0 1000 7000 0 1 1 0 1000 50 35000
0 1016 0 1 14916 22 0 1000 7000 0 1 1 0 1000 50 35000
0 1017 0 1 14939 23 0 1000 7000 0 1 1 0 1000 50 35000
0 1018 0 1 14961 22 0 1000 7000 0 1 1 0 1000 50 35000
0 1016 0 1 14984 23 0 1000 7000 0 1 1 0 1000 50 35000
0 1017 0 1 15006 22 0 1000 7000 0 1 1 0 1000 50 35000
0 1018 0 1 15029 23 0 1000 7000 0 1 1 0 1000 50 35000
0 1016 0 1 15051 22 0 1000 7000 0 1 1 0 1000 50 35000
0 1017 0 1 15074 23 0 1000 7000 0 1 1 0 1000 50 35000
0 1014 0 1 15096 22 0 1000 7000 0 1 1 0 1000 50 35000
0 1013 0 1 15119 23 0 1000 7000 0 1 1 0 1000 50 35000
0 1017 0 1 15141 22 0 1000 7000 0 1 1 0 1000 50 35000
0 1016 0 1 15164 23 0 1000 7000 0 1 1 0 1000 50 35000
0 1014 0 1 15186 22 0 1000 7000 0 1 1 0 1000 50 35000
0 1015 0 1 15209 23 0 1000 7000 0 1 1 0 1000 50 35000
0 1017 0 1 15232 23 0 1000 7000 0 1 1 0 1000 50 35000
0 1017 0 1 15255 23 0 1000 7000 0 1 1 0 1000 50 35000
0 1021 0 1 15278 23 0 1000 7000 0 1 1 0 1000 50 35000
0 1010 0 1 15300 22 0 1000 7000 0 1 1 0 1000 50 35000
0 994 0 1 15323 23 0 1000 7000 0 1 1 0 1000 50 35000
0 1023 0 1 15345 22 0 1000 7000 0 1 1 0 1000 50 35000
0 990 0 1 15368 23 0 1000 7000 0 1 1 0 1000 50 35000
0 995 0 1 15390 22 0 1000 7000 0 1 1 0 1000 50 35000
0 1023 0 1 15413 23 0 1000 7000 0 1 1 0 1000 50 35000
0 989 0 1 15435 22 0 1000 7000 0 1 1 0 1000 50 35000
0 1001 0 1 15458 23 0 1000 7000 0 1 1 0 1000 50 35000
0 1012 0 1 15480 22 0 1000 7000 0 1 1 0 1000 50 35000
0 957 0 1 15503 23 0 1000 7000 0 1 1 0 1000 50 35000
0 1000 0 1 15525 22 0 1000 7000 0 1 1 0 1000 50 35000
0 1005 0 1 15548 23 0 1000 7000 0 1 1 0 1000 50 35000
0 954 0 1 15570 22 0 1000 7000 0 1 1 0 1000 50 35000
0 1014 0 1 15593 23 0 1000 7000 0 1 1 0 1000 50 35000
0 1010 0 1 15616 23 0 1000 7000 0 1 1 0 1000 50 35000
0 1012 0 1 15638 22 0 1000 7000 0 1 1 0 1000 50 35000
0 1020 0 1 15661 23 0 1000 7000 0 1 1 0 1000 50 35000
0 1015 0 1 15683 22 0 1000 7000 0 1 1 0 1000 50 35000
0 1013 0 1 15706 23 0 1000 7000 0 1 1 0 1000 50 35000
0 1017 0 1 15728 22 0 1000 7000 0 1 1 0 1000 50 35000
0 1016 0 1 15751 23 0 1000 7000 0 1 1 0 1000 50 35000
0 1015 0 1 15773 22 0 1000 7000 0 1 1 0 1000 50 35000
0 1014 0 1 15797 24 0 1000 7000 0 1 1 0 1000 50 35000
0 990 0 1 15819 22 0 1000 7000 0 1 1 0 1000 50 35000
0 996 0 1 15842 23 0 1000 7000 0 1 1 0 1000 50 35000
0 991 0 1 15864 22 0 1000 7000 0 1 1 0 1000 50 35000
0 964 0 1 15887 23 0 1000 7000 0 1 1 0 1000 50 35000
0 992 0 1 15909 22 0 1000 7000 0 1 1 0 1000 50 35000
0 985 0 1 15932 23 0 1000 7000 0 1 1 0 1000 50 35000
0 941 0 1 15954 22 0 1000 7000 0 1 1 0 1000 50 35000
0 987 0 1 15977 23 0 1000 7000 0 1 1 0 1000 50 35000
0 981 0 1 16000 23 0 1000 7000 0 1 1 0 1000 50 35000
0 968 0 1 16022 22 0 1000 7000 0 1 1 0 1000 50 35000
0 1023 0 1 16045 23 0 1000 7000 0 1 1 0 1000 50 35000
0 985 0 1 16067 22 0 1000 7000 0 1 1 0 1000 50 35000
0 976 0 1 16090 23 0 1000 7000 0 1 1 0 1000 50 35000
0 1022 0 1 16112 22 0 1000 7000 0 1 1 0 1000 50 35000
0 974 0 1 16135 23 0 1000 7000 0 1 1 0 1000 50 35000
0 984 0 1 16157 22 0 1000 7000 0 1 1 0 1000 50 35000
0 1017 0 1 16180 23 0 1000 7000 0 1 1 0 1000 50 35000
0 976 0 1 16202 22 0 1000 7000 0 1 1 0 1000 50 35000
0 988 0 1 16225 23 0 1000 7000 0 1 1 0 1000 50 35000
0 989 0 1 16247 22 0 1000 7000 0 1 1 0 1000 50 35000
0 945 0 1 16270 23 0 1000 7000 0 1 1 0 1000 50 35000
0 990 0 1 16292 22 0 1000 7000 0 1 1 0 1000 50 35000
0 1008 0 1 16315 23 0 1000 7000 0 1 1 0 1000 50 35000
0 934 0 1 16337 22 0 1000 7000 0 1 1 0 1000 50 35000
0 987 0 1 16360 23 0 1000 7000 0 1 1 0 1000 50 35000
0 981 0 1 16382 22 0 1000 7000 0 1 1 0 1000 50 35000
0 968 0 1 16405 23 0 1000 7000 0 1 1 0 1000 50 35000
0 995 0 1 16428 23 0 1000 7000 0 1 1 0 1000 50 35000
0 976 0 1 16450 22 0 1000 7000 0 1 1 0 1000 50 35000
0 976 0 1 16473 23 0 1000 7000 0 1 1 0 1000 50 35000
0 1013 0 1 16495 22 0 1000 7000 0 1 1 0 1000 50 35000
0 978 0 1 16518 23 0 1000 7000 0 1 1 0 1000 50 35000
0 982 0 1 16540 22 0 1000 7000 0 1 1 0 1000 50 35000
0 1022 0 1 16563 23 0 1000 7000 0 1 1 0 1000 50 35000
0 980 0 1 16585 22 0 1000 7000 0 1 1 0 1000 50 35000
0 989 0 1 16608 23 0 1000 7000 0 1 1 0 1000 50 35000
0 1003 0 1 16630 22 0 1000 7000 0 1 1 0 1000 50 35000
0 914 0 1 16653 23 0 1000 7000 0 1 1 0 1000 50 35000
0 989 0 1 16675 22 0 1000 7000 0 1 1 0 1000 50 35000
0 988 0 1 16698 23 0 1000 7000 0 1 1 0 1000 50 35000
0 954 0 1 16720 22 0 1000 7000 0 1 1 0 1000 50 35000
0 991 0 1 16743 23 0 1000 7000 0 1 1 0 1000 50 35000
0 986 0 1 16765 22 0 1000 7000 0 1 1 0 1000 50 35000
0 946 0 1 16788 23 0 1000 7000 0 1 1 0 1000 50 35000
0 994 0 1 16811 23 0 1000 7000 0 1 1 0 1000 50 35000
0 980 0 1 16833 22 0 1000 7000 0 1 1 0 1000 50 35000
0 979 0 1 16856 23 0 1000 7000 0 1 1 0 1000 50 35000
0 1023 0 1 16878 22 0 1000 7000 0 1 1 0 1000 50 35000
0 983 0 1 16901 23 0 1000 7000 0 1 1 0 1000 50 35000
0 986 0 1 16923 22 0 1000 7000 0 1 1 0 1000 50 35000
0 1023 0 1 16946 23 0 1000 7000 0 1 1 0 1000 50 35000
0 980 0 1 16968 22 0 1000 7000 0 1 1 0 1000 50 35000
0 987 0 1 16991 23 0 1000 7000 0 1 1 0 1000 50 35000
0 1013 0 1 17013 22 0 1000 7000 0 1 1 0 1000 50 35000
0 959 0 1 17036 23 0 1000 7000 0 1 1 0 1000 50 35000
0 992 0 1 17058 22 0 1000 7000 0 1 1 0 1000 50 35000
0 989 0 1 17081 23 0 1000 7000 0 1 1 0 1000 50 35000
0 959 0 1 17103 22 0 1000 7000 0 1 1 0 1000 50 35000
0 990 0 1 17126 23 0 1000 7000 0 1 1 0 1000 50 35000
0 983 0 1 17148 22 0 1000 7000 0 1 1 0 1000 50 35000
0 956 0 1 17171 23 0 1000 7000 0 1 1 0 1000 50 35000
0 990 0 1 17193 22 0 1000 7000 0 1 1 0 1000 50 35000
0 981 0 1 17216 23 0 1000 7000 0 1 1 0 1000 50 35000
0 975 0 1 17239 23 0 1000 7000 0 1 1 0 1000 50 35000
0 1023 0 1 17261 22 0 1000 7000 0 1 1 0 1000 50 35000
0 982 0 1 17284 23 0 1000 7000 0 1 1 0 1000 50 35000
0 967 0 1 17306 22 0 1000 7000 0 1 1 0 1000 50 35000
0 1023 0 1 17329 23 0 1000 7000 0 1 1 0 1000 50 35000
0 980 0 1 17351 22 0 1000 7000 0 1 1 0 1000 50 35000
0 987 0 1 17374 23 0 1000 7000 0 1 1 0 1000 50 35000
0 1010 0 1 17396 22 0 1000 7000 0 1 1 0 1000 50 35000
0 978 0 1 17420 24 0 1000 7000 0 1 1 0 1000 50 35000
0 994 0 1 17442 22 0 1000 7000 0 1 1 0 1000 50 35000
0 991 0 1 17465 23 0 1000 7000 0 1 1 0 1000 50 35000
0 948 0 1 17487 22 0 1000 7000 0 1 1 0 1000 50 35000
0 984 0 1 17510 23 0 1000 7000 0 1 1 0 1000 50 35000
0 979 0 1 17532 22 0 1000 7000 0 1 1 0 1000 50 35000
0 923 0 1 17555 23 0 1000 7000 0 1 1 0 1000 50 35000
0 989 0 1 17577 22 0 1000 7000 0 1 1 0 1000 50 35000
0 983 0 1 17600 23 0 1000 7000 0 1 1 0 1000 50 35000
0 974 0 1 17623 23 0 1000 7000 0 1 1 0 1000 50 35000
0 1023 0 1 17645 22 0 1000 7000 0 1 1 0 1000 50 35000
0 980 0 1 17668 23 0 1000 7000 0 1 1 0 1000 50 35000
0 983 0 1 17690 22 0 1000 7000 0 1 1 0 1000 50 35000
0 1014 0 1 17713 23 0 1000 7000 0 1 1 0 1000 50 35000
0 980 0 1 17735 22 0 1000 7000 0 1 1 0 1000 50 35000
0 989 0 1 17758 23 0 1000 7000 0 1 1 0 1000 50 35000
0 1017 0 1 17780 22 0 1000 7000 0 1 1 0 1000 50 35000
0 985 0 1 17803 23 0 1000 7000 0 1 1 0 1000 50 35000
0 992 0 1 17825 22 0 1000 7000 0 1 1 0 1000 50 35000
0 997 0 1 17848 23 0 1000 7000 0 1 1 0 1000 50 35000
0 925 0 1 17870 22 0 1000 7000 0 1 1 0 1000 50 35000
0 991 0 1 17893 23 0 1000 7000 0 1 1 0 1000 50 35000
0 985 0 1 17915 22 0 1000 7000 0 1 1 0 1000 50 35000
0 936 0 1 17938 23 0 1000 7000 0 1 1 0 1000 50 35000
0 993 0 1 17960 22 0 1000 7000 0 1 1 0 1000 50 35000
0 985 0 1 17983 23 0 1000 7000 0 1 1 0 1000 50 35000
0 965 0 1 18006 23 0 1000 7000 0 1 1 0 1000 50 35000
0 993 0 1 18028 22 0 1000 7000 0 1 1 0 1000 50 35000
0 980 0 1 18051 23 0 1000 7000 0 1 1 0 1000 50 35000
0 982 0 1 18073 22 0 1000 7000 0 1 1 0 1000 50 35000
0 1016 0 1 18096 23 0 1000 7000 0 1 1 0 1000 50 35000
0 985 0 1 18118 22 0 1000 7000 0 1 1 0 1000 50 35000
0 990 0 1 18141 23 0 1000 7000 0 1 1 0 1000 50 35000
0 1023 0 1 18163 22 0 1000 7000 0 1 1 0 1000 50 35000
0 982 0 1 18186 23 0 1000 7000 0 1 1 0 1000 50 35000
0 987 0 1 18208 22 0 1000 7000 0 1 1 0 1000 50 35000
0 996 0 1 18231 23 0 1000 7000 0 1 1 0 1000 50 35000
0 911 0 1 18253 22 0 1000 7000 0 1 1 0 1000 50 35000
0 990 0 1 18276 23 0 1000 7000 0 1 1 0 1000 50 35000
0 987 0 1 18298 22 0 1000 7000 0 1 1 0 1000 50 35000
0 958 0 1 18321 23 0 1000 7000 0 1 1 0 1000 50 35000
0 992 0 1 18343 22 0 1000 7000 0 1 1 0 1000 50 35000
0 976 0 1 18366 23 0 1000 7000 0 1 1 0 1000 50 35000
0 962 0 1 18388 22 0 1000 7000 0 1 1 0 1000 50 35000
0 990 0 1 18411 23 0 1000 7000 0 1 1 0 1000 50 35000
0 983 0 1 18434 23 0 1000 7000 0 1 1 0 1000 50 35000
0 959 0 1 18456 22 0 1000 7000 0 1 1 0 1000 50 35000
0 1023 0 1 18479 23 0 1000 7000 0 1 1 0 1000 50 35000
0 977 0 1 18501 22 0 1000 7000 0 1 1 0 1000 50 35000
0 997 0 1 18524 23 0 1000 7000 0 1 1 0 1000 50 35000
0 1023 0 1 18546 22 0 1000 7000 0 1 1 0 1000 50 35000
0 981 0 1 18569 23 0 1000 7000 0 1 1 0 1000 50 35000
0 989 0 1 18591 22 0 1000 7000 0 1 1 0 1000 50 35000
0 1022 0 1 18614 23 0 1000 7000 0 1 1 0 1000 50 35000
0 980 0 1 18636 22 0 1000 7000 0 1 1 0 1000 50 35000
0 994 0 1 18659 23 0 1000 7000 0 1 1 0 1000 50 35000
0 988 0 1 18681 22 0 1000 7000 0 1 1 0 1000 50 35000
0 965 0 1 18704 23 0 1000 7000 0 1 1 0 1000 50 35000
0 991 0 1 18726 22 0 1000 7000 0 1 1 0 1000 50 35000
0 994 0 1 18749 23 0 1000 7000 0 1 1 0 1000 50 35000
0 944 0 1 18771 22 0 1000 7000 0 1 1 0 1000 50 35000
0 991 0 1 18794 23 0 1000 7000 0 1 1 0 1000 50 35000
0 985 0 1 18817 23 0 1000 7000 0 1 1 0 1000 50 35000
0 975 0 1 18839 22 0 1000 7000 0 1 1 0 1000 50 35000
0 1023 0 1 18862 23 0 1000 7000 0 1 1 0 1000 50 35000
0 983 0 1 18884 22 0 1000 7000 0 1 1 0 1000 50 35000
0 986 0 1 18907 23 0 1000 7000 0 1 1 0 1000 50 35000
0 1015 0 1 18929 22 0 1000 7000 0 1 1 0 1000 50 35000
0 980 0 1 18953 24 0 1000 7000 0 1 1 0 1000 50 35000
0 988 0 1 18975 22 0 1000 7000 0 1 1 0 1000 50 35000
0 1014 0 1 18998 23 0 1000 7000 0 1 1 0 1000 50 35000
0 982 0 1 19020 22 0 1000 7000 0 1 1 0 1000 50 35000
0 990 0 1 19043 23 0 1000 7000 0 1 1 0 1000 50 35000
0 994 0 1 19065 22 0 1000 7000 0 1 1 0 1000 50 35000
0 948 0 1 19088 23 0 1000 7000 0 1 1 0 1000 50 35000
0 988 0 1 19110 22 0 1000 7000 0 1 1 0 1000 50 35000
0 982 0 1 19133 23 0 1000 7000 0 1 1 0 1000 50 35000
0 943 0 1 19155 22 0 1000 7000 0 1 1 0 1000 50 35000
0 988 0 1 19178 23 0 1000 7000 0 1 1 0 1000 50 35000
0 982 0 1 19201 23 0 1000 7000 0 1 1 0 1000 50 35000
0 977 0 1 19223 22 0 1000 7000 0 1 1 0 1000 50 35000
0 991 0 1 19246 23 0 1000 7000 0 1 1 0 1000 50 35000
0 977 0 1 19268 22 0 1000 7000 0 1 1 0 1000 50 35000
0 981 0 1 19291 23 0 1000 7000 0 1 1 0 1000 50 35000
0 1003 0 1 19313 22 0 1000 7000 0 1 1 0 1000 50 35000
0 977 0 1 19336 23 0 1000 7000 0 1 1 0 1000 50 35000
0 983 0 1 19358 22 0 1000 7000 0 1 1 0 1000 50 35000
0 1007 0 1 19381 23 0 1000 7000 0 1 1 0 1000 50 35000
0 983 0 1 19403 22 0 1000 7000 0 1 1 0 1000 50 35000
0 985 0 1 19426 23 0 1000 7000 0 1 1 0 1000 50 35000
0 984 0 1 19448 22 0 1000 7000 0 1 1 0 1000 50 35000
0 927 0 1 19471 23 0 1000 7000 0 1 1 0 1000 50 35000
0 985 0 1 19493 22 0 1000 7000 0 1 1 0 1000 50 35000
0 989 0 1 19516 23 0 1000 7000 0 1 1 0 1000 50 35000
0 948 0 1 19538 22 0 1000 7000 0 1 1 0 1000 50 35000
0 986 0 1 19561 23 0 1000 7000 0 1 1 0 1000 50 35000
0 980 0 1 19584 23 0 1000 7000 0 1 1 0 1000 50 35000
0 956 0 1 19606 22 0 1000 7000 0 1 1 0 1000 50 35000
0 984 0 1 19629 23 0 1000 7000 0 1 1 0 1000 50 35000
0 977 0 1 19651 22 0 1000 7000 0 1 1 0 1000 50 35000
0 975 0 1 19674 23 0 1000 7000 0 1 1 0 1000 50 35000
0 1014 0 1 19696 22 0 1000 7000 0 1 1 0 1000 50 35000
0 980 0 1 19719 23 0 1000 7000 0 1 1 0 1000 50 35000
0 981 0 1 19741 22 0 1000 7000 0 1 1 0 1000 50 35000
0 1016 0 1 19764 23 0 1000 7000 0 1 1 0 1000 50 35000
0 978 0 1 19786 22 0 1000 7000 0 1 1 0 1000 50 35000
0 984 0 1 19809 23 0 1000 7000 0 1 1 0 1000 50 35000
0 987 0 1 19831 22 0 1000 7000 0 1 1 0 1000 50 35000
0 956 0 1 19854 23 0 1000 7000 0 1 1 0 1000 50 35000
0 986 0 1 19876 22 0 1000 7000 0 1 1 0 1000 50 35000
0 981 0 1 19899 23 0 1000 7000 0 1 1 0 1000 50 35000
0 961 0 1 19921 22 0 1000 7000 0 1 1 0 1000 50 35000
0 986 0 1 19944 23 0 1000 7000 0 1 1 0 1000 50 35000
0 981 0 1 19966 22 0 1000 7000 0 1 1 0 1000 50 35000
0 958 0 1 19989 23 0 1000 7000 0 1 1 0 1000 50 35000
0 980 0 1 20012 23 0 1000 7000 0 1 1 0 1000 50 35000
0 978 0 1 20034 22 0 1000 7000 0 1 1 0 1000 50 35000
0 974 0 1 20057 23 0 1000 7000 0 1 1 0 1000 50 35000
0 1023 0 1 20079 22 0 1000 7000 0 1 1 0 1000 50 35000
0 976 0 1 20102 23 0 1000 7000 0 1 1 0 1000 50 35000
0 977 0 1 20124 22 0 1000 7000 0 1 1 0 1000 50 35000
0 1010 0 1 20147 23 0 1000 7000 0 1 1 0 1000 50 35000
0 974 0 1 20169 22 0 1000 7000 0 1 1 0 1000 50 35000
0 980 0 1 20192 23 0 1000 7000 0 1 1 0 1000 50 35000
0 995 0 1 20214 22 0 1000 7000 0 1 1 0 1000 50 35000
0 974 0 1 20237 23 0 1000 7000 0 1 1 0 1000 50 35000
0 986 0 1 20259 22 0 1000 7000 0 1 1 0 1000 50 35000
0 984 0 1 20282 23 0 1000 7000 0 1 1 0 1000 50 35000
0 949 0 1 20304 22 0 1000 7000 0 1 1 0 1000 50 35000
0 982 0 1 20327 23 0 1000 7000 0 1 1 0 1000 50 35000
0 980 0 1 20349 22 0 1000 7000 0 1 1 0 1000 50 35000
0 938 0 1 20372 23 0 1000 7000 0 1 1 0 1000 50 35000
0 983 0 1 20395 23 0 1000 7000 0 1 1 0 1000 50 35000
0 978 0 1 20417 22 0 1000 7000 0 1 1 0 1000 50 35000
0 976 0 1 20440 23 0 1000 7000 0 1 1 0 1000 50 35000
0 996 0 1 20462 22 0 1000 7000 0 1 1 0 1000 50 35000
0 974 0 1 20485 23 0 1000 7000 0 1 1 0 1000 50 35000
0 977 0 1 20507 22 0 1000 7000 0 1 1 0 1000 50 35000
0 998 0 1 20530 23 0 1000 7000 0 1 1 0 1000 50 35000
0 975 0 1 20552 22 0 1000 7000 0 1 1 0 1000 50 35000
0 978 0 1 20575 23 0 1000 7000 0 1 1 0 1000 50 35000
0 1005 0 1 20597 22 0 1000 7000 0 1 1 0 1000 50 35000
0 974 0 1 20621 24 0 1000 7000 0 1 1 0 1000 50 35000
0 982 0 1 20643 22 0 1000 7000 0 1 1 0 1000 50 35000
0 989 0 1 20666 23 0 1000 7000 0 1 1 0 1000 50 35000
0 926 0 1 20688 22 0 1000 7000 0 1 1 0 1000 50 35000
0 981 0 1 20711 23 0 1000 7000 0 1 1 0 1000 50 35000
0 977 0 1 20733 22 0 1000 7000 0 1 1 0 1000 50 35000
0 946 0 1 20756 23 0 1000 7000 0 1 1 0 1000 50 35000
0 984 0 1 20779 23 0 1000 7000 0 1 1 0 1000 50 35000
0 977 0 1 20801 22 0 1000 7000 0 1 1 0 1000 50 35000
0 953 0 1 20824 23 0 1000 7000 0 1 1 0 1000 50 35000
0 982 0 1 20846 22 0 1000 7000 0 1 1 0 1000 50 35000
0 972 0 1 20869 23 0 1000 7000 0 1 1 0 1000 50 35000
0 965 0 1 20891 22 0 1000 7000 0 1 1 0 1000 50 35000
0 1023 0 1 20914 23 0 1000 7000 0 1 1 0 1000 50 35000
0 977 0 1 20936 22 0 1000 7000 0 1 1 0 1000 50 35000
0 978 0 1 20959 23 0 1000 7000 0 1 1 0 1000 50 35000
0 1012 0 1 20981 22 0 1000 7000 0 1 1 0 1000 50 35000
0 974 0 1 21004 23 0 1000 7000 0 1 1 0 1000 50 35000
0 979 0 1 21026 22 0 1000 7000 0 1 1 0 1000 50 35000
0 984 0 1 21049 23 0 1000 7000 0 1 1 0 1000 50 35000
0 951 0 1 21071 22 0 1000 7000 0 1 1 0 1000 50 35000
0 983 0 1 21094 23 0 1000 7000 0 1 1 0 1000 50 35000
0 977 0 1 21116 22 0 1000 7000 0 1 1 0 1000 50 35000
0 957 0 1 21139 23 0 1000 7000 0 1 1 0 1000 50 35000
0 982 0 1 21161 22 0 1000 7000 0 1 1 0 1000 50 35000
0 976 0 1 21184 23 0 1000 7000 0 1 1 0 1000 50 35000
0 951 0 1 21207 23 0 1000 7000 0 1 1 0 1000 50 35000
0 981 0 1 21229 22 0 1000 7000 0 1 1 0 1000 50 35000
0 975 0 1 21252 23 0 1000 7000 0 1 1 0 1000 50 35000
0 970 0 1 21274 22 0 1000 7000 0 1 1 0 1000 50 35000
0 1023 0 1 21297 23 0 1000 7000 0 1 1 0 1000 50 35000
0 974 0 1 21319 22 0 1000 7000 0 1 1 0 1000 50 35000
0 978 0 1 21342 23 0 1000 7000 0 1 1 0 1000 50 35000
0 1007 0 1 21364 22 0 1000 7000 0 1 1 0 1000 50 35000
0 973 0 1 21387 23 0 1000 7000 0 1 1 0 1000 50 35000
0 981 0 1 21409 22 0 1000 7000 0 1 1 0 1000 50 35000
0 1000 0 1 21432 23 0 1000 7000 0 1 1 0 1000 50 35000
0 972 0 1 21454 22 0 1000 7000 0 1 1 0 1000 50 35000
0 983 0 1 21477 23 0 1000 7000 0 1 1 0 1000 50 35000
0 994 0 1 21499 22 0 1000 7000 0 1 1 0 1000 50 35000
0 941 0 1 21522 23 0 1000 7000 0 1 1 0 1000 50 35000
0 987 0 1 21544 22 0 1000 7000 0 1 1 0 1000 50 35000
0 978 0 1 21567 23 0 1000 7000 0 1 1 0 1000 50 35000
0 928 0 1 21590 23 0 1000 7000 0 1 1 0 1000 50 35000
0 986 0 1 21612 22 0 1000 7000 0 1 1 0 1000 50 35000
0 977 0 1 21635 23 0 1000 7000 0 1 1 0 1000 50 35000
0 965 0 1 21657 22 0 1000 7000 0 1 1 0 1000 50 35000
0 1023 0 1 21680 23 0 1000 7000 0 1 1 0 1000 50 35000
0 971 0 1 21702 22 0 1000 7000 0 1 1 0 1000 50 35000
0 992 0 1 21725 23 0 1000 7000 0 1 1 0 1000 50 35000
0 1008 0 1 21747 22 0 1000 7000 0 1 1 0 1000 50 35000
0 973 0 1 21770 23 0 1000 7000 0 1 1 0 1000 50 35000
0 979 0 1 21792 22 0 1000 7000 0 1 1 0 1000 50 35000
0 1015 0 1 21815 23 0 1000 7000 0 1 1 0 1000 50 35000
0 975 0 1 21837 22 0 1000 7000 0 1 1 0 1000 50 35000
0 983 0 1 21860 23 0 1000 7000 0 1 1 0 1000 50 35000
0 988 0 1 21882 22 0 1000 7000 0 1 1 0 1000 50 35000
0 915 0 1 21905 23 0 1000 7000 0 1 1 0 1000 50 35000
0 981 0 1 21927 22 0 1000 7000 0 1 1 0 1000 50 35000
0 977 0 1 21950 23 0 1000 7000 0 1 1 0 1000 50 35000
0 934 0 1 21972 22 0 1000 7000 0 1 1 0 1000 50 35000
0 983 0 1 21995 23 0 1000 7000 0 1 1 0 1000 50 35000
0 977 0 1 22018 23 0 1000 7000 0 1 1 0 1000 50 35000
0 962 0 1 22040 22 0 1000 7000 0 1 1 0 1000 50 35000
0 984 0 1 22063 23 0 1000 7000 0 1 1 0 1000 50 35000
0 968 0 1 22085 22 0 1000 7000 0 1 1 0 1000 50 35000
0 969 0 1 22108 23 0 1000 7000 0 1 1 0 1000 50 35000
0 1009 0 1 22130 22 0 1000 7000 0 1 1 0 1000 50 35000
0 974 0 1 22153 23 0 1000 7000 0 1 1 0 1000 50 35000
0 980 0 1 22175 22 0 1000 7000 0 1 1 0 1000 50 35000
0 1023 0 1 22198 23 0 1000 7000 0 1 1 0 1000 50 35000
0 972 0 1 22220 22 0 1000 7000 0 1 1 0 1000 50 35000
0 985 0 1 22243 23 0 1000 7000 0 1 1 0 1000 50 35000
0 989 0 1 22266 23 0 1000 7000 0 1 1 0 1000 50 35000
0 899 0 1 22289 23 0 1000 7000 0 1 1 0 1000 50 35000
0 982 0 1 22311 22 0 1000 7000 0 1 1 0 1000 50 35000
0 978 0 1 22334 23 0 1000 7000 0 1 1 0 1000 50 35000
0 944 0 1 22356 22 0 1000 7000 0 1 1 0 1000 50 35000
0 984 0 1 22379 23 0 1000 7000 0 1 1 0 1000 50 35000
0 976 0 1 22402 23 0 1000 7000 0 1 1 0 1000 50 35000
0 943 0 1 22424 22 0 1000 7000 0 1 1 0 1000 50 35000
0 980 0 1 22447 23 0 1000 7000 0 1 1 0 1000 50 35000
0 975 0 1 22469 22 0 1000 7000 0 1 1 0 1000 50 35000
0 969 0 1 22492 23 0 1000 7000 0 1 1 0 1000 50 35000
0 1023 0 1 22514 22 0 1000 7000 0 1 1 0 1000 50 35000
0 975 0 1 22537 23 0 1000 7000 0 1 1 0 1000 50 35000
0 977 0 1 22559 22 0 1000 7000 0 1 1 0 1000 50 35000
0 1014 0 1 22582 23 0 1000 7000 0 1 1 0 1000 50 35000
0 972 0 1 22604 22 0 1000 7000 0 1 1 0 1000 50 35000
0 979 0 1 22627 23 0 1000 7000 0 1 1 0 1000 50 35000
0 988 0 1 22649 22 0 1000 7000 0 1 1 0 1000 50 35000
0 975 0 1 22672 23 0 1000 7000 0 1 1 0 1000 50 35000
0 984 0 1 22694 22 0 1000 7000 0 1 1 0 1000 50 35000
0 979 0 1 22717 23 0 1000 7000 0 1 1 0 1000 50 35000
0 952 0 1 22739 22 0 1000 7000 0 1 1 0 1000 50 35000
0 981 0 1 22762 23 0 1000 7000 0 1 1 0 1000 50 35000
0 975 0 1 22785 23 0 1000 7000 0 1 1 0 1000 50 35000
0 943 0 1 22807 22 0 1000 7000 0 1 1 0 1000 50 35000
0 982 0 1 22830 23 0 1000 7000 0 1 1 0 1000 50 35000
0 976 0 1 22852 22 0 1000 7000 0 1 1 0 1000 50 35000
0 970 0 1 22875 23 0 1000 7000 0 1 1 0 1000 50 35000
0 1023 0 1 22897 22 0 1000 7000 0 1 1 0 1000 50 35000
0 977 0 1 22920 23 0 1000 7000 0 1 1 0 1000 50 35000
0 982 0 1 22942 22 0 1000 7000 0 1 1 0 1000 50 35000
0 1007 0 1 22965 23 0 1000 7000 0 1 1 0 1000 50 35000
0 977 0 1 22987 22 0 1000 7000 0 1 1 0 1000 50 35000
0 981 0 1 23010 23 0 1000 7000 0 1 1 0 1000 50 35000
0 1004 0 1 23032 22 0 1000 7000 0 1 1 0 1000 50 35000
0 978 0 1 23055 23 0 1000 7000 0 1 1 0 1000 50 35000
0 988 0 1 23077 22 0 1000 7000 0 1 1 0 1000 50 35000
0 988 0 1 23100 23 0 1000 7000 0 1 1 0 1000 50 35000
0 953 0 1 23122 22 0 1000 7000 0 1 1 0 1000 50 35000
0 988 0 1 23145 23 0 1000 7000 0 1 1 0 1000 50 35000
0 985 0 1 23168 23 0 1000 7000 0 1 1 0 1000 50 35000
0 941 0 1 23190 22 0 1000 7000 0 1 1 0 1000 50 35000
0 990 0 1 23213 23 0 1000 7000 0 1 1 0 1000 50 35000
0 987 0 1 23235 22 0 1000 7000 0 1 1 0 1000 50 35000
0 961 0 1 23258 23 0 1000 7000 0 1 1 0 1000 50 35000
0 1010 0 1 23280 22 0 1000 7000 0 1 1 0 1000 50 35000
0 989 0 1 23303 23 0 1000 7000 0 1 1 0 1000 50 35000
0 1007 0 1 23325 22 0 1000 7000 0 1 1 0 1000 50 35000
0 1004 0 1 23348 23 0 1000 7000 0 1 1 0 1000 50 35000
0 977 0 1 23370 22 0 1000 7000 0 1 1 0 1000 50 35000
0 978 0 1 23393 23 0 1000 7000 0 1 1 0 1000 50 35000
0 1006 0 1 23415 22 0 1000 7000 0 1 1 0 1000 50 35000
0 998 0 1 23438 23 0 1000 7000 0 1 1 0 1000 50 35000
0 1010 0 1 23460 22 0 1000 7000 0 1 1 0 1000 50 35000
0 1013 0 1 23483 23 0 1000 7000 0 1 1 0 1000 50 35000
0 984 0 1 23505 22 0 1000 7000 0 1 1 0 1000 50 35000
0 1009 0 1 23528 23 0 1000 7000 0 1 1 0 1000 50 35000
0 1010 0 1 23552 24 0 1000 7000 0 1 1 0 1000 50 35000
0 1012 0 1 23574 22 0 1000 7000 0 1 1 0 1000 50 35000
0 1017 0 1 23597 23 0 1000 7000 0 1 1 0 1000 50 35000
0 1015 0 1 23619 22 0 1000 7000 0 1 1 0 1000 50 35000
0 1007 0 1 23642 23 0 1000 7000 0 1 1 0 1000 50 35000
0 1023 0 1 23664 22 0 1000 7000 0 1 1 0 1000 50 35000
0 1002 0 1 23687 23 0 1000 7000 0 1 1 0 1000 50 35000
0 1003 0 1 23709 22 0 1000 7000 0 1 1 0 1000 50 35000
0 1023 0 1 23732 23 0 1000 7000 0 1 1 0 1000 50 35000
0 997 0 1 23754 22 0 1000 7000 0 1 1 0 1000 50 35000
0 1007 0 1 23777 23 0 1000 7000 0 1 1 0 1000 50 35000
0 1018 0 1 23799 22 0 1000 7000 0 1 1 0 1000 50 35000
0 989 0 1 23822 23 0 1000 7000 0 1 1 0 1000 50 35000
0 999 0 1 23844 22 0 1000 7000 0 1 1 0 1000 50 35000
0 959 0 1 23867 23 0 1000 7000 0 1 1 0 1000 50 35000
0 931 0 1 23889 22 0 1000 7000 0 1 1 0 1000 50 35000
0 992 0 1 23912 23 0 1000 7000 0 1 1 0 1000 50 35000
0 988 0 1 23934 22 0 1000 7000 0 1 1 0 1000 50 35000
0 944 0 1 23957 23 0 1000 7000 0 1 1 0 1000 50 35000
0 993 0 1 23980 23 0 1000 7000 0 1 1 0 1000 50 35000
0 992 0 1 24002 22 0 1000 7000 0 1 1 0 1000 50 35000
0 973 0 1 24025 23 0 1000 7000 0 1 1 0 1000 50 35000
0 1023 0 1 24047 22 0 1000 7000 0 1 1 0 1000 50 35000
0 983 0 1 24070 23 0 1000 7000 0 1 1 0 1000 50 35000
0 981 0 1 24092 22 0 1000 7000 0 1 1 0 1000 50 35000
0 1020 0 1 24115 23 0 1000 7000 0 1 1 0 1000 50 35000
0 971 0 1 24137 22 0 1000 7000 0 1 1 0 1000 50 35000
0 985 0 1 24160 23 0 1000 7000 0 1 1 0 1000 50 35000
0 1015 0 1 24182 22 0 1000 7000 0 1 1 0 1000 50 35000
0 974 0 1 24205 23 0 1000 7000 0 1 1 0 1000 50 35000
0 983 0 1 24227 22 0 1000 7000 0 1 1 0 1000 50 35000
0 986 0 1 24250 23 0 1000 7000 0 1 1 0 1000 50 35000
0 916 0 1 24272 22 0 1000 7000 0 1 1 0 1000 50 35000
0 981 0 1 24295 23 0 1000 7000 0 1 1 0 1000 50 35000
0 977 0 1 24317 22 0 1000 7000 0 1 1 0 1000 50 35000
0 917 0 1 24340 23 0 1000 7000 0 1 1 0 1000 50 35000
0 983 0 1 24363 23 0 1000 7000 0 1 1 0 1000 50 35000
0 976 0 1 24386 23 0 1000 7000 0 1 1 0 1000 50 35000
0 957 0 1 24409 23 0 1000 7000 0 1 1 0 1000 50 35000
0 988 0 1 24431 22 0 1000 7000 0 1 1 0 1000 50 35000
0 969 0 1 24454 23 0 1000 7000 0 1 1 0 1000 50 35000
0 971 0 1 24476 22 0 1000 7000 0 1 1 0 1000 50 35000
0 1013 0 1 24499 23 0 1000 7000 0 1 1 0 1000 50 35000
0 975 0 1 24521 22 0 1000 7000 0 1 1 0 1000 50 35000
0 987 0 1 24544 23 0 1000 7000 0 1 1 0 1000 50 35000
0 1023 0 1 24566 22 0 1000 7000 0 1 1 0 1000 50 35000
0 988 0 1 24589 23 0 1000 7000 0 1 1 0 1000 50 35000
0 996 0 1 24611 22 0 1000 7000 0 1 1 0 1000 50 35000
0 1017 0 1 24634 23 0 1000 7000 0 1 1 0 1000 50 35000
0 899 0 1 24656 22 0 1000 7000 0 1 1 0 1000 50 35000
0 997 0 1 24679 23 0 1000 7000 0 1 1 0 1000 50 35000
0 1007 0 1 24701 22 0 1000 7000 0 1 1 0 1000 50 35000
0 897 0 1 24724 23 0 1000 7000 0 1 1 0 1000 50 35000
0 1004 0 1 24747 23 0 1000 7000 0 1 1 0 1000 50 35000
0 1008 0 1 24769 22 0 1000 7000 0 1 1 0 1000 50 35000
0 989 0 1 24792 23 0 1000 7000 0 1 1 0 1000 50 35000
0 1010 0 1 24814 22 0 1000 7000 0 1 1 0 1000 50 35000
0 1009 0 1 24837 23 0 1000 7000 0 1 1 0 1000 50 35000
0 1007 0 1 24859 22 0 1000 7000 0 1 1 0 1000 50 35000
0 1010 0 1 24882 23 0 1000 7000 0 1 1 0 1000 50 35000
0 1011 0 1 24904 22 0 1000 7000 0 1 1 0 1000 50 35000
0 1000 0 1 24927 23 0 1000 7000 0 1 1 0 1000 50 35000
0 1023 0 1 24949 22 0 1000 7000 0 1 1 0 1000 50 35000
0 1006 0 1 24972 23 0 1000 7000 0 1 1 0 1000 50 35000
0 1001 0 1 24994 22 0 1000 7000 0 1 1 0 1000 50 35000
0 1013 0 1 25017 23 0 1000 7000 0 1 1 0 1000 50 35000
0 939 0 1 25040 23 0 1000 7000 0 1 1 0 1000 50 35000
0 999 0 1 25063 23 0 1000 7000 0 1 1 0 1000 50 35000
0 996 0 1 25085 22 0 1000 7000 0 1 1 0 1000 50 35000
0 952 0 1 25108 23 0 1000 7000 0 1 1 0 1000 50 35000
0 1004 0 1 25131 23 0 1000 7000 0 1 1 0 1000 50 35000
0 999 0 1 25153 22 0 1000 7000 0 1 1 0 1000 50 35000
0 978 0 1 25176 23 0 1000 7000 0 1 1 0 1000 50 35000
0 1023 0 1 25198 22 0 1000 7000 0 1 1 0 1000 50 35000
0 991 0 1 25221 23 0 1000 7000 0 1 1 0 1000 50 35000
0 989 0 1 25243 22 0 1000 7000 0 1 1 0 1000 50 35000
0 1023 0 1 25266 23 0 1000 7000 0 1 1 0 1000 50 35000
0 993 0 1 25288 22 0 1000 7000 0 1 1 0 1000 50 35000
0 999 0 1 25311 23 0 1000 7000 0 1 1 0 1000 50 35000
0 1023 0 1 25333 22 0 1000 7000 0 1 1 0 1000 50 35000
0 988 0 1 25356 23 0 1000 7000 0 1 1 0 1000 50 35000
0 992 0 1 25378 22 0 1000 7000 0 1 1 0 1000 50 35000
0 1008 0 1 25401 23 0 1000 7000 0 1 1 0 1000 50 35000
0 932 0 1 25423 22 0 1000 7000 0 1 1 0 1000 50 35000
0 993 0 1 25446 23 0 1000 7000 0 1 1 0 1000 50 35000
0 1003 0 1 25468 22 0 1000 7000 0 1 1 0 1000 50 35000
0 1013 0 1 25491 23 0 1000 7000 0 1 1 0 1000 50 35000
0 1016 0 1 25513 22 0 1000 7000 0 1 1 0 1000 50 35000
0 1016 0 1 25536 23 0 1000 7000 0 1 1 0 1000 50 35000
0 1016 0 1 25559 23 0 1000 7000 0 1 1 0 1000 50 35000
0 1020 0 1 25581 22 0 1000 7000 0 1 1 0 1000 50 35000
0 1016 0 1 25604 23 0 1000 7000 0 1 1 0 1000 50 35000
0 1016 0 1 25626 22 0 1000 7000 0 1 1 0 1000 50 35000
0 1018 0 1 25649 23 0 1000 7000 0 1 1 0 1000 50 35000
0 1015 0 1 25671 22 0 1000 7000 0 1 1 0 1000 50 35000
0 997 0 1 25694 23 0 1000 7000 0 1 1 0 1000 50 35000
0 1019 0 1 25716 22 0 1000 7000 0 1 1 0 1000 50 35000
0 1000 0 1 25740 24 0 1000 7000 0 1 1 0 1000 50 35000
0 1016 0 1 25762 22 0 1000 7000 0 1 1 0 1000 50 35000
0 1015 0 1 25785 23 0 1000 7000 0 1 1 0 1000 50 35000
0 1013 0 1 25807 22 0 1000 7000 0 1 1 0 1000 50 35000
0 1012 0 1 25830 23 0 1000 7000 0 1 1 0 1000 50 35000
0 1010 0 1 25852 22 0 1000 7000 0 1 1 0 1000 50 35000
0 1002 0 1 25875 23 0 1000 7000 0 1 1 0 1000 50 35000
0 1009 0 1 25897 22 0 1000 7000 0 1 1 0 1000 50 35000
0 1006 0 1 25920 23 0 1000 7000 0 1 1 0 1000 50 35000
0 1002 0 1 25943 23 0 1000 7000 0 1 1 0 1000 50 35000
0 1022 0 1 25965 22 0 1000 7000 0 1 1 0 1000 50 35000
0 1010 0 1 25988 23 0 1000 7000 0 1 1 0 1000 50 35000
0 1004 0 1 26010 22 0 1000 7000 0 1 1 0 1000 50 35000
0 1023 0 1 26033 23 0 1000 7000 0 1 1 0 1000 50 35000
0 1000 0 1 26055 22 0 1000 7000 0 1 1 0 1000 50 35000
0 1000 0 1 26078 23 0 1000 7000 0 1 1 0 1000 50 35000
0 1012 0 1 26100 22 0 1000 7000 0 1 1 0 1000 50 35000
0 959 0 1 26123 23 0 1000 7000 0 1 1 0 1000 50 35000
0 1003 0 1 26145 22 0 1000 7000 0 1 1 0 1000 50 35000
0 1004 0 1 26168 23 0 1000 7000 0 1 1 0 1000 50 35000
0 983 0 1 26190 22 0 1000 7000 0 1 1 0 1000 50 35000
0 1003 0 1 26213 23 0 1000 7000 0 1 1 0 1000 50 35000
0 1003 0 1 26236 23 0 1000 7000 0 1 1 0 1000 50 35000
0 974 0 1 26259 23 0 1000 7000 0 1 1 0 1000 50 35000
0 1008 0 1 26281 22 0 1000 7000 0 1 1 0 1000 50 35000
0 995 0 1 26304 23 0 1000 7000 0 1 1 0 1000 50 35000
0 993 0 1 26327 23 0 1000 7000 0 1 1 0 1000 50 35000
0 1019 0 1 26349 22 0 1000 7000 0 1 1 0 1000 50 35000
0 1001 0 1 26372 23 0 1000 7000 0 1 1 0 1000 50 35000
0 1000 0 1 26394 22 0 1000 7000 0 1 1 0 1000 50 35000
0 1023 0 1 26417 23 0 1000 7000 0 1 1 0 1000 50 35000
0 998 0 1 26439 22 0 1000 7000 0 1 1 0 1000 50 35000
0 1001 0 1 26462 23 0 1000 7000 0 1 1 0 1000 50 35000
0 1007 0 1 26484 22 0 1000 7000 0 1 1 0 1000 50 35000
0 966 0 1 26507 23 0 1000 7000 0 1 1 0 1000 50 35000
0 1000 0 1 26529 22 0 1000 7000 0 1 1 0 1000 50 35000
0 997 0 1 26552 23 0 1000 7000 0 1 1 0 1000 50 35000
0 933 0 1 26574 22 0 1000 7000 0 1 1 0 1000 50 35000
0 981 0 1 26597 23 0 1000 7000 0 1 1 0 1000 50 35000
0 970 0 1 26619 22 0 1000 7000 0 1 1 0 1000 50 35000
0 915 0 1 26642 23 0 1000 7000 0 1 1 0 1000 50 35000
0 973 0 1 26664 22 0 1000 7000 0 1 1 0 1000 50 35000
0 960 0 1 26687 23 0 1000 7000 0 1 1 0 1000 50 35000
0 949 0 1 26710 23 0 1000 7000 0 1 1 0 1000 50 35000
0 1023 0 1 26732 22 0 1000 7000 0 1 1 0 1000 50 35000
0 961 0 1 26755 23 0 1000 7000 0 1 1 0 1000 50 35000
0 961 0 1 26777 22 0 1000 7000 0 1 1 0 1000 50 35000
0 1023 0 1 26800 23 0 1000 7000 0 1 1 0 1000 50 35000
0 959 0 1 26822 22 0 1000 7000 0 1 1 0 1000 50 35000
0 968 0 1 26845 23 0 1000 7000 0 1 1 0 1000 50 35000
0 991 0 1 26867 22 0 1000 7000 0 1 1 0 1000 50 35000
0 925 0 1 26890 23 0 1000 7000 0 1 1 0 1000 50 35000
0 972 0 1 26912 22 0 1000 7000 0 1 1 0 1000 50 35000
0 959 0 1 26935 23 0 1000 7000 0 1 1 0 1000 50 35000
0 914 0 1 26957 22 0 1000 7000 0 1 1 0 1000 50 35000
0 970 0 1 26980 23 0 1000 7000 0 1 1 0 1000 50 35000
0 967 0 1 27002 22 0 1000 7000 0 1 1 0 1000 50 35000
0 914 0 1 27025 23 0 1000 7000 0 1 1 0 1000 50 35000
0 970 0 1 27047 22 0 1000 7000 0 1 1 0 1000 50 35000
0 962 0 1 27070 23 0 1000 7000 0 1 1 0 1000 50 35000
0 942 0 1 27092 22 0 1000 7000 0 1 1 0 1000 50 35000
0 1023 0 1 27115 23 0 1000 7000 0 1 1 0 1000 50 35000
0 959 0 1 27138 23 0 1000 7000 0 1 1 0 1000 50 35000
0 957 0 1 27160 22 0 1000 7000 0 1 1 0 1000 50 35000
0 1011 0 1 27183 23 0 1000 7000 0 1 1 0 1000 50 35000
0 958 0 1 27205 22 0 1000 7000 0 1 1 0 1000 50 35000
0 966 0 1 27228 23 0 1000 7000 0 1 1 0 1000 50 35000
0 1010 0 1 27250 22 0 1000 7000 0 1 1 0 1000 50 35000
0 968 0 1 27273 23 0 1000 7000 0 1 1 0 1000 50 35000
0 986 0 1 27295 22 0 1000 7000 0 1 1 0 1000 50 35000
0 991 0 1 27319 24 0 1000 7000 0 1 1 0 1000 50 35000
0 957 0 1 27341 22 0 1000 7000 0 1 1 0 1000 50 35000
0 1002 0 1 27364 23 0 1000 7000 0 1 1 0 1000 50 35000
0 1001 0 1 27386 22 0 1000 7000 0 1 1 0 1000 50 35000
0 965 0 1 27409 23 0 1000 7000 0 1 1 0 1000 50 35000
0 1006 0 1 27431 22 0 1000 7000 0 1 1 0 1000 50 35000
0 1012 0 1 27454 23 0 1000 7000 0 1 1 0 1000 50 35000
0 1015 0 1 27476 22 0 1000 7000 0 1 1 0 1000 50 35000
0 1019 0 1 27499 23 0 1000 7000 0 1 1 0 1000 50 35000
0 1016 0 1 27522 23 0 1000 7000 0 1 1 0 1000 50 35000
0 1016 0 1 27544 22 0 1000 7000 0 1 1 0 1000 50 35000
0 1018 0 1 27567 23 0 1000 7000 0 1 1 0 1000 50 35000
0 1005 0 1 27589 22 0 1000 7000 0 1 1 0 1000 50 35000
0 1000 0 1 27612 23 0 1000 7000 0 1 1 0 1000 50 35000
0 1006 0 1 27634 22 0 1000 7000 0 1 1 0 1000 50 35000
0 988 0 1 27657 23 0 1000 7000 0 1 1 0 1000 50 35000
0 997 0 1 27679 22 0 1000 7000 0 1 1 0 1000 50 35000
0 998 0 1 27702 23 0 1000 7000 0 1 1 0 1000 50 35000
0 977 0 1 27724 22 0 1000 7000 0 1 1 0 1000 50 35000
0 997 0 1 27747 23 0 1000 7000 0 1 1 0 1000 50 35000
0 995 0 1 27769 22 0 1000 7000 0 1 1 0 1000 50 35000
0 973 0 1 27792 23 0 1000 7000 0 1 1 0 1000 50 35000
0 996 0 1 27814 22 0 1000 7000 0 1 1 0 1000 50 35000
0 993 0 1 27837 23 0 1000 7000 0 1 1 0 1000 50 35000
0 982 0 1 27859 22 0 1000 7000 0 1 1 0 1000 50 35000
0 1023 0 1 27882 23 0 1000 7000 0 1 1 0 1000 50 35000
0 991 0 1 27905 23 0 1000 7000 0 1 1 0 1000 50 35000
0 989 0 1 27927 22 0 1000 7000 0 1 1 0 1000 50 35000
0 1023 0 1 27950 23 0 1000 7000 0 1 1 0 1000 50 35000
0 991 0 1 27972 22 0 1000 7000 0 1 1 0 1000 50 35000
0 991 0 1 27995 23 0 1000 7000 0 1 1 0 1000 50 35000
0 1012 0 1 28017 22 0 1000 7000 0 1 1 0 1000 50 35000
0 990 0 1 28040 23 0 1000 7000 0 1 1 0 1000 50 35000
0 996 0 1 28062 22 0 1000 7000 0 1 1 0 1000 50 35000
0 998 0 1 28085 23 0 1000 7000 0 1 1 0 1000 50 35000
0 974 0 1 28107 22 0 1000 7000 0 1 1 0 1000 50 35000
0 995 0 1 28130 23 0 1000 7000 0 1 1 0 1000 50 35000
0 994 0 1 28153 23 0 1000 7000 0 1 1 0 1000 50 35000
0 965 0 1 28176 23 0 1000 7000 0 1 1 0 1000 50 35000
0 995 0 1 28198 22 0 1000 7000 0 1 1 0 1000 50 35000
0 992 0 1 28221 23 0 1000 7000 0 1 1 0 1000 50 35000
0 986 0 1 28243 22 0 1000 7000 0 1 1 0 1000 50 35000
0 1023 0 1 28266 23 0 1000 7000 0 1 1 0 1000 50 35000
0 990 0 1 28289 23 0 1000 7000 0 1 1 0 1000 50 35000
0 989 0 1 28311 22 0 1000 7000 0 1 1 0 1000 50 35000
0 1014 0 1 28334 23 0 1000 7000 0 1 1 0 1000 50 35000
0 991 0 1 28356 22 0 1000 7000 0 1 1 0 1000 50 35000
0 993 0 1 28379 23 0 1000 7000 0 1 1 0 1000 50 35000
0 1016 0 1 28401 22 0 1000 7000 0 1 1 0 1000 50 35000
0 993 0 1 28424 23 0 1000 7000 0 1 1 0 1000 50 35000
0 996 0 1 28446 22 0 1000 7000 0 1 1 0 1000 50 35000
0 1001 0 1 28469 23 0 1000 7000 0 1 1 0 1000 50 35000
0 976 0 1 28491 22 0 1000 7000 0 1 1 0 1000 50 35000
0 998 0 1 28514 23 0 1000 7000 0 1 1 0 1000 50 35000
0 987 0 1 28536 22 0 1000 7000 0 1 1 0 1000 50 35000
0 971 0 1 28559 23 0 1000 7000 0 1 1 0 1000 50 35000
0 997 0 1 28581 22 0 1000 7000 0 1 1 0 1000 50 35000
0 996 0 1 28604 23 0 1000 7000 0 1 1 0 1000 50 35000
0 986 0 1 28626 22 0 1000 7000 0 1 1 0 1000 50 35000
0 1002 0 1 28649 23 0 1000 7000 0 1 1 0 1000 50 35000
0 1001 0 1 28672 23 0 1000 7000 0 1 1 0 1000 50 35000
0 999 0 1 28694 22 0 1000 7000 0 1 1 0 1000 50 35000
0 1023 0 1 28717 23 0 1000 7000 0 1 1 0 1000 50 35000
0 994 0 1 28739 22 0 1000 7000 0 1 1 0 1000 50 35000
0 990 0 1 28762 23 0 1000 7000 0 1 1 0 1000 50 35000
0 1012 0 1 28784 22 0 1000 7000 0 1 1 0 1000 50 35000
0 996 0 1 28807 23 0 1000 7000 0 1 1 0 1000 50 35000
0 998 0 1 28829 22 0 1000 7000 0 1 1 0 1000 50 35000
0 1002 0 1 28852 23 0 1000 7000 0 1 1 0 1000 50 35000
0 973 0 1 28874 22 0 1000 7000 0 1 1 0 1000 50 35000
0 999 0 1 28897 23 0 1000 7000 0 1 1 0 1000 50 35000
0 1000 0 1 28919 22 0 1000 7000 0 1 1 0 1000 50 35000
0 974 0 1 28942 23 0 1000 7000 0 1 1 0 1000 50 35000
0 1001 0 1 28964 22 0 1000 7000 0 1 1 0 1000 50 35000
0 998 0 1 28987 23 0 1000 7000 0 1 1 0 1000 50 35000
0 992 0 1 29009 22 0 1000 7000 0 1 1 0 1000 50 35000
0 1002 0 1 29032 23 0 1000 7000 0 1 1 0 1000 50 35000
0 996 0 1 29054 22 0 1000 7000 0 1 1 0 1000 50 35000
0 995 0 1 29077 23 0 1000 7000 0 1 1 0 1000 50 35000
0 1010 0 1 29100 23 0 1000 7000 0 1 1 0 1000 50 35000
0 997 0 1 29122 22 0 1000 7000 0 1 1 0 1000 50 35000
0 998 0 1 29145 23 0 1000 7000 0 1 1 0 1000 50 35000
0 1012 0 1 29167 22 0 1000 7000 0 1 1 0 1000 50 35000
0 997 0 1 29191 24 0 1000 7000 0 1 1 0 1000 50 35000
0 1000 0 1 29213 22 0 1000 7000 0 1 1 0 1000 50 35000
0 1005 0 1 29236 23 0 1000 7000 0 1 1 0 1000 50 35000
0 978 0 1 29258 22 0 1000 7000 0 1 1 0 1000 50 35000
0 997 0 1 29281 23 0 1000 7000 0 1 1 0 1000 50 35000
0 986 0 1 29303 22 0 1000 7000 0 1 1 0 1000 50 35000
0 979 0 1 29326 23 0 1000 7000 0 1 1 0 1000 50 35000
0 1000 0 1 29348 22 0 1000 7000 0 1 1 0 1000 50 35000
0 999 0 1 29371 23 0 1000 7000 0 1 1 0 1000 50 35000
0 990 0 1 29393 22 0 1000 7000 0 1 1 0 1000 50 35000
0 1002 0 1 29416 23 0 1000 7000 0 1 1 0 1000 50 35000
0 997 0 1 29438 22 0 1000 7000 0 1 1 0 1000 50 35000
0 996 0 1 29461 23 0 1000 7000 0 1 1 0 1000 50 35000
0 1009 0 1 29484 23 0 1000 7000 0 1 1 0 1000 50 35000
0 997 0 1 29506 22 0 1000 7000 0 1 1 0 1000 50 35000
0 995 0 1 29529 23 0 1000 7000 0 1 1 0 1000 50 35000
0 1010 0 1 29551 22 0 1000 7000 0 1 1 0 1000 50 35000
0 998 0 1 29574 23 0 1000 7000 0 1 1 0 1000 50 35000
0 1001 0 1 29596 22 0 1000 7000 0 1 1 0 1000 50 35000
0 1005 0 1 29619 23 0 1000 7000 0 1 1 0 1000 50 35000
0 977 0 1 29641 22 0 1000 7000 0 1 1 0 1000 50 35000
0 1000 0 1 29664 23 0 1000 7000 0 1 1 0 1000 50 35000
0 1000 0 1 29686 22 0 1000 7000 0 1 1 0 1000 50 35000
0 976 0 1 29709 23 0 1000 7000 0 1 1 0 1000 50 35000
0 1002 0 1 29731 22 0 1000 7000 0 1 1 0 1000 50 35000
0 1000 0 1 29754 23 0 1000 7000 0 1 1 0 1000 50 35000
0 992 0 1 29776 22 0 1000 7000 0 1 1 0 1000 50 35000
0 1001 0 1 29799 23 0 1000 7000 0 1 1 0 1000 50 35000
0 992 0 1 29821 22 0 1000 7000 0 1 1 0 1000 50 35000
0 989 0 1 29844 23 0 1000 7000 0 1 1 0 1000 50 35000
0 1008 0 1 29867 23 0 1000 7000 0 1 1 0 1000 50 35000
0 975 0 1 29889 22 0 1000 7000 0 1 1 0 1000 50 35000
0 975 0 1 29912 23 0 1000 7000 0 1 1 0 1000 50 35000
0 1005 0 1 29934 22 0 1000 7000 0 1 1 0 1000 50 35000
0 970 0 1 29958 24 0 1000 7000 0 1 1 0 1000 50 35000
0 974 0 1 29980 22 0 1000 7000 0 1 1 0 1000 50 35000
0 984 0 1 30003 23 0 1000 7000 0 1 1 0 1000 50 35000
0 921 0 1 30025 22 0 1000 7000 0 1 1 0 1000 50 35000
0 977 0 1 30048 23 0 1000 7000 0 1 1 0 1000 50 35000
0 983 0 1 30070 22 0 1000 7000 0 1 1 0 1000 50 35000
0 932 0 1 30093 23 0 1000 7000 0 1 1 0 1000 50 35000
0 979 0 1 30115 22 0 1000 7000 0 1 1 0 1000 50 35000
0 971 0 1 30138 23 0 1000 7000 0 1 1 0 1000 50 35000
0 955 0 1 30160 22 0 1000 7000 0 1 1 0 1000 50 35000
0 980 0 1 30183 23 0 1000 7000 0 1 1 0 1000 50 35000
0 969 0 1 30205 22 0 1000 7000 0 1 1 0 1000 50 35000
0 967 0 1 30228 23 0 1000 7000 0 1 1 0 1000 50 35000
0 1000 0 1 30251 23 0 1000 7000 0 1 1 0 1000 50 35000
0 972 0 1 30273 22 0 1000 7000 0 1 1 0 1000 50 35000
0 970 0 1 30296 23 0 1000 7000 0 1 1 0 1000 50 35000
0 1014 0 1 30318 22 0 1000 7000 0 1 1 0 1000 50 35000
0 971 0 1 30341 23 0 1000 7000 0 1 1 0 1000 50 35000
0 976 0 1 30363 22 0 1000 7000 0 1 1 0 1000 50 35000
0 1000 0 1 30386 23 0 1000 7000 0 1 1 0 1000 50 35000
0 919 0 1 30408 22 0 1000 7000 0 1 1 0 1000 50 35000
0 979 0 1 30431 23 0 1000 7000 0 1 1 0 1000 50 35000
0 979 0 1 30453 22 0 1000 7000 0 1 1 0 1000 50 35000
0 949 0 1 30476 23 0 1000 7000 0 1 1 0 1000 50 35000
0 981 0 1 30498 22 0 1000 7000 0 1 1 0 1000 50 35000
0 978 0 1 30521 23 0 1000 7000 0 1 1 0 1000 50 35000
0 952 0 1 30543 22 0 1000 7000 0 1 1 0 1000 50 35000
0 981 0 1 30566 23 0 1000 7000 0 1 1 0 1000 50 35000
0 974 0 1 30588 22 0 1000 7000 0 1 1 0 1000 50 35000
0 970 0 1 30611 23 0 1000 7000 0 1 1 0 1000 50 35000
0 1010 0 1 30633 22 0 1000 7000 0 1 1 0 1000 50 35000
0 975 0 1 30656 23 0 1000 7000 0 1 1 0 1000 50 35000
0 966 0 1 30679 23 0 1000 7000 0 1 1 0 1000 50 35000
0 1013 0 1 30701 22 0 1000 7000 0 1 1 0 1000 50 35000
0 975 0 1 30724 23 0 1000 7000 0 1 1 0 1000 50 35000
0 979 0 1 30746 22 0 1000 7000 0 1 1 0 1000 50 35000
0 995 0 1 30769 23 0 1000 7000 0 1 1 0 1000 50 35000
0 970 0 1 30791 22 0 1000 7000 0 1 1 0 1000 50 35000
0 983 0 1 30814 23 0 1000 7000 0 1 1 0 1000 50 35000
0 984 0 1 30836 22 0 1000 7000 0 1 1 0 1000 50 35000
0 965 0 1 30859 23 0 1000 7000 0 1 1 0 1000 50 35000
0 987 0 1 30881 22 0 1000 7000 0 1 1 0 1000 50 35000
0 983 0 1 30904 23 0 1000 7000 0 1 1 0 1000 50 35000
0 964 0 1 30926 22 0 1000 7000 0 1 1 0 1000 50 35000
0 987 0 1 30949 23 0 1000 7000 0 1 1 0 1000 50 35000
0 983 0 1 30971 22 0 1000 7000 0 1 1 0 1000 50 35000
0 974 0 1 30994 23 0 1000 7000 0 1 1 0 1000 50 35000
0 1022 0 1 31016 22 0 1000 7000 0 1 1 0 1000 50 35000
0 983 0 1 31039 23 0 1000 7000 0 1 1 0 1000 50 35000
0 984 0 1 31062 23 0 1000 7000 0 1 1 0 1000 50 35000
0 1009 0 1 31084 22 0 1000 7000 0 1 1 0 1000 50 35000
0 982 0 1 31107 23 0 1000 7000 0 1 1 0 1000 50 35000
0 984 0 1 31129 22 0 1000 7000 0 1 1 0 1000 50 35000
0 1000 0 1 31152 23 0 1000 7000 0 1 1 0 1000 50 35000
0 980 0 1 31174 22 0 1000 7000 0 1 1 0 1000 50 35000
0 986 0 1 31197 23 0 1000 7000 0 1 1 0 1000 50 35000
0 987 0 1 31219 22 0 1000 7000 0 1 1 0 1000 50 35000
0 955 0 1 31242 23 0 1000 7000 0 1 1 0 1000 50 35000
0 979 0 1 31264 22 0 1000 7000 0 1 1 0 1000 50 35000
0 975 0 1 31287 23 0 1000 7000 0 1 1 0 1000 50 35000
0 933 0 1 31309 22 0 1000 7000 0 1 1 0 1000 50 35000
0 974 0 1 31332 23 0 1000 7000 0 1 1 0 1000 50 35000
0 969 0 1 31354 22 0 1000 7000 0 1 1 0 1000 50 35000
0 958 0 1 31377 23 0 1000 7000 0 1 1 0 1000 50 35000
0 1011 0 1 31399 22 0 1000 7000 0 1 1 0 1000 50 35000
0 959 0 1 31423 24 0 1000 7000 0 1 1 0 1000 50 35000
0 958 0 1 31446 23 0 1000 7000 0 1 1 0 1000 50 35000
0 985 0 1 31468 22 0 1000 7000 0 1 1 0 1000 50 35000
0 954 0 1 31491 23 0 1000 7000 0 1 1 0 1000 50 35000
0 964 0 1 31513 22 0 1000 7000 0 1 1 0 1000 50 35000
0 991 0 1 31536 23 0 1000 7000 0 1 1 0 1000 50 35000
0 954 0 1 31558 22 0 1000 7000 0 1 1 0 1000 50 35000
0 964 0 1 31581 23 0 1000 7000 0 1 1 0 1000 50 35000
0 970 0 1 31603 22 0 1000 7000 0 1 1 0 1000 50 35000
0 907 0 1 31626 23 0 1000 7000 0 1 1 0 1000 50 35000
0 964 0 1 31648 22 0 1000 7000 0 1 1 0 1000 50 35000
0 962 0 1 31671 23 0 1000 7000 0 1 1 0 1000 50 35000
0 920 0 1 31693 22 0 1000 7000 0 1 1 0 1000 50 35000
0 966 0 1 31716 23 0 1000 7000 0 1 1 0 1000 50 35000
0 961 0 1 31738 22 0 1000 7000 0 1 1 0 1000 50 35000
0 944 0 1 31761 23 0 1000 7000 0 1 1 0 1000 50 35000
0 967 0 1 31783 22 0 1000 7000 0 1 1 0 1000 50 35000
0 956 0 1 31806 23 0 1000 7000 0 1 1 0 1000 50 35000
0 955 0 1 31828 22 0 1000 7000 0 1 1 0 1000 50 35000
0 989 0 1 31851 23 0 1000 7000 0 1 1 0 1000 50 35000
0 957 0 1 31874 23 0 1000 7000 0 1 1 0 1000 50 35000
0 959 0 1 31896 22 0 1000 7000 0 1 1 0 1000 50 35000
0 1000 0 1 31919 23 0 1000 7000 0 1 1 0 1000 50 35000
0 961 0 1 31941 22 0 1000 7000 0 1 1 0 1000 50 35000
0 963 0 1 31964 23 0 1000 7000 0 1 1 0 1000 50 35000
0 973 0 1 31986 22 0 1000 7000 0 1 1 0 1000 50 35000
0 908 0 1 32009 23 0 1000 7000 0 1 1 0 1000 50 35000
0 966 0 1 32031 22 0 1000 7000 0 1 1 0 1000 50 35000
0 965 0 1 32054 23 0 1000 7000 0 1 1 0 1000 50 35000
0 934 0 1 32076 22 0 1000 7000 0 1 1 0 1000 50 35000
0 967 0 1 32099 23 0 1000 7000 0 1 1 0 1000 50 35000
0 962 0 1 32121 22 0 1000 7000 0 1 1 0 1000 50 35000
0 933 0 1 32144 23 0 1000 7000 0 1 1 0 1000 50 35000
0 965 0 1 32166 22 0 1000 7000 0 1 1 0 1000 50 35000
0 959 0 1 32189 23 0 1000 7000 0 1 1 0 1000 50 35000
0 953 0 1 32211 22 0 1000 7000 0 1 1 0 1000 50 35000
0 1011 0 1 32234 23 0 1000 7000 0 1 1 0 1000 50 35000
0 959 0 1 32257 23 0 1000 7000 0 1 1 0 1000 50 35000
0 952 0 1 32279 22 0 1000 7000 0 1 1 0 1000 50 35000
0 1001 0 1 32302 23 0 1000 7000 0 1 1 0 1000 50 35000
0 957 0 1 32324 22 0 1000 7000 0 1 1 0 1000 50 35000
0 963 0 1 32347 23 0 1000 7000 0 1 1 0 1000 50 35000
0 975 0 1 32369 22 0 1000 7000 0 1 1 0 1000 50 35000
0 957 0 1 32392 23 0 1000 7000 0 1 1 0 1000 50 35000
0 968 0 1 32414 22 0 1000 7000 0 1 1 0 1000 50 35000
0 967 0 1 32437 23 0 1000 7000 0 1 1 0 1000 50 35000
0 936 0 1 32459 22 0 1000 7000 0 1 1 0 1000 50 35000
0 966 0 1 32482 23 0 1000 7000 0 1 1 0 1000 50 35000
0 962 0 1 32504 22 0 1000 7000 0 1 1 0 1000 50 35000
0 925 0 1 32527 23 0 1000 7000 0 1 1 0 1000 50 35000
0 968 0 1 32549 22 0 1000 7000 0 1 1 0 1000 50 35000
0 960 0 1 32572 23 0 1000 7000 0 1 1 0 1000 50 35000
0 953 0 1 32594 22 0 1000 7000 0 1 1 0 1000 50 35000
0 1010 0 1 32617 23 0 1000 7000 0 1 1 0 1000 50 35000
0 957 0 1 32640 23 0 1000 7000 0 1 1 0 1000 50 35000
0 956 0 1 32662 22 0 1000 7000 0 1 1 0 1000 50 35000
0 988 0 1 32685 23 0 1000 7000 0 1 1 0 1000 50 35000
0 957 0 1 32707 22 0 1000 7000 0 1 1 0 1000 50 35000
0 960 0 1 32730 23 0 1000 7000 0 1 1 0 1000 50 35000
0 989 0 1 32752 22 0 1000 7000 0 1 1 0 1000 50 35000
0 958 0 1 32775 23 0 1000 7000 0 1 1 0 1000 50 35000
0 965 0 1 32797 22 0 1000 7000 0 1 1 0 1000 50 35000
0 973 0 1 32820 23 0 1000 7000 0 1 1 0 1000 50 35000
0 903 0 1 32842 22 0 1000 7000 0 1 1 0 1000 50 35000
0 966 0 1 32865 23 0 1000 7000 0 1 1 0 1000 50 35000
0 964 0 1 32887 22 0 1000 7000 0 1 1 0 1000 50 35000
0 927 0 1 32910 23 0 1000 7000 0 1 1 0 1000 50 35000
0 967 0 1 32932 22 0 1000 7000 0 1 1 0 1000 50 35000
0 960 0 1 32955 23 0 1000 7000 0 1 1 0 1000 50 35000
0 942 0 1 32977 22 0 1000 7000 0 1 1 0 1000 50 35000
0 968 0 1 33000 23 0 1000 7000 0 1 1 0 1000 50 35000
0 957 0 1 33022 22 0 1000 7000 0 1 1 0 1000 50 35000
0 954 0 1 33045 23 0 1000 7000 0 1 1 0 1000 50 35000
0 1003 0 1 33068 23 0 1000 7000 0 1 1 0 1000 50 35000
0 959 0 1 33090 22 0 1000 7000 0 1 1 0 1000 50 35000
0 962 0 1 33113 23 0 1000 7000 0 1 1 0 1000 50 35000
0 1002 0 1 33135 22 0 1000 7000 0 1 1 0 1000 50 35000
0 956 0 1 33158 23 0 1000 7000 0 1 1 0 1000 50 35000
0 962 0 1 33180 22 0 1000 7000 0 1 1 0 1000 50 35000
0 972 0 1 33203 23 0 1000 7000 0 1 1 0 1000 50 35000
0 918 0 1 33225 22 0 1000 7000 0 1 1 0 1000 50 35000
0 968 0 1 33248 23 0 1000 7000 0 1 1 0 1000 50 35000
0 970 0 1 33270 22 0 1000 7000 0 1 1 0 1000 50 35000
0 938 0 1 33293 23 0 1000 7000 0 1 1 0 1000 50 35000
0 967 0 1 33315 22 0 1000 7000 0 1 1 0 1000 50 35000
0 965 0 1 33338 23 0 1000 7000 0 1 1 0 1000 50 35000
0 933 0 1 33360 22 0 1000 7000 0 1 1 0 1000 50 35000
0 969 0 1 33383 23 0 1000 7000 0 1 1 0 1000 50 35000
0 960 0 1 33405 22 0 1000 7000 0 1 1 0 1000 50 35000
0 951 0 1 33428 23 0 1000 7000 0 1 1 0 1000 50 35000
0 1013 0 1 33452 24 0 1000 7000 0 1 1 0 1000 50 35000
0 959 0 1 33474 22 0 1000 7000 0 1 1 0 1000 50 35000
0 960 0 1 33497 23 0 1000 7000 0 1 1 0 1000 50 35000
0 1001 0 1 33519 22 0 1000 7000 0 1 1 0 1000 50 35000
0 955 0 1 33542 23 0 1000 7000 0 1 1 0 1000 50 35000
0 959 0 1 33564 22 0 1000 7000 0 1 1 0 1000 50 35000
0 982 0 1 33587 23 0 1000 7000 0 1 1 0 1000 50 35000
0 957 0 1 33609 22 0 1000 7000 0 1 1 0 1000 50 35000
0 968 0 1 33632 23 0 1000 7000 0 1 1 0 1000 50 35000
0 968 0 1 33654 22 0 1000 7000 0 1 1 0 1000 50 35000
0 936 0 1 33677 23 0 1000 7000 0 1 1 0 1000 50 35000
0 968 0 1 33699 22 0 1000 7000 0 1 1 0 1000 50 35000
0 965 0 1 33722 23 0 1000 7000 0 1 1 0 1000 50 35000
0 934 0 1 33744 22 0 1000 7000 0 1 1 0 1000 50 35000
0 974 0 1 33767 23 0 1000 7000 0 1 1 0 1000 50 35000
0 975 0 1 33789 22 0 1000 7000 0 1 1 0 1000 50 35000
0 981 0 1 33812 23 0 1000 7000 0 1 1 0 1000 50 35000
0 1022 0 1 33835 23 0 1000 7000 0 1 1 0 1000 50 35000
0 992 0 1 33857 22 0 1000 7000 0 1 1 0 1000 50 35000
0 1002 0 1 33880 23 0 1000 7000 0 1 1 0 1000 50 35000
0 1013 0 1 33902 22 0 1000 7000 0 1 1 0 1000 50 35000
0 1010 0 1 33925 23 0 1000 7000 0 1 1 0 1000 50 35000
0 1016 0 1 33947 22 0 1000 7000 0 1 1 0 1000 50 35000
0 1016 0 1 33970 23 0 1000 7000 0 1 1 0 1000 50 35000
0 1014 0 1 33992 22 0 1000 7000 0 1 1 0 1000 50 35000
0 1016 0 1 34015 23 0 1000 7000 0 1 1 0 1000 50 35000
0 1011 0 1 34037 22 0 1000 7000 0 1 1 0 1000 50 35000
0 1014 0 1 34060 23 0 1000 7000 0 1 1 0 1000 50 35000
0 1016 0 1 34082 22 0 1000 7000 0 1 1 0 1000 50 35000
0 1015 0 1 34105 23 0 1000 7000 0 1 1 0 1000 50 35000
0 1014 0 1 34127 22 0 1000 7000 0 1 1 0 1000 50 35000
0 1017 0 1 34150 23 0 1000 7000 0 1 1 0 1000 50 35000
0 1013 0 1 34173 23 0 1000 7000 0 1 1 0 1000 50 35000
0 1015 0 1 34196 23 0 1000 7000 0 1 1 0 1000 50 35000
0 1017 0 1 34219 23 0 1000 7000 0 1 1 0 1000 50 35000
0 1014 0 1 34241 22 0 1000 7000 0 1 1 0 1000 50 35000
0 1015 0 1 34264 23 0 1000 7000 0 1 1 0 1000 50 35000
0 1018 0 1 34286 22 0 1000 7000 0 1 1 0 1000 50 35000
0 1015 0 1 34309 23 0 1000 7000 0 1 1 0 1000 50 35000
0 1016 0 1 34331 22 0 1000 7000 0 1 1 0 1000 50 35000
0 1015 0 1 34354 23 0 1000 7000 0 1 1 0 1000 50 35000
0 1011 0 1 34376 22 0 1000 7000 0 1 1 0 1000 50 35000
0 1015 0 1 34399 23 0 1000 7000 0 1 1 0 1000 50 35000
0 1017 0 1 34421 22 0 1000 7000 0 1 1 0 1000 50 35000
0 1013 0 1 34444 23 0 1000 7000 0 1 1 0 1000 50 35000
0 1016 0 1 34466 22 0 1000 7000 0 1 1 0 1000 50 35000
0 1014 0 1 34489 23 0 1000 7000 0 1 1 0 1000 50 35000
0 1015 0 1 34511 22 0 1000 7000 0 1 1 0 1000 50 35000
0 1016 0 1 34534 23 0 1000 7000 0 1 1 0 1000 50 35000
0 1016 0 1 34556 22 0 1000 7000 0 1 1 0 1000 50 35000
0 1016 0 1 34580 24 0 1000 7000 0 1 1 0 1000 50 35000
0 1016 0 1 34603 23 0 1000 7000 0 1 1 0 1000 50 35000
0 1015 0 1 34625 22 0 1000 7000 0 1 1 0 1000 50 35000
0 1015 0 1 34648 23 0 1000 7000 0 1 1 0 1000 50 35000
0 1016 0 1 34670 22 0 1000 7000 0 1 1 0 1000 50 35000
0 1015 0 1 34693 23 0 1000 7000 0 1 1 0 1000 50 35000
0 1016 0 1 34715 22 0 1000 7000 0 1 1 0 1000 50 35000
0 1019 0 1 34738 23 0 1000 7000 0 1 1 0 1000 50 35000
0 1014 0 1 34760 22 0 1000 7000 0 1 1 0 1000 50 35000
0 1016 0 1 34783 23 0 1000 7000 0 1 1 0 1000 50 35000
0 1015 0 1 34805 22 0 1000 7000 0 1 1 0 1000 50 35000
0 1013 0 1 34828 23 0 1000 7000 0 1 1 0 1000 50 35000
0 1016 0 1 34850 22 0 1000 7000 0 1 1 0 1000 50 35000
0 1015 0 1 34873 23 0 1000 7000 0 1 1 0 1000 50 35000
0 1017 0 1 34895 22 0 1000 7000 0 1 1 0 1000 50 35000
0 1014 0 1 34918 23 0 1000 7000 0 1 1 0 1000 50 35000
0 1015 0 1 34940 22 0 1000 7000 0 1 1 0 1000 50 35000
0 1017 0 1 34963 23 0 1000 7000 0 1 1 0 1000 50 35000
0 1018 0 1 34987 24 0 1000 7000 0 1 1 0 1000 50 35000
0 1015 0 1 35009 22 0 1000 7000 0 1 1 0 1000 50 35000
0 1016 0 1 35032 23 0 1000 7000 0 1 1 0 1000 50 35000
0 1015 0 1 35054 22 0 1000 7000 0 1 1 0 1000 50 35000
0 1011 0 1 35077 23 0 1000 7000 0 1 1 0 1000 50 35000
0 1016 0 1 35099 22 0 1000 7000 0 1 1 0 1000 50 35000
0 1015 0 1 35122 23 0 1000 7000 0 1 1 0 1000 50 35000
0 1013 0 1 35144 22 0 1000 7000 0 1 1 0 1000 50 35000
0 1015 0 1 35167 23 0 1000 7000 0 1 1 0 1000 50 35000
0 1015 0 1 35189 22 0 1000 7000 0 1 1 0 1000 50 35000
0 1015 0 1 35212 23 0 1000 7000 0 1 1 0 1000 50 35000
0 1016 0 1 35234 22 0 1000 7000 0 1 1 0 1000 50 35000
0 1015 0 1 35257 23 0 1000 7000 0 1 1 0 1000 50 35000
0 1015 0 1 35279 22 0 1000 7000 0 1 1 0 1000 50 35000
0 1017 0 1 35302 23 0 1000 7000 0 1 1 0 1000 50 35000
0 1015 0 1 35324 22 0 1000 7000 0 1 1 0 1000 50 35000
0 1015 0 1 35347 23 0 1000 7000 0 1 1 0 1000 50 35000
0 1017 0 1 35369 22 0 1000 7000 0 1 1 0 1000 50 35000
0 1015 0 1 35393 24 0 1000 7000 0 1 1 0 1000 50 35000
0 1016 0 1 35416 23 0 1000 7000 0 1 1 0 1000 50 35000
0 1015 0 1 35438 22 0 1000 7000 0 1 1 0 1000 50 35000
0 1013 0 1 35461 23 0 1000 7000 0 1 1 0 1000 50 35000
0 1015 0 1 35483 22 0 1000 7000 0 1 1 0 1000 50 35000
0 1015 0 1 35506 23 0 1000 7000 0 1 1 0 1000 50 35000
0 1013 0 1 35528 22 0 1000 7000 0 1 1 0 1000 50 35000
0 1016 0 1 35551 23 0 1000 7000 0 1 1 0 1000 50 35000
0 1015 0 1 35573 22 0 1000 7000 0 1 1 0 1000 50 35000
0 1016 0 1 35596 23 0 1000 7000 0 1 1 0 1000 50 35000
0 1019 0 1 35618 22 0 1000 7000 0 1 1 0 1000 50 35000
0 1015 0 1 35641 23 0 1000 7000 0 1 1 0 1000 50 35000
0 1015 0 1 35663 22 0 1000 7000 0 1 1 0 1000 50 35000
0 1023 0 1 35686 23 0 1000 7000 0 1 1 0 1000 50 35000
0 1015 0 1 35708 22 0 1000 7000 0 1 1 0 1000 50 35000
0 1015 0 1 35731 23 0 1000 7000 0 1 1 0 1000 50 35000
0 1015 0 1 35753 22 0 1000 7000 0 1 1 0 1000 50 35000
0 1016 0 1 35776 23 0 1000 7000 0 1 1 0 1000 50 35000
0 1017 0 1 35800 24 0 1000 7000 0 1 1 0 1000 50 35000
0 1015 0 1 35822 22 0 1000 7000 0 1 1 0 1000 50 35000
0 1013 0 1 35845 23 0 1000 7000 0 1 1 0 1000 50 35000
0 1015 0 1 35867 22 0 1000 7000 0 1 1 0 1000 50 35000
0 1015 0 1 35890 23 0 1000 7000 0 1 1 0 1000 50 35000
0 1009 0 1 35912 22 0 1000 7000 0 1 1 0 1000 50 35000
0 1015 0 1 35935 23 0 1000 7000 0 1 1 0 1000 50 35000
0 1014 0 1 35957 22 0 1000 7000 0 1 1 0 1000 50 35000
0 1014 0 1 35980 23 0 1000 7000 0 1 1 0 1000 50 35000
0 1016 0 1 36002 22 0 1000 7000 0 1 1 0 1000 50 35000
0 1015 0 1 36025 23 0 1000 7000 0 1 1 0 1000 50 35000
0 1015 0 1 36047 22 0 1000 7000 0 1 1 0 1000 50 35000
0 1017 0 1 36070 23 0 1000 7000 0 1 1 0 1000 50 35000
0 1015 0 1 36092 22 0 1000 7000 0 1 1 0 1000 50 35000
0 1015 0 1 36115 23 0 1000 7000 0 1 1 0 1000 50 35000
0 1015 0 1 36137 22 0 1000 7000 0 1 1 0 1000 50 35000
0 1012 0 1 36160 23 0 1000 7000 0 1 1 0 1000 50 35000
0 1015 0 1 36183 23 0 1000 7000 0 1 1 0 1000 50 35000
0 1015 0 1 36205 22 0 1000 7000 0 1 1 0 1000 50 35000
0 1014 0 1 36229 24 0 1000 7000 0 1 1 0 1000 50 35000
0 1016 0 1 36251 22 0 1000 7000 0 1 1 0 1000 50 35000
0 1015 0 1 36274 23 0 1000 7000 0 1 1 0 1000 50 35000
0 1015 0 1 36296 22 0 1000 7000 0 1 1 0 1000 50 35000
0 1016 0 1 36319 23 0 1000 7000 0 1 1 0 1000 50 35000
0 1015 0 1 36341 22 0 1000 7000 0 1 1 0 1000 50 35000
0 1015 0 1 36364 23 0 1000 7000 0 1 1 0 1000 50 35000
0 1016 0 1 36386 22 0 1000 7000 0 1 1 0 1000 50 35000
0 1014 0 1 36409 23 0 1000 7000 0 1 1 0 1000 50 35000
0 1015 0 1 36431 22 0 1000 7000 0 1 1 0 1000 50 35000
0 1017 0 1 36454 23 0 1000 7000 0 1 1 0 1000 50 35000
0 1015 0 1 36476 22 0 1000 7000 0 1 1 0 1000 50 35000
0 1016 0 1 36499 23 0 1000 7000 0 1 1 0 1000 50 35000
0 1013 0 1 36521 22 0 1000 7000 0 1 1 0 1000 50 35000
0 1014 0 1 36544 23 0 1000 7000 0 1 1 0 1000 50 35000
0 1015 0 1 36567 23 0 1000 7000 0 1 1 0 1000 50 35000
0 1015 0 1 36589 22 0 1000 7000 0 1 1 0 1000 50 35000
0 1014 0 1 36612 23 0 1000 7000 0 1 1 0 1000 50 35000
0 1016 0 1 36635 23 0 1000 7000 0 1 1 0 1000 50 35000
0 1015 0 1 36658 23 0 1000 7000 0 1 1 0 1000 50 35000
0 1014 0 1 36680 22 0 1000 7000 0 1 1 0 1000 50 35000
0 1021 0 1 36703 23 0 1000 7000 0 1 1 0 1000 50 35000
0 1014 0 1 36725 22 0 1000 7000 0 1 1 0 1000 50 35000
0 1020 0 1 36748 23 0 1000 7000 0 1 1 0 1000 50 35000
0 1014 0 1 36770 22 0 1000 7000 0 1 1 0 1000 50 35000
0 1013 0 1 36793 23 0 1000 7000 0 1 1 0 1000 50 35000
0 1015 0 1 36815 22 0 1000 7000 0 1 1 0 1000 50 35000
0 1014 0 1 36838 23 0 1000 7000 0 1 1 0 1000 50 35000
0 976 0 1 36860 22 0 1000 7000 0 1 1 0 1000 50 35000
0 993 0 1 36883 23 0 1000 7000 0 1 1 0 1000 50 35000
0 997 0 1 36905 22 0 1000 7000 0 1 1 0 1000 50 35000
0 973 0 1 36928 23 0 1000 7000 0 1 1 0 1000 50 35000
0 989 0 1 36951 23 0 1000 7000 0 1 1 0 1000 50 35000
0 990 0 1 36973 22 0 1000 7000 0 1 1 0 1000 50 35000
0 970 0 1 36996 23 0 1000 7000 0 1 1 0 1000 50 35000
0 995 0 1 37018 22 0 1000 7000 0 1 1 0 1000 50 35000
0 1014 0 1 37041 23 0 1000 7000 0 1 1 0 1000 50 35000
0 1014 0 1 37063 22 0 1000 7000 0 1 1 0 1000 50 35000
0 1017 0 1 37086 23 0 1000 7000 0 1 1 0 1000 50 35000
0 1014 0 1 37108 22 0 1000 7000 0 1 1 0 1000 50 35000
0 1015 0 1 37131 23 0 1000 7000 0 1 1 0 1000 50 35000
0 1016 0 1 37153 22 0 1000 7000 0 1 1 0 1000 50 35000
0 1014 0 1 37176 23 0 1000 7000 0 1 1 0 1000 50 35000
0 1015 0 1 37199 23 0 1000 7000 0 1 1 0 1000 50 35000
0 1014 0 1 37222 23 0 1000 7000 0 1 1 0 1000 50 35000
0 1011 0 1 37244 22 0 1000 7000 0 1 1 0 1000 50 35000
0 1015 0 1 37267 23 0 1000 7000 0 1 1 0 1000 50 35000
0 1014 0 1 37289 22 0 1000 7000 0 1 1 0 1000 50 35000
0 1013 0 1 37312 23 0 1000 7000 0 1 1 0 1000 50 35000
0 1015 0 1 37335 23 0 1000 7000 0 1 1 0 1000 50 35000
0 1014 0 1 37357 22 0 1000 7000 0 1 1 0 1000 50 35000
0 1016 0 1 37380 23 0 1000 7000 0 1 1 0 1000 50 35000
0 1015 0 1 37402 22 0 1000 7000 0 1 1 0 1000 50 35000
0 1015 0 1 37425 23 0 1000 7000 0 1 1 0 1000 50 35000
0 1014 0 1 37447 22 0 1000 7000 0 1 1 0 1000 50 35000
0 1015 0 1 37470 23 0 1000 7000 0 1 1 0 1000 50 35000
0 1014 0 1 37492 22 0 1000 7000 0 1 1 0 1000 50 35000
0 1016 0 1 37515 23 0 1000 7000 0 1 1 0 1000 50 35000
0 1015 0 1 37537 22 0 1000 7000 0 1 1 0 1000 50 35000
0 1014 0 1 37560 23 0 1000 7000 0 1 1 0 1000 50 35000
0 1016 0 1 37582 22 0 1000 7000 0 1 1 0 1000 50 35000
0 1016 0 1 37606 24 0 1000 7000 0 1 1 0 1000 50 35000
0 1013 0 1 37628 22 0 1000 7000 0 1 1 0 1000 50 35000
0 1015 0 1 37651 23 0 1000 7000 0 1 1 0 1000 50 35000
0 1014 0 1 37673 22 0 1000 7000 0 1 1 0 1000 50 35000
0 1014 0 1 37696 23 0 1000 7000 0 1 1 0 1000 50 35000
0 1015 0 1 37719 23 0 1000 7000 0 1 1 0 1000 50 35000
0 1014 0 1 37741 22 0 1000 7000 0 1 1 0 1000 50 35000
0 1014 0 1 37764 23 0 1000 7000 0 1 1 0 1000 50 35000
0 1017 0 1 37786 22 0 1000 7000 0 1 1 0 1000 50 35000
0 1015 0 1 37809 23 0 1000 7000 0 1 1 0 1000 50 35000
0 1015 0 1 37831 22 0 1000 7000 0 1 1 0 1000 50 35000
0 1017 0 1 37854 23 0 1000 7000 0 1 1 0 1000 50 35000
0 1013 0 1 37876 22 0 1000 7000 0 1 1 0 1000 50 35000
0 1015 0 1 37899 23 0 1000 7000 0 1 1 0 1000 50 35000
0 1015 0 1 37921 22 0 1000 7000 0 1 1 0 1000 50 35000
0 1014 0 1 37944 23 0 1000 7000 0 1 1 0 1000 50 35000
0 1015 0 1 37966 22 0 1000 7000 0 1 1 0 1000 50 35000
0 1017 0 1 37989 23 0 1000 7000 0 1 1 0 1000 50 35000
0 1015 0 1 38012 23 0 1000 7000 0 1 1 0 1000 50 35000
0 1016 0 1 38035 23 0 1000 7000 0 1 1 0 1000 50 35000
0 1015 0 1 38057 22 0 1000 7000 0 1 1 0 1000 50 35000
0 1013 0 1 38080 23 0 1000 7000 0 1 1 0 1000 50 35000
0 1016 0 1 38103 23 0 1000 7000 0 1 1 0 1000 50 35000
0 1014 0 1 38125 22 0 1000 7000 0 1 1 0 1000 50 35000
0 1016 0 1 38148 23 0 1000 7000 0 1 1 0 1000 50 35000
0 1016 0 1 38170 22 0 1000 7000 0 1 1 0 1000 50 35000
0 1015 0 1 38193 23 0 1000 7000 0 1 1 0 1000 50 35000
0 1016 0 1 38215 22 0 1000 7000 0 1 1 0 1000 50 35000
0 1017 0 1 38238 23 0 1000 7000 0 1 1 0 1000 50 35000
0 1015 0 1 38260 22 0 1000 7000 0 1 1 0 1000 50 35000
0 1015 0 1 38283 23 0 1000 7000 0 1 1 0 1000 50 35000
0 1015 0 1 38305 22 0 1000 7000 0 1 1 0 1000 50 35000
0 1012 0 1 38328 23 0 1000 7000 0 1 1 0 1000 50 35000
0 1015 0 1 38350 22 0 1000 7000 0 1 1 0 1000 50 35000
0 1018 0 1 38373 23 0 1000 7000 0 1 1 0 1000 50 35000
0 1011 0 1 38395 22 0 1000 7000 0 1 1 0 1000 50 35000
0 1018 0 1 38419 24 0 1000 7000 0 1 1 0 1000 50 35000
0 1015 0 1 38441 22 0 1000 7000 0 1 1 0 1000 50 35000
0 1015 0 1 38464 23 0 1000 7000 0 1 1 0 1000 50 35000
0 1023 0 1 38487 23 0 1000 7000 0 1 1 0 1000 50 35000
0 1014 0 1 38509 22 0 1000 7000 0 1 1 0 1000 50 35000
0 1016 0 1 38532 23 0 1000 7000 0 1 1 0 1000 50 35000
0 1015 0 1 38554 22 0 1000 7000 0 1 1 0 1000 50 35000
0 1013 0 1 38577 23 0 1000 7000 0 1 1 0 1000 50 35000
0 1012 0 1 38599 22 0 1000 7000 0 1 1 0 1000 50 35000
0 1022 0 1 38622 23 0 1000 7000 0 1 1 0 1000 50 35000
0 1014 0 1 38644 22 0 1000 7000 0 1 1 0 1000 50 35000
0 1018 0 1 38667 23 0 1000 7000 0 1 1 0 1000 50 35000
0 1016 0 1 38689 22 0 1000 7000 0 1 1 0 1000 50 35000
0 1011 0 1 38712 23 0 1000 7000 0 1 1 0 1000 50 35000
0 1014 0 1 38734 22 0 1000 7000 0 1 1 0 1000 50 35000
0 1016 0 1 38757 23 0 1000 7000 0 1 1 0 1000 50 35000
0 1003 0 1 38779 22 0 1000 7000 0 1 1 0 1000 50 35000
0 1016 0 1 38802 23 0 1000 7000 0 1 1 0 1000 50 35000
0 1017 0 1 38824 22 0 1000 7000 0 1 1 0 1000 50 35000
0 1011 0 1 38848 24 0 1000 7000 0 1 1 0 1000 50 35000
0 1022 0 1 38871 23 0 1000 7000 0 1 1 0 1000 50 35000
0 1017 0 1 38893 22 0 1000 7000 0 1 1 0 1000 50 35000
0 1013 0 1 38916 23 0 1000 7000 0 1 1 0 1000 50 35000
0 1022 0 1 38938 22 0 1000 7000 0 1 1 0 1000 50 35000
0 1014 0 1 38961 23 0 1000 7000 0 1 1 0 1000 50 35000
0 1011 0 1 38983 22 0 1000 7000 0 1 1 0 1000 50 35000
0 1020 0 1 39006 23 0 1000 7000 0 1 1 0 1000 50 35000
0 1012 0 1 39028 22 0 1000 7000 0 1 1 0 1000 50 35000
0 1015 0 1 39051 23 0 1000 7000 0 1 1 0 1000 50 35000
0 1019 0 1 39073 22 0 1000 7000 0 1 1 0 1000 50 35000
0 1005 0 1 39096 23 0 1000 7000 0 1 1 0 1000 50 35000
0 1016 0 1 39118 22 0 1000 7000 0 1 1 0 1000 50 35000
0 1022 0 1 39141 23 0 1000 7000 0 1 1 0 1000 50 35000
0 1013 0 1 39163 22 0 1000 7000 0 1 1 0 1000 50 35000
0 1014 0 1 39186 23 0 1000 7000 0 1 1 0 1000 50 35000
0 1016 0 1 39208 22 0 1000 7000 0 1 1 0 1000 50 35000
0 1012 0 1 39231 23 0 1000 7000 0 1 1 0 1000 50 35000
0 1022 0 1 39255 24 0 1000 7000 0 1 1 0 1000 50 35000
0 1015 0 1 39277 22 0 1000 7000 0 1 1 0 1000 50 35000
0 1012 0 1 39300 23 0 1000 7000 0 1 1 0 1000 50 35000
0 1023 0 1 39322 22 0 1000 7000 0 1 1 0 1000 50 35000
0 1015 0 1 39345 23 0 1000 7000 0 1 1 0 1000 50 35000
0 1015 0 1 39367 22 0 1000 7000 0 1 1 0 1000 50 35000
0 1020 0 1 39390 23 0 1000 7000 0 1 1 0 1000 50 35000
0 1004 0 1 39412 22 0 1000 7000 0 1 1 0 1000 50 35000
0 1015 0 1 39435 23 0 1000 7000 0 1 1 0 1000 50 35000
0 1018 0 1 39457 22 0 1000 7000 0 1 1 0 1000 50 35000
0 1005 0 1 39480 23 0 1000 7000 0 1 1 0 1000 50 35000
0 1014 0 1 39502 22 0 1000 7000 0 1 1 0 1000 50 35000
0 1018 0 1 39525 23 0 1000 7000 0 1 1 0 1000 50 35000
0 1010 0 1 39547 22 0 1000 7000 0 1 1 0 1000 50 35000
0 1023 0 1 39570 23 0 1000 7000 0 1 1 0 1000 50 35000
0 1016 0 1 39592 22 0 1000 7000 0 1 1 0 1000 50 35000
0 1012 0 1 39615 23 0 1000 7000 0 1 1 0 1000 50 35000
0 1023 0 1 39638 23 0 1000 7000 0 1 1 0 1000 50 35000
0 1014 0 1 39661 23 0 1000 7000 0 1 1 0 1000 50 35000
0 1013 0 1 39684 23 0 1000 7000 0 1 1 0 1000 50 35000
0 1021 0 1 39706 22 0 1000 7000 0 1 1 0 1000 50 35000
0 1013 0 1 39729 23 0 1000 7000 0 1 1 0 1000 50 35000
0 1015 0 1 39751 22 0 1000 7000 0 1 1 0 1000 50 35000
0 1023 0 1 39774 23 0 1000 7000 0 1 1 0 1000 50 35000
0 1011 0 1 39796 22 0 1000 7000 0 1 1 0 1000 50 35000
0 1018 0 1 39819 23 0 1000 7000 0 1 1 0 1000 50 35000
0 1016 0 1 39841 22 0 1000 7000 0 1 1 0 1000 50 35000
0 1010 0 1 39864 23 0 1000 7000 0 1 1 0 1000 50 35000
0 1016 0 1 39886 22 0 1000 7000 0 1 1 0 1000 50 35000
0 1014 0 1 39909 23 0 1000 7000 0 1 1 0 1000 50 35000
0 1014 0 1 39931 22 0 1000 7000 0 1 1 0 1000 50 35000
0 1019 0 1 39954 23 0 1000 7000 0 1 1 0 1000 50 35000
0 1014 0 1 39976 22 0 1000 7000 0 1 1 0 1000 50 35000
0 1015 0 1 39999 23 0 1000 7000 0 1 1 0 1000 50 35000
0 1021 0 1 40022 23 0 1000 7000 0 1 1 0 1000 50 35000
0 1015 0 1 40044 22 0 1000 7000 0 1 1 0 1000 50 35000
0 1017 0 1 40068 24 0 1000 7000 0 1 1 0 1000 50 35000
0 1017 0 1 40090 22 0 1000 7000 0 1 1 0 1000 50 35000
0 1008 0 1 40113 23 0 1000 7000 0 1 1 0 1000 50 35000
0 1015 0 1 40135 22 0 1000 7000 0 1 1 0 1000 50 35000
0 1015 0 1 40158 23 0 1000 7000 0 1 1 0 1000 50 35000
0 1009 0 1 40180 22 0 1000 7000 0 1 1 0 1000 50 35000
0 1017 0 1 40203 23 0 1000 7000 0 1 1 0 1000 50 35000
0 1016 0 1 40225 22 0 1000 7000 0 1 1 0 1000 50 35000
0 1015 0 1 40248 23 0 1000 7000 0 1 1 0 1000 50 35000
0 1017 0 1 40270 22 0 1000 7000 0 1 1 0 1000 50 35000
0 1013 0 1 40293 23 0 1000 7000 0 1 1 0 1000 50 35000
0 1015 0 1 40315 22 0 1000 7000 0 1 1 0 1000 50 35000
0 1020 0 1 40338 23 0 1000 7000 0 1 1 0 1000 50 35000
0 1014 0 1 40360 22 0 1000 7000 0 1 1 0 1000 50 35000
0 1015 0 1 40383 23 0 1000 7000 0 1 1 0 1000 50 35000
0 1018 0 1 40406 23 0 1000 7000 0 1 1 0 1000 50 35000
0 1014 0 1 40428 22 0 1000 7000 0 1 1 0 1000 50 35000
0 1017 0 1 40451 23 0 1000 7000 0 1 1 0 1000 50 35000
0 1015 0 1 40474 23 0 1000 7000 0 1 1 0 1000 50 35000
0 1011 0 1 40497 23 0 1000 7000 0 1 1 0 1000 50 35000
0 1012 0 1 40519 22 0 1000 7000 0 1 1 0 1000 50 35000
0 1015 0 1 40542 23 0 1000 7000 0 1 1 0 1000 50 35000
0 1004 0 1 40564 22 0 1000 7000 0 1 1 0 1000 50 35000
0 1017 0 1 40587 23 0 1000 7000 0 1 1 0 1000 50 35000
0 1014 0 1 40609 22 0 1000 7000 0 1 1 0 1000 50 35000
0 1018 0 1 40632 23 0 1000 7000 0 1 1 0 1000 50 35000
0 1023 0 1 40654 22 0 1000 7000 0 1 1 0 1000 50 35000
0 1014 0 1 40677 23 0 1000 7000 0 1 1 0 1000 50 35000
0 1015 0 1 40699 22 0 1000 7000 0 1 1 0 1000 50 35000
0 1022 0 1 40722 23 0 1000 7000 0 1 1 0 1000 50 35000
0 1013 0 1 40744 22 0 1000 7000 0 1 1 0 1000 50 35000
0 1014 0 1 40767 23 0 1000 7000 0 1 1 0 1000 50 35000
0 1016 0 1 40790 23 0 1000 7000 0 1 1 0 1000 50 35000
0 1006 0 1 40812 22 0 1000 7000 0 1 1 0 1000 50 35000
0 1016 0 1 40835 23 0 1000 7000 0 1 1 0 1000 50 35000
0 1015 0 1 40857 22 0 1000 7000 0 1 1 0 1000 50 35000
0 1009 0 1 40881 24 0 1000 7000 0 1 1 0 1000 50 35000
0 1014 0 1 40903 22 0 1000 7000 0 1 1 0 1000 50 35000
0 1015 0 1 40926 23 0 1000 7000 0 1 1 0 1000 50 35000
0 1012 0 1 40948 22 0 1000 7000 0 1 1 0 1000 50 35000
0 1017 0 1 40971 23 0 1000 7000 0 1 1 0 1000 50 35000
0 1014 0 1 40993 22 0 1000 7000 0 1 1 0 1000 50 35000
0 1015 0 1 41016 23 0 1000 7000 0 1 1 0 1000 50 35000
0 1017 0 1 41038 22 0 1000 7000 0 1 1 0 1000 50 35000
0 1014 0 1 41061 23 0 1000 7000 0 1 1 0 1000 50 35000
0 1015 0 1 41083 22 0 1000 7000 0 1 1 0 1000 50 35000
0 1020 0 1 41106 23 0 1000 7000 0 1 1 0 1000 50 35000
0 1014 0 1 41128 22 0 1000 7000 0 1 1 0 1000 50 35000
0 1017 0 1 41151 23 0 1000 7000 0 1 1 0 1000 50 35000
0 1017 0 1 41174 23 0 1000 7000 0 1 1 0 1000 50 35000
0 1011 0 1 41196 22 0 1000 7000 0 1 1 0 1000 50 35000
0 1016 0 1 41219 23 0 1000 7000 0 1 1 0 1000 50 35000
0 1015 0 1 41241 22 0 1000 7000 0 1 1 0 1000 50 35000
0 1013 0 1 41264 23 0 1000 7000 0 1 1 0 1000 50 35000
0 1017 0 1 41286 22 0 1000 7000 0 1 1 0 1000 50 35000
0 1016 0 1 41310 24 0 1000 7000 0 1 1 0 1000 50 35000
0 1014 0 1 41332 22 0 1000 7000 0 1 1 0 1000 50 35000
0 1021 0 1 41355 23 0 1000 7000 0 1 1 0 1000 50 35000
0 1017 0 1 41377 22 0 1000 7000 0 1 1 0 1000 50 35000
0 1015 0 1 41400 23 0 1000 7000 0 1 1 0 1000 50 35000
0 1022 0 1 41422 22 0 1000 7000 0 1 1 0 1000 50 35000
0 1014 0 1 41445 23 0 1000 7000 0 1 1 0 1000 50 35000
0 1016 0 1 41467 22 0 1000 7000 0 1 1 0 1000 50 35000
0 1016 0 1 41490 23 0 1000 7000 0 1 1 0 1000 50 35000
0 1012 0 1 41512 22 0 1000 7000 0 1 1 0 1000 50 35000
0 1015 0 1 41535 23 0 1000 7000 0 1 1 0 1000 50 35000
0 1015 0 1 41558 23 0 1000 7000 0 1 1 0 1000 50 35000
0 1011 0 1 41580 22 0 1000 7000 0 1 1 0 1000 50 35000
0 1016 0 1 41603 23 0 1000 7000 0 1 1 0 1000 50 35000
0 1015 0 1 41625 22 0 1000 7000 0 1 1 0 1000 50 35000
0 1012 0 1 41648 23 0 1000 7000 0 1 1 0 1000 50 35000
0 1016 0 1 41670 22 0 1000 7000 0 1 1 0 1000 50 35000
0 1014 0 1 41693 23 0 1000 7000 0 1 1 0 1000 50 35000
0 1015 0 1 41715 22 0 1000 7000 0 1 1 0 1000 50 35000
0 1018 0 1 41739 24 0 1000 7000 0 1 1 0 1000 50 35000
0 1014 0 1 41761 22 0 1000 7000 0 1 1 0 1000 50 35000
0 1015 0 1 41784 23 0 1000 7000 0 1 1 0 1000 50 35000
0 1021 0 1 41806 22 0 1000 7000 0 1 1 0 1000 50 35000
0 1015 0 1 41829 23 0 1000 7000 0 1 1 0 1000 50 35000
0 1016 0 1 41851 22 0 1000 7000 0 1 1 0 1000 50 35000
0 1017 0 1 41874 23 0 1000 7000 0 1 1 0 1000 50 35000
0 1009 0 1 41896 22 0 1000 7000 0 1 1 0 1000 50 35000
0 1016 0 1 41919 23 0 1000 7000 0 1 1 0 1000 50 35000
0 1015 0 1 41942 23 0 1000 7000 0 1 1 0 1000 50 35000
0 1008 0 1 41964 22 0 1000 7000 0 1 1 0 1000 50 35000
0 1016 0 1 41987 23 0 1000 7000 0 1 1 0 1000 50 35000
0 1015 0 1 42009 22 0 1000 7000 0 1 1 0 1000 50 35000
0 1009 0 1 42032 23 0 1000 7000 0 1 1 0 1000 50 35000
0 1019 0 1 42054 22 0 1000 7000 0 1 1 0 1000 50 35000
0 1014 0 1 42077 23 0 1000 7000 0 1 1 0 1000 50 35000
0 1015 0 1 42099 22 0 1000 7000 0 1 1 0 1000 50 35000
0 1021 0 1 42122 23 0 1000 7000 0 1 1 0 1000 50 35000
0 1015 0 1 42144 22 0 1000 7000 0 1 1 0 1000 50 35000
0 1015 0 1 42168 24 0 1000 7000 0 1 1 0 1000 50 35000
0 1017 0 1 42190 22 0 1000 7000 0 1 1 0 1000 50 35000
0 1014 0 1 42213 23 0 1000 7000 0 1 1 0 1000 50 35000
0 1017 0 1 42235 22 0 1000 7000 0 1 1 0 1000 50 35000
0 1023 0 1 42258 23 0 1000 7000 0 1 1 0 1000 50 35000
0 1011 0 1 42280 22 0 1000 7000 0 1 1 0 1000 50 35000
0 1017 0 1 42303 23 0 1000 7000 0 1 1 0 1000 50 35000
0 1015 0 1 42326 23 0 1000 7000 0 1 1 0 1000 50 35000
0 1009 0 1 42348 22 0 1000 7000 0 1 1 0 1000 50 35000
0 1015 0 1 42371 23 0 1000 7000 0 1 1 0 1000 50 35000
0 1014 0 1 42393 22 0 1000 7000 0 1 1 0 1000 50 35000
0 1013 0 1 42416 23 0 1000 7000 0 1 1 0 1000 50 35000
0 1018 0 1 42438 22 0 1000 7000 0 1 1 0 1000 50 35000
0 1014 0 1 42461 23 0 1000 7000 0 1 1 0 1000 50 35000
0 1015 0 1 42483 22 0 1000 7000 0 1 1 0 1000 50 35000
0 1023 0 1 42506 23 0 1000 7000 0 1 1 0 1000 50 35000
0 1014 0 1 42528 22 0 1000 7000 0 1 1 0 1000 50 35000
0 1015 0 1 42551 23 0 1000 7000 0 1 1 0 1000 50 35000
0 1016 0 1 42573 22 0 1000 7000 0 1 1 0 1000 50 35000
0 1007 0 1 42597 24 0 1000 7000 0 1 1 0 1000 50 35000
0 1012 0 1 42619 22 0 1000 7000 0 1 1 0 1000 50 35000
0 1017 0 1 42642 23 0 1000 7000 0 1 1 0 1000 50 35000
0 1008 0 1 42664 22 0 1000 7000 0 1 1 0 1000 50 35000
0 1015 0 1 42687 23 0 1000 7000 0 1 1 0 1000 50 35000
0 1016 0 1 42710 23 0 1000 7000 0 1 1 0 1000 50 35000
0 1007 0 1 42732 22 0 1000 7000 0 1 1 0 1000 50 35000
0 1017 0 1 42755 23 0 1000 7000 0 1 1 0 1000 50 35000
0 1013 0 1 42777 22 0 1000 7000 0 1 1 0 1000 50 35000
0 1014 0 1 42800 23 0 1000 7000 0 1 1 0 1000 50 35000
0 1019 0 1 42822 22 0 1000 7000 0 1 1 0 1000 50 35000
0 1014 0 1 42845 23 0 1000 7000 0 1 1 0 1000 50 35000
0 1015 0 1 42867 22 0 1000 7000 0 1 1 0 1000 50 35000
0 1020 0 1 42890 23 0 1000 7000 0 1 1 0 1000 50 35000
0 1014 0 1 42912 22 0 1000 7000 0 1 1 0 1000 50 35000
0 1017 0 1 42935 23 0 1000 7000 0 1 1 0 1000 50 35000
0 1016 0 1 42957 22 0 1000 7000 0 1 1 0 1000 50 35000
0 1013 0 1 42980 23 0 1000 7000 0 1 1 0 1000 50 35000
0 1017 0 1 43003 23 0 1000 7000 0 1 1 0 1000 50 35000
0 1015 0 1 43026 23 0 1000 7000 0 1 1 0 1000 50 35000
0 1006 0 1 43048 22 0 1000 7000 0 1 1 0 1000 50 35000
0 1016 0 1 43071 23 0 1000 7000 0 1 1 0 1000 50 35000
0 1015 0 1 43094 23 0 1000 7000 0 1 1 0 1000 50 35000
0 1015 0 1 43116 22 0 1000 7000 0 1 1 0 1000 50 35000
0 1017 0 1 43139 23 0 1000 7000 0 1 1 0 1000 50 35000
0 1014 0 1 43161 22 0 1000 7000 0 1 1 0 1000 50 35000
0 1015 0 1 43184 23 0 1000 7000 0 1 1 0 1000 50 35000
0 1023 0 1 43206 22 0 1000 7000 0 1 1 0 1000 50 35000
0 1012 0 1 43229 23 0 1000 7000 0 1 1 0 1000 50 35000
0 1015 0 1 43251 22 0 1000 7000 0 1 1 0 1000 50 35000
0 1019 0 1 43274 23 0 1000 7000 0 1 1 0 1000 50 35000
0 1013 0 1 43296 22 0 1000 7000 0 1 1 0 1000 50 35000
0 1015 0 1 43319 23 0 1000 7000 0 1 1 0 1000 50 35000
0 1018 0 1 43341 22 0 1000 7000 0 1 1 0 1000 50 35000
0 1012 0 1 43364 23 0 1000 7000 0 1 1 0 1000 50 35000
0 1016 0 1 43386 22 0 1000 7000 0 1 1 0 1000 50 35000
0 1015 0 1 43410 24 0 1000 7000 0 1 1 0 1000 50 35000
0 1014 0 1 43432 22 0 1000 7000 0 1 1 0 1000 50 35000
0 1015 0 1 43455 23 0 1000 7000 0 1 1 0 1000 50 35000
0 1015 0 1 43478 23 0 1000 7000 0 1 1 0 1000 50 35000
0 1012 0 1 43500 22 0 1000 7000 0 1 1 0 1000 50 35000
0 1016 0 1 43523 23 0 1000 7000 0 1 1 0 1000 50 35000
0 1014 0 1 43545 22 0 1000 7000 0 1 1 0 1000 50 35000
0 1014 0 1 43568 23 0 1000 7000 0 1 1 0 1000 50 35000
0 1015 0 1 43590 22 0 1000 7000 0 1 1 0 1000 50 35000
0 1014 0 1 43613 23 0 1000 7000 0 1 1 0 1000 50 35000
0 1015 0 1 43635 22 0 1000 7000 0 1 1 0 1000 50 35000
0 1014 0 1 43658 23 0 1000 7000 0 1 1 0 1000 50 35000
0 1013 0 1 43680 22 0 1000 7000 0 1 1 0 1000 50 35000
0 1015 0 1 43703 23 0 1000 7000 0 1 1 0 1000 50 35000
0 1014 0 1 43725 22 0 1000 7000 0 1 1 0 1000 50 35000
0 1015 0 1 43748 23 0 1000 7000 0 1 1 0 1000 50 35000
0 1019 0 1 43770 22 0 1000 7000 0 1 1 0 1000 50 35000
0 1015 0 1 43793 23 0 1000 7000 0 1 1 0 1000 50 35000
0 1011 0 1 43816 23 0 1000 7000 0 1 1 0 1000 50 35000
0 1023 0 1 43839 23 0 1000 7000 0 1 1 0 1000 50 35000
0 1014 0 1 43862 23 0 1000 7000 0 1 1 0 1000 50 35000
0 1013 0 1 43884 22 0 1000 7000 0 1 1 0 1000 50 35000
0 1023 0 1 43907 23 0 1000 7000 0 1 1 0 1000 50 35000
0 1014 0 1 43929 22 0 1000 7000 0 1 1 0 1000 50 35000
0 1013 0 1 43952 23 0 1000 7000 0 1 1 0 1000 50 35000
0 1022 0 1 43974 22 0 1000 7000 0 1 1 0 1000 50 35000
0 1013 0 1 43997 23 0 1000 7000 0 1 1 0 1000 50 35000
0 1013 0 1 44019 22 0 1000 7000 0 1 1 0 1000 50 35000
0 1020 0 1 44042 23 0 1000 7000 0 1 1 0 1000 50 35000
0 1009 0 1 44064 22 0 1000 7000 0 1 1 0 1000 50 35000
0 1016 0 1 44087 23 0 1000 7000 0 1 1 0 1000 50 35000
0 1018 0 1 44109 22 0 1000 7000 0 1 1 0 1000 50 35000
0 1008 0 1 44132 23 0 1000 7000 0 1 1 0 1000 50 35000
0 1015 0 1 44154 22 0 1000 7000 0 1 1 0 1000 50 35000
0 1014 0 1 44177 23 0 1000 7000 0 1 1 0 1000 50 35000
0 1013 0 1 44199 22 0 1000 7000 0 1 1 0 1000 50 35000
0 1020 0 1 44222 23 0 1000 7000 0 1 1 0 1000 50 35000
0 1014 0 1 44246 24 0 1000 7000 0 1 1 0 1000 50 35000
0 1013 0 1 44268 22 0 1000 7000 0 1 1 0 1000 50 35000
0 1023 0 1 44291 23 0 1000 7000 0 1 1 0 1000 50 35000
0 1015 0 1 44313 22 0 1000 7000 0 1 1 0 1000 50 35000
0 1016 0 1 44336 23 0 1000 7000 0 1 1 0 1000 50 35000
0 1021 0 1 44358 22 0 1000 7000 0 1 1 0 1000 50 35000
0 1003 0 1 44381 23 0 1000 7000 0 1 1 0 1000 50 35000
0 1014 0 1 44403 22 0 1000 7000 0 1 1 0 1000 50 35000
0 1018 0 1 44426 23 0 1000 7000 0 1 1 0 1000 50 35000
0 1007 0 1 44448 22 0 1000 7000 0 1 1 0 1000 50 35000
0 1016 0 1 44471 23 0 1000 7000 0 1 1 0 1000 50 35000
0 1017 0 1 44493 22 0 1000 7000 0 1 1 0 1000 50 35000
0 1010 0 1 44516 23 0 1000 7000 0 1 1 0 1000 50 35000
0 1018 0 1 44538 22 0 1000 7000 0 1 1 0 1000 50 35000
0 1015 0 1 44561 23 0 1000 7000 0 1 1 0 1000 50 35000
0 1011 0 1 44583 22 0 1000 7000 0 1 1 0 1000 50 35000
0 1023 0 1 44606 23 0 1000 7000 0 1 1 0 1000 50 35000
0 1014 0 1 44628 22 0 1000 7000 0 1 1 0 1000 50 35000
0 1013 0 1 44652 24 0 1000 7000 0 1 1 0 1000 50 35000
0 1022 0 1 44675 23 0 1000 7000 0 1 1 0 1000 50 35000
0 1014 0 1 44697 22 0 1000 7000 0 1 1 0 1000 50 35000
0 1015 0 1 44720 23 0 1000 7000 0 1 1 0 1000 50 35000
0 1019 0 1 44742 22 0 1000 7000 0 1 1 0 1000 50 35000
0 1008 0 1 44765 23 0 1000 7000 0 1 1 0 1000 50 35000
0 1015 0 1 44787 22 0 1000 7000 0 1 1 0 1000 50 35000
0 1017 0 1 44810 23 0 1000 7000 0 1 1 0 1000 50 35000
0 1000 0 1 44832 22 0 1000 7000 0 1 1 0 1000 50 35000
0 1013 0 1 44855 23 0 1000 7000 0 1 1 0 1000 50 35000
0 1015 0 1 44877 22 0 1000 7000 0 1 1 0 1000 50 35000
0 1008 0 1 44900 23 0 1000 7000 0 1 1 0 1000 50 35000
0 1023 0 1 44922 22 0 1000 7000 0 1 1 0 1000 50 35000
0 1015 0 1 44945 23 0 1000 7000 0 1 1 0 1000 50 35000
0 1011 0 1 44967 22 0 1000 7000 0 1 1 0 1000 50 35000
0 1023 0 1 44990 23 0 1000 7000 0 1 1 0 1000 50 35000
0 1014 0 1 45012 22 0 1000 7000 0 1 1 0 1000 50 35000
0 1013 0 1 45035 23 0 1000 7000 0 1 1 0 1000 50 35000
0 1020 0 1 45059 24 0 1000 7000 0 1 1 0 1000 50 35000
0 999 0 1 45081 22 0 1000 7000 0 1 1 0 1000 50 35000
0 1015 0 1 45104 23 0 1000 7000 0 1 1 0 1000 50 35000
0 1012 0 1 45126 22 0 1000 7000 0 1 1 0 1000 50 35000
0 1005 0 1 45149 23 0 1000 7000 0 1 1 0 1000 50 35000
0 1018 0 1 45171 22 0 1000 7000 0 1 1 0 1000 50 35000
0 1017 0 1 45194 23 0 1000 7000 0 1 1 0 1000 50 35000
0 1009 0 1 45216 22 0 1000 7000 0 1 1 0 1000 50 35000
0 1016 0 1 45239 23 0 1000 7000 0 1 1 0 1000 50 35000
0 1014 0 1 45261 22 0 1000 7000 0 1 1 0 1000 50 35000
0 1011 0 1 45284 23 0 1000 7000 0 1 1 0 1000 50 35000
0 1020 0 1 45306 22 0 1000 7000 0 1 1 0 1000 50 35000
0 1014 0 1 45329 23 0 1000 7000 0 1 1 0 1000 50 35000
0 1009 0 1 45351 22 0 1000 7000 0 1 1 0 1000 50 35000
0 1023 0 1 45374 23 0 1000 7000 0 1 1 0 1000 50 35000
0 1015 0 1 45396 22 0 1000 7000 0 1 1 0 1000 50 35000
0 1014 0 1 45419 23 0 1000 7000 0 1 1 0 1000 50 35000
0 1021 0 1 45442 23 0 1000 7000 0 1 1 0 1000 50 35000
0 1009 0 1 45464 22 0 1000 7000 0 1 1 0 1000 50 35000
0 1015 0 1 45488 24 0 1000 7000 0 1 1 0 1000 50 35000
0 1017 0 1 45510 22 0 1000 7000 0 1 1 0 1000 50 35000
0 1004 0 1 45533 23 0 1000 7000 0 1 1 0 1000 50 35000
0 1015 0 1 45555 22 0 1000 7000 0 1 1 0 1000 50 35000
0 1016 0 1 45578 23 0 1000 7000 0 1 1 0 1000 50 35000
0 1010 0 1 45600 22 0 1000 7000 0 1 1 0 1000 50 35000
0 1023 0 1 45623 23 0 1000 7000 0 1 1 0 1000 50 35000
0 1015 0 1 45645 22 0 1000 7000 0 1 1 0 1000 50 35000
0 1015 0 1 45668 23 0 1000 7000 0 1 1 0 1000 50 35000
0 1023 0 1 45690 22 0 1000 7000 0 1 1 0 1000 50 35000
0 1014 0 1 45713 23 0 1000 7000 0 1 1 0 1000 50 35000
0 1012 0 1 45735 22 0 1000 7000 0 1 1 0 1000 50 35000
0 1021 0 1 45758 23 0 1000 7000 0 1 1 0 1000 50 35000
0 1012 0 1 45780 22 0 1000 7000 0 1 1 0 1000 50 35000
0 1013 0 1 45803 23 0 1000 7000 0 1 1 0 1000 50 35000
0 1018 0 1 45826 23 0 1000 7000 0 1 1 0 1000 50 35000
0 1008 0 1 45848 22 0 1000 7000 0 1 1 0 1000 50 35000
0 1016 0 1 45871 23 0 1000 7000 0 1 1 0 1000 50 35000
0 1016 0 1 45894 23 0 1000 7000 0 1 1 0 1000 50 35000
0 1007 0 1 45917 23 0 1000 7000 0 1 1 0 1000 50 35000
0 1016 0 1 45939 22 0 1000 7000 0 1 1 0 1000 50 35000
0 1015 0 1 45962 23 0 1000 7000 0 1 1 0 1000 50 35000
0 1011 0 1 45984 22 0 1000 7000 0 1 1 0 1000 50 35000
0 1022 0 1 46007 23 0 1000 7000 0 1 1 0 1000 50 35000
0 1017 0 1 46029 22 0 1000 7000 0 1 1 0 1000 50 35000
0 1011 0 1 46052 23 0 1000 7000 0 1 1 0 1000 50 35000
0 1023 0 1 46074 22 0 1000 7000 0 1 1 0 1000 50 35000
0 1016 0 1 46097 23 0 1000 7000 0 1 1 0 1000 50 35000
0 1013 0 1 46119 22 0 1000 7000 0 1 1 0 1000 50 35000
0 1019 0 1 46142 23 0 1000 7000 0 1 1 0 1000 50 35000
0 994 0 1 46164 22 0 1000 7000 0 1 1 0 1000 50 35000
0 1014 0 1 46187 23 0 1000 7000 0 1 1 0 1000 50 35000
0 1018 0 1 46210 23 0 1000 7000 0 1 1 0 1000 50 35000
0 1001 0 1 46232 22 0 1000 7000 0 1 1 0 1000 50 35000
0 1015 0 1 46255 23 0 1000 7000 0 1 1 0 1000 50 35000
0 1017 0 1 46277 22 0 1000 7000 0 1 1 0 1000 50 35000
0 1009 0 1 46300 23 0 1000 7000 0 1 1 0 1000 50 35000
0 1019 0 1 46323 23 0 1000 7000 0 1 1 0 1000 50 35000
0 1015 0 1 46346 23 0 1000 7000 0 1 1 0 1000 50 35000
0 1010 0 1 46368 22 0 1000 7000 0 1 1 0 1000 50 35000
0 1023 0 1 46391 23 0 1000 7000 0 1 1 0 1000 50 35000
0 1014 0 1 46413 22 0 1000 7000 0 1 1 0 1000 50 35000
0 1012 0 1 46436 23 0 1000 7000 0 1 1 0 1000 50 35000
0 1023 0 1 46458 22 0 1000 7000 0 1 1 0 1000 50 35000
0 1014 0 1 46481 23 0 1000 7000 0 1 1 0 1000 50 35000
0 1023 0 1 46503 22 0 1000 7000 0 1 1 0 1000 50 35000
0 1011 0 1 46526 23 0 1000 7000 0 1 1 0 1000 50 35000
0 971 0 1 46548 22 0 1000 7000 0 1 1 0 1000 50 35000
0 1022 0 1 46571 23 0 1000 7000 0 1 1 0 1000 50 35000
0 1011 0 1 46594 23 0 1000 7000 0 1 1 0 1000 50 35000
0 966 0 1 46616 22 0 1000 7000 0 1 1 0 1000 50 35000
0 1014 0 1 46639 23 0 1000 7000 0 1 1 0 1000 50 35000
0 1003 0 1 46661 22 0 1000 7000 0 1 1 0 1000 50 35000
0 995 0 1 46684 23 0 1000 7000 0 1 1 0 1000 50 35000
0 1023 0 1 46706 22 0 1000 7000 0 1 1 0 1000 50 35000
0 1002 0 1 46729 23 0 1000 7000 0 1 1 0 1000 50 35000
0 1010 0 1 46751 22 0 1000 7000 0 1 1 0 1000 50 35000
0 1023 0 1 46774 23 0 1000 7000 0 1 1 0 1000 50 35000
0 994 0 1 46797 23 0 1000 7000 0 1 1 0 1000 50 35000
0 1017 0 1 46820 23 0 1000 7000 0 1 1 0 1000 50 35000
0 1016 0 1 46842 22 0 1000 7000 0 1 1 0 1000 50 35000
0 910 0 1 46865 23 0 1000 7000 0 1 1 0 1000 50 35000
0 1013 0 1 46887 22 0 1000 7000 0 1 1 0 1000 50 35000
0 1009 0 1 46910 23 0 1000 7000 0 1 1 0 1000 50 35000
0 956 0 1 46932 22 0 1000 7000 0 1 1 0 1000 50 35000
0 1014 0 1 46955 23 0 1000 7000 0 1 1 0 1000 50 35000
0 1023 0 1 46978 23 0 1000 7000 0 1 1 0 1000 50 35000
0 958 0 1 47000 22 0 1000 7000 0 1 1 0 1000 50 35000
0 1011 0 1 47023 23 0 1000 7000 0 1 1 0 1000 50 35000
0 986 0 1 47045 22 0 1000 7000 0 1 1 0 1000 50 35000
0 994 0 1 47068 23 0 1000 7000 0 1 1 0 1000 50 35000
0 1023 0 1 47090 22 0 1000 7000 0 1 1 0 1000 50 35000
0 994 0 1 47113 23 0 1000 7000 0 1 1 0 1000 50 35000
0 1014 0 1 47135 22 0 1000 7000 0 1 1 0 1000 50 35000
0 1023 0 1 47158 23 0 1000 7000 0 1 1 0 1000 50 35000
0 1002 0 1 47180 22 0 1000 7000 0 1 1 0 1000 50 35000
0 1018 0 1 47203 23 0 1000 7000 0 1 1 0 1000 50 35000
0 1022 0 1 47225 22 0 1000 7000 0 1 1 0 1000 50 35000
0 905 0 1 47248 23 0 1000 7000 0 1 1 0 1000 50 35000
0 1010 0 1 47270 22 0 1000 7000 0 1 1 0 1000 50 35000
0 1011 0 1 47293 23 0 1000 7000 0 1 1 0 1000 50 35000
0 936 0 1 47315 22 0 1000 7000 0 1 1 0 1000 50 35000
0 1021 0 1 47338 23 0 1000 7000 0 1 1 0 1000 50 35000
0 1011 0 1 47361 23 0 1000 7000 0 1 1 0 1000 50 35000
0 974 0 1 47384 23 0 1000 7000 0 1 1 0 1000 50 35000
0 1020 0 1 47407 23 0 1000 7000 0 1 1 0 1000 50 35000
0 999 0 1 47429 22 0 1000 7000 0 1 1 0 1000 50 35000
0 1010 0 1 47452 23 0 1000 7000 0 1 1 0 1000 50 35000
0 1023 0 1 47474 22 0 1000 7000 0 1 1 0 1000 50 35000
0 1001 0 1 47497 23 0 1000 7000 0 1 1 0 1000 50 35000
0 1013 0 1 47519 22 0 1000 7000 0 1 1 0 1000 50 35000
0 1023 0 1 47542 23 0 1000 7000 0 1 1 0 1000 50 35000
0 1005 0 1 47564 22 0 1000 7000 0 1 1 0 1000 50 35000
0 1018 0 1 47587 23 0 1000 7000 0 1 1 0 1000 50 35000
0 1017 0 1 47609 22 0 1000 7000 0 1 1 0 1000 50 35000
0 956 0 1 47632 23 0 1000 7000 0 1 1 0 1000 50 35000
0 1017 0 1 47654 22 0 1000 7000 0 1 1 0 1000 50 35000
0 1008 0 1 47677 23 0 1000 7000 0 1 1 0 1000 50 35000
0 952 0 1 47699 22 0 1000 7000 0 1 1 0 1000 50 35000
0 1019 0 1 47722 23 0 1000 7000 0 1 1 0 1000 50 35000
0 1012 0 1 47745 23 0 1000 7000 0 1 1 0 1000 50 35000
0 990 0 1 47767 22 0 1000 7000 0 1 1 0 1000 50 35000
0 1023 0 1 47790 23 0 1000 7000 0 1 1 0 1000 50 35000
0 1007 0 1 47812 22 0 1000 7000 0 1 1 0 1000 50 35000
0 1007 0 1 47835 23 0 1000 7000 0 1 1 0 1000 50 35000
0 1023 0 1 47857 22 0 1000 7000 0 1 1 0 1000 50 35000
0 1004 0 1 47881 24 0 1000 7000 0 1 1 0 1000 50 35000
0 1013 0 1 47903 22 0 1000 7000 0 1 1 0 1000 50 35000
0 1023 0 1 47926 23 0 1000 7000 0 1 1 0 1000 50 35000
0 1006 0 1 47948 22 0 1000 7000 0 1 1 0 1000 50 35000
0 1016 0 1 47971 23 0 1000 7000 0 1 1 0 1000 50 35000
0 1021 0 1 47993 22 0 1000 7000 0 1 1 0 1000 50 35000
0 978 0 1 48016 23 0 1000 7000 0 1 1 0 1000 50 35000
0 1023 0 1 48038 22 0 1000 7000 0 1 1 0 1000 50 35000
0 1008 0 1 48061 23 0 1000 7000 0 1 1 0 1000 50 35000
0 972 0 1 48083 22 0 1000 7000 0 1 1 0 1000 50 35000
0 1019 0 1 48106 23 0 1000 7000 0 1 1 0 1000 50 35000
0 1006 0 1 48129 23 0 1000 7000 0 1 1 0 1000 50 35000
0 995 0 1 48151 22 0 1000 7000 0 1 1 0 1000 50 35000
0 1023 0 1 48174 23 0 1000 7000 0 1 1 0 1000 50 35000
0 1004 0 1 48196 22 0 1000 7000 0 1 1 0 1000 50 35000
0 1009 0 1 48219 23 0 1000 7000 0 1 1 0 1000 50 35000
0 1023 0 1 48241 22 0 1000 7000 0 1 1 0 1000 50 35000
0 1005 0 1 48264 23 0 1000 7000 0 1 1 0 1000 50 35000
0 1022 0 1 48286 22 0 1000 7000 0 1 1 0 1000 50 35000
0 1023 0 1 48309 23 0 1000 7000 0 1 1 0 1000 50 35000
0 996 0 1 48331 22 0 1000 7000 0 1 1 0 1000 50 35000
0 1018 0 1 48354 23 0 1000 7000 0 1 1 0 1000 50 35000
0 1015 0 1 48376 22 0 1000 7000 0 1 1 0 1000 50 35000
0 984 0 1 48400 24 0 1000 7000 0 1 1 0 1000 50 35000
0 1020 0 1 48422 22 0 1000 7000 0 1 1 0 1000 50 35000
0 1013 0 1 48445 23 0 1000 7000 0 1 1 0 1000 50 35000
0 967 0 1 48467 22 0 1000 7000 0 1 1 0 1000 50 35000
0 1019 0 1 48490 23 0 1000 7000 0 1 1 0 1000 50 35000
0 1006 0 1 48513 23 0 1000 7000 0 1 1 0 1000 50 35000
0 1000 0 1 48535 22 0 1000 7000 0 1 1 0 1000 50 35000
0 1023 0 1 48558 23 0 1000 7000 0 1 1 0 1000 50 35000
0 1011 0 1 48580 22 0 1000 7000 0 1 1 0 1000 50 35000
0 1008 0 1 48603 23 0 1000 7000 0 1 1 0 1000 50 35000
0 1023 0 1 48625 22 0 1000 7000 0 1 1 0 1000 50 35000
0 1010 0 1 48648 23 0 1000 7000 0 1 1 0 1000 50 35000
0 1014 0 1 48670 22 0 1000 7000 0 1 1 0 1000 50 35000
0 1023 0 1 48693 23 0 1000 7000 0 1 1 0 1000 50 35000
0 962 0 1 48715 22 0 1000 7000 0 1 1 0 1000 50 35000
0 1017 0 1 48738 23 0 1000 7000 0 1 1 0 1000 50 35000
0 1020 0 1 48760 22 0 1000 7000 0 1 1 0 1000 50 35000
0 964 0 1 48783 23 0 1000 7000 0 1 1 0 1000 50 35000
0 1019 0 1 48805 22 0 1000 7000 0 1 1 0 1000 50 35000
0 1015 0 1 48828 23 0 1000 7000 0 1 1 0 1000 50 35000
0 986 0 1 48850 22 0 1000 7000 0 1 1 0 1000 50 35000
0 1022 0 1 48873 23 0 1000 7000 0 1 1 0 1000 50 35000
0 1009 0 1 48896 23 0 1000 7000 0 1 1 0 1000 50 35000
0 1002 0 1 48919 23 0 1000 7000 0 1 1 0 1000 50 35000
0 1023 0 1 48942 23 0 1000 7000 0 1 1 0 1000 50 35000
0 1007 0 1 48964 22 0 1000 7000 0 1 1 0 1000 50 35000
0 1010 0 1 48987 23 0 1000 7000 0 1 1 0 1000 50 35000
0 1023 0 1 49009 22 0 1000 7000 0 1 1 0 1000 50 35000
0 1009 0 1 49032 23 0 1000 7000 0 1 1 0 1000 50 35000
0 1018 0 1 49054 22 0 1000 7000 0 1 1 0 1000 50 35000
0 1023 0 1 49077 23 0 1000 7000 0 1 1 0 1000 50 35000
0 979 0 1 49099 22 0 1000 7000 0 1 1 0 1000 50 35000
0 1018 0 1 49122 23 0 1000 7000 0 1 1 0 1000 50 35000
0 1017 0 1 49144 22 0 1000 7000 0 1 1 0 1000 50 35000
0 961 0 1 49167 23 0 1000 7000 0 1 1 0 1000 50 35000
0 1019 0 1 49189 22 0 1000 7000 0 1 1 0 1000 50 35000
0 1010 0 1 49212 23 0 1000 7000 0 1 1 0 1000 50 35000
0 997 0 1 49234 22 0 1000 7000 0 1 1 0 1000 50 35000
0 1023 0 1 49257 23 0 1000 7000 0 1 1 0 1000 50 35000
0 1009 0 1 49280 23 0 1000 7000 0 1 1 0 1000 50 35000
0 1006 0 1 49302 22 0 1000 7000 0 1 1 0 1000 50 35000
0 1023 0 1 49325 23 0 1000 7000 0 1 1 0 1000 50 35000
0 1009 0 1 49347 22 0 1000 7000 0 1 1 0 1000 50 35000
0 1008 0 1 49371 24 0 1000 7000 0 1 1 0 1000 50 35000
0 1023 0 1 49393 22 0 1000 7000 0 1 1 0 1000 50 35000
0 1003 0 1 49416 23 0 1000 7000 0 1 1 0 1000 50 35000
0 1020 0 1 49438 22 0 1000 7000 0 1 1 0 1000 50 35000
0 1021 0 1 49461 23 0 1000 7000 0 1 1 0 1000 50 35000
0 977 0 1 49483 22 0 1000 7000 0 1 1 0 1000 50 35000
0 1021 0 1 49506 23 0 1000 7000 0 1 1 0 1000 50 35000
0 1022 0 1 49528 22 0 1000 7000 0 1 1 0 1000 50 35000
0 967 0 1 49551 23 0 1000 7000 0 1 1 0 1000 50 35000
0 1018 0 1 49573 22 0 1000 7000 0 1 1 0 1000 50 35000
0 1006 0 1 49596 23 0 1000 7000 0 1 1 0 1000 50 35000
0 1006 0 1 49618 22 0 1000 7000 0 1 1 0 1000 50 35000
0 1023 0 1 49641 23 0 1000 7000 0 1 1 0 1000 50 35000
0 1008 0 1 49664 23 0 1000 7000 0 1 1 0 1000 50 35000
0 1012 0 1 49686 22 0 1000 7000 0 1 1 0 1000 50 35000
0 1023 0 1 49709 23 0 1000 7000 0 1 1 0 1000 50 35000
0 1006 0 1 49731 22 0 1000 7000 0 1 1 0 1000 50 35000
0 1020 0 1 49754 23 0 1000 7000 0 1 1 0 1000 50 35000
0 1023 0 1 49776 22 0 1000 7000 0 1 1 0 1000 50 35000
0 944 0 1 49800 24 0 1000 7000 0 1 1 0 1000 50 35000
0 1019 0 1 49822 22 0 1000 7000 0 1 1 0 1000 50 35000
0 1018 0 1 49845 23 0 1000 7000 0 1 1 0 1000 50 35000
0 958 0 1 49867 22 0 1000 7000 0 1 1 0 1000 50 35000
0 1020 0 1 49890 23 0 1000 7000 0 1 1 0 1000 50 35000
0 1012 0 1 49912 22 0 1000 7000 0 1 1 0 1000 50 35000
0 990 0 1 49935 23 0 1000 7000 0 1 1 0 1000 50 35000
0 1023 0 1 49957 22 0 1000 7000 0 1 1 0 1000 50 35000
0 1006 0 1 49980 23 0 1000 7000 0 1 1 0 1000 50 35000
0 1023 0 1 50002 22 0 1000 7000 0 1 1 0 1000 50 35000
0 1023 0 1 50025 23 0 1000 7000 0 1 1 0 1000 50 35000
0 1004 0 1 50048 23 0 1000 7000 0 1 1 0 1000 50 35000
0 1011 0 1 50070 22 0 1000 7000 0 1 1 0 1000 50 35000
0 1023 0 1 50093 23 0 1000 7000 0 1 1 0 1000 50 35000
0 1004 0 1 50115 22 0 1000 7000 0 1 1 0 1000 50 35000
0 1022 0 1 50138 23 0 1000 7000 0 1 1 0 1000 50 35000
0 1023 0 1 50160 22 0 1000 7000 0 1 1 0 1000 50 35000
0 979 0 1 50183 23 0 1000 7000 0 1 1 0 1000 50 35000
0 1019 0 1 50205 22 0 1000 7000 0 1 1 0 1000 50 35000
0 1012 0 1 50228 23 0 1000 7000 0 1 1 0 1000 50 35000
0 966 0 1 50250 22 0 1000 7000 0 1 1 0 1000 50 35000
0 1020 0 1 50273 23 0 1000 7000 0 1 1 0 1000 50 35000
0 1011 0 1 50296 23 0 1000 7000 0 1 1 0 1000 50 35000
0 992 0 1 50319 23 0 1000 7000 0 1 1 0 1000 50 35000
0 1023 0 1 50341 22 0 1000 7000 0 1 1 0 1000 50 35000
0 1008 0 1 50364 23 0 1000 7000 0 1 1 0 1000 50 35000
0 1008 0 1 50386 22 0 1000 7000 0 1 1 0 1000 50 35000
0 1023 0 1 50409 23 0 1000 7000 0 1 1 0 1000 50 35000
0 1006 0 1 50432 23 0 1000 7000 0 1 1 0 1000 50 35000
0 1012 0 1 50454 22 0 1000 7000 0 1 1 0 1000 50 35000
0 1023 0 1 50477 23 0 1000 7000 0 1 1 0 1000 50 35000
0 960 0 1 50499 22 0 1000 7000 0 1 1 0 1000 50 35000
0 1021 0 1 50522 23 0 1000 7000 0 1 1 0 1000 50 35000
0 1019 0 1 50544 22 0 1000 7000 0 1 1 0 1000 50 35000
0 970 0 1 50567 23 0 1000 7000 0 1 1 0 1000 50 35000
0 1021 0 1 50589 22 0 1000 7000 0 1 1 0 1000 50 35000
0 1013 0 1 50612 23 0 1000 7000 0 1 1 0 1000 50 35000
0 973 0 1 50634 22 0 1000 7000 0 1 1 0 1000 50 35000
0 1019 0 1 50657 23 0 1000 7000 0 1 1 0 1000 50 35000
0 1006 0 1 50679 22 0 1000 7000 0 1 1 0 1000 50 35000
0 993 0 1 50702 23 0 1000 7000 0 1 1 0 1000 50 35000
0 1023 0 1 50724 22 0 1000 7000 0 1 1 0 1000 50 35000
0 1007 0 1 50747 23 0 1000 7000 0 1 1 0 1000 50 35000
0 1012 0 1 50769 22 0 1000 7000 0 1 1 0 1000 50 35000
0 1023 0 1 50793 24 0 1000 7000 0 1 1 0 1000 50 35000
0 1008 0 1 50816 23 0 1000 7000 0 1 1 0 1000 50 35000
0 1017 0 1 50838 22 0 1000 7000 0 1 1 0 1000 50 35000
0 1023 0 1 50861 23 0 1000 7000 0 1 1 0 1000 50 35000
0 947 0 1 50883 22 0 1000 7000 0 1 1 0 1000 50 35000
0 1019 0 1 50906 23 0 1000 7000 0 1 1 0 1000 50 35000
0 1017 0 1 50928 22 0 1000 7000 0 1 1 0 1000 50 35000
0 955 0 1 50951 23 0 1000 7000 0 1 1 0 1000 50 35000
0 1019 0 1 50973 22 0 1000 7000 0 1 1 0 1000 50 35000
0 1012 0 1 50996 23 0 1000 7000 0 1 1 0 1000 50 35000
0 989 0 1 51018 22 0 1000 7000 0 1 1 0 1000 50 35000
0 1023 0 1 51041 23 0 1000 7000 0 1 1 0 1000 50 35000
0 1005 0 1 51063 22 0 1000 7000 0 1 1 0 1000 50 35000
0 1003 0 1 51086 23 0 1000 7000 0 1 1 0 1000 50 35000
0 1023 0 1 51108 22 0 1000 7000 0 1 1 0 1000 50 35000
0 1006 0 1 51131 23 0 1000 7000 0 1 1 0 1000 50 35000
0 1012 0 1 51153 22 0 1000 7000 0 1 1 0 1000 50 35000
0 1023 0 1 51176 23 0 1000 7000 0 1 1 0 1000 50 35000
0 1005 0 1 51198 22 0 1000 7000 0 1 1 0 1000 50 35000
0 1021 0 1 51221 23 0 1000 7000 0 1 1 0 1000 50 35000
0 1021 0 1 51244 23 0 1000 7000 0 1 1 0 1000 50 35000
0 976 0 1 51267 23 0 1000 7000 0 1 1 0 1000 50 35000
0 1019 0 1 51290 23 0 1000 7000 0 1 1 0 1000 50 35000
0 1014 0 1 51312 22 0 1000 7000 0 1 1 0 1000 50 35000
0 956 0 1 51335 23 0 1000 7000 0 1 1 0 1000 50 35000
0 1020 0 1 51357 22 0 1000 7000 0 1 1 0 1000 50 35000
0 1010 0 1 51380 23 0 1000 7000 0 1 1 0 1000 50 35000
0 995 0 1 51402 22 0 1000 7000 0 1 1 0 1000 50 35000
0 1023 0 1 51425 23 0 1000 7000 0 1 1 0 1000 50 35000
0 1009 0 1 51447 22 0 1000 7000 0 1 1 0 1000 50 35000
0 1007 0 1 51470 23 0 1000 7000 0 1 1 0 1000 50 35000
0 1023 0 1 51492 22 0 1000 7000 0 1 1 0 1000 50 35000
0 1005 0 1 51515 23 0 1000 7000 0 1 1 0 1000 50 35000
0 1013 0 1 51537 22 0 1000 7000 0 1 1 0 1000 50 35000
0 1023 0 1 51560 23 0 1000 7000 0 1 1 0 1000 50 35000
0 999 0 1 51582 22 0 1000 7000 0 1 1 0 1000 50 35000
0 1021 0 1 51605 23 0 1000 7000 0 1 1 0 1000 50 35000
0 1022 0 1 51628 23 0 1000 7000 0 1 1 0 1000 50 35000
0 973 0 1 51650 22 0 1000 7000 0 1 1 0 1000 50 35000
0 1019 0 1 51673 23 0 1000 7000 0 1 1 0 1000 50 35000
0 1006 0 1 51695 22 0 1000 7000 0 1 1 0 1000 50 35000
0 971 0 1 51718 23 0 1000 7000 0 1 1 0 1000 50 35000
0 1013 0 1 51740 22 0 1000 7000 0 1 1 0 1000 50 35000
0 1006 0 1 51763 23 0 1000 7000 0 1 1 0 1000 50 35000
0 1001 0 1 51785 22 0 1000 7000 0 1 1 0 1000 50 35000
0 1023 0 1 51809 24 0 1000 7000 0 1 1 0 1000 50 35000
0 1008 0 1 51831 22 0 1000 7000 0 1 1 0 1000 50 35000
0 1010 0 1 51854 23 0 1000 7000 0 1 1 0 1000 50 35000
0 1023 0 1 51876 22 0 1000 7000 0 1 1 0 1000 50 35000
0 1006 0 1 51899 23 0 1000 7000 0 1 1 0 1000 50 35000
0 1016 0 1 51921 22 0 1000 7000 0 1 1 0 1000 50 35000
0 1023 0 1 51944 23 0 1000 7000 0 1 1 0 1000 50 35000
0 945 0 1 51966 22 0 1000 7000 0 1 1 0 1000 50 35000
0 1017 0 1 51989 23 0 1000 7000 0 1 1 0 1000 50 35000
0 1017 0 1 52012 23 0 1000 7000 0 1 1 0 1000 50 35000
0 952 0 1 52034 22 0 1000 7000 0 1 1 0 1000 50 35000
0 1018 0 1 52057 23 0 1000 7000 0 1 1 0 1000 50 35000
0 1011 0 1 52079 22 0 1000 7000 0 1 1 0 1000 50 35000
0 986 0 1 52102 23 0 1000 7000 0 1 1 0 1000 50 35000
0 1022 0 1 52124 22 0 1000 7000 0 1 1 0 1000 50 35000
0 1002 0 1 52147 23 0 1000 7000 0 1 1 0 1000 50 35000
0 1023 0 1 52169 22 0 1000 7000 0 1 1 0 1000 50 35000
0 1023 0 1 52192 23 0 1000 7000 0 1 1 0 1000 50 35000
0 1004 0 1 52214 22 0 1000 7000 0 1 1 0 1000 50 35000
0 1011 0 1 52237 23 0 1000 7000 0 1 1 0 1000 50 35000
0 1023 0 1 52259 22 0 1000 7000 0 1 1 0 1000 50 35000
0 1007 0 1 52283 24 0 1000 7000 0 1 1 0 1000 50 35000
0 1017 0 1 52305 22 0 1000 7000 0 1 1 0 1000 50 35000
0 1023 0 1 52328 23 0 1000 7000 0 1 1 0 1000 50 35000
0 977 0 1 52350 22 0 1000 7000 0 1 1 0 1000 50 35000
0 1016 0 1 52373 23 0 1000 7000 0 1 1 0 1000 50 35000
0 1012 0 1 52396 23 0 1000 7000 0 1 1 0 1000 50 35000
0 955 0 1 52418 22 0 1000 7000 0 1 1 0 1000 50 35000
0 1020 0 1 52441 23 0 1000 7000 0 1 1 0 1000 50 35000
0 1009 0 1 52463 22 0 1000 7000 0 1 1 0 1000 50 35000
0 994 0 1 52486 23 0 1000 7000 0 1 1 0 1000 50 35000
0 1023 0 1 52508 22 0 1000 7000 0 1 1 0 1000 50 35000
0 1006 0 1 52531 23 0 1000 7000 0 1 1 0 1000 50 35000
0 1007 0 1 52553 22 0 1000 7000 0 1 1 0 1000 50 35000
0 1023 0 1 52576 23 0 1000 7000 0 1 1 0 1000 50 35000
0 1005 0 1 52598 22 0 1000 7000 0 1 1 0 1000 50 35000
0 1013 0 1 52621 23 0 1000 7000 0 1 1 0 1000 50 35000
0 1023 0 1 52643 22 0 1000 7000 0 1 1 0 1000 50 35000
0 1000 0 1 52666 23 0 1000 7000 0 1 1 0 1000 50 35000
0 1021 0 1 52688 22 0 1000 7000 0 1 1 0 1000 50 35000
0 1018 0 1 52711 23 0 1000 7000 0 1 1 0 1000 50 35000
0 978 0 1 52733 22 0 1000 7000 0 1 1 0 1000 50 35000
0 1022 0 1 52756 23 0 1000 7000 0 1 1 0 1000 50 35000
0 1013 0 1 52780 24 0 1000 7000 0 1 1 0 1000 50 35000
0 974 0 1 52802 22 0 1000 7000 0 1 1 0 1000 50 35000
0 1017 0 1 52825 23 0 1000 7000 0 1 1 0 1000 50 35000
0 1005 0 1 52847 22 0 1000 7000 0 1 1 0 1000 50 35000
0 999 0 1 52870 23 0 1000 7000 0 1 1 0 1000 50 35000
0 1023 0 1 52892 22 0 1000 7000 0 1 1 0 1000 50 35000
0 1006 0 1 52915 23 0 1000 7000 0 1 1 0 1000 50 35000
0 1011 0 1 52937 22 0 1000 7000 0 1 1 0 1000 50 35000
0 1023 0 1 52960 23 0 1000 7000 0 1 1 0 1000 50 35000
0 1004 0 1 52982 22 0 1000 7000 0 1 1 0 1000 50 35000
0 1023 0 1 53005 23 0 1000 7000 0 1 1 0 1000 50 35000
0 1023 0 1 53027 22 0 1000 7000 0 1 1 0 1000 50 35000
0 937 0 1 53050 23 0 1000 7000 0 1 1 0 1000 50 35000
0 1016 0 1 53072 22 0 1000 7000 0 1 1 0 1000 50 35000
0 1016 0 1 53095 23 0 1000 7000 0 1 1 0 1000 50 35000
0 931 0 1 53117 22 0 1000 7000 0 1 1 0 1000 50 35000
0 1020 0 1 53140 23 0 1000 7000 0 1 1 0 1000 50 35000
0 1011 0 1 53163 23 0 1000 7000 0 1 1 0 1000 50 35000
0 988 0 1 53185 22 0 1000 7000 0 1 1 0 1000 50 35000
0 1017 0 1 53208 23 0 1000 7000 0 1 1 0 1000 50 35000
0 1004 0 1 53230 22 0 1000 7000 0 1 1 0 1000 50 35000
0 1003 0 1 53253 23 0 1000 7000 0 1 1 0 1000 50 35000
0 1023 0 1 53275 22 0 1000 7000 0 1 1 0 1000 50 35000
0 1005 0 1 53299 24 0 1000 7000 0 1 1 0 1000 50 35000
0 1010 0 1 53321 22 0 1000 7000 0 1 1 0 1000 50 35000
0 1023 0 1 53344 23 0 1000 7000 0 1 1 0 1000 50 35000
0 1004 0 1 53366 22 0 1000 7000 0 1 1 0 1000 50 35000
0 1020 0 1 53389 23 0 1000 7000 0 1 1 0 1000 50 35000
0 1023 0 1 53411 22 0 1000 7000 0 1 1 0 1000 50 35000
0 976 0 1 53434 23 0 1000 7000 0 1 1 0 1000 50 35000
0 1018 0 1 53456 22 0 1000 7000 0 1 1 0 1000 50 35000
0 1014 0 1 53479 23 0 1000 7000 0 1 1 0 1000 50 35000
0 956 0 1 53501 22 0 1000 7000 0 1 1 0 1000 50 35000
0 1020 0 1 53524 23 0 1000 7000 0 1 1 0 1000 50 35000
0 1008 0 1 53547 23 0 1000 7000 0 1 1 0 1000 50 35000
0 996 0 1 53569 22 0 1000 7000 0 1 1 0 1000 50 35000
0 1023 0 1 53592 23 0 1000 7000 0 1 1 0 1000 50 35000
0 1010 0 1 53614 22 0 1000 7000 0 1 1 0 1000 50 35000
0 1017 0 1 53637 23 0 1000 7000 0 1 1 0 1000 50 35000
0 1023 0 1 53659 22 0 1000 7000 0 1 1 0 1000 50 35000
0 1004 0 1 53682 23 0 1000 7000 0 1 1 0 1000 50 35000
0 1013 0 1 53704 22 0 1000 7000 0 1 1 0 1000 50 35000
0 1023 0 1 53727 23 0 1000 7000 0 1 1 0 1000 50 35000
0 994 0 1 53750 23 0 1000 7000 0 1 1 0 1000 50 35000
0 1021 0 1 53773 23 0 1000 7000 0 1 1 0 1000 50 35000
0 1018 0 1 53795 22 0 1000 7000 0 1 1 0 1000 50 35000
0 975 0 1 53818 23 0 1000 7000 0 1 1 0 1000 50 35000
0 1017 0 1 53840 22 0 1000 7000 0 1 1 0 1000 50 35000
0 1012 0 1 53863 23 0 1000 7000 0 1 1 0 1000 50 35000
0 966 0 1 53885 22 0 1000 7000 0 1 1 0 1000 50 35000
0 1017 0 1 53908 23 0 1000 7000 0 1 1 0 1000 50 35000
0 1003 0 1 53931 23 0 1000 7000 0 1 1 0 1000 50 35000
0 1001 0 1 53953 22 0 1000 7000 0 1 1 0 1000 50 35000
0 1023 0 1 53976 23 0 1000 7000 0 1 1 0 1000 50 35000
0 1012 0 1 53998 22 0 1000 7000 0 1 1 0 1000 50 35000
0 1013 0 1 54021 23 0 1000 7000 0 1 1 0 1000 50 35000
0 1023 0 1 54043 22 0 1000 7000 0 1 1 0 1000 50 35000
0 1004 0 1 54066 23 0 1000 7000 0 1 1 0 1000 50 35000
0 1016 0 1 54088 22 0 1000 7000 0 1 1 0 1000 50 35000
0 1023 0 1 54111 23 0 1000 7000 0 1 1 0 1000 50 35000
0 941 0 1 54133 22 0 1000 7000 0 1 1 0 1000 50 35000
0 1014 0 1 54156 23 0 1000 7000 0 1 1 0 1000 50 35000
0 1014 0 1 54178 22 0 1000 7000 0 1 1 0 1000 50 35000
0 953 0 1 54201 23 0 1000 7000 0 1 1 0 1000 50 35000
0 1015 0 1 54223 22 0 1000 7000 0 1 1 0 1000 50 35000
0 1013 0 1 54247 24 0 1000 7000 0 1 1 0 1000 50 35000
0 992 0 1 54269 22 0 1000 7000 0 1 1 0 1000 50 35000
0 1023 0 1 54292 23 0 1000 7000 0 1 1 0 1000 50 35000
0 1005 0 1 54315 23 0 1000 7000 0 1 1 0 1000 50 35000
0 1004 0 1 54337 22 0 1000 7000 0 1 1 0 1000 50 35000
0 1023 0 1 54360 23 0 1000 7000 0 1 1 0 1000 50 35000
0 1005 0 1 54382 22 0 1000 7000 0 1 1 0 1000 50 35000
0 1010 0 1 54405 23 0 1000 7000 0 1 1 0 1000 50 35000
0 1023 0 1 54427 22 0 1000 7000 0 1 1 0 1000 50 35000
0 1004 0 1 54450 23 0 1000 7000 0 1 1 0 1000 50 35000
0 1021 0 1 54472 22 0 1000 7000 0 1 1 0 1000 50 35000
0 1020 0 1 54495 23 0 1000 7000 0 1 1 0 1000 50 35000
0 976 0 1 54517 22 0 1000 7000 0 1 1 0 1000 50 35000
0 1017 0 1 54540 23 0 1000 7000 0 1 1 0 1000 50 35000
0 1013 0 1 54562 22 0 1000 7000 0 1 1 0 1000 50 35000
0 951 0 1 54585 23 0 1000 7000 0 1 1 0 1000 50 35000
0 1017 0 1 54607 22 0 1000 7000 0 1 1 0 1000 50 35000
0 1009 0 1 54630 23 0 1000 7000 0 1 1 0 1000 50 35000
0 988 0 1 54652 22 0 1000 7000 0 1 1 0 1000 50 35000
0 1023 0 1 54675 23 0 1000 7000 0 1 1 0 1000 50 35000
0 1008 0 1 54697 22 0 1000 7000 0 1 1 0 1000 50 35000
0 1007 0 1 54720 23 0 1000 7000 0 1 1 0 1000 50 35000
0 1023 0 1 54744 24 0 1000 7000 0 1 1 0 1000 50 35000
0 1007 0 1 54766 22 0 1000 7000 0 1 1 0 1000 50 35000
0 1012 0 1 54789 23 0 1000 7000 0 1 1 0 1000 50 35000
0 1023 0 1 54811 22 0 1000 7000 0 1 1 0 1000 50 35000
0 968 0 1 54834 23 0 1000 7000 0 1 1 0 1000 50 35000
0 1018 0 1 54856 22 0 1000 7000 0 1 1 0 1000 50 35000
0 1021 0 1 54879 23 0 1000 7000 0 1 1 0 1000 50 35000
0 975 0 1 54901 22 0 1000 7000 0 1 1 0 1000 50 35000
0 1020 0 1 54924 23 0 1000 7000 0 1 1 0 1000 50 35000
0 1013 0 1 54946 22 0 1000 7000 0 1 1 0 1000 50 35000
0 1001 0 1 54969 23 0 1000 7000 0 1 1 0 1000 50 35000
0 1014 0 1 54991 22 0 1000 7000 0 1 1 0 1000 50 35000
0 1014 0 1 55014 23 0 1000 7000 0 1 1 0 1000 50 35000
0 1008 0 1 55036 22 0 1000 7000 0 1 1 0 1000 50 35000
0 1023 0 1 55059 23 0 1000 7000 0 1 1 0 1000 50 35000
0 1014 0 1 55081 22 0 1000 7000 0 1 1 0 1000 50 35000
0 1010 0 1 55104 23 0 1000 7000 0 1 1 0 1000 50 35000
0 1023 0 1 55127 23 0 1000 7000 0 1 1 0 1000 50 35000
0 1014 0 1 55149 22 0 1000 7000 0 1 1 0 1000 50 35000
0 1016 0 1 55173 24 0 1000 7000 0 1 1 0 1000 50 35000
0 1023 0 1 55195 22 0 1000 7000 0 1 1 0 1000 50 35000
0 967 0 1 55218 23 0 1000 7000 0 1 1 0 1000 50 35000
0 1018 0 1 55240 22 0 1000 7000 0 1 1 0 1000 50 35000
0 1016 0 1 55263 23 0 1000 7000 0 1 1 0 1000 50 35000
0 961 0 1 55285 22 0 1000 7000 0 1 1 0 1000 50 35000
0 1019 0 1 55308 23 0 1000 7000 0 1 1 0 1000 50 35000
0 1013 0 1 55330 22 0 1000 7000 0 1 1 0 1000 50 35000
0 998 0 1 55353 23 0 1000 7000 0 1 1 0 1000 50 35000
0 1023 0 1 55375 22 0 1000 7000 0 1 1 0 1000 50 35000
0 1008 0 1 55398 23 0 1000 7000 0 1 1 0 1000 50 35000
0 1004 0 1 55420 22 0 1000 7000 0 1 1 0 1000 50 35000
0 1023 0 1 55443 23 0 1000 7000 0 1 1 0 1000 50 35000
0 1006 0 1 55465 22 0 1000 7000 0 1 1 0 1000 50 35000
0 1012 0 1 55488 23 0 1000 7000 0 1 1 0 1000 50 35000
0 1023 0 1 55511 23 0 1000 7000 0 1 1 0 1000 50 35000
0 1008 0 1 55533 22 0 1000 7000 0 1 1 0 1000 50 35000
0 1020 0 1 55556 23 0 1000 7000 0 1 1 0 1000 50 35000
0 1021 0 1 55578 22 0 1000 7000 0 1 1 0 1000 50 35000
0 967 0 1 55601 23 0 1000 7000 0 1 1 0 1000 50 35000
0 1020 0 1 55623 22 0 1000 7000 0 1 1 0 1000 50 35000
0 1016 0 1 55646 23 0 1000 7000 0 1 1 0 1000 50 35000
0 972 0 1 55669 23 0 1000 7000 0 1 1 0 1000 50 35000
0 1016 0 1 55692 23 0 1000 7000 0 1 1 0 1000 50 35000
0 1007 0 1 55714 22 0 1000 7000 0 1 1 0 1000 50 35000
0 1002 0 1 55737 23 0 1000 7000 0 1 1 0 1000 50 35000
0 1023 0 1 55759 22 0 1000 7000 0 1 1 0 1000 50 35000
0 1008 0 1 55782 23 0 1000 7000 0 1 1 0 1000 50 35000
0 1010 0 1 55804 22 0 1000 7000 0 1 1 0 1000 50 35000
0 1023 0 1 55827 23 0 1000 7000 0 1 1 0 1000 50 35000
0 1007 0 1 55849 22 0 1000 7000 0 1 1 0 1000 50 35000
0 1013 0 1 55872 23 0 1000 7000 0 1 1 0 1000 50 35000
0 1023 0 1 55895 23 0 1000 7000 0 1 1 0 1000 50 35000
0 943 0 1 55917 22 0 1000 7000 0 1 1 0 1000 50 35000
0 1017 0 1 55940 23 0 1000 7000 0 1 1 0 1000 50 35000
0 1017 0 1 55962 22 0 1000 7000 0 1 1 0 1000 50 35000
0 960 0 1 55985 23 0 1000 7000 0 1 1 0 1000 50 35000
0 1019 0 1 56007 22 0 1000 7000 0 1 1 0 1000 50 35000
0 1012 0 1 56030 23 0 1000 7000 0 1 1 0 1000 50 35000
0 992 0 1 56052 22 0 1000 7000 0 1 1 0 1000 50 35000
0 1023 0 1 56075 23 0 1000 7000 0 1 1 0 1000 50 35000
0 1003 0 1 56097 22 0 1000 7000 0 1 1 0 1000 50 35000
0 1019 0 1 56120 23 0 1000 7000 0 1 1 0 1000 50 35000
0 1023 0 1 56143 23 0 1000 7000 0 1 1 0 1000 50 35000
0 1006 0 1 56166 23 0 1000 7000 0 1 1 0 1000 50 35000
0 1011 0 1 56188 22 0 1000 7000 0 1 1 0 1000 50 35000
0 1023 0 1 56211 23 0 1000 7000 0 1 1 0 1000 50 35000
0 1008 0 1 56233 22 0 1000 7000 0 1 1 0 1000 50 35000
0 1020 0 1 56256 23 0 1000 7000 0 1 1 0 1000 50 35000
0 1023 0 1 56279 23 0 1000 7000 0 1 1 0 1000 50 35000
0 976 0 1 56301 22 0 1000 7000 0 1 1 0 1000 50 35000
0 1017 0 1 56324 23 0 1000 7000 0 1 1 0 1000 50 35000
0 1007 0 1 56346 22 0 1000 7000 0 1 1 0 1000 50 35000
0 960 0 1 56369 23 0 1000 7000 0 1 1 0 1000 50 35000
0 1019 0 1 56391 22 0 1000 7000 0 1 1 0 1000 50 35000
0 1010 0 1 56414 23 0 1000 7000 0 1 1 0 1000 50 35000
0 999 0 1 56436 22 0 1000 7000 0 1 1 0 1000 50 35000
0 1023 0 1 56459 23 0 1000 7000 0 1 1 0 1000 50 35000
0 1018 0 1 56481 22 0 1000 7000 0 1 1 0 1000 50 35000
0 1009 0 1 56504 23 0 1000 7000 0 1 1 0 1000 50 35000
0 1023 0 1 56526 22 0 1000 7000 0 1 1 0 1000 50 35000
0 1005 0 1 56549 23 0 1000 7000 0 1 1 0 1000 50 35000
0 1014 0 1 56571 22 0 1000 7000 0 1 1 0 1000 50 35000
0 1023 0 1 56594 23 0 1000 7000 0 1 1 0 1000 50 35000
0 1003 0 1 56616 22 0 1000 7000 0 1 1 0 1000 50 35000
0 1019 0 1 56640 24 0 1000 7000 0 1 1 0 1000 50 35000
0 1020 0 1 56663 23 0 1000 7000 0 1 1 0 1000 50 35000
0 979 0 1 56685 22 0 1000 7000 0 1 1 0 1000 50 35000
0 1020 0 1 56708 23 0 1000 7000 0 1 1 0 1000 50 35000
0 1012 0 1 56730 22 0 1000 7000 0 1 1 0 1000 50 35000
0 969 0 1 56753 23 0 1000 7000 0 1 1 0 1000 50 35000
0 1015 0 1 56775 22 0 1000 7000 0 1 1 0 1000 50 35000
0 1006 0 1 56798 23 0 1000 7000 0 1 1 0 1000 50 35000
0 993 0 1 56820 22 0 1000 7000 0 1 1 0 1000 50 35000
0 1023 0 1 56843 23 0 1000 7000 0 1 1 0 1000 50 35000
0 1006 0 1 56865 22 0 1000 7000 0 1 1 0 1000 50 35000
0 1011 0 1 56888 23 0 1000 7000 0 1 1 0 1000 50 35000
0 1023 0 1 56910 22 0 1000 7000 0 1 1 0 1000 50 35000
0 1004 0 1 56933 23 0 1000 7000 0 1 1 0 1000 50 35000
0 1010 0 1 56955 22 0 1000 7000 0 1 1 0 1000 50 35000
0 1023 0 1 56978 23 0 1000 7000 0 1 1 0 1000 50 35000
0 943 0 1 57000 22 0 1000 7000 0 1 1 0 1000 50 35000
0 1017 0 1 57023 23 0 1000 7000 0 1 1 0 1000 50 35000
0 1016 0 1 57046 23 0 1000 7000 0 1 1 0 1000 50 35000
0 956 0 1 57068 22 0 1000 7000 0 1 1 0 1000 50 35000
0 1018 0 1 57091 23 0 1000 7000 0 1 1 0 1000 50 35000
0 1012 0 1 57113 22 0 1000 7000 0 1 1 0 1000 50 35000
0 987 0 1 57137 24 0 1000 7000 0 1 1 0 1000 50 35000
0 1023 0 1 57159 22 0 1000 7000 0 1 1 0 1000 50 35000
0 1004 0 1 57182 23 0 1000 7000 0 1 1 0 1000 50 35000
0 1003 0 1 57204 22 0 1000 7000 0 1 1 0 1000 50 35000
0 1023 0 1 57227 23 0 1000 7000 0 1 1 0 1000 50 35000
0 1009 0 1 57249 22 0 1000 7000 0 1 1 0 1000 50 35000
0 1008 0 1 57272 23 0 1000 7000 0 1 1 0 1000 50 35000
0 1023 0 1 57294 22 0 1000 7000 0 1 1 0 1000 50 35000
0 1004 0 1 57317 23 0 1000 7000 0 1 1 0 1000 50 35000
0 1020 0 1 57339 22 0 1000 7000 0 1 1 0 1000 50 35000
0 1022 0 1 57362 23 0 1000 7000 0 1 1 0 1000 50 35000
0 957 0 1 57384 22 0 1000 7000 0 1 1 0 1000 50 35000
0 1017 0 1 57407 23 0 1000 7000 0 1 1 0 1000 50 35000
0 1011 0 1 57430 23 0 1000 7000 0 1 1 0 1000 50 35000
0 960 0 1 57452 22 0 1000 7000 0 1 1 0 1000 50 35000
0 1018 0 1 57475 23 0 1000 7000 0 1 1 0 1000 50 35000
0 1009 0 1 57497 22 0 1000 7000 0 1 1 0 1000 50 35000
0 995 0 1 57520 23 0 1000 7000 0 1 1 0 1000 50 35000
0 1023 0 1 57542 22 0 1000 7000 0 1 1 0 1000 50 35000
0 1008 0 1 57565 23 0 1000 7000 0 1 1 0 1000 50 35000
0 1009 0 1 57587 22 0 1000 7000 0 1 1 0 1000 50 35000
0 1023 0 1 57611 24 0 1000 7000 0 1 1 0 1000 50 35000
0 1001 0 1 57633 22 0 1000 7000 0 1 1 0 1000 50 35000
0 1012 0 1 57656 23 0 1000 7000 0 1 1 0 1000 50 35000
0 1023 0 1 57678 22 0 1000 7000 0 1 1 0 1000 50 35000
0 992 0 1 57701 23 0 1000 7000 0 1 1 0 1000 50 35000
0 1021 0 1 57723 22 0 1000 7000 0 1 1 0 1000 50 35000
0 1017 0 1 57746 23 0 1000 7000 0 1 1 0 1000 50 35000
0 990 0 1 57768 22 0 1000 7000 0 1 1 0 1000 50 35000
0 1021 0 1 57791 23 0 1000 7000 0 1 1 0 1000 50 35000
0 1012 0 1 57814 23 0 1000 7000 0 1 1 0 1000 50 35000
0 963 0 1 57836 22 0 1000 7000 0 1 1 0 1000 50 35000
0 1019 0 1 57859 23 0 1000 7000 0 1 1 0 1000 50 35000
0 1010 0 1 57881 22 0 1000 7000 0 1 1 0 1000 50 35000
0 1000 0 1 57904 23 0 1000 7000 0 1 1 0 1000 50 35000
0 1023 0 1 57926 22 0 1000 7000 0 1 1 0 1000 50 35000
0 1006 0 1 57949 23 0 1000 7000 0 1 1 0 1000 50 35000
0 1013 0 1 57971 22 0 1000 7000 0 1 1 0 1000 50 35000
0 1023 0 1 57994 23 0 1000 7000 0 1 1 0 1000 50 35000
0 1004 0 1 58016 22 0 1000 7000 0 1 1 0 1000 50 35000
0 1015 0 1 58039 23 0 1000 7000 0 1 1 0 1000 50 35000
0 1023 0 1 58061 22 0 1000 7000 0 1 1 0 1000 50 35000
0 943 0 1 58085 24 0 1000 7000 0 1 1 0 1000 50 35000
0 1016 0 1 58107 22 0 1000 7000 0 1 1 0 1000 50 35000
0 1015 0 1 58130 23 0 1000 7000 0 1 1 0 1000 50 35000
0 955 0 1 58152 22 0 1000 7000 0 1 1 0 1000 50 35000
0 1017 0 1 58175 23 0 1000 7000 0 1 1 0 1000 50 35000
0 1011 0 1 58198 23 0 1000 7000 0 1 1 0 1000 50 35000
0 992 0 1 58220 22 0 1000 7000 0 1 1 0 1000 50 35000
0 1023 0 1 58243 23 0 1000 7000 0 1 1 0 1000 50 35000
0 1004 0 1 58265 22 0 1000 7000 0 1 1 0 1000 50 35000
0 1005 0 1 58288 23 0 1000 7000 0 1 1 0 1000 50 35000
0 1023 0 1 58310 22 0 1000 7000 0 1 1 0 1000 50 35000
0 1003 0 1 58333 23 0 1000 7000 0 1 1 0 1000 50 35000
0 1011 0 1 58355 22 0 1000 7000 0 1 1 0 1000 50 35000
0 1023 0 1 58378 23 0 1000 7000 0 1 1 0 1000 50 35000
0 1007 0 1 58400 22 0 1000 7000 0 1 1 0 1000 50 35000
0 1021 0 1 58423 23 0 1000 7000 0 1 1 0 1000 50 35000
0 1021 0 1 58445 22 0 1000 7000 0 1 1 0 1000 50 35000
0 978 0 1 58468 23 0 1000 7000 0 1 1 0 1000 50 35000
0 1020 0 1 58490 22 0 1000 7000 0 1 1 0 1000 50 35000
0 1015 0 1 58513 23 0 1000 7000 0 1 1 0 1000 50 35000
0 969 0 1 58535 22 0 1000 7000 0 1 1 0 1000 50 35000
0 1019 0 1 58558 23 0 1000 7000 0 1 1 0 1000 50 35000
0 1008 0 1 58582 24 0 1000 7000 0 1 1 0 1000 50 35000
0 998 0 1 58604 22 0 1000 7000 0 1 1 0 1000 50 35000
0 1023 0 1 58627 23 0 1000 7000 0 1 1 0 1000 50 35000
0 1008 0 1 58649 22 0 1000 7000 0 1 1 0 1000 50 35000
0 1023 0 1 58672 23 0 1000 7000 0 1 1 0 1000 50 35000
0 1023 0 1 58694 22 0 1000 7000 0 1 1 0 1000 50 35000
0 1004 0 1 58717 23 0 1000 7000 0 1 1 0 1000 50 35000
0 1011 0 1 58739 22 0 1000 7000 0 1 1 0 1000 50 35000
0 1023 0 1 58762 23 0 1000 7000 0 1 1 0 1000 50 35000
0 935 0 1 58784 22 0 1000 7000 0 1 1 0 1000 50 35000
0 1016 0 1 58807 23 0 1000 7000 0 1 1 0 1000 50 35000
0 1020 0 1 58829 22 0 1000 7000 0 1 1 0 1000 50 35000
0 961 0 1 58852 23 0 1000 7000 0 1 1 0 1000 50 35000
0 1019 0 1 58874 22 0 1000 7000 0 1 1 0 1000 50 35000
0 1011 0 1 58897 23 0 1000 7000 0 1 1 0 1000 50 35000
0 979 0 1 58919 22 0 1000 7000 0 1 1 0 1000 50 35000
0 1019 0 1 58942 23 0 1000 7000 0 1 1 0 1000 50 35000
0 1002 0 1 58964 22 0 1000 7000 0 1 1 0 1000 50 35000
0 1000 0 1 58987 23 0 1000 7000 0 1 1 0 1000 50 35000
0 1023 0 1 59010 23 0 1000 7000 0 1 1 0 1000 50 35000
0 1005 0 1 59032 22 0 1000 7000 0 1 1 0 1000 50 35000
0 1011 0 1 59056 24 0 1000 7000 0 1 1 0 1000 50 35000
0 1023 0 1 59078 22 0 1000 7000 0 1 1 0 1000 50 35000
0 1007 0 1 59101 23 0 1000 7000 0 1 1 0 1000 50 35000
0 1016 0 1 59123 22 0 1000 7000 0 1 1 0 1000 50 35000
0 1023 0 1 59146 23 0 1000 7000 0 1 1 0 1000 50 35000
0 956 0 1 59168 22 0 1000 7000 0 1 1 0 1000 50 35000
0 1016 0 1 59191 23 0 1000 7000 0 1 1 0 1000 50 35000
0 1002 0 1 59213 22 0 1000 7000 0 1 1 0 1000 50 35000
0 958 0 1 59236 23 0 1000 7000 0 1 1 0 1000 50 35000
0 1016 0 1 59258 22 0 1000 7000 0 1 1 0 1000 50 35000
0 1011 0 1 59281 23 0 1000 7000 0 1 1 0 1000 50 35000
0 994 0 1 59303 22 0 1000 7000 0 1 1 0 1000 50 35000
0 1023 0 1 59326 23 0 1000 7000 0 1 1 0 1000 50 35000
0 1002 0 1 59348 22 0 1000 7000 0 1 1 0 1000 50 35000
0 1007 0 1 59371 23 0 1000 7000 0 1 1 0 1000 50 35000
0 1023 0 1 59394 23 0 1000 7000 0 1 1 0 1000 50 35000
0 1009 0 1 59416 22 0 1000 7000 0 1 1 0 1000 50 35000
0 1014 0 1 59439 23 0 1000 7000 0 1 1 0 1000 50 35000
0 1023 0 1 59461 22 0 1000 7000 0 1 1 0 1000 50 35000
0 1003 0 1 59484 23 0 1000 7000 0 1 1 0 1000 50 35000
0 1018 0 1 59506 22 0 1000 7000 0 1 1 0 1000 50 35000
0 1019 0 1 59530 24 0 1000 7000 0 1 1 0 1000 50 35000
0 977 0 1 59552 22 0 1000 7000 0 1 1 0 1000 50 35000
0 1019 0 1 59575 23 0 1000 7000 0 1 1 0 1000 50 35000
0 1005 0 1 59597 22 0 1000 7000 0 1 1 0 1000 50 35000
0 965 0 1 59620 23 0 1000 7000 0 1 1 0 1000 50 35000
0 1013 0 1 59642 22 0 1000 7000 0 1 1 0 1000 50 35000
0 1004 0 1 59665 23 0 1000 7000 0 1 1 0 1000 50 35000
0 995 0 1 59687 22 0 1000 7000 0 1 1 0 1000 50 35000
0 1023 0 1 59710 23 0 1000 7000 0 1 1 0 1000 50 35000
0 1007 0 1 59732 22 0 1000 7000 0 1 1 0 1000 50 35000
0 1010 0 1 59755 23 0 1000 7000 0 1 1 0 1000 50 35000
0 1023 0 1 59778 23 0 1000 7000 0 1 1 0 1000 50 35000
0 1003 0 1 59800 22 0 1000 7000 0 1 1 0 1000 50 35000
0 1013 0 1 59823 23 0 1000 7000 0 1 1 0 1000 50 35000
0 1023 0 1 59845 22 0 1000 7000 0 1 1 0 1000 50 35000
0 935 0 1 59868 23 0 1000 7000 0 1 1 0 1000 50 35000
0 1016 0 1 59890 22 0 1000 7000 0 1 1 0 1000 50 35000
0 1013 0 1 59913 23 0 1000 7000 0 1 1 0 1000 50 35000
0 955 0 1 59935 22 0 1000 7000 0 1 1 0 1000 50 35000
0 1019 0 1 59958 23 0 1000 7000 0 1 1 0 1000 50 35000
0 1015 0 1 59980 22 0 1000 7000 0 1 1 0 1000 50 35000
0 988 0 1 60003 23 0 1000 7000 0 1 1 0 1000 50 35000
0 1021 0 1 60025 22 0 1000 7000 0 1 1 0 1000 50 35000
0 1004 0 1 60049 24 0 1000 7000 0 1 1 0 1000 50 35000
0 1005 0 1 60071 22 0 1000 7000 0 1 1 0 1000 50 35000
0 1023 0 1 60094 23 0 1000 7000 0 1 1 0 1000 50 35000
0 1001 0 1 60116 22 0 1000 7000 0 1 1 0 1000 50 35000
0 1011 0 1 60139 23 0 1000 7000 0 1 1 0 1000 50 35000
0 1023 0 1 60162 23 0 1000 7000 0 1 1 0 1000 50 35000
0 1007 0 1 60184 22 0 1000 7000 0 1 1 0 1000 50 35000
0 1020 0 1 60207 23 0 1000 7000 0 1 1 0 1000 50 35000
0 1020 0 1 60229 22 0 1000 7000 0 1 1 0 1000 50 35000
0 972 0 1 60252 23 0 1000 7000 0 1 1 0 1000 50 35000
0 1017 0 1 60274 22 0 1000 7000 0 1 1 0 1000 50 35000
0 1012 0 1 60297 23 0 1000 7000 0 1 1 0 1000 50 35000
0 958 0 1 60319 22 0 1000 7000 0 1 1 0 1000 50 35000
0 1017 0 1 60342 23 0 1000 7000 0 1 1 0 1000 50 35000
0 1009 0 1 60364 22 0 1000 7000 0 1 1 0 1000 50 35000
0 992 0 1 60387 23 0 1000 7000 0 1 1 0 1000 50 35000
0 1023 0 1 60409 22 0 1000 7000 0 1 1 0 1000 50 35000
0 1006 0 1 60432 23 0 1000 7000 0 1 1 0 1000 50 35000
0 1008 0 1 60454 22 0 1000 7000 0 1 1 0 1000 50 35000
0 1023 0 1 60477 23 0 1000 7000 0 1 1 0 1000 50 35000
0 1003 0 1 60499 22 0 1000 7000 0 1 1 0 1000 50 35000
0 1013 0 1 60523 24 0 1000 7000 0 1 1 0 1000 50 35000
0 1023 0 1 60546 23 0 1000 7000 0 1 1 0 1000 50 35000
0 995 0 1 60568 22 0 1000 7000 0 1 1 0 1000 50 35000
0 1019 0 1 60591 23 0 1000 7000 0 1 1 0 1000 50 35000
0 1015 0 1 60613 22 0 1000 7000 0 1 1 0 1000 50 35000
0 976 0 1 60636 23 0 1000 7000 0 1 1 0 1000 50 35000
0 1020 0 1 60658 22 0 1000 7000 0 1 1 0 1000 50 35000
0 1011 0 1 60681 23 0 1000 7000 0 1 1 0 1000 50 35000
0 965 0 1 60703 22 0 1000 7000 0 1 1 0 1000 50 35000
0 1017 0 1 60726 23 0 1000 7000 0 1 1 0 1000 50 35000
0 1003 0 1 60748 22 0 1000 7000 0 1 1 0 1000 50 35000
0 1002 0 1 60771 23 0 1000 7000 0 1 1 0 1000 50 35000
0 1023 0 1 60793 22 0 1000 7000 0 1 1 0 1000 50 35000
0 1005 0 1 60816 23 0 1000 7000 0 1 1 0 1000 50 35000
0 1013 0 1 60838 22 0 1000 7000 0 1 1 0 1000 50 35000
0 1023 0 1 60861 23 0 1000 7000 0 1 1 0 1000 50 35000
0 999 0 1 60883 22 0 1000 7000 0 1 1 0 1000 50 35000
0 1017 0 1 60906 23 0 1000 7000 0 1 1 0 1000 50 35000
0 1023 0 1 60929 23 0 1000 7000 0 1 1 0 1000 50 35000
0 932 0 1 60951 22 0 1000 7000 0 1 1 0 1000 50 35000
0 1016 0 1 60974 23 0 1000 7000 0 1 1 0 1000 50 35000
0 1015 0 1 60996 22 0 1000 7000 0 1 1 0 1000 50 35000
0 950 0 1 61020 24 0 1000 7000 0 1 1 0 1000 50 35000
0 1022 0 1 61042 22 0 1000 7000 0 1 1 0 1000 50 35000
0 1009 0 1 61065 23 0 1000 7000 0 1 1 0 1000 50 35000
0 997 0 1 61087 22 0 1000 7000 0 1 1 0 1000 50 35000
0 1023 0 1 61110 23 0 1000 7000 0 1 1 0 1000 50 35000
0 1010 0 1 61132 22 0 1000 7000 0 1 1 0 1000 50 35000
0 1019 0 1 61155 23 0 1000 7000 0 1 1 0 1000 50 35000
0 1023 0 1 61177 22 0 1000 7000 0 1 1 0 1000 50 35000
0 1000 0 1 61200 23 0 1000 7000 0 1 1 0 1000 50 35000
0 1004 0 1 61222 22 0 1000 7000 0 1 1 0 1000 50 35000
0 1023 0 1 61245 23 0 1000 7000 0 1 1 0 1000 50 35000
0 1001 0 1 61267 22 0 1000 7000 0 1 1 0 1000 50 35000
0 1020 0 1 61290 23 0 1000 7000 0 1 1 0 1000 50 35000
0 994 0 1 61313 23 0 1000 7000 0 1 1 0 1000 50 35000
0 973 0 1 61335 22 0 1000 7000 0 1 1 0 1000 50 35000
0 1016 0 1 61358 23 0 1000 7000 0 1 1 0 1000 50 35000
0 1009 0 1 61380 22 0 1000 7000 0 1 1 0 1000 50 35000
0 955 0 1 61403 23 0 1000 7000 0 1 1 0 1000 50 35000
0 1018 0 1 61425 22 0 1000 7000 0 1 1 0 1000 50 35000
0 1005 0 1 61448 23 0 1000 7000 0 1 1 0 1000 50 35000
0 998 0 1 61470 22 0 1000 7000 0 1 1 0 1000 50 35000
0 1023 0 1 61493 23 0 1000 7000 0 1 1 0 1000 50 35000
0 1004 0 1 61515 22 0 1000 7000 0 1 1 0 1000 50 35000
0 1011 0 1 61539 24 0 1000 7000 0 1 1 0 1000 50 35000
0 1023 0 1 61561 22 0 1000 7000 0 1 1 0 1000 50 35000
0 1007 0 1 61584 23 0 1000 7000 0 1 1 0 1000 50 35000
0 1014 0 1 61606 22 0 1000 7000 0 1 1 0 1000 50 35000
0 1023 0 1 61629 23 0 1000 7000 0 1 1 0 1000 50 35000
0 948 0 1 61651 22 0 1000 7000 0 1 1 0 1000 50 35000
0 1016 0 1 61674 23 0 1000 7000 0 1 1 0 1000 50 35000
0 1005 0 1 61697 23 0 1000 7000 0 1 1 0 1000 50 35000
0 969 0 1 61719 22 0 1000 7000 0 1 1 0 1000 50 35000
0 1022 0 1 61742 23 0 1000 7000 0 1 1 0 1000 50 35000
0 1009 0 1 61764 22 0 1000 7000 0 1 1 0 1000 50 35000
0 964 0 1 61787 23 0 1000 7000 0 1 1 0 1000 50 35000
0 1017 0 1 61809 22 0 1000 7000 0 1 1 0 1000 50 35000
0 1001 0 1 61832 23 0 1000 7000 0 1 1 0 1000 50 35000
0 1004 0 1 61854 22 0 1000 7000 0 1 1 0 1000 50 35000
0 1023 0 1 61877 23 0 1000 7000 0 1 1 0 1000 50 35000
0 1003 0 1 61899 22 0 1000 7000 0 1 1 0 1000 50 35000
0 1013 0 1 61922 23 0 1000 7000 0 1 1 0 1000 50 35000
0 1023 0 1 61944 22 0 1000 7000 0 1 1 0 1000 50 35000
0 1004 0 1 61967 23 0 1000 7000 0 1 1 0 1000 50 35000
0 1009 0 1 61989 22 0 1000 7000 0 1 1 0 1000 50 35000
0 1023 0 1 62013 24 0 1000 7000 0 1 1 0 1000 50 35000
0 940 0 1 62035 22 0 1000 7000 0 1 1 0 1000 50 35000
0 1015 0 1 62058 23 0 1000 7000 0 1 1 0 1000 50 35000
0 1006 0 1 62081 23 0 1000 7000 0 1 1 0 1000 50 35000
0 946 0 1 62103 22 0 1000 7000 0 1 1 0 1000 50 35000
0 1023 0 1 62126 23 0 1000 7000 0 1 1 0 1000 50 35000
0 1013 0 1 62148 22 0 1000 7000 0 1 1 0 1000 50 35000
0 999 0 1 62171 23 0 1000 7000 0 1 1 0 1000 50 35000
0 1023 0 1 62193 22 0 1000 7000 0 1 1 0 1000 50 35000
0 1001 0 1 62216 23 0 1000 7000 0 1 1 0 1000 50 35000
0 968 0 1 62238 22 0 1000 7000 0 1 1 0 1000 50 35000
0 1023 0 1 62261 23 0 1000 7000 0 1 1 0 1000 50 35000
0 998 0 1 62283 22 0 1000 7000 0 1 1 0 1000 50 35000
0 1014 0 1 62306 23 0 1000 7000 0 1 1 0 1000 50 35000
0 1023 0 1 62328 22 0 1000 7000 0 1 1 0 1000 50 35000
0 988 0 1 62351 23 0 1000 7000 0 1 1 0 1000 50 35000
0 1016 0 1 62373 22 0 1000 7000 0 1 1 0 1000 50 35000
0 1020 0 1 62396 23 0 1000 7000 0 1 1 0 1000 50 35000
0 980 0 1 62418 22 0 1000 7000 0 1 1 0 1000 50 35000
0 1009 0 1 62441 23 0 1000 7000 0 1 1 0 1000 50 35000
0 994 0 1 62464 23 0 1000 7000 0 1 1 0 1000 50 35000
0 944 0 1 62486 22 0 1000 7000 0 1 1 0 1000 50 35000
0 1016 0 1 62509 23 0 1000 7000 0 1 1 0 1000 50 35000
0 1000 0 1 62531 22 0 1000 7000 0 1 1 0 1000 50 35000
0 997 0 1 62554 23 0 1000 7000 0 1 1 0 1000 50 35000
0 1023 0 1 62576 22 0 1000 7000 0 1 1 0 1000 50 35000
0 1005 0 1 62600 24 0 1000 7000 0 1 1 0 1000 50 35000
0 1009 0 1 62622 22 0 1000 7000 0 1 1 0 1000 50 35000
0 1023 0 1 62645 23 0 1000 7000 0 1 1 0 1000 50 35000
0 1001 0 1 62667 22 0 1000 7000 0 1 1 0 1000 50 35000
0 1013 0 1 62690 23 0 1000 7000 0 1 1 0 1000 50 35000
0 1023 0 1 62712 22 0 1000 7000 0 1 1 0 1000 50 35000
0 987 0 1 62735 23 0 1000 7000 0 1 1 0 1000 50 35000
0 1016 0 1 62757 22 0 1000 7000 0 1 1 0 1000 50 35000
0 1009 0 1 62780 23 0 1000 7000 0 1 1 0 1000 50 35000
0 969 0 1 62802 22 0 1000 7000 0 1 1 0 1000 50 35000
0 1022 0 1 62825 23 0 1000 7000 0 1 1 0 1000 50 35000
0 1009 0 1 62848 23 0 1000 7000 0 1 1 0 1000 50 35000
0 938 0 1 62870 22 0 1000 7000 0 1 1 0 1000 50 35000
0 1013 0 1 62893 23 0 1000 7000 0 1 1 0 1000 50 35000
0 985 0 1 62915 22 0 1000 7000 0 1 1 0 1000 50 35000
0 983 0 1 62938 23 0 1000 7000 0 1 1 0 1000 50 35000
0 1023 0 1 62960 22 0 1000 7000 0 1 1 0 1000 50 35000
0 998 0 1 62983 23 0 1000 7000 0 1 1 0 1000 50 35000
0 1012 0 1 63005 22 0 1000 7000 0 1 1 0 1000 50 35000
0 1023 0 1 63028 23 0 1000 7000 0 1 1 0 1000 50 35000
0 1001 0 1 63050 22 0 1000 7000 0 1 1 0 1000 50 35000
0 1015 0 1 63073 23 0 1000 7000 0 1 1 0 1000 50 35000
0 1014 0 1 63095 22 0 1000 7000 0 1 1 0 1000 50 35000
0 895 0 1 63119 24 0 1000 7000 0 1 1 0 1000 50 35000
0 1018 0 1 63141 22 0 1000 7000 0 1 1 0 1000 50 35000
0 1012 0 1 63164 23 0 1000 7000 0 1 1 0 1000 50 35000
0 936 0 1 63186 22 0 1000 7000 0 1 1 0 1000 50 35000
0 1019 0 1 63209 23 0 1000 7000 0 1 1 0 1000 50 35000
0 1008 0 1 63232 23 0 1000 7000 0 1 1 0 1000 50 35000
0 995 0 1 63254 22 0 1000 7000 0 1 1 0 1000 50 35000
0 1023 0 1 63277 23 0 1000 7000 0 1 1 0 1000 50 35000
0 992 0 1 63299 22 0 1000 7000 0 1 1 0 1000 50 35000
0 1001 0 1 63322 23 0 1000 7000 0 1 1 0 1000 50 35000
0 1023 0 1 63344 22 0 1000 7000 0 1 1 0 1000 50 35000
0 997 0 1 63367 23 0 1000 7000 0 1 1 0 1000 50 35000
0 1012 0 1 63389 22 0 1000 7000 0 1 1 0 1000 50 35000
0 1023 0 1 63412 23 0 1000 7000 0 1 1 0 1000 50 35000
0 1010 0 1 63434 22 0 1000 7000 0 1 1 0 1000 50 35000
0 1020 0 1 63457 23 0 1000 7000 0 1 1 0 1000 50 35000
0 1023 0 1 63479 22 0 1000 7000 0 1 1 0 1000 50 35000
0 936 0 1 63502 23 0 1000 7000 0 1 1 0 1000 50 35000
0 1015 0 1 63524 22 0 1000 7000 0 1 1 0 1000 50 35000
0 1009 0 1 63547 23 0 1000 7000 0 1 1 0 1000 50 35000
0 933 0 1 63569 22 0 1000 7000 0 1 1 0 1000 50 35000
0 1020 0 1 63592 23 0 1000 7000 0 1 1 0 1000 50 35000
0 1011 0 1 63614 22 0 1000 7000 0 1 1 0 1000 50 35000
0 989 0 1 63637 23 0 1000 7000 0 1 1 0 1000 50 35000
0 1023 0 1 63660 23 0 1000 7000 0 1 1 0 1000 50 35000
0 1003 0 1 63683 23 0 1000 7000 0 1 1 0 1000 50 35000
0 1008 0 1 63706 23 0 1000 7000 0 1 1 0 1000 50 35000
0 1023 0 1 63728 22 0 1000 7000 0 1 1 0 1000 50 35000
0 1003 0 1 63751 23 0 1000 7000 0 1 1 0 1000 50 35000
0 1012 0 1 63773 22 0 1000 7000 0 1 1 0 1000 50 35000
0 1023 0 1 63796 23 0 1000 7000 0 1 1 0 1000 50 35000
0 1001 0 1 63818 22 0 1000 7000 0 1 1 0 1000 50 35000
0 1023 0 1 63841 23 0 1000 7000 0 1 1 0 1000 50 35000
0 1022 0 1 63863 22 0 1000 7000 0 1 1 0 1000 50 35000
0 967 0 1 63886 23 0 1000 7000 0 1 1 0 1000 50 35000
0 1023 0 1 63908 22 0 1000 7000 0 1 1 0 1000 50 35000
0 1013 0 1 63931 23 0 1000 7000 0 1 1 0 1000 50 35000
0 952 0 1 63953 22 0 1000 7000 0 1 1 0 1000 50 35000
0 1016 0 1 63976 23 0 1000 7000 0 1 1 0 1000 50 35000
0 1003 0 1 63998 22 0 1000 7000 0 1 1 0 1000 50 35000
0 984 0 1 64021 23 0 1000 7000 0 1 1 0 1000 50 35000
0 1023 0 1 64044 23 0 1000 7000 0 1 1 0 1000 50 35000
0 1007 0 1 64066 22 0 1000 7000 0 1 1 0 1000 50 35000
0 1004 0 1 64089 23 0 1000 7000 0 1 1 0 1000 50 35000
0 1023 0 1 64111 22 0 1000 7000 0 1 1 0 1000 50 35000
0 1006 0 1 64134 23 0 1000 7000 0 1 1 0 1000 50 35000
0 1010 0 1 64157 23 0 1000 7000 0 1 1 0 1000 50 35000
0 1020 0 1 64180 23 0 1000 7000 0 1 1 0 1000 50 35000
0 1010 0 1 64202 22 0 1000 7000 0 1 1 0 1000 50 35000
0 1012 0 1 64225 23 0 1000 7000 0 1 1 0 1000 50 35000
0 1016 0 1 64247 22 0 1000 7000 0 1 1 0 1000 50 35000
0 1001 0 1 64270 23 0 1000 7000 0 1 1 0 1000 50 35000
0 1013 0 1 64292 22 0 1000 7000 0 1 1 0 1000 50 35000
0 1016 0 1 64315 23 0 1000 7000 0 1 1 0 1000 50 35000
0 1011 0 1 64337 22 0 1000 7000 0 1 1 0 1000 50 35000
0 1015 0 1 64360 23 0 1000 7000 0 1 1 0 1000 50 35000
0 1012 0 1 64382 22 0 1000 7000 0 1 1 0 1000 50 35000
0 1002 0 1 64405 23 0 1000 7000 0 1 1 0 1000 50 35000
0 1023 0 1 64428 23 0 1000 7000 0 1 1 0 1000 50 35000
0 1001 0 1 64450 22 0 1000 7000 0 1 1 0 1000 50 35000
0 1011 0 1 64473 23 0 1000 7000 0 1 1 0 1000 50 35000
0 1023 0 1 64495 22 0 1000 7000 0 1 1 0 1000 50 35000
0 1001 0 1 64518 23 0 1000 7000 0 1 1 0 1000 50 35000
0 1020 0 1 64540 22 0 1000 7000 0 1 1 0 1000 50 35000
0 1014 0 1 64563 23 0 1000 7000 0 1 1 0 1000 50 35000
0 1011 0 1 64585 22 0 1000 7000 0 1 1 0 1000 50 35000
0 1011 0 1 64609 24 0 1000 7000 0 1 1 0 1000 50 35000
0 1013 0 1 64631 22 0 1000 7000 0 1 1 0 1000 50 35000
0 1008 0 1 64654 23 0 1000 7000 0 1 1 0 1000 50 35000
0 1014 0 1 64676 22 0 1000 7000 0 1 1 0 1000 50 35000
0 1013 0 1 64699 23 0 1000 7000 0 1 1 0 1000 50 35000
0 1011 0 1 64721 22 0 1000 7000 0 1 1 0 1000 50 35000
0 1023 0 1 64744 23 0 1000 7000 0 1 1 0 1000 50 35000
0 1012 0 1 64766 22 0 1000 7000 0 1 1 0 1000 50 35000
0 1014 0 1 64789 23 0 1000 7000 0 1 1 0 1000 50 35000
0 1018 0 1 64812 23 0 1000 7000 0 1 1 0 1000 50 35000
0 1012 0 1 64834 22 0 1000 7000 0 1 1 0 1000 50 35000
0 1012 0 1 64857 23 0 1000 7000 0 1 1 0 1000 50 35000
0 1014 0 1 64879 22 0 1000 7000 0 1 1 0 1000 50 35000
0 1011 0 1 64902 23 0 1000 7000 0 1 1 0 1000 50 35000
0 1014 0 1 64924 22 0 1000 7000 0 1 1 0 1000 50 35000
0 1023 0 1 64947 23 0 1000 7000 0 1 1 0 1000 50 35000
0 1005 0 1 64969 22 0 1000 7000 0 1 1 0 1000 50 35000
0 1012 0 1 64992 23 0 1000 7000 0 1 1 0 1000 50 35000
0 1017 0 1 65014 22 0 1000 7000 0 1 1 0 1000 50 35000
0 1004 0 1 65038 24 0 1000 7000 0 1 1 0 1000 50 35000
0 1014 0 1 65060 22 0 1000 7000 0 1 1 0 1000 50 35000
0 1013 0 1 65083 23 0 1000 7000 0 1 1 0 1000 50 35000
0 1006 0 1 65105 22 0 1000 7000 0 1 1 0 1000 50 35000
0 1020 0 1 65128 23 0 1000 7000 0 1 1 0 1000 50 35000
0 1014 0 1 65150 22 0 1000 7000 0 1 1 0 1000 50 35000
0 1008 0 1 65173 23 0 1000 7000 0 1 1 0 1000 50 35000
0 1023 0 1 65196 23 0 1000 7000 0 1 1 0 1000 50 35000
0 1012 0 1 65218 22 0 1000 7000 0 1 1 0 1000 50 35000
0 1011 0 1 65241 23 0 1000 7000 0 1 1 0 1000 50 35000
0 1011 0 1 65263 22 0 1000 7000 0 1 1 0 1000 50 35000
0 1008 0 1 65286 23 0 1000 7000 0 1 1 0 1000 50 35000
0 1012 0 1 65308 22 0 1000 7000 0 1 1 0 1000 50 35000
0 1017 0 1 65331 23 0 1000 7000 0 1 1 0 1000 50 35000
0 999 0 1 65353 22 0 1000 7000 0 1 1 0 1000 50 35000
0 1013 0 1 65376 23 0 1000 7000 0 1 1 0 1000 50 35000
0 1015 0 1 65398 22 0 1000 7000 0 1 1 0 1000 50 35000
0 1004 0 1 65421 23 0 1000 7000 0 1 1 0 1000 50 35000
0 1023 0 1 65443 22 0 1000 7000 0 1 1 0 1000 50 35000
0 1014 0 1 65467 24 0 1000 7000 0 1 1 0 1000 50 35000
0 1007 0 1 65489 22 0 1000 7000 0 1 1 0 1000 50 35000
0 1023 0 1 65512 23 0 1000 7000 0 1 1 0 1000 50 35000
0 1012 0 1 65534 22 0 1000 7000 0 1 1 0 1000 50 35000
0 1009 0 1 65557 23 0 1000 7000 0 1 1 0 1000 50 35000
0 1022 0 1 65580 23 0 1000 7000 0 1 1 0 1000 50 35000
0 1004 0 1 65602 22 0 1000 7000 0 1 1 0 1000 50 35000
0 1012 0 1 65625 23 0 1000 7000 0 1 1 0 1000 50 35000
0 1017 0 1 65647 22 0 1000 7000 0 1 1 0 1000 50 35000
0 999 0 1 65670 23 0 1000 7000 0 1 1 0 1000 50 35000
0 1013 0 1 65692 22 0 1000 7000 0 1 1 0 1000 50 35000
0 1016 0 1 65715 23 0 1000 7000 0 1 1 0 1000 50 35000
0 1004 0 1 65737 22 0 1000 7000 0 1 1 0 1000 50 35000
0 1013 0 1 65760 23 0 1000 7000 0 1 1 0 1000 50 35000
0 1013 0 1 65782 22 0 1000 7000 0 1 1 0 1000 50 35000
0 1006 0 1 65805 23 0 1000 7000 0 1 1 0 1000 50 35000
0 1020 0 1 65827 22 0 1000 7000 0 1 1 0 1000 50 35000
0 1012 0 1 65850 23 0 1000 7000 0 1 1 0 1000 50 35000
0 1010 0 1 65872 22 0 1000 7000 0 1 1 0 1000 50 35000
0 1021 0 1 65896 24 0 1000 7000 0 1 1 0 1000 50 35000
0 1014 0 1 65918 22 0 1000 7000 0 1 1 0 1000 50 35000
0 1012 0 1 65941 23 0 1000 7000 0 1 1 0 1000 50 35000
0 1017 0 1 65964 23 0 1000 7000 0 1 1 0 1000 50 35000
0 1007 0 1 65986 22 0 1000 7000 0 1 1 0 1000 50 35000
0 1013 0 1 66009 23 0 1000 7000 0 1 1 0 1000 50 35000
0 1016 0 1 66031 22 0 1000 7000 0 1 1 0 1000 50 35000
0 1000 0 1 66054 23 0 1000 7000 0 1 1 0 1000 50 35000
0 1013 0 1 66076 22 0 1000 7000 0 1 1 0 1000 50 35000
0 1012 0 1 66099 23 0 1000 7000 0 1 1 0 1000 50 35000
0 1007 0 1 66121 22 0 1000 7000 0 1 1 0 1000 50 35000
0 1022 0 1 66144 23 0 1000 7000 0 1 1 0 1000 50 35000
0 1015 0 1 66166 22 0 1000 7000 0 1 1 0 1000 50 35000
0 1020 0 1 66189 23 0 1000 7000 0 1 1 0 1000 50 35000
0 1020 0 1 66211 22 0 1000 7000 0 1 1 0 1000 50 35000
0 1012 0 1 66234 23 0 1000 7000 0 1 1 0 1000 50 35000
0 1011 0 1 66256 22 0 1000 7000 0 1 1 0 1000 50 35000
0 1016 0 1 66279 23 0 1000 7000 0 1 1 0 1000 50 35000
0 1012 0 1 66302 23 0 1000 7000 0 1 1 0 1000 50 35000
0 1012 0 1 66325 23 0 1000 7000 0 1 1 0 1000 50 35000
0 1015 0 1 66348 23 0 1000 7000 0 1 1 0 1000 50 35000
0 1007 0 1 66370 22 0 1000 7000 0 1 1 0 1000 50 35000
0 1013 0 1 66393 23 0 1000 7000 0 1 1 0 1000 50 35000
0 1013 0 1 66415 22 0 1000 7000 0 1 1 0 1000 50 35000
0 1011 0 1 66438 23 0 1000 7000 0 1 1 0 1000 50 35000
0 1014 0 1 66460 22 0 1000 7000 0 1 1 0 1000 50 35000
0 1013 0 1 66483 23 0 1000 7000 0 1 1 0 1000 50 35000
0 1011 0 1 66505 22 0 1000 7000 0 1 1 0 1000 50 35000
0 1016 0 1 66528 23 0 1000 7000 0 1 1 0 1000 50 35000
0 1012 0 1 66550 22 0 1000 7000 0 1 1 0 1000 50 35000
0 1012 0 1 66573 23 0 1000 7000 0 1 1 0 1000 50 35000
0 1016 0 1 66595 22 0 1000 7000 0 1 1 0 1000 50 35000
0 1013 0 1 66618 23 0 1000 7000 0 1 1 0 1000 50 35000
0 1014 0 1 66640 22 0 1000 7000 0 1 1 0 1000 50 35000
0 1016 0 1 66663 23 0 1000 7000 0 1 1 0 1000 50 35000
0 1008 0 1 66685 22 0 1000 7000 0 1 1 0 1000 50 35000
0 1013 0 1 66708 23 0 1000 7000 0 1 1 0 1000 50 35000
0 1015 0 1 66732 24 0 1000 7000 0 1 1 0 1000 50 35000
0 1005 0 1 66754 22 0 1000 7000 0 1 1 0 1000 50 35000
0 1013 0 1 66777 23 0 1000 7000 0 1 1 0 1000 50 35000
0 1015 0 1 66799 22 0 1000 7000 0 1 1 0 1000 50 35000
0 1005 0 1 66822 23 0 1000 7000 0 1 1 0 1000 50 35000
0 1022 0 1 66844 22 0 1000 7000 0 1 1 0 1000 50 35000
0 1013 0 1 66867 23 0 1000 7000 0 1 1 0 1000 50 35000
0 1008 0 1 66889 22 0 1000 7000 0 1 1 0 1000 50 35000
0 1023 0 1 66912 23 0 1000 7000 0 1 1 0 1000 50 35000
0 1012 0 1 66934 22 0 1000 7000 0 1 1 0 1000 50 35000
0 1010 0 1 66957 23 0 1000 7000 0 1 1 0 1000 50 35000
0 1017 0 1 66979 22 0 1000 7000 0 1 1 0 1000 50 35000
0 1009 0 1 67002 23 0 1000 7000 0 1 1 0 1000 50 35000
0 1012 0 1 67024 22 0 1000 7000 0 1 1 0 1000 50 35000
0 1016 0 1 67047 23 0 1000 7000 0 1 1 0 1000 50 35000
0 1003 0 1 67069 22 0 1000 7000 0 1 1 0 1000 50 35000
0 1013 0 1 67092 23 0 1000 7000 0 1 1 0 1000 50 35000
0 1016 0 1 67115 23 0 1000 7000 0 1 1 0 1000 50 35000
0 1008 0 1 67138 23 0 1000 7000 0 1 1 0 1000 50 35000
0 1014 0 1 67161 23 0 1000 7000 0 1 1 0 1000 50 35000
0 1011 0 1 67183 22 0 1000 7000 0 1 1 0 1000 50 35000
0 1008 0 1 67206 23 0 1000 7000 0 1 1 0 1000 50 35000
0 1019 0 1 67228 22 0 1000 7000 0 1 1 0 1000 50 35000
0 1012 0 1 67251 23 0 1000 7000 0 1 1 0 1000 50 35000
0 1010 0 1 67273 22 0 1000 7000 0 1 1 0 1000 50 35000
0 1019 0 1 67296 23 0 1000 7000 0 1 1 0 1000 50 35000
0 1012 0 1 67318 22 0 1000 7000 0 1 1 0 1000 50 35000
0 1011 0 1 67341 23 0 1000 7000 0 1 1 0 1000 50 35000
0 1014 0 1 67363 22 0 1000 7000 0 1 1 0 1000 50 35000
0 1007 0 1 67386 23 0 1000 7000 0 1 1 0 1000 50 35000
0 1013 0 1 67408 22 0 1000 7000 0 1 1 0 1000 50 35000
0 1016 0 1 67431 23 0 1000 7000 0 1 1 0 1000 50 35000
0 1003 0 1 67453 22 0 1000 7000 0 1 1 0 1000 50 35000
0 1013 0 1 67476 23 0 1000 7000 0 1 1 0 1000 50 35000
0 1013 0 1 67499 23 0 1000 7000 0 1 1 0 1000 50 35000
0 1009 0 1 67521 22 0 1000 7000 0 1 1 0 1000 50 35000
0 1023 0 1 67545 24 0 1000 7000 0 1 1 0 1000 50 35000
0 1014 0 1 67567 22 0 1000 7000 0 1 1 0 1000 50 35000
0 1005 0 1 67590 23 0 1000 7000 0 1 1 0 1000 50 35000
0 1018 0 1 67612 22 0 1000 7000 0 1 1 0 1000 50 35000
0 1011 0 1 67635 23 0 1000 7000 0 1 1 0 1000 50 35000
0 1010 0 1 67657 22 0 1000 7000 0 1 1 0 1000 50 35000
0 1017 0 1 67680 23 0 1000 7000 0 1 1 0 1000 50 35000
0 1008 0 1 67702 22 0 1000 7000 0 1 1 0 1000 50 35000
0 1012 0 1 67725 23 0 1000 7000 0 1 1 0 1000 50 35000
0 1006 0 1 67747 22 0 1000 7000 0 1 1 0 1000 50 35000
0 1004 0 1 67770 23 0 1000 7000 0 1 1 0 1000 50 35000
0 1013 0 1 67792 22 0 1000 7000 0 1 1 0 1000 50 35000
0 1015 0 1 67815 23 0 1000 7000 0 1 1 0 1000 50 35000
0 1007 0 1 67837 22 0 1000 7000 0 1 1 0 1000 50 35000
0 1014 0 1 67860 23 0 1000 7000 0 1 1 0 1000 50 35000
0 1012 0 1 67883 23 0 1000 7000 0 1 1 0 1000 50 35000
0 1009 0 1 67905 22 0 1000 7000 0 1 1 0 1000 50 35000
0 1021 0 1 67928 23 0 1000 7000 0 1 1 0 1000 50 35000
0 1013 0 1 67951 23 0 1000 7000 0 1 1 0 1000 50 35000
0 1010 0 1 67974 23 0 1000 7000 0 1 1 0 1000 50 35000
0 1021 0 1 67996 22 0 1000 7000 0 1 1 0 1000 50 35000
0 1012 0 1 68019 23 0 1000 7000 0 1 1 0 1000 50 35000
0 1013 0 1 68041 22 0 1000 7000 0 1 1 0 1000 50 35000
0 1023 0 1 68064 23 0 1000 7000 0 1 1 0 1000 50 35000
0 1006 0 1 68086 22 0 1000 7000 0 1 1 0 1000 50 35000
0 1013 0 1 68109 23 0 1000 7000 0 1 1 0 1000 50 35000
0 1015 0 1 68131 22 0 1000 7000 0 1 1 0 1000 50 35000
0 997 0 1 68154 23 0 1000 7000 0 1 1 0 1000 50 35000
0 1013 0 1 68176 22 0 1000 7000 0 1 1 0 1000 50 35000
0 1013 0 1 68199 23 0 1000 7000 0 1 1 0 1000 50 35000
0 1009 0 1 68221 22 0 1000 7000 0 1 1 0 1000 50 35000
0 1020 0 1 68244 23 0 1000 7000 0 1 1 0 1000 50 35000
0 1014 0 1 68267 23 0 1000 7000 0 1 1 0 1000 50 35000
0 1011 0 1 68289 22 0 1000 7000 0 1 1 0 1000 50 35000
0 1020 0 1 68312 23 0 1000 7000 0 1 1 0 1000 50 35000
0 1012 0 1 68334 22 0 1000 7000 0 1 1 0 1000 50 35000
0 1010 0 1 68357 23 0 1000 7000 0 1 1 0 1000 50 35000
0 1017 0 1 68379 22 0 1000 7000 0 1 1 0 1000 50 35000
0 1012 0 1 68403 24 0 1000 7000 0 1 1 0 1000 50 35000
0 1012 0 1 68425 22 0 1000 7000 0 1 1 0 1000 50 35000
0 1013 0 1 68448 23 0 1000 7000 0 1 1 0 1000 50 35000
0 1004 0 1 68470 22 0 1000 7000 0 1 1 0 1000 50 35000
0 1014 0 1 68493 23 0 1000 7000 0 1 1 0 1000 50 35000
0 1013 0 1 68515 22 0 1000 7000 0 1 1 0 1000 50 35000
0 1011 0 1 68538 23 0 1000 7000 0 1 1 0 1000 50 35000
0 1015 0 1 68560 22 0 1000 7000 0 1 1 0 1000 50 35000
0 1011 0 1 68583 23 0 1000 7000 0 1 1 0 1000 50 35000
0 1011 0 1 68605 22 0 1000 7000 0 1 1 0 1000 50 35000
0 1019 0 1 68628 23 0 1000 7000 0 1 1 0 1000 50 35000
0 1012 0 1 68651 23 0 1000 7000 0 1 1 0 1000 50 35000
0 1011 0 1 68673 22 0 1000 7000 0 1 1 0 1000 50 35000
0 1016 0 1 68696 23 0 1000 7000 0 1 1 0 1000 50 35000
0 1012 0 1 68718 22 0 1000 7000 0 1 1 0 1000 50 35000
0 1013 0 1 68741 23 0 1000 7000 0 1 1 0 1000 50 35000
0 1016 0 1 68763 22 0 1000 7000 0 1 1 0 1000 50 35000
0 1008 0 1 68786 23 0 1000 7000 0 1 1 0 1000 50 35000
0 1012 0 1 68809 23 0 1000 7000 0 1 1 0 1000 50 35000
0 1014 0 1 68832 23 0 1000 7000 0 1 1 0 1000 50 35000
0 1007 0 1 68854 22 0 1000 7000 0 1 1 0 1000 50 35000
0 1012 0 1 68877 23 0 1000 7000 0 1 1 0 1000 50 35000
0 1013 0 1 68899 22 0 1000 7000 0 1 1 0 1000 50 35000
0 1008 0 1 68922 23 0 1000 7000 0 1 1 0 1000 50 35000
0 1013 0 1 68944 22 0 1000 7000 0 1 1 0 1000 50 35000
0 1012 0 1 68967 23 0 1000 7000 0 1 1 0 1000 50 35000
0 1011 0 1 68989 22 0 1000 7000 0 1 1 0 1000 50 35000
0 1021 0 1 69012 23 0 1000 7000 0 1 1 0 1000 50 35000
0 1012 0 1 69035 23 0 1000 7000 0 1 1 0 1000 50 35000
0 1011 0 1 69057 22 0 1000 7000 0 1 1 0 1000 50 35000
0 1018 0 1 69080 23 0 1000 7000 0 1 1 0 1000 50 35000
0 1001 0 1 69102 22 0 1000 7000 0 1 1 0 1000 50 35000
0 1013 0 1 69125 23 0 1000 7000 0 1 1 0 1000 50 35000
0 1002 0 1 69147 22 0 1000 7000 0 1 1 0 1000 50 35000
0 1004 0 1 69170 23 0 1000 7000 0 1 1 0 1000 50 35000
0 1014 0 1 69192 22 0 1000 7000 0 1 1 0 1000 50 35000
0 1015 0 1 69216 24 0 1000 7000 0 1 1 0 1000 50 35000
0 1009 0 1 69238 22 0 1000 7000 0 1 1 0 1000 50 35000
0 1015 0 1 69261 23 0 1000 7000 0 1 1 0 1000 50 35000
0 1012 0 1 69283 22 0 1000 7000 0 1 1 0 1000 50 35000
0 1015 0 1 69306 23 0 1000 7000 0 1 1 0 1000 50 35000
0 1019 0 1 69328 22 0 1000 7000 0 1 1 0 1000 50 35000
0 1010 0 1 69351 23 0 1000 7000 0 1 1 0 1000 50 35000
0 1012 0 1 69373 22 0 1000 7000 0 1 1 0 1000 50 35000
0 1021 0 1 69396 23 0 1000 7000 0 1 1 0 1000 50 35000
0 1012 0 1 69419 23 0 1000 7000 0 1 1 0 1000 50 35000
0 1012 0 1 69441 22 0 1000 7000 0 1 1 0 1000 50 35000
0 1017 0 1 69464 23 0 1000 7000 0 1 1 0 1000 50 35000
0 1007 0 1 69486 22 0 1000 7000 0 1 1 0 1000 50 35000
0 1013 0 1 69509 23 0 1000 7000 0 1 1 0 1000 50 35000
0 1015 0 1 69531 22 0 1000 7000 0 1 1 0 1000 50 35000
0 1005 0 1 69554 23 0 1000 7000 0 1 1 0 1000 50 35000
0 1012 0 1 69576 22 0 1000 7000 0 1 1 0 1000 50 35000
0 1010 0 1 69599 23 0 1000 7000 0 1 1 0 1000 50 35000
0 1008 0 1 69622 23 0 1000 7000 0 1 1 0 1000 50 35000
0 1019 0 1 69645 23 0 1000 7000 0 1 1 0 1000 50 35000
0 1013 0 1 69667 22 0 1000 7000 0 1 1 0 1000 50 35000
0 1009 0 1 69690 23 0 1000 7000 0 1 1 0 1000 50 35000
0 1023 0 1 69712 22 0 1000 7000 0 1 1 0 1000 50 35000
0 1012 0 1 69735 23 0 1000 7000 0 1 1 0 1000 50 35000
0 1012 0 1 69757 22 0 1000 7000 0 1 1 0 1000 50 35000
0 1018 0 1 69780 23 0 1000 7000 0 1 1 0 1000 50 35000
0 1002 0 1 69803 23 0 1000 7000 0 1 1 0 1000 50 35000
0 1011 0 1 69825 22 0 1000 7000 0 1 1 0 1000 50 35000
0 1023 0 1 69848 23 0 1000 7000 0 1 1 0 1000 50 35000
0 1001 0 1 69870 22 0 1000 7000 0 1 1 0 1000 50 35000
0 1013 0 1 69893 23 0 1000 7000 0 1 1 0 1000 50 35000
0 1015 0 1 69915 22 0 1000 7000 0 1 1 0 1000 50 35000
0 1008 0 1 69938 23 0 1000 7000 0 1 1 0 1000 50 35000
0 1016 0 1 69960 22 0 1000 7000 0 1 1 0 1000 50 35000
0 1013 0 1 69983 23 0 1000 7000 0 1 1 0 1000 50 35000
0 1009 0 1 70005 22 0 1000 7000 0 1 1 0 1000 50 35000
0 1022 0 1 70029 24 0 1000 7000 0 1 1 0 1000 50 35000
0 1011 0 1 70051 22 0 1000 7000 0 1 1 0 1000 50 35000
0 1009 0 1 70074 23 0 1000 7000 0 1 1 0 1000 50 35000
0 1019 0 1 70096 22 0 1000 7000 0 1 1 0 1000 50 35000
0 1011 0 1 70119 23 0 1000 7000 0 1 1 0 1000 50 35000
0 1015 0 1 70141 22 0 1000 7000 0 1 1 0 1000 50 35000
0 1016 0 1 70164 23 0 1000 7000 0 1 1 0 1000 50 35000
0 1005 0 1 70187 23 0 1000 7000 0 1 1 0 1000 50 35000
0 1013 0 1 70209 22 0 1000 7000 0 1 1 0 1000 50 35000
0 1013 0 1 70232 23 0 1000 7000 0 1 1 0 1000 50 35000
0 1002 0 1 70254 22 0 1000 7000 0 1 1 0 1000 50 35000
0 1013 0 1 70277 23 0 1000 7000 0 1 1 0 1000 50 35000
0 1013 0 1 70299 22 0 1000 7000 0 1 1 0 1000 50 35000
0 1007 0 1 70322 23 0 1000 7000 0 1 1 0 1000 50 35000
0 1020 0 1 70344 22 0 1000 7000 0 1 1 0 1000 50 35000
0 1012 0 1 70367 23 0 1000 7000 0 1 1 0 1000 50 35000
0 1009 0 1 70389 22 0 1000 7000 0 1 1 0 1000 50 35000
0 1023 0 1 70412 23 0 1000 7000 0 1 1 0 1000 50 35000
0 1012 0 1 70435 23 0 1000 7000 0 1 1 0 1000 50 35000
0 1011 0 1 70458 23 0 1000 7000 0 1 1 0 1000 50 35000
0 1018 0 1 70480 22 0 1000 7000 0 1 1 0 1000 50 35000
0 1003 0 1 70503 23 0 1000 7000 0 1 1 0 1000 50 35000
0 1013 0 1 70525 22 0 1000 7000 0 1 1 0 1000 50 35000
0 1015 0 1 70548 23 0 1000 7000 0 1 1 0 1000 50 35000
0 998 0 1 70571 23 0 1000 7000 0 1 1 0 1000 50 35000
0 1013 0 1 70593 22 0 1000 7000 0 1 1 0 1000 50 35000
0 1014 0 1 70616 23 0 1000 7000 0 1 1 0 1000 50 35000
0 1004 0 1 70638 22 0 1000 7000 0 1 1 0 1000 50 35000
0 1017 0 1 70661 23 0 1000 7000 0 1 1 0 1000 50 35000
0 1014 0 1 70683 22 0 1000 7000 0 1 1 0 1000 50 35000
0 1018 0 1 70706 23 0 1000 7000 0 1 1 0 1000 50 35000
0 1023 0 1 70728 22 0 1000 7000 0 1 1 0 1000 50 35000
0 1011 0 1 70751 23 0 1000 7000 0 1 1 0 1000 50 35000
0 1010 0 1 70773 22 0 1000 7000 0 1 1 0 1000 50 35000
0 1019 0 1 70796 23 0 1000 7000 0 1 1 0 1000 50 35000
0 1010 0 1 70818 22 0 1000 7000 0 1 1 0 1000 50 35000
0 1014 0 1 70841 23 0 1000 7000 0 1 1 0 1000 50 35000
0 1017 0 1 70864 23 0 1000 7000 0 1 1 0 1000 50 35000
0 1004 0 1 70887 23 0 1000 7000 0 1 1 0 1000 50 35000
0 1013 0 1 70909 22 0 1000 7000 0 1 1 0 1000 50 35000
0 1015 0 1 70932 23 0 1000 7000 0 1 1 0 1000 50 35000
0 997 0 1 70955 23 0 1000 7000 0 1 1 0 1000 50 35000
0 1014 0 1 70977 22 0 1000 7000 0 1 1 0 1000 50 35000
0 1012 0 1 71000 23 0 1000 7000 0 1 1 0 1000 50 35000
0 1008 0 1 71022 22 0 1000 7000 0 1 1 0 1000 50 35000
0 1018 0 1 71045 23 0 1000 7000 0 1 1 0 1000 50 35000
0 1008 0 1 71067 22 0 1000 7000 0 1 1 0 1000 50 35000
0 1010 0 1 71090 23 0 1000 7000 0 1 1 0 1000 50 35000
0 1017 0 1 71112 22 0 1000 7000 0 1 1 0 1000 50 35000
0 1011 0 1 71135 23 0 1000 7000 0 1 1 0 1000 50 35000
0 1012 0 1 71157 22 0 1000 7000 0 1 1 0 1000 50 35000
0 1018 0 1 71180 23 0 1000 7000 0 1 1 0 1000 50 35000
0 1002 0 1 71202 22 0 1000 7000 0 1 1 0 1000 50 35000
0 1012 0 1 71225 23 0 1000 7000 0 1 1 0 1000 50 35000
0 1014 0 1 71247 22 0 1000 7000 0 1 1 0 1000 50 35000
0 1001 0 1 71270 23 0 1000 7000 0 1 1 0 1000 50 35000
0 1011 0 1 71293 23 0 1000 7000 0 1 1 0 1000 50 35000
0 1013 0 1 71316 23 0 1000 7000 0 1 1 0 1000 50 35000
0 1007 0 1 71339 23 0 1000 7000 0 1 1 0 1000 50 35000
0 1022 0 1 71361 22 0 1000 7000 0 1 1 0 1000 50 35000
0 1012 0 1 71384 23 0 1000 7000 0 1 1 0 1000 50 35000
0 1009 0 1 71406 22 0 1000 7000 0 1 1 0 1000 50 35000
0 1021 0 1 71429 23 0 1000 7000 0 1 1 0 1000 50 35000
0 1011 0 1 71451 22 0 1000 7000 0 1 1 0 1000 50 35000
0 1011 0 1 71474 23 0 1000 7000 0 1 1 0 1000 50 35000
0 1023 0 1 71496 22 0 1000 7000 0 1 1 0 1000 50 35000
0 1009 0 1 71519 23 0 1000 7000 0 1 1 0 1000 50 35000
0 1012 0 1 71541 22 0 1000 7000 0 1 1 0 1000 50 35000
0 1016 0 1 71564 23 0 1000 7000 0 1 1 0 1000 50 35000
0 1005 0 1 71586 22 0 1000 7000 0 1 1 0 1000 50 35000
0 1011 0 1 71609 23 0 1000 7000 0 1 1 0 1000 50 35000
0 1013 0 1 71631 22 0 1000 7000 0 1 1 0 1000 50 35000
0 1005 0 1 71654 23 0 1000 7000 0 1 1 0 1000 50 35000
0 1013 0 1 71676 22 0 1000 7000 0 1 1 0 1000 50 35000
0 1011 0 1 71699 23 0 1000 7000 0 1 1 0 1000 50 35000
0 1008 0 1 71723 24 0 1000 7000 0 1 1 0 1000 50 35000
0 1019 0 1 71745 22 0 1000 7000 0 1 1 0 1000 50 35000
0 1011 0 1 71768 23 0 1000 7000 0 1 1 0 1000 50 35000
0 1010 0 1 71790 22 0 1000 7000 0 1 1 0 1000 50 35000
0 1021 0 1 71813 23 0 1000 7000 0 1 1 0 1000 50 35000
0 1012 0 1 71835 22 0 1000 7000 0 1 1 0 1000 50 35000
0 1012 0 1 71858 23 0 1000 7000 0 1 1 0 1000 50 35000
0 1016 0 1 71880 22 0 1000 7000 0 1 1 0 1000 50 35000
0 1004 0 1 71903 23 0 1000 7000 0 1 1 0 1000 50 35000
0 1013 0 1 71925 22 0 1000 7000 0 1 1 0 1000 50 35000
0 1014 0 1 71948 23 0 1000 7000 0 1 1 0 1000 50 35000
0 1000 0 1 71970 22 0 1000 7000 0 1 1 0 1000 50 35000
0 1012 0 1 71993 23 0 1000 7000 0 1 1 0 1000 50 35000
0 1012 0 1 72015 22 0 1000 7000 0 1 1 0 1000 50 35000
0 1007 0 1 72038 23 0 1000 7000 0 1 1 0 1000 50 35000
0 1023 0 1 72060 22 0 1000 7000 0 1 1 0 1000 50 35000
0 1013 0 1 72083 23 0 1000 7000 0 1 1 0 1000 50 35000
0 1001 0 1 72107 24 0 1000 7000 0 1 1 0 1000 50 35000
0 1023 0 1 72129 22 0 1000 7000 0 1 1 0 1000 50 35000
0 1011 0 1 72152 23 0 1000 7000 0 1 1 0 1000 50 35000
0 1010 0 1 72174 22 0 1000 7000 0 1 1 0 1000 50 35000
0 1015 0 1 72197 23 0 1000 7000 0 1 1 0 1000 50 35000
0 1008 0 1 72219 22 0 1000 7000 0 1 1 0 1000 50 35000
0 1012 0 1 72242 23 0 1000 7000 0 1 1 0 1000 50 35000
0 1014 0 1 72264 22 0 1000 7000 0 1 1 0 1000 50 35000
0 1001 0 1 72287 23 0 1000 7000 0 1 1 0 1000 50 35000
0 1012 0 1 72309 22 0 1000 7000 0 1 1 0 1000 50 35000
0 1014 0 1 72332 23 0 1000 7000 0 1 1 0 1000 50 35000
0 1005 0 1 72354 22 0 1000 7000 0 1 1 0 1000 50 35000
0 1013 0 1 72377 23 0 1000 7000 0 1 1 0 1000 50 35000
0 1009 0 1 72399 22 0 1000 7000 0 1 1 0 1000 50 35000
0 1009 0 1 72422 23 0 1000 7000 0 1 1 0 1000 50 35000
0 1018 0 1 72444 22 0 1000 7000 0 1 1 0 1000 50 35000
0 1011 0 1 72467 23 0 1000 7000 0 1 1 0 1000 50 35000
0 1011 0 1 72489 22 0 1000 7000 0 1 1 0 1000 50 35000
0 1023 0 1 72513 24 0 1000 7000 0 1 1 0 1000 50 35000
0 1011 0 1 72536 23 0 1000 7000 0 1 1 0 1000 50 35000
0 1013 0 1 72558 22 0 1000 7000 0 1 1 0 1000 50 35000
0 1016 0 1 72581 23 0 1000 7000 0 1 1 0 1000 50 35000
0 1005 0 1 72603 22 0 1000 7000 0 1 1 0 1000 50 35000
0 1013 0 1 72626 23 0 1000 7000 0 1 1 0 1000 50 35000
0 1013 0 1 72648 22 0 1000 7000 0 1 1 0 1000 50 35000
0 1000 0 1 72671 23 0 1000 7000 0 1 1 0 1000 50 35000
0 1013 0 1 72693 22 0 1000 7000 0 1 1 0 1000 50 35000
0 1012 0 1 72716 23 0 1000 7000 0 1 1 0 1000 50 35000
0 1006 0 1 72738 22 0 1000 7000 0 1 1 0 1000 50 35000
0 1023 0 1 72761 23 0 1000 7000 0 1 1 0 1000 50 35000
0 1012 0 1 72783 22 0 1000 7000 0 1 1 0 1000 50 35000
0 1008 0 1 72806 23 0 1000 7000 0 1 1 0 1000 50 35000
0 1021 0 1 72828 22 0 1000 7000 0 1 1 0 1000 50 35000
0 1008 0 1 72851 23 0 1000 7000 0 1 1 0 1000 50 35000
0 1012 0 1 72873 22 0 1000 7000 0 1 1 0 1000 50 35000
0 1018 0 1 72896 23 0 1000 7000 0 1 1 0 1000 50 35000
0 999 0 1 72920 24 0 1000 7000 0 1 1 0 1000 50 35000
0 1013 0 1 72942 22 0 1000 7000 0 1 1 0 1000 50 35000
0 1013 0 1 72965 23 0 1000 7000 0 1 1 0 1000 50 35000
0 999 0 1 72987 22 0 1000 7000 0 1 1 0 1000 50 35000
0 1013 0 1 73010 23 0 1000 7000 0 1 1 0 1000 50 35000
0 1013 0 1 73032 22 0 1000 7000 0 1 1 0 1000 50 35000
0 1000 0 1 73055 23 0 1000 7000 0 1 1 0 1000 50 35000
0 1015 0 1 73077 22 0 1000 7000 0 1 1 0 1000 50 35000
0 1011 0 1 73100 23 0 1000 7000 0 1 1 0 1000 50 35000
0 1009 0 1 73122 22 0 1000 7000 0 1 1 0 1000 50 35000
0 1017 0 1 73145 23 0 1000 7000 0 1 1 0 1000 50 35000
0 1010 0 1 73167 22 0 1000 7000 0 1 1 0 1000 50 35000
0 1009 0 1 73190 23 0 1000 7000 0 1 1 0 1000 50 35000
0 1023 0 1 73212 22 0 1000 7000 0 1 1 0 1000 50 35000
0 1011 0 1 73235 23 0 1000 7000 0 1 1 0 1000 50 35000
0 1013 0 1 73257 22 0 1000 7000 0 1 1 0 1000 50 35000
0 1017 0 1 73280 23 0 1000 7000 0 1 1 0 1000 50 35000
0 1004 0 1 73303 23 0 1000 7000 0 1 1 0 1000 50 35000
0 1014 0 1 73325 22 0 1000 7000 0 1 1 0 1000 50 35000
0 1015 0 1 73349 24 0 1000 7000 0 1 1 0 1000 50 35000
0 1006 0 1 73371 22 0 1000 7000 0 1 1 0 1000 50 35000
0 1012 0 1 73394 23 0 1000 7000 0 1 1 0 1000 50 35000
0 1011 0 1 73416 22 0 1000 7000 0 1 1 0 1000 50 35000
0 1007 0 1 73439 23 0 1000 7000 0 1 1 0 1000 50 35000
0 1021 0 1 73461 22 0 1000 7000 0 1 1 0 1000 50 35000
0 1008 0 1 73484 23 0 1000 7000 0 1 1 0 1000 50 35000
0 1009 0 1 73506 22 0 1000 7000 0 1 1 0 1000 50 35000
0 1023 0 1 73529 23 0 1000 7000 0 1 1 0 1000 50 35000
0 1010 0 1 73551 22 0 1000 7000 0 1 1 0 1000 50 35000
0 1012 0 1 73574 23 0 1000 7000 0 1 1 0 1000 50 35000
0 1019 0 1 73596 22 0 1000 7000 0 1 1 0 1000 50 35000
0 997 0 1 73619 23 0 1000 7000 0 1 1 0 1000 50 35000
0 1017 0 1 73641 22 0 1000 7000 0 1 1 0 1000 50 35000
0 1016 0 1 73664 23 0 1000 7000 0 1 1 0 1000 50 35000
0 997 0 1 73687 23 0 1000 7000 0 1 1 0 1000 50 35000
0 1013 0 1 73709 22 0 1000 7000 0 1 1 0 1000 50 35000
0 1013 0 1 73732 23 0 1000 7000 0 1 1 0 1000 50 35000
0 1008 0 1 73754 22 0 1000 7000 0 1 1 0 1000 50 35000
0 1013 0 1 73777 23 0 1000 7000 0 1 1 0 1000 50 35000
0 1009 0 1 73800 23 0 1000 7000 0 1 1 0 1000 50 35000
0 1007 0 1 73823 23 0 1000 7000 0 1 1 0 1000 50 35000
0 1020 0 1 73845 22 0 1000 7000 0 1 1 0 1000 50 35000
0 1011 0 1 73868 23 0 1000 7000 0 1 1 0 1000 50 35000
0 1010 0 1 73890 22 0 1000 7000 0 1 1 0 1000 50 35000
0 1019 0 1 73913 23 0 1000 7000 0 1 1 0 1000 50 35000
0 1011 0 1 73935 22 0 1000 7000 0 1 1 0 1000 50 35000
0 1017 0 1 73958 23 0 1000 7000 0 1 1 0 1000 50 35000
0 1016 0 1 73980 22 0 1000 7000 0 1 1 0 1000 50 35000
0 1004 0 1 74003 23 0 1000 7000 0 1 1 0 1000 50 35000
0 1013 0 1 74025 22 0 1000 7000 0 1 1 0 1000 50 35000
0 1014 0 1 74048 23 0 1000 7000 0 1 1 0 1000 50 35000
0 998 0 1 74071 23 0 1000 7000 0 1 1 0 1000 50 35000
0 1012 0 1 74093 22 0 1000 7000 0 1 1 0 1000 50 35000
0 1011 0 1 74116 23 0 1000 7000 0 1 1 0 1000 50 35000
0 1011 0 1 74138 22 0 1000 7000 0 1 1 0 1000 50 35000
0 1021 0 1 74161 23 0 1000 7000 0 1 1 0 1000 50 35000
0 1012 0 1 74183 22 0 1000 7000 0 1 1 0 1000 50 35000
0 1003 0 1 74206 23 0 1000 7000 0 1 1 0 1000 50 35000
0 1023 0 1 74229 23 0 1000 7000 0 1 1 0 1000 50 35000
0 1010 0 1 74252 23 0 1000 7000 0 1 1 0 1000 50 35000
0 1011 0 1 74274 22 0 1000 7000 0 1 1 0 1000 50 35000
0 1018 0 1 74297 23 0 1000 7000 0 1 1 0 1000 50 35000
0 998 0 1 74319 22 0 1000 7000 0 1 1 0 1000 50 35000
0 1007 0 1 74342 23 0 1000 7000 0 1 1 0 1000 50 35000
0 1023 0 1 74364 22 0 1000 7000 0 1 1 0 1000 50 35000
0 998 0 1 74387 23 0 1000 7000 0 1 1 0 1000 50 35000
0 1013 0 1 74409 22 0 1000 7000 0 1 1 0 1000 50 35000
0 1013 0 1 74432 23 0 1000 7000 0 1 1 0 1000 50 35000
0 1005 0 1 74455 23 0 1000 7000 0 1 1 0 1000 50 35000
0 1017 0 1 74477 22 0 1000 7000 0 1 1 0 1000 50 35000
0 1010 0 1 74500 23 0 1000 7000 0 1 1 0 1000 50 35000
0 1007 0 1 74522 22 0 1000 7000 0 1 1 0 1000 50 35000
0 1021 0 1 74545 23 0 1000 7000 0 1 1 0 1000 50 35000
0 1010 0 1 74567 22 0 1000 7000 0 1 1 0 1000 50 35000
0 1009 0 1 74590 23 0 1000 7000 0 1 1 0 1000 50 35000
0 1017 0 1 74612 22 0 1000 7000 0 1 1 0 1000 50 35000
0 1014 0 1 74635 23 0 1000 7000 0 1 1 0 1000 50 35000
0 1014 0 1 74657 22 0 1000 7000 0 1 1 0 1000 50 35000
0 1015 0 1 74681 24 0 1000 7000 0 1 1 0 1000 50 35000
0 1007 0 1 74703 22 0 1000 7000 0 1 1 0 1000 50 35000
0 1013 0 1 74726 23 0 1000 7000 0 1 1 0 1000 50 35000
0 1014 0 1 74748 22 0 1000 7000 0 1 1 0 1000 50 35000
0 1004 0 1 74771 23 0 1000 7000 0 1 1 0 1000 50 35000
0 1012 0 1 74793 22 0 1000 7000 0 1 1 0 1000 50 35000
0 1010 0 1 74816 23 0 1000 7000 0 1 1 0 1000 50 35000
0 1002 0 1 74839 23 0 1000 7000 0 1 1 0 1000 50 35000
0 1020 0 1 74861 22 0 1000 7000 0 1 1 0 1000 50 35000
0 1011 0 1 74884 23 0 1000 7000 0 1 1 0 1000 50 35000
0 1010 0 1 74906 22 0 1000 7000 0 1 1 0 1000 50 35000
0 1022 0 1 74929 23 0 1000 7000 0 1 1 0 1000 50 35000
0 1007 0 1 74951 22 0 1000 7000 0 1 1 0 1000 50 35000
0 1010 0 1 74974 23 0 1000 7000 0 1 1 0 1000 50 35000
0 1016 0 1 74996 22 0 1000 7000 0 1 1 0 1000 50 35000
0 997 0 1 75019 23 0 1000 7000 0 1 1 0 1000 50 35000
0 1014 0 1 75041 22 0 1000 7000 0 1 1 0 1000 50 35000
0 1015 0 1 75064 23 0 1000 7000 0 1 1 0 1000 50 35000
0 999 0 1 75086 22 0 1000 7000 0 1 1 0 1000 50 35000
0 1013 0 1 75110 24 0 1000 7000 0 1 1 0 1000 50 35000
0 1012 0 1 75132 22 0 1000 7000 0 1 1 0 1000 50 35000
0 1005 0 1 75155 23 0 1000 7000 0 1 1 0 1000 50 35000
0 1015 0 1 75177 22 0 1000 7000 0 1 1 0 1000 50 35000
0 1011 0 1 75200 23 0 1000 7000 0 1 1 0 1000 50 35000
0 1008 0 1 75223 23 0 1000 7000 0 1 1 0 1000 50 35000
0 1023 0 1 75245 22 0 1000 7000 0 1 1 0 1000 50 35000
0 1010 0 1 75268 23 0 1000 7000 0 1 1 0 1000 50 35000
0 1013 0 1 75290 22 0 1000 7000 0 1 1 0 1000 50 35000
0 1018 0 1 75313 23 0 1000 7000 0 1 1 0 1000 50 35000
0 1010 0 1 75335 22 0 1000 7000 0 1 1 0 1000 50 35000
0 1013 0 1 75358 23 0 1000 7000 0 1 1 0 1000 50 35000
0 999 0 1 75380 22 0 1000 7000 0 1 1 0 1000 50 35000
0 1004 0 1 75403 23 0 1000 7000 0 1 1 0 1000 50 35000
0 1013 0 1 75425 22 0 1000 7000 0 1 1 0 1000 50 35000
0 1016 0 1 75448 23 0 1000 7000 0 1 1 0 1000 50 35000
0 999 0 1 75470 22 0 1000 7000 0 1 1 0 1000 50 35000
0 1012 0 1 75493 23 0 1000 7000 0 1 1 0 1000 50 35000
0 1011 0 1 75515 22 0 1000 7000 0 1 1 0 1000 50 35000
0 1010 0 1 75538 23 0 1000 7000 0 1 1 0 1000 50 35000
0 1022 0 1 75561 23 0 1000 7000 0 1 1 0 1000 50 35000
0 1012 0 1 75584 23 0 1000 7000 0 1 1 0 1000 50 35000
0 1008 0 1 75607 23 0 1000 7000 0 1 1 0 1000 50 35000
0 1023 0 1 75629 22 0 1000 7000 0 1 1 0 1000 50 35000
0 1009 0 1 75652 23 0 1000 7000 0 1 1 0 1000 50 35000
0 1017 0 1 75674 22 0 1000 7000 0 1 1 0 1000 50 35000
0 1019 0 1 75697 23 0 1000 7000 0 1 1 0 1000 50 35000
0 998 0 1 75719 22 0 1000 7000 0 1 1 0 1000 50 35000
0 1012 0 1 75742 23 0 1000 7000 0 1 1 0 1000 50 35000
0 1015 0 1 75764 22 0 1000 7000 0 1 1 0 1000 50 35000
0 996 0 1 75787 23 0 1000 7000 0 1 1 0 1000 50 35000
0 1013 0 1 75809 22 0 1000 7000 0 1 1 0 1000 50 35000
0 1011 0 1 75832 23 0 1000 7000 0 1 1 0 1000 50 35000
0 1003 0 1 75854 22 0 1000 7000 0 1 1 0 1000 50 35000
0 1016 0 1 75877 23 0 1000 7000 0 1 1 0 1000 50 35000
0 1011 0 1 75899 22 0 1000 7000 0 1 1 0 1000 50 35000
0 1007 0 1 75922 23 0 1000 7000 0 1 1 0 1000 50 35000
0 1022 0 1 75944 22 0 1000 7000 0 1 1 0 1000 50 35000
0 1010 0 1 75967 23 0 1000 7000 0 1 1 0 1000 50 35000
0 1011 0 1 75990 23 0 1000 7000 0 1 1 0 1000 50 35000
0 1022 0 1 76013 23 0 1000 7000 0 1 1 0 1000 50 35000
0 1010 0 1 76036 23 0 1000 7000 0 1 1 0 1000 50 35000
0 1013 0 1 76058 22 0 1000 7000 0 1 1 0 1000 50 35000
0 1015 0 1 76081 23 0 1000 7000 0 1 1 0 1000 50 35000
0 1005 0 1 76103 22 0 1000 7000 0 1 1 0 1000 50 35000
0 1014 0 1 76126 23 0 1000 7000 0 1 1 0 1000 50 35000
0 1014 0 1 76148 22 0 1000 7000 0 1 1 0 1000 50 35000
0 999 0 1 76171 23 0 1000 7000 0 1 1 0 1000 50 35000
0 1012 0 1 76193 22 0 1000 7000 0 1 1 0 1000 50 35000
0 1011 0 1 76216 23 0 1000 7000 0 1 1 0 1000 50 35000
0 1003 0 1 76238 22 0 1000 7000 0 1 1 0 1000 50 35000
0 1015 0 1 76261 23 0 1000 7000 0 1 1 0 1000 50 35000
0 1011 0 1 76283 22 0 1000 7000 0 1 1 0 1000 50 35000
0 1010 0 1 76306 23 0 1000 7000 0 1 1 0 1000 50 35000
0 1023 0 1 76328 22 0 1000 7000 0 1 1 0 1000 50 35000
0 1008 0 1 76351 23 0 1000 7000 0 1 1 0 1000 50 35000
0 1011 0 1 76374 23 0 1000 7000 0 1 1 0 1000 50 35000
0 1018 0 1 76396 22 0 1000 7000 0 1 1 0 1000 50 35000
0 1001 0 1 76419 23 0 1000 7000 0 1 1 0 1000 50 35000
0 1012 0 1 76441 22 0 1000 7000 0 1 1 0 1000 50 35000
0 1015 0 1 76465 24 0 1000 7000 0 1 1 0 1000 50 35000
0 1003 0 1 76487 22 0 1000 7000 0 1 1 0 1000 50 35000
0 1012 0 1 76510 23 0 1000 7000 0 1 1 0 1000 50 35000
0 1013 0 1 76532 22 0 1000 7000 0 1 1 0 1000 50 35000
0 1008 0 1 76555 23 0 1000 7000 0 1 1 0 1000 50 35000
0 1014 0 1 76577 22 0 1000 7000 0 1 1 0 1000 50 35000
0 1012 0 1 76600 23 0 1000 7000 0 1 1 0 1000 50 35000
0 1008 0 1 76622 22 0 1000 7000 0 1 1 0 1000 50 35000
0 1020 0 1 76645 23 0 1000 7000 0 1 1 0 1000 50 35000
0 1011 0 1 76667 22 0 1000 7000 0 1 1 0 1000 50 35000
0 1014 0 1 76690 23 0 1000 7000 0 1 1 0 1000 50 35000
0 1020 0 1 76712 22 0 1000 7000 0 1 1 0 1000 50 35000
0 1010 0 1 76735 23 0 1000 7000 0 1 1 0 1000 50 35000
0 1013 0 1 76758 23 0 1000 7000 0 1 1 0 1000 50 35000
0 1016 0 1 76780 22 0 1000 7000 0 1 1 0 1000 50 35000
0 1004 0 1 76803 23 0 1000 7000 0 1 1 0 1000 50 35000
0 1013 0 1 76825 22 0 1000 7000 0 1 1 0 1000 50 35000
0 1015 0 1 76848 23 0 1000 7000 0 1 1 0 1000 50 35000
0 1001 0 1 76871 23 0 1000 7000 0 1 1 0 1000 50 35000
0 1012 0 1 76894 23 0 1000 7000 0 1 1 0 1000 50 35000
0 1012 0 1 76916 22 0 1000 7000 0 1 1 0 1000 50 35000
0 1018 0 1 76939 23 0 1000 7000 0 1 1 0 1000 50 35000
0 1019 0 1 76961 22 0 1000 7000 0 1 1 0 1000 50 35000
0 1011 0 1 76984 23 0 1000 7000 0 1 1 0 1000 50 35000
0 1008 0 1 77006 22 0 1000 7000 0 1 1 0 1000 50 35000
0 1023 0 1 77029 23 0 1000 7000 0 1 1 0 1000 50 35000
0 1010 0 1 77051 22 0 1000 7000 0 1 1 0 1000 50 35000
0 1010 0 1 77074 23 0 1000 7000 0 1 1 0 1000 50 35000
0 1014 0 1 77096 22 0 1000 7000 0 1 1 0 1000 50 35000
0 999 0 1 77119 23 0 1000 7000 0 1 1 0 1000 50 35000
0 1014 0 1 77142 23 0 1000 7000 0 1 1 0 1000 50 35000
0 1023 0 1 77164 22 0 1000 7000 0 1 1 0 1000 50 35000
0 998 0 1 77187 23 0 1000 7000 0 1 1 0 1000 50 35000
0 1012 0 1 77209 22 0 1000 7000 0 1 1 0 1000 50 35000
0 1009 0 1 77232 23 0 1000 7000 0 1 1 0 1000 50 35000
0 996 0 1 77254 22 0 1000 7000 0 1 1 0 1000 50 35000
0 1016 0 1 77277 23 0 1000 7000 0 1 1 0 1000 50 35000
0 1012 0 1 77299 22 0 1000 7000 0 1 1 0 1000 50 35000
0 1010 0 1 77322 23 0 1000 7000 0 1 1 0 1000 50 35000
0 1019 0 1 77345 23 0 1000 7000 0 1 1 0 1000 50 35000
0 1010 0 1 77368 23 0 1000 7000 0 1 1 0 1000 50 35000
0 1012 0 1 77390 22 0 1000 7000 0 1 1 0 1000 50 35000
0 1023 0 1 77413 23 0 1000 7000 0 1 1 0 1000 50 35000
0 1008 0 1 77435 22 0 1000 7000 0 1 1 0 1000 50 35000
0 1013 0 1 77458 23 0 1000 7000 0 1 1 0 1000 50 35000
0 1015 0 1 77480 22 0 1000 7000 0 1 1 0 1000 50 35000
0 1007 0 1 77503 23 0 1000 7000 0 1 1 0 1000 50 35000
0 1013 0 1 77526 23 0 1000 7000 0 1 1 0 1000 50 35000
0 1015 0 1 77548 22 0 1000 7000 0 1 1 0 1000 50 35000
0 1000 0 1 77571 23 0 1000 7000 0 1 1 0 1000 50 35000
0 1012 0 1 77593 22 0 1000 7000 0 1 1 0 1000 50 35000
0 1011 0 1 77616 23 0 1000 7000 0 1 1 0 1000 50 35000
0 1005 0 1 77638 22 0 1000 7000 0 1 1 0 1000 50 35000
0 1020 0 1 77661 23 0 1000 7000 0 1 1 0 1000 50 35000
0 1010 0 1 77683 22 0 1000 7000 0 1 1 0 1000 50 35000
0 1009 0 1 77706 23 0 1000 7000 0 1 1 0 1000 50 35000
0 1023 0 1 77728 22 0 1000 7000 0 1 1 0 1000 50 35000
0 1010 0 1 77752 24 0 1000 7000 0 1 1 0 1000 50 35000
0 1010 0 1 77774 22 0 1000 7000 0 1 1 0 1000 50 35000
0 1018 0 1 77797 23 0 1000 7000 0 1 1 0 1000 50 35000
0 999 0 1 77819 22 0 1000 7000 0 1 1 0 1000 50 35000
0 1012 0 1 77842 23 0 1000 7000 0 1 1 0 1000 50 35000
0 1014 0 1 77864 22 0 1000 7000 0 1 1 0 1000 50 35000
0 1000 0 1 77887 23 0 1000 7000 0 1 1 0 1000 50 35000
0 1012 0 1 77910 23 0 1000 7000 0 1 1 0 1000 50 35000
0 1013 0 1 77932 22 0 1000 7000 0 1 1 0 1000 50 35000
0 1006 0 1 77955 23 0 1000 7000 0 1 1 0 1000 50 35000
0 1017 0 1 77977 22 0 1000 7000 0 1 1 0 1000 50 35000
0 1011 0 1 78000 23 0 1000 7000 0 1 1 0 1000 50 35000
0 1007 0 1 78022 22 0 1000 7000 0 1 1 0 1000 50 35000
0 1023 0 1 78045 23 0 1000 7000 0 1 1 0 1000 50 35000
0 1010 0 1 78067 22 0 1000 7000 0 1 1 0 1000 50 35000
0 1009 0 1 78090 23 0 1000 7000 0 1 1 0 1000 50 35000
0 1021 0 1 78112 22 0 1000 7000 0 1 1 0 1000 50 35000
0 1009 0 1 78135 23 0 1000 7000 0 1 1 0 1000 50 35000
0 1014 0 1 78157 22 0 1000 7000 0 1 1 0 1000 50 35000
0 1016 0 1 78181 24 0 1000 7000 0 1 1 0 1000 50 35000
0 1002 0 1 78203 22 0 1000 7000 0 1 1 0 1000 50 35000
0 1013 0 1 78226 23 0 1000 7000 0 1 1 0 1000 50 35000
0 1015 0 1 78248 22 0 1000 7000 0 1 1 0 1000 50 35000
0 1001 0 1 78271 23 0 1000 7000 0 1 1 0 1000 50 35000
0 1013 0 1 78294 23 0 1000 7000 0 1 1 0 1000 50 35000
0 1010 0 1 78316 22 0 1000 7000 0 1 1 0 1000 50 35000
0 1007 0 1 78339 23 0 1000 7000 0 1 1 0 1000 50 35000
0 1020 0 1 78361 22 0 1000 7000 0 1 1 0 1000 50 35000
0 1010 0 1 78384 23 0 1000 7000 0 1 1 0 1000 50 35000
0 1009 0 1 78406 22 0 1000 7000 0 1 1 0 1000 50 35000
0 1023 0 1 78429 23 0 1000 7000 0 1 1 0 1000 50 35000
0 1011 0 1 78451 22 0 1000 7000 0 1 1 0 1000 50 35000
0 1010 0 1 78474 23 0 1000 7000 0 1 1 0 1000 50 35000
0 1018 0 1 78496 22 0 1000 7000 0 1 1 0 1000 50 35000
0 1002 0 1 78519 23 0 1000 7000 0 1 1 0 1000 50 35000
0 1011 0 1 78541 22 0 1000 7000 0 1 1 0 1000 50 35000
0 1015 0 1 78564 23 0 1000 7000 0 1 1 0 1000 50 35000
0 996 0 1 78587 23 0 1000 7000 0 1 1 0 1000 50 35000
0 1015 0 1 78610 23 0 1000 7000 0 1 1 0 1000 50 35000
0 1013 0 1 78632 22 0 1000 7000 0 1 1 0 1000 50 35000
0 1008 0 1 78655 23 0 1000 7000 0 1 1 0 1000 50 35000
0 1013 0 1 78678 23 0 1000 7000 0 1 1 0 1000 50 35000
0 1010 0 1 78700 22 0 1000 7000 0 1 1 0 1000 50 35000
0 1007 0 1 78723 23 0 1000 7000 0 1 1 0 1000 50 35000
0 1023 0 1 78745 22 0 1000 7000 0 1 1 0 1000 50 35000
0 1011 0 1 78768 23 0 1000 7000 0 1 1 0 1000 50 35000
0 1009 0 1 78790 22 0 1000 7000 0 1 1 0 1000 50 35000
0 1017 0 1 78813 23 0 1000 7000 0 1 1 0 1000 50 35000
0 1009 0 1 78835 22 0 1000 7000 0 1 1 0 1000 50 35000
0 1011 0 1 78858 23 0 1000 7000 0 1 1 0 1000 50 35000
0 1015 0 1 78880 22 0 1000 7000 0 1 1 0 1000 50 35000
0 1004 0 1 78903 23 0 1000 7000 0 1 1 0 1000 50 35000
0 1012 0 1 78925 22 0 1000 7000 0 1 1 0 1000 50 35000
0 1015 0 1 78948 23 0 1000 7000 0 1 1 0 1000 50 35000
0 1000 0 1 78970 22 0 1000 7000 0 1 1 0 1000 50 35000
0 1013 0 1 78993 23 0 1000 7000 0 1 1 0 1000 50 35000
0 1014 0 1 79016 23 0 1000 7000 0 1 1 0 1000 50 35000
0 1007 0 1 79039 23 0 1000 7000 0 1 1 0 1000 50 35000
0 1018 0 1 79062 23 0 1000 7000 0 1 1 0 1000 50 35000
0 1011 0 1 79084 22 0 1000 7000 0 1 1 0 1000 50 35000
0 1008 0 1 79107 23 0 1000 7000 0 1 1 0 1000 50 35000
0 1023 0 1 79129 22 0 1000 7000 0 1 1 0 1000 50 35000
0 1011 0 1 79152 23 0 1000 7000 0 1 1 0 1000 50 35000
0 1011 0 1 79174 22 0 1000 7000 0 1 1 0 1000 50 35000
0 1019 0 1 79197 23 0 1000 7000 0 1 1 0 1000 50 35000
0 1004 0 1 79219 22 0 1000 7000 0 1 1 0 1000 50 35000
0 1012 0 1 79242 23 0 1000 7000 0 1 1 0 1000 50 35000
0 1014 0 1 79264 22 0 1000 7000 0 1 1 0 1000 50 35000
0 1000 0 1 79287 23 0 1000 7000 0 1 1 0 1000 50 35000
0 1013 0 1 79309 22 0 1000 7000 0 1 1 0 1000 50 35000
0 1013 0 1 79332 23 0 1000 7000 0 1 1 0 1000 50 35000
0 1005 0 1 79354 22 0 1000 7000 0 1 1 0 1000 50 35000
0 1023 0 1 79377 23 0 1000 7000 0 1 1 0 1000 50 35000
0 1012 0 1 79399 22 0 1000 7000 0 1 1 0 1000 50 35000
0 1009 0 1 79422 23 0 1000 7000 0 1 1 0 1000 50 35000
0 1023 0 1 79446 24 0 1000 7000 0 1 1 0 1000 50 35000
0 1009 0 1 79468 22 0 1000 7000 0 1 1 0 1000 50 35000
0 1008 0 1 79491 23 0 1000 7000 0 1 1 0 1000 50 35000
0 1019 0 1 79513 22 0 1000 7000 0 1 1 0 1000 50 35000
0 1007 0 1 79536 23 0 1000 7000 0 1 1 0 1000 50 35000
0 1014 0 1 79558 22 0 1000 7000 0 1 1 0 1000 50 35000
0 1018 0 1 79581 23 0 1000 7000 0 1 1 0 1000 50 35000
0 992 0 1 79603 22 0 1000 7000 0 1 1 0 1000 50 35000
0 1013 0 1 79626 23 0 1000 7000 0 1 1 0 1000 50 35000
0 1014 0 1 79648 22 0 1000 7000 0 1 1 0 1000 50 35000
0 1004 0 1 79671 23 0 1000 7000 0 1 1 0 1000 50 35000
0 1012 0 1 79693 22 0 1000 7000 0 1 1 0 1000 50 35000
0 1011 0 1 79716 23 0 1000 7000 0 1 1 0 1000 50 35000
0 1007 0 1 79738 22 0 1000 7000 0 1 1 0 1000 50 35000
0 1018 0 1 79761 23 0 1000 7000 0 1 1 0 1000 50 35000
0 1010 0 1 79783 22 0 1000 7000 0 1 1 0 1000 50 35000
0 1009 0 1 79806 23 0 1000 7000 0 1 1 0 1000 50 35000
0 1021 0 1 79828 22 0 1000 7000 0 1 1 0 1000 50 35000
0 1011 0 1 79851 23 0 1000 7000 0 1 1 0 1000 50 35000
0 1012 0 1 79875 24 0 1000 7000 0 1 1 0 1000 50 35000
0 1016 0 1 79897 22 0 1000 7000 0 1 1 0 1000 50 35000
0 1004 0 1 79920 23 0 1000 7000 0 1 1 0 1000 50 35000
0 1012 0 1 79942 22 0 1000 7000 0 1 1 0 1000 50 35000
0 1019 0 1 79965 23 0 1000 7000 0 1 1 0 1000 50 35000
0 1001 0 1 79987 22 0 1000 7000 0 1 1 0 1000 50 35000
0 1015 0 1 80010 23 0 1000 7000 0 1 1 0 1000 50 35000
0 1012 0 1 80032 22 0 1000 7000 0 1 1 0 1000 50 35000
0 1006 0 1 80055 23 0 1000 7000 0 1 1 0 1000 50 35000
0 1022 0 1 80077 22 0 1000 7000 0 1 1 0 1000 50 35000
0 1011 0 1 80100 23 0 1000 7000 0 1 1 0 1000 50 35000
0 1008 0 1 80122 22 0 1000 7000 0 1 1 0 1000 50 35000
0 1023 0 1 80145 23 0 1000 7000 0 1 1 0 1000 50 35000
0 1011 0 1 80167 22 0 1000 7000 0 1 1 0 1000 50 35000
0 1009 0 1 80190 23 0 1000 7000 0 1 1 0 1000 50 35000
0 1013 0 1 80212 22 0 1000 7000 0 1 1 0 1000 50 35000
0 1007 0 1 80235 23 0 1000 7000 0 1 1 0 1000 50 35000
0 1011 0 1 80258 23 0 1000 7000 0 1 1 0 1000 50 35000
0 1015 0 1 80281 23 0 1000 7000 0 1 1 0 1000 50 35000
0 1002 0 1 80304 23 0 1000 7000 0 1 1 0 1000 50 35000
0 1013 0 1 80326 22 0 1000 7000 0 1 1 0 1000 50 35000
0 1009 0 1 80349 23 0 1000 7000 0 1 1 0 1000 50 35000
0 1004 0 1 80371 22 0 1000 7000 0 1 1 0 1000 50 35000
0 1014 0 1 80394 23 0 1000 7000 0 1 1 0 1000 50 35000
0 1007 0 1 80416 22 0 1000 7000 0 1 1 0 1000 50 35000
0 1007 0 1 80439 23 0 1000 7000 0 1 1 0 1000 50 35000
0 1019 0 1 80461 22 0 1000 7000 0 1 1 0 1000 50 35000
0 1011 0 1 80484 23 0 1000 7000 0 1 1 0 1000 50 35000
0 1009 0 1 80506 22 0 1000 7000 0 1 1 0 1000 50 35000
0 1022 0 1 80529 23 0 1000 7000 0 1 1 0 1000 50 35000
0 1010 0 1 80551 22 0 1000 7000 0 1 1 0 1000 50 35000
0 1012 0 1 80574 23 0 1000 7000 0 1 1 0 1000 50 35000
0 1016 0 1 80596 22 0 1000 7000 0 1 1 0 1000 50 35000
0 1005 0 1 80619 23 0 1000 7000 0 1 1 0 1000 50 35000
0 1012 0 1 80642 23 0 1000 7000 0 1 1 0 1000 50 35000
0 1012 0 1 80664 22 0 1000 7000 0 1 1 0 1000 50 35000
0 1005 0 1 80688 24 0 1000 7000 0 1 1 0 1000 50 35000
0 1012 0 1 80710 22 0 1000 7000 0 1 1 0 1000 50 35000
0 1013 0 1 80733 23 0 1000 7000 0 1 1 0 1000 50 35000
0 1007 0 1 80755 22 0 1000 7000 0 1 1 0 1000 50 35000
0 1018 0 1 80778 23 0 1000 7000 0 1 1 0 1000 50 35000
0 1014 0 1 80800 22 0 1000 7000 0 1 1 0 1000 50 35000
0 1009 0 1 80823 23 0 1000 7000 0 1 1 0 1000 50 35000
0 1022 0 1 80845 22 0 1000 7000 0 1 1 0 1000 50 35000
0 1011 0 1 80868 23 0 1000 7000 0 1 1 0 1000 50 35000
0 1010 0 1 80890 22 0 1000 7000 0 1 1 0 1000 50 35000
0 1015 0 1 80913 23 0 1000 7000 0 1 1 0 1000 50 35000
0 994 0 1 80935 22 0 1000 7000 0 1 1 0 1000 50 35000
0 1011 0 1 80958 23 0 1000 7000 0 1 1 0 1000 50 35000
0 1013 0 1 80980 22 0 1000 7000 0 1 1 0 1000 50 35000
0 1000 0 1 81003 23 0 1000 7000 0 1 1 0 1000 50 35000
0 1012 0 1 81026 23 0 1000 7000 0 1 1 0 1000 50 35000
0 1016 0 1 81048 22 0 1000 7000 0 1 1 0 1000 50 35000
0 1005 0 1 81071 23 0 1000 7000 0 1 1 0 1000 50 35000
0 1015 0 1 81093 22 0 1000 7000 0 1 1 0 1000 50 35000
0 1012 0 1 81117 24 0 1000 7000 0 1 1 0 1000 50 35000
0 1007 0 1 81139 22 0 1000 7000 0 1 1 0 1000 50 35000
0 1019 0 1 81162 23 0 1000 7000 0 1 1 0 1000 50 35000
0 1011 0 1 81184 22 0 1000 7000 0 1 1 0 1000 50 35000
0 1011 0 1 81207 23 0 1000 7000 0 1 1 0 1000 50 35000
0 1016 0 1 81229 22 0 1000 7000 0 1 1 0 1000 50 35000
0 1010 0 1 81252 23 0 1000 7000 0 1 1 0 1000 50 35000
0 1011 0 1 81274 22 0 1000 7000 0 1 1 0 1000 50 35000
0 1016 0 1 81297 23 0 1000 7000 0 1 1 0 1000 50 35000
0 1006 0 1 81319 22 0 1000 7000 0 1 1 0 1000 50 35000
0 1012 0 1 81342 23 0 1000 7000 0 1 1 0 1000 50 35000
0 1011 0 1 81364 22 0 1000 7000 0 1 1 0 1000 50 35000
0 1002 0 1 81387 23 0 1000 7000 0 1 1 0 1000 50 35000
0 1012 0 1 81410 23 0 1000 7000 0 1 1 0 1000 50 35000
0 1012 0 1 81432 22 0 1000 7000 0 1 1 0 1000 50 35000
0 1007 0 1 81455 23 0 1000 7000 0 1 1 0 1000 50 35000
0 1018 0 1 81477 22 0 1000 7000 0 1 1 0 1000 50 35000
0 1012 0 1 81500 23 0 1000 7000 0 1 1 0 1000 50 35000
0 1010 0 1 81522 22 0 1000 7000 0 1 1 0 1000 50 35000
0 1022 0 1 81546 24 0 1000 7000 0 1 1 0 1000 50 35000
0 1011 0 1 81568 22 0 1000 7000 0 1 1 0 1000 50 35000
0 1011 0 1 81591 23 0 1000 7000 0 1 1 0 1000 50 35000
0 1017 0 1 81613 22 0 1000 7000 0 1 1 0 1000 50 35000
0 1001 0 1 81636 23 0 1000 7000 0 1 1 0 1000 50 35000
0 1012 0 1 81658 22 0 1000 7000 0 1 1 0 1000 50 35000
0 1014 0 1 81681 23 0 1000 7000 0 1 1 0 1000 50 35000
0 1000 0 1 81703 22 0 1000 7000 0 1 1 0 1000 50 35000
0 1012 0 1 81726 23 0 1000 7000 0 1 1 0 1000 50 35000
0 1014 0 1 81748 22 0 1000 7000 0 1 1 0 1000 50 35000
0 1007 0 1 81771 23 0 1000 7000 0 1 1 0 1000 50 35000
0 1015 0 1 81794 23 0 1000 7000 0 1 1 0 1000 50 35000
0 1011 0 1 81816 22 0 1000 7000 0 1 1 0 1000 50 35000
0 1008 0 1 81839 23 0 1000 7000 0 1 1 0 1000 50 35000
0 1022 0 1 81861 22 0 1000 7000 0 1 1 0 1000 50 35000
0 1010 0 1 81884 23 0 1000 7000 0 1 1 0 1000 50 35000
0 1009 0 1 81906 22 0 1000 7000 0 1 1 0 1000 50 35000
0 1017 0 1 81929 23 0 1000 7000 0 1 1 0 1000 50 35000
0 1010 0 1 81952 23 0 1000 7000 0 1 1 0 1000 50 35000
0 1012 0 1 81975 23 0 1000 7000 0 1 1 0 1000 50 35000
0 1016 0 1 81997 22 0 1000 7000 0 1 1 0 1000 50 35000
0 1003 0 1 82020 23 0 1000 7000 0 1 1 0 1000 50 35000
0 1014 0 1 82042 22 0 1000 7000 0 1 1 0 1000 50 35000
0 1014 0 1 82065 23 0 1000 7000 0 1 1 0 1000 50 35000
0 1002 0 1 82087 22 0 1000 7000 0 1 1 0 1000 50 35000
0 1012 0 1 82110 23 0 1000 7000 0 1 1 0 1000 50 35000
0 1009 0 1 82132 22 0 1000 7000 0 1 1 0 1000 50 35000
0 1005 0 1 82155 23 0 1000 7000 0 1 1 0 1000 50 35000
0 1018 0 1 82178 23 0 1000 7000 0 1 1 0 1000 50 35000
0 1010 0 1 82200 22 0 1000 7000 0 1 1 0 1000 50 35000
0 1008 0 1 82223 23 0 1000 7000 0 1 1 0 1000 50 35000
0 1023 0 1 82245 22 0 1000 7000 0 1 1 0 1000 50 35000
0 1013 0 1 82268 23 0 1000 7000 0 1 1 0 1000 50 35000
0 1010 0 1 82290 22 0 1000 7000 0 1 1 0 1000 50 35000
0 1018 0 1 82313 23 0 1000 7000 0 1 1 0 1000 50 35000
0 1003 0 1 82335 22 0 1000 7000 0 1 1 0 1000 50 35000
0 1012 0 1 82358 23 0 1000 7000 0 1 1 0 1000 50 35000
0 1015 0 1 82381 23 0 1000 7000 0 1 1 0 1000 50 35000
0 998 0 1 82404 23 0 1000 7000 0 1 1 0 1000 50 35000
0 1012 0 1 82426 22 0 1000 7000 0 1 1 0 1000 50 35000
0 1014 0 1 82449 23 0 1000 7000 0 1 1 0 1000 50 35000
0 1009 0 1 82471 22 0 1000 7000 0 1 1 0 1000 50 35000
0 1016 0 1 82494 23 0 1000 7000 0 1 1 0 1000 50 35000
0 1012 0 1 82516 22 0 1000 7000 0 1 1 0 1000 50 35000
0 1007 0 1 82539 23 0 1000 7000 0 1 1 0 1000 50 35000
0 1022 0 1 82562 23 0 1000 7000 0 1 1 0 1000 50 35000
0 1011 0 1 82584 22 0 1000 7000 0 1 1 0 1000 50 35000
0 1009 0 1 82607 23 0 1000 7000 0 1 1 0 1000 50 35000
0 1016 0 1 82629 22 0 1000 7000 0 1 1 0 1000 50 35000
0 1009 0 1 82652 23 0 1000 7000 0 1 1 0 1000 50 35000
0 1011 0 1 82674 22 0 1000 7000 0 1 1 0 1000 50 35000
0 1017 0 1 82697 23 0 1000 7000 0 1 1 0 1000 50 35000
0 1003 0 1 82719 22 0 1000 7000 0 1 1 0 1000 50 35000
0 1010 0 1 82742 23 0 1000 7000 0 1 1 0 1000 50 35000
0 1015 0 1 82764 22 0 1000 7000 0 1 1 0 1000 50 35000
0 1001 0 1 82787 23 0 1000 7000 0 1 1 0 1000 50 35000
0 1015 0 1 82809 22 0 1000 7000 0 1 1 0 1000 50 35000
0 1012 0 1 82833 24 0 1000 7000 0 1 1 0 1000 50 35000
0 1006 0 1 82855 22 0 1000 7000 0 1 1 0 1000 50 35000
0 1018 0 1 82878 23 0 1000 7000 0 1 1 0 1000 50 35000
0 1009 0 1 82900 22 0 1000 7000 0 1 1 0 1000 50 35000
0 1008 0 1 82923 23 0 1000 7000 0 1 1 0 1000 50 35000
0 1022 0 1 82946 23 0 1000 7000 0 1 1 0 1000 50 35000
0 1012 0 1 82968 22 0 1000 7000 0 1 1 0 1000 50 35000
0 1011 0 1 82991 23 0 1000 7000 0 1 1 0 1000 50 35000
0 1017 0 1 83013 22 0 1000 7000 0 1 1 0 1000 50 35000
0 1004 0 1 83036 23 0 1000 7000 0 1 1 0 1000 50 35000
0 1011 0 1 83058 22 0 1000 7000 0 1 1 0 1000 50 35000
0 1020 0 1 83081 23 0 1000 7000 0 1 1 0 1000 50 35000
0 1000 0 1 83103 22 0 1000 7000 0 1 1 0 1000 50 35000
0 1011 0 1 83126 23 0 1000 7000 0 1 1 0 1000 50 35000
0 1013 0 1 83148 22 0 1000 7000 0 1 1 0 1000 50 35000
0 1004 0 1 83171 23 0 1000 7000 0 1 1 0 1000 50 35000
0 1022 0 1 83193 22 0 1000 7000 0 1 1 0 1000 50 35000
0 1012 0 1 83216 23 0 1000 7000 0 1 1 0 1000 50 35000
0 1007 0 1 83239 23 0 1000 7000 0 1 1 0 1000 50 35000
0 1023 0 1 83262 23 0 1000 7000 0 1 1 0 1000 50 35000
0 1011 0 1 83284 22 0 1000 7000 0 1 1 0 1000 50 35000
0 1008 0 1 83307 23 0 1000 7000 0 1 1 0 1000 50 35000
0 1019 0 1 83330 23 0 1000 7000 0 1 1 0 1000 50 35000
0 1007 0 1 83352 22 0 1000 7000 0 1 1 0 1000 50 35000
0 1010 0 1 83375 23 0 1000 7000 0 1 1 0 1000 50 35000
0 1017 0 1 83397 22 0 1000 7000 0 1 1 0 1000 50 35000
0 1000 0 1 83420 23 0 1000 7000 0 1 1 0 1000 50 35000
0 1012 0 1 83442 22 0 1000 7000 0 1 1 0 1000 50 35000
0 1015 0 1 83465 23 0 1000 7000 0 1 1 0 1000 50 35000
0 1005 0 1 83487 22 0 1000 7000 0 1 1 0 1000 50 35000
0 1012 0 1 83510 23 0 1000 7000 0 1 1 0 1000 50 35000
0 1012 0 1 83532 22 0 1000 7000 0 1 1 0 1000 50 35000
0 1005 0 1 83555 23 0 1000 7000 0 1 1 0 1000 50 35000
0 1019 0 1 83577 22 0 1000 7000 0 1 1 0 1000 50 35000
0 1010 0 1 83600 23 0 1000 7000 0 1 1 0 1000 50 35000
0 1007 0 1 83622 22 0 1000 7000 0 1 1 0 1000 50 35000
0 1023 0 1 83645 23 0 1000 7000 0 1 1 0 1000 50 35000
0 1011 0 1 83668 23 0 1000 7000 0 1 1 0 1000 50 35000
0 1010 0 1 83691 23 0 1000 7000 0 1 1 0 1000 50 35000
0 1018 0 1 83714 23 0 1000 7000 0 1 1 0 1000 50 35000
0 1004 0 1 83736 22 0 1000 7000 0 1 1 0 1000 50 35000
0 1010 0 1 83759 23 0 1000 7000 0 1 1 0 1000 50 35000
0 1017 0 1 83781 22 0 1000 7000 0 1 1 0 1000 50 35000
0 1002 0 1 83804 23 0 1000 7000 0 1 1 0 1000 50 35000
0 1012 0 1 83826 22 0 1000 7000 0 1 1 0 1000 50 35000
0 1013 0 1 83849 23 0 1000 7000 0 1 1 0 1000 50 35000
0 997 0 1 83871 22 0 1000 7000 0 1 1 0 1000 50 35000
0 1023 0 1 83894 23 0 1000 7000 0 1 1 0 1000 50 35000
0 1012 0 1 83916 22 0 1000 7000 0 1 1 0 1000 50 35000
0 1016 0 1 83939 23 0 1000 7000 0 1 1 0 1000 50 35000
0 1023 0 1 83961 22 0 1000 7000 0 1 1 0 1000 50 35000
0 1011 0 1 83984 23 0 1000 7000 0 1 1 0 1000 50 35000
0 1007 0 1 84006 22 0 1000 7000 0 1 1 0 1000 50 35000
0 1018 0 1 84029 23 0 1000 7000 0 1 1 0 1000 50 35000
0 1007 0 1 84051 22 0 1000 7000 0 1 1 0 1000 50 35000
0 1010 0 1 84074 23 0 1000 7000 0 1 1 0 1000 50 35000
0 1017 0 1 84097 23 0 1000 7000 0 1 1 0 1000 50 35000
0 999 0 1 84120 23 0 1000 7000 0 1 1 0 1000 50 35000
0 1011 0 1 84143 23 0 1000 7000 0 1 1 0 1000 50 35000
0 1015 0 1 84165 22 0 1000 7000 0 1 1 0 1000 50 35000
0 1008 0 1 84188 23 0 1000 7000 0 1 1 0 1000 50 35000
0 1012 0 1 84210 22 0 1000 7000 0 1 1 0 1000 50 35000
0 1011 0 1 84233 23 0 1000 7000 0 1 1 0 1000 50 35000
0 1003 0 1 84255 22 0 1000 7000 0 1 1 0 1000 50 35000
0 1019 0 1 84278 23 0 1000 7000 0 1 1 0 1000 50 35000
0 1011 0 1 84300 22 0 1000 7000 0 1 1 0 1000 50 35000
0 1007 0 1 84323 23 0 1000 7000 0 1 1 0 1000 50 35000
0 1023 0 1 84345 22 0 1000 7000 0 1 1 0 1000 50 35000
0 1010 0 1 84368 23 0 1000 7000 0 1 1 0 1000 50 35000
0 1008 0 1 84390 22 0 1000 7000 0 1 1 0 1000 50 35000
0 1018 0 1 84413 23 0 1000 7000 0 1 1 0 1000 50 35000
0 1004 0 1 84435 22 0 1000 7000 0 1 1 0 1000 50 35000
0 1009 0 1 84458 23 0 1000 7000 0 1 1 0 1000 50 35000
0 1017 0 1 84481 23 0 1000 7000 0 1 1 0 1000 50 35000
0 1001 0 1 84503 22 0 1000 7000 0 1 1 0 1000 50 35000
0 1012 0 1 84526 23 0 1000 7000 0 1 1 0 1000 50 35000
0 1013 0 1 84549 23 0 1000 7000 0 1 1 0 1000 50 35000
0 1003 0 1 84572 23 0 1000 7000 0 1 1 0 1000 50 35000
0 1016 0 1 84594 22 0 1000 7000 0 1 1 0 1000 50 35000
0 1012 0 1 84617 23 0 1000 7000 0 1 1 0 1000 50 35000
0 1006 0 1 84639 22 0 1000 7000 0 1 1 0 1000 50 35000
0 1023 0 1 84662 23 0 1000 7000 0 1 1 0 1000 50 35000
0 1011 0 1 84684 22 0 1000 7000 0 1 1 0 1000 50 35000
0 1007 0 1 84707 23 0 1000 7000 0 1 1 0 1000 50 35000
0 1020 0 1 84729 22 0 1000 7000 0 1 1 0 1000 50 35000
0 999 0 1 84752 23 0 1000 7000 0 1 1 0 1000 50 35000
0 1009 0 1 84774 22 0 1000 7000 0 1 1 0 1000 50 35000
0 1017 0 1 84797 23 0 1000 7000 0 1 1 0 1000 50 35000
0 997 0 1 84819 22 0 1000 7000 0 1 1 0 1000 50 35000
0 1010 0 1 84842 23 0 1000 7000 0 1 1 0 1000 50 35000
0 1015 0 1 84865 23 0 1000 7000 0 1 1 0 1000 50 35000
0 1000 0 1 84887 22 0 1000 7000 0 1 1 0 1000 50 35000
0 1010 0 1 84910 23 0 1000 7000 0 1 1 0 1000 50 35000
0 1017 0 1 84932 22 0 1000 7000 0 1 1 0 1000 50 35000
0 1015 0 1 84955 23 0 1000 7000 0 1 1 0 1000 50 35000
0 1021 0 1 84977 22 0 1000 7000 0 1 1 0 1000 50 35000
0 1009 0 1 85001 24 0 1000 7000 0 1 1 0 1000 50 35000
0 1006 0 1 85023 22 0 1000 7000 0 1 1 0 1000 50 35000
0 1023 0 1 85046 23 0 1000 7000 0 1 1 0 1000 50 35000
0 1010 0 1 85068 22 0 1000 7000 0 1 1 0 1000 50 35000
0 1010 0 1 85091 23 0 1000 7000 0 1 1 0 1000 50 35000
0 1018 0 1 85113 22 0 1000 7000 0 1 1 0 1000 50 35000
0 1003 0 1 85136 23 0 1000 7000 0 1 1 0 1000 50 35000
0 1011 0 1 85158 22 0 1000 7000 0 1 1 0 1000 50 35000
0 1020 0 1 85181 23 0 1000 7000 0 1 1 0 1000 50 35000
0 998 0 1 85203 22 0 1000 7000 0 1 1 0 1000 50 35000
0 1011 0 1 85226 23 0 1000 7000 0 1 1 0 1000 50 35000
0 1013 0 1 85249 23 0 1000 7000 0 1 1 0 1000 50 35000
0 1001 0 1 85271 22 0 1000 7000 0 1 1 0 1000 50 35000
0 1020 0 1 85294 23 0 1000 7000 0 1 1 0 1000 50 35000
0 1015 0 1 85316 22 0 1000 7000 0 1 1 0 1000 50 35000
0 1006 0 1 85339 23 0 1000 7000 0 1 1 0 1000 50 35000
0 1023 0 1 85361 22 0 1000 7000 0 1 1 0 1000 50 35000
0 1009 0 1 85384 23 0 1000 7000 0 1 1 0 1000 50 35000
0 1008 0 1 85406 22 0 1000 7000 0 1 1 0 1000 50 35000
0 1019 0 1 85430 24 0 1000 7000 0 1 1 0 1000 50 35000
0 998 0 1 85452 22 0 1000 7000 0 1 1 0 1000 50 35000
0 1010 0 1 85475 23 0 1000 7000 0 1 1 0 1000 50 35000
0 1017 0 1 85497 22 0 1000 7000 0 1 1 0 1000 50 35000
0 997 0 1 85520 23 0 1000 7000 0 1 1 0 1000 50 35000
0 1011 0 1 85542 22 0 1000 7000 0 1 1 0 1000 50 35000
0 1013 0 1 85565 23 0 1000 7000 0 1 1 0 1000 50 35000
0 1002 0 1 85587 22 0 1000 7000 0 1 1 0 1000 50 35000
0 1013 0 1 85610 23 0 1000 7000 0 1 1 0 1000 50 35000
0 1012 0 1 85633 23 0 1000 7000 0 1 1 0 1000 50 35000
0 1002 0 1 85655 22 0 1000 7000 0 1 1 0 1000 50 35000
0 1021 0 1 85678 23 0 1000 7000 0 1 1 0 1000 50 35000
0 1011 0 1 85700 22 0 1000 7000 0 1 1 0 1000 50 35000
0 1006 0 1 85723 23 0 1000 7000 0 1 1 0 1000 50 35000
0 1022 0 1 85745 22 0 1000 7000 0 1 1 0 1000 50 35000
0 1010 0 1 85768 23 0 1000 7000 0 1 1 0 1000 50 35000
0 1010 0 1 85790 22 0 1000 7000 0 1 1 0 1000 50 35000
0 1018 0 1 85813 23 0 1000 7000 0 1 1 0 1000 50 35000
0 1009 0 1 85835 22 0 1000 7000 0 1 1 0 1000 50 35000
0 1011 0 1 85859 24 0 1000 7000 0 1 1 0 1000 50 35000
0 1012 0 1 85881 22 0 1000 7000 0 1 1 0 1000 50 35000
0 999 0 1 85904 23 0 1000 7000 0 1 1 0 1000 50 35000
0 1010 0 1 85926 22 0 1000 7000 0 1 1 0 1000 50 35000
0 1012 0 1 85949 23 0 1000 7000 0 1 1 0 1000 50 35000
0 1002 0 1 85971 22 0 1000 7000 0 1 1 0 1000 50 35000
0 1017 0 1 85994 23 0 1000 7000 0 1 1 0 1000 50 35000
0 1013 0 1 86017 23 0 1000 7000 0 1 1 0 1000 50 35000
0 1002 0 1 86039 22 0 1000 7000 0 1 1 0 1000 50 35000
0 1023 0 1 86062 23 0 1000 7000 0 1 1 0 1000 50 35000
0 1011 0 1 86084 22 0 1000 7000 0 1 1 0 1000 50 35000
0 1005 0 1 86107 23 0 1000 7000 0 1 1 0 1000 50 35000
0 1018 0 1 86129 22 0 1000 7000 0 1 1 0 1000 50 35000
0 1000 0 1 86152 23 0 1000 7000 0 1 1 0 1000 50 35000
0 14 0 1 86174 22 0 1000 7000 0 1 1 0 1000 50 35000
1 14 1 1 86197 23 0 978 7000 0 1 1 0 1000 50 35000
1 14 1 1 86219 22 0 955 7000 0 1 1 0 1000 50 35000
1 14 1 1 86242 23 0 933 7000 0 1 1 0 1000 50 35000
1 14 1 1 86264 22 0 910 7000 0 1 1 0 1000 50 35000
1 14 1 1 86287 23 0 888 7000 0 1 1 0 1000 50 35000
1 14 1 1 86309 22 0 865 7000 0 1 1 0 1000 50 35000
1 14 1 1 86332 23 0 843 7000 0 1 1 0 1000 50 35000
1 14 1 1 86354 22 0 820 7000 0 1 1 0 1000 50 35000
1 14 1 1 86377 23 0 798 7000 0 1 1 0 1000 50 35000
1 14 1 1 86400 23 0 775 7000 0 1 1 0 1000 50 35000
1 14 1 1 86422 22 0 752 7000 0 1 1 0 1000 50 35000
1 14 1 1 86445 23 0 730 7000 0 1 1 0 1000 50 35000
1 14 1 1 86467 22 0 707 7000 0 1 1 0 1000 50 35000
1 14 1 1 86490 23 0 685 7000 0 1 1 0 1000 50 35000
1 14 1 1 86512 22 0 662 7000 0 1 1 0 1000 50 35000
1 14 1 1 86534 22 0 640 7000 0 1 1 0 1000 50 35000
1 14 1 1 86556 22 0 618 7000 0 1 1 0 1000 50 35000
1 14 1 1 86579 23 0 596 7000 0 1 1 0 1000 50 35000
1 14 1 1 86601 22 0 573 7000 0 1 1 0 1000 50 35000
1 14 1 1 86624 23 0 551 7000 0 1 1 0 1000 50 35000
1 14 1 1 86646 22 0 528 7000 0 1 1 0 1000 50 35000
1 14 1 1 86669 23 0 506 7000 0 1 1 0 1000 50 35000
1 14 1 1 86691 22 0 483 7000 0 1 1 0 1000 50 35000
1 14 1 1 86714 23 0 461 7000 0 1 1 0 1000 50 35000
1 14 1 1 86736 22 0 438 7000 0 1 1 0 1000 50 35000
1 14 1 1 86759 23 0 416 7000 0 1 1 0 1000 50 35000
1 14 1 1 86781 22 0 393 7000 0 1 1 0 1000 50 35000
1 14 1 1 86804 23 0 371 7000 0 1 1 0 1000 50 35000
1 14 1 1 86827 23 0 348 7000 0 1 1 0 1000 50 35000
1 14 1 1 86849 22 0 325 7000 0 1 1 0 1000 50 35000
1 14 1 1 86872 23 0 303 7000 0 1 1 0 1000 50 35000
1 14 1 1 86894 22 0 280 7000 0 1 1 0 1000 50 35000
1 14 1 1 86917 23 0 258 7000 0 1 1 0 1000 50 35000
1 14 1 1 86939 22 0 235 7000 0 1 1 0 1000 50 35000
1 14 1 1 86962 23 0 213 7000 0 1 1 0 1000 50 35000
1 14 1 1 86983 21 0 190 7000 0 1 1 0 1000 50 35000
1 14 1 1 87006 23 0 169 7000 0 1 1 0 1000 50 35000
1 14 1 1 87028 22 0 146 7000 0 1 1 0 1000 50 35000
1 14 1 1 87051 23 0 124 7000 0 1 1 0 1000 50 35000
1 14 1 1 87073 22 0 101 7000 0 1 1 0 1000 50 35000
1 14 1 1 87096 23 0 79 7000 0 1 1 0 1000 50 35000
1 14 1 1 87118 22 0 56 7000 0 1 1 0 1000 50 35000
1 14 1 1 87141 23 0 34 7000 0 1 1 0 1000 50 35000
1 14 1 1 87163 22 0 11 7000 0 1 1 0 1000 50 35000
1 14 1 1 87186 23 0 -11 7000 0 1 1 0 1000 50 35000
1 14 1 2 87208 22 0 -11 7000 0 1 1 0 1000 50 35000
1 14 1 2 87231 23 0 -11 6978 0 1 1 0 1000 50 35000
1 14 1 2 87254 23 0 -11 6955 0 1 1 0 1000 50 35000
1 14 1 2 87276 22 0 -11 6932 0 1 1 0 1000 50 35000
1 14 1 2 87298 22 0 -11 6910 0 1 1 0 1000 50 35000
1 14 1 2 87320 22 0 -11 6888 0 1 1 0 1000 50 35000
1 14 1 2 87343 23 0 -11 6866 0 1 1 0 1000 50 35000
1 14 1 2 87365 22 0 -11 6843 0 1 1 0 1000 50 35000
1 14 1 2 87388 23 0 -11 6821 0 1 1 0 1000 50 35000
1 14 1 2 87410 22 0 -11 6798 0 1 1 0 1000 50 35000
1 14 1 2 87433 23 0 -11 6776 0 1 1 0 1000 50 35000
1 14 1 2 87455 22 0 -11 6753 0 1 1 0 1000 50 35000
1 14 1 2 87478 23 0 -11 6731 0 1 1 0 1000 50 35000
1 14 1 2 87500 22 0 -11 6708 0 1 1 0 1000 50 35000
1 14 1 2 87523 23 0 -11 6686 0 1 1 0 1000 50 35000
1 14 1 2 87545 22 0 -11 6663 0 1 1 0 1000 50 35000
1 14 1 2 87568 23 0 -11 6641 0 1 1 0 1000 50 35000
1 14 1 2 87590 22 0 -11 6618 0 1 1 0 1000 50 35000
1 14 1 2 87613 23 0 -11 6596 0 1 1 0 1000 50 35000
1 14 1 2 87635 22 0 -11 6573 0 1 1 0 1000 50 35000
1 14 1 2 87657 22 0 -11 6551 0 1 1 0 1000 50 35000
1 14 1 2 87680 23 0 -11 6529 0 1 1 0 1000 50 35000
1 14 1 2 87702 22 0 -11 6506 0 1 1 0 1000 50 35000
1 14 1 2 87725 23 0 -11 6484 0 1 1 0 1000 50 35000
1 14 1 2 87747 22 0 -11 6461 0 1 1 0 1000 50 35000
1 14 1 2 87770 23 0 -11 6439 0 1 1 0 1000 50 35000
1 14 1 2 87792 22 0 -11 6416 0 1 1 0 1000 50 35000
1 14 1 2 87815 23 0 -11 6394 0 1 1 0 1000 50 35000
1 14 1 2 87837 22 0 -11 6371 0 1 1 0 1000 50 35000
1 14 1 2 87860 23 0 -11 6349 0 1 1 0 1000 50 35000
1 14 1 2 87882 22 0 -11 6326 0 1 1 0 1000 50 35000
1 14 1 2 87905 23 0 -11 6304 0 1 1 0 1000 50 35000
1 14 1 2 87927 22 0 -11 6281 0 1 1 0 1000 50 35000
1 14 1 2 87950 23 0 -11 6259 0 1 1 0 1000 50 35000
1 14 1 2 87972 22 0 -11 6236 0 1 1 0 1000 50 35000
1 14 1 2 87995 23 0 -11 6214 0 1 1 0 1000 50 35000
1 14 1 2 88017 22 0 -11 6191 0 1 1 0 1000 50 35000
1 14 1 2 88039 22 0 -11 6169 0 1 1 0 1000 50 35000
1 14 1 2 88061 22 0 -11 6147 0 1 1 0 1000 50 35000
1 14 1 2 88084 23 0 -11 6125 0 1 1 0 1000 50 35000
1 14 1 2 88107 23 0 -11 6102 0 1 1 0 1000 50 35000
1 14 1 2 88129 22 0 -11 6079 0 1 1 0 1000 50 35000
1 14 1 2 88152 23 0 -11 6057 0 1 1 0 1000 50 35000
1 14 1 2 88174 22 0 -11 6034 0 1 1 0 1000 50 35000
1 14 1 2 88197 23 0 -11 6012 0 1 1 0 1000 50 35000
1 14 1 2 88219 22 0 -11 5989 0 1 1 0 1000 50 35000
1 14 1 2 88242 23 0 -11 5967 0 1 1 0 1000 50 35000
1 14 1 2 88264 22 0 -11 5944 0 1 1 0 1000 50 35000
1 14 1 2 88287 23 0 -11 5922 0 1 1 0 1000 50 35000
1 14 1 2 88309 22 0 -11 5899 0 1 1 0 1000 50 35000
1 14 1 2 88332 23 0 -11 5877 0 1 1 0 1000 50 35000
1 14 1 2 88354 22 0 -11 5854 0 1 1 0 1000 50 35000
1 14 1 2 88377 23 0 -11 5832 0 1 1 0 1000 50 35000
1 14 1 2 88398 21 0 -11 5809 0 1 1 0 1000 50 35000
1 14 1 2 88421 23 0 -11 5788 0 1 1 0 1000 50 35000
1 14 1 2 88443 22 0 -11 5765 0 1 1 0 1000 50 35000
1 14 1 2 88466 23 0 -11 5743 0 1 1 0 1000 50 35000
1 14 1 2 88488 22 0 -11 5720 0 1 1 0 1000 50 35000
1 14 1 2 88511 23 0 -11 5698 0 1 1 0 1000 50 35000
1 14 1 2 88534 23 0 -11 5675 0 1 1 0 1000 50 35000
1 14 1 2 88556 22 0 -11 5652 0 1 1 0 1000 50 35000
1 14 1 2 88579 23 0 -11 5630 0 1 1 0 1000 50 35000
1 14 1 2 88601 22 0 -11 5607 0 1 1 0 1000 50 35000
1 14 1 2 88624 23 0 -11 5585 0 1 1 0 1000 50 35000
1 14 1 2 88646 22 0 -11 5562 0 1 1 0 1000 50 35000
1 14 1 2 88669 23 0 -11 5540 0 1 1 0 1000 50 35000
1 14 1 2 88691 22 0 -11 5517 0 1 1 0 1000 50 35000
1 14 1 2 88714 23 0 -11 5495 0 1 1 0 1000 50 35000
1 14 1 2 88736 22 0 -11 5472 0 1 1 0 1000 50 35000
1 14 1 2 88759 23 0 -11 5450 0 1 1 0 1000 50 35000
1 14 1 2 88780 21 0 -11 5427 0 1 1 0 1000 50 35000
1 14 1 2 88803 23 0 -11 5406 0 1 1 0 1000 50 35000
1 14 1 2 88825 22 0 -11 5383 0 1 1 0 1000 50 35000
1 14 1 2 88848 23 0 -11 5361 0 1 1 0 1000 50 35000
1 14 1 2 88870 22 0 -11 5338 0 1 1 0 1000 50 35000
1 14 1 2 88893 23 0 -11 5316 0 1 1 0 1000 50 35000
1 14 1 2 88915 22 0 -11 5293 0 1 1 0 1000 50 35000
1 14 1 2 88938 23 0 -11 5271 0 1 1 0 1000 50 35000
1 14 1 2 88961 23 0 -11 5248 0 1 1 0 1000 50 35000
1 14 1 2 88983 22 0 -11 5225 0 1 1 0 1000 50 35000
1 14 1 2 89006 23 0 -11 5203 0 1 1 0 1000 50 35000
1 14 1 2 89028 22 0 -11 5180 0 1 1 0 1000 50 35000
1 14 1 2 89051 23 0 -11 5158 0 1 1 0 1000 50 35000
1 14 1 2 89073 22 0 -11 5135 0 1 1 0 1000 50 35000
1 14 1 2 89096 23 0 -11 5113 0 1 1 0 1000 50 35000
1 14 1 2 89118 22 0 -11 5090 0 1 1 0 1000 50 35000
1 14 1 2 89141 23 0 -11 5068 0 1 1 0 1000 50 35000
1 14 1 2 89162 21 0 -11 5045 0 1 1 0 1000 50 35000
1 14 1 2 89185 23 0 -11 5024 0 1 1 0 1000 50 35000
1 14 1 2 89207 22 0 -11 5001 0 1 1 0 1000 50 35000
1 14 1 2 89230 23 0 -11 4979 0 1 1 0 1000 50 35000
1 14 1 2 89252 22 0 -11 4956 22 1 1 0 1000 50 35000
1 14 1 2 89275 23 0 -11 4934 45 1 1 0 1000 50 35000
1 14 1 2 89297 22 0 -11 4911 67 1 1 0 1000 50 35000
1 14 1 2 89320 23 0 -11 4889 90 1 1 0 1000 50 35000
1 14 1 2 89342 22 0 -11 4866 112 1 1 0 1000 50 35000
1 14 1 2 89365 23 0 -11 4844 135 1 1 0 1000 50 35000
1 14 1 2 89388 23 0 -11 4821 158 1 1 0 1000 50 35000
1 14 1 2 89411 23 0 -11 4798 180 1 1 0 1000 50 35000
1 14 1 2 89434 23 0 -11 4775 203 1 1 0 1000 50 35000
1 14 1 2 89456 22 0 -11 4752 225 1 1 0 1000 50 35000
1 14 1 2 89479 23 0 -11 4730 248 0 0 0 1000 50 35000
1 14 1 2 89501 22 0 -11 4707 271 0 0 0 1000 50 35000
1 14 1 2 89524 23 0 -11 4685 294 0 0 0 1000 50 35000
1 14 1 2 89546 22 0 -11 4662 316 0 0 0 1000 50 35000
1 14 1 2 89569 23 0 -11 4640 339 0 0 0 1000 50 35000
1 14 1 2 89591 22 0 -11 4617 361 0 0 0 1000 50 35000
1 14 1 2 89614 23 0 -11 4595 384 0 0 0 1000 50 35000
1 14 1 2 89636 22 0 -11 4572 406 0 0 0 1000 50 35000
1 14 1 2 89659 23 0 -11 4550 429 0 0 0 1000 50 35000
1 14 1 2 89681 22 0 -11 4527 451 0 0 0 1000 50 35000
1 14 1 2 89704 23 0 -11 4505 474 0 0 0 1000 50 35000
1 14 1 2 89726 22 0 -11 4482 496 0 0 0 1000 50 35000
1 14 1 2 89749 23 0 -11 4460 519 0 0 0 1000 50 35000
1 14 1 2 89772 23 0 -11 4437 542 0 0 0 1000 50 35000
1 14 1 2 89794 22 0 -11 4414 564 0 0 0 1000 50 35000
1 14 1 2 89817 23 0 -11 4392 587 0 0 0 1000 50 35000
1 14 1 2 89839 22 0 -11 4369 609 0 0 0 1000 50 35000
1 14 1 2 89862 23 0 -11 4347 632 0 0 0 1000 50 35000
1 14 1 2 89885 23 0 -11 4324 654 0 0 0 1000 50 35000
1 14 1 2 89908 23 0 -11 4301 677 0 0 0 1000 50 35000
1 14 1 2 89930 22 0 -11 4278 699 0 0 0 1000 50 35000
1 14 1 2 89953 23 0 -11 4256 722 0 0 0 1000 50 35000
1 14 1 2 89975 22 0 -11 4233 744 0 0 0 1000 50 35000
1 14 1 2 89998 23 0 -11 4211 767 0 0 0 1000 50 35000
1 14 1 2 90020 22 0 -11 4188 790 0 0 0 1000 50 35000
1 14 1 2 90043 23 0 -11 4166 813 0 0 0 1000 50 35000
1 14 1 2 90065 22 0 -11 4143 835 0 0 0 1000 50 35000
1 14 1 2 90088 23 0 -11 4121 858 0 0 0 1000 50 35000
1 14 1 2 90110 22 0 -11 4098 880 0 0 0 1000 50 35000
1 14 1 2 90133 23 0 -11 4076 903 0 0 0 1000 50 35000
1 14 1 2 90156 23 0 -11 4053 926 0 0 0 1000 50 35000
1 14 1 2 90178 22 0 -11 4030 948 0 0 0 1000 50 35000
1 14 1 2 90201 23 0 -11 4008 971 0 0 0 1000 50 35000
1 14 1 2 90223 22 0 -11 3985 993 0 0 0 1000 50 35000
1 14 1 2 90246 23 0 -11 3963 1016 0 0 0 1000 50 35000
1 14 1 2 90268 22 0 -11 3940 1038 0 0 0 1000 50 35000
1 14 1 2 90291 23 0 -11 3918 1061 0 0 0 1000 50 35000
1 14 1 2 90314 23 0 -11 3895 1083 0 0 0 1000 50 35000
1 14 1 2 90337 23 0 -11 3872 1106 0 0 0 1000 50 35000
1 14 1 2 90359 22 0 -11 3849 1128 0 0 0 1000 50 35000
1 14 1 2 90382 23 0 -11 3827 1152 0 0 0 1000 50 35000
1 14 1 2 90404 22 0 -11 3804 1174 0 0 0 1000 50 35000
1 14 1 2 90427 23 0 -11 3782 1197 0 0 0 1000 50 35000
1 14 1 2 90449 22 0 -11 3759 1219 0 0 0 1000 50 35000
1 14 1 2 90472 23 0 -11 3737 1242 0 0 0 1000 50 35000
1 14 1 2 90494 22 0 -11 3714 1264 0 0 0 1000 50 35000
1 14 1 2 90517 23 0 -11 3692 1287 0 0 0 1000 50 35000
1 14 1 2 90540 23 0 -11 3669 1310 0 0 0 1000 50 35000
1 14 1 2 90563 23 0 -11 3646 1332 0 0 0 1000 50 35000
1 14 1 2 90586 23 0 -11 3623 1355 0 0 0 1000 50 35000
1 14 1 2 90608 22 0 -11 3600 1378 0 0 0 1000 50 35000
1 14 1 2 90631 23 0 -11 3578 1401 0 0 0 1000 50 35000
1 14 1 2 90653 22 0 -11 3555 1423 0 0 0 1000 50 35000
1 14 1 2 90676 23 0 -11 3533 1446 0 0 0 1000 50 35000
1 14 1 2 90698 22 0 -11 3510 1468 0 0 0 1000 50 35000
1 14 1 2 90721 23 0 -11 3488 1491 0 0 0 1000 50 35000
1 14 1 2 90743 22 0 -11 3465 1513 0 0 0 1000 50 35000
1 14 1 2 90766 23 0 -11 3443 1536 0 0 0 1000 50 35000
1 14 1 2 90789 23 0 -11 3420 1558 0 0 0 1000 50 35000
1 14 1 2 90812 23 0 -11 3397 1581 0 0 0 1000 50 35000
1 14 1 2 90834 22 0 -11 3374 1603 0 0 0 1000 50 35000
1 14 1 2 90857 23 0 -11 3352 1627 0 0 0 1000 50 35000
1 14 1 2 90880 23 0 -11 3329 1650 0 0 0 1000 50 35000
1 14 1 2 90902 22 0 -11 3306 1672 0 0 0 1000 50 35000
1 14 1 2 90925 23 0 -11 3284 1695 0 0 0 1000 50 35000
1 14 1 2 90947 22 0 -11 3261 1717 0 0 0 1000 50 35000
1 14 1 2 90970 23 0 -11 3239 1740 0 0 0 1000 50 35000
1 14 1 2 90992 22 0 -11 3216 1762 0 0 0 1000 50 35000
1 14 1 2 91015 23 0 -11 3194 1785 0 0 0 1000 50 35000
1 14 1 2 91038 23 0 -11 3171 1807 0 0 0 1000 50 35000
1 14 1 2 91061 23 0 -11 3148 1830 0 0 0 1000 50 35000
1 14 1 2 91083 22 0 -11 3125 1853 0 0 0 1000 50 35000
1 14 1 2 91106 23 0 -11 3103 1876 0 0 0 1000 50 35000
1 14 1 2 91128 22 0 -11 3080 1898 0 0 0 1000 50 35000
1 14 1 2 91151 23 0 -11 3058 1921 0 0 0 1000 50 35000
1 14 1 2 91173 22 0 -11 3035 1943 0 0 0 1000 50 35000
1 14 1 2 91196 23 0 -11 3013 1966 0 0 0 1000 50 35000
1 14 1 2 91218 22 0 -11 2990 1988 0 0 0 1000 50 35000
1 14 1 2 91241 23 0 -11 2968 2011 0 0 0 1000 50 35000
1 14 1 2 91265 24 0 -11 2945 2011 0 0 0 1000 50 35000
1 14 1 2 91287 22 0 -11 2921 2011 0 0 0 1000 50 35000
1 14 1 2 91310 23 0 -11 2899 2011 0 0 0 1000 50 35000
1 14 1 2 91332 22 0 -11 2876 2011 0 0 0 1000 50 35000
1 14 1 2 91355 23 0 -11 2854 2011 0 0 0 1000 50 35000
1 15 1 2 91377 22 0 -11 2831 2011 0 0 0 1000 50 35000
1 14 1 2 91400 23 0 -11 2809 2011 0 0 0 1000 50 35000
1 14 1 2 91422 22 0 -11 2786 2011 0 0 0 1000 50 35000
1 14 1 2 91445 23 0 -11 2764 2011 0 0 0 1000 50 35000
1 14 1 2 91467 22 0 -11 2741 2011 0 0 0 1000 50 35000
1 14 1 2 91490 23 0 -11 2719 2011 0 0 0 1000 50 35000
1 14 1 2 91512 22 0 -11 2696 2011 0 0 0 1000 50 35000
1 14 1 2 91535 23 0 -11 2674 2011 0 0 0 1000 50 35000
1 14 1 2 91558 23 0 -11 2651 2011 0 0 0 1000 50 35000
1 14 1 2 91581 23 0 -11 2628 2011 0 0 0 1000 50 35000
1 14 1 2 91603 22 0 -11 2605 2011 0 0 0 1000 50 35000
1 14 1 2 91626 23 0 -11 2583 2011 0 0 0 1000 50 35000
1 14 1 2 91649 23 0 -11 2560 2011 0 0 0 1000 50 35000
1 14 1 2 91671 22 0 -11 2537 2011 0 0 0 1000 50 35000
1 14 1 2 91694 23 0 -11 2515 2011 0 0 0 1000 50 35000
1 14 1 2 91716 22 0 -11 2492 2011 0 0 0 1000 50 35000
1 14 1 2 91739 23 0 -11 2470 2011 0 0 0 1000 50 35000
1 14 1 2 91761 22 0 -11 2447 2011 0 0 0 1000 50 35000
1 14 1 2 91784 23 0 -11 2425 2011 0 0 0 1000 50 35000
1 14 1 2 91806 22 0 -11 2402 2011 0 0 0 1000 50 35000
1 14 1 2 91830 24 0 -11 2380 2011 0 0 0 1000 50 35000
1 14 1 2 91852 22 0 -11 2356 2011 0 0 0 1000 50 35000
1 14 1 2 91875 23 0 -11 2334 2011 0 0 0 1000 50 35000
1 14 1 2 91897 22 0 -11 2311 2011 0 0 0 1000 50 35000
1 14 1 2 91920 23 0 -11 2289 2011 0 0 0 1000 50 35000
1 14 1 2 91942 22 0 -11 2266 2011 0 0 0 1000 50 35000
1 14 1 2 91965 23 0 -11 2244 2011 0 0 0 1000 50 35000
1 14 1 2 91987 22 0 -11 2221 2011 0 0 0 1000 50 35000
1 14 1 2 92010 23 0 -11 2199 2011 0 0 0 1000 50 35000
1 14 1 2 92033 23 0 -11 2176 2011 0 0 0 1000 50 35000
1 14 1 2 92055 22 0 -11 2153 2011 0 0 0 1000 50 35000
1 14 1 2 92078 23 0 -11 2131 2011 0 0 0 1000 50 35000
1 14 1 2 92101 23 0 -11 2108 2011 0 0 0 1000 50 35000
1 14 1 2 92124 23 0 -11 2085 2011 0 0 0 1000 50 35000
1 14 1 2 92146 22 0 -11 2062 2011 0 0 0 1000 50 35000
1 14 1 2 92169 23 0 -11 2040 2011 0 0 0 1000 50 35000
1 14 1 2 92191 22 0 -11 2017 2011 0 0 0 1000 50 35000
1 14 1 2 92214 23 0 -11 1995 2011 0 0 0 1000 50 35000
1 14 1 2 92236 22 0 -11 1972 2011 0 0 0 1000 50 35000
1 14 1 2 92259 23 0 -11 1950 2011 0 0 0 1000 50 35000
1 14 1 2 92281 22 0 -11 1927 2011 0 0 0 1000 50 35000
1 14 1 2 92304 23 0 -11 1905 2011 0 0 0 1000 50 35000
1 14 1 2 92326 22 0 -11 1882 2011 0 0 0 1000 50 35000
1 14 1 2 92349 23 0 -11 1860 2011 0 0 0 1000 50 35000
1 14 1 2 92372 23 0 -11 1837 2011 0 0 0 1000 50 35000
1 14 1 2 92395 23 0 -11 1814 2011 0 0 0 1000 50 35000
1 14 1 2 92418 23 0 -11 1791 2011 0 0 0 1000 50 35000
1 14 1 2 92440 22 0 -11 1768 2011 0 0 0 1000 50 35000
1 14 1 2 92463 23 0 -11 1746 2011 0 0 0 1000 50 35000
1 14 1 2 92485 22 0 -11 1723 2011 0 0 0 1000 50 35000
1 14 1 2 92508 23 0 -11 1701 2011 0 0 0 1000 50 35000
1 14 1 2 92530 22 0 -11 1678 2011 0 0 0 1000 50 35000
1 14 1 2 92553 23 0 -11 1656 2011 0 0 0 1000 50 35000
1 14 1 2 92575 22 0 -11 1633 2011 0 0 0 1000 50 35000
1 14 1 2 92598 23 0 -11 1611 2011 0 0 0 1000 50 35000
1 14 1 2 92620 22 0 -11 1588 2011 0 0 0 1000 50 35000
1 14 1 2 92643 23 0 -11 1566 2011 0 0 0 1000 50 35000
1 14 1 2 92666 23 0 -11 1543 2011 0 0 0 1000 50 35000
1 14 1 2 92689 23 0 -11 1520 2011 0 0 0 1000 50 35000
1 14 1 2 92711 22 0 -11 1497 2011 0 0 0 1000 50 35000
1 14 1 2 92734 23 0 -11 1475 2011 0 0 0 1000 50 35000
1 14 1 2 92756 22 0 -11 1452 2011 0 0 0 1000 50 35000
1 14 1 2 92779 23 0 -11 1430 2011 0 0 0 1000 50 35000
1 14 1 2 92802 23 0 -11 1407 2011 0 0 0 1000 50 35000
1 14 1 2 92824 22 0 -11 1384 2011 0 0 0 1000 50 35000
1 14 1 2 92847 23 0 -11 1362 2011 0 0 0 1000 50 35000
1 14 1 2 92869 22 0 -11 1339 2011 0 0 0 1000 50 35000
1 14 1 2 92892 23 0 -11 1317 2011 0 0 0 1000 50 35000
1 14 1 2 92914 22 0 -11 1294 2011 0 0 0 1000 50 35000
1 14 1 2 92938 24 0 -11 1272 2011 0 0 0 1000 50 35000
1 14 1 2 92960 22 0 -11 1248 2011 0 0 0 1000 50 35000
1 14 1 2 92983 23 0 -11 1226 2011 0 0 0 1000 50 35000
1 14 1 2 93005 22 0 -11 1203 2011 0 0 0 1000 50 35000
1 14 1 2 93028 23 0 -11 1181 2011 0 0 0 1000 50 35000
1 14 1 2 93050 22 0 -11 1158 2011 0 0 0 1000 50 35000
1 14 1 2 93073 23 0 -11 1136 2011 0 0 0 1000 50 35000
1 14 1 2 93095 22 0 -11 1113 2011 0 0 0 1000 50 35000
1 14 1 2 93118 23 0 -11 1091 2011 0 0 0 1000 50 35000
1 14 1 2 93140 22 0 -11 1068 2011 0 0 0 1000 50 35000
1 14 1 2 93163 23 0 -11 1046 2011 0 0 0 1000 50 35000
1 14 1 2 93186 23 0 -11 1023 2011 0 0 0 1000 50 35000
1 14 1 2 93208 22 0 -11 1000 2011 0 0 0 1000 50 35000
1 14 1 2 93231 23 0 -11 978 2011 0 0 0 1000 50 35000
1 14 1 2 93254 23 0 -11 955 2011 0 0 0 1000 50 35000
1 14 1 2 93277 23 0 -11 932 2011 0 0 0 1000 50 35000
1 14 1 2 93299 22 0 -11 909 2011 0 0 0 1000 50 35000
1 14 1 2 93322 23 0 -11 887 2011 0 0 0 1000 50 35000
1 14 1 2 93344 22 0 -11 864 2011 0 0 0 1000 50 35000
1 14 1 2 93367 23 0 -11 842 2011 0 0 0 1000 50 35000
1 14 1 2 93389 22 0 -11 819 2011 0 0 0 1000 50 35000
1 14 1 2 93412 23 0 -11 797 2011 0 0 0 1000 50 35000
1 14 1 2 93434 22 0 -11 774 2011 0 0 0 1000 50 35000
1 14 1 2 93457 23 0 -11 752 2011 0 0 0 1000 50 35000
1 14 1 2 93479 22 0 -11 729 2011 0 0 0 1000 50 35000
1 14 1 2 93502 23 0 -11 707 2011 0 0 0 1000 50 35000
1 14 1 2 93524 22 0 -11 684 2011 0 0 0 1000 50 35000
1 14 1 2 93547 23 0 -11 662 2011 0 0 0 1000 50 35000
1 14 1 2 93570 23 0 -11 639 2011 0 0 0 1000 50 35000
1 14 1 2 93592 22 0 -11 616 2011 0 0 0 1000 50 35000
1 14 1 2 93615 23 0 -11 594 2011 0 0 0 1000 50 35000
1 14 1 2 93637 22 0 -11 571 2011 0 0 0 1000 50 35000
1 14 1 2 93660 23 0 -11 549 2011 0 0 0 1000 50 35000
1 14 1 2 93682 22 0 -11 526 2011 0 0 0 1000 50 35000
1 14 1 2 93705 23 0 -11 504 2011 0 0 0 1000 50 35000
1 14 1 2 93727 22 0 -11 481 2011 0 0 0 1000 50 35000
1 14 1 2 93750 23 0 -11 459 2011 0 0 0 1000 50 35000
1 14 1 2 93772 22 0 -11 436 2011 0 0 0 1000 50 35000
1 14 1 2 93795 23 0 -11 414 2011 0 0 0 1000 50 35000
1 14 1 2 93817 22 0 -11 391 2011 0 0 0 1000 50 35000
1 14 1 2 93840 23 0 -11 369 2011 0 0 0 1000 50 35000
1 14 1 2 93862 22 0 -11 346 2011 0 0 0 1000 50 35000
1 14 1 2 93885 23 0 -11 324 2011 0 0 0 1000 50 35000
1 14 1 2 93907 22 0 -11 301 2011 0 0 0 1000 50 35000
1 14 1 2 93930 23 0 -11 279 2011 0 0 0 1000 50 35000
1 14 1 2 93953 23 0 -11 256 2011 0 0 0 1000 50 35000
1 14 1 2 93975 22 0 -11 233 2011 0 0 0 1000 50 35000
1 14 1 2 93998 23 0 -11 211 2011 0 0 0 1000 50 35000
1 14 1 2 94020 22 0 -11 188 2011 0 0 0 1000 50 35000
1 14 1 2 94043 23 0 -11 166 2011 0 0 0 1000 50 35000
1 14 1 2 94065 22 0 -11 143 2011 0 0 0 1000 50 35000
1 14 1 2 94088 23 0 -11 121 2011 0 0 0 1000 50 35000
1 14 1 2 94110 22 0 -11 98 2011 0 0 0 1000 50 35000
1 14 1 2 94133 23 0 -11 76 2011 0 0 0 1000 50 35000
1 14 1 2 94155 22 0 -11 53 2011 0 0 0 1000 50 35000
1 14 1 2 94178 23 0 -11 31 2011 0 0 0 1000 50 35000
1 14 1 2 94200 22 0 -11 8 2011 0 0 0 1000 50 35000
1 14 1 2 94223 23 0 -11 -14 2011 0 0 0 1000 50 35000
1 14 1 3 94245 22 0 -11 -14 2011 0 0 0 1000 50 35000
1 14 1 3 94268 23 0 -11 -14 2011 0 0 0 1000 50 34978
1 14 1 3 94290 22 0 -11 -14 2033 0 0 0 1000 50 34955
1 14 1 3 94313 23 0 -11 -14 2056 0 0 0 1000 50 34933
1 14 1 3 94336 23 0 -11 -14 2079 0 0 0 1000 50 34910
1 14 1 3 94358 22 0 -11 -14 2101 0 0 0 1000 50 34887
1 14 1 3 94381 23 0 -11 -14 2124 0 0 0 1000 50 34865
1 14 1 3 94403 22 0 -11 -14 2146 0 0 0 1000 50 34842
1 14 1 3 94426 23 0 -11 -14 2169 0 0 0 1000 50 34820
1 14 1 3 94448 22 0 -11 -14 2191 0 0 0 1000 50 34797
1 14 1 3 94471 23 0 -11 -14 2214 0 0 0 1000 50 34775
1 14 1 3 94493 22 0 -11 -14 2236 0 0 0 1000 50 34752
1 14 1 3 94516 23 0 -11 -14 2259 0 0 0 1000 50 34730
1 14 1 3 94538 22 0 -11 -14 2281 0 0 0 1000 50 34707
1 14 1 3 94561 23 0 -11 -14 2304 0 0 0 1000 50 34685
1 14 1 3 94583 22 0 -11 -14 2326 0 0 0 1000 50 34662
1 14 1 3 94606 23 0 -11 -14 2349 0 0 0 1000 50 34640
1 14 1 3 94628 22 0 -11 -14 2371 0 0 0 1000 50 34617
1 14 1 3 94651 23 0 -11 -14 2394 0 0 0 1000 50 34595
1 14 1 3 94673 22 0 -11 -14 2416 0 0 0 1000 50 34572
1 14 1 3 94696 23 0 -11 -14 2439 0 0 0 1000 50 34550
1 14 1 3 94718 22 0 -11 -14 2461 0 0 0 1000 50 34527
1 14 1 3 94741 23 0 -11 -14 2484 0 0 0 1000 50 34505
1 14 1 3 94764 23 0 -11 -14 2507 0 0 0 1000 50 34482
1 14 1 3 94786 22 0 -11 -14 2529 0 0 0 1000 50 34459
1 14 1 3 94809 23 0 -11 -14 2551 0 0 0 1000 50 34437
1 14 1 3 94831 22 0 -11 -14 2573 0 0 0 1000 50 34414
1 15 1 3 94854 23 0 -11 -14 2596 0 0 0 1000 50 34392
1 15 1 3 94876 22 0 -11 -14 2618 0 0 0 1000 50 34369
1 15 1 3 94899 23 0 -11 -14 2641 0 0 0 1000 50 34347
1 15 1 3 94921 22 0 -11 -14 2663 0 0 0 1000 50 34324
1 15 1 3 94944 23 0 -11 -14 2686 0 0 0 1000 50 34302
1 15 1 3 94966 22 0 -11 -14 2708 0 0 0 1000 50 34279
1 15 1 3 94989 23 0 -11 -14 2731 0 0 0 1000 50 34257
1 15 1 3 95011 22 0 -11 -14 2753 0 0 0 1000 50 34234
1 15 1 3 95034 23 0 -11 -14 2776 0 0 0 1000 50 34212
1 15 1 3 95056 22 0 -11 -14 2798 0 0 0 1000 50 34189
1 15 1 3 95079 23 0 -11 -14 2821 0 0 0 1000 50 34167
1 15 1 3 95101 22 0 -11 -14 2843 0 0 0 1000 50 34144
1 15 1 3 95123 22 0 -11 -14 2866 0 0 0 1000 50 34122
1 15 1 3 95145 22 0 -11 -14 2888 0 0 0 1000 50 34100
1 15 1 3 95168 23 0 -11 -14 2911 0 0 0 1000 50 34078
1 15 1 3 95191 23 0 -11 -14 2934 0 0 0 1000 50 34055
1 15 1 3 95213 22 0 -11 -14 2956 0 0 0 1000 50 34032
1 15 1 3 95236 23 0 -11 -14 2979 0 0 0 1000 50 34010
1 15 1 3 95258 22 0 -11 -14 3001 0 0 0 1000 50 33987
1 15 1 3 95281 23 0 -11 -14 3024 0 0 0 1000 50 33965
1 15 1 3 95303 22 0 -11 -14 3046 0 0 0 1000 50 33942
1 15 1 3 95326 23 0 -11 -14 3069 0 0 0 1000 50 33920
1 15 1 3 95348 22 0 -11 -14 3091 0 0 0 1000 50 33897
1 15 1 3 95371 23 0 -11 -14 3114 0 0 0 1000 50 33875
1 15 1 3 95393 22 0 -11 -14 3136 0 0 0 1000 50 33852
1 15 1 3 95416 23 0 -11 -14 3159 0 0 0 1000 50 33830
1 15 1 3 95438 22 0 -11 -14 3181 0 0 0 1000 50 33807
1 15 1 3 95461 23 0 -11 -14 3204 0 0 0 1000 50 33785
1 15 1 3 95483 22 0 -11 -14 3226 0 0 0 1000 50 33762
1 15 1 3 95506 23 0 -11 -14 3249 0 0 0 1000 50 33740
1 15 1 3 95528 22 0 -11 -14 3271 0 0 0 1000 50 33717
1 14 1 3 95551 23 0 -11 -14 3294 0 0 0 1000 50 33695
1 14 1 3 95574 23 0 -11 -14 3317 0 0 0 1000 50 33672
1 14 1 3 95596 22 0 -11 -14 3339 0 0 0 1000 50 33649
1 15 1 3 95619 23 0 -11 -14 3362 0 0 0 1000 50 33627
1 15 1 3 95641 22 0 -11 -14 3384 0 0 0 1000 50 33604
1 15 1 3 95664 23 0 -11 -14 3407 0 0 0 1000 50 33582
1 15 1 3 95686 22 0 -11 -14 3429 0 0 0 1000 50 33559
1 15 1 3 95709 23 0 -11 -14 3452 0 0 0 1000 50 33537
1 15 1 3 95731 22 0 -11 -14 3474 0 0 0 1000 50 33514
1 15 1 3 95754 23 0 -11 -14 3497 0 0 0 1000 50 33492
1 15 1 3 95776 22 0 -11 -14 3519 0 0 0 1000 50 33469
1 15 1 3 95799 23 0 -11 -14 3542 0 0 0 1000 50 33447
1 14 1 3 95821 22 0 -11 -14 3564 0 0 0 1000 50 33424
1 15 1 3 95844 23 0 -11 -14 3587 0 0 0 1000 50 33402
1 15 1 3 95866 22 0 -11 -14 3609 0 0 0 1000 50 33379
1 15 1 3 95889 23 0 -11 -14 3632 0 0 0 1000 50 33357
1 14 1 3 95911 22 0 -11 -14 3654 0 0 0 1000 50 33334
1 14 1 3 95934 23 0 -11 -14 3677 0 0 0 1000 50 33312
1 14 1 3 95956 22 0 -11 -14 3699 0 0 0 1000 50 33289
1 14 1 3 95979 23 0 -11 -14 3722 0 0 0 1000 50 33267
1 15 1 3 96002 23 0 -11 -14 3745 0 0 0 1000 50 33244
1 15 1 3 96024 22 0 -11 -14 3767 0 0 0 1000 50 33221
1 15 1 3 96047 23 0 -11 -14 3790 0 0 0 1000 50 33199
1 15 1 3 96069 22 0 -11 -14 3811 0 0 0 1000 50 33176
1 14 1 3 96092 23 0 -11 -14 3834 0 0 0 1000 50 33154
1 15 1 3 96114 22 0 -11 -14 3856 0 0 0 1000 50 33131
1 15 1 3 96137 23 0 -11 -14 3879 0 0 0 1000 50 33109
1 15 1 3 96159 22 0 -11 -14 3901 0 0 0 1000 50 33086
1 15 1 3 96182 23 0 -11 -14 3924 0 0 0 1000 50 33064
1 15 1 3 96204 22 0 -11 -14 3946 0 0 0 1000 50 33041
1 15 1 3 96227 23 0 -11 -14 3969 0 0 0 1000 50 33019
1 15 1 3 96249 22 0 -11 -14 3991 0 0 0 1000 50 32996
1 15 1 3 96272 23 0 -11 -14 4014 0 0 0 1000 50 32974
1 15 1 3 96294 22 0 -11 -14 4036 0 0 0 1000 50 32951
1 14 1 3 96317 23 0 -11 -14 4059 0 0 0 1000 50 32929
1 14 1 3 96338 21 0 -11 -14 4081 0 0 0 1000 50 32906
1 14 1 3 96361 23 0 -11 -14 4104 0 0 0 1000 50 32885
1 14 1 3 96384 23 0 -11 -14 4127 0 0 0 1000 50 32862
1 14 1 3 96406 22 0 -11 -14 4149 0 0 0 1000 50 32839
1 14 1 3 96429 23 0 -11 -14 4172 0 0 0 1000 50 32817
1 14 1 3 96451 22 0 -11 -14 4194 0 0 0 1000 50 32794
1 15 1 3 96474 23 0 -11 -14 4217 0 0 0 1000 50 32772
1 14 1 3 96496 22 0 -11 -14 4239 0 0 0 1000 50 32749
1 15 1 3 96519 23 0 -11 -14 4262 0 0 0 1000 50 32727
1 15 1 3 96541 22 0 -11 -14 4284 0 0 0 1000 50 32704
1 14 1 3 96564 23 0 -11 -14 4307 0 0 0 1000 50 32682
1 15 1 3 96586 22 0 -11 -14 4329 0 0 0 1000 50 32659
1 15 1 3 96609 23 0 -11 -14 4352 0 0 0 1000 50 32637
1 14 1 3 96631 22 0 -11 -14 4374 0 0 0 1000 50 32614
1 14 1 3 96654 23 0 -11 -14 4397 0 0 0 1000 50 32592
1 14 1 3 96676 22 0 -11 -14 4419 0 0 0 1000 50 32569
1 14 1 3 96699 23 0 -11 -14 4442 0 0 0 1000 50 32547
1 14 1 3 96721 22 0 -11 -14 4464 0 0 0 1000 50 32524
1 14 1 3 96744 23 0 -11 -14 4487 0 0 0 1000 50 32502
1 14 1 3 96766 22 0 -11 -14 4509 0 0 0 1000 50 32479
1 14 1 3 96789 23 0 -11 -14 4532 0 0 0 1000 50 32457
1 14 1 3 96812 23 0 -11 -14 4555 0 0 0 1000 50 32434
1 14 1 3 96834 22 0 -11 -14 4577 0 0 0 1000 50 32411
1 14 1 3 96857 23 0 -11 -14 4600 0 0 0 1000 50 32389
1 15 1 3 96879 22 0 -11 -14 4622 0 0 0 1000 50 32366
1 15 1 3 96902 23 0 -11 -14 4645 0 0 0 1000 50 32344
1 15 1 3 96924 22 0 -11 -14 4667 0 0 0 1000 50 32321
1 14 1 3 96947 23 0 -11 -14 4690 0 0 0 1000 50 32299
1 14 1 3 96969 22 0 -11 -14 4712 0 0 0 1000 50 32276
1 14 1 3 96992 23 0 -11 -14 4735 0 0 0 1000 50 32254
1 14 1 3 97014 22 0 -11 -14 4757 0 0 0 1000 50 32231
1 14 1 3 97037 23 0 -11 -14 4780 0 0 0 1000 50 32209
1 14 1 3 97059 22 0 -11 -14 4802 0 0 0 1000 50 32186
1 14 1 3 97082 23 0 -11 -14 4825 0 0 0 1000 50 32164
1 14 1 3 97104 22 0 -11 -14 4847 0 0 0 1000 50 32141
1 14 1 3 97127 23 0 -11 -14 4870 0 0 0 1000 50 32119
1 14 1 3 97149 22 0 -11 -14 4892 0 0 0 1000 50 32096
1 14 1 3 97172 23 0 -11 -14 4915 0 0 0 1000 50 32074
1 14 1 3 97195 23 0 -11 -14 4936 0 0 0 1000 50 32051
1 14 1 3 97217 22 0 -11 -14 4959 0 0 0 1000 50 32028
1 15 1 3 97240 23 0 -11 -14 4982 0 0 0 1000 50 32006
1 15 1 3 97262 22 0 -11 -14 5004 0 0 0 1000 50 31983
1 14 1 3 97285 23 0 -11 -14 5027 0 0 0 1000 50 31961
1 14 1 3 97307 22 0 -11 -14 5049 0 0 0 1000 50 31938
1 14 1 3 97330 23 0 -11 -14 5072 0 0 0 1000 50 31916
1 14 1 3 97352 22 0 -11 -14 5094 0 0 0 1000 50 31893
1 14 1 3 97375 23 0 -11 -14 5117 0 0 0 1000 50 31871
1 14 1 3 97397 22 0 -11 -14 5139 0 0 0 1000 50 31848
1 14 1 3 97420 23 0 -11 -14 5162 0 0 0 1000 50 31826
1 14 1 3 97442 22 0 -11 -14 5184 0 0 0 1000 50 31803
1 14 1 3 97464 22 0 -11 -14 5207 0 0 0 1000 50 31781
1 14 1 3 97486 22 0 -11 -14 5229 0 0 0 1000 50 31759
1 14 1 3 97509 23 0 -11 -14 5252 0 0 0 1000 50 31737
1 14 1 3 97531 22 0 -11 -14 5274 0 0 0 1000 50 31714
1 14 1 3 97554 23 0 -11 -14 5297 0 0 0 1000 50 31692
1 14 1 3 97576 22 0 -11 -14 5319 0 0 0 1000 50 31669
1 14 1 3 97599 23 0 -11 -14 5342 0 0 0 1000 50 31647
1 14 1 3 97622 23 0 -11 -14 5365 0 0 0 1000 50 31624
1 14 1 3 97644 22 0 -11 -14 5387 0 0 0 1000 50 31601
1 14 1 3 97667 23 0 -11 -14 5410 0 0 0 1000 50 31579
1 14 1 3 97689 22 0 -11 -14 5432 0 0 0 1000 50 31556
1 14 1 3 97712 23 0 -11 -14 5455 0 0 0 1000 50 31534
1 14 1 3 97734 22 0 -11 -14 5477 0 0 0 1000 50 31511
1 14 1 3 97757 23 0 -11 -14 5500 0 0 0 1000 50 31489
1 14 1 3 97779 22 0 -11 -14 5522 0 0 0 1000 50 31466
1 14 1 3 97802 23 0 -11 -14 5545 0 0 0 1000 50 31444
1 14 1 3 97824 22 0 -11 -14 5567 0 0 0 1000 50 31421
1 14 1 3 97847 23 0 -11 -14 5590 0 0 0 1000 50 31399
1 14 1 3 97869 22 0 -11 -14 5612 0 0 0 1000 50 31376
1 14 1 3 97892 23 0 -11 -14 5635 0 0 0 1000 50 31354
1 14 1 3 97914 22 0 -11 -14 5657 0 0 0 1000 50 31331
1 14 1 3 97937 23 0 -11 -14 5680 0 0 0 1000 50 31309
1 14 1 3 97959 22 0 -11 -14 5702 0 0 0 1000 50 31286
1 14 1 3 97982 23 0 -11 -14 5725 0 0 0 1000 50 31264
1 14 1 3 98004 22 0 -11 -14 5747 0 0 0 1000 50 31241
1 14 1 3 98027 23 0 -11 -14 5770 0 0 0 1000 50 31219
1 14 1 3 98050 23 0 -11 -14 5793 0 0 0 1000 50 31196
1 14 1 3 98072 22 0 -11 -14 5815 0 0 0 1000 50 31173
1 14 1 3 98095 23 0 -11 -14 5838 0 0 0 1000 50 31151
1 14 1 3 98117 22 0 -11 -14 5860 0 0 0 1000 50 31128
1 14 1 3 98140 23 0 -11 -14 5883 0 0 0 1000 50 31106
1 14 1 3 98162 22 0 -11 -14 5905 0 0 0 1000 50 31083
1 14 1 3 98185 23 0 -11 -14 5928 0 0 0 1000 50 31061
1 14 1 3 98207 22 0 -11 -14 5950 0 0 0 1000 50 31038
1 14 1 3 98230 23 0 -11 -14 5973 0 0 0 1000 50 31016
1 14 1 3 98252 22 0 -11 -14 5995 0 0 0 1000 50 30993
1 14 1 3 98275 23 0 -11 -14 6018 0 0 0 1000 50 30971
1 14 1 3 98297 22 0 -11 -14 6040 0 0 0 1000 50 30948
1 14 1 3 98320 23 0 -11 -14 6063 0 0 0 1000 50 30926
1 14 1 3 98342 22 0 -11 -14 6085 0 0 0 1000 50 30903
1 14 1 3 98365 23 0 -11 -14 6107 0 0 0 1000 50 30881
1 14 1 3 98387 22 0 -11 -14 6129 0 0 0 1000 50 30858
1 14 1 3 98410 23 0 -11 -14 6152 0 0 0 1000 50 30836
1 14 1 3 98433 23 0 -11 -14 6175 0 0 0 1000 50 30813
1 14 1 3 98455 22 0 -11 -14 6197 0 0 0 1000 50 30790
1 14 1 3 98478 23 0 -11 -14 6220 0 0 0 1000 50 30768
1 14 1 3 98500 22 0 -11 -14 6242 0 0 0 1000 50 30745
1 14 1 3 98523 23 0 -11 -14 6265 0 0 0 1000 50 30723
1 14 1 3 98545 22 0 -11 -14 6287 0 0 0 1000 50 30700
1 14 1 3 98568 23 0 -11 -14 6310 0 0 0 1000 50 30678
1 14 1 3 98590 22 0 -11 -14 6332 0 0 0 1000 50 30655
1 14 1 3 98613 23 0 -11 -14 6355 0 0 0 1000 50 30633
1 14 1 3 98634 21 0 -11 -14 6377 0 0 0 1000 50 30610
1 14 1 3 98657 23 0 -11 -14 6400 0 0 0 1000 50 30589
1 14 1 3 98679 22 0 -11 -14 6422 0 0 0 1000 50 30566
1 14 1 3 98702 23 0 -11 -14 6445 0 0 0 1000 50 30544
1 14 1 3 98724 22 0 -11 -14 6467 0 0 0 1000 50 30521
1 14 1 3 98747 23 0 -11 -14 6490 0 0 0 1000 50 30499
1 14 1 3 98769 22 0 -11 -14 6512 0 0 0 1000 50 30476
1 14 1 3 98792 23 0 -11 -14 6535 0 0 0 1000 50 30454
1 14 1 3 98814 22 0 -11 -14 6557 0 0 0 1000 50 30431
1 14 1 3 98837 23 0 -11 -14 6580 0 0 0 1000 50 30409
1 14 1 3 98860 23 0 -11 -14 6603 0 0 0 1000 50 30386
1 14 1 3 98882 22 0 -11 -14 6625 0 0 0 1000 50 30363
1 14 1 3 98905 23 0 -11 -14 6648 0 0 0 1000 50 30341
1 14 1 3 98927 22 0 -11 -14 6670 0 0 0 1000 50 30318
1 14 1 3 98950 23 0 -11 -14 6693 0 0 0 1000 50 30296
1 14 1 3 98972 22 0 -11 -14 6715 0 0 0 1000 50 30273
1 14 1 3 98995 23 0 -11 -14 6738 0 0 0 1000 50 30251
1 14 1 3 99017 22 0 -11 -14 6760 0 0 0 1000 50 30228
1 14 1 3 99040 23 0 -11 -14 6783 0 0 0 1000 50 30206
1 14 1 3 99062 22 0 -11 -14 6805 0 0 0 1000 50 30183
1 14 1 3 99085 23 0 -11 -14 6828 0 0 0 1000 50 30161
1 14 1 3 99107 22 0 -11 -14 6850 0 0 0 1000 50 30138
1 14 1 3 99130 23 0 -11 -14 6873 0 0 0 1000 50 30116
1 14 1 3 99152 22 0 -11 -14 6895 0 0 0 1000 50 30093
1 14 1 3 99175 23 0 -11 -14 6918 0 0 0 1000 50 30071
1 14 1 3 99197 22 0 -11 -14 6940 0 0 0 1000 50 30048
1 14 1 3 99220 23 0 -11 -14 6963 0 0 0 1000 50 30026
1 14 1 3 99243 23 0 -11 -14 6986 0 0 0 1000 50 30003
1 14 1 3 99265 22 0 -11 -14 7008 0 0 0 1000 50 29980
1 14 1 3 99288 23 0 -11 -14 7031 0 0 0 1000 50 29958
1 14 1 3 99310 22 0 -11 -14 7053 0 0 0 1000 50 29935
1 15 1 3 99333 23 0 -11 -14 7076 0 0 0 1000 50 29913
1 14 1 3 99355 22 0 -11 -14 7098 0 0 0 1000 50 29890
1 14 1 3 99378 23 0 -11 -14 7121 0 0 0 1000 50 29868
1 14 1 3 99400 22 0 -11 -14 7143 0 0 0 1000 50 29845
1 14 1 3 99423 23 0 -11 -14 7166 0 0 0 1000 50 29823
1 14 1 3 99445 22 0 -11 -14 7188 0 0 0 1000 50 29800
1 14 1 3 99468 23 0 -11 -14 7211 0 0 0 1000 50 29778
1 14 1 3 99490 22 0 -11 -14 7233 0 0 0 1000 50 29755
1 14 1 3 99513 23 0 -11 -14 7256 0 0 0 1000 50 29733
1 14 1 3 99535 22 0 -11 -14 7278 0 0 0 1000 50 29710
1 14 1 3 99558 23 0 -11 -14 7300 0 0 0 1000 50 29688
1 14 1 3 99580 22 0 -11 -14 7322 0 0 0 1000 50 29665
1 14 1 3 99603 23 0 -11 -14 7345 0 0 0 1000 50 29643
1 14 1 3 99625 22 0 -11 -14 7367 0 0 0 1000 50 29620
1 14 1 3 99648 23 0 -11 -14 7390 0 0 0 1000 50 29598
1 14 1 3 99671 23 0 -11 -14 7413 0 0 0 1000 50 29575
1 14 1 3 99693 22 0 -11 -14 7435 0 0 0 1000 50 29552
1 14 1 3 99716 23 0 -11 -14 7458 0 0 0 1000 50 29530
1 14 1 3 99738 22 0 -11 -14 7480 0 0 0 1000 50 29507
1 14 1 3 99761 23 0 -11 -14 7503 0 0 0 1000 50 29485
1 14 1 3 99783 22 0 -11 -14 7525 0 0 0 1000 50 29462
1 14 1 3 99806 23 0 -11 -14 7548 0 0 0 1000 50 29440
1 14 1 3 99828 22 0 -11 -14 7570 0 0 0 1000 50 29417
1 14 1 3 99851 23 0 -11 -14 7593 0 0 0 1000 50 29395
1 14 1 3 99872 21 0 -11 -14 7615 0 0 0 1000 50 29372
1 14 1 3 99895 23 0 -11 -14 7638 0 0 0 1000 50 29351
1 14 1 3 99917 22 0 -11 -14 7660 0 0 0 1000 50 29328
1 14 1 3 99940 23 0 -11 -14 7683 0 0 0 1000 50 29306
1 14 1 3 99962 22 0 -11 -14 7705 0 0 0 1000 50 29283
1 14 1 3 99985 23 0 -11 -14 7728 0 0 0 1000 50 29261
1 14 1 3 100007 22 0 -11 -14 7750 0 0 0 1000 50 29238
1 14 1 3 100030 23 0 -11 -14 7773 0 0 0 1000 50 29216
1 14 1 3 100052 22 0 -11 -14 7795 0 0 0 1000 50 29193
1 14 1 3 100075 23 0 -11 -14 7818 0 0 0 1000 50 29171
1 14 1 3 100099 24 0 -11 -14 7841 0 0 0 1000 50 29148
1 14 1 3 100121 22 0 -11 -14 7863 0 0 0 1000 50 29124
1 14 1 3 100144 23 0 -11 -14 7886 0 0 0 1000 50 29102
1 14 1 3 100166 22 0 -11 -14 7908 0 0 0 1000 50 29079
1 14 1 3 100189 23 0 -11 -14 7931 0 0 0 1000 50 29057
1 14 1 3 100211 22 0 -11 -14 7953 0 0 0 1000 50 29034
1 14 1 3 100234 23 0 -11 -14 7976 0 0 0 1000 50 29012
1 14 1 3 100256 22 0 -11 -14 7998 0 0 0 1000 50 28989
1 14 1 3 100279 23 0 -11 -14 8021 0 0 0 1000 50 28967
1 14 1 3 100301 22 0 -11 -14 8044 0 0 0 1000 50 28944
1 14 1 3 100324 23 0 -11 -14 8067 0 0 0 1000 50 28922
1 14 1 3 100346 22 0 -11 -14 8089 0 0 0 1000 50 28899
1 14 1 3 100369 23 0 -11 -14 8112 0 0 0 1000 50 28877
1 14 1 3 100391 22 0 -11 -14 8134 0 0 0 1000 50 28854
1 14 1 3 100414 23 0 -11 -14 8157 0 0 0 1000 50 28832
1 14 1 3 100436 22 0 -11 -14 8179 0 0 0 1000 50 28809
1 14 1 3 100459 23 0 -11 -14 8202 0 0 0 1000 50 28787
1 14 1 3 100482 23 0 -11 -14 8225 0 0 0 1000 50 28764
1 14 1 3 100504 22 0 -11 -14 8247 0 0 0 1000 50 28741
1 14 1 3 100527 23 0 -11 -14 8270 0 0 0 1000 50 28719
1 14 1 3 100549 22 0 -11 -14 8292 0 0 0 1000 50 28696
1 14 1 3 100572 23 0 -11 -14 8315 0 0 0 1000 50 28674
1 14 1 3 100594 22 0 -11 -14 8337 0 0 0 1000 50 28651
1 14 1 3 100617 23 0 -11 -14 8360 0 0 0 1000 50 28629
1 14 1 3 100639 22 0 -11 -14 8382 0 0 0 1000 50 28606
1 14 1 3 100662 23 0 -11 -14 8405 0 0 0 1000 50 28584
1 14 1 3 100684 22 0 -11 -14 8427 0 0 0 1000 50 28561
1 14 1 3 100707 23 0 -11 -14 8450 0 0 0 1000 50 28539
1 14 1 3 100729 22 0 -11 -14 8472 0 0 0 1000 50 28516
1 14 1 3 100752 23 0 -11 -14 8495 0 0 0 1000 50 28494
1 14 1 3 100774 22 0 -11 -14 8517 0 0 0 1000 50 28471
1 14 1 3 100797 23 0 -11 -14 8540 0 0 0 1000 50 28449
1 14 1 3 100819 22 0 -11 -14 8562 0 0 0 1000 50 28426
1 14 1 3 100842 23 0 -11 -14 8585 0 0 0 1000 50 28404
1 14 1 3 100865 23 0 -11 -14 8608 0 0 0 1000 50 28381
1 14 1 3 100887 22 0 -11 -14 8630 0 0 0 1000 50 28358
1 14 1 3 100910 23 0 -11 -14 8653 0 0 0 1000 50 28336
1 14 1 3 100932 22 0 -11 -14 8675 0 0 0 1000 50 28313
1 14 1 3 100955 23 0 -11 -14 8698 0 0 0 1000 50 28291
1 14 1 3 100977 22 0 -11 -14 8720 0 0 0 1000 50 28268
1 14 1 3 101000 23 0 -11 -14 8743 0 0 0 1000 50 28246
1 14 1 3 101023 23 0 -11 -14 8765 0 0 0 1000 50 28223
1 14 1 3 101046 23 0 -11 -14 8788 0 0 0 1000 50 28200
1 14 1 3 101068 22 0 -11 -14 8810 0 0 0 1000 50 28177
1 14 1 3 101091 23 0 -11 -14 8833 0 0 0 1000 50 28155
1 14 1 3 101113 22 0 -11 -14 8855 0 0 0 1000 50 28132
1 14 1 3 101136 23 0 -11 -14 8878 0 0 0 1000 50 28110
1 14 1 3 101158 22 0 -11 -14 8900 0 0 0 1000 50 28087
1 14 1 3 101181 23 0 -11 -14 8923 0 0 0 1000 50 28065
1 14 1 3 101203 22 0 -11 -14 8946 0 0 0 1000 50 28042
1 14 1 3 101226 23 0 -11 -14 8969 0 0 0 1000 50 28020
1 14 1 3 101249 23 0 -11 -14 8992 0 0 0 1000 50 27997
1 14 1 3 101271 22 0 -11 -14 9014 0 0 0 1000 50 27974
1 14 1 3 101294 23 0 -11 -14 9037 0 0 0 1000 50 27952
1 14 1 3 101316 22 0 -11 -14 9059 0 0 0 1000 50 27929
1 14 1 3 101339 23 0 -11 -14 9082 0 0 0 1000 50 27907
1 14 1 3 101361 22 0 -11 -14 9104 0 0 0 1000 50 27884
1 14 1 3 101384 23 0 -11 -14 9127 0 0 0 1000 50 27862
1 14 1 3 101406 22 0 -11 -14 9149 0 0 0 1000 50 27839
1 14 1 3 101429 23 0 -11 -14 9172 0 0 0 1000 50 27817
1 14 1 3 101451 22 0 -11 -14 9194 0 0 0 1000 50 27794
1 14 1 3 101474 23 0 -11 -14 9217 0 0 0 1000 50 27772
1 14 1 3 101496 22 0 -11 -14 9239 0 0 0 1000 50 27749
1 14 1 3 101519 23 0 -11 -14 9262 0 0 0 1000 50 27727
1 14 1 3 101541 22 0 -11 -14 9284 0 0 0 1000 50 27704
1 14 1 3 101564 23 0 -11 -14 9307 0 0 0 1000 50 27682
1 14 1 3 101586 22 0 -11 -14 9307 0 0 0 1000 50 27659
1 14 1 3 101609 23 0 -11 -14 9307 0 0 0 1000 50 27637
1 14 1 3 101632 23 0 -11 -14 9307 0 0 0 1000 50 27614
1 14 1 3 101654 22 0 -11 -14 9307 0 0 0 1000 50 27591
1 14 1 3 101677 23 0 -11 -14 9307 0 0 0 1000 50 27569
1 14 1 3 101699 22 0 -11 -14 9307 0 0 0 1000 50 27546
1 14 1 3 101722 23 0 -11 -14 9307 0 0 0 1000 50 27524
1 14 1 3 101744 22 0 -11 -14 9307 0 0 0 1000 50 27501
1 14 1 3 101767 23 0 -11 -14 9307 0 0 0 1000 50 27479
1 14 1 3 101789 22 0 -11 -14 9307 0 0 0 1000 50 27456
1 15 1 3 101812 23 0 -11 -14 9307 0 0 0 1000 50 27434
1 14 1 3 101834 22 0 -11 -14 9307 0 0 0 1000 50 27411
1 14 1 3 101857 23 0 -11 -14 9307 0 0 0 1000 50 27389
1 14 1 3 101879 22 0 -11 -14 9307 0 0 0 1000 50 27366
1 14 1 3 101902 23 0 -11 -14 9307 0 0 0 1000 50 27344
1 14 1 3 101924 22 0 -11 -14 9307 0 0 0 1000 50 27321
1 14 1 3 101947 23 0 -11 -14 9307 0 0 0 1000 50 27299
1 14 1 3 101969 22 0 -11 -14 9307 0 0 0 1000 50 27276
1 14 1 3 101992 23 0 -11 -14 9307 0 0 0 1000 50 27254
1 15 1 3 102014 22 0 -11 -14 9307 0 0 0 1000 50 27231
1 14 1 3 102037 23 0 -11 -14 9307 0 0 0 1000 50 27209
1 14 1 3 102060 23 0 -11 -14 9307 0 0 0 1000 50 27186
1 14 1 3 102082 22 0 -11 -14 9307 0 0 0 1000 50 27163
1 14 1 3 102105 23 0 -11 -14 9307 0 0 0 1000 50 27141
1 14 1 3 102127 22 0 -11 -14 9307 0 0 0 1000 50 27118
1 14 1 3 102150 23 0 -11 -14 9307 0 0 0 1000 50 27096
1 14 1 3 102172 22 0 -11 -14 9307 0 0 0 1000 50 27073
1 14 1 3 102195 23 0 -11 -14 9307 0 0 0 1000 50 27051
1 14 1 3 102217 22 0 -11 -14 9307 0 0 0 1000 50 27028
1 15 1 3 102240 23 0 -11 -14 9307 0 0 0 1000 50 27006
1 15 1 3 102262 22 0 -11 -14 9307 0 0 0 1000 50 26983
1 15 1 3 102285 23 0 -11 -14 9307 0 0 0 1000 50 26961
1 14 1 3 102307 22 0 -11 -14 9307 0 0 0 1000 50 26938
1 15 1 3 102330 23 0 -11 -14 9307 0 0 0 1000 50 26916
1 15 1 3 102352 22 0 -11 -14 9307 0 0 0 1000 50 26893
1 14 1 3 102375 23 0 -11 -14 9307 0 0 0 1000 50 26871
1 14 1 3 102397 22 0 -11 -14 9307 0 0 0 1000 50 26848
1 14 1 3 102420 23 0 -11 -14 9307 0 0 0 1000 50 26826
1 15 1 3 102443 23 0 -11 -14 9307 0 0 0 1000 50 26803
1 14 1 3 102465 22 0 -11 -14 9307 0 0 0 1000 50 26780
1 15 1 3 102488 23 0 -11 -14 9307 0 0 0 1000 50 26758
1 14 1 3 102510 22 0 -11 -14 9307 0 0 0 1000 50 26735
1 15 1 3 102533 23 0 -11 -14 9307 0 0 0 1000 50 26713
1 14 1 3 102555 22 0 -11 -14 9307 0 0 0 1000 50 26690
1 15 1 3 102578 23 0 -11 -14 9307 0 0 0 1000 50 26668
1 15 1 3 102600 22 0 -11 -14 9307 0 0 0 1000 50 26645
1 15 1 3 102623 23 0 -11 -14 9307 0 0 0 1000 50 26623
1 14 1 3 102645 22 0 -11 -14 9307 0 0 0 1000 50 26600
1 15 1 3 102668 23 0 -11 -14 9307 0 0 0 1000 50 26578
1 14 1 3 102690 22 0 -11 -14 9307 0 0 0 1000 50 26555
1 14 1 3 102713 23 0 -11 -14 9307 0 0 0 1000 50 26533
1 15 1 3 102735 22 0 -11 -14 9307 0 0 0 1000 50 26510
1 14 1 3 102758 23 0 -11 -14 9307 0 0 0 1000 50 26488
1 14 1 3 102780 22 0 -11 -14 9307 0 0 0 1000 50 26465
1 14 1 3 102803 23 0 -11 -14 9307 0 0 0 1000 50 26443
1 14 1 3 102825 22 0 -11 -14 9307 0 0 0 1000 50 26420
1 14 1 3 102848 23 0 -11 -14 9307 0 0 0 1000 50 26398
1 15 1 3 102871 23 0 -11 -14 9307 0 0 0 1000 50 26375
1 14 1 3 102893 22 0 -11 -14 9307 0 0 0 1000 50 26352
1 15 1 3 102916 23 0 -11 -14 9307 0 0 0 1000 50 26330
1 14 1 3 102938 22 0 -11 -14 9307 0 0 0 1000 50 26307
1 14 1 3 102961 23 0 -11 -14 9307 0 0 0 1000 50 26285
1 15 1 3 102983 22 0 -11 -14 9307 0 0 0 1000 50 26262
1 15 1 3 103006 23 0 -11 -14 9307 0 0 0 1000 50 26240
1 14 1 3 103028 22 0 -11 -14 9307 0 0 0 1000 50 26217
1 14 1 3 103051 23 0 -11 -14 9307 0 0 0 1000 50 26195
1 14 1 3 103073 22 0 -11 -14 9307 0 0 0 1000 50 26172
1 15 1 3 103096 23 0 -11 -14 9307 0 0 0 1000 50 26150
1 15 1 3 103118 22 0 -11 -14 9307 0 0 0 1000 50 26127
1 14 1 3 103141 23 0 -11 -14 9307 0 0 0 1000 50 26105
1 14 1 3 103163 22 0 -11 -14 9307 0 0 0 1000 50 26082
1 14 1 3 103186 23 0 -11 -14 9307 0 0 0 1000 50 26060
1 14 1 3 103208 22 0 -11 -14 9307 0 0 0 1000 50 26037
1 14 1 3 103231 23 0 -11 -14 9307 0 0 0 1000 50 26015
1 14 1 3 103254 23 0 -11 -14 9307 0 0 0 1000 50 25992
1 14 1 3 103276 22 0 -11 -14 9307 0 0 0 1000 50 25969
1 14 1 3 103299 23 0 -11 -14 9307 0 0 0 1000 50 25947
1 15 1 3 103321 22 0 -11 -14 9307 0 0 0 1000 50 25924
1 14 1 3 103344 23 0 -11 -14 9307 0 0 0 1000 50 25902
1 14 1 3 103366 22 0 -11 -14 9307 0 0 0 1000 50 25879
1 14 1 3 103389 23 0 -11 -14 9307 0 0 0 1000 50 25857
1 14 1 3 103411 22 0 -11 -14 9307 0 0 0 1000 50 25834
1 14 1 3 103434 23 0 -11 -14 9307 0 0 0 1000 50 25812
1 15 1 3 103456 22 0 -11 -14 9307 0 0 0 1000 50 25789
1 14 1 3 103479 23 0 -11 -14 9307 0 0 0 1000 50 25767
1 14 1 3 103501 22 0 -11 -14 9307 0 0 0 1000 50 25744
1 15 1 3 103524 23 0 -11 -14 9307 0 0 0 1000 50 25722
1 14 1 3 103546 22 0 -11 -14 9307 0 0 0 1000 50 25699
1 15 1 3 103569 23 0 -11 -14 9307 0 0 0 1000 50 25677
1 14 1 3 103591 22 0 -11 -14 9307 0 0 0 1000 50 25654
1 14 1 3 103614 23 0 -11 -14 9307 0 0 0 1000 50 25632
1 15 1 3 103636 22 0 -11 -14 9307 0 0 0 1000 50 25609
1 14 1 3 103659 23 0 -11 -14 9307 0 0 0 1000 50 25587
1 15 1 3 103682 23 0 -11 -14 9307 0 0 0 1000 50 25564
1 14 1 3 103704 22 0 -11 -14 9307 0 0 0 1000 50 25541
1 14 1 3 103727 23 0 -11 -14 9307 0 0 0 1000 50 25519
1 15 1 3 103749 22 0 -11 -14 9307 0 0 0 1000 50 25496
1 14 1 3 103772 23 0 -11 -14 9307 0 0 0 1000 50 25474
1 14 1 3 103794 22 0 -11 -14 9307 0 0 0 1000 50 25451
1 14 1 3 103817 23 0 -11 -14 9307 0 0 0 1000 50 25429
1 14 1 3 103839 22 0 -11 -14 9307 0 0 0 1000 50 25406
1 14 1 3 103862 23 0 -11 -14 9307 0 0 0 1000 50 25384
1 14 1 3 103884 22 0 -11 -14 9307 0 0 0 1000 50 25361
1 14 1 3 103907 23 0 -11 -14 9307 0 0 0 1000 50 25339
1 14 1 3 103929 22 0 -11 -14 9307 0 0 0 1000 50 25316
1 14 1 3 103952 23 0 -11 -14 9307 0 0 0 1000 50 25294
1 14 1 3 103974 22 0 -11 -14 9307 0 0 0 1000 50 25271
1 15 1 3 103997 23 0 -11 -14 9307 0 0 0 1000 50 25249
1 14 1 3 104019 22 0 -11 -14 9307 0 0 0 1000 50 25226
1 14 1 3 104042 23 0 -11 -14 9307 0 0 0 1000 50 25204
1 14 1 3 104065 23 0 -11 -14 9307 0 0 0 1000 50 25181
1 14 1 3 104087 22 0 -11 -14 9307 0 0 0 1000 50 25158
1 14 1 3 104110 23 0 -11 -14 9307 0 0 0 1000 50 25136
1 15 1 3 104132 22 0 -11 -14 9307 0 0 0 1000 50 25113
1 14 1 3 104155 23 0 -11 -14 9307 0 0 0 1000 50 25091
1 14 1 3 104177 22 0 -11 -14 9307 0 0 0 1000 50 25068
1 14 1 3 104200 23 0 -11 -14 9307 0 0 0 1000 50 25046
1 14 1 3 104222 22 0 -11 -14 9307 0 0 0 1000 50 25023
1 14 1 3 104245 23 0 -11 -14 9307 0 0 0 1000 50 25001
1 14 1 3 104267 22 0 -11 -14 9307 0 0 0 1000 50 24978
1 14 1 3 104290 23 0 -11 -14 9307 0 0 0 1000 50 24956
1 14 1 3 104312 22 0 -11 -14 9307 0 0 0 1000 50 24933
1 15 1 3 104335 23 0 -11 -14 9307 0 0 0 1000 50 24911
1 14 1 3 104357 22 0 -11 -14 9307 0 0 0 1000 50 24888
1 14 1 3 104380 23 0 -11 -14 9307 0 0 0 1000 50 24866
1 14 1 3 104402 22 0 -11 -14 9307 0 0 0 1000 50 24843
1 14 1 3 104425 23 0 -11 -14 9307 0 0 0 1000 50 24821
1 14 1 3 104448 23 0 -11 -14 9307 0 0 0 1000 50 24798
1 14 1 3 104470 22 0 -11 -14 9307 0 0 0 1000 50 24775
1 14 1 3 104493 23 0 -11 -14 9307 0 0 0 1000 50 24753
1 14 1 3 104515 22 0 -11 -14 9307 0 0 0 1000 50 24730
1 14 1 3 104538 23 0 -11 -14 9307 0 0 0 1000 50 24708
1 14 1 3 104560 22 0 -11 -14 9307 0 0 0 1000 50 24685
1 14 1 3 104583 23 0 -11 -14 9307 0 0 0 1000 50 24663
1 14 1 3 104605 22 0 -11 -14 9307 0 0 0 1000 50 24640
1 14 1 3 104628 23 0 -11 -14 9307 0 0 0 1000 50 24618
1 14 1 3 104650 22 0 -11 -14 9307 0 0 0 1000 50 24595
1 14 1 3 104673 23 0 -11 -14 9307 0 0 0 1000 50 24573
1 15 1 3 104695 22 0 -11 -14 9307 0 0 0 1000 50 24550
1 14 1 3 104718 23 0 -11 -14 9307 0 0 0 1000 50 24528
1 14 1 3 104740 22 0 -11 -14 9307 0 0 0 1000 50 24505
1 14 1 3 104763 23 0 -11 -14 9307 0 0 0 1000 50 24483
1 14 1 3 104785 22 0 -11 -14 9307 0 0 0 1000 50 24460
1 14 1 3 104808 23 0 -11 -14 9307 0 0 0 1000 50 24438
1 14 1 3 104830 22 0 -11 -14 9307 0 0 0 1000 50 24415
1 14 1 3 104853 23 0 -11 -14 9307 0 0 0 1000 50 24393
1 14 1 3 104876 23 0 -11 -14 9307 0 0 0 1000 50 24370
1 14 1 3 104898 22 0 -11 -14 9307 0 0 0 1000 50 24347
1 14 1 3 104921 23 0 -11 -14 9307 0 0 0 1000 50 24325
1 14 1 3 104943 22 0 -11 -14 9307 0 0 0 1000 50 24302
1 14 1 3 104966 23 0 -11 -14 9307 0 0 0 1000 50 24280
1 14 1 3 104988 22 0 -11 -14 9307 0 0 0 1000 50 24257
1 14 1 3 105011 23 0 -11 -14 9307 0 0 0 1000 50 24235
1 14 1 3 105033 22 0 -11 -14 9307 0 0 0 1000 50 24212
1 14 1 3 105056 23 0 -11 -14 9307 0 0 0 1000 50 24190
1 14 1 3 105078 22 0 -11 -14 9307 0 0 0 1000 50 24167
1 14 1 3 105101 23 0 -11 -14 9307 0 0 0 1000 50 24145
1 14 1 3 105123 22 0 -11 -14 9307 0 0 0 1000 50 24122
1 14 1 3 105146 23 0 -11 -14 9307 0 0 0 1000 50 24100
1 14 1 3 105168 22 0 -11 -14 9307 0 0 0 1000 50 24077
1 14 1 3 105191 23 0 -11 -14 9307 0 0 0 1000 50 24055
1 14 1 3 105213 22 0 -11 -14 9307 0 0 0 1000 50 24032
1 14 1 3 105236 23 0 -11 -14 9307 0 0 0 1000 50 24010
1 14 1 3 105259 23 0 -11 -14 9307 0 0 0 1000 50 23987
1 14 1 3 105281 22 0 -11 -14 9307 0 0 0 1000 50 23964
1 14 1 3 105304 23 0 -11 -14 9307 0 0 0 1000 50 23942
1 14 1 3 105326 22 0 -11 -14 9307 0 0 0 1000 50 23919
1 14 1 3 105349 23 0 -11 -14 9307 0 0 0 1000 50 23897
1 14 1 3 105371 22 0 -11 -14 9307 0 0 0 1000 50 23874
1 14 1 3 105394 23 0 -11 -14 9307 0 0 0 1000 50 23852
1 14 1 3 105416 22 0 -11 -14 9307 0 0 0 1000 50 23829
1 14 1 3 105439 23 0 -11 -14 9307 0 0 0 1000 50 23807
1 14 1 3 105461 22 0 -11 -14 9307 0 0 0 1000 50 23784
1 14 1 3 105484 23 0 -11 -14 9307 0 0 0 1000 50 23762
1 14 1 3 105506 22 0 -11 -14 9307 0 0 0 1000 50 23739
1 14 1 3 105529 23 0 -11 -14 9307 0 0 0 1000 50 23717
1 14 1 3 105551 22 0 -11 -14 9307 0 0 0 1000 50 23694
1 14 1 3 105574 23 0 -11 -14 9307 0 0 0 1000 50 23672
1 14 1 3 105596 22 0 -11 -14 9307 0 0 0 1000 50 23649
1 14 1 3 105619 23 0 -11 -14 9307 0 0 0 1000 50 23627
1 14 1 3 105641 22 0 -11 -14 9307 0 0 0 1000 50 23604
1 14 1 3 105664 23 0 -11 -14 9307 0 0 0 1000 50 23582
1 14 1 3 105687 23 0 -11 -14 9307 0 0 0 1000 50 23559
1 14 1 3 105709 22 0 -11 -14 9307 0 0 0 1000 50 23536
1 14 1 3 105732 23 0 -11 -14 9307 0 0 0 1000 50 23514
1 14 1 3 105754 22 0 -11 -14 9307 0 0 0 1000 50 23491
1 14 1 3 105777 23 0 -11 -14 9307 0 0 0 1000 50 23469
1 14 1 3 105799 22 0 -11 -14 9307 0 0 0 1000 50 23446
1 14 1 3 105822 23 0 -11 -14 9307 0 0 0 1000 50 23424
1 14 1 3 105844 22 0 -11 -14 9307 0 0 0 1000 50 23401
1 14 1 3 105867 23 0 -11 -14 9307 0 0 0 1000 50 23379
1 14 1 3 105889 22 0 -11 -14 9307 0 0 0 1000 50 23356
1 14 1 3 105912 23 0 -11 -14 9307 0 0 0 1000 50 23334
1 14 1 3 105934 22 0 -11 -14 9307 0 0 0 1000 50 23311
1 14 1 3 105957 23 0 -11 -14 9307 0 0 0 1000 50 23289
1 14 1 3 105979 22 0 -11 -14 9307 0 0 0 1000 50 23266
1 14 1 3 106002 23 0 -11 -14 9307 0 0 0 1000 50 23244
1 14 1 3 106024 22 0 -11 -14 9307 0 0 0 1000 50 23221
1 14 1 3 106047 23 0 -11 -14 9307 0 0 0 1000 50 23199
1 14 1 3 106070 23 0 -11 -14 9307 0 0 0 1000 50 23176
1 14 1 3 106092 22 0 -11 -14 9307 0 0 0 1000 50 23153
1 14 1 3 106115 23 0 -11 -14 9307 0 0 0 1000 50 23131
1 14 1 3 106137 22 0 -11 -14 9307 0 0 0 1000 50 23108
1 14 1 3 106160 23 0 -11 -14 9307 0 0 0 1000 50 23086
1 14 1 3 106182 22 0 -11 -14 9307 0 0 0 1000 50 23063
1 14 1 3 106205 23 0 -11 -14 9307 0 0 0 1000 50 23041
1 14 1 3 106227 22 0 -11 -14 9307 0 0 0 1000 50 23018
1 14 1 3 106250 23 0 -11 -14 9307 0 0 0 1000 50 22996
1 14 1 3 106272 22 0 -11 -14 9307 0 0 0 1000 50 22973
1 14 1 3 106295 23 0 -11 -14 9307 0 0 0 1000 50 22951
1 14 1 3 106317 22 0 -11 -14 9307 0 0 0 1000 50 22928
1 14 1 3 106340 23 0 -11 -14 9307 0 0 0 1000 50 22906
1 14 1 3 106362 22 0 -11 -14 9307 0 0 0 1000 50 22883
1 14 1 3 106385 23 0 -11 -14 9307 0 0 0 1000 50 22861
1 14 1 3 106407 22 0 -11 -14 9307 0 0 0 1000 50 22838
1 14 1 3 106430 23 0 -11 -14 9307 0 0 0 1000 50 22816
1 14 1 3 106452 22 0 -11 -14 9307 0 0 0 1000 50 22793
1 14 1 3 106475 23 0 -11 -14 9307 0 0 0 1000 50 22771
1 14 1 3 106498 23 0 -11 -14 9307 0 0 0 1000 50 22748
1 14 1 3 106520 22 0 -11 -14 9307 0 0 0 1000 50 22725
1 14 1 3 106543 23 0 -11 -14 9307 0 0 0 1000 50 22703
1 14 1 3 106565 22 0 -11 -14 9307 0 0 0 1000 50 22680
1 14 1 3 106588 23 0 -11 -14 9307 0 0 0 1000 50 22658
1 14 1 3 106610 22 0 -11 -14 9307 0 0 0 1000 50 22635
1 14 1 3 106633 23 0 -11 -14 9307 0 0 0 1000 50 22613
1 14 1 3 106655 22 0 -11 -14 9307 0 0 0 1000 50 22590
1 14 1 3 106678 23 0 -11 -14 9307 0 0 0 1000 50 22568
1 14 1 3 106700 22 0 -11 -14 9307 0 0 0 1000 50 22545
1 14 1 3 106723 23 0 -11 -14 9307 0 0 0 1000 50 22523
1 14 1 3 106745 22 0 -11 -14 9307 0 0 0 1000 50 22500
1 14 1 3 106768 23 0 -11 -14 9307 0 0 0 1000 50 22478
1 14 1 3 106790 22 0 -11 -14 9307 0 0 0 1000 50 22455
1 14 1 3 106813 23 0 -11 -14 9307 0 0 0 1000 50 22433
1 14 1 3 106835 22 0 -11 -14 9307 0 0 0 1000 50 22410
1 14 1 3 106858 23 0 -11 -14 9307 0 0 0 1000 50 22388
1 14 1 3 106881 23 0 -11 -14 9307 0 0 0 1000 50 22365
1 14 1 3 106903 22 0 -11 -14 9307 0 0 0 1000 50 22342
1 14 1 3 106926 23 0 -11 -14 9307 0 0 0 1000 50 22320
1 14 1 3 106948 22 0 -11 -14 9307 0 0 0 1000 50 22297
1 14 1 3 106971 23 0 -11 -14 9307 0 0 0 1000 50 22275
1 14 1 3 106993 22 0 -11 -14 9307 0 0 0 1000 50 22252
1 14 1 3 107016 23 0 -11 -14 9307 0 0 0 1000 50 22230
1 14 1 3 107038 22 0 -11 -14 9307 0 0 0 1000 50 22207
1 14 1 3 107061 23 0 -11 -14 9307 0 0 0 1000 50 22185
1 14 1 3 107083 22 0 -11 -14 9307 0 0 0 1000 50 22162
1 14 1 3 107106 23 0 -11 -14 9307 0 0 0 1000 50 22140
1 14 1 3 107128 22 0 -11 -14 9307 0 0 0 1000 50 22117
1 14 1 3 107151 23 0 -11 -14 9307 0 0 0 1000 50 22095
1 14 1 3 107173 22 0 -11 -14 9307 0 0 0 1000 50 22072
1 14 1 3 107196 23 0 -11 -14 9307 0 0 0 1000 50 22050
1 14 1 3 107218 22 0 -11 -14 9307 0 0 0 1000 50 22027
1 14 1 3 107241 23 0 -11 -14 9307 0 0 0 1000 50 22005
1 14 1 3 107264 23 0 -11 -14 9307 0 0 0 1000 50 21982
1 14 1 3 107286 22 0 -11 -14 9307 0 0 0 1000 50 21959
1 14 1 3 107309 23 0 -11 -14 9307 0 0 0 1000 50 21937
1 14 1 3 107331 22 0 -11 -14 9307 0 0 0 1000 50 21914
1 14 1 3 107354 23 0 -11 -14 9307 0 0 0 1000 50 21892
1 14 1 3 107376 22 0 -11 -14 9307 0 0 0 1000 50 21869
1 14 1 3 107399 23 0 -11 -14 9307 0 0 0 1000 50 21847
1 14 1 3 107421 22 0 -11 -14 9307 0 0 0 1000 50 21824
1 14 1 3 107444 23 0 -11 -14 9307 0 0 0 1000 50 21802
1 14 1 3 107466 22 0 -11 -14 9307 0 0 0 1000 50 21779
1 14 1 3 107489 23 0 -11 -14 9307 0 0 0 1000 50 21757
1 14 1 3 107511 22 0 -11 -14 9307 0 0 0 1000 50 21734
1 14 1 3 107534 23 0 -11 -14 9307 0 0 0 1000 50 21712
1 14 1 3 107556 22 0 -11 -14 9307 0 0 0 1000 50 21689
1 14 1 3 107579 23 0 -11 -14 9307 0 0 0 1000 50 21667
1 14 1 3 107601 22 0 -11 -14 9307 0 0 0 1000 50 21644
1 14 1 3 107624 23 0 -11 -14 9307 0 0 0 1000 50 21622
1 14 1 3 107646 22 0 -11 -14 9307 0 0 0 1000 50 21599
1 14 1 3 107669 23 0 -11 -14 9307 0 0 0 1000 50 21577
1 14 1 3 107692 23 0 -11 -14 9307 0 0 0 1000 50 21554
1 14 1 3 107714 22 0 -11 -14 9307 0 0 0 1000 50 21531
1 14 1 3 107737 23 0 -11 -14 9307 0 0 0 1000 50 21509
1 14 1 3 107759 22 0 -11 -14 9307 0 0 0 1000 50 21486
1 14 1 3 107782 23 0 -11 -14 9307 0 0 0 1000 50 21464
1 14 1 3 107804 22 0 -11 -14 9307 0 0 0 1000 50 21441
1 14 1 3 107827 23 0 -11 -14 9307 0 0 0 1000 50 21419
1 14 1 3 107849 22 0 -11 -14 9307 0 0 0 1000 50 21396
1 14 1 3 107872 23 0 -11 -14 9307 0 0 0 1000 50 21374
1 14 1 3 107894 22 0 -11 -14 9307 0 0 0 1000 50 21351
1 14 1 3 107917 23 0 -11 -14 9307 0 0 0 1000 50 21329
1 14 1 3 107939 22 0 -11 -14 9307 0 0 0 1000 50 21306
1 14 1 3 107962 23 0 -11 -14 9307 0 0 0 1000 50 21284
1 14 1 3 107984 22 0 -11 -14 9307 0 0 0 1000 50 21261
1 14 1 3 108007 23 0 -11 -14 9307 0 0 0 1000 50 21239
1 14 1 3 108029 22 0 -11 -14 9307 0 0 0 1000 50 21216
1 14 1 3 108052 23 0 -11 -14 9307 0 0 0 1000 50 21194
1 14 1 3 108075 23 0 -11 -14 9307 0 0 0 1000 50 21171
1 14 1 3 108097 22 0 -11 -14 9307 0 0 0 1000 50 21148
1 14 1 3 108120 23 0 -11 -14 9307 0 0 0 1000 50 21126
1 14 1 3 108142 22 0 -11 -14 9307 0 0 0 1000 50 21103
1 14 1 3 108165 23 0 -11 -14 9307 0 0 0 1000 50 21081
1 14 1 3 108187 22 0 -11 -14 9307 0 0 0 1000 50 21058
1 14 1 3 108210 23 0 -11 -14 9307 0 0 0 1000 50 21036
1 14 1 3 108232 22 0 -11 -14 9307 0 0 0 1000 50 21013
1 14 1 3 108255 23 0 -11 -14 9307 0 0 0 1000 50 20991
1 14 1 3 108277 22 0 -11 -14 9307 0 0 0 1000 50 20968
1 14 1 3 108300 23 0 -11 -14 9307 0 0 0 1000 50 20946
1 14 1 3 108322 22 0 -11 -14 9307 0 0 0 1000 50 20923
1 14 1 3 108345 23 0 -11 -14 9307 0 0 0 1000 50 20901
1 14 1 3 108367 22 0 -11 -14 9307 0 0 0 1000 50 20878
1 14 1 3 108390 23 0 -11 -14 9307 0 0 0 1000 50 20856
1 14 1 3 108412 22 0 -11 -14 9307 0 0 0 1000 50 20833
1 14 1 3 108435 23 0 -11 -14 9307 0 0 0 1000 50 20811
1 14 1 3 108457 22 0 -11 -14 9307 0 0 0 1000 50 20788
1 14 1 3 108480 23 0 -11 -14 9307 0 0 0 1000 50 20766
1 14 1 3 108503 23 0 -11 -14 9307 0 0 0 1000 50 20743
1 14 1 3 108525 22 0 -11 -14 9307 0 0 0 1000 50 20720
1 14 1 3 108548 23 0 -11 -14 9307 0 0 0 1000 50 20698
1 14 1 3 108570 22 0 -11 -14 9307 0 0 0 1000 50 20675
1 14 1 3 108593 23 0 -11 -14 9284 0 0 0 1000 50 20653
1 14 1 3 108615 22 0 -11 -14 9262 0 0 0 1000 50 20630
1 14 1 3 108638 23 0 -11 -14 9239 0 0 0 1000 50 20608
1 14 1 3 108660 22 0 -11 -14 9217 0 0 0 1000 50 20585
1 14 1 3 108684 24 0 -11 -14 9194 0 0 0 1000 50 20563
1 14 1 3 108706 22 0 -11 -14 9172 0 0 0 1000 50 20539
1 14 1 3 108729 23 0 -11 -14 9149 0 0 0 1000 50 20517
1 14 1 3 108751 22 0 -11 -14 9127 0 0 0 1000 50 20494
1 14 1 3 108774 23 0 -11 -14 9104 0 0 0 1000 50 20472
1 14 1 3 108796 22 0 -11 -14 9082 0 0 0 1000 50 20449
1 14 1 3 108819 23 0 -11 -14 9058 0 0 0 1000 50 20427
1 14 1 3 108841 22 0 -11 -14 9036 0 0 0 1000 50 20404
1 14 1 3 108864 23 0 -11 -14 9013 0 0 0 1000 50 20382
1 14 1 3 108887 23 0 -11 -14 8990 0 0 0 1000 50 20359
1 14 1 3 108909 22 0 -11 -14 8968 0 0 0 1000 50 20336
1 14 1 3 108932 23 0 -11 -14 8945 0 0 0 1000 50 20314
1 14 1 3 108954 22 0 -11 -14 8923 0 0 0 1000 50 20291
1 14 1 3 108977 23 0 -11 -14 8900 0 0 0 1000 50 20269
1 14 1 3 108999 22 0 -11 -14 8878 0 0 0 1000 50 20246
1 14 1 3 109022 23 0 -11 -14 8855 0 0 0 1000 50 20224
1 14 1 3 109044 22 0 -11 -14 8833 0 0 0 1000 50 20201
1 14 1 3 109067 23 0 -11 -14 8810 0 0 0 1000 50 20179
1 14 1 3 109089 22 0 -11 -14 8788 0 0 0 1000 50 20156
1 14 1 3 109112 23 0 -11 -14 8765 0 0 0 1000 50 20134
1 14 1 3 109134 22 0 -11 -14 8743 0 0 0 1000 50 20111
1 14 1 3 109157 23 0 -11 -14 8720 0 0 0 1000 50 20089
1 14 1 3 109179 22 0 -11 -14 8698 0 0 0 1000 50 20066
1 14 1 3 109202 23 0 -11 -14 8675 0 0 0 1000 50 20044
1 14 1 3 109224 22 0 -11 -14 8653 0 0 0 1000 50 20021
1 14 1 3 109248 24 0 -11 -14 8630 0 0 0 1000 50 19999
1 14 1 3 109271 23 0 -11 -14 8607 0 0 0 1000 50 19975
1 14 1 3 109293 22 0 -11 -14 8585 0 0 0 1000 50 19952
1 14 1 3 109316 23 0 -11 -14 8562 0 0 0 1000 50 19930
1 14 1 3 109338 22 0 -11 -14 8540 0 0 0 1000 50 19907
1 14 1 3 109361 23 0 -11 -14 8517 0 0 0 1000 50 19885
1 14 1 3 109383 22 0 -11 -14 8494 0 0 0 1000 50 19862
1 14 1 3 109406 23 0 -11 -14 8471 0 0 0 1000 50 19840
1 14 1 3 109428 22 0 -11 -14 8449 0 0 0 1000 50 19817
1 14 1 3 109451 23 0 -11 -14 8426 0 0 0 1000 50 19795
1 14 1 3 109473 22 0 -11 -14 8404 0 0 0 1000 50 19772
1 14 1 3 109496 23 0 -11 -14 8381 0 0 0 1000 50 19750
1 14 1 3 109518 22 0 -11 -14 8359 0 0 0 1000 50 19727
1 14 1 3 109541 23 0 -11 -14 8336 0 0 0 1000 50 19705
1 14 1 3 109563 22 0 -11 -14 8314 0 0 0 1000 50 19682
1 14 1 3 109586 23 0 -11 -14 8291 0 0 0 1000 50 19660
1 14 1 3 109608 22 0 -11 -14 8269 0 0 0 1000 50 19637
1 14 1 3 109631 23 0 -11 -14 8246 0 0 0 1000 50 19615
1 14 1 3 109654 23 0 -11 -14 8223 0 0 0 1000 50 19592
1 14 1 3 109676 22 0 -11 -14 8201 0 0 0 1000 50 19569
1 14 1 3 109699 23 0 -11 -14 8178 0 0 0 1000 50 19547
1 14 1 3 109721 22 0 -11 -14 8156 0 0 0 1000 50 19524
1 14 1 3 109744 23 0 -11 -14 8133 0 0 0 1000 50 19502
1 14 1 3 109766 22 0 -11 -14 8111 0 0 0 1000 50 19479
1 14 1 3 109789 23 0 -11 -14 8088 0 0 0 1000 50 19457
1 14 1 3 109812 23 0 -11 -14 8066 0 0 0 1000 50 19434
1 14 1 3 109835 23 0 -11 -14 8043 0 0 0 1000 50 19411
1 14 1 3 109857 22 0 -11 -14 8021 0 0 0 1000 50 19388
1 14 1 3 109880 23 0 -11 -14 7998 0 0 0 1000 50 19366
1 14 1 3 109902 22 0 -11 -14 7976 0 0 0 1000 50 19343
1 14 1 3 109925 23 0 -11 -14 7953 0 0 0 1000 50 19321
1 14 1 3 109947 22 0 -11 -14 7930 0 0 0 1000 50 19298
1 14 1 3 109970 23 0 -11 -14 7907 0 0 0 1000 50 19276
1 14 1 3 109992 22 0 -11 -14 7885 0 0 0 1000 50 19253
1 14 1 3 110015 23 0 -11 -14 7862 0 0 0 1000 50 19231
1 14 1 3 110038 23 0 -11 -14 7839 0 0 0 1000 50 19208
1 14 1 3 110060 22 0 -11 -14 7817 0 0 0 1000 50 19185
1 14 1 3 110083 23 0 -11 -14 7794 0 0 0 1000 50 19163
1 14 1 3 110105 22 0 -11 -14 7772 0 0 0 1000 50 19140
1 14 1 3 110128 23 0 -11 -14 7749 0 0 0 1000 50 19118
1 14 1 3 110150 22 0 -11 -14 7727 0 0 0 1000 50 19095
1 14 1 3 110173 23 0 -11 -14 7704 0 0 0 1000 50 19073
1 14 1 3 110195 22 0 -11 -14 7682 0 0 0 1000 50 19050
1 14 1 3 110218 23 0 -11 -14 7659 0 0 0 1000 50 19028
1 14 1 3 110240 22 0 -11 -14 7637 0 0 0 1000 50 19005
1 14 1 3 110263 23 0 -11 -14 7614 0 0 0 1000 50 18983
1 14 1 3 110285 22 0 -11 -14 7592 0 0 0 1000 50 18960
1 14 1 3 110308 23 0 -11 -14 7569 0 0 0 1000 50 18938
1 14 1 3 110330 22 0 -11 -14 7547 0 0 0 1000 50 18915
1 14 1 3 110353 23 0 -11 -14 7524 0 0 0 1000 50 18893
1 14 1 3 110376 23 0 -11 -14 7502 0 0 0 1000 50 18870
1 14 1 3 110399 23 0 -11 -14 7479 0 0 0 1000 50 18847
1 14 1 3 110422 23 0 -11 -14 7457 0 0 0 1000 50 18824
1 14 1 3 110444 22 0 -11 -14 7434 0 0 0 1000 50 18801
1 14 1 3 110467 23 0 -11 -14 7411 0 0 0 1000 50 18779
1 14 1 3 110489 22 0 -11 -14 7389 0 0 0 1000 50 18756
1 14 1 3 110512 23 0 -11 -14 7365 0 0 0 1000 50 18734
1 14 1 3 110534 22 0 -11 -14 7343 0 0 0 1000 50 18711
1 14 1 3 110557 23 0 -11 -14 7320 0 0 0 1000 50 18689
1 14 1 3 110579 22 0 -11 -14 7298 0 0 0 1000 50 18666
1 14 1 3 110602 23 0 -11 -14 7275 0 0 0 1000 50 18644
1 14 1 3 110624 22 0 -11 -14 7253 0 0 0 1000 50 18621
1 14 1 3 110647 23 0 -11 -14 7230 0 0 0 1000 50 18599
1 14 1 3 110669 22 0 -11 -14 7208 0 0 0 1000 50 18576
1 14 1 3 110692 23 0 -11 -14 7185 0 0 0 1000 50 18554
1 14 1 3 110714 22 0 -11 -14 7163 0 0 0 1000 50 18531
1 14 1 3 110737 23 0 -11 -14 7140 0 0 0 1000 50 18509
1 14 1 3 110759 22 0 -11 -14 7118 0 0 0 1000 50 18486
1 14 1 3 110782 23 0 -11 -14 7095 0 0 0 1000 50 18464
1 14 1 3 110804 22 0 -11 -14 7073 0 0 0 1000 50 18441
1 14 1 3 110827 23 0 -11 -14 7050 0 0 0 1000 50 18419
1 14 1 3 110850 23 0 -11 -14 7027 0 0 0 1000 50 18396
1 14 1 3 110872 22 0 -11 -14 7005 0 0 0 1000 50 18373
1 14 1 3 110895 23 0 -11 -14 6982 0 0 0 1000 50 18351
1 14 1 3 110917 22 0 -11 -14 6960 0 0 0 1000 50 18328
1 14 1 3 110941 24 0 -11 -14 6937 0 0 0 1000 50 18306
1 14 1 3 110963 22 0 -11 -14 6915 0 0 0 1000 50 18282
1 14 1 3 110986 23 0 -11 -14 6892 0 0 0 1000 50 18260
1 14 1 3 111008 22 0 -11 -14 6870 0 0 0 1000 50 18237
1 14 1 3 111031 23 0 -11 -14 6847 0 0 0 1000 50 18215
1 14 1 3 111053 22 0 -11 -14 6825 0 0 0 1000 50 18192
1 14 1 3 111076 23 0 -11 -14 6801 0 0 0 1000 50 18170
1 14 1 3 111098 22 0 -11 -14 6779 0 0 0 1000 50 18147
1 14 1 3 111121 23 0 -11 -14 6756 0 0 0 1000 50 18125
1 14 1 3 111143 22 0 -11 -14 6734 0 0 0 1000 50 18102
1 14 1 3 111166 23 0 -11 -14 6711 0 0 0 1000 50 18080
1 14 1 3 111188 22 0 -11 -14 6689 0 0 0 1000 50 18057
1 14 1 3 111211 23 0 -11 -14 6666 0 0 0 1000 50 18035
1 14 1 3 111234 23 0 -11 -14 6643 0 0 0 1000 50 18012
1 14 1 3 111256 22 0 -11 -14 6621 0 0 0 1000 50 17989
1 14 1 3 111279 23 0 -11 -14 6598 0 0 0 1000 50 17967
1 14 1 3 111301 22 0 -11 -14 6576 0 0 0 1000 50 17944
1 14 1 3 111324 23 0 -11 -14 6553 0 0 0 1000 50 17922
1 14 1 3 111346 22 0 -11 -14 6531 0 0 0 1000 50 17899
1 14 1 3 111369 23 0 -11 -14 6508 0 0 0 1000 50 17877
1 14 1 3 111391 22 0 -11 -14 6486 0 0 0 1000 50 17854
1 14 1 3 111414 23 0 -11 -14 6463 0 0 0 1000 50 17832
1 14 1 3 111436 22 0 -11 -14 6441 0 0 0 1000 50 17809
1 14 1 3 111459 23 0 -11 -14 6418 0 0 0 1000 50 17787
1 14 1 3 111481 22 0 -11 -14 6396 0 0 0 1000 50 17764
1 14 1 3 111505 24 0 -11 -14 6373 0 0 0 1000 50 17742
1 14 1 3 111527 22 0 -11 -14 6351 0 0 0 1000 50 17718
1 14 1 3 111550 23 0 -11 -14 6328 0 0 0 1000 50 17696
1 14 1 3 111572 22 0 -11 -14 6306 0 0 0 1000 50 17673
1 14 1 3 111595 23 0 -11 -14 6283 0 0 0 1000 50 17651
1 14 1 3 111618 23 0 -11 -14 6260 0 0 0 1000 50 17628
1 14 1 3 111640 22 0 -11 -14 6237 0 0 0 1000 50 17605
1 14 1 3 111663 23 0 -11 -14 6214 0 0 0 1000 50 17583
1 14 1 3 111685 22 0 -11 -14 6192 0 0 0 1000 50 17560
1 14 1 3 111708 23 0 -11 -14 6169 0 0 0 1000 50 17538
1 14 1 3 111730 22 0 -11 -14 6147 0 0 0 1000 50 17515
1 14 1 3 111753 23 0 -11 -14 6124 0 0 0 1000 50 17493
1 14 1 3 111775 22 0 -11 -14 6102 0 0 0 1000 50 17470
1 14 1 3 111798 23 0 -11 -14 6079 0 0 0 1000 50 17448
1 14 1 3 111820 22 0 -11 -14 6057 0 0 0 1000 50 17425
1 14 1 3 111843 23 0 -11 -14 6034 0 0 0 1000 50 17403
1 14 1 3 111865 22 0 -11 -14 6012 0 0 0 1000 50 17380
1 14 1 3 111888 23 0 -11 -14 5989 0 0 0 1000 50 17358
1 14 1 3 111910 22 0 -11 -14 5967 0 0 0 1000 50 17335
1 14 1 3 111933 23 0 -11 -14 5944 0 0 0 1000 50 17313
1 14 1 3 111955 22 0 -11 -14 5922 0 0 0 1000 50 17290
1 14 1 3 111978 23 0 -11 -14 5899 0 0 0 1000 50 17268
1 14 1 3 112001 23 0 -11 -14 5876 0 0 0 1000 50 17245
1 14 1 3 112023 22 0 -11 -14 5854 0 0 0 1000 50 17222
1 14 1 3 112046 23 0 -11 -14 5831 0 0 0 1000 50 17200
1 14 1 3 112069 23 0 -11 -14 5809 0 0 0 1000 50 17177
1 14 1 3 112092 23 0 -11 -14 5786 0 0 0 1000 50 17154
1 14 1 3 112114 22 0 -11 -14 5764 0 0 0 1000 50 17131
1 14 1 3 112137 23 0 -11 -14 5741 0 0 0 1000 50 17109
1 14 1 3 112159 22 0 -11 -14 5719 0 0 0 1000 50 17086
1 14 1 3 112182 23 0 -11 -14 5696 0 0 0 1000 50 17064
1 14 1 3 112204 22 0 -11 -14 5673 0 0 0 1000 50 17041
1 14 1 3 112227 23 0 -11 -14 5650 0 0 0 1000 50 17019
1 14 1 3 112249 22 0 -11 -14 5628 0 0 0 1000 50 16996
1 14 1 3 112272 23 0 -11 -14 5605 0 0 0 1000 50 16974
1 14 1 3 112294 22 0 -11 -14 5583 0 0 0 1000 50 16951
1 14 1 3 112317 23 0 -11 -14 5560 0 0 0 1000 50 16929
1 14 1 3 112339 22 0 -11 -14 5538 0 0 0 1000 50 16906
1 14 1 3 112362 23 0 -11 -14 5515 0 0 0 1000 50 16884
1 14 1 3 112385 23 0 -11 -14 5492 0 0 0 1000 50 16861
1 14 1 3 112407 22 0 -11 -14 5470 0 0 0 1000 50 16838
1 14 1 3 112430 23 0 -11 -14 5447 0 0 0 1000 50 16816
1 14 1 3 112452 22 0 -11 -14 5425 0 0 0 1000 50 16793
1 14 1 3 112475 23 0 -11 -14 5402 0 0 0 1000 50 16771
1 14 1 3 112497 22 0 -11 -14 5380 0 0 0 1000 50 16748
1 14 1 3 112520 23 0 -11 -14 5357 0 0 0 1000 50 16726
1 14 1 3 112542 22 0 -11 -14 5335 0 0 0 1000 50 16703
1 14 1 3 112565 23 0 -11 -14 5312 0 0 0 1000 50 16681
1 14 1 3 112587 22 0 -11 -14 5290 0 0 0 1000 50 16658
1 14 1 3 112610 23 0 -11 -14 5267 0 0 0 1000 50 16636
1 14 1 3 112633 23 0 -11 -14 5245 0 0 0 1000 50 16613
1 14 1 3 112656 23 0 -11 -14 5222 0 0 0 1000 50 16590
1 14 1 3 112678 22 0 -11 -14 5200 0 0 0 1000 50 16567
1 14 1 3 112701 23 0 -11 -14 5177 0 0 0 1000 50 16545
1 14 1 3 112723 22 0 -11 -14 5155 0 0 0 1000 50 16522
1 14 1 3 112746 23 0 -11 -14 5132 0 0 0 1000 50 16500
1 14 1 3 112769 23 0 -11 -14 5108 0 0 0 1000 50 16477
1 14 1 3 112791 22 0 -11 -14 5086 0 0 0 1000 50 16454
1 14 1 3 112814 23 0 -11 -14 5063 0 0 0 1000 50 16432
1 14 1 3 112836 22 0 -11 -14 5041 0 0 0 1000 50 16409
1 14 1 3 112859 23 0 -11 -14 5018 0 0 0 1000 50 16387
1 14 1 3 112881 22 0 -11 -14 4996 0 0 0 1000 50 16364
1 14 1 3 112904 23 0 -11 -14 4973 0 0 0 1000 50 16342
1 14 1 3 112926 22 0 -11 -14 4951 0 0 0 1000 50 16319
1 14 1 3 112949 23 0 -11 -14 4928 0 0 0 1000 50 16297
1 14 1 3 112971 22 0 -11 -14 4906 0 0 0 1000 50 16274
1 14 1 3 112994 23 0 -11 -14 4883 0 0 0 1000 50 16252
1 14 1 3 113016 22 0 -11 -14 4861 0 0 0 1000 50 16229
1 14 1 3 113039 23 0 -11 -14 4838 0 0 0 1000 50 16207
1 14 1 3 113061 22 0 -11 -14 4816 0 0 0 1000 50 16184
1 14 1 3 113084 23 0 -11 -14 4793 0 0 0 1000 50 16162
1 14 1 3 113106 22 0 -11 -14 4771 0 0 0 1000 50 16139
1 14 1 3 113129 23 0 -11 -14 4748 0 0 0 1000 50 16117
1 14 1 3 113152 23 0 -11 -14 4725 0 0 0 1000 50 16094
1 14 1 3 113174 22 0 -11 -14 4703 0 0 0 1000 50 16071
1 14 1 3 113197 23 0 -11 -14 4680 0 0 0 1000 50 16049
1 14 1 3 113219 22 0 -11 -14 4658 0 0 0 1000 50 16026
1 14 1 3 113243 24 0 -11 -14 4635 0 0 0 1000 50 16004
1 14 1 3 113265 22 0 -11 -14 4613 0 0 0 1000 50 15980
1 14 1 3 113288 23 0 -11 -14 4590 0 0 0 1000 50 15958
1 14 1 3 113310 22 0 -11 -14 4568 0 0 0 1000 50 15935
1 14 1 3 113333 23 0 -11 -14 4545 0 0 0 1000 50 15913
1 14 1 3 113355 22 0 -11 -14 4523 0 0 0 1000 50 15890
1 14 1 3 113378 23 0 -11 -14 4499 0 0 0 1000 50 15868
1 14 1 3 113400 22 0 -11 -14 4477 0 0 0 1000 50 15845
1 14 1 3 113423 23 0 -11 -14 4454 0 0 0 1000 50 15823
1 14 1 3 113445 22 0 -11 -14 4432 0 0 0 1000 50 15800
1 14 1 3 113468 23 0 -11 -14 4409 0 0 0 1000 50 15778
1 14 1 3 113490 22 0 -11 -14 4387 0 0 0 1000 50 15755
1 14 1 3 113513 23 0 -11 -14 4364 0 0 0 1000 50 15733
1 14 1 3 113536 23 0 -11 -14 4341 0 0 0 1000 50 15710
1 14 1 3 113558 22 0 -11 -14 4319 0 0 0 1000 50 15687
1 14 1 3 113581 23 0 -11 -14 4296 0 0 0 1000 50 15665
1 14 1 3 113603 22 0 -11 -14 4274 0 0 0 1000 50 15642
1 15 1 3 113626 23 0 -11 -14 4251 0 0 0 1000 50 15620
1 15 1 3 113648 22 0 -11 -14 4229 0 0 0 1000 50 15597
1 15 1 3 113671 23 0 -11 -14 4206 0 0 0 1000 50 15575
1 14 1 3 113693 22 0 -11 -14 4184 0 0 0 1000 50 15552
1 15 1 3 113716 23 0 -11 -14 4161 0 0 0 1000 50 15530
1 15 1 3 113738 22 0 -11 -14 4139 0 0 0 1000 50 15507
1 15 1 3 113761 23 0 -11 -14 4116 0 0 0 1000 50 15485
1 15 1 3 113783 22 0 -11 -14 4094 0 0 0 1000 50 15462
1 15 1 3 113807 24 0 -11 -14 4071 0 0 0 1000 50 15440
1 15 1 3 113829 22 0 -11 -14 4049 0 0 0 1000 50 15416
1 15 1 3 113852 23 0 -11 -14 4026 0 0 0 1000 50 15394
1 14 1 3 113874 22 0 -11 -14 4004 0 0 0 1000 50 15371
1 14 1 3 113897 23 0 -11 -14 3981 0 0 0 1000 50 15349
1 14 1 3 113920 23 0 -11 -14 3959 0 0 0 1000 50 15326
1 14 1 3 113942 22 0 -11 -14 3935 0 0 0 1000 50 15303
1 14 1 3 113965 23 0 -11 -14 3912 0 0 0 1000 50 15281
1 14 1 3 113987 22 0 -11 -14 3890 0 0 0 1000 50 15258
1 14 1 3 114010 23 0 -11 -14 3867 0 0 0 1000 50 15236
1 14 1 3 114032 22 0 -11 -14 3845 0 0 0 1000 50 15213
1 14 1 3 114055 23 0 -11 -14 3822 0 0 0 1000 50 15191
1 14 1 3 114077 22 0 -11 -14 3800 0 0 0 1000 50 15168
1 14 1 3 114100 23 0 -11 -14 3777 0 0 0 1000 50 15146
1 14 1 3 114122 22 0 -11 -14 3755 0 0 0 1000 50 15123
1 14 1 3 114145 23 0 -11 -14 3732 0 0 0 1000 50 15101
1 14 1 3 114167 22 0 -11 -14 3710 0 0 0 1000 50 15078
1 14 1 3 114190 23 0 -11 -14 3687 0 0 0 1000 50 15056
1 14 1 3 114212 22 0 -11 -14 3665 0 0 0 1000 50 15033
1 14 1 3 114235 23 0 -11 -14 3642 0 0 0 1000 50 15011
1 14 1 3 114257 22 0 -11 -14 3620 0 0 0 1000 50 14988
1 14 1 3 114280 23 0 -11 -14 3597 0 0 0 1000 50 14966
1 14 1 3 114302 22 0 -11 -14 3575 0 0 0 1000 50 14943
1 14 1 3 114325 23 0 -11 -14 3552 0 0 0 1000 50 14921
1 14 1 3 114348 23 0 -11 -14 3529 0 0 0 1000 50 14898
1 16 1 3 114371 23 0 -11 -14 3507 0 0 0 1000 50 14875
1 16 1 3 114394 23 0 -11 -14 3484 0 0 0 1000 50 14852
1 16 1 3 114416 22 0 -11 -14 3462 0 0 0 1000 50 14829
1 16 1 3 114439 23 0 -11 -14 3439 0 0 0 1000 50 14807
1 16 1 3 114461 22 0 -11 -14 3417 0 0 0 1000 50 14784
1 15 1 3 114484 23 0 -11 -14 3394 0 0 0 1000 50 14762
1 15 1 3 114506 22 0 -11 -14 3371 0 0 0 1000 50 14739
1 15 1 3 114529 23 0 -11 -14 3348 0 0 0 1000 50 14717
1 15 1 3 114551 22 0 -11 -14 3326 0 0 0 1000 50 14694
1 15 1 3 114574 23 0 -11 -14 3303 0 0 0 1000 50 14672
1 15 1 3 114596 22 0 -11 -14 3281 0 0 0 1000 50 14649
1 17 1 3 114619 23 0 -11 -14 3258 0 0 0 1000 50 14627
1 16 1 3 114641 22 0 -11 -14 3236 0 0 0 1000 50 14604
1 17 1 3 114664 23 0 -11 -14 3213 0 0 0 1000 50 14582
1 17 1 3 114686 22 0 -11 -14 3191 0 0 0 1000 50 14559
1 17 1 3 114709 23 0 -11 -14 3168 0 0 0 1000 50 14537
1 16 1 3 114732 23 0 -11 -14 3145 0 0 0 1000 50 14514
1 16 1 3 114754 22 0 -11 -14 3123 0 0 0 1000 50 14491
1 16 1 3 114777 23 0 -11 -14 3100 0 0 0 1000 50 14469
1 16 1 3 114799 22 0 -11 -14 3078 0 0 0 1000 50 14446
1 16 1 3 114822 23 0 -11 -14 3055 0 0 0 1000 50 14424
1 16 1 3 114844 22 0 -11 -14 3033 0 0 0 1000 50 14401
1 16 1 3 114867 23 0 -11 -14 3010 0 0 0 1000 50 14379
1 16 1 3 114889 22 0 -11 -14 2988 0 0 0 1000 50 14356
1 16 1 3 114912 23 0 -11 -14 2965 0 0 0 1000 50 14334
1 17 1 3 114935 23 0 -11 -14 2943 0 0 0 1000 50 14311
1 17 1 3 114958 23 0 -11 -14 2920 0 0 0 1000 50 14288
1 17 1 3 114980 22 0 -11 -14 2898 0 0 0 1000 50 14265
1 17 1 3 115003 23 0 -11 -14 2875 0 0 0 1000 50 14243
1 17 1 3 115025 22 0 -11 -14 2853 0 0 0 1000 50 14220
1 17 1 3 115048 23 0 -11 -14 2830 0 0 0 1000 50 14198
1 17 1 3 115070 22 0 -11 -14 2807 0 0 0 1000 50 14175
1 18 1 3 115093 23 0 -11 -14 2784 0 0 0 1000 50 14153
1 17 1 3 115116 23 0 -11 -14 2761 0 0 0 1000 50 14130
1 17 1 3 115138 22 0 -11 -14 2739 0 0 0 1000 50 14107
1 17 1 3 115161 23 0 -11 -14 2716 0 0 0 1000 50 14085
1 17 1 3 115183 22 0 -11 -14 2694 0 0 0 1000 50 14062
1 18 1 3 115206 23 0 -11 -14 2671 0 0 0 1000 50 14040
1 18 1 3 115228 22 0 -11 -14 2649 0 0 0 1000 50 14017
1 18 1 3 115251 23 0 -11 -14 2626 0 0 0 1000 50 13995
1 18 1 3 115273 22 0 -11 -14 2604 0 0 0 1000 50 13972
1 18 1 3 115296 23 0 -11 -14 2581 0 0 0 1000 50 13950
1 18 1 3 115318 22 0 -11 -14 2559 0 0 0 1000 50 13927
1 18 1 3 115341 23 0 -11 -14 2536 0 0 0 1000 50 13905
1 18 1 3 115363 22 0 -11 -14 2514 0 0 0 1000 50 13882
1 18 1 3 115386 23 0 -11 -14 2491 0 0 0 1000 50 13860
1 18 1 3 115408 22 0 -11 -14 2469 0 0 0 1000 50 13837
1 19 1 3 115431 23 0 -11 -14 2446 0 0 0 1000 50 13815
1 19 1 3 115453 22 0 -11 -14 2424 0 0 0 1000 50 13792
1 19 1 3 115476 23 0 -11 -14 2401 0 0 0 1000 50 13770
1 18 1 3 115499 23 0 -11 -14 2378 0 0 0 1000 50 13747
1 18 1 3 115522 23 0 -11 -14 2356 0 0 0 1000 50 13724
1 18 1 3 115545 23 0 -11 -14 2333 0 0 0 1000 50 13701
1 18 1 3 115567 22 0 -11 -14 2311 0 0 0 1000 50 13678
1 18 1 3 115590 23 0 -11 -14 2288 0 0 0 1000 50 13656
1 18 1 3 115612 22 0 -11 -14 2266 0 0 0 1000 50 13633
1 18 1 3 115635 23 0 -11 -14 2243 0 0 0 1000 50 13611
1 18 1 3 115657 22 0 -11 -14 2220 0 0 0 1000 50 13588
1 18 1 3 115680 23 0 -11 -14 2197 0 0 0 1000 50 13566
1 18 1 3 115702 22 0 -11 -14 2175 0 0 0 1000 50 13543
1 18 1 3 115725 23 0 -11 -14 2152 0 0 0 1000 50 13521
1 18 1 3 115747 22 0 -11 -14 2130 0 0 0 1000 50 13498
1 18 1 3 115770 23 0 -11 -14 2107 0 0 0 1000 50 13476
1 18 1 3 115792 22 0 -11 -14 2085 0 0 0 1000 50 13453
1 18 1 3 115815 23 0 -11 -14 2062 0 0 0 1000 50 13431
1 18 1 3 115837 22 0 -11 -14 2040 0 0 0 1000 50 13408
1 18 1 3 115860 23 0 -11 -14 2017 0 0 0 1000 50 13386
1 17 1 3 115883 23 0 -11 -14 1994 0 0 0 1000 50 13363
1 17 1 3 115905 22 0 -11 -14 1972 0 0 0 1000 50 13340
1 18 1 3 115928 23 0 -11 -14 1949 0 0 0 1000 50 13318
1 16 1 3 115950 22 0 -11 -14 1927 0 0 0 1000 50 13295
1 17 1 3 115973 23 0 -11 -14 1904 0 0 0 1000 50 13273
1 18 1 3 115995 22 0 -11 -14 1882 0 0 0 1000 50 13250
1 18 1 3 116018 23 0 -11 -14 1859 0 0 0 1000 50 13228
1 18 1 3 116040 22 0 -11 -14 1837 0 0 0 1000 50 13205
1 18 1 3 116063 23 0 -11 -14 1814 0 0 0 1000 50 13183
1 18 1 3 116086 23 0 -11 -14 1792 0 0 0 1000 50 13160
1 18 1 3 116109 23 0 -11 -14 1769 0 0 0 1000 50 13137
1 18 1 3 116131 22 0 -11 -14 1747 0 0 0 1000 50 13114
1 18 1 3 116154 23 0 -11 -14 1724 0 0 0 1000 50 13092
1 18 1 3 116176 22 0 -11 -14 1702 0 0 0 1000 50 13069
1 18 1 3 116199 23 0 -11 -14 1679 0 0 0 1000 50 13047
1 18 1 3 116221 22 0 -11 -14 1657 0 0 0 1000 50 13024
1 18 1 3 116244 23 0 -11 -14 1633 0 0 0 1000 50 13002
1 18 1 3 116267 23 0 -11 -14 1610 0 0 0 1000 50 12979
1 18 1 3 116289 22 0 -11 -14 1588 0 0 0 1000 50 12956
1 19 1 3 116312 23 0 -11 -14 1565 0 0 0 1000 50 12934
1 19 1 3 116334 22 0 -11 -14 1543 0 0 0 1000 50 12911
1 19 1 3 116357 23 0 -11 -14 1520 0 0 0 1000 50 12889
1 19 1 3 116379 22 0 -11 -14 1498 0 0 0 1000 50 12866
1 19 1 3 116402 23 0 -11 -14 1475 0 0 0 1000 50 12844
1 19 1 3 116424 22 0 -11 -14 1453 0 0 0 1000 50 12821
1 18 1 3 116447 23 0 -11 -14 1430 0 0 0 1000 50 12799
1 18 1 3 116469 22 0 -11 -14 1408 0 0 0 1000 50 12776
1 18 1 3 116492 23 0 -11 -14 1385 0 0 0 1000 50 12754
1 18 1 3 116514 22 0 -11 -14 1363 0 0 0 1000 50 12731
1 18 1 3 116537 23 0 -11 -14 1340 0 0 0 1000 50 12709
1 18 1 3 116559 22 0 -11 -14 1318 0 0 0 1000 50 12686
1 17 1 3 116582 23 0 -11 -14 1295 0 0 0 1000 50 12664
1 17 1 3 116604 22 0 -11 -14 1273 0 0 0 1000 50 12641
1 17 1 3 116627 23 0 -11 -14 1250 0 0 0 1000 50 12619
1 17 1 3 116649 22 0 -11 -14 1228 0 0 0 1000 50 12596
1 17 1 3 116672 23 0 -11 -14 1205 0 0 0 1000 50 12574
1 17 1 3 116696 24 0 -11 -14 1182 0 0 0 1000 50 12551
1 17 1 3 116718 22 0 -11 -14 1160 0 0 0 1000 50 12527
1 16 1 3 116741 23 0 -11 -14 1137 0 0 0 1000 50 12505
1 16 1 3 116763 22 0 -11 -14 1115 0 1 0 1000 50 12482
1 17 1 3 116786 23 0 -11 -14 1115 1 1 0 1000 50 12460
1 16 1 3 116808 22 0 -11 -14 1115 1 1 0 1000 50 12437
1 16 1 3 116831 23 0 -11 -14 1115 1 1 0 1000 50 12415
1 16 1 3 116853 22 0 -11 -14 1115 1 1 0 1000 50 12392
1 16 1 3 116876 23 0 -11 -14 1115 1 1 0 1000 50 12370
1 16 1 3 116898 22 0 -11 -14 1115 1 1 0 1000 50 12347
1 16 1 3 116921 23 0 -11 -14 1115 1 1 0 1000 50 12325
1 16 1 3 116943 22 0 -11 -14 1115 1 1 0 1000 50 12302
1 16 1 3 116966 23 0 -11 -14 1115 1 1 0 1000 50 12280
1 16 1 3 116988 22 0 -11 -14 1115 1 1 0 1000 50 12257
1 16 1 3 117011 23 0 -11 -14 1115 1 1 0 1000 50 12235
1 16 1 3 117033 22 0 -11 -14 1115 1 1 0 1000 50 12212
1 16 1 3 117056 23 0 -11 -14 1115 1 1 0 1000 50 12190
1 16 1 3 117079 23 0 -11 -14 1115 1 1 0 1000 50 12167
1 16 1 3 117101 22 0 -11 -14 1115 1 1 0 1000 50 12144
1 17 1 3 117124 23 0 -11 -14 1115 1 1 0 1000 50 12122
1 17 1 3 117146 22 0 -11 -14 1115 1 1 0 1000 50 12099
1 17 1 3 117169 23 0 -11 -14 1115 1 1 0 1000 50 12077
1 17 1 3 117191 22 0 -11 -14 1115 1 1 0 1000 50 12054
1 17 1 3 117214 23 0 -11 -14 1115 1 1 0 1000 50 12032
1 17 1 3 117236 22 0 -11 -14 1115 1 1 0 1000 50 12009
1 17 1 3 117259 23 0 -11 -14 1115 1 1 0 1000 50 11987
1 17 1 3 117281 22 0 -11 -14 1115 1 1 0 1000 50 11964
1 17 1 3 117304 23 0 -11 -14 1115 1 1 0 1000 50 11942
1 18 1 3 117326 22 0 -11 -14 1115 1 1 0 1000 50 11919
1 18 1 3 117349 23 0 -11 -14 1115 1 1 0 1000 50 11897
1 17 1 3 117371 22 0 -11 -14 1115 1 1 0 1000 50 11874
1 17 1 3 117394 23 0 -11 -14 1115 1 1 0 1000 50 11852
1 17 1 3 117416 22 0 -11 -14 1115 1 1 0 1000 50 11829
1 17 1 3 117439 23 0 -11 -14 1115 1 1 0 1000 50 11807
1 16 1 3 117462 23 0 -11 -14 1115 1 1 0 1000 50 11784
1 16 1 3 117484 22 0 -11 -14 1115 1 1 0 1000 50 11761
1 16 1 3 117508 24 0 -11 -14 1115 1 1 0 1000 50 11739
1 16 1 3 117530 22 0 -11 -14 1115 1 1 0 1000 50 11715
1 16 1 3 117553 23 0 -11 -14 1115 1 1 0 1000 50 11693
1 16 1 3 117575 22 0 -11 -14 1115 1 1 0 1000 50 11670
1 16 1 3 117598 23 0 -11 -14 1115 1 1 0 1000 50 11648
1 16 1 3 117620 22 0 -11 -14 1115 1 1 0 1000 50 11625
1 16 1 3 117643 23 0 -11 -14 1115 1 1 0 1000 50 11603
1 16 1 3 117665 22 0 -11 -14 1115 1 1 0 1000 50 11580
1 16 1 3 117688 23 0 -11 -14 1115 1 1 0 1000 50 11558
1 16 1 3 117710 22 0 -11 -14 1115 1 1 0 1000 50 11535
1 16 1 3 117733 23 0 -11 -14 1115 1 1 0 1000 50 11513
1 17 1 3 117755 22 0 -11 -14 1115 1 1 0 1000 50 11490
1 16 1 3 117778 23 0 -11 -14 1115 1 1 0 1000 50 11468
1 17 1 3 117800 22 0 -11 -14 1115 1 1 0 1000 50 11445
1 17 1 3 117823 23 0 -11 -14 1115 1 1 0 1000 50 11423
1 17 1 3 117846 23 0 -11 -14 1115 1 1 0 1000 50 11400
1 17 1 3 117868 22 0 -11 -14 1115 1 1 0 1000 50 11377
1 17 1 3 117891 23 0 -11 -14 1115 1 1 0 1000 50 11355
1 17 1 3 117913 22 0 -11 -14 1115 1 1 0 1000 50 11332
1 17 1 3 117936 23 0 -11 -14 1115 1 1 0 1000 50 11310
1 17 1 3 117958 22 0 -11 -14 1115 1 1 0 1000 50 11287
1 17 1 3 117981 23 0 -11 -14 1115 1 1 0 1000 50 11265
1 17 1 3 118003 22 0 -11 -14 1115 1 1 0 1000 50 11242
1 17 1 3 118026 23 0 -11 -14 1115 1 1 0 1000 50 11220
1 17 1 3 118048 22 0 -11 -14 1115 1 1 0 1000 50 11197
1 17 1 3 118071 23 0 -11 -14 1115 1 1 0 1000 50 11175
1 17 1 3 118093 22 0 -11 -14 1115 1 1 0 1000 50 11152
1 17 1 3 118116 23 0 -11 -14 1115 1 1 0 1000 50 11130
1 17 1 3 118138 22 0 -11 -14 1115 1 1 0 1000 50 11107
1 17 1 3 118161 23 0 -11 -14 1115 1 1 0 1000 50 11085
1 17 1 3 118183 22 0 -11 -14 1115 1 1 0 1000 50 11062
1 17 1 3 118206 23 0 -11 -14 1115 1 1 0 1000 50 11040
1 17 1 3 118228 22 0 -11 -14 1115 1 1 0 1000 50 11017
1 17 1 3 118251 23 0 -11 -14 1115 1 1 0 1000 50 10995
1 17 1 3 118274 23 0 -11 -14 1115 1 1 0 1000 50 10972
1 17 1 3 118296 22 0 -11 -14 1115 1 1 0 1000 50 10949
1 17 1 3 118319 23 0 -11 -14 1115 1 1 0 1000 50 10927
1 17 1 3 118341 22 0 -11 -14 1115 1 1 0 1000 50 10904
1 17 1 3 118364 23 0 -11 -14 1115 1 1 0 1000 50 10882
1 17 1 3 118387 23 0 -11 -14 1115 1 1 0 1000 50 10859
1 17 1 3 118410 23 0 -11 -14 1115 1 1 0 1000 50 10836
1 17 1 3 118432 22 0 -11 -14 1115 1 1 0 1000 50 10813
1 17 1 3 118455 23 0 -11 -14 1115 1 1 0 1000 50 10791
1 17 1 3 118477 22 0 -11 -14 1115 1 1 0 1000 50 10768
1 17 1 3 118500 23 0 -11 -14 1115 1 1 0 1000 50 10746
1 17 1 3 118522 22 0 -11 -14 1115 1 1 0 1000 50 10723
1 17 1 3 118545 23 0 -11 -14 1115 1 1 0 1000 50 10701
1 17 1 3 118567 22 0 -11 -14 1115 1 1 0 1000 50 10678
1 17 1 3 118590 23 0 -11 -14 1115 1 1 0 1000 50 10656
1 17 1 3 118612 22 0 -11 -14 1115 1 1 0 1000 50 10633
1 17 1 3 118635 23 0 -11 -14 1115 1 1 0 1000 50 10611
1 17 1 3 118658 23 0 -11 -14 1115 1 1 0 1000 50 10588
1 17 1 3 118680 22 0 -11 -14 1115 1 1 0 1000 50 10565
1 17 1 3 118703 23 0 -11 -14 1115 1 1 0 1000 50 10543
1 17 1 3 118725 22 0 -11 -14 1115 1 1 0 1000 50 10520
1 17 1 3 118748 23 0 -11 -14 1115 1 1 0 1000 50 10498
1 17 1 3 118770 22 0 -11 -14 1115 1 1 0 1000 50 10475
1 17 1 3 118793 23 0 -11 -14 1115 1 1 0 1000 50 10453
1 17 1 3 118815 22 0 -11 -14 1115 1 1 0 1000 50 10430
1 17 1 3 118838 23 0 -11 -14 1115 1 1 0 1000 50 10408
1 17 1 3 118860 22 0 -11 -14 1115 1 1 0 1000 50 10385
1 17 1 3 118883 23 0 -11 -14 1115 1 1 0 1000 50 10363
1 17 1 3 118905 22 0 -11 -14 1115 1 1 0 1000 50 10340
1 17 1 3 118928 23 0 -11 -14 1115 1 1 0 1000 50 10318
1 17 1 3 118950 22 0 -11 -14 1115 1 1 0 1000 50 10295
1 18 1 3 118973 23 0 -11 -14 1115 1 1 0 1000 50 10273
1 18 1 3 118995 22 0 -11 -14 1115 1 1 0 1000 50 10250
1 18 1 3 119018 23 0 -11 -14 1115 1 1 0 1000 50 10228
1 17 1 3 119041 23 0 -11 -14 1115 1 1 0 1000 50 10205
1 17 1 3 119063 22 0 -11 -14 1115 1 1 0 1000 50 10182
1 17 1 3 119086 23 0 -11 -14 1115 1 1 0 1000 50 10160
1 16 1 3 119108 22 0 -11 -14 1115 1 1 0 1000 50 10137
1 16 1 3 119131 23 0 -11 -14 1115 1 1 0 1000 50 10115
1 16 1 3 119153 22 0 -11 -14 1115 1 1 0 1000 50 10092
1 16 1 3 119176 23 0 -11 -14 1115 1 1 0 1000 50 10070
1 16 1 3 119198 22 0 -11 -14 1115 1 1 0 1000 50 10047
1 16 1 3 119221 23 0 -11 -14 1115 1 1 0 1000 50 10025
1 16 1 3 119243 22 0 -11 -14 1115 1 1 0 1000 50 10002
1 16 1 3 119266 23 0 -11 -14 1115 1 1 0 1000 50 9980
1 16 1 3 119288 22 0 -11 -14 1115 1 1 0 1000 50 9957
1 16 1 3 119311 23 0 -11 -14 1115 1 1 0 1000 50 9935
1 16 1 3 119333 22 0 -11 -14 1115 1 1 0 1000 50 9912
1 16 1 3 119356 23 0 -11 -14 1115 1 1 0 1000 50 9890
1 16 1 3 119378 22 0 -11 -14 1115 1 1 0 1000 50 9867
1 16 1 3 119401 23 0 -11 -14 1115 1 1 0 1000 50 9845
1 16 1 3 119424 23 0 -11 -14 1115 1 1 0 1000 50 9822
1 16 1 3 119446 22 0 -11 -14 1115 1 1 0 1000 50 9799
1 16 1 3 119469 23 0 -11 -14 1115 1 1 0 1000 50 9777
1 16 1 3 119491 22 0 -11 -14 1115 1 1 0 1000 50 9754
1 16 1 3 119514 23 0 -11 -14 1115 1 1 0 1000 50 9732
1 16 1 3 119536 22 0 -11 -14 1115 1 1 0 1000 50 9709
1 16 1 3 119559 23 0 -11 -14 1115 1 1 0 1000 50 9687
1 15 1 3 119581 22 0 -11 -14 1115 1 1 0 1000 50 9664
1 16 1 3 119604 23 0 -11 -14 1115 1 1 0 1000 50 9642
1 15 1 3 119626 22 0 -11 -14 1115 1 1 0 1000 50 9619
1 15 1 3 119649 23 0 -11 -14 1115 1 1 0 1000 50 9597
1 15 1 3 119671 22 0 -11 -14 1115 1 1 0 1000 50 9574
1 15 1 3 119694 23 0 -11 -14 1115 1 1 0 1000 50 9552
1 15 1 3 119716 22 0 -11 -14 1115 1 1 0 1000 50 9529
1 15 1 3 119739 23 0 -11 -14 1115 1 1 0 1000 50 9507
1 15 1 3 119761 22 0 -11 -14 1115 1 1 0 1000 50 9484
1 15 1 3 119784 23 0 -11 -14 1115 1 1 0 1000 50 9462
1 15 1 3 119806 22 0 -11 -14 1115 1 1 0 1000 50 9439
1 15 1 3 119829 23 0 -11 -14 1115 1 1 0 1000 50 9417
1 15 1 3 119852 23 0 -11 -14 1115 1 1 0 1000 50 9394
1 15 1 3 119874 22 0 -11 -14 1115 1 1 0 1000 50 9371
1 15 1 3 119897 23 0 -11 -14 1115 1 1 0 1000 50 9349
1 15 1 3 119919 22 0 -11 -14 1115 1 1 0 1000 50 9326
1 15 1 3 119942 23 0 -11 -14 1115 1 1 0 1000 50 9304
1 15 1 3 119964 22 0 -11 -14 1115 1 1 0 1000 50 9281
1 15 1 3 119987 23 0 -11 -14 1115 1 1 0 1000 50 9259
1 15 1 3 120009 22 0 -11 -14 1115 1 1 0 1000 50 9236
1 15 1 3 120032 23 0 -11 -14 1115 1 1 0 1000 50 9214
1 15 1 3 120054 22 0 -11 -14 1115 1 1 0 1000 50 9191
1 15 1 3 120077 23 0 -11 -14 1115 1 1 0 1000 50 9169
1 15 1 3 120099 22 0 -11 -14 1115 1 1 0 1000 50 9146
1 15 1 3 120122 23 0 -11 -14 1115 1 1 0 1000 50 9124
1 15 1 3 120144 22 0 -11 -14 1115 1 1 0 1000 50 9101
1 15 1 3 120167 23 0 -11 -14 1115 1 1 0 1000 50 9079
1 15 1 3 120189 22 0 -11 -14 1115 1 1 0 1000 50 9056
1 15 1 3 120212 23 0 -11 -14 1115 1 1 0 1000 50 9034
1 15 1 3 120235 23 0 -11 -14 1115 1 1 0 1000 50 9011
1 15 1 3 120257 22 0 -11 -14 1115 1 1 0 1000 50 8988
1 15 1 3 120280 23 0 -11 -14 1115 1 1 0 1000 50 8966
1 15 1 3 120302 22 0 -11 -14 1115 1 1 0 1000 50 8943
1 15 1 3 120325 23 0 -11 -14 1115 1 1 0 1000 50 8921
1 15 1 3 120347 22 0 -11 -14 1115 1 1 0 1000 50 8898
1 15 1 3 120370 23 0 -11 -14 1115 1 1 0 1000 50 8876
1 15 1 3 120392 22 0 -11 -14 1115 1 1 0 1000 50 8853
1 15 1 3 120415 23 0 -11 -14 1115 1 1 0 1000 50 8831
1 15 1 3 120437 22 0 -11 -14 1115 1 1 0 1000 50 8808
1 15 1 3 120460 23 0 -11 -14 1115 1 1 0 1000 50 8786
1 15 1 3 120482 22 0 -11 -14 1115 1 1 0 1000 50 8763
1 15 1 3 120505 23 0 -11 -14 1115 1 1 0 1000 50 8741
1 15 1 3 120527 22 0 -11 -14 1115 1 1 0 1000 50 8718
1 18 1 3 120550 23 0 -11 -14 1115 1 1 0 1000 50 8696
1 16 1 3 120572 22 0 -11 -14 1115 1 1 0 1000 50 8673
1 16 1 3 120595 23 0 -11 -14 1115 1 1 0 1000 50 8651
1 15 1 3 120617 22 0 -11 -14 1115 1 1 0 1000 50 8628
1 16 1 3 120640 23 0 -11 -14 1115 1 1 0 1000 50 8606
1 17 1 3 120663 23 0 -11 -14 1115 1 1 0 1000 50 8583
1 17 1 3 120685 22 0 -11 -14 1115 1 1 0 1000 50 8560
1 15 1 3 120708 23 0 -11 -14 1115 1 1 0 1000 50 8538
1 15 1 3 120730 22 0 -11 -14 1115 1 1 0 1000 50 8515
1 15 1 3 120753 23 0 -11 -14 1115 1 1 0 1000 50 8493
1 15 1 3 120775 22 0 -11 -14 1115 1 1 0 1000 50 8470
1 15 1 3 120798 23 0 -11 -14 1115 1 1 0 1000 50 8448
1 15 1 3 120820 22 0 -11 -14 1115 1 1 0 1000 50 8425
1 17 1 3 120843 23 0 -11 -14 1115 1 1 0 1000 50 8403
1 17 1 3 120865 22 0 -11 -14 1115 1 1 0 1000 50 8380
1 17 1 3 120887 22 0 -11 -14 1115 1 1 0 1000 50 8358
1 18 1 3 120909 22 0 -11 -14 1115 1 1 0 1000 50 8336
1 18 1 3 120932 23 0 -11 -14 1115 1 1 0 1000 50 8314
1 15 1 3 120954 22 0 -11 -14 1115 1 1 0 1000 50 8291
1 15 1 3 120977 23 0 -11 -14 1115 1 1 0 1000 50 8269
1 16 1 3 120999 22 0 -11 -14 1115 1 1 0 1000 50 8246
1 19 1 3 121022 23 0 -11 -14 1115 1 1 0 1000 50 8224
1 19 1 3 121044 22 0 -11 -14 1115 1 1 0 1000 50 8201
1 19 1 3 121067 23 0 -11 -14 1115 1 1 0 1000 50 8179
1 17 1 3 121090 23 0 -11 -14 1115 1 1 0 1000 50 8156
1 16 1 3 121112 22 0 -11 -14 1115 1 1 0 1000 50 8133
1 16 1 3 121135 23 0 -11 -14 1115 1 1 0 1000 50 8111
1 17 1 3 121157 22 0 -11 -14 1115 1 1 0 1000 50 8088
1 19 1 3 121180 23 0 -11 -14 1115 1 1 0 1000 50 8066
1 20 1 3 121202 22 0 -11 -14 1115 1 1 0 1000 50 8043
1 20 1 3 121225 23 0 -11 -14 1115 1 1 0 1000 50 8021
1 21 1 3 121247 22 0 -11 -14 1115 1 1 0 1000 50 7998
1 21 1 3 121270 23 0 -11 -14 1115 1 1 0 1000 50 7976
1 19 1 3 121292 22 0 -11 -14 1115 1 1 0 1000 50 7953
1 16 1 3 121315 23 0 -11 -14 1115 1 1 0 1000 50 7931
1 15 1 3 121337 22 0 -11 -14 1115 1 1 0 1000 50 7908
1 21 1 3 121360 23 0 -11 -14 1115 1 1 0 1000 50 7886
1 39 1 3 121382 22 0 -11 -14 1115 1 1 0 1000 50 7863
1 20 1 3 121405 23 0 -11 -14 1115 1 1 0 1000 50 7841
1 16 1 3 121427 22 0 -11 -14 1115 1 1 0 1000 50 7818
1 16 1 3 121450 23 0 -11 -14 1115 1 1 0 1000 50 7796
1 15 1 3 121473 23 0 -11 -14 1115 1 1 0 1000 50 7773
1 26 1 3 121495 22 0 -11 -14 1115 1 1 0 1000 50 7750
1 21 1 3 121518 23 0 -11 -14 1115 1 1 0 1000 50 7728
1 17 1 3 121540 22 0 -11 -14 1115 1 1 0 1000 50 7705
1 17 1 3 121563 23 0 -11 -14 1115 1 1 0 1000 50 7683
1 17 1 3 121585 22 0 -11 -14 1115 1 1 0 1000 50 7660
1 18 1 3 121608 23 0 -11 -14 1115 1 1 0 1000 50 7638
1 15 1 3 121630 22 0 -11 -14 1115 1 1 0 1000 50 7615
1 15 1 3 121653 23 0 -11 -14 1115 1 1 0 1000 50 7593
1 15 1 3 121675 22 0 -11 -14 1115 1 1 0 1000 50 7570
1 15 1 3 121698 23 0 -11 -14 1115 1 1 0 1000 50 7548
1 15 1 3 121720 22 0 -11 -14 1115 1 1 0 1000 50 7525
1 16 1 3 121743 23 0 -11 -14 1115 1 1 0 1000 50 7503
1 16 1 3 121765 22 0 -11 -14 1115 1 1 0 1000 50 7480
1 15 1 3 121788 23 0 -11 -14 1115 1 1 0 1000 50 7458
1 15 1 3 121810 22 0 -11 -14 1115 1 1 0 1000 50 7435
1 16 1 3 121833 23 0 -11 -14 1115 1 1 0 1000 50 7413
1 16 1 3 121856 23 0 -11 -14 1115 1 1 0 1000 50 7390
1 15 1 3 121878 22 0 -11 -14 1115 1 1 0 1000 50 7367
1 15 1 3 121901 23 0 -11 -14 1115 1 1 0 1000 50 7345
1 15 1 3 121923 22 0 -11 -14 1115 1 1 0 1000 50 7322
1 15 1 3 121946 23 0 -11 -14 1115 1 1 0 1000 50 7300
1 15 1 3 121968 22 0 -11 -14 1115 1 1 0 1000 50 7277
1 15 1 3 121991 23 0 -11 -14 1115 1 1 0 1000 50 7255
1 15 1 3 122013 22 0 -11 -14 1115 1 1 0 1000 50 7232
1 15 1 3 122036 23 0 -11 -14 1115 1 1 0 1000 50 7210
1 15 1 3 122058 22 0 -11 -14 1115 1 1 0 1000 50 7187
1 15 1 3 122081 23 0 -11 -14 1115 1 1 0 1000 50 7165
1 15 1 3 122103 22 0 -11 -14 1115 1 1 0 1000 50 7142
1 15 1 3 122126 23 0 -11 -14 1115 1 1 0 1000 50 7120
1 15 1 3 122148 22 0 -11 -14 1115 1 1 0 1000 50 7097
1 15 1 3 122171 23 0 -11 -14 1115 1 1 0 1000 50 7075
1 15 1 3 122193 22 0 -11 -14 1115 1 1 0 1000 50 7052
1 15 1 3 122216 23 0 -11 -14 1115 1 1 0 1000 50 7030
1 15 1 3 122238 22 0 -11 -14 1115 1 1 0 1000 50 7007
1 15 1 3 122261 23 0 -11 -14 1115 1 1 0 1000 50 6985
1 14 1 3 122284 23 0 -11 -14 1115 1 1 0 1000 50 6962
1 15 1 3 122306 22 0 -11 -14 1115 1 1 0 1000 50 6939
1 15 1 3 122329 23 0 -11 -14 1115 1 1 0 1000 50 6917
1 15 1 3 122351 22 0 -11 -14 1115 1 1 0 1000 50 6894
1 14 1 3 122374 23 0 -11 -14 1115 1 1 0 1000 50 6872
1 15 1 3 122396 22 0 -11 -14 1115 1 1 0 1000 50 6849
1 15 1 3 122419 23 0 -11 -14 1115 1 1 0 1000 50 6827
1 16 1 3 122441 22 0 -11 -14 1115 1 1 0 1000 50 6804
1 16 1 3 122464 23 0 -11 -14 1115 1 1 0 1000 50 6782
1 15 1 3 122486 22 0 -11 -14 1115 1 1 0 1000 50 6759
1 14 1 3 122509 23 0 -11 -14 1115 1 1 0 1000 50 6737
1 15 1 3 122531 22 0 -11 -14 1115 1 1 0 1000 50 6714
1 15 1 3 122553 22 0 -11 -14 1115 1 1 0 1000 50 6692
1 15 1 3 122575 22 0 -11 -14 1115 1 1 0 1000 50 6670
1 15 1 3 122598 23 0 -11 -14 1115 1 1 0 1000 50 6648
1 15 1 3 122620 22 0 -11 -14 1115 1 1 0 1000 50 6625
1 15 1 3 122643 23 0 -11 -14 1115 1 1 0 1000 50 6603
1 15 1 3 122665 22 0 -11 -14 1115 1 1 0 1000 50 6580
1 15 1 3 122688 23 0 -11 -14 1115 1 1 0 1000 50 6558
1 15 1 3 122711 23 0 -11 -14 1115 1 1 0 1000 50 6535
1 15 1 3 122733 22 0 -11 -14 1115 1 1 0 1000 50 6512
1 15 1 3 122756 23 0 -11 -14 1115 1 1 0 1000 50 6490
1 15 1 3 122778 22 0 -11 -14 1115 1 1 0 1000 50 6467
1 15 1 3 122801 23 0 -11 -14 1115 1 1 0 1000 50 6445
1 15 1 3 122823 22 0 -11 -14 1115 1 1 0 1000 50 6422
1 15 1 3 122846 23 0 -11 -14 1115 1 1 0 1000 50 6400
1 15 1 3 122868 22 0 -11 -14 1115 1 1 0 1000 50 6377
1 15 1 3 122891 23 0 -11 -14 1115 1 1 0 1000 50 6355
1 15 1 3 122913 22 0 -11 -14 1115 1 1 0 1000 50 6332
1 15 1 3 122936 23 0 -11 -14 1115 1 1 0 1000 50 6310
1 16 1 3 122958 22 0 -11 -14 1115 1 1 0 1000 50 6287
1 15 1 3 122981 23 0 -11 -14 1115 1 1 0 1000 50 6265
1 15 1 3 123003 22 0 -11 -14 1115 1 1 0 1000 50 6242
1 15 1 3 123026 23 0 -11 -14 1115 1 1 0 1000 50 6220
1 15 1 3 123048 22 0 -11 -14 1115 1 1 0 1000 50 6197
1 15 1 3 123071 23 0 -11 -14 1115 1 1 0 1000 50 6175
1 15 1 3 123094 23 0 -11 -14 1115 1 1 0 1000 50 6152
1 16 1 3 123116 22 0 -11 -14 1115 1 1 0 1000 50 6129
1 15 1 3 123139 23 0 -11 -14 1115 1 1 0 1000 50 6107
1 15 1 3 123161 22 0 -11 -14 1115 1 1 0 1000 50 6084
1 15 1 3 123184 23 0 -11 -14 1115 1 1 0 1000 50 6062
1 15 1 3 123206 22 0 -11 -14 1115 1 1 0 1000 50 6039
1 15 1 3 123229 23 0 -11 -14 1115 1 1 0 1000 50 6017
1 15 1 3 123251 22 0 -11 -14 1115 1 1 0 1000 50 5994
1 15 1 3 123274 23 0 -11 -14 1115 1 1 0 1000 50 5972
1 15 1 3 123296 22 0 -11 -14 1115 1 1 0 1000 50 5949
1 15 1 3 123319 23 0 -11 -14 1115 1 1 0 1000 50 5927
1 15 1 3 123341 22 0 -11 -14 1115 1 1 0 1000 50 5904
1 15 1 3 123364 23 0 -11 -14 1115 1 1 0 1000 50 5882
1 15 1 3 123386 22 0 -11 -14 1115 1 1 0 1000 50 5859
1 15 1 3 123409 23 0 -11 -14 1115 1 1 0 1000 50 5837
1 15 1 3 123431 22 0 -11 -14 1115 1 1 0 1000 50 5814
1 15 1 3 123454 23 0 -11 -14 1115 1 1 0 1000 50 5792
1 15 1 3 123476 22 0 -11 -14 1115 1 1 0 1000 50 5769
1 15 1 3 123499 23 0 -11 -14 1115 1 1 0 1000 50 5747
1 15 1 3 123522 23 0 -11 -14 1115 1 1 0 1000 50 5724
1 15 1 3 123544 22 0 -11 -14 1115 1 1 0 1000 50 5701
1 15 1 3 123567 23 0 -11 -14 1115 1 1 0 1000 50 5679
1 14 1 3 123589 22 0 -11 -14 1115 1 1 0 1000 50 5656
1 14 1 3 123612 23 0 -11 -14 1115 1 1 0 1000 50 5634
1 14 1 3 123634 22 0 -11 -14 1115 1 1 0 1000 50 5611
1 14 1 3 123657 23 0 -11 -14 1115 1 1 0 1000 50 5589
1 16 1 3 123679 22 0 -11 -14 1115 1 1 0 1000 50 5566
1 15 1 3 123702 23 0 -11 -14 1115 1 1 0 1000 50 5544
1 1012 1 3 123724 22 0 -11 -14 1115 1 1 0 1000 50 5521
1 997 1 3 123747 23 0 -11 -14 1115 1 1 0 1000 50 5499
0 1013 0 1 123769 22 0 -11 -14 1115 1 1 0 1000 50 5499
0 1019 0 1 123792 23 0 -11 -14 1115 1 1 0 1000 50 5499
0 1001 0 1 123814 22 0 -11 -14 1115 1 1 0 1000 50 5499
0 1014 0 1 123837 23 0 -11 -14 1115 1 1 0 1000 50 5499
0 1016 0 1 123859 22 0 -11 -14 1115 1 1 0 1000 50 5499
0 1009 0 1 123882 23 0 -11 -14 1115 1 1 0 1000 50 5499
0 1014 0 1 123905 23 0 -11 -14 1115 1 1 0 1000 50 5499
0 1014 0 1 123927 22 0 -11 -14 1115 1 1 0 1000 50 5499
0 1013 0 1 123950 23 0 -11 -14 1115 1 1 0 1000 50 5499
0 1017 0 1 123972 22 0 -11 -14 1115 1 1 0 1000 50 5499
0 1011 0 1 123995 23 0 -11 -14 1115 1 1 0 1000 50 5499
0 1013 0 1 124017 22 0 -11 -14 1115 1 1 0 1000 50 5499
0 1019 0 1 124040 23 0 -11 -14 1115 1 1 0 1000 50 5499
0 1015 0 1 124062 22 0 -11 -14 1115 1 1 0 1000 50 5499
0 1014 0 1 124085 23 0 -11 -14 1115 1 1 0 1000 50 5499
0 1018 0 1 124107 22 0 -11 -14 1115 1 1 0 1000 50 5499
0 1003 0 1 124130 23 0 -11 -14 1115 1 1 0 1000 50 5499
0 1014 0 1 124152 22 0 -11 -14 1115 1 1 0 1000 50 5499
0 1015 0 1 124175 23 0 -11 -14 1115 1 1 0 1000 50 5499
0 1006 0 1 124197 22 0 -11 -14 1115 1 1 0 1000 50 5499
0 1015 0 1 124220 23 0 -11 -14 1115 1 1 0 1000 50 5499
0 1013 0 1 124242 22 0 -11 -14 1115 1 1 0 1000 50 5499
0 1009 0 1 124265 23 0 -11 -14 1115 1 1 0 1000 50 5499
0 1015 0 1 124288 23 0 -11 -14 1115 1 1 0 1000 50 5499
0 1012 0 1 124310 22 0 -11 -14 1115 1 1 0 1000 50 5499
0 1010 0 1 124333 23 0 -11 -14 1115 1 1 0 1000 50 5499
0 1017 0 1 124355 22 0 -11 -14 1115 1 1 0 1000 50 5499
0 1012 0 1 124378 23 0 -11 -14 1115 1 1 0 1000 50 5499
0 1014 0 1 124400 22 0 -11 -14 1115 1 1 0 1000 50 5499
0 1018 0 1 124423 23 0 -11 -14 1115 1 1 0 1000 50 5499
0 1012 0 1 124445 22 0 -11 -14 1115 1 1 0 1000 50 5499
0 1014 0 1 124468 23 0 -11 -14 1115 1 1 0 1000 50 5499
0 1016 0 1 124490 22 0 -11 -14 1115 1 1 0 1000 50 5499
0 1005 0 1 124513 23 0 -11 -14 1115 1 1 0 1000 50 5499
0 1016 0 1 124536 23 0 -11 -14 1115 1 1 0 1000 50 5499
0 1003 0 1 124559 23 0 -11 -14 1115 1 1 0 1000 50 5499
0 1005 0 1 124581 22 0 -11 -14 1115 1 1 0 1000 50 5499
0 1015 0 1 124604 23 0 -11 -14 1115 1 1 0 1000 50 5499
0 1014 0 1 124626 22 0 -11 -14 1115 1 1 0 1000 50 5499
0 1010 0 1 124649 23 0 -11 -14 1115 1 1 0 1000 50 5499
0 1016 0 1 124672 23 0 -11 -14 1115 1 1 0 1000 50 5499
0 1012 0 1 124694 22 0 -11 -14 1115 1 1 0 1000 50 5499
0 1012 0 1 124717 23 0 -11 -14 1115 1 1 0 1000 50 5499
0 1017 0 1 124739 22 0 -11 -14 1115 1 1 0 1000 50 5499
0 1011 0 1 124762 23 0 -11 -14 1115 1 1 0 1000 50 5499
0 1014 0 1 124784 22 0 -11 -14 1115 1 1 0 1000 50 5499
0 1017 0 1 124807 23 0 -11 -14 1115 1 1 0 1000 50 5499
0 1012 0 1 124829 22 0 -11 -14 1115 1 1 0 1000 50 5499
0 1015 0 1 124852 23 0 -11 -14 1115 1 1 0 1000 50 5499
0 1016 0 1 124874 22 0 -11 -14 1115 1 1 0 1000 50 5499
0 1004 0 1 124897 23 0 -11 -14 1115 1 1 0 1000 50 5499
0 1014 0 1 124919 22 0 -11 -14 1115 1 1 0 1000 50 5499
0 1014 0 1 124942 23 0 -11 -14 1115 1 1 0 1000 50 5499
0 1004 0 1 124964 22 0 -11 -14 1115 1 1 0 1000 50 5499
0 1013 0 1 124987 23 0 -11 -14 1115 1 1 0 1000 50 5499
0 1013 0 1 125009 22 0 -11 -14 1115 1 1 0 1000 50 5499
0 1011 0 1 125032 23 0 -11 -14 1115 1 1 0 1000 50 5499
0 1017 0 1 125054 22 0 -11 -14 1115 1 1 0 1000 50 5499
0 1012 0 1 125077 23 0 -11 -14 1115 1 1 0 1000 50 5499
0 1013 0 1 125100 23 0 -11 -14 1115 1 1 0 1000 50 5499
0 1019 0 1 125122 22 0 -11 -14 1115 1 1 0 1000 50 5499
0 1012 0 1 125145 23 0 -11 -14 1115 1 1 0 1000 50 5499
0 1013 0 1 125167 22 0 -11 -14 1115 1 1 0 1000 50 5499
0 1023 0 1 125190 23 0 -11 -14 1115 1 1 0 1000 50 5499
0 1013 0 1 125212 22 0 -11 -14 1115 1 1 0 1000 50 5499
0 1015 0 1 125235 23 0 -11 -14 1115 1 1 0 1000 50 5499
0 1015 0 1 125257 22 0 -11 -14 1115 1 1 0 1000 50 5499
0 1002 0 1 125280 23 0 -11 -14 1115 1 1 0 1000 50 5499
0 1017 0 1 125302 22 0 -11 -14 1115 1 1 0 1000 50 5499
0 1023 0 1 125325 23 0 -11 -14 1115 1 1 0 1000 50 5499
0 1005 0 1 125347 22 0 -11 -14 1115 1 1 0 1000 50 5499
0 1015 0 1 125370 23 0 -11 -14 1115 1 1 0 1000 50 5499
0 1013 0 1 125392 22 0 -11 -14 1115 1 1 0 1000 50 5499
0 1013 0 1 125415 23 0 -11 -14 1115 1 1 0 1000 50 5499
0 1018 0 1 125437 22 0 -11 -14 1115 1 1 0 1000 50 5499
0 1014 0 1 125460 23 0 -11 -14 1115 1 1 0 1000 50 5499
0 1013 0 1 125484 24 0 -11 -14 1115 1 1 0 1000 50 5499
0 1019 0 1 125506 22 0 -11 -14 1115 1 1 0 1000 50 5499
0 1012 0 1 125529 23 0 -11 -14 1115 1 1 0 1000 50 5499
0 1016 0 1 125551 22 0 -11 -14 1115 1 1 0 1000 50 5499
0 1021 0 1 125574 23 0 -11 -14 1115 1 1 0 1000 50 5499
0 1012 0 1 125596 22 0 -11 -14 1115 1 1 0 1000 50 5499
0 1015 0 1 125619 23 0 -11 -14 1115 1 1 0 1000 50 5499
0 1016 0 1 125641 22 0 -11 -14 1115 1 1 0 1000 50 5499
0 1006 0 1 125664 23 0 -11 -14 1115 1 1 0 1000 50 5499
0 1017 0 1 125686 22 0 -11 -14 1115 1 1 0 1000 50 5499
0 1013 0 1 125709 23 0 -11 -14 1115 1 1 0 1000 50 5499
0 1007 0 1 125731 22 0 -11 -14 1115 1 1 0 1000 50 5499
0 1014 0 1 125754 23 0 -11 -14 1115 1 1 0 1000 50 5499
0 1016 0 1 125776 22 0 -11 -14 1115 1 1 0 1000 50 5499
0 1013 0 1 125799 23 0 -11 -14 1115 1 1 0 1000 50 5499
0 1018 0 1 125821 22 0 -11 -14 1115 1 1 0 1000 50 5499
0 1014 0 1 125844 23 0 -11 -14 1115 1 1 0 1000 50 5499
0 1018 0 1 125867 23 0 -11 -14 1115 1 1 0 1000 50 5499
0 1018 0 1 125889 22 0 -11 -14 1115 1 1 0 1000 50 5499
0 1011 0 1 125912 23 0 -11 -14 1115 1 1 0 1000 50 5499
0 1013 0 1 125934 22 0 -11 -14 1115 1 1 0 1000 50 5499
0 1019 0 1 125957 23 0 -11 -14 1115 1 1 0 1000 50 5499
0 1012 0 1 125979 22 0 -11 -14 1115 1 1 0 1000 50 5499
0 1016 0 1 126002 23 0 -11 -14 1115 1 1 0 1000 50 5499
0 1015 0 1 126024 22 0 -11 -14 1115 1 1 0 1000 50 5499
0 1007 0 1 126047 23 0 -11 -14 1115 1 1 0 1000 50 5499
0 1015 0 1 126069 22 0 -11 -14 1115 1 1 0 1000 50 5499
0 1016 0 1 126092 23 0 -11 -14 1115 1 1 0 1000 50 5499
0 999 0 1 126114 22 0 -11 -14 1115 1 1 0 1000 50 5499
0 1016 0 1 126137 23 0 -11 -14 1115 1 1 0 1000 50 5499
0 1013 0 1 126159 22 0 -11 -14 1115 1 1 0 1000 50 5499
0 1011 0 1 126182 23 0 -11 -14 1115 1 1 0 1000 50 5499
0 1020 0 1 126204 22 0 -11 -14 1115 1 1 0 1000 50 5499
0 1013 0 1 126227 23 0 -11 -14 1115 1 1 0 1000 50 5499
0 1012 0 1 126249 22 0 -11 -14 1115 1 1 0 1000 50 5499
0 1020 0 1 126272 23 0 -11 -14 1115 1 1 0 1000 50 5499
0 1011 0 1 126295 23 0 -11 -14 1115 1 1 0 1000 50 5499
0 1014 0 1 126317 22 0 -11 -14 1115 1 1 0 1000 50 5499
0 1017 0 1 126340 23 0 -11 -14 1115 1 1 0 1000 50 5499
0 1012 0 1 126362 22 0 -11 -14 1115 1 1 0 1000 50 5499
0 1011 0 1 126385 23 0 -11 -14 1115 1 1 0 1000 50 5499
0 1016 0 1 126407 22 0 -11 -14 1115 1 1 0 1000 50 5499
0 1008 0 1 126430 23 0 -11 -14 1115 1 1 0 1000 50 5499
0 1015 0 1 126453 23 0 -11 -14 1115 1 1 0 1000 50 5499
0 1013 0 1 126476 23 0 -11 -14 1115 1 1 0 1000 50 5499
0 1006 0 1 126498 22 0 -11 -14 1115 1 1 0 1000 50 5499
0 1015 0 1 126521 23 0 -11 -14 1115 1 1 0 1000 50 5499
0 1012 0 1 126543 22 0 -11 -14 1115 1 1 0 1000 50 5499
0 1013 0 1 126566 23 0 -11 -14 1115 1 1 0 1000 50 5499
0 1023 0 1 126588 22 0 -11 -14 1115 1 1 0 1000 50 5499
0 1012 0 1 126611 23 0 -11 -14 1115 1 1 0 1000 50 5499
0 1007 0 1 126633 22 0 -11 -14 1115 1 1 0 1000 50 5499
0 1021 0 1 126656 23 0 -11 -14 1115 1 1 0 1000 50 5499
0 1012 0 1 126679 23 0 -11 -14 1115 1 1 0 1000 50 5499
0 1009 0 1 126701 22 0 -11 -14 1115 1 1 0 1000 50 5499
0 1017 0 1 126724 23 0 -11 -14 1115 1 1 0 1000 50 5499
0 1012 0 1 126746 22 0 -11 -14 1115 1 1 0 1000 50 5499
0 1015 0 1 126769 23 0 -11 -14 1115 1 1 0 1000 50 5499
0 1014 0 1 126791 22 0 -11 -14 1115 1 1 0 1000 50 5499
0 1003 0 1 126814 23 0 -11 -14 1115 1 1 0 1000 50 5499
0 1015 0 1 126836 22 0 -11 -14 1115 1 1 0 1000 50 5499
0 1013 0 1 126859 23 0 -11 -14 1115 1 1 0 1000 50 5499
0 1010 0 1 126881 22 0 -11 -14 1115 1 1 0 1000 50 5499
0 1020 0 1 126904 23 0 -11 -14 1115 1 1 0 1000 50 5499
0 1012 0 1 126926 22 0 -11 -14 1115 1 1 0 1000 50 5499
0 1018 0 1 126949 23 0 -11 -14 1115 1 1 0 1000 50 5499
0 1023 0 1 126971 22 0 -11 -14 1115 1 1 0 1000 50 5499
0 1012 0 1 126994 23 0 -11 -14 1115 1 1 0 1000 50 5499
0 1017 0 1 127016 22 0 -11 -14 1115 1 1 0 1000 50 5499
0 1023 0 1 127039 23 0 -11 -14 1115 1 1 0 1000 50 5499
0 1011 0 1 127062 23 0 -11 -14 1115 1 1 0 1000 50 5499
0 1010 0 1 127084 22 0 -11 -14 1115 1 1 0 1000 50 5499
0 1018 0 1 127107 23 0 -11 -14 1115 1 1 0 1000 50 5499
0 1012 0 1 127129 22 0 -11 -14 1115 1 1 0 1000 50 5499
0 1017 0 1 127152 23 0 -11 -14 1115 1 1 0 1000 50 5499
0 1015 0 1 127174 22 0 -11 -14 1115 1 1 0 1000 50 5499
0 1008 0 1 127197 23 0 -11 -14 1115 1 1 0 1000 50 5499
0 1015 0 1 127219 22 0 -11 -14 1115 1 1 0 1000 50 5499
0 1013 0 1 127242 23 0 -11 -14 1115 1 1 0 1000 50 5499
0 1009 0 1 127264 22 0 -11 -14 1115 1 1 0 1000 50 5499
0 1015 0 1 127287 23 0 -11 -14 1115 1 1 0 1000 50 5499
0 1013 0 1 127309 22 0 -11 -14 1115 1 1 0 1000 50 5499
0 1011 0 1 127332 23 0 -11 -14 1115 1 1 0 1000 50 5499
0 1023 0 1 127355 23 0 -11 -14 1115 1 1 0 1000 50 5499
0 1011 0 1 127378 23 0 -11 -14 1115 1 1 0 1000 50 5499
0 1014 0 1 127400 22 0 -11 -14 1115 1 1 0 1000 50 5499
0 1023 0 1 127423 23 0 -11 -14 1115 1 1 0 1000 50 5499
0 1012 0 1 127446 23 0 -11 -14 1115 1 1 0 1000 50 5499
0 1012 0 1 127468 22 0 -11 -14 1115 1 1 0 1000 50 5499
0 1016 0 1 127491 23 0 -11 -14 1115 1 1 0 1000 50 5499
0 1009 0 1 127513 22 0 -11 -14 1115 1 1 0 1000 50 5499
0 1018 0 1 127536 23 0 -11 -14 1115 1 1 0 1000 50 5499
0 1014 0 1 127558 22 0 -11 -14 1115 1 1 0 1000 50 5499
0 1007 0 1 127581 23 0 -11 -14 1115 1 1 0 1000 50 5499
0 1016 0 1 127603 22 0 -11 -14 1115 1 1 0 1000 50 5499
0 1013 0 1 127626 23 0 -11 -14 1115 1 1 0 1000 50 5499
0 1007 0 1 127648 22 0 -11 -14 1115 1 1 0 1000 50 5499
0 1014 0 1 127671 23 0 -11 -14 1115 1 1 0 1000 50 5499
0 1010 0 1 127693 22 0 -11 -14 1115 1 1 0 1000 50 5499
0 1007 0 1 127716 23 0 -11 -14 1115 1 1 0 1000 50 5499
0 1022 0 1 127738 22 0 -11 -14 1115 1 1 0 1000 50 5499
0 1012 0 1 127761 23 0 -11 -14 1115 1 1 0 1000 50 5499
0 1011 0 1 127783 22 0 -11 -14 1115 1 1 0 1000 50 5499
0 1023 0 1 127806 23 0 -11 -14 1115 1 1 0 1000 50 5499
0 1015 0 1 127828 22 0 -11 -14 1115 1 1 0 1000 50 5499
0 1016 0 1 127851 23 0 -11 -14 1115 1 1 0 1000 50 5499
0 1015 0 1 127874 23 0 -11 -14 1115 1 1 0 1000 50 5499
0 1001 0 1 127896 22 0 -11 -14 1115 1 1 0 1000 50 5499
0 1014 0 1 127919 23 0 -11 -14 1115 1 1 0 1000 50 5499
0 1014 0 1 127941 22 0 -11 -14 1115 1 1 0 1000 50 5499
0 1007 0 1 127964 23 0 -11 -14 1115 1 1 0 1000 50 5499
0 1015 0 1 127986 22 0 -11 -14 1115 1 1 0 1000 50 5499
0 1021 0 1 128009 23 0 -11 -14 1115 1 1 0 1000 50 5499
0 1007 0 1 128031 22 0 -11 -14 1115 1 1 0 1000 50 5499
0 1014 0 1 128054 23 0 -11 -14 1115 1 1 0 1000 50 5499
0 1012 0 1 128076 22 0 -11 -14 1115 1 1 0 1000 50 5499
0 1012 0 1 128099 23 0 -11 -14 1115 1 1 0 1000 50 5499
0 1020 0 1 128121 22 0 -11 -14 1115 1 1 0 1000 50 5499
0 1010 0 1 128144 23 0 -11 -14 1115 1 1 0 1000 50 5499
0 1013 0 1 128166 22 0 -11 -14 1115 1 1 0 1000 50 5499
0 1023 0 1 128189 23 0 -11 -14 1115 1 1 0 1000 50 5499
0 1010 0 1 128211 22 0 -11 -14 1115 1 1 0 1000 50 5499
0 1014 0 1 128234 23 0 -11 -14 1115 1 1 0 1000 50 5499
0 1015 0 1 128257 23 0 -11 -14 1115 1 1 0 1000 50 5499
0 1002 0 1 128279 22 0 -11 -14 1115 1 1 0 1000 50 5499
0 1015 0 1 128302 23 0 -11 -14 1115 1 1 0 1000 50 5499
0 1014 0 1 128325 23 0 -11 -14 1115 1 1 0 1000 50 5499
0 1007 0 1 128348 23 0 -11 -14 1115 1 1 0 1000 50 5499
0 1016 0 1 128370 22 0 -11 -14 1115 1 1 0 1000 50 5499
0 1014 0 1 128393 23 0 -11 -14 1115 1 1 0 1000 50 5499
0 1009 0 1 128415 22 0 -11 -14 1115 1 1 0 1000 50 5499
0 1014 0 1 128438 23 0 -11 -14 1115 1 1 0 1000 50 5499
0 1011 0 1 128460 22 0 -11 -14 1115 1 1 0 1000 50 5499
0 1011 0 1 128483 23 0 -11 -14 1115 1 1 0 1000 50 5499
0 1019 0 1 128505 22 0 -11 -14 1115 1 1 0 1000 50 5499
0 1013 0 1 128528 23 0 -11 -14 1115 1 1 0 1000 50 5499
0 1012 0 1 128550 22 0 -11 -14 1115 1 1 0 1000 50 5499
0 1013 0 1 128573 23 0 -11 -14 1115 1 1 0 1000 50 5499
0 1014 0 1 128595 22 0 -11 -14 1115 1 1 0 1000 50 5499
0 1013 0 1 128618 23 0 -11 -14 1115 1 1 0 1000 50 5499
0 1013 0 1 128641 23 0 -11 -14 1115 1 1 0 1000 50 5499
0 1013 0 1 128663 22 0 -11 -14 1115 1 1 0 1000 50 5499
0 1013 0 1 128686 23 0 -11 -14 1115 1 1 0 1000 50 5499
0 1013 0 1 128708 22 0 -11 -14 1115 1 1 0 1000 50 5499
0 1012 0 1 128731 23 0 -11 -14 1115 1 1 0 1000 50 5499
0 1013 0 1 128753 22 0 -11 -14 1115 1 1 0 1000 50 5499
0 1013 0 1 128776 23 0 -11 -14 1115 1 1 0 1000 50 5499
0 1013 0 1 128798 22 0 -11 -14 1115 1 1 0 1000 50 5499
0 1010 0 1 128821 23 0 -11 -14 1115 1 1 0 1000 50 5499
0 1013 0 1 128843 22 0 -11 -14 1115 1 1 0 1000 50 5499
0 1013 0 1 128866 23 0 -11 -14 1115 1 1 0 1000 50 5499
0 1011 0 1 128888 22 0 -11 -14 1115 1 1 0 1000 50 5499
0 1013 0 1 128911 23 0 -11 -14 1115 1 1 0 1000 50 5499
0 1013 0 1 128933 22 0 -11 -14 1115 1 1 0 1000 50 5499
0 1012 0 1 128956 23 0 -11 -14 1115 1 1 0 1000 50 5499
0 1014 0 1 128978 22 0 -11 -14 1115 1 1 0 1000 50 5499
0 1016 0 1 129001 23 0 -11 -14 1115 1 1 0 1000 50 5499
