ISO-10303-21;
HEADER;
FILE_DESCRIPTION (( 'STEP AP214' ),
    '1' );
FILE_NAME ('1stStageSlidePlateV2.STEP',
    '2026-03-07T03:50:23',
    ( '' ),
    ( '' ),
    'SwSTEP 2.0',
    'SolidWorks 2025',
    '' );
FILE_SCHEMA (( 'AUTOMOTIVE_DESIGN' ));
ENDSEC;

DATA;
#1 = DIRECTION ( 'NONE',  ( 0.000000000000000000, 1.000000000000000000, 0.000000000000000000 ) ) ;
#2 = EDGE_CURVE ( 'NONE', #1130, #395, #406, .T. ) ;
#3 = VECTOR ( 'NONE', #1545, 39.37007874015748143 ) ;
#4 = CIRCLE ( 'NONE', #899, 0.03807086614173320338 ) ;
#5 = ADVANCED_FACE ( 'NONE', ( #173 ), #428, .F. ) ;
#6 = AXIS2_PLACEMENT_3D ( 'NONE', #1500, #1438, #658 ) ;
#7 = ADVANCED_FACE ( 'NONE', ( #560 ), #66, .F. ) ;
#8 = VERTEX_POINT ( 'NONE', #1263 ) ;
#9 = CARTESIAN_POINT ( 'NONE',  ( 1.060149606299212177, 1.302165354330708791, -7.311929133858268592 ) ) ;
#10 = CIRCLE ( 'NONE', #368, 0.09842519685039378963 ) ;
#11 = DIRECTION ( 'NONE',  ( -1.000000000000000000, 0.000000000000000000, 0.000000000000000000 ) ) ;
#12 = ORIENTED_EDGE ( 'NONE', *, *, #26, .T. ) ;
#13 = EDGE_CURVE ( 'NONE', #934, #604, #1400, .T. ) ;
#14 = CARTESIAN_POINT ( 'NONE',  ( 1.060149606299212177, 1.302165354330708791, -4.750000000000001776 ) ) ;
#15 = ORIENTED_EDGE ( 'NONE', *, *, #166, .T. ) ;
#16 = DIRECTION ( 'NONE',  ( -1.000000000000000000, 0.000000000000000000, 0.000000000000000000 ) ) ;
#17 = CARTESIAN_POINT ( 'NONE',  ( 1.060149606299212177, -1.302165354330709235, -7.350000000000002309 ) ) ;
#18 = ORIENTED_EDGE ( 'NONE', *, *, #929, .T. ) ;
#19 = DIRECTION ( 'NONE',  ( 1.000000000000000000, -0.000000000000000000, -0.000000000000000000 ) ) ;
#20 = DIRECTION ( 'NONE',  ( -1.000000000000000000, 0.000000000000000000, 0.000000000000000000 ) ) ;
#21 = ORIENTED_EDGE ( 'NONE', *, *, #355, .F. ) ;
#22 = CARTESIAN_POINT ( 'NONE',  ( 1.256999999999999673, -1.600000000000000311, -5.295176817969950100 ) ) ;
#23 = EDGE_CURVE ( 'NONE', #456, #779, #447, .T. ) ;
#24 = DIRECTION ( 'NONE',  ( 0.000000000000000000, 0.000000000000000000, 1.000000000000000000 ) ) ;
#25 = ORIENTED_EDGE ( 'NONE', *, *, #1392, .F. ) ;
#26 = EDGE_CURVE ( 'NONE', #515, #288, #78, .T. ) ;
#27 = VECTOR ( 'NONE', #460, 39.37007874015748143 ) ;
#28 = CIRCLE ( 'NONE', #1128, 0.03807086614173156580 ) ;
#29 = ORIENTED_EDGE ( 'NONE', *, *, #774, .F. ) ;
#30 = DIRECTION ( 'NONE',  ( -1.000000000000000000, 0.000000000000000000, 0.000000000000000000 ) ) ;
#31 = VECTOR ( 'NONE', #30, 39.37007874015748143 ) ;
#32 = UNCERTAINTY_MEASURE_WITH_UNIT (LENGTH_MEASURE( 1.000000000000000082E-05 ), #382, 'distance_accuracy_value', 'NONE');
#33 = CARTESIAN_POINT ( 'NONE',  ( 5.955333881989093747, 1.249999999999998446, -7.500000000000002665 ) ) ;
#34 = AXIS2_PLACEMENT_3D ( 'NONE', #229, #710, #1201 ) ;
#35 = ORIENTED_EDGE ( 'NONE', *, *, #566, .T. ) ;
#36 = AXIS2_PLACEMENT_3D ( 'NONE', #17, #1243, #388 ) ;
#37 = LINE ( 'NONE', #529, #1060 ) ;
#38 = ORIENTED_EDGE ( 'NONE', *, *, #383, .T. ) ;
#39 = DIRECTION ( 'NONE',  ( 1.000000000000000000, -0.000000000000000000, -0.000000000000000000 ) ) ;
#40 = CARTESIAN_POINT ( 'NONE',  ( 1.060149606299212177, -1.302165354330709235, -7.350000000000002309 ) ) ;
#41 = VERTEX_POINT ( 'NONE', #919 ) ;
#42 = EDGE_CURVE ( 'NONE', #389, #1559, #1278, .T. ) ;
#43 = EDGE_LOOP ( 'NONE', ( #685, #540 ) ) ;
#44 = CARTESIAN_POINT ( 'NONE',  ( 1.256999999999999673, 1.249999999999998446, -7.600000000000002309 ) ) ;
#45 = FACE_OUTER_BOUND ( 'NONE', #823, .T. ) ;
#46 = VERTEX_POINT ( 'NONE', #670 ) ;
#47 = DIRECTION ( 'NONE',  ( -1.000000000000000000, 0.000000000000000000, 0.000000000000000000 ) ) ;
#48 = DIRECTION ( 'NONE',  ( 1.000000000000000000, -0.000000000000000000, -0.000000000000000000 ) ) ;
#49 = DIRECTION ( 'NONE',  ( -1.000000000000000000, 0.000000000000000000, 0.000000000000000000 ) ) ;
#50 = VECTOR ( 'NONE', #119, 39.37007874015748143 ) ;
#51 = CARTESIAN_POINT ( 'NONE',  ( 1.256999999999999673, -1.249999999999998446, -7.250000000000000888 ) ) ;
#52 = ORIENTED_EDGE ( 'NONE', *, *, #1427, .T. ) ;
#53 = AXIS2_PLACEMENT_3D ( 'NONE', #1345, #1168, #1069 ) ;
#54 = AXIS2_PLACEMENT_3D ( 'NONE', #1258, #1022, #154 ) ;
#55 = CARTESIAN_POINT ( 'NONE',  ( 1.256999999999999673, 1.302165354330708791, -4.651574803149607362 ) ) ;
#56 = AXIS2_PLACEMENT_3D ( 'NONE', #218, #830, #708 ) ;
#57 = ADVANCED_FACE ( 'NONE', ( #1533 ), #325, .T. ) ;
#58 = AXIS2_PLACEMENT_3D ( 'NONE', #966, #726, #465 ) ;
#59 = CARTESIAN_POINT ( 'NONE',  ( 1.298023622047243864, -1.600000000000000311, -6.850000000000001421 ) ) ;
#60 = DIRECTION ( 'NONE',  ( 1.000000000000000000, -0.000000000000000000, -0.000000000000000000 ) ) ;
#61 = VERTEX_POINT ( 'NONE', #928 ) ;
#62 = EDGE_LOOP ( 'NONE', ( #1089, #1064, #1184, #373, #468, #777 ) ) ;
#63 = DIRECTION ( 'NONE',  ( 0.000000000000000000, 0.000000000000000000, 1.000000000000000000 ) ) ;
#64 = CARTESIAN_POINT ( 'NONE',  ( 1.060149606299212177, 1.302165354330708791, -7.350000000000002309 ) ) ;
#65 = EDGE_CURVE ( 'NONE', #813, #455, #1536, .T. ) ;
#66 = CYLINDRICAL_SURFACE ( 'NONE', #1178, 0.06102362204724393058 ) ;
#67 = DIRECTION ( 'NONE',  ( 0.000000000000000000, -1.000000000000000000, 1.821231995776175479E-16 ) ) ;
#68 = ORIENTED_EDGE ( 'NONE', *, *, #759, .F. ) ;
#69 = CARTESIAN_POINT ( 'NONE',  ( 1.060149606299212177, 1.302165354330708791, -7.350000000000002309 ) ) ;
#70 = ADVANCED_FACE ( 'NONE', ( #178 ), #1181, .F. ) ;
#71 = ORIENTED_EDGE ( 'NONE', *, *, #910, .T. ) ;
#72 = DIRECTION ( 'NONE',  ( 1.000000000000000000, -0.000000000000000000, -0.000000000000000000 ) ) ;
#73 = EDGE_CURVE ( 'NONE', #1454, #8, #85, .T. ) ;
#74 = DIRECTION ( 'NONE',  ( 1.000000000000000000, -0.000000000000000000, -0.000000000000000000 ) ) ;
#75 = EDGE_CURVE ( 'NONE', #305, #41, #200, .T. ) ;
#76 = ORIENTED_EDGE ( 'NONE', *, *, #704, .T. ) ;
#77 = EDGE_LOOP ( 'NONE', ( #709, #1494, #1445, #1402 ) ) ;
#78 = CIRCLE ( 'NONE', #1488, 0.03807086614173156580 ) ;
#79 = AXIS2_PLACEMENT_3D ( 'NONE', #1101, #1119, #846 ) ;
#80 = ORIENTED_EDGE ( 'NONE', *, *, #551, .T. ) ;
#81 = DIRECTION ( 'NONE',  ( 0.000000000000000000, -1.000000000000000000, 0.000000000000000000 ) ) ;
#82 = AXIS2_PLACEMENT_3D ( 'NONE', #274, #753, #1245 ) ;
#83 = FACE_OUTER_BOUND ( 'NONE', #1566, .T. ) ;
#84 = AXIS2_PLACEMENT_3D ( 'NONE', #913, #194, #1028 ) ;
#85 = LINE ( 'NONE', #1286, #1377 ) ;
#86 = VERTEX_POINT ( 'NONE', #810 ) ;
#87 = ORIENTED_EDGE ( 'NONE', *, *, #808, .F. ) ;
#88 = FACE_BOUND ( 'NONE', #1242, .T. ) ;
#89 = CARTESIAN_POINT ( 'NONE',  ( 1.256999999999999673, 1.302165354330708791, -4.750000000000001776 ) ) ;
#90 = CARTESIAN_POINT ( 'NONE',  ( 5.955333881989093747, -1.599999999999999867, -4.500000000000000888 ) ) ;
#91 = EDGE_CURVE ( 'NONE', #952, #1211, #567, .T. ) ;
#92 = ORIENTED_EDGE ( 'NONE', *, *, #1284, .T. ) ;
#93 = FACE_OUTER_BOUND ( 'NONE', #1123, .T. ) ;
#94 = EDGE_CURVE ( 'NONE', #779, #773, #356, .T. ) ;
#95 = VERTEX_POINT ( 'NONE', #126 ) ;
#96 = DIRECTION ( 'NONE',  ( -1.000000000000000000, 0.000000000000000000, 0.000000000000000000 ) ) ;
#97 = DIRECTION ( 'NONE',  ( 0.000000000000000000, 9.933992704233686448E-17, 1.000000000000000000 ) ) ;
#98 = DIRECTION ( 'NONE',  ( 0.000000000000000000, 0.000000000000000000, -1.000000000000000000 ) ) ;
#99 = DIRECTION ( 'NONE',  ( 0.7071067811865634489, 0.000000000000000000, -0.7071067811865314745 ) ) ;
#100 = ORIENTED_EDGE ( 'NONE', *, *, #13, .F. ) ;
#101 = DIRECTION ( 'NONE',  ( 0.000000000000000000, 0.000000000000000000, 1.000000000000000000 ) ) ;
#102 = DIRECTION ( 'NONE',  ( -1.000000000000000000, 0.000000000000000000, 0.000000000000000000 ) ) ;
#103 = EDGE_LOOP ( 'NONE', ( #977, #1017 ) ) ;
#104 = CIRCLE ( 'NONE', #464, 0.05807086614173244399 ) ;
#105 = FILL_AREA_STYLE_COLOUR ( '', #1408 ) ;
#106 = CIRCLE ( 'NONE', #333, 0.06102362204724393058 ) ;
#107 = VECTOR ( 'NONE', #608, 39.37007874015748143 ) ;
#108 = LINE ( 'NONE', #1521, #748 ) ;
#109 = DIRECTION ( 'NONE',  ( 0.000000000000000000, 0.000000000000000000, 1.000000000000000000 ) ) ;
#110 = AXIS2_PLACEMENT_3D ( 'NONE', #1501, #1358, #511 ) ;
#111 = CIRCLE ( 'NONE', #1441, 0.09842519685039433086 ) ;
#112 = VERTEX_POINT ( 'NONE', #843 ) ;
#113 = CARTESIAN_POINT ( 'NONE',  ( 1.256999999999999673, -1.249999999999998446, -7.600000000000002309 ) ) ;
#114 =( LENGTH_UNIT ( ) NAMED_UNIT ( * ) SI_UNIT ( $, .METRE. ) );
#115 = CARTESIAN_POINT ( 'NONE',  ( 1.246999999999999886, -1.302165354330709235, -7.350000000000002309 ) ) ;
#116 = ORIENTED_EDGE ( 'NONE', *, *, #933, .T. ) ;
#117 = EDGE_CURVE ( 'NONE', #1389, #1413, #743, .T. ) ;
#118 = FACE_BOUND ( 'NONE', #103, .T. ) ;
#119 = DIRECTION ( 'NONE',  ( -0.000000000000000000, 1.000000000000000000, -0.000000000000000000 ) ) ;
#120 = ORIENTED_EDGE ( 'NONE', *, *, #385, .F. ) ;
#121 = CARTESIAN_POINT ( 'NONE',  ( 1.256999999999999673, 1.249999999999998446, -7.600000000000002309 ) ) ;
#122 = CARTESIAN_POINT ( 'NONE',  ( 1.256999999999999673, -1.302165354330708791, -4.651574803149606474 ) ) ;
#123 = ORIENTED_EDGE ( 'NONE', *, *, #196, .F. ) ;
#124 = DIRECTION ( 'NONE',  ( 0.000000000000000000, 0.000000000000000000, -1.000000000000000000 ) ) ;
#125 = DIMENSIONAL_EXPONENTS ( 1.000000000000000000, 0.000000000000000000, 0.000000000000000000, 0.000000000000000000, 0.000000000000000000, 0.000000000000000000, 0.000000000000000000 ) ;
#126 = CARTESIAN_POINT ( 'NONE',  ( 1.381999999999999673, 1.500000000000000444, -7.250000000000000888 ) ) ;
#127 = EDGE_CURVE ( 'NONE', #249, #1251, #1215, .T. ) ;
#128 = EDGE_CURVE ( 'NONE', #1068, #806, #898, .T. ) ;
#129 = ORIENTED_EDGE ( 'NONE', *, *, #929, .F. ) ;
#130 = LINE ( 'NONE', #9, #467 ) ;
#131 = EDGE_CURVE ( 'NONE', #1162, #195, #1203, .T. ) ;
#132 =( NAMED_UNIT ( * ) SI_UNIT ( $, .STERADIAN. ) SOLID_ANGLE_UNIT ( ) );
#133 = DIRECTION ( 'NONE',  ( 0.000000000000000000, 0.000000000000000000, 1.000000000000000000 ) ) ;
#134 = VERTEX_POINT ( 'NONE', #711 ) ;
#135 = DIRECTION ( 'NONE',  ( 0.000000000000000000, 0.000000000000000000, -1.000000000000000000 ) ) ;
#136 = VECTOR ( 'NONE', #426, 39.37007874015748143 ) ;
#137 = DIRECTION ( 'NONE',  ( 1.000000000000000000, -0.000000000000000000, -0.000000000000000000 ) ) ;
#138 = AXIS2_PLACEMENT_3D ( 'NONE', #233, #493, #1314 ) ;
#139 = EDGE_CURVE ( 'NONE', #262, #860, #835, .T. ) ;
#140 = VECTOR ( 'NONE', #537, 39.37007874015748143 ) ;
#141 = ORIENTED_EDGE ( 'NONE', *, *, #418, .F. ) ;
#142 = CARTESIAN_POINT ( 'NONE',  ( 1.381999999999999673, -1.249999999999998446, -7.500000000000002665 ) ) ;
#143 =( GEOMETRIC_REPRESENTATION_CONTEXT ( 3 ) GLOBAL_UNCERTAINTY_ASSIGNED_CONTEXT ( ( #32 ) ) GLOBAL_UNIT_ASSIGNED_CONTEXT ( ( #382, #616, #1241 ) ) REPRESENTATION_CONTEXT ( 'NONE', 'WORKASPACE' ) );
#144 = CARTESIAN_POINT ( 'NONE',  ( 1.499999999999999778, -1.499999999999999778, -4.500000000000000888 ) ) ;
#145 = ORIENTED_EDGE ( 'NONE', *, *, #1212, .F. ) ;
#146 = CARTESIAN_POINT ( 'NONE',  ( 1.298023622047243864, -1.600000000000000311, -6.850000000000001421 ) ) ;
#147 = CARTESIAN_POINT ( 'NONE',  ( 1.060149606299212177, 1.302165354330708791, -7.388070866141735138 ) ) ;
#148 = EDGE_LOOP ( 'NONE', ( #182, #417, #1572, #1070 ) ) ;
#149 = CARTESIAN_POINT ( 'NONE',  ( 1.499999999999999778, 1.600000000000000311, -4.500000000000001776 ) ) ;
#150 = CYLINDRICAL_SURFACE ( 'NONE', #524, 0.09842519685039378963 ) ;
#151 = ORIENTED_EDGE ( 'NONE', *, *, #323, .T. ) ;
#152 =( LENGTH_UNIT ( ) NAMED_UNIT ( * ) SI_UNIT ( $, .METRE. ) );
#153 = ORIENTED_EDGE ( 'NONE', *, *, #196, .T. ) ;
#154 = DIRECTION ( 'NONE',  ( 0.000000000000000000, 0.000000000000000000, 1.000000000000000000 ) ) ;
#155 = PLANE ( 'NONE',  #110 ) ;
#156 = ORIENTED_EDGE ( 'NONE', *, *, #94, .T. ) ;
#157 = CARTESIAN_POINT ( 'NONE',  ( 1.246999999999999886, 1.302165354330708791, -4.651574803149607362 ) ) ;
#158 = EDGE_CURVE ( 'NONE', #563, #496, #1570, .T. ) ;
#159 = AXIS2_PLACEMENT_3D ( 'NONE', #1320, #609, #348 ) ;
#160 = ORIENTED_EDGE ( 'NONE', *, *, #127, .F. ) ;
#161 = CARTESIAN_POINT ( 'NONE',  ( 1.246999999999999886, 1.302165354330708791, -4.750000000000001776 ) ) ;
#162 = AXIS2_PLACEMENT_3D ( 'NONE', #1164, #297, #669 ) ;
#163 = CARTESIAN_POINT ( 'NONE',  ( 1.080149606299212639, -1.302165354330709235, -7.408070866141734712 ) ) ;
#164 = EDGE_LOOP ( 'NONE', ( #281, #831, #584, #1149, #1095, #719, #52, #284, #588, #151, #939, #1420 ) ) ;
#165 = CIRCLE ( 'NONE', #215, 0.06102362204724393058 ) ;
#166 = EDGE_CURVE ( 'NONE', #952, #1454, #791, .T. ) ;
#167 = ORIENTED_EDGE ( 'NONE', *, *, #758, .F. ) ;
#168 = PLANE ( 'NONE',  #271 ) ;
#169 = VERTEX_POINT ( 'NONE', #703 ) ;
#170 = ADVANCED_FACE ( 'NONE', ( #243 ), #597, .T. ) ;
#171 = DIRECTION ( 'NONE',  ( 0.000000000000000000, 0.000000000000000000, 1.000000000000000000 ) ) ;
#172 = CARTESIAN_POINT ( 'NONE',  ( 1.060149606299212177, -1.302165354330709235, -7.408070866141734712 ) ) ;
#173 = FACE_OUTER_BOUND ( 'NONE', #688, .T. ) ;
#174 = DIRECTION ( 'NONE',  ( -1.000000000000000000, 0.000000000000000000, 0.000000000000000000 ) ) ;
#175 = EDGE_LOOP ( 'NONE', ( #811, #145, #1428, #71 ) ) ;
#176 = CARTESIAN_POINT ( 'NONE',  ( 1.381999999999999673, -1.499999999999999778, -7.250000000000000888 ) ) ;
#177 = DIRECTION ( 'NONE',  ( 0.000000000000000000, 0.000000000000000000, 1.000000000000000000 ) ) ;
#178 = FACE_OUTER_BOUND ( 'NONE', #908, .T. ) ;
#179 = AXIS2_PLACEMENT_3D ( 'NONE', #747, #1487, #384 ) ;
#180 = CARTESIAN_POINT ( 'NONE',  ( 5.955333881989093747, -1.600000000000000089, -7.250000000000000888 ) ) ;
#181 = EDGE_CURVE ( 'NONE', #326, #806, #1340, .T. ) ;
#182 = ORIENTED_EDGE ( 'NONE', *, *, #1204, .F. ) ;
#183 = CARTESIAN_POINT ( 'NONE',  ( 1.246999999999999886, -1.302165354330708791, -4.808070866141733291 ) ) ;
#184 = CIRCLE ( 'NONE', #1082, 0.05807086614173244399 ) ;
#185 = AXIS2_PLACEMENT_3D ( 'NONE', #1035, #1417, #776 ) ;
#186 = ORIENTED_EDGE ( 'NONE', *, *, #1171, .T. ) ;
#187 = DIRECTION ( 'NONE',  ( 0.000000000000000000, 0.000000000000000000, 1.000000000000000000 ) ) ;
#188 = ADVANCED_FACE ( 'NONE', ( #971 ), #1221, .F. ) ;
#189 = VECTOR ( 'NONE', #506, 39.37007874015748143 ) ;
#190 = DIRECTION ( 'NONE',  ( -1.000000000000000000, 0.000000000000000000, 0.000000000000000000 ) ) ;
#191 = EDGE_CURVE ( 'NONE', #400, #860, #580, .T. ) ;
#192 = CARTESIAN_POINT ( 'NONE',  ( 1.256999999999999673, 1.302165354330708791, -4.750000000000001776 ) ) ;
#193 = EDGE_CURVE ( 'NONE', #1047, #1313, #1298, .T. ) ;
#194 = DIRECTION ( 'NONE',  ( -1.000000000000000000, 0.000000000000000000, 0.000000000000000000 ) ) ;
#195 = VERTEX_POINT ( 'NONE', #1098 ) ;
#196 = EDGE_CURVE ( 'NONE', #813, #1389, #1073, .T. ) ;
#197 = ORIENTED_EDGE ( 'NONE', *, *, #1277, .T. ) ;
#198 = LINE ( 'NONE', #1406, #1131 ) ;
#199 = CARTESIAN_POINT ( 'NONE',  ( 1.256999999999999895, -1.600000000000000311, -5.204823182030054340 ) ) ;
#200 = LINE ( 'NONE', #676, #1227 ) ;
#201 = ORIENTED_EDGE ( 'NONE', *, *, #1116, .T. ) ;
#202 = ORIENTED_EDGE ( 'NONE', *, *, #566, .F. ) ;
#203 = DIRECTION ( 'NONE',  ( 0.000000000000000000, 0.000000000000000000, -1.000000000000000000 ) ) ;
#204 = PRODUCT_DEFINITION_CONTEXT ( 'detailed design', #1287, 'design' ) ;
#205 = CARTESIAN_POINT ( 'NONE',  ( 1.246999999999999886, 1.302165354330708791, -4.750000000000001776 ) ) ;
#206 = DIRECTION ( 'NONE',  ( 1.000000000000000000, 0.000000000000000000, -0.000000000000000000 ) ) ;
#207 = ORIENTED_EDGE ( 'NONE', *, *, #851, .T. ) ;
#208 = DIRECTION ( 'NONE',  ( -1.000000000000000000, 0.000000000000000000, 0.000000000000000000 ) ) ;
#209 = VECTOR ( 'NONE', #730, 39.37007874015748143 ) ;
#210 = CIRCLE ( 'NONE', #592, 0.3500000000000014766 ) ;
#211 = ORIENTED_EDGE ( 'NONE', *, *, #1171, .F. ) ;
#212 = CARTESIAN_POINT ( 'NONE',  ( 1.256999999999999673, -1.302165354330709235, -7.448425196850395835 ) ) ;
#213 = VECTOR ( 'NONE', #1561, 39.37007874015748143 ) ;
#214 = CARTESIAN_POINT ( 'NONE',  ( 1.080149606299212639, -1.302165354330709235, -7.350000000000002309 ) ) ;
#215 = AXIS2_PLACEMENT_3D ( 'NONE', #1343, #992, #866 ) ;
#216 = CARTESIAN_POINT ( 'NONE',  ( 1.381999999999999673, 1.500000000000000444, -4.500000000000001776 ) ) ;
#217 = ORIENTED_EDGE ( 'NONE', *, *, #1212, .T. ) ;
#218 = CARTESIAN_POINT ( 'NONE',  ( 1.298023622047243864, 1.600000000000000311, -5.250000000000001776 ) ) ;
#219 = EDGE_LOOP ( 'NONE', ( #562, #1207 ) ) ;
#220 = CARTESIAN_POINT ( 'NONE',  ( 1.298023622047243864, 1.600000000000000311, -6.911023622047245851 ) ) ;
#221 = DIRECTION ( 'NONE',  ( 1.000000000000000000, 0.000000000000000000, -0.000000000000000000 ) ) ;
#222 = EDGE_CURVE ( 'NONE', #1126, #249, #104, .T. ) ;
#223 = CARTESIAN_POINT ( 'NONE',  ( 1.256999999999999673, 1.500000000000000444, -4.500000000000001776 ) ) ;
#224 = DIRECTION ( 'NONE',  ( 0.000000000000000000, 0.000000000000000000, -1.000000000000000000 ) ) ;
#225 = ORIENTED_EDGE ( 'NONE', *, *, #1571, .T. ) ;
#226 = DIRECTION ( 'NONE',  ( 0.000000000000000000, 0.000000000000000000, -1.000000000000000000 ) ) ;
#227 = CARTESIAN_POINT ( 'NONE',  ( 1.298023622047243864, -1.600000000000000311, -6.850000000000001421 ) ) ;
#228 = ORIENTED_EDGE ( 'NONE', *, *, #481, .T. ) ;
#229 = CARTESIAN_POINT ( 'NONE',  ( 5.955333881989093747, -1.249999999999998446, -7.250000000000000888 ) ) ;
#230 = LINE ( 'NONE', #479, #1363 ) ;
#231 = CARTESIAN_POINT ( 'NONE',  ( 1.246999999999999886, -1.302165354330708791, -4.750000000000000888 ) ) ;
#232 = ORIENTED_EDGE ( 'NONE', *, *, #383, .F. ) ;
#233 = CARTESIAN_POINT ( 'NONE',  ( 1.246999999999999886, -1.302165354330708791, -4.750000000000000888 ) ) ;
#234 = EDGE_CURVE ( 'NONE', #400, #95, #587, .T. ) ;
#235 = DIRECTION ( 'NONE',  ( 1.000000000000000000, -0.000000000000000000, -0.000000000000000000 ) ) ;
#236 = ORIENTED_EDGE ( 'NONE', *, *, #193, .F. ) ;
#237 = CONICAL_SURFACE ( 'NONE', #1031, 0.03807086614173156580, 0.7853981633974541632 ) ;
#238 = VECTOR ( 'NONE', #909, 39.37007874015748143 ) ;
#239 = DIRECTION ( 'NONE',  ( 0.7071067811865452413, 8.659560562354961208E-17, 0.7071067811865497932 ) ) ;
#240 = AXIS2_PLACEMENT_3D ( 'NONE', #1459, #358, #1578 ) ;
#241 = DIMENSIONAL_EXPONENTS ( 1.000000000000000000, 0.000000000000000000, 0.000000000000000000, 0.000000000000000000, 0.000000000000000000, 0.000000000000000000, 0.000000000000000000 ) ;
#242 = AXIS2_PLACEMENT_3D ( 'NONE', #691, #1318, #825 ) ;
#243 = FACE_OUTER_BOUND ( 'NONE', #449, .T. ) ;
#244 = CIRCLE ( 'NONE', #1136, 0.05807086614173190275 ) ;
#245 = VERTEX_POINT ( 'NONE', #1303 ) ;
#246 = CYLINDRICAL_SURFACE ( 'NONE', #847, 0.06102362204724393058 ) ;
#247 = ADVANCED_FACE ( 'NONE', ( #491 ), #237, .T. ) ;
#248 = DIRECTION ( 'NONE',  ( 1.000000000000000000, 0.000000000000000000, 0.000000000000000000 ) ) ;
#249 = VERTEX_POINT ( 'NONE', #1466 ) ;
#250 = ADVANCED_FACE ( 'NONE', ( #369 ), #500, .T. ) ;
#251 = LINE ( 'NONE', #1193, #1332 ) ;
#252 = DIRECTION ( 'NONE',  ( 0.000000000000000000, 0.000000000000000000, -1.000000000000000000 ) ) ;
#253 = ORIENTED_EDGE ( 'NONE', *, *, #117, .F. ) ;
#254 = CARTESIAN_POINT ( 'NONE',  ( 1.246999999999999886, 1.302165354330708791, -7.251574803149608783 ) ) ;
#255 = DIRECTION ( 'NONE',  ( 1.000000000000000000, -0.000000000000000000, -0.000000000000000000 ) ) ;
#256 = EDGE_LOOP ( 'NONE', ( #1038, #462, #68, #581, #626, #598, #557, #656 ) ) ;
#257 = PRESENTATION_STYLE_ASSIGNMENT (( #390 ) ) ;
#258 = DIRECTION ( 'NONE',  ( 0.000000000000000000, -1.000000000000000000, 0.000000000000000000 ) ) ;
#259 = ORIENTED_EDGE ( 'NONE', *, *, #1403, .T. ) ;
#260 = DIRECTION ( 'NONE',  ( 0.000000000000000000, 9.933992704233686448E-17, 1.000000000000000000 ) ) ;
#261 = CARTESIAN_POINT ( 'NONE',  ( 1.256999999999999673, -1.302165354330708791, -4.750000000000000888 ) ) ;
#262 = VERTEX_POINT ( 'NONE', #176 ) ;
#263 = DIRECTION ( 'NONE',  ( 0.000000000000000000, 0.000000000000000000, 1.000000000000000000 ) ) ;
#264 = AXIS2_PLACEMENT_3D ( 'NONE', #231, #341, #109 ) ;
#265 = LINE ( 'NONE', #1261, #1012 ) ;
#266 = AXIS2_PLACEMENT_3D ( 'NONE', #965, #605, #837 ) ;
#267 = EDGE_CURVE ( 'NONE', #850, #1422, #1560, .T. ) ;
#268 = AXIS2_PLACEMENT_3D ( 'NONE', #89, #721, #124 ) ;
#269 = ORIENTED_EDGE ( 'NONE', *, *, #734, .T. ) ;
#270 = CARTESIAN_POINT ( 'NONE',  ( 1.246999999999999886, -1.302165354330708791, -4.691929133858269374 ) ) ;
#271 = AXIS2_PLACEMENT_3D ( 'NONE', #538, #1010, #291 ) ;
#272 = FACE_OUTER_BOUND ( 'NONE', #1138, .T. ) ;
#273 = ORIENTED_EDGE ( 'NONE', *, *, #234, .F. ) ;
#274 = CARTESIAN_POINT ( 'NONE',  ( 1.298023622047243864, 1.600000000000000311, -5.250000000000001776 ) ) ;
#275 = EDGE_CURVE ( 'NONE', #1526, #389, #301, .T. ) ;
#276 = ORIENTED_EDGE ( 'NONE', *, *, #996, .T. ) ;
#277 = CARTESIAN_POINT ( 'NONE',  ( 1.246999999999999886, 1.302165354330708791, -4.750000000000001776 ) ) ;
#278 = LINE ( 'NONE', #764, #1016 ) ;
#279 = ORIENTED_EDGE ( 'NONE', *, *, #1234, .F. ) ;
#280 = CARTESIAN_POINT ( 'NONE',  ( 1.499999999999999778, 1.500000000000000444, -4.500000000000001776 ) ) ;
#281 = ORIENTED_EDGE ( 'NONE', *, *, #471, .F. ) ;
#282 = DIRECTION ( 'NONE',  ( 0.000000000000000000, -1.000000000000000000, 0.000000000000000000 ) ) ;
#283 = DIRECTION ( 'NONE',  ( 0.000000000000000000, 0.000000000000000000, -1.000000000000000000 ) ) ;
#284 = ORIENTED_EDGE ( 'NONE', *, *, #1412, .T. ) ;
#285 = ADVANCED_FACE ( 'NONE', ( #1122 ), #989, .T. ) ;
#286 = VECTOR ( 'NONE', #1394, 39.37007874015748143 ) ;
#287 = CIRCLE ( 'NONE', #1331, 0.06102362204724393058 ) ;
#288 = VERTEX_POINT ( 'NONE', #775 ) ;
#289 = ADVANCED_FACE ( 'NONE', ( #1105 ), #738, .F. ) ;
#290 = VECTOR ( 'NONE', #39, 39.37007874015748143 ) ;
#291 = DIRECTION ( 'NONE',  ( -0.000000000000000000, 0.000000000000000000, -1.000000000000000000 ) ) ;
#292 = AXIS2_PLACEMENT_3D ( 'NONE', #967, #1472, #848 ) ;
#293 = ORIENTED_EDGE ( 'NONE', *, *, #1255, .T. ) ;
#294 = AXIS2_PLACEMENT_3D ( 'NONE', #1269, #555, #98 ) ;
#295 = DIRECTION ( 'NONE',  ( -1.000000000000000000, 0.000000000000000000, 0.000000000000000000 ) ) ;
#296 = EDGE_CURVE ( 'NONE', #1338, #1162, #265, .T. ) ;
#297 = DIRECTION ( 'NONE',  ( -1.000000000000000000, 0.000000000000000000, 0.000000000000000000 ) ) ;
#298 = DIRECTION ( 'NONE',  ( -0.000000000000000000, 1.000000000000000000, -0.000000000000000000 ) ) ;
#299 = CARTESIAN_POINT ( 'NONE',  ( 1.256999999999999673, -1.302165354330709235, -7.350000000000002309 ) ) ;
#300 = ORIENTED_EDGE ( 'NONE', *, *, #158, .F. ) ;
#301 = LINE ( 'NONE', #1005, #568 ) ;
#302 = DIRECTION ( 'NONE',  ( -1.000000000000000000, 0.000000000000000000, 0.000000000000000000 ) ) ;
#303 = CARTESIAN_POINT ( 'NONE',  ( 1.256999999999999673, 1.600000000000000311, -4.500000000000001776 ) ) ;
#304 = LINE ( 'NONE', #1401, #881 ) ;
#305 = VERTEX_POINT ( 'NONE', #1032 ) ;
#306 = ORIENTED_EDGE ( 'NONE', *, *, #222, .T. ) ;
#307 = CARTESIAN_POINT ( 'NONE',  ( 1.246999999999999886, 1.302165354330708791, -7.350000000000002309 ) ) ;
#308 = DIRECTION ( 'NONE',  ( 0.000000000000000000, 0.000000000000000000, -1.000000000000000000 ) ) ;
#309 = ORIENTED_EDGE ( 'NONE', *, *, #983, .T. ) ;
#310 = AXIS2_PLACEMENT_3D ( 'NONE', #1411, #206, #415 ) ;
#311 = ORIENTED_EDGE ( 'NONE', *, *, #1006, .F. ) ;
#312 = DIRECTION ( 'NONE',  ( -1.000000000000000000, 0.000000000000000000, 0.000000000000000000 ) ) ;
#313 = CIRCLE ( 'NONE', #1206, 0.09842519685039378963 ) ;
#314 = CIRCLE ( 'NONE', #185, 0.05807086614173190275 ) ;
#315 = ORIENTED_EDGE ( 'NONE', *, *, #1204, .T. ) ;
#316 = CARTESIAN_POINT ( 'NONE',  ( 1.499999999999999778, 1.249999999999998446, -7.500000000000002665 ) ) ;
#317 = AXIS2_PLACEMENT_3D ( 'NONE', #1344, #255, #344 ) ;
#318 = LINE ( 'NONE', #1550, #820 ) ;
#319 = DIRECTION ( 'NONE',  ( -0.000000000000000000, 1.000000000000000000, -0.000000000000000000 ) ) ;
#320 = VERTEX_POINT ( 'NONE', #375 ) ;
#321 = VERTEX_POINT ( 'NONE', #870 ) ;
#322 = CARTESIAN_POINT ( 'NONE',  ( 1.499999999999999778, -1.249999999999998446, -7.600000000000002309 ) ) ;
#323 = EDGE_CURVE ( 'NONE', #321, #968, #715, .T. ) ;
#324 = DIRECTION ( 'NONE',  ( 0.000000000000000000, 0.000000000000000000, -1.000000000000000000 ) ) ;
#325 = CYLINDRICAL_SURFACE ( 'NONE', #497, 0.05807086614173190275 ) ;
#326 = VERTEX_POINT ( 'NONE', #147 ) ;
#327 = ORIENTED_EDGE ( 'NONE', *, *, #1304, .T. ) ;
#328 = CARTESIAN_POINT ( 'NONE',  ( 1.256999999999999895, 1.600000000000000311, -5.295176817969950100 ) ) ;
#329 = LINE ( 'NONE', #354, #213 ) ;
#330 = DIRECTION ( 'NONE',  ( 0.000000000000000000, 0.000000000000000000, 1.000000000000000000 ) ) ;
#331 = ORIENTED_EDGE ( 'NONE', *, *, #1000, .F. ) ;
#332 = DIRECTION ( 'NONE',  ( 0.000000000000000000, 0.000000000000000000, 1.000000000000000000 ) ) ;
#333 = AXIS2_PLACEMENT_3D ( 'NONE', #689, #1065, #1309 ) ;
#334 = VERTEX_POINT ( 'NONE', #657 ) ;
#335 = DIRECTION ( 'NONE',  ( 0.000000000000000000, 0.000000000000000000, 1.000000000000000000 ) ) ;
#336 = AXIS2_PLACEMENT_3D ( 'NONE', #809, #190, #177 ) ;
#337 = CARTESIAN_POINT ( 'NONE',  ( 1.080149606299212861, 1.302165354330708791, -7.291929133858269907 ) ) ;
#338 = VECTOR ( 'NONE', #867, 39.37007874015748854 ) ;
#339 = ADVANCED_FACE ( 'NONE', ( #1352 ), #419, .T. ) ;
#340 = CARTESIAN_POINT ( 'NONE',  ( 1.246999999999999886, -1.302165354330708791, -4.848425196850395302 ) ) ;
#341 = DIRECTION ( 'NONE',  ( -1.000000000000000000, 0.000000000000000000, 0.000000000000000000 ) ) ;
#342 = EDGE_LOOP ( 'NONE', ( #425, #279, #1296, #386 ) ) ;
#343 = CARTESIAN_POINT ( 'NONE',  ( 1.256999999999999673, 1.302165354330708791, -7.350000000000002309 ) ) ;
#344 = DIRECTION ( 'NONE',  ( 0.000000000000000000, 0.000000000000000000, -1.000000000000000000 ) ) ;
#345 = ORIENTED_EDGE ( 'NONE', *, *, #1200, .F. ) ;
#346 = DIRECTION ( 'NONE',  ( -1.000000000000000000, -0.000000000000000000, -0.000000000000000000 ) ) ;
#347 = LINE ( 'NONE', #930, #1158 ) ;
#348 = DIRECTION ( 'NONE',  ( 0.000000000000000000, 0.000000000000000000, 1.000000000000000000 ) ) ;
#349 = ORIENTED_EDGE ( 'NONE', *, *, #528, .F. ) ;
#350 = CARTESIAN_POINT ( 'NONE',  ( 1.246999999999999886, 1.302165354330708791, -4.691929133858269374 ) ) ;
#351 = FACE_OUTER_BOUND ( 'NONE', #522, .T. ) ;
#352 = CARTESIAN_POINT ( 'NONE',  ( 5.955333881989093747, 1.249999999999998446, -7.600000000000002309 ) ) ;
#353 = ORIENTED_EDGE ( 'NONE', *, *, #381, .F. ) ;
#354 = CARTESIAN_POINT ( 'NONE',  ( 1.298023622047243864, -1.600000000000000311, -6.788976377952757879 ) ) ;
#355 = EDGE_CURVE ( 'NONE', #1554, #762, #620, .T. ) ;
#356 = LINE ( 'NONE', #485, #844 ) ;
#357 = ORIENTED_EDGE ( 'NONE', *, *, #519, .F. ) ;
#358 = DIRECTION ( 'NONE',  ( 1.000000000000000000, -0.000000000000000000, -0.000000000000000000 ) ) ;
#359 = PRODUCT_CONTEXT ( 'NONE', #1214, 'mechanical' ) ;
#360 = FACE_OUTER_BOUND ( 'NONE', #915, .T. ) ;
#361 = EDGE_CURVE ( 'NONE', #477, #636, #628, .T. ) ;
#362 = ORIENTED_EDGE ( 'NONE', *, *, #530, .T. ) ;
#363 = DIRECTION ( 'NONE',  ( 0.000000000000000000, 0.000000000000000000, 1.000000000000000000 ) ) ;
#364 = AXIS2_PLACEMENT_3D ( 'NONE', #1188, #1556, #1195 ) ;
#365 = AXIS2_PLACEMENT_3D ( 'NONE', #917, #295, #171 ) ;
#366 = SURFACE_SIDE_STYLE ('',( #1456 ) ) ;
#367 = VECTOR ( 'NONE', #1372, 39.37007874015748143 ) ;
#368 = AXIS2_PLACEMENT_3D ( 'NONE', #115, #504, #717 ) ;
#369 = FACE_OUTER_BOUND ( 'NONE', #645, .T. ) ;
#370 = ORIENTED_EDGE ( 'NONE', *, *, #1498, .T. ) ;
#371 = FACE_OUTER_BOUND ( 'NONE', #442, .T. ) ;
#372 = DIRECTION ( 'NONE',  ( 0.000000000000000000, 0.000000000000000000, 1.000000000000000000 ) ) ;
#373 = ORIENTED_EDGE ( 'NONE', *, *, #13, .T. ) ;
#374 = CARTESIAN_POINT ( 'NONE',  ( 1.499999999999999778, 1.249999999999998446, -7.250000000000000888 ) ) ;
#375 = CARTESIAN_POINT ( 'NONE',  ( 1.298023622047243864, 1.600000000000000311, -6.788976377952757879 ) ) ;
#376 = ORIENTED_EDGE ( 'NONE', *, *, #452, .T. ) ;
#377 = DIRECTION ( 'NONE',  ( 0.000000000000000000, 0.000000000000000000, 1.000000000000000000 ) ) ;
#378 = DIRECTION ( 'NONE',  ( 1.000000000000000000, -0.000000000000000000, -0.000000000000000000 ) ) ;
#379 = CARTESIAN_POINT ( 'NONE',  ( 1.080149606299212639, -1.302165354330709235, -7.291929133858269907 ) ) ;
#380 = ORIENTED_EDGE ( 'NONE', *, *, #1547, .F. ) ;
#381 = EDGE_CURVE ( 'NONE', #1313, #1047, #28, .T. ) ;
#382 =( CONVERSION_BASED_UNIT ( 'INCH', #1497 ) LENGTH_UNIT ( ) NAMED_UNIT ( #241 ) );
#383 = EDGE_CURVE ( 'NONE', #1422, #850, #435, .T. ) ;
#384 = DIRECTION ( 'NONE',  ( 0.000000000000000000, -9.933992704233687680E-17, -1.000000000000000000 ) ) ;
#385 = EDGE_CURVE ( 'NONE', #673, #334, #649, .T. ) ;
#386 = ORIENTED_EDGE ( 'NONE', *, *, #1424, .T. ) ;
#387 = CARTESIAN_POINT ( 'NONE',  ( 1.246999999999999886, 1.302165354330708791, -4.848425196850395302 ) ) ;
#388 = DIRECTION ( 'NONE',  ( 0.000000000000000000, 0.000000000000000000, -1.000000000000000000 ) ) ;
#389 = VERTEX_POINT ( 'NONE', #1391 ) ;
#390 = SURFACE_STYLE_USAGE ( .BOTH. , #366 ) ;
#391 = AXIS2_PLACEMENT_3D ( 'NONE', #1051, #575, #1165 ) ;
#392 = DIRECTION ( 'NONE',  ( -1.000000000000000000, -0.000000000000000000, -0.000000000000000000 ) ) ;
#393 = VECTOR ( 'NONE', #260, 39.37007874015748143 ) ;
#394 = CIRCLE ( 'NONE', #1275, 0.05807086614173244399 ) ;
#395 = VERTEX_POINT ( 'NONE', #55 ) ;
#396 = CARTESIAN_POINT ( 'NONE',  ( 1.246999999999999886, -1.302165354330709235, -7.251574803149608783 ) ) ;
#397 = VECTOR ( 'NONE', #102, 39.37007874015748143 ) ;
#398 = AXIS2_PLACEMENT_3D ( 'NONE', #1087, #1324, #1460 ) ;
#399 = DIRECTION ( 'NONE',  ( -1.000000000000000000, 0.000000000000000000, 0.000000000000000000 ) ) ;
#400 = VERTEX_POINT ( 'NONE', #1042 ) ;
#401 = LINE ( 'NONE', #887, #189 ) ;
#402 = ORIENTED_EDGE ( 'NONE', *, *, #897, .F. ) ;
#403 = DIRECTION ( 'NONE',  ( 1.000000000000000000, -0.000000000000000000, -0.000000000000000000 ) ) ;
#404 = ORIENTED_EDGE ( 'NONE', *, *, #1025, .F. ) ;
#405 = ADVANCED_FACE ( 'NONE', ( #1475 ), #1397, .F. ) ;
#406 = CIRCLE ( 'NONE', #1009, 0.09842519685039378963 ) ;
#407 = EDGE_LOOP ( 'NONE', ( #236, #1160, #536, #482 ) ) ;
#408 = FACE_OUTER_BOUND ( 'NONE', #945, .T. ) ;
#409 = CARTESIAN_POINT ( 'NONE',  ( 1.499999999999999778, 1.249999999999998446, -7.250000000000000888 ) ) ;
#410 = ORIENTED_EDGE ( 'NONE', *, *, #1063, .T. ) ;
#411 = EDGE_CURVE ( 'NONE', #61, #477, #1283, .T. ) ;
#412 = ADVANCED_FACE ( 'NONE', ( #681 ), #1177, .T. ) ;
#413 = VECTOR ( 'NONE', #1426, 39.37007874015748143 ) ;
#414 = AXIS2_PLACEMENT_3D ( 'NONE', #1555, #457, #1549 ) ;
#415 = DIRECTION ( 'NONE',  ( -0.000000000000000000, 0.000000000000000000, -1.000000000000000000 ) ) ;
#416 = DIRECTION ( 'NONE',  ( 0.000000000000000000, 0.000000000000000000, 1.000000000000000000 ) ) ;
#417 = ORIENTED_EDGE ( 'NONE', *, *, #411, .T. ) ;
#418 = EDGE_CURVE ( 'NONE', #169, #321, #935, .T. ) ;
#419 = CYLINDRICAL_SURFACE ( 'NONE', #817, 0.05807086614173244399 ) ;
#420 = PLANE ( 'NONE',  #336 ) ;
#421 = ADVANCED_FACE ( 'NONE', ( #432 ), #960, .T. ) ;
#422 = VERTEX_POINT ( 'NONE', #220 ) ;
#423 = DIRECTION ( 'NONE',  ( 0.000000000000000000, -9.933992704233687680E-17, -1.000000000000000000 ) ) ;
#424 = ORIENTED_EDGE ( 'NONE', *, *, #615, .T. ) ;
#425 = ORIENTED_EDGE ( 'NONE', *, *, #91, .F. ) ;
#426 = DIRECTION ( 'NONE',  ( 1.000000000000000000, -0.000000000000000000, -0.000000000000000000 ) ) ;
#427 = DIRECTION ( 'NONE',  ( 0.000000000000000000, 0.000000000000000000, 1.000000000000000000 ) ) ;
#428 = PLANE ( 'NONE',  #310 ) ;
#429 = DIRECTION ( 'NONE',  ( 0.000000000000000000, 1.821231995776175479E-16, 1.000000000000000000 ) ) ;
#430 = ORIENTED_EDGE ( 'NONE', *, *, #654, .T. ) ;
#431 = ORIENTED_EDGE ( 'NONE', *, *, #1520, .T. ) ;
#432 = FACE_OUTER_BOUND ( 'NONE', #593, .T. ) ;
#433 = FACE_OUTER_BOUND ( 'NONE', #489, .T. ) ;
#434 = EDGE_LOOP ( 'NONE', ( #622, #1247, #253, #123 ) ) ;
#435 = CIRCLE ( 'NONE', #365, 0.05807086614173244399 ) ;
#436 = CIRCLE ( 'NONE', #614, 0.05807086614173244399 ) ;
#437 = CARTESIAN_POINT ( 'NONE',  ( 1.256999999999999673, -1.600000000000000089, -7.250000000000000888 ) ) ;
#438 = VERTEX_POINT ( 'NONE', #573 ) ;
#439 = DIRECTION ( 'NONE',  ( 0.000000000000000000, 0.000000000000000000, 1.000000000000000000 ) ) ;
#440 = CIRCLE ( 'NONE', #498, 0.09842519685039378963 ) ;
#441 = CONICAL_SURFACE ( 'NONE', #545, 0.03807086614173320338, 0.7853981633974262966 ) ;
#442 = EDGE_LOOP ( 'NONE', ( #1507, #1260, #938, #1308 ) ) ;
#443 = CARTESIAN_POINT ( 'NONE',  ( 1.298023622047243864, 1.600000000000000311, -5.188976377952758234 ) ) ;
#444 = CONICAL_SURFACE ( 'NONE', #1471, 0.03807086614173156580, 0.7853981633974514986 ) ;
#445 = AXIS2_PLACEMENT_3D ( 'NONE', #838, #696, #494 ) ;
#446 = DIRECTION ( 'NONE',  ( 1.000000000000000000, -0.000000000000000000, -0.000000000000000000 ) ) ;
#447 = LINE ( 'NONE', #303, #1271 ) ;
#448 = ORIENTED_EDGE ( 'NONE', *, *, #972, .T. ) ;
#449 = EDGE_LOOP ( 'NONE', ( #973, #1355, #1020, #380 ) ) ;
#450 = CARTESIAN_POINT ( 'NONE',  ( 1.499999999999999778, -1.249999999999998446, -7.250000000000000888 ) ) ;
#451 = CYLINDRICAL_SURFACE ( 'NONE', #767, 0.2500000000000019984 ) ;
#452 = EDGE_CURVE ( 'NONE', #41, #922, #1317, .T. ) ;
#453 = DIRECTION ( 'NONE',  ( -1.000000000000000000, 0.000000000000000000, 0.000000000000000000 ) ) ;
#454 = EDGE_CURVE ( 'NONE', #422, #1559, #106, .T. ) ;
#455 = VERTEX_POINT ( 'NONE', #800 ) ;
#456 = VERTEX_POINT ( 'NONE', #328 ) ;
#457 = DIRECTION ( 'NONE',  ( 1.000000000000000000, -0.000000000000000000, -0.000000000000000000 ) ) ;
#458 = EDGE_CURVE ( 'NONE', #1167, #395, #198, .T. ) ;
#459 = CARTESIAN_POINT ( 'NONE',  ( 1.499999999999999778, 1.600000000000000311, -4.500000000000001776 ) ) ;
#460 = DIRECTION ( 'NONE',  ( 0.000000000000000000, -1.000000000000000000, 1.821231995776175725E-16 ) ) ;
#461 = EDGE_CURVE ( 'NONE', #477, #1216, #210, .T. ) ;
#462 = ORIENTED_EDGE ( 'NONE', *, *, #933, .F. ) ;
#463 = CARTESIAN_POINT ( 'NONE',  ( 1.246999999999999886, 1.302165354330708791, -4.750000000000001776 ) ) ;
#464 = AXIS2_PLACEMENT_3D ( 'NONE', #693, #1576, #330 ) ;
#465 = DIRECTION ( 'NONE',  ( -0.000000000000000000, 0.000000000000000000, -1.000000000000000000 ) ) ;
#466 = CARTESIAN_POINT ( 'NONE',  ( 1.060149606299212177, 1.302165354330708791, -7.350000000000002309 ) ) ;
#467 = VECTOR ( 'NONE', #503, 39.37007874015748854 ) ;
#468 = ORIENTED_EDGE ( 'NONE', *, *, #768, .T. ) ;
#469 = CARTESIAN_POINT ( 'NONE',  ( 1.499999999999999778, 1.249999999999998446, -7.600000000000002309 ) ) ;
#470 = CIRCLE ( 'NONE', #6, 0.05807086614173244399 ) ;
#471 = EDGE_CURVE ( 'NONE', #1216, #1162, #807, .T. ) ;
#472 = AXIS2_PLACEMENT_3D ( 'NONE', #697, #583, #733 ) ;
#473 = CARTESIAN_POINT ( 'NONE',  ( 1.499999999999999778, 1.500000000000000444, -7.250000000000000888 ) ) ;
#474 = CIRCLE ( 'NONE', #294, 0.09842519685039433086 ) ;
#475 = CYLINDRICAL_SURFACE ( 'NONE', #690, 0.09842519685039433086 ) ;
#476 = CARTESIAN_POINT ( 'NONE',  ( 1.060149606299212177, 1.302165354330708791, -4.750000000000001776 ) ) ;
#477 = VERTEX_POINT ( 'NONE', #322 ) ;
#478 = LINE ( 'NONE', #611, #520 ) ;
#479 = CARTESIAN_POINT ( 'NONE',  ( 1.246999999999999886, -1.302165354330709235, -7.448425196850395835 ) ) ;
#480 = CYLINDRICAL_SURFACE ( 'NONE', #1544, 0.05807086614173244399 ) ;
#481 = EDGE_CURVE ( 'NONE', #1535, #134, #436, .T. ) ;
#482 = ORIENTED_EDGE ( 'NONE', *, *, #615, .F. ) ;
#483 = FILL_AREA_STYLE ('',( #105 ) ) ;
#484 = ADVANCED_FACE ( 'NONE', ( #1297, #1055 ), #699, .T. ) ;
#485 = CARTESIAN_POINT ( 'NONE',  ( 1.256999999999999673, -1.600000000000000311, -6.804823182030053985 ) ) ;
#486 = ORIENTED_EDGE ( 'NONE', *, *, #1361, .T. ) ;
#487 = FACE_OUTER_BOUND ( 'NONE', #531, .T. ) ;
#488 = CARTESIAN_POINT ( 'NONE',  ( 1.499999999999999778, -1.600000000000000089, -7.250000000000000888 ) ) ;
#489 = EDGE_LOOP ( 'NONE', ( #765, #874, #370, #1316 ) ) ;
#490 = PLANE ( 'NONE',  #745 ) ;
#491 = FACE_OUTER_BOUND ( 'NONE', #407, .T. ) ;
#492 = ORIENTED_EDGE ( 'NONE', *, *, #1097, .T. ) ;
#493 = DIRECTION ( 'NONE',  ( -1.000000000000000000, 0.000000000000000000, 0.000000000000000000 ) ) ;
#494 = DIRECTION ( 'NONE',  ( 0.000000000000000000, 0.000000000000000000, 1.000000000000000000 ) ) ;
#495 = CARTESIAN_POINT ( 'NONE',  ( 1.298023622047243864, 1.600000000000000311, -5.250000000000001776 ) ) ;
#496 = VERTEX_POINT ( 'NONE', #443 ) ;
#497 = AXIS2_PLACEMENT_3D ( 'NONE', #544, #783, #661 ) ;
#498 = AXIS2_PLACEMENT_3D ( 'NONE', #1172, #1525, #675 ) ;
#499 = AXIS2_PLACEMENT_3D ( 'NONE', #227, #1337, #332 ) ;
#500 = CYLINDRICAL_SURFACE ( 'NONE', #659, 0.3500000000000014766 ) ;
#501 = CIRCLE ( 'NONE', #445, 0.06102362204724393058 ) ;
#502 = ORIENTED_EDGE ( 'NONE', *, *, #267, .F. ) ;
#503 = DIRECTION ( 'NONE',  ( 0.7071067811865630048, 8.659560562354740573E-17, 0.7071067811865319186 ) ) ;
#504 = DIRECTION ( 'NONE',  ( -1.000000000000000000, 0.000000000000000000, 0.000000000000000000 ) ) ;
#505 = ORIENTED_EDGE ( 'NONE', *, *, #728, .F. ) ;
#506 = DIRECTION ( 'NONE',  ( 1.000000000000000000, -0.000000000000000000, -0.000000000000000000 ) ) ;
#507 = CARTESIAN_POINT ( 'NONE',  ( 1.060149606299212177, 1.302165354330708791, -4.750000000000001776 ) ) ;
#508 = VERTEX_POINT ( 'NONE', #212 ) ;
#509 = CARTESIAN_POINT ( 'NONE',  ( 1.060149606299212177, -1.302165354330709235, -7.388070866141735138 ) ) ;
#510 = ADVANCED_FACE ( 'NONE', ( #88, #585 ), #946, .T. ) ;
#511 = DIRECTION ( 'NONE',  ( 0.000000000000000000, 0.000000000000000000, 1.000000000000000000 ) ) ;
#512 = ORIENTED_EDGE ( 'NONE', *, *, #454, .T. ) ;
#513 = DIRECTION ( 'NONE',  ( 0.000000000000000000, 0.000000000000000000, 1.000000000000000000 ) ) ;
#514 = DIRECTION ( 'NONE',  ( -1.000000000000000000, 0.000000000000000000, 0.000000000000000000 ) ) ;
#515 = VERTEX_POINT ( 'NONE', #832 ) ;
#516 = FACE_BOUND ( 'NONE', #43, .T. ) ;
#517 = ORIENTED_EDGE ( 'NONE', *, *, #23, .T. ) ;
#518 = AXIS2_PLACEMENT_3D ( 'NONE', #781, #392, #1226 ) ;
#519 = EDGE_CURVE ( 'NONE', #1216, #1526, #1290, .T. ) ;
#520 = VECTOR ( 'NONE', #623, 39.37007874015748854 ) ;
#521 = CIRCLE ( 'NONE', #268, 0.09842519685039378963 ) ;
#522 = EDGE_LOOP ( 'NONE', ( #12, #1458 ) ) ;
#523 = CARTESIAN_POINT ( 'NONE',  ( 1.256999999999999895, -1.600000000000000311, -6.804823182030053985 ) ) ;
#524 = AXIS2_PLACEMENT_3D ( 'NONE', #1259, #1250, #283 ) ;
#525 = ADVANCED_FACE ( 'NONE', ( #1539 ), #1163, .T. ) ;
#526 = FACE_OUTER_BOUND ( 'NONE', #1577, .T. ) ;
#527 = ORIENTED_EDGE ( 'NONE', *, *, #808, .T. ) ;
#528 = EDGE_CURVE ( 'NONE', #779, #320, #287, .T. ) ;
#529 = CARTESIAN_POINT ( 'NONE',  ( 1.298023622047243864, -1.600000000000000311, -6.911023622047245851 ) ) ;
#530 = EDGE_CURVE ( 'NONE', #773, #634, #638, .T. ) ;
#531 = EDGE_LOOP ( 'NONE', ( #1046, #1506, #153, #1074 ) ) ;
#532 = FACE_OUTER_BOUND ( 'NONE', #891, .T. ) ;
#533 = EDGE_CURVE ( 'NONE', #326, #245, #4, .T. ) ;
#534 = DIRECTION ( 'NONE',  ( 0.000000000000000000, 0.000000000000000000, -1.000000000000000000 ) ) ;
#535 = EDGE_LOOP ( 'NONE', ( #21, #1199, #92, #35 ) ) ;
#536 = ORIENTED_EDGE ( 'NONE', *, *, #1116, .F. ) ;
#537 = DIRECTION ( 'NONE',  ( -0.000000000000000000, 1.000000000000000000, -0.000000000000000000 ) ) ;
#538 = CARTESIAN_POINT ( 'NONE',  ( 1.256999999999999673, 1.249999999999998446, -7.250000000000000888 ) ) ;
#539 = ADVANCED_FACE ( 'NONE', ( #1414 ), #1062, .T. ) ;
#540 = ORIENTED_EDGE ( 'NONE', *, *, #1498, .F. ) ;
#541 = DIRECTION ( 'NONE',  ( 0.000000000000000000, 0.000000000000000000, -1.000000000000000000 ) ) ;
#542 = LINE ( 'NONE', #1291, #1468 ) ;
#543 = VECTOR ( 'NONE', #940, 39.37007874015748143 ) ;
#544 = CARTESIAN_POINT ( 'NONE',  ( 1.060149606299212177, -1.302165354330708791, -4.750000000000000888 ) ) ;
#545 = AXIS2_PLACEMENT_3D ( 'NONE', #64, #1267, #324 ) ;
#546 = FACE_OUTER_BOUND ( 'NONE', #256, .T. ) ;
#547 = VECTOR ( 'NONE', #1574, 39.37007874015748143 ) ;
#548 = VERTEX_POINT ( 'NONE', #183 ) ;
#549 = CIRCLE ( 'NONE', #771, 0.2500000000000019984 ) ;
#550 = CARTESIAN_POINT ( 'NONE',  ( 5.955333881989093747, -1.249999999999998446, -7.600000000000002309 ) ) ;
#551 = EDGE_CURVE ( 'NONE', #673, #112, #951, .T. ) ;
#552 = ADVANCED_FACE ( 'NONE', ( #666 ), #1429, .T. ) ;
#553 = DIRECTION ( 'NONE',  ( 0.000000000000000000, 1.000000000000000000, 0.000000000000000000 ) ) ;
#554 = DIRECTION ( 'NONE',  ( 0.000000000000000000, 0.000000000000000000, -1.000000000000000000 ) ) ;
#555 = DIRECTION ( 'NONE',  ( -1.000000000000000000, 0.000000000000000000, 0.000000000000000000 ) ) ;
#556 = VERTEX_POINT ( 'NONE', #350 ) ;
#557 = ORIENTED_EDGE ( 'NONE', *, *, #296, .F. ) ;
#558 = CARTESIAN_POINT ( 'NONE',  ( 1.246999999999999886, -1.302165354330709235, -7.350000000000002309 ) ) ;
#559 = LINE ( 'NONE', #172, #1542 ) ;
#560 = FACE_OUTER_BOUND ( 'NONE', #1293, .T. ) ;
#561 = LINE ( 'NONE', #1159, #1383 ) ;
#562 = ORIENTED_EDGE ( 'NONE', *, *, #481, .F. ) ;
#563 = VERTEX_POINT ( 'NONE', #1197 ) ;
#564 = DIRECTION ( 'NONE',  ( 0.000000000000000000, 0.000000000000000000, 1.000000000000000000 ) ) ;
#565 = CARTESIAN_POINT ( 'NONE',  ( 5.955333881989093747, -1.249999999999998446, -7.250000000000000888 ) ) ;
#566 = EDGE_CURVE ( 'NONE', #548, #762, #818, .T. ) ;
#567 = LINE ( 'NONE', #1059, #3 ) ;
#568 = VECTOR ( 'NONE', #1347, 39.37007874015748143 ) ;
#569 = VECTOR ( 'NONE', #824, 39.37007874015748143 ) ;
#570 = ORIENTED_EDGE ( 'NONE', *, *, #884, .T. ) ;
#571 = CIRCLE ( 'NONE', #1180, 0.09842519685039378963 ) ;
#572 = ORIENTED_EDGE ( 'NONE', *, *, #1025, .T. ) ;
#573 = CARTESIAN_POINT ( 'NONE',  ( 1.499999999999999778, 1.600000000000000311, -4.500000000000001776 ) ) ;
#574 = LINE ( 'NONE', #1066, #1563 ) ;
#575 = DIRECTION ( 'NONE',  ( -1.000000000000000000, 0.000000000000000000, 0.000000000000000000 ) ) ;
#576 = EDGE_LOOP ( 'NONE', ( #1145, #1430, #742, #1292 ) ) ;
#577 = ORIENTED_EDGE ( 'NONE', *, *, #1480, .F. ) ;
#578 = CARTESIAN_POINT ( 'NONE',  ( 1.246999999999999886, 1.302165354330708791, -7.350000000000002309 ) ) ;
#579 = DIRECTION ( 'NONE',  ( 1.000000000000000000, -0.000000000000000000, -0.000000000000000000 ) ) ;
#580 = LINE ( 'NONE', #216, #27 ) ;
#581 = ORIENTED_EDGE ( 'NONE', *, *, #637, .T. ) ;
#582 = LENGTH_MEASURE_WITH_UNIT ( LENGTH_MEASURE( 0.02539999999999999897 ), #114 );
#583 = DIRECTION ( 'NONE',  ( 0.000000000000000000, 1.000000000000000000, 0.000000000000000000 ) ) ;
#584 = ORIENTED_EDGE ( 'NONE', *, *, #411, .F. ) ;
#585 = FACE_OUTER_BOUND ( 'NONE', #1053, .T. ) ;
#586 = CARTESIAN_POINT ( 'NONE',  ( 1.060149606299212177, 1.302165354330708791, -7.291929133858269907 ) ) ;
#587 = LINE ( 'NONE', #1437, #1354 ) ;
#588 = ORIENTED_EDGE ( 'NONE', *, *, #418, .T. ) ;
#589 = DIRECTION ( 'NONE',  ( -0.000000000000000000, 9.933992704233687680E-17, 1.000000000000000000 ) ) ;
#590 = AXIS2_PLACEMENT_3D ( 'NONE', #476, #453, #723 ) ;
#591 = DIRECTION ( 'NONE',  ( -1.000000000000000000, 0.000000000000000000, 0.000000000000000000 ) ) ;
#592 = AXIS2_PLACEMENT_3D ( 'NONE', #450, #346, #1431 ) ;
#593 = EDGE_LOOP ( 'NONE', ( #665, #492, #1405, #1518 ) ) ;
#594 = CONICAL_SURFACE ( 'NONE', #1495, 0.03807086614173320338, 0.7853981633974262966 ) ;
#595 = CYLINDRICAL_SURFACE ( 'NONE', #643, 0.05807086614173244399 ) ;
#596 = CIRCLE ( 'NONE', #1279, 0.03807086614173320338 ) ;
#597 = CYLINDRICAL_SURFACE ( 'NONE', #926, 0.09842519685039378963 ) ;
#598 = ORIENTED_EDGE ( 'NONE', *, *, #131, .F. ) ;
#599 = PLANE ( 'NONE',  #79 ) ;
#600 = FACE_OUTER_BOUND ( 'NONE', #607, .T. ) ;
#601 = ORIENTED_EDGE ( 'NONE', *, *, #75, .F. ) ;
#602 = CYLINDRICAL_SURFACE ( 'NONE', #1493, 0.09842519685039378963 ) ;
#603 = CARTESIAN_POINT ( 'NONE',  ( 1.060149606299212177, 1.302165354330708791, -4.808070866141734179 ) ) ;
#604 = VERTEX_POINT ( 'NONE', #121 ) ;
#605 = DIRECTION ( 'NONE',  ( 1.000000000000000000, -0.000000000000000000, -0.000000000000000000 ) ) ;
#606 = FACE_OUTER_BOUND ( 'NONE', #1396, .T. ) ;
#607 = EDGE_LOOP ( 'NONE', ( #349, #1395, #1371, #1196, #629, #601, #694, #410, #1485, #1369, #1265, #1375 ) ) ;
#608 = DIRECTION ( 'NONE',  ( 1.000000000000000000, -0.000000000000000000, -0.000000000000000000 ) ) ;
#609 = DIRECTION ( 'NONE',  ( 1.000000000000000000, 0.000000000000000000, 0.000000000000000000 ) ) ;
#610 = VERTEX_POINT ( 'NONE', #1334 ) ;
#611 = CARTESIAN_POINT ( 'NONE',  ( 1.060149606299212177, 1.302165354330708791, -4.788070866141732829 ) ) ;
#612 = FACE_OUTER_BOUND ( 'NONE', #77, .T. ) ;
#613 = EDGE_LOOP ( 'NONE', ( #331, #1523, #980, #1240 ) ) ;
#614 = AXIS2_PLACEMENT_3D ( 'NONE', #558, #814, #564 ) ;
#615 = EDGE_CURVE ( 'NONE', #1313, #249, #478, .T. ) ;
#616 =( NAMED_UNIT ( * ) PLANE_ANGLE_UNIT ( ) SI_UNIT ( $, .RADIAN. ) );
#617 = EDGE_CURVE ( 'NONE', #968, #1338, #1084, .T. ) ;
#618 = CIRCLE ( 'NONE', #1034, 0.09842519685039378963 ) ;
#619 = AXIS2_PLACEMENT_3D ( 'NONE', #982, #958, #133 ) ;
#620 = LINE ( 'NONE', #1273, #136 ) ;
#621 =( GEOMETRIC_REPRESENTATION_CONTEXT ( 3 ) GLOBAL_UNCERTAINTY_ASSIGNED_CONTEXT ( ( #1432 ) ) GLOBAL_UNIT_ASSIGNED_CONTEXT ( ( #957, #1224, #132 ) ) REPRESENTATION_CONTEXT ( 'NONE', 'WORKASPACE' ) );
#622 = ORIENTED_EDGE ( 'NONE', *, *, #1403, .F. ) ;
#623 = DIRECTION ( 'NONE',  ( 0.7071067811865432429, 0.000000000000000000, -0.7071067811865516806 ) ) ;
#624 = DIRECTION ( 'NONE',  ( -1.000000000000000000, -0.000000000000000000, -0.000000000000000000 ) ) ;
#625 = ADVANCED_FACE ( 'NONE', ( #487 ), #1467, .T. ) ;
#626 = ORIENTED_EDGE ( 'NONE', *, *, #1540, .T. ) ;
#627 = DIRECTION ( 'NONE',  ( -0.000000000000000000, 1.000000000000000000, -0.000000000000000000 ) ) ;
#628 = LINE ( 'NONE', #550, #1081 ) ;
#629 = ORIENTED_EDGE ( 'NONE', *, *, #1304, .F. ) ;
#630 = LINE ( 'NONE', #44, #1513 ) ;
#631 = LINE ( 'NONE', #1378, #931 ) ;
#632 = EDGE_LOOP ( 'NONE', ( #1415, #505, #1552, #986 ) ) ;
#633 = CARTESIAN_POINT ( 'NONE',  ( 1.499999999999999778, -1.599999999999999867, -4.500000000000000888 ) ) ;
#634 = VERTEX_POINT ( 'NONE', #725 ) ;
#635 = FACE_OUTER_BOUND ( 'NONE', #1189, .T. ) ;
#636 = VERTEX_POINT ( 'NONE', #113 ) ;
#637 = EDGE_CURVE ( 'NONE', #438, #305, #974, .T. ) ;
#638 = CIRCLE ( 'NONE', #53, 0.06102362204724393058 ) ;
#639 = PRESENTATION_LAYER_ASSIGNMENT (  '', '', ( #1134 ) ) ;
#640 = CIRCLE ( 'NONE', #1155, 0.06102362204724393058 ) ;
#641 = ORIENTED_EDGE ( 'NONE', *, *, #471, .T. ) ;
#642 = LINE ( 'NONE', #1127, #290 ) ;
#643 = AXIS2_PLACEMENT_3D ( 'NONE', #14, #19, #135 ) ;
#644 = DIRECTION ( 'NONE',  ( 0.000000000000000000, 0.000000000000000000, -1.000000000000000000 ) ) ;
#645 = EDGE_LOOP ( 'NONE', ( #1011, #1257, #315, #100 ) ) ;
#646 = ORIENTED_EDGE ( 'NONE', *, *, #528, .T. ) ;
#647 = PLANE ( 'NONE',  #1410 ) ;
#648 = ORIENTED_EDGE ( 'NONE', *, *, #1448, .F. ) ;
#649 = LINE ( 'NONE', #1514, #238 ) ;
#650 = ADVANCED_FACE ( 'NONE', ( #1342 ), #246, .F. ) ;
#651 = DIRECTION ( 'NONE',  ( 0.000000000000000000, 0.000000000000000000, -1.000000000000000000 ) ) ;
#652 = DIRECTION ( 'NONE',  ( 0.000000000000000000, 0.000000000000000000, 1.000000000000000000 ) ) ;
#653 = DIRECTION ( 'NONE',  ( 1.000000000000000000, -0.000000000000000000, -0.000000000000000000 ) ) ;
#654 = EDGE_CURVE ( 'NONE', #86, #95, #766, .T. ) ;
#655 = DIRECTION ( 'NONE',  ( 1.000000000000000000, -0.000000000000000000, -0.000000000000000000 ) ) ;
#656 = ORIENTED_EDGE ( 'NONE', *, *, #1205, .T. ) ;
#657 = CARTESIAN_POINT ( 'NONE',  ( 1.256999999999999673, 1.302165354330708791, -7.251574803149608783 ) ) ;
#658 = DIRECTION ( 'NONE',  ( 0.000000000000000000, 0.000000000000000000, 1.000000000000000000 ) ) ;
#659 = AXIS2_PLACEMENT_3D ( 'NONE', #1364, #47, #997 ) ;
#660 = AXIS2_PLACEMENT_3D ( 'NONE', #674, #96, #63 ) ;
#661 = DIRECTION ( 'NONE',  ( 0.000000000000000000, 0.000000000000000000, -1.000000000000000000 ) ) ;
#662 = CIRCLE ( 'NONE', #1085, 0.06102362204724393058 ) ;
#663 = DIRECTION ( 'NONE',  ( 0.000000000000000000, -1.000000000000000000, 9.933992704233687680E-17 ) ) ;
#664 = AXIS2_PLACEMENT_3D ( 'NONE', #988, #1014, #263 ) ;
#665 = ORIENTED_EDGE ( 'NONE', *, *, #701, .T. ) ;
#666 = FACE_OUTER_BOUND ( 'NONE', #1351, .T. ) ;
#667 = ORIENTED_EDGE ( 'NONE', *, *, #65, .T. ) ;
#668 = CARTESIAN_POINT ( 'NONE',  ( 5.955333881989093747, -1.600000000000000089, -7.250000000000000888 ) ) ;
#669 = DIRECTION ( 'NONE',  ( 0.000000000000000000, 0.000000000000000000, -1.000000000000000000 ) ) ;
#670 = CARTESIAN_POINT ( 'NONE',  ( 1.246999999999999886, -1.302165354330709235, -7.448425196850395835 ) ) ;
#671 = CARTESIAN_POINT ( 'NONE',  ( 1.080149606299212417, -1.302165354330708791, -4.750000000000000888 ) ) ;
#672 = ORIENTED_EDGE ( 'NONE', *, *, #1390, .F. ) ;
#673 = VERTEX_POINT ( 'NONE', #254 ) ;
#674 = CARTESIAN_POINT ( 'NONE',  ( 1.246999999999999886, -1.302165354330709235, -7.350000000000002309 ) ) ;
#675 = DIRECTION ( 'NONE',  ( 0.000000000000000000, 0.000000000000000000, -1.000000000000000000 ) ) ;
#676 = CARTESIAN_POINT ( 'NONE',  ( 1.256999999999999673, 1.600000000000000311, -4.500000000000001776 ) ) ;
#677 = ADVANCED_FACE ( 'NONE', ( #1323 ), #599, .F. ) ;
#678 = ORIENTED_EDGE ( 'NONE', *, *, #695, .F. ) ;
#679 = ADVANCED_FACE ( 'NONE', ( #371 ), #1093, .T. ) ;
#680 = EDGE_LOOP ( 'NONE', ( #994, #306, #840, #749 ) ) ;
#681 = FACE_OUTER_BOUND ( 'NONE', #1103, .T. ) ;
#682 = CARTESIAN_POINT ( 'NONE',  ( 1.256999999999999673, 1.600000000000000311, -7.250000000000000888 ) ) ;
#683 = DIRECTION ( 'NONE',  ( 0.000000000000000000, 0.000000000000000000, -1.000000000000000000 ) ) ;
#684 = VECTOR ( 'NONE', #1186, 39.37007874015748143 ) ;
#685 = ORIENTED_EDGE ( 'NONE', *, *, #1424, .F. ) ;
#686 = DIRECTION ( 'NONE',  ( 0.000000000000000000, 0.000000000000000000, 1.000000000000000000 ) ) ;
#687 = AXIS2_PLACEMENT_3D ( 'NONE', #146, #627, #513 ) ;
#688 = EDGE_LOOP ( 'NONE', ( #517, #156, #276, #1272 ) ) ;
#689 = CARTESIAN_POINT ( 'NONE',  ( 1.298023622047243864, 1.600000000000000311, -6.850000000000001421 ) ) ;
#690 = AXIS2_PLACEMENT_3D ( 'NONE', #962, #1449, #834 ) ;
#691 = CARTESIAN_POINT ( 'NONE',  ( 1.246999999999999886, 1.302165354330708791, -7.350000000000002309 ) ) ;
#692 = ADVANCED_FACE ( 'NONE', ( #1470 ), #1357, .T. ) ;
#693 = CARTESIAN_POINT ( 'NONE',  ( 1.080149606299212861, 1.302165354330708791, -4.750000000000001776 ) ) ;
#694 = ORIENTED_EDGE ( 'NONE', *, *, #637, .F. ) ;
#695 = EDGE_CURVE ( 'NONE', #245, #1068, #130, .T. ) ;
#696 = DIRECTION ( 'NONE',  ( 0.000000000000000000, 1.000000000000000000, 0.000000000000000000 ) ) ;
#697 = CARTESIAN_POINT ( 'NONE',  ( 1.298023622047243864, -1.600000000000000311, -5.250000000000001776 ) ) ;
#698 = EDGE_LOOP ( 'NONE', ( #871, #167, #937, #448 ) ) ;
#699 = PLANE ( 'NONE',  #660 ) ;
#700 = DIRECTION ( 'NONE',  ( 1.000000000000000000, 0.000000000000000000, 0.000000000000000000 ) ) ;
#701 = EDGE_CURVE ( 'NONE', #806, #1068, #184, .T. ) ;
#702 = DIRECTION ( 'NONE',  ( 0.000000000000000000, -1.000000000000000000, 1.821231995776175725E-16 ) ) ;
#703 = CARTESIAN_POINT ( 'NONE',  ( 1.499999999999999778, 1.249999999999998446, -7.500000000000002665 ) ) ;
#704 = EDGE_CURVE ( 'NONE', #922, #195, #865, .T. ) ;
#705 = ORIENTED_EDGE ( 'NONE', *, *, #117, .T. ) ;
#706 = DIRECTION ( 'NONE',  ( -1.000000000000000000, 0.000000000000000000, 0.000000000000000000 ) ) ;
#707 = APPLICATION_PROTOCOL_DEFINITION ( 'draft international standard', 'automotive_design', 1998, #1214 ) ;
#708 = DIRECTION ( 'NONE',  ( 0.000000000000000000, 0.000000000000000000, 1.000000000000000000 ) ) ;
#709 = ORIENTED_EDGE ( 'NONE', *, *, #1301, .F. ) ;
#710 = DIRECTION ( 'NONE',  ( -1.000000000000000000, 0.000000000000000000, 0.000000000000000000 ) ) ;
#711 = CARTESIAN_POINT ( 'NONE',  ( 1.246999999999999886, -1.302165354330709235, -7.291929133858269907 ) ) ;
#712 = AXIS2_PLACEMENT_3D ( 'NONE', #1147, #49, #793 ) ;
#713 = VERTEX_POINT ( 'NONE', #142 ) ;
#714 = DIRECTION ( 'NONE',  ( 0.000000000000000000, 0.000000000000000000, -1.000000000000000000 ) ) ;
#715 = CIRCLE ( 'NONE', #518, 0.2500000000000019984 ) ;
#716 = PLANE ( 'NONE',  #58 ) ;
#717 = DIRECTION ( 'NONE',  ( 0.000000000000000000, 0.000000000000000000, 1.000000000000000000 ) ) ;
#718 = AXIS2_PLACEMENT_3D ( 'NONE', #1376, #755, #894 ) ;
#719 = ORIENTED_EDGE ( 'NONE', *, *, #759, .T. ) ;
#720 = AXIS2_PLACEMENT_3D ( 'NONE', #1492, #1144, #644 ) ;
#721 = DIRECTION ( 'NONE',  ( -1.000000000000000000, 0.000000000000000000, 0.000000000000000000 ) ) ;
#722 = AXIS2_PLACEMENT_3D ( 'NONE', #671, #1527, #1166 ) ;
#723 = DIRECTION ( 'NONE',  ( 0.000000000000000000, 0.000000000000000000, 1.000000000000000000 ) ) ;
#724 = ORIENTED_EDGE ( 'NONE', *, *, #181, .T. ) ;
#725 = CARTESIAN_POINT ( 'NONE',  ( 1.298023622047243864, -1.600000000000000311, -6.788976377952757879 ) ) ;
#726 = DIRECTION ( 'NONE',  ( 1.000000000000000000, 0.000000000000000000, -0.000000000000000000 ) ) ;
#727 = LINE ( 'NONE', #352, #397 ) ;
#728 = EDGE_CURVE ( 'NONE', #845, #1167, #1491, .T. ) ;
#729 = FACE_OUTER_BOUND ( 'NONE', #175, .T. ) ;
#730 = DIRECTION ( 'NONE',  ( 0.000000000000000000, 0.000000000000000000, 1.000000000000000000 ) ) ;
#731 = ORIENTED_EDGE ( 'NONE', *, *, #385, .T. ) ;
#732 = CARTESIAN_POINT ( 'NONE',  ( 1.060149606299212177, -1.302165354330708791, -4.750000000000000888 ) ) ;
#733 = DIRECTION ( 'NONE',  ( 0.000000000000000000, 0.000000000000000000, 1.000000000000000000 ) ) ;
#734 = EDGE_CURVE ( 'NONE', #334, #610, #313, .T. ) ;
#735 = ORIENTED_EDGE ( 'NONE', *, *, #128, .F. ) ;
#736 = EDGE_CURVE ( 'NONE', #1251, #556, #1407, .T. ) ;
#737 = CARTESIAN_POINT ( 'NONE',  ( 1.256999999999999673, 1.302165354330708791, -4.848425196850395302 ) ) ;
#738 = PLANE ( 'NONE',  #179 ) ;
#739 = VERTEX_POINT ( 'NONE', #904 ) ;
#740 = DIRECTION ( 'NONE',  ( 0.000000000000000000, 0.000000000000000000, 1.000000000000000000 ) ) ;
#741 = DIRECTION ( 'NONE',  ( -1.000000000000000000, 0.000000000000000000, 0.000000000000000000 ) ) ;
#742 = ORIENTED_EDGE ( 'NONE', *, *, #519, .T. ) ;
#743 = CIRCLE ( 'NONE', #1404, 0.05807086614173244399 ) ;
#744 = FACE_OUTER_BOUND ( 'NONE', #680, .T. ) ;
#745 = AXIS2_PLACEMENT_3D ( 'NONE', #978, #221, #1090 ) ;
#746 = VECTOR ( 'NONE', #1109, 39.37007874015748143 ) ;
#747 = CARTESIAN_POINT ( 'NONE',  ( 5.955333881989093747, -1.500000000000000222, -7.250000000000000888 ) ) ;
#748 = VECTOR ( 'NONE', #655, 39.37007874015748143 ) ;
#749 = ORIENTED_EDGE ( 'NONE', *, *, #736, .T. ) ;
#750 = DIRECTION ( 'NONE',  ( -1.000000000000000000, 0.000000000000000000, 0.000000000000000000 ) ) ;
#751 = PLANE ( 'NONE',  #1382 ) ;
#752 = ORIENTED_EDGE ( 'NONE', *, *, #193, .T. ) ;
#753 = DIRECTION ( 'NONE',  ( -0.000000000000000000, 1.000000000000000000, -0.000000000000000000 ) ) ;
#754 = ORIENTED_EDGE ( 'NONE', *, *, #128, .T. ) ;
#755 = DIRECTION ( 'NONE',  ( -1.000000000000000000, 0.000000000000000000, 0.000000000000000000 ) ) ;
#756 = CARTESIAN_POINT ( 'NONE',  ( 1.298023622047243864, 1.600000000000000311, -5.311023622047246207 ) ) ;
#757 = ORIENTED_EDGE ( 'NONE', *, *, #1026, .F. ) ;
#758 = EDGE_CURVE ( 'NONE', #968, #262, #770, .T. ) ;
#759 = EDGE_CURVE ( 'NONE', #438, #1140, #1504, .T. ) ;
#760 = FACE_OUTER_BOUND ( 'NONE', #1502, .T. ) ;
#761 = ADVANCED_FACE ( 'NONE', ( #408 ), #1142, .F. ) ;
#762 = VERTEX_POINT ( 'NONE', #270 ) ;
#763 = CYLINDRICAL_SURFACE ( 'NONE', #1209, 0.09842519685039378963 ) ;
#764 = CARTESIAN_POINT ( 'NONE',  ( 1.246999999999999886, -1.302165354330709235, -7.251574803149608783 ) ) ;
#765 = ORIENTED_EDGE ( 'NONE', *, *, #166, .F. ) ;
#766 = CIRCLE ( 'NONE', #266, 0.2500000000000019984 ) ;
#767 = AXIS2_PLACEMENT_3D ( 'NONE', #565, #1531, #1385 ) ;
#768 = EDGE_CURVE ( 'NONE', #604, #636, #630, .T. ) ;
#769 = ORIENTED_EDGE ( 'NONE', *, *, #856, .F. ) ;
#770 = LINE ( 'NONE', #1238, #31 ) ;
#771 = AXIS2_PLACEMENT_3D ( 'NONE', #409, #624, #1002 ) ;
#772 = LINE ( 'NONE', #1478, #338 ) ;
#773 = VERTEX_POINT ( 'NONE', #523 ) ;
#774 = EDGE_CURVE ( 'NONE', #739, #456, #883, .T. ) ;
#775 = CARTESIAN_POINT ( 'NONE',  ( 1.060149606299212177, -1.302165354330708791, -4.711929133858269836 ) ) ;
#776 = DIRECTION ( 'NONE',  ( 0.000000000000000000, 0.000000000000000000, -1.000000000000000000 ) ) ;
#777 = ORIENTED_EDGE ( 'NONE', *, *, #1440, .T. ) ;
#778 = CARTESIAN_POINT ( 'NONE',  ( 1.256999999999999673, 1.600000000000000311, -4.500000000000001776 ) ) ;
#779 = VERTEX_POINT ( 'NONE', #1387 ) ;
#780 = EDGE_CURVE ( 'NONE', #1237, #508, #618, .T. ) ;
#781 = CARTESIAN_POINT ( 'NONE',  ( 1.499999999999999778, -1.249999999999998446, -7.250000000000000888 ) ) ;
#782 = DIRECTION ( 'NONE',  ( -1.000000000000000000, 0.000000000000000000, 0.000000000000000000 ) ) ;
#783 = DIRECTION ( 'NONE',  ( 1.000000000000000000, -0.000000000000000000, -0.000000000000000000 ) ) ;
#784 = DIRECTION ( 'NONE',  ( -1.000000000000000000, 0.000000000000000000, 0.000000000000000000 ) ) ;
#785 = ORIENTED_EDGE ( 'NONE', *, *, #1361, .F. ) ;
#786 = CARTESIAN_POINT ( 'NONE',  ( 1.499999999999999778, -1.250000000000000000, 7.249999999999998224 ) ) ;
#787 = EDGE_LOOP ( 'NONE', ( #667, #259 ) ) ;
#788 = DIRECTION ( 'NONE',  ( -1.000000000000000000, 0.000000000000000000, 0.000000000000000000 ) ) ;
#789 = EDGE_CURVE ( 'NONE', #1559, #934, #1008, .T. ) ;
#790 = CARTESIAN_POINT ( 'NONE',  ( 1.246999999999999886, -1.302165354330708791, -4.651574803149606474 ) ) ;
#791 = CIRCLE ( 'NONE', #264, 0.09842519685039433086 ) ;
#792 = AXIS2_PLACEMENT_3D ( 'NONE', #463, #953, #1443 ) ;
#793 = DIRECTION ( 'NONE',  ( 0.000000000000000000, 0.000000000000000000, 1.000000000000000000 ) ) ;
#794 = AXIS2_PLACEMENT_3D ( 'NONE', #161, #174, #1018 ) ;
#795 = DIRECTION ( 'NONE',  ( 0.000000000000000000, 0.000000000000000000, -1.000000000000000000 ) ) ;
#796 = EDGE_CURVE ( 'NONE', #556, #1251, #1254, .T. ) ;
#797 = VECTOR ( 'NONE', #1218, 39.37007874015748143 ) ;
#798 = ORIENTED_EDGE ( 'NONE', *, *, #1097, .F. ) ;
#799 = ORIENTED_EDGE ( 'NONE', *, *, #796, .T. ) ;
#800 = CARTESIAN_POINT ( 'NONE',  ( 1.060149606299212177, -1.302165354330709235, -7.311929133858268592 ) ) ;
#801 = CARTESIAN_POINT ( 'NONE',  ( 1.246999999999999886, -1.302165354330708791, -4.750000000000000888 ) ) ;
#802 = DIRECTION ( 'NONE',  ( 0.000000000000000000, 0.000000000000000000, 1.000000000000000000 ) ) ;
#803 = ADVANCED_FACE ( 'NONE', ( #532 ), #763, .T. ) ;
#804 = VERTEX_POINT ( 'NONE', #396 ) ;
#805 = PRODUCT_DEFINITION ( 'UNKNOWN', '', #1305, #204 ) ;
#806 = VERTEX_POINT ( 'NONE', #1366 ) ;
#807 = LINE ( 'NONE', #1423, #684 ) ;
#808 = EDGE_CURVE ( 'NONE', #1167, #845, #1015, .T. ) ;
#809 = CARTESIAN_POINT ( 'NONE',  ( 1.246999999999999886, 1.302165354330708791, -7.350000000000002309 ) ) ;
#810 = CARTESIAN_POINT ( 'NONE',  ( 1.381999999999999673, 1.249999999999998446, -7.500000000000002665 ) ) ;
#811 = ORIENTED_EDGE ( 'NONE', *, *, #1326, .F. ) ;
#812 = DIRECTION ( 'NONE',  ( 1.000000000000000000, 0.000000000000000000, 0.000000000000000000 ) ) ;
#813 = VERTEX_POINT ( 'NONE', #509 ) ;
#814 = DIRECTION ( 'NONE',  ( -1.000000000000000000, 0.000000000000000000, 0.000000000000000000 ) ) ;
#815 = LINE ( 'NONE', #586, #107 ) ;
#816 = CARTESIAN_POINT ( 'NONE',  ( 1.080149606299212639, -1.302165354330709235, -7.350000000000002309 ) ) ;
#817 = AXIS2_PLACEMENT_3D ( 'NONE', #1117, #137, #880 ) ;
#818 = CIRCLE ( 'NONE', #138, 0.05807086614173190275 ) ;
#819 = ORIENTED_EDGE ( 'NONE', *, *, #191, .T. ) ;
#820 = VECTOR ( 'NONE', #446, 39.37007874015748143 ) ;
#821 = AXIS2_PLACEMENT_3D ( 'NONE', #1568, #1225, #1325 ) ;
#822 = CARTESIAN_POINT ( 'NONE',  ( 1.381999999999999673, 1.249999999999998446, -7.500000000000002665 ) ) ;
#823 = EDGE_LOOP ( 'NONE', ( #893, #376, #76, #896 ) ) ;
#824 = DIRECTION ( 'NONE',  ( -1.000000000000000000, 0.000000000000000000, 0.000000000000000000 ) ) ;
#825 = DIRECTION ( 'NONE',  ( 0.000000000000000000, 0.000000000000000000, 1.000000000000000000 ) ) ;
#826 = LINE ( 'NONE', #1052, #1516 ) ;
#827 = CARTESIAN_POINT ( 'NONE',  ( 1.060149606299212177, 1.302165354330708791, -4.750000000000001776 ) ) ;
#828 = ORIENTED_EDGE ( 'NONE', *, *, #530, .F. ) ;
#829 = DIRECTION ( 'NONE',  ( -1.000000000000000000, 0.000000000000000000, 0.000000000000000000 ) ) ;
#830 = DIRECTION ( 'NONE',  ( -0.000000000000000000, 1.000000000000000000, -0.000000000000000000 ) ) ;
#831 = ORIENTED_EDGE ( 'NONE', *, *, #461, .F. ) ;
#832 = CARTESIAN_POINT ( 'NONE',  ( 1.060149606299212177, -1.302165354330708791, -4.788070866141732829 ) ) ;
#833 = CARTESIAN_POINT ( 'NONE',  ( 1.246999999999999886, -1.302165354330709235, -7.350000000000002309 ) ) ;
#834 = DIRECTION ( 'NONE',  ( 0.000000000000000000, 0.000000000000000000, -1.000000000000000000 ) ) ;
#835 = LINE ( 'NONE', #855, #209 ) ;
#836 = ORIENTED_EDGE ( 'NONE', *, *, #1026, .T. ) ;
#837 = DIRECTION ( 'NONE',  ( 0.000000000000000000, 0.000000000000000000, -1.000000000000000000 ) ) ;
#838 = CARTESIAN_POINT ( 'NONE',  ( 1.298023622047243864, -1.600000000000000311, -5.250000000000001776 ) ) ;
#839 = LINE ( 'NONE', #1088, #1439 ) ;
#840 = ORIENTED_EDGE ( 'NONE', *, *, #127, .T. ) ;
#841 = FACE_OUTER_BOUND ( 'NONE', #998, .T. ) ;
#842 = EDGE_CURVE ( 'NONE', #1413, #134, #642, .T. ) ;
#843 = CARTESIAN_POINT ( 'NONE',  ( 1.246999999999999886, 1.302165354330708791, -7.448425196850395835 ) ) ;
#844 = VECTOR ( 'NONE', #1565, 39.37007874015748143 ) ;
#845 = VERTEX_POINT ( 'NONE', #387 ) ;
#846 = DIRECTION ( 'NONE',  ( -1.000000000000000000, 0.000000000000000000, 0.000000000000000000 ) ) ;
#847 = AXIS2_PLACEMENT_3D ( 'NONE', #1217, #1573, #740 ) ;
#848 = DIRECTION ( 'NONE',  ( 0.000000000000000000, 0.000000000000000000, 1.000000000000000000 ) ) ;
#849 = AXIS2_PLACEMENT_3D ( 'NONE', #936, #553, #1043 ) ;
#850 = VERTEX_POINT ( 'NONE', #1356 ) ;
#851 = EDGE_CURVE ( 'NONE', #134, #1535, #470, .T. ) ;
#852 = CIRCLE ( 'NONE', #905, 0.09842519685039378963 ) ;
#853 = LINE ( 'NONE', #459, #1302 ) ;
#854 = AXIS2_PLACEMENT_3D ( 'NONE', #51, #920, #1148 ) ;
#855 = CARTESIAN_POINT ( 'NONE',  ( 1.381999999999999673, -1.499999999999999778, -7.250000000000000888 ) ) ;
#856 = EDGE_CURVE ( 'NONE', #1389, #1535, #559, .T. ) ;
#857 = EDGE_LOOP ( 'NONE', ( #1118, #1503, #1575, #1061 ) ) ;
#858 = CARTESIAN_POINT ( 'NONE',  ( 1.060149606299212177, -1.302165354330709235, -7.350000000000002309 ) ) ;
#859 = CARTESIAN_POINT ( 'NONE',  ( 1.060149606299212177, -1.302165354330708791, -4.808070866141733291 ) ) ;
#860 = VERTEX_POINT ( 'NONE', #1049 ) ;
#861 = DIRECTION ( 'NONE',  ( -1.000000000000000000, -0.000000000000000000, -0.000000000000000000 ) ) ;
#862 = CARTESIAN_POINT ( 'NONE',  ( 5.955333881989093747, 1.249999999999998446, -7.600000000000002309 ) ) ;
#863 = VERTEX_POINT ( 'NONE', #918 ) ;
#864 = ADVANCED_FACE ( 'NONE', ( #1285, #83 ), #420, .T. ) ;
#865 = LINE ( 'NONE', #1349, #393 ) ;
#866 = DIRECTION ( 'NONE',  ( 0.000000000000000000, 0.000000000000000000, 1.000000000000000000 ) ) ;
#867 = DIRECTION ( 'NONE',  ( 0.7071067811865634489, 8.659560562354738108E-17, 0.7071067811865314745 ) ) ;
#868 = EDGE_LOOP ( 'NONE', ( #1222, #1483 ) ) ;
#869 = CARTESIAN_POINT ( 'NONE',  ( 1.080149606299212861, 1.302165354330708791, -4.691929133858269374 ) ) ;
#870 = CARTESIAN_POINT ( 'NONE',  ( 1.499999999999999778, -1.249999999999998446, -7.500000000000002665 ) ) ;
#871 = ORIENTED_EDGE ( 'NONE', *, *, #1448, .T. ) ;
#872 = DIRECTION ( 'NONE',  ( 0.000000000000000000, 0.000000000000000000, -1.000000000000000000 ) ) ;
#873 = FACE_OUTER_BOUND ( 'NONE', #632, .T. ) ;
#874 = ORIENTED_EDGE ( 'NONE', *, *, #91, .T. ) ;
#875 = VECTOR ( 'NONE', #1450, 39.37007874015748854 ) ;
#876 = AXIS2_PLACEMENT_3D ( 'NONE', #732, #1107, #1223 ) ;
#877 = DIRECTION ( 'NONE',  ( 0.000000000000000000, 0.000000000000000000, -1.000000000000000000 ) ) ;
#878 = AXIS2_PLACEMENT_3D ( 'NONE', #277, #16, #999 ) ;
#879 = CIRCLE ( 'NONE', #664, 0.05807086614173244399 ) ;
#880 = DIRECTION ( 'NONE',  ( 0.000000000000000000, 0.000000000000000000, -1.000000000000000000 ) ) ;
#881 = VECTOR ( 'NONE', #795, 39.37007874015748143 ) ;
#882 = ORIENTED_EDGE ( 'NONE', *, *, #2, .F. ) ;
#883 = LINE ( 'NONE', #22, #140 ) ;
#884 = EDGE_CURVE ( 'NONE', #806, #1422, #318, .T. ) ;
#885 = DIRECTION ( 'NONE',  ( 0.000000000000000000, -0.000000000000000000, 1.000000000000000000 ) ) ;
#886 = ORIENTED_EDGE ( 'NONE', *, *, #796, .F. ) ;
#887 = CARTESIAN_POINT ( 'NONE',  ( 1.060149606299212177, 1.302165354330708791, -4.691929133858269374 ) ) ;
#888 = ORIENTED_EDGE ( 'NONE', *, *, #131, .T. ) ;
#889 = DIRECTION ( 'NONE',  ( -0.000000000000000000, -1.000000000000000000, -0.000000000000000000 ) ) ;
#890 = FACE_OUTER_BOUND ( 'NONE', #434, .T. ) ;
#891 = EDGE_LOOP ( 'NONE', ( #1360, #731, #269, #577 ) ) ;
#892 = CLOSED_SHELL ( 'NONE', ( #421, #1256, #339, #247, #679, #692, #525, #1327, #803, #1030, #947, #170, #761, #1152, #650, #7, #1001, #5, #1481, #1419, #1339, #1463, #1099, #285, #250, #1246, #1370, #405, #677, #906, #289, #539, #70, #1253, #1036, #484, #1541, #510, #1353, #954, #412, #864, #188, #625, #1295, #1553, #1156, #57, #552, #1367, #1115, #1321, #924, #1236 ) ) ;
#893 = ORIENTED_EDGE ( 'NONE', *, *, #75, .T. ) ;
#894 = DIRECTION ( 'NONE',  ( 0.000000000000000000, 0.000000000000000000, 1.000000000000000000 ) ) ;
#895 = FACE_BOUND ( 'NONE', #1528, .T. ) ;
#896 = ORIENTED_EDGE ( 'NONE', *, *, #1540, .F. ) ;
#897 = EDGE_CURVE ( 'NONE', #634, #863, #1359, .T. ) ;
#898 = CIRCLE ( 'NONE', #159, 0.05807086614173244399 ) ;
#899 = AXIS2_PLACEMENT_3D ( 'NONE', #69, #312, #439 ) ;
#900 = AXIS2_PLACEMENT_3D ( 'NONE', #801, #74, #651 ) ;
#901 = EDGE_CURVE ( 'NONE', #921, #1554, #314, .T. ) ;
#902 = CONICAL_SURFACE ( 'NONE', #36, 0.03807086614173320338, 0.7853981633974257415 ) ;
#903 = CARTESIAN_POINT ( 'NONE',  ( 1.298023622047243864, -1.600000000000000311, -5.250000000000001776 ) ) ;
#904 = CARTESIAN_POINT ( 'NONE',  ( 1.256999999999999895, -1.600000000000000311, -5.295176817969950100 ) ) ;
#905 = AXIS2_PLACEMENT_3D ( 'NONE', #1079, #1319, #416 ) ;
#906 = ADVANCED_FACE ( 'NONE', ( #1398 ), #451, .F. ) ;
#907 = DIRECTION ( 'NONE',  ( 0.7071067811865432429, 8.659560562354984627E-17, 0.7071067811865516806 ) ) ;
#908 = EDGE_LOOP ( 'NONE', ( #300, #1029, #1125, #327 ) ) ;
#909 = DIRECTION ( 'NONE',  ( 1.000000000000000000, -0.000000000000000000, -0.000000000000000000 ) ) ;
#910 = EDGE_CURVE ( 'NONE', #508, #1237, #440, .T. ) ;
#911 = CARTESIAN_POINT ( 'NONE',  ( 1.256999999999999673, 1.302165354330708791, -7.350000000000002309 ) ) ;
#912 = DIRECTION ( 'NONE',  ( -0.000000000000000000, -0.000000000000000000, -1.000000000000000000 ) ) ;
#913 = CARTESIAN_POINT ( 'NONE',  ( 1.381999999999999673, -1.249999999999998446, -7.250000000000000888 ) ) ;
#914 = EDGE_CURVE ( 'NONE', #288, #515, #1381, .T. ) ;
#915 = EDGE_LOOP ( 'NONE', ( #757, #828, #1328, #646 ) ) ;
#916 = ORIENTED_EDGE ( 'NONE', *, *, #158, .T. ) ;
#917 = CARTESIAN_POINT ( 'NONE',  ( 1.246999999999999886, 1.302165354330708791, -7.350000000000002309 ) ) ;
#918 = CARTESIAN_POINT ( 'NONE',  ( 1.298023622047243864, -1.600000000000000311, -6.911023622047245851 ) ) ;
#919 = CARTESIAN_POINT ( 'NONE',  ( 1.256999999999999673, 1.600000000000000311, -5.204823182030054340 ) ) ;
#920 = DIRECTION ( 'NONE',  ( -1.000000000000000000, 0.000000000000000000, 0.000000000000000000 ) ) ;
#921 = VERTEX_POINT ( 'NONE', #1154 ) ;
#922 = VERTEX_POINT ( 'NONE', #199 ) ;
#923 = DIRECTION ( 'NONE',  ( 0.000000000000000000, -1.000000000000000000, 0.000000000000000000 ) ) ;
#924 = ADVANCED_FACE ( 'NONE', ( #1262 ), #441, .T. ) ;
#925 = FACE_OUTER_BOUND ( 'NONE', #1399, .T. ) ;
#926 = AXIS2_PLACEMENT_3D ( 'NONE', #1091, #1080, #252 ) ;
#927 = VECTOR ( 'NONE', #282, 39.37007874015748143 ) ;
#928 = CARTESIAN_POINT ( 'NONE',  ( 1.499999999999999778, 1.249999999999998446, -7.600000000000002309 ) ) ;
#929 = EDGE_CURVE ( 'NONE', #610, #334, #571, .T. ) ;
#930 = CARTESIAN_POINT ( 'NONE',  ( 1.060149606299212177, 1.302165354330708791, -4.711929133858269836 ) ) ;
#931 = VECTOR ( 'NONE', #1120, 39.37007874015748143 ) ;
#932 = ORIENTED_EDGE ( 'NONE', *, *, #1557, .T. ) ;
#933 = EDGE_CURVE ( 'NONE', #1140, #400, #542, .T. ) ;
#934 = VERTEX_POINT ( 'NONE', #682 ) ;
#935 = LINE ( 'NONE', #316, #1380 ) ;
#936 = CARTESIAN_POINT ( 'NONE',  ( 1.298023622047243864, -1.600000000000000311, -6.850000000000001421 ) ) ;
#937 = ORIENTED_EDGE ( 'NONE', *, *, #323, .F. ) ;
#938 = ORIENTED_EDGE ( 'NONE', *, *, #1392, .T. ) ;
#939 = ORIENTED_EDGE ( 'NONE', *, *, #617, .T. ) ;
#940 = DIRECTION ( 'NONE',  ( 0.000000000000000000, -1.000000000000000000, 0.000000000000000000 ) ) ;
#941 = DIRECTION ( 'NONE',  ( 0.000000000000000000, 0.000000000000000000, -1.000000000000000000 ) ) ;
#942 = CARTESIAN_POINT ( 'NONE',  ( 1.060149606299212177, -1.302165354330709235, -7.388070866141735138 ) ) ;
#943 = ORIENTED_EDGE ( 'NONE', *, *, #984, .T. ) ;
#944 = DIRECTION ( 'NONE',  ( 0.000000000000000000, 0.000000000000000000, -1.000000000000000000 ) ) ;
#945 = EDGE_LOOP ( 'NONE', ( #1538, #186, #512, #1322 ) ) ;
#946 = PLANE ( 'NONE',  #1537 ) ;
#947 = ADVANCED_FACE ( 'NONE', ( #433 ), #1517, .T. ) ;
#948 = DIRECTION ( 'NONE',  ( 0.000000000000000000, 0.000000000000000000, -1.000000000000000000 ) ) ;
#949 = DIRECTION ( 'NONE',  ( 0.000000000000000000, -9.933992704233687680E-17, -1.000000000000000000 ) ) ;
#950 = VECTOR ( 'NONE', #1330, 39.37007874015748143 ) ;
#951 = CIRCLE ( 'NONE', #1252, 0.09842519685039378963 ) ;
#952 = VERTEX_POINT ( 'NONE', #790 ) ;
#953 = DIRECTION ( 'NONE',  ( -1.000000000000000000, 0.000000000000000000, 0.000000000000000000 ) ) ;
#954 = ADVANCED_FACE ( 'NONE', ( #1409, #925 ), #1146, .T. ) ;
#955 = CIRCLE ( 'NONE', #242, 0.09842519685039378963 ) ;
#956 = AXIS2_PLACEMENT_3D ( 'NONE', #374, #861, #1346 ) ;
#957 =( CONVERSION_BASED_UNIT ( 'INCH', #582 ) LENGTH_UNIT ( ) NAMED_UNIT ( #125 ) );
#958 = DIRECTION ( 'NONE',  ( 0.000000000000000000, 1.000000000000000000, 0.000000000000000000 ) ) ;
#959 = EDGE_LOOP ( 'NONE', ( #129, #1228 ) ) ;
#960 = CYLINDRICAL_SURFACE ( 'NONE', #414, 0.05807086614173244399 ) ;
#961 = DIRECTION ( 'NONE',  ( 1.000000000000000000, -0.000000000000000000, -0.000000000000000000 ) ) ;
#962 = CARTESIAN_POINT ( 'NONE',  ( 1.246999999999999886, -1.302165354330708791, -4.750000000000000888 ) ) ;
#963 = DIRECTION ( 'NONE',  ( 0.000000000000000000, 0.000000000000000000, -1.000000000000000000 ) ) ;
#964 = ORIENTED_EDGE ( 'NONE', *, *, #1006, .T. ) ;
#965 = CARTESIAN_POINT ( 'NONE',  ( 1.381999999999999673, 1.249999999999998446, -7.250000000000000888 ) ) ;
#966 = CARTESIAN_POINT ( 'NONE',  ( 1.060149606299212177, -1.302165354330708791, -4.750000000000000888 ) ) ;
#967 = CARTESIAN_POINT ( 'NONE',  ( 5.955333881989093747, 1.600000000000000311, -4.500000000000001776 ) ) ;
#968 = VERTEX_POINT ( 'NONE', #1393 ) ;
#969 = CARTESIAN_POINT ( 'NONE',  ( 1.298023622047243864, 1.600000000000000311, -6.850000000000001421 ) ) ;
#970 = CARTESIAN_POINT ( 'NONE',  ( 1.246999999999999886, 1.302165354330708791, -4.848425196850395302 ) ) ;
#971 = FACE_OUTER_BOUND ( 'NONE', #787, .T. ) ;
#972 = EDGE_CURVE ( 'NONE', #321, #713, #574, .T. ) ;
#973 = ORIENTED_EDGE ( 'NONE', *, *, #1520, .F. ) ;
#974 = LINE ( 'NONE', #1567, #1013 ) ;
#975 = CARTESIAN_POINT ( 'NONE',  ( 1.080149606299212417, -1.302165354330708791, -4.691929133858269374 ) ) ;
#976 = CARTESIAN_POINT ( 'NONE',  ( 1.060149606299212177, 1.302165354330708791, -7.350000000000002309 ) ) ;
#977 = ORIENTED_EDGE ( 'NONE', *, *, #910, .F. ) ;
#978 = CARTESIAN_POINT ( 'NONE',  ( 1.256999999999999673, 1.249999999999998446, -7.250000000000000888 ) ) ;
#979 = DIRECTION ( 'NONE',  ( 1.000000000000000000, 0.000000000000000000, 0.000000000000000000 ) ) ;
#980 = ORIENTED_EDGE ( 'NONE', *, *, #1249, .T. ) ;
#981 = DIRECTION ( 'NONE',  ( -1.000000000000000000, 0.000000000000000000, 0.000000000000000000 ) ) ;
#982 = CARTESIAN_POINT ( 'NONE',  ( 1.298023622047243864, -1.600000000000000311, -5.250000000000001776 ) ) ;
#983 = EDGE_CURVE ( 'NONE', #863, #389, #662, .T. ) ;
#984 = EDGE_CURVE ( 'NONE', #1413, #1389, #394, .T. ) ;
#985 = AXIS2_PLACEMENT_3D ( 'NONE', #1569, #1213, #948 ) ;
#986 = ORIENTED_EDGE ( 'NONE', *, *, #2, .T. ) ;
#987 = CIRCLE ( 'NONE', #84, 0.2500000000000019984 ) ;
#988 = CARTESIAN_POINT ( 'NONE',  ( 1.080149606299212861, 1.302165354330708791, -4.750000000000001776 ) ) ;
#989 = PLANE ( 'NONE',  #1465 ) ;
#990 = ORIENTED_EDGE ( 'NONE', *, *, #1427, .F. ) ;
#991 = CARTESIAN_POINT ( 'NONE',  ( 1.080149606299212861, 1.302165354330708791, -7.350000000000002309 ) ) ;
#992 = DIRECTION ( 'NONE',  ( -0.000000000000000000, 1.000000000000000000, -0.000000000000000000 ) ) ;
#993 = DIRECTION ( 'NONE',  ( 0.000000000000000000, 0.000000000000000000, -1.000000000000000000 ) ) ;
#994 = ORIENTED_EDGE ( 'NONE', *, *, #1135, .F. ) ;
#995 = CARTESIAN_POINT ( 'NONE',  ( 1.499999999999999778, 1.600000000000000311, -7.250000000000000888 ) ) ;
#996 = EDGE_CURVE ( 'NONE', #773, #739, #1329, .T. ) ;
#997 = DIRECTION ( 'NONE',  ( 0.000000000000000000, 0.000000000000000000, 1.000000000000000000 ) ) ;
#998 = EDGE_LOOP ( 'NONE', ( #87, #1546, #572, #1473 ) ) ;
#999 = DIRECTION ( 'NONE',  ( 0.000000000000000000, 0.000000000000000000, 1.000000000000000000 ) ) ;
#1000 = EDGE_CURVE ( 'NONE', #288, #1554, #251, .T. ) ;
#1001 = ADVANCED_FACE ( 'NONE', ( #118, #1464, #1078 ), #490, .F. ) ;
#1002 = DIRECTION ( 'NONE',  ( 0.000000000000000000, 0.000000000000000000, -1.000000000000000000 ) ) ;
#1003 = ORIENTED_EDGE ( 'NONE', *, *, #275, .F. ) ;
#1004 = FACE_OUTER_BOUND ( 'NONE', #613, .T. ) ;
#1005 = CARTESIAN_POINT ( 'NONE',  ( 1.256999999999999673, -1.600000000000000089, -7.250000000000000888 ) ) ;
#1006 = EDGE_CURVE ( 'NONE', #112, #673, #955, .T. ) ;
#1007 = ORIENTED_EDGE ( 'NONE', *, *, #1412, .F. ) ;
#1008 = LINE ( 'NONE', #778, #367 ) ;
#1009 = AXIS2_PLACEMENT_3D ( 'NONE', #192, #1268, #554 ) ;
#1010 = DIRECTION ( 'NONE',  ( 1.000000000000000000, 0.000000000000000000, -0.000000000000000000 ) ) ;
#1011 = ORIENTED_EDGE ( 'NONE', *, *, #1489, .F. ) ;
#1012 = VECTOR ( 'NONE', #258, 39.37007874015748143 ) ;
#1013 = VECTOR ( 'NONE', #981, 39.37007874015748143 ) ;
#1014 = DIRECTION ( 'NONE',  ( 1.000000000000000000, 0.000000000000000000, 0.000000000000000000 ) ) ;
#1015 = CIRCLE ( 'NONE', #878, 0.09842519685039378963 ) ;
#1016 = VECTOR ( 'NONE', #403, 39.37007874015748143 ) ;
#1017 = ORIENTED_EDGE ( 'NONE', *, *, #780, .F. ) ;
#1018 = DIRECTION ( 'NONE',  ( 0.000000000000000000, 0.000000000000000000, 1.000000000000000000 ) ) ;
#1019 = CARTESIAN_POINT ( 'NONE',  ( 5.955333881989093747, 1.500000000000000444, -4.500000000000001776 ) ) ;
#1020 = ORIENTED_EDGE ( 'NONE', *, *, #780, .T. ) ;
#1021 = ORIENTED_EDGE ( 'NONE', *, *, #222, .F. ) ;
#1022 = DIRECTION ( 'NONE',  ( -0.000000000000000000, 1.000000000000000000, -0.000000000000000000 ) ) ;
#1023 = CARTESIAN_POINT ( 'NONE',  ( 1.381999999999999673, 1.249999999999998446, -7.250000000000000888 ) ) ;
#1024 = EDGE_LOOP ( 'NONE', ( #201, #1469, #799, #160 ) ) ;
#1025 = EDGE_CURVE ( 'NONE', #395, #1130, #521, .T. ) ;
#1026 = EDGE_CURVE ( 'NONE', #634, #320, #329, .T. ) ;
#1027 = VERTEX_POINT ( 'NONE', #1187 ) ;
#1028 = DIRECTION ( 'NONE',  ( 0.000000000000000000, 0.000000000000000000, 1.000000000000000000 ) ) ;
#1029 = ORIENTED_EDGE ( 'NONE', *, *, #1192, .F. ) ;
#1030 = ADVANCED_FACE ( 'NONE', ( #841 ), #1220, .T. ) ;
#1031 = AXIS2_PLACEMENT_3D ( 'NONE', #827, #979, #963 ) ;
#1032 = CARTESIAN_POINT ( 'NONE',  ( 1.256999999999999673, 1.600000000000000311, -4.500000000000001776 ) ) ;
#1033 = AXIS2_PLACEMENT_3D ( 'NONE', #858, #1229, #714 ) ;
#1034 = AXIS2_PLACEMENT_3D ( 'NONE', #299, #750, #1248 ) ;
#1035 = CARTESIAN_POINT ( 'NONE',  ( 1.080149606299212417, -1.302165354330708791, -4.750000000000000888 ) ) ;
#1036 = ADVANCED_FACE ( 'NONE', ( #729 ), #602, .T. ) ;
#1037 = CIRCLE ( 'NONE', #619, 0.06102362204724393058 ) ;
#1038 = ORIENTED_EDGE ( 'NONE', *, *, #191, .F. ) ;
#1039 = AXIS2_PLACEMENT_3D ( 'NONE', #180, #663, #423 ) ;
#1040 = CARTESIAN_POINT ( 'NONE',  ( 1.256999999999999673, 1.500000000000000444, -4.500000000000001776 ) ) ;
#1041 = EDGE_LOOP ( 'NONE', ( #1106, #886 ) ) ;
#1042 = CARTESIAN_POINT ( 'NONE',  ( 1.381999999999999673, 1.500000000000000444, -4.500000000000001776 ) ) ;
#1043 = DIRECTION ( 'NONE',  ( 0.000000000000000000, 0.000000000000000000, 1.000000000000000000 ) ) ;
#1044 = CARTESIAN_POINT ( 'NONE',  ( 1.060149606299212177, -1.302165354330708791, -4.750000000000000888 ) ) ;
#1045 = FACE_OUTER_BOUND ( 'NONE', #1169, .T. ) ;
#1046 = ORIENTED_EDGE ( 'NONE', *, *, #1421, .F. ) ;
#1047 = VERTEX_POINT ( 'NONE', #1072 ) ;
#1048 = CARTESIAN_POINT ( 'NONE',  ( 1.060149606299212177, -1.302165354330709235, -7.350000000000002309 ) ) ;
#1049 = CARTESIAN_POINT ( 'NONE',  ( 1.381999999999999673, -1.499999999999999778, -4.500000000000000888 ) ) ;
#1050 = EDGE_CURVE ( 'NONE', #845, #1130, #1096, .T. ) ;
#1051 = CARTESIAN_POINT ( 'NONE',  ( 1.060149606299212177, -1.302165354330709235, -7.350000000000002309 ) ) ;
#1052 = CARTESIAN_POINT ( 'NONE',  ( 1.298023622047243864, -1.600000000000000311, -5.311023622047246207 ) ) ;
#1053 = EDGE_LOOP ( 'NONE', ( #1341, #15 ) ) ;
#1054 = ORIENTED_EDGE ( 'NONE', *, *, #1192, .T. ) ;
#1055 = FACE_OUTER_BOUND ( 'NONE', #1191, .T. ) ;
#1056 = DIRECTION ( 'NONE',  ( -1.000000000000000000, 0.000000000000000000, 0.000000000000000000 ) ) ;
#1057 = AXIS2_PLACEMENT_3D ( 'NONE', #786, #812, #944 ) ;
#1058 = MECHANICAL_DESIGN_GEOMETRIC_PRESENTATION_REPRESENTATION (  '', ( #1134 ), #143 ) ;
#1059 = CARTESIAN_POINT ( 'NONE',  ( 1.246999999999999886, -1.302165354330708791, -4.651574803149606474 ) ) ;
#1060 = VECTOR ( 'NONE', #1474, 39.37007874015748143 ) ;
#1061 = ORIENTED_EDGE ( 'NONE', *, *, #1249, .F. ) ;
#1062 = PLANE ( 'NONE',  #1057 ) ;
#1063 = EDGE_CURVE ( 'NONE', #438, #1141, #853, .T. ) ;
#1064 = ORIENTED_EDGE ( 'NONE', *, *, #42, .T. ) ;
#1065 = DIRECTION ( 'NONE',  ( -0.000000000000000000, 1.000000000000000000, -0.000000000000000000 ) ) ;
#1066 = CARTESIAN_POINT ( 'NONE',  ( 5.955333881989093747, -1.249999999999998446, -7.500000000000002665 ) ) ;
#1067 = ORIENTED_EDGE ( 'NONE', *, *, #234, .T. ) ;
#1068 = VERTEX_POINT ( 'NONE', #337 ) ;
#1069 = DIRECTION ( 'NONE',  ( 0.000000000000000000, 0.000000000000000000, 1.000000000000000000 ) ) ;
#1070 = ORIENTED_EDGE ( 'NONE', *, *, #768, .F. ) ;
#1071 = DIRECTION ( 'NONE',  ( 1.000000000000000000, -0.000000000000000000, -0.000000000000000000 ) ) ;
#1072 = CARTESIAN_POINT ( 'NONE',  ( 1.060149606299212177, 1.302165354330708791, -4.711929133858269836 ) ) ;
#1073 = LINE ( 'NONE', #942, #1150 ) ;
#1074 = ORIENTED_EDGE ( 'NONE', *, *, #984, .F. ) ;
#1075 = LINE ( 'NONE', #822, #746 ) ;
#1076 = VERTEX_POINT ( 'NONE', #473 ) ;
#1077 = DIRECTION ( 'NONE',  ( -1.000000000000000000, 0.000000000000000000, 0.000000000000000000 ) ) ;
#1078 = FACE_OUTER_BOUND ( 'NONE', #62, .T. ) ;
#1079 = CARTESIAN_POINT ( 'NONE',  ( 1.246999999999999886, -1.302165354330709235, -7.350000000000002309 ) ) ;
#1080 = DIRECTION ( 'NONE',  ( 1.000000000000000000, -0.000000000000000000, -0.000000000000000000 ) ) ;
#1081 = VECTOR ( 'NONE', #20, 39.37007874015748143 ) ;
#1082 = AXIS2_PLACEMENT_3D ( 'NONE', #991, #1477, #377 ) ;
#1083 = ORIENTED_EDGE ( 'NONE', *, *, #728, .T. ) ;
#1084 = LINE ( 'NONE', #1208, #1562 ) ;
#1085 = AXIS2_PLACEMENT_3D ( 'NONE', #59, #1, #1104 ) ;
#1086 = CIRCLE ( 'NONE', #82, 0.06102362204724393058 ) ;
#1087 = CARTESIAN_POINT ( 'NONE',  ( 0.000000000000000000, 0.000000000000000000, 0.000000000000000000 ) ) ;
#1088 = CARTESIAN_POINT ( 'NONE',  ( 5.955333881989093747, -1.499999999999999778, -4.500000000000000888 ) ) ;
#1089 = ORIENTED_EDGE ( 'NONE', *, *, #275, .T. ) ;
#1090 = DIRECTION ( 'NONE',  ( -0.000000000000000000, 0.000000000000000000, -1.000000000000000000 ) ) ;
#1091 = CARTESIAN_POINT ( 'NONE',  ( 1.246999999999999886, -1.302165354330709235, -7.350000000000002309 ) ) ;
#1092 = ORIENTED_EDGE ( 'NONE', *, *, #1161, .T. ) ;
#1093 = CYLINDRICAL_SURFACE ( 'NONE', #240, 0.05807086614173190275 ) ;
#1094 = CARTESIAN_POINT ( 'NONE',  ( 1.060149606299212177, -1.302165354330708791, -4.788070866141732829 ) ) ;
#1095 = ORIENTED_EDGE ( 'NONE', *, *, #1063, .F. ) ;
#1096 = LINE ( 'NONE', #970, #1153 ) ;
#1097 = EDGE_CURVE ( 'NONE', #1068, #850, #815, .T. ) ;
#1098 = CARTESIAN_POINT ( 'NONE',  ( 1.256999999999999673, -1.599999999999999867, -4.500000000000000888 ) ) ;
#1099 = ADVANCED_FACE ( 'NONE', ( #1299 ), #1447, .T. ) ;
#1100 = ORIENTED_EDGE ( 'NONE', *, *, #842, .T. ) ;
#1101 = CARTESIAN_POINT ( 'NONE',  ( 5.955333881989093747, 1.249999999999998446, -7.500000000000002665 ) ) ;
#1102 = LINE ( 'NONE', #1094, #547 ) ;
#1103 = EDGE_LOOP ( 'NONE', ( #120, #311, #1244, #18 ) ) ;
#1104 = DIRECTION ( 'NONE',  ( 0.000000000000000000, 0.000000000000000000, 1.000000000000000000 ) ) ;
#1105 = FACE_OUTER_BOUND ( 'NONE', #1509, .T. ) ;
#1106 = ORIENTED_EDGE ( 'NONE', *, *, #736, .F. ) ;
#1107 = DIRECTION ( 'NONE',  ( 1.000000000000000000, 0.000000000000000000, 0.000000000000000000 ) ) ;
#1108 = APPLICATION_PROTOCOL_DEFINITION ( 'draft international standard', 'automotive_design', 1998, #1287 ) ;
#1109 = DIRECTION ( 'NONE',  ( 0.000000000000000000, -1.000000000000000000, 0.000000000000000000 ) ) ;
#1110 = AXIS2_PLACEMENT_3D ( 'NONE', #205, #1179, #427 ) ;
#1111 = VECTOR ( 'NONE', #399, 39.37007874015748143 ) ;
#1112 = PRODUCT_DEFINITION_SHAPE ( 'NONE', 'NONE',  #805 ) ;
#1113 = AXIS2_PLACEMENT_3D ( 'NONE', #1040, #429, #67 ) ;
#1114 = MANIFOLD_SOLID_BREP ( 'Boss-Extrude3', #892 ) ;
#1115 = ADVANCED_FACE ( 'NONE', ( #744 ), #595, .T. ) ;
#1116 = EDGE_CURVE ( 'NONE', #249, #1126, #879, .T. ) ;
#1117 = CARTESIAN_POINT ( 'NONE',  ( 1.060149606299212177, 1.302165354330708791, -4.750000000000001776 ) ) ;
#1118 = ORIENTED_EDGE ( 'NONE', *, *, #914, .F. ) ;
#1119 = DIRECTION ( 'NONE',  ( -0.000000000000000000, 0.000000000000000000, -1.000000000000000000 ) ) ;
#1120 = DIRECTION ( 'NONE',  ( -1.000000000000000000, 0.000000000000000000, 0.000000000000000000 ) ) ;
#1121 = EDGE_LOOP ( 'NONE', ( #345, #1581, #1092, #29 ) ) ;
#1122 = FACE_OUTER_BOUND ( 'NONE', #148, .T. ) ;
#1123 = EDGE_LOOP ( 'NONE', ( #798, #754, #570, #38 ) ) ;
#1124 = CARTESIAN_POINT ( 'NONE',  ( 1.246999999999999886, -1.302165354330708791, -4.750000000000000888 ) ) ;
#1125 = ORIENTED_EDGE ( 'NONE', *, *, #452, .F. ) ;
#1126 = VERTEX_POINT ( 'NONE', #869 ) ;
#1127 = CARTESIAN_POINT ( 'NONE',  ( 1.060149606299212177, -1.302165354330709235, -7.291929133858269907 ) ) ;
#1128 = AXIS2_PLACEMENT_3D ( 'NONE', #507, #514, #1151 ) ;
#1129 = CARTESIAN_POINT ( 'NONE',  ( 1.060149606299212177, 1.302165354330708791, -4.788070866141732829 ) ) ;
#1130 = VERTEX_POINT ( 'NONE', #737 ) ;
#1131 = VECTOR ( 'NONE', #72, 39.37007874015748143 ) ;
#1132 = AXIS2_PLACEMENT_3D ( 'NONE', #1524, #788, #187 ) ;
#1133 = DIRECTION ( 'NONE',  ( 1.000000000000000000, 0.000000000000000000, 0.000000000000000000 ) ) ;
#1134 = STYLED_ITEM ( 'NONE', ( #257 ), #1114 ) ;
#1135 = EDGE_CURVE ( 'NONE', #1126, #556, #401, .T. ) ;
#1136 = AXIS2_PLACEMENT_3D ( 'NONE', #1124, #1139, #24 ) ;
#1137 = CIRCLE ( 'NONE', #854, 0.3500000000000014766 ) ;
#1138 = EDGE_LOOP ( 'NONE', ( #1462, #353, #424, #1021 ) ) ;
#1139 = DIRECTION ( 'NONE',  ( -1.000000000000000000, 0.000000000000000000, 0.000000000000000000 ) ) ;
#1140 = VERTEX_POINT ( 'NONE', #280 ) ;
#1141 = VERTEX_POINT ( 'NONE', #995 ) ;
#1142 = CYLINDRICAL_SURFACE ( 'NONE', #54, 0.06102362204724393058 ) ;
#1143 = PRODUCT_RELATED_PRODUCT_CATEGORY ( 'part', '', ( #1384 ) ) ;
#1144 = DIRECTION ( 'NONE',  ( 1.000000000000000000, 0.000000000000000000, 0.000000000000000000 ) ) ;
#1145 = ORIENTED_EDGE ( 'NONE', *, *, #361, .F. ) ;
#1146 = PLANE ( 'NONE',  #1110 ) ;
#1147 = CARTESIAN_POINT ( 'NONE',  ( 1.256999999999999673, 1.249999999999998446, -7.250000000000000888 ) ) ;
#1148 = DIRECTION ( 'NONE',  ( 0.000000000000000000, 0.000000000000000000, 1.000000000000000000 ) ) ;
#1149 = ORIENTED_EDGE ( 'NONE', *, *, #1175, .F. ) ;
#1150 = VECTOR ( 'NONE', #99, 39.37007874015748854 ) ;
#1151 = DIRECTION ( 'NONE',  ( 0.000000000000000000, 0.000000000000000000, 1.000000000000000000 ) ) ;
#1152 = ADVANCED_FACE ( 'NONE', ( #760 ), #1233, .F. ) ;
#1153 = VECTOR ( 'NONE', #961, 39.37007874015748143 ) ;
#1154 = CARTESIAN_POINT ( 'NONE',  ( 1.080149606299212417, -1.302165354330708791, -4.808070866141733291 ) ) ;
#1155 = AXIS2_PLACEMENT_3D ( 'NONE', #495, #1198, #372 ) ;
#1156 = ADVANCED_FACE ( 'NONE', ( #1004 ), #444, .T. ) ;
#1157 = CARTESIAN_POINT ( 'NONE',  ( 1.298023622047243864, -1.600000000000000311, -5.250000000000001776 ) ) ;
#1158 = VECTOR ( 'NONE', #907, 39.37007874015748854 ) ;
#1159 = CARTESIAN_POINT ( 'NONE',  ( 5.955333881989093747, 1.600000000000000311, -7.250000000000000888 ) ) ;
#1160 = ORIENTED_EDGE ( 'NONE', *, *, #1532, .T. ) ;
#1161 = EDGE_CURVE ( 'NONE', #1333, #456, #1086, .T. ) ;
#1162 = VERTEX_POINT ( 'NONE', #633 ) ;
#1163 = CYLINDRICAL_SURFACE ( 'NONE', #1300, 0.05807086614173244399 ) ;
#1164 = CARTESIAN_POINT ( 'NONE',  ( 1.060149606299212177, -1.302165354330708791, -4.750000000000000888 ) ) ;
#1165 = DIRECTION ( 'NONE',  ( 0.000000000000000000, 0.000000000000000000, -1.000000000000000000 ) ) ;
#1166 = DIRECTION ( 'NONE',  ( 0.000000000000000000, 0.000000000000000000, -1.000000000000000000 ) ) ;
#1167 = VERTEX_POINT ( 'NONE', #157 ) ;
#1168 = DIRECTION ( 'NONE',  ( 0.000000000000000000, 1.000000000000000000, 0.000000000000000000 ) ) ;
#1169 = EDGE_LOOP ( 'NONE', ( #362, #1499, #309, #1003, #357, #641, #888, #1231, #1054, #225, #1365, #1288 ) ) ;
#1170 = CARTESIAN_POINT ( 'NONE',  ( 1.256999999999999673, -1.600000000000000311, -5.204823182030054340 ) ) ;
#1171 = EDGE_CURVE ( 'NONE', #863, #422, #37, .T. ) ;
#1172 = CARTESIAN_POINT ( 'NONE',  ( 1.256999999999999673, -1.302165354330709235, -7.350000000000002309 ) ) ;
#1173 = DIRECTION ( 'NONE',  ( -0.000000000000000000, -0.000000000000000000, -1.000000000000000000 ) ) ;
#1174 = ORIENTED_EDGE ( 'NONE', *, *, #654, .F. ) ;
#1175 = EDGE_CURVE ( 'NONE', #1141, #61, #1543, .T. ) ;
#1176 = EDGE_LOOP ( 'NONE', ( #678, #1270, #724, #735 ) ) ;
#1177 = CYLINDRICAL_SURFACE ( 'NONE', #1274, 0.09842519685039378963 ) ;
#1178 = AXIS2_PLACEMENT_3D ( 'NONE', #903, #298, #652 ) ;
#1179 = DIRECTION ( 'NONE',  ( -1.000000000000000000, 0.000000000000000000, 0.000000000000000000 ) ) ;
#1180 = AXIS2_PLACEMENT_3D ( 'NONE', #911, #1056, #308 ) ;
#1181 = CYLINDRICAL_SURFACE ( 'NONE', #1433, 0.06102362204724393058 ) ;
#1182 = CIRCLE ( 'NONE', #472, 0.06102362204724393058 ) ;
#1183 = VECTOR ( 'NONE', #702, 39.37007874015748143 ) ;
#1184 = ORIENTED_EDGE ( 'NONE', *, *, #789, .T. ) ;
#1185 = ORIENTED_EDGE ( 'NONE', *, *, #1277, .F. ) ;
#1186 = DIRECTION ( 'NONE',  ( -0.000000000000000000, 9.933992704233687680E-17, 1.000000000000000000 ) ) ;
#1187 = CARTESIAN_POINT ( 'NONE',  ( 1.298023622047243864, -1.600000000000000311, -5.311023622047246207 ) ) ;
#1188 = CARTESIAN_POINT ( 'NONE',  ( 1.060149606299212177, -1.302165354330709235, -7.350000000000002309 ) ) ;
#1189 = EDGE_LOOP ( 'NONE', ( #273, #819, #1442, #648, #1185, #430 ) ) ;
#1190 = CARTESIAN_POINT ( 'NONE',  ( 1.060149606299212177, 1.302165354330708791, -7.350000000000002309 ) ) ;
#1191 = EDGE_LOOP ( 'NONE', ( #217, #431 ) ) ;
#1192 = EDGE_CURVE ( 'NONE', #922, #563, #1182, .T. ) ;
#1193 = CARTESIAN_POINT ( 'NONE',  ( 1.060149606299212177, -1.302165354330708791, -4.711929133858269836 ) ) ;
#1194 = PLANE ( 'NONE',  #1039 ) ;
#1195 = DIRECTION ( 'NONE',  ( -0.000000000000000000, 0.000000000000000000, -1.000000000000000000 ) ) ;
#1196 = ORIENTED_EDGE ( 'NONE', *, *, #1255, .F. ) ;
#1197 = CARTESIAN_POINT ( 'NONE',  ( 1.298023622047243864, -1.600000000000000311, -5.188976377952758234 ) ) ;
#1198 = DIRECTION ( 'NONE',  ( -0.000000000000000000, 1.000000000000000000, -0.000000000000000000 ) ) ;
#1199 = ORIENTED_EDGE ( 'NONE', *, *, #1511, .T. ) ;
#1200 = EDGE_CURVE ( 'NONE', #1027, #739, #1037, .T. ) ;
#1201 = DIRECTION ( 'NONE',  ( 0.000000000000000000, 0.000000000000000000, 1.000000000000000000 ) ) ;
#1202 = PLANE ( 'NONE',  #1113 ) ;
#1203 = LINE ( 'NONE', #90, #413 ) ;
#1204 = EDGE_CURVE ( 'NONE', #61, #604, #727, .T. ) ;
#1205 = EDGE_CURVE ( 'NONE', #1338, #860, #839, .T. ) ;
#1206 = AXIS2_PLACEMENT_3D ( 'NONE', #343, #829, #226 ) ;
#1207 = ORIENTED_EDGE ( 'NONE', *, *, #851, .F. ) ;
#1208 = CARTESIAN_POINT ( 'NONE',  ( 1.499999999999999778, -1.500000000000000222, -7.250000000000000888 ) ) ;
#1209 = AXIS2_PLACEMENT_3D ( 'NONE', #1264, #653, #872 ) ;
#1210 = DIRECTION ( 'NONE',  ( 0.000000000000000000, 0.000000000000000000, -1.000000000000000000 ) ) ;
#1211 = VERTEX_POINT ( 'NONE', #122 ) ;
#1212 = EDGE_CURVE ( 'NONE', #46, #804, #10, .T. ) ;
#1213 = DIRECTION ( 'NONE',  ( 1.000000000000000000, -0.000000000000000000, -0.000000000000000000 ) ) ;
#1214 = APPLICATION_CONTEXT ( 'automotive_design' ) ;
#1215 = LINE ( 'NONE', #603, #950 ) ;
#1216 = VERTEX_POINT ( 'NONE', #488 ) ;
#1217 = CARTESIAN_POINT ( 'NONE',  ( 1.298023622047243864, -1.600000000000000311, -5.250000000000001776 ) ) ;
#1218 = DIRECTION ( 'NONE',  ( 1.000000000000000000, -0.000000000000000000, -0.000000000000000000 ) ) ;
#1219 = ORIENTED_EDGE ( 'NONE', *, *, #139, .T. ) ;
#1220 = CYLINDRICAL_SURFACE ( 'NONE', #985, 0.09842519685039378963 ) ;
#1221 = PLANE ( 'NONE',  #364 ) ;
#1222 = ORIENTED_EDGE ( 'NONE', *, *, #533, .T. ) ;
#1223 = DIRECTION ( 'NONE',  ( 0.000000000000000000, 0.000000000000000000, -1.000000000000000000 ) ) ;
#1224 =( NAMED_UNIT ( * ) PLANE_ANGLE_UNIT ( ) SI_UNIT ( $, .RADIAN. ) );
#1225 = DIRECTION ( 'NONE',  ( -1.000000000000000000, 0.000000000000000000, 0.000000000000000000 ) ) ;
#1226 = DIRECTION ( 'NONE',  ( 0.000000000000000000, 0.000000000000000000, -1.000000000000000000 ) ) ;
#1227 = VECTOR ( 'NONE', #1173, 39.37007874015748143 ) ;
#1228 = ORIENTED_EDGE ( 'NONE', *, *, #734, .F. ) ;
#1229 = DIRECTION ( 'NONE',  ( 1.000000000000000000, 0.000000000000000000, 0.000000000000000000 ) ) ;
#1230 = DIRECTION ( 'NONE',  ( -1.000000000000000000, 0.000000000000000000, 0.000000000000000000 ) ) ;
#1231 = ORIENTED_EDGE ( 'NONE', *, *, #704, .F. ) ;
#1232 = CIRCLE ( 'NONE', #56, 0.06102362204724393058 ) ;
#1233 = CYLINDRICAL_SURFACE ( 'NONE', #687, 0.06102362204724393058 ) ;
#1234 = EDGE_CURVE ( 'NONE', #1454, #952, #1276, .T. ) ;
#1235 = DIRECTION ( 'NONE',  ( 0.000000000000000000, 0.000000000000000000, 1.000000000000000000 ) ) ;
#1236 = ADVANCED_FACE ( 'NONE', ( #93 ), #480, .T. ) ;
#1237 = VERTEX_POINT ( 'NONE', #1453 ) ;
#1238 = CARTESIAN_POINT ( 'NONE',  ( 5.955333881989093747, -1.500000000000000444, -7.250000000000000888 ) ) ;
#1239 = DIRECTION ( 'NONE',  ( -0.000000000000000000, 0.000000000000000000, -1.000000000000000000 ) ) ;
#1240 = ORIENTED_EDGE ( 'NONE', *, *, #1511, .F. ) ;
#1241 =( NAMED_UNIT ( * ) SI_UNIT ( $, .STERADIAN. ) SOLID_ANGLE_UNIT ( ) );
#1242 = EDGE_LOOP ( 'NONE', ( #202, #25 ) ) ;
#1243 = DIRECTION ( 'NONE',  ( 1.000000000000000000, 0.000000000000000000, 0.000000000000000000 ) ) ;
#1244 = ORIENTED_EDGE ( 'NONE', *, *, #1480, .T. ) ;
#1245 = DIRECTION ( 'NONE',  ( 0.000000000000000000, 0.000000000000000000, 1.000000000000000000 ) ) ;
#1246 = ADVANCED_FACE ( 'NONE', ( #600 ), #1315, .T. ) ;
#1247 = ORIENTED_EDGE ( 'NONE', *, *, #1421, .T. ) ;
#1248 = DIRECTION ( 'NONE',  ( 0.000000000000000000, 0.000000000000000000, -1.000000000000000000 ) ) ;
#1249 = EDGE_CURVE ( 'NONE', #515, #921, #1102, .T. ) ;
#1250 = DIRECTION ( 'NONE',  ( 1.000000000000000000, -0.000000000000000000, -0.000000000000000000 ) ) ;
#1251 = VERTEX_POINT ( 'NONE', #1461 ) ;
#1252 = AXIS2_PLACEMENT_3D ( 'NONE', #1294, #208, #686 ) ;
#1253 = ADVANCED_FACE ( 'NONE', ( #360 ), #1558, .F. ) ;
#1254 = CIRCLE ( 'NONE', #794, 0.05807086614173244399 ) ;
#1255 = EDGE_CURVE ( 'NONE', #496, #1333, #640, .T. ) ;
#1256 = ADVANCED_FACE ( 'NONE', ( #612 ), #594, .T. ) ;
#1257 = ORIENTED_EDGE ( 'NONE', *, *, #1175, .T. ) ;
#1258 = CARTESIAN_POINT ( 'NONE',  ( 1.298023622047243864, -1.600000000000000311, -6.850000000000001421 ) ) ;
#1259 = CARTESIAN_POINT ( 'NONE',  ( 1.246999999999999886, 1.302165354330708791, -4.750000000000001776 ) ) ;
#1260 = ORIENTED_EDGE ( 'NONE', *, *, #355, .T. ) ;
#1261 = CARTESIAN_POINT ( 'NONE',  ( 1.499999999999999778, -1.499999999999999778, -4.500000000000000888 ) ) ;
#1262 = FACE_OUTER_BOUND ( 'NONE', #1176, .T. ) ;
#1263 = CARTESIAN_POINT ( 'NONE',  ( 1.256999999999999673, -1.302165354330708791, -4.848425196850395302 ) ) ;
#1264 = CARTESIAN_POINT ( 'NONE',  ( 1.246999999999999886, 1.302165354330708791, -7.350000000000002309 ) ) ;
#1265 = ORIENTED_EDGE ( 'NONE', *, *, #454, .F. ) ;
#1266 = DIRECTION ( 'NONE',  ( -1.000000000000000000, 0.000000000000000000, 0.000000000000000000 ) ) ;
#1267 = DIRECTION ( 'NONE',  ( 1.000000000000000000, 0.000000000000000000, 0.000000000000000000 ) ) ;
#1268 = DIRECTION ( 'NONE',  ( -1.000000000000000000, 0.000000000000000000, 0.000000000000000000 ) ) ;
#1269 = CARTESIAN_POINT ( 'NONE',  ( 1.256999999999999673, -1.302165354330708791, -4.750000000000000888 ) ) ;
#1270 = ORIENTED_EDGE ( 'NONE', *, *, #533, .F. ) ;
#1271 = VECTOR ( 'NONE', #912, 39.37007874015748143 ) ;
#1272 = ORIENTED_EDGE ( 'NONE', *, *, #774, .T. ) ;
#1273 = CARTESIAN_POINT ( 'NONE',  ( 1.060149606299212177, -1.302165354330708791, -4.691929133858269374 ) ) ;
#1274 = AXIS2_PLACEMENT_3D ( 'NONE', #578, #1071, #1416 ) ;
#1275 = AXIS2_PLACEMENT_3D ( 'NONE', #214, #700, #941 ) ;
#1276 = CIRCLE ( 'NONE', #821, 0.09842519685039433086 ) ;
#1277 = EDGE_CURVE ( 'NONE', #86, #713, #1075, .T. ) ;
#1278 = LINE ( 'NONE', #1418, #286 ) ;
#1279 = AXIS2_PLACEMENT_3D ( 'NONE', #40, #1230, #534 ) ;
#1280 = DIRECTION ( 'NONE',  ( 0.000000000000000000, 0.000000000000000000, -1.000000000000000000 ) ) ;
#1281 = ORIENTED_EDGE ( 'NONE', *, *, #617, .F. ) ;
#1282 = ORIENTED_EDGE ( 'NONE', *, *, #1390, .T. ) ;
#1283 = LINE ( 'NONE', #469, #543 ) ;
#1284 = EDGE_CURVE ( 'NONE', #921, #548, #1580, .T. ) ;
#1285 = FACE_BOUND ( 'NONE', #1479, .T. ) ;
#1286 = CARTESIAN_POINT ( 'NONE',  ( 1.246999999999999886, -1.302165354330708791, -4.848425196850395302 ) ) ;
#1287 = APPLICATION_CONTEXT ( 'automotive_design' ) ;
#1288 = ORIENTED_EDGE ( 'NONE', *, *, #996, .F. ) ;
#1289 = ORIENTED_EDGE ( 'NONE', *, *, #381, .T. ) ;
#1290 = LINE ( 'NONE', #668, #569 ) ;
#1291 = CARTESIAN_POINT ( 'NONE',  ( 5.955333881989093747, 1.500000000000000444, -4.500000000000001776 ) ) ;
#1292 = ORIENTED_EDGE ( 'NONE', *, *, #1440, .F. ) ;
#1293 = EDGE_LOOP ( 'NONE', ( #1522, #1529, #916, #293 ) ) ;
#1294 = CARTESIAN_POINT ( 'NONE',  ( 1.246999999999999886, 1.302165354330708791, -7.350000000000002309 ) ) ;
#1295 = ADVANCED_FACE ( 'NONE', ( #606 ), #1444, .T. ) ;
#1296 = ORIENTED_EDGE ( 'NONE', *, *, #73, .T. ) ;
#1297 = FACE_BOUND ( 'NONE', #219, .T. ) ;
#1298 = CIRCLE ( 'NONE', #590, 0.03807086614173156580 ) ;
#1299 = FACE_OUTER_BOUND ( 'NONE', #576, .T. ) ;
#1300 = AXIS2_PLACEMENT_3D ( 'NONE', #1048, #1530, #203 ) ;
#1301 = EDGE_CURVE ( 'NONE', #245, #326, #1362, .T. ) ;
#1302 = VECTOR ( 'NONE', #1434, 39.37007874015748143 ) ;
#1303 = CARTESIAN_POINT ( 'NONE',  ( 1.060149606299212177, 1.302165354330708791, -7.311929133858268592 ) ) ;
#1304 = EDGE_CURVE ( 'NONE', #41, #496, #1232, .T. ) ;
#1305 = PRODUCT_DEFINITION_FORMATION_WITH_SPECIFIED_SOURCE ( 'ANY', '', #1384, .NOT_KNOWN. ) ;
#1306 = ORIENTED_EDGE ( 'NONE', *, *, #758, .T. ) ;
#1307 = DIRECTION ( 'NONE',  ( 0.000000000000000000, 0.000000000000000000, 1.000000000000000000 ) ) ;
#1308 = ORIENTED_EDGE ( 'NONE', *, *, #1284, .F. ) ;
#1309 = DIRECTION ( 'NONE',  ( 0.000000000000000000, 0.000000000000000000, 1.000000000000000000 ) ) ;
#1310 = DIRECTION ( 'NONE',  ( 0.000000000000000000, 0.000000000000000000, -1.000000000000000000 ) ) ;
#1311 = LINE ( 'NONE', #223, #1183 ) ;
#1312 = CARTESIAN_POINT ( 'NONE',  ( 1.298023622047243864, -1.600000000000000311, -5.188976377952758234 ) ) ;
#1313 = VERTEX_POINT ( 'NONE', #1129 ) ;
#1314 = DIRECTION ( 'NONE',  ( 0.000000000000000000, 0.000000000000000000, 1.000000000000000000 ) ) ;
#1315 = PLANE ( 'NONE',  #292 ) ;
#1316 = ORIENTED_EDGE ( 'NONE', *, *, #73, .F. ) ;
#1317 = LINE ( 'NONE', #1170, #1510 ) ;
#1318 = DIRECTION ( 'NONE',  ( -1.000000000000000000, 0.000000000000000000, 0.000000000000000000 ) ) ;
#1319 = DIRECTION ( 'NONE',  ( -1.000000000000000000, 0.000000000000000000, 0.000000000000000000 ) ) ;
#1320 = CARTESIAN_POINT ( 'NONE',  ( 1.080149606299212861, 1.302165354330708791, -7.350000000000002309 ) ) ;
#1321 = ADVANCED_FACE ( 'NONE', ( #1484 ), #155, .T. ) ;
#1322 = ORIENTED_EDGE ( 'NONE', *, *, #42, .F. ) ;
#1323 = FACE_OUTER_BOUND ( 'NONE', #1379, .T. ) ;
#1324 = DIRECTION ( 'NONE',  ( 0.000000000000000000, 0.000000000000000000, 1.000000000000000000 ) ) ;
#1325 = DIRECTION ( 'NONE',  ( 0.000000000000000000, 0.000000000000000000, 1.000000000000000000 ) ) ;
#1326 = EDGE_CURVE ( 'NONE', #804, #1237, #278, .T. ) ;
#1327 = ADVANCED_FACE ( 'NONE', ( #890 ), #902, .T. ) ;
#1328 = ORIENTED_EDGE ( 'NONE', *, *, #94, .F. ) ;
#1329 = LINE ( 'NONE', #1425, #1436 ) ;
#1330 = DIRECTION ( 'NONE',  ( 1.000000000000000000, -0.000000000000000000, -0.000000000000000000 ) ) ;
#1331 = AXIS2_PLACEMENT_3D ( 'NONE', #969, #1455, #363 ) ;
#1332 = VECTOR ( 'NONE', #239, 39.37007874015748143 ) ;
#1333 = VERTEX_POINT ( 'NONE', #756 ) ;
#1334 = CARTESIAN_POINT ( 'NONE',  ( 1.256999999999999673, 1.302165354330708791, -7.448425196850395835 ) ) ;
#1335 = AXIS2_PLACEMENT_3D ( 'NONE', #466, #11, #1307 ) ;
#1336 = SHAPE_DEFINITION_REPRESENTATION ( #1112, #1512 ) ;
#1337 = DIRECTION ( 'NONE',  ( -0.000000000000000000, 1.000000000000000000, -0.000000000000000000 ) ) ;
#1338 = VERTEX_POINT ( 'NONE', #144 ) ;
#1339 = ADVANCED_FACE ( 'NONE', ( #635 ), #751, .T. ) ;
#1340 = LINE ( 'NONE', #1551, #875 ) ;
#1341 = ORIENTED_EDGE ( 'NONE', *, *, #1234, .T. ) ;
#1342 = FACE_OUTER_BOUND ( 'NONE', #1121, .T. ) ;
#1343 = CARTESIAN_POINT ( 'NONE',  ( 1.298023622047243864, 1.600000000000000311, -6.850000000000001421 ) ) ;
#1344 = CARTESIAN_POINT ( 'NONE',  ( 1.060149606299212177, -1.302165354330709235, -7.350000000000002309 ) ) ;
#1345 = CARTESIAN_POINT ( 'NONE',  ( 1.298023622047243864, -1.600000000000000311, -6.850000000000001421 ) ) ;
#1346 = DIRECTION ( 'NONE',  ( 0.000000000000000000, 0.000000000000000000, -1.000000000000000000 ) ) ;
#1347 = DIRECTION ( 'NONE',  ( 0.000000000000000000, 9.933992704233686448E-17, 1.000000000000000000 ) ) ;
#1348 = EDGE_LOOP ( 'NONE', ( #705, #1100, #207, #769 ) ) ;
#1349 = CARTESIAN_POINT ( 'NONE',  ( 1.256999999999999673, -1.600000000000000089, -7.250000000000000888 ) ) ;
#1350 = CARTESIAN_POINT ( 'NONE',  ( 1.246999999999999886, 1.302165354330708791, -7.408070866141734712 ) ) ;
#1351 = EDGE_LOOP ( 'NONE', ( #1289, #752 ) ) ;
#1352 = FACE_OUTER_BOUND ( 'NONE', #1024, .T. ) ;
#1353 = ADVANCED_FACE ( 'NONE', ( #873 ), #150, .T. ) ;
#1354 = VECTOR ( 'NONE', #949, 39.37007874015748143 ) ;
#1355 = ORIENTED_EDGE ( 'NONE', *, *, #1326, .T. ) ;
#1356 = CARTESIAN_POINT ( 'NONE',  ( 1.246999999999999886, 1.302165354330708791, -7.291929133858269907 ) ) ;
#1357 = CONICAL_SURFACE ( 'NONE', #876, 0.03807086614173156580, 0.7853981633974514986 ) ;
#1358 = DIRECTION ( 'NONE',  ( -1.000000000000000000, 0.000000000000000000, 0.000000000000000000 ) ) ;
#1359 = CIRCLE ( 'NONE', #849, 0.06102362204724393058 ) ;
#1360 = ORIENTED_EDGE ( 'NONE', *, *, #551, .F. ) ;
#1361 = EDGE_CURVE ( 'NONE', #169, #86, #1368, .T. ) ;
#1362 = CIRCLE ( 'NONE', #1335, 0.03807086614173320338 ) ;
#1363 = VECTOR ( 'NONE', #378, 39.37007874015748143 ) ;
#1364 = CARTESIAN_POINT ( 'NONE',  ( 5.955333881989093747, 1.249999999999998446, -7.250000000000000888 ) ) ;
#1365 = ORIENTED_EDGE ( 'NONE', *, *, #1200, .T. ) ;
#1366 = CARTESIAN_POINT ( 'NONE',  ( 1.080149606299212861, 1.302165354330708791, -7.408070866141734712 ) ) ;
#1367 = ADVANCED_FACE ( 'NONE', ( #272 ), #1515, .T. ) ;
#1368 = LINE ( 'NONE', #33, #1111 ) ;
#1369 = ORIENTED_EDGE ( 'NONE', *, *, #789, .F. ) ;
#1370 = ADVANCED_FACE ( 'NONE', ( #526 ), #647, .F. ) ;
#1371 = ORIENTED_EDGE ( 'NONE', *, *, #1161, .F. ) ;
#1372 = DIRECTION ( 'NONE',  ( -0.000000000000000000, -0.000000000000000000, -1.000000000000000000 ) ) ;
#1373 = DIRECTION ( 'NONE',  ( 0.000000000000000000, 1.000000000000000000, 0.000000000000000000 ) ) ;
#1374 = ORIENTED_EDGE ( 'NONE', *, *, #1205, .F. ) ;
#1375 = ORIENTED_EDGE ( 'NONE', *, *, #1557, .F. ) ;
#1376 = CARTESIAN_POINT ( 'NONE',  ( 1.246999999999999886, 1.302165354330708791, -4.750000000000001776 ) ) ;
#1377 = VECTOR ( 'NONE', #60, 39.37007874015748143 ) ;
#1378 = CARTESIAN_POINT ( 'NONE',  ( 5.955333881989093747, 1.500000000000000444, -7.250000000000000888 ) ) ;
#1379 = EDGE_LOOP ( 'NONE', ( #197, #1490, #141, #486 ) ) ;
#1380 = VECTOR ( 'NONE', #81, 39.37007874015748143 ) ;
#1381 = CIRCLE ( 'NONE', #162, 0.03807086614173156580 ) ;
#1382 = AXIS2_PLACEMENT_3D ( 'NONE', #1023, #1505, #1239 ) ;
#1383 = VECTOR ( 'NONE', #784, 39.37007874015748143 ) ;
#1384 = PRODUCT ( '1stStageSlidePlateV2', '1stStageSlidePlateV2', '', ( #359 ) ) ;
#1385 = DIRECTION ( 'NONE',  ( 0.000000000000000000, 0.000000000000000000, 1.000000000000000000 ) ) ;
#1386 = DIRECTION ( 'NONE',  ( -1.000000000000000000, 0.000000000000000000, 0.000000000000000000 ) ) ;
#1387 = CARTESIAN_POINT ( 'NONE',  ( 1.256999999999999673, 1.600000000000000311, -6.804823182030053985 ) ) ;
#1388 = CARTESIAN_POINT ( 'NONE',  ( 1.246999999999999886, -1.302165354330709235, -7.408070866141734712 ) ) ;
#1389 = VERTEX_POINT ( 'NONE', #163 ) ;
#1390 = EDGE_CURVE ( 'NONE', #1076, #95, #631, .T. ) ;
#1391 = CARTESIAN_POINT ( 'NONE',  ( 1.256999999999999895, -1.600000000000000311, -6.895176817969948857 ) ) ;
#1392 = EDGE_CURVE ( 'NONE', #762, #548, #244, .T. ) ;
#1393 = CARTESIAN_POINT ( 'NONE',  ( 1.499999999999999778, -1.500000000000000444, -7.250000000000000888 ) ) ;
#1394 = DIRECTION ( 'NONE',  ( -0.000000000000000000, 1.000000000000000000, -0.000000000000000000 ) ) ;
#1395 = ORIENTED_EDGE ( 'NONE', *, *, #23, .F. ) ;
#1396 = EDGE_LOOP ( 'NONE', ( #1548, #943, #1451, #228 ) ) ;
#1397 = CYLINDRICAL_SURFACE ( 'NONE', #1132, 0.2500000000000019984 ) ;
#1398 = FACE_OUTER_BOUND ( 'NONE', #698, .T. ) ;
#1399 = EDGE_LOOP ( 'NONE', ( #1083, #527 ) ) ;
#1400 = CIRCLE ( 'NONE', #712, 0.3500000000000014766 ) ;
#1401 = CARTESIAN_POINT ( 'NONE',  ( 1.499999999999999778, 1.500000000000000444, -4.500000000000001776 ) ) ;
#1402 = ORIENTED_EDGE ( 'NONE', *, *, #181, .F. ) ;
#1403 = EDGE_CURVE ( 'NONE', #455, #813, #596, .T. ) ;
#1404 = AXIS2_PLACEMENT_3D ( 'NONE', #816, #1457, #224 ) ;
#1405 = ORIENTED_EDGE ( 'NONE', *, *, #267, .T. ) ;
#1406 = CARTESIAN_POINT ( 'NONE',  ( 1.246999999999999886, 1.302165354330708791, -4.651574803149607362 ) ) ;
#1407 = CIRCLE ( 'NONE', #718, 0.05807086614173244399 ) ;
#1408 = COLOUR_RGB ( '',0.7921568627450980005, 0.8196078431372548767, 0.9333333333333333481 ) ;
#1409 = FACE_BOUND ( 'NONE', #1041, .T. ) ;
#1410 = AXIS2_PLACEMENT_3D ( 'NONE', #1019, #1373, #885 ) ;
#1411 = CARTESIAN_POINT ( 'NONE',  ( 1.256999999999999673, 1.249999999999998446, -7.250000000000000888 ) ) ;
#1412 = EDGE_CURVE ( 'NONE', #1076, #169, #549, .T. ) ;
#1413 = VERTEX_POINT ( 'NONE', #379 ) ;
#1414 = FACE_OUTER_BOUND ( 'NONE', #164, .T. ) ;
#1415 = ORIENTED_EDGE ( 'NONE', *, *, #458, .F. ) ;
#1416 = DIRECTION ( 'NONE',  ( 0.000000000000000000, 0.000000000000000000, -1.000000000000000000 ) ) ;
#1417 = DIRECTION ( 'NONE',  ( 1.000000000000000000, 0.000000000000000000, 0.000000000000000000 ) ) ;
#1418 = CARTESIAN_POINT ( 'NONE',  ( 1.256999999999999673, -1.600000000000000311, -6.895176817969948857 ) ) ;
#1419 = ADVANCED_FACE ( 'NONE', ( #516, #895, #45 ), #168, .F. ) ;
#1420 = ORIENTED_EDGE ( 'NONE', *, *, #296, .T. ) ;
#1421 = EDGE_CURVE ( 'NONE', #455, #1413, #772, .T. ) ;
#1422 = VERTEX_POINT ( 'NONE', #1350 ) ;
#1423 = CARTESIAN_POINT ( 'NONE',  ( 1.499999999999999778, -1.600000000000000089, -7.250000000000000888 ) ) ;
#1424 = EDGE_CURVE ( 'NONE', #8, #1211, #111, .T. ) ;
#1425 = CARTESIAN_POINT ( 'NONE',  ( 1.256999999999999673, -1.600000000000000089, -7.250000000000000888 ) ) ;
#1426 = DIRECTION ( 'NONE',  ( -1.000000000000000000, 0.000000000000000000, 0.000000000000000000 ) ) ;
#1427 = EDGE_CURVE ( 'NONE', #1140, #1076, #304, .T. ) ;
#1428 = ORIENTED_EDGE ( 'NONE', *, *, #1547, .T. ) ;
#1429 = PLANE ( 'NONE',  #1435 ) ;
#1430 = ORIENTED_EDGE ( 'NONE', *, *, #461, .T. ) ;
#1431 = DIRECTION ( 'NONE',  ( 0.000000000000000000, 0.000000000000000000, -1.000000000000000000 ) ) ;
#1432 = UNCERTAINTY_MEASURE_WITH_UNIT (LENGTH_MEASURE( 1.000000000000000082E-05 ), #957, 'distance_accuracy_value', 'NONE');
#1433 = AXIS2_PLACEMENT_3D ( 'NONE', #1157, #319, #802 ) ;
#1434 = DIRECTION ( 'NONE',  ( 0.000000000000000000, 0.000000000000000000, -1.000000000000000000 ) ) ;
#1435 = AXIS2_PLACEMENT_3D ( 'NONE', #1452, #706, #101 ) ;
#1436 = VECTOR ( 'NONE', #97, 39.37007874015748143 ) ;
#1437 = CARTESIAN_POINT ( 'NONE',  ( 1.381999999999999673, 1.500000000000000444, -4.500000000000001776 ) ) ;
#1438 = DIRECTION ( 'NONE',  ( -1.000000000000000000, 0.000000000000000000, 0.000000000000000000 ) ) ;
#1439 = VECTOR ( 'NONE', #591, 39.37007874015748143 ) ;
#1440 = EDGE_CURVE ( 'NONE', #636, #1526, #1137, .T. ) ;
#1441 = AXIS2_PLACEMENT_3D ( 'NONE', #261, #741, #1280 ) ;
#1442 = ORIENTED_EDGE ( 'NONE', *, *, #139, .F. ) ;
#1443 = DIRECTION ( 'NONE',  ( 0.000000000000000000, 0.000000000000000000, 1.000000000000000000 ) ) ;
#1444 = CYLINDRICAL_SURFACE ( 'NONE', #317, 0.05807086614173244399 ) ;
#1445 = ORIENTED_EDGE ( 'NONE', *, *, #701, .F. ) ;
#1446 = CARTESIAN_POINT ( 'NONE',  ( 1.246999999999999886, -1.302165354330708791, -4.750000000000000888 ) ) ;
#1447 = CYLINDRICAL_SURFACE ( 'NONE', #34, 0.3500000000000014766 ) ;
#1448 = EDGE_CURVE ( 'NONE', #713, #262, #987, .T. ) ;
#1449 = DIRECTION ( 'NONE',  ( 1.000000000000000000, -0.000000000000000000, -0.000000000000000000 ) ) ;
#1450 = DIRECTION ( 'NONE',  ( 0.7071067811865630048, 0.000000000000000000, -0.7071067811865319186 ) ) ;
#1451 = ORIENTED_EDGE ( 'NONE', *, *, #856, .T. ) ;
#1452 = CARTESIAN_POINT ( 'NONE',  ( 1.060149606299212177, 1.302165354330708791, -4.750000000000001776 ) ) ;
#1453 = CARTESIAN_POINT ( 'NONE',  ( 1.256999999999999673, -1.302165354330709235, -7.251574803149608783 ) ) ;
#1454 = VERTEX_POINT ( 'NONE', #340 ) ;
#1455 = DIRECTION ( 'NONE',  ( -0.000000000000000000, 1.000000000000000000, -0.000000000000000000 ) ) ;
#1456 = SURFACE_STYLE_FILL_AREA ( #483 ) ;
#1457 = DIRECTION ( 'NONE',  ( 1.000000000000000000, 0.000000000000000000, 0.000000000000000000 ) ) ;
#1458 = ORIENTED_EDGE ( 'NONE', *, *, #914, .T. ) ;
#1459 = CARTESIAN_POINT ( 'NONE',  ( 1.060149606299212177, -1.302165354330708791, -4.750000000000000888 ) ) ;
#1460 = DIRECTION ( 'NONE',  ( 1.000000000000000000, 0.000000000000000000, 0.000000000000000000 ) ) ;
#1461 = CARTESIAN_POINT ( 'NONE',  ( 1.246999999999999886, 1.302165354330708791, -4.808070866141734179 ) ) ;
#1462 = ORIENTED_EDGE ( 'NONE', *, *, #1532, .F. ) ;
#1463 = ADVANCED_FACE ( 'NONE', ( #1045 ), #1194, .T. ) ;
#1464 = FACE_BOUND ( 'NONE', #959, .T. ) ;
#1465 = AXIS2_PLACEMENT_3D ( 'NONE', #862, #541, #1266 ) ;
#1466 = CARTESIAN_POINT ( 'NONE',  ( 1.080149606299212861, 1.302165354330708791, -4.808070866141734179 ) ) ;
#1467 = CONICAL_SURFACE ( 'NONE', #1033, 0.03807086614173320338, 0.7853981633974257415 ) ;
#1468 = VECTOR ( 'NONE', #782, 39.37007874015748143 ) ;
#1469 = ORIENTED_EDGE ( 'NONE', *, *, #1135, .T. ) ;
#1470 = FACE_OUTER_BOUND ( 'NONE', #857, .T. ) ;
#1471 = AXIS2_PLACEMENT_3D ( 'NONE', #1486, #1133, #877 ) ;
#1472 = DIRECTION ( 'NONE',  ( -0.000000000000000000, 1.000000000000000000, 0.000000000000000000 ) ) ;
#1473 = ORIENTED_EDGE ( 'NONE', *, *, #1050, .F. ) ;
#1474 = DIRECTION ( 'NONE',  ( -0.000000000000000000, 1.000000000000000000, -0.000000000000000000 ) ) ;
#1475 = FACE_OUTER_BOUND ( 'NONE', #1476, .T. ) ;
#1476 = EDGE_LOOP ( 'NONE', ( #1174, #785, #1007, #1282 ) ) ;
#1477 = DIRECTION ( 'NONE',  ( 1.000000000000000000, 0.000000000000000000, 0.000000000000000000 ) ) ;
#1478 = CARTESIAN_POINT ( 'NONE',  ( 1.060149606299212177, -1.302165354330709235, -7.311929133858268592 ) ) ;
#1479 = EDGE_LOOP ( 'NONE', ( #232, #502 ) ) ;
#1480 = EDGE_CURVE ( 'NONE', #112, #610, #108, .T. ) ;
#1481 = ADVANCED_FACE ( 'NONE', ( #546 ), #1202, .T. ) ;
#1482 = DIRECTION ( 'NONE',  ( -1.000000000000000000, 0.000000000000000000, 0.000000000000000000 ) ) ;
#1483 = ORIENTED_EDGE ( 'NONE', *, *, #1301, .T. ) ;
#1484 = FACE_OUTER_BOUND ( 'NONE', #868, .T. ) ;
#1485 = ORIENTED_EDGE ( 'NONE', *, *, #1489, .T. ) ;
#1486 = CARTESIAN_POINT ( 'NONE',  ( 1.060149606299212177, -1.302165354330708791, -4.750000000000000888 ) ) ;
#1487 = DIRECTION ( 'NONE',  ( 0.000000000000000000, -1.000000000000000000, 9.933992704233687680E-17 ) ) ;
#1488 = AXIS2_PLACEMENT_3D ( 'NONE', #1044, #1386, #683 ) ;
#1489 = EDGE_CURVE ( 'NONE', #1141, #934, #561, .T. ) ;
#1490 = ORIENTED_EDGE ( 'NONE', *, *, #972, .F. ) ;
#1491 = CIRCLE ( 'NONE', #792, 0.09842519685039378963 ) ;
#1492 = CARTESIAN_POINT ( 'NONE',  ( 1.060149606299212177, 1.302165354330708791, -4.750000000000001776 ) ) ;
#1493 = AXIS2_PLACEMENT_3D ( 'NONE', #833, #579, #1310 ) ;
#1494 = ORIENTED_EDGE ( 'NONE', *, *, #695, .T. ) ;
#1495 = AXIS2_PLACEMENT_3D ( 'NONE', #1190, #248, #993 ) ;
#1496 = CIRCLE ( 'NONE', #722, 0.05807086614173190275 ) ;
#1497 = LENGTH_MEASURE_WITH_UNIT ( LENGTH_MEASURE( 0.02539999999999999897 ), #152 );
#1498 = EDGE_CURVE ( 'NONE', #1211, #8, #474, .T. ) ;
#1499 = ORIENTED_EDGE ( 'NONE', *, *, #897, .T. ) ;
#1500 = CARTESIAN_POINT ( 'NONE',  ( 1.246999999999999886, -1.302165354330709235, -7.350000000000002309 ) ) ;
#1501 = CARTESIAN_POINT ( 'NONE',  ( 1.060149606299212177, 1.302165354330708791, -7.350000000000002309 ) ) ;
#1502 = EDGE_LOOP ( 'NONE', ( #211, #402, #836, #932 ) ) ;
#1503 = ORIENTED_EDGE ( 'NONE', *, *, #1000, .T. ) ;
#1504 = LINE ( 'NONE', #149, #927 ) ;
#1505 = DIRECTION ( 'NONE',  ( 1.000000000000000000, 0.000000000000000000, -0.000000000000000000 ) ) ;
#1506 = ORIENTED_EDGE ( 'NONE', *, *, #65, .F. ) ;
#1507 = ORIENTED_EDGE ( 'NONE', *, *, #901, .T. ) ;
#1508 = AXIS2_PLACEMENT_3D ( 'NONE', #307, #1482, #1235 ) ;
#1509 = EDGE_LOOP ( 'NONE', ( #1219, #1374, #1281, #1306 ) ) ;
#1510 = VECTOR ( 'NONE', #923, 39.37007874015748143 ) ;
#1511 = EDGE_CURVE ( 'NONE', #1554, #921, #1496, .T. ) ;
#1512 = ADVANCED_BREP_SHAPE_REPRESENTATION ( '1stStageSlidePlateV2', ( #1114, #398 ), #621 ) ;
#1513 = VECTOR ( 'NONE', #889, 39.37007874015748143 ) ;
#1514 = CARTESIAN_POINT ( 'NONE',  ( 1.246999999999999886, 1.302165354330708791, -7.251574803149608783 ) ) ;
#1515 = CONICAL_SURFACE ( 'NONE', #720, 0.03807086614173156580, 0.7853981633974541632 ) ;
#1516 = VECTOR ( 'NONE', #1534, 39.37007874015748143 ) ;
#1517 = CYLINDRICAL_SURFACE ( 'NONE', #900, 0.09842519685039433086 ) ;
#1518 = ORIENTED_EDGE ( 'NONE', *, *, #884, .F. ) ;
#1519 = EDGE_CURVE ( 'NONE', #1027, #1333, #826, .T. ) ;
#1520 = EDGE_CURVE ( 'NONE', #804, #46, #852, .T. ) ;
#1521 = CARTESIAN_POINT ( 'NONE',  ( 1.246999999999999886, 1.302165354330708791, -7.448425196850395835 ) ) ;
#1522 = ORIENTED_EDGE ( 'NONE', *, *, #1519, .F. ) ;
#1523 = ORIENTED_EDGE ( 'NONE', *, *, #26, .F. ) ;
#1524 = CARTESIAN_POINT ( 'NONE',  ( 5.955333881989093747, 1.249999999999998446, -7.250000000000000888 ) ) ;
#1525 = DIRECTION ( 'NONE',  ( -1.000000000000000000, 0.000000000000000000, 0.000000000000000000 ) ) ;
#1526 = VERTEX_POINT ( 'NONE', #437 ) ;
#1527 = DIRECTION ( 'NONE',  ( 1.000000000000000000, 0.000000000000000000, 0.000000000000000000 ) ) ;
#1528 = EDGE_LOOP ( 'NONE', ( #882, #404 ) ) ;
#1529 = ORIENTED_EDGE ( 'NONE', *, *, #1571, .F. ) ;
#1530 = DIRECTION ( 'NONE',  ( 1.000000000000000000, -0.000000000000000000, -0.000000000000000000 ) ) ;
#1531 = DIRECTION ( 'NONE',  ( -1.000000000000000000, 0.000000000000000000, 0.000000000000000000 ) ) ;
#1532 = EDGE_CURVE ( 'NONE', #1047, #1126, #347, .T. ) ;
#1533 = FACE_OUTER_BOUND ( 'NONE', #535, .T. ) ;
#1534 = DIRECTION ( 'NONE',  ( -0.000000000000000000, 1.000000000000000000, -0.000000000000000000 ) ) ;
#1535 = VERTEX_POINT ( 'NONE', #1388 ) ;
#1536 = CIRCLE ( 'NONE', #391, 0.03807086614173320338 ) ;
#1537 = AXIS2_PLACEMENT_3D ( 'NONE', #1446, #1077, #335 ) ;
#1538 = ORIENTED_EDGE ( 'NONE', *, *, #983, .F. ) ;
#1539 = FACE_OUTER_BOUND ( 'NONE', #1348, .T. ) ;
#1540 = EDGE_CURVE ( 'NONE', #305, #195, #1311, .T. ) ;
#1541 = ADVANCED_FACE ( 'NONE', ( #1564 ), #475, .T. ) ;
#1542 = VECTOR ( 'NONE', #48, 39.37007874015748143 ) ;
#1543 = CIRCLE ( 'NONE', #956, 0.3500000000000014766 ) ;
#1544 = AXIS2_PLACEMENT_3D ( 'NONE', #976, #235, #1210 ) ;
#1545 = DIRECTION ( 'NONE',  ( 1.000000000000000000, -0.000000000000000000, -0.000000000000000000 ) ) ;
#1546 = ORIENTED_EDGE ( 'NONE', *, *, #458, .T. ) ;
#1547 = EDGE_CURVE ( 'NONE', #46, #508, #230, .T. ) ;
#1548 = ORIENTED_EDGE ( 'NONE', *, *, #842, .F. ) ;
#1549 = DIRECTION ( 'NONE',  ( 0.000000000000000000, 0.000000000000000000, -1.000000000000000000 ) ) ;
#1550 = CARTESIAN_POINT ( 'NONE',  ( 1.060149606299212177, 1.302165354330708791, -7.408070866141734712 ) ) ;
#1551 = CARTESIAN_POINT ( 'NONE',  ( 1.060149606299212177, 1.302165354330708791, -7.388070866141735138 ) ) ;
#1552 = ORIENTED_EDGE ( 'NONE', *, *, #1050, .T. ) ;
#1553 = ADVANCED_FACE ( 'NONE', ( #351 ), #716, .F. ) ;
#1554 = VERTEX_POINT ( 'NONE', #975 ) ;
#1555 = CARTESIAN_POINT ( 'NONE',  ( 1.060149606299212177, 1.302165354330708791, -7.350000000000002309 ) ) ;
#1556 = DIRECTION ( 'NONE',  ( 1.000000000000000000, 0.000000000000000000, -0.000000000000000000 ) ) ;
#1557 = EDGE_CURVE ( 'NONE', #320, #422, #165, .T. ) ;
#1558 = CYLINDRICAL_SURFACE ( 'NONE', #499, 0.06102362204724393058 ) ;
#1559 = VERTEX_POINT ( 'NONE', #1579 ) ;
#1560 = CIRCLE ( 'NONE', #1508, 0.05807086614173244399 ) ;
#1561 = DIRECTION ( 'NONE',  ( -0.000000000000000000, 1.000000000000000000, -0.000000000000000000 ) ) ;
#1562 = VECTOR ( 'NONE', #589, 39.37007874015748143 ) ;
#1563 = VECTOR ( 'NONE', #302, 39.37007874015748143 ) ;
#1564 = FACE_OUTER_BOUND ( 'NONE', #342, .T. ) ;
#1565 = DIRECTION ( 'NONE',  ( 0.000000000000000000, -1.000000000000000000, 0.000000000000000000 ) ) ;
#1566 = EDGE_LOOP ( 'NONE', ( #964, #80 ) ) ;
#1567 = CARTESIAN_POINT ( 'NONE',  ( 5.955333881989093747, 1.600000000000000311, -4.500000000000001776 ) ) ;
#1568 = CARTESIAN_POINT ( 'NONE',  ( 1.246999999999999886, -1.302165354330708791, -4.750000000000000888 ) ) ;
#1569 = CARTESIAN_POINT ( 'NONE',  ( 1.246999999999999886, 1.302165354330708791, -4.750000000000001776 ) ) ;
#1570 = LINE ( 'NONE', #1312, #50 ) ;
#1571 = EDGE_CURVE ( 'NONE', #563, #1027, #501, .T. ) ;
#1572 = ORIENTED_EDGE ( 'NONE', *, *, #361, .T. ) ;
#1573 = DIRECTION ( 'NONE',  ( -0.000000000000000000, 1.000000000000000000, -0.000000000000000000 ) ) ;
#1574 = DIRECTION ( 'NONE',  ( 0.7071067811865452413, 0.000000000000000000, -0.7071067811865497932 ) ) ;
#1575 = ORIENTED_EDGE ( 'NONE', *, *, #901, .F. ) ;
#1576 = DIRECTION ( 'NONE',  ( 1.000000000000000000, 0.000000000000000000, 0.000000000000000000 ) ) ;
#1577 = EDGE_LOOP ( 'NONE', ( #1067, #672, #990, #116 ) ) ;
#1578 = DIRECTION ( 'NONE',  ( 0.000000000000000000, 0.000000000000000000, -1.000000000000000000 ) ) ;
#1579 = CARTESIAN_POINT ( 'NONE',  ( 1.256999999999999895, 1.600000000000000311, -6.895176817969948857 ) ) ;
#1580 = LINE ( 'NONE', #859, #797 ) ;
#1581 = ORIENTED_EDGE ( 'NONE', *, *, #1519, .T. ) ;
ENDSEC;
END-ISO-10303-21;
