ISO-10303-21;
HEADER;
FILE_DESCRIPTION (( 'STEP AP214' ),
    '1' );
FILE_NAME ('2ndStageSliderPlate.STEP',
    '2026-03-06T09:45:15',
    ( '' ),
    ( '' ),
    'SwSTEP 2.0',
    'SolidWorks 2025',
    '' );
FILE_SCHEMA (( 'AUTOMOTIVE_DESIGN' ));
ENDSEC;

DATA;
#1 = EDGE_CURVE ( 'NONE', #876, #1120, #929, .T. ) ;
#2 = CARTESIAN_POINT ( 'NONE',  ( -6.749999999999997335, -0.3749999999999996669, 0.2429999999999999660 ) ) ;
#3 = LINE ( 'NONE', #1575, #785 ) ;
#4 = ORIENTED_EDGE ( 'NONE', *, *, #17, .T. ) ;
#5 = AXIS2_PLACEMENT_3D ( 'NONE', #568, #834, #1616 ) ;
#6 = ORIENTED_EDGE ( 'NONE', *, *, #801, .F. ) ;
#7 = ORIENTED_EDGE ( 'NONE', *, *, #1269, .T. ) ;
#8 = CARTESIAN_POINT ( 'NONE',  ( -7.500000000000000000, -0.9999999999999994449, -0.1180000000000002158 ) ) ;
#9 = CARTESIAN_POINT ( 'NONE',  ( -6.999999999999997335, -0.1249999999999996947, 0.2429999999999999660 ) ) ;
#10 = DIRECTION ( 'NONE',  ( 0.000000000000000000, 0.000000000000000000, 1.000000000000000000 ) ) ;
#11 = VERTEX_POINT ( 'NONE', #920 ) ;
#12 = CARTESIAN_POINT ( 'NONE',  ( -6.706698729810774751, 0.1499999999999996891, 0.2429999999999999660 ) ) ;
#13 = LINE ( 'NONE', #1064, #437 ) ;
#14 = AXIS2_PLACEMENT_3D ( 'NONE', #973, #297, #151 ) ;
#15 = DIRECTION ( 'NONE',  ( 1.000000000000000000, -2.731847993664259767E-16, 0.000000000000000000 ) ) ;
#16 = ORIENTED_EDGE ( 'NONE', *, *, #1135, .F. ) ;
#17 = EDGE_CURVE ( 'NONE', #1264, #482, #1693, .T. ) ;
#18 = DIRECTION ( 'NONE',  ( -2.731847993664259767E-16, -1.000000000000000000, 0.000000000000000000 ) ) ;
#19 = EDGE_CURVE ( 'NONE', #223, #373, #1177, .T. ) ;
#20 = AXIS2_PLACEMENT_3D ( 'NONE', #1368, #1619, #280 ) ;
#21 = CARTESIAN_POINT ( 'NONE',  ( -7.625000000000000888, 1.000000000000000444, 0.1250000000000000000 ) ) ;
#22 = APPLICATION_PROTOCOL_DEFINITION ( 'draft international standard', 'automotive_design', 1998, #279 ) ;
#23 = CARTESIAN_POINT ( 'NONE',  ( -5.043301270189219920, -0.3499999999999997002, 0.2429999999999999660 ) ) ;
#24 = CARTESIAN_POINT ( 'NONE',  ( -4.749999999999997335, 0.1249999999999996531, 0.1250000000000000000 ) ) ;
#25 = EDGE_CURVE ( 'NONE', #306, #222, #911, .T. ) ;
#26 = DIRECTION ( 'NONE',  ( 0.000000000000000000, 0.000000000000000000, 1.000000000000000000 ) ) ;
#27 = VECTOR ( 'NONE', #787, 39.37007874015748143 ) ;
#28 = AXIS2_PLACEMENT_3D ( 'NONE', #536, #560, #1600 ) ;
#29 = CARTESIAN_POINT ( 'NONE',  ( -4.499999999999999112, 1.375000000000000666, -0.1180000000000002158 ) ) ;
#30 = CARTESIAN_POINT ( 'NONE',  ( -6.999999999999997335, -0.3749999999999996669, 0.1250000000000000000 ) ) ;
#31 = CARTESIAN_POINT ( 'NONE',  ( -4.749999999999997335, -0.1249999999999996531, 0.2429999999999999660 ) ) ;
#32 = CARTESIAN_POINT ( 'NONE',  ( -6.783493649053887076, 0.3749999999999996669, 0.2429999999999999660 ) ) ;
#33 = ORIENTED_EDGE ( 'NONE', *, *, #264, .F. ) ;
#34 = LINE ( 'NONE', #465, #957 ) ;
#35 = DIRECTION ( 'NONE',  ( 0.000000000000000000, 0.000000000000000000, 1.000000000000000000 ) ) ;
#36 = EDGE_CURVE ( 'NONE', #1605, #593, #409, .T. ) ;
#37 = CARTESIAN_POINT ( 'NONE',  ( -7.250000000000000888, -1.249999999999999334, -0.1180000000000002158 ) ) ;
#38 = DIRECTION ( 'NONE',  ( -0.000000000000000000, -0.000000000000000000, -1.000000000000000000 ) ) ;
#39 = EDGE_CURVE ( 'NONE', #158, #1134, #108, .T. ) ;
#40 = EDGE_CURVE ( 'NONE', #361, #1035, #772, .T. ) ;
#41 = DIRECTION ( 'NONE',  ( 0.000000000000000000, 1.000000000000000000, 0.000000000000000000 ) ) ;
#42 = ORIENTED_EDGE ( 'NONE', *, *, #1451, .F. ) ;
#43 = VECTOR ( 'NONE', #1182, 39.37007874015748143 ) ;
#44 = DIRECTION ( 'NONE',  ( -1.000000000000000000, 0.000000000000000000, 0.000000000000000000 ) ) ;
#45 = AXIS2_PLACEMENT_3D ( 'NONE', #817, #937, #955 ) ;
#46 = CARTESIAN_POINT ( 'NONE',  ( -5.043301270189219920, 0.3499999999999997002, 0.2429999999999999660 ) ) ;
#47 = CYLINDRICAL_SURFACE ( 'NONE', #83, 0.3750000000000002220 ) ;
#48 = EDGE_CURVE ( 'NONE', #1684, #256, #935, .T. ) ;
#49 = LINE ( 'NONE', #168, #1206 ) ;
#50 = LINE ( 'NONE', #304, #575 ) ;
#51 = ORIENTED_EDGE ( 'NONE', *, *, #479, .T. ) ;
#52 = DIRECTION ( 'NONE',  ( -1.000000000000000000, 2.731847993664259767E-16, -0.000000000000000000 ) ) ;
#53 = VERTEX_POINT ( 'NONE', #514 ) ;
#54 = ORIENTED_EDGE ( 'NONE', *, *, #119, .T. ) ;
#55 = PLANE ( 'NONE',  #56 ) ;
#56 = AXIS2_PLACEMENT_3D ( 'NONE', #1375, #1384, #1519 ) ;
#57 = DIRECTION ( 'NONE',  ( 1.000000000000000000, 0.000000000000000000, 0.000000000000000000 ) ) ;
#58 = AXIS2_PLACEMENT_3D ( 'NONE', #881, #871, #1243 ) ;
#59 = CARTESIAN_POINT ( 'NONE',  ( -6.706698729810774751, -0.1499999999999996891, 0.1250000000000000000 ) ) ;
#60 = ORIENTED_EDGE ( 'NONE', *, *, #36, .F. ) ;
#61 = CARTESIAN_POINT ( 'NONE',  ( -6.667893218813445877, 1.521446609406725381, 0.1250000000000000000 ) ) ;
#62 = CARTESIAN_POINT ( 'NONE',  ( -6.783493649053887076, -0.2499999999999997224, 0.2429999999999999660 ) ) ;
#63 = ORIENTED_EDGE ( 'NONE', *, *, #216, .T. ) ;
#64 = VERTEX_POINT ( 'NONE', #134 ) ;
#65 = DIRECTION ( 'NONE',  ( 1.000000000000000000, 0.000000000000000000, 0.000000000000000000 ) ) ;
#66 = DIRECTION ( 'NONE',  ( 0.000000000000000000, -1.000000000000000000, 0.000000000000000000 ) ) ;
#67 = EDGE_CURVE ( 'NONE', #1056, #862, #1505, .T. ) ;
#68 = DIRECTION ( 'NONE',  ( 1.000000000000000000, 0.000000000000000000, 0.000000000000000000 ) ) ;
#69 = ORIENTED_EDGE ( 'NONE', *, *, #948, .F. ) ;
#70 = ADVANCED_FACE ( 'NONE', ( #1060 ), #540, .T. ) ;
#71 = CARTESIAN_POINT ( 'NONE',  ( -6.783493649053887076, 0.1249999999999996947, 0.2429999999999999660 ) ) ;
#72 = ORIENTED_EDGE ( 'NONE', *, *, #1, .F. ) ;
#73 = DIRECTION ( 'NONE',  ( -0.000000000000000000, -0.000000000000000000, -1.000000000000000000 ) ) ;
#74 = AXIS2_PLACEMENT_3D ( 'NONE', #915, #1443, #774 ) ;
#75 = DIRECTION ( 'NONE',  ( 1.000000000000000000, 0.000000000000000000, 0.000000000000000000 ) ) ;
#76 = CARTESIAN_POINT ( 'NONE',  ( -7.250000000000000888, 1.000000000000000444, -0.1179999999999999799 ) ) ;
#77 = ORIENTED_EDGE ( 'NONE', *, *, #400, .T. ) ;
#78 = EDGE_CURVE ( 'NONE', #564, #342, #550, .T. ) ;
#79 = ORIENTED_EDGE ( 'NONE', *, *, #264, .T. ) ;
#80 = DIRECTION ( 'NONE',  ( -1.000000000000000000, 0.000000000000000000, -0.000000000000000000 ) ) ;
#81 = EDGE_CURVE ( 'NONE', #1056, #1247, #1428, .T. ) ;
#82 = DIRECTION ( 'NONE',  ( 0.000000000000000000, 0.000000000000000000, 1.000000000000000000 ) ) ;
#83 = AXIS2_PLACEMENT_3D ( 'NONE', #1625, #449, #309 ) ;
#84 = ORIENTED_EDGE ( 'NONE', *, *, #1558, .F. ) ;
#85 = FACE_OUTER_BOUND ( 'NONE', #813, .T. ) ;
#86 = ORIENTED_EDGE ( 'NONE', *, *, #1130, .F. ) ;
#87 = DIRECTION ( 'NONE',  ( 1.000000000000000000, 0.000000000000000000, 0.000000000000000000 ) ) ;
#88 = ORIENTED_EDGE ( 'NONE', *, *, #1546, .T. ) ;
#89 = CARTESIAN_POINT ( 'NONE',  ( -5.043301270189219920, 0.1499999999999996891, 0.2429999999999999660 ) ) ;
#90 = DIRECTION ( 'NONE',  ( 2.731847993664259767E-16, -1.000000000000000000, 0.000000000000000000 ) ) ;
#91 = EDGE_CURVE ( 'NONE', #1044, #158, #1037, .T. ) ;
#92 = DIRECTION ( 'NONE',  ( 1.000000000000000000, 0.000000000000000000, 0.000000000000000000 ) ) ;
#93 = AXIS2_PLACEMENT_3D ( 'NONE', #804, #1594, #970 ) ;
#94 = ORIENTED_EDGE ( 'NONE', *, *, #270, .T. ) ;
#95 = ORIENTED_EDGE ( 'NONE', *, *, #1698, .F. ) ;
#96 = VECTOR ( 'NONE', #1584, 39.37007874015748143 ) ;
#97 = DIRECTION ( 'NONE',  ( 0.000000000000000000, 0.000000000000000000, -1.000000000000000000 ) ) ;
#98 = VECTOR ( 'NONE', #1477, 39.37007874015748143 ) ;
#99 = ORIENTED_EDGE ( 'NONE', *, *, #1, .T. ) ;
#100 = ORIENTED_EDGE ( 'NONE', *, *, #803, .T. ) ;
#101 = VERTEX_POINT ( 'NONE', #453 ) ;
#102 = PRESENTATION_STYLE_ASSIGNMENT (( #1390 ) ) ;
#103 = DIRECTION ( 'NONE',  ( 0.000000000000000000, 0.000000000000000000, 1.000000000000000000 ) ) ;
#104 = ORIENTED_EDGE ( 'NONE', *, *, #894, .F. ) ;
#105 = EDGE_CURVE ( 'NONE', #500, #674, #682, .T. ) ;
#106 = AXIS2_PLACEMENT_3D ( 'NONE', #720, #1549, #1405 ) ;
#107 = VERTEX_POINT ( 'NONE', #425 ) ;
#108 = LINE ( 'NONE', #1449, #96 ) ;
#109 = ORIENTED_EDGE ( 'NONE', *, *, #1573, .T. ) ;
#110 = CARTESIAN_POINT ( 'NONE',  ( -6.706698729810774751, 0.1499999999999996891, 0.2429999999999999660 ) ) ;
#111 = CARTESIAN_POINT ( 'NONE',  ( -6.999999999999997335, 0.1249999999999996947, 0.2429999999999999660 ) ) ;
#112 = LINE ( 'NONE', #382, #556 ) ;
#113 = VERTEX_POINT ( 'NONE', #565 ) ;
#114 = DIRECTION ( 'NONE',  ( 0.8660254037844433705, -0.4999999999999917843, 0.000000000000000000 ) ) ;
#115 =( LENGTH_UNIT ( ) NAMED_UNIT ( * ) SI_UNIT ( $, .METRE. ) );
#116 = ORIENTED_EDGE ( 'NONE', *, *, #386, .T. ) ;
#117 = VERTEX_POINT ( 'NONE', #1075 ) ;
#118 = ORIENTED_EDGE ( 'NONE', *, *, #530, .F. ) ;
#119 = EDGE_CURVE ( 'NONE', #1642, #113, #1422, .T. ) ;
#120 = VECTOR ( 'NONE', #703, 39.37007874015748143 ) ;
#121 = AXIS2_PLACEMENT_3D ( 'NONE', #944, #26, #1581 ) ;
#122 = DIRECTION ( 'NONE',  ( 0.000000000000000000, 0.000000000000000000, 1.000000000000000000 ) ) ;
#123 = ORIENTED_EDGE ( 'NONE', *, *, #25, .F. ) ;
#124 = VECTOR ( 'NONE', #272, 39.37007874015748143 ) ;
#125 = ORIENTED_EDGE ( 'NONE', *, *, #825, .F. ) ;
#126 = ORIENTED_EDGE ( 'NONE', *, *, #351, .F. ) ;
#127 = EDGE_CURVE ( 'NONE', #1585, #53, #283, .T. ) ;
#128 = CARTESIAN_POINT ( 'NONE',  ( -4.499999999999999112, 1.375000000000000666, -0.1180000000000002158 ) ) ;
#129 = CARTESIAN_POINT ( 'NONE',  ( -4.999999999999998224, -0.3749999999999996114, 0.1250000000000000000 ) ) ;
#130 = DIRECTION ( 'NONE',  ( 9.933992704233682750E-17, -1.000000000000000000, 0.000000000000000000 ) ) ;
#131 = ORIENTED_EDGE ( 'NONE', *, *, #831, .F. ) ;
#132 = ADVANCED_FACE ( 'NONE', ( #1105 ), #978, .F. ) ;
#133 = VECTOR ( 'NONE', #1430, 39.37007874015748143 ) ;
#134 = CARTESIAN_POINT ( 'NONE',  ( -6.720993649053888852, 0.3582531754730553519, 0.1250000000000000000 ) ) ;
#135 = ORIENTED_EDGE ( 'NONE', *, *, #748, .T. ) ;
#136 = DIRECTION ( 'NONE',  ( -0.000000000000000000, -0.000000000000000000, -1.000000000000000000 ) ) ;
#137 = CARTESIAN_POINT ( 'NONE',  ( -6.720993649053888852, 0.3582531754730553519, 0.2429999999999999660 ) ) ;
#138 = CARTESIAN_POINT ( 'NONE',  ( -4.999999999999998224, 0.1249999999999997641, 0.2429999999999999660 ) ) ;
#139 = DIRECTION ( 'NONE',  ( -1.000000000000000000, -0.000000000000000000, -0.000000000000000000 ) ) ;
#140 = ADVANCED_FACE ( 'NONE', ( #557 ), #1503, .T. ) ;
#141 = CARTESIAN_POINT ( 'NONE',  ( -6.783493649053887076, -0.1249999999999996947, 0.2429999999999999660 ) ) ;
#142 = ORIENTED_EDGE ( 'NONE', *, *, #613, .F. ) ;
#143 = VERTEX_POINT ( 'NONE', #1342 ) ;
#144 = CARTESIAN_POINT ( 'NONE',  ( -4.499999999999999112, 1.250000000000000888, -4.280706451336678597 ) ) ;
#145 = LINE ( 'NONE', #284, #678 ) ;
#146 = CARTESIAN_POINT ( 'NONE',  ( -7.250000000000000888, 1.000000000000000444, -0.1180000000000002158 ) ) ;
#147 = CARTESIAN_POINT ( 'NONE',  ( -7.625000000000000888, 1.000000000000000444, -0.1180000000000002158 ) ) ;
#148 = ORIENTED_EDGE ( 'NONE', *, *, #1317, .T. ) ;
#149 = ORIENTED_EDGE ( 'NONE', *, *, #858, .T. ) ;
#150 = VECTOR ( 'NONE', #1324, 39.37007874015748143 ) ;
#151 = DIRECTION ( 'NONE',  ( 1.000000000000000000, 0.000000000000000000, 0.000000000000000000 ) ) ;
#152 = CARTESIAN_POINT ( 'NONE',  ( -6.783493649053887076, -0.2499999999999996669, 0.1250000000000000000 ) ) ;
#153 = AXIS2_PLACEMENT_3D ( 'NONE', #414, #1333, #1232 ) ;
#154 = CARTESIAN_POINT ( 'NONE',  ( -4.749999999999997335, 0.2499999999999996669, 0.2429999999999999660 ) ) ;
#155 = CARTESIAN_POINT ( 'NONE',  ( -7.250000000000000888, 1.250000000000000222, -4.280706451336678597 ) ) ;
#156 = DIRECTION ( 'NONE',  ( -0.000000000000000000, -0.000000000000000000, -1.000000000000000000 ) ) ;
#157 = DIRECTION ( 'NONE',  ( 0.000000000000000000, -0.000000000000000000, -1.000000000000000000 ) ) ;
#158 = VERTEX_POINT ( 'NONE', #841 ) ;
#159 = EDGE_CURVE ( 'NONE', #1233, #373, #952, .T. ) ;
#160 = CARTESIAN_POINT ( 'NONE',  ( -6.783493649053887076, -0.3749999999999996669, 0.2429999999999999660 ) ) ;
#161 = EDGE_CURVE ( 'NONE', #256, #1113, #1212, .T. ) ;
#162 = ORIENTED_EDGE ( 'NONE', *, *, #479, .F. ) ;
#163 = AXIS2_PLACEMENT_3D ( 'NONE', #913, #783, #1442 ) ;
#164 = VECTOR ( 'NONE', #1395, 39.37007874015748143 ) ;
#165 = DIRECTION ( 'NONE',  ( -0.000000000000000000, 0.000000000000000000, -1.000000000000000000 ) ) ;
#166 = LINE ( 'NONE', #543, #1459 ) ;
#167 = LINE ( 'NONE', #330, #274 ) ;
#168 = CARTESIAN_POINT ( 'NONE',  ( -6.720993649053888852, 0.1417468245269440930, 0.2429999999999999660 ) ) ;
#169 = CARTESIAN_POINT ( 'NONE',  ( -6.999999999999998224, -0.2500000000000008327, 0.2429999999999999660 ) ) ;
#170 = EDGE_LOOP ( 'NONE', ( #776, #1116, #777, #1280 ) ) ;
#171 = LINE ( 'NONE', #32, #782 ) ;
#172 = EDGE_CURVE ( 'NONE', #117, #979, #438, .T. ) ;
#173 = EDGE_CURVE ( 'NONE', #1671, #755, #1612, .T. ) ;
#174 = PLANE ( 'NONE',  #317 ) ;
#175 = CARTESIAN_POINT ( 'NONE',  ( -7.250000000000000888, -1.249999999999999334, 0.000000000000000000 ) ) ;
#176 = CYLINDRICAL_SURFACE ( 'NONE', #1151, 0.1250000000000004441 ) ;
#177 = CARTESIAN_POINT ( 'NONE',  ( -6.706698729810774751, -0.1499999999999996891, 0.2429999999999999660 ) ) ;
#178 = ORIENTED_EDGE ( 'NONE', *, *, #919, .T. ) ;
#179 = CIRCLE ( 'NONE', #121, 0.1250000000000004441 ) ;
#180 = DIRECTION ( 'NONE',  ( 0.000000000000000000, 0.000000000000000000, 1.000000000000000000 ) ) ;
#181 = ORIENTED_EDGE ( 'NONE', *, *, #845, .T. ) ;
#182 = DIRECTION ( 'NONE',  ( -0.000000000000000000, -0.000000000000000000, -1.000000000000000000 ) ) ;
#183 = DIRECTION ( 'NONE',  ( 1.000000000000000000, 7.922359181626369842E-15, 0.000000000000000000 ) ) ;
#184 = CARTESIAN_POINT ( 'NONE',  ( -6.314339828220174589, 1.375000000000000444, 0.1250000000000000000 ) ) ;
#185 = DIRECTION ( 'NONE',  ( 0.000000000000000000, 1.000000000000000000, -0.000000000000000000 ) ) ;
#186 = ORIENTED_EDGE ( 'NONE', *, *, #1172, .T. ) ;
#187 = FACE_OUTER_BOUND ( 'NONE', #1417, .T. ) ;
#188 = ORIENTED_EDGE ( 'NONE', *, *, #1196, .T. ) ;
#189 = DIRECTION ( 'NONE',  ( 1.000000000000000000, 2.731847993664259767E-16, 0.000000000000000000 ) ) ;
#190 = CIRCLE ( 'NONE', #163, 0.1250000000000004441 ) ;
#191 = CIRCLE ( 'NONE', #478, 0.1249999999999999029 ) ;
#192 = DIRECTION ( 'NONE',  ( 0.8660254037844383745, 0.5000000000000003331, 0.000000000000000000 ) ) ;
#193 = ORIENTED_EDGE ( 'NONE', *, *, #1553, .T. ) ;
#194 = DIRECTION ( 'NONE',  ( 0.000000000000000000, 0.000000000000000000, 1.000000000000000000 ) ) ;
#195 = EDGE_CURVE ( 'NONE', #830, #1233, #592, .T. ) ;
#196 = ORIENTED_EDGE ( 'NONE', *, *, #48, .T. ) ;
#197 = EDGE_CURVE ( 'NONE', #1512, #361, #171, .T. ) ;
#198 = DIRECTION ( 'NONE',  ( 0.000000000000000000, 0.000000000000000000, -1.000000000000000000 ) ) ;
#199 = DIRECTION ( 'NONE',  ( 1.000000000000000000, -2.731847993664259767E-16, 0.000000000000000000 ) ) ;
#200 = CARTESIAN_POINT ( 'NONE',  ( -6.720993649053888852, -0.1417468245269440374, 0.1250000000000000000 ) ) ;
#201 = VERTEX_POINT ( 'NONE', #1246 ) ;
#202 = EDGE_CURVE ( 'NONE', #564, #971, #899, .T. ) ;
#203 = FACE_OUTER_BOUND ( 'NONE', #624, .T. ) ;
#204 = AXIS2_PLACEMENT_3D ( 'NONE', #1474, #829, #305 ) ;
#205 = EDGE_LOOP ( 'NONE', ( #1276, #1552, #79, #873 ) ) ;
#206 = ORIENTED_EDGE ( 'NONE', *, *, #963, .T. ) ;
#207 = VECTOR ( 'NONE', #422, 39.37007874015748143 ) ;
#208 = LENGTH_MEASURE_WITH_UNIT ( LENGTH_MEASURE( 0.02539999999999999897 ), #346 );
#209 = AXIS2_PLACEMENT_3D ( 'NONE', #448, #566, #974 ) ;
#210 = DIRECTION ( 'NONE',  ( 0.000000000000000000, -1.000000000000000000, 0.000000000000000000 ) ) ;
#211 = CARTESIAN_POINT ( 'NONE',  ( -6.749999999999997335, 0.3749999999999996669, 0.1250000000000000000 ) ) ;
#212 = ORIENTED_EDGE ( 'NONE', *, *, #824, .F. ) ;
#213 = LINE ( 'NONE', #660, #520 ) ;
#214 = ORIENTED_EDGE ( 'NONE', *, *, #874, .T. ) ;
#215 = CARTESIAN_POINT ( 'NONE',  ( -4.499999999999999112, 1.250000000000000888, -0.1180000000000002158 ) ) ;
#216 = EDGE_CURVE ( 'NONE', #755, #663, #931, .T. ) ;
#217 = CARTESIAN_POINT ( 'NONE',  ( -7.500000000000000000, 1.000000000000000444, 0.000000000000000000 ) ) ;
#218 = VECTOR ( 'NONE', #73, 39.37007874015748143 ) ;
#219 = AXIS2_PLACEMENT_3D ( 'NONE', #76, #1167, #1195 ) ;
#220 = VERTEX_POINT ( 'NONE', #823 ) ;
#221 = PLANE ( 'NONE',  #1683 ) ;
#222 = VERTEX_POINT ( 'NONE', #696 ) ;
#223 = VERTEX_POINT ( 'NONE', #1622 ) ;
#224 = EDGE_CURVE ( 'NONE', #265, #1657, #1335, .T. ) ;
#225 = FILL_AREA_STYLE_COLOUR ( '', #301 ) ;
#226 = CARTESIAN_POINT ( 'NONE',  ( -6.720993649053888852, -0.3582531754730552964, 0.2429999999999999660 ) ) ;
#227 = EDGE_CURVE ( 'NONE', #1418, #220, #1358, .T. ) ;
#228 = ORIENTED_EDGE ( 'NONE', *, *, #1452, .F. ) ;
#229 = EDGE_LOOP ( 'NONE', ( #446, #1372, #193, #186, #1647, #1576, #356, #585, #1124, #1437, #1199, #54, #764, #1677, #424, #1183, #1322 ) ) ;
#230 = EDGE_LOOP ( 'NONE', ( #1155, #1666, #681, #298 ) ) ;
#231 = LINE ( 'NONE', #1173, #872 ) ;
#232 = VECTOR ( 'NONE', #1256, 39.37007874015748143 ) ;
#233 = VERTEX_POINT ( 'NONE', #581 ) ;
#234 = CYLINDRICAL_SURFACE ( 'NONE', #1599, 0.1250000000000004441 ) ;
#235 = EDGE_LOOP ( 'NONE', ( #805, #100, #1629, #1029 ) ) ;
#236 = ORIENTED_EDGE ( 'NONE', *, *, #748, .F. ) ;
#237 = VERTEX_POINT ( 'NONE', #1631 ) ;
#238 = DIRECTION ( 'NONE',  ( -0.000000000000000000, -0.000000000000000000, -1.000000000000000000 ) ) ;
#239 = DIRECTION ( 'NONE',  ( -1.000000000000000000, 0.000000000000000000, 0.000000000000000000 ) ) ;
#240 = CARTESIAN_POINT ( 'NONE',  ( -7.198223304703364356, 2.051776695296637865, -0.1179999999999999383 ) ) ;
#241 = ORIENTED_EDGE ( 'NONE', *, *, #127, .F. ) ;
#242 = AXIS2_PLACEMENT_3D ( 'NONE', #138, #672, #1445 ) ;
#243 = CARTESIAN_POINT ( 'NONE',  ( -6.749999999999997335, -0.1249999999999996947, 0.2429999999999999660 ) ) ;
#244 = DIRECTION ( 'NONE',  ( -0.000000000000000000, -0.000000000000000000, -1.000000000000000000 ) ) ;
#245 = FACE_OUTER_BOUND ( 'NONE', #797, .T. ) ;
#246 = ORIENTED_EDGE ( 'NONE', *, *, #39, .T. ) ;
#247 = DIRECTION ( 'NONE',  ( 1.000000000000000000, 0.000000000000000000, 0.000000000000000000 ) ) ;
#248 = ORIENTED_EDGE ( 'NONE', *, *, #1573, .F. ) ;
#249 = EDGE_CURVE ( 'NONE', #747, #1512, #179, .T. ) ;
#250 = DIRECTION ( 'NONE',  ( 0.000000000000000000, 0.000000000000000000, 1.000000000000000000 ) ) ;
#251 = ORIENTED_EDGE ( 'NONE', *, *, #369, .T. ) ;
#252 = EDGE_CURVE ( 'NONE', #1312, #1651, #395, .T. ) ;
#253 = CARTESIAN_POINT ( 'NONE',  ( -6.706698729810774751, 0.1499999999999996891, 0.2429999999999999660 ) ) ;
#254 = ORIENTED_EDGE ( 'NONE', *, *, #1603, .T. ) ;
#255 = EDGE_CURVE ( 'NONE', #265, #564, #925, .T. ) ;
#256 = VERTEX_POINT ( 'NONE', #908 ) ;
#257 = ORIENTED_EDGE ( 'NONE', *, *, #216, .F. ) ;
#258 = DIRECTION ( 'NONE',  ( 1.000000000000000000, 0.000000000000000000, 0.000000000000000000 ) ) ;
#259 = DIRECTION ( 'NONE',  ( 0.000000000000000000, 0.000000000000000000, 1.000000000000000000 ) ) ;
#260 = VECTOR ( 'NONE', #247, 39.37007874015748143 ) ;
#261 = CIRCLE ( 'NONE', #956, 0.2499999999999998057 ) ;
#262 = LINE ( 'NONE', #1685, #795 ) ;
#263 = AXIS2_PLACEMENT_3D ( 'NONE', #154, #1609, #427 ) ;
#264 = EDGE_CURVE ( 'NONE', #674, #11, #1433, .T. ) ;
#265 = VERTEX_POINT ( 'NONE', #1176 ) ;
#266 = ORIENTED_EDGE ( 'NONE', *, *, #1423, .T. ) ;
#267 = EDGE_LOOP ( 'NONE', ( #319, #1544, #1067, #148 ) ) ;
#268 = CARTESIAN_POINT ( 'NONE',  ( -6.314339828220174589, 1.375000000000000444, -0.1179999999999999383 ) ) ;
#269 = SHAPE_DEFINITION_REPRESENTATION ( #1042, #1349 ) ;
#270 = EDGE_CURVE ( 'NONE', #482, #997, #1695, .T. ) ;
#271 = FACE_OUTER_BOUND ( 'NONE', #1054, .T. ) ;
#272 = DIRECTION ( 'NONE',  ( -1.000000000000000000, 0.000000000000000000, -0.000000000000000000 ) ) ;
#273 = EDGE_CURVE ( 'NONE', #1233, #460, #261, .T. ) ;
#274 = VECTOR ( 'NONE', #182, 39.37007874015748143 ) ;
#275 = DIRECTION ( 'NONE',  ( 1.000000000000000000, 0.000000000000000000, 0.000000000000000000 ) ) ;
#276 = AXIS2_PLACEMENT_3D ( 'NONE', #860, #995, #68 ) ;
#277 = DIRECTION ( 'NONE',  ( 0.000000000000000000, 0.000000000000000000, 1.000000000000000000 ) ) ;
#278 = EDGE_CURVE ( 'NONE', #1108, #1056, #49, .T. ) ;
#279 = APPLICATION_CONTEXT ( 'automotive_design' ) ;
#280 = DIRECTION ( 'NONE',  ( 0.000000000000000000, -0.000000000000000000, 1.000000000000000000 ) ) ;
#281 = EDGE_LOOP ( 'NONE', ( #638, #149, #534, #1579 ) ) ;
#282 = EDGE_CURVE ( 'NONE', #1022, #515, #698, .T. ) ;
#283 = LINE ( 'NONE', #710, #677 ) ;
#284 = CARTESIAN_POINT ( 'NONE',  ( -5.043301270189219920, -0.1499999999999996891, 0.2429999999999999660 ) ) ;
#285 = VECTOR ( 'NONE', #821, 39.37007874015748143 ) ;
#286 = CYLINDRICAL_SURFACE ( 'NONE', #985, 0.1250000000000004441 ) ;
#287 = AXIS2_PLACEMENT_3D ( 'NONE', #588, #156, #1209 ) ;
#288 = FACE_OUTER_BOUND ( 'NONE', #457, .T. ) ;
#289 = ORIENTED_EDGE ( 'NONE', *, *, #1320, .T. ) ;
#290 = AXIS2_PLACEMENT_3D ( 'NONE', #486, #1510, #1645 ) ;
#291 = CARTESIAN_POINT ( 'NONE',  ( -4.966506350946108483, 0.3749999999999996114, 0.2429999999999999660 ) ) ;
#292 = CARTESIAN_POINT ( 'NONE',  ( -4.499999999999999112, 1.250000000000000888, 0.1250000000000000000 ) ) ;
#293 = DIRECTION ( 'NONE',  ( -0.000000000000000000, -1.000000000000000000, 0.000000000000000000 ) ) ;
#294 = DIRECTION ( 'NONE',  ( 1.000000000000000000, 0.000000000000000000, 0.000000000000000000 ) ) ;
#295 = ORIENTED_EDGE ( 'NONE', *, *, #919, .F. ) ;
#296 = ADVANCED_FACE ( 'NONE', ( #827 ), #286, .T. ) ;
#297 = DIRECTION ( 'NONE',  ( -0.000000000000000000, -0.000000000000000000, -1.000000000000000000 ) ) ;
#298 = ORIENTED_EDGE ( 'NONE', *, *, #803, .F. ) ;
#299 = EDGE_CURVE ( 'NONE', #361, #64, #1181, .T. ) ;
#300 = ADVANCED_FACE ( 'NONE', ( #949 ), #1627, .T. ) ;
#301 = COLOUR_RGB ( '',0.7921568627450980005, 0.8196078431372548767, 0.9333333333333333481 ) ;
#302 = CARTESIAN_POINT ( 'NONE',  ( -6.706698729810774751, 0.1499999999999996891, 0.1250000000000000000 ) ) ;
#303 = CARTESIAN_POINT ( 'NONE',  ( -7.625000000000000888, -0.9999999999999994449, -4.280706451336678597 ) ) ;
#304 = CARTESIAN_POINT ( 'NONE',  ( -6.999999999999997335, 0.1249999999999996947, 0.2429999999999999660 ) ) ;
#305 = DIRECTION ( 'NONE',  ( 1.000000000000000000, 3.551402391763545142E-15, 0.000000000000000000 ) ) ;
#306 = VERTEX_POINT ( 'NONE', #23 ) ;
#307 = UNCERTAINTY_MEASURE_WITH_UNIT (LENGTH_MEASURE( 1.000000000000000082E-05 ), #646, 'distance_accuracy_value', 'NONE');
#308 = CARTESIAN_POINT ( 'NONE',  ( -7.250000000000000888, -0.9999999999999994449, -0.1180000000000002158 ) ) ;
#309 = DIRECTION ( 'NONE',  ( 1.000000000000000000, 0.000000000000000000, 0.000000000000000000 ) ) ;
#310 = DIRECTION ( 'NONE',  ( -0.000000000000000000, -0.000000000000000000, -1.000000000000000000 ) ) ;
#311 = CYLINDRICAL_SURFACE ( 'NONE', #468, 0.1250000000000004441 ) ;
#312 = VERTEX_POINT ( 'NONE', #1348 ) ;
#313 = CLOSED_SHELL ( 'NONE', ( #320, #616, #1571, #1147, #594, #363, #1654, #683, #132, #1601, #1140, #603, #1448, #1224, #1675, #1701, #628, #360, #1681, #1518, #1279, #1674, #492, #519, #1398, #1325, #411, #1294, #558, #887, #938, #300, #1087, #580, #1703, #1002, #383, #70, #1043, #1478, #1344, #1093, #1483, #1231, #689, #140, #1090, #946, #296, #642, #993, #1633 ) ) ;
#314 = VECTOR ( 'NONE', #470, 39.37007874015748854 ) ;
#315 = CARTESIAN_POINT ( 'NONE',  ( -6.999999999999997335, -0.1249999999999996947, 0.2429999999999999660 ) ) ;
#316 = ORIENTED_EDGE ( 'NONE', *, *, #916, .F. ) ;
#317 = AXIS2_PLACEMENT_3D ( 'NONE', #46, #576, #1084 ) ;
#318 = CARTESIAN_POINT ( 'NONE',  ( -6.720993649053888852, 0.3582531754730552964, 0.2429999999999999660 ) ) ;
#319 = ORIENTED_EDGE ( 'NONE', *, *, #654, .F. ) ;
#320 = ADVANCED_FACE ( 'NONE', ( #802 ), #176, .T. ) ;
#321 = CARTESIAN_POINT ( 'NONE',  ( -6.999999999999998224, 0.2500000000000008327, 0.2429999999999999660 ) ) ;
#322 = VECTOR ( 'NONE', #41, 39.37007874015748143 ) ;
#323 = DIRECTION ( 'NONE',  ( 1.000000000000000000, 2.731847993664259767E-16, 0.000000000000000000 ) ) ;
#324 = EDGE_CURVE ( 'NONE', #1022, #1418, #435, .T. ) ;
#325 = ORIENTED_EDGE ( 'NONE', *, *, #67, .F. ) ;
#326 = CARTESIAN_POINT ( 'NONE',  ( -4.749999999999997335, 0.3749999999999996669, 0.2429999999999999660 ) ) ;
#327 = CARTESIAN_POINT ( 'NONE',  ( -6.749999999999997335, -0.3749999999999996669, 0.2429999999999999660 ) ) ;
#328 = CARTESIAN_POINT ( 'NONE',  ( -6.706698729810774751, -0.1499999999999999667, 0.1250000000000000000 ) ) ;
#329 = ORIENTED_EDGE ( 'NONE', *, *, #78, .T. ) ;
#330 = CARTESIAN_POINT ( 'NONE',  ( -6.999999999999997335, 0.3749999999999996669, 0.2429999999999999660 ) ) ;
#331 = AXIS2_PLACEMENT_3D ( 'NONE', #339, #866, #693 ) ;
#332 = FACE_OUTER_BOUND ( 'NONE', #595, .T. ) ;
#333 = EDGE_LOOP ( 'NONE', ( #762, #901, #1005, #364 ) ) ;
#334 = DIRECTION ( 'NONE',  ( 0.000000000000000000, -1.000000000000000000, 0.000000000000000000 ) ) ;
#335 = ORIENTED_EDGE ( 'NONE', *, *, #1630, .F. ) ;
#336 = EDGE_CURVE ( 'NONE', #484, #1671, #625, .T. ) ;
#337 = CARTESIAN_POINT ( 'NONE',  ( -7.124999999999999112, -0.2500000000000008327, 0.2429999999999999660 ) ) ;
#338 = ORIENTED_EDGE ( 'NONE', *, *, #657, .T. ) ;
#339 = CARTESIAN_POINT ( 'NONE',  ( -4.966506350946108483, 0.2499999999999997502, 0.1250000000000000000 ) ) ;
#340 = DIRECTION ( 'NONE',  ( -0.000000000000000000, -0.000000000000000000, -1.000000000000000000 ) ) ;
#341 = CYLINDRICAL_SURFACE ( 'NONE', #713, 0.2499999999999998057 ) ;
#342 = VERTEX_POINT ( 'NONE', #1111 ) ;
#343 = EDGE_CURVE ( 'NONE', #971, #1440, #1602, .T. ) ;
#344 = CARTESIAN_POINT ( 'NONE',  ( -5.029006350946107595, -0.1417468245269451199, 0.1250000000000000000 ) ) ;
#345 = VERTEX_POINT ( 'NONE', #562 ) ;
#346 =( LENGTH_UNIT ( ) NAMED_UNIT ( * ) SI_UNIT ( $, .METRE. ) );
#347 = CIRCLE ( 'NONE', #1208, 0.1250000000000004441 ) ;
#348 = CARTESIAN_POINT ( 'NONE',  ( -7.250000000000000888, 1.250000000000000222, -0.1180000000000002158 ) ) ;
#349 = FACE_OUTER_BOUND ( 'NONE', #352, .T. ) ;
#350 = ORIENTED_EDGE ( 'NONE', *, *, #1161, .T. ) ;
#351 = EDGE_CURVE ( 'NONE', #1671, #601, #1611, .T. ) ;
#352 = EDGE_LOOP ( 'NONE', ( #1527, #1357, #907, #1690 ) ) ;
#353 = EDGE_CURVE ( 'NONE', #1475, #256, #756, .T. ) ;
#354 = LINE ( 'NONE', #888, #547 ) ;
#355 = AXIS2_PLACEMENT_3D ( 'NONE', #89, #367, #1148 ) ;
#356 = ORIENTED_EDGE ( 'NONE', *, *, #408, .T. ) ;
#357 = LINE ( 'NONE', #326, #1244 ) ;
#358 = ORIENTED_EDGE ( 'NONE', *, *, #249, .T. ) ;
#359 = EDGE_CURVE ( 'NONE', #882, #237, #1079, .T. ) ;
#360 = ADVANCED_FACE ( 'NONE', ( #1636 ), #569, .F. ) ;
#361 = VERTEX_POINT ( 'NONE', #1511 ) ;
#362 = LINE ( 'NONE', #1164, #1050 ) ;
#363 = ADVANCED_FACE ( 'NONE', ( #1332 ), #1479, .F. ) ;
#364 = ORIENTED_EDGE ( 'NONE', *, *, #1045, .T. ) ;
#365 = ORIENTED_EDGE ( 'NONE', *, *, #249, .F. ) ;
#366 = AXIS2_PLACEMENT_3D ( 'NONE', #806, #1217, #180 ) ;
#367 = DIRECTION ( 'NONE',  ( 0.5000000000000004441, 0.8660254037844384856, -0.000000000000000000 ) ) ;
#368 = VECTOR ( 'NONE', #836, 39.37007874015748143 ) ;
#369 = EDGE_CURVE ( 'NONE', #1651, #747, #1661, .T. ) ;
#370 = VECTOR ( 'NONE', #1107, 39.37007874015748143 ) ;
#371 = PLANE ( 'NONE',  #1577 ) ;
#372 = EDGE_CURVE ( 'NONE', #1250, #345, #1149, .T. ) ;
#373 = VERTEX_POINT ( 'NONE', #217 ) ;
#374 = DIRECTION ( 'NONE',  ( -1.000000000000000000, -9.933992704233682750E-17, 0.000000000000000000 ) ) ;
#375 = VECTOR ( 'NONE', #579, 39.37007874015748143 ) ;
#376 = DIRECTION ( 'NONE',  ( 0.8660254037844433705, 0.4999999999999917843, 0.000000000000000000 ) ) ;
#377 = ORIENTED_EDGE ( 'NONE', *, *, #1061, .T. ) ;
#378 = VERTEX_POINT ( 'NONE', #1669 ) ;
#379 = ORIENTED_EDGE ( 'NONE', *, *, #270, .F. ) ;
#380 = CARTESIAN_POINT ( 'NONE',  ( -6.999999999999997335, -0.1249999999999996947, 0.1250000000000000000 ) ) ;
#381 = PLANE ( 'NONE',  #74 ) ;
#382 = CARTESIAN_POINT ( 'NONE',  ( -5.043301270189219920, 0.3499999999999997002, 0.2429999999999999660 ) ) ;
#383 = ADVANCED_FACE ( 'NONE', ( #869 ), #1122, .T. ) ;
#384 = ORIENTED_EDGE ( 'NONE', *, *, #434, .T. ) ;
#385 = CIRCLE ( 'NONE', #612, 0.1250000000000004441 ) ;
#386 = EDGE_CURVE ( 'NONE', #373, #643, #742, .T. ) ;
#387 =( GEOMETRIC_REPRESENTATION_CONTEXT ( 3 ) GLOBAL_UNCERTAINTY_ASSIGNED_CONTEXT ( ( #307 ) ) GLOBAL_UNIT_ASSIGNED_CONTEXT ( ( #646, #1223, #793 ) ) REPRESENTATION_CONTEXT ( 'NONE', 'WORKASPACE' ) );
#388 = DIRECTION ( 'NONE',  ( 1.000000000000000000, 9.933992704233682750E-17, 0.000000000000000000 ) ) ;
#389 = ORIENTED_EDGE ( 'NONE', *, *, #1142, .F. ) ;
#390 = CARTESIAN_POINT ( 'NONE',  ( -5.043301270189219920, -0.3499999999999997002, 0.2429999999999999660 ) ) ;
#391 = ORIENTED_EDGE ( 'NONE', *, *, #252, .F. ) ;
#392 = DIRECTION ( 'NONE',  ( -1.986798540846736550E-16, 1.000000000000000000, 0.000000000000000000 ) ) ;
#393 = PLANE ( 'NONE',  #45 ) ;
#394 = CARTESIAN_POINT ( 'NONE',  ( -7.500000000000000000, 1.000000000000000444, -0.1180000000000002158 ) ) ;
#395 = LINE ( 'NONE', #1304, #1694 ) ;
#396 = CARTESIAN_POINT ( 'NONE',  ( -7.625000000000000888, 1.875000000000000000, -0.1179999999999999383 ) ) ;
#397 = EDGE_LOOP ( 'NONE', ( #1400, #574, #135, #142, #630, #1427, #910, #981 ) ) ;
#398 = ORIENTED_EDGE ( 'NONE', *, *, #633, .T. ) ;
#399 = ORIENTED_EDGE ( 'NONE', *, *, #825, .T. ) ;
#400 = EDGE_CURVE ( 'NONE', #830, #643, #497, .T. ) ;
#401 = LINE ( 'NONE', #1041, #1163 ) ;
#402 = LINE ( 'NONE', #1470, #1670 ) ;
#403 = VECTOR ( 'NONE', #185, 39.37007874015748143 ) ;
#404 = LINE ( 'NONE', #769, #27 ) ;
#405 = VECTOR ( 'NONE', #879, 39.37007874015748143 ) ;
#406 = CARTESIAN_POINT ( 'NONE',  ( -4.499999999999999112, 1.250000000000000888, -4.280706451336678597 ) ) ;
#407 = ORIENTED_EDGE ( 'NONE', *, *, #1630, .T. ) ;
#408 = EDGE_CURVE ( 'NONE', #237, #997, #1403, .T. ) ;
#409 = LINE ( 'NONE', #12, #260 ) ;
#410 = FACE_OUTER_BOUND ( 'NONE', #397, .T. ) ;
#411 = ADVANCED_FACE ( 'NONE', ( #615 ), #992, .F. ) ;
#412 = DIRECTION ( 'NONE',  ( 1.000000000000000000, 0.000000000000000000, 0.000000000000000000 ) ) ;
#413 = DIRECTION ( 'NONE',  ( 1.000000000000000000, 0.000000000000000000, -0.000000000000000000 ) ) ;
#414 = CARTESIAN_POINT ( 'NONE',  ( -4.749999999999997335, -0.2499999999999996669, 0.2429999999999999660 ) ) ;
#415 = ORIENTED_EDGE ( 'NONE', *, *, #1639, .F. ) ;
#416 = AXIS2_PLACEMENT_3D ( 'NONE', #9, #924, #775 ) ;
#417 = DIMENSIONAL_EXPONENTS ( 1.000000000000000000, 0.000000000000000000, 0.000000000000000000, 0.000000000000000000, 0.000000000000000000, 0.000000000000000000, 0.000000000000000000 ) ;
#418 = CARTESIAN_POINT ( 'NONE',  ( -4.999999999999998224, -0.3749999999999996114, 0.2429999999999999660 ) ) ;
#419 = PLANE ( 'NONE',  #1692 ) ;
#420 = DIRECTION ( 'NONE',  ( -0.8660254037844383745, -0.5000000000000003331, -0.000000000000000000 ) ) ;
#421 = APPLICATION_PROTOCOL_DEFINITION ( 'draft international standard', 'automotive_design', 1998, #1409 ) ;
#422 = DIRECTION ( 'NONE',  ( 0.000000000000000000, 0.000000000000000000, -1.000000000000000000 ) ) ;
#423 = CARTESIAN_POINT ( 'NONE',  ( -7.375000000000000888, 1.875000000000000000, -0.1179999999999999383 ) ) ;
#424 = ORIENTED_EDGE ( 'NONE', *, *, #530, .T. ) ;
#425 = CARTESIAN_POINT ( 'NONE',  ( -5.043301270189219920, -0.1499999999999996891, 0.2429999999999999660 ) ) ;
#426 = ORIENTED_EDGE ( 'NONE', *, *, #202, .F. ) ;
#427 = DIRECTION ( 'NONE',  ( 1.000000000000000000, 0.000000000000000000, 0.000000000000000000 ) ) ;
#428 = CARTESIAN_POINT ( 'NONE',  ( -5.029006350946107595, 0.3582531754730542972, 0.2429999999999999660 ) ) ;
#429 = VECTOR ( 'NONE', #922, 39.37007874015748143 ) ;
#430 = PRODUCT_CONTEXT ( 'NONE', #1409, 'mechanical' ) ;
#431 = VECTOR ( 'NONE', #1235, 39.37007874015748143 ) ;
#432 = DIRECTION ( 'NONE',  ( 0.000000000000000000, 0.000000000000000000, -1.000000000000000000 ) ) ;
#433 = AXIS2_PLACEMENT_3D ( 'NONE', #553, #968, #183 ) ;
#434 = EDGE_CURVE ( 'NONE', #1446, #1137, #1529, .T. ) ;
#435 = CIRCLE ( 'NONE', #1391, 0.1249999999999999029 ) ;
#436 = CARTESIAN_POINT ( 'NONE',  ( -5.043301270189219920, 0.1499999999999996891, 0.1250000000000000000 ) ) ;
#437 = VECTOR ( 'NONE', #1207, 39.37007874015748143 ) ;
#438 = LINE ( 'NONE', #315, #649 ) ;
#439 = LINE ( 'NONE', #832, #810 ) ;
#440 = CARTESIAN_POINT ( 'NONE',  ( -7.625000000000000888, 1.875000000000000000, 0.1250000000000000000 ) ) ;
#441 = CARTESIAN_POINT ( 'NONE',  ( -7.625000000000000888, -0.9999999999999994449, 0.1250000000000000000 ) ) ;
#442 = DIRECTION ( 'NONE',  ( 0.000000000000000000, 0.000000000000000000, 1.000000000000000000 ) ) ;
#443 = LINE ( 'NONE', #554, #469 ) ;
#444 = ORIENTED_EDGE ( 'NONE', *, *, #202, .T. ) ;
#445 = CARTESIAN_POINT ( 'NONE',  ( -6.783493649053887076, -0.2499999999999996669, 0.2429999999999999660 ) ) ;
#446 = ORIENTED_EDGE ( 'NONE', *, *, #1000, .T. ) ;
#447 = VECTOR ( 'NONE', #761, 39.37007874015748143 ) ;
#448 = CARTESIAN_POINT ( 'NONE',  ( -6.783493649053887076, 0.2499999999999996669, 0.2429999999999999660 ) ) ;
#449 = DIRECTION ( 'NONE',  ( 0.000000000000000000, 0.000000000000000000, 1.000000000000000000 ) ) ;
#450 = CARTESIAN_POINT ( 'NONE',  ( -6.783493649053887076, 0.2499999999999997224, 0.2429999999999999660 ) ) ;
#451 = CARTESIAN_POINT ( 'NONE',  ( -6.999999999999997335, 0.3749999999999996669, 0.1250000000000000000 ) ) ;
#452 = ORIENTED_EDGE ( 'NONE', *, *, #224, .F. ) ;
#453 = CARTESIAN_POINT ( 'NONE',  ( -6.706698729810774751, -0.3499999999999997002, 0.2429999999999999660 ) ) ;
#454 = ORIENTED_EDGE ( 'NONE', *, *, #1219, .T. ) ;
#455 = CARTESIAN_POINT ( 'NONE',  ( -7.250000000000000888, -1.374999999999999334, -0.1180000000000002158 ) ) ;
#456 = EDGE_CURVE ( 'NONE', #1257, #1190, #870, .T. ) ;
#457 = EDGE_LOOP ( 'NONE', ( #104, #289, #1315, #1697 ) ) ;
#458 = CARTESIAN_POINT ( 'NONE',  ( -6.999999999999998224, -0.2500000000000008327, 0.2429999999999999660 ) ) ;
#459 = DIRECTION ( 'NONE',  ( -0.4999999999999919509, 0.8660254037844433705, 0.000000000000000000 ) ) ;
#460 = VERTEX_POINT ( 'NONE', #348 ) ;
#461 = FACE_OUTER_BOUND ( 'NONE', #849, .T. ) ;
#462 = VECTOR ( 'NONE', #210, 39.37007874015748143 ) ;
#463 = ORIENTED_EDGE ( 'NONE', *, *, #336, .F. ) ;
#464 = VECTOR ( 'NONE', #552, 39.37007874015748143 ) ;
#465 = CARTESIAN_POINT ( 'NONE',  ( -6.749999999999997335, -0.3749999999999996669, 0.1250000000000000000 ) ) ;
#466 = ORIENTED_EDGE ( 'NONE', *, *, #1161, .F. ) ;
#467 = DIRECTION ( 'NONE',  ( 0.000000000000000000, -1.000000000000000000, 0.000000000000000000 ) ) ;
#468 = AXIS2_PLACEMENT_3D ( 'NONE', #1203, #1094, #563 ) ;
#469 = VECTOR ( 'NONE', #15, 39.37007874015748143 ) ;
#470 = DIRECTION ( 'NONE',  ( -0.8660254037844433705, 0.4999999999999917843, -0.000000000000000000 ) ) ;
#471 = ORIENTED_EDGE ( 'NONE', *, *, #824, .T. ) ;
#472 = LINE ( 'NONE', #623, #1070 ) ;
#473 = EDGE_LOOP ( 'NONE', ( #1447, #1460, #503, #883 ) ) ;
#474 = CARTESIAN_POINT ( 'NONE',  ( -6.314339828220174589, 1.875000000000000666, -0.1179999999999999383 ) ) ;
#475 = ORIENTED_EDGE ( 'NONE', *, *, #1366, .F. ) ;
#476 = VECTOR ( 'NONE', #1100, 39.37007874015748854 ) ;
#477 = CARTESIAN_POINT ( 'NONE',  ( -6.999999999999998224, 0.2500000000000008327, 0.1250000000000000000 ) ) ;
#478 = AXIS2_PLACEMENT_3D ( 'NONE', #504, #1425, #788 ) ;
#479 = EDGE_CURVE ( 'NONE', #593, #1134, #622, .T. ) ;
#480 = DIRECTION ( 'NONE',  ( -0.5000000000000004441, -0.8660254037844384856, 0.000000000000000000 ) ) ;
#481 = CARTESIAN_POINT ( 'NONE',  ( -6.706698729810774751, 0.3499999999999997002, 0.2429999999999999660 ) ) ;
#482 = VERTEX_POINT ( 'NONE', #597 ) ;
#483 = DIRECTION ( 'NONE',  ( -1.000000000000000000, 0.000000000000000000, 0.000000000000000000 ) ) ;
#484 = VERTEX_POINT ( 'NONE', #735 ) ;
#485 =( NAMED_UNIT ( * ) SI_UNIT ( $, .STERADIAN. ) SOLID_ANGLE_UNIT ( ) );
#486 = CARTESIAN_POINT ( 'NONE',  ( -7.625000000000000888, 1.000000000000000444, -4.280706451336678597 ) ) ;
#487 = DIRECTION ( 'NONE',  ( 0.8660254037844383745, -0.5000000000000003331, 0.000000000000000000 ) ) ;
#488 = DIRECTION ( 'NONE',  ( 1.000000000000000000, 0.000000000000000000, 0.000000000000000000 ) ) ;
#489 = EDGE_CURVE ( 'NONE', #771, #1299, #728, .T. ) ;
#490 = EDGE_LOOP ( 'NONE', ( #609, #1168, #1271, #389 ) ) ;
#491 = AXIS2_PLACEMENT_3D ( 'NONE', #450, #432, #686 ) ;
#492 = ADVANCED_FACE ( 'NONE', ( #332 ), #1270, .F. ) ;
#493 = FACE_OUTER_BOUND ( 'NONE', #473, .T. ) ;
#494 = EDGE_LOOP ( 'NONE', ( #131, #745, #893, #1353 ) ) ;
#495 = AXIS2_PLACEMENT_3D ( 'NONE', #718, #90, #323 ) ;
#496 = DIRECTION ( 'NONE',  ( -1.000000000000000000, -2.731847993664259767E-16, 0.000000000000000000 ) ) ;
#497 = LINE ( 'NONE', #1131, #1507 ) ;
#498 = CARTESIAN_POINT ( 'NONE',  ( -4.966506350946108483, -0.3749999999999996114, 0.1250000000000000000 ) ) ;
#499 = ORIENTED_EDGE ( 'NONE', *, *, #91, .F. ) ;
#500 = VERTEX_POINT ( 'NONE', #200 ) ;
#501 = DIRECTION ( 'NONE',  ( -1.000000000000000000, -0.000000000000000000, -0.000000000000000000 ) ) ;
#502 = AXIS2_PLACEMENT_3D ( 'NONE', #2, #1416, #529 ) ;
#503 = ORIENTED_EDGE ( 'NONE', *, *, #1296, .T. ) ;
#504 = CARTESIAN_POINT ( 'NONE',  ( -4.966506350946108483, -0.2499999999999997502, 0.1250000000000000000 ) ) ;
#505 = ORIENTED_EDGE ( 'NONE', *, *, #343, .F. ) ;
#506 = ORIENTED_EDGE ( 'NONE', *, *, #386, .F. ) ;
#507 = CARTESIAN_POINT ( 'NONE',  ( -6.749999999999997335, -0.1249999999999996947, 0.2429999999999999660 ) ) ;
#508 = EDGE_CURVE ( 'NONE', #1264, #1022, #354, .T. ) ;
#509 = UNCERTAINTY_MEASURE_WITH_UNIT (LENGTH_MEASURE( 1.000000000000000082E-05 ), #1419, 'distance_accuracy_value', 'NONE');
#510 = CARTESIAN_POINT ( 'NONE',  ( -6.667893218813445877, 1.521446609406726047, -0.1179999999999999383 ) ) ;
#511 = ORIENTED_EDGE ( 'NONE', *, *, #590, .F. ) ;
#512 = PLANE ( 'NONE',  #1052 ) ;
#513 = VERTEX_POINT ( 'NONE', #1252 ) ;
#514 = CARTESIAN_POINT ( 'NONE',  ( -4.966506350946108483, 0.1249999999999997363, 0.1250000000000000000 ) ) ;
#515 = VERTEX_POINT ( 'NONE', #1646 ) ;
#516 = VECTOR ( 'NONE', #1493, 39.37007874015748143 ) ;
#517 = LINE ( 'NONE', #380, #1323 ) ;
#518 = VECTOR ( 'NONE', #1392, 39.37007874015748143 ) ;
#519 = ADVANCED_FACE ( 'NONE', ( #705 ), #174, .F. ) ;
#520 = VECTOR ( 'NONE', #1583, 39.37007874015748143 ) ;
#521 = ORIENTED_EDGE ( 'NONE', *, *, #1546, .F. ) ;
#522 = DIRECTION ( 'NONE',  ( 0.000000000000000000, 1.000000000000000000, 0.000000000000000000 ) ) ;
#523 = FACE_OUTER_BOUND ( 'NONE', #1095, .T. ) ;
#524 = ORIENTED_EDGE ( 'NONE', *, *, #408, .F. ) ;
#525 = ORIENTED_EDGE ( 'NONE', *, *, #195, .T. ) ;
#526 = ORIENTED_EDGE ( 'NONE', *, *, #639, .T. ) ;
#527 = LINE ( 'NONE', #1051, #405 ) ;
#528 = DIRECTION ( 'NONE',  ( 0.000000000000000000, 0.000000000000000000, 1.000000000000000000 ) ) ;
#529 = DIRECTION ( 'NONE',  ( 0.8660254037844432595, 0.4999999999999918954, 0.000000000000000000 ) ) ;
#530 = EDGE_CURVE ( 'NONE', #201, #484, #34, .T. ) ;
#531 = PRODUCT_DEFINITION ( 'UNKNOWN', '', #1165, #542 ) ;
#532 = ORIENTED_EDGE ( 'NONE', *, *, #654, .T. ) ;
#533 = DIRECTION ( 'NONE',  ( 1.000000000000000000, 0.000000000000000000, 0.000000000000000000 ) ) ;
#534 = ORIENTED_EDGE ( 'NONE', *, *, #369, .F. ) ;
#535 = CARTESIAN_POINT ( 'NONE',  ( -5.043301270189219920, -0.3499999999999997002, 0.2429999999999999660 ) ) ;
#536 = CARTESIAN_POINT ( 'NONE',  ( 0.000000000000000000, 0.000000000000000000, 0.000000000000000000 ) ) ;
#537 = DIRECTION ( 'NONE',  ( -1.000000000000000000, -2.731847993664259767E-16, -0.000000000000000000 ) ) ;
#538 = EDGE_CURVE ( 'NONE', #513, #223, #439, .T. ) ;
#539 = VERTEX_POINT ( 'NONE', #1117 ) ;
#540 = PLANE ( 'NONE',  #754 ) ;
#541 = EDGE_CURVE ( 'NONE', #1190, #862, #1641, .T. ) ;
#542 = PRODUCT_DEFINITION_CONTEXT ( 'detailed design', #279, 'design' ) ;
#543 = CARTESIAN_POINT ( 'NONE',  ( -5.029006350946107595, 0.3582531754730542972, 0.2429999999999999660 ) ) ;
#544 = VECTOR ( 'NONE', #1321, 39.37007874015748143 ) ;
#545 = VECTOR ( 'NONE', #857, 39.37007874015748143 ) ;
#546 = PLANE ( 'NONE',  #242 ) ;
#547 = VECTOR ( 'NONE', #848, 39.37007874015748143 ) ;
#548 = CARTESIAN_POINT ( 'NONE',  ( -6.720993649053888852, 0.1417468245269440374, 0.2429999999999999660 ) ) ;
#549 = ORIENTED_EDGE ( 'NONE', *, *, #227, .T. ) ;
#550 = LINE ( 'NONE', #1068, #1204 ) ;
#551 = FACE_BOUND ( 'NONE', #912, .T. ) ;
#552 = DIRECTION ( 'NONE',  ( -0.000000000000000000, 0.000000000000000000, -1.000000000000000000 ) ) ;
#553 = CARTESIAN_POINT ( 'NONE',  ( -4.966506350946108483, 0.2499999999999996114, 0.1250000000000000000 ) ) ;
#554 = CARTESIAN_POINT ( 'NONE',  ( -4.999999999999998224, 0.1249999999999997641, 0.1250000000000000000 ) ) ;
#555 = ORIENTED_EDGE ( 'NONE', *, *, #224, .T. ) ;
#556 = VECTOR ( 'NONE', #665, 39.37007874015748143 ) ;
#557 = FACE_OUTER_BOUND ( 'NONE', #230, .T. ) ;
#558 = ADVANCED_FACE ( 'NONE', ( #187 ), #584, .T. ) ;
#559 = DIRECTION ( 'NONE',  ( 1.000000000000000000, 1.986798540846736550E-16, -0.000000000000000000 ) ) ;
#560 = DIRECTION ( 'NONE',  ( 0.000000000000000000, 0.000000000000000000, 1.000000000000000000 ) ) ;
#561 = EDGE_CURVE ( 'NONE', #101, #663, #989, .T. ) ;
#562 = CARTESIAN_POINT ( 'NONE',  ( -4.499999999999999112, 1.375000000000000666, 0.1250000000000000000 ) ) ;
#563 = DIRECTION ( 'NONE',  ( -1.000000000000000000, 0.000000000000000000, 0.000000000000000000 ) ) ;
#564 = VERTEX_POINT ( 'NONE', #455 ) ;
#565 = CARTESIAN_POINT ( 'NONE',  ( -5.029006350946107595, -0.3582531754730542972, 0.1250000000000000000 ) ) ;
#566 = DIRECTION ( 'NONE',  ( 0.000000000000000000, 0.000000000000000000, -1.000000000000000000 ) ) ;
#567 = CARTESIAN_POINT ( 'NONE',  ( -4.749999999999997335, -0.3749999999999996669, 0.2429999999999999660 ) ) ;
#568 = CARTESIAN_POINT ( 'NONE',  ( -4.966506350946108483, -0.2499999999999996114, 0.2429999999999999660 ) ) ;
#569 = PLANE ( 'NONE',  #837 ) ;
#570 = AXIS2_PLACEMENT_3D ( 'NONE', #1193, #35, #1338 ) ;
#571 = DIRECTION ( 'NONE',  ( -0.000000000000000000, -0.000000000000000000, -1.000000000000000000 ) ) ;
#572 = VERTEX_POINT ( 'NONE', #1237 ) ;
#573 = DIRECTION ( 'NONE',  ( -0.000000000000000000, 0.000000000000000000, -1.000000000000000000 ) ) ;
#574 = ORIENTED_EDGE ( 'NONE', *, *, #1596, .F. ) ;
#575 = VECTOR ( 'NONE', #294, 39.37007874015748143 ) ;
#576 = DIRECTION ( 'NONE',  ( 0.5000000000000004441, -0.8660254037844384856, 0.000000000000000000 ) ) ;
#577 = CARTESIAN_POINT ( 'NONE',  ( -5.029006350946107595, -0.3582531754730542972, 0.2429999999999999660 ) ) ;
#578 = CARTESIAN_POINT ( 'NONE',  ( -6.783493649053887076, -0.2499999999999997224, 0.2429999999999999660 ) ) ;
#579 = DIRECTION ( 'NONE',  ( 1.000000000000000000, 1.986798540846736550E-16, -0.000000000000000000 ) ) ;
#580 = ADVANCED_FACE ( 'NONE', ( #853 ), #842, .T. ) ;
#581 = CARTESIAN_POINT ( 'NONE',  ( -5.043301270189219920, 0.3499999999999997002, 0.1250000000000000000 ) ) ;
#582 = ORIENTED_EDGE ( 'NONE', *, *, #1211, .F. ) ;
#583 = CIRCLE ( 'NONE', #1550, 0.1250000000000004441 ) ;
#584 = CYLINDRICAL_SURFACE ( 'NONE', #209, 0.1250000000000004441 ) ;
#585 = ORIENTED_EDGE ( 'NONE', *, *, #1698, .T. ) ;
#586 = PLANE ( 'NONE',  #1377 ) ;
#587 = FACE_OUTER_BOUND ( 'NONE', #1038, .T. ) ;
#588 = CARTESIAN_POINT ( 'NONE',  ( -6.783493649053887076, 0.2499999999999997224, 0.1250000000000000000 ) ) ;
#589 = EDGE_LOOP ( 'NONE', ( #1146, #1517, #711, #471 ) ) ;
#590 = EDGE_CURVE ( 'NONE', #876, #1389, #1288, .T. ) ;
#591 = CARTESIAN_POINT ( 'NONE',  ( -4.499999999999999112, 1.250000000000000888, 0.1250000000000000000 ) ) ;
#592 = LINE ( 'NONE', #1228, #403 ) ;
#593 = VERTEX_POINT ( 'NONE', #954 ) ;
#594 = ADVANCED_FACE ( 'NONE', ( #1487 ), #1345, .T. ) ;
#595 = EDGE_LOOP ( 'NONE', ( #196, #1255, #891, #407 ) ) ;
#596 = LINE ( 'NONE', #1363, #218 ) ;
#597 = CARTESIAN_POINT ( 'NONE',  ( -5.029006350946107595, -0.1417468245269451199, 0.2429999999999999660 ) ) ;
#598 = AXIS2_PLACEMENT_3D ( 'NONE', #445, #573, #44 ) ;
#599 = DIRECTION ( 'NONE',  ( 9.933992704233682750E-17, -1.000000000000000000, 0.000000000000000000 ) ) ;
#600 = VECTOR ( 'NONE', #192, 39.37007874015748143 ) ;
#601 = VERTEX_POINT ( 'NONE', #691 ) ;
#602 = VECTOR ( 'NONE', #864, 39.37007874015748143 ) ;
#603 = ADVANCED_FACE ( 'NONE', ( #1220 ), #867, .T. ) ;
#604 = LINE ( 'NONE', #337, #602 ) ;
#605 = ORIENTED_EDGE ( 'NONE', *, *, #1118, .T. ) ;
#606 = FACE_OUTER_BOUND ( 'NONE', #281, .T. ) ;
#607 = DIRECTION ( 'NONE',  ( 1.000000000000000000, 0.000000000000000000, -0.000000000000000000 ) ) ;
#608 = DIRECTION ( 'NONE',  ( 0.8660254037844433705, -0.4999999999999917843, 0.000000000000000000 ) ) ;
#609 = ORIENTED_EDGE ( 'NONE', *, *, #489, .T. ) ;
#610 = DIRECTION ( 'NONE',  ( -0.8660254037844383745, 0.5000000000000003331, -0.000000000000000000 ) ) ;
#611 = ORIENTED_EDGE ( 'NONE', *, *, #489, .F. ) ;
#612 = AXIS2_PLACEMENT_3D ( 'NONE', #458, #1495, #65 ) ;
#613 = EDGE_CURVE ( 'NONE', #1620, #1659, #1153, .T. ) ;
#614 = PLANE ( 'NONE',  #1102 ) ;
#615 = FACE_OUTER_BOUND ( 'NONE', #1637, .T. ) ;
#616 = ADVANCED_FACE ( 'NONE', ( #587 ), #1110, .T. ) ;
#617 = CARTESIAN_POINT ( 'NONE',  ( -7.250000000000000888, -1.249999999999999334, -4.280706451336678597 ) ) ;
#618 = ORIENTED_EDGE ( 'NONE', *, *, #456, .F. ) ;
#619 = DIRECTION ( 'NONE',  ( 0.000000000000000000, 0.000000000000000000, -1.000000000000000000 ) ) ;
#620 = ORIENTED_EDGE ( 'NONE', *, *, #590, .T. ) ;
#621 = LINE ( 'NONE', #1277, #969 ) ;
#622 = LINE ( 'NONE', #1653, #518 ) ;
#623 = CARTESIAN_POINT ( 'NONE',  ( -4.499999999999999112, 1.250000000000000888, 0.000000000000000000 ) ) ;
#624 = EDGE_LOOP ( 'NONE', ( #1523, #444, #855, #16, #1640, #634, #399, #466, #1014, #828, #1006, #1282, #1676, #452 ) ) ;
#625 = CIRCLE ( 'NONE', #1456, 0.1250000000000004441 ) ;
#626 = EDGE_LOOP ( 'NONE', ( #1565, #1450, #118, #723 ) ) ;
#627 = VECTOR ( 'NONE', #1360, 39.37007874015748854 ) ;
#628 = ADVANCED_FACE ( 'NONE', ( #1027 ), #741, .F. ) ;
#629 = DIRECTION ( 'NONE',  ( 0.000000000000000000, -0.000000000000000000, 1.000000000000000000 ) ) ;
#630 = ORIENTED_EDGE ( 'NONE', *, *, #1407, .F. ) ;
#631 = DIRECTION ( 'NONE',  ( 1.000000000000000000, 0.000000000000000000, 0.000000000000000000 ) ) ;
#632 = EDGE_LOOP ( 'NONE', ( #77, #254, #295, #917 ) ) ;
#633 = EDGE_CURVE ( 'NONE', #1512, #918, #1702, .T. ) ;
#634 = ORIENTED_EDGE ( 'NONE', *, *, #863, .F. ) ;
#635 = VECTOR ( 'NONE', #80, 39.37007874015748143 ) ;
#636 = DIRECTION ( 'NONE',  ( 1.000000000000000000, 0.000000000000000000, 0.000000000000000000 ) ) ;
#637 = VECTOR ( 'NONE', #608, 39.37007874015748854 ) ;
#638 = ORIENTED_EDGE ( 'NONE', *, *, #1639, .T. ) ;
#639 = EDGE_CURVE ( 'NONE', #755, #771, #231, .T. ) ;
#640 = ORIENTED_EDGE ( 'NONE', *, *, #1421, .T. ) ;
#641 = CARTESIAN_POINT ( 'NONE',  ( -4.999999999999998224, -0.3749999999999996114, 0.2429999999999999660 ) ) ;
#642 = ADVANCED_FACE ( 'NONE', ( #1569 ), #381, .F. ) ;
#643 = VERTEX_POINT ( 'NONE', #1679 ) ;
#644 = DIRECTION ( 'NONE',  ( -0.000000000000000000, -0.000000000000000000, 1.000000000000000000 ) ) ;
#645 = CARTESIAN_POINT ( 'NONE',  ( -7.250000000000000888, -1.374999999999999112, -0.1180000000000002158 ) ) ;
#646 =( CONVERSION_BASED_UNIT ( 'INCH', #1554 ) LENGTH_UNIT ( ) NAMED_UNIT ( #417 ) );
#647 = LINE ( 'NONE', #406, #905 ) ;
#648 = ORIENTED_EDGE ( 'NONE', *, *, #19, .F. ) ;
#649 = VECTOR ( 'NONE', #815, 39.37007874015748143 ) ;
#650 = DIRECTION ( 'NONE',  ( -0.000000000000000000, -0.000000000000000000, -1.000000000000000000 ) ) ;
#651 = EDGE_LOOP ( 'NONE', ( #1189, #1082, #892, #338 ) ) ;
#652 = AXIS2_PLACEMENT_3D ( 'NONE', #725, #480, #487 ) ;
#653 = DIRECTION ( 'NONE',  ( 1.000000000000000000, 0.000000000000000000, -0.000000000000000000 ) ) ;
#654 = EDGE_CURVE ( 'NONE', #1682, #1257, #1414, .T. ) ;
#655 = VECTOR ( 'NONE', #966, 39.37007874015748143 ) ;
#656 = VECTOR ( 'NONE', #293, 39.37007874015748143 ) ;
#657 = EDGE_CURVE ( 'NONE', #312, #1190, #527, .T. ) ;
#658 = EDGE_CURVE ( 'NONE', #663, #484, #1402, .T. ) ;
#659 = CARTESIAN_POINT ( 'NONE',  ( -7.124999999999999112, 0.2500000000000008327, 0.2429999999999999660 ) ) ;
#660 = CARTESIAN_POINT ( 'NONE',  ( -6.314339828220174589, 1.375000000000000444, -1.845268099019350849 ) ) ;
#661 = ORIENTED_EDGE ( 'NONE', *, *, #1421, .F. ) ;
#662 = EDGE_LOOP ( 'NONE', ( #126, #1374, #526, #1700 ) ) ;
#663 = VERTEX_POINT ( 'NONE', #1285 ) ;
#664 = LINE ( 'NONE', #567, #98 ) ;
#665 = DIRECTION ( 'NONE',  ( -0.000000000000000000, -0.000000000000000000, -1.000000000000000000 ) ) ;
#666 = VECTOR ( 'NONE', #1652, 39.37007874015748143 ) ;
#667 = LINE ( 'NONE', #1188, #1486 ) ;
#668 = EDGE_CURVE ( 'NONE', #1120, #1684, #1644, .T. ) ;
#669 = VERTEX_POINT ( 'NONE', #428 ) ;
#670 = ORIENTED_EDGE ( 'NONE', *, *, #541, .F. ) ;
#671 = LINE ( 'NONE', #1587, #1614 ) ;
#672 = DIRECTION ( 'NONE',  ( 2.731847993664259767E-16, 1.000000000000000000, -0.000000000000000000 ) ) ;
#673 = CARTESIAN_POINT ( 'NONE',  ( -4.499999999999999112, 1.250000000000000888, -0.1180000000000002158 ) ) ;
#674 = VERTEX_POINT ( 'NONE', #1454 ) ;
#675 = ORIENTED_EDGE ( 'NONE', *, *, #1435, .T. ) ;
#676 = LINE ( 'NONE', #21, #656 ) ;
#677 = VECTOR ( 'NONE', #1484, 39.37007874015748143 ) ;
#678 = VECTOR ( 'NONE', #1331, 39.37007874015748143 ) ;
#679 = DIRECTION ( 'NONE',  ( -0.000000000000000000, -0.000000000000000000, -1.000000000000000000 ) ) ;
#680 = CARTESIAN_POINT ( 'NONE',  ( -5.043301270189219920, 0.1499999999999996891, 0.2429999999999999660 ) ) ;
#681 = ORIENTED_EDGE ( 'NONE', *, *, #1172, .F. ) ;
#682 = LINE ( 'NONE', #690, #897 ) ;
#683 = ADVANCED_FACE ( 'NONE', ( #947 ), #786, .F. ) ;
#684 = PRODUCT ( '2ndStageSliderPlate', '2ndStageSliderPlate', '', ( #430 ) ) ;
#685 = LINE ( 'NONE', #29, #1590 ) ;
#686 = DIRECTION ( 'NONE',  ( -1.000000000000000000, 0.000000000000000000, 0.000000000000000000 ) ) ;
#687 = VECTOR ( 'NONE', #644, 39.37007874015748143 ) ;
#688 = CYLINDRICAL_SURFACE ( 'NONE', #153, 0.1249999999999999029 ) ;
#689 = ADVANCED_FACE ( 'NONE', ( #792 ), #393, .T. ) ;
#690 = CARTESIAN_POINT ( 'NONE',  ( -6.720993649053888852, -0.1417468245269440930, 0.2429999999999999660 ) ) ;
#691 = CARTESIAN_POINT ( 'NONE',  ( -6.999999999999997335, -0.3749999999999996669, 0.1250000000000000000 ) ) ;
#692 = DIRECTION ( 'NONE',  ( -0.000000000000000000, -0.000000000000000000, -1.000000000000000000 ) ) ;
#693 = DIRECTION ( 'NONE',  ( 1.000000000000000000, 3.551402391763545142E-15, 0.000000000000000000 ) ) ;
#694 = DIRECTION ( 'NONE',  ( -1.000000000000000000, 0.000000000000000000, 0.000000000000000000 ) ) ;
#695 = FACE_OUTER_BOUND ( 'NONE', #1506, .T. ) ;
#696 = CARTESIAN_POINT ( 'NONE',  ( -5.043301270189219920, -0.3499999999999997002, 0.1250000000000000000 ) ) ;
#697 = LINE ( 'NONE', #1088, #914 ) ;
#698 = LINE ( 'NONE', #818, #1588 ) ;
#699 = VECTOR ( 'NONE', #1496, 39.37007874015748143 ) ;
#700 = CIRCLE ( 'NONE', #570, 0.1250000000000004441 ) ;
#701 = DIRECTION ( 'NONE',  ( -0.000000000000000000, -0.000000000000000000, -1.000000000000000000 ) ) ;
#702 = ORIENTED_EDGE ( 'NONE', *, *, #40, .T. ) ;
#703 = DIRECTION ( 'NONE',  ( -0.000000000000000000, -0.000000000000000000, 1.000000000000000000 ) ) ;
#704 = ORIENTED_EDGE ( 'NONE', *, *, #278, .T. ) ;
#705 = FACE_OUTER_BOUND ( 'NONE', #494, .T. ) ;
#706 = LINE ( 'NONE', #1508, #476 ) ;
#707 = DIRECTION ( 'NONE',  ( 1.000000000000000000, 0.000000000000000000, 0.000000000000000000 ) ) ;
#708 = ORIENTED_EDGE ( 'NONE', *, *, #1480, .F. ) ;
#709 = CARTESIAN_POINT ( 'NONE',  ( -6.783493649053887076, -0.3749999999999996669, 0.1250000000000000000 ) ) ;
#710 = CARTESIAN_POINT ( 'NONE',  ( -4.966506350946108483, 0.1249999999999997363, 0.2429999999999999660 ) ) ;
#711 = ORIENTED_EDGE ( 'NONE', *, *, #324, .T. ) ;
#712 = PRESENTATION_LAYER_ASSIGNMENT (  '', '', ( #1469 ) ) ;
#713 = AXIS2_PLACEMENT_3D ( 'NONE', #850, #1656, #987 ) ;
#714 = DIRECTION ( 'NONE',  ( 0.000000000000000000, -1.000000000000000000, 0.000000000000000000 ) ) ;
#715 = DIRECTION ( 'NONE',  ( -0.000000000000000000, -0.000000000000000000, -1.000000000000000000 ) ) ;
#716 = ORIENTED_EDGE ( 'NONE', *, *, #668, .T. ) ;
#717 = DIRECTION ( 'NONE',  ( -0.000000000000000000, -0.000000000000000000, 1.000000000000000000 ) ) ;
#718 = CARTESIAN_POINT ( 'NONE',  ( -4.999999999999998224, 0.3749999999999996114, 0.2429999999999999660 ) ) ;
#719 = ORIENTED_EDGE ( 'NONE', *, *, #1112, .F. ) ;
#720 = CARTESIAN_POINT ( 'NONE',  ( -4.499999999999999112, 1.375000000000000666, -4.280706451336678597 ) ) ;
#721 = VERTEX_POINT ( 'NONE', #268 ) ;
#722 = DIRECTION ( 'NONE',  ( -1.000000000000000000, 0.000000000000000000, 0.000000000000000000 ) ) ;
#723 = ORIENTED_EDGE ( 'NONE', *, *, #750, .F. ) ;
#724 = LINE ( 'NONE', #1258, #666 ) ;
#725 = CARTESIAN_POINT ( 'NONE',  ( -5.043301270189219920, -0.3499999999999997002, 0.2429999999999999660 ) ) ;
#726 = AXIS2_PLACEMENT_3D ( 'NONE', #423, #950, #1462 ) ;
#727 = PLANE ( 'NONE',  #219 ) ;
#728 = CIRCLE ( 'NONE', #1426, 0.1250000000000004441 ) ;
#729 = EDGE_CURVE ( 'NONE', #1306, #1620, #402, .T. ) ;
#730 = ORIENTED_EDGE ( 'NONE', *, *, #858, .F. ) ;
#731 = AXIS2_PLACEMENT_3D ( 'NONE', #1008, #1101, #57 ) ;
#732 = EDGE_CURVE ( 'NONE', #539, #1642, #1201, .T. ) ;
#733 = ORIENTED_EDGE ( 'NONE', *, *, #1407, .T. ) ;
#734 = SURFACE_SIDE_STYLE ('',( #1039 ) ) ;
#735 = CARTESIAN_POINT ( 'NONE',  ( -6.720993649053888852, -0.3582531754730553519, 0.1250000000000000000 ) ) ;
#736 = CYLINDRICAL_SURFACE ( 'NONE', #1441, 0.4999999999999996114 ) ;
#737 = ORIENTED_EDGE ( 'NONE', *, *, #1688, .T. ) ;
#738 = ORIENTED_EDGE ( 'NONE', *, *, #538, .F. ) ;
#739 =( GEOMETRIC_REPRESENTATION_CONTEXT ( 3 ) GLOBAL_UNCERTAINTY_ASSIGNED_CONTEXT ( ( #509 ) ) GLOBAL_UNIT_ASSIGNED_CONTEXT ( ( #1419, #1401, #485 ) ) REPRESENTATION_CONTEXT ( 'NONE', 'WORKASPACE' ) );
#740 = LINE ( 'NONE', #1291, #635 ) ;
#741 = PLANE ( 'NONE',  #1393 ) ;
#742 = LINE ( 'NONE', #880, #462 ) ;
#743 = ORIENTED_EDGE ( 'NONE', *, *, #1320, .F. ) ;
#744 = DIRECTION ( 'NONE',  ( 1.000000000000000000, 9.933992704233682750E-17, 0.000000000000000000 ) ) ;
#745 = ORIENTED_EDGE ( 'NONE', *, *, #746, .T. ) ;
#746 = EDGE_CURVE ( 'NONE', #669, #1475, #166, .T. ) ;
#747 = VERTEX_POINT ( 'NONE', #137 ) ;
#748 = EDGE_CURVE ( 'NONE', #345, #1659, #13, .T. ) ;
#749 = DIRECTION ( 'NONE',  ( 0.000000000000000000, 0.000000000000000000, -1.000000000000000000 ) ) ;
#750 = EDGE_CURVE ( 'NONE', #101, #201, #671, .T. ) ;
#751 = ORIENTED_EDGE ( 'NONE', *, *, #1062, .F. ) ;
#752 = PRODUCT_RELATED_PRODUCT_CATEGORY ( 'part', '', ( #684 ) ) ;
#753 = DIRECTION ( 'NONE',  ( 0.000000000000000000, 0.000000000000000000, 1.000000000000000000 ) ) ;
#754 = AXIS2_PLACEMENT_3D ( 'NONE', #641, #18, #1307 ) ;
#755 = VERTEX_POINT ( 'NONE', #1488 ) ;
#756 = CIRCLE ( 'NONE', #433, 0.1249999999999999029 ) ;
#757 = EDGE_LOOP ( 'NONE', ( #928, #7, #822, #733 ) ) ;
#758 = CIRCLE ( 'NONE', #838, 0.2499999999999998057 ) ;
#759 = CARTESIAN_POINT ( 'NONE',  ( -4.999999999999998224, -0.1249999999999997641, 0.2429999999999999660 ) ) ;
#760 = AXIS2_PLACEMENT_3D ( 'NONE', #169, #571, #1481 ) ;
#761 = DIRECTION ( 'NONE',  ( 0.000000000000000000, 0.000000000000000000, 1.000000000000000000 ) ) ;
#762 = ORIENTED_EDGE ( 'NONE', *, *, #948, .T. ) ;
#763 = EDGE_LOOP ( 'NONE', ( #1499, #94, #524, #86 ) ) ;
#764 = ORIENTED_EDGE ( 'NONE', *, *, #1452, .T. ) ;
#765 = LINE ( 'NONE', #1301, #687 ) ;
#766 = AXIS2_PLACEMENT_3D ( 'NONE', #1114, #1531, #1540 ) ;
#767 = DIRECTION ( 'NONE',  ( 0.000000000000000000, 1.000000000000000000, 0.000000000000000000 ) ) ;
#768 = VECTOR ( 'NONE', #97, 39.37007874015748143 ) ;
#769 = CARTESIAN_POINT ( 'NONE',  ( -4.499999999999999112, -1.374999999999998890, -4.280706451336678597 ) ) ;
#770 = CIRCLE ( 'NONE', #276, 0.2499999999999998057 ) ;
#771 = VERTEX_POINT ( 'NONE', #1078 ) ;
#772 = LINE ( 'NONE', #790, #43 ) ;
#773 = ORIENTED_EDGE ( 'NONE', *, *, #159, .T. ) ;
#774 = DIRECTION ( 'NONE',  ( 0.7071067811865512365, -0.7071067811865437980, 0.000000000000000000 ) ) ;
#775 = DIRECTION ( 'NONE',  ( 0.000000000000000000, -0.000000000000000000, 1.000000000000000000 ) ) ;
#776 = ORIENTED_EDGE ( 'NONE', *, *, #255, .F. ) ;
#777 = ORIENTED_EDGE ( 'NONE', *, *, #936, .F. ) ;
#778 = VECTOR ( 'NONE', #650, 39.37007874015748143 ) ;
#779 = EDGE_CURVE ( 'NONE', #460, #223, #932, .T. ) ;
#780 = CARTESIAN_POINT ( 'NONE',  ( -4.749999999999997335, 0.1249999999999996531, 0.2429999999999999660 ) ) ;
#781 = ORIENTED_EDGE ( 'NONE', *, *, #746, .F. ) ;
#782 = VECTOR ( 'NONE', #1081, 39.37007874015748143 ) ;
#783 = DIRECTION ( 'NONE',  ( 0.000000000000000000, 0.000000000000000000, 1.000000000000000000 ) ) ;
#784 = EDGE_CURVE ( 'NONE', #107, #482, #145, .T. ) ;
#785 = VECTOR ( 'NONE', #388, 39.37007874015748143 ) ;
#786 = CYLINDRICAL_SURFACE ( 'NONE', #1313, 0.2499999999999998057 ) ;
#787 = DIRECTION ( 'NONE',  ( 0.000000000000000000, 0.000000000000000000, 1.000000000000000000 ) ) ;
#788 = DIRECTION ( 'NONE',  ( 1.000000000000000000, 7.922359181626369842E-15, 0.000000000000000000 ) ) ;
#789 = ORIENTED_EDGE ( 'NONE', *, *, #353, .T. ) ;
#790 = CARTESIAN_POINT ( 'NONE',  ( -6.999999999999997335, 0.3749999999999996669, 0.1250000000000000000 ) ) ;
#791 = ORIENTED_EDGE ( 'NONE', *, *, #845, .F. ) ;
#792 = FACE_OUTER_BOUND ( 'NONE', #1154, .T. ) ;
#793 =( NAMED_UNIT ( * ) SI_UNIT ( $, .STERADIAN. ) SOLID_ANGLE_UNIT ( ) );
#794 = CARTESIAN_POINT ( 'NONE',  ( -4.499999999999999112, 1.375000000000000666, -0.1180000000000002158 ) ) ;
#795 = VECTOR ( 'NONE', #122, 39.37007874015748143 ) ;
#796 = DIRECTION ( 'NONE',  ( -1.000000000000000000, 0.000000000000000000, 0.000000000000000000 ) ) ;
#797 = EDGE_LOOP ( 'NONE', ( #1290, #1383, #1613, #521 ) ) ;
#798 = DIRECTION ( 'NONE',  ( 0.000000000000000000, 0.000000000000000000, 1.000000000000000000 ) ) ;
#799 = LINE ( 'NONE', #1330, #951 ) ;
#800 = CARTESIAN_POINT ( 'NONE',  ( -7.250000000000000888, -0.9999999999999994449, -4.280706451336678597 ) ) ;
#801 = EDGE_CURVE ( 'NONE', #859, #1440, #676, .T. ) ;
#802 = FACE_OUTER_BOUND ( 'NONE', #490, .T. ) ;
#803 = EDGE_CURVE ( 'NONE', #979, #898, #1057, .T. ) ;
#804 = CARTESIAN_POINT ( 'NONE',  ( -4.966506350946108483, 0.2499999999999996114, 0.2429999999999999660 ) ) ;
#805 = ORIENTED_EDGE ( 'NONE', *, *, #172, .T. ) ;
#806 = CARTESIAN_POINT ( 'NONE',  ( -7.500000000000000000, 1.000000000000000444, -4.280706451336678597 ) ) ;
#807 = DIRECTION ( 'NONE',  ( 0.000000000000000000, 0.000000000000000000, 1.000000000000000000 ) ) ;
#808 = DIRECTION ( 'NONE',  ( 0.000000000000000000, 0.000000000000000000, -1.000000000000000000 ) ) ;
#809 = VECTOR ( 'NONE', #1537, 39.37007874015748143 ) ;
#810 = VECTOR ( 'NONE', #1515, 39.37007874015748143 ) ;
#811 = CARTESIAN_POINT ( 'NONE',  ( -5.029006350946107595, -0.1417468245269451199, 0.2429999999999999660 ) ) ;
#812 = CARTESIAN_POINT ( 'NONE',  ( -6.999999999999997335, -0.1249999999999996947, 0.1250000000000000000 ) ) ;
#813 = EDGE_LOOP ( 'NONE', ( #178, #384, #582, #214 ) ) ;
#814 = EDGE_CURVE ( 'NONE', #1682, #312, #700, .T. ) ;
#815 = DIRECTION ( 'NONE',  ( 1.000000000000000000, 0.000000000000000000, 0.000000000000000000 ) ) ;
#816 = DIRECTION ( 'NONE',  ( 1.000000000000000000, 0.000000000000000000, -0.000000000000000000 ) ) ;
#817 = CARTESIAN_POINT ( 'NONE',  ( -6.999999999999998224, -0.2500000000000008327, 0.2429999999999999660 ) ) ;
#818 = CARTESIAN_POINT ( 'NONE',  ( -4.749999999999997335, -0.1249999999999996531, 0.2429999999999999660 ) ) ;
#819 = EDGE_CURVE ( 'NONE', #1475, #233, #1069, .T. ) ;
#820 = VECTOR ( 'NONE', #717, 39.37007874015748143 ) ;
#821 = DIRECTION ( 'NONE',  ( -0.000000000000000000, -0.000000000000000000, -1.000000000000000000 ) ) ;
#822 = ORIENTED_EDGE ( 'NONE', *, *, #1268, .T. ) ;
#823 = CARTESIAN_POINT ( 'NONE',  ( -4.966506350946108483, -0.3749999999999996114, 0.2429999999999999660 ) ) ;
#824 = EDGE_CURVE ( 'NONE', #1418, #539, #664, .T. ) ;
#825 = EDGE_CURVE ( 'NONE', #721, #1250, #685, .T. ) ;
#826 = DIRECTION ( 'NONE',  ( 0.000000000000000000, -0.000000000000000000, -1.000000000000000000 ) ) ;
#827 = FACE_OUTER_BOUND ( 'NONE', #1556, .T. ) ;
#828 = ORIENTED_EDGE ( 'NONE', *, *, #273, .F. ) ;
#829 = DIRECTION ( 'NONE',  ( -0.000000000000000000, -0.000000000000000000, -1.000000000000000000 ) ) ;
#830 = VERTEX_POINT ( 'NONE', #8 ) ;
#831 = EDGE_CURVE ( 'NONE', #669, #1312, #1319, .T. ) ;
#832 = CARTESIAN_POINT ( 'NONE',  ( -4.499999999999999112, 1.250000000000000888, 0.000000000000000000 ) ) ;
#833 = CARTESIAN_POINT ( 'NONE',  ( -6.783493649053887076, 0.1249999999999996947, 0.1250000000000000000 ) ) ;
#834 = DIRECTION ( 'NONE',  ( 0.000000000000000000, 0.000000000000000000, 1.000000000000000000 ) ) ;
#835 = VECTOR ( 'NONE', #1566, 39.37007874015748143 ) ;
#836 = DIRECTION ( 'NONE',  ( 0.000000000000000000, 0.000000000000000000, 1.000000000000000000 ) ) ;
#837 = AXIS2_PLACEMENT_3D ( 'NONE', #1071, #459, #1091 ) ;
#838 = AXIS2_PLACEMENT_3D ( 'NONE', #308, #715, #1249 ) ;
#839 = PLANE ( 'NONE',  #20 ) ;
#840 = ORIENTED_EDGE ( 'NONE', *, *, #1118, .F. ) ;
#841 = CARTESIAN_POINT ( 'NONE',  ( -5.029006350946107595, 0.1417468245269451199, 0.1250000000000000000 ) ) ;
#842 = PLANE ( 'NONE',  #902 ) ;
#843 = CARTESIAN_POINT ( 'NONE',  ( -7.250000000000000888, -1.249999999999999334, -0.1180000000000002158 ) ) ;
#844 = ORIENTED_EDGE ( 'NONE', *, *, #1327, .F. ) ;
#845 = EDGE_CURVE ( 'NONE', #1542, #306, #923, .T. ) ;
#846 = CARTESIAN_POINT ( 'NONE',  ( -4.749999999999997335, -0.3749999999999996669, 0.2429999999999999660 ) ) ;
#847 = EDGE_CURVE ( 'NONE', #233, #378, #1615, .T. ) ;
#848 = DIRECTION ( 'NONE',  ( 1.000000000000000000, 2.731847993664259767E-16, 0.000000000000000000 ) ) ;
#849 = EDGE_LOOP ( 'NONE', ( #716, #335, #511, #99 ) ) ;
#850 = CARTESIAN_POINT ( 'NONE',  ( -7.250000000000000888, 1.000000000000000444, -4.280706451336678597 ) ) ;
#851 = ORIENTED_EDGE ( 'NONE', *, *, #1688, .F. ) ;
#852 = MECHANICAL_DESIGN_GEOMETRIC_PRESENTATION_REPRESENTATION (  '', ( #1469 ), #739 ) ;
#853 = FACE_OUTER_BOUND ( 'NONE', #662, .T. ) ;
#854 = DIRECTION ( 'NONE',  ( -0.000000000000000000, -0.000000000000000000, 1.000000000000000000 ) ) ;
#855 = ORIENTED_EDGE ( 'NONE', *, *, #1062, .T. ) ;
#856 = LINE ( 'NONE', #577, #820 ) ;
#857 = DIRECTION ( 'NONE',  ( 0.000000000000000000, 0.000000000000000000, 1.000000000000000000 ) ) ;
#858 = EDGE_CURVE ( 'NONE', #64, #747, #1526, .T. ) ;
#859 = VERTEX_POINT ( 'NONE', #440 ) ;
#860 = CARTESIAN_POINT ( 'NONE',  ( -7.250000000000000888, -0.9999999999999994449, 0.000000000000000000 ) ) ;
#861 = EDGE_CURVE ( 'NONE', #1424, #830, #758, .T. ) ;
#862 = VERTEX_POINT ( 'NONE', #833 ) ;
#863 = EDGE_CURVE ( 'NONE', #721, #1306, #1564, .T. ) ;
#864 = DIRECTION ( 'NONE',  ( -0.000000000000000000, -0.000000000000000000, -1.000000000000000000 ) ) ;
#865 = ORIENTED_EDGE ( 'NONE', *, *, #324, .F. ) ;
#866 = DIRECTION ( 'NONE',  ( -0.000000000000000000, -0.000000000000000000, -1.000000000000000000 ) ) ;
#867 = PLANE ( 'NONE',  #290 ) ;
#868 = CIRCLE ( 'NONE', #1192, 0.1250000000000004441 ) ;
#869 = FACE_OUTER_BOUND ( 'NONE', #1432, .T. ) ;
#870 = CIRCLE ( 'NONE', #1262, 0.1250000000000004441 ) ;
#871 = DIRECTION ( 'NONE',  ( -0.000000000000000000, -0.000000000000000000, -1.000000000000000000 ) ) ;
#872 = VECTOR ( 'NONE', #1040, 39.37007874015748143 ) ;
#873 = ORIENTED_EDGE ( 'NONE', *, *, #1011, .T. ) ;
#874 = EDGE_CURVE ( 'NONE', #1657, #1424, #1119, .T. ) ;
#875 = CARTESIAN_POINT ( 'NONE',  ( -6.749999999999997335, 0.1249999999999996947, 0.2429999999999999660 ) ) ;
#876 = VERTEX_POINT ( 'NONE', #1516 ) ;
#877 = FILL_AREA_STYLE ('',( #225 ) ) ;
#878 = VECTOR ( 'NONE', #376, 39.37007874015748854 ) ;
#879 = DIRECTION ( 'NONE',  ( -0.000000000000000000, -0.000000000000000000, -1.000000000000000000 ) ) ;
#880 = CARTESIAN_POINT ( 'NONE',  ( -7.500000000000000000, 1.000000000000000444, 0.000000000000000000 ) ) ;
#881 = CARTESIAN_POINT ( 'NONE',  ( -4.749999999999997335, -0.2499999999999996669, 0.1250000000000000000 ) ) ;
#882 = VERTEX_POINT ( 'NONE', #328 ) ;
#883 = ORIENTED_EDGE ( 'NONE', *, *, #962, .T. ) ;
#884 = CIRCLE ( 'NONE', #5, 0.1249999999999999029 ) ;
#885 = CARTESIAN_POINT ( 'NONE',  ( -4.966506350946108483, -0.3749999999999996114, 0.2429999999999999660 ) ) ;
#886 = AXIS2_PLACEMENT_3D ( 'NONE', #1648, #1524, #1387 ) ;
#887 = ADVANCED_FACE ( 'NONE', ( #1127 ), #998, .T. ) ;
#888 = CARTESIAN_POINT ( 'NONE',  ( -4.999999999999998224, -0.1249999999999997641, 0.2429999999999999660 ) ) ;
#889 = VERTEX_POINT ( 'NONE', #71 ) ;
#890 = FACE_OUTER_BOUND ( 'NONE', #626, .T. ) ;
#891 = ORIENTED_EDGE ( 'NONE', *, *, #1219, .F. ) ;
#892 = ORIENTED_EDGE ( 'NONE', *, *, #1061, .F. ) ;
#893 = ORIENTED_EDGE ( 'NONE', *, *, #819, .T. ) ;
#894 = EDGE_CURVE ( 'NONE', #1299, #1162, #604, .T. ) ;
#895 = CARTESIAN_POINT ( 'NONE',  ( -6.999999999999997335, 0.3749999999999996669, 0.2429999999999999660 ) ) ;
#896 = CARTESIAN_POINT ( 'NONE',  ( -4.966506350946108483, 0.2499999999999997502, 0.2429999999999999660 ) ) ;
#897 = VECTOR ( 'NONE', #1606, 39.37007874015748143 ) ;
#898 = VERTEX_POINT ( 'NONE', #1311 ) ;
#899 = CIRCLE ( 'NONE', #14, 0.3750000000000002220 ) ;
#900 = DIRECTION ( 'NONE',  ( 1.000000000000000000, 0.000000000000000000, 0.000000000000000000 ) ) ;
#901 = ORIENTED_EDGE ( 'NONE', *, *, #538, .T. ) ;
#902 = AXIS2_PLACEMENT_3D ( 'NONE', #1373, #714, #1248 ) ;
#903 = CARTESIAN_POINT ( 'NONE',  ( -6.706698729810774751, 0.3499999999999997002, 0.2429999999999999660 ) ) ;
#904 = DIRECTION ( 'NONE',  ( -0.000000000000000000, -0.000000000000000000, -1.000000000000000000 ) ) ;
#905 = VECTOR ( 'NONE', #1457, 39.37007874015748143 ) ;
#906 = PLANE ( 'NONE',  #416 ) ;
#907 = ORIENTED_EDGE ( 'NONE', *, *, #159, .F. ) ;
#908 = CARTESIAN_POINT ( 'NONE',  ( -4.966506350946108483, 0.3749999999999996114, 0.1250000000000000000 ) ) ;
#909 = DIRECTION ( 'NONE',  ( -0.000000000000000000, -0.000000000000000000, -1.000000000000000000 ) ) ;
#910 = ORIENTED_EDGE ( 'NONE', *, *, #801, .T. ) ;
#911 = LINE ( 'NONE', #390, #778 ) ;
#912 = EDGE_LOOP ( 'NONE', ( #670, #618, #1378, #1530, #999, #415, #1156, #1413, #789, #1466, #1180, #1591, #266, #499, #1266, #1048, #1076 ) ) ;
#913 = CARTESIAN_POINT ( 'NONE',  ( -6.783493649053887076, -0.2499999999999996669, 0.2429999999999999660 ) ) ;
#914 = VECTOR ( 'NONE', #189, 39.37007874015748143 ) ;
#915 = CARTESIAN_POINT ( 'NONE',  ( -2.573223304703324832, -2.573223304703352365, -1.845268099019350849 ) ) ;
#916 = EDGE_CURVE ( 'NONE', #721, #1659, #213, .T. ) ;
#917 = ORIENTED_EDGE ( 'NONE', *, *, #861, .T. ) ;
#918 = VERTEX_POINT ( 'NONE', #1197 ) ;
#919 = EDGE_CURVE ( 'NONE', #1424, #1446, #667, .T. ) ;
#920 = CARTESIAN_POINT ( 'NONE',  ( -6.706698729810774751, -0.1499999999999996891, 0.2429999999999999660 ) ) ;
#921 = EDGE_LOOP ( 'NONE', ( #549, #88, #1494, #212 ) ) ;
#922 = DIRECTION ( 'NONE',  ( 0.000000000000000000, 1.000000000000000000, -0.000000000000000000 ) ) ;
#923 = LINE ( 'NONE', #535, #1123 ) ;
#924 = DIRECTION ( 'NONE',  ( 0.000000000000000000, 1.000000000000000000, 0.000000000000000000 ) ) ;
#925 = LINE ( 'NONE', #645, #1286 ) ;
#926 = PLANE ( 'NONE',  #502 ) ;
#927 = CARTESIAN_POINT ( 'NONE',  ( -4.966506350946108483, 0.2499999999999996114, 0.2429999999999999660 ) ) ;
#928 = ORIENTED_EDGE ( 'NONE', *, *, #729, .F. ) ;
#929 = LINE ( 'NONE', #780, #835 ) ;
#930 = VERTEX_POINT ( 'NONE', #396 ) ;
#931 = CIRCLE ( 'NONE', #1362, 0.1250000000000004441 ) ;
#932 = LINE ( 'NONE', #155, #1394 ) ;
#933 = CARTESIAN_POINT ( 'NONE',  ( -2.573223304703324832, -2.573223304703352365, -0.1179999999999999383 ) ) ;
#934 = ORIENTED_EDGE ( 'NONE', *, *, #39, .F. ) ;
#935 = LINE ( 'NONE', #1468, #544 ) ;
#936 = EDGE_CURVE ( 'NONE', #342, #1198, #3, .T. ) ;
#937 = DIRECTION ( 'NONE',  ( 0.000000000000000000, 0.000000000000000000, 1.000000000000000000 ) ) ;
#938 = ADVANCED_FACE ( 'NONE', ( #523 ), #1059, .T. ) ;
#939 = LINE ( 'NONE', #1471, #447 ) ;
#940 = AXIS2_PLACEMENT_3D ( 'NONE', #759, #1017, #496 ) ;
#941 = AXIS2_PLACEMENT_3D ( 'NONE', #896, #753, #631 ) ;
#942 = FACE_OUTER_BOUND ( 'NONE', #1024, .T. ) ;
#943 = ORIENTED_EDGE ( 'NONE', *, *, #400, .F. ) ;
#944 = CARTESIAN_POINT ( 'NONE',  ( -6.783493649053887076, 0.2499999999999997224, 0.2429999999999999660 ) ) ;
#945 = PLANE ( 'NONE',  #1175 ) ;
#946 = ADVANCED_FACE ( 'NONE', ( #245 ), #1015, .T. ) ;
#947 = FACE_OUTER_BOUND ( 'NONE', #632, .T. ) ;
#948 = EDGE_CURVE ( 'NONE', #1473, #513, #647, .T. ) ;
#949 = FACE_OUTER_BOUND ( 'NONE', #1303, .T. ) ;
#950 = DIRECTION ( 'NONE',  ( 0.000000000000000000, 0.000000000000000000, 1.000000000000000000 ) ) ;
#951 = VECTOR ( 'NONE', #136, 39.37007874015748143 ) ;
#952 = LINE ( 'NONE', #1371, #516 ) ;
#953 = AXIS2_PLACEMENT_3D ( 'NONE', #1205, #1329, #275 ) ;
#954 = CARTESIAN_POINT ( 'NONE',  ( -5.043301270189219920, 0.1499999999999996891, 0.2429999999999999660 ) ) ;
#955 = DIRECTION ( 'NONE',  ( 1.000000000000000000, 0.000000000000000000, 0.000000000000000000 ) ) ;
#956 = AXIS2_PLACEMENT_3D ( 'NONE', #146, #679, #707 ) ;
#957 = VECTOR ( 'NONE', #1099, 39.37007874015748854 ) ;
#958 = DIRECTION ( 'NONE',  ( 1.000000000000000000, 0.000000000000000000, 0.000000000000000000 ) ) ;
#959 = LINE ( 'NONE', #673, #375 ) ;
#960 = ORIENTED_EDGE ( 'NONE', *, *, #127, .T. ) ;
#961 = AXIS2_PLACEMENT_3D ( 'NONE', #927, #619, #483 ) ;
#962 = EDGE_CURVE ( 'NONE', #859, #572, #1185, .T. ) ;
#963 = EDGE_CURVE ( 'NONE', #1108, #1605, #1305, .T. ) ;
#964 = DIRECTION ( 'NONE',  ( 1.000000000000000000, 0.000000000000000000, 0.000000000000000000 ) ) ;
#965 = EDGE_LOOP ( 'NONE', ( #738, #109, #1242, #1632, #506, #648 ) ) ;
#966 = DIRECTION ( 'NONE',  ( -1.000000000000000000, -0.000000000000000000, -0.000000000000000000 ) ) ;
#967 = LINE ( 'NONE', #302, #1438 ) ;
#968 = DIRECTION ( 'NONE',  ( -0.000000000000000000, -0.000000000000000000, -1.000000000000000000 ) ) ;
#969 = VECTOR ( 'NONE', #1030, 39.37007874015748143 ) ;
#970 = DIRECTION ( 'NONE',  ( 1.000000000000000000, 0.000000000000000000, 0.000000000000000000 ) ) ;
#971 = VERTEX_POINT ( 'NONE', #1665 ) ;
#972 = EDGE_CURVE ( 'NONE', #222, #201, #1399, .T. ) ;
#973 = CARTESIAN_POINT ( 'NONE',  ( -7.250000000000000888, -0.9999999999999994449, -0.1180000000000002158 ) ) ;
#974 = DIRECTION ( 'NONE',  ( -1.000000000000000000, 0.000000000000000000, 0.000000000000000000 ) ) ;
#975 = DIRECTION ( 'NONE',  ( 1.000000000000000000, 0.000000000000000000, 0.000000000000000000 ) ) ;
#976 = DIRECTION ( 'NONE',  ( -0.000000000000000000, -0.000000000000000000, -1.000000000000000000 ) ) ;
#977 = CARTESIAN_POINT ( 'NONE',  ( -6.720993649053888852, 0.1417468245269440374, 0.1250000000000000000 ) ) ;
#978 = PLANE ( 'NONE',  #366 ) ;
#979 = VERTEX_POINT ( 'NONE', #141 ) ;
#980 = CARTESIAN_POINT ( 'NONE',  ( -6.706698729810774751, 0.3499999999999997002, 0.1250000000000000000 ) ) ;
#981 = ORIENTED_EDGE ( 'NONE', *, *, #1297, .T. ) ;
#982 = CARTESIAN_POINT ( 'NONE',  ( -6.706698729810774751, 0.3499999999999997002, 0.2429999999999999660 ) ) ;
#983 = AXIS2_PLACEMENT_3D ( 'NONE', #1298, #798, #533 ) ;
#984 = DIRECTION ( 'NONE',  ( -1.000000000000000000, 0.000000000000000000, 0.000000000000000000 ) ) ;
#985 = AXIS2_PLACEMENT_3D ( 'NONE', #578, #1339, #984 ) ;
#986 = AXIS2_PLACEMENT_3D ( 'NONE', #474, #1361, #1238 ) ;
#987 = DIRECTION ( 'NONE',  ( 1.000000000000000000, 0.000000000000000000, 0.000000000000000000 ) ) ;
#988 = EDGE_LOOP ( 'NONE', ( #426, #329, #1343, #505 ) ) ;
#989 = LINE ( 'NONE', #327, #627 ) ;
#990 = EDGE_LOOP ( 'NONE', ( #773, #116, #943, #525 ) ) ;
#991 = DIRECTION ( 'NONE',  ( 1.000000000000000000, 0.000000000000000000, 0.000000000000000000 ) ) ;
#992 = PLANE ( 'NONE',  #1562 ) ;
#993 = ADVANCED_FACE ( 'NONE', ( #493 ), #1136, .T. ) ;
#994 = ORIENTED_EDGE ( 'NONE', *, *, #173, .F. ) ;
#995 = DIRECTION ( 'NONE',  ( 0.000000000000000000, 0.000000000000000000, 1.000000000000000000 ) ) ;
#996 = VECTOR ( 'NONE', #1464, 39.37007874015748143 ) ;
#997 = VERTEX_POINT ( 'NONE', #344 ) ;
#998 = CYLINDRICAL_SURFACE ( 'NONE', #1538, 0.1250000000000004441 ) ;
#999 = ORIENTED_EDGE ( 'NONE', *, *, #299, .T. ) ;
#1000 = EDGE_CURVE ( 'NONE', #601, #1162, #347, .T. ) ;
#1001 = DIRECTION ( 'NONE',  ( 0.8660254037844432595, -0.4999999999999918954, 0.000000000000000000 ) ) ;
#1002 = ADVANCED_FACE ( 'NONE', ( #942 ), #1066, .T. ) ;
#1003 = CARTESIAN_POINT ( 'NONE',  ( -6.999999999999998224, -0.2500000000000008327, 0.2429999999999999660 ) ) ;
#1004 = FACE_OUTER_BOUND ( 'NONE', #1289, .T. ) ;
#1005 = ORIENTED_EDGE ( 'NONE', *, *, #779, .F. ) ;
#1006 = ORIENTED_EDGE ( 'NONE', *, *, #195, .F. ) ;
#1007 = CARTESIAN_POINT ( 'NONE',  ( -6.783493649053887076, 0.3749999999999996669, 0.2429999999999999660 ) ) ;
#1008 = CARTESIAN_POINT ( 'NONE',  ( -6.314339828220174589, 1.875000000000000666, 0.1250000000000000000 ) ) ;
#1009 = CARTESIAN_POINT ( 'NONE',  ( -6.999999999999997335, 0.3749999999999996669, 0.2429999999999999660 ) ) ;
#1010 = DIMENSIONAL_EXPONENTS ( 1.000000000000000000, 0.000000000000000000, 0.000000000000000000, 0.000000000000000000, 0.000000000000000000, 0.000000000000000000, 0.000000000000000000 ) ;
#1011 = EDGE_CURVE ( 'NONE', #11, #882, #1103, .T. ) ;
#1012 = CARTESIAN_POINT ( 'NONE',  ( -6.749999999999997335, -0.1249999999999996947, 0.1250000000000000000 ) ) ;
#1013 = AXIS2_PLACEMENT_3D ( 'NONE', #1018, #904, #239 ) ;
#1014 = ORIENTED_EDGE ( 'NONE', *, *, #1045, .F. ) ;
#1015 = CYLINDRICAL_SURFACE ( 'NONE', #1617, 0.1250000000000004441 ) ;
#1016 = ORIENTED_EDGE ( 'NONE', *, *, #1451, .T. ) ;
#1017 = DIRECTION ( 'NONE',  ( -2.731847993664259767E-16, 1.000000000000000000, 0.000000000000000000 ) ) ;
#1018 = CARTESIAN_POINT ( 'NONE',  ( -6.999999999999998224, 0.2500000000000008327, 0.2429999999999999660 ) ) ;
#1019 = CARTESIAN_POINT ( 'NONE',  ( -6.999999999999998224, 0.2500000000000008327, 0.1250000000000000000 ) ) ;
#1020 = ORIENTED_EDGE ( 'NONE', *, *, #343, .T. ) ;
#1021 = CARTESIAN_POINT ( 'NONE',  ( -4.499999999999999112, -1.249999999999998890, -0.1180000000000002158 ) ) ;
#1022 = VERTEX_POINT ( 'NONE', #31 ) ;
#1023 = ORIENTED_EDGE ( 'NONE', *, *, #1532, .T. ) ;
#1024 = EDGE_LOOP ( 'NONE', ( #1295, #123, #1159, #1386 ) ) ;
#1025 = AXIS2_PLACEMENT_3D ( 'NONE', #1251, #1635, #1001 ) ;
#1026 = DIRECTION ( 'NONE',  ( 0.4999999999999919509, 0.8660254037844433705, -0.000000000000000000 ) ) ;
#1027 = FACE_OUTER_BOUND ( 'NONE', #651, .T. ) ;
#1028 = ORIENTED_EDGE ( 'NONE', *, *, #1112, .T. ) ;
#1029 = ORIENTED_EDGE ( 'NONE', *, *, #1354, .F. ) ;
#1030 = DIRECTION ( 'NONE',  ( -0.000000000000000000, -0.000000000000000000, 1.000000000000000000 ) ) ;
#1031 = CARTESIAN_POINT ( 'NONE',  ( -6.999999999999998224, 0.2500000000000008327, 0.2429999999999999660 ) ) ;
#1032 = ORIENTED_EDGE ( 'NONE', *, *, #1444, .T. ) ;
#1033 = VECTOR ( 'NONE', #1210, 39.37007874015748143 ) ;
#1034 = DIRECTION ( 'NONE',  ( -1.000000000000000000, 0.000000000000000000, 0.000000000000000000 ) ) ;
#1035 = VERTEX_POINT ( 'NONE', #451 ) ;
#1036 = VECTOR ( 'NONE', #52, 39.37007874015748143 ) ;
#1037 = LINE ( 'NONE', #1047, #1559 ) ;
#1038 = EDGE_LOOP ( 'NONE', ( #1128, #532, #1141, #1634 ) ) ;
#1039 = SURFACE_STYLE_FILL_AREA ( #877 ) ;
#1040 = DIRECTION ( 'NONE',  ( -1.000000000000000000, 0.000000000000000000, -0.000000000000000000 ) ) ;
#1041 = CARTESIAN_POINT ( 'NONE',  ( -4.499999999999999112, -1.249999999999998890, -4.280706451336678597 ) ) ;
#1042 = PRODUCT_DEFINITION_SHAPE ( 'NONE', 'NONE',  #531 ) ;
#1043 = ADVANCED_FACE ( 'NONE', ( #1226 ), #688, .T. ) ;
#1044 = VERTEX_POINT ( 'NONE', #436 ) ;
#1045 = EDGE_CURVE ( 'NONE', #460, #1473, #959, .T. ) ;
#1046 = ORIENTED_EDGE ( 'NONE', *, *, #784, .F. ) ;
#1047 = CARTESIAN_POINT ( 'NONE',  ( -5.043301270189219920, 0.1499999999999996891, 0.1250000000000000000 ) ) ;
#1048 = ORIENTED_EDGE ( 'NONE', *, *, #81, .F. ) ;
#1049 = CARTESIAN_POINT ( 'NONE',  ( -7.124999999999999112, -0.2500000000000008327, 0.1250000000000000000 ) ) ;
#1050 = VECTOR ( 'NONE', #1678, 39.37007874015748143 ) ;
#1051 = CARTESIAN_POINT ( 'NONE',  ( -6.999999999999997335, 0.1249999999999996947, 0.2429999999999999660 ) ) ;
#1052 = AXIS2_PLACEMENT_3D ( 'NONE', #253, #522, #1434 ) ;
#1053 = LINE ( 'NONE', #933, #996 ) ;
#1054 = EDGE_LOOP ( 'NONE', ( #475, #960, #1429, #72 ) ) ;
#1055 = ORIENTED_EDGE ( 'NONE', *, *, #161, .F. ) ;
#1056 = VERTEX_POINT ( 'NONE', #977 ) ;
#1057 = LINE ( 'NONE', #1221, #464 ) ;
#1058 = FACE_OUTER_BOUND ( 'NONE', #1551, .T. ) ;
#1059 = CYLINDRICAL_SURFACE ( 'NONE', #961, 0.1250000000000004441 ) ;
#1060 = FACE_OUTER_BOUND ( 'NONE', #921, .T. ) ;
#1061 = EDGE_CURVE ( 'NONE', #312, #889, #50, .T. ) ;
#1062 = EDGE_CURVE ( 'NONE', #971, #930, #1216, .T. ) ;
#1063 = AXIS2_PLACEMENT_3D ( 'NONE', #292, #816, #165 ) ;
#1064 = CARTESIAN_POINT ( 'NONE',  ( -4.499999999999999112, 1.375000000000000666, 0.1250000000000000000 ) ) ;
#1065 = FACE_OUTER_BOUND ( 'NONE', #170, .T. ) ;
#1066 = PLANE ( 'NONE',  #1367 ) ;
#1067 = ORIENTED_EDGE ( 'NONE', *, *, #1404, .T. ) ;
#1068 = CARTESIAN_POINT ( 'NONE',  ( -7.250000000000000888, -1.374999999999999112, -4.280706451336678597 ) ) ;
#1069 = LINE ( 'NONE', #1598, #1263 ) ;
#1070 = VECTOR ( 'NONE', #334, 39.37007874015748143 ) ;
#1071 = CARTESIAN_POINT ( 'NONE',  ( -6.749999999999997335, 0.1249999999999996947, 0.2429999999999999660 ) ) ;
#1072 = CIRCLE ( 'NONE', #941, 0.1249999999999999029 ) ;
#1073 = LINE ( 'NONE', #1340, #285 ) ;
#1074 = EDGE_LOOP ( 'NONE', ( #1283, #246, #162, #605 ) ) ;
#1075 = CARTESIAN_POINT ( 'NONE',  ( -6.999999999999997335, -0.1249999999999996947, 0.2429999999999999660 ) ) ;
#1076 = ORIENTED_EDGE ( 'NONE', *, *, #67, .T. ) ;
#1077 = FACE_OUTER_BOUND ( 'NONE', #333, .T. ) ;
#1078 = CARTESIAN_POINT ( 'NONE',  ( -6.999999999999997335, -0.3749999999999996669, 0.2429999999999999660 ) ) ;
#1079 = LINE ( 'NONE', #59, #699 ) ;
#1080 = CARTESIAN_POINT ( 'NONE',  ( -6.706698729810774751, -0.3499999999999997002, 0.2429999999999999660 ) ) ;
#1081 = DIRECTION ( 'NONE',  ( 0.000000000000000000, 0.000000000000000000, -1.000000000000000000 ) ) ;
#1082 = ORIENTED_EDGE ( 'NONE', *, *, #1500, .T. ) ;
#1083 = AXIS2_PLACEMENT_3D ( 'NONE', #1439, #1314, #900 ) ;
#1084 = DIRECTION ( 'NONE',  ( 0.8660254037844383745, 0.5000000000000003331, 0.000000000000000000 ) ) ;
#1085 = DIRECTION ( 'NONE',  ( -0.8660254037844383745, -0.5000000000000003331, -0.000000000000000000 ) ) ;
#1086 = VECTOR ( 'NONE', #114, 39.37007874015748854 ) ;
#1087 = ADVANCED_FACE ( 'NONE', ( #288 ), #1472, .T. ) ;
#1088 = CARTESIAN_POINT ( 'NONE',  ( -4.999999999999998224, -0.1249999999999997641, 0.1250000000000000000 ) ) ;
#1089 = VECTOR ( 'NONE', #1085, 39.37007874015748143 ) ;
#1090 = ADVANCED_FACE ( 'NONE', ( #1350 ), #311, .T. ) ;
#1091 = DIRECTION ( 'NONE',  ( -0.8660254037844432595, -0.4999999999999918954, 0.000000000000000000 ) ) ;
#1092 = AXIS2_PLACEMENT_3D ( 'NONE', #1179, #1658, #87 ) ;
#1093 = ADVANCED_FACE ( 'NONE', ( #695 ), #839, .T. ) ;
#1094 = DIRECTION ( 'NONE',  ( 0.000000000000000000, 0.000000000000000000, -1.000000000000000000 ) ) ;
#1095 = EDGE_LOOP ( 'NONE', ( #719, #1055, #1408, #781 ) ) ;
#1096 = DIRECTION ( 'NONE',  ( 0.000000000000000000, 0.000000000000000000, 1.000000000000000000 ) ) ;
#1097 = VERTEX_POINT ( 'NONE', #812 ) ;
#1098 = EDGE_CURVE ( 'NONE', #53, #1120, #443, .T. ) ;
#1099 = DIRECTION ( 'NONE',  ( -0.8660254037844433705, -0.4999999999999917843, 0.000000000000000000 ) ) ;
#1100 = DIRECTION ( 'NONE',  ( 0.7071067811865512365, -0.7071067811865436870, 0.000000000000000000 ) ) ;
#1101 = DIRECTION ( 'NONE',  ( -0.000000000000000000, 0.000000000000000000, 1.000000000000000000 ) ) ;
#1102 = AXIS2_PLACEMENT_3D ( 'NONE', #507, #1026, #1138 ) ;
#1103 = LINE ( 'NONE', #177, #1318 ) ;
#1104 = ORIENTED_EDGE ( 'NONE', *, *, #847, .T. ) ;
#1105 = FACE_OUTER_BOUND ( 'NONE', #990, .T. ) ;
#1106 = ORIENTED_EDGE ( 'NONE', *, *, #197, .T. ) ;
#1107 = DIRECTION ( 'NONE',  ( 1.000000000000000000, 0.000000000000000000, 0.000000000000000000 ) ) ;
#1108 = VERTEX_POINT ( 'NONE', #548 ) ;
#1109 = FACE_OUTER_BOUND ( 'NONE', #1561, .T. ) ;
#1110 = CYLINDRICAL_SURFACE ( 'NONE', #1013, 0.1250000000000004441 ) ;
#1111 = CARTESIAN_POINT ( 'NONE',  ( -7.250000000000000888, -1.374999999999999112, 0.1250000000000000000 ) ) ;
#1112 = EDGE_CURVE ( 'NONE', #1113, #669, #1234, .T. ) ;
#1113 = VERTEX_POINT ( 'NONE', #1491 ) ;
#1114 = CARTESIAN_POINT ( 'NONE',  ( -6.999999999999998224, -0.2500000000000008327, 0.1250000000000000000 ) ) ;
#1115 = DIRECTION ( 'NONE',  ( 0.000000000000000000, 1.000000000000000000, -0.000000000000000000 ) ) ;
#1116 = ORIENTED_EDGE ( 'NONE', *, *, #1245, .T. ) ;
#1117 = CARTESIAN_POINT ( 'NONE',  ( -4.749999999999997335, -0.3749999999999996669, 0.1250000000000000000 ) ) ;
#1118 = EDGE_CURVE ( 'NONE', #593, #1044, #1497, .T. ) ;
#1119 = LINE ( 'NONE', #843, #232 ) ;
#1120 = VERTEX_POINT ( 'NONE', #24 ) ;
#1121 = CARTESIAN_POINT ( 'NONE',  ( -4.999999999999998224, 0.1249999999999997641, 0.2429999999999999660 ) ) ;
#1122 = PLANE ( 'NONE',  #652 ) ;
#1123 = VECTOR ( 'NONE', #610, 39.37007874015748143 ) ;
#1124 = ORIENTED_EDGE ( 'NONE', *, *, #1327, .T. ) ;
#1125 = CYLINDRICAL_SURFACE ( 'NONE', #886, 0.1249999999999999029 ) ;
#1126 = ORIENTED_EDGE ( 'NONE', *, *, #25, .T. ) ;
#1127 = FACE_OUTER_BOUND ( 'NONE', #1267, .T. ) ;
#1128 = ORIENTED_EDGE ( 'NONE', *, *, #814, .F. ) ;
#1129 = PLANE ( 'NONE',  #1025 ) ;
#1130 = EDGE_CURVE ( 'NONE', #107, #237, #1073, .T. ) ;
#1131 = CARTESIAN_POINT ( 'NONE',  ( -7.500000000000000000, -0.9999999999999994449, -4.280706451336678597 ) ) ;
#1132 = CARTESIAN_POINT ( 'NONE',  ( -6.314339828220174589, 1.875000000000000666, -1.845268099019350849 ) ) ;
#1133 = AXIS2_PLACEMENT_3D ( 'NONE', #1292, #103, #636 ) ;
#1134 = VERTEX_POINT ( 'NONE', #1604 ) ;
#1135 = EDGE_CURVE ( 'NONE', #1227, #930, #1482, .T. ) ;
#1136 = CYLINDRICAL_SURFACE ( 'NONE', #1092, 0.2499999999999998057 ) ;
#1137 = VERTEX_POINT ( 'NONE', #1586 ) ;
#1138 = DIRECTION ( 'NONE',  ( -0.8660254037844432595, 0.4999999999999918954, 0.000000000000000000 ) ) ;
#1139 = DIRECTION ( 'NONE',  ( 0.000000000000000000, -0.000000000000000000, -1.000000000000000000 ) ) ;
#1140 = ADVANCED_FACE ( 'NONE', ( #1077 ), #419, .F. ) ;
#1141 = ORIENTED_EDGE ( 'NONE', *, *, #456, .T. ) ;
#1142 = EDGE_CURVE ( 'NONE', #771, #601, #799, .T. ) ;
#1143 = PLANE ( 'NONE',  #106 ) ;
#1144 = ORIENTED_EDGE ( 'NONE', *, *, #1596, .T. ) ;
#1145 = DIRECTION ( 'NONE',  ( 0.000000000000000000, -0.000000000000000000, -1.000000000000000000 ) ) ;
#1146 = ORIENTED_EDGE ( 'NONE', *, *, #1621, .F. ) ;
#1147 = ADVANCED_FACE ( 'NONE', ( #1580, #410, #551 ), #945, .T. ) ;
#1148 = DIRECTION ( 'NONE',  ( -0.8660254037844383745, 0.5000000000000003331, 0.000000000000000000 ) ) ;
#1149 = LINE ( 'NONE', #1547, #545 ) ;
#1150 = EDGE_LOOP ( 'NONE', ( #125, #1170, #236, #1541 ) ) ;
#1151 = AXIS2_PLACEMENT_3D ( 'NONE', #1215, #976, #694 ) ;
#1152 = DIRECTION ( 'NONE',  ( -0.000000000000000000, -0.000000000000000000, -1.000000000000000000 ) ) ;
#1153 = CIRCLE ( 'NONE', #731, 0.4999999999999996114 ) ;
#1154 = EDGE_LOOP ( 'NONE', ( #33, #188, #1328, #743, #611, #1567, #63, #1649, #708, #791, #675, #1396, #865, #1369, #4, #1046, #661 ) ) ;
#1155 = ORIENTED_EDGE ( 'NONE', *, *, #1196, .F. ) ;
#1156 = ORIENTED_EDGE ( 'NONE', *, *, #847, .F. ) ;
#1157 = PLANE ( 'NONE',  #940 ) ;
#1158 = DIRECTION ( 'NONE',  ( -0.000000000000000000, -0.000000000000000000, -1.000000000000000000 ) ) ;
#1159 = ORIENTED_EDGE ( 'NONE', *, *, #1480, .T. ) ;
#1160 = EDGE_LOOP ( 'NONE', ( #1680, #1548, #95, #379 ) ) ;
#1161 = EDGE_CURVE ( 'NONE', #1473, #1250, #1336, .T. ) ;
#1162 = VERTEX_POINT ( 'NONE', #1049 ) ;
#1163 = VECTOR ( 'NONE', #528, 39.37007874015748143 ) ;
#1164 = CARTESIAN_POINT ( 'NONE',  ( -5.043301270189219920, -0.3499999999999997002, 0.1250000000000000000 ) ) ;
#1165 = PRODUCT_DEFINITION_FORMATION_WITH_SPECIFIED_SOURCE ( 'ANY', '', #684, .NOT_KNOWN. ) ;
#1166 = CARTESIAN_POINT ( 'NONE',  ( -7.124999999999999112, -0.2500000000000008327, 0.2429999999999999660 ) ) ;
#1167 = DIRECTION ( 'NONE',  ( 0.000000000000000000, 0.000000000000000000, 1.000000000000000000 ) ) ;
#1168 = ORIENTED_EDGE ( 'NONE', *, *, #894, .T. ) ;
#1169 = EDGE_LOOP ( 'NONE', ( #1664, #704, #1673, #42 ) ) ;
#1170 = ORIENTED_EDGE ( 'NONE', *, *, #916, .T. ) ;
#1171 = LINE ( 'NONE', #885, #768 ) ;
#1172 = EDGE_CURVE ( 'NONE', #898, #500, #868, .T. ) ;
#1173 = CARTESIAN_POINT ( 'NONE',  ( -6.999999999999997335, -0.3749999999999996669, 0.2429999999999999660 ) ) ;
#1174 = FACE_OUTER_BOUND ( 'NONE', #1236, .T. ) ;
#1175 = AXIS2_PLACEMENT_3D ( 'NONE', #1476, #807, #653 ) ;
#1176 = CARTESIAN_POINT ( 'NONE',  ( -4.499999999999999112, -1.374999999999998890, -0.1180000000000002158 ) ) ;
#1177 = CIRCLE ( 'NONE', #983, 0.2499999999999998057 ) ;
#1178 = VECTOR ( 'NONE', #1365, 39.37007874015748143 ) ;
#1179 = CARTESIAN_POINT ( 'NONE',  ( -7.375000000000000888, 1.875000000000000000, -1.845268099019350849 ) ) ;
#1180 = ORIENTED_EDGE ( 'NONE', *, *, #668, .F. ) ;
#1181 = CIRCLE ( 'NONE', #287, 0.1250000000000004441 ) ;
#1182 = DIRECTION ( 'NONE',  ( -1.000000000000000000, -0.000000000000000000, -0.000000000000000000 ) ) ;
#1183 = ORIENTED_EDGE ( 'NONE', *, *, #336, .T. ) ;
#1184 = VECTOR ( 'NONE', #749, 39.37007874015748143 ) ;
#1185 = CIRCLE ( 'NONE', #1397, 0.2499999999999998057 ) ;
#1186 = DIRECTION ( 'NONE',  ( 1.000000000000000000, 9.933992704233682750E-17, 0.000000000000000000 ) ) ;
#1187 = CARTESIAN_POINT ( 'NONE',  ( -6.999999999999998224, 0.2500000000000008327, 0.2429999999999999660 ) ) ;
#1188 = CARTESIAN_POINT ( 'NONE',  ( -7.250000000000000888, -1.249999999999999334, -4.280706451336678597 ) ) ;
#1189 = ORIENTED_EDGE ( 'NONE', *, *, #541, .T. ) ;
#1190 = VERTEX_POINT ( 'NONE', #1608 ) ;
#1191 = ORIENTED_EDGE ( 'NONE', *, *, #729, .T. ) ;
#1192 = AXIS2_PLACEMENT_3D ( 'NONE', #152, #1453, #258 ) ;
#1193 = CARTESIAN_POINT ( 'NONE',  ( -6.999999999999998224, 0.2500000000000008327, 0.2429999999999999660 ) ) ;
#1194 = CARTESIAN_POINT ( 'NONE',  ( -7.250000000000000888, -1.374999999999999112, -4.280706451336678597 ) ) ;
#1195 = DIRECTION ( 'NONE',  ( 1.000000000000000000, 0.000000000000000000, 0.000000000000000000 ) ) ;
#1196 = EDGE_CURVE ( 'NONE', #674, #979, #190, .T. ) ;
#1197 = CARTESIAN_POINT ( 'NONE',  ( -6.999999999999997335, 0.3749999999999996669, 0.2429999999999999660 ) ) ;
#1198 = VERTEX_POINT ( 'NONE', #1316 ) ;
#1199 = ORIENTED_EDGE ( 'NONE', *, *, #732, .T. ) ;
#1200 = EDGE_LOOP ( 'NONE', ( #248, #69, #350, #1662, #1144, #1415, #555, #1218 ) ) ;
#1201 = LINE ( 'NONE', #129, #150 ) ;
#1202 = PLANE ( 'NONE',  #1214 ) ;
#1203 = CARTESIAN_POINT ( 'NONE',  ( -4.966506350946108483, -0.2499999999999997502, 0.2429999999999999660 ) ) ;
#1204 = VECTOR ( 'NONE', #1595, 39.37007874015748143 ) ;
#1205 = CARTESIAN_POINT ( 'NONE',  ( -6.783493649053887076, 0.2499999999999996669, 0.1250000000000000000 ) ) ;
#1206 = VECTOR ( 'NONE', #1225, 39.37007874015748143 ) ;
#1207 = DIRECTION ( 'NONE',  ( -1.000000000000000000, -1.986798540846736550E-16, 0.000000000000000000 ) ) ;
#1208 = AXIS2_PLACEMENT_3D ( 'NONE', #1543, #909, #1436 ) ;
#1209 = DIRECTION ( 'NONE',  ( 1.000000000000000000, 0.000000000000000000, 0.000000000000000000 ) ) ;
#1210 = DIRECTION ( 'NONE',  ( -0.000000000000000000, -0.000000000000000000, -1.000000000000000000 ) ) ;
#1211 = EDGE_CURVE ( 'NONE', #1657, #1137, #401, .T. ) ;
#1212 = LINE ( 'NONE', #291, #431 ) ;
#1213 = DIRECTION ( 'NONE',  ( 0.000000000000000000, 0.000000000000000000, 1.000000000000000000 ) ) ;
#1214 = AXIS2_PLACEMENT_3D ( 'NONE', #1031, #250, #413 ) ;
#1215 = CARTESIAN_POINT ( 'NONE',  ( -6.999999999999998224, -0.2500000000000008327, 0.2429999999999999660 ) ) ;
#1216 = LINE ( 'NONE', #147, #322 ) ;
#1217 = DIRECTION ( 'NONE',  ( -1.000000000000000000, 0.000000000000000000, 0.000000000000000000 ) ) ;
#1218 = ORIENTED_EDGE ( 'NONE', *, *, #1211, .T. ) ;
#1219 = EDGE_CURVE ( 'NONE', #1389, #1113, #1310, .T. ) ;
#1220 = FACE_OUTER_BOUND ( 'NONE', #1504, .T. ) ;
#1221 = CARTESIAN_POINT ( 'NONE',  ( -6.783493649053887076, -0.1249999999999996947, 0.2429999999999999660 ) ) ;
#1222 = FACE_OUTER_BOUND ( 'NONE', #763, .T. ) ;
#1223 =( NAMED_UNIT ( * ) PLANE_ANGLE_UNIT ( ) SI_UNIT ( $, .RADIAN. ) );
#1224 = ADVANCED_FACE ( 'NONE', ( #1065 ), #371, .T. ) ;
#1225 = DIRECTION ( 'NONE',  ( 0.000000000000000000, 0.000000000000000000, -1.000000000000000000 ) ) ;
#1226 = FACE_OUTER_BOUND ( 'NONE', #589, .T. ) ;
#1227 = VERTEX_POINT ( 'NONE', #240 ) ;
#1228 = CARTESIAN_POINT ( 'NONE',  ( -7.500000000000000000, 1.000000000000000444, -0.1180000000000002158 ) ) ;
#1229 = FACE_OUTER_BOUND ( 'NONE', #988, .T. ) ;
#1230 = VECTOR ( 'NONE', #1158, 39.37007874015748143 ) ;
#1231 = ADVANCED_FACE ( 'NONE', ( #1326 ), #906, .T. ) ;
#1232 = DIRECTION ( 'NONE',  ( -1.000000000000000000, 0.000000000000000000, 0.000000000000000000 ) ) ;
#1233 = VERTEX_POINT ( 'NONE', #394 ) ;
#1234 = CIRCLE ( 'NONE', #93, 0.1249999999999999029 ) ;
#1235 = DIRECTION ( 'NONE',  ( -0.000000000000000000, -0.000000000000000000, 1.000000000000000000 ) ) ;
#1236 = EDGE_LOOP ( 'NONE', ( #377, #1492, #206, #1334, #51, #737, #1623, #620, #454, #1028, #1388, #1686, #251, #358, #398, #1607, #1572 ) ) ;
#1237 = CARTESIAN_POINT ( 'NONE',  ( -7.198223304703364356, 2.051776695296637865, 0.1250000000000000000 ) ) ;
#1238 = DIRECTION ( 'NONE',  ( 1.000000000000000000, -1.639108796198559114E-15, 0.000000000000000000 ) ) ;
#1239 = DIRECTION ( 'NONE',  ( 0.000000000000000000, 0.000000000000000000, 1.000000000000000000 ) ) ;
#1240 = DIRECTION ( 'NONE',  ( -0.000000000000000000, -0.000000000000000000, -1.000000000000000000 ) ) ;
#1241 = AXIS2_PLACEMENT_3D ( 'NONE', #321, #1501, #975 ) ;
#1242 = ORIENTED_EDGE ( 'NONE', *, *, #434, .F. ) ;
#1243 = DIRECTION ( 'NONE',  ( 1.000000000000000000, 0.000000000000000000, 0.000000000000000000 ) ) ;
#1244 = VECTOR ( 'NONE', #1152, 39.37007874015748143 ) ;
#1245 = EDGE_CURVE ( 'NONE', #265, #1198, #404, .T. ) ;
#1246 = CARTESIAN_POINT ( 'NONE',  ( -6.706698729810774751, -0.3499999999999995337, 0.1250000000000000000 ) ) ;
#1247 = VERTEX_POINT ( 'NONE', #1455 ) ;
#1248 = DIRECTION ( 'NONE',  ( 0.000000000000000000, -0.000000000000000000, -1.000000000000000000 ) ) ;
#1249 = DIRECTION ( 'NONE',  ( 1.000000000000000000, 0.000000000000000000, 0.000000000000000000 ) ) ;
#1250 = VERTEX_POINT ( 'NONE', #794 ) ;
#1251 = CARTESIAN_POINT ( 'NONE',  ( -6.749999999999997335, 0.3749999999999996669, 0.2429999999999999660 ) ) ;
#1252 = CARTESIAN_POINT ( 'NONE',  ( -4.499999999999999112, 1.250000000000000888, 0.000000000000000000 ) ) ;
#1253 = ORIENTED_EDGE ( 'NONE', *, *, #658, .F. ) ;
#1254 = LINE ( 'NONE', #591, #164 ) ;
#1255 = ORIENTED_EDGE ( 'NONE', *, *, #161, .T. ) ;
#1256 = DIRECTION ( 'NONE',  ( -1.000000000000000000, -9.933992704233682750E-17, 0.000000000000000000 ) ) ;
#1257 = VERTEX_POINT ( 'NONE', #1302 ) ;
#1258 = CARTESIAN_POINT ( 'NONE',  ( -6.706698729810774751, -0.1499999999999996891, 0.2429999999999999660 ) ) ;
#1259 = VECTOR ( 'NONE', #1578, 39.37007874015748854 ) ;
#1260 = EDGE_CURVE ( 'NONE', #1312, #233, #112, .T. ) ;
#1261 = DIRECTION ( 'NONE',  ( 0.000000000000000000, 0.000000000000000000, 1.000000000000000000 ) ) ;
#1262 = AXIS2_PLACEMENT_3D ( 'NONE', #1019, #82, #75 ) ;
#1263 = VECTOR ( 'NONE', #420, 39.37007874015748143 ) ;
#1264 = VERTEX_POINT ( 'NONE', #1431 ) ;
#1265 = DIRECTION ( 'NONE',  ( -0.8660254037844433705, 0.4999999999999917843, -0.000000000000000000 ) ) ;
#1266 = ORIENTED_EDGE ( 'NONE', *, *, #1444, .F. ) ;
#1267 = EDGE_LOOP ( 'NONE', ( #851, #934, #1555, #241 ) ) ;
#1268 = EDGE_CURVE ( 'NONE', #1227, #572, #262, .T. ) ;
#1269 = EDGE_CURVE ( 'NONE', #1306, #1227, #1053, .T. ) ;
#1270 = PLANE ( 'NONE',  #495 ) ;
#1271 = ORIENTED_EDGE ( 'NONE', *, *, #1000, .F. ) ;
#1272 = LINE ( 'NONE', #211, #1380 ) ;
#1273 = CIRCLE ( 'NONE', #1133, 0.3750000000000002220 ) ;
#1274 = ORIENTED_EDGE ( 'NONE', *, *, #508, .T. ) ;
#1275 = CARTESIAN_POINT ( 'NONE',  ( -6.706698729810774751, -0.3499999999999997002, 0.1250000000000000000 ) ) ;
#1276 = ORIENTED_EDGE ( 'NONE', *, *, #1582, .F. ) ;
#1277 = CARTESIAN_POINT ( 'NONE',  ( -6.783493649053887076, 0.1249999999999996947, 0.2429999999999999660 ) ) ;
#1278 = CARTESIAN_POINT ( 'NONE',  ( -7.250000000000000888, -1.249999999999999334, 0.000000000000000000 ) ) ;
#1279 = ADVANCED_FACE ( 'NONE', ( #271 ), #546, .F. ) ;
#1280 = ORIENTED_EDGE ( 'NONE', *, *, #78, .F. ) ;
#1281 = LINE ( 'NONE', #1012, #637 ) ;
#1282 = ORIENTED_EDGE ( 'NONE', *, *, #861, .F. ) ;
#1283 = ORIENTED_EDGE ( 'NONE', *, *, #91, .T. ) ;
#1284 = FACE_OUTER_BOUND ( 'NONE', #1687, .T. ) ;
#1285 = CARTESIAN_POINT ( 'NONE',  ( -6.720993649053888852, -0.3582531754730553519, 0.2429999999999999660 ) ) ;
#1286 = VECTOR ( 'NONE', #374, 39.37007874015748143 ) ;
#1287 = CARTESIAN_POINT ( 'NONE',  ( -4.749999999999997335, 0.3749999999999996669, 0.1250000000000000000 ) ) ;
#1288 = CIRCLE ( 'NONE', #263, 0.1249999999999999029 ) ;
#1289 = EDGE_LOOP ( 'NONE', ( #316, #1458, #1191, #1359 ) ) ;
#1290 = ORIENTED_EDGE ( 'NONE', *, *, #1435, .F. ) ;
#1291 = CARTESIAN_POINT ( 'NONE',  ( -6.706698729810774751, -0.3499999999999997002, 0.2429999999999999660 ) ) ;
#1292 = CARTESIAN_POINT ( 'NONE',  ( -7.250000000000000888, -0.9999999999999994449, 0.1250000000000000000 ) ) ;
#1293 = ORIENTED_EDGE ( 'NONE', *, *, #1404, .F. ) ;
#1294 = ADVANCED_FACE ( 'NONE', ( #1174 ), #1202, .T. ) ;
#1295 = ORIENTED_EDGE ( 'NONE', *, *, #972, .F. ) ;
#1296 = EDGE_CURVE ( 'NONE', #930, #859, #939, .T. ) ;
#1297 = EDGE_CURVE ( 'NONE', #1440, #342, #1273, .T. ) ;
#1298 = CARTESIAN_POINT ( 'NONE',  ( -7.250000000000000888, 1.000000000000000444, 0.000000000000000000 ) ) ;
#1299 = VERTEX_POINT ( 'NONE', #1166 ) ;
#1300 = CIRCLE ( 'NONE', #766, 0.1250000000000004441 ) ;
#1301 = CARTESIAN_POINT ( 'NONE',  ( -4.966506350946108483, -0.1249999999999997363, 0.2429999999999999660 ) ) ;
#1302 = CARTESIAN_POINT ( 'NONE',  ( -7.124999999999999112, 0.2500000000000008327, 0.1250000000000000000 ) ) ;
#1303 = EDGE_LOOP ( 'NONE', ( #365, #730, #1539, #1592 ) ) ;
#1304 = CARTESIAN_POINT ( 'NONE',  ( -6.706698729810774751, 0.3499999999999997002, 0.2429999999999999660 ) ) ;
#1305 = LINE ( 'NONE', #875, #878 ) ;
#1306 = VERTEX_POINT ( 'NONE', #510 ) ;
#1307 = DIRECTION ( 'NONE',  ( 1.000000000000000000, -2.731847993664259767E-16, 0.000000000000000000 ) ) ;
#1308 = ORIENTED_EDGE ( 'NONE', *, *, #1341, .T. ) ;
#1309 = DIRECTION ( 'NONE',  ( -1.000000000000000000, -1.986798540846736550E-16, 0.000000000000000000 ) ) ;
#1310 = LINE ( 'NONE', #1570, #1347 ) ;
#1311 = CARTESIAN_POINT ( 'NONE',  ( -6.783493649053887076, -0.1249999999999996947, 0.1250000000000000000 ) ) ;
#1312 = VERTEX_POINT ( 'NONE', #1560 ) ;
#1313 = AXIS2_PLACEMENT_3D ( 'NONE', #800, #1346, #412 ) ;
#1314 = DIRECTION ( 'NONE',  ( 0.000000000000000000, 0.000000000000000000, 1.000000000000000000 ) ) ;
#1315 = ORIENTED_EDGE ( 'NONE', *, *, #1354, .T. ) ;
#1316 = CARTESIAN_POINT ( 'NONE',  ( -4.499999999999999112, -1.374999999999998890, 0.1250000000000000000 ) ) ;
#1317 = EDGE_CURVE ( 'NONE', #1035, #1257, #1597, .T. ) ;
#1318 = VECTOR ( 'NONE', #701, 39.37007874015748143 ) ;
#1319 = LINE ( 'NONE', #1610, #1089 ) ;
#1320 = EDGE_CURVE ( 'NONE', #1299, #117, #385, .T. ) ;
#1321 = DIRECTION ( 'NONE',  ( -1.000000000000000000, -2.731847993664259767E-16, -0.000000000000000000 ) ) ;
#1322 = ORIENTED_EDGE ( 'NONE', *, *, #351, .T. ) ;
#1323 = VECTOR ( 'NONE', #1638, 39.37007874015748143 ) ;
#1324 = DIRECTION ( 'NONE',  ( -1.000000000000000000, 2.731847993664259767E-16, -0.000000000000000000 ) ) ;
#1325 = ADVANCED_FACE ( 'NONE', ( #606 ), #1129, .F. ) ;
#1326 = FACE_OUTER_BOUND ( 'NONE', #235, .T. ) ;
#1327 = EDGE_CURVE ( 'NONE', #143, #515, #697, .T. ) ;
#1328 = ORIENTED_EDGE ( 'NONE', *, *, #172, .F. ) ;
#1329 = DIRECTION ( 'NONE',  ( -0.000000000000000000, -0.000000000000000000, -1.000000000000000000 ) ) ;
#1330 = CARTESIAN_POINT ( 'NONE',  ( -6.999999999999997335, -0.3749999999999996669, 0.2429999999999999660 ) ) ;
#1331 = DIRECTION ( 'NONE',  ( 0.8660254037844383745, 0.5000000000000003331, 0.000000000000000000 ) ) ;
#1332 = FACE_OUTER_BOUND ( 'NONE', #965, .T. ) ;
#1333 = DIRECTION ( 'NONE',  ( -0.000000000000000000, -0.000000000000000000, -1.000000000000000000 ) ) ;
#1334 = ORIENTED_EDGE ( 'NONE', *, *, #36, .T. ) ;
#1335 = LINE ( 'NONE', #1498, #1485 ) ;
#1336 = LINE ( 'NONE', #128, #429 ) ;
#1337 = VECTOR ( 'NONE', #854, 39.37007874015748143 ) ;
#1338 = DIRECTION ( 'NONE',  ( 1.000000000000000000, 0.000000000000000000, 0.000000000000000000 ) ) ;
#1339 = DIRECTION ( 'NONE',  ( 0.000000000000000000, 0.000000000000000000, -1.000000000000000000 ) ) ;
#1340 = CARTESIAN_POINT ( 'NONE',  ( -5.043301270189219920, -0.1499999999999996891, 0.2429999999999999660 ) ) ;
#1341 = EDGE_CURVE ( 'NONE', #113, #1542, #856, .T. ) ;
#1342 = CARTESIAN_POINT ( 'NONE',  ( -4.966506350946108483, -0.1249999999999997363, 0.1250000000000000000 ) ) ;
#1343 = ORIENTED_EDGE ( 'NONE', *, *, #1297, .F. ) ;
#1344 = ADVANCED_FACE ( 'NONE', ( #1222 ), #55, .T. ) ;
#1345 = PLANE ( 'NONE',  #1063 ) ;
#1346 = DIRECTION ( 'NONE',  ( 0.000000000000000000, 0.000000000000000000, 1.000000000000000000 ) ) ;
#1347 = VECTOR ( 'NONE', #537, 39.37007874015748143 ) ;
#1348 = CARTESIAN_POINT ( 'NONE',  ( -6.999999999999997335, 0.1249999999999996947, 0.2429999999999999660 ) ) ;
#1349 = ADVANCED_BREP_SHAPE_REPRESENTATION ( '2ndStageSliderPlate', ( #1467, #28 ), #387 ) ;
#1350 = FACE_OUTER_BOUND ( 'NONE', #1160, .T. ) ;
#1351 = ORIENTED_EDGE ( 'NONE', *, *, #359, .F. ) ;
#1352 = DIRECTION ( 'NONE',  ( 0.8660254037844383745, -0.5000000000000003331, 0.000000000000000000 ) ) ;
#1353 = ORIENTED_EDGE ( 'NONE', *, *, #1260, .F. ) ;
#1354 = EDGE_CURVE ( 'NONE', #117, #1097, #596, .T. ) ;
#1355 = DIRECTION ( 'NONE',  ( 1.000000000000000000, 0.000000000000000000, 0.000000000000000000 ) ) ;
#1356 = CARTESIAN_POINT ( 'NONE',  ( -4.749999999999997335, -0.2499999999999996669, 0.2429999999999999660 ) ) ;
#1357 = ORIENTED_EDGE ( 'NONE', *, *, #19, .T. ) ;
#1358 = LINE ( 'NONE', #418, #1036 ) ;
#1359 = ORIENTED_EDGE ( 'NONE', *, *, #613, .T. ) ;
#1360 = DIRECTION ( 'NONE',  ( -0.8660254037844433705, -0.4999999999999917843, 0.000000000000000000 ) ) ;
#1361 = DIRECTION ( 'NONE',  ( -0.000000000000000000, -0.000000000000000000, -1.000000000000000000 ) ) ;
#1362 = AXIS2_PLACEMENT_3D ( 'NONE', #62, #1096, #964 ) ;
#1363 = CARTESIAN_POINT ( 'NONE',  ( -6.999999999999997335, -0.1249999999999996947, 0.2429999999999999660 ) ) ;
#1364 = AXIS2_PLACEMENT_3D ( 'NONE', #1463, #1213, #1593 ) ;
#1365 = DIRECTION ( 'NONE',  ( -1.000000000000000000, 0.000000000000000000, -0.000000000000000000 ) ) ;
#1366 = EDGE_CURVE ( 'NONE', #1585, #876, #1528, .T. ) ;
#1367 = AXIS2_PLACEMENT_3D ( 'NONE', #1080, #1628, #157 ) ;
#1368 = CARTESIAN_POINT ( 'NONE',  ( -6.706698729810774751, -0.1499999999999996891, 0.2429999999999999660 ) ) ;
#1369 = ORIENTED_EDGE ( 'NONE', *, *, #508, .F. ) ;
#1370 = FACE_OUTER_BOUND ( 'NONE', #1150, .T. ) ;
#1371 = CARTESIAN_POINT ( 'NONE',  ( -7.500000000000000000, 1.000000000000000444, -4.280706451336678597 ) ) ;
#1372 = ORIENTED_EDGE ( 'NONE', *, *, #1574, .T. ) ;
#1373 = CARTESIAN_POINT ( 'NONE',  ( -6.999999999999997335, -0.3749999999999996669, 0.2429999999999999660 ) ) ;
#1374 = ORIENTED_EDGE ( 'NONE', *, *, #173, .T. ) ;
#1375 = CARTESIAN_POINT ( 'NONE',  ( -5.043301270189219920, -0.1499999999999996891, 0.2429999999999999660 ) ) ;
#1376 = CARTESIAN_POINT ( 'NONE',  ( -5.043301270189219920, -0.1499999999999996891, 0.1250000000000000000 ) ) ;
#1377 = AXIS2_PLACEMENT_3D ( 'NONE', #982, #467, #826 ) ;
#1378 = ORIENTED_EDGE ( 'NONE', *, *, #1317, .F. ) ;
#1379 = CARTESIAN_POINT ( 'NONE',  ( -6.783493649053887076, 0.2499999999999996669, 0.2429999999999999660 ) ) ;
#1380 = VECTOR ( 'NONE', #1265, 39.37007874015748854 ) ;
#1381 = ORIENTED_EDGE ( 'NONE', *, *, #1500, .F. ) ;
#1382 = CARTESIAN_POINT ( 'NONE',  ( -4.966506350946108483, 0.2499999999999997502, 0.2429999999999999660 ) ) ;
#1383 = ORIENTED_EDGE ( 'NONE', *, *, #1341, .F. ) ;
#1384 = DIRECTION ( 'NONE',  ( -0.5000000000000004441, 0.8660254037844384856, 0.000000000000000000 ) ) ;
#1385 = CARTESIAN_POINT ( 'NONE',  ( -6.749999999999997335, 0.3749999999999996669, 0.2429999999999999660 ) ) ;
#1386 = ORIENTED_EDGE ( 'NONE', *, *, #750, .T. ) ;
#1387 = DIRECTION ( 'NONE',  ( -1.000000000000000000, 0.000000000000000000, 0.000000000000000000 ) ) ;
#1388 = ORIENTED_EDGE ( 'NONE', *, *, #831, .T. ) ;
#1389 = VERTEX_POINT ( 'NONE', #1643 ) ;
#1390 = SURFACE_STYLE_USAGE ( .BOTH. , #734 ) ;
#1391 = AXIS2_PLACEMENT_3D ( 'NONE', #1356, #38, #958 ) ;
#1392 = DIRECTION ( 'NONE',  ( 0.8660254037844383745, -0.5000000000000003331, 0.000000000000000000 ) ) ;
#1393 = AXIS2_PLACEMENT_3D ( 'NONE', #111, #767, #629 ) ;
#1394 = VECTOR ( 'NONE', #259, 39.37007874015748143 ) ;
#1395 = DIRECTION ( 'NONE',  ( 0.000000000000000000, -1.000000000000000000, 0.000000000000000000 ) ) ;
#1396 = ORIENTED_EDGE ( 'NONE', *, *, #227, .F. ) ;
#1397 = AXIS2_PLACEMENT_3D ( 'NONE', #1534, #1145, #1465 ) ;
#1398 = ADVANCED_FACE ( 'NONE', ( #1109 ), #586, .F. ) ;
#1399 = LINE ( 'NONE', #1275, #124 ) ;
#1400 = ORIENTED_EDGE ( 'NONE', *, *, #936, .T. ) ;
#1401 =( NAMED_UNIT ( * ) PLANE_ANGLE_UNIT ( ) SI_UNIT ( $, .RADIAN. ) );
#1402 = LINE ( 'NONE', #226, #1184 ) ;
#1403 = LINE ( 'NONE', #1376, #600 ) ;
#1404 = EDGE_CURVE ( 'NONE', #918, #1035, #167, .T. ) ;
#1405 = DIRECTION ( 'NONE',  ( -1.000000000000000000, -1.986798540846736550E-16, 0.000000000000000000 ) ) ;
#1406 = VECTOR ( 'NONE', #199, 39.37007874015748143 ) ;
#1407 = EDGE_CURVE ( 'NONE', #572, #1620, #706, .T. ) ;
#1408 = ORIENTED_EDGE ( 'NONE', *, *, #353, .F. ) ;
#1409 = APPLICATION_CONTEXT ( 'automotive_design' ) ;
#1410 = CIRCLE ( 'NONE', #58, 0.1249999999999999029 ) ;
#1411 = EDGE_CURVE ( 'NONE', #918, #1682, #1626, .T. ) ;
#1412 = ORIENTED_EDGE ( 'NONE', *, *, #1490, .F. ) ;
#1413 = ORIENTED_EDGE ( 'NONE', *, *, #819, .F. ) ;
#1414 = LINE ( 'NONE', #1420, #1230 ) ;
#1415 = ORIENTED_EDGE ( 'NONE', *, *, #1245, .F. ) ;
#1416 = DIRECTION ( 'NONE',  ( 0.4999999999999919509, -0.8660254037844433705, 0.000000000000000000 ) ) ;
#1417 = EDGE_LOOP ( 'NONE', ( #84, #1381, #325, #1699 ) ) ;
#1418 = VERTEX_POINT ( 'NONE', #846 ) ;
#1419 =( CONVERSION_BASED_UNIT ( 'INCH', #208 ) LENGTH_UNIT ( ) NAMED_UNIT ( #1010 ) );
#1420 = CARTESIAN_POINT ( 'NONE',  ( -7.124999999999999112, 0.2500000000000008327, 0.2429999999999999660 ) ) ;
#1421 = EDGE_CURVE ( 'NONE', #11, #107, #724, .T. ) ;
#1422 = CIRCLE ( 'NONE', #204, 0.1249999999999999029 ) ;
#1423 = EDGE_CURVE ( 'NONE', #53, #158, #1521, .T. ) ;
#1424 = VERTEX_POINT ( 'NONE', #37 ) ;
#1425 = DIRECTION ( 'NONE',  ( -0.000000000000000000, -0.000000000000000000, -1.000000000000000000 ) ) ;
#1426 = AXIS2_PLACEMENT_3D ( 'NONE', #1003, #340, #1520 ) ;
#1427 = ORIENTED_EDGE ( 'NONE', *, *, #962, .F. ) ;
#1428 = LINE ( 'NONE', #1689, #1259 ) ;
#1429 = ORIENTED_EDGE ( 'NONE', *, *, #1098, .T. ) ;
#1430 = DIRECTION ( 'NONE',  ( -0.000000000000000000, -0.000000000000000000, -1.000000000000000000 ) ) ;
#1431 = CARTESIAN_POINT ( 'NONE',  ( -4.966506350946108483, -0.1249999999999997363, 0.2429999999999999660 ) ) ;
#1432 = EDGE_LOOP ( 'NONE', ( #228, #1308, #181, #1126 ) ) ;
#1433 = LINE ( 'NONE', #243, #1086 ) ;
#1434 = DIRECTION ( 'NONE',  ( 0.000000000000000000, -0.000000000000000000, 1.000000000000000000 ) ) ;
#1435 = EDGE_CURVE ( 'NONE', #1542, #220, #884, .T. ) ;
#1436 = DIRECTION ( 'NONE',  ( 1.000000000000000000, 0.000000000000000000, 0.000000000000000000 ) ) ;
#1437 = ORIENTED_EDGE ( 'NONE', *, *, #1621, .T. ) ;
#1438 = VECTOR ( 'NONE', #1355, 39.37007874015748143 ) ;
#1439 = CARTESIAN_POINT ( 'NONE',  ( -4.966506350946108483, -0.2499999999999997502, 0.2429999999999999660 ) ) ;
#1440 = VERTEX_POINT ( 'NONE', #441 ) ;
#1441 = AXIS2_PLACEMENT_3D ( 'NONE', #1132, #1672, #488 ) ;
#1442 = DIRECTION ( 'NONE',  ( 1.000000000000000000, 0.000000000000000000, 0.000000000000000000 ) ) ;
#1443 = DIRECTION ( 'NONE',  ( -0.7071067811865437980, -0.7071067811865512365, 0.000000000000000000 ) ) ;
#1444 = EDGE_CURVE ( 'NONE', #1247, #1044, #967, .T. ) ;
#1445 = DIRECTION ( 'NONE',  ( -1.000000000000000000, 2.731847993664259767E-16, 0.000000000000000000 ) ) ;
#1446 = VERTEX_POINT ( 'NONE', #175 ) ;
#1447 = ORIENTED_EDGE ( 'NONE', *, *, #1268, .F. ) ;
#1448 = ADVANCED_FACE ( 'NONE', ( #1229 ), #47, .T. ) ;
#1449 = CARTESIAN_POINT ( 'NONE',  ( -5.029006350946107595, 0.1417468245269451199, 0.2429999999999999660 ) ) ;
#1450 = ORIENTED_EDGE ( 'NONE', *, *, #658, .T. ) ;
#1451 = EDGE_CURVE ( 'NONE', #1605, #1247, #1667, .T. ) ;
#1452 = EDGE_CURVE ( 'NONE', #113, #222, #362, .T. ) ;
#1453 = DIRECTION ( 'NONE',  ( -0.000000000000000000, -0.000000000000000000, -1.000000000000000000 ) ) ;
#1454 = CARTESIAN_POINT ( 'NONE',  ( -6.720993649053888852, -0.1417468245269440374, 0.2429999999999999660 ) ) ;
#1455 = CARTESIAN_POINT ( 'NONE',  ( -6.706698729810774751, 0.1499999999999996891, 0.1250000000000000000 ) ) ;
#1456 = AXIS2_PLACEMENT_3D ( 'NONE', #1502, #310, #1489 ) ;
#1457 = DIRECTION ( 'NONE',  ( 0.000000000000000000, 0.000000000000000000, 1.000000000000000000 ) ) ;
#1458 = ORIENTED_EDGE ( 'NONE', *, *, #863, .T. ) ;
#1459 = VECTOR ( 'NONE', #808, 39.37007874015748143 ) ;
#1460 = ORIENTED_EDGE ( 'NONE', *, *, #1135, .T. ) ;
#1461 = ORIENTED_EDGE ( 'NONE', *, *, #282, .T. ) ;
#1462 = DIRECTION ( 'NONE',  ( 1.000000000000000000, 0.000000000000000000, 0.000000000000000000 ) ) ;
#1463 = CARTESIAN_POINT ( 'NONE',  ( -4.749999999999997335, 0.2499999999999996669, 0.1250000000000000000 ) ) ;
#1464 = DIRECTION ( 'NONE',  ( -0.7071067811865512365, 0.7071067811865437980, 0.000000000000000000 ) ) ;
#1465 = DIRECTION ( 'NONE',  ( 1.000000000000000000, -2.185478394931412152E-15, 0.000000000000000000 ) ) ;
#1466 = ORIENTED_EDGE ( 'NONE', *, *, #48, .F. ) ;
#1467 = MANIFOLD_SOLID_BREP ( 'Boss-Extrude3', #313 ) ;
#1468 = CARTESIAN_POINT ( 'NONE',  ( -4.999999999999998224, 0.3749999999999996114, 0.1250000000000000000 ) ) ;
#1469 = STYLED_ITEM ( 'NONE', ( #102 ), #1467 ) ;
#1470 = CARTESIAN_POINT ( 'NONE',  ( -6.667893218813445877, 1.521446609406725381, -1.845268099019350849 ) ) ;
#1471 = CARTESIAN_POINT ( 'NONE',  ( -7.625000000000000888, 1.875000000000000000, -1.845268099019350849 ) ) ;
#1472 = CYLINDRICAL_SURFACE ( 'NONE', #760, 0.1250000000000004441 ) ;
#1473 = VERTEX_POINT ( 'NONE', #215 ) ;
#1474 = CARTESIAN_POINT ( 'NONE',  ( -4.966506350946108483, -0.2499999999999996114, 0.1250000000000000000 ) ) ;
#1475 = VERTEX_POINT ( 'NONE', #1691 ) ;
#1476 = CARTESIAN_POINT ( 'NONE',  ( -7.250000000000000888, 1.000000000000000444, 0.1250000000000000000 ) ) ;
#1477 = DIRECTION ( 'NONE',  ( -0.000000000000000000, -0.000000000000000000, -1.000000000000000000 ) ) ;
#1478 = ADVANCED_FACE ( 'NONE', ( #1284 ), #1157, .T. ) ;
#1479 = PLANE ( 'NONE',  #1668 ) ;
#1480 = EDGE_CURVE ( 'NONE', #306, #101, #740, .T. ) ;
#1481 = DIRECTION ( 'NONE',  ( -1.000000000000000000, 0.000000000000000000, 0.000000000000000000 ) ) ;
#1482 = CIRCLE ( 'NONE', #726, 0.2499999999999998057 ) ;
#1483 = ADVANCED_FACE ( 'NONE', ( #1568 ), #614, .T. ) ;
#1484 = DIRECTION ( 'NONE',  ( 0.000000000000000000, 0.000000000000000000, -1.000000000000000000 ) ) ;
#1485 = VECTOR ( 'NONE', #1115, 39.37007874015748143 ) ;
#1486 = VECTOR ( 'NONE', #10, 39.37007874015748143 ) ;
#1487 = FACE_OUTER_BOUND ( 'NONE', #1200, .T. ) ;
#1488 = CARTESIAN_POINT ( 'NONE',  ( -6.783493649053887076, -0.3749999999999996669, 0.2429999999999999660 ) ) ;
#1489 = DIRECTION ( 'NONE',  ( 1.000000000000000000, 0.000000000000000000, 0.000000000000000000 ) ) ;
#1490 = EDGE_CURVE ( 'NONE', #1651, #378, #1660, .T. ) ;
#1491 = CARTESIAN_POINT ( 'NONE',  ( -4.966506350946108483, 0.3749999999999996114, 0.2429999999999999660 ) ) ;
#1492 = ORIENTED_EDGE ( 'NONE', *, *, #1558, .T. ) ;
#1493 = DIRECTION ( 'NONE',  ( 0.000000000000000000, 0.000000000000000000, 1.000000000000000000 ) ) ;
#1494 = ORIENTED_EDGE ( 'NONE', *, *, #732, .F. ) ;
#1495 = DIRECTION ( 'NONE',  ( -0.000000000000000000, -0.000000000000000000, -1.000000000000000000 ) ) ;
#1496 = DIRECTION ( 'NONE',  ( 1.000000000000000000, 0.000000000000000000, 0.000000000000000000 ) ) ;
#1497 = LINE ( 'NONE', #680, #1033 ) ;
#1498 = CARTESIAN_POINT ( 'NONE',  ( -4.499999999999999112, -1.249999999999998890, -0.1180000000000002158 ) ) ;
#1499 = ORIENTED_EDGE ( 'NONE', *, *, #784, .T. ) ;
#1500 = EDGE_CURVE ( 'NONE', #862, #889, #621, .T. ) ;
#1501 = DIRECTION ( 'NONE',  ( 0.000000000000000000, 0.000000000000000000, 1.000000000000000000 ) ) ;
#1502 = CARTESIAN_POINT ( 'NONE',  ( -6.783493649053887076, -0.2499999999999997224, 0.1250000000000000000 ) ) ;
#1503 = CYLINDRICAL_SURFACE ( 'NONE', #598, 0.1250000000000004441 ) ;
#1504 = EDGE_LOOP ( 'NONE', ( #751, #1020, #6, #1535 ) ) ;
#1505 = CIRCLE ( 'NONE', #953, 0.1250000000000004441 ) ;
#1506 = EDGE_LOOP ( 'NONE', ( #1351, #1514, #640, #1650 ) ) ;
#1507 = VECTOR ( 'NONE', #1261, 39.37007874015748143 ) ;
#1508 = CARTESIAN_POINT ( 'NONE',  ( -2.573223304703324832, -2.573223304703352365, 0.1250000000000000000 ) ) ;
#1509 = VECTOR ( 'NONE', #501, 39.37007874015748143 ) ;
#1510 = DIRECTION ( 'NONE',  ( -1.000000000000000000, 0.000000000000000000, -0.000000000000000000 ) ) ;
#1511 = CARTESIAN_POINT ( 'NONE',  ( -6.783493649053887076, 0.3749999999999996669, 0.1250000000000000000 ) ) ;
#1512 = VERTEX_POINT ( 'NONE', #1007 ) ;
#1513 = CARTESIAN_POINT ( 'NONE',  ( -6.706698729810774751, 0.1499999999999996891, 0.2429999999999999660 ) ) ;
#1514 = ORIENTED_EDGE ( 'NONE', *, *, #1011, .F. ) ;
#1515 = DIRECTION ( 'NONE',  ( -1.000000000000000000, -1.986798540846736550E-16, 0.000000000000000000 ) ) ;
#1516 = CARTESIAN_POINT ( 'NONE',  ( -4.749999999999997335, 0.1249999999999996531, 0.2429999999999999660 ) ) ;
#1517 = ORIENTED_EDGE ( 'NONE', *, *, #282, .F. ) ;
#1518 = ADVANCED_FACE ( 'NONE', ( #1557 ), #1536, .F. ) ;
#1519 = DIRECTION ( 'NONE',  ( -0.8660254037844383745, -0.5000000000000003331, 0.000000000000000000 ) ) ;
#1520 = DIRECTION ( 'NONE',  ( 1.000000000000000000, 0.000000000000000000, 0.000000000000000000 ) ) ;
#1521 = CIRCLE ( 'NONE', #331, 0.1249999999999999029 ) ;
#1522 = VECTOR ( 'NONE', #238, 39.37007874015748143 ) ;
#1523 = ORIENTED_EDGE ( 'NONE', *, *, #255, .T. ) ;
#1524 = DIRECTION ( 'NONE',  ( -0.000000000000000000, -0.000000000000000000, -1.000000000000000000 ) ) ;
#1525 = ORIENTED_EDGE ( 'NONE', *, *, #1260, .T. ) ;
#1526 = LINE ( 'NONE', #318, #1337 ) ;
#1527 = ORIENTED_EDGE ( 'NONE', *, *, #779, .T. ) ;
#1528 = LINE ( 'NONE', #1121, #1406 ) ;
#1529 = LINE ( 'NONE', #1278, #809 ) ;
#1530 = ORIENTED_EDGE ( 'NONE', *, *, #40, .F. ) ;
#1531 = DIRECTION ( 'NONE',  ( -0.000000000000000000, -0.000000000000000000, -1.000000000000000000 ) ) ;
#1532 = EDGE_CURVE ( 'NONE', #143, #1264, #765, .T. ) ;
#1533 = ORIENTED_EDGE ( 'NONE', *, *, #633, .F. ) ;
#1534 = CARTESIAN_POINT ( 'NONE',  ( -7.375000000000000888, 1.875000000000000000, 0.1250000000000000000 ) ) ;
#1535 = ORIENTED_EDGE ( 'NONE', *, *, #1296, .F. ) ;
#1536 = PLANE ( 'NONE',  #355 ) ;
#1537 = DIRECTION ( 'NONE',  ( 1.000000000000000000, 9.933992704233682750E-17, 0.000000000000000000 ) ) ;
#1538 = AXIS2_PLACEMENT_3D ( 'NONE', #1382, #198, #722 ) ;
#1539 = ORIENTED_EDGE ( 'NONE', *, *, #299, .F. ) ;
#1540 = DIRECTION ( 'NONE',  ( 1.000000000000000000, 0.000000000000000000, 0.000000000000000000 ) ) ;
#1541 = ORIENTED_EDGE ( 'NONE', *, *, #372, .F. ) ;
#1542 = VERTEX_POINT ( 'NONE', #1545 ) ;
#1543 = CARTESIAN_POINT ( 'NONE',  ( -6.999999999999998224, -0.2500000000000008327, 0.1250000000000000000 ) ) ;
#1544 = ORIENTED_EDGE ( 'NONE', *, *, #1411, .F. ) ;
#1545 = CARTESIAN_POINT ( 'NONE',  ( -5.029006350946107595, -0.3582531754730542972, 0.2429999999999999660 ) ) ;
#1546 = EDGE_CURVE ( 'NONE', #220, #1642, #1171, .T. ) ;
#1547 = CARTESIAN_POINT ( 'NONE',  ( -4.499999999999999112, 1.375000000000000666, -4.280706451336678597 ) ) ;
#1548 = ORIENTED_EDGE ( 'NONE', *, *, #1532, .F. ) ;
#1549 = DIRECTION ( 'NONE',  ( -1.986798540846736550E-16, 1.000000000000000000, 0.000000000000000000 ) ) ;
#1550 = AXIS2_PLACEMENT_3D ( 'NONE', #1379, #194, #92 ) ;
#1551 = EDGE_LOOP ( 'NONE', ( #1032, #840, #60, #1016 ) ) ;
#1552 = ORIENTED_EDGE ( 'NONE', *, *, #105, .T. ) ;
#1553 = EDGE_CURVE ( 'NONE', #1097, #898, #517, .T. ) ;
#1554 = LENGTH_MEASURE_WITH_UNIT ( LENGTH_MEASURE( 0.02539999999999999897 ), #115 );
#1555 = ORIENTED_EDGE ( 'NONE', *, *, #1423, .F. ) ;
#1556 = EDGE_LOOP ( 'NONE', ( #257, #994, #463, #1253 ) ) ;
#1557 = FACE_OUTER_BOUND ( 'NONE', #1074, .T. ) ;
#1558 = EDGE_CURVE ( 'NONE', #889, #1108, #583, .T. ) ;
#1559 = VECTOR ( 'NONE', #1352, 39.37007874015748143 ) ;
#1560 = CARTESIAN_POINT ( 'NONE',  ( -5.043301270189219920, 0.3499999999999997002, 0.2429999999999999660 ) ) ;
#1561 = EDGE_LOOP ( 'NONE', ( #1104, #1412, #391, #1525 ) ) ;
#1562 = AXIS2_PLACEMENT_3D ( 'NONE', #1009, #66, #1139 ) ;
#1563 = FACE_OUTER_BOUND ( 'NONE', #267, .T. ) ;
#1564 = CIRCLE ( 'NONE', #986, 0.4999999999999996114 ) ;
#1565 = ORIENTED_EDGE ( 'NONE', *, *, #561, .T. ) ;
#1566 = DIRECTION ( 'NONE',  ( -0.000000000000000000, -0.000000000000000000, -1.000000000000000000 ) ) ;
#1567 = ORIENTED_EDGE ( 'NONE', *, *, #639, .F. ) ;
#1568 = FACE_OUTER_BOUND ( 'NONE', #205, .T. ) ;
#1569 = FACE_OUTER_BOUND ( 'NONE', #757, .T. ) ;
#1570 = CARTESIAN_POINT ( 'NONE',  ( -4.999999999999998224, 0.3749999999999996114, 0.2429999999999999660 ) ) ;
#1571 = ADVANCED_FACE ( 'NONE', ( #1370 ), #1143, .T. ) ;
#1572 = ORIENTED_EDGE ( 'NONE', *, *, #814, .T. ) ;
#1573 = EDGE_CURVE ( 'NONE', #513, #1137, #472, .T. ) ;
#1574 = EDGE_CURVE ( 'NONE', #1162, #1097, #1300, .T. ) ;
#1575 = CARTESIAN_POINT ( 'NONE',  ( -7.250000000000000888, -1.374999999999999112, 0.1250000000000000000 ) ) ;
#1576 = ORIENTED_EDGE ( 'NONE', *, *, #359, .T. ) ;
#1577 = AXIS2_PLACEMENT_3D ( 'NONE', #1194, #130, #1186 ) ;
#1578 = DIRECTION ( 'NONE',  ( 0.8660254037844433705, 0.4999999999999917843, 0.000000000000000000 ) ) ;
#1579 = ORIENTED_EDGE ( 'NONE', *, *, #1490, .T. ) ;
#1580 = FACE_BOUND ( 'NONE', #229, .T. ) ;
#1581 = DIRECTION ( 'NONE',  ( 1.000000000000000000, 0.000000000000000000, 0.000000000000000000 ) ) ;
#1582 = EDGE_CURVE ( 'NONE', #500, #882, #1281, .T. ) ;
#1583 = DIRECTION ( 'NONE',  ( 0.000000000000000000, 0.000000000000000000, 1.000000000000000000 ) ) ;
#1584 = DIRECTION ( 'NONE',  ( -0.000000000000000000, -0.000000000000000000, 1.000000000000000000 ) ) ;
#1585 = VERTEX_POINT ( 'NONE', #1663 ) ;
#1586 = CARTESIAN_POINT ( 'NONE',  ( -4.499999999999999112, -1.249999999999998890, 0.000000000000000000 ) ) ;
#1587 = CARTESIAN_POINT ( 'NONE',  ( -6.706698729810774751, -0.3499999999999997002, 0.2429999999999999660 ) ) ;
#1588 = VECTOR ( 'NONE', #1240, 39.37007874015748143 ) ;
#1589 = CARTESIAN_POINT ( 'NONE',  ( -4.966506350946108483, -0.2499999999999996114, 0.2429999999999999660 ) ) ;
#1590 = VECTOR ( 'NONE', #559, 39.37007874015748143 ) ;
#1591 = ORIENTED_EDGE ( 'NONE', *, *, #1098, .F. ) ;
#1592 = ORIENTED_EDGE ( 'NONE', *, *, #197, .F. ) ;
#1593 = DIRECTION ( 'NONE',  ( 1.000000000000000000, 0.000000000000000000, 0.000000000000000000 ) ) ;
#1594 = DIRECTION ( 'NONE',  ( 0.000000000000000000, 0.000000000000000000, 1.000000000000000000 ) ) ;
#1595 = DIRECTION ( 'NONE',  ( 0.000000000000000000, 0.000000000000000000, 1.000000000000000000 ) ) ;
#1596 = EDGE_CURVE ( 'NONE', #345, #1198, #1254, .T. ) ;
#1597 = CIRCLE ( 'NONE', #1655, 0.1250000000000004441 ) ;
#1598 = CARTESIAN_POINT ( 'NONE',  ( -5.043301270189219920, 0.3499999999999997002, 0.1250000000000000000 ) ) ;
#1599 = AXIS2_PLACEMENT_3D ( 'NONE', #1187, #244, #1034 ) ;
#1600 = DIRECTION ( 'NONE',  ( 1.000000000000000000, 0.000000000000000000, 0.000000000000000000 ) ) ;
#1601 = ADVANCED_FACE ( 'NONE', ( #349 ), #341, .F. ) ;
#1602 = LINE ( 'NONE', #303, #368 ) ;
#1603 = EDGE_CURVE ( 'NONE', #643, #1446, #770, .T. ) ;
#1604 = CARTESIAN_POINT ( 'NONE',  ( -5.029006350946107595, 0.1417468245269451199, 0.2429999999999999660 ) ) ;
#1605 = VERTEX_POINT ( 'NONE', #1513 ) ;
#1606 = DIRECTION ( 'NONE',  ( 0.000000000000000000, -0.000000000000000000, 1.000000000000000000 ) ) ;
#1607 = ORIENTED_EDGE ( 'NONE', *, *, #1411, .T. ) ;
#1608 = CARTESIAN_POINT ( 'NONE',  ( -6.999999999999997335, 0.1249999999999996947, 0.1250000000000000000 ) ) ;
#1609 = DIRECTION ( 'NONE',  ( 0.000000000000000000, 0.000000000000000000, 1.000000000000000000 ) ) ;
#1610 = CARTESIAN_POINT ( 'NONE',  ( -5.043301270189219920, 0.3499999999999997002, 0.2429999999999999660 ) ) ;
#1611 = LINE ( 'NONE', #30, #1178 ) ;
#1612 = LINE ( 'NONE', #160, #120 ) ;
#1613 = ORIENTED_EDGE ( 'NONE', *, *, #119, .F. ) ;
#1614 = VECTOR ( 'NONE', #692, 39.37007874015748143 ) ;
#1615 = LINE ( 'NONE', #980, #655 ) ;
#1616 = DIRECTION ( 'NONE',  ( 1.000000000000000000, 0.000000000000000000, 0.000000000000000000 ) ) ;
#1617 = AXIS2_PLACEMENT_3D ( 'NONE', #1589, #1696, #796 ) ;
#1618 = CARTESIAN_POINT ( 'NONE',  ( -7.250000000000000888, 1.000000000000000444, 0.000000000000000000 ) ) ;
#1619 = DIRECTION ( 'NONE',  ( 0.000000000000000000, 1.000000000000000000, 0.000000000000000000 ) ) ;
#1620 = VERTEX_POINT ( 'NONE', #61 ) ;
#1621 = EDGE_CURVE ( 'NONE', #515, #539, #1410, .T. ) ;
#1622 = CARTESIAN_POINT ( 'NONE',  ( -7.250000000000000888, 1.250000000000000222, 0.000000000000000000 ) ) ;
#1623 = ORIENTED_EDGE ( 'NONE', *, *, #1366, .T. ) ;
#1624 = CARTESIAN_POINT ( 'NONE',  ( -6.999999999999997335, 0.1249999999999996947, 0.1250000000000000000 ) ) ;
#1625 = CARTESIAN_POINT ( 'NONE',  ( -7.250000000000000888, -0.9999999999999994449, -4.280706451336678597 ) ) ;
#1626 = CIRCLE ( 'NONE', #1241, 0.1250000000000004441 ) ;
#1627 = CYLINDRICAL_SURFACE ( 'NONE', #491, 0.1250000000000004441 ) ;
#1628 = DIRECTION ( 'NONE',  ( 0.000000000000000000, -1.000000000000000000, 0.000000000000000000 ) ) ;
#1629 = ORIENTED_EDGE ( 'NONE', *, *, #1553, .F. ) ;
#1630 = EDGE_CURVE ( 'NONE', #1389, #1684, #357, .T. ) ;
#1631 = CARTESIAN_POINT ( 'NONE',  ( -5.043301270189219920, -0.1499999999999997724, 0.1250000000000000000 ) ) ;
#1632 = ORIENTED_EDGE ( 'NONE', *, *, #1603, .F. ) ;
#1633 = ADVANCED_FACE ( 'NONE', ( #1004 ), #736, .F. ) ;
#1634 = ORIENTED_EDGE ( 'NONE', *, *, #657, .F. ) ;
#1635 = DIRECTION ( 'NONE',  ( -0.4999999999999919509, -0.8660254037844433705, 0.000000000000000000 ) ) ;
#1636 = FACE_OUTER_BOUND ( 'NONE', #1169, .T. ) ;
#1637 = EDGE_LOOP ( 'NONE', ( #1533, #1106, #702, #1293 ) ) ;
#1638 = DIRECTION ( 'NONE',  ( 1.000000000000000000, 0.000000000000000000, 0.000000000000000000 ) ) ;
#1639 = EDGE_CURVE ( 'NONE', #378, #64, #1272, .T. ) ;
#1640 = ORIENTED_EDGE ( 'NONE', *, *, #1269, .F. ) ;
#1641 = LINE ( 'NONE', #1624, #370 ) ;
#1642 = VERTEX_POINT ( 'NONE', #498 ) ;
#1643 = CARTESIAN_POINT ( 'NONE',  ( -4.749999999999997335, 0.3749999999999996669, 0.2429999999999999660 ) ) ;
#1644 = CIRCLE ( 'NONE', #1364, 0.1249999999999999029 ) ;
#1645 = DIRECTION ( 'NONE',  ( -0.000000000000000000, 0.000000000000000000, 1.000000000000000000 ) ) ;
#1646 = CARTESIAN_POINT ( 'NONE',  ( -4.749999999999997335, -0.1249999999999996253, 0.1250000000000000000 ) ) ;
#1647 = ORIENTED_EDGE ( 'NONE', *, *, #1582, .T. ) ;
#1648 = CARTESIAN_POINT ( 'NONE',  ( -4.749999999999997335, 0.2499999999999996669, 0.2429999999999999660 ) ) ;
#1649 = ORIENTED_EDGE ( 'NONE', *, *, #561, .F. ) ;
#1650 = ORIENTED_EDGE ( 'NONE', *, *, #1130, .T. ) ;
#1651 = VERTEX_POINT ( 'NONE', #481 ) ;
#1652 = DIRECTION ( 'NONE',  ( 1.000000000000000000, 0.000000000000000000, 0.000000000000000000 ) ) ;
#1653 = CARTESIAN_POINT ( 'NONE',  ( -5.043301270189219920, 0.1499999999999996891, 0.2429999999999999660 ) ) ;
#1654 = ADVANCED_FACE ( 'NONE', ( #85 ), #221, .F. ) ;
#1655 = AXIS2_PLACEMENT_3D ( 'NONE', #477, #1239, #991 ) ;
#1656 = DIRECTION ( 'NONE',  ( 0.000000000000000000, 0.000000000000000000, 1.000000000000000000 ) ) ;
#1657 = VERTEX_POINT ( 'NONE', #1021 ) ;
#1658 = DIRECTION ( 'NONE',  ( 0.000000000000000000, 0.000000000000000000, 1.000000000000000000 ) ) ;
#1659 = VERTEX_POINT ( 'NONE', #184 ) ;
#1660 = LINE ( 'NONE', #903, #1522 ) ;
#1661 = LINE ( 'NONE', #1385, #314 ) ;
#1662 = ORIENTED_EDGE ( 'NONE', *, *, #372, .T. ) ;
#1663 = CARTESIAN_POINT ( 'NONE',  ( -4.966506350946108483, 0.1249999999999997363, 0.2429999999999999660 ) ) ;
#1664 = ORIENTED_EDGE ( 'NONE', *, *, #963, .F. ) ;
#1665 = CARTESIAN_POINT ( 'NONE',  ( -7.625000000000000888, -0.9999999999999994449, -0.1180000000000002158 ) ) ;
#1666 = ORIENTED_EDGE ( 'NONE', *, *, #105, .F. ) ;
#1667 = LINE ( 'NONE', #110, #133 ) ;
#1668 = AXIS2_PLACEMENT_3D ( 'NONE', #1618, #442, #607 ) ;
#1669 = CARTESIAN_POINT ( 'NONE',  ( -6.706698729810774751, 0.3499999999999997002, 0.1250000000000000000 ) ) ;
#1670 = VECTOR ( 'NONE', #277, 39.37007874015748143 ) ;
#1671 = VERTEX_POINT ( 'NONE', #709 ) ;
#1672 = DIRECTION ( 'NONE',  ( 0.000000000000000000, 0.000000000000000000, 1.000000000000000000 ) ) ;
#1673 = ORIENTED_EDGE ( 'NONE', *, *, #81, .T. ) ;
#1674 = ADVANCED_FACE ( 'NONE', ( #461 ), #1125, .T. ) ;
#1675 = ADVANCED_FACE ( 'NONE', ( #203 ), #727, .F. ) ;
#1676 = ORIENTED_EDGE ( 'NONE', *, *, #874, .F. ) ;
#1677 = ORIENTED_EDGE ( 'NONE', *, *, #972, .T. ) ;
#1678 = DIRECTION ( 'NONE',  ( -0.8660254037844383745, 0.5000000000000003331, -0.000000000000000000 ) ) ;
#1679 = CARTESIAN_POINT ( 'NONE',  ( -7.500000000000000000, -0.9999999999999994449, 0.000000000000000000 ) ) ;
#1680 = ORIENTED_EDGE ( 'NONE', *, *, #17, .F. ) ;
#1681 = ADVANCED_FACE ( 'NONE', ( #1058 ), #512, .F. ) ;
#1682 = VERTEX_POINT ( 'NONE', #659 ) ;
#1683 = AXIS2_PLACEMENT_3D ( 'NONE', #617, #599, #744 ) ;
#1684 = VERTEX_POINT ( 'NONE', #1287 ) ;
#1685 = CARTESIAN_POINT ( 'NONE',  ( -7.198223304703364356, 2.051776695296637865, -1.845268099019350849 ) ) ;
#1686 = ORIENTED_EDGE ( 'NONE', *, *, #252, .T. ) ;
#1687 = EDGE_LOOP ( 'NONE', ( #844, #1023, #1274, #1461 ) ) ;
#1688 = EDGE_CURVE ( 'NONE', #1134, #1585, #1072, .T. ) ;
#1689 = CARTESIAN_POINT ( 'NONE',  ( -6.749999999999997335, 0.1249999999999996947, 0.1250000000000000000 ) ) ;
#1690 = ORIENTED_EDGE ( 'NONE', *, *, #273, .T. ) ;
#1691 = CARTESIAN_POINT ( 'NONE',  ( -5.029006350946107595, 0.3582531754730542972, 0.1250000000000000000 ) ) ;
#1692 = AXIS2_PLACEMENT_3D ( 'NONE', #144, #392, #1309 ) ;
#1693 = CIRCLE ( 'NONE', #1083, 0.1249999999999999029 ) ;
#1694 = VECTOR ( 'NONE', #139, 39.37007874015748143 ) ;
#1695 = LINE ( 'NONE', #811, #207 ) ;
#1696 = DIRECTION ( 'NONE',  ( 0.000000000000000000, 0.000000000000000000, -1.000000000000000000 ) ) ;
#1697 = ORIENTED_EDGE ( 'NONE', *, *, #1574, .F. ) ;
#1698 = EDGE_CURVE ( 'NONE', #997, #143, #191, .T. ) ;
#1699 = ORIENTED_EDGE ( 'NONE', *, *, #278, .F. ) ;
#1700 = ORIENTED_EDGE ( 'NONE', *, *, #1142, .T. ) ;
#1701 = ADVANCED_FACE ( 'NONE', ( #1563 ), #234, .T. ) ;
#1702 = LINE ( 'NONE', #895, #1509 ) ;
#1703 = ADVANCED_FACE ( 'NONE', ( #890 ), #926, .T. ) ;
ENDSEC;
END-ISO-10303-21;
