ISO-10303-21;
HEADER;
FILE_DESCRIPTION (( 'STEP AP203' ),
    '1' );
FILE_NAME ('5972K501_Steel Ball Bearing.STEP',
    '2026-01-18T22:37:56',
    ( 'McMaster Carr Supply' ),
    ( 'McMaster Carr Supply' ),
    'SwSTEP 2.0',
    'SolidWorks 2024',
    '' );
FILE_SCHEMA (( 'CONFIG_CONTROL_DESIGN' ));
ENDSEC;

DATA;
#1 = CARTESIAN_POINT ( 'NONE',  ( -8.719441388652352742, 2.041441440451011058, -3.351032822740167560 ) ) ;
#2 = CARTESIAN_POINT ( 'NONE',  ( 3.903629810165120784, -7.990732581557483449, 3.457544059217933619 ) ) ;
#3 = ORIENTED_EDGE ( 'NONE', *, *, #830, .F. ) ;
#4 = DIRECTION ( 'NONE',  ( 0.000000000000000000, 0.000000000000000000, -1.000000000000000000 ) ) ;
#5 = DIRECTION ( 'NONE',  ( 0.9749279121818257288, 0.2225209339563050948, 0.000000000000000000 ) ) ;
#6 = ORIENTED_EDGE ( 'NONE', *, *, #2134, .T. ) ;
#7 = CARTESIAN_POINT ( 'NONE',  ( 0.000000000000000000, 0.000000000000000000, -3.452421434499180375 ) ) ;
#8 = EDGE_LOOP ( 'NONE', ( #3921, #6279 ) ) ;
#9 = CARTESIAN_POINT ( 'NONE',  ( 3.796590850085432400, -7.998940377781406319, -3.467739038050325018 ) ) ;
#10 = DIRECTION ( 'NONE',  ( 0.9749279121818226201, -0.2225209339563182509, 0.000000000000000000 ) ) ;
#11 = VERTEX_POINT ( 'NONE', #5947 ) ;
#12 = CYLINDRICAL_SURFACE ( 'NONE', #1446, 9.046037105128458933 ) ;
#13 = DIRECTION ( 'NONE',  ( -0.000000000000000000, -0.000000000000000000, -1.000000000000000000 ) ) ;
#14 = CARTESIAN_POINT ( 'NONE',  ( 3.771531933161342831, 7.716428513517212373, -3.094141646974374105 ) ) ;
#15 = EDGE_CURVE ( 'NONE', #7632, #9750, #2280, .T. ) ;
#16 = ORIENTED_EDGE ( 'NONE', *, *, #8559, .T. ) ;
#17 = EDGE_CURVE ( 'NONE', #2618, #7682, #2834, .T. ) ;
#18 = ORIENTED_EDGE ( 'NONE', *, *, #4014, .F. ) ;
#19 = CARTESIAN_POINT ( 'NONE',  ( 3.905117942076983706, 7.993822719313241620, -3.452421434499180375 ) ) ;
#20 = CARTESIAN_POINT ( 'NONE',  ( -7.068044516080838946, -5.572625012626080121, -3.272391413630716173 ) ) ;
#21 = CARTESIAN_POINT ( 'NONE',  ( 0.000000000000000000, 0.000000000000000000, 3.500000000000000000 ) ) ;
#22 = ORIENTED_EDGE ( 'NONE', *, *, #834, .T. ) ;
#23 = DIRECTION ( 'NONE',  ( 1.000000000000000000, 0.000000000000000000, 0.000000000000000000 ) ) ;
#24 = CARTESIAN_POINT ( 'NONE',  ( 8.665797712491974281, 1.926625935097726172, 3.468147503381453944 ) ) ;
#25 = DIRECTION ( 'NONE',  ( -1.000000000000000000, 0.000000000000000000, 0.000000000000000000 ) ) ;
#26 = EDGE_CURVE ( 'NONE', #1745, #3599, #9006, .T. ) ;
#27 = LOCAL_TIME ( 16, 37, 56.00000000000000000, #2084 ) ;
#28 = CARTESIAN_POINT ( 'NONE',  ( 0.000000000000000000, 0.000000000000000000, 3.325000000000000622 ) ) ;
#29 = CARTESIAN_POINT ( 'NONE',  ( -3.771531933161234029, 7.716428513517264776, 3.500000000000000000 ) ) ;
#30 = EDGE_CURVE ( 'NONE', #7051, #2301, #5750, .T. ) ;
#31 = ORIENTED_EDGE ( 'NONE', *, *, #9348, .T. ) ;
#32 = CARTESIAN_POINT ( 'NONE',  ( -6.951002515856730568, 5.479287132066026800, 3.466570807216844852 ) ) ;
#33 = AXIS2_PLACEMENT_3D ( 'NONE', #5540, #1187, #5745 ) ;
#34 = DIRECTION ( 'NONE',  ( 0.4338837391175652258, 0.9009688679024158153, 0.000000000000000000 ) ) ;
#35 = DIRECTION ( 'NONE',  ( -0.000000000000000000, -0.000000000000000000, 1.000000000000000000 ) ) ;
#36 = EDGE_CURVE ( 'NONE', #6698, #8391, #2711, .T. ) ;
#37 = CARTESIAN_POINT ( 'NONE',  ( -8.673253241877441511, 1.928327611028206823, -3.464797546056691768 ) ) ;
#38 = EDGE_CURVE ( 'NONE', #2221, #6825, #3989, .T. ) ;
#39 = CARTESIAN_POINT ( 'NONE',  ( 8.830225396548327055, -1.964155480992738623, 3.500000000000000000 ) ) ;
#40 = VECTOR ( 'NONE', #6625, 1000.000000000000000 ) ;
#41 = DIRECTION ( 'NONE',  ( -0.000000000000000000, -0.000000000000000000, 1.000000000000000000 ) ) ;
#42 = EDGE_LOOP ( 'NONE', ( #2606, #315 ) ) ;
#43 = VERTEX_POINT ( 'NONE', #5892 ) ;
#44 = CARTESIAN_POINT ( 'NONE',  ( -3.820719386415808216, 8.049043799739548533, 3.429674227117769814 ) ) ;
#45 = DIRECTION ( 'NONE',  ( 0.7071067811865412445, 8.659560562354855205E-17, -0.7071067811865536790 ) ) ;
#46 = CARTESIAN_POINT ( 'NONE',  ( 6.708008130675876757, -5.413410377005360097, 3.143904910697431276 ) ) ;
#47 = CARTESIAN_POINT ( 'NONE',  ( -8.556329883642971978, 1.901640617507405429, 3.351299362948740868 ) ) ;
#48 = CARTESIAN_POINT ( 'NONE',  ( 8.763707349719831896, -2.051544857202210803, 3.272391413630715729 ) ) ;
#49 = CARTESIAN_POINT ( 'NONE',  ( 3.893398084003569348, 7.969486183259007817, -3.469985047562924141 ) ) ;
#50 = VERTEX_POINT ( 'NONE', #1441 ) ;
#51 = CARTESIAN_POINT ( 'NONE',  ( 0.000000000000000000, 0.000000000000000000, 3.500000000000000444 ) ) ;
#52 = ORIENTED_EDGE ( 'NONE', *, *, #9410, .F. ) ;
#53 = APPROVAL_STATUS ( 'not_yet_approved' ) ;
#54 = CARTESIAN_POINT ( 'NONE',  ( 3.789946096564124733, -7.985142404919461256, -3.456597352396201472 ) ) ;
#55 = CARTESIAN_POINT ( 'NONE',  ( -8.654208609147937992, -2.026552484212613248, 3.462472406546387660 ) ) ;
#56 = ORIENTED_EDGE ( 'NONE', *, *, #7935, .F. ) ;
#57 = DIRECTION ( 'NONE',  ( -1.000000000000000000, 0.000000000000000000, 0.000000000000000000 ) ) ;
#58 = CARTESIAN_POINT ( 'NONE',  ( -6.888653535670973937, -5.557470280312683641, -3.466570807216844852 ) ) ;
#59 = CARTESIAN_POINT ( 'NONE',  ( -8.647352942452551261, 1.922416036699723607, 3.469014143938407457 ) ) ;
#60 = ORIENTED_EDGE ( 'NONE', *, *, #454, .T. ) ;
#61 = ORIENTED_EDGE ( 'NONE', *, *, #9663, .F. ) ;
#62 = CARTESIAN_POINT ( 'NONE',  ( -3.726420399248647097, 7.853229935211831325, -3.247602129575368757 ) ) ;
#63 = DIRECTION ( 'NONE',  ( -0.9749279121818227312, 0.2225209339563181676, 0.000000000000000000 ) ) ;
#64 = DIRECTION ( 'NONE',  ( 0.000000000000000000, 0.000000000000000000, -1.000000000000000000 ) ) ;
#65 = ADVANCED_FACE ( 'NONE', ( #1340 ), #9657, .T. ) ;
#66 = VERTEX_POINT ( 'NONE', #9702 ) ;
#67 = CARTESIAN_POINT ( 'NONE',  ( 6.972136250112556333, -5.496140722742674178, 3.468181098941469642 ) ) ;
#68 = CARTESIAN_POINT ( 'NONE',  ( -6.947969869725853620, -5.476868677478516467, -3.464362763198132189 ) ) ;
#69 = CARTESIAN_POINT ( 'NONE',  ( -8.659349970517940420, 2.027725966394980706, 3.457279025203407574 ) ) ;
#70 = DIRECTION ( 'NONE',  ( 1.000000000000000000, 0.000000000000000000, 0.000000000000000000 ) ) ;
#71 = EDGE_CURVE ( 'NONE', #8835, #7727, #6823, .T. ) ;
#72 = CARTESIAN_POINT ( 'NONE',  ( -6.746065712156426919, -5.315855484712181500, -3.094141646974374105 ) ) ;
#73 = EDGE_LOOP ( 'NONE', ( #9261, #3338, #8145, #7558, #9559, #2825 ) ) ;
#74 = CARTESIAN_POINT ( 'NONE',  ( -6.754162845389966918, 5.322312732992394935, 3.114323832567763795 ) ) ;
#75 = DIRECTION ( 'NONE',  ( 0.2225209339563114230, -0.9749279121818243965, 0.000000000000000000 ) ) ;
#76 = EDGE_CURVE ( 'NONE', #3635, #198, #8487, .T. ) ;
#77 = CARTESIAN_POINT ( 'NONE',  ( 3.785012642412624029, -7.744421494718608301, 3.143904910697430832 ) ) ;
#78 = B_SPLINE_CURVE_WITH_KNOTS ( 'NONE', 3,
 ( #8597, #3396, #4745, #4092, #8705, #8654, #1081 ),
 .UNSPECIFIED., .F., .F.,
 ( 4, 3, 4 ),
 ( 0.0008460917731560555497, 0.0009002598162382145384, 0.001280034707405372551 ),
 .UNSPECIFIED. ) ;
#79 = LINE ( 'NONE', #7011, #9907 ) ;
#80 = DIRECTION ( 'NONE',  ( -0.9749279121818226201, 0.2225209339563182509, 0.000000000000000000 ) ) ;
#81 = EDGE_CURVE ( 'NONE', #1773, #3789, #9056, .T. ) ;
#82 = CARTESIAN_POINT ( 'NONE',  ( 0.05000000000000002359, -8.847484827480393221, 3.464471549642479165 ) ) ;
#83 = ORIENTED_EDGE ( 'NONE', *, *, #5003, .T. ) ;
#84 = ORIENTED_EDGE ( 'NONE', *, *, #5191, .T. ) ;
#85 = CARTESIAN_POINT ( 'NONE',  ( 0.000000000000000000, 0.000000000000000000, -3.094141646974374105 ) ) ;
#86 = EDGE_CURVE ( 'NONE', #1788, #5231, #9108, .T. ) ;
#87 = CARTESIAN_POINT ( 'NONE',  ( 3.908916829529494485, -8.001711190391697315, 3.437256629622304160 ) ) ;
#88 = LINE ( 'NONE', #8342, #3649 ) ;
#89 = LINE ( 'NONE', #6232, #1721 ) ;
#90 = CARTESIAN_POINT ( 'NONE',  ( 8.675175419594708615, -2.031338021875986222, 3.429674227117769814 ) ) ;
#91 = CARTESIAN_POINT ( 'NONE',  ( 0.05000000000000004441, 8.588668239434865015, 3.099533293948748103 ) ) ;
#92 = EDGE_CURVE ( 'NONE', #6513, #2029, #2427, .T. ) ;
#93 = ORIENTED_EDGE ( 'NONE', *, *, #5973, .T. ) ;
#94 = AXIS2_PLACEMENT_3D ( 'NONE', #2468, #8540, #4782 ) ;
#95 = CARTESIAN_POINT ( 'NONE',  ( -6.683716731970441138, 5.394038632959125223, 3.099533293948748103 ) ) ;
#96 = EDGE_LOOP ( 'NONE', ( #9858, #9443, #2724, #7788, #3080 ) ) ;
#97 = CALENDAR_DATE ( 2026, 18, 1 ) ;
#98 = EDGE_CURVE ( 'NONE', #7554, #1590, #4071, .T. ) ;
#99 = CARTESIAN_POINT ( 'NONE',  ( -8.650639518000600603, 2.025737862448911741, -3.465025888964337497 ) ) ;
#100 = DIRECTION ( 'NONE',  ( -1.000000000000000000, 8.881784197001252323E-16, 0.000000000000000000 ) ) ;
#101 = VERTEX_POINT ( 'NONE', #7601 ) ;
#102 = CARTESIAN_POINT ( 'NONE',  ( 0.000000000000000000, 0.000000000000000000, 3.454996609771464389 ) ) ;
#103 = VECTOR ( 'NONE', #1789, 1000.000000000000000 ) ;
#104 = CONICAL_SURFACE ( 'NONE', #6688, 9.046037105128458933, 0.5235987755983011471 ) ;
#105 = B_SPLINE_CURVE_WITH_KNOTS ( 'NONE', 3,
 ( #2588, #3394, #9406, #4895, #7947, #7901, #1079 ),
 .UNSPECIFIED., .F., .F.,
 ( 4, 3, 4 ),
 ( 0.0005204849250710211813, 0.0009002598162381898186, 0.0009544278593203504336 ),
 .UNSPECIFIED. ) ;
#106 = CARTESIAN_POINT ( 'NONE',  ( 8.620959090592670293, -2.018963498575881754, -3.467739038050325018 ) ) ;
#107 = ADVANCED_FACE ( 'NONE', ( #3232 ), #1493, .T. ) ;
#108 = AXIS2_PLACEMENT_3D ( 'NONE', #4967, #8715, #9375 ) ;
#109 = ORIENTED_EDGE ( 'NONE', *, *, #1939, .T. ) ;
#110 = AXIS2_PLACEMENT_3D ( 'NONE', #6188, #3132, #2986 ) ;
#111 = VECTOR ( 'NONE', #34, 999.9999999999998863 ) ;
#112 = VECTOR ( 'NONE', #5511, 1000.000000000000000 ) ;
#113 = VERTEX_POINT ( 'NONE', #722 ) ;
#114 = CARTESIAN_POINT ( 'NONE',  ( -3.776025503095843394, 7.725759507633474854, -3.114323832567764683 ) ) ;
#115 = VECTOR ( 'NONE', #5030, 1000.000000000000000 ) ;
#116 = CARTESIAN_POINT ( 'NONE',  ( 8.632218501404349098, -2.021533385619125323, 3.469915996672630953 ) ) ;
#117 = CARTESIAN_POINT ( 'NONE',  ( 0.000000000000000000, 0.000000000000000000, -3.500000000000000444 ) ) ;
#118 = VERTEX_POINT ( 'NONE', #4692 ) ;
#119 = CARTESIAN_POINT ( 'NONE',  ( 8.741693482047999453, -1.943948649232770887, -3.351032822740168449 ) ) ;
#120 = DIRECTION ( 'NONE',  ( 0.000000000000000000, 0.000000000000000000, -1.000000000000000000 ) ) ;
#121 = CARTESIAN_POINT ( 'NONE',  ( -6.979796104693843262, -5.502249252933806289, -3.462633071500297088 ) ) ;
#122 = CARTESIAN_POINT ( 'NONE',  ( -8.632218501404334887, 2.021533385619181722, 3.469915996672630953 ) ) ;
#123 = CIRCLE ( 'NONE', #1428, 8.896693082788692308 ) ;
#124 = CARTESIAN_POINT ( 'NONE',  ( 6.923938465194141578, -5.585609072636152916, -3.453478796700601539 ) ) ;
#125 = AXIS2_PLACEMENT_3D ( 'NONE', #5174, #4416, #5271 ) ;
#126 = AXIS2_PLACEMENT_3D ( 'NONE', #9509, #928, #4897 ) ;
#127 = CARTESIAN_POINT ( 'NONE',  ( 3.879692025218445472, -7.941025258929164998, -3.455541280135825843 ) ) ;
#128 = ORIENTED_EDGE ( 'NONE', *, *, #3891, .F. ) ;
#129 = FACE_OUTER_BOUND ( 'NONE', #2228, .T. ) ;
#130 = AXIS2_PLACEMENT_3D ( 'NONE', #2769, #6520, #5714 ) ;
#131 = CLOSED_SHELL ( 'NONE', ( #2795, #1585, #5381, #5876, #8001, #8268, #8698, #8983, #1522, #3456, #7699, #5384, #8208, #5997, #8549, #5335, #3774, #6529, #6613, #3039, #9353, #2750, #2798, #8881, #645, #6309, #577, #660, #8814, #1262, #7086, #388, #4326, #3380, #7396, #2435, #531, #5802, #8431, #9908, #5318, #1024, #3917, #209, #6847, #3073, #6921, #4448, #1830, #8598, #5929, #2619, #758, #4571, #7877, #8073, #7220, #6194, #600, #1255, #1270, #4450, #5139, #5420, #4347, #7457, #5628, #6276, #5734, #1635, #8602, #705, #5368, #852, #3213, #1682, #7274, #9583, #8731, #250, #8662, #8992, #2475, #107, #7461, #1197, #6595, #6246, #4086, #7075, #9101, #701, #8200, #8025 ) ) ;
#132 = CARTESIAN_POINT ( 'NONE',  ( -6.746065712156426919, -5.315855484712181500, -3.500000000000000000 ) ) ;
#133 = CARTESIAN_POINT ( 'NONE',  ( 3.879820004569354719, -8.171767497885896958, -3.500000000000000000 ) ) ;
#134 = CARTESIAN_POINT ( 'NONE',  ( -8.627879084050903202, 1.917971255598349689, -3.456075294419946431 ) ) ;
#135 = CARTESIAN_POINT ( 'NONE',  ( -8.830225396548355477, -1.964155480992619385, -3.193750000000000089 ) ) ;
#136 = ADVANCED_FACE ( 'NONE', ( #3790 ), #7834, .T. ) ;
#137 = CARTESIAN_POINT ( 'NONE',  ( -3.771531933161395678, -7.716428513517186616, -3.099533293948748103 ) ) ;
#138 = AXIS2_PLACEMENT_3D ( 'NONE', #2835, #5895, #9008 ) ;
#139 = VERTEX_POINT ( 'NONE', #6898 ) ;
#140 = ORIENTED_EDGE ( 'NONE', *, *, #4635, .F. ) ;
#141 = CARTESIAN_POINT ( 'NONE',  ( 0.000000000000000000, 0.000000000000000000, -3.193750000000000533 ) ) ;
#142 = ADVANCED_FACE ( 'NONE', ( #6147 ), #12, .T. ) ;
#143 = CARTESIAN_POINT ( 'NONE',  ( 8.627879084050915637, -1.917971255598293290, -3.456075294419946431 ) ) ;
#144 = EDGE_CURVE ( 'NONE', #2029, #8582, #4166, .T. ) ;
#145 = CARTESIAN_POINT ( 'NONE',  ( 3.879526546993929070, -7.940681639855288410, 3.454996609771464833 ) ) ;
#146 = CIRCLE ( 'NONE', #5927, 8.896693082788692308 ) ;
#147 = CARTESIAN_POINT ( 'NONE',  ( 6.915312180062955782, 5.578729839799044576, 3.464797546056691768 ) ) ;
#148 = DIRECTION ( 'NONE',  ( -0.000000000000000000, -0.000000000000000000, 1.000000000000000000 ) ) ;
#149 = CIRCLE ( 'NONE', #1930, 8.588813778810038713 ) ;
#150 = B_SPLINE_CURVE_WITH_KNOTS ( 'NONE', 3,
 ( #610, #9691, #557, #2824, #4426, #7484, #5934 ),
 .UNSPECIFIED., .F., .F.,
 ( 4, 3, 4 ),
 ( 0.0005204849250710215066, 0.0009002598162381902523, 0.0009544278593203504336 ),
 .UNSPECIFIED. ) ;
#151 = EDGE_CURVE ( 'NONE', #7418, #6698, #6943, .T. ) ;
#152 = ORIENTED_EDGE ( 'NONE', *, *, #6400, .T. ) ;
#153 = DIRECTION ( 'NONE',  ( -0.000000000000000000, -0.000000000000000000, 1.000000000000000000 ) ) ;
#154 = ORIENTED_EDGE ( 'NONE', *, *, #1087, .T. ) ;
#155 = AXIS2_PLACEMENT_3D ( 'NONE', #8058, #7950, #7300 ) ;
#156 = CARTESIAN_POINT ( 'NONE',  ( -0.05000000000000001665, -8.955090244376902930, 3.351032822740167560 ) ) ;
#157 = CARTESIAN_POINT ( 'NONE',  ( -8.647556428850514010, -2.025034167469259128, 3.466489319800472924 ) ) ;
#158 = EDGE_LOOP ( 'NONE', ( #933, #2908 ) ) ;
#159 = DIRECTION ( 'NONE',  ( 0.000000000000000000, 0.000000000000000000, 1.000000000000000000 ) ) ;
#160 = CARTESIAN_POINT ( 'NONE',  ( 8.656687201036431745, -2.027118206636961073, -3.460240287494900091 ) ) ;
#161 = EDGE_CURVE ( 'NONE', #2904, #5792, #3050, .T. ) ;
#162 = ORIENTED_EDGE ( 'NONE', *, *, #8914, .F. ) ;
#163 = CARTESIAN_POINT ( 'NONE',  ( 8.588813778810038713, 0.000000000000000000, 3.500000000000000000 ) ) ;
#164 = CARTESIAN_POINT ( 'NONE',  ( 0.05000000000000002359, -8.870055045600164334, -3.469713030103804385 ) ) ;
#165 = ORIENTED_EDGE ( 'NONE', *, *, #2629, .F. ) ;
#166 = CARTESIAN_POINT ( 'NONE',  ( -8.384458441792366656, 1.862412082470977337, -3.099533293948748103 ) ) ;
#167 = ORIENTED_EDGE ( 'NONE', *, *, #2177, .T. ) ;
#168 = CARTESIAN_POINT ( 'NONE',  ( 0.000000000000000000, 0.000000000000000000, -7.960204194457796463E-16 ) ) ;
#169 = DIRECTION ( 'NONE',  ( 1.000000000000000000, 0.000000000000000000, 0.000000000000000000 ) ) ;
#170 = CARTESIAN_POINT ( 'NONE',  ( -11.00000000000000000, 0.000000000000000000, 2.975000000000000089 ) ) ;
#171 = LINE ( 'NONE', #7253, #783 ) ;
#172 = DIRECTION ( 'NONE',  ( 1.000000000000000000, 0.000000000000000000, 0.000000000000000000 ) ) ;
#173 = CARTESIAN_POINT ( 'NONE',  ( -0.05000000000000001665, -8.896552580035715252, 3.452421434499180375 ) ) ;
#174 = ORIENTED_EDGE ( 'NONE', *, *, #3955, .T. ) ;
#175 = CARTESIAN_POINT ( 'NONE',  ( -6.762259978290567908, 5.328769981006868939, 3.129114371485063106 ) ) ;
#176 = MANIFOLD_SOLID_BREP ( 'CirPattern1[2]', #2394 ) ;
#177 = FACE_OUTER_BOUND ( 'NONE', #7140, .T. ) ;
#178 = ORIENTED_EDGE ( 'NONE', *, *, #9438, .T. ) ;
#179 = AXIS2_PLACEMENT_3D ( 'NONE', #4412, #3457, #7314 ) ;
#180 = DIRECTION ( 'NONE',  ( 0.000000000000000000, 0.000000000000000000, -1.000000000000000000 ) ) ;
#181 = DIRECTION ( 'NONE',  ( -1.000000000000000000, 0.000000000000000000, 0.000000000000000000 ) ) ;
#182 = DIRECTION ( 'NONE',  ( 0.9009688679025744662, -0.4338837391172356561, 0.000000000000000000 ) ) ;
#183 = AXIS2_PLACEMENT_3D ( 'NONE', #8442, #2275, #818 ) ;
#184 = DIRECTION ( 'NONE',  ( -0.000000000000000000, -0.000000000000000000, 1.000000000000000000 ) ) ;
#185 = ORIENTED_EDGE ( 'NONE', *, *, #5317, .T. ) ;
#186 = VERTEX_POINT ( 'NONE', #7784 ) ;
#187 = CARTESIAN_POINT ( 'NONE',  ( -0.05000000000000000971, 9.045898922017695298, 3.500000000000000000 ) ) ;
#188 = B_SPLINE_CURVE_WITH_KNOTS ( 'NONE', 3,
 ( #4306, #4509, #2149, #7371, #2194, #4456, #5959 ),
 .UNSPECIFIED., .F., .F.,
 ( 4, 3, 4 ),
 ( 0.0008460917731560547907, 0.0009002598162382145384, 0.001280034707405371900 ),
 .UNSPECIFIED. ) ;
#189 = CARTESIAN_POINT ( 'NONE',  ( 8.643632771701668105, -1.921566932002158223, -3.468127985775450117 ) ) ;
#190 = CARTESIAN_POINT ( 'NONE',  ( 0.000000000000000000, 0.000000000000000000, 3.094141646974374105 ) ) ;
#191 = CARTESIAN_POINT ( 'NONE',  ( 6.883481840562354570, 5.553345991088222355, 3.462372291138045899 ) ) ;
#192 = CARTESIAN_POINT ( 'NONE',  ( 3.904699512512413317, 7.992953841369454082, -3.453994494324953202 ) ) ;
#193 = EDGE_CURVE ( 'NONE', #4858, #2017, #5133, .T. ) ;
#194 = CIRCLE ( 'NONE', #9500, 8.588813778810038713 ) ;
#195 = EDGE_CURVE ( 'NONE', #5165, #9711, #2239, .T. ) ;
#196 = EDGE_LOOP ( 'NONE', ( #6936, #4653, #3785, #896 ) ) ;
#197 = DIRECTION ( 'NONE',  ( 1.000000000000000000, 0.000000000000000000, 0.000000000000000000 ) ) ;
#198 = VERTEX_POINT ( 'NONE', #4034 ) ;
#199 = AXIS2_PLACEMENT_3D ( 'NONE', #8718, #5962, #9678 ) ;
#200 = DIRECTION ( 'NONE',  ( -0.000000000000000000, -0.000000000000000000, 1.000000000000000000 ) ) ;
#201 = CARTESIAN_POINT ( 'NONE',  ( 0.000000000000000000, 0.000000000000000000, -3.193750000000000533 ) ) ;
#202 = ORIENTED_EDGE ( 'NONE', *, *, #3862, .T. ) ;
#203 = CARTESIAN_POINT ( 'NONE',  ( 8.556329883642984413, -1.901640617507349473, 3.351299362948742200 ) ) ;
#204 = CARTESIAN_POINT ( 'NONE',  ( 8.613976714791579781, -2.017369816863542553, -3.464362763198132633 ) ) ;
#205 = EDGE_CURVE ( 'NONE', #7554, #5010, #5291, .T. ) ;
#206 = ORIENTED_EDGE ( 'NONE', *, *, #1481, .F. ) ;
#207 = CARTESIAN_POINT ( 'NONE',  ( -8.684623479167832727, 1.930922793492005907, 3.452421434499180375 ) ) ;
#208 = DIRECTION ( 'NONE',  ( -0.000000000000000000, -0.000000000000000000, 1.000000000000000000 ) ) ;
#209 = ADVANCED_FACE ( 'NONE', ( #4990 ), #8806, .T. ) ;
#210 = ORIENTED_EDGE ( 'NONE', *, *, #9543, .T. ) ;
#211 = CARTESIAN_POINT ( 'NONE',  ( 0.000000000000000000, 0.000000000000000000, 3.099533293948747659 ) ) ;
#212 = VERTEX_POINT ( 'NONE', #4234 ) ;
#213 = CARTESIAN_POINT ( 'NONE',  ( 8.659027583718755139, 2.027652383711713746, 3.457544059217933619 ) ) ;
#214 = CARTESIAN_POINT ( 'NONE',  ( -3.903629810165064384, 7.990732581557509207, -3.457544059217933619 ) ) ;
#215 = LINE ( 'NONE', #1945, #4965 ) ;
#216 = CARTESIAN_POINT ( 'NONE',  ( 0.05000000000000001665, 8.896552580035715252, -3.452421434499180375 ) ) ;
#217 = CARTESIAN_POINT ( 'NONE',  ( 0.05000000000000003747, 8.588668239434865015, 3.094141646974374105 ) ) ;
#218 = ORIENTED_EDGE ( 'NONE', *, *, #6329, .T. ) ;
#219 = CARTESIAN_POINT ( 'NONE',  ( 3.885263278938827280, -7.952594086485270886, -3.466570807216844852 ) ) ;
#220 = ORIENTED_EDGE ( 'NONE', *, *, #4839, .F. ) ;
#221 = CARTESIAN_POINT ( 'NONE',  ( 3.796778474268935000, 7.999329983412819089, -3.468127985775450117 ) ) ;
#222 = EDGE_CURVE ( 'NONE', #2257, #5722, #7666, .T. ) ;
#223 = CARTESIAN_POINT ( 'NONE',  ( -9.046037105128458933, -1.107820038576375774E-15, -3.193750000000000533 ) ) ;
#224 = ORIENTED_EDGE ( 'NONE', *, *, #4459, .F. ) ;
#225 = CARTESIAN_POINT ( 'NONE',  ( -6.971682289894235218, -5.495778701548799106, 3.468147503381453944 ) ) ;
#226 = CARTESIAN_POINT ( 'NONE',  ( -6.878316301899265461, -5.549226611465089221, -3.454996609771464833 ) ) ;
#227 = CARTESIAN_POINT ( 'NONE',  ( -6.919872040174186445, 5.582366206894939786, 3.460240287494900535 ) ) ;
#228 = LINE ( 'NONE', #990, #8644 ) ;
#229 = CARTESIAN_POINT ( 'NONE',  ( 0.05000000000000002359, -8.862139442843751880, 3.469900311146004501 ) ) ;
#230 = ORIENTED_EDGE ( 'NONE', *, *, #2981, .F. ) ;
#231 = ORIENTED_EDGE ( 'NONE', *, *, #5128, .F. ) ;
#232 = DIRECTION ( 'NONE',  ( 1.000000000000000000, 0.000000000000000000, 0.000000000000000000 ) ) ;
#233 = DIRECTION ( 'NONE',  ( 0.6234898018587431423, 0.7818314824680221431, -0.000000000000000000 ) ) ;
#234 = DIRECTION ( 'NONE',  ( 0.000000000000000000, 0.000000000000000000, -1.000000000000000000 ) ) ;
#235 = DIRECTION ( 'NONE',  ( -0.4338837391175462410, 0.9009688679024249192, 0.000000000000000000 ) ) ;
#236 = CARTESIAN_POINT ( 'NONE',  ( 0.000000000000000000, 0.000000000000000000, -3.500000000000000444 ) ) ;
#237 = CARTESIAN_POINT ( 'NONE',  ( -6.894092134670396277, 5.561807418287763483, -3.469100694293998810 ) ) ;
#238 = MANIFOLD_SOLID_BREP ( 'CirPattern2', #131 ) ;
#239 = VERTEX_POINT ( 'NONE', #1720 ) ;
#240 = DIRECTION ( 'NONE',  ( -0.000000000000000000, -0.000000000000000000, 1.000000000000000000 ) ) ;
#241 = ORIENTED_EDGE ( 'NONE', *, *, #9914, .F. ) ;
#242 = DIRECTION ( 'NONE',  ( 0.000000000000000000, 0.000000000000000000, -1.000000000000000000 ) ) ;
#243 = B_SPLINE_CURVE_WITH_KNOTS ( 'NONE', 3,
 ( #8410, #5310, #7712, #8511, #3142, #3000, #5457 ),
 .UNSPECIFIED., .F., .F.,
 ( 4, 3, 4 ),
 ( 0.001199429903413612485, 0.001225696219576498987, 0.001498119107920983795 ),
 .UNSPECIFIED. ) ;
#244 = CARTESIAN_POINT ( 'NONE',  ( 0.000000000000000000, 0.000000000000000000, 3.500000000000000000 ) ) ;
#245 = CARTESIAN_POINT ( 'NONE',  ( 0.05000000000000003747, 8.609381483269881841, -3.129114371485063550 ) ) ;
#246 = ORIENTED_EDGE ( 'NONE', *, *, #5190, .F. ) ;
#247 = CARTESIAN_POINT ( 'NONE',  ( -3.901242515216009288, -7.985775312515437818, -3.462633071500297088 ) ) ;
#248 = CARTESIAN_POINT ( 'NONE',  ( 8.675175419594722825, 2.031338021875926270, 3.429674227117770702 ) ) ;
#249 = ORIENTED_EDGE ( 'NONE', *, *, #4700, .F. ) ;
#250 = ADVANCED_FACE ( 'NONE', ( #358 ), #6286, .T. ) ;
#251 = PLANE ( 'NONE',  #291 ) ;
#252 = CARTESIAN_POINT ( 'NONE',  ( 0.05000000000000002359, -8.893122785882026093, -3.457544059217933619 ) ) ;
#253 = AXIS2_PLACEMENT_3D ( 'NONE', #4383, #6090, #9848 ) ;
#254 = EDGE_CURVE ( 'NONE', #6635, #780, #7689, .T. ) ;
#255 = AXIS2_PLACEMENT_3D ( 'NONE', #8840, #2670, #402 ) ;
#256 = ORIENTED_EDGE ( 'NONE', *, *, #7078, .T. ) ;
#257 = EDGE_CURVE ( 'NONE', #5388, #960, #3014, .T. ) ;
#258 = VECTOR ( 'NONE', #4415, 1000.000000000000000 ) ;
#259 = CARTESIAN_POINT ( 'NONE',  ( 6.945612333878806055, 5.474988605377235196, 3.461862008941932967 ) ) ;
#260 = EDGE_LOOP ( 'NONE', ( #5353, #5451 ) ) ;
#261 = DIRECTION ( 'NONE',  ( -0.9009688679024218105, -0.4338837391175526248, -0.000000000000000000 ) ) ;
#262 = CONICAL_SURFACE ( 'NONE', #2523, 9.046037105128458933, 0.5235987755983011471 ) ;
#263 = FACE_OUTER_BOUND ( 'NONE', #1760, .T. ) ;
#264 = CARTESIAN_POINT ( 'NONE',  ( -3.969916891359710487, -8.128379123974086795, -3.500000000000000000 ) ) ;
#265 = CARTESIAN_POINT ( 'NONE',  ( 10.47500000000000497, 0.000000000000000000, -3.500000000000000888 ) ) ;
#266 = CARTESIAN_POINT ( 'NONE',  ( -3.776025503095843394, 7.725759507633474854, 3.114323832567764683 ) ) ;
#267 = CIRCLE ( 'NONE', #7169, 11.00000000000000000 ) ;
#269 = EDGE_CURVE ( 'NONE', #530, #684, #9082, .T. ) ;
#268 = ORIENTED_EDGE ( 'NONE', *, *, #6648, .T. ) ;
#270 = AXIS2_PLACEMENT_3D ( 'NONE', #9786, #697, #3013 ) ;
#271 = ORIENTED_EDGE ( 'NONE', *, *, #1390, .F. ) ;
#272 = CIRCLE ( 'NONE', #5253, 8.837711872106121191 ) ;
#273 = CARTESIAN_POINT ( 'NONE',  ( -0.05000000000000002359, -8.884519005424703408, 3.465025888964337497 ) ) ;
#274 = VECTOR ( 'NONE', #4474, 1000.000000000000000 ) ;
#275 = ORIENTED_EDGE ( 'NONE', *, *, #5447, .F. ) ;
#276 = CARTESIAN_POINT ( 'NONE',  ( 3.798434106008866884, 8.002767938145630922, -3.469014143938407457 ) ) ;
#277 = CARTESIAN_POINT ( 'NONE',  ( 8.627120136385672211, -1.917798030746297400, -3.454996609771464833 ) ) ;
#278 = CARTESIAN_POINT ( 'NONE',  ( -3.814887624180063774, 8.036934020677302115, -3.452954079042414026 ) ) ;
#279 = ORIENTED_EDGE ( 'NONE', *, *, #4081, .F. ) ;
#280 = CONICAL_SURFACE ( 'NONE', #9271, 9.046037105128458933, 0.5235987755983011471 ) ;
#281 = VECTOR ( 'NONE', #4468, 1000.000000000000000 ) ;
#282 = DIRECTION ( 'NONE',  ( 1.000000000000000000, 0.000000000000000000, 0.000000000000000000 ) ) ;
#283 = CARTESIAN_POINT ( 'NONE',  ( 3.881453065862053187, 7.944682097505703311, 3.460296783607140103 ) ) ;
#284 = FACE_OUTER_BOUND ( 'NONE', #7094, .T. ) ;
#285 = DIRECTION ( 'NONE',  ( 0.000000000000000000, 0.000000000000000000, 1.000000000000000000 ) ) ;
#286 = AXIS2_PLACEMENT_3D ( 'NONE', #1891, #9318, #6303 ) ;
#287 = EDGE_CURVE ( 'NONE', #8214, #2311, #6561, .T. ) ;
#288 = AXIS2_PLACEMENT_3D ( 'NONE', #1000, #7119, #235 ) ;
#289 = DIRECTION ( 'NONE',  ( 0.9749279121818257288, 0.2225209339563051225, 0.000000000000000000 ) ) ;
#290 = ORIENTED_EDGE ( 'NONE', *, *, #3535, .F. ) ;
#291 = AXIS2_PLACEMENT_3D ( 'NONE', #3333, #6490, #4187 ) ;
#292 = ORIENTED_EDGE ( 'NONE', *, *, #3154, .T. ) ;
#293 = CARTESIAN_POINT ( 'NONE',  ( 8.384458441792393302, 1.862412082470863872, 3.099533293948748103 ) ) ;
#294 = CARTESIAN_POINT ( 'NONE',  ( 8.651073151173656939, -1.923265150063625972, -3.469900311146004501 ) ) ;
#295 = VECTOR ( 'NONE', #5596, 1000.000000000000114 ) ;
#296 = DIRECTION ( 'NONE',  ( -1.000000000000000000, 0.000000000000000000, -0.000000000000000000 ) ) ;
#297 = CARTESIAN_POINT ( 'NONE',  ( -6.934698440303992406, -5.594189866451142024, 3.429674227117770702 ) ) ;
#298 = FACE_BOUND ( 'NONE', #5639, .T. ) ;
#299 = CARTESIAN_POINT ( 'NONE',  ( 6.944136749132212572, 5.473811865808786870, -3.460296783607140103 ) ) ;
#300 = CIRCLE ( 'NONE', #795, 8.588813778810038713 ) ;
#301 = ORIENTED_EDGE ( 'NONE', *, *, #2599, .F. ) ;
#302 = DIRECTION ( 'NONE',  ( 0.7818314824680221431, -0.6234898018587431423, 0.000000000000000000 ) ) ;
#303 = VERTEX_POINT ( 'NONE', #2732 ) ;
#304 = CARTESIAN_POINT ( 'NONE',  ( 0.000000000000000000, 0.000000000000000000, 3.500000000000000000 ) ) ;
#305 = LINE ( 'NONE', #9446, #5251 ) ;
#306 = FACE_OUTER_BOUND ( 'NONE', #4215, .T. ) ;
#307 = CIRCLE ( 'NONE', #6091, 9.046037105128458933 ) ;
#308 = ORIENTED_EDGE ( 'NONE', *, *, #195, .F. ) ;
#309 = CARTESIAN_POINT ( 'NONE',  ( -3.889999191884016660, -7.962428311047974105, -3.469846945119945403 ) ) ;
#310 = CARTESIAN_POINT ( 'NONE',  ( -8.683683276470690160, -1.930708198361595240, -3.453994494324953202 ) ) ;
#311 = ORIENTED_EDGE ( 'NONE', *, *, #3124, .F. ) ;
#312 = VECTOR ( 'NONE', #7268, 1000.000000000000000 ) ;
#313 = MANIFOLD_SOLID_BREP ( 'CirPattern1[1]', #4156 ) ;
#314 = DIRECTION ( 'NONE',  ( 0.000000000000000000, 0.000000000000000000, -1.000000000000000000 ) ) ;
#315 = ORIENTED_EDGE ( 'NONE', *, *, #3226, .F. ) ;
#316 = CARTESIAN_POINT ( 'NONE',  ( 6.941595868251116741, 5.471785580921793013, 3.456597352396201472 ) ) ;
#317 = VERTEX_POINT ( 'NONE', #6537 ) ;
#318 = CARTESIAN_POINT ( 'NONE',  ( -5.686989865158905921, 6.964553935150292221E-16, 3.500000000000000000 ) ) ;
#319 = CARTESIAN_POINT ( 'NONE',  ( -3.879864310480461320, 7.941383012962196730, -3.456075294419946431 ) ) ;
#320 = DIRECTION ( 'NONE',  ( -0.000000000000000000, -0.000000000000000000, 1.000000000000000000 ) ) ;
#321 = CARTESIAN_POINT ( 'NONE',  ( 0.000000000000000000, 0.000000000000000000, -3.452421434499180375 ) ) ;
#322 = EDGE_CURVE ( 'NONE', #239, #1544, #1453, .T. ) ;
#323 = CARTESIAN_POINT ( 'NONE',  ( 0.000000000000000000, 0.000000000000000000, -3.193750000000000533 ) ) ;
#324 = ORIENTED_EDGE ( 'NONE', *, *, #4384, .F. ) ;
#325 = ORIENTED_EDGE ( 'NONE', *, *, #4575, .F. ) ;
#326 = ADVANCED_FACE ( 'NONE', ( #1980 ), #3996, .F. ) ;
#327 = CARTESIAN_POINT ( 'NONE',  ( -0.05000000000000002359, -8.854075290523239161, 3.467739038050325018 ) ) ;
#328 = ORIENTED_EDGE ( 'NONE', *, *, #5922, .T. ) ;
#329 = CARTESIAN_POINT ( 'NONE',  ( 8.639630090360894243, 1.920653346106000248, -3.466377381984354411 ) ) ;
#330 = CARTESIAN_POINT ( 'NONE',  ( -8.629761014703564825, -1.918400793988892516, 3.458522467003439349 ) ) ;
#331 = CARTESIAN_POINT ( 'NONE',  ( 0.000000000000000000, 0.000000000000000000, -3.452421434499180375 ) ) ;
#332 = ORIENTED_EDGE ( 'NONE', *, *, #3276, .F. ) ;
#333 = EDGE_CURVE ( 'NONE', #3368, #2524, #7178, .T. ) ;
#334 = CARTESIAN_POINT ( 'NONE',  ( -6.940963463542350276, -5.471281254995470356, 3.455541280135825843 ) ) ;
#335 = FACE_OUTER_BOUND ( 'NONE', #1222, .T. ) ;
#336 = DIRECTION ( 'NONE',  ( 0.000000000000000000, 0.000000000000000000, 1.000000000000000000 ) ) ;
#337 = DIRECTION ( 'NONE',  ( 1.000000000000000000, 0.000000000000000000, 0.000000000000000000 ) ) ;
#338 = EDGE_CURVE ( 'NONE', #5171, #9496, #2874, .T. ) ;
#339 = DIRECTION ( 'NONE',  ( -0.000000000000000000, -0.000000000000000000, -1.000000000000000000 ) ) ;
#340 = ORIENTED_EDGE ( 'NONE', *, *, #412, .T. ) ;
#341 = VERTEX_POINT ( 'NONE', #4659 ) ;
#342 = CARTESIAN_POINT ( 'NONE',  ( 0.000000000000000000, 0.000000000000000000, 3.500000000000000444 ) ) ;
#343 = CARTESIAN_POINT ( 'NONE',  ( -8.830360115119992415, 1.964186229627660873, 3.094141646974374105 ) ) ;
#344 = EDGE_CURVE ( 'NONE', #8140, #6564, #6111, .T. ) ;
#345 = CARTESIAN_POINT ( 'NONE',  ( -8.905600812942541467, 2.083931114241475591, -3.500000000000000444 ) ) ;
#346 = EDGE_CURVE ( 'NONE', #605, #9496, #943, .T. ) ;
#347 = CARTESIAN_POINT ( 'NONE',  ( 0.05000000000000000971, 9.000494587112768841, -3.272391413630715729 ) ) ;
#348 = FACE_OUTER_BOUND ( 'NONE', #1085, .T. ) ;
#349 = CARTESIAN_POINT ( 'NONE',  ( -6.924430402411211993, -5.586001379475613149, -3.452421434499180375 ) ) ;
#350 = VERTEX_POINT ( 'NONE', #833 ) ;
#351 = DIRECTION ( 'NONE',  ( 0.2225209339563114230, -0.9749279121818243965, 0.000000000000000000 ) ) ;
#352 = ORIENTED_EDGE ( 'NONE', *, *, #4709, .F. ) ;
#353 = CARTESIAN_POINT ( 'NONE',  ( 0.000000000000000000, 0.000000000000000000, -3.099533293948747659 ) ) ;
#354 = DIRECTION ( 'NONE',  ( 1.000000000000000000, 0.000000000000000000, 0.000000000000000000 ) ) ;
#355 = CARTESIAN_POINT ( 'NONE',  ( -6.931275761065949226, 5.591460370840363403, -3.437256629622303716 ) ) ;
#356 = CIRCLE ( 'NONE', #680, 9.046037105128458933 ) ;
#357 = ORIENTED_EDGE ( 'NONE', *, *, #8680, .T. ) ;
#358 = FACE_OUTER_BOUND ( 'NONE', #764, .T. ) ;
#359 = CARTESIAN_POINT ( 'NONE',  ( -8.627491962581048668, -1.917882897648877316, -3.455541280135825399 ) ) ;
#360 = VERTEX_POINT ( 'NONE', #3992 ) ;
#361 = AXIS2_PLACEMENT_3D ( 'NONE', #3527, #6580, #7435 ) ;
#362 = MANIFOLD_SOLID_BREP ( 'CirPattern1[4]', #3041 ) ;
#363 = CIRCLE ( 'NONE', #7362, 9.621762239271875572 ) ;
#364 = FACE_OUTER_BOUND ( 'NONE', #9455, .T. ) ;
#365 = CARTESIAN_POINT ( 'NONE',  ( -3.814356642694077593, -8.035831426260038768, 3.455073707654066073 ) ) ;
#366 = EDGE_LOOP ( 'NONE', ( #83, #8243, #3470, #3283 ) ) ;
#367 = FACE_OUTER_BOUND ( 'NONE', #3260, .T. ) ;
#368 = ORIENTED_EDGE ( 'NONE', *, *, #7008, .T. ) ;
#369 = CARTESIAN_POINT ( 'NONE',  ( -3.886875361059064282, 7.955941609501117284, -3.468127985775450117 ) ) ;
#370 = CARTESIAN_POINT ( 'NONE',  ( 0.000000000000000000, 0.000000000000000000, 3.500000000000000000 ) ) ;
#371 = DIRECTION ( 'NONE',  ( -0.000000000000000000, -0.000000000000000000, 1.000000000000000000 ) ) ;
#372 = CARTESIAN_POINT ( 'NONE',  ( -3.820719386415808216, 8.049043799739548533, -3.429674227117769814 ) ) ;
#373 = ORIENTED_EDGE ( 'NONE', *, *, #6078, .F. ) ;
#374 = ORIENTED_EDGE ( 'NONE', *, *, #6974, .F. ) ;
#375 = DIRECTION ( 'NONE',  ( 1.000000000000000000, 0.000000000000000000, 0.000000000000000000 ) ) ;
#376 = CARTESIAN_POINT ( 'NONE',  ( 8.362206348396748368, -1.959904873689104710, 3.099533293948748103 ) ) ;
#377 = CARTESIAN_POINT ( 'NONE',  ( 5.378237760728125316, 0.000000000000000000, 3.500000000000000000 ) ) ;
#378 = ORIENTED_EDGE ( 'NONE', *, *, #881, .T. ) ;
#379 = ADVANCED_FACE ( 'NONE', ( #8409 ), #3898, .T. ) ;
#380 = CARTESIAN_POINT ( 'NONE',  ( -6.941595868251153156, -5.471785580921745051, 3.456597352396201472 ) ) ;
#381 = CARTESIAN_POINT ( 'NONE',  ( 6.883895907083541488, -5.425771397351178749, -3.351299362948741312 ) ) ;
#382 = CARTESIAN_POINT ( 'NONE',  ( 0.000000000000000000, 0.000000000000000000, -3.201256313292353717 ) ) ;
#383 = DIRECTION ( 'NONE',  ( 1.000000000000000000, 0.000000000000000000, 0.000000000000000000 ) ) ;
#384 = DIRECTION ( 'NONE',  ( 0.2225209339559747757, 0.9749279121819011129, 0.000000000000000000 ) ) ;
#385 = VERTEX_POINT ( 'NONE', #7791 ) ;
#386 = ORIENTED_EDGE ( 'NONE', *, *, #1172, .T. ) ;
#387 = DIRECTION ( 'NONE',  ( 0.000000000000000000, 0.000000000000000000, -1.000000000000000000 ) ) ;
#388 = ADVANCED_FACE ( 'NONE', ( #3141 ), #2402, .F. ) ;
#389 = LINE ( 'NONE', #7170, #3821 ) ;
#390 = DIRECTION ( 'NONE',  ( 0.000000000000000000, 0.000000000000000000, -1.000000000000000000 ) ) ;
#391 = EDGE_CURVE ( 'NONE', #1238, #2201, #582, .T. ) ;
#392 = EDGE_CURVE ( 'NONE', #4454, #9146, #6251, .T. ) ;
#393 = CARTESIAN_POINT ( 'NONE',  ( 0.000000000000000000, 0.000000000000000000, -3.193750000000000533 ) ) ;
#394 = PLANE ( 'NONE',  #9578 ) ;
#395 = CARTESIAN_POINT ( 'NONE',  ( 6.940963463542313860, 5.471281254995518317, -3.455541280135825399 ) ) ;
#396 = VERTEX_POINT ( 'NONE', #2437 ) ;
#397 = EDGE_CURVE ( 'NONE', #8121, #6087, #5497, .T. ) ;
#398 = LINE ( 'NONE', #5626, #6938 ) ;
#399 = VERTEX_POINT ( 'NONE', #788 ) ;
#400 = DIRECTION ( 'NONE',  ( 1.000000000000000000, 0.000000000000000000, 0.000000000000000000 ) ) ;
#401 = DIRECTION ( 'NONE',  ( -0.9009688679024158153, 0.4338837391175652258, 0.000000000000000000 ) ) ;
#402 = DIRECTION ( 'NONE',  ( -1.000000000000000000, 0.000000000000000000, 0.000000000000000000 ) ) ;
#403 = ORIENTED_EDGE ( 'NONE', *, *, #5485, .F. ) ;
#404 = CARTESIAN_POINT ( 'NONE',  ( -3.885094000278668247, -7.952242575725181339, -3.466377381984353967 ) ) ;
#405 = CARTESIAN_POINT ( 'NONE',  ( -8.807973303152722977, -2.061648272210801824, 3.500000000000000000 ) ) ;
#406 = ORIENTED_EDGE ( 'NONE', *, *, #15, .F. ) ;
#407 = EDGE_CURVE ( 'NONE', #7302, #66, #6363, .T. ) ;
#408 = DIRECTION ( 'NONE',  ( -0.000000000000000000, -0.000000000000000000, 1.000000000000000000 ) ) ;
#409 = CARTESIAN_POINT ( 'NONE',  ( -3.908916829529605508, -8.001711190391642248, -3.437256629622303716 ) ) ;
#410 = ORIENTED_EDGE ( 'NONE', *, *, #1394, .F. ) ;
#411 = CYLINDRICAL_SURFACE ( 'NONE', #2538, 9.046037105128460709 ) ;
#412 = EDGE_CURVE ( 'NONE', #5171, #6318, #146, .T. ) ;
#413 = ORIENTED_EDGE ( 'NONE', *, *, #5386, .F. ) ;
#414 = CARTESIAN_POINT ( 'NONE',  ( -3.893621092758578150, 7.969949265710693176, -3.469713030103804385 ) ) ;
#415 = DIRECTION ( 'NONE',  ( -0.000000000000000000, -0.000000000000000000, 1.000000000000000000 ) ) ;
#416 = CARTESIAN_POINT ( 'NONE',  ( -3.883828242128072983, 7.949614201843012040, 3.464471549642479165 ) ) ;
#417 = CARTESIAN_POINT ( 'NONE',  ( -8.785959443115451961, 1.954052065984086317, -3.272391413630716173 ) ) ;
#418 = ORIENTED_EDGE ( 'NONE', *, *, #3741, .T. ) ;
#419 = ORIENTED_EDGE ( 'NONE', *, *, #1159, .F. ) ;
#420 = CIRCLE ( 'NONE', #2205, 9.621762239271875572 ) ;
#421 = AXIS2_PLACEMENT_3D ( 'NONE', #2259, #8375, #6294 ) ;
#422 = ORIENTED_EDGE ( 'NONE', *, *, #3979, .F. ) ;
#423 = FACE_OUTER_BOUND ( 'NONE', #1705, .T. ) ;
#424 = CARTESIAN_POINT ( 'NONE',  ( 8.394555401783325266, -1.864716647700033647, -3.114323832567764239 ) ) ;
#425 = CARTESIAN_POINT ( 'NONE',  ( -6.951002515856730568, 5.479287132066026800, -3.466570807216844852 ) ) ;
#426 = ORIENTED_EDGE ( 'NONE', *, *, #8674, .T. ) ;
#427 = CARTESIAN_POINT ( 'NONE',  ( -6.942783102063903478, -5.472732368293795169, 3.458522467003439349 ) ) ;
#428 = CARTESIAN_POINT ( 'NONE',  ( -0.05000000000000003747, 8.588668239434865015, -3.500000000000000000 ) ) ;
#429 = CARTESIAN_POINT ( 'NONE',  ( 3.789429660203743833, 7.984070013767017748, 3.454996609771464833 ) ) ;
#430 = AXIS2_PLACEMENT_3D ( 'NONE', #8297, #671, #9808 ) ;
#431 = AXIS2_PLACEMENT_3D ( 'NONE', #6576, #390, #5621 ) ;
#432 = AXIS2_PLACEMENT_3D ( 'NONE', #9790, #8182, #6775 ) ;
#433 = AXIS2_PLACEMENT_3D ( 'NONE', #6509, #1098, #6313 ) ;
#434 = LINE ( 'NONE', #3514, #5803 ) ;
#435 = ORIENTED_EDGE ( 'NONE', *, *, #8976, .T. ) ;
#436 = VERTEX_POINT ( 'NONE', #4018 ) ;
#437 = CARTESIAN_POINT ( 'NONE',  ( 6.683716731970517522, 5.394038632959030188, -3.099533293948748103 ) ) ;
#438 = CARTESIAN_POINT ( 'NONE',  ( 7.041194074364121036, 5.679117300646331579, -3.193750000000000089 ) ) ;
#439 = AXIS2_PLACEMENT_3D ( 'NONE', #9416, #6411, #8660 ) ;
#440 = AXIS2_PLACEMENT_3D ( 'NONE', #6619, #7528, #7380 ) ;
#441 = CARTESIAN_POINT ( 'NONE',  ( 8.588813778810038713, 1.051826330269239652E-15, 3.064533293948747517 ) ) ;
#442 = B_SPLINE_CURVE_WITH_KNOTS ( 'NONE', 3,
 ( #1189, #4244, #8901, #7299, #4442, #5157, #416, #5203, #7454, #8962, #572, #8256, #8809, #6598, #5101, #9554, #4350, #9763, #479, #2689, #8854, #9660 ),
 .UNSPECIFIED., .F., .F.,
 ( 4, 3, 3, 3, 3, 3, 3, 4 ),
 ( 0.0002168574548798296727, 0.0002188290334246840291, 0.0002305812013871233880, 0.0002423333607551956669, 0.0002540856419916145774, 0.0002658380091482346447, 0.0002775903405257858225, 0.0002867718163053185974 ),
 .UNSPECIFIED. ) ;
#443 = DIRECTION ( 'NONE',  ( -0.000000000000000000, -0.000000000000000000, -1.000000000000000000 ) ) ;
#444 = CARTESIAN_POINT ( 'NONE',  ( 0.000000000000000000, 0.000000000000000000, -3.201256313292353717 ) ) ;
#445 = CARTESIAN_POINT ( 'NONE',  ( -7.103543054550032210, -5.600934152399481114, 3.094141646974374105 ) ) ;
#446 = MANIFOLD_SOLID_BREP ( 'CirPattern1[3]', #8797 ) ;
#447 = EDGE_CURVE ( 'NONE', #9608, #9517, #1666, .T. ) ;
#448 = AXIS2_PLACEMENT_3D ( 'NONE', #7633, #2933, #6549 ) ;
#449 = TOROIDAL_SURFACE ( 'NONE', #1572, 8.866382193656235700, 0.03500000000000000333 ) ;
#450 = VERTEX_POINT ( 'NONE', #2503 ) ;
#451 = EDGE_CURVE ( 'NONE', #50, #5311, #8430, .T. ) ;
#452 = CARTESIAN_POINT ( 'NONE',  ( 8.830225396548341266, 1.964155480992677116, 3.193750000000000089 ) ) ;
#453 = CIRCLE ( 'NONE', #6075, 9.046037105128460709 ) ;
#454 = EDGE_CURVE ( 'NONE', #9536, #3400, #3262, .T. ) ;
#455 = VERTEX_POINT ( 'NONE', #7684 ) ;
#456 = LINE ( 'NONE', #6582, #1888 ) ;
#457 = LINE ( 'NONE', #5184, #9085 ) ;
#458 = CARTESIAN_POINT ( 'NONE',  ( 0.05000000000000003053, 8.764959675655999760, -3.351299362948741756 ) ) ;
#459 = AXIS2_PLACEMENT_3D ( 'NONE', #5823, #9485, #2012 ) ;
#460 = ORIENTED_EDGE ( 'NONE', *, *, #5369, .T. ) ;
#461 = CLOSED_SHELL ( 'NONE', ( #2556, #1016 ) ) ;
#462 = EDGE_CURVE ( 'NONE', #9572, #7191, #4970, .T. ) ;
#463 = AXIS2_PLACEMENT_3D ( 'NONE', #6610, #1355, #1248 ) ;
#464 = DIRECTION ( 'NONE',  ( 0.000000000000000000, -0.000000000000000000, 1.000000000000000000 ) ) ;
#465 = B_SPLINE_CURVE_WITH_KNOTS ( 'NONE', 3,
 ( #6872, #3156, #134, #9280, #9226, #744, #7622, #3869, #6821, #3815, #9880, #8423, #2307, #3071, #2349, #7678, #37, #5371, #1520, #9139, #1561, #7723 ),
 .UNSPECIFIED., .F., .F.,
 ( 4, 3, 3, 3, 3, 3, 3, 4 ),
 ( 0.0002168574548798324645, 0.0002188290334246886099, 0.0002305812013871287548, 0.0002423333607552018740, 0.0002540856419916204863, 0.0002658380091482393068, 0.0002775903405257921109, 0.0002867718163053248857 ),
 .UNSPECIFIED. ) ;
#466 = EDGE_LOOP ( 'NONE', ( #8910, #6865, #3754, #1044, #8996 ) ) ;
#467 = DIRECTION ( 'NONE',  ( 1.000000000000000000, 0.000000000000000000, 0.000000000000000000 ) ) ;
#468 = ADVANCED_FACE ( 'NONE', ( #6926, #4721 ), #4820, .F. ) ;
#469 = AXIS2_PLACEMENT_3D ( 'NONE', #8583, #7130, #6385 ) ;
#470 = CONICAL_SURFACE ( 'NONE', #9602, 9.046037105128458933, 0.5235987755983011471 ) ;
#471 = CARTESIAN_POINT ( 'NONE',  ( 0.05000000000000000971, -9.045898922017695298, -3.094141646974374105 ) ) ;
#472 = FACE_OUTER_BOUND ( 'NONE', #9743, .T. ) ;
#473 = ORIENTED_EDGE ( 'NONE', *, *, #3412, .F. ) ;
#474 = DIRECTION ( 'NONE',  ( 0.000000000000000000, 0.000000000000000000, -1.000000000000000000 ) ) ;
#475 = EDGE_LOOP ( 'NONE', ( #3516, #4753, #6757, #6403 ) ) ;
#476 = EDGE_CURVE ( 'NONE', #1376, #9451, #6104, .T. ) ;
#477 = FACE_OUTER_BOUND ( 'NONE', #6289, .T. ) ;
#478 = DIRECTION ( 'NONE',  ( -1.000000000000000000, 0.000000000000000000, 0.000000000000000000 ) ) ;
#479 = CARTESIAN_POINT ( 'NONE',  ( -3.902688815468105865, 7.988778585935214060, 3.459706444013471494 ) ) ;
#480 = DIRECTION ( 'NONE',  ( 1.000000000000000000, 0.000000000000000000, 0.000000000000000000 ) ) ;
#481 = AXIS2_PLACEMENT_3D ( 'NONE', #1357, #8975, #6011 ) ;
#482 = VERTEX_POINT ( 'NONE', #4064 ) ;
#483 = ORIENTED_EDGE ( 'NONE', *, *, #7397, .F. ) ;
#484 = EDGE_LOOP ( 'NONE', ( #9286, #3708, #419, #1065 ) ) ;
#485 = CARTESIAN_POINT ( 'NONE',  ( -7.103543054549914082, 5.600934152399629440, 3.193750000000000089 ) ) ;
#486 = CARTESIAN_POINT ( 'NONE',  ( -3.780519072845786699, -7.735090501365808002, 3.129114371485063550 ) ) ;
#487 = CARTESIAN_POINT ( 'NONE',  ( -3.694915755622490305, -7.787809868630312771, 3.143904910697430832 ) ) ;
#488 = ORIENTED_EDGE ( 'NONE', *, *, #9789, .F. ) ;
#489 = CARTESIAN_POINT ( 'NONE',  ( -8.785959443115489265, -1.954052065983909792, 3.272391413630715284 ) ) ;
#490 = CARTESIAN_POINT ( 'NONE',  ( -7.500000000000000000, 9.184850993605147944E-16, -7.960204194457796463E-16 ) ) ;
#491 = DIRECTION ( 'NONE',  ( 0.000000000000000000, 0.000000000000000000, 1.000000000000000000 ) ) ;
#492 = CARTESIAN_POINT ( 'NONE',  ( -0.05000000000000002359, 8.858323562023631581, -3.469014143938407457 ) ) ;
#493 = CARTESIAN_POINT ( 'NONE',  ( -6.909787269926757958, -5.574323870989383423, 3.468181098941469642 ) ) ;
#494 = ORIENTED_EDGE ( 'NONE', *, *, #1700, .F. ) ;
#495 = ORIENTED_EDGE ( 'NONE', *, *, #520, .T. ) ;
#496 = FACE_OUTER_BOUND ( 'NONE', #2153, .T. ) ;
#497 = FACE_OUTER_BOUND ( 'NONE', #3834, .T. ) ;
#498 = CARTESIAN_POINT ( 'NONE',  ( 0.05000000000000002359, 8.838760696031124908, 3.456597352396201472 ) ) ;
#499 = CARTESIAN_POINT ( 'NONE',  ( -7.041194074364160116, -5.679117300646283617, 3.193750000000000089 ) ) ;
#500 = CARTESIAN_POINT ( 'NONE',  ( 0.000000000000000000, 0.000000000000000000, -3.500000000000000888 ) ) ;
#501 = DIRECTION ( 'NONE',  ( 1.000000000000000000, 0.000000000000000000, 0.000000000000000000 ) ) ;
#502 = CARTESIAN_POINT ( 'NONE',  ( -0.05000000000000001665, 8.905308122385132918, 3.437256629622304160 ) ) ;
#503 = EDGE_LOOP ( 'NONE', ( #1550, #6503 ) ) ;
#504 = CARTESIAN_POINT ( 'NONE',  ( 3.930516482760546104, 8.046563332484373277, 3.351032822740167560 ) ) ;
#505 = CARTESIAN_POINT ( 'NONE',  ( 0.05000000000000004441, -8.588668239434865015, 3.099533293948748103 ) ) ;
#506 = CARTESIAN_POINT ( 'NONE',  ( 6.980233343993036854, -5.502597939639640501, -3.462472406546387216 ) ) ;
#507 = CC_DESIGN_PERSON_AND_ORGANIZATION_ASSIGNMENT ( #3131, #6186, ( #7725 ) ) ;
#508 = VERTEX_POINT ( 'NONE', #7771 ) ;
#509 = CARTESIAN_POINT ( 'NONE',  ( -7.041194074364160116, -5.679117300646283617, 3.094141646974374105 ) ) ;
#510 = TOROIDAL_SURFACE ( 'NONE', #1966, 8.866382193656235700, 0.03500000000000000333 ) ;
#511 = ADVANCED_FACE ( 'NONE', ( #3922 ), #897, .T. ) ;
#512 = CARTESIAN_POINT ( 'NONE',  ( 0.000000000000000000, 0.000000000000000000, 3.500000000000000000 ) ) ;
#513 = ORIENTED_EDGE ( 'NONE', *, *, #8559, .F. ) ;
#514 = CYLINDRICAL_SURFACE ( 'NONE', #3739, 9.621762239271875572 ) ;
#515 = VERTEX_POINT ( 'NONE', #1568 ) ;
#516 = DIRECTION ( 'NONE',  ( -1.000000000000000000, 0.000000000000000000, 0.000000000000000000 ) ) ;
#517 = CONICAL_SURFACE ( 'NONE', #1807, 8.869223585189136116, 0.6108652381980126389 ) ;
#518 = DIRECTION ( 'NONE',  ( 1.000000000000000000, -5.329070518200751394E-15, 0.000000000000000000 ) ) ;
#519 = DIRECTION ( 'NONE',  ( -0.000000000000000000, -0.000000000000000000, 1.000000000000000000 ) ) ;
#520 = EDGE_CURVE ( 'NONE', #6755, #3377, #6729, .T. ) ;
#521 = ORIENTED_EDGE ( 'NONE', *, *, #4025, .F. ) ;
#522 = CARTESIAN_POINT ( 'NONE',  ( 7.041302110270462045, 5.679203456406682449, -3.094141646974374105 ) ) ;
#523 = ADVANCED_FACE ( 'NONE', ( #7019 ), #7534, .T. ) ;
#524 = CARTESIAN_POINT ( 'NONE',  ( -6.746065712156426919, -5.315855484712181500, 3.099533293948748103 ) ) ;
#525 = DIRECTION ( 'NONE',  ( -0.000000000000000000, -0.000000000000000000, 1.000000000000000000 ) ) ;
#526 = CARTESIAN_POINT ( 'NONE',  ( 3.792296317891457491, 7.990022689792203536, 3.462372291138045899 ) ) ;
#527 = CIRCLE ( 'NONE', #7259, 9.046037105128458933 ) ;
#528 = CARTESIAN_POINT ( 'NONE',  ( 0.000000000000000000, 0.000000000000000000, -3.500000000000000888 ) ) ;
#529 = ORIENTED_EDGE ( 'NONE', *, *, #7510, .T. ) ;
#530 = VERTEX_POINT ( 'NONE', #3163 ) ;
#531 = ADVANCED_FACE ( 'NONE', ( #5427 ), #7035, .T. ) ;
#532 = VERTEX_POINT ( 'NONE', #948 ) ;
#533 = DIRECTION ( 'NONE',  ( 0.000000000000000000, 0.000000000000000000, -1.000000000000000000 ) ) ;
#534 = VECTOR ( 'NONE', #6173, 1000.000000000000000 ) ;
#535 = CARTESIAN_POINT ( 'NONE',  ( 8.606028464958576762, 2.015555680706274444, 3.456597352396201472 ) ) ;
#536 = CARTESIAN_POINT ( 'NONE',  ( -6.986779382596969512, 5.507818231228957195, -3.452421434499180375 ) ) ;
#537 = ORIENTED_EDGE ( 'NONE', *, *, #2015, .F. ) ;
#538 = CARTESIAN_POINT ( 'NONE',  ( 0.000000000000000000, 0.000000000000000000, -3.500000000000000444 ) ) ;
#539 = DIRECTION ( 'NONE',  ( -0.6234898018588669322, 0.7818314824679233332, 0.000000000000000000 ) ) ;
#540 = CARTESIAN_POINT ( 'NONE',  ( -3.814356642694077593, -8.035831426260038768, -3.455073707654066073 ) ) ;
#541 = DIRECTION ( 'NONE',  ( 1.000000000000000000, 0.000000000000000000, 0.000000000000000000 ) ) ;
#542 = EDGE_CURVE ( 'NONE', #5143, #2201, #5288, .T. ) ;
#543 = DIRECTION ( 'NONE',  ( -0.9009688679024157043, 0.4338837391175651703, 0.000000000000000000 ) ) ;
#544 = ORIENTED_EDGE ( 'NONE', *, *, #7841, .F. ) ;
#545 = ORIENTED_EDGE ( 'NONE', *, *, #8627, .T. ) ;
#546 = CARTESIAN_POINT ( 'NONE',  ( -6.940665282085022092, 5.471043463218431491, 3.454996609771464833 ) ) ;
#547 = LINE ( 'NONE', #651, #614 ) ;
#548 = CARTESIAN_POINT ( 'NONE',  ( 0.05000000000000002359, 8.843897948390175401, 3.461862008941932967 ) ) ;
#549 = CARTESIAN_POINT ( 'NONE',  ( 6.917884363807200288, 5.580781087886396818, -3.462472406546387216 ) ) ;
#550 = CARTESIAN_POINT ( 'NONE',  ( 3.681435046371045683, -7.759816887428994114, -3.094141646974374105 ) ) ;
#551 = EDGE_CURVE ( 'NONE', #9116, #9112, #7365, .T. ) ;
#552 = DIRECTION ( 'NONE',  ( 0.000000000000000000, 0.000000000000000000, 1.000000000000000000 ) ) ;
#553 = CARTESIAN_POINT ( 'NONE',  ( -5.863736118510165518, 4.676173513940574011, -3.092233167847068013E-16 ) ) ;
#554 = ORIENTED_EDGE ( 'NONE', *, *, #9788, .F. ) ;
#555 = CARTESIAN_POINT ( 'NONE',  ( 3.910816273206163540, 8.005655425827738370, 3.429674227117769814 ) ) ;
#556 = CARTESIAN_POINT ( 'NONE',  ( 7.041302110270462045, 5.679203456406682449, -3.500000000000000444 ) ) ;
#557 = CARTESIAN_POINT ( 'NONE',  ( -8.463287518778900065, -1.982975991212429845, 3.247602129575368313 ) ) ;
#558 = ORIENTED_EDGE ( 'NONE', *, *, #1712, .T. ) ;
#559 = CARTESIAN_POINT ( 'NONE',  ( 0.000000000000000000, 0.000000000000000000, 3.193750000000000533 ) ) ;
#560 = CARTESIAN_POINT ( 'NONE',  ( -8.627879084050942282, -1.917971255598176716, -3.456075294419946431 ) ) ;
#561 = ORIENTED_EDGE ( 'NONE', *, *, #9851, .F. ) ;
#562 = CARTESIAN_POINT ( 'NONE',  ( 0.000000000000000000, 0.000000000000000000, 3.500000000000000000 ) ) ;
#563 = ORIENTED_EDGE ( 'NONE', *, *, #8551, .T. ) ;
#564 = APPROVAL_ROLE ( '' ) ;
#565 = CARTESIAN_POINT ( 'NONE',  ( 0.000000000000000000, 0.000000000000000000, -2.758752104430781227 ) ) ;
#566 = DIRECTION ( 'NONE',  ( 0.000000000000000000, -0.000000000000000000, 1.000000000000000000 ) ) ;
#567 = VERTEX_POINT ( 'NONE', #6319 ) ;
#568 = B_SPLINE_CURVE_WITH_KNOTS ( 'NONE', 3,
 ( #3905, #736, #7715, #6954, #69, #8322, #688, #9269, #2397, #4707, #7755, #3945, #122, #3761, #5314, #6258, #2195, #5262, #6813, #9923, #7853, #3290, #5504, #1737, #2639 ),
 .UNSPECIFIED., .F., .F.,
 ( 4, 3, 3, 3, 3, 3, 3, 3, 4 ),
 ( 0.0001509499138714722789, 0.0001527764003826843388, 0.0001645282963311809146, 0.0001762803579144476315, 0.0001880325997012763546, 0.0001997849575937703345, 0.0002115373162334664736, 0.0002188290956692478617, 0.0002208042975641446659 ),
 .UNSPECIFIED. ) ;
#569 = DIRECTION ( 'NONE',  ( 1.000000000000000000, 0.000000000000000000, 0.000000000000000000 ) ) ;
#570 = CARTESIAN_POINT ( 'NONE',  ( 0.05000000000000003053, -8.692348900455138860, -3.247602129575368313 ) ) ;
#571 = CARTESIAN_POINT ( 'NONE',  ( 6.986779382597046784, 5.507818231228858608, -3.452421434499180375 ) ) ;
#572 = CARTESIAN_POINT ( 'NONE',  ( -3.890186641437256565, 7.962817554056483615, 3.469900311146004501 ) ) ;
#573 = CARTESIAN_POINT ( 'NONE',  ( 0.000000000000000000, 0.000000000000000000, 3.094141646974374105 ) ) ;
#574 = EDGE_CURVE ( 'NONE', #854, #7607, #3220, .T. ) ;
#575 = EDGE_LOOP ( 'NONE', ( #3836, #6048, #831, #4964 ) ) ;
#576 = ORIENTED_EDGE ( 'NONE', *, *, #257, .T. ) ;
#577 = ADVANCED_FACE ( 'NONE', ( #8122 ), #4321, .F. ) ;
#578 = EDGE_CURVE ( 'NONE', #4690, #6645, #7226, .T. ) ;
#579 = ORIENTED_EDGE ( 'NONE', *, *, #454, .F. ) ;
#580 = FACE_OUTER_BOUND ( 'NONE', #8345, .T. ) ;
#581 = CARTESIAN_POINT ( 'NONE',  ( -6.948416668875264435, 5.477224987910584986, -3.464471549642479165 ) ) ;
#582 = B_SPLINE_CURVE_WITH_KNOTS ( 'NONE', 3,
 ( #8550, #2336, #2289, #2391, #8510, #4598, #6990 ),
 .UNSPECIFIED., .F., .F.,
 ( 4, 3, 4 ),
 ( 0.0009532733312319685353, 0.001225696219576461908, 0.001251962535739348844 ),
 .UNSPECIFIED. ) ;
#583 = EDGE_LOOP ( 'NONE', ( #9640, #6700, #8740, #22 ) ) ;
#584 = CARTESIAN_POINT ( 'NONE',  ( 3.793483400516447279, -7.992487692262637111, 3.464362763198132633 ) ) ;
#585 = CARTESIAN_POINT ( 'NONE',  ( 3.789429660203743833, 7.984070013767017748, 3.454996609771464833 ) ) ;
#586 = FACE_OUTER_BOUND ( 'NONE', #9662, .T. ) ;
#587 = ADVANCED_FACE ( 'NONE', ( #7317 ), #5664, .T. ) ;
#588 = CARTESIAN_POINT ( 'NONE',  ( -0.05000000000000002359, 8.847484827480393221, -3.464471549642479165 ) ) ;
#589 = VECTOR ( 'NONE', #2778, 1000.000000000000000 ) ;
#590 = CARTESIAN_POINT ( 'NONE',  ( -8.463287518778860985, 1.982975991212599931, -3.247602129575368313 ) ) ;
#591 = ORIENTED_EDGE ( 'NONE', *, *, #6066, .T. ) ;
#592 = ORIENTED_EDGE ( 'NONE', *, *, #6128, .F. ) ;
#593 = LINE ( 'NONE', #6720, #1073 ) ;
#594 = CARTESIAN_POINT ( 'NONE',  ( 0.000000000000000000, 8.601156667459632033, 2.994533293948747676 ) ) ;
#595 = CARTESIAN_POINT ( 'NONE',  ( 0.05000000000000002359, 8.840279225073985003, 3.458522467003439349 ) ) ;
#596 = VECTOR ( 'NONE', #5851, 1000.000000000000000 ) ;
#597 = CIRCLE ( 'NONE', #7489, 8.837711872106121191 ) ;
#598 = DIRECTION ( 'NONE',  ( -0.000000000000000000, -0.000000000000000000, 1.000000000000000000 ) ) ;
#599 = SPHERICAL_SURFACE ( 'NONE', #2061, 2.450000000000000622 ) ;
#600 = ADVANCED_FACE ( 'NONE', ( #6423 ), #9526, .T. ) ;
#601 = DIRECTION ( 'NONE',  ( 1.000000000000000000, 0.000000000000000000, 0.000000000000000000 ) ) ;
#602 = AXIS2_PLACEMENT_3D ( 'NONE', #573, #3645, #6697 ) ;
#603 = CIRCLE ( 'NONE', #3173, 5.378237760728125316 ) ;
#604 = CARTESIAN_POINT ( 'NONE',  ( -3.681435046371154041, -7.759816887428941712, -3.094141646974374105 ) ) ;
#605 = VERTEX_POINT ( 'NONE', #8876 ) ;
#606 = CONICAL_SURFACE ( 'NONE', #7009, 8.869223585189136116, 0.6108652381980126389 ) ;
#607 = CARTESIAN_POINT ( 'NONE',  ( -8.362206348396735933, 1.959904873689159333, 3.099533293948748103 ) ) ;
#608 = VECTOR ( 'NONE', #336, 1000.000000000000000 ) ;
#609 = PLANE ( 'NONE',  #3164 ) ;
#610 = CARTESIAN_POINT ( 'NONE',  ( -8.604868042990066357, -2.015290821964363488, 3.454996609771464833 ) ) ;
#611 = VERTEX_POINT ( 'NONE', #7971 ) ;
#612 = PLANE ( 'NONE',  #8087 ) ;
#613 = AXIS2_PLACEMENT_3D ( 'NONE', #117, #64, #789 ) ;
#614 = VECTOR ( 'NONE', #9833, 1000.000000000000000 ) ;
#615 = DIRECTION ( 'NONE',  ( 0.000000000000000000, 0.000000000000000000, 1.000000000000000000 ) ) ;
#616 = AXIS2_PLACEMENT_3D ( 'NONE', #839, #7614, #2296 ) ;
#617 = ORIENTED_EDGE ( 'NONE', *, *, #5619, .T. ) ;
#618 = LINE ( 'NONE', #3692, #6284 ) ;
#619 = ORIENTED_EDGE ( 'NONE', *, *, #3538, .F. ) ;
#620 = PERSON_AND_ORGANIZATION ( #5239, #8678 ) ;
#621 = CONICAL_SURFACE ( 'NONE', #3032, 9.046037105128458933, 0.5235987755983011471 ) ;
#622 = CARTESIAN_POINT ( 'NONE',  ( 3.805029243678519357, -8.016462882630149167, -3.469378817057675590 ) ) ;
#623 = CARTESIAN_POINT ( 'NONE',  ( -3.812491355094256740, 8.031958116648677759, 3.460240287494900535 ) ) ;
#624 = CIRCLE ( 'NONE', #1279, 9.046037105128458933 ) ;
#625 = ORIENTED_EDGE ( 'NONE', *, *, #1351, .T. ) ;
#626 = ORIENTED_EDGE ( 'NONE', *, *, #4266, .T. ) ;
#627 = CARTESIAN_POINT ( 'NONE',  ( -8.670907408394976201, -2.030363876170900639, -3.437256629622304160 ) ) ;
#628 = CARTESIAN_POINT ( 'NONE',  ( 3.809960823644417793, 8.026703413948101939, 3.464797546056691768 ) ) ;
#629 = LINE ( 'NONE', #3703, #7804 ) ;
#630 = CLOSED_SHELL ( 'NONE', ( #6167, #8490, #8542, #9176, #2298, #2240, #523, #9857, #1579, #1530, #2470, #5857, #2918, #7004, #6902, #9064, #2980, #9130, #8825, #5453 ) ) ;
#631 = VERTEX_POINT ( 'NONE', #293 ) ;
#632 = VERTEX_POINT ( 'NONE', #2008 ) ;
#633 = CIRCLE ( 'NONE', #4323, 8.896693082788692308 ) ;
#634 = ORIENTED_EDGE ( 'NONE', *, *, #4506, .T. ) ;
#635 = LINE ( 'NONE', #2906, #4786 ) ;
#636 = AXIS2_PLACEMENT_3D ( 'NONE', #5517, #8571, #232 ) ;
#637 = CARTESIAN_POINT ( 'NONE',  ( 6.683716731970481995, -5.394038632959075485, 3.094141646974374105 ) ) ;
#638 = EDGE_CURVE ( 'NONE', #1872, #396, #7043, .T. ) ;
#639 = ORIENTED_EDGE ( 'NONE', *, *, #462, .T. ) ;
#640 = CIRCLE ( 'NONE', #7844, 10.47500000000000497 ) ;
#641 = DIRECTION ( 'NONE',  ( 0.000000000000000000, 0.000000000000000000, -1.000000000000000000 ) ) ;
#642 = CARTESIAN_POINT ( 'NONE',  ( -9.046037105128458933, 1.107820038576375774E-15, -3.500000000000000888 ) ) ;
#643 = CARTESIAN_POINT ( 'NONE',  ( -3.789429660203798456, -7.984070013766990215, -3.454996609771464833 ) ) ;
#644 = DIRECTION ( 'NONE',  ( 0.6234898018587431423, 0.7818314824680221431, 0.000000000000000000 ) ) ;
#645 = ADVANCED_FACE ( 'NONE', ( #496 ), #9609, .F. ) ;
#646 = CARTESIAN_POINT ( 'NONE',  ( -3.969916891359710487, -8.128379123974086795, 3.193750000000000089 ) ) ;
#647 = CIRCLE ( 'NONE', #155, 9.046037105128458933 ) ;
#648 = VERTEX_POINT ( 'NONE', #1107 ) ;
#649 = VERTEX_POINT ( 'NONE', #8721 ) ;
#650 = DIRECTION ( 'NONE',  ( -0.000000000000000000, -0.000000000000000000, 1.000000000000000000 ) ) ;
#651 = CARTESIAN_POINT ( 'NONE',  ( 7.181834238703138418, 5.663369288345752040, -3.094141646974374105 ) ) ;
#652 = DIRECTION ( 'NONE',  ( -0.000000000000000000, -0.000000000000000000, 1.000000000000000000 ) ) ;
#653 = CARTESIAN_POINT ( 'NONE',  ( 0.000000000000000000, 0.000000000000000000, 3.193750000000000533 ) ) ;
#654 = DIRECTION ( 'NONE',  ( -0.000000000000000000, -0.000000000000000000, -1.000000000000000000 ) ) ;
#655 = CARTESIAN_POINT ( 'NONE',  ( 5.686989865158905921, 0.000000000000000000, 2.758752104430781671 ) ) ;
#656 = ADVANCED_FACE ( 'NONE', ( #8773 ), #4867, .F. ) ;
#657 = CARTESIAN_POINT ( 'NONE',  ( 3.726420399248701720, -7.853229935211805568, -3.247602129575368757 ) ) ;
#658 = VERTEX_POINT ( 'NONE', #5618 ) ;
#659 = EDGE_CURVE ( 'NONE', #5192, #631, #9481, .T. ) ;
#660 = ADVANCED_FACE ( 'NONE', ( #4170 ), #3530, .F. ) ;
#661 = CARTESIAN_POINT ( 'NONE',  ( 4.013365220676191392, 8.218600509445224134, 3.094141646974374105 ) ) ;
#662 = CARTESIAN_POINT ( 'NONE',  ( 6.770357110861750627, -5.335227228758557594, 3.143904910697430832 ) ) ;
#663 = CARTESIAN_POINT ( 'NONE',  ( 8.640334695620648375, 2.023385853985816052, -3.469286171371085192 ) ) ;
#664 = ORIENTED_EDGE ( 'NONE', *, *, #5570, .F. ) ;
#665 = CARTESIAN_POINT ( 'NONE',  ( 0.000000000000000000, 0.000000000000000000, 3.193750000000000533 ) ) ;
#666 = CARTESIAN_POINT ( 'NONE',  ( 0.000000000000000000, 0.000000000000000000, 3.500000000000000000 ) ) ;
#667 = ORIENTED_EDGE ( 'NONE', *, *, #3418, .T. ) ;
#668 = CARTESIAN_POINT ( 'NONE',  ( 3.840419595970304911, 8.089951706396130149, -3.351032822740168005 ) ) ;
#669 = EDGE_LOOP ( 'NONE', ( #5674, #9916, #3896, #8162, #31, #9606 ) ) ;
#670 = ADVANCED_FACE ( 'NONE', ( #2656 ), #4805, .F. ) ;
#671 = DIRECTION ( 'NONE',  ( -0.000000000000000000, -0.000000000000000000, 1.000000000000000000 ) ) ;
#672 = CARTESIAN_POINT ( 'NONE',  ( -3.811145628425599341, 8.029163686427272850, 3.462633071500297088 ) ) ;
#673 = TOROIDAL_SURFACE ( 'NONE', #3568, 8.866382193656235700, 0.03500000000000000333 ) ;
#674 = ORIENTED_EDGE ( 'NONE', *, *, #7717, .F. ) ;
#675 = VERTEX_POINT ( 'NONE', #6515 ) ;
#676 = DIRECTION ( 'NONE',  ( -0.7071067811865104913, 8.659560562354479263E-17, 0.7071067811865846542 ) ) ;
#677 = CARTESIAN_POINT ( 'NONE',  ( -8.697427512990367759, -1.933845230657686765, -3.429674227117769814 ) ) ;
#678 = CARTESIAN_POINT ( 'NONE',  ( -3.879820004569297431, 8.171767497885925380, -3.193750000000000089 ) ) ;
#679 = VERTEX_POINT ( 'NONE', #9573 ) ;
#680 = AXIS2_PLACEMENT_3D ( 'NONE', #2127, #5193, #9097 ) ;
#681 = VERTEX_POINT ( 'NONE', #2713 ) ;
#682 = FACE_OUTER_BOUND ( 'NONE', #1349, .T. ) ;
#683 = DIRECTION ( 'NONE',  ( -0.000000000000000000, -0.000000000000000000, 1.000000000000000000 ) ) ;
#684 = VERTEX_POINT ( 'NONE', #9632 ) ;
#685 = AXIS2_PLACEMENT_3D ( 'NONE', #553, #4479, #5078 ) ;
#686 = CARTESIAN_POINT ( 'NONE',  ( 3.789595138428204280, -7.984413632840920982, 3.455541280135824955 ) ) ;
#687 = CARTESIAN_POINT ( 'NONE',  ( -3.771531933161234029, 7.716428513517264776, -3.094141646974374105 ) ) ;
#688 = CARTESIAN_POINT ( 'NONE',  ( -8.653663380659768478, 2.026428039368319389, 3.462633071500297088 ) ) ;
#689 = CARTESIAN_POINT ( 'NONE',  ( -0.05000000000000002359, 8.881356628892445926, -3.466489319800472924 ) ) ;
#690 = AXIS2_PLACEMENT_3D ( 'NONE', #8119, #543, #5122 ) ;
#691 = DIRECTION ( 'NONE',  ( -1.000000000000000000, 0.000000000000000000, 0.000000000000000000 ) ) ;
#692 = ORIENTED_EDGE ( 'NONE', *, *, #6802, .F. ) ;
#693 = ORIENTED_EDGE ( 'NONE', *, *, #7594, .T. ) ;
#694 = CARTESIAN_POINT ( 'NONE',  ( 6.940665282085063836, -5.471043463218379976, -3.454996609771464833 ) ) ;
#695 = CARTESIAN_POINT ( 'NONE',  ( 0.05000000000000002359, -8.862139442843751880, -3.469900311146004501 ) ) ;
#696 = EDGE_CURVE ( 'NONE', #1106, #5744, #5771, .T. ) ;
#697 = DIRECTION ( 'NONE',  ( 0.000000000000000000, 0.000000000000000000, 1.000000000000000000 ) ) ;
#698 = CARTESIAN_POINT ( 'NONE',  ( 0.000000000000000000, 0.000000000000000000, 3.193750000000000533 ) ) ;
#699 = DIRECTION ( 'NONE',  ( -0.4338837391175651148, -0.9009688679024157043, 0.000000000000000000 ) ) ;
#700 = CARTESIAN_POINT ( 'NONE',  ( 0.05000000000000002359, 8.854075290523239161, -3.467739038050325018 ) ) ;
#701 = ADVANCED_FACE ( 'NONE', ( #5026 ), #8077, .T. ) ;
#702 = CARTESIAN_POINT ( 'NONE',  ( -3.771531933161395678, -7.716428513517186616, 3.094141646974374105 ) ) ;
#703 = EDGE_LOOP ( 'NONE', ( #2036, #1566, #1258, #8085 ) ) ;
#704 = B_SPLINE_CURVE_WITH_KNOTS ( 'NONE', 3,
 ( #1417, #2820, #5975, #9035, #8186, #6780, #8934 ),
 .UNSPECIFIED., .F., .F.,
 ( 4, 3, 4 ),
 ( 0.0008460917731560548992, 0.0009002598162382144300, 0.001280034707405371900 ),
 .UNSPECIFIED. ) ;
#705 = ADVANCED_FACE ( 'NONE', ( #9876 ), #2862, .T. ) ;
#706 = CARTESIAN_POINT ( 'NONE',  ( 0.000000000000000000, 0.000000000000000000, -3.193750000000000533 ) ) ;
#707 = ADVANCED_FACE ( 'NONE', ( #4467 ), #9936, .T. ) ;
#708 = CARTESIAN_POINT ( 'NONE',  ( -8.807973303152683897, 2.061648272210978572, -3.193750000000000089 ) ) ;
#709 = CARTESIAN_POINT ( 'NONE',  ( 8.651001148481837433, 2.025820402246272245, -3.464797546056691768 ) ) ;
#710 = EDGE_LOOP ( 'NONE', ( #8709, #9309, #8952, #6888 ) ) ;
#711 = DIRECTION ( 'NONE',  ( -1.000000000000000000, 0.000000000000000000, 0.000000000000000000 ) ) ;
#712 = CARTESIAN_POINT ( 'NONE',  ( 3.904844937517935932, 7.993255819505018955, -3.453478796700601539 ) ) ;
#713 = ADVANCED_FACE ( 'NONE', ( #8981, #5965 ), #9029, .F. ) ;
#714 = CIRCLE ( 'NONE', #7606, 8.837711872106121191 ) ;
#715 = ORIENTED_EDGE ( 'NONE', *, *, #2684, .F. ) ;
#716 = DIRECTION ( 'NONE',  ( 0.9009688679024187019, -0.4338837391175590641, 0.000000000000000000 ) ) ;
#717 = VERTEX_POINT ( 'NONE', #2813 ) ;
#718 =( NAMED_UNIT ( * ) SI_UNIT ( $, .STERADIAN. ) SOLID_ANGLE_UNIT ( ) );
#719 = CARTESIAN_POINT ( 'NONE',  ( -8.628399862454779523, 2.020661806197893817, -3.469846945119945847 ) ) ;
#720 = CARTESIAN_POINT ( 'NONE',  ( -3.794997113488258744, 7.995630949637016371, 3.466377381984353967 ) ) ;
#721 = EDGE_LOOP ( 'NONE', ( #308, #6756, #8688, #5047 ) ) ;
#722 = CARTESIAN_POINT ( 'NONE',  ( -0.05000000000000003747, -8.588668239434865015, 3.094141646974374105 ) ) ;
#723 = B_SPLINE_CURVE_WITH_KNOTS ( 'NONE', 3,
 ( #6159, #6256, #4558, #1506, #5312, #3943, #9214 ),
 .UNSPECIFIED., .F., .F.,
 ( 4, 3, 4 ),
 ( 0.0009532733312319687522, 0.001225696219576461691, 0.001251962535739347760 ),
 .UNSPECIFIED. ) ;
#724 = CARTESIAN_POINT ( 'NONE',  ( -6.906425780025288397, 5.571643172246202091, -3.469378817057675590 ) ) ;
#725 = CARTESIAN_POINT ( 'NONE',  ( -8.679165281223088613, 1.929676995429188358, 3.459706444013471494 ) ) ;
#726 = EDGE_CURVE ( 'NONE', #1943, #8918, #7163, .T. ) ;
#727 = CARTESIAN_POINT ( 'NONE',  ( 3.895126130468818282, 7.973074508718366538, 3.469378817057675590 ) ) ;
#728 = ORIENTED_EDGE ( 'NONE', *, *, #6278, .F. ) ;
#729 = ORIENTED_EDGE ( 'NONE', *, *, #6773, .F. ) ;
#730 = DIRECTION ( 'NONE',  ( -0.000000000000000000, -0.000000000000000000, -1.000000000000000000 ) ) ;
#731 = CARTESIAN_POINT ( 'NONE',  ( 8.605626990655284914, -2.015464046816475285, 3.456075294419946875 ) ) ;
#732 = DIRECTION ( 'NONE',  ( -0.9749279121818227312, 0.2225209339563182787, 0.000000000000000000 ) ) ;
#733 = VERTEX_POINT ( 'NONE', #694 ) ;
#734 = DIRECTION ( 'NONE',  ( 0.000000000000000000, 0.000000000000000000, 1.000000000000000000 ) ) ;
#735 = CARTESIAN_POINT ( 'NONE',  ( 8.669423288030296604, 1.927453449055256618, 3.466916208273112865 ) ) ;
#736 = CARTESIAN_POINT ( 'NONE',  ( -8.662071568797246712, 2.028347153442143558, 3.452954079042413138 ) ) ;
#737 = CARTESIAN_POINT ( 'NONE',  ( 8.384458441792379091, -1.862412082470922270, -3.500000000000000000 ) ) ;
#738 = FACE_OUTER_BOUND ( 'NONE', #9062, .T. ) ;
#739 = ORIENTED_EDGE ( 'NONE', *, *, #8922, .T. ) ;
#740 = DIRECTION ( 'NONE',  ( 1.000000000000000000, 0.000000000000000000, -0.000000000000000000 ) ) ;
#741 = CARTESIAN_POINT ( 'NONE',  ( -8.662371385772200227, 2.028415584710187680, -3.452421434499180375 ) ) ;
#742 = CARTESIAN_POINT ( 'NONE',  ( 3.879879959974195103, 8.171891996566738925, -3.094141646974374105 ) ) ;
#743 = CARTESIAN_POINT ( 'NONE',  ( 0.000000000000000000, 0.000000000000000000, 3.193750000000000533 ) ) ;
#744 = CARTESIAN_POINT ( 'NONE',  ( -8.633561457740791312, 1.919268220312113193, -3.462372291138045455 ) ) ;
#745 = CARTESIAN_POINT ( 'NONE',  ( 0.05000000000000002359, 8.880961487660952614, -3.466916208273112865 ) ) ;
#746 = CARTESIAN_POINT ( 'NONE',  ( 0.05000000000000002359, -8.844177403585215202, 3.462372291138045455 ) ) ;
#747 = ORIENTED_EDGE ( 'NONE', *, *, #3494, .T. ) ;
#748 = VERTEX_POINT ( 'NONE', #2108 ) ;
#749 = VECTOR ( 'NONE', #1839, 1000.000000000000000 ) ;
#750 = LINE ( 'NONE', #1625, #9273 ) ;
#751 = AXIS2_PLACEMENT_3D ( 'NONE', #5838, #7293, #5093 ) ;
#752 = CONICAL_SURFACE ( 'NONE', #6358, 8.869223585189136116, 0.6108652381980126389 ) ;
#753 = CARTESIAN_POINT ( 'NONE',  ( 6.762259978290607876, -5.328769981006818313, 3.129114371485063106 ) ) ;
#754 = CARTESIAN_POINT ( 'NONE',  ( 3.900057710434603031, -7.983315040036372601, 3.464797546056691768 ) ) ;
#755 = VERTEX_POINT ( 'NONE', #4517 ) ;
#756 = CYLINDRICAL_SURFACE ( 'NONE', #5113, 5.686989865158905921 ) ;
#757 = CARTESIAN_POINT ( 'NONE',  ( -7.041302110270501124, -5.679203456406634487, -3.094141646974374105 ) ) ;
#758 = ADVANCED_FACE ( 'NONE', ( #6069 ), #1468, .T. ) ;
#759 = B_SPLINE_CURVE_WITH_KNOTS ( 'NONE', 3,
 ( #8887, #9447, #355, #8789, #3320, #8040, #3532 ),
 .UNSPECIFIED., .F., .F.,
 ( 4, 3, 4 ),
 ( 0.001199429903413612919, 0.001225696219576499638, 0.001498119107920983795 ),
 .UNSPECIFIED. ) ;
#760 = VECTOR ( 'NONE', #8444, 1000.000000000000000 ) ;
#761 = EDGE_CURVE ( 'NONE', #1868, #8454, #1105, .T. ) ;
#762 = AXIS2_PLACEMENT_3D ( 'NONE', #9193, #8531, #4723 ) ;
#763 = ADVANCED_FACE ( 'NONE', ( #9134 ), #8374, .T. ) ;
#764 = EDGE_LOOP ( 'NONE', ( #6942, #917, #4075, #8791, #617, #1482 ) ) ;
#765 = DIRECTION ( 'NONE',  ( -1.000000000000000000, 7.105427357601001859E-15, 0.000000000000000000 ) ) ;
#766 = AXIS2_PLACEMENT_3D ( 'NONE', #8838, #5038, #7332 ) ;
#767 = ORIENTED_EDGE ( 'NONE', *, *, #9892, .F. ) ;
#768 = APPROVAL_DATE_TIME ( #5343, #3328 ) ;
#769 = CARTESIAN_POINT ( 'NONE',  ( 3.790604961623199820, -7.986510552312084066, -3.458522467003439349 ) ) ;
#770 = CARTESIAN_POINT ( 'NONE',  ( -3.814887624180063774, 8.036934020677302115, 3.452954079042414026 ) ) ;
#771 = EDGE_CURVE ( 'NONE', #4806, #3574, #8274, .T. ) ;
#772 = AXIS2_PLACEMENT_3D ( 'NONE', #835, #2290, #1549 ) ;
#773 = ORIENTED_EDGE ( 'NONE', *, *, #9599, .T. ) ;
#774 = VECTOR ( 'NONE', #4822, 1000.000000000000000 ) ;
#775 = CARTESIAN_POINT ( 'NONE',  ( 8.627879084050915637, -1.917971255598293290, 3.456075294419946431 ) ) ;
#776 = AXIS2_PLACEMENT_3D ( 'NONE', #2921, #5970, #9033 ) ;
#777 = CARTESIAN_POINT ( 'NONE',  ( 3.879526546993985026, 7.940681639855260876, -3.454996609771464833 ) ) ;
#778 = DIRECTION ( 'NONE',  ( 1.000000000000000000, 0.000000000000000000, 0.000000000000000000 ) ) ;
#779 = ADVANCED_FACE ( 'NONE', ( #3668 ), #7618, .T. ) ;
#780 = VERTEX_POINT ( 'NONE', #7473 ) ;
#781 = VECTOR ( 'NONE', #2318, 1000.000000000000000 ) ;
#782 = AXIS2_PLACEMENT_3D ( 'NONE', #7894, #8048, #6334 ) ;
#783 = VECTOR ( 'NONE', #4047, 1000.000000000000000 ) ;
#784 = ORIENTED_EDGE ( 'NONE', *, *, #8794, .F. ) ;
#785 = CARTESIAN_POINT ( 'NONE',  ( -0.05000000000000000971, 9.045898922017695298, -3.193750000000000089 ) ) ;
#786 = EDGE_CURVE ( 'NONE', #9048, #9503, #593, .T. ) ;
#787 = EDGE_CURVE ( 'NONE', #1872, #3377, #6817, .T. ) ;
#788 = CARTESIAN_POINT ( 'NONE',  ( -8.362206348396735933, 1.959904873689159333, 3.099533293948748103 ) ) ;
#789 = DIRECTION ( 'NONE',  ( 1.000000000000000000, 0.000000000000000000, 0.000000000000000000 ) ) ;
#790 = ORIENTED_EDGE ( 'NONE', *, *, #1992, .F. ) ;
#791 = CARTESIAN_POINT ( 'NONE',  ( 0.000000000000000000, 0.000000000000000000, -3.434921434499177639 ) ) ;
#792 = CARTESIAN_POINT ( 'NONE',  ( -6.982221020360175778, -5.504183058647989846, -3.460240287494900535 ) ) ;
#793 = DIRECTION ( 'NONE',  ( 1.000000000000000000, 0.000000000000000000, 0.000000000000000000 ) ) ;
#794 = LINE ( 'NONE', #841, #1620 ) ;
#795 = AXIS2_PLACEMENT_3D ( 'NONE', #6567, #9674, #539 ) ;
#796 = DIRECTION ( 'NONE',  ( -0.000000000000000000, -0.000000000000000000, 1.000000000000000000 ) ) ;
#797 = AXIS2_PLACEMENT_3D ( 'NONE', #9542, #7241, #8640 ) ;
#798 = ORIENTED_EDGE ( 'NONE', *, *, #1275, .F. ) ;
#799 = CARTESIAN_POINT ( 'NONE',  ( 8.604868042990053922, 2.015290821964419887, -3.454996609771464833 ) ) ;
#800 = DIRECTION ( 'NONE',  ( 1.000000000000000000, 0.000000000000000000, 0.000000000000000000 ) ) ;
#801 = TOROIDAL_SURFACE ( 'NONE', #2559, 8.866382193656235700, 0.03500000000000000333 ) ;
#802 = DIRECTION ( 'NONE',  ( -0.000000000000000000, -0.000000000000000000, 1.000000000000000000 ) ) ;
#803 = DIRECTION ( 'NONE',  ( 1.000000000000000000, 0.000000000000000000, 0.000000000000000000 ) ) ;
#804 = LINE ( 'NONE', #6965, #8459 ) ;
#805 = DIRECTION ( 'NONE',  ( 0.000000000000000000, 0.000000000000000000, 1.000000000000000000 ) ) ;
#806 = CIRCLE ( 'NONE', #8491, 9.621762239271875572 ) ;
#807 = FACE_OUTER_BOUND ( 'NONE', #2421, .T. ) ;
#808 = ORIENTED_EDGE ( 'NONE', *, *, #7841, .T. ) ;
#809 = ORIENTED_EDGE ( 'NONE', *, *, #4165, .F. ) ;
#810 = DIRECTION ( 'NONE',  ( -0.000000000000000000, -0.000000000000000000, 1.000000000000000000 ) ) ;
#811 = B_SPLINE_CURVE_WITH_KNOTS ( 'NONE', 3,
 ( #4885, #2428, #9393, #248, #4035, #2579, #3278 ),
 .UNSPECIFIED., .F., .F.,
 ( 4, 3, 4 ),
 ( 0.0009532733312319694027, 0.001225696219576462125, 0.001251962535739347977 ),
 .UNSPECIFIED. ) ;
#812 = DIRECTION ( 'NONE',  ( 0.2225209339563245792, 0.9749279121818211769, 0.000000000000000000 ) ) ;
#813 = CARTESIAN_POINT ( 'NONE',  ( -3.879820004569468850, -8.171767497885843667, 3.500000000000000000 ) ) ;
#814 = FACE_OUTER_BOUND ( 'NONE', #1149, .T. ) ;
#815 = CARTESIAN_POINT ( 'NONE',  ( 6.888653535670937522, 5.557470280312730715, 3.466570807216844852 ) ) ;
#816 = DIRECTION ( 'NONE',  ( 0.2225209339563050948, -0.9749279121818257288, 0.000000000000000000 ) ) ;
#817 = ORIENTED_EDGE ( 'NONE', *, *, #1763, .T. ) ;
#818 = DIRECTION ( 'NONE',  ( -1.000000000000000000, -8.881784197001252323E-15, 0.000000000000000000 ) ) ;
#819 = ORIENTED_EDGE ( 'NONE', *, *, #8364, .T. ) ;
#820 = PERSON_AND_ORGANIZATION_ROLE ( 'classification_officer' ) ;
#821 = CARTESIAN_POINT ( 'NONE',  ( -8.606028464958548341, 2.015555680706390795, -3.456597352396201472 ) ) ;
#822 = DIRECTION ( 'NONE',  ( 1.000000000000000000, 0.000000000000000000, 0.000000000000000000 ) ) ;
#823 = ORIENTED_EDGE ( 'NONE', *, *, #4266, .F. ) ;
#824 = ADVANCED_FACE ( 'NONE', ( #9074 ), #6015, .T. ) ;
#825 = DIRECTION ( 'NONE',  ( -0.2225209339563050115, 0.9749279121818257288, 0.000000000000000000 ) ) ;
#826 = CARTESIAN_POINT ( 'NONE',  ( -6.900249666593143871, 5.566717886137348970, -3.469915996672630953 ) ) ;
#828 = B_SPLINE_CURVE_WITH_KNOTS ( 'NONE', 3,
 ( #6790, #9693, #4428, #2826, #3031, #7486, #5187 ),
 .UNSPECIFIED., .F., .F.,
 ( 4, 3, 4 ),
 ( 0.0005204849250710216150, 0.0009002598162381899270, 0.0009544278593203505421 ),
 .UNSPECIFIED. ) ;
#827 = CARTESIAN_POINT ( 'NONE',  ( -8.640010456057838795, 1.920740162094332515, 3.466570807216844852 ) ) ;
#829 = ORIENTED_EDGE ( 'NONE', *, *, #4746, .T. ) ;
#830 = EDGE_CURVE ( 'NONE', #4489, #9361, #5088, .T. ) ;
#831 = ORIENTED_EDGE ( 'NONE', *, *, #6526, .F. ) ;
#832 = LINE ( 'NONE', #5397, #5581 ) ;
#833 = CARTESIAN_POINT ( 'NONE',  ( 4.000000000000000000, 0.000000000000000000, 2.975000000000005418 ) ) ;
#834 = EDGE_CURVE ( 'NONE', #5861, #679, #1435, .T. ) ;
#835 = CARTESIAN_POINT ( 'NONE',  ( 7.103651090456297723, -5.601020308159927019, -3.500000000000000444 ) ) ;
#836 = ORIENTED_EDGE ( 'NONE', *, *, #6489, .F. ) ;
#837 = CARTESIAN_POINT ( 'NONE',  ( 0.000000000000000000, 0.000000000000000000, -7.960204194457796463E-16 ) ) ;
#838 = CARTESIAN_POINT ( 'NONE',  ( -6.965660928076322200, -5.490976825734180444, -3.469985047562924141 ) ) ;
#839 = CARTESIAN_POINT ( 'NONE',  ( 0.000000000000000000, 0.000000000000000000, 2.449999999999999289 ) ) ;
#840 = AXIS2_PLACEMENT_3D ( 'NONE', #2152, #8224, #1358 ) ;
#841 = CARTESIAN_POINT ( 'NONE',  ( 7.041302110270462045, 5.679203456406682449, 3.094141646974374105 ) ) ;
#842 = EDGE_CURVE ( 'NONE', #5861, #9513, #7761, .T. ) ;
#843 = DIRECTION ( 'NONE',  ( -0.000000000000000000, -0.000000000000000000, -1.000000000000000000 ) ) ;
#844 = ORIENTED_EDGE ( 'NONE', *, *, #144, .T. ) ;
#845 = CARTESIAN_POINT ( 'NONE',  ( -6.940665282085022092, 5.471043463218431491, 3.454996609771464833 ) ) ;
#846 = CIRCLE ( 'NONE', #2130, 9.621762239271875572 ) ;
#847 = CARTESIAN_POINT ( 'NONE',  ( 0.000000000000000000, 7.500000000000000000, -3.092233167847068013E-16 ) ) ;
#848 = CARTESIAN_POINT ( 'NONE',  ( -7.103543054550032210, -5.600934152399481114, -3.500000000000000000 ) ) ;
#849 = DIRECTION ( 'NONE',  ( -0.000000000000000000, -0.000000000000000000, 1.000000000000000000 ) ) ;
#850 = CARTESIAN_POINT ( 'NONE',  ( -3.681435046371154041, -7.759816887428941712, -3.099533293948748103 ) ) ;
#851 = B_SPLINE_CURVE_WITH_KNOTS ( 'NONE', 3,
 ( #2805, #6708, #8115, #7370, #5212, #489, #9775 ),
 .UNSPECIFIED., .F., .F.,
 ( 4, 3, 4 ),
 ( 0.001199429903413612485, 0.001225696219576500072, 0.001498119107920983795 ),
 .UNSPECIFIED. ) ;
#852 = ADVANCED_FACE ( 'NONE', ( #129 ), #9930, .T. ) ;
#853 = CARTESIAN_POINT ( 'NONE',  ( 8.830225396548341266, 1.964155480992677116, 3.094141646974374105 ) ) ;
#854 = VERTEX_POINT ( 'NONE', #984 ) ;
#855 = ORIENTED_EDGE ( 'NONE', *, *, #8185, .T. ) ;
#856 = DIRECTION ( 'NONE',  ( -1.000000000000000000, 0.000000000000000000, -0.000000000000000000 ) ) ;
#857 = LINE ( 'NONE', #6084, #2526 ) ;
#858 = FACE_OUTER_BOUND ( 'NONE', #5473, .T. ) ;
#859 = LINE ( 'NONE', #3925, #3323 ) ;
#860 = ADVANCED_FACE ( 'NONE', ( #4669 ), #9254, .T. ) ;
#861 = CARTESIAN_POINT ( 'NONE',  ( 6.900669263985750312, 5.567052503891835258, 3.470139885832122406 ) ) ;
#862 = CARTESIAN_POINT ( 'NONE',  ( 5.378237760728125316, 0.000000000000000000, -2.449999999999999289 ) ) ;
#863 = ORIENTED_EDGE ( 'NONE', *, *, #1813, .T. ) ;
#864 = DIRECTION ( 'NONE',  ( -0.7071067811865429098, 8.659560562354876159E-17, 0.7071067811865522357 ) ) ;
#865 = ORIENTED_EDGE ( 'NONE', *, *, #1379, .F. ) ;
#866 = CARTESIAN_POINT ( 'NONE',  ( -8.659349970517940420, 2.027725966394980706, -3.457279025203407574 ) ) ;
#867 = CARTESIAN_POINT ( 'NONE',  ( -8.611309364345199668, -2.016761011530121994, 3.462372291138045455 ) ) ;
#868 = VERTEX_POINT ( 'NONE', #2492 ) ;
#869 = CARTESIAN_POINT ( 'NONE',  ( 8.869223585189136116, 0.000000000000000000, 3.500000000000000444 ) ) ;
#870 = CARTESIAN_POINT ( 'NONE',  ( -8.654470594800006467, -1.924040594400825865, -3.469915996672630953 ) ) ;
#871 = EDGE_LOOP ( 'NONE', ( #6422, #9883, #6174, #1075 ) ) ;
#872 = EDGE_LOOP ( 'NONE', ( #1665, #3515, #2811, #4028, #6437, #7793 ) ) ;
#873 = CARTESIAN_POINT ( 'NONE',  ( 0.000000000000000000, 0.000000000000000000, 3.099533293948747659 ) ) ;
#874 = CARTESIAN_POINT ( 'NONE',  ( 8.643545619096329347, -2.024118726315969230, 3.468147503381453944 ) ) ;
#875 = CYLINDRICAL_SURFACE ( 'NONE', #9902, 11.00000000000000000 ) ;
#876 = ORIENTED_EDGE ( 'NONE', *, *, #3361, .F. ) ;
#877 = CARTESIAN_POINT ( 'NONE',  ( 0.000000000000000000, 0.000000000000000000, 3.500000000000000000 ) ) ;
#878 = CARTESIAN_POINT ( 'NONE',  ( 6.986779382597008592, -5.507818231228904793, 3.452421434499180375 ) ) ;
#879 = CARTESIAN_POINT ( 'NONE',  ( -6.962598646779133205, -5.488534737890400805, -3.469915996672630953 ) ) ;
#880 = FACE_OUTER_BOUND ( 'NONE', #1282, .T. ) ;
#881 = EDGE_CURVE ( 'NONE', #4107, #6185, #3829, .T. ) ;
#882 = CARTESIAN_POINT ( 'NONE',  ( 0.000000000000000000, 0.000000000000000000, 3.094141646974374105 ) ) ;
#883 = B_SPLINE_CURVE_WITH_KNOTS ( 'NONE', 3,
 ( #3877, #47, #3123, #2364, #4680, #3168, #7730 ),
 .UNSPECIFIED., .F., .F.,
 ( 4, 3, 4 ),
 ( 0.0005204849250710226992, 0.0009002598162381905775, 0.0009544278593203508673 ),
 .UNSPECIFIED. ) ;
#884 = EDGE_CURVE ( 'NONE', #7589, #7418, #7545, .T. ) ;
#885 = EDGE_CURVE ( 'NONE', #6468, #960, #2994, .T. ) ;
#886 = CARTESIAN_POINT ( 'NONE',  ( 3.880042983354367259, -7.941754031007707049, -3.456597352396201472 ) ) ;
#887 = VERTEX_POINT ( 'NONE', #8816 ) ;
#888 = CARTESIAN_POINT ( 'NONE',  ( -6.986779382596969512, 5.507818231228957195, 3.452421434499180375 ) ) ;
#889 = DIRECTION ( 'NONE',  ( 1.000000000000000000, 0.000000000000000000, 0.000000000000000000 ) ) ;
#890 = ADVANCED_FACE ( 'NONE', ( #423 ), #2842, .T. ) ;
#891 = LINE ( 'NONE', #133, #7802 ) ;
#892 = LINE ( 'NONE', #4758, #3178 ) ;
#893 = CARTESIAN_POINT ( 'NONE',  ( 3.681435046371045683, -7.759816887428994114, 3.094141646974374105 ) ) ;
#894 = LINE ( 'NONE', #6081, #8864 ) ;
#895 = VERTEX_POINT ( 'NONE', #4903 ) ;
#896 = ORIENTED_EDGE ( 'NONE', *, *, #6714, .T. ) ;
#897 = PLANE ( 'NONE',  #1120 ) ;
#898 = DIRECTION ( 'NONE',  ( 0.2225209339563246624, 0.9749279121818212879, 0.000000000000000000 ) ) ;
#899 = DIRECTION ( 'NONE',  ( -1.000000000000000000, 0.000000000000000000, 0.000000000000000000 ) ) ;
#900 = EDGE_CURVE ( 'NONE', #7892, #5994, #4783, .T. ) ;
#901 = CARTESIAN_POINT ( 'NONE',  ( 8.666639397120894373, -2.029389730449090656, 3.444839032082838592 ) ) ;
#902 = CARTESIAN_POINT ( 'NONE',  ( 3.881453065862053187, 7.944682097505703311, -3.460296783607140103 ) ) ;
#903 = VERTEX_POINT ( 'NONE', #6504 ) ;
#904 = AXIS2_PLACEMENT_3D ( 'NONE', #3483, #5686, #7247 ) ;
#905 = CARTESIAN_POINT ( 'NONE',  ( 0.000000000000000000, 0.000000000000000000, -3.193750000000000533 ) ) ;
#906 = EDGE_LOOP ( 'NONE', ( #5218, #5954, #2628, #9471 ) ) ;
#907 = DATE_AND_TIME ( #97, #7245 ) ;
#908 = CARTESIAN_POINT ( 'NONE',  ( 0.000000000000000000, 0.000000000000000000, -3.193750000000000533 ) ) ;
#909 = CARTESIAN_POINT ( 'NONE',  ( -8.621380678306064027, -2.019059723220224090, 3.468127985775450117 ) ) ;
#910 = ORIENTED_EDGE ( 'NONE', *, *, #4021, .F. ) ;
#911 = CARTESIAN_POINT ( 'NONE',  ( 8.683130557623551127, -1.930582043891686750, 3.455073707654065629 ) ) ;
#912 = VECTOR ( 'NONE', #2269, 1000.000000000000000 ) ;
#913 = CIRCLE ( 'NONE', #4934, 8.588813778810038713 ) ;
#914 = CIRCLE ( 'NONE', #2857, 8.837711872106121191 ) ;
#915 = CARTESIAN_POINT ( 'NONE',  ( 8.624540184687441879, -2.019780859934190875, -3.469100694293998810 ) ) ;
#916 = AXIS2_PLACEMENT_3D ( 'NONE', #7481, #9739, #6627 ) ;
#917 = ORIENTED_EDGE ( 'NONE', *, *, #7833, .T. ) ;
#918 = CIRCLE ( 'NONE', #5421, 8.896693082788692308 ) ;
#919 = CIRCLE ( 'NONE', #3813, 8.896693082788692308 ) ;
#920 = CARTESIAN_POINT ( 'NONE',  ( 3.905117942076983706, 7.993822719313241620, 3.452421434499180375 ) ) ;
#921 = CONICAL_SURFACE ( 'NONE', #2373, 8.869223585189136116, 0.6108652381980126389 ) ;
#922 = CARTESIAN_POINT ( 'NONE',  ( 8.605239869185391299, -2.015375688867176329, 3.455541280135825843 ) ) ;
#923 = CARTESIAN_POINT ( 'NONE',  ( -8.394555401783312831, 1.864716647700088936, -3.114323832567764239 ) ) ;
#924 = ORIENTED_EDGE ( 'NONE', *, *, #4324, .F. ) ;
#925 = CARTESIAN_POINT ( 'NONE',  ( 6.927853081768522436, 5.588730875181825652, -3.444839032082839037 ) ) ;
#926 = CARTESIAN_POINT ( 'NONE',  ( 6.941273910857324481, -5.471528828467965511, 3.456075294419946431 ) ) ;
#927 = DIRECTION ( 'NONE',  ( 1.000000000000000000, 0.000000000000000000, 0.000000000000000000 ) ) ;
#928 = DIRECTION ( 'NONE',  ( -0.000000000000000000, -0.000000000000000000, 1.000000000000000000 ) ) ;
#929 = AXIS2_PLACEMENT_3D ( 'NONE', #3488, #6830, #3737 ) ;
#930 = DIRECTION ( 'NONE',  ( -0.7818314824680221431, 0.6234898018587431423, 0.000000000000000000 ) ) ;
#931 = VECTOR ( 'NONE', #2253, 1000.000000000000000 ) ;
#932 = CARTESIAN_POINT ( 'NONE',  ( -8.384458441792405736, -1.862412082470809027, -3.094141646974374105 ) ) ;
#933 = ORIENTED_EDGE ( 'NONE', *, *, #9236, .F. ) ;
#934 = CARTESIAN_POINT ( 'NONE',  ( -6.953907387462504808, 5.481603689869749552, 3.468127985775450117 ) ) ;
#935 = EDGE_CURVE ( 'NONE', #2327, #1353, #9330, .T. ) ;
#936 = AXIS2_PLACEMENT_3D ( 'NONE', #393, #3464, #5774 ) ;
#937 = DIRECTION ( 'NONE',  ( -0.000000000000000000, -0.000000000000000000, 1.000000000000000000 ) ) ;
#938 = ORIENTED_EDGE ( 'NONE', *, *, #1514, .F. ) ;
#939 = EDGE_CURVE ( 'NONE', #9782, #8213, #2876, .T. ) ;
#940 = DIRECTION ( 'NONE',  ( 1.000000000000000000, -2.664535259100375697E-15, 0.000000000000000000 ) ) ;
#941 = DIRECTION ( 'NONE',  ( 1.000000000000000000, 0.000000000000000000, 0.000000000000000000 ) ) ;
#942 = DIRECTION ( 'NONE',  ( 0.000000000000000000, 0.000000000000000000, -1.000000000000000000 ) ) ;
#943 = CIRCLE ( 'NONE', #3523, 9.046037105128458933 ) ;
#944 = CARTESIAN_POINT ( 'NONE',  ( -9.621762239271875572, 1.178326032848117103E-15, -1.224999999999999867 ) ) ;
#945 = AXIS2_PLACEMENT_3D ( 'NONE', #1920, #9581, #501 ) ;
#946 = ORIENTED_EDGE ( 'NONE', *, *, #5683, .F. ) ;
#947 = VERTEX_POINT ( 'NONE', #1797 ) ;
#948 = CARTESIAN_POINT ( 'NONE',  ( 6.683716731970481995, -5.394038632959075485, -3.094141646974374105 ) ) ;
#949 = CARTESIAN_POINT ( 'NONE',  ( 3.910816273206107141, -8.005655425827766791, 3.429674227117770702 ) ) ;
#950 = CARTESIAN_POINT ( 'NONE',  ( 3.881095632990732458, -7.943939880500714423, 3.459673052288552153 ) ) ;
#951 = ADVANCED_FACE ( 'NONE', ( #1897 ), #7908, .T. ) ;
#952 = AXIS2_PLACEMENT_3D ( 'NONE', #6618, #4314, #1045 ) ;
#953 = CARTESIAN_POINT ( 'NONE',  ( 2.191112882543639895, -4.549892782907230426, -1.592040838891560081E-16 ) ) ;
#954 = CARTESIAN_POINT ( 'NONE',  ( 8.785959443115478607, 1.954052065983967745, 3.272391413630716173 ) ) ;
#955 = AXIS2_PLACEMENT_3D ( 'NONE', #1041, #8767, #8666 ) ;
#956 = EDGE_CURVE ( 'NONE', #1745, #2117, #4122, .T. ) ;
#957 = ORIENTED_EDGE ( 'NONE', *, *, #6049, .T. ) ;
#958 = EDGE_CURVE ( 'NONE', #7779, #9822, #9755, .T. ) ;
#959 = CARTESIAN_POINT ( 'NONE',  ( -8.830225396548316397, 1.964155480992796354, 3.193750000000000089 ) ) ;
#960 = VERTEX_POINT ( 'NONE', #2697 ) ;
#961 = ADVANCED_FACE ( 'NONE', ( #2956 ), #6650, .T. ) ;
#962 = DIRECTION ( 'NONE',  ( -0.000000000000000000, -0.000000000000000000, -1.000000000000000000 ) ) ;
#963 = CARTESIAN_POINT ( 'NONE',  ( 0.000000000000000000, 0.000000000000000000, 3.193750000000000533 ) ) ;
#964 = VERTEX_POINT ( 'NONE', #2039 ) ;
#965 = CARTESIAN_POINT ( 'NONE',  ( 8.404652361358978752, 1.867021212834296895, -3.129114371485063550 ) ) ;
#966 = CARTESIAN_POINT ( 'NONE',  ( -8.830225396548355477, -1.964155480992619385, -3.193750000000000089 ) ) ;
#967 = B_SPLINE_CURVE_WITH_KNOTS ( 'NONE', 3,
 ( #2208, #4371, #5325, #4520, #6018, #7578, #8378, #2816, #3675, #2158, #6621, #1412, #9879, #7476, #9684, #5924, #6076, #549, #3620, #4473, #7432, #9835 ),
 .UNSPECIFIED., .F., .F.,
 ( 4, 3, 3, 3, 3, 3, 3, 4 ),
 ( 0.0002168574548798330608, 0.0002188290334246882846, 0.0002305812013871275351, 0.0002423333607551997598, 0.0002540856419916185890, 0.0002658380091482382768, 0.0002775903405257901051, 0.0002867718163053232594 ),
 .UNSPECIFIED. ) ;
#968 = ORIENTED_EDGE ( 'NONE', *, *, #2180, .F. ) ;
#969 = EDGE_CURVE ( 'NONE', #450, #7248, #635, .T. ) ;
#970 = DESIGN_CONTEXT ( 'detailed design', #9270, 'design' ) ;
#971 = CARTESIAN_POINT ( 'NONE',  ( 0.000000000000000000, 0.000000000000000000, 3.500000000000000444 ) ) ;
#972 = CARTESIAN_POINT ( 'NONE',  ( 0.000000000000000000, 0.000000000000000000, 3.452421434499180375 ) ) ;
#973 = ORIENTED_EDGE ( 'NONE', *, *, #5077, .F. ) ;
#974 = DIRECTION ( 'NONE',  ( 0.7818314824680268060, -0.6234898018587372581, 0.000000000000000000 ) ) ;
#975 = EDGE_LOOP ( 'NONE', ( #1677, #8682, #2403, #1996 ) ) ;
#976 = CARTESIAN_POINT ( 'NONE',  ( 8.647556428850503352, 2.025034167469315971, 3.466489319800472924 ) ) ;
#977 = CARTESIAN_POINT ( 'NONE',  ( -3.900057710434547076, 7.983315040036399246, -3.464797546056691768 ) ) ;
#978 = CYLINDRICAL_SURFACE ( 'NONE', #7837, 5.378237760728125316 ) ;
#979 = LINE ( 'NONE', #9365, #2225 ) ;
#980 = CARTESIAN_POINT ( 'NONE',  ( -3.785012642412569850, 7.744421494718635834, 3.143904910697430832 ) ) ;
#981 = ORIENTED_EDGE ( 'NONE', *, *, #6333, .T. ) ;
#982 = CARTESIAN_POINT ( 'NONE',  ( -0.05000000000000002359, -8.837570431649497849, 3.454996609771464833 ) ) ;
#983 = ORIENTED_EDGE ( 'NONE', *, *, #5128, .T. ) ;
#984 = CARTESIAN_POINT ( 'NONE',  ( 6.878316301899227270, 5.549226611465136294, -3.454996609771464833 ) ) ;
#985 = CARTESIAN_POINT ( 'NONE',  ( -3.757925033893184885, -7.918649983141987647, 3.351299362948741312 ) ) ;
#986 = ORIENTED_EDGE ( 'NONE', *, *, #3955, .F. ) ;
#987 = DIRECTION ( 'NONE',  ( 0.000000000000000000, 0.000000000000000000, 1.000000000000000000 ) ) ;
#988 = CARTESIAN_POINT ( 'NONE',  ( 6.827126517065100764, -5.380499319508385447, -3.247602129575368313 ) ) ;
#989 = CARTESIAN_POINT ( 'NONE',  ( 0.000000000000000000, 0.000000000000000000, 3.500000000000000444 ) ) ;
#990 = CARTESIAN_POINT ( 'NONE',  ( -5.378237760728125316, 0.000000000000000000, 3.376256313292342437 ) ) ;
#991 = B_SPLINE_CURVE_WITH_KNOTS ( 'NONE', 3,
 ( #5979, #2777, #2823, #8994, #3576, #2119, #5874, #2073, #2929, #4275, #5140, #5783, #9740, #6673, #5229, #6628, #9038, #8285, #5082, #8839, #1423, #7483 ),
 .UNSPECIFIED., .F., .F.,
 ( 4, 3, 3, 3, 3, 3, 3, 4 ),
 ( 0.0002168574548798304588, 0.0002188290334246854115, 0.0002305812013871250956, 0.0002423333607551973203, 0.0002540856419916164748, 0.0002658380091482357831, 0.0002775903405257877199, 0.0002867718163053204405 ),
 .UNSPECIFIED. ) ;
#992 = AXIS2_PLACEMENT_3D ( 'NONE', #3225, #3881, #716 ) ;
#993 = DIRECTION ( 'NONE',  ( 0.9749279121818227312, -0.2225209339563181676, 0.000000000000000000 ) ) ;
#994 = EDGE_CURVE ( 'NONE', #8505, #9201, #8247, .T. ) ;
#995 = VERTEX_POINT ( 'NONE', #4403 ) ;
#996 = ORIENTED_EDGE ( 'NONE', *, *, #6419, .T. ) ;
#997 = CARTESIAN_POINT ( 'NONE',  ( -3.879820004569297431, 8.171767497885925380, 3.193750000000000089 ) ) ;
#998 = DIRECTION ( 'NONE',  ( 0.000000000000000000, 0.000000000000000000, 1.000000000000000000 ) ) ;
#999 = DIRECTION ( 'NONE',  ( -0.000000000000000000, -0.000000000000000000, 1.000000000000000000 ) ) ;
#1000 = CARTESIAN_POINT ( 'NONE',  ( -3.969976846764321721, 8.128503622655038896, -3.500000000000000444 ) ) ;
#1001 = CARTESIAN_POINT ( 'NONE',  ( 6.924430402411174690, 5.586001379475661111, 3.452421434499180375 ) ) ;
#1002 = AXIS2_PLACEMENT_3D ( 'NONE', #2723, #4178, #7234 ) ;
#1003 = DIRECTION ( 'NONE',  ( 0.000000000000000000, 0.000000000000000000, -1.000000000000000000 ) ) ;
#1004 = ADVANCED_FACE ( 'NONE', ( #682 ), #6807, .T. ) ;
#1005 = ORIENTED_EDGE ( 'NONE', *, *, #787, .T. ) ;
#1006 = ADVANCED_FACE ( 'NONE', ( #4300 ), #4307, .F. ) ;
#1007 = CARTESIAN_POINT ( 'NONE',  ( -8.693159501790567845, 1.932871084952892282, 3.437256629622304160 ) ) ;
#1008 = EDGE_CURVE ( 'NONE', #1037, #679, #5972, .T. ) ;
#1009 = EDGE_LOOP ( 'NONE', ( #4388, #2188, #7134, #3887, #2100, #5759, #1498, #2466, #4352, #6269, #5785, #8348, #2959, #7411, #6739, #3109, #4491, #8108, #4719, #2502, #8315, #1761, #8657, #3312, #5602, #2501, #5037, #4313, #4381, #8354, #1951, #639 ) ) ;
#1010 = VECTOR ( 'NONE', #9378, 1000.000000000000000 ) ;
#1011 = DIRECTION ( 'NONE',  ( 0.000000000000000000, 0.000000000000000000, 1.000000000000000000 ) ) ;
#1012 = DIRECTION ( 'NONE',  ( 1.000000000000000000, 0.000000000000000000, 0.000000000000000000 ) ) ;
#1013 = LINE ( 'NONE', #6484, #589 ) ;
#1014 = ORIENTED_EDGE ( 'NONE', *, *, #3374, .T. ) ;
#1015 = CARTESIAN_POINT ( 'NONE',  ( -3.882271953616813764, -7.946382535449714624, -3.461862008941932967 ) ) ;
#1016 = ADVANCED_FACE ( 'NONE', ( #7460 ), #3709, .T. ) ;
#1017 = CARTESIAN_POINT ( 'NONE',  ( 4.317143204219648922, -8.964640235629097731, -1.592040838891560081E-16 ) ) ;
#1018 = ORIENTED_EDGE ( 'NONE', *, *, #8452, .T. ) ;
#1019 = CARTESIAN_POINT ( 'NONE',  ( 0.000000000000000000, 0.000000000000000000, -3.201256313292353717 ) ) ;
#1020 = DIRECTION ( 'NONE',  ( 0.000000000000000000, 0.000000000000000000, -1.000000000000000000 ) ) ;
#1021 = ORIENTED_EDGE ( 'NONE', *, *, #2543, .T. ) ;
#1022 = DIRECTION ( 'NONE',  ( 1.000000000000000000, 0.000000000000000000, 0.000000000000000000 ) ) ;
#1023 = ORIENTED_EDGE ( 'NONE', *, *, #1088, .F. ) ;
#1024 = ADVANCED_FACE ( 'NONE', ( #580 ), #449, .T. ) ;
#1025 = CARTESIAN_POINT ( 'NONE',  ( -3.789429660203631034, 7.984070013767070151, 3.454996609771464833 ) ) ;
#1026 = DIRECTION ( 'NONE',  ( 0.000000000000000000, 0.000000000000000000, -1.000000000000000000 ) ) ;
#1027 = CARTESIAN_POINT ( 'NONE',  ( -11.00000000000000000, 0.000000000000000000, 2.975000000000000089 ) ) ;
#1028 = CARTESIAN_POINT ( 'NONE',  ( 0.000000000000000000, 0.000000000000000000, -3.193750000000000533 ) ) ;
#1029 = CARTESIAN_POINT ( 'NONE',  ( -3.879526546994039649, -7.940681639855232454, 3.454996609771464833 ) ) ;
#1030 = B_SPLINE_CURVE_WITH_KNOTS ( 'NONE', 3,
 ( #1607, #9125, #9317, #2442, #6115, #2252, #5313 ),
 .UNSPECIFIED., .F., .F.,
 ( 4, 3, 4 ),
 ( 0.0009532733312319690774, 0.001225696219576461908, 0.001251962535739348193 ),
 .UNSPECIFIED. ) ;
#1031 = ORIENTED_EDGE ( 'NONE', *, *, #6974, .T. ) ;
#1032 = CARTESIAN_POINT ( 'NONE',  ( 6.927853081768485133, -5.588730875181871838, 3.444839032082838592 ) ) ;
#1033 = ORIENTED_EDGE ( 'NONE', *, *, #3104, .F. ) ;
#1034 = CARTESIAN_POINT ( 'NONE',  ( 8.636228808187224715, 1.919877025645300384, -3.464362763198132189 ) ) ;
#1035 = CARTESIAN_POINT ( 'NONE',  ( -8.362206348396773237, -1.959904873688991467, -3.099533293948748103 ) ) ;
#1036 = CARTESIAN_POINT ( 'NONE',  ( -3.811145628425599341, 8.029163686427272850, -3.462633071500297088 ) ) ;
#1037 = VERTEX_POINT ( 'NONE', #2098 ) ;
#1038 = CARTESIAN_POINT ( 'NONE',  ( 0.000000000000000000, 0.000000000000000000, -3.376256313292342437 ) ) ;
#1039 = CARTESIAN_POINT ( 'NONE',  ( -6.764777536879300612, -5.458682467755097356, -3.247602129575368313 ) ) ;
#1040 = DIRECTION ( 'NONE',  ( -0.000000000000000000, -0.000000000000000000, 1.000000000000000000 ) ) ;
#1041 = CARTESIAN_POINT ( 'NONE',  ( 0.05000000000000000278, 9.146037105128458577, 3.500000000000000444 ) ) ;
#1042 = CARTESIAN_POINT ( 'NONE',  ( 0.05000000000000002359, -8.890954014360714197, 3.459706444013471494 ) ) ;
#1043 = ORIENTED_EDGE ( 'NONE', *, *, #9043, .F. ) ;
#1044 = ORIENTED_EDGE ( 'NONE', *, *, #5198, .F. ) ;
#1045 = DIRECTION ( 'NONE',  ( 1.000000000000000000, 0.000000000000000000, 0.000000000000000000 ) ) ;
#1046 = DIRECTION ( 'NONE',  ( -0.000000000000000000, -0.000000000000000000, 1.000000000000000000 ) ) ;
#1047 = CARTESIAN_POINT ( 'NONE',  ( -8.905600812942541467, 2.083931114241475591, 3.094141646974374105 ) ) ;
#1048 = CARTESIAN_POINT ( 'NONE',  ( 3.969916891359654976, 8.128379123974113440, -3.094141646974374105 ) ) ;
#1049 = DIRECTION ( 'NONE',  ( -1.000000000000000000, -8.881784197001252323E-16, 0.000000000000000000 ) ) ;
#1050 = DIRECTION ( 'NONE',  ( -0.000000000000000000, -0.000000000000000000, 1.000000000000000000 ) ) ;
#1051 = ORIENTED_EDGE ( 'NONE', *, *, #7231, .T. ) ;
#1052 = DIRECTION ( 'NONE',  ( 1.000000000000000000, 0.000000000000000000, 0.000000000000000000 ) ) ;
#1053 = ORIENTED_EDGE ( 'NONE', *, *, #1750, .F. ) ;
#1054 = DIRECTION ( 'NONE',  ( -0.7818314824680352437, -0.6234898018587267110, 0.000000000000000000 ) ) ;
#1055 = CARTESIAN_POINT ( 'NONE',  ( 9.046037105128458933, 0.000000000000000000, 2.994533293948747676 ) ) ;
#1056 = DIRECTION ( 'NONE',  ( 1.000000000000000000, 0.000000000000000000, 0.000000000000000000 ) ) ;
#1057 = B_SPLINE_CURVE_WITH_KNOTS ( 'NONE', 3,
 ( #6703, #3192, #7710, #6250, #6948, #114, #9310 ),
 .UNSPECIFIED., .F., .F.,
 ( 4, 3, 4 ),
 ( 0.0005204849250710216150, 0.0009002598162381901439, 0.0009544278593203507589 ),
 .UNSPECIFIED. ) ;
#1058 = EDGE_CURVE ( 'NONE', #6660, #9230, #1057, .T. ) ;
#1059 = EDGE_LOOP ( 'NONE', ( #8088, #3646, #1005, #8888 ) ) ;
#1060 = CARTESIAN_POINT ( 'NONE',  ( -3.893398084003624415, -7.969486183258980283, -3.469985047562924141 ) ) ;
#1061 = CONICAL_SURFACE ( 'NONE', #6716, 8.869223585189136116, 0.6108652381980126389 ) ;
#1062 = EDGE_CURVE ( 'NONE', #7746, #2953, #3711, .T. ) ;
#1063 = DIRECTION ( 'NONE',  ( -0.000000000000000000, -0.000000000000000000, 1.000000000000000000 ) ) ;
#1064 = AXIS2_PLACEMENT_3D ( 'NONE', #706, #6783, #9842 ) ;
#1065 = ORIENTED_EDGE ( 'NONE', *, *, #6066, .F. ) ;
#1066 = ADVANCED_FACE ( 'NONE', ( #3055 ), #9913, .T. ) ;
#1067 = CARTESIAN_POINT ( 'NONE',  ( -6.878316301899265461, -5.549226611465089221, 3.454996609771464833 ) ) ;
#1068 = CARTESIAN_POINT ( 'NONE',  ( -8.807973303152683897, 2.061648272210978572, -3.094141646974374105 ) ) ;
#1069 = AXIS2_PLACEMENT_3D ( 'NONE', #6534, #2727, #9589 ) ;
#1070 = AXIS2_PLACEMENT_3D ( 'NONE', #6686, #2944, #10 ) ;
#1071 = EDGE_LOOP ( 'NONE', ( #8720, #8226, #5395, #3534 ) ) ;
#1072 = B_SPLINE_CURVE_WITH_KNOTS ( 'NONE', 3,
 ( #524, #8960, #2090, #9658, #1341, #4395, #3641 ),
 .UNSPECIFIED., .F., .F.,
 ( 4, 3, 4 ),
 ( 0.0008460917731560553328, 0.0009002598162382148637, 0.001280034707405372334 ),
 .UNSPECIFIED. ) ;
#1073 = VECTOR ( 'NONE', #650, 1000.000000000000000 ) ;
#1074 = CARTESIAN_POINT ( 'NONE',  ( -8.485539612174493485, 1.885483199994417491, -3.247602129575368313 ) ) ;
#1075 = ORIENTED_EDGE ( 'NONE', *, *, #4812, .T. ) ;
#1076 = DIRECTION ( 'NONE',  ( 1.000000000000000000, 0.000000000000000000, 0.000000000000000000 ) ) ;
#1077 = CIRCLE ( 'NONE', #5256, 8.837711872106121191 ) ;
#1078 = EDGE_CURVE ( 'NONE', #198, #4055, #832, .T. ) ;
#1079 = CARTESIAN_POINT ( 'NONE',  ( 0.05000000000000004441, -8.588668239434865015, 3.099533293948748103 ) ) ;
#1080 = CARTESIAN_POINT ( 'NONE',  ( 0.000000000000000000, 9.950000000000001066, -1.592040838891560081E-16 ) ) ;
#1081 = CARTESIAN_POINT ( 'NONE',  ( -0.05000000000000002359, -8.837570431649497849, 3.454996609771464833 ) ) ;
#1082 = CARTESIAN_POINT ( 'NONE',  ( 3.818819942739251960, -8.045099564303450634, -3.437256629622303716 ) ) ;
#1083 = ORIENTED_EDGE ( 'NONE', *, *, #5080, .F. ) ;
#1084 = TOROIDAL_SURFACE ( 'NONE', #6050, 8.866382193656235700, 0.03500000000000000333 ) ;
#1085 = EDGE_LOOP ( 'NONE', ( #7463, #6761 ) ) ;
#1086 = CONICAL_SURFACE ( 'NONE', #9095, 9.046037105128458933, 0.5235987755983011471 ) ;
#1087 = EDGE_CURVE ( 'NONE', #8107, #2311, #5021, .T. ) ;
#1088 = EDGE_CURVE ( 'NONE', #8303, #658, #4410, .T. ) ;
#1089 = CARTESIAN_POINT ( 'NONE',  ( -0.05000000000000001665, -8.896245052708611212, 3.452954079042413138 ) ) ;
#1090 = CONICAL_SURFACE ( 'NONE', #7977, 8.588813778810038713, 0.1745329251994453545 ) ;
#1091 = VERTEX_POINT ( 'NONE', #8507 ) ;
#1092 = CARTESIAN_POINT ( 'NONE',  ( 0.000000000000000000, 0.000000000000000000, 3.099533293948747659 ) ) ;
#1093 = CARTESIAN_POINT ( 'NONE',  ( -8.633289009070979958, -1.919206035680940392, 3.461862008941932967 ) ) ;
#1094 = CARTESIAN_POINT ( 'NONE',  ( 6.934698440303953326, 5.594189866451189985, 3.429674227117770702 ) ) ;
#1095 = VERTEX_POINT ( 'NONE', #920 ) ;
#1096 = AXIS2_PLACEMENT_3D ( 'NONE', #6704, #9772, #5956 ) ;
#1097 = CARTESIAN_POINT ( 'NONE',  ( -6.986779382597083199, -5.507818231228810646, 3.452421434499180375 ) ) ;
#1098 = DIRECTION ( 'NONE',  ( 0.9009688679024187019, -0.4338837391175590641, 0.000000000000000000 ) ) ;
#1099 = DIRECTION ( 'NONE',  ( -0.000000000000000000, -0.000000000000000000, 1.000000000000000000 ) ) ;
#1100 = PLANE ( 'NONE',  #8978 ) ;
#1101 = CIRCLE ( 'NONE', #3674, 9.046037105128458933 ) ;
#1102 = CONICAL_SURFACE ( 'NONE', #7990, 9.498018552564230887, 0.7853981633974393972 ) ;
#1103 = CARTESIAN_POINT ( 'NONE',  ( 3.681435046371100750, 7.759816887428968357, -3.099533293948748103 ) ) ;
#1104 = ORIENTED_EDGE ( 'NONE', *, *, #5607, .F. ) ;
#1105 = CIRCLE ( 'NONE', #5408, 5.378237760728125316 ) ;
#1106 = VERTEX_POINT ( 'NONE', #9210 ) ;
#1107 = CARTESIAN_POINT ( 'NONE',  ( 3.879820004569354719, -8.171767497885896958, -3.094141646974374105 ) ) ;
#1108 = DIRECTION ( 'NONE',  ( 0.9749279121818212879, -0.2225209339563246624, -0.000000000000000000 ) ) ;
#1109 = CIRCLE ( 'NONE', #5912, 9.046037105128458933 ) ;
#1110 = DIRECTION ( 'NONE',  ( 0.000000000000000000, 0.000000000000000000, -1.000000000000000000 ) ) ;
#1111 = CARTESIAN_POINT ( 'NONE',  ( -8.830225396548316397, 1.964155480992796354, 3.094141646974374105 ) ) ;
#1112 = LINE ( 'NONE', #4173, #115 ) ;
#1113 = CARTESIAN_POINT ( 'NONE',  ( -8.830225396548355477, -1.964155480992619385, -3.500000000000000000 ) ) ;
#1114 = CLOSED_SHELL ( 'NONE', ( #6236, #5740 ) ) ;
#1115 = VECTOR ( 'NONE', #8424, 1000.000000000000000 ) ;
#1116 = ORIENTED_EDGE ( 'NONE', *, *, #8314, .T. ) ;
#1117 = DIRECTION ( 'NONE',  ( -0.000000000000000000, -0.000000000000000000, 1.000000000000000000 ) ) ;
#1118 = ORIENTED_EDGE ( 'NONE', *, *, #3107, .F. ) ;
#1119 = DIRECTION ( 'NONE',  ( -0.000000000000000000, -0.000000000000000000, 1.000000000000000000 ) ) ;
#1120 = AXIS2_PLACEMENT_3D ( 'NONE', #85, #2356, #3120 ) ;
#1121 = CARTESIAN_POINT ( 'NONE',  ( 0.000000000000000000, 7.500000000000000000, -3.092233167847068013E-16 ) ) ;
#1122 = CARTESIAN_POINT ( 'NONE',  ( 6.990202061954359003, -5.510547726935069335, 3.444839032082839037 ) ) ;
#1123 = VECTOR ( 'NONE', #1509, 1000.000000000000000 ) ;
#1124 = ORIENTED_EDGE ( 'NONE', *, *, #9295, .T. ) ;
#1125 = DIRECTION ( 'NONE',  ( -0.000000000000000000, -0.000000000000000000, 1.000000000000000000 ) ) ;
#1126 = CARTESIAN_POINT ( 'NONE',  ( -8.631448984988422168, -1.918786062191375708, -3.460296783607140103 ) ) ;
#1127 = B_SPLINE_CURVE_WITH_KNOTS ( 'NONE', 3,
 ( #4102, #4162, #3408, #9519, #2650, #5704, #1905 ),
 .UNSPECIFIED., .F., .F.,
 ( 4, 3, 4 ),
 ( 0.0005204849250710204224, 0.0009002598162381896018, 0.0009544278593203497831 ),
 .UNSPECIFIED. ) ;
#1128 = ORIENTED_EDGE ( 'NONE', *, *, #6539, .F. ) ;
#1129 = AXIS2_PLACEMENT_3D ( 'NONE', #3344, #3495, #5597 ) ;
#1130 = EDGE_CURVE ( 'NONE', #6468, #5069, #2614, .T. ) ;
#1131 = DIRECTION ( 'NONE',  ( -0.9749279121818227312, 0.2225209339563181676, 0.000000000000000000 ) ) ;
#1132 = DIRECTION ( 'NONE',  ( -0.000000000000000000, -0.000000000000000000, 1.000000000000000000 ) ) ;
#1133 = VERTEX_POINT ( 'NONE', #9262 ) ;
#1134 = CYLINDRICAL_SURFACE ( 'NONE', #5272, 5.686989865158905921 ) ;
#1135 = ORIENTED_EDGE ( 'NONE', *, *, #2478, .T. ) ;
#1136 = LINE ( 'NONE', #1887, #4447 ) ;
#1137 = DIRECTION ( 'NONE',  ( -0.000000000000000000, -0.000000000000000000, 1.000000000000000000 ) ) ;
#1138 = LINE ( 'NONE', #1027, #3201 ) ;
#1139 = CARTESIAN_POINT ( 'NONE',  ( -8.808108021724400771, -2.061679020845665899, -3.500000000000000444 ) ) ;
#1140 = DIRECTION ( 'NONE',  ( -0.000000000000000000, -0.000000000000000000, 1.000000000000000000 ) ) ;
#1141 = EDGE_CURVE ( 'NONE', #5269, #9856, #5436, .T. ) ;
#1142 = ORIENTED_EDGE ( 'NONE', *, *, #7764, .T. ) ;
#1143 = ORIENTED_EDGE ( 'NONE', *, *, #8206, .F. ) ;
#1144 = EDGE_CURVE ( 'NONE', #2860, #3614, #6680, .T. ) ;
#1145 = ORIENTED_EDGE ( 'NONE', *, *, #2499, .T. ) ;
#1146 = CARTESIAN_POINT ( 'NONE',  ( 0.000000000000000000, 0.000000000000000000, 3.064533293948747517 ) ) ;
#1147 = CARTESIAN_POINT ( 'NONE',  ( 8.605239869185405510, 2.015375688867116821, 3.455541280135824955 ) ) ;
#1148 = CARTESIAN_POINT ( 'NONE',  ( -6.924430402411211993, -5.586001379475613149, -3.452421434499180375 ) ) ;
#1149 = EDGE_LOOP ( 'NONE', ( #6626, #4026, #5161, #4017 ) ) ;
#1150 = CARTESIAN_POINT ( 'NONE',  ( -6.986287445380088279, -5.507425924389257155, 3.453478796700601539 ) ) ;
#1151 = CARTESIAN_POINT ( 'NONE',  ( -8.737285000697680104, 1.070008810934259432E-15, 2.449999999999999734 ) ) ;
#1152 = CARTESIAN_POINT ( 'NONE',  ( -6.880434121877914144, 5.550915516540743333, 3.458522467003439349 ) ) ;
#1153 = EDGE_CURVE ( 'NONE', #9822, #1788, #6292, .T. ) ;
#1154 = LINE ( 'NONE', #4211, #312 ) ;
#1155 = CARTESIAN_POINT ( 'NONE',  ( 0.05000000000000002359, -8.870055045600164334, 3.469713030103804385 ) ) ;
#1156 = ORIENTED_EDGE ( 'NONE', *, *, #9308, .T. ) ;
#1157 = ORIENTED_EDGE ( 'NONE', *, *, #8610, .T. ) ;
#1158 = DIRECTION ( 'NONE',  ( -0.6234898018587320401, 0.7818314824680310249, 0.000000000000000000 ) ) ;
#1159 = EDGE_CURVE ( 'NONE', #9616, #8786, #6201, .T. ) ;
#1160 = DIRECTION ( 'NONE',  ( 0.000000000000000000, 0.000000000000000000, 1.000000000000000000 ) ) ;
#1161 = AXIS2_PLACEMENT_3D ( 'NONE', #5362, #4609, #3717 ) ;
#1162 = EDGE_CURVE ( 'NONE', #5648, #9551, #8585, .T. ) ;
#1163 = CARTESIAN_POINT ( 'NONE',  ( 0.000000000000000000, 5.686989865158905921, 3.376256313292342437 ) ) ;
#1164 = DIRECTION ( 'NONE',  ( 0.000000000000000000, 0.000000000000000000, 1.000000000000000000 ) ) ;
#1165 = FACE_OUTER_BOUND ( 'NONE', #1567, .T. ) ;
#1166 = EDGE_CURVE ( 'NONE', #1986, #7632, #9429, .T. ) ;
#1167 = CARTESIAN_POINT ( 'NONE',  ( 8.807973303152696332, -2.061648272210920840, 3.094141646974374105 ) ) ;
#1168 = AXIS2_PLACEMENT_3D ( 'NONE', #2484, #9507, #8053 ) ;
#1169 = ORIENTED_EDGE ( 'NONE', *, *, #5324, .F. ) ;
#1170 = CARTESIAN_POINT ( 'NONE',  ( 8.808108021724386560, 2.061679020845724075, 3.500000000000000444 ) ) ;
#1171 = ORIENTED_EDGE ( 'NONE', *, *, #1995, .T. ) ;
#1172 = EDGE_CURVE ( 'NONE', #2644, #532, #6710, .T. ) ;
#1173 = CARTESIAN_POINT ( 'NONE',  ( 0.000000000000000000, 0.000000000000000000, 3.094141646974374105 ) ) ;
#1174 = DIRECTION ( 'NONE',  ( 0.000000000000000000, 0.000000000000000000, -1.000000000000000000 ) ) ;
#1175 = CARTESIAN_POINT ( 'NONE',  ( 6.986779382597008592, -5.507818231228904793, 3.452421434499180375 ) ) ;
#1176 = CIRCLE ( 'NONE', #6778, 9.046037105128458933 ) ;
#1177 = ORIENTED_EDGE ( 'NONE', *, *, #6791, .T. ) ;
#1178 = CARTESIAN_POINT ( 'NONE',  ( -3.895126130468872905, -7.973074508718339892, -3.469378817057676034 ) ) ;
#1179 = DIRECTION ( 'NONE',  ( 0.000000000000000000, 0.000000000000000000, -1.000000000000000000 ) ) ;
#1180 = EDGE_LOOP ( 'NONE', ( #7820, #3267, #3459, #5249 ) ) ;
#1181 = CIRCLE ( 'NONE', #1983, 9.046037105128458933 ) ;
#1182 = CARTESIAN_POINT ( 'NONE',  ( 3.923268333885891579, -8.261988883357009428, -3.500000000000000444 ) ) ;
#1183 = CARTESIAN_POINT ( 'NONE',  ( 3.969976846764378120, -8.128503622655012251, 3.094141646974374105 ) ) ;
#1184 = ORIENTED_EDGE ( 'NONE', *, *, #8250, .T. ) ;
#1185 = CARTESIAN_POINT ( 'NONE',  ( -3.815021055286796692, -8.037211093224973624, -3.452421434499180375 ) ) ;
#1186 = ORIENTED_EDGE ( 'NONE', *, *, #2923, .T. ) ;
#1187 = DIRECTION ( 'NONE',  ( 0.000000000000000000, 0.000000000000000000, -1.000000000000000000 ) ) ;
#1188 = CARTESIAN_POINT ( 'NONE',  ( 0.000000000000000000, 0.000000000000000000, -2.975000000000004974 ) ) ;
#1189 = CARTESIAN_POINT ( 'NONE',  ( -3.879526546993873115, 7.940681639855315943, 3.454996609771464833 ) ) ;
#1190 = CARTESIAN_POINT ( 'NONE',  ( -3.816517286038889178, 7.809841561300076229, 3.247602129575368313 ) ) ;
#1191 = EDGE_LOOP ( 'NONE', ( #5616, #6006, #1500, #5650, #5147, #2282 ) ) ;
#1192 = EDGE_LOOP ( 'NONE', ( #4481, #4661, #2267, #7146 ) ) ;
#1193 = EDGE_LOOP ( 'NONE', ( #4729, #1239, #2896, #2185 ) ) ;
#1194 = CARTESIAN_POINT ( 'NONE',  ( 3.800089754647127727, 8.006205927968185421, -3.469900311146004501 ) ) ;
#1195 = CARTESIAN_POINT ( 'NONE',  ( -8.678939294432090890, -1.929625415418661394, 3.460240287494900091 ) ) ;
#1196 = DIRECTION ( 'NONE',  ( -0.000000000000000000, -0.000000000000000000, 1.000000000000000000 ) ) ;
#1197 = ADVANCED_FACE ( 'NONE', ( #5738 ), #1728, .T. ) ;
#1198 = VERTEX_POINT ( 'NONE', #7246 ) ;
#1199 = CARTESIAN_POINT ( 'NONE',  ( -6.953569300366319261, -5.481334074407181234, 3.467739038050325018 ) ) ;
#1200 = CARTESIAN_POINT ( 'NONE',  ( -6.708008130675950476, -5.413410377005270391, -3.143904910697430832 ) ) ;
#1201 = DIRECTION ( 'NONE',  ( -0.000000000000000000, -0.000000000000000000, 1.000000000000000000 ) ) ;
#1202 = ADVANCED_FACE ( 'NONE', ( #364 ), #7992, .F. ) ;
#1203 = FACE_OUTER_BOUND ( 'NONE', #9841, .T. ) ;
#1204 = EDGE_CURVE ( 'NONE', #4497, #9048, #4637, .T. ) ;
#1205 = CARTESIAN_POINT ( 'NONE',  ( -6.906758349006422826, -5.571908387158386766, 3.469286171371085192 ) ) ;
#1206 = EDGE_LOOP ( 'NONE', ( #2038, #8273, #5931, #5054, #2200, #7734 ) ) ;
#1207 = ORIENTED_EDGE ( 'NONE', *, *, #3053, .F. ) ;
#1208 = CARTESIAN_POINT ( 'NONE',  ( 7.181834238703138418, 5.663369288345752040, 3.500000000000000444 ) ) ;
#1209 = EDGE_CURVE ( 'NONE', #4087, #2952, #3806, .T. ) ;
#1210 = DIRECTION ( 'NONE',  ( -1.000000000000000000, 1.224646799147353207E-16, 0.000000000000000000 ) ) ;
#1211 = FACE_OUTER_BOUND ( 'NONE', #7628, .T. ) ;
#1212 = LINE ( 'NONE', #4267, #3040 ) ;
#1213 = CARTESIAN_POINT ( 'NONE',  ( 5.686989865158905921, 0.000000000000000000, 3.500000000000000000 ) ) ;
#1214 = CARTESIAN_POINT ( 'NONE',  ( 7.068044516080762563, -5.572625012626176044, -3.272391413630715729 ) ) ;
#1215 = VERTEX_POINT ( 'NONE', #3437 ) ;
#1216 = CARTESIAN_POINT ( 'NONE',  ( 3.969916891359596800, -8.128379123974143639, -3.500000000000000000 ) ) ;
#1217 = VERTEX_POINT ( 'NONE', #207 ) ;
#1218 = ADVANCED_FACE ( 'NONE', ( #3482 ), #2737, .T. ) ;
#1219 = DIRECTION ( 'NONE',  ( -0.6234898018587267110, 0.7818314824680352437, 0.000000000000000000 ) ) ;
#1220 = DIRECTION ( 'NONE',  ( 1.000000000000000000, 0.000000000000000000, 0.000000000000000000 ) ) ;
#1221 = CARTESIAN_POINT ( 'NONE',  ( 0.000000000000000000, 0.000000000000000000, -3.500000000000000444 ) ) ;
#1222 = EDGE_LOOP ( 'NONE', ( #579, #7960, #5108, #784, #7830, #7458 ) ) ;
#1223 = PRODUCT_DEFINITION_SHAPE ( 'NONE', 'NONE',  #9838 ) ;
#1224 = CARTESIAN_POINT ( 'NONE',  ( 8.662071568797259147, -2.028347153442087158, 3.452954079042413582 ) ) ;
#1225 = PLANE ( 'NONE',  #2878 ) ;
#1226 = ORIENTED_EDGE ( 'NONE', *, *, #1008, .F. ) ;
#1227 = CARTESIAN_POINT ( 'NONE',  ( -3.905117942076870907, 7.993822719313299352, -3.452421434499180375 ) ) ;
#1228 = CARTESIAN_POINT ( 'NONE',  ( 7.311959341363669651, -1.668907004672386618, -3.092233167847068013E-16 ) ) ;
#1229 = ORIENTED_EDGE ( 'NONE', *, *, #4748, .F. ) ;
#1230 = FACE_OUTER_BOUND ( 'NONE', #6485, .T. ) ;
#1231 = B_SPLINE_CURVE_WITH_KNOTS ( 'NONE', 3,
 ( #8747, #3942, #119, #1734, #7900, #7141, #7794 ),
 .UNSPECIFIED., .F., .F.,
 ( 4, 3, 4 ),
 ( 0.0009532733312319687522, 0.001225696219576461691, 0.001251962535739347760 ),
 .UNSPECIFIED. ) ;
#1232 = ORIENTED_EDGE ( 'NONE', *, *, #1653, .F. ) ;
#1233 = AXIS2_PLACEMENT_3D ( 'NONE', #3042, #3980, #6098 ) ;
#1234 = CARTESIAN_POINT ( 'NONE',  ( 8.485539612174520130, 1.885483199994303138, 3.247602129575368313 ) ) ;
#1235 = DIRECTION ( 'NONE',  ( 0.4338837391175590086, 0.9009688679024187019, 0.000000000000000000 ) ) ;
#1236 = DIRECTION ( 'NONE',  ( -0.5000000000000016653, 6.123233995736786990E-17, 0.8660254037844377084 ) ) ;
#1237 = DIRECTION ( 'NONE',  ( 1.000000000000000000, 0.000000000000000000, 0.000000000000000000 ) ) ;
#1238 = VERTEX_POINT ( 'NONE', #7090 ) ;
#1239 = ORIENTED_EDGE ( 'NONE', *, *, #3659, .F. ) ;
#1240 = AXIS2_PLACEMENT_3D ( 'NONE', #556, #3626, #3734 ) ;
#1241 = CIRCLE ( 'NONE', #6519, 8.737285000697680104 ) ;
#1242 = ORIENTED_EDGE ( 'NONE', *, *, #5730, .T. ) ;
#1243 = CARTESIAN_POINT ( 'NONE',  ( 3.789946096564181577, 7.985142404919435499, -3.456597352396201472 ) ) ;
#1244 = CARTESIAN_POINT ( 'NONE',  ( -8.683683276470690160, -1.930708198361595240, 3.453994494324953202 ) ) ;
#1245 = CARTESIAN_POINT ( 'NONE',  ( 0.000000000000000000, 0.000000000000000000, -3.193750000000000533 ) ) ;
#1246 = ORIENTED_EDGE ( 'NONE', *, *, #6834, .F. ) ;
#1247 = CARTESIAN_POINT ( 'NONE',  ( 3.813676398998189665, -8.034418885670930877, 3.457279025203407574 ) ) ;
#1248 = DIRECTION ( 'NONE',  ( 1.000000000000000000, 0.000000000000000000, 0.000000000000000000 ) ) ;
#1249 = DIRECTION ( 'NONE',  ( 0.2225209339563245792, 0.9749279121818211769, 0.000000000000000000 ) ) ;
#1250 = VECTOR ( 'NONE', #8248, 1000.000000000000000 ) ;
#1251 = AXIS2_PLACEMENT_3D ( 'NONE', #8435, #5431, #6929 ) ;
#1252 = DIRECTION ( 'NONE',  ( 1.000000000000000000, 0.000000000000000000, 0.000000000000000000 ) ) ;
#1253 = AXIS2_PLACEMENT_3D ( 'NONE', #3070, #180, #803 ) ;
#1254 = AXIS2_PLACEMENT_3D ( 'NONE', #5657, #1803, #4255 ) ;
#1255 = ADVANCED_FACE ( 'NONE', ( #6545 ), #7194, .T. ) ;
#1256 = CARTESIAN_POINT ( 'NONE',  ( -6.881143697167629192, -5.551481383951460735, 3.459673052288552153 ) ) ;
#1257 = ORIENTED_EDGE ( 'NONE', *, *, #4201, .T. ) ;
#1258 = ORIENTED_EDGE ( 'NONE', *, *, #726, .T. ) ;
#1259 = DIRECTION ( 'NONE',  ( 0.4338837391175463520, -0.9009688679024248081, 0.000000000000000000 ) ) ;
#1260 = CARTESIAN_POINT ( 'NONE',  ( 0.000000000000000000, 0.000000000000000000, -3.454996609771464389 ) ) ;
#1261 = VECTOR ( 'NONE', #2438, 1000.000000000000000 ) ;
#1262 = ADVANCED_FACE ( 'NONE', ( #7845 ), #752, .F. ) ;
#1263 = CIRCLE ( 'NONE', #2841, 5.686989865158905921 ) ;
#1264 = CARTESIAN_POINT ( 'NONE',  ( -8.384458441792405736, -1.862412082470809027, 3.099533293948748103 ) ) ;
#1265 = CIRCLE ( 'NONE', #6065, 2.450000000000000622 ) ;
#1266 = DIRECTION ( 'NONE',  ( 6.776263578034444621E-17, 1.000000000000000000, 0.000000000000000000 ) ) ;
#1267 = LINE ( 'NONE', #2209, #274 ) ;
#1268 = CARTESIAN_POINT ( 'NONE',  ( 6.990202061954396306, 5.510547726935022261, -3.444839032082838592 ) ) ;
#1269 = AXIS2_PLACEMENT_3D ( 'NONE', #5455, #1644, #7608 ) ;
#1270 = ADVANCED_FACE ( 'NONE', ( #7136 ), #251, .T. ) ;
#1271 = DIRECTION ( 'NONE',  ( 1.000000000000000000, 0.000000000000000000, 0.000000000000000000 ) ) ;
#1272 = AXIS2_PLACEMENT_3D ( 'NONE', #8055, #1991, #5950 ) ;
#1273 = VERTEX_POINT ( 'NONE', #6390 ) ;
#1274 = DIRECTION ( 'NONE',  ( -1.000000000000000000, 0.000000000000000000, 0.000000000000000000 ) ) ;
#1275 = EDGE_CURVE ( 'NONE', #2143, #658, #9738, .T. ) ;
#1276 = LINE ( 'NONE', #9797, #6040 ) ;
#1277 = CARTESIAN_POINT ( 'NONE',  ( 0.05000000000000003747, 8.619738104553002600, -3.143904910697431276 ) ) ;
#1278 = ORIENTED_EDGE ( 'NONE', *, *, #1379, .T. ) ;
#1279 = AXIS2_PLACEMENT_3D ( 'NONE', #4559, #320, #4145 ) ;
#1280 = DIRECTION ( 'NONE',  ( 0.000000000000000000, 0.000000000000000000, -1.000000000000000000 ) ) ;
#1281 = EDGE_CURVE ( 'NONE', #2274, #3285, #5637, .T. ) ;
#1282 = EDGE_LOOP ( 'NONE', ( #8161, #5340, #1014, #7224 ) ) ;
#1283 = CARTESIAN_POINT ( 'NONE',  ( 0.000000000000000000, 0.000000000000000000, 3.500000000000000444 ) ) ;
#1284 = ORIENTED_EDGE ( 'NONE', *, *, #7594, .F. ) ;
#1285 = VECTOR ( 'NONE', #9251, 1000.000000000000000 ) ;
#1286 = LINE ( 'NONE', #4340, #5005 ) ;
#1287 = CIRCLE ( 'NONE', #6402, 0.03499999999999987843 ) ;
#1288 = CARTESIAN_POINT ( 'NONE',  ( 3.879526546993985026, 7.940681639855260876, -3.454996609771464833 ) ) ;
#1289 = DIRECTION ( 'NONE',  ( 0.000000000000000000, 0.000000000000000000, -1.000000000000000000 ) ) ;
#1290 = EDGE_LOOP ( 'NONE', ( #4241, #3506, #7751, #6768 ) ) ;
#1291 = CARTESIAN_POINT ( 'NONE',  ( -6.746065712156426919, -5.315855484712181500, -3.099533293948748103 ) ) ;
#1292 = AXIS2_PLACEMENT_3D ( 'NONE', #4914, #7379, #1259 ) ;
#1293 = CARTESIAN_POINT ( 'NONE',  ( -0.05000000000000004441, -8.588668239434865015, 3.099533293948748103 ) ) ;
#1294 = CARTESIAN_POINT ( 'NONE',  ( -3.893398084003624415, -7.969486183258980283, 3.469985047562924141 ) ) ;
#1295 = CARTESIAN_POINT ( 'NONE',  ( 3.789767423690332038, 7.984771386873899424, 3.456075294419946431 ) ) ;
#1296 = EDGE_CURVE ( 'NONE', #1696, #7805, #6687, .T. ) ;
#1297 = DIRECTION ( 'NONE',  ( 0.000000000000000000, 0.000000000000000000, 1.000000000000000000 ) ) ;
#1298 = CIRCLE ( 'NONE', #6893, 9.498018552564230887 ) ;
#1299 = ORIENTED_EDGE ( 'NONE', *, *, #8790, .F. ) ;
#1300 = ORIENTED_EDGE ( 'NONE', *, *, #8187, .T. ) ;
#1301 = ORIENTED_EDGE ( 'NONE', *, *, #6930, .T. ) ;
#1302 = CARTESIAN_POINT ( 'NONE',  ( 0.000000000000000000, 0.000000000000000000, -3.094141646974374105 ) ) ;
#1303 = CARTESIAN_POINT ( 'NONE',  ( 8.617758362662232940, 2.018232953312398159, 3.466570807216844852 ) ) ;
#1304 = DIRECTION ( 'NONE',  ( -0.000000000000000000, -0.000000000000000000, -1.000000000000000000 ) ) ;
#1305 = ORIENTED_EDGE ( 'NONE', *, *, #5373, .T. ) ;
#1306 = CARTESIAN_POINT ( 'NONE',  ( 9.046037105128458933, 0.000000000000000000, -3.500000000000000888 ) ) ;
#1307 = CARTESIAN_POINT ( 'NONE',  ( -3.789429660203798456, -7.984070013766990215, -3.454996609771464833 ) ) ;
#1308 = CARTESIAN_POINT ( 'NONE',  ( -3.805213805539127137, -8.016846129282408029, -3.469286171371085192 ) ) ;
#1309 = FACE_OUTER_BOUND ( 'NONE', #1733, .T. ) ;
#1310 = CARTESIAN_POINT ( 'NONE',  ( -6.878316301899265461, -5.549226611465089221, 3.454996609771464833 ) ) ;
#1311 = ORIENTED_EDGE ( 'NONE', *, *, #5607, .T. ) ;
#1312 = VERTEX_POINT ( 'NONE', #5685 ) ;
#1313 = DIRECTION ( 'NONE',  ( 0.000000000000000000, 0.000000000000000000, -1.000000000000000000 ) ) ;
#1314 = DIRECTION ( 'NONE',  ( -0.000000000000000000, -0.000000000000000000, 1.000000000000000000 ) ) ;
#1315 = CARTESIAN_POINT ( 'NONE',  ( 0.05000000000000002359, 8.873523803643941221, 3.469378817057675590 ) ) ;
#1316 = DIRECTION ( 'NONE',  ( -0.9749279121818226201, 0.2225209339563182509, -0.000000000000000000 ) ) ;
#1317 = CARTESIAN_POINT ( 'NONE',  ( -8.362206348396773237, -1.959904873688991467, 3.500000000000000000 ) ) ;
#1318 = DIRECTION ( 'NONE',  ( 0.000000000000000000, 0.000000000000000000, 1.000000000000000000 ) ) ;
#1319 = CARTESIAN_POINT ( 'NONE',  ( -0.05000000000000001665, 8.900930351248696581, 3.444839032082838592 ) ) ;
#1320 = ORIENTED_EDGE ( 'NONE', *, *, #8279, .T. ) ;
#1321 = CARTESIAN_POINT ( 'NONE',  ( -6.986779382596969512, 5.507818231228957195, -3.452421434499180375 ) ) ;
#1322 = FACE_OUTER_BOUND ( 'NONE', #1820, .T. ) ;
#1323 = CARTESIAN_POINT ( 'NONE',  ( 8.606028464958576762, 2.015555680706274444, -3.456597352396201472 ) ) ;
#1324 = VERTEX_POINT ( 'NONE', #1067 ) ;
#1325 = DIRECTION ( 'NONE',  ( 0.6234898018587372581, 0.7818314824680268060, 0.000000000000000000 ) ) ;
#1326 = EDGE_CURVE ( 'NONE', #5024, #2797, #7652, .T. ) ;
#1327 = CONICAL_SURFACE ( 'NONE', #5479, 11.00000000000000000, 0.7853981633974425058 ) ;
#1328 = FACE_OUTER_BOUND ( 'NONE', #7639, .T. ) ;
#1329 = EDGE_CURVE ( 'NONE', #9536, #3279, #7327, .T. ) ;
#1330 = EDGE_CURVE ( 'NONE', #5268, #9517, #3541, .T. ) ;
#1331 = ORIENTED_EDGE ( 'NONE', *, *, #9545, .T. ) ;
#1332 = CARTESIAN_POINT ( 'NONE',  ( -0.05000000000000001665, -8.896552580035715252, -3.452421434499180375 ) ) ;
#1333 = ORIENTED_EDGE ( 'NONE', *, *, #7334, .F. ) ;
#1334 = APPLICATION_PROTOCOL_DEFINITION ( 'international standard', 'config_control_design', 1994, #9270 ) ;
#1335 = AXIS2_PLACEMENT_3D ( 'NONE', #9703, #4348, #5894 ) ;
#1336 = CARTESIAN_POINT ( 'NONE',  ( 7.103543054549994906, 5.600934152399529076, 3.193750000000000089 ) ) ;
#1337 = FACE_OUTER_BOUND ( 'NONE', #2756, .T. ) ;
#1338 = EDGE_CURVE ( 'NONE', #5788, #6513, #5562, .T. ) ;
#1339 = ORIENTED_EDGE ( 'NONE', *, *, #7814, .F. ) ;
#1340 = FACE_OUTER_BOUND ( 'NONE', #2071, .T. ) ;
#1341 = CARTESIAN_POINT ( 'NONE',  ( -6.827126517065172706, -5.380499319508293965, 3.247602129575368757 ) ) ;
#1342 = B_SPLINE_CURVE_WITH_KNOTS ( 'NONE', 3,
 ( #1710, #5568, #1628, #4681, #4773, #191, #2417, #815, #2366, #3878, #3171, #861, #3926, #7024, #5433, #4023, #147, #3219, #6274, #2463, #1767, #7827 ),
 .UNSPECIFIED., .F., .F.,
 ( 4, 3, 3, 3, 3, 3, 3, 4 ),
 ( 0.0002168574548798330608, 0.0002188290334246882846, 0.0002305812013871275351, 0.0002423333607551997598, 0.0002540856419916185890, 0.0002658380091482382768, 0.0002775903405257901051, 0.0002867718163053232594 ),
 .UNSPECIFIED. ) ;
#1343 = DIRECTION ( 'NONE',  ( -0.000000000000000000, -0.000000000000000000, 1.000000000000000000 ) ) ;
#1344 = CARTESIAN_POINT ( 'NONE',  ( 3.808427779185252771, 8.023520014326749106, 3.466489319800472924 ) ) ;
#1345 = AXIS2_PLACEMENT_3D ( 'NONE', #3212, #4623, #1663 ) ;
#1346 = CARTESIAN_POINT ( 'NONE',  ( 6.883895907083578791, 5.425771397351133452, -3.351299362948741756 ) ) ;
#1347 = EDGE_LOOP ( 'NONE', ( #692, #4260, #5149, #1979, #2789, #6706, #9752, #8400, #8631, #386, #6223, #413, #8384, #8783, #7986, #5254, #9799, #6031, #9000, #9466, #8506, #5525, #8527, #8359, #1373, #8028, #4431, #5508, #3294, #8148, #5292, #6579 ) ) ;
#1348 = ORIENTED_EDGE ( 'NONE', *, *, #5506, .F. ) ;
#1349 = EDGE_LOOP ( 'NONE', ( #4089, #3405, #3758, #4358 ) ) ;
#1350 = DIRECTION ( 'NONE',  ( -1.000000000000000000, 0.000000000000000000, 0.000000000000000000 ) ) ;
#1351 = EDGE_CURVE ( 'NONE', #3377, #6755, #4615, .T. ) ;
#1352 = CARTESIAN_POINT ( 'NONE',  ( 3.690422186055491771, 7.778478875277588855, -3.129114371485063106 ) ) ;
#1353 = VERTEX_POINT ( 'NONE', #9854 ) ;
#1354 = CARTESIAN_POINT ( 'NONE',  ( 3.809799882939508997, -8.026369217130920219, 3.465025888964337497 ) ) ;
#1355 = DIRECTION ( 'NONE',  ( 0.000000000000000000, 0.000000000000000000, -1.000000000000000000 ) ) ;
#1356 = CYLINDRICAL_SURFACE ( 'NONE', #5429, 5.378237760728125316 ) ;
#1357 = CARTESIAN_POINT ( 'NONE',  ( 0.000000000000000000, 0.000000000000000000, 3.376256313292342437 ) ) ;
#1358 = DIRECTION ( 'NONE',  ( 0.6234898018587431423, 0.7818314824680222541, 0.000000000000000000 ) ) ;
#1359 = ORIENTED_EDGE ( 'NONE', *, *, #1078, .T. ) ;
#1360 = ORIENTED_EDGE ( 'NONE', *, *, #4322, .T. ) ;
#1361 = CARTESIAN_POINT ( 'NONE',  ( 0.000000000000000000, 0.000000000000000000, 2.758752104430781227 ) ) ;
#1362 = CARTESIAN_POINT ( 'NONE',  ( -6.746065712156426919, -5.315855484712181500, 3.099533293948748103 ) ) ;
#1363 = CARTESIAN_POINT ( 'NONE',  ( 0.05000000000000002359, 8.837570431649497849, 3.454996609771464833 ) ) ;
#1364 = CARTESIAN_POINT ( 'NONE',  ( 0.000000000000000000, 0.000000000000000000, -3.193750000000000533 ) ) ;
#1366 = B_SPLINE_CURVE_WITH_KNOTS ( 'NONE', 3,
 ( #4630, #5605, #1573, #662, #753, #6880, #4578 ),
 .UNSPECIFIED., .F., .F.,
 ( 4, 3, 4 ),
 ( 0.0005204849250710220487, 0.0009002598162381903607, 0.0009544278593203506505 ),
 .UNSPECIFIED. ) ;
#1365 = DIRECTION ( 'NONE',  ( -0.000000000000000000, -0.000000000000000000, 1.000000000000000000 ) ) ;
#1367 = DIRECTION ( 'NONE',  ( 0.000000000000000000, 0.000000000000000000, -1.000000000000000000 ) ) ;
#1368 = DIRECTION ( 'NONE',  ( -0.000000000000000000, -0.000000000000000000, 1.000000000000000000 ) ) ;
#1369 = ORIENTED_EDGE ( 'NONE', *, *, #4756, .F. ) ;
#1370 = DIRECTION ( 'NONE',  ( -0.000000000000000000, -0.000000000000000000, 1.000000000000000000 ) ) ;
#1371 = FACE_OUTER_BOUND ( 'NONE', #1925, .T. ) ;
#1372 = CARTESIAN_POINT ( 'NONE',  ( 6.984097861549269481, -5.505679789551604308, -3.457544059217933619 ) ) ;
#1373 = ORIENTED_EDGE ( 'NONE', *, *, #3412, .T. ) ;
#1374 = CARTESIAN_POINT ( 'NONE',  ( -9.498018552564230887, 0.000000000000000000, 3.325000000000000622 ) ) ;
#1375 = CARTESIAN_POINT ( 'NONE',  ( -7.103543054549914082, 5.600934152399629440, 3.500000000000000000 ) ) ;
#1376 = VERTEX_POINT ( 'NONE', #2943 ) ;
#1377 = CARTESIAN_POINT ( 'NONE',  ( -7.103543054550032210, -5.600934152399481114, 3.193750000000000089 ) ) ;
#1378 = EDGE_LOOP ( 'NONE', ( #202, #3029, #3994, #1018, #7156, #9769 ) ) ;
#1379 = EDGE_CURVE ( 'NONE', #9513, #4913, #1437, .T. ) ;
#1380 = CARTESIAN_POINT ( 'NONE',  ( 0.000000000000000000, 0.000000000000000000, 3.452421434499180375 ) ) ;
#1381 = DIRECTION ( 'NONE',  ( 0.000000000000000000, 0.000000000000000000, 1.000000000000000000 ) ) ;
#1382 = EDGE_LOOP ( 'NONE', ( #6616, #8661, #3553, #5585 ) ) ;
#1383 = EDGE_CURVE ( 'NONE', #4989, #9723, #9436, .T. ) ;
#1384 = DIRECTION ( 'NONE',  ( 0.2225209339566611988, -0.9749279121817443494, 0.000000000000000000 ) ) ;
#1385 = CARTESIAN_POINT ( 'NONE',  ( 8.404652361358978752, 1.867021212834296895, 3.129114371485063550 ) ) ;
#1386 = DIRECTION ( 'NONE',  ( 1.000000000000000000, 0.000000000000000000, 0.000000000000000000 ) ) ;
#1387 = CARTESIAN_POINT ( 'NONE',  ( 3.806894729835262225, 8.020336604549491710, 3.468181098941469642 ) ) ;
#1388 = CARTESIAN_POINT ( 'NONE',  ( 3.904984510970419098, 7.993545646765492840, 3.452954079042414026 ) ) ;
#1390 = EDGE_CURVE ( 'NONE', #317, #8140, #4886, .T. ) ;
#1389 = EDGE_LOOP ( 'NONE', ( #7349, #9333, #3387, #1955 ) ) ;
#1391 = VERTEX_POINT ( 'NONE', #471 ) ;
#1392 = ORIENTED_EDGE ( 'NONE', *, *, #4014, .T. ) ;
#1393 = CARTESIAN_POINT ( 'NONE',  ( 6.880434121877955889, -5.550915516540690930, 3.458522467003439349 ) ) ;
#1394 = EDGE_CURVE ( 'NONE', #3873, #1809, #267, .T. ) ;
#1395 = CARTESIAN_POINT ( 'NONE',  ( -6.980233343992995110, 5.502597939639692903, -3.462472406546387216 ) ) ;
#1396 = EDGE_LOOP ( 'NONE', ( #9428, #271, #3059, #7744, #6968, #1425 ) ) ;
#1397 = DIRECTION ( 'NONE',  ( -1.000000000000000000, 0.000000000000000000, 0.000000000000000000 ) ) ;
#1398 = DIRECTION ( 'NONE',  ( 0.000000000000000000, 0.000000000000000000, -1.000000000000000000 ) ) ;
#1399 = CARTESIAN_POINT ( 'NONE',  ( -3.789767423690386661, -7.984771386873872778, -3.456075294419945987 ) ) ;
#1400 = CARTESIAN_POINT ( 'NONE',  ( -0.05000000000000003053, 8.692348900455138860, -3.247602129575368313 ) ) ;
#1401 = EDGE_CURVE ( 'NONE', #1391, #1466, #8203, .T. ) ;
#1402 = EDGE_CURVE ( 'NONE', #2287, #6630, #7153, .T. ) ;
#1403 = AXIS2_PLACEMENT_3D ( 'NONE', #8139, #1827, #4231 ) ;
#1404 = CARTESIAN_POINT ( 'NONE',  ( -8.604868042990025501, 2.015290821964536239, -3.454996609771464833 ) ) ;
#1405 = ORIENTED_EDGE ( 'NONE', *, *, #4391, .F. ) ;
#1406 = ORIENTED_EDGE ( 'NONE', *, *, #8999, .F. ) ;
#1407 = DIRECTION ( 'NONE',  ( 1.000000000000000000, 0.000000000000000000, 0.000000000000000000 ) ) ;
#1408 = DIRECTION ( 'NONE',  ( 0.000000000000000000, 0.000000000000000000, 1.000000000000000000 ) ) ;
#1409 = CARTESIAN_POINT ( 'NONE',  ( -8.627120136385698856, -1.917798030746181048, 3.454996609771464833 ) ) ;
#1410 = AXIS2_PLACEMENT_3D ( 'NONE', #5290, #2978, #6741 ) ;
#1411 = CONICAL_SURFACE ( 'NONE', #6366, 9.046037105128458933, 0.5235987755983011471 ) ;
#1412 = CARTESIAN_POINT ( 'NONE',  ( 6.900669263985750312, 5.567052503891835258, -3.470139885832122406 ) ) ;
#1413 = CARTESIAN_POINT ( 'NONE',  ( -3.923268333885832959, 8.261988883357034297, -3.500000000000000444 ) ) ;
#1414 = DIRECTION ( 'NONE',  ( 0.000000000000000000, 0.000000000000000000, 1.000000000000000000 ) ) ;
#1415 = AXIS2_PLACEMENT_3D ( 'NONE', #7987, #8634, #1824 ) ;
#1416 = CIRCLE ( 'NONE', #4941, 2.450000000000001510 ) ;
#1417 = CARTESIAN_POINT ( 'NONE',  ( -6.683716731970441138, 5.394038632959125223, -3.099533293948748103 ) ) ;
#1418 = ORIENTED_EDGE ( 'NONE', *, *, #4957, .F. ) ;
#1419 = AXIS2_PLACEMENT_3D ( 'NONE', #7812, #8613, #940 ) ;
#1420 = B_SPLINE_CURVE_WITH_KNOTS ( 'NONE', 3,
 ( #2745, #3549, #1295, #7505, #7409, #526, #9612, #9705, #9009, #2836, #3597, #2139, #5896, #2092, #1387, #1344, #628, #6498, #6045, #3751, #3793, #3091 ),
 .UNSPECIFIED., .F., .F.,
 ( 4, 3, 3, 3, 3, 3, 3, 4 ),
 ( 0.0002168574548798311364, 0.0002188290334246855741, 0.0002305812013871249330, 0.0002423333607551974016, 0.0002540856419916163664, 0.0002658380091482364337, 0.0002775903405257875572, 0.0002867718163053197900 ),
 .UNSPECIFIED. ) ;
#1421 = DIRECTION ( 'NONE',  ( -0.7818314824680268060, 0.6234898018587372581, 0.000000000000000000 ) ) ;
#1422 = CIRCLE ( 'NONE', #6220, 8.588813778810036936 ) ;
#1423 = CARTESIAN_POINT ( 'NONE',  ( -0.05000000000000001665, 8.895021265232191610, 3.455073707654066073 ) ) ;
#1424 = CARTESIAN_POINT ( 'NONE',  ( 8.628821057778038650, 2.020757941281748238, -3.469900311146004501 ) ) ;
#1425 = ORIENTED_EDGE ( 'NONE', *, *, #6587, .T. ) ;
#1426 = PLANE ( 'NONE',  #6235 ) ;
#1427 = LINE ( 'NONE', #2934, #5519 ) ;
#1428 = AXIS2_PLACEMENT_3D ( 'NONE', #9890, #474, #9041 ) ;
#1429 = AXIS2_PLACEMENT_3D ( 'NONE', #594, #5221, #8275 ) ;
#1430 = AXIS2_PLACEMENT_3D ( 'NONE', #2705, #6764, #8267 ) ;
#1431 = ORIENTED_EDGE ( 'NONE', *, *, #7776, .T. ) ;
#1432 = DIRECTION ( 'NONE',  ( -0.000000000000000000, -0.000000000000000000, 1.000000000000000000 ) ) ;
#1433 = EDGE_LOOP ( 'NONE', ( #3088, #7996, #3686, #1257, #332, #6469 ) ) ;
#1434 = FACE_OUTER_BOUND ( 'NONE', #3638, .T. ) ;
#1435 = B_SPLINE_CURVE_WITH_KNOTS ( 'NONE', 3,
 ( #546, #3617, #9724, #6662, #1697, #3251, #3067, #32, #934, #4754, #6212, #7806, #5466, #8562, #4007, #8418, #2404, #6122, #2448, #9323, #7858, #888 ),
 .UNSPECIFIED., .F., .F.,
 ( 4, 3, 3, 3, 3, 3, 3, 4 ),
 ( 0.0002168574548798338740, 0.0002188290334246894772, 0.0002305812013871291072, 0.0002423333607552008982, 0.0002540856419916202153, 0.0002658380091482399031, 0.0002775903405257918398, 0.0002867718163053249942 ),
 .UNSPECIFIED. ) ;
#1436 = CIRCLE ( 'NONE', #7829, 5.254494074020480632 ) ;
#1437 = LINE ( 'NONE', #7447, #5414 ) ;
#1438 = PLANE ( 'NONE',  #3157 ) ;
#1439 = AXIS2_PLACEMENT_3D ( 'NONE', #3847, #3049, #2237 ) ;
#1440 = VERTEX_POINT ( 'NONE', #8152 ) ;
#1441 = CARTESIAN_POINT ( 'NONE',  ( -0.05000000000000000971, 9.045898922017695298, 3.094141646974374105 ) ) ;
#1442 = AXIS2_PLACEMENT_3D ( 'NONE', #4826, #4114, #1969 ) ;
#1443 = CARTESIAN_POINT ( 'NONE',  ( -6.897525128344042855, -5.564545139386458672, -3.469900311146004501 ) ) ;
#1444 = CARTESIAN_POINT ( 'NONE',  ( -8.693159501790608701, -1.932871084952717755, -3.437256629622303716 ) ) ;
#1445 = CARTESIAN_POINT ( 'NONE',  ( 3.901242515215954665, 7.985775312515463575, 3.462633071500297088 ) ) ;
#1446 = AXIS2_PLACEMENT_3D ( 'NONE', #9205, #8447, #1591 ) ;
#1447 = ORIENTED_EDGE ( 'NONE', *, *, #7262, .F. ) ;
#1448 = ORIENTED_EDGE ( 'NONE', *, *, #2368, .T. ) ;
#1449 = CIRCLE ( 'NONE', #3052, 9.621762239271875572 ) ;
#1450 = EDGE_CURVE ( 'NONE', #675, #7256, #3015, .T. ) ;
#1451 = VERTEX_POINT ( 'NONE', #1288 ) ;
#1452 = CARTESIAN_POINT ( 'NONE',  ( 6.878614483356402687, -5.549464403242367005, 3.455541280135825399 ) ) ;
#1453 = CIRCLE ( 'NONE', #1927, 9.046037105128458933 ) ;
#1454 = CARTESIAN_POINT ( 'NONE',  ( -6.941595868251037693, 5.471785580921891601, -3.456597352396201472 ) ) ;
#1455 = ORIENTED_EDGE ( 'NONE', *, *, #2673, .T. ) ;
#1456 = AXIS2_PLACEMENT_3D ( 'NONE', #6219, #7767, #7815 ) ;
#1457 = CARTESIAN_POINT ( 'NONE',  ( 3.808256333830195128, -8.023164004378772418, 3.466916208273112865 ) ) ;
#1458 = CARTESIAN_POINT ( 'NONE',  ( -3.690422186055545062, -7.778478875277563986, -3.129114371485063106 ) ) ;
#1459 = DIRECTION ( 'NONE',  ( 1.000000000000000000, 0.000000000000000000, 0.000000000000000000 ) ) ;
#1460 = EDGE_CURVE ( 'NONE', #2625, #1215, #2519, .T. ) ;
#1461 = CARTESIAN_POINT ( 'NONE',  ( -0.05000000000000002359, 8.873949175336530715, -3.469286171371085192 ) ) ;
#1462 = EDGE_CURVE ( 'NONE', #7507, #1912, #4345, .T. ) ;
#1463 = EDGE_CURVE ( 'NONE', #6564, #2494, #4458, .T. ) ;
#1464 = CARTESIAN_POINT ( 'NONE',  ( -3.930516482760601615, -8.046563332484346631, 3.351032822740167560 ) ) ;
#1465 = AXIS2_PLACEMENT_3D ( 'NONE', #8212, #4398, #8902 ) ;
#1466 = VERTEX_POINT ( 'NONE', #3884 ) ;
#1467 = ORIENTED_EDGE ( 'NONE', *, *, #9054, .F. ) ;
#1468 = PLANE ( 'NONE',  #3832 ) ;
#1469 = CARTESIAN_POINT ( 'NONE',  ( -0.05000000000000001665, -8.896552580035715252, 3.452421434499180375 ) ) ;
#1470 = CARTESIAN_POINT ( 'NONE',  ( 3.879820004569354719, -8.171767497885896958, -3.193750000000000089 ) ) ;
#1471 = EDGE_CURVE ( 'NONE', #2494, #6440, #5298, .T. ) ;
#1472 = CARTESIAN_POINT ( 'NONE',  ( 0.000000000000000000, 0.000000000000000000, 3.094141646974374105 ) ) ;
#1473 = CARTESIAN_POINT ( 'NONE',  ( -8.675175419594696180, 2.031338021876043509, 3.429674227117769814 ) ) ;
#1474 = CARTESIAN_POINT ( 'NONE',  ( 0.05000000000000002359, 8.840279225073985003, -3.458522467003439349 ) ) ;
#1475 = B_SPLINE_CURVE_WITH_KNOTS ( 'NONE', 3,
 ( #5382, #1577, #5477, #5521, #6181, #2507, #4725 ),
 .UNSPECIFIED., .F., .F.,
 ( 4, 3, 4 ),
 ( 0.0005204849250710215066, 0.0009002598162381899270, 0.0009544278593203509757 ),
 .UNSPECIFIED. ) ;
#1476 = CARTESIAN_POINT ( 'NONE',  ( 0.000000000000000000, 0.000000000000000000, 3.094141646974374105 ) ) ;
#1477 = ORIENTED_EDGE ( 'NONE', *, *, #1172, .F. ) ;
#1478 = CARTESIAN_POINT ( 'NONE',  ( 0.000000000000000000, 0.000000000000000000, 3.500000000000000000 ) ) ;
#1479 = DIRECTION ( 'NONE',  ( -0.000000000000000000, -0.000000000000000000, 1.000000000000000000 ) ) ;
#1480 = CARTESIAN_POINT ( 'NONE',  ( 6.972136250112556333, -5.496140722742674178, -3.468181098941469642 ) ) ;
#1481 = EDGE_CURVE ( 'NONE', #6013, #6492, #1496, .T. ) ;
#1482 = ORIENTED_EDGE ( 'NONE', *, *, #7891, .F. ) ;
#1483 = CARTESIAN_POINT ( 'NONE',  ( 0.05000000000000001665, -8.896552580035715252, 3.452421434499180375 ) ) ;
#1484 = DIRECTION ( 'NONE',  ( -0.000000000000000000, -0.000000000000000000, 1.000000000000000000 ) ) ;
#1485 = ORIENTED_EDGE ( 'NONE', *, *, #1078, .F. ) ;
#1486 = DIRECTION ( 'NONE',  ( -0.000000000000000000, -0.000000000000000000, 1.000000000000000000 ) ) ;
#1487 = ORIENTED_EDGE ( 'NONE', *, *, #3894, .T. ) ;
#1488 = B_SPLINE_CURVE_WITH_KNOTS ( 'NONE', 3,
 ( #8592, #5537, #6393, #3240, #1732, #4141, #6493, #5590, #4795, #7848, #8648, #3391, #7139, #7197, #8803, #1837, #1786, #4088, #259, #2585, #5640, #316, #6445, #9504, #2633 ),
 .UNSPECIFIED., .F., .F.,
 ( 4, 3, 3, 3, 3, 3, 3, 3, 4 ),
 ( 0.0001509499138714721434, 0.0001527764003826838509, 0.0001645282963311805351, 0.0001762803579144470352, 0.0001880325997012756499, 0.0001997849575937702803, 0.0002115373162334667175, 0.0002188290956692479430, 0.0002208042975641455062 ),
 .UNSPECIFIED. ) ;
#1489 = CARTESIAN_POINT ( 'NONE',  ( 3.791356179071754706, -7.988070471417486829, -3.460296783607140103 ) ) ;
#1490 = PLANE ( 'NONE',  #1070 ) ;
#1491 = VECTOR ( 'NONE', #2005, 1000.000000000000000 ) ;
#1492 = VERTEX_POINT ( 'NONE', #6940 ) ;
#1493 = PLANE ( 'NONE',  #6883 ) ;
#1494 = CARTESIAN_POINT ( 'NONE',  ( 3.785012642412678652, 7.744421494718581656, -3.143904910697431276 ) ) ;
#1495 = CARTESIAN_POINT ( 'NONE',  ( -8.683130557623538692, 1.930582043891743593, 3.455073707654065629 ) ) ;
#1496 = B_SPLINE_CURVE_WITH_KNOTS ( 'NONE', 3,
 ( #1633, #5345, #6144, #3838, #866, #2231, #8352, #99, #2325, #9301, #6894, #4687, #3931, #719, #6981, #6035, #4731, #2424, #1587, #9157, #7697, #821, #3180, #6241, #8539 ),
 .UNSPECIFIED., .F., .F.,
 ( 4, 3, 3, 3, 3, 3, 3, 3, 4 ),
 ( 0.0001509499138714722789, 0.0001527764003826843388, 0.0001645282963311809146, 0.0001762803579144476315, 0.0001880325997012763546, 0.0001997849575937703345, 0.0002115373162334664736, 0.0002188290956692478617, 0.0002208042975641446659 ),
 .UNSPECIFIED. ) ;
#1497 = CARTESIAN_POINT ( 'NONE',  ( 3.886687736875731325, 7.955552003869622801, 3.467739038050325018 ) ) ;
#1498 = ORIENTED_EDGE ( 'NONE', *, *, #7206, .T. ) ;
#1499 = AXIS2_PLACEMENT_3D ( 'NONE', #1672, #153, #765 ) ;
#1500 = ORIENTED_EDGE ( 'NONE', *, *, #1909, .T. ) ;
#1501 = CARTESIAN_POINT ( 'NONE',  ( -3.694915755622327325, 7.787809868630389154, -3.143904910697431276 ) ) ;
#1502 = CARTESIAN_POINT ( 'NONE',  ( -7.032545971489169823, -5.544315867970169620, -3.351032822740168005 ) ) ;
#1503 = CARTESIAN_POINT ( 'NONE',  ( 7.103543054549994906, 5.600934152399529076, 3.500000000000000000 ) ) ;
#1504 = EDGE_LOOP ( 'NONE', ( #290, #1431, #5454, #7970 ) ) ;
#1505 = CIRCLE ( 'NONE', #7089, 8.601156667459632033 ) ;
#1506 = CARTESIAN_POINT ( 'NONE',  ( 8.697427512990339338, -1.933845230657804004, 3.429674227117770702 ) ) ;
#1507 = DIRECTION ( 'NONE',  ( -0.000000000000000000, -0.000000000000000000, -1.000000000000000000 ) ) ;
#1508 = CARTESIAN_POINT ( 'NONE',  ( 0.000000000000000000, 0.000000000000000000, 2.758752104430781227 ) ) ;
#1509 = DIRECTION ( 'NONE',  ( -0.000000000000000000, -0.000000000000000000, 1.000000000000000000 ) ) ;
#1510 = AXIS2_PLACEMENT_3D ( 'NONE', #3259, #6316, #4105 ) ;
#1511 = DIRECTION ( 'NONE',  ( 1.000000000000000000, 0.000000000000000000, 0.000000000000000000 ) ) ;
#1512 = ORIENTED_EDGE ( 'NONE', *, *, #6721, .F. ) ;
#1513 = CARTESIAN_POINT ( 'NONE',  ( 0.000000000000000000, 0.000000000000000000, 2.449999999999999289 ) ) ;
#1514 = EDGE_CURVE ( 'NONE', #6732, #113, #6364, .T. ) ;
#1515 = CARTESIAN_POINT ( 'NONE',  ( -3.789429660203798456, -7.984070013766990215, 3.454996609771464833 ) ) ;
#1516 = DIRECTION ( 'NONE',  ( -1.000000000000000000, 0.000000000000000000, 0.000000000000000000 ) ) ;
#1517 = EDGE_CURVE ( 'NONE', #6835, #3574, #2047, .T. ) ;
#1518 = EDGE_CURVE ( 'NONE', #2571, #9811, #2376, .T. ) ;
#1519 = DIRECTION ( 'NONE',  ( 0.6234898018587320401, -0.7818314824680310249, 0.000000000000000000 ) ) ;
#1520 = CARTESIAN_POINT ( 'NONE',  ( -8.679165281223088613, 1.929676995429188358, -3.459706444013471494 ) ) ;
#1521 = FACE_OUTER_BOUND ( 'NONE', #7547, .T. ) ;
#1522 = ADVANCED_FACE ( 'NONE', ( #8398 ), #2213, .T. ) ;
#1523 = CARTESIAN_POINT ( 'NONE',  ( 6.940665282085101140, 5.471043463218333791, -3.454996609771464833 ) ) ;
#1524 = ORIENTED_EDGE ( 'NONE', *, *, #5531, .T. ) ;
#1525 = EDGE_LOOP ( 'NONE', ( #5627, #6083 ) ) ;
#1526 = CARTESIAN_POINT ( 'NONE',  ( -8.651001148481851644, -2.025820402246215401, -3.464797546056691768 ) ) ;
#1527 = CARTESIAN_POINT ( 'NONE',  ( 5.378237760728125316, 0.000000000000000000, 2.449999999999999289 ) ) ;
#1528 = CARTESIAN_POINT ( 'NONE',  ( 9.700532726209136314, -2.214083292865366648, -1.592040838891560081E-16 ) ) ;
#1529 = ORIENTED_EDGE ( 'NONE', *, *, #4824, .F. ) ;
#1530 = ADVANCED_FACE ( 'NONE', ( #9899 ), #9242, .F. ) ;
#1531 = CARTESIAN_POINT ( 'NONE',  ( 0.000000000000000000, 0.000000000000000000, -3.193750000000000533 ) ) ;
#1532 = FACE_OUTER_BOUND ( 'NONE', #7695, .T. ) ;
#1533 = ORIENTED_EDGE ( 'NONE', *, *, #1949, .F. ) ;
#1534 = ADVANCED_FACE ( 'NONE', ( #7037 ), #4597, .F. ) ;
#1535 = DIRECTION ( 'NONE',  ( -0.000000000000000000, -0.000000000000000000, 1.000000000000000000 ) ) ;
#1536 = ORIENTED_EDGE ( 'NONE', *, *, #9598, .T. ) ;
#1537 = PERSON_AND_ORGANIZATION ( #5239, #8678 ) ;
#1538 = DIRECTION ( 'NONE',  ( -0.000000000000000000, -0.000000000000000000, 1.000000000000000000 ) ) ;
#1539 = CARTESIAN_POINT ( 'NONE',  ( -3.792175066826404706, 7.989770909361549656, 3.461862008941932967 ) ) ;
#1540 = ORIENTED_EDGE ( 'NONE', *, *, #1130, .T. ) ;
#1541 = CARTESIAN_POINT ( 'NONE',  ( 8.643632771701668105, -1.921566932002158223, 3.468127985775450117 ) ) ;
#1542 = CARTESIAN_POINT ( 'NONE',  ( -6.909333309708245885, 5.573961849795747270, -3.468147503381453944 ) ) ;
#1543 = DIRECTION ( 'NONE',  ( 6.776263578034444621E-17, 1.000000000000000000, 0.000000000000000000 ) ) ;
#1544 = VERTEX_POINT ( 'NONE', #1055 ) ;
#1545 = ORIENTED_EDGE ( 'NONE', *, *, #3222, .T. ) ;
#1546 = CARTESIAN_POINT ( 'NONE',  ( 3.780519072845733408, 7.735090501365833759, 3.129114371485063550 ) ) ;
#1547 = B_SPLINE_CURVE_WITH_KNOTS ( 'NONE', 3,
 ( #8347, #6831, #712, #192, #3126, #1629, #3927, #7828, #7775, #1578, #9239, #49, #7025, #5338, #8393, #6275, #2367, #5522, #6182, #902, #4726, #7691, #3970, #3830, #4682 ),
 .UNSPECIFIED., .F., .F.,
 ( 4, 3, 3, 3, 3, 3, 3, 3, 4 ),
 ( 0.0001509499138714766428, 0.0001527764003826878353, 0.0001645282963311853869, 0.0001762803579144525375, 0.0001880325997012803120, 0.0001997849575937755929, 0.0002115373162334731685, 0.0002188290956692534996, 0.0002208042975641503309 ),
 .UNSPECIFIED. ) ;
#1548 = CARTESIAN_POINT ( 'NONE',  ( 8.604868042990039712, -2.015290821964479839, 3.454996609771464833 ) ) ;
#1549 = DIRECTION ( 'NONE',  ( 0.7818314824680268060, -0.6234898018587372581, 0.000000000000000000 ) ) ;
#1550 = ORIENTED_EDGE ( 'NONE', *, *, #2609, .T. ) ;
#1551 = CARTESIAN_POINT ( 'NONE',  ( 6.959874108529841230, -5.486361991139749428, 3.469900311146004501 ) ) ;
#1552 = CARTESIAN_POINT ( 'NONE',  ( -8.830225396548316397, 1.964155480992796354, 3.193750000000000089 ) ) ;
#1553 = CARTESIAN_POINT ( 'NONE',  ( 6.821546926897668506, -5.503954545597981252, -3.351299362948741312 ) ) ;
#1554 = CARTESIAN_POINT ( 'NONE',  ( 6.894092134670437133, -5.561807418287710192, -3.469100694293998810 ) ) ;
#1555 = CARTESIAN_POINT ( 'NONE',  ( -3.908916829529605508, -8.001711190391642248, 3.437256629622303716 ) ) ;
#1556 = ORIENTED_EDGE ( 'NONE', *, *, #92, .T. ) ;
#1557 = CARTESIAN_POINT ( 'NONE',  ( -6.770357110861710659, 5.335227228758609108, -3.143904910697430832 ) ) ;
#1558 = CARTESIAN_POINT ( 'NONE',  ( 0.05000000000000002359, -8.837951820048278506, -3.455541280135825843 ) ) ;
#1559 = LINE ( 'NONE', #8520, #7810 ) ;
#1560 = CARTESIAN_POINT ( 'NONE',  ( -8.807973303152722977, -2.061648272210801824, 3.193750000000000089 ) ) ;
#1561 = CARTESIAN_POINT ( 'NONE',  ( -8.683130557623538692, 1.930582043891743593, -3.455073707654065629 ) ) ;
#1562 = CARTESIAN_POINT ( 'NONE',  ( 0.05000000000000002359, 8.837570431649497849, 3.454996609771464833 ) ) ;
#1563 = EDGE_CURVE ( 'NONE', #8391, #5388, #9346, .T. ) ;
#1564 = DIRECTION ( 'NONE',  ( 1.000000000000000000, 0.000000000000000000, 0.000000000000000000 ) ) ;
#1565 = EDGE_CURVE ( 'NONE', #5977, #436, #8408, .T. ) ;
#1566 = ORIENTED_EDGE ( 'NONE', *, *, #1882, .T. ) ;
#1567 = EDGE_LOOP ( 'NONE', ( #7490, #4811, #1962, #7084, #9313, #2459 ) ) ;
#1568 = CARTESIAN_POINT ( 'NONE',  ( -3.969916891359710487, -8.128379123974086795, 3.193750000000000089 ) ) ;
#1569 = AXIS2_PLACEMENT_3D ( 'NONE', #5039, #8090, #1220 ) ;
#1570 = CARTESIAN_POINT ( 'NONE',  ( 0.000000000000000000, 0.000000000000000000, -3.064533293948747517 ) ) ;
#1571 = CIRCLE ( 'NONE', #1403, 8.837711872106121191 ) ;
#1572 = AXIS2_PLACEMENT_3D ( 'NONE', #5163, #8216, #1350 ) ;
#1573 = CARTESIAN_POINT ( 'NONE',  ( 6.827126517065100764, -5.380499319508385447, 3.247602129575368313 ) ) ;
#1574 = CARTESIAN_POINT ( 'NONE',  ( 3.882393204681643173, -7.946634315880475974, 3.462372291138045899 ) ) ;
#1575 = VECTOR ( 'NONE', #7218, 1000.000000000000000 ) ;
#1576 = ORIENTED_EDGE ( 'NONE', *, *, #6832, .F. ) ;
#1577 = CARTESIAN_POINT ( 'NONE',  ( 6.821546926897705809, 5.503954545597936843, 3.351299362948741756 ) ) ;
#1578 = CARTESIAN_POINT ( 'NONE',  ( 3.896739687710661038, 7.976425094855648545, -3.468147503381453944 ) ) ;
#1579 = ADVANCED_FACE ( 'NONE', ( #9389 ), #7238, .F. ) ;
#1580 = AXIS2_PLACEMENT_3D ( 'NONE', #7061, #2304, #3867 ) ;
#1581 = AXIS2_PLACEMENT_3D ( 'NONE', #743, #35, #6168 ) ;
#1582 = ORIENTED_EDGE ( 'NONE', *, *, #5765, .F. ) ;
#1583 = CARTESIAN_POINT ( 'NONE',  ( 0.000000000000000000, 0.000000000000000000, -3.094141646974374105 ) ) ;
#1584 = CIRCLE ( 'NONE', #776, 5.378237760728125316 ) ;
#1585 = ADVANCED_FACE ( 'NONE', ( #3229 ), #4759, .T. ) ;
#1586 = EDGE_LOOP ( 'NONE', ( #1866, #5330, #2903, #8052 ) ) ;
#1587 = CARTESIAN_POINT ( 'NONE',  ( -8.611036915675310155, 2.016698826899296026, -3.461862008941932967 ) ) ;
#1588 = CARTESIAN_POINT ( 'NONE',  ( -8.662371385772239307, -2.028415584710014041, -3.452421434499180375 ) ) ;
#1589 = CIRCLE ( 'NONE', #1726, 8.737285000697680104 ) ;
#1590 = VERTEX_POINT ( 'NONE', #8734 ) ;
#1591 = DIRECTION ( 'NONE',  ( 1.000000000000000000, 0.000000000000000000, 0.000000000000000000 ) ) ;
#1592 = EDGE_CURVE ( 'NONE', #995, #7907, #9252, .T. ) ;
#1593 = CIRCLE ( 'NONE', #3349, 2.450000000000000622 ) ;
#1594 = CARTESIAN_POINT ( 'NONE',  ( -6.878614483356479070, -5.549464403242275523, -3.455541280135824955 ) ) ;
#1595 = CARTESIAN_POINT ( 'NONE',  ( -8.630645840616953279, 1.918602749729777068, 3.459673052288552153 ) ) ;
#1596 = EDGE_LOOP ( 'NONE', ( #5172, #8593, #6285, #8097 ) ) ;
#1597 = AXIS2_PLACEMENT_3D ( 'NONE', #9530, #5668, #4979 ) ;
#1598 = AXIS2_PLACEMENT_3D ( 'NONE', #6866, #1313, #4564 ) ;
#1599 = CIRCLE ( 'NONE', #6713, 2.450000000000000622 ) ;
#1600 = EDGE_LOOP ( 'NONE', ( #8650, #4259, #2509, #7033 ) ) ;
#1601 = CARTESIAN_POINT ( 'NONE',  ( -0.05000000000000001665, 8.909685893445361771, -3.429674227117770702 ) ) ;
#1602 = CARTESIAN_POINT ( 'NONE',  ( -6.986779382597083199, -5.507818231228810646, -3.452421434499180375 ) ) ;
#1603 = FACE_OUTER_BOUND ( 'NONE', #7030, .T. ) ;
#1604 = EDGE_LOOP ( 'NONE', ( #6481, #6983, #3119, #8828 ) ) ;
#1605 = EDGE_CURVE ( 'NONE', #7326, #8020, #3513, .T. ) ;
#1606 = CARTESIAN_POINT ( 'NONE',  ( 6.948416668875306179, -5.477224987910533471, 3.464471549642479165 ) ) ;
#1607 = CARTESIAN_POINT ( 'NONE',  ( 0.05000000000000000971, -9.045898922017695298, 3.193750000000000089 ) ) ;
#1608 = CARTESIAN_POINT ( 'NONE',  ( 6.764777536879226005, -5.458682467755187950, -3.247602129575368757 ) ) ;
#1609 = CARTESIAN_POINT ( 'NONE',  ( 6.906425780025329253, -5.571643172246150577, -3.469378817057675590 ) ) ;
#1610 = DIRECTION ( 'NONE',  ( 1.000000000000000000, 0.000000000000000000, 0.000000000000000000 ) ) ;
#1611 = VECTOR ( 'NONE', #1707, 1000.000000000000000 ) ;
#1612 = ORIENTED_EDGE ( 'NONE', *, *, #3543, .T. ) ;
#1613 = CARTESIAN_POINT ( 'NONE',  ( 8.662172082280122254, 1.925798408661319350, -3.469378817057675590 ) ) ;
#1614 = VECTOR ( 'NONE', #4046, 1000.000000000000000 ) ;
#1615 = B_SPLINE_CURVE_WITH_KNOTS ( 'NONE', 3,
 ( #7921, #7228, #8723, #6473, #2658, #7276, #6518, #9577, #1967, #8181, #1315, #5222, #6774, #2110, #2010, #8924, #8125, #6664, #548, #4370, #595, #498, #9726, #7529, #1363 ),
 .UNSPECIFIED., .F., .F.,
 ( 4, 3, 3, 3, 3, 3, 3, 3, 4 ),
 ( 0.0001509499138714748268, 0.0001527764003826867782, 0.0001645282963311838962, 0.0001762803579144514533, 0.0001880325997012799325, 0.0001997849575937750779, 0.0002115373162334721927, 0.0002188290956692535538, 0.0002208042975641505206 ),
 .UNSPECIFIED. ) ;
#1616 = DIRECTION ( 'NONE',  ( 0.000000000000000000, 0.000000000000000000, -1.000000000000000000 ) ) ;
#1617 = DIRECTION ( 'NONE',  ( 0.000000000000000000, 0.000000000000000000, 1.000000000000000000 ) ) ;
#1618 = CARTESIAN_POINT ( 'NONE',  ( 0.000000000000000000, 0.000000000000000000, -3.376256313292342437 ) ) ;
#1619 = FACE_OUTER_BOUND ( 'NONE', #1596, .T. ) ;
#1620 = VECTOR ( 'NONE', #6162, 1000.000000000000000 ) ;
#1621 = CARTESIAN_POINT ( 'NONE',  ( 0.05000000000000002359, -8.838348897068080134, 3.456075294419946431 ) ) ;
#1622 = ORIENTED_EDGE ( 'NONE', *, *, #3964, .F. ) ;
#1623 = ORIENTED_EDGE ( 'NONE', *, *, #7128, .T. ) ;
#1624 = DIRECTION ( 'NONE',  ( -0.000000000000000000, -0.000000000000000000, 1.000000000000000000 ) ) ;
#1625 = CARTESIAN_POINT ( 'NONE',  ( 9.498018552564230887, 1.163171801863996077E-15, 3.325000000000000622 ) ) ;
#1626 = CARTESIAN_POINT ( 'NONE',  ( 8.588813778810038713, 0.000000000000000000, 3.099533293948747659 ) ) ;
#1627 = CARTESIAN_POINT ( 'NONE',  ( 3.888530992799052566, -7.959379564233903359, 3.469014143938407457 ) ) ;
#1628 = CARTESIAN_POINT ( 'NONE',  ( 6.878924930671488802, 5.549711976714722717, 3.456075294419946431 ) ) ;
#1629 = CARTESIAN_POINT ( 'NONE',  ( 3.902588241884612064, 7.988569742736869372, -3.460240287494900535 ) ) ;
#1630 = ORIENTED_EDGE ( 'NONE', *, *, #4151, .F. ) ;
#1631 = DIRECTION ( 'NONE',  ( -0.000000000000000000, -0.000000000000000000, 1.000000000000000000 ) ) ;
#1632 = EDGE_LOOP ( 'NONE', ( #4932, #7398 ) ) ;
#1633 = CARTESIAN_POINT ( 'NONE',  ( -8.662371385772200227, 2.028415584710187680, -3.452421434499180375 ) ) ;
#1634 = DIRECTION ( 'NONE',  ( 0.9009688679023075686, 0.4338837391177895464, 0.000000000000000000 ) ) ;
#1635 = ADVANCED_FACE ( 'NONE', ( #4833 ), #1717, .T. ) ;
#1636 = ORIENTED_EDGE ( 'NONE', *, *, #3685, .F. ) ;
#1637 = CARTESIAN_POINT ( 'NONE',  ( 0.000000000000000000, 0.000000000000000000, 3.454996609771464389 ) ) ;
#1638 = EDGE_CURVE ( 'NONE', #6068, #2017, #3632, .T. ) ;
#1639 = EDGE_CURVE ( 'NONE', #7562, #6068, #5526, .T. ) ;
#1640 = DIRECTION ( 'NONE',  ( 1.000000000000000000, 0.000000000000000000, 0.000000000000000000 ) ) ;
#1641 = ORIENTED_EDGE ( 'NONE', *, *, #8433, .T. ) ;
#1642 = EDGE_CURVE ( 'NONE', #632, #1647, #305, .T. ) ;
#1643 = VERTEX_POINT ( 'NONE', #4929 ) ;
#1644 = DIRECTION ( 'NONE',  ( -0.000000000000000000, -0.000000000000000000, 1.000000000000000000 ) ) ;
#1645 = CARTESIAN_POINT ( 'NONE',  ( 8.656687201036431745, -2.027118206636961073, 3.460240287494900091 ) ) ;
#1646 = CARTESIAN_POINT ( 'NONE',  ( 8.362206348396760802, 1.959904873689046090, -3.099533293948748103 ) ) ;
#1647 = VERTEX_POINT ( 'NONE', #2467 ) ;
#1648 = CARTESIAN_POINT ( 'NONE',  ( 6.982402247695627118, -5.504327582625504256, 3.459706444013471494 ) ) ;
#1649 = CARTESIAN_POINT ( 'NONE',  ( -6.940665282085137555, -5.471043463218286718, -3.454996609771464833 ) ) ;
#1650 = CARTESIAN_POINT ( 'NONE',  ( -8.384458441792366656, 1.862412082470977337, 3.094141646974374105 ) ) ;
#1651 = SECURITY_CLASSIFICATION ( '', '', #9247 ) ;
#1652 = CARTESIAN_POINT ( 'NONE',  ( 6.878316301899189966, -5.549226611465182479, -3.454996609771464833 ) ) ;
#1653 = EDGE_CURVE ( 'NONE', #532, #5294, #7931, .T. ) ;
#1654 = CARTESIAN_POINT ( 'NONE',  ( -3.907017385819927746, -7.997766954886910362, 3.444839032082838592 ) ) ;
#1655 = VERTEX_POINT ( 'NONE', #7835 ) ;
#1656 = CARTESIAN_POINT ( 'NONE',  ( -6.883895907083501520, 5.425771397351231151, -3.351299362948740868 ) ) ;
#1657 = CONICAL_SURFACE ( 'NONE', #1971, 8.869223585189136116, 0.6108652381980126389 ) ;
#1658 = DIRECTION ( 'NONE',  ( -0.4338837391175590641, -0.9009688679024187019, 0.000000000000000000 ) ) ;
#1659 = DIRECTION ( 'NONE',  ( -1.000000000000000000, 0.000000000000000000, 0.000000000000000000 ) ) ;
#1660 = CARTESIAN_POINT ( 'NONE',  ( 6.934698440303916023, -5.594189866451236171, -3.429674227117769814 ) ) ;
#1661 = LINE ( 'NONE', #2308, #5768 ) ;
#1662 = VECTOR ( 'NONE', #5036, 1000.000000000000000 ) ;
#1663 = DIRECTION ( 'NONE',  ( 0.9009688679024249192, 0.4338837391175462965, 0.000000000000000000 ) ) ;
#1664 = ORIENTED_EDGE ( 'NONE', *, *, #5441, .F. ) ;
#1665 = ORIENTED_EDGE ( 'NONE', *, *, #151, .F. ) ;
#1666 = LINE ( 'NONE', #2562, #2720 ) ;
#1667 = CARTESIAN_POINT ( 'NONE',  ( -8.636538199847022312, -2.022519328599875710, -3.469713030103804385 ) ) ;
#1668 = CARTESIAN_POINT ( 'NONE',  ( -3.879526546993873115, 7.940681639855315943, -3.454996609771464833 ) ) ;
#1669 = DIRECTION ( 'NONE',  ( -0.000000000000000000, -0.000000000000000000, 1.000000000000000000 ) ) ;
#1670 = CARTESIAN_POINT ( 'NONE',  ( 8.688891490516537530, 1.931896939230847599, 3.444839032082837704 ) ) ;
#1671 = VERTEX_POINT ( 'NONE', #6435 ) ;
#1672 = CARTESIAN_POINT ( 'NONE',  ( 0.000000000000000000, 0.000000000000000000, 3.454996609771464389 ) ) ;
#1673 = ORIENTED_EDGE ( 'NONE', *, *, #1517, .T. ) ;
#1674 = APPROVAL_ROLE ( '' ) ;
#1675 = CARTESIAN_POINT ( 'NONE',  ( 0.000000000000000000, 0.000000000000000000, 3.094141646974374105 ) ) ;
#1676 = CARTESIAN_POINT ( 'NONE',  ( -8.605239869185416168, -2.015375688867059534, 3.455541280135824511 ) ) ;
#1677 = ORIENTED_EDGE ( 'NONE', *, *, #3741, .F. ) ;
#1678 = CARTESIAN_POINT ( 'NONE',  ( 0.000000000000000000, 0.000000000000000000, 3.094141646974374105 ) ) ;
#1679 = DIRECTION ( 'NONE',  ( 1.000000000000000000, 0.000000000000000000, 0.000000000000000000 ) ) ;
#1680 = EDGE_CURVE ( 'NONE', #4498, #4006, #4280, .T. ) ;
#1681 = ORIENTED_EDGE ( 'NONE', *, *, #6833, .T. ) ;
#1682 = ADVANCED_FACE ( 'NONE', ( #4181 ), #609, .T. ) ;
#1683 = ORIENTED_EDGE ( 'NONE', *, *, #9106, .F. ) ;
#1684 = CARTESIAN_POINT ( 'NONE',  ( -8.662371385772239307, -2.028415584710014041, 3.452421434499180375 ) ) ;
#1685 = CARTESIAN_POINT ( 'NONE',  ( 8.659349970517954631, -2.027725966394923862, 3.457279025203408018 ) ) ;
#1686 = B_SPLINE_CURVE_WITH_KNOTS ( 'NONE', 3,
 ( #7420, #5166, #5907, #6008, #1247, #4305, #2193, #1354, #1457, #8972, #6762, #4508, #4406, #9870, #2101, #4455, #5854, #584, #6058, #5062, #3656, #6654, #7517, #686, #3759 ),
 .UNSPECIFIED., .F., .F.,
 ( 4, 3, 3, 3, 3, 3, 3, 3, 4 ),
 ( 0.0001509499138714756670, 0.0001527764003826867782, 0.0001645282963311840046, 0.0001762803579144511822, 0.0001880325997012805288, 0.0001997849575937743461, 0.0002115373162334719488, 0.0002188290956692535267, 0.0002208042975641515777 ),
 .UNSPECIFIED. ) ;
#1687 = CARTESIAN_POINT ( 'NONE',  ( 0.000000000000000000, 0.000000000000000000, -3.094141646974374105 ) ) ;
#1688 = ORIENTED_EDGE ( 'NONE', *, *, #2011, .F. ) ;
#1689 = CARTESIAN_POINT ( 'NONE',  ( 0.05000000000000001665, 8.905308122385132918, 3.437256629622304160 ) ) ;
#1690 = CARTESIAN_POINT ( 'NONE',  ( 6.966062775967514220, -5.491297288733937521, 3.469713030103804385 ) ) ;
#1691 = CARTESIAN_POINT ( 'NONE',  ( 8.658289197118433478, 1.924912165461357461, 3.469985047562923697 ) ) ;
#1692 = DIRECTION ( 'NONE',  ( 1.000000000000000000, 0.000000000000000000, 0.000000000000000000 ) ) ;
#1693 = CARTESIAN_POINT ( 'NONE',  ( 6.881787768946302286, -5.551995014055636446, -3.460296783607140103 ) ) ;
#1694 = DIRECTION ( 'NONE',  ( -1.000000000000000000, 0.000000000000000000, 0.000000000000000000 ) ) ;
#1695 = ADVANCED_FACE ( 'NONE', ( #3683 ), #4425, .T. ) ;
#1696 = VERTEX_POINT ( 'NONE', #505 ) ;
#1697 = CARTESIAN_POINT ( 'NONE',  ( -6.943492677353385822, 5.473298235704803893, 3.459673052288552153 ) ) ;
#1698 = CARTESIAN_POINT ( 'NONE',  ( 0.000000000000000000, 0.000000000000000000, 3.094141646974374105 ) ) ;
#1699 = CARTESIAN_POINT ( 'NONE',  ( -0.05000000000000001665, -8.900930351248694805, -3.444839032082839037 ) ) ;
#1700 = EDGE_CURVE ( 'NONE', #5192, #9457, #1276, .T. ) ;
#1701 = CARTESIAN_POINT ( 'NONE',  ( 7.005695535894889581, -5.650808160872978547, -3.272391413630715284 ) ) ;
#1702 = EDGE_CURVE ( 'NONE', #7051, #5963, #5933, .T. ) ;
#1703 = FACE_OUTER_BOUND ( 'NONE', #3475, .T. ) ;
#1704 = SPHERICAL_SURFACE ( 'NONE', #7096, 2.450000000000000622 ) ;
#1705 = EDGE_LOOP ( 'NONE', ( #9066, #2276, #1156, #6794 ) ) ;
#1706 = VERTEX_POINT ( 'NONE', #8190 ) ;
#1707 = DIRECTION ( 'NONE',  ( -0.000000000000000000, -0.000000000000000000, 1.000000000000000000 ) ) ;
#1708 = CARTESIAN_POINT ( 'NONE',  ( 3.879820004569354719, -8.171767497885896958, 3.500000000000000000 ) ) ;
#1709 = PLANE ( 'NONE',  #8455 ) ;
#1710 = CARTESIAN_POINT ( 'NONE',  ( 6.878316301899227270, 5.549226611465136294, 3.454996609771464833 ) ) ;
#1711 = DIRECTION ( 'NONE',  ( 0.000000000000000000, 0.000000000000000000, -1.000000000000000000 ) ) ;
#1712 = EDGE_CURVE ( 'NONE', #8360, #3416, #5406, .T. ) ;
#1713 = ORIENTED_EDGE ( 'NONE', *, *, #5555, .F. ) ;
#1714 = AXIS2_PLACEMENT_3D ( 'NONE', #2669, #962, #5726 ) ;
#1715 = CARTESIAN_POINT ( 'NONE',  ( -6.927853081768559740, -5.588730875181777691, -3.444839032082838592 ) ) ;
#1716 = ORIENTED_EDGE ( 'NONE', *, *, #2664, .T. ) ;
#1717 = PLANE ( 'NONE',  #5554 ) ;
#1718 = CARTESIAN_POINT ( 'NONE',  ( 0.000000000000000000, 0.000000000000000000, 3.193750000000000533 ) ) ;
#1719 = ORIENTED_EDGE ( 'NONE', *, *, #3910, .F. ) ;
#1720 = CARTESIAN_POINT ( 'NONE',  ( -9.046037105128458933, 1.107820038576375774E-15, 2.994533293948747676 ) ) ;
#1721 = VECTOR ( 'NONE', #2416, 999.9999999999998863 ) ;
#1722 = CIRCLE ( 'NONE', #7331, 8.588813778810038713 ) ;
#1723 = CARTESIAN_POINT ( 'NONE',  ( 8.659349970517954631, -2.027725966394923862, -3.457279025203408018 ) ) ;
#1724 = AXIS2_PLACEMENT_3D ( 'NONE', #304, #1119, #4832 ) ;
#1725 = ORIENTED_EDGE ( 'NONE', *, *, #4219, .T. ) ;
#1726 = AXIS2_PLACEMENT_3D ( 'NONE', #3605, #3505, #3557 ) ;
#1727 = AXIS2_PLACEMENT_3D ( 'NONE', #4518, #3767, #5322 ) ;
#1728 = PLANE ( 'NONE',  #3651 ) ;
#1729 = CARTESIAN_POINT ( 'NONE',  ( 0.05000000000000001665, -8.896552580035715252, -3.452421434499180375 ) ) ;
#1730 = VECTOR ( 'NONE', #654, 1000.000000000000000 ) ;
#1731 = VERTEX_POINT ( 'NONE', #4330 ) ;
#1732 = CARTESIAN_POINT ( 'NONE',  ( 6.984356395689119701, 5.505885963648176507, 3.457279025203407574 ) ) ;
#1733 = EDGE_LOOP ( 'NONE', ( #2821, #7186, #5458, #2955 ) ) ;
#1734 = CARTESIAN_POINT ( 'NONE',  ( 8.697427512990339338, -1.933845230657804004, -3.429674227117770702 ) ) ;
#1735 = CARTESIAN_POINT ( 'NONE',  ( -3.888530992798996166, 7.959379564233929116, -3.469014143938407457 ) ) ;
#1736 = FACE_OUTER_BOUND ( 'NONE', #5698, .T. ) ;
#1737 = CARTESIAN_POINT ( 'NONE',  ( -8.605239869185377088, 2.015375688867232729, 3.455541280135825843 ) ) ;
#1738 = VECTOR ( 'NONE', #7350, 999.9999999999998863 ) ;
#1739 = CARTESIAN_POINT ( 'NONE',  ( -7.103651090456255979, 5.601020308159980310, 3.094141646974374105 ) ) ;
#1740 = EDGE_CURVE ( 'NONE', #4858, #8903, #991, .T. ) ;
#1741 = VECTOR ( 'NONE', #9832, 1000.000000000000000 ) ;
#1742 = VERTEX_POINT ( 'NONE', #7335 ) ;
#1743 = CIRCLE ( 'NONE', #1272, 8.588813778810038713 ) ;
#1744 = CARTESIAN_POINT ( 'NONE',  ( -0.05000000000000002359, -8.850402102400634519, 3.466377381984354411 ) ) ;
#1745 = VERTEX_POINT ( 'NONE', #8941 ) ;
#1746 = CARTESIAN_POINT ( 'NONE',  ( 8.684323662192904081, 1.930854362223843657, -3.452954079042412694 ) ) ;
#1747 = AXIS2_PLACEMENT_3D ( 'NONE', #5029, #6370, #1266 ) ;
#1748 = VECTOR ( 'NONE', #3700, 1000.000000000000000 ) ;
#1749 = CARTESIAN_POINT ( 'NONE',  ( 6.927853081768522436, 5.588730875181825652, 3.444839032082839037 ) ) ;
#1750 = EDGE_CURVE ( 'NONE', #8365, #9723, #4766, .T. ) ;
#1751 = ORIENTED_EDGE ( 'NONE', *, *, #2254, .F. ) ;
#1752 = CIRCLE ( 'NONE', #8475, 8.737285000697680104 ) ;
#1753 = LINE ( 'NONE', #4813, #7975 ) ;
#1754 = LINE ( 'NONE', #2704, #1575 ) ;
#1755 = CARTESIAN_POINT ( 'NONE',  ( 0.000000000000000000, 0.000000000000000000, -3.099533293948747659 ) ) ;
#1756 = EDGE_CURVE ( 'NONE', #9711, #6698, #457, .T. ) ;
#1757 = CARTESIAN_POINT ( 'NONE',  ( 0.05000000000000004441, 8.599024861565366606, 3.114323832567764683 ) ) ;
#1758 = ADVANCED_FACE ( 'NONE', ( #1322 ), #8236, .F. ) ;
#1759 = CONICAL_SURFACE ( 'NONE', #7192, 11.00000000000000000, 0.7853981633974425058 ) ;
#1760 = EDGE_LOOP ( 'NONE', ( #5424, #1392 ) ) ;
#1761 = ORIENTED_EDGE ( 'NONE', *, *, #6078, .T. ) ;
#1762 = CARTESIAN_POINT ( 'NONE',  ( 0.000000000000000000, 0.000000000000000000, -3.452421434499180375 ) ) ;
#1763 = EDGE_CURVE ( 'NONE', #8360, #3873, #4378, .T. ) ;
#1764 = CARTESIAN_POINT ( 'NONE',  ( -0.05000000000000003747, -8.588668239434865015, 3.500000000000000000 ) ) ;
#1765 = DIRECTION ( 'NONE',  ( 0.000000000000000000, 0.000000000000000000, 1.000000000000000000 ) ) ;
#1766 = AXIS2_PLACEMENT_3D ( 'NONE', #2916, #5863, #5916 ) ;
#1767 = CARTESIAN_POINT ( 'NONE',  ( 6.923233172288207449, 5.585046620312227539, 3.455073707654065185 ) ) ;
#1768 = DIRECTION ( 'NONE',  ( 0.000000000000000000, 0.000000000000000000, -1.000000000000000000 ) ) ;
#1769 = CIRCLE ( 'NONE', #3060, 9.046037105128460709 ) ;
#1770 = CARTESIAN_POINT ( 'NONE',  ( 0.000000000000000000, 0.000000000000000000, 3.094141646974374105 ) ) ;
#1771 = ORIENTED_EDGE ( 'NONE', *, *, #3958, .T. ) ;
#1772 = CARTESIAN_POINT ( 'NONE',  ( 8.362206348396748368, -1.959904873689104710, -3.500000000000000000 ) ) ;
#1773 = VERTEX_POINT ( 'NONE', #6583 ) ;
#1774 = ADVANCED_FACE ( 'NONE', ( #1371 ), #7438, .T. ) ;
#1775 = CYLINDRICAL_SURFACE ( 'NONE', #1724, 8.588813778810038713 ) ;
#1776 = CARTESIAN_POINT ( 'NONE',  ( -3.818819942739364315, -8.045099564303399120, 3.437256629622304605 ) ) ;
#1777 = CARTESIAN_POINT ( 'NONE',  ( -3.789767423690219239, 7.984771386873950938, 3.456075294419946431 ) ) ;
#1778 = ORIENTED_EDGE ( 'NONE', *, *, #2786, .T. ) ;
#1779 = B_SPLINE_CURVE_WITH_KNOTS ( 'NONE', 3,
 ( #4852, #1032, #4094, #7150, #6406, #9753, #7494 ),
 .UNSPECIFIED., .F., .F.,
 ( 4, 3, 4 ),
 ( 0.001199429903413613135, 0.001225696219576499638, 0.001498119107920984011 ),
 .UNSPECIFIED. ) ;
#1780 = CARTESIAN_POINT ( 'NONE',  ( -3.898353220620548676, -7.979775630466963143, -3.466916208273112421 ) ) ;
#1781 = CARTESIAN_POINT ( 'NONE',  ( 8.605239869185391299, -2.015375688867176329, -3.455541280135825843 ) ) ;
#1782 = ORIENTED_EDGE ( 'NONE', *, *, #26, .T. ) ;
#1783 = CARTESIAN_POINT ( 'NONE',  ( 3.950216688758959815, 8.087471231756959256, -3.272391413630716173 ) ) ;
#1784 = CARTESIAN_POINT ( 'NONE',  ( -3.801834618289955170, -8.009829174656479367, 3.470139885832122406 ) ) ;
#1785 = VERTEX_POINT ( 'NONE', #7586 ) ;
#1786 = CARTESIAN_POINT ( 'NONE',  ( 6.950697486251003809, 5.479043879072476031, 3.466377381984354411 ) ) ;
#1787 = B_SPLINE_CURVE_WITH_KNOTS ( 'NONE', 3,
 ( #8523, #9328, #5512, #1660, #6077, #1701, #7765 ),
 .UNSPECIFIED., .F., .F.,
 ( 4, 3, 4 ),
 ( 0.001199429903413613135, 0.001225696219576499638, 0.001498119107920984011 ),
 .UNSPECIFIED. ) ;
#1788 = VERTEX_POINT ( 'NONE', #1626 ) ;
#1789 = DIRECTION ( 'NONE',  ( -0.000000000000000000, -0.000000000000000000, 1.000000000000000000 ) ) ;
#1790 = CARTESIAN_POINT ( 'NONE',  ( 6.924430402411135610, -5.586001379475708184, 3.452421434499180375 ) ) ;
#1791 = CARTESIAN_POINT ( 'NONE',  ( 0.000000000000000000, 0.000000000000000000, 3.434921434499177639 ) ) ;
#1792 = DIRECTION ( 'NONE',  ( 0.000000000000000000, 0.000000000000000000, -1.000000000000000000 ) ) ;
#1793 = DIRECTION ( 'NONE',  ( 0.2225209339559747757, 0.9749279121819011129, 0.000000000000000000 ) ) ;
#1794 = ORIENTED_EDGE ( 'NONE', *, *, #2799, .T. ) ;
#1795 = CARTESIAN_POINT ( 'NONE',  ( 8.601156667459632033, 1.053337898176935207E-15, 2.994533293948747676 ) ) ;
#1796 = ORIENTED_EDGE ( 'NONE', *, *, #9669, .T. ) ;
#1797 = CARTESIAN_POINT ( 'NONE',  ( 8.830225396548327055, -1.964155480992738623, 3.094141646974374105 ) ) ;
#1798 = CARTESIAN_POINT ( 'NONE',  ( -8.654470594800006467, -1.924040594400825865, 3.469915996672630953 ) ) ;
#1799 = CARTESIAN_POINT ( 'NONE',  ( -3.815021055286628826, 8.037211093225053560, -3.452421434499180375 ) ) ;
#1800 = EDGE_LOOP ( 'NONE', ( #7472, #9213, #1406, #9722 ) ) ;
#1801 = AXIS2_PLACEMENT_3D ( 'NONE', #3588, #7550, #3744 ) ;
#1802 = DIRECTION ( 'NONE',  ( 1.000000000000000000, 2.700062395888380201E-13, 0.000000000000000000 ) ) ;
#1803 = DIRECTION ( 'NONE',  ( 0.000000000000000000, 0.000000000000000000, -1.000000000000000000 ) ) ;
#1804 = CARTESIAN_POINT ( 'NONE',  ( -6.879246888065163823, 5.549968729168694104, 3.456597352396201472 ) ) ;
#1805 = CARTESIAN_POINT ( 'NONE',  ( -0.05000000000000002359, -8.843897948390175401, -3.461862008941932967 ) ) ;
#1806 = EDGE_CURVE ( 'NONE', #2932, #5515, #1366, .T. ) ;
#1807 = AXIS2_PLACEMENT_3D ( 'NONE', #51, #6184, #6889 ) ;
#1808 = DIRECTION ( 'NONE',  ( 0.000000000000000000, 0.000000000000000000, 1.000000000000000000 ) ) ;
#1809 = VERTEX_POINT ( 'NONE', #3825 ) ;
#1810 = ORIENTED_EDGE ( 'NONE', *, *, #7284, .T. ) ;
#1811 = CARTESIAN_POINT ( 'NONE',  ( 6.821546926897705809, 5.503954545597936843, -3.351299362948741756 ) ) ;
#1812 = CARTESIAN_POINT ( 'NONE',  ( 3.879820004569413339, 8.171767497885872089, 3.193750000000000089 ) ) ;
#1813 = EDGE_CURVE ( 'NONE', #455, #6052, #420, .T. ) ;
#1814 = CARTESIAN_POINT ( 'NONE',  ( 0.000000000000000000, 0.000000000000000000, 3.376256313292342437 ) ) ;
#1815 = CARTESIAN_POINT ( 'NONE',  ( 0.000000000000000000, 0.000000000000000000, 3.325000000000000622 ) ) ;
#1816 = CARTESIAN_POINT ( 'NONE',  ( 0.000000000000000000, 0.000000000000000000, -3.099533293948747659 ) ) ;
#1817 = AXIS2_PLACEMENT_3D ( 'NONE', #6669, #8989, #2115 ) ;
#1818 = CARTESIAN_POINT ( 'NONE',  ( 6.979796104693806846, 5.502249252933853363, -3.462633071500297088 ) ) ;
#1819 = EDGE_CURVE ( 'NONE', #6013, #6934, #2190, .T. ) ;
#1820 = EDGE_LOOP ( 'NONE', ( #7103, #4507, #9190, #4998 ) ) ;
#1821 = DIRECTION ( 'NONE',  ( 0.7071067811865104913, 0.000000000000000000, 0.7071067811865846542 ) ) ;
#1822 = EDGE_LOOP ( 'NONE', ( #8329, #167, #2097, #4996 ) ) ;
#1823 = CIRCLE ( 'NONE', #5351, 8.837711872106121191 ) ;
#1824 = DIRECTION ( 'NONE',  ( 1.000000000000000000, 0.000000000000000000, 0.000000000000000000 ) ) ;
#1825 = EDGE_CURVE ( 'NONE', #3614, #9201, #6260, .T. ) ;
#1826 = CARTESIAN_POINT ( 'NONE',  ( -3.860119801968772801, -8.130859605668689483, 3.272391413630715729 ) ) ;
#1827 = DIRECTION ( 'NONE',  ( 0.000000000000000000, 0.000000000000000000, 1.000000000000000000 ) ) ;
#1828 = ORIENTED_EDGE ( 'NONE', *, *, #9410, .T. ) ;
#1829 = CARTESIAN_POINT ( 'NONE',  ( -3.883580287306799939, -7.949099318350827836, -3.464362763198132633 ) ) ;
#1830 = ADVANCED_FACE ( 'NONE', ( #7729 ), #6678, .T. ) ;
#1831 = CARTESIAN_POINT ( 'NONE',  ( 8.636037103722788544, -2.022404956679600296, -3.469985047562923697 ) ) ;
#1832 = ADVANCED_FACE ( 'NONE', ( #2315 ), #2363, .T. ) ;
#1833 = ORIENTED_EDGE ( 'NONE', *, *, #7766, .T. ) ;
#1834 = DIRECTION ( 'NONE',  ( -1.000000000000000000, 0.000000000000000000, 0.000000000000000000 ) ) ;
#1835 = CARTESIAN_POINT ( 'NONE',  ( -3.809960823644472860, -8.026703413948075294, 3.464797546056691768 ) ) ;
#1836 = ORIENTED_EDGE ( 'NONE', *, *, #4097, .F. ) ;
#1837 = CARTESIAN_POINT ( 'NONE',  ( 6.953569300366282846, 5.481334074407227419, 3.467739038050325018 ) ) ;
#1838 = ORIENTED_EDGE ( 'NONE', *, *, #9492, .T. ) ;
#1839 = DIRECTION ( 'NONE',  ( 0.000000000000000000, 0.000000000000000000, -1.000000000000000000 ) ) ;
#1840 = LINE ( 'NONE', #4999, #3413 ) ;
#1841 = DIRECTION ( 'NONE',  ( -0.000000000000000000, -0.000000000000000000, 1.000000000000000000 ) ) ;
#1842 = LINE ( 'NONE', #6449, #6547 ) ;
#1843 = CARTESIAN_POINT ( 'NONE',  ( 8.830225396548341266, 1.964155480992677116, -3.500000000000000000 ) ) ;
#1844 = ORIENTED_EDGE ( 'NONE', *, *, #3057, .T. ) ;
#1845 = ORIENTED_EDGE ( 'NONE', *, *, #1605, .F. ) ;
#1846 = CARTESIAN_POINT ( 'NONE',  ( 3.879526546993929070, -7.940681639855288410, -3.454996609771464833 ) ) ;
#1847 = ORIENTED_EDGE ( 'NONE', *, *, #6587, .F. ) ;
#1848 = DIRECTION ( 'NONE',  ( 0.6234898018587267110, -0.7818314824680352437, 0.000000000000000000 ) ) ;
#1849 = CARTESIAN_POINT ( 'NONE',  ( -6.683716731970441138, 5.394038632959125223, 3.500000000000000000 ) ) ;
#1850 = LINE ( 'NONE', #2647, #9745 ) ;
#1851 = ORIENTED_EDGE ( 'NONE', *, *, #17, .F. ) ;
#1852 = CARTESIAN_POINT ( 'NONE',  ( -6.965660928076322200, -5.490976825734180444, 3.469985047562924141 ) ) ;
#1853 = CARTESIAN_POINT ( 'NONE',  ( 6.940665282085063836, -5.471043463218379976, -3.454996609771464833 ) ) ;
#1854 = CARTESIAN_POINT ( 'NONE',  ( -6.894092134670396277, 5.561807418287763483, 3.469100694293998810 ) ) ;
#1855 = CARTESIAN_POINT ( 'NONE',  ( 0.000000000000000000, 0.000000000000000000, -3.094141646974374105 ) ) ;
#1856 = ORIENTED_EDGE ( 'NONE', *, *, #5243, .T. ) ;
#1857 = EDGE_LOOP ( 'NONE', ( #8862, #5862, #6717, #3930, #9220, #5818 ) ) ;
#1858 = CARTESIAN_POINT ( 'NONE',  ( 6.764777536879263309, 5.458682467755143541, -3.247602129575368313 ) ) ;
#1859 = CARTESIAN_POINT ( 'NONE',  ( 0.05000000000000002359, 8.837570431649497849, 3.454996609771464833 ) ) ;
#1860 = LINE ( 'NONE', #1047, #3166 ) ;
#1861 = DIRECTION ( 'NONE',  ( 0.000000000000000000, 0.000000000000000000, -1.000000000000000000 ) ) ;
#1862 = CARTESIAN_POINT ( 'NONE',  ( 0.000000000000000000, 0.000000000000000000, 3.500000000000000000 ) ) ;
#1863 = CC_DESIGN_PERSON_AND_ORGANIZATION_ASSIGNMENT ( #2174, #6838, ( #9838 ) ) ;
#1864 = CARTESIAN_POINT ( 'NONE',  ( -6.920053267509829631, -5.582510730872213500, -3.459706444013471494 ) ) ;
#1865 = ADVANCED_FACE ( 'NONE', ( #858 ), #6179, .F. ) ;
#1866 = ORIENTED_EDGE ( 'NONE', *, *, #3724, .F. ) ;
#1867 = CARTESIAN_POINT ( 'NONE',  ( -8.688891490516510885, 1.931896939230964838, 3.444839032082838148 ) ) ;
#1868 = VERTEX_POINT ( 'NONE', #1527 ) ;
#1869 = CARTESIAN_POINT ( 'NONE',  ( 8.384458441792393302, 1.862412082470863872, -3.099533293948748103 ) ) ;
#1870 = CARTESIAN_POINT ( 'NONE',  ( -3.789429660203631034, 7.984070013767070151, 3.454996609771464833 ) ) ;
#1871 = DIRECTION ( 'NONE',  ( -0.7071067811865401342, 8.659560562354842879E-17, 0.7071067811865549002 ) ) ;
#1872 = VERTEX_POINT ( 'NONE', #7630 ) ;
#1873 = CARTESIAN_POINT ( 'NONE',  ( -3.891698646095010705, -7.965957264079597699, -3.469915996672630953 ) ) ;
#1874 = EDGE_CURVE ( 'NONE', #6915, #5742, #88, .T. ) ;
#1875 = CARTESIAN_POINT ( 'NONE',  ( 3.254128043381644630, -6.757266509268164079, -3.092233167847068013E-16 ) ) ;
#1876 = AXIS2_PLACEMENT_3D ( 'NONE', #4390, #566, #3043 ) ;
#1877 = EDGE_CURVE ( 'NONE', #350, #4819, #3313, .T. ) ;
#1878 = ORIENTED_EDGE ( 'NONE', *, *, #939, .T. ) ;
#1879 = DIRECTION ( 'NONE',  ( -0.000000000000000000, -0.000000000000000000, 1.000000000000000000 ) ) ;
#1880 = CARTESIAN_POINT ( 'NONE',  ( -9.046037105128458933, 1.107820038576375774E-15, 3.500000000000000000 ) ) ;
#1881 = AXIS2_PLACEMENT_3D ( 'NONE', #7390, #6736, #8138 ) ;
#1882 = EDGE_CURVE ( 'NONE', #5982, #1943, #7686, .T. ) ;
#1883 = AXIS2_PLACEMENT_3D ( 'NONE', #5784, #8091, #6381 ) ;
#1884 = ORIENTED_EDGE ( 'NONE', *, *, #3648, .F. ) ;
#1885 = CARTESIAN_POINT ( 'NONE',  ( -3.681435046370991504, 7.759816887429018983, 3.094141646974374105 ) ) ;
#1886 = ORIENTED_EDGE ( 'NONE', *, *, #476, .T. ) ;
#1887 = CARTESIAN_POINT ( 'NONE',  ( 8.905600812942555677, -2.083931114241416971, 3.094141646974374105 ) ) ;
#1888 = VECTOR ( 'NONE', #6379, 1000.000000000000114 ) ;
#1889 = CARTESIAN_POINT ( 'NONE',  ( -3.882393204681587218, 7.946634315880501731, -3.462372291138045899 ) ) ;
#1890 = DIRECTION ( 'NONE',  ( 0.000000000000000000, 0.000000000000000000, -1.000000000000000000 ) ) ;
#1891 = CARTESIAN_POINT ( 'NONE',  ( 0.000000000000000000, 0.000000000000000000, -2.758752104430781227 ) ) ;
#1892 = CARTESIAN_POINT ( 'NONE',  ( -3.815021055286628826, 8.037211093225053560, -3.452421434499180375 ) ) ;
#1893 = ORIENTED_EDGE ( 'NONE', *, *, #7635, .F. ) ;
#1894 = VECTOR ( 'NONE', #1658, 1000.000000000000000 ) ;
#1895 = CIRCLE ( 'NONE', #3324, 8.837711872106121191 ) ;
#1896 = ORIENTED_EDGE ( 'NONE', *, *, #3159, .F. ) ;
#1897 = FACE_OUTER_BOUND ( 'NONE', #3451, .T. ) ;
#1898 = EDGE_CURVE ( 'NONE', #6608, #4354, #4118, .T. ) ;
#1899 = CARTESIAN_POINT ( 'NONE',  ( 8.604868042990053922, 2.015290821964419887, 3.454996609771464833 ) ) ;
#1900 = LINE ( 'NONE', #9562, #5571 ) ;
#1901 = ORIENTED_EDGE ( 'NONE', *, *, #2818, .T. ) ;
#1902 = CONICAL_SURFACE ( 'NONE', #7674, 8.869223585189136116, 0.6108652381980126389 ) ;
#1903 = AXIS2_PLACEMENT_3D ( 'NONE', #7685, #898, #2359 ) ;
#1904 = CARTESIAN_POINT ( 'NONE',  ( -6.962598646779133205, -5.488534737890400805, 3.469915996672630953 ) ) ;
#1905 = CARTESIAN_POINT ( 'NONE',  ( 8.362206348396760802, 1.959904873689046090, 3.099533293948748103 ) ) ;
#1906 = CARTESIAN_POINT ( 'NONE',  ( -6.912240795546437333, 5.576280492380257137, 3.466916208273112865 ) ) ;
#1907 = CARTESIAN_POINT ( 'NONE',  ( -0.05000000000000002359, -8.877242673692228081, -3.468147503381453944 ) ) ;
#1908 = AXIS2_PLACEMENT_3D ( 'NONE', #1028, #4952, #7100 ) ;
#1909 = EDGE_CURVE ( 'NONE', #4354, #7326, #9149, .T. ) ;
#1910 = AXIS2_PLACEMENT_3D ( 'NONE', #3030, #4533, #6089 ) ;
#1911 = FACE_OUTER_BOUND ( 'NONE', #3795, .T. ) ;
#1912 = VERTEX_POINT ( 'NONE', #3876 ) ;
#1913 = ORIENTED_EDGE ( 'NONE', *, *, #6955, .T. ) ;
#1914 = CARTESIAN_POINT ( 'NONE',  ( 0.000000000000000000, 0.000000000000000000, 3.500000000000000000 ) ) ;
#1915 = CARTESIAN_POINT ( 'NONE',  ( 0.000000000000000000, 0.000000000000000000, 3.434921434499177639 ) ) ;
#1916 = AXIS2_PLACEMENT_3D ( 'NONE', #9256, #5350, #7705 ) ;
#1917 = FACE_OUTER_BOUND ( 'NONE', #4206, .T. ) ;
#1918 = LINE ( 'NONE', #7382, #5748 ) ;
#1919 = CARTESIAN_POINT ( 'NONE',  ( 0.000000000000000000, 4.524999999999999467, 3.500000000000000444 ) ) ;
#1920 = CARTESIAN_POINT ( 'NONE',  ( 0.000000000000000000, 0.000000000000000000, 3.500000000000000000 ) ) ;
#1921 = CLOSED_SHELL ( 'NONE', ( #7702, #6117, #6593, #1066, #8260, #7577, #9727, #3952, #3589, #656, #6728 ) ) ;
#1922 = AXIS2_PLACEMENT_3D ( 'NONE', #3642, #525, #5000 ) ;
#1923 = ORIENTED_EDGE ( 'NONE', *, *, #2011, .T. ) ;
#1924 = DIRECTION ( 'NONE',  ( 1.000000000000000000, 0.000000000000000000, 0.000000000000000000 ) ) ;
#1925 = EDGE_LOOP ( 'NONE', ( #6604, #6022, #2747, #4818, #2292, #2966 ) ) ;
#1926 = CARTESIAN_POINT ( 'NONE',  ( -7.103651090456255979, 5.601020308159980310, 3.500000000000000444 ) ) ;
#1927 = AXIS2_PLACEMENT_3D ( 'NONE', #5042, #3476, #4278 ) ;
#1928 = CARTESIAN_POINT ( 'NONE',  ( -3.690422186055382081, 7.778478875277641258, 3.129114371485063550 ) ) ;
#1929 = DIRECTION ( 'NONE',  ( 1.000000000000000000, 0.000000000000000000, 0.000000000000000000 ) ) ;
#1930 = AXIS2_PLACEMENT_3D ( 'NONE', #6920, #3918, #8616 ) ;
#1931 = ORIENTED_EDGE ( 'NONE', *, *, #5793, .F. ) ;
#1932 = DIRECTION ( 'NONE',  ( 0.000000000000000000, 0.000000000000000000, -1.000000000000000000 ) ) ;
#1933 = FACE_OUTER_BOUND ( 'NONE', #2914, .T. ) ;
#1934 = ORIENTED_EDGE ( 'NONE', *, *, #2881, .F. ) ;
#1935 = VECTOR ( 'NONE', #4197, 1000.000000000000000 ) ;
#1936 = EDGE_CURVE ( 'NONE', #303, #3820, #6928, .T. ) ;
#1937 = CARTESIAN_POINT ( 'NONE',  ( 0.000000000000000000, 0.000000000000000000, -3.094141646974374105 ) ) ;
#1938 = CARTESIAN_POINT ( 'NONE',  ( -3.808427779185307394, -8.023520014326720684, 3.466489319800472924 ) ) ;
#1939 = EDGE_CURVE ( 'NONE', #8905, #9701, #3035, .T. ) ;
#1940 = ORIENTED_EDGE ( 'NONE', *, *, #5423, .F. ) ;
#1941 = EDGE_CURVE ( 'NONE', #5780, #2524, #7706, .T. ) ;
#1942 = CARTESIAN_POINT ( 'NONE',  ( 0.000000000000000000, 0.000000000000000000, 3.500000000000000000 ) ) ;
#1943 = VERTEX_POINT ( 'NONE', #7154 ) ;
#1944 = DIRECTION ( 'NONE',  ( -1.000000000000000000, 0.000000000000000000, 0.000000000000000000 ) ) ;
#1945 = CARTESIAN_POINT ( 'NONE',  ( -7.181834238703176609, -5.663369288345704078, 3.094141646974374105 ) ) ;
#1946 = DIRECTION ( 'NONE',  ( -0.9009688679024218105, -0.4338837391175525693, 0.000000000000000000 ) ) ;
#1947 = DIRECTION ( 'NONE',  ( -0.000000000000000000, -0.000000000000000000, 1.000000000000000000 ) ) ;
#1949 = EDGE_CURVE ( 'NONE', #7911, #8835, #7909, .T. ) ;
#1948 = EDGE_LOOP ( 'NONE', ( #9708, #2079 ) ) ;
#1950 = ORIENTED_EDGE ( 'NONE', *, *, #5121, .T. ) ;
#1951 = ORIENTED_EDGE ( 'NONE', *, *, #2612, .T. ) ;
#1952 = DIRECTION ( 'NONE',  ( -1.000000000000000000, 0.000000000000000000, 0.000000000000000000 ) ) ;
#1953 = CARTESIAN_POINT ( 'NONE',  ( -3.816517286039053047, -7.809841561299996293, 3.247602129575368757 ) ) ;
#1954 = CARTESIAN_POINT ( 'NONE',  ( -3.794997113488258744, 7.995630949637016371, -3.466377381984353967 ) ) ;
#1955 = ORIENTED_EDGE ( 'NONE', *, *, #7031, .F. ) ;
#1956 = FACE_OUTER_BOUND ( 'NONE', #2926, .T. ) ;
#1957 = DIRECTION ( 'NONE',  ( 0.000000000000000000, 0.000000000000000000, 1.000000000000000000 ) ) ;
#1958 = CARTESIAN_POINT ( 'NONE',  ( 0.05000000000000000971, -9.045898922017695298, 3.500000000000000000 ) ) ;
#1959 = CARTESIAN_POINT ( 'NONE',  ( -0.05000000000000001665, -8.896245052708611212, -3.452954079042413138 ) ) ;
#1960 = EDGE_CURVE ( 'NONE', #7216, #8045, #8649, .T. ) ;
#1961 = CARTESIAN_POINT ( 'NONE',  ( 0.000000000000000000, 0.000000000000000000, 2.994533293948747676 ) ) ;
#1962 = ORIENTED_EDGE ( 'NONE', *, *, #994, .F. ) ;
#1963 = ORIENTED_EDGE ( 'NONE', *, *, #6105, .F. ) ;
#1964 = DIRECTION ( 'NONE',  ( 0.000000000000000000, 0.000000000000000000, -1.000000000000000000 ) ) ;
#1965 = CARTESIAN_POINT ( 'NONE',  ( 8.647352942452561919, -1.922416036699666986, -3.469014143938407457 ) ) ;
#1966 = AXIS2_PLACEMENT_3D ( 'NONE', #8149, #5150, #516 ) ;
#1967 = CARTESIAN_POINT ( 'NONE',  ( 0.05000000000000002359, 8.880961487660952614, 3.466916208273112865 ) ) ;
#1968 = PLANE ( 'NONE',  #1747 ) ;
#1969 = DIRECTION ( 'NONE',  ( 1.000000000000000000, 0.000000000000000000, 0.000000000000000000 ) ) ;
#1970 = CARTESIAN_POINT ( 'NONE',  ( 6.941595868251116741, 5.471785580921793013, -3.456597352396201472 ) ) ;
#1971 = AXIS2_PLACEMENT_3D ( 'NONE', #1283, #1486, #467 ) ;
#1972 = ORIENTED_EDGE ( 'NONE', *, *, #2928, .T. ) ;
#1973 = CARTESIAN_POINT ( 'NONE',  ( -7.041194074364160116, -5.679117300646283617, 3.500000000000000000 ) ) ;
#1974 = ORIENTED_EDGE ( 'NONE', *, *, #5922, .F. ) ;
#1975 = DIRECTION ( 'NONE',  ( 1.000000000000000000, 0.000000000000000000, 0.000000000000000000 ) ) ;
#1976 = DIRECTION ( 'NONE',  ( -0.9749279121818242855, -0.2225209339563113675, 0.000000000000000000 ) ) ;
#1977 = CARTESIAN_POINT ( 'NONE',  ( 0.05000000000000004441, 8.599024861565366606, -3.114323832567764683 ) ) ;
#1978 = VECTOR ( 'NONE', #8339, 1000.000000000000000 ) ;
#1979 = ORIENTED_EDGE ( 'NONE', *, *, #6853, .F. ) ;
#1980 = FACE_OUTER_BOUND ( 'NONE', #5883, .T. ) ;
#1981 = CARTESIAN_POINT ( 'NONE',  ( 0.05000000000000003747, 8.588668239434865015, -3.500000000000000000 ) ) ;
#1982 = VERTEX_POINT ( 'NONE', #3449 ) ;
#1983 = AXIS2_PLACEMENT_3D ( 'NONE', #6131, #3871, #6923 ) ;
#1984 = CARTESIAN_POINT ( 'NONE',  ( 3.879526546993929070, -7.940681639855288410, -3.454996609771464833 ) ) ;
#1985 = DIRECTION ( 'NONE',  ( -0.000000000000000000, -0.000000000000000000, 1.000000000000000000 ) ) ;
#1986 = VERTEX_POINT ( 'NONE', #1035 ) ;
#1987 = DIRECTION ( 'NONE',  ( -0.000000000000000000, -0.000000000000000000, 1.000000000000000000 ) ) ;
#1988 = CARTESIAN_POINT ( 'NONE',  ( 0.000000000000000000, 0.000000000000000000, -3.094141646974374105 ) ) ;
#1989 = CARTESIAN_POINT ( 'NONE',  ( 0.05000000000000004441, -8.599024861565366606, -3.114323832567764239 ) ) ;
#1990 = CARTESIAN_POINT ( 'NONE',  ( -3.883580287306799939, -7.949099318350827836, 3.464362763198132633 ) ) ;
#1991 = DIRECTION ( 'NONE',  ( 0.000000000000000000, 0.000000000000000000, -1.000000000000000000 ) ) ;
#1992 = EDGE_CURVE ( 'NONE', #4246, #450, #6525, .T. ) ;
#1993 = ORIENTED_EDGE ( 'NONE', *, *, #3915, .T. ) ;
#1994 = ORIENTED_EDGE ( 'NONE', *, *, #4151, .T. ) ;
#1995 = EDGE_CURVE ( 'NONE', #8606, #4892, #5432, .T. ) ;
#1996 = ORIENTED_EDGE ( 'NONE', *, *, #30, .F. ) ;
#1997 = CARTESIAN_POINT ( 'NONE',  ( 8.807973303152696332, -2.061648272210920840, -3.193750000000000089 ) ) ;
#1998 = FACE_OUTER_BOUND ( 'NONE', #1822, .T. ) ;
#1999 = ORIENTED_EDGE ( 'NONE', *, *, #9164, .F. ) ;
#2000 = CARTESIAN_POINT ( 'NONE',  ( -6.956441114856384722, -5.483624270040814430, 3.469100694293998810 ) ) ;
#2001 = CARTESIAN_POINT ( 'NONE',  ( 3.818819942739309248, 8.045099564303425765, 3.437256629622304605 ) ) ;
#2002 = CARTESIAN_POINT ( 'NONE',  ( -3.808427779185307394, -8.023520014326720684, -3.466489319800472924 ) ) ;
#2003 = DIRECTION ( 'NONE',  ( -0.9009688679024216995, -0.4338837391175526248, 0.000000000000000000 ) ) ;
#2004 = EDGE_CURVE ( 'NONE', #6960, #6617, #7222, .T. ) ;
#2005 = DIRECTION ( 'NONE',  ( 0.000000000000000000, 0.000000000000000000, 1.000000000000000000 ) ) ;
#2006 = ORIENTED_EDGE ( 'NONE', *, *, #8336, .F. ) ;
#2007 = ORIENTED_EDGE ( 'NONE', *, *, #787, .F. ) ;
#2008 = CARTESIAN_POINT ( 'NONE',  ( -3.681435046371154041, -7.759816887428941712, 3.099533293948748103 ) ) ;
#2009 = CARTESIAN_POINT ( 'NONE',  ( -0.05000000000000003053, -8.692348900455138860, -3.247602129575368757 ) ) ;
#2010 = CARTESIAN_POINT ( 'NONE',  ( 0.05000000000000002359, 8.857748479125211460, 3.469100694293998810 ) ) ;
#2011 = EDGE_CURVE ( 'NONE', #8436, #9028, #3148, .T. ) ;
#2012 = DIRECTION ( 'NONE',  ( 0.9009688679024187019, -0.4338837391175590641, 0.000000000000000000 ) ) ;
#2013 = DIRECTION ( 'NONE',  ( -1.000000000000000000, 0.000000000000000000, 0.000000000000000000 ) ) ;
#2014 = CARTESIAN_POINT ( 'NONE',  ( -6.909787269926757958, -5.574323870989383423, -3.468181098941469642 ) ) ;
#2015 = EDGE_CURVE ( 'NONE', #7593, #6816, #4704, .T. ) ;
#2016 = CARTESIAN_POINT ( 'NONE',  ( -0.05000000000000000971, 9.000494587112767064, 3.272391413630716173 ) ) ;
#2017 = VERTEX_POINT ( 'NONE', #1025 ) ;
#2018 = CARTESIAN_POINT ( 'NONE',  ( 6.746065712156391392, 5.315855484712227685, 3.500000000000000000 ) ) ;
#2019 = CARTESIAN_POINT ( 'NONE',  ( -3.879879959974250614, -8.171891996566714056, 3.500000000000000444 ) ) ;
#2020 = CARTESIAN_POINT ( 'NONE',  ( 7.103543054549956715, -5.600934152399576149, 3.193750000000000089 ) ) ;
#2021 = EDGE_CURVE ( 'NONE', #5898, #2532, #4475, .T. ) ;
#2022 = VERTEX_POINT ( 'NONE', #3196 ) ;
#2023 = FACE_OUTER_BOUND ( 'NONE', #5182, .T. ) ;
#2024 = ORIENTED_EDGE ( 'NONE', *, *, #6043, .T. ) ;
#2025 = CARTESIAN_POINT ( 'NONE',  ( -6.990202061954433610, -5.510547726934975188, 3.444839032082838592 ) ) ;
#2026 = CARTESIAN_POINT ( 'NONE',  ( -0.05000000000000002359, -8.877242673692228081, 3.468147503381453944 ) ) ;
#2027 = CARTESIAN_POINT ( 'NONE',  ( -3.950216688758845240, 8.087471231757016099, -3.272391413630715729 ) ) ;
#2028 = CARTESIAN_POINT ( 'NONE',  ( -3.950216688759014438, -8.087471231756932610, -3.272391413630715729 ) ) ;
#2029 = VERTEX_POINT ( 'NONE', #7850 ) ;
#2030 = CARTESIAN_POINT ( 'NONE',  ( -6.699910998104694038, 5.406953129253672330, 3.129114371485063550 ) ) ;
#2031 = CARTESIAN_POINT ( 'NONE',  ( -3.905117942076870907, 7.993822719313299352, -3.452421434499180375 ) ) ;
#2032 = CARTESIAN_POINT ( 'NONE',  ( 11.00000000000000000, 1.347111479062088405E-15, 2.975000000000000089 ) ) ;
#2033 = CARTESIAN_POINT ( 'NONE',  ( -8.380768779485729070, 1.026348166019126779E-15, -3.376256313292342437 ) ) ;
#2034 = CARTESIAN_POINT ( 'NONE',  ( -6.683716731970554825, -5.394038632958984003, 3.099533293948748103 ) ) ;
#2035 = ORIENTED_EDGE ( 'NONE', *, *, #1680, .F. ) ;
#2036 = ORIENTED_EDGE ( 'NONE', *, *, #6603, .F. ) ;
#2037 = AXIS2_PLACEMENT_3D ( 'NONE', #4894, #1484, #5937 ) ;
#2038 = ORIENTED_EDGE ( 'NONE', *, *, #8922, .F. ) ;
#2039 = CARTESIAN_POINT ( 'NONE',  ( -8.830225396548355477, -1.964155480992619385, -3.094141646974374105 ) ) ;
#2040 = CIRCLE ( 'NONE', #6210, 9.046037105128458933 ) ;
#2041 = CARTESIAN_POINT ( 'NONE',  ( 8.636538199847008102, 2.022519328599932553, 3.469713030103804385 ) ) ;
#2042 = CARTESIAN_POINT ( 'NONE',  ( -3.681435046371154041, -7.759816887428941712, 3.099533293948748103 ) ) ;
#2043 = ORIENTED_EDGE ( 'NONE', *, *, #3170, .F. ) ;
#2044 = CARTESIAN_POINT ( 'NONE',  ( 0.000000000000000000, 0.000000000000000000, 3.064533293948747517 ) ) ;
#2045 = CARTESIAN_POINT ( 'NONE',  ( 0.000000000000000000, 0.000000000000000000, 3.193750000000000533 ) ) ;
#2046 = CARTESIAN_POINT ( 'NONE',  ( -3.793731355337997879, -7.993002575754688088, -3.464471549642479165 ) ) ;
#2047 = CIRCLE ( 'NONE', #8932, 9.046037105128458933 ) ;
#2048 = CARTESIAN_POINT ( 'NONE',  ( -0.05000000000000002359, 8.877823310605135632, -3.468181098941469642 ) ) ;
#2049 = CIRCLE ( 'NONE', #1419, 8.896693082788692308 ) ;
#2050 = VECTOR ( 'NONE', #4860, 1000.000000000000000 ) ;
#2051 = CARTESIAN_POINT ( 'NONE',  ( -8.382400267963321383, 1.964514004052592577, -3.129114371485063550 ) ) ;
#2052 = ORIENTED_EDGE ( 'NONE', *, *, #2210, .F. ) ;
#2053 = VERTEX_POINT ( 'NONE', #7053 ) ;
#2054 = CARTESIAN_POINT ( 'NONE',  ( 0.000000000000000000, 0.000000000000000000, 3.094141646974374105 ) ) ;
#2055 = ADVANCED_FACE ( 'NONE', ( #7946 ), #6341, .F. ) ;
#2056 = DIRECTION ( 'NONE',  ( -0.000000000000000000, -0.000000000000000000, 1.000000000000000000 ) ) ;
#2057 = VECTOR ( 'NONE', #3899, 1000.000000000000000 ) ;
#2058 = AXIS2_PLACEMENT_3D ( 'NONE', #1570, #4722, #6272 ) ;
#2059 = CARTESIAN_POINT ( 'NONE',  ( 7.103543054549994906, 5.600934152399529076, -3.094141646974374105 ) ) ;
#2060 = EDGE_CURVE ( 'NONE', #2625, #1106, #5781, .T. ) ;
#2061 = AXIS2_PLACEMENT_3D ( 'NONE', #5824, #9731, #3676 ) ;
#2062 = ADVANCED_FACE ( 'NONE', ( #8651 ), #3484, .F. ) ;
#2063 = DIRECTION ( 'NONE',  ( -1.000000000000000000, 0.000000000000000000, 0.000000000000000000 ) ) ;
#2064 = DIRECTION ( 'NONE',  ( 1.000000000000000000, -2.664535259100375697E-15, 0.000000000000000000 ) ) ;
#2065 = FACE_OUTER_BOUND ( 'NONE', #2598, .T. ) ;
#2066 = CIRCLE ( 'NONE', #448, 9.046037105128458933 ) ;
#2067 = AXIS2_PLACEMENT_3D ( 'NONE', #5903, #3653, #6758 ) ;
#2068 = EDGE_CURVE ( 'NONE', #6052, #3204, #9506, .T. ) ;
#2069 = CARTESIAN_POINT ( 'NONE',  ( -0.05000000000000001665, 8.955090244376902930, 3.351032822740168449 ) ) ;
#2070 = AXIS2_PLACEMENT_3D ( 'NONE', #6010, #7372, #2807 ) ;
#2071 = EDGE_LOOP ( 'NONE', ( #18, #6924 ) ) ;
#2072 = CARTESIAN_POINT ( 'NONE',  ( 7.103651090456297723, -5.601020308159927019, 3.094141646974374105 ) ) ;
#2073 = CARTESIAN_POINT ( 'NONE',  ( -0.05000000000000002359, 8.850792249910227838, 3.466570807216844852 ) ) ;
#2074 = CARTESIAN_POINT ( 'NONE',  ( 6.986779382597008592, -5.507818231228904793, -3.452421434499180375 ) ) ;
#2075 = ORIENTED_EDGE ( 'NONE', *, *, #7573, .T. ) ;
#2076 = CARTESIAN_POINT ( 'NONE',  ( -8.807973303152683897, 2.061648272210978572, 3.193750000000000089 ) ) ;
#2077 = CIRCLE ( 'NONE', #7681, 9.046037105128458933 ) ;
#2078 = DIRECTION ( 'NONE',  ( -1.000000000000000000, -3.552713678800500929E-15, 0.000000000000000000 ) ) ;
#2079 = ORIENTED_EDGE ( 'NONE', *, *, #3053, .T. ) ;
#2080 = ADVANCED_FACE ( 'NONE', ( #7097 ), #8702, .T. ) ;
#2081 = DIRECTION ( 'NONE',  ( -0.2225209339563182787, -0.9749279121818227312, 0.000000000000000000 ) ) ;
#2082 = VERTEX_POINT ( 'NONE', #3243 ) ;
#2083 = VECTOR ( 'NONE', #7609, 1000.000000000000000 ) ;
#2084 = COORDINATED_UNIVERSAL_TIME_OFFSET ( 6, 0, .BEHIND. ) ;
#2085 = VECTOR ( 'NONE', #1050, 1000.000000000000000 ) ;
#2086 = CARTESIAN_POINT ( 'NONE',  ( 7.068044516080801642, 5.572625012626128971, 3.272391413630715284 ) ) ;
#2087 = PLANE ( 'NONE',  #3314 ) ;
#2088 = VERTEX_POINT ( 'NONE', #8554 ) ;
#2089 = ORIENTED_EDGE ( 'NONE', *, *, #2761, .F. ) ;
#2090 = CARTESIAN_POINT ( 'NONE',  ( -6.762259978290679818, -5.328769981006728607, 3.129114371485063550 ) ) ;
#2091 = CARTESIAN_POINT ( 'NONE',  ( -8.604868042990066357, -2.015290821964363488, 3.454996609771464833 ) ) ;
#2092 = CARTESIAN_POINT ( 'NONE',  ( 3.805213805539072514, 8.016846129282434674, 3.469286171371085192 ) ) ;
#2093 = CARTESIAN_POINT ( 'NONE',  ( 6.770357110861787042, 5.335227228758513185, -3.143904910697431276 ) ) ;
#2094 = VECTOR ( 'NONE', #930, 1000.000000000000000 ) ;
#2095 = ORIENTED_EDGE ( 'NONE', *, *, #5158, .T. ) ;
#2096 = ORIENTED_EDGE ( 'NONE', *, *, #9368, .T. ) ;
#2097 = ORIENTED_EDGE ( 'NONE', *, *, #4444, .T. ) ;
#2098 = CARTESIAN_POINT ( 'NONE',  ( -7.103543054549914082, 5.600934152399629440, 3.193750000000000089 ) ) ;
#2099 = DIRECTION ( 'NONE',  ( 0.000000000000000000, 0.000000000000000000, 1.000000000000000000 ) ) ;
#2100 = ORIENTED_EDGE ( 'NONE', *, *, #4949, .T. ) ;
#2101 = CARTESIAN_POINT ( 'NONE',  ( 3.798184586890540615, -8.002249806357717432, 3.469100694293998810 ) ) ;
#2102 = CARTESIAN_POINT ( 'NONE',  ( 8.927852906338200611, 1.986438323023172581, -3.500000000000000444 ) ) ;
#2103 = CARTESIAN_POINT ( 'NONE',  ( 8.392497227128144388, -1.966818569093089497, -3.143904910697431276 ) ) ;
#2104 = DIRECTION ( 'NONE',  ( 0.000000000000000000, 0.000000000000000000, 1.000000000000000000 ) ) ;
#2105 = CARTESIAN_POINT ( 'NONE',  ( -4.013365220676247347, -8.218600509445195712, -3.500000000000000444 ) ) ;
#2106 = ORIENTED_EDGE ( 'NONE', *, *, #6163, .T. ) ;
#2107 = EDGE_LOOP ( 'NONE', ( #178, #4402, #7537, #1142, #152, #7018 ) ) ;
#2108 = CARTESIAN_POINT ( 'NONE',  ( 8.737285000697680104, 1.070008810934259432E-15, 2.758752104430781227 ) ) ;
#2109 = DIRECTION ( 'NONE',  ( 1.000000000000000000, 0.000000000000000000, 0.000000000000000000 ) ) ;
#2110 = CARTESIAN_POINT ( 'NONE',  ( 0.05000000000000002359, 8.861707415697983592, 3.469846945119945847 ) ) ;
#2111 = LINE ( 'NONE', #5275, #3189 ) ;
#2112 = CARTESIAN_POINT ( 'NONE',  ( 0.05000000000000000971, -9.046037105128458933, 3.094141646974374105 ) ) ;
#2113 = CARTESIAN_POINT ( 'NONE',  ( -6.878316301899149110, 5.549226611465233994, -3.454996609771464833 ) ) ;
#2114 = EDGE_CURVE ( 'NONE', #8845, #6452, #9093, .T. ) ;
#2115 = DIRECTION ( 'NONE',  ( 1.000000000000000000, 0.000000000000000000, 0.000000000000000000 ) ) ;
#2116 = EDGE_CURVE ( 'NONE', #6835, #7443, #1231, .T. ) ;
#2117 = VERTEX_POINT ( 'NONE', #9362 ) ;
#2118 = CARTESIAN_POINT ( 'NONE',  ( 6.746065712156355865, -5.315855484712272094, 3.099533293948748103 ) ) ;
#2119 = CARTESIAN_POINT ( 'NONE',  ( -0.05000000000000002359, 8.844177403585215202, 3.462372291138045455 ) ) ;
#2120 = CARTESIAN_POINT ( 'NONE',  ( 6.941595868251079438, -5.471785580921839198, -3.456597352396201472 ) ) ;
#2121 = ORIENTED_EDGE ( 'NONE', *, *, #994, .T. ) ;
#2122 = DIRECTION ( 'NONE',  ( -0.000000000000000000, -0.000000000000000000, 1.000000000000000000 ) ) ;
#2123 = EDGE_CURVE ( 'NONE', #1391, #530, #3339, .T. ) ;
#2124 = CIRCLE ( 'NONE', #7566, 4.000000000000000000 ) ;
#2125 = DIRECTION ( 'NONE',  ( 0.000000000000000000, 0.000000000000000000, -1.000000000000000000 ) ) ;
#2126 = ORIENTED_EDGE ( 'NONE', *, *, #9320, .F. ) ;
#2127 = CARTESIAN_POINT ( 'NONE',  ( 0.000000000000000000, 0.000000000000000000, -3.193750000000000533 ) ) ;
#2128 = EDGE_CURVE ( 'NONE', #3822, #4794, #8765, .T. ) ;
#2129 = ORIENTED_EDGE ( 'NONE', *, *, #5844, .T. ) ;
#2130 = AXIS2_PLACEMENT_3D ( 'NONE', #5796, #9610, #6552 ) ;
#2131 = DIRECTION ( 'NONE',  ( 1.000000000000000000, 0.000000000000000000, 0.000000000000000000 ) ) ;
#2132 = SPHERICAL_SURFACE ( 'NONE', #5881, 2.450000000000000622 ) ;
#2133 = ORIENTED_EDGE ( 'NONE', *, *, #9423, .F. ) ;
#2134 = EDGE_CURVE ( 'NONE', #6452, #4248, #1136, .T. ) ;
#2135 = CARTESIAN_POINT ( 'NONE',  ( 0.000000000000000000, 0.000000000000000000, 3.099533293948747659 ) ) ;
#2136 = EDGE_CURVE ( 'NONE', #7418, #7413, #7644, .T. ) ;
#2137 = CARTESIAN_POINT ( 'NONE',  ( 7.311959341363669651, -1.668907004672386618, -3.092233167847068013E-16 ) ) ;
#2138 = CARTESIAN_POINT ( 'NONE',  ( -3.880701848413552923, -7.943122178400273903, 3.458522467003439349 ) ) ;
#2139 = CARTESIAN_POINT ( 'NONE',  ( 3.801834618289900547, 8.009829174656506012, 3.470139885832122406 ) ) ;
#2140 = AXIS2_PLACEMENT_3D ( 'NONE', #7, #9245, #2372 ) ;
#2141 = CARTESIAN_POINT ( 'NONE',  ( 8.830225396548341266, 1.964155480992677116, -3.193750000000000089 ) ) ;
#2142 = VERTEX_POINT ( 'NONE', #509 ) ;
#2143 = VERTEX_POINT ( 'NONE', #9891 ) ;
#2144 = VERTEX_POINT ( 'NONE', #8240 ) ;
#2145 = CARTESIAN_POINT ( 'NONE',  ( 6.883263353692894881, -5.553171753624084772, 3.461862008941932967 ) ) ;
#2146 = CARTESIAN_POINT ( 'NONE',  ( 3.789429660203743833, 7.984070013767017748, -3.454996609771464833 ) ) ;
#2147 = ORIENTED_EDGE ( 'NONE', *, *, #1281, .F. ) ;
#2148 = CARTESIAN_POINT ( 'NONE',  ( 0.000000000000000000, 0.000000000000000000, -3.193750000000000533 ) ) ;
#2149 = CARTESIAN_POINT ( 'NONE',  ( 6.762259978290644291, 5.328769981006773904, 3.129114371485063106 ) ) ;
#2150 = CARTESIAN_POINT ( 'NONE',  ( -3.811388277930564783, -8.029667553315773532, -3.462472406546387660 ) ) ;
#2151 = CARTESIAN_POINT ( 'NONE',  ( -0.05000000000000002359, 8.838348897068080134, -3.456075294419946431 ) ) ;
#2152 = CARTESIAN_POINT ( 'NONE',  ( 0.000000000000000000, 0.000000000000000000, -3.094141646974374105 ) ) ;
#2153 = EDGE_LOOP ( 'NONE', ( #3681, #2371, #9524, #6829 ) ) ;
#2154 = ORIENTED_EDGE ( 'NONE', *, *, #451, .F. ) ;
#2155 = DIRECTION ( 'NONE',  ( 0.000000000000000000, -0.000000000000000000, 1.000000000000000000 ) ) ;
#2156 = CYLINDRICAL_SURFACE ( 'NONE', #125, 8.737285000697680104 ) ;
#2157 = DIRECTION ( 'NONE',  ( 1.000000000000000000, 0.000000000000000000, 0.000000000000000000 ) ) ;
#2158 = CARTESIAN_POINT ( 'NONE',  ( 6.894541752585488403, 5.562165976610053519, -3.469014143938407457 ) ) ;
#2159 = CARTESIAN_POINT ( 'NONE',  ( -8.719441388652352742, 2.041441440451011058, 3.351032822740167560 ) ) ;
#2160 = CARTESIAN_POINT ( 'NONE',  ( 0.05000000000000002359, 8.837951820048278506, -3.455541280135825843 ) ) ;
#2161 = DIRECTION ( 'NONE',  ( 1.000000000000000000, 0.000000000000000000, 0.000000000000000000 ) ) ;
#2162 = ORIENTED_EDGE ( 'NONE', *, *, #1329, .F. ) ;
#2163 = CARTESIAN_POINT ( 'NONE',  ( -8.604868042990025501, 2.015290821964536239, 3.454996609771464833 ) ) ;
#2164 = DIRECTION ( 'NONE',  ( -0.4338837391175652258, -0.9009688679024158153, 0.000000000000000000 ) ) ;
#2165 = CARTESIAN_POINT ( 'NONE',  ( 6.953907387462545664, -5.481603689869698037, -3.468127985775450117 ) ) ;
#2166 = ORIENTED_EDGE ( 'NONE', *, *, #2923, .F. ) ;
#2167 = CARTESIAN_POINT ( 'NONE',  ( -9.046037105128458933, 0.000000000000000000, -3.193750000000000533 ) ) ;
#2168 = EDGE_CURVE ( 'NONE', #3775, #8394, #5719, .T. ) ;
#2169 = CARTESIAN_POINT ( 'NONE',  ( -0.05000000000000003747, 8.609381483269881841, 3.129114371485063106 ) ) ;
#2170 = EDGE_CURVE ( 'NONE', #5311, #9451, #6998, .T. ) ;
#2171 = VERTEX_POINT ( 'NONE', #2076 ) ;
#2172 = CARTESIAN_POINT ( 'NONE',  ( 0.05000000000000000971, -9.046037105128458933, 3.500000000000000444 ) ) ;
#2173 = VERTEX_POINT ( 'NONE', #5144 ) ;
#2174 = PERSON_AND_ORGANIZATION ( #5239, #8678 ) ;
#2175 = CARTESIAN_POINT ( 'NONE',  ( 3.814602625722114393, -8.036342215281237600, -3.453994494324953202 ) ) ;
#2176 = CARTESIAN_POINT ( 'NONE',  ( -3.809799882939452598, 8.026369217130946865, 3.465025888964337497 ) ) ;
#2177 = EDGE_CURVE ( 'NONE', #6915, #5963, #3687, .T. ) ;
#2178 = EDGE_LOOP ( 'NONE', ( #5336, #352, #4831, #8950 ) ) ;
#2179 = DIRECTION ( 'NONE',  ( 0.000000000000000000, 0.000000000000000000, -1.000000000000000000 ) ) ;
#2180 = EDGE_CURVE ( 'NONE', #1198, #8812, #9046, .T. ) ;
#2181 = EDGE_CURVE ( 'NONE', #5231, #5573, #714, .T. ) ;
#2182 = FACE_OUTER_BOUND ( 'NONE', #9165, .T. ) ;
#2183 = CARTESIAN_POINT ( 'NONE',  ( 3.681435046371101194, 7.759816887428968357, -3.094141646974374105 ) ) ;
#2184 = CARTESIAN_POINT ( 'NONE',  ( -9.046037105128460709, 1.107820038576375774E-15, 3.500000000000000000 ) ) ;
#2185 = ORIENTED_EDGE ( 'NONE', *, *, #6721, .T. ) ;
#2186 = EDGE_LOOP ( 'NONE', ( #3446, #435, #9391, #9373 ) ) ;
#2187 = EDGE_CURVE ( 'NONE', #1324, #5041, #828, .T. ) ;
#2188 = ORIENTED_EDGE ( 'NONE', *, *, #9396, .F. ) ;
#2189 = DIRECTION ( 'NONE',  ( 0.000000000000000000, 0.000000000000000000, -1.000000000000000000 ) ) ;
#2190 = B_SPLINE_CURVE_WITH_KNOTS ( 'NONE', 3,
 ( #6972, #9289, #8484, #3122, #1, #7539, #708 ),
 .UNSPECIFIED., .F., .F.,
 ( 4, 3, 4 ),
 ( 0.001199429903413613786, 0.001225696219576499855, 0.001498119107920984228 ),
 .UNSPECIFIED. ) ;
#2191 = CARTESIAN_POINT ( 'NONE',  ( 7.103543054549956715, -5.600934152399576149, 3.094141646974374105 ) ) ;
#2192 = ORIENTED_EDGE ( 'NONE', *, *, #3233, .F. ) ;
#2193 = CARTESIAN_POINT ( 'NONE',  ( 3.811145628425655740, -8.029163686427247981, 3.462633071500297088 ) ) ;
#2194 = CARTESIAN_POINT ( 'NONE',  ( 6.827126517065137179, 5.380499319508341038, 3.247602129575368313 ) ) ;
#2195 = CARTESIAN_POINT ( 'NONE',  ( -8.617377996965236875, 2.018146137324299261, 3.466377381984354411 ) ) ;
#2196 = DIRECTION ( 'NONE',  ( -0.7818314824680221431, 0.6234898018587431423, 0.000000000000000000 ) ) ;
#2197 = AXIS2_PLACEMENT_3D ( 'NONE', #9249, #6242, #1634 ) ;
#2198 = ADVANCED_FACE ( 'NONE', ( #6028 ), #612, .T. ) ;
#2199 = FACE_OUTER_BOUND ( 'NONE', #2663, .T. ) ;
#2200 = ORIENTED_EDGE ( 'NONE', *, *, #4140, .T. ) ;
#2201 = VERTEX_POINT ( 'NONE', #9801 ) ;
#2202 = CARTESIAN_POINT ( 'NONE',  ( 0.000000000000000000, 7.500000000000000000, -3.092233167847068013E-16 ) ) ;
#2203 = CARTESIAN_POINT ( 'NONE',  ( 6.878316301899189966, -5.549226611465182479, -3.454996609771464833 ) ) ;
#2204 = CARTESIAN_POINT ( 'NONE',  ( 8.830225396548327055, -1.964155480992738623, -3.193750000000000089 ) ) ;
#2205 = AXIS2_PLACEMENT_3D ( 'NONE', #8659, #3924, #4483 ) ;
#2206 = CIRCLE ( 'NONE', #7328, 9.046037105128458933 ) ;
#2207 = AXIS2_PLACEMENT_3D ( 'NONE', #4859, #9564, #9624 ) ;
#2208 = CARTESIAN_POINT ( 'NONE',  ( 6.878316301899227270, 5.549226611465136294, -3.454996609771464833 ) ) ;
#2209 = CARTESIAN_POINT ( 'NONE',  ( 9.046037105128460709, 0.000000000000000000, 3.500000000000000000 ) ) ;
#2210 = EDGE_CURVE ( 'NONE', #9551, #7821, #1427, .T. ) ;
#2211 = LINE ( 'NONE', #6129, #1115 ) ;
#2212 = CIRCLE ( 'NONE', #4928, 4.000000000000000000 ) ;
#2213 = CONICAL_SURFACE ( 'NONE', #7006, 9.046037105128458933, 0.5235987755983011471 ) ;
#2214 = CIRCLE ( 'NONE', #9104, 10.47500000000000497 ) ;
#2215 = LINE ( 'NONE', #3117, #534 ) ;
#2216 = EDGE_LOOP ( 'NONE', ( #4312, #798, #7898, #7272 ) ) ;
#2217 = CIRCLE ( 'NONE', #1064, 9.046037105128458933 ) ;
#2218 = CARTESIAN_POINT ( 'NONE',  ( 8.627120136385686422, 1.917798030746237670, 3.454996609771464833 ) ) ;
#2219 = CARTESIAN_POINT ( 'NONE',  ( 8.808108021724386560, 2.061679020845724075, -3.500000000000000444 ) ) ;
#2220 = CARTESIAN_POINT ( 'NONE',  ( 6.951002515856772312, -5.479287132065974397, -3.466570807216844852 ) ) ;
#2221 = VERTEX_POINT ( 'NONE', #1374 ) ;
#2222 = CARTESIAN_POINT ( 'NONE',  ( 6.683716731970517522, 5.394038632959030188, -3.099533293948748103 ) ) ;
#2223 = CARTESIAN_POINT ( 'NONE',  ( -0.05000000000000004441, 8.588668239434865015, 3.099533293948748103 ) ) ;
#2224 = AXIS2_PLACEMENT_3D ( 'NONE', #6907, #3757, #9121 ) ;
#2225 = VECTOR ( 'NONE', #9408, 1000.000000000000000 ) ;
#2226 = ORIENTED_EDGE ( 'NONE', *, *, #4019, .F. ) ;
#2227 = CARTESIAN_POINT ( 'NONE',  ( 3.860119801968718178, 8.130859605668716128, -3.272391413630714840 ) ) ;
#2228 = EDGE_LOOP ( 'NONE', ( #7233, #1171, #9105, #6692, #328, #7493 ) ) ;
#2229 = DIRECTION ( 'NONE',  ( 0.000000000000000000, 0.000000000000000000, -1.000000000000000000 ) ) ;
#2230 = CIRCLE ( 'NONE', #9894, 9.046037105128458933 ) ;
#2231 = CARTESIAN_POINT ( 'NONE',  ( -8.656687201036419310, 2.027118206637017916, -3.460240287494900535 ) ) ;
#2232 = CARTESIAN_POINT ( 'NONE',  ( -3.799902305093607602, 8.005816684959810914, 3.469846945119945847 ) ) ;
#2233 = AXIS2_PLACEMENT_3D ( 'NONE', #3536, #9544, #8795 ) ;
#2234 = EDGE_LOOP ( 'NONE', ( #5250, #2412, #8679, #8480 ) ) ;
#2235 = DIRECTION ( 'NONE',  ( -0.9749279121818257288, -0.2225209339563050948, 0.000000000000000000 ) ) ;
#2236 = CARTESIAN_POINT ( 'NONE',  ( -6.900669263985788504, -5.567052503891789073, -3.470139885832122406 ) ) ;
#2237 = DIRECTION ( 'NONE',  ( -1.000000000000000000, 0.000000000000000000, 0.000000000000000000 ) ) ;
#2238 = CARTESIAN_POINT ( 'NONE',  ( 3.896739687710661038, 7.976425094855648545, 3.468147503381453944 ) ) ;
#2239 = CIRCLE ( 'NONE', #5593, 9.046037105128458933 ) ;
#2240 = ADVANCED_FACE ( 'NONE', ( #5984 ), #4488, .T. ) ;
#2241 = ORIENTED_EDGE ( 'NONE', *, *, #9142, .T. ) ;
#2242 = VECTOR ( 'NONE', #5595, 1000.000000000000000 ) ;
#2243 = EDGE_CURVE ( 'NONE', #681, #3428, #6805, .T. ) ;
#2244 = EDGE_CURVE ( 'NONE', #4858, #8643, #8486, .T. ) ;
#2245 = ORIENTED_EDGE ( 'NONE', *, *, #2564, .F. ) ;
#2246 = CARTESIAN_POINT ( 'NONE',  ( 6.915022174933617372, -5.578498568425834137, 3.465025888964337497 ) ) ;
#2247 = CARTESIAN_POINT ( 'NONE',  ( 8.636037103722788544, -2.022404956679600296, 3.469985047562923697 ) ) ;
#2248 = PLANE ( 'NONE',  #772 ) ;
#2249 = VERTEX_POINT ( 'NONE', #8944 ) ;
#2250 = VECTOR ( 'NONE', #3511, 1000.000000000000000 ) ;
#2251 = CARTESIAN_POINT ( 'NONE',  ( -8.588813778810038713, 0.000000000000000000, -3.064533293948747517 ) ) ;
#2252 = CARTESIAN_POINT ( 'NONE',  ( 0.05000000000000001665, -8.900930351248696581, 3.444839032082838592 ) ) ;
#2253 = DIRECTION ( 'NONE',  ( -0.000000000000000000, -0.000000000000000000, 1.000000000000000000 ) ) ;
#2254 = EDGE_CURVE ( 'NONE', #5648, #1451, #1547, .T. ) ;
#2255 = DIRECTION ( 'NONE',  ( -0.2225209339563182509, -0.9749279121818227312, 0.000000000000000000 ) ) ;
#2256 = ADVANCED_FACE ( 'NONE', ( #5434 ), #8489, .T. ) ;
#2257 = VERTEX_POINT ( 'NONE', #8575 ) ;
#2258 = DIRECTION ( 'NONE',  ( 1.000000000000000000, 0.000000000000000000, 0.000000000000000000 ) ) ;
#2259 = CARTESIAN_POINT ( 'NONE',  ( 0.000000000000000000, 0.000000000000000000, -3.094141646974374105 ) ) ;
#2260 = LINE ( 'NONE', #6917, #3330 ) ;
#2261 = CARTESIAN_POINT ( 'NONE',  ( -6.683716731970441138, 5.394038632959125223, 3.094141646974374105 ) ) ;
#2262 = FACE_OUTER_BOUND ( 'NONE', #1382, .T. ) ;
#2263 = ADVANCED_FACE ( 'NONE', ( #3266 ), #7277, .F. ) ;
#2264 = DIRECTION ( 'NONE',  ( -0.000000000000000000, -0.000000000000000000, 1.000000000000000000 ) ) ;
#2265 = CARTESIAN_POINT ( 'NONE',  ( 0.000000000000000000, 0.000000000000000000, -3.094141646974374105 ) ) ;
#2266 = EDGE_LOOP ( 'NONE', ( #5635, #9830, #3054, #5305 ) ) ;
#2267 = ORIENTED_EDGE ( 'NONE', *, *, #7814, .T. ) ;
#2268 = CARTESIAN_POINT ( 'NONE',  ( -8.656913187827496969, -2.027169786647196492, -3.459706444013471494 ) ) ;
#2269 = DIRECTION ( 'NONE',  ( 0.000000000000000000, 0.000000000000000000, 1.000000000000000000 ) ) ;
#2270 = CARTESIAN_POINT ( 'NONE',  ( 6.969107329192221201, -5.493725238911677522, -3.469286171371085192 ) ) ;
#2271 = VERTEX_POINT ( 'NONE', #862 ) ;
#2272 = CARTESIAN_POINT ( 'NONE',  ( 0.000000000000000000, 0.000000000000000000, -3.434921434499177639 ) ) ;
#2273 = DIRECTION ( 'NONE',  ( -0.000000000000000000, -0.000000000000000000, 1.000000000000000000 ) ) ;
#2274 = VERTEX_POINT ( 'NONE', #6976 ) ;
#2275 = DIRECTION ( 'NONE',  ( -0.000000000000000000, -0.000000000000000000, 1.000000000000000000 ) ) ;
#2276 = ORIENTED_EDGE ( 'NONE', *, *, #9840, .F. ) ;
#2277 = COORDINATED_UNIVERSAL_TIME_OFFSET ( 6, 0, .BEHIND. ) ;
#2278 = CARTESIAN_POINT ( 'NONE',  ( 3.799902305093663557, -8.005816684959784268, -3.469846945119945847 ) ) ;
#2279 = CARTESIAN_POINT ( 'NONE',  ( 0.000000000000000000, 0.000000000000000000, -3.193750000000000533 ) ) ;
#2280 = B_SPLINE_CURVE_WITH_KNOTS ( 'NONE', 3,
 ( #1291, #3546, #6799, #8252, #5200, #5840, #5154 ),
 .UNSPECIFIED., .F., .F.,
 ( 4, 3, 4 ),
 ( 0.0008460917731560553328, 0.0009002598162382148637, 0.001280034707405372334 ),
 .UNSPECIFIED. ) ;
#2281 = AXIS2_PLACEMENT_3D ( 'NONE', #7104, #4752, #7803 ) ;
#2282 = ORIENTED_EDGE ( 'NONE', *, *, #7209, .T. ) ;
#2283 = CARTESIAN_POINT ( 'NONE',  ( 8.630645840616967490, -1.918602749729720447, 3.459673052288551709 ) ) ;
#2284 = CARTESIAN_POINT ( 'NONE',  ( -6.903311947890332867, 5.569159973981128609, -3.469985047562923697 ) ) ;
#2285 = CARTESIAN_POINT ( 'NONE',  ( 5.378237760728124428, 0.000000000000000000, -1.224999999999999867 ) ) ;
#2286 = EDGE_LOOP ( 'NONE', ( #9600, #9395, #9417, #1339, #9795, #7359 ) ) ;
#2287 = VERTEX_POINT ( 'NONE', #9153 ) ;
#2288 = CARTESIAN_POINT ( 'NONE',  ( -0.05000000000000001665, 8.900930351248696581, -3.444839032082838592 ) ) ;
#2289 = CARTESIAN_POINT ( 'NONE',  ( 3.930516482760489705, -8.046563332484401698, -3.351032822740168449 ) ) ;
#2290 = DIRECTION ( 'NONE',  ( -0.6234898018587372581, -0.7818314824680268060, 0.000000000000000000 ) ) ;
#2291 = EDGE_CURVE ( 'NONE', #2932, #2524, #9078, .T. ) ;
#2292 = ORIENTED_EDGE ( 'NONE', *, *, #8813, .F. ) ;
#2293 = AXIS2_PLACEMENT_3D ( 'NONE', #6376, #9442, #351 ) ;
#2294 = CARTESIAN_POINT ( 'NONE',  ( 0.05000000000000003747, 8.588668239434865015, -3.094141646974374105 ) ) ;
#2295 = CARTESIAN_POINT ( 'NONE',  ( 8.684323662192904081, 1.930854362223843657, 3.452954079042412694 ) ) ;
#2296 = DIRECTION ( 'NONE',  ( 1.000000000000000000, 0.000000000000000000, 0.000000000000000000 ) ) ;
#2297 = CARTESIAN_POINT ( 'NONE',  ( -9.046037105128458933, 1.107820038576375774E-15, 3.193750000000000533 ) ) ;
#2298 = ADVANCED_FACE ( 'NONE', ( #9198 ), #8440, .F. ) ;
#2299 = CIRCLE ( 'NONE', #3585, 8.588813778810038713 ) ;
#2300 = CARTESIAN_POINT ( 'NONE',  ( -3.910816273206219051, -8.005655425827711724, 3.429674227117769814 ) ) ;
#2301 = VERTEX_POINT ( 'NONE', #91 ) ;
#2302 = CARTESIAN_POINT ( 'NONE',  ( -6.770357110861710659, 5.335227228758609108, 3.143904910697430832 ) ) ;
#2303 = CARTESIAN_POINT ( 'NONE',  ( 0.05000000000000002359, -8.841186805934450277, -3.459673052288552153 ) ) ;
#2304 = DIRECTION ( 'NONE',  ( 0.000000000000000000, 0.000000000000000000, -1.000000000000000000 ) ) ;
#2305 = EDGE_CURVE ( 'NONE', #2274, #4741, #4634, .T. ) ;
#2306 = CARTESIAN_POINT ( 'NONE',  ( 3.879526546993929070, -7.940681639855288410, 3.454996609771464833 ) ) ;
#2307 = CARTESIAN_POINT ( 'NONE',  ( -8.658790293242613956, 1.925026537381866687, -3.469713030103804385 ) ) ;
#2308 = CARTESIAN_POINT ( 'NONE',  ( 9.046037105128458933, 0.000000000000000000, 3.500000000000000000 ) ) ;
#2309 = ADVANCED_FACE ( 'NONE', ( #1532 ), #2505, .T. ) ;
#2310 = DIRECTION ( 'NONE',  ( -1.000000000000000000, 0.000000000000000000, 0.000000000000000000 ) ) ;
#2311 = VERTEX_POINT ( 'NONE', #8533 ) ;
#2312 = ORIENTED_EDGE ( 'NONE', *, *, #3361, .T. ) ;
#2313 = EDGE_CURVE ( 'NONE', #1671, #9156, #3326, .T. ) ;
#2314 = CARTESIAN_POINT ( 'NONE',  ( -8.628821057778051085, -2.020757941281691838, -3.469900311146004501 ) ) ;
#2315 = FACE_OUTER_BOUND ( 'NONE', #872, .T. ) ;
#2316 = CARTESIAN_POINT ( 'NONE',  ( -8.627120136385698856, -1.917798030746181048, 3.454996609771464833 ) ) ;
#2317 = ORIENTED_EDGE ( 'NONE', *, *, #3410, .F. ) ;
#2318 = DIRECTION ( 'NONE',  ( -0.000000000000000000, -0.000000000000000000, 1.000000000000000000 ) ) ;
#2319 = DIRECTION ( 'NONE',  ( -1.000000000000000000, 0.000000000000000000, 0.000000000000000000 ) ) ;
#2320 = ADVANCED_FACE ( 'NONE', ( #4024 ), #2347, .F. ) ;
#2321 = ORIENTED_EDGE ( 'NONE', *, *, #3462, .T. ) ;
#2322 = DIRECTION ( 'NONE',  ( -1.000000000000000000, 0.000000000000000000, 0.000000000000000000 ) ) ;
#2323 = ORIENTED_EDGE ( 'NONE', *, *, #86, .T. ) ;
#2324 = ADVANCED_FACE ( 'NONE', ( #298, #348 ), #5569, .F. ) ;
#2325 = CARTESIAN_POINT ( 'NONE',  ( -8.647171194634639235, 2.024946240273556075, -3.466916208273112865 ) ) ;
#2326 = DIRECTION ( 'NONE',  ( 1.000000000000000000, 0.000000000000000000, 0.000000000000000000 ) ) ;
#2327 = VERTEX_POINT ( 'NONE', #4068 ) ;
#2328 = CARTESIAN_POINT ( 'NONE',  ( 8.673253241877455721, -1.928327611028149979, 3.464797546056691768 ) ) ;
#2329 = CARTESIAN_POINT ( 'NONE',  ( 3.776025503095951752, 7.725759507633421563, -3.114323832567765127 ) ) ;
#2330 = CARTESIAN_POINT ( 'NONE',  ( -8.627120136385658000, 1.917798030746353799, 3.454996609771464833 ) ) ;
#2331 = EDGE_CURVE ( 'NONE', #4365, #7499, #6371, .T. ) ;
#2332 = B_SPLINE_CURVE_WITH_KNOTS ( 'NONE', 3,
 ( #9462, #7145, #1190, #980, #4049, #266, #9556 ),
 .UNSPECIFIED., .F., .F.,
 ( 4, 3, 4 ),
 ( 0.0005204849250710216150, 0.0009002598162381901439, 0.0009544278593203507589 ),
 .UNSPECIFIED. ) ;
#2333 = VERTEX_POINT ( 'NONE', #1001 ) ;
#2334 = VERTEX_POINT ( 'NONE', #2568 ) ;
#2335 = DIRECTION ( 'NONE',  ( 1.000000000000000000, 0.000000000000000000, 0.000000000000000000 ) ) ;
#2336 = CARTESIAN_POINT ( 'NONE',  ( 3.950216688758900752, -8.087471231756987677, -3.272391413630715284 ) ) ;
#2337 = FACE_OUTER_BOUND ( 'NONE', #8980, .T. ) ;
#2338 = VERTEX_POINT ( 'NONE', #7279 ) ;
#2339 = DIRECTION ( 'NONE',  ( -0.000000000000000000, -0.000000000000000000, 1.000000000000000000 ) ) ;
#2340 = CARTESIAN_POINT ( 'NONE',  ( -6.940963463542350276, -5.471281254995470356, -3.455541280135825843 ) ) ;
#2341 = CARTESIAN_POINT ( 'NONE',  ( 0.000000000000000000, 0.000000000000000000, 3.500000000000000000 ) ) ;
#2342 = CARTESIAN_POINT ( 'NONE',  ( 6.924430402411135610, -5.586001379475708184, -3.452421434499180375 ) ) ;
#2343 = CARTESIAN_POINT ( 'NONE',  ( 8.807973303152696332, -2.061648272210920840, -3.193750000000000089 ) ) ;
#2344 = ORIENTED_EDGE ( 'NONE', *, *, #1162, .F. ) ;
#2345 = CARTESIAN_POINT ( 'NONE',  ( 8.675915474055425847, 1.928935248150019710, -3.462633071500297088 ) ) ;
#2346 = LINE ( 'NONE', #7620, #3498 ) ;
#2347 = CONICAL_SURFACE ( 'NONE', #2954, 8.588813778810038713, 0.1745329251994453545 ) ;
#2348 = CARTESIAN_POINT ( 'NONE',  ( 3.776025503095896241, -7.725759507633449097, 3.114323832567764683 ) ) ;
#2349 = CARTESIAN_POINT ( 'NONE',  ( -8.666363791625185442, 1.926755138965993375, -3.468181098941469198 ) ) ;
#2350 = AXIS2_PLACEMENT_3D ( 'NONE', #8078, #4109, #1210 ) ;
#2351 = DIRECTION ( 'NONE',  ( -0.000000000000000000, -0.000000000000000000, -1.000000000000000000 ) ) ;
#2352 = EDGE_CURVE ( 'NONE', #4536, #1785, #9437, .T. ) ;
#2353 = CARTESIAN_POINT ( 'NONE',  ( 0.000000000000000000, 0.000000000000000000, -3.452421434499180375 ) ) ;
#2354 = ORIENTED_EDGE ( 'NONE', *, *, #7541, .T. ) ;
#2355 = ORIENTED_EDGE ( 'NONE', *, *, #5489, .F. ) ;
#2356 = DIRECTION ( 'NONE',  ( 0.000000000000000000, 0.000000000000000000, -1.000000000000000000 ) ) ;
#2357 = AXIS2_PLACEMENT_3D ( 'NONE', #5830, #7286, #2883 ) ;
#2358 = EDGE_CURVE ( 'NONE', #341, #2082, #2753, .T. ) ;
#2359 = DIRECTION ( 'NONE',  ( -0.9749279121818212879, 0.2225209339563246624, 0.000000000000000000 ) ) ;
#2360 = AXIS2_PLACEMENT_3D ( 'NONE', #8848, #7347, #3542 ) ;
#2361 = EDGE_CURVE ( 'NONE', #2144, #8303, #7430, .T. ) ;
#2362 = AXIS2_PLACEMENT_3D ( 'NONE', #8800, #1879, #4943 ) ;
#2363 = PLANE ( 'NONE',  #7964 ) ;
#2364 = CARTESIAN_POINT ( 'NONE',  ( -8.414749320523764453, 1.869325777874962347, 3.143904910697430832 ) ) ;
#2365 = CIRCLE ( 'NONE', #7492, 9.046037105128458933 ) ;
#2366 = CARTESIAN_POINT ( 'NONE',  ( 6.891558407276709985, 5.559786838116454355, 3.468127985775450117 ) ) ;
#2367 = CARTESIAN_POINT ( 'NONE',  ( 3.885094000278613624, 7.952242575725207097, -3.466377381984353967 ) ) ;
#2368 = EDGE_CURVE ( 'NONE', #9048, #4497, #363, .T. ) ;
#2369 = AXIS2_PLACEMENT_3D ( 'NONE', #345, #2716, #4978 ) ;
#2370 = CIRCLE ( 'NONE', #8302, 8.588813778810038713 ) ;
#2371 = ORIENTED_EDGE ( 'NONE', *, *, #9538, .F. ) ;
#2372 = DIRECTION ( 'NONE',  ( 1.000000000000000000, -2.664535259100375697E-15, 0.000000000000000000 ) ) ;
#2373 = AXIS2_PLACEMENT_3D ( 'NONE', #9520, #2651, #5553 ) ;
#2374 = EDGE_LOOP ( 'NONE', ( #2355, #8815, #8156, #8545 ) ) ;
#2375 = DATE_TIME_ROLE ( 'classification_date' ) ;
#2376 = LINE ( 'NONE', #7598, #9259 ) ;
#2377 = CARTESIAN_POINT ( 'NONE',  ( -8.605626990655311559, -2.015464046816359378, 3.456075294419946431 ) ) ;
#2378 = VECTOR ( 'NONE', #1304, 1000.000000000000000 ) ;
#2379 = ORIENTED_EDGE ( 'NONE', *, *, #6029, .F. ) ;
#2380 = AXIS2_PLACEMENT_3D ( 'NONE', #5864, #9682, #2109 ) ;
#2381 = DIRECTION ( 'NONE',  ( 0.5735764363510438280, 0.000000000000000000, 0.8191520442889933529 ) ) ;
#2382 = CIRCLE ( 'NONE', #3034, 8.588813778810038713 ) ;
#2383 = CARTESIAN_POINT ( 'NONE',  ( 3.780519072845733408, 7.735090501365833759, -3.129114371485063550 ) ) ;
#2384 = CARTESIAN_POINT ( 'NONE',  ( 0.000000000000000000, 0.000000000000000000, 2.758752104430781227 ) ) ;
#2385 = EDGE_CURVE ( 'NONE', #8586, #5939, #5753, .T. ) ;
#2386 = ORIENTED_EDGE ( 'NONE', *, *, #2060, .F. ) ;
#2387 = VECTOR ( 'NONE', #8101, 1000.000000000000000 ) ;
#2388 = VECTOR ( 'NONE', #9162, 1000.000000000000000 ) ;
#2389 = ORIENTED_EDGE ( 'NONE', *, *, #8126, .F. ) ;
#2390 = CARTESIAN_POINT ( 'NONE',  ( -8.807973303152722977, -2.061648272210801824, 3.193750000000000089 ) ) ;
#2391 = CARTESIAN_POINT ( 'NONE',  ( 3.910816273206107141, -8.005655425827766791, -3.429674227117770702 ) ) ;
#2392 = PLANE ( 'NONE',  #2525 ) ;
#2393 = ORIENTED_EDGE ( 'NONE', *, *, #4081, .T. ) ;
#2394 = CLOSED_SHELL ( 'NONE', ( #9706, #8618 ) ) ;
#2395 = DIRECTION ( 'NONE',  ( 1.000000000000000000, 0.000000000000000000, 0.000000000000000000 ) ) ;
#2396 = CARTESIAN_POINT ( 'NONE',  ( -6.968774760211276842, -5.493460023999253927, -3.469378817057675590 ) ) ;
#2397 = CARTESIAN_POINT ( 'NONE',  ( -8.647171194634639235, 2.024946240273556075, 3.466916208273112865 ) ) ;
#2398 = CARTESIAN_POINT ( 'NONE',  ( 6.891220320180371672, -5.559517222654076107, -3.467739038050325018 ) ) ;
#2399 = VECTOR ( 'NONE', #3492, 1000.000000000000000 ) ;
#2400 = B_SPLINE_CURVE_WITH_KNOTS ( 'NONE', 3,
 ( #5987, #2025, #7548, #6032, #3586, #9850, #1377 ),
 .UNSPECIFIED., .F., .F.,
 ( 4, 3, 4 ),
 ( 0.001199429903413613135, 0.001225696219576499421, 0.001498119107920983578 ),
 .UNSPECIFIED. ) ;
#2401 = CARTESIAN_POINT ( 'NONE',  ( -8.384458441792366656, 1.862412082470977337, 3.099533293948748103 ) ) ;
#2402 = CONICAL_SURFACE ( 'NONE', #3364, 8.869223585189136116, 0.6108652381980126389 ) ;
#2403 = ORIENTED_EDGE ( 'NONE', *, *, #4523, .F. ) ;
#2404 = CARTESIAN_POINT ( 'NONE',  ( -6.977661160248750605, 5.500546691552340661, 3.464797546056691768 ) ) ;
#2405 = AXIS2_PLACEMENT_3D ( 'NONE', #882, #4747, #6259 ) ;
#2406 = DIRECTION ( 'NONE',  ( 0.000000000000000000, 0.000000000000000000, -1.000000000000000000 ) ) ;
#2407 = DIRECTION ( 'NONE',  ( -1.000000000000000000, 0.000000000000000000, 0.000000000000000000 ) ) ;
#2408 = CARTESIAN_POINT ( 'NONE',  ( -3.879879959974250614, -8.171891996566714056, -3.500000000000000444 ) ) ;
#2409 = DIRECTION ( 'NONE',  ( 0.7818314824680221431, -0.6234898018587431423, 0.000000000000000000 ) ) ;
#2410 = CONICAL_SURFACE ( 'NONE', #5776, 9.046037105128458933, 0.5235987755983011471 ) ;
#2411 = CARTESIAN_POINT ( 'NONE',  ( 0.05000000000000002359, -8.837951820048278506, 3.455541280135825843 ) ) ;
#2412 = ORIENTED_EDGE ( 'NONE', *, *, #7766, .F. ) ;
#2413 = ORIENTED_EDGE ( 'NONE', *, *, #6278, .T. ) ;
#2414 = CARTESIAN_POINT ( 'NONE',  ( 3.681435046371101194, 7.759816887428968357, -3.500000000000000000 ) ) ;
#2415 = CARTESIAN_POINT ( 'NONE',  ( -8.605626990655311559, -2.015464046816359378, -3.456075294419946431 ) ) ;
#2416 = DIRECTION ( 'NONE',  ( 0.4338837391175462410, -0.9009688679024249192, -0.000000000000000000 ) ) ;
#2417 = CARTESIAN_POINT ( 'NONE',  ( 6.886067688689470501, 5.555408136157288901, 3.464471549642479165 ) ) ;
#2418 = CARTESIAN_POINT ( 'NONE',  ( 0.000000000000000000, 0.000000000000000000, -3.500000000000000444 ) ) ;
#2419 = EDGE_CURVE ( 'NONE', #6960, #9816, #8325, .T. ) ;
#2420 = ADVANCED_FACE ( 'NONE', ( #3373 ), #1061, .F. ) ;
#2421 = EDGE_LOOP ( 'NONE', ( #373, #8639, #9359, #5242 ) ) ;
#2422 = CARTESIAN_POINT ( 'NONE',  ( 0.000000000000000000, 0.000000000000000000, 3.500000000000000000 ) ) ;
#2423 = ORIENTED_EDGE ( 'NONE', *, *, #92, .F. ) ;
#2424 = CARTESIAN_POINT ( 'NONE',  ( -8.613976714791567346, 2.017369816863599397, -3.464362763198132189 ) ) ;
#2425 = CARTESIAN_POINT ( 'NONE',  ( -3.840419595970359978, -8.089951706396105280, -3.351032822740168449 ) ) ;
#2426 = ORIENTED_EDGE ( 'NONE', *, *, #4262, .F. ) ;
#2427 = LINE ( 'NONE', #9160, #9291 ) ;
#2428 = CARTESIAN_POINT ( 'NONE',  ( 8.763707349719846107, 2.051544857202149963, 3.272391413630716173 ) ) ;
#2429 = EDGE_CURVE ( 'NONE', #7516, #8027, #4545, .T. ) ;
#2430 = ORIENTED_EDGE ( 'NONE', *, *, #1460, .T. ) ;
#2431 = B_SPLINE_CURVE_WITH_KNOTS ( 'NONE', 3,
 ( #3619, #2868, #5129, #4471, #5273, #7431, #5921 ),
 .UNSPECIFIED., .F., .F.,
 ( 4, 3, 4 ),
 ( 0.0005204849250710215066, 0.0009002598162381902523, 0.0009544278593203504336 ),
 .UNSPECIFIED. ) ;
#2432 = CIRCLE ( 'NONE', #1161, 8.837711872106121191 ) ;
#2433 = ORIENTED_EDGE ( 'NONE', *, *, #7148, .F. ) ;
#2434 = CARTESIAN_POINT ( 'NONE',  ( 8.684623479167859372, 1.930922793491888445, -3.452421434499180375 ) ) ;
#2435 = ADVANCED_FACE ( 'NONE', ( #5669 ), #8725, .F. ) ;
#2436 = EDGE_CURVE ( 'NONE', #6421, #3635, #1112, .T. ) ;
#2437 = CARTESIAN_POINT ( 'NONE',  ( -5.378237760728125316, 6.586441658729126829E-16, -3.376256313292342437 ) ) ;
#2438 = DIRECTION ( 'NONE',  ( -0.000000000000000000, -0.000000000000000000, -1.000000000000000000 ) ) ;
#2439 = ORIENTED_EDGE ( 'NONE', *, *, #2136, .T. ) ;
#2440 = CARTESIAN_POINT ( 'NONE',  ( 0.05000000000000000971, 9.000494587112768841, 3.272391413630715729 ) ) ;
#2441 = CARTESIAN_POINT ( 'NONE',  ( 0.000000000000000000, 0.000000000000000000, 3.452421434499180375 ) ) ;
#2442 = CARTESIAN_POINT ( 'NONE',  ( 0.05000000000000001665, -8.909685893445361771, 3.429674227117770702 ) ) ;
#2443 = DIRECTION ( 'NONE',  ( 1.000000000000000000, 0.000000000000000000, 0.000000000000000000 ) ) ;
#2444 = AXIS2_PLACEMENT_3D ( 'NONE', #3340, #1137, #7201 ) ;
#2445 = LINE ( 'NONE', #4000, #3375 ) ;
#2446 = CARTESIAN_POINT ( 'NONE',  ( -0.05000000000000002359, -8.890722215898270164, 3.460240287494900535 ) ) ;
#2447 = EDGE_LOOP ( 'NONE', ( #2671, #6164, #5914, #8373 ) ) ;
#2448 = CARTESIAN_POINT ( 'NONE',  ( -6.982402247695585373, 5.504327582625556659, 3.459706444013471494 ) ) ;
#2449 = EDGE_CURVE ( 'NONE', #385, #5871, #1265, .T. ) ;
#2450 = VECTOR ( 'NONE', #5524, 1000.000000000000000 ) ;
#2451 = CARTESIAN_POINT ( 'NONE',  ( 7.500000000000000000, 0.000000000000000000, -7.960204194457796463E-16 ) ) ;
#2452 = CARTESIAN_POINT ( 'NONE',  ( 3.816517286038943801, -7.809841561300049584, 3.247602129575368313 ) ) ;
#2453 = DIRECTION ( 'NONE',  ( 1.000000000000000000, 0.000000000000000000, 0.000000000000000000 ) ) ;
#2454 = LINE ( 'NONE', #7065, #3533 ) ;
#2455 = CONICAL_SURFACE ( 'NONE', #3258, 9.046037105128458933, 0.5235987755983011471 ) ;
#2456 = B_SPLINE_CURVE_WITH_KNOTS ( 'NONE', 3,
 ( #6612, #2912, #2151, #4512, #2809, #5119, #588, #3661, #5961, #492, #8915, #5215, #8174, #1461, #2048, #689, #4461, #9719, #7567, #2855, #3762, #7521 ),
 .UNSPECIFIED., .F., .F.,
 ( 4, 3, 3, 3, 3, 3, 3, 4 ),
 ( 0.0002168574548798304588, 0.0002188290334246854115, 0.0002305812013871250956, 0.0002423333607551973203, 0.0002540856419916164748, 0.0002658380091482357831, 0.0002775903405257877199, 0.0002867718163053204405 ),
 .UNSPECIFIED. ) ;
#2457 = CARTESIAN_POINT ( 'NONE',  ( 0.05000000000000002359, -8.866160943272234363, 3.470139885832122406 ) ) ;
#2458 = EDGE_LOOP ( 'NONE', ( #9680, #249 ) ) ;
#2459 = ORIENTED_EDGE ( 'NONE', *, *, #407, .F. ) ;
#2460 = DIRECTION ( 'NONE',  ( -1.000000000000000000, 0.000000000000000000, 0.000000000000000000 ) ) ;
#2461 = CARTESIAN_POINT ( 'NONE',  ( 0.000000000000000000, 0.000000000000000000, -3.094141646974374105 ) ) ;
#2462 = CARTESIAN_POINT ( 'NONE',  ( 9.046037105128460709, 0.000000000000000000, -3.325000000000001066 ) ) ;
#2463 = CARTESIAN_POINT ( 'NONE',  ( 6.921748881363432915, 5.583862937798360626, 3.457544059217933619 ) ) ;
#2464 = VERTEX_POINT ( 'NONE', #9531 ) ;
#2465 = LINE ( 'NONE', #9896, #2450 ) ;
#2466 = ORIENTED_EDGE ( 'NONE', *, *, #5570, .T. ) ;
#2467 = CARTESIAN_POINT ( 'NONE',  ( -3.681435046371154041, -7.759816887428941712, 3.094141646974374105 ) ) ;
#2468 = CARTESIAN_POINT ( 'NONE',  ( 0.000000000000000000, 0.000000000000000000, -2.449999999999999289 ) ) ;
#2469 = ORIENTED_EDGE ( 'NONE', *, *, #4957, .T. ) ;
#2470 = ADVANCED_FACE ( 'NONE', ( #2660, #5715 ), #8780, .F. ) ;
#2471 = CARTESIAN_POINT ( 'NONE',  ( -3.899896769729861656, -7.982980843219111833, -3.465025888964337497 ) ) ;
#2472 = AXIS2_PLACEMENT_3D ( 'NONE', #666, #4192, #3781 ) ;
#2473 = DIRECTION ( 'NONE',  ( 1.000000000000000000, 0.000000000000000000, 0.000000000000000000 ) ) ;
#2474 = ORIENTED_EDGE ( 'NONE', *, *, #5859, .F. ) ;
#2475 = ADVANCED_FACE ( 'NONE', ( #1165 ), #394, .T. ) ;
#2476 = CARTESIAN_POINT ( 'NONE',  ( -8.763707349719860318, -2.051544857202092231, 3.272391413630716173 ) ) ;
#2477 = CARTESIAN_POINT ( 'NONE',  ( -3.789946096564236200, -7.985142404919409742, 3.456597352396201472 ) ) ;
#2478 = EDGE_CURVE ( 'NONE', #6495, #3647, #5107, .T. ) ;
#2479 = EDGE_LOOP ( 'NONE', ( #3558, #4694, #2621, #7225 ) ) ;
#2480 = ADVANCED_FACE ( 'NONE', ( #8986 ), #7433, .T. ) ;
#2481 = CARTESIAN_POINT ( 'NONE',  ( -8.556329883642971978, 1.901640617507405429, -3.351299362948740868 ) ) ;
#2482 = EDGE_LOOP ( 'NONE', ( #2990, #8547, #2989, #6001 ) ) ;
#2483 = DIRECTION ( 'NONE',  ( 1.000000000000000000, 0.000000000000000000, 0.000000000000000000 ) ) ;
#2484 = CARTESIAN_POINT ( 'NONE',  ( 0.000000000000000000, 0.000000000000000000, -1.096058885236881233E-15 ) ) ;
#2485 = DIRECTION ( 'NONE',  ( 0.000000000000000000, 0.000000000000000000, -1.000000000000000000 ) ) ;
#2486 = DIRECTION ( 'NONE',  ( -0.9009688679024158153, 0.4338837391175651703, 0.000000000000000000 ) ) ;
#2487 = CARTESIAN_POINT ( 'NONE',  ( -3.969916891359540401, 8.128379123974170284, -3.193750000000000089 ) ) ;
#2488 = EDGE_CURVE ( 'NONE', #3215, #8918, #1267, .T. ) ;
#2489 = VERTEX_POINT ( 'NONE', #6577 ) ;
#2490 = CARTESIAN_POINT ( 'NONE',  ( 3.891931505080085785, -7.966440800744777562, -3.470139885832122406 ) ) ;
#2491 = EDGE_LOOP ( 'NONE', ( #6586, #8205, #4589, #9644 ) ) ;
#2492 = CARTESIAN_POINT ( 'NONE',  ( 9.498018552564230887, 0.000000000000000000, -3.325000000000001066 ) ) ;
#2493 = CARTESIAN_POINT ( 'NONE',  ( -3.814602625722057994, 8.036342215281264245, -3.453994494324953202 ) ) ;
#2494 = VERTEX_POINT ( 'NONE', #550 ) ;
#2495 = DIRECTION ( 'NONE',  ( 1.000000000000000000, 0.000000000000000000, 0.000000000000000000 ) ) ;
#2496 = CARTESIAN_POINT ( 'NONE',  ( -6.986779382597083199, -5.507818231228810646, -3.452421434499180375 ) ) ;
#2497 = CARTESIAN_POINT ( 'NONE',  ( -6.924189967865045148, 5.585809639323517040, 3.452954079042413582 ) ) ;
#2498 = CARTESIAN_POINT ( 'NONE',  ( 8.807973303152710542, 2.061648272210859556, 3.094141646974374105 ) ) ;
#2499 = EDGE_CURVE ( 'NONE', #2338, #6732, #4319, .T. ) ;
#2500 = LINE ( 'NONE', #9478, #1010 ) ;
#2501 = ORIENTED_EDGE ( 'NONE', *, *, #9649, .T. ) ;
#2502 = ORIENTED_EDGE ( 'NONE', *, *, #9784, .T. ) ;
#2503 = CARTESIAN_POINT ( 'NONE',  ( 7.103543054549956715, -5.600934152399576149, -3.094141646974374105 ) ) ;
#2504 = CARTESIAN_POINT ( 'NONE',  ( 8.676460702543543846, -1.929059692994547603, -3.462472406546387216 ) ) ;
#2505 = TOROIDAL_SURFACE ( 'NONE', #4110, 8.866382193656235700, 0.03500000000000000333 ) ;
#2506 = CARTESIAN_POINT ( 'NONE',  ( 3.890186641437312964, -7.962817554056457858, 3.469900311146004501 ) ) ;
#2507 = CARTESIAN_POINT ( 'NONE',  ( 6.691813865204168543, 5.400495881239101514, 3.114323832567764683 ) ) ;
#2508 = CARTESIAN_POINT ( 'NONE',  ( -7.005695535894847836, 5.650808160873030062, 3.272391413630715284 ) ) ;
#2509 = ORIENTED_EDGE ( 'NONE', *, *, #2244, .F. ) ;
#2510 = AXIS2_PLACEMENT_3D ( 'NONE', #8434, #1479, #4530 ) ;
#2511 = CONICAL_SURFACE ( 'NONE', #9244, 8.869223585189136116, 0.6108652381980126389 ) ;
#2512 = CARTESIAN_POINT ( 'NONE',  ( 0.000000000000000000, 0.000000000000000000, -7.960204194457796463E-16 ) ) ;
#2513 = ORIENTED_EDGE ( 'NONE', *, *, #8114, .T. ) ;
#2514 = B_SPLINE_CURVE_WITH_KNOTS ( 'NONE', 3,
 ( #2898, #5948, #1385, #8103, #1234, #4440, #7503 ),
 .UNSPECIFIED., .F., .F.,
 ( 4, 3, 4 ),
 ( 0.0008460917731560556581, 0.0009002598162382148637, 0.001280034707405372334 ),
 .UNSPECIFIED. ) ;
#2515 = CARTESIAN_POINT ( 'NONE',  ( -0.05000000000000001665, -8.909685893445361771, 3.429674227117769814 ) ) ;
#2516 = CARTESIAN_POINT ( 'NONE',  ( -8.632741730794631252, -2.021652809312943333, 3.470139885832122406 ) ) ;
#2517 = EDGE_LOOP ( 'NONE', ( #8318, #9464, #5380, #1487 ) ) ;
#2518 = CARTESIAN_POINT ( 'NONE',  ( -3.896739687710715661, -7.976425094855621900, -3.468147503381453944 ) ) ;
#2519 = CIRCLE ( 'NONE', #6538, 8.896693082788692308 ) ;
#2520 = CIRCLE ( 'NONE', #3812, 9.046037105128458933 ) ;
#2521 = CIRCLE ( 'NONE', #1581, 9.046037105128458933 ) ;
#2522 = CARTESIAN_POINT ( 'NONE',  ( 8.611036915675322589, -2.016698826899239627, -3.461862008941932967 ) ) ;
#2523 = AXIS2_PLACEMENT_3D ( 'NONE', #4927, #7930, #4986 ) ;
#2524 = VERTEX_POINT ( 'NONE', #5925 ) ;
#2525 = AXIS2_PLACEMENT_3D ( 'NONE', #9212, #3058, #6056 ) ;
#2526 = VECTOR ( 'NONE', #6178, 1000.000000000000000 ) ;
#2527 = DIRECTION ( 'NONE',  ( -0.000000000000000000, -0.000000000000000000, 1.000000000000000000 ) ) ;
#2528 = CARTESIAN_POINT ( 'NONE',  ( 0.000000000000000000, 0.000000000000000000, 3.193750000000000533 ) ) ;
#2529 = AXIS2_PLACEMENT_3D ( 'NONE', #5326, #8379, #181 ) ;
#2530 = ORIENTED_EDGE ( 'NONE', *, *, #7520, .F. ) ;
#2531 = CARTESIAN_POINT ( 'NONE',  ( -8.404652361358953883, 1.867021212834410138, -3.129114371485063106 ) ) ;
#2532 = VERTEX_POINT ( 'NONE', #5276 ) ;
#2533 = DIRECTION ( 'NONE',  ( -0.000000000000000000, -0.000000000000000000, 1.000000000000000000 ) ) ;
#2534 = CARTESIAN_POINT ( 'NONE',  ( -3.879692025218391294, 7.941025258929193420, -3.455541280135826288 ) ) ;
#2535 = CARTESIAN_POINT ( 'NONE',  ( -8.830225396548316397, 1.964155480992796354, -3.094141646974374105 ) ) ;
#2536 = CARTESIAN_POINT ( 'NONE',  ( 8.837711872106121191, 0.000000000000000000, -3.454996609771464389 ) ) ;
#2537 = EDGE_CURVE ( 'NONE', #6804, #8728, #3571, .T. ) ;
#2538 = AXIS2_PLACEMENT_3D ( 'NONE', #7295, #4288, #9152 ) ;
#2539 = CARTESIAN_POINT ( 'NONE',  ( -0.05000000000000000971, -9.045898922017695298, -3.500000000000000000 ) ) ;
#2540 = AXIS2_PLACEMENT_3D ( 'NONE', #1092, #4155, #4960 ) ;
#2541 = EDGE_CURVE ( 'NONE', #8394, #6635, #5178, .T. ) ;
#2542 = CIRCLE ( 'NONE', #5274, 8.896693082788692308 ) ;
#2543 = EDGE_CURVE ( 'NONE', #5648, #2532, #9425, .T. ) ;
#2544 = CARTESIAN_POINT ( 'NONE',  ( 3.902688815468162264, -7.988778585935187415, -3.459706444013471494 ) ) ;
#2545 = ORIENTED_EDGE ( 'NONE', *, *, #4691, .T. ) ;
#2546 = CARTESIAN_POINT ( 'NONE',  ( -8.485539612174532564, -1.885483199994247405, -3.247602129575368757 ) ) ;
#2547 = CARTESIAN_POINT ( 'NONE',  ( 6.821546926897668506, -5.503954545597981252, 3.351299362948741312 ) ) ;
#2548 = CARTESIAN_POINT ( 'NONE',  ( -3.813676398998133266, 8.034418885670955746, -3.457279025203407574 ) ) ;
#2549 = ORIENTED_EDGE ( 'NONE', *, *, #956, .F. ) ;
#2550 = EDGE_CURVE ( 'NONE', #1440, #2171, #6092, .T. ) ;
#2551 = TOROIDAL_SURFACE ( 'NONE', #1439, 8.866382193656235700, 0.03500000000000000333 ) ;
#2552 = CARTESIAN_POINT ( 'NONE',  ( -7.103543054550032210, -5.600934152399481114, -3.094141646974374105 ) ) ;
#2553 = CARTESIAN_POINT ( 'NONE',  ( 3.880701848413498301, 7.943122178400300548, 3.458522467003439349 ) ) ;
#2554 = CARTESIAN_POINT ( 'NONE',  ( -6.885620889539865175, 5.555051825725465520, 3.464362763198132633 ) ) ;
#2555 = CARTESIAN_POINT ( 'NONE',  ( -0.05000000000000002359, -8.865624258063290242, -3.469915996672630953 ) ) ;
#2556 = ADVANCED_FACE ( 'NONE', ( #5868 ), #599, .T. ) ;
#2557 = AXIS2_PLACEMENT_3D ( 'NONE', #7406, #6639, #4393 ) ;
#2558 = CARTESIAN_POINT ( 'NONE',  ( 0.000000000000000000, 0.000000000000000000, 3.454996609771464389 ) ) ;
#2559 = AXIS2_PLACEMENT_3D ( 'NONE', #1791, #1890, #6302 ) ;
#2560 = ORIENTED_EDGE ( 'NONE', *, *, #3593, .T. ) ;
#2561 = ORIENTED_EDGE ( 'NONE', *, *, #5365, .F. ) ;
#2562 = CARTESIAN_POINT ( 'NONE',  ( -8.737285000697680104, 0.000000000000000000, 2.758752104430781227 ) ) ;
#2563 = CARTESIAN_POINT ( 'NONE',  ( 8.684623479167845161, -1.930922793491949063, -3.452421434499180375 ) ) ;
#2564 = EDGE_CURVE ( 'NONE', #4365, #7593, #6863, .T. ) ;
#2565 = CARTESIAN_POINT ( 'NONE',  ( 0.000000000000000000, 0.000000000000000000, 3.500000000000000444 ) ) ;
#2566 = EDGE_CURVE ( 'NONE', #8586, #5788, #8880, .T. ) ;
#2567 = CARTESIAN_POINT ( 'NONE',  ( 0.05000000000000000971, 9.045898922017695298, -3.193750000000000089 ) ) ;
#2568 = CARTESIAN_POINT ( 'NONE',  ( -8.384458441792366656, 1.862412082470977337, -3.099533293948748103 ) ) ;
#2569 = AXIS2_PLACEMENT_3D ( 'NONE', #3946, #3861, #5405 ) ;
#2570 = CARTESIAN_POINT ( 'NONE',  ( 3.771531933161288208, -7.716428513517238130, 3.094141646974374105 ) ) ;
#2571 = VERTEX_POINT ( 'NONE', #5131 ) ;
#2572 = CARTESIAN_POINT ( 'NONE',  ( -9.621762239271875572, 1.178326032848117103E-15, -3.201256313292353717 ) ) ;
#2573 = VERTEX_POINT ( 'NONE', #3621 ) ;
#2574 = FACE_OUTER_BOUND ( 'NONE', #5915, .T. ) ;
#2575 = CARTESIAN_POINT ( 'NONE',  ( -3.681435046370991504, 7.759816887429018983, 3.099533293948748103 ) ) ;
#2576 = FACE_OUTER_BOUND ( 'NONE', #4117, .T. ) ;
#2577 = EDGE_LOOP ( 'NONE', ( #3587, #5492, #9414, #8621 ) ) ;
#2578 = CARTESIAN_POINT ( 'NONE',  ( 8.485539612174520130, 1.885483199994303138, -3.247602129575368313 ) ) ;
#2579 = CARTESIAN_POINT ( 'NONE',  ( 8.666639397120906807, 2.029389730449030704, 3.444839032082838592 ) ) ;
#2580 = EDGE_LOOP ( 'NONE', ( #6969, #7330, #4580, #3987 ) ) ;
#2581 = B_SPLINE_CURVE_WITH_KNOTS ( 'NONE', 3,
 ( #6497, #9553, #7796, #5156, #627, #5842, #9611 ),
 .UNSPECIFIED., .F., .F.,
 ( 4, 3, 4 ),
 ( 0.0009532733312319688606, 0.001225696219576461691, 0.001251962535739348627 ),
 .UNSPECIFIED. ) ;
#2582 = CARTESIAN_POINT ( 'NONE',  ( 0.000000000000000000, 0.000000000000000000, -3.454996609771464389 ) ) ;
#2583 = DIRECTION ( 'NONE',  ( 0.000000000000000000, 0.000000000000000000, -1.000000000000000000 ) ) ;
#2584 = ORIENTED_EDGE ( 'NONE', *, *, #1141, .F. ) ;
#2585 = CARTESIAN_POINT ( 'NONE',  ( 6.944136749132212572, 5.473811865808786870, 3.460296783607140103 ) ) ;
#2586 = VERTEX_POINT ( 'NONE', #8183 ) ;
#2587 = DIRECTION ( 'NONE',  ( -0.000000000000000000, -0.000000000000000000, 1.000000000000000000 ) ) ;
#2588 = CARTESIAN_POINT ( 'NONE',  ( 0.05000000000000002359, -8.837570431649497849, 3.454996609771464833 ) ) ;
#2589 = DIRECTION ( 'NONE',  ( 1.000000000000000000, -1.776356839400250465E-15, 0.000000000000000000 ) ) ;
#2590 = CARTESIAN_POINT ( 'NONE',  ( 0.000000000000000000, 0.000000000000000000, 3.500000000000000444 ) ) ;
#2591 = CARTESIAN_POINT ( 'NONE',  ( 3.815021055286684781, -8.037211093225025138, -3.452421434499180375 ) ) ;
#2592 = ORIENTED_EDGE ( 'NONE', *, *, #659, .T. ) ;
#2593 = CARTESIAN_POINT ( 'NONE',  ( -0.05000000000000002359, -8.838348897068080134, 3.456075294419946431 ) ) ;
#2594 = EDGE_LOOP ( 'NONE', ( #537, #2245, #8669, #9695 ) ) ;
#2595 = CARTESIAN_POINT ( 'NONE',  ( -7.181834238703176609, -5.663369288345704078, -3.500000000000000444 ) ) ;
#2596 = CARTESIAN_POINT ( 'NONE',  ( -8.643211183988329438, -1.921470707357582741, 3.467739038050325018 ) ) ;
#2597 = CARTESIAN_POINT ( 'NONE',  ( -3.808256333830139173, 8.023164004378799063, -3.466916208273112865 ) ) ;
#2598 = EDGE_LOOP ( 'NONE', ( #6681, #4503, #2133, #3392 ) ) ;
#2599 = EDGE_CURVE ( 'NONE', #1986, #6305, #6666, .T. ) ;
#2600 = DIRECTION ( 'NONE',  ( 0.6234898018587320401, -0.7818314824680310249, 0.000000000000000000 ) ) ;
#2601 = CARTESIAN_POINT ( 'NONE',  ( -6.821546926897742225, -5.503954545597889769, -3.351299362948741312 ) ) ;
#2602 = CARTESIAN_POINT ( 'NONE',  ( -3.254128043381738333, -6.757266509268117893, -3.092233167847068013E-16 ) ) ;
#2603 = DIRECTION ( 'NONE',  ( -0.7071067811865104913, 0.000000000000000000, -0.7071067811865846542 ) ) ;
#2604 = CONICAL_SURFACE ( 'NONE', #9020, 9.046037105128458933, 0.5235987755983011471 ) ;
#2605 = LINE ( 'NONE', #8667, #8390 ) ;
#2606 = ORIENTED_EDGE ( 'NONE', *, *, #7745, .F. ) ;
#2607 = ORIENTED_EDGE ( 'NONE', *, *, #5188, .T. ) ;
#2608 = CARTESIAN_POINT ( 'NONE',  ( 8.384458441792393302, 1.862412082470863872, 3.500000000000000000 ) ) ;
#2609 = EDGE_CURVE ( 'NONE', #611, #3579, #1584, .T. ) ;
#2610 = DIRECTION ( 'NONE',  ( 0.000000000000000000, 0.000000000000000000, -1.000000000000000000 ) ) ;
#2611 = CARTESIAN_POINT ( 'NONE',  ( 5.254494074020480632, 6.510670503808522686E-16, 3.500000000000000000 ) ) ;
#2612 = EDGE_CURVE ( 'NONE', #3941, #9572, #8278, .T. ) ;
#2613 = CARTESIAN_POINT ( 'NONE',  ( -8.384458441792366656, 1.862412082470977337, 3.500000000000000000 ) ) ;
#2614 = B_SPLINE_CURVE_WITH_KNOTS ( 'NONE', 3,
 ( #2434, #5496, #5354, #3991, #4554, #3237, #7047 ),
 .UNSPECIFIED., .F., .F.,
 ( 4, 3, 4 ),
 ( 0.001199429903413613569, 0.001225696219576499638, 0.001498119107920983578 ),
 .UNSPECIFIED. ) ;
#2615 = DIRECTION ( 'NONE',  ( -0.000000000000000000, -0.000000000000000000, 1.000000000000000000 ) ) ;
#2616 = AXIS2_PLACEMENT_3D ( 'NONE', #4728, #6935, #3975 ) ;
#2617 = CARTESIAN_POINT ( 'NONE',  ( 6.940665282085101140, 5.471043463218333791, -3.454996609771464833 ) ) ;
#2618 = VERTEX_POINT ( 'NONE', #6776 ) ;
#2619 = ADVANCED_FACE ( 'NONE', ( #9836 ), #2858, .F. ) ;
#2620 = PLANE ( 'NONE',  #4855 ) ;
#2621 = ORIENTED_EDGE ( 'NONE', *, *, #2808, .T. ) ;
#2622 = DIRECTION ( 'NONE',  ( -1.000000000000000000, 0.000000000000000000, 0.000000000000000000 ) ) ;
#2623 = CARTESIAN_POINT ( 'NONE',  ( 0.000000000000000000, 0.000000000000000000, 3.434921434499177639 ) ) ;
#2624 = DIRECTION ( 'NONE',  ( 1.000000000000000000, 0.000000000000000000, 0.000000000000000000 ) ) ;
#2625 = VERTEX_POINT ( 'NONE', #3954 ) ;
#2626 = CARTESIAN_POINT ( 'NONE',  ( 0.05000000000000001665, -8.909685893445361771, -3.429674227117770702 ) ) ;
#2627 = CARTESIAN_POINT ( 'NONE',  ( -8.662172082280136465, -1.925798408661262728, -3.469378817057676034 ) ) ;
#2628 = ORIENTED_EDGE ( 'NONE', *, *, #7236, .T. ) ;
#2629 = EDGE_CURVE ( 'NONE', #3579, #611, #3335, .T. ) ;
#2630 = CARTESIAN_POINT ( 'NONE',  ( 0.000000000000000000, 0.000000000000000000, 3.454996609771464389 ) ) ;
#2631 = LINE ( 'NONE', #1880, #8284 ) ;
#2632 = ORIENTED_EDGE ( 'NONE', *, *, #3721, .F. ) ;
#2633 = CARTESIAN_POINT ( 'NONE',  ( 6.940665282085101140, 5.471043463218333791, 3.454996609771464833 ) ) ;
#2634 = EDGE_CURVE ( 'NONE', #3195, #3416, #804, .T. ) ;
#2635 = VERTEX_POINT ( 'NONE', #4569 ) ;
#2636 = CARTESIAN_POINT ( 'NONE',  ( 0.000000000000000000, 0.000000000000000000, 3.094141646974374105 ) ) ;
#2637 = CARTESIAN_POINT ( 'NONE',  ( -3.879526546993873115, 7.940681639855315943, -3.454996609771464833 ) ) ;
#2638 = DIRECTION ( 'NONE',  ( -0.000000000000000000, -0.000000000000000000, 1.000000000000000000 ) ) ;
#2639 = CARTESIAN_POINT ( 'NONE',  ( -8.604868042990025501, 2.015290821964536239, 3.454996609771464833 ) ) ;
#2640 = CARTESIAN_POINT ( 'NONE',  ( -8.684623479167832727, 1.930922793492005907, -3.452421434499180375 ) ) ;
#2641 = ORIENTED_EDGE ( 'NONE', *, *, #6897, .F. ) ;
#2642 = VERTEX_POINT ( 'NONE', #6266 ) ;
#2643 = CARTESIAN_POINT ( 'NONE',  ( 3.905117942076926418, -7.993822719313271818, -3.452421434499180375 ) ) ;
#2644 = VERTEX_POINT ( 'NONE', #6218 ) ;
#2645 = CARTESIAN_POINT ( 'NONE',  ( 3.806894729835262225, 8.020336604549491710, -3.468181098941469642 ) ) ;
#2646 = CARTESIAN_POINT ( 'NONE',  ( -8.627491962581048668, -1.917882897648877316, 3.455541280135825399 ) ) ;
#2647 = CARTESIAN_POINT ( 'NONE',  ( -3.681435046370991504, 7.759816887429018983, -3.500000000000000000 ) ) ;
#2648 = ORIENTED_EDGE ( 'NONE', *, *, #2254, .T. ) ;
#2649 = CARTESIAN_POINT ( 'NONE',  ( -4.013365220676247347, -8.218600509445195712, -3.094141646974374105 ) ) ;
#2650 = CARTESIAN_POINT ( 'NONE',  ( 8.382400267963348028, 1.964514004052479335, 3.129114371485063106 ) ) ;
#2651 = DIRECTION ( 'NONE',  ( -0.000000000000000000, -0.000000000000000000, 1.000000000000000000 ) ) ;
#2652 = DIRECTION ( 'NONE',  ( -0.000000000000000000, -0.000000000000000000, 1.000000000000000000 ) ) ;
#2653 = CARTESIAN_POINT ( 'NONE',  ( 0.000000000000000000, 0.000000000000000000, -3.434921434499177639 ) ) ;
#2654 = ORIENTED_EDGE ( 'NONE', *, *, #2114, .F. ) ;
#2655 = ORIENTED_EDGE ( 'NONE', *, *, #4459, .T. ) ;
#2656 = FACE_OUTER_BOUND ( 'NONE', #2216, .T. ) ;
#2657 = CARTESIAN_POINT ( 'NONE',  ( 8.669808522246119864, -1.927541376251193928, -3.466489319800472924 ) ) ;
#2658 = CARTESIAN_POINT ( 'NONE',  ( 0.05000000000000002359, 8.893453463458474317, 3.457279025203407574 ) ) ;
#2659 = CARTESIAN_POINT ( 'NONE',  ( 4.923385956518203876, -1.123730716479407032, -1.592040838891560081E-16 ) ) ;
#2660 = FACE_BOUND ( 'NONE', #42, .T. ) ;
#2661 = CARTESIAN_POINT ( 'NONE',  ( 6.974589775732389363, 5.498097344133356046, -3.466916208273112865 ) ) ;
#2662 = ADVANCED_FACE ( 'NONE', ( #9935 ), #6919, .T. ) ;
#2663 = EDGE_LOOP ( 'NONE', ( #6653, #8827, #7611, #4945 ) ) ;
#2664 = EDGE_CURVE ( 'NONE', #9865, #964, #79, .T. ) ;
#2665 = CARTESIAN_POINT ( 'NONE',  ( -2.191112882543703400, -4.549892782907199340, -1.592040838891560081E-16 ) ) ;
#2666 = EDGE_CURVE ( 'NONE', #11, #2173, #465, .T. ) ;
#2667 = ORIENTED_EDGE ( 'NONE', *, *, #5490, .F. ) ;
#2668 = DIRECTION ( 'NONE',  ( -1.000000000000000000, 0.000000000000000000, 0.000000000000000000 ) ) ;
#2669 = CARTESIAN_POINT ( 'NONE',  ( 0.000000000000000000, 0.000000000000000000, 3.094141646974374105 ) ) ;
#2670 = DIRECTION ( 'NONE',  ( 0.000000000000000000, 0.000000000000000000, 1.000000000000000000 ) ) ;
#2671 = ORIENTED_EDGE ( 'NONE', *, *, #786, .F. ) ;
#2672 = CARTESIAN_POINT ( 'NONE',  ( -3.902588241884666687, -7.988569742736841839, -3.460240287494900535 ) ) ;
#2673 = EDGE_CURVE ( 'NONE', #5547, #1731, #8778, .T. ) ;
#2674 = CARTESIAN_POINT ( 'NONE',  ( 8.362206348396760802, 1.959904873689046090, 3.094141646974374105 ) ) ;
#2675 = AXIS2_PLACEMENT_3D ( 'NONE', #1228, #2788, #7403 ) ;
#2676 = EDGE_LOOP ( 'NONE', ( #4247, #7196, #9540, #7983 ) ) ;
#2677 = CARTESIAN_POINT ( 'NONE',  ( 0.000000000000000000, 0.000000000000000000, 3.452421434499180375 ) ) ;
#2678 = CARTESIAN_POINT ( 'NONE',  ( 0.000000000000000000, 0.000000000000000000, 3.099533293948747659 ) ) ;
#2679 = AXIS2_PLACEMENT_3D ( 'NONE', #1121, #5677, #7988 ) ;
#2680 = AXIS2_PLACEMENT_3D ( 'NONE', #6819, #3672, #9077 ) ;
#2681 = VERTEX_POINT ( 'NONE', #4715 ) ;
#2682 = DIRECTION ( 'NONE',  ( -0.000000000000000000, -0.000000000000000000, 1.000000000000000000 ) ) ;
#2683 = ORIENTED_EDGE ( 'NONE', *, *, #8567, .F. ) ;
#2684 = EDGE_CURVE ( 'NONE', #887, #6630, #4132, .T. ) ;
#2685 = AXIS2_PLACEMENT_3D ( 'NONE', #6415, #9473, #4209 ) ;
#2686 = DIRECTION ( 'NONE',  ( -1.000000000000000000, 0.000000000000000000, 0.000000000000000000 ) ) ;
#2687 = DIRECTION ( 'NONE',  ( -0.000000000000000000, -0.000000000000000000, 1.000000000000000000 ) ) ;
#2688 = B_SPLINE_CURVE_WITH_KNOTS ( 'NONE', 3,
 ( #8834, #4872, #7325, #4175, #9532, #4320, #1818, #7232, #2661, #5716, #9487, #8781, #7384, #7925, #8034, #4269, #7280, #6522, #6578, #299, #3376, #1970, #6430, #395, #2617 ),
 .UNSPECIFIED., .F., .F.,
 ( 4, 3, 3, 3, 3, 3, 3, 3, 4 ),
 ( 0.0001509499138714721434, 0.0001527764003826838509, 0.0001645282963311805351, 0.0001762803579144470352, 0.0001880325997012756499, 0.0001997849575937702803, 0.0002115373162334667175, 0.0002188290956692479430, 0.0002208042975641455062 ),
 .UNSPECIFIED. ) ;
#2689 = CARTESIAN_POINT ( 'NONE',  ( -3.903629810165064384, 7.990732581557509207, 3.457544059217933619 ) ) ;
#2690 = CARTESIAN_POINT ( 'NONE',  ( -3.860119801968602271, 8.130859605668769419, -3.272391413630714840 ) ) ;
#2691 = ORIENTED_EDGE ( 'NONE', *, *, #7148, .T. ) ;
#2692 = CIRCLE ( 'NONE', #5104, 2.450000000000000178 ) ;
#2693 = ORIENTED_EDGE ( 'NONE', *, *, #4140, .F. ) ;
#2694 = VECTOR ( 'NONE', #641, 1000.000000000000000 ) ;
#2695 = CIRCLE ( 'NONE', #8617, 2.450000000000000622 ) ;
#2696 = EDGE_LOOP ( 'NONE', ( #2075, #1963, #2607, #3458, #9638, #2513 ) ) ;
#2697 = CARTESIAN_POINT ( 'NONE',  ( 8.627120136385686422, 1.917798030746237670, -3.454996609771464833 ) ) ;
#2698 = DIRECTION ( 'NONE',  ( -0.6234898018587372581, -0.7818314824680268060, 0.000000000000000000 ) ) ;
#2699 = DIRECTION ( 'NONE',  ( -0.000000000000000000, -0.000000000000000000, 1.000000000000000000 ) ) ;
#2700 = ORIENTED_EDGE ( 'NONE', *, *, #8846, .T. ) ;
#2701 = CONICAL_SURFACE ( 'NONE', #7508, 8.869223585189136116, 0.6108652381980126389 ) ;
#2702 = AXIS2_PLACEMENT_3D ( 'NONE', #6016, #1408, #3722 ) ;
#2703 = LINE ( 'NONE', #5761, #3973 ) ;
#2704 = CARTESIAN_POINT ( 'NONE',  ( 3.969916891359596800, -8.128379123974143639, 3.500000000000000000 ) ) ;
#2705 = CARTESIAN_POINT ( 'NONE',  ( 0.000000000000000000, 0.000000000000000000, -3.454996609771464389 ) ) ;
#2706 = FACE_OUTER_BOUND ( 'NONE', #1948, .T. ) ;
#2707 = AXIS2_PLACEMENT_3D ( 'NONE', #1508, #9126, #5404 ) ;
#2708 = AXIS2_PLACEMENT_3D ( 'NONE', #1472, #6725, #8928 ) ;
#2709 = PLANE ( 'NONE',  #8521 ) ;
#2710 = ORIENTED_EDGE ( 'NONE', *, *, #638, .T. ) ;
#2711 = CIRCLE ( 'NONE', #8319, 8.588813778810040489 ) ;
#2712 = VERTEX_POINT ( 'NONE', #3916 ) ;
#2713 = CARTESIAN_POINT ( 'NONE',  ( -5.378237760728125316, 6.586441658729127815E-16, 2.758752104430781671 ) ) ;
#2714 = CARTESIAN_POINT ( 'NONE',  ( 8.658790293242626390, -1.925026537381810288, -3.469713030103804385 ) ) ;
#2715 = VECTOR ( 'NONE', #3478, 1000.000000000000000 ) ;
#2716 = DIRECTION ( 'NONE',  ( -0.2225209339563245514, -0.9749279121818212879, 0.000000000000000000 ) ) ;
#2717 = FACE_OUTER_BOUND ( 'NONE', #710, .T. ) ;
#2718 = DIRECTION ( 'NONE',  ( -1.000000000000000000, 0.000000000000000000, -0.000000000000000000 ) ) ;
#2719 = FACE_OUTER_BOUND ( 'NONE', #9002, .T. ) ;
#2720 = VECTOR ( 'NONE', #5561, 1000.000000000000000 ) ;
#2721 = AXIS2_PLACEMENT_3D ( 'NONE', #5746, #6448, #7143 ) ;
#2722 = ORIENTED_EDGE ( 'NONE', *, *, #6177, .T. ) ;
#2723 = CARTESIAN_POINT ( 'NONE',  ( 0.000000000000000000, 0.000000000000000000, 2.758752104430781227 ) ) ;
#2724 = ORIENTED_EDGE ( 'NONE', *, *, #8452, .F. ) ;
#2725 = DIRECTION ( 'NONE',  ( -0.000000000000000000, -0.000000000000000000, 1.000000000000000000 ) ) ;
#2726 = AXIS2_PLACEMENT_3D ( 'NONE', #3566, #7273, #5070 ) ;
#2727 = DIRECTION ( 'NONE',  ( -0.000000000000000000, -0.000000000000000000, 1.000000000000000000 ) ) ;
#2728 = CARTESIAN_POINT ( 'NONE',  ( 0.05000000000000002359, 8.837570431649497849, -3.454996609771464833 ) ) ;
#2729 = EDGE_CURVE ( 'NONE', #7607, #7682, #5469, .T. ) ;
#2730 = AXIS2_PLACEMENT_3D ( 'NONE', #3072, #942, #6966 ) ;
#2731 = ORIENTED_EDGE ( 'NONE', *, *, #9492, .F. ) ;
#2732 = CARTESIAN_POINT ( 'NONE',  ( -7.041194074364041100, 5.679117300646431943, -3.193750000000000089 ) ) ;
#2733 = EDGE_CURVE ( 'NONE', #5143, #3765, #1787, .T. ) ;
#2734 = FACE_BOUND ( 'NONE', #503, .T. ) ;
#2735 = EDGE_LOOP ( 'NONE', ( #9147, #5538, #4906, #4353 ) ) ;
#2736 = VECTOR ( 'NONE', #9764, 1000.000000000000000 ) ;
#2737 = PLANE ( 'NONE',  #6384 ) ;
#2738 = CYLINDRICAL_SURFACE ( 'NONE', #5087, 8.588813778810038713 ) ;
#2739 = ORIENTED_EDGE ( 'NONE', *, *, #1338, .F. ) ;
#2740 = DIRECTION ( 'NONE',  ( 1.000000000000000000, 0.000000000000000000, 0.000000000000000000 ) ) ;
#2741 = ORIENTED_EDGE ( 'NONE', *, *, #7394, .F. ) ;
#2742 = EDGE_CURVE ( 'NONE', #9355, #6608, #892, .T. ) ;
#2743 = DIRECTION ( 'NONE',  ( -0.2225209339563182509, -0.9749279121818227312, 0.000000000000000000 ) ) ;
#2744 = CARTESIAN_POINT ( 'NONE',  ( -3.898353220620548676, -7.979775630466963143, 3.466916208273112421 ) ) ;
#2745 = CARTESIAN_POINT ( 'NONE',  ( 3.789429660203743833, 7.984070013767017748, 3.454996609771464833 ) ) ;
#2746 = LINE ( 'NONE', #8856, #2736 ) ;
#2747 = ORIENTED_EDGE ( 'NONE', *, *, #7926, .T. ) ;
#2748 = ORIENTED_EDGE ( 'NONE', *, *, #8146, .F. ) ;
#2749 = ADVANCED_FACE ( 'NONE', ( #2262 ), #4463, .F. ) ;
#2750 = ADVANCED_FACE ( 'NONE', ( #284 ), #921, .F. ) ;
#2751 = ORIENTED_EDGE ( 'NONE', *, *, #2429, .T. ) ;
#2752 = CARTESIAN_POINT ( 'NONE',  ( 3.801834618289900547, 8.009829174656506012, -3.470139885832122406 ) ) ;
#2753 = B_SPLINE_CURVE_WITH_KNOTS ( 'NONE', 3,
 ( #4980, #8676, #9486, #7176, #4223, #2508, #8629 ),
 .UNSPECIFIED., .F., .F.,
 ( 4, 3, 4 ),
 ( 0.001199429903413612919, 0.001225696219576499638, 0.001498119107920983795 ),
 .UNSPECIFIED. ) ;
#2754 = CARTESIAN_POINT ( 'NONE',  ( 8.719441388652365177, -2.041441440450953326, -3.351032822740167560 ) ) ;
#2755 = CARTESIAN_POINT ( 'NONE',  ( -6.940963463542236589, 5.471281254995616905, -3.455541280135824511 ) ) ;
#2756 = EDGE_LOOP ( 'NONE', ( #9623, #1229 ) ) ;
#2757 = CARTESIAN_POINT ( 'NONE',  ( -6.974589775732425778, -5.498097344133308084, 3.466916208273112865 ) ) ;
#2758 = DIRECTION ( 'NONE',  ( 0.7071067811865504593, 0.000000000000000000, 0.7071067811865445751 ) ) ;
#2759 = CYLINDRICAL_SURFACE ( 'NONE', #4638, 4.000000000000000000 ) ;
#2760 = CARTESIAN_POINT ( 'NONE',  ( -0.05000000000000002359, -8.893453463458474317, -3.457279025203407574 ) ) ;
#2761 = EDGE_CURVE ( 'NONE', #4233, #2142, #4938, .T. ) ;
#2762 = CARTESIAN_POINT ( 'NONE',  ( 3.771531933161342831, 7.716428513517212373, 3.500000000000000000 ) ) ;
#2763 = ORIENTED_EDGE ( 'NONE', *, *, #5071, .T. ) ;
#2764 = VERTEX_POINT ( 'NONE', #4815 ) ;
#2765 = CARTESIAN_POINT ( 'NONE',  ( 6.708008130675913172, 5.413410377005316576, -3.143904910697430832 ) ) ;
#2766 = CARTESIAN_POINT ( 'NONE',  ( 0.000000000000000000, 0.000000000000000000, 3.500000000000000444 ) ) ;
#2767 = AXIS2_PLACEMENT_3D ( 'NONE', #3863, #6209, #1511 ) ;
#2768 = LINE ( 'NONE', #9634, #7974 ) ;
#2769 = CARTESIAN_POINT ( 'NONE',  ( 0.000000000000000000, 0.000000000000000000, 3.452421434499180375 ) ) ;
#2770 = DIRECTION ( 'NONE',  ( 0.4338837391175463520, -0.9009688679024248081, 0.000000000000000000 ) ) ;
#2771 = CARTESIAN_POINT ( 'NONE',  ( -6.921748881363471995, -5.583862937798313553, -3.457544059217933619 ) ) ;
#2772 = CIRCLE ( 'NONE', #992, 9.046037105128458933 ) ;
#2773 = ORIENTED_EDGE ( 'NONE', *, *, #1898, .F. ) ;
#2774 = LINE ( 'NONE', #8086, #1662 ) ;
#2775 = ORIENTED_EDGE ( 'NONE', *, *, #3964, .T. ) ;
#2776 = CARTESIAN_POINT ( 'NONE',  ( 8.362206348396748368, -1.959904873689104710, -3.094141646974374105 ) ) ;
#2777 = CARTESIAN_POINT ( 'NONE',  ( -0.05000000000000002359, 8.837951820048278506, 3.455541280135825843 ) ) ;
#2778 = DIRECTION ( 'NONE',  ( -0.000000000000000000, -0.000000000000000000, -1.000000000000000000 ) ) ;
#2779 = AXIS2_PLACEMENT_3D ( 'NONE', #1583, #1631, #8536 ) ;
#2780 = ORIENTED_EDGE ( 'NONE', *, *, #7703, .F. ) ;
#2781 = PLANE ( 'NONE',  #3841 ) ;
#2782 = EDGE_LOOP ( 'NONE', ( #3223, #6311, #1845, #7240 ) ) ;
#2783 = VECTOR ( 'NONE', #7270, 1000.000000000000000 ) ;
#2784 = DIRECTION ( 'NONE',  ( 1.000000000000000000, 0.000000000000000000, 0.000000000000000000 ) ) ;
#2785 = VECTOR ( 'NONE', #8833, 1000.000000000000000 ) ;
#2786 = EDGE_CURVE ( 'NONE', #3799, #5388, #4779, .T. ) ;
#2787 = DIRECTION ( 'NONE',  ( -0.000000000000000000, -0.000000000000000000, -1.000000000000000000 ) ) ;
#2788 = DIRECTION ( 'NONE',  ( -0.2225209339563182231, -0.9749279121818227312, 1.224646799147353207E-16 ) ) ;
#2789 = ORIENTED_EDGE ( 'NONE', *, *, #4824, .T. ) ;
#2790 = CARTESIAN_POINT ( 'NONE',  ( -6.683716731970441138, 5.394038632959125223, 3.099533293948748103 ) ) ;
#2791 = FACE_OUTER_BOUND ( 'NONE', #7571, .T. ) ;
#2792 = CARTESIAN_POINT ( 'NONE',  ( -3.881453065862107810, -7.944682097505676666, 3.460296783607140103 ) ) ;
#2793 = CARTESIAN_POINT ( 'NONE',  ( 0.05000000000000004441, 8.588668239434865015, -3.099533293948748103 ) ) ;
#2794 = CARTESIAN_POINT ( 'NONE',  ( 6.746065712156391392, 5.315855484712227685, -3.099533293948748103 ) ) ;
#2795 = ADVANCED_FACE ( 'NONE', ( #8665 ), #1090, .F. ) ;
#2796 = ORIENTED_EDGE ( 'NONE', *, *, #6782, .T. ) ;
#2797 = VERTEX_POINT ( 'NONE', #7863 ) ;
#2798 = ADVANCED_FACE ( 'NONE', ( #4210 ), #3663, .F. ) ;
#2799 = EDGE_CURVE ( 'NONE', #2338, #7642, #4058, .T. ) ;
#2800 = ORIENTED_EDGE ( 'NONE', *, *, #4394, .T. ) ;
#2801 = CARTESIAN_POINT ( 'NONE',  ( 6.881787768946302286, -5.551995014055636446, 3.460296783607140103 ) ) ;
#2802 = CARTESIAN_POINT ( 'NONE',  ( -8.658289197118445912, -1.924912165461300617, 3.469985047562924141 ) ) ;
#2803 = LINE ( 'NONE', #5904, #2378 ) ;
#2804 = ORIENTED_EDGE ( 'NONE', *, *, #6295, .F. ) ;
#2805 = CARTESIAN_POINT ( 'NONE',  ( -8.684623479167871807, -1.930922793491831380, 3.452421434499180375 ) ) ;
#2806 = DIRECTION ( 'NONE',  ( -0.6234898018587268220, 0.7818314824680352437, 0.000000000000000000 ) ) ;
#2807 = DIRECTION ( 'NONE',  ( 1.000000000000000000, 0.000000000000000000, 0.000000000000000000 ) ) ;
#2808 = EDGE_CURVE ( 'NONE', #1647, #9355, #1422, .T. ) ;
#2809 = CARTESIAN_POINT ( 'NONE',  ( -0.05000000000000002359, 8.841186805934450277, -3.459673052288552153 ) ) ;
#2810 = CARTESIAN_POINT ( 'NONE',  ( 0.000000000000000000, 0.000000000000000000, -3.452421434499180375 ) ) ;
#2811 = ORIENTED_EDGE ( 'NONE', *, *, #6539, .T. ) ;
#2812 = ORIENTED_EDGE ( 'NONE', *, *, #1144, .F. ) ;
#2813 = CARTESIAN_POINT ( 'NONE',  ( -5.254494074020480632, 6.510670503808522686E-16, -3.500000000000000000 ) ) ;
#2814 = CARTESIAN_POINT ( 'NONE',  ( 0.000000000000000000, 0.000000000000000000, 2.449999999999999734 ) ) ;
#2815 = FACE_BOUND ( 'NONE', #8904, .T. ) ;
#2816 = CARTESIAN_POINT ( 'NONE',  ( 6.888653535670937522, 5.557470280312730715, -3.466570807216844852 ) ) ;
#2817 = CARTESIAN_POINT ( 'NONE',  ( -8.763707349719817685, 2.051544857202268535, 3.272391413630714840 ) ) ;
#2818 = EDGE_CURVE ( 'NONE', #9116, #9112, #2695, .T. ) ;
#2819 = CARTESIAN_POINT ( 'NONE',  ( 0.05000000000000002359, 8.895588198274321456, -3.453994494324953202 ) ) ;
#2820 = CARTESIAN_POINT ( 'NONE',  ( -6.691813865204092160, 5.400495881239197438, -3.114323832567765127 ) ) ;
#2821 = ORIENTED_EDGE ( 'NONE', *, *, #4334, .T. ) ;
#2822 = DIRECTION ( 'NONE',  ( -0.000000000000000000, -0.000000000000000000, 1.000000000000000000 ) ) ;
#2823 = CARTESIAN_POINT ( 'NONE',  ( -0.05000000000000002359, 8.838348897068080134, 3.456075294419946431 ) ) ;
#2824 = CARTESIAN_POINT ( 'NONE',  ( -8.392497227128171033, -1.966818569092976254, 3.143904910697430832 ) ) ;
#2825 = ORIENTED_EDGE ( 'NONE', *, *, #3612, .F. ) ;
#2826 = CARTESIAN_POINT ( 'NONE',  ( -6.708008130675950476, -5.413410377005270391, 3.143904910697430832 ) ) ;
#2827 = CARTESIAN_POINT ( 'NONE',  ( -3.785012642412731942, -7.744421494718556787, -3.143904910697431276 ) ) ;
#2828 = ORIENTED_EDGE ( 'NONE', *, *, #7078, .F. ) ;
#2829 = PLANE ( 'NONE',  #4695 ) ;
#2830 = ORIENTED_EDGE ( 'NONE', *, *, #4821, .F. ) ;
#2831 = CARTESIAN_POINT ( 'NONE',  ( -3.969916891359540401, 8.128379123974170284, -3.193750000000000089 ) ) ;
#2832 = CARTESIAN_POINT ( 'NONE',  ( -3.905117942077038773, -7.993822719313215863, -3.452421434499180375 ) ) ;
#2833 = ORIENTED_EDGE ( 'NONE', *, *, #7468, .F. ) ;
#2834 = LINE ( 'NONE', #522, #4486 ) ;
#2835 = CARTESIAN_POINT ( 'NONE',  ( 8.927852906338200611, 1.986438323023172581, 3.500000000000000444 ) ) ;
#2836 = CARTESIAN_POINT ( 'NONE',  ( 3.798434106008866884, 8.002767938145630922, 3.469014143938407457 ) ) ;
#2837 = DIRECTION ( 'NONE',  ( -0.000000000000000000, -0.000000000000000000, 1.000000000000000000 ) ) ;
#2838 = ORIENTED_EDGE ( 'NONE', *, *, #8206, .T. ) ;
#2839 = EDGE_LOOP ( 'NONE', ( #996, #5536, #3639, #1053 ) ) ;
#2840 = AXIS2_PLACEMENT_3D ( 'NONE', #9887, #3027, #6085 ) ;
#2841 = AXIS2_PLACEMENT_3D ( 'NONE', #9135, #208, #9931 ) ;
#2842 = TOROIDAL_SURFACE ( 'NONE', #3033, 8.866382193656235700, 0.03500000000000000333 ) ;
#2843 = ORIENTED_EDGE ( 'NONE', *, *, #4750, .T. ) ;
#2844 = CARTESIAN_POINT ( 'NONE',  ( 6.878316301899189966, -5.549226611465182479, 3.454996609771464833 ) ) ;
#2845 = CIRCLE ( 'NONE', #8294, 8.588813778810038713 ) ;
#2846 = CARTESIAN_POINT ( 'NONE',  ( 8.640334695620648375, 2.023385853985816052, 3.469286171371085192 ) ) ;
#2847 = CARTESIAN_POINT ( 'NONE',  ( -6.974898709587113999, 5.498343710661584893, -3.466489319800472924 ) ) ;
#2848 = EDGE_CURVE ( 'NONE', #341, #7727, #5723, .T. ) ;
#2849 = ORIENTED_EDGE ( 'NONE', *, *, #26, .F. ) ;
#2850 = LINE ( 'NONE', #6609, #2694 ) ;
#2851 = CARTESIAN_POINT ( 'NONE',  ( 3.860119801968718178, 8.130859605668716128, 3.272391413630714840 ) ) ;
#2852 = CARTESIAN_POINT ( 'NONE',  ( -3.796778474268989623, -7.999329983412793332, -3.468127985775450117 ) ) ;
#2853 = AXIS2_PLACEMENT_3D ( 'NONE', #2582, #9547, #4136 ) ;
#2854 = AXIS2_PLACEMENT_3D ( 'NONE', #7239, #7185, #4182 ) ;
#2855 = CARTESIAN_POINT ( 'NONE',  ( -0.05000000000000002359, 8.893122785882026093, -3.457544059217933619 ) ) ;
#2856 = ADVANCED_FACE ( 'NONE', ( #7266 ), #6542, .F. ) ;
#2857 = AXIS2_PLACEMENT_3D ( 'NONE', #8522, #5551, #1659 ) ;
#2858 = CONICAL_SURFACE ( 'NONE', #8949, 8.588813778810038713, 0.1745329251994453545 ) ;
#2859 = CARTESIAN_POINT ( 'NONE',  ( -6.888653535670973937, -5.557470280312683641, 3.466570807216844852 ) ) ;
#2860 = VERTEX_POINT ( 'NONE', #8764 ) ;
#2861 = ORIENTED_EDGE ( 'NONE', *, *, #6288, .T. ) ;
#2862 = PLANE ( 'NONE',  #1766 ) ;
#2863 = EDGE_CURVE ( 'NONE', #9617, #8835, #7502, .T. ) ;
#2864 = DIRECTION ( 'NONE',  ( -0.000000000000000000, -0.000000000000000000, -1.000000000000000000 ) ) ;
#2865 = AXIS2_PLACEMENT_3D ( 'NONE', #9223, #7721, #1516 ) ;
#2867 = VECTOR ( 'NONE', #5873, 999.9999999999998863 ) ;
#2866 = B_SPLINE_CURVE_WITH_KNOTS ( 'NONE', 3,
 ( #173, #1089, #5600, #7208, #6306, #2446, #5545, #273, #3350, #2026, #5697, #4153, #5507, #9369, #8560, #327, #1744, #8755, #3399, #7757, #4804, #7856, #2593, #8656, #982 ),
 .UNSPECIFIED., .F., .F.,
 ( 4, 3, 3, 3, 3, 3, 3, 3, 4 ),
 ( 0.0001509499138714748268, 0.0001527764003826867782, 0.0001645282963311838962, 0.0001762803579144514533, 0.0001880325997012799325, 0.0001997849575937750779, 0.0002115373162334721927, 0.0002188290956692535538, 0.0002208042975641505206 ),
 .UNSPECIFIED. ) ;
#2868 = CARTESIAN_POINT ( 'NONE',  ( -8.534077790247378559, -1.999133408725416006, -3.351299362948740868 ) ) ;
#2869 = CIRCLE ( 'NONE', #9915, 8.896693082788692308 ) ;
#2870 = DIRECTION ( 'NONE',  ( 1.000000000000000000, 0.000000000000000000, 0.000000000000000000 ) ) ;
#2871 = CARTESIAN_POINT ( 'NONE',  ( 0.000000000000000000, 0.000000000000000000, 2.758752104430781671 ) ) ;
#2872 = CARTESIAN_POINT ( 'NONE',  ( -3.879820004569468850, -8.171767497885843667, 3.094141646974374105 ) ) ;
#2873 = EDGE_CURVE ( 'NONE', #733, #6347, #7348, .T. ) ;
#2874 = B_SPLINE_CURVE_WITH_KNOTS ( 'NONE', 3,
 ( #1602, #3056, #3193, #3797, #1502, #20, #9167 ),
 .UNSPECIFIED., .F., .F.,
 ( 4, 3, 4 ),
 ( 0.001199429903413613135, 0.001225696219576499421, 0.001498119107920983578 ),
 .UNSPECIFIED. ) ;
#2875 = AXIS2_PLACEMENT_3D ( 'NONE', #9847, #5337, #5983 ) ;
#2876 = CIRCLE ( 'NONE', #4926, 8.588813778810038713 ) ;
#2877 = CARTESIAN_POINT ( 'NONE',  ( 0.000000000000000000, 0.000000000000000000, -3.500000000000000000 ) ) ;
#2878 = AXIS2_PLACEMENT_3D ( 'NONE', #7442, #2125, #4991 ) ;
#2879 = ORIENTED_EDGE ( 'NONE', *, *, #3046, .F. ) ;
#2880 = EDGE_CURVE ( 'NONE', #3162, #960, #7985, .T. ) ;
#2881 = EDGE_CURVE ( 'NONE', #3961, #7867, #9748, .T. ) ;
#2882 = DIRECTION ( 'NONE',  ( 0.1736481776669425992, -2.126576849575921675E-17, 0.9848077530122059109 ) ) ;
#2883 = DIRECTION ( 'NONE',  ( 1.000000000000000000, -3.552713678800500929E-15, 0.000000000000000000 ) ) ;
#2884 = CARTESIAN_POINT ( 'NONE',  ( 6.956890732771324970, -5.483982828363296314, -3.469014143938407457 ) ) ;
#2885 = ORIENTED_EDGE ( 'NONE', *, *, #6329, .F. ) ;
#2886 = CARTESIAN_POINT ( 'NONE',  ( -0.05000000000000003747, 8.619738104553002600, 3.143904910697430832 ) ) ;
#2887 = VECTOR ( 'NONE', #552, 1000.000000000000000 ) ;
#2888 = LINE ( 'NONE', #8844, #6876 ) ;
#2889 = ORIENTED_EDGE ( 'NONE', *, *, #3226, .T. ) ;
#2890 = CARTESIAN_POINT ( 'NONE',  ( 3.969976846764378120, -8.128503622655012251, -3.500000000000000444 ) ) ;
#2891 = ORIENTED_EDGE ( 'NONE', *, *, #761, .T. ) ;
#2892 = DIRECTION ( 'NONE',  ( -1.000000000000000000, 0.000000000000000000, 0.000000000000000000 ) ) ;
#2893 = CIRCLE ( 'NONE', #1922, 8.588813778810038713 ) ;
#2894 = CARTESIAN_POINT ( 'NONE',  ( 6.997047420489827196, 5.516006718204386594, 3.429674227117769814 ) ) ;
#2895 = LINE ( 'NONE', #5299, #3007 ) ;
#2896 = ORIENTED_EDGE ( 'NONE', *, *, #4575, .T. ) ;
#2897 = ORIENTED_EDGE ( 'NONE', *, *, #8433, .F. ) ;
#2898 = CARTESIAN_POINT ( 'NONE',  ( 8.384458441792393302, 1.862412082470863872, 3.099533293948748103 ) ) ;
#2899 = LINE ( 'NONE', #5202, #5760 ) ;
#2900 = DIRECTION ( 'NONE',  ( 1.000000000000000000, -5.329070518200751394E-15, 0.000000000000000000 ) ) ;
#2901 = FACE_OUTER_BOUND ( 'NONE', #8013, .T. ) ;
#2902 = CIRCLE ( 'NONE', #8012, 8.601156667459632033 ) ;
#2903 = ORIENTED_EDGE ( 'NONE', *, *, #2957, .F. ) ;
#2904 = VERTEX_POINT ( 'NONE', #429 ) ;
#2905 = ORIENTED_EDGE ( 'NONE', *, *, #1700, .T. ) ;
#2906 = CARTESIAN_POINT ( 'NONE',  ( 7.103543054549956715, -5.600934152399576149, -3.500000000000000000 ) ) ;
#2907 = DIRECTION ( 'NONE',  ( 0.7071067811865401342, 0.000000000000000000, 0.7071067811865549002 ) ) ;
#2908 = ORIENTED_EDGE ( 'NONE', *, *, #5848, .T. ) ;
#2909 = CARTESIAN_POINT ( 'NONE',  ( 0.000000000000000000, 0.000000000000000000, -3.094141646974374105 ) ) ;
#2910 = DIRECTION ( 'NONE',  ( -0.2225209339563114785, 0.9749279121818242855, 0.000000000000000000 ) ) ;
#2911 = CARTESIAN_POINT ( 'NONE',  ( -3.806894729835316848, -8.020336604549463289, -3.468181098941469198 ) ) ;
#2912 = CARTESIAN_POINT ( 'NONE',  ( -0.05000000000000002359, 8.837951820048278506, -3.455541280135825843 ) ) ;
#2913 = CARTESIAN_POINT ( 'NONE',  ( -8.380768779485729070, 0.000000000000000000, 3.376256313292342437 ) ) ;
#2914 = EDGE_LOOP ( 'NONE', ( #4437, #8251 ) ) ;
#2915 = ORIENTED_EDGE ( 'NONE', *, *, #2004, .T. ) ;
#2916 = CARTESIAN_POINT ( 'NONE',  ( 0.000000000000000000, 0.000000000000000000, 3.094141646974374105 ) ) ;
#2917 = CARTESIAN_POINT ( 'NONE',  ( 7.779223250556908553, 6.203723528494385242, -1.592040838891560081E-16 ) ) ;
#2918 = ADVANCED_FACE ( 'NONE', ( #586 ), #2759, .F. ) ;
#2919 = CARTESIAN_POINT ( 'NONE',  ( 3.879820004569413339, 8.171767497885872089, 3.094141646974374105 ) ) ;
#2920 = CARTESIAN_POINT ( 'NONE',  ( -3.815021055286796692, -8.037211093224973624, 3.452421434499180375 ) ) ;
#2921 = CARTESIAN_POINT ( 'NONE',  ( 0.000000000000000000, 0.000000000000000000, -2.758752104430781227 ) ) ;
#2922 = CARTESIAN_POINT ( 'NONE',  ( 0.05000000000000002359, 8.893453463458474317, -3.457279025203407574 ) ) ;
#2923 = EDGE_CURVE ( 'NONE', #6816, #7499, #3984, .T. ) ;
#2924 = AXIS2_PLACEMENT_3D ( 'NONE', #8416, #5464, #8517 ) ;
#2925 = DIRECTION ( 'NONE',  ( -1.000000000000000000, 0.000000000000000000, 0.000000000000000000 ) ) ;
#2926 = EDGE_LOOP ( 'NONE', ( #1536, #9679, #7427, #4702, #1934, #4526, #9296, #1884, #246, #7770, #5068, #4159, #5849, #324, #7838, #2154, #1630, #3486, #1348, #8576, #220, #1485, #4912, #7124, #4553, #1333, #715, #4202, #9852, #5853, #3842, #5663 ) ) ;
#2927 = CARTESIAN_POINT ( 'NONE',  ( 3.950216688758959815, 8.087471231756959256, 3.272391413630716173 ) ) ;
#2928 = EDGE_CURVE ( 'NONE', #9361, #8728, #5018, .T. ) ;
#2929 = CARTESIAN_POINT ( 'NONE',  ( -0.05000000000000002359, 8.854507720150186501, 3.468127985775450117 ) ) ;
#2930 = B_SPLINE_CURVE_WITH_KNOTS ( 'NONE', 3,
 ( #2591, #3291, #1082, #6345, #5647, #4898, #4148 ),
 .UNSPECIFIED., .F., .F.,
 ( 4, 3, 4 ),
 ( 0.001199429903413612485, 0.001225696219576498987, 0.001498119107920983795 ),
 .UNSPECIFIED. ) ;
#2931 = DIRECTION ( 'NONE',  ( -1.000000000000000000, 0.000000000000000000, 0.000000000000000000 ) ) ;
#2932 = VERTEX_POINT ( 'NONE', #7310 ) ;
#2933 = DIRECTION ( 'NONE',  ( 0.000000000000000000, 0.000000000000000000, 1.000000000000000000 ) ) ;
#2934 = CARTESIAN_POINT ( 'NONE',  ( 3.969916891359654976, 8.128379123974113440, -3.500000000000000000 ) ) ;
#2935 = AXIS2_PLACEMENT_3D ( 'NONE', #8372, #7718, #2964 ) ;
#2936 = CARTESIAN_POINT ( 'NONE',  ( 0.000000000000000000, 0.000000000000000000, -3.094141646974374105 ) ) ;
#2937 = ADVANCED_FACE ( 'NONE', ( #6568 ), #9586, .T. ) ;
#2938 = ORIENTED_EDGE ( 'NONE', *, *, #4212, .T. ) ;
#2939 = CARTESIAN_POINT ( 'NONE',  ( 3.818819942739309248, 8.045099564303425765, -3.437256629622304605 ) ) ;
#2940 = VERTEX_POINT ( 'NONE', #8913 ) ;
#2941 = DIRECTION ( 'NONE',  ( -0.000000000000000000, -0.000000000000000000, 1.000000000000000000 ) ) ;
#2942 = CIRCLE ( 'NONE', #183, 8.837711872106121191 ) ;
#2943 = CARTESIAN_POINT ( 'NONE',  ( -3.815021055286628826, 8.037211093225053560, 3.452421434499180375 ) ) ;
#2944 = DIRECTION ( 'NONE',  ( -0.2225209339563182787, -0.9749279121818227312, 0.000000000000000000 ) ) ;
#2945 = ORIENTED_EDGE ( 'NONE', *, *, #5807, .T. ) ;
#2946 = DIRECTION ( 'NONE',  ( 0.000000000000000000, 0.000000000000000000, 1.000000000000000000 ) ) ;
#2947 = DIRECTION ( 'NONE',  ( 1.000000000000000000, 0.000000000000000000, 0.000000000000000000 ) ) ;
#2948 = CARTESIAN_POINT ( 'NONE',  ( -8.636785957613616560, 1.920004191366257329, 3.464471549642479165 ) ) ;
#2949 = EDGE_CURVE ( 'NONE', #4538, #7600, #3699, .T. ) ;
#2950 = CIRCLE ( 'NONE', #685, 2.450000000000000622 ) ;
#2951 = CYLINDRICAL_SURFACE ( 'NONE', #9620, 9.046037105128460709 ) ;
#2952 = VERTEX_POINT ( 'NONE', #8117 ) ;
#2953 = VERTEX_POINT ( 'NONE', #9675 ) ;
#2954 = AXIS2_PLACEMENT_3D ( 'NONE', #7074, #4582, #7634 ) ;
#2955 = ORIENTED_EDGE ( 'NONE', *, *, #2666, .F. ) ;
#2956 = FACE_OUTER_BOUND ( 'NONE', #4063, .T. ) ;
#2957 = EDGE_CURVE ( 'NONE', #4741, #9709, #2382, .T. ) ;
#2958 = CARTESIAN_POINT ( 'NONE',  ( 6.878316301899227270, 5.549226611465136294, 3.454996609771464833 ) ) ;
#2959 = ORIENTED_EDGE ( 'NONE', *, *, #2210, .T. ) ;
#2960 = CARTESIAN_POINT ( 'NONE',  ( -3.681435046370991504, 7.759816887429018983, -3.099533293948748103 ) ) ;
#2961 = CARTESIAN_POINT ( 'NONE',  ( -6.986287445380088279, -5.507425924389257155, -3.453478796700601539 ) ) ;
#2962 = CARTESIAN_POINT ( 'NONE',  ( -3.813532923374990169, -8.034120955469184366, -3.457544059217933619 ) ) ;
#2963 = CARTESIAN_POINT ( 'NONE',  ( -6.683716731970554825, -5.394038632958984003, -3.094141646974374105 ) ) ;
#2964 = DIRECTION ( 'NONE',  ( -1.000000000000000000, 0.000000000000000000, -0.000000000000000000 ) ) ;
#2965 = ORIENTED_EDGE ( 'NONE', *, *, #6293, .F. ) ;
#2966 = ORIENTED_EDGE ( 'NONE', *, *, #17, .T. ) ;
#2967 = PLANE ( 'NONE',  #1429 ) ;
#2968 = DIRECTION ( 'NONE',  ( 1.000000000000000000, 0.000000000000000000, 0.000000000000000000 ) ) ;
#2969 = FACE_OUTER_BOUND ( 'NONE', #3036, .T. ) ;
#2970 = DIRECTION ( 'NONE',  ( -0.000000000000000000, -0.000000000000000000, 1.000000000000000000 ) ) ;
#2971 = CARTESIAN_POINT ( 'NONE',  ( -6.683716731970441138, 5.394038632959125223, -3.099533293948748103 ) ) ;
#2972 = CARTESIAN_POINT ( 'NONE',  ( 3.757925033893075195, -7.918649983142041826, -3.351299362948741756 ) ) ;
#2973 = ORIENTED_EDGE ( 'NONE', *, *, #1296, .T. ) ;
#2974 = CARTESIAN_POINT ( 'NONE',  ( -7.032545971489053471, 5.544315867970317058, -3.351032822740168449 ) ) ;
#2975 = CARTESIAN_POINT ( 'NONE',  ( 8.644111698229581364, 2.024247930184058575, -3.468181098941469642 ) ) ;
#2976 = ORIENTED_EDGE ( 'NONE', *, *, #2808, .F. ) ;
#2977 = CARTESIAN_POINT ( 'NONE',  ( 6.683716731970517522, 5.394038632959030188, -3.094141646974374105 ) ) ;
#2978 = DIRECTION ( 'NONE',  ( -0.000000000000000000, -0.000000000000000000, 1.000000000000000000 ) ) ;
#2979 = EDGE_CURVE ( 'NONE', #3336, #6347, #9787, .T. ) ;
#2980 = ADVANCED_FACE ( 'NONE', ( #7466 ), #1356, .T. ) ;
#2981 = EDGE_CURVE ( 'NONE', #7248, #9701, #1101, .T. ) ;
#2982 = ORIENTED_EDGE ( 'NONE', *, *, #5019, .F. ) ;
#2983 = DIRECTION ( 'NONE',  ( 0.4338837391175525693, -0.9009688679024218105, 0.000000000000000000 ) ) ;
#2984 = ORIENTED_EDGE ( 'NONE', *, *, #4893, .F. ) ;
#2985 = COORDINATED_UNIVERSAL_TIME_OFFSET ( 6, 0, .BEHIND. ) ;
#2986 = DIRECTION ( 'NONE',  ( -0.9009688679022659352, -0.4338837391178758662, 0.000000000000000000 ) ) ;
#2987 = DIRECTION ( 'NONE',  ( 0.9749279121818257288, 0.2225209339563050948, 0.000000000000000000 ) ) ;
#2988 = ADVANCED_FACE ( 'NONE', ( #8368 ), #4603, .F. ) ;
#2989 = ORIENTED_EDGE ( 'NONE', *, *, #3840, .T. ) ;
#2990 = ORIENTED_EDGE ( 'NONE', *, *, #3280, .T. ) ;
#2991 = CARTESIAN_POINT ( 'NONE',  ( -6.879246888065281063, -5.549968729168548442, -3.456597352396201472 ) ) ;
#2992 = CARTESIAN_POINT ( 'NONE',  ( 3.879820004569354719, -8.171767497885896958, 3.094141646974374105 ) ) ;
#2993 = CARTESIAN_POINT ( 'NONE',  ( 3.888281473680839095, 7.958861432445933914, 3.469100694293998810 ) ) ;
#2994 = B_SPLINE_CURVE_WITH_KNOTS ( 'NONE', 3,
 ( #7003, #1746, #6916, #4807, #6961, #9221, #2345, #4052, #5412, #8472, #1613, #7720, #3151, #9276, #6560, #4203, #329, #1034, #4249, #8063, #4854, #8016, #3448, #3353, #7152 ),
 .UNSPECIFIED., .F., .F.,
 ( 4, 3, 3, 3, 3, 3, 3, 3, 4 ),
 ( 0.0001509499138714706526, 0.0001527764003826827125, 0.0001645282963311793425, 0.0001762803579144461678, 0.0001880325997012732375, 0.0001997849575937690877, 0.0002115373162334654436, 0.0002188290956692469401, 0.0002208042975641437715 ),
 .UNSPECIFIED. ) ;
#2995 = ORIENTED_EDGE ( 'NONE', *, *, #2243, .F. ) ;
#2996 = ORIENTED_EDGE ( 'NONE', *, *, #3894, .F. ) ;
#2997 = CARTESIAN_POINT ( 'NONE',  ( -7.032545971489053471, 5.544315867970317058, 3.351032822740168449 ) ) ;
#2998 = ADVANCED_FACE ( 'NONE', ( #4511 ), #7676, .T. ) ;
#2999 = DIRECTION ( 'NONE',  ( -0.000000000000000000, -0.000000000000000000, 1.000000000000000000 ) ) ;
#3000 = CARTESIAN_POINT ( 'NONE',  ( 3.860119801968660003, -8.130859605668742773, 3.272391413630715284 ) ) ;
#3001 = ORIENTED_EDGE ( 'NONE', *, *, #3800, .T. ) ;
#3002 = DIRECTION ( 'NONE',  ( 0.000000000000000000, 0.000000000000000000, 1.000000000000000000 ) ) ;
#3003 = CARTESIAN_POINT ( 'NONE',  ( 8.627120136385686422, 1.917798030746237670, 3.454996609771464833 ) ) ;
#3004 = CARTESIAN_POINT ( 'NONE',  ( 3.254128043381644630, -6.757266509268164079, -3.092233167847068013E-16 ) ) ;
#3005 = DIRECTION ( 'NONE',  ( 0.000000000000000000, 0.000000000000000000, 1.000000000000000000 ) ) ;
#3006 = VECTOR ( 'NONE', #1174, 1000.000000000000000 ) ;
#3007 = VECTOR ( 'NONE', #5152, 1000.000000000000000 ) ;
#3008 = B_SPLINE_CURVE_WITH_KNOTS ( 'NONE', 3,
 ( #5358, #8463, #926, #7612, #6994, #8412, #1606, #9267, #5502, #3902, #1551, #4601, #1690, #6952, #67, #3144, #6203, #8513, #1648, #3997, #7753, #878 ),
 .UNSPECIFIED., .F., .F.,
 ( 4, 3, 3, 3, 3, 3, 3, 4 ),
 ( 0.0002168574548798319766, 0.0002188290334246872004, 0.0002305812013871268303, 0.0002423333607551987298, 0.0002540856419916182095, 0.0002658380091482377347, 0.0002775903405257889125, 0.0002867718163053216331 ),
 .UNSPECIFIED. ) ;
#3009 = DIRECTION ( 'NONE',  ( 0.7818314824680268060, -0.6234898018587372581, 0.000000000000000000 ) ) ;
#3010 = ORIENTED_EDGE ( 'NONE', *, *, #9628, .F. ) ;
#3011 = CARTESIAN_POINT ( 'NONE',  ( 0.000000000000000000, 0.000000000000000000, 3.500000000000000444 ) ) ;
#3012 = CARTESIAN_POINT ( 'NONE',  ( 0.05000000000000002359, -8.838760696031124908, -3.456597352396201472 ) ) ;
#3013 = DIRECTION ( 'NONE',  ( -1.000000000000000000, 0.000000000000000000, 0.000000000000000000 ) ) ;
#3014 = B_SPLINE_CURVE_WITH_KNOTS ( 'NONE', 3,
 ( #9449, #6438, #965, #3385, #2578, #7187, #5729 ),
 .UNSPECIFIED., .F., .F.,
 ( 4, 3, 4 ),
 ( 0.0008460917731560556581, 0.0009002598162382148637, 0.001280034707405372334 ),
 .UNSPECIFIED. ) ;
#3015 = CIRCLE ( 'NONE', #6849, 8.737285000697680104 ) ;
#3016 = AXIS2_PLACEMENT_3D ( 'NONE', #9683, #652, #8229 ) ;
#3017 = AXIS2_PLACEMENT_3D ( 'NONE', #9079, #1519, #6665 ) ;
#3018 = DIRECTION ( 'NONE',  ( 0.4338837391175526248, -0.9009688679024216995, 0.000000000000000000 ) ) ;
#3019 = DIRECTION ( 'NONE',  ( 1.000000000000000000, 0.000000000000000000, 0.000000000000000000 ) ) ;
#3020 = CARTESIAN_POINT ( 'NONE',  ( 6.990202061954359003, -5.510547726935069335, -3.444839032082839037 ) ) ;
#3021 = AXIS2_PLACEMENT_3D ( 'NONE', #9689, #2822, #8283 ) ;
#3022 = CARTESIAN_POINT ( 'NONE',  ( 0.000000000000000000, 0.000000000000000000, 3.193750000000000533 ) ) ;
#3023 = ORIENTED_EDGE ( 'NONE', *, *, #151, .T. ) ;
#3024 = CIRCLE ( 'NONE', #6672, 8.837711872106121191 ) ;
#3025 = CARTESIAN_POINT ( 'NONE',  ( -8.647556428850514010, -2.025034167469259128, -3.466489319800472924 ) ) ;
#3026 = AXIS2_PLACEMENT_3D ( 'NONE', #989, #1040, #941 ) ;
#3027 = DIRECTION ( 'NONE',  ( 0.000000000000000000, 0.000000000000000000, 1.000000000000000000 ) ) ;
#3028 = CARTESIAN_POINT ( 'NONE',  ( 8.636538199847008102, 2.022519328599932553, -3.469713030103804385 ) ) ;
#3029 = ORIENTED_EDGE ( 'NONE', *, *, #7957, .F. ) ;
#3030 = CARTESIAN_POINT ( 'NONE',  ( 0.000000000000000000, 0.000000000000000000, -3.452421434499180375 ) ) ;
#3031 = CARTESIAN_POINT ( 'NONE',  ( -6.699910998104807724, -5.406953129253530221, 3.129114371485063106 ) ) ;
#3032 = AXIS2_PLACEMENT_3D ( 'NONE', #1531, #6884, #711 ) ;
#3033 = AXIS2_PLACEMENT_3D ( 'NONE', #7304, #9415, #1952 ) ;
#3034 = AXIS2_PLACEMENT_3D ( 'NONE', #3609, #6711, #9777 ) ;
#3035 = B_SPLINE_CURVE_WITH_KNOTS ( 'NONE', 3,
 ( #9670, #7260, #4962, #6458, #2754, #5808, #1997 ),
 .UNSPECIFIED., .F., .F.,
 ( 4, 3, 4 ),
 ( 0.001199429903413613135, 0.001225696219576499421, 0.001498119107920983795 ),
 .UNSPECIFIED. ) ;
#3036 = EDGE_LOOP ( 'NONE', ( #4947, #5035, #3872, #4939, #7449, #460, #5795, #4277, #7167, #5839, #7250, #1771, #3864, #5096, #3191, #5472, #5702, #3129, #2722, #1300, #7115, #2241, #2800, #8292, #6947, #4142, #9322, #2106, #5576, #4502, #1673, #6323 ) ) ;
#3037 = CARTESIAN_POINT ( 'NONE',  ( -10.47500000000000497, 1.282817522106853083E-15, -3.500000000000000888 ) ) ;
#3038 = ORIENTED_EDGE ( 'NONE', *, *, #2499, .F. ) ;
#3039 = ADVANCED_FACE ( 'NONE', ( #3062 ), #7181, .T. ) ;
#3040 = VECTOR ( 'NONE', #3018, 1000.000000000000114 ) ;
#3041 = CLOSED_SHELL ( 'NONE', ( #9595, #9528 ) ) ;
#3042 = CARTESIAN_POINT ( 'NONE',  ( 0.000000000000000000, 0.000000000000000000, 3.500000000000000444 ) ) ;
#3043 = DIRECTION ( 'NONE',  ( 1.000000000000000000, 0.000000000000000000, 0.000000000000000000 ) ) ;
#3044 = CIRCLE ( 'NONE', #3190, 8.837711872106121191 ) ;
#3045 = EDGE_LOOP ( 'NONE', ( #140, #7445, #1641, #563 ) ) ;
#3046 = EDGE_CURVE ( 'NONE', #6185, #9811, #8465, .T. ) ;
#3047 = CARTESIAN_POINT ( 'NONE',  ( -3.969976846764321721, 8.128503622655038896, -3.094141646974374105 ) ) ;
#3048 = LINE ( 'NONE', #7876, #7039 ) ;
#3049 = DIRECTION ( 'NONE',  ( 0.000000000000000000, 0.000000000000000000, 1.000000000000000000 ) ) ;
#3050 = CIRCLE ( 'NONE', #4798, 8.837711872106121191 ) ;
#3051 = EDGE_LOOP ( 'NONE', ( #4465, #3601, #8753, #8188, #6132, #1023 ) ) ;
#3052 = AXIS2_PLACEMENT_3D ( 'NONE', #8210, #1343, #4396 ) ;
#3053 = EDGE_CURVE ( 'NONE', #7777, #3439, #1593, .T. ) ;
#3054 = ORIENTED_EDGE ( 'NONE', *, *, #5306, .T. ) ;
#3055 = FACE_OUTER_BOUND ( 'NONE', #6238, .T. ) ;
#3056 = CARTESIAN_POINT ( 'NONE',  ( -6.990202061954433610, -5.510547726934975188, -3.444839032082838592 ) ) ;
#3057 = EDGE_CURVE ( 'NONE', #5294, #5946, #7748, .T. ) ;
#3058 = DIRECTION ( 'NONE',  ( -1.000000000000000000, 6.776263578034444621E-17, 0.000000000000000000 ) ) ;
#3059 = ORIENTED_EDGE ( 'NONE', *, *, #9840, .T. ) ;
#3060 = AXIS2_PLACEMENT_3D ( 'NONE', #7373, #6658, #6063 ) ;
#3061 = CARTESIAN_POINT ( 'NONE',  ( 8.672891611396257971, 1.928245071230612728, 3.465025888964337497 ) ) ;
#3062 = FACE_OUTER_BOUND ( 'NONE', #3565, .T. ) ;
#3063 = CARTESIAN_POINT ( 'NONE',  ( 6.912240795546477301, -5.576280492380205622, -3.466916208273112421 ) ) ;
#3064 = EDGE_CURVE ( 'NONE', #8454, #1868, #8957, .T. ) ;
#3065 = CARTESIAN_POINT ( 'NONE',  ( 8.662371385772228649, 2.028415584710071773, -3.452421434499180375 ) ) ;
#3066 = ORIENTED_EDGE ( 'NONE', *, *, #9859, .F. ) ;
#3067 = CARTESIAN_POINT ( 'NONE',  ( -6.948416668875264435, 5.477224987910584986, 3.464471549642479165 ) ) ;
#3068 = FACE_OUTER_BOUND ( 'NONE', #2286, .T. ) ;
#3069 = DIRECTION ( 'NONE',  ( 1.000000000000000000, 0.000000000000000000, 0.000000000000000000 ) ) ;
#3070 = CARTESIAN_POINT ( 'NONE',  ( 0.000000000000000000, 8.601156667459632033, -2.994533293948747676 ) ) ;
#3071 = CARTESIAN_POINT ( 'NONE',  ( -8.662586789016254230, 1.925893062767750186, -3.469286171371085192 ) ) ;
#3072 = CARTESIAN_POINT ( 'NONE',  ( 0.000000000000000000, 0.000000000000000000, 3.434921434499177639 ) ) ;
#3073 = ADVANCED_FACE ( 'NONE', ( #880 ), #8625, .T. ) ;
#3074 = DIRECTION ( 'NONE',  ( -0.000000000000000000, -0.000000000000000000, -1.000000000000000000 ) ) ;
#3075 = VERTEX_POINT ( 'NONE', #5462 ) ;
#3076 = VERTEX_POINT ( 'NONE', #1650 ) ;
#3077 = CARTESIAN_POINT ( 'NONE',  ( 8.630645840616967490, -1.918602749729720447, -3.459673052288551709 ) ) ;
#3078 = CARTESIAN_POINT ( 'NONE',  ( 0.000000000000000000, 0.000000000000000000, 3.434921434499177639 ) ) ;
#3079 = CARTESIAN_POINT ( 'NONE',  ( 3.904453529484206431, -7.992443052348336074, 3.455073707654064741 ) ) ;
#3080 = ORIENTED_EDGE ( 'NONE', *, *, #3224, .T. ) ;
#3081 = DIRECTION ( 'NONE',  ( 1.000000000000000000, 0.000000000000000000, 0.000000000000000000 ) ) ;
#3082 = ORIENTED_EDGE ( 'NONE', *, *, #881, .F. ) ;
#3083 = CARTESIAN_POINT ( 'NONE',  ( -7.041194074364160116, -5.679117300646283617, -3.193750000000000089 ) ) ;
#3084 = ORIENTED_EDGE ( 'NONE', *, *, #3947, .F. ) ;
#3085 = CARTESIAN_POINT ( 'NONE',  ( 3.794997113488314699, -7.995630949636990614, -3.466377381984354411 ) ) ;
#3086 = CARTESIAN_POINT ( 'NONE',  ( -8.617758362662247151, -2.018232953312341316, 3.466570807216844852 ) ) ;
#3087 =( GEOMETRIC_REPRESENTATION_CONTEXT ( 3 ) GLOBAL_UNCERTAINTY_ASSIGNED_CONTEXT ( ( #8893 ) ) GLOBAL_UNIT_ASSIGNED_CONTEXT ( ( #4434, #6795, #718 ) ) REPRESENTATION_CONTEXT ( 'NONE', 'WORKASPACE' ) );
#3088 = ORIENTED_EDGE ( 'NONE', *, *, #9710, .T. ) ;
#3089 = CARTESIAN_POINT ( 'NONE',  ( 8.636785957613628995, -1.920004191366200486, 3.464471549642479165 ) ) ;
#3090 = CARTESIAN_POINT ( 'NONE',  ( -3.930516482760433306, 8.046563332484430120, 3.351032822740168005 ) ) ;
#3091 = CARTESIAN_POINT ( 'NONE',  ( 3.815021055286742069, 8.037211093225000269, 3.452421434499180375 ) ) ;
#3092 = ORIENTED_EDGE ( 'NONE', *, *, #6489, .T. ) ;
#3093 = AXIS2_PLACEMENT_3D ( 'NONE', #8209, #9007, #6596 ) ;
#3094 = B_SPLINE_CURVE_WITH_KNOTS ( 'NONE', 3,
 ( #6864, #1654, #1555, #2300, #1464, #4710, #646 ),
 .UNSPECIFIED., .F., .F.,
 ( 4, 3, 4 ),
 ( 0.001199429903413612702, 0.001225696219576499204, 0.001498119107920982927 ),
 .UNSPECIFIED. ) ;
#3095 = ORIENTED_EDGE ( 'NONE', *, *, #3106, .F. ) ;
#3096 = CARTESIAN_POINT ( 'NONE',  ( -0.05000000000000001665, 8.905308122385132918, -3.437256629622304160 ) ) ;
#3097 = CARTESIAN_POINT ( 'NONE',  ( 8.650639518000613037, -2.025737862448855342, 3.465025888964337497 ) ) ;
#3098 = FACE_OUTER_BOUND ( 'NONE', #7426, .T. ) ;
#3099 = VERTEX_POINT ( 'NONE', #3103 ) ;
#3100 = CIRCLE ( 'NONE', #4541, 8.896693082788692308 ) ;
#3101 = CARTESIAN_POINT ( 'NONE',  ( 8.604868042990053922, 2.015290821964419887, 3.454996609771464833 ) ) ;
#3102 = CARTESIAN_POINT ( 'NONE',  ( -6.942783102063903478, -5.472732368293795169, -3.458522467003439349 ) ) ;
#3103 = CARTESIAN_POINT ( 'NONE',  ( -3.681435046370991504, 7.759816887429018983, -3.094141646974374105 ) ) ;
#3104 = EDGE_CURVE ( 'NONE', #4711, #2644, #4665, .T. ) ;
#3105 = CARTESIAN_POINT ( 'NONE',  ( 8.675175419594722825, 2.031338021875926270, -3.429674227117770702 ) ) ;
#3106 = EDGE_CURVE ( 'NONE', #1440, #6324, #568, .T. ) ;
#3107 = EDGE_CURVE ( 'NONE', #8905, #186, #2542, .T. ) ;
#3108 = CARTESIAN_POINT ( 'NONE',  ( 0.000000000000000000, 0.000000000000000000, -3.094141646974374105 ) ) ;
#3109 = ORIENTED_EDGE ( 'NONE', *, *, #9742, .T. ) ;
#3110 = CARTESIAN_POINT ( 'NONE',  ( 8.382400267963348028, 1.964514004052479335, -3.129114371485063106 ) ) ;
#3111 = LINE ( 'NONE', #132, #7981 ) ;
#3112 = EDGE_CURVE ( 'NONE', #9865, #2327, #171, .T. ) ;
#3113 = B_SPLINE_CURVE_WITH_KNOTS ( 'NONE', 3,
 ( #4422, #5226, #7479, #7536, #657, #2972, #5281 ),
 .UNSPECIFIED., .F., .F.,
 ( 4, 3, 4 ),
 ( 0.0008460917731560551160, 0.0009002598162382143216, 0.001280034707405371900 ),
 .UNSPECIFIED. ) ;
#3114 = CARTESIAN_POINT ( 'NONE',  ( -0.05000000000000000971, -9.045898922017695298, -3.193750000000000089 ) ) ;
#3115 = DIRECTION ( 'NONE',  ( -0.000000000000000000, -0.000000000000000000, 1.000000000000000000 ) ) ;
#3116 = CARTESIAN_POINT ( 'NONE',  ( 8.869223585189136116, 0.000000000000000000, -3.500000000000000444 ) ) ;
#3117 = CARTESIAN_POINT ( 'NONE',  ( 8.362206348396748368, -1.959904873689104710, 3.500000000000000000 ) ) ;
#3118 = ORIENTED_EDGE ( 'NONE', *, *, #5243, .F. ) ;
#3119 = ORIENTED_EDGE ( 'NONE', *, *, #5494, .T. ) ;
#3120 = DIRECTION ( 'NONE',  ( -0.6234898018587267110, 0.7818314824680352437, 0.000000000000000000 ) ) ;
#3121 = CARTESIAN_POINT ( 'NONE',  ( -8.606028464958589197, -2.015555680706218045, -3.456597352396201472 ) ) ;
#3122 = CARTESIAN_POINT ( 'NONE',  ( -8.675175419594696180, 2.031338021876043509, -3.429674227117769814 ) ) ;
#3123 = CARTESIAN_POINT ( 'NONE',  ( -8.485539612174493485, 1.885483199994417491, 3.247602129575368313 ) ) ;
#3124 = EDGE_CURVE ( 'NONE', #4413, #3599, #1842, .T. ) ;
#3125 = CARTESIAN_POINT ( 'NONE',  ( -8.588813778810038713, 1.051826330269239652E-15, 3.500000000000000000 ) ) ;
#3126 = CARTESIAN_POINT ( 'NONE',  ( 3.903773285788488590, 7.991030511759146471, -3.457279025203407574 ) ) ;
#3127 = ORIENTED_EDGE ( 'NONE', *, *, #86, .F. ) ;
#3128 = DIRECTION ( 'NONE',  ( 0.000000000000000000, 0.000000000000000000, 1.000000000000000000 ) ) ;
#3129 = ORIENTED_EDGE ( 'NONE', *, *, #2123, .T. ) ;
#3130 = B_SPLINE_CURVE_WITH_KNOTS ( 'NONE', 3,
 ( #9384, #901, #4067, #90, #8574, #48, #6233 ),
 .UNSPECIFIED., .F., .F.,
 ( 4, 3, 4 ),
 ( 0.001199429903413613135, 0.001225696219576499421, 0.001498119107920983795 ),
 .UNSPECIFIED. ) ;
#3131 = PERSON_AND_ORGANIZATION ( #5239, #8678 ) ;
#3132 = DIRECTION ( 'NONE',  ( 0.000000000000000000, 0.000000000000000000, -1.000000000000000000 ) ) ;
#3133 = FACE_OUTER_BOUND ( 'NONE', #7405, .T. ) ;
#3134 = ORIENTED_EDGE ( 'NONE', *, *, #2291, .F. ) ;
#3135 = DIRECTION ( 'NONE',  ( 0.4338837391175462410, -0.9009688679024249192, 0.000000000000000000 ) ) ;
#3136 = CARTESIAN_POINT ( 'NONE',  ( -6.915022174933576515, 5.578498568425886539, -3.465025888964337497 ) ) ;
#3137 = CARTESIAN_POINT ( 'NONE',  ( -8.676460702543531411, 1.929059692994604447, 3.462472406546387660 ) ) ;
#3138 = VERTEX_POINT ( 'NONE', #7903 ) ;
#3139 = ORIENTED_EDGE ( 'NONE', *, *, #5238, .F. ) ;
#3140 = CARTESIAN_POINT ( 'NONE',  ( -0.05000000000000000971, 9.000494587112767064, -3.272391413630716173 ) ) ;
#3141 = FACE_OUTER_BOUND ( 'NONE', #2234, .T. ) ;
#3142 = CARTESIAN_POINT ( 'NONE',  ( 3.840419595970247624, -8.089951706396156794, 3.351032822740167560 ) ) ;
#3143 = ORIENTED_EDGE ( 'NONE', *, *, #1326, .T. ) ;
#3144 = CARTESIAN_POINT ( 'NONE',  ( 6.974898709587155743, -5.498343710661533379, 3.466489319800472924 ) ) ;
#3145 = CARTESIAN_POINT ( 'NONE',  ( 8.631448984988409734, 1.918786062191432329, 3.460296783607140103 ) ) ;
#3146 = DIRECTION ( 'NONE',  ( -1.000000000000000000, 0.000000000000000000, 0.000000000000000000 ) ) ;
#3147 = CARTESIAN_POINT ( 'NONE',  ( 0.000000000000000000, 0.000000000000000000, -2.974999999999999645 ) ) ;
#3148 = B_SPLINE_CURVE_WITH_KNOTS ( 'NONE', 3,
 ( #1899, #1147, #9713, #535, #5110, #8167, #4356, #1303, #7416, #3604, #8907, #6651, #2041, #2846, #4797, #976, #3286, #6993, #6255, #213, #4742, #7752 ),
 .UNSPECIFIED., .F., .F.,
 ( 4, 3, 3, 3, 3, 3, 3, 4 ),
 ( 0.0002168574548798376958, 0.0002188290334246931635, 0.0002305812013871319803, 0.0002423333607552047471, 0.0002540856419916233053, 0.0002658380091482434810, 0.0002775903405257948214, 0.0002867718163053285720 ),
 .UNSPECIFIED. ) ;
#3149 = DIRECTION ( 'NONE',  ( -0.000000000000000000, -0.000000000000000000, 1.000000000000000000 ) ) ;
#3150 = ORIENTED_EDGE ( 'NONE', *, *, #3648, .T. ) ;
#3151 = CARTESIAN_POINT ( 'NONE',  ( 8.654470594799994032, 1.924040594400882709, -3.469915996672630953 ) ) ;
#3152 = ADVANCED_FACE ( 'NONE', ( #4849 ), #4800, .T. ) ;
#3153 = CARTESIAN_POINT ( 'NONE',  ( 8.737285000697680104, 0.000000000000000000, 3.500000000000000000 ) ) ;
#3154 = EDGE_CURVE ( 'NONE', #3941, #3740, #979, .T. ) ;
#3155 = CARTESIAN_POINT ( 'NONE',  ( 0.000000000000000000, 0.000000000000000000, -3.094141646974374105 ) ) ;
#3156 = CARTESIAN_POINT ( 'NONE',  ( -8.627491962581009588, 1.917882897649050289, -3.455541280135824955 ) ) ;
#3157 = AXIS2_PLACEMENT_3D ( 'NONE', #6036, #8249, #2987 ) ;
#3158 = DIRECTION ( 'NONE',  ( -0.000000000000000000, -0.000000000000000000, 1.000000000000000000 ) ) ;
#3159 = EDGE_CURVE ( 'NONE', #360, #5442, #7825, .T. ) ;
#3160 = LINE ( 'NONE', #9282, #1978 ) ;
#3161 = ORIENTED_EDGE ( 'NONE', *, *, #9017, .F. ) ;
#3162 = VERTEX_POINT ( 'NONE', #2536 ) ;
#3163 = CARTESIAN_POINT ( 'NONE',  ( 0.05000000000000000971, -9.045898922017695298, -3.193750000000000089 ) ) ;
#3164 = AXIS2_PLACEMENT_3D ( 'NONE', #2019, #401, #2164 ) ;
#3165 = CARTESIAN_POINT ( 'NONE',  ( 3.905117942076926418, -7.993822719313271818, 3.452421434499180375 ) ) ;
#3166 = VECTOR ( 'NONE', #5822, 1000.000000000000000 ) ;
#3167 = DIRECTION ( 'NONE',  ( 0.000000000000000000, 0.000000000000000000, -1.000000000000000000 ) ) ;
#3168 = CARTESIAN_POINT ( 'NONE',  ( -8.394555401783312831, 1.864716647700088936, 3.114323832567764239 ) ) ;
#3169 = CIRCLE ( 'NONE', #766, 8.588813778810038713 ) ;
#3170 = EDGE_CURVE ( 'NONE', #7191, #4515, #5120, .T. ) ;
#3171 = CARTESIAN_POINT ( 'NONE',  ( 6.897525128344004663, 5.564545139386506634, 3.469900311146004501 ) ) ;
#3172 = DIRECTION ( 'NONE',  ( 0.000000000000000000, 0.000000000000000000, 1.000000000000000000 ) ) ;
#3173 = AXIS2_PLACEMENT_3D ( 'NONE', #5367, #4614, #889 ) ;
#3174 = EDGE_CURVE ( 'NONE', #4819, #43, #7203, .T. ) ;
#3175 = ORIENTED_EDGE ( 'NONE', *, *, #3791, .F. ) ;
#3176 = EDGE_CURVE ( 'NONE', #8633, #2022, #78, .T. ) ;
#3177 = FACE_OUTER_BOUND ( 'NONE', #5205, .T. ) ;
#3178 = VECTOR ( 'NONE', #699, 1000.000000000000227 ) ;
#3179 = ORIENTED_EDGE ( 'NONE', *, *, #30, .T. ) ;
#3180 = CARTESIAN_POINT ( 'NONE',  ( -8.605626990655270703, 2.015464046816531685, -3.456075294419946431 ) ) ;
#3181 = DIRECTION ( 'NONE',  ( 1.000000000000000000, 0.000000000000000000, 0.000000000000000000 ) ) ;
#3182 = CIRCLE ( 'NONE', #3507, 5.378237760728125316 ) ;
#3183 = ORIENTED_EDGE ( 'NONE', *, *, #9926, .T. ) ;
#3184 = CIRCLE ( 'NONE', #9746, 8.737285000697680104 ) ;
#3185 = DIRECTION ( 'NONE',  ( -0.000000000000000000, -0.000000000000000000, 1.000000000000000000 ) ) ;
#3186 = AXIS2_PLACEMENT_3D ( 'NONE', #7056, #3342, #2486 ) ;
#3187 = CARTESIAN_POINT ( 'NONE',  ( -8.646792278083101024, -1.922288068715891418, -3.469100694293998810 ) ) ;
#3188 = VERTEX_POINT ( 'NONE', #216 ) ;
#3189 = VECTOR ( 'NONE', #1316, 1000.000000000000114 ) ;
#3190 = AXIS2_PLACEMENT_3D ( 'NONE', #8196, #7290, #2078 ) ;
#3191 = ORIENTED_EDGE ( 'NONE', *, *, #7997, .T. ) ;
#3192 = CARTESIAN_POINT ( 'NONE',  ( -3.848021920683262209, 7.875261609230313375, -3.351299362948741312 ) ) ;
#3193 = CARTESIAN_POINT ( 'NONE',  ( -6.993624741251939447, -5.513277222593413462, -3.437256629622303716 ) ) ;
#3194 = DIRECTION ( 'NONE',  ( 0.6234898018585320889, 0.7818314824681904529, 0.000000000000000000 ) ) ;
#3195 = VERTEX_POINT ( 'NONE', #265 ) ;
#3196 = CARTESIAN_POINT ( 'NONE',  ( -0.05000000000000002359, -8.837570431649497849, 3.454996609771464833 ) ) ;
#3197 = FACE_OUTER_BOUND ( 'NONE', #9911, .T. ) ;
#3198 = CARTESIAN_POINT ( 'NONE',  ( 8.683683276470675949, 1.930708198361652306, 3.453994494324953202 ) ) ;
#3199 = DIRECTION ( 'NONE',  ( -0.000000000000000000, -0.000000000000000000, 1.000000000000000000 ) ) ;
#3200 = CARTESIAN_POINT ( 'NONE',  ( 8.737285000697680104, 0.000000000000000000, 2.449999999999999734 ) ) ;
#3201 = VECTOR ( 'NONE', #7852, 1000.000000000000000 ) ;
#3202 = CARTESIAN_POINT ( 'NONE',  ( 3.890186641437312964, -7.962817554056457858, -3.469900311146004501 ) ) ;
#3203 = AXIS2_PLACEMENT_3D ( 'NONE', #4765, #9431, #7070 ) ;
#3204 = VERTEX_POINT ( 'NONE', #8010 ) ;
#3205 = DIRECTION ( 'NONE',  ( 0.9009688679024158153, -0.4338837391175651703, -0.000000000000000000 ) ) ;
#3206 = CIRCLE ( 'NONE', #6097, 9.046037105128458933 ) ;
#3207 = DIRECTION ( 'NONE',  ( -0.7071067811865499042, 0.000000000000000000, -0.7071067811865452413 ) ) ;
#3208 = CARTESIAN_POINT ( 'NONE',  ( 3.848021920683315944, -7.875261609230285842, 3.351299362948741756 ) ) ;
#3209 = CARTESIAN_POINT ( 'NONE',  ( 6.683716731970517522, 5.394038632959030188, -3.500000000000000000 ) ) ;
#3210 = LINE ( 'NONE', #5513, #8338 ) ;
#3211 = CIRCLE ( 'NONE', #4772, 2.450000000000000178 ) ;
#3212 = CARTESIAN_POINT ( 'NONE',  ( 0.000000000000000000, 0.000000000000000000, -3.094141646974374105 ) ) ;
#3213 = ADVANCED_FACE ( 'NONE', ( #3246 ), #3999, .T. ) ;
#3214 = VERTEX_POINT ( 'NONE', #5645 ) ;
#3215 = VERTEX_POINT ( 'NONE', #6399 ) ;
#3216 = DIRECTION ( 'NONE',  ( 1.000000000000000000, 0.000000000000000000, 0.000000000000000000 ) ) ;
#3217 = CARTESIAN_POINT ( 'NONE',  ( -8.605239869185416168, -2.015375688867059534, -3.455541280135824511 ) ) ;
#3218 = CARTESIAN_POINT ( 'NONE',  ( 3.879692025218445472, -7.941025258929164998, 3.455541280135825843 ) ) ;
#3219 = CARTESIAN_POINT ( 'NONE',  ( 6.917884363807200288, 5.580781087886396818, 3.462472406546387216 ) ) ;
#3220 = B_SPLINE_CURVE_WITH_KNOTS ( 'NONE', 3,
 ( #9381, #1811, #1858, #2765, #5820, #7919, #437 ),
 .UNSPECIFIED., .F., .F.,
 ( 4, 3, 4 ),
 ( 0.0005204849250710215066, 0.0009002598162381899270, 0.0009544278593203509757 ),
 .UNSPECIFIED. ) ;
#3221 = DIRECTION ( 'NONE',  ( 0.7818314824680352437, 0.6234898018587267110, 0.000000000000000000 ) ) ;
#3222 = EDGE_CURVE ( 'NONE', #4489, #4733, #5693, .T. ) ;
#3223 = ORIENTED_EDGE ( 'NONE', *, *, #1565, .F. ) ;
#3224 = EDGE_CURVE ( 'NONE', #8037, #9156, #8785, .T. ) ;
#3225 = CARTESIAN_POINT ( 'NONE',  ( 0.000000000000000000, 0.000000000000000000, -3.094141646974374105 ) ) ;
#3226 = EDGE_CURVE ( 'NONE', #43, #1133, #3512, .T. ) ;
#3227 = EDGE_LOOP ( 'NONE', ( #241, #8935, #2889, #5259 ) ) ;
#3228 = APPROVAL_STATUS ( 'not_yet_approved' ) ;
#3229 = FACE_OUTER_BOUND ( 'NONE', #5006, .T. ) ;
#3230 = CARTESIAN_POINT ( 'NONE',  ( -8.659027583718769350, -2.027652383711656459, 3.457544059217933619 ) ) ;
#3231 = ORIENTED_EDGE ( 'NONE', *, *, #1740, .T. ) ;
#3232 = FACE_OUTER_BOUND ( 'NONE', #7092, .T. ) ;
#3233 = EDGE_CURVE ( 'NONE', #648, #482, #4472, .T. ) ;
#3234 = CARTESIAN_POINT ( 'NONE',  ( 8.647171194634651670, -2.024946240273499676, -3.466916208273112865 ) ) ;
#3235 = VERTEX_POINT ( 'NONE', #4146 ) ;
#3236 = CIRCLE ( 'NONE', #5328, 8.896693082788692308 ) ;
#3237 = CARTESIAN_POINT ( 'NONE',  ( 8.785959443115478607, 1.954052065983967745, -3.272391413630716173 ) ) ;
#3238 = CARTESIAN_POINT ( 'NONE',  ( -9.046037105128460709, 1.107820038576375774E-15, 3.325000000000000622 ) ) ;
#3239 = ORIENTED_EDGE ( 'NONE', *, *, #3729, .F. ) ;
#3240 = CARTESIAN_POINT ( 'NONE',  ( 6.986025398574870593, 5.507216949035530718, 3.453994494324953202 ) ) ;
#3241 = ORIENTED_EDGE ( 'NONE', *, *, #7573, .F. ) ;
#3242 = EDGE_CURVE ( 'NONE', #3188, #5994, #2869, .T. ) ;
#3243 = CARTESIAN_POINT ( 'NONE',  ( -7.041194074364041100, 5.679117300646431943, 3.193750000000000089 ) ) ;
#3244 = CARTESIAN_POINT ( 'NONE',  ( -0.05000000000000003747, 8.588668239434865015, 3.094141646974374105 ) ) ;
#3245 = DIRECTION ( 'NONE',  ( -0.000000000000000000, -0.000000000000000000, 1.000000000000000000 ) ) ;
#3246 = FACE_OUTER_BOUND ( 'NONE', #2479, .T. ) ;
#3247 = AXIS2_PLACEMENT_3D ( 'NONE', #905, #3128, #7032 ) ;
#3248 = CARTESIAN_POINT ( 'NONE',  ( 9.046037105128458933, 0.000000000000000000, -2.994533293948747676 ) ) ;
#3249 = CARTESIAN_POINT ( 'NONE',  ( 3.882393204681643173, -7.946634315880475974, -3.462372291138045899 ) ) ;
#3250 = ORIENTED_EDGE ( 'NONE', *, *, #2068, .T. ) ;
#3251 = CARTESIAN_POINT ( 'NONE',  ( -6.945830820748149392, 5.475162842841518440, 3.462372291138045455 ) ) ;
#3252 = VECTOR ( 'NONE', #6141, 1000.000000000000000 ) ;
#3253 = CARTESIAN_POINT ( 'NONE',  ( -3.793483400516391324, 7.992487692262663757, -3.464362763198132633 ) ) ;
#3254 = ORIENTED_EDGE ( 'NONE', *, *, #3525, .F. ) ;
#3255 = CARTESIAN_POINT ( 'NONE',  ( 0.000000000000000000, 0.000000000000000000, -3.099533293948747659 ) ) ;
#3256 = DIRECTION ( 'NONE',  ( -0.000000000000000000, -0.000000000000000000, -1.000000000000000000 ) ) ;
#3257 = CARTESIAN_POINT ( 'NONE',  ( 0.05000000000000003053, 8.692348900455138860, 3.247602129575368757 ) ) ;
#3258 = AXIS2_PLACEMENT_3D ( 'NONE', #3022, #7583, #7768 ) ;
#3259 = CARTESIAN_POINT ( 'NONE',  ( 0.000000000000000000, 0.000000000000000000, -3.434921434499177639 ) ) ;
#3260 = EDGE_LOOP ( 'NONE', ( #2379, #9303, #1186, #9489 ) ) ;
#3261 = ORIENTED_EDGE ( 'NONE', *, *, #8313, .T. ) ;
#3262 = LINE ( 'NONE', #2414, #7200 ) ;
#3263 = CARTESIAN_POINT ( 'NONE',  ( 8.654993824190235330, -1.924160018094878133, -3.470139885832122406 ) ) ;
#3264 = CARTESIAN_POINT ( 'NONE',  ( 0.05000000000000000971, 9.045898922017695298, -3.094141646974374105 ) ) ;
#3265 = CARTESIAN_POINT ( 'NONE',  ( -6.878316301899149110, 5.549226611465233994, 3.454996609771464833 ) ) ;
#3266 = FACE_OUTER_BOUND ( 'NONE', #7513, .T. ) ;
#3267 = ORIENTED_EDGE ( 'NONE', *, *, #2863, .F. ) ;
#3268 = FACE_OUTER_BOUND ( 'NONE', #5589, .T. ) ;
#3269 = ORIENTED_EDGE ( 'NONE', *, *, #4138, .T. ) ;
#3270 = PERSON_AND_ORGANIZATION ( #5239, #8678 ) ;
#3271 = DIRECTION ( 'NONE',  ( -0.2225209339563049837, 0.9749279121818257288, 0.000000000000000000 ) ) ;
#3272 = CARTESIAN_POINT ( 'NONE',  ( -8.660878464227947049, -2.028074835109752172, 3.455073707654066517 ) ) ;
#3273 = EDGE_CURVE ( 'NONE', #9151, #3820, #4397, .T. ) ;
#3274 = ORIENTED_EDGE ( 'NONE', *, *, #1639, .T. ) ;
#3275 = CARTESIAN_POINT ( 'NONE',  ( -3.904699512512467940, -7.992953841369425660, -3.453994494324953202 ) ) ;
#3276 = EDGE_CURVE ( 'NONE', #2586, #5528, #442, .T. ) ;
#3277 = EDGE_CURVE ( 'NONE', #8234, #6440, #4788, .T. ) ;
#3278 = CARTESIAN_POINT ( 'NONE',  ( 8.662371385772228649, 2.028415584710071773, 3.452421434499180375 ) ) ;
#3279 = VERTEX_POINT ( 'NONE', #2793 ) ;
#3280 = EDGE_CURVE ( 'NONE', #3347, #2940, #453, .T. ) ;
#3281 = DIRECTION ( 'NONE',  ( 0.2225209339563181676, 0.9749279121818227312, -0.000000000000000000 ) ) ;
#3282 = CARTESIAN_POINT ( 'NONE',  ( 0.05000000000000002359, -8.881356628892445926, -3.466489319800472924 ) ) ;
#3283 = ORIENTED_EDGE ( 'NONE', *, *, #6346, .F. ) ;
#3284 = DIRECTION ( 'NONE',  ( 1.000000000000000000, 0.000000000000000000, 0.000000000000000000 ) ) ;
#3285 = VERTEX_POINT ( 'NONE', #3493 ) ;
#3286 = CARTESIAN_POINT ( 'NONE',  ( 8.651001148481837433, 2.025820402246272245, 3.464797546056691768 ) ) ;
#3287 = EDGE_CURVE ( 'NONE', #5105, #8406, #1743, .T. ) ;
#3288 = DIRECTION ( 'NONE',  ( 0.000000000000000000, 0.000000000000000000, -1.000000000000000000 ) ) ;
#3289 = LINE ( 'NONE', #6343, #2242 ) ;
#3290 = CARTESIAN_POINT ( 'NONE',  ( -8.606028464958548341, 2.015555680706390795, 3.456597352396201472 ) ) ;
#3291 = CARTESIAN_POINT ( 'NONE',  ( 3.816920499029574199, -8.041155328798719637, -3.444839032082839037 ) ) ;
#3292 = EDGE_CURVE ( 'NONE', #1731, #675, #8105, .T. ) ;
#3293 = CARTESIAN_POINT ( 'NONE',  ( 3.886875361059120682, -7.955941609501091527, -3.468127985775449673 ) ) ;
#3294 = ORIENTED_EDGE ( 'NONE', *, *, #2599, .T. ) ;
#3295 = CARTESIAN_POINT ( 'NONE',  ( 3.813532923374935546, 8.034120955469211012, -3.457544059217933619 ) ) ;
#3296 = CARTESIAN_POINT ( 'NONE',  ( -3.809799882939452598, 8.026369217130946865, -3.465025888964337497 ) ) ;
#3297 = ORIENTED_EDGE ( 'NONE', *, *, #193, .F. ) ;
#3298 = FACE_OUTER_BOUND ( 'NONE', #3982, .T. ) ;
#3299 = CARTESIAN_POINT ( 'NONE',  ( 6.770357110861750627, -5.335227228758557594, -3.143904910697430832 ) ) ;
#3300 = CARTESIAN_POINT ( 'NONE',  ( -6.900249666593143871, 5.566717886137348970, 3.469915996672630953 ) ) ;
#3301 = FACE_OUTER_BOUND ( 'NONE', #4853, .T. ) ;
#3302 = DIRECTION ( 'NONE',  ( 0.000000000000000000, 0.000000000000000000, 1.000000000000000000 ) ) ;
#3303 = EDGE_LOOP ( 'NONE', ( #7656, #2838, #8155, #6093 ) ) ;
#3304 = ORIENTED_EDGE ( 'NONE', *, *, #397, .T. ) ;
#3305 = CARTESIAN_POINT ( 'NONE',  ( 7.119485258517226356, -5.741552436592602504, 3.094141646974374105 ) ) ;
#3306 = B_SPLINE_CURVE_WITH_KNOTS ( 'NONE', 3,
 ( #4547, #8305, #3792, #7602, #8502, #4591, #3846, #3136, #5393, #1542, #724, #2284, #826, #6372, #237, #6899, #5448, #7121, #3311, #4827, #6845, #3750, #6800, #9909, #9255 ),
 .UNSPECIFIED., .F., .F.,
 ( 4, 3, 3, 3, 3, 3, 3, 3, 4 ),
 ( 0.0001509499138714759923, 0.0001527764003826877811, 0.0001645282963311849533, 0.0001762803579144524833, 0.0001880325997012810980, 0.0001997849575937758911, 0.0002115373162334736835, 0.0002188290956692552614, 0.0002208042975641528246 ),
 .UNSPECIFIED. ) ;
#3307 = DIRECTION ( 'NONE',  ( 0.4338837391175526248, -0.9009688679024216995, 0.000000000000000000 ) ) ;
#3308 = LINE ( 'NONE', #9434, #7801 ) ;
#3309 = FACE_OUTER_BOUND ( 'NONE', #4611, .T. ) ;
#3310 = DIRECTION ( 'NONE',  ( -0.000000000000000000, -0.000000000000000000, 1.000000000000000000 ) ) ;
#3311 = CARTESIAN_POINT ( 'NONE',  ( -6.883263353692853137, 5.553171753624137175, -3.461862008941932967 ) ) ;
#3312 = ORIENTED_EDGE ( 'NONE', *, *, #3851, .T. ) ;
#3313 = CIRCLE ( 'NONE', #2510, 4.000000000000000000 ) ;
#3314 = AXIS2_PLACEMENT_3D ( 'NONE', #7496, #5197, #5346 ) ;
#3315 = CARTESIAN_POINT ( 'NONE',  ( -7.119485258517184612, 5.741552436592656683, -3.500000000000000444 ) ) ;
#3316 = VERTEX_POINT ( 'NONE', #6554 ) ;
#3317 = AXIS2_PLACEMENT_3D ( 'NONE', #7560, #9770, #3756 ) ;
#3318 = CARTESIAN_POINT ( 'NONE',  ( 0.000000000000000000, 0.000000000000000000, 3.434921434499177639 ) ) ;
#3319 = CARTESIAN_POINT ( 'NONE',  ( -3.820719386415976970, -8.049043799739470373, 3.429674227117770702 ) ) ;
#3320 = CARTESIAN_POINT ( 'NONE',  ( -6.970196991303178713, 5.622499016217120449, -3.351032822740167560 ) ) ;
#3321 = ORIENTED_EDGE ( 'NONE', *, *, #4583, .F. ) ;
#3322 = CARTESIAN_POINT ( 'NONE',  ( -3.880042983354477837, -7.941754031007651982, -3.456597352396201472 ) ) ;
#3323 = VECTOR ( 'NONE', #6973, 1000.000000000000000 ) ;
#3324 = AXIS2_PLACEMENT_3D ( 'NONE', #8320, #9067, #9124 ) ;
#3326 = B_SPLINE_CURVE_WITH_KNOTS ( 'NONE', 3,
 ( #5383, #1670, #4774, #9339, #8438, #954, #6932 ),
 .UNSPECIFIED., .F., .F.,
 ( 4, 3, 4 ),
 ( 0.001199429903413613569, 0.001225696219576499638, 0.001498119107920983578 ),
 .UNSPECIFIED. ) ;
#3325 = CARTESIAN_POINT ( 'NONE',  ( 8.662071568797259147, -2.028347153442087158, -3.452954079042413582 ) ) ;
#3327 = VECTOR ( 'NONE', #5224, 1000.000000000000000 ) ;
#3328 = APPROVAL ( #3228, 'UNSPECIFIED' ) ;
#3329 = ORIENTED_EDGE ( 'NONE', *, *, #2880, .F. ) ;
#3330 = VECTOR ( 'NONE', #3207, 1000.000000000000114 ) ;
#3331 = EDGE_CURVE ( 'NONE', #895, #3647, #4293, .T. ) ;
#3332 = CIRCLE ( 'NONE', #7811, 9.046037105128460709 ) ;
#3333 = CARTESIAN_POINT ( 'NONE',  ( -3.969976846764321721, 8.128503622655038896, 3.500000000000000444 ) ) ;
#3334 = CARTESIAN_POINT ( 'NONE',  ( -3.803524205968503491, -8.013337639622369224, 3.469713030103804385 ) ) ;
#3335 = CIRCLE ( 'NONE', #7174, 5.378237760728125316 ) ;
#3336 = VERTEX_POINT ( 'NONE', #6696 ) ;
#3337 = CARTESIAN_POINT ( 'NONE',  ( 7.103651090456297723, -5.601020308159927019, 3.500000000000000444 ) ) ;
#3338 = ORIENTED_EDGE ( 'NONE', *, *, #8270, .T. ) ;
#3339 = LINE ( 'NONE', #6395, #749 ) ;
#3340 = CARTESIAN_POINT ( 'NONE',  ( 0.000000000000000000, 0.000000000000000000, 2.758752104430781671 ) ) ;
#3341 = CARTESIAN_POINT ( 'NONE',  ( -8.384458441792366656, 1.862412082470977337, -3.500000000000000000 ) ) ;
#3342 = DIRECTION ( 'NONE',  ( 0.000000000000000000, 0.000000000000000000, 1.000000000000000000 ) ) ;
#3343 = CIRCLE ( 'NONE', #6868, 2.450000000000000178 ) ;
#3344 = CARTESIAN_POINT ( 'NONE',  ( 0.000000000000000000, 0.000000000000000000, -3.325000000000001066 ) ) ;
#3345 = AXIS2_PLACEMENT_3D ( 'NONE', #2202, #740, #3809 ) ;
#3346 = EDGE_CURVE ( 'NONE', #2904, #1215, #1420, .T. ) ;
#3347 = VERTEX_POINT ( 'NONE', #2992 ) ;
#3348 = ORIENTED_EDGE ( 'NONE', *, *, #9010, .F. ) ;
#3349 = AXIS2_PLACEMENT_3D ( 'NONE', #3004, #9172, #6859 ) ;
#3350 = CARTESIAN_POINT ( 'NONE',  ( -0.05000000000000002359, -8.880961487660952614, 3.466916208273112865 ) ) ;
#3351 = ADVANCED_FACE ( 'NONE', ( #8503 ), #2551, .T. ) ;
#3352 = ORIENTED_EDGE ( 'NONE', *, *, #2550, .F. ) ;
#3353 = CARTESIAN_POINT ( 'NONE',  ( 8.627491962581034457, 1.917882897648933938, -3.455541280135826288 ) ) ;
#3354 = CARTESIAN_POINT ( 'NONE',  ( -8.684623479167871807, -1.930922793491831380, 3.452421434499180375 ) ) ;
#3355 = DIRECTION ( 'NONE',  ( -0.000000000000000000, -0.000000000000000000, -1.000000000000000000 ) ) ;
#3356 = ORIENTED_EDGE ( 'NONE', *, *, #8546, .F. ) ;
#3357 = VECTOR ( 'NONE', #3702, 1000.000000000000000 ) ;
#3358 = CYLINDRICAL_SURFACE ( 'NONE', #9737, 9.046037105128458933 ) ;
#3359 = CARTESIAN_POINT ( 'NONE',  ( 0.000000000000000000, 0.000000000000000000, 3.099533293948747659 ) ) ;
#3360 = CARTESIAN_POINT ( 'NONE',  ( -6.881787768946260542, 5.551995014055688848, 3.460296783607140103 ) ) ;
#3361 = EDGE_CURVE ( 'NONE', #113, #6792, #5999, .T. ) ;
#3362 = CARTESIAN_POINT ( 'NONE',  ( 0.000000000000000000, 0.000000000000000000, -3.434921434499177639 ) ) ;
#3363 = B_SPLINE_CURVE_WITH_KNOTS ( 'NONE', 3,
 ( #2637, #2534, #319, #5691, #6397, #1889, #4950, #7251, #369, #1735, #4242, #7297, #414, #3491, #4799, #7851, #977, #4045, #7098, #214, #6342, #2031 ),
 .UNSPECIFIED., .F., .F.,
 ( 4, 3, 3, 3, 3, 3, 3, 4 ),
 ( 0.0002168574548798296727, 0.0002188290334246840291, 0.0002305812013871233880, 0.0002423333607551956669, 0.0002540856419916145774, 0.0002658380091482346447, 0.0002775903405257858225, 0.0002867718163053185974 ),
 .UNSPECIFIED. ) ;
#3364 = AXIS2_PLACEMENT_3D ( 'NONE', #7049, #9211, #6199 ) ;
#3365 = CARTESIAN_POINT ( 'NONE',  ( -8.830225396548316397, 1.964155480992796354, -3.193750000000000089 ) ) ;
#3366 = AXIS2_PLACEMENT_3D ( 'NONE', #4896, #3998, #4091 ) ;
#3367 = ORIENTED_EDGE ( 'NONE', *, *, #9183, .F. ) ;
#3368 = VERTEX_POINT ( 'NONE', #6945 ) ;
#3369 = CARTESIAN_POINT ( 'NONE',  ( 0.05000000000000000971, 9.045898922017695298, -3.500000000000000000 ) ) ;
#3370 = FACE_OUTER_BOUND ( 'NONE', #158, .T. ) ;
#3371 = CARTESIAN_POINT ( 'NONE',  ( -5.686989865158905921, 6.964553935150292221E-16, 3.376256313292342437 ) ) ;
#3372 = CARTESIAN_POINT ( 'NONE',  ( 3.726420399248701720, -7.853229935211805568, 3.247602129575368757 ) ) ;
#3373 = FACE_OUTER_BOUND ( 'NONE', #7584, .T. ) ;
#3374 = EDGE_CURVE ( 'NONE', #8481, #1217, #5007, .T. ) ;
#3375 = VECTOR ( 'NONE', #1140, 1000.000000000000000 ) ;
#3376 = CARTESIAN_POINT ( 'NONE',  ( 6.942783102063867062, 5.472732368293842242, -3.458522467003439349 ) ) ;
#3377 = VERTEX_POINT ( 'NONE', #2285 ) ;
#3378 = FACE_OUTER_BOUND ( 'NONE', #1389, .T. ) ;
#3379 = ORIENTED_EDGE ( 'NONE', *, *, #338, .F. ) ;
#3380 = ADVANCED_FACE ( 'NONE', ( #7742 ), #6082, .F. ) ;
#3381 = CARTESIAN_POINT ( 'NONE',  ( 0.000000000000000000, 0.000000000000000000, 3.376256313292342437 ) ) ;
#3382 = CARTESIAN_POINT ( 'NONE',  ( -0.05000000000000000971, -9.045898922017695298, 3.193750000000000089 ) ) ;
#3383 = LINE ( 'NONE', #6584, #5252 ) ;
#3384 = EDGE_LOOP ( 'NONE', ( #9072, #4557, #1972, #1512 ) ) ;
#3385 = CARTESIAN_POINT ( 'NONE',  ( 8.414749320523791098, 1.869325777874848660, -3.143904910697431276 ) ) ;
#3386 = CARTESIAN_POINT ( 'NONE',  ( -8.675915474055440058, -1.928935248149962645, -3.462633071500297088 ) ) ;
#3387 = ORIENTED_EDGE ( 'NONE', *, *, #9010, .T. ) ;
#3388 = DIRECTION ( 'NONE',  ( 1.000000000000000000, 2.664535259100375697E-15, 0.000000000000000000 ) ) ;
#3389 = DIRECTION ( 'NONE',  ( 0.9009688679024248081, 0.4338837391175462965, 0.000000000000000000 ) ) ;
#3390 = ORIENTED_EDGE ( 'NONE', *, *, #257, .F. ) ;
#3391 = CARTESIAN_POINT ( 'NONE',  ( 6.965660928076285785, 5.490976825734227518, 3.469985047562924141 ) ) ;
#3392 = ORIENTED_EDGE ( 'NONE', *, *, #6958, .F. ) ;
#3393 = CARTESIAN_POINT ( 'NONE',  ( 0.05000000000000001665, 8.900930351248694805, 3.444839032082839037 ) ) ;
#3394 = CARTESIAN_POINT ( 'NONE',  ( 0.05000000000000003053, -8.764959675655999760, 3.351299362948741312 ) ) ;
#3395 = DIRECTION ( 'NONE',  ( -0.7818314824680352437, -0.6234898018587267110, 0.000000000000000000 ) ) ;
#3396 = CARTESIAN_POINT ( 'NONE',  ( -0.05000000000000004441, -8.599024861565366606, 3.114323832567764683 ) ) ;
#3397 = CARTESIAN_POINT ( 'NONE',  ( -8.741693482047987018, 1.943948649232828618, -3.351032822740168449 ) ) ;
#3398 = EDGE_LOOP ( 'NONE', ( #6361, #8609, #7456, #9898 ) ) ;
#3399 = CARTESIAN_POINT ( 'NONE',  ( -0.05000000000000002359, -8.843897948390175401, 3.461862008941932967 ) ) ;
#3400 = VERTEX_POINT ( 'NONE', #2183 ) ;
#3401 = CARTESIAN_POINT ( 'NONE',  ( 3.803524205968448868, 8.013337639622395869, -3.469713030103804385 ) ) ;
#3402 = CARTESIAN_POINT ( 'NONE',  ( -8.628280558354221697, -1.918062889488035383, 3.456597352396201472 ) ) ;
#3403 = CARTESIAN_POINT ( 'NONE',  ( 0.05000000000000002359, 8.837570431649497849, -3.454996609771464833 ) ) ;
#3404 = ADVANCED_FACE ( 'NONE', ( #8451 ), #4650, .T. ) ;
#3405 = ORIENTED_EDGE ( 'NONE', *, *, #397, .F. ) ;
#3406 = CIRCLE ( 'NONE', #6601, 9.046037105128458933 ) ;
#3407 = PLANE ( 'NONE',  #8456 ) ;
#3408 = CARTESIAN_POINT ( 'NONE',  ( 8.463287518778887630, 1.982975991212485800, 3.247602129575368757 ) ) ;
#3409 = CARTESIAN_POINT ( 'NONE',  ( -6.903311947890332867, 5.569159973981128609, 3.469985047562923697 ) ) ;
#3410 = EDGE_CURVE ( 'NONE', #1982, #3827, #3680, .T. ) ;
#3411 = CARTESIAN_POINT ( 'NONE',  ( 0.000000000000000000, 0.000000000000000000, -3.376256313292342437 ) ) ;
#3412 = EDGE_CURVE ( 'NONE', #9343, #4741, #6900, .T. ) ;
#3413 = VECTOR ( 'NONE', #9459, 1000.000000000000000 ) ;
#3414 = CARTESIAN_POINT ( 'NONE',  ( -7.311959341363692744, -1.668907004672287808, -3.092233167847068013E-16 ) ) ;
#3415 = VERTEX_POINT ( 'NONE', #14 ) ;
#3416 = VERTEX_POINT ( 'NONE', #6149 ) ;
#3417 = DIRECTION ( 'NONE',  ( -0.000000000000000000, -0.000000000000000000, 1.000000000000000000 ) ) ;
#3418 = EDGE_CURVE ( 'NONE', #748, #9517, #1752, .T. ) ;
#3419 = CARTESIAN_POINT ( 'NONE',  ( 8.662586789016266664, -1.925893062767693786, -3.469286171371085192 ) ) ;
#3420 = B_SPLINE_CURVE_WITH_KNOTS ( 'NONE', 3,
 ( #3866, #1558, #4085, #3012, #2303, #3810, #6070, #4793, #8419, #4613, #695, #6818, #164, #4040, #7673, #3282, #7048, #9877, #6867, #252, #5588, #1729 ),
 .UNSPECIFIED., .F., .F.,
 ( 4, 3, 3, 3, 3, 3, 3, 4 ),
 ( 0.0002168574548798304588, 0.0002188290334246854115, 0.0002305812013871250956, 0.0002423333607551973203, 0.0002540856419916164748, 0.0002658380091482357831, 0.0002775903405257877199, 0.0002867718163053204405 ),
 .UNSPECIFIED. ) ;
#3421 = CARTESIAN_POINT ( 'NONE',  ( -7.103543054550032210, -5.600934152399481114, 3.193750000000000089 ) ) ;
#3422 = CARTESIAN_POINT ( 'NONE',  ( 3.681435046371045683, -7.759816887428994114, 3.099533293948748103 ) ) ;
#3423 = DIRECTION ( 'NONE',  ( 0.7818314824680309139, 0.6234898018587322621, 0.000000000000000000 ) ) ;
#3424 = AXIS2_PLACEMENT_3D ( 'NONE', #8730, #4830, #7928 ) ;
#3425 = CARTESIAN_POINT ( 'NONE',  ( 7.032545971489132519, 5.544315867970217582, -3.351032822740167560 ) ) ;
#3426 = ORIENTED_EDGE ( 'NONE', *, *, #5060, .T. ) ;
#3427 = CARTESIAN_POINT ( 'NONE',  ( 0.000000000000000000, 0.000000000000000000, 2.994533293948747676 ) ) ;
#3428 = VERTEX_POINT ( 'NONE', #6753 ) ;
#3429 = EDGE_CURVE ( 'NONE', #1273, #4515, #5834, .T. ) ;
#3430 = FACE_OUTER_BOUND ( 'NONE', #6404, .T. ) ;
#3431 = CARTESIAN_POINT ( 'NONE',  ( -0.05000000000000000971, -9.000494587112768841, 3.272391413630715729 ) ) ;
#3432 = CARTESIAN_POINT ( 'NONE',  ( 0.000000000000000000, 0.000000000000000000, 3.099533293948747659 ) ) ;
#3433 = ORIENTED_EDGE ( 'NONE', *, *, #3593, .F. ) ;
#3434 = CARTESIAN_POINT ( 'NONE',  ( 0.05000000000000001665, -8.896552580035715252, -3.452421434499180375 ) ) ;
#3435 = LINE ( 'NONE', #1981, #5282 ) ;
#3436 = ORIENTED_EDGE ( 'NONE', *, *, #4877, .T. ) ;
#3437 = CARTESIAN_POINT ( 'NONE',  ( 3.815021055286742069, 8.037211093225000269, 3.452421434499180375 ) ) ;
#3438 = LINE ( 'NONE', #9604, #3956 ) ;
#3439 = VERTEX_POINT ( 'NONE', #1017 ) ;
#3440 = CARTESIAN_POINT ( 'NONE',  ( 0.000000000000000000, 0.000000000000000000, 3.193750000000000533 ) ) ;
#3441 = ORIENTED_EDGE ( 'NONE', *, *, #9543, .F. ) ;
#3442 = DIRECTION ( 'NONE',  ( -0.1736481776669425992, 0.000000000000000000, 0.9848077530122059109 ) ) ;
#3443 = CARTESIAN_POINT ( 'NONE',  ( -9.046037105128458933, 0.000000000000000000, 3.193750000000000533 ) ) ;
#3444 = DIRECTION ( 'NONE',  ( -0.9749279121818242855, -0.2225209339563113675, -0.000000000000000000 ) ) ;
#3445 = CARTESIAN_POINT ( 'NONE',  ( -6.746065712156315008, 5.315855484712322720, 3.094141646974374105 ) ) ;
#3446 = ORIENTED_EDGE ( 'NONE', *, *, #3947, .T. ) ;
#3447 = ORIENTED_EDGE ( 'NONE', *, *, #3784, .F. ) ;
#3448 = CARTESIAN_POINT ( 'NONE',  ( 8.627879084050931624, 1.917971255598233338, -3.456075294419946431 ) ) ;
#3449 = CARTESIAN_POINT ( 'NONE',  ( -8.737285000697680104, 1.070008810934259432E-15, -2.450000000000000178 ) ) ;
#3450 = DIRECTION ( 'NONE',  ( 1.000000000000000000, 2.664535259100375697E-15, 0.000000000000000000 ) ) ;
#3451 = EDGE_LOOP ( 'NONE', ( #9525, #4073, #7081, #3379, #7105, #406 ) ) ;
#3452 = DIRECTION ( 'NONE',  ( 0.000000000000000000, 0.000000000000000000, -1.000000000000000000 ) ) ;
#3453 = CARTESIAN_POINT ( 'NONE',  ( 6.762259978290607876, -5.328769981006818313, -3.129114371485063106 ) ) ;
#3454 = DIRECTION ( 'NONE',  ( -0.000000000000000000, -0.000000000000000000, 1.000000000000000000 ) ) ;
#3455 = CARTESIAN_POINT ( 'NONE',  ( -0.05000000000000002359, -8.895923368718410273, -3.453478796700601539 ) ) ;
#3456 = ADVANCED_FACE ( 'NONE', ( #9354 ), #4480, .T. ) ;
#3457 = DIRECTION ( 'NONE',  ( 0.000000000000000000, 0.000000000000000000, 1.000000000000000000 ) ) ;
#3458 = ORIENTED_EDGE ( 'NONE', *, *, #5676, .T. ) ;
#3459 = ORIENTED_EDGE ( 'NONE', *, *, #4935, .F. ) ;
#3460 = DIRECTION ( 'NONE',  ( 1.000000000000000000, 0.000000000000000000, 0.000000000000000000 ) ) ;
#3461 = CARTESIAN_POINT ( 'NONE',  ( 8.633561457740803746, -1.919268220312056572, -3.462372291138045899 ) ) ;
#3462 = EDGE_CURVE ( 'NONE', #887, #9028, #811, .T. ) ;
#3463 = CARTESIAN_POINT ( 'NONE',  ( 0.05000000000000003747, -8.588668239434865015, 3.094141646974374105 ) ) ;
#3464 = DIRECTION ( 'NONE',  ( 0.000000000000000000, 0.000000000000000000, 1.000000000000000000 ) ) ;
#3465 = CARTESIAN_POINT ( 'NONE',  ( 0.000000000000000000, 5.378237760728125316, 2.758752104430781671 ) ) ;
#3466 = CARTESIAN_POINT ( 'NONE',  ( -6.912549729401357368, -5.576526858908242623, -3.466489319800472924 ) ) ;
#3467 = ORIENTED_EDGE ( 'NONE', *, *, #8671, .T. ) ;
#3468 = DIRECTION ( 'NONE',  ( 0.9749279121818243965, 0.2225209339563113953, 0.000000000000000000 ) ) ;
#3469 = AXIS2_PLACEMENT_3D ( 'NONE', #2418, #1711, #5478 ) ;
#3470 = ORIENTED_EDGE ( 'NONE', *, *, #269, .T. ) ;
#3471 = FACE_OUTER_BOUND ( 'NONE', #5679, .T. ) ;
#3472 = EDGE_CURVE ( 'NONE', #7777, #3439, #1599, .T. ) ;
#3473 = DIRECTION ( 'NONE',  ( -0.000000000000000000, -0.000000000000000000, -1.000000000000000000 ) ) ;
#3474 = CARTESIAN_POINT ( 'NONE',  ( -4.524999999999999467, 0.000000000000000000, -3.500000000000000888 ) ) ;
#3475 = EDGE_LOOP ( 'NONE', ( #634, #7301, #6444, #6057 ) ) ;
#3476 = DIRECTION ( 'NONE',  ( -0.000000000000000000, -0.000000000000000000, 1.000000000000000000 ) ) ;
#3477 = ADVANCED_FACE ( 'NONE', ( #9450 ), #7360, .F. ) ;
#3478 = DIRECTION ( 'NONE',  ( 0.000000000000000000, 0.000000000000000000, 1.000000000000000000 ) ) ;
#3479 = EDGE_CURVE ( 'NONE', #8905, #6347, #5361, .T. ) ;
#3480 = AXIS2_PLACEMENT_3D ( 'NONE', #4995, #1132, #3389 ) ;
#3481 = ORIENTED_EDGE ( 'NONE', *, *, #6784, .F. ) ;
#3482 = FACE_OUTER_BOUND ( 'NONE', #8867, .T. ) ;
#3483 = CARTESIAN_POINT ( 'NONE',  ( 0.000000000000000000, 0.000000000000000000, -3.434921434499177639 ) ) ;
#3484 = TOROIDAL_SURFACE ( 'NONE', #8925, 7.500000000000000000, 2.450000000000001066 ) ;
#3485 = CIRCLE ( 'NONE', #5095, 9.046037105128458933 ) ;
#3486 = ORIENTED_EDGE ( 'NONE', *, *, #696, .F. ) ;
#3487 = AXIS2_PLACEMENT_3D ( 'NONE', #3255, #3868, #2495 ) ;
#3488 = CARTESIAN_POINT ( 'NONE',  ( 0.000000000000000000, 0.000000000000000000, -3.099533293948747659 ) ) ;
#3489 = EDGE_LOOP ( 'NONE', ( #4584, #9266 ) ) ;
#3490 = CONICAL_SURFACE ( 'NONE', #5885, 9.046037105128458933, 0.5235987755983011471 ) ;
#3491 = CARTESIAN_POINT ( 'NONE',  ( -3.895310692329201796, 7.973457755370732869, -3.469286171371085192 ) ) ;
#3492 = DIRECTION ( 'NONE',  ( 0.7071067811865434649, 8.659560562354883554E-17, -0.7071067811865516806 ) ) ;
#3493 = CARTESIAN_POINT ( 'NONE',  ( -7.041194074364160116, -5.679117300646283617, -3.193750000000000089 ) ) ;
#3494 = EDGE_CURVE ( 'NONE', #3215, #5982, #7994, .T. ) ;
#3495 = DIRECTION ( 'NONE',  ( -0.000000000000000000, -0.000000000000000000, 1.000000000000000000 ) ) ;
#3496 = AXIS2_PLACEMENT_3D ( 'NONE', #6442, #5240, #6796 ) ;
#3497 = EDGE_LOOP ( 'NONE', ( #9250, #2166 ) ) ;
#3498 = VECTOR ( 'NONE', #1616, 1000.000000000000000 ) ;
#3499 = ORIENTED_EDGE ( 'NONE', *, *, #4940, .F. ) ;
#3500 = CIRCLE ( 'NONE', #440, 2.450000000000000622 ) ;
#3501 = AXIS2_PLACEMENT_3D ( 'NONE', #4968, #3454, #9566 ) ;
#3502 = ORIENTED_EDGE ( 'NONE', *, *, #9789, .T. ) ;
#3503 = CARTESIAN_POINT ( 'NONE',  ( 3.795166392148641599, 7.995982460396998448, -3.466570807216844852 ) ) ;
#3504 = CARTESIAN_POINT ( 'NONE',  ( -8.675915474055440058, -1.928935248149962645, 3.462633071500297088 ) ) ;
#3505 = DIRECTION ( 'NONE',  ( -0.000000000000000000, -0.000000000000000000, 1.000000000000000000 ) ) ;
#3506 = ORIENTED_EDGE ( 'NONE', *, *, #7080, .T. ) ;
#3507 = AXIS2_PLACEMENT_3D ( 'NONE', #8699, #2682, #6297 ) ;
#3508 = CARTESIAN_POINT ( 'NONE',  ( -6.940665282085137555, -5.471043463218286718, 3.454996609771464833 ) ) ;
#3509 = CARTESIAN_POINT ( 'NONE',  ( -5.254494074020480632, 0.000000000000000000, 3.500000000000000000 ) ) ;
#3510 = DIRECTION ( 'NONE',  ( -1.000000000000000000, 0.000000000000000000, 0.000000000000000000 ) ) ;
#3511 = DIRECTION ( 'NONE',  ( -0.000000000000000000, -0.000000000000000000, 1.000000000000000000 ) ) ;
#3512 = CIRCLE ( 'NONE', #9115, 4.524999999999999467 ) ;
#3513 = B_SPLINE_CURVE_WITH_KNOTS ( 'NONE', 3,
 ( #5578, #1826, #7126, #3319, #1776, #4031, #8580 ),
 .UNSPECIFIED., .F., .F.,
 ( 4, 3, 4 ),
 ( 0.0009532733312319689690, 0.001225696219576461908, 0.001251962535739348627 ),
 .UNSPECIFIED. ) ;
#3514 = CARTESIAN_POINT ( 'NONE',  ( -3.969916891359540401, 8.128379123974170284, 3.500000000000000000 ) ) ;
#3515 = ORIENTED_EDGE ( 'NONE', *, *, #884, .F. ) ;
#3516 = ORIENTED_EDGE ( 'NONE', *, *, #161, .F. ) ;
#3517 = CARTESIAN_POINT ( 'NONE',  ( 7.181834238703138418, 5.663369288345752040, -3.500000000000000444 ) ) ;
#3518 = CARTESIAN_POINT ( 'NONE',  ( -9.498018552564230887, 1.170748917356056689E-15, -3.325000000000001066 ) ) ;
#3519 = DIRECTION ( 'NONE',  ( -1.000000000000000000, 0.000000000000000000, 0.000000000000000000 ) ) ;
#3520 = DIRECTION ( 'NONE',  ( -1.000000000000000000, 0.000000000000000000, 0.000000000000000000 ) ) ;
#3521 = DIRECTION ( 'NONE',  ( -0.000000000000000000, -0.000000000000000000, 1.000000000000000000 ) ) ;
#3522 = DIRECTION ( 'NONE',  ( -0.6234898018587372581, -0.7818314824680268060, -0.000000000000000000 ) ) ;
#3523 = AXIS2_PLACEMENT_3D ( 'NONE', #5456, #9264, #6854 ) ;
#3524 = CONICAL_SURFACE ( 'NONE', #9136, 10.47500000000000497, 0.7853981633974418397 ) ;
#3525 = EDGE_CURVE ( 'NONE', #1273, #1353, #8948, .T. ) ;
#3526 = ORIENTED_EDGE ( 'NONE', *, *, #4577, .T. ) ;
#3527 = CARTESIAN_POINT ( 'NONE',  ( -7.500000000000000000, 9.184850993605147944E-16, -7.960204194457796463E-16 ) ) ;
#3528 = ORIENTED_EDGE ( 'NONE', *, *, #2733, .F. ) ;
#3529 = FACE_OUTER_BOUND ( 'NONE', #7549, .T. ) ;
#3530 = CONICAL_SURFACE ( 'NONE', #7374, 8.869223585189136116, 0.6108652381980126389 ) ;
#3531 = CARTESIAN_POINT ( 'NONE',  ( -11.00000000000000000, 1.347111479062088405E-15, 3.500000000000000000 ) ) ;
#3532 = CARTESIAN_POINT ( 'NONE',  ( -7.041194074364041100, 5.679117300646431943, -3.193750000000000089 ) ) ;
#3533 = VECTOR ( 'NONE', #80, 1000.000000000000114 ) ;
#3534 = ORIENTED_EDGE ( 'NONE', *, *, #6705, .F. ) ;
#3535 = EDGE_CURVE ( 'NONE', #7291, #8786, #3044, .T. ) ;
#3536 = CARTESIAN_POINT ( 'NONE',  ( 0.000000000000000000, 0.000000000000000000, 1.225000000000002087 ) ) ;
#3537 = ADVANCED_FACE ( 'NONE', ( #1328 ), #1225, .T. ) ;
#3538 = EDGE_CURVE ( 'NONE', #8582, #8107, #3631, .T. ) ;
#3539 = ORIENTED_EDGE ( 'NONE', *, *, #958, .F. ) ;
#3540 = FACE_OUTER_BOUND ( 'NONE', #3384, .T. ) ;
#3541 = LINE ( 'NONE', #9699, #5094 ) ;
#3542 = DIRECTION ( 'NONE',  ( 1.000000000000000000, 0.000000000000000000, 0.000000000000000000 ) ) ;
#3543 = EDGE_CURVE ( 'NONE', #8406, #3279, #3435, .T. ) ;
#3544 = ORIENTED_EDGE ( 'NONE', *, *, #7355, .T. ) ;
#3545 = CARTESIAN_POINT ( 'NONE',  ( -10.47500000000000497, 0.000000000000000000, 3.500000000000000444 ) ) ;
#3546 = CARTESIAN_POINT ( 'NONE',  ( -6.754162845390077941, -5.322312732992252826, -3.114323832567765127 ) ) ;
#3547 = PLANE ( 'NONE',  #3093 ) ;
#3548 = CARTESIAN_POINT ( 'NONE',  ( -3.905117942077038773, -7.993822719313215863, 3.452421434499180375 ) ) ;
#3549 = CARTESIAN_POINT ( 'NONE',  ( 3.789595138428261567, 7.984413632840895225, 3.455541280135826288 ) ) ;
#3550 = CARTESIAN_POINT ( 'NONE',  ( 6.754162845390041525, 5.322312732992298123, -3.114323832567764683 ) ) ;
#3551 = VERTEX_POINT ( 'NONE', #5938 ) ;
#3552 = EDGE_LOOP ( 'NONE', ( #592, #3849, #4273, #1940, #6243, #6743, #4532, #986, #1931, #5516, #2830, #7917, #4647, #6307, #4595, #6514, #9895, #8772, #3441, #2804, #4749, #2773, #1974, #2561, #3367, #2089, #809, #4983, #619, #8697, #5957, #3691 ) ) ;
#3553 = ORIENTED_EDGE ( 'NONE', *, *, #8610, .F. ) ;
#3554 = CARTESIAN_POINT ( 'NONE',  ( 6.903311947890373723, -5.569159973981077094, 3.469985047562923697 ) ) ;
#3555 = ADVANCED_FACE ( 'NONE', ( #9597 ), #5787, .F. ) ;
#3556 = CARTESIAN_POINT ( 'NONE',  ( -8.662172082280136465, -1.925798408661262728, 3.469378817057676034 ) ) ;
#3557 = DIRECTION ( 'NONE',  ( 1.000000000000000000, 0.000000000000000000, 0.000000000000000000 ) ) ;
#3558 = ORIENTED_EDGE ( 'NONE', *, *, #1898, .T. ) ;
#3559 = CARTESIAN_POINT ( 'NONE',  ( -11.00000000000000000, 1.347111479062088405E-15, -2.974999999999999645 ) ) ;
#3560 = CARTESIAN_POINT ( 'NONE',  ( 3.879820004569413339, 8.171767497885872089, 3.193750000000000089 ) ) ;
#3561 = CARTESIAN_POINT ( 'NONE',  ( -3.801834618289955170, -8.009829174656479367, -3.470139885832122406 ) ) ;
#3562 = CARTESIAN_POINT ( 'NONE',  ( 0.000000000000000000, 0.000000000000000000, -3.094141646974374105 ) ) ;
#3563 = CARTESIAN_POINT ( 'NONE',  ( -6.879246888065281063, -5.549968729168548442, 3.456597352396201472 ) ) ;
#3564 = EDGE_LOOP ( 'NONE', ( #2530, #3900 ) ) ;
#3565 = EDGE_LOOP ( 'NONE', ( #7358, #6781, #8411, #6140 ) ) ;
#3566 = CARTESIAN_POINT ( 'NONE',  ( 0.000000000000000000, 0.000000000000000000, -3.376256313292342437 ) ) ;
#3567 = FACE_OUTER_BOUND ( 'NONE', #6340, .T. ) ;
#3568 = AXIS2_PLACEMENT_3D ( 'NONE', #5237, #8202, #2892 ) ;
#3569 = FACE_OUTER_BOUND ( 'NONE', #3303, .T. ) ;
#3570 = DIRECTION ( 'NONE',  ( 1.000000000000000000, 0.000000000000000000, 0.000000000000000000 ) ) ;
#3571 = LINE ( 'NONE', #6622, #5733 ) ;
#3572 = CARTESIAN_POINT ( 'NONE',  ( 6.986779382597046784, 5.507818231228858608, -3.452421434499180375 ) ) ;
#3573 = DIRECTION ( 'NONE',  ( -0.000000000000000000, -0.000000000000000000, 1.000000000000000000 ) ) ;
#3574 = VERTEX_POINT ( 'NONE', #8998 ) ;
#3575 = FACE_OUTER_BOUND ( 'NONE', #2594, .T. ) ;
#3576 = CARTESIAN_POINT ( 'NONE',  ( -0.05000000000000002359, 8.841186805934450277, 3.459673052288552153 ) ) ;
#3577 = CARTESIAN_POINT ( 'NONE',  ( 6.985582152474043127, -5.506863472065471221, -3.455073707654066073 ) ) ;
#3578 = CIRCLE ( 'NONE', #7581, 5.686989865158905921 ) ;
#3579 = VERTEX_POINT ( 'NONE', #9747 ) ;
#3580 = MANIFOLD_SOLID_BREP ( 'Revolve3[2]', #1921 ) ;
#3581 = CARTESIAN_POINT ( 'NONE',  ( -0.05000000000000003053, 8.692348900455138860, 3.247602129575368313 ) ) ;
#3583 = AXIS2_PLACEMENT_3D ( 'NONE', #4919, #1768, #7875 ) ;
#3582 = DIRECTION ( 'NONE',  ( -0.000000000000000000, -0.000000000000000000, 1.000000000000000000 ) ) ;
#3584 = ORIENTED_EDGE ( 'NONE', *, *, #9305, .F. ) ;
#3585 = AXIS2_PLACEMENT_3D ( 'NONE', #5514, #339, #384 ) ;
#3586 = CARTESIAN_POINT ( 'NONE',  ( -7.032545971489169823, -5.544315867970169620, 3.351032822740168005 ) ) ;
#3587 = ORIENTED_EDGE ( 'NONE', *, *, #9677, .F. ) ;
#3588 = CARTESIAN_POINT ( 'NONE',  ( 0.000000000000000000, 0.000000000000000000, 3.500000000000000444 ) ) ;
#3589 = ADVANCED_FACE ( 'NONE', ( #2023, #2734 ), #4185, .F. ) ;
#3590 = DIRECTION ( 'NONE',  ( -0.000000000000000000, -0.000000000000000000, 1.000000000000000000 ) ) ;
#3591 = DIRECTION ( 'NONE',  ( -0.000000000000000000, -0.000000000000000000, 1.000000000000000000 ) ) ;
#3592 = VERTEX_POINT ( 'NONE', #6487 ) ;
#3593 = EDGE_CURVE ( 'NONE', #9361, #4489, #4646, .T. ) ;
#3594 = DIRECTION ( 'NONE',  ( -0.7818314824680310249, -0.6234898018587320401, 0.000000000000000000 ) ) ;
#3595 = PLANE ( 'NONE',  #1335 ) ;
#3596 = FACE_OUTER_BOUND ( 'NONE', #2186, .T. ) ;
#3597 = CARTESIAN_POINT ( 'NONE',  ( 3.800089754647127727, 8.006205927968185421, 3.469900311146004501 ) ) ;
#3598 = CARTESIAN_POINT ( 'NONE',  ( 3.254128043381644630, -6.757266509268164079, -3.092233167847068013E-16 ) ) ;
#3600 = EDGE_CURVE ( 'NONE', #5385, #7413, #2888, .T. ) ;
#3599 = VERTEX_POINT ( 'NONE', #2674 ) ;
#3601 = ORIENTED_EDGE ( 'NONE', *, *, #9482, .T. ) ;
#3602 = EDGE_LOOP ( 'NONE', ( #3782, #9715, #5426, #8035 ) ) ;
#3603 = ADVANCED_FACE ( 'NONE', ( #9646, #1933 ), #2781, .F. ) ;
#3604 = CARTESIAN_POINT ( 'NONE',  ( 8.625100849056945407, 2.019908827917789029, 3.469014143938407457 ) ) ;
#3605 = CARTESIAN_POINT ( 'NONE',  ( 0.000000000000000000, 0.000000000000000000, -2.758752104430781227 ) ) ;
#3606 = EDGE_LOOP ( 'NONE', ( #1994, #9055, #1184, #6557 ) ) ;
#3607 = FACE_OUTER_BOUND ( 'NONE', #8804, .T. ) ;
#3608 = DIRECTION ( 'NONE',  ( 1.224646799147353207E-16, 1.000000000000000000, 0.000000000000000000 ) ) ;
#3609 = CARTESIAN_POINT ( 'NONE',  ( 0.000000000000000000, 0.000000000000000000, -3.094141646974374105 ) ) ;
#3610 = CARTESIAN_POINT ( 'NONE',  ( -0.05000000000000003747, 8.609381483269881841, -3.129114371485063106 ) ) ;
#3611 = ADVANCED_FACE ( 'NONE', ( #5086 ), #9440, .F. ) ;
#3612 = EDGE_CURVE ( 'NONE', #9380, #5722, #9652, .T. ) ;
#3613 = CARTESIAN_POINT ( 'NONE',  ( -6.912549729401357368, -5.576526858908242623, 3.466489319800472924 ) ) ;
#3614 = VERTEX_POINT ( 'NONE', #5145 ) ;
#3615 = MANIFOLD_SOLID_BREP ( 'Revolve3[1]', #3837 ) ;
#3616 = ORIENTED_EDGE ( 'NONE', *, *, #1939, .F. ) ;
#3617 = CARTESIAN_POINT ( 'NONE',  ( -6.940963463542236589, 5.471281254995616905, 3.455541280135824511 ) ) ;
#3618 = CARTESIAN_POINT ( 'NONE',  ( 9.621762239271875572, 0.000000000000000000, 3.201256313292353717 ) ) ;
#3619 = CARTESIAN_POINT ( 'NONE',  ( -8.604868042990066357, -2.015290821964363488, -3.454996609771464833 ) ) ;
#3620 = CARTESIAN_POINT ( 'NONE',  ( 6.920053267509791439, 5.582510730872260574, -3.459706444013471494 ) ) ;
#3621 = CARTESIAN_POINT ( 'NONE',  ( 7.103543054549994906, 5.600934152399529076, -3.193750000000000089 ) ) ;
#3622 = CARTESIAN_POINT ( 'NONE',  ( 0.05000000000000002359, 8.877242673692228081, -3.468147503381453944 ) ) ;
#3623 = DIRECTION ( 'NONE',  ( -0.000000000000000000, -0.000000000000000000, 1.000000000000000000 ) ) ;
#3624 = ORIENTED_EDGE ( 'NONE', *, *, #7624, .F. ) ;
#3625 = LINE ( 'NONE', #2018, #5098 ) ;
#3626 = DIRECTION ( 'NONE',  ( 0.6234898018587320401, -0.7818314824680310249, 0.000000000000000000 ) ) ;
#3627 = CARTESIAN_POINT ( 'NONE',  ( 8.614533864218010706, 2.017496982584323195, -3.464471549642479165 ) ) ;
#3628 = EDGE_LOOP ( 'NONE', ( #3274, #3707, #728, #1886, #6848, #2126 ) ) ;
#3629 = MANIFOLD_SOLID_BREP ( 'Mirror1', #4961 ) ;
#3630 = DIRECTION ( 'NONE',  ( 0.9749279121818227312, -0.2225209339563181676, 0.000000000000000000 ) ) ;
#3631 = LINE ( 'NONE', #405, #2715 ) ;
#3632 = B_SPLINE_CURVE_WITH_KNOTS ( 'NONE', 3,
 ( #2575, #6380, #1928, #4230, #8636, #7884, #1870 ),
 .UNSPECIFIED., .F., .F.,
 ( 4, 3, 4 ),
 ( 0.0008460917731560547907, 0.0009002598162382144300, 0.001280034707405372767 ),
 .UNSPECIFIED. ) ;
#3633 = ORIENTED_EDGE ( 'NONE', *, *, #7236, .F. ) ;
#3634 = DIRECTION ( 'NONE',  ( -0.000000000000000000, -0.000000000000000000, 1.000000000000000000 ) ) ;
#3635 = VERTEX_POINT ( 'NONE', #7487 ) ;
#3636 = CARTESIAN_POINT ( 'NONE',  ( 3.813676398998189665, -8.034418885670930877, -3.457279025203407574 ) ) ;
#3637 = DIRECTION ( 'NONE',  ( 1.000000000000000000, 0.000000000000000000, 0.000000000000000000 ) ) ;
#3638 = EDGE_LOOP ( 'NONE', ( #1719, #2129, #3254, #6896 ) ) ;
#3639 = ORIENTED_EDGE ( 'NONE', *, *, #1383, .T. ) ;
#3640 = CIRCLE ( 'NONE', #2360, 9.046037105128458933 ) ;
#3641 = CARTESIAN_POINT ( 'NONE',  ( -6.940665282085137555, -5.471043463218286718, 3.454996609771464833 ) ) ;
#3642 = CARTESIAN_POINT ( 'NONE',  ( 0.000000000000000000, 0.000000000000000000, -3.064533293948747517 ) ) ;
#3643 = CARTESIAN_POINT ( 'NONE',  ( 4.000000000000000000, 4.898587196589412829E-16, -2.975000000000004974 ) ) ;
#3644 = ADVANCED_FACE ( 'NONE', ( #4429 ), #3689, .T. ) ;
#3645 = DIRECTION ( 'NONE',  ( 0.000000000000000000, -0.000000000000000000, 1.000000000000000000 ) ) ;
#3646 = ORIENTED_EDGE ( 'NONE', *, *, #7031, .T. ) ;
#3647 = VERTEX_POINT ( 'NONE', #8242 ) ;
#3648 = EDGE_CURVE ( 'NONE', #3551, #1037, #9802, .T. ) ;
#3649 = VECTOR ( 'NONE', #6231, 1000.000000000000000 ) ;
#3650 = TOROIDAL_SURFACE ( 'NONE', #9728, 7.500000000000000000, 2.450000000000000178 ) ;
#3651 = AXIS2_PLACEMENT_3D ( 'NONE', #4841, #3281, #1131 ) ;
#3652 = ORIENTED_EDGE ( 'NONE', *, *, #2385, .T. ) ;
#3653 = DIRECTION ( 'NONE',  ( -0.2225209339563050670, 0.9749279121818257288, 0.000000000000000000 ) ) ;
#3654 = CARTESIAN_POINT ( 'NONE',  ( -6.982402247695585373, 5.504327582625556659, -3.459706444013471494 ) ) ;
#3655 = ORIENTED_EDGE ( 'NONE', *, *, #5071, .F. ) ;
#3656 = CARTESIAN_POINT ( 'NONE',  ( 3.790604961623199820, -7.986510552312084066, 3.458522467003439349 ) ) ;
#3657 = CARTESIAN_POINT ( 'NONE',  ( 3.757925033893131150, 7.918649983142013404, 3.351299362948742200 ) ) ;
#3658 = CARTESIAN_POINT ( 'NONE',  ( -3.800089754647182350, -8.006205927968158775, -3.469900311146004501 ) ) ;
#3659 = EDGE_CURVE ( 'NONE', #3719, #6804, #9596, .T. ) ;
#3660 = CIRCLE ( 'NONE', #762, 9.046037105128460709 ) ;
#3661 = CARTESIAN_POINT ( 'NONE',  ( -0.05000000000000002359, 8.850792249910227838, -3.466570807216844852 ) ) ;
#3662 = CONICAL_SURFACE ( 'NONE', #7655, 8.380768779485729070, 0.5235987755983008141 ) ;
#3663 = CONICAL_SURFACE ( 'NONE', #3026, 8.869223585189136116, 0.6108652381980126389 ) ;
#3664 = ADVANCED_FACE ( 'NONE', ( #5115 ), #8869, .T. ) ;
#3665 = CARTESIAN_POINT ( 'NONE',  ( -6.891558407276748177, -5.559786838116406393, 3.468127985775450117 ) ) ;
#3666 = ORIENTED_EDGE ( 'NONE', *, *, #4338, .T. ) ;
#3667 = ORIENTED_EDGE ( 'NONE', *, *, #5756, .T. ) ;
#3668 = FACE_OUTER_BOUND ( 'NONE', #8668, .T. ) ;
#3669 = CARTESIAN_POINT ( 'NONE',  ( 0.000000000000000000, 0.000000000000000000, -3.500000000000000888 ) ) ;
#3670 = CIRCLE ( 'NONE', #8300, 0.03499999999999987843 ) ;
#3671 = AXIS2_PLACEMENT_3D ( 'NONE', #6228, #5475, #8387 ) ;
#3672 = DIRECTION ( 'NONE',  ( 0.000000000000000000, 0.000000000000000000, -1.000000000000000000 ) ) ;
#3673 = EDGE_CURVE ( 'NONE', #4489, #6133, #5438, .T. ) ;
#3674 = AXIS2_PLACEMENT_3D ( 'NONE', #9872, #7565, #793 ) ;
#3675 = CARTESIAN_POINT ( 'NONE',  ( 6.891558407276709985, 5.559786838116454355, -3.468127985775450117 ) ) ;
#3676 = DIRECTION ( 'NONE',  ( 0.000000000000000000, 0.000000000000000000, 1.000000000000000000 ) ) ;
#3677 = CARTESIAN_POINT ( 'NONE',  ( 0.000000000000000000, 0.000000000000000000, 3.500000000000000444 ) ) ;
#3678 = DIRECTION ( 'NONE',  ( 1.000000000000000000, 0.000000000000000000, 0.000000000000000000 ) ) ;
#3679 = EDGE_CURVE ( 'NONE', #5742, #1215, #6074, .T. ) ;
#3680 = CIRCLE ( 'NONE', #8966, 8.737285000697680104 ) ;
#3681 = ORIENTED_EDGE ( 'NONE', *, *, #1941, .F. ) ;
#3682 = CARTESIAN_POINT ( 'NONE',  ( -8.534077790247341255, 1.999133408725588312, 3.351299362948740868 ) ) ;
#3683 = FACE_OUTER_BOUND ( 'NONE', #6689, .T. ) ;
#3684 = FACE_OUTER_BOUND ( 'NONE', #9027, .T. ) ;
#3685 = EDGE_CURVE ( 'NONE', #4538, #4454, #5117, .T. ) ;
#3686 = ORIENTED_EDGE ( 'NONE', *, *, #9656, .T. ) ;
#3687 = LINE ( 'NONE', #8193, #3963 ) ;
#3688 = AXIS2_PLACEMENT_3D ( 'NONE', #8380, #2264, #601 ) ;
#3689 = PLANE ( 'NONE',  #3990 ) ;
#3690 = ADVANCED_FACE ( 'NONE', ( #7564 ), #4956, .F. ) ;
#3691 = ORIENTED_EDGE ( 'NONE', *, *, #8003, .F. ) ;
#3692 = CARTESIAN_POINT ( 'NONE',  ( 7.041194074364121036, 5.679117300646331579, -3.500000000000000000 ) ) ;
#3693 = ORIENTED_EDGE ( 'NONE', *, *, #8194, .T. ) ;
#3694 = CARTESIAN_POINT ( 'NONE',  ( 0.000000000000000000, 0.000000000000000000, 0.000000000000000000 ) ) ;
#3695 = CIRCLE ( 'NONE', #2569, 8.896693082788692308 ) ;
#3696 = CARTESIAN_POINT ( 'NONE',  ( 3.803301197213271312, -8.012874557170789558, -3.469985047562924141 ) ) ;
#3697 = CARTESIAN_POINT ( 'NONE',  ( -3.808256333830139173, 8.023164004378799063, 3.466916208273112865 ) ) ;
#3698 = ORIENTED_EDGE ( 'NONE', *, *, #7626, .F. ) ;
#3699 = B_SPLINE_CURVE_WITH_KNOTS ( 'NONE', 3,
 ( #643, #5813, #1399, #9826, #9626, #9069, #2046, #7422, #2852, #3715, #3658, #3561, #5118, #1308, #2911, #2002, #5064, #2150, #4361, #2962, #540, #5910 ),
 .UNSPECIFIED., .F., .F.,
 ( 4, 3, 3, 3, 3, 3, 3, 4 ),
 ( 0.0002168574548798324103, 0.0002188290334246883388, 0.0002305812013871276977, 0.0002423333607552001392, 0.0002540856419916191311, 0.0002658380091482377347, 0.0002775903405257904846, 0.0002867718163053230426 ),
 .UNSPECIFIED. ) ;
#3700 = DIRECTION ( 'NONE',  ( -0.000000000000000000, -0.000000000000000000, -1.000000000000000000 ) ) ;
#3701 = DIRECTION ( 'NONE',  ( -0.000000000000000000, -0.000000000000000000, 1.000000000000000000 ) ) ;
#3702 = DIRECTION ( 'NONE',  ( -0.000000000000000000, -0.000000000000000000, 1.000000000000000000 ) ) ;
#3703 = CARTESIAN_POINT ( 'NONE',  ( -5.686989865158905921, 6.964553935150292221E-16, 3.500000000000000000 ) ) ;
#3704 = VECTOR ( 'NONE', #1947, 1000.000000000000000 ) ;
#3705 = MANIFOLD_SOLID_BREP ( 'CirPattern1[6]', #1114 ) ;
#3706 = ORIENTED_EDGE ( 'NONE', *, *, #935, .F. ) ;
#3707 = ORIENTED_EDGE ( 'NONE', *, *, #1638, .T. ) ;
#3708 = ORIENTED_EDGE ( 'NONE', *, *, #3535, .T. ) ;
#3709 = SPHERICAL_SURFACE ( 'NONE', #2067, 2.450000000000000622 ) ;
#3710 = FACE_OUTER_BOUND ( 'NONE', #9159, .T. ) ;
#3711 = B_SPLINE_CURVE_WITH_KNOTS ( 'NONE', 3,
 ( #785, #3140, #8458, #1601, #3096, #2288, #9917 ),
 .UNSPECIFIED., .F., .F.,
 ( 4, 3, 4 ),
 ( 0.0009532733312319690774, 0.001225696219576461908, 0.001251962535739348193 ),
 .UNSPECIFIED. ) ;
#3712 = ORIENTED_EDGE ( 'NONE', *, *, #3479, .T. ) ;
#3713 = CARTESIAN_POINT ( 'NONE',  ( -6.924430402411094754, 5.586001379475759698, -3.452421434499180375 ) ) ;
#3714 = CARTESIAN_POINT ( 'NONE',  ( -6.986779382597083199, -5.507818231228810646, -3.452421434499180375 ) ) ;
#3715 = CARTESIAN_POINT ( 'NONE',  ( -3.798434106008921507, -8.002767938145606053, -3.469014143938407457 ) ) ;
#3716 = DIRECTION ( 'NONE',  ( 0.6234898018587320401, -0.7818314824680310249, 0.000000000000000000 ) ) ;
#3717 = DIRECTION ( 'NONE',  ( -1.000000000000000000, 0.000000000000000000, 0.000000000000000000 ) ) ;
#3718 = ORIENTED_EDGE ( 'NONE', *, *, #1874, .T. ) ;
#3719 = VERTEX_POINT ( 'NONE', #3509 ) ;
#3720 = DIRECTION ( 'NONE',  ( 1.000000000000000000, 0.000000000000000000, 0.000000000000000000 ) ) ;
#3721 = EDGE_CURVE ( 'NONE', #2117, #3214, #188, .T. ) ;
#3722 = DIRECTION ( 'NONE',  ( -1.000000000000000000, 0.000000000000000000, 0.000000000000000000 ) ) ;
#3723 = DIRECTION ( 'NONE',  ( -0.000000000000000000, -0.000000000000000000, 1.000000000000000000 ) ) ;
#3724 = EDGE_CURVE ( 'NONE', #8198, #2274, #1109, .T. ) ;
#3725 = EDGE_CURVE ( 'NONE', #350, #1133, #5213, .T. ) ;
#3726 = DIRECTION ( 'NONE',  ( 0.000000000000000000, 0.000000000000000000, -1.000000000000000000 ) ) ;
#3727 = DIRECTION ( 'NONE',  ( 0.000000000000000000, 0.000000000000000000, -1.000000000000000000 ) ) ;
#3728 = CARTESIAN_POINT ( 'NONE',  ( 0.05000000000000002359, 8.895923368718410273, -3.453478796700601539 ) ) ;
#3729 = EDGE_CURVE ( 'NONE', #1492, #1742, #300, .T. ) ;
#3730 = VECTOR ( 'NONE', #843, 1000.000000000000000 ) ;
#3731 = CARTESIAN_POINT ( 'NONE',  ( -3.771531933161395678, -7.716428513517186616, -3.500000000000000000 ) ) ;
#3732 = ORIENTED_EDGE ( 'NONE', *, *, #6461, .F. ) ;
#3733 = CARTESIAN_POINT ( 'NONE',  ( 3.969916891359654976, 8.128379123974113440, 3.193750000000000089 ) ) ;
#3734 = DIRECTION ( 'NONE',  ( 0.7818314824680310249, 0.6234898018587320401, 0.000000000000000000 ) ) ;
#3735 = CARTESIAN_POINT ( 'NONE',  ( 8.605239869185405510, 2.015375688867116821, -3.455541280135824955 ) ) ;
#3736 = ORIENTED_EDGE ( 'NONE', *, *, #4583, .T. ) ;
#3737 = DIRECTION ( 'NONE',  ( 1.000000000000000000, 0.000000000000000000, 0.000000000000000000 ) ) ;
#3738 = DIRECTION ( 'NONE',  ( -0.000000000000000000, -0.000000000000000000, 1.000000000000000000 ) ) ;
#3739 = AXIS2_PLACEMENT_3D ( 'NONE', #562, #3634, #5884 ) ;
#3740 = VERTEX_POINT ( 'NONE', #7465 ) ;
#3741 = EDGE_CURVE ( 'NONE', #2904, #7051, #7855, .T. ) ;
#3742 = CARTESIAN_POINT ( 'NONE',  ( -8.807973303152683897, 2.061648272210978572, -3.500000000000000000 ) ) ;
#3743 = VERTEX_POINT ( 'NONE', #9022 ) ;
#3744 = DIRECTION ( 'NONE',  ( 1.000000000000000000, 0.000000000000000000, 0.000000000000000000 ) ) ;
#3745 = AXIS2_PLACEMENT_3D ( 'NONE', #4641, #3929, #2322 ) ;
#3746 = DIRECTION ( 'NONE',  ( -0.000000000000000000, -0.000000000000000000, -1.000000000000000000 ) ) ;
#3747 = CARTESIAN_POINT ( 'NONE',  ( -3.798184586890484660, 8.002249806357744077, 3.469100694293998810 ) ) ;
#3748 = ORIENTED_EDGE ( 'NONE', *, *, #6336, .F. ) ;
#3749 = ORIENTED_EDGE ( 'NONE', *, *, #1329, .T. ) ;
#3750 = CARTESIAN_POINT ( 'NONE',  ( -6.879246888065163823, 5.549968729168694104, -3.456597352396201472 ) ) ;
#3751 = CARTESIAN_POINT ( 'NONE',  ( 3.813532923374935546, 8.034120955469211012, 3.457544059217933619 ) ) ;
#3752 = AXIS2_PLACEMENT_3D ( 'NONE', #9427, #184, #5615 ) ;
#3753 = CARTESIAN_POINT ( 'NONE',  ( -3.905117942077038773, -7.993822719313215863, 3.452421434499180375 ) ) ;
#3754 = ORIENTED_EDGE ( 'NONE', *, *, #2181, .F. ) ;
#3755 = ORIENTED_EDGE ( 'NONE', *, *, #333, .T. ) ;
#3756 = DIRECTION ( 'NONE',  ( 1.000000000000000000, 0.000000000000000000, 0.000000000000000000 ) ) ;
#3757 = DIRECTION ( 'NONE',  ( -0.000000000000000000, -0.000000000000000000, 1.000000000000000000 ) ) ;
#3758 = ORIENTED_EDGE ( 'NONE', *, *, #4875, .F. ) ;
#3759 = CARTESIAN_POINT ( 'NONE',  ( 3.789429660203686989, -7.984070013767042617, 3.454996609771464833 ) ) ;
#3760 = CARTESIAN_POINT ( 'NONE',  ( 8.633289009070969300, 1.919206035680997013, 3.461862008941932967 ) ) ;
#3761 = CARTESIAN_POINT ( 'NONE',  ( -8.628399862454779523, 2.020661806197893817, 3.469846945119945847 ) ) ;
#3762 = CARTESIAN_POINT ( 'NONE',  ( -0.05000000000000001665, 8.895021265232191610, -3.455073707654066073 ) ) ;
#3763 = CARTESIAN_POINT ( 'NONE',  ( 0.000000000000000000, 0.000000000000000000, -3.193750000000000533 ) ) ;
#3764 = ORIENTED_EDGE ( 'NONE', *, *, #1702, .F. ) ;
#3765 = VERTEX_POINT ( 'NONE', #8321 ) ;
#3766 = DIRECTION ( 'NONE',  ( -0.000000000000000000, -0.000000000000000000, 1.000000000000000000 ) ) ;
#3767 = DIRECTION ( 'NONE',  ( -0.000000000000000000, -0.000000000000000000, 1.000000000000000000 ) ) ;
#3768 = CARTESIAN_POINT ( 'NONE',  ( -8.404652361358991186, -1.867021212834241606, 3.129114371485063550 ) ) ;
#3769 = CARTESIAN_POINT ( 'NONE',  ( 9.046037105128458933, 0.000000000000000000, 3.193750000000000533 ) ) ;
#3770 = DIRECTION ( 'NONE',  ( 0.7071067811865429098, 0.000000000000000000, 0.7071067811865522357 ) ) ;
#3771 = CARTESIAN_POINT ( 'NONE',  ( 6.997047420489789893, -5.516006718204433668, -3.429674227117770702 ) ) ;
#3772 = APPROVAL ( #53, 'UNSPECIFIED' ) ;
#3773 = CARTESIAN_POINT ( 'NONE',  ( 5.378237760728126204, 0.000000000000000000, 1.225000000000002087 ) ) ;
#3774 = ADVANCED_FACE ( 'NONE', ( #8266 ), #4316, .T. ) ;
#3775 = VERTEX_POINT ( 'NONE', #642 ) ;
#3776 = CARTESIAN_POINT ( 'NONE',  ( 3.907017385819873123, 7.997766954886937008, 3.444839032082839037 ) ) ;
#3777 = CARTESIAN_POINT ( 'NONE',  ( -9.046037105128460709, 1.107820038576375774E-15, 3.500000000000000000 ) ) ;
#3778 = CARTESIAN_POINT ( 'NONE',  ( 0.000000000000000000, 0.000000000000000000, -3.094141646974374105 ) ) ;
#3779 = ORIENTED_EDGE ( 'NONE', *, *, #5671, .F. ) ;
#3780 = DIRECTION ( 'NONE',  ( -0.9749279121818212879, 0.2225209339563246624, 0.000000000000000000 ) ) ;
#3781 = DIRECTION ( 'NONE',  ( 1.000000000000000000, 0.000000000000000000, 0.000000000000000000 ) ) ;
#3782 = ORIENTED_EDGE ( 'NONE', *, *, #6108, .T. ) ;
#3783 = DIRECTION ( 'NONE',  ( 1.000000000000000000, 0.000000000000000000, 0.000000000000000000 ) ) ;
#3784 = EDGE_CURVE ( 'NONE', #5171, #9750, #8094, .T. ) ;
#3785 = ORIENTED_EDGE ( 'NONE', *, *, #2488, .T. ) ;
#3786 = PERSON_AND_ORGANIZATION_ROLE ( 'design_owner' ) ;
#3787 = CARTESIAN_POINT ( 'NONE',  ( 3.792175066826460661, -7.989770909361523898, -3.461862008941932967 ) ) ;
#3788 = PLANE ( 'NONE',  #1876 ) ;
#3789 = VERTEX_POINT ( 'NONE', #687 ) ;
#3790 = FACE_OUTER_BOUND ( 'NONE', #6649, .T. ) ;
#3791 = EDGE_CURVE ( 'NONE', #1671, #5573, #8921, .T. ) ;
#3792 = CARTESIAN_POINT ( 'NONE',  ( -6.923938465194099834, 5.585609072636205319, -3.453478796700601539 ) ) ;
#3793 = CARTESIAN_POINT ( 'NONE',  ( 3.814356642694022526, 8.035831426260063637, 3.455073707654064741 ) ) ;
#3794 = ORIENTED_EDGE ( 'NONE', *, *, #4958, .F. ) ;
#3795 = EDGE_LOOP ( 'NONE', ( #5124, #7138, #5828, #206 ) ) ;
#3796 = DIRECTION ( 'NONE',  ( -0.000000000000000000, -0.000000000000000000, 1.000000000000000000 ) ) ;
#3797 = CARTESIAN_POINT ( 'NONE',  ( -6.997047420489864500, -5.516006718204339521, -3.429674227117769814 ) ) ;
#3798 = CARTESIAN_POINT ( 'NONE',  ( -0.05000000000000000278, -9.146037105128458577, -3.500000000000000444 ) ) ;
#3799 = VERTEX_POINT ( 'NONE', #8464 ) ;
#3800 = EDGE_CURVE ( 'NONE', #7642, #7627, #1030, .T. ) ;
#3801 = DIRECTION ( 'NONE',  ( -1.000000000000000000, 0.000000000000000000, 0.000000000000000000 ) ) ;
#3802 = CARTESIAN_POINT ( 'NONE',  ( 8.627491962581034457, 1.917882897648933938, 3.455541280135826288 ) ) ;
#3803 = CARTESIAN_POINT ( 'NONE',  ( 0.000000000000000000, 0.000000000000000000, 3.434921434499177639 ) ) ;
#3804 = CARTESIAN_POINT ( 'NONE',  ( 6.923676418388960307, -5.585400097282380294, -3.453994494324953202 ) ) ;
#3805 = VECTOR ( 'NONE', #2587, 1000.000000000000000 ) ;
#3806 = CIRCLE ( 'NONE', #9402, 8.837711872106121191 ) ;
#3807 = LINE ( 'NONE', #9071, #5175 ) ;
#3808 = ORIENTED_EDGE ( 'NONE', *, *, #4253, .F. ) ;
#3809 = DIRECTION ( 'NONE',  ( 0.000000000000000000, 0.000000000000000000, 1.000000000000000000 ) ) ;
#3810 = CARTESIAN_POINT ( 'NONE',  ( 0.05000000000000002359, -8.844177403585215202, -3.462372291138045455 ) ) ;
#3811 = DIRECTION ( 'NONE',  ( 1.000000000000000000, 0.000000000000000000, 1.224646799147353207E-16 ) ) ;
#3812 = AXIS2_PLACEMENT_3D ( 'NONE', #6017, #9878, #5968 ) ;
#3813 = AXIS2_PLACEMENT_3D ( 'NONE', #6217, #7763, #4757 ) ;
#3814 = DIRECTION ( 'NONE',  ( 0.000000000000000000, 0.000000000000000000, -1.000000000000000000 ) ) ;
#3815 = CARTESIAN_POINT ( 'NONE',  ( -8.647352942452551261, 1.922416036699723607, -3.469014143938407457 ) ) ;
#3816 = DIRECTION ( 'NONE',  ( 0.000000000000000000, 0.000000000000000000, 1.000000000000000000 ) ) ;
#3817 = AXIS2_PLACEMENT_3D ( 'NONE', #7183, #5675, #7285 ) ;
#3818 = CIRCLE ( 'NONE', #6214, 8.380768779485729070 ) ;
#3819 = DIRECTION ( 'NONE',  ( 0.000000000000000000, 0.000000000000000000, -1.000000000000000000 ) ) ;
#3820 = VERTEX_POINT ( 'NONE', #3903 ) ;
#3821 = VECTOR ( 'NONE', #7117, 1000.000000000000000 ) ;
#3822 = VERTEX_POINT ( 'NONE', #1552 ) ;
#3823 = CARTESIAN_POINT ( 'NONE',  ( 8.628280558354195051, -1.918062889488151956, -3.456597352396201472 ) ) ;
#3824 = AXIS2_PLACEMENT_3D ( 'NONE', #1755, #6355, #4103 ) ;
#3825 = CARTESIAN_POINT ( 'NONE',  ( 11.00000000000000000, 1.347111479062088405E-15, 2.975000000000000089 ) ) ;
#3826 = CARTESIAN_POINT ( 'NONE',  ( 3.901485164720694954, -7.986279179404071726, 3.462472406546387660 ) ) ;
#3827 = VERTEX_POINT ( 'NONE', #7714 ) ;
#3828 = DIRECTION ( 'NONE',  ( -0.000000000000000000, -0.000000000000000000, 1.000000000000000000 ) ) ;
#3829 = B_SPLINE_CURVE_WITH_KNOTS ( 'NONE', 3,
 ( #5509, #1656, #5364, #1557, #4612, #7672, #5548 ),
 .UNSPECIFIED., .F., .F.,
 ( 4, 3, 4 ),
 ( 0.0005204849250710215066, 0.0009002598162381898186, 0.0009544278593203507589 ),
 .UNSPECIFIED. ) ;
#3830 = CARTESIAN_POINT ( 'NONE',  ( 3.879692025218503204, 7.941025258929139241, -3.455541280135825399 ) ) ;
#3831 = AXIS2_PLACEMENT_3D ( 'NONE', #665, #4, #6027 ) ;
#3832 = AXIS2_PLACEMENT_3D ( 'NONE', #2054, #8179, #3720 ) ;
#3833 = AXIS2_PLACEMENT_3D ( 'NONE', #3803, #6911, #25 ) ;
#3834 = EDGE_LOOP ( 'NONE', ( #1284, #5990, #7661, #2043 ) ) ;
#3835 = CARTESIAN_POINT ( 'NONE',  ( 8.384458441792379091, -1.862412082470922270, 3.094141646974374105 ) ) ;
#3836 = ORIENTED_EDGE ( 'NONE', *, *, #8671, .F. ) ;
#3837 = CLOSED_SHELL ( 'NONE', ( #779, #707, #7523, #3555, #713, #4221, #2324, #5459, #6808, #2998, #5923 ) ) ;
#3838 = CARTESIAN_POINT ( 'NONE',  ( -8.661431183075016804, 2.028200989579952207, -3.453994494324953202 ) ) ;
#3839 = CARTESIAN_POINT ( 'NONE',  ( -3.805029243678463402, 8.016462882630175812, 3.469378817057675590 ) ) ;
#3840 = EDGE_CURVE ( 'NONE', #4239, #4392, #8630, .T. ) ;
#3841 = AXIS2_PLACEMENT_3D ( 'NONE', #8044, #1179, #8889 ) ;
#3842 = ORIENTED_EDGE ( 'NONE', *, *, #3224, .F. ) ;
#3843 = CARTESIAN_POINT ( 'NONE',  ( 8.681279677114373428, -1.930159592493591703, 3.457544059217933619 ) ) ;
#3844 = EDGE_CURVE ( 'NONE', #5041, #1492, #6953, .T. ) ;
#3845 = EDGE_CURVE ( 'NONE', #3574, #5069, #624, .T. ) ;
#3846 = CARTESIAN_POINT ( 'NONE',  ( -6.917447124507853928, 5.580432401180755342, -3.462633071500297088 ) ) ;
#3847 = CARTESIAN_POINT ( 'NONE',  ( 0.000000000000000000, 0.000000000000000000, -3.434921434499177639 ) ) ;
#3848 = VECTOR ( 'NONE', #2381, 1000.000000000000227 ) ;
#3849 = ORIENTED_EDGE ( 'NONE', *, *, #322, .T. ) ;
#3850 = CIRCLE ( 'NONE', #3688, 9.621762239271875572 ) ;
#3851 = EDGE_CURVE ( 'NONE', #4989, #303, #2077, .T. ) ;
#3852 = ORIENTED_EDGE ( 'NONE', *, *, #462, .F. ) ;
#3853 = CARTESIAN_POINT ( 'NONE',  ( 3.848021920683372787, 7.875261609230258308, 3.351299362948741756 ) ) ;
#3854 = CARTESIAN_POINT ( 'NONE',  ( 8.647171194634651670, -2.024946240273499676, 3.466916208273112865 ) ) ;
#3855 = FACE_OUTER_BOUND ( 'NONE', #4796, .T. ) ;
#3856 = ORIENTED_EDGE ( 'NONE', *, *, #4134, .T. ) ;
#3857 = CIRCLE ( 'NONE', #1456, 5.686989865158905921 ) ;
#3858 = DIRECTION ( 'NONE',  ( 0.000000000000000000, 0.000000000000000000, -1.000000000000000000 ) ) ;
#3859 = CARTESIAN_POINT ( 'NONE',  ( -6.945612333878842470, -5.474988605377188122, -3.461862008941932967 ) ) ;
#3860 = CARTESIAN_POINT ( 'NONE',  ( 6.699910998104734006, -5.406953129253620816, -3.129114371485063550 ) ) ;
#3861 = DIRECTION ( 'NONE',  ( 0.000000000000000000, 0.000000000000000000, -1.000000000000000000 ) ) ;
#3862 = EDGE_CURVE ( 'NONE', #5010, #8845, #7252, .T. ) ;
#3863 = CARTESIAN_POINT ( 'NONE',  ( 0.000000000000000000, 0.000000000000000000, -3.099533293948747659 ) ) ;
#3864 = ORIENTED_EDGE ( 'NONE', *, *, #9194, .T. ) ;
#3865 = CARTESIAN_POINT ( 'NONE',  ( 8.534077790247366124, 1.999133408725472849, -3.351299362948742200 ) ) ;
#3866 = CARTESIAN_POINT ( 'NONE',  ( 0.05000000000000002359, -8.837570431649497849, -3.454996609771464833 ) ) ;
#3867 = DIRECTION ( 'NONE',  ( -1.000000000000000000, 0.000000000000000000, 0.000000000000000000 ) ) ;
#3868 = DIRECTION ( 'NONE',  ( -0.000000000000000000, -0.000000000000000000, 1.000000000000000000 ) ) ;
#3869 = CARTESIAN_POINT ( 'NONE',  ( -8.640010456057838795, 1.920740162094332515, -3.466570807216844852 ) ) ;
#3870 = DIRECTION ( 'NONE',  ( -0.000000000000000000, -0.000000000000000000, 1.000000000000000000 ) ) ;
#3871 = DIRECTION ( 'NONE',  ( -0.000000000000000000, -0.000000000000000000, 1.000000000000000000 ) ) ;
#3872 = ORIENTED_EDGE ( 'NONE', *, *, #3170, .T. ) ;
#3873 = VERTEX_POINT ( 'NONE', #170 ) ;
#3874 = DIRECTION ( 'NONE',  ( 0.000000000000000000, 0.000000000000000000, -1.000000000000000000 ) ) ;
#3875 = FACE_OUTER_BOUND ( 'NONE', #2374, .T. ) ;
#3876 = CARTESIAN_POINT ( 'NONE',  ( 3.789429660203686989, -7.984070013767042617, -3.454996609771464833 ) ) ;
#3877 = CARTESIAN_POINT ( 'NONE',  ( -8.627120136385658000, 1.917798030746353799, 3.454996609771464833 ) ) ;
#3878 = CARTESIAN_POINT ( 'NONE',  ( 6.894541752585488403, 5.562165976610053519, 3.469014143938407457 ) ) ;
#3879 = CARTESIAN_POINT ( 'NONE',  ( 0.000000000000000000, 0.000000000000000000, 3.454996609771464389 ) ) ;
#3880 = ORIENTED_EDGE ( 'NONE', *, *, #5386, .T. ) ;
#3881 = DIRECTION ( 'NONE',  ( -0.000000000000000000, -0.000000000000000000, 1.000000000000000000 ) ) ;
#3882 = ORIENTED_EDGE ( 'NONE', *, *, #7872, .T. ) ;
#3883 = PERSON_AND_ORGANIZATION_ROLE ( 'creator' ) ;
#3884 = CARTESIAN_POINT ( 'NONE',  ( 0.05000000000000003747, -8.588668239434865015, -3.094141646974374105 ) ) ;
#3885 = CARTESIAN_POINT ( 'NONE',  ( 0.000000000000000000, 0.000000000000000000, -3.454996609771464389 ) ) ;
#3886 = LOCAL_TIME ( 16, 37, 56.00000000000000000, #2985 ) ;
#3887 = ORIENTED_EDGE ( 'NONE', *, *, #3845, .T. ) ;
#3888 = DIRECTION ( 'NONE',  ( -0.6234898018587372581, -0.7818314824680268060, 0.000000000000000000 ) ) ;
#3889 = CARTESIAN_POINT ( 'NONE',  ( 3.771531933161343275, 7.716428513517212373, -3.099533293948748103 ) ) ;
#3890 = CARTESIAN_POINT ( 'NONE',  ( -8.658790293242613956, 1.925026537381866687, 3.469713030103804385 ) ) ;
#3891 = EDGE_CURVE ( 'NONE', #5801, #6133, #4802, .T. ) ;
#3892 = EDGE_LOOP ( 'NONE', ( #1320, #3038, #1794, #3001, #9258, #9099 ) ) ;
#3893 = AXIS2_PLACEMENT_3D ( 'NONE', #8748, #3288, #1944 ) ;
#3894 = EDGE_CURVE ( 'NONE', #1742, #4233, #215, .T. ) ;
#3895 = B_SPLINE_CURVE_WITH_KNOTS ( 'NONE', 3,
 ( #2832, #6637, #409, #8895, #8099, #2028, #5046 ),
 .UNSPECIFIED., .F., .F.,
 ( 4, 3, 4 ),
 ( 0.001199429903413612702, 0.001225696219576499204, 0.001498119107920982927 ),
 .UNSPECIFIED. ) ;
#3896 = ORIENTED_EDGE ( 'NONE', *, *, #2848, .F. ) ;
#3897 = CARTESIAN_POINT ( 'NONE',  ( -3.685928616305599981, 7.769147881545229950, -3.114323832567764683 ) ) ;
#3898 = PLANE ( 'NONE',  #9928 ) ;
#3899 = DIRECTION ( 'NONE',  ( 0.000000000000000000, 0.000000000000000000, -1.000000000000000000 ) ) ;
#3900 = ORIENTED_EDGE ( 'NONE', *, *, #6333, .F. ) ;
#3901 = VECTOR ( 'NONE', #3074, 1000.000000000000000 ) ;
#3902 = CARTESIAN_POINT ( 'NONE',  ( 6.956890732771324970, -5.483982828363296314, 3.469014143938407457 ) ) ;
#3903 = CARTESIAN_POINT ( 'NONE',  ( -7.041194074364041100, 5.679117300646431943, -3.094141646974374105 ) ) ;
#3904 = B_SPLINE_CURVE_WITH_KNOTS ( 'NONE', 3,
 ( #6777, #7623, #3728, #2819, #2922, #9034, #9792, #6079, #745, #3622, #5179, #8337, #9837, #6822, #5926, #700, #5132, #5225, #6020, #5971, #1474, #8987, #9140, #2160, #8280 ),
 .UNSPECIFIED., .F., .F.,
 ( 4, 3, 3, 3, 3, 3, 3, 3, 4 ),
 ( 0.0001509499138714748268, 0.0001527764003826867782, 0.0001645282963311838962, 0.0001762803579144514533, 0.0001880325997012799325, 0.0001997849575937750779, 0.0002115373162334721927, 0.0002188290956692535538, 0.0002208042975641505206 ),
 .UNSPECIFIED. ) ;
#3905 = CARTESIAN_POINT ( 'NONE',  ( -8.662371385772200227, 2.028415584710187680, 3.452421434499180375 ) ) ;
#3906 = EDGE_CURVE ( 'NONE', #1742, #5939, #3289, .T. ) ;
#3907 = CARTESIAN_POINT ( 'NONE',  ( 6.900249666593185616, -5.566717886137296567, -3.469915996672630953 ) ) ;
#3908 = AXIS2_PLACEMENT_3D ( 'NONE', #1816, #2615, #9385 ) ;
#3909 = CARTESIAN_POINT ( 'NONE',  ( 8.807973303152710542, 2.061648272210859556, -3.094141646974374105 ) ) ;
#3910 = EDGE_CURVE ( 'NONE', #3316, #2053, #1287, .T. ) ;
#3911 = ORIENTED_EDGE ( 'NONE', *, *, #9710, .F. ) ;
#3912 = CARTESIAN_POINT ( 'NONE',  ( 0.000000000000000000, 0.000000000000000000, -3.193750000000000533 ) ) ;
#3913 = DIRECTION ( 'NONE',  ( 1.224646799147353207E-16, 0.000000000000000000, -1.000000000000000000 ) ) ;
#3914 = FACE_BOUND ( 'NONE', #260, .T. ) ;
#3915 = EDGE_CURVE ( 'NONE', #7596, #3873, #1138, .T. ) ;
#3916 = CARTESIAN_POINT ( 'NONE',  ( -3.969916891359710487, -8.128379123974086795, -3.193750000000000089 ) ) ;
#3917 = ADVANCED_FACE ( 'NONE', ( #1736 ), #801, .T. ) ;
#3918 = DIRECTION ( 'NONE',  ( 0.000000000000000000, 0.000000000000000000, -1.000000000000000000 ) ) ;
#3919 = CARTESIAN_POINT ( 'NONE',  ( 0.05000000000000002359, -8.841186805934450277, 3.459673052288552153 ) ) ;
#3920 = ORIENTED_EDGE ( 'NONE', *, *, #8092, .T. ) ;
#3921 = ORIENTED_EDGE ( 'NONE', *, *, #6230, .T. ) ;
#3922 = FACE_OUTER_BOUND ( 'NONE', #1586, .T. ) ;
#3923 = CARTESIAN_POINT ( 'NONE',  ( 3.930516482760489705, -8.046563332484401698, 3.351032822740168449 ) ) ;
#3924 = DIRECTION ( 'NONE',  ( -0.000000000000000000, -0.000000000000000000, 1.000000000000000000 ) ) ;
#3925 = CARTESIAN_POINT ( 'NONE',  ( -0.05000000000000000971, 9.046037105128458933, -3.094141646974374105 ) ) ;
#3926 = CARTESIAN_POINT ( 'NONE',  ( 6.903713795781677653, 5.569480436980693838, 3.469713030103804385 ) ) ;
#3927 = CARTESIAN_POINT ( 'NONE',  ( 3.901242515215954665, 7.985775312515463575, -3.462633071500297088 ) ) ;
#3928 = ORIENTED_EDGE ( 'NONE', *, *, #2136, .F. ) ;
#3929 = DIRECTION ( 'NONE',  ( 0.000000000000000000, 0.000000000000000000, -1.000000000000000000 ) ) ;
#3930 = ORIENTED_EDGE ( 'NONE', *, *, #1062, .F. ) ;
#3931 = CARTESIAN_POINT ( 'NONE',  ( -8.632218501404334887, 2.021533385619181722, -3.469915996672630953 ) ) ;
#3932 = CARTESIAN_POINT ( 'NONE',  ( -8.614533864218024917, -2.017496982584266352, 3.464471549642479165 ) ) ;
#3933 = ORIENTED_EDGE ( 'NONE', *, *, #3064, .F. ) ;
#3934 = DIRECTION ( 'NONE',  ( -0.000000000000000000, -0.000000000000000000, 1.000000000000000000 ) ) ;
#3935 = CARTESIAN_POINT ( 'NONE',  ( 8.628399862454793734, -2.020661806197837418, -3.469846945119945847 ) ) ;
#3936 = ORIENTED_EDGE ( 'NONE', *, *, #9228, .T. ) ;
#3937 = EDGE_LOOP ( 'NONE', ( #7849, #7235, #6153, #9163 ) ) ;
#3938 = CARTESIAN_POINT ( 'NONE',  ( 3.907017385819873123, 7.997766954886937008, -3.444839032082839037 ) ) ;
#3939 = CARTESIAN_POINT ( 'NONE',  ( 8.607508921307905680, -2.015893585207191308, 3.458522467003439349 ) ) ;
#3940 = DIRECTION ( 'NONE',  ( 1.000000000000000000, 0.000000000000000000, 0.000000000000000000 ) ) ;
#3941 = VERTEX_POINT ( 'NONE', #2535 ) ;
#3942 = CARTESIAN_POINT ( 'NONE',  ( 8.785959443115464396, -1.954052065984028586, -3.272391413630716173 ) ) ;
#3943 = CARTESIAN_POINT ( 'NONE',  ( 8.688891490516525096, -1.931896939230908217, 3.444839032082839037 ) ) ;
#3944 = CARTESIAN_POINT ( 'NONE',  ( 8.639630090360894243, 1.920653346106000248, 3.466377381984354411 ) ) ;
#3945 = CARTESIAN_POINT ( 'NONE',  ( -8.636037103722774333, 2.022404956679656696, 3.469985047562924141 ) ) ;
#3946 = CARTESIAN_POINT ( 'NONE',  ( 0.000000000000000000, 0.000000000000000000, 3.452421434499180375 ) ) ;
#3947 = EDGE_CURVE ( 'NONE', #3195, #2489, #7205, .T. ) ;
#3948 = CARTESIAN_POINT ( 'NONE',  ( 3.879864310480516831, -7.941383012962170973, -3.456075294419945987 ) ) ;
#3949 = VERTEX_POINT ( 'NONE', #4848 ) ;
#3950 = CARTESIAN_POINT ( 'NONE',  ( 8.463287518778887630, 1.982975991212485800, -3.247602129575368757 ) ) ;
#3951 = DIRECTION ( 'NONE',  ( 0.000000000000000000, 0.000000000000000000, 1.000000000000000000 ) ) ;
#3952 = ADVANCED_FACE ( 'NONE', ( #7055 ), #978, .F. ) ;
#3953 = CARTESIAN_POINT ( 'NONE',  ( 3.771531933161288208, -7.716428513517238130, -3.099533293948748103 ) ) ;
#3954 = CARTESIAN_POINT ( 'NONE',  ( 0.05000000000000001665, 8.896552580035715252, 3.452421434499180375 ) ) ;
#3955 = EDGE_CURVE ( 'NONE', #2464, #2764, #7998, .T. ) ;
#3956 = VECTOR ( 'NONE', #3591, 1000.000000000000000 ) ;
#3957 = CARTESIAN_POINT ( 'NONE',  ( 0.000000000000000000, 0.000000000000000000, 3.500000000000000000 ) ) ;
#3958 = EDGE_CURVE ( 'NONE', #2712, #5778, #9364, .T. ) ;
#3959 = CARTESIAN_POINT ( 'NONE',  ( -7.041194074364041100, 5.679117300646431943, 3.500000000000000000 ) ) ;
#3960 = ORIENTED_EDGE ( 'NONE', *, *, #8937, .F. ) ;
#3961 = VERTEX_POINT ( 'NONE', #7202 ) ;
#3962 = DIRECTION ( 'NONE',  ( 1.000000000000000000, 0.000000000000000000, 0.000000000000000000 ) ) ;
#3963 = VECTOR ( 'NONE', #4948, 1000.000000000000000 ) ;
#3964 = EDGE_CURVE ( 'NONE', #2334, #3740, #8808, .T. ) ;
#3965 = DIRECTION ( 'NONE',  ( 0.000000000000000000, 0.000000000000000000, 1.000000000000000000 ) ) ;
#3966 = VECTOR ( 'NONE', #5520, 1000.000000000000000 ) ;
#3967 = CARTESIAN_POINT ( 'NONE',  ( 3.905117942076926418, -7.993822719313271818, 3.452421434499180375 ) ) ;
#3968 = VECTOR ( 'NONE', #7389, 1000.000000000000000 ) ;
#3969 = CARTESIAN_POINT ( 'NONE',  ( 0.05000000000000003747, 8.588668239434865015, 3.500000000000000000 ) ) ;
#3970 = CARTESIAN_POINT ( 'NONE',  ( 3.879864310480573231, 7.941383012962141663, -3.456075294419946875 ) ) ;
#3971 = AXIS2_PLACEMENT_3D ( 'NONE', #6747, #3746, #5887 ) ;
#3972 = AXIS2_PLACEMENT_3D ( 'NONE', #6124, #6166, #8563 ) ;
#3973 = VECTOR ( 'NONE', #5016, 1000.000000000000000 ) ;
#3974 = ORIENTED_EDGE ( 'NONE', *, *, #8092, .F. ) ;
#3975 = DIRECTION ( 'NONE',  ( 1.000000000000000000, 0.000000000000000000, 0.000000000000000000 ) ) ;
#3976 = AXIS2_PLACEMENT_3D ( 'NONE', #7813, #6416, #7219 ) ;
#3977 = VERTEX_POINT ( 'NONE', #7948 ) ;
#3978 = COORDINATED_UNIVERSAL_TIME_OFFSET ( 6, 0, .BEHIND. ) ;
#3979 = EDGE_CURVE ( 'NONE', #1376, #8903, #633, .T. ) ;
#3980 = DIRECTION ( 'NONE',  ( -0.000000000000000000, -0.000000000000000000, 1.000000000000000000 ) ) ;
#3981 = CARTESIAN_POINT ( 'NONE',  ( -8.625100849056956065, -2.019908827917732630, 3.469014143938407457 ) ) ;
#3982 = EDGE_LOOP ( 'NONE', ( #483, #4106, #7363, #2861 ) ) ;
#3983 = CARTESIAN_POINT ( 'NONE',  ( 8.658790293242626390, -1.925026537381810288, 3.469713030103804385 ) ) ;
#3984 = CIRCLE ( 'NONE', #2070, 5.686989865158905921 ) ;
#3985 = CARTESIAN_POINT ( 'NONE',  ( -8.672891611396272182, -1.928245071230555663, -3.465025888964337497 ) ) ;
#3986 = EDGE_CURVE ( 'NONE', #9816, #4794, #5644, .T. ) ;
#3987 = ORIENTED_EDGE ( 'NONE', *, *, #7520, .T. ) ;
#3988 = CIRCLE ( 'NONE', #130, 8.896693082788692308 ) ;
#3989 = CIRCLE ( 'NONE', #9593, 9.498018552564230887 ) ;
#3990 = AXIS2_PLACEMENT_3D ( 'NONE', #2936, #9044, #5189 ) ;
#3991 = CARTESIAN_POINT ( 'NONE',  ( 8.697427512990353549, 1.933845230657743830, -3.429674227117769814 ) ) ;
#3992 = CARTESIAN_POINT ( 'NONE',  ( -5.686989865158905921, 6.964553935150292221E-16, -2.758752104430781227 ) ) ;
#3993 = DIRECTION ( 'NONE',  ( -0.000000000000000000, -0.000000000000000000, 1.000000000000000000 ) ) ;
#3994 = ORIENTED_EDGE ( 'NONE', *, *, #4420, .T. ) ;
#3995 = DIRECTION ( 'NONE',  ( -0.2225209339559683919, -0.9749279121819025562, 0.000000000000000000 ) ) ;
#3996 = CONICAL_SURFACE ( 'NONE', #4492, 8.869223585189136116, 0.6108652381980126389 ) ;
#3997 = CARTESIAN_POINT ( 'NONE',  ( 6.984097861549269481, -5.505679789551604308, 3.457544059217933619 ) ) ;
#3998 = DIRECTION ( 'NONE',  ( -0.000000000000000000, -0.000000000000000000, 1.000000000000000000 ) ) ;
#3999 = PLANE ( 'NONE',  #3186 ) ;
#4000 = CARTESIAN_POINT ( 'NONE',  ( -3.879820004569297431, 8.171767497885925380, -3.500000000000000000 ) ) ;
#4001 = AXIS2_PLACEMENT_3D ( 'NONE', #8596, #3245, #7099 ) ;
#4002 = B_SPLINE_CURVE_WITH_KNOTS ( 'NONE', 3,
 ( #8399, #770, #9900, #4543, #7552, #623, #672, #2176, #3697, #9855, #3839, #5241, #9103, #2232, #3747, #6797, #720, #6099, #1539, #4588, #7641, #5444, #1777, #4032, #6982 ),
 .UNSPECIFIED., .F., .F.,
 ( 4, 3, 3, 3, 3, 3, 3, 3, 4 ),
 ( 0.0001509499138714756670, 0.0001527764003826872390, 0.0001645282963311849261, 0.0001762803579144521851, 0.0001880325997012802035, 0.0001997849575937758640, 0.0002115373162334736022, 0.0002188290956692542314, 0.0002208042975641510627 ),
 .UNSPECIFIED. ) ;
#4003 = ORIENTED_EDGE ( 'NONE', *, *, #1402, .F. ) ;
#4004 = CARTESIAN_POINT ( 'NONE',  ( 3.888530992799052566, -7.959379564233903359, -3.469014143938407457 ) ) ;
#4005 = VECTOR ( 'NONE', #6574, 1000.000000000000000 ) ;
#4006 = VERTEX_POINT ( 'NONE', #1080 ) ;
#4007 = CARTESIAN_POINT ( 'NONE',  ( -6.972136250112514588, 5.496140722742725693, 3.468181098941469642 ) ) ;
#4008 = AXIS2_PLACEMENT_3D ( 'NONE', #3957, #3158, #6170 ) ;
#4009 = DIRECTION ( 'NONE',  ( 1.000000000000000000, 0.000000000000000000, 0.000000000000000000 ) ) ;
#4010 = ORIENTED_EDGE ( 'NONE', *, *, #5257, .F. ) ;
#4011 = CARTESIAN_POINT ( 'NONE',  ( 5.254494074020480632, 0.000000000000000000, -3.500000000000000000 ) ) ;
#4012 = DIRECTION ( 'NONE',  ( -0.9009688679024157043, 0.4338837391175651703, 1.224646799147353207E-16 ) ) ;
#4013 = CARTESIAN_POINT ( 'NONE',  ( 0.05000000000000003747, 8.609381483269881841, 3.129114371485063550 ) ) ;
#4014 = EDGE_CURVE ( 'NONE', #385, #5871, #4160, .T. ) ;
#4015 = DIRECTION ( 'NONE',  ( -0.000000000000000000, -0.000000000000000000, 1.000000000000000000 ) ) ;
#4016 = VERTEX_POINT ( 'NONE', #8009 ) ;
#4017 = ORIENTED_EDGE ( 'NONE', *, *, #6906, .T. ) ;
#4018 = CARTESIAN_POINT ( 'NONE',  ( -0.05000000000000000971, -9.045898922017695298, 3.193750000000000089 ) ) ;
#4019 = EDGE_CURVE ( 'NONE', #605, #6318, #2581, .T. ) ;
#4020 = CARTESIAN_POINT ( 'NONE',  ( 3.907017385819814947, -7.997766954886966317, 3.444839032082839037 ) ) ;
#4021 = EDGE_CURVE ( 'NONE', #895, #139, #8332, .T. ) ;
#4022 = CARTESIAN_POINT ( 'NONE',  ( 3.891931505080085785, -7.966440800744777562, 3.470139885832122406 ) ) ;
#4023 = CARTESIAN_POINT ( 'NONE',  ( 6.912549729401319176, 5.576526858908288808, 3.466489319800472924 ) ) ;
#4024 = FACE_OUTER_BOUND ( 'NONE', #6270, .T. ) ;
#4025 = EDGE_CURVE ( 'NONE', #3415, #7821, #4243, .T. ) ;
#4026 = ORIENTED_EDGE ( 'NONE', *, *, #4771, .T. ) ;
#4027 = CARTESIAN_POINT ( 'NONE',  ( -8.741693482047987018, 1.943948649232828618, 3.351032822740168449 ) ) ;
#4028 = ORIENTED_EDGE ( 'NONE', *, *, #4746, .F. ) ;
#4029 = APPROVAL_DATE_TIME ( #8579, #3772 ) ;
#4030 = EDGE_CURVE ( 'NONE', #9736, #1809, #4292, .T. ) ;
#4031 = CARTESIAN_POINT ( 'NONE',  ( -3.816920499029686109, -8.041155328798666346, 3.444839032082838592 ) ) ;
#4032 = CARTESIAN_POINT ( 'NONE',  ( -3.789595138428147880, 7.984413632840947628, 3.455541280135826288 ) ) ;
#4033 = ORIENTED_EDGE ( 'NONE', *, *, #8600, .T. ) ;
#4034 = CARTESIAN_POINT ( 'NONE',  ( 3.969916891359654976, 8.128379123974113440, 3.193750000000000089 ) ) ;
#4035 = CARTESIAN_POINT ( 'NONE',  ( 8.670907408394961990, 2.030363876170957482, 3.437256629622304160 ) ) ;
#4036 = ADVANCED_FACE ( 'NONE', ( #3596 ), #3524, .T. ) ;
#4037 = ORIENTED_EDGE ( 'NONE', *, *, #9869, .F. ) ;
#4038 = AXIS2_PLACEMENT_3D ( 'NONE', #1961, #9629, #6659 ) ;
#4039 = DIRECTION ( 'NONE',  ( 0.000000000000000000, 0.000000000000000000, -1.000000000000000000 ) ) ;
#4040 = CARTESIAN_POINT ( 'NONE',  ( 0.05000000000000002359, -8.873949175336530715, -3.469286171371085192 ) ) ;
#4041 = ORIENTED_EDGE ( 'NONE', *, *, #2116, .T. ) ;
#4042 = PLANE ( 'NONE',  #5736 ) ;
#4043 = ORIENTED_EDGE ( 'NONE', *, *, #4219, .F. ) ;
#4044 = CARTESIAN_POINT ( 'NONE',  ( -9.621762239271875572, 1.178326032848117103E-15, 3.500000000000000000 ) ) ;
#4045 = CARTESIAN_POINT ( 'NONE',  ( -3.901485164720638998, 7.986279179404098372, -3.462472406546387216 ) ) ;
#4046 = DIRECTION ( 'NONE',  ( -0.000000000000000000, -0.000000000000000000, -1.000000000000000000 ) ) ;
#4047 = DIRECTION ( 'NONE',  ( 0.000000000000000000, 0.000000000000000000, -1.000000000000000000 ) ) ;
#4048 = CONICAL_SURFACE ( 'NONE', #8687, 8.869223585189136116, 0.6108652381980126389 ) ;
#4049 = CARTESIAN_POINT ( 'NONE',  ( -3.780519072845624606, 7.735090501365887050, 3.129114371485063106 ) ) ;
#4050 = DIRECTION ( 'NONE',  ( 0.000000000000000000, 0.000000000000000000, -1.000000000000000000 ) ) ;
#4051 = ORIENTED_EDGE ( 'NONE', *, *, #6479, .F. ) ;
#4052 = CARTESIAN_POINT ( 'NONE',  ( 8.672891611396257971, 1.928245071230612728, -3.465025888964337497 ) ) ;
#4053 = VECTOR ( 'NONE', #1821, 999.9999999999998863 ) ;
#4054 = CARTESIAN_POINT ( 'NONE',  ( -3.726420399248811410, -7.853229935211753165, 3.247602129575368313 ) ) ;
#4055 = VERTEX_POINT ( 'NONE', #7453 ) ;
#4056 = CARTESIAN_POINT ( 'NONE',  ( -6.947969869725853620, -5.476868677478516467, 3.464362763198132189 ) ) ;
#4057 = CARTESIAN_POINT ( 'NONE',  ( -8.830225396548355477, -1.964155480992619385, 3.500000000000000000 ) ) ;
#4058 = LINE ( 'NONE', #1958, #608 ) ;
#4059 = CARTESIAN_POINT ( 'NONE',  ( -0.05000000000000002359, -8.880961487660952614, -3.466916208273112865 ) ) ;
#4060 = CIRCLE ( 'NONE', #5825, 8.837711872106121191 ) ;
#4061 = LINE ( 'NONE', #7968, #2783 ) ;
#4062 = ORIENTED_EDGE ( 'NONE', *, *, #2979, .F. ) ;
#4063 = EDGE_LOOP ( 'NONE', ( #2843, #817, #5363, #4685 ) ) ;
#4064 = CARTESIAN_POINT ( 'NONE',  ( 3.969916891359596800, -8.128379123974143639, -3.094141646974374105 ) ) ;
#4065 = SPHERICAL_SURFACE ( 'NONE', #4942, 2.450000000000000622 ) ;
#4066 = CARTESIAN_POINT ( 'NONE',  ( -5.378237760728124428, 6.586441658729126829E-16, -1.224999999999999867 ) ) ;
#4067 = CARTESIAN_POINT ( 'NONE',  ( 8.670907408394947780, -2.030363876171016990, 3.437256629622303716 ) ) ;
#4068 = CARTESIAN_POINT ( 'NONE',  ( -8.384458441792405736, -1.862412082470809027, -3.099533293948748103 ) ) ;
#4069 = CC_DESIGN_PERSON_AND_ORGANIZATION_ASSIGNMENT ( #3270, #820, ( #1651 ) ) ;
#4070 = CARTESIAN_POINT ( 'NONE',  ( -6.878924930671526994, -5.549711976714674755, -3.456075294419946431 ) ) ;
#4071 = B_SPLINE_CURVE_WITH_KNOTS ( 'NONE', 3,
 ( #8355, #7741, #775, #6101, #2283, #5488, #3089, #5301, #1541, #5348, #8401, #4546, #3983, #5446, #8501, #4590, #2328, #7643, #5392, #3843, #911, #7041 ),
 .UNSPECIFIED., .F., .F.,
 ( 4, 3, 3, 3, 3, 3, 3, 4 ),
 ( 0.0002168574548798289951, 0.0002188290334246843544, 0.0002305812013871231712, 0.0002423333607551960735, 0.0002540856419916145774, 0.0002658380091482346989, 0.0002775903405257857141, 0.0002867718163053184889 ),
 .UNSPECIFIED. ) ;
#4072 = ADVANCED_FACE ( 'NONE', ( #8255 ), #470, .T. ) ;
#4073 = ORIENTED_EDGE ( 'NONE', *, *, #9356, .T. ) ;
#4074 = FACE_OUTER_BOUND ( 'NONE', #1206, .T. ) ;
#4075 = ORIENTED_EDGE ( 'NONE', *, *, #8314, .F. ) ;
#4076 = CARTESIAN_POINT ( 'NONE',  ( 8.384458441792393302, 1.862412082470863872, -3.500000000000000000 ) ) ;
#4077 = CARTESIAN_POINT ( 'NONE',  ( -3.818819942739364315, -8.045099564303399120, -3.437256629622304605 ) ) ;
#4078 = VERTEX_POINT ( 'NONE', #5051 ) ;
#4079 = EDGE_CURVE ( 'NONE', #5024, #4892, #8689, .T. ) ;
#4080 = CARTESIAN_POINT ( 'NONE',  ( 8.661757950096310665, -2.028275572020148854, -3.453478796700601539 ) ) ;
#4081 = EDGE_CURVE ( 'NONE', #8287, #9630, #2893, .T. ) ;
#4082 = B_SPLINE_CURVE_WITH_KNOTS ( 'NONE', 3,
 ( #1097, #8714, #1150, #8868, #7264, #8068, #9472, #4208, #2757, #225, #9420, #1852, #1904, #9518, #2000, #1199, #4254, #4056, #7308, #5703, #427, #380, #7861, #334, #3508 ),
 .UNSPECIFIED., .F., .F.,
 ( 4, 3, 3, 3, 3, 3, 3, 3, 4 ),
 ( 0.0001509499138714732818, 0.0001527764003826850435, 0.0001645282963311817006, 0.0001762803579144487157, 0.0001880325997012767883, 0.0001997849575937713916, 0.0002115373162334678017, 0.0002188290956692490272, 0.0002208042975641461838 ),
 .UNSPECIFIED. ) ;
#4083 = ORIENTED_EDGE ( 'NONE', *, *, #7029, .F. ) ;
#4084 = DIRECTION ( 'NONE',  ( 1.000000000000000000, 0.000000000000000000, 0.000000000000000000 ) ) ;
#4085 = CARTESIAN_POINT ( 'NONE',  ( 0.05000000000000002359, -8.838348897068080134, -3.456075294419946431 ) ) ;
#4086 = ADVANCED_FACE ( 'NONE', ( #9704 ), #6695, .T. ) ;
#4087 = VERTEX_POINT ( 'NONE', #2091 ) ;
#4088 = CARTESIAN_POINT ( 'NONE',  ( 6.947969869725817205, 5.476868677478562653, 3.464362763198132189 ) ) ;
#4089 = ORIENTED_EDGE ( 'NONE', *, *, #5614, .F. ) ;
#4090 = CARTESIAN_POINT ( 'NONE',  ( 6.924430402411174690, 5.586001379475661111, -3.452421434499180375 ) ) ;
#4091 = DIRECTION ( 'NONE',  ( 1.000000000000000000, 0.000000000000000000, 0.000000000000000000 ) ) ;
#4092 = CARTESIAN_POINT ( 'NONE',  ( -0.05000000000000003747, -8.619738104553002600, 3.143904910697431276 ) ) ;
#4093 = CARTESIAN_POINT ( 'NONE',  ( 0.000000000000000000, 0.000000000000000000, -3.193750000000000533 ) ) ;
#4094 = CARTESIAN_POINT ( 'NONE',  ( 6.931275761065990970, -5.591460370840311001, 3.437256629622303716 ) ) ;
#4095 = ORIENTED_EDGE ( 'NONE', *, *, #8499, .F. ) ;
#4096 = CARTESIAN_POINT ( 'NONE',  ( 3.790998746200546776, 7.987328254412442874, -3.459673052288552153 ) ) ;
#4097 = EDGE_CURVE ( 'NONE', #9503, #6211, #1449, .T. ) ;
#4098 = CARTESIAN_POINT ( 'NONE',  ( -3.848021920683426966, -7.875261609230231663, 3.351299362948741756 ) ) ;
#4099 = CARTESIAN_POINT ( 'NONE',  ( -3.791356179071698751, 7.988070471417512586, -3.460296783607140103 ) ) ;
#4100 = VERTEX_POINT ( 'NONE', #571 ) ;
#4101 = CARTESIAN_POINT ( 'NONE',  ( 0.000000000000000000, 0.000000000000000000, 3.094141646974374105 ) ) ;
#4102 = CARTESIAN_POINT ( 'NONE',  ( 8.604868042990053922, 2.015290821964419887, 3.454996609771464833 ) ) ;
#4103 = DIRECTION ( 'NONE',  ( 1.000000000000000000, 0.000000000000000000, 0.000000000000000000 ) ) ;
#4104 = CARTESIAN_POINT ( 'NONE',  ( -0.05000000000000002359, -8.854075290523239161, -3.467739038050325018 ) ) ;
#4105 = DIRECTION ( 'NONE',  ( -1.000000000000000000, 0.000000000000000000, 0.000000000000000000 ) ) ;
#4106 = ORIENTED_EDGE ( 'NONE', *, *, #5995, .T. ) ;
#4107 = VERTEX_POINT ( 'NONE', #9762 ) ;
#4108 = DIRECTION ( 'NONE',  ( -0.000000000000000000, -0.000000000000000000, 1.000000000000000000 ) ) ;
#4109 = DIRECTION ( 'NONE',  ( 1.224646799147353207E-16, 1.000000000000000000, 0.000000000000000000 ) ) ;
#4110 = AXIS2_PLACEMENT_3D ( 'NONE', #6139, #3172, #2319 ) ;
#4111 = FACE_BOUND ( 'NONE', #3497, .T. ) ;
#4112 = CIRCLE ( 'NONE', #5572, 8.896693082788692308 ) ;
#4113 = CARTESIAN_POINT ( 'NONE',  ( -6.931275761066067354, -5.591460370840216854, 3.437256629622304160 ) ) ;
#4114 = DIRECTION ( 'NONE',  ( -0.000000000000000000, -0.000000000000000000, 1.000000000000000000 ) ) ;
#4115 = CARTESIAN_POINT ( 'NONE',  ( 7.103543054549994906, 5.600934152399529076, -3.193750000000000089 ) ) ;
#4116 = B_SPLINE_CURVE_WITH_KNOTS ( 'NONE', 3,
 ( #5183, #3776, #8939, #555, #504, #2927, #3733 ),
 .UNSPECIFIED., .F., .F.,
 ( 4, 3, 4 ),
 ( 0.001199429903413612485, 0.001225696219576498771, 0.001498119107920983578 ),
 .UNSPECIFIED. ) ;
#4117 = EDGE_LOOP ( 'NONE', ( #473, #3139, #2938, #3960, #2147, #7569 ) ) ;
#4118 = CIRCLE ( 'NONE', #2840, 9.046037105128458933 ) ;
#4119 = AXIS2_PLACEMENT_3D ( 'NONE', #2678, #9653, #4889 ) ;
#4120 = CARTESIAN_POINT ( 'NONE',  ( 8.662371385772228649, 2.028415584710071773, 3.452421434499180375 ) ) ;
#4121 = ORIENTED_EDGE ( 'NONE', *, *, #269, .F. ) ;
#4122 = CIRCLE ( 'NONE', #2540, 8.588813778810038713 ) ;
#4123 = LINE ( 'NONE', #6434, #7164 ) ;
#4124 = AXIS2_PLACEMENT_3D ( 'NONE', #5577, #1219, #1054 ) ;
#4125 = CARTESIAN_POINT ( 'NONE',  ( -0.05000000000000001665, -8.900930351248694805, 3.444839032082839037 ) ) ;
#4126 = PLANE ( 'NONE',  #2854 ) ;
#4127 = ORIENTED_EDGE ( 'NONE', *, *, #3287, .T. ) ;
#4128 = CARTESIAN_POINT ( 'NONE',  ( -3.879692025218556939, -7.941025258929109931, -3.455541280135825399 ) ) ;
#4129 = AXIS2_PLACEMENT_3D ( 'NONE', #7873, #7320, #8031 ) ;
#4130 = CONICAL_SURFACE ( 'NONE', #6051, 9.046037105128458933, 0.5235987755983011471 ) ;
#4131 = CARTESIAN_POINT ( 'NONE',  ( 8.650639518000613037, -2.025737862448855342, -3.465025888964337497 ) ) ;
#4132 = CIRCLE ( 'NONE', #8144, 9.046037105128458933 ) ;
#4133 = ORIENTED_EDGE ( 'NONE', *, *, #5019, .T. ) ;
#4134 = EDGE_CURVE ( 'NONE', #717, #396, #2899, .T. ) ;
#4135 = CONICAL_SURFACE ( 'NONE', #7511, 4.524999999999999467, 0.7853981633974523868 ) ;
#4136 = DIRECTION ( 'NONE',  ( -1.000000000000000000, 1.776356839400250465E-15, 0.000000000000000000 ) ) ;
#4137 = LINE ( 'NONE', #1183, #9400 ) ;
#4138 = EDGE_CURVE ( 'NONE', #4216, #1451, #7386, .T. ) ;
#4139 = ORIENTED_EDGE ( 'NONE', *, *, #1514, .T. ) ;
#4140 = EDGE_CURVE ( 'NONE', #8365, #4303, #3306, .T. ) ;
#4141 = CARTESIAN_POINT ( 'NONE',  ( 6.982221020360139363, 5.504183058648036919, 3.460240287494900535 ) ) ;
#4142 = ORIENTED_EDGE ( 'NONE', *, *, #969, .T. ) ;
#4143 = CARTESIAN_POINT ( 'NONE',  ( 6.934698440303953326, 5.594189866451189985, -3.429674227117770702 ) ) ;
#4144 = CARTESIAN_POINT ( 'NONE',  ( -8.362206348396773237, -1.959904873688991467, 3.099533293948748103 ) ) ;
#4145 = DIRECTION ( 'NONE',  ( 1.000000000000000000, 0.000000000000000000, 0.000000000000000000 ) ) ;
#4146 = CARTESIAN_POINT ( 'NONE',  ( -3.879820004569297431, 8.171767497885925380, -3.094141646974374105 ) ) ;
#4147 = CIRCLE ( 'NONE', #9582, 9.046037105128458933 ) ;
#4148 = CARTESIAN_POINT ( 'NONE',  ( 3.879820004569354719, -8.171767497885896958, -3.193750000000000089 ) ) ;
#4149 = AXIS2_PLACEMENT_3D ( 'NONE', #8330, #8920, #7428 ) ;
#4151 = EDGE_CURVE ( 'NONE', #5744, #50, #307, .T. ) ;
#4150 = ORIENTED_EDGE ( 'NONE', *, *, #1159, .T. ) ;
#4152 = AXIS2_PLACEMENT_3D ( 'NONE', #2102, #2910, #6655 ) ;
#4153 = CARTESIAN_POINT ( 'NONE',  ( -0.05000000000000002359, -8.869541062855445190, 3.469985047562924141 ) ) ;
#4154 = ORIENTED_EDGE ( 'NONE', *, *, #2733, .T. ) ;
#4155 = DIRECTION ( 'NONE',  ( -0.000000000000000000, -0.000000000000000000, 1.000000000000000000 ) ) ;
#4156 = CLOSED_SHELL ( 'NONE', ( #65, #8508 ) ) ;
#4157 = CARTESIAN_POINT ( 'NONE',  ( 0.000000000000000000, 0.000000000000000000, -3.094141646974374105 ) ) ;
#4158 = CARTESIAN_POINT ( 'NONE',  ( 6.931275761066028274, 5.591460370840263927, 3.437256629622304160 ) ) ;
#4159 = ORIENTED_EDGE ( 'NONE', *, *, #9656, .F. ) ;
#4160 = CIRCLE ( 'NONE', #8799, 2.450000000000000622 ) ;
#4161 = DIRECTION ( 'NONE',  ( -0.000000000000000000, -0.000000000000000000, 1.000000000000000000 ) ) ;
#4162 = CARTESIAN_POINT ( 'NONE',  ( 8.534077790247366124, 1.999133408725472849, 3.351299362948742200 ) ) ;
#4163 = DIRECTION ( 'NONE',  ( 1.000000000000000000, 0.000000000000000000, 0.000000000000000000 ) ) ;
#4164 = CARTESIAN_POINT ( 'NONE',  ( -0.05000000000000002359, -8.887620632346431293, -3.462633071500297088 ) ) ;
#4165 = EDGE_CURVE ( 'NONE', #6806, #4233, #3048, .T. ) ;
#4166 = CIRCLE ( 'NONE', #9771, 9.046037105128460709 ) ;
#4167 = VECTOR ( 'NONE', #6304, 1000.000000000000000 ) ;
#4168 = EDGE_LOOP ( 'NONE', ( #4154, #9367, #7700, #7688 ) ) ;
#4169 = VERTEX_POINT ( 'NONE', #9161 ) ;
#4170 = FACE_OUTER_BOUND ( 'NONE', #2676, .T. ) ;
#4171 = PLANE ( 'NONE',  #2369 ) ;
#4172 = CARTESIAN_POINT ( 'NONE',  ( 0.000000000000000000, 0.000000000000000000, -3.500000000000000444 ) ) ;
#4173 = CARTESIAN_POINT ( 'NONE',  ( 7.041194074364121036, 5.679117300646331579, 3.500000000000000000 ) ) ;
#4174 = CIRCLE ( 'NONE', #7212, 11.00000000000000000 ) ;
#4175 = CARTESIAN_POINT ( 'NONE',  ( 6.986025398574870593, 5.507216949035530718, -3.453994494324953202 ) ) ;
#4176 = ADVANCED_BREP_SHAPE_REPRESENTATION ( '5972K501_Steel Ball Bearing', ( #7036, #6980, #6874, #313, #176, #446, #362, #6939, #3705, #3615, #3580, #238, #3629, #4369 ), #3087 ) ;
#4177 = EDGE_LOOP ( 'NONE', ( #6488, #4423, #7344, #4043, #5199, #9664 ) ) ;
#4178 = DIRECTION ( 'NONE',  ( -0.000000000000000000, -0.000000000000000000, 1.000000000000000000 ) ) ;
#4179 = EDGE_LOOP ( 'NONE', ( #5890, #2354, #488, #1923 ) ) ;
#4180 = DIRECTION ( 'NONE',  ( -0.6234898018587372581, -0.7818314824680268060, 0.000000000000000000 ) ) ;
#4181 = FACE_OUTER_BOUND ( 'NONE', #1191, .T. ) ;
#4182 = DIRECTION ( 'NONE',  ( -0.7818314824680352437, -0.6234898018587267110, -0.000000000000000000 ) ) ;
#4183 = ORIENTED_EDGE ( 'NONE', *, *, #6007, .T. ) ;
#4184 = CARTESIAN_POINT ( 'NONE',  ( 0.05000000000000001665, -8.955090244376902930, -3.351032822740168449 ) ) ;
#4185 = PLANE ( 'NONE',  #8163 ) ;
#4186 = EDGE_LOOP ( 'NONE', ( #8259, #521, #52, #4083 ) ) ;
#4187 = DIRECTION ( 'NONE',  ( -0.4338837391175462410, 0.9009688679024249192, 0.000000000000000000 ) ) ;
#4188 = CARTESIAN_POINT ( 'NONE',  ( -9.621762239271875572, 1.178326032848117103E-15, 1.224999999999999867 ) ) ;
#4189 = ORIENTED_EDGE ( 'NONE', *, *, #5756, .F. ) ;
#4190 = DIRECTION ( 'NONE',  ( 0.000000000000000000, 0.000000000000000000, -1.000000000000000000 ) ) ;
#4191 = ORIENTED_EDGE ( 'NONE', *, *, #8492, .T. ) ;
#4192 = DIRECTION ( 'NONE',  ( -0.000000000000000000, -0.000000000000000000, 1.000000000000000000 ) ) ;
#4193 = DIRECTION ( 'NONE',  ( 0.000000000000000000, 0.000000000000000000, -1.000000000000000000 ) ) ;
#4194 = DIRECTION ( 'NONE',  ( 1.000000000000000000, 0.000000000000000000, 0.000000000000000000 ) ) ;
#4195 = DIRECTION ( 'NONE',  ( -0.000000000000000000, -0.000000000000000000, 1.000000000000000000 ) ) ;
#4196 = ADVANCED_FACE ( 'NONE', ( #2182 ), #1759, .T. ) ;
#4197 = DIRECTION ( 'NONE',  ( 0.7818314824680221431, -0.6234898018587431423, -0.000000000000000000 ) ) ;
#4198 = ORIENTED_EDGE ( 'NONE', *, *, #726, .F. ) ;
#4199 = CIRCLE ( 'NONE', #9645, 9.046037105128458933 ) ;
#4200 = ORIENTED_EDGE ( 'NONE', *, *, #8627, .F. ) ;
#4201 = EDGE_CURVE ( 'NONE', #3592, #5528, #9053, .T. ) ;
#4202 = ORIENTED_EDGE ( 'NONE', *, *, #4338, .F. ) ;
#4203 = CARTESIAN_POINT ( 'NONE',  ( 8.643211183988315227, 1.921470707357639363, -3.467739038050325018 ) ) ;
#4204 = CARTESIAN_POINT ( 'NONE',  ( 8.384458441792379091, -1.862412082470922270, -3.099533293948748103 ) ) ;
#4205 = CARTESIAN_POINT ( 'NONE',  ( -3.796590850085376445, 7.998940377781432076, -3.467739038050325018 ) ) ;
#4206 = EDGE_LOOP ( 'NONE', ( #5735, #3304, #8541, #9692, #8428, #3010 ) ) ;
#4207 = CIRCLE ( 'NONE', #1168, 5.049999999999998934 ) ;
#4208 = CARTESIAN_POINT ( 'NONE',  ( -6.977371155119564961, -5.500315420178938375, 3.465025888964337497 ) ) ;
#4209 = DIRECTION ( 'NONE',  ( -1.000000000000000000, 6.217248937900876626E-15, 0.000000000000000000 ) ) ;
#4210 = FACE_OUTER_BOUND ( 'NONE', #484, .T. ) ;
#4211 = CARTESIAN_POINT ( 'NONE',  ( -0.05000000000000000971, 9.046037105128458933, 3.094141646974374105 ) ) ;
#4212 = EDGE_CURVE ( 'NONE', #903, #7151, #4510, .T. ) ;
#4213 = CIRCLE ( 'NONE', #2444, 5.378237760728125316 ) ;
#4214 = CARTESIAN_POINT ( 'NONE',  ( 0.05000000000000001665, -8.895021265232191610, 3.455073707654066073 ) ) ;
#4215 = EDGE_LOOP ( 'NONE', ( #1844, #8067, #9448, #3880 ) ) ;
#4216 = VERTEX_POINT ( 'NONE', #5670 ) ;
#4217 = DIRECTION ( 'NONE',  ( -0.000000000000000000, -0.000000000000000000, 1.000000000000000000 ) ) ;
#4218 = CARTESIAN_POINT ( 'NONE',  ( 8.681279677114373428, -1.930159592493591703, -3.457544059217933619 ) ) ;
#4219 = EDGE_CURVE ( 'NONE', #4100, #2573, #6291, .T. ) ;
#4220 = CARTESIAN_POINT ( 'NONE',  ( 5.686989865158905921, 0.000000000000000000, 3.500000000000000000 ) ) ;
#4221 = ADVANCED_FACE ( 'NONE', ( #8677 ), #8084, .F. ) ;
#4222 = CARTESIAN_POINT ( 'NONE',  ( 3.789429660203686989, -7.984070013767042617, 3.454996609771464833 ) ) ;
#4223 = CARTESIAN_POINT ( 'NONE',  ( -6.970196991303178713, 5.622499016217120449, 3.351032822740167560 ) ) ;
#4224 = AXIS2_PLACEMENT_3D ( 'NONE', #9145, #9188, #2310 ) ;
#4225 = CARTESIAN_POINT ( 'NONE',  ( 6.997047420489827196, 5.516006718204386594, -3.429674227117769814 ) ) ;
#4226 = EDGE_LOOP ( 'NONE', ( #4466, #8884, #3718, #4376, #4640, #418 ) ) ;
#4227 = CARTESIAN_POINT ( 'NONE',  ( -8.785959443115451961, 1.954052065984086317, 3.272391413630716173 ) ) ;
#4228 = ORIENTED_EDGE ( 'NONE', *, *, #7193, .F. ) ;
#4229 = PLANE ( 'NONE',  #1415 ) ;
#4230 = CARTESIAN_POINT ( 'NONE',  ( -3.694915755622327325, 7.787809868630389154, 3.143904910697431276 ) ) ;
#4231 = DIRECTION ( 'NONE',  ( -1.000000000000000000, -3.552713678800500929E-15, 0.000000000000000000 ) ) ;
#4232 = ADVANCED_FACE ( 'NONE', ( #2719 ), #5777, .T. ) ;
#4233 = VERTEX_POINT ( 'NONE', #445 ) ;
#4234 = CARTESIAN_POINT ( 'NONE',  ( 3.969916891359596800, -8.128379123974143639, 3.193750000000000089 ) ) ;
#4235 = CARTESIAN_POINT ( 'NONE',  ( -8.627120136385698856, -1.917798030746181048, -3.454996609771464833 ) ) ;
#4236 = ORIENTED_EDGE ( 'NONE', *, *, #1740, .F. ) ;
#4237 = CARTESIAN_POINT ( 'NONE',  ( 3.969916891359654976, 8.128379123974113440, -3.193750000000000089 ) ) ;
#4238 = DIRECTION ( 'NONE',  ( -0.4338837391175525693, 0.9009688679024218105, -0.000000000000000000 ) ) ;
#4239 = VERTEX_POINT ( 'NONE', #2570 ) ;
#4240 = CARTESIAN_POINT ( 'NONE',  ( -5.686989865158905921, 6.964553935150292221E-16, 2.758752104430781671 ) ) ;
#4241 = ORIENTED_EDGE ( 'NONE', *, *, #8976, .F. ) ;
#4242 = CARTESIAN_POINT ( 'NONE',  ( -3.890186641437256565, 7.962817554056483615, -3.469900311146004501 ) ) ;
#4243 = LINE ( 'NONE', #8899, #6565 ) ;
#4244 = CARTESIAN_POINT ( 'NONE',  ( -3.879692025218391294, 7.941025258929193420, 3.455541280135826288 ) ) ;
#4245 = CARTESIAN_POINT ( 'NONE',  ( -8.697427512990328680, 1.933845230657861292, -3.429674227117770702 ) ) ;
#4246 = VERTEX_POINT ( 'NONE', #4920 ) ;
#4247 = ORIENTED_EDGE ( 'NONE', *, *, #3176, .F. ) ;
#4248 = VERTEX_POINT ( 'NONE', #1167 ) ;
#4249 = CARTESIAN_POINT ( 'NONE',  ( 8.633289009070969300, 1.919206035680997013, -3.461862008941932967 ) ) ;
#4250 = CARTESIAN_POINT ( 'NONE',  ( 8.604868042990039712, -2.015290821964479839, 3.454996609771464833 ) ) ;
#4251 = LINE ( 'NONE', #9372, #9575 ) ;
#4252 = ORIENTED_EDGE ( 'NONE', *, *, #4658, .T. ) ;
#4253 = EDGE_CURVE ( 'NONE', #4515, #964, #9439, .T. ) ;
#4254 = CARTESIAN_POINT ( 'NONE',  ( -6.950697486251040225, -5.479043879072428957, 3.466377381984354411 ) ) ;
#4255 = DIRECTION ( 'NONE',  ( 0.6234898018590124824, -0.7818314824678073149, 0.000000000000000000 ) ) ;
#4256 = CARTESIAN_POINT ( 'NONE',  ( 0.000000000000000000, 0.000000000000000000, 3.500000000000000000 ) ) ;
#4257 = CARTESIAN_POINT ( 'NONE',  ( -0.05000000000000002359, -8.873523803643941221, -3.469378817057675590 ) ) ;
#4258 = CARTESIAN_POINT ( 'NONE',  ( 3.771531933161343275, 7.716428513517212373, 3.099533293948748103 ) ) ;
#4259 = ORIENTED_EDGE ( 'NONE', *, *, #8909, .F. ) ;
#4260 = ORIENTED_EDGE ( 'NONE', *, *, #6963, .T. ) ;
#4261 = DIRECTION ( 'NONE',  ( -0.6234898018587320401, 0.7818314824680310249, 0.000000000000000000 ) ) ;
#4262 = EDGE_CURVE ( 'NONE', #508, #6835, #8131, .T. ) ;
#4263 = CARTESIAN_POINT ( 'NONE',  ( -0.05000000000000004441, -8.588668239434865015, -3.099533293948748103 ) ) ;
#4264 = DIRECTION ( 'NONE',  ( -0.000000000000000000, -0.000000000000000000, 1.000000000000000000 ) ) ;
#4265 = EDGE_CURVE ( 'NONE', #4100, #9441, #2688, .T. ) ;
#4266 = EDGE_CURVE ( 'NONE', #7248, #186, #8798, .T. ) ;
#4267 = CARTESIAN_POINT ( 'NONE',  ( 3.923268333885891579, -8.261988883357009428, 3.094141646974374105 ) ) ;
#4268 = CARTESIAN_POINT ( 'NONE',  ( 0.000000000000000000, 0.000000000000000000, 3.454996609771464389 ) ) ;
#4269 = CARTESIAN_POINT ( 'NONE',  ( 6.953569300366282846, 5.481334074407227419, -3.467739038050325018 ) ) ;
#4270 = VERTEX_POINT ( 'NONE', #2971 ) ;
#4271 = ADVANCED_FACE ( 'NONE', ( #2065 ), #9686, .T. ) ;
#4272 = FACE_OUTER_BOUND ( 'NONE', #8457, .T. ) ;
#4273 = ORIENTED_EDGE ( 'NONE', *, *, #4513, .T. ) ;
#4274 = CARTESIAN_POINT ( 'NONE',  ( 6.746065712156391392, 5.315855484712227685, -3.094141646974374105 ) ) ;
#4275 = CARTESIAN_POINT ( 'NONE',  ( -0.05000000000000002359, 8.858323562023631581, 3.469014143938407457 ) ) ;
#4276 = CARTESIAN_POINT ( 'NONE',  ( 7.068044516080762563, -5.572625012626176044, 3.272391413630715729 ) ) ;
#4277 = ORIENTED_EDGE ( 'NONE', *, *, #8128, .T. ) ;
#4278 = DIRECTION ( 'NONE',  ( 1.000000000000000000, 0.000000000000000000, 0.000000000000000000 ) ) ;
#4279 = CARTESIAN_POINT ( 'NONE',  ( 0.000000000000000000, 5.378237760728125316, -2.758752104430781671 ) ) ;
#4280 = CIRCLE ( 'NONE', #2679, 2.450000000000000622 ) ;
#4281 = CIRCLE ( 'NONE', #94, 5.378237760728125316 ) ;
#4282 = EDGE_LOOP ( 'NONE', ( #3794, #8169, #1448, #3633 ) ) ;
#4283 = EDGE_CURVE ( 'NONE', #3188, #7182, #3904, .T. ) ;
#4284 = CARTESIAN_POINT ( 'NONE',  ( 3.848021920683315944, -7.875261609230285842, -3.351299362948741756 ) ) ;
#4285 = DIRECTION ( 'NONE',  ( 1.000000000000000000, 0.000000000000000000, 0.000000000000000000 ) ) ;
#4286 = ORIENTED_EDGE ( 'NONE', *, *, #9352, .F. ) ;
#4287 = VECTOR ( 'NONE', #5811, 1000.000000000000000 ) ;
#4288 = DIRECTION ( 'NONE',  ( -0.000000000000000000, -0.000000000000000000, 1.000000000000000000 ) ) ;
#4289 = DIRECTION ( 'NONE',  ( -0.000000000000000000, -0.000000000000000000, 1.000000000000000000 ) ) ;
#4290 = CIRCLE ( 'NONE', #108, 8.588813778810038713 ) ;
#4291 = CARTESIAN_POINT ( 'NONE',  ( 0.000000000000000000, 7.500000000000000000, -3.092233167847068013E-16 ) ) ;
#4292 = LINE ( 'NONE', #2032, #2399 ) ;
#4293 = LINE ( 'NONE', #3643, #7188 ) ;
#4294 = DIRECTION ( 'NONE',  ( -0.000000000000000000, -0.000000000000000000, 1.000000000000000000 ) ) ;
#4295 = EDGE_LOOP ( 'NONE', ( #9760, #1796, #256, #1683 ) ) ;
#4296 = ORIENTED_EDGE ( 'NONE', *, *, #254, .T. ) ;
#4297 = CONICAL_SURFACE ( 'NONE', #2702, 9.046037105128458933, 0.5235987755983011471 ) ;
#4298 = VECTOR ( 'NONE', #6127, 1000.000000000000000 ) ;
#4299 = ORIENTED_EDGE ( 'NONE', *, *, #1062, .T. ) ;
#4300 = FACE_OUTER_BOUND ( 'NONE', #5445, .T. ) ;
#4301 = CARTESIAN_POINT ( 'NONE',  ( 8.485539612174505919, -1.885483199994362202, -3.247602129575368757 ) ) ;
#4302 = CARTESIAN_POINT ( 'NONE',  ( -6.956890732771283226, 5.483982828363348716, -3.469014143938407457 ) ) ;
#4303 = VERTEX_POINT ( 'NONE', #2113 ) ;
#4304 = CIRCLE ( 'NONE', #6544, 9.498018552564230887 ) ;
#4305 = CARTESIAN_POINT ( 'NONE',  ( 3.812491355094313139, -8.031958116648651114, 3.460240287494900091 ) ) ;
#4306 = CARTESIAN_POINT ( 'NONE',  ( 6.746065712156391392, 5.315855484712227685, 3.099533293948748103 ) ) ;
#4307 = CONICAL_SURFACE ( 'NONE', #8151, 8.869223585189136116, 0.6108652381980126389 ) ;
#4308 = DIRECTION ( 'NONE',  ( 1.000000000000000000, 0.000000000000000000, 0.000000000000000000 ) ) ;
#4309 = CARTESIAN_POINT ( 'NONE',  ( 9.621762239271875572, 0.000000000000000000, 3.500000000000000000 ) ) ;
#4310 = AXIS2_PLACEMENT_3D ( 'NONE', #8870, #8173, #8071 ) ;
#4311 = CARTESIAN_POINT ( 'NONE',  ( -6.878614483356479070, -5.549464403242275523, 3.455541280135824955 ) ) ;
#4312 = ORIENTED_EDGE ( 'NONE', *, *, #1088, .T. ) ;
#4313 = ORIENTED_EDGE ( 'NONE', *, *, #8014, .T. ) ;
#4314 = DIRECTION ( 'NONE',  ( -0.000000000000000000, -0.000000000000000000, 1.000000000000000000 ) ) ;
#4315 = DIRECTION ( 'NONE',  ( -1.000000000000000000, 0.000000000000000000, 0.000000000000000000 ) ) ;
#4316 = CONICAL_SURFACE ( 'NONE', #9925, 9.046037105128458933, 0.5235987755983011471 ) ;
#4317 = DIRECTION ( 'NONE',  ( 1.000000000000000000, 0.000000000000000000, 0.000000000000000000 ) ) ;
#4318 = CARTESIAN_POINT ( 'NONE',  ( 3.681435046371045683, -7.759816887428994114, 3.099533293948748103 ) ) ;
#4319 = LINE ( 'NONE', #2112, #6693 ) ;
#4320 = CARTESIAN_POINT ( 'NONE',  ( 6.982221020360139363, 5.504183058648036919, -3.460240287494900535 ) ) ;
#4321 = CONICAL_SURFACE ( 'NONE', #7842, 8.869223585189136116, 0.6108652381980126389 ) ;
#4322 = EDGE_CURVE ( 'NONE', #7216, #3162, #6887, .T. ) ;
#4323 = AXIS2_PLACEMENT_3D ( 'NONE', #9460, #2485, #2589 ) ;
#4324 = EDGE_CURVE ( 'NONE', #6052, #455, #3850, .T. ) ;
#4325 = CARTESIAN_POINT ( 'NONE',  ( -9.046037105128458933, -1.107820038576375774E-15, -2.994533293948747676 ) ) ;
#4326 = ADVANCED_FACE ( 'NONE', ( #9732 ), #7692, .F. ) ;
#4327 = ORIENTED_EDGE ( 'NONE', *, *, #5077, .T. ) ;
#4328 = DIRECTION ( 'NONE',  ( -0.000000000000000000, -0.000000000000000000, 1.000000000000000000 ) ) ;
#4329 = AXIS2_PLACEMENT_3D ( 'NONE', #4976, #387, #3460 ) ;
#4330 = CARTESIAN_POINT ( 'NONE',  ( -8.380768779485729070, 1.048178488476693105E-15, -3.376256313292342437 ) ) ;
#4331 = CARTESIAN_POINT ( 'NONE',  ( 8.362206348396748368, -1.959904873689104710, 3.094141646974374105 ) ) ;
#4332 = TOROIDAL_SURFACE ( 'NONE', #6409, 8.866382193656235700, 0.03500000000000000333 ) ;
#4333 = ORIENTED_EDGE ( 'NONE', *, *, #5995, .F. ) ;
#4334 = EDGE_CURVE ( 'NONE', #11, #3316, #5134, .T. ) ;
#4335 = DIRECTION ( 'NONE',  ( 1.000000000000000000, 0.000000000000000000, 0.000000000000000000 ) ) ;
#4336 = ORIENTED_EDGE ( 'NONE', *, *, #5989, .F. ) ;
#4337 = CYLINDRICAL_SURFACE ( 'NONE', #7254, 5.378237760728125316 ) ;
#4338 = EDGE_CURVE ( 'NONE', #4413, #887, #7580, .T. ) ;
#4339 = ORIENTED_EDGE ( 'NONE', *, *, #7385, .T. ) ;
#4340 = CARTESIAN_POINT ( 'NONE',  ( -3.771531933161234029, 7.716428513517264776, -3.500000000000000000 ) ) ;
#4341 = DIRECTION ( 'NONE',  ( 0.000000000000000000, 0.000000000000000000, -1.000000000000000000 ) ) ;
#4342 = CARTESIAN_POINT ( 'NONE',  ( 8.380768779485729070, 0.000000000000000000, -3.376256313292342437 ) ) ;
#4343 = ORIENTED_EDGE ( 'NONE', *, *, #3277, .T. ) ;
#4344 = EDGE_CURVE ( 'NONE', #9241, #7191, #5327, .T. ) ;
#4345 = B_SPLINE_CURVE_WITH_KNOTS ( 'NONE', 3,
 ( #5151, #6636, #9052, #2175, #3636, #9756, #9003, #5196, #4435, #7495, #622, #3696, #4587, #2278, #4643, #9, #3085, #7640, #3787, #1489, #769, #54, #9102, #9202, #5389 ),
 .UNSPECIFIED., .F., .F.,
 ( 4, 3, 3, 3, 3, 3, 3, 3, 4 ),
 ( 0.0001509499138714756670, 0.0001527764003826867782, 0.0001645282963311840046, 0.0001762803579144511822, 0.0001880325997012805288, 0.0001997849575937743461, 0.0002115373162334719488, 0.0002188290956692535267, 0.0002208042975641515777 ),
 .UNSPECIFIED. ) ;
#4346 = CARTESIAN_POINT ( 'NONE',  ( -6.878316301899149110, 5.549226611465233994, 3.454996609771464833 ) ) ;
#4347 = ADVANCED_FACE ( 'NONE', ( #1521 ), #4477, .T. ) ;
#4348 = DIRECTION ( 'NONE',  ( 0.000000000000000000, 0.000000000000000000, 1.000000000000000000 ) ) ;
#4349 = CARTESIAN_POINT ( 'NONE',  ( -3.888281473680893718, -7.958861432445908157, 3.469100694293998810 ) ) ;
#4350 = CARTESIAN_POINT ( 'NONE',  ( -3.900057710434547076, 7.983315040036399246, 3.464797546056691768 ) ) ;
#4351 = CARTESIAN_POINT ( 'NONE',  ( 6.683716731970517522, 5.394038632959030188, 3.099533293948748103 ) ) ;
#4352 = ORIENTED_EDGE ( 'NONE', *, *, #8241, .T. ) ;
#4353 = ORIENTED_EDGE ( 'NONE', *, *, #1518, .F. ) ;
#4354 = VERTEX_POINT ( 'NONE', #2872 ) ;
#4355 = CARTESIAN_POINT ( 'NONE',  ( 6.891220320180371672, -5.559517222654076107, 3.467739038050325018 ) ) ;
#4356 = CARTESIAN_POINT ( 'NONE',  ( 8.614533864218010706, 2.017496982584323195, 3.464471549642479165 ) ) ;
#4357 = CARTESIAN_POINT ( 'NONE',  ( -6.940665282085022092, 5.471043463218431491, -3.454996609771464833 ) ) ;
#4358 = ORIENTED_EDGE ( 'NONE', *, *, #3154, .F. ) ;
#4359 = DIRECTION ( 'NONE',  ( 0.000000000000000000, 0.000000000000000000, 1.000000000000000000 ) ) ;
#4360 = CARTESIAN_POINT ( 'NONE',  ( 0.000000000000000000, 0.000000000000000000, -3.094141646974374105 ) ) ;
#4361 = CARTESIAN_POINT ( 'NONE',  ( -3.812591928678031650, -8.032166959846890109, -3.459706444013471494 ) ) ;
#4362 = CARTESIAN_POINT ( 'NONE',  ( 0.000000000000000000, 0.000000000000000000, -3.434921434499177639 ) ) ;
#4363 = B_SPLINE_CURVE_WITH_KNOTS ( 'NONE', 3,
 ( #5204, #1388, #4443, #7506, #6754, #9815, #1445, #6803, #7604, #2238, #727, #5304, #4550, #9862, #2993, #1497, #8358, #6046, #9111, #283, #2553, #7110, #5017, #7265, #8763 ),
 .UNSPECIFIED., .F., .F.,
 ( 4, 3, 3, 3, 3, 3, 3, 3, 4 ),
 ( 0.0001509499138714766428, 0.0001527764003826878353, 0.0001645282963311853869, 0.0001762803579144525375, 0.0001880325997012803120, 0.0001997849575937755929, 0.0002115373162334731685, 0.0002188290956692534996, 0.0002208042975641503309 ),
 .UNSPECIFIED. ) ;
#4364 = CARTESIAN_POINT ( 'NONE',  ( -8.534077790247341255, 1.999133408725588312, -3.351299362948740868 ) ) ;
#4365 = VERTEX_POINT ( 'NONE', #655 ) ;
#4366 = ORIENTED_EDGE ( 'NONE', *, *, #9599, .F. ) ;
#4367 = DIRECTION ( 'NONE',  ( -0.000000000000000000, -0.000000000000000000, 1.000000000000000000 ) ) ;
#4368 = CARTESIAN_POINT ( 'NONE',  ( 8.737285000697680104, 1.070008810934259432E-15, 2.758752104430781227 ) ) ;
#4369 = AXIS2_PLACEMENT_3D ( 'NONE', #3694, #9698, #5195 ) ;
#4370 = CARTESIAN_POINT ( 'NONE',  ( 0.05000000000000002359, 8.842010604659868989, 3.460296783607140103 ) ) ;
#4371 = CARTESIAN_POINT ( 'NONE',  ( 6.878614483356439990, 5.549464403242320820, -3.455541280135825843 ) ) ;
#4372 = DIRECTION ( 'NONE',  ( 1.000000000000000000, 0.000000000000000000, 0.000000000000000000 ) ) ;
#4373 = DIRECTION ( 'NONE',  ( -0.000000000000000000, -0.000000000000000000, 1.000000000000000000 ) ) ;
#4374 = VECTOR ( 'NONE', #6909, 1000.000000000000000 ) ;
#4375 = CARTESIAN_POINT ( 'NONE',  ( -3.771531933161234029, 7.716428513517264776, -3.099533293948748103 ) ) ;
#4376 = ORIENTED_EDGE ( 'NONE', *, *, #3679, .T. ) ;
#4377 = CARTESIAN_POINT ( 'NONE',  ( -6.997047420489748148, 5.516006718204486070, -3.429674227117770702 ) ) ;
#4378 = LINE ( 'NONE', #3531, #9884 ) ;
#4379 = CARTESIAN_POINT ( 'NONE',  ( 8.611309364345185458, 2.016761011530178838, -3.462372291138045899 ) ) ;
#4380 = CIRCLE ( 'NONE', #4224, 8.837711872106121191 ) ;
#4381 = ORIENTED_EDGE ( 'NONE', *, *, #8805, .T. ) ;
#4382 = B_SPLINE_CURVE_WITH_KNOTS ( 'NONE', 3,
 ( #8369, #5360, #4561, #3105, #6912, #4604, #6956 ),
 .UNSPECIFIED., .F., .F.,
 ( 4, 3, 4 ),
 ( 0.0009532733312319694027, 0.001225696219576462125, 0.001251962535739347977 ),
 .UNSPECIFIED. ) ;
#4383 = CARTESIAN_POINT ( 'NONE',  ( 0.000000000000000000, 0.000000000000000000, -3.099533293948747659 ) ) ;
#4384 = EDGE_CURVE ( 'NONE', #9451, #7307, #2211, .T. ) ;
#4385 = CARTESIAN_POINT ( 'NONE',  ( -3.848021920683426966, -7.875261609230231663, -3.351299362948741756 ) ) ;
#4386 = ORIENTED_EDGE ( 'NONE', *, *, #5009, .T. ) ;
#4387 = CARTESIAN_POINT ( 'NONE',  ( 8.830360115120004849, -1.964186229627602698, -3.500000000000000444 ) ) ;
#4388 = ORIENTED_EDGE ( 'NONE', *, *, #4344, .F. ) ;
#4389 = DIRECTION ( 'NONE',  ( -0.000000000000000000, -0.000000000000000000, 1.000000000000000000 ) ) ;
#4390 = CARTESIAN_POINT ( 'NONE',  ( 0.000000000000000000, 9.046037105128460709, 3.325000000000000622 ) ) ;
#4391 = EDGE_CURVE ( 'NONE', #3799, #3162, #6315, .T. ) ;
#4392 = VERTEX_POINT ( 'NONE', #893 ) ;
#4393 = DIRECTION ( 'NONE',  ( 1.000000000000000000, 0.000000000000000000, 0.000000000000000000 ) ) ;
#4394 = EDGE_CURVE ( 'NONE', #1238, #3765, #9452, .T. ) ;
#4395 = CARTESIAN_POINT ( 'NONE',  ( -6.883895907083615207, -5.425771397351086378, 3.351299362948741312 ) ) ;
#4396 = DIRECTION ( 'NONE',  ( 1.000000000000000000, 0.000000000000000000, 0.000000000000000000 ) ) ;
#4397 = LINE ( 'NONE', #5001, #5741 ) ;
#4398 = DIRECTION ( 'NONE',  ( -0.000000000000000000, -0.000000000000000000, 1.000000000000000000 ) ) ;
#4399 = ORIENTED_EDGE ( 'NONE', *, *, #2684, .T. ) ;
#4400 = ORIENTED_EDGE ( 'NONE', *, *, #7942, .T. ) ;
#4401 = EDGE_CURVE ( 'NONE', #6305, #9865, #149, .T. ) ;
#4402 = ORIENTED_EDGE ( 'NONE', *, *, #1941, .T. ) ;
#4403 = CARTESIAN_POINT ( 'NONE',  ( 6.683716731970517522, 5.394038632959030188, 3.094141646974374105 ) ) ;
#4404 = CARTESIAN_POINT ( 'NONE',  ( -6.941273910857283624, 5.471528828468017913, -3.456075294419946431 ) ) ;
#4405 = ORIENTED_EDGE ( 'NONE', *, *, #2168, .F. ) ;
#4406 = CARTESIAN_POINT ( 'NONE',  ( 3.801601759304657158, -8.009345637991406974, 3.469915996672630953 ) ) ;
#4407 = CARTESIAN_POINT ( 'NONE',  ( -3.685928616305762517, -7.769147881545152678, -3.114323832567764683 ) ) ;
#4408 = CARTESIAN_POINT ( 'NONE',  ( 0.000000000000000000, 0.000000000000000000, 3.500000000000000000 ) ) ;
#4409 = CARTESIAN_POINT ( 'NONE',  ( 0.000000000000000000, 0.000000000000000000, 3.094141646974374105 ) ) ;
#4410 = B_SPLINE_CURVE_WITH_KNOTS ( 'NONE', 3,
 ( #6110, #3897, #9166, #1501, #62, #4738, #6852 ),
 .UNSPECIFIED., .F., .F.,
 ( 4, 3, 4 ),
 ( 0.0008460917731560547907, 0.0009002598162382144300, 0.001280034707405372767 ),
 .UNSPECIFIED. ) ;
#4411 = ADVANCED_FACE ( 'NONE', ( #5470 ), #4761, .F. ) ;
#4412 = CARTESIAN_POINT ( 'NONE',  ( 0.000000000000000000, 0.000000000000000000, -3.454996609771464389 ) ) ;
#4413 = VERTEX_POINT ( 'NONE', #2498 ) ;
#4414 = EDGE_LOOP ( 'NONE', ( #1540, #6882, #9096, #4041, #729 ) ) ;
#4415 = DIRECTION ( 'NONE',  ( 0.000000000000000000, 0.000000000000000000, -1.000000000000000000 ) ) ;
#4416 = DIRECTION ( 'NONE',  ( -0.000000000000000000, -0.000000000000000000, 1.000000000000000000 ) ) ;
#4417 = CARTESIAN_POINT ( 'NONE',  ( 7.041194074364082844, -5.679117300646379540, 3.193750000000000089 ) ) ;
#4418 = FACE_OUTER_BOUND ( 'NONE', #8820, .T. ) ;
#4419 = CARTESIAN_POINT ( 'NONE',  ( -8.666639397120880162, 2.029389730449147500, 3.444839032082837704 ) ) ;
#4420 = EDGE_CURVE ( 'NONE', #947, #6543, #9227, .T. ) ;
#4421 = DIRECTION ( 'NONE',  ( -0.9009688679024158153, 0.4338837391175651703, 0.000000000000000000 ) ) ;
#4422 = CARTESIAN_POINT ( 'NONE',  ( 3.681435046371045683, -7.759816887428994114, -3.099533293948748103 ) ) ;
#4423 = ORIENTED_EDGE ( 'NONE', *, *, #5917, .T. ) ;
#4424 = CARTESIAN_POINT ( 'NONE',  ( -6.993624741251823984, 5.513277222593560012, -3.437256629622304160 ) ) ;
#4425 = PLANE ( 'NONE',  #1881 ) ;
#4426 = CARTESIAN_POINT ( 'NONE',  ( -8.382400267963360463, -1.964514004052424267, 3.129114371485063106 ) ) ;
#4427 = ORIENTED_EDGE ( 'NONE', *, *, #3429, .F. ) ;
#4428 = CARTESIAN_POINT ( 'NONE',  ( -6.764777536879300612, -5.458682467755097356, 3.247602129575368313 ) ) ;
#4429 = FACE_OUTER_BOUND ( 'NONE', #4563, .T. ) ;
#4430 = APPROVAL_PERSON_ORGANIZATION ( #1537, #3328, #1674 ) ;
#4431 = ORIENTED_EDGE ( 'NONE', *, *, #7045, .T. ) ;
#4432 = CARTESIAN_POINT ( 'NONE',  ( 3.816920499029631486, 8.041155328798692992, -3.444839032082838592 ) ) ;
#4433 = ORIENTED_EDGE ( 'NONE', *, *, #4691, .F. ) ;
#4434 =( LENGTH_UNIT ( ) NAMED_UNIT ( * ) SI_UNIT ( .MILLI., .METRE. ) );
#4435 = CARTESIAN_POINT ( 'NONE',  ( 3.808256333830195128, -8.023164004378772418, -3.466916208273112865 ) ) ;
#4436 = CARTESIAN_POINT ( 'NONE',  ( -5.863736118510165518, 4.676173513940574011, -3.092233167847068013E-16 ) ) ;
#4437 = ORIENTED_EDGE ( 'NONE', *, *, #7638, .T. ) ;
#4438 = DIRECTION ( 'NONE',  ( 0.6234898018587320401, -0.7818314824680310249, 0.000000000000000000 ) ) ;
#4439 = CIRCLE ( 'NONE', #9558, 9.046037105128458933 ) ;
#4440 = CARTESIAN_POINT ( 'NONE',  ( 8.556329883642998624, 1.901640617507290187, 3.351299362948741312 ) ) ;
#4441 = CARTESIAN_POINT ( 'NONE',  ( -3.901242515216009288, -7.985775312515437818, 3.462633071500297088 ) ) ;
#4442 = CARTESIAN_POINT ( 'NONE',  ( -3.881095632990676503, 7.943939880500739292, 3.459673052288552153 ) ) ;
#4443 = CARTESIAN_POINT ( 'NONE',  ( 3.904844937517935932, 7.993255819505018955, 3.453478796700601539 ) ) ;
#4444 = EDGE_CURVE ( 'NONE', #5963, #1655, #9774, .T. ) ;
#4445 = ORIENTED_EDGE ( 'NONE', *, *, #9555, .T. ) ;
#4446 = ORIENTED_EDGE ( 'NONE', *, *, #7190, .T. ) ;
#4447 = VECTOR ( 'NONE', #3630, 1000.000000000000000 ) ;
#4448 = ADVANCED_FACE ( 'NONE', ( #1619 ), #5452, .T. ) ;
#4449 = AXIS2_PLACEMENT_3D ( 'NONE', #9834, #8276, #4317 ) ;
#4450 = ADVANCED_FACE ( 'NONE', ( #5557 ), #9377, .T. ) ;
#4451 = ORIENTED_EDGE ( 'NONE', *, *, #8123, .T. ) ;
#4452 = DIRECTION ( 'NONE',  ( 0.2225209339563246069, 0.9749279121818212879, 0.000000000000000000 ) ) ;
#4453 = CARTESIAN_POINT ( 'NONE',  ( 7.103543054549956715, -5.600934152399576149, -3.193750000000000089 ) ) ;
#4454 = VERTEX_POINT ( 'NONE', #850 ) ;
#4455 = CARTESIAN_POINT ( 'NONE',  ( 3.796590850085432400, -7.998940377781406319, 3.467739038050325018 ) ) ;
#4456 = CARTESIAN_POINT ( 'NONE',  ( 6.883895907083578791, 5.425771397351133452, 3.351299362948741756 ) ) ;
#4457 = CARTESIAN_POINT ( 'NONE',  ( 0.000000000000000000, 0.000000000000000000, 3.094141646974374105 ) ) ;
#4458 = CIRCLE ( 'NONE', #110, 8.588813778810038713 ) ;
#4459 = EDGE_CURVE ( 'NONE', #508, #1091, #2454, .T. ) ;
#4460 = VECTOR ( 'NONE', #2907, 1000.000000000000000 ) ;
#4461 = CARTESIAN_POINT ( 'NONE',  ( -0.05000000000000002359, 8.884889935907555270, -3.464797546056691768 ) ) ;
#4462 = CIRCLE ( 'NONE', #4936, 8.837711872106121191 ) ;
#4463 = CONICAL_SURFACE ( 'NONE', #2529, 9.498018552564230887, 0.7853981633974393972 ) ;
#4464 = CARTESIAN_POINT ( 'NONE',  ( -6.886067688689508692, -5.555408136157241827, 3.464471549642479165 ) ) ;
#4465 = ORIENTED_EDGE ( 'NONE', *, *, #7142, .F. ) ;
#4466 = ORIENTED_EDGE ( 'NONE', *, *, #1702, .T. ) ;
#4467 = FACE_OUTER_BOUND ( 'NONE', #4803, .T. ) ;
#4468 = DIRECTION ( 'NONE',  ( 0.9749279121818242855, 0.2225209339563114785, 0.000000000000000000 ) ) ;
#4469 = CIRCLE ( 'NONE', #7818, 8.588813778810038713 ) ;
#4470 = AXIS2_PLACEMENT_3D ( 'NONE', #7619, #7846, #4842 ) ;
#4471 = CARTESIAN_POINT ( 'NONE',  ( -8.392497227128171033, -1.966818569092976254, -3.143904910697430832 ) ) ;
#4472 = CIRCLE ( 'NONE', #126, 9.046037105128460709 ) ;
#4473 = CARTESIAN_POINT ( 'NONE',  ( 6.921748881363432915, 5.583862937798360626, -3.457544059217933619 ) ) ;
#4475 = B_SPLINE_CURVE_WITH_KNOTS ( 'NONE', 3,
 ( #7199, #5642, #9315, #4143, #6300, #925, #4090 ),
 .UNSPECIFIED., .F., .F.,
 ( 4, 3, 4 ),
 ( 0.0009532733312319683185, 0.001225696219576461908, 0.001251962535739348193 ),
 .UNSPECIFIED. ) ;
#4474 = DIRECTION ( 'NONE',  ( -0.000000000000000000, -0.000000000000000000, 1.000000000000000000 ) ) ;
#4476 = EDGE_CURVE ( 'NONE', #7499, #6816, #3857, .T. ) ;
#4477 = PLANE ( 'NONE',  #9768 ) ;
#4478 = CONICAL_SURFACE ( 'NONE', #6080, 8.869223585189136116, 0.6108652381980126389 ) ;
#4479 = DIRECTION ( 'NONE',  ( 0.6234898018587431423, 0.7818314824680221431, 1.224646799147353207E-16 ) ) ;
#4480 = CONICAL_SURFACE ( 'NONE', #7522, 9.046037105128458933, 0.5235987755983011471 ) ;
#4481 = ORIENTED_EDGE ( 'NONE', *, *, #8794, .T. ) ;
#4482 = CARTESIAN_POINT ( 'NONE',  ( 7.103651090456297723, -5.601020308159927019, -3.094141646974374105 ) ) ;
#4483 = DIRECTION ( 'NONE',  ( 1.000000000000000000, 0.000000000000000000, 0.000000000000000000 ) ) ;
#4484 = CARTESIAN_POINT ( 'NONE',  ( 8.608393747221349201, 2.016095540947843379, -3.459673052288551709 ) ) ;
#4485 = ORIENTED_EDGE ( 'NONE', *, *, #6007, .F. ) ;
#4486 = VECTOR ( 'NONE', #3594, 1000.000000000000000 ) ;
#4487 = DIRECTION ( 'NONE',  ( 0.2225209339563246624, 0.9749279121818212879, 0.000000000000000000 ) ) ;
#4488 = CYLINDRICAL_SURFACE ( 'NONE', #2472, 5.378237760728125316 ) ;
#4489 = VERTEX_POINT ( 'NONE', #9281 ) ;
#4490 = DIRECTION ( 'NONE',  ( -0.000000000000000000, -0.000000000000000000, 1.000000000000000000 ) ) ;
#4491 = ORIENTED_EDGE ( 'NONE', *, *, #578, .T. ) ;
#4492 = AXIS2_PLACEMENT_3D ( 'NONE', #5786, #8842, #7338 ) ;
#4493 = DATE_TIME_ROLE ( 'creation_date' ) ;
#4494 = VECTOR ( 'NONE', #6267, 1000.000000000000227 ) ;
#4495 = CARTESIAN_POINT ( 'NONE',  ( -3.910816273206050742, 8.005655425827795213, -3.429674227117770702 ) ) ;
#4496 = CARTESIAN_POINT ( 'NONE',  ( -6.746065712156315008, 5.315855484712322720, -3.099533293948748103 ) ) ;
#4497 = VERTEX_POINT ( 'NONE', #8524 ) ;
#4498 = VERTEX_POINT ( 'NONE', #9186 ) ;
#4499 = CARTESIAN_POINT ( 'NONE',  ( -6.891558407276748177, -5.559786838116406393, -3.468127985775450117 ) ) ;
#4500 = CARTESIAN_POINT ( 'NONE',  ( -6.683716731970554825, -5.394038632958984003, -3.500000000000000000 ) ) ;
#4501 = AXIS2_PLACEMENT_3D ( 'NONE', #3598, #5845, #1297 ) ;
#4502 = ORIENTED_EDGE ( 'NONE', *, *, #4262, .T. ) ;
#4503 = ORIENTED_EDGE ( 'NONE', *, *, #8270, .F. ) ;
#4504 = CARTESIAN_POINT ( 'NONE',  ( 6.909333309708286741, -5.573961849795694867, 3.468147503381453944 ) ) ;
#4505 = DIRECTION ( 'NONE',  ( -1.000000000000000000, 0.000000000000000000, 0.000000000000000000 ) ) ;
#4506 = EDGE_CURVE ( 'NONE', #7892, #7182, #4809, .T. ) ;
#4507 = ORIENTED_EDGE ( 'NONE', *, *, #786, .T. ) ;
#4508 = CARTESIAN_POINT ( 'NONE',  ( 3.803301197213271312, -8.012874557170789558, 3.469985047562924141 ) ) ;
#4509 = CARTESIAN_POINT ( 'NONE',  ( 6.754162845390041525, 5.322312732992298123, 3.114323832567764683 ) ) ;
#4510 = B_SPLINE_CURVE_WITH_KNOTS ( 'NONE', 3,
 ( #9206, #1594, #4070, #2991, #9110, #7704, #6944, #58, #4499, #6044, #1443, #2236, #5302, #7177, #2014, #3466, #7980, #5826, #1864, #2771, #4982, #349 ),
 .UNSPECIFIED., .F., .F.,
 ( 4, 3, 3, 3, 3, 3, 3, 4 ),
 ( 0.0002168574548798349582, 0.0002188290334246902091, 0.0002305812013871298390, 0.0002423333607552016842, 0.0002540856419916210284, 0.0002658380091482406078, 0.0002775903405257925446, 0.0002867718163053248857 ),
 .UNSPECIFIED. ) ;
#4511 = FACE_OUTER_BOUND ( 'NONE', #8385, .T. ) ;
#4512 = CARTESIAN_POINT ( 'NONE',  ( -0.05000000000000002359, 8.838760696031124908, -3.456597352396201472 ) ) ;
#4513 = EDGE_CURVE ( 'NONE', #1544, #8037, #1661, .T. ) ;
#4514 = CARTESIAN_POINT ( 'NONE',  ( 0.000000000000000000, 0.000000000000000000, -3.434921434499177639 ) ) ;
#4515 = VERTEX_POINT ( 'NONE', #135 ) ;
#4516 = ORIENTED_EDGE ( 'NONE', *, *, #9284, .F. ) ;
#4517 = CARTESIAN_POINT ( 'NONE',  ( -0.05000000000000000971, -9.045898922017695298, -3.193750000000000089 ) ) ;
#4518 = CARTESIAN_POINT ( 'NONE',  ( 0.000000000000000000, 0.000000000000000000, 3.500000000000000000 ) ) ;
#4519 = CARTESIAN_POINT ( 'NONE',  ( -8.556329883643011058, -1.901640617507234010, 3.351299362948741756 ) ) ;
#4520 = CARTESIAN_POINT ( 'NONE',  ( 6.879246888065242871, 5.549968729168595516, -3.456597352396201472 ) ) ;
#4521 = CARTESIAN_POINT ( 'NONE',  ( -8.807973303152683897, 2.061648272210978572, 3.193750000000000089 ) ) ;
#4522 = CARTESIAN_POINT ( 'NONE',  ( -9.046037105128458933, -1.107820038576375774E-15, -3.500000000000000000 ) ) ;
#4523 = EDGE_CURVE ( 'NONE', #2301, #5792, #6760, .T. ) ;
#4524 = CIRCLE ( 'NONE', #179, 8.837711872106121191 ) ;
#4525 = FACE_OUTER_BOUND ( 'NONE', #6281, .T. ) ;
#4526 = ORIENTED_EDGE ( 'NONE', *, *, #7231, .F. ) ;
#4527 = EDGE_CURVE ( 'NONE', #455, #5952, #3210, .T. ) ;
#4528 = ADVANCED_FACE ( 'NONE', ( #1703 ), #4662, .T. ) ;
#4529 = CARTESIAN_POINT ( 'NONE',  ( -7.068044516080721706, 5.572625012626228447, -3.272391413630716173 ) ) ;
#4530 = DIRECTION ( 'NONE',  ( 1.000000000000000000, 0.000000000000000000, 0.000000000000000000 ) ) ;
#4531 = CARTESIAN_POINT ( 'NONE',  ( 8.830225396548327055, -1.964155480992738623, 3.193750000000000089 ) ) ;
#4532 = ORIENTED_EDGE ( 'NONE', *, *, #6400, .F. ) ;
#4533 = DIRECTION ( 'NONE',  ( 0.000000000000000000, 0.000000000000000000, -1.000000000000000000 ) ) ;
#4534 = DIRECTION ( 'NONE',  ( -0.000000000000000000, -0.000000000000000000, 1.000000000000000000 ) ) ;
#4535 = AXIS2_PLACEMENT_3D ( 'NONE', #2172, #5148, #5941 ) ;
#4536 = VERTEX_POINT ( 'NONE', #7679 ) ;
#4537 = FACE_OUTER_BOUND ( 'NONE', #6987, .T. ) ;
#4538 = VERTEX_POINT ( 'NONE', #6417 ) ;
#4539 = MECHANICAL_CONTEXT ( 'NONE', #8686, 'mechanical' ) ;
#4540 = EDGE_CURVE ( 'NONE', #5952, #3204, #806, .T. ) ;
#4541 = AXIS2_PLACEMENT_3D ( 'NONE', #2353, #3819, #1564 ) ;
#4542 = DIRECTION ( 'NONE',  ( -1.000000000000000000, -2.700062395888380201E-13, 0.000000000000000000 ) ) ;
#4543 = CARTESIAN_POINT ( 'NONE',  ( -3.814602625722057994, 8.036342215281264245, 3.453994494324953202 ) ) ;
#4544 = EDGE_LOOP ( 'NONE', ( #819, #7939, #5061, #3936, #4236, #8340 ) ) ;
#4545 = CIRCLE ( 'NONE', #5988, 8.837711872106121191 ) ;
#4546 = CARTESIAN_POINT ( 'NONE',  ( 8.654993824190235330, -1.924160018094878133, 3.470139885832122406 ) ) ;
#4547 = CARTESIAN_POINT ( 'NONE',  ( -6.924430402411094754, 5.586001379475759698, -3.452421434499180375 ) ) ;
#4548 = CARTESIAN_POINT ( 'NONE',  ( -8.628280558354180840, 1.918062889488208134, 3.456597352396201472 ) ) ;
#4549 = TOROIDAL_SURFACE ( 'NONE', #7899, 8.866382193656235700, 0.03500000000000000333 ) ;
#4550 = CARTESIAN_POINT ( 'NONE',  ( 3.891698646094956082, 7.965957264079625233, 3.469915996672630953 ) ) ;
#4551 = ORIENTED_EDGE ( 'NONE', *, *, #4506, .F. ) ;
#4552 = B_SPLINE_CURVE_WITH_KNOTS ( 'NONE', 3,
 ( #8917, #9026, #2051, #5170, #590, #4364, #1404 ),
 .UNSPECIFIED., .F., .F.,
 ( 4, 3, 4 ),
 ( 0.0008460917731560555497, 0.0009002598162382147553, 0.001280034707405372117 ),
 .UNSPECIFIED. ) ;
#4553 = ORIENTED_EDGE ( 'NONE', *, *, #4931, .F. ) ;
#4554 = CARTESIAN_POINT ( 'NONE',  ( 8.741693482048010111, 1.943948649232710268, -3.351032822740168005 ) ) ;
#4555 = CARTESIAN_POINT ( 'NONE',  ( 3.771531933161288208, -7.716428513517238130, -3.500000000000000000 ) ) ;
#4556 = CARTESIAN_POINT ( 'NONE',  ( 7.311959341363669651, -1.668907004672386618, -3.092233167847068013E-16 ) ) ;
#4557 = ORIENTED_EDGE ( 'NONE', *, *, #830, .T. ) ;
#4558 = CARTESIAN_POINT ( 'NONE',  ( 8.741693482047999453, -1.943948649232770887, 3.351032822740168449 ) ) ;
#4559 = CARTESIAN_POINT ( 'NONE',  ( 0.000000000000000000, 0.000000000000000000, -3.193750000000000533 ) ) ;
#4560 = CARTESIAN_POINT ( 'NONE',  ( 6.878316301899189966, -5.549226611465182479, -3.454996609771464833 ) ) ;
#4561 = CARTESIAN_POINT ( 'NONE',  ( 8.719441388652381164, 2.041441440450892486, -3.351032822740168449 ) ) ;
#4562 = LINE ( 'NONE', #29, #3730 ) ;
#4563 = EDGE_LOOP ( 'NONE', ( #162, #7044, #4626, #224 ) ) ;
#4564 = DIRECTION ( 'NONE',  ( -0.2225209339563050392, 0.9749279121818257288, 0.000000000000000000 ) ) ;
#4565 = CARTESIAN_POINT ( 'NONE',  ( -3.789595138428315746, -7.984413632840869468, 3.455541280135824511 ) ) ;
#4566 = ADVANCED_FACE ( 'NONE', ( #7162 ), #1100, .T. ) ;
#4567 = CARTESIAN_POINT ( 'NONE',  ( -8.684623479167871807, -1.930922793491831380, 3.452421434499180375 ) ) ;
#4568 = CARTESIAN_POINT ( 'NONE',  ( 6.746065712156391392, 5.315855484712227685, 3.094141646974374105 ) ) ;
#4569 = CARTESIAN_POINT ( 'NONE',  ( -3.771531933161234029, 7.716428513517264776, 3.094141646974374105 ) ) ;
#4570 = DIRECTION ( 'NONE',  ( -1.000000000000000000, 6.217248937900876626E-15, 0.000000000000000000 ) ) ;
#4571 = ADVANCED_FACE ( 'NONE', ( #3301 ), #7915, .T. ) ;
#4572 = CARTESIAN_POINT ( 'NONE',  ( 0.05000000000000002359, -8.837570431649497849, 3.454996609771464833 ) ) ;
#4573 = ORIENTED_EDGE ( 'NONE', *, *, #3462, .F. ) ;
#4574 = VERTEX_POINT ( 'NONE', #4862 ) ;
#4575 = EDGE_CURVE ( 'NONE', #3719, #4733, #228, .T. ) ;
#4576 = DIRECTION ( 'NONE',  ( -0.000000000000000000, -0.000000000000000000, 1.000000000000000000 ) ) ;
#4577 = EDGE_CURVE ( 'NONE', #8713, #3075, #4971, .T. ) ;
#4578 = CARTESIAN_POINT ( 'NONE',  ( 6.746065712156355865, -5.315855484712272094, 3.099533293948748103 ) ) ;
#4579 = CARTESIAN_POINT ( 'NONE',  ( 3.879864310480516831, -7.941383012962170973, 3.456075294419945987 ) ) ;
#4580 = ORIENTED_EDGE ( 'NONE', *, *, #7193, .T. ) ;
#4581 = FACE_OUTER_BOUND ( 'NONE', #1071, .T. ) ;
#4582 = DIRECTION ( 'NONE',  ( 0.000000000000000000, 0.000000000000000000, 1.000000000000000000 ) ) ;
#4583 = EDGE_CURVE ( 'NONE', #1731, #5547, #5142, .T. ) ;
#4584 = ORIENTED_EDGE ( 'NONE', *, *, #1141, .T. ) ;
#4585 = CARTESIAN_POINT ( 'NONE',  ( 0.05000000000000000278, 9.146037105128458577, -3.094141646974374105 ) ) ;
#4586 = VERTEX_POINT ( 'NONE', #6465 ) ;
#4587 = CARTESIAN_POINT ( 'NONE',  ( 3.801601759304657158, -8.009345637991406974, -3.469915996672630953 ) ) ;
#4588 = CARTESIAN_POINT ( 'NONE',  ( -3.791356179071698751, 7.988070471417512586, 3.460296783607140103 ) ) ;
#4589 = ORIENTED_EDGE ( 'NONE', *, *, #6293, .T. ) ;
#4590 = CARTESIAN_POINT ( 'NONE',  ( 8.669808522246119864, -1.927541376251193928, 3.466489319800472924 ) ) ;
#4591 = CARTESIAN_POINT ( 'NONE',  ( -6.919872040174186445, 5.582366206894939786, -3.460240287494900535 ) ) ;
#4592 = CARTESIAN_POINT ( 'NONE',  ( 0.000000000000000000, 0.000000000000000000, -2.450000000000000178 ) ) ;
#4593 = EDGE_CURVE ( 'NONE', #50, #8500, #1154, .T. ) ;
#4594 = VERTEX_POINT ( 'NONE', #6511 ) ;
#4595 = ORIENTED_EDGE ( 'NONE', *, *, #5619, .F. ) ;
#4596 = CARTESIAN_POINT ( 'NONE',  ( 3.785012642412678652, 7.744421494718581656, 3.143904910697431276 ) ) ;
#4597 = CONICAL_SURFACE ( 'NONE', #5872, 9.621762239271875572, 0.7853981633974378429 ) ;
#4598 = CARTESIAN_POINT ( 'NONE',  ( 3.907017385819814947, -7.997766954886966317, -3.444839032082839037 ) ) ;
#4599 = CARTESIAN_POINT ( 'NONE',  ( 6.746065712156391392, 5.315855484712227685, -3.099533293948748103 ) ) ;
#4600 = ORIENTED_EDGE ( 'NONE', *, *, #1462, .F. ) ;
#4601 = CARTESIAN_POINT ( 'NONE',  ( 6.963018244171586879, -5.488869355645079828, 3.470139885832122406 ) ) ;
#4602 = CARTESIAN_POINT ( 'NONE',  ( 8.646792278083088590, 1.922288068715948040, 3.469100694293998810 ) ) ;
#4603 = CYLINDRICAL_SURFACE ( 'NONE', #8469, 9.046037105128460709 ) ;
#4604 = CARTESIAN_POINT ( 'NONE',  ( 8.666639397120906807, 2.029389730449030704, -3.444839032082838592 ) ) ;
#4605 = B_SPLINE_CURVE_WITH_KNOTS ( 'NONE', 3,
 ( #9288, #3217, #2415, #3121, #9191, #8483, #4678, #6134, #8432, #9885, #2314, #5377, #1667, #9336, #8530, #3025, #1526, #6971, #2268, #6879, #5428, #4767 ),
 .UNSPECIFIED., .F., .F.,
 ( 4, 3, 3, 3, 3, 3, 3, 4 ),
 ( 0.0002168574548798330880, 0.0002188290334246885285, 0.0002305812013871285108, 0.0002423333607551998953, 0.0002540856419916200527, 0.0002658380091482384394, 0.0002775903405257911893, 0.0002867718163053230968 ),
 .UNSPECIFIED. ) ;
#4606 = VECTOR ( 'NONE', #6827, 1000.000000000000000 ) ;
#4607 = CIRCLE ( 'NONE', #2675, 2.450000000000000178 ) ;
#4608 = AXIS2_PLACEMENT_3D ( 'NONE', #873, #4698, #2335 ) ;
#4609 = DIRECTION ( 'NONE',  ( -0.000000000000000000, -0.000000000000000000, 1.000000000000000000 ) ) ;
#4610 = CIRCLE ( 'NONE', #1254, 8.588813778810038713 ) ;
#4611 = EDGE_LOOP ( 'NONE', ( #767, #8796, #4033, #8761, #6524, #9940 ) ) ;
#4612 = CARTESIAN_POINT ( 'NONE',  ( -6.762259978290567908, 5.328769981006868939, -3.129114371485063106 ) ) ;
#4613 = CARTESIAN_POINT ( 'NONE',  ( 0.05000000000000002359, -8.858323562023631581, -3.469014143938407457 ) ) ;
#4614 = DIRECTION ( 'NONE',  ( -0.000000000000000000, -0.000000000000000000, 1.000000000000000000 ) ) ;
#4615 = CIRCLE ( 'NONE', #430, 5.378237760728124428 ) ;
#4616 = CIRCLE ( 'NONE', #270, 8.837711872106121191 ) ;
#4617 = AXIS2_PLACEMENT_3D ( 'NONE', #3155, #3814, #5468 ) ;
#4618 = CARTESIAN_POINT ( 'NONE',  ( 0.000000000000000000, 0.000000000000000000, -3.454996609771464389 ) ) ;
#4619 = CARTESIAN_POINT ( 'NONE',  ( 0.000000000000000000, 0.000000000000000000, -2.758752104430781227 ) ) ;
#4620 = CARTESIAN_POINT ( 'NONE',  ( 0.05000000000000004441, 8.588668239434865015, 3.099533293948748103 ) ) ;
#4621 = AXIS2_PLACEMENT_3D ( 'NONE', #500, #1365, #4372 ) ;
#4622 = AXIS2_PLACEMENT_3D ( 'NONE', #847, #3811, #3913 ) ;
#4623 = DIRECTION ( 'NONE',  ( 0.000000000000000000, 0.000000000000000000, -1.000000000000000000 ) ) ;
#4624 = EDGE_LOOP ( 'NONE', ( #8245, #1636, #8964, #2885, #2833, #7736 ) ) ;
#4625 = AXIS2_PLACEMENT_3D ( 'NONE', #6927, #3965, #8572 ) ;
#4626 = ORIENTED_EDGE ( 'NONE', *, *, #8370, .F. ) ;
#4627 = DIRECTION ( 'NONE',  ( 0.000000000000000000, 0.000000000000000000, -1.000000000000000000 ) ) ;
#4628 = FACE_OUTER_BOUND ( 'NONE', #7294, .T. ) ;
#4629 = AXIS2_PLACEMENT_3D ( 'NONE', #9461, #4195, #1692 ) ;
#4630 = CARTESIAN_POINT ( 'NONE',  ( 6.940665282085063836, -5.471043463218379976, 3.454996609771464833 ) ) ;
#4631 = CARTESIAN_POINT ( 'NONE',  ( 3.885263278938827280, -7.952594086485270886, 3.466570807216844852 ) ) ;
#4632 = ORIENTED_EDGE ( 'NONE', *, *, #7776, .F. ) ;
#4633 = LINE ( 'NONE', #3969, #9426 ) ;
#4634 = LINE ( 'NONE', #757, #7312 ) ;
#4635 = EDGE_CURVE ( 'NONE', #8454, #681, #5814, .T. ) ;
#4636 = CIRCLE ( 'NONE', #8953, 8.588813778810038713 ) ;
#4637 = CIRCLE ( 'NONE', #5116, 9.621762239271875572 ) ;
#4638 = AXIS2_PLACEMENT_3D ( 'NONE', #4256, #5856, #4308 ) ;
#4639 = ADVANCED_FACE ( 'NONE', ( #2706 ), #6569, .T. ) ;
#4640 = ORIENTED_EDGE ( 'NONE', *, *, #3346, .F. ) ;
#4641 = CARTESIAN_POINT ( 'NONE',  ( 0.000000000000000000, 0.000000000000000000, 3.193750000000000533 ) ) ;
#4642 = ORIENTED_EDGE ( 'NONE', *, *, #4540, .T. ) ;
#4643 = CARTESIAN_POINT ( 'NONE',  ( 3.798184586890540615, -8.002249806357717432, -3.469100694293998810 ) ) ;
#4644 = CARTESIAN_POINT ( 'NONE',  ( -8.644111698229593799, -2.024247930184001731, 3.468181098941469198 ) ) ;
#4645 = ADVANCED_FACE ( 'NONE', ( #1203 ), #6814, .T. ) ;
#4646 = CIRCLE ( 'NONE', #2233, 5.378237760728126204 ) ;
#4647 = ORIENTED_EDGE ( 'NONE', *, *, #5188, .F. ) ;
#4648 = CARTESIAN_POINT ( 'NONE',  ( 0.000000000000000000, 0.000000000000000000, 3.094141646974374105 ) ) ;
#4649 = CARTESIAN_POINT ( 'NONE',  ( -3.908916829529438530, 8.001711190391723960, 3.437256629622304605 ) ) ;
#4650 = PLANE ( 'NONE',  #8793 ) ;
#4651 = EDGE_CURVE ( 'NONE', #9736, #7596, #640, .T. ) ;
#4652 = VECTOR ( 'NONE', #8623, 1000.000000000000000 ) ;
#4653 = ORIENTED_EDGE ( 'NONE', *, *, #3494, .F. ) ;
#4654 = AXIS2_PLACEMENT_3D ( 'NONE', #3677, #4373, #9081 ) ;
#4655 = ORIENTED_EDGE ( 'NONE', *, *, #6779, .T. ) ;
#4656 = DIRECTION ( 'NONE',  ( -0.000000000000000000, -0.000000000000000000, 1.000000000000000000 ) ) ;
#4657 = EDGE_CURVE ( 'NONE', #4497, #6211, #8269, .T. ) ;
#4658 = EDGE_CURVE ( 'NONE', #6684, #4835, #2902, .T. ) ;
#4659 = CARTESIAN_POINT ( 'NONE',  ( -6.924430402411094754, 5.586001379475759698, 3.452421434499180375 ) ) ;
#4660 = PLANE ( 'NONE',  #4784 ) ;
#4661 = ORIENTED_EDGE ( 'NONE', *, *, #3242, .F. ) ;
#4662 = TOROIDAL_SURFACE ( 'NONE', #9614, 8.866382193656235700, 0.03500000000000000333 ) ;
#4663 = FACE_OUTER_BOUND ( 'NONE', #466, .T. ) ;
#4664 = CARTESIAN_POINT ( 'NONE',  ( 8.643211183988315227, 1.921470707357639363, 3.467739038050325018 ) ) ;
#4665 = LINE ( 'NONE', #6060, #931 ) ;
#4666 = CARTESIAN_POINT ( 'NONE',  ( 6.903311947890373723, -5.569159973981077094, -3.469985047562923697 ) ) ;
#4667 = SPHERICAL_SURFACE ( 'NONE', #9810, 2.450000000000000622 ) ;
#4668 = EDGE_LOOP ( 'NONE', ( #5718, #8851, #7671, #529, #8943, #6146 ) ) ;
#4669 = FACE_OUTER_BOUND ( 'NONE', #4414, .T. ) ;
#4670 = CARTESIAN_POINT ( 'NONE',  ( -8.362206348396735933, 1.959904873689159333, -3.500000000000000000 ) ) ;
#4671 = CARTESIAN_POINT ( 'NONE',  ( 8.384458441792379091, -1.862412082470922270, -3.099533293948748103 ) ) ;
#4672 = DIRECTION ( 'NONE',  ( -0.000000000000000000, -0.000000000000000000, 1.000000000000000000 ) ) ;
#4673 = CARTESIAN_POINT ( 'NONE',  ( -7.119485258517184612, 5.741552436592656683, 3.500000000000000444 ) ) ;
#4674 = DIRECTION ( 'NONE',  ( 0.9009688679025744662, -0.4338837391172356561, 0.000000000000000000 ) ) ;
#4675 = VERTEX_POINT ( 'NONE', #5263 ) ;
#4676 = ORIENTED_EDGE ( 'NONE', *, *, #6733, .F. ) ;
#4677 = CARTESIAN_POINT ( 'NONE',  ( -3.860119801968602271, 8.130859605668769419, 3.272391413630714840 ) ) ;
#4678 = CARTESIAN_POINT ( 'NONE',  ( -8.614533864218024917, -2.017496982584266352, -3.464471549642479165 ) ) ;
#4679 = CARTESIAN_POINT ( 'NONE',  ( 6.683716731970481995, -5.394038632959075485, 3.099533293948748103 ) ) ;
#4680 = CARTESIAN_POINT ( 'NONE',  ( -8.404652361358953883, 1.867021212834410138, 3.129114371485063106 ) ) ;
#4681 = CARTESIAN_POINT ( 'NONE',  ( 6.879246888065242871, 5.549968729168595516, 3.456597352396201472 ) ) ;
#4682 = CARTESIAN_POINT ( 'NONE',  ( 3.879526546993985026, 7.940681639855260876, -3.454996609771464833 ) ) ;
#4683 = ORIENTED_EDGE ( 'NONE', *, *, #5494, .F. ) ;
#4684 = LINE ( 'NONE', #4585, #3252 ) ;
#4685 = ORIENTED_EDGE ( 'NONE', *, *, #6187, .F. ) ;
#4686 = EDGE_CURVE ( 'NONE', #2143, #2144, #6172, .T. ) ;
#4687 = CARTESIAN_POINT ( 'NONE',  ( -8.636037103722774333, 2.022404956679656696, -3.469985047562924141 ) ) ;
#4688 = CARTESIAN_POINT ( 'NONE',  ( -3.879820004569468850, -8.171767497885843667, -3.193750000000000089 ) ) ;
#4689 = LOCAL_TIME ( 16, 37, 56.00000000000000000, #7780 ) ;
#4690 = VERTEX_POINT ( 'NONE', #9676 ) ;
#4691 = EDGE_CURVE ( 'NONE', #8728, #4733, #9143, .T. ) ;
#4692 = CARTESIAN_POINT ( 'NONE',  ( -3.948248986463511301, 3.148623499386652203, -1.592040838891560081E-16 ) ) ;
#4693 = CARTESIAN_POINT ( 'NONE',  ( -8.684623479167832727, 1.930922793492005907, 3.452421434499180375 ) ) ;
#4694 = ORIENTED_EDGE ( 'NONE', *, *, #8197, .T. ) ;
#4695 = AXIS2_PLACEMENT_3D ( 'NONE', #2890, #9049, #2983 ) ;
#4696 = EDGE_CURVE ( 'NONE', #4248, #947, #3206, .T. ) ;
#4697 = ORIENTED_EDGE ( 'NONE', *, *, #3525, .T. ) ;
#4698 = DIRECTION ( 'NONE',  ( -0.000000000000000000, -0.000000000000000000, 1.000000000000000000 ) ) ;
#4699 = CARTESIAN_POINT ( 'NONE',  ( 8.617377996965249309, -2.018146137324242861, 3.466377381984354411 ) ) ;
#4700 = EDGE_CURVE ( 'NONE', #780, #6635, #1769, .T. ) ;
#4701 = CARTESIAN_POINT ( 'NONE',  ( 0.000000000000000000, 0.000000000000000000, 3.094141646974374105 ) ) ;
#4702 = ORIENTED_EDGE ( 'NONE', *, *, #6791, .F. ) ;
#4703 = VECTOR ( 'NONE', #9794, 1000.000000000000000 ) ;
#4704 = LINE ( 'NONE', #318, #3805 ) ;
#4705 = CARTESIAN_POINT ( 'NONE',  ( -5.378237760728125316, 6.586441658729127815E-16, 2.449999999999999289 ) ) ;
#4706 = CARTESIAN_POINT ( 'NONE',  ( -6.956441114856384722, -5.483624270040814430, -3.469100694293998810 ) ) ;
#4707 = CARTESIAN_POINT ( 'NONE',  ( -8.643545619096316912, 2.024118726316025629, 3.468147503381453944 ) ) ;
#4708 = CARTESIAN_POINT ( 'NONE',  ( -4.000000000000000000, 5.220056981365592395E-16, 2.975000000000005418 ) ) ;
#4709 = EDGE_CURVE ( 'NONE', #2143, #2953, #2456, .T. ) ;
#4710 = CARTESIAN_POINT ( 'NONE',  ( -3.950216688759014438, -8.087471231756932610, 3.272391413630715729 ) ) ;
#4711 = VERTEX_POINT ( 'NONE', #5911 ) ;
#4712 = DIRECTION ( 'NONE',  ( -1.000000000000000000, 0.000000000000000000, 0.000000000000000000 ) ) ;
#4713 = DIRECTION ( 'NONE',  ( 0.000000000000000000, 0.000000000000000000, 1.000000000000000000 ) ) ;
#4714 = FACE_OUTER_BOUND ( 'NONE', #2735, .T. ) ;
#4715 = CARTESIAN_POINT ( 'NONE',  ( -8.362206348396735933, 1.959904873689159333, -3.099533293948748103 ) ) ;
#4716 = DIRECTION ( 'NONE',  ( -0.000000000000000000, -0.000000000000000000, 1.000000000000000000 ) ) ;
#4717 = ADVANCED_FACE ( 'NONE', ( #1309 ), #4332, .T. ) ;
#4718 = LINE ( 'NONE', #7680, #5500 ) ;
#4719 = ORIENTED_EDGE ( 'NONE', *, *, #5717, .T. ) ;
#4720 = ORIENTED_EDGE ( 'NONE', *, *, #287, .T. ) ;
#4721 = FACE_OUTER_BOUND ( 'NONE', #8272, .T. ) ;
#4722 = DIRECTION ( 'NONE',  ( 0.000000000000000000, 0.000000000000000000, 1.000000000000000000 ) ) ;
#4723 = DIRECTION ( 'NONE',  ( 1.000000000000000000, 0.000000000000000000, 0.000000000000000000 ) ) ;
#4724 = EDGE_CURVE ( 'NONE', #6837, #2618, #9937, .T. ) ;
#4725 = CARTESIAN_POINT ( 'NONE',  ( 6.683716731970517522, 5.394038632959030188, 3.099533293948748103 ) ) ;
#4726 = CARTESIAN_POINT ( 'NONE',  ( 3.880701848413498301, 7.943122178400300548, -3.458522467003439349 ) ) ;
#4727 = ORIENTED_EDGE ( 'NONE', *, *, #8600, .F. ) ;
#4728 = CARTESIAN_POINT ( 'NONE',  ( 0.000000000000000000, 0.000000000000000000, 3.099533293948747659 ) ) ;
#4729 = ORIENTED_EDGE ( 'NONE', *, *, #2537, .F. ) ;
#4730 = APPROVAL_ROLE ( '' ) ;
#4731 = CARTESIAN_POINT ( 'NONE',  ( -8.617377996965236875, 2.018146137324299261, -3.466377381984354411 ) ) ;
#4732 = CARTESIAN_POINT ( 'NONE',  ( -8.606028464958589197, -2.015555680706218045, 3.456597352396201472 ) ) ;
#4733 = VERTEX_POINT ( 'NONE', #8118 ) ;
#4734 = DIRECTION ( 'NONE',  ( -0.000000000000000000, -0.000000000000000000, 1.000000000000000000 ) ) ;
#4735 = CARTESIAN_POINT ( 'NONE',  ( -8.681602063913612000, -1.930233175176623517, -3.457279025203407574 ) ) ;
#4736 = ORIENTED_EDGE ( 'NONE', *, *, #9784, .F. ) ;
#4737 = ORIENTED_EDGE ( 'NONE', *, *, #1471, .F. ) ;
#4738 = CARTESIAN_POINT ( 'NONE',  ( -3.757925033893019240, 7.918649983142067583, -3.351299362948741756 ) ) ;
#4739 = CARTESIAN_POINT ( 'NONE',  ( -8.905600812942541467, 2.083931114241475591, -3.094141646974374105 ) ) ;
#4740 = DIRECTION ( 'NONE',  ( 0.2225209339563246069, 0.9749279121818212879, 0.000000000000000000 ) ) ;
#4741 = VERTEX_POINT ( 'NONE', #2963 ) ;
#4742 = CARTESIAN_POINT ( 'NONE',  ( 8.660878464227932838, 2.028074835109809460, 3.455073707654066073 ) ) ;
#4743 = CARTESIAN_POINT ( 'NONE',  ( 5.378237760728125316, 0.000000000000000000, 3.500000000000000000 ) ) ;
#4744 = CARTESIAN_POINT ( 'NONE',  ( -6.977371155119564961, -5.500315420178938375, -3.465025888964337497 ) ) ;
#4745 = CARTESIAN_POINT ( 'NONE',  ( -0.05000000000000003747, -8.609381483269881841, 3.129114371485063550 ) ) ;
#4746 = EDGE_CURVE ( 'NONE', #3138, #9672, #4382, .T. ) ;
#4747 = DIRECTION ( 'NONE',  ( 0.000000000000000000, 0.000000000000000000, 1.000000000000000000 ) ) ;
#4748 = EDGE_CURVE ( 'NONE', #6825, #2221, #1298, .T. ) ;
#4749 = ORIENTED_EDGE ( 'NONE', *, *, #1909, .F. ) ;
#4750 = EDGE_CURVE ( 'NONE', #3416, #8360, #4174, .T. ) ;
#4751 = LOCAL_TIME ( 16, 37, 56.00000000000000000, #2277 ) ;
#4752 = DIRECTION ( 'NONE',  ( -0.000000000000000000, -0.000000000000000000, 1.000000000000000000 ) ) ;
#4753 = ORIENTED_EDGE ( 'NONE', *, *, #3346, .T. ) ;
#4754 = CARTESIAN_POINT ( 'NONE',  ( -6.956890732771283226, 5.483982828363348716, 3.469014143938407457 ) ) ;
#4755 = DIRECTION ( 'NONE',  ( -0.000000000000000000, -0.000000000000000000, 1.000000000000000000 ) ) ;
#4756 = EDGE_CURVE ( 'NONE', #6421, #995, #794, .T. ) ;
#4757 = DIRECTION ( 'NONE',  ( 1.000000000000000000, 0.000000000000000000, 0.000000000000000000 ) ) ;
#4758 = CARTESIAN_POINT ( 'NONE',  ( -4.013365220676247347, -8.218600509445195712, 3.094141646974374105 ) ) ;
#4759 = TOROIDAL_SURFACE ( 'NONE', #8589, 8.866382193656235700, 0.03500000000000000333 ) ;
#4760 = CIRCLE ( 'NONE', #8756, 8.896693082788692308 ) ;
#4761 = CYLINDRICAL_SURFACE ( 'NONE', #4008, 9.621762239271875572 ) ;
#4762 = DIRECTION ( 'NONE',  ( -0.9009688679024157043, 0.4338837391175651703, 0.000000000000000000 ) ) ;
#4763 = ORIENTED_EDGE ( 'NONE', *, *, #7394, .T. ) ;
#4764 = ORIENTED_EDGE ( 'NONE', *, *, #1450, .F. ) ;
#4765 = CARTESIAN_POINT ( 'NONE',  ( -3.254128043381738333, -6.757266509268117893, -3.092233167847068013E-16 ) ) ;
#4766 = CIRCLE ( 'NONE', #2357, 8.896693082788692308 ) ;
#4767 = CARTESIAN_POINT ( 'NONE',  ( -8.662371385772239307, -2.028415584710014041, -3.452421434499180375 ) ) ;
#4768 = AXIS2_PLACEMENT_3D ( 'NONE', #1163, #1110, #296 ) ;
#4769 = CONICAL_SURFACE ( 'NONE', #8135, 9.046037105128458933, 0.5235987755983011471 ) ;
#4770 = DIRECTION ( 'NONE',  ( 0.000000000000000000, 0.000000000000000000, -1.000000000000000000 ) ) ;
#4771 = EDGE_CURVE ( 'NONE', #341, #5528, #3695, .T. ) ;
#4772 = AXIS2_PLACEMENT_3D ( 'NONE', #7410, #7357, #5951 ) ;
#4773 = CARTESIAN_POINT ( 'NONE',  ( 6.881143697167591000, 5.551481383951507809, 3.459673052288552153 ) ) ;
#4774 = CARTESIAN_POINT ( 'NONE',  ( 8.693159501790594490, 1.932871084952774599, 3.437256629622303716 ) ) ;
#4775 = CONICAL_SURFACE ( 'NONE', #8945, 8.869223585189136116, 0.6108652381980126389 ) ;
#4776 = AXIS2_PLACEMENT_3D ( 'NONE', #8624, #998, #8672 ) ;
#4777 = ORIENTED_EDGE ( 'NONE', *, *, #3862, .F. ) ;
#4778 = CARTESIAN_POINT ( 'NONE',  ( 0.000000000000000000, 0.000000000000000000, -3.094141646974374105 ) ) ;
#4779 = CIRCLE ( 'NONE', #3824, 8.588813778810038713 ) ;
#4780 = ORIENTED_EDGE ( 'NONE', *, *, #7095, .T. ) ;
#4781 = CARTESIAN_POINT ( 'NONE',  ( 6.683716731970481995, -5.394038632959075485, -3.500000000000000000 ) ) ;
#4782 = DIRECTION ( 'NONE',  ( 1.000000000000000000, 0.000000000000000000, 0.000000000000000000 ) ) ;
#4783 = B_SPLINE_CURVE_WITH_KNOTS ( 'NONE', 3,
 ( #9514, #7211, #9618, #1243, #4096, #5651, #5011, #3503, #221, #276, #1194, #2752, #3401, #5806, #2645, #5755, #8863, #5603, #5699, #3295, #9560, #9467 ),
 .UNSPECIFIED., .F., .F.,
 ( 4, 3, 3, 3, 3, 3, 3, 4 ),
 ( 0.0002168574548798311364, 0.0002188290334246855741, 0.0002305812013871249330, 0.0002423333607551974016, 0.0002540856419916163664, 0.0002658380091482364337, 0.0002775903405257875572, 0.0002867718163053197900 ),
 .UNSPECIFIED. ) ;
#4784 = AXIS2_PLACEMENT_3D ( 'NONE', #4701, #7750, #4740 ) ;
#4785 = VERTEX_POINT ( 'NONE', #3200 ) ;
#4786 = VECTOR ( 'NONE', #2189, 1000.000000000000000 ) ;
#4787 = CARTESIAN_POINT ( 'NONE',  ( 0.000000000000000000, 0.000000000000000000, -3.325000000000001066 ) ) ;
#4788 = CIRCLE ( 'NONE', #5583, 8.588813778810038713 ) ;
#4789 = DIRECTION ( 'NONE',  ( 0.9009688679024218105, 0.4338837391175526248, -0.000000000000000000 ) ) ;
#4790 = ORIENTED_EDGE ( 'NONE', *, *, #4696, .T. ) ;
#4791 = VECTOR ( 'NONE', #6820, 1000.000000000000000 ) ;
#4792 = DIRECTION ( 'NONE',  ( 0.000000000000000000, -0.000000000000000000, 1.000000000000000000 ) ) ;
#4793 = CARTESIAN_POINT ( 'NONE',  ( 0.05000000000000002359, -8.850792249910227838, -3.466570807216844852 ) ) ;
#4794 = VERTEX_POINT ( 'NONE', #2297 ) ;
#4795 = CARTESIAN_POINT ( 'NONE',  ( 6.974589775732389363, 5.498097344133356046, 3.466916208273112865 ) ) ;
#4796 = EDGE_LOOP ( 'NONE', ( #1033, #4010, #6137, #823, #8743, #5307 ) ) ;
#4797 = CARTESIAN_POINT ( 'NONE',  ( 8.644111698229581364, 2.024247930184058575, 3.468181098941469642 ) ) ;
#4798 = AXIS2_PLACEMENT_3D ( 'NONE', #1637, #3934, #6984 ) ;
#4799 = CARTESIAN_POINT ( 'NONE',  ( -3.896991616625391064, 7.976948230637789017, -3.468181098941469642 ) ) ;
#4800 = PLANE ( 'NONE',  #6229 ) ;
#4801 = DIRECTION ( 'NONE',  ( -0.000000000000000000, -0.000000000000000000, 1.000000000000000000 ) ) ;
#4802 = CIRCLE ( 'NONE', #4001, 5.049999999999998934 ) ;
#4803 = EDGE_LOOP ( 'NONE', ( #5089, #7759, #667, #7440 ) ) ;
#4804 = CARTESIAN_POINT ( 'NONE',  ( -0.05000000000000002359, -8.840279225073985003, 3.458522467003439349 ) ) ;
#4805 = CONICAL_SURFACE ( 'NONE', #4329, 8.869223585189136116, 0.6108652381980126389 ) ;
#4806 = VERTEX_POINT ( 'NONE', #3248 ) ;
#4807 = CARTESIAN_POINT ( 'NONE',  ( 8.683683276470675949, 1.930708198361652306, -3.453994494324953202 ) ) ;
#4808 = APPROVAL ( #9853, 'UNSPECIFIED' ) ;
#4809 = CIRCLE ( 'NONE', #7535, 8.837711872106121191 ) ;
#4810 = DIRECTION ( 'NONE',  ( 0.000000000000000000, 0.000000000000000000, -1.000000000000000000 ) ) ;
#4811 = ORIENTED_EDGE ( 'NONE', *, *, #1825, .T. ) ;
#4812 = EDGE_CURVE ( 'NONE', #7911, #3977, #5316, .T. ) ;
#4813 = CARTESIAN_POINT ( 'NONE',  ( -3.879879959974250614, -8.171891996566714056, 3.094141646974374105 ) ) ;
#4814 = CARTESIAN_POINT ( 'NONE',  ( -6.699910998104807724, -5.406953129253530221, -3.129114371485063106 ) ) ;
#4815 = CARTESIAN_POINT ( 'NONE',  ( 8.807973303152696332, -2.061648272210920840, 3.193750000000000089 ) ) ;
#4816 = CARTESIAN_POINT ( 'NONE',  ( 0.05000000000000003053, 8.764959675655999760, 3.351299362948741756 ) ) ;
#4817 = DIRECTION ( 'NONE',  ( -1.000000000000000000, 8.881784197001252323E-16, 0.000000000000000000 ) ) ;
#4818 = ORIENTED_EDGE ( 'NONE', *, *, #2021, .F. ) ;
#4819 = VERTEX_POINT ( 'NONE', #4708 ) ;
#4820 = PLANE ( 'NONE',  #5450 ) ;
#4821 = EDGE_CURVE ( 'NONE', #6890, #66, #7615, .T. ) ;
#4822 = DIRECTION ( 'NONE',  ( 0.000000000000000000, 0.000000000000000000, 1.000000000000000000 ) ) ;
#4823 = CARTESIAN_POINT ( 'NONE',  ( 0.000000000000000000, 0.000000000000000000, 3.454996609771464389 ) ) ;
#4824 = EDGE_CURVE ( 'NONE', #8045, #1091, #6997, .T. ) ;
#4825 = CARTESIAN_POINT ( 'NONE',  ( 0.05000000000000000278, 9.146037105128458577, 3.094141646974374105 ) ) ;
#4826 = CARTESIAN_POINT ( 'NONE',  ( 0.000000000000000000, 0.000000000000000000, 3.099533293948747659 ) ) ;
#4827 = CARTESIAN_POINT ( 'NONE',  ( -6.881787768946260542, 5.551995014055688848, -3.460296783607140103 ) ) ;
#4828 = ORIENTED_EDGE ( 'NONE', *, *, #6474, .T. ) ;
#4829 = EDGE_CURVE ( 'NONE', #5143, #5946, #6885, .T. ) ;
#4830 = DIRECTION ( 'NONE',  ( -0.9009688679024218105, -0.4338837391175525693, 0.000000000000000000 ) ) ;
#4831 = ORIENTED_EDGE ( 'NONE', *, *, #1275, .T. ) ;
#4832 = DIRECTION ( 'NONE',  ( 1.000000000000000000, 0.000000000000000000, 0.000000000000000000 ) ) ;
#4833 = FACE_OUTER_BOUND ( 'NONE', #6788, .T. ) ;
#4834 = CARTESIAN_POINT ( 'NONE',  ( -8.604868042990025501, 2.015290821964536239, 3.454996609771464833 ) ) ;
#4835 = VERTEX_POINT ( 'NONE', #7756 ) ;
#4836 = CARTESIAN_POINT ( 'NONE',  ( -3.888281473680893718, -7.958861432445908157, -3.469100694293998810 ) ) ;
#4837 = CARTESIAN_POINT ( 'NONE',  ( -8.684323662192918292, -1.930854362223786813, -3.452954079042413582 ) ) ;
#4838 = ORIENTED_EDGE ( 'NONE', *, *, #1995, .F. ) ;
#4839 = EDGE_CURVE ( 'NONE', #4055, #6915, #6730, .T. ) ;
#4840 = AXIS2_PLACEMENT_3D ( 'NONE', #5649, #4050, #1694 ) ;
#4841 = CARTESIAN_POINT ( 'NONE',  ( 8.905600812942555677, -2.083931114241416971, 3.500000000000000444 ) ) ;
#4842 = DIRECTION ( 'NONE',  ( 6.776263578034444621E-17, -1.000000000000000000, 0.000000000000000000 ) ) ;
#4843 = ORIENTED_EDGE ( 'NONE', *, *, #7935, .T. ) ;
#4844 = FACE_OUTER_BOUND ( 'NONE', #7905, .T. ) ;
#4845 = ORIENTED_EDGE ( 'NONE', *, *, #6853, .T. ) ;
#4846 = CARTESIAN_POINT ( 'NONE',  ( 0.000000000000000000, 0.000000000000000000, -3.094141646974374105 ) ) ;
#4847 = FACE_OUTER_BOUND ( 'NONE', #8417, .T. ) ;
#4848 = CARTESIAN_POINT ( 'NONE',  ( -3.815021055286628826, 8.037211093225053560, -3.452421434499180375 ) ) ;
#4849 = FACE_OUTER_BOUND ( 'NONE', #5186, .T. ) ;
#4850 = CIRCLE ( 'NONE', #2616, 8.588813778810038713 ) ;
#4851 = DIRECTION ( 'NONE',  ( 0.000000000000000000, 0.000000000000000000, -1.000000000000000000 ) ) ;
#4852 = CARTESIAN_POINT ( 'NONE',  ( 6.924430402411135610, -5.586001379475708184, 3.452421434499180375 ) ) ;
#4853 = EDGE_LOOP ( 'NONE', ( #8965, #8005, #1576, #9299, #5695, #6328 ) ) ;
#4854 = CARTESIAN_POINT ( 'NONE',  ( 8.629761014703552391, 1.918400793988949138, -3.458522467003439349 ) ) ;
#4855 = AXIS2_PLACEMENT_3D ( 'NONE', #1170, #5673, #3468 ) ;
#4856 = CARTESIAN_POINT ( 'NONE',  ( 8.534077790247353690, -1.999133408725531913, 3.351299362948741312 ) ) ;
#4857 = DIRECTION ( 'NONE',  ( -0.2225209339563050392, 0.9749279121818257288, 1.224646799147353207E-16 ) ) ;
#4858 = VERTEX_POINT ( 'NONE', #9319 ) ;
#4859 = CARTESIAN_POINT ( 'NONE',  ( 0.000000000000000000, 0.000000000000000000, -3.094141646974374105 ) ) ;
#4860 = DIRECTION ( 'NONE',  ( -0.000000000000000000, -0.000000000000000000, 1.000000000000000000 ) ) ;
#4861 = CARTESIAN_POINT ( 'NONE',  ( -6.878614483356360942, 5.549464403242418520, 3.455541280135825843 ) ) ;
#4862 = CARTESIAN_POINT ( 'NONE',  ( 7.103543054549994906, 5.600934152399529076, 3.094141646974374105 ) ) ;
#4863 = VECTOR ( 'NONE', #8383, 1000.000000000000000 ) ;
#4864 = DIRECTION ( 'NONE',  ( 6.776263578034443388E-17, -1.000000000000000000, 0.000000000000000000 ) ) ;
#4865 = ORIENTED_EDGE ( 'NONE', *, *, #6471, .T. ) ;
#4866 = ORIENTED_EDGE ( 'NONE', *, *, #4391, .T. ) ;
#4867 = CYLINDRICAL_SURFACE ( 'NONE', #5295, 5.686989865158905921 ) ;
#4868 = CARTESIAN_POINT ( 'NONE',  ( -3.969916891359710487, -8.128379123974086795, -3.094141646974374105 ) ) ;
#4869 = DIRECTION ( 'NONE',  ( 0.000000000000000000, 0.000000000000000000, -1.000000000000000000 ) ) ;
#4870 = FACE_OUTER_BOUND ( 'NONE', #4186, .T. ) ;
#4871 = DIRECTION ( 'NONE',  ( 1.000000000000000000, 0.000000000000000000, 0.000000000000000000 ) ) ;
#4872 = CARTESIAN_POINT ( 'NONE',  ( 6.986538948050996289, 5.507626491076615949, -3.452954079042413582 ) ) ;
#4873 = EDGE_CURVE ( 'NONE', #5194, #3235, #2445, .T. ) ;
#4874 = EDGE_LOOP ( 'NONE', ( #8701, #5672, #6589, #4642 ) ) ;
#4875 = EDGE_CURVE ( 'NONE', #3740, #8121, #9294, .T. ) ;
#4876 = PLANE ( 'NONE',  #3424 ) ;
#4877 = EDGE_CURVE ( 'NONE', #9572, #2173, #6047, .T. ) ;
#4878 = ORIENTED_EDGE ( 'NONE', *, *, #9804, .T. ) ;
#4879 = FACE_OUTER_BOUND ( 'NONE', #9592, .T. ) ;
#4880 = DIRECTION ( 'NONE',  ( 0.000000000000000000, 0.000000000000000000, 1.000000000000000000 ) ) ;
#4881 = DIRECTION ( 'NONE',  ( 1.000000000000000000, 0.000000000000000000, 0.000000000000000000 ) ) ;
#4882 = ORIENTED_EDGE ( 'NONE', *, *, #3287, .F. ) ;
#4883 = CARTESIAN_POINT ( 'NONE',  ( 0.05000000000000000971, -9.000494587112767064, -3.272391413630716173 ) ) ;
#4884 = ADVANCED_FACE ( 'NONE', ( #7101 ), #2410, .T. ) ;
#4885 = CARTESIAN_POINT ( 'NONE',  ( 8.807973303152710542, 2.061648272210859556, 3.193750000000000089 ) ) ;
#4886 = B_SPLINE_CURVE_WITH_KNOTS ( 'NONE', 3,
 ( #1984, #4284, #5045, #8847, #8098, #7346, #5837 ),
 .UNSPECIFIED., .F., .F.,
 ( 4, 3, 4 ),
 ( 0.0005204849250710219402, 0.0009002598162381904691, 0.0009544278593203510842 ),
 .UNSPECIFIED. ) ;
#4887 = ORIENTED_EDGE ( 'NONE', *, *, #1680, .T. ) ;
#4888 = DIRECTION ( 'NONE',  ( 0.000000000000000000, 0.000000000000000000, -1.000000000000000000 ) ) ;
#4889 = DIRECTION ( 'NONE',  ( 1.000000000000000000, 0.000000000000000000, 0.000000000000000000 ) ) ;
#4890 = ORIENTED_EDGE ( 'NONE', *, *, #8187, .F. ) ;
#4891 = CARTESIAN_POINT ( 'NONE',  ( -8.837711872106121191, 0.000000000000000000, 3.454996609771464389 ) ) ;
#4892 = VERTEX_POINT ( 'NONE', #1029 ) ;
#4893 = EDGE_CURVE ( 'NONE', #755, #9803, #8706, .T. ) ;
#4894 = CARTESIAN_POINT ( 'NONE',  ( 0.000000000000000000, 0.000000000000000000, 3.193750000000000533 ) ) ;
#4895 = CARTESIAN_POINT ( 'NONE',  ( 0.05000000000000003747, -8.619738104553002600, 3.143904910697430832 ) ) ;
#4896 = CARTESIAN_POINT ( 'NONE',  ( 0.000000000000000000, 0.000000000000000000, -3.500000000000000888 ) ) ;
#4897 = DIRECTION ( 'NONE',  ( -0.9009688679024218105, -0.4338837391175525693, 0.000000000000000000 ) ) ;
#4898 = CARTESIAN_POINT ( 'NONE',  ( 3.860119801968660003, -8.130859605668742773, -3.272391413630715284 ) ) ;
#4899 = ORIENTED_EDGE ( 'NONE', *, *, #1825, .F. ) ;
#4900 = ORIENTED_EDGE ( 'NONE', *, *, #3685, .T. ) ;
#4901 = CARTESIAN_POINT ( 'NONE',  ( 3.900057710434603031, -7.983315040036372601, -3.464797546056691768 ) ) ;
#4902 = ORIENTED_EDGE ( 'NONE', *, *, #2928, .F. ) ;
#4903 = CARTESIAN_POINT ( 'NONE',  ( 4.000000000000000000, 0.000000000000000000, -2.975000000000004974 ) ) ;
#4904 = CARTESIAN_POINT ( 'NONE',  ( -3.785012642412731942, -7.744421494718556787, 3.143904910697431276 ) ) ;
#4905 = CARTESIAN_POINT ( 'NONE',  ( 7.005695535894927772, 5.650808160872931474, 3.272391413630716173 ) ) ;
#4906 = ORIENTED_EDGE ( 'NONE', *, *, #7355, .F. ) ;
#4907 = DIRECTION ( 'NONE',  ( 0.000000000000000000, -0.000000000000000000, -1.000000000000000000 ) ) ;
#4908 = CARTESIAN_POINT ( 'NONE',  ( 6.754162845390005998, -5.322312732992344309, -3.114323832567764239 ) ) ;
#4909 = CARTESIAN_POINT ( 'NONE',  ( -6.878924930671409754, 5.549711976714819528, 3.456075294419946431 ) ) ;
#4910 = CARTESIAN_POINT ( 'NONE',  ( -0.05000000000000002359, -8.869541062855445190, -3.469985047562924141 ) ) ;
#4911 = CARTESIAN_POINT ( 'NONE',  ( 0.05000000000000001665, -8.896552580035715252, 3.452421434499180375 ) ) ;
#4912 = ORIENTED_EDGE ( 'NONE', *, *, #76, .F. ) ;
#4913 = VERTEX_POINT ( 'NONE', #3445 ) ;
#4914 = CARTESIAN_POINT ( 'NONE',  ( -3.923268333885832959, 8.261988883357034297, 3.500000000000000444 ) ) ;
#4915 = CARTESIAN_POINT ( 'NONE',  ( 7.103543054549956715, -5.600934152399576149, 3.500000000000000000 ) ) ;
#4916 = PLANE ( 'NONE',  #4129 ) ;
#4917 = CIRCLE ( 'NONE', #2197, 8.588813778810038713 ) ;
#4918 = CARTESIAN_POINT ( 'NONE',  ( -6.970196991303297729, -5.622499016216973011, 3.351032822740168005 ) ) ;
#4919 = CARTESIAN_POINT ( 'NONE',  ( 0.000000000000000000, 0.000000000000000000, 3.452421434499180375 ) ) ;
#4920 = CARTESIAN_POINT ( 'NONE',  ( 7.041194074364082844, -5.679117300646379540, -3.094141646974374105 ) ) ;
#4921 = ORIENTED_EDGE ( 'NONE', *, *, #9224, .T. ) ;
#4922 = VECTOR ( 'NONE', #8388, 1000.000000000000000 ) ;
#4923 = CIRCLE ( 'NONE', #5564, 5.378237760728125316 ) ;
#4924 = FACE_OUTER_BOUND ( 'NONE', #721, .T. ) ;
#4925 = EDGE_LOOP ( 'NONE', ( #844, #426, #7400, #1556 ) ) ;
#4926 = AXIS2_PLACEMENT_3D ( 'NONE', #6408, #7106, #8658 ) ;
#4927 = CARTESIAN_POINT ( 'NONE',  ( 0.000000000000000000, 0.000000000000000000, 3.193750000000000533 ) ) ;
#4928 = AXIS2_PLACEMENT_3D ( 'NONE', #5248, #2837, #480 ) ;
#4929 = CARTESIAN_POINT ( 'NONE',  ( 3.879820004569354719, -8.171767497885896958, 3.193750000000000089 ) ) ;
#4930 = CARTESIAN_POINT ( 'NONE',  ( 0.000000000000000000, 0.000000000000000000, -3.094141646974374105 ) ) ;
#4931 = EDGE_CURVE ( 'NONE', #4574, #6421, #9300, .T. ) ;
#4932 = ORIENTED_EDGE ( 'NONE', *, *, #9396, .T. ) ;
#4933 = CARTESIAN_POINT ( 'NONE',  ( -3.904984510970473721, -7.993545646765465307, -3.452954079042413582 ) ) ;
#4934 = AXIS2_PLACEMENT_3D ( 'NONE', #3778, #9150, #5334 ) ;
#4935 = EDGE_CURVE ( 'NONE', #2586, #9617, #2332, .T. ) ;
#4936 = AXIS2_PLACEMENT_3D ( 'NONE', #4618, #1617, #7677 ) ;
#4937 = CARTESIAN_POINT ( 'NONE',  ( -8.669423288030310815, -1.927453449055199997, -3.466916208273112421 ) ) ;
#4938 = CIRCLE ( 'NONE', #3976, 9.046037105128458933 ) ;
#4939 = ORIENTED_EDGE ( 'NONE', *, *, #4253, .T. ) ;
#4940 = EDGE_CURVE ( 'NONE', #9355, #8606, #6555, .T. ) ;
#4941 = AXIS2_PLACEMENT_3D ( 'NONE', #9182, #4857, #7910 ) ;
#4942 = AXIS2_PLACEMENT_3D ( 'NONE', #5665, #233, #7275 ) ;
#4943 = DIRECTION ( 'NONE',  ( 1.000000000000000000, 0.000000000000000000, 0.000000000000000000 ) ) ;
#4944 = CARTESIAN_POINT ( 'NONE',  ( -5.049999999999998934, 6.184466335694132082E-16, -1.096058885236881233E-15 ) ) ;
#4945 = ORIENTED_EDGE ( 'NONE', *, *, #4577, .F. ) ;
#4946 = CARTESIAN_POINT ( 'NONE',  ( 8.627120136385672211, -1.917798030746297400, 3.454996609771464833 ) ) ;
#4947 = ORIENTED_EDGE ( 'NONE', *, *, #7415, .F. ) ;
#4948 = DIRECTION ( 'NONE',  ( -0.4338837391175590641, -0.9009688679024187019, -0.000000000000000000 ) ) ;
#4949 = EDGE_CURVE ( 'NONE', #5069, #5165, #8599, .T. ) ;
#4950 = CARTESIAN_POINT ( 'NONE',  ( -3.883828242128072983, 7.949614201843012040, -3.464471549642479165 ) ) ;
#4951 = DIRECTION ( 'NONE',  ( -0.000000000000000000, -0.000000000000000000, 1.000000000000000000 ) ) ;
#4952 = DIRECTION ( 'NONE',  ( -0.000000000000000000, -0.000000000000000000, 1.000000000000000000 ) ) ;
#4953 = CIRCLE ( 'NONE', #1910, 8.896693082788692308 ) ;
#4954 = CARTESIAN_POINT ( 'NONE',  ( -3.816920499029517799, 8.041155328798748059, -3.444839032082838592 ) ) ;
#4955 = VERTEX_POINT ( 'NONE', #217 ) ;
#4956 = CONICAL_SURFACE ( 'NONE', #463, 8.869223585189136116, 0.6108652381980126389 ) ;
#4957 = EDGE_CURVE ( 'NONE', #8394, #3775, #647, .T. ) ;
#4958 = EDGE_CURVE ( 'NONE', #5942, #868, #9780, .T. ) ;
#4959 = EDGE_LOOP ( 'NONE', ( #2474, #6349 ) ) ;
#4960 = DIRECTION ( 'NONE',  ( 1.000000000000000000, 0.000000000000000000, 0.000000000000000000 ) ) ;
#4961 = CLOSED_SHELL ( 'NONE', ( #2320, #4717, #1865, #2420, #7662, #7937, #142, #6405, #2937, #860, #5599, #4072, #8323, #8381, #7269, #7889, #5940, #8861, #5008, #6359, #4884, #326, #7342, #3477, #2263, #6456, #3611, #1202, #7870, #1006, #7708, #8308, #3690, #670, #8439, #6120, #8397, #136, #7645, #7809, #890, #3351, #9793, #2309, #5660, #9901, #9477, #6126, #9475, #4528, #8081, #5612, #9129, #5976, #3404, #1695, #7865, #5266, #2480, #9314, #7799, #9045, #8079, #4645, #6734, #1004, #7670, #2256, #763, #3152, #951, #511, #6494, #9605, #4271, #2662, #7450, #4566, #7340, #1218, #2080, #8729, #2198, #4232, #7404, #379, #3644, #8727, #3664, #9047, #1832, #587, #3537, #1774 ) ) ;
#4962 = CARTESIAN_POINT ( 'NONE',  ( 8.670907408394947780, -2.030363876171016990, -3.437256629622303716 ) ) ;
#4963 = DIRECTION ( 'NONE',  ( 0.000000000000000000, 0.000000000000000000, -1.000000000000000000 ) ) ;
#4964 = ORIENTED_EDGE ( 'NONE', *, *, #1209, .T. ) ;
#4965 = VECTOR ( 'NONE', #3395, 1000.000000000000000 ) ;
#4966 = CARTESIAN_POINT ( 'NONE',  ( -8.588813778810038713, 1.051826330269239652E-15, 3.099533293948747659 ) ) ;
#4967 = CARTESIAN_POINT ( 'NONE',  ( 0.000000000000000000, 0.000000000000000000, -3.099533293948747659 ) ) ;
#4968 = CARTESIAN_POINT ( 'NONE',  ( 0.000000000000000000, 0.000000000000000000, 3.099533293948747659 ) ) ;
#4969 = CARTESIAN_POINT ( 'NONE',  ( -0.05000000000000002359, -8.846913349918352765, -3.464362763198132633 ) ) ;
#4970 = CIRCLE ( 'NONE', #8007, 9.046037105128458933 ) ;
#4971 = B_SPLINE_CURVE_WITH_KNOTS ( 'NONE', 3,
 ( #9627, #1959, #3455, #5020, #2760, #9424, #4164, #5706, #4059, #1907, #4257, #4910, #2555, #9476, #7311, #4104, #5659, #4969, #1805, #5613, #8717, #5764, #7965, #8024, #8072 ),
 .UNSPECIFIED., .F., .F.,
 ( 4, 3, 3, 3, 3, 3, 3, 3, 4 ),
 ( 0.0001509499138714748268, 0.0001527764003826867782, 0.0001645282963311838962, 0.0001762803579144514533, 0.0001880325997012799325, 0.0001997849575937750779, 0.0002115373162334721927, 0.0002188290956692535538, 0.0002208042975641505206 ),
 .UNSPECIFIED. ) ;
#4972 = CARTESIAN_POINT ( 'NONE',  ( 0.05000000000000002359, -8.854507720150186501, 3.468127985775450117 ) ) ;
#4973 = AXIS2_PLACEMENT_3D ( 'NONE', #5002, #4851, #1793 ) ;
#4974 = ORIENTED_EDGE ( 'NONE', *, *, #3292, .F. ) ;
#4975 = EDGE_LOOP ( 'NONE', ( #422, #2413, #3297, #3231 ) ) ;
#4976 = CARTESIAN_POINT ( 'NONE',  ( 0.000000000000000000, 0.000000000000000000, -3.500000000000000444 ) ) ;
#4977 = LINE ( 'NONE', #1764, #774 ) ;
#4978 = DIRECTION ( 'NONE',  ( 0.9749279121818212879, -0.2225209339563245514, 0.000000000000000000 ) ) ;
#4979 = DIRECTION ( 'NONE',  ( -1.000000000000000000, 0.000000000000000000, 0.000000000000000000 ) ) ;
#4980 = CARTESIAN_POINT ( 'NONE',  ( -6.924430402411094754, 5.586001379475759698, 3.452421434499180375 ) ) ;
#4981 = VECTOR ( 'NONE', #5749, 1000.000000000000000 ) ;
#4982 = CARTESIAN_POINT ( 'NONE',  ( -6.923233172288246529, -5.585046620312180465, -3.455073707654066073 ) ) ;
#4983 = ORIENTED_EDGE ( 'NONE', *, *, #6171, .F. ) ;
#4984 = DIRECTION ( 'NONE',  ( -0.6234898018587431423, -0.7818314824680221431, 0.000000000000000000 ) ) ;
#4985 = ORIENTED_EDGE ( 'NONE', *, *, #8126, .T. ) ;
#4986 = DIRECTION ( 'NONE',  ( -1.000000000000000000, 0.000000000000000000, 0.000000000000000000 ) ) ;
#4987 = CARTESIAN_POINT ( 'NONE',  ( -3.681435046370991504, 7.759816887429018983, 3.500000000000000000 ) ) ;
#4988 = CARTESIAN_POINT ( 'NONE',  ( 0.05000000000000003053, 8.692348900455138860, -3.247602129575368757 ) ) ;
#4989 = VERTEX_POINT ( 'NONE', #2487 ) ;
#4990 = FACE_OUTER_BOUND ( 'NONE', #6106, .T. ) ;
#4991 = DIRECTION ( 'NONE',  ( 0.6234898018587320401, -0.7818314824680310249, 0.000000000000000000 ) ) ;
#4992 = ORIENTED_EDGE ( 'NONE', *, *, #7833, .F. ) ;
#4993 = EDGE_CURVE ( 'NONE', #3551, #4913, #5543, .T. ) ;
#4994 = CARTESIAN_POINT ( 'NONE',  ( 3.930516482760546104, 8.046563332484373277, -3.351032822740167560 ) ) ;
#4995 = CARTESIAN_POINT ( 'NONE',  ( 0.000000000000000000, 0.000000000000000000, -3.094141646974374105 ) ) ;
#4996 = ORIENTED_EDGE ( 'NONE', *, *, #5555, .T. ) ;
#4997 = CYLINDRICAL_SURFACE ( 'NONE', #2875, 8.737285000697680104 ) ;
#4998 = ORIENTED_EDGE ( 'NONE', *, *, #4657, .F. ) ;
#4999 = CARTESIAN_POINT ( 'NONE',  ( -3.969916891359540401, 8.128379123974170284, -3.500000000000000000 ) ) ;
#5000 = DIRECTION ( 'NONE',  ( 1.000000000000000000, 0.000000000000000000, 0.000000000000000000 ) ) ;
#5001 = CARTESIAN_POINT ( 'NONE',  ( -7.119485258517184612, 5.741552436592656683, -3.094141646974374105 ) ) ;
#5002 = CARTESIAN_POINT ( 'NONE',  ( 0.000000000000000000, 0.000000000000000000, -3.094141646974374105 ) ) ;
#5003 = EDGE_CURVE ( 'NONE', #7507, #6903, #2930, .T. ) ;
#5004 = ORIENTED_EDGE ( 'NONE', *, *, #2419, .F. ) ;
#5005 = VECTOR ( 'NONE', #2941, 1000.000000000000000 ) ;
#5006 = EDGE_LOOP ( 'NONE', ( #5900, #4446, #5004, #2915 ) ) ;
#5007 = B_SPLINE_CURVE_WITH_KNOTS ( 'NONE', 3,
 ( #2330, #5303, #6846, #4548, #1595, #9814, #2948, #827, #9910, #59, #7603, #5394, #3890, #9058, #6103, #8357, #5449, #3137, #725, #9861, #1495, #4693 ),
 .UNSPECIFIED., .F., .F.,
 ( 4, 3, 3, 3, 3, 3, 3, 4 ),
 ( 0.0002168574548798324645, 0.0002188290334246886099, 0.0002305812013871287548, 0.0002423333607552018740, 0.0002540856419916204863, 0.0002658380091482393068, 0.0002775903405257921109, 0.0002867718163053248857 ),
 .UNSPECIFIED. ) ;
#5008 = ADVANCED_FACE ( 'NONE', ( #7204 ), #6254, .T. ) ;
#5009 = EDGE_CURVE ( 'NONE', #3949, #5194, #8425, .T. ) ;
#5010 = VERTEX_POINT ( 'NONE', #9661 ) ;
#5011 = CARTESIAN_POINT ( 'NONE',  ( 3.793731355337943256, 7.993002575754713845, -3.464471549642479165 ) ) ;
#5012 = CARTESIAN_POINT ( 'NONE',  ( -8.684323662192918292, -1.930854362223786813, 3.452954079042413582 ) ) ;
#5013 = CARTESIAN_POINT ( 'NONE',  ( -8.866382193656235700, 0.000000000000000000, 3.434921434499177639 ) ) ;
#5014 = ORIENTED_EDGE ( 'NONE', *, *, #7883, .F. ) ;
#5015 = AXIS2_PLACEMENT_3D ( 'NONE', #8595, #4193, #2686 ) ;
#5016 = DIRECTION ( 'NONE',  ( -0.000000000000000000, -0.000000000000000000, -1.000000000000000000 ) ) ;
#5017 = CARTESIAN_POINT ( 'NONE',  ( 3.879864310480573231, 7.941383012962141663, 3.456075294419946875 ) ) ;
#5018 = LINE ( 'NONE', #9717, #6386 ) ;
#5019 = EDGE_CURVE ( 'NONE', #5123, #995, #2746, .T. ) ;
#5020 = CARTESIAN_POINT ( 'NONE',  ( -0.05000000000000002359, -8.895588198274321456, -3.453994494324953202 ) ) ;
#5021 = B_SPLINE_CURVE_WITH_KNOTS ( 'NONE', 3,
 ( #2390, #2476, #6988, #5534, #9357, #6197, #1684 ),
 .UNSPECIFIED., .F., .F.,
 ( 4, 3, 4 ),
 ( 0.0009532733312319688606, 0.001225696219576461691, 0.001251962535739348627 ),
 .UNSPECIFIED. ) ;
#5022 = AXIS2_PLACEMENT_3D ( 'NONE', #2512, #8632, #3678 ) ;
#5023 = SPHERICAL_SURFACE ( 'NONE', #690, 2.450000000000000622 ) ;
#5024 = VERTEX_POINT ( 'NONE', #3753 ) ;
#5025 = ORIENTED_EDGE ( 'NONE', *, *, #4829, .T. ) ;
#5026 = FACE_OUTER_BOUND ( 'NONE', #9019, .T. ) ;
#5027 = LINE ( 'NONE', #343, #7669 ) ;
#5028 = CARTESIAN_POINT ( 'NONE',  ( 8.362206348396760802, 1.959904873689046090, -3.094141646974374105 ) ) ;
#5029 = CARTESIAN_POINT ( 'NONE',  ( -0.05000000000000000971, 9.046037105128458933, 3.500000000000000444 ) ) ;
#5030 = DIRECTION ( 'NONE',  ( 0.000000000000000000, 0.000000000000000000, 1.000000000000000000 ) ) ;
#5031 = ADVANCED_FACE ( 'NONE', ( #2901 ), #9059, .T. ) ;
#5032 = AXIS2_PLACEMENT_3D ( 'NONE', #3414, #7866, #289 ) ;
#5033 = CARTESIAN_POINT ( 'NONE',  ( 7.103543054549956715, -5.600934152399576149, -3.193750000000000089 ) ) ;
#5034 = VECTOR ( 'NONE', #7120, 1000.000000000000000 ) ;
#5035 = ORIENTED_EDGE ( 'NONE', *, *, #4344, .T. ) ;
#5036 = DIRECTION ( 'NONE',  ( -0.000000000000000000, -0.000000000000000000, 1.000000000000000000 ) ) ;
#5037 = ORIENTED_EDGE ( 'NONE', *, *, #7313, .T. ) ;
#5038 = DIRECTION ( 'NONE',  ( -0.000000000000000000, -0.000000000000000000, 1.000000000000000000 ) ) ;
#5039 = CARTESIAN_POINT ( 'NONE',  ( 0.000000000000000000, 0.000000000000000000, 3.500000000000000000 ) ) ;
#5040 = DIRECTION ( 'NONE',  ( 0.9749279121818257288, 0.2225209339563049837, 0.000000000000000000 ) ) ;
#5041 = VERTEX_POINT ( 'NONE', #2034 ) ;
#5042 = CARTESIAN_POINT ( 'NONE',  ( 0.000000000000000000, 0.000000000000000000, 2.994533293948747676 ) ) ;
#5043 = CARTESIAN_POINT ( 'NONE',  ( -8.628280558354221697, -1.918062889488035383, -3.456597352396201472 ) ) ;
#5044 = EDGE_LOOP ( 'NONE', ( #6842, #5710, #7969, #8811 ) ) ;
#5045 = CARTESIAN_POINT ( 'NONE',  ( 3.816517286038943801, -7.809841561300049584, -3.247602129575368313 ) ) ;
#5046 = CARTESIAN_POINT ( 'NONE',  ( -3.969916891359710487, -8.128379123974086795, -3.193750000000000089 ) ) ;
#5047 = ORIENTED_EDGE ( 'NONE', *, *, #1756, .F. ) ;
#5048 = FACE_OUTER_BOUND ( 'NONE', #8164, .T. ) ;
#5049 = DIRECTION ( 'NONE',  ( -0.000000000000000000, -0.000000000000000000, 1.000000000000000000 ) ) ;
#5050 = CARTESIAN_POINT ( 'NONE',  ( -0.05000000000000004441, 8.588668239434865015, 3.099533293948748103 ) ) ;
#5051 = CARTESIAN_POINT ( 'NONE',  ( -0.05000000000000000971, 9.045898922017695298, -3.094141646974374105 ) ) ;
#5052 = CARTESIAN_POINT ( 'NONE',  ( 0.000000000000000000, 0.000000000000000000, -3.099533293948747659 ) ) ;
#5053 = DIRECTION ( 'NONE',  ( -0.000000000000000000, -0.000000000000000000, 1.000000000000000000 ) ) ;
#5054 = ORIENTED_EDGE ( 'NONE', *, *, #6419, .F. ) ;
#5055 = EDGE_LOOP ( 'NONE', ( #4992, #9549, #3356, #2751 ) ) ;
#5056 = EDGE_LOOP ( 'NONE', ( #2433, #5211, #1664, #9208 ) ) ;
#5057 = CARTESIAN_POINT ( 'NONE',  ( -8.404652361358991186, -1.867021212834241606, -3.129114371485063550 ) ) ;
#5058 = DIRECTION ( 'NONE',  ( -0.000000000000000000, -0.000000000000000000, 1.000000000000000000 ) ) ;
#5059 = CARTESIAN_POINT ( 'NONE',  ( -6.943492677353385822, 5.473298235704803893, -3.459673052288552153 ) ) ;
#5060 = EDGE_CURVE ( 'NONE', #3647, #6495, #7542, .T. ) ;
#5061 = ORIENTED_EDGE ( 'NONE', *, *, #451, .T. ) ;
#5062 = CARTESIAN_POINT ( 'NONE',  ( 3.791356179071754706, -7.988070471417486829, 3.460296783607140103 ) ) ;
#5063 = CARTESIAN_POINT ( 'NONE',  ( 3.816920499029631486, 8.041155328798692992, 3.444839032082838592 ) ) ;
#5064 = CARTESIAN_POINT ( 'NONE',  ( -3.809960823644472860, -8.026703413948075294, -3.464797546056691768 ) ) ;
#5065 = ADVANCED_FACE ( 'NONE', ( #6643 ), #8344, .F. ) ;
#5066 = DIRECTION ( 'NONE',  ( 0.000000000000000000, 0.000000000000000000, 1.000000000000000000 ) ) ;
#5067 = ADVANCED_FACE ( 'NONE', ( #9707 ), #2951, .F. ) ;
#5068 = ORIENTED_EDGE ( 'NONE', *, *, #6906, .F. ) ;
#5069 = VERTEX_POINT ( 'NONE', #2141 ) ;
#5070 = DIRECTION ( 'NONE',  ( 1.000000000000000000, 0.000000000000000000, 0.000000000000000000 ) ) ;
#5071 = EDGE_CURVE ( 'NONE', #5801, #3377, #3211, .T. ) ;
#5072 = FACE_OUTER_BOUND ( 'NONE', #4295, .T. ) ;
#5073 = CARTESIAN_POINT ( 'NONE',  ( -8.394555401783351911, -1.864716647699920404, 3.114323832567764239 ) ) ;
#5074 = CARTESIAN_POINT ( 'NONE',  ( 0.05000000000000001665, 8.909685893445361771, -3.429674227117769814 ) ) ;
#5075 = DIRECTION ( 'NONE',  ( 1.000000000000000000, 0.000000000000000000, 0.000000000000000000 ) ) ;
#5076 = CARTESIAN_POINT ( 'NONE',  ( 7.068044516080801642, 5.572625012626128971, -3.272391413630715284 ) ) ;
#5077 = EDGE_CURVE ( 'NONE', #139, #895, #2212, .T. ) ;
#5078 = DIRECTION ( 'NONE',  ( -0.7818314824680220321, 0.6234898018587432533, 0.000000000000000000 ) ) ;
#5079 = ORIENTED_EDGE ( 'NONE', *, *, #4724, .F. ) ;
#5080 = EDGE_CURVE ( 'NONE', #8812, #360, #629, .T. ) ;
#5081 = LINE ( 'NONE', #8189, #7658 ) ;
#5082 = CARTESIAN_POINT ( 'NONE',  ( -0.05000000000000002359, 8.890954014360714197, 3.459706444013471494 ) ) ;
#5083 = CARTESIAN_POINT ( 'NONE',  ( 7.032545971489095216, -5.544315867970264655, 3.351032822740168449 ) ) ;
#5084 = ORIENTED_EDGE ( 'NONE', *, *, #1763, .F. ) ;
#5085 = B_SPLINE_CURVE_WITH_KNOTS ( 'NONE', 3,
 ( #1515, #4565, #9358, #2477, #5535, #8588, #7091, #6335, #9398, #8646, #7137, #1784, #3334, #5638, #6592, #1938, #1835, #8742, #7941, #6491, #365, #9548 ),
 .UNSPECIFIED., .F., .F.,
 ( 4, 3, 3, 3, 3, 3, 3, 4 ),
 ( 0.0002168574548798324103, 0.0002188290334246883388, 0.0002305812013871276977, 0.0002423333607552001392, 0.0002540856419916191311, 0.0002658380091482377347, 0.0002775903405257904846, 0.0002867718163053230426 ),
 .UNSPECIFIED. ) ;
#5086 = FACE_OUTER_BOUND ( 'NONE', #6026, .T. ) ;
#5087 = AXIS2_PLACEMENT_3D ( 'NONE', #8153, #1289, #8696 ) ;
#5088 = CIRCLE ( 'NONE', #4149, 5.378237760728126204 ) ;
#5089 = ORIENTED_EDGE ( 'NONE', *, *, #7385, .F. ) ;
#5090 = CARTESIAN_POINT ( 'NONE',  ( 3.820719386415921903, 8.049043799739495242, -3.429674227117770702 ) ) ;
#5091 = APPLICATION_PROTOCOL_DEFINITION ( 'international standard', 'config_control_design', 1994, #8686 ) ;
#5092 = CARTESIAN_POINT ( 'NONE',  ( 7.032545971489132519, 5.544315867970217582, 3.351032822740167560 ) ) ;
#5093 = DIRECTION ( 'NONE',  ( 1.000000000000000000, 0.000000000000000000, 0.000000000000000000 ) ) ;
#5094 = VECTOR ( 'NONE', #4389, 1000.000000000000000 ) ;
#5095 = AXIS2_PLACEMENT_3D ( 'NONE', #4930, #7989, #1929 ) ;
#5096 = ORIENTED_EDGE ( 'NONE', *, *, #7468, .T. ) ;
#5097 = CARTESIAN_POINT ( 'NONE',  ( -6.764777536879186925, 5.458682467755240353, 3.247602129575368757 ) ) ;
#5098 = VECTOR ( 'NONE', #5228, 1000.000000000000000 ) ;
#5099 = FACE_OUTER_BOUND ( 'NONE', #9196, .T. ) ;
#5100 = DIRECTION ( 'NONE',  ( 0.000000000000000000, 0.000000000000000000, 1.000000000000000000 ) ) ;
#5101 = CARTESIAN_POINT ( 'NONE',  ( -3.896991616625391064, 7.976948230637789017, 3.468181098941469642 ) ) ;
#5102 = LINE ( 'NONE', #2184, #9733 ) ;
#5103 = ORIENTED_EDGE ( 'NONE', *, *, #3906, .F. ) ;
#5104 = AXIS2_PLACEMENT_3D ( 'NONE', #2451, #8474, #2406 ) ;
#5105 = VERTEX_POINT ( 'NONE', #8106 ) ;
#5106 = CONICAL_SURFACE ( 'NONE', #2058, 8.588813778810038713, 0.1745329251994453545 ) ;
#5107 = CIRCLE ( 'NONE', #4621, 4.524999999999999467 ) ;
#5108 = ORIENTED_EDGE ( 'NONE', *, *, #900, .T. ) ;
#5109 = CARTESIAN_POINT ( 'NONE',  ( -6.990202061954318147, 5.510547726935121737, 3.444839032082839037 ) ) ;
#5110 = CARTESIAN_POINT ( 'NONE',  ( 8.608393747221349201, 2.016095540947843379, 3.459673052288551709 ) ) ;
#5111 = CARTESIAN_POINT ( 'NONE',  ( -6.966062775967472476, 5.491297288733989923, -3.469713030103804385 ) ) ;
#5112 = ORIENTED_EDGE ( 'NONE', *, *, #8364, .F. ) ;
#5113 = AXIS2_PLACEMENT_3D ( 'NONE', #1942, #3828, #3081 ) ;
#5114 = DIRECTION ( 'NONE',  ( -0.000000000000000000, -0.000000000000000000, 1.000000000000000000 ) ) ;
#5115 = FACE_OUTER_BOUND ( 'NONE', #6536, .T. ) ;
#5116 = AXIS2_PLACEMENT_3D ( 'NONE', #1019, #408, #7292 ) ;
#5117 = B_SPLINE_CURVE_WITH_KNOTS ( 'NONE', 3,
 ( #1307, #8221, #9625, #8116, #1458, #4407, #5261 ),
 .UNSPECIFIED., .F., .F.,
 ( 4, 3, 4 ),
 ( 0.0005204849250710220487, 0.0009002598162381902523, 0.0009544278593203510842 ),
 .UNSPECIFIED. ) ;
#5118 = CARTESIAN_POINT ( 'NONE',  ( -3.803524205968503491, -8.013337639622369224, -3.469713030103804385 ) ) ;
#5119 = CARTESIAN_POINT ( 'NONE',  ( -0.05000000000000002359, 8.844177403585215202, -3.462372291138045455 ) ) ;
#5120 = CIRCLE ( 'NONE', #1908, 9.046037105128458933 ) ;
#5121 = EDGE_CURVE ( 'NONE', #7907, #4574, #8257, .T. ) ;
#5122 = DIRECTION ( 'NONE',  ( 0.000000000000000000, 0.000000000000000000, 1.000000000000000000 ) ) ;
#5123 = VERTEX_POINT ( 'NONE', #4351 ) ;
#5124 = ORIENTED_EDGE ( 'NONE', *, *, #9298, .T. ) ;
#5125 = DIRECTION ( 'NONE',  ( -0.000000000000000000, -0.000000000000000000, 1.000000000000000000 ) ) ;
#5126 = FACE_OUTER_BOUND ( 'NONE', #5770, .T. ) ;
#5127 = AXIS2_PLACEMENT_3D ( 'NONE', #8143, #1280, #4335 ) ;
#5128 = EDGE_CURVE ( 'NONE', #3775, #780, #5102, .T. ) ;
#5129 = CARTESIAN_POINT ( 'NONE',  ( -8.463287518778900065, -1.982975991212429845, -3.247602129575368313 ) ) ;
#5130 = DIRECTION ( 'NONE',  ( 1.000000000000000000, 0.000000000000000000, 0.000000000000000000 ) ) ;
#5131 = CARTESIAN_POINT ( 'NONE',  ( -7.103543054549914082, 5.600934152399629440, -3.094141646974374105 ) ) ;
#5132 = CARTESIAN_POINT ( 'NONE',  ( 0.05000000000000002359, 8.850402102400634519, -3.466377381984354411 ) ) ;
#5133 = CIRCLE ( 'NONE', #6247, 8.837711872106121191 ) ;
#5134 = CIRCLE ( 'NONE', #5928, 8.837711872106121191 ) ;
#5135 = EDGE_CURVE ( 'NONE', #7413, #9441, #7938, .T. ) ;
#5136 = CARTESIAN_POINT ( 'NONE',  ( -0.05000000000000001665, 8.909685893445361771, 3.429674227117770702 ) ) ;
#5137 = ORIENTED_EDGE ( 'NONE', *, *, #9119, .T. ) ;
#5138 = CARTESIAN_POINT ( 'NONE',  ( 0.000000000000000000, 0.000000000000000000, 3.376256313292342437 ) ) ;
#5139 = ADVANCED_FACE ( 'NONE', ( #7455 ), #8307, .T. ) ;
#5140 = CARTESIAN_POINT ( 'NONE',  ( -0.05000000000000002359, 8.862139442843751880, 3.469900311146004501 ) ) ;
#5141 = DIRECTION ( 'NONE',  ( 0.000000000000000000, 0.000000000000000000, -1.000000000000000000 ) ) ;
#5142 = CIRCLE ( 'NONE', #6571, 8.380768779485729070 ) ;
#5143 = VERTEX_POINT ( 'NONE', #9011 ) ;
#5144 = CARTESIAN_POINT ( 'NONE',  ( -8.684623479167832727, 1.930922793492005907, -3.452421434499180375 ) ) ;
#5145 = CARTESIAN_POINT ( 'NONE',  ( 6.683716731970481995, -5.394038632959075485, 3.099533293948748103 ) ) ;
#5146 = EDGE_CURVE ( 'NONE', #1095, #8786, #4363, .T. ) ;
#5147 = ORIENTED_EDGE ( 'NONE', *, *, #6043, .F. ) ;
#5148 = DIRECTION ( 'NONE',  ( -1.000000000000000000, 6.776263578034444621E-17, 0.000000000000000000 ) ) ;
#5149 = ORIENTED_EDGE ( 'NONE', *, *, #9906, .T. ) ;
#5150 = DIRECTION ( 'NONE',  ( 0.000000000000000000, 0.000000000000000000, -1.000000000000000000 ) ) ;
#5151 = CARTESIAN_POINT ( 'NONE',  ( 3.815021055286684781, -8.037211093225025138, -3.452421434499180375 ) ) ;
#5152 = DIRECTION ( 'NONE',  ( 0.7818314824680352437, 0.6234898018587267110, -0.000000000000000000 ) ) ;
#5153 = ORIENTED_EDGE ( 'NONE', *, *, #6834, .T. ) ;
#5154 = CARTESIAN_POINT ( 'NONE',  ( -6.940665282085137555, -5.471043463218286718, -3.454996609771464833 ) ) ;
#5155 = CARTESIAN_POINT ( 'NONE',  ( -3.771531933161395678, -7.716428513517186616, 3.099533293948748103 ) ) ;
#5156 = CARTESIAN_POINT ( 'NONE',  ( -8.675175419594735260, -2.031338021875869426, -3.429674227117770702 ) ) ;
#5157 = CARTESIAN_POINT ( 'NONE',  ( -3.882393204681587218, 7.946634315880501731, 3.462372291138045899 ) ) ;
#5158 = EDGE_CURVE ( 'NONE', #6185, #2681, #4290, .T. ) ;
#5159 = CARTESIAN_POINT ( 'NONE',  ( 6.827126517065137179, 5.380499319508341038, -3.247602129575368313 ) ) ;
#5160 = ORIENTED_EDGE ( 'NONE', *, *, #7132, .F. ) ;
#5161 = ORIENTED_EDGE ( 'NONE', *, *, #4201, .F. ) ;
#5162 = EDGE_LOOP ( 'NONE', ( #5227, #2323, #7951, #7129 ) ) ;
#5163 = CARTESIAN_POINT ( 'NONE',  ( 0.000000000000000000, 0.000000000000000000, 3.434921434499177639 ) ) ;
#5164 = CARTESIAN_POINT ( 'NONE',  ( 6.986779382597008592, -5.507818231228904793, 3.452421434499180375 ) ) ;
#5165 = VERTEX_POINT ( 'NONE', #8022 ) ;
#5166 = CARTESIAN_POINT ( 'NONE',  ( 3.814887624180119730, -8.036934020677275470, 3.452954079042413138 ) ) ;
#5167 = CARTESIAN_POINT ( 'NONE',  ( 3.820719386415921903, 8.049043799739495242, 3.429674227117770702 ) ) ;
#5168 = CARTESIAN_POINT ( 'NONE',  ( 8.463287518778873419, -1.982975991212544420, -3.247602129575368313 ) ) ;
#5169 = DIRECTION ( 'NONE',  ( -0.000000000000000000, -0.000000000000000000, 1.000000000000000000 ) ) ;
#5170 = CARTESIAN_POINT ( 'NONE',  ( -8.392497227128131954, 1.966818569093144564, -3.143904910697431276 ) ) ;
#5171 = VERTEX_POINT ( 'NONE', #2496 ) ;
#5172 = ORIENTED_EDGE ( 'NONE', *, *, #4771, .F. ) ;
#5173 = DIRECTION ( 'NONE',  ( 1.000000000000000000, 0.000000000000000000, 0.000000000000000000 ) ) ;
#5174 = CARTESIAN_POINT ( 'NONE',  ( 0.000000000000000000, 0.000000000000000000, 3.500000000000000000 ) ) ;
#5175 = VECTOR ( 'NONE', #8470, 1000.000000000000000 ) ;
#5176 = CARTESIAN_POINT ( 'NONE',  ( -8.414749320523803533, -1.869325777874793371, 3.143904910697431276 ) ) ;
#5177 = CARTESIAN_POINT ( 'NONE',  ( 3.789429660203743833, 7.984070013767017748, -3.454996609771464833 ) ) ;
#5178 = LINE ( 'NONE', #8231, #8940 ) ;
#5179 = CARTESIAN_POINT ( 'NONE',  ( 0.05000000000000002359, 8.873523803643941221, -3.469378817057675590 ) ) ;
#5180 = CONICAL_SURFACE ( 'NONE', #3893, 5.378237760728125316, 0.7853981633973957655 ) ;
#5181 = LINE ( 'NONE', #8233, #7424 ) ;
#5182 = EDGE_LOOP ( 'NONE', ( #5751, #1896 ) ) ;
#5183 = CARTESIAN_POINT ( 'NONE',  ( 3.905117942076983706, 7.993822719313241620, 3.452421434499180375 ) ) ;
#5184 = CARTESIAN_POINT ( 'NONE',  ( 8.808108021724386560, 2.061679020845724075, -3.094141646974374105 ) ) ;
#5185 = CARTESIAN_POINT ( 'NONE',  ( 6.941273910857324481, -5.471528828467965511, -3.456075294419946431 ) ) ;
#5186 = EDGE_LOOP ( 'NONE', ( #301, #7288, #1311, #2226, #8201, #4828 ) ) ;
#5187 = CARTESIAN_POINT ( 'NONE',  ( -6.683716731970554825, -5.394038632958984003, 3.099533293948748103 ) ) ;
#5188 = EDGE_CURVE ( 'NONE', #2940, #212, #1754, .T. ) ;
#5189 = DIRECTION ( 'NONE',  ( -0.2225209339563182231, -0.9749279121818227312, -0.000000000000000000 ) ) ;
#5190 = EDGE_CURVE ( 'NONE', #3977, #3551, #2040, .T. ) ;
#5191 = EDGE_CURVE ( 'NONE', #8213, #8446, #8605, .T. ) ;
#5192 = VERTEX_POINT ( 'NONE', #8614 ) ;
#5193 = DIRECTION ( 'NONE',  ( -0.000000000000000000, -0.000000000000000000, 1.000000000000000000 ) ) ;
#5194 = VERTEX_POINT ( 'NONE', #5762 ) ;
#5195 = DIRECTION ( 'NONE',  ( 1.000000000000000000, 0.000000000000000000, 0.000000000000000000 ) ) ;
#5196 = CARTESIAN_POINT ( 'NONE',  ( 3.809799882939508997, -8.026369217130920219, -3.465025888964337497 ) ) ;
#5197 = DIRECTION ( 'NONE',  ( 0.9009688679024187019, -0.4338837391175590641, 0.000000000000000000 ) ) ;
#5198 = EDGE_CURVE ( 'NONE', #7554, #5231, #7967, .T. ) ;
#5199 = ORIENTED_EDGE ( 'NONE', *, *, #4265, .T. ) ;
#5200 = CARTESIAN_POINT ( 'NONE',  ( -6.827126517065172706, -5.380499319508293965, -3.247602129575368757 ) ) ;
#5201 = SPHERICAL_SURFACE ( 'NONE', #5646, 2.450000000000000622 ) ;
#5202 = CARTESIAN_POINT ( 'NONE',  ( -5.254494074020480632, 6.434899348887917556E-16, -3.500000000000000000 ) ) ;
#5203 = CARTESIAN_POINT ( 'NONE',  ( -3.885263278938771325, 7.952594086485296643, 3.466570807216844852 ) ) ;
#5204 = CARTESIAN_POINT ( 'NONE',  ( 3.905117942076983706, 7.993822719313241620, 3.452421434499180375 ) ) ;
#5205 = EDGE_LOOP ( 'NONE', ( #924, #3250, #1157, #5902 ) ) ;
#5206 = ORIENTED_EDGE ( 'NONE', *, *, #8279, .F. ) ;
#5207 = ORIENTED_EDGE ( 'NONE', *, *, #1153, .F. ) ;
#5208 = CARTESIAN_POINT ( 'NONE',  ( 6.923676418388960307, -5.585400097282380294, 3.453994494324953202 ) ) ;
#5209 = EDGE_CURVE ( 'NONE', #1312, #2029, #8822, .T. ) ;
#5210 = CARTESIAN_POINT ( 'NONE',  ( 3.726420399248757676, 7.853229935211777146, -3.247602129575368757 ) ) ;
#5211 = ORIENTED_EDGE ( 'NONE', *, *, #76, .T. ) ;
#5212 = CARTESIAN_POINT ( 'NONE',  ( -8.741693482048026098, -1.943948649232652981, 3.351032822740168005 ) ) ;
#5213 = LINE ( 'NONE', #7421, #6237 ) ;
#5214 = DIRECTION ( 'NONE',  ( -0.000000000000000000, -0.000000000000000000, 1.000000000000000000 ) ) ;
#5215 = CARTESIAN_POINT ( 'NONE',  ( -0.05000000000000002359, 8.866160943272234363, -3.470139885832122406 ) ) ;
#5216 = B_SPLINE_CURVE_WITH_KNOTS ( 'NONE', 3,
 ( #9148, #7020, #143, #3823, #3077, #3461, #6365, #9382, #189, #1965, #294, #3263, #2714, #3419, #6472, #2657, #5563, #2504, #9432, #4218, #8722, #2563 ),
 .UNSPECIFIED., .F., .F.,
 ( 4, 3, 3, 3, 3, 3, 3, 4 ),
 ( 0.0002168574548798289951, 0.0002188290334246843544, 0.0002305812013871231712, 0.0002423333607551960735, 0.0002540856419916145774, 0.0002658380091482346989, 0.0002775903405257857141, 0.0002867718163053184889 ),
 .UNSPECIFIED. ) ;
#5217 = FACE_OUTER_BOUND ( 'NONE', #73, .T. ) ;
#5218 = ORIENTED_EDGE ( 'NONE', *, *, #6413, .F. ) ;
#5219 = ORIENTED_EDGE ( 'NONE', *, *, #8003, .T. ) ;
#5220 = CARTESIAN_POINT ( 'NONE',  ( 0.000000000000000000, 8.737285000697680104, 2.449999999999999734 ) ) ;
#5221 = DIRECTION ( 'NONE',  ( 0.000000000000000000, -0.000000000000000000, 1.000000000000000000 ) ) ;
#5222 = CARTESIAN_POINT ( 'NONE',  ( 0.05000000000000002359, 8.869541062855445190, 3.469985047562924141 ) ) ;
#5223 = DIRECTION ( 'NONE',  ( -0.000000000000000000, -0.000000000000000000, 1.000000000000000000 ) ) ;
#5224 = DIRECTION ( 'NONE',  ( -0.000000000000000000, -0.000000000000000000, 1.000000000000000000 ) ) ;
#5225 = CARTESIAN_POINT ( 'NONE',  ( 0.05000000000000002359, 8.846913349918352765, -3.464362763198132633 ) ) ;
#5226 = CARTESIAN_POINT ( 'NONE',  ( 3.685928616305655048, -7.769147881545203305, -3.114323832567765127 ) ) ;
#5227 = ORIENTED_EDGE ( 'NONE', *, *, #9243, .F. ) ;
#5228 = DIRECTION ( 'NONE',  ( 0.000000000000000000, 0.000000000000000000, 1.000000000000000000 ) ) ;
#5229 = CARTESIAN_POINT ( 'NONE',  ( -0.05000000000000002359, 8.877823310605135632, 3.468181098941469642 ) ) ;
#5230 = CARTESIAN_POINT ( 'NONE',  ( 6.982402247695627118, -5.504327582625504256, -3.459706444013471494 ) ) ;
#5231 = VERTEX_POINT ( 'NONE', #7962 ) ;
#5232 = CARTESIAN_POINT ( 'NONE',  ( -6.746065712156426919, -5.315855484712181500, -3.099533293948748103 ) ) ;
#5233 = CARTESIAN_POINT ( 'NONE',  ( 0.000000000000000000, 0.000000000000000000, -3.376256313292342437 ) ) ;
#5234 = ORIENTED_EDGE ( 'NONE', *, *, #5789, .F. ) ;
#5235 = DIRECTION ( 'NONE',  ( 0.000000000000000000, 0.000000000000000000, 1.000000000000000000 ) ) ;
#5236 = ORIENTED_EDGE ( 'NONE', *, *, #447, .T. ) ;
#5237 = CARTESIAN_POINT ( 'NONE',  ( 0.000000000000000000, 0.000000000000000000, -3.434921434499177639 ) ) ;
#5238 = EDGE_CURVE ( 'NONE', #903, #9343, #5798, .T. ) ;
#5239 = PERSON ( 'UNSPECIFIED', 'UNSPECIFIED', 'UNSPECIFIED', ('UNSPECIFIED'), ('UNSPECIFIED'), ('UNSPECIFIED') ) ;
#5240 = DIRECTION ( 'NONE',  ( -0.000000000000000000, -0.000000000000000000, 1.000000000000000000 ) ) ;
#5241 = CARTESIAN_POINT ( 'NONE',  ( -3.803301197213214913, 8.012874557170817980, 3.469985047562923697 ) ) ;
#5242 = ORIENTED_EDGE ( 'NONE', *, *, #81, .F. ) ;
#5243 = EDGE_CURVE ( 'NONE', #7682, #5385, #4610, .T. ) ;
#5244 = CARTESIAN_POINT ( 'NONE',  ( 5.863736118510232131, 4.676173513940490523, -3.092233167847068013E-16 ) ) ;
#5245 = VECTOR ( 'NONE', #9757, 1000.000000000000000 ) ;
#5246 = CARTESIAN_POINT ( 'NONE',  ( -3.950216688758845240, 8.087471231757016099, 3.272391413630715729 ) ) ;
#5247 = DIRECTION ( 'NONE',  ( 1.000000000000000000, -6.776263578034444621E-17, 0.000000000000000000 ) ) ;
#5248 = CARTESIAN_POINT ( 'NONE',  ( 0.000000000000000000, 0.000000000000000000, -2.975000000000004974 ) ) ;
#5249 = ORIENTED_EDGE ( 'NONE', *, *, #8860, .T. ) ;
#5250 = ORIENTED_EDGE ( 'NONE', *, *, #5531, .F. ) ;
#5251 = VECTOR ( 'NONE', #7184, 1000.000000000000000 ) ;
#5252 = VECTOR ( 'NONE', #5040, 1000.000000000000000 ) ;
#5253 = AXIS2_PLACEMENT_3D ( 'NONE', #9279, #6918, #2407 ) ;
#5254 = ORIENTED_EDGE ( 'NONE', *, *, #3277, .F. ) ;
#5255 = CARTESIAN_POINT ( 'NONE',  ( 6.885620889539906031, -5.555051825725412229, 3.464362763198132189 ) ) ;
#5256 = AXIS2_PLACEMENT_3D ( 'NONE', #8991, #1370, #5932 ) ;
#5257 = EDGE_CURVE ( 'NONE', #733, #4711, #8900, .T. ) ;
#5258 = CARTESIAN_POINT ( 'NONE',  ( -3.879820004569297431, 8.171767497885925380, 3.094141646974374105 ) ) ;
#5259 = ORIENTED_EDGE ( 'NONE', *, *, #3725, .F. ) ;
#5260 = DIRECTION ( 'NONE',  ( 0.000000000000000000, 0.000000000000000000, -1.000000000000000000 ) ) ;
#5261 = CARTESIAN_POINT ( 'NONE',  ( -3.681435046371154041, -7.759816887428941712, -3.099533293948748103 ) ) ;
#5262 = CARTESIAN_POINT ( 'NONE',  ( -8.613976714791567346, 2.017369816863599397, 3.464362763198132189 ) ) ;
#5263 = CARTESIAN_POINT ( 'NONE',  ( -8.807973303152722977, -2.061648272210801824, -3.094141646974374105 ) ) ;
#5264 = TOROIDAL_SURFACE ( 'NONE', #8603, 8.866382193656235700, 0.03500000000000000333 ) ;
#5265 = EDGE_CURVE ( 'NONE', #2144, #5105, #6354, .T. ) ;
#5266 = ADVANCED_FACE ( 'NONE', ( #335 ), #9421, .T. ) ;
#5267 = CARTESIAN_POINT ( 'NONE',  ( -0.05000000000000000971, -9.045898922017695298, -3.094141646974374105 ) ) ;
#5268 = VERTEX_POINT ( 'NONE', #1151 ) ;
#5269 = VERTEX_POINT ( 'NONE', #7913 ) ;
#5270 = DIRECTION ( 'NONE',  ( -0.7818314824680310249, -0.6234898018587320401, 0.000000000000000000 ) ) ;
#5271 = DIRECTION ( 'NONE',  ( 1.000000000000000000, 0.000000000000000000, 0.000000000000000000 ) ) ;
#5272 = AXIS2_PLACEMENT_3D ( 'NONE', #9550, #3993, #5743 ) ;
#5273 = CARTESIAN_POINT ( 'NONE',  ( -8.382400267963360463, -1.964514004052424267, -3.129114371485063106 ) ) ;
#5274 = AXIS2_PLACEMENT_3D ( 'NONE', #7949, #1792, #2443 ) ;
#5275 = CARTESIAN_POINT ( 'NONE',  ( 8.830360115120004849, -1.964186229627602698, 3.094141646974374105 ) ) ;
#5276 = CARTESIAN_POINT ( 'NONE',  ( 6.924430402411174690, 5.586001379475661111, -3.452421434499180375 ) ) ;
#5277 = DIRECTION ( 'NONE',  ( -0.2225209339563245514, -0.9749279121818212879, 0.000000000000000000 ) ) ;
#5278 = EDGE_CURVE ( 'NONE', #8436, #1745, #1127, .T. ) ;
#5279 = AXIS2_PLACEMENT_3D ( 'NONE', #1364, #598, #9138 ) ;
#5280 = AXIS2_PLACEMENT_3D ( 'NONE', #5244, #4438, #2946 ) ;
#5281 = CARTESIAN_POINT ( 'NONE',  ( 3.789429660203686989, -7.984070013767042617, -3.454996609771464833 ) ) ;
#5282 = VECTOR ( 'NONE', #6541, 1000.000000000000000 ) ;
#5283 = ORIENTED_EDGE ( 'NONE', *, *, #1394, .T. ) ;
#5284 = FACE_OUTER_BOUND ( 'NONE', #9350, .T. ) ;
#5285 = DIRECTION ( 'NONE',  ( 1.000000000000000000, 0.000000000000000000, 0.000000000000000000 ) ) ;
#5286 = CARTESIAN_POINT ( 'NONE',  ( 8.660878464227932838, 2.028074835109809460, -3.455073707654066073 ) ) ;
#5287 = ORIENTED_EDGE ( 'NONE', *, *, #7262, .T. ) ;
#5288 = CIRCLE ( 'NONE', #636, 8.896693082788692308 ) ;
#5289 = FACE_OUTER_BOUND ( 'NONE', #9647, .T. ) ;
#5290 = CARTESIAN_POINT ( 'NONE',  ( 0.000000000000000000, 0.000000000000000000, -3.500000000000000888 ) ) ;
#5291 = B_SPLINE_CURVE_WITH_KNOTS ( 'NONE', 3,
 ( #6039, #203, #6330, #5582, #9351, #8737, #5680 ),
 .UNSPECIFIED., .F., .F.,
 ( 4, 3, 4 ),
 ( 0.0005204849250710206392, 0.0009002598162381901439, 0.0009544278593203504336 ),
 .UNSPECIFIED. ) ;
#5292 = ORIENTED_EDGE ( 'NONE', *, *, #3112, .T. ) ;
#5293 = CARTESIAN_POINT ( 'NONE',  ( 5.378237760728125316, 0.000000000000000000, 3.376256313292342437 ) ) ;
#5294 = VERTEX_POINT ( 'NONE', #9565 ) ;
#5295 = AXIS2_PLACEMENT_3D ( 'NONE', #1914, #8029, #9681 ) ;
#5296 = DIRECTION ( 'NONE',  ( 1.000000000000000000, 0.000000000000000000, 0.000000000000000000 ) ) ;
#5297 = VECTOR ( 'NONE', #805, 1000.000000000000000 ) ;
#5298 = LINE ( 'NONE', #5483, #760 ) ;
#5299 = CARTESIAN_POINT ( 'NONE',  ( -7.041302110270501124, -5.679203456406634487, 3.094141646974374105 ) ) ;
#5300 = ORIENTED_EDGE ( 'NONE', *, *, #7764, .F. ) ;
#5301 = CARTESIAN_POINT ( 'NONE',  ( 8.640010456057851229, -1.920740162094275671, 3.466570807216844852 ) ) ;
#5302 = CARTESIAN_POINT ( 'NONE',  ( -6.903713795781715845, -5.569480436980646765, -3.469713030103804385 ) ) ;
#5303 = CARTESIAN_POINT ( 'NONE',  ( -8.627491962581009588, 1.917882897649050289, 3.455541280135824955 ) ) ;
#5304 = CARTESIAN_POINT ( 'NONE',  ( 3.893398084003569348, 7.969486183259007817, 3.469985047562924141 ) ) ;
#5305 = ORIENTED_EDGE ( 'NONE', *, *, #4540, .F. ) ;
#5306 = EDGE_CURVE ( 'NONE', #2221, #3204, #456, .T. ) ;
#5307 = ORIENTED_EDGE ( 'NONE', *, *, #5546, .T. ) ;
#5308 = CARTESIAN_POINT ( 'NONE',  ( 6.922007415503209415, -5.584069111895026083, 3.457279025203407574 ) ) ;
#5309 = CARTESIAN_POINT ( 'NONE',  ( 8.613976714791579781, -2.017369816863542553, 3.464362763198132633 ) ) ;
#5310 = CARTESIAN_POINT ( 'NONE',  ( 3.816920499029574199, -8.041155328798719637, 3.444839032082839037 ) ) ;
#5311 = VERTEX_POINT ( 'NONE', #7882 ) ;
#5312 = CARTESIAN_POINT ( 'NONE',  ( 8.693159501790580279, -1.932871084952834995, 3.437256629622304160 ) ) ;
#5313 = CARTESIAN_POINT ( 'NONE',  ( 0.05000000000000001665, -8.896552580035715252, 3.452421434499180375 ) ) ;
#5314 = CARTESIAN_POINT ( 'NONE',  ( -8.624540184687427669, 2.019780859934247275, 3.469100694293998810 ) ) ;
#5315 = ADVANCED_FACE ( 'NONE', ( #4879, #9537 ), #4229, .F. ) ;
#5316 = LINE ( 'NONE', #9217, #2094 ) ;
#5317 = EDGE_CURVE ( 'NONE', #66, #7303, #8453, .T. ) ;
#5318 = ADVANCED_FACE ( 'NONE', ( #3529 ), #5567, .T. ) ;
#5319 = CARTESIAN_POINT ( 'NONE',  ( 0.000000000000000000, 0.000000000000000000, 2.975000000000000089 ) ) ;
#5320 = ORIENTED_EDGE ( 'NONE', *, *, #4444, .F. ) ;
#5321 = DIRECTION ( 'NONE',  ( -1.000000000000000000, 0.000000000000000000, 0.000000000000000000 ) ) ;
#5322 = DIRECTION ( 'NONE',  ( 1.000000000000000000, 0.000000000000000000, 0.000000000000000000 ) ) ;
#5323 = DIRECTION ( 'NONE',  ( 1.000000000000000000, 0.000000000000000000, 0.000000000000000000 ) ) ;
#5324 = EDGE_CURVE ( 'NONE', #9608, #4169, #6683, .T. ) ;
#5325 = CARTESIAN_POINT ( 'NONE',  ( 6.878924930671488802, 5.549711976714722717, -3.456075294419946431 ) ) ;
#5326 = CARTESIAN_POINT ( 'NONE',  ( 0.000000000000000000, 0.000000000000000000, 3.325000000000000622 ) ) ;
#5327 = LINE ( 'NONE', #4522, #8479 ) ;
#5328 = AXIS2_PLACEMENT_3D ( 'NONE', #2810, #8977, #5860 ) ;
#5329 = DIRECTION ( 'NONE',  ( 0.000000000000000000, 0.000000000000000000, -1.000000000000000000 ) ) ;
#5330 = ORIENTED_EDGE ( 'NONE', *, *, #9356, .F. ) ;
#5331 = ORIENTED_EDGE ( 'NONE', *, *, #3673, .F. ) ;
#5332 = CARTESIAN_POINT ( 'NONE',  ( 3.905117942076983706, 7.993822719313241620, -3.452421434499180375 ) ) ;
#5333 = CARTESIAN_POINT ( 'NONE',  ( -7.041194074364041100, 5.679117300646431943, -3.500000000000000000 ) ) ;
#5334 = DIRECTION ( 'NONE',  ( -1.000000000000000000, -2.700062395888380201E-13, 0.000000000000000000 ) ) ;
#5335 = ADVANCED_FACE ( 'NONE', ( #8733 ), #262, .T. ) ;
#5336 = ORIENTED_EDGE ( 'NONE', *, *, #7626, .T. ) ;
#5337 = DIRECTION ( 'NONE',  ( -0.000000000000000000, -0.000000000000000000, 1.000000000000000000 ) ) ;
#5338 = CARTESIAN_POINT ( 'NONE',  ( 3.889999191883962038, 7.962428311048002527, -3.469846945119945847 ) ) ;
#5339 = CONICAL_SURFACE ( 'NONE', #3247, 9.046037105128458933, 0.5235987755983011471 ) ;
#5340 = ORIENTED_EDGE ( 'NONE', *, *, #8846, .F. ) ;
#5341 = CARTESIAN_POINT ( 'NONE',  ( 0.000000000000000000, 0.000000000000000000, -3.193750000000000533 ) ) ;
#5342 = EDGE_LOOP ( 'NONE', ( #1043, #1331, #7069, #3616, #3712, #4062 ) ) ;
#5343 = DATE_AND_TIME ( #6937, #4751 ) ;
#5344 = VECTOR ( 'NONE', #864, 1000.000000000000000 ) ;
#5345 = CARTESIAN_POINT ( 'NONE',  ( -8.662071568797246712, 2.028347153442143558, -3.452954079042413138 ) ) ;
#5346 = DIRECTION ( 'NONE',  ( 0.4338837391175590641, 0.9009688679024187019, 0.000000000000000000 ) ) ;
#5347 = ORIENTED_EDGE ( 'NONE', *, *, #8931, .F. ) ;
#5348 = CARTESIAN_POINT ( 'NONE',  ( 8.647352942452561919, -1.922416036699666986, 3.469014143938407457 ) ) ;
#5349 = CARTESIAN_POINT ( 'NONE',  ( 0.000000000000000000, 0.000000000000000000, 2.975000000000000089 ) ) ;
#5350 = DIRECTION ( 'NONE',  ( -0.000000000000000000, -0.000000000000000000, 1.000000000000000000 ) ) ;
#5351 = AXIS2_PLACEMENT_3D ( 'NONE', #2558, #4015, #4817 ) ;
#5352 = EDGE_LOOP ( 'NONE', ( #5084, #558, #6559, #410 ) ) ;
#5353 = ORIENTED_EDGE ( 'NONE', *, *, #6957, .F. ) ;
#5354 = CARTESIAN_POINT ( 'NONE',  ( 8.693159501790594490, 1.932871084952774599, -3.437256629622303716 ) ) ;
#5355 = CARTESIAN_POINT ( 'NONE',  ( 8.653663380659780913, -2.026428039368262546, 3.462633071500297088 ) ) ;
#5356 = DIRECTION ( 'NONE',  ( -0.000000000000000000, -0.000000000000000000, 1.000000000000000000 ) ) ;
#5357 = ORIENTED_EDGE ( 'NONE', *, *, #6782, .F. ) ;
#5358 = CARTESIAN_POINT ( 'NONE',  ( 6.940665282085063836, -5.471043463218379976, 3.454996609771464833 ) ) ;
#5359 = CARTESIAN_POINT ( 'NONE',  ( 8.654470594799994032, 1.924040594400882709, 3.469915996672630953 ) ) ;
#5360 = CARTESIAN_POINT ( 'NONE',  ( 8.763707349719846107, 2.051544857202149963, -3.272391413630716173 ) ) ;
#5361 = B_SPLINE_CURVE_WITH_KNOTS ( 'NONE', 3,
 ( #5530, #3325, #4080, #8584, #1723, #160, #7133, #4131, #3234, #6287, #6387, #1831, #7087, #3935, #915, #106, #7840, #204, #2522, #5584, #8544, #8641, #5634, #1781, #7936 ),
 .UNSPECIFIED., .F., .F.,
 ( 4, 3, 3, 3, 3, 3, 3, 3, 4 ),
 ( 0.0001509499138714762091, 0.0001527764003826875101, 0.0001645282963311859019, 0.0001762803579144534049, 0.0001880325997012812877, 0.0001997849575937776529, 0.0002115373162334744696, 0.0002188290956692561830, 0.0002208042975641529872 ),
 .UNSPECIFIED. ) ;
#5362 = CARTESIAN_POINT ( 'NONE',  ( 0.000000000000000000, 0.000000000000000000, 3.454996609771464389 ) ) ;
#5363 = ORIENTED_EDGE ( 'NONE', *, *, #6427, .F. ) ;
#5364 = CARTESIAN_POINT ( 'NONE',  ( -6.827126517065059907, 5.380499319508437850, -3.247602129575368313 ) ) ;
#5365 = EDGE_CURVE ( 'NONE', #8239, #515, #2365, .T. ) ;
#5366 = DIRECTION ( 'NONE',  ( 0.000000000000000000, 0.000000000000000000, -1.000000000000000000 ) ) ;
#5367 = CARTESIAN_POINT ( 'NONE',  ( 0.000000000000000000, 0.000000000000000000, -3.376256313292342437 ) ) ;
#5368 = ADVANCED_FACE ( 'NONE', ( #8683 ), #9641, .T. ) ;
#5369 = EDGE_CURVE ( 'NONE', #4675, #605, #4123, .T. ) ;
#5370 = CARTESIAN_POINT ( 'NONE',  ( 3.780519072845678785, -7.735090501365860405, 3.129114371485063106 ) ) ;
#5371 = CARTESIAN_POINT ( 'NONE',  ( -8.676460702543531411, 1.929059692994604447, -3.462472406546387660 ) ) ;
#5372 = DIRECTION ( 'NONE',  ( 1.000000000000000000, 0.000000000000000000, 0.000000000000000000 ) ) ;
#5373 = EDGE_CURVE ( 'NONE', #9343, #9380, #5725, .T. ) ;
#5374 = DIRECTION ( 'NONE',  ( -1.000000000000000000, 0.000000000000000000, 0.000000000000000000 ) ) ;
#5375 = ORIENTED_EDGE ( 'NONE', *, *, #3112, .F. ) ;
#5376 = ORIENTED_EDGE ( 'NONE', *, *, #9804, .F. ) ;
#5377 = CARTESIAN_POINT ( 'NONE',  ( -8.632741730794631252, -2.021652809312943333, -3.470139885832122406 ) ) ;
#5378 = CARTESIAN_POINT ( 'NONE',  ( 6.691813865204133016, -5.400495881239145923, 3.114323832567764683 ) ) ;
#5379 = DIRECTION ( 'NONE',  ( -0.000000000000000000, -0.000000000000000000, 1.000000000000000000 ) ) ;
#5380 = ORIENTED_EDGE ( 'NONE', *, *, #3729, .T. ) ;
#5381 = ADVANCED_FACE ( 'NONE', ( #2574 ), #1775, .F. ) ;
#5382 = CARTESIAN_POINT ( 'NONE',  ( 6.878316301899227270, 5.549226611465136294, 3.454996609771464833 ) ) ;
#5383 = CARTESIAN_POINT ( 'NONE',  ( 8.684623479167859372, 1.930922793491888445, 3.452421434499180375 ) ) ;
#5384 = ADVANCED_FACE ( 'NONE', ( #3471 ), #3490, .T. ) ;
#5385 = VERTEX_POINT ( 'NONE', #4274 ) ;
#5386 = EDGE_CURVE ( 'NONE', #8140, #5294, #2845, .T. ) ;
#5387 = CARTESIAN_POINT ( 'NONE',  ( -6.970196991303297729, -5.622499016216973011, -3.351032822740168005 ) ) ;
#5388 = VERTEX_POINT ( 'NONE', #1869 ) ;
#5389 = CARTESIAN_POINT ( 'NONE',  ( 3.789429660203686989, -7.984070013767042617, -3.454996609771464833 ) ) ;
#5390 = CARTESIAN_POINT ( 'NONE',  ( -8.362206348396773237, -1.959904873688991467, -3.094141646974374105 ) ) ;
#5391 = ORIENTED_EDGE ( 'NONE', *, *, #1058, .T. ) ;
#5392 = CARTESIAN_POINT ( 'NONE',  ( 8.679165281223101047, -1.929676995429131514, 3.459706444013471494 ) ) ;
#5393 = CARTESIAN_POINT ( 'NONE',  ( -6.912240795546437333, 5.576280492380257137, -3.466916208273112865 ) ) ;
#5394 = CARTESIAN_POINT ( 'NONE',  ( -8.654993824190224672, 1.924160018094934532, 3.470139885832122406 ) ) ;
#5395 = ORIENTED_EDGE ( 'NONE', *, *, #3159, .T. ) ;
#5396 = ORIENTED_EDGE ( 'NONE', *, *, #7067, .T. ) ;
#5397 = CARTESIAN_POINT ( 'NONE',  ( 3.969916891359654976, 8.128379123974113440, 3.500000000000000000 ) ) ;
#5398 = VECTOR ( 'NONE', #6326, 1000.000000000000000 ) ;
#5399 = CARTESIAN_POINT ( 'NONE',  ( 8.661757950096310665, -2.028275572020148854, 3.453478796700601539 ) ) ;
#5400 = CARTESIAN_POINT ( 'NONE',  ( 0.000000000000000000, 0.000000000000000000, 3.500000000000000444 ) ) ;
#5401 = ORIENTED_EDGE ( 'NONE', *, *, #9914, .T. ) ;
#5402 = CARTESIAN_POINT ( 'NONE',  ( -8.627120136385658000, 1.917798030746353799, 3.454996609771464833 ) ) ;
#5403 = CARTESIAN_POINT ( 'NONE',  ( 8.628280558354209262, 1.918062889488092004, 3.456597352396201472 ) ) ;
#5404 = DIRECTION ( 'NONE',  ( -1.000000000000000000, 0.000000000000000000, 0.000000000000000000 ) ) ;
#5405 = DIRECTION ( 'NONE',  ( 1.000000000000000000, -3.552713678800500929E-15, 0.000000000000000000 ) ) ;
#5406 = CIRCLE ( 'NONE', #1069, 11.00000000000000000 ) ;
#5407 = CONICAL_SURFACE ( 'NONE', #8590, 9.046037105128458933, 0.5235987755983011471 ) ;
#5408 = AXIS2_PLACEMENT_3D ( 'NONE', #1513, #3766, #5173 ) ;
#5409 = DIRECTION ( 'NONE',  ( 0.000000000000000000, 0.000000000000000000, 1.000000000000000000 ) ) ;
#5410 = AXIS2_PLACEMENT_3D ( 'NONE', #1926, #8038, #6532 ) ;
#5411 = ORIENTED_EDGE ( 'NONE', *, *, #8313, .F. ) ;
#5412 = CARTESIAN_POINT ( 'NONE',  ( 8.669423288030296604, 1.927453449055256618, -3.466916208273112865 ) ) ;
#5413 = CARTESIAN_POINT ( 'NONE',  ( 3.681435046371100750, 7.759816887428968357, 3.099533293948748103 ) ) ;
#5414 = VECTOR ( 'NONE', #2787, 1000.000000000000000 ) ;
#5415 = CIRCLE ( 'NONE', #431, 8.896693082788692308 ) ;
#5416 = CONICAL_SURFACE ( 'NONE', #6216, 9.046037105128458933, 0.5235987755983011471 ) ;
#5417 = CARTESIAN_POINT ( 'NONE',  ( 3.771531933161288208, -7.716428513517238130, 3.099533293948748103 ) ) ;
#5418 = DIRECTION ( 'NONE',  ( 1.000000000000000000, 0.000000000000000000, 0.000000000000000000 ) ) ;
#5419 = CARTESIAN_POINT ( 'NONE',  ( 0.000000000000000000, 0.000000000000000000, 3.094141646974374105 ) ) ;
#5420 = ADVANCED_FACE ( 'NONE', ( #3430 ), #6482, .T. ) ;
#5421 = AXIS2_PLACEMENT_3D ( 'NONE', #331, #4963, #3450 ) ;
#5422 = PLANE ( 'NONE',  #1345 ) ;
#5423 = EDGE_CURVE ( 'NONE', #6543, #8037, #8137, .T. ) ;
#5424 = ORIENTED_EDGE ( 'NONE', *, *, #2449, .F. ) ;
#5425 = CONICAL_SURFACE ( 'NONE', #8612, 10.47500000000000497, 0.7853981633974418397 ) ;
#5426 = ORIENTED_EDGE ( 'NONE', *, *, #8937, .T. ) ;
#5427 = FACE_OUTER_BOUND ( 'NONE', #4179, .T. ) ;
#5428 = CARTESIAN_POINT ( 'NONE',  ( -8.660878464227947049, -2.028074835109752172, -3.455073707654066517 ) ) ;
#5429 = AXIS2_PLACEMENT_3D ( 'NONE', #4408, #5214, #1459 ) ;
#5430 = DIRECTION ( 'NONE',  ( 0.2225209339563113953, -0.9749279121818243965, 0.000000000000000000 ) ) ;
#5431 = DIRECTION ( 'NONE',  ( 0.000000000000000000, 0.000000000000000000, -1.000000000000000000 ) ) ;
#5432 = B_SPLINE_CURVE_WITH_KNOTS ( 'NONE', 3,
 ( #5757, #8818, #486, #4904, #1953, #4098, #7305 ),
 .UNSPECIFIED., .F., .F.,
 ( 4, 3, 4 ),
 ( 0.0008460917731560551160, 0.0009002598162382147553, 0.001280034707405371900 ),
 .UNSPECIFIED. ) ;
#5433 = CARTESIAN_POINT ( 'NONE',  ( 6.909787269926719766, 5.574323870989429608, 3.468181098941469642 ) ) ;
#5434 = FACE_OUTER_BOUND ( 'NONE', #7769, .T. ) ;
#5435 = VECTOR ( 'NONE', #443, 1000.000000000000000 ) ;
#5436 = CIRCLE ( 'NONE', #1269, 8.601156667459632033 ) ;
#5437 = EDGE_CURVE ( 'NONE', #2642, #2327, #3169, .T. ) ;
#5438 = CIRCLE ( 'NONE', #9128, 2.450000000000000622 ) ;
#5439 = ORIENTED_EDGE ( 'NONE', *, *, #7131, .T. ) ;
#5440 = CARTESIAN_POINT ( 'NONE',  ( 8.662371385772212662, -2.028415584710130837, -3.452421434499180375 ) ) ;
#5441 = EDGE_CURVE ( 'NONE', #1095, #198, #4116, .T. ) ;
#5442 = VERTEX_POINT ( 'NONE', #6735 ) ;
#5443 = DIRECTION ( 'NONE',  ( 0.7818314824680221431, -0.6234898018587431423, 0.000000000000000000 ) ) ;
#5444 = CARTESIAN_POINT ( 'NONE',  ( -3.789946096564069222, 7.985142404919487902, 3.456597352396201472 ) ) ;
#5445 = EDGE_LOOP ( 'NONE', ( #9868, #2389, #9491, #7559 ) ) ;
#5446 = CARTESIAN_POINT ( 'NONE',  ( 8.662586789016266664, -1.925893062767693786, 3.469286171371085192 ) ) ;
#5447 = EDGE_CURVE ( 'NONE', #7303, #8919, #8341, .T. ) ;
#5448 = CARTESIAN_POINT ( 'NONE',  ( -6.888348506065051780, 5.557227027319377122, -3.466377381984353967 ) ) ;
#5449 = CARTESIAN_POINT ( 'NONE',  ( -8.673253241877441511, 1.928327611028206823, 3.464797546056691768 ) ) ;
#5450 = AXIS2_PLACEMENT_3D ( 'NONE', #5474, #3874, #856 ) ;
#5451 = ORIENTED_EDGE ( 'NONE', *, *, #4658, .F. ) ;
#5452 = TOROIDAL_SURFACE ( 'NONE', #2730, 8.866382193656235700, 0.03500000000000000333 ) ;
#5453 = ADVANCED_FACE ( 'NONE', ( #9796 ), #9569, .T. ) ;
#5454 = ORIENTED_EDGE ( 'NONE', *, *, #7576, .F. ) ;
#5455 = CARTESIAN_POINT ( 'NONE',  ( 0.000000000000000000, 0.000000000000000000, 2.994533293948747676 ) ) ;
#5456 = CARTESIAN_POINT ( 'NONE',  ( 0.000000000000000000, 0.000000000000000000, -3.193750000000000533 ) ) ;
#5457 = CARTESIAN_POINT ( 'NONE',  ( 3.879820004569354719, -8.171767497885896958, 3.193750000000000089 ) ) ;
#5458 = ORIENTED_EDGE ( 'NONE', *, *, #8132, .T. ) ;
#5459 = ADVANCED_FACE ( 'NONE', ( #3575 ), #7437, .F. ) ;
#5460 = FACE_OUTER_BOUND ( 'NONE', #9875, .T. ) ;
#5461 = CARTESIAN_POINT ( 'NONE',  ( -6.944136749132248987, -5.473811865808739796, -3.460296783607140103 ) ) ;
#5462 = CARTESIAN_POINT ( 'NONE',  ( -0.05000000000000002359, -8.837570431649497849, -3.454996609771464833 ) ) ;
#5463 = CARTESIAN_POINT ( 'NONE',  ( 6.885620889539906031, -5.555051825725412229, -3.464362763198132189 ) ) ;
#5464 = DIRECTION ( 'NONE',  ( -0.000000000000000000, -0.000000000000000000, 1.000000000000000000 ) ) ;
#5465 = ORIENTED_EDGE ( 'NONE', *, *, #2541, .F. ) ;
#5466 = CARTESIAN_POINT ( 'NONE',  ( -6.966062775967472476, 5.491297288733989923, 3.469713030103804385 ) ) ;
#5467 = FACE_OUTER_BOUND ( 'NONE', #5617, .T. ) ;
#5468 = DIRECTION ( 'NONE',  ( 0.6234898018587431423, 0.7818314824680221431, 0.000000000000000000 ) ) ;
#5469 = LINE ( 'NONE', #3209, #4298 ) ;
#5470 = FACE_OUTER_BOUND ( 'NONE', #4874, .T. ) ;
#5471 = CARTESIAN_POINT ( 'NONE',  ( 0.05000000000000002359, -8.850792249910227838, 3.466570807216844852 ) ) ;
#5472 = ORIENTED_EDGE ( 'NONE', *, *, #4893, .T. ) ;
#5473 = EDGE_LOOP ( 'NONE', ( #2393, #7526, #1893, #2775, #5523, #1301, #9231, #8261, #3544, #739, #2641, #7525, #9246, #6925, #8849, #6296, #4127, #1612, #2162, #60, #1828, #2796, #6573, #7991, #1856, #7943, #3928, #3023, #7471, #6675, #7617, #9534 ) ) ;
#5474 = CARTESIAN_POINT ( 'NONE',  ( 0.000000000000000000, 10.47500000000000497, 3.500000000000000444 ) ) ;
#5475 = DIRECTION ( 'NONE',  ( 0.000000000000000000, 0.000000000000000000, 1.000000000000000000 ) ) ;
#5476 = CARTESIAN_POINT ( 'NONE',  ( 8.601156667459632033, -1.053337898176935207E-15, -2.994533293948747676 ) ) ;
#5477 = CARTESIAN_POINT ( 'NONE',  ( 6.764777536879263309, 5.458682467755143541, 3.247602129575368313 ) ) ;
#5478 = DIRECTION ( 'NONE',  ( 1.000000000000000000, 0.000000000000000000, 0.000000000000000000 ) ) ;
#5479 = AXIS2_PLACEMENT_3D ( 'NONE', #5319, #6012, #6119 ) ;
#5480 = EDGE_LOOP ( 'NONE', ( #2891, #7857 ) ) ;
#5481 = CARTESIAN_POINT ( 'NONE',  ( -6.934698440303992406, -5.594189866451142024, -3.429674227117770702 ) ) ;
#5482 = ORIENTED_EDGE ( 'NONE', *, *, #5441, .T. ) ;
#5483 = CARTESIAN_POINT ( 'NONE',  ( 3.681435046371045683, -7.759816887428994114, -3.500000000000000000 ) ) ;
#5484 = DIRECTION ( 'NONE',  ( 1.000000000000000000, 0.000000000000000000, 0.000000000000000000 ) ) ;
#5485 = EDGE_CURVE ( 'NONE', #7907, #2117, #3625, .T. ) ;
#5486 = AXIS2_PLACEMENT_3D ( 'NONE', #2441, #120, #169 ) ;
#5487 = EDGE_LOOP ( 'NONE', ( #8578, #693, #3852, #3436 ) ) ;
#5488 = CARTESIAN_POINT ( 'NONE',  ( 8.633561457740803746, -1.919268220312056572, 3.462372291138045899 ) ) ;
#5489 = EDGE_CURVE ( 'NONE', #8287, #6684, #5081, .T. ) ;
#5490 = EDGE_CURVE ( 'NONE', #1324, #4892, #1077, .T. ) ;
#5491 = CARTESIAN_POINT ( 'NONE',  ( 0.000000000000000000, 0.000000000000000000, -3.500000000000000444 ) ) ;
#5492 = ORIENTED_EDGE ( 'NONE', *, *, #9522, .F. ) ;
#5493 = AXIS2_PLACEMENT_3D ( 'NONE', #2877, #3623, #2161 ) ;
#5494 = EDGE_CURVE ( 'NONE', #8692, #6183, #7361, .T. ) ;
#5495 = VERTEX_POINT ( 'NONE', #2776 ) ;
#5496 = CARTESIAN_POINT ( 'NONE',  ( 8.688891490516537530, 1.931896939230847599, -3.444839032082837704 ) ) ;
#5497 = LINE ( 'NONE', #4739, #8968 ) ;
#5498 = DIRECTION ( 'NONE',  ( 0.000000000000000000, 0.000000000000000000, -1.000000000000000000 ) ) ;
#5499 = ORIENTED_EDGE ( 'NONE', *, *, #9413, .T. ) ;
#5500 = VECTOR ( 'NONE', #8526, 1000.000000000000000 ) ;
#5501 = DIRECTION ( 'NONE',  ( -0.000000000000000000, -0.000000000000000000, 1.000000000000000000 ) ) ;
#5502 = CARTESIAN_POINT ( 'NONE',  ( 6.953907387462545664, -5.481603689869698037, 3.468127985775450117 ) ) ;
#5503 = CARTESIAN_POINT ( 'NONE',  ( 8.662172082280122254, 1.925798408661319350, 3.469378817057675590 ) ) ;
#5504 = CARTESIAN_POINT ( 'NONE',  ( -8.605626990655270703, 2.015464046816531685, 3.456075294419946431 ) ) ;
#5505 = DIRECTION ( 'NONE',  ( -0.000000000000000000, -0.000000000000000000, 1.000000000000000000 ) ) ;
#5506 = EDGE_CURVE ( 'NONE', #5742, #1106, #7333, .T. ) ;
#5507 = CARTESIAN_POINT ( 'NONE',  ( -0.05000000000000002359, -8.865624258063290242, 3.469915996672630953 ) ) ;
#5508 = ORIENTED_EDGE ( 'NONE', *, *, #1166, .F. ) ;
#5509 = CARTESIAN_POINT ( 'NONE',  ( -6.940665282085022092, 5.471043463218431491, -3.454996609771464833 ) ) ;
#5510 = CARTESIAN_POINT ( 'NONE',  ( -3.879879959974250614, -8.171891996566714056, -3.094141646974374105 ) ) ;
#5511 = DIRECTION ( 'NONE',  ( -0.000000000000000000, -0.000000000000000000, 1.000000000000000000 ) ) ;
#5512 = CARTESIAN_POINT ( 'NONE',  ( 6.931275761065990970, -5.591460370840311001, -3.437256629622303716 ) ) ;
#5513 = CARTESIAN_POINT ( 'NONE',  ( 9.621762239271875572, 0.000000000000000000, 3.500000000000000000 ) ) ;
#5514 = CARTESIAN_POINT ( 'NONE',  ( 0.000000000000000000, 0.000000000000000000, 3.094141646974374105 ) ) ;
#5515 = VERTEX_POINT ( 'NONE', #2118 ) ;
#5516 = ORIENTED_EDGE ( 'NONE', *, *, #5317, .F. ) ;
#5517 = CARTESIAN_POINT ( 'NONE',  ( 0.000000000000000000, 0.000000000000000000, -3.452421434499180375 ) ) ;
#5518 = LINE ( 'NONE', #1708, #5737 ) ;
#5519 = VECTOR ( 'NONE', #7393, 1000.000000000000000 ) ;
#5520 = DIRECTION ( 'NONE',  ( -0.4338837391175525693, 0.9009688679024218105, 0.000000000000000000 ) ) ;
#5521 = CARTESIAN_POINT ( 'NONE',  ( 6.708008130675913172, 5.413410377005316576, 3.143904910697430832 ) ) ;
#5522 = CARTESIAN_POINT ( 'NONE',  ( 3.883580287306745316, 7.949099318350853594, -3.464362763198132633 ) ) ;
#5523 = ORIENTED_EDGE ( 'NONE', *, *, #4875, .T. ) ;
#5524 = DIRECTION ( 'NONE',  ( 0.000000000000000000, 0.000000000000000000, -1.000000000000000000 ) ) ;
#5525 = ORIENTED_EDGE ( 'NONE', *, *, #9423, .T. ) ;
#5526 = LINE ( 'NONE', #4987, #7321 ) ;
#5527 = CARTESIAN_POINT ( 'NONE',  ( -8.636538199847022312, -2.022519328599875710, 3.469713030103804385 ) ) ;
#5528 = VERTEX_POINT ( 'NONE', #9086 ) ;
#5529 = CARTESIAN_POINT ( 'NONE',  ( -3.905117942077038773, -7.993822719313215863, -3.452421434499180375 ) ) ;
#5530 = CARTESIAN_POINT ( 'NONE',  ( 8.662371385772212662, -2.028415584710130837, -3.452421434499180375 ) ) ;
#5531 = EDGE_CURVE ( 'NONE', #399, #6324, #6517, .T. ) ;
#5532 = ORIENTED_EDGE ( 'NONE', *, *, #222, .F. ) ;
#5533 = EDGE_CURVE ( 'NONE', #4711, #3336, #9098, .T. ) ;
#5534 = CARTESIAN_POINT ( 'NONE',  ( -8.675175419594735260, -2.031338021875869426, 3.429674227117770702 ) ) ;
#5535 = CARTESIAN_POINT ( 'NONE',  ( -3.790998746200601399, -7.987328254412416229, 3.459673052288552153 ) ) ;
#5536 = ORIENTED_EDGE ( 'NONE', *, *, #3851, .F. ) ;
#5537 = CARTESIAN_POINT ( 'NONE',  ( 6.986538948050996289, 5.507626491076615949, 3.452954079042413582 ) ) ;
#5538 = ORIENTED_EDGE ( 'NONE', *, *, #3273, .F. ) ;
#5539 = CARTESIAN_POINT ( 'NONE',  ( 0.05000000000000001665, 8.955090244376902930, 3.351032822740167560 ) ) ;
#5540 = CARTESIAN_POINT ( 'NONE',  ( 0.000000000000000000, 0.000000000000000000, -3.452421434499180375 ) ) ;
#5541 = CARTESIAN_POINT ( 'NONE',  ( 8.384458441792379091, -1.862412082470922270, 3.500000000000000000 ) ) ;
#5542 = CARTESIAN_POINT ( 'NONE',  ( -5.378237760728125316, 6.586441658729127815E-16, 3.500000000000000000 ) ) ;
#5543 = LINE ( 'NONE', #1739, #1935 ) ;
#5544 = EDGE_LOOP ( 'NONE', ( #808, #5234, #1177, #8745, #9584, #268 ) ) ;
#5545 = CARTESIAN_POINT ( 'NONE',  ( -0.05000000000000002359, -8.887620632346431293, 3.462633071500297088 ) ) ;
#5546 = EDGE_CURVE ( 'NONE', #450, #2644, #6023, .T. ) ;
#5547 = VERTEX_POINT ( 'NONE', #7538 ) ;
#5548 = CARTESIAN_POINT ( 'NONE',  ( -6.746065712156315008, 5.315855484712322720, -3.099533293948748103 ) ) ;
#5549 = CARTESIAN_POINT ( 'NONE',  ( -3.789595138428147880, 7.984413632840947628, -3.455541280135826288 ) ) ;
#5550 = ORIENTED_EDGE ( 'NONE', *, *, #3673, .T. ) ;
#5551 = DIRECTION ( 'NONE',  ( 0.000000000000000000, 0.000000000000000000, 1.000000000000000000 ) ) ;
#5552 = DIRECTION ( 'NONE',  ( -0.000000000000000000, -0.000000000000000000, 1.000000000000000000 ) ) ;
#5553 = DIRECTION ( 'NONE',  ( 1.000000000000000000, 0.000000000000000000, 0.000000000000000000 ) ) ;
#5554 = AXIS2_PLACEMENT_3D ( 'NONE', #8684, #3271, #8788 ) ;
#5555 = EDGE_CURVE ( 'NONE', #1655, #4055, #7585, .T. ) ;
#5556 = CIRCLE ( 'NONE', #421, 9.046037105128460709 ) ;
#5557 = FACE_OUTER_BOUND ( 'NONE', #669, .T. ) ;
#5558 = LINE ( 'NONE', #7916, #6623 ) ;
#5559 = ORIENTED_EDGE ( 'NONE', *, *, #8551, .F. ) ;
#5560 = ORIENTED_EDGE ( 'NONE', *, *, #2612, .F. ) ;
#5561 = DIRECTION ( 'NONE',  ( -0.5000000000000016653, 0.000000000000000000, -0.8660254037844377084 ) ) ;
#5562 = CIRCLE ( 'NONE', #3971, 8.588813778810038713 ) ;
#5563 = CARTESIAN_POINT ( 'NONE',  ( 8.673253241877455721, -1.928327611028149979, -3.464797546056691768 ) ) ;
#5564 = AXIS2_PLACEMENT_3D ( 'NONE', #1814, #999, #9484 ) ;
#5565 = TOROIDAL_SURFACE ( 'NONE', #8936, 8.866382193656235700, 0.03500000000000000333 ) ;
#5566 = CARTESIAN_POINT ( 'NONE',  ( 3.893621092758634106, -7.969949265710667419, 3.469713030103804385 ) ) ;
#5567 = TOROIDAL_SURFACE ( 'NONE', #7650, 8.866382193656235700, 0.03500000000000000333 ) ;
#5568 = CARTESIAN_POINT ( 'NONE',  ( 6.878614483356439990, 5.549464403242320820, 3.455541280135825843 ) ) ;
#5569 = PLANE ( 'NONE',  #9349 ) ;
#5570 = EDGE_CURVE ( 'NONE', #3138, #2573, #2217, .T. ) ;
#5571 = VECTOR ( 'NONE', #3355, 1000.000000000000000 ) ;
#5572 = AXIS2_PLACEMENT_3D ( 'NONE', #972, #1020, #6391 ) ;
#5573 = VERTEX_POINT ( 'NONE', #2218 ) ;
#5574 = FACE_OUTER_BOUND ( 'NONE', #8858, .T. ) ;
#5575 = VECTOR ( 'NONE', #3727, 1000.000000000000000 ) ;
#5576 = ORIENTED_EDGE ( 'NONE', *, *, #8914, .T. ) ;
#5577 = CARTESIAN_POINT ( 'NONE',  ( -7.041302110270501124, -5.679203456406634487, 3.500000000000000444 ) ) ;
#5578 = CARTESIAN_POINT ( 'NONE',  ( -3.879820004569468850, -8.171767497885843667, 3.193750000000000089 ) ) ;
#5579 = DIRECTION ( 'NONE',  ( 0.000000000000000000, 0.000000000000000000, 1.000000000000000000 ) ) ;
#5580 = ORIENTED_EDGE ( 'NONE', *, *, #5198, .T. ) ;
#5581 = VECTOR ( 'NONE', #730, 1000.000000000000000 ) ;
#5582 = CARTESIAN_POINT ( 'NONE',  ( 8.414749320523776888, -1.869325777874907279, 3.143904910697430832 ) ) ;
#5583 = AXIS2_PLACEMENT_3D ( 'NONE', #5052, #8211, #6642 ) ;
#5584 = CARTESIAN_POINT ( 'NONE',  ( 8.609196891592764800, -2.016278853409674721, -3.460296783607140103 ) ) ;
#5585 = ORIENTED_EDGE ( 'NONE', *, *, #5306, .F. ) ;
#5586 = VECTOR ( 'NONE', #1236, 1000.000000000000000 ) ;
#5587 = DIRECTION ( 'NONE',  ( -0.4338837391175526248, 0.9009688679024216995, 0.000000000000000000 ) ) ;
#5588 = CARTESIAN_POINT ( 'NONE',  ( 0.05000000000000001665, -8.895021265232191610, -3.455073707654066073 ) ) ;
#5589 = EDGE_LOOP ( 'NONE', ( #128, #2763, #625, #8076 ) ) ;
#5590 = CARTESIAN_POINT ( 'NONE',  ( 6.977371155119528545, 5.500315420178984560, 3.465025888964337497 ) ) ;
#5591 = EDGE_LOOP ( 'NONE', ( #513, #8535, #495, #3655 ) ) ;
#5592 = CARTESIAN_POINT ( 'NONE',  ( 0.05000000000000001665, 8.909685893445361771, 3.429674227117769814 ) ) ;
#5593 = AXIS2_PLACEMENT_3D ( 'NONE', #9304, #4734, #8042 ) ;
#5594 = DIRECTION ( 'NONE',  ( 0.000000000000000000, 0.000000000000000000, 1.000000000000000000 ) ) ;
#5595 = DIRECTION ( 'NONE',  ( 0.000000000000000000, 0.000000000000000000, 1.000000000000000000 ) ) ;
#5596 = DIRECTION ( 'NONE',  ( -0.7071067811865504593, 8.659560562354967371E-17, 0.7071067811865445751 ) ) ;
#5597 = DIRECTION ( 'NONE',  ( 1.000000000000000000, 0.000000000000000000, 0.000000000000000000 ) ) ;
#5598 = AXIS2_PLACEMENT_3D ( 'NONE', #6668, #8929, #4421 ) ;
#5599 = ADVANCED_FACE ( 'NONE', ( #5284 ), #7982, .T. ) ;
#5600 = CARTESIAN_POINT ( 'NONE',  ( -0.05000000000000002359, -8.895923368718410273, 3.453478796700601539 ) ) ;
#5601 = AXIS2_PLACEMENT_3D ( 'NONE', #1361, #9783, #5321 ) ;
#5602 = ORIENTED_EDGE ( 'NONE', *, *, #1936, .T. ) ;
#5603 = CARTESIAN_POINT ( 'NONE',  ( 3.811388277930510604, 8.029667553315800177, -3.462472406546387216 ) ) ;
#5604 = AXIS2_PLACEMENT_3D ( 'NONE', #3562, #5169, #3716 ) ;
#5605 = CARTESIAN_POINT ( 'NONE',  ( 6.883895907083541488, -5.425771397351178749, 3.351299362948741312 ) ) ;
#5606 = CARTESIAN_POINT ( 'NONE',  ( -4.000000000000000000, 4.898587196589412829E-16, 3.500000000000000000 ) ) ;
#5607 = EDGE_CURVE ( 'NONE', #4016, #6318, #4605, .T. ) ;
#5608 = ORIENTED_EDGE ( 'NONE', *, *, #1592, .T. ) ;
#5609 = LINE ( 'NONE', #6566, #4287 ) ;
#5610 = DIRECTION ( 'NONE',  ( -0.000000000000000000, -0.000000000000000000, -1.000000000000000000 ) ) ;
#5611 = CARTESIAN_POINT ( 'NONE',  ( -6.883263353692853137, 5.553171753624137175, 3.461862008941932967 ) ) ;
#5612 = ADVANCED_FACE ( 'NONE', ( #3875 ), #5106, .F. ) ;
#5613 = CARTESIAN_POINT ( 'NONE',  ( -0.05000000000000002359, -8.842010604659868989, -3.460296783607140103 ) ) ;
#5614 = EDGE_CURVE ( 'NONE', #6087, #3941, #3332, .T. ) ;
#5615 = DIRECTION ( 'NONE',  ( 1.000000000000000000, 0.000000000000000000, 0.000000000000000000 ) ) ;
#5616 = ORIENTED_EDGE ( 'NONE', *, *, #1642, .T. ) ;
#5617 = EDGE_LOOP ( 'NONE', ( #6550, #8327, #1913, #8396 ) ) ;
#5618 = CARTESIAN_POINT ( 'NONE',  ( -3.789429660203631034, 7.984070013767070151, -3.454996609771464833 ) ) ;
#5619 = EDGE_CURVE ( 'NONE', #1643, #3347, #5518, .T. ) ;
#5620 = LINE ( 'NONE', #5712, #8142 ) ;
#5621 = DIRECTION ( 'NONE',  ( 1.000000000000000000, 0.000000000000000000, 0.000000000000000000 ) ) ;
#5622 = CARTESIAN_POINT ( 'NONE',  ( 0.05000000000000001665, 8.900930351248694805, -3.444839032082839037 ) ) ;
#5623 = CARTESIAN_POINT ( 'NONE',  ( -0.05000000000000003747, -8.588668239434865015, -3.500000000000000000 ) ) ;
#5624 = DIRECTION ( 'NONE',  ( 0.000000000000000000, 0.000000000000000000, -1.000000000000000000 ) ) ;
#5625 = ORIENTED_EDGE ( 'NONE', *, *, #5676, .F. ) ;
#5626 = CARTESIAN_POINT ( 'NONE',  ( -8.737285000697680104, 1.070008810934259432E-15, 3.500000000000000000 ) ) ;
#5627 = ORIENTED_EDGE ( 'NONE', *, *, #5848, .F. ) ;
#5628 = ADVANCED_FACE ( 'NONE', ( #9941 ), #7629, .T. ) ;
#5629 = CARTESIAN_POINT ( 'NONE',  ( 0.000000000000000000, 0.000000000000000000, 3.193750000000000533 ) ) ;
#5630 = CARTESIAN_POINT ( 'NONE',  ( 0.000000000000000000, 0.000000000000000000, -3.201256313292353717 ) ) ;
#5631 = DIRECTION ( 'NONE',  ( -0.000000000000000000, -0.000000000000000000, 1.000000000000000000 ) ) ;
#5632 = ORIENTED_EDGE ( 'NONE', *, *, #5489, .T. ) ;
#5633 = CARTESIAN_POINT ( 'NONE',  ( 0.05000000000000000971, -9.045898922017695298, -3.193750000000000089 ) ) ;
#5634 = CARTESIAN_POINT ( 'NONE',  ( 8.605626990655284914, -2.015464046816475285, -3.456075294419946875 ) ) ;
#5635 = ORIENTED_EDGE ( 'NONE', *, *, #5666, .F. ) ;
#5636 = APPROVAL_PERSON_ORGANIZATION ( #620, #4808, #564 ) ;
#5637 = LINE ( 'NONE', #8695, #8299 ) ;
#5638 = CARTESIAN_POINT ( 'NONE',  ( -3.805213805539127137, -8.016846129282408029, 3.469286171371085192 ) ) ;
#5639 = EDGE_LOOP ( 'NONE', ( #5559, #2995 ) ) ;
#5640 = CARTESIAN_POINT ( 'NONE',  ( 6.942783102063867062, 5.472732368293842242, 3.458522467003439349 ) ) ;
#5641 = ORIENTED_EDGE ( 'NONE', *, *, #1592, .F. ) ;
#5642 = CARTESIAN_POINT ( 'NONE',  ( 7.005695535894927772, 5.650808160872931474, -3.272391413630716173 ) ) ;
#5643 = SPHERICAL_SURFACE ( 'NONE', #8047, 2.450000000000000622 ) ;
#5644 = LINE ( 'NONE', #3443, #6723 ) ;
#5645 = CARTESIAN_POINT ( 'NONE',  ( 6.940665282085101140, 5.471043463218333791, 3.454996609771464833 ) ) ;
#5646 = AXIS2_PLACEMENT_3D ( 'NONE', #2137, #2743, #7452 ) ;
#5647 = CARTESIAN_POINT ( 'NONE',  ( 3.840419595970247624, -8.089951706396156794, -3.351032822740167560 ) ) ;
#5648 = VERTEX_POINT ( 'NONE', #5332 ) ;
#5649 = CARTESIAN_POINT ( 'NONE',  ( 0.000000000000000000, 0.000000000000000000, -2.975000000000004974 ) ) ;
#5650 = ORIENTED_EDGE ( 'NONE', *, *, #1605, .T. ) ;
#5651 = CARTESIAN_POINT ( 'NONE',  ( 3.792296317891457491, 7.990022689792203536, -3.462372291138045899 ) ) ;
#5652 = AXIS2_PLACEMENT_3D ( 'NONE', #4778, #7079, #197 ) ;
#5653 = CARTESIAN_POINT ( 'NONE',  ( -8.639630090360906678, -1.920653346105943404, 3.466377381984354411 ) ) ;
#5654 = CARTESIAN_POINT ( 'NONE',  ( -3.803301197213214913, 8.012874557170817980, -3.469985047562923697 ) ) ;
#5655 = EDGE_LOOP ( 'NONE', ( #2035, #5396 ) ) ;
#5656 = DIRECTION ( 'NONE',  ( 0.4338837391175652258, 0.9009688679024158153, -0.000000000000000000 ) ) ;
#5657 = CARTESIAN_POINT ( 'NONE',  ( 0.000000000000000000, 0.000000000000000000, -3.094141646974374105 ) ) ;
#5658 = DIRECTION ( 'NONE',  ( -0.4338837391175652813, -0.9009688679024157043, 0.000000000000000000 ) ) ;
#5659 = CARTESIAN_POINT ( 'NONE',  ( -0.05000000000000002359, -8.850402102400634519, -3.466377381984354411 ) ) ;
#5660 = ADVANCED_FACE ( 'NONE', ( #4628 ), #6862, .T. ) ;
#5661 = PLANE ( 'NONE',  #199 ) ;
#5662 = ORIENTED_EDGE ( 'NONE', *, *, #1565, .T. ) ;
#5663 = ORIENTED_EDGE ( 'NONE', *, *, #4513, .F. ) ;
#5664 = PLANE ( 'NONE',  #6891 ) ;
#5665 = CARTESIAN_POINT ( 'NONE',  ( -5.863736118510165518, 4.676173513940574011, -3.092233167847068013E-16 ) ) ;
#5666 = EDGE_CURVE ( 'NONE', #6825, #5952, #750, .T. ) ;
#5667 = DIRECTION ( 'NONE',  ( 1.000000000000000000, 0.000000000000000000, 0.000000000000000000 ) ) ;
#5668 = DIRECTION ( 'NONE',  ( 0.000000000000000000, 0.000000000000000000, 1.000000000000000000 ) ) ;
#5669 = FACE_OUTER_BOUND ( 'NONE', #5877, .T. ) ;
#5670 = CARTESIAN_POINT ( 'NONE',  ( 3.771531933161343275, 7.716428513517212373, -3.099533293948748103 ) ) ;
#5671 = EDGE_CURVE ( 'NONE', #895, #350, #857, .T. ) ;
#5672 = ORIENTED_EDGE ( 'NONE', *, *, #1813, .F. ) ;
#5673 = DIRECTION ( 'NONE',  ( 0.2225209339563113953, -0.9749279121818243965, 0.000000000000000000 ) ) ;
#5674 = ORIENTED_EDGE ( 'NONE', *, *, #1949, .T. ) ;
#5675 = DIRECTION ( 'NONE',  ( -0.000000000000000000, -0.000000000000000000, 1.000000000000000000 ) ) ;
#5676 = EDGE_CURVE ( 'NONE', #212, #2249, #5920, .T. ) ;
#5677 = DIRECTION ( 'NONE',  ( -1.000000000000000000, 0.000000000000000000, 0.000000000000000000 ) ) ;
#5678 = CARTESIAN_POINT ( 'NONE',  ( -8.362206348396735933, 1.959904873689159333, 3.094141646974374105 ) ) ;
#5679 = EDGE_LOOP ( 'NONE', ( #4037, #5754, #5625, #6951 ) ) ;
#5680 = CARTESIAN_POINT ( 'NONE',  ( 8.384458441792379091, -1.862412082470922270, 3.099533293948748103 ) ) ;
#5681 = EDGE_CURVE ( 'NONE', #7216, #7443, #5216, .T. ) ;
#5682 = CARTESIAN_POINT ( 'NONE',  ( -8.658289197118445912, -1.924912165461300617, -3.469985047562924141 ) ) ;
#5683 = EDGE_CURVE ( 'NONE', #4594, #2022, #3024, .T. ) ;
#5684 = EDGE_LOOP ( 'NONE', ( #8757, #4727, #8570, #2693 ) ) ;
#5685 = CARTESIAN_POINT ( 'NONE',  ( -8.830225396548355477, -1.964155480992619385, 3.193750000000000089 ) ) ;
#5686 = DIRECTION ( 'NONE',  ( 0.000000000000000000, 0.000000000000000000, 1.000000000000000000 ) ) ;
#5687 = EDGE_LOOP ( 'NONE', ( #7263, #4150, #8874, #5482, #1359, #1713 ) ) ;
#5688 = LINE ( 'NONE', #8744, #2387 ) ;
#5689 = ORIENTED_EDGE ( 'NONE', *, *, #7942, .F. ) ;
#5690 = DIRECTION ( 'NONE',  ( 0.000000000000000000, 0.000000000000000000, -1.000000000000000000 ) ) ;
#5691 = CARTESIAN_POINT ( 'NONE',  ( -3.880042983354311303, 7.941754031007733694, -3.456597352396201472 ) ) ;
#5692 = DIRECTION ( 'NONE',  ( -0.6234898018587320401, 0.7818314824680310249, 0.000000000000000000 ) ) ;
#5693 = LINE ( 'NONE', #5542, #8154 ) ;
#5694 = DIRECTION ( 'NONE',  ( -1.000000000000000000, 0.000000000000000000, 0.000000000000000000 ) ) ;
#5695 = ORIENTED_EDGE ( 'NONE', *, *, #696, .T. ) ;
#5696 = ORIENTED_EDGE ( 'NONE', *, *, #6346, .T. ) ;
#5697 = CARTESIAN_POINT ( 'NONE',  ( -0.05000000000000002359, -8.873523803643941221, 3.469378817057675590 ) ) ;
#5698 = EDGE_LOOP ( 'NONE', ( #6190, #8837, #946, #2024 ) ) ;
#5699 = CARTESIAN_POINT ( 'NONE',  ( 3.812591928677977027, 8.032166959846914978, -3.459706444013471494 ) ) ;
#5700 = CARTESIAN_POINT ( 'NONE',  ( -8.627879084050942282, -1.917971255598176716, 3.456075294419946431 ) ) ;
#5701 = CARTESIAN_POINT ( 'NONE',  ( -3.792175066826404706, 7.989770909361549656, -3.461862008941932967 ) ) ;
#5702 = ORIENTED_EDGE ( 'NONE', *, *, #9677, .T. ) ;
#5703 = CARTESIAN_POINT ( 'NONE',  ( -6.944136749132248987, -5.473811865808739796, 3.460296783607140103 ) ) ;
#5704 = CARTESIAN_POINT ( 'NONE',  ( 8.372303308387706977, 1.962209438918158355, 3.114323832567764239 ) ) ;
#5705 = CARTESIAN_POINT ( 'NONE',  ( -6.915022174933576515, 5.578498568425886539, 3.465025888964337497 ) ) ;
#5706 = CARTESIAN_POINT ( 'NONE',  ( -0.05000000000000002359, -8.884519005424703408, -3.465025888964337497 ) ) ;
#5707 = CC_DESIGN_APPROVAL ( #3328, ( #1651 ) ) ;
#5708 = CARTESIAN_POINT ( 'NONE',  ( 0.05000000000000002359, -8.884889935907555270, 3.464797546056691768 ) ) ;
#5709 = EDGE_LOOP ( 'NONE', ( #1782, #311, #3666, #2321, #1688, #9169 ) ) ;
#5710 = ORIENTED_EDGE ( 'NONE', *, *, #6523, .F. ) ;
#5711 = CARTESIAN_POINT ( 'NONE',  ( 0.000000000000000000, 0.000000000000000000, 3.500000000000000444 ) ) ;
#5712 = CARTESIAN_POINT ( 'NONE',  ( -0.05000000000000000971, 9.045898922017695298, -3.500000000000000000 ) ) ;
#5713 = FACE_BOUND ( 'NONE', #8553, .T. ) ;
#5714 = DIRECTION ( 'NONE',  ( 1.000000000000000000, 0.000000000000000000, 0.000000000000000000 ) ) ;
#5715 = FACE_OUTER_BOUND ( 'NONE', #6507, .T. ) ;
#5716 = CARTESIAN_POINT ( 'NONE',  ( 6.971682289894198803, 5.495778701548846179, -3.468147503381453944 ) ) ;
#5717 = EDGE_CURVE ( 'NONE', #4078, #7746, #5620, .T. ) ;
#5718 = ORIENTED_EDGE ( 'NONE', *, *, #935, .T. ) ;
#5719 = CIRCLE ( 'NONE', #1410, 9.046037105128458933 ) ;
#5720 = CIRCLE ( 'NONE', #3016, 8.588813778810038713 ) ;
#5721 = CARTESIAN_POINT ( 'NONE',  ( 0.000000000000000000, 0.000000000000000000, -3.376256313292342437 ) ) ;
#5722 = VERTEX_POINT ( 'NONE', #7871 ) ;
#5723 = B_SPLINE_CURVE_WITH_KNOTS ( 'NONE', 3,
 ( #6314, #2497, #8615, #6464, #5763, #227, #7111, #5705, #1906, #8716, #8823, #3409, #3300, #9422, #1854, #8023, #7159, #2554, #5611, #3360, #1152, #1804, #4909, #4861, #7963 ),
 .UNSPECIFIED., .F., .F.,
 ( 4, 3, 3, 3, 3, 3, 3, 3, 4 ),
 ( 0.0001509499138714759923, 0.0001527764003826877811, 0.0001645282963311849533, 0.0001762803579144524833, 0.0001880325997012810980, 0.0001997849575937758911, 0.0002115373162334736835, 0.0002188290956692552614, 0.0002208042975641528246 ),
 .UNSPECIFIED. ) ;
#5724 = DIRECTION ( 'NONE',  ( 1.000000000000000000, 0.000000000000000000, 0.000000000000000000 ) ) ;
#5725 = CIRCLE ( 'NONE', #3817, 8.588813778810038713 ) ;
#5726 = DIRECTION ( 'NONE',  ( 0.6234898018590124824, -0.7818314824678073149, 0.000000000000000000 ) ) ;
#5727 = CARTESIAN_POINT ( 'NONE',  ( 6.993624741251864840, -5.513277222593508498, 3.437256629622304160 ) ) ;
#5728 = ORIENTED_EDGE ( 'NONE', *, *, #9538, .T. ) ;
#5729 = CARTESIAN_POINT ( 'NONE',  ( 8.627120136385686422, 1.917798030746237670, -3.454996609771464833 ) ) ;
#5730 = EDGE_CURVE ( 'NONE', #7779, #5269, #389, .T. ) ;
#5731 = AXIS2_PLACEMENT_3D ( 'NONE', #7675, #802, #5323 ) ;
#5732 = DIRECTION ( 'NONE',  ( 0.000000000000000000, 0.000000000000000000, -1.000000000000000000 ) ) ;
#5733 = VECTOR ( 'NONE', #6019, 999.9999999999998863 ) ;
#5734 = ADVANCED_FACE ( 'NONE', ( #7227 ), #7071, .T. ) ;
#5735 = ORIENTED_EDGE ( 'NONE', *, *, #6930, .F. ) ;
#5736 = AXIS2_PLACEMENT_3D ( 'NONE', #3337, #9456, #974 ) ;
#5737 = VECTOR ( 'NONE', #7772, 1000.000000000000000 ) ;
#5738 = FACE_OUTER_BOUND ( 'NONE', #2107, .T. ) ;
#5739 = CARTESIAN_POINT ( 'NONE',  ( -3.681435046370991504, 7.759816887429018983, 3.099533293948748103 ) ) ;
#5740 = ADVANCED_FACE ( 'NONE', ( #3370 ), #4065, .T. ) ;
#5741 = VECTOR ( 'NONE', #5747, 1000.000000000000000 ) ;
#5742 = VERTEX_POINT ( 'NONE', #1812 ) ;
#5743 = DIRECTION ( 'NONE',  ( 1.000000000000000000, 0.000000000000000000, 0.000000000000000000 ) ) ;
#5744 = VERTEX_POINT ( 'NONE', #6424 ) ;
#5745 = DIRECTION ( 'NONE',  ( 1.000000000000000000, 0.000000000000000000, 0.000000000000000000 ) ) ;
#5746 = CARTESIAN_POINT ( 'NONE',  ( 0.000000000000000000, 0.000000000000000000, 3.193750000000000533 ) ) ;
#5747 = DIRECTION ( 'NONE',  ( -0.7818314824680221431, 0.6234898018587431423, 0.000000000000000000 ) ) ;
#5748 = VECTOR ( 'NONE', #1164, 1000.000000000000000 ) ;
#5749 = DIRECTION ( 'NONE',  ( 0.000000000000000000, 0.000000000000000000, 1.000000000000000000 ) ) ;
#5750 = CIRCLE ( 'NONE', #7027, 8.588813778810038713 ) ;
#5751 = ORIENTED_EDGE ( 'NONE', *, *, #8426, .F. ) ;
#5752 = VECTOR ( 'NONE', #615, 1000.000000000000000 ) ;
#5753 = CIRCLE ( 'NONE', #1442, 8.588813778810038713 ) ;
#5754 = ORIENTED_EDGE ( 'NONE', *, *, #7132, .T. ) ;
#5755 = CARTESIAN_POINT ( 'NONE',  ( 3.808427779185252771, 8.023520014326749106, -3.466489319800472924 ) ) ;
#5756 = EDGE_CURVE ( 'NONE', #113, #8633, #4977, .T. ) ;
#5757 = CARTESIAN_POINT ( 'NONE',  ( -3.771531933161395678, -7.716428513517186616, 3.099533293948748103 ) ) ;
#5758 = CARTESIAN_POINT ( 'NONE',  ( -3.814748050727580608, 8.036644193416828230, -3.453478796700601539 ) ) ;
#5759 = ORIENTED_EDGE ( 'NONE', *, *, #195, .T. ) ;
#5760 = VECTOR ( 'NONE', #676, 999.9999999999998863 ) ;
#5761 = CARTESIAN_POINT ( 'NONE',  ( 0.05000000000000003747, -8.588668239434865015, 3.500000000000000000 ) ) ;
#5762 = CARTESIAN_POINT ( 'NONE',  ( -3.879820004569297431, 8.171767497885925380, -3.193750000000000089 ) ) ;
#5763 = CARTESIAN_POINT ( 'NONE',  ( -6.922007415503167671, 5.584069111895077597, 3.457279025203407574 ) ) ;
#5764 = CARTESIAN_POINT ( 'NONE',  ( -0.05000000000000002359, -8.838760696031124908, -3.456597352396201472 ) ) ;
#5765 = EDGE_CURVE ( 'NONE', #2494, #648, #6516, .T. ) ;
#5766 = AXIS2_PLACEMENT_3D ( 'NONE', #8792, #1932, #9594 ) ;
#5767 = CARTESIAN_POINT ( 'NONE',  ( -6.903713795781715845, -5.569480436980646765, 3.469713030103804385 ) ) ;
#5768 = VECTOR ( 'NONE', #4716, 1000.000000000000000 ) ;
#5769 = EDGE_LOOP ( 'NONE', ( #3920, #9773, #218, #2683 ) ) ;
#5770 = EDGE_LOOP ( 'NONE', ( #9379, #6412 ) ) ;
#5771 = LINE ( 'NONE', #8829, #9141 ) ;
#5772 = CARTESIAN_POINT ( 'NONE',  ( 8.362206348396748368, -1.959904873689104710, 3.099533293948748103 ) ) ;
#5773 = PLANE ( 'NONE',  #4768 ) ;
#5774 = DIRECTION ( 'NONE',  ( -1.000000000000000000, 0.000000000000000000, 0.000000000000000000 ) ) ;
#5775 = DIRECTION ( 'NONE',  ( 0.6234898018587320401, -0.7818314824680310249, 1.224646799147353454E-16 ) ) ;
#5776 = AXIS2_PLACEMENT_3D ( 'NONE', #4093, #8655, #8752 ) ;
#5777 = PLANE ( 'NONE',  #8638 ) ;
#5778 = VERTEX_POINT ( 'NONE', #4868 ) ;
#5779 = DIRECTION ( 'NONE',  ( 1.000000000000000000, 0.000000000000000000, 0.000000000000000000 ) ) ;
#5780 = VERTEX_POINT ( 'NONE', #5772 ) ;
#5781 = B_SPLINE_CURVE_WITH_KNOTS ( 'NONE', 3,
 ( #9405, #3393, #1689, #5592, #5539, #2440, #9458 ),
 .UNSPECIFIED., .F., .F.,
 ( 4, 3, 4 ),
 ( 0.001199429903413612702, 0.001225696219576499638, 0.001498119107920983795 ),
 .UNSPECIFIED. ) ;
#5782 = DIRECTION ( 'NONE',  ( 1.000000000000000000, 0.000000000000000000, 0.000000000000000000 ) ) ;
#5783 = CARTESIAN_POINT ( 'NONE',  ( -0.05000000000000002359, 8.866160943272234363, 3.470139885832122406 ) ) ;
#5784 = CARTESIAN_POINT ( 'NONE',  ( 7.500000000000000000, 0.000000000000000000, -7.960204194457796463E-16 ) ) ;
#5785 = ORIENTED_EDGE ( 'NONE', *, *, #8813, .T. ) ;
#5786 = CARTESIAN_POINT ( 'NONE',  ( 0.000000000000000000, 0.000000000000000000, -3.500000000000000444 ) ) ;
#5787 = CYLINDRICAL_SURFACE ( 'NONE', #9758, 5.378237760728125316 ) ;
#5788 = VERTEX_POINT ( 'NONE', #7920 ) ;
#5789 = EDGE_CURVE ( 'NONE', #7867, #3076, #5027, .T. ) ;
#5790 = CARTESIAN_POINT ( 'NONE',  ( -3.908916829529438530, 8.001711190391723960, -3.437256629622304605 ) ) ;
#5791 = EDGE_CURVE ( 'NONE', #6133, #6755, #9904, .T. ) ;
#5792 = VERTEX_POINT ( 'NONE', #1859 ) ;
#5793 = EDGE_CURVE ( 'NONE', #7303, #2464, #8030, .T. ) ;
#5794 = DIRECTION ( 'NONE',  ( -0.000000000000000000, -0.000000000000000000, -1.000000000000000000 ) ) ;
#5795 = ORIENTED_EDGE ( 'NONE', *, *, #346, .T. ) ;
#5796 = CARTESIAN_POINT ( 'NONE',  ( 0.000000000000000000, 0.000000000000000000, 3.201256313292353717 ) ) ;
#5797 = CARTESIAN_POINT ( 'NONE',  ( -3.891698646095010705, -7.965957264079597699, 3.469915996672630953 ) ) ;
#5798 = B_SPLINE_CURVE_WITH_KNOTS ( 'NONE', 3,
 ( #226, #2601, #1039, #1200, #4814, #7862, #8664 ),
 .UNSPECIFIED., .F., .F.,
 ( 4, 3, 4 ),
 ( 0.0005204849250710216150, 0.0009002598162381899270, 0.0009544278593203505421 ),
 .UNSPECIFIED. ) ;
#5799 = DIRECTION ( 'NONE',  ( 0.000000000000000000, 0.000000000000000000, -1.000000000000000000 ) ) ;
#5800 = DIRECTION ( 'NONE',  ( -0.000000000000000000, -0.000000000000000000, 1.000000000000000000 ) ) ;
#5802 = ADVANCED_FACE ( 'NONE', ( #7973 ), #8468, .T. ) ;
#5801 = VERTEX_POINT ( 'NONE', #9527 ) ;
#5803 = VECTOR ( 'NONE', #6570, 1000.000000000000000 ) ;
#5804 = ORIENTED_EDGE ( 'NONE', *, *, #5730, .F. ) ;
#5805 = EDGE_LOOP ( 'NONE', ( #1622, #8518, #6810, #6375, #5560, #292 ) ) ;
#5806 = CARTESIAN_POINT ( 'NONE',  ( 3.805213805539072514, 8.016846129282434674, -3.469286171371085192 ) ) ;
#5807 = EDGE_CURVE ( 'NONE', #8391, #5165, #8774, .T. ) ;
#5808 = CARTESIAN_POINT ( 'NONE',  ( 8.763707349719831896, -2.051544857202210803, -3.272391413630715729 ) ) ;
#5809 = CARTESIAN_POINT ( 'NONE',  ( -6.953907387462504808, 5.481603689869749552, -3.468127985775450117 ) ) ;
#5810 = EDGE_LOOP ( 'NONE', ( #7257, #5986, #1360, #9204, #6719 ) ) ;
#5811 = DIRECTION ( 'NONE',  ( -0.000000000000000000, -0.000000000000000000, 1.000000000000000000 ) ) ;
#5812 = DIRECTION ( 'NONE',  ( 1.000000000000000000, 0.000000000000000000, 0.000000000000000000 ) ) ;
#5813 = CARTESIAN_POINT ( 'NONE',  ( -3.789595138428315746, -7.984413632840869468, -3.455541280135824511 ) ) ;
#5814 = LINE ( 'NONE', #9568, #2250 ) ;
#5815 = EDGE_CURVE ( 'NONE', #4169, #748, #6663, .T. ) ;
#5816 = CIRCLE ( 'NONE', #8382, 9.046037105128458933 ) ;
#5817 = LINE ( 'NONE', #2762, #1491 ) ;
#5818 = ORIENTED_EDGE ( 'NONE', *, *, #6657, .T. ) ;
#5819 = ORIENTED_EDGE ( 'NONE', *, *, #1401, .T. ) ;
#5820 = CARTESIAN_POINT ( 'NONE',  ( 6.699910998104770421, 5.406953129253576407, -3.129114371485063106 ) ) ;
#5821 = FACE_BOUND ( 'NONE', #3489, .T. ) ;
#5822 = DIRECTION ( 'NONE',  ( -0.9749279121818212879, 0.2225209339563245514, 0.000000000000000000 ) ) ;
#5823 = CARTESIAN_POINT ( 'NONE',  ( 0.000000000000000000, 0.000000000000000000, -3.094141646974374105 ) ) ;
#5824 = CARTESIAN_POINT ( 'NONE',  ( -7.311959341363692744, -1.668907004672287808, -3.092233167847068013E-16 ) ) ;
#5825 = AXIS2_PLACEMENT_3D ( 'NONE', #6967, #41, #5374 ) ;
#5826 = CARTESIAN_POINT ( 'NONE',  ( -6.917884363807239367, -5.580781087886348857, -3.462472406546387216 ) ) ;
#5827 = LINE ( 'NONE', #1973, #40 ) ;
#5828 = ORIENTED_EDGE ( 'NONE', *, *, #6336, .T. ) ;
#5829 = CARTESIAN_POINT ( 'NONE',  ( -8.382400267963321383, 1.964514004052592577, 3.129114371485063550 ) ) ;
#5830 = CARTESIAN_POINT ( 'NONE',  ( 0.000000000000000000, 0.000000000000000000, -3.452421434499180375 ) ) ;
#5831 = FACE_OUTER_BOUND ( 'NONE', #7088, .T. ) ;
#5832 = EDGE_LOOP ( 'NONE', ( #973, #1623, #5401, #3779 ) ) ;
#5834 = B_SPLINE_CURVE_WITH_KNOTS ( 'NONE', 3,
 ( #8306, #9207, #1444, #677, #6801, #7042, #966 ),
 .UNSPECIFIED., .F., .F.,
 ( 4, 3, 4 ),
 ( 0.001199429903413612485, 0.001225696219576500072, 0.001498119107920983795 ),
 .UNSPECIFIED. ) ;
#5833 = CARTESIAN_POINT ( 'NONE',  ( -8.629761014703564825, -1.918400793988892516, -3.458522467003439349 ) ) ;
#5835 = ORIENTED_EDGE ( 'NONE', *, *, #2123, .F. ) ;
#5836 = FACE_OUTER_BOUND ( 'NONE', #1396, .T. ) ;
#5837 = CARTESIAN_POINT ( 'NONE',  ( 3.771531933161288208, -7.716428513517238130, -3.099533293948748103 ) ) ;
#5838 = CARTESIAN_POINT ( 'NONE',  ( 0.000000000000000000, 0.000000000000000000, 3.500000000000000000 ) ) ;
#5839 = ORIENTED_EDGE ( 'NONE', *, *, #1281, .T. ) ;
#5840 = CARTESIAN_POINT ( 'NONE',  ( -6.883895907083615207, -5.425771397351086378, -3.351299362948741312 ) ) ;
#5841 = CARTESIAN_POINT ( 'NONE',  ( 0.05000000000000004441, -8.588668239434865015, -3.099533293948748103 ) ) ;
#5842 = CARTESIAN_POINT ( 'NONE',  ( -8.666639397120919242, -2.029389730448972973, -3.444839032082838592 ) ) ;
#5843 = CARTESIAN_POINT ( 'NONE',  ( 0.000000000000000000, 0.000000000000000000, 3.094141646974374105 ) ) ;
#5844 = EDGE_CURVE ( 'NONE', #3316, #1353, #9107, .T. ) ;
#5845 = DIRECTION ( 'NONE',  ( -0.9009688679024216995, -0.4338837391175526248, 0.000000000000000000 ) ) ;
#5846 = ORIENTED_EDGE ( 'NONE', *, *, #1153, .T. ) ;
#5847 = ORIENTED_EDGE ( 'NONE', *, *, #8386, .F. ) ;
#5848 = EDGE_CURVE ( 'NONE', #118, #7509, #3500, .T. ) ;
#5849 = ORIENTED_EDGE ( 'NONE', *, *, #8916, .F. ) ;
#5850 = CARTESIAN_POINT ( 'NONE',  ( 6.879246888065205567, -5.549968729168641701, 3.456597352396201472 ) ) ;
#5851 = DIRECTION ( 'NONE',  ( 0.000000000000000000, 0.000000000000000000, 1.000000000000000000 ) ) ;
#5852 = CARTESIAN_POINT ( 'NONE',  ( -6.959874108529799486, 5.486361991139801830, -3.469900311146004501 ) ) ;
#5853 = ORIENTED_EDGE ( 'NONE', *, *, #7131, .F. ) ;
#5854 = CARTESIAN_POINT ( 'NONE',  ( 3.794997113488314699, -7.995630949636990614, 3.466377381984354411 ) ) ;
#5855 = CARTESIAN_POINT ( 'NONE',  ( 3.694915755622437015, 7.787809868630337640, 3.143904910697430832 ) ) ;
#5856 = DIRECTION ( 'NONE',  ( -0.000000000000000000, -0.000000000000000000, 1.000000000000000000 ) ) ;
#5857 = ADVANCED_FACE ( 'NONE', ( #3567 ), #4135, .F. ) ;
#5858 = CARTESIAN_POINT ( 'NONE',  ( 0.000000000000000000, 0.000000000000000000, 3.500000000000000444 ) ) ;
#5859 = EDGE_CURVE ( 'NONE', #4785, #5268, #3184, .T. ) ;
#5860 = DIRECTION ( 'NONE',  ( 1.000000000000000000, 7.105427357601001859E-15, 0.000000000000000000 ) ) ;
#5861 = VERTEX_POINT ( 'NONE', #9785 ) ;
#5862 = ORIENTED_EDGE ( 'NONE', *, *, #4686, .F. ) ;
#5863 = DIRECTION ( 'NONE',  ( 0.000000000000000000, 0.000000000000000000, 1.000000000000000000 ) ) ;
#5864 = CARTESIAN_POINT ( 'NONE',  ( 0.000000000000000000, 0.000000000000000000, 3.500000000000000444 ) ) ;
#5865 = CARTESIAN_POINT ( 'NONE',  ( 0.000000000000000000, 4.524999999999999467, -3.500000000000000444 ) ) ;
#5866 = ADVANCED_FACE ( 'NONE', ( #5918 ), #5425, .T. ) ;
#5867 = DIRECTION ( 'NONE',  ( -0.000000000000000000, -0.000000000000000000, 1.000000000000000000 ) ) ;
#5868 = FACE_OUTER_BOUND ( 'NONE', #6378, .T. ) ;
#5869 = CARTESIAN_POINT ( 'NONE',  ( 7.032545971489095216, -5.544315867970264655, -3.351032822740168449 ) ) ;
#5870 = DIRECTION ( 'NONE',  ( 0.000000000000000000, 0.000000000000000000, 1.000000000000000000 ) ) ;
#5871 = VERTEX_POINT ( 'NONE', #2917 ) ;
#5872 = AXIS2_PLACEMENT_3D ( 'NONE', #5630, #200, #354 ) ;
#5873 = DIRECTION ( 'NONE',  ( 0.4338837391175590086, 0.9009688679024187019, 0.000000000000000000 ) ) ;
#5874 = CARTESIAN_POINT ( 'NONE',  ( -0.05000000000000002359, 8.847484827480393221, 3.464471549642479165 ) ) ;
#5875 = CARTESIAN_POINT ( 'NONE',  ( 6.948416668875306179, -5.477224987910533471, -3.464471549642479165 ) ) ;
#5876 = ADVANCED_FACE ( 'NONE', ( #8331 ), #6701, .F. ) ;
#5877 = EDGE_LOOP ( 'NONE', ( #674, #5847, #5846, #7392, #8859, #5689, #2849, #8301, #403, #5641, #2982, #591, #61, #5320, #3764, #3179, #2780, #6633, #5112, #9036, #8707, #2965, #3911, #6548, #1533, #4286, #865, #1833, #2741, #2731, #544, #1878 ) ) ;
#5878 = DIRECTION ( 'NONE',  ( -0.7818314824680268060, 0.6234898018587372581, 0.000000000000000000 ) ) ;
#5879 = CARTESIAN_POINT ( 'NONE',  ( -3.816517286039053047, -7.809841561299996293, -3.247602129575368757 ) ) ;
#5880 = VECTOR ( 'NONE', #3473, 1000.000000000000000 ) ;
#5881 = AXIS2_PLACEMENT_3D ( 'NONE', #4436, #8956, #1381 ) ;
#5882 = AXIS2_PLACEMENT_3D ( 'NONE', #7527, #4367, #1407 ) ;
#5883 = EDGE_LOOP ( 'NONE', ( #9073, #8225, #9307, #2439 ) ) ;
#5884 = DIRECTION ( 'NONE',  ( 1.000000000000000000, 0.000000000000000000, 0.000000000000000000 ) ) ;
#5885 = AXIS2_PLACEMENT_3D ( 'NONE', #5629, #9493, #2622 ) ;
#5886 = ORIENTED_EDGE ( 'NONE', *, *, #2818, .F. ) ;
#5887 = DIRECTION ( 'NONE',  ( -0.2225209339566548705, 0.9749279121817460148, 0.000000000000000000 ) ) ;
#5888 = FACE_BOUND ( 'NONE', #6249, .T. ) ;
#5889 = TOROIDAL_SURFACE ( 'NONE', #1580, 8.866382193656235700, 0.03500000000000000333 ) ;
#5890 = ORIENTED_EDGE ( 'NONE', *, *, #8194, .F. ) ;
#5891 = AXIS2_PLACEMENT_3D ( 'NONE', #6125, #8564, #9225 ) ;
#5892 = CARTESIAN_POINT ( 'NONE',  ( -4.524999999999999467, 5.541526766141772948E-16, 3.500000000000000444 ) ) ;
#5893 = AXIS2_PLACEMENT_3D ( 'NONE', #2871, #3521, #5075 ) ;
#5894 = DIRECTION ( 'NONE',  ( -0.9009688679024218105, -0.4338837391175526248, 0.000000000000000000 ) ) ;
#5895 = DIRECTION ( 'NONE',  ( -0.2225209339563114785, 0.9749279121818242855, 0.000000000000000000 ) ) ;
#5896 = CARTESIAN_POINT ( 'NONE',  ( 3.803524205968448868, 8.013337639622395869, 3.469713030103804385 ) ) ;
#5897 = DIRECTION ( 'NONE',  ( 0.7818314824680310249, 0.6234898018587320401, 0.000000000000000000 ) ) ;
#5898 = VERTEX_POINT ( 'NONE', #438 ) ;
#5899 = CONICAL_SURFACE ( 'NONE', #613, 8.869223585189136116, 0.6108652381980126389 ) ;
#5900 = ORIENTED_EDGE ( 'NONE', *, *, #6779, .F. ) ;
#5901 = AXIS2_PLACEMENT_3D ( 'NONE', #1260, #9725, #4315 ) ;
#5902 = ORIENTED_EDGE ( 'NONE', *, *, #4527, .F. ) ;
#5903 = CARTESIAN_POINT ( 'NONE',  ( -7.311959341363692744, -1.668907004672287808, -3.092233167847068013E-16 ) ) ;
#5904 = CARTESIAN_POINT ( 'NONE',  ( -8.807973303152683897, 2.061648272210978572, 3.500000000000000000 ) ) ;
#5905 = ORIENTED_EDGE ( 'NONE', *, *, #6913, .F. ) ;
#5906 = TOROIDAL_SURFACE ( 'NONE', #1597, 8.866382193656235700, 0.03500000000000000333 ) ;
#5907 = CARTESIAN_POINT ( 'NONE',  ( 3.814748050727637008, -8.036644193416801585, 3.453478796700601539 ) ) ;
#5908 = CARTESIAN_POINT ( 'NONE',  ( 3.840419595970304911, 8.089951706396130149, 3.351032822740168005 ) ) ;
#5909 = AXIS2_PLACEMENT_3D ( 'NONE', #1302, #533, #4452 ) ;
#5910 = CARTESIAN_POINT ( 'NONE',  ( -3.815021055286796692, -8.037211093224973624, -3.452421434499180375 ) ) ;
#5911 = CARTESIAN_POINT ( 'NONE',  ( 6.746065712156355865, -5.315855484712272094, -3.099533293948748103 ) ) ;
#5912 = AXIS2_PLACEMENT_3D ( 'NONE', #4360, #8172, #2806 ) ;
#5913 = CARTESIAN_POINT ( 'NONE',  ( -6.897525128344042855, -5.564545139386458672, 3.469900311146004501 ) ) ;
#5914 = ORIENTED_EDGE ( 'NONE', *, *, #4657, .T. ) ;
#5915 = EDGE_LOOP ( 'NONE', ( #3539, #6388, #84, #6856, #2739, #6175, #3652, #5103, #3239, #6202, #1681, #3499, #2976, #7783, #7166, #4189, #938, #5206, #2973, #5014, #6992, #3241, #7480, #9819, #3624, #7077, #5728, #6332, #2654, #4777, #8015, #5207 ) ) ;
#5916 = DIRECTION ( 'NONE',  ( -0.6234898018587267110, 0.7818314824680352437, 0.000000000000000000 ) ) ;
#5917 = EDGE_CURVE ( 'NONE', #5385, #6837, #547, .T. ) ;
#5918 = FACE_OUTER_BOUND ( 'NONE', #1290, .T. ) ;
#5919 = VECTOR ( 'NONE', #1507, 1000.000000000000000 ) ;
#5920 = B_SPLINE_CURVE_WITH_KNOTS ( 'NONE', 3,
 ( #9233, #7824, #3923, #949, #87, #4020, #3165 ),
 .UNSPECIFIED., .F., .F.,
 ( 4, 3, 4 ),
 ( 0.0009532733312319685353, 0.001225696219576461908, 0.001251962535739348844 ),
 .UNSPECIFIED. ) ;
#5921 = CARTESIAN_POINT ( 'NONE',  ( -8.362206348396773237, -1.959904873688991467, -3.099533293948748103 ) ) ;
#5922 = EDGE_CURVE ( 'NONE', #515, #6608, #8923, .T. ) ;
#5923 = ADVANCED_FACE ( 'NONE', ( #5072 ), #2156, .T. ) ;
#5924 = CARTESIAN_POINT ( 'NONE',  ( 6.912549729401319176, 5.576526858908288808, -3.466489319800472924 ) ) ;
#5925 = CARTESIAN_POINT ( 'NONE',  ( 8.604868042990039712, -2.015290821964479839, 3.454996609771464833 ) ) ;
#5926 = CARTESIAN_POINT ( 'NONE',  ( 0.05000000000000002359, 8.857748479125211460, -3.469100694293998810 ) ) ;
#5927 = AXIS2_PLACEMENT_3D ( 'NONE', #1762, #4627, #6271 ) ;
#5928 = AXIS2_PLACEMENT_3D ( 'NONE', #8232, #1414, #7434 ) ;
#5929 = ADVANCED_FACE ( 'NONE', ( #5126, #5821 ), #2967, .F. ) ;
#5930 = CARTESIAN_POINT ( 'NONE',  ( -0.05000000000000000971, 9.045898922017695298, 3.193750000000000089 ) ) ;
#5931 = ORIENTED_EDGE ( 'NONE', *, *, #1936, .F. ) ;
#5932 = DIRECTION ( 'NONE',  ( -1.000000000000000000, 0.000000000000000000, 0.000000000000000000 ) ) ;
#5933 = LINE ( 'NONE', #9690, #5880 ) ;
#5934 = CARTESIAN_POINT ( 'NONE',  ( -8.362206348396773237, -1.959904873688991467, 3.099533293948748103 ) ) ;
#5935 = VECTOR ( 'NONE', #7423, 1000.000000000000000 ) ;
#5936 = ORIENTED_EDGE ( 'NONE', *, *, #3472, .T. ) ;
#5937 = DIRECTION ( 'NONE',  ( 1.000000000000000000, 0.000000000000000000, 0.000000000000000000 ) ) ;
#5938 = CARTESIAN_POINT ( 'NONE',  ( -7.103543054549914082, 5.600934152399629440, 3.094141646974374105 ) ) ;
#5939 = VERTEX_POINT ( 'NONE', #1362 ) ;
#5940 = ADVANCED_FACE ( 'NONE', ( #497 ), #4297, .T. ) ;
#5941 = DIRECTION ( 'NONE',  ( -6.776263578034444621E-17, -1.000000000000000000, 0.000000000000000000 ) ) ;
#5942 = VERTEX_POINT ( 'NONE', #3518 ) ;
#5943 = LINE ( 'NONE', #8351, #6277 ) ;
#5944 = CARTESIAN_POINT ( 'NONE',  ( 6.990202061954396306, 5.510547726935022261, 3.444839032082838592 ) ) ;
#5945 = FACE_OUTER_BOUND ( 'NONE', #1378, .T. ) ;
#5946 = VERTEX_POINT ( 'NONE', #2203 ) ;
#5947 = CARTESIAN_POINT ( 'NONE',  ( -8.627120136385658000, 1.917798030746353799, -3.454996609771464833 ) ) ;
#5948 = CARTESIAN_POINT ( 'NONE',  ( 8.394555401783339477, 1.864716647699975693, 3.114323832567764239 ) ) ;
#5949 = CARTESIAN_POINT ( 'NONE',  ( -3.904844937517990555, -7.993255819504991422, 3.453478796700601539 ) ) ;
#5950 = DIRECTION ( 'NONE',  ( 1.000000000000000000, 2.700062395888380201E-13, 0.000000000000000000 ) ) ;
#5951 = DIRECTION ( 'NONE',  ( 0.000000000000000000, 0.000000000000000000, -1.000000000000000000 ) ) ;
#5952 = VERTEX_POINT ( 'NONE', #3618 ) ;
#5953 = ORIENTED_EDGE ( 'NONE', *, *, #7080, .F. ) ;
#5954 = ORIENTED_EDGE ( 'NONE', *, *, #7638, .F. ) ;
#5955 = CARTESIAN_POINT ( 'NONE',  ( 6.912240795546477301, -5.576280492380205622, 3.466916208273112421 ) ) ;
#5956 = DIRECTION ( 'NONE',  ( 0.9009688679024187019, -0.4338837391175590641, 0.000000000000000000 ) ) ;
#5957 = ORIENTED_EDGE ( 'NONE', *, *, #5209, .F. ) ;
#5958 = DIRECTION ( 'NONE',  ( -0.2225209339559683919, -0.9749279121819025562, 0.000000000000000000 ) ) ;
#5959 = CARTESIAN_POINT ( 'NONE',  ( 6.940665282085101140, 5.471043463218333791, 3.454996609771464833 ) ) ;
#5960 = CARTESIAN_POINT ( 'NONE',  ( 8.382400267963333818, -1.964514004052537510, -3.129114371485063550 ) ) ;
#5961 = CARTESIAN_POINT ( 'NONE',  ( -0.05000000000000002359, 8.854507720150186501, -3.468127985775450117 ) ) ;
#5962 = DIRECTION ( 'NONE',  ( 0.000000000000000000, 0.000000000000000000, 1.000000000000000000 ) ) ;
#5963 = VERTEX_POINT ( 'NONE', #6575 ) ;
#5964 = ORIENTED_EDGE ( 'NONE', *, *, #4212, .F. ) ;
#5965 = FACE_BOUND ( 'NONE', #5480, .T. ) ;
#5966 = DIRECTION ( 'NONE',  ( 1.000000000000000000, 0.000000000000000000, 0.000000000000000000 ) ) ;
#5967 = CC_DESIGN_APPROVAL ( #3772, ( #7725 ) ) ;
#5968 = DIRECTION ( 'NONE',  ( 1.000000000000000000, 0.000000000000000000, 0.000000000000000000 ) ) ;
#5969 = DIRECTION ( 'NONE',  ( 0.000000000000000000, 0.000000000000000000, -1.000000000000000000 ) ) ;
#5970 = DIRECTION ( 'NONE',  ( -0.000000000000000000, -0.000000000000000000, 1.000000000000000000 ) ) ;
#5971 = CARTESIAN_POINT ( 'NONE',  ( 0.05000000000000002359, 8.842010604659868989, -3.460296783607140103 ) ) ;
#5972 = B_SPLINE_CURVE_WITH_KNOTS ( 'NONE', 3,
 ( #485, #9117, #2997, #8906, #7514, #5109, #8165 ),
 .UNSPECIFIED., .F., .F.,
 ( 4, 3, 4 ),
 ( 0.0009532733312319686438, 0.001225696219576461908, 0.001251962535739347977 ),
 .UNSPECIFIED. ) ;
#5973 = EDGE_CURVE ( 'NONE', #1785, #3075, #8195, .T. ) ;
#5974 = AXIS2_PLACEMENT_3D ( 'NONE', #837, #9316, #2395 ) ;
#5975 = CARTESIAN_POINT ( 'NONE',  ( -6.699910998104694038, 5.406953129253672330, -3.129114371485063550 ) ) ;
#5976 = ADVANCED_FACE ( 'NONE', ( #3068 ), #6123, .T. ) ;
#5977 = VERTEX_POINT ( 'NONE', #1469 ) ;
#5978 = CARTESIAN_POINT ( 'NONE',  ( -8.372303308387680332, 1.962209438918271376, 3.114323832567764239 ) ) ;
#5979 = CARTESIAN_POINT ( 'NONE',  ( -0.05000000000000002359, 8.837570431649497849, 3.454996609771464833 ) ) ;
#5980 = CARTESIAN_POINT ( 'NONE',  ( 8.617758362662232940, 2.018232953312398159, -3.466570807216844852 ) ) ;
#5981 = AXIS2_PLACEMENT_3D ( 'NONE', #3315, #4984, #302 ) ;
#5982 = VERTEX_POINT ( 'NONE', #3238 ) ;
#5983 = DIRECTION ( 'NONE',  ( 1.000000000000000000, 0.000000000000000000, 0.000000000000000000 ) ) ;
#5984 = FACE_OUTER_BOUND ( 'NONE', #6594, .T. ) ;
#5985 = CARTESIAN_POINT ( 'NONE',  ( 0.000000000000000000, 0.000000000000000000, 3.500000000000000000 ) ) ;
#5986 = ORIENTED_EDGE ( 'NONE', *, *, #5681, .F. ) ;
#5987 = CARTESIAN_POINT ( 'NONE',  ( -6.986779382597083199, -5.507818231228810646, 3.452421434499180375 ) ) ;
#5988 = AXIS2_PLACEMENT_3D ( 'NONE', #4268, #7923, #1049 ) ;
#5989 = EDGE_CURVE ( 'NONE', #6804, #3719, #8312, .T. ) ;
#5990 = ORIENTED_EDGE ( 'NONE', *, *, #9619, .F. ) ;
#5991 = CARTESIAN_POINT ( 'NONE',  ( 0.000000000000000000, 0.000000000000000000, 2.975000000000005418 ) ) ;
#5992 = CARTESIAN_POINT ( 'NONE',  ( -3.907017385819760324, 7.997766954886992075, -3.444839032082838592 ) ) ;
#5993 = CARTESIAN_POINT ( 'NONE',  ( -9.700532726209166512, -2.214083292865235642, -1.592040838891560081E-16 ) ) ;
#5994 = VERTEX_POINT ( 'NONE', #7895 ) ;
#5995 = EDGE_CURVE ( 'NONE', #8561, #7627, #4112, .T. ) ;
#5996 = CARTESIAN_POINT ( 'NONE',  ( -6.821546926897626761, 5.503954545598032766, 3.351299362948741756 ) ) ;
#5997 = ADVANCED_FACE ( 'NONE', ( #9181 ), #5407, .T. ) ;
#5998 = CARTESIAN_POINT ( 'NONE',  ( -3.895126130468872905, -7.973074508718339892, 3.469378817057676034 ) ) ;
#5999 = LINE ( 'NONE', #6193, #2388 ) ;
#6000 = CARTESIAN_POINT ( 'NONE',  ( 7.181834238703138418, 5.663369288345752040, 3.094141646974374105 ) ) ;
#6001 = ORIENTED_EDGE ( 'NONE', *, *, #7891, .T. ) ;
#6002 = ORIENTED_EDGE ( 'NONE', *, *, #842, .T. ) ;
#6003 = ORIENTED_EDGE ( 'NONE', *, *, #5917, .F. ) ;
#6004 = CARTESIAN_POINT ( 'NONE',  ( 6.906425780025329253, -5.571643172246150577, 3.469378817057675590 ) ) ;
#6005 = PLANE ( 'NONE',  #1096 ) ;
#6006 = ORIENTED_EDGE ( 'NONE', *, *, #8197, .F. ) ;
#6007 = EDGE_CURVE ( 'NONE', #4586, #684, #3420, .T. ) ;
#6008 = CARTESIAN_POINT ( 'NONE',  ( 3.814602625722114393, -8.036342215281237600, 3.453994494324953202 ) ) ;
#6009 = CARTESIAN_POINT ( 'NONE',  ( -6.986025398574907008, -5.507216949035483644, -3.453994494324953202 ) ) ;
#6010 = CARTESIAN_POINT ( 'NONE',  ( 0.000000000000000000, 0.000000000000000000, 3.376256313292342437 ) ) ;
#6011 = DIRECTION ( 'NONE',  ( 1.000000000000000000, 0.000000000000000000, 0.000000000000000000 ) ) ;
#6012 = DIRECTION ( 'NONE',  ( 0.000000000000000000, 0.000000000000000000, -1.000000000000000000 ) ) ;
#6013 = VERTEX_POINT ( 'NONE', #741 ) ;
#6014 = EDGE_LOOP ( 'NONE', ( #4386, #4736, #4299, #3698 ) ) ;
#6015 = SPHERICAL_SURFACE ( 'NONE', #3345, 2.450000000000000622 ) ;
#6016 = CARTESIAN_POINT ( 'NONE',  ( 0.000000000000000000, 0.000000000000000000, -3.193750000000000533 ) ) ;
#6017 = CARTESIAN_POINT ( 'NONE',  ( 0.000000000000000000, 0.000000000000000000, 3.193750000000000533 ) ) ;
#6018 = CARTESIAN_POINT ( 'NONE',  ( 6.881143697167591000, 5.551481383951507809, -3.459673052288552153 ) ) ;
#6019 = DIRECTION ( 'NONE',  ( 0.7071067811865104913, 8.659560562354479263E-17, -0.7071067811865846542 ) ) ;
#6020 = CARTESIAN_POINT ( 'NONE',  ( 0.05000000000000002359, 8.843897948390175401, -3.461862008941932967 ) ) ;
#6021 = CARTESIAN_POINT ( 'NONE',  ( 0.000000000000000000, 0.000000000000000000, 3.094141646974374105 ) ) ;
#6022 = ORIENTED_EDGE ( 'NONE', *, *, #574, .F. ) ;
#6023 = LINE ( 'NONE', #4482, #9419 ) ;
#6024 = DIRECTION ( 'NONE',  ( -1.000000000000000000, 0.000000000000000000, 0.000000000000000000 ) ) ;
#6025 = CARTESIAN_POINT ( 'NONE',  ( 6.974898709587155743, -5.498343710661533379, -3.466489319800472924 ) ) ;
#6026 = EDGE_LOOP ( 'NONE', ( #1124, #5411, #545, #4343 ) ) ;
#6027 = DIRECTION ( 'NONE',  ( -1.000000000000000000, 0.000000000000000000, 0.000000000000000000 ) ) ;
#6028 = FACE_OUTER_BOUND ( 'NONE', #6602, .T. ) ;
#6029 = EDGE_CURVE ( 'NONE', #7593, #4365, #1263, .T. ) ;
#6030 = AXIS2_PLACEMENT_3D ( 'NONE', #9293, #2273, #6234 ) ;
#6031 = ORIENTED_EDGE ( 'NONE', *, *, #6551, .T. ) ;
#6032 = CARTESIAN_POINT ( 'NONE',  ( -6.997047420489864500, -5.516006718204339521, 3.429674227117769814 ) ) ;
#6033 = ORIENTED_EDGE ( 'NONE', *, *, #9470, .T. ) ;
#6034 = DATE_AND_TIME ( #8296, #3886 ) ;
#6035 = CARTESIAN_POINT ( 'NONE',  ( -8.620959090592657859, 2.018963498575938154, -3.467739038050325018 ) ) ;
#6036 = CARTESIAN_POINT ( 'NONE',  ( -8.927852906338214822, -1.986438323023113961, 3.500000000000000444 ) ) ;
#6037 = EDGE_CURVE ( 'NONE', #9816, #1217, #4760, .T. ) ;
#6038 = ORIENTED_EDGE ( 'NONE', *, *, #5681, .T. ) ;
#6039 = CARTESIAN_POINT ( 'NONE',  ( 8.627120136385672211, -1.917798030746297400, 3.454996609771464833 ) ) ;
#6040 = VECTOR ( 'NONE', #9642, 1000.000000000000000 ) ;
#6041 = EDGE_CURVE ( 'NONE', #964, #4675, #5556, .T. ) ;
#6042 = CIRCLE ( 'NONE', #4119, 8.588813778810038713 ) ;
#6043 = EDGE_CURVE ( 'NONE', #4594, #8020, #5085, .T. ) ;
#6044 = CARTESIAN_POINT ( 'NONE',  ( -6.894541752585526595, -5.562165976610005558, -3.469014143938407457 ) ) ;
#6045 = CARTESIAN_POINT ( 'NONE',  ( 3.812591928677977027, 8.032166959846914978, 3.459706444013471494 ) ) ;
#6046 = CARTESIAN_POINT ( 'NONE',  ( 3.883580287306745316, 7.949099318350853594, 3.464362763198132633 ) ) ;
#6047 = B_SPLINE_CURVE_WITH_KNOTS ( 'NONE', 3,
 ( #7854, #417, #3397, #4245, #7904, #9409, #2640 ),
 .UNSPECIFIED., .F., .F.,
 ( 4, 3, 4 ),
 ( 0.0009532733312319677764, 0.001225696219576461257, 0.001251962535739347326 ),
 .UNSPECIFIED. ) ;
#6048 = ORIENTED_EDGE ( 'NONE', *, *, #2385, .F. ) ;
#6049 = EDGE_CURVE ( 'NONE', #5547, #7256, #8049, .T. ) ;
#6050 = AXIS2_PLACEMENT_3D ( 'NONE', #8333, #8984, #6620 ) ;
#6051 = AXIS2_PLACEMENT_3D ( 'NONE', #7109, #3452, #6508 ) ;
#6052 = VERTEX_POINT ( 'NONE', #4188 ) ;
#6053 = CARTESIAN_POINT ( 'NONE',  ( 6.924430402411135610, -5.586001379475708184, 3.452421434499180375 ) ) ;
#6054 = AXIS2_PLACEMENT_3D ( 'NONE', #3381, #9444, #5724 ) ;
#6055 = DIRECTION ( 'NONE',  ( -0.9749279121818212879, 0.2225209339563245514, 0.000000000000000000 ) ) ;
#6056 = DIRECTION ( 'NONE',  ( -6.776263578034444621E-17, -1.000000000000000000, -0.000000000000000000 ) ) ;
#6057 = ORIENTED_EDGE ( 'NONE', *, *, #900, .F. ) ;
#6058 = CARTESIAN_POINT ( 'NONE',  ( 3.792175066826460661, -7.989770909361523898, 3.461862008941932967 ) ) ;
#6059 = CARTESIAN_POINT ( 'NONE',  ( -6.953569300366319261, -5.481334074407181234, -3.467739038050325018 ) ) ;
#6060 = CARTESIAN_POINT ( 'NONE',  ( 6.746065712156355865, -5.315855484712272094, -3.500000000000000000 ) ) ;
#6061 = AXIS2_PLACEMENT_3D ( 'NONE', #9501, #7999, #7940 ) ;
#6062 = VECTOR ( 'NONE', #1196, 1000.000000000000000 ) ;
#6063 = DIRECTION ( 'NONE',  ( 1.000000000000000000, 0.000000000000000000, 0.000000000000000000 ) ) ;
#6064 = AXIS2_PLACEMENT_3D ( 'NONE', #1915, #7318, #8228 ) ;
#6065 = AXIS2_PLACEMENT_3D ( 'NONE', #7230, #5775, #3423 ) ;
#6066 = EDGE_CURVE ( 'NONE', #5123, #9616, #6042, .T. ) ;
#6067 = CARTESIAN_POINT ( 'NONE',  ( 7.311959341363669651, -1.668907004672386618, -3.092233167847068013E-16 ) ) ;
#6068 = VERTEX_POINT ( 'NONE', #5739 ) ;
#6069 = FACE_OUTER_BOUND ( 'NONE', #3606, .T. ) ;
#6070 = CARTESIAN_POINT ( 'NONE',  ( 0.05000000000000002359, -8.847484827480393221, -3.464471549642479165 ) ) ;
#6071 = AXIS2_PLACEMENT_3D ( 'NONE', #2272, #6138, #7591 ) ;
#6072 = AXIS2_PLACEMENT_3D ( 'NONE', #3912, #8519, #4712 ) ;
#6073 = CARTESIAN_POINT ( 'NONE',  ( 0.000000000000000000, 0.000000000000000000, 3.500000000000000444 ) ) ;
#6074 = B_SPLINE_CURVE_WITH_KNOTS ( 'NONE', 3,
 ( #3560, #2851, #5908, #5167, #2001, #5063, #8973 ),
 .UNSPECIFIED., .F., .F.,
 ( 4, 3, 4 ),
 ( 0.0009532733312319681017, 0.001225696219576462125, 0.001251962535739348844 ),
 .UNSPECIFIED. ) ;
#6075 = AXIS2_PLACEMENT_3D ( 'NONE', #5843, #8159, #1946 ) ;
#6076 = CARTESIAN_POINT ( 'NONE',  ( 6.915312180062955782, 5.578729839799044576, -3.464797546056691768 ) ) ;
#6077 = CARTESIAN_POINT ( 'NONE',  ( 6.970196991303221346, -5.622499016217067158, -3.351032822740167560 ) ) ;
#6078 = EDGE_CURVE ( 'NONE', #3235, #1773, #7482, .T. ) ;
#6079 = CARTESIAN_POINT ( 'NONE',  ( 0.05000000000000002359, 8.884519005424703408, -3.465025888964337497 ) ) ;
#6080 = AXIS2_PLACEMENT_3D ( 'NONE', #4172, #7229, #8879 ) ;
#6081 = CARTESIAN_POINT ( 'NONE',  ( -7.181834238703176609, -5.663369288345704078, -3.094141646974374105 ) ) ;
#6082 = CONICAL_SURFACE ( 'NONE', #1916, 8.869223585189136116, 0.6108652381980126389 ) ;
#6083 = ORIENTED_EDGE ( 'NONE', *, *, #9236, .T. ) ;
#6084 = CARTESIAN_POINT ( 'NONE',  ( 4.000000000000000000, 0.000000000000000000, 3.500000000000000000 ) ) ;
#6085 = DIRECTION ( 'NONE',  ( -0.9009688679024157043, 0.4338837391175652258, 0.000000000000000000 ) ) ;
#6086 = CARTESIAN_POINT ( 'NONE',  ( 8.656913187827482759, 2.027169786647253336, -3.459706444013471494 ) ) ;
#6087 = VERTEX_POINT ( 'NONE', #1068 ) ;
#6088 = VECTOR ( 'NONE', #2999, 1000.000000000000000 ) ;
#6089 = DIRECTION ( 'NONE',  ( 1.000000000000000000, -1.776356839400250465E-15, 0.000000000000000000 ) ) ;
#6090 = DIRECTION ( 'NONE',  ( -0.000000000000000000, -0.000000000000000000, 1.000000000000000000 ) ) ;
#6091 = AXIS2_PLACEMENT_3D ( 'NONE', #1770, #6102, #8356 ) ;
#6092 = B_SPLINE_CURVE_WITH_KNOTS ( 'NONE', 3,
 ( #8130, #4419, #9685, #1473, #2159, #2817, #4521 ),
 .UNSPECIFIED., .F., .F.,
 ( 4, 3, 4 ),
 ( 0.001199429903413613786, 0.001225696219576499855, 0.001498119107920984228 ),
 .UNSPECIFIED. ) ;
#6093 = ORIENTED_EDGE ( 'NONE', *, *, #6338, .T. ) ;
#6094 = CARTESIAN_POINT ( 'NONE',  ( -7.005695535894966852, -5.650808160872883512, -3.272391413630715729 ) ) ;
#6095 = ORIENTED_EDGE ( 'NONE', *, *, #3844, .T. ) ;
#6096 = AXIS2_PLACEMENT_3D ( 'NONE', #1208, #4261, #5270 ) ;
#6097 = AXIS2_PLACEMENT_3D ( 'NONE', #4409, #3005, #9127 ) ;
#6098 = DIRECTION ( 'NONE',  ( 1.000000000000000000, 0.000000000000000000, 0.000000000000000000 ) ) ;
#6099 = CARTESIAN_POINT ( 'NONE',  ( -3.793483400516391324, 7.992487692262663757, 3.464362763198132633 ) ) ;
#6100 = ORIENTED_EDGE ( 'NONE', *, *, #2478, .F. ) ;
#6101 = CARTESIAN_POINT ( 'NONE',  ( 8.628280558354195051, -1.918062889488151956, 3.456597352396201472 ) ) ;
#6102 = DIRECTION ( 'NONE',  ( -0.000000000000000000, 0.000000000000000000, 1.000000000000000000 ) ) ;
#6103 = CARTESIAN_POINT ( 'NONE',  ( -8.666363791625185442, 1.926755138965993375, 3.468181098941469198 ) ) ;
#6104 = B_SPLINE_CURVE_WITH_KNOTS ( 'NONE', 3,
 ( #8482, #7869, #6176, #44, #9287, #4677, #997 ),
 .UNSPECIFIED., .F., .F.,
 ( 4, 3, 4 ),
 ( 0.001199429903413613135, 0.001225696219576499638, 0.001498119107920984228 ),
 .UNSPECIFIED. ) ;
#6105 = EDGE_CURVE ( 'NONE', #2940, #4239, #4137, .T. ) ;
#6106 = EDGE_LOOP ( 'NONE', ( #8350, #8102, #2667, #773 ) ) ;
#6107 = EDGE_CURVE ( 'NONE', #7879, #6572, #4607, .T. ) ;
#6108 = EDGE_CURVE ( 'NONE', #2257, #2712, #3895, .T. ) ;
#6109 = ORIENTED_EDGE ( 'NONE', *, *, #2243, .T. ) ;
#6110 = CARTESIAN_POINT ( 'NONE',  ( -3.681435046370991504, 7.759816887429018983, -3.099533293948748103 ) ) ;
#6111 = LINE ( 'NONE', #4555, #2083 ) ;
#6112 = FACE_OUTER_BOUND ( 'NONE', #975, .T. ) ;
#6113 = ORIENTED_EDGE ( 'NONE', *, *, #8426, .T. ) ;
#6114 = LINE ( 'NONE', #4743, #4374 ) ;
#6115 = CARTESIAN_POINT ( 'NONE',  ( 0.05000000000000001665, -8.905308122385132918, 3.437256629622304160 ) ) ;
#6116 = CARTESIAN_POINT ( 'NONE',  ( 0.000000000000000000, 0.000000000000000000, 3.193750000000000533 ) ) ;
#6117 = ADVANCED_FACE ( 'NONE', ( #8000 ), #7195, .F. ) ;
#6118 = CARTESIAN_POINT ( 'NONE',  ( 6.888348506065092636, -5.557227027319324719, -3.466377381984354411 ) ) ;
#6119 = DIRECTION ( 'NONE',  ( -1.000000000000000000, 0.000000000000000000, 0.000000000000000000 ) ) ;
#6120 = ADVANCED_FACE ( 'NONE', ( #9502 ), #2738, .F. ) ;
#6121 = ORIENTED_EDGE ( 'NONE', *, *, #939, .F. ) ;
#6122 = CARTESIAN_POINT ( 'NONE',  ( -6.980233343992995110, 5.502597939639692903, 3.462472406546387216 ) ) ;
#6123 = PLANE ( 'NONE',  #4470 ) ;
#6124 = CARTESIAN_POINT ( 'NONE',  ( 0.000000000000000000, 0.000000000000000000, -2.994533293948747676 ) ) ;
#6125 = CARTESIAN_POINT ( 'NONE',  ( 4.013365220676191392, 8.218600509445224134, 3.500000000000000444 ) ) ;
#6126 = ADVANCED_FACE ( 'NONE', ( #6443 ), #7646, .T. ) ;
#6127 = DIRECTION ( 'NONE',  ( -0.000000000000000000, -0.000000000000000000, 1.000000000000000000 ) ) ;
#6128 = EDGE_CURVE ( 'NONE', #239, #4794, #2631, .T. ) ;
#6129 = CARTESIAN_POINT ( 'NONE',  ( -3.879820004569297431, 8.171767497885925380, 3.500000000000000000 ) ) ;
#6130 = CIRCLE ( 'NONE', #1801, 10.47500000000000497 ) ;
#6131 = CARTESIAN_POINT ( 'NONE',  ( 0.000000000000000000, 0.000000000000000000, -2.994533293948747676 ) ) ;
#6132 = ORIENTED_EDGE ( 'NONE', *, *, #7135, .T. ) ;
#6133 = VERTEX_POINT ( 'NONE', #4944 ) ;
#6134 = CARTESIAN_POINT ( 'NONE',  ( -8.617758362662247151, -2.018232953312341316, -3.466570807216844852 ) ) ;
#6135 = CARTESIAN_POINT ( 'NONE',  ( 6.878316301899189966, -5.549226611465182479, 3.454996609771464833 ) ) ;
#6136 = CYLINDRICAL_SURFACE ( 'NONE', #7171, 8.737285000697680104 ) ;
#6137 = ORIENTED_EDGE ( 'NONE', *, *, #6523, .T. ) ;
#6138 = DIRECTION ( 'NONE',  ( 0.000000000000000000, 0.000000000000000000, 1.000000000000000000 ) ) ;
#6139 = CARTESIAN_POINT ( 'NONE',  ( 0.000000000000000000, 0.000000000000000000, -3.434921434499177639 ) ) ;
#6140 = ORIENTED_EDGE ( 'NONE', *, *, #2170, .T. ) ;
#6141 = DIRECTION ( 'NONE',  ( -6.776263578034443388E-17, 1.000000000000000000, 0.000000000000000000 ) ) ;
#6142 = VERTEX_POINT ( 'NONE', #6546 ) ;
#6143 = AXIS2_PLACEMENT_3D ( 'NONE', #6021, #5870, #2925 ) ;
#6144 = CARTESIAN_POINT ( 'NONE',  ( -8.661757950096298231, 2.028275572020205253, -3.453478796700601094 ) ) ;
#6145 = CARTESIAN_POINT ( 'NONE',  ( -8.640334695620662586, -2.023385853985758764, 3.469286171371085192 ) ) ;
#6146 = ORIENTED_EDGE ( 'NONE', *, *, #5437, .T. ) ;
#6147 = FACE_OUTER_BOUND ( 'NONE', #1009, .T. ) ;
#6148 = CARTESIAN_POINT ( 'NONE',  ( -3.905117942076870907, 7.993822719313299352, 3.452421434499180375 ) ) ;
#6149 = CARTESIAN_POINT ( 'NONE',  ( 11.00000000000000000, 0.000000000000000000, -2.974999999999999645 ) ) ;
#6150 = TOROIDAL_SURFACE ( 'NONE', #1510, 8.866382193656235700, 0.03500000000000000333 ) ;
#6151 = AXIS2_PLACEMENT_3D ( 'NONE', #7732, #816, #5 ) ;
#6152 = ORIENTED_EDGE ( 'NONE', *, *, #1462, .T. ) ;
#6153 = ORIENTED_EDGE ( 'NONE', *, *, #4401, .F. ) ;
#6154 = CARTESIAN_POINT ( 'NONE',  ( 3.908916829529549997, 8.001711190391667117, -3.437256629622303716 ) ) ;
#6155 = CARTESIAN_POINT ( 'NONE',  ( 8.628399862454793734, -2.020661806197837418, 3.469846945119945847 ) ) ;
#6156 = PLANE ( 'NONE',  #8310 ) ;
#6157 = CC_DESIGN_DATE_AND_TIME_ASSIGNMENT ( #907, #2375, ( #1651 ) ) ;
#6158 = EDGE_LOOP ( 'NONE', ( #8041, #4445 ) ) ;
#6159 = CARTESIAN_POINT ( 'NONE',  ( 8.830225396548327055, -1.964155480992738623, 3.193750000000000089 ) ) ;
#6160 = CARTESIAN_POINT ( 'NONE',  ( -6.941273910857398199, -5.471528828467872252, -3.456075294419946431 ) ) ;
#6161 = DIRECTION ( 'NONE',  ( 0.000000000000000000, 0.000000000000000000, -1.000000000000000000 ) ) ;
#6162 = DIRECTION ( 'NONE',  ( -0.7818314824680310249, -0.6234898018587320401, -0.000000000000000000 ) ) ;
#6163 = EDGE_CURVE ( 'NONE', #9701, #101, #3438, .T. ) ;
#6164 = ORIENTED_EDGE ( 'NONE', *, *, #1204, .F. ) ;
#6165 = CARTESIAN_POINT ( 'NONE',  ( 8.372303308387706977, 1.962209438918158355, -3.114323832567764239 ) ) ;
#6166 = DIRECTION ( 'NONE',  ( -0.000000000000000000, -0.000000000000000000, 1.000000000000000000 ) ) ;
#6167 = ADVANCED_FACE ( 'NONE', ( #472 ), #3650, .F. ) ;
#6168 = DIRECTION ( 'NONE',  ( 1.000000000000000000, 0.000000000000000000, 0.000000000000000000 ) ) ;
#6169 = DIRECTION ( 'NONE',  ( -0.9009688679024158153, 0.4338837391175652258, 0.000000000000000000 ) ) ;
#6170 = DIRECTION ( 'NONE',  ( 1.000000000000000000, 0.000000000000000000, 0.000000000000000000 ) ) ;
#6171 = EDGE_CURVE ( 'NONE', #8107, #6806, #3640, .T. ) ;
#6172 = B_SPLINE_CURVE_WITH_KNOTS ( 'NONE', 3,
 ( #6712, #8324, #1400, #7467, #3610, #8223, #6766 ),
 .UNSPECIFIED., .F., .F.,
 ( 4, 3, 4 ),
 ( 0.0005204849250710211813, 0.0009002598162381898186, 0.0009544278593203504336 ),
 .UNSPECIFIED. ) ;
#6173 = DIRECTION ( 'NONE',  ( 0.000000000000000000, 0.000000000000000000, 1.000000000000000000 ) ) ;
#6174 = ORIENTED_EDGE ( 'NONE', *, *, #9352, .T. ) ;
#6175 = ORIENTED_EDGE ( 'NONE', *, *, #2566, .F. ) ;
#6176 = CARTESIAN_POINT ( 'NONE',  ( -3.818819942739195561, 8.045099564303479056, 3.437256629622303716 ) ) ;
#6177 = EDGE_CURVE ( 'NONE', #530, #6903, #7322, .T. ) ;
#6178 = DIRECTION ( 'NONE',  ( -0.000000000000000000, -0.000000000000000000, 1.000000000000000000 ) ) ;
#6179 = CYLINDRICAL_SURFACE ( 'NONE', #6843, 8.588813778810038713 ) ;
#6180 = CARTESIAN_POINT ( 'NONE',  ( 0.000000000000000000, 0.000000000000000000, 3.500000000000000000 ) ) ;
#6181 = CARTESIAN_POINT ( 'NONE',  ( 6.699910998104770421, 5.406953129253576407, 3.129114371485063106 ) ) ;
#6182 = CARTESIAN_POINT ( 'NONE',  ( 3.882271953616759141, 7.946382535449740381, -3.461862008941932967 ) ) ;
#6183 = VERTEX_POINT ( 'NONE', #6840 ) ;
#6184 = DIRECTION ( 'NONE',  ( -0.000000000000000000, -0.000000000000000000, 1.000000000000000000 ) ) ;
#6185 = VERTEX_POINT ( 'NONE', #4496 ) ;
#6186 = PERSON_AND_ORGANIZATION_ROLE ( 'design_supplier' ) ;
#6187 = EDGE_CURVE ( 'NONE', #3416, #1809, #8204, .T. ) ;
#6188 = CARTESIAN_POINT ( 'NONE',  ( 0.000000000000000000, 0.000000000000000000, -3.094141646974374105 ) ) ;
#6189 = CARTESIAN_POINT ( 'NONE',  ( -3.860119801968772801, -8.130859605668689483, -3.272391413630715729 ) ) ;
#6190 = ORIENTED_EDGE ( 'NONE', *, *, #6644, .F. ) ;
#6191 = CARTESIAN_POINT ( 'NONE',  ( 0.000000000000000000, 0.000000000000000000, -3.434921434499177639 ) ) ;
#6192 = CARTESIAN_POINT ( 'NONE',  ( 3.816517286038998868, 7.809841561300022938, -3.247602129575368757 ) ) ;
#6193 = CARTESIAN_POINT ( 'NONE',  ( -0.05000000000000000278, -9.146037105128458577, 3.094141646974374105 ) ) ;
#6194 = ADVANCED_FACE ( 'NONE', ( #7448 ), #2087, .T. ) ;
#6195 = EDGE_LOOP ( 'NONE', ( #6901, #1145, #4139, #2312 ) ) ;
#6196 = ORIENTED_EDGE ( 'NONE', *, *, #3292, .T. ) ;
#6197 = CARTESIAN_POINT ( 'NONE',  ( -8.666639397120919242, -2.029389730448972973, 3.444839032082838592 ) ) ;
#6198 = CONICAL_SURFACE ( 'NONE', #6679, 9.046037105128458933, 0.5235987755983011471 ) ;
#6199 = DIRECTION ( 'NONE',  ( 1.000000000000000000, 0.000000000000000000, 0.000000000000000000 ) ) ;
#6200 = CARTESIAN_POINT ( 'NONE',  ( 8.684623479167845161, -1.930922793491949063, -3.452421434499180375 ) ) ;
#6201 = B_SPLINE_CURVE_WITH_KNOTS ( 'NONE', 3,
 ( #8407, #7747, #1546, #4596, #7657, #3853, #6904 ),
 .UNSPECIFIED., .F., .F.,
 ( 4, 3, 4 ),
 ( 0.0008460917731560548992, 0.0009002598162382142132, 0.001280034707405371900 ),
 .UNSPECIFIED. ) ;
#6202 = ORIENTED_EDGE ( 'NONE', *, *, #3844, .F. ) ;
#6203 = CARTESIAN_POINT ( 'NONE',  ( 6.977661160248792349, -5.500546691552289147, 3.464797546056691768 ) ) ;
#6204 = CARTESIAN_POINT ( 'NONE',  ( -6.683716731970554825, -5.394038632958984003, 3.500000000000000000 ) ) ;
#6205 = CARTESIAN_POINT ( 'NONE',  ( 6.708008130675876757, -5.413410377005360097, -3.143904910697431276 ) ) ;
#6206 = CARTESIAN_POINT ( 'NONE',  ( 6.919872040174228189, -5.582366206894886496, -3.460240287494900535 ) ) ;
#6207 = AXIS2_PLACEMENT_3D ( 'NONE', #2636, #8594, #3995 ) ;
#6208 = AXIS2_PLACEMENT_3D ( 'NONE', #1221, #9590, #1056 ) ;
#6209 = DIRECTION ( 'NONE',  ( -0.000000000000000000, -0.000000000000000000, 1.000000000000000000 ) ) ;
#6210 = AXIS2_PLACEMENT_3D ( 'NONE', #6463, #1957, #7158 ) ;
#6211 = VERTEX_POINT ( 'NONE', #8298 ) ;
#6212 = CARTESIAN_POINT ( 'NONE',  ( -6.959874108529799486, 5.486361991139801830, 3.469900311146004501 ) ) ;
#6213 = DIRECTION ( 'NONE',  ( 0.000000000000000000, 0.000000000000000000, -1.000000000000000000 ) ) ;
#6214 = AXIS2_PLACEMENT_3D ( 'NONE', #6809, #5356, #9168 ) ;
#6216 = AXIS2_PLACEMENT_3D ( 'NONE', #6811, #3002, #1397 ) ;
#6215 = B_SPLINE_CURVE_WITH_KNOTS ( 'NONE', 3,
 ( #5930, #2016, #2069, #5136, #502, #1319, #9735 ),
 .UNSPECIFIED., .F., .F.,
 ( 4, 3, 4 ),
 ( 0.0009532733312319690774, 0.001225696219576461908, 0.001251962535739348193 ),
 .UNSPECIFIED. ) ;
#6217 = CARTESIAN_POINT ( 'NONE',  ( 0.000000000000000000, 0.000000000000000000, -3.452421434499180375 ) ) ;
#6218 = CARTESIAN_POINT ( 'NONE',  ( 6.746065712156355865, -5.315855484712272094, -3.094141646974374105 ) ) ;
#6219 = CARTESIAN_POINT ( 'NONE',  ( 0.000000000000000000, 0.000000000000000000, 3.376256313292342437 ) ) ;
#6220 = AXIS2_PLACEMENT_3D ( 'NONE', #9474, #3256, #9376 ) ;
#6221 = EDGE_CURVE ( 'NONE', #2142, #1492, #2895, .T. ) ;
#6222 = DIRECTION ( 'NONE',  ( 0.6234898018585320889, 0.7818314824681904529, 0.000000000000000000 ) ) ;
#6223 = ORIENTED_EDGE ( 'NONE', *, *, #1653, .T. ) ;
#6224 = VECTOR ( 'NONE', #2864, 1000.000000000000000 ) ;
#6225 = ORIENTED_EDGE ( 'NONE', *, *, #7624, .T. ) ;
#6226 = CARTESIAN_POINT ( 'NONE',  ( 0.000000000000000000, 0.000000000000000000, 3.434921434499177639 ) ) ;
#6227 = ADVANCED_FACE ( 'NONE', ( #1337, #5888 ), #3788, .F. ) ;
#6228 = CARTESIAN_POINT ( 'NONE',  ( 0.000000000000000000, 0.000000000000000000, -3.193750000000000533 ) ) ;
#6229 = AXIS2_PLACEMENT_3D ( 'NONE', #1139, #8751, #6344 ) ;
#6230 = EDGE_CURVE ( 'NONE', #3827, #1982, #1241, .T. ) ;
#6231 = DIRECTION ( 'NONE',  ( 0.000000000000000000, 0.000000000000000000, 1.000000000000000000 ) ) ;
#6232 = CARTESIAN_POINT ( 'NONE',  ( -3.969976846764321721, 8.128503622655038896, 3.094141646974374105 ) ) ;
#6233 = CARTESIAN_POINT ( 'NONE',  ( 8.807973303152696332, -2.061648272210920840, 3.193750000000000089 ) ) ;
#6234 = DIRECTION ( 'NONE',  ( 1.000000000000000000, 0.000000000000000000, 0.000000000000000000 ) ) ;
#6235 = AXIS2_PLACEMENT_3D ( 'NONE', #9800, #4487, #3780 ) ;
#6236 = ADVANCED_FACE ( 'NONE', ( #8353 ), #2132, .T. ) ;
#6237 = VECTOR ( 'NONE', #2758, 1000.000000000000114 ) ;
#6238 = EDGE_LOOP ( 'NONE', ( #1455, #6196, #1447, #6946 ) ) ;
#6239 = CARTESIAN_POINT ( 'NONE',  ( 6.746065712156355865, -5.315855484712272094, 3.094141646974374105 ) ) ;
#6240 = EDGE_LOOP ( 'NONE', ( #56, #8093 ) ) ;
#6241 = CARTESIAN_POINT ( 'NONE',  ( -8.605239869185377088, 2.015375688867232729, -3.455541280135825843 ) ) ;
#6242 = DIRECTION ( 'NONE',  ( -0.000000000000000000, -0.000000000000000000, -1.000000000000000000 ) ) ;
#6243 = ORIENTED_EDGE ( 'NONE', *, *, #4420, .F. ) ;
#6244 = DIRECTION ( 'NONE',  ( -1.000000000000000000, 1.776356839400250465E-15, 0.000000000000000000 ) ) ;
#6245 = DIRECTION ( 'NONE',  ( -1.000000000000000000, 0.000000000000000000, 0.000000000000000000 ) ) ;
#6246 = ADVANCED_FACE ( 'NONE', ( #5945 ), #1490, .T. ) ;
#6247 = AXIS2_PLACEMENT_3D ( 'NONE', #102, #3185, #6244 ) ;
#6248 = ORIENTED_EDGE ( 'NONE', *, *, #6418, .T. ) ;
#6249 = EDGE_LOOP ( 'NONE', ( #747, #7179 ) ) ;
#6250 = CARTESIAN_POINT ( 'NONE',  ( -3.785012642412569850, 7.744421494718635834, -3.143904910697430832 ) ) ;
#6251 = LINE ( 'NONE', #7659, #6088 ) ;
#6252 = CARTESIAN_POINT ( 'NONE',  ( -8.362206348396735933, 1.959904873689159333, 3.500000000000000000 ) ) ;
#6253 = VERTEX_POINT ( 'NONE', #5993 ) ;
#6255 = CARTESIAN_POINT ( 'NONE',  ( 8.656913187827482759, 2.027169786647253336, 3.459706444013471494 ) ) ;
#6254 = CONICAL_SURFACE ( 'NONE', #6738, 9.046037105128458933, 0.5235987755983011471 ) ;
#6256 = CARTESIAN_POINT ( 'NONE',  ( 8.785959443115464396, -1.954052065984028586, 3.272391413630716173 ) ) ;
#6257 = CARTESIAN_POINT ( 'NONE',  ( 8.636228808187224715, 1.919877025645300384, 3.464362763198132189 ) ) ;
#6258 = CARTESIAN_POINT ( 'NONE',  ( -8.620959090592657859, 2.018963498575938154, 3.467739038050325018 ) ) ;
#6259 = DIRECTION ( 'NONE',  ( 0.9009688679024187019, -0.4338837391175590641, 0.000000000000000000 ) ) ;
#6260 = B_SPLINE_CURVE_WITH_KNOTS ( 'NONE', 3,
 ( #4679, #5378, #6785, #46, #9844, #2547, #6135 ),
 .UNSPECIFIED., .F., .F.,
 ( 4, 3, 4 ),
 ( 0.0008460917731560552244, 0.0009002598162382144300, 0.001280034707405372117 ),
 .UNSPECIFIED. ) ;
#6261 = CARTESIAN_POINT ( 'NONE',  ( 8.588813778810038713, 0.000000000000000000, 3.064533293948747517 ) ) ;
#6262 = ORIENTED_EDGE ( 'NONE', *, *, #1877, .T. ) ;
#6263 = DIRECTION ( 'NONE',  ( 0.4338837391175651703, 0.9009688679024158153, 0.000000000000000000 ) ) ;
#6264 = CARTESIAN_POINT ( 'NONE',  ( -8.807973303152683897, 2.061648272210978572, -3.193750000000000089 ) ) ;
#6265 = DIRECTION ( 'NONE',  ( -0.000000000000000000, -0.000000000000000000, 1.000000000000000000 ) ) ;
#6266 = CARTESIAN_POINT ( 'NONE',  ( -8.588813778810038713, -1.051826330269239652E-15, -3.099533293948747659 ) ) ;
#6267 = DIRECTION ( 'NONE',  ( 0.5735764363510438280, 0.000000000000000000, -0.8191520442889933529 ) ) ;
#6268 = FACE_OUTER_BOUND ( 'NONE', #8512, .T. ) ;
#6269 = ORIENTED_EDGE ( 'NONE', *, *, #4724, .T. ) ;
#6270 = EDGE_LOOP ( 'NONE', ( #279, #5632, #4252, #9655 ) ) ;
#6271 = DIRECTION ( 'NONE',  ( 1.000000000000000000, 0.000000000000000000, 0.000000000000000000 ) ) ;
#6272 = DIRECTION ( 'NONE',  ( -1.000000000000000000, 0.000000000000000000, 0.000000000000000000 ) ) ;
#6273 = FACE_OUTER_BOUND ( 'NONE', #9341, .T. ) ;
#6274 = CARTESIAN_POINT ( 'NONE',  ( 6.920053267509791439, 5.582510730872260574, 3.459706444013471494 ) ) ;
#6275 = CARTESIAN_POINT ( 'NONE',  ( 3.886687736875731325, 7.955552003869622801, -3.467739038050325018 ) ) ;
#6276 = ADVANCED_FACE ( 'NONE', ( #9004 ), #1438, .T. ) ;
#6277 = VECTOR ( 'NONE', #2229, 1000.000000000000000 ) ;
#6278 = EDGE_CURVE ( 'NONE', #1376, #2017, #4002, .T. ) ;
#6279 = ORIENTED_EDGE ( 'NONE', *, *, #3410, .T. ) ;
#6280 = DIRECTION ( 'NONE',  ( 0.9009688679024248081, 0.4338837391175462965, 0.000000000000000000 ) ) ;
#6281 = EDGE_LOOP ( 'NONE', ( #6661, #6878, #2386, #2430 ) ) ;
#6282 = CARTESIAN_POINT ( 'NONE',  ( -0.05000000000000001665, -8.896552580035715252, 3.452421434499180375 ) ) ;
#6283 = CARTESIAN_POINT ( 'NONE',  ( 0.000000000000000000, 0.000000000000000000, -3.452421434499180375 ) ) ;
#6284 = VECTOR ( 'NONE', #6793, 1000.000000000000000 ) ;
#6285 = ORIENTED_EDGE ( 'NONE', *, *, #8860, .F. ) ;
#6286 = PLANE ( 'NONE',  #469 ) ;
#6287 = CARTESIAN_POINT ( 'NONE',  ( 8.643545619096329347, -2.024118726315969230, -3.468147503381453944 ) ) ;
#6288 = EDGE_CURVE ( 'NONE', #7642, #1643, #4439, .T. ) ;
#6289 = EDGE_LOOP ( 'NONE', ( #6638, #4887 ) ) ;
#6290 = CIRCLE ( 'NONE', #1817, 8.588813778810038713 ) ;
#6291 = B_SPLINE_CURVE_WITH_KNOTS ( 'NONE', 3,
 ( #3572, #1268, #8882, #4225, #3425, #5076, #4115 ),
 .UNSPECIFIED., .F., .F.,
 ( 4, 3, 4 ),
 ( 0.001199429903413613135, 0.001225696219576499421, 0.001498119107920983795 ),
 .UNSPECIFIED. ) ;
#6292 = LINE ( 'NONE', #163, #6869 ) ;
#6293 = EDGE_CURVE ( 'NONE', #2635, #7562, #4917, .T. ) ;
#6294 = DIRECTION ( 'NONE',  ( -0.2225209339563050115, 0.9749279121818257288, 0.000000000000000000 ) ) ;
#6295 = EDGE_CURVE ( 'NONE', #7326, #436, #7790, .T. ) ;
#6296 = ORIENTED_EDGE ( 'NONE', *, *, #5265, .T. ) ;
#6297 = DIRECTION ( 'NONE',  ( 1.000000000000000000, 0.000000000000000000, 0.000000000000000000 ) ) ;
#6298 = ORIENTED_EDGE ( 'NONE', *, *, #1518, .T. ) ;
#6299 = CIRCLE ( 'NONE', #4038, 9.046037105128458933 ) ;
#6300 = CARTESIAN_POINT ( 'NONE',  ( 6.931275761066028274, 5.591460370840263927, -3.437256629622304160 ) ) ;
#6301 = LINE ( 'NONE', #2251, #7419 ) ;
#6302 = DIRECTION ( 'NONE',  ( -1.000000000000000000, 0.000000000000000000, 0.000000000000000000 ) ) ;
#6303 = DIRECTION ( 'NONE',  ( 1.000000000000000000, 0.000000000000000000, 0.000000000000000000 ) ) ;
#6304 = DIRECTION ( 'NONE',  ( -0.000000000000000000, -0.000000000000000000, -1.000000000000000000 ) ) ;
#6305 = VERTEX_POINT ( 'NONE', #5390 ) ;
#6306 = CARTESIAN_POINT ( 'NONE',  ( -0.05000000000000002359, -8.893453463458474317, 3.457279025203407574 ) ) ;
#6307 = ORIENTED_EDGE ( 'NONE', *, *, #3280, .F. ) ;
#6308 = CARTESIAN_POINT ( 'NONE',  ( -6.746065712156315008, 5.315855484712322720, 3.099533293948748103 ) ) ;
#6309 = ADVANCED_FACE ( 'NONE', ( #3133 ), #2511, .F. ) ;
#6310 = CARTESIAN_POINT ( 'NONE',  ( -3.789946096564069222, 7.985142404919487902, -3.456597352396201472 ) ) ;
#6311 = ORIENTED_EDGE ( 'NONE', *, *, #6644, .T. ) ;
#6312 = CARTESIAN_POINT ( 'NONE',  ( -0.05000000000000001665, -8.955090244376902930, -3.351032822740167560 ) ) ;
#6313 = DIRECTION ( 'NONE',  ( 0.4338837391175590641, 0.9009688679024187019, 0.000000000000000000 ) ) ;
#6314 = CARTESIAN_POINT ( 'NONE',  ( -6.924430402411094754, 5.586001379475759698, 3.452421434499180375 ) ) ;
#6315 = LINE ( 'NONE', #3116, #4494 ) ;
#6316 = DIRECTION ( 'NONE',  ( 0.000000000000000000, 0.000000000000000000, 1.000000000000000000 ) ) ;
#6317 = ORIENTED_EDGE ( 'NONE', *, *, #5324, .T. ) ;
#6318 = VERTEX_POINT ( 'NONE', #1588 ) ;
#6319 = CARTESIAN_POINT ( 'NONE',  ( -4.923385956518218975, -1.123730716479340197, -1.592040838891560081E-16 ) ) ;
#6320 = CARTESIAN_POINT ( 'NONE',  ( 3.880042983354367259, -7.941754031007707049, 3.456597352396201472 ) ) ;
#6321 = DIRECTION ( 'NONE',  ( -0.000000000000000000, -0.000000000000000000, 1.000000000000000000 ) ) ;
#6322 = DIRECTION ( 'NONE',  ( 0.000000000000000000, 0.000000000000000000, -1.000000000000000000 ) ) ;
#6323 = ORIENTED_EDGE ( 'NONE', *, *, #771, .F. ) ;
#6324 = VERTEX_POINT ( 'NONE', #4834 ) ;
#6325 = CALENDAR_DATE ( 2026, 18, 1 ) ;
#6326 = DIRECTION ( 'NONE',  ( 0.000000000000000000, 0.000000000000000000, -1.000000000000000000 ) ) ;
#6327 = DIRECTION ( 'NONE',  ( 0.000000000000000000, 0.000000000000000000, 1.000000000000000000 ) ) ;
#6328 = ORIENTED_EDGE ( 'NONE', *, *, #7743, .F. ) ;
#6329 = EDGE_CURVE ( 'NONE', #3743, #7600, #7102, .T. ) ;
#6330 = CARTESIAN_POINT ( 'NONE',  ( 8.485539612174505919, -1.885483199994362202, 3.247602129575368757 ) ) ;
#6331 = DIRECTION ( 'NONE',  ( -0.4338837391175527358, 0.9009688679024216995, 0.000000000000000000 ) ) ;
#6332 = ORIENTED_EDGE ( 'NONE', *, *, #9438, .F. ) ;
#6333 = EDGE_CURVE ( 'NONE', #1706, #2271, #4281, .T. ) ;
#6334 = DIRECTION ( 'NONE',  ( 1.000000000000000000, 0.000000000000000000, 0.000000000000000000 ) ) ;
#6335 = CARTESIAN_POINT ( 'NONE',  ( -3.795166392148696222, -7.995982460396972691, 3.466570807216844852 ) ) ;
#6336 = EDGE_CURVE ( 'NONE', #4107, #6492, #9886, .T. ) ;
#6337 = EDGE_LOOP ( 'NONE', ( #9388, #7636, #4400, #2905 ) ) ;
#6338 = EDGE_CURVE ( 'NONE', #4087, #2311, #7807, .T. ) ;
#6339 = CARTESIAN_POINT ( 'NONE',  ( -8.627120136385658000, 1.917798030746353799, -3.454996609771464833 ) ) ;
#6340 = EDGE_LOOP ( 'NONE', ( #7728, #7707, #9430, #6581 ) ) ;
#6341 = CYLINDRICAL_SURFACE ( 'NONE', #9399, 9.046037105128460709 ) ;
#6342 = CARTESIAN_POINT ( 'NONE',  ( -3.904453529484151808, 7.992443052348363608, -3.455073707654066073 ) ) ;
#6343 = CARTESIAN_POINT ( 'NONE',  ( -6.746065712156426919, -5.315855484712181500, 3.500000000000000000 ) ) ;
#6344 = DIRECTION ( 'NONE',  ( -0.9749279121818257288, -0.2225209339563049837, -0.000000000000000000 ) ) ;
#6345 = CARTESIAN_POINT ( 'NONE',  ( 3.820719386415864616, -8.049043799739521887, -3.429674227117769814 ) ) ;
#6346 = EDGE_CURVE ( 'NONE', #7507, #684, #8127, .T. ) ;
#6347 = VERTEX_POINT ( 'NONE', #6941 ) ;
#6348 = CARTESIAN_POINT ( 'NONE',  ( 3.893621092758634106, -7.969949265710667419, -3.469713030103804385 ) ) ;
#6349 = ORIENTED_EDGE ( 'NONE', *, *, #9669, .F. ) ;
#6350 = CARTESIAN_POINT ( 'NONE',  ( -8.414749320523803533, -1.869325777874793371, -3.143904910697431276 ) ) ;
#6351 = CARTESIAN_POINT ( 'NONE',  ( -3.789767423690219239, 7.984771386873950938, -3.456075294419946431 ) ) ;
#6352 = ORIENTED_EDGE ( 'NONE', *, *, #4322, .F. ) ;
#6353 = CARTESIAN_POINT ( 'NONE',  ( -6.986779382597083199, -5.507818231228810646, 3.452421434499180375 ) ) ;
#6354 = LINE ( 'NONE', #428, #2050 ) ;
#6355 = DIRECTION ( 'NONE',  ( -0.000000000000000000, -0.000000000000000000, 1.000000000000000000 ) ) ;
#6356 = CONICAL_SURFACE ( 'NONE', #255, 9.046037105128458933, 0.5235987755983011471 ) ;
#6357 = CARTESIAN_POINT ( 'NONE',  ( 0.000000000000000000, 0.000000000000000000, 3.201256313292353717 ) ) ;
#6358 = AXIS2_PLACEMENT_3D ( 'NONE', #971, #2527, #4084 ) ;
#6359 = ADVANCED_FACE ( 'NONE', ( #8581 ), #6198, .T. ) ;
#6360 = CARTESIAN_POINT ( 'NONE',  ( 0.05000000000000002359, -8.873949175336530715, 3.469286171371085192 ) ) ;
#6361 = ORIENTED_EDGE ( 'NONE', *, *, #2021, .T. ) ;
#6362 = ORIENTED_EDGE ( 'NONE', *, *, #3418, .F. ) ;
#6363 = LINE ( 'NONE', #3305, #4652 ) ;
#6364 = CIRCLE ( 'NONE', #7972, 8.588813778810038713 ) ;
#6365 = CARTESIAN_POINT ( 'NONE',  ( 8.636785957613628995, -1.920004191366200486, -3.464471549642479165 ) ) ;
#6366 = AXIS2_PLACEMENT_3D ( 'NONE', #6737, #5141, #2931 ) ;
#6367 = CIRCLE ( 'NONE', #9260, 5.686989865158905921 ) ;
#6368 = CARTESIAN_POINT ( 'NONE',  ( -0.05000000000000000971, -9.045898922017695298, 3.094141646974374105 ) ) ;
#6369 = VECTOR ( 'NONE', #5610, 1000.000000000000000 ) ;
#6370 = DIRECTION ( 'NONE',  ( 1.000000000000000000, -6.776263578034444621E-17, 0.000000000000000000 ) ) ;
#6371 = LINE ( 'NONE', #1213, #5034 ) ;
#6372 = CARTESIAN_POINT ( 'NONE',  ( -6.897187355920082474, 5.564275774867090796, -3.469846945119945847 ) ) ;
#6373 = CIRCLE ( 'NONE', #5731, 8.588813778810038713 ) ;
#6374 = VECTOR ( 'NONE', #3307, 1000.000000000000114 ) ;
#6375 = ORIENTED_EDGE ( 'NONE', *, *, #4877, .F. ) ;
#6376 = CARTESIAN_POINT ( 'NONE',  ( 0.000000000000000000, 0.000000000000000000, -3.094141646974374105 ) ) ;
#6377 = AXIS2_PLACEMENT_3D ( 'NONE', #1862, #7979, #7324 ) ;
#6378 = EDGE_LOOP ( 'NONE', ( #6394, #4780 ) ) ;
#6379 = DIRECTION ( 'NONE',  ( -0.7071067811865412445, 0.000000000000000000, -0.7071067811865536790 ) ) ;
#6380 = CARTESIAN_POINT ( 'NONE',  ( -3.685928616305599981, 7.769147881545229950, 3.114323832567764683 ) ) ;
#6381 = DIRECTION ( 'NONE',  ( 0.000000000000000000, 0.000000000000000000, -1.000000000000000000 ) ) ;
#6382 = AXIS2_PLACEMENT_3D ( 'NONE', #9338, #1669, #8488 ) ;
#6383 = ORIENTED_EDGE ( 'NONE', *, *, #7313, .F. ) ;
#6384 = AXIS2_PLACEMENT_3D ( 'NONE', #1182, #9603, #5587 ) ;
#6385 = DIRECTION ( 'NONE',  ( -0.4338837391175526248, 0.9009688679024216995, 0.000000000000000000 ) ) ;
#6386 = VECTOR ( 'NONE', #1201, 1000.000000000000000 ) ;
#6387 = CARTESIAN_POINT ( 'NONE',  ( 8.639919988884477320, -2.023291199879562186, -3.469378817057675590 ) ) ;
#6388 = ORIENTED_EDGE ( 'NONE', *, *, #7717, .T. ) ;
#6389 = AXIS2_PLACEMENT_3D ( 'NONE', #8367, #8556, #9268 ) ;
#6390 = CARTESIAN_POINT ( 'NONE',  ( -8.684623479167871807, -1.930922793491831380, -3.452421434499180375 ) ) ;
#6391 = DIRECTION ( 'NONE',  ( 1.000000000000000000, 0.000000000000000000, 0.000000000000000000 ) ) ;
#6392 = ORIENTED_EDGE ( 'NONE', *, *, #9295, .F. ) ;
#6393 = CARTESIAN_POINT ( 'NONE',  ( 6.986287445380051864, 5.507425924389303340, 3.453478796700601539 ) ) ;
#6394 = ORIENTED_EDGE ( 'NONE', *, *, #9555, .F. ) ;
#6395 = CARTESIAN_POINT ( 'NONE',  ( 0.05000000000000000971, -9.045898922017695298, -3.500000000000000000 ) ) ;
#6396 = AXIS2_PLACEMENT_3D ( 'NONE', #4787, #1125, #7839 ) ;
#6397 = CARTESIAN_POINT ( 'NONE',  ( -3.881095632990676503, 7.943939880500739292, -3.459673052288552153 ) ) ;
#6398 = CARTESIAN_POINT ( 'NONE',  ( 0.000000000000000000, 0.000000000000000000, -3.193750000000000533 ) ) ;
#6399 = CARTESIAN_POINT ( 'NONE',  ( 9.046037105128460709, 0.000000000000000000, 3.325000000000000622 ) ) ;
#6400 = EDGE_CURVE ( 'NONE', #2764, #4248, #1013, .T. ) ;
#6401 = DIRECTION ( 'NONE',  ( 0.000000000000000000, 0.000000000000000000, 1.000000000000000000 ) ) ;
#6402 = AXIS2_PLACEMENT_3D ( 'NONE', #9407, #7902, #8653 ) ;
#6403 = ORIENTED_EDGE ( 'NONE', *, *, #6832, .T. ) ;
#6404 = EDGE_LOOP ( 'NONE', ( #1278, #7315, #3150, #9386, #8890, #6002 ) ) ;
#6405 = ADVANCED_FACE ( 'NONE', ( #5831 ), #6356, .T. ) ;
#6406 = CARTESIAN_POINT ( 'NONE',  ( 6.970196991303221346, -5.622499016217067158, 3.351032822740167560 ) ) ;
#6407 = ORIENTED_EDGE ( 'NONE', *, *, #2116, .F. ) ;
#6408 = CARTESIAN_POINT ( 'NONE',  ( 0.000000000000000000, 0.000000000000000000, 3.099533293948747659 ) ) ;
#6409 = AXIS2_PLACEMENT_3D ( 'NONE', #4362, #2104, #9827 ) ;
#6410 = CARTESIAN_POINT ( 'NONE',  ( -8.672891611396272182, -1.928245071230555663, 3.465025888964337497 ) ) ;
#6411 = DIRECTION ( 'NONE',  ( 0.000000000000000000, 0.000000000000000000, -1.000000000000000000 ) ) ;
#6412 = ORIENTED_EDGE ( 'NONE', *, *, #322, .F. ) ;
#6413 = EDGE_CURVE ( 'NONE', #5942, #9048, #9495, .T. ) ;
#6414 = CARTESIAN_POINT ( 'NONE',  ( 0.000000000000000000, 0.000000000000000000, 3.500000000000000000 ) ) ;
#6415 = CARTESIAN_POINT ( 'NONE',  ( 0.000000000000000000, 0.000000000000000000, 3.454996609771464389 ) ) ;
#6416 = DIRECTION ( 'NONE',  ( 0.000000000000000000, 0.000000000000000000, 1.000000000000000000 ) ) ;
#6417 = CARTESIAN_POINT ( 'NONE',  ( -3.789429660203798456, -7.984070013766990215, -3.454996609771464833 ) ) ;
#6418 = EDGE_CURVE ( 'NONE', #854, #1451, #1571, .T. ) ;
#6419 = EDGE_CURVE ( 'NONE', #8365, #303, #759, .T. ) ;
#6420 = FACE_OUTER_BOUND ( 'NONE', #6195, .T. ) ;
#6421 = VERTEX_POINT ( 'NONE', #6535 ) ;
#6422 = ORIENTED_EDGE ( 'NONE', *, *, #5190, .T. ) ;
#6423 = FACE_OUTER_BOUND ( 'NONE', #3628, .T. ) ;
#6424 = CARTESIAN_POINT ( 'NONE',  ( 0.05000000000000000971, 9.045898922017695298, 3.094141646974374105 ) ) ;
#6425 = EDGE_CURVE ( 'NONE', #632, #8633, #6989, .T. ) ;
#6426 = CARTESIAN_POINT ( 'NONE',  ( 9.498018552564230887, 1.170748917356056689E-15, 3.325000000000000622 ) ) ;
#6427 = EDGE_CURVE ( 'NONE', #1809, #3873, #7653, .T. ) ;
#6428 = CARTESIAN_POINT ( 'NONE',  ( 3.757925033893075195, -7.918649983142041826, 3.351299362948741756 ) ) ;
#6429 = DIRECTION ( 'NONE',  ( 0.000000000000000000, 0.000000000000000000, -1.000000000000000000 ) ) ;
#6430 = CARTESIAN_POINT ( 'NONE',  ( 6.941273910857361784, 5.471528828467919325, -3.456075294419946431 ) ) ;
#6431 = VERTEX_POINT ( 'NONE', #5678 ) ;
#6432 = CARTESIAN_POINT ( 'NONE',  ( 0.000000000000000000, 0.000000000000000000, -3.500000000000000000 ) ) ;
#6433 = ORIENTED_EDGE ( 'NONE', *, *, #8336, .T. ) ;
#6434 = CARTESIAN_POINT ( 'NONE',  ( -8.807973303152722977, -2.061648272210801824, -3.500000000000000000 ) ) ;
#6435 = CARTESIAN_POINT ( 'NONE',  ( 8.684623479167859372, 1.930922793491888445, 3.452421434499180375 ) ) ;
#6436 = CARTESIAN_POINT ( 'NONE',  ( -8.604868042990025501, 2.015290821964536239, -3.454996609771464833 ) ) ;
#6437 = ORIENTED_EDGE ( 'NONE', *, *, #7206, .F. ) ;
#6438 = CARTESIAN_POINT ( 'NONE',  ( 8.394555401783339477, 1.864716647699975693, -3.114323832567764239 ) ) ;
#6439 = CARTESIAN_POINT ( 'NONE',  ( -8.665797712491988491, -1.926625935097669551, -3.468147503381453944 ) ) ;
#6440 = VERTEX_POINT ( 'NONE', #7932 ) ;
#6441 = CIRCLE ( 'NONE', #2924, 9.046037105128458933 ) ;
#6442 = CARTESIAN_POINT ( 'NONE',  ( 0.000000000000000000, 0.000000000000000000, -3.099533293948747659 ) ) ;
#6443 = FACE_OUTER_BOUND ( 'NONE', #5684, .T. ) ;
#6444 = ORIENTED_EDGE ( 'NONE', *, *, #3242, .T. ) ;
#6445 = CARTESIAN_POINT ( 'NONE',  ( 6.941273910857361784, 5.471528828467919325, 3.456075294419946431 ) ) ;
#6446 = EDGE_LOOP ( 'NONE', ( #4405, #983, #9275, #5465 ) ) ;
#6447 = CARTESIAN_POINT ( 'NONE',  ( 3.815021055286684781, -8.037211093225025138, 3.452421434499180375 ) ) ;
#6448 = DIRECTION ( 'NONE',  ( -0.000000000000000000, -0.000000000000000000, 1.000000000000000000 ) ) ;
#6449 = CARTESIAN_POINT ( 'NONE',  ( 8.808108021724386560, 2.061679020845724075, 3.094141646974374105 ) ) ;
#6450 = DIRECTION ( 'NONE',  ( 0.6234898018587320401, -0.7818314824680310249, 0.000000000000000000 ) ) ;
#6451 = ORIENTED_EDGE ( 'NONE', *, *, #3986, .T. ) ;
#6452 = VERTEX_POINT ( 'NONE', #4331 ) ;
#6453 = FACE_OUTER_BOUND ( 'NONE', #7244, .T. ) ;
#6454 = EDGE_LOOP ( 'NONE', ( #1405, #1778, #576, #3329 ) ) ;
#6455 = CARTESIAN_POINT ( 'NONE',  ( -8.384458441792405736, -1.862412082470809027, -3.099533293948748103 ) ) ;
#6456 = ADVANCED_FACE ( 'NONE', ( #306 ), #9411, .F. ) ;
#6457 = CIRCLE ( 'NONE', #5493, 5.254494074020480632 ) ;
#6458 = CARTESIAN_POINT ( 'NONE',  ( 8.675175419594708615, -2.031338021875986222, -3.429674227117769814 ) ) ;
#6459 = LINE ( 'NONE', #377, #6062 ) ;
#6460 = ORIENTED_EDGE ( 'NONE', *, *, #6171, .T. ) ;
#6461 = EDGE_CURVE ( 'NONE', #6645, #4078, #3485, .T. ) ;
#6462 = LINE ( 'NONE', #2649, #8776 ) ;
#6463 = CARTESIAN_POINT ( 'NONE',  ( 0.000000000000000000, 0.000000000000000000, 3.094141646974374105 ) ) ;
#6464 = CARTESIAN_POINT ( 'NONE',  ( -6.923676418388918563, 5.585400097282431808, 3.453994494324953202 ) ) ;
#6465 = CARTESIAN_POINT ( 'NONE',  ( 0.05000000000000002359, -8.837570431649497849, -3.454996609771464833 ) ) ;
#6466 = B_SPLINE_CURVE_WITH_KNOTS ( 'NONE', 3,
 ( #8293, #2227, #668, #5090, #2939, #4432, #9805 ),
 .UNSPECIFIED., .F., .F.,
 ( 4, 3, 4 ),
 ( 0.0009532733312319681017, 0.001225696219576462125, 0.001251962535739348844 ),
 .UNSPECIFIED. ) ;
#6467 = CARTESIAN_POINT ( 'NONE',  ( 0.05000000000000002359, -8.893122785882026093, 3.457544059217933619 ) ) ;
#6468 = VERTEX_POINT ( 'NONE', #7287 ) ;
#6469 = ORIENTED_EDGE ( 'NONE', *, *, #4935, .T. ) ;
#6470 = DIRECTION ( 'NONE',  ( 1.000000000000000000, 0.000000000000000000, 0.000000000000000000 ) ) ;
#6471 = EDGE_CURVE ( 'NONE', #3279, #7182, #8771, .T. ) ;
#6472 = CARTESIAN_POINT ( 'NONE',  ( 8.666363791625199653, -1.926755138965936531, -3.468181098941469642 ) ) ;
#6473 = CARTESIAN_POINT ( 'NONE',  ( 0.05000000000000002359, 8.895588198274321456, 3.453994494324953202 ) ) ;
#6474 = EDGE_CURVE ( 'NONE', #4675, #6305, #3383, .T. ) ;
#6475 = LINE ( 'NONE', #2613, #5435 ) ;
#6476 = DIRECTION ( 'NONE',  ( 1.000000000000000000, 0.000000000000000000, 0.000000000000000000 ) ) ;
#6477 = CARTESIAN_POINT ( 'NONE',  ( 8.830225396548327055, -1.964155480992738623, -3.500000000000000000 ) ) ;
#6478 = EDGE_LOOP ( 'NONE', ( #8295, #4200, #4183, #4121, #5835, #5819 ) ) ;
#6479 = EDGE_CURVE ( 'NONE', #6211, #455, #9094, .T. ) ;
#6480 = PLANE ( 'NONE',  #5981 ) ;
#6481 = ORIENTED_EDGE ( 'NONE', *, *, #1819, .T. ) ;
#6482 = PLANE ( 'NONE',  #5410 ) ;
#6483 = DIRECTION ( 'NONE',  ( -0.000000000000000000, -0.000000000000000000, 1.000000000000000000 ) ) ;
#6484 = CARTESIAN_POINT ( 'NONE',  ( 8.807973303152696332, -2.061648272210920840, 3.500000000000000000 ) ) ;
#6485 = EDGE_LOOP ( 'NONE', ( #1467, #9479, #8282, #2317 ) ) ;
#6486 = CARTESIAN_POINT ( 'NONE',  ( -3.881453065862107810, -7.944682097505676666, -3.460296783607140103 ) ) ;
#6487 = CARTESIAN_POINT ( 'NONE',  ( -3.969916891359540401, 8.128379123974170284, 3.193750000000000089 ) ) ;
#6488 = ORIENTED_EDGE ( 'NONE', *, *, #3600, .F. ) ;
#6489 = EDGE_CURVE ( 'NONE', #2464, #7271, #8069, .T. ) ;
#6490 = DIRECTION ( 'NONE',  ( 0.9009688679024249192, 0.4338837391175462410, 0.000000000000000000 ) ) ;
#6491 = CARTESIAN_POINT ( 'NONE',  ( -3.813532923374990169, -8.034120955469184366, 3.457544059217933619 ) ) ;
#6492 = VERTEX_POINT ( 'NONE', #6436 ) ;
#6493 = CARTESIAN_POINT ( 'NONE',  ( 6.979796104693806846, 5.502249252933853363, 3.462633071500297088 ) ) ;
#6494 = ADVANCED_FACE ( 'NONE', ( #2576 ), #4126, .T. ) ;
#6495 = VERTEX_POINT ( 'NONE', #3474 ) ;
#6496 = FACE_OUTER_BOUND ( 'NONE', #7368, .T. ) ;
#6497 = CARTESIAN_POINT ( 'NONE',  ( -8.807973303152722977, -2.061648272210801824, -3.193750000000000089 ) ) ;
#6498 = CARTESIAN_POINT ( 'NONE',  ( 3.811388277930510604, 8.029667553315800177, 3.462472406546387216 ) ) ;
#6499 = CARTESIAN_POINT ( 'NONE',  ( -3.840419595970190780, 8.089951706396185216, -3.351032822740167560 ) ) ;
#6500 = B_SPLINE_CURVE_WITH_KNOTS ( 'NONE', 3,
 ( #1264, #5073, #3768, #5176, #7381, #4519, #1409 ),
 .UNSPECIFIED., .F., .F.,
 ( 4, 3, 4 ),
 ( 0.0008460917731560553328, 0.0009002598162382144300, 0.001280034707405372984 ),
 .UNSPECIFIED. ) ;
#6501 = ORIENTED_EDGE ( 'NONE', *, *, #7267, .T. ) ;
#6502 = VERTEX_POINT ( 'NONE', #9741 ) ;
#6503 = ORIENTED_EDGE ( 'NONE', *, *, #2629, .T. ) ;
#6504 = CARTESIAN_POINT ( 'NONE',  ( -6.878316301899265461, -5.549226611465089221, -3.454996609771464833 ) ) ;
#6505 = CARTESIAN_POINT ( 'NONE',  ( 8.372303308387692766, -1.962209438918215865, 3.114323832567764683 ) ) ;
#6506 = LINE ( 'NONE', #5606, #7339 ) ;
#6507 = EDGE_LOOP ( 'NONE', ( #8647, #9014 ) ) ;
#6508 = DIRECTION ( 'NONE',  ( -1.000000000000000000, 0.000000000000000000, 0.000000000000000000 ) ) ;
#6509 = CARTESIAN_POINT ( 'NONE',  ( 3.879879959974195103, 8.171891996566738925, -3.500000000000000444 ) ) ;
#6510 = CARTESIAN_POINT ( 'NONE',  ( 0.000000000000000000, 0.000000000000000000, 3.064533293948747517 ) ) ;
#6511 = CARTESIAN_POINT ( 'NONE',  ( -3.789429660203798456, -7.984070013766990215, 3.454996609771464833 ) ) ;
#6512 = CARTESIAN_POINT ( 'NONE',  ( -6.924430402411211993, -5.586001379475613149, 3.452421434499180375 ) ) ;
#6513 = VERTEX_POINT ( 'NONE', #8995 ) ;
#6514 = ORIENTED_EDGE ( 'NONE', *, *, #6288, .F. ) ;
#6515 = CARTESIAN_POINT ( 'NONE',  ( -8.737285000697680104, 1.070008810934259235E-15, -2.758752104430781227 ) ) ;
#6516 = LINE ( 'NONE', #9483, #6374 ) ;
#6517 = B_SPLINE_CURVE_WITH_KNOTS ( 'NONE', 3,
 ( #607, #5978, #5829, #9037, #8885, #3682, #2163 ),
 .UNSPECIFIED., .F., .F.,
 ( 4, 3, 4 ),
 ( 0.0008460917731560555497, 0.0009002598162382147553, 0.001280034707405372117 ),
 .UNSPECIFIED. ) ;
#6518 = CARTESIAN_POINT ( 'NONE',  ( 0.05000000000000002359, 8.887620632346431293, 3.462633071500297088 ) ) ;
#6519 = AXIS2_PLACEMENT_3D ( 'NONE', #9158, #9809, #3637 ) ;
#6520 = DIRECTION ( 'NONE',  ( 0.000000000000000000, 0.000000000000000000, -1.000000000000000000 ) ) ;
#6521 = CARTESIAN_POINT ( 'NONE',  ( 7.119485258517226356, -5.741552436592602504, 3.500000000000000444 ) ) ;
#6522 = CARTESIAN_POINT ( 'NONE',  ( 6.947969869725817205, 5.476868677478562653, -3.464362763198132189 ) ) ;
#6523 = EDGE_CURVE ( 'NONE', #733, #186, #9864, .T. ) ;
#6524 = ORIENTED_EDGE ( 'NONE', *, *, #8509, .F. ) ;
#6525 = CIRCLE ( 'NONE', #7800, 9.046037105128458933 ) ;
#6526 = EDGE_CURVE ( 'NONE', #4087, #8586, #150, .T. ) ;
#6527 = VECTOR ( 'NONE', #7118, 1000.000000000000000 ) ;
#6528 = DIRECTION ( 'NONE',  ( -0.000000000000000000, -0.000000000000000000, 1.000000000000000000 ) ) ;
#6529 = ADVANCED_FACE ( 'NONE', ( #3684 ), #1411, .T. ) ;
#6530 = ORIENTED_EDGE ( 'NONE', *, *, #3331, .T. ) ;
#6531 = CIRCLE ( 'NONE', #2207, 8.588813778810038713 ) ;
#6532 = DIRECTION ( 'NONE',  ( -0.7818314824680221431, 0.6234898018587431423, 0.000000000000000000 ) ) ;
#6533 = AXIS2_PLACEMENT_3D ( 'NONE', #9588, #2725, #5782 ) ;
#6534 = CARTESIAN_POINT ( 'NONE',  ( 0.000000000000000000, 0.000000000000000000, -2.974999999999999645 ) ) ;
#6535 = CARTESIAN_POINT ( 'NONE',  ( 7.041194074364121036, 5.679117300646331579, 3.094141646974374105 ) ) ;
#6536 = EDGE_LOOP ( 'NONE', ( #8959, #2945, #6556, #9040, #9499, #3390 ) ) ;
#6537 = CARTESIAN_POINT ( 'NONE',  ( 3.879526546993929070, -7.940681639855288410, -3.454996609771464833 ) ) ;
#6538 = AXIS2_PLACEMENT_3D ( 'NONE', #1380, #4341, #518 ) ;
#6539 = EDGE_CURVE ( 'NONE', #7589, #9672, #8420, .T. ) ;
#6540 = CIRCLE ( 'NONE', #3972, 8.601156667459632033 ) ;
#6541 = DIRECTION ( 'NONE',  ( 0.000000000000000000, 0.000000000000000000, -1.000000000000000000 ) ) ;
#6542 = CONICAL_SURFACE ( 'NONE', #7816, 9.621762239271875572, 0.7853981633974378429 ) ;
#6543 = VERTEX_POINT ( 'NONE', #4531 ) ;
#6544 = AXIS2_PLACEMENT_3D ( 'NONE', #8051, #1987, #2740 ) ;
#6545 = FACE_OUTER_BOUND ( 'NONE', #2491, .T. ) ;
#6546 = CARTESIAN_POINT ( 'NONE',  ( 3.879820004569413339, 8.171767497885872089, -3.193750000000000089 ) ) ;
#6547 = VECTOR ( 'NONE', #3444, 1000.000000000000227 ) ;
#6548 = ORIENTED_EDGE ( 'NONE', *, *, #2863, .T. ) ;
#6549 = DIRECTION ( 'NONE',  ( 0.2225209339563114785, -0.9749279121818243965, 0.000000000000000000 ) ) ;
#6550 = ORIENTED_EDGE ( 'NONE', *, *, #3331, .F. ) ;
#6551 = EDGE_CURVE ( 'NONE', #1466, #4536, #913, .T. ) ;
#6552 = DIRECTION ( 'NONE',  ( 1.000000000000000000, 0.000000000000000000, 0.000000000000000000 ) ) ;
#6553 = CARTESIAN_POINT ( 'NONE',  ( -3.903773285788543213, -7.991030511759118937, 3.457279025203407574 ) ) ;
#6554 = CARTESIAN_POINT ( 'NONE',  ( -8.837711872106121191, 0.000000000000000000, -3.454996609771464389 ) ) ;
#6555 = LINE ( 'NONE', #8810, #4981 ) ;
#6556 = ORIENTED_EDGE ( 'NONE', *, *, #4949, .F. ) ;
#6557 = ORIENTED_EDGE ( 'NONE', *, *, #7743, .T. ) ;
#6558 = AXIS2_PLACEMENT_3D ( 'NONE', #5491, #8691, #2473 ) ;
#6559 = ORIENTED_EDGE ( 'NONE', *, *, #6187, .T. ) ;
#6560 = CARTESIAN_POINT ( 'NONE',  ( 8.646792278083088590, 1.922288068715948040, -3.469100694293998810 ) ) ;
#6561 = CIRCLE ( 'NONE', #5766, 8.896693082788692308 ) ;
#6562 = CARTESIAN_POINT ( 'NONE',  ( -8.669423288030310815, -1.927453449055199997, 3.466916208273112421 ) ) ;
#6563 = CARTESIAN_POINT ( 'NONE',  ( 9.621762239271875572, 0.000000000000000000, -3.201256313292353717 ) ) ;
#6564 = VERTEX_POINT ( 'NONE', #8389 ) ;
#6565 = VECTOR ( 'NONE', #1235, 999.9999999999998863 ) ;
#6566 = CARTESIAN_POINT ( 'NONE',  ( 7.103543054549994906, 5.600934152399529076, -3.500000000000000000 ) ) ;
#6567 = CARTESIAN_POINT ( 'NONE',  ( 0.000000000000000000, 0.000000000000000000, 3.094141646974374105 ) ) ;
#6568 = FACE_OUTER_BOUND ( 'NONE', #3398, .T. ) ;
#6569 = SPHERICAL_SURFACE ( 'NONE', #7696, 2.450000000000000622 ) ;
#6570 = DIRECTION ( 'NONE',  ( 0.000000000000000000, 0.000000000000000000, 1.000000000000000000 ) ) ;
#6571 = AXIS2_PLACEMENT_3D ( 'NONE', #3411, #7221, #337 ) ;
#6572 = VERTEX_POINT ( 'NONE', #1528 ) ;
#6573 = ORIENTED_EDGE ( 'NONE', *, *, #8123, .F. ) ;
#6574 = DIRECTION ( 'NONE',  ( 0.000000000000000000, 0.000000000000000000, 1.000000000000000000 ) ) ;
#6575 = CARTESIAN_POINT ( 'NONE',  ( 3.681435046371101194, 7.759816887428968357, 3.094141646974374105 ) ) ;
#6576 = CARTESIAN_POINT ( 'NONE',  ( 0.000000000000000000, 0.000000000000000000, -3.452421434499180375 ) ) ;
#6577 = CARTESIAN_POINT ( 'NONE',  ( -10.47500000000000497, 1.314964500584470744E-15, -3.500000000000000888 ) ) ;
#6578 = CARTESIAN_POINT ( 'NONE',  ( 6.945612333878806055, 5.474988605377235196, -3.461862008941932967 ) ) ;
#6579 = ORIENTED_EDGE ( 'NONE', *, *, #5437, .F. ) ;
#6580 = DIRECTION ( 'NONE',  ( 1.224646799147353207E-16, 1.000000000000000000, 0.000000000000000000 ) ) ;
#6581 = ORIENTED_EDGE ( 'NONE', *, *, #7745, .T. ) ;
#6582 = CARTESIAN_POINT ( 'NONE',  ( -9.498018552564230887, 0.000000000000000000, 3.325000000000000622 ) ) ;
#6583 = CARTESIAN_POINT ( 'NONE',  ( -3.969916891359540401, 8.128379123974170284, -3.094141646974374105 ) ) ;
#6584 = CARTESIAN_POINT ( 'NONE',  ( -8.808108021724400771, -2.061679020845665899, -3.094141646974374105 ) ) ;
#6585 = CC_DESIGN_PERSON_AND_ORGANIZATION_ASSIGNMENT ( #9344, #3883, ( #7725 ) ) ;
#6586 = ORIENTED_EDGE ( 'NONE', *, *, #8916, .T. ) ;
#6587 = EDGE_CURVE ( 'NONE', #482, #6564, #7391, .T. ) ;
#6588 = CARTESIAN_POINT ( 'NONE',  ( -8.633289009070979958, -1.919206035680940392, -3.461862008941932967 ) ) ;
#6589 = ORIENTED_EDGE ( 'NONE', *, *, #4527, .T. ) ;
#6590 = CYLINDRICAL_SURFACE ( 'NONE', #8525, 9.046037105128458933 ) ;
#6591 = CARTESIAN_POINT ( 'NONE',  ( 0.000000000000000000, 0.000000000000000000, 2.975000000000000089 ) ) ;
#6592 = CARTESIAN_POINT ( 'NONE',  ( -3.806894729835316848, -8.020336604549463289, 3.468181098941469198 ) ) ;
#6593 = ADVANCED_FACE ( 'NONE', ( #6273 ), #6136, .T. ) ;
#6594 = EDGE_LOOP ( 'NONE', ( #2710, #9050, #7740, #2007 ) ) ;
#6595 = ADVANCED_FACE ( 'NONE', ( #8573 ), #1709, .T. ) ;
#6596 = DIRECTION ( 'NONE',  ( 0.7818314824680352437, 0.6234898018587267110, 0.000000000000000000 ) ) ;
#6597 = CARTESIAN_POINT ( 'NONE',  ( -3.899896769729861656, -7.982980843219111833, 3.465025888964337497 ) ) ;
#6598 = CARTESIAN_POINT ( 'NONE',  ( -3.895310692329201796, 7.973457755370732869, 3.469286171371085192 ) ) ;
#6599 = CARTESIAN_POINT ( 'NONE',  ( 6.940665282085101140, 5.471043463218333791, -3.454996609771464833 ) ) ;
#6600 = ORIENTED_EDGE ( 'NONE', *, *, #4030, .T. ) ;
#6601 = AXIS2_PLACEMENT_3D ( 'NONE', #3763, #3149, #9178 ) ;
#6602 = EDGE_LOOP ( 'NONE', ( #1232, #4878, #4516, #3528, #5025, #8754 ) ) ;
#6603 = EDGE_CURVE ( 'NONE', #5982, #3215, #3660, .T. ) ;
#6604 = ORIENTED_EDGE ( 'NONE', *, *, #2729, .F. ) ;
#6605 = CARTESIAN_POINT ( 'NONE',  ( 0.000000000000000000, 0.000000000000000000, -3.500000000000000444 ) ) ;
#6606 = CARTESIAN_POINT ( 'NONE',  ( 8.414749320523776888, -1.869325777874907279, -3.143904910697430832 ) ) ;
#6607 = CARTESIAN_POINT ( 'NONE',  ( 3.694915755622437015, 7.787809868630337640, -3.143904910697430832 ) ) ;
#6608 = VERTEX_POINT ( 'NONE', #7826 ) ;
#6609 = CARTESIAN_POINT ( 'NONE',  ( -0.05000000000000003747, 8.588668239434865015, 3.500000000000000000 ) ) ;
#6610 = CARTESIAN_POINT ( 'NONE',  ( 0.000000000000000000, 0.000000000000000000, -3.500000000000000444 ) ) ;
#6611 = DIRECTION ( 'NONE',  ( 0.000000000000000000, 0.000000000000000000, 1.000000000000000000 ) ) ;
#6612 = CARTESIAN_POINT ( 'NONE',  ( -0.05000000000000002359, 8.837570431649497849, -3.454996609771464833 ) ) ;
#6613 = ADVANCED_FACE ( 'NONE', ( #814 ), #104, .T. ) ;
#6614 = CONICAL_SURFACE ( 'NONE', #3745, 9.046037105128458933, 0.5235987755983011471 ) ;
#6615 = CARTESIAN_POINT ( 'NONE',  ( -3.771531933161234029, 7.716428513517264776, 3.099533293948748103 ) ) ;
#6616 = ORIENTED_EDGE ( 'NONE', *, *, #38, .T. ) ;
#6617 = VERTEX_POINT ( 'NONE', #2316 ) ;
#6618 = CARTESIAN_POINT ( 'NONE',  ( 0.000000000000000000, 0.000000000000000000, 3.500000000000000444 ) ) ;
#6619 = CARTESIAN_POINT ( 'NONE',  ( -5.863736118510165518, 4.676173513940574011, -3.092233167847068013E-16 ) ) ;
#6620 = DIRECTION ( 'NONE',  ( -1.000000000000000000, 0.000000000000000000, 0.000000000000000000 ) ) ;
#6621 = CARTESIAN_POINT ( 'NONE',  ( 6.897525128344004663, 5.564545139386506634, -3.469900311146004501 ) ) ;
#6622 = CARTESIAN_POINT ( 'NONE',  ( 5.378237760728125316, 6.586441658729127815E-16, 3.376256313292342437 ) ) ;
#6623 = VECTOR ( 'NONE', #993, 1000.000000000000000 ) ;
#6624 = DIRECTION ( 'NONE',  ( 0.9749279121818212879, -0.2225209339563245514, 0.000000000000000000 ) ) ;
#6625 = DIRECTION ( 'NONE',  ( 0.000000000000000000, 0.000000000000000000, 1.000000000000000000 ) ) ;
#6626 = ORIENTED_EDGE ( 'NONE', *, *, #2358, .F. ) ;
#6627 = DIRECTION ( 'NONE',  ( 1.000000000000000000, 0.000000000000000000, 0.000000000000000000 ) ) ;
#6628 = CARTESIAN_POINT ( 'NONE',  ( -0.05000000000000002359, 8.881356628892445926, 3.466489319800472924 ) ) ;
#6629 = CARTESIAN_POINT ( 'NONE',  ( 6.940963463542276557, -5.471281254995565391, -3.455541280135825399 ) ) ;
#6630 = VERTEX_POINT ( 'NONE', #8485 ) ;
#6631 = DIRECTION ( 'NONE',  ( 1.000000000000000000, 0.000000000000000000, 0.000000000000000000 ) ) ;
#6632 = CARTESIAN_POINT ( 'NONE',  ( -3.776025503096005043, -7.725759507633395806, -3.114323832567765127 ) ) ;
#6633 = ORIENTED_EDGE ( 'NONE', *, *, #8250, .F. ) ;
#6634 = FACE_OUTER_BOUND ( 'NONE', #2447, .T. ) ;
#6635 = VERTEX_POINT ( 'NONE', #2462 ) ;
#6636 = CARTESIAN_POINT ( 'NONE',  ( 3.814887624180119730, -8.036934020677275470, -3.452954079042413138 ) ) ;
#6637 = CARTESIAN_POINT ( 'NONE',  ( -3.907017385819927746, -7.997766954886910362, -3.444839032082838592 ) ) ;
#6638 = ORIENTED_EDGE ( 'NONE', *, *, #7067, .F. ) ;
#6639 = DIRECTION ( 'NONE',  ( -0.000000000000000000, -0.000000000000000000, 1.000000000000000000 ) ) ;
#6640 = CARTESIAN_POINT ( 'NONE',  ( 0.05000000000000003747, -8.609381483269881841, -3.129114371485063106 ) ) ;
#6641 = CARTESIAN_POINT ( 'NONE',  ( -3.879864310480627410, -7.941383012962115906, 3.456075294419945987 ) ) ;
#6642 = DIRECTION ( 'NONE',  ( 1.000000000000000000, 0.000000000000000000, 0.000000000000000000 ) ) ;
#6643 = FACE_OUTER_BOUND ( 'NONE', #8113, .T. ) ;
#6644 = EDGE_CURVE ( 'NONE', #5977, #8020, #9734, .T. ) ;
#6645 = VERTEX_POINT ( 'NONE', #3264 ) ;
#6646 = ORIENTED_EDGE ( 'NONE', *, *, #7334, .T. ) ;
#6647 = EDGE_CURVE ( 'NONE', #6502, #2249, #8892, .T. ) ;
#6648 = EDGE_CURVE ( 'NONE', #8481, #9782, #883, .T. ) ;
#6649 = EDGE_LOOP ( 'NONE', ( #6248, #1751, #1021, #9889 ) ) ;
#6650 = CYLINDRICAL_SURFACE ( 'NONE', #3317, 11.00000000000000000 ) ;
#6651 = CARTESIAN_POINT ( 'NONE',  ( 8.632741730794617041, 2.021652809313000176, 3.470139885832122406 ) ) ;
#6652 = FACE_OUTER_BOUND ( 'NONE', #3602, .T. ) ;
#6653 = ORIENTED_EDGE ( 'NONE', *, *, #8567, .T. ) ;
#6654 = CARTESIAN_POINT ( 'NONE',  ( 3.789946096564124733, -7.985142404919461256, 3.456597352396201472 ) ) ;
#6655 = DIRECTION ( 'NONE',  ( -0.9749279121818242855, -0.2225209339563114785, -0.000000000000000000 ) ) ;
#6656 = CARTESIAN_POINT ( 'NONE',  ( 8.372303308387692766, -1.962209438918215865, -3.114323832567764683 ) ) ;
#6657 = EDGE_CURVE ( 'NONE', #4078, #5105, #859, .T. ) ;
#6658 = DIRECTION ( 'NONE',  ( -0.000000000000000000, -0.000000000000000000, 1.000000000000000000 ) ) ;
#6659 = DIRECTION ( 'NONE',  ( 1.000000000000000000, 0.000000000000000000, 0.000000000000000000 ) ) ;
#6660 = VERTEX_POINT ( 'NONE', #1668 ) ;
#6661 = ORIENTED_EDGE ( 'NONE', *, *, #3679, .F. ) ;
#6662 = CARTESIAN_POINT ( 'NONE',  ( -6.941595868251037693, 5.471785580921891601, 3.456597352396201472 ) ) ;
#6663 = LINE ( 'NONE', #4368, #7017 ) ;
#6664 = CARTESIAN_POINT ( 'NONE',  ( 0.05000000000000002359, 8.846913349918352765, 3.464362763198132633 ) ) ;
#6665 = DIRECTION ( 'NONE',  ( 0.7818314824680310249, 0.6234898018587320401, 0.000000000000000000 ) ) ;
#6666 = LINE ( 'NONE', #6726, #3327 ) ;
#6667 = EDGE_CURVE ( 'NONE', #7887, #2635, #89, .T. ) ;
#6668 = CARTESIAN_POINT ( 'NONE',  ( 0.000000000000000000, 0.000000000000000000, -3.094141646974374105 ) ) ;
#6669 = CARTESIAN_POINT ( 'NONE',  ( 0.000000000000000000, 0.000000000000000000, 3.099533293948747659 ) ) ;
#6670 = ORIENTED_EDGE ( 'NONE', *, *, #7541, .F. ) ;
#6671 = CARTESIAN_POINT ( 'NONE',  ( -7.103543054549914082, 5.600934152399629440, -3.193750000000000089 ) ) ;
#6672 = AXIS2_PLACEMENT_3D ( 'NONE', #9574, #1046, #8830 ) ;
#6673 = CARTESIAN_POINT ( 'NONE',  ( -0.05000000000000002359, 8.873949175336530715, 3.469286171371085192 ) ) ;
#6674 = CARTESIAN_POINT ( 'NONE',  ( 6.943492677353427567, -5.473298235704751491, -3.459673052288552153 ) ) ;
#6675 = ORIENTED_EDGE ( 'NONE', *, *, #1563, .T. ) ;
#6676 = DIRECTION ( 'NONE',  ( -1.000000000000000000, 0.000000000000000000, 0.000000000000000000 ) ) ;
#6677 = CARTESIAN_POINT ( 'NONE',  ( -8.643211183988329438, -1.921470707357582741, -3.467739038050325018 ) ) ;
#6678 = TOROIDAL_SURFACE ( 'NONE', #7160, 8.866382193656235700, 0.03500000000000000333 ) ;
#6679 = AXIS2_PLACEMENT_3D ( 'NONE', #201, #6327, #9390 ) ;
#6680 = CIRCLE ( 'NONE', #4608, 8.588813778810038713 ) ;
#6681 = ORIENTED_EDGE ( 'NONE', *, *, #9194, .F. ) ;
#6682 = DIRECTION ( 'NONE',  ( 1.000000000000000000, 0.000000000000000000, -0.000000000000000000 ) ) ;
#6683 = CIRCLE ( 'NONE', #6054, 8.380768779485729070 ) ;
#6684 = VERTEX_POINT ( 'NONE', #5476 ) ;
#6685 = DIRECTION ( 'NONE',  ( -0.000000000000000000, -0.000000000000000000, 1.000000000000000000 ) ) ;
#6686 = CARTESIAN_POINT ( 'NONE',  ( 8.830360115120004849, -1.964186229627602698, 3.500000000000000444 ) ) ;
#6687 = CIRCLE ( 'NONE', #6061, 8.588813778810038713 ) ;
#6688 = AXIS2_PLACEMENT_3D ( 'NONE', #7773, #4770, #899 ) ;
#6689 = EDGE_LOOP ( 'NONE', ( #5357, #8471, #2052, #2344, #2648, #9505 ) ) ;
#6691 = CIRCLE ( 'NONE', #9576, 8.588813778810038713 ) ;
#6690 = B_SPLINE_CURVE_WITH_KNOTS ( 'NONE', 3,
 ( #959, #4227, #4027, #8036, #1007, #1867, #7123 ),
 .UNSPECIFIED., .F., .F.,
 ( 4, 3, 4 ),
 ( 0.0009532733312319677764, 0.001225696219576461257, 0.001251962535739347326 ),
 .UNSPECIFIED. ) ;
#6692 = ORIENTED_EDGE ( 'NONE', *, *, #9788, .T. ) ;
#6693 = VECTOR ( 'NONE', #8335, 1000.000000000000000 ) ;
#6694 = LINE ( 'NONE', #8852, #6772 ) ;
#6695 = PLANE ( 'NONE',  #138 ) ;
#6696 = CARTESIAN_POINT ( 'NONE',  ( 8.362206348396748368, -1.959904873689104710, -3.099533293948748103 ) ) ;
#6697 = DIRECTION ( 'NONE',  ( 0.6234898018587431423, 0.7818314824680221431, 0.000000000000000000 ) ) ;
#6698 = VERTEX_POINT ( 'NONE', #5028 ) ;
#6699 = VECTOR ( 'NONE', #4755, 1000.000000000000000 ) ;
#6700 = ORIENTED_EDGE ( 'NONE', *, *, #3106, .T. ) ;
#6701 = CONICAL_SURFACE ( 'NONE', #2380, 8.869223585189136116, 0.6108652381980126389 ) ;
#6702 = ORIENTED_EDGE ( 'NONE', *, *, #7758, .T. ) ;
#6703 = CARTESIAN_POINT ( 'NONE',  ( -3.879526546993873115, 7.940681639855315943, -3.454996609771464833 ) ) ;
#6704 = CARTESIAN_POINT ( 'NONE',  ( 0.000000000000000000, 0.000000000000000000, 3.094141646974374105 ) ) ;
#6705 = EDGE_CURVE ( 'NONE', #1198, #5442, #8831, .T. ) ;
#6706 = ORIENTED_EDGE ( 'NONE', *, *, #8370, .T. ) ;
#6707 = VECTOR ( 'NONE', #6975, 1000.000000000000000 ) ;
#6708 = CARTESIAN_POINT ( 'NONE',  ( -8.688891490516549965, -1.931896939230790311, 3.444839032082838148 ) ) ;
#6709 = CARTESIAN_POINT ( 'NONE',  ( 3.685928616305710115, 7.769147881545177547, 3.114323832567764683 ) ) ;
#6710 = CIRCLE ( 'NONE', #7966, 8.588813778810036936 ) ;
#6711 = DIRECTION ( 'NONE',  ( 0.000000000000000000, 0.000000000000000000, -1.000000000000000000 ) ) ;
#6712 = CARTESIAN_POINT ( 'NONE',  ( -0.05000000000000002359, 8.837570431649497849, -3.454996609771464833 ) ) ;
#6713 = AXIS2_PLACEMENT_3D ( 'NONE', #1875, #4789, #6331 ) ;
#6714 = EDGE_CURVE ( 'NONE', #8918, #1943, #2206, .T. ) ;
#6715 = CARTESIAN_POINT ( 'NONE',  ( -6.920053267509829631, -5.582510730872213500, 3.459706444013471494 ) ) ;
#6716 = AXIS2_PLACEMENT_3D ( 'NONE', #236, #6322, #6476 ) ;
#6717 = ORIENTED_EDGE ( 'NONE', *, *, #4709, .T. ) ;
#6718 = CLOSED_SHELL ( 'NONE', ( #824, #8693 ) ) ;
#6719 = ORIENTED_EDGE ( 'NONE', *, *, #885, .F. ) ;
#6720 = CARTESIAN_POINT ( 'NONE',  ( -9.621762239271875572, 1.178326032848117103E-15, 3.500000000000000000 ) ) ;
#6721 = EDGE_CURVE ( 'NONE', #4733, #8728, #4923, .T. ) ;
#6722 = DIRECTION ( 'NONE',  ( 1.000000000000000000, 0.000000000000000000, 0.000000000000000000 ) ) ;
#6723 = VECTOR ( 'NONE', #8704, 999.9999999999998863 ) ;
#6724 = PLANE ( 'NONE',  #6850 ) ;
#6725 = DIRECTION ( 'NONE',  ( -0.000000000000000000, -0.000000000000000000, -1.000000000000000000 ) ) ;
#6726 = CARTESIAN_POINT ( 'NONE',  ( -8.362206348396773237, -1.959904873688991467, -3.500000000000000000 ) ) ;
#6727 = CARTESIAN_POINT ( 'NONE',  ( 6.993624741251864840, -5.513277222593508498, -3.437256629622304160 ) ) ;
#6728 = ADVANCED_FACE ( 'NONE', ( #1211, #5713 ), #4916, .F. ) ;
#6729 = CIRCLE ( 'NONE', #9601, 5.378237760728124428 ) ;
#6730 = CIRCLE ( 'NONE', #2405, 9.046037105128458933 ) ;
#6731 = CARTESIAN_POINT ( 'NONE',  ( -6.683716731970441138, 5.394038632959125223, -3.094141646974374105 ) ) ;
#6732 = VERTEX_POINT ( 'NONE', #3463 ) ;
#6733 = EDGE_CURVE ( 'NONE', #9822, #9856, #7173, .T. ) ;
#6734 = ADVANCED_FACE ( 'NONE', ( #1917 ), #4171, .T. ) ;
#6735 = CARTESIAN_POINT ( 'NONE',  ( 5.686989865158905921, 0.000000000000000000, -2.758752104430781227 ) ) ;
#6736 = DIRECTION ( 'NONE',  ( -0.9009688679024187019, 0.4338837391175590086, 0.000000000000000000 ) ) ;
#6737 = CARTESIAN_POINT ( 'NONE',  ( 0.000000000000000000, 0.000000000000000000, 3.193750000000000533 ) ) ;
#6738 = AXIS2_PLACEMENT_3D ( 'NONE', #323, #9510, #5694 ) ;
#6739 = ORIENTED_EDGE ( 'NONE', *, *, #7023, .T. ) ;
#6740 = B_SPLINE_CURVE_WITH_KNOTS ( 'NONE', 3,
 ( #4357, #2755, #4404, #1454, #5059, #7462, #581, #425, #5809, #4302, #5852, #8112, #5111, #9671, #6759, #2847, #8969, #1395, #3654, #9714, #7417, #536 ),
 .UNSPECIFIED., .F., .F.,
 ( 4, 3, 3, 3, 3, 3, 3, 4 ),
 ( 0.0002168574548798338740, 0.0002188290334246894772, 0.0002305812013871291072, 0.0002423333607552008982, 0.0002540856419916202153, 0.0002658380091482399031, 0.0002775903405257918398, 0.0002867718163053249942 ),
 .UNSPECIFIED. ) ;
#6741 = DIRECTION ( 'NONE',  ( 1.000000000000000000, 0.000000000000000000, 0.000000000000000000 ) ) ;
#6742 = DIRECTION ( 'NONE',  ( -0.000000000000000000, -0.000000000000000000, 1.000000000000000000 ) ) ;
#6743 = ORIENTED_EDGE ( 'NONE', *, *, #4696, .F. ) ;
#6744 = FACE_OUTER_BOUND ( 'NONE', #3552, .T. ) ;
#6745 = ORIENTED_EDGE ( 'NONE', *, *, #1463, .F. ) ;
#6746 = CALENDAR_DATE ( 2026, 18, 1 ) ;
#6747 = CARTESIAN_POINT ( 'NONE',  ( 0.000000000000000000, 0.000000000000000000, 3.094141646974374105 ) ) ;
#6748 = DIRECTION ( 'NONE',  ( -0.000000000000000000, -0.000000000000000000, 1.000000000000000000 ) ) ;
#6749 = ORIENTED_EDGE ( 'NONE', *, *, #7817, .F. ) ;
#6750 = DIRECTION ( 'NONE',  ( 1.000000000000000000, 0.000000000000000000, 0.000000000000000000 ) ) ;
#6751 = SPHERICAL_SURFACE ( 'NONE', #7733, 2.450000000000000622 ) ;
#6752 = CARTESIAN_POINT ( 'NONE',  ( -3.904984510970473721, -7.993545646765465307, 3.452954079042413582 ) ) ;
#6753 = CARTESIAN_POINT ( 'NONE',  ( 5.378237760728125316, 0.000000000000000000, 2.758752104430781671 ) ) ;
#6754 = CARTESIAN_POINT ( 'NONE',  ( 3.903773285788488590, 7.991030511759146471, 3.457279025203407574 ) ) ;
#6755 = VERTEX_POINT ( 'NONE', #4066 ) ;
#6756 = ORIENTED_EDGE ( 'NONE', *, *, #5807, .F. ) ;
#6757 = ORIENTED_EDGE ( 'NONE', *, *, #1460, .F. ) ;
#6758 = DIRECTION ( 'NONE',  ( 0.000000000000000000, 0.000000000000000000, 1.000000000000000000 ) ) ;
#6759 = CARTESIAN_POINT ( 'NONE',  ( -6.972136250112514588, 5.496140722742725693, -3.468181098941469642 ) ) ;
#6760 = B_SPLINE_CURVE_WITH_KNOTS ( 'NONE', 3,
 ( #4620, #1757, #4013, #9329, #3257, #4816, #1562 ),
 .UNSPECIFIED., .F., .F.,
 ( 4, 3, 4 ),
 ( 0.0008460917731560555497, 0.0009002598162382145384, 0.001280034707405372551 ),
 .UNSPECIFIED. ) ;
#6761 = ORIENTED_EDGE ( 'NONE', *, *, #6029, .T. ) ;
#6762 = CARTESIAN_POINT ( 'NONE',  ( 3.805029243678519357, -8.016462882630149167, 3.469378817057675590 ) ) ;
#6763 = CARTESIAN_POINT ( 'NONE',  ( -6.986538948051034481, -5.507626491076568875, -3.452954079042414026 ) ) ;
#6764 = DIRECTION ( 'NONE',  ( 0.000000000000000000, 0.000000000000000000, 1.000000000000000000 ) ) ;
#6765 = TOROIDAL_SURFACE ( 'NONE', #7878, 8.866382193656235700, 0.03500000000000000333 ) ;
#6766 = CARTESIAN_POINT ( 'NONE',  ( -0.05000000000000004441, 8.588668239434865015, -3.099533293948748103 ) ) ;
#6767 = FACE_OUTER_BOUND ( 'NONE', #9759, .T. ) ;
#6768 = ORIENTED_EDGE ( 'NONE', *, *, #1712, .F. ) ;
#6769 = ORIENTED_EDGE ( 'NONE', *, *, #958, .T. ) ;
#6770 = CARTESIAN_POINT ( 'NONE',  ( 5.378237760728125316, 0.000000000000000000, 3.500000000000000000 ) ) ;
#6771 = DIRECTION ( 'NONE',  ( 1.000000000000000000, 0.000000000000000000, 0.000000000000000000 ) ) ;
#6772 = VECTOR ( 'NONE', #9761, 1000.000000000000000 ) ;
#6773 = EDGE_CURVE ( 'NONE', #6468, #7443, #5415, .T. ) ;
#6774 = CARTESIAN_POINT ( 'NONE',  ( 0.05000000000000002359, 8.865624258063290242, 3.469915996672630953 ) ) ;
#6775 = DIRECTION ( 'NONE',  ( 1.000000000000000000, 0.000000000000000000, 0.000000000000000000 ) ) ;
#6776 = CARTESIAN_POINT ( 'NONE',  ( 7.041194074364121036, 5.679117300646331579, -3.094141646974374105 ) ) ;
#6777 = CARTESIAN_POINT ( 'NONE',  ( 0.05000000000000001665, 8.896552580035715252, -3.452421434499180375 ) ) ;
#6778 = AXIS2_PLACEMENT_3D ( 'NONE', #7778, #8494, #6280 ) ;
#6779 = EDGE_CURVE ( 'NONE', #7485, #6617, #597, .T. ) ;
#6780 = CARTESIAN_POINT ( 'NONE',  ( -6.821546926897626761, 5.503954545598032766, -3.351299362948741756 ) ) ;
#6781 = ORIENTED_EDGE ( 'NONE', *, *, #3979, .T. ) ;
#6782 = EDGE_CURVE ( 'NONE', #3415, #4216, #2768, .T. ) ;
#6783 = DIRECTION ( 'NONE',  ( -0.000000000000000000, -0.000000000000000000, 1.000000000000000000 ) ) ;
#6784 = EDGE_CURVE ( 'NONE', #6431, #3961, #1860, .T. ) ;
#6785 = CARTESIAN_POINT ( 'NONE',  ( 6.699910998104734006, -5.406953129253620816, 3.129114371485063550 ) ) ;
#6786 = CARTESIAN_POINT ( 'NONE',  ( 8.647556428850503352, 2.025034167469315971, -3.466489319800472924 ) ) ;
#6787 = CIRCLE ( 'NONE', #9667, 8.588813778810036936 ) ;
#6788 = EDGE_LOOP ( 'NONE', ( #8218, #7709, #9012, #154, #9133, #8979 ) ) ;
#6789 = FACE_OUTER_BOUND ( 'NONE', #5810, .T. ) ;
#6790 = CARTESIAN_POINT ( 'NONE',  ( -6.878316301899265461, -5.549226611465089221, 3.454996609771464833 ) ) ;
#6791 = EDGE_CURVE ( 'NONE', #7867, #3822, #3308, .T. ) ;
#6792 = VERTEX_POINT ( 'NONE', #6368 ) ;
#6793 = DIRECTION ( 'NONE',  ( 0.000000000000000000, 0.000000000000000000, -1.000000000000000000 ) ) ;
#6794 = ORIENTED_EDGE ( 'NONE', *, *, #4829, .F. ) ;
#6795 =( NAMED_UNIT ( * ) PLANE_ANGLE_UNIT ( ) SI_UNIT ( $, .RADIAN. ) );
#6796 = DIRECTION ( 'NONE',  ( 1.000000000000000000, 0.000000000000000000, 0.000000000000000000 ) ) ;
#6797 = CARTESIAN_POINT ( 'NONE',  ( -3.796590850085376445, 7.998940377781432076, 3.467739038050325018 ) ) ;
#6798 = ORIENTED_EDGE ( 'NONE', *, *, #9177, .T. ) ;
#6799 = CARTESIAN_POINT ( 'NONE',  ( -6.762259978290679818, -5.328769981006728607, -3.129114371485063550 ) ) ;
#6800 = CARTESIAN_POINT ( 'NONE',  ( -6.878924930671409754, 5.549711976714819528, -3.456075294419946431 ) ) ;
#6801 = CARTESIAN_POINT ( 'NONE',  ( -8.741693482048026098, -1.943948649232652981, -3.351032822740168005 ) ) ;
#6802 = EDGE_CURVE ( 'NONE', #9630, #2642, #7976, .T. ) ;
#6803 = CARTESIAN_POINT ( 'NONE',  ( 3.899896769729807033, 7.982980843219137590, 3.465025888964337497 ) ) ;
#6804 = VERTEX_POINT ( 'NONE', #2611 ) ;
#6805 = CIRCLE ( 'NONE', #9668, 5.378237760728125316 ) ;
#6806 = VERTEX_POINT ( 'NONE', #3421 ) ;
#6807 = PLANE ( 'NONE',  #5909 ) ;
#6808 = ADVANCED_FACE ( 'NONE', ( #4111, #8777 ), #5773, .F. ) ;
#6809 = CARTESIAN_POINT ( 'NONE',  ( 0.000000000000000000, 0.000000000000000000, 3.376256313292342437 ) ) ;
#6810 = ORIENTED_EDGE ( 'NONE', *, *, #2666, .T. ) ;
#6811 = CARTESIAN_POINT ( 'NONE',  ( 0.000000000000000000, 0.000000000000000000, -3.193750000000000533 ) ) ;
#6812 = CARTESIAN_POINT ( 'NONE',  ( 8.627879084050931624, 1.917971255598233338, 3.456075294419946431 ) ) ;
#6813 = CARTESIAN_POINT ( 'NONE',  ( -8.611036915675310155, 2.016698826899296026, 3.461862008941932967 ) ) ;
#6814 = PLANE ( 'NONE',  #8496 ) ;
#6815 = LINE ( 'NONE', #9874, #9174 ) ;
#6816 = VERTEX_POINT ( 'NONE', #3371 ) ;
#6817 = LINE ( 'NONE', #6770, #1741 ) ;
#6818 = CARTESIAN_POINT ( 'NONE',  ( 0.05000000000000002359, -8.866160943272234363, -3.470139885832122406 ) ) ;
#6819 = CARTESIAN_POINT ( 'NONE',  ( 0.000000000000000000, 0.000000000000000000, 3.452421434499180375 ) ) ;
#6820 = DIRECTION ( 'NONE',  ( -0.000000000000000000, -0.000000000000000000, 1.000000000000000000 ) ) ;
#6821 = CARTESIAN_POINT ( 'NONE',  ( -8.643632771701655670, 1.921566932002215067, -3.468127985775450117 ) ) ;
#6822 = CARTESIAN_POINT ( 'NONE',  ( 0.05000000000000002359, 8.861707415697983592, -3.469846945119945847 ) ) ;
#6823 = B_SPLINE_CURVE_WITH_KNOTS ( 'NONE', 3,
 ( #2790, #8897, #2030, #7501, #5097, #5996, #4346 ),
 .UNSPECIFIED., .F., .F.,
 ( 4, 3, 4 ),
 ( 0.0008460917731560548992, 0.0009002598162382144300, 0.001280034707405371900 ),
 .UNSPECIFIED. ) ;
#6824 = DIRECTION ( 'NONE',  ( 0.000000000000000000, 0.000000000000000000, -1.000000000000000000 ) ) ;
#6825 = VERTEX_POINT ( 'NONE', #6426 ) ;
#6826 = CARTESIAN_POINT ( 'NONE',  ( -6.990202061954318147, 5.510547726935121737, -3.444839032082839037 ) ) ;
#6827 = DIRECTION ( 'NONE',  ( -0.000000000000000000, -0.000000000000000000, 1.000000000000000000 ) ) ;
#6828 = CARTESIAN_POINT ( 'NONE',  ( 8.604868042990053922, 2.015290821964419887, -3.454996609771464833 ) ) ;
#6829 = ORIENTED_EDGE ( 'NONE', *, *, #2291, .T. ) ;
#6830 = DIRECTION ( 'NONE',  ( -0.000000000000000000, -0.000000000000000000, 1.000000000000000000 ) ) ;
#6831 = CARTESIAN_POINT ( 'NONE',  ( 3.904984510970419098, 7.993545646765492840, -3.452954079042414026 ) ) ;
#6832 = EDGE_CURVE ( 'NONE', #2625, #5792, #1615, .T. ) ;
#6833 = EDGE_CURVE ( 'NONE', #5041, #8606, #8933, .T. ) ;
#6834 = EDGE_CURVE ( 'NONE', #8446, #6617, #6500, .T. ) ;
#6835 = VERTEX_POINT ( 'NONE', #2204 ) ;
#6836 = CYLINDRICAL_SURFACE ( 'NONE', #8534, 9.621762239271875572 ) ;
#6837 = VERTEX_POINT ( 'NONE', #2059 ) ;
#6838 = PERSON_AND_ORGANIZATION_ROLE ( 'creator' ) ;
#6839 = DIRECTION ( 'NONE',  ( 0.000000000000000000, 0.000000000000000000, -1.000000000000000000 ) ) ;
#6840 = CARTESIAN_POINT ( 'NONE',  ( -6.986779382596969512, 5.507818231228957195, -3.452421434499180375 ) ) ;
#6841 = EDGE_CURVE ( 'NONE', #4016, #1986, #2431, .T. ) ;
#6842 = ORIENTED_EDGE ( 'NONE', *, *, #3107, .T. ) ;
#6843 = AXIS2_PLACEMENT_3D ( 'NONE', #9234, #3167, #5285 ) ;
#6844 = AXIS2_PLACEMENT_3D ( 'NONE', #3885, #5579, #100 ) ;
#6845 = CARTESIAN_POINT ( 'NONE',  ( -6.880434121877914144, 5.550915516540743333, -3.458522467003439349 ) ) ;
#6846 = CARTESIAN_POINT ( 'NONE',  ( -8.627879084050903202, 1.917971255598349689, 3.456075294419946431 ) ) ;
#6847 = ADVANCED_FACE ( 'NONE', ( #3569 ), #1084, .T. ) ;
#6848 = ORIENTED_EDGE ( 'NONE', *, *, #4384, .T. ) ;
#6849 = AXIS2_PLACEMENT_3D ( 'NONE', #565, #6685, #2131 ) ;
#6850 = AXIS2_PLACEMENT_3D ( 'NONE', #5865, #8878, #2157 ) ;
#6851 = ORIENTED_EDGE ( 'NONE', *, *, #7128, .F. ) ;
#6852 = CARTESIAN_POINT ( 'NONE',  ( -3.789429660203631034, 7.984070013767070151, -3.454996609771464833 ) ) ;
#6853 = EDGE_CURVE ( 'NONE', #8045, #3799, #5720, .T. ) ;
#6854 = DIRECTION ( 'NONE',  ( 1.000000000000000000, 0.000000000000000000, 0.000000000000000000 ) ) ;
#6855 = FACE_OUTER_BOUND ( 'NONE', #5352, .T. ) ;
#6856 = ORIENTED_EDGE ( 'NONE', *, *, #7008, .F. ) ;
#6857 = CARTESIAN_POINT ( 'NONE',  ( 0.000000000000000000, 0.000000000000000000, -2.758752104430781227 ) ) ;
#6858 = CARTESIAN_POINT ( 'NONE',  ( 8.678939294432078455, 1.929625415418718459, 3.460240287494900535 ) ) ;
#6859 = DIRECTION ( 'NONE',  ( 0.4338837391175527358, -0.9009688679024216995, 0.000000000000000000 ) ) ;
#6860 = CIRCLE ( 'NONE', #4622, 2.450000000000000622 ) ;
#6861 = CARTESIAN_POINT ( 'NONE',  ( 6.922007415503209415, -5.584069111895026083, -3.457279025203407574 ) ) ;
#6862 = TOROIDAL_SURFACE ( 'NONE', #4625, 8.866382193656235700, 0.03500000000000000333 ) ;
#6863 = CIRCLE ( 'NONE', #5893, 5.686989865158905921 ) ;
#6864 = CARTESIAN_POINT ( 'NONE',  ( -3.905117942077038773, -7.993822719313215863, 3.452421434499180375 ) ) ;
#6865 = ORIENTED_EDGE ( 'NONE', *, *, #3791, .T. ) ;
#6866 = CARTESIAN_POINT ( 'NONE',  ( 0.000000000000000000, 0.000000000000000000, -3.094141646974374105 ) ) ;
#6867 = CARTESIAN_POINT ( 'NONE',  ( 0.05000000000000002359, -8.890954014360714197, -3.459706444013471494 ) ) ;
#6868 = AXIS2_PLACEMENT_3D ( 'NONE', #4556, #7610, #732 ) ;
#6869 = VECTOR ( 'NONE', #3796, 1000.000000000000000 ) ;
#6870 = VECTOR ( 'NONE', #8414, 1000.000000000000000 ) ;
#6871 = FACE_OUTER_BOUND ( 'NONE', #1632, .T. ) ;
#6872 = CARTESIAN_POINT ( 'NONE',  ( -8.627120136385658000, 1.917798030746353799, -3.454996609771464833 ) ) ;
#6873 = CARTESIAN_POINT ( 'NONE',  ( 0.000000000000000000, 0.000000000000000000, -3.454996609771464389 ) ) ;
#6874 = MANIFOLD_SOLID_BREP ( 'Revolve2', #6718 ) ;
#6875 = DIRECTION ( 'NONE',  ( -0.000000000000000000, -0.000000000000000000, -1.000000000000000000 ) ) ;
#6876 = VECTOR ( 'NONE', #5732, 1000.000000000000000 ) ;
#6877 = ORIENTED_EDGE ( 'NONE', *, *, #8790, .T. ) ;
#6878 = ORIENTED_EDGE ( 'NONE', *, *, #5506, .T. ) ;
#6879 = CARTESIAN_POINT ( 'NONE',  ( -8.659027583718769350, -2.027652383711656459, -3.457544059217933619 ) ) ;
#6880 = CARTESIAN_POINT ( 'NONE',  ( 6.754162845390005998, -5.322312732992344309, 3.114323832567764239 ) ) ;
#6881 = CARTESIAN_POINT ( 'NONE',  ( 3.902688815468162264, -7.988778585935187415, 3.459706444013471494 ) ) ;
#6882 = ORIENTED_EDGE ( 'NONE', *, *, #3845, .F. ) ;
#6883 = AXIS2_PLACEMENT_3D ( 'NONE', #1678, #159, #3888 ) ;
#6884 = DIRECTION ( 'NONE',  ( 0.000000000000000000, 0.000000000000000000, 1.000000000000000000 ) ) ;
#6885 = B_SPLINE_CURVE_WITH_KNOTS ( 'NONE', 3,
 ( #2342, #8467, #124, #3804, #6861, #6206, #8558, #9924, #3063, #7798, #1609, #4666, #3907, #9272, #1554, #2398, #6118, #5463, #8516, #1693, #9175, #7057, #7716, #8415, #1652 ),
 .UNSPECIFIED., .F., .F.,
 ( 4, 3, 3, 3, 3, 3, 3, 3, 4 ),
 ( 0.0001509499138714739865, 0.0001527764003826857482, 0.0001645282963311824325, 0.0001762803579144501523, 0.0001880325997012777912, 0.0001997849575937732077, 0.0002115373162334694280, 0.0002188290956692511956, 0.0002208042975641487588 ),
 .UNSPECIFIED. ) ;
#6886 = DIRECTION ( 'NONE',  ( -1.000000000000000000, -2.664535259100375697E-15, 0.000000000000000000 ) ) ;
#6887 = CIRCLE ( 'NONE', #8170, 8.837711872106121191 ) ;
#6888 = ORIENTED_EDGE ( 'NONE', *, *, #412, .F. ) ;
#6889 = DIRECTION ( 'NONE',  ( 1.000000000000000000, 0.000000000000000000, 0.000000000000000000 ) ) ;
#6890 = VERTEX_POINT ( 'NONE', #4417 ) ;
#6891 = AXIS2_PLACEMENT_3D ( 'NONE', #3517, #1158, #7168 ) ;
#6892 = EDGE_CURVE ( 'NONE', #1671, #1590, #6999, .T. ) ;
#6893 = AXIS2_PLACEMENT_3D ( 'NONE', #28, #7668, #70 ) ;
#6894 = CARTESIAN_POINT ( 'NONE',  ( -8.639919988884464885, 2.023291199879618585, -3.469378817057675590 ) ) ;
#6895 = CARTESIAN_POINT ( 'NONE',  ( 11.00000000000000000, 0.000000000000000000, 3.500000000000000000 ) ) ;
#6896 = ORIENTED_EDGE ( 'NONE', *, *, #9619, .T. ) ;
#6897 = EDGE_CURVE ( 'NONE', #9230, #4270, #8291, .T. ) ;
#6898 = CARTESIAN_POINT ( 'NONE',  ( -4.000000000000000000, 4.898587196589412829E-16, -2.975000000000004974 ) ) ;
#6899 = CARTESIAN_POINT ( 'NONE',  ( -6.891220320180330816, 5.559517222654129398, -3.467739038050325018 ) ) ;
#6900 = LINE ( 'NONE', #4500, #3357 ) ;
#6901 = ORIENTED_EDGE ( 'NONE', *, *, #9222, .T. ) ;
#6902 = ADVANCED_FACE ( 'NONE', ( #9031, #2815 ), #6724, .F. ) ;
#6903 = VERTEX_POINT ( 'NONE', #1470 ) ;
#6904 = CARTESIAN_POINT ( 'NONE',  ( 3.879526546993985026, 7.940681639855260876, 3.454996609771464833 ) ) ;
#6905 = CARTESIAN_POINT ( 'NONE',  ( 8.620959090592670293, -2.018963498575881754, 3.467739038050325018 ) ) ;
#6906 = EDGE_CURVE ( 'NONE', #3592, #2082, #2520, .T. ) ;
#6907 = CARTESIAN_POINT ( 'NONE',  ( 0.000000000000000000, 0.000000000000000000, -2.994533293948747676 ) ) ;
#6908 = EDGE_LOOP ( 'NONE', ( #3933, #7860, #6109, #2897 ) ) ;
#6909 = DIRECTION ( 'NONE',  ( -0.000000000000000000, -0.000000000000000000, 1.000000000000000000 ) ) ;
#6910 = CARTESIAN_POINT ( 'NONE',  ( 8.675915474055425847, 1.928935248150019710, 3.462633071500297088 ) ) ;
#6911 = DIRECTION ( 'NONE',  ( 0.000000000000000000, 0.000000000000000000, -1.000000000000000000 ) ) ;
#6912 = CARTESIAN_POINT ( 'NONE',  ( 8.670907408394961990, 2.030363876170957482, -3.437256629622304160 ) ) ;
#6913 = EDGE_CURVE ( 'NONE', #903, #5722, #4616, .T. ) ;
#6914 = CARTESIAN_POINT ( 'NONE',  ( -3.905117942076870907, 7.993822719313299352, -3.452421434499180375 ) ) ;
#6915 = VERTEX_POINT ( 'NONE', #2919 ) ;
#6916 = CARTESIAN_POINT ( 'NONE',  ( 8.684010043491955599, 1.930782780801905352, -3.453478796700601539 ) ) ;
#6917 = CARTESIAN_POINT ( 'NONE',  ( -4.000000000000000000, 0.000000000000000000, -2.975000000000004974 ) ) ;
#6918 = DIRECTION ( 'NONE',  ( 0.000000000000000000, 0.000000000000000000, 1.000000000000000000 ) ) ;
#6919 = PLANE ( 'NONE',  #9109 ) ;
#6920 = CARTESIAN_POINT ( 'NONE',  ( 0.000000000000000000, 0.000000000000000000, -3.094141646974374105 ) ) ;
#6921 = ADVANCED_FACE ( 'NONE', ( #9324 ), #5889, .T. ) ;
#6922 = CC_DESIGN_APPROVAL ( #4808, ( #9838 ) ) ;
#6923 = DIRECTION ( 'NONE',  ( 1.000000000000000000, 0.000000000000000000, 0.000000000000000000 ) ) ;
#6924 = ORIENTED_EDGE ( 'NONE', *, *, #2449, .T. ) ;
#6925 = ORIENTED_EDGE ( 'NONE', *, *, #7142, .T. ) ;
#6926 = FACE_BOUND ( 'NONE', #8495, .T. ) ;
#6927 = CARTESIAN_POINT ( 'NONE',  ( 0.000000000000000000, 0.000000000000000000, -3.434921434499177639 ) ) ;
#6928 = LINE ( 'NONE', #5333, #4922 ) ;
#6929 = DIRECTION ( 'NONE',  ( 1.000000000000000000, 0.000000000000000000, 0.000000000000000000 ) ) ;
#6930 = EDGE_CURVE ( 'NONE', #8121, #2681, #8377, .T. ) ;
#6931 = DIRECTION ( 'NONE',  ( 1.000000000000000000, 0.000000000000000000, 0.000000000000000000 ) ) ;
#6932 = CARTESIAN_POINT ( 'NONE',  ( 8.830225396548341266, 1.964155480992677116, 3.193750000000000089 ) ) ;
#6933 = VECTOR ( 'NONE', #1432, 1000.000000000000000 ) ;
#6934 = VERTEX_POINT ( 'NONE', #6264 ) ;
#6935 = DIRECTION ( 'NONE',  ( -0.000000000000000000, -0.000000000000000000, 1.000000000000000000 ) ) ;
#6936 = ORIENTED_EDGE ( 'NONE', *, *, #1882, .F. ) ;
#6937 = CALENDAR_DATE ( 2026, 18, 1 ) ;
#6938 = VECTOR ( 'NONE', #6528, 1000.000000000000000 ) ;
#6939 = MANIFOLD_SOLID_BREP ( 'CirPattern1[5]', #461 ) ;
#6940 = CARTESIAN_POINT ( 'NONE',  ( -6.683716731970554825, -5.394038632958984003, 3.094141646974374105 ) ) ;
#6941 = CARTESIAN_POINT ( 'NONE',  ( 8.604868042990039712, -2.015290821964479839, -3.454996609771464833 ) ) ;
#6942 = ORIENTED_EDGE ( 'NONE', *, *, #7883, .T. ) ;
#6943 = LINE ( 'NONE', #8543, #1285 ) ;
#6944 = CARTESIAN_POINT ( 'NONE',  ( -6.886067688689508692, -5.555408136157241827, -3.464471549642479165 ) ) ;
#6945 = CARTESIAN_POINT ( 'NONE',  ( 8.662371385772212662, -2.028415584710130837, 3.452421434499180375 ) ) ;
#6946 = ORIENTED_EDGE ( 'NONE', *, *, #6049, .F. ) ;
#6947 = ORIENTED_EDGE ( 'NONE', *, *, #1992, .T. ) ;
#6948 = CARTESIAN_POINT ( 'NONE',  ( -3.780519072845624606, 7.735090501365887050, -3.129114371485063106 ) ) ;
#6949 = DIRECTION ( 'NONE',  ( 0.2225209339563181676, 0.9749279121818227312, 0.000000000000000000 ) ) ;
#6950 = DIRECTION ( 'NONE',  ( -0.000000000000000000, -0.000000000000000000, 1.000000000000000000 ) ) ;
#6951 = ORIENTED_EDGE ( 'NONE', *, *, #7530, .T. ) ;
#6952 = CARTESIAN_POINT ( 'NONE',  ( 6.969107329192221201, -5.493725238911677522, 3.469286171371085192 ) ) ;
#6953 = LINE ( 'NONE', #6204, #5919 ) ;
#6954 = CARTESIAN_POINT ( 'NONE',  ( -8.661431183075016804, 2.028200989579952207, 3.453994494324953202 ) ) ;
#6955 = EDGE_CURVE ( 'NONE', #139, #6495, #2260, .T. ) ;
#6956 = CARTESIAN_POINT ( 'NONE',  ( 8.662371385772228649, 2.028415584710071773, -3.452421434499180375 ) ) ;
#6957 = EDGE_CURVE ( 'NONE', #4835, #6684, #6540, .T. ) ;
#6958 = EDGE_CURVE ( 'NONE', #2088, #9146, #9137, .T. ) ;
#6959 = FACE_BOUND ( 'NONE', #3564, .T. ) ;
#6960 = VERTEX_POINT ( 'NONE', #4567 ) ;
#6961 = CARTESIAN_POINT ( 'NONE',  ( 8.681602063913597789, 1.930233175176680582, -3.457279025203407574 ) ) ;
#6962 = PLANE ( 'NONE',  #7007 ) ;
#6963 = EDGE_CURVE ( 'NONE', #9630, #8287, #6373, .T. ) ;
#6964 = LINE ( 'NONE', #848, #112 ) ;
#6965 = CARTESIAN_POINT ( 'NONE',  ( 10.47500000000000497, 0.000000000000000000, -3.500000000000000888 ) ) ;
#6966 = DIRECTION ( 'NONE',  ( -1.000000000000000000, 0.000000000000000000, 0.000000000000000000 ) ) ;
#6967 = CARTESIAN_POINT ( 'NONE',  ( 0.000000000000000000, 0.000000000000000000, 3.454996609771464389 ) ) ;
#6968 = ORIENTED_EDGE ( 'NONE', *, *, #9142, .F. ) ;
#6969 = ORIENTED_EDGE ( 'NONE', *, *, #9177, .F. ) ;
#6970 = CARTESIAN_POINT ( 'NONE',  ( 0.000000000000000000, 0.000000000000000000, -3.500000000000000000 ) ) ;
#6971 = CARTESIAN_POINT ( 'NONE',  ( -8.654208609147937992, -2.026552484212613248, -3.462472406546387660 ) ) ;
#6972 = CARTESIAN_POINT ( 'NONE',  ( -8.662371385772200227, 2.028415584710187680, -3.452421434499180375 ) ) ;
#6973 = DIRECTION ( 'NONE',  ( -6.776263578034443388E-17, -1.000000000000000000, 0.000000000000000000 ) ) ;
#6974 = EDGE_CURVE ( 'NONE', #9361, #5801, #2692, .T. ) ;
#6975 = DIRECTION ( 'NONE',  ( -6.776263578034443388E-17, 1.000000000000000000, -0.000000000000000000 ) ) ;
#6976 = CARTESIAN_POINT ( 'NONE',  ( -7.041194074364160116, -5.679117300646283617, -3.094141646974374105 ) ) ;
#6977 = ORIENTED_EDGE ( 'NONE', *, *, #2873, .F. ) ;
#6978 = DIRECTION ( 'NONE',  ( -0.000000000000000000, -0.000000000000000000, 1.000000000000000000 ) ) ;
#6979 = EDGE_LOOP ( 'NONE', ( #1299, #4720, #9005, #6460 ) ) ;
#6980 = MANIFOLD_SOLID_BREP ( 'Revolve1[2]', #630 ) ;
#6981 = CARTESIAN_POINT ( 'NONE',  ( -8.624540184687427669, 2.019780859934247275, -3.469100694293998810 ) ) ;
#6982 = CARTESIAN_POINT ( 'NONE',  ( -3.789429660203631034, 7.984070013767070151, 3.454996609771464833 ) ) ;
#6983 = ORIENTED_EDGE ( 'NONE', *, *, #8014, .F. ) ;
#6984 = DIRECTION ( 'NONE',  ( -1.000000000000000000, 0.000000000000000000, 0.000000000000000000 ) ) ;
#6985 = CARTESIAN_POINT ( 'NONE',  ( -8.650651955850451102, -1.923169014979537739, -3.469846945119945847 ) ) ;
#6986 = ORIENTED_EDGE ( 'NONE', *, *, #4756, .T. ) ;
#6987 = EDGE_LOOP ( 'NONE', ( #4838, #7016, #7945, #9766 ) ) ;
#6988 = CARTESIAN_POINT ( 'NONE',  ( -8.719441388652395375, -2.041441440450835643, 3.351032822740168449 ) ) ;
#6989 = CIRCLE ( 'NONE', #8601, 8.588813778810038713 ) ;
#6990 = CARTESIAN_POINT ( 'NONE',  ( 3.905117942076926418, -7.993822719313271818, -3.452421434499180375 ) ) ;
#6991 = CARTESIAN_POINT ( 'NONE',  ( -3.879820004569468850, -8.171767497885843667, 3.193750000000000089 ) ) ;
#6992 = ORIENTED_EDGE ( 'NONE', *, *, #3840, .F. ) ;
#6993 = CARTESIAN_POINT ( 'NONE',  ( 8.654208609147927334, 2.026552484212670091, 3.462472406546387216 ) ) ;
#6994 = CARTESIAN_POINT ( 'NONE',  ( 6.943492677353427567, -5.473298235704751491, 3.459673052288552153 ) ) ;
#6995 = CARTESIAN_POINT ( 'NONE',  ( -6.941595868251153156, -5.471785580921745051, -3.456597352396201472 ) ) ;
#6996 = CARTESIAN_POINT ( 'NONE',  ( -6.746065712156315008, 5.315855484712322720, -3.500000000000000000 ) ) ;
#6997 = LINE ( 'NONE', #737, #1123 ) ;
#6998 = CIRCLE ( 'NONE', #8290, 9.046037105128458933 ) ;
#6999 = CIRCLE ( 'NONE', #2680, 8.896693082788692308 ) ;
#7000 = CARTESIAN_POINT ( 'NONE',  ( -8.896693082788692308, 0.000000000000000000, 3.452421434499180375 ) ) ;
#7001 = VECTOR ( 'NONE', #5897, 1000.000000000000000 ) ;
#7002 = ORIENTED_EDGE ( 'NONE', *, *, #2419, .T. ) ;
#7003 = CARTESIAN_POINT ( 'NONE',  ( 8.684623479167859372, 1.930922793491888445, -3.452421434499180375 ) ) ;
#7004 = ADVANCED_FACE ( 'NONE', ( #5467 ), #7498, .F. ) ;
#7005 = FACE_OUTER_BOUND ( 'NONE', #6337, .T. ) ;
#7006 = AXIS2_PLACEMENT_3D ( 'NONE', #8497, #6839, #7738 ) ;
#7007 = AXIS2_PLACEMENT_3D ( 'NONE', #1698, #4713, #75 ) ;
#7008 = EDGE_CURVE ( 'NONE', #6513, #8446, #1559, .T. ) ;
#7009 = AXIS2_PLACEMENT_3D ( 'NONE', #538, #5260, #7464 ) ;
#7010 = PLANE ( 'NONE',  #5891 ) ;
#7011 = CARTESIAN_POINT ( 'NONE',  ( -8.927852906338214822, -1.986438323023113961, -3.094141646974374105 ) ) ;
#7012 = DIRECTION ( 'NONE',  ( -1.000000000000000000, 0.000000000000000000, 0.000000000000000000 ) ) ;
#7013 = AXIS2_PLACEMENT_3D ( 'NONE', #9791, #7383, #2064 ) ;
#7014 = AXIS2_PLACEMENT_3D ( 'NONE', #8346, #5794, #8392 ) ;
#7015 = DIRECTION ( 'NONE',  ( -0.7818314824680352437, -0.6234898018587267110, -0.000000000000000000 ) ) ;
#7016 = ORIENTED_EDGE ( 'NONE', *, *, #6833, .F. ) ;
#7017 = VECTOR ( 'NONE', #8982, 1000.000000000000000 ) ;
#7018 = ORIENTED_EDGE ( 'NONE', *, *, #2134, .F. ) ;
#7019 = FACE_OUTER_BOUND ( 'NONE', #8177, .T. ) ;
#7020 = CARTESIAN_POINT ( 'NONE',  ( 8.627491962581022023, -1.917882897648993668, -3.455541280135825399 ) ) ;
#7021 = AXIS2_PLACEMENT_3D ( 'NONE', #7519, #491, #3510 ) ;
#7022 = DIRECTION ( 'NONE',  ( -0.2225209339563182231, -0.9749279121818227312, 0.000000000000000000 ) ) ;
#7023 = EDGE_CURVE ( 'NONE', #649, #6142, #2346, .T. ) ;
#7024 = CARTESIAN_POINT ( 'NONE',  ( 6.906758349006384634, 5.571908387158432951, 3.469286171371085192 ) ) ;
#7025 = CARTESIAN_POINT ( 'NONE',  ( 3.891698646094956082, 7.965957264079625233, -3.469915996672630953 ) ) ;
#7026 = AXIS2_PLACEMENT_3D ( 'NONE', #8230, #5969, #3570 ) ;
#7027 = AXIS2_PLACEMENT_3D ( 'NONE', #2135, #4289, #6750 ) ;
#7028 = AXIS2_PLACEMENT_3D ( 'NONE', #8739, #1063, #1679 ) ;
#7029 = EDGE_CURVE ( 'NONE', #649, #3400, #7762, .T. ) ;
#7030 = EDGE_LOOP ( 'NONE', ( #9806, #7122, #1838, #9863 ) ) ;
#7031 = EDGE_CURVE ( 'NONE', #396, #1872, #603, .T. ) ;
#7032 = DIRECTION ( 'NONE',  ( -1.000000000000000000, 0.000000000000000000, 0.000000000000000000 ) ) ;
#7033 = ORIENTED_EDGE ( 'NONE', *, *, #193, .T. ) ;
#7034 = SHAPE_DEFINITION_REPRESENTATION ( #1223, #4176 ) ;
#7035 = TOROIDAL_SURFACE ( 'NONE', #8328, 8.866382193656235700, 0.03500000000000000333 ) ;
#7036 = MANIFOLD_SOLID_BREP ( 'Revolve1[1]', #9765 ) ;
#7037 = FACE_OUTER_BOUND ( 'NONE', #4282, .T. ) ;
#7038 = CARTESIAN_POINT ( 'NONE',  ( -8.656913187827496969, -2.027169786647196492, 3.459706444013471494 ) ) ;
#7039 = VECTOR ( 'NONE', #13, 1000.000000000000000 ) ;
#7040 = EDGE_LOOP ( 'NONE', ( #165, #6798, #981, #4228 ) ) ;
#7041 = CARTESIAN_POINT ( 'NONE',  ( 8.684623479167845161, -1.930922793491949063, 3.452421434499180375 ) ) ;
#7042 = CARTESIAN_POINT ( 'NONE',  ( -8.785959443115489265, -1.954052065983909792, -3.272391413630715284 ) ) ;
#7043 = CIRCLE ( 'NONE', #2726, 5.378237760728125316 ) ;
#7044 = ORIENTED_EDGE ( 'NONE', *, *, #9545, .F. ) ;
#7045 = EDGE_CURVE ( 'NONE', #9709, #7632, #3111, .T. ) ;
#7046 = AXIS2_PLACEMENT_3D ( 'NONE', #4673, #7724, #2409 ) ;
#7047 = CARTESIAN_POINT ( 'NONE',  ( 8.830225396548341266, 1.964155480992677116, -3.193750000000000089 ) ) ;
#7048 = CARTESIAN_POINT ( 'NONE',  ( 0.05000000000000002359, -8.884889935907555270, -3.464797546056691768 ) ) ;
#7049 = CARTESIAN_POINT ( 'NONE',  ( 0.000000000000000000, 0.000000000000000000, 3.500000000000000444 ) ) ;
#7050 = DIRECTION ( 'NONE',  ( -0.000000000000000000, -0.000000000000000000, 1.000000000000000000 ) ) ;
#7051 = VERTEX_POINT ( 'NONE', #5413 ) ;
#7053 = CARTESIAN_POINT ( 'NONE',  ( -8.896693082788692308, 0.000000000000000000, -3.452421434499180375 ) ) ;
#7052 = AXIS2_PLACEMENT_3D ( 'NONE', #528, #4294, #1237 ) ;
#7054 = CARTESIAN_POINT ( 'NONE',  ( 0.000000000000000000, 0.000000000000000000, 3.434921434499177639 ) ) ;
#7055 = FACE_OUTER_BOUND ( 'NONE', #2580, .T. ) ;
#7056 = CARTESIAN_POINT ( 'NONE',  ( 0.000000000000000000, 0.000000000000000000, 3.094141646974374105 ) ) ;
#7057 = CARTESIAN_POINT ( 'NONE',  ( 6.879246888065205567, -5.549968729168641701, -3.456597352396201472 ) ) ;
#7058 = CARTESIAN_POINT ( 'NONE',  ( 3.903629810165120784, -7.990732581557483449, -3.457544059217933619 ) ) ;
#7059 = ORIENTED_EDGE ( 'NONE', *, *, #7817, .T. ) ;
#7060 = CARTESIAN_POINT ( 'NONE',  ( -6.883895907083501520, 5.425771397351231151, 3.351299362948740868 ) ) ;
#7061 = CARTESIAN_POINT ( 'NONE',  ( 0.000000000000000000, 0.000000000000000000, 3.434921434499177639 ) ) ;
#7062 = EDGE_LOOP ( 'NONE', ( #6317, #4339 ) ) ;
#7063 = CARTESIAN_POINT ( 'NONE',  ( -0.05000000000000000971, -9.000494587112768841, -3.272391413630715729 ) ) ;
#7064 = DIRECTION ( 'NONE',  ( 0.000000000000000000, 0.000000000000000000, -1.000000000000000000 ) ) ;
#7065 = CARTESIAN_POINT ( 'NONE',  ( 8.830360115120004849, -1.964186229627602698, -3.094141646974374105 ) ) ;
#7066 = FACE_OUTER_BOUND ( 'NONE', #2178, .T. ) ;
#7067 = EDGE_CURVE ( 'NONE', #4498, #4006, #6860, .T. ) ;
#7068 = ORIENTED_EDGE ( 'NONE', *, *, #5121, .F. ) ;
#7069 = ORIENTED_EDGE ( 'NONE', *, *, #6163, .F. ) ;
#7070 = DIRECTION ( 'NONE',  ( 0.4338837391175652813, 0.9009688679024157043, 0.000000000000000000 ) ) ;
#7071 = PLANE ( 'NONE',  #4776 ) ;
#7072 = DIRECTION ( 'NONE',  ( 1.000000000000000000, 0.000000000000000000, 0.000000000000000000 ) ) ;
#7073 = LINE ( 'NONE', #3125, #781 ) ;
#7074 = CARTESIAN_POINT ( 'NONE',  ( 0.000000000000000000, 0.000000000000000000, -3.064533293948747517 ) ) ;
#7075 = ADVANCED_FACE ( 'NONE', ( #7005 ), #6962, .T. ) ;
#7076 = CIRCLE ( 'NONE', #9488, 8.737285000697680104 ) ;
#7077 = ORIENTED_EDGE ( 'NONE', *, *, #9368, .F. ) ;
#7078 = EDGE_CURVE ( 'NONE', #4785, #748, #9277, .T. ) ;
#7079 = DIRECTION ( 'NONE',  ( 0.000000000000000000, 0.000000000000000000, -1.000000000000000000 ) ) ;
#7080 = EDGE_CURVE ( 'NONE', #2489, #3195, #2214, .T. ) ;
#7081 = ORIENTED_EDGE ( 'NONE', *, *, #8128, .F. ) ;
#7082 = CARTESIAN_POINT ( 'NONE',  ( -0.05000000000000001665, -8.905308122385132918, 3.437256629622304160 ) ) ;
#7083 = CARTESIAN_POINT ( 'NONE',  ( -8.628821057778051085, -2.020757941281691838, 3.469900311146004501 ) ) ;
#7084 = ORIENTED_EDGE ( 'NONE', *, *, #9869, .T. ) ;
#7085 = CARTESIAN_POINT ( 'NONE',  ( -3.880701848413552923, -7.943122178400273903, -3.458522467003439349 ) ) ;
#7086 = ADVANCED_FACE ( 'NONE', ( #177 ), #4775, .F. ) ;
#7087 = CARTESIAN_POINT ( 'NONE',  ( 8.632218501404349098, -2.021533385619125323, -3.469915996672630953 ) ) ;
#7088 = EDGE_LOOP ( 'NONE', ( #1725, #664, #829, #5347 ) ) ;
#7089 = AXIS2_PLACEMENT_3D ( 'NONE', #3427, #240, #1052 ) ;
#7090 = CARTESIAN_POINT ( 'NONE',  ( 3.969916891359596800, -8.128379123974143639, -3.193750000000000089 ) ) ;
#7091 = CARTESIAN_POINT ( 'NONE',  ( -3.793731355337997879, -7.993002575754688088, 3.464471549642479165 ) ) ;
#7092 = EDGE_LOOP ( 'NONE', ( #185, #9511, #6225, #8591 ) ) ;
#7093 = CARTESIAN_POINT ( 'NONE',  ( -3.879820004569468850, -8.171767497885843667, -3.500000000000000000 ) ) ;
#7094 = EDGE_LOOP ( 'NONE', ( #2632, #2549, #8736, #3502 ) ) ;
#7095 = EDGE_CURVE ( 'NONE', #567, #6253, #1416, .T. ) ;
#7096 = AXIS2_PLACEMENT_3D ( 'NONE', #8620, #4762, #3302 ) ;
#7097 = FACE_OUTER_BOUND ( 'NONE', #8309, .T. ) ;
#7098 = CARTESIAN_POINT ( 'NONE',  ( -3.902688815468105865, 7.988778585935214060, -3.459706444013471494 ) ) ;
#7099 = DIRECTION ( 'NONE',  ( 1.000000000000000000, 0.000000000000000000, 0.000000000000000000 ) ) ;
#7100 = DIRECTION ( 'NONE',  ( 1.000000000000000000, 0.000000000000000000, 0.000000000000000000 ) ) ;
#7101 = FACE_OUTER_BOUND ( 'NONE', #1192, .T. ) ;
#7102 = B_SPLINE_CURVE_WITH_KNOTS ( 'NONE', 3,
 ( #4688, #6189, #2425, #7885, #4077, #7739, #7836 ),
 .UNSPECIFIED., .F., .F.,
 ( 4, 3, 4 ),
 ( 0.0009532733312319689690, 0.001225696219576461908, 0.001251962535739348627 ),
 .UNSPECIFIED. ) ;
#7103 = ORIENTED_EDGE ( 'NONE', *, *, #2368, .F. ) ;
#7104 = CARTESIAN_POINT ( 'NONE',  ( 0.000000000000000000, 0.000000000000000000, -1.224999999999999867 ) ) ;
#7105 = ORIENTED_EDGE ( 'NONE', *, *, #3784, .T. ) ;
#7106 = DIRECTION ( 'NONE',  ( -0.000000000000000000, -0.000000000000000000, 1.000000000000000000 ) ) ;
#7107 = CARTESIAN_POINT ( 'NONE',  ( -3.790604961623143865, 7.986510552312109823, -3.458522467003439349 ) ) ;
#7108 = ORIENTED_EDGE ( 'NONE', *, *, #2436, .T. ) ;
#7109 = CARTESIAN_POINT ( 'NONE',  ( 0.000000000000000000, 0.000000000000000000, 3.193750000000000533 ) ) ;
#7110 = CARTESIAN_POINT ( 'NONE',  ( 3.880042983354423214, 7.941754031007677739, 3.456597352396201472 ) ) ;
#7111 = CARTESIAN_POINT ( 'NONE',  ( -6.917447124507853928, 5.580432401180755342, 3.462633071500297088 ) ) ;
#7112 = DIRECTION ( 'NONE',  ( -1.000000000000000000, 0.000000000000000000, 0.000000000000000000 ) ) ;
#7113 = CARTESIAN_POINT ( 'NONE',  ( 0.05000000000000002359, -8.881356628892445926, 3.466489319800472924 ) ) ;
#7114 = ORIENTED_EDGE ( 'NONE', *, *, #9054, .T. ) ;
#7115 = ORIENTED_EDGE ( 'NONE', *, *, #3233, .T. ) ;
#7116 = CARTESIAN_POINT ( 'NONE',  ( 0.000000000000000000, 0.000000000000000000, -1.224999999999999867 ) ) ;
#7117 = DIRECTION ( 'NONE',  ( -0.1736481776669425992, 0.000000000000000000, -0.9848077530122059109 ) ) ;
#7118 = DIRECTION ( 'NONE',  ( 0.1736481776669425992, 2.126576849575921675E-17, -0.9848077530122059109 ) ) ;
#7119 = DIRECTION ( 'NONE',  ( 0.9009688679024249192, 0.4338837391175462410, 0.000000000000000000 ) ) ;
#7120 = DIRECTION ( 'NONE',  ( -0.000000000000000000, -0.000000000000000000, 1.000000000000000000 ) ) ;
#7121 = CARTESIAN_POINT ( 'NONE',  ( -6.885620889539865175, 5.555051825725465520, -3.464362763198132633 ) ) ;
#7122 = ORIENTED_EDGE ( 'NONE', *, *, #5789, .T. ) ;
#7123 = CARTESIAN_POINT ( 'NONE',  ( -8.684623479167832727, 1.930922793492005907, 3.452421434499180375 ) ) ;
#7124 = ORIENTED_EDGE ( 'NONE', *, *, #2436, .F. ) ;
#7125 = DIRECTION ( 'NONE',  ( -0.000000000000000000, -0.000000000000000000, 1.000000000000000000 ) ) ;
#7126 = CARTESIAN_POINT ( 'NONE',  ( -3.840419595970359978, -8.089951706396105280, 3.351032822740168449 ) ) ;
#7127 = CARTESIAN_POINT ( 'NONE',  ( -8.662371385772239307, -2.028415584710014041, 3.452421434499180375 ) ) ;
#7128 = EDGE_CURVE ( 'NONE', #139, #4819, #6506, .T. ) ;
#7129 = ORIENTED_EDGE ( 'NONE', *, *, #8680, .F. ) ;
#7130 = DIRECTION ( 'NONE',  ( 0.9009688679024218105, 0.4338837391175526803, -0.000000000000000000 ) ) ;
#7131 = EDGE_CURVE ( 'NONE', #9156, #9457, #1900, .T. ) ;
#7132 = EDGE_CURVE ( 'NONE', #8505, #2249, #8775, .T. ) ;
#7133 = CARTESIAN_POINT ( 'NONE',  ( 8.653663380659780913, -2.026428039368262546, -3.462633071500297088 ) ) ;
#7134 = ORIENTED_EDGE ( 'NONE', *, *, #771, .T. ) ;
#7135 = EDGE_CURVE ( 'NONE', #3949, #658, #9144, .T. ) ;
#7136 = FACE_OUTER_BOUND ( 'NONE', #1433, .T. ) ;
#7137 = CARTESIAN_POINT ( 'NONE',  ( -3.800089754647182350, -8.006205927968158775, 3.469900311146004501 ) ) ;
#7138 = ORIENTED_EDGE ( 'NONE', *, *, #7267, .F. ) ;
#7139 = CARTESIAN_POINT ( 'NONE',  ( 6.962598646779096789, 5.488534737890446991, 3.469915996672630953 ) ) ;
#7140 = EDGE_LOOP ( 'NONE', ( #1246, #7918, #6121, #9179, #2700, #4655 ) ) ;
#7141 = CARTESIAN_POINT ( 'NONE',  ( 8.688891490516525096, -1.931896939230908217, -3.444839032082839037 ) ) ;
#7142 = EDGE_CURVE ( 'NONE', #3099, #8303, #1850, .T. ) ;
#7143 = DIRECTION ( 'NONE',  ( 1.000000000000000000, 0.000000000000000000, 0.000000000000000000 ) ) ;
#7144 = CARTESIAN_POINT ( 'NONE',  ( -4.524999999999999467, 5.541526766141772948E-16, 3.500000000000000444 ) ) ;
#7145 = CARTESIAN_POINT ( 'NONE',  ( -3.848021920683262209, 7.875261609230313375, 3.351299362948741312 ) ) ;
#7146 = ORIENTED_EDGE ( 'NONE', *, *, #9742, .F. ) ;
#7147 = AXIS2_PLACEMENT_3D ( 'NONE', #3879, #148, #6886 ) ;
#7148 = EDGE_CURVE ( 'NONE', #3635, #2333, #7570, .T. ) ;
#7149 = EDGE_CURVE ( 'NONE', #2257, #7151, #918, .T. ) ;
#7150 = CARTESIAN_POINT ( 'NONE',  ( 6.934698440303916023, -5.594189866451236171, 3.429674227117769814 ) ) ;
#7151 = VERTEX_POINT ( 'NONE', #1148 ) ;
#7152 = CARTESIAN_POINT ( 'NONE',  ( 8.627120136385686422, 1.917798030746237670, -3.454996609771464833 ) ) ;
#7153 = B_SPLINE_CURVE_WITH_KNOTS ( 'NONE', 3,
 ( #8955, #5944, #8894, #2894, #5092, #2086, #1336 ),
 .UNSPECIFIED., .F., .F.,
 ( 4, 3, 4 ),
 ( 0.001199429903413613135, 0.001225696219576499421, 0.001498119107920983795 ),
 .UNSPECIFIED. ) ;
#7154 = CARTESIAN_POINT ( 'NONE',  ( -9.046037105128458933, 1.107820038576375774E-15, 3.500000000000000444 ) ) ;
#7155 = CARTESIAN_POINT ( 'NONE',  ( -3.799902305093607602, 8.005816684959810914, -3.469846945119945847 ) ) ;
#7156 = ORIENTED_EDGE ( 'NONE', *, *, #98, .F. ) ;
#7157 = DIRECTION ( 'NONE',  ( -0.000000000000000000, -0.000000000000000000, 1.000000000000000000 ) ) ;
#7158 = DIRECTION ( 'NONE',  ( 0.6234898018587431423, 0.7818314824680222541, 0.000000000000000000 ) ) ;
#7159 = CARTESIAN_POINT ( 'NONE',  ( -6.888348506065051780, 5.557227027319377122, 3.466377381984353967 ) ) ;
#7160 = AXIS2_PLACEMENT_3D ( 'NONE', #3078, #9192, #6024 ) ;
#7161 = AXIS2_PLACEMENT_3D ( 'NONE', #6283, #8637, #822 ) ;
#7162 = FACE_OUTER_BOUND ( 'NONE', #2577, .T. ) ;
#7163 = CIRCLE ( 'NONE', #7345, 9.046037105128458933 ) ;
#7164 = VECTOR ( 'NONE', #242, 1000.000000000000000 ) ;
#7165 = CARTESIAN_POINT ( 'NONE',  ( 3.969916891359654976, 8.128379123974113440, -3.193750000000000089 ) ) ;
#7166 = ORIENTED_EDGE ( 'NONE', *, *, #6425, .T. ) ;
#7167 = ORIENTED_EDGE ( 'NONE', *, *, #3724, .T. ) ;
#7168 = DIRECTION ( 'NONE',  ( -0.7818314824680310249, -0.6234898018587320401, -0.000000000000000000 ) ) ;
#7169 = AXIS2_PLACEMENT_3D ( 'NONE', #6591, #3590, #7402 ) ;
#7170 = CARTESIAN_POINT ( 'NONE',  ( -8.588813778810038713, 0.000000000000000000, 3.064533293948747517 ) ) ;
#7171 = AXIS2_PLACEMENT_3D ( 'NONE', #6180, #5379, #7072 ) ;
#7172 = CIRCLE ( 'NONE', #432, 9.046037105128458933 ) ;
#7173 = LINE ( 'NONE', #441, #6527 ) ;
#7174 = AXIS2_PLACEMENT_3D ( 'NONE', #4619, #3115, #5418 ) ;
#7175 = PLANE ( 'NONE',  #459 ) ;
#7176 = CARTESIAN_POINT ( 'NONE',  ( -6.934698440303874278, 5.594189866451288573, 3.429674227117769814 ) ) ;
#7177 = CARTESIAN_POINT ( 'NONE',  ( -6.906758349006422826, -5.571908387158386766, -3.469286171371085192 ) ) ;
#7178 = B_SPLINE_CURVE_WITH_KNOTS ( 'NONE', 3,
 ( #8095, #1224, #5399, #7711, #1685, #1645, #5355, #3097, #3854, #874, #9118, #2247, #116, #6155, #9311, #6905, #4699, #5309, #8362, #7749, #3939, #8460, #731, #922, #1548 ),
 .UNSPECIFIED., .F., .F.,
 ( 4, 3, 3, 3, 3, 3, 3, 3, 4 ),
 ( 0.0001509499138714762091, 0.0001527764003826875101, 0.0001645282963311859019, 0.0001762803579144534049, 0.0001880325997012812877, 0.0001997849575937776529, 0.0002115373162334744696, 0.0002188290956692561830, 0.0002208042975641529872 ),
 .UNSPECIFIED. ) ;
#7179 = ORIENTED_EDGE ( 'NONE', *, *, #6603, .T. ) ;
#7180 = LINE ( 'NONE', #1772, #8855 ) ;
#7181 = CONICAL_SURFACE ( 'NONE', #7512, 9.046037105128458933, 0.5235987755983011471 ) ;
#7182 = VERTEX_POINT ( 'NONE', #3403 ) ;
#7183 = CARTESIAN_POINT ( 'NONE',  ( 0.000000000000000000, 0.000000000000000000, -3.099533293948747659 ) ) ;
#7184 = DIRECTION ( 'NONE',  ( -0.000000000000000000, -0.000000000000000000, -1.000000000000000000 ) ) ;
#7185 = DIRECTION ( 'NONE',  ( -0.6234898018587267110, 0.7818314824680352437, 0.000000000000000000 ) ) ;
#7186 = ORIENTED_EDGE ( 'NONE', *, *, #3910, .T. ) ;
#7187 = CARTESIAN_POINT ( 'NONE',  ( 8.556329883642998624, 1.901640617507290187, -3.351299362948741312 ) ) ;
#7188 = VECTOR ( 'NONE', #7354, 1000.000000000000114 ) ;
#7189 = CARTESIAN_POINT ( 'NONE',  ( -8.684623479167871807, -1.930922793491831380, -3.452421434499180375 ) ) ;
#7190 = EDGE_CURVE ( 'NONE', #7485, #9816, #3670, .T. ) ;
#7191 = VERTEX_POINT ( 'NONE', #223 ) ;
#7192 = AXIS2_PLACEMENT_3D ( 'NONE', #5349, #1003, #8402 ) ;
#7193 = EDGE_CURVE ( 'NONE', #611, #2271, #6459, .T. ) ;
#7194 = PLANE ( 'NONE',  #8954 ) ;
#7195 = CYLINDRICAL_SURFACE ( 'NONE', #751, 5.378237760728125316 ) ;
#7196 = ORIENTED_EDGE ( 'NONE', *, *, #6425, .F. ) ;
#7197 = CARTESIAN_POINT ( 'NONE',  ( 6.959536336106034504, 5.486092626620189705, 3.469846945119945847 ) ) ;
#7198 = ORIENTED_EDGE ( 'NONE', *, *, #2168, .T. ) ;
#7199 = CARTESIAN_POINT ( 'NONE',  ( 7.041194074364121036, 5.679117300646331579, -3.193750000000000089 ) ) ;
#7200 = VECTOR ( 'NONE', #9232, 1000.000000000000000 ) ;
#7201 = DIRECTION ( 'NONE',  ( 1.000000000000000000, 0.000000000000000000, 0.000000000000000000 ) ) ;
#7202 = CARTESIAN_POINT ( 'NONE',  ( -8.807973303152683897, 2.061648272210978572, 3.094141646974374105 ) ) ;
#7203 = LINE ( 'NONE', #7144, #295 ) ;
#7204 = FACE_OUTER_BOUND ( 'NONE', #2839, .T. ) ;
#7205 = CIRCLE ( 'NONE', #3366, 10.47500000000000497 ) ;
#7206 = EDGE_CURVE ( 'NONE', #9711, #3138, #4251, .T. ) ;
#7207 = ORIENTED_EDGE ( 'NONE', *, *, #7469, .F. ) ;
#7208 = CARTESIAN_POINT ( 'NONE',  ( -0.05000000000000002359, -8.895588198274321456, 3.453994494324953202 ) ) ;
#7209 = EDGE_CURVE ( 'NONE', #4594, #632, #8404, .T. ) ;
#7210 = ORIENTED_EDGE ( 'NONE', *, *, #3176, .T. ) ;
#7211 = CARTESIAN_POINT ( 'NONE',  ( 3.789595138428261567, 7.984413632840895225, -3.455541280135826288 ) ) ;
#7212 = AXIS2_PLACEMENT_3D ( 'NONE', #3147, #5505, #172 ) ;
#7213 = CARTESIAN_POINT ( 'NONE',  ( -8.631448984988422168, -1.918786062191375708, 3.460296783607140103 ) ) ;
#7214 = B_SPLINE_CURVE_WITH_KNOTS ( 'NONE', 3,
 ( #2146, #9821, #5210, #6607, #1352, #8263, #7515 ),
 .UNSPECIFIED., .F., .F.,
 ( 4, 3, 4 ),
 ( 0.0005204849250710212897, 0.0009002598162381907944, 0.0009544278593203510842 ),
 .UNSPECIFIED. ) ;
#7215 = CARTESIAN_POINT ( 'NONE',  ( -3.798184586890484660, 8.002249806357744077, -3.469100694293998810 ) ) ;
#7216 = VERTEX_POINT ( 'NONE', #8317 ) ;
#7217 = DIRECTION ( 'NONE',  ( 1.000000000000000000, 0.000000000000000000, 0.000000000000000000 ) ) ;
#7218 = DIRECTION ( 'NONE',  ( 0.000000000000000000, 0.000000000000000000, 1.000000000000000000 ) ) ;
#7219 = DIRECTION ( 'NONE',  ( -0.6234898018587268220, 0.7818314824680352437, 0.000000000000000000 ) ) ;
#7220 = ADVANCED_FACE ( 'NONE', ( #1998 ), #6005, .T. ) ;
#7221 = DIRECTION ( 'NONE',  ( -0.000000000000000000, -0.000000000000000000, 1.000000000000000000 ) ) ;
#7222 = B_SPLINE_CURVE_WITH_KNOTS ( 'NONE', 3,
 ( #3354, #5012, #8111, #1244, #8065, #1195, #3504, #6410, #6562, #9621, #3556, #2802, #1798, #9468, #8018, #2596, #5653, #7958, #1093, #7213, #330, #3402, #5700, #2646, #8759 ),
 .UNSPECIFIED., .F., .F.,
 ( 4, 3, 3, 3, 3, 3, 3, 3, 4 ),
 ( 0.0001509499138714748268, 0.0001527764003826861277, 0.0001645282963311828391, 0.0001762803579144498270, 0.0001880325997012791193, 0.0001997849575937735872, 0.0002115373162334717048, 0.0002188290956692522256, 0.0002208042975641490570 ),
 .UNSPECIFIED. ) ;
#7223 = CARTESIAN_POINT ( 'NONE',  ( 0.05000000000000002359, -8.858323562023631581, 3.469014143938407457 ) ) ;
#7224 = ORIENTED_EDGE ( 'NONE', *, *, #6037, .F. ) ;
#7225 = ORIENTED_EDGE ( 'NONE', *, *, #2742, .T. ) ;
#7226 = LINE ( 'NONE', #3369, #8635 ) ;
#7227 = FACE_OUTER_BOUND ( 'NONE', #4925, .T. ) ;
#7228 = CARTESIAN_POINT ( 'NONE',  ( 0.05000000000000001665, 8.896245052708611212, 3.452954079042413138 ) ) ;
#7229 = DIRECTION ( 'NONE',  ( 0.000000000000000000, 0.000000000000000000, -1.000000000000000000 ) ) ;
#7230 = CARTESIAN_POINT ( 'NONE',  ( 5.863736118510232131, 4.676173513940490523, -3.092233167847068013E-16 ) ) ;
#7231 = EDGE_CURVE ( 'NONE', #2171, #3961, #2803, .T. ) ;
#7232 = CARTESIAN_POINT ( 'NONE',  ( 6.977371155119528545, 5.500315420178984560, -3.465025888964337497 ) ) ;
#7233 = ORIENTED_EDGE ( 'NONE', *, *, #4940, .T. ) ;
#7234 = DIRECTION ( 'NONE',  ( 1.000000000000000000, 0.000000000000000000, 0.000000000000000000 ) ) ;
#7235 = ORIENTED_EDGE ( 'NONE', *, *, #2664, .F. ) ;
#7236 = EDGE_CURVE ( 'NONE', #868, #4497, #8866, .T. ) ;
#7237 = CARTESIAN_POINT ( 'NONE',  ( 0.000000000000000000, 0.000000000000000000, 3.193750000000000533 ) ) ;
#7238 = CYLINDRICAL_SURFACE ( 'NONE', #7488, 4.000000000000000000 ) ;
#7239 = CARTESIAN_POINT ( 'NONE',  ( -7.041302110270501124, -5.679203456406634487, -3.500000000000000444 ) ) ;
#7240 = ORIENTED_EDGE ( 'NONE', *, *, #6295, .T. ) ;
#7241 = DIRECTION ( 'NONE',  ( 0.000000000000000000, 0.000000000000000000, -1.000000000000000000 ) ) ;
#7242 = CIRCLE ( 'NONE', #2767, 8.588813778810038713 ) ;
#7243 = CARTESIAN_POINT ( 'NONE',  ( -8.639630090360906678, -1.920653346105943404, -3.466377381984354411 ) ) ;
#7244 = EDGE_LOOP ( 'NONE', ( #4327, #6530, #6100, #9831 ) ) ;
#7245 = LOCAL_TIME ( 16, 37, 56.00000000000000000, #3978 ) ;
#7246 = CARTESIAN_POINT ( 'NONE',  ( 5.686989865158905921, 0.000000000000000000, -3.376256313292342437 ) ) ;
#7247 = DIRECTION ( 'NONE',  ( -1.000000000000000000, 0.000000000000000000, 0.000000000000000000 ) ) ;
#7248 = VERTEX_POINT ( 'NONE', #4453 ) ;
#7249 = CARTESIAN_POINT ( 'NONE',  ( 0.05000000000000002359, -8.837570431649497849, 3.454996609771464833 ) ) ;
#7250 = ORIENTED_EDGE ( 'NONE', *, *, #8746, .T. ) ;
#7251 = CARTESIAN_POINT ( 'NONE',  ( -3.885263278938771325, 7.952594086485296643, -3.466570807216844852 ) ) ;
#7252 = LINE ( 'NONE', #5541, #1614 ) ;
#7253 = CARTESIAN_POINT ( 'NONE',  ( -8.384458441792405736, -1.862412082470809027, -3.500000000000000000 ) ) ;
#7254 = AXIS2_PLACEMENT_3D ( 'NONE', #7399, #8395, #3783 ) ;
#7255 = CARTESIAN_POINT ( 'NONE',  ( 0.000000000000000000, 0.000000000000000000, 3.094141646974374105 ) ) ;
#7256 = VERTEX_POINT ( 'NONE', #8908 ) ;
#7257 = ORIENTED_EDGE ( 'NONE', *, *, #6773, .T. ) ;
#7258 = DIRECTION ( 'NONE',  ( -0.000000000000000000, -0.000000000000000000, 1.000000000000000000 ) ) ;
#7259 = AXIS2_PLACEMENT_3D ( 'NONE', #8133, #9839, #8883 ) ;
#7260 = CARTESIAN_POINT ( 'NONE',  ( 8.666639397120894373, -2.029389730449090656, -3.444839032082838592 ) ) ;
#7261 = DIRECTION ( 'NONE',  ( 0.000000000000000000, 0.000000000000000000, -1.000000000000000000 ) ) ;
#7262 = EDGE_CURVE ( 'NONE', #7256, #675, #1589, .T. ) ;
#7263 = ORIENTED_EDGE ( 'NONE', *, *, #9663, .T. ) ;
#7264 = CARTESIAN_POINT ( 'NONE',  ( -6.984356395689156116, -5.505885963648129433, 3.457279025203407574 ) ) ;
#7265 = CARTESIAN_POINT ( 'NONE',  ( 3.879692025218503204, 7.941025258929139241, 3.455541280135825399 ) ) ;
#7266 = FACE_OUTER_BOUND ( 'NONE', #906, .T. ) ;
#7267 = EDGE_CURVE ( 'NONE', #4107, #6183, #6740, .T. ) ;
#7268 = DIRECTION ( 'NONE',  ( -6.776263578034443388E-17, -1.000000000000000000, -0.000000000000000000 ) ) ;
#7269 = ADVANCED_FACE ( 'NONE', ( #6652 ), #280, .T. ) ;
#7270 = DIRECTION ( 'NONE',  ( -0.4338837391175463520, 0.9009688679024248081, 0.000000000000000000 ) ) ;
#7271 = VERTEX_POINT ( 'NONE', #5164 ) ;
#7272 = ORIENTED_EDGE ( 'NONE', *, *, #2361, .T. ) ;
#7273 = DIRECTION ( 'NONE',  ( -0.000000000000000000, -0.000000000000000000, 1.000000000000000000 ) ) ;
#7274 = ADVANCED_FACE ( 'NONE', ( #3710 ), #7367, .T. ) ;
#7275 = DIRECTION ( 'NONE',  ( 0.000000000000000000, 0.000000000000000000, 1.000000000000000000 ) ) ;
#7276 = CARTESIAN_POINT ( 'NONE',  ( 0.05000000000000002359, 8.890722215898270164, 3.460240287494900535 ) ) ;
#7277 = CONICAL_SURFACE ( 'NONE', #3469, 8.869223585189136116, 0.6108652381980126389 ) ;
#7278 = CARTESIAN_POINT ( 'NONE',  ( -3.969916891359540401, 8.128379123974170284, 3.094141646974374105 ) ) ;
#7279 = CARTESIAN_POINT ( 'NONE',  ( 0.05000000000000000971, -9.045898922017695298, 3.094141646974374105 ) ) ;
#7280 = CARTESIAN_POINT ( 'NONE',  ( 6.950697486251003809, 5.479043879072476031, -3.466377381984354411 ) ) ;
#7281 = EDGE_LOOP ( 'NONE', ( #5696, #4485, #3261, #4600 ) ) ;
#7282 = LINE ( 'NONE', #7831, #4053 ) ;
#7283 = ORIENTED_EDGE ( 'NONE', *, *, #9164, .T. ) ;
#7284 = EDGE_CURVE ( 'NONE', #7892, #9536, #7214, .T. ) ;
#7285 = DIRECTION ( 'NONE',  ( 1.000000000000000000, 0.000000000000000000, 0.000000000000000000 ) ) ;
#7286 = DIRECTION ( 'NONE',  ( 0.000000000000000000, 0.000000000000000000, -1.000000000000000000 ) ) ;
#7287 = CARTESIAN_POINT ( 'NONE',  ( 8.684623479167859372, 1.930922793491888445, -3.452421434499180375 ) ) ;
#7288 = ORIENTED_EDGE ( 'NONE', *, *, #6841, .F. ) ;
#7289 = CARTESIAN_POINT ( 'NONE',  ( -3.879526546994039649, -7.940681639855232454, -3.454996609771464833 ) ) ;
#7290 = DIRECTION ( 'NONE',  ( -0.000000000000000000, -0.000000000000000000, 1.000000000000000000 ) ) ;
#7291 = VERTEX_POINT ( 'NONE', #2958 ) ;
#7292 = DIRECTION ( 'NONE',  ( 1.000000000000000000, 0.000000000000000000, 0.000000000000000000 ) ) ;
#7293 = DIRECTION ( 'NONE',  ( -0.000000000000000000, -0.000000000000000000, 1.000000000000000000 ) ) ;
#7294 = EDGE_LOOP ( 'NONE', ( #340, #1104, #4985, #3447 ) ) ;
#7295 = CARTESIAN_POINT ( 'NONE',  ( 0.000000000000000000, 0.000000000000000000, 3.500000000000000000 ) ) ;
#7296 = ORIENTED_EDGE ( 'NONE', *, *, #6107, .T. ) ;
#7297 = CARTESIAN_POINT ( 'NONE',  ( -3.891931505080029829, 7.966440800744804207, -3.470139885832122406 ) ) ;
#7298 = CARTESIAN_POINT ( 'NONE',  ( 0.000000000000000000, 0.000000000000000000, -3.500000000000000888 ) ) ;
#7299 = CARTESIAN_POINT ( 'NONE',  ( -3.880042983354311303, 7.941754031007733694, 3.456597352396201472 ) ) ;
#7300 = DIRECTION ( 'NONE',  ( 1.000000000000000000, 0.000000000000000000, 0.000000000000000000 ) ) ;
#7301 = ORIENTED_EDGE ( 'NONE', *, *, #4283, .F. ) ;
#7302 = VERTEX_POINT ( 'NONE', #637 ) ;
#7303 = VERTEX_POINT ( 'NONE', #2191 ) ;
#7304 = CARTESIAN_POINT ( 'NONE',  ( 0.000000000000000000, 0.000000000000000000, -3.434921434499177639 ) ) ;
#7305 = CARTESIAN_POINT ( 'NONE',  ( -3.879526546994039649, -7.940681639855232454, 3.454996609771464833 ) ) ;
#7306 = CARTESIAN_POINT ( 'NONE',  ( -3.801601759304601202, 8.009345637991435396, -3.469915996672630953 ) ) ;
#7307 = VERTEX_POINT ( 'NONE', #5258 ) ;
#7308 = CARTESIAN_POINT ( 'NONE',  ( -6.945612333878842470, -5.474988605377188122, 3.461862008941932967 ) ) ;
#7309 = CARTESIAN_POINT ( 'NONE',  ( 6.746065712156355865, -5.315855484712272094, -3.099533293948748103 ) ) ;
#7310 = CARTESIAN_POINT ( 'NONE',  ( 6.940665282085063836, -5.471043463218379976, 3.454996609771464833 ) ) ;
#7311 = CARTESIAN_POINT ( 'NONE',  ( -0.05000000000000002359, -8.857748479125211460, -3.469100694293998810 ) ) ;
#7312 = VECTOR ( 'NONE', #3221, 1000.000000000000000 ) ;
#7313 = EDGE_CURVE ( 'NONE', #2571, #8692, #7660, .T. ) ;
#7314 = DIRECTION ( 'NONE',  ( -1.000000000000000000, -8.881784197001252323E-15, 0.000000000000000000 ) ) ;
#7315 = ORIENTED_EDGE ( 'NONE', *, *, #4993, .F. ) ;
#7316 = ORIENTED_EDGE ( 'NONE', *, *, #9413, .F. ) ;
#7317 = FACE_OUTER_BOUND ( 'NONE', #4177, .T. ) ;
#7318 = DIRECTION ( 'NONE',  ( 0.000000000000000000, 0.000000000000000000, -1.000000000000000000 ) ) ;
#7319 = ADVANCED_FACE ( 'NONE', ( #6855 ), #875, .T. ) ;
#7320 = DIRECTION ( 'NONE',  ( 0.000000000000000000, -0.000000000000000000, 1.000000000000000000 ) ) ;
#7321 = VECTOR ( 'NONE', #4880, 1000.000000000000000 ) ;
#7322 = CIRCLE ( 'NONE', #7954, 9.046037105128458933 ) ;
#7323 = CARTESIAN_POINT ( 'NONE',  ( 0.05000000000000001665, 8.955090244376902930, -3.351032822740167560 ) ) ;
#7324 = DIRECTION ( 'NONE',  ( 1.000000000000000000, 0.000000000000000000, 0.000000000000000000 ) ) ;
#7325 = CARTESIAN_POINT ( 'NONE',  ( 6.986287445380051864, 5.507425924389303340, -3.453478796700601539 ) ) ;
#7326 = VERTEX_POINT ( 'NONE', #6991 ) ;
#7327 = CIRCLE ( 'NONE', #3496, 8.588813778810038713 ) ;
#7328 = AXIS2_PLACEMENT_3D ( 'NONE', #2565, #4264, #5667 ) ;
#7329 = DIRECTION ( 'NONE',  ( 0.000000000000000000, 0.000000000000000000, -1.000000000000000000 ) ) ;
#7330 = ORIENTED_EDGE ( 'NONE', *, *, #2609, .F. ) ;
#7331 = AXIS2_PLACEMENT_3D ( 'NONE', #2044, #5114, #8171 ) ;
#7332 = DIRECTION ( 'NONE',  ( 1.000000000000000000, 0.000000000000000000, 0.000000000000000000 ) ) ;
#7333 = CIRCLE ( 'NONE', #916, 9.046037105128458933 ) ;
#7334 = EDGE_CURVE ( 'NONE', #6630, #4574, #9312, .T. ) ;
#7335 = CARTESIAN_POINT ( 'NONE',  ( -6.746065712156426919, -5.315855484712181500, 3.094141646974374105 ) ) ;
#7336 = CARTESIAN_POINT ( 'NONE',  ( 6.997047420489789893, -5.516006718204433668, 3.429674227117770702 ) ) ;
#7337 = ORIENTED_EDGE ( 'NONE', *, *, #3612, .T. ) ;
#7338 = DIRECTION ( 'NONE',  ( 1.000000000000000000, 0.000000000000000000, 0.000000000000000000 ) ) ;
#7339 = VECTOR ( 'NONE', #2699, 1000.000000000000000 ) ;
#7340 = ADVANCED_FACE ( 'NONE', ( #9919 ), #2392, .T. ) ;
#7341 = DIRECTION ( 'NONE',  ( 1.000000000000000000, 0.000000000000000000, 0.000000000000000000 ) ) ;
#7342 = ADVANCED_FACE ( 'NONE', ( #2337 ), #5899, .F. ) ;
#7343 = AXIS2_PLACEMENT_3D ( 'NONE', #1919, #8033, #8083 ) ;
#7344 = ORIENTED_EDGE ( 'NONE', *, *, #8241, .F. ) ;
#7345 = AXIS2_PLACEMENT_3D ( 'NONE', #3011, #5125, #7572 ) ;
#7346 = CARTESIAN_POINT ( 'NONE',  ( 3.776025503095896241, -7.725759507633449097, -3.114323832567764683 ) ) ;
#7347 = DIRECTION ( 'NONE',  ( -0.000000000000000000, -0.000000000000000000, 1.000000000000000000 ) ) ;
#7348 = CIRCLE ( 'NONE', #1430, 8.837711872106121191 ) ;
#7349 = ORIENTED_EDGE ( 'NONE', *, *, #4134, .F. ) ;
#7350 = DIRECTION ( 'NONE',  ( -0.5000000000000019984, 0.000000000000000000, 0.8660254037844375974 ) ) ;
#7351 = ORIENTED_EDGE ( 'NONE', *, *, #8931, .T. ) ;
#7352 = CARTESIAN_POINT ( 'NONE',  ( -7.103543054549914082, 5.600934152399629440, -3.193750000000000089 ) ) ;
#7353 = CARTESIAN_POINT ( 'NONE',  ( 0.000000000000000000, 0.000000000000000000, -3.193750000000000533 ) ) ;
#7354 = DIRECTION ( 'NONE',  ( 0.7071067811865499042, 8.659560562354961208E-17, -0.7071067811865452413 ) ) ;
#7355 = EDGE_CURVE ( 'NONE', #9811, #9151, #8466, .T. ) ;
#7356 = CONICAL_SURFACE ( 'NONE', #936, 9.046037105128458933, 0.5235987755983011471 ) ;
#7357 = DIRECTION ( 'NONE',  ( 0.000000000000000000, -1.000000000000000000, 0.000000000000000000 ) ) ;
#7358 = ORIENTED_EDGE ( 'NONE', *, *, #476, .F. ) ;
#7359 = ORIENTED_EDGE ( 'NONE', *, *, #6471, .F. ) ;
#7360 = CONICAL_SURFACE ( 'NONE', #6558, 8.869223585189136116, 0.6108652381980126389 ) ;
#7361 = B_SPLINE_CURVE_WITH_KNOTS ( 'NONE', 3,
 ( #6671, #4529, #2974, #4377, #4424, #6826, #1321 ),
 .UNSPECIFIED., .F., .F.,
 ( 4, 3, 4 ),
 ( 0.0009532733312319686438, 0.001225696219576461908, 0.001251962535739347977 ),
 .UNSPECIFIED. ) ;
#7362 = AXIS2_PLACEMENT_3D ( 'NONE', #444, #3310, #4871 ) ;
#7363 = ORIENTED_EDGE ( 'NONE', *, *, #3800, .F. ) ;
#7364 = DIRECTION ( 'NONE',  ( 0.000000000000000000, 0.000000000000000000, -1.000000000000000000 ) ) ;
#7365 = CIRCLE ( 'NONE', #3203, 2.450000000000000622 ) ;
#7366 = CARTESIAN_POINT ( 'NONE',  ( 8.382400267963333818, -1.964514004052537510, 3.129114371485063550 ) ) ;
#7367 = PLANE ( 'NONE',  #8611 ) ;
#7368 = EDGE_LOOP ( 'NONE', ( #554, #3143, #6749, #7377 ) ) ;
#7369 = AXIS2_PLACEMENT_3D ( 'NONE', #1188, #3701, #1386 ) ;
#7370 = CARTESIAN_POINT ( 'NONE',  ( -8.697427512990367759, -1.933845230657686765, 3.429674227117769814 ) ) ;
#7371 = CARTESIAN_POINT ( 'NONE',  ( 6.770357110861787042, 5.335227228758513185, 3.143904910697431276 ) ) ;
#7372 = DIRECTION ( 'NONE',  ( -0.000000000000000000, -0.000000000000000000, 1.000000000000000000 ) ) ;
#7373 = CARTESIAN_POINT ( 'NONE',  ( 0.000000000000000000, 0.000000000000000000, -3.325000000000001066 ) ) ;
#7374 = AXIS2_PLACEMENT_3D ( 'NONE', #342, #3417, #6470 ) ;
#7375 = CARTESIAN_POINT ( 'NONE',  ( -6.894541752585526595, -5.562165976610005558, 3.469014143938407457 ) ) ;
#7376 = AXIS2_PLACEMENT_3D ( 'NONE', #7864, #3870, #5372 ) ;
#7377 = ORIENTED_EDGE ( 'NONE', *, *, #5365, .T. ) ;
#7378 = EDGE_LOOP ( 'NONE', ( #7337, #5905, #9209, #1305 ) ) ;
#7379 = DIRECTION ( 'NONE',  ( -0.9009688679024248081, -0.4338837391175463520, 0.000000000000000000 ) ) ;
#7380 = DIRECTION ( 'NONE',  ( 0.7818314824680220321, -0.6234898018587432533, 0.000000000000000000 ) ) ;
#7381 = CARTESIAN_POINT ( 'NONE',  ( -8.485539612174532564, -1.885483199994247405, 3.247602129575368757 ) ) ;
#7382 = CARTESIAN_POINT ( 'NONE',  ( 3.681435046371045683, -7.759816887428994114, 3.500000000000000000 ) ) ;
#7383 = DIRECTION ( 'NONE',  ( 0.000000000000000000, 0.000000000000000000, -1.000000000000000000 ) ) ;
#7384 = CARTESIAN_POINT ( 'NONE',  ( 6.962598646779096789, 5.488534737890446991, -3.469915996672630953 ) ) ;
#7385 = EDGE_CURVE ( 'NONE', #4169, #9608, #3818, .T. ) ;
#7386 = B_SPLINE_CURVE_WITH_KNOTS ( 'NONE', 3,
 ( #3889, #2329, #2383, #1494, #6192, #7555, #777 ),
 .UNSPECIFIED., .F., .F.,
 ( 4, 3, 4 ),
 ( 0.0008460917731560548992, 0.0009002598162382142132, 0.001280034707405371900 ),
 .UNSPECIFIED. ) ;
#7387 = CARTESIAN_POINT ( 'NONE',  ( 6.878316301899189966, -5.549226611465182479, 3.454996609771464833 ) ) ;
#7388 = EDGE_LOOP ( 'NONE', ( #7832, #1901 ) ) ;
#7389 = DIRECTION ( 'NONE',  ( -0.7818314824680268060, 0.6234898018587372581, -0.000000000000000000 ) ) ;
#7390 = CARTESIAN_POINT ( 'NONE',  ( 4.013365220676191392, 8.218600509445224134, -3.500000000000000444 ) ) ;
#7391 = LINE ( 'NONE', #9290, #3966 ) ;
#7392 = ORIENTED_EDGE ( 'NONE', *, *, #9243, .T. ) ;
#7393 = DIRECTION ( 'NONE',  ( -0.000000000000000000, -0.000000000000000000, 1.000000000000000000 ) ) ;
#7394 = EDGE_CURVE ( 'NONE', #6431, #399, #9867, .T. ) ;
#7395 = CARTESIAN_POINT ( 'NONE',  ( -3.771531933161395678, -7.716428513517186616, -3.099533293948748103 ) ) ;
#7396 = ADVANCED_FACE ( 'NONE', ( #6112 ), #2701, .F. ) ;
#7397 = EDGE_CURVE ( 'NONE', #8561, #1643, #243, .T. ) ;
#7398 = ORIENTED_EDGE ( 'NONE', *, *, #7415, .T. ) ;
#7399 = CARTESIAN_POINT ( 'NONE',  ( 0.000000000000000000, 0.000000000000000000, 3.500000000000000000 ) ) ;
#7400 = ORIENTED_EDGE ( 'NONE', *, *, #1338, .T. ) ;
#7401 = FACE_OUTER_BOUND ( 'NONE', #9060, .T. ) ;
#7402 = DIRECTION ( 'NONE',  ( 1.000000000000000000, 0.000000000000000000, 0.000000000000000000 ) ) ;
#7403 = DIRECTION ( 'NONE',  ( 0.9749279121818227312, -0.2225209339563182787, 0.000000000000000000 ) ) ;
#7404 = ADVANCED_FACE ( 'NONE', ( #3855 ), #2248, .T. ) ;
#7405 = EDGE_LOOP ( 'NONE', ( #4899, #2812, #8075, #5499 ) ) ;
#7406 = CARTESIAN_POINT ( 'NONE',  ( 0.000000000000000000, 0.000000000000000000, 3.193750000000000533 ) ) ;
#7407 = FACE_OUTER_BOUND ( 'NONE', #2482, .T. ) ;
#7408 = CARTESIAN_POINT ( 'NONE',  ( -3.880042983354477837, -7.941754031007651982, 3.456597352396201472 ) ) ;
#7409 = CARTESIAN_POINT ( 'NONE',  ( 3.790998746200546776, 7.987328254412442874, 3.459673052288552153 ) ) ;
#7410 = CARTESIAN_POINT ( 'NONE',  ( 7.500000000000000000, 0.000000000000000000, -7.960204194457796463E-16 ) ) ;
#7411 = ORIENTED_EDGE ( 'NONE', *, *, #8871, .T. ) ;
#7412 = ORIENTED_EDGE ( 'NONE', *, *, #7149, .T. ) ;
#7413 = VERTEX_POINT ( 'NONE', #4599 ) ;
#7414 = CARTESIAN_POINT ( 'NONE',  ( 6.888348506065092636, -5.557227027319324719, 3.466377381984354411 ) ) ;
#7415 = EDGE_CURVE ( 'NONE', #9241, #4806, #8782, .T. ) ;
#7416 = CARTESIAN_POINT ( 'NONE',  ( 8.621380678306049816, 2.019059723220280045, 3.468127985775449673 ) ) ;
#7417 = CARTESIAN_POINT ( 'NONE',  ( -6.985582152474003159, 5.506863472065523624, -3.455073707654065629 ) ) ;
#7418 = VERTEX_POINT ( 'NONE', #1646 ) ;
#7419 = VECTOR ( 'NONE', #3442, 1000.000000000000000 ) ;
#7420 = CARTESIAN_POINT ( 'NONE',  ( 3.815021055286684781, -8.037211093225025138, 3.452421434499180375 ) ) ;
#7421 = CARTESIAN_POINT ( 'NONE',  ( 4.524999999999999467, 0.000000000000000000, 3.500000000000000444 ) ) ;
#7422 = CARTESIAN_POINT ( 'NONE',  ( -3.795166392148696222, -7.995982460396972691, -3.466570807216844852 ) ) ;
#7423 = DIRECTION ( 'NONE',  ( -0.000000000000000000, -0.000000000000000000, 1.000000000000000000 ) ) ;
#7424 = VECTOR ( 'NONE', #1368, 1000.000000000000000 ) ;
#7425 = FACE_OUTER_BOUND ( 'NONE', #7388, .T. ) ;
#7426 = EDGE_LOOP ( 'NONE', ( #9061, #7553, #2984, #3974, #3526, #9849 ) ) ;
#7427 = ORIENTED_EDGE ( 'NONE', *, *, #2128, .F. ) ;
#7428 = DIRECTION ( 'NONE',  ( 1.000000000000000000, 0.000000000000000000, 0.000000000000000000 ) ) ;
#7429 = DIRECTION ( 'NONE',  ( -0.000000000000000000, -0.000000000000000000, 1.000000000000000000 ) ) ;
#7430 = CIRCLE ( 'NONE', #3908, 8.588813778810038713 ) ;
#7431 = CARTESIAN_POINT ( 'NONE',  ( -8.372303308387719412, -1.962209438918102844, -3.114323832567764239 ) ) ;
#7432 = CARTESIAN_POINT ( 'NONE',  ( 6.923233172288207449, 5.585046620312227539, -3.455073707654065185 ) ) ;
#7433 = PLANE ( 'NONE',  #9263 ) ;
#7434 = DIRECTION ( 'NONE',  ( -1.000000000000000000, 7.105427357601001859E-15, 0.000000000000000000 ) ) ;
#7435 = DIRECTION ( 'NONE',  ( -1.000000000000000000, 1.224646799147353700E-16, 0.000000000000000000 ) ) ;
#7436 = ORIENTED_EDGE ( 'NONE', *, *, #2114, .T. ) ;
#7437 = CYLINDRICAL_SURFACE ( 'NONE', #8768, 5.686989865158905921 ) ;
#7438 = PLANE ( 'NONE',  #1240 ) ;
#7439 = CARTESIAN_POINT ( 'NONE',  ( 6.940665282085063836, -5.471043463218379976, -3.454996609771464833 ) ) ;
#7440 = ORIENTED_EDGE ( 'NONE', *, *, #447, .F. ) ;
#7441 = CARTESIAN_POINT ( 'NONE',  ( 0.000000000000000000, 0.000000000000000000, 2.758752104430781671 ) ) ;
#7442 = CARTESIAN_POINT ( 'NONE',  ( 0.000000000000000000, 0.000000000000000000, -3.094141646974374105 ) ) ;
#7443 = VERTEX_POINT ( 'NONE', #6200 ) ;
#7444 = LINE ( 'NONE', #9001, #6933 ) ;
#7445 = ORIENTED_EDGE ( 'NONE', *, *, #761, .F. ) ;
#7446 = EDGE_CURVE ( 'NONE', #7879, #6572, #3343, .T. ) ;
#7447 = CARTESIAN_POINT ( 'NONE',  ( -6.746065712156315008, 5.315855484712322720, 3.500000000000000000 ) ) ;
#7448 = FACE_OUTER_BOUND ( 'NONE', #4226, .T. ) ;
#7449 = ORIENTED_EDGE ( 'NONE', *, *, #6041, .T. ) ;
#7450 = ADVANCED_FACE ( 'NONE', ( #3098 ), #6156, .T. ) ;
#7451 = CARTESIAN_POINT ( 'NONE',  ( 8.362206348396760802, 1.959904873689046090, 3.500000000000000000 ) ) ;
#7452 = DIRECTION ( 'NONE',  ( 0.000000000000000000, 0.000000000000000000, 1.000000000000000000 ) ) ;
#7453 = CARTESIAN_POINT ( 'NONE',  ( 3.969916891359654976, 8.128379123974113440, 3.094141646974374105 ) ) ;
#7454 = CARTESIAN_POINT ( 'NONE',  ( -3.886875361059064282, 7.955941609501117284, 3.468127985775450117 ) ) ;
#7455 = FACE_OUTER_BOUND ( 'NONE', #871, .T. ) ;
#7457 = ADVANCED_FACE ( 'NONE', ( #1603 ), #4660, .T. ) ;
#7456 = ORIENTED_EDGE ( 'NONE', *, *, #1162, .T. ) ;
#7458 = ORIENTED_EDGE ( 'NONE', *, *, #7029, .T. ) ;
#7459 = ORIENTED_EDGE ( 'NONE', *, *, #9926, .F. ) ;
#7460 = FACE_OUTER_BOUND ( 'NONE', #6158, .T. ) ;
#7461 = ADVANCED_FACE ( 'NONE', ( #4844 ), #4042, .T. ) ;
#7462 = CARTESIAN_POINT ( 'NONE',  ( -6.945830820748149392, 5.475162842841518440, -3.462372291138045455 ) ) ;
#7463 = ORIENTED_EDGE ( 'NONE', *, *, #2564, .T. ) ;
#7464 = DIRECTION ( 'NONE',  ( 1.000000000000000000, 0.000000000000000000, 0.000000000000000000 ) ) ;
#7465 = CARTESIAN_POINT ( 'NONE',  ( -8.384458441792366656, 1.862412082470977337, -3.094141646974374105 ) ) ;
#7466 = FACE_OUTER_BOUND ( 'NONE', #1059, .T. ) ;
#7467 = CARTESIAN_POINT ( 'NONE',  ( -0.05000000000000003747, 8.619738104553002600, -3.143904910697430832 ) ) ;
#7468 = EDGE_CURVE ( 'NONE', #2088, #3743, #8004, .T. ) ;
#7469 = EDGE_CURVE ( 'NONE', #5010, #1788, #4469, .T. ) ;
#7470 = DIRECTION ( 'NONE',  ( 0.9009688679024158153, -0.4338837391175651703, 0.000000000000000000 ) ) ;
#7471 = ORIENTED_EDGE ( 'NONE', *, *, #36, .T. ) ;
#7472 = ORIENTED_EDGE ( 'NONE', *, *, #3986, .F. ) ;
#7473 = CARTESIAN_POINT ( 'NONE',  ( -9.046037105128460709, 1.107820038576375774E-15, -3.325000000000001066 ) ) ;
#7474 = CARTESIAN_POINT ( 'NONE',  ( -0.05000000000000004441, -8.599024861565366606, -3.114323832567764683 ) ) ;
#7475 = CARTESIAN_POINT ( 'NONE',  ( 0.000000000000000000, 0.000000000000000000, -3.099533293948747659 ) ) ;
#7476 = CARTESIAN_POINT ( 'NONE',  ( 6.906758349006384634, 5.571908387158432951, -3.469286171371085192 ) ) ;
#7477 = DIRECTION ( 'NONE',  ( -0.7818314824680268060, 0.6234898018587372581, 0.000000000000000000 ) ) ;
#7478 = CARTESIAN_POINT ( 'NONE',  ( 6.986779382597008592, -5.507818231228904793, -3.452421434499180375 ) ) ;
#7479 = CARTESIAN_POINT ( 'NONE',  ( 3.690422186055436260, -7.778478875277616389, -3.129114371485063550 ) ) ;
#7480 = ORIENTED_EDGE ( 'NONE', *, *, #1144, .T. ) ;
#7481 = CARTESIAN_POINT ( 'NONE',  ( 0.000000000000000000, 0.000000000000000000, 3.193750000000000533 ) ) ;
#7482 = CIRCLE ( 'NONE', #3480, 9.046037105128458933 ) ;
#7483 = CARTESIAN_POINT ( 'NONE',  ( -0.05000000000000001665, 8.896552580035715252, 3.452421434499180375 ) ) ;
#7484 = CARTESIAN_POINT ( 'NONE',  ( -8.372303308387719412, -1.962209438918102844, 3.114323832567764239 ) ) ;
#7485 = VERTEX_POINT ( 'NONE', #4891 ) ;
#7486 = CARTESIAN_POINT ( 'NONE',  ( -6.691813865204204959, -5.400495881239055329, 3.114323832567764683 ) ) ;
#7487 = CARTESIAN_POINT ( 'NONE',  ( 7.041194074364121036, 5.679117300646331579, 3.193750000000000089 ) ) ;
#7488 = AXIS2_PLACEMENT_3D ( 'NONE', #244, #6483, #1012 ) ;
#7489 = AXIS2_PLACEMENT_3D ( 'NONE', #4823, #9529, #3519 ) ;
#7490 = ORIENTED_EDGE ( 'NONE', *, *, #9749, .T. ) ;
#7491 = DIRECTION ( 'NONE',  ( -0.000000000000000000, -0.000000000000000000, 1.000000000000000000 ) ) ;
#7492 = AXIS2_PLACEMENT_3D ( 'NONE', #7237, #7125, #400 ) ;
#7493 = ORIENTED_EDGE ( 'NONE', *, *, #2742, .F. ) ;
#7494 = CARTESIAN_POINT ( 'NONE',  ( 7.041194074364082844, -5.679117300646379540, 3.193750000000000089 ) ) ;
#7495 = CARTESIAN_POINT ( 'NONE',  ( 3.806642800920362557, -8.019813468767431175, -3.468147503381453944 ) ) ;
#7496 = CARTESIAN_POINT ( 'NONE',  ( 3.879879959974195103, 8.171891996566738925, 3.500000000000000444 ) ) ;
#7497 = AXIS2_PLACEMENT_3D ( 'NONE', #2677, #314, #3388 ) ;
#7498 = CONICAL_SURFACE ( 'NONE', #2865, 4.000000000000000000, 0.7853981633974516097 ) ;
#7499 = VERTEX_POINT ( 'NONE', #7792 ) ;
#7500 = CIRCLE ( 'NONE', #3487, 8.588813778810038713 ) ;
#7501 = CARTESIAN_POINT ( 'NONE',  ( -6.708008130675836789, 5.413410377005411611, 3.143904910697431276 ) ) ;
#7502 = CIRCLE ( 'NONE', #3501, 8.588813778810038713 ) ;
#7503 = CARTESIAN_POINT ( 'NONE',  ( 8.627120136385686422, 1.917798030746237670, 3.454996609771464833 ) ) ;
#7504 = CARTESIAN_POINT ( 'NONE',  ( -3.879526546994039649, -7.940681639855232454, 3.454996609771464833 ) ) ;
#7505 = CARTESIAN_POINT ( 'NONE',  ( 3.789946096564181577, 7.985142404919435499, 3.456597352396201472 ) ) ;
#7506 = CARTESIAN_POINT ( 'NONE',  ( 3.904699512512413317, 7.992953841369454082, 3.453994494324953202 ) ) ;
#7507 = VERTEX_POINT ( 'NONE', #9360 ) ;
#7508 = AXIS2_PLACEMENT_3D ( 'NONE', #5400, #683, #7561 ) ;
#7509 = VERTEX_POINT ( 'NONE', #7944 ) ;
#7510 = EDGE_CURVE ( 'NONE', #11, #2334, #8046, .T. ) ;
#7511 = AXIS2_PLACEMENT_3D ( 'NONE', #2766, #2056, #6722 ) ;
#7512 = AXIS2_PLACEMENT_3D ( 'NONE', #6116, #6161, #3146 ) ;
#7513 = EDGE_LOOP ( 'NONE', ( #8770, #6977, #9401, #9688 ) ) ;
#7514 = CARTESIAN_POINT ( 'NONE',  ( -6.993624741251823984, 5.513277222593560012, 3.437256629622304160 ) ) ;
#7515 = CARTESIAN_POINT ( 'NONE',  ( 3.681435046371100750, 7.759816887428968357, -3.099533293948748103 ) ) ;
#7516 = VERTEX_POINT ( 'NONE', #7249 ) ;
#7517 = CARTESIAN_POINT ( 'NONE',  ( 3.789767423690275194, -7.984771386873925181, 3.456075294419945987 ) ) ;
#7518 = DIRECTION ( 'NONE',  ( -1.000000000000000000, 0.000000000000000000, 0.000000000000000000 ) ) ;
#7519 = CARTESIAN_POINT ( 'NONE',  ( 0.000000000000000000, 0.000000000000000000, -3.193750000000000533 ) ) ;
#7520 = EDGE_CURVE ( 'NONE', #2271, #1706, #3182, .T. ) ;
#7521 = CARTESIAN_POINT ( 'NONE',  ( -0.05000000000000001665, 8.896552580035715252, -3.452421434499180375 ) ) ;
#7522 = AXIS2_PLACEMENT_3D ( 'NONE', #9498, #9306, #6245 ) ;
#7523 = ADVANCED_FACE ( 'NONE', ( #367 ), #1134, .F. ) ;
#7524 = CARTESIAN_POINT ( 'NONE',  ( -6.917884363807239367, -5.580781087886348857, 3.462472406546387216 ) ) ;
#7525 = ORIENTED_EDGE ( 'NONE', *, *, #9892, .T. ) ;
#7526 = ORIENTED_EDGE ( 'NONE', *, *, #6802, .T. ) ;
#7527 = CARTESIAN_POINT ( 'NONE',  ( 0.000000000000000000, 0.000000000000000000, 3.500000000000000000 ) ) ;
#7528 = DIRECTION ( 'NONE',  ( -0.6234898018587431423, -0.7818314824680221431, 0.000000000000000000 ) ) ;
#7529 = CARTESIAN_POINT ( 'NONE',  ( 0.05000000000000002359, 8.837951820048278506, 3.455541280135825843 ) ) ;
#7530 = EDGE_CURVE ( 'NONE', #212, #6890, #4147, .T. ) ;
#7531 = CARTESIAN_POINT ( 'NONE',  ( 0.05000000000000003747, -8.588668239434865015, -3.500000000000000000 ) ) ;
#7532 = CARTESIAN_POINT ( 'NONE',  ( -8.830225396548316397, 1.964155480992796354, -3.500000000000000000 ) ) ;
#7533 = CARTESIAN_POINT ( 'NONE',  ( -8.905600812942541467, 2.083931114241475591, 3.500000000000000444 ) ) ;
#7534 = CONICAL_SURFACE ( 'NONE', #9132, 5.254494074020480632, 0.7853981633973957655 ) ;
#7535 = AXIS2_PLACEMENT_3D ( 'NONE', #6873, #3816, #7012 ) ;
#7536 = CARTESIAN_POINT ( 'NONE',  ( 3.694915755622381504, -7.787809868630364285, -3.143904910697431276 ) ) ;
#7537 = ORIENTED_EDGE ( 'NONE', *, *, #333, .F. ) ;
#7538 = CARTESIAN_POINT ( 'NONE',  ( 8.380768779485729070, 0.000000000000000000, -3.376256313292342437 ) ) ;
#7539 = CARTESIAN_POINT ( 'NONE',  ( -8.763707349719817685, 2.051544857202268535, -3.272391413630714840 ) ) ;
#7540 = CARTESIAN_POINT ( 'NONE',  ( 8.632741730794617041, 2.021652809313000176, -3.470139885832122406 ) ) ;
#7541 = EDGE_CURVE ( 'NONE', #2287, #3214, #1488, .T. ) ;
#7542 = CIRCLE ( 'NONE', #7052, 4.524999999999999467 ) ;
#7543 = ORIENTED_EDGE ( 'NONE', *, *, #2537, .T. ) ;
#7544 = LINE ( 'NONE', #2167, #1738 ) ;
#7545 = B_SPLINE_CURVE_WITH_KNOTS ( 'NONE', 3,
 ( #799, #3865, #3950, #7760, #3110, #6165, #8607 ),
 .UNSPECIFIED., .F., .F.,
 ( 4, 3, 4 ),
 ( 0.0005204849250710204224, 0.0009002598162381896018, 0.0009544278593203497831 ),
 .UNSPECIFIED. ) ;
#7546 = CARTESIAN_POINT ( 'NONE',  ( 0.000000000000000000, 0.000000000000000000, 3.454996609771464389 ) ) ;
#7547 = EDGE_LOOP ( 'NONE', ( #4763, #1524, #3095, #8537, #1051, #3481 ) ) ;
#7548 = CARTESIAN_POINT ( 'NONE',  ( -6.993624741251939447, -5.513277222593413462, 3.437256629622303716 ) ) ;
#7549 = EDGE_LOOP ( 'NONE', ( #5160, #2121, #7316, #7955 ) ) ;
#7550 = DIRECTION ( 'NONE',  ( -0.000000000000000000, -0.000000000000000000, 1.000000000000000000 ) ) ;
#7551 = CARTESIAN_POINT ( 'NONE',  ( -3.930516482760433306, 8.046563332484430120, -3.351032822740168005 ) ) ;
#7552 = CARTESIAN_POINT ( 'NONE',  ( -3.813676398998133266, 8.034418885670955746, 3.457279025203407574 ) ) ;
#7553 = ORIENTED_EDGE ( 'NONE', *, *, #9522, .T. ) ;
#7554 = VERTEX_POINT ( 'NONE', #4946 ) ;
#7555 = CARTESIAN_POINT ( 'NONE',  ( 3.848021920683372787, 7.875261609230258308, -3.351299362948741756 ) ) ;
#7556 = DIRECTION ( 'NONE',  ( -0.000000000000000000, -0.000000000000000000, 1.000000000000000000 ) ) ;
#7557 = CARTESIAN_POINT ( 'NONE',  ( 0.000000000000000000, 0.000000000000000000, 3.500000000000000000 ) ) ;
#7558 = ORIENTED_EDGE ( 'NONE', *, *, #6108, .F. ) ;
#7559 = ORIENTED_EDGE ( 'NONE', *, *, #1166, .T. ) ;
#7560 = CARTESIAN_POINT ( 'NONE',  ( 0.000000000000000000, 0.000000000000000000, 3.500000000000000000 ) ) ;
#7561 = DIRECTION ( 'NONE',  ( 1.000000000000000000, 0.000000000000000000, 0.000000000000000000 ) ) ;
#7562 = VERTEX_POINT ( 'NONE', #1885 ) ;
#7563 = CARTESIAN_POINT ( 'NONE',  ( 8.588813778810038713, 0.000000000000000000, -3.064533293948747517 ) ) ;
#7564 = FACE_OUTER_BOUND ( 'NONE', #9015, .T. ) ;
#7565 = DIRECTION ( 'NONE',  ( -0.000000000000000000, -0.000000000000000000, 1.000000000000000000 ) ) ;
#7566 = AXIS2_PLACEMENT_3D ( 'NONE', #5991, #7597, #5296 ) ;
#7567 = CARTESIAN_POINT ( 'NONE',  ( -0.05000000000000002359, 8.890954014360714197, -3.459706444013471494 ) ) ;
#7568 = DIRECTION ( 'NONE',  ( 0.000000000000000000, 0.000000000000000000, 1.000000000000000000 ) ) ;
#7569 = ORIENTED_EDGE ( 'NONE', *, *, #2305, .T. ) ;
#7570 = B_SPLINE_CURVE_WITH_KNOTS ( 'NONE', 3,
 ( #8608, #4905, #7959, #1094, #4158, #1749, #8019 ),
 .UNSPECIFIED., .F., .F.,
 ( 4, 3, 4 ),
 ( 0.0009532733312319683185, 0.001225696219576461908, 0.001251962535739348193 ),
 .UNSPECIFIED. ) ;
#7571 = EDGE_LOOP ( 'NONE', ( #9546, #9563 ) ) ;
#7572 = DIRECTION ( 'NONE',  ( 1.000000000000000000, 0.000000000000000000, 0.000000000000000000 ) ) ;
#7573 = EDGE_CURVE ( 'NONE', #2860, #4239, #5688, .T. ) ;
#7574 = DIRECTION ( 'NONE',  ( -1.000000000000000000, 0.000000000000000000, 0.000000000000000000 ) ) ;
#7575 = CIRCLE ( 'NONE', #1499, 8.837711872106121191 ) ;
#7576 = EDGE_CURVE ( 'NONE', #1095, #2333, #123, .T. ) ;
#7577 = ADVANCED_FACE ( 'NONE', ( #1230 ), #4997, .T. ) ;
#7578 = CARTESIAN_POINT ( 'NONE',  ( 6.883481840562354570, 5.553345991088222355, -3.462372291138045899 ) ) ;
#7579 = DIRECTION ( 'NONE',  ( 0.000000000000000000, 0.000000000000000000, -1.000000000000000000 ) ) ;
#7580 = LINE ( 'NONE', #9881, #2887 ) ;
#7581 = AXIS2_PLACEMENT_3D ( 'NONE', #5721, #8784, #1924 ) ;
#7582 = EDGE_CURVE ( 'NONE', #9457, #4413, #2066, .T. ) ;
#7583 = DIRECTION ( 'NONE',  ( 0.000000000000000000, 0.000000000000000000, -1.000000000000000000 ) ) ;
#7584 = EDGE_LOOP ( 'NONE', ( #4845, #4866, #6352, #8120 ) ) ;
#7585 = LINE ( 'NONE', #661, #2867 ) ;
#7586 = CARTESIAN_POINT ( 'NONE',  ( -0.05000000000000004441, -8.588668239434865015, -3.099533293948748103 ) ) ;
#7587 = CARTESIAN_POINT ( 'NONE',  ( 8.625100849056945407, 2.019908827917789029, -3.469014143938407457 ) ) ;
#7588 = CIRCLE ( 'NONE', #9195, 8.588813778810038713 ) ;
#7589 = VERTEX_POINT ( 'NONE', #9607 ) ;
#7590 = ADVANCED_FACE ( 'NONE', ( #5289 ), #411, .F. ) ;
#7591 = DIRECTION ( 'NONE',  ( -1.000000000000000000, 0.000000000000000000, 0.000000000000000000 ) ) ;
#7592 = CARTESIAN_POINT ( 'NONE',  ( -0.05000000000000003053, 8.764959675655999760, 3.351299362948741312 ) ) ;
#7593 = VERTEX_POINT ( 'NONE', #4240 ) ;
#7594 = EDGE_CURVE ( 'NONE', #2053, #7191, #7544, .T. ) ;
#7595 = CARTESIAN_POINT ( 'NONE',  ( -6.924430402411211993, -5.586001379475613149, -3.452421434499180375 ) ) ;
#7596 = VERTEX_POINT ( 'NONE', #3545 ) ;
#7597 = DIRECTION ( 'NONE',  ( -0.000000000000000000, -0.000000000000000000, 1.000000000000000000 ) ) ;
#7598 = CARTESIAN_POINT ( 'NONE',  ( -7.103651090456255979, 5.601020308159980310, -3.094141646974374105 ) ) ;
#7599 = DIRECTION ( 'NONE',  ( 1.000000000000000000, 0.000000000000000000, 0.000000000000000000 ) ) ;
#7600 = VERTEX_POINT ( 'NONE', #1185 ) ;
#7601 = CARTESIAN_POINT ( 'NONE',  ( 8.807973303152696332, -2.061648272210920840, -3.094141646974374105 ) ) ;
#7602 = CARTESIAN_POINT ( 'NONE',  ( -6.923676418388918563, 5.585400097282431808, -3.453994494324953202 ) ) ;
#7603 = CARTESIAN_POINT ( 'NONE',  ( -8.651073151173644504, 1.923265150063682816, 3.469900311146004501 ) ) ;
#7604 = CARTESIAN_POINT ( 'NONE',  ( 3.898353220620494053, 7.979775630466988900, 3.466916208273112865 ) ) ;
#7605 = ORIENTED_EDGE ( 'NONE', *, *, #2541, .T. ) ;
#7606 = AXIS2_PLACEMENT_3D ( 'NONE', #7546, #2122, #6676 ) ;
#7607 = VERTEX_POINT ( 'NONE', #2222 ) ;
#7608 = DIRECTION ( 'NONE',  ( 1.000000000000000000, 0.000000000000000000, 0.000000000000000000 ) ) ;
#7609 = DIRECTION ( 'NONE',  ( -0.000000000000000000, -0.000000000000000000, 1.000000000000000000 ) ) ;
#7610 = DIRECTION ( 'NONE',  ( 0.2225209339563182231, 0.9749279121818227312, -0.000000000000000000 ) ) ;
#7611 = ORIENTED_EDGE ( 'NONE', *, *, #8146, .T. ) ;
#7612 = CARTESIAN_POINT ( 'NONE',  ( 6.941595868251079438, -5.471785580921839198, 3.456597352396201472 ) ) ;
#7613 = CARTESIAN_POINT ( 'NONE',  ( -6.974589775732425778, -5.498097344133308084, -3.466916208273112865 ) ) ;
#7614 = DIRECTION ( 'NONE',  ( -0.000000000000000000, -0.000000000000000000, 1.000000000000000000 ) ) ;
#7615 = LINE ( 'NONE', #9366, #4167 ) ;
#7616 = CARTESIAN_POINT ( 'NONE',  ( 10.47500000000000497, 1.314964500584470744E-15, 3.500000000000000444 ) ) ;
#7617 = ORIENTED_EDGE ( 'NONE', *, *, #2786, .F. ) ;
#7618 = CYLINDRICAL_SURFACE ( 'NONE', #5882, 8.737285000697680104 ) ;
#7619 = CARTESIAN_POINT ( 'NONE',  ( 0.05000000000000000278, 9.146037105128458577, -3.500000000000000444 ) ) ;
#7620 = CARTESIAN_POINT ( 'NONE',  ( 3.879820004569413339, 8.171767497885872089, -3.500000000000000000 ) ) ;
#7621 = CYLINDRICAL_SURFACE ( 'NONE', #7026, 9.046037105128458933 ) ;
#7622 = CARTESIAN_POINT ( 'NONE',  ( -8.636785957613616560, 1.920004191366257329, -3.464471549642479165 ) ) ;
#7623 = CARTESIAN_POINT ( 'NONE',  ( 0.05000000000000001665, 8.896245052708611212, -3.452954079042413138 ) ) ;
#7624 = EDGE_CURVE ( 'NONE', #8919, #7302, #9912, .T. ) ;
#7625 = CARTESIAN_POINT ( 'NONE',  ( 0.05000000000000002359, -8.838760696031124908, 3.456597352396201472 ) ) ;
#7626 = EDGE_CURVE ( 'NONE', #3949, #2953, #4953, .T. ) ;
#7627 = VERTEX_POINT ( 'NONE', #1483 ) ;
#7628 = EDGE_LOOP ( 'NONE', ( #8059, #3321 ) ) ;
#7629 = PLANE ( 'NONE',  #1903 ) ;
#7630 = CARTESIAN_POINT ( 'NONE',  ( 5.378237760728125316, 0.000000000000000000, -3.376256313292342437 ) ) ;
#7631 = CARTESIAN_POINT ( 'NONE',  ( 3.898524665975438008, -7.980131640415018879, 3.466489319800472924 ) ) ;
#7632 = VERTEX_POINT ( 'NONE', #5232 ) ;
#7633 = CARTESIAN_POINT ( 'NONE',  ( 0.000000000000000000, 0.000000000000000000, 3.094141646974374105 ) ) ;
#7634 = DIRECTION ( 'NONE',  ( -1.000000000000000000, 0.000000000000000000, 0.000000000000000000 ) ) ;
#7635 = EDGE_CURVE ( 'NONE', #2334, #2642, #8150, .T. ) ;
#7636 = ORIENTED_EDGE ( 'NONE', *, *, #3124, .T. ) ;
#7637 = FACE_OUTER_BOUND ( 'NONE', #9557, .T. ) ;
#7638 = EDGE_CURVE ( 'NONE', #868, #5942, #4304, .T. ) ;
#7639 = EDGE_LOOP ( 'NONE', ( #5079, #6003, #3118, #1851 ) ) ;
#7640 = CARTESIAN_POINT ( 'NONE',  ( 3.793483400516447279, -7.992487692262637111, -3.464362763198132633 ) ) ;
#7641 = CARTESIAN_POINT ( 'NONE',  ( -3.790604961623143865, 7.986510552312109823, 3.458522467003439349 ) ) ;
#7642 = VERTEX_POINT ( 'NONE', #8850 ) ;
#7643 = CARTESIAN_POINT ( 'NONE',  ( 8.676460702543543846, -1.929059692994547603, 3.462472406546387216 ) ) ;
#7644 = CIRCLE ( 'NONE', #253, 8.588813778810038713 ) ;
#7645 = ADVANCED_FACE ( 'NONE', ( #6789 ), #9113, .T. ) ;
#7646 = TOROIDAL_SURFACE ( 'NONE', #904, 8.866382193656235700, 0.03500000000000000333 ) ;
#7647 = AXIS2_PLACEMENT_3D ( 'NONE', #8548, #4656, #7789 ) ;
#7648 = CARTESIAN_POINT ( 'NONE',  ( -3.969916891359540401, 8.128379123974170284, 3.193750000000000089 ) ) ;
#7649 = DIRECTION ( 'NONE',  ( -0.000000000000000000, -0.000000000000000000, 1.000000000000000000 ) ) ;
#7650 = AXIS2_PLACEMENT_3D ( 'NONE', #3318, #8089, #2668 ) ;
#7651 = ORIENTED_EDGE ( 'NONE', *, *, #6714, .F. ) ;
#7652 = CIRCLE ( 'NONE', #7497, 8.896693082788692308 ) ;
#7653 = CIRCLE ( 'NONE', #9567, 11.00000000000000000 ) ;
#7655 = AXIS2_PLACEMENT_3D ( 'NONE', #1038, #7157, #282 ) ;
#7654 = B_SPLINE_CURVE_WITH_KNOTS ( 'NONE', 3,
 ( #3083, #6094, #5387, #5481, #8577, #1715, #7595 ),
 .UNSPECIFIED., .F., .F.,
 ( 4, 3, 4 ),
 ( 0.0009532733312319683185, 0.001225696219576462125, 0.001251962535739348844 ),
 .UNSPECIFIED. ) ;
#7656 = ORIENTED_EDGE ( 'NONE', *, *, #287, .F. ) ;
#7657 = CARTESIAN_POINT ( 'NONE',  ( 3.816517286038998868, 7.809841561300022938, 3.247602129575368757 ) ) ;
#7658 = VECTOR ( 'NONE', #2882, 1000.000000000000000 ) ;
#7659 = CARTESIAN_POINT ( 'NONE',  ( -3.681435046371154041, -7.759816887428941712, -3.500000000000000000 ) ) ;
#7660 = LINE ( 'NONE', #8363, #2057 ) ;
#7661 = ORIENTED_EDGE ( 'NONE', *, *, #3429, .T. ) ;
#7662 = ADVANCED_FACE ( 'NONE', ( #9091 ), #621, .T. ) ;
#7663 = DIRECTION ( 'NONE',  ( -1.000000000000000000, 0.000000000000000000, 0.000000000000000000 ) ) ;
#7664 = CARTESIAN_POINT ( 'NONE',  ( 8.684010043491955599, 1.930782780801905352, 3.453478796700601539 ) ) ;
#7666 = B_SPLINE_CURVE_WITH_KNOTS ( 'NONE', 3,
 ( #5529, #4933, #7888, #3275, #9392, #2672, #247, #2471, #1780, #2518, #1178, #1060, #1873, #309, #4836, #7993, #404, #1829, #1015, #6486, #7085, #3322, #8690, #4128, #7289 ),
 .UNSPECIFIED., .F., .F.,
 ( 4, 3, 3, 3, 3, 3, 3, 3, 4 ),
 ( 0.0001509499138714757212, 0.0001527764003826876727, 0.0001645282963311841672, 0.0001762803579144513178, 0.0001880325997012806643, 0.0001997849575937743461, 0.0002115373162334718946, 0.0002188290956692533640, 0.0002208042975641514151 ),
 .UNSPECIFIED. ) ;
#7665 = CARTESIAN_POINT ( 'NONE',  ( 6.691813865204133016, -5.400495881239145923, -3.114323832567764683 ) ) ;
#7667 = VECTOR ( 'NONE', #8421, 1000.000000000000000 ) ;
#7668 = DIRECTION ( 'NONE',  ( -0.000000000000000000, -0.000000000000000000, 1.000000000000000000 ) ) ;
#7669 = VECTOR ( 'NONE', #1108, 1000.000000000000000 ) ;
#7670 = ADVANCED_FACE ( 'NONE', ( #8288 ), #1426, .T. ) ;
#7671 = ORIENTED_EDGE ( 'NONE', *, *, #4334, .F. ) ;
#7672 = CARTESIAN_POINT ( 'NONE',  ( -6.754162845389966918, 5.322312732992394935, -3.114323832567763795 ) ) ;
#7673 = CARTESIAN_POINT ( 'NONE',  ( 0.05000000000000002359, -8.877823310605135632, -3.468181098941469642 ) ) ;
#7674 = AXIS2_PLACEMENT_3D ( 'NONE', #8437, #9292, #7774 ) ;
#7675 = CARTESIAN_POINT ( 'NONE',  ( 0.000000000000000000, 0.000000000000000000, -3.064533293948747517 ) ) ;
#7676 = CONICAL_SURFACE ( 'NONE', #2707, 8.737285000697680104, 0.5235987755983008141 ) ;
#7677 = DIRECTION ( 'NONE',  ( -1.000000000000000000, 0.000000000000000000, 0.000000000000000000 ) ) ;
#7678 = CARTESIAN_POINT ( 'NONE',  ( -8.669808522246107430, 1.927541376251250771, -3.466489319800472924 ) ) ;
#7679 = CARTESIAN_POINT ( 'NONE',  ( -0.05000000000000003747, -8.588668239434865015, -3.094141646974374105 ) ) ;
#7680 = CARTESIAN_POINT ( 'NONE',  ( -3.923268333885832959, 8.261988883357034297, 3.094141646974374105 ) ) ;
#7681 = AXIS2_PLACEMENT_3D ( 'NONE', #6398, #1841, #4194 ) ;
#7682 = VERTEX_POINT ( 'NONE', #2977 ) ;
#7683 = EDGE_LOOP ( 'NONE', ( #4974, #3736, #957, #4764 ) ) ;
#7684 = CARTESIAN_POINT ( 'NONE',  ( 9.621762239271875572, 0.000000000000000000, 1.224999999999999867 ) ) ;
#7685 = CARTESIAN_POINT ( 'NONE',  ( -8.830360115119992415, 1.964186229627660873, 3.500000000000000444 ) ) ;
#7686 = LINE ( 'NONE', #3777, #4606 ) ;
#7687 = CARTESIAN_POINT ( 'NONE',  ( 3.896991616625447019, -7.976948230637761483, 3.468181098941469198 ) ) ;
#7688 = ORIENTED_EDGE ( 'NONE', *, *, #542, .F. ) ;
#7689 = CIRCLE ( 'NONE', #6396, 9.046037105128460709 ) ;
#7690 = FACE_OUTER_BOUND ( 'NONE', #4668, .T. ) ;
#7691 = CARTESIAN_POINT ( 'NONE',  ( 3.880042983354423214, 7.941754031007677739, -3.456597352396201472 ) ) ;
#7692 = CONICAL_SURFACE ( 'NONE', #4654, 8.869223585189136116, 0.6108652381980126389 ) ;
#7693 = EDGE_LOOP ( 'NONE', ( #1083, #968, #8967, #6113 ) ) ;
#7694 = DIRECTION ( 'NONE',  ( 1.000000000000000000, 0.000000000000000000, 0.000000000000000000 ) ) ;
#7695 = EDGE_LOOP ( 'NONE', ( #7412, #5964, #8441, #5532 ) ) ;
#7696 = AXIS2_PLACEMENT_3D ( 'NONE', #8872, #2003, #5066 ) ;
#7697 = CARTESIAN_POINT ( 'NONE',  ( -8.607508921307893246, 2.015893585207247707, -3.458522467003439349 ) ) ;
#7698 = CARTESIAN_POINT ( 'NONE',  ( -8.651001148481851644, -2.025820402246215401, 3.464797546056691768 ) ) ;
#7699 = ADVANCED_FACE ( 'NONE', ( #5048 ), #9754, .T. ) ;
#7700 = ORIENTED_EDGE ( 'NONE', *, *, #391, .T. ) ;
#7701 = DIRECTION ( 'NONE',  ( 0.000000000000000000, 0.000000000000000000, 1.000000000000000000 ) ) ;
#7702 = ADVANCED_FACE ( 'NONE', ( #4581 ), #756, .F. ) ;
#7703 = EDGE_CURVE ( 'NONE', #4955, #2301, #4633, .T. ) ;
#7704 = CARTESIAN_POINT ( 'NONE',  ( -6.883481840562392762, -5.553345991088175282, -3.462372291138045455 ) ) ;
#7705 = DIRECTION ( 'NONE',  ( 1.000000000000000000, 0.000000000000000000, 0.000000000000000000 ) ) ;
#7706 = B_SPLINE_CURVE_WITH_KNOTS ( 'NONE', 3,
 ( #376, #6505, #7366, #8711, #9561, #4856, #4250 ),
 .UNSPECIFIED., .F., .F.,
 ( 4, 3, 4 ),
 ( 0.0008460917731560551160, 0.0009002598162382143216, 0.001280034707405372334 ),
 .UNSPECIFIED. ) ;
#7707 = ORIENTED_EDGE ( 'NONE', *, *, #1877, .F. ) ;
#7708 = ADVANCED_FACE ( 'NONE', ( #7690 ), #1902, .F. ) ;
#7709 = ORIENTED_EDGE ( 'NONE', *, *, #8674, .F. ) ;
#7710 = CARTESIAN_POINT ( 'NONE',  ( -3.816517286038889178, 7.809841561300076229, -3.247602129575368313 ) ) ;
#7711 = CARTESIAN_POINT ( 'NONE',  ( 8.661431183075031015, -2.028200989579895364, 3.453994494324953202 ) ) ;
#7712 = CARTESIAN_POINT ( 'NONE',  ( 3.818819942739251960, -8.045099564303450634, 3.437256629622303716 ) ) ;
#7713 = EDGE_LOOP ( 'NONE', ( #8569, #3748, #378, #2095 ) ) ;
#7714 = CARTESIAN_POINT ( 'NONE',  ( 8.737285000697680104, 0.000000000000000000, -2.450000000000000178 ) ) ;
#7715 = CARTESIAN_POINT ( 'NONE',  ( -8.661757950096298231, 2.028275572020205253, 3.453478796700601094 ) ) ;
#7716 = CARTESIAN_POINT ( 'NONE',  ( 6.878924930671451499, -5.549711976714768014, -3.456075294419946431 ) ) ;
#7717 = EDGE_CURVE ( 'NONE', #7779, #8213, #7073, .T. ) ;
#7718 = DIRECTION ( 'NONE',  ( 0.000000000000000000, 0.000000000000000000, -1.000000000000000000 ) ) ;
#7719 = EDGE_LOOP ( 'NONE', ( #2469, #7198 ) ) ;
#7720 = CARTESIAN_POINT ( 'NONE',  ( 8.658289197118433478, 1.924912165461357461, -3.469985047562923697 ) ) ;
#7721 = DIRECTION ( 'NONE',  ( 0.000000000000000000, 0.000000000000000000, -1.000000000000000000 ) ) ;
#7722 = CARTESIAN_POINT ( 'NONE',  ( -0.05000000000000001665, -8.905308122385132918, -3.437256629622304160 ) ) ;
#7723 = CARTESIAN_POINT ( 'NONE',  ( -8.684623479167832727, 1.930922793492005907, -3.452421434499180375 ) ) ;
#7724 = DIRECTION ( 'NONE',  ( -0.6234898018587431423, -0.7818314824680221431, 0.000000000000000000 ) ) ;
#7725 = PRODUCT_DEFINITION_FORMATION_WITH_SPECIFIED_SOURCE ( 'ANY', '', #9541, .NOT_KNOWN. ) ;
#7726 = CARTESIAN_POINT ( 'NONE',  ( -6.683716731970554825, -5.394038632958984003, -3.099533293948748103 ) ) ;
#7727 = VERTEX_POINT ( 'NONE', #3265 ) ;
#7728 = ORIENTED_EDGE ( 'NONE', *, *, #3174, .F. ) ;
#7729 = FACE_OUTER_BOUND ( 'NONE', #4975, .T. ) ;
#7730 = CARTESIAN_POINT ( 'NONE',  ( -8.384458441792366656, 1.862412082470977337, 3.099533293948748103 ) ) ;
#7731 = CARTESIAN_POINT ( 'NONE',  ( 0.000000000000000000, 0.000000000000000000, 3.099533293948747659 ) ) ;
#7732 = CARTESIAN_POINT ( 'NONE',  ( -8.927852906338214822, -1.986438323023113961, -3.500000000000000444 ) ) ;
#7733 = AXIS2_PLACEMENT_3D ( 'NONE', #4291, #6682, #5235 ) ;
#7734 = ORIENTED_EDGE ( 'NONE', *, *, #9224, .F. ) ;
#7735 = LINE ( 'NONE', #3037, #5344 ) ;
#7736 = ORIENTED_EDGE ( 'NONE', *, *, #6958, .T. ) ;
#7737 = VECTOR ( 'NONE', #7329, 1000.000000000000000 ) ;
#7738 = DIRECTION ( 'NONE',  ( -1.000000000000000000, 0.000000000000000000, 0.000000000000000000 ) ) ;
#7739 = CARTESIAN_POINT ( 'NONE',  ( -3.816920499029686109, -8.041155328798666346, -3.444839032082838592 ) ) ;
#7740 = ORIENTED_EDGE ( 'NONE', *, *, #1351, .F. ) ;
#7741 = CARTESIAN_POINT ( 'NONE',  ( 8.627491962581022023, -1.917882897648993668, 3.455541280135825399 ) ) ;
#7742 = FACE_OUTER_BOUND ( 'NONE', #1600, .T. ) ;
#7743 = EDGE_CURVE ( 'NONE', #4955, #5744, #8532, .T. ) ;
#7744 = ORIENTED_EDGE ( 'NONE', *, *, #391, .F. ) ;
#7745 = EDGE_CURVE ( 'NONE', #1133, #43, #8473, .T. ) ;
#7746 = VERTEX_POINT ( 'NONE', #9197 ) ;
#7747 = CARTESIAN_POINT ( 'NONE',  ( 3.776025503095951752, 7.725759507633421563, 3.114323832567765127 ) ) ;
#7748 = B_SPLINE_CURVE_WITH_KNOTS ( 'NONE', 3,
 ( #8515, #7665, #3860, #6205, #1608, #1553, #4560 ),
 .UNSPECIFIED., .F., .F.,
 ( 4, 3, 4 ),
 ( 0.0008460917731560552244, 0.0009002598162382144300, 0.001280034707405372117 ),
 .UNSPECIFIED. ) ;
#7749 = CARTESIAN_POINT ( 'NONE',  ( 8.609196891592764800, -2.016278853409674721, 3.460296783607140103 ) ) ;
#7750 = DIRECTION ( 'NONE',  ( 0.000000000000000000, -0.000000000000000000, 1.000000000000000000 ) ) ;
#7751 = ORIENTED_EDGE ( 'NONE', *, *, #2634, .T. ) ;
#7752 = CARTESIAN_POINT ( 'NONE',  ( 8.662371385772228649, 2.028415584710071773, 3.452421434499180375 ) ) ;
#7753 = CARTESIAN_POINT ( 'NONE',  ( 6.985582152474043127, -5.506863472065471221, 3.455073707654066073 ) ) ;
#7754 = CARTESIAN_POINT ( 'NONE',  ( 8.650651955850438668, 1.923169014979594804, 3.469846945119945847 ) ) ;
#7755 = CARTESIAN_POINT ( 'NONE',  ( -8.639919988884464885, 2.023291199879618585, 3.469378817057675590 ) ) ;
#7756 = CARTESIAN_POINT ( 'NONE',  ( -8.601156667459632033, 0.000000000000000000, -2.994533293948747676 ) ) ;
#7757 = CARTESIAN_POINT ( 'NONE',  ( -0.05000000000000002359, -8.842010604659868989, 3.460296783607140103 ) ) ;
#7758 = EDGE_CURVE ( 'NONE', #7291, #5123, #1475, .T. ) ;
#7759 = ORIENTED_EDGE ( 'NONE', *, *, #5815, .T. ) ;
#7760 = CARTESIAN_POINT ( 'NONE',  ( 8.392497227128158599, 1.966818569093031321, -3.143904910697430832 ) ) ;
#7761 = B_SPLINE_CURVE_WITH_KNOTS ( 'NONE', 3,
 ( #845, #7060, #9180, #2302, #175, #74, #6308 ),
 .UNSPECIFIED., .F., .F.,
 ( 4, 3, 4 ),
 ( 0.0005204849250710215066, 0.0009002598162381898186, 0.0009544278593203507589 ),
 .UNSPECIFIED. ) ;
#7762 = LINE ( 'NONE', #742, #1894 ) ;
#7763 = DIRECTION ( 'NONE',  ( 0.000000000000000000, 0.000000000000000000, -1.000000000000000000 ) ) ;
#7764 = EDGE_CURVE ( 'NONE', #3368, #2764, #3130, .T. ) ;
#7765 = CARTESIAN_POINT ( 'NONE',  ( 7.041194074364082844, -5.679117300646379540, -3.193750000000000089 ) ) ;
#7766 = EDGE_CURVE ( 'NONE', #9513, #399, #4636, .T. ) ;
#7767 = DIRECTION ( 'NONE',  ( -0.000000000000000000, -0.000000000000000000, 1.000000000000000000 ) ) ;
#7768 = DIRECTION ( 'NONE',  ( -1.000000000000000000, 0.000000000000000000, 0.000000000000000000 ) ) ;
#7769 = EDGE_LOOP ( 'NONE', ( #5375, #1716, #3808, #4427, #4697, #3706 ) ) ;
#7770 = ORIENTED_EDGE ( 'NONE', *, *, #9348, .F. ) ;
#7771 = CARTESIAN_POINT ( 'NONE',  ( 8.830225396548327055, -1.964155480992738623, -3.094141646974374105 ) ) ;
#7772 = DIRECTION ( 'NONE',  ( -0.000000000000000000, -0.000000000000000000, -1.000000000000000000 ) ) ;
#7773 = CARTESIAN_POINT ( 'NONE',  ( 0.000000000000000000, 0.000000000000000000, 3.193750000000000533 ) ) ;
#7774 = DIRECTION ( 'NONE',  ( 1.000000000000000000, 0.000000000000000000, 0.000000000000000000 ) ) ;
#7775 = CARTESIAN_POINT ( 'NONE',  ( 3.898353220620494053, 7.979775630466988900, -3.466916208273112865 ) ) ;
#7776 = EDGE_CURVE ( 'NONE', #7291, #2333, #1342, .T. ) ;
#7777 = VERTEX_POINT ( 'NONE', #953 ) ;
#7778 = CARTESIAN_POINT ( 'NONE',  ( 0.000000000000000000, 0.000000000000000000, 3.094141646974374105 ) ) ;
#7779 = VERTEX_POINT ( 'NONE', #8628 ) ;
#7780 = COORDINATED_UNIVERSAL_TIME_OFFSET ( 6, 0, .BEHIND. ) ;
#7781 = DIRECTION ( 'NONE',  ( -0.000000000000000000, -0.000000000000000000, -1.000000000000000000 ) ) ;
#7782 = CARTESIAN_POINT ( 'NONE',  ( -8.608393747221361636, -2.016095540947786979, 3.459673052288552153 ) ) ;
#7783 = ORIENTED_EDGE ( 'NONE', *, *, #1642, .F. ) ;
#7784 = CARTESIAN_POINT ( 'NONE',  ( 6.986779382597008592, -5.507818231228904793, -3.452421434499180375 ) ) ;
#7785 = CC_DESIGN_SECURITY_CLASSIFICATION ( #1651, ( #7725 ) ) ;
#7786 = CARTESIAN_POINT ( 'NONE',  ( -8.678939294432090890, -1.929625415418661394, -3.460240287494900091 ) ) ;
#7787 = B_SPLINE_CURVE_WITH_KNOTS ( 'NONE', 3,
 ( #9374, #1699, #7722, #9934, #6312, #7063, #3114 ),
 .UNSPECIFIED., .F., .F.,
 ( 4, 3, 4 ),
 ( 0.001199429903413612702, 0.001225696219576499638, 0.001498119107920983795 ),
 .UNSPECIFIED. ) ;
#7788 = ORIENTED_EDGE ( 'NONE', *, *, #5423, .T. ) ;
#7789 = DIRECTION ( 'NONE',  ( 1.000000000000000000, 0.000000000000000000, 0.000000000000000000 ) ) ;
#7790 = CIRCLE ( 'NONE', #9087, 9.046037105128458933 ) ;
#7791 = CARTESIAN_POINT ( 'NONE',  ( 3.948248986463556154, 3.148623499386596247, -1.592040838891560081E-16 ) ) ;
#7792 = CARTESIAN_POINT ( 'NONE',  ( 5.686989865158905921, 0.000000000000000000, 3.376256313292342437 ) ) ;
#7793 = ORIENTED_EDGE ( 'NONE', *, *, #1756, .T. ) ;
#7794 = CARTESIAN_POINT ( 'NONE',  ( 8.684623479167845161, -1.930922793491949063, -3.452421434499180375 ) ) ;
#7795 = DIRECTION ( 'NONE',  ( 0.000000000000000000, 0.000000000000000000, -1.000000000000000000 ) ) ;
#7796 = CARTESIAN_POINT ( 'NONE',  ( -8.719441388652395375, -2.041441440450835643, -3.351032822740168449 ) ) ;
#7797 = DIRECTION ( 'NONE',  ( 1.000000000000000000, 0.000000000000000000, 0.000000000000000000 ) ) ;
#7798 = CARTESIAN_POINT ( 'NONE',  ( 6.909333309708286741, -5.573961849795694867, -3.468147503381453944 ) ) ;
#7799 = ADVANCED_FACE ( 'NONE', ( #3309 ), #7874, .T. ) ;
#7800 = AXIS2_PLACEMENT_3D ( 'NONE', #4157, #5058, #2698 ) ;
#7801 = VECTOR ( 'NONE', #1765, 1000.000000000000000 ) ;
#7802 = VECTOR ( 'NONE', #6265, 1000.000000000000000 ) ;
#7803 = DIRECTION ( 'NONE',  ( 1.000000000000000000, 0.000000000000000000, 0.000000000000000000 ) ) ;
#7804 = VECTOR ( 'NONE', #5053, 1000.000000000000000 ) ;
#7805 = VERTEX_POINT ( 'NONE', #4318 ) ;
#7806 = CARTESIAN_POINT ( 'NONE',  ( -6.963018244171545135, 5.488869355645132231, 3.470139885832122406 ) ) ;
#7807 = B_SPLINE_CURVE_WITH_KNOTS ( 'NONE', 3,
 ( #9347, #1676, #2377, #4732, #7782, #867, #3932, #3086, #909, #3981, #7083, #2516, #5527, #6145, #4644, #157, #7698, #55, #7038, #3230, #3272, #7127 ),
 .UNSPECIFIED., .F., .F.,
 ( 4, 3, 3, 3, 3, 3, 3, 4 ),
 ( 0.0002168574548798330880, 0.0002188290334246885285, 0.0002305812013871285108, 0.0002423333607551998953, 0.0002540856419916200527, 0.0002658380091482384394, 0.0002775903405257911893, 0.0002867718163053230968 ),
 .UNSPECIFIED. ) ;
#7808 = CARTESIAN_POINT ( 'NONE',  ( 0.000000000000000000, 0.000000000000000000, -3.500000000000000888 ) ) ;
#7809 = ADVANCED_FACE ( 'NONE', ( #7922 ), #5906, .T. ) ;
#7810 = VECTOR ( 'NONE', #3951, 1000.000000000000000 ) ;
#7811 = AXIS2_PLACEMENT_3D ( 'NONE', #2461, #4576, #812 ) ;
#7812 = CARTESIAN_POINT ( 'NONE',  ( 0.000000000000000000, 0.000000000000000000, 3.452421434499180375 ) ) ;
#7813 = CARTESIAN_POINT ( 'NONE',  ( 0.000000000000000000, 0.000000000000000000, 3.094141646974374105 ) ) ;
#7814 = EDGE_CURVE ( 'NONE', #3188, #4690, #8749, .T. ) ;
#7815 = DIRECTION ( 'NONE',  ( 1.000000000000000000, 0.000000000000000000, 0.000000000000000000 ) ) ;
#7816 = AXIS2_PLACEMENT_3D ( 'NONE', #382, #1099, #4163 ) ;
#7817 = EDGE_CURVE ( 'NONE', #8239, #2797, #9120, .T. ) ;
#7818 = AXIS2_PLACEMENT_3D ( 'NONE', #211, #7897, #3284 ) ;
#7819 = CARTESIAN_POINT ( 'NONE',  ( -8.737285000697680104, 0.000000000000000000, 2.758752104430781227 ) ) ;
#7820 = ORIENTED_EDGE ( 'NONE', *, *, #71, .F. ) ;
#7821 = VERTEX_POINT ( 'NONE', #1048 ) ;
#7822 = DIRECTION ( 'NONE',  ( -0.000000000000000000, -0.000000000000000000, 1.000000000000000000 ) ) ;
#7823 = ADVANCED_FACE ( 'NONE', ( #9579 ), #1102, .F. ) ;
#7824 = CARTESIAN_POINT ( 'NONE',  ( 3.950216688758900752, -8.087471231756987677, 3.272391413630715284 ) ) ;
#7825 = CIRCLE ( 'NONE', #286, 5.686989865158905921 ) ;
#7826 = CARTESIAN_POINT ( 'NONE',  ( -3.969916891359710487, -8.128379123974086795, 3.094141646974374105 ) ) ;
#7827 = CARTESIAN_POINT ( 'NONE',  ( 6.924430402411174690, 5.586001379475661111, 3.452421434499180375 ) ) ;
#7828 = CARTESIAN_POINT ( 'NONE',  ( 3.899896769729807033, 7.982980843219137590, -3.465025888964337497 ) ) ;
#7829 = AXIS2_PLACEMENT_3D ( 'NONE', #8985, #5867, #2870 ) ;
#7830 = ORIENTED_EDGE ( 'NONE', *, *, #7023, .F. ) ;
#7831 = CARTESIAN_POINT ( 'NONE',  ( 5.254494074020480632, 0.000000000000000000, -3.500000000000000000 ) ) ;
#7832 = ORIENTED_EDGE ( 'NONE', *, *, #551, .F. ) ;
#7833 = EDGE_CURVE ( 'NONE', #7805, #8027, #8993, .T. ) ;
#7834 = TOROIDAL_SURFACE ( 'NONE', #9445, 8.866382193656235700, 0.03500000000000000333 ) ;
#7835 = CARTESIAN_POINT ( 'NONE',  ( 3.771531933161342831, 7.716428513517212373, 3.094141646974374105 ) ) ;
#7836 = CARTESIAN_POINT ( 'NONE',  ( -3.815021055286796692, -8.037211093224973624, -3.452421434499180375 ) ) ;
#7837 = AXIS2_PLACEMENT_3D ( 'NONE', #370, #2687, #927 ) ;
#7838 = ORIENTED_EDGE ( 'NONE', *, *, #2170, .F. ) ;
#7839 = DIRECTION ( 'NONE',  ( 1.000000000000000000, 0.000000000000000000, 0.000000000000000000 ) ) ;
#7840 = CARTESIAN_POINT ( 'NONE',  ( 8.617377996965249309, -2.018146137324242861, -3.466377381984354411 ) ) ;
#7841 = EDGE_CURVE ( 'NONE', #9782, #3076, #6475, .T. ) ;
#7842 = AXIS2_PLACEMENT_3D ( 'NONE', #5711, #4217, #8670 ) ;
#7843 = EDGE_LOOP ( 'NONE', ( #2592, #357, #3175, #8462, #5439, #494 ) ) ;
#7844 = AXIS2_PLACEMENT_3D ( 'NONE', #5858, #9778, #1252 ) ;
#7845 = FACE_OUTER_BOUND ( 'NONE', #575, .T. ) ;
#7846 = DIRECTION ( 'NONE',  ( -1.000000000000000000, -6.776263578034444621E-17, 0.000000000000000000 ) ) ;
#7847 = ORIENTED_EDGE ( 'NONE', *, *, #4165, .T. ) ;
#7848 = CARTESIAN_POINT ( 'NONE',  ( 6.971682289894198803, 5.495778701548846179, 3.468147503381453944 ) ) ;
#7849 = ORIENTED_EDGE ( 'NONE', *, *, #6041, .F. ) ;
#7850 = CARTESIAN_POINT ( 'NONE',  ( -8.830225396548355477, -1.964155480992619385, 3.094141646974374105 ) ) ;
#7851 = CARTESIAN_POINT ( 'NONE',  ( -3.898524665975382053, 7.980131640415047301, -3.466489319800472924 ) ) ;
#7852 = DIRECTION ( 'NONE',  ( -0.7071067811865434649, 0.000000000000000000, -0.7071067811865516806 ) ) ;
#7853 = CARTESIAN_POINT ( 'NONE',  ( -8.607508921307893246, 2.015893585207247707, 3.458522467003439349 ) ) ;
#7854 = CARTESIAN_POINT ( 'NONE',  ( -8.830225396548316397, 1.964155480992796354, -3.193750000000000089 ) ) ;
#7855 = B_SPLINE_CURVE_WITH_KNOTS ( 'NONE', 3,
 ( #585, #3657, #9825, #5855, #8912, #6709, #9776 ),
 .UNSPECIFIED., .F., .F.,
 ( 4, 3, 4 ),
 ( 0.0005204849250710212897, 0.0009002598162381907944, 0.0009544278593203510842 ),
 .UNSPECIFIED. ) ;
#7856 = CARTESIAN_POINT ( 'NONE',  ( -0.05000000000000002359, -8.838760696031124908, 3.456597352396201472 ) ) ;
#7857 = ORIENTED_EDGE ( 'NONE', *, *, #3064, .T. ) ;
#7858 = CARTESIAN_POINT ( 'NONE',  ( -6.985582152474003159, 5.506863472065523624, 3.455073707654065629 ) ) ;
#7859 = CARTESIAN_POINT ( 'NONE',  ( -3.789429660203798456, -7.984070013766990215, 3.454996609771464833 ) ) ;
#7860 = ORIENTED_EDGE ( 'NONE', *, *, #4635, .T. ) ;
#7861 = CARTESIAN_POINT ( 'NONE',  ( -6.941273910857398199, -5.471528828467872252, 3.456075294419946431 ) ) ;
#7862 = CARTESIAN_POINT ( 'NONE',  ( -6.691813865204204959, -5.400495881239055329, -3.114323832567764683 ) ) ;
#7863 = CARTESIAN_POINT ( 'NONE',  ( -6.924430402411211993, -5.586001379475613149, 3.452421434499180375 ) ) ;
#7864 = CARTESIAN_POINT ( 'NONE',  ( 0.000000000000000000, 0.000000000000000000, -3.193750000000000533 ) ) ;
#7865 = ADVANCED_FACE ( 'NONE', ( #4870 ), #7175, .T. ) ;
#7866 = DIRECTION ( 'NONE',  ( 0.2225209339563050392, -0.9749279121818257288, 0.000000000000000000 ) ) ;
#7867 = VERTEX_POINT ( 'NONE', #1111 ) ;
#7868 = EDGE_LOOP ( 'NONE', ( #368, #5153, #8970, #6433, #8109, #2423 ) ) ;
#7869 = CARTESIAN_POINT ( 'NONE',  ( -3.816920499029517799, 8.041155328798748059, 3.444839032082838592 ) ) ;
#7870 = ADVANCED_FACE ( 'NONE', ( #8082 ), #4478, .F. ) ;
#7871 = CARTESIAN_POINT ( 'NONE',  ( -3.879526546994039649, -7.940681639855232454, -3.454996609771464833 ) ) ;
#7872 = EDGE_CURVE ( 'NONE', #1440, #679, #3988, .T. ) ;
#7873 = CARTESIAN_POINT ( 'NONE',  ( 0.000000000000000000, 5.686989865158905921, -3.376256313292342437 ) ) ;
#7874 = PLANE ( 'NONE',  #288 ) ;
#7875 = DIRECTION ( 'NONE',  ( 1.000000000000000000, 7.105427357601001859E-15, 0.000000000000000000 ) ) ;
#7876 = CARTESIAN_POINT ( 'NONE',  ( -7.103543054550032210, -5.600934152399481114, 3.500000000000000000 ) ) ;
#7877 = ADVANCED_FACE ( 'NONE', ( #8129 ), #1968, .T. ) ;
#7878 = AXIS2_PLACEMENT_3D ( 'NONE', #4514, #7568, #691 ) ;
#7879 = VERTEX_POINT ( 'NONE', #2659 ) ;
#7880 = DIRECTION ( 'NONE',  ( 0.000000000000000000, 0.000000000000000000, -1.000000000000000000 ) ) ;
#7881 = ORIENTED_EDGE ( 'NONE', *, *, #1960, .F. ) ;
#7882 = CARTESIAN_POINT ( 'NONE',  ( -0.05000000000000000971, 9.045898922017695298, 3.193750000000000089 ) ) ;
#7883 = EDGE_CURVE ( 'NONE', #4392, #7805, #1918, .T. ) ;
#7884 = CARTESIAN_POINT ( 'NONE',  ( -3.757925033893019240, 7.918649983142067583, 3.351299362948741756 ) ) ;
#7885 = CARTESIAN_POINT ( 'NONE',  ( -3.820719386415976970, -8.049043799739470373, -3.429674227117770702 ) ) ;
#7886 = TOROIDAL_SURFACE ( 'NONE', #5974, 7.500000000000000000, 2.450000000000000178 ) ;
#7887 = VERTEX_POINT ( 'NONE', #7278 ) ;
#7888 = CARTESIAN_POINT ( 'NONE',  ( -3.904844937517990555, -7.993255819504991422, -3.453478796700601539 ) ) ;
#7889 = ADVANCED_FACE ( 'NONE', ( #2717 ), #7356, .T. ) ;
#7890 = CARTESIAN_POINT ( 'NONE',  ( -8.684010043491969810, -1.930782780801848286, -3.453478796700601539 ) ) ;
#7891 = EDGE_CURVE ( 'NONE', #4392, #3347, #1212, .T. ) ;
#7892 = VERTEX_POINT ( 'NONE', #5177 ) ;
#7893 = AXIS2_PLACEMENT_3D ( 'NONE', #6432, #1117, #9585 ) ;
#7894 = CARTESIAN_POINT ( 'NONE',  ( 0.000000000000000000, 0.000000000000000000, -3.500000000000000444 ) ) ;
#7895 = CARTESIAN_POINT ( 'NONE',  ( 3.815021055286742069, 8.037211093225000269, -3.452421434499180375 ) ) ;
#7896 = ORIENTED_EDGE ( 'NONE', *, *, #5003, .F. ) ;
#7897 = DIRECTION ( 'NONE',  ( -0.000000000000000000, -0.000000000000000000, 1.000000000000000000 ) ) ;
#7898 = ORIENTED_EDGE ( 'NONE', *, *, #4686, .T. ) ;
#7899 = AXIS2_PLACEMENT_3D ( 'NONE', #2653, #1808, #8769 ) ;
#7900 = CARTESIAN_POINT ( 'NONE',  ( 8.693159501790580279, -1.932871084952834995, -3.437256629622304160 ) ) ;
#7901 = CARTESIAN_POINT ( 'NONE',  ( 0.05000000000000004441, -8.599024861565366606, 3.114323832567764239 ) ) ;
#7902 = DIRECTION ( 'NONE',  ( 0.000000000000000000, 1.000000000000000000, -0.000000000000000000 ) ) ;
#7903 = CARTESIAN_POINT ( 'NONE',  ( 8.807973303152710542, 2.061648272210859556, -3.193750000000000089 ) ) ;
#7904 = CARTESIAN_POINT ( 'NONE',  ( -8.693159501790567845, 1.932871084952892282, -3.437256629622304160 ) ) ;
#7905 = EDGE_LOOP ( 'NONE', ( #2096, #275, #8178, #3092, #8802, #8060 ) ) ;
#7906 = CARTESIAN_POINT ( 'NONE',  ( 3.898524665975438008, -7.980131640415018879, -3.466489319800472924 ) ) ;
#7907 = VERTEX_POINT ( 'NONE', #4568 ) ;
#7908 = PLANE ( 'NONE',  #9114 ) ;
#7909 = LINE ( 'NONE', #1849, #596 ) ;
#7910 = DIRECTION ( 'NONE',  ( -0.9749279121818258398, -0.2225209339563050670, 0.000000000000000000 ) ) ;
#7911 = VERTEX_POINT ( 'NONE', #2261 ) ;
#7912 = FACE_OUTER_BOUND ( 'NONE', #7683, .T. ) ;
#7913 = CARTESIAN_POINT ( 'NONE',  ( -8.601156667459632033, 0.000000000000000000, 2.994533293948747676 ) ) ;
#7914 = DIRECTION ( 'NONE',  ( -1.000000000000000000, 0.000000000000000000, 0.000000000000000000 ) ) ;
#7915 = PLANE ( 'NONE',  #955 ) ;
#7916 = CARTESIAN_POINT ( 'NONE',  ( 8.905600812942555677, -2.083931114241416971, -3.094141646974374105 ) ) ;
#7917 = ORIENTED_EDGE ( 'NONE', *, *, #7530, .F. ) ;
#7918 = ORIENTED_EDGE ( 'NONE', *, *, #5191, .F. ) ;
#7919 = CARTESIAN_POINT ( 'NONE',  ( 6.691813865204168543, 5.400495881239101514, -3.114323832567764683 ) ) ;
#7920 = CARTESIAN_POINT ( 'NONE',  ( -8.362206348396773237, -1.959904873688991467, 3.094141646974374105 ) ) ;
#7921 = CARTESIAN_POINT ( 'NONE',  ( 0.05000000000000001665, 8.896552580035715252, 3.452421434499180375 ) ) ;
#7922 = FACE_OUTER_BOUND ( 'NONE', #5044, .T. ) ;
#7923 = DIRECTION ( 'NONE',  ( -0.000000000000000000, -0.000000000000000000, 1.000000000000000000 ) ) ;
#7924 = EDGE_CURVE ( 'NONE', #8234, #1466, #9730, .T. ) ;
#7925 = CARTESIAN_POINT ( 'NONE',  ( 6.959536336106034504, 5.486092626620189705, -3.469846945119945847 ) ) ;
#7926 = EDGE_CURVE ( 'NONE', #854, #2532, #967, .T. ) ;
#7927 = ORIENTED_EDGE ( 'NONE', *, *, #7446, .F. ) ;
#7928 = DIRECTION ( 'NONE',  ( 0.4338837391175525693, -0.9009688679024218105, 0.000000000000000000 ) ) ;
#7929 = ORIENTED_EDGE ( 'NONE', *, *, #1330, .T. ) ;
#7930 = DIRECTION ( 'NONE',  ( 0.000000000000000000, 0.000000000000000000, -1.000000000000000000 ) ) ;
#7931 = LINE ( 'NONE', #4781, #3006 ) ;
#7932 = CARTESIAN_POINT ( 'NONE',  ( 3.681435046371045683, -7.759816887428994114, -3.099533293948748103 ) ) ;
#7933 = ORIENTED_EDGE ( 'NONE', *, *, #8061, .T. ) ;
#7934 = CARTESIAN_POINT ( 'NONE',  ( 0.05000000000000001665, -8.905308122385132918, -3.437256629622304160 ) ) ;
#7935 = EDGE_CURVE ( 'NONE', #8062, #717, #1436, .T. ) ;
#7936 = CARTESIAN_POINT ( 'NONE',  ( 8.604868042990039712, -2.015290821964479839, -3.454996609771464833 ) ) ;
#7937 = ADVANCED_FACE ( 'NONE', ( #2969 ), #7621, .T. ) ;
#7938 = B_SPLINE_CURVE_WITH_KNOTS ( 'NONE', 3,
 ( #2794, #3550, #8963, #2093, #5159, #1346, #6599 ),
 .UNSPECIFIED., .F., .F.,
 ( 4, 3, 4 ),
 ( 0.0008460917731560547907, 0.0009002598162382145384, 0.001280034707405371900 ),
 .UNSPECIFIED. ) ;
#7939 = ORIENTED_EDGE ( 'NONE', *, *, #4593, .F. ) ;
#7940 = DIRECTION ( 'NONE',  ( 1.000000000000000000, 0.000000000000000000, 0.000000000000000000 ) ) ;
#7941 = CARTESIAN_POINT ( 'NONE',  ( -3.812591928678031650, -8.032166959846890109, 3.459706444013471494 ) ) ;
#7942 = EDGE_CURVE ( 'NONE', #3599, #5192, #9123, .T. ) ;
#7943 = ORIENTED_EDGE ( 'NONE', *, *, #3600, .T. ) ;
#7944 = CARTESIAN_POINT ( 'NONE',  ( -7.779223250556819735, 6.203723528494495376, -1.592040838891560081E-16 ) ) ;
#7945 = ORIENTED_EDGE ( 'NONE', *, *, #2187, .F. ) ;
#7946 = FACE_OUTER_BOUND ( 'NONE', #703, .T. ) ;
#7947 = CARTESIAN_POINT ( 'NONE',  ( 0.05000000000000003747, -8.609381483269881841, 3.129114371485063106 ) ) ;
#7948 = CARTESIAN_POINT ( 'NONE',  ( -7.041194074364041100, 5.679117300646431943, 3.094141646974374105 ) ) ;
#7949 = CARTESIAN_POINT ( 'NONE',  ( 0.000000000000000000, 0.000000000000000000, -3.452421434499180375 ) ) ;
#7950 = DIRECTION ( 'NONE',  ( -0.000000000000000000, -0.000000000000000000, 1.000000000000000000 ) ) ;
#7951 = ORIENTED_EDGE ( 'NONE', *, *, #2181, .T. ) ;
#7952 = ORIENTED_EDGE ( 'NONE', *, *, #2180, .T. ) ;
#7953 = CARTESIAN_POINT ( 'NONE',  ( 3.883828242128128938, -7.949614201842985395, -3.464471549642479165 ) ) ;
#7954 = AXIS2_PLACEMENT_3D ( 'NONE', #2279, #6748, #7599 ) ;
#7955 = ORIENTED_EDGE ( 'NONE', *, *, #6647, .T. ) ;
#7956 = CARTESIAN_POINT ( 'NONE',  ( -8.394555401783351911, -1.864716647699920404, -3.114323832567764239 ) ) ;
#7957 = EDGE_CURVE ( 'NONE', #947, #8845, #2111, .T. ) ;
#7958 = CARTESIAN_POINT ( 'NONE',  ( -8.636228808187237149, -1.919877025645243762, 3.464362763198132633 ) ) ;
#7959 = CARTESIAN_POINT ( 'NONE',  ( 6.970196991303258649, 5.622499016217020085, 3.351032822740168449 ) ) ;
#7960 = ORIENTED_EDGE ( 'NONE', *, *, #7284, .F. ) ;
#7961 = FACE_OUTER_BOUND ( 'NONE', #8134, .T. ) ;
#7962 = CARTESIAN_POINT ( 'NONE',  ( 8.837711872106121191, 0.000000000000000000, 3.454996609771464389 ) ) ;
#7963 = CARTESIAN_POINT ( 'NONE',  ( -6.878316301899149110, 5.549226611465233994, 3.454996609771464833 ) ) ;
#7964 = AXIS2_PLACEMENT_3D ( 'NONE', #2219, #5430, #9088 ) ;
#7965 = CARTESIAN_POINT ( 'NONE',  ( -0.05000000000000002359, -8.838348897068080134, -3.456075294419946431 ) ) ;
#7966 = AXIS2_PLACEMENT_3D ( 'NONE', #1937, #4039, #8587 ) ;
#7967 = CIRCLE ( 'NONE', #2685, 8.837711872106121191 ) ;
#7968 = CARTESIAN_POINT ( 'NONE',  ( -3.923268333885832959, 8.261988883357034297, -3.094141646974374105 ) ) ;
#7969 = ORIENTED_EDGE ( 'NONE', *, *, #2873, .T. ) ;
#7970 = ORIENTED_EDGE ( 'NONE', *, *, #5146, .T. ) ;
#7971 = CARTESIAN_POINT ( 'NONE',  ( 5.378237760728125316, 0.000000000000000000, -2.758752104430781227 ) ) ;
#7972 = AXIS2_PLACEMENT_3D ( 'NONE', #1675, #7781, #4542 ) ;
#7973 = FACE_OUTER_BOUND ( 'NONE', #1504, .T. ) ;
#7974 = VECTOR ( 'NONE', #234, 1000.000000000000000 ) ;
#7975 = VECTOR ( 'NONE', #5656, 999.9999999999998863 ) ;
#7976 = LINE ( 'NONE', #8673, #8766 ) ;
#7977 = AXIS2_PLACEMENT_3D ( 'NONE', #6510, #7064, #7914 ) ;
#7978 = CARTESIAN_POINT ( 'NONE',  ( 3.690422186055436260, -7.778478875277616389, 3.129114371485063550 ) ) ;
#7979 = DIRECTION ( 'NONE',  ( -0.000000000000000000, -0.000000000000000000, 1.000000000000000000 ) ) ;
#7980 = CARTESIAN_POINT ( 'NONE',  ( -6.915312180062993974, -5.578729839798997503, -3.464797546056691768 ) ) ;
#7981 = VECTOR ( 'NONE', #6213, 1000.000000000000000 ) ;
#7982 = CONICAL_SURFACE ( 'NONE', #3671, 9.046037105128458933, 0.5235987755983011471 ) ;
#7983 = ORIENTED_EDGE ( 'NONE', *, *, #5683, .T. ) ;
#7984 = PLANE ( 'NONE',  #2293 ) ;
#7985 = CIRCLE ( 'NONE', #4310, 8.837711872106121191 ) ;
#7986 = ORIENTED_EDGE ( 'NONE', *, *, #1471, .T. ) ;
#7987 = CARTESIAN_POINT ( 'NONE',  ( 0.000000000000000000, 10.47500000000000497, -3.500000000000000444 ) ) ;
#7988 = DIRECTION ( 'NONE',  ( 0.000000000000000000, 0.000000000000000000, 1.000000000000000000 ) ) ;
#7989 = DIRECTION ( 'NONE',  ( -0.000000000000000000, -0.000000000000000000, 1.000000000000000000 ) ) ;
#7990 = AXIS2_PLACEMENT_3D ( 'NONE', #1815, #1861, #3520 ) ;
#7991 = ORIENTED_EDGE ( 'NONE', *, *, #2729, .T. ) ;
#7992 = CONICAL_SURFACE ( 'NONE', #782, 8.869223585189136116, 0.6108652381980126389 ) ;
#7993 = CARTESIAN_POINT ( 'NONE',  ( -3.886687736875785948, -7.955552003869597044, -3.467739038050325018 ) ) ;
#7994 = CIRCLE ( 'NONE', #7028, 9.046037105128460709 ) ;
#7995 = DIRECTION ( 'NONE',  ( 1.000000000000000000, 0.000000000000000000, 0.000000000000000000 ) ) ;
#7996 = ORIENTED_EDGE ( 'NONE', *, *, #6667, .F. ) ;
#7997 = EDGE_CURVE ( 'NONE', #3743, #755, #9591, .T. ) ;
#7998 = CIRCLE ( 'NONE', #2721, 9.046037105128458933 ) ;
#7999 = DIRECTION ( 'NONE',  ( -0.000000000000000000, -0.000000000000000000, 1.000000000000000000 ) ) ;
#8000 = FACE_OUTER_BOUND ( 'NONE', #7040, .T. ) ;
#8001 = ADVANCED_FACE ( 'NONE', ( #4418 ), #4769, .T. ) ;
#8002 = ORIENTED_EDGE ( 'NONE', *, *, #6230, .F. ) ;
#8003 = EDGE_CURVE ( 'NONE', #4794, #1312, #2230, .T. ) ;
#8004 = LINE ( 'NONE', #7093, #8619 ) ;
#8005 = ORIENTED_EDGE ( 'NONE', *, *, #4523, .T. ) ;
#8006 = CARTESIAN_POINT ( 'NONE',  ( 7.119485258517226356, -5.741552436592602504, -3.500000000000000444 ) ) ;
#8007 = AXIS2_PLACEMENT_3D ( 'NONE', #141, #810, #8529 ) ;
#8008 = FACE_OUTER_BOUND ( 'NONE', #475, .T. ) ;
#8009 = CARTESIAN_POINT ( 'NONE',  ( -8.604868042990066357, -2.015290821964363488, -3.454996609771464833 ) ) ;
#8010 = CARTESIAN_POINT ( 'NONE',  ( -9.621762239271875572, 1.178326032848117103E-15, 3.201256313292353717 ) ) ;
#8011 = CARTESIAN_POINT ( 'NONE',  ( -3.818819942739195561, 8.045099564303479056, -3.437256629622303716 ) ) ;
#8012 = AXIS2_PLACEMENT_3D ( 'NONE', #9024, #9873, #541 ) ;
#8014 = EDGE_CURVE ( 'NONE', #8692, #6934, #7172, .T. ) ;
#8013 = EDGE_LOOP ( 'NONE', ( #1207, #5936 ) ) ;
#8015 = ORIENTED_EDGE ( 'NONE', *, *, #7469, .T. ) ;
#8016 = CARTESIAN_POINT ( 'NONE',  ( 8.628280558354209262, 1.918062889488092004, -3.456597352396201472 ) ) ;
#8017 = AXIS2_PLACEMENT_3D ( 'NONE', #7255, #6401, #6450 ) ;
#8018 = CARTESIAN_POINT ( 'NONE',  ( -8.646792278083101024, -1.922288068715891418, 3.469100694293998810 ) ) ;
#8019 = CARTESIAN_POINT ( 'NONE',  ( 6.924430402411174690, 5.586001379475661111, 3.452421434499180375 ) ) ;
#8020 = VERTEX_POINT ( 'NONE', #2920 ) ;
#8021 = CARTESIAN_POINT ( 'NONE',  ( -7.041194074364160116, -5.679117300646283617, 3.193750000000000089 ) ) ;
#8022 = CARTESIAN_POINT ( 'NONE',  ( 8.830225396548341266, 1.964155480992677116, -3.094141646974374105 ) ) ;
#8023 = CARTESIAN_POINT ( 'NONE',  ( -6.891220320180330816, 5.559517222654129398, 3.467739038050325018 ) ) ;
#8024 = CARTESIAN_POINT ( 'NONE',  ( -0.05000000000000002359, -8.837951820048278506, -3.455541280135825843 ) ) ;
#8025 = ADVANCED_FACE ( 'NONE', ( #8334 ), #9032, .T. ) ;
#8026 = CARTESIAN_POINT ( 'NONE',  ( 0.05000000000000002359, -8.888179882401043841, 3.462472406546387216 ) ) ;
#8027 = VERTEX_POINT ( 'NONE', #8277 ) ;
#8028 = ORIENTED_EDGE ( 'NONE', *, *, #2957, .T. ) ;
#8029 = DIRECTION ( 'NONE',  ( -0.000000000000000000, -0.000000000000000000, 1.000000000000000000 ) ) ;
#8030 = LINE ( 'NONE', #4915, #8946 ) ;
#8031 = DIRECTION ( 'NONE',  ( 1.000000000000000000, 0.000000000000000000, 0.000000000000000000 ) ) ;
#8032 = CARTESIAN_POINT ( 'NONE',  ( -6.927853081768559740, -5.588730875181777691, 3.444839032082838592 ) ) ;
#8033 = DIRECTION ( 'NONE',  ( 0.000000000000000000, 0.000000000000000000, -1.000000000000000000 ) ) ;
#8034 = CARTESIAN_POINT ( 'NONE',  ( 6.956441114856348307, 5.483624270040861504, -3.469100694293998810 ) ) ;
#8035 = ORIENTED_EDGE ( 'NONE', *, *, #7149, .F. ) ;
#8036 = CARTESIAN_POINT ( 'NONE',  ( -8.697427512990328680, 1.933845230657861292, 3.429674227117770702 ) ) ;
#8037 = VERTEX_POINT ( 'NONE', #3769 ) ;
#8038 = DIRECTION ( 'NONE',  ( 0.6234898018587431423, 0.7818314824680221431, 0.000000000000000000 ) ) ;
#8039 = DIRECTION ( 'NONE',  ( -1.000000000000000000, 0.000000000000000000, 0.000000000000000000 ) ) ;
#8040 = CARTESIAN_POINT ( 'NONE',  ( -7.005695535894847836, 5.650808160873030062, -3.272391413630715284 ) ) ;
#8041 = ORIENTED_EDGE ( 'NONE', *, *, #7095, .F. ) ;
#8042 = DIRECTION ( 'NONE',  ( 0.2225209339563114785, -0.9749279121818243965, 0.000000000000000000 ) ) ;
#8043 = CONICAL_SURFACE ( 'NONE', #4840, 4.000000000000000000, 0.7853981633974516097 ) ;
#8044 = CARTESIAN_POINT ( 'NONE',  ( 0.000000000000000000, 9.046037105128460709, -3.325000000000000622 ) ) ;
#8045 = VERTEX_POINT ( 'NONE', #4671 ) ;
#8046 = B_SPLINE_CURVE_WITH_KNOTS ( 'NONE', 3,
 ( #6339, #2481, #1074, #9403, #2531, #923, #166 ),
 .UNSPECIFIED., .F., .F.,
 ( 4, 3, 4 ),
 ( 0.0005204849250710226992, 0.0009002598162381905775, 0.0009544278593203508673 ),
 .UNSPECIFIED. ) ;
#8047 = AXIS2_PLACEMENT_3D ( 'NONE', #8703, #9363, #5594 ) ;
#8048 = DIRECTION ( 'NONE',  ( 0.000000000000000000, 0.000000000000000000, -1.000000000000000000 ) ) ;
#8049 = LINE ( 'NONE', #4342, #8449 ) ;
#8050 = ORIENTED_EDGE ( 'NONE', *, *, #4265, .F. ) ;
#8051 = CARTESIAN_POINT ( 'NONE',  ( 0.000000000000000000, 0.000000000000000000, -3.325000000000001066 ) ) ;
#8052 = ORIENTED_EDGE ( 'NONE', *, *, #2305, .F. ) ;
#8053 = DIRECTION ( 'NONE',  ( 1.000000000000000000, 0.000000000000000000, 0.000000000000000000 ) ) ;
#8054 = CARTESIAN_POINT ( 'NONE',  ( -3.896739687710715661, -7.976425094855621900, 3.468147503381453944 ) ) ;
#8055 = CARTESIAN_POINT ( 'NONE',  ( 0.000000000000000000, 0.000000000000000000, -3.094141646974374105 ) ) ;
#8056 = CC_DESIGN_DATE_AND_TIME_ASSIGNMENT ( #6034, #4493, ( #9838 ) ) ;
#8057 = CIRCLE ( 'NONE', #1002, 8.737285000697680104 ) ;
#8058 = CARTESIAN_POINT ( 'NONE',  ( 0.000000000000000000, 0.000000000000000000, -3.500000000000000888 ) ) ;
#8059 = ORIENTED_EDGE ( 'NONE', *, *, #2673, .F. ) ;
#8060 = ORIENTED_EDGE ( 'NONE', *, *, #1806, .T. ) ;
#8061 = EDGE_CURVE ( 'NONE', #1037, #2171, #2521, .T. ) ;
#8062 = VERTEX_POINT ( 'NONE', #4011 ) ;
#8063 = CARTESIAN_POINT ( 'NONE',  ( 8.631448984988409734, 1.918786062191432329, -3.460296783607140103 ) ) ;
#8064 = CIRCLE ( 'NONE', #3752, 8.588813778810038713 ) ;
#8065 = CARTESIAN_POINT ( 'NONE',  ( -8.681602063913612000, -1.930233175176623517, 3.457279025203407574 ) ) ;
#8066 = DIRECTION ( 'NONE',  ( -0.000000000000000000, -1.000000000000000000, -0.000000000000000000 ) ) ;
#8067 = ORIENTED_EDGE ( 'NONE', *, *, #9308, .F. ) ;
#8068 = CARTESIAN_POINT ( 'NONE',  ( -6.982221020360175778, -5.504183058647989846, 3.460240287494900535 ) ) ;
#8069 = B_SPLINE_CURVE_WITH_KNOTS ( 'NONE', 3,
 ( #2020, #4276, #5083, #7336, #5727, #1122, #1175 ),
 .UNSPECIFIED., .F., .F.,
 ( 4, 3, 4 ),
 ( 0.0009532733312319689690, 0.001225696219576461908, 0.001251962535739348627 ),
 .UNSPECIFIED. ) ;
#8070 = DIRECTION ( 'NONE',  ( 1.000000000000000000, 0.000000000000000000, 0.000000000000000000 ) ) ;
#8071 = DIRECTION ( 'NONE',  ( -1.000000000000000000, 0.000000000000000000, 0.000000000000000000 ) ) ;
#8072 = CARTESIAN_POINT ( 'NONE',  ( -0.05000000000000002359, -8.837570431649497849, -3.454996609771464833 ) ) ;
#8073 = ADVANCED_FACE ( 'NONE', ( #9184 ), #7010, .T. ) ;
#8074 = CARTESIAN_POINT ( 'NONE',  ( -6.878924930671526994, -5.549711976714674755, 3.456075294419946431 ) ) ;
#8075 = ORIENTED_EDGE ( 'NONE', *, *, #8114, .F. ) ;
#8076 = ORIENTED_EDGE ( 'NONE', *, *, #5791, .F. ) ;
#8077 = PLANE ( 'NONE',  #6096 ) ;
#8078 = CARTESIAN_POINT ( 'NONE',  ( -7.500000000000000000, 9.184850993605147944E-16, -7.960204194457796463E-16 ) ) ;
#8079 = ADVANCED_FACE ( 'NONE', ( #4714 ), #9327, .T. ) ;
#8080 = DIRECTION ( 'NONE',  ( -0.000000000000000000, -0.000000000000000000, 1.000000000000000000 ) ) ;
#8081 = ADVANCED_FACE ( 'NONE', ( #6871, #3914 ), #8422, .F. ) ;
#8082 = FACE_OUTER_BOUND ( 'NONE', #7378, .T. ) ;
#8083 = DIRECTION ( 'NONE',  ( -1.000000000000000000, 0.000000000000000000, -0.000000000000000000 ) ) ;
#8084 = CYLINDRICAL_SURFACE ( 'NONE', #945, 5.378237760728125316 ) ;
#8085 = ORIENTED_EDGE ( 'NONE', *, *, #2488, .F. ) ;
#8086 = CARTESIAN_POINT ( 'NONE',  ( -5.378237760728125316, 6.586441658729127815E-16, 3.500000000000000000 ) ) ;
#8087 = AXIS2_PLACEMENT_3D ( 'NONE', #8006, #1325, #5878 ) ;
#8088 = ORIENTED_EDGE ( 'NONE', *, *, #8738, .F. ) ;
#8089 = DIRECTION ( 'NONE',  ( 0.000000000000000000, 0.000000000000000000, -1.000000000000000000 ) ) ;
#8090 = DIRECTION ( 'NONE',  ( -0.000000000000000000, -0.000000000000000000, 1.000000000000000000 ) ) ;
#8091 = DIRECTION ( 'NONE',  ( 0.000000000000000000, -1.000000000000000000, 0.000000000000000000 ) ) ;
#8092 = EDGE_CURVE ( 'NONE', #8713, #755, #7787, .T. ) ;
#8093 = ORIENTED_EDGE ( 'NONE', *, *, #9240, .F. ) ;
#8094 = B_SPLINE_CURVE_WITH_KNOTS ( 'NONE', 3,
 ( #3714, #6763, #2961, #6009, #9068, #792, #121, #4744, #7613, #9171, #2396, #838, #879, #9922, #4706, #6059, #9215, #68, #3859, #5461, #3102, #6995, #6160, #2340, #1649 ),
 .UNSPECIFIED., .F., .F.,
 ( 4, 3, 3, 3, 3, 3, 3, 3, 4 ),
 ( 0.0001509499138714732818, 0.0001527764003826850435, 0.0001645282963311817006, 0.0001762803579144487157, 0.0001880325997012767883, 0.0001997849575937713916, 0.0002115373162334678017, 0.0002188290956692490272, 0.0002208042975641461838 ),
 .UNSPECIFIED. ) ;
#8095 = CARTESIAN_POINT ( 'NONE',  ( 8.662371385772212662, -2.028415584710130837, 3.452421434499180375 ) ) ;
#8096 = CARTESIAN_POINT ( 'NONE',  ( -8.636228808187237149, -1.919877025645243762, -3.464362763198132633 ) ) ;
#8097 = ORIENTED_EDGE ( 'NONE', *, *, #3276, .T. ) ;
#8098 = CARTESIAN_POINT ( 'NONE',  ( 3.780519072845678785, -7.735090501365860405, -3.129114371485063106 ) ) ;
#8099 = CARTESIAN_POINT ( 'NONE',  ( -3.930516482760601615, -8.046563332484346631, -3.351032822740167560 ) ) ;
#8100 = ORIENTED_EDGE ( 'NONE', *, *, #4651, .F. ) ;
#8101 = DIRECTION ( 'NONE',  ( -0.000000000000000000, -0.000000000000000000, -1.000000000000000000 ) ) ;
#8102 = ORIENTED_EDGE ( 'NONE', *, *, #4079, .T. ) ;
#8103 = CARTESIAN_POINT ( 'NONE',  ( 8.414749320523791098, 1.869325777874848660, 3.143904910697431276 ) ) ;
#8104 = CARTESIAN_POINT ( 'NONE',  ( -3.882271953616813764, -7.946382535449714624, 3.461862008941932967 ) ) ;
#8105 = LINE ( 'NONE', #2033, #5586 ) ;
#8106 = CARTESIAN_POINT ( 'NONE',  ( -0.05000000000000003747, 8.588668239434865015, -3.094141646974374105 ) ) ;
#8107 = VERTEX_POINT ( 'NONE', #1560 ) ;
#8108 = ORIENTED_EDGE ( 'NONE', *, *, #6461, .T. ) ;
#8109 = ORIENTED_EDGE ( 'NONE', *, *, #5209, .T. ) ;
#8110 = CARTESIAN_POINT ( 'NONE',  ( -8.556329883643011058, -1.901640617507234010, -3.351299362948741756 ) ) ;
#8111 = CARTESIAN_POINT ( 'NONE',  ( -8.684010043491969810, -1.930782780801848286, 3.453478796700601539 ) ) ;
#8112 = CARTESIAN_POINT ( 'NONE',  ( -6.963018244171545135, 5.488869355645132231, -3.470139885832122406 ) ) ;
#8113 = EDGE_LOOP ( 'NONE', ( #1999, #3066, #9189, #863 ) ) ;
#8114 = EDGE_CURVE ( 'NONE', #6502, #2860, #9237, .T. ) ;
#8115 = CARTESIAN_POINT ( 'NONE',  ( -8.693159501790608701, -1.932871084952717755, 3.437256629622303716 ) ) ;
#8116 = CARTESIAN_POINT ( 'NONE',  ( -3.694915755622490305, -7.787809868630312771, -3.143904910697430832 ) ) ;
#8117 = CARTESIAN_POINT ( 'NONE',  ( -6.940665282085137555, -5.471043463218286718, 3.454996609771464833 ) ) ;
#8118 = CARTESIAN_POINT ( 'NONE',  ( -5.378237760728125316, 6.586441658729127815E-16, 3.376256313292342437 ) ) ;
#8119 = CARTESIAN_POINT ( 'NONE',  ( -3.254128043381738333, -6.757266509268117893, -3.092233167847068013E-16 ) ) ;
#8120 = ORIENTED_EDGE ( 'NONE', *, *, #1960, .T. ) ;
#8121 = VERTEX_POINT ( 'NONE', #8476 ) ;
#8122 = FACE_OUTER_BOUND ( 'NONE', #5055, .T. ) ;
#8123 = EDGE_CURVE ( 'NONE', #7607, #4216, #7500, .T. ) ;
#8124 = CARTESIAN_POINT ( 'NONE',  ( -0.05000000000000003053, -8.764959675655999760, -3.351299362948741756 ) ) ;
#8125 = CARTESIAN_POINT ( 'NONE',  ( 0.05000000000000002359, 8.850402102400634519, 3.466377381984354411 ) ) ;
#8126 = EDGE_CURVE ( 'NONE', #4016, #9750, #4462, .T. ) ;
#8127 = CIRCLE ( 'NONE', #7161, 8.896693082788692308 ) ;
#8128 = EDGE_CURVE ( 'NONE', #9496, #8198, #6964, .T. ) ;
#8129 = FACE_OUTER_BOUND ( 'NONE', #4544, .T. ) ;
#8130 = CARTESIAN_POINT ( 'NONE',  ( -8.662371385772200227, 2.028415584710187680, 3.452421434499180375 ) ) ;
#8131 = LINE ( 'NONE', #6477, #8971 ) ;
#8132 = EDGE_CURVE ( 'NONE', #2053, #2173, #919, .T. ) ;
#8133 = CARTESIAN_POINT ( 'NONE',  ( 0.000000000000000000, 0.000000000000000000, -3.094141646974374105 ) ) ;
#8134 = EDGE_LOOP ( 'NONE', ( #8528, #6986, #5608, #1950 ) ) ;
#8135 = AXIS2_PLACEMENT_3D ( 'NONE', #653, #3726, #2063 ) ;
#8136 = DIRECTION ( 'NONE',  ( 1.000000000000000000, 0.000000000000000000, 0.000000000000000000 ) ) ;
#8137 = CIRCLE ( 'NONE', #6533, 9.046037105128458933 ) ;
#8138 = DIRECTION ( 'NONE',  ( -0.4338837391175590086, -0.9009688679024187019, -0.000000000000000000 ) ) ;
#8139 = CARTESIAN_POINT ( 'NONE',  ( 0.000000000000000000, 0.000000000000000000, -3.454996609771464389 ) ) ;
#8140 = VERTEX_POINT ( 'NONE', #3953 ) ;
#8141 = AXIS2_PLACEMENT_3D ( 'NONE', #1687, #5498, #3194 ) ;
#8142 = VECTOR ( 'NONE', #2610, 1000.000000000000000 ) ;
#8143 = CARTESIAN_POINT ( 'NONE',  ( 0.000000000000000000, 0.000000000000000000, -3.500000000000000444 ) ) ;
#8144 = AXIS2_PLACEMENT_3D ( 'NONE', #8565, #849, #2453 ) ;
#8145 = ORIENTED_EDGE ( 'NONE', *, *, #3958, .F. ) ;
#8146 = EDGE_CURVE ( 'NONE', #4538, #3075, #272, .T. ) ;
#8147 = LINE ( 'NONE', #3742, #8219 ) ;
#8148 = ORIENTED_EDGE ( 'NONE', *, *, #4401, .T. ) ;
#8149 = CARTESIAN_POINT ( 'NONE',  ( 0.000000000000000000, 0.000000000000000000, 3.434921434499177639 ) ) ;
#8150 = CIRCLE ( 'NONE', #929, 8.588813778810038713 ) ;
#8151 = AXIS2_PLACEMENT_3D ( 'NONE', #6605, #7364, #9866 ) ;
#8152 = CARTESIAN_POINT ( 'NONE',  ( -8.662371385772200227, 2.028415584710187680, 3.452421434499180375 ) ) ;
#8153 = CARTESIAN_POINT ( 'NONE',  ( 0.000000000000000000, 0.000000000000000000, -3.500000000000000000 ) ) ;
#8154 = VECTOR ( 'NONE', #8557, 1000.000000000000000 ) ;
#8155 = ORIENTED_EDGE ( 'NONE', *, *, #1209, .F. ) ;
#8156 = ORIENTED_EDGE ( 'NONE', *, *, #8504, .T. ) ;
#8157 = CARTESIAN_POINT ( 'NONE',  ( 0.05000000000000003053, -8.764959675655999760, -3.351299362948741312 ) ) ;
#8158 = CARTESIAN_POINT ( 'NONE',  ( -3.904699512512467940, -7.992953841369425660, 3.453994494324953202 ) ) ;
#8159 = DIRECTION ( 'NONE',  ( 0.000000000000000000, 0.000000000000000000, 1.000000000000000000 ) ) ;
#8160 = DIRECTION ( 'NONE',  ( -0.000000000000000000, -0.000000000000000000, 1.000000000000000000 ) ) ;
#8161 = ORIENTED_EDGE ( 'NONE', *, *, #7190, .F. ) ;
#8162 = ORIENTED_EDGE ( 'NONE', *, *, #2358, .T. ) ;
#8163 = AXIS2_PLACEMENT_3D ( 'NONE', #4279, #464, #7341 ) ;
#8164 = EDGE_LOOP ( 'NONE', ( #5300, #8192, #836, #174 ) ) ;
#8165 = CARTESIAN_POINT ( 'NONE',  ( -6.986779382596969512, 5.507818231228957195, 3.452421434499180375 ) ) ;
#8166 = VECTOR ( 'NONE', #3135, 999.9999999999998863 ) ;
#8167 = CARTESIAN_POINT ( 'NONE',  ( 8.611309364345185458, 2.016761011530178838, 3.462372291138045899 ) ) ;
#8168 = CARTESIAN_POINT ( 'NONE',  ( -3.685928616305762517, -7.769147881545152678, 3.114323832567764683 ) ) ;
#8169 = ORIENTED_EDGE ( 'NONE', *, *, #6413, .T. ) ;
#8170 = AXIS2_PLACEMENT_3D ( 'NONE', #8184, #1318, #4570 ) ;
#8171 = DIRECTION ( 'NONE',  ( 1.000000000000000000, 0.000000000000000000, 0.000000000000000000 ) ) ;
#8172 = DIRECTION ( 'NONE',  ( -0.000000000000000000, -0.000000000000000000, 1.000000000000000000 ) ) ;
#8173 = DIRECTION ( 'NONE',  ( 0.000000000000000000, 0.000000000000000000, 1.000000000000000000 ) ) ;
#8174 = CARTESIAN_POINT ( 'NONE',  ( -0.05000000000000002359, 8.870055045600164334, -3.469713030103804385 ) ) ;
#8175 = CARTESIAN_POINT ( 'NONE',  ( -6.915312180062993974, -5.578729839798997503, 3.464797546056691768 ) ) ;
#8176 = AXIS2_PLACEMENT_3D ( 'NONE', #5419, #2351, #182 ) ;
#8177 = EDGE_LOOP ( 'NONE', ( #4843, #3856, #9122, #3348 ) ) ;
#8178 = ORIENTED_EDGE ( 'NONE', *, *, #5793, .T. ) ;
#8179 = DIRECTION ( 'NONE',  ( -0.000000000000000000, 0.000000000000000000, 1.000000000000000000 ) ) ;
#8180 = CARTESIAN_POINT ( 'NONE',  ( -0.05000000000000002359, -8.837570431649497849, -3.454996609771464833 ) ) ;
#8181 = CARTESIAN_POINT ( 'NONE',  ( 0.05000000000000002359, 8.877242673692228081, 3.468147503381453944 ) ) ;
#8182 = DIRECTION ( 'NONE',  ( -0.000000000000000000, -0.000000000000000000, 1.000000000000000000 ) ) ;
#8183 = CARTESIAN_POINT ( 'NONE',  ( -3.879526546993873115, 7.940681639855315943, 3.454996609771464833 ) ) ;
#8184 = CARTESIAN_POINT ( 'NONE',  ( 0.000000000000000000, 0.000000000000000000, -3.454996609771464389 ) ) ;
#8185 = EDGE_CURVE ( 'NONE', #7589, #9441, #914, .T. ) ;
#8186 = CARTESIAN_POINT ( 'NONE',  ( -6.764777536879186925, 5.458682467755240353, -3.247602129575368757 ) ) ;
#8187 = EDGE_CURVE ( 'NONE', #6903, #648, #891, .T. ) ;
#8188 = ORIENTED_EDGE ( 'NONE', *, *, #5009, .F. ) ;
#8189 = CARTESIAN_POINT ( 'NONE',  ( 8.588813778810038713, -1.051826330269239652E-15, -3.064533293948747517 ) ) ;
#8190 = CARTESIAN_POINT ( 'NONE',  ( -5.378237760728125316, 6.586441658729127815E-16, -2.449999999999999289 ) ) ;
#8191 = CARTESIAN_POINT ( 'NONE',  ( 8.605626990655299124, 2.015464046816415777, -3.456075294419946431 ) ) ;
#8192 = ORIENTED_EDGE ( 'NONE', *, *, #8499, .T. ) ;
#8193 = CARTESIAN_POINT ( 'NONE',  ( 3.879879959974195103, 8.171891996566738925, 3.094141646974374105 ) ) ;
#8194 = EDGE_CURVE ( 'NONE', #2287, #9028, #2049, .T. ) ;
#8195 = B_SPLINE_CURVE_WITH_KNOTS ( 'NONE', 3,
 ( #4263, #7474, #9633, #8877, #2009, #8124, #8180 ),
 .UNSPECIFIED., .F., .F.,
 ( 4, 3, 4 ),
 ( 0.0008460917731560555497, 0.0009002598162382145384, 0.001280034707405372551 ),
 .UNSPECIFIED. ) ;
#8196 = CARTESIAN_POINT ( 'NONE',  ( 0.000000000000000000, 0.000000000000000000, 3.454996609771464389 ) ) ;
#8197 = EDGE_CURVE ( 'NONE', #4354, #1647, #1753, .T. ) ;
#8198 = VERTEX_POINT ( 'NONE', #2552 ) ;
#8199 = CARTESIAN_POINT ( 'NONE',  ( 0.000000000000000000, 0.000000000000000000, 3.500000000000000000 ) ) ;
#8200 = ADVANCED_FACE ( 'NONE', ( #7961 ), #3407, .T. ) ;
#8201 = ORIENTED_EDGE ( 'NONE', *, *, #5369, .F. ) ;
#8202 = DIRECTION ( 'NONE',  ( 0.000000000000000000, 0.000000000000000000, 1.000000000000000000 ) ) ;
#8203 = LINE ( 'NONE', #9651, #1250 ) ;
#8204 = LINE ( 'NONE', #6895, #5245 ) ;
#8205 = ORIENTED_EDGE ( 'NONE', *, *, #6667, .T. ) ;
#8206 = EDGE_CURVE ( 'NONE', #8214, #2952, #4082, .T. ) ;
#8207 = ORIENTED_EDGE ( 'NONE', *, *, #4324, .T. ) ;
#8208 = ADVANCED_FACE ( 'NONE', ( #3298 ), #4130, .T. ) ;
#8209 = CARTESIAN_POINT ( 'NONE',  ( -7.181834238703176609, -5.663369288345704078, 3.500000000000000444 ) ) ;
#8210 = CARTESIAN_POINT ( 'NONE',  ( 0.000000000000000000, 0.000000000000000000, -1.224999999999999867 ) ) ;
#8211 = DIRECTION ( 'NONE',  ( -0.000000000000000000, -0.000000000000000000, 1.000000000000000000 ) ) ;
#8212 = CARTESIAN_POINT ( 'NONE',  ( 0.000000000000000000, 0.000000000000000000, -7.960204194457796463E-16 ) ) ;
#8213 = VERTEX_POINT ( 'NONE', #4966 ) ;
#8214 = VERTEX_POINT ( 'NONE', #6353 ) ;
#8215 = ORIENTED_EDGE ( 'NONE', *, *, #551, .T. ) ;
#8216 = DIRECTION ( 'NONE',  ( 0.000000000000000000, 0.000000000000000000, -1.000000000000000000 ) ) ;
#8217 = DIRECTION ( 'NONE',  ( -6.776263578034444621E-17, 1.000000000000000000, 0.000000000000000000 ) ) ;
#8218 = ORIENTED_EDGE ( 'NONE', *, *, #2566, .T. ) ;
#8219 = VECTOR ( 'NONE', #7491, 1000.000000000000000 ) ;
#8220 = FACE_OUTER_BOUND ( 'NONE', #7713, .T. ) ;
#8221 = CARTESIAN_POINT ( 'NONE',  ( -3.757925033893184885, -7.918649983141987647, -3.351299362948741312 ) ) ;
#8222 = CARTESIAN_POINT ( 'NONE',  ( 8.534077790247353690, -1.999133408725531913, -3.351299362948741312 ) ) ;
#8223 = CARTESIAN_POINT ( 'NONE',  ( -0.05000000000000004441, 8.599024861565366606, -3.114323832567764239 ) ) ;
#8224 = DIRECTION ( 'NONE',  ( -0.000000000000000000, -0.000000000000000000, 1.000000000000000000 ) ) ;
#8225 = ORIENTED_EDGE ( 'NONE', *, *, #8185, .F. ) ;
#8226 = ORIENTED_EDGE ( 'NONE', *, *, #5080, .T. ) ;
#8227 = CARTESIAN_POINT ( 'NONE',  ( 9.046037105128458933, 0.000000000000000000, -3.500000000000000000 ) ) ;
#8228 = DIRECTION ( 'NONE',  ( -1.000000000000000000, 0.000000000000000000, 0.000000000000000000 ) ) ;
#8229 = DIRECTION ( 'NONE',  ( 1.000000000000000000, 0.000000000000000000, 0.000000000000000000 ) ) ;
#8230 = CARTESIAN_POINT ( 'NONE',  ( 0.000000000000000000, 0.000000000000000000, -3.500000000000000000 ) ) ;
#8231 = CARTESIAN_POINT ( 'NONE',  ( 9.046037105128460709, 0.000000000000000000, 3.500000000000000000 ) ) ;
#8232 = CARTESIAN_POINT ( 'NONE',  ( 0.000000000000000000, 0.000000000000000000, -3.454996609771464389 ) ) ;
#8233 = CARTESIAN_POINT ( 'NONE',  ( 7.041194074364082844, -5.679117300646379540, -3.500000000000000000 ) ) ;
#8234 = VERTEX_POINT ( 'NONE', #8821 ) ;
#8235 = DIRECTION ( 'NONE',  ( 0.000000000000000000, 0.000000000000000000, -1.000000000000000000 ) ) ;
#8236 = CYLINDRICAL_SURFACE ( 'NONE', #1569, 9.621762239271875572 ) ;
#8237 = CARTESIAN_POINT ( 'NONE',  ( 6.963018244171586879, -5.488869355645079828, -3.470139885832122406 ) ) ;
#8238 = PRODUCT_RELATED_PRODUCT_CATEGORY ( 'detail', '', ( #9541 ) ) ;
#8239 = VERTEX_POINT ( 'NONE', #8021 ) ;
#8240 = CARTESIAN_POINT ( 'NONE',  ( -0.05000000000000004441, 8.588668239434865015, -3.099533293948748103 ) ) ;
#8241 = EDGE_CURVE ( 'NONE', #2573, #6837, #5609, .T. ) ;
#8242 = CARTESIAN_POINT ( 'NONE',  ( 4.524999999999999467, 5.541526766141771962E-16, -3.500000000000000888 ) ) ;
#8243 = ORIENTED_EDGE ( 'NONE', *, *, #6177, .F. ) ;
#8244 = CARTESIAN_POINT ( 'NONE',  ( 3.879526546993985026, 7.940681639855260876, 3.454996609771464833 ) ) ;
#8245 = ORIENTED_EDGE ( 'NONE', *, *, #392, .F. ) ;
#8246 = PERSON_AND_ORGANIZATION ( #5239, #8678 ) ;
#8247 = B_SPLINE_CURVE_WITH_KNOTS ( 'NONE', 3,
 ( #6053, #9712, #8316, #5208, #5308, #9820, #8361, #2246, #5955, #4504, #6004, #3554, #9666, #8262, #9016, #4355, #7414, #5255, #2145, #2801, #1393, #5850, #9063, #1452, #2844 ),
 .UNSPECIFIED., .F., .F.,
 ( 4, 3, 3, 3, 3, 3, 3, 3, 4 ),
 ( 0.0001509499138714739865, 0.0001527764003826857482, 0.0001645282963311824325, 0.0001762803579144501523, 0.0001880325997012777912, 0.0001997849575937732077, 0.0002115373162334694280, 0.0002188290956692511956, 0.0002208042975641487588 ),
 .UNSPECIFIED. ) ;
#8248 = DIRECTION ( 'NONE',  ( 6.776263578034443388E-17, 1.000000000000000000, 0.000000000000000000 ) ) ;
#8249 = DIRECTION ( 'NONE',  ( 0.2225209339563050948, -0.9749279121818257288, -0.000000000000000000 ) ) ;
#8250 = EDGE_CURVE ( 'NONE', #8500, #4955, #2370, .T. ) ;
#8251 = ORIENTED_EDGE ( 'NONE', *, *, #4958, .T. ) ;
#8252 = CARTESIAN_POINT ( 'NONE',  ( -6.770357110861822569, -5.335227228758467888, -3.143904910697431276 ) ) ;
#8253 = EDGE_CURVE ( 'NONE', #3789, #3099, #6531, .T. ) ;
#8254 = CARTESIAN_POINT ( 'NONE',  ( 0.05000000000000003747, -8.619738104553002600, -3.143904910697430832 ) ) ;
#8255 = FACE_OUTER_BOUND ( 'NONE', #4168, .T. ) ;
#8256 = CARTESIAN_POINT ( 'NONE',  ( -3.891931505080029829, 7.966440800744804207, 3.470139885832122406 ) ) ;
#8257 = LINE ( 'NONE', #6000, #7001 ) ;
#8258 = ORIENTED_EDGE ( 'NONE', *, *, #6897, .T. ) ;
#8259 = ORIENTED_EDGE ( 'NONE', *, *, #8871, .F. ) ;
#8260 = ADVANCED_FACE ( 'NONE', ( #7912 ), #3662, .T. ) ;
#8261 = ORIENTED_EDGE ( 'NONE', *, *, #3046, .T. ) ;
#8262 = CARTESIAN_POINT ( 'NONE',  ( 6.897187355920123331, -5.564275774867039281, 3.469846945119945847 ) ) ;
#8263 = CARTESIAN_POINT ( 'NONE',  ( 3.685928616305710115, 7.769147881545177547, -3.114323832567764683 ) ) ;
#8264 = ORIENTED_EDGE ( 'NONE', *, *, #5765, .T. ) ;
#8265 = DIRECTION ( 'NONE',  ( -1.000000000000000000, 0.000000000000000000, 0.000000000000000000 ) ) ;
#8266 = FACE_OUTER_BOUND ( 'NONE', #1800, .T. ) ;
#8267 = DIRECTION ( 'NONE',  ( -1.000000000000000000, -2.664535259100375697E-15, 0.000000000000000000 ) ) ;
#8268 = ADVANCED_FACE ( 'NONE', ( #1956 ), #3358, .T. ) ;
#8269 = LINE ( 'NONE', #4309, #5935 ) ;
#8270 = EDGE_CURVE ( 'NONE', #8443, #5778, #6462, .T. ) ;
#8271 = CARTESIAN_POINT ( 'NONE',  ( -6.900669263985788504, -5.567052503891789073, 3.470139885832122406 ) ) ;
#8272 = EDGE_LOOP ( 'NONE', ( #3183, #9571 ) ) ;
#8273 = ORIENTED_EDGE ( 'NONE', *, *, #3273, .T. ) ;
#8274 = LINE ( 'NONE', #8227, #258 ) ;
#8275 = DIRECTION ( 'NONE',  ( 1.000000000000000000, 0.000000000000000000, 0.000000000000000000 ) ) ;
#8276 = DIRECTION ( 'NONE',  ( -0.000000000000000000, -0.000000000000000000, 1.000000000000000000 ) ) ;
#8277 = CARTESIAN_POINT ( 'NONE',  ( 3.789429660203686989, -7.984070013767042617, 3.454996609771464833 ) ) ;
#8278 = LINE ( 'NONE', #7532, #5575 ) ;
#8279 = EDGE_CURVE ( 'NONE', #1696, #6732, #2703, .T. ) ;
#8280 = CARTESIAN_POINT ( 'NONE',  ( 0.05000000000000002359, 8.837570431649497849, -3.454996609771464833 ) ) ;
#8281 = LINE ( 'NONE', #3731, #4703 ) ;
#8282 = ORIENTED_EDGE ( 'NONE', *, *, #9305, .T. ) ;
#8283 = DIRECTION ( 'NONE',  ( 1.000000000000000000, 0.000000000000000000, 0.000000000000000000 ) ) ;
#8284 = VECTOR ( 'NONE', #519, 1000.000000000000000 ) ;
#8285 = CARTESIAN_POINT ( 'NONE',  ( -0.05000000000000002359, 8.888179882401043841, 3.462472406546387216 ) ) ;
#8286 = CARTESIAN_POINT ( 'NONE',  ( 8.621380678306049816, 2.019059723220280045, -3.468127985775449673 ) ) ;
#8287 = VERTEX_POINT ( 'NONE', #7563 ) ;
#8288 = FACE_OUTER_BOUND ( 'NONE', #5805, .T. ) ;
#8289 = DIRECTION ( 'NONE',  ( 1.000000000000000000, 0.000000000000000000, 0.000000000000000000 ) ) ;
#8290 = AXIS2_PLACEMENT_3D ( 'NONE', #559, #3738, #6631 ) ;
#8291 = CIRCLE ( 'NONE', #9893, 8.588813778810038713 ) ;
#8292 = ORIENTED_EDGE ( 'NONE', *, *, #9284, .T. ) ;
#8293 = CARTESIAN_POINT ( 'NONE',  ( 3.879820004569413339, 8.171767497885872089, -3.193750000000000089 ) ) ;
#8294 = AXIS2_PLACEMENT_3D ( 'NONE', #353, #8787, #1975 ) ;
#8295 = ORIENTED_EDGE ( 'NONE', *, *, #7924, .F. ) ;
#8296 = CALENDAR_DATE ( 2026, 18, 1 ) ;
#8297 = CARTESIAN_POINT ( 'NONE',  ( 0.000000000000000000, 0.000000000000000000, -1.224999999999999867 ) ) ;
#8298 = CARTESIAN_POINT ( 'NONE',  ( 9.621762239271875572, 0.000000000000000000, -1.224999999999999867 ) ) ;
#8299 = VECTOR ( 'NONE', #4888, 1000.000000000000000 ) ;
#8300 = AXIS2_PLACEMENT_3D ( 'NONE', #5013, #8066, #7261 ) ;
#8301 = ORIENTED_EDGE ( 'NONE', *, *, #956, .T. ) ;
#8302 = AXIS2_PLACEMENT_3D ( 'NONE', #8663, #4907, #1802 ) ;
#8303 = VERTEX_POINT ( 'NONE', #2960 ) ;
#8304 = AXIS2_PLACEMENT_3D ( 'NONE', #1618, #4672, #3019 ) ;
#8305 = CARTESIAN_POINT ( 'NONE',  ( -6.924189967865045148, 5.585809639323517040, -3.452954079042413582 ) ) ;
#8306 = CARTESIAN_POINT ( 'NONE',  ( -8.684623479167871807, -1.930922793491831380, -3.452421434499180375 ) ) ;
#8307 = PLANE ( 'NONE',  #602 ) ;
#8308 = ADVANCED_FACE ( 'NONE', ( #8220 ), #606, .F. ) ;
#8309 = EDGE_LOOP ( 'NONE', ( #2192, #1582, #6745, #1847 ) ) ;
#8310 = AXIS2_PLACEMENT_3D ( 'NONE', #3798, #9265, #8461 ) ;
#8311 = ORIENTED_EDGE ( 'NONE', *, *, #3915, .F. ) ;
#8312 = CIRCLE ( 'NONE', #1727, 5.254494074020480632 ) ;
#8313 = EDGE_CURVE ( 'NONE', #4586, #1912, #1895, .T. ) ;
#8314 = EDGE_CURVE ( 'NONE', #8561, #8027, #1686, .T. ) ;
#8315 = ORIENTED_EDGE ( 'NONE', *, *, #4873, .T. ) ;
#8316 = CARTESIAN_POINT ( 'NONE',  ( 6.923938465194141578, -5.585609072636152916, 3.453478796700601539 ) ) ;
#8317 = CARTESIAN_POINT ( 'NONE',  ( 8.627120136385672211, -1.917798030746297400, -3.454996609771464833 ) ) ;
#8318 = ORIENTED_EDGE ( 'NONE', *, *, #2761, .T. ) ;
#8319 = AXIS2_PLACEMENT_3D ( 'NONE', #1988, #2179, #1384 ) ;
#8320 = CARTESIAN_POINT ( 'NONE',  ( 0.000000000000000000, 0.000000000000000000, -3.454996609771464389 ) ) ;
#8321 = CARTESIAN_POINT ( 'NONE',  ( 7.041194074364082844, -5.679117300646379540, -3.193750000000000089 ) ) ;
#8322 = CARTESIAN_POINT ( 'NONE',  ( -8.656687201036419310, 2.027118206637017916, 3.460240287494900535 ) ) ;
#8323 = ADVANCED_FACE ( 'NONE', ( #8911 ), #5416, .T. ) ;
#8324 = CARTESIAN_POINT ( 'NONE',  ( -0.05000000000000003053, 8.764959675655999760, -3.351299362948741312 ) ) ;
#8325 = CIRCLE ( 'NONE', #3583, 8.896693082788692308 ) ;
#8326 = CARTESIAN_POINT ( 'NONE',  ( 0.000000000000000000, 0.000000000000000000, 2.449999999999999734 ) ) ;
#8327 = ORIENTED_EDGE ( 'NONE', *, *, #4021, .T. ) ;
#8328 = AXIS2_PLACEMENT_3D ( 'NONE', #6226, #9335, #2460 ) ;
#8329 = ORIENTED_EDGE ( 'NONE', *, *, #4839, .T. ) ;
#8330 = CARTESIAN_POINT ( 'NONE',  ( 0.000000000000000000, 0.000000000000000000, 1.225000000000002087 ) ) ;
#8331 = FACE_OUTER_BOUND ( 'NONE', #5162, .T. ) ;
#8332 = CIRCLE ( 'NONE', #7369, 4.000000000000000000 ) ;
#8333 = CARTESIAN_POINT ( 'NONE',  ( 0.000000000000000000, 0.000000000000000000, 3.434921434499177639 ) ) ;
#8334 = FACE_OUTER_BOUND ( 'NONE', #9090, .T. ) ;
#8335 = DIRECTION ( 'NONE',  ( 6.776263578034443388E-17, 1.000000000000000000, -0.000000000000000000 ) ) ;
#8336 = EDGE_CURVE ( 'NONE', #6960, #1312, #851, .T. ) ;
#8337 = CARTESIAN_POINT ( 'NONE',  ( 0.05000000000000002359, 8.869541062855445190, -3.469985047562924141 ) ) ;
#8338 = VECTOR ( 'NONE', #8566, 1000.000000000000000 ) ;
#8339 = DIRECTION ( 'NONE',  ( -0.000000000000000000, -0.000000000000000000, 1.000000000000000000 ) ) ;
#8340 = ORIENTED_EDGE ( 'NONE', *, *, #2244, .T. ) ;
#8341 = LINE ( 'NONE', #2072, #3968 ) ;
#8342 = CARTESIAN_POINT ( 'NONE',  ( 3.879820004569413339, 8.171767497885872089, 3.500000000000000000 ) ) ;
#8343 = CARTESIAN_POINT ( 'NONE',  ( 8.662371385772228649, 2.028415584710071773, -3.452421434499180375 ) ) ;
#8344 = TOROIDAL_SURFACE ( 'NONE', #1465, 7.500000000000000000, 2.450000000000001066 ) ;
#8345 = EDGE_LOOP ( 'NONE', ( #4333, #1116, #9697, #6033 ) ) ;
#8346 = CARTESIAN_POINT ( 'NONE',  ( 0.000000000000000000, 0.000000000000000000, 3.094141646974374105 ) ) ;
#8347 = CARTESIAN_POINT ( 'NONE',  ( 3.905117942076983706, 7.993822719313241620, -3.452421434499180375 ) ) ;
#8348 = ORIENTED_EDGE ( 'NONE', *, *, #8988, .T. ) ;
#8349 = CARTESIAN_POINT ( 'NONE',  ( -5.686989865158905921, 6.964553935150292221E-16, -3.376256313292342437 ) ) ;
#8350 = ORIENTED_EDGE ( 'NONE', *, *, #1326, .F. ) ;
#8351 = CARTESIAN_POINT ( 'NONE',  ( 8.588813778810038713, 0.000000000000000000, -3.500000000000000000 ) ) ;
#8352 = CARTESIAN_POINT ( 'NONE',  ( -8.653663380659768478, 2.026428039368319389, -3.462633071500297088 ) ) ;
#8353 = FACE_OUTER_BOUND ( 'NONE', #1525, .T. ) ;
#8354 = ORIENTED_EDGE ( 'NONE', *, *, #5614, .T. ) ;
#8355 = CARTESIAN_POINT ( 'NONE',  ( 8.627120136385672211, -1.917798030746297400, 3.454996609771464833 ) ) ;
#8356 = DIRECTION ( 'NONE',  ( 1.000000000000000000, 0.000000000000000000, 0.000000000000000000 ) ) ;
#8357 = CARTESIAN_POINT ( 'NONE',  ( -8.669808522246107430, 1.927541376251250771, 3.466489319800472924 ) ) ;
#8358 = CARTESIAN_POINT ( 'NONE',  ( 3.885094000278613624, 7.952242575725207097, 3.466377381984353967 ) ) ;
#8359 = ORIENTED_EDGE ( 'NONE', *, *, #5373, .F. ) ;
#8360 = VERTEX_POINT ( 'NONE', #3559 ) ;
#8361 = CARTESIAN_POINT ( 'NONE',  ( 6.917447124507895673, -5.580432401180702939, 3.462633071500297088 ) ) ;
#8362 = CARTESIAN_POINT ( 'NONE',  ( 8.611036915675322589, -2.016698826899239627, 3.461862008941932967 ) ) ;
#8363 = CARTESIAN_POINT ( 'NONE',  ( -7.103543054549914082, 5.600934152399629440, -3.500000000000000000 ) ) ;
#8364 = EDGE_CURVE ( 'NONE', #8643, #8500, #2850, .T. ) ;
#8365 = VERTEX_POINT ( 'NONE', #3713 ) ;
#8366 = CARTESIAN_POINT ( 'NONE',  ( 0.000000000000000000, 0.000000000000000000, -3.500000000000000444 ) ) ;
#8367 = CARTESIAN_POINT ( 'NONE',  ( 0.000000000000000000, 0.000000000000000000, 3.094141646974374105 ) ) ;
#8368 = FACE_OUTER_BOUND ( 'NONE', #196, .T. ) ;
#8369 = CARTESIAN_POINT ( 'NONE',  ( 8.807973303152710542, 2.061648272210859556, -3.193750000000000089 ) ) ;
#8370 = EDGE_CURVE ( 'NONE', #1091, #5495, #6691, .T. ) ;
#8371 = B_SPLINE_CURVE_WITH_KNOTS ( 'NONE', 3,
 ( #4572, #2411, #1621, #7625, #3919, #746, #82, #5471, #4972, #7223, #229, #2457, #1155, #6360, #9523, #7113, #5708, #8026, #1042, #6467, #4214, #4911 ),
 .UNSPECIFIED., .F., .F.,
 ( 4, 3, 3, 3, 3, 3, 3, 4 ),
 ( 0.0002168574548798304588, 0.0002188290334246854115, 0.0002305812013871250956, 0.0002423333607551973203, 0.0002540856419916164748, 0.0002658380091482357831, 0.0002775903405257877199, 0.0002867718163053204405 ),
 .UNSPECIFIED. ) ;
#8372 = CARTESIAN_POINT ( 'NONE',  ( 0.000000000000000000, 8.737285000697680104, -2.449999999999999734 ) ) ;
#8373 = ORIENTED_EDGE ( 'NONE', *, *, #9859, .T. ) ;
#8374 = PLANE ( 'NONE',  #1598 ) ;
#8375 = DIRECTION ( 'NONE',  ( -0.000000000000000000, -0.000000000000000000, 1.000000000000000000 ) ) ;
#8376 = TOROIDAL_SURFACE ( 'NONE', #5015, 8.866382193656235700, 0.03500000000000000333 ) ;
#8377 = LINE ( 'NONE', #4670, #7667 ) ;
#8378 = CARTESIAN_POINT ( 'NONE',  ( 6.886067688689470501, 5.555408136157288901, -3.464471549642479165 ) ) ;
#8379 = DIRECTION ( 'NONE',  ( 0.000000000000000000, 0.000000000000000000, -1.000000000000000000 ) ) ;
#8380 = CARTESIAN_POINT ( 'NONE',  ( 0.000000000000000000, 0.000000000000000000, 1.224999999999999867 ) ) ;
#8381 = ADVANCED_FACE ( 'NONE', ( #9021 ), #1086, .T. ) ;
#8382 = AXIS2_PLACEMENT_3D ( 'NONE', #5341, #6978, #5779 ) ;
#8383 = DIRECTION ( 'NONE',  ( -0.000000000000000000, -0.000000000000000000, -1.000000000000000000 ) ) ;
#8384 = ORIENTED_EDGE ( 'NONE', *, *, #344, .T. ) ;
#8385 = EDGE_LOOP ( 'NONE', ( #8732, #1169, #5236, #9939 ) ) ;
#8386 = EDGE_CURVE ( 'NONE', #9822, #7779, #1722, .T. ) ;
#8387 = DIRECTION ( 'NONE',  ( -1.000000000000000000, 0.000000000000000000, 0.000000000000000000 ) ) ;
#8388 = DIRECTION ( 'NONE',  ( -0.000000000000000000, -0.000000000000000000, 1.000000000000000000 ) ) ;
#8389 = CARTESIAN_POINT ( 'NONE',  ( 3.771531933161288208, -7.716428513517238130, -3.094141646974374105 ) ) ;
#8390 = VECTOR ( 'NONE', #4864, 1000.000000000000000 ) ;
#8391 = VERTEX_POINT ( 'NONE', #9824 ) ;
#8392 = DIRECTION ( 'NONE',  ( -0.6234898018585262047, -0.7818314824681952269, 0.000000000000000000 ) ) ;
#8393 = CARTESIAN_POINT ( 'NONE',  ( 3.888281473680839095, 7.958861432445933914, -3.469100694293998810 ) ) ;
#8394 = VERTEX_POINT ( 'NONE', #1306 ) ;
#8395 = DIRECTION ( 'NONE',  ( -0.000000000000000000, -0.000000000000000000, 1.000000000000000000 ) ) ;
#8396 = ORIENTED_EDGE ( 'NONE', *, *, #5060, .F. ) ;
#8397 = ADVANCED_FACE ( 'NONE', ( #3607 ), #5264, .T. ) ;
#8398 = FACE_OUTER_BOUND ( 'NONE', #5056, .T. ) ;
#8399 = CARTESIAN_POINT ( 'NONE',  ( -3.815021055286628826, 8.037211093225053560, 3.452421434499180375 ) ) ;
#8400 = ORIENTED_EDGE ( 'NONE', *, *, #5533, .F. ) ;
#8401 = CARTESIAN_POINT ( 'NONE',  ( 8.651073151173656939, -1.923265150063625972, 3.469900311146004501 ) ) ;
#8402 = DIRECTION ( 'NONE',  ( -1.000000000000000000, 0.000000000000000000, 0.000000000000000000 ) ) ;
#8403 = CARTESIAN_POINT ( 'NONE',  ( -0.05000000000000000971, 9.046037105128458933, -3.500000000000000444 ) ) ;
#8404 = B_SPLINE_CURVE_WITH_KNOTS ( 'NONE', 3,
 ( #7859, #985, #4054, #487, #9622, #8168, #2042 ),
 .UNSPECIFIED., .F., .F.,
 ( 4, 3, 4 ),
 ( 0.0005204849250710220487, 0.0009002598162381902523, 0.0009544278593203510842 ),
 .UNSPECIFIED. ) ;
#8405 = ORIENTED_EDGE ( 'NONE', *, *, #8938, .F. ) ;
#8406 = VERTEX_POINT ( 'NONE', #2294 ) ;
#8407 = CARTESIAN_POINT ( 'NONE',  ( 3.771531933161343275, 7.716428513517212373, 3.099533293948748103 ) ) ;
#8408 = B_SPLINE_CURVE_WITH_KNOTS ( 'NONE', 3,
 ( #6282, #4125, #7082, #2515, #156, #3431, #3382 ),
 .UNSPECIFIED., .F., .F.,
 ( 4, 3, 4 ),
 ( 0.001199429903413612702, 0.001225696219576499638, 0.001498119107920983795 ),
 .UNSPECIFIED. ) ;
#8409 = FACE_OUTER_BOUND ( 'NONE', #5342, .T. ) ;
#8410 = CARTESIAN_POINT ( 'NONE',  ( 3.815021055286684781, -8.037211093225025138, 3.452421434499180375 ) ) ;
#8411 = ORIENTED_EDGE ( 'NONE', *, *, #9228, .F. ) ;
#8412 = CARTESIAN_POINT ( 'NONE',  ( 6.945830820748191137, -5.475162842841466038, 3.462372291138045455 ) ) ;
#8413 = CARTESIAN_POINT ( 'NONE',  ( 8.629761014703552391, 1.918400793988949138, 3.458522467003439349 ) ) ;
#8414 = DIRECTION ( 'NONE',  ( -0.000000000000000000, -0.000000000000000000, 1.000000000000000000 ) ) ;
#8415 = CARTESIAN_POINT ( 'NONE',  ( 6.878614483356402687, -5.549464403242367005, -3.455541280135825399 ) ) ;
#8416 = CARTESIAN_POINT ( 'NONE',  ( 0.000000000000000000, 0.000000000000000000, -3.193750000000000533 ) ) ;
#8417 = EDGE_LOOP ( 'NONE', ( #4336, #7543, #2545, #325 ) ) ;
#8418 = CARTESIAN_POINT ( 'NONE',  ( -6.974898709587113999, 5.498343710661584893, 3.466489319800472924 ) ) ;
#8419 = CARTESIAN_POINT ( 'NONE',  ( 0.05000000000000002359, -8.854507720150186501, -3.468127985775450117 ) ) ;
#8420 = B_SPLINE_CURVE_WITH_KNOTS ( 'NONE', 3,
 ( #6828, #3735, #8191, #1323, #4484, #4379, #3627, #5980, #8286, #7587, #1424, #7540, #3028, #663, #2975, #6786, #709, #9845, #6086, #9089, #5286, #8343 ),
 .UNSPECIFIED., .F., .F.,
 ( 4, 3, 3, 3, 3, 3, 3, 4 ),
 ( 0.0002168574548798376958, 0.0002188290334246931635, 0.0002305812013871319803, 0.0002423333607552047471, 0.0002540856419916233053, 0.0002658380091482434810, 0.0002775903405257948214, 0.0002867718163053285720 ),
 .UNSPECIFIED. ) ;
#8421 = DIRECTION ( 'NONE',  ( 0.000000000000000000, 0.000000000000000000, -1.000000000000000000 ) ) ;
#8422 = PLANE ( 'NONE',  #1253 ) ;
#8423 = CARTESIAN_POINT ( 'NONE',  ( -8.654993824190224672, 1.924160018094934532, -3.470139885832122406 ) ) ;
#8424 = DIRECTION ( 'NONE',  ( -0.000000000000000000, -0.000000000000000000, -1.000000000000000000 ) ) ;
#8425 = B_SPLINE_CURVE_WITH_KNOTS ( 'NONE', 3,
 ( #1892, #4954, #8011, #372, #6499, #2690, #678 ),
 .UNSPECIFIED., .F., .F.,
 ( 4, 3, 4 ),
 ( 0.001199429903413613135, 0.001225696219576499638, 0.001498119107920984228 ),
 .UNSPECIFIED. ) ;
#8426 = EDGE_CURVE ( 'NONE', #5442, #360, #6367, .T. ) ;
#8427 = DIRECTION ( 'NONE',  ( -0.9009688679025714686, 0.4338837391172419289, 0.000000000000000000 ) ) ;
#8428 = ORIENTED_EDGE ( 'NONE', *, *, #1481, .T. ) ;
#8429 = ORIENTED_EDGE ( 'NONE', *, *, #6221, .F. ) ;
#8430 = LINE ( 'NONE', #187, #1611 ) ;
#8431 = ADVANCED_FACE ( 'NONE', ( #4663 ), #5565, .T. ) ;
#8432 = CARTESIAN_POINT ( 'NONE',  ( -8.621380678306064027, -2.019059723220224090, -3.468127985775450117 ) ) ;
#8433 = EDGE_CURVE ( 'NONE', #1868, #3428, #6114, .T. ) ;
#8434 = CARTESIAN_POINT ( 'NONE',  ( 0.000000000000000000, 0.000000000000000000, 2.975000000000005418 ) ) ;
#8435 = CARTESIAN_POINT ( 'NONE',  ( 0.000000000000000000, 0.000000000000000000, 3.452421434499180375 ) ) ;
#8436 = VERTEX_POINT ( 'NONE', #3101 ) ;
#8437 = CARTESIAN_POINT ( 'NONE',  ( 0.000000000000000000, 0.000000000000000000, -3.500000000000000444 ) ) ;
#8438 = CARTESIAN_POINT ( 'NONE',  ( 8.741693482048010111, 1.943948649232710268, 3.351032822740168005 ) ) ;
#8439 = ADVANCED_FACE ( 'NONE', ( #5460 ), #4048, .F. ) ;
#8440 = TOROIDAL_SURFACE ( 'NONE', #6030, 7.500000000000000000, 2.450000000000000178 ) ;
#8441 = ORIENTED_EDGE ( 'NONE', *, *, #6913, .T. ) ;
#8442 = CARTESIAN_POINT ( 'NONE',  ( 0.000000000000000000, 0.000000000000000000, 3.454996609771464389 ) ) ;
#8443 = VERTEX_POINT ( 'NONE', #9921 ) ;
#8444 = DIRECTION ( 'NONE',  ( 0.000000000000000000, 0.000000000000000000, -1.000000000000000000 ) ) ;
#8445 = CARTESIAN_POINT ( 'NONE',  ( 0.000000000000000000, 0.000000000000000000, 3.500000000000000444 ) ) ;
#8446 = VERTEX_POINT ( 'NONE', #9170 ) ;
#8447 = DIRECTION ( 'NONE',  ( 0.000000000000000000, 0.000000000000000000, -1.000000000000000000 ) ) ;
#8448 = AXIS2_PLACEMENT_3D ( 'NONE', #4846, #5690, #261 ) ;
#8449 = VECTOR ( 'NONE', #8801, 1000.000000000000000 ) ;
#8450 = CARTESIAN_POINT ( 'NONE',  ( -3.907017385819760324, 7.997766954886992075, 3.444839032082838592 ) ) ;
#8451 = FACE_OUTER_BOUND ( 'NONE', #1857, .T. ) ;
#8452 = EDGE_CURVE ( 'NONE', #6543, #1590, #723, .T. ) ;
#8453 = CIRCLE ( 'NONE', #8930, 9.046037105128458933 ) ;
#8454 = VERTEX_POINT ( 'NONE', #4705 ) ;
#8455 = AXIS2_PLACEMENT_3D ( 'NONE', #190, #8626, #7022 ) ;
#8456 = AXIS2_PLACEMENT_3D ( 'NONE', #4101, #987, #2600 ) ;
#8457 = EDGE_LOOP ( 'NONE', ( #2560, #1545, #4433, #4902 ) ) ;
#8458 = CARTESIAN_POINT ( 'NONE',  ( -0.05000000000000001665, 8.955090244376902930, -3.351032822740168449 ) ) ;
#8459 = VECTOR ( 'NONE', #3770, 1000.000000000000000 ) ;
#8460 = CARTESIAN_POINT ( 'NONE',  ( 8.606028464958562552, -2.015555680706334396, 3.456597352396201472 ) ) ;
#8461 = DIRECTION ( 'NONE',  ( -6.776263578034444621E-17, 1.000000000000000000, 0.000000000000000000 ) ) ;
#8462 = ORIENTED_EDGE ( 'NONE', *, *, #2313, .T. ) ;
#8463 = CARTESIAN_POINT ( 'NONE',  ( 6.940963463542276557, -5.471281254995565391, 3.455541280135825399 ) ) ;
#8464 = CARTESIAN_POINT ( 'NONE',  ( 8.588813778810038713, 0.000000000000000000, -3.099533293948747659 ) ) ;
#8465 = LINE ( 'NONE', #6996, #6870 ) ;
#8466 = CIRCLE ( 'NONE', #8141, 8.588813778810038713 ) ;
#8467 = CARTESIAN_POINT ( 'NONE',  ( 6.924189967865086892, -5.585809639323464637, -3.452954079042413582 ) ) ;
#8468 = TOROIDAL_SURFACE ( 'NONE', #6064, 8.866382193656235700, 0.03500000000000000333 ) ;
#8469 = AXIS2_PLACEMENT_3D ( 'NONE', #2341, #3199, #9216 ) ;
#8470 = DIRECTION ( 'NONE',  ( 0.000000000000000000, 0.000000000000000000, 1.000000000000000000 ) ) ;
#8471 = ORIENTED_EDGE ( 'NONE', *, *, #4025, .T. ) ;
#8472 = CARTESIAN_POINT ( 'NONE',  ( 8.665797712491974281, 1.926625935097726172, -3.468147503381453944 ) ) ;
#8473 = CIRCLE ( 'NONE', #6382, 4.524999999999999467 ) ;
#8474 = DIRECTION ( 'NONE',  ( 0.000000000000000000, -1.000000000000000000, 0.000000000000000000 ) ) ;
#8475 = AXIS2_PLACEMENT_3D ( 'NONE', #2384, #7556, #1640 ) ;
#8476 = CARTESIAN_POINT ( 'NONE',  ( -8.362206348396735933, 1.959904873689159333, -3.094141646974374105 ) ) ;
#8477 = DIRECTION ( 'NONE',  ( -0.4338837391175652258, -0.9009688679024158153, -0.000000000000000000 ) ) ;
#8478 = CARTESIAN_POINT ( 'NONE',  ( -3.879820004569297431, 8.171767497885925380, 3.193750000000000089 ) ) ;
#8479 = VECTOR ( 'NONE', #1367, 1000.000000000000000 ) ;
#8480 = ORIENTED_EDGE ( 'NONE', *, *, #9533, .T. ) ;
#8481 = VERTEX_POINT ( 'NONE', #5402 ) ;
#8482 = CARTESIAN_POINT ( 'NONE',  ( -3.815021055286628826, 8.037211093225053560, 3.452421434499180375 ) ) ;
#8483 = CARTESIAN_POINT ( 'NONE',  ( -8.611309364345199668, -2.016761011530121994, -3.462372291138045455 ) ) ;
#8484 = CARTESIAN_POINT ( 'NONE',  ( -8.670907408394935345, 2.030363876171074278, -3.437256629622303716 ) ) ;
#8485 = CARTESIAN_POINT ( 'NONE',  ( 7.103543054549994906, 5.600934152399529076, 3.193750000000000089 ) ) ;
#8486 = B_SPLINE_CURVE_WITH_KNOTS ( 'NONE', 3,
 ( #8997, #7592, #3581, #2886, #2169, #9092, #2223 ),
 .UNSPECIFIED., .F., .F.,
 ( 4, 3, 4 ),
 ( 0.0005204849250710211813, 0.0009002598162381898186, 0.0009544278593203504336 ),
 .UNSPECIFIED. ) ;
#8487 = CIRCLE ( 'NONE', #2557, 9.046037105128458933 ) ;
#8488 = DIRECTION ( 'NONE',  ( 1.000000000000000000, 0.000000000000000000, 0.000000000000000000 ) ) ;
#8489 = PLANE ( 'NONE',  #6151 ) ;
#8490 = ADVANCED_FACE ( 'NONE', ( #3197 ), #7886, .F. ) ;
#8491 = AXIS2_PLACEMENT_3D ( 'NONE', #6357, #2652, #383 ) ;
#8492 = EDGE_CURVE ( 'NONE', #2932, #7271, #3008, .T. ) ;
#8493 = EDGE_LOOP ( 'NONE', ( #4003, #3693, #4573, #4399 ) ) ;
#8494 = DIRECTION ( 'NONE',  ( 0.000000000000000000, 0.000000000000000000, 1.000000000000000000 ) ) ;
#8495 = EDGE_LOOP ( 'NONE', ( #7651, #4198 ) ) ;
#8496 = AXIS2_PLACEMENT_3D ( 'NONE', #9070, #644, #2196 ) ;
#8497 = CARTESIAN_POINT ( 'NONE',  ( 0.000000000000000000, 0.000000000000000000, 3.193750000000000533 ) ) ;
#8498 = DIRECTION ( 'NONE',  ( -0.000000000000000000, -0.000000000000000000, 1.000000000000000000 ) ) ;
#8499 = EDGE_CURVE ( 'NONE', #3368, #7271, #9817, .T. ) ;
#8500 = VERTEX_POINT ( 'NONE', #3244 ) ;
#8501 = CARTESIAN_POINT ( 'NONE',  ( 8.666363791625199653, -1.926755138965936531, 3.468181098941469642 ) ) ;
#8502 = CARTESIAN_POINT ( 'NONE',  ( -6.922007415503167671, 5.584069111895077597, -3.457279025203407574 ) ) ;
#8503 = FACE_OUTER_BOUND ( 'NONE', #7281, .T. ) ;
#8504 = EDGE_CURVE ( 'NONE', #9630, #4835, #6301, .T. ) ;
#8505 = VERTEX_POINT ( 'NONE', #1790 ) ;
#8506 = ORIENTED_EDGE ( 'NONE', *, *, #392, .T. ) ;
#8507 = CARTESIAN_POINT ( 'NONE',  ( 8.384458441792379091, -1.862412082470922270, -3.094141646974374105 ) ) ;
#8508 = ADVANCED_FACE ( 'NONE', ( #263 ), #5643, .T. ) ;
#8509 = EDGE_CURVE ( 'NONE', #1773, #4989, #1840, .T. ) ;
#8510 = CARTESIAN_POINT ( 'NONE',  ( 3.908916829529494485, -8.001711190391697315, -3.437256629622304160 ) ) ;
#8511 = CARTESIAN_POINT ( 'NONE',  ( 3.820719386415864616, -8.049043799739521887, 3.429674227117769814 ) ) ;
#8512 = EDGE_LOOP ( 'NONE', ( #5886, #8215 ) ) ;
#8513 = CARTESIAN_POINT ( 'NONE',  ( 6.980233343993036854, -5.502597939639640501, 3.462472406546387216 ) ) ;
#8514 = CARTESIAN_POINT ( 'NONE',  ( 8.684623479167859372, 1.930922793491888445, 3.452421434499180375 ) ) ;
#8515 = CARTESIAN_POINT ( 'NONE',  ( 6.683716731970481995, -5.394038632959075485, -3.099533293948748103 ) ) ;
#8516 = CARTESIAN_POINT ( 'NONE',  ( 6.883263353692894881, -5.553171753624084772, -3.461862008941932967 ) ) ;
#8517 = DIRECTION ( 'NONE',  ( 1.000000000000000000, 0.000000000000000000, 0.000000000000000000 ) ) ;
#8518 = ORIENTED_EDGE ( 'NONE', *, *, #7510, .F. ) ;
#8519 = DIRECTION ( 'NONE',  ( 0.000000000000000000, 0.000000000000000000, 1.000000000000000000 ) ) ;
#8520 = CARTESIAN_POINT ( 'NONE',  ( -8.384458441792405736, -1.862412082470809027, 3.500000000000000000 ) ) ;
#8521 = AXIS2_PLACEMENT_3D ( 'NONE', #2105, #7470, #8873 ) ;
#8522 = CARTESIAN_POINT ( 'NONE',  ( 0.000000000000000000, 0.000000000000000000, -3.454996609771464389 ) ) ;
#8523 = CARTESIAN_POINT ( 'NONE',  ( 6.924430402411135610, -5.586001379475708184, -3.452421434499180375 ) ) ;
#8524 = CARTESIAN_POINT ( 'NONE',  ( 9.621762239271875572, 0.000000000000000000, -3.201256313292353717 ) ) ;
#8525 = AXIS2_PLACEMENT_3D ( 'NONE', #8199, #4490, #2784 ) ;
#8526 = DIRECTION ( 'NONE',  ( -0.4338837391175463520, 0.9009688679024248081, 0.000000000000000000 ) ) ;
#8527 = ORIENTED_EDGE ( 'NONE', *, *, #9173, .T. ) ;
#8528 = ORIENTED_EDGE ( 'NONE', *, *, #4931, .T. ) ;
#8529 = DIRECTION ( 'NONE',  ( 1.000000000000000000, 0.000000000000000000, 0.000000000000000000 ) ) ;
#8530 = CARTESIAN_POINT ( 'NONE',  ( -8.644111698229593799, -2.024247930184001731, -3.468181098941469198 ) ) ;
#8531 = DIRECTION ( 'NONE',  ( -0.000000000000000000, -0.000000000000000000, 1.000000000000000000 ) ) ;
#8532 = LINE ( 'NONE', #4825, #6707 ) ;
#8533 = CARTESIAN_POINT ( 'NONE',  ( -8.662371385772239307, -2.028415584710014041, 3.452421434499180375 ) ) ;
#8534 = AXIS2_PLACEMENT_3D ( 'NONE', #2422, #1535, #7694 ) ;
#8535 = ORIENTED_EDGE ( 'NONE', *, *, #5791, .T. ) ;
#8536 = DIRECTION ( 'NONE',  ( -0.2225209339563181954, -0.9749279121818227312, 0.000000000000000000 ) ) ;
#8537 = ORIENTED_EDGE ( 'NONE', *, *, #2550, .T. ) ;
#8538 = CIRCLE ( 'NONE', #361, 2.450000000000000622 ) ;
#8539 = CARTESIAN_POINT ( 'NONE',  ( -8.604868042990025501, 2.015290821964536239, -3.454996609771464833 ) ) ;
#8540 = DIRECTION ( 'NONE',  ( -0.000000000000000000, -0.000000000000000000, 1.000000000000000000 ) ) ;
#8541 = ORIENTED_EDGE ( 'NONE', *, *, #8805, .F. ) ;
#8542 = ADVANCED_FACE ( 'NONE', ( #4847 ), #5180, .T. ) ;
#8543 = CARTESIAN_POINT ( 'NONE',  ( 8.362206348396760802, 1.959904873689046090, -3.500000000000000000 ) ) ;
#8544 = CARTESIAN_POINT ( 'NONE',  ( 8.607508921307905680, -2.015893585207191308, -3.458522467003439349 ) ) ;
#8545 = ORIENTED_EDGE ( 'NONE', *, *, #6957, .T. ) ;
#8546 = EDGE_CURVE ( 'NONE', #7516, #1696, #105, .T. ) ;
#8547 = ORIENTED_EDGE ( 'NONE', *, *, #6105, .T. ) ;
#8548 = CARTESIAN_POINT ( 'NONE',  ( 0.000000000000000000, 0.000000000000000000, -3.376256313292342437 ) ) ;
#8549 = ADVANCED_FACE ( 'NONE', ( #6496 ), #2604, .T. ) ;
#8550 = CARTESIAN_POINT ( 'NONE',  ( 3.969916891359596800, -8.128379123974143639, -3.193750000000000089 ) ) ;
#8551 = EDGE_CURVE ( 'NONE', #3428, #681, #4213, .T. ) ;
#8552 = DIRECTION ( 'NONE',  ( 0.000000000000000000, 0.000000000000000000, 1.000000000000000000 ) ) ;
#8553 = EDGE_LOOP ( 'NONE', ( #7952, #5137 ) ) ;
#8554 = CARTESIAN_POINT ( 'NONE',  ( -3.879820004569468850, -8.171767497885843667, -3.094141646974374105 ) ) ;
#8555 = DIRECTION ( 'NONE',  ( 1.000000000000000000, 0.000000000000000000, 0.000000000000000000 ) ) ;
#8556 = DIRECTION ( 'NONE',  ( -0.000000000000000000, -0.000000000000000000, -1.000000000000000000 ) ) ;
#8557 = DIRECTION ( 'NONE',  ( -0.000000000000000000, -0.000000000000000000, 1.000000000000000000 ) ) ;
#8558 = CARTESIAN_POINT ( 'NONE',  ( 6.917447124507895673, -5.580432401180702939, -3.462633071500297088 ) ) ;
#8559 = EDGE_CURVE ( 'NONE', #6133, #5801, #4207, .T. ) ;
#8560 = CARTESIAN_POINT ( 'NONE',  ( -0.05000000000000002359, -8.857748479125211460, 3.469100694293998810 ) ) ;
#8561 = VERTEX_POINT ( 'NONE', #6447 ) ;
#8562 = CARTESIAN_POINT ( 'NONE',  ( -6.969107329192179456, 5.493725238911729036, 3.469286171371085192 ) ) ;
#8563 = DIRECTION ( 'NONE',  ( 1.000000000000000000, 0.000000000000000000, 0.000000000000000000 ) ) ;
#8564 = DIRECTION ( 'NONE',  ( -0.9009688679024187019, 0.4338837391175590086, 0.000000000000000000 ) ) ;
#8565 = CARTESIAN_POINT ( 'NONE',  ( 0.000000000000000000, 0.000000000000000000, 3.193750000000000533 ) ) ;
#8566 = DIRECTION ( 'NONE',  ( -0.000000000000000000, -0.000000000000000000, 1.000000000000000000 ) ) ;
#8567 = EDGE_CURVE ( 'NONE', #8713, #7600, #9650, .T. ) ;
#8568 = CARTESIAN_POINT ( 'NONE',  ( -6.746065712156315008, 5.315855484712322720, 3.099533293948748103 ) ) ;
#8569 = ORIENTED_EDGE ( 'NONE', *, *, #9628, .T. ) ;
#8570 = ORIENTED_EDGE ( 'NONE', *, *, #9654, .T. ) ;
#8571 = DIRECTION ( 'NONE',  ( 0.000000000000000000, 0.000000000000000000, -1.000000000000000000 ) ) ;
#8572 = DIRECTION ( 'NONE',  ( -1.000000000000000000, 0.000000000000000000, 0.000000000000000000 ) ) ;
#8573 = FACE_OUTER_BOUND ( 'NONE', #9334, .T. ) ;
#8574 = CARTESIAN_POINT ( 'NONE',  ( 8.719441388652365177, -2.041441440450953326, 3.351032822740167560 ) ) ;
#8575 = CARTESIAN_POINT ( 'NONE',  ( -3.905117942077038773, -7.993822719313215863, -3.452421434499180375 ) ) ;
#8576 = ORIENTED_EDGE ( 'NONE', *, *, #1874, .F. ) ;
#8577 = CARTESIAN_POINT ( 'NONE',  ( -6.931275761066067354, -5.591460370840216854, -3.437256629622304160 ) ) ;
#8578 = ORIENTED_EDGE ( 'NONE', *, *, #8132, .F. ) ;
#8579 = DATE_AND_TIME ( #6325, #4689 ) ;
#8580 = CARTESIAN_POINT ( 'NONE',  ( -3.815021055286796692, -8.037211093224973624, 3.452421434499180375 ) ) ;
#8581 = FACE_OUTER_BOUND ( 'NONE', #6014, .T. ) ;
#8582 = VERTEX_POINT ( 'NONE', #8652 ) ;
#8583 = CARTESIAN_POINT ( 'NONE',  ( 3.923268333885891579, -8.261988883357009428, 3.500000000000000444 ) ) ;
#8584 = CARTESIAN_POINT ( 'NONE',  ( 8.661431183075031015, -2.028200989579895364, -3.453994494324953202 ) ) ;
#8585 = B_SPLINE_CURVE_WITH_KNOTS ( 'NONE', 3,
 ( #19, #3938, #6154, #8645, #4994, #1783, #4237 ),
 .UNSPECIFIED., .F., .F.,
 ( 4, 3, 4 ),
 ( 0.001199429903413612485, 0.001225696219576498771, 0.001498119107920983578 ),
 .UNSPECIFIED. ) ;
#8586 = VERTEX_POINT ( 'NONE', #4144 ) ;
#8587 = DIRECTION ( 'NONE',  ( -0.6234898018585262047, -0.7818314824681952269, 0.000000000000000000 ) ) ;
#8588 = CARTESIAN_POINT ( 'NONE',  ( -3.792296317891512114, -7.990022689792177779, 3.462372291138045899 ) ) ;
#8589 = AXIS2_PLACEMENT_3D ( 'NONE', #2623, #9494, #8039 ) ;
#8590 = AXIS2_PLACEMENT_3D ( 'NONE', #2528, #5366, #7574 ) ;
#8591 = ORIENTED_EDGE ( 'NONE', *, *, #407, .T. ) ;
#8592 = CARTESIAN_POINT ( 'NONE',  ( 6.986779382597046784, 5.507818231228858608, 3.452421434499180375 ) ) ;
#8593 = ORIENTED_EDGE ( 'NONE', *, *, #2848, .T. ) ;
#8594 = DIRECTION ( 'NONE',  ( -0.000000000000000000, -0.000000000000000000, -1.000000000000000000 ) ) ;
#8595 = CARTESIAN_POINT ( 'NONE',  ( 0.000000000000000000, 0.000000000000000000, 3.434921434499177639 ) ) ;
#8596 = CARTESIAN_POINT ( 'NONE',  ( 0.000000000000000000, 0.000000000000000000, -1.096058885236881233E-15 ) ) ;
#8597 = CARTESIAN_POINT ( 'NONE',  ( -0.05000000000000004441, -8.588668239434865015, 3.099533293948748103 ) ) ;
#8598 = ADVANCED_FACE ( 'NONE', ( #8008 ), #8376, .T. ) ;
#8599 = LINE ( 'NONE', #1843, #3704 ) ;
#8600 = EDGE_CURVE ( 'NONE', #6660, #9723, #3363, .T. ) ;
#8601 = AXIS2_PLACEMENT_3D ( 'NONE', #3432, #9643, #4881 ) ;
#8602 = ADVANCED_FACE ( 'NONE', ( #5099 ), #3547, .T. ) ;
#8603 = AXIS2_PLACEMENT_3D ( 'NONE', #791, #734, #7663 ) ;
#8604 = CARTESIAN_POINT ( 'NONE',  ( -6.746065712156315008, 5.315855484712322720, -3.094141646974374105 ) ) ;
#8605 = CIRCLE ( 'NONE', #9897, 8.588813778810038713 ) ;
#8606 = VERTEX_POINT ( 'NONE', #5155 ) ;
#8607 = CARTESIAN_POINT ( 'NONE',  ( 8.362206348396760802, 1.959904873689046090, -3.099533293948748103 ) ) ;
#8608 = CARTESIAN_POINT ( 'NONE',  ( 7.041194074364121036, 5.679117300646331579, 3.193750000000000089 ) ) ;
#8609 = ORIENTED_EDGE ( 'NONE', *, *, #2543, .F. ) ;
#8610 = EDGE_CURVE ( 'NONE', #3204, #5952, #846, .T. ) ;
#8611 = AXIS2_PLACEMENT_3D ( 'NONE', #9018, #9065, #8217 ) ;
#8612 = AXIS2_PLACEMENT_3D ( 'NONE', #3669, #7429, #5966 ) ;
#8613 = DIRECTION ( 'NONE',  ( 0.000000000000000000, 0.000000000000000000, -1.000000000000000000 ) ) ;
#8614 = CARTESIAN_POINT ( 'NONE',  ( 8.384458441792393302, 1.862412082470863872, 3.094141646974374105 ) ) ;
#8615 = CARTESIAN_POINT ( 'NONE',  ( -6.923938465194099834, 5.585609072636205319, 3.453478796700601539 ) ) ;
#8616 = DIRECTION ( 'NONE',  ( -0.2225209339566548705, 0.9749279121817460148, 0.000000000000000000 ) ) ;
#8617 = AXIS2_PLACEMENT_3D ( 'NONE', #2602, #4012, #5658 ) ;
#8618 = ADVANCED_FACE ( 'NONE', ( #2791 ), #5201, .T. ) ;
#8619 = VECTOR ( 'NONE', #4190, 1000.000000000000000 ) ;
#8620 = CARTESIAN_POINT ( 'NONE',  ( -3.254128043381738333, -6.757266509268117893, -3.092233167847068013E-16 ) ) ;
#8621 = ORIENTED_EDGE ( 'NONE', *, *, #1401, .F. ) ;
#8622 = ORIENTED_EDGE ( 'NONE', *, *, #3906, .T. ) ;
#8623 = DIRECTION ( 'NONE',  ( 0.7818314824680268060, -0.6234898018587372581, 0.000000000000000000 ) ) ;
#8624 = CARTESIAN_POINT ( 'NONE',  ( 0.000000000000000000, 0.000000000000000000, 3.094141646974374105 ) ) ;
#8625 = TOROIDAL_SURFACE ( 'NONE', #3833, 8.866382193656235700, 0.03500000000000000333 ) ;
#8626 = DIRECTION ( 'NONE',  ( 0.000000000000000000, 0.000000000000000000, 1.000000000000000000 ) ) ;
#8627 = EDGE_CURVE ( 'NONE', #4586, #8234, #9218, .T. ) ;
#8628 = CARTESIAN_POINT ( 'NONE',  ( -8.588813778810038713, 1.051826330269239652E-15, 3.064533293948747517 ) ) ;
#8629 = CARTESIAN_POINT ( 'NONE',  ( -7.041194074364041100, 5.679117300646431943, 3.193750000000000089 ) ) ;
#8630 = CIRCLE ( 'NONE', #6389, 8.588813778810038713 ) ;
#8631 = ORIENTED_EDGE ( 'NONE', *, *, #3104, .T. ) ;
#8632 = DIRECTION ( 'NONE',  ( -0.000000000000000000, -0.000000000000000000, 1.000000000000000000 ) ) ;
#8633 = VERTEX_POINT ( 'NONE', #1293 ) ;
#8634 = DIRECTION ( 'NONE',  ( 0.000000000000000000, -0.000000000000000000, 1.000000000000000000 ) ) ;
#8635 = VECTOR ( 'NONE', #4108, 1000.000000000000000 ) ;
#8636 = CARTESIAN_POINT ( 'NONE',  ( -3.726420399248647097, 7.853229935211831325, 3.247602129575368757 ) ) ;
#8637 = DIRECTION ( 'NONE',  ( 0.000000000000000000, 0.000000000000000000, -1.000000000000000000 ) ) ;
#8638 = AXIS2_PLACEMENT_3D ( 'NONE', #9637, #8726, #3522 ) ;
#8639 = ORIENTED_EDGE ( 'NONE', *, *, #9482, .F. ) ;
#8640 = DIRECTION ( 'NONE',  ( -1.000000000000000000, 0.000000000000000000, 0.000000000000000000 ) ) ;
#8641 = CARTESIAN_POINT ( 'NONE',  ( 8.606028464958562552, -2.015555680706334396, -3.456597352396201472 ) ) ;
#8642 = AXIS2_PLACEMENT_3D ( 'NONE', #5220, #2155, #2258 ) ;
#8643 = VERTEX_POINT ( 'NONE', #5050 ) ;
#8644 = VECTOR ( 'NONE', #2603, 999.9999999999998863 ) ;
#8645 = CARTESIAN_POINT ( 'NONE',  ( 3.910816273206163540, 8.005655425827738370, -3.429674227117769814 ) ) ;
#8646 = CARTESIAN_POINT ( 'NONE',  ( -3.798434106008921507, -8.002767938145606053, 3.469014143938407457 ) ) ;
#8647 = ORIENTED_EDGE ( 'NONE', *, *, #3659, .T. ) ;
#8648 = CARTESIAN_POINT ( 'NONE',  ( 6.968774760211240427, 5.493460023999301001, 3.469378817057675590 ) ) ;
#8649 = B_SPLINE_CURVE_WITH_KNOTS ( 'NONE', 3,
 ( #277, #9515, #4301, #6606, #8865, #424, #4204 ),
 .UNSPECIFIED., .F., .F.,
 ( 4, 3, 4 ),
 ( 0.0005204849250710206392, 0.0009002598162381901439, 0.0009544278593203504336 ),
 .UNSPECIFIED. ) ;
#8650 = ORIENTED_EDGE ( 'NONE', *, *, #1638, .F. ) ;
#8651 = FACE_OUTER_BOUND ( 'NONE', #9665, .T. ) ;
#8652 = CARTESIAN_POINT ( 'NONE',  ( -8.807973303152722977, -2.061648272210801824, 3.094141646974374105 ) ) ;
#8653 = DIRECTION ( 'NONE',  ( 0.000000000000000000, 0.000000000000000000, 1.000000000000000000 ) ) ;
#8654 = CARTESIAN_POINT ( 'NONE',  ( -0.05000000000000003053, -8.764959675655999760, 3.351299362948741756 ) ) ;
#8655 = DIRECTION ( 'NONE',  ( 0.000000000000000000, 0.000000000000000000, 1.000000000000000000 ) ) ;
#8656 = CARTESIAN_POINT ( 'NONE',  ( -0.05000000000000002359, -8.837951820048278506, 3.455541280135825843 ) ) ;
#8657 = ORIENTED_EDGE ( 'NONE', *, *, #8509, .T. ) ;
#8658 = DIRECTION ( 'NONE',  ( 1.000000000000000000, 0.000000000000000000, 0.000000000000000000 ) ) ;
#8659 = CARTESIAN_POINT ( 'NONE',  ( 0.000000000000000000, 0.000000000000000000, 1.224999999999999867 ) ) ;
#8660 = DIRECTION ( 'NONE',  ( 1.000000000000000000, 0.000000000000000000, 0.000000000000000000 ) ) ;
#8661 = ORIENTED_EDGE ( 'NONE', *, *, #5666, .T. ) ;
#8662 = ADVANCED_FACE ( 'NONE', ( #7407 ), #3595, .T. ) ;
#8663 = CARTESIAN_POINT ( 'NONE',  ( 0.000000000000000000, 0.000000000000000000, 3.094141646974374105 ) ) ;
#8664 = CARTESIAN_POINT ( 'NONE',  ( -6.683716731970554825, -5.394038632958984003, -3.099533293948748103 ) ) ;
#8665 = FACE_OUTER_BOUND ( 'NONE', #8958, .T. ) ;
#8666 = DIRECTION ( 'NONE',  ( 6.776263578034444621E-17, -1.000000000000000000, 0.000000000000000000 ) ) ;
#8667 = CARTESIAN_POINT ( 'NONE',  ( -0.05000000000000000278, -9.146037105128458577, -3.094141646974374105 ) ) ;
#8668 = EDGE_LOOP ( 'NONE', ( #9285, #7929, #6362, #2828 ) ) ;
#8669 = ORIENTED_EDGE ( 'NONE', *, *, #2331, .T. ) ;
#8670 = DIRECTION ( 'NONE',  ( 1.000000000000000000, 0.000000000000000000, 0.000000000000000000 ) ) ;
#8671 = EDGE_CURVE ( 'NONE', #5939, #2952, #1072, .T. ) ;
#8672 = DIRECTION ( 'NONE',  ( -0.2225209339563050392, 0.9749279121818257288, 0.000000000000000000 ) ) ;
#8673 = CARTESIAN_POINT ( 'NONE',  ( -8.588813778810038713, -1.051826330269239652E-15, -3.500000000000000000 ) ) ;
#8674 = EDGE_CURVE ( 'NONE', #8582, #5788, #6694, .T. ) ;
#8675 = CARTESIAN_POINT ( 'NONE',  ( 3.685928616305655048, -7.769147881545203305, 3.114323832567765127 ) ) ;
#8676 = CARTESIAN_POINT ( 'NONE',  ( -6.927853081768444277, 5.588730875181923352, 3.444839032082838592 ) ) ;
#8677 = FACE_OUTER_BOUND ( 'NONE', #3045, .T. ) ;
#8678 = ORGANIZATION ( 'UNSPECIFIED', 'UNSPECIFIED', '' ) ;
#8679 = ORIENTED_EDGE ( 'NONE', *, *, #842, .F. ) ;
#8680 = EDGE_CURVE ( 'NONE', #631, #5573, #2514, .T. ) ;
#8681 = FACE_OUTER_BOUND ( 'NONE', #2696, .T. ) ;
#8682 = ORIENTED_EDGE ( 'NONE', *, *, #161, .T. ) ;
#8683 = FACE_OUTER_BOUND ( 'NONE', #9370, .T. ) ;
#8684 = CARTESIAN_POINT ( 'NONE',  ( -8.808108021724400771, -2.061679020845665899, 3.500000000000000444 ) ) ;
#8685 = CARTESIAN_POINT ( 'NONE',  ( 0.000000000000000000, 0.000000000000000000, 2.975000000000000089 ) ) ;
#8686 = APPLICATION_CONTEXT ( 'configuration controlled 3d designs of mechanical parts and assemblies' ) ;
#8687 = AXIS2_PLACEMENT_3D ( 'NONE', #8366, #7795, #8555 ) ;
#8688 = ORIENTED_EDGE ( 'NONE', *, *, #36, .F. ) ;
#8689 = B_SPLINE_CURVE_WITH_KNOTS ( 'NONE', 3,
 ( #3548, #6752, #5949, #8158, #6553, #9813, #4441, #6597, #2744, #8054, #5998, #1294, #5797, #8853, #4349, #9659, #9057, #1990, #8104, #2792, #2138, #7408, #6641, #8961, #7504 ),
 .UNSPECIFIED., .F., .F.,
 ( 4, 3, 3, 3, 3, 3, 3, 3, 4 ),
 ( 0.0001509499138714757212, 0.0001527764003826876727, 0.0001645282963311841672, 0.0001762803579144513178, 0.0001880325997012806643, 0.0001997849575937743461, 0.0002115373162334718946, 0.0002188290956692533640, 0.0002208042975641514151 ),
 .UNSPECIFIED. ) ;
#8690 = CARTESIAN_POINT ( 'NONE',  ( -3.879864310480627410, -7.941383012962115906, -3.456075294419945987 ) ) ;
#8691 = DIRECTION ( 'NONE',  ( 0.000000000000000000, 0.000000000000000000, -1.000000000000000000 ) ) ;
#8692 = VERTEX_POINT ( 'NONE', #7352 ) ;
#8693 = ADVANCED_FACE ( 'NONE', ( #477 ), #6751, .T. ) ;
#8694 = CIRCLE ( 'NONE', #2140, 8.896693082788692308 ) ;
#8695 = CARTESIAN_POINT ( 'NONE',  ( -7.041194074364160116, -5.679117300646283617, -3.500000000000000000 ) ) ;
#8696 = DIRECTION ( 'NONE',  ( 1.000000000000000000, 0.000000000000000000, 0.000000000000000000 ) ) ;
#8697 = ORIENTED_EDGE ( 'NONE', *, *, #144, .F. ) ;
#8698 = ADVANCED_FACE ( 'NONE', ( #6744 ), #6590, .T. ) ;
#8699 = CARTESIAN_POINT ( 'NONE',  ( 0.000000000000000000, 0.000000000000000000, -2.449999999999999289 ) ) ;
#8700 = ADVANCED_FACE ( 'NONE', ( #6634 ), #514, .F. ) ;
#8701 = ORIENTED_EDGE ( 'NONE', *, *, #2068, .F. ) ;
#8702 = PLANE ( 'NONE',  #8448 ) ;
#8703 = CARTESIAN_POINT ( 'NONE',  ( 5.863736118510232131, 4.676173513940490523, -3.092233167847068013E-16 ) ) ;
#8704 = DIRECTION ( 'NONE',  ( -0.5000000000000019984, 0.000000000000000000, -0.8660254037844375974 ) ) ;
#8705 = CARTESIAN_POINT ( 'NONE',  ( -0.05000000000000003053, -8.692348900455138860, 3.247602129575368757 ) ) ;
#8706 = LINE ( 'NONE', #2539, #8817 ) ;
#8707 = ORIENTED_EDGE ( 'NONE', *, *, #1639, .F. ) ;
#8708 = CARTESIAN_POINT ( 'NONE',  ( 3.896991616625447019, -7.976948230637761483, -3.468181098941469198 ) ) ;
#8709 = ORIENTED_EDGE ( 'NONE', *, *, #338, .T. ) ;
#8710 = DIRECTION ( 'NONE',  ( 0.7818314824680352437, 0.6234898018587267110, 0.000000000000000000 ) ) ;
#8711 = CARTESIAN_POINT ( 'NONE',  ( 8.392497227128144388, -1.966818569093089497, 3.143904910697431276 ) ) ;
#8712 = CARTESIAN_POINT ( 'NONE',  ( -3.789429660203631034, 7.984070013767070151, -3.454996609771464833 ) ) ;
#8713 = VERTEX_POINT ( 'NONE', #1332 ) ;
#8714 = CARTESIAN_POINT ( 'NONE',  ( -6.986538948051034481, -5.507626491076568875, 3.452954079042414026 ) ) ;
#8715 = DIRECTION ( 'NONE',  ( -0.000000000000000000, -0.000000000000000000, 1.000000000000000000 ) ) ;
#8716 = CARTESIAN_POINT ( 'NONE',  ( -6.909333309708245885, 5.573961849795747270, 3.468147503381453944 ) ) ;
#8717 = CARTESIAN_POINT ( 'NONE',  ( -0.05000000000000002359, -8.840279225073985003, -3.458522467003439349 ) ) ;
#8718 = CARTESIAN_POINT ( 'NONE',  ( 0.000000000000000000, 0.000000000000000000, 3.094141646974374105 ) ) ;
#8719 = ORIENTED_EDGE ( 'NONE', *, *, #2187, .T. ) ;
#8720 = ORIENTED_EDGE ( 'NONE', *, *, #9119, .F. ) ;
#8721 = CARTESIAN_POINT ( 'NONE',  ( 3.879820004569413339, 8.171767497885872089, -3.094141646974374105 ) ) ;
#8722 = CARTESIAN_POINT ( 'NONE',  ( 8.683130557623551127, -1.930582043891686750, -3.455073707654065629 ) ) ;
#8723 = CARTESIAN_POINT ( 'NONE',  ( 0.05000000000000002359, 8.895923368718410273, 3.453478796700601539 ) ) ;
#8724 = CARTESIAN_POINT ( 'NONE',  ( 0.05000000000000001665, 8.905308122385132918, -3.437256629622304160 ) ) ;
#8725 = CYLINDRICAL_SURFACE ( 'NONE', #6377, 8.588813778810038713 ) ;
#8726 = DIRECTION ( 'NONE',  ( 0.000000000000000000, 0.000000000000000000, -1.000000000000000000 ) ) ;
#8727 = ADVANCED_FACE ( 'NONE', ( #9751 ), #9648, .T. ) ;
#8728 = VERTEX_POINT ( 'NONE', #5293 ) ;
#8729 = ADVANCED_FACE ( 'NONE', ( #5836 ), #2829, .T. ) ;
#8730 = CARTESIAN_POINT ( 'NONE',  ( 3.969976846764378120, -8.128503622655012251, 3.500000000000000444 ) ) ;
#8731 = ADVANCED_FACE ( 'NONE', ( #8891 ), #8951, .T. ) ;
#8732 = ORIENTED_EDGE ( 'NONE', *, *, #5815, .F. ) ;
#8733 = FACE_OUTER_BOUND ( 'NONE', #6979, .T. ) ;
#8734 = CARTESIAN_POINT ( 'NONE',  ( 8.684623479167845161, -1.930922793491949063, 3.452421434499180375 ) ) ;
#8735 = CARTESIAN_POINT ( 'NONE',  ( -9.621762239271875572, 1.178326032848117103E-15, -3.201256313292353717 ) ) ;
#8736 = ORIENTED_EDGE ( 'NONE', *, *, #5278, .F. ) ;
#8737 = CARTESIAN_POINT ( 'NONE',  ( 8.394555401783325266, -1.864716647700033647, 3.114323832567764239 ) ) ;
#8738 = EDGE_CURVE ( 'NONE', #396, #6755, #7444, .T. ) ;
#8739 = CARTESIAN_POINT ( 'NONE',  ( 0.000000000000000000, 0.000000000000000000, 3.325000000000000622 ) ) ;
#8740 = ORIENTED_EDGE ( 'NONE', *, *, #9533, .F. ) ;
#8741 = CARTESIAN_POINT ( 'NONE',  ( 0.000000000000000000, 0.000000000000000000, 3.094141646974374105 ) ) ;
#8742 = CARTESIAN_POINT ( 'NONE',  ( -3.811388277930564783, -8.029667553315773532, 3.462472406546387660 ) ) ;
#8743 = ORIENTED_EDGE ( 'NONE', *, *, #969, .F. ) ;
#8744 = CARTESIAN_POINT ( 'NONE',  ( 3.771531933161288208, -7.716428513517238130, 3.500000000000000000 ) ) ;
#8745 = ORIENTED_EDGE ( 'NONE', *, *, #8999, .T. ) ;
#8746 = EDGE_CURVE ( 'NONE', #3285, #2712, #356, .T. ) ;
#8747 = CARTESIAN_POINT ( 'NONE',  ( 8.830225396548327055, -1.964155480992738623, -3.193750000000000089 ) ) ;
#8748 = CARTESIAN_POINT ( 'NONE',  ( 0.000000000000000000, 0.000000000000000000, 3.376256313292342437 ) ) ;
#8749 = B_SPLINE_CURVE_WITH_KNOTS ( 'NONE', 3,
 ( #8779, #5622, #8724, #5074, #7323, #347, #2567 ),
 .UNSPECIFIED., .F., .F.,
 ( 4, 3, 4 ),
 ( 0.001199429903413612702, 0.001225696219576499638, 0.001498119107920983795 ),
 .UNSPECIFIED. ) ;
#8750 = DIRECTION ( 'NONE',  ( -0.7818314824680309139, -0.6234898018587321511, 0.000000000000000000 ) ) ;
#8751 = DIRECTION ( 'NONE',  ( -0.2225209339563049837, 0.9749279121818257288, 0.000000000000000000 ) ) ;
#8752 = DIRECTION ( 'NONE',  ( -1.000000000000000000, 0.000000000000000000, 0.000000000000000000 ) ) ;
#8753 = ORIENTED_EDGE ( 'NONE', *, *, #4873, .F. ) ;
#8754 = ORIENTED_EDGE ( 'NONE', *, *, #3057, .F. ) ;
#8755 = CARTESIAN_POINT ( 'NONE',  ( -0.05000000000000002359, -8.846913349918352765, 3.464362763198132633 ) ) ;
#8756 = AXIS2_PLACEMENT_3D ( 'NONE', #9454, #2583, #800 ) ;
#8757 = ORIENTED_EDGE ( 'NONE', *, *, #1750, .T. ) ;
#8758 = CARTESIAN_POINT ( 'NONE',  ( -8.627120136385698856, -1.917798030746181048, -3.454996609771464833 ) ) ;
#8759 = CARTESIAN_POINT ( 'NONE',  ( -8.627120136385698856, -1.917798030746181048, 3.454996609771464833 ) ) ;
#8760 = DIRECTION ( 'NONE',  ( 0.000000000000000000, 0.000000000000000000, -1.000000000000000000 ) ) ;
#8761 = ORIENTED_EDGE ( 'NONE', *, *, #1383, .F. ) ;
#8762 = DIRECTION ( 'NONE',  ( -0.4338837391175651148, -0.9009688679024157043, -0.000000000000000000 ) ) ;
#8763 = CARTESIAN_POINT ( 'NONE',  ( 3.879526546993985026, 7.940681639855260876, 3.454996609771464833 ) ) ;
#8764 = CARTESIAN_POINT ( 'NONE',  ( 3.771531933161288208, -7.716428513517238130, 3.099533293948748103 ) ) ;
#8765 = CIRCLE ( 'NONE', #2037, 9.046037105128458933 ) ;
#8766 = VECTOR ( 'NONE', #4869, 1000.000000000000000 ) ;
#8767 = DIRECTION ( 'NONE',  ( -1.000000000000000000, -6.776263578034444621E-17, 0.000000000000000000 ) ) ;
#8768 = AXIS2_PLACEMENT_3D ( 'NONE', #1478, #4328, #8136 ) ;
#8769 = DIRECTION ( 'NONE',  ( -1.000000000000000000, 0.000000000000000000, 0.000000000000000000 ) ) ;
#8770 = ORIENTED_EDGE ( 'NONE', *, *, #2979, .T. ) ;
#8771 = B_SPLINE_CURVE_WITH_KNOTS ( 'NONE', 3,
 ( #9539, #1977, #245, #1277, #4988, #458, #2728 ),
 .UNSPECIFIED., .F., .F.,
 ( 4, 3, 4 ),
 ( 0.0008460917731560555497, 0.0009002598162382145384, 0.001280034707405372551 ),
 .UNSPECIFIED. ) ;
#8772 = ORIENTED_EDGE ( 'NONE', *, *, #9222, .F. ) ;
#8773 = FACE_OUTER_BOUND ( 'NONE', #7693, .T. ) ;
#8774 = LINE ( 'NONE', #9075, #281 ) ;
#8775 = CIRCLE ( 'NONE', #439, 8.896693082788692308 ) ;
#8776 = VECTOR ( 'NONE', #8762, 1000.000000000000227 ) ;
#8777 = FACE_OUTER_BOUND ( 'NONE', #7062, .T. ) ;
#8778 = CIRCLE ( 'NONE', #8304, 8.380768779485729070 ) ;
#8779 = CARTESIAN_POINT ( 'NONE',  ( 0.05000000000000001665, 8.896552580035715252, -3.452421434499180375 ) ) ;
#8780 = PLANE ( 'NONE',  #7343 ) ;
#8781 = CARTESIAN_POINT ( 'NONE',  ( 6.965660928076285785, 5.490976825734227518, -3.469985047562924141 ) ) ;
#8782 = CIRCLE ( 'NONE', #2224, 9.046037105128458933 ) ;
#8783 = ORIENTED_EDGE ( 'NONE', *, *, #1463, .T. ) ;
#8784 = DIRECTION ( 'NONE',  ( -0.000000000000000000, -0.000000000000000000, 1.000000000000000000 ) ) ;
#8785 = CIRCLE ( 'NONE', #4629, 9.046037105128458933 ) ;
#8786 = VERTEX_POINT ( 'NONE', #8244 ) ;
#8787 = DIRECTION ( 'NONE',  ( -0.000000000000000000, -0.000000000000000000, 1.000000000000000000 ) ) ;
#8788 = DIRECTION ( 'NONE',  ( -0.9749279121818257288, -0.2225209339563049837, 0.000000000000000000 ) ) ;
#8789 = CARTESIAN_POINT ( 'NONE',  ( -6.934698440303874278, 5.594189866451288573, -3.429674227117769814 ) ) ;
#8790 = EDGE_CURVE ( 'NONE', #8214, #6806, #2400, .T. ) ;
#8791 = ORIENTED_EDGE ( 'NONE', *, *, #7397, .T. ) ;
#8792 = CARTESIAN_POINT ( 'NONE',  ( 0.000000000000000000, 0.000000000000000000, 3.452421434499180375 ) ) ;
#8793 = AXIS2_PLACEMENT_3D ( 'NONE', #8403, #5247, #1543 ) ;
#8794 = EDGE_CURVE ( 'NONE', #6142, #5994, #6466, .T. ) ;
#8795 = DIRECTION ( 'NONE',  ( 1.000000000000000000, 0.000000000000000000, 0.000000000000000000 ) ) ;
#8796 = ORIENTED_EDGE ( 'NONE', *, *, #1058, .F. ) ;
#8797 = CLOSED_SHELL ( 'NONE', ( #4639, #5031 ) ) ;
#8798 = B_SPLINE_CURVE_WITH_KNOTS ( 'NONE', 3,
 ( #5033, #1214, #5869, #3771, #6727, #3020, #7478 ),
 .UNSPECIFIED., .F., .F.,
 ( 4, 3, 4 ),
 ( 0.0009532733312319689690, 0.001225696219576461908, 0.001251962535739348627 ),
 .UNSPECIFIED. ) ;
#8799 = AXIS2_PLACEMENT_3D ( 'NONE', #9508, #5692, #8750 ) ;
#8800 = CARTESIAN_POINT ( 'NONE',  ( 0.000000000000000000, 0.000000000000000000, -3.099533293948747659 ) ) ;
#8801 = DIRECTION ( 'NONE',  ( 0.5000000000000016653, 0.000000000000000000, 0.8660254037844377084 ) ) ;
#8802 = ORIENTED_EDGE ( 'NONE', *, *, #8492, .F. ) ;
#8803 = CARTESIAN_POINT ( 'NONE',  ( 6.956441114856348307, 5.483624270040861504, 3.469100694293998810 ) ) ;
#8804 = EDGE_LOOP ( 'NONE', ( #7351, #1128, #855, #8050 ) ) ;
#8805 = EDGE_CURVE ( 'NONE', #6934, #6087, #8147, .T. ) ;
#8806 = TOROIDAL_SURFACE ( 'NONE', #797, 8.866382193656235700, 0.03500000000000000333 ) ;
#8807 = DIRECTION ( 'NONE',  ( -1.000000000000000000, 0.000000000000000000, 0.000000000000000000 ) ) ;
#8808 = LINE ( 'NONE', #3341, #9283 ) ;
#8809 = CARTESIAN_POINT ( 'NONE',  ( -3.893621092758578150, 7.969949265710693176, 3.469713030103804385 ) ) ;
#8810 = CARTESIAN_POINT ( 'NONE',  ( -3.771531933161395678, -7.716428513517186616, 3.500000000000000000 ) ) ;
#8811 = ORIENTED_EDGE ( 'NONE', *, *, #3479, .F. ) ;
#8812 = VERTEX_POINT ( 'NONE', #8349 ) ;
#8813 = EDGE_CURVE ( 'NONE', #2618, #5898, #618, .T. ) ;
#8814 = ADVANCED_FACE ( 'NONE', ( #4537 ), #1657, .F. ) ;
#8815 = ORIENTED_EDGE ( 'NONE', *, *, #6963, .F. ) ;
#8816 = CARTESIAN_POINT ( 'NONE',  ( 8.807973303152710542, 2.061648272210859556, 3.193750000000000089 ) ) ;
#8817 = VECTOR ( 'NONE', #4801, 1000.000000000000000 ) ;
#8818 = CARTESIAN_POINT ( 'NONE',  ( -3.776025503096005043, -7.725759507633395806, 3.114323832567765127 ) ) ;
#8819 = CARTESIAN_POINT ( 'NONE',  ( -3.806642800920306602, 8.019813468767457820, -3.468147503381453944 ) ) ;
#8820 = EDGE_LOOP ( 'NONE', ( #7002, #6451, #5219, #2006 ) ) ;
#8821 = CARTESIAN_POINT ( 'NONE',  ( 0.05000000000000004441, -8.588668239434865015, -3.099533293948748103 ) ) ;
#8822 = LINE ( 'NONE', #4057, #6369 ) ;
#8823 = CARTESIAN_POINT ( 'NONE',  ( -6.906425780025288397, 5.571643172246202091, 3.469378817057675590 ) ) ;
#8824 = DIRECTION ( 'NONE',  ( 0.000000000000000000, 0.000000000000000000, -1.000000000000000000 ) ) ;
#8825 = ADVANCED_FACE ( 'NONE', ( #3540 ), #4337, .T. ) ;
#8826 = CARTESIAN_POINT ( 'NONE',  ( -8.588813778810038713, -1.051826330269239652E-15, -3.064533293948747517 ) ) ;
#8827 = ORIENTED_EDGE ( 'NONE', *, *, #2949, .F. ) ;
#8828 = ORIENTED_EDGE ( 'NONE', *, *, #9298, .F. ) ;
#8829 = CARTESIAN_POINT ( 'NONE',  ( 0.05000000000000000971, 9.045898922017695298, 3.500000000000000000 ) ) ;
#8830 = DIRECTION ( 'NONE',  ( -1.000000000000000000, 0.000000000000000000, 0.000000000000000000 ) ) ;
#8831 = LINE ( 'NONE', #4220, #9253 ) ;
#8832 = CARTESIAN_POINT ( 'NONE',  ( -7.005695535894966852, -5.650808160872883512, 3.272391413630715729 ) ) ;
#8833 = DIRECTION ( 'NONE',  ( 0.000000000000000000, 0.000000000000000000, -1.000000000000000000 ) ) ;
#8834 = CARTESIAN_POINT ( 'NONE',  ( 6.986779382597046784, 5.507818231228858608, -3.452421434499180375 ) ) ;
#8835 = VERTEX_POINT ( 'NONE', #95 ) ;
#8836 = PLANE ( 'NONE',  #5652 ) ;
#8837 = ORIENTED_EDGE ( 'NONE', *, *, #9851, .T. ) ;
#8838 = CARTESIAN_POINT ( 'NONE',  ( 0.000000000000000000, 0.000000000000000000, -3.099533293948747659 ) ) ;
#8839 = CARTESIAN_POINT ( 'NONE',  ( -0.05000000000000002359, 8.893122785882026093, 3.457544059217933619 ) ) ;
#8840 = CARTESIAN_POINT ( 'NONE',  ( 0.000000000000000000, 0.000000000000000000, -3.193750000000000533 ) ) ;
#8841 = ORIENTED_EDGE ( 'NONE', *, *, #6657, .F. ) ;
#8842 = DIRECTION ( 'NONE',  ( 0.000000000000000000, 0.000000000000000000, -1.000000000000000000 ) ) ;
#8843 = CIRCLE ( 'NONE', #840, 9.046037105128458933 ) ;
#8844 = CARTESIAN_POINT ( 'NONE',  ( 6.746065712156391392, 5.315855484712227685, -3.500000000000000000 ) ) ;
#8845 = VERTEX_POINT ( 'NONE', #3835 ) ;
#8846 = EDGE_CURVE ( 'NONE', #8481, #7485, #7575, .T. ) ;
#8847 = CARTESIAN_POINT ( 'NONE',  ( 3.785012642412624029, -7.744421494718608301, -3.143904910697430832 ) ) ;
#8848 = CARTESIAN_POINT ( 'NONE',  ( 0.000000000000000000, 0.000000000000000000, 3.193750000000000533 ) ) ;
#8849 = ORIENTED_EDGE ( 'NONE', *, *, #2361, .F. ) ;
#8850 = CARTESIAN_POINT ( 'NONE',  ( 0.05000000000000000971, -9.045898922017695298, 3.193750000000000089 ) ) ;
#8851 = ORIENTED_EDGE ( 'NONE', *, *, #5844, .F. ) ;
#8852 = CARTESIAN_POINT ( 'NONE',  ( -8.808108021724400771, -2.061679020845665899, 3.094141646974374105 ) ) ;
#8853 = CARTESIAN_POINT ( 'NONE',  ( -3.889999191884016660, -7.962428311047974105, 3.469846945119945403 ) ) ;
#8854 = CARTESIAN_POINT ( 'NONE',  ( -3.904453529484151808, 7.992443052348363608, 3.455073707654066073 ) ) ;
#8855 = VECTOR ( 'NONE', #7880, 1000.000000000000000 ) ;
#8856 = CARTESIAN_POINT ( 'NONE',  ( 6.683716731970517522, 5.394038632959030188, 3.500000000000000000 ) ) ;
#8857 = ADVANCED_FACE ( 'NONE', ( #3177 ), #6836, .F. ) ;
#8858 = EDGE_LOOP ( 'NONE', ( #3732, #8405, #4882, #8841 ) ) ;
#8859 = ORIENTED_EDGE ( 'NONE', *, *, #659, .F. ) ;
#8860 = EDGE_CURVE ( 'NONE', #2586, #7727, #2942, .T. ) ;
#8861 = ADVANCED_FACE ( 'NONE', ( #9297 ), #5339, .T. ) ;
#8862 = ORIENTED_EDGE ( 'NONE', *, *, #5265, .F. ) ;
#8863 = CARTESIAN_POINT ( 'NONE',  ( 3.809960823644417793, 8.026703413948101939, -3.464797546056691768 ) ) ;
#8864 = VECTOR ( 'NONE', #7015, 1000.000000000000000 ) ;
#8865 = CARTESIAN_POINT ( 'NONE',  ( 8.404652361358966317, -1.867021212834355071, -3.129114371485063106 ) ) ;
#8866 = LINE ( 'NONE', #6563, #4460 ) ;
#8867 = EDGE_LOOP ( 'NONE', ( #4737, #8264, #4890, #7896, #6152, #6392 ) ) ;
#8868 = CARTESIAN_POINT ( 'NONE',  ( -6.986025398574907008, -5.507216949035483644, 3.453994494324953202 ) ) ;
#8869 = PLANE ( 'NONE',  #4152 ) ;
#8870 = CARTESIAN_POINT ( 'NONE',  ( 0.000000000000000000, 0.000000000000000000, -3.454996609771464389 ) ) ;
#8871 = EDGE_CURVE ( 'NONE', #7821, #649, #2772, .T. ) ;
#8872 = CARTESIAN_POINT ( 'NONE',  ( 3.254128043381644630, -6.757266509268164079, -3.092233167847068013E-16 ) ) ;
#8873 = DIRECTION ( 'NONE',  ( 0.4338837391175651703, 0.9009688679024158153, 0.000000000000000000 ) ) ;
#8874 = ORIENTED_EDGE ( 'NONE', *, *, #5146, .F. ) ;
#8875 = ORIENTED_EDGE ( 'NONE', *, *, #7957, .T. ) ;
#8876 = CARTESIAN_POINT ( 'NONE',  ( -8.807973303152722977, -2.061648272210801824, -3.193750000000000089 ) ) ;
#8877 = CARTESIAN_POINT ( 'NONE',  ( -0.05000000000000003747, -8.619738104553002600, -3.143904910697431276 ) ) ;
#8878 = DIRECTION ( 'NONE',  ( 0.000000000000000000, -0.000000000000000000, 1.000000000000000000 ) ) ;
#8879 = DIRECTION ( 'NONE',  ( 1.000000000000000000, 0.000000000000000000, 0.000000000000000000 ) ) ;
#8880 = LINE ( 'NONE', #1317, #1730 ) ;
#8881 = ADVANCED_FACE ( 'NONE', ( #7637 ), #517, .F. ) ;
#8882 = CARTESIAN_POINT ( 'NONE',  ( 6.993624741251902144, 5.513277222593461424, -3.437256629622303716 ) ) ;
#8883 = DIRECTION ( 'NONE',  ( -0.9009688679024157043, 0.4338837391175652258, 0.000000000000000000 ) ) ;
#8884 = ORIENTED_EDGE ( 'NONE', *, *, #2177, .F. ) ;
#8885 = CARTESIAN_POINT ( 'NONE',  ( -8.463287518778860985, 1.982975991212599931, 3.247602129575368313 ) ) ;
#8886 = DIRECTION ( 'NONE',  ( -0.000000000000000000, -0.000000000000000000, 1.000000000000000000 ) ) ;
#8887 = CARTESIAN_POINT ( 'NONE',  ( -6.924430402411094754, 5.586001379475759698, -3.452421434499180375 ) ) ;
#8888 = ORIENTED_EDGE ( 'NONE', *, *, #520, .F. ) ;
#8889 = DIRECTION ( 'NONE',  ( -1.000000000000000000, 0.000000000000000000, -0.000000000000000000 ) ) ;
#8890 = ORIENTED_EDGE ( 'NONE', *, *, #834, .F. ) ;
#8891 = FACE_OUTER_BOUND ( 'NONE', #3892, .T. ) ;
#8892 = B_SPLINE_CURVE_WITH_KNOTS ( 'NONE', 3,
 ( #145, #3218, #4579, #6320, #950, #1574, #9235, #4631, #9383, #1627, #2506, #4022, #5566, #9337, #7687, #7631, #754, #3826, #6881, #2, #3079, #3967 ),
 .UNSPECIFIED., .F., .F.,
 ( 4, 3, 3, 3, 3, 3, 3, 4 ),
 ( 0.0002168574548798308111, 0.0002188290334246867938, 0.0002305812013871261527, 0.0002423333607551984316, 0.0002540856419916172337, 0.0002658380091482356747, 0.0002775903405257882620, 0.0002867718163053202237 ),
 .UNSPECIFIED. ) ;
#8893 = UNCERTAINTY_MEASURE_WITH_UNIT (LENGTH_MEASURE( 1.000000000000000082E-05 ), #4434, 'distance_accuracy_value', 'NONE');
#8894 = CARTESIAN_POINT ( 'NONE',  ( 6.993624741251902144, 5.513277222593461424, 3.437256629622303716 ) ) ;
#8895 = CARTESIAN_POINT ( 'NONE',  ( -3.910816273206219051, -8.005655425827711724, -3.429674227117769814 ) ) ;
#8896 = ORIENTED_EDGE ( 'NONE', *, *, #8386, .T. ) ;
#8897 = CARTESIAN_POINT ( 'NONE',  ( -6.691813865204092160, 5.400495881239197438, 3.114323832567765127 ) ) ;
#8898 = CARTESIAN_POINT ( 'NONE',  ( 0.05000000000000002359, -8.837570431649497849, -3.454996609771464833 ) ) ;
#8899 = CARTESIAN_POINT ( 'NONE',  ( 4.013365220676191392, 8.218600509445224134, -3.094141646974374105 ) ) ;
#8900 = B_SPLINE_CURVE_WITH_KNOTS ( 'NONE', 3,
 ( #1853, #381, #988, #3299, #3453, #4908, #7309 ),
 .UNSPECIFIED., .F., .F.,
 ( 4, 3, 4 ),
 ( 0.0005204849250710220487, 0.0009002598162381903607, 0.0009544278593203506505 ),
 .UNSPECIFIED. ) ;
#8901 = CARTESIAN_POINT ( 'NONE',  ( -3.879864310480461320, 7.941383012962196730, 3.456075294419946431 ) ) ;
#8902 = DIRECTION ( 'NONE',  ( 1.000000000000000000, 0.000000000000000000, 0.000000000000000000 ) ) ;
#8903 = VERTEX_POINT ( 'NONE', #9200 ) ;
#8904 = EDGE_LOOP ( 'NONE', ( #1135, #3426 ) ) ;
#8905 = VERTEX_POINT ( 'NONE', #5440 ) ;
#8906 = CARTESIAN_POINT ( 'NONE',  ( -6.997047420489748148, 5.516006718204486070, 3.429674227117770702 ) ) ;
#8907 = CARTESIAN_POINT ( 'NONE',  ( 8.628821057778038650, 2.020757941281748238, 3.469900311146004501 ) ) ;
#8908 = CARTESIAN_POINT ( 'NONE',  ( 8.737285000697680104, 0.000000000000000000, -2.758752104430781227 ) ) ;
#8909 = EDGE_CURVE ( 'NONE', #8643, #6068, #4850, .T. ) ;
#8910 = ORIENTED_EDGE ( 'NONE', *, *, #6892, .F. ) ;
#8911 = FACE_OUTER_BOUND ( 'NONE', #366, .T. ) ;
#8912 = CARTESIAN_POINT ( 'NONE',  ( 3.690422186055491771, 7.778478875277588855, 3.129114371485063106 ) ) ;
#8913 = CARTESIAN_POINT ( 'NONE',  ( 3.969916891359596800, -8.128379123974143639, 3.094141646974374105 ) ) ;
#8914 = EDGE_CURVE ( 'NONE', #101, #508, #9187, .T. ) ;
#8915 = CARTESIAN_POINT ( 'NONE',  ( -0.05000000000000002359, 8.862139442843751880, -3.469900311146004501 ) ) ;
#8916 = EDGE_CURVE ( 'NONE', #7307, #7887, #1176, .T. ) ;
#8917 = CARTESIAN_POINT ( 'NONE',  ( -8.362206348396735933, 1.959904873689159333, -3.099533293948748103 ) ) ;
#8918 = VERTEX_POINT ( 'NONE', #9342 ) ;
#8919 = VERTEX_POINT ( 'NONE', #6239 ) ;
#8920 = DIRECTION ( 'NONE',  ( -0.000000000000000000, -0.000000000000000000, 1.000000000000000000 ) ) ;
#8921 = B_SPLINE_CURVE_WITH_KNOTS ( 'NONE', 3,
 ( #8514, #2295, #7664, #3198, #9871, #6858, #6910, #3061, #735, #24, #5503, #1691, #5359, #7754, #4602, #4664, #3944, #6257, #3760, #3145, #8413, #5403, #6812, #3802, #3003 ),
 .UNSPECIFIED., .F., .F.,
 ( 4, 3, 3, 3, 3, 3, 3, 3, 4 ),
 ( 0.0001509499138714706526, 0.0001527764003826827125, 0.0001645282963311793425, 0.0001762803579144461678, 0.0001880325997012732375, 0.0001997849575937690877, 0.0002115373162334654436, 0.0002188290956692469401, 0.0002208042975641437715 ),
 .UNSPECIFIED. ) ;
#8922 = EDGE_CURVE ( 'NONE', #9151, #4270, #2465, .T. ) ;
#8923 = LINE ( 'NONE', #9030, #6224 ) ;
#8924 = CARTESIAN_POINT ( 'NONE',  ( 0.05000000000000002359, 8.854075290523239161, 3.467739038050325018 ) ) ;
#8925 = AXIS2_PLACEMENT_3D ( 'NONE', #168, #5501, #2483 ) ;
#8926 = VECTOR ( 'NONE', #1871, 1000.000000000000000 ) ;
#8927 = AXIS2_PLACEMENT_3D ( 'NONE', #9371, #3205, #6263 ) ;
#8928 = DIRECTION ( 'NONE',  ( 0.2225209339566611988, -0.9749279121817443494, 0.000000000000000000 ) ) ;
#8929 = DIRECTION ( 'NONE',  ( 0.000000000000000000, 0.000000000000000000, -1.000000000000000000 ) ) ;
#8930 = AXIS2_PLACEMENT_3D ( 'NONE', #1173, #1011, #4180 ) ;
#8931 = EDGE_CURVE ( 'NONE', #4100, #9672, #8694, .T. ) ;
#8932 = AXIS2_PLACEMENT_3D ( 'NONE', #908, #1538, #9248 ) ;
#8933 = CIRCLE ( 'NONE', #4449, 8.588813778810038713 ) ;
#8934 = CARTESIAN_POINT ( 'NONE',  ( -6.878316301899149110, 5.549226611465233994, -3.454996609771464833 ) ) ;
#8935 = ORIENTED_EDGE ( 'NONE', *, *, #3174, .T. ) ;
#8936 = AXIS2_PLACEMENT_3D ( 'NONE', #7054, #3858, #3801 ) ;
#8937 = EDGE_CURVE ( 'NONE', #3285, #7151, #7654, .T. ) ;
#8938 = EDGE_CURVE ( 'NONE', #8406, #6645, #4684, .T. ) ;
#8939 = CARTESIAN_POINT ( 'NONE',  ( 3.908916829529549997, 8.001711190391667117, 3.437256629622303716 ) ) ;
#8940 = VECTOR ( 'NONE', #2970, 1000.000000000000000 ) ;
#8941 = CARTESIAN_POINT ( 'NONE',  ( 8.362206348396760802, 1.959904873689046090, 3.099533293948748103 ) ) ;
#8942 = CARTESIAN_POINT ( 'NONE',  ( 6.959874108529841230, -5.486361991139749428, -3.469900311146004501 ) ) ;
#8943 = ORIENTED_EDGE ( 'NONE', *, *, #7635, .T. ) ;
#8944 = CARTESIAN_POINT ( 'NONE',  ( 3.905117942076926418, -7.993822719313271818, 3.452421434499180375 ) ) ;
#8945 = AXIS2_PLACEMENT_3D ( 'NONE', #6073, #9933, #3069 ) ;
#8946 = VECTOR ( 'NONE', #1160, 1000.000000000000000 ) ;
#8948 = B_SPLINE_CURVE_WITH_KNOTS ( 'NONE', 3,
 ( #7189, #4837, #7890, #310, #4735, #7786, #3386, #3985, #4937, #6439, #2627, #5682, #870, #6985, #3187, #6677, #7243, #8096, #6588, #1126, #5833, #5043, #560, #359, #4235 ),
 .UNSPECIFIED., .F., .F.,
 ( 4, 3, 3, 3, 3, 3, 3, 3, 4 ),
 ( 0.0001509499138714748268, 0.0001527764003826861277, 0.0001645282963311828391, 0.0001762803579144498270, 0.0001880325997012791193, 0.0001997849575937735872, 0.0002115373162334717048, 0.0002188290956692522256, 0.0002208042975641490570 ),
 .UNSPECIFIED. ) ;
#8947 = CARTESIAN_POINT ( 'NONE',  ( -3.879526546994039649, -7.940681639855232454, -3.454996609771464833 ) ) ;
#8949 = AXIS2_PLACEMENT_3D ( 'NONE', #9080, #7579, #2013 ) ;
#8950 = ORIENTED_EDGE ( 'NONE', *, *, #7135, .F. ) ;
#8951 = PLANE ( 'NONE',  #4535 ) ;
#8952 = ORIENTED_EDGE ( 'NONE', *, *, #4019, .T. ) ;
#8953 = AXIS2_PLACEMENT_3D ( 'NONE', #7731, #9238, #6931 ) ;
#8954 = AXIS2_PLACEMENT_3D ( 'NONE', #8741, #4792, #9453 ) ;
#8955 = CARTESIAN_POINT ( 'NONE',  ( 6.986779382597046784, 5.507818231228858608, 3.452421434499180375 ) ) ;
#8956 = DIRECTION ( 'NONE',  ( 0.6234898018587431423, 0.7818314824680221431, -0.000000000000000000 ) ) ;
#8957 = CIRCLE ( 'NONE', #616, 5.378237760728125316 ) ;
#8958 = EDGE_LOOP ( 'NONE', ( #6769, #9199, #2584, #5804 ) ) ;
#8959 = ORIENTED_EDGE ( 'NONE', *, *, #1563, .F. ) ;
#8960 = CARTESIAN_POINT ( 'NONE',  ( -6.754162845390077941, -5.322312732992252826, 3.114323832567765127 ) ) ;
#8961 = CARTESIAN_POINT ( 'NONE',  ( -3.879692025218556939, -7.941025258929109931, 3.455541280135825399 ) ) ;
#8962 = CARTESIAN_POINT ( 'NONE',  ( -3.888530992798996166, 7.959379564233929116, 3.469014143938407457 ) ) ;
#8963 = CARTESIAN_POINT ( 'NONE',  ( 6.762259978290644291, 5.328769981006773904, -3.129114371485063106 ) ) ;
#8964 = ORIENTED_EDGE ( 'NONE', *, *, #2949, .T. ) ;
#8965 = ORIENTED_EDGE ( 'NONE', *, *, #7703, .T. ) ;
#8966 = AXIS2_PLACEMENT_3D ( 'NONE', #4592, #7649, #778 ) ;
#8967 = ORIENTED_EDGE ( 'NONE', *, *, #6705, .T. ) ;
#8968 = VECTOR ( 'NONE', #6055, 1000.000000000000000 ) ;
#8969 = CARTESIAN_POINT ( 'NONE',  ( -6.977661160248750605, 5.500546691552340661, -3.464797546056691768 ) ) ;
#8970 = ORIENTED_EDGE ( 'NONE', *, *, #2004, .F. ) ;
#8971 = VECTOR ( 'NONE', #5624, 1000.000000000000000 ) ;
#8972 = CARTESIAN_POINT ( 'NONE',  ( 3.806642800920362557, -8.019813468767431175, 3.468147503381453944 ) ) ;
#8973 = CARTESIAN_POINT ( 'NONE',  ( 3.815021055286742069, 8.037211093225000269, 3.452421434499180375 ) ) ;
#8974 = CARTESIAN_POINT ( 'NONE',  ( 8.362206348396748368, -1.959904873689104710, -3.099533293948748103 ) ) ;
#8975 = DIRECTION ( 'NONE',  ( -0.000000000000000000, -0.000000000000000000, 1.000000000000000000 ) ) ;
#8976 = EDGE_CURVE ( 'NONE', #2489, #8360, #7735, .T. ) ;
#8977 = DIRECTION ( 'NONE',  ( 0.000000000000000000, 0.000000000000000000, -1.000000000000000000 ) ) ;
#8978 = AXIS2_PLACEMENT_3D ( 'NONE', #1855, #8824, #7112 ) ;
#8979 = ORIENTED_EDGE ( 'NONE', *, *, #6526, .T. ) ;
#8980 = EDGE_LOOP ( 'NONE', ( #9846, #4451, #3269, #9615 ) ) ;
#8981 = FACE_OUTER_BOUND ( 'NONE', #4959, .T. ) ;
#8982 = DIRECTION ( 'NONE',  ( 0.5000000000000016653, 6.123233995736786990E-17, -0.8660254037844377084 ) ) ;
#8983 = ADVANCED_FACE ( 'NONE', ( #9155 ), #6614, .T. ) ;
#8984 = DIRECTION ( 'NONE',  ( 0.000000000000000000, 0.000000000000000000, -1.000000000000000000 ) ) ;
#8985 = CARTESIAN_POINT ( 'NONE',  ( 0.000000000000000000, 0.000000000000000000, -3.500000000000000000 ) ) ;
#8986 = FACE_OUTER_BOUND ( 'NONE', #3051, .T. ) ;
#8987 = CARTESIAN_POINT ( 'NONE',  ( 0.05000000000000002359, 8.838760696031124908, -3.456597352396201472 ) ) ;
#8988 = EDGE_CURVE ( 'NONE', #5898, #9551, #5816, .T. ) ;
#8989 = DIRECTION ( 'NONE',  ( -0.000000000000000000, -0.000000000000000000, 1.000000000000000000 ) ) ;
#8990 = ORIENTED_EDGE ( 'NONE', *, *, #205, .F. ) ;
#8991 = CARTESIAN_POINT ( 'NONE',  ( 0.000000000000000000, 0.000000000000000000, 3.454996609771464389 ) ) ;
#8992 = ADVANCED_FACE ( 'NONE', ( #8681 ), #4876, .T. ) ;
#8993 = B_SPLINE_CURVE_WITH_KNOTS ( 'NONE', 3,
 ( #3422, #8675, #7978, #9635, #3372, #6428, #4222 ),
 .UNSPECIFIED., .F., .F.,
 ( 4, 3, 4 ),
 ( 0.0008460917731560551160, 0.0009002598162382143216, 0.001280034707405371900 ),
 .UNSPECIFIED. ) ;
#8994 = CARTESIAN_POINT ( 'NONE',  ( -0.05000000000000002359, 8.838760696031124908, 3.456597352396201472 ) ) ;
#8995 = CARTESIAN_POINT ( 'NONE',  ( -8.384458441792405736, -1.862412082470809027, 3.094141646974374105 ) ) ;
#8996 = ORIENTED_EDGE ( 'NONE', *, *, #98, .T. ) ;
#8997 = CARTESIAN_POINT ( 'NONE',  ( -0.05000000000000002359, 8.837570431649497849, 3.454996609771464833 ) ) ;
#8998 = CARTESIAN_POINT ( 'NONE',  ( 9.046037105128458933, 0.000000000000000000, -3.193750000000000533 ) ) ;
#8999 = EDGE_CURVE ( 'NONE', #3822, #1217, #6690, .T. ) ;
#9000 = ORIENTED_EDGE ( 'NONE', *, *, #2352, .T. ) ;
#9001 = CARTESIAN_POINT ( 'NONE',  ( -5.378237760728125316, 6.586441658729127815E-16, 3.500000000000000000 ) ) ;
#9002 = EDGE_LOOP ( 'NONE', ( #790, #5376, #1477, #9463 ) ) ;
#9003 = CARTESIAN_POINT ( 'NONE',  ( 3.811145628425655740, -8.029163686427247981, -3.462633071500297088 ) ) ;
#9004 = FACE_OUTER_BOUND ( 'NONE', #7868, .T. ) ;
#9005 = ORIENTED_EDGE ( 'NONE', *, *, #1087, .F. ) ;
#9006 = LINE ( 'NONE', #7451, #1748 ) ;
#9007 = DIRECTION ( 'NONE',  ( 0.6234898018587267110, -0.7818314824680352437, -0.000000000000000000 ) ) ;
#9008 = DIRECTION ( 'NONE',  ( -0.9749279121818242855, -0.2225209339563114785, 0.000000000000000000 ) ) ;
#9009 = CARTESIAN_POINT ( 'NONE',  ( 3.796778474268935000, 7.999329983412819089, 3.468127985775450117 ) ) ;
#9010 = EDGE_CURVE ( 'NONE', #8062, #1872, #7282, .T. ) ;
#9011 = CARTESIAN_POINT ( 'NONE',  ( 6.924430402411135610, -5.586001379475708184, -3.452421434499180375 ) ) ;
#9012 = ORIENTED_EDGE ( 'NONE', *, *, #3538, .T. ) ;
#9013 = APPROVAL_PERSON_ORGANIZATION ( #9100, #3772, #4730 ) ;
#9014 = ORIENTED_EDGE ( 'NONE', *, *, #5989, .T. ) ;
#9015 = EDGE_LOOP ( 'NONE', ( #4921, #9587, #5391, #8258 ) ) ;
#9016 = CARTESIAN_POINT ( 'NONE',  ( 6.894092134670437133, -5.561807418287710192, 3.469100694293998810 ) ) ;
#9017 = EDGE_CURVE ( 'NONE', #9856, #5269, #1505, .T. ) ;
#9018 = CARTESIAN_POINT ( 'NONE',  ( -0.05000000000000000278, -9.146037105128458577, 3.500000000000000444 ) ) ;
#9019 = EDGE_LOOP ( 'NONE', ( #9631, #9920, #6670, #9767, #6646, #7068 ) ) ;
#9020 = AXIS2_PLACEMENT_3D ( 'NONE', #9552, #1026, #8807 ) ;
#9021 = FACE_OUTER_BOUND ( 'NONE', #5769, .T. ) ;
#9022 = CARTESIAN_POINT ( 'NONE',  ( -3.879820004569468850, -8.171767497885843667, -3.193750000000000089 ) ) ;
#9023 = CARTESIAN_POINT ( 'NONE',  ( 8.604868042990039712, -2.015290821964479839, -3.454996609771464833 ) ) ;
#9024 = CARTESIAN_POINT ( 'NONE',  ( 0.000000000000000000, 0.000000000000000000, -2.994533293948747676 ) ) ;
#9025 = CONICAL_SURFACE ( 'NONE', #7893, 5.254494074020480632, 0.7853981633973957655 ) ;
#9026 = CARTESIAN_POINT ( 'NONE',  ( -8.372303308387680332, 1.962209438918271376, -3.114323832567764239 ) ) ;
#9027 = EDGE_LOOP ( 'NONE', ( #3352, #3882, #1226, #7933 ) ) ;
#9028 = VERTEX_POINT ( 'NONE', #4120 ) ;
#9029 = PLANE ( 'NONE',  #8642 ) ;
#9030 = CARTESIAN_POINT ( 'NONE',  ( -3.969916891359710487, -8.128379123974086795, 3.500000000000000000 ) ) ;
#9031 = FACE_OUTER_BOUND ( 'NONE', #6240, .T. ) ;
#9032 = PLANE ( 'NONE',  #3017 ) ;
#9033 = DIRECTION ( 'NONE',  ( 1.000000000000000000, 0.000000000000000000, 0.000000000000000000 ) ) ;
#9034 = CARTESIAN_POINT ( 'NONE',  ( 0.05000000000000002359, 8.890722215898270164, -3.460240287494900535 ) ) ;
#9035 = CARTESIAN_POINT ( 'NONE',  ( -6.708008130675836789, 5.413410377005411611, -3.143904910697431276 ) ) ;
#9036 = ORIENTED_EDGE ( 'NONE', *, *, #8909, .T. ) ;
#9037 = CARTESIAN_POINT ( 'NONE',  ( -8.392497227128131954, 1.966818569093144564, 3.143904910697431276 ) ) ;
#9038 = CARTESIAN_POINT ( 'NONE',  ( -0.05000000000000002359, 8.884889935907555270, 3.464797546056691768 ) ) ;
#9039 = CARTESIAN_POINT ( 'NONE',  ( 6.945830820748191137, -5.475162842841466038, -3.462372291138045455 ) ) ;
#9040 = ORIENTED_EDGE ( 'NONE', *, *, #1130, .F. ) ;
#9041 = DIRECTION ( 'NONE',  ( 1.000000000000000000, -2.664535259100375697E-15, 0.000000000000000000 ) ) ;
#9042 = DIRECTION ( 'NONE',  ( 1.000000000000000000, 0.000000000000000000, 0.000000000000000000 ) ) ;
#9043 = EDGE_CURVE ( 'NONE', #5495, #3336, #7180, .T. ) ;
#9044 = DIRECTION ( 'NONE',  ( 0.000000000000000000, 0.000000000000000000, -1.000000000000000000 ) ) ;
#9045 = ADVANCED_FACE ( 'NONE', ( #4074 ), #6480, .T. ) ;
#9046 = CIRCLE ( 'NONE', #9843, 5.686989865158905921 ) ;
#9047 = ADVANCED_FACE ( 'NONE', ( #4924 ), #7984, .T. ) ;
#9048 = VERTEX_POINT ( 'NONE', #2572 ) ;
#9049 = DIRECTION ( 'NONE',  ( -0.9009688679024218105, -0.4338837391175525693, 0.000000000000000000 ) ) ;
#9050 = ORIENTED_EDGE ( 'NONE', *, *, #8738, .T. ) ;
#9051 = APPROVAL_DATE_TIME ( #9807, #4808 ) ;
#9052 = CARTESIAN_POINT ( 'NONE',  ( 3.814748050727637008, -8.036644193416801585, -3.453478796700601539 ) ) ;
#9053 = B_SPLINE_CURVE_WITH_KNOTS ( 'NONE', 3,
 ( #7648, #5246, #3090, #9860, #4649, #8450, #6148 ),
 .UNSPECIFIED., .F., .F.,
 ( 4, 3, 4 ),
 ( 0.0009532733312319682101, 0.001225696219576461908, 0.001251962535739348627 ),
 .UNSPECIFIED. ) ;
#9054 = EDGE_CURVE ( 'NONE', #675, #1982, #398, .T. ) ;
#9055 = ORIENTED_EDGE ( 'NONE', *, *, #4593, .T. ) ;
#9056 = LINE ( 'NONE', #3047, #8166 ) ;
#9057 = CARTESIAN_POINT ( 'NONE',  ( -3.885094000278668247, -7.952242575725181339, 3.466377381984353967 ) ) ;
#9058 = CARTESIAN_POINT ( 'NONE',  ( -8.662586789016254230, 1.925893062767750186, 3.469286171371085192 ) ) ;
#9059 = SPHERICAL_SURFACE ( 'NONE', #4501, 2.450000000000000622 ) ;
#9060 = EDGE_LOOP ( 'NONE', ( #4095, #3755, #3134, #4191 ) ) ;
#9061 = ORIENTED_EDGE ( 'NONE', *, *, #2352, .F. ) ;
#9062 = EDGE_LOOP ( 'NONE', ( #7927, #7296 ) ) ;
#9063 = CARTESIAN_POINT ( 'NONE',  ( 6.878924930671451499, -5.549711976714768014, 3.456075294419946431 ) ) ;
#9064 = ADVANCED_FACE ( 'NONE', ( #3378 ), #9025, .T. ) ;
#9065 = DIRECTION ( 'NONE',  ( 1.000000000000000000, 6.776263578034444621E-17, -0.000000000000000000 ) ) ;
#9066 = ORIENTED_EDGE ( 'NONE', *, *, #542, .T. ) ;
#9067 = DIRECTION ( 'NONE',  ( 0.000000000000000000, 0.000000000000000000, 1.000000000000000000 ) ) ;
#9068 = CARTESIAN_POINT ( 'NONE',  ( -6.984356395689156116, -5.505885963648129433, -3.457279025203407574 ) ) ;
#9069 = CARTESIAN_POINT ( 'NONE',  ( -3.792296317891512114, -7.990022689792177779, -3.462372291138045899 ) ) ;
#9070 = CARTESIAN_POINT ( 'NONE',  ( -7.103651090456255979, 5.601020308159980310, -3.500000000000000444 ) ) ;
#9071 = CARTESIAN_POINT ( 'NONE',  ( 6.683716731970481995, -5.394038632959075485, 3.500000000000000000 ) ) ;
#9072 = ORIENTED_EDGE ( 'NONE', *, *, #3222, .F. ) ;
#9073 = ORIENTED_EDGE ( 'NONE', *, *, #5135, .T. ) ;
#9074 = FACE_OUTER_BOUND ( 'NONE', #5655, .T. ) ;
#9075 = CARTESIAN_POINT ( 'NONE',  ( 8.927852906338200611, 1.986438323023172581, -3.094141646974374105 ) ) ;
#9076 = B_SPLINE_CURVE_WITH_KNOTS ( 'NONE', 3,
 ( #1846, #127, #3948, #886, #9465, #3249, #7953, #219, #3293, #4004, #3202, #2490, #6348, #9412, #8708, #7906, #4901, #9321, #2544, #7058, #9512, #2643 ),
 .UNSPECIFIED., .F., .F.,
 ( 4, 3, 3, 3, 3, 3, 3, 4 ),
 ( 0.0002168574548798308111, 0.0002188290334246867938, 0.0002305812013871261527, 0.0002423333607551984316, 0.0002540856419916172337, 0.0002658380091482356747, 0.0002775903405257882620, 0.0002867718163053202237 ),
 .UNSPECIFIED. ) ;
#9077 = DIRECTION ( 'NONE',  ( 1.000000000000000000, 0.000000000000000000, 0.000000000000000000 ) ) ;
#9078 = CIRCLE ( 'NONE', #7147, 8.837711872106121191 ) ;
#9079 = CARTESIAN_POINT ( 'NONE',  ( 7.041302110270462045, 5.679203456406682449, 3.500000000000000444 ) ) ;
#9080 = CARTESIAN_POINT ( 'NONE',  ( 0.000000000000000000, 0.000000000000000000, 3.064533293948747517 ) ) ;
#9081 = DIRECTION ( 'NONE',  ( 1.000000000000000000, 0.000000000000000000, 0.000000000000000000 ) ) ;
#9082 = B_SPLINE_CURVE_WITH_KNOTS ( 'NONE', 3,
 ( #5633, #4883, #4184, #2626, #7934, #9497, #3434 ),
 .UNSPECIFIED., .F., .F.,
 ( 4, 3, 4 ),
 ( 0.0009532733312319690774, 0.001225696219576461908, 0.001251962535739348193 ),
 .UNSPECIFIED. ) ;
#9083 = CARTESIAN_POINT ( 'NONE',  ( 0.000000000000000000, 0.000000000000000000, -3.094141646974374105 ) ) ;
#9084 = ORIENTED_EDGE ( 'NONE', *, *, #9718, .T. ) ;
#9085 = VECTOR ( 'NONE', #1976, 1000.000000000000227 ) ;
#9086 = CARTESIAN_POINT ( 'NONE',  ( -3.905117942076870907, 7.993822719313299352, 3.452421434499180375 ) ) ;
#9087 = AXIS2_PLACEMENT_3D ( 'NONE', #963, #9203, #2326 ) ;
#9088 = DIRECTION ( 'NONE',  ( 0.9749279121818243965, 0.2225209339563113953, 0.000000000000000000 ) ) ;
#9089 = CARTESIAN_POINT ( 'NONE',  ( 8.659027583718755139, 2.027652383711713746, -3.457544059217933619 ) ) ;
#9090 = EDGE_LOOP ( 'NONE', ( #4133, #1369, #7108, #2691, #4632, #6702 ) ) ;
#9091 = FACE_OUTER_BOUND ( 'NONE', #5487, .T. ) ;
#9092 = CARTESIAN_POINT ( 'NONE',  ( -0.05000000000000004441, 8.599024861565366606, 3.114323832567764239 ) ) ;
#9093 = CIRCLE ( 'NONE', #6207, 8.588813778810038713 ) ;
#9094 = CIRCLE ( 'NONE', #1883, 2.450000000000001066 ) ;
#9095 = AXIS2_PLACEMENT_3D ( 'NONE', #2148, #4359, #8265 ) ;
#9096 = ORIENTED_EDGE ( 'NONE', *, *, #1517, .F. ) ;
#9097 = DIRECTION ( 'NONE',  ( 1.000000000000000000, 0.000000000000000000, 0.000000000000000000 ) ) ;
#9098 = CIRCLE ( 'NONE', #3021, 8.588813778810038713 ) ;
#9099 = ORIENTED_EDGE ( 'NONE', *, *, #8546, .T. ) ;
#9100 = PERSON_AND_ORGANIZATION ( #5239, #8678 ) ;
#9101 = ADVANCED_FACE ( 'NONE', ( #9490 ), #2620, .T. ) ;
#9102 = CARTESIAN_POINT ( 'NONE',  ( 3.789767423690275194, -7.984771386873925181, -3.456075294419945987 ) ) ;
#9103 = CARTESIAN_POINT ( 'NONE',  ( -3.801601759304601202, 8.009345637991435396, 3.469915996672630953 ) ) ;
#9104 = AXIS2_PLACEMENT_3D ( 'NONE', #7808, #937, #4009 ) ;
#9105 = ORIENTED_EDGE ( 'NONE', *, *, #4079, .F. ) ;
#9106 = EDGE_CURVE ( 'NONE', #9517, #748, #8057, .T. ) ;
#9107 = CIRCLE ( 'NONE', #5901, 8.837711872106121191 ) ;
#9108 = LINE ( 'NONE', #869, #3848 ) ;
#9109 = AXIS2_PLACEMENT_3D ( 'NONE', #2408, #6169, #8477 ) ;
#9110 = CARTESIAN_POINT ( 'NONE',  ( -6.881143697167629192, -5.551481383951460735, -3.459673052288552153 ) ) ;
#9111 = CARTESIAN_POINT ( 'NONE',  ( 3.882271953616759141, 7.946382535449740381, 3.461862008941932967 ) ) ;
#9112 = VERTEX_POINT ( 'NONE', #9535 ) ;
#9113 = TOROIDAL_SURFACE ( 'NONE', #6071, 8.866382193656235700, 0.03500000000000000333 ) ;
#9114 = AXIS2_PLACEMENT_3D ( 'NONE', #2595, #1848, #8710 ) ;
#9115 = AXIS2_PLACEMENT_3D ( 'NONE', #2590, #371, #7797 ) ;
#9116 = VERTEX_POINT ( 'NONE', #2665 ) ;
#9117 = CARTESIAN_POINT ( 'NONE',  ( -7.068044516080721706, 5.572625012626228447, 3.272391413630716173 ) ) ;
#9118 = CARTESIAN_POINT ( 'NONE',  ( 8.639919988884477320, -2.023291199879562186, 3.469378817057675590 ) ) ;
#9119 = EDGE_CURVE ( 'NONE', #8812, #1198, #3578, .T. ) ;
#9120 = B_SPLINE_CURVE_WITH_KNOTS ( 'NONE', 3,
 ( #499, #8832, #4918, #297, #4113, #8032, #9435 ),
 .UNSPECIFIED., .F., .F.,
 ( 4, 3, 4 ),
 ( 0.0009532733312319683185, 0.001225696219576462125, 0.001251962535739348844 ),
 .UNSPECIFIED. ) ;
#9121 = DIRECTION ( 'NONE',  ( 1.000000000000000000, 0.000000000000000000, 0.000000000000000000 ) ) ;
#9122 = ORIENTED_EDGE ( 'NONE', *, *, #638, .F. ) ;
#9123 = CIRCLE ( 'NONE', #2708, 8.588813778810040489 ) ;
#9124 = DIRECTION ( 'NONE',  ( -1.000000000000000000, -8.881784197001252323E-16, 0.000000000000000000 ) ) ;
#9125 = CARTESIAN_POINT ( 'NONE',  ( 0.05000000000000000971, -9.000494587112767064, 3.272391413630716173 ) ) ;
#9126 = DIRECTION ( 'NONE',  ( 0.000000000000000000, 0.000000000000000000, -1.000000000000000000 ) ) ;
#9127 = DIRECTION ( 'NONE',  ( -0.2225209339563181954, -0.9749279121818227312, 0.000000000000000000 ) ) ;
#9128 = AXIS2_PLACEMENT_3D ( 'NONE', #490, #3608, #9716 ) ;
#9129 = ADVANCED_FACE ( 'NONE', ( #5574 ), #8836, .T. ) ;
#9130 = ADVANCED_FACE ( 'NONE', ( #3268 ), #9340, .F. ) ;
#9131 = FACE_OUTER_BOUND ( 'NONE', #8, .T. ) ;
#9132 = AXIS2_PLACEMENT_3D ( 'NONE', #6970, #1624, #3216 ) ;
#9133 = ORIENTED_EDGE ( 'NONE', *, *, #6338, .F. ) ;
#9134 = FACE_OUTER_BOUND ( 'NONE', #3937, .T. ) ;
#9135 = CARTESIAN_POINT ( 'NONE',  ( 0.000000000000000000, 0.000000000000000000, 2.758752104430781671 ) ) ;
#9136 = AXIS2_PLACEMENT_3D ( 'NONE', #7298, #415, #2947 ) ;
#9137 = LINE ( 'NONE', #5510, #111 ) ;
#9138 = DIRECTION ( 'NONE',  ( 1.000000000000000000, 0.000000000000000000, 0.000000000000000000 ) ) ;
#9139 = CARTESIAN_POINT ( 'NONE',  ( -8.681279677114360993, 1.930159592493648324, -3.457544059217933619 ) ) ;
#9140 = CARTESIAN_POINT ( 'NONE',  ( 0.05000000000000002359, 8.838348897068080134, -3.456075294419946431 ) ) ;
#9141 = VECTOR ( 'NONE', #1964, 1000.000000000000000 ) ;
#9142 = EDGE_CURVE ( 'NONE', #482, #1238, #9387, .T. ) ;
#9143 = CIRCLE ( 'NONE', #481, 5.378237760728125316 ) ;
#9144 = B_SPLINE_CURVE_WITH_KNOTS ( 'NONE', 3,
 ( #1799, #278, #5758, #2493, #2548, #9469, #1036, #3296, #2597, #8819, #9516, #5654, #7306, #7155, #7215, #4205, #1954, #3253, #5701, #4099, #7107, #6310, #6351, #5549, #8712 ),
 .UNSPECIFIED., .F., .F.,
 ( 4, 3, 3, 3, 3, 3, 3, 3, 4 ),
 ( 0.0001509499138714756670, 0.0001527764003826872390, 0.0001645282963311849261, 0.0001762803579144521851, 0.0001880325997012802035, 0.0001997849575937758640, 0.0002115373162334736022, 0.0002188290956692542314, 0.0002208042975641510627 ),
 .UNSPECIFIED. ) ;
#9145 = CARTESIAN_POINT ( 'NONE',  ( 0.000000000000000000, 0.000000000000000000, -3.454996609771464389 ) ) ;
#9146 = VERTEX_POINT ( 'NONE', #604 ) ;
#9147 = ORIENTED_EDGE ( 'NONE', *, *, #9649, .F. ) ;
#9148 = CARTESIAN_POINT ( 'NONE',  ( 8.627120136385672211, -1.917798030746297400, -3.454996609771464833 ) ) ;
#9149 = LINE ( 'NONE', #813, #912 ) ;
#9150 = DIRECTION ( 'NONE',  ( 0.000000000000000000, 0.000000000000000000, -1.000000000000000000 ) ) ;
#9151 = VERTEX_POINT ( 'NONE', #6731 ) ;
#9152 = DIRECTION ( 'NONE',  ( 1.000000000000000000, 0.000000000000000000, 0.000000000000000000 ) ) ;
#9153 = CARTESIAN_POINT ( 'NONE',  ( 6.986779382597046784, 5.507818231228858608, 3.452421434499180375 ) ) ;
#9154 = ORIENTED_EDGE ( 'NONE', *, *, #3891, .T. ) ;
#9155 = FACE_OUTER_BOUND ( 'NONE', #8493, .T. ) ;
#9156 = VERTEX_POINT ( 'NONE', #452 ) ;
#9157 = CARTESIAN_POINT ( 'NONE',  ( -8.609196891592752365, 2.016278853409731120, -3.460296783607140103 ) ) ;
#9158 = CARTESIAN_POINT ( 'NONE',  ( 0.000000000000000000, 0.000000000000000000, -2.450000000000000178 ) ) ;
#9159 = EDGE_LOOP ( 'NONE', ( #3667, #7210, #561, #5662, #210, #876 ) ) ;
#9160 = CARTESIAN_POINT ( 'NONE',  ( -8.927852906338214822, -1.986438323023113961, 3.094141646974374105 ) ) ;
#9161 = CARTESIAN_POINT ( 'NONE',  ( 8.380768779485729070, 1.048178488476693105E-15, 3.376256313292342437 ) ) ;
#9162 = DIRECTION ( 'NONE',  ( 6.776263578034443388E-17, -1.000000000000000000, 0.000000000000000000 ) ) ;
#9163 = ORIENTED_EDGE ( 'NONE', *, *, #6474, .F. ) ;
#9164 = EDGE_CURVE ( 'NONE', #9503, #6052, #8538, .T. ) ;
#9165 = EDGE_LOOP ( 'NONE', ( #8100, #6600, #9818, #8311 ) ) ;
#9166 = CARTESIAN_POINT ( 'NONE',  ( -3.690422186055382081, 7.778478875277641258, -3.129114371485063550 ) ) ;
#9167 = CARTESIAN_POINT ( 'NONE',  ( -7.103543054550032210, -5.600934152399481114, -3.193750000000000089 ) ) ;
#9168 = DIRECTION ( 'NONE',  ( 1.000000000000000000, 0.000000000000000000, 0.000000000000000000 ) ) ;
#9169 = ORIENTED_EDGE ( 'NONE', *, *, #5278, .T. ) ;
#9170 = CARTESIAN_POINT ( 'NONE',  ( -8.384458441792405736, -1.862412082470809027, 3.099533293948748103 ) ) ;
#9171 = CARTESIAN_POINT ( 'NONE',  ( -6.971682289894235218, -5.495778701548799106, -3.468147503381453944 ) ) ;
#9172 = DIRECTION ( 'NONE',  ( -0.9009688679024218105, -0.4338837391175526248, 1.224646799147353207E-16 ) ) ;
#9173 = EDGE_CURVE ( 'NONE', #8443, #9380, #8281, .T. ) ;
#9174 = VECTOR ( 'NONE', #3009, 1000.000000000000000 ) ;
#9175 = CARTESIAN_POINT ( 'NONE',  ( 6.880434121877955889, -5.550915516540690930, -3.458522467003439349 ) ) ;
#9176 = ADVANCED_FACE ( 'NONE', ( #4272 ), #9639, .T. ) ;
#9177 = EDGE_CURVE ( 'NONE', #3579, #1706, #2774, .T. ) ;
#9178 = DIRECTION ( 'NONE',  ( 1.000000000000000000, 0.000000000000000000, 0.000000000000000000 ) ) ;
#9179 = ORIENTED_EDGE ( 'NONE', *, *, #6648, .F. ) ;
#9180 = CARTESIAN_POINT ( 'NONE',  ( -6.827126517065059907, 5.380499319508437850, 3.247602129575368313 ) ) ;
#9181 = FACE_OUTER_BOUND ( 'NONE', #2782, .T. ) ;
#9182 = CARTESIAN_POINT ( 'NONE',  ( -7.311959341363692744, -1.668907004672287808, -3.092233167847068013E-16 ) ) ;
#9183 = EDGE_CURVE ( 'NONE', #2142, #8239, #5827, .T. ) ;
#9184 = FACE_OUTER_BOUND ( 'NONE', #5687, .T. ) ;
#9185 = DIRECTION ( 'NONE',  ( -0.9749279121818257288, -0.2225209339563050948, -0.000000000000000000 ) ) ;
#9186 = CARTESIAN_POINT ( 'NONE',  ( 0.000000000000000000, 5.049999999999998934, -1.592040838891560081E-16 ) ) ;
#9187 = CIRCLE ( 'NONE', #2779, 9.046037105128458933 ) ;
#9188 = DIRECTION ( 'NONE',  ( 0.000000000000000000, 0.000000000000000000, 1.000000000000000000 ) ) ;
#9189 = ORIENTED_EDGE ( 'NONE', *, *, #6479, .T. ) ;
#9190 = ORIENTED_EDGE ( 'NONE', *, *, #4097, .T. ) ;
#9191 = CARTESIAN_POINT ( 'NONE',  ( -8.608393747221361636, -2.016095540947786979, -3.459673052288552153 ) ) ;
#9192 = DIRECTION ( 'NONE',  ( 0.000000000000000000, 0.000000000000000000, -1.000000000000000000 ) ) ;
#9193 = CARTESIAN_POINT ( 'NONE',  ( 0.000000000000000000, 0.000000000000000000, 3.325000000000000622 ) ) ;
#9194 = EDGE_CURVE ( 'NONE', #5778, #2088, #527, .T. ) ;
#9195 = AXIS2_PLACEMENT_3D ( 'NONE', #9083, #6824, #4674 ) ;
#9196 = EDGE_LOOP ( 'NONE', ( #8622, #3467, #1143, #6877, #7847, #2996 ) ) ;
#9197 = CARTESIAN_POINT ( 'NONE',  ( -0.05000000000000000971, 9.045898922017695298, -3.193750000000000089 ) ) ;
#9198 = FACE_OUTER_BOUND ( 'NONE', #5591, .T. ) ;
#9199 = ORIENTED_EDGE ( 'NONE', *, *, #6733, .T. ) ;
#9200 = CARTESIAN_POINT ( 'NONE',  ( -0.05000000000000001665, 8.896552580035715252, 3.452421434499180375 ) ) ;
#9201 = VERTEX_POINT ( 'NONE', #7387 ) ;
#9202 = CARTESIAN_POINT ( 'NONE',  ( 3.789595138428204280, -7.984413632840920982, -3.455541280135824955 ) ) ;
#9203 = DIRECTION ( 'NONE',  ( -0.000000000000000000, -0.000000000000000000, 1.000000000000000000 ) ) ;
#9204 = ORIENTED_EDGE ( 'NONE', *, *, #2880, .T. ) ;
#9205 = CARTESIAN_POINT ( 'NONE',  ( 0.000000000000000000, 0.000000000000000000, -3.500000000000000000 ) ) ;
#9206 = CARTESIAN_POINT ( 'NONE',  ( -6.878316301899265461, -5.549226611465089221, -3.454996609771464833 ) ) ;
#9207 = CARTESIAN_POINT ( 'NONE',  ( -8.688891490516549965, -1.931896939230790311, -3.444839032082838148 ) ) ;
#9208 = ORIENTED_EDGE ( 'NONE', *, *, #7576, .T. ) ;
#9209 = ORIENTED_EDGE ( 'NONE', *, *, #5238, .T. ) ;
#9210 = CARTESIAN_POINT ( 'NONE',  ( 0.05000000000000000971, 9.045898922017695298, 3.193750000000000089 ) ) ;
#9211 = DIRECTION ( 'NONE',  ( -0.000000000000000000, -0.000000000000000000, 1.000000000000000000 ) ) ;
#9212 = CARTESIAN_POINT ( 'NONE',  ( 0.05000000000000000971, -9.046037105128458933, -3.500000000000000444 ) ) ;
#9213 = ORIENTED_EDGE ( 'NONE', *, *, #6037, .T. ) ;
#9214 = CARTESIAN_POINT ( 'NONE',  ( 8.684623479167845161, -1.930922793491949063, 3.452421434499180375 ) ) ;
#9215 = CARTESIAN_POINT ( 'NONE',  ( -6.950697486251040225, -5.479043879072428957, -3.466377381984354411 ) ) ;
#9216 = DIRECTION ( 'NONE',  ( 1.000000000000000000, 0.000000000000000000, 0.000000000000000000 ) ) ;
#9217 = CARTESIAN_POINT ( 'NONE',  ( -7.119485258517184612, 5.741552436592656683, 3.094141646974374105 ) ) ;
#9218 = B_SPLINE_CURVE_WITH_KNOTS ( 'NONE', 3,
 ( #8898, #8157, #570, #8254, #6640, #1989, #5841 ),
 .UNSPECIFIED., .F., .F.,
 ( 4, 3, 4 ),
 ( 0.0005204849250710211813, 0.0009002598162381898186, 0.0009544278593203504336 ),
 .UNSPECIFIED. ) ;
#9219 = DIRECTION ( 'NONE',  ( -0.000000000000000000, -0.000000000000000000, 1.000000000000000000 ) ) ;
#9220 = ORIENTED_EDGE ( 'NONE', *, *, #5717, .F. ) ;
#9221 = CARTESIAN_POINT ( 'NONE',  ( 8.678939294432078455, 1.929625415418718459, -3.460240287494900535 ) ) ;
#9222 = EDGE_CURVE ( 'NONE', #6792, #2338, #9828, .T. ) ;
#9223 = CARTESIAN_POINT ( 'NONE',  ( 0.000000000000000000, 0.000000000000000000, -2.975000000000004974 ) ) ;
#9224 = EDGE_CURVE ( 'NONE', #4270, #4303, #704, .T. ) ;
#9225 = DIRECTION ( 'NONE',  ( -0.4338837391175590086, -0.9009688679024187019, 0.000000000000000000 ) ) ;
#9226 = CARTESIAN_POINT ( 'NONE',  ( -8.630645840616953279, 1.918602749729777068, -3.459673052288552153 ) ) ;
#9227 = LINE ( 'NONE', #39, #5297 ) ;
#9228 = EDGE_CURVE ( 'NONE', #5311, #8903, #6215, .T. ) ;
#9229 = CARTESIAN_POINT ( 'NONE',  ( 6.746065712156355865, -5.315855484712272094, 3.500000000000000000 ) ) ;
#9230 = VERTEX_POINT ( 'NONE', #4375 ) ;
#9231 = ORIENTED_EDGE ( 'NONE', *, *, #5158, .F. ) ;
#9232 = DIRECTION ( 'NONE',  ( -0.000000000000000000, -0.000000000000000000, 1.000000000000000000 ) ) ;
#9233 = CARTESIAN_POINT ( 'NONE',  ( 3.969916891359596800, -8.128379123974143639, 3.193750000000000089 ) ) ;
#9234 = CARTESIAN_POINT ( 'NONE',  ( 0.000000000000000000, 0.000000000000000000, -3.500000000000000000 ) ) ;
#9235 = CARTESIAN_POINT ( 'NONE',  ( 3.883828242128128938, -7.949614201842985395, 3.464471549642479165 ) ) ;
#9236 = EDGE_CURVE ( 'NONE', #118, #7509, #2950, .T. ) ;
#9237 = B_SPLINE_CURVE_WITH_KNOTS ( 'NONE', 3,
 ( #2306, #3208, #2452, #77, #5370, #2348, #5417 ),
 .UNSPECIFIED., .F., .F.,
 ( 4, 3, 4 ),
 ( 0.0005204849250710219402, 0.0009002598162381904691, 0.0009544278593203510842 ),
 .UNSPECIFIED. ) ;
#9238 = DIRECTION ( 'NONE',  ( -0.000000000000000000, -0.000000000000000000, 1.000000000000000000 ) ) ;
#9239 = CARTESIAN_POINT ( 'NONE',  ( 3.895126130468818282, 7.973074508718366538, -3.469378817057675590 ) ) ;
#9240 = EDGE_CURVE ( 'NONE', #717, #8062, #6457, .T. ) ;
#9241 = VERTEX_POINT ( 'NONE', #4325 ) ;
#9242 = CONICAL_SURFACE ( 'NONE', #1233, 4.524999999999999467, 0.7853981633974523868 ) ;
#9243 = EDGE_CURVE ( 'NONE', #1788, #631, #6290, .T. ) ;
#9244 = AXIS2_PLACEMENT_3D ( 'NONE', #8445, #9302, #5484 ) ;
#9245 = DIRECTION ( 'NONE',  ( 0.000000000000000000, 0.000000000000000000, -1.000000000000000000 ) ) ;
#9246 = ORIENTED_EDGE ( 'NONE', *, *, #8253, .T. ) ;
#9247 = SECURITY_CLASSIFICATION_LEVEL ( 'unclassified' ) ;
#9248 = DIRECTION ( 'NONE',  ( 1.000000000000000000, 0.000000000000000000, 0.000000000000000000 ) ) ;
#9249 = CARTESIAN_POINT ( 'NONE',  ( 0.000000000000000000, 0.000000000000000000, 3.094141646974374105 ) ) ;
#9250 = ORIENTED_EDGE ( 'NONE', *, *, #4476, .F. ) ;
#9251 = DIRECTION ( 'NONE',  ( -0.000000000000000000, -0.000000000000000000, 1.000000000000000000 ) ) ;
#9252 = CIRCLE ( 'NONE', #1714, 8.588813778810038713 ) ;
#9253 = VECTOR ( 'NONE', #8080, 1000.000000000000000 ) ;
#9254 = CONICAL_SURFACE ( 'NONE', #6072, 9.046037105128458933, 0.5235987755983011471 ) ;
#9255 = CARTESIAN_POINT ( 'NONE',  ( -6.878316301899149110, 5.549226611465233994, -3.454996609771464833 ) ) ;
#9256 = CARTESIAN_POINT ( 'NONE',  ( 0.000000000000000000, 0.000000000000000000, 3.500000000000000444 ) ) ;
#9257 = AXIS2_PLACEMENT_3D ( 'NONE', #5138, #8235, #1274 ) ;
#9258 = ORIENTED_EDGE ( 'NONE', *, *, #9470, .F. ) ;
#9259 = VECTOR ( 'NONE', #5443, 1000.000000000000000 ) ;
#9260 = AXIS2_PLACEMENT_3D ( 'NONE', #6857, #2339, #23 ) ;
#9261 = ORIENTED_EDGE ( 'NONE', *, *, #9173, .F. ) ;
#9262 = CARTESIAN_POINT ( 'NONE',  ( 4.524999999999999467, 0.000000000000000000, 3.500000000000000444 ) ) ;
#9263 = AXIS2_PLACEMENT_3D ( 'NONE', #1413, #9636, #2770 ) ;
#9264 = DIRECTION ( 'NONE',  ( -0.000000000000000000, -0.000000000000000000, 1.000000000000000000 ) ) ;
#9265 = DIRECTION ( 'NONE',  ( 1.000000000000000000, 6.776263578034444621E-17, 0.000000000000000000 ) ) ;
#9266 = ORIENTED_EDGE ( 'NONE', *, *, #9017, .T. ) ;
#9267 = CARTESIAN_POINT ( 'NONE',  ( 6.951002515856772312, -5.479287132065974397, 3.466570807216844852 ) ) ;
#9268 = DIRECTION ( 'NONE',  ( -0.9009688679022659352, -0.4338837391178758662, 0.000000000000000000 ) ) ;
#9269 = CARTESIAN_POINT ( 'NONE',  ( -8.650639518000600603, 2.025737862448911741, 3.465025888964337497 ) ) ;
#9270 = APPLICATION_CONTEXT ( 'configuration controlled 3d designs of mechanical parts and assemblies' ) ;
#9271 = AXIS2_PLACEMENT_3D ( 'NONE', #1245, #2099, #4505 ) ;
#9272 = CARTESIAN_POINT ( 'NONE',  ( 6.897187355920123331, -5.564275774867039281, -3.469846945119945847 ) ) ;
#9273 = VECTOR ( 'NONE', #45, 1000.000000000000114 ) ;
#9274 = CARTESIAN_POINT ( 'NONE',  ( -6.940665282085137555, -5.471043463218286718, -3.454996609771464833 ) ) ;
#9275 = ORIENTED_EDGE ( 'NONE', *, *, #4700, .T. ) ;
#9276 = CARTESIAN_POINT ( 'NONE',  ( 8.650651955850438668, 1.923169014979594804, -3.469846945119945847 ) ) ;
#9277 = LINE ( 'NONE', #3153, #6699 ) ;
#9278 = AXIS2_PLACEMENT_3D ( 'NONE', #5985, #6742, #5812 ) ;
#9279 = CARTESIAN_POINT ( 'NONE',  ( 0.000000000000000000, 0.000000000000000000, -3.454996609771464389 ) ) ;
#9280 = CARTESIAN_POINT ( 'NONE',  ( -8.628280558354180840, 1.918062889488208134, -3.456597352396201472 ) ) ;
#9281 = CARTESIAN_POINT ( 'NONE',  ( -5.378237760728126204, 6.586441658729127815E-16, 1.225000000000002087 ) ) ;
#9282 = CARTESIAN_POINT ( 'NONE',  ( 8.737285000697680104, 0.000000000000000000, 3.500000000000000000 ) ) ;
#9283 = VECTOR ( 'NONE', #2638, 1000.000000000000000 ) ;
#9284 = EDGE_CURVE ( 'NONE', #3765, #4246, #5181, .T. ) ;
#9285 = ORIENTED_EDGE ( 'NONE', *, *, #5859, .T. ) ;
#9286 = ORIENTED_EDGE ( 'NONE', *, *, #7758, .F. ) ;
#9287 = CARTESIAN_POINT ( 'NONE',  ( -3.840419595970190780, 8.089951706396185216, 3.351032822740167560 ) ) ;
#9288 = CARTESIAN_POINT ( 'NONE',  ( -8.604868042990066357, -2.015290821964363488, -3.454996609771464833 ) ) ;
#9289 = CARTESIAN_POINT ( 'NONE',  ( -8.666639397120880162, 2.029389730449147500, -3.444839032082837704 ) ) ;
#9290 = CARTESIAN_POINT ( 'NONE',  ( 3.969976846764378120, -8.128503622655012251, -3.094141646974374105 ) ) ;
#9291 = VECTOR ( 'NONE', #2235, 1000.000000000000000 ) ;
#9292 = DIRECTION ( 'NONE',  ( 0.000000000000000000, 0.000000000000000000, -1.000000000000000000 ) ) ;
#9293 = CARTESIAN_POINT ( 'NONE',  ( 0.000000000000000000, 0.000000000000000000, -7.960204194457796463E-16 ) ) ;
#9294 = CIRCLE ( 'NONE', #4973, 8.588813778810038713 ) ;
#9295 = EDGE_CURVE ( 'NONE', #6440, #1912, #3113, .T. ) ;
#9296 = ORIENTED_EDGE ( 'NONE', *, *, #8061, .F. ) ;
#9297 = FACE_OUTER_BOUND ( 'NONE', #1604, .T. ) ;
#9298 = EDGE_CURVE ( 'NONE', #6013, #6183, #3100, .T. ) ;
#9299 = ORIENTED_EDGE ( 'NONE', *, *, #2060, .T. ) ;
#9300 = CIRCLE ( 'NONE', #8017, 9.046037105128458933 ) ;
#9301 = CARTESIAN_POINT ( 'NONE',  ( -8.643545619096316912, 2.024118726316025629, -3.468147503381453944 ) ) ;
#9302 = DIRECTION ( 'NONE',  ( -0.000000000000000000, -0.000000000000000000, 1.000000000000000000 ) ) ;
#9303 = ORIENTED_EDGE ( 'NONE', *, *, #2015, .T. ) ;
#9304 = CARTESIAN_POINT ( 'NONE',  ( 0.000000000000000000, 0.000000000000000000, -3.094141646974374105 ) ) ;
#9305 = EDGE_CURVE ( 'NONE', #7256, #3827, #3160, .T. ) ;
#9306 = DIRECTION ( 'NONE',  ( 0.000000000000000000, 0.000000000000000000, -1.000000000000000000 ) ) ;
#9307 = ORIENTED_EDGE ( 'NONE', *, *, #884, .T. ) ;
#9308 = EDGE_CURVE ( 'NONE', #317, #5946, #4380, .T. ) ;
#9309 = ORIENTED_EDGE ( 'NONE', *, *, #346, .F. ) ;
#9310 = CARTESIAN_POINT ( 'NONE',  ( -3.771531933161234029, 7.716428513517264776, -3.099533293948748103 ) ) ;
#9311 = CARTESIAN_POINT ( 'NONE',  ( 8.624540184687441879, -2.019780859934190875, 3.469100694293998810 ) ) ;
#9312 = LINE ( 'NONE', #1503, #1261 ) ;
#9313 = ORIENTED_EDGE ( 'NONE', *, *, #4821, .T. ) ;
#9314 = ADVANCED_FACE ( 'NONE', ( #807 ), #5422, .T. ) ;
#9315 = CARTESIAN_POINT ( 'NONE',  ( 6.970196991303258649, 5.622499016217020085, -3.351032822740168449 ) ) ;
#9316 = DIRECTION ( 'NONE',  ( -0.000000000000000000, -0.000000000000000000, 1.000000000000000000 ) ) ;
#9317 = CARTESIAN_POINT ( 'NONE',  ( 0.05000000000000001665, -8.955090244376902930, 3.351032822740168449 ) ) ;
#9318 = DIRECTION ( 'NONE',  ( -0.000000000000000000, -0.000000000000000000, 1.000000000000000000 ) ) ;
#9319 = CARTESIAN_POINT ( 'NONE',  ( -0.05000000000000002359, 8.837570431649497849, 3.454996609771464833 ) ) ;
#9320 = EDGE_CURVE ( 'NONE', #7562, #7307, #4718, .T. ) ;
#9321 = CARTESIAN_POINT ( 'NONE',  ( 3.901485164720694954, -7.986279179404071726, -3.462472406546387660 ) ) ;
#9322 = ORIENTED_EDGE ( 'NONE', *, *, #2981, .T. ) ;
#9323 = CARTESIAN_POINT ( 'NONE',  ( -6.984097861549227737, 5.505679789551656711, 3.457544059217933619 ) ) ;
#9324 = FACE_OUTER_BOUND ( 'NONE', #583, .T. ) ;
#9325 = CIRCLE ( 'NONE', #2281, 9.621762239271875572 ) ;
#9326 = B_SPLINE_CURVE_WITH_KNOTS ( 'NONE', 3,
 ( #1310, #4311, #8074, #3563, #1256, #9721, #4464, #2859, #3665, #7375, #5913, #8271, #5767, #1205, #493, #3613, #8175, #7524, #6715, #9779, #9570, #6512 ),
 .UNSPECIFIED., .F., .F.,
 ( 4, 3, 3, 3, 3, 3, 3, 4 ),
 ( 0.0002168574548798349582, 0.0002188290334246902091, 0.0002305812013871298390, 0.0002423333607552016842, 0.0002540856419916210284, 0.0002658380091482406078, 0.0002775903405257925446, 0.0002867718163053248857 ),
 .UNSPECIFIED. ) ;
#9327 = PLANE ( 'NONE',  #4617 ) ;
#9328 = CARTESIAN_POINT ( 'NONE',  ( 6.927853081768485133, -5.588730875181871838, -3.444839032082838592 ) ) ;
#9329 = CARTESIAN_POINT ( 'NONE',  ( 0.05000000000000003747, 8.619738104553002600, 3.143904910697431276 ) ) ;
#9330 = B_SPLINE_CURVE_WITH_KNOTS ( 'NONE', 3,
 ( #6455, #7956, #5057, #6350, #2546, #8110, #8758 ),
 .UNSPECIFIED., .F., .F.,
 ( 4, 3, 4 ),
 ( 0.0008460917731560553328, 0.0009002598162382144300, 0.001280034707405372984 ),
 .UNSPECIFIED. ) ;
#9331 = AXIS2_PLACEMENT_3D ( 'NONE', #4387, #2081, #9696 ) ;
#9332 = CARTESIAN_POINT ( 'NONE',  ( -7.103543054550032210, -5.600934152399481114, -3.193750000000000089 ) ) ;
#9333 = ORIENTED_EDGE ( 'NONE', *, *, #9240, .T. ) ;
#9334 = EDGE_LOOP ( 'NONE', ( #4790, #8875, #7436, #6 ) ) ;
#9335 = DIRECTION ( 'NONE',  ( 0.000000000000000000, 0.000000000000000000, -1.000000000000000000 ) ) ;
#9336 = CARTESIAN_POINT ( 'NONE',  ( -8.640334695620662586, -2.023385853985758764, -3.469286171371085192 ) ) ;
#9337 = CARTESIAN_POINT ( 'NONE',  ( 3.895310692329257751, -7.973457755370707112, 3.469286171371085192 ) ) ;
#9338 = CARTESIAN_POINT ( 'NONE',  ( 0.000000000000000000, 0.000000000000000000, 3.500000000000000444 ) ) ;
#9339 = CARTESIAN_POINT ( 'NONE',  ( 8.697427512990353549, 1.933845230657743830, 3.429674227117769814 ) ) ;
#9340 = TOROIDAL_SURFACE ( 'NONE', #5022, 7.500000000000000000, 2.450000000000000178 ) ;
#9341 = EDGE_LOOP ( 'NONE', ( #5287, #7114, #8002, #3584 ) ) ;
#9342 = CARTESIAN_POINT ( 'NONE',  ( 9.046037105128458933, 0.000000000000000000, 3.500000000000000444 ) ) ;
#9343 = VERTEX_POINT ( 'NONE', #7726 ) ;
#9344 = PERSON_AND_ORGANIZATION ( #5239, #8678 ) ;
#9345 = CIRCLE ( 'NONE', #5032, 2.450000000000000622 ) ;
#9346 = LINE ( 'NONE', #4076, #5398 ) ;
#9347 = CARTESIAN_POINT ( 'NONE',  ( -8.604868042990066357, -2.015290821964363488, 3.454996609771464833 ) ) ;
#9348 = EDGE_CURVE ( 'NONE', #2082, #3977, #9882, .T. ) ;
#9349 = AXIS2_PLACEMENT_3D ( 'NONE', #3465, #6429, #2718 ) ;
#9350 = EDGE_LOOP ( 'NONE', ( #109, #230, #626, #1118 ) ) ;
#9351 = CARTESIAN_POINT ( 'NONE',  ( 8.404652361358966317, -1.867021212834355071, 3.129114371485063106 ) ) ;
#9352 = EDGE_CURVE ( 'NONE', #4913, #7911, #194, .T. ) ;
#9353 = ADVANCED_FACE ( 'NONE', ( #4525 ), #2455, .T. ) ;
#9354 = FACE_OUTER_BOUND ( 'NONE', #96, .T. ) ;
#9355 = VERTEX_POINT ( 'NONE', #702 ) ;
#9356 = EDGE_CURVE ( 'NONE', #9709, #8198, #894, .T. ) ;
#9357 = CARTESIAN_POINT ( 'NONE',  ( -8.670907408394976201, -2.030363876170900639, 3.437256629622304160 ) ) ;
#9358 = CARTESIAN_POINT ( 'NONE',  ( -3.789767423690386661, -7.984771386873872778, 3.456075294419945987 ) ) ;
#9359 = ORIENTED_EDGE ( 'NONE', *, *, #8253, .F. ) ;
#9360 = CARTESIAN_POINT ( 'NONE',  ( 3.815021055286684781, -8.037211093225025138, -3.452421434499180375 ) ) ;
#9361 = VERTEX_POINT ( 'NONE', #3773 ) ;
#9362 = CARTESIAN_POINT ( 'NONE',  ( 6.746065712156391392, 5.315855484712227685, 3.099533293948748103 ) ) ;
#9363 = DIRECTION ( 'NONE',  ( 0.6234898018587320401, -0.7818314824680310249, 0.000000000000000000 ) ) ;
#9364 = LINE ( 'NONE', #264, #9932 ) ;
#9365 = CARTESIAN_POINT ( 'NONE',  ( -8.830360115119992415, 1.964186229627660873, -3.094141646974374105 ) ) ;
#9366 = CARTESIAN_POINT ( 'NONE',  ( 7.041194074364082844, -5.679117300646379540, 3.500000000000000000 ) ) ;
#9367 = ORIENTED_EDGE ( 'NONE', *, *, #4394, .F. ) ;
#9368 = EDGE_CURVE ( 'NONE', #5515, #8919, #9938, .T. ) ;
#9369 = CARTESIAN_POINT ( 'NONE',  ( -0.05000000000000002359, -8.861707415697983592, 3.469846945119945847 ) ) ;
#9370 = EDGE_LOOP ( 'NONE', ( #6095, #8429, #9903, #7059, #4366, #8719 ) ) ;
#9371 = CARTESIAN_POINT ( 'NONE',  ( -4.013365220676247347, -8.218600509445195712, 3.500000000000000444 ) ) ;
#9372 = CARTESIAN_POINT ( 'NONE',  ( 8.807973303152710542, 2.061648272210859556, -3.500000000000000000 ) ) ;
#9373 = ORIENTED_EDGE ( 'NONE', *, *, #2634, .F. ) ;
#9374 = CARTESIAN_POINT ( 'NONE',  ( -0.05000000000000001665, -8.896552580035715252, -3.452421434499180375 ) ) ;
#9375 = DIRECTION ( 'NONE',  ( 1.000000000000000000, 0.000000000000000000, 0.000000000000000000 ) ) ;
#9376 = DIRECTION ( 'NONE',  ( -0.9009688679025714686, 0.4338837391172419289, 0.000000000000000000 ) ) ;
#9377 = PLANE ( 'NONE',  #7046 ) ;
#9378 = DIRECTION ( 'NONE',  ( -0.000000000000000000, -0.000000000000000000, -1.000000000000000000 ) ) ;
#9379 = ORIENTED_EDGE ( 'NONE', *, *, #9598, .F. ) ;
#9380 = VERTEX_POINT ( 'NONE', #137 ) ;
#9381 = CARTESIAN_POINT ( 'NONE',  ( 6.878316301899227270, 5.549226611465136294, -3.454996609771464833 ) ) ;
#9382 = CARTESIAN_POINT ( 'NONE',  ( 8.640010456057851229, -1.920740162094275671, -3.466570807216844852 ) ) ;
#9383 = CARTESIAN_POINT ( 'NONE',  ( 3.886875361059120682, -7.955941609501091527, 3.468127985775449673 ) ) ;
#9384 = CARTESIAN_POINT ( 'NONE',  ( 8.662371385772212662, -2.028415584710130837, 3.452421434499180375 ) ) ;
#9385 = DIRECTION ( 'NONE',  ( 1.000000000000000000, 0.000000000000000000, 0.000000000000000000 ) ) ;
#9386 = ORIENTED_EDGE ( 'NONE', *, *, #1008, .T. ) ;
#9387 = LINE ( 'NONE', #1216, #7737 ) ;
#9388 = ORIENTED_EDGE ( 'NONE', *, *, #7582, .T. ) ;
#9389 = FACE_OUTER_BOUND ( 'NONE', #5832, .T. ) ;
#9390 = DIRECTION ( 'NONE',  ( -1.000000000000000000, 0.000000000000000000, 0.000000000000000000 ) ) ;
#9391 = ORIENTED_EDGE ( 'NONE', *, *, #4750, .F. ) ;
#9392 = CARTESIAN_POINT ( 'NONE',  ( -3.903773285788543213, -7.991030511759118937, -3.457279025203407574 ) ) ;
#9393 = CARTESIAN_POINT ( 'NONE',  ( 8.719441388652381164, 2.041441440450892486, 3.351032822740168449 ) ) ;
#9394 = CC_DESIGN_PERSON_AND_ORGANIZATION_ASSIGNMENT ( #8246, #3786, ( #9541 ) ) ;
#9395 = ORIENTED_EDGE ( 'NONE', *, *, #8938, .T. ) ;
#9396 = EDGE_CURVE ( 'NONE', #4806, #9241, #1181, .T. ) ;
#9397 = DIRECTION ( 'NONE',  ( -0.000000000000000000, -0.000000000000000000, 1.000000000000000000 ) ) ;
#9398 = CARTESIAN_POINT ( 'NONE',  ( -3.796778474268989623, -7.999329983412793332, 3.468127985775450117 ) ) ;
#9399 = AXIS2_PLACEMENT_3D ( 'NONE', #877, #2533, #1076 ) ;
#9400 = VECTOR ( 'NONE', #4238, 1000.000000000000000 ) ;
#9401 = ORIENTED_EDGE ( 'NONE', *, *, #5257, .T. ) ;
#9402 = AXIS2_PLACEMENT_3D ( 'NONE', #2630, #9397, #1834 ) ;
#9403 = CARTESIAN_POINT ( 'NONE',  ( -8.414749320523764453, 1.869325777874962347, -3.143904910697430832 ) ) ;
#9404 = EDGE_LOOP ( 'NONE', ( #1529, #7881, #6038, #6407, #2426, #2655 ) ) ;
#9405 = CARTESIAN_POINT ( 'NONE',  ( 0.05000000000000001665, 8.896552580035715252, 3.452421434499180375 ) ) ;
#9406 = CARTESIAN_POINT ( 'NONE',  ( 0.05000000000000003053, -8.692348900455138860, 3.247602129575368313 ) ) ;
#9407 = CARTESIAN_POINT ( 'NONE',  ( -8.866382193656235700, 0.000000000000000000, -3.434921434499177639 ) ) ;
#9408 = DIRECTION ( 'NONE',  ( 0.9749279121818212879, -0.2225209339563246624, 0.000000000000000000 ) ) ;
#9409 = CARTESIAN_POINT ( 'NONE',  ( -8.688891490516510885, 1.931896939230964838, -3.444839032082838148 ) ) ;
#9410 = EDGE_CURVE ( 'NONE', #3400, #3415, #7588, .T. ) ;
#9411 = CONICAL_SURFACE ( 'NONE', #6208, 8.869223585189136116, 0.6108652381980126389 ) ;
#9412 = CARTESIAN_POINT ( 'NONE',  ( 3.895310692329257751, -7.973457755370707112, -3.469286171371085192 ) ) ;
#9413 = EDGE_CURVE ( 'NONE', #6502, #9201, #4060, .T. ) ;
#9414 = ORIENTED_EDGE ( 'NONE', *, *, #6551, .F. ) ;
#9415 = DIRECTION ( 'NONE',  ( 0.000000000000000000, 0.000000000000000000, 1.000000000000000000 ) ) ;
#9416 = CARTESIAN_POINT ( 'NONE',  ( 0.000000000000000000, 0.000000000000000000, 3.452421434499180375 ) ) ;
#9417 = ORIENTED_EDGE ( 'NONE', *, *, #578, .F. ) ;
#9418 = VECTOR ( 'NONE', #8552, 1000.000000000000000 ) ;
#9419 = VECTOR ( 'NONE', #1421, 1000.000000000000000 ) ;
#9420 = CARTESIAN_POINT ( 'NONE',  ( -6.968774760211276842, -5.493460023999253927, 3.469378817057675590 ) ) ;
#9421 = PLANE ( 'NONE',  #433 ) ;
#9422 = CARTESIAN_POINT ( 'NONE',  ( -6.897187355920082474, 5.564275774867090796, 3.469846945119945847 ) ) ;
#9423 = EDGE_CURVE ( 'NONE', #9146, #8443, #6787, .T. ) ;
#9424 = CARTESIAN_POINT ( 'NONE',  ( -0.05000000000000002359, -8.890722215898270164, -3.460240287494900535 ) ) ;
#9425 = CIRCLE ( 'NONE', #7013, 8.896693082788692308 ) ;
#9426 = VECTOR ( 'NONE', #6321, 1000.000000000000000 ) ;
#9427 = CARTESIAN_POINT ( 'NONE',  ( 0.000000000000000000, 0.000000000000000000, 3.099533293948747659 ) ) ;
#9428 = ORIENTED_EDGE ( 'NONE', *, *, #344, .F. ) ;
#9429 = CIRCLE ( 'NONE', #2362, 8.588813778810038713 ) ;
#9430 = ORIENTED_EDGE ( 'NONE', *, *, #3725, .T. ) ;
#9431 = DIRECTION ( 'NONE',  ( 0.9009688679024157043, -0.4338837391175651703, 0.000000000000000000 ) ) ;
#9432 = CARTESIAN_POINT ( 'NONE',  ( 8.679165281223101047, -1.929676995429131514, -3.459706444013471494 ) ) ;
#9433 = AXIS2_PLACEMENT_3D ( 'NONE', #4457, #6611, #1249 ) ;
#9434 = CARTESIAN_POINT ( 'NONE',  ( -8.830225396548316397, 1.964155480992796354, 3.500000000000000000 ) ) ;
#9435 = CARTESIAN_POINT ( 'NONE',  ( -6.924430402411211993, -5.586001379475613149, 3.452421434499180375 ) ) ;
#9436 = B_SPLINE_CURVE_WITH_KNOTS ( 'NONE', 3,
 ( #2831, #2027, #7551, #4495, #5790, #5992, #1227 ),
 .UNSPECIFIED., .F., .F.,
 ( 4, 3, 4 ),
 ( 0.0009532733312319682101, 0.001225696219576461908, 0.001251962535739348627 ),
 .UNSPECIFIED. ) ;
#9437 = LINE ( 'NONE', #5623, #2785 ) ;
#9438 = EDGE_CURVE ( 'NONE', #6452, #5780, #2215, .T. ) ;
#9439 = LINE ( 'NONE', #1113, #2085 ) ;
#9440 = CONICAL_SURFACE ( 'NONE', #5127, 8.869223585189136116, 0.6108652381980126389 ) ;
#9441 = VERTEX_POINT ( 'NONE', #1523 ) ;
#9442 = DIRECTION ( 'NONE',  ( 0.000000000000000000, 0.000000000000000000, -1.000000000000000000 ) ) ;
#9443 = ORIENTED_EDGE ( 'NONE', *, *, #6892, .T. ) ;
#9444 = DIRECTION ( 'NONE',  ( -0.000000000000000000, -0.000000000000000000, 1.000000000000000000 ) ) ;
#9445 = AXIS2_PLACEMENT_3D ( 'NONE', #6191, #9905, #57 ) ;
#9446 = CARTESIAN_POINT ( 'NONE',  ( -3.681435046371154041, -7.759816887428941712, 3.500000000000000000 ) ) ;
#9447 = CARTESIAN_POINT ( 'NONE',  ( -6.927853081768444277, 5.588730875181923352, -3.444839032082838592 ) ) ;
#9448 = ORIENTED_EDGE ( 'NONE', *, *, #1390, .T. ) ;
#9449 = CARTESIAN_POINT ( 'NONE',  ( 8.384458441792393302, 1.862412082470863872, -3.099533293948748103 ) ) ;
#9450 = FACE_OUTER_BOUND ( 'NONE', #6454, .T. ) ;
#9451 = VERTEX_POINT ( 'NONE', #8478 ) ;
#9452 = CIRCLE ( 'NONE', #7376, 9.046037105128458933 ) ;
#9453 = DIRECTION ( 'NONE',  ( 0.9009688679024249192, 0.4338837391175462965, 0.000000000000000000 ) ) ;
#9454 = CARTESIAN_POINT ( 'NONE',  ( 0.000000000000000000, 0.000000000000000000, 3.452421434499180375 ) ) ;
#9455 = EDGE_LOOP ( 'NONE', ( #93, #2748, #4900, #9084 ) ) ;
#9456 = DIRECTION ( 'NONE',  ( -0.6234898018587372581, -0.7818314824680268060, 0.000000000000000000 ) ) ;
#9457 = VERTEX_POINT ( 'NONE', #853 ) ;
#9458 = CARTESIAN_POINT ( 'NONE',  ( 0.05000000000000000971, 9.045898922017695298, 3.193750000000000089 ) ) ;
#9459 = DIRECTION ( 'NONE',  ( 0.000000000000000000, 0.000000000000000000, -1.000000000000000000 ) ) ;
#9460 = CARTESIAN_POINT ( 'NONE',  ( 0.000000000000000000, 0.000000000000000000, 3.452421434499180375 ) ) ;
#9461 = CARTESIAN_POINT ( 'NONE',  ( 0.000000000000000000, 0.000000000000000000, 3.193750000000000533 ) ) ;
#9462 = CARTESIAN_POINT ( 'NONE',  ( -3.879526546993873115, 7.940681639855315943, 3.454996609771464833 ) ) ;
#9463 = ORIENTED_EDGE ( 'NONE', *, *, #5546, .F. ) ;
#9464 = ORIENTED_EDGE ( 'NONE', *, *, #6221, .T. ) ;
#9465 = CARTESIAN_POINT ( 'NONE',  ( 3.881095632990732458, -7.943939880500714423, -3.459673052288552153 ) ) ;
#9466 = ORIENTED_EDGE ( 'NONE', *, *, #9718, .F. ) ;
#9467 = CARTESIAN_POINT ( 'NONE',  ( 3.815021055286742069, 8.037211093225000269, -3.452421434499180375 ) ) ;
#9468 = CARTESIAN_POINT ( 'NONE',  ( -8.650651955850451102, -1.923169014979537739, 3.469846945119945847 ) ) ;
#9469 = CARTESIAN_POINT ( 'NONE',  ( -3.812491355094256740, 8.031958116648677759, -3.460240287494900535 ) ) ;
#9470 = EDGE_CURVE ( 'NONE', #7516, #7627, #8371, .T. ) ;
#9471 = ORIENTED_EDGE ( 'NONE', *, *, #1204, .T. ) ;
#9472 = CARTESIAN_POINT ( 'NONE',  ( -6.979796104693843262, -5.502249252933806289, 3.462633071500297088 ) ) ;
#9473 = DIRECTION ( 'NONE',  ( -0.000000000000000000, -0.000000000000000000, 1.000000000000000000 ) ) ;
#9474 = CARTESIAN_POINT ( 'NONE',  ( 0.000000000000000000, 0.000000000000000000, 3.094141646974374105 ) ) ;
#9475 = ADVANCED_FACE ( 'NONE', ( #7066 ), #4549, .T. ) ;
#9476 = CARTESIAN_POINT ( 'NONE',  ( -0.05000000000000002359, -8.861707415697983592, -3.469846945119945847 ) ) ;
#9477 = ADVANCED_FACE ( 'NONE', ( #1911 ), #6150, .T. ) ;
#9478 = CARTESIAN_POINT ( 'NONE',  ( -0.05000000000000000971, -9.045898922017695298, 3.500000000000000000 ) ) ;
#9479 = ORIENTED_EDGE ( 'NONE', *, *, #1450, .T. ) ;
#9480 = EDGE_LOOP ( 'NONE', ( #4676, #8896, #1242, #3161 ) ) ;
#9481 = LINE ( 'NONE', #2608, #4005 ) ;
#9482 = EDGE_CURVE ( 'NONE', #3099, #3235, #4061, .T. ) ;
#9483 = CARTESIAN_POINT ( 'NONE',  ( 3.923268333885891579, -8.261988883357009428, -3.094141646974374105 ) ) ;
#9484 = DIRECTION ( 'NONE',  ( 1.000000000000000000, 0.000000000000000000, 0.000000000000000000 ) ) ;
#9485 = DIRECTION ( 'NONE',  ( 0.000000000000000000, 0.000000000000000000, -1.000000000000000000 ) ) ;
#9486 = CARTESIAN_POINT ( 'NONE',  ( -6.931275761065949226, 5.591460370840363403, 3.437256629622303716 ) ) ;
#9487 = CARTESIAN_POINT ( 'NONE',  ( 6.968774760211240427, 5.493460023999301001, -3.469378817057675590 ) ) ;
#9488 = AXIS2_PLACEMENT_3D ( 'NONE', #8326, #796, #1610 ) ;
#9489 = ORIENTED_EDGE ( 'NONE', *, *, #2331, .F. ) ;
#9490 = FACE_OUTER_BOUND ( 'NONE', #5709, .T. ) ;
#9491 = ORIENTED_EDGE ( 'NONE', *, *, #6841, .T. ) ;
#9492 = EDGE_CURVE ( 'NONE', #3076, #6431, #2299, .T. ) ;
#9493 = DIRECTION ( 'NONE',  ( 0.000000000000000000, 0.000000000000000000, -1.000000000000000000 ) ) ;
#9494 = DIRECTION ( 'NONE',  ( 0.000000000000000000, 0.000000000000000000, -1.000000000000000000 ) ) ;
#9495 = LINE ( 'NONE', #8735, #8926 ) ;
#9496 = VERTEX_POINT ( 'NONE', #9332 ) ;
#9497 = CARTESIAN_POINT ( 'NONE',  ( 0.05000000000000001665, -8.900930351248696581, -3.444839032082838592 ) ) ;
#9498 = CARTESIAN_POINT ( 'NONE',  ( 0.000000000000000000, 0.000000000000000000, 3.193750000000000533 ) ) ;
#9499 = ORIENTED_EDGE ( 'NONE', *, *, #885, .T. ) ;
#9500 = AXIS2_PLACEMENT_3D ( 'NONE', #1476, #6875, #6222 ) ;
#9501 = CARTESIAN_POINT ( 'NONE',  ( 0.000000000000000000, 0.000000000000000000, 3.099533293948747659 ) ) ;
#9502 = FACE_OUTER_BOUND ( 'NONE', #1347, .T. ) ;
#9503 = VERTEX_POINT ( 'NONE', #944 ) ;
#9504 = CARTESIAN_POINT ( 'NONE',  ( 6.940963463542313860, 5.471281254995518317, 3.455541280135825399 ) ) ;
#9505 = ORIENTED_EDGE ( 'NONE', *, *, #4138, .F. ) ;
#9506 = LINE ( 'NONE', #4044, #103 ) ;
#9507 = DIRECTION ( 'NONE',  ( -0.000000000000000000, -0.000000000000000000, 1.000000000000000000 ) ) ;
#9508 = CARTESIAN_POINT ( 'NONE',  ( 5.863736118510232131, 4.676173513940490523, -3.092233167847068013E-16 ) ) ;
#9509 = CARTESIAN_POINT ( 'NONE',  ( 0.000000000000000000, 0.000000000000000000, -3.094141646974374105 ) ) ;
#9510 = DIRECTION ( 'NONE',  ( 0.000000000000000000, 0.000000000000000000, 1.000000000000000000 ) ) ;
#9511 = ORIENTED_EDGE ( 'NONE', *, *, #5447, .T. ) ;
#9512 = CARTESIAN_POINT ( 'NONE',  ( 3.904453529484206431, -7.992443052348336074, -3.455073707654064741 ) ) ;
#9513 = VERTEX_POINT ( 'NONE', #8568 ) ;
#9514 = CARTESIAN_POINT ( 'NONE',  ( 3.789429660203743833, 7.984070013767017748, -3.454996609771464833 ) ) ;
#9515 = CARTESIAN_POINT ( 'NONE',  ( 8.556329883642984413, -1.901640617507349473, -3.351299362948742200 ) ) ;
#9516 = CARTESIAN_POINT ( 'NONE',  ( -3.805029243678463402, 8.016462882630175812, -3.469378817057675590 ) ) ;
#9517 = VERTEX_POINT ( 'NONE', #7819 ) ;
#9518 = CARTESIAN_POINT ( 'NONE',  ( -6.959536336106070920, -5.486092626620142632, 3.469846945119945847 ) ) ;
#9519 = CARTESIAN_POINT ( 'NONE',  ( 8.392497227128158599, 1.966818569093031321, 3.143904910697430832 ) ) ;
#9520 = CARTESIAN_POINT ( 'NONE',  ( 0.000000000000000000, 0.000000000000000000, 3.500000000000000444 ) ) ;
#9521 = DIRECTION ( 'NONE',  ( -1.000000000000000000, 0.000000000000000000, 0.000000000000000000 ) ) ;
#9522 = EDGE_CURVE ( 'NONE', #4536, #9803, #2605, .T. ) ;
#9523 = CARTESIAN_POINT ( 'NONE',  ( 0.05000000000000002359, -8.877823310605135632, 3.468181098941469642 ) ) ;
#9524 = ORIENTED_EDGE ( 'NONE', *, *, #1806, .F. ) ;
#9525 = ORIENTED_EDGE ( 'NONE', *, *, #7045, .F. ) ;
#9526 = PLANE ( 'NONE',  #1292 ) ;
#9527 = CARTESIAN_POINT ( 'NONE',  ( 5.049999999999998934, 0.000000000000000000, -1.096058885236881233E-15 ) ) ;
#9528 = ADVANCED_FACE ( 'NONE', ( #6268 ), #1704, .T. ) ;
#9529 = DIRECTION ( 'NONE',  ( -0.000000000000000000, -0.000000000000000000, 1.000000000000000000 ) ) ;
#9530 = CARTESIAN_POINT ( 'NONE',  ( 0.000000000000000000, 0.000000000000000000, -3.434921434499177639 ) ) ;
#9531 = CARTESIAN_POINT ( 'NONE',  ( 7.103543054549956715, -5.600934152399576149, 3.193750000000000089 ) ) ;
#9532 = CARTESIAN_POINT ( 'NONE',  ( 6.984356395689119701, 5.505885963648176507, -3.457279025203407574 ) ) ;
#9533 = EDGE_CURVE ( 'NONE', #5861, #6324, #1823, .T. ) ;
#9534 = ORIENTED_EDGE ( 'NONE', *, *, #9906, .F. ) ;
#9535 = CARTESIAN_POINT ( 'NONE',  ( -4.317143204219774155, -8.964640235629037335, -1.592040838891560081E-16 ) ) ;
#9536 = VERTEX_POINT ( 'NONE', #1103 ) ;
#9537 = FACE_BOUND ( 'NONE', #7719, .T. ) ;
#9538 = EDGE_CURVE ( 'NONE', #5515, #5780, #8064, .T. ) ;
#9539 = CARTESIAN_POINT ( 'NONE',  ( 0.05000000000000004441, 8.588668239434865015, -3.099533293948748103 ) ) ;
#9540 = ORIENTED_EDGE ( 'NONE', *, *, #7209, .F. ) ;
#9541 = PRODUCT ( '5972K501_Steel Ball Bearing', '5972K501_Steel Ball Bearing', '', ( #4539 ) ) ;
#9542 = CARTESIAN_POINT ( 'NONE',  ( 0.000000000000000000, 0.000000000000000000, 3.434921434499177639 ) ) ;
#9543 = EDGE_CURVE ( 'NONE', #436, #6792, #2500, .T. ) ;
#9544 = DIRECTION ( 'NONE',  ( -0.000000000000000000, -0.000000000000000000, 1.000000000000000000 ) ) ;
#9545 = EDGE_CURVE ( 'NONE', #5495, #101, #5558, .T. ) ;
#9546 = ORIENTED_EDGE ( 'NONE', *, *, #6107, .F. ) ;
#9547 = DIRECTION ( 'NONE',  ( 0.000000000000000000, 0.000000000000000000, 1.000000000000000000 ) ) ;
#9548 = CARTESIAN_POINT ( 'NONE',  ( -3.815021055286796692, -8.037211093224973624, 3.452421434499180375 ) ) ;
#9549 = ORIENTED_EDGE ( 'NONE', *, *, #1296, .F. ) ;
#9550 = CARTESIAN_POINT ( 'NONE',  ( 0.000000000000000000, 0.000000000000000000, 3.500000000000000000 ) ) ;
#9551 = VERTEX_POINT ( 'NONE', #7165 ) ;
#9552 = CARTESIAN_POINT ( 'NONE',  ( 0.000000000000000000, 0.000000000000000000, 3.193750000000000533 ) ) ;
#9553 = CARTESIAN_POINT ( 'NONE',  ( -8.763707349719860318, -2.051544857202092231, -3.272391413630716173 ) ) ;
#9554 = CARTESIAN_POINT ( 'NONE',  ( -3.898524665975382053, 7.980131640415047301, 3.466489319800472924 ) ) ;
#9555 = EDGE_CURVE ( 'NONE', #567, #6253, #9345, .T. ) ;
#9556 = CARTESIAN_POINT ( 'NONE',  ( -3.771531933161234029, 7.716428513517264776, 3.099533293948748103 ) ) ;
#9557 = EDGE_LOOP ( 'NONE', ( #3127, #7207, #8990, #5580 ) ) ;
#9558 = AXIS2_PLACEMENT_3D ( 'NONE', #1718, #8498, #3181 ) ;
#9559 = ORIENTED_EDGE ( 'NONE', *, *, #222, .T. ) ;
#9560 = CARTESIAN_POINT ( 'NONE',  ( 3.814356642694022526, 8.035831426260063637, -3.455073707654064741 ) ) ;
#9561 = CARTESIAN_POINT ( 'NONE',  ( 8.463287518778873419, -1.982975991212544420, 3.247602129575368313 ) ) ;
#9562 = CARTESIAN_POINT ( 'NONE',  ( 8.830225396548341266, 1.964155480992677116, 3.500000000000000000 ) ) ;
#9563 = ORIENTED_EDGE ( 'NONE', *, *, #7446, .T. ) ;
#9564 = DIRECTION ( 'NONE',  ( 0.000000000000000000, 0.000000000000000000, -1.000000000000000000 ) ) ;
#9565 = CARTESIAN_POINT ( 'NONE',  ( 6.683716731970481995, -5.394038632959075485, -3.099533293948748103 ) ) ;
#9566 = DIRECTION ( 'NONE',  ( 1.000000000000000000, 0.000000000000000000, 0.000000000000000000 ) ) ;
#9567 = AXIS2_PLACEMENT_3D ( 'NONE', #8685, #5631, #2624 ) ;
#9568 = CARTESIAN_POINT ( 'NONE',  ( -5.378237760728125316, 6.586441658729127815E-16, 3.500000000000000000 ) ) ;
#9569 = CONICAL_SURFACE ( 'NONE', #9257, 5.378237760728125316, 0.7853981633973957655 ) ;
#9570 = CARTESIAN_POINT ( 'NONE',  ( -6.923233172288246529, -5.585046620312180465, 3.455073707654066073 ) ) ;
#9571 = ORIENTED_EDGE ( 'NONE', *, *, #4651, .T. ) ;
#9572 = VERTEX_POINT ( 'NONE', #3365 ) ;
#9573 = CARTESIAN_POINT ( 'NONE',  ( -6.986779382596969512, 5.507818231228957195, 3.452421434499180375 ) ) ;
#9574 = CARTESIAN_POINT ( 'NONE',  ( 0.000000000000000000, 0.000000000000000000, 3.454996609771464389 ) ) ;
#9575 = VECTOR ( 'NONE', #4810, 1000.000000000000000 ) ;
#9576 = AXIS2_PLACEMENT_3D ( 'NONE', #2909, #9673, #5958 ) ;
#9577 = CARTESIAN_POINT ( 'NONE',  ( 0.05000000000000002359, 8.884519005424703408, 3.465025888964337497 ) ) ;
#9578 = AXIS2_PLACEMENT_3D ( 'NONE', #6521, #9580, #7477 ) ;
#9579 = FACE_OUTER_BOUND ( 'NONE', #2266, .T. ) ;
#9580 = DIRECTION ( 'NONE',  ( 0.6234898018587372581, 0.7818314824680268060, -0.000000000000000000 ) ) ;
#9581 = DIRECTION ( 'NONE',  ( -0.000000000000000000, -0.000000000000000000, 1.000000000000000000 ) ) ;
#9582 = AXIS2_PLACEMENT_3D ( 'NONE', #3440, #7050, #1022 ) ;
#9583 = ADVANCED_FACE ( 'NONE', ( #6420 ), #5661, .T. ) ;
#9584 = ORIENTED_EDGE ( 'NONE', *, *, #3374, .F. ) ;
#9585 = DIRECTION ( 'NONE',  ( 1.000000000000000000, 0.000000000000000000, 0.000000000000000000 ) ) ;
#9586 = CONICAL_SURFACE ( 'NONE', #7021, 9.046037105128458933, 0.5235987755983011471 ) ;
#9587 = ORIENTED_EDGE ( 'NONE', *, *, #9654, .F. ) ;
#9588 = CARTESIAN_POINT ( 'NONE',  ( 0.000000000000000000, 0.000000000000000000, 3.193750000000000533 ) ) ;
#9589 = DIRECTION ( 'NONE',  ( 1.000000000000000000, 0.000000000000000000, 0.000000000000000000 ) ) ;
#9590 = DIRECTION ( 'NONE',  ( 0.000000000000000000, 0.000000000000000000, -1.000000000000000000 ) ) ;
#9591 = CIRCLE ( 'NONE', #5279, 9.046037105128458933 ) ;
#9592 = EDGE_LOOP ( 'NONE', ( #3084, #5953 ) ) ;
#9593 = AXIS2_PLACEMENT_3D ( 'NONE', #9812, #5049, #569 ) ;
#9594 = DIRECTION ( 'NONE',  ( 1.000000000000000000, 0.000000000000000000, 0.000000000000000000 ) ) ;
#9595 = ADVANCED_FACE ( 'NONE', ( #7425 ), #5023, .T. ) ;
#9596 = CIRCLE ( 'NONE', #9278, 5.254494074020480632 ) ;
#9597 = FACE_OUTER_BOUND ( 'NONE', #6908, .T. ) ;
#9598 = EDGE_CURVE ( 'NONE', #1544, #239, #6299, .T. ) ;
#9599 = EDGE_CURVE ( 'NONE', #1324, #2797, #9326, .T. ) ;
#9600 = ORIENTED_EDGE ( 'NONE', *, *, #3543, .F. ) ;
#9601 = AXIS2_PLACEMENT_3D ( 'NONE', #7116, #7822, #3962 ) ;
#9602 = AXIS2_PLACEMENT_3D ( 'NONE', #7353, #5100, #478 ) ;
#9603 = DIRECTION ( 'NONE',  ( 0.9009688679024218105, 0.4338837391175526803, 0.000000000000000000 ) ) ;
#9604 = CARTESIAN_POINT ( 'NONE',  ( 8.807973303152696332, -2.061648272210920840, -3.500000000000000000 ) ) ;
#9605 = ADVANCED_FACE ( 'NONE', ( #5217 ), #2709, .T. ) ;
#9606 = ORIENTED_EDGE ( 'NONE', *, *, #4812, .F. ) ;
#9607 = CARTESIAN_POINT ( 'NONE',  ( 8.604868042990053922, 2.015290821964419887, -3.454996609771464833 ) ) ;
#9608 = VERTEX_POINT ( 'NONE', #2913 ) ;
#9609 = CONICAL_SURFACE ( 'NONE', #952, 8.869223585189136116, 0.6108652381980126389 ) ;
#9610 = DIRECTION ( 'NONE',  ( -0.000000000000000000, -0.000000000000000000, 1.000000000000000000 ) ) ;
#9611 = CARTESIAN_POINT ( 'NONE',  ( -8.662371385772239307, -2.028415584710014041, -3.452421434499180375 ) ) ;
#9612 = CARTESIAN_POINT ( 'NONE',  ( 3.793731355337943256, 7.993002575754713845, 3.464471549642479165 ) ) ;
#9613 = DIRECTION ( 'NONE',  ( 1.000000000000000000, 0.000000000000000000, 0.000000000000000000 ) ) ;
#9614 = AXIS2_PLACEMENT_3D ( 'NONE', #3362, #285, #9521 ) ;
#9615 = ORIENTED_EDGE ( 'NONE', *, *, #6418, .F. ) ;
#9616 = VERTEX_POINT ( 'NONE', #4258 ) ;
#9617 = VERTEX_POINT ( 'NONE', #6615 ) ;
#9618 = CARTESIAN_POINT ( 'NONE',  ( 3.789767423690332038, 7.984771386873899424, -3.456075294419946431 ) ) ;
#9619 = EDGE_CURVE ( 'NONE', #1273, #2053, #3236, .T. ) ;
#9620 = AXIS2_PLACEMENT_3D ( 'NONE', #7557, #5800, #9613 ) ;
#9621 = CARTESIAN_POINT ( 'NONE',  ( -8.665797712491988491, -1.926625935097669551, 3.468147503381453944 ) ) ;
#9622 = CARTESIAN_POINT ( 'NONE',  ( -3.690422186055545062, -7.778478875277563986, 3.129114371485063106 ) ) ;
#9623 = ORIENTED_EDGE ( 'NONE', *, *, #38, .F. ) ;
#9624 = DIRECTION ( 'NONE',  ( 0.9009688679023075686, 0.4338837391177895464, 0.000000000000000000 ) ) ;
#9625 = CARTESIAN_POINT ( 'NONE',  ( -3.726420399248811410, -7.853229935211753165, -3.247602129575368313 ) ) ;
#9626 = CARTESIAN_POINT ( 'NONE',  ( -3.790998746200601399, -7.987328254412416229, -3.459673052288552153 ) ) ;
#9627 = CARTESIAN_POINT ( 'NONE',  ( -0.05000000000000001665, -8.896552580035715252, -3.452421434499180375 ) ) ;
#9628 = EDGE_CURVE ( 'NONE', #2681, #6492, #4552, .T. ) ;
#9629 = DIRECTION ( 'NONE',  ( -0.000000000000000000, -0.000000000000000000, 1.000000000000000000 ) ) ;
#9630 = VERTEX_POINT ( 'NONE', #8826 ) ;
#9631 = ORIENTED_EDGE ( 'NONE', *, *, #5485, .T. ) ;
#9632 = CARTESIAN_POINT ( 'NONE',  ( 0.05000000000000001665, -8.896552580035715252, -3.452421434499180375 ) ) ;
#9633 = CARTESIAN_POINT ( 'NONE',  ( -0.05000000000000003747, -8.609381483269881841, -3.129114371485063550 ) ) ;
#9634 = CARTESIAN_POINT ( 'NONE',  ( 3.771531933161342831, 7.716428513517212373, -3.500000000000000000 ) ) ;
#9635 = CARTESIAN_POINT ( 'NONE',  ( 3.694915755622381504, -7.787809868630364285, 3.143904910697431276 ) ) ;
#9636 = DIRECTION ( 'NONE',  ( -0.9009688679024248081, -0.4338837391175463520, 0.000000000000000000 ) ) ;
#9637 = CARTESIAN_POINT ( 'NONE',  ( 0.000000000000000000, 0.000000000000000000, -3.094141646974374105 ) ) ;
#9638 = ORIENTED_EDGE ( 'NONE', *, *, #6647, .F. ) ;
#9639 = CYLINDRICAL_SURFACE ( 'NONE', #9823, 5.378237760728125316 ) ;
#9640 = ORIENTED_EDGE ( 'NONE', *, *, #7872, .F. ) ;
#9641 = PLANE ( 'NONE',  #4124 ) ;
#9642 = DIRECTION ( 'NONE',  ( 0.9749279121818242855, 0.2225209339563114785, 0.000000000000000000 ) ) ;
#9643 = DIRECTION ( 'NONE',  ( -0.000000000000000000, -0.000000000000000000, 1.000000000000000000 ) ) ;
#9644 = ORIENTED_EDGE ( 'NONE', *, *, #9320, .T. ) ;
#9645 = AXIS2_PLACEMENT_3D ( 'NONE', #3108, #9219, #9927 ) ;
#9646 = FACE_BOUND ( 'NONE', #2458, .T. ) ;
#9647 = EDGE_LOOP ( 'NONE', ( #231, #1418, #7605, #4296 ) ) ;
#9648 = PLANE ( 'NONE',  #9331 ) ;
#9649 = EDGE_CURVE ( 'NONE', #3820, #2571, #8843, .T. ) ;
#9650 = CIRCLE ( 'NONE', #33, 8.896693082788692308 ) ;
#9651 = CARTESIAN_POINT ( 'NONE',  ( 0.05000000000000000971, -9.046037105128458933, -3.094141646974374105 ) ) ;
#9652 = B_SPLINE_CURVE_WITH_KNOTS ( 'NONE', 3,
 ( #7395, #6632, #9694, #2827, #5879, #4385, #8947 ),
 .UNSPECIFIED., .F., .F.,
 ( 4, 3, 4 ),
 ( 0.0008460917731560551160, 0.0009002598162382147553, 0.001280034707405371900 ),
 .UNSPECIFIED. ) ;
#9653 = DIRECTION ( 'NONE',  ( -0.000000000000000000, -0.000000000000000000, 1.000000000000000000 ) ) ;
#9654 = EDGE_CURVE ( 'NONE', #6660, #4303, #4524, .T. ) ;
#9655 = ORIENTED_EDGE ( 'NONE', *, *, #8504, .F. ) ;
#9656 = EDGE_CURVE ( 'NONE', #7887, #3592, #434, .T. ) ;
#9657 = SPHERICAL_SURFACE ( 'NONE', #5280, 2.450000000000000622 ) ;
#9658 = CARTESIAN_POINT ( 'NONE',  ( -6.770357110861822569, -5.335227228758467888, 3.143904910697431276 ) ) ;
#9659 = CARTESIAN_POINT ( 'NONE',  ( -3.886687736875785948, -7.955552003869597044, 3.467739038050325018 ) ) ;
#9660 = CARTESIAN_POINT ( 'NONE',  ( -3.905117942076870907, 7.993822719313299352, 3.452421434499180375 ) ) ;
#9661 = CARTESIAN_POINT ( 'NONE',  ( 8.384458441792379091, -1.862412082470922270, 3.099533293948748103 ) ) ;
#9663 = EDGE_CURVE ( 'NONE', #1655, #9616, #5817, .T. ) ;
#9662 = EDGE_LOOP ( 'NONE', ( #6851, #910, #9929, #6262 ) ) ;
#9664 = ORIENTED_EDGE ( 'NONE', *, *, #5135, .F. ) ;
#9665 = EDGE_LOOP ( 'NONE', ( #1836, #7283, #8207, #4051 ) ) ;
#9666 = CARTESIAN_POINT ( 'NONE',  ( 6.900249666593185616, -5.566717886137296567, 3.469915996672630953 ) ) ;
#9667 = AXIS2_PLACEMENT_3D ( 'NONE', #2265, #5329, #8427 ) ;
#9668 = AXIS2_PLACEMENT_3D ( 'NONE', #7441, #9744, #9042 ) ;
#9669 = EDGE_CURVE ( 'NONE', #5268, #4785, #7076, .T. ) ;
#9670 = CARTESIAN_POINT ( 'NONE',  ( 8.662371385772212662, -2.028415584710130837, -3.452421434499180375 ) ) ;
#9671 = CARTESIAN_POINT ( 'NONE',  ( -6.969107329192179456, 5.493725238911729036, -3.469286171371085192 ) ) ;
#9672 = VERTEX_POINT ( 'NONE', #3065 ) ;
#9673 = DIRECTION ( 'NONE',  ( 0.000000000000000000, 0.000000000000000000, -1.000000000000000000 ) ) ;
#9674 = DIRECTION ( 'NONE',  ( -0.000000000000000000, -0.000000000000000000, -1.000000000000000000 ) ) ;
#9675 = CARTESIAN_POINT ( 'NONE',  ( -0.05000000000000001665, 8.896552580035715252, -3.452421434499180375 ) ) ;
#9676 = CARTESIAN_POINT ( 'NONE',  ( 0.05000000000000000971, 9.045898922017695298, -3.193750000000000089 ) ) ;
#9677 = EDGE_CURVE ( 'NONE', #9803, #1391, #4199, .T. ) ;
#9678 = DIRECTION ( 'NONE',  ( -1.000000000000000000, 0.000000000000000000, 0.000000000000000000 ) ) ;
#9679 = ORIENTED_EDGE ( 'NONE', *, *, #6128, .T. ) ;
#9680 = ORIENTED_EDGE ( 'NONE', *, *, #254, .F. ) ;
#9681 = DIRECTION ( 'NONE',  ( 1.000000000000000000, 0.000000000000000000, 0.000000000000000000 ) ) ;
#9682 = DIRECTION ( 'NONE',  ( -0.000000000000000000, -0.000000000000000000, 1.000000000000000000 ) ) ;
#9683 = CARTESIAN_POINT ( 'NONE',  ( 0.000000000000000000, 0.000000000000000000, -3.099533293948747659 ) ) ;
#9684 = CARTESIAN_POINT ( 'NONE',  ( 6.909787269926719766, 5.574323870989429608, -3.468181098941469642 ) ) ;
#9685 = CARTESIAN_POINT ( 'NONE',  ( -8.670907408394935345, 2.030363876171074278, 3.437256629622303716 ) ) ;
#9686 = PLANE ( 'NONE',  #5598 ) ;
#9687 = CARTESIAN_POINT ( 'NONE',  ( 0.000000000000000000, 0.000000000000000000, 3.500000000000000000 ) ) ;
#9688 = ORIENTED_EDGE ( 'NONE', *, *, #5533, .T. ) ;
#9689 = CARTESIAN_POINT ( 'NONE',  ( 0.000000000000000000, 0.000000000000000000, -3.099533293948747659 ) ) ;
#9690 = CARTESIAN_POINT ( 'NONE',  ( 3.681435046371101194, 7.759816887428968357, 3.500000000000000000 ) ) ;
#9691 = CARTESIAN_POINT ( 'NONE',  ( -8.534077790247378559, -1.999133408725416006, 3.351299362948740868 ) ) ;
#9692 = ORIENTED_EDGE ( 'NONE', *, *, #1819, .F. ) ;
#9693 = CARTESIAN_POINT ( 'NONE',  ( -6.821546926897742225, -5.503954545597889769, 3.351299362948741312 ) ) ;
#9694 = CARTESIAN_POINT ( 'NONE',  ( -3.780519072845786699, -7.735090501365808002, -3.129114371485063550 ) ) ;
#9695 = ORIENTED_EDGE ( 'NONE', *, *, #4476, .T. ) ;
#9696 = DIRECTION ( 'NONE',  ( 0.9749279121818226201, -0.2225209339563182509, 0.000000000000000000 ) ) ;
#9697 = ORIENTED_EDGE ( 'NONE', *, *, #2429, .F. ) ;
#9698 = DIRECTION ( 'NONE',  ( 0.000000000000000000, 0.000000000000000000, 1.000000000000000000 ) ) ;
#9699 = CARTESIAN_POINT ( 'NONE',  ( -8.737285000697680104, 1.070008810934259432E-15, 3.500000000000000000 ) ) ;
#9700 = CARTESIAN_POINT ( 'NONE',  ( 0.000000000000000000, 0.000000000000000000, -7.960204194457796463E-16 ) ) ;
#9701 = VERTEX_POINT ( 'NONE', #2343 ) ;
#9702 = CARTESIAN_POINT ( 'NONE',  ( 7.041194074364082844, -5.679117300646379540, 3.094141646974374105 ) ) ;
#9703 = CARTESIAN_POINT ( 'NONE',  ( 0.000000000000000000, 0.000000000000000000, 3.094141646974374105 ) ) ;
#9704 = FACE_OUTER_BOUND ( 'NONE', #7843, .T. ) ;
#9705 = CARTESIAN_POINT ( 'NONE',  ( 3.795166392148641599, 7.995982460396998448, 3.466570807216844852 ) ) ;
#9706 = ADVANCED_FACE ( 'NONE', ( #738 ), #4667, .T. ) ;
#9707 = FACE_OUTER_BOUND ( 'NONE', #6446, .T. ) ;
#9708 = ORIENTED_EDGE ( 'NONE', *, *, #3472, .F. ) ;
#9709 = VERTEX_POINT ( 'NONE', #72 ) ;
#9710 = EDGE_CURVE ( 'NONE', #9617, #2635, #4562, .T. ) ;
#9711 = VERTEX_POINT ( 'NONE', #3909 ) ;
#9712 = CARTESIAN_POINT ( 'NONE',  ( 6.924189967865086892, -5.585809639323464637, 3.452954079042413582 ) ) ;
#9713 = CARTESIAN_POINT ( 'NONE',  ( 8.605626990655299124, 2.015464046816415777, 3.456075294419946431 ) ) ;
#9714 = CARTESIAN_POINT ( 'NONE',  ( -6.984097861549227737, 5.505679789551656711, -3.457544059217933619 ) ) ;
#9715 = ORIENTED_EDGE ( 'NONE', *, *, #8746, .F. ) ;
#9716 = DIRECTION ( 'NONE',  ( -1.000000000000000000, 1.224646799147353207E-16, 0.000000000000000000 ) ) ;
#9717 = CARTESIAN_POINT ( 'NONE',  ( 5.378237760728125316, 0.000000000000000000, 3.500000000000000000 ) ) ;
#9718 = EDGE_CURVE ( 'NONE', #4454, #1785, #7242, .T. ) ;
#9719 = CARTESIAN_POINT ( 'NONE',  ( -0.05000000000000002359, 8.888179882401043841, -3.462472406546387216 ) ) ;
#9720 = ADVANCED_FACE ( 'NONE', ( #6767 ), #1327, .T. ) ;
#9721 = CARTESIAN_POINT ( 'NONE',  ( -6.883481840562392762, -5.553345991088175282, 3.462372291138045455 ) ) ;
#9722 = ORIENTED_EDGE ( 'NONE', *, *, #2128, .T. ) ;
#9723 = VERTEX_POINT ( 'NONE', #6914 ) ;
#9724 = CARTESIAN_POINT ( 'NONE',  ( -6.941273910857283624, 5.471528828468017913, 3.456075294419946431 ) ) ;
#9725 = DIRECTION ( 'NONE',  ( 0.000000000000000000, 0.000000000000000000, 1.000000000000000000 ) ) ;
#9726 = CARTESIAN_POINT ( 'NONE',  ( 0.05000000000000002359, 8.838348897068080134, 3.456075294419946431 ) ) ;
#9727 = ADVANCED_FACE ( 'NONE', ( #6959, #9131 ), #9829, .F. ) ;
#9728 = AXIS2_PLACEMENT_3D ( 'NONE', #9700, #1985, #4285 ) ;
#9729 = AXIS2_PLACEMENT_3D ( 'NONE', #1146, #7258, #375 ) ;
#9730 = LINE ( 'NONE', #7531, #4791 ) ;
#9731 = DIRECTION ( 'NONE',  ( -0.2225209339563050670, 0.9749279121818257288, 0.000000000000000000 ) ) ;
#9732 = FACE_OUTER_BOUND ( 'NONE', #1180, .T. ) ;
#9733 = VECTOR ( 'NONE', #8160, 1000.000000000000000 ) ;
#9734 = CIRCLE ( 'NONE', #1251, 8.896693082788692308 ) ;
#9735 = CARTESIAN_POINT ( 'NONE',  ( -0.05000000000000001665, 8.896552580035715252, 3.452421434499180375 ) ) ;
#9736 = VERTEX_POINT ( 'NONE', #7616 ) ;
#9737 = AXIS2_PLACEMENT_3D ( 'NONE', #6414, #4161, #7217 ) ;
#9738 = CIRCLE ( 'NONE', #2853, 8.837711872106121191 ) ;
#9739 = DIRECTION ( 'NONE',  ( -0.000000000000000000, -0.000000000000000000, 1.000000000000000000 ) ) ;
#9740 = CARTESIAN_POINT ( 'NONE',  ( -0.05000000000000002359, 8.870055045600164334, 3.469713030103804385 ) ) ;
#9741 = CARTESIAN_POINT ( 'NONE',  ( 3.879526546993929070, -7.940681639855288410, 3.454996609771464833 ) ) ;
#9742 = EDGE_CURVE ( 'NONE', #6142, #4690, #3406, .T. ) ;
#9743 = EDGE_LOOP ( 'NONE', ( #1031, #9154, #5331, #3433 ) ) ;
#9744 = DIRECTION ( 'NONE',  ( -0.000000000000000000, -0.000000000000000000, 1.000000000000000000 ) ) ;
#9745 = VECTOR ( 'NONE', #8760, 1000.000000000000000 ) ;
#9746 = AXIS2_PLACEMENT_3D ( 'NONE', #2814, #1314, #6771 ) ;
#9747 = CARTESIAN_POINT ( 'NONE',  ( -5.378237760728125316, 6.586441658729127815E-16, -2.758752104430781227 ) ) ;
#9748 = CIRCLE ( 'NONE', #9433, 9.046037105128460709 ) ;
#9749 = EDGE_CURVE ( 'NONE', #7302, #3614, #3807, .T. ) ;
#9750 = VERTEX_POINT ( 'NONE', #9274 ) ;
#9751 = FACE_OUTER_BOUND ( 'NONE', #9404, .T. ) ;
#9752 = ORIENTED_EDGE ( 'NONE', *, *, #9043, .T. ) ;
#9753 = CARTESIAN_POINT ( 'NONE',  ( 7.005695535894889581, -5.650808160872978547, 3.272391413630715284 ) ) ;
#9754 = CONICAL_SURFACE ( 'NONE', #3831, 9.046037105128458933, 0.5235987755983011471 ) ;
#9755 = CIRCLE ( 'NONE', #9729, 8.588813778810038713 ) ;
#9756 = CARTESIAN_POINT ( 'NONE',  ( 3.812491355094313139, -8.031958116648651114, -3.460240287494900091 ) ) ;
#9757 = DIRECTION ( 'NONE',  ( -0.000000000000000000, -0.000000000000000000, 1.000000000000000000 ) ) ;
#9758 = AXIS2_PLACEMENT_3D ( 'NONE', #512, #3582, #7995 ) ;
#9759 = EDGE_LOOP ( 'NONE', ( #9781, #7459, #1993, #5283 ) ) ;
#9760 = ORIENTED_EDGE ( 'NONE', *, *, #1330, .F. ) ;
#9761 = DIRECTION ( 'NONE',  ( 0.9749279121818257288, 0.2225209339563049837, -0.000000000000000000 ) ) ;
#9762 = CARTESIAN_POINT ( 'NONE',  ( -6.940665282085022092, 5.471043463218431491, -3.454996609771464833 ) ) ;
#9763 = CARTESIAN_POINT ( 'NONE',  ( -3.901485164720638998, 7.986279179404098372, 3.462472406546387216 ) ) ;
#9764 = DIRECTION ( 'NONE',  ( -0.000000000000000000, -0.000000000000000000, -1.000000000000000000 ) ) ;
#9765 = CLOSED_SHELL ( 'NONE', ( #2055, #2749, #8857, #2062, #1758, #1534, #5067, #4036, #961, #4196, #9720, #7319, #5866, #5315, #7590, #3603, #2856, #8700, #5065, #4411, #7823, #6227, #2988, #468 ) ) ;
#9766 = ORIENTED_EDGE ( 'NONE', *, *, #5490, .T. ) ;
#9767 = ORIENTED_EDGE ( 'NONE', *, *, #1402, .T. ) ;
#9768 = AXIS2_PLACEMENT_3D ( 'NONE', #7533, #5277, #6624 ) ;
#9769 = ORIENTED_EDGE ( 'NONE', *, *, #205, .T. ) ;
#9770 = DIRECTION ( 'NONE',  ( -0.000000000000000000, -0.000000000000000000, 1.000000000000000000 ) ) ;
#9771 = AXIS2_PLACEMENT_3D ( 'NONE', #4648, #7701, #825 ) ;
#9772 = DIRECTION ( 'NONE',  ( 0.000000000000000000, 0.000000000000000000, 1.000000000000000000 ) ) ;
#9773 = ORIENTED_EDGE ( 'NONE', *, *, #7997, .F. ) ;
#9774 = CIRCLE ( 'NONE', #8176, 8.588813778810038713 ) ;
#9775 = CARTESIAN_POINT ( 'NONE',  ( -8.830225396548355477, -1.964155480992619385, 3.193750000000000089 ) ) ;
#9776 = CARTESIAN_POINT ( 'NONE',  ( 3.681435046371100750, 7.759816887428968357, 3.099533293948748103 ) ) ;
#9777 = DIRECTION ( 'NONE',  ( -0.6234898018588669322, 0.7818314824679233332, 0.000000000000000000 ) ) ;
#9778 = DIRECTION ( 'NONE',  ( -0.000000000000000000, -0.000000000000000000, 1.000000000000000000 ) ) ;
#9779 = CARTESIAN_POINT ( 'NONE',  ( -6.921748881363471995, -5.583862937798313553, 3.457544059217933619 ) ) ;
#9780 = CIRCLE ( 'NONE', #1129, 9.498018552564230887 ) ;
#9781 = ORIENTED_EDGE ( 'NONE', *, *, #4030, .F. ) ;
#9782 = VERTEX_POINT ( 'NONE', #2401 ) ;
#9783 = DIRECTION ( 'NONE',  ( 0.000000000000000000, 0.000000000000000000, -1.000000000000000000 ) ) ;
#9784 = EDGE_CURVE ( 'NONE', #7746, #5194, #6441, .T. ) ;
#9785 = CARTESIAN_POINT ( 'NONE',  ( -6.940665282085022092, 5.471043463218431491, 3.454996609771464833 ) ) ;
#9786 = CARTESIAN_POINT ( 'NONE',  ( 0.000000000000000000, 0.000000000000000000, -3.454996609771464389 ) ) ;
#9787 = B_SPLINE_CURVE_WITH_KNOTS ( 'NONE', 3,
 ( #8974, #6656, #5960, #2103, #5168, #8222, #9023 ),
 .UNSPECIFIED., .F., .F.,
 ( 4, 3, 4 ),
 ( 0.0008460917731560551160, 0.0009002598162382143216, 0.001280034707405372334 ),
 .UNSPECIFIED. ) ;
#9788 = EDGE_CURVE ( 'NONE', #5024, #515, #3094, .T. ) ;
#9789 = EDGE_CURVE ( 'NONE', #8436, #3214, #2432, .T. ) ;
#9790 = CARTESIAN_POINT ( 'NONE',  ( 0.000000000000000000, 0.000000000000000000, -3.193750000000000533 ) ) ;
#9791 = CARTESIAN_POINT ( 'NONE',  ( 0.000000000000000000, 0.000000000000000000, -3.452421434499180375 ) ) ;
#9792 = CARTESIAN_POINT ( 'NONE',  ( 0.05000000000000002359, 8.887620632346431293, -3.462633071500297088 ) ) ;
#9793 = ADVANCED_FACE ( 'NONE', ( #2199 ), #6765, .T. ) ;
#9794 = DIRECTION ( 'NONE',  ( 0.000000000000000000, 0.000000000000000000, -1.000000000000000000 ) ) ;
#9795 = ORIENTED_EDGE ( 'NONE', *, *, #4283, .T. ) ;
#9796 = FACE_OUTER_BOUND ( 'NONE', #1193, .T. ) ;
#9797 = CARTESIAN_POINT ( 'NONE',  ( 8.927852906338200611, 1.986438323023172581, 3.094141646974374105 ) ) ;
#9798 = CARTESIAN_POINT ( 'NONE',  ( 6.977661160248792349, -5.500546691552289147, -3.464797546056691768 ) ) ;
#9799 = ORIENTED_EDGE ( 'NONE', *, *, #7924, .T. ) ;
#9800 = CARTESIAN_POINT ( 'NONE',  ( -8.830360115119992415, 1.964186229627660873, -3.500000000000000444 ) ) ;
#9801 = CARTESIAN_POINT ( 'NONE',  ( 3.905117942076926418, -7.993822719313271818, -3.452421434499180375 ) ) ;
#9802 = LINE ( 'NONE', #1375, #5752 ) ;
#9803 = VERTEX_POINT ( 'NONE', #5267 ) ;
#9804 = EDGE_CURVE ( 'NONE', #532, #4246, #6815, .T. ) ;
#9805 = CARTESIAN_POINT ( 'NONE',  ( 3.815021055286742069, 8.037211093225000269, -3.452421434499180375 ) ) ;
#9806 = ORIENTED_EDGE ( 'NONE', *, *, #2881, .T. ) ;
#9807 = DATE_AND_TIME ( #6746, #27 ) ;
#9808 = DIRECTION ( 'NONE',  ( 1.000000000000000000, 0.000000000000000000, 0.000000000000000000 ) ) ;
#9809 = DIRECTION ( 'NONE',  ( -0.000000000000000000, -0.000000000000000000, 1.000000000000000000 ) ) ;
#9810 = AXIS2_PLACEMENT_3D ( 'NONE', #6067, #2255, #5409 ) ;
#9811 = VERTEX_POINT ( 'NONE', #8604 ) ;
#9812 = CARTESIAN_POINT ( 'NONE',  ( 0.000000000000000000, 0.000000000000000000, 3.325000000000000622 ) ) ;
#9813 = CARTESIAN_POINT ( 'NONE',  ( -3.902588241884666687, -7.988569742736841839, 3.460240287494900535 ) ) ;
#9814 = CARTESIAN_POINT ( 'NONE',  ( -8.633561457740791312, 1.919268220312113193, 3.462372291138045455 ) ) ;
#9815 = CARTESIAN_POINT ( 'NONE',  ( 3.902588241884612064, 7.988569742736869372, 3.460240287494900535 ) ) ;
#9816 = VERTEX_POINT ( 'NONE', #7000 ) ;
#9817 = CIRCLE ( 'NONE', #5486, 8.896693082788692308 ) ;
#9818 = ORIENTED_EDGE ( 'NONE', *, *, #6427, .T. ) ;
#9819 = ORIENTED_EDGE ( 'NONE', *, *, #9749, .F. ) ;
#9820 = CARTESIAN_POINT ( 'NONE',  ( 6.919872040174228189, -5.582366206894886496, 3.460240287494900535 ) ) ;
#9821 = CARTESIAN_POINT ( 'NONE',  ( 3.757925033893131150, 7.918649983142013404, -3.351299362948742200 ) ) ;
#9822 = VERTEX_POINT ( 'NONE', #6261 ) ;
#9823 = AXIS2_PLACEMENT_3D ( 'NONE', #9687, #3573, #1271 ) ;
#9824 = CARTESIAN_POINT ( 'NONE',  ( 8.384458441792393302, 1.862412082470863872, -3.094141646974374105 ) ) ;
#9825 = CARTESIAN_POINT ( 'NONE',  ( 3.726420399248757676, 7.853229935211777146, 3.247602129575368757 ) ) ;
#9826 = CARTESIAN_POINT ( 'NONE',  ( -3.789946096564236200, -7.985142404919409742, -3.456597352396201472 ) ) ;
#9827 = DIRECTION ( 'NONE',  ( -1.000000000000000000, 0.000000000000000000, 0.000000000000000000 ) ) ;
#9828 = CIRCLE ( 'NONE', #6143, 9.046037105128458933 ) ;
#9829 = PLANE ( 'NONE',  #2935 ) ;
#9830 = ORIENTED_EDGE ( 'NONE', *, *, #4748, .T. ) ;
#9831 = ORIENTED_EDGE ( 'NONE', *, *, #6955, .F. ) ;
#9832 = DIRECTION ( 'NONE',  ( -0.000000000000000000, -0.000000000000000000, 1.000000000000000000 ) ) ;
#9833 = DIRECTION ( 'NONE',  ( 0.7818314824680310249, 0.6234898018587320401, 0.000000000000000000 ) ) ;
#9834 = CARTESIAN_POINT ( 'NONE',  ( 0.000000000000000000, 0.000000000000000000, 3.099533293948747659 ) ) ;
#9835 = CARTESIAN_POINT ( 'NONE',  ( 6.924430402411174690, 5.586001379475661111, -3.452421434499180375 ) ) ;
#9836 = FACE_OUTER_BOUND ( 'NONE', #9480, .T. ) ;
#9837 = CARTESIAN_POINT ( 'NONE',  ( 0.05000000000000002359, 8.865624258063290242, -3.469915996672630953 ) ) ;
#9838 = PRODUCT_DEFINITION ( 'UNKNOWN', '', #7725, #970 ) ;
#9839 = DIRECTION ( 'NONE',  ( -0.000000000000000000, -0.000000000000000000, 1.000000000000000000 ) ) ;
#9840 = EDGE_CURVE ( 'NONE', #317, #2201, #9076, .T. ) ;
#9841 = EDGE_LOOP ( 'NONE', ( #2879, #3082, #6501, #4683, #6383, #6298 ) ) ;
#9842 = DIRECTION ( 'NONE',  ( 1.000000000000000000, 0.000000000000000000, 0.000000000000000000 ) ) ;
#9843 = AXIS2_PLACEMENT_3D ( 'NONE', #5233, #4534, #8289 ) ;
#9844 = CARTESIAN_POINT ( 'NONE',  ( 6.764777536879226005, -5.458682467755187950, 3.247602129575368757 ) ) ;
#9845 = CARTESIAN_POINT ( 'NONE',  ( 8.654208609147927334, 2.026552484212670091, -3.462472406546387216 ) ) ;
#9846 = ORIENTED_EDGE ( 'NONE', *, *, #574, .T. ) ;
#9847 = CARTESIAN_POINT ( 'NONE',  ( 0.000000000000000000, 0.000000000000000000, 3.500000000000000000 ) ) ;
#9848 = DIRECTION ( 'NONE',  ( 1.000000000000000000, 0.000000000000000000, 0.000000000000000000 ) ) ;
#9849 = ORIENTED_EDGE ( 'NONE', *, *, #5973, .F. ) ;
#9850 = CARTESIAN_POINT ( 'NONE',  ( -7.068044516080838946, -5.572625012626080121, 3.272391413630716173 ) ) ;
#9851 = EDGE_CURVE ( 'NONE', #5977, #2022, #2866, .T. ) ;
#9852 = ORIENTED_EDGE ( 'NONE', *, *, #7582, .F. ) ;
#9853 = APPROVAL_STATUS ( 'not_yet_approved' ) ;
#9854 = CARTESIAN_POINT ( 'NONE',  ( -8.627120136385698856, -1.917798030746181048, -3.454996609771464833 ) ) ;
#9855 = CARTESIAN_POINT ( 'NONE',  ( -3.806642800920306602, 8.019813468767457820, 3.468147503381453944 ) ) ;
#9856 = VERTEX_POINT ( 'NONE', #1795 ) ;
#9857 = ADVANCED_FACE ( 'NONE', ( #6453 ), #8043, .F. ) ;
#9858 = ORIENTED_EDGE ( 'NONE', *, *, #2313, .F. ) ;
#9859 = EDGE_CURVE ( 'NONE', #6211, #9503, #9325, .T. ) ;
#9860 = CARTESIAN_POINT ( 'NONE',  ( -3.910816273206050742, 8.005655425827795213, 3.429674227117770702 ) ) ;
#9861 = CARTESIAN_POINT ( 'NONE',  ( -8.681279677114360993, 1.930159592493648324, 3.457544059217933619 ) ) ;
#9862 = CARTESIAN_POINT ( 'NONE',  ( 3.889999191883962038, 7.962428311048002527, 3.469846945119945847 ) ) ;
#9863 = ORIENTED_EDGE ( 'NONE', *, *, #6784, .T. ) ;
#9864 = B_SPLINE_CURVE_WITH_KNOTS ( 'NONE', 3,
 ( #7439, #6629, #5185, #2120, #6674, #9039, #5875, #2220, #2165, #2884, #8942, #8237, #9888, #2270, #1480, #6025, #9798, #506, #5230, #1372, #3577, #2074 ),
 .UNSPECIFIED., .F., .F.,
 ( 4, 3, 3, 3, 3, 3, 3, 4 ),
 ( 0.0002168574548798319766, 0.0002188290334246872004, 0.0002305812013871268303, 0.0002423333607551987298, 0.0002540856419916182095, 0.0002658380091482377347, 0.0002775903405257889125, 0.0002867718163053216331 ),
 .UNSPECIFIED. ) ;
#9865 = VERTEX_POINT ( 'NONE', #932 ) ;
#9866 = DIRECTION ( 'NONE',  ( 1.000000000000000000, 0.000000000000000000, 0.000000000000000000 ) ) ;
#9867 = LINE ( 'NONE', #6252, #9418 ) ;
#9868 = ORIENTED_EDGE ( 'NONE', *, *, #15, .T. ) ;
#9869 = EDGE_CURVE ( 'NONE', #8505, #6890, #1779, .T. ) ;
#9870 = CARTESIAN_POINT ( 'NONE',  ( 3.799902305093663557, -8.005816684959784268, 3.469846945119945847 ) ) ;
#9871 = CARTESIAN_POINT ( 'NONE',  ( 8.681602063913597789, 1.930233175176680582, 3.457279025203407574 ) ) ;
#9872 = CARTESIAN_POINT ( 'NONE',  ( 0.000000000000000000, 0.000000000000000000, -3.193750000000000533 ) ) ;
#9873 = DIRECTION ( 'NONE',  ( -0.000000000000000000, -0.000000000000000000, 1.000000000000000000 ) ) ;
#9874 = CARTESIAN_POINT ( 'NONE',  ( 7.119485258517226356, -5.741552436592602504, -3.094141646974374105 ) ) ;
#9875 = EDGE_LOOP ( 'NONE', ( #1810, #3749, #4865, #4551 ) ) ;
#9876 = FACE_OUTER_BOUND ( 'NONE', #2517, .T. ) ;
#9877 = CARTESIAN_POINT ( 'NONE',  ( 0.05000000000000002359, -8.888179882401043841, -3.462472406546387216 ) ) ;
#9878 = DIRECTION ( 'NONE',  ( -0.000000000000000000, -0.000000000000000000, 1.000000000000000000 ) ) ;
#9879 = CARTESIAN_POINT ( 'NONE',  ( 6.903713795781677653, 5.569480436980693838, -3.469713030103804385 ) ) ;
#9880 = CARTESIAN_POINT ( 'NONE',  ( -8.651073151173644504, 1.923265150063682816, -3.469900311146004501 ) ) ;
#9881 = CARTESIAN_POINT ( 'NONE',  ( 8.807973303152710542, 2.061648272210859556, 3.500000000000000000 ) ) ;
#9882 = LINE ( 'NONE', #3959, #3901 ) ;
#9883 = ORIENTED_EDGE ( 'NONE', *, *, #4993, .T. ) ;
#9884 = VECTOR ( 'NONE', #8886, 1000.000000000000000 ) ;
#9885 = CARTESIAN_POINT ( 'NONE',  ( -8.625100849056956065, -2.019908827917732630, -3.469014143938407457 ) ) ;
#9886 = CIRCLE ( 'NONE', #6844, 8.837711872106121191 ) ;
#9887 = CARTESIAN_POINT ( 'NONE',  ( 0.000000000000000000, 0.000000000000000000, 3.094141646974374105 ) ) ;
#9888 = CARTESIAN_POINT ( 'NONE',  ( 6.966062775967514220, -5.491297288733937521, -3.469713030103804385 ) ) ;
#9889 = ORIENTED_EDGE ( 'NONE', *, *, #7926, .F. ) ;
#9890 = CARTESIAN_POINT ( 'NONE',  ( 0.000000000000000000, 0.000000000000000000, 3.452421434499180375 ) ) ;
#9891 = CARTESIAN_POINT ( 'NONE',  ( -0.05000000000000002359, 8.837570431649497849, -3.454996609771464833 ) ) ;
#9892 = EDGE_CURVE ( 'NONE', #9230, #3789, #1286, .T. ) ;
#9893 = AXIS2_PLACEMENT_3D ( 'NONE', #7475, #3723, #2968 ) ;
#9894 = AXIS2_PLACEMENT_3D ( 'NONE', #698, #5223, #5130 ) ;
#9895 = ORIENTED_EDGE ( 'NONE', *, *, #2799, .F. ) ;
#9896 = CARTESIAN_POINT ( 'NONE',  ( -6.683716731970441138, 5.394038632959125223, -3.500000000000000000 ) ) ;
#9897 = AXIS2_PLACEMENT_3D ( 'NONE', #3359, #5552, #8070 ) ;
#9898 = ORIENTED_EDGE ( 'NONE', *, *, #8988, .F. ) ;
#9899 = FACE_OUTER_BOUND ( 'NONE', #3227, .T. ) ;
#9900 = CARTESIAN_POINT ( 'NONE',  ( -3.814748050727580608, 8.036644193416828230, 3.453478796700601539 ) ) ;
#9901 = ADVANCED_FACE ( 'NONE', ( #1434 ), #673, .T. ) ;
#9902 = AXIS2_PLACEMENT_3D ( 'NONE', #21, #6950, #3940 ) ;
#9903 = ORIENTED_EDGE ( 'NONE', *, *, #9183, .T. ) ;
#9904 = CIRCLE ( 'NONE', #2350, 2.450000000000000622 ) ;
#9905 = DIRECTION ( 'NONE',  ( 0.000000000000000000, 0.000000000000000000, 1.000000000000000000 ) ) ;
#9906 = EDGE_CURVE ( 'NONE', #8287, #3799, #5943, .T. ) ;
#9907 = VECTOR ( 'NONE', #9185, 1000.000000000000000 ) ;
#9908 = ADVANCED_FACE ( 'NONE', ( #7401 ), #510, .T. ) ;
#9909 = CARTESIAN_POINT ( 'NONE',  ( -6.878614483356360942, 5.549464403242418520, -3.455541280135825843 ) ) ;
#9910 = CARTESIAN_POINT ( 'NONE',  ( -8.643632771701655670, 1.921566932002215067, 3.468127985775450117 ) ) ;
#9911 = EDGE_LOOP ( 'NONE', ( #5550, #16, #374, #3 ) ) ;
#9912 = CIRCLE ( 'NONE', #7014, 8.588813778810036936 ) ;
#9913 = CONICAL_SURFACE ( 'NONE', #7647, 8.380768779485729070, 0.5235987755983008141 ) ;
#9914 = EDGE_CURVE ( 'NONE', #4819, #350, #2124, .T. ) ;
#9915 = AXIS2_PLACEMENT_3D ( 'NONE', #321, #5799, #2900 ) ;
#9916 = ORIENTED_EDGE ( 'NONE', *, *, #71, .T. ) ;
#9917 = CARTESIAN_POINT ( 'NONE',  ( -0.05000000000000001665, 8.896552580035715252, -3.452421434499180375 ) ) ;
#9918 = CARTESIAN_POINT ( 'NONE',  ( 8.905600812942555677, -2.083931114241416971, -3.500000000000000444 ) ) ;
#9919 = FACE_OUTER_BOUND ( 'NONE', #6478, .T. ) ;
#9920 = ORIENTED_EDGE ( 'NONE', *, *, #3721, .T. ) ;
#9921 = CARTESIAN_POINT ( 'NONE',  ( -3.771531933161395678, -7.716428513517186616, -3.094141646974374105 ) ) ;
#9922 = CARTESIAN_POINT ( 'NONE',  ( -6.959536336106070920, -5.486092626620142632, -3.469846945119945847 ) ) ;
#9923 = CARTESIAN_POINT ( 'NONE',  ( -8.609196891592752365, 2.016278853409731120, 3.460296783607140103 ) ) ;
#9924 = CARTESIAN_POINT ( 'NONE',  ( 6.915022174933617372, -5.578498568425834137, -3.465025888964337497 ) ) ;
#9925 = AXIS2_PLACEMENT_3D ( 'NONE', #2045, #1398, #7518 ) ;
#9926 = EDGE_CURVE ( 'NONE', #7596, #9736, #6130, .T. ) ;
#9927 = DIRECTION ( 'NONE',  ( -1.000000000000000000, 0.000000000000000000, 0.000000000000000000 ) ) ;
#9928 = AXIS2_PLACEMENT_3D ( 'NONE', #9918, #6949, #63 ) ;
#9929 = ORIENTED_EDGE ( 'NONE', *, *, #5671, .T. ) ;
#9930 = PLANE ( 'NONE',  #8927 ) ;
#9931 = DIRECTION ( 'NONE',  ( 1.000000000000000000, 0.000000000000000000, 0.000000000000000000 ) ) ;
#9932 = VECTOR ( 'NONE', #4951, 1000.000000000000000 ) ;
#9933 = DIRECTION ( 'NONE',  ( -0.000000000000000000, -0.000000000000000000, 1.000000000000000000 ) ) ;
#9934 = CARTESIAN_POINT ( 'NONE',  ( -0.05000000000000001665, -8.909685893445361771, -3.429674227117769814 ) ) ;
#9935 = FACE_OUTER_BOUND ( 'NONE', #4624, .T. ) ;
#9936 = CONICAL_SURFACE ( 'NONE', #5601, 8.737285000697680104, 0.5235987755983008141 ) ;
#9937 = CIRCLE ( 'NONE', #5604, 9.046037105128458933 ) ;
#9938 = LINE ( 'NONE', #9229, #4863 ) ;
#9939 = ORIENTED_EDGE ( 'NONE', *, *, #9106, .T. ) ;
#9940 = ORIENTED_EDGE ( 'NONE', *, *, #81, .T. ) ;
#9941 = FACE_OUTER_BOUND ( 'NONE', #5544, .T. ) ;
ENDSEC;
END-ISO-10303-21;
