ISO-10303-21;
HEADER;
/* Generated by software containing ST-Developer
 * from STEP Tools, Inc. (www.steptools.com) 
 */

FILE_DESCRIPTION(
/* description */ (''),
/* implementation_level */ '2;1');

FILE_NAME(
/* name */ '8ff60984-04bc-4853-bbeb-53f193eb9bca.stp',
/* time_stamp */ '2026-03-10T20:14:18Z',
/* author */ (''),
/* organization */ (''),
/* preprocessor_version */ 'ST-DEVELOPER v20.1',
/* originating_system */ 'Autodesk Translation Framework v14.24.0.0',
/* authorisation */ '');

FILE_SCHEMA (('AUTOMOTIVE_DESIGN { 1 0 10303 214 3 1 1 }'));
ENDSEC;

DATA;
#10=MECHANICAL_DESIGN_GEOMETRIC_PRESENTATION_REPRESENTATION('',(#118,#119,
#120,#121,#122,#123,#124,#125,#126,#127,#128,#129,#130,#131,#132,#133,#134,
#135,#136),#5876);
#11=SHAPE_REPRESENTATION_RELATIONSHIP('SRR','None',#5942,#21);
#12=SHAPE_REPRESENTATION_RELATIONSHIP('SRR','None',#5947,#22);
#13=SHAPE_REPRESENTATION_RELATIONSHIP('SRR','None',#5949,#23);
#14=SHAPE_REPRESENTATION_RELATIONSHIP('SRR','None',#5952,#24);
#15=SHAPE_REPRESENTATION_RELATIONSHIP('SRR','None',#5954,#25);
#16=SHAPE_REPRESENTATION_RELATIONSHIP('SRR','None',#5955,#26);
#17=SHAPE_REPRESENTATION_RELATIONSHIP('SRR','None',#5956,#27);
#18=SHAPE_REPRESENTATION_RELATIONSHIP('SRR','None',#5957,#28);
#19=SHAPE_REPRESENTATION_RELATIONSHIP('SRR','None',#5958,#29);
#20=SHAPE_REPRESENTATION_RELATIONSHIP('SRR','None',#5959,#30);
#21=ADVANCED_BREP_SHAPE_REPRESENTATION('',(#107),#5858);
#22=ADVANCED_BREP_SHAPE_REPRESENTATION('',(#108),#5863);
#23=ADVANCED_BREP_SHAPE_REPRESENTATION('',(#109),#5865);
#24=ADVANCED_BREP_SHAPE_REPRESENTATION('',(#110),#5868);
#25=ADVANCED_BREP_SHAPE_REPRESENTATION('',(#111),#5870);
#26=ADVANCED_BREP_SHAPE_REPRESENTATION('',(#112),#5871);
#27=ADVANCED_BREP_SHAPE_REPRESENTATION('',(#113),#5872);
#28=ADVANCED_BREP_SHAPE_REPRESENTATION('',(#114,#115),#5873);
#29=ADVANCED_BREP_SHAPE_REPRESENTATION('',(#116),#5874);
#30=ADVANCED_BREP_SHAPE_REPRESENTATION('',(#117),#5875);
#31=ITEM_DEFINED_TRANSFORMATION($,$,#3598,#3694);
#32=ITEM_DEFINED_TRANSFORMATION($,$,#3597,#3696);
#33=ITEM_DEFINED_TRANSFORMATION($,$,#3695,#3697);
#34=ITEM_DEFINED_TRANSFORMATION($,$,#3699,#3746);
#35=ITEM_DEFINED_TRANSFORMATION($,$,#3700,#3747);
#36=ITEM_DEFINED_TRANSFORMATION($,$,#3749,#3769);
#37=ITEM_DEFINED_TRANSFORMATION($,$,#3768,#3770);
#38=ITEM_DEFINED_TRANSFORMATION($,$,#3772,#3784);
#39=ITEM_DEFINED_TRANSFORMATION($,$,#3783,#3785);
#40=ITEM_DEFINED_TRANSFORMATION($,$,#3596,#3863);
#41=ITEM_DEFINED_TRANSFORMATION($,$,#3698,#3864);
#42=ITEM_DEFINED_TRANSFORMATION($,$,#3748,#3865);
#43=ITEM_DEFINED_TRANSFORMATION($,$,#3771,#3866);
#44=ITEM_DEFINED_TRANSFORMATION($,$,#3786,#3867);
#45=ITEM_DEFINED_TRANSFORMATION($,$,#3797,#3868);
#46=ITEM_DEFINED_TRANSFORMATION($,$,#3807,#3869);
#47=ITEM_DEFINED_TRANSFORMATION($,$,#3820,#3870);
#48=ITEM_DEFINED_TRANSFORMATION($,$,#3841,#3871);
#49=ITEM_DEFINED_TRANSFORMATION($,$,#3852,#3872);
#50=(
REPRESENTATION_RELATIONSHIP($,$,#5943,#5942)
REPRESENTATION_RELATIONSHIP_WITH_TRANSFORMATION(#31)
SHAPE_REPRESENTATION_RELATIONSHIP()
);
#51=(
REPRESENTATION_RELATIONSHIP($,$,#5942,#5941)
REPRESENTATION_RELATIONSHIP_WITH_TRANSFORMATION(#32)
SHAPE_REPRESENTATION_RELATIONSHIP()
);
#52=(
REPRESENTATION_RELATIONSHIP($,$,#5944,#5941)
REPRESENTATION_RELATIONSHIP_WITH_TRANSFORMATION(#33)
SHAPE_REPRESENTATION_RELATIONSHIP()
);
#53=(
REPRESENTATION_RELATIONSHIP($,$,#5946,#5945)
REPRESENTATION_RELATIONSHIP_WITH_TRANSFORMATION(#34)
SHAPE_REPRESENTATION_RELATIONSHIP()
);
#54=(
REPRESENTATION_RELATIONSHIP($,$,#5947,#5945)
REPRESENTATION_RELATIONSHIP_WITH_TRANSFORMATION(#35)
SHAPE_REPRESENTATION_RELATIONSHIP()
);
#55=(
REPRESENTATION_RELATIONSHIP($,$,#5949,#5948)
REPRESENTATION_RELATIONSHIP_WITH_TRANSFORMATION(#36)
SHAPE_REPRESENTATION_RELATIONSHIP()
);
#56=(
REPRESENTATION_RELATIONSHIP($,$,#5950,#5948)
REPRESENTATION_RELATIONSHIP_WITH_TRANSFORMATION(#37)
SHAPE_REPRESENTATION_RELATIONSHIP()
);
#57=(
REPRESENTATION_RELATIONSHIP($,$,#5952,#5951)
REPRESENTATION_RELATIONSHIP_WITH_TRANSFORMATION(#38)
SHAPE_REPRESENTATION_RELATIONSHIP()
);
#58=(
REPRESENTATION_RELATIONSHIP($,$,#5953,#5951)
REPRESENTATION_RELATIONSHIP_WITH_TRANSFORMATION(#39)
SHAPE_REPRESENTATION_RELATIONSHIP()
);
#59=(
REPRESENTATION_RELATIONSHIP($,$,#5941,#5940)
REPRESENTATION_RELATIONSHIP_WITH_TRANSFORMATION(#40)
SHAPE_REPRESENTATION_RELATIONSHIP()
);
#60=(
REPRESENTATION_RELATIONSHIP($,$,#5945,#5940)
REPRESENTATION_RELATIONSHIP_WITH_TRANSFORMATION(#41)
SHAPE_REPRESENTATION_RELATIONSHIP()
);
#61=(
REPRESENTATION_RELATIONSHIP($,$,#5948,#5940)
REPRESENTATION_RELATIONSHIP_WITH_TRANSFORMATION(#42)
SHAPE_REPRESENTATION_RELATIONSHIP()
);
#62=(
REPRESENTATION_RELATIONSHIP($,$,#5951,#5940)
REPRESENTATION_RELATIONSHIP_WITH_TRANSFORMATION(#43)
SHAPE_REPRESENTATION_RELATIONSHIP()
);
#63=(
REPRESENTATION_RELATIONSHIP($,$,#5954,#5940)
REPRESENTATION_RELATIONSHIP_WITH_TRANSFORMATION(#44)
SHAPE_REPRESENTATION_RELATIONSHIP()
);
#64=(
REPRESENTATION_RELATIONSHIP($,$,#5955,#5940)
REPRESENTATION_RELATIONSHIP_WITH_TRANSFORMATION(#45)
SHAPE_REPRESENTATION_RELATIONSHIP()
);
#65=(
REPRESENTATION_RELATIONSHIP($,$,#5956,#5940)
REPRESENTATION_RELATIONSHIP_WITH_TRANSFORMATION(#46)
SHAPE_REPRESENTATION_RELATIONSHIP()
);
#66=(
REPRESENTATION_RELATIONSHIP($,$,#5957,#5940)
REPRESENTATION_RELATIONSHIP_WITH_TRANSFORMATION(#47)
SHAPE_REPRESENTATION_RELATIONSHIP()
);
#67=(
REPRESENTATION_RELATIONSHIP($,$,#5958,#5940)
REPRESENTATION_RELATIONSHIP_WITH_TRANSFORMATION(#48)
SHAPE_REPRESENTATION_RELATIONSHIP()
);
#68=(
REPRESENTATION_RELATIONSHIP($,$,#5959,#5940)
REPRESENTATION_RELATIONSHIP_WITH_TRANSFORMATION(#49)
SHAPE_REPRESENTATION_RELATIONSHIP()
);
#69=CONTEXT_DEPENDENT_SHAPE_REPRESENTATION(#50,#5905);
#70=CONTEXT_DEPENDENT_SHAPE_REPRESENTATION(#51,#5907);
#71=CONTEXT_DEPENDENT_SHAPE_REPRESENTATION(#52,#5908);
#72=CONTEXT_DEPENDENT_SHAPE_REPRESENTATION(#53,#5912);
#73=CONTEXT_DEPENDENT_SHAPE_REPRESENTATION(#54,#5913);
#74=CONTEXT_DEPENDENT_SHAPE_REPRESENTATION(#55,#5917);
#75=CONTEXT_DEPENDENT_SHAPE_REPRESENTATION(#56,#5918);
#76=CONTEXT_DEPENDENT_SHAPE_REPRESENTATION(#57,#5922);
#77=CONTEXT_DEPENDENT_SHAPE_REPRESENTATION(#58,#5923);
#78=CONTEXT_DEPENDENT_SHAPE_REPRESENTATION(#59,#5930);
#79=CONTEXT_DEPENDENT_SHAPE_REPRESENTATION(#60,#5931);
#80=CONTEXT_DEPENDENT_SHAPE_REPRESENTATION(#61,#5932);
#81=CONTEXT_DEPENDENT_SHAPE_REPRESENTATION(#62,#5933);
#82=CONTEXT_DEPENDENT_SHAPE_REPRESENTATION(#63,#5934);
#83=CONTEXT_DEPENDENT_SHAPE_REPRESENTATION(#64,#5935);
#84=CONTEXT_DEPENDENT_SHAPE_REPRESENTATION(#65,#5936);
#85=CONTEXT_DEPENDENT_SHAPE_REPRESENTATION(#66,#5937);
#86=CONTEXT_DEPENDENT_SHAPE_REPRESENTATION(#67,#5938);
#87=CONTEXT_DEPENDENT_SHAPE_REPRESENTATION(#68,#5939);
#88=NEXT_ASSEMBLY_USAGE_OCCURRENCE('Component19:1','Component19:1',
'Component19:1',#5963,#5964,'Component19:1');
#89=NEXT_ASSEMBLY_USAGE_OCCURRENCE('Component16:1','Component16:1',
'Component16:1',#5962,#5963,'Component16:1');
#90=NEXT_ASSEMBLY_USAGE_OCCURRENCE('Component15:1','Component15:1',
'Component15:1',#5962,#5965,'Component15:1');
#91=NEXT_ASSEMBLY_USAGE_OCCURRENCE('Component12:1','Component12:1',
'Component12:1',#5966,#5967,'Component12:1');
#92=NEXT_ASSEMBLY_USAGE_OCCURRENCE('Component11:1','Component11:1',
'Component11:1',#5966,#5968,'Component11:1');
#93=NEXT_ASSEMBLY_USAGE_OCCURRENCE('Component18:1','Component18:1',
'Component18:1',#5969,#5970,'Component18:1');
#94=NEXT_ASSEMBLY_USAGE_OCCURRENCE('Component17:1','Component17:1',
'Component17:1',#5969,#5971,'Component17:1');
#95=NEXT_ASSEMBLY_USAGE_OCCURRENCE('Component14:1','Component14:1',
'Component14:1',#5972,#5973,'Component14:1');
#96=NEXT_ASSEMBLY_USAGE_OCCURRENCE('Component13:1','Component13:1',
'Component13:1',#5972,#5974,'Component13:1');
#97=NEXT_ASSEMBLY_USAGE_OCCURRENCE('Component2:1','Component2:1',
'Component2:1',#5961,#5962,'Component2:1');
#98=NEXT_ASSEMBLY_USAGE_OCCURRENCE('Component1:1','Component1:1',
'Component1:1',#5961,#5966,'Component1:1');
#99=NEXT_ASSEMBLY_USAGE_OCCURRENCE('Component3:1','Component3:1',
'Component3:1',#5961,#5969,'Component3:1');
#100=NEXT_ASSEMBLY_USAGE_OCCURRENCE('Component4:1','Component4:1',
'Component4:1',#5961,#5972,'Component4:1');
#101=NEXT_ASSEMBLY_USAGE_OCCURRENCE('Component5:1','Component5:1',
'Component5:1',#5961,#5975,'Component5:1');
#102=NEXT_ASSEMBLY_USAGE_OCCURRENCE('Component6:1','Component6:1',
'Component6:1',#5961,#5976,'Component6:1');
#103=NEXT_ASSEMBLY_USAGE_OCCURRENCE('Component7:1','Component7:1',
'Component7:1',#5961,#5977,'Component7:1');
#104=NEXT_ASSEMBLY_USAGE_OCCURRENCE('Component8:1','Component8:1',
'Component8:1',#5961,#5978,'Component8:1');
#105=NEXT_ASSEMBLY_USAGE_OCCURRENCE('Component9:1','Component9:1',
'Component9:1',#5961,#5979,'Component9:1');
#106=NEXT_ASSEMBLY_USAGE_OCCURRENCE('Component10:1','Component10:1',
'Component10:1',#5961,#5980,'Component10:1');
#107=MANIFOLD_SOLID_BREP('Body1',#3429);
#108=MANIFOLD_SOLID_BREP('Body1',#3430);
#109=MANIFOLD_SOLID_BREP('Body1',#3431);
#110=MANIFOLD_SOLID_BREP('Body1',#3432);
#111=MANIFOLD_SOLID_BREP('Body1',#3433);
#112=MANIFOLD_SOLID_BREP('Body1',#3434);
#113=MANIFOLD_SOLID_BREP('Body1',#3435);
#114=MANIFOLD_SOLID_BREP('Body1',#3436);
#115=MANIFOLD_SOLID_BREP('Body2',#3437);
#116=MANIFOLD_SOLID_BREP('Body1',#3438);
#117=MANIFOLD_SOLID_BREP('Body1',#3439);
#118=STYLED_ITEM('',(#6046),#3275);
#119=STYLED_ITEM('',(#6046),#3279);
#120=STYLED_ITEM('',(#6047),#3283);
#121=STYLED_ITEM('',(#6045),#107);
#122=STYLED_ITEM('',(#6048),#3314);
#123=STYLED_ITEM('',(#6045),#3328);
#124=STYLED_ITEM('',(#6046),#3331);
#125=STYLED_ITEM('',(#6045),#3335);
#126=STYLED_ITEM('',(#6045),#3336);
#127=STYLED_ITEM('',(#6045),#108);
#128=STYLED_ITEM('',(#6046),#109);
#129=STYLED_ITEM('',(#6046),#110);
#130=STYLED_ITEM('',(#6048),#111);
#131=STYLED_ITEM('',(#6048),#112);
#132=STYLED_ITEM('',(#6044),#113);
#133=STYLED_ITEM('',(#6046),#114);
#134=STYLED_ITEM('',(#6046),#115);
#135=STYLED_ITEM('',(#6046),#116);
#136=STYLED_ITEM('',(#6046),#117);
#137=FACE_BOUND('',#495,.T.);
#138=FACE_BOUND('',#506,.T.);
#139=FACE_BOUND('',#521,.T.);
#140=FACE_BOUND('',#540,.T.);
#141=FACE_BOUND('',#548,.T.);
#142=FACE_BOUND('',#549,.T.);
#143=FACE_BOUND('',#550,.T.);
#144=FACE_BOUND('',#558,.T.);
#145=FACE_BOUND('',#603,.T.);
#146=FACE_BOUND('',#606,.T.);
#147=FACE_BOUND('',#614,.T.);
#148=FACE_BOUND('',#626,.T.);
#149=FACE_BOUND('',#628,.T.);
#150=FACE_BOUND('',#640,.T.);
#151=FACE_BOUND('',#642,.T.);
#152=FACE_BOUND('',#652,.T.);
#153=FACE_BOUND('',#654,.T.);
#154=FACE_BOUND('',#664,.T.);
#155=FACE_BOUND('',#666,.T.);
#156=FACE_BOUND('',#668,.T.);
#157=FACE_BOUND('',#678,.T.);
#158=FACE_BOUND('',#680,.T.);
#159=FACE_BOUND('',#690,.T.);
#160=PLANE('',#3602);
#161=PLANE('',#3607);
#162=PLANE('',#3608);
#163=PLANE('',#3611);
#164=PLANE('',#3617);
#165=PLANE('',#3623);
#166=PLANE('',#3627);
#167=PLANE('',#3633);
#168=PLANE('',#3636);
#169=PLANE('',#3638);
#170=PLANE('',#3641);
#171=PLANE('',#3645);
#172=PLANE('',#3649);
#173=PLANE('',#3652);
#174=PLANE('',#3653);
#175=PLANE('',#3654);
#176=PLANE('',#3655);
#177=PLANE('',#3656);
#178=PLANE('',#3657);
#179=PLANE('',#3658);
#180=PLANE('',#3659);
#181=PLANE('',#3660);
#182=PLANE('',#3661);
#183=PLANE('',#3662);
#184=PLANE('',#3663);
#185=PLANE('',#3664);
#186=PLANE('',#3665);
#187=PLANE('',#3666);
#188=PLANE('',#3667);
#189=PLANE('',#3673);
#190=PLANE('',#3677);
#191=PLANE('',#3678);
#192=PLANE('',#3681);
#193=PLANE('',#3687);
#194=PLANE('',#3690);
#195=PLANE('',#3693);
#196=PLANE('',#3701);
#197=PLANE('',#3702);
#198=PLANE('',#3703);
#199=PLANE('',#3704);
#200=PLANE('',#3705);
#201=PLANE('',#3706);
#202=PLANE('',#3707);
#203=PLANE('',#3712);
#204=PLANE('',#3713);
#205=PLANE('',#3714);
#206=PLANE('',#3715);
#207=PLANE('',#3720);
#208=PLANE('',#3721);
#209=PLANE('',#3722);
#210=PLANE('',#3723);
#211=PLANE('',#3724);
#212=PLANE('',#3725);
#213=PLANE('',#3726);
#214=PLANE('',#3727);
#215=PLANE('',#3728);
#216=PLANE('',#3729);
#217=PLANE('',#3730);
#218=PLANE('',#3731);
#219=PLANE('',#3732);
#220=PLANE('',#3733);
#221=PLANE('',#3734);
#222=PLANE('',#3735);
#223=PLANE('',#3736);
#224=PLANE('',#3737);
#225=PLANE('',#3738);
#226=PLANE('',#3739);
#227=PLANE('',#3742);
#228=PLANE('',#3744);
#229=PLANE('',#3753);
#230=PLANE('',#3757);
#231=PLANE('',#3760);
#232=PLANE('',#3763);
#233=PLANE('',#3766);
#234=PLANE('',#3767);
#235=PLANE('',#3773);
#236=PLANE('',#3774);
#237=PLANE('',#3775);
#238=PLANE('',#3776);
#239=PLANE('',#3777);
#240=PLANE('',#3778);
#241=PLANE('',#3779);
#242=PLANE('',#3780);
#243=PLANE('',#3781);
#244=PLANE('',#3782);
#245=PLANE('',#3790);
#246=PLANE('',#3791);
#247=PLANE('',#3792);
#248=PLANE('',#3793);
#249=PLANE('',#3794);
#250=PLANE('',#3795);
#251=PLANE('',#3796);
#252=PLANE('',#3801);
#253=PLANE('',#3802);
#254=PLANE('',#3803);
#255=PLANE('',#3804);
#256=PLANE('',#3805);
#257=PLANE('',#3806);
#258=PLANE('',#3808);
#259=PLANE('',#3809);
#260=PLANE('',#3810);
#261=PLANE('',#3811);
#262=PLANE('',#3812);
#263=PLANE('',#3813);
#264=PLANE('',#3814);
#265=PLANE('',#3815);
#266=PLANE('',#3816);
#267=PLANE('',#3817);
#268=PLANE('',#3818);
#269=PLANE('',#3819);
#270=PLANE('',#3821);
#271=PLANE('',#3822);
#272=PLANE('',#3823);
#273=PLANE('',#3824);
#274=PLANE('',#3825);
#275=PLANE('',#3826);
#276=PLANE('',#3827);
#277=PLANE('',#3828);
#278=PLANE('',#3829);
#279=PLANE('',#3830);
#280=PLANE('',#3831);
#281=PLANE('',#3832);
#282=PLANE('',#3833);
#283=PLANE('',#3834);
#284=PLANE('',#3835);
#285=PLANE('',#3836);
#286=PLANE('',#3837);
#287=PLANE('',#3838);
#288=PLANE('',#3839);
#289=PLANE('',#3840);
#290=PLANE('',#3842);
#291=PLANE('',#3843);
#292=PLANE('',#3844);
#293=PLANE('',#3845);
#294=PLANE('',#3846);
#295=PLANE('',#3847);
#296=PLANE('',#3848);
#297=PLANE('',#3849);
#298=PLANE('',#3850);
#299=PLANE('',#3851);
#300=PLANE('',#3853);
#301=PLANE('',#3854);
#302=PLANE('',#3855);
#303=PLANE('',#3856);
#304=PLANE('',#3857);
#305=PLANE('',#3858);
#306=PLANE('',#3859);
#307=PLANE('',#3860);
#308=PLANE('',#3861);
#309=PLANE('',#3862);
#310=FACE_OUTER_BOUND('',#489,.T.);
#311=FACE_OUTER_BOUND('',#490,.T.);
#312=FACE_OUTER_BOUND('',#491,.T.);
#313=FACE_OUTER_BOUND('',#492,.T.);
#314=FACE_OUTER_BOUND('',#493,.T.);
#315=FACE_OUTER_BOUND('',#494,.T.);
#316=FACE_OUTER_BOUND('',#496,.T.);
#317=FACE_OUTER_BOUND('',#497,.T.);
#318=FACE_OUTER_BOUND('',#498,.T.);
#319=FACE_OUTER_BOUND('',#499,.T.);
#320=FACE_OUTER_BOUND('',#500,.T.);
#321=FACE_OUTER_BOUND('',#501,.T.);
#322=FACE_OUTER_BOUND('',#502,.T.);
#323=FACE_OUTER_BOUND('',#503,.T.);
#324=FACE_OUTER_BOUND('',#504,.T.);
#325=FACE_OUTER_BOUND('',#505,.T.);
#326=FACE_OUTER_BOUND('',#507,.T.);
#327=FACE_OUTER_BOUND('',#508,.T.);
#328=FACE_OUTER_BOUND('',#509,.T.);
#329=FACE_OUTER_BOUND('',#510,.T.);
#330=FACE_OUTER_BOUND('',#511,.T.);
#331=FACE_OUTER_BOUND('',#512,.T.);
#332=FACE_OUTER_BOUND('',#513,.T.);
#333=FACE_OUTER_BOUND('',#514,.T.);
#334=FACE_OUTER_BOUND('',#515,.T.);
#335=FACE_OUTER_BOUND('',#516,.T.);
#336=FACE_OUTER_BOUND('',#517,.T.);
#337=FACE_OUTER_BOUND('',#518,.T.);
#338=FACE_OUTER_BOUND('',#519,.T.);
#339=FACE_OUTER_BOUND('',#520,.T.);
#340=FACE_OUTER_BOUND('',#522,.T.);
#341=FACE_OUTER_BOUND('',#523,.T.);
#342=FACE_OUTER_BOUND('',#524,.T.);
#343=FACE_OUTER_BOUND('',#525,.T.);
#344=FACE_OUTER_BOUND('',#526,.T.);
#345=FACE_OUTER_BOUND('',#527,.T.);
#346=FACE_OUTER_BOUND('',#528,.T.);
#347=FACE_OUTER_BOUND('',#529,.T.);
#348=FACE_OUTER_BOUND('',#530,.T.);
#349=FACE_OUTER_BOUND('',#531,.T.);
#350=FACE_OUTER_BOUND('',#532,.T.);
#351=FACE_OUTER_BOUND('',#533,.T.);
#352=FACE_OUTER_BOUND('',#534,.T.);
#353=FACE_OUTER_BOUND('',#535,.T.);
#354=FACE_OUTER_BOUND('',#536,.T.);
#355=FACE_OUTER_BOUND('',#537,.T.);
#356=FACE_OUTER_BOUND('',#538,.T.);
#357=FACE_OUTER_BOUND('',#539,.T.);
#358=FACE_OUTER_BOUND('',#541,.T.);
#359=FACE_OUTER_BOUND('',#542,.T.);
#360=FACE_OUTER_BOUND('',#543,.T.);
#361=FACE_OUTER_BOUND('',#544,.T.);
#362=FACE_OUTER_BOUND('',#545,.T.);
#363=FACE_OUTER_BOUND('',#546,.T.);
#364=FACE_OUTER_BOUND('',#547,.T.);
#365=FACE_OUTER_BOUND('',#551,.T.);
#366=FACE_OUTER_BOUND('',#552,.T.);
#367=FACE_OUTER_BOUND('',#553,.T.);
#368=FACE_OUTER_BOUND('',#554,.T.);
#369=FACE_OUTER_BOUND('',#555,.T.);
#370=FACE_OUTER_BOUND('',#556,.T.);
#371=FACE_OUTER_BOUND('',#557,.T.);
#372=FACE_OUTER_BOUND('',#559,.T.);
#373=FACE_OUTER_BOUND('',#560,.T.);
#374=FACE_OUTER_BOUND('',#561,.T.);
#375=FACE_OUTER_BOUND('',#562,.T.);
#376=FACE_OUTER_BOUND('',#563,.T.);
#377=FACE_OUTER_BOUND('',#564,.T.);
#378=FACE_OUTER_BOUND('',#565,.T.);
#379=FACE_OUTER_BOUND('',#566,.T.);
#380=FACE_OUTER_BOUND('',#567,.T.);
#381=FACE_OUTER_BOUND('',#568,.T.);
#382=FACE_OUTER_BOUND('',#569,.T.);
#383=FACE_OUTER_BOUND('',#570,.T.);
#384=FACE_OUTER_BOUND('',#571,.T.);
#385=FACE_OUTER_BOUND('',#572,.T.);
#386=FACE_OUTER_BOUND('',#573,.T.);
#387=FACE_OUTER_BOUND('',#574,.T.);
#388=FACE_OUTER_BOUND('',#575,.T.);
#389=FACE_OUTER_BOUND('',#576,.T.);
#390=FACE_OUTER_BOUND('',#577,.T.);
#391=FACE_OUTER_BOUND('',#578,.T.);
#392=FACE_OUTER_BOUND('',#579,.T.);
#393=FACE_OUTER_BOUND('',#580,.T.);
#394=FACE_OUTER_BOUND('',#581,.T.);
#395=FACE_OUTER_BOUND('',#582,.T.);
#396=FACE_OUTER_BOUND('',#583,.T.);
#397=FACE_OUTER_BOUND('',#584,.T.);
#398=FACE_OUTER_BOUND('',#585,.T.);
#399=FACE_OUTER_BOUND('',#586,.T.);
#400=FACE_OUTER_BOUND('',#587,.T.);
#401=FACE_OUTER_BOUND('',#588,.T.);
#402=FACE_OUTER_BOUND('',#589,.T.);
#403=FACE_OUTER_BOUND('',#590,.T.);
#404=FACE_OUTER_BOUND('',#591,.T.);
#405=FACE_OUTER_BOUND('',#592,.T.);
#406=FACE_OUTER_BOUND('',#593,.T.);
#407=FACE_OUTER_BOUND('',#594,.T.);
#408=FACE_OUTER_BOUND('',#595,.T.);
#409=FACE_OUTER_BOUND('',#596,.T.);
#410=FACE_OUTER_BOUND('',#597,.T.);
#411=FACE_OUTER_BOUND('',#598,.T.);
#412=FACE_OUTER_BOUND('',#599,.T.);
#413=FACE_OUTER_BOUND('',#600,.T.);
#414=FACE_OUTER_BOUND('',#601,.T.);
#415=FACE_OUTER_BOUND('',#602,.T.);
#416=FACE_OUTER_BOUND('',#604,.T.);
#417=FACE_OUTER_BOUND('',#605,.T.);
#418=FACE_OUTER_BOUND('',#607,.T.);
#419=FACE_OUTER_BOUND('',#608,.T.);
#420=FACE_OUTER_BOUND('',#609,.T.);
#421=FACE_OUTER_BOUND('',#610,.T.);
#422=FACE_OUTER_BOUND('',#611,.T.);
#423=FACE_OUTER_BOUND('',#612,.T.);
#424=FACE_OUTER_BOUND('',#613,.T.);
#425=FACE_OUTER_BOUND('',#615,.T.);
#426=FACE_OUTER_BOUND('',#616,.T.);
#427=FACE_OUTER_BOUND('',#617,.T.);
#428=FACE_OUTER_BOUND('',#618,.T.);
#429=FACE_OUTER_BOUND('',#619,.T.);
#430=FACE_OUTER_BOUND('',#620,.T.);
#431=FACE_OUTER_BOUND('',#621,.T.);
#432=FACE_OUTER_BOUND('',#622,.T.);
#433=FACE_OUTER_BOUND('',#623,.T.);
#434=FACE_OUTER_BOUND('',#624,.T.);
#435=FACE_OUTER_BOUND('',#625,.T.);
#436=FACE_OUTER_BOUND('',#627,.T.);
#437=FACE_OUTER_BOUND('',#629,.T.);
#438=FACE_OUTER_BOUND('',#630,.T.);
#439=FACE_OUTER_BOUND('',#631,.T.);
#440=FACE_OUTER_BOUND('',#632,.T.);
#441=FACE_OUTER_BOUND('',#633,.T.);
#442=FACE_OUTER_BOUND('',#634,.T.);
#443=FACE_OUTER_BOUND('',#635,.T.);
#444=FACE_OUTER_BOUND('',#636,.T.);
#445=FACE_OUTER_BOUND('',#637,.T.);
#446=FACE_OUTER_BOUND('',#638,.T.);
#447=FACE_OUTER_BOUND('',#639,.T.);
#448=FACE_OUTER_BOUND('',#641,.T.);
#449=FACE_OUTER_BOUND('',#643,.T.);
#450=FACE_OUTER_BOUND('',#644,.T.);
#451=FACE_OUTER_BOUND('',#645,.T.);
#452=FACE_OUTER_BOUND('',#646,.T.);
#453=FACE_OUTER_BOUND('',#647,.T.);
#454=FACE_OUTER_BOUND('',#648,.T.);
#455=FACE_OUTER_BOUND('',#649,.T.);
#456=FACE_OUTER_BOUND('',#650,.T.);
#457=FACE_OUTER_BOUND('',#651,.T.);
#458=FACE_OUTER_BOUND('',#653,.T.);
#459=FACE_OUTER_BOUND('',#655,.T.);
#460=FACE_OUTER_BOUND('',#656,.T.);
#461=FACE_OUTER_BOUND('',#657,.T.);
#462=FACE_OUTER_BOUND('',#658,.T.);
#463=FACE_OUTER_BOUND('',#659,.T.);
#464=FACE_OUTER_BOUND('',#660,.T.);
#465=FACE_OUTER_BOUND('',#661,.T.);
#466=FACE_OUTER_BOUND('',#662,.T.);
#467=FACE_OUTER_BOUND('',#663,.T.);
#468=FACE_OUTER_BOUND('',#665,.T.);
#469=FACE_OUTER_BOUND('',#667,.T.);
#470=FACE_OUTER_BOUND('',#669,.T.);
#471=FACE_OUTER_BOUND('',#670,.T.);
#472=FACE_OUTER_BOUND('',#671,.T.);
#473=FACE_OUTER_BOUND('',#672,.T.);
#474=FACE_OUTER_BOUND('',#673,.T.);
#475=FACE_OUTER_BOUND('',#674,.T.);
#476=FACE_OUTER_BOUND('',#675,.T.);
#477=FACE_OUTER_BOUND('',#676,.T.);
#478=FACE_OUTER_BOUND('',#677,.T.);
#479=FACE_OUTER_BOUND('',#679,.T.);
#480=FACE_OUTER_BOUND('',#681,.T.);
#481=FACE_OUTER_BOUND('',#682,.T.);
#482=FACE_OUTER_BOUND('',#683,.T.);
#483=FACE_OUTER_BOUND('',#684,.T.);
#484=FACE_OUTER_BOUND('',#685,.T.);
#485=FACE_OUTER_BOUND('',#686,.T.);
#486=FACE_OUTER_BOUND('',#687,.T.);
#487=FACE_OUTER_BOUND('',#688,.T.);
#488=FACE_OUTER_BOUND('',#689,.T.);
#489=EDGE_LOOP('',(#2305,#2306,#2307,#2308,#2309,#2310));
#490=EDGE_LOOP('',(#2311,#2312,#2313,#2314,#2315,#2316,#2317,#2318,#2319));
#491=EDGE_LOOP('',(#2320,#2321,#2322,#2323,#2324));
#492=EDGE_LOOP('',(#2325,#2326,#2327,#2328,#2329));
#493=EDGE_LOOP('',(#2330,#2331,#2332,#2333,#2334,#2335));
#494=EDGE_LOOP('',(#2336));
#495=EDGE_LOOP('',(#2337));
#496=EDGE_LOOP('',(#2338,#2339,#2340,#2341));
#497=EDGE_LOOP('',(#2342,#2343,#2344,#2345));
#498=EDGE_LOOP('',(#2346,#2347,#2348,#2349));
#499=EDGE_LOOP('',(#2350,#2351,#2352,#2353));
#500=EDGE_LOOP('',(#2354,#2355,#2356,#2357));
#501=EDGE_LOOP('',(#2358,#2359,#2360,#2361));
#502=EDGE_LOOP('',(#2362,#2363,#2364,#2365));
#503=EDGE_LOOP('',(#2366,#2367,#2368,#2369,#2370,#2371,#2372,#2373,#2374));
#504=EDGE_LOOP('',(#2375,#2376,#2377,#2378));
#505=EDGE_LOOP('',(#2379));
#506=EDGE_LOOP('',(#2380));
#507=EDGE_LOOP('',(#2381,#2382,#2383,#2384,#2385,#2386));
#508=EDGE_LOOP('',(#2387,#2388,#2389,#2390,#2391));
#509=EDGE_LOOP('',(#2392,#2393,#2394,#2395,#2396));
#510=EDGE_LOOP('',(#2397,#2398,#2399,#2400,#2401,#2402));
#511=EDGE_LOOP('',(#2403,#2404,#2405,#2406,#2407,#2408,#2409,#2410,#2411,
#2412,#2413,#2414));
#512=EDGE_LOOP('',(#2415,#2416,#2417,#2418));
#513=EDGE_LOOP('',(#2419,#2420,#2421,#2422,#2423,#2424,#2425,#2426));
#514=EDGE_LOOP('',(#2427,#2428,#2429,#2430));
#515=EDGE_LOOP('',(#2431,#2432,#2433,#2434,#2435,#2436,#2437,#2438,#2439,
#2440,#2441,#2442,#2443,#2444,#2445,#2446));
#516=EDGE_LOOP('',(#2447,#2448,#2449,#2450));
#517=EDGE_LOOP('',(#2451,#2452,#2453,#2454));
#518=EDGE_LOOP('',(#2455,#2456,#2457,#2458));
#519=EDGE_LOOP('',(#2459,#2460,#2461,#2462));
#520=EDGE_LOOP('',(#2463,#2464,#2465,#2466));
#521=EDGE_LOOP('',(#2467,#2468,#2469,#2470,#2471,#2472));
#522=EDGE_LOOP('',(#2473,#2474,#2475,#2476));
#523=EDGE_LOOP('',(#2477,#2478,#2479,#2480));
#524=EDGE_LOOP('',(#2481,#2482,#2483,#2484));
#525=EDGE_LOOP('',(#2485,#2486,#2487,#2488,#2489,#2490));
#526=EDGE_LOOP('',(#2491,#2492,#2493,#2494));
#527=EDGE_LOOP('',(#2495,#2496,#2497,#2498));
#528=EDGE_LOOP('',(#2499,#2500,#2501,#2502));
#529=EDGE_LOOP('',(#2503,#2504,#2505,#2506));
#530=EDGE_LOOP('',(#2507,#2508,#2509,#2510));
#531=EDGE_LOOP('',(#2511,#2512,#2513,#2514));
#532=EDGE_LOOP('',(#2515,#2516,#2517,#2518,#2519,#2520,#2521,#2522));
#533=EDGE_LOOP('',(#2523,#2524,#2525,#2526));
#534=EDGE_LOOP('',(#2527,#2528,#2529,#2530,#2531,#2532,#2533));
#535=EDGE_LOOP('',(#2534,#2535,#2536,#2537,#2538,#2539,#2540,#2541));
#536=EDGE_LOOP('',(#2542,#2543,#2544,#2545,#2546));
#537=EDGE_LOOP('',(#2547,#2548,#2549,#2550,#2551));
#538=EDGE_LOOP('',(#2552,#2553,#2554,#2555,#2556,#2557));
#539=EDGE_LOOP('',(#2558));
#540=EDGE_LOOP('',(#2559));
#541=EDGE_LOOP('',(#2560,#2561,#2562,#2563));
#542=EDGE_LOOP('',(#2564,#2565,#2566,#2567));
#543=EDGE_LOOP('',(#2568,#2569,#2570,#2571));
#544=EDGE_LOOP('',(#2572,#2573,#2574,#2575));
#545=EDGE_LOOP('',(#2576,#2577,#2578,#2579,#2580,#2581,#2582,#2583));
#546=EDGE_LOOP('',(#2584,#2585,#2586,#2587));
#547=EDGE_LOOP('',(#2588,#2589,#2590,#2591,#2592,#2593,#2594,#2595,#2596,
#2597,#2598,#2599,#2600,#2601,#2602,#2603,#2604,#2605,#2606,#2607,#2608,
#2609,#2610,#2611,#2612,#2613));
#548=EDGE_LOOP('',(#2614));
#549=EDGE_LOOP('',(#2615));
#550=EDGE_LOOP('',(#2616));
#551=EDGE_LOOP('',(#2617,#2618,#2619,#2620));
#552=EDGE_LOOP('',(#2621,#2622,#2623,#2624));
#553=EDGE_LOOP('',(#2625,#2626,#2627,#2628));
#554=EDGE_LOOP('',(#2629,#2630,#2631,#2632));
#555=EDGE_LOOP('',(#2633,#2634,#2635,#2636));
#556=EDGE_LOOP('',(#2637,#2638,#2639,#2640));
#557=EDGE_LOOP('',(#2641,#2642,#2643,#2644,#2645,#2646,#2647,#2648));
#558=EDGE_LOOP('',(#2649,#2650,#2651,#2652));
#559=EDGE_LOOP('',(#2653,#2654,#2655,#2656));
#560=EDGE_LOOP('',(#2657,#2658,#2659,#2660));
#561=EDGE_LOOP('',(#2661,#2662,#2663,#2664));
#562=EDGE_LOOP('',(#2665,#2666,#2667,#2668));
#563=EDGE_LOOP('',(#2669,#2670,#2671,#2672));
#564=EDGE_LOOP('',(#2673,#2674,#2675,#2676));
#565=EDGE_LOOP('',(#2677,#2678,#2679,#2680,#2681,#2682,#2683,#2684));
#566=EDGE_LOOP('',(#2685,#2686,#2687,#2688));
#567=EDGE_LOOP('',(#2689,#2690,#2691,#2692));
#568=EDGE_LOOP('',(#2693,#2694,#2695,#2696));
#569=EDGE_LOOP('',(#2697,#2698,#2699,#2700));
#570=EDGE_LOOP('',(#2701,#2702,#2703,#2704));
#571=EDGE_LOOP('',(#2705,#2706,#2707,#2708,#2709,#2710,#2711,#2712,#2713,
#2714,#2715,#2716,#2717,#2718));
#572=EDGE_LOOP('',(#2719,#2720,#2721,#2722,#2723,#2724,#2725,#2726,#2727,
#2728));
#573=EDGE_LOOP('',(#2729,#2730,#2731,#2732));
#574=EDGE_LOOP('',(#2733,#2734,#2735,#2736));
#575=EDGE_LOOP('',(#2737,#2738,#2739,#2740));
#576=EDGE_LOOP('',(#2741,#2742,#2743,#2744));
#577=EDGE_LOOP('',(#2745,#2746,#2747,#2748));
#578=EDGE_LOOP('',(#2749,#2750,#2751,#2752));
#579=EDGE_LOOP('',(#2753,#2754,#2755,#2756));
#580=EDGE_LOOP('',(#2757,#2758,#2759,#2760));
#581=EDGE_LOOP('',(#2761,#2762,#2763,#2764));
#582=EDGE_LOOP('',(#2765,#2766,#2767,#2768));
#583=EDGE_LOOP('',(#2769,#2770,#2771,#2772));
#584=EDGE_LOOP('',(#2773,#2774,#2775,#2776,#2777,#2778));
#585=EDGE_LOOP('',(#2779,#2780,#2781,#2782,#2783,#2784,#2785,#2786,#2787,
#2788,#2789,#2790,#2791,#2792,#2793,#2794,#2795,#2796,#2797,#2798,#2799,
#2800));
#586=EDGE_LOOP('',(#2801,#2802,#2803,#2804));
#587=EDGE_LOOP('',(#2805,#2806,#2807,#2808));
#588=EDGE_LOOP('',(#2809,#2810,#2811,#2812));
#589=EDGE_LOOP('',(#2813,#2814,#2815,#2816));
#590=EDGE_LOOP('',(#2817,#2818,#2819,#2820));
#591=EDGE_LOOP('',(#2821,#2822,#2823,#2824));
#592=EDGE_LOOP('',(#2825,#2826,#2827,#2828,#2829,#2830,#2831,#2832));
#593=EDGE_LOOP('',(#2833,#2834,#2835,#2836));
#594=EDGE_LOOP('',(#2837,#2838,#2839,#2840));
#595=EDGE_LOOP('',(#2841,#2842,#2843,#2844));
#596=EDGE_LOOP('',(#2845,#2846,#2847,#2848));
#597=EDGE_LOOP('',(#2849,#2850,#2851,#2852));
#598=EDGE_LOOP('',(#2853,#2854,#2855,#2856,#2857,#2858,#2859,#2860));
#599=EDGE_LOOP('',(#2861,#2862,#2863,#2864));
#600=EDGE_LOOP('',(#2865,#2866,#2867,#2868));
#601=EDGE_LOOP('',(#2869,#2870,#2871,#2872));
#602=EDGE_LOOP('',(#2873,#2874,#2875,#2876));
#603=EDGE_LOOP('',(#2877,#2878,#2879,#2880));
#604=EDGE_LOOP('',(#2881,#2882,#2883,#2884));
#605=EDGE_LOOP('',(#2885,#2886,#2887,#2888));
#606=EDGE_LOOP('',(#2889,#2890,#2891,#2892));
#607=EDGE_LOOP('',(#2893,#2894,#2895,#2896));
#608=EDGE_LOOP('',(#2897,#2898,#2899,#2900));
#609=EDGE_LOOP('',(#2901,#2902,#2903,#2904));
#610=EDGE_LOOP('',(#2905,#2906,#2907,#2908));
#611=EDGE_LOOP('',(#2909,#2910,#2911,#2912));
#612=EDGE_LOOP('',(#2913));
#613=EDGE_LOOP('',(#2914,#2915,#2916,#2917));
#614=EDGE_LOOP('',(#2918));
#615=EDGE_LOOP('',(#2919,#2920,#2921,#2922));
#616=EDGE_LOOP('',(#2923,#2924,#2925,#2926));
#617=EDGE_LOOP('',(#2927,#2928,#2929,#2930));
#618=EDGE_LOOP('',(#2931,#2932,#2933,#2934));
#619=EDGE_LOOP('',(#2935,#2936,#2937,#2938));
#620=EDGE_LOOP('',(#2939,#2940,#2941,#2942));
#621=EDGE_LOOP('',(#2943,#2944,#2945,#2946));
#622=EDGE_LOOP('',(#2947,#2948,#2949,#2950));
#623=EDGE_LOOP('',(#2951,#2952,#2953,#2954));
#624=EDGE_LOOP('',(#2955,#2956,#2957,#2958));
#625=EDGE_LOOP('',(#2959,#2960,#2961,#2962));
#626=EDGE_LOOP('',(#2963));
#627=EDGE_LOOP('',(#2964,#2965,#2966,#2967));
#628=EDGE_LOOP('',(#2968));
#629=EDGE_LOOP('',(#2969,#2970,#2971,#2972));
#630=EDGE_LOOP('',(#2973,#2974,#2975,#2976));
#631=EDGE_LOOP('',(#2977,#2978,#2979,#2980));
#632=EDGE_LOOP('',(#2981,#2982,#2983,#2984));
#633=EDGE_LOOP('',(#2985,#2986,#2987,#2988));
#634=EDGE_LOOP('',(#2989,#2990,#2991,#2992));
#635=EDGE_LOOP('',(#2993,#2994,#2995,#2996));
#636=EDGE_LOOP('',(#2997,#2998,#2999,#3000));
#637=EDGE_LOOP('',(#3001,#3002,#3003,#3004));
#638=EDGE_LOOP('',(#3005,#3006,#3007,#3008));
#639=EDGE_LOOP('',(#3009,#3010,#3011,#3012));
#640=EDGE_LOOP('',(#3013,#3014,#3015,#3016,#3017,#3018));
#641=EDGE_LOOP('',(#3019,#3020,#3021,#3022));
#642=EDGE_LOOP('',(#3023,#3024,#3025,#3026,#3027,#3028));
#643=EDGE_LOOP('',(#3029,#3030,#3031,#3032));
#644=EDGE_LOOP('',(#3033,#3034,#3035,#3036));
#645=EDGE_LOOP('',(#3037,#3038,#3039,#3040));
#646=EDGE_LOOP('',(#3041,#3042,#3043,#3044));
#647=EDGE_LOOP('',(#3045,#3046,#3047,#3048));
#648=EDGE_LOOP('',(#3049,#3050,#3051,#3052));
#649=EDGE_LOOP('',(#3053,#3054,#3055,#3056));
#650=EDGE_LOOP('',(#3057,#3058,#3059,#3060));
#651=EDGE_LOOP('',(#3061,#3062,#3063,#3064));
#652=EDGE_LOOP('',(#3065,#3066,#3067,#3068));
#653=EDGE_LOOP('',(#3069,#3070,#3071,#3072));
#654=EDGE_LOOP('',(#3073,#3074,#3075,#3076));
#655=EDGE_LOOP('',(#3077,#3078,#3079,#3080));
#656=EDGE_LOOP('',(#3081,#3082,#3083,#3084));
#657=EDGE_LOOP('',(#3085,#3086,#3087,#3088));
#658=EDGE_LOOP('',(#3089,#3090,#3091,#3092));
#659=EDGE_LOOP('',(#3093,#3094,#3095,#3096));
#660=EDGE_LOOP('',(#3097,#3098,#3099,#3100));
#661=EDGE_LOOP('',(#3101,#3102,#3103,#3104));
#662=EDGE_LOOP('',(#3105,#3106,#3107,#3108));
#663=EDGE_LOOP('',(#3109,#3110,#3111,#3112));
#664=EDGE_LOOP('',(#3113,#3114,#3115,#3116));
#665=EDGE_LOOP('',(#3117,#3118,#3119,#3120));
#666=EDGE_LOOP('',(#3121,#3122,#3123,#3124));
#667=EDGE_LOOP('',(#3125,#3126,#3127,#3128));
#668=EDGE_LOOP('',(#3129,#3130,#3131,#3132));
#669=EDGE_LOOP('',(#3133,#3134,#3135,#3136));
#670=EDGE_LOOP('',(#3137,#3138,#3139,#3140));
#671=EDGE_LOOP('',(#3141,#3142,#3143,#3144));
#672=EDGE_LOOP('',(#3145,#3146,#3147,#3148));
#673=EDGE_LOOP('',(#3149,#3150,#3151,#3152));
#674=EDGE_LOOP('',(#3153,#3154,#3155,#3156));
#675=EDGE_LOOP('',(#3157,#3158,#3159,#3160));
#676=EDGE_LOOP('',(#3161,#3162,#3163,#3164));
#677=EDGE_LOOP('',(#3165,#3166,#3167,#3168));
#678=EDGE_LOOP('',(#3169,#3170,#3171,#3172));
#679=EDGE_LOOP('',(#3173,#3174,#3175,#3176));
#680=EDGE_LOOP('',(#3177,#3178,#3179,#3180));
#681=EDGE_LOOP('',(#3181,#3182,#3183,#3184));
#682=EDGE_LOOP('',(#3185,#3186,#3187,#3188));
#683=EDGE_LOOP('',(#3189,#3190,#3191,#3192));
#684=EDGE_LOOP('',(#3193,#3194,#3195,#3196));
#685=EDGE_LOOP('',(#3197,#3198,#3199,#3200));
#686=EDGE_LOOP('',(#3201,#3202,#3203,#3204));
#687=EDGE_LOOP('',(#3205,#3206,#3207,#3208));
#688=EDGE_LOOP('',(#3209,#3210,#3211,#3212));
#689=EDGE_LOOP('',(#3213,#3214,#3215,#3216));
#690=EDGE_LOOP('',(#3217,#3218,#3219,#3220));
#691=CIRCLE('',#3600,4.);
#692=CIRCLE('',#3601,4.);
#693=CIRCLE('',#3603,3.75);
#694=CIRCLE('',#3604,3.75);
#695=CIRCLE('',#3605,5.);
#696=CIRCLE('',#3606,5.);
#697=CIRCLE('',#3610,3.75);
#698=CIRCLE('',#3612,2.15);
#699=CIRCLE('',#3614,2.15);
#700=CIRCLE('',#3616,5.);
#701=CIRCLE('',#3619,5.);
#702=CIRCLE('',#3621,5.);
#703=CIRCLE('',#3622,5.);
#704=CIRCLE('',#3625,5.);
#705=CIRCLE('',#3626,5.);
#706=CIRCLE('',#3628,3.75);
#707=CIRCLE('',#3629,3.75);
#708=CIRCLE('',#3631,2.15);
#709=CIRCLE('',#3632,2.15);
#710=CIRCLE('',#3634,3.75);
#711=CIRCLE('',#3637,4.);
#712=CIRCLE('',#3639,4.);
#713=CIRCLE('',#3643,5.);
#714=CIRCLE('',#3644,5.);
#715=CIRCLE('',#3647,5.);
#716=CIRCLE('',#3648,5.);
#717=CIRCLE('',#3650,5.);
#718=CIRCLE('',#3651,5.);
#719=CIRCLE('',#3669,5.);
#720=CIRCLE('',#3671,4.);
#721=CIRCLE('',#3672,4.);
#722=CIRCLE('',#3674,3.75);
#723=CIRCLE('',#3675,5.);
#724=CIRCLE('',#3676,5.);
#725=CIRCLE('',#3680,3.75);
#726=CIRCLE('',#3682,2.15);
#727=CIRCLE('',#3684,2.15);
#728=CIRCLE('',#3686,5.);
#729=CIRCLE('',#3689,5.);
#730=CIRCLE('',#3692,5.);
#731=CIRCLE('',#3708,5.);
#732=CIRCLE('',#3709,5.);
#733=CIRCLE('',#3710,5.);
#734=CIRCLE('',#3711,5.);
#735=CIRCLE('',#3717,5.);
#736=CIRCLE('',#3719,5.);
#737=CIRCLE('',#3740,5.);
#738=CIRCLE('',#3741,5.);
#739=CIRCLE('',#3751,3.80000000000003);
#740=CIRCLE('',#3752,3.80000000000003);
#741=CIRCLE('',#3755,3.80000000000003);
#742=CIRCLE('',#3756,3.80000000000003);
#743=CIRCLE('',#3758,3.8);
#744=CIRCLE('',#3759,3.80000000000001);
#745=CIRCLE('',#3762,3.80000000000001);
#746=CIRCLE('',#3765,3.8);
#747=CIRCLE('',#3788,4.5258336886491);
#748=CIRCLE('',#3789,4.5258336886491);
#749=CIRCLE('',#3799,4.);
#750=CIRCLE('',#3800,4.);
#751=LINE('',#4845,#1145);
#752=LINE('',#4849,#1146);
#753=LINE('',#4852,#1147);
#754=LINE('',#4858,#1148);
#755=LINE('',#4862,#1149);
#756=LINE('',#4865,#1150);
#757=LINE('',#4868,#1151);
#758=LINE('',#4870,#1152);
#759=LINE('',#4871,#1153);
#760=LINE('',#4874,#1154);
#761=LINE('',#4876,#1155);
#762=LINE('',#4877,#1156);
#763=LINE('',#4880,#1157);
#764=LINE('',#4888,#1158);
#765=LINE('',#4892,#1159);
#766=LINE('',#4895,#1160);
#767=LINE('',#4896,#1161);
#768=LINE('',#4904,#1162);
#769=LINE('',#4907,#1163);
#770=LINE('',#4911,#1164);
#771=LINE('',#4912,#1165);
#772=LINE('',#4913,#1166);
#773=LINE('',#4919,#1167);
#774=LINE('',#4923,#1168);
#775=LINE('',#4929,#1169);
#776=LINE('',#4930,#1170);
#777=LINE('',#4931,#1171);
#778=LINE('',#4936,#1172);
#779=LINE('',#4952,#1173);
#780=LINE('',#4956,#1174);
#781=LINE('',#4957,#1175);
#782=LINE('',#4961,#1176);
#783=LINE('',#4963,#1177);
#784=LINE('',#4966,#1178);
#785=LINE('',#4970,#1179);
#786=LINE('',#4972,#1180);
#787=LINE('',#4974,#1181);
#788=LINE('',#4976,#1182);
#789=LINE('',#4978,#1183);
#790=LINE('',#4980,#1184);
#791=LINE('',#4982,#1185);
#792=LINE('',#4984,#1186);
#793=LINE('',#4986,#1187);
#794=LINE('',#4988,#1188);
#795=LINE('',#4990,#1189);
#796=LINE('',#4991,#1190);
#797=LINE('',#4997,#1191);
#798=LINE('',#5000,#1192);
#799=LINE('',#5001,#1193);
#800=LINE('',#5003,#1194);
#801=LINE('',#5004,#1195);
#802=LINE('',#5010,#1196);
#803=LINE('',#5013,#1197);
#804=LINE('',#5015,#1198);
#805=LINE('',#5016,#1199);
#806=LINE('',#5018,#1200);
#807=LINE('',#5020,#1201);
#808=LINE('',#5021,#1202);
#809=LINE('',#5023,#1203);
#810=LINE('',#5027,#1204);
#811=LINE('',#5031,#1205);
#812=LINE('',#5033,#1206);
#813=LINE('',#5034,#1207);
#814=LINE('',#5036,#1208);
#815=LINE('',#5038,#1209);
#816=LINE('',#5043,#1210);
#817=LINE('',#5044,#1211);
#818=LINE('',#5045,#1212);
#819=LINE('',#5048,#1213);
#820=LINE('',#5050,#1214);
#821=LINE('',#5052,#1215);
#822=LINE('',#5054,#1216);
#823=LINE('',#5056,#1217);
#824=LINE('',#5057,#1218);
#825=LINE('',#5059,#1219);
#826=LINE('',#5060,#1220);
#827=LINE('',#5066,#1221);
#828=LINE('',#5068,#1222);
#829=LINE('',#5070,#1223);
#830=LINE('',#5072,#1224);
#831=LINE('',#5074,#1225);
#832=LINE('',#5075,#1226);
#833=LINE('',#5077,#1227);
#834=LINE('',#5078,#1228);
#835=LINE('',#5080,#1229);
#836=LINE('',#5082,#1230);
#837=LINE('',#5084,#1231);
#838=LINE('',#5086,#1232);
#839=LINE('',#5090,#1233);
#840=LINE('',#5091,#1234);
#841=LINE('',#5092,#1235);
#842=LINE('',#5095,#1236);
#843=LINE('',#5107,#1237);
#844=LINE('',#5111,#1238);
#845=LINE('',#5115,#1239);
#846=LINE('',#5125,#1240);
#847=LINE('',#5129,#1241);
#848=LINE('',#5132,#1242);
#849=LINE('',#5135,#1243);
#850=LINE('',#5137,#1244);
#851=LINE('',#5138,#1245);
#852=LINE('',#5141,#1246);
#853=LINE('',#5143,#1247);
#854=LINE('',#5144,#1248);
#855=LINE('',#5147,#1249);
#856=LINE('',#5155,#1250);
#857=LINE('',#5158,#1251);
#858=LINE('',#5162,#1252);
#859=LINE('',#5163,#1253);
#860=LINE('',#5168,#1254);
#861=LINE('',#5169,#1255);
#862=LINE('',#5170,#1256);
#863=LINE('',#5184,#1257);
#864=LINE('',#5186,#1258);
#865=LINE('',#5188,#1259);
#866=LINE('',#5189,#1260);
#867=LINE('',#5192,#1261);
#868=LINE('',#5194,#1262);
#869=LINE('',#5195,#1263);
#870=LINE('',#5198,#1264);
#871=LINE('',#5200,#1265);
#872=LINE('',#5201,#1266);
#873=LINE('',#5203,#1267);
#874=LINE('',#5204,#1268);
#875=LINE('',#5207,#1269);
#876=LINE('',#5209,#1270);
#877=LINE('',#5210,#1271);
#878=LINE('',#5213,#1272);
#879=LINE('',#5214,#1273);
#880=LINE('',#5218,#1274);
#881=LINE('',#5222,#1275);
#882=LINE('',#5226,#1276);
#883=LINE('',#5230,#1277);
#884=LINE('',#5234,#1278);
#885=LINE('',#5235,#1279);
#886=LINE('',#5237,#1280);
#887=LINE('',#5242,#1281);
#888=LINE('',#5244,#1282);
#889=LINE('',#5246,#1283);
#890=LINE('',#5247,#1284);
#891=LINE('',#5252,#1285);
#892=LINE('',#5253,#1286);
#893=LINE('',#5258,#1287);
#894=LINE('',#5259,#1288);
#895=LINE('',#5263,#1289);
#896=LINE('',#5265,#1290);
#897=LINE('',#5267,#1291);
#898=LINE('',#5268,#1292);
#899=LINE('',#5269,#1293);
#900=LINE('',#5273,#1294);
#901=LINE('',#5274,#1295);
#902=LINE('',#5275,#1296);
#903=LINE('',#5279,#1297);
#904=LINE('',#5281,#1298);
#905=LINE('',#5283,#1299);
#906=LINE('',#5284,#1300);
#907=LINE('',#5287,#1301);
#908=LINE('',#5288,#1302);
#909=LINE('',#5291,#1303);
#910=LINE('',#5292,#1304);
#911=LINE('',#5294,#1305);
#912=LINE('',#5297,#1306);
#913=LINE('',#5299,#1307);
#914=LINE('',#5301,#1308);
#915=LINE('',#5302,#1309);
#916=LINE('',#5304,#1310);
#917=LINE('',#5306,#1311);
#918=LINE('',#5308,#1312);
#919=LINE('',#5310,#1313);
#920=LINE('',#5311,#1314);
#921=LINE('',#5312,#1315);
#922=LINE('',#5315,#1316);
#923=LINE('',#5317,#1317);
#924=LINE('',#5319,#1318);
#925=LINE('',#5321,#1319);
#926=LINE('',#5323,#1320);
#927=LINE('',#5325,#1321);
#928=LINE('',#5327,#1322);
#929=LINE('',#5328,#1323);
#930=LINE('',#5331,#1324);
#931=LINE('',#5332,#1325);
#932=LINE('',#5335,#1326);
#933=LINE('',#5336,#1327);
#934=LINE('',#5338,#1328);
#935=LINE('',#5341,#1329);
#936=LINE('',#5343,#1330);
#937=LINE('',#5344,#1331);
#938=LINE('',#5346,#1332);
#939=LINE('',#5348,#1333);
#940=LINE('',#5351,#1334);
#941=LINE('',#5353,#1335);
#942=LINE('',#5354,#1336);
#943=LINE('',#5357,#1337);
#944=LINE('',#5358,#1338);
#945=LINE('',#5361,#1339);
#946=LINE('',#5362,#1340);
#947=LINE('',#5364,#1341);
#948=LINE('',#5366,#1342);
#949=LINE('',#5367,#1343);
#950=LINE('',#5372,#1344);
#951=LINE('',#5376,#1345);
#952=LINE('',#5378,#1346);
#953=LINE('',#5389,#1347);
#954=LINE('',#5392,#1348);
#955=LINE('',#5395,#1349);
#956=LINE('',#5397,#1350);
#957=LINE('',#5398,#1351);
#958=LINE('',#5403,#1352);
#959=LINE('',#5407,#1353);
#960=LINE('',#5411,#1354);
#961=LINE('',#5414,#1355);
#962=LINE('',#5417,#1356);
#963=LINE('',#5418,#1357);
#964=LINE('',#5422,#1358);
#965=LINE('',#5425,#1359);
#966=LINE('',#5426,#1360);
#967=LINE('',#5430,#1361);
#968=LINE('',#5432,#1362);
#969=LINE('',#5442,#1363);
#970=LINE('',#5444,#1364);
#971=LINE('',#5446,#1365);
#972=LINE('',#5447,#1366);
#973=LINE('',#5451,#1367);
#974=LINE('',#5453,#1368);
#975=LINE('',#5455,#1369);
#976=LINE('',#5456,#1370);
#977=LINE('',#5459,#1371);
#978=LINE('',#5461,#1372);
#979=LINE('',#5462,#1373);
#980=LINE('',#5465,#1374);
#981=LINE('',#5467,#1375);
#982=LINE('',#5468,#1376);
#983=LINE('',#5470,#1377);
#984=LINE('',#5471,#1378);
#985=LINE('',#5474,#1379);
#986=LINE('',#5475,#1380);
#987=LINE('',#5478,#1381);
#988=LINE('',#5479,#1382);
#989=LINE('',#5481,#1383);
#990=LINE('',#5482,#1384);
#991=LINE('',#5484,#1385);
#992=LINE('',#5487,#1386);
#993=LINE('',#5497,#1387);
#994=LINE('',#5503,#1388);
#995=LINE('',#5505,#1389);
#996=LINE('',#5507,#1390);
#997=LINE('',#5508,#1391);
#998=LINE('',#5511,#1392);
#999=LINE('',#5513,#1393);
#1000=LINE('',#5514,#1394);
#1001=LINE('',#5517,#1395);
#1002=LINE('',#5519,#1396);
#1003=LINE('',#5520,#1397);
#1004=LINE('',#5522,#1398);
#1005=LINE('',#5523,#1399);
#1006=LINE('',#5531,#1400);
#1007=LINE('',#5536,#1401);
#1008=LINE('',#5538,#1402);
#1009=LINE('',#5540,#1403);
#1010=LINE('',#5541,#1404);
#1011=LINE('',#5544,#1405);
#1012=LINE('',#5546,#1406);
#1013=LINE('',#5547,#1407);
#1014=LINE('',#5550,#1408);
#1015=LINE('',#5552,#1409);
#1016=LINE('',#5553,#1410);
#1017=LINE('',#5555,#1411);
#1018=LINE('',#5556,#1412);
#1019=LINE('',#5563,#1413);
#1020=LINE('',#5565,#1414);
#1021=LINE('',#5567,#1415);
#1022=LINE('',#5568,#1416);
#1023=LINE('',#5571,#1417);
#1024=LINE('',#5573,#1418);
#1025=LINE('',#5574,#1419);
#1026=LINE('',#5577,#1420);
#1027=LINE('',#5579,#1421);
#1028=LINE('',#5580,#1422);
#1029=LINE('',#5583,#1423);
#1030=LINE('',#5585,#1424);
#1031=LINE('',#5586,#1425);
#1032=LINE('',#5589,#1426);
#1033=LINE('',#5591,#1427);
#1034=LINE('',#5592,#1428);
#1035=LINE('',#5594,#1429);
#1036=LINE('',#5595,#1430);
#1037=LINE('',#5599,#1431);
#1038=LINE('',#5601,#1432);
#1039=LINE('',#5603,#1433);
#1040=LINE('',#5604,#1434);
#1041=LINE('',#5607,#1435);
#1042=LINE('',#5609,#1436);
#1043=LINE('',#5610,#1437);
#1044=LINE('',#5613,#1438);
#1045=LINE('',#5615,#1439);
#1046=LINE('',#5616,#1440);
#1047=LINE('',#5618,#1441);
#1048=LINE('',#5619,#1442);
#1049=LINE('',#5626,#1443);
#1050=LINE('',#5628,#1444);
#1051=LINE('',#5630,#1445);
#1052=LINE('',#5631,#1446);
#1053=LINE('',#5634,#1447);
#1054=LINE('',#5636,#1448);
#1055=LINE('',#5637,#1449);
#1056=LINE('',#5640,#1450);
#1057=LINE('',#5642,#1451);
#1058=LINE('',#5643,#1452);
#1059=LINE('',#5645,#1453);
#1060=LINE('',#5646,#1454);
#1061=LINE('',#5650,#1455);
#1062=LINE('',#5652,#1456);
#1063=LINE('',#5654,#1457);
#1064=LINE('',#5655,#1458);
#1065=LINE('',#5658,#1459);
#1066=LINE('',#5660,#1460);
#1067=LINE('',#5661,#1461);
#1068=LINE('',#5664,#1462);
#1069=LINE('',#5666,#1463);
#1070=LINE('',#5667,#1464);
#1071=LINE('',#5669,#1465);
#1072=LINE('',#5670,#1466);
#1073=LINE('',#5676,#1467);
#1074=LINE('',#5678,#1468);
#1075=LINE('',#5680,#1469);
#1076=LINE('',#5681,#1470);
#1077=LINE('',#5684,#1471);
#1078=LINE('',#5686,#1472);
#1079=LINE('',#5687,#1473);
#1080=LINE('',#5690,#1474);
#1081=LINE('',#5692,#1475);
#1082=LINE('',#5693,#1476);
#1083=LINE('',#5695,#1477);
#1084=LINE('',#5696,#1478);
#1085=LINE('',#5700,#1479);
#1086=LINE('',#5702,#1480);
#1087=LINE('',#5704,#1481);
#1088=LINE('',#5705,#1482);
#1089=LINE('',#5708,#1483);
#1090=LINE('',#5710,#1484);
#1091=LINE('',#5711,#1485);
#1092=LINE('',#5714,#1486);
#1093=LINE('',#5716,#1487);
#1094=LINE('',#5717,#1488);
#1095=LINE('',#5719,#1489);
#1096=LINE('',#5720,#1490);
#1097=LINE('',#5727,#1491);
#1098=LINE('',#5729,#1492);
#1099=LINE('',#5731,#1493);
#1100=LINE('',#5732,#1494);
#1101=LINE('',#5735,#1495);
#1102=LINE('',#5737,#1496);
#1103=LINE('',#5739,#1497);
#1104=LINE('',#5740,#1498);
#1105=LINE('',#5743,#1499);
#1106=LINE('',#5745,#1500);
#1107=LINE('',#5746,#1501);
#1108=LINE('',#5749,#1502);
#1109=LINE('',#5750,#1503);
#1110=LINE('',#5753,#1504);
#1111=LINE('',#5755,#1505);
#1112=LINE('',#5756,#1506);
#1113=LINE('',#5759,#1507);
#1114=LINE('',#5760,#1508);
#1115=LINE('',#5763,#1509);
#1116=LINE('',#5764,#1510);
#1117=LINE('',#5766,#1511);
#1118=LINE('',#5769,#1512);
#1119=LINE('',#5770,#1513);
#1120=LINE('',#5772,#1514);
#1121=LINE('',#5778,#1515);
#1122=LINE('',#5780,#1516);
#1123=LINE('',#5782,#1517);
#1124=LINE('',#5783,#1518);
#1125=LINE('',#5786,#1519);
#1126=LINE('',#5788,#1520);
#1127=LINE('',#5790,#1521);
#1128=LINE('',#5791,#1522);
#1129=LINE('',#5794,#1523);
#1130=LINE('',#5796,#1524);
#1131=LINE('',#5797,#1525);
#1132=LINE('',#5800,#1526);
#1133=LINE('',#5801,#1527);
#1134=LINE('',#5804,#1528);
#1135=LINE('',#5806,#1529);
#1136=LINE('',#5807,#1530);
#1137=LINE('',#5810,#1531);
#1138=LINE('',#5811,#1532);
#1139=LINE('',#5814,#1533);
#1140=LINE('',#5815,#1534);
#1141=LINE('',#5817,#1535);
#1142=LINE('',#5820,#1536);
#1143=LINE('',#5821,#1537);
#1144=LINE('',#5823,#1538);
#1145=VECTOR('',#3883,10.);
#1146=VECTOR('',#3886,10.);
#1147=VECTOR('',#3889,10.);
#1148=VECTOR('',#3896,10.);
#1149=VECTOR('',#3899,10.);
#1150=VECTOR('',#3902,10.);
#1151=VECTOR('',#3905,10.);
#1152=VECTOR('',#3906,10.);
#1153=VECTOR('',#3907,10.);
#1154=VECTOR('',#3910,10.);
#1155=VECTOR('',#3911,10.);
#1156=VECTOR('',#3912,10.);
#1157=VECTOR('',#3915,3.75);
#1158=VECTOR('',#3926,2.15);
#1159=VECTOR('',#3931,10.);
#1160=VECTOR('',#3934,10.);
#1161=VECTOR('',#3935,10.);
#1162=VECTOR('',#3944,10.);
#1163=VECTOR('',#3947,10.);
#1164=VECTOR('',#3950,10.);
#1165=VECTOR('',#3951,10.);
#1166=VECTOR('',#3952,10.);
#1167=VECTOR('',#3959,10.);
#1168=VECTOR('',#3962,10.);
#1169=VECTOR('',#3967,10.);
#1170=VECTOR('',#3968,10.);
#1171=VECTOR('',#3969,10.);
#1172=VECTOR('',#3974,2.15);
#1173=VECTOR('',#3983,3.75);
#1174=VECTOR('',#3986,10.);
#1175=VECTOR('',#3987,10.);
#1176=VECTOR('',#3992,10.);
#1177=VECTOR('',#3993,10.);
#1178=VECTOR('',#3998,10.);
#1179=VECTOR('',#4001,10.);
#1180=VECTOR('',#4002,10.);
#1181=VECTOR('',#4003,10.);
#1182=VECTOR('',#4004,10.);
#1183=VECTOR('',#4005,10.);
#1184=VECTOR('',#4006,10.);
#1185=VECTOR('',#4007,10.);
#1186=VECTOR('',#4008,10.);
#1187=VECTOR('',#4009,10.);
#1188=VECTOR('',#4010,10.);
#1189=VECTOR('',#4011,10.);
#1190=VECTOR('',#4012,10.);
#1191=VECTOR('',#4019,10.);
#1192=VECTOR('',#4022,10.);
#1193=VECTOR('',#4023,10.);
#1194=VECTOR('',#4024,10.);
#1195=VECTOR('',#4025,10.);
#1196=VECTOR('',#4032,10.);
#1197=VECTOR('',#4035,10.);
#1198=VECTOR('',#4036,10.);
#1199=VECTOR('',#4037,10.);
#1200=VECTOR('',#4038,10.);
#1201=VECTOR('',#4039,10.);
#1202=VECTOR('',#4040,10.);
#1203=VECTOR('',#4041,10.);
#1204=VECTOR('',#4044,10.);
#1205=VECTOR('',#4049,10.);
#1206=VECTOR('',#4050,10.);
#1207=VECTOR('',#4051,10.);
#1208=VECTOR('',#4054,10.);
#1209=VECTOR('',#4057,10.);
#1210=VECTOR('',#4062,10.);
#1211=VECTOR('',#4063,10.);
#1212=VECTOR('',#4064,10.);
#1213=VECTOR('',#4065,10.);
#1214=VECTOR('',#4066,10.);
#1215=VECTOR('',#4067,10.);
#1216=VECTOR('',#4068,10.);
#1217=VECTOR('',#4069,10.);
#1218=VECTOR('',#4070,10.);
#1219=VECTOR('',#4073,10.);
#1220=VECTOR('',#4074,10.);
#1221=VECTOR('',#4081,10.);
#1222=VECTOR('',#4082,10.);
#1223=VECTOR('',#4083,10.);
#1224=VECTOR('',#4084,10.);
#1225=VECTOR('',#4085,10.);
#1226=VECTOR('',#4086,10.);
#1227=VECTOR('',#4089,10.);
#1228=VECTOR('',#4090,10.);
#1229=VECTOR('',#4093,10.);
#1230=VECTOR('',#4096,10.);
#1231=VECTOR('',#4099,10.);
#1232=VECTOR('',#4102,10.);
#1233=VECTOR('',#4107,10.);
#1234=VECTOR('',#4108,10.);
#1235=VECTOR('',#4109,10.);
#1236=VECTOR('',#4112,10.);
#1237=VECTOR('',#4117,10.);
#1238=VECTOR('',#4120,10.);
#1239=VECTOR('',#4123,10.);
#1240=VECTOR('',#4128,10.);
#1241=VECTOR('',#4131,10.);
#1242=VECTOR('',#4134,10.);
#1243=VECTOR('',#4137,10.);
#1244=VECTOR('',#4138,10.);
#1245=VECTOR('',#4139,10.);
#1246=VECTOR('',#4142,10.);
#1247=VECTOR('',#4143,10.);
#1248=VECTOR('',#4144,10.);
#1249=VECTOR('',#4147,3.75);
#1250=VECTOR('',#4158,2.15);
#1251=VECTOR('',#4161,10.);
#1252=VECTOR('',#4166,10.);
#1253=VECTOR('',#4167,10.);
#1254=VECTOR('',#4174,10.);
#1255=VECTOR('',#4175,10.);
#1256=VECTOR('',#4176,10.);
#1257=VECTOR('',#4199,10.);
#1258=VECTOR('',#4200,10.);
#1259=VECTOR('',#4201,10.);
#1260=VECTOR('',#4202,10.);
#1261=VECTOR('',#4205,10.);
#1262=VECTOR('',#4206,10.);
#1263=VECTOR('',#4207,10.);
#1264=VECTOR('',#4210,10.);
#1265=VECTOR('',#4211,10.);
#1266=VECTOR('',#4212,10.);
#1267=VECTOR('',#4215,10.);
#1268=VECTOR('',#4216,10.);
#1269=VECTOR('',#4219,10.);
#1270=VECTOR('',#4220,10.);
#1271=VECTOR('',#4221,10.);
#1272=VECTOR('',#4224,10.);
#1273=VECTOR('',#4225,10.);
#1274=VECTOR('',#4228,10.);
#1275=VECTOR('',#4231,10.);
#1276=VECTOR('',#4234,10.);
#1277=VECTOR('',#4237,10.);
#1278=VECTOR('',#4242,10.);
#1279=VECTOR('',#4243,10.);
#1280=VECTOR('',#4246,10.);
#1281=VECTOR('',#4251,10.);
#1282=VECTOR('',#4252,10.);
#1283=VECTOR('',#4253,10.);
#1284=VECTOR('',#4254,10.);
#1285=VECTOR('',#4259,10.);
#1286=VECTOR('',#4260,10.);
#1287=VECTOR('',#4265,10.);
#1288=VECTOR('',#4266,10.);
#1289=VECTOR('',#4269,10.);
#1290=VECTOR('',#4270,10.);
#1291=VECTOR('',#4271,10.);
#1292=VECTOR('',#4272,10.);
#1293=VECTOR('',#4273,10.);
#1294=VECTOR('',#4276,10.);
#1295=VECTOR('',#4277,10.);
#1296=VECTOR('',#4278,10.);
#1297=VECTOR('',#4281,10.);
#1298=VECTOR('',#4282,10.);
#1299=VECTOR('',#4283,10.);
#1300=VECTOR('',#4284,10.);
#1301=VECTOR('',#4287,10.);
#1302=VECTOR('',#4288,10.);
#1303=VECTOR('',#4291,10.);
#1304=VECTOR('',#4292,10.);
#1305=VECTOR('',#4295,10.);
#1306=VECTOR('',#4298,10.);
#1307=VECTOR('',#4299,10.);
#1308=VECTOR('',#4300,10.);
#1309=VECTOR('',#4301,10.);
#1310=VECTOR('',#4302,10.);
#1311=VECTOR('',#4303,10.);
#1312=VECTOR('',#4304,10.);
#1313=VECTOR('',#4305,10.);
#1314=VECTOR('',#4306,10.);
#1315=VECTOR('',#4307,10.);
#1316=VECTOR('',#4310,10.);
#1317=VECTOR('',#4311,10.);
#1318=VECTOR('',#4312,10.);
#1319=VECTOR('',#4313,10.);
#1320=VECTOR('',#4314,10.);
#1321=VECTOR('',#4315,10.);
#1322=VECTOR('',#4316,10.);
#1323=VECTOR('',#4317,10.);
#1324=VECTOR('',#4320,10.);
#1325=VECTOR('',#4321,10.);
#1326=VECTOR('',#4324,10.);
#1327=VECTOR('',#4325,10.);
#1328=VECTOR('',#4328,10.);
#1329=VECTOR('',#4331,10.);
#1330=VECTOR('',#4332,10.);
#1331=VECTOR('',#4333,10.);
#1332=VECTOR('',#4336,10.);
#1333=VECTOR('',#4339,10.);
#1334=VECTOR('',#4342,10.);
#1335=VECTOR('',#4343,10.);
#1336=VECTOR('',#4344,10.);
#1337=VECTOR('',#4347,10.);
#1338=VECTOR('',#4348,10.);
#1339=VECTOR('',#4351,10.);
#1340=VECTOR('',#4352,10.);
#1341=VECTOR('',#4355,10.);
#1342=VECTOR('',#4358,10.);
#1343=VECTOR('',#4359,10.);
#1344=VECTOR('',#4364,10.);
#1345=VECTOR('',#4371,10.);
#1346=VECTOR('',#4374,10.);
#1347=VECTOR('',#4389,10.);
#1348=VECTOR('',#4392,10.);
#1349=VECTOR('',#4395,10.);
#1350=VECTOR('',#4396,10.);
#1351=VECTOR('',#4397,10.);
#1352=VECTOR('',#4402,10.);
#1353=VECTOR('',#4407,10.);
#1354=VECTOR('',#4410,10.);
#1355=VECTOR('',#4413,10.);
#1356=VECTOR('',#4416,10.);
#1357=VECTOR('',#4417,10.);
#1358=VECTOR('',#4422,10.);
#1359=VECTOR('',#4425,10.);
#1360=VECTOR('',#4426,10.);
#1361=VECTOR('',#4431,10.);
#1362=VECTOR('',#4434,10.);
#1363=VECTOR('',#4449,10.);
#1364=VECTOR('',#4450,10.);
#1365=VECTOR('',#4451,10.);
#1366=VECTOR('',#4452,10.);
#1367=VECTOR('',#4455,10.);
#1368=VECTOR('',#4456,10.);
#1369=VECTOR('',#4457,10.);
#1370=VECTOR('',#4458,10.);
#1371=VECTOR('',#4461,10.);
#1372=VECTOR('',#4462,10.);
#1373=VECTOR('',#4463,10.);
#1374=VECTOR('',#4466,10.);
#1375=VECTOR('',#4467,10.);
#1376=VECTOR('',#4468,10.);
#1377=VECTOR('',#4469,10.);
#1378=VECTOR('',#4470,10.);
#1379=VECTOR('',#4473,10.);
#1380=VECTOR('',#4474,10.);
#1381=VECTOR('',#4477,10.);
#1382=VECTOR('',#4478,10.);
#1383=VECTOR('',#4479,10.);
#1384=VECTOR('',#4480,10.);
#1385=VECTOR('',#4483,10.);
#1386=VECTOR('',#4488,10.);
#1387=VECTOR('',#4503,4.5258336886491);
#1388=VECTOR('',#4510,10.);
#1389=VECTOR('',#4511,10.);
#1390=VECTOR('',#4512,10.);
#1391=VECTOR('',#4513,10.);
#1392=VECTOR('',#4516,10.);
#1393=VECTOR('',#4517,10.);
#1394=VECTOR('',#4518,10.);
#1395=VECTOR('',#4521,10.);
#1396=VECTOR('',#4522,10.);
#1397=VECTOR('',#4523,10.);
#1398=VECTOR('',#4526,10.);
#1399=VECTOR('',#4527,10.);
#1400=VECTOR('',#4538,4.);
#1401=VECTOR('',#4543,10.);
#1402=VECTOR('',#4544,10.);
#1403=VECTOR('',#4545,10.);
#1404=VECTOR('',#4546,10.);
#1405=VECTOR('',#4549,10.);
#1406=VECTOR('',#4550,10.);
#1407=VECTOR('',#4551,10.);
#1408=VECTOR('',#4554,10.);
#1409=VECTOR('',#4555,10.);
#1410=VECTOR('',#4556,10.);
#1411=VECTOR('',#4559,10.);
#1412=VECTOR('',#4560,10.);
#1413=VECTOR('',#4569,10.);
#1414=VECTOR('',#4570,10.);
#1415=VECTOR('',#4571,10.);
#1416=VECTOR('',#4572,10.);
#1417=VECTOR('',#4575,10.);
#1418=VECTOR('',#4576,10.);
#1419=VECTOR('',#4577,10.);
#1420=VECTOR('',#4580,10.);
#1421=VECTOR('',#4581,10.);
#1422=VECTOR('',#4582,10.);
#1423=VECTOR('',#4585,10.);
#1424=VECTOR('',#4586,10.);
#1425=VECTOR('',#4587,10.);
#1426=VECTOR('',#4590,10.);
#1427=VECTOR('',#4591,10.);
#1428=VECTOR('',#4592,10.);
#1429=VECTOR('',#4595,10.);
#1430=VECTOR('',#4596,10.);
#1431=VECTOR('',#4599,10.);
#1432=VECTOR('',#4600,10.);
#1433=VECTOR('',#4601,10.);
#1434=VECTOR('',#4602,10.);
#1435=VECTOR('',#4605,10.);
#1436=VECTOR('',#4606,10.);
#1437=VECTOR('',#4607,10.);
#1438=VECTOR('',#4610,10.);
#1439=VECTOR('',#4611,10.);
#1440=VECTOR('',#4612,10.);
#1441=VECTOR('',#4615,10.);
#1442=VECTOR('',#4616,10.);
#1443=VECTOR('',#4625,10.);
#1444=VECTOR('',#4626,10.);
#1445=VECTOR('',#4627,10.);
#1446=VECTOR('',#4628,10.);
#1447=VECTOR('',#4631,10.);
#1448=VECTOR('',#4632,10.);
#1449=VECTOR('',#4633,10.);
#1450=VECTOR('',#4636,10.);
#1451=VECTOR('',#4637,10.);
#1452=VECTOR('',#4638,10.);
#1453=VECTOR('',#4641,10.);
#1454=VECTOR('',#4642,10.);
#1455=VECTOR('',#4645,10.);
#1456=VECTOR('',#4646,10.);
#1457=VECTOR('',#4647,10.);
#1458=VECTOR('',#4648,10.);
#1459=VECTOR('',#4651,10.);
#1460=VECTOR('',#4652,10.);
#1461=VECTOR('',#4653,10.);
#1462=VECTOR('',#4656,10.);
#1463=VECTOR('',#4657,10.);
#1464=VECTOR('',#4658,10.);
#1465=VECTOR('',#4661,10.);
#1466=VECTOR('',#4662,10.);
#1467=VECTOR('',#4669,10.);
#1468=VECTOR('',#4670,10.);
#1469=VECTOR('',#4671,10.);
#1470=VECTOR('',#4672,10.);
#1471=VECTOR('',#4675,10.);
#1472=VECTOR('',#4676,10.);
#1473=VECTOR('',#4677,10.);
#1474=VECTOR('',#4680,10.);
#1475=VECTOR('',#4681,10.);
#1476=VECTOR('',#4682,10.);
#1477=VECTOR('',#4685,10.);
#1478=VECTOR('',#4686,10.);
#1479=VECTOR('',#4689,10.);
#1480=VECTOR('',#4690,10.);
#1481=VECTOR('',#4691,10.);
#1482=VECTOR('',#4692,10.);
#1483=VECTOR('',#4695,10.);
#1484=VECTOR('',#4696,10.);
#1485=VECTOR('',#4697,10.);
#1486=VECTOR('',#4700,10.);
#1487=VECTOR('',#4701,10.);
#1488=VECTOR('',#4702,10.);
#1489=VECTOR('',#4705,10.);
#1490=VECTOR('',#4706,10.);
#1491=VECTOR('',#4715,10.);
#1492=VECTOR('',#4716,10.);
#1493=VECTOR('',#4717,10.);
#1494=VECTOR('',#4718,10.);
#1495=VECTOR('',#4719,10.);
#1496=VECTOR('',#4720,10.);
#1497=VECTOR('',#4721,10.);
#1498=VECTOR('',#4722,10.);
#1499=VECTOR('',#4725,10.);
#1500=VECTOR('',#4726,10.);
#1501=VECTOR('',#4727,10.);
#1502=VECTOR('',#4730,10.);
#1503=VECTOR('',#4731,10.);
#1504=VECTOR('',#4734,10.);
#1505=VECTOR('',#4735,10.);
#1506=VECTOR('',#4736,10.);
#1507=VECTOR('',#4739,10.);
#1508=VECTOR('',#4740,10.);
#1509=VECTOR('',#4743,10.);
#1510=VECTOR('',#4744,10.);
#1511=VECTOR('',#4747,10.);
#1512=VECTOR('',#4750,10.);
#1513=VECTOR('',#4751,10.);
#1514=VECTOR('',#4754,10.);
#1515=VECTOR('',#4761,10.);
#1516=VECTOR('',#4762,10.);
#1517=VECTOR('',#4763,10.);
#1518=VECTOR('',#4764,10.);
#1519=VECTOR('',#4765,10.);
#1520=VECTOR('',#4766,10.);
#1521=VECTOR('',#4767,10.);
#1522=VECTOR('',#4768,10.);
#1523=VECTOR('',#4771,10.);
#1524=VECTOR('',#4772,10.);
#1525=VECTOR('',#4773,10.);
#1526=VECTOR('',#4776,10.);
#1527=VECTOR('',#4777,10.);
#1528=VECTOR('',#4780,10.);
#1529=VECTOR('',#4781,10.);
#1530=VECTOR('',#4782,10.);
#1531=VECTOR('',#4785,10.);
#1532=VECTOR('',#4786,10.);
#1533=VECTOR('',#4789,10.);
#1534=VECTOR('',#4790,10.);
#1535=VECTOR('',#4793,10.);
#1536=VECTOR('',#4796,10.);
#1537=VECTOR('',#4797,10.);
#1538=VECTOR('',#4800,10.);
#1539=B_SPLINE_CURVE_WITH_KNOTS('',3,(#4830,#4831,#4832,#4833,#4834,#4835,
#4836,#4837,#4838,#4839,#4840,#4841,#4842,#4843),.UNSPECIFIED.,.F.,.F.,
(4,2,2,2,2,2,4),(1.6203558016973,1.71505497241557,1.85000863030315,1.98496228819072,
2.1199159460783,2.25486960396588,2.34956877468415),.UNSPECIFIED.);
#1540=B_SPLINE_CURVE_WITH_KNOTS('',3,(#4942,#4943,#4944,#4945,#4946,#4947,
#4948,#4949,#4950,#4951),.UNSPECIFIED.,.F.,.F.,(4,2,2,2,4),(1.54599563920171,
1.59614169357901,1.78499225427778,1.97384281497655,2.02398886935385),
 .UNSPECIFIED.);
#1541=B_SPLINE_CURVE_WITH_KNOTS('',3,(#5100,#5101,#5102,#5103,#5104,#5105),
 .UNSPECIFIED.,.F.,.F.,(4,2,4),(1.78499225427778,1.97384281497655,2.02398886935386),
 .UNSPECIFIED.);
#1542=B_SPLINE_CURVE_WITH_KNOTS('',3,(#5116,#5117,#5118,#5119,#5120,#5121),
 .UNSPECIFIED.,.F.,.F.,(4,2,4),(1.54599563920171,1.59614169357902,1.78499225427778),
 .UNSPECIFIED.);
#1543=VERTEX_POINT('',#4828);
#1544=VERTEX_POINT('',#4829);
#1545=VERTEX_POINT('',#4844);
#1546=VERTEX_POINT('',#4846);
#1547=VERTEX_POINT('',#4848);
#1548=VERTEX_POINT('',#4850);
#1549=VERTEX_POINT('',#4854);
#1550=VERTEX_POINT('',#4857);
#1551=VERTEX_POINT('',#4859);
#1552=VERTEX_POINT('',#4861);
#1553=VERTEX_POINT('',#4863);
#1554=VERTEX_POINT('',#4867);
#1555=VERTEX_POINT('',#4869);
#1556=VERTEX_POINT('',#4873);
#1557=VERTEX_POINT('',#4875);
#1558=VERTEX_POINT('',#4879);
#1559=VERTEX_POINT('',#4883);
#1560=VERTEX_POINT('',#4886);
#1561=VERTEX_POINT('',#4890);
#1562=VERTEX_POINT('',#4894);
#1563=VERTEX_POINT('',#4900);
#1564=VERTEX_POINT('',#4901);
#1565=VERTEX_POINT('',#4903);
#1566=VERTEX_POINT('',#4905);
#1567=VERTEX_POINT('',#4909);
#1568=VERTEX_POINT('',#4910);
#1569=VERTEX_POINT('',#4915);
#1570=VERTEX_POINT('',#4917);
#1571=VERTEX_POINT('',#4921);
#1572=VERTEX_POINT('',#4922);
#1573=VERTEX_POINT('',#4924);
#1574=VERTEX_POINT('',#4926);
#1575=VERTEX_POINT('',#4928);
#1576=VERTEX_POINT('',#4933);
#1577=VERTEX_POINT('',#4935);
#1578=VERTEX_POINT('',#4939);
#1579=VERTEX_POINT('',#4954);
#1580=VERTEX_POINT('',#4955);
#1581=VERTEX_POINT('',#4960);
#1582=VERTEX_POINT('',#4962);
#1583=VERTEX_POINT('',#4968);
#1584=VERTEX_POINT('',#4969);
#1585=VERTEX_POINT('',#4971);
#1586=VERTEX_POINT('',#4973);
#1587=VERTEX_POINT('',#4975);
#1588=VERTEX_POINT('',#4977);
#1589=VERTEX_POINT('',#4979);
#1590=VERTEX_POINT('',#4981);
#1591=VERTEX_POINT('',#4983);
#1592=VERTEX_POINT('',#4985);
#1593=VERTEX_POINT('',#4987);
#1594=VERTEX_POINT('',#4989);
#1595=VERTEX_POINT('',#4993);
#1596=VERTEX_POINT('',#4995);
#1597=VERTEX_POINT('',#4999);
#1598=VERTEX_POINT('',#5002);
#1599=VERTEX_POINT('',#5006);
#1600=VERTEX_POINT('',#5008);
#1601=VERTEX_POINT('',#5012);
#1602=VERTEX_POINT('',#5014);
#1603=VERTEX_POINT('',#5017);
#1604=VERTEX_POINT('',#5019);
#1605=VERTEX_POINT('',#5022);
#1606=VERTEX_POINT('',#5024);
#1607=VERTEX_POINT('',#5026);
#1608=VERTEX_POINT('',#5030);
#1609=VERTEX_POINT('',#5032);
#1610=VERTEX_POINT('',#5041);
#1611=VERTEX_POINT('',#5042);
#1612=VERTEX_POINT('',#5046);
#1613=VERTEX_POINT('',#5047);
#1614=VERTEX_POINT('',#5049);
#1615=VERTEX_POINT('',#5051);
#1616=VERTEX_POINT('',#5053);
#1617=VERTEX_POINT('',#5055);
#1618=VERTEX_POINT('',#5064);
#1619=VERTEX_POINT('',#5065);
#1620=VERTEX_POINT('',#5067);
#1621=VERTEX_POINT('',#5069);
#1622=VERTEX_POINT('',#5071);
#1623=VERTEX_POINT('',#5073);
#1624=VERTEX_POINT('',#5089);
#1625=VERTEX_POINT('',#5094);
#1626=VERTEX_POINT('',#5098);
#1627=VERTEX_POINT('',#5099);
#1628=VERTEX_POINT('',#5106);
#1629=VERTEX_POINT('',#5108);
#1630=VERTEX_POINT('',#5110);
#1631=VERTEX_POINT('',#5112);
#1632=VERTEX_POINT('',#5114);
#1633=VERTEX_POINT('',#5124);
#1634=VERTEX_POINT('',#5126);
#1635=VERTEX_POINT('',#5128);
#1636=VERTEX_POINT('',#5130);
#1637=VERTEX_POINT('',#5134);
#1638=VERTEX_POINT('',#5136);
#1639=VERTEX_POINT('',#5140);
#1640=VERTEX_POINT('',#5142);
#1641=VERTEX_POINT('',#5146);
#1642=VERTEX_POINT('',#5150);
#1643=VERTEX_POINT('',#5153);
#1644=VERTEX_POINT('',#5157);
#1645=VERTEX_POINT('',#5161);
#1646=VERTEX_POINT('',#5167);
#1647=VERTEX_POINT('',#5182);
#1648=VERTEX_POINT('',#5183);
#1649=VERTEX_POINT('',#5185);
#1650=VERTEX_POINT('',#5187);
#1651=VERTEX_POINT('',#5191);
#1652=VERTEX_POINT('',#5193);
#1653=VERTEX_POINT('',#5197);
#1654=VERTEX_POINT('',#5199);
#1655=VERTEX_POINT('',#5206);
#1656=VERTEX_POINT('',#5208);
#1657=VERTEX_POINT('',#5212);
#1658=VERTEX_POINT('',#5216);
#1659=VERTEX_POINT('',#5217);
#1660=VERTEX_POINT('',#5219);
#1661=VERTEX_POINT('',#5221);
#1662=VERTEX_POINT('',#5223);
#1663=VERTEX_POINT('',#5225);
#1664=VERTEX_POINT('',#5227);
#1665=VERTEX_POINT('',#5229);
#1666=VERTEX_POINT('',#5233);
#1667=VERTEX_POINT('',#5240);
#1668=VERTEX_POINT('',#5241);
#1669=VERTEX_POINT('',#5243);
#1670=VERTEX_POINT('',#5245);
#1671=VERTEX_POINT('',#5249);
#1672=VERTEX_POINT('',#5250);
#1673=VERTEX_POINT('',#5255);
#1674=VERTEX_POINT('',#5256);
#1675=VERTEX_POINT('',#5261);
#1676=VERTEX_POINT('',#5262);
#1677=VERTEX_POINT('',#5264);
#1678=VERTEX_POINT('',#5266);
#1679=VERTEX_POINT('',#5271);
#1680=VERTEX_POINT('',#5272);
#1681=VERTEX_POINT('',#5277);
#1682=VERTEX_POINT('',#5278);
#1683=VERTEX_POINT('',#5280);
#1684=VERTEX_POINT('',#5282);
#1685=VERTEX_POINT('',#5286);
#1686=VERTEX_POINT('',#5290);
#1687=VERTEX_POINT('',#5296);
#1688=VERTEX_POINT('',#5298);
#1689=VERTEX_POINT('',#5300);
#1690=VERTEX_POINT('',#5303);
#1691=VERTEX_POINT('',#5305);
#1692=VERTEX_POINT('',#5307);
#1693=VERTEX_POINT('',#5309);
#1694=VERTEX_POINT('',#5314);
#1695=VERTEX_POINT('',#5316);
#1696=VERTEX_POINT('',#5318);
#1697=VERTEX_POINT('',#5320);
#1698=VERTEX_POINT('',#5322);
#1699=VERTEX_POINT('',#5324);
#1700=VERTEX_POINT('',#5326);
#1701=VERTEX_POINT('',#5330);
#1702=VERTEX_POINT('',#5334);
#1703=VERTEX_POINT('',#5340);
#1704=VERTEX_POINT('',#5342);
#1705=VERTEX_POINT('',#5350);
#1706=VERTEX_POINT('',#5352);
#1707=VERTEX_POINT('',#5356);
#1708=VERTEX_POINT('',#5360);
#1709=VERTEX_POINT('',#5369);
#1710=VERTEX_POINT('',#5371);
#1711=VERTEX_POINT('',#5385);
#1712=VERTEX_POINT('',#5386);
#1713=VERTEX_POINT('',#5388);
#1714=VERTEX_POINT('',#5390);
#1715=VERTEX_POINT('',#5394);
#1716=VERTEX_POINT('',#5396);
#1717=VERTEX_POINT('',#5400);
#1718=VERTEX_POINT('',#5402);
#1719=VERTEX_POINT('',#5406);
#1720=VERTEX_POINT('',#5408);
#1721=VERTEX_POINT('',#5410);
#1722=VERTEX_POINT('',#5412);
#1723=VERTEX_POINT('',#5416);
#1724=VERTEX_POINT('',#5420);
#1725=VERTEX_POINT('',#5424);
#1726=VERTEX_POINT('',#5428);
#1727=VERTEX_POINT('',#5440);
#1728=VERTEX_POINT('',#5441);
#1729=VERTEX_POINT('',#5443);
#1730=VERTEX_POINT('',#5445);
#1731=VERTEX_POINT('',#5449);
#1732=VERTEX_POINT('',#5450);
#1733=VERTEX_POINT('',#5452);
#1734=VERTEX_POINT('',#5454);
#1735=VERTEX_POINT('',#5458);
#1736=VERTEX_POINT('',#5460);
#1737=VERTEX_POINT('',#5464);
#1738=VERTEX_POINT('',#5466);
#1739=VERTEX_POINT('',#5469);
#1740=VERTEX_POINT('',#5473);
#1741=VERTEX_POINT('',#5477);
#1742=VERTEX_POINT('',#5480);
#1743=VERTEX_POINT('',#5494);
#1744=VERTEX_POINT('',#5496);
#1745=VERTEX_POINT('',#5501);
#1746=VERTEX_POINT('',#5502);
#1747=VERTEX_POINT('',#5504);
#1748=VERTEX_POINT('',#5506);
#1749=VERTEX_POINT('',#5510);
#1750=VERTEX_POINT('',#5512);
#1751=VERTEX_POINT('',#5516);
#1752=VERTEX_POINT('',#5518);
#1753=VERTEX_POINT('',#5528);
#1754=VERTEX_POINT('',#5530);
#1755=VERTEX_POINT('',#5534);
#1756=VERTEX_POINT('',#5535);
#1757=VERTEX_POINT('',#5537);
#1758=VERTEX_POINT('',#5539);
#1759=VERTEX_POINT('',#5543);
#1760=VERTEX_POINT('',#5545);
#1761=VERTEX_POINT('',#5549);
#1762=VERTEX_POINT('',#5551);
#1763=VERTEX_POINT('',#5561);
#1764=VERTEX_POINT('',#5562);
#1765=VERTEX_POINT('',#5564);
#1766=VERTEX_POINT('',#5566);
#1767=VERTEX_POINT('',#5570);
#1768=VERTEX_POINT('',#5572);
#1769=VERTEX_POINT('',#5576);
#1770=VERTEX_POINT('',#5578);
#1771=VERTEX_POINT('',#5582);
#1772=VERTEX_POINT('',#5584);
#1773=VERTEX_POINT('',#5588);
#1774=VERTEX_POINT('',#5590);
#1775=VERTEX_POINT('',#5597);
#1776=VERTEX_POINT('',#5598);
#1777=VERTEX_POINT('',#5600);
#1778=VERTEX_POINT('',#5602);
#1779=VERTEX_POINT('',#5606);
#1780=VERTEX_POINT('',#5608);
#1781=VERTEX_POINT('',#5612);
#1782=VERTEX_POINT('',#5614);
#1783=VERTEX_POINT('',#5624);
#1784=VERTEX_POINT('',#5625);
#1785=VERTEX_POINT('',#5627);
#1786=VERTEX_POINT('',#5629);
#1787=VERTEX_POINT('',#5633);
#1788=VERTEX_POINT('',#5635);
#1789=VERTEX_POINT('',#5639);
#1790=VERTEX_POINT('',#5641);
#1791=VERTEX_POINT('',#5648);
#1792=VERTEX_POINT('',#5649);
#1793=VERTEX_POINT('',#5651);
#1794=VERTEX_POINT('',#5653);
#1795=VERTEX_POINT('',#5657);
#1796=VERTEX_POINT('',#5659);
#1797=VERTEX_POINT('',#5663);
#1798=VERTEX_POINT('',#5665);
#1799=VERTEX_POINT('',#5674);
#1800=VERTEX_POINT('',#5675);
#1801=VERTEX_POINT('',#5677);
#1802=VERTEX_POINT('',#5679);
#1803=VERTEX_POINT('',#5683);
#1804=VERTEX_POINT('',#5685);
#1805=VERTEX_POINT('',#5689);
#1806=VERTEX_POINT('',#5691);
#1807=VERTEX_POINT('',#5698);
#1808=VERTEX_POINT('',#5699);
#1809=VERTEX_POINT('',#5701);
#1810=VERTEX_POINT('',#5703);
#1811=VERTEX_POINT('',#5707);
#1812=VERTEX_POINT('',#5709);
#1813=VERTEX_POINT('',#5713);
#1814=VERTEX_POINT('',#5715);
#1815=VERTEX_POINT('',#5725);
#1816=VERTEX_POINT('',#5726);
#1817=VERTEX_POINT('',#5728);
#1818=VERTEX_POINT('',#5730);
#1819=VERTEX_POINT('',#5733);
#1820=VERTEX_POINT('',#5734);
#1821=VERTEX_POINT('',#5736);
#1822=VERTEX_POINT('',#5738);
#1823=VERTEX_POINT('',#5742);
#1824=VERTEX_POINT('',#5744);
#1825=VERTEX_POINT('',#5748);
#1826=VERTEX_POINT('',#5752);
#1827=VERTEX_POINT('',#5754);
#1828=VERTEX_POINT('',#5758);
#1829=VERTEX_POINT('',#5762);
#1830=VERTEX_POINT('',#5768);
#1831=VERTEX_POINT('',#5776);
#1832=VERTEX_POINT('',#5777);
#1833=VERTEX_POINT('',#5779);
#1834=VERTEX_POINT('',#5781);
#1835=VERTEX_POINT('',#5784);
#1836=VERTEX_POINT('',#5785);
#1837=VERTEX_POINT('',#5787);
#1838=VERTEX_POINT('',#5789);
#1839=VERTEX_POINT('',#5793);
#1840=VERTEX_POINT('',#5795);
#1841=VERTEX_POINT('',#5799);
#1842=VERTEX_POINT('',#5803);
#1843=VERTEX_POINT('',#5805);
#1844=VERTEX_POINT('',#5809);
#1845=VERTEX_POINT('',#5813);
#1846=VERTEX_POINT('',#5819);
#1847=EDGE_CURVE('',#1543,#1544,#1539,.F.);
#1848=EDGE_CURVE('',#1543,#1545,#751,.T.);
#1849=EDGE_CURVE('',#1545,#1546,#691,.T.);
#1850=EDGE_CURVE('',#1546,#1547,#752,.T.);
#1851=EDGE_CURVE('',#1547,#1548,#692,.T.);
#1852=EDGE_CURVE('',#1548,#1544,#753,.T.);
#1853=EDGE_CURVE('',#1543,#1549,#693,.T.);
#1854=EDGE_CURVE('',#1549,#1544,#694,.T.);
#1855=EDGE_CURVE('',#1548,#1550,#754,.T.);
#1856=EDGE_CURVE('',#1551,#1550,#695,.T.);
#1857=EDGE_CURVE('',#1551,#1552,#755,.T.);
#1858=EDGE_CURVE('',#1553,#1552,#696,.T.);
#1859=EDGE_CURVE('',#1553,#1545,#756,.T.);
#1860=EDGE_CURVE('',#1554,#1547,#757,.T.);
#1861=EDGE_CURVE('',#1554,#1555,#758,.T.);
#1862=EDGE_CURVE('',#1550,#1555,#759,.T.);
#1863=EDGE_CURVE('',#1546,#1556,#760,.T.);
#1864=EDGE_CURVE('',#1557,#1553,#761,.T.);
#1865=EDGE_CURVE('',#1557,#1556,#762,.T.);
#1866=EDGE_CURVE('',#1549,#1558,#763,.T.);
#1867=EDGE_CURVE('',#1558,#1558,#697,.T.);
#1868=EDGE_CURVE('',#1559,#1559,#698,.T.);
#1869=EDGE_CURVE('',#1560,#1560,#699,.T.);
#1870=EDGE_CURVE('',#1560,#1559,#764,.T.);
#1871=EDGE_CURVE('',#1555,#1561,#700,.T.);
#1872=EDGE_CURVE('',#1561,#1551,#765,.T.);
#1873=EDGE_CURVE('',#1561,#1562,#766,.T.);
#1874=EDGE_CURVE('',#1552,#1562,#767,.T.);
#1875=EDGE_CURVE('',#1562,#1557,#701,.T.);
#1876=EDGE_CURVE('',#1563,#1564,#702,.T.);
#1877=EDGE_CURVE('',#1564,#1565,#768,.T.);
#1878=EDGE_CURVE('',#1565,#1566,#703,.T.);
#1879=EDGE_CURVE('',#1566,#1563,#769,.T.);
#1880=EDGE_CURVE('',#1567,#1568,#770,.T.);
#1881=EDGE_CURVE('',#1563,#1567,#771,.T.);
#1882=EDGE_CURVE('',#1566,#1568,#772,.T.);
#1883=EDGE_CURVE('',#1569,#1567,#704,.T.);
#1884=EDGE_CURVE('',#1568,#1570,#705,.T.);
#1885=EDGE_CURVE('',#1570,#1569,#773,.T.);
#1886=EDGE_CURVE('',#1571,#1572,#774,.T.);
#1887=EDGE_CURVE('',#1571,#1573,#706,.T.);
#1888=EDGE_CURVE('',#1573,#1574,#707,.T.);
#1889=EDGE_CURVE('',#1575,#1574,#775,.T.);
#1890=EDGE_CURVE('',#1575,#1564,#776,.T.);
#1891=EDGE_CURVE('',#1569,#1572,#777,.T.);
#1892=EDGE_CURVE('',#1576,#1576,#708,.T.);
#1893=EDGE_CURVE('',#1576,#1577,#778,.T.);
#1894=EDGE_CURVE('',#1577,#1577,#709,.T.);
#1895=EDGE_CURVE('',#1578,#1578,#710,.T.);
#1896=EDGE_CURVE('',#1571,#1574,#1540,.F.);
#1897=EDGE_CURVE('',#1573,#1578,#779,.T.);
#1898=EDGE_CURVE('',#1579,#1580,#780,.T.);
#1899=EDGE_CURVE('',#1579,#1565,#781,.T.);
#1900=EDGE_CURVE('',#1580,#1575,#711,.T.);
#1901=EDGE_CURVE('',#1570,#1581,#782,.T.);
#1902=EDGE_CURVE('',#1582,#1581,#783,.T.);
#1903=EDGE_CURVE('',#1572,#1582,#712,.T.);
#1904=EDGE_CURVE('',#1582,#1580,#784,.T.);
#1905=EDGE_CURVE('',#1583,#1584,#785,.T.);
#1906=EDGE_CURVE('',#1585,#1583,#786,.T.);
#1907=EDGE_CURVE('',#1585,#1586,#787,.T.);
#1908=EDGE_CURVE('',#1586,#1587,#788,.T.);
#1909=EDGE_CURVE('',#1587,#1588,#789,.T.);
#1910=EDGE_CURVE('',#1588,#1589,#790,.T.);
#1911=EDGE_CURVE('',#1589,#1590,#791,.T.);
#1912=EDGE_CURVE('',#1590,#1591,#792,.T.);
#1913=EDGE_CURVE('',#1591,#1592,#793,.T.);
#1914=EDGE_CURVE('',#1592,#1593,#794,.T.);
#1915=EDGE_CURVE('',#1593,#1594,#795,.T.);
#1916=EDGE_CURVE('',#1584,#1594,#796,.T.);
#1917=EDGE_CURVE('',#1595,#1585,#713,.T.);
#1918=EDGE_CURVE('',#1583,#1596,#714,.T.);
#1919=EDGE_CURVE('',#1596,#1595,#797,.T.);
#1920=EDGE_CURVE('',#1597,#1595,#798,.T.);
#1921=EDGE_CURVE('',#1579,#1596,#799,.T.);
#1922=EDGE_CURVE('',#1598,#1581,#800,.T.);
#1923=EDGE_CURVE('',#1597,#1598,#801,.T.);
#1924=EDGE_CURVE('',#1599,#1597,#715,.T.);
#1925=EDGE_CURVE('',#1598,#1600,#716,.T.);
#1926=EDGE_CURVE('',#1600,#1599,#802,.T.);
#1927=EDGE_CURVE('',#1593,#1601,#803,.T.);
#1928=EDGE_CURVE('',#1601,#1602,#804,.T.);
#1929=EDGE_CURVE('',#1602,#1590,#805,.T.);
#1930=EDGE_CURVE('',#1589,#1603,#806,.T.);
#1931=EDGE_CURVE('',#1603,#1604,#807,.T.);
#1932=EDGE_CURVE('',#1604,#1586,#808,.T.);
#1933=EDGE_CURVE('',#1605,#1599,#809,.T.);
#1934=EDGE_CURVE('',#1606,#1605,#717,.T.);
#1935=EDGE_CURVE('',#1607,#1606,#810,.T.);
#1936=EDGE_CURVE('',#1594,#1607,#718,.T.);
#1937=EDGE_CURVE('',#1604,#1608,#811,.T.);
#1938=EDGE_CURVE('',#1609,#1603,#812,.T.);
#1939=EDGE_CURVE('',#1608,#1609,#813,.T.);
#1940=EDGE_CURVE('',#1587,#1608,#814,.T.);
#1941=EDGE_CURVE('',#1588,#1609,#815,.T.);
#1942=EDGE_CURVE('',#1610,#1611,#816,.T.);
#1943=EDGE_CURVE('',#1602,#1610,#817,.T.);
#1944=EDGE_CURVE('',#1611,#1601,#818,.T.);
#1945=EDGE_CURVE('',#1612,#1613,#819,.T.);
#1946=EDGE_CURVE('',#1613,#1614,#820,.T.);
#1947=EDGE_CURVE('',#1614,#1615,#821,.T.);
#1948=EDGE_CURVE('',#1615,#1616,#822,.T.);
#1949=EDGE_CURVE('',#1616,#1617,#823,.T.);
#1950=EDGE_CURVE('',#1617,#1612,#824,.T.);
#1951=EDGE_CURVE('',#1591,#1610,#825,.T.);
#1952=EDGE_CURVE('',#1592,#1611,#826,.T.);
#1953=EDGE_CURVE('',#1618,#1619,#827,.T.);
#1954=EDGE_CURVE('',#1619,#1620,#828,.T.);
#1955=EDGE_CURVE('',#1620,#1621,#829,.T.);
#1956=EDGE_CURVE('',#1621,#1622,#830,.T.);
#1957=EDGE_CURVE('',#1622,#1623,#831,.T.);
#1958=EDGE_CURVE('',#1623,#1618,#832,.T.);
#1959=EDGE_CURVE('',#1617,#1619,#833,.T.);
#1960=EDGE_CURVE('',#1612,#1618,#834,.T.);
#1961=EDGE_CURVE('',#1616,#1620,#835,.T.);
#1962=EDGE_CURVE('',#1615,#1621,#836,.T.);
#1963=EDGE_CURVE('',#1614,#1622,#837,.T.);
#1964=EDGE_CURVE('',#1613,#1623,#838,.T.);
#1965=EDGE_CURVE('',#1556,#1624,#839,.T.);
#1966=EDGE_CURVE('',#1605,#1624,#840,.T.);
#1967=EDGE_CURVE('',#1600,#1554,#841,.T.);
#1968=EDGE_CURVE('',#1607,#1625,#842,.T.);
#1969=EDGE_CURVE('',#1625,#1584,#719,.T.);
#1970=EDGE_CURVE('',#1626,#1627,#1541,.F.);
#1971=EDGE_CURVE('',#1626,#1628,#843,.T.);
#1972=EDGE_CURVE('',#1628,#1629,#720,.T.);
#1973=EDGE_CURVE('',#1629,#1630,#844,.T.);
#1974=EDGE_CURVE('',#1630,#1631,#721,.T.);
#1975=EDGE_CURVE('',#1631,#1632,#845,.T.);
#1976=EDGE_CURVE('',#1627,#1632,#1542,.F.);
#1977=EDGE_CURVE('',#1626,#1632,#722,.T.);
#1978=EDGE_CURVE('',#1633,#1631,#846,.T.);
#1979=EDGE_CURVE('',#1634,#1633,#723,.T.);
#1980=EDGE_CURVE('',#1634,#1635,#847,.T.);
#1981=EDGE_CURVE('',#1636,#1635,#724,.T.);
#1982=EDGE_CURVE('',#1636,#1628,#848,.T.);
#1983=EDGE_CURVE('',#1637,#1636,#849,.T.);
#1984=EDGE_CURVE('',#1637,#1638,#850,.T.);
#1985=EDGE_CURVE('',#1629,#1638,#851,.T.);
#1986=EDGE_CURVE('',#1639,#1630,#852,.T.);
#1987=EDGE_CURVE('',#1639,#1640,#853,.T.);
#1988=EDGE_CURVE('',#1633,#1640,#854,.T.);
#1989=EDGE_CURVE('',#1627,#1641,#855,.T.);
#1990=EDGE_CURVE('',#1641,#1641,#725,.T.);
#1991=EDGE_CURVE('',#1642,#1642,#726,.T.);
#1992=EDGE_CURVE('',#1643,#1643,#727,.T.);
#1993=EDGE_CURVE('',#1643,#1642,#856,.T.);
#1994=EDGE_CURVE('',#1635,#1644,#857,.T.);
#1995=EDGE_CURVE('',#1644,#1637,#728,.T.);
#1996=EDGE_CURVE('',#1645,#1634,#858,.T.);
#1997=EDGE_CURVE('',#1645,#1644,#859,.T.);
#1998=EDGE_CURVE('',#1640,#1645,#729,.T.);
#1999=EDGE_CURVE('',#1646,#1606,#860,.T.);
#2000=EDGE_CURVE('',#1639,#1646,#861,.T.);
#2001=EDGE_CURVE('',#1625,#1638,#862,.T.);
#2002=EDGE_CURVE('',#1624,#1646,#730,.T.);
#2003=EDGE_CURVE('',#1647,#1648,#863,.T.);
#2004=EDGE_CURVE('',#1648,#1649,#864,.T.);
#2005=EDGE_CURVE('',#1649,#1650,#865,.T.);
#2006=EDGE_CURVE('',#1650,#1647,#866,.T.);
#2007=EDGE_CURVE('',#1648,#1651,#867,.T.);
#2008=EDGE_CURVE('',#1651,#1652,#868,.T.);
#2009=EDGE_CURVE('',#1652,#1649,#869,.T.);
#2010=EDGE_CURVE('',#1653,#1652,#870,.T.);
#2011=EDGE_CURVE('',#1651,#1654,#871,.T.);
#2012=EDGE_CURVE('',#1654,#1653,#872,.T.);
#2013=EDGE_CURVE('',#1654,#1647,#873,.T.);
#2014=EDGE_CURVE('',#1650,#1653,#874,.T.);
#2015=EDGE_CURVE('',#1650,#1655,#875,.T.);
#2016=EDGE_CURVE('',#1655,#1656,#876,.T.);
#2017=EDGE_CURVE('',#1653,#1656,#877,.T.);
#2018=EDGE_CURVE('',#1649,#1657,#878,.T.);
#2019=EDGE_CURVE('',#1657,#1655,#879,.T.);
#2020=EDGE_CURVE('',#1658,#1659,#880,.T.);
#2021=EDGE_CURVE('',#1660,#1659,#731,.T.);
#2022=EDGE_CURVE('',#1660,#1661,#881,.T.);
#2023=EDGE_CURVE('',#1662,#1661,#732,.T.);
#2024=EDGE_CURVE('',#1662,#1663,#882,.T.);
#2025=EDGE_CURVE('',#1664,#1663,#733,.T.);
#2026=EDGE_CURVE('',#1664,#1665,#883,.T.);
#2027=EDGE_CURVE('',#1658,#1665,#734,.T.);
#2028=EDGE_CURVE('',#1652,#1666,#884,.T.);
#2029=EDGE_CURVE('',#1666,#1657,#885,.T.);
#2030=EDGE_CURVE('',#1656,#1666,#886,.T.);
#2031=EDGE_CURVE('',#1667,#1668,#887,.T.);
#2032=EDGE_CURVE('',#1669,#1668,#888,.T.);
#2033=EDGE_CURVE('',#1670,#1669,#889,.T.);
#2034=EDGE_CURVE('',#1670,#1667,#890,.T.);
#2035=EDGE_CURVE('',#1671,#1672,#735,.T.);
#2036=EDGE_CURVE('',#1671,#1664,#891,.T.);
#2037=EDGE_CURVE('',#1663,#1672,#892,.T.);
#2038=EDGE_CURVE('',#1673,#1674,#736,.T.);
#2039=EDGE_CURVE('',#1673,#1658,#893,.T.);
#2040=EDGE_CURVE('',#1665,#1674,#894,.T.);
#2041=EDGE_CURVE('',#1675,#1676,#895,.T.);
#2042=EDGE_CURVE('',#1676,#1677,#896,.T.);
#2043=EDGE_CURVE('',#1677,#1678,#897,.T.);
#2044=EDGE_CURVE('',#1674,#1678,#898,.T.);
#2045=EDGE_CURVE('',#1675,#1671,#899,.T.);
#2046=EDGE_CURVE('',#1679,#1680,#900,.T.);
#2047=EDGE_CURVE('',#1678,#1679,#901,.T.);
#2048=EDGE_CURVE('',#1677,#1680,#902,.T.);
#2049=EDGE_CURVE('',#1681,#1682,#903,.T.);
#2050=EDGE_CURVE('',#1683,#1681,#904,.T.);
#2051=EDGE_CURVE('',#1683,#1684,#905,.T.);
#2052=EDGE_CURVE('',#1682,#1684,#906,.T.);
#2053=EDGE_CURVE('',#1680,#1685,#907,.T.);
#2054=EDGE_CURVE('',#1676,#1685,#908,.T.);
#2055=EDGE_CURVE('',#1685,#1686,#909,.T.);
#2056=EDGE_CURVE('',#1686,#1675,#910,.T.);
#2057=EDGE_CURVE('',#1679,#1686,#911,.T.);
#2058=EDGE_CURVE('',#1682,#1687,#912,.T.);
#2059=EDGE_CURVE('',#1687,#1688,#913,.T.);
#2060=EDGE_CURVE('',#1689,#1688,#914,.T.);
#2061=EDGE_CURVE('',#1689,#1670,#915,.T.);
#2062=EDGE_CURVE('',#1669,#1690,#916,.T.);
#2063=EDGE_CURVE('',#1691,#1690,#917,.T.);
#2064=EDGE_CURVE('',#1691,#1692,#918,.T.);
#2065=EDGE_CURVE('',#1692,#1693,#919,.T.);
#2066=EDGE_CURVE('',#1659,#1693,#920,.T.);
#2067=EDGE_CURVE('',#1681,#1673,#921,.T.);
#2068=EDGE_CURVE('',#1694,#1662,#922,.T.);
#2069=EDGE_CURVE('',#1694,#1695,#923,.T.);
#2070=EDGE_CURVE('',#1695,#1696,#924,.T.);
#2071=EDGE_CURVE('',#1697,#1696,#925,.T.);
#2072=EDGE_CURVE('',#1697,#1698,#926,.T.);
#2073=EDGE_CURVE('',#1698,#1699,#927,.T.);
#2074=EDGE_CURVE('',#1699,#1700,#928,.T.);
#2075=EDGE_CURVE('',#1672,#1700,#929,.T.);
#2076=EDGE_CURVE('',#1668,#1701,#930,.T.);
#2077=EDGE_CURVE('',#1690,#1701,#931,.T.);
#2078=EDGE_CURVE('',#1702,#1689,#932,.T.);
#2079=EDGE_CURVE('',#1702,#1667,#933,.T.);
#2080=EDGE_CURVE('',#1701,#1702,#934,.T.);
#2081=EDGE_CURVE('',#1687,#1703,#935,.T.);
#2082=EDGE_CURVE('',#1703,#1704,#936,.T.);
#2083=EDGE_CURVE('',#1688,#1704,#937,.T.);
#2084=EDGE_CURVE('',#1684,#1703,#938,.T.);
#2085=EDGE_CURVE('',#1704,#1683,#939,.T.);
#2086=EDGE_CURVE('',#1699,#1705,#940,.T.);
#2087=EDGE_CURVE('',#1705,#1706,#941,.T.);
#2088=EDGE_CURVE('',#1700,#1706,#942,.T.);
#2089=EDGE_CURVE('',#1698,#1707,#943,.T.);
#2090=EDGE_CURVE('',#1707,#1705,#944,.T.);
#2091=EDGE_CURVE('',#1708,#1697,#945,.T.);
#2092=EDGE_CURVE('',#1708,#1707,#946,.T.);
#2093=EDGE_CURVE('',#1706,#1708,#947,.T.);
#2094=EDGE_CURVE('',#1695,#1692,#948,.T.);
#2095=EDGE_CURVE('',#1696,#1691,#949,.T.);
#2096=EDGE_CURVE('',#1709,#1694,#737,.T.);
#2097=EDGE_CURVE('',#1710,#1709,#950,.T.);
#2098=EDGE_CURVE('',#1693,#1710,#738,.T.);
#2099=EDGE_CURVE('',#1710,#1660,#951,.T.);
#2100=EDGE_CURVE('',#1661,#1709,#952,.T.);
#2101=EDGE_CURVE('',#1711,#1712,#739,.T.);
#2102=EDGE_CURVE('',#1712,#1713,#953,.T.);
#2103=EDGE_CURVE('',#1714,#1713,#740,.T.);
#2104=EDGE_CURVE('',#1711,#1714,#954,.T.);
#2105=EDGE_CURVE('',#1712,#1715,#955,.T.);
#2106=EDGE_CURVE('',#1715,#1716,#956,.T.);
#2107=EDGE_CURVE('',#1713,#1716,#957,.T.);
#2108=EDGE_CURVE('',#1715,#1717,#741,.T.);
#2109=EDGE_CURVE('',#1717,#1718,#958,.T.);
#2110=EDGE_CURVE('',#1716,#1718,#742,.T.);
#2111=EDGE_CURVE('',#1718,#1719,#959,.T.);
#2112=EDGE_CURVE('',#1719,#1720,#743,.T.);
#2113=EDGE_CURVE('',#1720,#1721,#960,.T.);
#2114=EDGE_CURVE('',#1721,#1722,#744,.T.);
#2115=EDGE_CURVE('',#1722,#1714,#961,.T.);
#2116=EDGE_CURVE('',#1723,#1722,#962,.T.);
#2117=EDGE_CURVE('',#1723,#1711,#963,.T.);
#2118=EDGE_CURVE('',#1724,#1723,#745,.T.);
#2119=EDGE_CURVE('',#1724,#1721,#964,.T.);
#2120=EDGE_CURVE('',#1725,#1724,#965,.T.);
#2121=EDGE_CURVE('',#1725,#1720,#966,.T.);
#2122=EDGE_CURVE('',#1726,#1725,#746,.T.);
#2123=EDGE_CURVE('',#1726,#1719,#967,.T.);
#2124=EDGE_CURVE('',#1717,#1726,#968,.T.);
#2125=EDGE_CURVE('',#1727,#1728,#969,.T.);
#2126=EDGE_CURVE('',#1729,#1728,#970,.T.);
#2127=EDGE_CURVE('',#1729,#1730,#971,.T.);
#2128=EDGE_CURVE('',#1730,#1727,#972,.T.);
#2129=EDGE_CURVE('',#1731,#1732,#973,.T.);
#2130=EDGE_CURVE('',#1733,#1732,#974,.T.);
#2131=EDGE_CURVE('',#1733,#1734,#975,.T.);
#2132=EDGE_CURVE('',#1734,#1731,#976,.T.);
#2133=EDGE_CURVE('',#1732,#1735,#977,.T.);
#2134=EDGE_CURVE('',#1736,#1735,#978,.T.);
#2135=EDGE_CURVE('',#1736,#1733,#979,.T.);
#2136=EDGE_CURVE('',#1737,#1729,#980,.T.);
#2137=EDGE_CURVE('',#1738,#1737,#981,.T.);
#2138=EDGE_CURVE('',#1730,#1738,#982,.T.);
#2139=EDGE_CURVE('',#1734,#1739,#983,.T.);
#2140=EDGE_CURVE('',#1739,#1736,#984,.T.);
#2141=EDGE_CURVE('',#1728,#1740,#985,.T.);
#2142=EDGE_CURVE('',#1737,#1740,#986,.T.);
#2143=EDGE_CURVE('',#1741,#1727,#987,.T.);
#2144=EDGE_CURVE('',#1740,#1741,#988,.T.);
#2145=EDGE_CURVE('',#1742,#1731,#989,.T.);
#2146=EDGE_CURVE('',#1735,#1742,#990,.T.);
#2147=EDGE_CURVE('',#1738,#1741,#991,.T.);
#2148=EDGE_CURVE('',#1739,#1742,#992,.T.);
#2149=EDGE_CURVE('',#1743,#1743,#747,.T.);
#2150=EDGE_CURVE('',#1743,#1744,#993,.T.);
#2151=EDGE_CURVE('',#1744,#1744,#748,.T.);
#2152=EDGE_CURVE('',#1745,#1746,#994,.T.);
#2153=EDGE_CURVE('',#1745,#1747,#995,.T.);
#2154=EDGE_CURVE('',#1748,#1747,#996,.T.);
#2155=EDGE_CURVE('',#1746,#1748,#997,.T.);
#2156=EDGE_CURVE('',#1749,#1745,#998,.T.);
#2157=EDGE_CURVE('',#1749,#1750,#999,.T.);
#2158=EDGE_CURVE('',#1747,#1750,#1000,.T.);
#2159=EDGE_CURVE('',#1746,#1751,#1001,.T.);
#2160=EDGE_CURVE('',#1752,#1748,#1002,.T.);
#2161=EDGE_CURVE('',#1751,#1752,#1003,.T.);
#2162=EDGE_CURVE('',#1751,#1749,#1004,.T.);
#2163=EDGE_CURVE('',#1750,#1752,#1005,.T.);
#2164=EDGE_CURVE('',#1753,#1753,#749,.T.);
#2165=EDGE_CURVE('',#1753,#1754,#1006,.T.);
#2166=EDGE_CURVE('',#1754,#1754,#750,.T.);
#2167=EDGE_CURVE('',#1755,#1756,#1007,.T.);
#2168=EDGE_CURVE('',#1756,#1757,#1008,.T.);
#2169=EDGE_CURVE('',#1758,#1757,#1009,.T.);
#2170=EDGE_CURVE('',#1755,#1758,#1010,.T.);
#2171=EDGE_CURVE('',#1759,#1755,#1011,.T.);
#2172=EDGE_CURVE('',#1760,#1758,#1012,.T.);
#2173=EDGE_CURVE('',#1759,#1760,#1013,.T.);
#2174=EDGE_CURVE('',#1761,#1759,#1014,.T.);
#2175=EDGE_CURVE('',#1762,#1760,#1015,.T.);
#2176=EDGE_CURVE('',#1761,#1762,#1016,.T.);
#2177=EDGE_CURVE('',#1756,#1761,#1017,.T.);
#2178=EDGE_CURVE('',#1757,#1762,#1018,.T.);
#2179=EDGE_CURVE('',#1763,#1764,#1019,.T.);
#2180=EDGE_CURVE('',#1764,#1765,#1020,.T.);
#2181=EDGE_CURVE('',#1766,#1765,#1021,.T.);
#2182=EDGE_CURVE('',#1763,#1766,#1022,.T.);
#2183=EDGE_CURVE('',#1767,#1763,#1023,.T.);
#2184=EDGE_CURVE('',#1768,#1766,#1024,.T.);
#2185=EDGE_CURVE('',#1767,#1768,#1025,.T.);
#2186=EDGE_CURVE('',#1769,#1767,#1026,.T.);
#2187=EDGE_CURVE('',#1770,#1768,#1027,.T.);
#2188=EDGE_CURVE('',#1769,#1770,#1028,.T.);
#2189=EDGE_CURVE('',#1771,#1769,#1029,.T.);
#2190=EDGE_CURVE('',#1772,#1770,#1030,.T.);
#2191=EDGE_CURVE('',#1771,#1772,#1031,.T.);
#2192=EDGE_CURVE('',#1773,#1771,#1032,.T.);
#2193=EDGE_CURVE('',#1774,#1772,#1033,.T.);
#2194=EDGE_CURVE('',#1773,#1774,#1034,.T.);
#2195=EDGE_CURVE('',#1764,#1773,#1035,.T.);
#2196=EDGE_CURVE('',#1765,#1774,#1036,.T.);
#2197=EDGE_CURVE('',#1775,#1776,#1037,.T.);
#2198=EDGE_CURVE('',#1775,#1777,#1038,.T.);
#2199=EDGE_CURVE('',#1778,#1777,#1039,.T.);
#2200=EDGE_CURVE('',#1776,#1778,#1040,.T.);
#2201=EDGE_CURVE('',#1776,#1779,#1041,.T.);
#2202=EDGE_CURVE('',#1780,#1778,#1042,.T.);
#2203=EDGE_CURVE('',#1779,#1780,#1043,.T.);
#2204=EDGE_CURVE('',#1779,#1781,#1044,.T.);
#2205=EDGE_CURVE('',#1782,#1780,#1045,.T.);
#2206=EDGE_CURVE('',#1781,#1782,#1046,.T.);
#2207=EDGE_CURVE('',#1781,#1775,#1047,.T.);
#2208=EDGE_CURVE('',#1777,#1782,#1048,.T.);
#2209=EDGE_CURVE('',#1783,#1784,#1049,.T.);
#2210=EDGE_CURVE('',#1784,#1785,#1050,.T.);
#2211=EDGE_CURVE('',#1786,#1785,#1051,.T.);
#2212=EDGE_CURVE('',#1783,#1786,#1052,.T.);
#2213=EDGE_CURVE('',#1787,#1783,#1053,.T.);
#2214=EDGE_CURVE('',#1788,#1786,#1054,.T.);
#2215=EDGE_CURVE('',#1787,#1788,#1055,.T.);
#2216=EDGE_CURVE('',#1789,#1787,#1056,.T.);
#2217=EDGE_CURVE('',#1790,#1788,#1057,.T.);
#2218=EDGE_CURVE('',#1789,#1790,#1058,.T.);
#2219=EDGE_CURVE('',#1784,#1789,#1059,.T.);
#2220=EDGE_CURVE('',#1785,#1790,#1060,.T.);
#2221=EDGE_CURVE('',#1791,#1792,#1061,.T.);
#2222=EDGE_CURVE('',#1791,#1793,#1062,.T.);
#2223=EDGE_CURVE('',#1794,#1793,#1063,.T.);
#2224=EDGE_CURVE('',#1792,#1794,#1064,.T.);
#2225=EDGE_CURVE('',#1792,#1795,#1065,.T.);
#2226=EDGE_CURVE('',#1796,#1794,#1066,.T.);
#2227=EDGE_CURVE('',#1795,#1796,#1067,.T.);
#2228=EDGE_CURVE('',#1795,#1797,#1068,.T.);
#2229=EDGE_CURVE('',#1798,#1796,#1069,.T.);
#2230=EDGE_CURVE('',#1797,#1798,#1070,.T.);
#2231=EDGE_CURVE('',#1797,#1791,#1071,.T.);
#2232=EDGE_CURVE('',#1793,#1798,#1072,.T.);
#2233=EDGE_CURVE('',#1799,#1800,#1073,.T.);
#2234=EDGE_CURVE('',#1800,#1801,#1074,.T.);
#2235=EDGE_CURVE('',#1802,#1801,#1075,.T.);
#2236=EDGE_CURVE('',#1799,#1802,#1076,.T.);
#2237=EDGE_CURVE('',#1803,#1799,#1077,.T.);
#2238=EDGE_CURVE('',#1804,#1802,#1078,.T.);
#2239=EDGE_CURVE('',#1803,#1804,#1079,.T.);
#2240=EDGE_CURVE('',#1805,#1803,#1080,.T.);
#2241=EDGE_CURVE('',#1806,#1804,#1081,.T.);
#2242=EDGE_CURVE('',#1805,#1806,#1082,.T.);
#2243=EDGE_CURVE('',#1800,#1805,#1083,.T.);
#2244=EDGE_CURVE('',#1801,#1806,#1084,.T.);
#2245=EDGE_CURVE('',#1807,#1808,#1085,.T.);
#2246=EDGE_CURVE('',#1808,#1809,#1086,.T.);
#2247=EDGE_CURVE('',#1810,#1809,#1087,.T.);
#2248=EDGE_CURVE('',#1807,#1810,#1088,.T.);
#2249=EDGE_CURVE('',#1811,#1807,#1089,.T.);
#2250=EDGE_CURVE('',#1812,#1810,#1090,.T.);
#2251=EDGE_CURVE('',#1811,#1812,#1091,.T.);
#2252=EDGE_CURVE('',#1813,#1811,#1092,.T.);
#2253=EDGE_CURVE('',#1814,#1812,#1093,.T.);
#2254=EDGE_CURVE('',#1813,#1814,#1094,.T.);
#2255=EDGE_CURVE('',#1808,#1813,#1095,.T.);
#2256=EDGE_CURVE('',#1809,#1814,#1096,.T.);
#2257=EDGE_CURVE('',#1815,#1816,#1097,.T.);
#2258=EDGE_CURVE('',#1817,#1815,#1098,.T.);
#2259=EDGE_CURVE('',#1818,#1817,#1099,.T.);
#2260=EDGE_CURVE('',#1816,#1818,#1100,.T.);
#2261=EDGE_CURVE('',#1819,#1820,#1101,.T.);
#2262=EDGE_CURVE('',#1821,#1819,#1102,.T.);
#2263=EDGE_CURVE('',#1822,#1821,#1103,.T.);
#2264=EDGE_CURVE('',#1820,#1822,#1104,.T.);
#2265=EDGE_CURVE('',#1823,#1819,#1105,.T.);
#2266=EDGE_CURVE('',#1823,#1824,#1106,.T.);
#2267=EDGE_CURVE('',#1824,#1821,#1107,.T.);
#2268=EDGE_CURVE('',#1825,#1820,#1108,.T.);
#2269=EDGE_CURVE('',#1825,#1823,#1109,.T.);
#2270=EDGE_CURVE('',#1826,#1815,#1110,.T.);
#2271=EDGE_CURVE('',#1827,#1826,#1111,.T.);
#2272=EDGE_CURVE('',#1827,#1817,#1112,.T.);
#2273=EDGE_CURVE('',#1828,#1816,#1113,.T.);
#2274=EDGE_CURVE('',#1826,#1828,#1114,.T.);
#2275=EDGE_CURVE('',#1829,#1822,#1115,.T.);
#2276=EDGE_CURVE('',#1829,#1825,#1116,.T.);
#2277=EDGE_CURVE('',#1824,#1829,#1117,.T.);
#2278=EDGE_CURVE('',#1830,#1818,#1118,.T.);
#2279=EDGE_CURVE('',#1828,#1830,#1119,.T.);
#2280=EDGE_CURVE('',#1830,#1827,#1120,.T.);
#2281=EDGE_CURVE('',#1831,#1832,#1121,.T.);
#2282=EDGE_CURVE('',#1833,#1831,#1122,.T.);
#2283=EDGE_CURVE('',#1834,#1833,#1123,.T.);
#2284=EDGE_CURVE('',#1832,#1834,#1124,.T.);
#2285=EDGE_CURVE('',#1835,#1836,#1125,.T.);
#2286=EDGE_CURVE('',#1837,#1835,#1126,.T.);
#2287=EDGE_CURVE('',#1838,#1837,#1127,.T.);
#2288=EDGE_CURVE('',#1836,#1838,#1128,.T.);
#2289=EDGE_CURVE('',#1837,#1839,#1129,.T.);
#2290=EDGE_CURVE('',#1840,#1839,#1130,.T.);
#2291=EDGE_CURVE('',#1838,#1840,#1131,.T.);
#2292=EDGE_CURVE('',#1835,#1841,#1132,.T.);
#2293=EDGE_CURVE('',#1839,#1841,#1133,.T.);
#2294=EDGE_CURVE('',#1833,#1842,#1134,.T.);
#2295=EDGE_CURVE('',#1843,#1842,#1135,.T.);
#2296=EDGE_CURVE('',#1834,#1843,#1136,.T.);
#2297=EDGE_CURVE('',#1831,#1844,#1137,.T.);
#2298=EDGE_CURVE('',#1842,#1844,#1138,.T.);
#2299=EDGE_CURVE('',#1836,#1845,#1139,.T.);
#2300=EDGE_CURVE('',#1841,#1845,#1140,.T.);
#2301=EDGE_CURVE('',#1845,#1840,#1141,.T.);
#2302=EDGE_CURVE('',#1832,#1846,#1142,.T.);
#2303=EDGE_CURVE('',#1844,#1846,#1143,.T.);
#2304=EDGE_CURVE('',#1846,#1843,#1144,.T.);
#2305=ORIENTED_EDGE('',*,*,#1847,.F.);
#2306=ORIENTED_EDGE('',*,*,#1848,.T.);
#2307=ORIENTED_EDGE('',*,*,#1849,.T.);
#2308=ORIENTED_EDGE('',*,*,#1850,.T.);
#2309=ORIENTED_EDGE('',*,*,#1851,.T.);
#2310=ORIENTED_EDGE('',*,*,#1852,.T.);
#2311=ORIENTED_EDGE('',*,*,#1848,.F.);
#2312=ORIENTED_EDGE('',*,*,#1853,.T.);
#2313=ORIENTED_EDGE('',*,*,#1854,.T.);
#2314=ORIENTED_EDGE('',*,*,#1852,.F.);
#2315=ORIENTED_EDGE('',*,*,#1855,.T.);
#2316=ORIENTED_EDGE('',*,*,#1856,.F.);
#2317=ORIENTED_EDGE('',*,*,#1857,.T.);
#2318=ORIENTED_EDGE('',*,*,#1858,.F.);
#2319=ORIENTED_EDGE('',*,*,#1859,.T.);
#2320=ORIENTED_EDGE('',*,*,#1860,.F.);
#2321=ORIENTED_EDGE('',*,*,#1861,.T.);
#2322=ORIENTED_EDGE('',*,*,#1862,.F.);
#2323=ORIENTED_EDGE('',*,*,#1855,.F.);
#2324=ORIENTED_EDGE('',*,*,#1851,.F.);
#2325=ORIENTED_EDGE('',*,*,#1863,.F.);
#2326=ORIENTED_EDGE('',*,*,#1849,.F.);
#2327=ORIENTED_EDGE('',*,*,#1859,.F.);
#2328=ORIENTED_EDGE('',*,*,#1864,.F.);
#2329=ORIENTED_EDGE('',*,*,#1865,.T.);
#2330=ORIENTED_EDGE('',*,*,#1853,.F.);
#2331=ORIENTED_EDGE('',*,*,#1847,.T.);
#2332=ORIENTED_EDGE('',*,*,#1854,.F.);
#2333=ORIENTED_EDGE('',*,*,#1866,.T.);
#2334=ORIENTED_EDGE('',*,*,#1867,.T.);
#2335=ORIENTED_EDGE('',*,*,#1866,.F.);
#2336=ORIENTED_EDGE('',*,*,#1867,.F.);
#2337=ORIENTED_EDGE('',*,*,#1868,.F.);
#2338=ORIENTED_EDGE('',*,*,#1869,.F.);
#2339=ORIENTED_EDGE('',*,*,#1870,.T.);
#2340=ORIENTED_EDGE('',*,*,#1868,.T.);
#2341=ORIENTED_EDGE('',*,*,#1870,.F.);
#2342=ORIENTED_EDGE('',*,*,#1856,.T.);
#2343=ORIENTED_EDGE('',*,*,#1862,.T.);
#2344=ORIENTED_EDGE('',*,*,#1871,.T.);
#2345=ORIENTED_EDGE('',*,*,#1872,.T.);
#2346=ORIENTED_EDGE('',*,*,#1872,.F.);
#2347=ORIENTED_EDGE('',*,*,#1873,.T.);
#2348=ORIENTED_EDGE('',*,*,#1874,.F.);
#2349=ORIENTED_EDGE('',*,*,#1857,.F.);
#2350=ORIENTED_EDGE('',*,*,#1858,.T.);
#2351=ORIENTED_EDGE('',*,*,#1874,.T.);
#2352=ORIENTED_EDGE('',*,*,#1875,.T.);
#2353=ORIENTED_EDGE('',*,*,#1864,.T.);
#2354=ORIENTED_EDGE('',*,*,#1876,.T.);
#2355=ORIENTED_EDGE('',*,*,#1877,.T.);
#2356=ORIENTED_EDGE('',*,*,#1878,.T.);
#2357=ORIENTED_EDGE('',*,*,#1879,.T.);
#2358=ORIENTED_EDGE('',*,*,#1880,.F.);
#2359=ORIENTED_EDGE('',*,*,#1881,.F.);
#2360=ORIENTED_EDGE('',*,*,#1879,.F.);
#2361=ORIENTED_EDGE('',*,*,#1882,.T.);
#2362=ORIENTED_EDGE('',*,*,#1883,.T.);
#2363=ORIENTED_EDGE('',*,*,#1880,.T.);
#2364=ORIENTED_EDGE('',*,*,#1884,.T.);
#2365=ORIENTED_EDGE('',*,*,#1885,.T.);
#2366=ORIENTED_EDGE('',*,*,#1886,.F.);
#2367=ORIENTED_EDGE('',*,*,#1887,.T.);
#2368=ORIENTED_EDGE('',*,*,#1888,.T.);
#2369=ORIENTED_EDGE('',*,*,#1889,.F.);
#2370=ORIENTED_EDGE('',*,*,#1890,.T.);
#2371=ORIENTED_EDGE('',*,*,#1876,.F.);
#2372=ORIENTED_EDGE('',*,*,#1881,.T.);
#2373=ORIENTED_EDGE('',*,*,#1883,.F.);
#2374=ORIENTED_EDGE('',*,*,#1891,.T.);
#2375=ORIENTED_EDGE('',*,*,#1892,.F.);
#2376=ORIENTED_EDGE('',*,*,#1893,.T.);
#2377=ORIENTED_EDGE('',*,*,#1894,.T.);
#2378=ORIENTED_EDGE('',*,*,#1893,.F.);
#2379=ORIENTED_EDGE('',*,*,#1895,.F.);
#2380=ORIENTED_EDGE('',*,*,#1894,.F.);
#2381=ORIENTED_EDGE('',*,*,#1896,.T.);
#2382=ORIENTED_EDGE('',*,*,#1888,.F.);
#2383=ORIENTED_EDGE('',*,*,#1897,.T.);
#2384=ORIENTED_EDGE('',*,*,#1895,.T.);
#2385=ORIENTED_EDGE('',*,*,#1897,.F.);
#2386=ORIENTED_EDGE('',*,*,#1887,.F.);
#2387=ORIENTED_EDGE('',*,*,#1898,.F.);
#2388=ORIENTED_EDGE('',*,*,#1899,.T.);
#2389=ORIENTED_EDGE('',*,*,#1877,.F.);
#2390=ORIENTED_EDGE('',*,*,#1890,.F.);
#2391=ORIENTED_EDGE('',*,*,#1900,.F.);
#2392=ORIENTED_EDGE('',*,*,#1891,.F.);
#2393=ORIENTED_EDGE('',*,*,#1885,.F.);
#2394=ORIENTED_EDGE('',*,*,#1901,.T.);
#2395=ORIENTED_EDGE('',*,*,#1902,.F.);
#2396=ORIENTED_EDGE('',*,*,#1903,.F.);
#2397=ORIENTED_EDGE('',*,*,#1896,.F.);
#2398=ORIENTED_EDGE('',*,*,#1886,.T.);
#2399=ORIENTED_EDGE('',*,*,#1903,.T.);
#2400=ORIENTED_EDGE('',*,*,#1904,.T.);
#2401=ORIENTED_EDGE('',*,*,#1900,.T.);
#2402=ORIENTED_EDGE('',*,*,#1889,.T.);
#2403=ORIENTED_EDGE('',*,*,#1905,.F.);
#2404=ORIENTED_EDGE('',*,*,#1906,.F.);
#2405=ORIENTED_EDGE('',*,*,#1907,.T.);
#2406=ORIENTED_EDGE('',*,*,#1908,.T.);
#2407=ORIENTED_EDGE('',*,*,#1909,.T.);
#2408=ORIENTED_EDGE('',*,*,#1910,.T.);
#2409=ORIENTED_EDGE('',*,*,#1911,.T.);
#2410=ORIENTED_EDGE('',*,*,#1912,.T.);
#2411=ORIENTED_EDGE('',*,*,#1913,.T.);
#2412=ORIENTED_EDGE('',*,*,#1914,.T.);
#2413=ORIENTED_EDGE('',*,*,#1915,.T.);
#2414=ORIENTED_EDGE('',*,*,#1916,.F.);
#2415=ORIENTED_EDGE('',*,*,#1917,.T.);
#2416=ORIENTED_EDGE('',*,*,#1906,.T.);
#2417=ORIENTED_EDGE('',*,*,#1918,.T.);
#2418=ORIENTED_EDGE('',*,*,#1919,.T.);
#2419=ORIENTED_EDGE('',*,*,#1920,.T.);
#2420=ORIENTED_EDGE('',*,*,#1919,.F.);
#2421=ORIENTED_EDGE('',*,*,#1921,.F.);
#2422=ORIENTED_EDGE('',*,*,#1898,.T.);
#2423=ORIENTED_EDGE('',*,*,#1904,.F.);
#2424=ORIENTED_EDGE('',*,*,#1902,.T.);
#2425=ORIENTED_EDGE('',*,*,#1922,.F.);
#2426=ORIENTED_EDGE('',*,*,#1923,.F.);
#2427=ORIENTED_EDGE('',*,*,#1924,.T.);
#2428=ORIENTED_EDGE('',*,*,#1923,.T.);
#2429=ORIENTED_EDGE('',*,*,#1925,.T.);
#2430=ORIENTED_EDGE('',*,*,#1926,.T.);
#2431=ORIENTED_EDGE('',*,*,#1915,.F.);
#2432=ORIENTED_EDGE('',*,*,#1927,.T.);
#2433=ORIENTED_EDGE('',*,*,#1928,.T.);
#2434=ORIENTED_EDGE('',*,*,#1929,.T.);
#2435=ORIENTED_EDGE('',*,*,#1911,.F.);
#2436=ORIENTED_EDGE('',*,*,#1930,.T.);
#2437=ORIENTED_EDGE('',*,*,#1931,.T.);
#2438=ORIENTED_EDGE('',*,*,#1932,.T.);
#2439=ORIENTED_EDGE('',*,*,#1907,.F.);
#2440=ORIENTED_EDGE('',*,*,#1917,.F.);
#2441=ORIENTED_EDGE('',*,*,#1920,.F.);
#2442=ORIENTED_EDGE('',*,*,#1924,.F.);
#2443=ORIENTED_EDGE('',*,*,#1933,.F.);
#2444=ORIENTED_EDGE('',*,*,#1934,.F.);
#2445=ORIENTED_EDGE('',*,*,#1935,.F.);
#2446=ORIENTED_EDGE('',*,*,#1936,.F.);
#2447=ORIENTED_EDGE('',*,*,#1937,.F.);
#2448=ORIENTED_EDGE('',*,*,#1931,.F.);
#2449=ORIENTED_EDGE('',*,*,#1938,.F.);
#2450=ORIENTED_EDGE('',*,*,#1939,.F.);
#2451=ORIENTED_EDGE('',*,*,#1908,.F.);
#2452=ORIENTED_EDGE('',*,*,#1932,.F.);
#2453=ORIENTED_EDGE('',*,*,#1937,.T.);
#2454=ORIENTED_EDGE('',*,*,#1940,.F.);
#2455=ORIENTED_EDGE('',*,*,#1909,.F.);
#2456=ORIENTED_EDGE('',*,*,#1940,.T.);
#2457=ORIENTED_EDGE('',*,*,#1939,.T.);
#2458=ORIENTED_EDGE('',*,*,#1941,.F.);
#2459=ORIENTED_EDGE('',*,*,#1910,.F.);
#2460=ORIENTED_EDGE('',*,*,#1941,.T.);
#2461=ORIENTED_EDGE('',*,*,#1938,.T.);
#2462=ORIENTED_EDGE('',*,*,#1930,.F.);
#2463=ORIENTED_EDGE('',*,*,#1942,.F.);
#2464=ORIENTED_EDGE('',*,*,#1943,.F.);
#2465=ORIENTED_EDGE('',*,*,#1928,.F.);
#2466=ORIENTED_EDGE('',*,*,#1944,.F.);
#2467=ORIENTED_EDGE('',*,*,#1945,.T.);
#2468=ORIENTED_EDGE('',*,*,#1946,.T.);
#2469=ORIENTED_EDGE('',*,*,#1947,.T.);
#2470=ORIENTED_EDGE('',*,*,#1948,.T.);
#2471=ORIENTED_EDGE('',*,*,#1949,.T.);
#2472=ORIENTED_EDGE('',*,*,#1950,.T.);
#2473=ORIENTED_EDGE('',*,*,#1913,.F.);
#2474=ORIENTED_EDGE('',*,*,#1951,.T.);
#2475=ORIENTED_EDGE('',*,*,#1942,.T.);
#2476=ORIENTED_EDGE('',*,*,#1952,.F.);
#2477=ORIENTED_EDGE('',*,*,#1914,.F.);
#2478=ORIENTED_EDGE('',*,*,#1952,.T.);
#2479=ORIENTED_EDGE('',*,*,#1944,.T.);
#2480=ORIENTED_EDGE('',*,*,#1927,.F.);
#2481=ORIENTED_EDGE('',*,*,#1912,.F.);
#2482=ORIENTED_EDGE('',*,*,#1929,.F.);
#2483=ORIENTED_EDGE('',*,*,#1943,.T.);
#2484=ORIENTED_EDGE('',*,*,#1951,.F.);
#2485=ORIENTED_EDGE('',*,*,#1953,.T.);
#2486=ORIENTED_EDGE('',*,*,#1954,.T.);
#2487=ORIENTED_EDGE('',*,*,#1955,.T.);
#2488=ORIENTED_EDGE('',*,*,#1956,.T.);
#2489=ORIENTED_EDGE('',*,*,#1957,.T.);
#2490=ORIENTED_EDGE('',*,*,#1958,.T.);
#2491=ORIENTED_EDGE('',*,*,#1950,.F.);
#2492=ORIENTED_EDGE('',*,*,#1959,.T.);
#2493=ORIENTED_EDGE('',*,*,#1953,.F.);
#2494=ORIENTED_EDGE('',*,*,#1960,.F.);
#2495=ORIENTED_EDGE('',*,*,#1949,.F.);
#2496=ORIENTED_EDGE('',*,*,#1961,.T.);
#2497=ORIENTED_EDGE('',*,*,#1954,.F.);
#2498=ORIENTED_EDGE('',*,*,#1959,.F.);
#2499=ORIENTED_EDGE('',*,*,#1948,.F.);
#2500=ORIENTED_EDGE('',*,*,#1962,.T.);
#2501=ORIENTED_EDGE('',*,*,#1955,.F.);
#2502=ORIENTED_EDGE('',*,*,#1961,.F.);
#2503=ORIENTED_EDGE('',*,*,#1947,.F.);
#2504=ORIENTED_EDGE('',*,*,#1963,.T.);
#2505=ORIENTED_EDGE('',*,*,#1956,.F.);
#2506=ORIENTED_EDGE('',*,*,#1962,.F.);
#2507=ORIENTED_EDGE('',*,*,#1946,.F.);
#2508=ORIENTED_EDGE('',*,*,#1964,.T.);
#2509=ORIENTED_EDGE('',*,*,#1957,.F.);
#2510=ORIENTED_EDGE('',*,*,#1963,.F.);
#2511=ORIENTED_EDGE('',*,*,#1945,.F.);
#2512=ORIENTED_EDGE('',*,*,#1960,.T.);
#2513=ORIENTED_EDGE('',*,*,#1958,.F.);
#2514=ORIENTED_EDGE('',*,*,#1964,.F.);
#2515=ORIENTED_EDGE('',*,*,#1863,.T.);
#2516=ORIENTED_EDGE('',*,*,#1965,.T.);
#2517=ORIENTED_EDGE('',*,*,#1966,.F.);
#2518=ORIENTED_EDGE('',*,*,#1933,.T.);
#2519=ORIENTED_EDGE('',*,*,#1926,.F.);
#2520=ORIENTED_EDGE('',*,*,#1967,.T.);
#2521=ORIENTED_EDGE('',*,*,#1860,.T.);
#2522=ORIENTED_EDGE('',*,*,#1850,.F.);
#2523=ORIENTED_EDGE('',*,*,#1936,.T.);
#2524=ORIENTED_EDGE('',*,*,#1968,.T.);
#2525=ORIENTED_EDGE('',*,*,#1969,.T.);
#2526=ORIENTED_EDGE('',*,*,#1916,.T.);
#2527=ORIENTED_EDGE('',*,*,#1970,.F.);
#2528=ORIENTED_EDGE('',*,*,#1971,.T.);
#2529=ORIENTED_EDGE('',*,*,#1972,.T.);
#2530=ORIENTED_EDGE('',*,*,#1973,.T.);
#2531=ORIENTED_EDGE('',*,*,#1974,.T.);
#2532=ORIENTED_EDGE('',*,*,#1975,.T.);
#2533=ORIENTED_EDGE('',*,*,#1976,.F.);
#2534=ORIENTED_EDGE('',*,*,#1971,.F.);
#2535=ORIENTED_EDGE('',*,*,#1977,.T.);
#2536=ORIENTED_EDGE('',*,*,#1975,.F.);
#2537=ORIENTED_EDGE('',*,*,#1978,.F.);
#2538=ORIENTED_EDGE('',*,*,#1979,.F.);
#2539=ORIENTED_EDGE('',*,*,#1980,.T.);
#2540=ORIENTED_EDGE('',*,*,#1981,.F.);
#2541=ORIENTED_EDGE('',*,*,#1982,.T.);
#2542=ORIENTED_EDGE('',*,*,#1982,.F.);
#2543=ORIENTED_EDGE('',*,*,#1983,.F.);
#2544=ORIENTED_EDGE('',*,*,#1984,.T.);
#2545=ORIENTED_EDGE('',*,*,#1985,.F.);
#2546=ORIENTED_EDGE('',*,*,#1972,.F.);
#2547=ORIENTED_EDGE('',*,*,#1978,.T.);
#2548=ORIENTED_EDGE('',*,*,#1974,.F.);
#2549=ORIENTED_EDGE('',*,*,#1986,.F.);
#2550=ORIENTED_EDGE('',*,*,#1987,.T.);
#2551=ORIENTED_EDGE('',*,*,#1988,.F.);
#2552=ORIENTED_EDGE('',*,*,#1977,.F.);
#2553=ORIENTED_EDGE('',*,*,#1970,.T.);
#2554=ORIENTED_EDGE('',*,*,#1989,.T.);
#2555=ORIENTED_EDGE('',*,*,#1990,.T.);
#2556=ORIENTED_EDGE('',*,*,#1989,.F.);
#2557=ORIENTED_EDGE('',*,*,#1976,.T.);
#2558=ORIENTED_EDGE('',*,*,#1990,.F.);
#2559=ORIENTED_EDGE('',*,*,#1991,.F.);
#2560=ORIENTED_EDGE('',*,*,#1992,.F.);
#2561=ORIENTED_EDGE('',*,*,#1993,.T.);
#2562=ORIENTED_EDGE('',*,*,#1991,.T.);
#2563=ORIENTED_EDGE('',*,*,#1993,.F.);
#2564=ORIENTED_EDGE('',*,*,#1981,.T.);
#2565=ORIENTED_EDGE('',*,*,#1994,.T.);
#2566=ORIENTED_EDGE('',*,*,#1995,.T.);
#2567=ORIENTED_EDGE('',*,*,#1983,.T.);
#2568=ORIENTED_EDGE('',*,*,#1994,.F.);
#2569=ORIENTED_EDGE('',*,*,#1980,.F.);
#2570=ORIENTED_EDGE('',*,*,#1996,.F.);
#2571=ORIENTED_EDGE('',*,*,#1997,.T.);
#2572=ORIENTED_EDGE('',*,*,#1979,.T.);
#2573=ORIENTED_EDGE('',*,*,#1988,.T.);
#2574=ORIENTED_EDGE('',*,*,#1998,.T.);
#2575=ORIENTED_EDGE('',*,*,#1996,.T.);
#2576=ORIENTED_EDGE('',*,*,#1935,.T.);
#2577=ORIENTED_EDGE('',*,*,#1999,.F.);
#2578=ORIENTED_EDGE('',*,*,#2000,.F.);
#2579=ORIENTED_EDGE('',*,*,#1986,.T.);
#2580=ORIENTED_EDGE('',*,*,#1973,.F.);
#2581=ORIENTED_EDGE('',*,*,#1985,.T.);
#2582=ORIENTED_EDGE('',*,*,#2001,.F.);
#2583=ORIENTED_EDGE('',*,*,#1968,.F.);
#2584=ORIENTED_EDGE('',*,*,#1934,.T.);
#2585=ORIENTED_EDGE('',*,*,#1966,.T.);
#2586=ORIENTED_EDGE('',*,*,#2002,.T.);
#2587=ORIENTED_EDGE('',*,*,#1999,.T.);
#2588=ORIENTED_EDGE('',*,*,#1967,.F.);
#2589=ORIENTED_EDGE('',*,*,#1925,.F.);
#2590=ORIENTED_EDGE('',*,*,#1922,.T.);
#2591=ORIENTED_EDGE('',*,*,#1901,.F.);
#2592=ORIENTED_EDGE('',*,*,#1884,.F.);
#2593=ORIENTED_EDGE('',*,*,#1882,.F.);
#2594=ORIENTED_EDGE('',*,*,#1878,.F.);
#2595=ORIENTED_EDGE('',*,*,#1899,.F.);
#2596=ORIENTED_EDGE('',*,*,#1921,.T.);
#2597=ORIENTED_EDGE('',*,*,#1918,.F.);
#2598=ORIENTED_EDGE('',*,*,#1905,.T.);
#2599=ORIENTED_EDGE('',*,*,#1969,.F.);
#2600=ORIENTED_EDGE('',*,*,#2001,.T.);
#2601=ORIENTED_EDGE('',*,*,#1984,.F.);
#2602=ORIENTED_EDGE('',*,*,#1995,.F.);
#2603=ORIENTED_EDGE('',*,*,#1997,.F.);
#2604=ORIENTED_EDGE('',*,*,#1998,.F.);
#2605=ORIENTED_EDGE('',*,*,#1987,.F.);
#2606=ORIENTED_EDGE('',*,*,#2000,.T.);
#2607=ORIENTED_EDGE('',*,*,#2002,.F.);
#2608=ORIENTED_EDGE('',*,*,#1965,.F.);
#2609=ORIENTED_EDGE('',*,*,#1865,.F.);
#2610=ORIENTED_EDGE('',*,*,#1875,.F.);
#2611=ORIENTED_EDGE('',*,*,#1873,.F.);
#2612=ORIENTED_EDGE('',*,*,#1871,.F.);
#2613=ORIENTED_EDGE('',*,*,#1861,.F.);
#2614=ORIENTED_EDGE('',*,*,#1869,.T.);
#2615=ORIENTED_EDGE('',*,*,#1892,.T.);
#2616=ORIENTED_EDGE('',*,*,#1992,.T.);
#2617=ORIENTED_EDGE('',*,*,#2003,.T.);
#2618=ORIENTED_EDGE('',*,*,#2004,.T.);
#2619=ORIENTED_EDGE('',*,*,#2005,.T.);
#2620=ORIENTED_EDGE('',*,*,#2006,.T.);
#2621=ORIENTED_EDGE('',*,*,#2007,.T.);
#2622=ORIENTED_EDGE('',*,*,#2008,.T.);
#2623=ORIENTED_EDGE('',*,*,#2009,.T.);
#2624=ORIENTED_EDGE('',*,*,#2004,.F.);
#2625=ORIENTED_EDGE('',*,*,#2010,.T.);
#2626=ORIENTED_EDGE('',*,*,#2008,.F.);
#2627=ORIENTED_EDGE('',*,*,#2011,.T.);
#2628=ORIENTED_EDGE('',*,*,#2012,.T.);
#2629=ORIENTED_EDGE('',*,*,#2013,.T.);
#2630=ORIENTED_EDGE('',*,*,#2006,.F.);
#2631=ORIENTED_EDGE('',*,*,#2014,.T.);
#2632=ORIENTED_EDGE('',*,*,#2012,.F.);
#2633=ORIENTED_EDGE('',*,*,#2014,.F.);
#2634=ORIENTED_EDGE('',*,*,#2015,.T.);
#2635=ORIENTED_EDGE('',*,*,#2016,.T.);
#2636=ORIENTED_EDGE('',*,*,#2017,.F.);
#2637=ORIENTED_EDGE('',*,*,#2005,.F.);
#2638=ORIENTED_EDGE('',*,*,#2018,.T.);
#2639=ORIENTED_EDGE('',*,*,#2019,.T.);
#2640=ORIENTED_EDGE('',*,*,#2015,.F.);
#2641=ORIENTED_EDGE('',*,*,#2020,.T.);
#2642=ORIENTED_EDGE('',*,*,#2021,.F.);
#2643=ORIENTED_EDGE('',*,*,#2022,.T.);
#2644=ORIENTED_EDGE('',*,*,#2023,.F.);
#2645=ORIENTED_EDGE('',*,*,#2024,.T.);
#2646=ORIENTED_EDGE('',*,*,#2025,.F.);
#2647=ORIENTED_EDGE('',*,*,#2026,.T.);
#2648=ORIENTED_EDGE('',*,*,#2027,.F.);
#2649=ORIENTED_EDGE('',*,*,#2003,.F.);
#2650=ORIENTED_EDGE('',*,*,#2013,.F.);
#2651=ORIENTED_EDGE('',*,*,#2011,.F.);
#2652=ORIENTED_EDGE('',*,*,#2007,.F.);
#2653=ORIENTED_EDGE('',*,*,#2009,.F.);
#2654=ORIENTED_EDGE('',*,*,#2028,.T.);
#2655=ORIENTED_EDGE('',*,*,#2029,.T.);
#2656=ORIENTED_EDGE('',*,*,#2018,.F.);
#2657=ORIENTED_EDGE('',*,*,#2010,.F.);
#2658=ORIENTED_EDGE('',*,*,#2017,.T.);
#2659=ORIENTED_EDGE('',*,*,#2030,.T.);
#2660=ORIENTED_EDGE('',*,*,#2028,.F.);
#2661=ORIENTED_EDGE('',*,*,#2016,.F.);
#2662=ORIENTED_EDGE('',*,*,#2019,.F.);
#2663=ORIENTED_EDGE('',*,*,#2029,.F.);
#2664=ORIENTED_EDGE('',*,*,#2030,.F.);
#2665=ORIENTED_EDGE('',*,*,#2031,.T.);
#2666=ORIENTED_EDGE('',*,*,#2032,.F.);
#2667=ORIENTED_EDGE('',*,*,#2033,.F.);
#2668=ORIENTED_EDGE('',*,*,#2034,.T.);
#2669=ORIENTED_EDGE('',*,*,#2035,.F.);
#2670=ORIENTED_EDGE('',*,*,#2036,.T.);
#2671=ORIENTED_EDGE('',*,*,#2025,.T.);
#2672=ORIENTED_EDGE('',*,*,#2037,.T.);
#2673=ORIENTED_EDGE('',*,*,#2038,.F.);
#2674=ORIENTED_EDGE('',*,*,#2039,.T.);
#2675=ORIENTED_EDGE('',*,*,#2027,.T.);
#2676=ORIENTED_EDGE('',*,*,#2040,.T.);
#2677=ORIENTED_EDGE('',*,*,#2041,.T.);
#2678=ORIENTED_EDGE('',*,*,#2042,.T.);
#2679=ORIENTED_EDGE('',*,*,#2043,.T.);
#2680=ORIENTED_EDGE('',*,*,#2044,.F.);
#2681=ORIENTED_EDGE('',*,*,#2040,.F.);
#2682=ORIENTED_EDGE('',*,*,#2026,.F.);
#2683=ORIENTED_EDGE('',*,*,#2036,.F.);
#2684=ORIENTED_EDGE('',*,*,#2045,.F.);
#2685=ORIENTED_EDGE('',*,*,#2046,.F.);
#2686=ORIENTED_EDGE('',*,*,#2047,.F.);
#2687=ORIENTED_EDGE('',*,*,#2043,.F.);
#2688=ORIENTED_EDGE('',*,*,#2048,.T.);
#2689=ORIENTED_EDGE('',*,*,#2049,.F.);
#2690=ORIENTED_EDGE('',*,*,#2050,.F.);
#2691=ORIENTED_EDGE('',*,*,#2051,.T.);
#2692=ORIENTED_EDGE('',*,*,#2052,.F.);
#2693=ORIENTED_EDGE('',*,*,#2053,.F.);
#2694=ORIENTED_EDGE('',*,*,#2048,.F.);
#2695=ORIENTED_EDGE('',*,*,#2042,.F.);
#2696=ORIENTED_EDGE('',*,*,#2054,.T.);
#2697=ORIENTED_EDGE('',*,*,#2055,.F.);
#2698=ORIENTED_EDGE('',*,*,#2054,.F.);
#2699=ORIENTED_EDGE('',*,*,#2041,.F.);
#2700=ORIENTED_EDGE('',*,*,#2056,.F.);
#2701=ORIENTED_EDGE('',*,*,#2046,.T.);
#2702=ORIENTED_EDGE('',*,*,#2053,.T.);
#2703=ORIENTED_EDGE('',*,*,#2055,.T.);
#2704=ORIENTED_EDGE('',*,*,#2057,.F.);
#2705=ORIENTED_EDGE('',*,*,#2058,.T.);
#2706=ORIENTED_EDGE('',*,*,#2059,.T.);
#2707=ORIENTED_EDGE('',*,*,#2060,.F.);
#2708=ORIENTED_EDGE('',*,*,#2061,.T.);
#2709=ORIENTED_EDGE('',*,*,#2033,.T.);
#2710=ORIENTED_EDGE('',*,*,#2062,.T.);
#2711=ORIENTED_EDGE('',*,*,#2063,.F.);
#2712=ORIENTED_EDGE('',*,*,#2064,.T.);
#2713=ORIENTED_EDGE('',*,*,#2065,.T.);
#2714=ORIENTED_EDGE('',*,*,#2066,.F.);
#2715=ORIENTED_EDGE('',*,*,#2020,.F.);
#2716=ORIENTED_EDGE('',*,*,#2039,.F.);
#2717=ORIENTED_EDGE('',*,*,#2067,.F.);
#2718=ORIENTED_EDGE('',*,*,#2049,.T.);
#2719=ORIENTED_EDGE('',*,*,#2024,.F.);
#2720=ORIENTED_EDGE('',*,*,#2068,.F.);
#2721=ORIENTED_EDGE('',*,*,#2069,.T.);
#2722=ORIENTED_EDGE('',*,*,#2070,.T.);
#2723=ORIENTED_EDGE('',*,*,#2071,.F.);
#2724=ORIENTED_EDGE('',*,*,#2072,.T.);
#2725=ORIENTED_EDGE('',*,*,#2073,.T.);
#2726=ORIENTED_EDGE('',*,*,#2074,.T.);
#2727=ORIENTED_EDGE('',*,*,#2075,.F.);
#2728=ORIENTED_EDGE('',*,*,#2037,.F.);
#2729=ORIENTED_EDGE('',*,*,#2062,.F.);
#2730=ORIENTED_EDGE('',*,*,#2032,.T.);
#2731=ORIENTED_EDGE('',*,*,#2076,.T.);
#2732=ORIENTED_EDGE('',*,*,#2077,.F.);
#2733=ORIENTED_EDGE('',*,*,#2061,.F.);
#2734=ORIENTED_EDGE('',*,*,#2078,.F.);
#2735=ORIENTED_EDGE('',*,*,#2079,.T.);
#2736=ORIENTED_EDGE('',*,*,#2034,.F.);
#2737=ORIENTED_EDGE('',*,*,#2031,.F.);
#2738=ORIENTED_EDGE('',*,*,#2079,.F.);
#2739=ORIENTED_EDGE('',*,*,#2080,.F.);
#2740=ORIENTED_EDGE('',*,*,#2076,.F.);
#2741=ORIENTED_EDGE('',*,*,#2059,.F.);
#2742=ORIENTED_EDGE('',*,*,#2081,.T.);
#2743=ORIENTED_EDGE('',*,*,#2082,.T.);
#2744=ORIENTED_EDGE('',*,*,#2083,.F.);
#2745=ORIENTED_EDGE('',*,*,#2084,.T.);
#2746=ORIENTED_EDGE('',*,*,#2081,.F.);
#2747=ORIENTED_EDGE('',*,*,#2058,.F.);
#2748=ORIENTED_EDGE('',*,*,#2052,.T.);
#2749=ORIENTED_EDGE('',*,*,#2085,.F.);
#2750=ORIENTED_EDGE('',*,*,#2082,.F.);
#2751=ORIENTED_EDGE('',*,*,#2084,.F.);
#2752=ORIENTED_EDGE('',*,*,#2051,.F.);
#2753=ORIENTED_EDGE('',*,*,#2074,.F.);
#2754=ORIENTED_EDGE('',*,*,#2086,.T.);
#2755=ORIENTED_EDGE('',*,*,#2087,.T.);
#2756=ORIENTED_EDGE('',*,*,#2088,.F.);
#2757=ORIENTED_EDGE('',*,*,#2073,.F.);
#2758=ORIENTED_EDGE('',*,*,#2089,.T.);
#2759=ORIENTED_EDGE('',*,*,#2090,.T.);
#2760=ORIENTED_EDGE('',*,*,#2086,.F.);
#2761=ORIENTED_EDGE('',*,*,#2072,.F.);
#2762=ORIENTED_EDGE('',*,*,#2091,.F.);
#2763=ORIENTED_EDGE('',*,*,#2092,.T.);
#2764=ORIENTED_EDGE('',*,*,#2089,.F.);
#2765=ORIENTED_EDGE('',*,*,#2092,.F.);
#2766=ORIENTED_EDGE('',*,*,#2093,.F.);
#2767=ORIENTED_EDGE('',*,*,#2087,.F.);
#2768=ORIENTED_EDGE('',*,*,#2090,.F.);
#2769=ORIENTED_EDGE('',*,*,#2070,.F.);
#2770=ORIENTED_EDGE('',*,*,#2094,.T.);
#2771=ORIENTED_EDGE('',*,*,#2064,.F.);
#2772=ORIENTED_EDGE('',*,*,#2095,.F.);
#2773=ORIENTED_EDGE('',*,*,#2096,.F.);
#2774=ORIENTED_EDGE('',*,*,#2097,.F.);
#2775=ORIENTED_EDGE('',*,*,#2098,.F.);
#2776=ORIENTED_EDGE('',*,*,#2065,.F.);
#2777=ORIENTED_EDGE('',*,*,#2094,.F.);
#2778=ORIENTED_EDGE('',*,*,#2069,.F.);
#2779=ORIENTED_EDGE('',*,*,#2057,.T.);
#2780=ORIENTED_EDGE('',*,*,#2056,.T.);
#2781=ORIENTED_EDGE('',*,*,#2045,.T.);
#2782=ORIENTED_EDGE('',*,*,#2035,.T.);
#2783=ORIENTED_EDGE('',*,*,#2075,.T.);
#2784=ORIENTED_EDGE('',*,*,#2088,.T.);
#2785=ORIENTED_EDGE('',*,*,#2093,.T.);
#2786=ORIENTED_EDGE('',*,*,#2091,.T.);
#2787=ORIENTED_EDGE('',*,*,#2071,.T.);
#2788=ORIENTED_EDGE('',*,*,#2095,.T.);
#2789=ORIENTED_EDGE('',*,*,#2063,.T.);
#2790=ORIENTED_EDGE('',*,*,#2077,.T.);
#2791=ORIENTED_EDGE('',*,*,#2080,.T.);
#2792=ORIENTED_EDGE('',*,*,#2078,.T.);
#2793=ORIENTED_EDGE('',*,*,#2060,.T.);
#2794=ORIENTED_EDGE('',*,*,#2083,.T.);
#2795=ORIENTED_EDGE('',*,*,#2085,.T.);
#2796=ORIENTED_EDGE('',*,*,#2050,.T.);
#2797=ORIENTED_EDGE('',*,*,#2067,.T.);
#2798=ORIENTED_EDGE('',*,*,#2038,.T.);
#2799=ORIENTED_EDGE('',*,*,#2044,.T.);
#2800=ORIENTED_EDGE('',*,*,#2047,.T.);
#2801=ORIENTED_EDGE('',*,*,#2098,.T.);
#2802=ORIENTED_EDGE('',*,*,#2099,.T.);
#2803=ORIENTED_EDGE('',*,*,#2021,.T.);
#2804=ORIENTED_EDGE('',*,*,#2066,.T.);
#2805=ORIENTED_EDGE('',*,*,#2097,.T.);
#2806=ORIENTED_EDGE('',*,*,#2100,.F.);
#2807=ORIENTED_EDGE('',*,*,#2022,.F.);
#2808=ORIENTED_EDGE('',*,*,#2099,.F.);
#2809=ORIENTED_EDGE('',*,*,#2096,.T.);
#2810=ORIENTED_EDGE('',*,*,#2068,.T.);
#2811=ORIENTED_EDGE('',*,*,#2023,.T.);
#2812=ORIENTED_EDGE('',*,*,#2100,.T.);
#2813=ORIENTED_EDGE('',*,*,#2101,.T.);
#2814=ORIENTED_EDGE('',*,*,#2102,.T.);
#2815=ORIENTED_EDGE('',*,*,#2103,.F.);
#2816=ORIENTED_EDGE('',*,*,#2104,.F.);
#2817=ORIENTED_EDGE('',*,*,#2105,.T.);
#2818=ORIENTED_EDGE('',*,*,#2106,.T.);
#2819=ORIENTED_EDGE('',*,*,#2107,.F.);
#2820=ORIENTED_EDGE('',*,*,#2102,.F.);
#2821=ORIENTED_EDGE('',*,*,#2108,.T.);
#2822=ORIENTED_EDGE('',*,*,#2109,.T.);
#2823=ORIENTED_EDGE('',*,*,#2110,.F.);
#2824=ORIENTED_EDGE('',*,*,#2106,.F.);
#2825=ORIENTED_EDGE('',*,*,#2111,.T.);
#2826=ORIENTED_EDGE('',*,*,#2112,.T.);
#2827=ORIENTED_EDGE('',*,*,#2113,.T.);
#2828=ORIENTED_EDGE('',*,*,#2114,.T.);
#2829=ORIENTED_EDGE('',*,*,#2115,.T.);
#2830=ORIENTED_EDGE('',*,*,#2103,.T.);
#2831=ORIENTED_EDGE('',*,*,#2107,.T.);
#2832=ORIENTED_EDGE('',*,*,#2110,.T.);
#2833=ORIENTED_EDGE('',*,*,#2115,.F.);
#2834=ORIENTED_EDGE('',*,*,#2116,.F.);
#2835=ORIENTED_EDGE('',*,*,#2117,.T.);
#2836=ORIENTED_EDGE('',*,*,#2104,.T.);
#2837=ORIENTED_EDGE('',*,*,#2118,.T.);
#2838=ORIENTED_EDGE('',*,*,#2116,.T.);
#2839=ORIENTED_EDGE('',*,*,#2114,.F.);
#2840=ORIENTED_EDGE('',*,*,#2119,.F.);
#2841=ORIENTED_EDGE('',*,*,#2120,.T.);
#2842=ORIENTED_EDGE('',*,*,#2119,.T.);
#2843=ORIENTED_EDGE('',*,*,#2113,.F.);
#2844=ORIENTED_EDGE('',*,*,#2121,.F.);
#2845=ORIENTED_EDGE('',*,*,#2122,.T.);
#2846=ORIENTED_EDGE('',*,*,#2121,.T.);
#2847=ORIENTED_EDGE('',*,*,#2112,.F.);
#2848=ORIENTED_EDGE('',*,*,#2123,.F.);
#2849=ORIENTED_EDGE('',*,*,#2124,.T.);
#2850=ORIENTED_EDGE('',*,*,#2123,.T.);
#2851=ORIENTED_EDGE('',*,*,#2111,.F.);
#2852=ORIENTED_EDGE('',*,*,#2109,.F.);
#2853=ORIENTED_EDGE('',*,*,#2117,.F.);
#2854=ORIENTED_EDGE('',*,*,#2118,.F.);
#2855=ORIENTED_EDGE('',*,*,#2120,.F.);
#2856=ORIENTED_EDGE('',*,*,#2122,.F.);
#2857=ORIENTED_EDGE('',*,*,#2124,.F.);
#2858=ORIENTED_EDGE('',*,*,#2108,.F.);
#2859=ORIENTED_EDGE('',*,*,#2105,.F.);
#2860=ORIENTED_EDGE('',*,*,#2101,.F.);
#2861=ORIENTED_EDGE('',*,*,#2125,.T.);
#2862=ORIENTED_EDGE('',*,*,#2126,.F.);
#2863=ORIENTED_EDGE('',*,*,#2127,.T.);
#2864=ORIENTED_EDGE('',*,*,#2128,.T.);
#2865=ORIENTED_EDGE('',*,*,#2129,.T.);
#2866=ORIENTED_EDGE('',*,*,#2130,.F.);
#2867=ORIENTED_EDGE('',*,*,#2131,.T.);
#2868=ORIENTED_EDGE('',*,*,#2132,.T.);
#2869=ORIENTED_EDGE('',*,*,#2133,.T.);
#2870=ORIENTED_EDGE('',*,*,#2134,.F.);
#2871=ORIENTED_EDGE('',*,*,#2135,.T.);
#2872=ORIENTED_EDGE('',*,*,#2130,.T.);
#2873=ORIENTED_EDGE('',*,*,#2136,.F.);
#2874=ORIENTED_EDGE('',*,*,#2137,.F.);
#2875=ORIENTED_EDGE('',*,*,#2138,.F.);
#2876=ORIENTED_EDGE('',*,*,#2127,.F.);
#2877=ORIENTED_EDGE('',*,*,#2139,.F.);
#2878=ORIENTED_EDGE('',*,*,#2131,.F.);
#2879=ORIENTED_EDGE('',*,*,#2135,.F.);
#2880=ORIENTED_EDGE('',*,*,#2140,.F.);
#2881=ORIENTED_EDGE('',*,*,#2141,.T.);
#2882=ORIENTED_EDGE('',*,*,#2142,.F.);
#2883=ORIENTED_EDGE('',*,*,#2136,.T.);
#2884=ORIENTED_EDGE('',*,*,#2126,.T.);
#2885=ORIENTED_EDGE('',*,*,#2141,.F.);
#2886=ORIENTED_EDGE('',*,*,#2125,.F.);
#2887=ORIENTED_EDGE('',*,*,#2143,.F.);
#2888=ORIENTED_EDGE('',*,*,#2144,.F.);
#2889=ORIENTED_EDGE('',*,*,#2145,.F.);
#2890=ORIENTED_EDGE('',*,*,#2146,.F.);
#2891=ORIENTED_EDGE('',*,*,#2133,.F.);
#2892=ORIENTED_EDGE('',*,*,#2129,.F.);
#2893=ORIENTED_EDGE('',*,*,#2144,.T.);
#2894=ORIENTED_EDGE('',*,*,#2147,.F.);
#2895=ORIENTED_EDGE('',*,*,#2137,.T.);
#2896=ORIENTED_EDGE('',*,*,#2142,.T.);
#2897=ORIENTED_EDGE('',*,*,#2138,.T.);
#2898=ORIENTED_EDGE('',*,*,#2147,.T.);
#2899=ORIENTED_EDGE('',*,*,#2143,.T.);
#2900=ORIENTED_EDGE('',*,*,#2128,.F.);
#2901=ORIENTED_EDGE('',*,*,#2146,.T.);
#2902=ORIENTED_EDGE('',*,*,#2148,.F.);
#2903=ORIENTED_EDGE('',*,*,#2140,.T.);
#2904=ORIENTED_EDGE('',*,*,#2134,.T.);
#2905=ORIENTED_EDGE('',*,*,#2139,.T.);
#2906=ORIENTED_EDGE('',*,*,#2148,.T.);
#2907=ORIENTED_EDGE('',*,*,#2145,.T.);
#2908=ORIENTED_EDGE('',*,*,#2132,.F.);
#2909=ORIENTED_EDGE('',*,*,#2149,.F.);
#2910=ORIENTED_EDGE('',*,*,#2150,.T.);
#2911=ORIENTED_EDGE('',*,*,#2151,.T.);
#2912=ORIENTED_EDGE('',*,*,#2150,.F.);
#2913=ORIENTED_EDGE('',*,*,#2151,.F.);
#2914=ORIENTED_EDGE('',*,*,#2152,.F.);
#2915=ORIENTED_EDGE('',*,*,#2153,.T.);
#2916=ORIENTED_EDGE('',*,*,#2154,.F.);
#2917=ORIENTED_EDGE('',*,*,#2155,.F.);
#2918=ORIENTED_EDGE('',*,*,#2149,.T.);
#2919=ORIENTED_EDGE('',*,*,#2156,.F.);
#2920=ORIENTED_EDGE('',*,*,#2157,.T.);
#2921=ORIENTED_EDGE('',*,*,#2158,.F.);
#2922=ORIENTED_EDGE('',*,*,#2153,.F.);
#2923=ORIENTED_EDGE('',*,*,#2159,.F.);
#2924=ORIENTED_EDGE('',*,*,#2155,.T.);
#2925=ORIENTED_EDGE('',*,*,#2160,.F.);
#2926=ORIENTED_EDGE('',*,*,#2161,.F.);
#2927=ORIENTED_EDGE('',*,*,#2162,.F.);
#2928=ORIENTED_EDGE('',*,*,#2161,.T.);
#2929=ORIENTED_EDGE('',*,*,#2163,.F.);
#2930=ORIENTED_EDGE('',*,*,#2157,.F.);
#2931=ORIENTED_EDGE('',*,*,#2163,.T.);
#2932=ORIENTED_EDGE('',*,*,#2160,.T.);
#2933=ORIENTED_EDGE('',*,*,#2154,.T.);
#2934=ORIENTED_EDGE('',*,*,#2158,.T.);
#2935=ORIENTED_EDGE('',*,*,#2162,.T.);
#2936=ORIENTED_EDGE('',*,*,#2156,.T.);
#2937=ORIENTED_EDGE('',*,*,#2152,.T.);
#2938=ORIENTED_EDGE('',*,*,#2159,.T.);
#2939=ORIENTED_EDGE('',*,*,#2164,.F.);
#2940=ORIENTED_EDGE('',*,*,#2165,.T.);
#2941=ORIENTED_EDGE('',*,*,#2166,.T.);
#2942=ORIENTED_EDGE('',*,*,#2165,.F.);
#2943=ORIENTED_EDGE('',*,*,#2167,.T.);
#2944=ORIENTED_EDGE('',*,*,#2168,.T.);
#2945=ORIENTED_EDGE('',*,*,#2169,.F.);
#2946=ORIENTED_EDGE('',*,*,#2170,.F.);
#2947=ORIENTED_EDGE('',*,*,#2171,.T.);
#2948=ORIENTED_EDGE('',*,*,#2170,.T.);
#2949=ORIENTED_EDGE('',*,*,#2172,.F.);
#2950=ORIENTED_EDGE('',*,*,#2173,.F.);
#2951=ORIENTED_EDGE('',*,*,#2174,.T.);
#2952=ORIENTED_EDGE('',*,*,#2173,.T.);
#2953=ORIENTED_EDGE('',*,*,#2175,.F.);
#2954=ORIENTED_EDGE('',*,*,#2176,.F.);
#2955=ORIENTED_EDGE('',*,*,#2177,.T.);
#2956=ORIENTED_EDGE('',*,*,#2176,.T.);
#2957=ORIENTED_EDGE('',*,*,#2178,.F.);
#2958=ORIENTED_EDGE('',*,*,#2168,.F.);
#2959=ORIENTED_EDGE('',*,*,#2178,.T.);
#2960=ORIENTED_EDGE('',*,*,#2175,.T.);
#2961=ORIENTED_EDGE('',*,*,#2172,.T.);
#2962=ORIENTED_EDGE('',*,*,#2169,.T.);
#2963=ORIENTED_EDGE('',*,*,#2164,.T.);
#2964=ORIENTED_EDGE('',*,*,#2177,.F.);
#2965=ORIENTED_EDGE('',*,*,#2167,.F.);
#2966=ORIENTED_EDGE('',*,*,#2171,.F.);
#2967=ORIENTED_EDGE('',*,*,#2174,.F.);
#2968=ORIENTED_EDGE('',*,*,#2166,.F.);
#2969=ORIENTED_EDGE('',*,*,#2179,.T.);
#2970=ORIENTED_EDGE('',*,*,#2180,.T.);
#2971=ORIENTED_EDGE('',*,*,#2181,.F.);
#2972=ORIENTED_EDGE('',*,*,#2182,.F.);
#2973=ORIENTED_EDGE('',*,*,#2183,.T.);
#2974=ORIENTED_EDGE('',*,*,#2182,.T.);
#2975=ORIENTED_EDGE('',*,*,#2184,.F.);
#2976=ORIENTED_EDGE('',*,*,#2185,.F.);
#2977=ORIENTED_EDGE('',*,*,#2186,.T.);
#2978=ORIENTED_EDGE('',*,*,#2185,.T.);
#2979=ORIENTED_EDGE('',*,*,#2187,.F.);
#2980=ORIENTED_EDGE('',*,*,#2188,.F.);
#2981=ORIENTED_EDGE('',*,*,#2189,.T.);
#2982=ORIENTED_EDGE('',*,*,#2188,.T.);
#2983=ORIENTED_EDGE('',*,*,#2190,.F.);
#2984=ORIENTED_EDGE('',*,*,#2191,.F.);
#2985=ORIENTED_EDGE('',*,*,#2192,.T.);
#2986=ORIENTED_EDGE('',*,*,#2191,.T.);
#2987=ORIENTED_EDGE('',*,*,#2193,.F.);
#2988=ORIENTED_EDGE('',*,*,#2194,.F.);
#2989=ORIENTED_EDGE('',*,*,#2195,.T.);
#2990=ORIENTED_EDGE('',*,*,#2194,.T.);
#2991=ORIENTED_EDGE('',*,*,#2196,.F.);
#2992=ORIENTED_EDGE('',*,*,#2180,.F.);
#2993=ORIENTED_EDGE('',*,*,#2197,.F.);
#2994=ORIENTED_EDGE('',*,*,#2198,.T.);
#2995=ORIENTED_EDGE('',*,*,#2199,.F.);
#2996=ORIENTED_EDGE('',*,*,#2200,.F.);
#2997=ORIENTED_EDGE('',*,*,#2201,.F.);
#2998=ORIENTED_EDGE('',*,*,#2200,.T.);
#2999=ORIENTED_EDGE('',*,*,#2202,.F.);
#3000=ORIENTED_EDGE('',*,*,#2203,.F.);
#3001=ORIENTED_EDGE('',*,*,#2204,.F.);
#3002=ORIENTED_EDGE('',*,*,#2203,.T.);
#3003=ORIENTED_EDGE('',*,*,#2205,.F.);
#3004=ORIENTED_EDGE('',*,*,#2206,.F.);
#3005=ORIENTED_EDGE('',*,*,#2207,.F.);
#3006=ORIENTED_EDGE('',*,*,#2206,.T.);
#3007=ORIENTED_EDGE('',*,*,#2208,.F.);
#3008=ORIENTED_EDGE('',*,*,#2198,.F.);
#3009=ORIENTED_EDGE('',*,*,#2208,.T.);
#3010=ORIENTED_EDGE('',*,*,#2205,.T.);
#3011=ORIENTED_EDGE('',*,*,#2202,.T.);
#3012=ORIENTED_EDGE('',*,*,#2199,.T.);
#3013=ORIENTED_EDGE('',*,*,#2196,.T.);
#3014=ORIENTED_EDGE('',*,*,#2193,.T.);
#3015=ORIENTED_EDGE('',*,*,#2190,.T.);
#3016=ORIENTED_EDGE('',*,*,#2187,.T.);
#3017=ORIENTED_EDGE('',*,*,#2184,.T.);
#3018=ORIENTED_EDGE('',*,*,#2181,.T.);
#3019=ORIENTED_EDGE('',*,*,#2207,.T.);
#3020=ORIENTED_EDGE('',*,*,#2197,.T.);
#3021=ORIENTED_EDGE('',*,*,#2201,.T.);
#3022=ORIENTED_EDGE('',*,*,#2204,.T.);
#3023=ORIENTED_EDGE('',*,*,#2195,.F.);
#3024=ORIENTED_EDGE('',*,*,#2179,.F.);
#3025=ORIENTED_EDGE('',*,*,#2183,.F.);
#3026=ORIENTED_EDGE('',*,*,#2186,.F.);
#3027=ORIENTED_EDGE('',*,*,#2189,.F.);
#3028=ORIENTED_EDGE('',*,*,#2192,.F.);
#3029=ORIENTED_EDGE('',*,*,#2209,.T.);
#3030=ORIENTED_EDGE('',*,*,#2210,.T.);
#3031=ORIENTED_EDGE('',*,*,#2211,.F.);
#3032=ORIENTED_EDGE('',*,*,#2212,.F.);
#3033=ORIENTED_EDGE('',*,*,#2213,.T.);
#3034=ORIENTED_EDGE('',*,*,#2212,.T.);
#3035=ORIENTED_EDGE('',*,*,#2214,.F.);
#3036=ORIENTED_EDGE('',*,*,#2215,.F.);
#3037=ORIENTED_EDGE('',*,*,#2216,.T.);
#3038=ORIENTED_EDGE('',*,*,#2215,.T.);
#3039=ORIENTED_EDGE('',*,*,#2217,.F.);
#3040=ORIENTED_EDGE('',*,*,#2218,.F.);
#3041=ORIENTED_EDGE('',*,*,#2219,.T.);
#3042=ORIENTED_EDGE('',*,*,#2218,.T.);
#3043=ORIENTED_EDGE('',*,*,#2220,.F.);
#3044=ORIENTED_EDGE('',*,*,#2210,.F.);
#3045=ORIENTED_EDGE('',*,*,#2221,.F.);
#3046=ORIENTED_EDGE('',*,*,#2222,.T.);
#3047=ORIENTED_EDGE('',*,*,#2223,.F.);
#3048=ORIENTED_EDGE('',*,*,#2224,.F.);
#3049=ORIENTED_EDGE('',*,*,#2225,.F.);
#3050=ORIENTED_EDGE('',*,*,#2224,.T.);
#3051=ORIENTED_EDGE('',*,*,#2226,.F.);
#3052=ORIENTED_EDGE('',*,*,#2227,.F.);
#3053=ORIENTED_EDGE('',*,*,#2228,.F.);
#3054=ORIENTED_EDGE('',*,*,#2227,.T.);
#3055=ORIENTED_EDGE('',*,*,#2229,.F.);
#3056=ORIENTED_EDGE('',*,*,#2230,.F.);
#3057=ORIENTED_EDGE('',*,*,#2231,.F.);
#3058=ORIENTED_EDGE('',*,*,#2230,.T.);
#3059=ORIENTED_EDGE('',*,*,#2232,.F.);
#3060=ORIENTED_EDGE('',*,*,#2222,.F.);
#3061=ORIENTED_EDGE('',*,*,#2232,.T.);
#3062=ORIENTED_EDGE('',*,*,#2229,.T.);
#3063=ORIENTED_EDGE('',*,*,#2226,.T.);
#3064=ORIENTED_EDGE('',*,*,#2223,.T.);
#3065=ORIENTED_EDGE('',*,*,#2220,.T.);
#3066=ORIENTED_EDGE('',*,*,#2217,.T.);
#3067=ORIENTED_EDGE('',*,*,#2214,.T.);
#3068=ORIENTED_EDGE('',*,*,#2211,.T.);
#3069=ORIENTED_EDGE('',*,*,#2231,.T.);
#3070=ORIENTED_EDGE('',*,*,#2221,.T.);
#3071=ORIENTED_EDGE('',*,*,#2225,.T.);
#3072=ORIENTED_EDGE('',*,*,#2228,.T.);
#3073=ORIENTED_EDGE('',*,*,#2219,.F.);
#3074=ORIENTED_EDGE('',*,*,#2209,.F.);
#3075=ORIENTED_EDGE('',*,*,#2213,.F.);
#3076=ORIENTED_EDGE('',*,*,#2216,.F.);
#3077=ORIENTED_EDGE('',*,*,#2233,.T.);
#3078=ORIENTED_EDGE('',*,*,#2234,.T.);
#3079=ORIENTED_EDGE('',*,*,#2235,.F.);
#3080=ORIENTED_EDGE('',*,*,#2236,.F.);
#3081=ORIENTED_EDGE('',*,*,#2237,.T.);
#3082=ORIENTED_EDGE('',*,*,#2236,.T.);
#3083=ORIENTED_EDGE('',*,*,#2238,.F.);
#3084=ORIENTED_EDGE('',*,*,#2239,.F.);
#3085=ORIENTED_EDGE('',*,*,#2240,.T.);
#3086=ORIENTED_EDGE('',*,*,#2239,.T.);
#3087=ORIENTED_EDGE('',*,*,#2241,.F.);
#3088=ORIENTED_EDGE('',*,*,#2242,.F.);
#3089=ORIENTED_EDGE('',*,*,#2243,.T.);
#3090=ORIENTED_EDGE('',*,*,#2242,.T.);
#3091=ORIENTED_EDGE('',*,*,#2244,.F.);
#3092=ORIENTED_EDGE('',*,*,#2234,.F.);
#3093=ORIENTED_EDGE('',*,*,#2245,.T.);
#3094=ORIENTED_EDGE('',*,*,#2246,.T.);
#3095=ORIENTED_EDGE('',*,*,#2247,.F.);
#3096=ORIENTED_EDGE('',*,*,#2248,.F.);
#3097=ORIENTED_EDGE('',*,*,#2249,.T.);
#3098=ORIENTED_EDGE('',*,*,#2248,.T.);
#3099=ORIENTED_EDGE('',*,*,#2250,.F.);
#3100=ORIENTED_EDGE('',*,*,#2251,.F.);
#3101=ORIENTED_EDGE('',*,*,#2252,.T.);
#3102=ORIENTED_EDGE('',*,*,#2251,.T.);
#3103=ORIENTED_EDGE('',*,*,#2253,.F.);
#3104=ORIENTED_EDGE('',*,*,#2254,.F.);
#3105=ORIENTED_EDGE('',*,*,#2255,.T.);
#3106=ORIENTED_EDGE('',*,*,#2254,.T.);
#3107=ORIENTED_EDGE('',*,*,#2256,.F.);
#3108=ORIENTED_EDGE('',*,*,#2246,.F.);
#3109=ORIENTED_EDGE('',*,*,#2256,.T.);
#3110=ORIENTED_EDGE('',*,*,#2253,.T.);
#3111=ORIENTED_EDGE('',*,*,#2250,.T.);
#3112=ORIENTED_EDGE('',*,*,#2247,.T.);
#3113=ORIENTED_EDGE('',*,*,#2244,.T.);
#3114=ORIENTED_EDGE('',*,*,#2241,.T.);
#3115=ORIENTED_EDGE('',*,*,#2238,.T.);
#3116=ORIENTED_EDGE('',*,*,#2235,.T.);
#3117=ORIENTED_EDGE('',*,*,#2255,.F.);
#3118=ORIENTED_EDGE('',*,*,#2245,.F.);
#3119=ORIENTED_EDGE('',*,*,#2249,.F.);
#3120=ORIENTED_EDGE('',*,*,#2252,.F.);
#3121=ORIENTED_EDGE('',*,*,#2243,.F.);
#3122=ORIENTED_EDGE('',*,*,#2233,.F.);
#3123=ORIENTED_EDGE('',*,*,#2237,.F.);
#3124=ORIENTED_EDGE('',*,*,#2240,.F.);
#3125=ORIENTED_EDGE('',*,*,#2257,.F.);
#3126=ORIENTED_EDGE('',*,*,#2258,.F.);
#3127=ORIENTED_EDGE('',*,*,#2259,.F.);
#3128=ORIENTED_EDGE('',*,*,#2260,.F.);
#3129=ORIENTED_EDGE('',*,*,#2261,.F.);
#3130=ORIENTED_EDGE('',*,*,#2262,.F.);
#3131=ORIENTED_EDGE('',*,*,#2263,.F.);
#3132=ORIENTED_EDGE('',*,*,#2264,.F.);
#3133=ORIENTED_EDGE('',*,*,#2262,.T.);
#3134=ORIENTED_EDGE('',*,*,#2265,.F.);
#3135=ORIENTED_EDGE('',*,*,#2266,.T.);
#3136=ORIENTED_EDGE('',*,*,#2267,.T.);
#3137=ORIENTED_EDGE('',*,*,#2261,.T.);
#3138=ORIENTED_EDGE('',*,*,#2268,.F.);
#3139=ORIENTED_EDGE('',*,*,#2269,.T.);
#3140=ORIENTED_EDGE('',*,*,#2265,.T.);
#3141=ORIENTED_EDGE('',*,*,#2258,.T.);
#3142=ORIENTED_EDGE('',*,*,#2270,.F.);
#3143=ORIENTED_EDGE('',*,*,#2271,.F.);
#3144=ORIENTED_EDGE('',*,*,#2272,.T.);
#3145=ORIENTED_EDGE('',*,*,#2257,.T.);
#3146=ORIENTED_EDGE('',*,*,#2273,.F.);
#3147=ORIENTED_EDGE('',*,*,#2274,.F.);
#3148=ORIENTED_EDGE('',*,*,#2270,.T.);
#3149=ORIENTED_EDGE('',*,*,#2264,.T.);
#3150=ORIENTED_EDGE('',*,*,#2275,.F.);
#3151=ORIENTED_EDGE('',*,*,#2276,.T.);
#3152=ORIENTED_EDGE('',*,*,#2268,.T.);
#3153=ORIENTED_EDGE('',*,*,#2263,.T.);
#3154=ORIENTED_EDGE('',*,*,#2267,.F.);
#3155=ORIENTED_EDGE('',*,*,#2277,.T.);
#3156=ORIENTED_EDGE('',*,*,#2275,.T.);
#3157=ORIENTED_EDGE('',*,*,#2260,.T.);
#3158=ORIENTED_EDGE('',*,*,#2278,.F.);
#3159=ORIENTED_EDGE('',*,*,#2279,.F.);
#3160=ORIENTED_EDGE('',*,*,#2273,.T.);
#3161=ORIENTED_EDGE('',*,*,#2259,.T.);
#3162=ORIENTED_EDGE('',*,*,#2272,.F.);
#3163=ORIENTED_EDGE('',*,*,#2280,.F.);
#3164=ORIENTED_EDGE('',*,*,#2278,.T.);
#3165=ORIENTED_EDGE('',*,*,#2274,.T.);
#3166=ORIENTED_EDGE('',*,*,#2279,.T.);
#3167=ORIENTED_EDGE('',*,*,#2280,.T.);
#3168=ORIENTED_EDGE('',*,*,#2271,.T.);
#3169=ORIENTED_EDGE('',*,*,#2269,.F.);
#3170=ORIENTED_EDGE('',*,*,#2276,.F.);
#3171=ORIENTED_EDGE('',*,*,#2277,.F.);
#3172=ORIENTED_EDGE('',*,*,#2266,.F.);
#3173=ORIENTED_EDGE('',*,*,#2281,.F.);
#3174=ORIENTED_EDGE('',*,*,#2282,.F.);
#3175=ORIENTED_EDGE('',*,*,#2283,.F.);
#3176=ORIENTED_EDGE('',*,*,#2284,.F.);
#3177=ORIENTED_EDGE('',*,*,#2285,.F.);
#3178=ORIENTED_EDGE('',*,*,#2286,.F.);
#3179=ORIENTED_EDGE('',*,*,#2287,.F.);
#3180=ORIENTED_EDGE('',*,*,#2288,.F.);
#3181=ORIENTED_EDGE('',*,*,#2287,.T.);
#3182=ORIENTED_EDGE('',*,*,#2289,.T.);
#3183=ORIENTED_EDGE('',*,*,#2290,.F.);
#3184=ORIENTED_EDGE('',*,*,#2291,.F.);
#3185=ORIENTED_EDGE('',*,*,#2286,.T.);
#3186=ORIENTED_EDGE('',*,*,#2292,.T.);
#3187=ORIENTED_EDGE('',*,*,#2293,.F.);
#3188=ORIENTED_EDGE('',*,*,#2289,.F.);
#3189=ORIENTED_EDGE('',*,*,#2283,.T.);
#3190=ORIENTED_EDGE('',*,*,#2294,.T.);
#3191=ORIENTED_EDGE('',*,*,#2295,.F.);
#3192=ORIENTED_EDGE('',*,*,#2296,.F.);
#3193=ORIENTED_EDGE('',*,*,#2282,.T.);
#3194=ORIENTED_EDGE('',*,*,#2297,.T.);
#3195=ORIENTED_EDGE('',*,*,#2298,.F.);
#3196=ORIENTED_EDGE('',*,*,#2294,.F.);
#3197=ORIENTED_EDGE('',*,*,#2285,.T.);
#3198=ORIENTED_EDGE('',*,*,#2299,.T.);
#3199=ORIENTED_EDGE('',*,*,#2300,.F.);
#3200=ORIENTED_EDGE('',*,*,#2292,.F.);
#3201=ORIENTED_EDGE('',*,*,#2288,.T.);
#3202=ORIENTED_EDGE('',*,*,#2291,.T.);
#3203=ORIENTED_EDGE('',*,*,#2301,.F.);
#3204=ORIENTED_EDGE('',*,*,#2299,.F.);
#3205=ORIENTED_EDGE('',*,*,#2281,.T.);
#3206=ORIENTED_EDGE('',*,*,#2302,.T.);
#3207=ORIENTED_EDGE('',*,*,#2303,.F.);
#3208=ORIENTED_EDGE('',*,*,#2297,.F.);
#3209=ORIENTED_EDGE('',*,*,#2284,.T.);
#3210=ORIENTED_EDGE('',*,*,#2296,.T.);
#3211=ORIENTED_EDGE('',*,*,#2304,.F.);
#3212=ORIENTED_EDGE('',*,*,#2302,.F.);
#3213=ORIENTED_EDGE('',*,*,#2304,.T.);
#3214=ORIENTED_EDGE('',*,*,#2295,.T.);
#3215=ORIENTED_EDGE('',*,*,#2298,.T.);
#3216=ORIENTED_EDGE('',*,*,#2303,.T.);
#3217=ORIENTED_EDGE('',*,*,#2301,.T.);
#3218=ORIENTED_EDGE('',*,*,#2290,.T.);
#3219=ORIENTED_EDGE('',*,*,#2293,.T.);
#3220=ORIENTED_EDGE('',*,*,#2300,.T.);
#3221=CYLINDRICAL_SURFACE('',#3599,4.);
#3222=CYLINDRICAL_SURFACE('',#3609,3.75);
#3223=CYLINDRICAL_SURFACE('',#3613,2.15);
#3224=CYLINDRICAL_SURFACE('',#3615,5.);
#3225=CYLINDRICAL_SURFACE('',#3618,5.);
#3226=CYLINDRICAL_SURFACE('',#3620,5.);
#3227=CYLINDRICAL_SURFACE('',#3624,5.);
#3228=CYLINDRICAL_SURFACE('',#3630,2.15);
#3229=CYLINDRICAL_SURFACE('',#3635,3.75);
#3230=CYLINDRICAL_SURFACE('',#3640,4.);
#3231=CYLINDRICAL_SURFACE('',#3642,5.);
#3232=CYLINDRICAL_SURFACE('',#3646,5.);
#3233=CYLINDRICAL_SURFACE('',#3668,5.);
#3234=CYLINDRICAL_SURFACE('',#3670,4.);
#3235=CYLINDRICAL_SURFACE('',#3679,3.75);
#3236=CYLINDRICAL_SURFACE('',#3683,2.15);
#3237=CYLINDRICAL_SURFACE('',#3685,5.);
#3238=CYLINDRICAL_SURFACE('',#3688,5.);
#3239=CYLINDRICAL_SURFACE('',#3691,5.);
#3240=CYLINDRICAL_SURFACE('',#3716,5.);
#3241=CYLINDRICAL_SURFACE('',#3718,5.);
#3242=CYLINDRICAL_SURFACE('',#3743,5.);
#3243=CYLINDRICAL_SURFACE('',#3745,5.);
#3244=CYLINDRICAL_SURFACE('',#3750,3.80000000000003);
#3245=CYLINDRICAL_SURFACE('',#3754,3.80000000000003);
#3246=CYLINDRICAL_SURFACE('',#3761,3.80000000000001);
#3247=CYLINDRICAL_SURFACE('',#3764,3.8);
#3248=CYLINDRICAL_SURFACE('',#3787,4.5258336886491);
#3249=CYLINDRICAL_SURFACE('',#3798,4.);
#3250=ADVANCED_FACE('',(#310),#3221,.F.);
#3251=ADVANCED_FACE('',(#311),#160,.T.);
#3252=ADVANCED_FACE('',(#312),#161,.T.);
#3253=ADVANCED_FACE('',(#313),#162,.T.);
#3254=ADVANCED_FACE('',(#314),#3222,.F.);
#3255=ADVANCED_FACE('',(#315,#137),#163,.F.);
#3256=ADVANCED_FACE('',(#316),#3223,.F.);
#3257=ADVANCED_FACE('',(#317),#3224,.T.);
#3258=ADVANCED_FACE('',(#318),#164,.T.);
#3259=ADVANCED_FACE('',(#319),#3225,.T.);
#3260=ADVANCED_FACE('',(#320),#3226,.T.);
#3261=ADVANCED_FACE('',(#321),#165,.T.);
#3262=ADVANCED_FACE('',(#322),#3227,.T.);
#3263=ADVANCED_FACE('',(#323),#166,.T.);
#3264=ADVANCED_FACE('',(#324),#3228,.F.);
#3265=ADVANCED_FACE('',(#325,#138),#167,.F.);
#3266=ADVANCED_FACE('',(#326),#3229,.F.);
#3267=ADVANCED_FACE('',(#327),#168,.T.);
#3268=ADVANCED_FACE('',(#328),#169,.T.);
#3269=ADVANCED_FACE('',(#329),#3230,.F.);
#3270=ADVANCED_FACE('',(#330),#170,.T.);
#3271=ADVANCED_FACE('',(#331),#3231,.T.);
#3272=ADVANCED_FACE('',(#332),#171,.T.);
#3273=ADVANCED_FACE('',(#333),#3232,.T.);
#3274=ADVANCED_FACE('',(#334),#172,.F.);
#3275=ADVANCED_FACE('',(#335),#173,.F.);
#3276=ADVANCED_FACE('',(#336),#174,.F.);
#3277=ADVANCED_FACE('',(#337),#175,.F.);
#3278=ADVANCED_FACE('',(#338),#176,.F.);
#3279=ADVANCED_FACE('',(#339,#139),#177,.F.);
#3280=ADVANCED_FACE('',(#340),#178,.F.);
#3281=ADVANCED_FACE('',(#341),#179,.F.);
#3282=ADVANCED_FACE('',(#342),#180,.F.);
#3283=ADVANCED_FACE('',(#343),#181,.T.);
#3284=ADVANCED_FACE('',(#344),#182,.T.);
#3285=ADVANCED_FACE('',(#345),#183,.T.);
#3286=ADVANCED_FACE('',(#346),#184,.T.);
#3287=ADVANCED_FACE('',(#347),#185,.T.);
#3288=ADVANCED_FACE('',(#348),#186,.T.);
#3289=ADVANCED_FACE('',(#349),#187,.T.);
#3290=ADVANCED_FACE('',(#350),#188,.T.);
#3291=ADVANCED_FACE('',(#351),#3233,.T.);
#3292=ADVANCED_FACE('',(#352),#3234,.F.);
#3293=ADVANCED_FACE('',(#353),#189,.T.);
#3294=ADVANCED_FACE('',(#354),#190,.T.);
#3295=ADVANCED_FACE('',(#355),#191,.T.);
#3296=ADVANCED_FACE('',(#356),#3235,.F.);
#3297=ADVANCED_FACE('',(#357,#140),#192,.F.);
#3298=ADVANCED_FACE('',(#358),#3236,.F.);
#3299=ADVANCED_FACE('',(#359),#3237,.T.);
#3300=ADVANCED_FACE('',(#360),#193,.T.);
#3301=ADVANCED_FACE('',(#361),#3238,.T.);
#3302=ADVANCED_FACE('',(#362),#194,.T.);
#3303=ADVANCED_FACE('',(#363),#3239,.T.);
#3304=ADVANCED_FACE('',(#364,#141,#142,#143),#195,.F.);
#3305=ADVANCED_FACE('',(#365),#196,.T.);
#3306=ADVANCED_FACE('',(#366),#197,.T.);
#3307=ADVANCED_FACE('',(#367),#198,.T.);
#3308=ADVANCED_FACE('',(#368),#199,.T.);
#3309=ADVANCED_FACE('',(#369),#200,.F.);
#3310=ADVANCED_FACE('',(#370),#201,.F.);
#3311=ADVANCED_FACE('',(#371,#144),#202,.T.);
#3312=ADVANCED_FACE('',(#372),#203,.F.);
#3313=ADVANCED_FACE('',(#373),#204,.F.);
#3314=ADVANCED_FACE('',(#374),#205,.F.);
#3315=ADVANCED_FACE('',(#375),#206,.F.);
#3316=ADVANCED_FACE('',(#376),#3240,.T.);
#3317=ADVANCED_FACE('',(#377),#3241,.T.);
#3318=ADVANCED_FACE('',(#378),#207,.T.);
#3319=ADVANCED_FACE('',(#379),#208,.F.);
#3320=ADVANCED_FACE('',(#380),#209,.F.);
#3321=ADVANCED_FACE('',(#381),#210,.F.);
#3322=ADVANCED_FACE('',(#382),#211,.F.);
#3323=ADVANCED_FACE('',(#383),#212,.F.);
#3324=ADVANCED_FACE('',(#384),#213,.T.);
#3325=ADVANCED_FACE('',(#385),#214,.T.);
#3326=ADVANCED_FACE('',(#386),#215,.F.);
#3327=ADVANCED_FACE('',(#387),#216,.F.);
#3328=ADVANCED_FACE('',(#388),#217,.F.);
#3329=ADVANCED_FACE('',(#389),#218,.F.);
#3330=ADVANCED_FACE('',(#390),#219,.F.);
#3331=ADVANCED_FACE('',(#391),#220,.F.);
#3332=ADVANCED_FACE('',(#392),#221,.F.);
#3333=ADVANCED_FACE('',(#393),#222,.F.);
#3334=ADVANCED_FACE('',(#394),#223,.F.);
#3335=ADVANCED_FACE('',(#395),#224,.F.);
#3336=ADVANCED_FACE('',(#396),#225,.F.);
#3337=ADVANCED_FACE('',(#397),#226,.F.);
#3338=ADVANCED_FACE('',(#398),#227,.T.);
#3339=ADVANCED_FACE('',(#399),#3242,.T.);
#3340=ADVANCED_FACE('',(#400),#228,.T.);
#3341=ADVANCED_FACE('',(#401),#3243,.T.);
#3342=ADVANCED_FACE('',(#402),#3244,.T.);
#3343=ADVANCED_FACE('',(#403),#229,.T.);
#3344=ADVANCED_FACE('',(#404),#3245,.T.);
#3345=ADVANCED_FACE('',(#405),#230,.T.);
#3346=ADVANCED_FACE('',(#406),#231,.T.);
#3347=ADVANCED_FACE('',(#407),#3246,.T.);
#3348=ADVANCED_FACE('',(#408),#232,.T.);
#3349=ADVANCED_FACE('',(#409),#3247,.T.);
#3350=ADVANCED_FACE('',(#410),#233,.T.);
#3351=ADVANCED_FACE('',(#411),#234,.F.);
#3352=ADVANCED_FACE('',(#412),#235,.T.);
#3353=ADVANCED_FACE('',(#413),#236,.T.);
#3354=ADVANCED_FACE('',(#414),#237,.T.);
#3355=ADVANCED_FACE('',(#415,#145),#238,.F.);
#3356=ADVANCED_FACE('',(#416),#239,.T.);
#3357=ADVANCED_FACE('',(#417,#146),#240,.F.);
#3358=ADVANCED_FACE('',(#418),#241,.T.);
#3359=ADVANCED_FACE('',(#419),#242,.T.);
#3360=ADVANCED_FACE('',(#420),#243,.T.);
#3361=ADVANCED_FACE('',(#421),#244,.T.);
#3362=ADVANCED_FACE('',(#422),#3248,.F.);
#3363=ADVANCED_FACE('',(#423),#245,.T.);
#3364=ADVANCED_FACE('',(#424,#147),#246,.T.);
#3365=ADVANCED_FACE('',(#425),#247,.T.);
#3366=ADVANCED_FACE('',(#426),#248,.T.);
#3367=ADVANCED_FACE('',(#427),#249,.T.);
#3368=ADVANCED_FACE('',(#428),#250,.T.);
#3369=ADVANCED_FACE('',(#429),#251,.F.);
#3370=ADVANCED_FACE('',(#430),#3249,.F.);
#3371=ADVANCED_FACE('',(#431),#252,.T.);
#3372=ADVANCED_FACE('',(#432),#253,.T.);
#3373=ADVANCED_FACE('',(#433),#254,.T.);
#3374=ADVANCED_FACE('',(#434),#255,.T.);
#3375=ADVANCED_FACE('',(#435,#148),#256,.T.);
#3376=ADVANCED_FACE('',(#436,#149),#257,.F.);
#3377=ADVANCED_FACE('',(#437),#258,.T.);
#3378=ADVANCED_FACE('',(#438),#259,.T.);
#3379=ADVANCED_FACE('',(#439),#260,.T.);
#3380=ADVANCED_FACE('',(#440),#261,.T.);
#3381=ADVANCED_FACE('',(#441),#262,.T.);
#3382=ADVANCED_FACE('',(#442),#263,.T.);
#3383=ADVANCED_FACE('',(#443),#264,.T.);
#3384=ADVANCED_FACE('',(#444),#265,.T.);
#3385=ADVANCED_FACE('',(#445),#266,.T.);
#3386=ADVANCED_FACE('',(#446),#267,.T.);
#3387=ADVANCED_FACE('',(#447,#150),#268,.T.);
#3388=ADVANCED_FACE('',(#448,#151),#269,.F.);
#3389=ADVANCED_FACE('',(#449),#270,.T.);
#3390=ADVANCED_FACE('',(#450),#271,.T.);
#3391=ADVANCED_FACE('',(#451),#272,.T.);
#3392=ADVANCED_FACE('',(#452),#273,.T.);
#3393=ADVANCED_FACE('',(#453),#274,.T.);
#3394=ADVANCED_FACE('',(#454),#275,.T.);
#3395=ADVANCED_FACE('',(#455),#276,.T.);
#3396=ADVANCED_FACE('',(#456),#277,.T.);
#3397=ADVANCED_FACE('',(#457,#152),#278,.T.);
#3398=ADVANCED_FACE('',(#458,#153),#279,.F.);
#3399=ADVANCED_FACE('',(#459),#280,.T.);
#3400=ADVANCED_FACE('',(#460),#281,.T.);
#3401=ADVANCED_FACE('',(#461),#282,.T.);
#3402=ADVANCED_FACE('',(#462),#283,.T.);
#3403=ADVANCED_FACE('',(#463),#284,.T.);
#3404=ADVANCED_FACE('',(#464),#285,.T.);
#3405=ADVANCED_FACE('',(#465),#286,.T.);
#3406=ADVANCED_FACE('',(#466),#287,.T.);
#3407=ADVANCED_FACE('',(#467,#154),#288,.T.);
#3408=ADVANCED_FACE('',(#468,#155),#289,.F.);
#3409=ADVANCED_FACE('',(#469,#156),#290,.F.);
#3410=ADVANCED_FACE('',(#470),#291,.T.);
#3411=ADVANCED_FACE('',(#471),#292,.T.);
#3412=ADVANCED_FACE('',(#472),#293,.T.);
#3413=ADVANCED_FACE('',(#473),#294,.T.);
#3414=ADVANCED_FACE('',(#474),#295,.T.);
#3415=ADVANCED_FACE('',(#475),#296,.T.);
#3416=ADVANCED_FACE('',(#476),#297,.T.);
#3417=ADVANCED_FACE('',(#477),#298,.T.);
#3418=ADVANCED_FACE('',(#478,#157),#299,.F.);
#3419=ADVANCED_FACE('',(#479,#158),#300,.F.);
#3420=ADVANCED_FACE('',(#480),#301,.T.);
#3421=ADVANCED_FACE('',(#481),#302,.T.);
#3422=ADVANCED_FACE('',(#482),#303,.T.);
#3423=ADVANCED_FACE('',(#483),#304,.T.);
#3424=ADVANCED_FACE('',(#484),#305,.T.);
#3425=ADVANCED_FACE('',(#485),#306,.T.);
#3426=ADVANCED_FACE('',(#486),#307,.T.);
#3427=ADVANCED_FACE('',(#487),#308,.T.);
#3428=ADVANCED_FACE('',(#488,#159),#309,.T.);
#3429=CLOSED_SHELL('',(#3250,#3251,#3252,#3253,#3254,#3255,#3256,#3257,
#3258,#3259,#3260,#3261,#3262,#3263,#3264,#3265,#3266,#3267,#3268,#3269,
#3270,#3271,#3272,#3273,#3274,#3275,#3276,#3277,#3278,#3279,#3280,#3281,
#3282,#3283,#3284,#3285,#3286,#3287,#3288,#3289,#3290,#3291,#3292,#3293,
#3294,#3295,#3296,#3297,#3298,#3299,#3300,#3301,#3302,#3303,#3304));
#3430=CLOSED_SHELL('',(#3305,#3306,#3307,#3308,#3309,#3310,#3311,#3312,
#3313,#3314,#3315,#3316,#3317,#3318,#3319,#3320,#3321,#3322,#3323,#3324,
#3325,#3326,#3327,#3328,#3329,#3330,#3331,#3332,#3333,#3334,#3335,#3336,
#3337,#3338,#3339,#3340,#3341));
#3431=CLOSED_SHELL('',(#3342,#3343,#3344,#3345,#3346,#3347,#3348,#3349,
#3350,#3351));
#3432=CLOSED_SHELL('',(#3352,#3353,#3354,#3355,#3356,#3357,#3358,#3359,
#3360,#3361));
#3433=CLOSED_SHELL('',(#3362,#3363,#3364,#3365,#3366,#3367,#3368,#3369));
#3434=CLOSED_SHELL('',(#3370,#3371,#3372,#3373,#3374,#3375,#3376));
#3435=CLOSED_SHELL('',(#3377,#3378,#3379,#3380,#3381,#3382,#3383,#3384,
#3385,#3386,#3387,#3388));
#3436=CLOSED_SHELL('',(#3389,#3390,#3391,#3392,#3393,#3394,#3395,#3396,
#3397,#3398));
#3437=CLOSED_SHELL('',(#3399,#3400,#3401,#3402,#3403,#3404,#3405,#3406,
#3407,#3408));
#3438=CLOSED_SHELL('',(#3409,#3410,#3411,#3412,#3413,#3414,#3415,#3416,
#3417,#3418));
#3439=CLOSED_SHELL('',(#3419,#3420,#3421,#3422,#3423,#3424,#3425,#3426,
#3427,#3428));
#3440=DERIVED_UNIT_ELEMENT(#3468,1.);
#3441=DERIVED_UNIT_ELEMENT(#5878,-3.);
#3442=DERIVED_UNIT_ELEMENT(#3468,1.);
#3443=DERIVED_UNIT_ELEMENT(#5878,-3.);
#3444=DERIVED_UNIT_ELEMENT(#3468,1.);
#3445=DERIVED_UNIT_ELEMENT(#5878,-3.);
#3446=DERIVED_UNIT_ELEMENT(#3468,1.);
#3447=DERIVED_UNIT_ELEMENT(#5878,-3.);
#3448=DERIVED_UNIT_ELEMENT(#3468,1.);
#3449=DERIVED_UNIT_ELEMENT(#5878,-3.);
#3450=DERIVED_UNIT_ELEMENT(#3468,1.);
#3451=DERIVED_UNIT_ELEMENT(#5878,-3.);
#3452=DERIVED_UNIT_ELEMENT(#3468,1.);
#3453=DERIVED_UNIT_ELEMENT(#5878,-3.);
#3454=DERIVED_UNIT_ELEMENT(#3468,1.);
#3455=DERIVED_UNIT_ELEMENT(#5878,-3.);
#3456=DERIVED_UNIT_ELEMENT(#3468,1.);
#3457=DERIVED_UNIT_ELEMENT(#5878,-3.);
#3458=DERIVED_UNIT_ELEMENT(#3468,1.);
#3459=DERIVED_UNIT_ELEMENT(#5878,-3.);
#3460=DERIVED_UNIT_ELEMENT(#3468,1.);
#3461=DERIVED_UNIT_ELEMENT(#5878,-3.);
#3462=DERIVED_UNIT_ELEMENT(#3468,1.);
#3463=DERIVED_UNIT_ELEMENT(#5878,-3.);
#3464=DERIVED_UNIT_ELEMENT(#3468,1.);
#3465=DERIVED_UNIT_ELEMENT(#5878,-3.);
#3466=DERIVED_UNIT_ELEMENT(#3468,1.);
#3467=DERIVED_UNIT_ELEMENT(#5878,-3.);
#3468=(
MASS_UNIT()
NAMED_UNIT(*)
SI_UNIT(.KILO.,.GRAM.)
);
#3469=DERIVED_UNIT((#3440,#3441));
#3470=DERIVED_UNIT((#3442,#3443));
#3471=DERIVED_UNIT((#3444,#3445));
#3472=DERIVED_UNIT((#3446,#3447));
#3473=DERIVED_UNIT((#3448,#3449));
#3474=DERIVED_UNIT((#3450,#3451));
#3475=DERIVED_UNIT((#3452,#3453));
#3476=DERIVED_UNIT((#3454,#3455));
#3477=DERIVED_UNIT((#3456,#3457));
#3478=DERIVED_UNIT((#3458,#3459));
#3479=DERIVED_UNIT((#3460,#3461));
#3480=DERIVED_UNIT((#3462,#3463));
#3481=DERIVED_UNIT((#3464,#3465));
#3482=DERIVED_UNIT((#3466,#3467));
#3483=MEASURE_REPRESENTATION_ITEM('density measure',
POSITIVE_RATIO_MEASURE(2700.),#3469);
#3484=MEASURE_REPRESENTATION_ITEM('density measure',
POSITIVE_RATIO_MEASURE(2700.),#3470);
#3485=MEASURE_REPRESENTATION_ITEM('density measure',
POSITIVE_RATIO_MEASURE(2700.),#3471);
#3486=MEASURE_REPRESENTATION_ITEM('density measure',
POSITIVE_RATIO_MEASURE(2700.),#3472);
#3487=MEASURE_REPRESENTATION_ITEM('density measure',
POSITIVE_RATIO_MEASURE(2700.),#3473);
#3488=MEASURE_REPRESENTATION_ITEM('density measure',
POSITIVE_RATIO_MEASURE(2700.),#3474);
#3489=MEASURE_REPRESENTATION_ITEM('density measure',
POSITIVE_RATIO_MEASURE(2700.),#3475);
#3490=MEASURE_REPRESENTATION_ITEM('density measure',
POSITIVE_RATIO_MEASURE(2700.),#3476);
#3491=MEASURE_REPRESENTATION_ITEM('density measure',
POSITIVE_RATIO_MEASURE(2700.),#3477);
#3492=MEASURE_REPRESENTATION_ITEM('density measure',
POSITIVE_RATIO_MEASURE(2700.),#3478);
#3493=MEASURE_REPRESENTATION_ITEM('density measure',
POSITIVE_RATIO_MEASURE(2700.),#3479);
#3494=MEASURE_REPRESENTATION_ITEM('density measure',
POSITIVE_RATIO_MEASURE(2700.),#3480);
#3495=MEASURE_REPRESENTATION_ITEM('density measure',
POSITIVE_RATIO_MEASURE(2700.),#3481);
#3496=MEASURE_REPRESENTATION_ITEM('density measure',
POSITIVE_RATIO_MEASURE(2700.),#3482);
#3497=PROPERTY_DEFINITION_REPRESENTATION(#3567,#3525);
#3498=PROPERTY_DEFINITION_REPRESENTATION(#3568,#3526);
#3499=PROPERTY_DEFINITION_REPRESENTATION(#3569,#3527);
#3500=PROPERTY_DEFINITION_REPRESENTATION(#3570,#3528);
#3501=PROPERTY_DEFINITION_REPRESENTATION(#3571,#3529);
#3502=PROPERTY_DEFINITION_REPRESENTATION(#3572,#3530);
#3503=PROPERTY_DEFINITION_REPRESENTATION(#3573,#3531);
#3504=PROPERTY_DEFINITION_REPRESENTATION(#3574,#3532);
#3505=PROPERTY_DEFINITION_REPRESENTATION(#3575,#3533);
#3506=PROPERTY_DEFINITION_REPRESENTATION(#3576,#3534);
#3507=PROPERTY_DEFINITION_REPRESENTATION(#3577,#3535);
#3508=PROPERTY_DEFINITION_REPRESENTATION(#3578,#3536);
#3509=PROPERTY_DEFINITION_REPRESENTATION(#3579,#3537);
#3510=PROPERTY_DEFINITION_REPRESENTATION(#3580,#3538);
#3511=PROPERTY_DEFINITION_REPRESENTATION(#3581,#3539);
#3512=PROPERTY_DEFINITION_REPRESENTATION(#3582,#3540);
#3513=PROPERTY_DEFINITION_REPRESENTATION(#3583,#3541);
#3514=PROPERTY_DEFINITION_REPRESENTATION(#3584,#3542);
#3515=PROPERTY_DEFINITION_REPRESENTATION(#3585,#3543);
#3516=PROPERTY_DEFINITION_REPRESENTATION(#3586,#3544);
#3517=PROPERTY_DEFINITION_REPRESENTATION(#3587,#3545);
#3518=PROPERTY_DEFINITION_REPRESENTATION(#3588,#3546);
#3519=PROPERTY_DEFINITION_REPRESENTATION(#3589,#3547);
#3520=PROPERTY_DEFINITION_REPRESENTATION(#3590,#3548);
#3521=PROPERTY_DEFINITION_REPRESENTATION(#3591,#3549);
#3522=PROPERTY_DEFINITION_REPRESENTATION(#3592,#3550);
#3523=PROPERTY_DEFINITION_REPRESENTATION(#3593,#3551);
#3524=PROPERTY_DEFINITION_REPRESENTATION(#3594,#3552);
#3525=REPRESENTATION('material name',(#3553),#5859);
#3526=REPRESENTATION('density',(#3483),#5859);
#3527=REPRESENTATION('material name',(#3554),#5860);
#3528=REPRESENTATION('density',(#3484),#5860);
#3529=REPRESENTATION('material name',(#3555),#5862);
#3530=REPRESENTATION('density',(#3485),#5862);
#3531=REPRESENTATION('material name',(#3556),#5863);
#3532=REPRESENTATION('density',(#3486),#5863);
#3533=REPRESENTATION('material name',(#3557),#5865);
#3534=REPRESENTATION('density',(#3487),#5865);
#3535=REPRESENTATION('material name',(#3558),#5866);
#3536=REPRESENTATION('density',(#3488),#5866);
#3537=REPRESENTATION('material name',(#3559),#5868);
#3538=REPRESENTATION('density',(#3489),#5868);
#3539=REPRESENTATION('material name',(#3560),#5869);
#3540=REPRESENTATION('density',(#3490),#5869);
#3541=REPRESENTATION('material name',(#3561),#5870);
#3542=REPRESENTATION('density',(#3491),#5870);
#3543=REPRESENTATION('material name',(#3562),#5871);
#3544=REPRESENTATION('density',(#3492),#5871);
#3545=REPRESENTATION('material name',(#3563),#5872);
#3546=REPRESENTATION('density',(#3493),#5872);
#3547=REPRESENTATION('material name',(#3564),#5873);
#3548=REPRESENTATION('density',(#3494),#5873);
#3549=REPRESENTATION('material name',(#3565),#5874);
#3550=REPRESENTATION('density',(#3495),#5874);
#3551=REPRESENTATION('material name',(#3566),#5875);
#3552=REPRESENTATION('density',(#3496),#5875);
#3553=DESCRIPTIVE_REPRESENTATION_ITEM('Aluminum','Aluminum');
#3554=DESCRIPTIVE_REPRESENTATION_ITEM('Aluminum','Aluminum');
#3555=DESCRIPTIVE_REPRESENTATION_ITEM('Aluminum','Aluminum');
#3556=DESCRIPTIVE_REPRESENTATION_ITEM('Aluminum','Aluminum');
#3557=DESCRIPTIVE_REPRESENTATION_ITEM('Aluminum','Aluminum');
#3558=DESCRIPTIVE_REPRESENTATION_ITEM('Aluminum','Aluminum');
#3559=DESCRIPTIVE_REPRESENTATION_ITEM('Aluminum','Aluminum');
#3560=DESCRIPTIVE_REPRESENTATION_ITEM('Aluminum','Aluminum');
#3561=DESCRIPTIVE_REPRESENTATION_ITEM('Aluminum','Aluminum');
#3562=DESCRIPTIVE_REPRESENTATION_ITEM('Aluminum','Aluminum');
#3563=DESCRIPTIVE_REPRESENTATION_ITEM('Aluminum','Aluminum');
#3564=DESCRIPTIVE_REPRESENTATION_ITEM('Aluminum','Aluminum');
#3565=DESCRIPTIVE_REPRESENTATION_ITEM('Aluminum','Aluminum');
#3566=DESCRIPTIVE_REPRESENTATION_ITEM('Aluminum','Aluminum');
#3567=PROPERTY_DEFINITION('material property','material name',#5964);
#3568=PROPERTY_DEFINITION('material property','density of part',#5964);
#3569=PROPERTY_DEFINITION('material property','material name',#5965);
#3570=PROPERTY_DEFINITION('material property','density of part',#5965);
#3571=PROPERTY_DEFINITION('material property','material name',#5967);
#3572=PROPERTY_DEFINITION('material property','density of part',#5967);
#3573=PROPERTY_DEFINITION('material property','material name',#5968);
#3574=PROPERTY_DEFINITION('material property','density of part',#5968);
#3575=PROPERTY_DEFINITION('material property','material name',#5970);
#3576=PROPERTY_DEFINITION('material property','density of part',#5970);
#3577=PROPERTY_DEFINITION('material property','material name',#5971);
#3578=PROPERTY_DEFINITION('material property','density of part',#5971);
#3579=PROPERTY_DEFINITION('material property','material name',#5973);
#3580=PROPERTY_DEFINITION('material property','density of part',#5973);
#3581=PROPERTY_DEFINITION('material property','material name',#5974);
#3582=PROPERTY_DEFINITION('material property','density of part',#5974);
#3583=PROPERTY_DEFINITION('material property','material name',#5975);
#3584=PROPERTY_DEFINITION('material property','density of part',#5975);
#3585=PROPERTY_DEFINITION('material property','material name',#5976);
#3586=PROPERTY_DEFINITION('material property','density of part',#5976);
#3587=PROPERTY_DEFINITION('material property','material name',#5977);
#3588=PROPERTY_DEFINITION('material property','density of part',#5977);
#3589=PROPERTY_DEFINITION('material property','material name',#5978);
#3590=PROPERTY_DEFINITION('material property','density of part',#5978);
#3591=PROPERTY_DEFINITION('material property','material name',#5979);
#3592=PROPERTY_DEFINITION('material property','density of part',#5979);
#3593=PROPERTY_DEFINITION('material property','material name',#5980);
#3594=PROPERTY_DEFINITION('material property','density of part',#5980);
#3595=AXIS2_PLACEMENT_3D('',#4823,#3873,#3874);
#3596=AXIS2_PLACEMENT_3D('',#4824,#3875,#3876);
#3597=AXIS2_PLACEMENT_3D('',#4825,#3877,#3878);
#3598=AXIS2_PLACEMENT_3D('',#4826,#3879,#3880);
#3599=AXIS2_PLACEMENT_3D('',#4827,#3881,#3882);
#3600=AXIS2_PLACEMENT_3D('',#4847,#3884,#3885);
#3601=AXIS2_PLACEMENT_3D('',#4851,#3887,#3888);
#3602=AXIS2_PLACEMENT_3D('',#4853,#3890,#3891);
#3603=AXIS2_PLACEMENT_3D('',#4855,#3892,#3893);
#3604=AXIS2_PLACEMENT_3D('',#4856,#3894,#3895);
#3605=AXIS2_PLACEMENT_3D('',#4860,#3897,#3898);
#3606=AXIS2_PLACEMENT_3D('',#4864,#3900,#3901);
#3607=AXIS2_PLACEMENT_3D('',#4866,#3903,#3904);
#3608=AXIS2_PLACEMENT_3D('',#4872,#3908,#3909);
#3609=AXIS2_PLACEMENT_3D('',#4878,#3913,#3914);
#3610=AXIS2_PLACEMENT_3D('',#4881,#3916,#3917);
#3611=AXIS2_PLACEMENT_3D('',#4882,#3918,#3919);
#3612=AXIS2_PLACEMENT_3D('',#4884,#3920,#3921);
#3613=AXIS2_PLACEMENT_3D('',#4885,#3922,#3923);
#3614=AXIS2_PLACEMENT_3D('',#4887,#3924,#3925);
#3615=AXIS2_PLACEMENT_3D('',#4889,#3927,#3928);
#3616=AXIS2_PLACEMENT_3D('',#4891,#3929,#3930);
#3617=AXIS2_PLACEMENT_3D('',#4893,#3932,#3933);
#3618=AXIS2_PLACEMENT_3D('',#4897,#3936,#3937);
#3619=AXIS2_PLACEMENT_3D('',#4898,#3938,#3939);
#3620=AXIS2_PLACEMENT_3D('',#4899,#3940,#3941);
#3621=AXIS2_PLACEMENT_3D('',#4902,#3942,#3943);
#3622=AXIS2_PLACEMENT_3D('',#4906,#3945,#3946);
#3623=AXIS2_PLACEMENT_3D('',#4908,#3948,#3949);
#3624=AXIS2_PLACEMENT_3D('',#4914,#3953,#3954);
#3625=AXIS2_PLACEMENT_3D('',#4916,#3955,#3956);
#3626=AXIS2_PLACEMENT_3D('',#4918,#3957,#3958);
#3627=AXIS2_PLACEMENT_3D('',#4920,#3960,#3961);
#3628=AXIS2_PLACEMENT_3D('',#4925,#3963,#3964);
#3629=AXIS2_PLACEMENT_3D('',#4927,#3965,#3966);
#3630=AXIS2_PLACEMENT_3D('',#4932,#3970,#3971);
#3631=AXIS2_PLACEMENT_3D('',#4934,#3972,#3973);
#3632=AXIS2_PLACEMENT_3D('',#4937,#3975,#3976);
#3633=AXIS2_PLACEMENT_3D('',#4938,#3977,#3978);
#3634=AXIS2_PLACEMENT_3D('',#4940,#3979,#3980);
#3635=AXIS2_PLACEMENT_3D('',#4941,#3981,#3982);
#3636=AXIS2_PLACEMENT_3D('',#4953,#3984,#3985);
#3637=AXIS2_PLACEMENT_3D('',#4958,#3988,#3989);
#3638=AXIS2_PLACEMENT_3D('',#4959,#3990,#3991);
#3639=AXIS2_PLACEMENT_3D('',#4964,#3994,#3995);
#3640=AXIS2_PLACEMENT_3D('',#4965,#3996,#3997);
#3641=AXIS2_PLACEMENT_3D('',#4967,#3999,#4000);
#3642=AXIS2_PLACEMENT_3D('',#4992,#4013,#4014);
#3643=AXIS2_PLACEMENT_3D('',#4994,#4015,#4016);
#3644=AXIS2_PLACEMENT_3D('',#4996,#4017,#4018);
#3645=AXIS2_PLACEMENT_3D('',#4998,#4020,#4021);
#3646=AXIS2_PLACEMENT_3D('',#5005,#4026,#4027);
#3647=AXIS2_PLACEMENT_3D('',#5007,#4028,#4029);
#3648=AXIS2_PLACEMENT_3D('',#5009,#4030,#4031);
#3649=AXIS2_PLACEMENT_3D('',#5011,#4033,#4034);
#3650=AXIS2_PLACEMENT_3D('',#5025,#4042,#4043);
#3651=AXIS2_PLACEMENT_3D('',#5028,#4045,#4046);
#3652=AXIS2_PLACEMENT_3D('',#5029,#4047,#4048);
#3653=AXIS2_PLACEMENT_3D('',#5035,#4052,#4053);
#3654=AXIS2_PLACEMENT_3D('',#5037,#4055,#4056);
#3655=AXIS2_PLACEMENT_3D('',#5039,#4058,#4059);
#3656=AXIS2_PLACEMENT_3D('',#5040,#4060,#4061);
#3657=AXIS2_PLACEMENT_3D('',#5058,#4071,#4072);
#3658=AXIS2_PLACEMENT_3D('',#5061,#4075,#4076);
#3659=AXIS2_PLACEMENT_3D('',#5062,#4077,#4078);
#3660=AXIS2_PLACEMENT_3D('',#5063,#4079,#4080);
#3661=AXIS2_PLACEMENT_3D('',#5076,#4087,#4088);
#3662=AXIS2_PLACEMENT_3D('',#5079,#4091,#4092);
#3663=AXIS2_PLACEMENT_3D('',#5081,#4094,#4095);
#3664=AXIS2_PLACEMENT_3D('',#5083,#4097,#4098);
#3665=AXIS2_PLACEMENT_3D('',#5085,#4100,#4101);
#3666=AXIS2_PLACEMENT_3D('',#5087,#4103,#4104);
#3667=AXIS2_PLACEMENT_3D('',#5088,#4105,#4106);
#3668=AXIS2_PLACEMENT_3D('',#5093,#4110,#4111);
#3669=AXIS2_PLACEMENT_3D('',#5096,#4113,#4114);
#3670=AXIS2_PLACEMENT_3D('',#5097,#4115,#4116);
#3671=AXIS2_PLACEMENT_3D('',#5109,#4118,#4119);
#3672=AXIS2_PLACEMENT_3D('',#5113,#4121,#4122);
#3673=AXIS2_PLACEMENT_3D('',#5122,#4124,#4125);
#3674=AXIS2_PLACEMENT_3D('',#5123,#4126,#4127);
#3675=AXIS2_PLACEMENT_3D('',#5127,#4129,#4130);
#3676=AXIS2_PLACEMENT_3D('',#5131,#4132,#4133);
#3677=AXIS2_PLACEMENT_3D('',#5133,#4135,#4136);
#3678=AXIS2_PLACEMENT_3D('',#5139,#4140,#4141);
#3679=AXIS2_PLACEMENT_3D('',#5145,#4145,#4146);
#3680=AXIS2_PLACEMENT_3D('',#5148,#4148,#4149);
#3681=AXIS2_PLACEMENT_3D('',#5149,#4150,#4151);
#3682=AXIS2_PLACEMENT_3D('',#5151,#4152,#4153);
#3683=AXIS2_PLACEMENT_3D('',#5152,#4154,#4155);
#3684=AXIS2_PLACEMENT_3D('',#5154,#4156,#4157);
#3685=AXIS2_PLACEMENT_3D('',#5156,#4159,#4160);
#3686=AXIS2_PLACEMENT_3D('',#5159,#4162,#4163);
#3687=AXIS2_PLACEMENT_3D('',#5160,#4164,#4165);
#3688=AXIS2_PLACEMENT_3D('',#5164,#4168,#4169);
#3689=AXIS2_PLACEMENT_3D('',#5165,#4170,#4171);
#3690=AXIS2_PLACEMENT_3D('',#5166,#4172,#4173);
#3691=AXIS2_PLACEMENT_3D('',#5171,#4177,#4178);
#3692=AXIS2_PLACEMENT_3D('',#5172,#4179,#4180);
#3693=AXIS2_PLACEMENT_3D('',#5173,#4181,#4182);
#3694=AXIS2_PLACEMENT_3D('',#5174,#4183,#4184);
#3695=AXIS2_PLACEMENT_3D('',#5175,#4185,#4186);
#3696=AXIS2_PLACEMENT_3D('',#5176,#4187,#4188);
#3697=AXIS2_PLACEMENT_3D('',#5177,#4189,#4190);
#3698=AXIS2_PLACEMENT_3D('',#5178,#4191,#4192);
#3699=AXIS2_PLACEMENT_3D('',#5179,#4193,#4194);
#3700=AXIS2_PLACEMENT_3D('',#5180,#4195,#4196);
#3701=AXIS2_PLACEMENT_3D('',#5181,#4197,#4198);
#3702=AXIS2_PLACEMENT_3D('',#5190,#4203,#4204);
#3703=AXIS2_PLACEMENT_3D('',#5196,#4208,#4209);
#3704=AXIS2_PLACEMENT_3D('',#5202,#4213,#4214);
#3705=AXIS2_PLACEMENT_3D('',#5205,#4217,#4218);
#3706=AXIS2_PLACEMENT_3D('',#5211,#4222,#4223);
#3707=AXIS2_PLACEMENT_3D('',#5215,#4226,#4227);
#3708=AXIS2_PLACEMENT_3D('',#5220,#4229,#4230);
#3709=AXIS2_PLACEMENT_3D('',#5224,#4232,#4233);
#3710=AXIS2_PLACEMENT_3D('',#5228,#4235,#4236);
#3711=AXIS2_PLACEMENT_3D('',#5231,#4238,#4239);
#3712=AXIS2_PLACEMENT_3D('',#5232,#4240,#4241);
#3713=AXIS2_PLACEMENT_3D('',#5236,#4244,#4245);
#3714=AXIS2_PLACEMENT_3D('',#5238,#4247,#4248);
#3715=AXIS2_PLACEMENT_3D('',#5239,#4249,#4250);
#3716=AXIS2_PLACEMENT_3D('',#5248,#4255,#4256);
#3717=AXIS2_PLACEMENT_3D('',#5251,#4257,#4258);
#3718=AXIS2_PLACEMENT_3D('',#5254,#4261,#4262);
#3719=AXIS2_PLACEMENT_3D('',#5257,#4263,#4264);
#3720=AXIS2_PLACEMENT_3D('',#5260,#4267,#4268);
#3721=AXIS2_PLACEMENT_3D('',#5270,#4274,#4275);
#3722=AXIS2_PLACEMENT_3D('',#5276,#4279,#4280);
#3723=AXIS2_PLACEMENT_3D('',#5285,#4285,#4286);
#3724=AXIS2_PLACEMENT_3D('',#5289,#4289,#4290);
#3725=AXIS2_PLACEMENT_3D('',#5293,#4293,#4294);
#3726=AXIS2_PLACEMENT_3D('',#5295,#4296,#4297);
#3727=AXIS2_PLACEMENT_3D('',#5313,#4308,#4309);
#3728=AXIS2_PLACEMENT_3D('',#5329,#4318,#4319);
#3729=AXIS2_PLACEMENT_3D('',#5333,#4322,#4323);
#3730=AXIS2_PLACEMENT_3D('',#5337,#4326,#4327);
#3731=AXIS2_PLACEMENT_3D('',#5339,#4329,#4330);
#3732=AXIS2_PLACEMENT_3D('',#5345,#4334,#4335);
#3733=AXIS2_PLACEMENT_3D('',#5347,#4337,#4338);
#3734=AXIS2_PLACEMENT_3D('',#5349,#4340,#4341);
#3735=AXIS2_PLACEMENT_3D('',#5355,#4345,#4346);
#3736=AXIS2_PLACEMENT_3D('',#5359,#4349,#4350);
#3737=AXIS2_PLACEMENT_3D('',#5363,#4353,#4354);
#3738=AXIS2_PLACEMENT_3D('',#5365,#4356,#4357);
#3739=AXIS2_PLACEMENT_3D('',#5368,#4360,#4361);
#3740=AXIS2_PLACEMENT_3D('',#5370,#4362,#4363);
#3741=AXIS2_PLACEMENT_3D('',#5373,#4365,#4366);
#3742=AXIS2_PLACEMENT_3D('',#5374,#4367,#4368);
#3743=AXIS2_PLACEMENT_3D('',#5375,#4369,#4370);
#3744=AXIS2_PLACEMENT_3D('',#5377,#4372,#4373);
#3745=AXIS2_PLACEMENT_3D('',#5379,#4375,#4376);
#3746=AXIS2_PLACEMENT_3D('',#5380,#4377,#4378);
#3747=AXIS2_PLACEMENT_3D('',#5381,#4379,#4380);
#3748=AXIS2_PLACEMENT_3D('',#5382,#4381,#4382);
#3749=AXIS2_PLACEMENT_3D('',#5383,#4383,#4384);
#3750=AXIS2_PLACEMENT_3D('',#5384,#4385,#4386);
#3751=AXIS2_PLACEMENT_3D('',#5387,#4387,#4388);
#3752=AXIS2_PLACEMENT_3D('',#5391,#4390,#4391);
#3753=AXIS2_PLACEMENT_3D('',#5393,#4393,#4394);
#3754=AXIS2_PLACEMENT_3D('',#5399,#4398,#4399);
#3755=AXIS2_PLACEMENT_3D('',#5401,#4400,#4401);
#3756=AXIS2_PLACEMENT_3D('',#5404,#4403,#4404);
#3757=AXIS2_PLACEMENT_3D('',#5405,#4405,#4406);
#3758=AXIS2_PLACEMENT_3D('',#5409,#4408,#4409);
#3759=AXIS2_PLACEMENT_3D('',#5413,#4411,#4412);
#3760=AXIS2_PLACEMENT_3D('',#5415,#4414,#4415);
#3761=AXIS2_PLACEMENT_3D('',#5419,#4418,#4419);
#3762=AXIS2_PLACEMENT_3D('',#5421,#4420,#4421);
#3763=AXIS2_PLACEMENT_3D('',#5423,#4423,#4424);
#3764=AXIS2_PLACEMENT_3D('',#5427,#4427,#4428);
#3765=AXIS2_PLACEMENT_3D('',#5429,#4429,#4430);
#3766=AXIS2_PLACEMENT_3D('',#5431,#4432,#4433);
#3767=AXIS2_PLACEMENT_3D('',#5433,#4435,#4436);
#3768=AXIS2_PLACEMENT_3D('',#5434,#4437,#4438);
#3769=AXIS2_PLACEMENT_3D('',#5435,#4439,#4440);
#3770=AXIS2_PLACEMENT_3D('',#5436,#4441,#4442);
#3771=AXIS2_PLACEMENT_3D('',#5437,#4443,#4444);
#3772=AXIS2_PLACEMENT_3D('',#5438,#4445,#4446);
#3773=AXIS2_PLACEMENT_3D('',#5439,#4447,#4448);
#3774=AXIS2_PLACEMENT_3D('',#5448,#4453,#4454);
#3775=AXIS2_PLACEMENT_3D('',#5457,#4459,#4460);
#3776=AXIS2_PLACEMENT_3D('',#5463,#4464,#4465);
#3777=AXIS2_PLACEMENT_3D('',#5472,#4471,#4472);
#3778=AXIS2_PLACEMENT_3D('',#5476,#4475,#4476);
#3779=AXIS2_PLACEMENT_3D('',#5483,#4481,#4482);
#3780=AXIS2_PLACEMENT_3D('',#5485,#4484,#4485);
#3781=AXIS2_PLACEMENT_3D('',#5486,#4486,#4487);
#3782=AXIS2_PLACEMENT_3D('',#5488,#4489,#4490);
#3783=AXIS2_PLACEMENT_3D('',#5489,#4491,#4492);
#3784=AXIS2_PLACEMENT_3D('',#5490,#4493,#4494);
#3785=AXIS2_PLACEMENT_3D('',#5491,#4495,#4496);
#3786=AXIS2_PLACEMENT_3D('',#5492,#4497,#4498);
#3787=AXIS2_PLACEMENT_3D('',#5493,#4499,#4500);
#3788=AXIS2_PLACEMENT_3D('',#5495,#4501,#4502);
#3789=AXIS2_PLACEMENT_3D('',#5498,#4504,#4505);
#3790=AXIS2_PLACEMENT_3D('',#5499,#4506,#4507);
#3791=AXIS2_PLACEMENT_3D('',#5500,#4508,#4509);
#3792=AXIS2_PLACEMENT_3D('',#5509,#4514,#4515);
#3793=AXIS2_PLACEMENT_3D('',#5515,#4519,#4520);
#3794=AXIS2_PLACEMENT_3D('',#5521,#4524,#4525);
#3795=AXIS2_PLACEMENT_3D('',#5524,#4528,#4529);
#3796=AXIS2_PLACEMENT_3D('',#5525,#4530,#4531);
#3797=AXIS2_PLACEMENT_3D('',#5526,#4532,#4533);
#3798=AXIS2_PLACEMENT_3D('',#5527,#4534,#4535);
#3799=AXIS2_PLACEMENT_3D('',#5529,#4536,#4537);
#3800=AXIS2_PLACEMENT_3D('',#5532,#4539,#4540);
#3801=AXIS2_PLACEMENT_3D('',#5533,#4541,#4542);
#3802=AXIS2_PLACEMENT_3D('',#5542,#4547,#4548);
#3803=AXIS2_PLACEMENT_3D('',#5548,#4552,#4553);
#3804=AXIS2_PLACEMENT_3D('',#5554,#4557,#4558);
#3805=AXIS2_PLACEMENT_3D('',#5557,#4561,#4562);
#3806=AXIS2_PLACEMENT_3D('',#5558,#4563,#4564);
#3807=AXIS2_PLACEMENT_3D('',#5559,#4565,#4566);
#3808=AXIS2_PLACEMENT_3D('',#5560,#4567,#4568);
#3809=AXIS2_PLACEMENT_3D('',#5569,#4573,#4574);
#3810=AXIS2_PLACEMENT_3D('',#5575,#4578,#4579);
#3811=AXIS2_PLACEMENT_3D('',#5581,#4583,#4584);
#3812=AXIS2_PLACEMENT_3D('',#5587,#4588,#4589);
#3813=AXIS2_PLACEMENT_3D('',#5593,#4593,#4594);
#3814=AXIS2_PLACEMENT_3D('',#5596,#4597,#4598);
#3815=AXIS2_PLACEMENT_3D('',#5605,#4603,#4604);
#3816=AXIS2_PLACEMENT_3D('',#5611,#4608,#4609);
#3817=AXIS2_PLACEMENT_3D('',#5617,#4613,#4614);
#3818=AXIS2_PLACEMENT_3D('',#5620,#4617,#4618);
#3819=AXIS2_PLACEMENT_3D('',#5621,#4619,#4620);
#3820=AXIS2_PLACEMENT_3D('',#5622,#4621,#4622);
#3821=AXIS2_PLACEMENT_3D('',#5623,#4623,#4624);
#3822=AXIS2_PLACEMENT_3D('',#5632,#4629,#4630);
#3823=AXIS2_PLACEMENT_3D('',#5638,#4634,#4635);
#3824=AXIS2_PLACEMENT_3D('',#5644,#4639,#4640);
#3825=AXIS2_PLACEMENT_3D('',#5647,#4643,#4644);
#3826=AXIS2_PLACEMENT_3D('',#5656,#4649,#4650);
#3827=AXIS2_PLACEMENT_3D('',#5662,#4654,#4655);
#3828=AXIS2_PLACEMENT_3D('',#5668,#4659,#4660);
#3829=AXIS2_PLACEMENT_3D('',#5671,#4663,#4664);
#3830=AXIS2_PLACEMENT_3D('',#5672,#4665,#4666);
#3831=AXIS2_PLACEMENT_3D('',#5673,#4667,#4668);
#3832=AXIS2_PLACEMENT_3D('',#5682,#4673,#4674);
#3833=AXIS2_PLACEMENT_3D('',#5688,#4678,#4679);
#3834=AXIS2_PLACEMENT_3D('',#5694,#4683,#4684);
#3835=AXIS2_PLACEMENT_3D('',#5697,#4687,#4688);
#3836=AXIS2_PLACEMENT_3D('',#5706,#4693,#4694);
#3837=AXIS2_PLACEMENT_3D('',#5712,#4698,#4699);
#3838=AXIS2_PLACEMENT_3D('',#5718,#4703,#4704);
#3839=AXIS2_PLACEMENT_3D('',#5721,#4707,#4708);
#3840=AXIS2_PLACEMENT_3D('',#5722,#4709,#4710);
#3841=AXIS2_PLACEMENT_3D('',#5723,#4711,#4712);
#3842=AXIS2_PLACEMENT_3D('',#5724,#4713,#4714);
#3843=AXIS2_PLACEMENT_3D('',#5741,#4723,#4724);
#3844=AXIS2_PLACEMENT_3D('',#5747,#4728,#4729);
#3845=AXIS2_PLACEMENT_3D('',#5751,#4732,#4733);
#3846=AXIS2_PLACEMENT_3D('',#5757,#4737,#4738);
#3847=AXIS2_PLACEMENT_3D('',#5761,#4741,#4742);
#3848=AXIS2_PLACEMENT_3D('',#5765,#4745,#4746);
#3849=AXIS2_PLACEMENT_3D('',#5767,#4748,#4749);
#3850=AXIS2_PLACEMENT_3D('',#5771,#4752,#4753);
#3851=AXIS2_PLACEMENT_3D('',#5773,#4755,#4756);
#3852=AXIS2_PLACEMENT_3D('',#5774,#4757,#4758);
#3853=AXIS2_PLACEMENT_3D('',#5775,#4759,#4760);
#3854=AXIS2_PLACEMENT_3D('',#5792,#4769,#4770);
#3855=AXIS2_PLACEMENT_3D('',#5798,#4774,#4775);
#3856=AXIS2_PLACEMENT_3D('',#5802,#4778,#4779);
#3857=AXIS2_PLACEMENT_3D('',#5808,#4783,#4784);
#3858=AXIS2_PLACEMENT_3D('',#5812,#4787,#4788);
#3859=AXIS2_PLACEMENT_3D('',#5816,#4791,#4792);
#3860=AXIS2_PLACEMENT_3D('',#5818,#4794,#4795);
#3861=AXIS2_PLACEMENT_3D('',#5822,#4798,#4799);
#3862=AXIS2_PLACEMENT_3D('',#5824,#4801,#4802);
#3863=AXIS2_PLACEMENT_3D('',#5825,#4803,#4804);
#3864=AXIS2_PLACEMENT_3D('',#5826,#4805,#4806);
#3865=AXIS2_PLACEMENT_3D('',#5827,#4807,#4808);
#3866=AXIS2_PLACEMENT_3D('',#5828,#4809,#4810);
#3867=AXIS2_PLACEMENT_3D('',#5829,#4811,#4812);
#3868=AXIS2_PLACEMENT_3D('',#5830,#4813,#4814);
#3869=AXIS2_PLACEMENT_3D('',#5831,#4815,#4816);
#3870=AXIS2_PLACEMENT_3D('',#5832,#4817,#4818);
#3871=AXIS2_PLACEMENT_3D('',#5833,#4819,#4820);
#3872=AXIS2_PLACEMENT_3D('',#5834,#4821,#4822);
#3873=DIRECTION('axis',(0.,0.,1.));
#3874=DIRECTION('refdir',(1.,0.,0.));
#3875=DIRECTION('axis',(0.,0.,1.));
#3876=DIRECTION('refdir',(1.,0.,0.));
#3877=DIRECTION('axis',(0.,0.,1.));
#3878=DIRECTION('refdir',(1.,0.,0.));
#3879=DIRECTION('axis',(0.,0.,1.));
#3880=DIRECTION('refdir',(1.,0.,0.));
#3881=DIRECTION('center_axis',(1.,-1.3063597579328E-47,0.));
#3882=DIRECTION('ref_axis',(0.,-0.707106781186549,-0.707106781186546));
#3883=DIRECTION('',(1.,-1.3063597579328E-47,0.));
#3884=DIRECTION('center_axis',(1.,0.,5.59482469102441E-16));
#3885=DIRECTION('ref_axis',(0.,-0.707106781186549,-0.707106781186546));
#3886=DIRECTION('',(-1.,1.3063597579328E-47,0.));
#3887=DIRECTION('center_axis',(-1.,0.,-5.59482469102441E-16));
#3888=DIRECTION('ref_axis',(0.,-0.707106781186549,-0.707106781186546));
#3889=DIRECTION('',(1.,-1.3063597579328E-47,0.));
#3890=DIRECTION('center_axis',(1.3063597579328E-47,1.,-2.33494314849319E-32));
#3891=DIRECTION('ref_axis',(-5.59482469102441E-16,2.33494314849319E-32,
1.));
#3892=DIRECTION('center_axis',(-1.3063597579328E-47,-1.,2.33494314849319E-32));
#3893=DIRECTION('ref_axis',(1.,0.,5.59482469102441E-16));
#3894=DIRECTION('center_axis',(-1.3063597579328E-47,-1.,2.33494314849319E-32));
#3895=DIRECTION('ref_axis',(1.,0.,5.59482469102441E-16));
#3896=DIRECTION('',(-5.59482469102441E-16,2.33494314849319E-32,1.));
#3897=DIRECTION('center_axis',(-1.3063597579328E-47,-1.,2.33494314849319E-32));
#3898=DIRECTION('ref_axis',(-0.707106781186548,1.6510541339846E-32,0.707106781186547));
#3899=DIRECTION('',(1.,0.,5.59482469102441E-16));
#3900=DIRECTION('center_axis',(-1.3063597579328E-47,-1.,2.33494314849319E-32));
#3901=DIRECTION('ref_axis',(0.707106781186547,1.6510541339846E-32,0.707106781186548));
#3902=DIRECTION('',(5.59482469102441E-16,-2.33494314849319E-32,-1.));
#3903=DIRECTION('center_axis',(-1.,0.,-5.59482469102441E-16));
#3904=DIRECTION('ref_axis',(-5.59482469102441E-16,2.33494314849319E-32,
1.));
#3905=DIRECTION('',(0.,1.,0.));
#3906=DIRECTION('',(-5.59482469102441E-16,2.33494314849319E-32,1.));
#3907=DIRECTION('',(-1.3063597579328E-47,-1.,2.33494314849319E-32));
#3908=DIRECTION('center_axis',(1.,0.,5.59482469102441E-16));
#3909=DIRECTION('ref_axis',(5.59482469102441E-16,-2.33494314849319E-32,
-1.));
#3910=DIRECTION('',(0.,-1.,0.));
#3911=DIRECTION('',(1.3063597579328E-47,1.,-2.33494314849319E-32));
#3912=DIRECTION('',(5.59482469102441E-16,-2.33494314849319E-32,-1.));
#3913=DIRECTION('center_axis',(-1.3063597579328E-47,-1.,2.33494314849319E-32));
#3914=DIRECTION('ref_axis',(1.,0.,5.59482469102441E-16));
#3915=DIRECTION('',(-1.3063597579328E-47,-1.,2.33494314849319E-32));
#3916=DIRECTION('center_axis',(-1.3063597579328E-47,-1.,2.33494314849319E-32));
#3917=DIRECTION('ref_axis',(1.,0.,5.59482469102441E-16));
#3918=DIRECTION('center_axis',(-1.3063597579328E-47,-1.,2.33494314849319E-32));
#3919=DIRECTION('ref_axis',(1.,0.,5.59482469102441E-16));
#3920=DIRECTION('center_axis',(1.3063597579328E-47,1.,-2.33494314849319E-32));
#3921=DIRECTION('ref_axis',(1.,0.,5.59482469102441E-16));
#3922=DIRECTION('center_axis',(1.3063597579328E-47,1.,-2.33494314849319E-32));
#3923=DIRECTION('ref_axis',(1.,0.,5.59482469102441E-16));
#3924=DIRECTION('center_axis',(1.3063597579328E-47,1.,-2.33494314849319E-32));
#3925=DIRECTION('ref_axis',(1.,0.,5.59482469102441E-16));
#3926=DIRECTION('',(1.3063597579328E-47,1.,-2.33494314849319E-32));
#3927=DIRECTION('center_axis',(1.3063597579328E-47,1.,-2.33494314849319E-32));
#3928=DIRECTION('ref_axis',(-0.707106781186548,1.6510541339846E-32,0.707106781186547));
#3929=DIRECTION('center_axis',(1.3063597579328E-47,1.,-2.33494314849319E-32));
#3930=DIRECTION('ref_axis',(-0.707106781186548,1.6510541339846E-32,0.707106781186547));
#3931=DIRECTION('',(1.3063597579328E-47,1.,-2.33494314849319E-32));
#3932=DIRECTION('center_axis',(-5.59482469102441E-16,2.33494314849319E-32,
1.));
#3933=DIRECTION('ref_axis',(1.,0.,5.59482469102441E-16));
#3934=DIRECTION('',(1.,0.,5.59482469102441E-16));
#3935=DIRECTION('',(-1.3063597579328E-47,-1.,2.33494314849319E-32));
#3936=DIRECTION('center_axis',(1.3063597579328E-47,1.,-2.33494314849319E-32));
#3937=DIRECTION('ref_axis',(0.707106781186547,1.6510541339846E-32,0.707106781186548));
#3938=DIRECTION('center_axis',(1.3063597579328E-47,1.,-2.33494314849319E-32));
#3939=DIRECTION('ref_axis',(0.707106781186547,1.6510541339846E-32,0.707106781186548));
#3940=DIRECTION('center_axis',(0.,1.,0.));
#3941=DIRECTION('ref_axis',(-0.707106781186547,0.,-0.707106781186547));
#3942=DIRECTION('center_axis',(0.,-1.,0.));
#3943=DIRECTION('ref_axis',(-0.707106781186547,0.,-0.707106781186547));
#3944=DIRECTION('',(0.,-1.,0.));
#3945=DIRECTION('center_axis',(0.,1.,0.));
#3946=DIRECTION('ref_axis',(-0.707106781186547,0.,-0.707106781186547));
#3947=DIRECTION('',(0.,1.,0.));
#3948=DIRECTION('center_axis',(-1.,0.,0.));
#3949=DIRECTION('ref_axis',(0.,0.,1.));
#3950=DIRECTION('',(0.,-1.,0.));
#3951=DIRECTION('',(0.,0.,1.));
#3952=DIRECTION('',(0.,0.,1.));
#3953=DIRECTION('center_axis',(0.,1.,0.));
#3954=DIRECTION('ref_axis',(-0.707106781186547,0.,0.707106781186547));
#3955=DIRECTION('center_axis',(0.,-1.,0.));
#3956=DIRECTION('ref_axis',(-0.707106781186547,0.,0.707106781186547));
#3957=DIRECTION('center_axis',(0.,1.,0.));
#3958=DIRECTION('ref_axis',(-0.707106781186547,0.,0.707106781186547));
#3959=DIRECTION('',(0.,1.,0.));
#3960=DIRECTION('center_axis',(0.,1.,0.));
#3961=DIRECTION('ref_axis',(0.,0.,1.));
#3962=DIRECTION('',(0.,0.,1.));
#3963=DIRECTION('center_axis',(0.,-1.,0.));
#3964=DIRECTION('ref_axis',(1.,0.,0.));
#3965=DIRECTION('center_axis',(0.,-1.,0.));
#3966=DIRECTION('ref_axis',(1.,0.,0.));
#3967=DIRECTION('',(0.,0.,1.));
#3968=DIRECTION('',(-1.,0.,0.));
#3969=DIRECTION('',(1.,0.,0.));
#3970=DIRECTION('center_axis',(0.,1.,0.));
#3971=DIRECTION('ref_axis',(1.,0.,0.));
#3972=DIRECTION('center_axis',(0.,1.,0.));
#3973=DIRECTION('ref_axis',(1.,0.,0.));
#3974=DIRECTION('',(0.,1.,0.));
#3975=DIRECTION('center_axis',(0.,1.,0.));
#3976=DIRECTION('ref_axis',(1.,0.,0.));
#3977=DIRECTION('center_axis',(0.,-1.,0.));
#3978=DIRECTION('ref_axis',(1.,0.,0.));
#3979=DIRECTION('center_axis',(0.,-1.,0.));
#3980=DIRECTION('ref_axis',(1.,0.,0.));
#3981=DIRECTION('center_axis',(0.,-1.,0.));
#3982=DIRECTION('ref_axis',(1.,0.,0.));
#3983=DIRECTION('',(0.,-1.,0.));
#3984=DIRECTION('center_axis',(0.,0.,-1.));
#3985=DIRECTION('ref_axis',(-1.,0.,0.));
#3986=DIRECTION('',(0.,1.,0.));
#3987=DIRECTION('',(-1.,0.,0.));
#3988=DIRECTION('center_axis',(0.,0.,-1.));
#3989=DIRECTION('ref_axis',(0.707106781186548,-0.707106781186547,0.));
#3990=DIRECTION('center_axis',(0.,0.,1.));
#3991=DIRECTION('ref_axis',(1.,0.,0.));
#3992=DIRECTION('',(1.,0.,0.));
#3993=DIRECTION('',(0.,-1.,0.));
#3994=DIRECTION('center_axis',(0.,0.,1.));
#3995=DIRECTION('ref_axis',(0.707106781186548,-0.707106781186547,0.));
#3996=DIRECTION('center_axis',(0.,0.,1.));
#3997=DIRECTION('ref_axis',(0.707106781186548,-0.707106781186547,0.));
#3998=DIRECTION('',(0.,0.,-1.));
#3999=DIRECTION('center_axis',(0.,0.,-1.));
#4000=DIRECTION('ref_axis',(-1.,0.,0.));
#4001=DIRECTION('',(1.,0.,0.));
#4002=DIRECTION('',(0.,-1.,0.));
#4003=DIRECTION('',(1.,0.,0.));
#4004=DIRECTION('',(0.,-1.,0.));
#4005=DIRECTION('',(1.,0.,0.));
#4006=DIRECTION('',(0.,1.,0.));
#4007=DIRECTION('',(1.,0.,0.));
#4008=DIRECTION('',(0.,-1.,0.));
#4009=DIRECTION('',(1.,0.,0.));
#4010=DIRECTION('',(0.,1.,0.));
#4011=DIRECTION('',(1.,0.,0.));
#4012=DIRECTION('',(8.22846045575594E-38,1.,-1.05989306480575E-18));
#4013=DIRECTION('center_axis',(0.,1.,0.));
#4014=DIRECTION('ref_axis',(-0.707106781186547,0.,-0.707106781186547));
#4015=DIRECTION('center_axis',(0.,-1.,0.));
#4016=DIRECTION('ref_axis',(-0.707106781186547,0.,-0.707106781186547));
#4017=DIRECTION('center_axis',(0.,1.,0.));
#4018=DIRECTION('ref_axis',(-0.707106781186547,0.,-0.707106781186547));
#4019=DIRECTION('',(0.,1.,0.));
#4020=DIRECTION('center_axis',(-1.,0.,0.));
#4021=DIRECTION('ref_axis',(0.,0.,1.));
#4022=DIRECTION('',(0.,0.,-1.));
#4023=DIRECTION('',(0.,0.,-1.));
#4024=DIRECTION('',(0.,0.,-1.));
#4025=DIRECTION('',(0.,-1.,0.));
#4026=DIRECTION('center_axis',(0.,1.,0.));
#4027=DIRECTION('ref_axis',(-0.707106781186547,0.,0.707106781186547));
#4028=DIRECTION('center_axis',(0.,-1.,0.));
#4029=DIRECTION('ref_axis',(-0.707106781186547,0.,0.707106781186547));
#4030=DIRECTION('center_axis',(0.,1.,0.));
#4031=DIRECTION('ref_axis',(-0.707106781186547,0.,0.707106781186547));
#4032=DIRECTION('',(0.,1.,0.));
#4033=DIRECTION('center_axis',(0.,-1.,0.));
#4034=DIRECTION('ref_axis',(0.,0.,-1.));
#4035=DIRECTION('',(0.,0.,1.));
#4036=DIRECTION('',(-1.,0.,0.));
#4037=DIRECTION('',(0.,0.,-1.));
#4038=DIRECTION('',(0.,0.,1.));
#4039=DIRECTION('',(-1.,0.,0.));
#4040=DIRECTION('',(0.,0.,-1.));
#4041=DIRECTION('',(-1.,0.,0.));
#4042=DIRECTION('center_axis',(-8.22846045575594E-38,-1.,1.05989306480575E-18));
#4043=DIRECTION('ref_axis',(0.707106781186547,7.49457573456742E-19,0.707106781186547));
#4044=DIRECTION('',(-1.0842021724855E-19,1.05989306480575E-18,1.));
#4045=DIRECTION('center_axis',(-8.22846045575594E-38,-1.,1.05989306480575E-18));
#4046=DIRECTION('ref_axis',(0.707106781186547,-7.49457573456742E-19,-0.707106781186547));
#4047=DIRECTION('center_axis',(0.,0.,1.));
#4048=DIRECTION('ref_axis',(1.,0.,0.));
#4049=DIRECTION('',(0.,-1.,0.));
#4050=DIRECTION('',(0.,1.,0.));
#4051=DIRECTION('',(1.,0.,0.));
#4052=DIRECTION('center_axis',(-1.,0.,0.));
#4053=DIRECTION('ref_axis',(0.,-1.,0.));
#4054=DIRECTION('',(0.,0.,1.));
#4055=DIRECTION('center_axis',(0.,-1.,0.));
#4056=DIRECTION('ref_axis',(1.,0.,0.));
#4057=DIRECTION('',(0.,0.,1.));
#4058=DIRECTION('center_axis',(1.,0.,0.));
#4059=DIRECTION('ref_axis',(0.,1.,0.));
#4060=DIRECTION('center_axis',(0.,0.,1.));
#4061=DIRECTION('ref_axis',(1.,0.,0.));
#4062=DIRECTION('',(1.,0.,0.));
#4063=DIRECTION('',(0.,-1.,0.));
#4064=DIRECTION('',(0.,1.,0.));
#4065=DIRECTION('',(-1.,0.,0.));
#4066=DIRECTION('',(-0.583186657113847,-0.812338182633549,0.));
#4067=DIRECTION('',(0.,-1.,0.));
#4068=DIRECTION('',(1.,0.,0.));
#4069=DIRECTION('',(0.,1.,0.));
#4070=DIRECTION('',(-0.583186657113847,0.812338182633549,0.));
#4071=DIRECTION('center_axis',(0.,-1.,0.));
#4072=DIRECTION('ref_axis',(1.,0.,0.));
#4073=DIRECTION('',(0.,0.,1.));
#4074=DIRECTION('',(0.,0.,1.));
#4075=DIRECTION('center_axis',(1.,0.,0.));
#4076=DIRECTION('ref_axis',(0.,1.,0.));
#4077=DIRECTION('center_axis',(-1.,0.,0.));
#4078=DIRECTION('ref_axis',(0.,-1.,0.));
#4079=DIRECTION('center_axis',(0.,0.,-1.));
#4080=DIRECTION('ref_axis',(-1.,0.,0.));
#4081=DIRECTION('',(0.583186657113847,-0.812338182633549,0.));
#4082=DIRECTION('',(0.,-1.,0.));
#4083=DIRECTION('',(-1.,0.,0.));
#4084=DIRECTION('',(0.,1.,0.));
#4085=DIRECTION('',(0.583186657113847,0.812338182633549,0.));
#4086=DIRECTION('',(1.,0.,0.));
#4087=DIRECTION('center_axis',(0.812338182633549,0.583186657113847,0.));
#4088=DIRECTION('ref_axis',(0.583186657113847,-0.812338182633549,0.));
#4089=DIRECTION('',(0.,0.,-1.));
#4090=DIRECTION('',(0.,0.,-1.));
#4091=DIRECTION('center_axis',(1.,0.,0.));
#4092=DIRECTION('ref_axis',(0.,-1.,0.));
#4093=DIRECTION('',(0.,0.,-1.));
#4094=DIRECTION('center_axis',(0.,-1.,0.));
#4095=DIRECTION('ref_axis',(-1.,0.,0.));
#4096=DIRECTION('',(0.,0.,-1.));
#4097=DIRECTION('center_axis',(-1.,0.,0.));
#4098=DIRECTION('ref_axis',(0.,1.,0.));
#4099=DIRECTION('',(0.,0.,-1.));
#4100=DIRECTION('center_axis',(-0.812338182633549,0.583186657113847,0.));
#4101=DIRECTION('ref_axis',(0.583186657113847,0.812338182633549,0.));
#4102=DIRECTION('',(0.,0.,-1.));
#4103=DIRECTION('center_axis',(0.,1.,0.));
#4104=DIRECTION('ref_axis',(1.,0.,0.));
#4105=DIRECTION('center_axis',(0.,0.,1.));
#4106=DIRECTION('ref_axis',(1.,0.,0.));
#4107=DIRECTION('',(1.,0.,0.));
#4108=DIRECTION('',(-8.22846045575594E-38,-1.,1.05989306480575E-18));
#4109=DIRECTION('',(1.,0.,0.));
#4110=DIRECTION('center_axis',(8.22846045575594E-38,1.,-1.05989306480575E-18));
#4111=DIRECTION('ref_axis',(0.707106781186547,-7.49457573456742E-19,-0.707106781186547));
#4112=DIRECTION('',(-8.22846045575594E-38,-1.,1.05989306480575E-18));
#4113=DIRECTION('center_axis',(8.22846045575594E-38,1.,-1.05989306480575E-18));
#4114=DIRECTION('ref_axis',(0.707106781186547,-7.49457573456742E-19,-0.707106781186547));
#4115=DIRECTION('center_axis',(1.0842021724855E-19,-1.05989306480575E-18,
-1.));
#4116=DIRECTION('ref_axis',(-0.707106781186549,-0.707106781186546,6.72792902622572E-19));
#4117=DIRECTION('',(1.0842021724855E-19,-1.05989306480575E-18,-1.));
#4118=DIRECTION('center_axis',(1.0842021724855E-19,-1.05989306480575E-18,
-1.));
#4119=DIRECTION('ref_axis',(-0.707106781186549,-0.707106781186546,6.72792902622572E-19));
#4120=DIRECTION('',(-1.0842021724855E-19,1.05989306480575E-18,1.));
#4121=DIRECTION('center_axis',(-1.0842021724855E-19,1.05989306480575E-18,
1.));
#4122=DIRECTION('ref_axis',(-0.707106781186549,-0.707106781186546,6.72792902622572E-19));
#4123=DIRECTION('',(1.0842021724855E-19,-1.05989306480575E-18,-1.));
#4124=DIRECTION('center_axis',(8.22846045575594E-38,1.,-1.05989306480575E-18));
#4125=DIRECTION('ref_axis',(-1.0842021724855E-19,1.05989306480575E-18,1.));
#4126=DIRECTION('center_axis',(-8.22846045575594E-38,-1.,1.05989306480575E-18));
#4127=DIRECTION('ref_axis',(1.,3.26292317889118E-38,1.0842021724855E-19));
#4128=DIRECTION('',(-1.,-3.26292317889118E-38,-1.0842021724855E-19));
#4129=DIRECTION('center_axis',(-8.22846045575594E-38,-1.,1.05989306480575E-18));
#4130=DIRECTION('ref_axis',(0.707106781186547,7.49457573456742E-19,0.707106781186547));
#4131=DIRECTION('',(1.0842021724855E-19,-1.05989306480575E-18,-1.));
#4132=DIRECTION('center_axis',(-8.22846045575594E-38,-1.,1.05989306480575E-18));
#4133=DIRECTION('ref_axis',(0.707106781186547,-7.49457573456742E-19,-0.707106781186547));
#4134=DIRECTION('',(-1.,-3.26292317889118E-38,-1.0842021724855E-19));
#4135=DIRECTION('center_axis',(1.0842021724855E-19,-1.05989306480575E-18,
-1.));
#4136=DIRECTION('ref_axis',(-1.,-3.26292317889118E-38,-1.0842021724855E-19));
#4137=DIRECTION('',(8.22846045575594E-38,1.,-1.05989306480575E-18));
#4138=DIRECTION('',(-1.,-3.26292317889118E-38,-1.0842021724855E-19));
#4139=DIRECTION('',(-8.22846045575594E-38,-1.,1.05989306480575E-18));
#4140=DIRECTION('center_axis',(-1.0842021724855E-19,1.05989306480575E-18,
1.));
#4141=DIRECTION('ref_axis',(1.,3.26292317889118E-38,1.0842021724855E-19));
#4142=DIRECTION('',(8.22846045575594E-38,1.,-1.05989306480575E-18));
#4143=DIRECTION('',(1.,3.26292317889118E-38,1.0842021724855E-19));
#4144=DIRECTION('',(-8.22846045575594E-38,-1.,1.05989306480575E-18));
#4145=DIRECTION('center_axis',(-8.22846045575594E-38,-1.,1.05989306480575E-18));
#4146=DIRECTION('ref_axis',(1.,3.26292317889118E-38,1.0842021724855E-19));
#4147=DIRECTION('',(-8.22846045575594E-38,-1.,1.05989306480575E-18));
#4148=DIRECTION('center_axis',(-8.22846045575594E-38,-1.,1.05989306480575E-18));
#4149=DIRECTION('ref_axis',(1.,3.26292317889118E-38,1.0842021724855E-19));
#4150=DIRECTION('center_axis',(-8.22846045575594E-38,-1.,1.05989306480575E-18));
#4151=DIRECTION('ref_axis',(1.,3.26292317889118E-38,1.0842021724855E-19));
#4152=DIRECTION('center_axis',(8.22846045575594E-38,1.,-1.05989306480575E-18));
#4153=DIRECTION('ref_axis',(1.,3.26292317889118E-38,1.0842021724855E-19));
#4154=DIRECTION('center_axis',(8.22846045575594E-38,1.,-1.05989306480575E-18));
#4155=DIRECTION('ref_axis',(1.,3.26292317889118E-38,1.0842021724855E-19));
#4156=DIRECTION('center_axis',(8.22846045575594E-38,1.,-1.05989306480575E-18));
#4157=DIRECTION('ref_axis',(1.,3.26292317889118E-38,1.0842021724855E-19));
#4158=DIRECTION('',(8.22846045575594E-38,1.,-1.05989306480575E-18));
#4159=DIRECTION('center_axis',(8.22846045575594E-38,1.,-1.05989306480575E-18));
#4160=DIRECTION('ref_axis',(0.707106781186547,-7.49457573456742E-19,-0.707106781186547));
#4161=DIRECTION('',(-8.22846045575594E-38,-1.,1.05989306480575E-18));
#4162=DIRECTION('center_axis',(8.22846045575594E-38,1.,-1.05989306480575E-18));
#4163=DIRECTION('ref_axis',(0.707106781186547,-7.49457573456742E-19,-0.707106781186547));
#4164=DIRECTION('center_axis',(1.,3.26292317889118E-38,1.0842021724855E-19));
#4165=DIRECTION('ref_axis',(1.0842021724855E-19,-1.05989306480575E-18,-1.));
#4166=DIRECTION('',(8.22846045575594E-38,1.,-1.05989306480575E-18));
#4167=DIRECTION('',(1.0842021724855E-19,-1.05989306480575E-18,-1.));
#4168=DIRECTION('center_axis',(8.22846045575594E-38,1.,-1.05989306480575E-18));
#4169=DIRECTION('ref_axis',(0.707106781186547,7.49457573456742E-19,0.707106781186547));
#4170=DIRECTION('center_axis',(8.22846045575594E-38,1.,-1.05989306480575E-18));
#4171=DIRECTION('ref_axis',(0.707106781186547,7.49457573456742E-19,0.707106781186547));
#4172=DIRECTION('center_axis',(1.,3.26292317889118E-38,1.0842021724855E-19));
#4173=DIRECTION('ref_axis',(1.0842021724855E-19,-1.05989306480575E-18,-1.));
#4174=DIRECTION('',(8.22846045575594E-38,1.,-1.05989306480575E-18));
#4175=DIRECTION('',(-1.0842021724855E-19,1.05989306480575E-18,1.));
#4176=DIRECTION('',(-1.0842021724855E-19,1.05989306480575E-18,1.));
#4177=DIRECTION('center_axis',(8.22846045575594E-38,1.,-1.05989306480575E-18));
#4178=DIRECTION('ref_axis',(0.707106781186547,7.49457573456742E-19,0.707106781186547));
#4179=DIRECTION('center_axis',(8.22846045575594E-38,1.,-1.05989306480575E-18));
#4180=DIRECTION('ref_axis',(0.707106781186547,7.49457573456742E-19,0.707106781186547));
#4181=DIRECTION('center_axis',(0.,1.,0.));
#4182=DIRECTION('ref_axis',(1.,0.,0.));
#4183=DIRECTION('',(-5.59482469102441E-16,2.33494314849319E-32,1.));
#4184=DIRECTION('',(1.,0.,5.59482469102441E-16));
#4185=DIRECTION('axis',(0.,0.,1.));
#4186=DIRECTION('refdir',(1.,0.,0.));
#4187=DIRECTION('',(0.,0.,1.));
#4188=DIRECTION('',(1.,0.,0.));
#4189=DIRECTION('',(4.48640794792882E-19,-6.47518742214745E-34,1.));
#4190=DIRECTION('',(1.,3.26292317889118E-38,1.0842021724855E-19));
#4191=DIRECTION('axis',(0.,0.,1.));
#4192=DIRECTION('refdir',(1.,0.,0.));
#4193=DIRECTION('axis',(0.,0.,1.));
#4194=DIRECTION('refdir',(1.,0.,0.));
#4195=DIRECTION('axis',(0.,0.,1.));
#4196=DIRECTION('refdir',(1.,0.,0.));
#4197=DIRECTION('center_axis',(0.707106781186532,0.707106781186563,0.));
#4198=DIRECTION('ref_axis',(0.,0.,-1.));
#4199=DIRECTION('',(0.,0.,1.));
#4200=DIRECTION('',(0.577350269189638,-0.577350269189613,-0.577350269189626));
#4201=DIRECTION('',(0.,0.,-1.));
#4202=DIRECTION('',(-0.577350269189634,0.577350269189609,-0.577350269189634));
#4203=DIRECTION('center_axis',(0.,0.707106781186555,-0.70710678118654));
#4204=DIRECTION('ref_axis',(-1.,0.,0.));
#4205=DIRECTION('',(1.,0.,0.));
#4206=DIRECTION('',(-0.577350269189587,-0.577350269189638,-0.577350269189651));
#4207=DIRECTION('',(-1.,0.,0.));
#4208=DIRECTION('center_axis',(-0.707106781186579,0.707106781186516,0.));
#4209=DIRECTION('ref_axis',(0.,0.,1.));
#4210=DIRECTION('',(0.,0.,1.));
#4211=DIRECTION('',(0.,0.,-1.));
#4212=DIRECTION('',(-0.577350269189583,-0.577350269189634,0.57735026918966));
#4213=DIRECTION('center_axis',(0.,0.707106781186563,0.707106781186532));
#4214=DIRECTION('ref_axis',(1.,0.,0.));
#4215=DIRECTION('',(-1.,0.,0.));
#4216=DIRECTION('',(1.,0.,0.));
#4217=DIRECTION('center_axis',(0.,0.,-1.));
#4218=DIRECTION('ref_axis',(1.,0.,0.));
#4219=DIRECTION('',(0.,-1.,0.));
#4220=DIRECTION('',(1.,0.,0.));
#4221=DIRECTION('',(0.,-1.,0.));
#4222=DIRECTION('center_axis',(-1.,0.,0.));
#4223=DIRECTION('ref_axis',(0.,0.,-1.));
#4224=DIRECTION('',(0.,-1.,0.));
#4225=DIRECTION('',(0.,0.,-1.));
#4226=DIRECTION('center_axis',(0.,1.,0.));
#4227=DIRECTION('ref_axis',(0.,0.,1.));
#4228=DIRECTION('',(-1.,0.,0.));
#4229=DIRECTION('center_axis',(0.,-1.,0.));
#4230=DIRECTION('ref_axis',(-0.707106781186547,0.,-0.707106781186547));
#4231=DIRECTION('',(0.,0.,1.));
#4232=DIRECTION('center_axis',(0.,-1.,0.));
#4233=DIRECTION('ref_axis',(-0.707106781186547,0.,0.707106781186547));
#4234=DIRECTION('',(1.,3.26292317889118E-38,1.0842021724855E-19));
#4235=DIRECTION('center_axis',(-8.22846045575594E-38,-1.,1.05989306480575E-18));
#4236=DIRECTION('ref_axis',(0.707106781186547,7.49457573456742E-19,0.707106781186547));
#4237=DIRECTION('',(1.0842021724855E-19,-1.05989306480575E-18,-1.));
#4238=DIRECTION('center_axis',(-8.22846045575594E-38,-1.,1.05989306480575E-18));
#4239=DIRECTION('ref_axis',(0.707106781186547,-7.49457573456742E-19,-0.707106781186547));
#4240=DIRECTION('center_axis',(0.,0.,1.));
#4241=DIRECTION('ref_axis',(-1.,0.,0.));
#4242=DIRECTION('',(0.,-1.,0.));
#4243=DIRECTION('',(-1.,0.,0.));
#4244=DIRECTION('center_axis',(1.,0.,0.));
#4245=DIRECTION('ref_axis',(0.,0.,1.));
#4246=DIRECTION('',(0.,0.,1.));
#4247=DIRECTION('center_axis',(0.,-1.,0.));
#4248=DIRECTION('ref_axis',(0.,0.,-1.));
#4249=DIRECTION('center_axis',(0.,1.,0.));
#4250=DIRECTION('ref_axis',(-1.,0.,0.));
#4251=DIRECTION('',(-1.,0.,0.));
#4252=DIRECTION('',(0.,0.,1.));
#4253=DIRECTION('',(-1.,0.,0.));
#4254=DIRECTION('',(0.,0.,1.));
#4255=DIRECTION('center_axis',(8.22846045575594E-38,1.,-1.05989306480575E-18));
#4256=DIRECTION('ref_axis',(0.707106781186547,7.49457573456742E-19,0.707106781186547));
#4257=DIRECTION('center_axis',(-8.22846045575594E-38,-1.,1.05989306480575E-18));
#4258=DIRECTION('ref_axis',(0.707106781186547,7.49457573456742E-19,0.707106781186547));
#4259=DIRECTION('',(8.22846045575594E-38,1.,-1.05989306480575E-18));
#4260=DIRECTION('',(-8.22846045575594E-38,-1.,1.05989306480575E-18));
#4261=DIRECTION('center_axis',(8.22846045575594E-38,1.,-1.05989306480575E-18));
#4262=DIRECTION('ref_axis',(0.707106781186547,-7.49457573456742E-19,-0.707106781186547));
#4263=DIRECTION('center_axis',(-8.22846045575594E-38,-1.,1.05989306480575E-18));
#4264=DIRECTION('ref_axis',(0.707106781186547,-7.49457573456742E-19,-0.707106781186547));
#4265=DIRECTION('',(8.22846045575594E-38,1.,-1.05989306480575E-18));
#4266=DIRECTION('',(-8.22846045575594E-38,-1.,1.05989306480575E-18));
#4267=DIRECTION('center_axis',(1.,3.26292317889118E-38,1.0842021724855E-19));
#4268=DIRECTION('ref_axis',(1.0842021724855E-19,-1.05989306480575E-18,-1.));
#4269=DIRECTION('',(8.22846045575594E-38,1.,-1.05989306480575E-18));
#4270=DIRECTION('',(1.0842021724855E-19,-1.05989306480575E-18,-1.));
#4271=DIRECTION('',(-8.22846045575594E-38,-1.,1.05989306480575E-18));
#4272=DIRECTION('',(-1.0842021724855E-19,1.05989306480575E-18,1.));
#4273=DIRECTION('',(-1.0842021724855E-19,1.05989306480575E-18,1.));
#4274=DIRECTION('center_axis',(1.0842021724855E-19,-1.05989306480575E-18,
-1.));
#4275=DIRECTION('ref_axis',(-8.22846045575594E-38,-1.,1.05989306480575E-18));
#4276=DIRECTION('',(0.,1.,-1.05989306480575E-18));
#4277=DIRECTION('',(-1.,-3.26292317889118E-38,-1.0842021724855E-19));
#4278=DIRECTION('',(-1.,-3.26292317889118E-38,-1.0842021724855E-19));
#4279=DIRECTION('center_axis',(1.,3.26292317889118E-38,1.0842021724855E-19));
#4280=DIRECTION('ref_axis',(8.22846045575594E-38,1.,-1.05989306480575E-18));
#4281=DIRECTION('',(8.22846045575594E-38,1.,-1.05989306480575E-18));
#4282=DIRECTION('',(1.0842021724855E-19,-1.05989306480575E-18,-1.));
#4283=DIRECTION('',(8.22846045575594E-38,1.,-1.05989306480575E-18));
#4284=DIRECTION('',(-1.0842021724855E-19,1.05989306480575E-18,1.));
#4285=DIRECTION('center_axis',(8.22846045575594E-38,1.,-1.05989306480575E-18));
#4286=DIRECTION('ref_axis',(1.0842021724855E-19,-1.05989306480575E-18,-1.));
#4287=DIRECTION('',(0.,1.05989306480575E-18,1.));
#4288=DIRECTION('',(-1.,-3.26292317889118E-38,-1.0842021724855E-19));
#4289=DIRECTION('center_axis',(-1.0842021724855E-19,1.05989306480575E-18,
1.));
#4290=DIRECTION('ref_axis',(8.22846045575594E-38,1.,-1.05989306480575E-18));
#4291=DIRECTION('',(0.,-1.,1.05989306480575E-18));
#4292=DIRECTION('',(1.,3.26292317889118E-38,1.0842021724855E-19));
#4293=DIRECTION('center_axis',(-1.,0.,0.));
#4294=DIRECTION('ref_axis',(0.,-1.,0.));
#4295=DIRECTION('',(0.,0.,1.));
#4296=DIRECTION('center_axis',(0.,0.,-1.));
#4297=DIRECTION('ref_axis',(-1.,0.,0.));
#4298=DIRECTION('',(-1.,0.,0.));
#4299=DIRECTION('',(0.,-1.,0.));
#4300=DIRECTION('',(1.,0.,0.));
#4301=DIRECTION('',(0.,1.,0.));
#4302=DIRECTION('',(0.,-1.,0.));
#4303=DIRECTION('',(1.,0.,0.));
#4304=DIRECTION('',(0.,1.,0.));
#4305=DIRECTION('',(-1.,0.,0.));
#4306=DIRECTION('',(0.,-1.,0.));
#4307=DIRECTION('',(1.,3.26292317889118E-38,1.0842021724855E-19));
#4308=DIRECTION('center_axis',(0.,0.,1.));
#4309=DIRECTION('ref_axis',(1.,0.,0.));
#4310=DIRECTION('',(0.,1.,0.));
#4311=DIRECTION('',(1.,0.,0.));
#4312=DIRECTION('',(0.,-1.,0.));
#4313=DIRECTION('',(-1.,0.,0.));
#4314=DIRECTION('',(0.,1.,0.));
#4315=DIRECTION('',(1.,0.,0.));
#4316=DIRECTION('',(0.,-1.,0.));
#4317=DIRECTION('',(-1.,0.,0.));
#4318=DIRECTION('center_axis',(-1.,0.,0.));
#4319=DIRECTION('ref_axis',(0.,-1.,0.));
#4320=DIRECTION('',(0.,-1.,0.));
#4321=DIRECTION('',(0.,0.,1.));
#4322=DIRECTION('center_axis',(1.,0.,0.));
#4323=DIRECTION('ref_axis',(0.,1.,0.));
#4324=DIRECTION('',(0.,0.,-1.));
#4325=DIRECTION('',(0.,1.,0.));
#4326=DIRECTION('center_axis',(0.,0.,1.));
#4327=DIRECTION('ref_axis',(1.,0.,0.));
#4328=DIRECTION('',(1.,0.,0.));
#4329=DIRECTION('center_axis',(-1.,0.,0.));
#4330=DIRECTION('ref_axis',(0.,-1.,0.));
#4331=DIRECTION('',(0.,0.,1.));
#4332=DIRECTION('',(0.,-1.,0.));
#4333=DIRECTION('',(0.,0.,1.));
#4334=DIRECTION('center_axis',(0.,1.,0.));
#4335=DIRECTION('ref_axis',(-1.,0.,0.));
#4336=DIRECTION('',(-1.,0.,0.));
#4337=DIRECTION('center_axis',(0.,0.,1.));
#4338=DIRECTION('ref_axis',(1.,0.,0.));
#4339=DIRECTION('',(1.,0.,0.));
#4340=DIRECTION('center_axis',(1.,0.,0.));
#4341=DIRECTION('ref_axis',(0.,-1.,0.));
#4342=DIRECTION('',(0.,0.,-1.));
#4343=DIRECTION('',(0.,-1.,0.));
#4344=DIRECTION('',(0.,0.,-1.));
#4345=DIRECTION('center_axis',(0.,1.,0.));
#4346=DIRECTION('ref_axis',(1.,0.,0.));
#4347=DIRECTION('',(0.,0.,-1.));
#4348=DIRECTION('',(1.,0.,0.));
#4349=DIRECTION('center_axis',(-1.,0.,0.));
#4350=DIRECTION('ref_axis',(0.,1.,0.));
#4351=DIRECTION('',(0.,0.,1.));
#4352=DIRECTION('',(0.,1.,0.));
#4353=DIRECTION('center_axis',(0.,0.,-1.));
#4354=DIRECTION('ref_axis',(-1.,0.,0.));
#4355=DIRECTION('',(-1.,0.,0.));
#4356=DIRECTION('center_axis',(1.,0.,0.));
#4357=DIRECTION('ref_axis',(0.,-1.,0.));
#4358=DIRECTION('',(0.,0.,-1.));
#4359=DIRECTION('',(0.,0.,-1.));
#4360=DIRECTION('center_axis',(0.,1.,0.));
#4361=DIRECTION('ref_axis',(1.,0.,0.));
#4362=DIRECTION('center_axis',(0.,1.,0.));
#4363=DIRECTION('ref_axis',(-0.707106781186547,0.,0.707106781186547));
#4364=DIRECTION('',(0.,0.,1.));
#4365=DIRECTION('center_axis',(0.,1.,0.));
#4366=DIRECTION('ref_axis',(-0.707106781186547,0.,-0.707106781186547));
#4367=DIRECTION('center_axis',(0.,-1.,0.));
#4368=DIRECTION('ref_axis',(0.,0.,-1.));
#4369=DIRECTION('center_axis',(0.,1.,0.));
#4370=DIRECTION('ref_axis',(-0.707106781186547,0.,-0.707106781186547));
#4371=DIRECTION('',(0.,1.,0.));
#4372=DIRECTION('center_axis',(-1.,0.,0.));
#4373=DIRECTION('ref_axis',(0.,0.,1.));
#4374=DIRECTION('',(0.,-1.,0.));
#4375=DIRECTION('center_axis',(0.,1.,0.));
#4376=DIRECTION('ref_axis',(-0.707106781186547,0.,0.707106781186547));
#4377=DIRECTION('',(4.48640794792882E-19,-6.47518742214745E-34,1.));
#4378=DIRECTION('',(1.,3.26292317889118E-38,1.0842021724855E-19));
#4379=DIRECTION('',(0.,0.,1.));
#4380=DIRECTION('',(1.,0.,0.));
#4381=DIRECTION('axis',(0.,0.,1.));
#4382=DIRECTION('refdir',(1.,0.,0.));
#4383=DIRECTION('axis',(0.,0.,1.));
#4384=DIRECTION('refdir',(1.,0.,0.));
#4385=DIRECTION('center_axis',(8.22846045575594E-38,1.,-1.05989306480575E-18));
#4386=DIRECTION('ref_axis',(4.67451484136232E-15,1.05989306480575E-18,1.));
#4387=DIRECTION('center_axis',(8.22846045575594E-38,1.,-1.05989306480575E-18));
#4388=DIRECTION('ref_axis',(4.67451484136232E-15,1.05989306480575E-18,1.));
#4389=DIRECTION('',(8.22846045575594E-38,1.,-1.05989306480575E-18));
#4390=DIRECTION('center_axis',(8.22846045575594E-38,1.,-1.05989306480575E-18));
#4391=DIRECTION('ref_axis',(4.67451484136232E-15,1.05989306480575E-18,1.));
#4392=DIRECTION('',(8.22846045575594E-38,1.,-1.05989306480575E-18));
#4393=DIRECTION('center_axis',(1.,3.26292317889118E-38,1.0842021724855E-19));
#4394=DIRECTION('ref_axis',(1.0842021724855E-19,-1.05989306480575E-18,-1.));
#4395=DIRECTION('',(1.0842021724855E-19,-1.05989306480575E-18,-1.));
#4396=DIRECTION('',(8.22846045575594E-38,1.,-1.05989306480575E-18));
#4397=DIRECTION('',(1.0842021724855E-19,-1.05989306480575E-18,-1.));
#4398=DIRECTION('center_axis',(8.22846045575594E-38,1.,-1.05989306480575E-18));
#4399=DIRECTION('ref_axis',(1.,-3.40625540394361E-33,-3.21369507211871E-15));
#4400=DIRECTION('center_axis',(8.22846045575594E-38,1.,-1.05989306480575E-18));
#4401=DIRECTION('ref_axis',(1.,-3.40625540394361E-33,-3.21369507211871E-15));
#4402=DIRECTION('',(8.22846045575594E-38,1.,-1.05989306480575E-18));
#4403=DIRECTION('center_axis',(8.22846045575594E-38,1.,-1.05989306480575E-18));
#4404=DIRECTION('ref_axis',(1.,-3.40625540394361E-33,-3.21369507211871E-15));
#4405=DIRECTION('center_axis',(0.,1.,0.));
#4406=DIRECTION('ref_axis',(-1.,0.,0.));
#4407=DIRECTION('',(-1.,0.,5.59475420593206E-17));
#4408=DIRECTION('center_axis',(0.,1.,0.));
#4409=DIRECTION('ref_axis',(-2.92163953848725E-16,0.,-1.));
#4410=DIRECTION('',(-1.50395966489455E-17,0.,1.));
#4411=DIRECTION('center_axis',(0.,1.,0.));
#4412=DIRECTION('ref_axis',(-1.,0.,2.3373116307898E-15));
#4413=DIRECTION('',(1.,3.26292317889118E-38,1.0842021724855E-19));
#4414=DIRECTION('center_axis',(0.,0.,1.));
#4415=DIRECTION('ref_axis',(1.,0.,0.));
#4416=DIRECTION('',(0.,1.,0.));
#4417=DIRECTION('',(1.,0.,0.));
#4418=DIRECTION('center_axis',(0.,1.,0.));
#4419=DIRECTION('ref_axis',(-1.,0.,2.3373116307898E-15));
#4420=DIRECTION('center_axis',(0.,1.,0.));
#4421=DIRECTION('ref_axis',(-1.,0.,2.3373116307898E-15));
#4422=DIRECTION('',(0.,1.,0.));
#4423=DIRECTION('center_axis',(-1.,0.,-1.50395966489455E-17));
#4424=DIRECTION('ref_axis',(-1.50395966489455E-17,0.,1.));
#4425=DIRECTION('',(-1.50395966489455E-17,0.,1.));
#4426=DIRECTION('',(0.,1.,0.));
#4427=DIRECTION('center_axis',(0.,1.,0.));
#4428=DIRECTION('ref_axis',(-2.92163953848725E-16,0.,-1.));
#4429=DIRECTION('center_axis',(0.,1.,0.));
#4430=DIRECTION('ref_axis',(-2.92163953848725E-16,0.,-1.));
#4431=DIRECTION('',(0.,1.,0.));
#4432=DIRECTION('center_axis',(-5.59475420593206E-17,0.,-1.));
#4433=DIRECTION('ref_axis',(-1.,0.,5.59475420593206E-17));
#4434=DIRECTION('',(-1.,0.,5.59475420593206E-17));
#4435=DIRECTION('center_axis',(0.,1.,0.));
#4436=DIRECTION('ref_axis',(-1.,0.,0.));
#4437=DIRECTION('axis',(0.,0.,1.));
#4438=DIRECTION('refdir',(1.,0.,0.));
#4439=DIRECTION('',(0.,0.,1.));
#4440=DIRECTION('',(1.,0.,0.));
#4441=DIRECTION('',(4.48640794792882E-19,-6.47518742214745E-34,1.));
#4442=DIRECTION('',(1.,3.26292317889118E-38,1.0842021724855E-19));
#4443=DIRECTION('axis',(0.,0.,1.));
#4444=DIRECTION('refdir',(1.,0.,0.));
#4445=DIRECTION('axis',(0.,0.,1.));
#4446=DIRECTION('refdir',(1.,0.,0.));
#4447=DIRECTION('center_axis',(1.,3.26292317889118E-38,1.0842021724855E-19));
#4448=DIRECTION('ref_axis',(-8.22846045575594E-38,-1.,1.05989306480575E-18));
#4449=DIRECTION('',(8.22846045575594E-38,1.,-1.05989306480575E-18));
#4450=DIRECTION('',(1.0842021724855E-19,-1.05989306480575E-18,-1.));
#4451=DIRECTION('',(-8.22846045575594E-38,-1.,1.05989306480575E-18));
#4452=DIRECTION('',(1.0842021724855E-19,-1.05989306480575E-18,-1.));
#4453=DIRECTION('center_axis',(-1.,-3.26292317889118E-38,-1.0842021724855E-19));
#4454=DIRECTION('ref_axis',(8.22846045575594E-38,1.,-1.05989306480575E-18));
#4455=DIRECTION('',(-8.22846045575594E-38,-1.,1.05989306480575E-18));
#4456=DIRECTION('',(1.0842021724855E-19,-1.05989306480575E-18,-1.));
#4457=DIRECTION('',(8.22846045575594E-38,1.,-1.05989306480575E-18));
#4458=DIRECTION('',(1.0842021724855E-19,-1.05989306480575E-18,-1.));
#4459=DIRECTION('center_axis',(0.,1.,0.));
#4460=DIRECTION('ref_axis',(1.,0.,0.));
#4461=DIRECTION('',(-1.,0.,0.));
#4462=DIRECTION('',(0.,0.,-1.));
#4463=DIRECTION('',(1.,3.26292317889118E-38,1.0842021724855E-19));
#4464=DIRECTION('center_axis',(0.,0.,-1.));
#4465=DIRECTION('ref_axis',(-1.,0.,0.));
#4466=DIRECTION('',(1.,3.26292317889118E-38,1.0842021724855E-19));
#4467=DIRECTION('',(0.,1.,0.));
#4468=DIRECTION('',(-1.,0.,0.));
#4469=DIRECTION('',(-1.,0.,0.));
#4470=DIRECTION('',(0.,-1.,0.));
#4471=DIRECTION('center_axis',(0.,1.,0.));
#4472=DIRECTION('ref_axis',(1.,0.,0.));
#4473=DIRECTION('',(-1.,0.,0.));
#4474=DIRECTION('',(0.,0.,-1.));
#4475=DIRECTION('center_axis',(0.,0.,1.));
#4476=DIRECTION('ref_axis',(1.,0.,0.));
#4477=DIRECTION('',(1.,0.,0.));
#4478=DIRECTION('',(0.,-1.,0.));
#4479=DIRECTION('',(1.,0.,0.));
#4480=DIRECTION('',(0.,1.,0.));
#4481=DIRECTION('center_axis',(-1.,0.,0.));
#4482=DIRECTION('ref_axis',(0.,1.,0.));
#4483=DIRECTION('',(0.,0.,-1.));
#4484=DIRECTION('center_axis',(0.,-1.,0.));
#4485=DIRECTION('ref_axis',(-1.,0.,0.));
#4486=DIRECTION('center_axis',(1.,0.,0.));
#4487=DIRECTION('ref_axis',(0.,-1.,0.));
#4488=DIRECTION('',(0.,0.,-1.));
#4489=DIRECTION('center_axis',(0.,-1.,0.));
#4490=DIRECTION('ref_axis',(-1.,0.,0.));
#4491=DIRECTION('axis',(0.,0.,1.));
#4492=DIRECTION('refdir',(1.,0.,0.));
#4493=DIRECTION('',(0.,0.,1.));
#4494=DIRECTION('',(1.,0.,0.));
#4495=DIRECTION('',(4.48640794792882E-19,-6.47518742214745E-34,1.));
#4496=DIRECTION('',(1.,3.26292317889118E-38,1.0842021724855E-19));
#4497=DIRECTION('axis',(0.,0.,1.));
#4498=DIRECTION('refdir',(1.,0.,0.));
#4499=DIRECTION('center_axis',(0.,0.,1.));
#4500=DIRECTION('ref_axis',(-1.,0.,0.));
#4501=DIRECTION('center_axis',(0.,0.,1.));
#4502=DIRECTION('ref_axis',(-1.,0.,0.));
#4503=DIRECTION('',(0.,0.,1.));
#4504=DIRECTION('center_axis',(0.,0.,1.));
#4505=DIRECTION('ref_axis',(-1.,0.,0.));
#4506=DIRECTION('center_axis',(0.,0.,-1.));
#4507=DIRECTION('ref_axis',(-1.,0.,0.));
#4508=DIRECTION('center_axis',(0.,0.,-1.));
#4509=DIRECTION('ref_axis',(-1.,0.,0.));
#4510=DIRECTION('',(1.,0.,0.));
#4511=DIRECTION('',(0.,1.,0.));
#4512=DIRECTION('',(-1.,0.,0.));
#4513=DIRECTION('',(0.,1.,0.));
#4514=DIRECTION('center_axis',(-1.,0.,0.));
#4515=DIRECTION('ref_axis',(0.,0.,1.));
#4516=DIRECTION('',(0.,0.,-1.));
#4517=DIRECTION('',(0.,1.,0.));
#4518=DIRECTION('',(0.,0.,1.));
#4519=DIRECTION('center_axis',(1.,0.,0.));
#4520=DIRECTION('ref_axis',(0.,0.,-1.));
#4521=DIRECTION('',(0.,0.,1.));
#4522=DIRECTION('',(0.,0.,-1.));
#4523=DIRECTION('',(0.,1.,0.));
#4524=DIRECTION('center_axis',(0.,0.,1.));
#4525=DIRECTION('ref_axis',(1.,0.,0.));
#4526=DIRECTION('',(-1.,0.,0.));
#4527=DIRECTION('',(1.,0.,0.));
#4528=DIRECTION('center_axis',(0.,1.,0.));
#4529=DIRECTION('ref_axis',(0.,0.,1.));
#4530=DIRECTION('center_axis',(0.,1.,0.));
#4531=DIRECTION('ref_axis',(-1.,0.,0.));
#4532=DIRECTION('axis',(0.,0.,1.));
#4533=DIRECTION('refdir',(1.,0.,0.));
#4534=DIRECTION('center_axis',(0.,0.,-1.));
#4535=DIRECTION('ref_axis',(-1.,0.,0.));
#4536=DIRECTION('center_axis',(0.,0.,1.));
#4537=DIRECTION('ref_axis',(-1.,0.,0.));
#4538=DIRECTION('',(0.,0.,1.));
#4539=DIRECTION('center_axis',(0.,0.,1.));
#4540=DIRECTION('ref_axis',(-1.,0.,0.));
#4541=DIRECTION('center_axis',(-1.,0.,0.));
#4542=DIRECTION('ref_axis',(0.,1.,0.));
#4543=DIRECTION('',(0.,1.,0.));
#4544=DIRECTION('',(0.,0.,-1.));
#4545=DIRECTION('',(0.,1.,0.));
#4546=DIRECTION('',(0.,0.,-1.));
#4547=DIRECTION('center_axis',(0.,-1.,0.));
#4548=DIRECTION('ref_axis',(-1.,0.,0.));
#4549=DIRECTION('',(-1.,0.,0.));
#4550=DIRECTION('',(-1.,0.,0.));
#4551=DIRECTION('',(0.,0.,-1.));
#4552=DIRECTION('center_axis',(1.,0.,0.));
#4553=DIRECTION('ref_axis',(0.,-1.,0.));
#4554=DIRECTION('',(0.,-1.,0.));
#4555=DIRECTION('',(0.,-1.,0.));
#4556=DIRECTION('',(0.,0.,-1.));
#4557=DIRECTION('center_axis',(0.,1.,0.));
#4558=DIRECTION('ref_axis',(1.,0.,0.));
#4559=DIRECTION('',(1.,0.,0.));
#4560=DIRECTION('',(1.,0.,0.));
#4561=DIRECTION('center_axis',(0.,0.,-1.));
#4562=DIRECTION('ref_axis',(-1.,0.,0.));
#4563=DIRECTION('center_axis',(0.,0.,-1.));
#4564=DIRECTION('ref_axis',(-1.,0.,0.));
#4565=DIRECTION('axis',(0.,0.,1.));
#4566=DIRECTION('refdir',(1.,0.,0.));
#4567=DIRECTION('center_axis',(-1.,0.,0.));
#4568=DIRECTION('ref_axis',(0.,1.,0.));
#4569=DIRECTION('',(0.,1.,0.));
#4570=DIRECTION('',(0.,0.,-1.));
#4571=DIRECTION('',(0.,1.,0.));
#4572=DIRECTION('',(0.,0.,-1.));
#4573=DIRECTION('center_axis',(0.,1.,0.));
#4574=DIRECTION('ref_axis',(1.,0.,0.));
#4575=DIRECTION('',(1.,0.,0.));
#4576=DIRECTION('',(1.,0.,0.));
#4577=DIRECTION('',(0.,0.,-1.));
#4578=DIRECTION('center_axis',(1.,0.,0.));
#4579=DIRECTION('ref_axis',(0.,-1.,0.));
#4580=DIRECTION('',(0.,-1.,0.));
#4581=DIRECTION('',(0.,-1.,0.));
#4582=DIRECTION('',(0.,0.,-1.));
#4583=DIRECTION('center_axis',(0.812338182633549,-0.583186657113847,0.));
#4584=DIRECTION('ref_axis',(-0.583186657113847,-0.812338182633549,0.));
#4585=DIRECTION('',(-0.583186657113847,-0.812338182633549,0.));
#4586=DIRECTION('',(-0.583186657113847,-0.812338182633549,0.));
#4587=DIRECTION('',(0.,0.,-1.));
#4588=DIRECTION('center_axis',(0.,-1.,0.));
#4589=DIRECTION('ref_axis',(-1.,0.,0.));
#4590=DIRECTION('',(-1.,0.,0.));
#4591=DIRECTION('',(-1.,0.,0.));
#4592=DIRECTION('',(0.,0.,-1.));
#4593=DIRECTION('center_axis',(-0.812338182633549,-0.583186657113847,0.));
#4594=DIRECTION('ref_axis',(-0.583186657113847,0.812338182633549,0.));
#4595=DIRECTION('',(-0.583186657113847,0.812338182633549,0.));
#4596=DIRECTION('',(-0.583186657113847,0.812338182633549,0.));
#4597=DIRECTION('center_axis',(1.,0.,0.));
#4598=DIRECTION('ref_axis',(0.,-1.,0.));
#4599=DIRECTION('',(0.,1.,0.));
#4600=DIRECTION('',(0.,0.,-1.));
#4601=DIRECTION('',(0.,-1.,0.));
#4602=DIRECTION('',(0.,0.,-1.));
#4603=DIRECTION('center_axis',(0.,1.,0.));
#4604=DIRECTION('ref_axis',(1.,0.,0.));
#4605=DIRECTION('',(-1.,0.,0.));
#4606=DIRECTION('',(1.,0.,0.));
#4607=DIRECTION('',(0.,0.,-1.));
#4608=DIRECTION('center_axis',(-1.,0.,0.));
#4609=DIRECTION('ref_axis',(0.,1.,0.));
#4610=DIRECTION('',(0.,-1.,0.));
#4611=DIRECTION('',(0.,1.,0.));
#4612=DIRECTION('',(0.,0.,-1.));
#4613=DIRECTION('center_axis',(0.,-1.,0.));
#4614=DIRECTION('ref_axis',(-1.,0.,0.));
#4615=DIRECTION('',(1.,0.,0.));
#4616=DIRECTION('',(-1.,0.,0.));
#4617=DIRECTION('center_axis',(0.,0.,-1.));
#4618=DIRECTION('ref_axis',(-1.,0.,0.));
#4619=DIRECTION('center_axis',(0.,0.,-1.));
#4620=DIRECTION('ref_axis',(-1.,0.,0.));
#4621=DIRECTION('axis',(0.,0.,1.));
#4622=DIRECTION('refdir',(1.,0.,0.));
#4623=DIRECTION('center_axis',(0.,-5.27882952856782E-16,1.));
#4624=DIRECTION('ref_axis',(0.,1.,5.27882952856782E-16));
#4625=DIRECTION('',(0.,1.,5.27882952856782E-16));
#4626=DIRECTION('',(-1.,0.,0.));
#4627=DIRECTION('',(0.,1.,5.27882952856782E-16));
#4628=DIRECTION('',(-1.,0.,0.));
#4629=DIRECTION('center_axis',(0.,1.,0.));
#4630=DIRECTION('ref_axis',(0.,0.,-1.));
#4631=DIRECTION('',(0.,0.,-1.));
#4632=DIRECTION('',(0.,0.,-1.));
#4633=DIRECTION('',(-1.,0.,0.));
#4634=DIRECTION('center_axis',(0.,0.,-1.));
#4635=DIRECTION('ref_axis',(0.,-1.,0.));
#4636=DIRECTION('',(0.,-1.,0.));
#4637=DIRECTION('',(0.,-1.,0.));
#4638=DIRECTION('',(-1.,0.,0.));
#4639=DIRECTION('center_axis',(0.,-1.,0.));
#4640=DIRECTION('ref_axis',(0.,0.,1.));
#4641=DIRECTION('',(0.,0.,1.));
#4642=DIRECTION('',(0.,0.,1.));
#4643=DIRECTION('center_axis',(0.,0.,-1.));
#4644=DIRECTION('ref_axis',(0.,-1.,0.));
#4645=DIRECTION('',(0.,1.,0.));
#4646=DIRECTION('',(-1.,0.,0.));
#4647=DIRECTION('',(0.,-1.,0.));
#4648=DIRECTION('',(-1.,0.,0.));
#4649=DIRECTION('center_axis',(0.,1.,0.));
#4650=DIRECTION('ref_axis',(0.,0.,-1.));
#4651=DIRECTION('',(0.,0.,1.));
#4652=DIRECTION('',(0.,0.,-1.));
#4653=DIRECTION('',(-1.,0.,0.));
#4654=DIRECTION('center_axis',(0.,0.,1.));
#4655=DIRECTION('ref_axis',(0.,1.,0.));
#4656=DIRECTION('',(0.,-1.,0.));
#4657=DIRECTION('',(0.,1.,0.));
#4658=DIRECTION('',(-1.,0.,0.));
#4659=DIRECTION('center_axis',(0.,-1.,0.));
#4660=DIRECTION('ref_axis',(0.,0.,1.));
#4661=DIRECTION('',(0.,0.,-1.));
#4662=DIRECTION('',(0.,0.,1.));
#4663=DIRECTION('center_axis',(-1.,0.,0.));
#4664=DIRECTION('ref_axis',(0.,0.,1.));
#4665=DIRECTION('center_axis',(-1.,0.,0.));
#4666=DIRECTION('ref_axis',(0.,0.,1.));
#4667=DIRECTION('center_axis',(0.,1.,0.));
#4668=DIRECTION('ref_axis',(0.,0.,-1.));
#4669=DIRECTION('',(0.,0.,-1.));
#4670=DIRECTION('',(-1.,0.,0.));
#4671=DIRECTION('',(0.,0.,-1.));
#4672=DIRECTION('',(-1.,0.,0.));
#4673=DIRECTION('center_axis',(0.,0.,-1.));
#4674=DIRECTION('ref_axis',(0.,-1.,0.));
#4675=DIRECTION('',(0.,-1.,0.));
#4676=DIRECTION('',(0.,-1.,0.));
#4677=DIRECTION('',(-1.,0.,0.));
#4678=DIRECTION('center_axis',(0.,-1.,0.));
#4679=DIRECTION('ref_axis',(0.,0.,1.));
#4680=DIRECTION('',(0.,0.,1.));
#4681=DIRECTION('',(0.,0.,1.));
#4682=DIRECTION('',(-1.,0.,0.));
#4683=DIRECTION('center_axis',(0.,0.,1.));
#4684=DIRECTION('ref_axis',(0.,1.,0.));
#4685=DIRECTION('',(0.,1.,0.));
#4686=DIRECTION('',(0.,1.,0.));
#4687=DIRECTION('center_axis',(0.,1.,0.));
#4688=DIRECTION('ref_axis',(0.,0.,-1.));
#4689=DIRECTION('',(0.,0.,-1.));
#4690=DIRECTION('',(-1.,0.,0.));
#4691=DIRECTION('',(0.,0.,-1.));
#4692=DIRECTION('',(-1.,0.,0.));
#4693=DIRECTION('center_axis',(0.,0.,1.));
#4694=DIRECTION('ref_axis',(0.,1.,0.));
#4695=DIRECTION('',(0.,1.,0.));
#4696=DIRECTION('',(0.,1.,0.));
#4697=DIRECTION('',(-1.,0.,0.));
#4698=DIRECTION('center_axis',(0.,-1.,0.));
#4699=DIRECTION('ref_axis',(0.,0.,1.));
#4700=DIRECTION('',(0.,0.,1.));
#4701=DIRECTION('',(0.,0.,1.));
#4702=DIRECTION('',(-1.,0.,0.));
#4703=DIRECTION('center_axis',(0.,0.,-1.));
#4704=DIRECTION('ref_axis',(0.,-1.,0.));
#4705=DIRECTION('',(0.,-1.,0.));
#4706=DIRECTION('',(0.,-1.,0.));
#4707=DIRECTION('center_axis',(-1.,0.,0.));
#4708=DIRECTION('ref_axis',(0.,0.,1.));
#4709=DIRECTION('center_axis',(-1.,0.,0.));
#4710=DIRECTION('ref_axis',(0.,0.,1.));
#4711=DIRECTION('axis',(0.,0.,1.));
#4712=DIRECTION('refdir',(1.,0.,0.));
#4713=DIRECTION('center_axis',(0.,0.,-1.));
#4714=DIRECTION('ref_axis',(-1.,0.,0.));
#4715=DIRECTION('',(-1.,0.,0.));
#4716=DIRECTION('',(0.,-1.,0.));
#4717=DIRECTION('',(1.,0.,0.));
#4718=DIRECTION('',(0.,1.,0.));
#4719=DIRECTION('',(0.,1.,0.));
#4720=DIRECTION('',(1.,0.,0.));
#4721=DIRECTION('',(0.,-1.,0.));
#4722=DIRECTION('',(-1.,0.,0.));
#4723=DIRECTION('center_axis',(0.,1.,0.));
#4724=DIRECTION('ref_axis',(-1.,0.,0.));
#4725=DIRECTION('',(0.,0.,1.));
#4726=DIRECTION('',(-1.,0.,0.));
#4727=DIRECTION('',(0.,0.,1.));
#4728=DIRECTION('center_axis',(-1.,0.,0.));
#4729=DIRECTION('ref_axis',(0.,-1.,0.));
#4730=DIRECTION('',(0.,0.,1.));
#4731=DIRECTION('',(0.,-1.,0.));
#4732=DIRECTION('center_axis',(1.,0.,0.));
#4733=DIRECTION('ref_axis',(0.,1.,0.));
#4734=DIRECTION('',(0.,0.,1.));
#4735=DIRECTION('',(0.,-1.,0.));
#4736=DIRECTION('',(0.,0.,1.));
#4737=DIRECTION('center_axis',(0.,-1.,0.));
#4738=DIRECTION('ref_axis',(1.,0.,0.));
#4739=DIRECTION('',(0.,0.,1.));
#4740=DIRECTION('',(-1.,0.,0.));
#4741=DIRECTION('center_axis',(0.,-1.,0.));
#4742=DIRECTION('ref_axis',(1.,0.,0.));
#4743=DIRECTION('',(0.,0.,1.));
#4744=DIRECTION('',(1.,0.,0.));
#4745=DIRECTION('center_axis',(1.,0.,0.));
#4746=DIRECTION('ref_axis',(0.,1.,0.));
#4747=DIRECTION('',(0.,1.,0.));
#4748=DIRECTION('center_axis',(-1.,0.,0.));
#4749=DIRECTION('ref_axis',(0.,-1.,0.));
#4750=DIRECTION('',(0.,0.,1.));
#4751=DIRECTION('',(0.,1.,0.));
#4752=DIRECTION('center_axis',(0.,1.,0.));
#4753=DIRECTION('ref_axis',(-1.,0.,0.));
#4754=DIRECTION('',(1.,0.,0.));
#4755=DIRECTION('center_axis',(0.,0.,1.));
#4756=DIRECTION('ref_axis',(1.,0.,0.));
#4757=DIRECTION('axis',(0.,0.,1.));
#4758=DIRECTION('refdir',(1.,0.,0.));
#4759=DIRECTION('center_axis',(1.,0.,0.));
#4760=DIRECTION('ref_axis',(0.,1.,0.));
#4761=DIRECTION('',(0.,-1.,0.));
#4762=DIRECTION('',(0.,0.,1.));
#4763=DIRECTION('',(0.,1.,0.));
#4764=DIRECTION('',(0.,0.,-1.));
#4765=DIRECTION('',(0.,0.,-1.));
#4766=DIRECTION('',(0.,1.,0.));
#4767=DIRECTION('',(0.,0.,1.));
#4768=DIRECTION('',(0.,-1.,8.12194530526701E-16));
#4769=DIRECTION('center_axis',(0.,1.,0.));
#4770=DIRECTION('ref_axis',(0.,0.,1.));
#4771=DIRECTION('',(1.,0.,0.));
#4772=DIRECTION('',(0.,0.,1.));
#4773=DIRECTION('',(1.,0.,0.));
#4774=DIRECTION('center_axis',(0.,0.,-1.));
#4775=DIRECTION('ref_axis',(0.,1.,0.));
#4776=DIRECTION('',(1.,0.,0.));
#4777=DIRECTION('',(0.,1.,0.));
#4778=DIRECTION('center_axis',(0.,0.,-1.));
#4779=DIRECTION('ref_axis',(0.,1.,0.));
#4780=DIRECTION('',(1.,0.,0.));
#4781=DIRECTION('',(0.,1.,0.));
#4782=DIRECTION('',(1.,0.,0.));
#4783=DIRECTION('center_axis',(0.,1.,0.));
#4784=DIRECTION('ref_axis',(0.,0.,1.));
#4785=DIRECTION('',(1.,0.,0.));
#4786=DIRECTION('',(0.,0.,1.));
#4787=DIRECTION('center_axis',(0.,-1.,0.));
#4788=DIRECTION('ref_axis',(0.,0.,-1.));
#4789=DIRECTION('',(1.,0.,0.));
#4790=DIRECTION('',(0.,0.,-1.));
#4791=DIRECTION('center_axis',(0.,8.12194530526701E-16,1.));
#4792=DIRECTION('ref_axis',(0.,-1.,8.12194530526701E-16));
#4793=DIRECTION('',(0.,-1.,8.12194530526701E-16));
#4794=DIRECTION('center_axis',(0.,0.,1.));
#4795=DIRECTION('ref_axis',(0.,-1.,0.));
#4796=DIRECTION('',(1.,0.,0.));
#4797=DIRECTION('',(0.,-1.,0.));
#4798=DIRECTION('center_axis',(0.,-1.,0.));
#4799=DIRECTION('ref_axis',(0.,0.,-1.));
#4800=DIRECTION('',(0.,0.,-1.));
#4801=DIRECTION('center_axis',(1.,0.,0.));
#4802=DIRECTION('ref_axis',(0.,0.,-1.));
#4803=DIRECTION('',(0.,0.,1.));
#4804=DIRECTION('',(1.,0.,0.));
#4805=DIRECTION('',(0.,0.,1.));
#4806=DIRECTION('',(1.,0.,0.));
#4807=DIRECTION('',(0.,0.,1.));
#4808=DIRECTION('',(1.,0.,0.));
#4809=DIRECTION('',(0.,0.,1.));
#4810=DIRECTION('',(1.,0.,0.));
#4811=DIRECTION('',(0.,0.,1.));
#4812=DIRECTION('',(1.,0.,0.));
#4813=DIRECTION('',(0.,0.,1.));
#4814=DIRECTION('',(1.,0.,0.));
#4815=DIRECTION('',(0.,0.,1.));
#4816=DIRECTION('',(1.,0.,0.));
#4817=DIRECTION('',(0.,0.,1.));
#4818=DIRECTION('',(1.,0.,0.));
#4819=DIRECTION('',(0.,0.,1.));
#4820=DIRECTION('',(1.,0.,0.));
#4821=DIRECTION('',(4.48640794792882E-19,-6.47518742214745E-34,1.));
#4822=DIRECTION('',(1.,3.26292317889118E-38,1.0842021724855E-19));
#4823=CARTESIAN_POINT('',(0.,0.,0.));
#4824=CARTESIAN_POINT('',(0.,0.,0.));
#4825=CARTESIAN_POINT('',(0.,0.,0.));
#4826=CARTESIAN_POINT('',(0.,0.,0.));
#4827=CARTESIAN_POINT('Origin',(25.2575,10.35,87.82));
#4828=CARTESIAN_POINT('',(53.6965522940854,6.35,87.82));
#4829=CARTESIAN_POINT('',(47.3334477059146,6.35,87.82));
#4830=CARTESIAN_POINT('Ctrl Pts',(47.3334477059146,6.35,87.82));
#4831=CARTESIAN_POINT('Ctrl Pts',(47.5111007700781,6.35,87.5352581794252));
#4832=CARTESIAN_POINT('Ctrl Pts',(47.7447069921977,6.38375316059115,87.2582619647612));
#4833=CARTESIAN_POINT('Ctrl Pts',(48.3028968746715,6.48507759045088,86.7442949420594));
#4834=CARTESIAN_POINT('Ctrl Pts',(48.7077461957305,6.57463491048901,86.4853683478886));
#4835=CARTESIAN_POINT('Ctrl Pts',(49.5884423494428,6.71484582086143,86.1406302969067));
#4836=CARTESIAN_POINT('Ctrl Pts',(50.065154473708,6.76046312179413,86.055));
#4837=CARTESIAN_POINT('Ctrl Pts',(50.9648455262919,6.76046312179413,86.055));
#4838=CARTESIAN_POINT('Ctrl Pts',(51.4415576505571,6.71484582086143,86.1406302969067));
#4839=CARTESIAN_POINT('Ctrl Pts',(52.3222538042695,6.57463491048901,86.4853683478886));
#4840=CARTESIAN_POINT('Ctrl Pts',(52.7271031253284,6.48507759045088,86.7442949420594));
#4841=CARTESIAN_POINT('Ctrl Pts',(53.2852930078022,6.38375316059115,87.2582619647612));
#4842=CARTESIAN_POINT('Ctrl Pts',(53.5188992299218,6.35,87.5352581794252));
#4843=CARTESIAN_POINT('Ctrl Pts',(53.6965522940854,6.35,87.82));
#4844=CARTESIAN_POINT('',(66.39,6.35,87.82));
#4845=CARTESIAN_POINT('',(25.2575,6.35,87.82));
#4846=CARTESIAN_POINT('',(66.39,10.35,83.82));
#4847=CARTESIAN_POINT('Origin',(66.3899999999999,10.35,87.82));
#4848=CARTESIAN_POINT('',(34.64,10.35,83.82));
#4849=CARTESIAN_POINT('',(25.2575,10.35,83.82));
#4850=CARTESIAN_POINT('',(34.64,6.35,87.82));
#4851=CARTESIAN_POINT('Origin',(34.64,10.35,87.82));
#4852=CARTESIAN_POINT('',(25.2575,6.35,87.82));
#4853=CARTESIAN_POINT('Origin',(50.515,6.35,89.805));
#4854=CARTESIAN_POINT('',(46.765,6.35,89.805));
#4855=CARTESIAN_POINT('Origin',(50.515,6.35,89.805));
#4856=CARTESIAN_POINT('Origin',(50.515,6.35,89.805));
#4857=CARTESIAN_POINT('',(34.64,6.35,91.79));
#4858=CARTESIAN_POINT('',(34.64,6.35,86.3125));
#4859=CARTESIAN_POINT('',(39.64,6.35,96.79));
#4860=CARTESIAN_POINT('Origin',(39.64,6.35,91.79));
#4861=CARTESIAN_POINT('',(61.39,6.35,96.79));
#4862=CARTESIAN_POINT('',(34.64,6.35,96.79));
#4863=CARTESIAN_POINT('',(66.3899999999999,6.35,91.79));
#4864=CARTESIAN_POINT('Origin',(61.39,6.35,91.79));
#4865=CARTESIAN_POINT('',(66.3899999999999,6.35,96.79));
#4866=CARTESIAN_POINT('Origin',(34.64,-1.8995222061946E-15,82.82));
#4867=CARTESIAN_POINT('',(34.64,-1.8995222061946E-15,83.82));
#4868=CARTESIAN_POINT('',(34.64,-9.49761103097302E-16,83.82));
#4869=CARTESIAN_POINT('',(34.64,-1.8995222061946E-15,91.79));
#4870=CARTESIAN_POINT('',(34.64,-1.8995222061946E-15,68.85));
#4871=CARTESIAN_POINT('',(34.64,-1.8995222061946E-15,91.79));
#4872=CARTESIAN_POINT('Origin',(66.3899999999999,-1.8995222061946E-15,96.79));
#4873=CARTESIAN_POINT('',(66.39,-1.8995222061946E-15,83.82));
#4874=CARTESIAN_POINT('',(66.39,-9.49761103097302E-16,83.82));
#4875=CARTESIAN_POINT('',(66.3899999999999,-1.8995222061946E-15,91.79));
#4876=CARTESIAN_POINT('',(66.3899999999999,-1.8995222061946E-15,91.79));
#4877=CARTESIAN_POINT('',(66.3899999999999,-1.8995222061946E-15,96.79));
#4878=CARTESIAN_POINT('Origin',(50.515,6.35,89.805));
#4879=CARTESIAN_POINT('',(46.765,5.35,89.805));
#4880=CARTESIAN_POINT('',(46.765,6.35,89.805));
#4881=CARTESIAN_POINT('Origin',(50.515,5.35,89.805));
#4882=CARTESIAN_POINT('Origin',(50.515,5.35,89.805));
#4883=CARTESIAN_POINT('',(48.365,5.35,89.805));
#4884=CARTESIAN_POINT('Origin',(50.515,5.35,89.805));
#4885=CARTESIAN_POINT('Origin',(50.515,-1.8995222061946E-15,89.805));
#4886=CARTESIAN_POINT('',(48.365,-1.8995222061946E-15,89.805));
#4887=CARTESIAN_POINT('Origin',(50.515,-1.8995222061946E-15,89.805));
#4888=CARTESIAN_POINT('',(48.365,-1.8995222061946E-15,89.805));
#4889=CARTESIAN_POINT('Origin',(39.64,-1.8995222061946E-15,91.79));
#4890=CARTESIAN_POINT('',(39.64,-1.8995222061946E-15,96.79));
#4891=CARTESIAN_POINT('Origin',(39.64,-1.8995222061946E-15,91.79));
#4892=CARTESIAN_POINT('',(39.64,-1.8995222061946E-15,96.79));
#4893=CARTESIAN_POINT('Origin',(34.64,-1.8995222061946E-15,96.79));
#4894=CARTESIAN_POINT('',(61.39,-1.8995222061946E-15,96.79));
#4895=CARTESIAN_POINT('',(34.64,-1.8995222061946E-15,96.79));
#4896=CARTESIAN_POINT('',(61.39,-1.8995222061946E-15,96.79));
#4897=CARTESIAN_POINT('Origin',(61.39,-1.8995222061946E-15,91.79));
#4898=CARTESIAN_POINT('Origin',(61.39,-1.8995222061946E-15,91.79));
#4899=CARTESIAN_POINT('Origin',(-8.97,0.,31.035));
#4900=CARTESIAN_POINT('',(-13.97,6.35,31.035));
#4901=CARTESIAN_POINT('',(-8.97,6.35,26.035));
#4902=CARTESIAN_POINT('Origin',(-8.97,6.35,31.035));
#4903=CARTESIAN_POINT('',(-8.97,0.,26.035));
#4904=CARTESIAN_POINT('',(-8.97,0.,26.035));
#4905=CARTESIAN_POINT('',(-13.97,0.,31.035));
#4906=CARTESIAN_POINT('Origin',(-8.97,0.,31.035));
#4907=CARTESIAN_POINT('',(-13.97,0.,31.035));
#4908=CARTESIAN_POINT('Origin',(-13.97,0.,26.035));
#4909=CARTESIAN_POINT('',(-13.97,6.35,52.785));
#4910=CARTESIAN_POINT('',(-13.97,0.,52.785));
#4911=CARTESIAN_POINT('',(-13.97,0.,52.785));
#4912=CARTESIAN_POINT('',(-13.97,6.35,26.035));
#4913=CARTESIAN_POINT('',(-13.97,0.,26.035));
#4914=CARTESIAN_POINT('Origin',(-8.97,0.,52.785));
#4915=CARTESIAN_POINT('',(-8.97,6.35,57.785));
#4916=CARTESIAN_POINT('Origin',(-8.97,6.35,52.785));
#4917=CARTESIAN_POINT('',(-8.97,0.,57.785));
#4918=CARTESIAN_POINT('Origin',(-8.97,0.,52.785));
#4919=CARTESIAN_POINT('',(-8.97,0.,57.785));
#4920=CARTESIAN_POINT('Origin',(54.61,6.35,90.805));
#4921=CARTESIAN_POINT('',(-4.,6.35,44.1798623306271));
#4922=CARTESIAN_POINT('',(-4.,6.35,57.785));
#4923=CARTESIAN_POINT('',(-4.,6.35,45.4025));
#4924=CARTESIAN_POINT('',(-10.735,6.35,41.91));
#4925=CARTESIAN_POINT('Origin',(-6.985,6.35,41.91));
#4926=CARTESIAN_POINT('',(-4.,6.35,39.6401376693729));
#4927=CARTESIAN_POINT('Origin',(-6.985,6.35,41.91));
#4928=CARTESIAN_POINT('',(-4.,6.35,26.035));
#4929=CARTESIAN_POINT('',(-4.,6.35,45.4025));
#4930=CARTESIAN_POINT('',(13.97,6.35,26.035));
#4931=CARTESIAN_POINT('',(-13.97,6.35,57.785));
#4932=CARTESIAN_POINT('Origin',(-6.985,0.,41.91));
#4933=CARTESIAN_POINT('',(-9.135,0.,41.91));
#4934=CARTESIAN_POINT('Origin',(-6.985,0.,41.91));
#4935=CARTESIAN_POINT('',(-9.135,5.35,41.91));
#4936=CARTESIAN_POINT('',(-9.135,0.,41.91));
#4937=CARTESIAN_POINT('Origin',(-6.985,5.35,41.91));
#4938=CARTESIAN_POINT('Origin',(-6.985,5.35,41.91));
#4939=CARTESIAN_POINT('',(-10.735,5.35,41.91));
#4940=CARTESIAN_POINT('Origin',(-6.985,5.35,41.91));
#4941=CARTESIAN_POINT('Origin',(-6.985,6.35,41.91));
#4942=CARTESIAN_POINT('Ctrl Pts',(-4.,6.35,39.6401376693729));
#4943=CARTESIAN_POINT('Ctrl Pts',(-3.89673973815994,6.35,39.7759308747288));
#4944=CARTESIAN_POINT('Ctrl Pts',(-3.8024354847025,6.35399265457618,39.9192448462222));
#4945=CARTESIAN_POINT('Ctrl Pts',(-3.40164672093681,6.38228391594872,40.6301752106751));
#4946=CARTESIAN_POINT('Ctrl Pts',(-3.235,6.42383456792763,41.2804981310041));
#4947=CARTESIAN_POINT('Ctrl Pts',(-3.235,6.42383456792763,42.5395018689959));
#4948=CARTESIAN_POINT('Ctrl Pts',(-3.4016467209368,6.38228391594873,43.1898247893249));
#4949=CARTESIAN_POINT('Ctrl Pts',(-3.8024354847025,6.35399265457618,43.9007551537778));
#4950=CARTESIAN_POINT('Ctrl Pts',(-3.89673973815993,6.35,44.0440691252712));
#4951=CARTESIAN_POINT('Ctrl Pts',(-4.00000000000001,6.35,44.1798623306271));
#4952=CARTESIAN_POINT('',(-10.735,6.35,41.91));
#4953=CARTESIAN_POINT('Origin',(2.22044604925031E-15,0.,26.035));
#4954=CARTESIAN_POINT('',(2.22044604925031E-15,0.,26.035));
#4955=CARTESIAN_POINT('',(0.,10.35,26.035));
#4956=CARTESIAN_POINT('',(0.,0.,26.035));
#4957=CARTESIAN_POINT('',(13.97,0.,26.035));
#4958=CARTESIAN_POINT('Origin',(-4.,10.35,26.035));
#4959=CARTESIAN_POINT('Origin',(-13.97,0.,57.785));
#4960=CARTESIAN_POINT('',(2.22044604925031E-15,0.,57.785));
#4961=CARTESIAN_POINT('',(-13.97,0.,57.785));
#4962=CARTESIAN_POINT('',(0.,10.35,57.785));
#4963=CARTESIAN_POINT('',(0.,0.,57.785));
#4964=CARTESIAN_POINT('Origin',(-4.,10.35,57.785));
#4965=CARTESIAN_POINT('Origin',(-4.,10.35,45.4025));
#4966=CARTESIAN_POINT('',(0.,10.35,45.4025));
#4967=CARTESIAN_POINT('Origin',(109.22,0.,0.));
#4968=CARTESIAN_POINT('',(5.,0.,0.));
#4969=CARTESIAN_POINT('',(96.0299999999999,-3.88578058618805E-15,-2.76489916384882E-15));
#4970=CARTESIAN_POINT('',(0.,0.,0.));
#4971=CARTESIAN_POINT('',(5.,21.86,0.));
#4972=CARTESIAN_POINT('',(5.,0.,0.));
#4973=CARTESIAN_POINT('',(18.3781576454507,21.86,0.));
#4974=CARTESIAN_POINT('',(81.915,21.86,0.));
#4975=CARTESIAN_POINT('',(18.3781576454507,1.86,0.));
#4976=CARTESIAN_POINT('',(18.3781576454507,10.93,0.));
#4977=CARTESIAN_POINT('',(32.3781576454507,1.86,0.));
#4978=CARTESIAN_POINT('',(63.7990788227253,1.86,0.));
#4979=CARTESIAN_POINT('',(32.3781576454507,21.86,0.));
#4980=CARTESIAN_POINT('',(32.3781576454507,0.93,0.));
#4981=CARTESIAN_POINT('',(52.8644659359715,21.86,0.));
#4982=CARTESIAN_POINT('',(81.915,21.86,0.));
#4983=CARTESIAN_POINT('',(52.8644659359715,1.86,0.));
#4984=CARTESIAN_POINT('',(52.8644659359715,10.93,0.));
#4985=CARTESIAN_POINT('',(70.8644659359715,1.86,0.));
#4986=CARTESIAN_POINT('',(81.0422329679857,1.86,0.));
#4987=CARTESIAN_POINT('',(70.8644659359715,21.86,0.));
#4988=CARTESIAN_POINT('',(70.8644659359715,0.93,0.));
#4989=CARTESIAN_POINT('',(96.0299999999999,21.86,-2.78806842624547E-15));
#4990=CARTESIAN_POINT('',(81.915,21.86,0.));
#4991=CARTESIAN_POINT('',(96.0299999999999,-3.88578058618805E-15,-2.76489916384882E-15));
#4992=CARTESIAN_POINT('Origin',(5.,0.,5.));
#4993=CARTESIAN_POINT('',(0.,21.86,5.));
#4994=CARTESIAN_POINT('Origin',(5.,21.86,5.));
#4995=CARTESIAN_POINT('',(0.,0.,5.));
#4996=CARTESIAN_POINT('Origin',(5.,0.,5.));
#4997=CARTESIAN_POINT('',(0.,0.,5.));
#4998=CARTESIAN_POINT('Origin',(0.,0.,0.));
#4999=CARTESIAN_POINT('',(0.,21.86,78.82));
#5000=CARTESIAN_POINT('',(0.,21.86,24.4475));
#5001=CARTESIAN_POINT('',(0.,0.,83.82));
#5002=CARTESIAN_POINT('',(0.,0.,78.82));
#5003=CARTESIAN_POINT('',(0.,0.,83.82));
#5004=CARTESIAN_POINT('',(0.,0.,78.82));
#5005=CARTESIAN_POINT('Origin',(5.,0.,78.82));
#5006=CARTESIAN_POINT('',(5.,21.86,83.82));
#5007=CARTESIAN_POINT('Origin',(5.,21.86,78.82));
#5008=CARTESIAN_POINT('',(5.,0.,83.82));
#5009=CARTESIAN_POINT('Origin',(5.,0.,78.82));
#5010=CARTESIAN_POINT('',(5.,0.,83.82));
#5011=CARTESIAN_POINT('Origin',(54.61,21.86,48.895));
#5012=CARTESIAN_POINT('',(70.8644659359715,21.86,17.));
#5013=CARTESIAN_POINT('',(70.8644659359715,21.86,24.4475));
#5014=CARTESIAN_POINT('',(52.8644659359715,21.86,17.));
#5015=CARTESIAN_POINT('',(58.2372329679857,21.86,17.));
#5016=CARTESIAN_POINT('',(52.8644659359715,21.86,24.4475));
#5017=CARTESIAN_POINT('',(32.3781576454507,21.86,17.));
#5018=CARTESIAN_POINT('',(32.3781576454507,21.86,24.4475));
#5019=CARTESIAN_POINT('',(18.3781576454507,21.86,17.));
#5020=CARTESIAN_POINT('',(39.9940788227253,21.86,17.));
#5021=CARTESIAN_POINT('',(18.3781576454507,21.86,24.4475));
#5022=CARTESIAN_POINT('',(96.0299999999999,21.86,83.82));
#5023=CARTESIAN_POINT('',(27.305,21.86,83.82));
#5024=CARTESIAN_POINT('',(101.03,21.86,78.82));
#5025=CARTESIAN_POINT('Origin',(96.0299999999999,21.86,78.82));
#5026=CARTESIAN_POINT('',(101.03,21.86,5.));
#5027=CARTESIAN_POINT('',(101.03,21.86,66.3575));
#5028=CARTESIAN_POINT('Origin',(96.0299999999999,21.86,5.));
#5029=CARTESIAN_POINT('Origin',(25.3781576454507,11.86,17.));
#5030=CARTESIAN_POINT('',(18.3781576454507,1.86,17.));
#5031=CARTESIAN_POINT('',(18.3781576454507,1.86,17.));
#5032=CARTESIAN_POINT('',(32.3781576454507,1.86,17.));
#5033=CARTESIAN_POINT('',(32.3781576454507,21.86,17.));
#5034=CARTESIAN_POINT('',(32.3781576454507,1.86,17.));
#5035=CARTESIAN_POINT('Origin',(18.3781576454507,21.86,0.));
#5036=CARTESIAN_POINT('',(18.3781576454507,1.86,0.));
#5037=CARTESIAN_POINT('Origin',(18.3781576454507,1.86,0.));
#5038=CARTESIAN_POINT('',(32.3781576454507,1.86,0.));
#5039=CARTESIAN_POINT('Origin',(32.3781576454507,1.86,0.));
#5040=CARTESIAN_POINT('Origin',(61.8644659359715,11.86,17.));
#5041=CARTESIAN_POINT('',(52.8644659359715,1.86,17.));
#5042=CARTESIAN_POINT('',(70.8644659359715,1.86,17.));
#5043=CARTESIAN_POINT('',(52.8644659359715,1.86,17.));
#5044=CARTESIAN_POINT('',(52.8644659359715,21.86,17.));
#5045=CARTESIAN_POINT('',(70.8644659359715,1.86,17.));
#5046=CARTESIAN_POINT('',(66.4028242939318,17.8933021661037,17.));
#5047=CARTESIAN_POINT('',(57.2943068001292,17.8933021661037,17.));
#5048=CARTESIAN_POINT('',(59.5793863680503,17.8933021661037,17.));
#5049=CARTESIAN_POINT('',(55.672845539497,15.6347201536289,17.));
#5050=CARTESIAN_POINT('',(55.8316242570628,15.8558877906023,17.));
#5051=CARTESIAN_POINT('',(55.672845539497,9.12031673484117,17.));
#5052=CARTESIAN_POINT('',(55.672845539497,10.4901583674206,17.));
#5053=CARTESIAN_POINT('',(68.024285554564,9.12031673484117,17.));
#5054=CARTESIAN_POINT('',(64.9443757452677,9.12031673484117,17.));
#5055=CARTESIAN_POINT('',(68.024285554564,15.6347201536289,17.));
#5056=CARTESIAN_POINT('',(68.024285554564,13.7473600768145,17.));
#5057=CARTESIAN_POINT('',(67.0601840351284,16.977646070433,17.));
#5058=CARTESIAN_POINT('Origin',(52.8644659359715,1.86,0.));
#5059=CARTESIAN_POINT('',(52.8644659359715,1.86,0.));
#5060=CARTESIAN_POINT('',(70.8644659359715,1.86,0.));
#5061=CARTESIAN_POINT('Origin',(70.8644659359715,1.86,0.));
#5062=CARTESIAN_POINT('Origin',(52.8644659359715,21.86,0.));
#5063=CARTESIAN_POINT('Origin',(61.8485655470305,13.5068094504724,16.));
#5064=CARTESIAN_POINT('',(66.4028242939318,17.8933021661037,16.));
#5065=CARTESIAN_POINT('',(68.024285554564,15.6347201536289,16.));
#5066=CARTESIAN_POINT('',(66.4028242939318,17.8933021661037,16.));
#5067=CARTESIAN_POINT('',(68.024285554564,9.12031673484117,16.));
#5068=CARTESIAN_POINT('',(68.024285554564,9.12031673484117,16.));
#5069=CARTESIAN_POINT('',(55.672845539497,9.12031673484117,16.));
#5070=CARTESIAN_POINT('',(55.672845539497,9.12031673484117,16.));
#5071=CARTESIAN_POINT('',(55.672845539497,15.6347201536289,16.));
#5072=CARTESIAN_POINT('',(55.672845539497,15.6347201536289,16.));
#5073=CARTESIAN_POINT('',(57.2943068001292,17.8933021661037,16.));
#5074=CARTESIAN_POINT('',(57.2943068001292,17.8933021661037,16.));
#5075=CARTESIAN_POINT('',(66.4028242939318,17.8933021661037,16.));
#5076=CARTESIAN_POINT('Origin',(66.4028242939318,17.8933021661037,17.));
#5077=CARTESIAN_POINT('',(68.024285554564,15.6347201536289,17.));
#5078=CARTESIAN_POINT('',(66.4028242939318,17.8933021661037,17.));
#5079=CARTESIAN_POINT('Origin',(68.024285554564,15.6347201536289,17.));
#5080=CARTESIAN_POINT('',(68.024285554564,9.12031673484117,17.));
#5081=CARTESIAN_POINT('Origin',(68.024285554564,9.12031673484117,17.));
#5082=CARTESIAN_POINT('',(55.672845539497,9.12031673484117,17.));
#5083=CARTESIAN_POINT('Origin',(55.672845539497,9.12031673484117,17.));
#5084=CARTESIAN_POINT('',(55.672845539497,15.6347201536289,17.));
#5085=CARTESIAN_POINT('Origin',(55.672845539497,15.6347201536289,17.));
#5086=CARTESIAN_POINT('',(57.2943068001292,17.8933021661037,17.));
#5087=CARTESIAN_POINT('Origin',(57.2943068001292,17.8933021661037,17.));
#5088=CARTESIAN_POINT('Origin',(0.,0.,83.82));
#5089=CARTESIAN_POINT('',(96.0299999999999,-3.79904441238921E-15,83.82));
#5090=CARTESIAN_POINT('',(52.5625,0.,83.82));
#5091=CARTESIAN_POINT('',(96.0299999999999,-3.79904441238921E-15,83.82));
#5092=CARTESIAN_POINT('',(52.5625,0.,83.82));
#5093=CARTESIAN_POINT('Origin',(96.0299999999999,-3.87710696880816E-15,
5.));
#5094=CARTESIAN_POINT('',(101.03,-3.87710696880816E-15,5.));
#5095=CARTESIAN_POINT('',(101.03,-3.87710696880816E-15,5.));
#5096=CARTESIAN_POINT('Origin',(96.0299999999999,-3.87710696880816E-15,
5.));
#5097=CARTESIAN_POINT('Origin',(105.03,10.35,62.865));
#5098=CARTESIAN_POINT('',(105.03,6.35,39.6401376693728));
#5099=CARTESIAN_POINT('',(104.265,6.42383456792763,41.91));
#5100=CARTESIAN_POINT('Ctrl Pts',(104.265,6.42383456792763,41.91));
#5101=CARTESIAN_POINT('Ctrl Pts',(104.265,6.42383456792763,41.2804981310041));
#5102=CARTESIAN_POINT('Ctrl Pts',(104.431646720937,6.38228391594873,40.6301752106751));
#5103=CARTESIAN_POINT('Ctrl Pts',(104.832435484702,6.35399265457617,39.9192448462221));
#5104=CARTESIAN_POINT('Ctrl Pts',(104.92673973816,6.35,39.7759308747288));
#5105=CARTESIAN_POINT('Ctrl Pts',(105.03,6.35,39.6401376693728));
#5106=CARTESIAN_POINT('',(105.03,6.35,26.035));
#5107=CARTESIAN_POINT('',(105.03,6.35,62.865));
#5108=CARTESIAN_POINT('',(101.03,10.35,26.035));
#5109=CARTESIAN_POINT('Origin',(105.03,10.35,26.035));
#5110=CARTESIAN_POINT('',(101.03,10.35,57.785));
#5111=CARTESIAN_POINT('',(101.03,10.35,62.865));
#5112=CARTESIAN_POINT('',(105.03,6.35,57.785));
#5113=CARTESIAN_POINT('Origin',(105.03,10.35,57.785));
#5114=CARTESIAN_POINT('',(105.03,6.35,44.1798623306272));
#5115=CARTESIAN_POINT('',(105.03,6.35,62.865));
#5116=CARTESIAN_POINT('Ctrl Pts',(105.03,6.35,44.1798623306272));
#5117=CARTESIAN_POINT('Ctrl Pts',(104.92673973816,6.35,44.0440691252712));
#5118=CARTESIAN_POINT('Ctrl Pts',(104.832435484702,6.35399265457618,43.9007551537778));
#5119=CARTESIAN_POINT('Ctrl Pts',(104.431646720937,6.38228391594873,43.1898247893249));
#5120=CARTESIAN_POINT('Ctrl Pts',(104.265,6.42383456792763,42.5395018689959));
#5121=CARTESIAN_POINT('Ctrl Pts',(104.265,6.42383456792763,41.91));
#5122=CARTESIAN_POINT('Origin',(108.015,6.35,41.91));
#5123=CARTESIAN_POINT('Origin',(108.015,6.35,41.91));
#5124=CARTESIAN_POINT('',(110.,6.35,57.785));
#5125=CARTESIAN_POINT('',(104.5225,6.35,57.785));
#5126=CARTESIAN_POINT('',(115.,6.35,52.785));
#5127=CARTESIAN_POINT('Origin',(110.,6.35,52.785));
#5128=CARTESIAN_POINT('',(115.,6.35,31.035));
#5129=CARTESIAN_POINT('',(115.,6.35,57.785));
#5130=CARTESIAN_POINT('',(110.,6.35,26.035));
#5131=CARTESIAN_POINT('Origin',(110.,6.35,31.035));
#5132=CARTESIAN_POINT('',(111.5075,6.35,26.035));
#5133=CARTESIAN_POINT('Origin',(115.,-3.8597597340484E-15,26.035));
#5134=CARTESIAN_POINT('',(110.,-3.8597597340484E-15,26.035));
#5135=CARTESIAN_POINT('',(110.,-3.8597597340484E-15,26.035));
#5136=CARTESIAN_POINT('',(101.03,-3.8597597340484E-15,26.035));
#5137=CARTESIAN_POINT('',(115.,-3.8597597340484E-15,26.035));
#5138=CARTESIAN_POINT('',(101.03,-3.8597597340484E-15,26.035));
#5139=CARTESIAN_POINT('Origin',(101.03,-3.82506526452886E-15,57.785));
#5140=CARTESIAN_POINT('',(101.03,-3.82506526452886E-15,57.785));
#5141=CARTESIAN_POINT('',(101.03,-3.82506526452886E-15,57.785));
#5142=CARTESIAN_POINT('',(110.,-3.82506526452886E-15,57.785));
#5143=CARTESIAN_POINT('',(87.0599999999999,-3.82506526452886E-15,57.785));
#5144=CARTESIAN_POINT('',(110.,-3.82506526452886E-15,57.785));
#5145=CARTESIAN_POINT('Origin',(108.015,6.35,41.91));
#5146=CARTESIAN_POINT('',(104.265,5.35,41.91));
#5147=CARTESIAN_POINT('',(104.265,6.35,41.91));
#5148=CARTESIAN_POINT('Origin',(108.015,5.35,41.91));
#5149=CARTESIAN_POINT('Origin',(108.015,5.35,41.91));
#5150=CARTESIAN_POINT('',(105.865,5.35,41.91));
#5151=CARTESIAN_POINT('Origin',(108.015,5.35,41.91));
#5152=CARTESIAN_POINT('Origin',(108.015,-3.84241249928863E-15,41.91));
#5153=CARTESIAN_POINT('',(105.865,-3.84241249928863E-15,41.91));
#5154=CARTESIAN_POINT('Origin',(108.015,-3.84241249928863E-15,41.91));
#5155=CARTESIAN_POINT('',(105.865,-3.84241249928863E-15,41.91));
#5156=CARTESIAN_POINT('Origin',(110.,-3.85108611666851E-15,31.035));
#5157=CARTESIAN_POINT('',(115.,-3.85108611666851E-15,31.035));
#5158=CARTESIAN_POINT('',(115.,-3.85108611666851E-15,31.035));
#5159=CARTESIAN_POINT('Origin',(110.,-3.85108611666851E-15,31.035));
#5160=CARTESIAN_POINT('Origin',(115.,-3.82506526452886E-15,57.785));
#5161=CARTESIAN_POINT('',(115.,-3.83373888190874E-15,52.785));
#5162=CARTESIAN_POINT('',(115.,-3.83373888190874E-15,52.785));
#5163=CARTESIAN_POINT('',(115.,-3.82506526452886E-15,57.785));
#5164=CARTESIAN_POINT('Origin',(110.,-3.83373888190874E-15,52.785));
#5165=CARTESIAN_POINT('Origin',(110.,-3.83373888190874E-15,52.785));
#5166=CARTESIAN_POINT('Origin',(101.03,-3.79904441238921E-15,83.82));
#5167=CARTESIAN_POINT('',(101.03,-3.79904441238921E-15,78.82));
#5168=CARTESIAN_POINT('',(101.03,-3.79904441238921E-15,78.82));
#5169=CARTESIAN_POINT('',(101.03,-3.88578058618805E-15,-2.76435706276257E-15));
#5170=CARTESIAN_POINT('',(101.03,-3.88578058618805E-15,-2.76435706276257E-15));
#5171=CARTESIAN_POINT('Origin',(96.0299999999999,-3.79904441238921E-15,
78.82));
#5172=CARTESIAN_POINT('Origin',(96.0299999999999,-3.79904441238921E-15,
78.82));
#5173=CARTESIAN_POINT('Origin',(54.61,0.,41.91));
#5174=CARTESIAN_POINT('',(-4.09499999999995,-1.89952220619461E-15,-46.));
#5175=CARTESIAN_POINT('',(0.,0.,0.));
#5176=CARTESIAN_POINT('',(0.,0.,0.));
#5177=CARTESIAN_POINT('',(-1.57328476202143,0.0719208178041036,2.81441536742477E-13));
#5178=CARTESIAN_POINT('',(0.,0.,0.));
#5179=CARTESIAN_POINT('',(0.,0.,0.));
#5180=CARTESIAN_POINT('',(0.,0.,0.));
#5181=CARTESIAN_POINT('Origin',(33.5662194665291,45.67,30.5160526340639));
#5182=CARTESIAN_POINT('',(33.5162194665291,45.72,14.1689583133756));
#5183=CARTESIAN_POINT('',(33.5162194665291,45.72,19.2221052681278));
#5184=CARTESIAN_POINT('',(33.5162194665291,45.72,30.5160526340639));
#5185=CARTESIAN_POINT('',(33.6162194665291,45.62,19.1221052681278));
#5186=CARTESIAN_POINT('',(33.5162194665291,45.72,19.2221052681278));
#5187=CARTESIAN_POINT('',(33.6162194665291,45.62,14.2689583133756));
#5188=CARTESIAN_POINT('',(33.6162194665291,45.62,30.5160526340639));
#5189=CARTESIAN_POINT('',(33.6162194665291,45.62,14.2689583133756));
#5190=CARTESIAN_POINT('Origin',(49.7002202706799,45.67,19.1721052681278));
#5191=CARTESIAN_POINT('',(44.8904405413598,45.72,19.2221052681278));
#5192=CARTESIAN_POINT('',(49.7002202706799,45.72,19.2221052681278));
#5193=CARTESIAN_POINT('',(44.7904405413598,45.62,19.1221052681278));
#5194=CARTESIAN_POINT('',(44.8904405413598,45.72,19.2221052681278));
#5195=CARTESIAN_POINT('',(49.7002202706799,45.62,19.1221052681278));
#5196=CARTESIAN_POINT('Origin',(44.8404405413598,45.67,28.0894791566878));
#5197=CARTESIAN_POINT('',(44.7904405413598,45.62,14.2689583133756));
#5198=CARTESIAN_POINT('',(44.7904405413598,45.62,28.0894791566878));
#5199=CARTESIAN_POINT('',(44.8904405413598,45.72,14.1689583133756));
#5200=CARTESIAN_POINT('',(44.8904405413598,45.72,28.0894791566878));
#5201=CARTESIAN_POINT('',(44.8904405413598,45.72,14.1689583133756));
#5202=CARTESIAN_POINT('Origin',(44.1131097332645,45.67,14.2189583133756));
#5203=CARTESIAN_POINT('',(44.1131097332645,45.72,14.1689583133756));
#5204=CARTESIAN_POINT('',(44.1131097332645,45.62,14.2689583133756));
#5205=CARTESIAN_POINT('Origin',(33.6162194665291,45.72,14.2689583133756));
#5206=CARTESIAN_POINT('',(33.6162194665291,39.72,14.2689583133756));
#5207=CARTESIAN_POINT('',(33.6162194665291,45.72,14.2689583133756));
#5208=CARTESIAN_POINT('',(44.7904405413598,39.72,14.2689583133756));
#5209=CARTESIAN_POINT('',(33.6162194665291,39.72,14.2689583133756));
#5210=CARTESIAN_POINT('',(44.7904405413598,45.72,14.2689583133756));
#5211=CARTESIAN_POINT('Origin',(33.6162194665291,45.72,19.1221052681278));
#5212=CARTESIAN_POINT('',(33.6162194665291,39.72,19.1221052681278));
#5213=CARTESIAN_POINT('',(33.6162194665291,45.72,19.1221052681278));
#5214=CARTESIAN_POINT('',(33.6162194665291,39.72,19.1221052681278));
#5215=CARTESIAN_POINT('Origin',(54.61,45.72,41.91));
#5216=CARTESIAN_POINT('',(96.0299999999999,45.72,-2.81335747477173E-15));
#5217=CARTESIAN_POINT('',(5.,45.72,0.));
#5218=CARTESIAN_POINT('',(0.,45.72,0.));
#5219=CARTESIAN_POINT('',(0.,45.72,5.));
#5220=CARTESIAN_POINT('Origin',(5.,45.72,5.));
#5221=CARTESIAN_POINT('',(0.,45.72,78.82));
#5222=CARTESIAN_POINT('',(0.,45.72,83.82));
#5223=CARTESIAN_POINT('',(5.,45.72,83.82));
#5224=CARTESIAN_POINT('Origin',(5.,45.72,78.82));
#5225=CARTESIAN_POINT('',(96.0299999999999,45.72,83.82));
#5226=CARTESIAN_POINT('',(101.03,45.72,83.82));
#5227=CARTESIAN_POINT('',(101.03,45.72,78.82));
#5228=CARTESIAN_POINT('Origin',(96.0299999999999,45.72,78.82));
#5229=CARTESIAN_POINT('',(101.03,45.72,5.));
#5230=CARTESIAN_POINT('',(101.03,45.72,-2.81281537368549E-15));
#5231=CARTESIAN_POINT('Origin',(96.0299999999999,45.72,5.));
#5232=CARTESIAN_POINT('Origin',(44.7904405413598,45.72,19.1221052681278));
#5233=CARTESIAN_POINT('',(44.7904405413598,39.72,19.1221052681278));
#5234=CARTESIAN_POINT('',(44.7904405413598,45.72,19.1221052681278));
#5235=CARTESIAN_POINT('',(44.7904405413598,39.72,19.1221052681278));
#5236=CARTESIAN_POINT('Origin',(44.7904405413598,45.72,14.2689583133756));
#5237=CARTESIAN_POINT('',(44.7904405413598,39.72,14.2689583133756));
#5238=CARTESIAN_POINT('Origin',(39.2033300039445,39.72,16.6955317907517));
#5239=CARTESIAN_POINT('Origin',(48.721804625908,34.29,0.));
#5240=CARTESIAN_POINT('',(48.721804625908,34.29,17.));
#5241=CARTESIAN_POINT('',(20.7701117993155,34.29,17.));
#5242=CARTESIAN_POINT('',(20.7701117993155,34.29,17.));
#5243=CARTESIAN_POINT('',(20.7701117993155,34.29,0.));
#5244=CARTESIAN_POINT('',(20.7701117993155,34.29,0.));
#5245=CARTESIAN_POINT('',(48.721804625908,34.29,0.));
#5246=CARTESIAN_POINT('',(78.970902312954,34.29,0.));
#5247=CARTESIAN_POINT('',(48.721804625908,34.29,0.));
#5248=CARTESIAN_POINT('Origin',(96.0299999999999,-3.79904441238921E-15,
78.82));
#5249=CARTESIAN_POINT('',(101.03,22.86,78.82));
#5250=CARTESIAN_POINT('',(96.0299999999999,22.86,83.82));
#5251=CARTESIAN_POINT('Origin',(96.0299999999999,22.86,78.82));
#5252=CARTESIAN_POINT('',(101.03,-3.79904441238921E-15,78.82));
#5253=CARTESIAN_POINT('',(96.0299999999999,-3.79904441238921E-15,83.82));
#5254=CARTESIAN_POINT('Origin',(96.0299999999999,-3.87710696880816E-15,
5.));
#5255=CARTESIAN_POINT('',(96.0299999999999,22.86,-2.78912831931026E-15));
#5256=CARTESIAN_POINT('',(101.03,22.86,5.));
#5257=CARTESIAN_POINT('Origin',(96.0299999999999,22.86,5.));
#5258=CARTESIAN_POINT('',(96.0299999999999,-3.88578058618805E-15,-2.76489916384882E-15));
#5259=CARTESIAN_POINT('',(101.03,-3.87710696880816E-15,5.));
#5260=CARTESIAN_POINT('Origin',(101.03,-3.79904441238921E-15,83.82));
#5261=CARTESIAN_POINT('',(101.03,22.86,74.3295136740708));
#5262=CARTESIAN_POINT('',(101.03,31.86,74.3295136740708));
#5263=CARTESIAN_POINT('',(101.03,11.43,74.3295136740708));
#5264=CARTESIAN_POINT('',(101.03,31.86,24.3295136740708));
#5265=CARTESIAN_POINT('',(101.03,31.86,79.0747568370354));
#5266=CARTESIAN_POINT('',(101.03,22.86,24.3295136740708));
#5267=CARTESIAN_POINT('',(101.03,15.93,24.3295136740708));
#5268=CARTESIAN_POINT('',(101.03,22.86,66.3575));
#5269=CARTESIAN_POINT('',(101.03,22.86,66.3575));
#5270=CARTESIAN_POINT('Origin',(101.03,31.86,24.3295136740708));
#5271=CARTESIAN_POINT('',(91.2148334153407,22.86,24.3295136740708));
#5272=CARTESIAN_POINT('',(91.2148334153407,31.86,24.3295136740708));
#5273=CARTESIAN_POINT('',(91.2148334153407,41.1355211093443,24.3295136740708));
#5274=CARTESIAN_POINT('',(73.7249999999999,22.86,24.3295136740708));
#5275=CARTESIAN_POINT('',(101.03,31.86,24.3295136740708));
#5276=CARTESIAN_POINT('Origin',(93.4281621999485,22.86,-2.78941041112983E-15));
#5277=CARTESIAN_POINT('',(93.4281621999485,22.86,-2.78941041112983E-15));
#5278=CARTESIAN_POINT('',(93.4281621999485,34.29,-2.80152498886053E-15));
#5279=CARTESIAN_POINT('',(93.4281621999485,11.43,-2.77729583339906E-15));
#5280=CARTESIAN_POINT('',(93.4281621999485,22.86,17.));
#5281=CARTESIAN_POINT('',(93.4281621999485,22.86,24.4475));
#5282=CARTESIAN_POINT('',(93.4281621999485,34.29,17.));
#5283=CARTESIAN_POINT('',(93.4281621999485,34.29,17.));
#5284=CARTESIAN_POINT('',(93.4281621999485,34.29,-2.80152498886053E-15));
#5285=CARTESIAN_POINT('Origin',(101.03,31.86,74.3295136740708));
#5286=CARTESIAN_POINT('',(91.2148334153407,31.86,74.3295136740708));
#5287=CARTESIAN_POINT('',(91.2148334153407,31.86,37.1647568370354));
#5288=CARTESIAN_POINT('',(101.03,31.86,74.3295136740708));
#5289=CARTESIAN_POINT('Origin',(101.03,22.86,74.3295136740708));
#5290=CARTESIAN_POINT('',(91.2148334153407,22.86,74.3295136740708));
#5291=CARTESIAN_POINT('',(91.2148334153407,36.6355211093443,74.3295136740708));
#5292=CARTESIAN_POINT('',(73.7249999999999,22.86,74.3295136740708));
#5293=CARTESIAN_POINT('Origin',(91.2148334153407,50.4110422186886,0.));
#5294=CARTESIAN_POINT('',(91.2148334153407,22.86,24.4475));
#5295=CARTESIAN_POINT('Origin',(109.22,0.,0.));
#5296=CARTESIAN_POINT('',(76.3317897162341,34.29,0.));
#5297=CARTESIAN_POINT('',(105.419081099974,34.29,0.));
#5298=CARTESIAN_POINT('',(76.3317897162341,22.86,0.));
#5299=CARTESIAN_POINT('',(76.3317897162341,17.145,0.));
#5300=CARTESIAN_POINT('',(48.721804625908,22.86,0.));
#5301=CARTESIAN_POINT('',(81.915,22.86,0.));
#5302=CARTESIAN_POINT('',(48.721804625908,11.43,0.));
#5303=CARTESIAN_POINT('',(20.7701117993155,22.86,0.));
#5304=CARTESIAN_POINT('',(20.7701117993155,17.145,0.));
#5305=CARTESIAN_POINT('',(9.75368905989739,22.86,0.));
#5306=CARTESIAN_POINT('',(81.915,22.86,0.));
#5307=CARTESIAN_POINT('',(9.75368905989739,34.29,0.));
#5308=CARTESIAN_POINT('',(9.7536890598974,17.145,0.));
#5309=CARTESIAN_POINT('',(5.,34.29,0.));
#5310=CARTESIAN_POINT('',(54.61,34.29,0.));
#5311=CARTESIAN_POINT('',(5.,0.,0.));
#5312=CARTESIAN_POINT('',(73.7249999999999,22.86,-2.79154663225599E-15));
#5313=CARTESIAN_POINT('Origin',(0.,0.,83.82));
#5314=CARTESIAN_POINT('',(5.,34.29,83.82));
#5315=CARTESIAN_POINT('',(5.,0.,83.82));
#5316=CARTESIAN_POINT('',(9.75368905989739,34.29,83.82));
#5317=CARTESIAN_POINT('',(0.,34.29,83.82));
#5318=CARTESIAN_POINT('',(9.75368905989739,22.86,83.82));
#5319=CARTESIAN_POINT('',(9.75368905989739,17.145,83.82));
#5320=CARTESIAN_POINT('',(20.7294593097304,22.86,83.82));
#5321=CARTESIAN_POINT('',(27.305,22.86,83.82));
#5322=CARTESIAN_POINT('',(20.7294593097304,34.29,83.82));
#5323=CARTESIAN_POINT('',(20.7294593097304,11.43,83.82));
#5324=CARTESIAN_POINT('',(44.2950651525138,34.29,83.82));
#5325=CARTESIAN_POINT('',(10.3647296548652,34.29,83.82));
#5326=CARTESIAN_POINT('',(44.2950651525138,22.86,83.82));
#5327=CARTESIAN_POINT('',(44.2950651525138,17.145,83.82));
#5328=CARTESIAN_POINT('',(27.305,22.86,83.82));
#5329=CARTESIAN_POINT('Origin',(20.7701117993155,34.29,0.));
#5330=CARTESIAN_POINT('',(20.7701117993155,22.86,17.));
#5331=CARTESIAN_POINT('',(20.7701117993155,22.86,17.));
#5332=CARTESIAN_POINT('',(20.7701117993155,22.86,24.4475));
#5333=CARTESIAN_POINT('Origin',(48.721804625908,22.86,0.));
#5334=CARTESIAN_POINT('',(48.721804625908,22.86,17.));
#5335=CARTESIAN_POINT('',(48.721804625908,22.86,24.4475));
#5336=CARTESIAN_POINT('',(48.721804625908,34.29,17.));
#5337=CARTESIAN_POINT('Origin',(34.7459582126118,28.575,17.));
#5338=CARTESIAN_POINT('',(44.6779791063059,22.86,17.));
#5339=CARTESIAN_POINT('Origin',(76.3317897162341,34.29,0.));
#5340=CARTESIAN_POINT('',(76.3317897162341,34.29,17.));
#5341=CARTESIAN_POINT('',(76.3317897162341,34.29,0.));
#5342=CARTESIAN_POINT('',(76.3317897162341,22.86,17.));
#5343=CARTESIAN_POINT('',(76.3317897162341,22.86,17.));
#5344=CARTESIAN_POINT('',(76.3317897162341,22.86,24.4475));
#5345=CARTESIAN_POINT('Origin',(101.618162199949,34.29,0.));
#5346=CARTESIAN_POINT('',(76.3317897162341,34.29,17.));
#5347=CARTESIAN_POINT('Origin',(88.9749759580913,28.575,17.));
#5348=CARTESIAN_POINT('',(71.7924879790456,22.86,17.));
#5349=CARTESIAN_POINT('Origin',(44.2950651525138,34.29,83.82));
#5350=CARTESIAN_POINT('',(44.2950651525138,34.29,67.82));
#5351=CARTESIAN_POINT('',(44.2950651525138,34.29,83.82));
#5352=CARTESIAN_POINT('',(44.2950651525138,22.86,67.82));
#5353=CARTESIAN_POINT('',(44.2950651525138,22.86,67.82));
#5354=CARTESIAN_POINT('',(44.2950651525138,22.86,66.3575));
#5355=CARTESIAN_POINT('Origin',(20.7294593097304,34.29,83.82));
#5356=CARTESIAN_POINT('',(20.7294593097304,34.29,67.82));
#5357=CARTESIAN_POINT('',(20.7294593097304,34.29,83.82));
#5358=CARTESIAN_POINT('',(44.2950651525138,34.29,67.82));
#5359=CARTESIAN_POINT('Origin',(20.7294593097304,22.86,83.82));
#5360=CARTESIAN_POINT('',(20.7294593097304,22.86,67.82));
#5361=CARTESIAN_POINT('',(20.7294593097304,22.86,66.3575));
#5362=CARTESIAN_POINT('',(20.7294593097304,34.29,67.82));
#5363=CARTESIAN_POINT('Origin',(32.5122622311221,28.575,67.82));
#5364=CARTESIAN_POINT('',(43.5611311155611,22.86,67.82));
#5365=CARTESIAN_POINT('Origin',(9.75368905989739,34.29,83.82));
#5366=CARTESIAN_POINT('',(9.75368905989739,34.29,83.82));
#5367=CARTESIAN_POINT('',(9.7536890598974,22.86,66.3575));
#5368=CARTESIAN_POINT('Origin',(0.,34.29,83.82));
#5369=CARTESIAN_POINT('',(0.,34.29,78.82));
#5370=CARTESIAN_POINT('Origin',(5.,34.29,78.82));
#5371=CARTESIAN_POINT('',(0.,34.29,5.));
#5372=CARTESIAN_POINT('',(0.,34.29,41.91));
#5373=CARTESIAN_POINT('Origin',(5.,34.29,5.));
#5374=CARTESIAN_POINT('Origin',(54.61,22.86,48.895));
#5375=CARTESIAN_POINT('Origin',(5.,0.,5.));
#5376=CARTESIAN_POINT('',(0.,0.,5.));
#5377=CARTESIAN_POINT('Origin',(0.,0.,0.));
#5378=CARTESIAN_POINT('',(0.,0.,78.82));
#5379=CARTESIAN_POINT('Origin',(5.,0.,78.82));
#5380=CARTESIAN_POINT('',(-1.57328476202143,0.0719208178041036,2.81441536742477E-13));
#5381=CARTESIAN_POINT('',(0.,0.,0.));
#5382=CARTESIAN_POINT('',(0.,0.,0.));
#5383=CARTESIAN_POINT('',(0.,0.,0.));
#5384=CARTESIAN_POINT('Origin',(96.0299999999999,21.86,78.82));
#5385=CARTESIAN_POINT('',(96.0299999999999,21.86,82.62));
#5386=CARTESIAN_POINT('',(99.83,21.86,78.82));
#5387=CARTESIAN_POINT('Origin',(96.0299999999999,21.86,78.82));
#5388=CARTESIAN_POINT('',(99.83,22.86,78.82));
#5389=CARTESIAN_POINT('',(99.83,21.86,78.82));
#5390=CARTESIAN_POINT('',(96.0299999999999,22.86,82.62));
#5391=CARTESIAN_POINT('Origin',(96.0299999999999,22.86,78.82));
#5392=CARTESIAN_POINT('',(96.0299999999999,21.86,82.62));
#5393=CARTESIAN_POINT('Origin',(99.8299999999999,21.86,78.82));
#5394=CARTESIAN_POINT('',(99.8299999999999,21.86,5.));
#5395=CARTESIAN_POINT('',(99.8299999999999,21.86,78.82));
#5396=CARTESIAN_POINT('',(99.8299999999999,22.86,5.));
#5397=CARTESIAN_POINT('',(99.8299999999999,21.86,5.));
#5398=CARTESIAN_POINT('',(99.8299999999999,22.86,78.82));
#5399=CARTESIAN_POINT('Origin',(96.0299999999999,21.86,5.00000000000001));
#5400=CARTESIAN_POINT('',(96.0299999999999,21.86,1.19999999999999));
#5401=CARTESIAN_POINT('Origin',(96.0299999999999,21.86,5.00000000000001));
#5402=CARTESIAN_POINT('',(96.0299999999999,22.86,1.19999999999999));
#5403=CARTESIAN_POINT('',(96.0299999999999,21.86,1.19999999999999));
#5404=CARTESIAN_POINT('Origin',(96.0299999999999,22.86,5.00000000000001));
#5405=CARTESIAN_POINT('Origin',(54.61,22.86,41.91));
#5406=CARTESIAN_POINT('',(5.,22.86,1.19999999999999));
#5407=CARTESIAN_POINT('',(104.22,22.86,1.19999999999999));
#5408=CARTESIAN_POINT('',(1.20000000000001,22.86,5.));
#5409=CARTESIAN_POINT('Origin',(5.,22.86,5.));
#5410=CARTESIAN_POINT('',(1.19999999999999,22.86,78.82));
#5411=CARTESIAN_POINT('',(1.2,22.86,5.));
#5412=CARTESIAN_POINT('',(5.,22.86,82.62));
#5413=CARTESIAN_POINT('Origin',(5.00000000000001,22.86,78.82));
#5414=CARTESIAN_POINT('',(-3.19000000000003,22.86,82.62));
#5415=CARTESIAN_POINT('Origin',(5.,21.86,82.62));
#5416=CARTESIAN_POINT('',(5.,21.86,82.62));
#5417=CARTESIAN_POINT('',(5.,21.86,82.62));
#5418=CARTESIAN_POINT('',(5.,21.86,82.62));
#5419=CARTESIAN_POINT('Origin',(5.00000000000001,21.86,78.82));
#5420=CARTESIAN_POINT('',(1.2,21.86,78.82));
#5421=CARTESIAN_POINT('Origin',(5.00000000000001,21.86,78.82));
#5422=CARTESIAN_POINT('',(1.2,21.86,78.82));
#5423=CARTESIAN_POINT('Origin',(1.2,21.86,5.));
#5424=CARTESIAN_POINT('',(1.2,21.86,5.));
#5425=CARTESIAN_POINT('',(1.2,21.86,5.));
#5426=CARTESIAN_POINT('',(1.2,21.86,5.));
#5427=CARTESIAN_POINT('Origin',(5.,21.86,5.));
#5428=CARTESIAN_POINT('',(5.,21.86,1.2));
#5429=CARTESIAN_POINT('Origin',(5.,21.86,5.));
#5430=CARTESIAN_POINT('',(5.,21.86,1.2));
#5431=CARTESIAN_POINT('Origin',(104.22,21.86,1.19999999999999));
#5432=CARTESIAN_POINT('',(104.22,21.86,1.19999999999999));
#5433=CARTESIAN_POINT('Origin',(54.61,21.86,41.91));
#5434=CARTESIAN_POINT('',(0.,0.,0.));
#5435=CARTESIAN_POINT('',(0.,0.,0.));
#5436=CARTESIAN_POINT('',(-1.57328476202143,0.0719208178041036,2.81441536742477E-13));
#5437=CARTESIAN_POINT('',(0.,0.,0.));
#5438=CARTESIAN_POINT('',(0.,0.,0.));
#5439=CARTESIAN_POINT('Origin',(92.4281621999485,33.29,17.));
#5440=CARTESIAN_POINT('',(92.4281621999485,23.86,-2.));
#5441=CARTESIAN_POINT('',(92.4281621999485,33.29,-2.));
#5442=CARTESIAN_POINT('',(92.4281621999485,30.9325,-2.));
#5443=CARTESIAN_POINT('',(92.4281621999485,33.29,17.));
#5444=CARTESIAN_POINT('',(92.4281621999485,33.29,17.));
#5445=CARTESIAN_POINT('',(92.4281621999485,23.86,17.));
#5446=CARTESIAN_POINT('',(92.4281621999485,33.29,17.));
#5447=CARTESIAN_POINT('',(92.4281621999485,23.86,17.));
#5448=CARTESIAN_POINT('Origin',(91.9281621999485,24.36,17.));
#5449=CARTESIAN_POINT('',(91.9281621999485,32.79,-2.));
#5450=CARTESIAN_POINT('',(91.9281621999485,24.36,-2.));
#5451=CARTESIAN_POINT('',(91.9281621999485,26.4675,-2.));
#5452=CARTESIAN_POINT('',(91.9281621999485,24.36,17.));
#5453=CARTESIAN_POINT('',(91.9281621999485,24.36,17.));
#5454=CARTESIAN_POINT('',(91.9281621999485,32.79,17.));
#5455=CARTESIAN_POINT('',(91.9281621999485,32.79,17.));
#5456=CARTESIAN_POINT('',(91.9281621999485,32.79,17.));
#5457=CARTESIAN_POINT('Origin',(77.8317897162341,24.36,17.));
#5458=CARTESIAN_POINT('',(77.8317897162341,24.36,-2.));
#5459=CARTESIAN_POINT('',(83.4033828371627,24.36,-2.));
#5460=CARTESIAN_POINT('',(77.8317897162341,24.36,17.));
#5461=CARTESIAN_POINT('',(77.8317897162341,24.36,17.));
#5462=CARTESIAN_POINT('',(91.9281621999485,24.36,17.));
#5463=CARTESIAN_POINT('Origin',(88.9749759580913,28.575,17.));
#5464=CARTESIAN_POINT('',(77.3317897162341,33.29,17.));
#5465=CARTESIAN_POINT('',(69.141789716234,33.29,17.));
#5466=CARTESIAN_POINT('',(77.3317897162341,23.86,17.));
#5467=CARTESIAN_POINT('',(77.3317897162341,23.86,17.));
#5468=CARTESIAN_POINT('',(100.618162199949,23.86,17.));
#5469=CARTESIAN_POINT('',(77.8317897162341,32.79,17.));
#5470=CARTESIAN_POINT('',(77.8317897162341,32.79,17.));
#5471=CARTESIAN_POINT('',(77.8317897162341,24.36,17.));
#5472=CARTESIAN_POINT('Origin',(77.3317897162341,33.29,17.));
#5473=CARTESIAN_POINT('',(77.3317897162341,33.29,-2.));
#5474=CARTESIAN_POINT('',(83.1533828371627,33.29,-2.));
#5475=CARTESIAN_POINT('',(77.3317897162341,33.29,17.));
#5476=CARTESIAN_POINT('Origin',(88.9749759580913,28.575,-2.));
#5477=CARTESIAN_POINT('',(77.3317897162341,23.86,-2.));
#5478=CARTESIAN_POINT('',(94.7965690790199,23.86,-2.));
#5479=CARTESIAN_POINT('',(77.3317897162341,26.2175,-2.));
#5480=CARTESIAN_POINT('',(77.8317897162341,32.79,-2.));
#5481=CARTESIAN_POINT('',(94.5465690790199,32.79,-2.));
#5482=CARTESIAN_POINT('',(77.8317897162341,30.6825,-2.));
#5483=CARTESIAN_POINT('Origin',(77.3317897162341,23.86,17.));
#5484=CARTESIAN_POINT('',(77.3317897162341,23.86,17.));
#5485=CARTESIAN_POINT('Origin',(100.618162199949,23.86,17.));
#5486=CARTESIAN_POINT('Origin',(77.8317897162341,32.79,17.));
#5487=CARTESIAN_POINT('',(77.8317897162341,32.79,17.));
#5488=CARTESIAN_POINT('Origin',(100.118162199949,32.79,17.));
#5489=CARTESIAN_POINT('',(0.,0.,0.));
#5490=CARTESIAN_POINT('',(0.,0.,0.));
#5491=CARTESIAN_POINT('',(-1.57328476202143,0.0719208178041036,2.81441536742477E-13));
#5492=CARTESIAN_POINT('',(0.,0.,0.));
#5493=CARTESIAN_POINT('Origin',(27.9337285909101,29.3052279151618,1.19999999999999));
#5494=CARTESIAN_POINT('',(32.4595622795592,29.3052279151618,1.19999999999999));
#5495=CARTESIAN_POINT('Origin',(27.9337285909101,29.3052279151618,1.19999999999999));
#5496=CARTESIAN_POINT('',(32.4595622795592,29.3052279151618,11.2));
#5497=CARTESIAN_POINT('',(32.4595622795592,29.3052279151618,1.19999999999999));
#5498=CARTESIAN_POINT('Origin',(27.9337285909101,29.3052279151618,11.2));
#5499=CARTESIAN_POINT('Origin',(27.9337285909101,29.3052279151618,11.2));
#5500=CARTESIAN_POINT('Origin',(33.9337285909101,22.86,1.19999999999999));
#5501=CARTESIAN_POINT('',(21.9337285909101,22.86,1.19999999999999));
#5502=CARTESIAN_POINT('',(33.9337285909101,22.86,1.19999999999999));
#5503=CARTESIAN_POINT('',(21.9337285909101,22.86,1.19999999999999));
#5504=CARTESIAN_POINT('',(21.9337285909101,34.29,1.19999999999999));
#5505=CARTESIAN_POINT('',(21.9337285909101,22.86,1.19999999999999));
#5506=CARTESIAN_POINT('',(33.9337285909101,34.29,1.19999999999999));
#5507=CARTESIAN_POINT('',(21.9337285909101,34.29,1.19999999999999));
#5508=CARTESIAN_POINT('',(33.9337285909101,22.86,1.19999999999999));
#5509=CARTESIAN_POINT('Origin',(21.9337285909101,22.86,1.19999999999999));
#5510=CARTESIAN_POINT('',(21.9337285909101,22.86,16.5621577747802));
#5511=CARTESIAN_POINT('',(21.9337285909101,22.86,16.5621577747802));
#5512=CARTESIAN_POINT('',(21.9337285909101,34.29,16.5621577747802));
#5513=CARTESIAN_POINT('',(21.9337285909101,22.86,16.5621577747802));
#5514=CARTESIAN_POINT('',(21.9337285909101,34.29,16.5621577747802));
#5515=CARTESIAN_POINT('Origin',(33.9337285909101,22.86,16.5621577747802));
#5516=CARTESIAN_POINT('',(33.9337285909101,22.86,16.5621577747802));
#5517=CARTESIAN_POINT('',(33.9337285909101,22.86,1.19999999999999));
#5518=CARTESIAN_POINT('',(33.9337285909101,34.29,16.5621577747802));
#5519=CARTESIAN_POINT('',(33.9337285909101,34.29,1.19999999999999));
#5520=CARTESIAN_POINT('',(33.9337285909101,22.86,16.5621577747802));
#5521=CARTESIAN_POINT('Origin',(21.9337285909101,22.86,16.5621577747802));
#5522=CARTESIAN_POINT('',(33.9337285909101,22.86,16.5621577747802));
#5523=CARTESIAN_POINT('',(33.9337285909101,34.29,16.5621577747802));
#5524=CARTESIAN_POINT('Origin',(27.9337285909101,34.29,8.88107888739012));
#5525=CARTESIAN_POINT('Origin',(27.9337285909101,22.86,8.88107888739012));
#5526=CARTESIAN_POINT('',(0.,0.,0.));
#5527=CARTESIAN_POINT('Origin',(25.3781576454507,15.3509083773334,17.));
#5528=CARTESIAN_POINT('',(29.3781576454507,15.3509083773334,7.));
#5529=CARTESIAN_POINT('Origin',(25.3781576454507,15.3509083773334,7.));
#5530=CARTESIAN_POINT('',(29.3781576454507,15.3509083773334,17.));
#5531=CARTESIAN_POINT('',(29.3781576454507,15.3509083773334,17.));
#5532=CARTESIAN_POINT('Origin',(25.3781576454507,15.3509083773334,17.));
#5533=CARTESIAN_POINT('Origin',(19.5088402278151,2.99068258236443,17.));
#5534=CARTESIAN_POINT('',(19.5088402278151,2.99068258236443,17.));
#5535=CARTESIAN_POINT('',(19.5088402278151,20.7293174176356,17.));
#5536=CARTESIAN_POINT('',(19.5088402278151,2.99068258236443,17.));
#5537=CARTESIAN_POINT('',(19.5088402278151,20.7293174176356,7.));
#5538=CARTESIAN_POINT('',(19.5088402278151,20.7293174176356,17.));
#5539=CARTESIAN_POINT('',(19.5088402278151,2.99068258236443,7.));
#5540=CARTESIAN_POINT('',(19.5088402278151,2.99068258236443,7.));
#5541=CARTESIAN_POINT('',(19.5088402278151,2.99068258236443,17.));
#5542=CARTESIAN_POINT('Origin',(31.2474750630862,2.99068258236443,17.));
#5543=CARTESIAN_POINT('',(31.2474750630862,2.99068258236443,17.));
#5544=CARTESIAN_POINT('',(31.2474750630862,2.99068258236443,17.));
#5545=CARTESIAN_POINT('',(31.2474750630862,2.99068258236443,7.));
#5546=CARTESIAN_POINT('',(31.2474750630862,2.99068258236443,7.));
#5547=CARTESIAN_POINT('',(31.2474750630862,2.99068258236443,17.));
#5548=CARTESIAN_POINT('Origin',(31.2474750630862,20.7293174176356,17.));
#5549=CARTESIAN_POINT('',(31.2474750630862,20.7293174176356,17.));
#5550=CARTESIAN_POINT('',(31.2474750630862,20.7293174176356,17.));
#5551=CARTESIAN_POINT('',(31.2474750630862,20.7293174176356,7.));
#5552=CARTESIAN_POINT('',(31.2474750630862,20.7293174176356,7.));
#5553=CARTESIAN_POINT('',(31.2474750630862,20.7293174176356,17.));
#5554=CARTESIAN_POINT('Origin',(19.5088402278151,20.7293174176356,17.));
#5555=CARTESIAN_POINT('',(19.5088402278151,20.7293174176356,17.));
#5556=CARTESIAN_POINT('',(19.5088402278151,20.7293174176356,7.));
#5557=CARTESIAN_POINT('Origin',(25.3781576454507,11.86,7.));
#5558=CARTESIAN_POINT('Origin',(25.3781576454507,11.86,17.));
#5559=CARTESIAN_POINT('',(0.,0.,0.));
#5560=CARTESIAN_POINT('Origin',(68.024285554564,9.12031673484117,17.));
#5561=CARTESIAN_POINT('',(68.024285554564,9.12031673484117,17.));
#5562=CARTESIAN_POINT('',(68.024285554564,15.6347201536289,17.));
#5563=CARTESIAN_POINT('',(68.024285554564,9.12031673484117,17.));
#5564=CARTESIAN_POINT('',(68.024285554564,15.6347201536289,3.));
#5565=CARTESIAN_POINT('',(68.024285554564,15.6347201536289,17.));
#5566=CARTESIAN_POINT('',(68.024285554564,9.12031673484117,3.));
#5567=CARTESIAN_POINT('',(68.024285554564,9.12031673484117,3.));
#5568=CARTESIAN_POINT('',(68.024285554564,9.12031673484117,17.));
#5569=CARTESIAN_POINT('Origin',(55.672845539497,9.12031673484117,17.));
#5570=CARTESIAN_POINT('',(55.672845539497,9.12031673484117,17.));
#5571=CARTESIAN_POINT('',(55.672845539497,9.12031673484117,17.));
#5572=CARTESIAN_POINT('',(55.672845539497,9.12031673484117,3.));
#5573=CARTESIAN_POINT('',(55.672845539497,9.12031673484117,3.));
#5574=CARTESIAN_POINT('',(55.672845539497,9.12031673484117,17.));
#5575=CARTESIAN_POINT('Origin',(55.672845539497,15.6347201536289,17.));
#5576=CARTESIAN_POINT('',(55.672845539497,15.6347201536289,17.));
#5577=CARTESIAN_POINT('',(55.672845539497,15.6347201536289,17.));
#5578=CARTESIAN_POINT('',(55.672845539497,15.6347201536289,3.));
#5579=CARTESIAN_POINT('',(55.672845539497,15.6347201536289,3.));
#5580=CARTESIAN_POINT('',(55.672845539497,15.6347201536289,17.));
#5581=CARTESIAN_POINT('Origin',(57.2943068001292,17.8933021661037,17.));
#5582=CARTESIAN_POINT('',(57.2943068001292,17.8933021661037,17.));
#5583=CARTESIAN_POINT('',(57.2943068001292,17.8933021661037,17.));
#5584=CARTESIAN_POINT('',(57.2943068001292,17.8933021661037,3.));
#5585=CARTESIAN_POINT('',(57.2943068001292,17.8933021661037,3.));
#5586=CARTESIAN_POINT('',(57.2943068001292,17.8933021661037,17.));
#5587=CARTESIAN_POINT('Origin',(66.4028242939318,17.8933021661037,17.));
#5588=CARTESIAN_POINT('',(66.4028242939318,17.8933021661037,17.));
#5589=CARTESIAN_POINT('',(66.4028242939318,17.8933021661037,17.));
#5590=CARTESIAN_POINT('',(66.4028242939318,17.8933021661037,3.));
#5591=CARTESIAN_POINT('',(66.4028242939318,17.8933021661037,3.));
#5592=CARTESIAN_POINT('',(66.4028242939318,17.8933021661037,17.));
#5593=CARTESIAN_POINT('Origin',(68.024285554564,15.6347201536289,17.));
#5594=CARTESIAN_POINT('',(66.4028242939318,17.8933021661037,17.));
#5595=CARTESIAN_POINT('',(66.4028242939318,17.8933021661037,3.));
#5596=CARTESIAN_POINT('Origin',(69.0631917240556,18.9322083355953,17.));
#5597=CARTESIAN_POINT('',(69.0631917240556,8.08141056534956,17.));
#5598=CARTESIAN_POINT('',(69.0631917240556,18.9322083355953,17.));
#5599=CARTESIAN_POINT('',(69.0631917240556,8.08141056534956,17.));
#5600=CARTESIAN_POINT('',(69.0631917240556,8.08141056534956,3.));
#5601=CARTESIAN_POINT('',(69.0631917240556,8.08141056534956,17.));
#5602=CARTESIAN_POINT('',(69.0631917240556,18.9322083355953,3.));
#5603=CARTESIAN_POINT('',(69.0631917240556,8.08141056534956,3.));
#5604=CARTESIAN_POINT('',(69.0631917240556,18.9322083355953,17.));
#5605=CARTESIAN_POINT('Origin',(54.6339393700054,18.9322083355953,17.));
#5606=CARTESIAN_POINT('',(54.6339393700054,18.9322083355953,17.));
#5607=CARTESIAN_POINT('',(69.0631917240556,18.9322083355953,17.));
#5608=CARTESIAN_POINT('',(54.6339393700054,18.9322083355953,3.));
#5609=CARTESIAN_POINT('',(69.0631917240556,18.9322083355953,3.));
#5610=CARTESIAN_POINT('',(54.6339393700054,18.9322083355953,17.));
#5611=CARTESIAN_POINT('Origin',(54.6339393700054,8.08141056534956,17.));
#5612=CARTESIAN_POINT('',(54.6339393700054,8.08141056534956,17.));
#5613=CARTESIAN_POINT('',(54.6339393700054,18.9322083355953,17.));
#5614=CARTESIAN_POINT('',(54.6339393700054,8.08141056534956,3.));
#5615=CARTESIAN_POINT('',(54.6339393700054,18.9322083355953,3.));
#5616=CARTESIAN_POINT('',(54.6339393700054,8.08141056534956,17.));
#5617=CARTESIAN_POINT('Origin',(69.0631917240556,8.08141056534956,17.));
#5618=CARTESIAN_POINT('',(54.6339393700054,8.08141056534956,17.));
#5619=CARTESIAN_POINT('',(54.6339393700054,8.08141056534956,3.));
#5620=CARTESIAN_POINT('Origin',(61.8485655470305,13.5068094504724,3.));
#5621=CARTESIAN_POINT('Origin',(61.8485655470305,13.5068094504724,17.));
#5622=CARTESIAN_POINT('',(0.,0.,0.));
#5623=CARTESIAN_POINT('Origin',(9.75368905989739,23.86,2.63224996835079));
#5624=CARTESIAN_POINT('',(9.75368905989739,23.86,2.63224996835079));
#5625=CARTESIAN_POINT('',(9.75368905989739,30.1694840548471,2.63224996835079));
#5626=CARTESIAN_POINT('',(9.75368905989739,23.86,2.63224996835079));
#5627=CARTESIAN_POINT('',(-0.246310940102608,30.1694840548471,2.63224996835079));
#5628=CARTESIAN_POINT('',(9.75368905989739,30.1694840548471,2.63224996835079));
#5629=CARTESIAN_POINT('',(-0.246310940102608,23.86,2.63224996835079));
#5630=CARTESIAN_POINT('',(-0.246310940102608,23.86,2.63224996835079));
#5631=CARTESIAN_POINT('',(9.75368905989739,23.86,2.63224996835079));
#5632=CARTESIAN_POINT('Origin',(9.75368905989739,23.86,45.6620709697964));
#5633=CARTESIAN_POINT('',(9.75368905989739,23.86,45.6620709697964));
#5634=CARTESIAN_POINT('',(9.75368905989739,23.86,45.6620709697964));
#5635=CARTESIAN_POINT('',(-0.246310940102608,23.86,45.6620709697964));
#5636=CARTESIAN_POINT('',(-0.246310940102608,23.86,45.6620709697964));
#5637=CARTESIAN_POINT('',(9.75368905989739,23.86,45.6620709697964));
#5638=CARTESIAN_POINT('Origin',(9.75368905989739,30.1694840548471,45.6620709697964));
#5639=CARTESIAN_POINT('',(9.75368905989739,30.1694840548471,45.6620709697964));
#5640=CARTESIAN_POINT('',(9.75368905989739,30.1694840548471,45.6620709697964));
#5641=CARTESIAN_POINT('',(-0.246310940102608,30.1694840548471,45.6620709697964));
#5642=CARTESIAN_POINT('',(-0.246310940102608,30.1694840548471,45.6620709697964));
#5643=CARTESIAN_POINT('',(9.75368905989739,30.1694840548471,45.6620709697964));
#5644=CARTESIAN_POINT('Origin',(9.75368905989739,30.1694840548471,2.63224996835079));
#5645=CARTESIAN_POINT('',(9.75368905989739,30.1694840548471,2.63224996835079));
#5646=CARTESIAN_POINT('',(-0.246310940102608,30.1694840548471,2.63224996835079));
#5647=CARTESIAN_POINT('Origin',(9.75368905989739,31.1694840548471,1.63224996835079));
#5648=CARTESIAN_POINT('',(9.75368905989739,22.86,1.63224996835079));
#5649=CARTESIAN_POINT('',(9.75368905989739,31.1694840548471,1.63224996835079));
#5650=CARTESIAN_POINT('',(9.75368905989739,22.86,1.63224996835079));
#5651=CARTESIAN_POINT('',(-0.246310940102608,22.86,1.63224996835079));
#5652=CARTESIAN_POINT('',(9.75368905989739,22.86,1.63224996835079));
#5653=CARTESIAN_POINT('',(-0.246310940102608,31.1694840548471,1.63224996835079));
#5654=CARTESIAN_POINT('',(-0.246310940102608,22.86,1.63224996835079));
#5655=CARTESIAN_POINT('',(9.75368905989739,31.1694840548471,1.63224996835079));
#5656=CARTESIAN_POINT('Origin',(9.75368905989739,31.1694840548471,46.6620709697964));
#5657=CARTESIAN_POINT('',(9.75368905989739,31.1694840548471,46.6620709697964));
#5658=CARTESIAN_POINT('',(9.75368905989739,31.1694840548471,1.63224996835079));
#5659=CARTESIAN_POINT('',(-0.246310940102608,31.1694840548471,46.6620709697964));
#5660=CARTESIAN_POINT('',(-0.246310940102608,31.1694840548471,1.63224996835079));
#5661=CARTESIAN_POINT('',(9.75368905989739,31.1694840548471,46.6620709697964));
#5662=CARTESIAN_POINT('Origin',(9.75368905989739,22.86,46.6620709697964));
#5663=CARTESIAN_POINT('',(9.75368905989739,22.86,46.6620709697964));
#5664=CARTESIAN_POINT('',(9.75368905989739,31.1694840548471,46.6620709697964));
#5665=CARTESIAN_POINT('',(-0.246310940102608,22.86,46.6620709697964));
#5666=CARTESIAN_POINT('',(-0.246310940102608,31.1694840548471,46.6620709697964));
#5667=CARTESIAN_POINT('',(9.75368905989739,22.86,46.6620709697964));
#5668=CARTESIAN_POINT('Origin',(9.75368905989739,22.86,1.63224996835079));
#5669=CARTESIAN_POINT('',(9.75368905989739,22.86,46.6620709697964));
#5670=CARTESIAN_POINT('',(-0.246310940102608,22.86,46.6620709697964));
#5671=CARTESIAN_POINT('Origin',(-0.246310940102608,27.0147420274236,24.1471604690736));
#5672=CARTESIAN_POINT('Origin',(9.75368905989739,27.0147420274236,24.1471604690736));
#5673=CARTESIAN_POINT('Origin',(9.75368905989739,23.86,81.0765016220611));
#5674=CARTESIAN_POINT('',(9.75368905989739,23.86,81.0765016220611));
#5675=CARTESIAN_POINT('',(9.75368905989739,23.86,49.3549213833845));
#5676=CARTESIAN_POINT('',(9.75368905989739,23.86,49.3549213833845));
#5677=CARTESIAN_POINT('',(-0.246310940102608,23.86,49.3549213833845));
#5678=CARTESIAN_POINT('',(9.75368905989739,23.86,49.3549213833845));
#5679=CARTESIAN_POINT('',(-0.246310940102608,23.86,81.0765016220611));
#5680=CARTESIAN_POINT('',(-0.246310940102608,23.86,49.3549213833845));
#5681=CARTESIAN_POINT('',(9.75368905989739,23.86,81.0765016220611));
#5682=CARTESIAN_POINT('Origin',(9.75368905989739,30.1694840548471,81.0765016220611));
#5683=CARTESIAN_POINT('',(9.75368905989739,30.1694840548471,81.0765016220611));
#5684=CARTESIAN_POINT('',(9.75368905989739,23.86,81.0765016220611));
#5685=CARTESIAN_POINT('',(-0.246310940102608,30.1694840548471,81.0765016220611));
#5686=CARTESIAN_POINT('',(-0.246310940102608,23.86,81.0765016220611));
#5687=CARTESIAN_POINT('',(9.75368905989739,30.1694840548471,81.0765016220611));
#5688=CARTESIAN_POINT('Origin',(9.75368905989739,30.1694840548471,49.3549213833845));
#5689=CARTESIAN_POINT('',(9.75368905989739,30.1694840548471,49.3549213833845));
#5690=CARTESIAN_POINT('',(9.75368905989739,30.1694840548471,81.0765016220611));
#5691=CARTESIAN_POINT('',(-0.246310940102608,30.1694840548471,49.3549213833845));
#5692=CARTESIAN_POINT('',(-0.246310940102608,30.1694840548471,81.0765016220611));
#5693=CARTESIAN_POINT('',(9.75368905989739,30.1694840548471,49.3549213833845));
#5694=CARTESIAN_POINT('Origin',(9.75368905989739,23.86,49.3549213833845));
#5695=CARTESIAN_POINT('',(9.75368905989739,30.1694840548471,49.3549213833845));
#5696=CARTESIAN_POINT('',(-0.246310940102608,30.1694840548471,49.3549213833845));
#5697=CARTESIAN_POINT('Origin',(9.75368905989739,31.1694840548471,82.0765016220611));
#5698=CARTESIAN_POINT('',(9.75368905989739,31.1694840548471,82.0765016220611));
#5699=CARTESIAN_POINT('',(9.75368905989739,31.1694840548471,48.3549213833846));
#5700=CARTESIAN_POINT('',(9.75368905989739,31.1694840548471,82.0765016220611));
#5701=CARTESIAN_POINT('',(-0.246310940102608,31.1694840548471,48.3549213833846));
#5702=CARTESIAN_POINT('',(9.75368905989739,31.1694840548471,48.3549213833846));
#5703=CARTESIAN_POINT('',(-0.246310940102608,31.1694840548471,82.0765016220611));
#5704=CARTESIAN_POINT('',(-0.246310940102608,31.1694840548471,82.0765016220611));
#5705=CARTESIAN_POINT('',(9.75368905989739,31.1694840548471,82.0765016220611));
#5706=CARTESIAN_POINT('Origin',(9.75368905989739,22.86,82.0765016220611));
#5707=CARTESIAN_POINT('',(9.75368905989739,22.86,82.0765016220611));
#5708=CARTESIAN_POINT('',(9.75368905989739,22.86,82.0765016220611));
#5709=CARTESIAN_POINT('',(-0.246310940102608,22.86,82.0765016220611));
#5710=CARTESIAN_POINT('',(-0.246310940102608,22.86,82.0765016220611));
#5711=CARTESIAN_POINT('',(9.75368905989739,22.86,82.0765016220611));
#5712=CARTESIAN_POINT('Origin',(9.75368905989739,22.86,48.3549213833846));
#5713=CARTESIAN_POINT('',(9.75368905989739,22.86,48.3549213833846));
#5714=CARTESIAN_POINT('',(9.75368905989739,22.86,48.3549213833846));
#5715=CARTESIAN_POINT('',(-0.246310940102608,22.86,48.3549213833846));
#5716=CARTESIAN_POINT('',(-0.246310940102608,22.86,48.3549213833846));
#5717=CARTESIAN_POINT('',(9.75368905989739,22.86,48.3549213833846));
#5718=CARTESIAN_POINT('Origin',(9.75368905989739,31.1694840548471,48.3549213833846));
#5719=CARTESIAN_POINT('',(9.75368905989739,31.1694840548471,48.3549213833846));
#5720=CARTESIAN_POINT('',(-0.246310940102608,31.1694840548471,48.3549213833846));
#5721=CARTESIAN_POINT('Origin',(-0.246310940102608,27.0147420274236,65.2157115027228));
#5722=CARTESIAN_POINT('Origin',(9.75368905989739,27.0147420274236,65.2157115027228));
#5723=CARTESIAN_POINT('',(0.,0.,0.));
#5724=CARTESIAN_POINT('Origin',(32.52118315891,26.714545981289,85.82));
#5725=CARTESIAN_POINT('',(43.4748332096891,22.86,85.82));
#5726=CARTESIAN_POINT('',(21.5675331081309,22.86,85.82));
#5727=CARTESIAN_POINT('',(27.0443581335205,22.86,85.82));
#5728=CARTESIAN_POINT('',(43.4748332096891,30.569091962578,85.82));
#5729=CARTESIAN_POINT('',(43.4748332096891,24.7872729906445,85.82));
#5730=CARTESIAN_POINT('',(21.5675331081309,30.569091962578,85.82));
#5731=CARTESIAN_POINT('',(37.9980081842995,30.569091962578,85.82));
#5732=CARTESIAN_POINT('',(21.5675331081309,28.6418189719335,85.82));
#5733=CARTESIAN_POINT('',(42.4748332096891,23.86,85.82));
#5734=CARTESIAN_POINT('',(42.4748332096891,29.569091962578,85.82));
#5735=CARTESIAN_POINT('',(42.4748332096891,28.1418189719335,85.82));
#5736=CARTESIAN_POINT('',(22.5675331081309,23.86,85.82));
#5737=CARTESIAN_POINT('',(37.4980081842995,23.86,85.82));
#5738=CARTESIAN_POINT('',(22.5675331081309,29.569091962578,85.82));
#5739=CARTESIAN_POINT('',(22.5675331081309,25.2872729906445,85.82));
#5740=CARTESIAN_POINT('',(27.5443581335205,29.569091962578,85.82));
#5741=CARTESIAN_POINT('Origin',(42.4748332096891,23.86,67.82));
#5742=CARTESIAN_POINT('',(42.4748332096891,23.86,67.82));
#5743=CARTESIAN_POINT('',(42.4748332096891,23.86,67.82));
#5744=CARTESIAN_POINT('',(22.5675331081309,23.86,67.82));
#5745=CARTESIAN_POINT('',(42.4748332096891,23.86,67.82));
#5746=CARTESIAN_POINT('',(22.5675331081309,23.86,67.82));
#5747=CARTESIAN_POINT('Origin',(42.4748332096891,29.569091962578,67.82));
#5748=CARTESIAN_POINT('',(42.4748332096891,29.569091962578,67.82));
#5749=CARTESIAN_POINT('',(42.4748332096891,29.569091962578,67.82));
#5750=CARTESIAN_POINT('',(42.4748332096891,29.569091962578,67.82));
#5751=CARTESIAN_POINT('Origin',(43.4748332096891,22.86,67.82));
#5752=CARTESIAN_POINT('',(43.4748332096891,22.86,67.82));
#5753=CARTESIAN_POINT('',(43.4748332096891,22.86,67.82));
#5754=CARTESIAN_POINT('',(43.4748332096891,30.569091962578,67.82));
#5755=CARTESIAN_POINT('',(43.4748332096891,30.569091962578,67.82));
#5756=CARTESIAN_POINT('',(43.4748332096891,30.569091962578,67.82));
#5757=CARTESIAN_POINT('Origin',(21.5675331081309,22.86,67.82));
#5758=CARTESIAN_POINT('',(21.5675331081309,22.86,67.82));
#5759=CARTESIAN_POINT('',(21.5675331081309,22.86,67.82));
#5760=CARTESIAN_POINT('',(43.4748332096891,22.86,67.82));
#5761=CARTESIAN_POINT('Origin',(22.5675331081309,29.569091962578,67.82));
#5762=CARTESIAN_POINT('',(22.5675331081309,29.569091962578,67.82));
#5763=CARTESIAN_POINT('',(22.5675331081309,29.569091962578,67.82));
#5764=CARTESIAN_POINT('',(22.5675331081309,29.569091962578,67.82));
#5765=CARTESIAN_POINT('Origin',(22.5675331081309,23.86,67.82));
#5766=CARTESIAN_POINT('',(22.5675331081309,23.86,67.82));
#5767=CARTESIAN_POINT('Origin',(21.5675331081309,30.569091962578,67.82));
#5768=CARTESIAN_POINT('',(21.5675331081309,30.569091962578,67.82));
#5769=CARTESIAN_POINT('',(21.5675331081309,30.569091962578,67.82));
#5770=CARTESIAN_POINT('',(21.5675331081309,22.86,67.82));
#5771=CARTESIAN_POINT('Origin',(43.4748332096891,30.569091962578,67.82));
#5772=CARTESIAN_POINT('',(21.5675331081309,30.569091962578,67.82));
#5773=CARTESIAN_POINT('Origin',(32.52118315891,26.714545981289,67.82));
#5774=CARTESIAN_POINT('',(0.,0.,0.));
#5775=CARTESIAN_POINT('Origin',(92.7881181773621,-12.0108663863541,-2.8421709430404E-13));
#5776=CARTESIAN_POINT('',(92.7881181773621,30.2558482099198,74.3295136740705));
#5777=CARTESIAN_POINT('',(92.7881181773621,22.7880791821959,74.3295136740705));
#5778=CARTESIAN_POINT('',(92.7881181773621,9.12249091178282,74.3295136740705));
#5779=CARTESIAN_POINT('',(92.7881181773621,30.2558482099198,25.9527938612842));
#5780=CARTESIAN_POINT('',(92.7881181773621,30.2558482099198,12.976396930642));
#5781=CARTESIAN_POINT('',(92.7881181773621,22.7880791821959,25.9527938612842));
#5782=CARTESIAN_POINT('',(92.7881181773621,5.38860639792088,25.9527938612842));
#5783=CARTESIAN_POINT('',(92.7881181773621,22.7880791821959,37.1647568370351));
#5784=CARTESIAN_POINT('',(92.7881181773621,29.2558482099198,73.3295136740705));
#5785=CARTESIAN_POINT('',(92.7881181773621,29.2558482099198,26.9527938612842));
#5786=CARTESIAN_POINT('',(92.7881181773621,29.2558482099198,36.6647568370351));
#5787=CARTESIAN_POINT('',(92.7881181773621,23.7880791821959,73.3295136740706));
#5788=CARTESIAN_POINT('',(92.7881181773621,5.88860639792089,73.3295136740705));
#5789=CARTESIAN_POINT('',(92.7881181773621,23.7880791821959,26.9527938612842));
#5790=CARTESIAN_POINT('',(92.7881181773621,23.7880791821959,13.476396930642));
#5791=CARTESIAN_POINT('',(92.7881181773621,8.62249091178283,26.9527938612843));
#5792=CARTESIAN_POINT('Origin',(88.6032847620214,23.7880791821959,26.9527938612842));
#5793=CARTESIAN_POINT('',(103.603284762021,23.7880791821959,73.3295136740706));
#5794=CARTESIAN_POINT('',(88.6032847620214,23.7880791821959,73.3295136740706));
#5795=CARTESIAN_POINT('',(103.603284762021,23.7880791821959,26.9527938612842));
#5796=CARTESIAN_POINT('',(103.603284762021,23.7880791821959,26.9527938612842));
#5797=CARTESIAN_POINT('',(88.6032847620214,23.7880791821959,26.9527938612842));
#5798=CARTESIAN_POINT('Origin',(88.6032847620214,23.7880791821959,73.3295136740705));
#5799=CARTESIAN_POINT('',(103.603284762021,29.2558482099198,73.3295136740705));
#5800=CARTESIAN_POINT('',(88.6032847620214,29.2558482099198,73.3295136740705));
#5801=CARTESIAN_POINT('',(103.603284762021,23.7880791821959,73.3295136740705));
#5802=CARTESIAN_POINT('Origin',(88.6032847620214,22.7880791821959,25.9527938612842));
#5803=CARTESIAN_POINT('',(103.603284762021,30.2558482099198,25.9527938612842));
#5804=CARTESIAN_POINT('',(88.6032847620214,30.2558482099198,25.9527938612842));
#5805=CARTESIAN_POINT('',(103.603284762021,22.7880791821959,25.9527938612842));
#5806=CARTESIAN_POINT('',(103.603284762021,30.2558482099198,25.9527938612842));
#5807=CARTESIAN_POINT('',(88.6032847620214,22.7880791821959,25.9527938612842));
#5808=CARTESIAN_POINT('Origin',(88.6032847620214,30.2558482099198,25.9527938612842));
#5809=CARTESIAN_POINT('',(103.603284762021,30.2558482099198,74.3295136740705));
#5810=CARTESIAN_POINT('',(88.6032847620214,30.2558482099198,74.3295136740705));
#5811=CARTESIAN_POINT('',(103.603284762021,30.2558482099198,74.3295136740705));
#5812=CARTESIAN_POINT('Origin',(88.6032847620214,29.2558482099198,73.3295136740705));
#5813=CARTESIAN_POINT('',(103.603284762021,29.2558482099198,26.9527938612842));
#5814=CARTESIAN_POINT('',(88.6032847620214,29.2558482099198,26.9527938612842));
#5815=CARTESIAN_POINT('',(103.603284762021,29.2558482099198,73.3295136740705));
#5816=CARTESIAN_POINT('Origin',(88.6032847620214,29.2558482099198,26.9527938612842));
#5817=CARTESIAN_POINT('',(103.603284762021,29.2558482099198,26.9527938612842));
#5818=CARTESIAN_POINT('Origin',(88.6032847620214,30.2558482099198,74.3295136740705));
#5819=CARTESIAN_POINT('',(103.603284762021,22.7880791821959,74.3295136740705));
#5820=CARTESIAN_POINT('',(88.6032847620214,22.7880791821959,74.3295136740705));
#5821=CARTESIAN_POINT('',(103.603284762021,22.7880791821959,74.3295136740705));
#5822=CARTESIAN_POINT('Origin',(88.6032847620214,22.7880791821959,74.3295136740705));
#5823=CARTESIAN_POINT('',(103.603284762021,22.7880791821959,25.9527938612842));
#5824=CARTESIAN_POINT('Origin',(103.603284762021,26.5219636960578,50.1411537676774));
#5825=CARTESIAN_POINT('',(0.,0.,0.));
#5826=CARTESIAN_POINT('',(0.,0.,0.));
#5827=CARTESIAN_POINT('',(0.,0.,0.));
#5828=CARTESIAN_POINT('',(0.,0.,0.));
#5829=CARTESIAN_POINT('',(0.,0.,0.));
#5830=CARTESIAN_POINT('',(0.,0.,0.));
#5831=CARTESIAN_POINT('',(0.,0.,0.));
#5832=CARTESIAN_POINT('',(0.,0.,0.));
#5833=CARTESIAN_POINT('',(0.,0.,0.));
#5834=CARTESIAN_POINT('',(-1.57328476202143,0.0719208178041036,2.81441536742477E-13));
#5835=UNCERTAINTY_MEASURE_WITH_UNIT(LENGTH_MEASURE(0.01),#5877,
'DISTANCE_ACCURACY_VALUE',
'Maximum model space distance between geometric entities at asserted c
onnectivities');
#5836=UNCERTAINTY_MEASURE_WITH_UNIT(LENGTH_MEASURE(0.01),#5877,
'DISTANCE_ACCURACY_VALUE',
'Maximum model space distance between geometric entities at asserted c
onnectivities');
#5837=UNCERTAINTY_MEASURE_WITH_UNIT(LENGTH_MEASURE(0.01),#5877,
'DISTANCE_ACCURACY_VALUE',
'Maximum model space distance between geometric entities at asserted c
onnectivities');
#5838=UNCERTAINTY_MEASURE_WITH_UNIT(LENGTH_MEASURE(0.01),#5877,
'DISTANCE_ACCURACY_VALUE',
'Maximum model space distance between geometric entities at asserted c
onnectivities');
#5839=UNCERTAINTY_MEASURE_WITH_UNIT(LENGTH_MEASURE(0.01),#5877,
'DISTANCE_ACCURACY_VALUE',
'Maximum model space distance between geometric entities at asserted c
onnectivities');
#5840=UNCERTAINTY_MEASURE_WITH_UNIT(LENGTH_MEASURE(0.01),#5877,
'DISTANCE_ACCURACY_VALUE',
'Maximum model space distance between geometric entities at asserted c
onnectivities');
#5841=UNCERTAINTY_MEASURE_WITH_UNIT(LENGTH_MEASURE(0.01),#5877,
'DISTANCE_ACCURACY_VALUE',
'Maximum model space distance between geometric entities at asserted c
onnectivities');
#5842=UNCERTAINTY_MEASURE_WITH_UNIT(LENGTH_MEASURE(0.01),#5877,
'DISTANCE_ACCURACY_VALUE',
'Maximum model space distance between geometric entities at asserted c
onnectivities');
#5843=UNCERTAINTY_MEASURE_WITH_UNIT(LENGTH_MEASURE(0.01),#5877,
'DISTANCE_ACCURACY_VALUE',
'Maximum model space distance between geometric entities at asserted c
onnectivities');
#5844=UNCERTAINTY_MEASURE_WITH_UNIT(LENGTH_MEASURE(0.01),#5877,
'DISTANCE_ACCURACY_VALUE',
'Maximum model space distance between geometric entities at asserted c
onnectivities');
#5845=UNCERTAINTY_MEASURE_WITH_UNIT(LENGTH_MEASURE(0.01),#5877,
'DISTANCE_ACCURACY_VALUE',
'Maximum model space distance between geometric entities at asserted c
onnectivities');
#5846=UNCERTAINTY_MEASURE_WITH_UNIT(LENGTH_MEASURE(0.01),#5877,
'DISTANCE_ACCURACY_VALUE',
'Maximum model space distance between geometric entities at asserted c
onnectivities');
#5847=UNCERTAINTY_MEASURE_WITH_UNIT(LENGTH_MEASURE(0.01),#5877,
'DISTANCE_ACCURACY_VALUE',
'Maximum model space distance between geometric entities at asserted c
onnectivities');
#5848=UNCERTAINTY_MEASURE_WITH_UNIT(LENGTH_MEASURE(0.01),#5877,
'DISTANCE_ACCURACY_VALUE',
'Maximum model space distance between geometric entities at asserted c
onnectivities');
#5849=UNCERTAINTY_MEASURE_WITH_UNIT(LENGTH_MEASURE(0.01),#5877,
'DISTANCE_ACCURACY_VALUE',
'Maximum model space distance between geometric entities at asserted c
onnectivities');
#5850=UNCERTAINTY_MEASURE_WITH_UNIT(LENGTH_MEASURE(0.01),#5877,
'DISTANCE_ACCURACY_VALUE',
'Maximum model space distance between geometric entities at asserted c
onnectivities');
#5851=UNCERTAINTY_MEASURE_WITH_UNIT(LENGTH_MEASURE(0.01),#5877,
'DISTANCE_ACCURACY_VALUE',
'Maximum model space distance between geometric entities at asserted c
onnectivities');
#5852=UNCERTAINTY_MEASURE_WITH_UNIT(LENGTH_MEASURE(0.01),#5877,
'DISTANCE_ACCURACY_VALUE',
'Maximum model space distance between geometric entities at asserted c
onnectivities');
#5853=UNCERTAINTY_MEASURE_WITH_UNIT(LENGTH_MEASURE(0.01),#5877,
'DISTANCE_ACCURACY_VALUE',
'Maximum model space distance between geometric entities at asserted c
onnectivities');
#5854=UNCERTAINTY_MEASURE_WITH_UNIT(LENGTH_MEASURE(0.01),#5877,
'DISTANCE_ACCURACY_VALUE',
'Maximum model space distance between geometric entities at asserted c
onnectivities');
#5855=UNCERTAINTY_MEASURE_WITH_UNIT(LENGTH_MEASURE(0.01),#5877,
'DISTANCE_ACCURACY_VALUE',
'Maximum model space distance between geometric entities at asserted c
onnectivities');
#5856=(
GEOMETRIC_REPRESENTATION_CONTEXT(3)
GLOBAL_UNCERTAINTY_ASSIGNED_CONTEXT((#5835))
GLOBAL_UNIT_ASSIGNED_CONTEXT((#5877,#5879,#5880))
REPRESENTATION_CONTEXT('','3D')
);
#5857=(
GEOMETRIC_REPRESENTATION_CONTEXT(3)
GLOBAL_UNCERTAINTY_ASSIGNED_CONTEXT((#5836))
GLOBAL_UNIT_ASSIGNED_CONTEXT((#5877,#5879,#5880))
REPRESENTATION_CONTEXT('','3D')
);
#5858=(
GEOMETRIC_REPRESENTATION_CONTEXT(3)
GLOBAL_UNCERTAINTY_ASSIGNED_CONTEXT((#5837))
GLOBAL_UNIT_ASSIGNED_CONTEXT((#5877,#5879,#5880))
REPRESENTATION_CONTEXT('','3D')
);
#5859=(
GEOMETRIC_REPRESENTATION_CONTEXT(3)
GLOBAL_UNCERTAINTY_ASSIGNED_CONTEXT((#5838))
GLOBAL_UNIT_ASSIGNED_CONTEXT((#5877,#5879,#5880))
REPRESENTATION_CONTEXT('','3D')
);
#5860=(
GEOMETRIC_REPRESENTATION_CONTEXT(3)
GLOBAL_UNCERTAINTY_ASSIGNED_CONTEXT((#5839))
GLOBAL_UNIT_ASSIGNED_CONTEXT((#5877,#5879,#5880))
REPRESENTATION_CONTEXT('','3D')
);
#5861=(
GEOMETRIC_REPRESENTATION_CONTEXT(3)
GLOBAL_UNCERTAINTY_ASSIGNED_CONTEXT((#5840))
GLOBAL_UNIT_ASSIGNED_CONTEXT((#5877,#5879,#5880))
REPRESENTATION_CONTEXT('','3D')
);
#5862=(
GEOMETRIC_REPRESENTATION_CONTEXT(3)
GLOBAL_UNCERTAINTY_ASSIGNED_CONTEXT((#5841))
GLOBAL_UNIT_ASSIGNED_CONTEXT((#5877,#5879,#5880))
REPRESENTATION_CONTEXT('','3D')
);
#5863=(
GEOMETRIC_REPRESENTATION_CONTEXT(3)
GLOBAL_UNCERTAINTY_ASSIGNED_CONTEXT((#5842))
GLOBAL_UNIT_ASSIGNED_CONTEXT((#5877,#5879,#5880))
REPRESENTATION_CONTEXT('','3D')
);
#5864=(
GEOMETRIC_REPRESENTATION_CONTEXT(3)
GLOBAL_UNCERTAINTY_ASSIGNED_CONTEXT((#5843))
GLOBAL_UNIT_ASSIGNED_CONTEXT((#5877,#5879,#5880))
REPRESENTATION_CONTEXT('','3D')
);
#5865=(
GEOMETRIC_REPRESENTATION_CONTEXT(3)
GLOBAL_UNCERTAINTY_ASSIGNED_CONTEXT((#5844))
GLOBAL_UNIT_ASSIGNED_CONTEXT((#5877,#5879,#5880))
REPRESENTATION_CONTEXT('','3D')
);
#5866=(
GEOMETRIC_REPRESENTATION_CONTEXT(3)
GLOBAL_UNCERTAINTY_ASSIGNED_CONTEXT((#5845))
GLOBAL_UNIT_ASSIGNED_CONTEXT((#5877,#5879,#5880))
REPRESENTATION_CONTEXT('','3D')
);
#5867=(
GEOMETRIC_REPRESENTATION_CONTEXT(3)
GLOBAL_UNCERTAINTY_ASSIGNED_CONTEXT((#5846))
GLOBAL_UNIT_ASSIGNED_CONTEXT((#5877,#5879,#5880))
REPRESENTATION_CONTEXT('','3D')
);
#5868=(
GEOMETRIC_REPRESENTATION_CONTEXT(3)
GLOBAL_UNCERTAINTY_ASSIGNED_CONTEXT((#5847))
GLOBAL_UNIT_ASSIGNED_CONTEXT((#5877,#5879,#5880))
REPRESENTATION_CONTEXT('','3D')
);
#5869=(
GEOMETRIC_REPRESENTATION_CONTEXT(3)
GLOBAL_UNCERTAINTY_ASSIGNED_CONTEXT((#5848))
GLOBAL_UNIT_ASSIGNED_CONTEXT((#5877,#5879,#5880))
REPRESENTATION_CONTEXT('','3D')
);
#5870=(
GEOMETRIC_REPRESENTATION_CONTEXT(3)
GLOBAL_UNCERTAINTY_ASSIGNED_CONTEXT((#5849))
GLOBAL_UNIT_ASSIGNED_CONTEXT((#5877,#5879,#5880))
REPRESENTATION_CONTEXT('','3D')
);
#5871=(
GEOMETRIC_REPRESENTATION_CONTEXT(3)
GLOBAL_UNCERTAINTY_ASSIGNED_CONTEXT((#5850))
GLOBAL_UNIT_ASSIGNED_CONTEXT((#5877,#5879,#5880))
REPRESENTATION_CONTEXT('','3D')
);
#5872=(
GEOMETRIC_REPRESENTATION_CONTEXT(3)
GLOBAL_UNCERTAINTY_ASSIGNED_CONTEXT((#5851))
GLOBAL_UNIT_ASSIGNED_CONTEXT((#5877,#5879,#5880))
REPRESENTATION_CONTEXT('','3D')
);
#5873=(
GEOMETRIC_REPRESENTATION_CONTEXT(3)
GLOBAL_UNCERTAINTY_ASSIGNED_CONTEXT((#5852))
GLOBAL_UNIT_ASSIGNED_CONTEXT((#5877,#5879,#5880))
REPRESENTATION_CONTEXT('','3D')
);
#5874=(
GEOMETRIC_REPRESENTATION_CONTEXT(3)
GLOBAL_UNCERTAINTY_ASSIGNED_CONTEXT((#5853))
GLOBAL_UNIT_ASSIGNED_CONTEXT((#5877,#5879,#5880))
REPRESENTATION_CONTEXT('','3D')
);
#5875=(
GEOMETRIC_REPRESENTATION_CONTEXT(3)
GLOBAL_UNCERTAINTY_ASSIGNED_CONTEXT((#5854))
GLOBAL_UNIT_ASSIGNED_CONTEXT((#5877,#5879,#5880))
REPRESENTATION_CONTEXT('','3D')
);
#5876=(
GEOMETRIC_REPRESENTATION_CONTEXT(3)
GLOBAL_UNCERTAINTY_ASSIGNED_CONTEXT((#5855))
GLOBAL_UNIT_ASSIGNED_CONTEXT((#5877,#5879,#5880))
REPRESENTATION_CONTEXT('','3D')
);
#5877=(
LENGTH_UNIT()
NAMED_UNIT(*)
SI_UNIT(.MILLI.,.METRE.)
);
#5878=(
LENGTH_UNIT()
NAMED_UNIT(*)
SI_UNIT($,.METRE.)
);
#5879=(
NAMED_UNIT(*)
PLANE_ANGLE_UNIT()
SI_UNIT($,.RADIAN.)
);
#5880=(
NAMED_UNIT(*)
SI_UNIT($,.STERADIAN.)
SOLID_ANGLE_UNIT()
);
#5881=SHAPE_DEFINITION_REPRESENTATION(#5901,#5940);
#5882=SHAPE_DEFINITION_REPRESENTATION(#5902,#5941);
#5883=SHAPE_DEFINITION_REPRESENTATION(#5903,#5942);
#5884=SHAPE_DEFINITION_REPRESENTATION(#5904,#5943);
#5885=SHAPE_DEFINITION_REPRESENTATION(#5906,#5944);
#5886=SHAPE_DEFINITION_REPRESENTATION(#5909,#5945);
#5887=SHAPE_DEFINITION_REPRESENTATION(#5910,#5946);
#5888=SHAPE_DEFINITION_REPRESENTATION(#5911,#5947);
#5889=SHAPE_DEFINITION_REPRESENTATION(#5914,#5948);
#5890=SHAPE_DEFINITION_REPRESENTATION(#5915,#5949);
#5891=SHAPE_DEFINITION_REPRESENTATION(#5916,#5950);
#5892=SHAPE_DEFINITION_REPRESENTATION(#5919,#5951);
#5893=SHAPE_DEFINITION_REPRESENTATION(#5920,#5952);
#5894=SHAPE_DEFINITION_REPRESENTATION(#5921,#5953);
#5895=SHAPE_DEFINITION_REPRESENTATION(#5924,#5954);
#5896=SHAPE_DEFINITION_REPRESENTATION(#5925,#5955);
#5897=SHAPE_DEFINITION_REPRESENTATION(#5926,#5956);
#5898=SHAPE_DEFINITION_REPRESENTATION(#5927,#5957);
#5899=SHAPE_DEFINITION_REPRESENTATION(#5928,#5958);
#5900=SHAPE_DEFINITION_REPRESENTATION(#5929,#5959);
#5901=PRODUCT_DEFINITION_SHAPE('',$,#5961);
#5902=PRODUCT_DEFINITION_SHAPE('',$,#5962);
#5903=PRODUCT_DEFINITION_SHAPE('',$,#5963);
#5904=PRODUCT_DEFINITION_SHAPE('',$,#5964);
#5905=PRODUCT_DEFINITION_SHAPE($,$,#88);
#5906=PRODUCT_DEFINITION_SHAPE('',$,#5965);
#5907=PRODUCT_DEFINITION_SHAPE($,$,#89);
#5908=PRODUCT_DEFINITION_SHAPE($,$,#90);
#5909=PRODUCT_DEFINITION_SHAPE('',$,#5966);
#5910=PRODUCT_DEFINITION_SHAPE('',$,#5967);
#5911=PRODUCT_DEFINITION_SHAPE('',$,#5968);
#5912=PRODUCT_DEFINITION_SHAPE($,$,#91);
#5913=PRODUCT_DEFINITION_SHAPE($,$,#92);
#5914=PRODUCT_DEFINITION_SHAPE('',$,#5969);
#5915=PRODUCT_DEFINITION_SHAPE('',$,#5970);
#5916=PRODUCT_DEFINITION_SHAPE('',$,#5971);
#5917=PRODUCT_DEFINITION_SHAPE($,$,#93);
#5918=PRODUCT_DEFINITION_SHAPE($,$,#94);
#5919=PRODUCT_DEFINITION_SHAPE('',$,#5972);
#5920=PRODUCT_DEFINITION_SHAPE('',$,#5973);
#5921=PRODUCT_DEFINITION_SHAPE('',$,#5974);
#5922=PRODUCT_DEFINITION_SHAPE($,$,#95);
#5923=PRODUCT_DEFINITION_SHAPE($,$,#96);
#5924=PRODUCT_DEFINITION_SHAPE('',$,#5975);
#5925=PRODUCT_DEFINITION_SHAPE('',$,#5976);
#5926=PRODUCT_DEFINITION_SHAPE('',$,#5977);
#5927=PRODUCT_DEFINITION_SHAPE('',$,#5978);
#5928=PRODUCT_DEFINITION_SHAPE('',$,#5979);
#5929=PRODUCT_DEFINITION_SHAPE('',$,#5980);
#5930=PRODUCT_DEFINITION_SHAPE($,$,#97);
#5931=PRODUCT_DEFINITION_SHAPE($,$,#98);
#5932=PRODUCT_DEFINITION_SHAPE($,$,#99);
#5933=PRODUCT_DEFINITION_SHAPE($,$,#100);
#5934=PRODUCT_DEFINITION_SHAPE($,$,#101);
#5935=PRODUCT_DEFINITION_SHAPE($,$,#102);
#5936=PRODUCT_DEFINITION_SHAPE($,$,#103);
#5937=PRODUCT_DEFINITION_SHAPE($,$,#104);
#5938=PRODUCT_DEFINITION_SHAPE($,$,#105);
#5939=PRODUCT_DEFINITION_SHAPE($,$,#106);
#5940=SHAPE_REPRESENTATION('',(#3595,#3863,#3864,#3865,#3866,#3867,#3868,
#3869,#3870,#3871,#3872),#5856);
#5941=SHAPE_REPRESENTATION('',(#3596,#3696,#3697),#5857);
#5942=SHAPE_REPRESENTATION('',(#3597,#3694),#5858);
#5943=SHAPE_REPRESENTATION('',(#3598),#5859);
#5944=SHAPE_REPRESENTATION('',(#3695),#5860);
#5945=SHAPE_REPRESENTATION('',(#3698,#3746,#3747),#5861);
#5946=SHAPE_REPRESENTATION('',(#3699),#5862);
#5947=SHAPE_REPRESENTATION('',(#3700),#5863);
#5948=SHAPE_REPRESENTATION('',(#3748,#3769,#3770),#5864);
#5949=SHAPE_REPRESENTATION('',(#3749),#5865);
#5950=SHAPE_REPRESENTATION('',(#3768),#5866);
#5951=SHAPE_REPRESENTATION('',(#3771,#3784,#3785),#5867);
#5952=SHAPE_REPRESENTATION('',(#3772),#5868);
#5953=SHAPE_REPRESENTATION('',(#3783),#5869);
#5954=SHAPE_REPRESENTATION('',(#3786),#5870);
#5955=SHAPE_REPRESENTATION('',(#3797),#5871);
#5956=SHAPE_REPRESENTATION('',(#3807),#5872);
#5957=SHAPE_REPRESENTATION('',(#3820),#5873);
#5958=SHAPE_REPRESENTATION('',(#3841),#5874);
#5959=SHAPE_REPRESENTATION('',(#3852),#5875);
#5960=PRODUCT_DEFINITION_CONTEXT('part definition',#6022,'design');
#5961=PRODUCT_DEFINITION('Arduino','Arduino v5',#5981,#5960);
#5962=PRODUCT_DEFINITION('Component2','Component2',#5982,#5960);
#5963=PRODUCT_DEFINITION('Component16','Component16',#5983,#5960);
#5964=PRODUCT_DEFINITION('Component19','Component19',#5984,#5960);
#5965=PRODUCT_DEFINITION('Component15','Component15',#5985,#5960);
#5966=PRODUCT_DEFINITION('Component1','Component1',#5986,#5960);
#5967=PRODUCT_DEFINITION('Component12','Component12',#5987,#5960);
#5968=PRODUCT_DEFINITION('Component11','Component11',#5988,#5960);
#5969=PRODUCT_DEFINITION('Component3','Component3',#5989,#5960);
#5970=PRODUCT_DEFINITION('Component18','Component18',#5990,#5960);
#5971=PRODUCT_DEFINITION('Component17','Component17',#5991,#5960);
#5972=PRODUCT_DEFINITION('Component4','Component4',#5992,#5960);
#5973=PRODUCT_DEFINITION('Component14','Component14',#5993,#5960);
#5974=PRODUCT_DEFINITION('Component13','Component13',#5994,#5960);
#5975=PRODUCT_DEFINITION('Component5','Component5',#5995,#5960);
#5976=PRODUCT_DEFINITION('Component6','Component6',#5996,#5960);
#5977=PRODUCT_DEFINITION('Component7','Component7',#5997,#5960);
#5978=PRODUCT_DEFINITION('Component8','Component8',#5998,#5960);
#5979=PRODUCT_DEFINITION('Component9','Component9',#5999,#5960);
#5980=PRODUCT_DEFINITION('Component10','Component10',#6000,#5960);
#5981=PRODUCT_DEFINITION_FORMATION('',$,#6024);
#5982=PRODUCT_DEFINITION_FORMATION('',$,#6025);
#5983=PRODUCT_DEFINITION_FORMATION('',$,#6026);
#5984=PRODUCT_DEFINITION_FORMATION('',$,#6027);
#5985=PRODUCT_DEFINITION_FORMATION('',$,#6028);
#5986=PRODUCT_DEFINITION_FORMATION('',$,#6029);
#5987=PRODUCT_DEFINITION_FORMATION('',$,#6030);
#5988=PRODUCT_DEFINITION_FORMATION('',$,#6031);
#5989=PRODUCT_DEFINITION_FORMATION('',$,#6032);
#5990=PRODUCT_DEFINITION_FORMATION('',$,#6033);
#5991=PRODUCT_DEFINITION_FORMATION('',$,#6034);
#5992=PRODUCT_DEFINITION_FORMATION('',$,#6035);
#5993=PRODUCT_DEFINITION_FORMATION('',$,#6036);
#5994=PRODUCT_DEFINITION_FORMATION('',$,#6037);
#5995=PRODUCT_DEFINITION_FORMATION('',$,#6038);
#5996=PRODUCT_DEFINITION_FORMATION('',$,#6039);
#5997=PRODUCT_DEFINITION_FORMATION('',$,#6040);
#5998=PRODUCT_DEFINITION_FORMATION('',$,#6041);
#5999=PRODUCT_DEFINITION_FORMATION('',$,#6042);
#6000=PRODUCT_DEFINITION_FORMATION('',$,#6043);
#6001=PRODUCT_RELATED_PRODUCT_CATEGORY('Arduino v5','Arduino v5',(#6024));
#6002=PRODUCT_RELATED_PRODUCT_CATEGORY('Component2','Component2',(#6025));
#6003=PRODUCT_RELATED_PRODUCT_CATEGORY('Component16','Component16',(#6026));
#6004=PRODUCT_RELATED_PRODUCT_CATEGORY('Component19','Component19',(#6027));
#6005=PRODUCT_RELATED_PRODUCT_CATEGORY('Component15','Component15',(#6028));
#6006=PRODUCT_RELATED_PRODUCT_CATEGORY('Component1','Component1',(#6029));
#6007=PRODUCT_RELATED_PRODUCT_CATEGORY('Component12','Component12',(#6030));
#6008=PRODUCT_RELATED_PRODUCT_CATEGORY('Component11','Component11',(#6031));
#6009=PRODUCT_RELATED_PRODUCT_CATEGORY('Component3','Component3',(#6032));
#6010=PRODUCT_RELATED_PRODUCT_CATEGORY('Component18','Component18',(#6033));
#6011=PRODUCT_RELATED_PRODUCT_CATEGORY('Component17','Component17',(#6034));
#6012=PRODUCT_RELATED_PRODUCT_CATEGORY('Component4','Component4',(#6035));
#6013=PRODUCT_RELATED_PRODUCT_CATEGORY('Component14','Component14',(#6036));
#6014=PRODUCT_RELATED_PRODUCT_CATEGORY('Component13','Component13',(#6037));
#6015=PRODUCT_RELATED_PRODUCT_CATEGORY('Component5','Component5',(#6038));
#6016=PRODUCT_RELATED_PRODUCT_CATEGORY('Component6','Component6',(#6039));
#6017=PRODUCT_RELATED_PRODUCT_CATEGORY('Component7','Component7',(#6040));
#6018=PRODUCT_RELATED_PRODUCT_CATEGORY('Component8','Component8',(#6041));
#6019=PRODUCT_RELATED_PRODUCT_CATEGORY('Component9','Component9',(#6042));
#6020=PRODUCT_RELATED_PRODUCT_CATEGORY('Component10','Component10',(#6043));
#6021=APPLICATION_PROTOCOL_DEFINITION('international standard',
'automotive_design',2009,#6022);
#6022=APPLICATION_CONTEXT(
'Core Data for Automotive Mechanical Design Process');
#6023=PRODUCT_CONTEXT('part definition',#6022,'mechanical');
#6024=PRODUCT('Arduino','Arduino v5',$,(#6023));
#6025=PRODUCT('Component2','Component2',$,(#6023));
#6026=PRODUCT('Component16','Component16',$,(#6023));
#6027=PRODUCT('Component19','Component19',$,(#6023));
#6028=PRODUCT('Component15','Component15',$,(#6023));
#6029=PRODUCT('Component1','Component1',$,(#6023));
#6030=PRODUCT('Component12','Component12',$,(#6023));
#6031=PRODUCT('Component11','Component11',$,(#6023));
#6032=PRODUCT('Component3','Component3',$,(#6023));
#6033=PRODUCT('Component18','Component18',$,(#6023));
#6034=PRODUCT('Component17','Component17',$,(#6023));
#6035=PRODUCT('Component4','Component4',$,(#6023));
#6036=PRODUCT('Component14','Component14',$,(#6023));
#6037=PRODUCT('Component13','Component13',$,(#6023));
#6038=PRODUCT('Component5','Component5',$,(#6023));
#6039=PRODUCT('Component6','Component6',$,(#6023));
#6040=PRODUCT('Component7','Component7',$,(#6023));
#6041=PRODUCT('Component8','Component8',$,(#6023));
#6042=PRODUCT('Component9','Component9',$,(#6023));
#6043=PRODUCT('Component10','Component10',$,(#6023));
#6044=PRESENTATION_STYLE_ASSIGNMENT((#6049));
#6045=PRESENTATION_STYLE_ASSIGNMENT((#6050));
#6046=PRESENTATION_STYLE_ASSIGNMENT((#6051));
#6047=PRESENTATION_STYLE_ASSIGNMENT((#6052));
#6048=PRESENTATION_STYLE_ASSIGNMENT((#6053));
#6049=SURFACE_STYLE_USAGE(.BOTH.,#6054);
#6050=SURFACE_STYLE_USAGE(.BOTH.,#6055);
#6051=SURFACE_STYLE_USAGE(.BOTH.,#6056);
#6052=SURFACE_STYLE_USAGE(.BOTH.,#6057);
#6053=SURFACE_STYLE_USAGE(.BOTH.,#6058);
#6054=SURFACE_SIDE_STYLE('',(#6059));
#6055=SURFACE_SIDE_STYLE('',(#6060));
#6056=SURFACE_SIDE_STYLE('',(#6061));
#6057=SURFACE_SIDE_STYLE('',(#6062));
#6058=SURFACE_SIDE_STYLE('',(#6063));
#6059=SURFACE_STYLE_FILL_AREA(#6064);
#6060=SURFACE_STYLE_FILL_AREA(#6065);
#6061=SURFACE_STYLE_FILL_AREA(#6066);
#6062=SURFACE_STYLE_FILL_AREA(#6067);
#6063=SURFACE_STYLE_FILL_AREA(#6068);
#6064=FILL_AREA_STYLE('Aluminum - Satin',(#6069));
#6065=FILL_AREA_STYLE('Decal (White)',(#6070));
#6066=FILL_AREA_STYLE('Plastic (Green) -- Game elements',(#6071));
#6067=FILL_AREA_STYLE('Delrin (White)',(#6072));
#6068=FILL_AREA_STYLE('Plastic (Black)',(#6073));
#6069=FILL_AREA_STYLE_COLOUR('Aluminum - Satin',#6074);
#6070=FILL_AREA_STYLE_COLOUR('Decal (White)',#6075);
#6071=FILL_AREA_STYLE_COLOUR('Plastic (Green) -- Game elements',#6076);
#6072=FILL_AREA_STYLE_COLOUR('Delrin (White)',#6077);
#6073=FILL_AREA_STYLE_COLOUR('Plastic (Black)',#6078);
#6074=COLOUR_RGB('Aluminum - Satin',0.96078431372549,0.96078431372549,0.964705882352941);
#6075=COLOUR_RGB('Decal (White)',0.,0.,0.);
#6076=COLOUR_RGB('Plastic (Green) -- Game elements',0.,0.556862745098039,
0.);
#6077=COLOUR_RGB('Delrin (White)',1.,1.,1.);
#6078=COLOUR_RGB('Plastic (Black)',0.0980392156862745,0.0980392156862745,
0.0980392156862745);
ENDSEC;
END-ISO-10303-21;
