ISO-10303-21;
HEADER;
FILE_DESCRIPTION (( 'STEP AP214' ),
    '1' );
FILE_NAME ('2ndStageGuideShaft.STEP',
    '2026-04-02T07:01:20',
    ( '' ),
    ( '' ),
    'SwSTEP 2.0',
    'SolidWorks 2025',
    '' );
FILE_SCHEMA (( 'AUTOMOTIVE_DESIGN' ));
ENDSEC;

DATA;
#1 = CIRCLE ( 'NONE', #516, 0.1604330708661417526 ) ;
#2 = DIRECTION ( 'NONE',  ( -1.000000000000000000, 1.154405498406595936E-32, 0.000000000000000000 ) ) ;
#3 = AXIS2_PLACEMENT_3D ( 'NONE', #1302, #755, #617 ) ;
#4 = VECTOR ( 'NONE', #401, 39.37007874015748143 ) ;
#5 = LINE ( 'NONE', #1660, #347 ) ;
#6 = DIRECTION ( 'NONE',  ( -1.000000000000000000, 1.154405498406595936E-32, -0.000000000000000000 ) ) ;
#7 = AXIS2_PLACEMENT_3D ( 'NONE', #853, #846, #1389 ) ;
#8 = VERTEX_POINT ( 'NONE', #1151 ) ;
#9 = FACE_OUTER_BOUND ( 'NONE', #1775, .T. ) ;
#10 = PRODUCT_DEFINITION_FORMATION_WITH_SPECIFIED_SOURCE ( 'ANY', '', #1270, .NOT_KNOWN. ) ;
#11 = ORIENTED_EDGE ( 'NONE', *, *, #749, .T. ) ;
#12 = EDGE_CURVE ( 'NONE', #16, #156, #733, .T. ) ;
#13 = CARTESIAN_POINT ( 'NONE',  ( -1.000000000000000000, -2.404545026348657269E-65, 0.000000000000000000 ) ) ;
#14 = CARTESIAN_POINT ( 'NONE',  ( 0.8538675134594810867, -1.686961459582028528E-33, 0.000000000000000000 ) ) ;
#15 = LINE ( 'NONE', #839, #696 ) ;
#16 = VERTEX_POINT ( 'NONE', #1418 ) ;
#17 = DIRECTION ( 'NONE',  ( 0.000000000000000000, -1.000000000000000000, 0.000000000000000000 ) ) ;
#18 = VERTEX_POINT ( 'NONE', #1288 ) ;
#19 = DIRECTION ( 'NONE',  ( 0.000000000000000000, -1.000000000000000000, 0.000000000000000000 ) ) ;
#20 = EDGE_CURVE ( 'NONE', #750, #364, #1316, .T. ) ;
#21 = DIRECTION ( 'NONE',  ( 1.154405498406596073E-32, -1.000000000000000000, 0.000000000000000000 ) ) ;
#22 = CARTESIAN_POINT ( 'NONE',  ( -0.4921259842519685179, -5.862925562773656217E-33, 0.000000000000000000 ) ) ;
#23 = ORIENTED_EDGE ( 'NONE', *, *, #1650, .T. ) ;
#24 = FACE_OUTER_BOUND ( 'NONE', #366, .T. ) ;
#25 = ORIENTED_EDGE ( 'NONE', *, *, #710, .T. ) ;
#26 = CARTESIAN_POINT ( 'NONE',  ( -0.8636912520662176629, -1.573555680956770857E-33, 0.000000000000000000 ) ) ;
#27 = AXIS2_PLACEMENT_3D ( 'NONE', #614, #1155, #1703 ) ;
#28 = AXIS2_PLACEMENT_3D ( 'NONE', #13, #561, #1738 ) ;
#29 = FACE_OUTER_BOUND ( 'NONE', #421, .T. ) ;
#30 = EDGE_CURVE ( 'NONE', #1767, #1197, #1723, .T. ) ;
#31 = DIRECTION ( 'NONE',  ( 0.000000000000000000, -1.000000000000000000, 0.000000000000000000 ) ) ;
#32 = CIRCLE ( 'NONE', #605, 0.2187500000000000000 ) ;
#33 = AXIS2_PLACEMENT_3D ( 'NONE', #280, #1371, #1365 ) ;
#34 = ORIENTED_EDGE ( 'NONE', *, *, #1094, .T. ) ;
#35 = CLOSED_SHELL ( 'NONE', ( #188, #1202, #1393, #939, #209, #1229, #1275, #941, #318, #1046, #1492, #1218, #971, #278, #1157, #1450, #1394, #1435, #914, #805, #1013, #1023, #952, #760, #682, #843, #1402, #1080, #444, #1339, #1774, #582, #1243 ) ) ;
#36 = CARTESIAN_POINT ( 'NONE',  ( -1.000000000000000000, 0.000000000000000000, 0.000000000000000000 ) ) ;
#37 = CIRCLE ( 'NONE', #776, 0.2187500000000000000 ) ;
#38 = ORIENTED_EDGE ( 'NONE', *, *, #1070, .F. ) ;
#39 = PLANE ( 'NONE',  #1573 ) ;
#40 = PRODUCT_CONTEXT ( 'NONE', #1041, 'mechanical' ) ;
#41 = LINE ( 'NONE', #1404, #695 ) ;
#42 = CARTESIAN_POINT ( 'NONE',  ( 1.000000000000000000, 0.000000000000000000, 0.000000000000000000 ) ) ;
#43 = EDGE_CURVE ( 'NONE', #1238, #1247, #267, .T. ) ;
#44 = ORIENTED_EDGE ( 'NONE', *, *, #571, .T. ) ;
#45 = DIRECTION ( 'NONE',  ( -1.000000000000000000, 1.154405498406595936E-32, -0.000000000000000000 ) ) ;
#46 = EDGE_CURVE ( 'NONE', #1613, #1337, #393, .T. ) ;
#47 = EDGE_LOOP ( 'NONE', ( #1390, #1765, #442, #1642 ) ) ;
#48 = DIRECTION ( 'NONE',  ( -1.000000000000000000, -1.154405498406595936E-32, -0.000000000000000000 ) ) ;
#49 = CARTESIAN_POINT ( 'NONE',  ( -1.000000000000000000, 2.915176369768646178E-65, 0.000000000000000000 ) ) ;
#50 = ORIENTED_EDGE ( 'NONE', *, *, #371, .T. ) ;
#51 = CARTESIAN_POINT ( 'NONE',  ( -0.4921259842519685179, -5.862925562773656217E-33, 0.000000000000000000 ) ) ;
#52 = ORIENTED_EDGE ( 'NONE', *, *, #453, .T. ) ;
#53 = EDGE_CURVE ( 'NONE', #1001, #1276, #803, .T. ) ;
#54 = CYLINDRICAL_SURFACE ( 'NONE', #1320, 0.2000000000000000389 ) ;
#55 = DIRECTION ( 'NONE',  ( 1.000000000000000000, 1.154405498406595936E-32, 0.000000000000000000 ) ) ;
#56 = ORIENTED_EDGE ( 'NONE', *, *, #253, .T. ) ;
#57 = DIRECTION ( 'NONE',  ( 0.000000000000000000, -1.000000000000000000, 0.000000000000000000 ) ) ;
#58 = AXIS2_PLACEMENT_3D ( 'NONE', #1304, #903, #1575 ) ;
#59 = CIRCLE ( 'NONE', #1496, 0.2687499999999999889 ) ;
#60 = VECTOR ( 'NONE', #1754, 39.37007874015748143 ) ;
#61 = VERTEX_POINT ( 'NONE', #1497 ) ;
#62 = CIRCLE ( 'NONE', #773, 0.1104330708661419164 ) ;
#63 = EDGE_CURVE ( 'NONE', #356, #1423, #1735, .T. ) ;
#64 = EDGE_CURVE ( 'NONE', #1101, #1718, #1057, .T. ) ;
#65 = AXIS2_PLACEMENT_3D ( 'NONE', #49, #879, #330 ) ;
#66 = EDGE_LOOP ( 'NONE', ( #158, #25, #216, #1603 ) ) ;
#67 = DIRECTION ( 'NONE',  ( -1.000000000000000000, 1.154405498406595936E-32, -0.000000000000000000 ) ) ;
#68 = DIRECTION ( 'NONE',  ( 0.000000000000000000, -1.000000000000000000, 0.000000000000000000 ) ) ;
#69 = ORIENTED_EDGE ( 'NONE', *, *, #350, .F. ) ;
#70 = FACE_OUTER_BOUND ( 'NONE', #476, .T. ) ;
#71 = ORIENTED_EDGE ( 'NONE', *, *, #1200, .F. ) ;
#72 = CARTESIAN_POINT ( 'NONE',  ( 1.000000000000000000, 0.1604330708661417526, -1.964738467136009885E-17 ) ) ;
#73 = ORIENTED_EDGE ( 'NONE', *, *, #1183, .F. ) ;
#74 = LINE ( 'NONE', #455, #202 ) ;
#75 = CARTESIAN_POINT ( 'NONE',  ( -0.8759842519685040463, -1.431644614165658899E-33, 0.000000000000000000 ) ) ;
#76 = EDGE_CURVE ( 'NONE', #1420, #1569, #1033, .T. ) ;
#77 = ORIENTED_EDGE ( 'NONE', *, *, #536, .F. ) ;
#78 = DIRECTION ( 'NONE',  ( 0.000000000000000000, -1.000000000000000000, 0.000000000000000000 ) ) ;
#79 = ORIENTED_EDGE ( 'NONE', *, *, #905, .F. ) ;
#80 = FACE_OUTER_BOUND ( 'NONE', #1629, .T. ) ;
#81 = ORIENTED_EDGE ( 'NONE', *, *, #1682, .F. ) ;
#82 = DIRECTION ( 'NONE',  ( 0.000000000000000000, -1.000000000000000000, 0.000000000000000000 ) ) ;
#83 = CARTESIAN_POINT ( 'NONE',  ( 1.000000000000000000, 2.138014615398377695E-65, 0.000000000000000000 ) ) ;
#84 = EDGE_CURVE ( 'NONE', #774, #923, #788, .T. ) ;
#85 = EDGE_CURVE ( 'NONE', #618, #517, #672, .T. ) ;
#86 = ORIENTED_EDGE ( 'NONE', *, *, #102, .F. ) ;
#87 = FACE_OUTER_BOUND ( 'NONE', #117, .T. ) ;
#88 = AXIS2_PLACEMENT_3D ( 'NONE', #434, #980, #1531 ) ;
#89 = EDGE_LOOP ( 'NONE', ( #172, #893 ) ) ;
#90 = CARTESIAN_POINT ( 'NONE',  ( -0.7711324865405189133, -2.642059159442706060E-33, 0.000000000000000000 ) ) ;
#91 = AXIS2_PLACEMENT_3D ( 'NONE', #1289, #1592, #1329 ) ;
#92 = AXIS2_PLACEMENT_3D ( 'NONE', #152, #176, #294 ) ;
#93 = EDGE_LOOP ( 'NONE', ( #144, #1739, #1262, #1398 ) ) ;
#94 = AXIS2_PLACEMENT_3D ( 'NONE', #1755, #1355, #653 ) ;
#95 = CIRCLE ( 'NONE', #610, 0.2000000000000000111 ) ;
#96 = FILL_AREA_STYLE ('',( #767 ) ) ;
#97 = PLANE ( 'NONE',  #1269 ) ;
#98 = CARTESIAN_POINT ( 'NONE',  ( -0.8759842519685040463, -1.431644614165658899E-33, 0.000000000000000000 ) ) ;
#99 = CARTESIAN_POINT ( 'NONE',  ( 0.7164396555337322336, 0.2000000000000000389, -2.449293598294707154E-17 ) ) ;
#100 = ORIENTED_EDGE ( 'NONE', *, *, #862, .T. ) ;
#101 = DIRECTION ( 'NONE',  ( 0.000000000000000000, -1.000000000000000000, 0.000000000000000000 ) ) ;
#102 = EDGE_CURVE ( 'NONE', #194, #358, #1146, .T. ) ;
#103 = DIRECTION ( 'NONE',  ( -0.4999999999999987232, 0.8660254037844393737, 0.000000000000000000 ) ) ;
#104 = CARTESIAN_POINT ( 'NONE',  ( 1.000000000000000000, 0.2187499999999999445, -2.678914873134834756E-17 ) ) ;
#105 = LINE ( 'NONE', #1744, #180 ) ;
#106 = EDGE_LOOP ( 'NONE', ( #957, #376, #1758, #1502 ) ) ;
#107 = DIRECTION ( 'NONE',  ( 0.000000000000000000, -1.000000000000000000, 0.000000000000000000 ) ) ;
#108 = EDGE_CURVE ( 'NONE', #1490, #1129, #1624, .T. ) ;
#109 = ORIENTED_EDGE ( 'NONE', *, *, #1257, .F. ) ;
#110 = DIRECTION ( 'NONE',  ( 0.000000000000000000, -1.000000000000000000, 0.000000000000000000 ) ) ;
#111 = FACE_OUTER_BOUND ( 'NONE', #1543, .T. ) ;
#112 = PLANE ( 'NONE',  #1090 ) ;
#113 = CARTESIAN_POINT ( 'NONE',  ( -0.8559842519685038065, -0.09043307086614174595, 0.000000000000000000 ) ) ;
#114 = EDGE_LOOP ( 'NONE', ( #260, #1160, #951, #1158 ) ) ;
#115 = DIRECTION ( 'NONE',  ( 1.000000000000000000, 1.154405498406595936E-32, 0.000000000000000000 ) ) ;
#116 = AXIS2_PLACEMENT_3D ( 'NONE', #1421, #888, #1567 ) ;
#117 = EDGE_LOOP ( 'NONE', ( #1430, #612 ) ) ;
#118 = VECTOR ( 'NONE', #316, 39.37007874015748143 ) ;
#119 = EDGE_CURVE ( 'NONE', #625, #16, #1328, .T. ) ;
#120 = AXIS2_PLACEMENT_3D ( 'NONE', #1570, #365, #609 ) ;
#121 = SURFACE_SIDE_STYLE ('',( #1362 ) ) ;
#122 = DIRECTION ( 'NONE',  ( 1.000000000000000000, 1.154405498406595936E-32, 0.000000000000000000 ) ) ;
#123 = EDGE_CURVE ( 'NONE', #1101, #625, #1239, .T. ) ;
#124 = AXIS2_PLACEMENT_3D ( 'NONE', #956, #1508, #373 ) ;
#125 = CONICAL_SURFACE ( 'NONE', #1122, 0.06299212598425195375, 0.7853981633974500554 ) ;
#126 = DIRECTION ( 'NONE',  ( 1.154405498406595936E-32, 1.000000000000000000, 0.000000000000000000 ) ) ;
#127 = DIRECTION ( 'NONE',  ( 0.000000000000000000, -1.000000000000000000, 0.000000000000000000 ) ) ;
#128 = ORIENTED_EDGE ( 'NONE', *, *, #338, .F. ) ;
#129 = DIRECTION ( 'NONE',  ( -1.000000000000000000, 1.154405498406595936E-32, 0.000000000000000000 ) ) ;
#130 = EDGE_LOOP ( 'NONE', ( #650, #290, #586 ) ) ;
#131 = DIRECTION ( 'NONE',  ( -1.000000000000000000, -1.154405498406595936E-32, -0.000000000000000000 ) ) ;
#132 = FACE_OUTER_BOUND ( 'NONE', #1212, .T. ) ;
#133 = EDGE_CURVE ( 'NONE', #358, #503, #1488, .T. ) ;
#134 = DIRECTION ( 'NONE',  ( -1.000000000000000000, 1.154405498406595936E-32, -0.000000000000000000 ) ) ;
#135 = CARTESIAN_POINT ( 'NONE',  ( 0.8818897637795275468, -1.363471061110152350E-33, 0.000000000000000000 ) ) ;
#136 = ORIENTED_EDGE ( 'NONE', *, *, #1416, .F. ) ;
#137 = FACE_OUTER_BOUND ( 'NONE', #804, .T. ) ;
#138 = ORIENTED_EDGE ( 'NONE', *, *, #1557, .T. ) ;
#139 = FACE_OUTER_BOUND ( 'NONE', #348, .T. ) ;
#140 = DIRECTION ( 'NONE',  ( 0.000000000000000000, -1.000000000000000000, 0.000000000000000000 ) ) ;
#141 = FACE_OUTER_BOUND ( 'NONE', #1099, .T. ) ;
#142 = ADVANCED_FACE ( 'NONE', ( #543 ), #1499, .F. ) ;
#143 = EDGE_CURVE ( 'NONE', #1552, #470, #465, .T. ) ;
#144 = ORIENTED_EDGE ( 'NONE', *, *, #1094, .F. ) ;
#145 = DIRECTION ( 'NONE',  ( -1.000000000000000000, 1.154405498406595936E-32, 0.000000000000000000 ) ) ;
#146 = VERTEX_POINT ( 'NONE', #258 ) ;
#147 = VECTOR ( 'NONE', #200, 39.37007874015748143 ) ;
#148 = CIRCLE ( 'NONE', #487, 0.2687499999999999889 ) ;
#149 = DIRECTION ( 'NONE',  ( 0.000000000000000000, 1.000000000000000000, 0.000000000000000000 ) ) ;
#150 = AXIS2_PLACEMENT_3D ( 'NONE', #973, #966, #1419 ) ;
#151 = AXIS2_PLACEMENT_3D ( 'NONE', #285, #1539, #140 ) ;
#152 = CARTESIAN_POINT ( 'NONE',  ( -0.8818897637795275468, -1.363471061110152350E-33, 0.000000000000000000 ) ) ;
#153 = CYLINDRICAL_SURFACE ( 'NONE', #863, 0.2687499999999999889 ) ;
#154 = CIRCLE ( 'NONE', #717, 0.2000000000000000111 ) ;
#155 = AXIS2_PLACEMENT_3D ( 'NONE', #706, #1252, #1661 ) ;
#156 = VERTEX_POINT ( 'NONE', #1085 ) ;
#157 = CARTESIAN_POINT ( 'NONE',  ( -0.8759842519685039353, 0.1604330708661417526, 1.964738467136009885E-17 ) ) ;
#158 = ORIENTED_EDGE ( 'NONE', *, *, #1588, .F. ) ;
#159 = DIRECTION ( 'NONE',  ( -1.000000000000000000, 1.154405498406595936E-32, -0.000000000000000000 ) ) ;
#160 = DIRECTION ( 'NONE',  ( -1.000000000000000000, 1.154405498406595936E-32, -0.000000000000000000 ) ) ;
#161 = LINE ( 'NONE', #699, #324 ) ;
#162 = ORIENTED_EDGE ( 'NONE', *, *, #1630, .F. ) ;
#163 = CARTESIAN_POINT ( 'NONE',  ( -1.000000000000000000, 0.1604330708661417526, 1.964738467136009885E-17 ) ) ;
#164 = ORIENTED_EDGE ( 'NONE', *, *, #729, .T. ) ;
#165 = PRODUCT_RELATED_PRODUCT_CATEGORY ( 'part', '', ( #1270 ) ) ;
#166 = ADVANCED_FACE ( 'NONE', ( #1049 ), #918, .F. ) ;
#167 = DIRECTION ( 'NONE',  ( 0.3420201433256658818, 0.9396926207859094271, 0.000000000000000000 ) ) ;
#168 = DIRECTION ( 'NONE',  ( 1.000000000000000000, 1.154405498406595936E-32, 0.000000000000000000 ) ) ;
#169 = DIRECTION ( 'NONE',  ( 1.000000000000000000, 1.154405498406595936E-32, 0.000000000000000000 ) ) ;
#170 = ORIENTED_EDGE ( 'NONE', *, *, #1524, .F. ) ;
#171 = LINE ( 'NONE', #1248, #1577 ) ;
#172 = ORIENTED_EDGE ( 'NONE', *, *, #1563, .T. ) ;
#173 = CARTESIAN_POINT ( 'NONE',  ( -0.8818897637795275468, -0.2187499999999999445, 2.985076572921673304E-17 ) ) ;
#174 = CIRCLE ( 'NONE', #405, 0.2687499999999999889 ) ;
#175 = ADVANCED_FACE ( 'NONE', ( #1762, #1343 ), #112, .F. ) ;
#176 = DIRECTION ( 'NONE',  ( 1.000000000000000000, -1.154405498406595936E-32, 0.000000000000000000 ) ) ;
#177 = CARTESIAN_POINT ( 'NONE',  ( 0.8538675134594810867, 0.2687499999999999889, -3.291238272708512160E-17 ) ) ;
#178 = EDGE_CURVE ( 'NONE', #537, #1560, #915, .T. ) ;
#179 = CONICAL_SURFACE ( 'NONE', #666, 0.2687499999999999889, 1.047197551196599186 ) ;
#180 = VECTOR ( 'NONE', #515, 39.37007874015748143 ) ;
#181 = EDGE_LOOP ( 'NONE', ( #1093, #849, #1168, #1345 ) ) ;
#182 = CARTESIAN_POINT ( 'NONE',  ( -0.7711324865405189133, -2.642059159442706060E-33, 0.000000000000000000 ) ) ;
#183 = AXIS2_PLACEMENT_3D ( 'NONE', #1156, #478, #623 ) ;
#184 = ORIENTED_EDGE ( 'NONE', *, *, #85, .F. ) ;
#185 = CYLINDRICAL_SURFACE ( 'NONE', #602, 0.2187500000000000000 ) ;
#186 = CARTESIAN_POINT ( 'NONE',  ( -1.000000000000000000, 0.2187500000000000000, 2.678914873134835372E-17 ) ) ;
#187 = CYLINDRICAL_SURFACE ( 'NONE', #1412, 0.2187499999999999445 ) ;
#188 = ADVANCED_FACE ( 'NONE', ( #1474 ), #532, .T. ) ;
#189 = EDGE_LOOP ( 'NONE', ( #333, #1073, #313, #1427 ) ) ;
#190 = FACE_OUTER_BOUND ( 'NONE', #1361, .T. ) ;
#191 = VERTEX_POINT ( 'NONE', #969 ) ;
#192 = LINE ( 'NONE', #329, #691 ) ;
#193 = DIRECTION ( 'NONE',  ( -1.000000000000000000, -1.154405498406595936E-32, -0.000000000000000000 ) ) ;
#194 = VERTEX_POINT ( 'NONE', #1521 ) ;
#195 = DIRECTION ( 'NONE',  ( 1.000000000000000000, 1.154405498406595936E-32, 0.000000000000000000 ) ) ;
#196 = EDGE_CURVE ( 'NONE', #1154, #1337, #41, .T. ) ;
#197 = VERTEX_POINT ( 'NONE', #825 ) ;
#198 = EDGE_LOOP ( 'NONE', ( #1078, #1478, #721, #475 ) ) ;
#199 = AXIS2_PLACEMENT_3D ( 'NONE', #1609, #1187, #1207 ) ;
#200 = DIRECTION ( 'NONE',  ( 1.000000000000000000, 1.154405498406595936E-32, 0.000000000000000000 ) ) ;
#201 = DIRECTION ( 'NONE',  ( -1.000000000000000000, 1.154405498406595936E-32, -0.000000000000000000 ) ) ;
#202 = VECTOR ( 'NONE', #1312, 39.37007874015748143 ) ;
#203 = ORIENTED_EDGE ( 'NONE', *, *, #571, .F. ) ;
#204 = CARTESIAN_POINT ( 'NONE',  ( -0.8759842519685039353, -1.431644614165660267E-33, 0.000000000000000000 ) ) ;
#205 = AXIS2_PLACEMENT_3D ( 'NONE', #389, #1222, #396 ) ;
#206 = CONICAL_SURFACE ( 'NONE', #1438, 0.2187499999999999445, 1.221730476396033716 ) ;
#207 = EDGE_LOOP ( 'NONE', ( #868, #1536, #986, #1653 ) ) ;
#208 = CONICAL_SURFACE ( 'NONE', #439, 0.2187499999999999445, 1.221730476396033716 ) ;
#209 = ADVANCED_FACE ( 'NONE', ( #448 ), #687, .T. ) ;
#210 = AXIS2_PLACEMENT_3D ( 'NONE', #75, #1562, #355 ) ;
#211 = VERTEX_POINT ( 'NONE', #562 ) ;
#212 = DIRECTION ( 'NONE',  ( 0.000000000000000000, -1.000000000000000000, 0.000000000000000000 ) ) ;
#213 = DIRECTION ( 'NONE',  ( -1.000000000000000000, -1.154405498406595936E-32, -0.000000000000000000 ) ) ;
#214 = ORIENTED_EDGE ( 'NONE', *, *, #1330, .T. ) ;
#215 = CARTESIAN_POINT ( 'NONE',  ( 0.4921259842519685179, -5.862925562773656217E-33, 0.000000000000000000 ) ) ;
#216 = ORIENTED_EDGE ( 'NONE', *, *, #1448, .T. ) ;
#217 = CARTESIAN_POINT ( 'NONE',  ( -0.8636912520662176629, 0.2687499999999999889, 3.291238272708512160E-17 ) ) ;
#218 = ORIENTED_EDGE ( 'NONE', *, *, #1484, .T. ) ;
#219 = EDGE_CURVE ( 'NONE', #306, #1181, #1370, .T. ) ;
#220 = EDGE_CURVE ( 'NONE', #707, #689, #5, .T. ) ;
#221 = CARTESIAN_POINT ( 'NONE',  ( 0.8249999999999999556, 0.2187500000000000000, -2.985076572921673304E-17 ) ) ;
#222 = DIRECTION ( 'NONE',  ( 1.154405498406596073E-32, -1.000000000000000000, 0.000000000000000000 ) ) ;
#223 = ORIENTED_EDGE ( 'NONE', *, *, #362, .T. ) ;
#224 = CARTESIAN_POINT ( 'NONE',  ( 7.271845659254151284E-34, 0.06299212598425200926, 7.714310545810104293E-18 ) ) ;
#225 = UNCERTAINTY_MEASURE_WITH_UNIT (LENGTH_MEASURE( 1.000000000000000082E-05 ), #1657, 'distance_accuracy_value', 'NONE');
#226 = ORIENTED_EDGE ( 'NONE', *, *, #793, .T. ) ;
#227 = FACE_OUTER_BOUND ( 'NONE', #735, .T. ) ;
#228 = EDGE_LOOP ( 'NONE', ( #69, #1018, #1485, #1400 ) ) ;
#229 = DIRECTION ( 'NONE',  ( 0.000000000000000000, -1.000000000000000000, 0.000000000000000000 ) ) ;
#230 = EDGE_CURVE ( 'NONE', #1756, #715, #637, .T. ) ;
#231 = DIRECTION ( 'NONE',  ( 0.000000000000000000, -1.000000000000000000, 0.000000000000000000 ) ) ;
#232 = DIRECTION ( 'NONE',  ( -1.000000000000000000, -1.154405498406595936E-32, -0.000000000000000000 ) ) ;
#233 = MECHANICAL_DESIGN_GEOMETRIC_PRESENTATION_REPRESENTATION (  '', ( #830 ), #1026 ) ;
#234 = CIRCLE ( 'NONE', #1467, 0.06749999999999993505 ) ;
#235 = EDGE_LOOP ( 'NONE', ( #1721, #747, #591, #1308 ) ) ;
#236 = CARTESIAN_POINT ( 'NONE',  ( -0.7561324865405189000, -2.815219984203695074E-33, 0.000000000000000000 ) ) ;
#237 = AXIS2_PLACEMENT_3D ( 'NONE', #1680, #1282, #598 ) ;
#238 = AXIS2_PLACEMENT_3D ( 'NONE', #525, #386, #926 ) ;
#239 = CIRCLE ( 'NONE', #639, 0.2687499999999999889 ) ;
#240 = CARTESIAN_POINT ( 'NONE',  ( 0.8538675134594810867, 0.2687499999999999889, -3.291238272708512160E-17 ) ) ;
#241 = DIRECTION ( 'NONE',  ( 1.000000000000000000, 1.154405498406595936E-32, 0.000000000000000000 ) ) ;
#242 = CARTESIAN_POINT ( 'NONE',  ( -0.8559842519685038065, -1.662525713846980378E-33, 0.000000000000000000 ) ) ;
#243 = FACE_OUTER_BOUND ( 'NONE', #130, .T. ) ;
#244 = EDGE_CURVE ( 'NONE', #1197, #1276, #698, .T. ) ;
#245 = VERTEX_POINT ( 'NONE', #579 ) ;
#246 = CARTESIAN_POINT ( 'NONE',  ( 1.000000000000000000, 0.000000000000000000, 0.000000000000000000 ) ) ;
#247 = ORIENTED_EDGE ( 'NONE', *, *, #600, .T. ) ;
#248 = CARTESIAN_POINT ( 'NONE',  ( -1.000000000000000000, 0.000000000000000000, 0.000000000000000000 ) ) ;
#249 = CARTESIAN_POINT ( 'NONE',  ( -0.9800000000000000933, -2.308810996813182720E-34, 0.000000000000000000 ) ) ;
#250 = DIRECTION ( 'NONE',  ( -1.000000000000000000, -1.154405498406595936E-32, 0.000000000000000000 ) ) ;
#251 = EDGE_LOOP ( 'NONE', ( #23, #828, #877, #730 ) ) ;
#252 = FACE_OUTER_BOUND ( 'NONE', #1692, .T. ) ;
#253 = EDGE_CURVE ( 'NONE', #1718, #16, #861, .T. ) ;
#254 = ORIENTED_EDGE ( 'NONE', *, *, #287, .T. ) ;
#255 = ADVANCED_FACE ( 'NONE', ( #1131 ), #988, .T. ) ;
#256 = DIRECTION ( 'NONE',  ( -0.7071067811865462405, -0.7071067811865486830, -8.659560562354947649E-17 ) ) ;
#257 = DIRECTION ( 'NONE',  ( -1.000000000000000000, 1.154405498406595936E-32, -0.000000000000000000 ) ) ;
#258 = CARTESIAN_POINT ( 'NONE',  ( 0.4921259842519685179, -0.06299212598425195375, -7.714310545810096589E-18 ) ) ;
#259 = CARTESIAN_POINT ( 'NONE',  ( -0.9800000000000000933, -0.1604330708661417526, 0.000000000000000000 ) ) ;
#260 = ORIENTED_EDGE ( 'NONE', *, *, #1682, .T. ) ;
#261 = DIRECTION ( 'NONE',  ( -1.000000000000000000, -1.154405498406595936E-32, 0.000000000000000000 ) ) ;
#262 = AXIS2_PLACEMENT_3D ( 'NONE', #1334, #1486, #399 ) ;
#263 = AXIS2_PLACEMENT_3D ( 'NONE', #1676, #748, #101 ) ;
#264 = ORIENTED_EDGE ( 'NONE', *, *, #1704, .F. ) ;
#265 = EDGE_CURVE ( 'NONE', #774, #1358, #302, .T. ) ;
#266 = CIRCLE ( 'NONE', #1092, 0.06299212598425195375 ) ;
#267 = CIRCLE ( 'NONE', #520, 0.09043307086614174595 ) ;
#268 = DIRECTION ( 'NONE',  ( 1.000000000000000000, 1.154405498406595936E-32, 0.000000000000000000 ) ) ;
#269 = DIRECTION ( 'NONE',  ( -0.7071067811865414665, 0.7071067811865535679, 8.659560562355006814E-17 ) ) ;
#270 = CIRCLE ( 'NONE', #554, 0.2187499999999999445 ) ;
#271 = DIRECTION ( 'NONE',  ( 0.000000000000000000, -1.000000000000000000, 0.000000000000000000 ) ) ;
#272 = FACE_OUTER_BOUND ( 'NONE', #654, .T. ) ;
#273 = ORIENTED_EDGE ( 'NONE', *, *, #1588, .T. ) ;
#274 = CARTESIAN_POINT ( 'NONE',  ( -0.8759842519685039353, -1.431644614165660267E-33, 0.000000000000000000 ) ) ;
#275 = ORIENTED_EDGE ( 'NONE', *, *, #20, .T. ) ;
#276 = DIRECTION ( 'NONE',  ( 0.000000000000000000, -1.000000000000000000, 0.000000000000000000 ) ) ;
#277 = ADVANCED_FACE ( 'NONE', ( #1245 ), #1469, .T. ) ;
#278 = ADVANCED_FACE ( 'NONE', ( #29 ), #1605, .T. ) ;
#279 = DIRECTION ( 'NONE',  ( 1.000000000000000000, 1.154405498406595936E-32, 0.000000000000000000 ) ) ;
#280 = CARTESIAN_POINT ( 'NONE',  ( -1.000000000000000000, -2.404545026348657269E-65, 0.000000000000000000 ) ) ;
#281 = ORIENTED_EDGE ( 'NONE', *, *, #30, .T. ) ;
#282 = CARTESIAN_POINT ( 'NONE',  ( 0.7711324865405189133, -0.2687499999999999889, 0.000000000000000000 ) ) ;
#283 = ORIENTED_EDGE ( 'NONE', *, *, #512, .F. ) ;
#284 = DIRECTION ( 'NONE',  ( -1.000000000000000000, -1.154405498406595936E-32, -0.000000000000000000 ) ) ;
#285 = CARTESIAN_POINT ( 'NONE',  ( -1.000000000000000000, 0.000000000000000000, 0.000000000000000000 ) ) ;
#286 = CARTESIAN_POINT ( 'NONE',  ( -0.8538675134594810867, -0.2687499999999999889, 0.000000000000000000 ) ) ;
#287 = EDGE_CURVE ( 'NONE', #1133, #1490, #835, .T. ) ;
#288 = VERTEX_POINT ( 'NONE', #1251 ) ;
#289 = CARTESIAN_POINT ( 'NONE',  ( 1.000000000000000000, 0.000000000000000000, 0.000000000000000000 ) ) ;
#290 = ORIENTED_EDGE ( 'NONE', *, *, #495, .T. ) ;
#291 = CIRCLE ( 'NONE', #975, 0.1604330708661417526 ) ;
#292 = AXIS2_PLACEMENT_3D ( 'NONE', #1367, #1510, #1091 ) ;
#293 = CIRCLE ( 'NONE', #578, 0.2687499999999999889 ) ;
#294 = DIRECTION ( 'NONE',  ( 0.000000000000000000, 1.000000000000000000, 0.000000000000000000 ) ) ;
#295 = DIRECTION ( 'NONE',  ( 1.000000000000000000, 1.154405498406595936E-32, 0.000000000000000000 ) ) ;
#296 = AXIS2_PLACEMENT_3D ( 'NONE', #1599, #1498, #1481 ) ;
#297 = VERTEX_POINT ( 'NONE', #437 ) ;
#298 = DIRECTION ( 'NONE',  ( -1.000000000000000000, 1.154405498406595936E-32, -0.000000000000000000 ) ) ;
#299 = ADVANCED_FACE ( 'NONE', ( #1104 ), #1644, .T. ) ;
#300 = ORIENTED_EDGE ( 'NONE', *, *, #1260, .F. ) ;
#301 = LINE ( 'NONE', #968, #1689 ) ;
#302 = LINE ( 'NONE', #311, #323 ) ;
#303 = FACE_OUTER_BOUND ( 'NONE', #1044, .T. ) ;
#304 = ORIENTED_EDGE ( 'NONE', *, *, #657, .F. ) ;
#305 = DIRECTION ( 'NONE',  ( 0.000000000000000000, -1.000000000000000000, 0.000000000000000000 ) ) ;
#306 = VERTEX_POINT ( 'NONE', #1532 ) ;
#307 = EDGE_CURVE ( 'NONE', #1129, #191, #293, .T. ) ;
#308 = EDGE_CURVE ( 'NONE', #368, #197, #978, .T. ) ;
#309 = DIRECTION ( 'NONE',  ( 0.000000000000000000, 1.000000000000000000, 0.000000000000000000 ) ) ;
#310 = APPLICATION_PROTOCOL_DEFINITION ( 'draft international standard', 'automotive_design', 1998, #1403 ) ;
#311 = CARTESIAN_POINT ( 'NONE',  ( 1.000000000000000000, -0.2187500000000000000, 0.000000000000000000 ) ) ;
#312 = CARTESIAN_POINT ( 'NONE',  ( 7.271845659254152139E-34, -0.06299212598425200926, 0.000000000000000000 ) ) ;
#313 = ORIENTED_EDGE ( 'NONE', *, *, #1136, .F. ) ;
#314 = DIRECTION ( 'NONE',  ( -1.000000000000000000, 1.154405498406595936E-32, -0.000000000000000000 ) ) ;
#315 = ORIENTED_EDGE ( 'NONE', *, *, #143, .F. ) ;
#316 = DIRECTION ( 'NONE',  ( -1.000000000000000000, 1.154405498406595936E-32, -0.000000000000000000 ) ) ;
#317 = VECTOR ( 'NONE', #1512, 39.37007874015748143 ) ;
#318 = ADVANCED_FACE ( 'NONE', ( #569 ), #1465, .F. ) ;
#319 = AXIS2_PLACEMENT_3D ( 'NONE', #1233, #2, #149 ) ;
#320 = CARTESIAN_POINT ( 'NONE',  ( -0.8538675134594810867, -1.686961459582028528E-33, 0.000000000000000000 ) ) ;
#321 = CARTESIAN_POINT ( 'NONE',  ( 1.000000000000000000, 0.2187500000000000000, -2.678914873134835372E-17 ) ) ;
#322 = VECTOR ( 'NONE', #1188, 39.37007874015748143 ) ;
#323 = VECTOR ( 'NONE', #982, 39.37007874015748143 ) ;
#324 = VECTOR ( 'NONE', #1246, 39.37007874015748854 ) ;
#325 = EDGE_LOOP ( 'NONE', ( #1089, #676, #700, #501 ) ) ;
#326 = FACE_BOUND ( 'NONE', #1301, .T. ) ;
#327 = AXIS2_PLACEMENT_3D ( 'NONE', #1590, #906, #1175 ) ;
#328 = ORIENTED_EDGE ( 'NONE', *, *, #1260, .T. ) ;
#329 = CARTESIAN_POINT ( 'NONE',  ( -1.000000000000000000, 0.2000000000000000389, 2.449293598294707154E-17 ) ) ;
#330 = DIRECTION ( 'NONE',  ( 0.000000000000000000, -1.000000000000000000, 0.000000000000000000 ) ) ;
#331 = ORIENTED_EDGE ( 'NONE', *, *, #1125, .T. ) ;
#332 = DIRECTION ( 'NONE',  ( 0.000000000000000000, -1.000000000000000000, 0.000000000000000000 ) ) ;
#333 = ORIENTED_EDGE ( 'NONE', *, *, #679, .T. ) ;
#334 = CARTESIAN_POINT ( 'NONE',  ( 1.000000000000000000, -0.2687499999999999889, 0.000000000000000000 ) ) ;
#335 = CARTESIAN_POINT ( 'NONE',  ( 1.000000000000000000, -0.2000000000000000389, 0.000000000000000000 ) ) ;
#336 = ORIENTED_EDGE ( 'NONE', *, *, #817, .T. ) ;
#337 = LINE ( 'NONE', #1179, #1356 ) ;
#338 = EDGE_CURVE ( 'NONE', #1129, #923, #621, .T. ) ;
#339 = EDGE_LOOP ( 'NONE', ( #901, #223, #976, #857 ) ) ;
#340 = CYLINDRICAL_SURFACE ( 'NONE', #1715, 0.2000000000000000389 ) ;
#341 = CARTESIAN_POINT ( 'NONE',  ( -0.8538675134594810867, -1.686961459582028528E-33, 0.000000000000000000 ) ) ;
#342 = CIRCLE ( 'NONE', #1117, 0.2187500000000000000 ) ;
#343 = VERTEX_POINT ( 'NONE', #186 ) ;
#344 = FACE_OUTER_BOUND ( 'NONE', #656, .T. ) ;
#345 = CIRCLE ( 'NONE', #1172, 0.06299212598425200926 ) ;
#346 = CONICAL_SURFACE ( 'NONE', #1664, 0.2687499999999999889, 1.047197551196598742 ) ;
#347 = VECTOR ( 'NONE', #1671, 39.37007874015748143 ) ;
#348 = EDGE_LOOP ( 'NONE', ( #493, #281 ) ) ;
#349 = DIRECTION ( 'NONE',  ( 0.3420201433256658818, -0.9396926207859094271, 1.150791560227851502E-16 ) ) ;
#350 = EDGE_CURVE ( 'NONE', #1247, #1552, #74, .T. ) ;
#351 = CONICAL_SURFACE ( 'NONE', #1147, 0.2687499999999999889, 1.047197551196598742 ) ;
#352 = VECTOR ( 'NONE', #912, 39.37007874015748143 ) ;
#353 = EDGE_LOOP ( 'NONE', ( #611, #315 ) ) ;
#354 = DIRECTION ( 'NONE',  ( -1.000000000000000000, 1.154405498406595936E-32, -0.000000000000000000 ) ) ;
#355 = DIRECTION ( 'NONE',  ( 0.000000000000000000, -1.000000000000000000, 0.000000000000000000 ) ) ;
#356 = VERTEX_POINT ( 'NONE', #1428 ) ;
#357 = DIRECTION ( 'NONE',  ( 0.000000000000000000, -1.000000000000000000, 0.000000000000000000 ) ) ;
#358 = VERTEX_POINT ( 'NONE', #878 ) ;
#359 = DIRECTION ( 'NONE',  ( -1.000000000000000000, 1.154405498406595936E-32, -0.000000000000000000 ) ) ;
#360 = EDGE_CURVE ( 'NONE', #1423, #1385, #1631, .T. ) ;
#361 = ORIENTED_EDGE ( 'NONE', *, *, #244, .F. ) ;
#362 = EDGE_CURVE ( 'NONE', #549, #625, #192, .T. ) ;
#363 = CARTESIAN_POINT ( 'NONE',  ( -0.8000000000000000444, 0.2187500000000000000, 0.000000000000000000 ) ) ;
#364 = VERTEX_POINT ( 'NONE', #221 ) ;
#365 = DIRECTION ( 'NONE',  ( 1.000000000000000000, -1.154405498406595936E-32, 0.000000000000000000 ) ) ;
#366 = EDGE_LOOP ( 'NONE', ( #559, #765 ) ) ;
#367 = LINE ( 'NONE', #619, #1632 ) ;
#368 = VERTEX_POINT ( 'NONE', #725 ) ;
#369 =( NAMED_UNIT ( * ) PLANE_ANGLE_UNIT ( ) SI_UNIT ( $, .RADIAN. ) );
#370 = LINE ( 'NONE', #1363, #352 ) ;
#371 = EDGE_CURVE ( 'NONE', #191, #1129, #796, .T. ) ;
#372 = DIRECTION ( 'NONE',  ( 1.000000000000000000, -1.154405498406595936E-32, 0.000000000000000000 ) ) ;
#373 = DIRECTION ( 'NONE',  ( 1.154405498406595936E-32, 1.000000000000000000, 0.000000000000000000 ) ) ;
#374 = AXIS2_PLACEMENT_3D ( 'NONE', #1162, #740, #731 ) ;
#375 = CONICAL_SURFACE ( 'NONE', #462, 0.2187500000000000000, 1.047197551196599186 ) ;
#376 = ORIENTED_EDGE ( 'NONE', *, *, #133, .T. ) ;
#377 = DIRECTION ( 'NONE',  ( 0.000000000000000000, -1.000000000000000000, 0.000000000000000000 ) ) ;
#378 = CIRCLE ( 'NONE', #577, 0.1604330708661417526 ) ;
#379 = AXIS2_PLACEMENT_3D ( 'NONE', #719, #1110, #705 ) ;
#380 = ORIENTED_EDGE ( 'NONE', *, *, #1125, .F. ) ;
#381 = VECTOR ( 'NONE', #688, 39.37007874015748143 ) ;
#382 = VECTOR ( 'NONE', #103, 39.37007874015748143 ) ;
#383 = CARTESIAN_POINT ( 'NONE',  ( -1.000000000000000000, 0.000000000000000000, 0.000000000000000000 ) ) ;
#384 = LINE ( 'NONE', #1623, #1386 ) ;
#385 = EDGE_CURVE ( 'NONE', #1569, #1420, #1602, .T. ) ;
#386 = DIRECTION ( 'NONE',  ( -1.000000000000000000, 1.154405498406595936E-32, 0.000000000000000000 ) ) ;
#387 = DIRECTION ( 'NONE',  ( -1.000000000000000000, 1.154405498406595936E-32, -0.000000000000000000 ) ) ;
#388 = ORIENTED_EDGE ( 'NONE', *, *, #123, .T. ) ;
#389 = CARTESIAN_POINT ( 'NONE',  ( 0.4921259842519685179, -5.862925562773656217E-33, 0.000000000000000000 ) ) ;
#390 = VERTEX_POINT ( 'NONE', #1546 ) ;
#391 =( NAMED_UNIT ( * ) SI_UNIT ( $, .STERADIAN. ) SOLID_ANGLE_UNIT ( ) );
#392 = CARTESIAN_POINT ( 'NONE',  ( 0.8000000000000000444, 0.2187500000000000000, 0.000000000000000000 ) ) ;
#393 = LINE ( 'NONE', #769, #1439 ) ;
#394 = DIRECTION ( 'NONE',  ( 0.000000000000000000, -1.000000000000000000, 0.000000000000000000 ) ) ;
#395 = ORIENTED_EDGE ( 'NONE', *, *, #1730, .T. ) ;
#396 = DIRECTION ( 'NONE',  ( 0.000000000000000000, 1.000000000000000000, 0.000000000000000000 ) ) ;
#397 = EDGE_CURVE ( 'NONE', #923, #1184, #1000, .T. ) ;
#398 = EDGE_LOOP ( 'NONE', ( #218, #642, #1621, #1318 ) ) ;
#399 = DIRECTION ( 'NONE',  ( 0.000000000000000000, -1.000000000000000000, 0.000000000000000000 ) ) ;
#400 = CARTESIAN_POINT ( 'NONE',  ( 0.8818897637795275468, -1.363471061110152350E-33, 0.000000000000000000 ) ) ;
#401 = DIRECTION ( 'NONE',  ( -0.4999999999999991118, 0.8660254037844391517, 1.060575238724907531E-16 ) ) ;
#402 = FACE_OUTER_BOUND ( 'NONE', #398, .T. ) ;
#403 = ORIENTED_EDGE ( 'NONE', *, *, #513, .T. ) ;
#404 = DIRECTION ( 'NONE',  ( -1.000000000000000000, -1.154405498406595936E-32, -0.000000000000000000 ) ) ;
#405 = AXIS2_PLACEMENT_3D ( 'NONE', #1120, #1656, #1109 ) ;
#406 = ORIENTED_EDGE ( 'NONE', *, *, #1537, .F. ) ;
#407 = EDGE_CURVE ( 'NONE', #707, #1407, #1747, .T. ) ;
#408 = CIRCLE ( 'NONE', #802, 0.2000000000000000111 ) ;
#409 = DIRECTION ( 'NONE',  ( 1.000000000000000000, 1.154405498406595936E-32, 0.000000000000000000 ) ) ;
#410 = CARTESIAN_POINT ( 'NONE',  ( -0.8818897637795275468, 0.2187499999999999445, 0.000000000000000000 ) ) ;
#411 = VECTOR ( 'NONE', #122, 39.37007874015748143 ) ;
#412 = DIRECTION ( 'NONE',  ( 0.000000000000000000, -1.000000000000000000, 0.000000000000000000 ) ) ;
#413 = FACE_BOUND ( 'NONE', #414, .T. ) ;
#414 = EDGE_LOOP ( 'NONE', ( #162, #756 ) ) ;
#415 = DIRECTION ( 'NONE',  ( 0.000000000000000000, -1.000000000000000000, 0.000000000000000000 ) ) ;
#416 = ORIENTED_EDGE ( 'NONE', *, *, #962, .F. ) ;
#417 = FACE_OUTER_BOUND ( 'NONE', #1466, .T. ) ;
#418 = ADVANCED_FACE ( 'NONE', ( #758 ), #340, .T. ) ;
#419 = CARTESIAN_POINT ( 'NONE',  ( -1.000000000000000000, 0.000000000000000000, 0.000000000000000000 ) ) ;
#420 = CARTESIAN_POINT ( 'NONE',  ( -0.7561324865405189000, -2.815219984203695074E-33, 0.000000000000000000 ) ) ;
#421 = EDGE_LOOP ( 'NONE', ( #300, #403, #1295, #1673 ) ) ;
#422 = FACE_OUTER_BOUND ( 'NONE', #106, .T. ) ;
#423 = ORIENTED_EDGE ( 'NONE', *, *, #479, .F. ) ;
#424 = CARTESIAN_POINT ( 'NONE',  ( -0.8000000000000000444, -2.308810996813190845E-33, 0.000000000000000000 ) ) ;
#425 = EDGE_CURVE ( 'NONE', #1081, #1681, #1306, .T. ) ;
#426 = DIRECTION ( 'NONE',  ( 1.000000000000000000, 1.154405498406595936E-32, 0.000000000000000000 ) ) ;
#427 = CYLINDRICAL_SURFACE ( 'NONE', #1176, 0.06299212598425198151 ) ;
#428 = ORIENTED_EDGE ( 'NONE', *, *, #993, .F. ) ;
#429 = FACE_OUTER_BOUND ( 'NONE', #940, .T. ) ;
#430 = AXIS2_PLACEMENT_3D ( 'NONE', #249, #797, #271 ) ;
#431 = VERTEX_POINT ( 'NONE', #1581 ) ;
#432 = VECTOR ( 'NONE', #256, 39.37007874015748854 ) ;
#433 = AXIS2_PLACEMENT_3D ( 'NONE', #931, #129, #1100 ) ;
#434 = CARTESIAN_POINT ( 'NONE',  ( 0.8000000000000000444, -2.308810996813190845E-33, 0.000000000000000000 ) ) ;
#435 = CIRCLE ( 'NONE', #1468, 0.06299212598425195375 ) ;
#436 = VECTOR ( 'NONE', #1068, 39.37007874015748143 ) ;
#437 = CARTESIAN_POINT ( 'NONE',  ( 0.5551181102362202635, 0.000000000000000000, 0.000000000000000000 ) ) ;
#438 = CARTESIAN_POINT ( 'NONE',  ( 0.7164396555337322336, -0.2000000000000000389, 0.000000000000000000 ) ) ;
#439 = AXIS2_PLACEMENT_3D ( 'NONE', #135, #250, #1196 ) ;
#440 = EDGE_CURVE ( 'NONE', #470, #1552, #1377, .T. ) ;
#441 = CIRCLE ( 'NONE', #1327, 0.2187500000000000000 ) ;
#442 = ORIENTED_EDGE ( 'NONE', *, *, #593, .T. ) ;
#443 = CARTESIAN_POINT ( 'NONE',  ( -0.8559842519685038065, 0.06749999999999992117, 8.266365894244623548E-18 ) ) ;
#444 = ADVANCED_FACE ( 'NONE', ( #899 ), #54, .T. ) ;
#445 = EDGE_LOOP ( 'NONE', ( #1476, #812, #1310, #1034 ) ) ;
#446 = FACE_OUTER_BOUND ( 'NONE', #1024, .T. ) ;
#447 = APPLICATION_PROTOCOL_DEFINITION ( 'draft international standard', 'automotive_design', 1998, #1041 ) ;
#448 = FACE_OUTER_BOUND ( 'NONE', #885, .T. ) ;
#449 = CARTESIAN_POINT ( 'NONE',  ( 0.8249999999999999556, -0.2187500000000000000, 0.000000000000000000 ) ) ;
#450 = ORIENTED_EDGE ( 'NONE', *, *, #1191, .T. ) ;
#451 = CARTESIAN_POINT ( 'NONE',  ( 0.7561324865405189000, 0.2687499999999999889, -3.291238272708512160E-17 ) ) ;
#452 = ORIENTED_EDGE ( 'NONE', *, *, #1313, .T. ) ;
#453 = EDGE_CURVE ( 'NONE', #1756, #343, #463, .T. ) ;
#454 = DIRECTION ( 'NONE',  ( -1.000000000000000000, -1.154405498406595936E-32, 0.000000000000000000 ) ) ;
#455 = CARTESIAN_POINT ( 'NONE',  ( -0.8759842519685040463, 0.1104330708661419164, 1.352415067562335254E-17 ) ) ;
#456 = CARTESIAN_POINT ( 'NONE',  ( 1.000000000000000000, -0.2187500000000000000, 0.000000000000000000 ) ) ;
#457 = ORIENTED_EDGE ( 'NONE', *, *, #143, .T. ) ;
#458 = DIRECTION ( 'NONE',  ( 0.000000000000000000, -1.000000000000000000, 0.000000000000000000 ) ) ;
#459 = ORIENTED_EDGE ( 'NONE', *, *, #495, .F. ) ;
#460 = EDGE_CURVE ( 'NONE', #920, #245, #1005, .T. ) ;
#461 = VECTOR ( 'NONE', #1759, 39.37007874015748143 ) ;
#462 = AXIS2_PLACEMENT_3D ( 'NONE', #987, #1538, #309 ) ;
#463 = LINE ( 'NONE', #1298, #601 ) ;
#464 = CARTESIAN_POINT ( 'NONE',  ( -0.4921259842519685179, 0.06299212598425195375, 0.000000000000000000 ) ) ;
#465 = CIRCLE ( 'NONE', #718, 0.1104330708661419164 ) ;
#466 = CONICAL_SURFACE ( 'NONE', #1326, 0.1104330708661419164, 0.7853981633974473908 ) ;
#467 = ORIENTED_EDGE ( 'NONE', *, *, #898, .T. ) ;
#468 = FACE_OUTER_BOUND ( 'NONE', #47, .T. ) ;
#469 = CIRCLE ( 'NONE', #496, 0.2187499999999999445 ) ;
#470 = VERTEX_POINT ( 'NONE', #471 ) ;
#471 = CARTESIAN_POINT ( 'NONE',  ( -0.8759842519685040463, -0.1104330708661419164, 0.000000000000000000 ) ) ;
#472 = FACE_OUTER_BOUND ( 'NONE', #325, .T. ) ;
#473 = ADVANCED_FACE ( 'NONE', ( #1012 ), #1561, .F. ) ;
#474 = DIRECTION ( 'NONE',  ( -1.000000000000000000, 1.154405498406595936E-32, -0.000000000000000000 ) ) ;
#475 = ORIENTED_EDGE ( 'NONE', *, *, #671, .F. ) ;
#476 = EDGE_LOOP ( 'NONE', ( #876, #842, #1578, #1381 ) ) ;
#477 = LINE ( 'NONE', #1019, #574 ) ;
#478 = DIRECTION ( 'NONE',  ( 1.000000000000000000, -1.154405498406595936E-32, 0.000000000000000000 ) ) ;
#479 = EDGE_CURVE ( 'NONE', #1118, #1509, #477, .T. ) ;
#480 = CARTESIAN_POINT ( 'NONE',  ( 1.000000000000000000, 0.2187500000000000000, -2.678914873134835064E-17 ) ) ;
#481 = DIRECTION ( 'NONE',  ( -1.000000000000000000, 1.154405498406595936E-32, -0.000000000000000000 ) ) ;
#482 = ORIENTED_EDGE ( 'NONE', *, *, #1506, .F. ) ;
#483 = LINE ( 'NONE', #641, #913 ) ;
#484 = AXIS2_PLACEMENT_3D ( 'NONE', #383, #1185, #110 ) ;
#485 = DIRECTION ( 'NONE',  ( -1.000000000000000000, 1.154405498406595936E-32, -0.000000000000000000 ) ) ;
#486 = LINE ( 'NONE', #363, #1214 ) ;
#487 = AXIS2_PLACEMENT_3D ( 'NONE', #90, #494, #1319 ) ;
#488 = VERTEX_POINT ( 'NONE', #933 ) ;
#489 = CYLINDRICAL_SURFACE ( 'NONE', #1720, 0.2687499999999999889 ) ;
#490 = EDGE_CURVE ( 'NONE', #191, #1184, #499, .T. ) ;
#491 = AXIS2_PLACEMENT_3D ( 'NONE', #1050, #916, #1086 ) ;
#492 = VECTOR ( 'NONE', #1335, 39.37007874015748143 ) ;
#493 = ORIENTED_EDGE ( 'NONE', *, *, #904, .T. ) ;
#494 = DIRECTION ( 'NONE',  ( -1.000000000000000000, 1.154405498406595936E-32, -0.000000000000000000 ) ) ;
#495 = EDGE_CURVE ( 'NONE', #297, #146, #1596, .T. ) ;
#496 = AXIS2_PLACEMENT_3D ( 'NONE', #400, #1205, #808 ) ;
#497 = EDGE_LOOP ( 'NONE', ( #937, #34, #1737, #667 ) ) ;
#498 = MANIFOLD_SOLID_BREP ( 'Chamfer1', #1658 ) ;
#499 = LINE ( 'NONE', #1047, #1203 ) ;
#500 = CARTESIAN_POINT ( 'NONE',  ( -0.8818897637795275468, -1.363471061110152350E-33, 0.000000000000000000 ) ) ;
#501 = ORIENTED_EDGE ( 'NONE', *, *, #407, .F. ) ;
#502 = CARTESIAN_POINT ( 'NONE',  ( -1.000000000000000000, 0.000000000000000000, 0.000000000000000000 ) ) ;
#503 = VERTEX_POINT ( 'NONE', #1055 ) ;
#504 = CARTESIAN_POINT ( 'NONE',  ( -1.000000000000000000, 0.1804330708661420202, 2.209667826965483682E-17 ) ) ;
#505 = EDGE_CURVE ( 'NONE', #774, #750, #1291, .T. ) ;
#506 = CARTESIAN_POINT ( 'NONE',  ( -7.271845659254151284E-34, 0.06299212598425200926, -7.714310545810104293E-18 ) ) ;
#507 = CARTESIAN_POINT ( 'NONE',  ( 0.8559842519685038065, -0.09043307086614174595, 0.000000000000000000 ) ) ;
#508 = DIRECTION ( 'NONE',  ( -1.000000000000000000, 1.154405498406595936E-32, -0.000000000000000000 ) ) ;
#509 = DIRECTION ( 'NONE',  ( -1.000000000000000000, -1.154405498406595936E-32, 0.000000000000000000 ) ) ;
#510 = ORIENTED_EDGE ( 'NONE', *, *, #1416, .T. ) ;
#511 = DIRECTION ( 'NONE',  ( 0.000000000000000000, -1.000000000000000000, 0.000000000000000000 ) ) ;
#512 = EDGE_CURVE ( 'NONE', #618, #18, #924, .T. ) ;
#513 = EDGE_CURVE ( 'NONE', #364, #1420, #786, .T. ) ;
#514 = DIRECTION ( 'NONE',  ( -1.000000000000000000, 1.154405498406595936E-32, -0.000000000000000000 ) ) ;
#515 = DIRECTION ( 'NONE',  ( -1.000000000000000000, 1.154405498406595936E-32, -0.000000000000000000 ) ) ;
#516 = AXIS2_PLACEMENT_3D ( 'NONE', #1224, #1401, #276 ) ;
#517 = VERTEX_POINT ( 'NONE', #651 ) ;
#518 = CARTESIAN_POINT ( 'NONE',  ( -0.6131889763779527769, -4.465367725135750080E-33, 0.000000000000000000 ) ) ;
#519 = CIRCLE ( 'NONE', #1353, 0.06299212598425195375 ) ;
#520 = AXIS2_PLACEMENT_3D ( 'NONE', #616, #134, #780 ) ;
#521 = ORIENTED_EDGE ( 'NONE', *, *, #1257, .T. ) ;
#522 = AXIS2_PLACEMENT_3D ( 'NONE', #943, #644, #523 ) ;
#523 = DIRECTION ( 'NONE',  ( 0.000000000000000000, -1.000000000000000000, 0.000000000000000000 ) ) ;
#524 = ADVANCED_FACE ( 'NONE', ( #1341 ), #643, .T. ) ;
#525 = CARTESIAN_POINT ( 'NONE',  ( -0.9800000000000000933, -2.308810996813182720E-34, 0.000000000000000000 ) ) ;
#526 = FACE_OUTER_BOUND ( 'NONE', #557, .T. ) ;
#527 = ORIENTED_EDGE ( 'NONE', *, *, #1284, .T. ) ;
#528 = CYLINDRICAL_SURFACE ( 'NONE', #1749, 0.2687499999999999889 ) ;
#529 = ORIENTED_EDGE ( 'NONE', *, *, #53, .T. ) ;
#530 = CARTESIAN_POINT ( 'NONE',  ( -0.8000000000000000444, -0.2187500000000000000, 2.678914873134835064E-17 ) ) ;
#531 = LINE ( 'NONE', #1066, #867 ) ;
#532 = CYLINDRICAL_SURFACE ( 'NONE', #950, 0.2187500000000000000 ) ;
#533 = DIRECTION ( 'NONE',  ( 0.000000000000000000, -1.000000000000000000, 0.000000000000000000 ) ) ;
#534 = PRODUCT_DEFINITION_SHAPE ( 'NONE', 'NONE',  #827 ) ;
#535 = EDGE_CURVE ( 'NONE', #194, #61, #807, .T. ) ;
#536 = EDGE_CURVE ( 'NONE', #288, #245, #1433, .T. ) ;
#537 = VERTEX_POINT ( 'NONE', #506 ) ;
#538 = CARTESIAN_POINT ( 'NONE',  ( -0.8249999999999999556, -2.020209622211543401E-33, 0.000000000000000000 ) ) ;
#539 = ORIENTED_EDGE ( 'NONE', *, *, #624, .F. ) ;
#540 = MANIFOLD_SOLID_BREP ( 'Mirror1', #35 ) ;
#541 = LENGTH_MEASURE_WITH_UNIT ( LENGTH_MEASURE( 0.02539999999999999897 ), #1458 );
#542 = CYLINDRICAL_SURFACE ( 'NONE', #922, 0.2687499999999999889 ) ;
#543 = FACE_OUTER_BOUND ( 'NONE', #1493, .T. ) ;
#544 = DIRECTION ( 'NONE',  ( 0.000000000000000000, 1.000000000000000000, 0.000000000000000000 ) ) ;
#545 = ORIENTED_EDGE ( 'NONE', *, *, #1070, .T. ) ;
#546 = DIRECTION ( 'NONE',  ( -1.000000000000000000, 1.154405498406595936E-32, -0.000000000000000000 ) ) ;
#547 =( GEOMETRIC_REPRESENTATION_CONTEXT ( 3 ) GLOBAL_UNCERTAINTY_ASSIGNED_CONTEXT ( ( #831 ) ) GLOBAL_UNIT_ASSIGNED_CONTEXT ( ( #1768, #1504, #1256 ) ) REPRESENTATION_CONTEXT ( 'NONE', 'WORKASPACE' ) );
#548 = CIRCLE ( 'NONE', #693, 0.2000000000000000389 ) ;
#549 = VERTEX_POINT ( 'NONE', #844 ) ;
#550 = ADVANCED_FACE ( 'NONE', ( #1633 ), #1741, .F. ) ;
#551 = AXIS2_PLACEMENT_3D ( 'NONE', #1374, #145, #1240 ) ;
#552 = AXIS2_PLACEMENT_3D ( 'NONE', #1507, #1123, #1273 ) ;
#553 = DIRECTION ( 'NONE',  ( 1.000000000000000000, -1.154405498406595936E-32, 0.000000000000000000 ) ) ;
#554 = AXIS2_PLACEMENT_3D ( 'NONE', #500, #1138, #1040 ) ;
#555 = CARTESIAN_POINT ( 'NONE',  ( -1.000000000000000000, -0.06749999999999993505, 0.000000000000000000 ) ) ;
#556 = DIRECTION ( 'NONE',  ( 0.000000000000000000, -1.000000000000000000, 0.000000000000000000 ) ) ;
#557 = EDGE_LOOP ( 'NONE', ( #1675, #1051, #1728, #1709 ) ) ;
#558 = CARTESIAN_POINT ( 'NONE',  ( 0.7561324865405189000, -2.815219984203695074E-33, 0.000000000000000000 ) ) ;
#559 = ORIENTED_EDGE ( 'NONE', *, *, #898, .F. ) ;
#560 = EDGE_CURVE ( 'NONE', #1655, #288, #1395, .T. ) ;
#561 = DIRECTION ( 'NONE',  ( 1.000000000000000000, -1.154405498406595936E-32, 0.000000000000000000 ) ) ;
#562 = CARTESIAN_POINT ( 'NONE',  ( -0.9800000000000000933, 0.1604330708661417526, 1.964738467136009885E-17 ) ) ;
#563 = FACE_OUTER_BOUND ( 'NONE', #992, .T. ) ;
#564 = ORIENTED_EDGE ( 'NONE', *, *, #1111, .F. ) ;
#565 = DIRECTION ( 'NONE',  ( 0.000000000000000000, -1.000000000000000000, 0.000000000000000000 ) ) ;
#566 = EDGE_LOOP ( 'NONE', ( #1511, #331, #896, #840 ) ) ;
#567 = CARTESIAN_POINT ( 'NONE',  ( -1.000000000000000000, 0.000000000000000000, 0.000000000000000000 ) ) ;
#568 = EDGE_CURVE ( 'NONE', #1681, #737, #174, .T. ) ;
#569 = FACE_OUTER_BOUND ( 'NONE', #1126, .T. ) ;
#570 = DIRECTION ( 'NONE',  ( 1.000000000000000000, 1.154405498406595936E-32, 0.000000000000000000 ) ) ;
#571 = EDGE_CURVE ( 'NONE', #8, #618, #1548, .T. ) ;
#572 = EDGE_LOOP ( 'NONE', ( #1223, #1021 ) ) ;
#573 = DIRECTION ( 'NONE',  ( 0.4999999999999991118, 0.8660254037844391517, -1.060575238724907531E-16 ) ) ;
#574 = VECTOR ( 'NONE', #1065, 39.37007874015748143 ) ;
#575 = EDGE_LOOP ( 'NONE', ( #713, #275, #328, #1333 ) ) ;
#576 = LINE ( 'NONE', #1670, #1087 ) ;
#577 = AXIS2_PLACEMENT_3D ( 'NONE', #204, #1454, #357 ) ;
#578 = AXIS2_PLACEMENT_3D ( 'NONE', #1396, #838, #711 ) ;
#579 = CARTESIAN_POINT ( 'NONE',  ( 0.8759842519685040463, 0.1104330708661419164, -1.352415067562335254E-17 ) ) ;
#580 = CARTESIAN_POINT ( 'NONE',  ( 1.000000000000000000, 0.000000000000000000, 0.000000000000000000 ) ) ;
#581 = CIRCLE ( 'NONE', #7, 0.2187499999999999445 ) ;
#582 = ADVANCED_FACE ( 'NONE', ( #417 ), #663, .T. ) ;
#583 = AXIS2_PLACEMENT_3D ( 'NONE', #248, #1742, #678 ) ;
#584 = ORIENTED_EDGE ( 'NONE', *, *, #692, .T. ) ;
#585 = DIRECTION ( 'NONE',  ( 0.000000000000000000, -1.000000000000000000, 0.000000000000000000 ) ) ;
#586 = ORIENTED_EDGE ( 'NONE', *, *, #1136, .T. ) ;
#587 = LINE ( 'NONE', #72, #1436 ) ;
#588 =( NAMED_UNIT ( * ) SI_UNIT ( $, .STERADIAN. ) SOLID_ANGLE_UNIT ( ) );
#589 = CARTESIAN_POINT ( 'NONE',  ( 1.000000000000000000, -0.1604330708661417526, 0.000000000000000000 ) ) ;
#590 = CARTESIAN_POINT ( 'NONE',  ( 0.7561324865405189000, -2.815219984203695074E-33, 0.000000000000000000 ) ) ;
#591 = ORIENTED_EDGE ( 'NONE', *, *, #1513, .T. ) ;
#592 = DIRECTION ( 'NONE',  ( 1.000000000000000000, 1.154405498406595936E-32, 0.000000000000000000 ) ) ;
#593 = EDGE_CURVE ( 'NONE', #1756, #689, #301, .T. ) ;
#594 = EDGE_CURVE ( 'NONE', #689, #822, #1264, .T. ) ;
#595 = CARTESIAN_POINT ( 'NONE',  ( -0.8759842519685040463, -1.431644614165658899E-33, 0.000000000000000000 ) ) ;
#596 = CARTESIAN_POINT ( 'NONE',  ( 0.000000000000000000, -1.154405498406595936E-32, 0.000000000000000000 ) ) ;
#597 = ORIENTED_EDGE ( 'NONE', *, *, #219, .T. ) ;
#598 = DIRECTION ( 'NONE',  ( 0.000000000000000000, -1.000000000000000000, 0.000000000000000000 ) ) ;
#599 = ORIENTED_EDGE ( 'NONE', *, *, #371, .F. ) ;
#600 = EDGE_CURVE ( 'NONE', #1392, #146, #576, .T. ) ;
#601 = VECTOR ( 'NONE', #67, 39.37007874015748143 ) ;
#602 = AXIS2_PLACEMENT_3D ( 'NONE', #1332, #1169, #1447 ) ;
#603 = DIRECTION ( 'NONE',  ( -1.000000000000000000, 1.154405498406595936E-32, -0.000000000000000000 ) ) ;
#604 = DIRECTION ( 'NONE',  ( 0.4999999999999987232, -0.8660254037844393737, 0.000000000000000000 ) ) ;
#605 = AXIS2_PLACEMENT_3D ( 'NONE', #538, #948, #1483 ) ;
#606 = VECTOR ( 'NONE', #1770, 39.37007874015748143 ) ;
#607 = CIRCLE ( 'NONE', #1722, 0.2187500000000000000 ) ;
#608 = ORIENTED_EDGE ( 'NONE', *, *, #993, .T. ) ;
#609 = DIRECTION ( 'NONE',  ( 0.000000000000000000, 1.000000000000000000, 0.000000000000000000 ) ) ;
#610 = AXIS2_PLACEMENT_3D ( 'NONE', #1459, #213, #222 ) ;
#611 = ORIENTED_EDGE ( 'NONE', *, *, #440, .F. ) ;
#612 = ORIENTED_EDGE ( 'NONE', *, *, #1506, .T. ) ;
#613 = ADVANCED_FACE ( 'NONE', ( #446 ), #375, .T. ) ;
#614 = CARTESIAN_POINT ( 'NONE',  ( -1.000000000000000000, 0.000000000000000000, 0.000000000000000000 ) ) ;
#615 = FACE_OUTER_BOUND ( 'NONE', #685, .T. ) ;
#616 = CARTESIAN_POINT ( 'NONE',  ( -0.8559842519685038065, -1.662525713846980378E-33, 0.000000000000000000 ) ) ;
#617 = DIRECTION ( 'NONE',  ( 0.000000000000000000, -1.000000000000000000, 0.000000000000000000 ) ) ;
#618 = VERTEX_POINT ( 'NONE', #851 ) ;
#619 = CARTESIAN_POINT ( 'NONE',  ( -0.8818897637795275468, -0.2187499999999999445, 2.678914873134834756E-17 ) ) ;
#620 = ORIENTED_EDGE ( 'NONE', *, *, #108, .T. ) ;
#621 = LINE ( 'NONE', #334, #147 ) ;
#622 = EDGE_CURVE ( 'NONE', #306, #390, #1, .T. ) ;
#623 = DIRECTION ( 'NONE',  ( 0.000000000000000000, 1.000000000000000000, 0.000000000000000000 ) ) ;
#624 = EDGE_CURVE ( 'NONE', #1490, #1133, #548, .T. ) ;
#625 = VERTEX_POINT ( 'NONE', #953 ) ;
#626 = DIRECTION ( 'NONE',  ( 0.000000000000000000, -1.000000000000000000, 0.000000000000000000 ) ) ;
#627 = DIMENSIONAL_EXPONENTS ( 1.000000000000000000, 0.000000000000000000, 0.000000000000000000, 0.000000000000000000, 0.000000000000000000, 0.000000000000000000, 0.000000000000000000 ) ;
#628 = ORIENTED_EDGE ( 'NONE', *, *, #1165, .F. ) ;
#629 = CARTESIAN_POINT ( 'NONE',  ( -0.8538675134594810867, 0.2687499999999999889, 3.291238272708512160E-17 ) ) ;
#630 = ORIENTED_EDGE ( 'NONE', *, *, #657, .T. ) ;
#631 = COLOUR_RGB ( '',0.7921568627450980005, 0.8196078431372548767, 0.9333333333333333481 ) ;
#632 = CARTESIAN_POINT ( 'NONE',  ( 1.000000000000000000, 0.000000000000000000, 0.000000000000000000 ) ) ;
#633 = CARTESIAN_POINT ( 'NONE',  ( -1.000000000000000000, -0.1604330708661417526, 0.000000000000000000 ) ) ;
#634 = CONICAL_SURFACE ( 'NONE', #946, 0.2687499999999999889, 1.047197551196599186 ) ;
#635 = ORIENTED_EDGE ( 'NONE', *, *, #1228, .F. ) ;
#636 = DIRECTION ( 'NONE',  ( -1.000000000000000000, 1.154405498406595936E-32, -0.000000000000000000 ) ) ;
#637 = CIRCLE ( 'NONE', #1210, 0.2187499999999999445 ) ;
#638 = EDGE_CURVE ( 'NONE', #1385, #1423, #342, .T. ) ;
#639 = AXIS2_PLACEMENT_3D ( 'NONE', #1235, #712, #1397 ) ;
#640 = ORIENTED_EDGE ( 'NONE', *, *, #1730, .F. ) ;
#641 = CARTESIAN_POINT ( 'NONE',  ( -0.8538675134594810867, 0.2687499999999999889, 3.291238272708512160E-17 ) ) ;
#642 = ORIENTED_EDGE ( 'NONE', *, *, #84, .T. ) ;
#643 = CYLINDRICAL_SURFACE ( 'NONE', #484, 0.2187499999999999445 ) ;
#644 = DIRECTION ( 'NONE',  ( -1.000000000000000000, 1.154405498406595936E-32, -0.000000000000000000 ) ) ;
#645 = DIRECTION ( 'NONE',  ( 0.000000000000000000, -1.000000000000000000, 0.000000000000000000 ) ) ;
#646 = DIRECTION ( 'NONE',  ( 0.000000000000000000, -1.000000000000000000, 0.000000000000000000 ) ) ;
#647 = EDGE_LOOP ( 'NONE', ( #1549, #902, #630, #1593 ) ) ;
#648 = CARTESIAN_POINT ( 'NONE',  ( 0.7711324865405189133, -2.642059159442706060E-33, 0.000000000000000000 ) ) ;
#649 = ADVANCED_FACE ( 'NONE', ( #139 ), #686, .F. ) ;
#650 = ORIENTED_EDGE ( 'NONE', *, *, #1191, .F. ) ;
#651 = CARTESIAN_POINT ( 'NONE',  ( -0.8249999999999999556, -0.2187500000000000000, 0.000000000000000000 ) ) ;
#652 = CARTESIAN_POINT ( 'NONE',  ( 0.6131889763779527769, -4.465367725135750080E-33, 0.000000000000000000 ) ) ;
#653 = DIRECTION ( 'NONE',  ( 0.000000000000000000, 1.000000000000000000, 0.000000000000000000 ) ) ;
#654 = EDGE_LOOP ( 'NONE', ( #1457, #545 ) ) ;
#655 = CARTESIAN_POINT ( 'NONE',  ( 0.8559842519685038065, -1.662525713846980378E-33, 0.000000000000000000 ) ) ;
#656 = EDGE_LOOP ( 'NONE', ( #777, #984, #792, #1242 ) ) ;
#657 = EDGE_CURVE ( 'NONE', #211, #1541, #799, .T. ) ;
#658 = FACE_OUTER_BOUND ( 'NONE', #1331, .T. ) ;
#659 = AXIS2_PLACEMENT_3D ( 'NONE', #852, #1097, #845 ) ;
#660 = DIRECTION ( 'NONE',  ( 0.000000000000000000, -1.000000000000000000, 0.000000000000000000 ) ) ;
#661 = FACE_OUTER_BOUND ( 'NONE', #189, .T. ) ;
#662 = AXIS2_PLACEMENT_3D ( 'NONE', #1733, #131, #1074 ) ;
#663 = CONICAL_SURFACE ( 'NONE', #88, 0.2187500000000000000, 1.047197551196599186 ) ;
#664 = ORIENTED_EDGE ( 'NONE', *, *, #1383, .T. ) ;
#665 = DIRECTION ( 'NONE',  ( 0.000000000000000000, -1.000000000000000000, 0.000000000000000000 ) ) ;
#666 = AXIS2_PLACEMENT_3D ( 'NONE', #908, #195, #1699 ) ;
#667 = ORIENTED_EDGE ( 'NONE', *, *, #1472, .F. ) ;
#668 = AXIS2_PLACEMENT_3D ( 'NONE', #945, #1736, #394 ) ;
#669 = AXIS2_PLACEMENT_3D ( 'NONE', #83, #193, #726 ) ;
#670 = LINE ( 'NONE', #1734, #1007 ) ;
#671 = EDGE_CURVE ( 'NONE', #814, #884, #1604, .T. ) ;
#672 = LINE ( 'NONE', #935, #1268 ) ;
#673 = DIRECTION ( 'NONE',  ( -1.000000000000000000, 1.154405498406595936E-32, -0.000000000000000000 ) ) ;
#674 = ORIENTED_EDGE ( 'NONE', *, *, #862, .F. ) ;
#675 = DIRECTION ( 'NONE',  ( -1.154405498406595936E-32, 1.000000000000000000, 0.000000000000000000 ) ) ;
#676 = ORIENTED_EDGE ( 'NONE', *, *, #905, .T. ) ;
#677 = CARTESIAN_POINT ( 'NONE',  ( 0.7164396555337322336, -3.273436207819278280E-33, 0.000000000000000000 ) ) ;
#678 = DIRECTION ( 'NONE',  ( 0.000000000000000000, -1.000000000000000000, 0.000000000000000000 ) ) ;
#679 = EDGE_CURVE ( 'NONE', #1392, #537, #345, .T. ) ;
#680 = CARTESIAN_POINT ( 'NONE',  ( 0.7561324865405189000, -0.2687499999999999889, 0.000000000000000000 ) ) ;
#681 = CYLINDRICAL_SURFACE ( 'NONE', #1440, 0.2187500000000000000 ) ;
#682 = ADVANCED_FACE ( 'NONE', ( #80 ), #39, .F. ) ;
#683 = ORIENTED_EDGE ( 'NONE', *, *, #679, .F. ) ;
#684 = FACE_BOUND ( 'NONE', #89, .T. ) ;
#685 = EDGE_LOOP ( 'NONE', ( #854, #1713, #136 ) ) ;
#686 = PLANE ( 'NONE',  #739 ) ;
#687 = CYLINDRICAL_SURFACE ( 'NONE', #552, 0.2000000000000000389 ) ;
#688 = DIRECTION ( 'NONE',  ( -0.7071067811865414665, -0.7071067811865535679, 0.000000000000000000 ) ) ;
#689 = VERTEX_POINT ( 'NONE', #217 ) ;
#690 = FACE_OUTER_BOUND ( 'NONE', #1745, .T. ) ;
#691 = VECTOR ( 'NONE', #603, 39.37007874015748143 ) ;
#692 = EDGE_CURVE ( 'NONE', #390, #1015, #587, .T. ) ;
#693 = AXIS2_PLACEMENT_3D ( 'NONE', #677, #284, #1082 ) ;
#694 = ORIENTED_EDGE ( 'NONE', *, *, #1572, .F. ) ;
#695 = VECTOR ( 'NONE', #1514, 39.37007874015748854 ) ;
#696 = VECTOR ( 'NONE', #570, 39.37007874015748143 ) ;
#697 = AXIS2_PLACEMENT_3D ( 'NONE', #1487, #257, #229 ) ;
#698 = LINE ( 'NONE', #555, #1432 ) ;
#699 = CARTESIAN_POINT ( 'NONE',  ( -0.4921259842519685179, 0.06299212598425195375, 0.000000000000000000 ) ) ;
#700 = ORIENTED_EDGE ( 'NONE', *, *, #1706, .T. ) ;
#701 = DIRECTION ( 'NONE',  ( -1.000000000000000000, 1.154405498406595936E-32, -0.000000000000000000 ) ) ;
#702 = ADVANCED_FACE ( 'NONE', ( #1719 ), #1523, .T. ) ;
#703 = EDGE_LOOP ( 'NONE', ( #1373, #1591, #100, #1114 ) ) ;
#704 = DIRECTION ( 'NONE',  ( 0.000000000000000000, -1.000000000000000000, 0.000000000000000000 ) ) ;
#705 = DIRECTION ( 'NONE',  ( 0.000000000000000000, -1.000000000000000000, 0.000000000000000000 ) ) ;
#706 = CARTESIAN_POINT ( 'NONE',  ( 0.8000000000000000444, -2.308810996813190845E-33, 0.000000000000000000 ) ) ;
#707 = VERTEX_POINT ( 'NONE', #629 ) ;
#708 = CYLINDRICAL_SURFACE ( 'NONE', #1059, 0.06749999999999993505 ) ;
#709 = ORIENTED_EDGE ( 'NONE', *, *, #1143, .T. ) ;
#710 = EDGE_CURVE ( 'NONE', #715, #822, #367, .T. ) ;
#711 = DIRECTION ( 'NONE',  ( 0.000000000000000000, -1.000000000000000000, 0.000000000000000000 ) ) ;
#712 = DIRECTION ( 'NONE',  ( -1.000000000000000000, 1.154405498406595936E-32, -0.000000000000000000 ) ) ;
#713 = ORIENTED_EDGE ( 'NONE', *, *, #1484, .F. ) ;
#714 = PLANE ( 'NONE',  #834 ) ;
#715 = VERTEX_POINT ( 'NONE', #173 ) ;
#716 = LINE ( 'NONE', #1601, #118 ) ;
#717 = AXIS2_PLACEMENT_3D ( 'NONE', #1617, #673, #927 ) ;
#718 = AXIS2_PLACEMENT_3D ( 'NONE', #98, #1637, #1480 ) ;
#719 = CARTESIAN_POINT ( 'NONE',  ( 0.7164396555337322336, -3.273436207819278280E-33, 0.000000000000000000 ) ) ;
#720 = FACE_OUTER_BOUND ( 'NONE', #1434, .T. ) ;
#721 = ORIENTED_EDGE ( 'NONE', *, *, #1250, .T. ) ;
#722 = DIRECTION ( 'NONE',  ( -1.000000000000000000, 1.154405498406595936E-32, -0.000000000000000000 ) ) ;
#723 = UNCERTAINTY_MEASURE_WITH_UNIT (LENGTH_MEASURE( 1.000000000000000082E-05 ), #778, 'distance_accuracy_value', 'NONE');
#724 = ORIENTED_EDGE ( 'NONE', *, *, #1056, .T. ) ;
#725 = CARTESIAN_POINT ( 'NONE',  ( 2.308810996813192214E-33, -0.2000000000000000111, 0.000000000000000000 ) ) ;
#726 = DIRECTION ( 'NONE',  ( 0.000000000000000000, -1.000000000000000000, 0.000000000000000000 ) ) ;
#727 = ORIENTED_EDGE ( 'NONE', *, *, #46, .F. ) ;
#728 = CARTESIAN_POINT ( 'NONE',  ( 1.000000000000000000, 0.1604330708661417526, -1.964738467136009885E-17 ) ) ;
#729 = EDGE_CURVE ( 'NONE', #1184, #923, #1116, .T. ) ;
#730 = ORIENTED_EDGE ( 'NONE', *, *, #1103, .F. ) ;
#731 = DIRECTION ( 'NONE',  ( 0.000000000000000000, -1.000000000000000000, 0.000000000000000000 ) ) ;
#732 = LINE ( 'NONE', #1006, #1669 ) ;
#733 = LINE ( 'NONE', #1726, #772 ) ;
#734 = CARTESIAN_POINT ( 'NONE',  ( 0.8818897637795275468, -0.2187499999999999445, -2.985076572921673304E-17 ) ) ;
#735 = EDGE_LOOP ( 'NONE', ( #423, #1010, #1221, #510 ) ) ;
#736 = ADVANCED_FACE ( 'NONE', ( #227 ), #1587, .F. ) ;
#737 = VERTEX_POINT ( 'NONE', #1025 ) ;
#738 = VECTOR ( 'NONE', #1696, 39.37007874015748143 ) ;
#739 = AXIS2_PLACEMENT_3D ( 'NONE', #1376, #553, #961 ) ;
#740 = DIRECTION ( 'NONE',  ( -1.000000000000000000, -1.154405498406595936E-32, -0.000000000000000000 ) ) ;
#741 = DIRECTION ( 'NONE',  ( -1.000000000000000000, 1.154405498406595936E-32, -0.000000000000000000 ) ) ;
#742 = CIRCLE ( 'NONE', #1296, 0.09043307086614174595 ) ;
#743 = CIRCLE ( 'NONE', #296, 0.09043307086614174595 ) ;
#744 = EDGE_LOOP ( 'NONE', ( #273, #52, #406, #754 ) ) ;
#745 = DIRECTION ( 'NONE',  ( 1.000000000000000000, 1.154405498406595936E-32, 0.000000000000000000 ) ) ;
#746 = VECTOR ( 'NONE', #889, 39.37007874015748143 ) ;
#747 = ORIENTED_EDGE ( 'NONE', *, *, #308, .F. ) ;
#748 = DIRECTION ( 'NONE',  ( 1.000000000000000000, 1.154405498406595936E-32, 0.000000000000000000 ) ) ;
#749 = EDGE_CURVE ( 'NONE', #1181, #1015, #1551, .T. ) ;
#750 = VERTEX_POINT ( 'NONE', #764 ) ;
#751 = EDGE_CURVE ( 'NONE', #1767, #1001, #716, .T. ) ;
#752 = DIRECTION ( 'NONE',  ( 0.000000000000000000, -1.000000000000000000, 0.000000000000000000 ) ) ;
#753 = CARTESIAN_POINT ( 'NONE',  ( 0.8538675134594810867, -0.2687499999999999889, 0.000000000000000000 ) ) ;
#754 = ORIENTED_EDGE ( 'NONE', *, *, #1349, .F. ) ;
#755 = DIRECTION ( 'NONE',  ( -1.000000000000000000, 1.154405498406595936E-32, -0.000000000000000000 ) ) ;
#756 = ORIENTED_EDGE ( 'NONE', *, *, #53, .F. ) ;
#757 = FACE_OUTER_BOUND ( 'NONE', #1687, .T. ) ;
#758 = FACE_OUTER_BOUND ( 'NONE', #339, .T. ) ;
#759 = CARTESIAN_POINT ( 'NONE',  ( -0.9800000000000000933, -0.1604330708661417526, 0.000000000000000000 ) ) ;
#760 = ADVANCED_FACE ( 'NONE', ( #995 ), #1161, .F. ) ;
#761 = DIRECTION ( 'NONE',  ( -1.000000000000000000, 1.154405498406595936E-32, -0.000000000000000000 ) ) ;
#762 = LINE ( 'NONE', #1317, #322 ) ;
#763 = ORIENTED_EDGE ( 'NONE', *, *, #490, .F. ) ;
#764 = CARTESIAN_POINT ( 'NONE',  ( 0.8000000000000000444, 0.2187500000000000000, 0.000000000000000000 ) ) ;
#765 = ORIENTED_EDGE ( 'NONE', *, *, #1313, .F. ) ;
#766 = AXIS2_PLACEMENT_3D ( 'NONE', #424, #159, #1096 ) ;
#767 = FILL_AREA_STYLE_COLOUR ( '', #1054 ) ;
#768 = CARTESIAN_POINT ( 'NONE',  ( -0.4921259842519685179, -5.862925562773656217E-33, 0.000000000000000000 ) ) ;
#769 = CARTESIAN_POINT ( 'NONE',  ( -1.000000000000000000, -0.06299212598425198151, 0.000000000000000000 ) ) ;
#770 = FACE_BOUND ( 'NONE', #1558, .T. ) ;
#771 = AXIS2_PLACEMENT_3D ( 'NONE', #1654, #991, #1542 ) ;
#772 = VECTOR ( 'NONE', #761, 39.37007874015748143 ) ;
#773 = AXIS2_PLACEMENT_3D ( 'NONE', #781, #1638, #127 ) ;
#774 = VERTEX_POINT ( 'NONE', #897 ) ;
#775 = CARTESIAN_POINT ( 'NONE',  ( 1.000000000000000000, 0.000000000000000000, 0.000000000000000000 ) ) ;
#776 = AXIS2_PLACEMENT_3D ( 'NONE', #787, #1075, #1186 ) ;
#777 = ORIENTED_EDGE ( 'NONE', *, *, #220, .F. ) ;
#778 =( CONVERSION_BASED_UNIT ( 'INCH', #942 ) LENGTH_UNIT ( ) NAMED_UNIT ( #1684 ) );
#779 = DIRECTION ( 'NONE',  ( 0.000000000000000000, -1.000000000000000000, 0.000000000000000000 ) ) ;
#780 = DIRECTION ( 'NONE',  ( 0.000000000000000000, -1.000000000000000000, 0.000000000000000000 ) ) ;
#781 = CARTESIAN_POINT ( 'NONE',  ( 0.8759842519685040463, -1.431644614165658899E-33, 0.000000000000000000 ) ) ;
#782 = ORIENTED_EDGE ( 'NONE', *, *, #338, .T. ) ;
#783 = CARTESIAN_POINT ( 'NONE',  ( -1.000000000000000000, -0.2687499999999999889, 0.000000000000000000 ) ) ;
#784 = ADVANCED_FACE ( 'NONE', ( #1414 ), #185, .T. ) ;
#785 = ORIENTED_EDGE ( 'NONE', *, *, #1144, .F. ) ;
#786 = LINE ( 'NONE', #240, #461 ) ;
#787 = CARTESIAN_POINT ( 'NONE',  ( -0.8249999999999999556, -2.020209622211543401E-33, 0.000000000000000000 ) ) ;
#788 = LINE ( 'NONE', #1076, #1201 ) ;
#789 = DIRECTION ( 'NONE',  ( -1.000000000000000000, -1.154405498406595936E-32, -0.000000000000000000 ) ) ;
#790 = ORIENTED_EDGE ( 'NONE', *, *, #287, .F. ) ;
#791 = DIRECTION ( 'NONE',  ( 1.000000000000000000, 1.154405498406595936E-32, 0.000000000000000000 ) ) ;
#792 = ORIENTED_EDGE ( 'NONE', *, *, #1103, .T. ) ;
#793 = EDGE_CURVE ( 'NONE', #18, #156, #148, .T. ) ;
#794 = PRESENTATION_STYLE_ASSIGNMENT (( #1216 ) ) ;
#795 = CARTESIAN_POINT ( 'NONE',  ( -1.000000000000000000, 0.000000000000000000, 0.000000000000000000 ) ) ;
#796 = CIRCLE ( 'NONE', #374, 0.2687499999999999889 ) ;
#797 = DIRECTION ( 'NONE',  ( -1.000000000000000000, 1.154405498406595936E-32, 0.000000000000000000 ) ) ;
#798 = CARTESIAN_POINT ( 'NONE',  ( -0.8559842519685038065, -0.06749999999999992117, 0.000000000000000000 ) ) ;
#799 = CIRCLE ( 'NONE', #319, 0.1604330708661417526 ) ;
#800 = EDGE_LOOP ( 'NONE', ( #640, #1053, #1668, #1748 ) ) ;
#801 = DIRECTION ( 'NONE',  ( -1.000000000000000000, 1.154405498406595936E-32, -0.000000000000000000 ) ) ;
#802 = AXIS2_PLACEMENT_3D ( 'NONE', #1152, #1016, #1565 ) ;
#803 = CIRCLE ( 'NONE', #1119, 0.06749999999999992117 ) ;
#804 = EDGE_LOOP ( 'NONE', ( #73, #1249 ) ) ;
#805 = ADVANCED_FACE ( 'NONE', ( #757 ), #1311, .F. ) ;
#806 = AXIS2_PLACEMENT_3D ( 'NONE', #795, #1607, #1760 ) ;
#807 = LINE ( 'NONE', #1193, #974 ) ;
#808 = DIRECTION ( 'NONE',  ( 0.000000000000000000, -1.000000000000000000, 0.000000000000000000 ) ) ;
#809 = EDGE_CURVE ( 'NONE', #1449, #707, #483, .T. ) ;
#810 = CARTESIAN_POINT ( 'NONE',  ( 1.000000000000000000, 0.000000000000000000, 0.000000000000000000 ) ) ;
#811 = PLANE ( 'NONE',  #124 ) ;
#812 = ORIENTED_EDGE ( 'NONE', *, *, #1383, .F. ) ;
#813 = CARTESIAN_POINT ( 'NONE',  ( 0.8559842519685038065, -1.662525713846980378E-33, 0.000000000000000000 ) ) ;
#814 = VERTEX_POINT ( 'NONE', #504 ) ;
#815 = CARTESIAN_POINT ( 'NONE',  ( 1.000000000000000000, 2.915176369768646178E-65, 0.000000000000000000 ) ) ;
#816 =( NAMED_UNIT ( * ) PLANE_ANGLE_UNIT ( ) SI_UNIT ( $, .RADIAN. ) );
#817 = EDGE_CURVE ( 'NONE', #358, #194, #234, .T. ) ;
#818 = CARTESIAN_POINT ( 'NONE',  ( -0.8818897637795275468, -1.363471061110152350E-33, 0.000000000000000000 ) ) ;
#819 = CARTESIAN_POINT ( 'NONE',  ( -0.7561324865405189000, -2.815219984203695074E-33, 0.000000000000000000 ) ) ;
#820 = ORIENTED_EDGE ( 'NONE', *, *, #1294, .T. ) ;
#821 = PLANE ( 'NONE',  #551 ) ;
#822 = VERTEX_POINT ( 'NONE', #1773 ) ;
#823 = DIRECTION ( 'NONE',  ( -1.000000000000000000, 1.154405498406595936E-32, -0.000000000000000000 ) ) ;
#824 = DIRECTION ( 'NONE',  ( 0.000000000000000000, 0.000000000000000000, 1.000000000000000000 ) ) ;
#825 = CARTESIAN_POINT ( 'NONE',  ( -2.308810996813192556E-33, 0.2000000000000000111, -2.449293598294706538E-17 ) ) ;
#826 = CARTESIAN_POINT ( 'NONE',  ( -0.8249999999999999556, 0.2187500000000000000, 2.985076572921673304E-17 ) ) ;
#827 = PRODUCT_DEFINITION ( 'UNKNOWN', '', #10, #1283 ) ;
#828 = ORIENTED_EDGE ( 'NONE', *, *, #220, .T. ) ;
#829 = DIRECTION ( 'NONE',  ( -1.000000000000000000, -1.154405498406595936E-32, 0.000000000000000000 ) ) ;
#830 = STYLED_ITEM ( 'NONE', ( #794 ), #498 ) ;
#831 = UNCERTAINTY_MEASURE_WITH_UNIT (LENGTH_MEASURE( 1.000000000000000082E-05 ), #1768, 'distance_accuracy_value', 'NONE');
#832 = CIRCLE ( 'NONE', #433, 0.1604330708661417526 ) ;
#833 = ORIENTED_EDGE ( 'NONE', *, *, #883, .T. ) ;
#834 = AXIS2_PLACEMENT_3D ( 'NONE', #1666, #829, #1688 ) ;
#835 = CIRCLE ( 'NONE', #379, 0.2000000000000000389 ) ;
#836 = AXIS2_PLACEMENT_3D ( 'NONE', #1336, #509, #544 ) ;
#837 = CONICAL_SURFACE ( 'NONE', #183, 0.06299212598425195375, 0.7853981633974500554 ) ;
#838 = DIRECTION ( 'NONE',  ( -1.000000000000000000, -1.154405498406595936E-32, -0.000000000000000000 ) ) ;
#839 = CARTESIAN_POINT ( 'NONE',  ( 1.000000000000000000, -0.2687499999999999889, 0.000000000000000000 ) ) ;
#840 = ORIENTED_EDGE ( 'NONE', *, *, #1305, .F. ) ;
#841 = DIRECTION ( 'NONE',  ( -1.000000000000000000, 1.154405498406595936E-32, -0.000000000000000000 ) ) ;
#842 = ORIENTED_EDGE ( 'NONE', *, *, #994, .F. ) ;
#843 = ADVANCED_FACE ( 'NONE', ( #1620 ), #1380, .F. ) ;
#844 = CARTESIAN_POINT ( 'NONE',  ( 2.308810996813192556E-33, 0.2000000000000000111, 2.449293598294706538E-17 ) ) ;
#845 = DIRECTION ( 'NONE',  ( 0.000000000000000000, -1.000000000000000000, 0.000000000000000000 ) ) ;
#846 = DIRECTION ( 'NONE',  ( -1.000000000000000000, -1.154405498406595936E-32, -0.000000000000000000 ) ) ;
#847 = ORIENTED_EDGE ( 'NONE', *, *, #1544, .F. ) ;
#848 = LINE ( 'NONE', #163, #1635 ) ;
#849 = ORIENTED_EDGE ( 'NONE', *, *, #230, .T. ) ;
#850 = EDGE_CURVE ( 'NONE', #1541, #211, #832, .T. ) ;
#851 = CARTESIAN_POINT ( 'NONE',  ( -0.8000000000000000444, -0.2187500000000000000, 2.985076572921673304E-17 ) ) ;
#852 = CARTESIAN_POINT ( 'NONE',  ( -0.7561324865405189000, -2.815219984203695074E-33, 0.000000000000000000 ) ) ;
#853 = CARTESIAN_POINT ( 'NONE',  ( 0.8818897637795275468, -1.363471061110152350E-33, 0.000000000000000000 ) ) ;
#854 = ORIENTED_EDGE ( 'NONE', *, *, #196, .F. ) ;
#855 = CYLINDRICAL_SURFACE ( 'NONE', #1029, 0.1604330708661417526 ) ;
#856 = VECTOR ( 'NONE', #1677, 39.37007874015748143 ) ;
#857 = ORIENTED_EDGE ( 'NONE', *, *, #1330, .F. ) ;
#858 = CIRCLE ( 'NONE', #1237, 0.06749999999999993505 ) ;
#859 = CIRCLE ( 'NONE', #3, 0.2000000000000000389 ) ;
#860 = DIRECTION ( 'NONE',  ( 0.000000000000000000, -1.000000000000000000, 0.000000000000000000 ) ) ;
#861 = CIRCLE ( 'NONE', #659, 0.2687499999999999889 ) ;
#862 = EDGE_CURVE ( 'NONE', #1718, #18, #1198, .T. ) ;
#863 = AXIS2_PLACEMENT_3D ( 'NONE', #1259, #295, #1540 ) ;
#864 = DIRECTION ( 'NONE',  ( -1.000000000000000000, -1.154405498406595936E-32, -0.000000000000000000 ) ) ;
#865 = DIRECTION ( 'NONE',  ( -1.000000000000000000, 1.154405498406595936E-32, -0.000000000000000000 ) ) ;
#866 = ADVANCED_FACE ( 'NONE', ( #1079 ), #634, .T. ) ;
#867 = VECTOR ( 'NONE', #925, 39.37007874015748143 ) ;
#868 = ORIENTED_EDGE ( 'NONE', *, *, #751, .F. ) ;
#869 = FACE_OUTER_BOUND ( 'NONE', #1619, .T. ) ;
#870 = ORIENTED_EDGE ( 'NONE', *, *, #397, .T. ) ;
#871 = CARTESIAN_POINT ( 'NONE',  ( 0.8759842519685040463, 0.1104330708661419164, -1.352415067562335254E-17 ) ) ;
#872 = CARTESIAN_POINT ( 'NONE',  ( -0.8759842519685040463, 0.1104330708661419164, 1.352415067562335254E-17 ) ) ;
#873 = ADVANCED_FACE ( 'NONE', ( #1757 ), #528, .T. ) ;
#874 = ORIENTED_EDGE ( 'NONE', *, *, #64, .F. ) ;
#875 = DIRECTION ( 'NONE',  ( 0.000000000000000000, 1.000000000000000000, 0.000000000000000000 ) ) ;
#876 = ORIENTED_EDGE ( 'NONE', *, *, #513, .F. ) ;
#877 = ORIENTED_EDGE ( 'NONE', *, *, #1448, .F. ) ;
#878 = CARTESIAN_POINT ( 'NONE',  ( 0.6131889763779527769, 0.06749999999999994893, -8.266365894244626630E-18 ) ) ;
#879 = DIRECTION ( 'NONE',  ( -1.000000000000000000, 1.154405498406595936E-32, -0.000000000000000000 ) ) ;
#880 = DIRECTION ( 'NONE',  ( 0.000000000000000000, -1.000000000000000000, 0.000000000000000000 ) ) ;
#881 = CARTESIAN_POINT ( 'NONE',  ( 0.7711324865405189133, 0.2687499999999999889, -3.291238272708512160E-17 ) ) ;
#882 = EDGE_CURVE ( 'NONE', #959, #1586, #291, .T. ) ;
#883 = EDGE_CURVE ( 'NONE', #61, #503, #1206, .T. ) ;
#884 = VERTEX_POINT ( 'NONE', #1062 ) ;
#885 = EDGE_LOOP ( 'NONE', ( #482, #1253, #254, #1516 ) ) ;
#886 = PRESENTATION_LAYER_ASSIGNMENT (  '', '', ( #1261 ) ) ;
#887 = CIRCLE ( 'NONE', #1409, 0.09043307086614174595 ) ;
#888 = DIRECTION ( 'NONE',  ( 1.000000000000000000, 1.154405498406595936E-32, 0.000000000000000000 ) ) ;
#889 = DIRECTION ( 'NONE',  ( 1.000000000000000000, 1.154405498406595936E-32, 0.000000000000000000 ) ) ;
#890 = AXIS2_PLACEMENT_3D ( 'NONE', #1550, #298, #458 ) ;
#891 = AXIS2_PLACEMENT_3D ( 'NONE', #1195, #1598, #660 ) ;
#892 = CONICAL_SURFACE ( 'NONE', #836, 0.06299212598425195375, 0.7853981633974500554 ) ;
#893 = ORIENTED_EDGE ( 'NONE', *, *, #1608, .T. ) ;
#894 = CARTESIAN_POINT ( 'NONE',  ( 0.4921259842519685179, -5.862925562773656217E-33, 0.000000000000000000 ) ) ;
#895 = CIRCLE ( 'NONE', #1554, 0.06749999999999992117 ) ;
#896 = ORIENTED_EDGE ( 'NONE', *, *, #64, .T. ) ;
#897 = CARTESIAN_POINT ( 'NONE',  ( 0.8000000000000000444, -0.2187500000000000000, -2.985076572921673304E-17 ) ) ;
#898 = EDGE_CURVE ( 'NONE', #1655, #920, #887, .T. ) ;
#899 = FACE_OUTER_BOUND ( 'NONE', #235, .T. ) ;
#900 = FACE_OUTER_BOUND ( 'NONE', #800, .T. ) ;
#901 = ORIENTED_EDGE ( 'NONE', *, *, #1183, .T. ) ;
#902 = ORIENTED_EDGE ( 'NONE', *, *, #1038, .T. ) ;
#903 = DIRECTION ( 'NONE',  ( -1.000000000000000000, 1.154405498406595936E-32, -0.000000000000000000 ) ) ;
#904 = EDGE_CURVE ( 'NONE', #1197, #1767, #858, .T. ) ;
#905 = EDGE_CURVE ( 'NONE', #1449, #517, #32, .T. ) ;
#906 = DIRECTION ( 'NONE',  ( -1.000000000000000000, -1.154405498406595936E-32, -0.000000000000000000 ) ) ;
#907 = DIRECTION ( 'NONE',  ( -1.000000000000000000, 1.154405498406595936E-32, -0.000000000000000000 ) ) ;
#908 = CARTESIAN_POINT ( 'NONE',  ( 0.8538675134594810867, -1.686961459582028528E-33, 0.000000000000000000 ) ) ;
#909 = ORIENTED_EDGE ( 'NONE', *, *, #1250, .F. ) ;
#910 = DIRECTION ( 'NONE',  ( -1.000000000000000000, -1.154405498406595936E-32, -0.000000000000000000 ) ) ;
#911 = AXIS2_PLACEMENT_3D ( 'NONE', #996, #1286, #1279 ) ;
#912 = DIRECTION ( 'NONE',  ( 1.000000000000000000, 1.154405498406595936E-32, 0.000000000000000000 ) ) ;
#913 = VECTOR ( 'NONE', #1182, 39.37007874015748143 ) ;
#914 = ADVANCED_FACE ( 'NONE', ( #1072, #690 ), #1641, .F. ) ;
#915 = LINE ( 'NONE', #1219, #436 ) ;
#916 = DIRECTION ( 'NONE',  ( 1.000000000000000000, 1.154405498406595936E-32, 0.000000000000000000 ) ) ;
#917 = AXIS2_PLACEMENT_3D ( 'NONE', #1159, #232, #626 ) ;
#918 = CONICAL_SURFACE ( 'NONE', #430, 0.1604330708661417526, 0.7853981633974568277 ) ;
#919 = CIRCLE ( 'NONE', #155, 0.2187500000000000000 ) ;
#920 = VERTEX_POINT ( 'NONE', #1612 ) ;
#921 = CARTESIAN_POINT ( 'NONE',  ( 0.6131889763779527769, 4.497700684785906927E-66, 0.000000000000000000 ) ) ;
#922 = AXIS2_PLACEMENT_3D ( 'NONE', #1634, #241, #779 ) ;
#923 = VERTEX_POINT ( 'NONE', #282 ) ;
#924 = LINE ( 'NONE', #530, #1348 ) ;
#925 = DIRECTION ( 'NONE',  ( -0.4999999999999987232, -0.8660254037844393737, 0.000000000000000000 ) ) ;
#926 = DIRECTION ( 'NONE',  ( 0.000000000000000000, -1.000000000000000000, 0.000000000000000000 ) ) ;
#927 = DIRECTION ( 'NONE',  ( -1.154405498406596073E-32, -1.000000000000000000, 0.000000000000000000 ) ) ;
#928 = ADVANCED_FACE ( 'NONE', ( #252 ), #1501, .F. ) ;
#929 = ADVANCED_FACE ( 'NONE', ( #137, #684 ), #821, .F. ) ;
#930 = ORIENTED_EDGE ( 'NONE', *, *, #568, .F. ) ;
#931 = CARTESIAN_POINT ( 'NONE',  ( -0.9800000000000000933, -2.308810996813182720E-34, 0.000000000000000000 ) ) ;
#932 = ORIENTED_EDGE ( 'NONE', *, *, #817, .F. ) ;
#933 = CARTESIAN_POINT ( 'NONE',  ( -2.308810996813192214E-33, -0.2000000000000000111, 0.000000000000000000 ) ) ;
#934 = FACE_BOUND ( 'NONE', #353, .T. ) ;
#935 = CARTESIAN_POINT ( 'NONE',  ( -1.000000000000000000, -0.2187500000000000000, 0.000000000000000000 ) ) ;
#936 = CARTESIAN_POINT ( 'NONE',  ( 0.8559842519685038065, -1.662525713846980378E-33, 0.000000000000000000 ) ) ;
#937 = ORIENTED_EDGE ( 'NONE', *, *, #76, .F. ) ;
#938 = DIRECTION ( 'NONE',  ( -1.000000000000000000, 1.154405498406595936E-32, -0.000000000000000000 ) ) ;
#939 = ADVANCED_FACE ( 'NONE', ( #9 ), #346, .T. ) ;
#940 = EDGE_LOOP ( 'NONE', ( #1189, #452, #1230, #1064 ) ) ;
#941 = ADVANCED_FACE ( 'NONE', ( #422 ), #1477, .F. ) ;
#942 = LENGTH_MEASURE_WITH_UNIT ( LENGTH_MEASURE( 0.02539999999999999897 ), #1324 );
#943 = CARTESIAN_POINT ( 'NONE',  ( -0.8538675134594810867, -1.686961459582028528E-33, 0.000000000000000000 ) ) ;
#944 = CARTESIAN_POINT ( 'NONE',  ( 1.000000000000000000, 0.06749999999999993505, -8.266365894244625089E-18 ) ) ;
#945 = CARTESIAN_POINT ( 'NONE',  ( 0.8759842519685039353, -1.431644614165660267E-33, 0.000000000000000000 ) ) ;
#946 = AXIS2_PLACEMENT_3D ( 'NONE', #1231, #1359, #415 ) ;
#947 = ORIENTED_EDGE ( 'NONE', *, *, #196, .T. ) ;
#948 = DIRECTION ( 'NONE',  ( -1.000000000000000000, 1.154405498406595936E-32, -0.000000000000000000 ) ) ;
#949 = CONICAL_SURFACE ( 'NONE', #1241, 0.2687499999999999889, 1.047197551196598742 ) ;
#950 = AXIS2_PLACEMENT_3D ( 'NONE', #810, #426, #1234 ) ;
#951 = ORIENTED_EDGE ( 'NONE', *, *, #1650, .F. ) ;
#952 = ADVANCED_FACE ( 'NONE', ( #1115, #24 ), #714, .F. ) ;
#953 = CARTESIAN_POINT ( 'NONE',  ( -0.7164396555337322336, 0.2000000000000000389, 2.449293598294707154E-17 ) ) ;
#954 = CARTESIAN_POINT ( 'NONE',  ( -0.8759842519685039353, 1.804851601710533394E-65, 0.000000000000000000 ) ) ;
#955 = DIRECTION ( 'NONE',  ( 0.000000000000000000, -1.000000000000000000, 0.000000000000000000 ) ) ;
#956 = CARTESIAN_POINT ( 'NONE',  ( -0.8559842519685038065, 1.052349157014795979E-65, 0.000000000000000000 ) ) ;
#957 = ORIENTED_EDGE ( 'NONE', *, *, #102, .T. ) ;
#958 = DIRECTION ( 'NONE',  ( 0.000000000000000000, -1.000000000000000000, 0.000000000000000000 ) ) ;
#959 = VERTEX_POINT ( 'NONE', #157 ) ;
#960 = ADVANCED_BREP_SHAPE_REPRESENTATION ( '2ndStageGuideShaft', ( #498, #540, #1639 ), #1413 ) ;
#961 = DIRECTION ( 'NONE',  ( 1.154405498406595936E-32, 1.000000000000000000, 0.000000000000000000 ) ) ;
#962 = EDGE_CURVE ( 'NONE', #8, #1449, #171, .T. ) ;
#963 = DIRECTION ( 'NONE',  ( -1.000000000000000000, 1.154405498406595936E-32, -0.000000000000000000 ) ) ;
#964 = DIRECTION ( 'NONE',  ( 0.000000000000000000, -1.000000000000000000, 0.000000000000000000 ) ) ;
#965 = EDGE_LOOP ( 'NONE', ( #1463, #336, #1108, #635 ) ) ;
#966 = DIRECTION ( 'NONE',  ( 1.000000000000000000, 1.154405498406595936E-32, 0.000000000000000000 ) ) ;
#967 = ORIENTED_EDGE ( 'NONE', *, *, #85, .T. ) ;
#968 = CARTESIAN_POINT ( 'NONE',  ( -0.8818897637795275468, 0.2187499999999999445, 0.000000000000000000 ) ) ;
#969 = CARTESIAN_POINT ( 'NONE',  ( 0.7561324865405189000, 0.2687499999999999889, -3.291238272708512160E-17 ) ) ;
#970 = DIRECTION ( 'NONE',  ( 0.000000000000000000, -1.000000000000000000, 0.000000000000000000 ) ) ;
#971 = ADVANCED_FACE ( 'NONE', ( #1674 ), #1254, .T. ) ;
#972 = ORIENTED_EDGE ( 'NONE', *, *, #962, .T. ) ;
#973 = CARTESIAN_POINT ( 'NONE',  ( 0.8759842519685040463, -1.431644614165658899E-33, 0.000000000000000000 ) ) ;
#974 = VECTOR ( 'NONE', #1204, 39.37007874015748143 ) ;
#975 = AXIS2_PLACEMENT_3D ( 'NONE', #274, #1627, #1338 ) ;
#976 = ORIENTED_EDGE ( 'NONE', *, *, #123, .F. ) ;
#977 = CIRCLE ( 'NONE', #237, 0.2187500000000000000 ) ;
#978 = CIRCLE ( 'NONE', #1659, 0.2000000000000000111 ) ;
#979 = CIRCLE ( 'NONE', #33, 0.1804330708661420202 ) ;
#980 = DIRECTION ( 'NONE',  ( -1.000000000000000000, -1.154405498406595936E-32, 0.000000000000000000 ) ) ;
#981 = CIRCLE ( 'NONE', #1063, 0.06299212598425200926 ) ;
#982 = DIRECTION ( 'NONE',  ( 1.000000000000000000, 1.154405498406595936E-32, 0.000000000000000000 ) ) ;
#983 = CARTESIAN_POINT ( 'NONE',  ( 1.000000000000000000, 0.000000000000000000, 0.000000000000000000 ) ) ;
#984 = ORIENTED_EDGE ( 'NONE', *, *, #407, .T. ) ;
#985 = DIRECTION ( 'NONE',  ( -1.000000000000000000, 1.154405498406595936E-32, -0.000000000000000000 ) ) ;
#986 = ORIENTED_EDGE ( 'NONE', *, *, #244, .T. ) ;
#987 = CARTESIAN_POINT ( 'NONE',  ( -0.8000000000000000444, -2.308810996813190845E-33, 0.000000000000000000 ) ) ;
#988 = CYLINDRICAL_SURFACE ( 'NONE', #151, 0.2000000000000000389 ) ;
#989 = DIRECTION ( 'NONE',  ( 1.000000000000000000, 1.154405498406595936E-32, 0.000000000000000000 ) ) ;
#990 = ORIENTED_EDGE ( 'NONE', *, *, #1111, .T. ) ;
#991 = DIRECTION ( 'NONE',  ( -1.000000000000000000, -1.154405498406595936E-32, 0.000000000000000000 ) ) ;
#992 = EDGE_LOOP ( 'NONE', ( #1255, #664, #709, #930 ) ) ;
#993 = EDGE_CURVE ( 'NONE', #1133, #191, #1134, .T. ) ;
#994 = EDGE_CURVE ( 'NONE', #1358, #364, #977, .T. ) ;
#995 = FACE_OUTER_BOUND ( 'NONE', #965, .T. ) ;
#996 = CARTESIAN_POINT ( 'NONE',  ( 0.8538675134594810867, -1.686961459582028528E-33, 0.000000000000000000 ) ) ;
#997 = CYLINDRICAL_SURFACE ( 'NONE', #1580, 0.2687499999999999889 ) ;
#998 = EDGE_LOOP ( 'NONE', ( #38, #1500, #457, #264 ) ) ;
#999 = DIRECTION ( 'NONE',  ( 1.000000000000000000, 1.154405498406595936E-32, 0.000000000000000000 ) ) ;
#1000 = CIRCLE ( 'NONE', #1520, 0.2687499999999999889 ) ;
#1001 = VERTEX_POINT ( 'NONE', #443 ) ;
#1002 = CIRCLE ( 'NONE', #1750, 0.06299212598425195375 ) ;
#1003 = ADVANCED_FACE ( 'NONE', ( #1382 ), #1140, .T. ) ;
#1004 = CONICAL_SURFACE ( 'NONE', #1032, 0.2187499999999999445, 1.221730476396033716 ) ;
#1005 = LINE ( 'NONE', #871, #738 ) ;
#1006 = CARTESIAN_POINT ( 'NONE',  ( 0.8538675134594810867, -0.2687499999999999889, 0.000000000000000000 ) ) ;
#1007 = VECTOR ( 'NONE', #1615, 39.37007874015748143 ) ;
#1008 = ORIENTED_EDGE ( 'NONE', *, *, #749, .F. ) ;
#1009 = CARTESIAN_POINT ( 'NONE',  ( -0.8818897637795275468, -1.363471061110152350E-33, 0.000000000000000000 ) ) ;
#1010 = ORIENTED_EDGE ( 'NONE', *, *, #1563, .F. ) ;
#1011 = EDGE_CURVE ( 'NONE', #1509, #1337, #435, .T. ) ;
#1012 = FACE_OUTER_BOUND ( 'NONE', #1646, .T. ) ;
#1013 = ADVANCED_FACE ( 'NONE', ( #326, #869 ), #1107, .F. ) ;
#1014 = CARTESIAN_POINT ( 'NONE',  ( -0.8759842519685039353, -0.1604330708661417526, 0.000000000000000000 ) ) ;
#1015 = VERTEX_POINT ( 'NONE', #728 ) ;
#1016 = DIRECTION ( 'NONE',  ( -1.000000000000000000, 1.154405498406595936E-32, -0.000000000000000000 ) ) ;
#1017 = EDGE_LOOP ( 'NONE', ( #428, #539, #620, #1518 ) ) ;
#1018 = ORIENTED_EDGE ( 'NONE', *, *, #43, .F. ) ;
#1019 = CARTESIAN_POINT ( 'NONE',  ( -1.000000000000000000, 0.06299212598425198151, 7.714310545810101211E-18 ) ) ;
#1020 = DIRECTION ( 'NONE',  ( -1.000000000000000000, 1.154405498406595936E-32, -0.000000000000000000 ) ) ;
#1021 = ORIENTED_EDGE ( 'NONE', *, *, #671, .T. ) ;
#1022 = DIRECTION ( 'NONE',  ( -0.7071067811865462405, 0.7071067811865486830, 0.000000000000000000 ) ) ;
#1023 = ADVANCED_FACE ( 'NONE', ( #429 ), #1209, .F. ) ;
#1024 = EDGE_LOOP ( 'NONE', ( #1411, #1153, #226, #847 ) ) ;
#1025 = CARTESIAN_POINT ( 'NONE',  ( 0.8636912520662176629, 0.2687499999999999889, -3.291238272708512160E-17 ) ) ;
#1026 =( GEOMETRIC_REPRESENTATION_CONTEXT ( 3 ) GLOBAL_UNCERTAINTY_ASSIGNED_CONTEXT ( ( #723 ) ) GLOBAL_UNIT_ASSIGNED_CONTEXT ( ( #778, #369, #391 ) ) REPRESENTATION_CONTEXT ( 'NONE', 'WORKASPACE' ) );
#1027 = ORIENTED_EDGE ( 'NONE', *, *, #1764, .T. ) ;
#1028 = AXIS2_PLACEMENT_3D ( 'NONE', #775, #1130, #1710 ) ;
#1029 = AXIS2_PLACEMENT_3D ( 'NONE', #289, #592, #585 ) ;
#1030 = DIRECTION ( 'NONE',  ( 0.000000000000000000, -1.000000000000000000, 0.000000000000000000 ) ) ;
#1031 = DIRECTION ( 'NONE',  ( 0.000000000000000000, -1.000000000000000000, 0.000000000000000000 ) ) ;
#1032 = AXIS2_PLACEMENT_3D ( 'NONE', #1105, #1522, #1533 ) ;
#1033 = CIRCLE ( 'NONE', #891, 0.2687499999999999889 ) ;
#1034 = ORIENTED_EDGE ( 'NONE', *, *, #638, .T. ) ;
#1035 = PLANE ( 'NONE',  #91 ) ;
#1036 = ORIENTED_EDGE ( 'NONE', *, *, #397, .F. ) ;
#1037 = DIRECTION ( 'NONE',  ( 1.154405498406595936E-32, -1.000000000000000000, 0.000000000000000000 ) ) ;
#1038 = EDGE_CURVE ( 'NONE', #959, #211, #848, .T. ) ;
#1039 = ADVANCED_FACE ( 'NONE', ( #190 ), #1517, .F. ) ;
#1040 = DIRECTION ( 'NONE',  ( 0.000000000000000000, -1.000000000000000000, 0.000000000000000000 ) ) ;
#1041 = APPLICATION_CONTEXT ( 'automotive_design' ) ;
#1042 = CARTESIAN_POINT ( 'NONE',  ( -0.6131889763779527769, -4.465367725135750080E-33, 0.000000000000000000 ) ) ;
#1043 = DIRECTION ( 'NONE',  ( -1.000000000000000000, -1.154405498406595936E-32, -0.000000000000000000 ) ) ;
#1044 = EDGE_LOOP ( 'NONE', ( #1526, #1321, #247, #785 ) ) ;
#1045 = CARTESIAN_POINT ( 'NONE',  ( 0.6131889763779527769, -4.465367725135750080E-33, 0.000000000000000000 ) ) ;
#1046 = ADVANCED_FACE ( 'NONE', ( #1399 ), #855, .F. ) ;
#1047 = CARTESIAN_POINT ( 'NONE',  ( 1.000000000000000000, 0.2687499999999999889, -3.291238272708512160E-17 ) ) ;
#1048 = DIRECTION ( 'NONE',  ( 1.000000000000000000, -1.154405498406595936E-32, 0.000000000000000000 ) ) ;
#1049 = FACE_OUTER_BOUND ( 'NONE', #198, .T. ) ;
#1050 = CARTESIAN_POINT ( 'NONE',  ( 1.000000000000000000, 0.000000000000000000, 0.000000000000000000 ) ) ;
#1051 = ORIENTED_EDGE ( 'NONE', *, *, #505, .F. ) ;
#1052 = DIRECTION ( 'NONE',  ( 1.000000000000000000, 1.154405498406595936E-32, 0.000000000000000000 ) ) ;
#1053 = ORIENTED_EDGE ( 'NONE', *, *, #63, .T. ) ;
#1054 = COLOUR_RGB ( '',0.7921568627450980005, 0.8196078431372548767, 0.9333333333333333481 ) ;
#1055 = CARTESIAN_POINT ( 'NONE',  ( 0.8559842519685038065, 0.06749999999999992117, -8.266365894244623548E-18 ) ) ;
#1056 = EDGE_CURVE ( 'NONE', #156, #18, #59, .T. ) ;
#1057 = LINE ( 'NONE', #1461, #1691 ) ;
#1058 = CARTESIAN_POINT ( 'NONE',  ( -0.4921259842519685179, -0.06299212598425195375, 7.714310545810096589E-18 ) ) ;
#1059 = AXIS2_PLACEMENT_3D ( 'NONE', #1535, #722, #305 ) ;
#1060 = AXIS2_PLACEMENT_3D ( 'NONE', #819, #387, #1220 ) ;
#1061 = EDGE_LOOP ( 'NONE', ( #833, #1199 ) ) ;
#1062 = CARTESIAN_POINT ( 'NONE',  ( -1.000000000000000000, -0.1804330708661420202, 0.000000000000000000 ) ) ;
#1063 = AXIS2_PLACEMENT_3D ( 'NONE', #596, #741, #1422 ) ;
#1064 = ORIENTED_EDGE ( 'NONE', *, *, #1284, .F. ) ;
#1065 = DIRECTION ( 'NONE',  ( -1.000000000000000000, 1.154405498406595936E-32, -0.000000000000000000 ) ) ;
#1066 = CARTESIAN_POINT ( 'NONE',  ( -0.8538675134594810867, -0.2687499999999999889, 0.000000000000000000 ) ) ;
#1067 = ADVANCED_FACE ( 'NONE', ( #1408 ), #708, .F. ) ;
#1068 = DIRECTION ( 'NONE',  ( 1.000000000000000000, 1.154405498406595936E-32, 0.000000000000000000 ) ) ;
#1069 = CYLINDRICAL_SURFACE ( 'NONE', #491, 0.06299212598425198151 ) ;
#1070 = EDGE_CURVE ( 'NONE', #1247, #1238, #742, .T. ) ;
#1071 = ORIENTED_EDGE ( 'NONE', *, *, #307, .F. ) ;
#1072 = FACE_BOUND ( 'NONE', #1437, .T. ) ;
#1073 = ORIENTED_EDGE ( 'NONE', *, *, #178, .T. ) ;
#1074 = DIRECTION ( 'NONE',  ( 0.000000000000000000, -1.000000000000000000, 0.000000000000000000 ) ) ;
#1075 = DIRECTION ( 'NONE',  ( -1.000000000000000000, 1.154405498406595936E-32, -0.000000000000000000 ) ) ;
#1076 = CARTESIAN_POINT ( 'NONE',  ( 0.8000000000000000444, -0.2187500000000000000, -2.678914873134835064E-17 ) ) ;
#1077 = LINE ( 'NONE', #259, #381 ) ;
#1078 = ORIENTED_EDGE ( 'NONE', *, *, #1702, .F. ) ;
#1079 = FACE_OUTER_BOUND ( 'NONE', #114, .T. ) ;
#1080 = ADVANCED_FACE ( 'NONE', ( #87, #770 ), #1035, .F. ) ;
#1081 = VERTEX_POINT ( 'NONE', #734 ) ;
#1082 = DIRECTION ( 'NONE',  ( 0.000000000000000000, -1.000000000000000000, 0.000000000000000000 ) ) ;
#1083 = CARTESIAN_POINT ( 'NONE',  ( -0.7561324865405189000, -0.2687499999999999889, 0.000000000000000000 ) ) ;
#1084 = MECHANICAL_DESIGN_GEOMETRIC_PRESENTATION_REPRESENTATION (  '', ( #1261 ), #547 ) ;
#1085 = CARTESIAN_POINT ( 'NONE',  ( -0.7711324865405189133, 0.2687499999999999889, 3.291238272708512160E-17 ) ) ;
#1086 = DIRECTION ( 'NONE',  ( 0.000000000000000000, -1.000000000000000000, 0.000000000000000000 ) ) ;
#1087 = VECTOR ( 'NONE', #409, 39.37007874015748143 ) ;
#1088 = VECTOR ( 'NONE', #745, 39.37007874015748143 ) ;
#1089 = ORIENTED_EDGE ( 'NONE', *, *, #809, .F. ) ;
#1090 = AXIS2_PLACEMENT_3D ( 'NONE', #1354, #372, #126 ) ;
#1091 = DIRECTION ( 'NONE',  ( 0.000000000000000000, -1.000000000000000000, 0.000000000000000000 ) ) ;
#1092 = AXIS2_PLACEMENT_3D ( 'NONE', #22, #1405, #964 ) ;
#1093 = ORIENTED_EDGE ( 'NONE', *, *, #453, .F. ) ;
#1094 = EDGE_CURVE ( 'NONE', #1420, #737, #1167, .T. ) ;
#1095 = CIRCLE ( 'NONE', #327, 0.06299212598425200926 ) ;
#1096 = DIRECTION ( 'NONE',  ( 0.000000000000000000, -1.000000000000000000, 0.000000000000000000 ) ) ;
#1097 = DIRECTION ( 'NONE',  ( -1.000000000000000000, 1.154405498406595936E-32, -0.000000000000000000 ) ) ;
#1098 = LINE ( 'NONE', #1652, #1357 ) ;
#1099 = EDGE_LOOP ( 'NONE', ( #395, #1640, #628, #1285 ) ) ;
#1100 = DIRECTION ( 'NONE',  ( 0.000000000000000000, 1.000000000000000000, 0.000000000000000000 ) ) ;
#1101 = VERTEX_POINT ( 'NONE', #1309 ) ;
#1102 = DIRECTION ( 'NONE',  ( -1.000000000000000000, 1.154405498406595936E-32, -0.000000000000000000 ) ) ;
#1103 = EDGE_CURVE ( 'NONE', #1407, #822, #337, .T. ) ;
#1104 = FACE_OUTER_BOUND ( 'NONE', #744, .T. ) ;
#1105 = CARTESIAN_POINT ( 'NONE',  ( 0.8818897637795275468, -1.363471061110152350E-33, 0.000000000000000000 ) ) ;
#1106 = ORIENTED_EDGE ( 'NONE', *, *, #505, .T. ) ;
#1107 = PLANE ( 'NONE',  #771 ) ;
#1108 = ORIENTED_EDGE ( 'NONE', *, *, #535, .T. ) ;
#1109 = DIRECTION ( 'NONE',  ( 0.000000000000000000, -1.000000000000000000, 0.000000000000000000 ) ) ;
#1110 = DIRECTION ( 'NONE',  ( -1.000000000000000000, -1.154405498406595936E-32, -0.000000000000000000 ) ) ;
#1111 = EDGE_CURVE ( 'NONE', #1586, #959, #378, .T. ) ;
#1112 = DIRECTION ( 'NONE',  ( -1.000000000000000000, 1.154405498406595936E-32, -0.000000000000000000 ) ) ;
#1113 = AXIS2_PLACEMENT_3D ( 'NONE', #595, #354, #212 ) ;
#1114 = ORIENTED_EDGE ( 'NONE', *, *, #1056, .F. ) ;
#1115 = FACE_BOUND ( 'NONE', #1061, .T. ) ;
#1116 = CIRCLE ( 'NONE', #1142, 0.2687499999999999889 ) ;
#1117 = AXIS2_PLACEMENT_3D ( 'NONE', #815, #1369, #1649 ) ;
#1118 = VERTEX_POINT ( 'NONE', #224 ) ;
#1119 = AXIS2_PLACEMENT_3D ( 'NONE', #242, #907, #231 ) ;
#1120 = CARTESIAN_POINT ( 'NONE',  ( 0.8636912520662176629, -1.573555680956770857E-33, 0.000000000000000000 ) ) ;
#1121 = CARTESIAN_POINT ( 'NONE',  ( 0.000000000000000000, 0.000000000000000000, 0.000000000000000000 ) ) ;
#1122 = AXIS2_PLACEMENT_3D ( 'NONE', #768, #1479, #1597 ) ;
#1123 = DIRECTION ( 'NONE',  ( 1.000000000000000000, 1.154405498406595936E-32, 0.000000000000000000 ) ) ;
#1124 = DIRECTION ( 'NONE',  ( 1.000000000000000000, 1.154405498406595936E-32, 0.000000000000000000 ) ) ;
#1125 = EDGE_CURVE ( 'NONE', #625, #1101, #859, .T. ) ;
#1126 = EDGE_LOOP ( 'NONE', ( #467, #1600, #77, #1303 ) ) ;
#1127 = DIRECTION ( 'NONE',  ( -1.000000000000000000, 1.154405498406595936E-32, -0.000000000000000000 ) ) ;
#1128 = ADVANCED_FACE ( 'NONE', ( #344 ), #489, .T. ) ;
#1129 = VERTEX_POINT ( 'NONE', #1714 ) ;
#1130 = DIRECTION ( 'NONE',  ( 1.000000000000000000, 1.154405498406595936E-32, 0.000000000000000000 ) ) ;
#1131 = FACE_OUTER_BOUND ( 'NONE', #1278, .T. ) ;
#1132 = CARTESIAN_POINT ( 'NONE',  ( -0.8759842519685040463, -1.431644614165658899E-33, 0.000000000000000000 ) ) ;
#1133 = VERTEX_POINT ( 'NONE', #99 ) ;
#1134 = LINE ( 'NONE', #451, #1322 ) ;
#1135 = ORIENTED_EDGE ( 'NONE', *, *, #1572, .T. ) ;
#1136 = EDGE_CURVE ( 'NONE', #146, #1560, #519, .T. ) ;
#1137 = DIRECTION ( 'NONE',  ( 1.000000000000000000, 1.154405498406595936E-32, 0.000000000000000000 ) ) ;
#1138 = DIRECTION ( 'NONE',  ( -1.000000000000000000, 1.154405498406595936E-32, -0.000000000000000000 ) ) ;
#1139 = ORIENTED_EDGE ( 'NONE', *, *, #751, .T. ) ;
#1140 = CYLINDRICAL_SURFACE ( 'NONE', #890, 0.2687499999999999889 ) ;
#1141 = ORIENTED_EDGE ( 'NONE', *, *, #638, .F. ) ;
#1142 = AXIS2_PLACEMENT_3D ( 'NONE', #648, #1464, #1545 ) ;
#1143 = EDGE_CURVE ( 'NONE', #356, #737, #762, .T. ) ;
#1144 = EDGE_CURVE ( 'NONE', #1560, #146, #1002, .T. ) ;
#1145 = AXIS2_PLACEMENT_3D ( 'NONE', #36, #985, #1528 ) ;
#1146 = CIRCLE ( 'NONE', #1323, 0.06749999999999993505 ) ;
#1147 = AXIS2_PLACEMENT_3D ( 'NONE', #420, #1112, #556 ) ;
#1148 = CARTESIAN_POINT ( 'NONE',  ( -1.000000000000000000, 0.000000000000000000, 0.000000000000000000 ) ) ;
#1149 = DIRECTION ( 'NONE',  ( 0.000000000000000000, -1.000000000000000000, 0.000000000000000000 ) ) ;
#1150 = CIRCLE ( 'NONE', #669, 0.1604330708661417526 ) ;
#1151 = CARTESIAN_POINT ( 'NONE',  ( -0.8000000000000000444, 0.2187500000000000000, 0.000000000000000000 ) ) ;
#1152 = CARTESIAN_POINT ( 'NONE',  ( 0.000000000000000000, -1.154405498406595936E-32, 0.000000000000000000 ) ) ;
#1153 = ORIENTED_EDGE ( 'NONE', *, *, #512, .T. ) ;
#1154 = VERTEX_POINT ( 'NONE', #1585 ) ;
#1155 = DIRECTION ( 'NONE',  ( -1.000000000000000000, 1.154405498406595936E-32, -0.000000000000000000 ) ) ;
#1156 = CARTESIAN_POINT ( 'NONE',  ( -0.4921259842519685179, -5.862925562773656217E-33, 0.000000000000000000 ) ) ;
#1157 = ADVANCED_FACE ( 'NONE', ( #70 ), #179, .T. ) ;
#1158 = ORIENTED_EDGE ( 'NONE', *, *, #1706, .F. ) ;
#1159 = CARTESIAN_POINT ( 'NONE',  ( 0.8636912520662176629, -1.573555680956770857E-33, 0.000000000000000000 ) ) ;
#1160 = ORIENTED_EDGE ( 'NONE', *, *, #809, .T. ) ;
#1161 = CYLINDRICAL_SURFACE ( 'NONE', #1028, 0.06749999999999993505 ) ;
#1162 = CARTESIAN_POINT ( 'NONE',  ( 0.7561324865405189000, -2.815219984203695074E-33, 0.000000000000000000 ) ) ;
#1163 = CARTESIAN_POINT ( 'NONE',  ( -0.8559842519685038065, -1.662525713846980378E-33, 0.000000000000000000 ) ) ;
#1164 = ADVANCED_FACE ( 'NONE', ( #1462 ), #1173, .T. ) ;
#1165 = EDGE_CURVE ( 'NONE', #737, #1681, #1690, .T. ) ;
#1166 = ORIENTED_EDGE ( 'NONE', *, *, #1011, .F. ) ;
#1167 = LINE ( 'NONE', #1445, #1088 ) ;
#1168 = ORIENTED_EDGE ( 'NONE', *, *, #1349, .T. ) ;
#1169 = DIRECTION ( 'NONE',  ( -1.000000000000000000, 1.154405498406595936E-32, -0.000000000000000000 ) ) ;
#1170 = AXIS2_PLACEMENT_3D ( 'NONE', #567, #1102, #19 ) ;
#1171 = EDGE_LOOP ( 'NONE', ( #283, #203, #1574, #724 ) ) ;
#1172 = AXIS2_PLACEMENT_3D ( 'NONE', #1456, #910, #1037 ) ;
#1173 = CONICAL_SURFACE ( 'NONE', #120, 0.2187500000000000000, 1.047197551196599186 ) ;
#1174 = SURFACE_STYLE_USAGE ( .BOTH. , #1494 ) ;
#1175 = DIRECTION ( 'NONE',  ( 1.154405498406595936E-32, -1.000000000000000000, 0.000000000000000000 ) ) ;
#1176 = AXIS2_PLACEMENT_3D ( 'NONE', #42, #989, #1645 ) ;
#1177 = CIRCLE ( 'NONE', #522, 0.2687499999999999889 ) ;
#1178 = ORIENTED_EDGE ( 'NONE', *, *, #850, .T. ) ;
#1179 = CARTESIAN_POINT ( 'NONE',  ( -1.000000000000000000, -0.2687499999999999889, 0.000000000000000000 ) ) ;
#1180 = ADVANCED_FACE ( 'NONE', ( #468 ), #206, .T. ) ;
#1181 = VERTEX_POINT ( 'NONE', #1424 ) ;
#1182 = DIRECTION ( 'NONE',  ( -0.4999999999999987232, 0.8660254037844393737, 1.060575238724907901E-16 ) ) ;
#1183 = EDGE_CURVE ( 'NONE', #488, #549, #408, .T. ) ;
#1184 = VERTEX_POINT ( 'NONE', #881 ) ;
#1185 = DIRECTION ( 'NONE',  ( -1.000000000000000000, 1.154405498406595936E-32, -0.000000000000000000 ) ) ;
#1186 = DIRECTION ( 'NONE',  ( 0.000000000000000000, -1.000000000000000000, 0.000000000000000000 ) ) ;
#1187 = DIRECTION ( 'NONE',  ( -1.000000000000000000, 1.154405498406595936E-32, -0.000000000000000000 ) ) ;
#1188 = DIRECTION ( 'NONE',  ( -0.3420201433256658818, 0.9396926207859094271, 0.000000000000000000 ) ) ;
#1189 = ORIENTED_EDGE ( 'NONE', *, *, #460, .F. ) ;
#1190 = DIRECTION ( 'NONE',  ( -1.000000000000000000, -1.154405498406595936E-32, -0.000000000000000000 ) ) ;
#1191 = EDGE_CURVE ( 'NONE', #297, #1560, #1431, .T. ) ;
#1192 = ORIENTED_EDGE ( 'NONE', *, *, #1702, .T. ) ;
#1193 = CARTESIAN_POINT ( 'NONE',  ( 1.000000000000000000, -0.06749999999999993505, 0.000000000000000000 ) ) ;
#1194 =( LENGTH_UNIT ( ) NAMED_UNIT ( * ) SI_UNIT ( $, .METRE. ) );
#1195 = CARTESIAN_POINT ( 'NONE',  ( 0.8538675134594810867, -1.686961459582028528E-33, 0.000000000000000000 ) ) ;
#1196 = DIRECTION ( 'NONE',  ( 0.000000000000000000, 1.000000000000000000, 0.000000000000000000 ) ) ;
#1197 = VERTEX_POINT ( 'NONE', #1344 ) ;
#1198 = LINE ( 'NONE', #783, #1717 ) ;
#1199 = ORIENTED_EDGE ( 'NONE', *, *, #1228, .T. ) ;
#1200 = EDGE_CURVE ( 'NONE', #884, #814, #979, .T. ) ;
#1201 = VECTOR ( 'NONE', #1364, 39.37007874015748143 ) ;
#1202 = ADVANCED_FACE ( 'NONE', ( #402 ), #1553, .T. ) ;
#1203 = VECTOR ( 'NONE', #268, 39.37007874015748143 ) ;
#1204 = DIRECTION ( 'NONE',  ( 1.000000000000000000, 1.154405498406595936E-32, 0.000000000000000000 ) ) ;
#1205 = DIRECTION ( 'NONE',  ( -1.000000000000000000, -1.154405498406595936E-32, -0.000000000000000000 ) ) ;
#1206 = CIRCLE ( 'NONE', #1662, 0.06749999999999992117 ) ;
#1207 = DIRECTION ( 'NONE',  ( 0.000000000000000000, -1.000000000000000000, 0.000000000000000000 ) ) ;
#1208 = DIRECTION ( 'NONE',  ( 1.000000000000000000, 1.154405498406595936E-32, 0.000000000000000000 ) ) ;
#1209 = CONICAL_SURFACE ( 'NONE', #150, 0.1104330708661419164, 0.7853981633974473908 ) ;
#1210 = AXIS2_PLACEMENT_3D ( 'NONE', #818, #1378, #955 ) ;
#1211 = CIRCLE ( 'NONE', #1384, 0.06749999999999992117 ) ;
#1212 = EDGE_LOOP ( 'NONE', ( #56, #1701, #1340, #674 ) ) ;
#1213 = DIRECTION ( 'NONE',  ( 0.000000000000000000, -1.000000000000000000, 0.000000000000000000 ) ) ;
#1214 = VECTOR ( 'NONE', #1314, 39.37007874015748143 ) ;
#1215 = ORIENTED_EDGE ( 'NONE', *, *, #30, .F. ) ;
#1216 = SURFACE_STYLE_USAGE ( .BOTH. , #121 ) ;
#1217 = CYLINDRICAL_SURFACE ( 'NONE', #806, 0.2187500000000000000 ) ;
#1218 = ADVANCED_FACE ( 'NONE', ( #141 ), #208, .T. ) ;
#1219 = CARTESIAN_POINT ( 'NONE',  ( 1.000000000000000000, 0.06299212598425198151, -7.714310545810101211E-18 ) ) ;
#1220 = DIRECTION ( 'NONE',  ( 0.000000000000000000, -1.000000000000000000, 0.000000000000000000 ) ) ;
#1221 = ORIENTED_EDGE ( 'NONE', *, *, #46, .T. ) ;
#1222 = DIRECTION ( 'NONE',  ( -1.000000000000000000, -1.154405498406595936E-32, 0.000000000000000000 ) ) ;
#1223 = ORIENTED_EDGE ( 'NONE', *, *, #1200, .T. ) ;
#1224 = CARTESIAN_POINT ( 'NONE',  ( 0.8759842519685039353, -1.431644614165660267E-33, 0.000000000000000000 ) ) ;
#1225 = LINE ( 'NONE', #392, #382 ) ;
#1226 = CARTESIAN_POINT ( 'NONE',  ( -0.7561324865405189000, 0.2687499999999999889, 3.291238272708512160E-17 ) ) ;
#1227 = CARTESIAN_POINT ( 'NONE',  ( -0.8559842519685038065, 0.09043307086614174595, 1.229950387647598817E-17 ) ) ;
#1228 = EDGE_CURVE ( 'NONE', #503, #61, #1211, .T. ) ;
#1229 = ADVANCED_FACE ( 'NONE', ( #661 ), #1069, .F. ) ;
#1230 = ORIENTED_EDGE ( 'NONE', *, *, #560, .T. ) ;
#1231 = CARTESIAN_POINT ( 'NONE',  ( -0.8538675134594810867, -1.686961459582028528E-33, 0.000000000000000000 ) ) ;
#1232 = ORIENTED_EDGE ( 'NONE', *, *, #622, .F. ) ;
#1233 = CARTESIAN_POINT ( 'NONE',  ( -0.9800000000000000933, -2.308810996813182720E-34, 0.000000000000000000 ) ) ;
#1234 = DIRECTION ( 'NONE',  ( 0.000000000000000000, -1.000000000000000000, 0.000000000000000000 ) ) ;
#1235 = CARTESIAN_POINT ( 'NONE',  ( -0.8636912520662176629, -1.573555680956770857E-33, 0.000000000000000000 ) ) ;
#1236 = AXIS2_PLACEMENT_3D ( 'NONE', #236, #359, #860 ) ;
#1237 = AXIS2_PLACEMENT_3D ( 'NONE', #518, #546, #958 ) ;
#1238 = VERTEX_POINT ( 'NONE', #113 ) ;
#1239 = CIRCLE ( 'NONE', #199, 0.2000000000000000389 ) ;
#1240 = DIRECTION ( 'NONE',  ( -1.154405498406595936E-32, -1.000000000000000000, 0.000000000000000000 ) ) ;
#1241 = AXIS2_PLACEMENT_3D ( 'NONE', #590, #1124, #31 ) ;
#1242 = ORIENTED_EDGE ( 'NONE', *, *, #594, .F. ) ;
#1243 = ADVANCED_FACE ( 'NONE', ( #526 ), #681, .T. ) ;
#1244 = AXIS2_PLACEMENT_3D ( 'NONE', #341, #1280, #1149 ) ;
#1245 = FACE_OUTER_BOUND ( 'NONE', #66, .T. ) ;
#1246 = DIRECTION ( 'NONE',  ( 0.7071067811865462405, 0.7071067811865486830, 0.000000000000000000 ) ) ;
#1247 = VERTEX_POINT ( 'NONE', #1227 ) ;
#1248 = CARTESIAN_POINT ( 'NONE',  ( -1.000000000000000000, 0.2187500000000000000, 2.678914873134835064E-17 ) ) ;
#1249 = ORIENTED_EDGE ( 'NONE', *, *, #1294, .F. ) ;
#1250 = EDGE_CURVE ( 'NONE', #1541, #884, #1077, .T. ) ;
#1251 = CARTESIAN_POINT ( 'NONE',  ( 0.8759842519685040463, -0.1104330708661419164, 0.000000000000000000 ) ) ;
#1252 = DIRECTION ( 'NONE',  ( -1.000000000000000000, -1.154405498406595936E-32, -0.000000000000000000 ) ) ;
#1253 = ORIENTED_EDGE ( 'NONE', *, *, #1643, .T. ) ;
#1254 = CYLINDRICAL_SURFACE ( 'NONE', #1525, 0.2687499999999999889 ) ;
#1255 = ORIENTED_EDGE ( 'NONE', *, *, #425, .F. ) ;
#1256 =( NAMED_UNIT ( * ) SI_UNIT ( $, .STERADIAN. ) SOLID_ANGLE_UNIT ( ) );
#1257 = EDGE_CURVE ( 'NONE', #390, #306, #1267, .T. ) ;
#1258 = DIRECTION ( 'NONE',  ( -1.000000000000000000, -1.154405498406595936E-32, -0.000000000000000000 ) ) ;
#1259 = CARTESIAN_POINT ( 'NONE',  ( 1.000000000000000000, 0.000000000000000000, 0.000000000000000000 ) ) ;
#1260 = EDGE_CURVE ( 'NONE', #364, #1358, #607, .T. ) ;
#1261 = STYLED_ITEM ( 'NONE', ( #1724 ), #540 ) ;
#1262 = ORIENTED_EDGE ( 'NONE', *, *, #1472, .T. ) ;
#1263 = CARTESIAN_POINT ( 'NONE',  ( 1.000000000000000000, 0.000000000000000000, 0.000000000000000000 ) ) ;
#1264 = CIRCLE ( 'NONE', #1293, 0.2687499999999999889 ) ;
#1265 = AXIS2_PLACEMENT_3D ( 'NONE', #246, #115, #1213 ) ;
#1266 = ORIENTED_EDGE ( 'NONE', *, *, #108, .F. ) ;
#1267 = CIRCLE ( 'NONE', #668, 0.1604330708661417526 ) ;
#1268 = VECTOR ( 'NONE', #514, 39.37007874015748143 ) ;
#1269 = AXIS2_PLACEMENT_3D ( 'NONE', #954, #1048, #1325 ) ;
#1270 = PRODUCT ( '2ndStageGuideShaft', '2ndStageGuideShaft', '', ( #40 ) ) ;
#1271 = DIRECTION ( 'NONE',  ( -1.154405498406595936E-32, 1.000000000000000000, 0.000000000000000000 ) ) ;
#1272 = LENGTH_MEASURE_WITH_UNIT ( LENGTH_MEASURE( 0.02539999999999999897 ), #1194 );
#1273 = DIRECTION ( 'NONE',  ( 0.000000000000000000, -1.000000000000000000, 0.000000000000000000 ) ) ;
#1274 = FACE_OUTER_BOUND ( 'NONE', #566, .T. ) ;
#1275 = ADVANCED_FACE ( 'NONE', ( #243 ), #892, .F. ) ;
#1276 = VERTEX_POINT ( 'NONE', #798 ) ;
#1277 = CARTESIAN_POINT ( 'NONE',  ( -0.8559842519685038065, -1.662525713846980378E-33, 0.000000000000000000 ) ) ;
#1278 = EDGE_LOOP ( 'NONE', ( #1772, #820, #214, #380 ) ) ;
#1279 = DIRECTION ( 'NONE',  ( 0.000000000000000000, -1.000000000000000000, 0.000000000000000000 ) ) ;
#1280 = DIRECTION ( 'NONE',  ( -1.000000000000000000, 1.154405498406595936E-32, -0.000000000000000000 ) ) ;
#1281 = ORIENTED_EDGE ( 'NONE', *, *, #84, .F. ) ;
#1282 = DIRECTION ( 'NONE',  ( -1.000000000000000000, -1.154405498406595936E-32, -0.000000000000000000 ) ) ;
#1283 = PRODUCT_DEFINITION_CONTEXT ( 'detailed design', #1403, 'design' ) ;
#1284 = EDGE_CURVE ( 'NONE', #245, #288, #62, .T. ) ;
#1285 = ORIENTED_EDGE ( 'NONE', *, *, #1143, .F. ) ;
#1286 = DIRECTION ( 'NONE',  ( -1.000000000000000000, -1.154405498406595936E-32, -0.000000000000000000 ) ) ;
#1287 = CARTESIAN_POINT ( 'NONE',  ( -7.271845659254152139E-34, -0.06299212598425200926, 0.000000000000000000 ) ) ;
#1288 = CARTESIAN_POINT ( 'NONE',  ( -0.7711324865405189133, -0.2687499999999999889, 0.000000000000000000 ) ) ;
#1289 = CARTESIAN_POINT ( 'NONE',  ( 1.517997781369303457E-33, 1.752384985381737629E-65, 0.000000000000000000 ) ) ;
#1290 = DIMENSIONAL_EXPONENTS ( 1.000000000000000000, 0.000000000000000000, 0.000000000000000000, 0.000000000000000000, 0.000000000000000000, 0.000000000000000000, 0.000000000000000000 ) ;
#1291 = CIRCLE ( 'NONE', #262, 0.2187500000000000000 ) ;
#1292 = ORIENTED_EDGE ( 'NONE', *, *, #536, .T. ) ;
#1293 = AXIS2_PLACEMENT_3D ( 'NONE', #26, #823, #704 ) ;
#1294 = EDGE_CURVE ( 'NONE', #549, #488, #154, .T. ) ;
#1295 = ORIENTED_EDGE ( 'NONE', *, *, #76, .T. ) ;
#1296 = AXIS2_PLACEMENT_3D ( 'NONE', #1277, #45, #332 ) ;
#1297 = AXIS2_PLACEMENT_3D ( 'NONE', #419, #963, #1651 ) ;
#1298 = CARTESIAN_POINT ( 'NONE',  ( -1.000000000000000000, 0.2187499999999999445, 2.678914873134834756E-17 ) ) ;
#1299 = DIRECTION ( 'NONE',  ( -1.000000000000000000, 1.154405498406595936E-32, -0.000000000000000000 ) ) ;
#1300 = VECTOR ( 'NONE', #1299, 39.37007874015748143 ) ;
#1301 = EDGE_LOOP ( 'NONE', ( #1292, #527 ) ) ;
#1302 = CARTESIAN_POINT ( 'NONE',  ( -0.7164396555337322336, -3.273436207819278280E-33, 0.000000000000000000 ) ) ;
#1303 = ORIENTED_EDGE ( 'NONE', *, *, #560, .F. ) ;
#1304 = CARTESIAN_POINT ( 'NONE',  ( -1.000000000000000000, 0.000000000000000000, 0.000000000000000000 ) ) ;
#1305 = EDGE_CURVE ( 'NONE', #16, #1718, #1667, .T. ) ;
#1306 = LINE ( 'NONE', #1441, #856 ) ;
#1307 = DIRECTION ( 'NONE',  ( -1.154405498406595936E-32, -1.000000000000000000, 0.000000000000000000 ) ) ;
#1308 = ORIENTED_EDGE ( 'NONE', *, *, #624, .T. ) ;
#1309 = CARTESIAN_POINT ( 'NONE',  ( -0.7164396555337322336, -0.2000000000000000389, 0.000000000000000000 ) ) ;
#1310 = ORIENTED_EDGE ( 'NONE', *, *, #1731, .T. ) ;
#1311 = CYLINDRICAL_SURFACE ( 'NONE', #263, 0.1604330708661417526 ) ;
#1312 = DIRECTION ( 'NONE',  ( -0.7071067811865481278, 0.7071067811865469066, 8.659560562354925463E-17 ) ) ;
#1313 = EDGE_CURVE ( 'NONE', #920, #1655, #743, .T. ) ;
#1314 = DIRECTION ( 'NONE',  ( 0.4999999999999987232, 0.8660254037844393737, 0.000000000000000000 ) ) ;
#1315 = ADVANCED_FACE ( 'NONE', ( #413, #272 ), #811, .F. ) ;
#1316 = LINE ( 'NONE', #480, #1751 ) ;
#1317 = CARTESIAN_POINT ( 'NONE',  ( 0.8818897637795275468, 0.2187499999999999445, 0.000000000000000000 ) ) ;
#1318 = ORIENTED_EDGE ( 'NONE', *, *, #1761, .F. ) ;
#1319 = DIRECTION ( 'NONE',  ( 0.000000000000000000, -1.000000000000000000, 0.000000000000000000 ) ) ;
#1320 = AXIS2_PLACEMENT_3D ( 'NONE', #632, #1137, #1683 ) ;
#1321 = ORIENTED_EDGE ( 'NONE', *, *, #1524, .T. ) ;
#1322 = VECTOR ( 'NONE', #573, 39.37007874015748143 ) ;
#1323 = AXIS2_PLACEMENT_3D ( 'NONE', #652, #1743, #645 ) ;
#1324 =( LENGTH_UNIT ( ) NAMED_UNIT ( * ) SI_UNIT ( $, .METRE. ) );
#1325 = DIRECTION ( 'NONE',  ( 1.154405498406595936E-32, 1.000000000000000000, 0.000000000000000000 ) ) ;
#1326 = AXIS2_PLACEMENT_3D ( 'NONE', #1132, #865, #1678 ) ;
#1327 = AXIS2_PLACEMENT_3D ( 'NONE', #1429, #201, #68 ) ;
#1328 = LINE ( 'NONE', #1226, #4 ) ;
#1329 = DIRECTION ( 'NONE',  ( 1.154405498406595936E-32, -1.000000000000000000, 0.000000000000000000 ) ) ;
#1330 = EDGE_CURVE ( 'NONE', #488, #1101, #105, .T. ) ;
#1331 = EDGE_LOOP ( 'NONE', ( #416, #44, #967, #79 ) ) ;
#1332 = CARTESIAN_POINT ( 'NONE',  ( -1.000000000000000000, 0.000000000000000000, 0.000000000000000000 ) ) ;
#1333 = ORIENTED_EDGE ( 'NONE', *, *, #265, .F. ) ;
#1334 = CARTESIAN_POINT ( 'NONE',  ( 0.8000000000000000444, -2.308810996813190845E-33, 0.000000000000000000 ) ) ;
#1335 = DIRECTION ( 'NONE',  ( 1.000000000000000000, 1.154405498406595936E-32, 0.000000000000000000 ) ) ;
#1336 = CARTESIAN_POINT ( 'NONE',  ( 0.4921259842519685179, -5.862925562773656217E-33, 0.000000000000000000 ) ) ;
#1337 = VERTEX_POINT ( 'NONE', #1058 ) ;
#1338 = DIRECTION ( 'NONE',  ( 0.000000000000000000, -1.000000000000000000, 0.000000000000000000 ) ) ;
#1339 = ADVANCED_FACE ( 'NONE', ( #1610 ), #949, .T. ) ;
#1340 = ORIENTED_EDGE ( 'NONE', *, *, #793, .F. ) ;
#1341 = FACE_OUTER_BOUND ( 'NONE', #181, .T. ) ;
#1342 = CARTESIAN_POINT ( 'NONE',  ( 1.000000000000000000, 0.2000000000000000389, -2.449293598294707154E-17 ) ) ;
#1343 = FACE_OUTER_BOUND ( 'NONE', #1648, .T. ) ;
#1344 = CARTESIAN_POINT ( 'NONE',  ( -0.6131889763779527769, -0.06749999999999993505, 0.000000000000000000 ) ) ;
#1345 = ORIENTED_EDGE ( 'NONE', *, *, #1557, .F. ) ;
#1346 = DIRECTION ( 'NONE',  ( -1.000000000000000000, -1.154405498406595936E-32, -0.000000000000000000 ) ) ;
#1347 = ORIENTED_EDGE ( 'NONE', *, *, #1460, .F. ) ;
#1348 = VECTOR ( 'NONE', #1470, 39.37007874015748143 ) ;
#1349 = EDGE_CURVE ( 'NONE', #715, #431, #1098, .T. ) ;
#1350 = AXIS2_PLACEMENT_3D ( 'NONE', #1729, #1190, #511 ) ;
#1351 = FILL_AREA_STYLE ('',( #1614 ) ) ;
#1352 = CARTESIAN_POINT ( 'NONE',  ( -0.6131889763779527769, 0.06749999999999994893, 8.266365894244626630E-18 ) ) ;
#1353 = AXIS2_PLACEMENT_3D ( 'NONE', #894, #1727, #646 ) ;
#1354 = CARTESIAN_POINT ( 'NONE',  ( -1.000000000000000000, 2.526595492583512569E-65, 0.000000000000000000 ) ) ;
#1355 = DIRECTION ( 'NONE',  ( -1.000000000000000000, -1.154405498406595936E-32, 0.000000000000000000 ) ) ;
#1356 = VECTOR ( 'NONE', #481, 39.37007874015748143 ) ;
#1357 = VECTOR ( 'NONE', #6, 39.37007874015748143 ) ;
#1358 = VERTEX_POINT ( 'NONE', #449 ) ;
#1359 = DIRECTION ( 'NONE',  ( -1.000000000000000000, 1.154405498406595936E-32, -0.000000000000000000 ) ) ;
#1360 = CIRCLE ( 'NONE', #697, 0.2187500000000000000 ) ;
#1361 = EDGE_LOOP ( 'NONE', ( #1529, #1626, #1453, #727 ) ) ;
#1362 = SURFACE_STYLE_FILL_AREA ( #96 ) ;
#1363 = CARTESIAN_POINT ( 'NONE',  ( 1.000000000000000000, -0.2187499999999999445, 0.000000000000000000 ) ) ;
#1364 = DIRECTION ( 'NONE',  ( -0.4999999999999987232, -0.8660254037844393737, -1.060575238724907901E-16 ) ) ;
#1365 = DIRECTION ( 'NONE',  ( 0.000000000000000000, 1.000000000000000000, 0.000000000000000000 ) ) ;
#1366 = ORIENTED_EDGE ( 'NONE', *, *, #490, .T. ) ;
#1367 = CARTESIAN_POINT ( 'NONE',  ( -1.000000000000000000, 0.000000000000000000, 0.000000000000000000 ) ) ;
#1368 = ORIENTED_EDGE ( 'NONE', *, *, #1537, .T. ) ;
#1369 = DIRECTION ( 'NONE',  ( -1.000000000000000000, -1.154405498406595936E-32, -0.000000000000000000 ) ) ;
#1370 = LINE ( 'NONE', #589, #1527 ) ;
#1371 = DIRECTION ( 'NONE',  ( 1.000000000000000000, -1.154405498406595936E-32, 0.000000000000000000 ) ) ;
#1372 = ADVANCED_FACE ( 'NONE', ( #1274 ), #351, .T. ) ;
#1373 = ORIENTED_EDGE ( 'NONE', *, *, #12, .F. ) ;
#1374 = CARTESIAN_POINT ( 'NONE',  ( -1.517997781369303457E-33, 1.752384985381737629E-65, 0.000000000000000000 ) ) ;
#1375 = ORIENTED_EDGE ( 'NONE', *, *, #1761, .T. ) ;
#1376 = CARTESIAN_POINT ( 'NONE',  ( -0.6131889763779527769, 4.497700684785906927E-66, 0.000000000000000000 ) ) ;
#1377 = CIRCLE ( 'NONE', #1113, 0.1104330708661419164 ) ;
#1378 = DIRECTION ( 'NONE',  ( -1.000000000000000000, 1.154405498406595936E-32, -0.000000000000000000 ) ) ;
#1379 = FACE_OUTER_BOUND ( 'NONE', #93, .T. ) ;
#1380 = CONICAL_SURFACE ( 'NONE', #205, 0.06299212598425195375, 0.7853981633974500554 ) ;
#1381 = ORIENTED_EDGE ( 'NONE', *, *, #385, .T. ) ;
#1382 = FACE_OUTER_BOUND ( 'NONE', #703, .T. ) ;
#1383 = EDGE_CURVE ( 'NONE', #1081, #356, #581, .T. ) ;
#1384 = AXIS2_PLACEMENT_3D ( 'NONE', #936, #789, #1475 ) ;
#1385 = VERTEX_POINT ( 'NONE', #456 ) ;
#1386 = VECTOR ( 'NONE', #269, 39.37007874015748143 ) ;
#1387 = CARTESIAN_POINT ( 'NONE',  ( 0.8759842519685040463, -0.1104330708661419164, 0.000000000000000000 ) ) ;
#1388 = CARTESIAN_POINT ( 'NONE',  ( 0.000000000000000000, -1.154405498406595936E-32, 0.000000000000000000 ) ) ;
#1389 = DIRECTION ( 'NONE',  ( 0.000000000000000000, -1.000000000000000000, 0.000000000000000000 ) ) ;
#1390 = ORIENTED_EDGE ( 'NONE', *, *, #710, .F. ) ;
#1391 = DIRECTION ( 'NONE',  ( 0.000000000000000000, -1.000000000000000000, 0.000000000000000000 ) ) ;
#1392 = VERTEX_POINT ( 'NONE', #312 ) ;
#1393 = ADVANCED_FACE ( 'NONE', ( #720 ), #997, .T. ) ;
#1394 = ADVANCED_FACE ( 'NONE', ( #563 ), #1004, .T. ) ;
#1395 = LINE ( 'NONE', #1387, #317 ) ;
#1396 = CARTESIAN_POINT ( 'NONE',  ( 0.7561324865405189000, -2.815219984203695074E-33, 0.000000000000000000 ) ) ;
#1397 = DIRECTION ( 'NONE',  ( 0.000000000000000000, -1.000000000000000000, 0.000000000000000000 ) ) ;
#1398 = ORIENTED_EDGE ( 'NONE', *, *, #568, .T. ) ;
#1399 = FACE_OUTER_BOUND ( 'NONE', #1455, .T. ) ;
#1400 = ORIENTED_EDGE ( 'NONE', *, *, #440, .T. ) ;
#1401 = DIRECTION ( 'NONE',  ( -1.000000000000000000, -1.154405498406595936E-32, -0.000000000000000000 ) ) ;
#1402 = ADVANCED_FACE ( 'NONE', ( #303 ), #427, .F. ) ;
#1403 = APPLICATION_CONTEXT ( 'automotive_design' ) ;
#1404 = CARTESIAN_POINT ( 'NONE',  ( -0.4921259842519685179, -0.06299212598425195375, 7.714310545810096589E-18 ) ) ;
#1405 = DIRECTION ( 'NONE',  ( -1.000000000000000000, 1.154405498406595936E-32, -0.000000000000000000 ) ) ;
#1406 = PRESENTATION_LAYER_ASSIGNMENT (  '', '', ( #830 ) ) ;
#1407 = VERTEX_POINT ( 'NONE', #286 ) ;
#1408 = FACE_OUTER_BOUND ( 'NONE', #207, .T. ) ;
#1409 = AXIS2_PLACEMENT_3D ( 'NONE', #813, #404, #1746 ) ;
#1410 = AXIS2_PLACEMENT_3D ( 'NONE', #1491, #261, #675 ) ;
#1411 = ORIENTED_EDGE ( 'NONE', *, *, #1764, .F. ) ;
#1412 = AXIS2_PLACEMENT_3D ( 'NONE', #983, #169, #970 ) ;
#1413 =( GEOMETRIC_REPRESENTATION_CONTEXT ( 3 ) GLOBAL_UNCERTAINTY_ASSIGNED_CONTEXT ( ( #225 ) ) GLOBAL_UNIT_ASSIGNED_CONTEXT ( ( #1657, #816, #588 ) ) REPRESENTATION_CONTEXT ( 'NONE', 'WORKASPACE' ) );
#1414 = FACE_OUTER_BOUND ( 'NONE', #1584, .T. ) ;
#1415 = DIRECTION ( 'NONE',  ( 0.000000000000000000, -1.000000000000000000, 0.000000000000000000 ) ) ;
#1416 = EDGE_CURVE ( 'NONE', #1337, #1509, #266, .T. ) ;
#1417 = FACE_OUTER_BOUND ( 'NONE', #445, .T. ) ;
#1418 = CARTESIAN_POINT ( 'NONE',  ( -0.7561324865405189000, 0.2687499999999999889, 3.291238272708512160E-17 ) ) ;
#1419 = DIRECTION ( 'NONE',  ( 0.000000000000000000, -1.000000000000000000, 0.000000000000000000 ) ) ;
#1420 = VERTEX_POINT ( 'NONE', #177 ) ;
#1421 = CARTESIAN_POINT ( 'NONE',  ( 0.8759842519685040463, -1.431644614165658899E-33, 0.000000000000000000 ) ) ;
#1422 = DIRECTION ( 'NONE',  ( -1.154405498406595936E-32, -1.000000000000000000, 0.000000000000000000 ) ) ;
#1423 = VERTEX_POINT ( 'NONE', #321 ) ;
#1424 = CARTESIAN_POINT ( 'NONE',  ( 1.000000000000000000, -0.1604330708661417526, 0.000000000000000000 ) ) ;
#1425 = ADVANCED_FACE ( 'NONE', ( #1515 ), #466, .F. ) ;
#1426 = ORIENTED_EDGE ( 'NONE', *, *, #1038, .F. ) ;
#1427 = ORIENTED_EDGE ( 'NONE', *, *, #600, .F. ) ;
#1428 = CARTESIAN_POINT ( 'NONE',  ( 0.8818897637795275468, 0.2187499999999999445, 0.000000000000000000 ) ) ;
#1429 = CARTESIAN_POINT ( 'NONE',  ( -1.000000000000000000, 2.915176369768646178E-65, 0.000000000000000000 ) ) ;
#1430 = ORIENTED_EDGE ( 'NONE', *, *, #308, .T. ) ;
#1431 = LINE ( 'NONE', #1708, #1693 ) ;
#1432 = VECTOR ( 'NONE', #160, 39.37007874015748143 ) ;
#1433 = CIRCLE ( 'NONE', #662, 0.1104330708661419164 ) ;
#1434 = EDGE_LOOP ( 'NONE', ( #599, #1366, #164, #128 ) ) ;
#1435 = ADVANCED_FACE ( 'NONE', ( #1417 ), #187, .T. ) ;
#1436 = VECTOR ( 'NONE', #1052, 39.37007874015748143 ) ;
#1437 = EDGE_LOOP ( 'NONE', ( #11, #1135 ) ) ;
#1438 = AXIS2_PLACEMENT_3D ( 'NONE', #1009, #1559, #875 ) ;
#1439 = VECTOR ( 'NONE', #508, 39.37007874015748143 ) ;
#1440 = AXIS2_PLACEMENT_3D ( 'NONE', #1763, #1208, #1771 ) ;
#1441 = CARTESIAN_POINT ( 'NONE',  ( 0.8818897637795275468, -0.2187499999999999445, -2.678914873134834756E-17 ) ) ;
#1442 = DIRECTION ( 'NONE',  ( 0.000000000000000000, -1.000000000000000000, 0.000000000000000000 ) ) ;
#1443 = CIRCLE ( 'NONE', #1694, 0.06299212598425200926 ) ;
#1444 = EDGE_LOOP ( 'NONE', ( #763, #1071, #782, #870 ) ) ;
#1445 = CARTESIAN_POINT ( 'NONE',  ( 1.000000000000000000, 0.2687499999999999889, -3.291238272708512160E-17 ) ) ;
#1446 = ORIENTED_EDGE ( 'NONE', *, *, #882, .T. ) ;
#1447 = DIRECTION ( 'NONE',  ( 0.000000000000000000, -1.000000000000000000, 0.000000000000000000 ) ) ;
#1448 = EDGE_CURVE ( 'NONE', #822, #689, #239, .T. ) ;
#1449 = VERTEX_POINT ( 'NONE', #826 ) ;
#1450 = ADVANCED_FACE ( 'NONE', ( #1379 ), #153, .T. ) ;
#1451 = CARTESIAN_POINT ( 'NONE',  ( 1.000000000000000000, 2.915176369768646178E-65, 0.000000000000000000 ) ) ;
#1452 = CYLINDRICAL_SURFACE ( 'NONE', #1530, 0.2187499999999999445 ) ;
#1453 = ORIENTED_EDGE ( 'NONE', *, *, #1011, .T. ) ;
#1454 = DIRECTION ( 'NONE',  ( -1.000000000000000000, 1.154405498406595936E-32, -0.000000000000000000 ) ) ;
#1455 = EDGE_LOOP ( 'NONE', ( #1534, #584, #1008, #1732 ) ) ;
#1456 = CARTESIAN_POINT ( 'NONE',  ( 0.000000000000000000, -1.154405498406595936E-32, 0.000000000000000000 ) ) ;
#1457 = ORIENTED_EDGE ( 'NONE', *, *, #43, .T. ) ;
#1458 =( LENGTH_UNIT ( ) NAMED_UNIT ( * ) SI_UNIT ( $, .METRE. ) );
#1459 = CARTESIAN_POINT ( 'NONE',  ( 0.000000000000000000, -1.154405498406595936E-32, 0.000000000000000000 ) ) ;
#1460 = EDGE_CURVE ( 'NONE', #1154, #1509, #161, .T. ) ;
#1461 = CARTESIAN_POINT ( 'NONE',  ( -0.7561324865405189000, -0.2687499999999999889, 0.000000000000000000 ) ) ;
#1462 = FACE_OUTER_BOUND ( 'NONE', #1171, .T. ) ;
#1463 = ORIENTED_EDGE ( 'NONE', *, *, #133, .F. ) ;
#1464 = DIRECTION ( 'NONE',  ( -1.000000000000000000, -1.154405498406595936E-32, -0.000000000000000000 ) ) ;
#1465 = CONICAL_SURFACE ( 'NONE', #116, 0.1104330708661419164, 0.7853981633974473908 ) ;
#1466 = EDGE_LOOP ( 'NONE', ( #1281, #1106, #1375, #1036 ) ) ;
#1467 = AXIS2_PLACEMENT_3D ( 'NONE', #1045, #1594, #377 ) ;
#1468 = AXIS2_PLACEMENT_3D ( 'NONE', #51, #701, #17 ) ;
#1469 = CONICAL_SURFACE ( 'NONE', #92, 0.2187499999999999445, 1.221730476396033716 ) ;
#1470 = DIRECTION ( 'NONE',  ( 0.4999999999999987232, -0.8660254037844393737, 1.060575238724907901E-16 ) ) ;
#1471 = CYLINDRICAL_SURFACE ( 'NONE', #583, 0.2687499999999999889 ) ;
#1472 = EDGE_CURVE ( 'NONE', #1569, #1681, #15, .T. ) ;
#1473 = CONICAL_SURFACE ( 'NONE', #210, 0.1104330708661419164, 0.7853981633974473908 ) ;
#1474 = FACE_OUTER_BOUND ( 'NONE', #575, .T. ) ;
#1475 = DIRECTION ( 'NONE',  ( 0.000000000000000000, -1.000000000000000000, 0.000000000000000000 ) ) ;
#1476 = ORIENTED_EDGE ( 'NONE', *, *, #63, .F. ) ;
#1477 = CYLINDRICAL_SURFACE ( 'NONE', #1265, 0.06749999999999993505 ) ;
#1478 = ORIENTED_EDGE ( 'NONE', *, *, #850, .F. ) ;
#1479 = DIRECTION ( 'NONE',  ( 1.000000000000000000, -1.154405498406595936E-32, 0.000000000000000000 ) ) ;
#1480 = DIRECTION ( 'NONE',  ( 0.000000000000000000, -1.000000000000000000, 0.000000000000000000 ) ) ;
#1481 = DIRECTION ( 'NONE',  ( 0.000000000000000000, -1.000000000000000000, 0.000000000000000000 ) ) ;
#1482 = ORIENTED_EDGE ( 'NONE', *, *, #253, .F. ) ;
#1483 = DIRECTION ( 'NONE',  ( 0.000000000000000000, -1.000000000000000000, 0.000000000000000000 ) ) ;
#1484 = EDGE_CURVE ( 'NONE', #750, #774, #919, .T. ) ;
#1485 = ORIENTED_EDGE ( 'NONE', *, *, #1704, .T. ) ;
#1486 = DIRECTION ( 'NONE',  ( -1.000000000000000000, -1.154405498406595936E-32, -0.000000000000000000 ) ) ;
#1487 = CARTESIAN_POINT ( 'NONE',  ( -0.8000000000000000444, -2.308810996813190845E-33, 0.000000000000000000 ) ) ;
#1488 = LINE ( 'NONE', #944, #492 ) ;
#1489 = DIRECTION ( 'NONE',  ( -1.000000000000000000, -1.154405498406595936E-32, -0.000000000000000000 ) ) ;
#1490 = VERTEX_POINT ( 'NONE', #438 ) ;
#1491 = CARTESIAN_POINT ( 'NONE',  ( 1.000000000000000000, 2.526595492583512569E-65, 0.000000000000000000 ) ) ;
#1492 = ADVANCED_FACE ( 'NONE', ( #900 ), #1452, .T. ) ;
#1493 = EDGE_LOOP ( 'NONE', ( #304, #1192, #71, #909 ) ) ;
#1494 = SURFACE_SIDE_STYLE ('',( #1622 ) ) ;
#1495 = FACE_OUTER_BOUND ( 'NONE', #1707, .T. ) ;
#1496 = AXIS2_PLACEMENT_3D ( 'NONE', #182, #1127, #1391 ) ;
#1497 = CARTESIAN_POINT ( 'NONE',  ( 0.8559842519685038065, -0.06749999999999992117, 0.000000000000000000 ) ) ;
#1498 = DIRECTION ( 'NONE',  ( -1.000000000000000000, -1.154405498406595936E-32, -0.000000000000000000 ) ) ;
#1499 = CONICAL_SURFACE ( 'NONE', #238, 0.1604330708661417526, 0.7853981633974568277 ) ;
#1500 = ORIENTED_EDGE ( 'NONE', *, *, #350, .T. ) ;
#1501 = CYLINDRICAL_SURFACE ( 'NONE', #292, 0.1604330708661417526 ) ;
#1502 = ORIENTED_EDGE ( 'NONE', *, *, #535, .F. ) ;
#1503 = ADVANCED_FACE ( 'NONE', ( #472 ), #1583, .T. ) ;
#1504 =( NAMED_UNIT ( * ) PLANE_ANGLE_UNIT ( ) SI_UNIT ( $, .RADIAN. ) );
#1505 = DIRECTION ( 'NONE',  ( 1.000000000000000000, 0.000000000000000000, 0.000000000000000000 ) ) ;
#1506 = EDGE_CURVE ( 'NONE', #197, #368, #95, .T. ) ;
#1507 = CARTESIAN_POINT ( 'NONE',  ( 1.000000000000000000, 0.000000000000000000, 0.000000000000000000 ) ) ;
#1508 = DIRECTION ( 'NONE',  ( 1.000000000000000000, -1.154405498406595936E-32, 0.000000000000000000 ) ) ;
#1509 = VERTEX_POINT ( 'NONE', #464 ) ;
#1510 = DIRECTION ( 'NONE',  ( -1.000000000000000000, 1.154405498406595936E-32, -0.000000000000000000 ) ) ;
#1511 = ORIENTED_EDGE ( 'NONE', *, *, #119, .F. ) ;
#1512 = DIRECTION ( 'NONE',  ( 0.7071067811865481278, -0.7071067811865469066, 0.000000000000000000 ) ) ;
#1513 = EDGE_CURVE ( 'NONE', #368, #1490, #1685, .T. ) ;
#1514 = DIRECTION ( 'NONE',  ( 0.7071067811865462405, -0.7071067811865486830, 8.659560562354947649E-17 ) ) ;
#1515 = FACE_OUTER_BOUND ( 'NONE', #228, .T. ) ;
#1516 = ORIENTED_EDGE ( 'NONE', *, *, #1513, .F. ) ;
#1517 = CYLINDRICAL_SURFACE ( 'NONE', #1145, 0.06299212598425198151 ) ;
#1518 = ORIENTED_EDGE ( 'NONE', *, *, #307, .T. ) ;
#1519 = SHAPE_DEFINITION_REPRESENTATION ( #534, #960 ) ;
#1520 = AXIS2_PLACEMENT_3D ( 'NONE', #1711, #48, #82 ) ;
#1521 = CARTESIAN_POINT ( 'NONE',  ( 0.6131889763779527769, -0.06749999999999993505, 0.000000000000000000 ) ) ;
#1522 = DIRECTION ( 'NONE',  ( -1.000000000000000000, -1.154405498406595936E-32, 0.000000000000000000 ) ) ;
#1523 = CONICAL_SURFACE ( 'NONE', #1236, 0.2687499999999999889, 1.047197551196598742 ) ;
#1524 = EDGE_CURVE ( 'NONE', #537, #1392, #1095, .T. ) ;
#1525 = AXIS2_PLACEMENT_3D ( 'NONE', #1263, #999, #565 ) ;
#1526 = ORIENTED_EDGE ( 'NONE', *, *, #178, .F. ) ;
#1527 = VECTOR ( 'NONE', #279, 39.37007874015748143 ) ;
#1528 = DIRECTION ( 'NONE',  ( 0.000000000000000000, -1.000000000000000000, 0.000000000000000000 ) ) ;
#1529 = ORIENTED_EDGE ( 'NONE', *, *, #1608, .F. ) ;
#1530 = AXIS2_PLACEMENT_3D ( 'NONE', #1568, #55, #1442 ) ;
#1531 = DIRECTION ( 'NONE',  ( 0.000000000000000000, 1.000000000000000000, 0.000000000000000000 ) ) ;
#1532 = CARTESIAN_POINT ( 'NONE',  ( 0.8759842519685039353, -0.1604330708661417526, 0.000000000000000000 ) ) ;
#1533 = DIRECTION ( 'NONE',  ( 0.000000000000000000, 1.000000000000000000, 0.000000000000000000 ) ) ;
#1534 = ORIENTED_EDGE ( 'NONE', *, *, #622, .T. ) ;
#1535 = CARTESIAN_POINT ( 'NONE',  ( -1.000000000000000000, 0.000000000000000000, 0.000000000000000000 ) ) ;
#1536 = ORIENTED_EDGE ( 'NONE', *, *, #904, .F. ) ;
#1537 = EDGE_CURVE ( 'NONE', #431, #343, #1753, .T. ) ;
#1538 = DIRECTION ( 'NONE',  ( 1.000000000000000000, -1.154405498406595936E-32, 0.000000000000000000 ) ) ;
#1539 = DIRECTION ( 'NONE',  ( -1.000000000000000000, 1.154405498406595936E-32, -0.000000000000000000 ) ) ;
#1540 = DIRECTION ( 'NONE',  ( 0.000000000000000000, -1.000000000000000000, 0.000000000000000000 ) ) ;
#1541 = VERTEX_POINT ( 'NONE', #759 ) ;
#1542 = DIRECTION ( 'NONE',  ( -1.154405498406595936E-32, 1.000000000000000000, 0.000000000000000000 ) ) ;
#1543 = EDGE_LOOP ( 'NONE', ( #990, #1446 ) ) ;
#1544 = EDGE_CURVE ( 'NONE', #8, #156, #486, .T. ) ;
#1545 = DIRECTION ( 'NONE',  ( 0.000000000000000000, -1.000000000000000000, 0.000000000000000000 ) ) ;
#1546 = CARTESIAN_POINT ( 'NONE',  ( 0.8759842519685039353, 0.1604330708661417526, -1.964738467136009885E-17 ) ) ;
#1547 = DIRECTION ( 'NONE',  ( 1.000000000000000000, 1.154405498406595936E-32, 0.000000000000000000 ) ) ;
#1548 = CIRCLE ( 'NONE', #766, 0.2187500000000000000 ) ;
#1549 = ORIENTED_EDGE ( 'NONE', *, *, #882, .F. ) ;
#1550 = CARTESIAN_POINT ( 'NONE',  ( -1.000000000000000000, 0.000000000000000000, 0.000000000000000000 ) ) ;
#1551 = CIRCLE ( 'NONE', #1350, 0.1604330708661417526 ) ;
#1552 = VERTEX_POINT ( 'NONE', #872 ) ;
#1553 = CONICAL_SURFACE ( 'NONE', #94, 0.2187500000000000000, 1.047197551196599186 ) ;
#1554 = AXIS2_PLACEMENT_3D ( 'NONE', #1163, #1712, #1031 ) ;
#1555 = DIRECTION ( 'NONE',  ( -1.000000000000000000, 1.154405498406595936E-32, -0.000000000000000000 ) ) ;
#1556 = CARTESIAN_POINT ( 'NONE',  ( 0.000000000000000000, -1.154405498406595936E-32, 0.000000000000000000 ) ) ;
#1557 = EDGE_CURVE ( 'NONE', #343, #431, #441, .T. ) ;
#1558 = EDGE_LOOP ( 'NONE', ( #683, #170 ) ) ;
#1559 = DIRECTION ( 'NONE',  ( 1.000000000000000000, -1.154405498406595936E-32, 0.000000000000000000 ) ) ;
#1560 = VERTEX_POINT ( 'NONE', #1725 ) ;
#1561 = CYLINDRICAL_SURFACE ( 'NONE', #27, 0.06749999999999993505 ) ;
#1562 = DIRECTION ( 'NONE',  ( -1.000000000000000000, 1.154405498406595936E-32, -0.000000000000000000 ) ) ;
#1563 = EDGE_CURVE ( 'NONE', #1613, #1118, #981, .T. ) ;
#1564 = ORIENTED_EDGE ( 'NONE', *, *, #692, .F. ) ;
#1565 = DIRECTION ( 'NONE',  ( -1.154405498406596073E-32, -1.000000000000000000, 0.000000000000000000 ) ) ;
#1566 = ORIENTED_EDGE ( 'NONE', *, *, #1576, .T. ) ;
#1567 = DIRECTION ( 'NONE',  ( 0.000000000000000000, -1.000000000000000000, 0.000000000000000000 ) ) ;
#1568 = CARTESIAN_POINT ( 'NONE',  ( 1.000000000000000000, 0.000000000000000000, 0.000000000000000000 ) ) ;
#1569 = VERTEX_POINT ( 'NONE', #753 ) ;
#1570 = CARTESIAN_POINT ( 'NONE',  ( -0.8000000000000000444, -2.308810996813190845E-33, 0.000000000000000000 ) ) ;
#1571 = AXIS2_PLACEMENT_3D ( 'NONE', #1451, #864, #752 ) ;
#1572 = EDGE_CURVE ( 'NONE', #1015, #1181, #1150, .T. ) ;
#1573 = AXIS2_PLACEMENT_3D ( 'NONE', #921, #454, #1271 ) ;
#1574 = ORIENTED_EDGE ( 'NONE', *, *, #1544, .T. ) ;
#1575 = DIRECTION ( 'NONE',  ( 0.000000000000000000, -1.000000000000000000, 0.000000000000000000 ) ) ;
#1576 = EDGE_CURVE ( 'NONE', #1586, #1541, #1697, .T. ) ;
#1577 = VECTOR ( 'NONE', #841, 39.37007874015748143 ) ;
#1578 = ORIENTED_EDGE ( 'NONE', *, *, #1595, .T. ) ;
#1579 = AXIS2_PLACEMENT_3D ( 'NONE', #14, #168, #412 ) ;
#1580 = AXIS2_PLACEMENT_3D ( 'NONE', #580, #1547, #1672 ) ;
#1581 = CARTESIAN_POINT ( 'NONE',  ( -1.000000000000000000, -0.2187500000000000000, 0.000000000000000000 ) ) ;
#1582 = LINE ( 'NONE', #1342, #411 ) ;
#1583 = CONICAL_SURFACE ( 'NONE', #1244, 0.2687499999999999889, 1.047197551196599186 ) ;
#1584 = EDGE_LOOP ( 'NONE', ( #1027, #972, #81, #184 ) ) ;
#1585 = CARTESIAN_POINT ( 'NONE',  ( -0.5551181102362202635, 0.000000000000000000, 0.000000000000000000 ) ) ;
#1586 = VERTEX_POINT ( 'NONE', #1014 ) ;
#1587 = CYLINDRICAL_SURFACE ( 'NONE', #58, 0.06299212598425198151 ) ;
#1588 = EDGE_CURVE ( 'NONE', #715, #1756, #270, .T. ) ;
#1589 = ORIENTED_EDGE ( 'NONE', *, *, #1144, .T. ) ;
#1590 = CARTESIAN_POINT ( 'NONE',  ( 0.000000000000000000, -1.154405498406595936E-32, 0.000000000000000000 ) ) ;
#1591 = ORIENTED_EDGE ( 'NONE', *, *, #1305, .T. ) ;
#1592 = DIRECTION ( 'NONE',  ( 1.000000000000000000, 1.154405498406595936E-32, 0.000000000000000000 ) ) ;
#1593 = ORIENTED_EDGE ( 'NONE', *, *, #1576, .F. ) ;
#1594 = DIRECTION ( 'NONE',  ( -1.000000000000000000, -1.154405498406595936E-32, -0.000000000000000000 ) ) ;
#1595 = EDGE_CURVE ( 'NONE', #1358, #1569, #732, .T. ) ;
#1596 = LINE ( 'NONE', #1606, #432 ) ;
#1597 = DIRECTION ( 'NONE',  ( 0.000000000000000000, 1.000000000000000000, 0.000000000000000000 ) ) ;
#1598 = DIRECTION ( 'NONE',  ( -1.000000000000000000, -1.154405498406595936E-32, -0.000000000000000000 ) ) ;
#1599 = CARTESIAN_POINT ( 'NONE',  ( 0.8559842519685038065, -1.662525713846980378E-33, 0.000000000000000000 ) ) ;
#1600 = ORIENTED_EDGE ( 'NONE', *, *, #460, .T. ) ;
#1601 = CARTESIAN_POINT ( 'NONE',  ( -1.000000000000000000, 0.06749999999999993505, 8.266365894244625089E-18 ) ) ;
#1602 = CIRCLE ( 'NONE', #911, 0.2687499999999999889 ) ;
#1603 = ORIENTED_EDGE ( 'NONE', *, *, #593, .F. ) ;
#1604 = CIRCLE ( 'NONE', #28, 0.1804330708661420202 ) ;
#1605 = CONICAL_SURFACE ( 'NONE', #1579, 0.2687499999999999889, 1.047197551196599186 ) ;
#1606 = CARTESIAN_POINT ( 'NONE',  ( 0.4921259842519685179, -0.06299212598425195375, -7.714310545810096589E-18 ) ) ;
#1607 = DIRECTION ( 'NONE',  ( -1.000000000000000000, 1.154405498406595936E-32, -0.000000000000000000 ) ) ;
#1608 = EDGE_CURVE ( 'NONE', #1118, #1613, #1443, .T. ) ;
#1609 = CARTESIAN_POINT ( 'NONE',  ( -0.7164396555337322336, -3.273436207819278280E-33, 0.000000000000000000 ) ) ;
#1610 = FACE_OUTER_BOUND ( 'NONE', #1017, .T. ) ;
#1611 = ORIENTED_EDGE ( 'NONE', *, *, #119, .T. ) ;
#1612 = CARTESIAN_POINT ( 'NONE',  ( 0.8559842519685038065, 0.09043307086614174595, -1.229950387647598817E-17 ) ) ;
#1613 = VERTEX_POINT ( 'NONE', #1287 ) ;
#1614 = FILL_AREA_STYLE_COLOUR ( '', #631 ) ;
#1615 = DIRECTION ( 'NONE',  ( -0.7071067811865481278, -0.7071067811865469066, 0.000000000000000000 ) ) ;
#1616 = DIRECTION ( 'NONE',  ( -0.4999999999999991118, -0.8660254037844391517, 0.000000000000000000 ) ) ;
#1617 = CARTESIAN_POINT ( 'NONE',  ( 0.000000000000000000, -1.154405498406595936E-32, 0.000000000000000000 ) ) ;
#1618 = ADVANCED_FACE ( 'NONE', ( #1705 ), #1473, .F. ) ;
#1619 = EDGE_LOOP ( 'NONE', ( #1232, #109 ) ) ;
#1620 = FACE_OUTER_BOUND ( 'NONE', #1679, .T. ) ;
#1621 = ORIENTED_EDGE ( 'NONE', *, *, #729, .F. ) ;
#1622 = SURFACE_STYLE_FILL_AREA ( #1351 ) ;
#1623 = CARTESIAN_POINT ( 'NONE',  ( -0.9800000000000000933, 0.1604330708661417526, 1.964738467136009885E-17 ) ) ;
#1624 = LINE ( 'NONE', #680, #60 ) ;
#1625 = CARTESIAN_POINT ( 'NONE',  ( 0.8249999999999999556, -2.020209622211543401E-33, 0.000000000000000000 ) ) ;
#1626 = ORIENTED_EDGE ( 'NONE', *, *, #479, .T. ) ;
#1627 = DIRECTION ( 'NONE',  ( -1.000000000000000000, 1.154405498406595936E-32, -0.000000000000000000 ) ) ;
#1628 = ADVANCED_FACE ( 'NONE', ( #615 ), #837, .F. ) ;
#1629 = EDGE_LOOP ( 'NONE', ( #86, #932 ) ) ;
#1630 = EDGE_CURVE ( 'NONE', #1276, #1001, #895, .T. ) ;
#1631 = CIRCLE ( 'NONE', #1571, 0.2187500000000000000 ) ;
#1632 = VECTOR ( 'NONE', #349, 39.37007874015748143 ) ;
#1633 = FACE_OUTER_BOUND ( 'NONE', #647, .T. ) ;
#1634 = CARTESIAN_POINT ( 'NONE',  ( 1.000000000000000000, 0.000000000000000000, 0.000000000000000000 ) ) ;
#1635 = VECTOR ( 'NONE', #314, 39.37007874015748143 ) ;
#1636 = AXIS2_PLACEMENT_3D ( 'NONE', #1042, #474, #880 ) ;
#1637 = DIRECTION ( 'NONE',  ( -1.000000000000000000, 1.154405498406595936E-32, -0.000000000000000000 ) ) ;
#1638 = DIRECTION ( 'NONE',  ( -1.000000000000000000, -1.154405498406595936E-32, -0.000000000000000000 ) ) ;
#1639 = AXIS2_PLACEMENT_3D ( 'NONE', #1121, #824, #1505 ) ;
#1640 = ORIENTED_EDGE ( 'NONE', *, *, #425, .T. ) ;
#1641 = PLANE ( 'NONE',  #1410 ) ;
#1642 = ORIENTED_EDGE ( 'NONE', *, *, #594, .T. ) ;
#1643 = EDGE_CURVE ( 'NONE', #197, #1133, #1582, .T. ) ;
#1644 = CYLINDRICAL_SURFACE ( 'NONE', #1297, 0.2187499999999999445 ) ;
#1645 = DIRECTION ( 'NONE',  ( 0.000000000000000000, -1.000000000000000000, 0.000000000000000000 ) ) ;
#1646 = EDGE_LOOP ( 'NONE', ( #1215, #1139, #529, #361 ) ) ;
#1647 = DIRECTION ( 'NONE',  ( 0.000000000000000000, -1.000000000000000000, 0.000000000000000000 ) ) ;
#1648 = EDGE_LOOP ( 'NONE', ( #1368, #138 ) ) ;
#1649 = DIRECTION ( 'NONE',  ( 0.000000000000000000, -1.000000000000000000, 0.000000000000000000 ) ) ;
#1650 = EDGE_CURVE ( 'NONE', #1407, #707, #1177, .T. ) ;
#1651 = DIRECTION ( 'NONE',  ( 0.000000000000000000, -1.000000000000000000, 0.000000000000000000 ) ) ;
#1652 = CARTESIAN_POINT ( 'NONE',  ( -1.000000000000000000, -0.2187499999999999445, 0.000000000000000000 ) ) ;
#1653 = ORIENTED_EDGE ( 'NONE', *, *, #1630, .T. ) ;
#1654 = CARTESIAN_POINT ( 'NONE',  ( 0.8759842519685039353, 1.804851601710533394E-65, 0.000000000000000000 ) ) ;
#1655 = VERTEX_POINT ( 'NONE', #507 ) ;
#1656 = DIRECTION ( 'NONE',  ( -1.000000000000000000, -1.154405498406595936E-32, -0.000000000000000000 ) ) ;
#1657 =( CONVERSION_BASED_UNIT ( 'INCH', #1272 ) LENGTH_UNIT ( ) NAMED_UNIT ( #627 ) );
#1658 = CLOSED_SHELL ( 'NONE', ( #142, #784, #613, #1740, #702, #418, #1039, #1716, #473, #1618, #550, #299, #277, #873, #866, #1503, #1128, #1180, #524, #175, #928, #1663, #1425, #1315, #1067, #649, #1628, #736, #929, #255, #1372, #1003, #1164, #1695, #166 ) ) ;
#1659 = AXIS2_PLACEMENT_3D ( 'NONE', #1388, #1258, #21 ) ;
#1660 = CARTESIAN_POINT ( 'NONE',  ( -1.000000000000000000, 0.2687499999999999889, 3.291238272708512160E-17 ) ) ;
#1661 = DIRECTION ( 'NONE',  ( 0.000000000000000000, -1.000000000000000000, 0.000000000000000000 ) ) ;
#1662 = AXIS2_PLACEMENT_3D ( 'NONE', #655, #1346, #107 ) ;
#1663 = ADVANCED_FACE ( 'NONE', ( #934, #111 ), #97, .F. ) ;
#1664 = AXIS2_PLACEMENT_3D ( 'NONE', #558, #791, #1647 ) ;
#1665 = ORIENTED_EDGE ( 'NONE', *, *, #360, .F. ) ;
#1666 = CARTESIAN_POINT ( 'NONE',  ( 0.8559842519685038065, 1.052349157014795979E-65, 0.000000000000000000 ) ) ;
#1667 = CIRCLE ( 'NONE', #1060, 0.2687499999999999889 ) ;
#1668 = ORIENTED_EDGE ( 'NONE', *, *, #360, .T. ) ;
#1669 = VECTOR ( 'NONE', #604, 39.37007874015748143 ) ;
#1670 = CARTESIAN_POINT ( 'NONE',  ( 1.000000000000000000, -0.06299212598425198151, 0.000000000000000000 ) ) ;
#1671 = DIRECTION ( 'NONE',  ( -1.000000000000000000, 1.154405498406595936E-32, -0.000000000000000000 ) ) ;
#1672 = DIRECTION ( 'NONE',  ( 0.000000000000000000, -1.000000000000000000, 0.000000000000000000 ) ) ;
#1673 = ORIENTED_EDGE ( 'NONE', *, *, #1595, .F. ) ;
#1674 = FACE_OUTER_BOUND ( 'NONE', #497, .T. ) ;
#1675 = ORIENTED_EDGE ( 'NONE', *, *, #20, .F. ) ;
#1676 = CARTESIAN_POINT ( 'NONE',  ( 1.000000000000000000, 0.000000000000000000, 0.000000000000000000 ) ) ;
#1677 = DIRECTION ( 'NONE',  ( -0.3420201433256658818, -0.9396926207859094271, -1.150791560227851502E-16 ) ) ;
#1678 = DIRECTION ( 'NONE',  ( 0.000000000000000000, -1.000000000000000000, 0.000000000000000000 ) ) ;
#1679 = EDGE_LOOP ( 'NONE', ( #459, #450, #1589 ) ) ;
#1680 = CARTESIAN_POINT ( 'NONE',  ( 0.8249999999999999556, -2.020209622211543401E-33, 0.000000000000000000 ) ) ;
#1681 = VERTEX_POINT ( 'NONE', #1752 ) ;
#1682 = EDGE_CURVE ( 'NONE', #517, #1449, #37, .T. ) ;
#1683 = DIRECTION ( 'NONE',  ( 0.000000000000000000, -1.000000000000000000, 0.000000000000000000 ) ) ;
#1684 = DIMENSIONAL_EXPONENTS ( 1.000000000000000000, 0.000000000000000000, 0.000000000000000000, 0.000000000000000000, 0.000000000000000000, 0.000000000000000000, 0.000000000000000000 ) ;
#1685 = LINE ( 'NONE', #335, #746 ) ;
#1686 = AXIS2_PLACEMENT_3D ( 'NONE', #320, #1555, #1415 ) ;
#1687 = EDGE_LOOP ( 'NONE', ( #1564, #521, #597, #694 ) ) ;
#1688 = DIRECTION ( 'NONE',  ( -1.154405498406595936E-32, 1.000000000000000000, 0.000000000000000000 ) ) ;
#1689 = VECTOR ( 'NONE', #167, 39.37007874015748143 ) ;
#1690 = CIRCLE ( 'NONE', #917, 0.2687499999999999889 ) ;
#1691 = VECTOR ( 'NONE', #1616, 39.37007874015748143 ) ;
#1692 = EDGE_LOOP ( 'NONE', ( #1426, #564, #1566, #1178 ) ) ;
#1693 = VECTOR ( 'NONE', #1022, 39.37007874015748854 ) ;
#1694 = AXIS2_PLACEMENT_3D ( 'NONE', #1556, #1020, #1307 ) ;
#1695 = ADVANCED_FACE ( 'NONE', ( #658 ), #1217, .T. ) ;
#1696 = DIRECTION ( 'NONE',  ( 0.7071067811865481278, 0.7071067811865469066, -8.659560562354925463E-17 ) ) ;
#1697 = LINE ( 'NONE', #633, #1300 ) ;
#1698 = DIRECTION ( 'NONE',  ( 1.000000000000000000, 1.154405498406595936E-32, 0.000000000000000000 ) ) ;
#1699 = DIRECTION ( 'NONE',  ( 0.000000000000000000, -1.000000000000000000, 0.000000000000000000 ) ) ;
#1700 = EDGE_LOOP ( 'NONE', ( #388, #1611, #1482, #874 ) ) ;
#1701 = ORIENTED_EDGE ( 'NONE', *, *, #12, .T. ) ;
#1702 = EDGE_CURVE ( 'NONE', #211, #814, #384, .T. ) ;
#1703 = DIRECTION ( 'NONE',  ( 0.000000000000000000, -1.000000000000000000, 0.000000000000000000 ) ) ;
#1704 = EDGE_CURVE ( 'NONE', #1238, #470, #670, .T. ) ;
#1705 = FACE_OUTER_BOUND ( 'NONE', #998, .T. ) ;
#1706 = EDGE_CURVE ( 'NONE', #517, #1407, #531, .T. ) ;
#1707 = EDGE_LOOP ( 'NONE', ( #1347, #947, #1166 ) ) ;
#1708 = CARTESIAN_POINT ( 'NONE',  ( 0.4921259842519685179, 0.06299212598425195375, 0.000000000000000000 ) ) ;
#1709 = ORIENTED_EDGE ( 'NONE', *, *, #994, .T. ) ;
#1710 = DIRECTION ( 'NONE',  ( 0.000000000000000000, -1.000000000000000000, 0.000000000000000000 ) ) ;
#1711 = CARTESIAN_POINT ( 'NONE',  ( 0.7711324865405189133, -2.642059159442706060E-33, 0.000000000000000000 ) ) ;
#1712 = DIRECTION ( 'NONE',  ( -1.000000000000000000, 1.154405498406595936E-32, -0.000000000000000000 ) ) ;
#1713 = ORIENTED_EDGE ( 'NONE', *, *, #1460, .T. ) ;
#1714 = CARTESIAN_POINT ( 'NONE',  ( 0.7561324865405189000, -0.2687499999999999889, 0.000000000000000000 ) ) ;
#1715 = AXIS2_PLACEMENT_3D ( 'NONE', #1148, #485, #1030 ) ;
#1716 = ADVANCED_FACE ( 'NONE', ( #1495 ), #125, .F. ) ;
#1717 = VECTOR ( 'NONE', #801, 39.37007874015748143 ) ;
#1718 = VERTEX_POINT ( 'NONE', #1083 ) ;
#1719 = FACE_OUTER_BOUND ( 'NONE', #1700, .T. ) ;
#1720 = AXIS2_PLACEMENT_3D ( 'NONE', #502, #636, #78 ) ;
#1721 = ORIENTED_EDGE ( 'NONE', *, *, #1643, .F. ) ;
#1722 = AXIS2_PLACEMENT_3D ( 'NONE', #1625, #1489, #533 ) ;
#1723 = CIRCLE ( 'NONE', #1636, 0.06749999999999993505 ) ;
#1724 = PRESENTATION_STYLE_ASSIGNMENT (( #1174 ) ) ;
#1725 = CARTESIAN_POINT ( 'NONE',  ( 0.4921259842519685179, 0.06299212598425195375, 0.000000000000000000 ) ) ;
#1726 = CARTESIAN_POINT ( 'NONE',  ( -1.000000000000000000, 0.2687499999999999889, 3.291238272708512160E-17 ) ) ;
#1727 = DIRECTION ( 'NONE',  ( -1.000000000000000000, -1.154405498406595936E-32, -0.000000000000000000 ) ) ;
#1728 = ORIENTED_EDGE ( 'NONE', *, *, #265, .T. ) ;
#1729 = CARTESIAN_POINT ( 'NONE',  ( 1.000000000000000000, 2.138014615398377695E-65, 0.000000000000000000 ) ) ;
#1730 = EDGE_CURVE ( 'NONE', #356, #1081, #469, .T. ) ;
#1731 = EDGE_CURVE ( 'NONE', #1081, #1385, #370, .T. ) ;
#1732 = ORIENTED_EDGE ( 'NONE', *, *, #219, .F. ) ;
#1733 = CARTESIAN_POINT ( 'NONE',  ( 0.8759842519685040463, -1.431644614165658899E-33, 0.000000000000000000 ) ) ;
#1734 = CARTESIAN_POINT ( 'NONE',  ( -0.8759842519685040463, -0.1104330708661419164, 0.000000000000000000 ) ) ;
#1735 = LINE ( 'NONE', #104, #606 ) ;
#1736 = DIRECTION ( 'NONE',  ( -1.000000000000000000, -1.154405498406595936E-32, -0.000000000000000000 ) ) ;
#1737 = ORIENTED_EDGE ( 'NONE', *, *, #1165, .T. ) ;
#1738 = DIRECTION ( 'NONE',  ( 0.000000000000000000, 1.000000000000000000, 0.000000000000000000 ) ) ;
#1739 = ORIENTED_EDGE ( 'NONE', *, *, #385, .F. ) ;
#1740 = ADVANCED_FACE ( 'NONE', ( #132 ), #1471, .T. ) ;
#1741 = CYLINDRICAL_SURFACE ( 'NONE', #1170, 0.1604330708661417526 ) ;
#1742 = DIRECTION ( 'NONE',  ( -1.000000000000000000, 1.154405498406595936E-32, -0.000000000000000000 ) ) ;
#1743 = DIRECTION ( 'NONE',  ( -1.000000000000000000, -1.154405498406595936E-32, -0.000000000000000000 ) ) ;
#1744 = CARTESIAN_POINT ( 'NONE',  ( -1.000000000000000000, -0.2000000000000000389, 0.000000000000000000 ) ) ;
#1745 = EDGE_LOOP ( 'NONE', ( #1141, #1665 ) ) ;
#1746 = DIRECTION ( 'NONE',  ( 0.000000000000000000, -1.000000000000000000, 0.000000000000000000 ) ) ;
#1747 = CIRCLE ( 'NONE', #1686, 0.2687499999999999889 ) ;
#1748 = ORIENTED_EDGE ( 'NONE', *, *, #1731, .F. ) ;
#1749 = AXIS2_PLACEMENT_3D ( 'NONE', #1766, #938, #665 ) ;
#1750 = AXIS2_PLACEMENT_3D ( 'NONE', #215, #1043, #57 ) ;
#1751 = VECTOR ( 'NONE', #1698, 39.37007874015748143 ) ;
#1752 = CARTESIAN_POINT ( 'NONE',  ( 0.8636912520662176629, -0.2687499999999999889, 0.000000000000000000 ) ) ;
#1753 = CIRCLE ( 'NONE', #65, 0.2187500000000000000 ) ;
#1754 = DIRECTION ( 'NONE',  ( 0.4999999999999991118, -0.8660254037844391517, 0.000000000000000000 ) ) ;
#1755 = CARTESIAN_POINT ( 'NONE',  ( 0.8000000000000000444, -2.308810996813190845E-33, 0.000000000000000000 ) ) ;
#1756 = VERTEX_POINT ( 'NONE', #410 ) ;
#1757 = FACE_OUTER_BOUND ( 'NONE', #251, .T. ) ;
#1758 = ORIENTED_EDGE ( 'NONE', *, *, #883, .F. ) ;
#1759 = DIRECTION ( 'NONE',  ( 0.4999999999999987232, 0.8660254037844393737, -1.060575238724907901E-16 ) ) ;
#1760 = DIRECTION ( 'NONE',  ( 0.000000000000000000, -1.000000000000000000, 0.000000000000000000 ) ) ;
#1761 = EDGE_CURVE ( 'NONE', #750, #1184, #1225, .T. ) ;
#1762 = FACE_BOUND ( 'NONE', #572, .T. ) ;
#1763 = CARTESIAN_POINT ( 'NONE',  ( 1.000000000000000000, 0.000000000000000000, 0.000000000000000000 ) ) ;
#1764 = EDGE_CURVE ( 'NONE', #618, #8, #1360, .T. ) ;
#1765 = ORIENTED_EDGE ( 'NONE', *, *, #230, .F. ) ;
#1766 = CARTESIAN_POINT ( 'NONE',  ( -1.000000000000000000, 0.000000000000000000, 0.000000000000000000 ) ) ;
#1767 = VERTEX_POINT ( 'NONE', #1352 ) ;
#1768 =( CONVERSION_BASED_UNIT ( 'INCH', #541 ) LENGTH_UNIT ( ) NAMED_UNIT ( #1290 ) );
#1769 = FACE_OUTER_BOUND ( 'NONE', #1444, .T. ) ;
#1770 = DIRECTION ( 'NONE',  ( 1.000000000000000000, 1.154405498406595936E-32, 0.000000000000000000 ) ) ;
#1771 = DIRECTION ( 'NONE',  ( 0.000000000000000000, -1.000000000000000000, 0.000000000000000000 ) ) ;
#1772 = ORIENTED_EDGE ( 'NONE', *, *, #362, .F. ) ;
#1773 = CARTESIAN_POINT ( 'NONE',  ( -0.8636912520662176629, -0.2687499999999999889, 0.000000000000000000 ) ) ;
#1774 = ADVANCED_FACE ( 'NONE', ( #1769 ), #542, .T. ) ;
#1775 = EDGE_LOOP ( 'NONE', ( #790, #608, #50, #1266 ) ) ;
ENDSEC;
END-ISO-10303-21;
