ISO-10303-21;
HEADER;
FILE_DESCRIPTION (( 'STEP AP214' ),
    '1' );
FILE_NAME ('4thStageStartCapV3.STEP',
    '2026-04-02T07:02:37',
    ( '' ),
    ( '' ),
    'SwSTEP 2.0',
    'SolidWorks 2025',
    '' );
FILE_SCHEMA (( 'AUTOMOTIVE_DESIGN' ));
ENDSEC;

DATA;
#1 = VERTEX_POINT ( 'NONE', #1912 ) ;
#2 = CARTESIAN_POINT ( 'NONE',  ( -0.05000000000000000278, 0.6590551181102364264, -0.6250000000000000000 ) ) ;
#3 = CARTESIAN_POINT ( 'NONE',  ( -0.1000000000000000056, 0.5409448818897638622, -0.3750000000000011102 ) ) ;
#4 = EDGE_LOOP ( 'NONE', ( #1951, #490, #84, #2238, #1092 ) ) ;
#5 = DIRECTION ( 'NONE',  ( 0.000000000000000000, 0.000000000000000000, 1.000000000000000000 ) ) ;
#6 = ADVANCED_FACE ( 'NONE', ( #171 ), #14, .T. ) ;
#7 = CARTESIAN_POINT ( 'NONE',  ( -0.04000000000000000083, -0.6600000000000014744, -3.278151720289009365E-15 ) ) ;
#8 = ORIENTED_EDGE ( 'NONE', *, *, #2016, .T. ) ;
#9 = FACE_OUTER_BOUND ( 'NONE', #1409, .T. ) ;
#10 = ADVANCED_FACE ( 'NONE', ( #2462 ), #183, .F. ) ;
#11 = CARTESIAN_POINT ( 'NONE',  ( 0.05000000000000000278, -0.5721948818897637512, 0.1249999999999995004 ) ) ;
#12 = ORIENTED_EDGE ( 'NONE', *, *, #493, .T. ) ;
#13 = DIRECTION ( 'NONE',  ( 0.000000000000000000, 0.000000000000000000, -1.000000000000000000 ) ) ;
#14 = PLANE ( 'NONE',  #2068 ) ;
#15 = DIRECTION ( 'NONE',  ( 0.000000000000000000, 0.000000000000000000, -1.000000000000000000 ) ) ;
#16 = AXIS2_PLACEMENT_3D ( 'NONE', #1127, #1938, #747 ) ;
#17 = EDGE_LOOP ( 'NONE', ( #2455, #1124, #1038, #386 ) ) ;
#18 = CARTESIAN_POINT ( 'NONE',  ( -0.05000000000000000278, -0.3750000000000000555, 0.2500000000000000555 ) ) ;
#19 = LINE ( 'NONE', #395, #2439 ) ;
#20 = VECTOR ( 'NONE', #1667, 39.37007874015748143 ) ;
#21 = DIRECTION ( 'NONE',  ( -1.000000000000000000, -0.000000000000000000, -0.000000000000000000 ) ) ;
#22 = ORIENTED_EDGE ( 'NONE', *, *, #940, .F. ) ;
#23 = EDGE_CURVE ( 'NONE', #368, #342, #2375, .T. ) ;
#24 = AXIS2_PLACEMENT_3D ( 'NONE', #1606, #2157, #798 ) ;
#25 = CARTESIAN_POINT ( 'NONE',  ( -0.05000000000000000278, -0.3750000000000000555, -0.1250000000000000000 ) ) ;
#26 = CARTESIAN_POINT ( 'NONE',  ( 0.05000000000000000278, -0.6600000000000000311, -0.2637502762963908620 ) ) ;
#27 = VERTEX_POINT ( 'NONE', #1762 ) ;
#28 = EDGE_CURVE ( 'NONE', #1803, #767, #1536, .T. ) ;
#29 = VERTEX_POINT ( 'NONE', #1737 ) ;
#30 = VECTOR ( 'NONE', #333, 39.37007874015748143 ) ;
#31 = CARTESIAN_POINT ( 'NONE',  ( -0.1000000000000000056, 0.5409448818897638622, 0.1249999999999988898 ) ) ;
#32 = DIRECTION ( 'NONE',  ( 1.000000000000000000, -0.000000000000000000, -0.000000000000000000 ) ) ;
#33 = VECTOR ( 'NONE', #139, 39.37007874015748143 ) ;
#34 = ORIENTED_EDGE ( 'NONE', *, *, #1955, .F. ) ;
#35 = CARTESIAN_POINT ( 'NONE',  ( -0.1681102362204724698, 0.5469037554291279468, -0.6249999999999988898 ) ) ;
#36 = DIRECTION ( 'NONE',  ( 0.000000000000000000, -0.6395292217659064304, -0.7687667881142460358 ) ) ;
#37 = AXIS2_PLACEMENT_3D ( 'NONE', #1920, #597, #936 ) ;
#38 = AXIS2_PLACEMENT_3D ( 'NONE', #1739, #1702, #1727 ) ;
#39 = CARTESIAN_POINT ( 'NONE',  ( -0.04999999999999999584, -0.1577350269189623511, 0.1318897637795275746 ) ) ;
#40 = PLANE ( 'NONE',  #1273 ) ;
#41 = ORIENTED_EDGE ( 'NONE', *, *, #1648, .F. ) ;
#42 = EDGE_CURVE ( 'NONE', #1944, #2301, #56, .T. ) ;
#43 = DIRECTION ( 'NONE',  ( 0.000000000000000000, -4.966896545892426647E-15, 1.000000000000000000 ) ) ;
#44 = DIRECTION ( 'NONE',  ( 0.000000000000000000, -0.1847481461648645129, 0.9827858986008324305 ) ) ;
#45 = EDGE_CURVE ( 'NONE', #594, #1501, #1940, .T. ) ;
#46 = ORIENTED_EDGE ( 'NONE', *, *, #1785, .F. ) ;
#47 = ORIENTED_EDGE ( 'NONE', *, *, #525, .T. ) ;
#48 = CARTESIAN_POINT ( 'NONE',  ( 0.04999999999999999584, -0.1000000000000000056, 0.2099999999999996037 ) ) ;
#49 = ORIENTED_EDGE ( 'NONE', *, *, #1757, .T. ) ;
#50 = CARTESIAN_POINT ( 'NONE',  ( 0.05000000000000000278, -0.5721948818897637512, 0.1865551199999994636 ) ) ;
#51 = LINE ( 'NONE', #2137, #832 ) ;
#52 = ORIENTED_EDGE ( 'NONE', *, *, #2096, .T. ) ;
#53 = DIRECTION ( 'NONE',  ( 0.000000000000000000, 1.000000000000000000, 0.000000000000000000 ) ) ;
#54 = ADVANCED_FACE ( 'NONE', ( #2362 ), #1418, .T. ) ;
#55 = LINE ( 'NONE', #1362, #1607 ) ;
#56 = CIRCLE ( 'NONE', #427, 0.06155511999999994932 ) ;
#57 = VERTEX_POINT ( 'NONE', #2370 ) ;
#58 = EDGE_CURVE ( 'NONE', #1134, #1431, #2196, .T. ) ;
#59 = DIRECTION ( 'NONE',  ( -0.9961946980917454342, 0.000000000000000000, 0.08715574274765820750 ) ) ;
#60 = ORIENTED_EDGE ( 'NONE', *, *, #988, .T. ) ;
#61 = DIRECTION ( 'NONE',  ( 0.000000000000000000, 0.2333230043306109003, -0.9723992881785432640 ) ) ;
#62 = DIRECTION ( 'NONE',  ( 0.9924325091389671893, -0.08682659386424765313, -0.08682659386424765313 ) ) ;
#63 = VECTOR ( 'NONE', #331, 39.37007874015748143 ) ;
#64 = ORIENTED_EDGE ( 'NONE', *, *, #1757, .F. ) ;
#65 = VECTOR ( 'NONE', #62, 39.37007874015747433 ) ;
#66 = CYLINDRICAL_SURFACE ( 'NONE', #826, 0.06155511999999994932 ) ;
#67 = DIRECTION ( 'NONE',  ( 0.000000000000000000, 0.000000000000000000, 1.000000000000000000 ) ) ;
#68 = EDGE_CURVE ( 'NONE', #2090, #1661, #2173, .T. ) ;
#69 = DIRECTION ( 'NONE',  ( 1.000000000000000000, 0.000000000000000000, 0.000000000000000000 ) ) ;
#70 = VERTEX_POINT ( 'NONE', #1008 ) ;
#71 = ORIENTED_EDGE ( 'NONE', *, *, #1414, .T. ) ;
#72 = PLANE ( 'NONE',  #104 ) ;
#73 = VECTOR ( 'NONE', #1428, 39.37007874015748143 ) ;
#74 = ADVANCED_FACE ( 'NONE', ( #2351 ), #1977, .F. ) ;
#75 = ORIENTED_EDGE ( 'NONE', *, *, #2343, .T. ) ;
#76 = VECTOR ( 'NONE', #666, 39.37007874015748854 ) ;
#77 = PRESENTATION_STYLE_ASSIGNMENT (( #1437 ) ) ;
#78 = AXIS2_PLACEMENT_3D ( 'NONE', #1321, #1348, #2283 ) ;
#79 = CARTESIAN_POINT ( 'NONE',  ( -0.1681102362204724698, 0.5409448818897638622, -0.3809588735393652503 ) ) ;
#80 = LINE ( 'NONE', #249, #2310 ) ;
#81 = LINE ( 'NONE', #852, #30 ) ;
#82 = DIRECTION ( 'NONE',  ( 0.000000000000000000, 0.000000000000000000, 1.000000000000000000 ) ) ;
#83 = EDGE_LOOP ( 'NONE', ( #891, #318, #227, #1859 ) ) ;
#84 = ORIENTED_EDGE ( 'NONE', *, *, #1675, .F. ) ;
#85 = DIRECTION ( 'NONE',  ( 0.000000000000000000, 0.000000000000000000, -1.000000000000000000 ) ) ;
#86 = ORIENTED_EDGE ( 'NONE', *, *, #1643, .T. ) ;
#87 = EDGE_CURVE ( 'NONE', #2012, #389, #80, .T. ) ;
#88 = DIRECTION ( 'NONE',  ( 0.000000000000000000, 0.9925251917436932469, 0.1220399268851989627 ) ) ;
#89 = EDGE_CURVE ( 'NONE', #1903, #1780, #2422, .T. ) ;
#90 = DIRECTION ( 'NONE',  ( -1.000000000000000000, 0.000000000000000000, 0.000000000000000000 ) ) ;
#91 = FACE_OUTER_BOUND ( 'NONE', #1247, .T. ) ;
#92 = VERTEX_POINT ( 'NONE', #1816 ) ;
#93 = DIRECTION ( 'NONE',  ( 0.000000000000000000, 0.000000000000000000, 1.000000000000000000 ) ) ;
#94 = FACE_OUTER_BOUND ( 'NONE', #2222, .T. ) ;
#95 = ORIENTED_EDGE ( 'NONE', *, *, #830, .F. ) ;
#96 = CYLINDRICAL_SURFACE ( 'NONE', #1767, 0.06155511999999996320 ) ;
#97 = DIRECTION ( 'NONE',  ( 0.000000000000000000, 0.000000000000000000, -1.000000000000000000 ) ) ;
#98 = EDGE_CURVE ( 'NONE', #538, #835, #428, .T. ) ;
#99 = AXIS2_PLACEMENT_3D ( 'NONE', #1723, #1535, #2294 ) ;
#100 = CARTESIAN_POINT ( 'NONE',  ( 0.05000000000000000278, -0.7300000000000000933, -0.1825000000000007450 ) ) ;
#101 = VECTOR ( 'NONE', #820, 39.37007874015748143 ) ;
#102 = EDGE_CURVE ( 'NONE', #513, #1236, #866, .T. ) ;
#103 = FACE_OUTER_BOUND ( 'NONE', #648, .T. ) ;
#104 = AXIS2_PLACEMENT_3D ( 'NONE', #2365, #1752, #843 ) ;
#105 = VERTEX_POINT ( 'NONE', #1808 ) ;
#106 = ORIENTED_EDGE ( 'NONE', *, *, #1618, .F. ) ;
#107 = FACE_OUTER_BOUND ( 'NONE', #1890, .T. ) ;
#108 = ORIENTED_EDGE ( 'NONE', *, *, #693, .F. ) ;
#109 = CARTESIAN_POINT ( 'NONE',  ( -0.1000000000000000056, -0.6590551181102364264, -0.1249999999999989037 ) ) ;
#110 = AXIS2_PLACEMENT_3D ( 'NONE', #31, #1978, #258 ) ;
#111 = CARTESIAN_POINT ( 'NONE',  ( -0.1000000000000000056, -0.5409448818897638622, 0.1249999999999988898 ) ) ;
#112 = VECTOR ( 'NONE', #2456, 39.37007874015748143 ) ;
#113 = ORIENTED_EDGE ( 'NONE', *, *, #2341, .T. ) ;
#114 = VECTOR ( 'NONE', #2141, 39.37007874015748143 ) ;
#115 = CARTESIAN_POINT ( 'NONE',  ( 0.05000000000000000278, -0.3750000000000000555, 0.2500000000000000555 ) ) ;
#116 = FACE_OUTER_BOUND ( 'NONE', #479, .T. ) ;
#117 = EDGE_CURVE ( 'NONE', #105, #197, #1794, .T. ) ;
#118 = VERTEX_POINT ( 'NONE', #440 ) ;
#119 = VERTEX_POINT ( 'NONE', #1215 ) ;
#120 = DIRECTION ( 'NONE',  ( -1.000000000000000000, -0.000000000000000000, -0.000000000000000000 ) ) ;
#121 = EDGE_CURVE ( 'NONE', #456, #804, #1392, .T. ) ;
#122 = DIRECTION ( 'NONE',  ( -1.000000000000000000, -0.000000000000000000, -0.000000000000000000 ) ) ;
#123 = EDGE_LOOP ( 'NONE', ( #1014, #1061, #1057, #1635 ) ) ;
#124 = CARTESIAN_POINT ( 'NONE',  ( 0.05000000000000000278, 0.5409448818897638622, -0.6250000000000000000 ) ) ;
#125 = DIRECTION ( 'NONE',  ( 0.000000000000000000, 0.000000000000000000, -1.000000000000000000 ) ) ;
#126 = LINE ( 'NONE', #925, #1686 ) ;
#127 = FACE_OUTER_BOUND ( 'NONE', #2060, .T. ) ;
#128 = CARTESIAN_POINT ( 'NONE',  ( 0.05000000000000000278, 0.6617343760157078369, -0.6138338979364613701 ) ) ;
#129 =( CONVERSION_BASED_UNIT ( 'INCH', #1444 ) LENGTH_UNIT ( ) NAMED_UNIT ( #1541 ) );
#130 = ORIENTED_EDGE ( 'NONE', *, *, #58, .T. ) ;
#131 = ADVANCED_FACE ( 'NONE', ( #91 ), #66, .F. ) ;
#132 = ORIENTED_EDGE ( 'NONE', *, *, #301, .F. ) ;
#133 = FACE_OUTER_BOUND ( 'NONE', #1751, .T. ) ;
#134 = DIRECTION ( 'NONE',  ( 1.000000000000000000, 0.000000000000000000, 0.000000000000000000 ) ) ;
#135 = EDGE_CURVE ( 'NONE', #550, #70, #1775, .T. ) ;
#136 = ORIENTED_EDGE ( 'NONE', *, *, #2430, .F. ) ;
#137 = LINE ( 'NONE', #1248, #1489 ) ;
#138 = PLANE ( 'NONE',  #2424 ) ;
#139 = DIRECTION ( 'NONE',  ( 0.000000000000000000, -1.000000000000000000, 0.000000000000000000 ) ) ;
#140 = DIRECTION ( 'NONE',  ( -0.000000000000000000, -0.9925251917436932469, 0.1220399268851989627 ) ) ;
#141 = VECTOR ( 'NONE', #43, 39.37007874015748143 ) ;
#142 = DIRECTION ( 'NONE',  ( 0.000000000000000000, 0.000000000000000000, 1.000000000000000000 ) ) ;
#143 = VECTOR ( 'NONE', #2206, 39.37007874015748143 ) ;
#144 = ORIENTED_EDGE ( 'NONE', *, *, #301, .T. ) ;
#145 = CIRCLE ( 'NONE', #1880, 0.06155512000000001871 ) ;
#146 = EDGE_LOOP ( 'NONE', ( #1979, #1153, #1847, #113 ) ) ;
#147 = CARTESIAN_POINT ( 'NONE',  ( -0.04000000000000000083, -0.6000000000000001998, -0.2637502762963908620 ) ) ;
#148 = FACE_OUTER_BOUND ( 'NONE', #617, .T. ) ;
#149 = ORIENTED_EDGE ( 'NONE', *, *, #1375, .F. ) ;
#150 = DIRECTION ( 'NONE',  ( 1.000000000000000000, 0.000000000000000000, -0.000000000000000000 ) ) ;
#151 = EDGE_CURVE ( 'NONE', #908, #1848, #1052, .T. ) ;
#152 = DIRECTION ( 'NONE',  ( -0.000000000000000000, 4.966896545892426647E-15, 1.000000000000000000 ) ) ;
#153 = ORIENTED_EDGE ( 'NONE', *, *, #1479, .F. ) ;
#154 = DIRECTION ( 'NONE',  ( 0.000000000000000000, 0.000000000000000000, -1.000000000000000000 ) ) ;
#155 = CARTESIAN_POINT ( 'NONE',  ( -0.05000000000000000278, 0.7300000000000000933, -0.1825000000000007450 ) ) ;
#156 = CIRCLE ( 'NONE', #1569, 0.1000000000000000194 ) ;
#157 = DIRECTION ( 'NONE',  ( 0.000000000000000000, -0.000000000000000000, 1.000000000000000000 ) ) ;
#158 = VECTOR ( 'NONE', #2291, 39.37007874015747433 ) ;
#159 = VECTOR ( 'NONE', #1169, 39.37007874015748143 ) ;
#160 = ORIENTED_EDGE ( 'NONE', *, *, #102, .F. ) ;
#161 = DIRECTION ( 'NONE',  ( 1.000000000000000000, -0.000000000000000000, -0.000000000000000000 ) ) ;
#162 = DIRECTION ( 'NONE',  ( 0.000000000000000000, 0.000000000000000000, 1.000000000000000000 ) ) ;
#163 = ORIENTED_EDGE ( 'NONE', *, *, #1988, .T. ) ;
#164 = LINE ( 'NONE', #794, #112 ) ;
#165 = EDGE_LOOP ( 'NONE', ( #1004, #654, #1111, #821, #288 ) ) ;
#166 = EDGE_CURVE ( 'NONE', #1068, #2467, #1205, .T. ) ;
#167 = DIRECTION ( 'NONE',  ( 1.000000000000000000, -0.000000000000000000, -0.000000000000000000 ) ) ;
#168 = CARTESIAN_POINT ( 'NONE',  ( -0.04000000000000000083, 0.6000000000000001998, -0.2362497237036106368 ) ) ;
#169 = EDGE_CURVE ( 'NONE', #767, #2040, #836, .T. ) ;
#170 = DIRECTION ( 'NONE',  ( -0.9961946980917454342, 0.08715574274765820750, 0.000000000000000000 ) ) ;
#171 = FACE_OUTER_BOUND ( 'NONE', #1035, .T. ) ;
#172 = DIRECTION ( 'NONE',  ( -0.9961946980917454342, -0.08715574274765820750, 0.000000000000000000 ) ) ;
#173 = CARTESIAN_POINT ( 'NONE',  ( 0.05000000000000000278, -0.7282785898600834251, -0.1640251853835143214 ) ) ;
#174 = VERTEX_POINT ( 'NONE', #861 ) ;
#175 = DIRECTION ( 'NONE',  ( 0.9924325091389671893, -0.08682659386424765313, 0.08682659386424765313 ) ) ;
#176 = DIRECTION ( 'NONE',  ( 0.000000000000000000, -4.966896545892427435E-15, 1.000000000000000000 ) ) ;
#177 = ADVANCED_BREP_SHAPE_REPRESENTATION ( '4thStageStartCapV3', ( #1024, #1083 ), #201 ) ;
#178 = FACE_OUTER_BOUND ( 'NONE', #1065, .T. ) ;
#179 = CARTESIAN_POINT ( 'NONE',  ( -0.05000000000000000278, -0.7282785898600834251, -0.1640251853835143214 ) ) ;
#180 = VECTOR ( 'NONE', #257, 39.37007874015748143 ) ;
#181 = DIRECTION ( 'NONE',  ( 0.000000000000000000, 0.000000000000000000, -1.000000000000000000 ) ) ;
#182 = EDGE_CURVE ( 'NONE', #1128, #1389, #458, .T. ) ;
#183 = PLANE ( 'NONE',  #1264 ) ;
#184 = LINE ( 'NONE', #390, #2357 ) ;
#185 = VECTOR ( 'NONE', #1075, 39.37007874015748143 ) ;
#186 = DIRECTION ( 'NONE',  ( -0.000000000000000000, -0.9925251917436932469, 0.1220399268851989627 ) ) ;
#187 = ORIENTED_EDGE ( 'NONE', *, *, #919, .T. ) ;
#188 = DIRECTION ( 'NONE',  ( -0.000000000000000000, -1.000000000000000000, -0.000000000000000000 ) ) ;
#189 = STYLED_ITEM ( 'NONE', ( #77 ), #1024 ) ;
#190 = VERTEX_POINT ( 'NONE', #2148 ) ;
#191 = CARTESIAN_POINT ( 'NONE',  ( 0.05000000000000000278, 0.7300000000000000933, -0.1825000000000007450 ) ) ;
#192 = CARTESIAN_POINT ( 'NONE',  ( -0.04000000000000000083, 0.6600000000000002531, -0.2362497237036105813 ) ) ;
#193 = ORIENTED_EDGE ( 'NONE', *, *, #599, .T. ) ;
#194 = PLANE ( 'NONE',  #1830 ) ;
#195 = VECTOR ( 'NONE', #981, 39.37007874015748143 ) ;
#196 = VECTOR ( 'NONE', #976, 39.37007874015748143 ) ;
#197 = VERTEX_POINT ( 'NONE', #1040 ) ;
#198 = ADVANCED_FACE ( 'NONE', ( #348 ), #1641, .F. ) ;
#199 = DIRECTION ( 'NONE',  ( 1.000000000000000000, -0.000000000000000000, -0.000000000000000000 ) ) ;
#200 = LINE ( 'NONE', #752, #681 ) ;
#201 =( GEOMETRIC_REPRESENTATION_CONTEXT ( 3 ) GLOBAL_UNCERTAINTY_ASSIGNED_CONTEXT ( ( #2395 ) ) GLOBAL_UNIT_ASSIGNED_CONTEXT ( ( #129, #661, #498 ) ) REPRESENTATION_CONTEXT ( 'NONE', 'WORKASPACE' ) );
#202 = ORIENTED_EDGE ( 'NONE', *, *, #893, .F. ) ;
#203 = EDGE_CURVE ( 'NONE', #260, #1604, #2208, .T. ) ;
#204 = CARTESIAN_POINT ( 'NONE',  ( 0.05000000000000000278, -0.6300000000000001155, -0.1825000000000007450 ) ) ;
#205 = PLANE ( 'NONE',  #667 ) ;
#206 = ORIENTED_EDGE ( 'NONE', *, *, #1614, .T. ) ;
#207 = DIRECTION ( 'NONE',  ( 0.9961946980917454342, 0.000000000000000000, 0.08715574274765820750 ) ) ;
#208 = CARTESIAN_POINT ( 'NONE',  ( -0.05000000000000000278, 0.5409448818897638622, -0.3750000000000011102 ) ) ;
#209 = ORIENTED_EDGE ( 'NONE', *, *, #1293, .F. ) ;
#210 = CARTESIAN_POINT ( 'NONE',  ( -0.05000000000000000278, -0.5721948818897637512, 0.1865551199999994636 ) ) ;
#211 = CARTESIAN_POINT ( 'NONE',  ( 0.04999999999999999584, -0.1144337567297404462, 0.2349999999999994316 ) ) ;
#212 = CARTESIAN_POINT ( 'NONE',  ( 0.05000000000000000278, -0.3750000000000000555, -0.1250000000000000000 ) ) ;
#213 = ADVANCED_FACE ( 'NONE', ( #536 ), #1699, .F. ) ;
#214 = ORIENTED_EDGE ( 'NONE', *, *, #87, .T. ) ;
#215 = DIRECTION ( 'NONE',  ( -1.000000000000000000, 0.000000000000000000, -0.000000000000000000 ) ) ;
#216 = LINE ( 'NONE', #1173, #720 ) ;
#217 = EDGE_CURVE ( 'NONE', #92, #454, #263, .T. ) ;
#218 = CARTESIAN_POINT ( 'NONE',  ( -0.1000000000000000056, 0.5409448818897638622, -0.3750000000000011102 ) ) ;
#219 = ORIENTED_EDGE ( 'NONE', *, *, #1955, .T. ) ;
#220 = CARTESIAN_POINT ( 'NONE',  ( -0.1000000000000000056, -0.6590551181102364264, -0.1249999999999989037 ) ) ;
#221 = DIRECTION ( 'NONE',  ( 1.000000000000000000, 0.000000000000000000, 0.000000000000000000 ) ) ;
#222 = EDGE_LOOP ( 'NONE', ( #947, #256 ) ) ;
#223 = VECTOR ( 'NONE', #1191, 39.37007874015748143 ) ;
#224 = CARTESIAN_POINT ( 'NONE',  ( -0.05000000000000000278, -0.5721948818897637512, 0.1249999999999995004 ) ) ;
#225 = DIRECTION ( 'NONE',  ( 0.000000000000000000, 0.000000000000000000, 1.000000000000000000 ) ) ;
#226 = CIRCLE ( 'NONE', #1632, 0.06155511999999996320 ) ;
#227 = ORIENTED_EDGE ( 'NONE', *, *, #553, .T. ) ;
#228 = AXIS2_PLACEMENT_3D ( 'NONE', #795, #2470, #397 ) ;
#229 = DIRECTION ( 'NONE',  ( 0.9961946980917454342, -0.08715574274765820750, 0.000000000000000000 ) ) ;
#230 = VECTOR ( 'NONE', #1759, 39.37007874015748143 ) ;
#231 = ADVANCED_FACE ( 'NONE', ( #103 ), #2409, .F. ) ;
#232 = DIRECTION ( 'NONE',  ( -0.6252890774214728831, 0.1820836894291130992, -0.7588538065406837951 ) ) ;
#233 = VERTEX_POINT ( 'NONE', #2022 ) ;
#234 = CARTESIAN_POINT ( 'NONE',  ( -0.1000000000000000056, -0.5409448818897638622, -0.6249999999999988898 ) ) ;
#235 = AXIS2_PLACEMENT_3D ( 'NONE', #530, #2463, #739 ) ;
#236 = DIRECTION ( 'NONE',  ( -0.000000000000000000, -0.000000000000000000, 1.000000000000000000 ) ) ;
#237 = FACE_OUTER_BOUND ( 'NONE', #1831, .T. ) ;
#238 = AXIS2_PLACEMENT_3D ( 'NONE', #1932, #2272, #5 ) ;
#239 = ORIENTED_EDGE ( 'NONE', *, *, #1388, .T. ) ;
#240 = ORIENTED_EDGE ( 'NONE', *, *, #1338, .F. ) ;
#241 = LINE ( 'NONE', #1801, #2207 ) ;
#242 = AXIS2_PLACEMENT_3D ( 'NONE', #2064, #328, #2038 ) ;
#243 = EDGE_LOOP ( 'NONE', ( #1183, #544, #1053, #1687 ) ) ;
#244 = CARTESIAN_POINT ( 'NONE',  ( 0.05000000000000000278, 0.4734311846722880635, 0.2378969977985892770 ) ) ;
#245 = CARTESIAN_POINT ( 'NONE',  ( -0.05000000000000000278, -0.3750000000000000555, 0.2500000000000000555 ) ) ;
#246 = EDGE_CURVE ( 'NONE', #1501, #416, #323, .T. ) ;
#247 = ORIENTED_EDGE ( 'NONE', *, *, #385, .T. ) ;
#248 = EDGE_CURVE ( 'NONE', #503, #70, #1292, .T. ) ;
#249 = CARTESIAN_POINT ( 'NONE',  ( -0.1000000000000000056, 0.5409448818897638622, -0.1249999999999989037 ) ) ;
#250 = DIRECTION ( 'NONE',  ( 0.9924325091389671893, 0.08682659386424765313, -0.08682659386424765313 ) ) ;
#251 = VERTEX_POINT ( 'NONE', #2451 ) ;
#252 = LINE ( 'NONE', #1033, #1638 ) ;
#253 = ORIENTED_EDGE ( 'NONE', *, *, #553, .F. ) ;
#254 = DIRECTION ( 'NONE',  ( 1.000000000000000000, 0.000000000000000000, 0.000000000000000000 ) ) ;
#255 = CARTESIAN_POINT ( 'NONE',  ( -0.1681102362204724698, 0.6530962445708722308, 0.1249999999999988898 ) ) ;
#256 = ORIENTED_EDGE ( 'NONE', *, *, #754, .F. ) ;
#257 = DIRECTION ( 'NONE',  ( -1.000000000000000000, -0.000000000000000000, -0.000000000000000000 ) ) ;
#258 = DIRECTION ( 'NONE',  ( 0.9961946980917454342, 0.000000000000000000, 0.08715574274765820750 ) ) ;
#259 = EDGE_CURVE ( 'NONE', #350, #674, #484, .T. ) ;
#260 = VERTEX_POINT ( 'NONE', #2438 ) ;
#261 = VERTEX_POINT ( 'NONE', #913 ) ;
#262 = CARTESIAN_POINT ( 'NONE',  ( -0.1681102362204724698, -0.6590551181102364264, -0.1190411264606347774 ) ) ;
#263 = CIRCLE ( 'NONE', #2229, 0.1499999999999999944 ) ;
#264 = ORIENTED_EDGE ( 'NONE', *, *, #1943, .T. ) ;
#265 = LINE ( 'NONE', #1813, #2167 ) ;
#266 = AXIS2_PLACEMENT_3D ( 'NONE', #524, #2398, #1619 ) ;
#267 = FACE_OUTER_BOUND ( 'NONE', #706, .T. ) ;
#268 = AXIS2_PLACEMENT_3D ( 'NONE', #1230, #120, #677 ) ;
#269 = DIRECTION ( 'NONE',  ( 1.000000000000000000, 0.000000000000000000, 0.000000000000000000 ) ) ;
#270 = CARTESIAN_POINT ( 'NONE',  ( -0.05000000000000000278, -0.6300000000000001155, -0.3175000000000006706 ) ) ;
#271 = EDGE_CURVE ( 'NONE', #1410, #329, #2423, .T. ) ;
#272 = ORIENTED_EDGE ( 'NONE', *, *, #525, .F. ) ;
#273 = CARTESIAN_POINT ( 'NONE',  ( -0.1000000000000000056, 0.5409448818897638622, -0.6249999999999988898 ) ) ;
#274 = DIRECTION ( 'NONE',  ( -0.7071067811865462405, -0.5436002090265862341, 0.4522154494776287614 ) ) ;
#275 = CIRCLE ( 'NONE', #2393, 0.1000000000000000194 ) ;
#276 = EDGE_CURVE ( 'NONE', #2040, #550, #888, .T. ) ;
#277 = ORIENTED_EDGE ( 'NONE', *, *, #1911, .F. ) ;
#278 = VECTOR ( 'NONE', #819, 39.37007874015748143 ) ;
#279 = CARTESIAN_POINT ( 'NONE',  ( -0.1681102362204724698, -0.5469037554291279468, -0.3809588735393652503 ) ) ;
#280 = CARTESIAN_POINT ( 'NONE',  ( 0.05000000000000000278, 0.7300000000000000933, -0.1825000000000007450 ) ) ;
#281 = EDGE_LOOP ( 'NONE', ( #2429, #566, #935, #1376 ) ) ;
#282 = CARTESIAN_POINT ( 'NONE',  ( -0.05000000000000000278, -0.6300000000000001155, -0.3175000000000006706 ) ) ;
#283 = DIRECTION ( 'NONE',  ( 1.000000000000000000, -0.000000000000000000, -0.000000000000000000 ) ) ;
#284 = VERTEX_POINT ( 'NONE', #1278 ) ;
#285 = ORIENTED_EDGE ( 'NONE', *, *, #613, .T. ) ;
#286 = DIRECTION ( 'NONE',  ( 1.000000000000000000, 0.000000000000000000, 0.000000000000000000 ) ) ;
#287 = EDGE_CURVE ( 'NONE', #261, #1068, #1473, .T. ) ;
#288 = ORIENTED_EDGE ( 'NONE', *, *, #68, .F. ) ;
#289 = LINE ( 'NONE', #1298, #1608 ) ;
#290 = ADVANCED_FACE ( 'NONE', ( #116 ), #1467, .T. ) ;
#291 = CARTESIAN_POINT ( 'NONE',  ( 0.05000000000000000278, 0.6590551181102364264, -0.6250000000000000000 ) ) ;
#292 = VERTEX_POINT ( 'NONE', #1251 ) ;
#293 = CARTESIAN_POINT ( 'NONE',  ( -0.1681102362204724698, 0.000000000000000000, 0.000000000000000000 ) ) ;
#294 = CARTESIAN_POINT ( 'NONE',  ( -0.1000000000000000056, 0.5409448818897638622, -0.3750000000000011102 ) ) ;
#295 = EDGE_LOOP ( 'NONE', ( #1503, #1179, #2071, #2226 ) ) ;
#296 = VERTEX_POINT ( 'NONE', #128 ) ;
#297 = CARTESIAN_POINT ( 'NONE',  ( -0.05000000000000000278, -0.6300000000000001155, -0.3175000000000006706 ) ) ;
#298 = ORIENTED_EDGE ( 'NONE', *, *, #1576, .F. ) ;
#299 = DIRECTION ( 'NONE',  ( 0.000000000000000000, 0.000000000000000000, 1.000000000000000000 ) ) ;
#300 = DIRECTION ( 'NONE',  ( 0.000000000000000000, -1.000000000000000000, 0.000000000000000000 ) ) ;
#301 = EDGE_CURVE ( 'NONE', #1189, #726, #335, .T. ) ;
#302 = VECTOR ( 'NONE', #2185, 39.37007874015748143 ) ;
#303 = CARTESIAN_POINT ( 'NONE',  ( -0.05000000000000000278, 0.5409448818897638622, -0.6250000000000000000 ) ) ;
#304 = CIRCLE ( 'NONE', #1477, 0.06155511999999991463 ) ;
#305 = ADVANCED_FACE ( 'NONE', ( #2069 ), #1669, .F. ) ;
#306 = DIRECTION ( 'NONE',  ( 0.000000000000000000, 0.000000000000000000, -1.000000000000000000 ) ) ;
#307 = VECTOR ( 'NONE', #696, 39.37007874015748143 ) ;
#308 = PRODUCT_CONTEXT ( 'NONE', #2122, 'mechanical' ) ;
#309 = ORIENTED_EDGE ( 'NONE', *, *, #2239, .T. ) ;
#310 = ORIENTED_EDGE ( 'NONE', *, *, #1107, .F. ) ;
#311 = CARTESIAN_POINT ( 'NONE',  ( -0.05000000000000000278, 0.1577350269189623511, 0.1318897637795275746 ) ) ;
#312 = DIRECTION ( 'NONE',  ( -0.000000000000000000, -0.000000000000000000, -1.000000000000000000 ) ) ;
#313 = ORIENTED_EDGE ( 'NONE', *, *, #2210, .T. ) ;
#314 = CARTESIAN_POINT ( 'NONE',  ( -0.1000000000000000056, -0.5409448818897638622, -0.1249999999999989037 ) ) ;
#315 = VECTOR ( 'NONE', #250, 39.37007874015747433 ) ;
#316 = CARTESIAN_POINT ( 'NONE',  ( -0.05000000000000000278, -0.6300000000000001155, -0.1825000000000007450 ) ) ;
#317 = AXIS2_PLACEMENT_3D ( 'NONE', #2336, #620, #1605 ) ;
#318 = ORIENTED_EDGE ( 'NONE', *, *, #68, .T. ) ;
#319 = CARTESIAN_POINT ( 'NONE',  ( -0.05000000000000000278, 0.1250000000000000278, -0.1250000000000000278 ) ) ;
#320 = PRODUCT_DEFINITION_FORMATION_WITH_SPECIFIED_SOURCE ( 'ANY', '', #1652, .NOT_KNOWN. ) ;
#321 = CARTESIAN_POINT ( 'NONE',  ( -0.04000000000000000083, 0.6300000000000001155, -0.3175000000000006706 ) ) ;
#322 = EDGE_CURVE ( 'NONE', #2024, #296, #511, .T. ) ;
#323 = LINE ( 'NONE', #1263, #2115 ) ;
#324 = ADVANCED_FACE ( 'NONE', ( #1100 ), #1562, .F. ) ;
#325 = ORIENTED_EDGE ( 'NONE', *, *, #408, .T. ) ;
#326 = ORIENTED_EDGE ( 'NONE', *, *, #1015, .F. ) ;
#327 = CARTESIAN_POINT ( 'NONE',  ( -0.1000000000000000056, -0.6590551181102364264, -0.6249999999999988898 ) ) ;
#328 = DIRECTION ( 'NONE',  ( 0.000000000000000000, -0.9827858986008325415, -0.1847481461648645407 ) ) ;
#329 = VERTEX_POINT ( 'NONE', #2098 ) ;
#330 = LINE ( 'NONE', #1865, #405 ) ;
#331 = DIRECTION ( 'NONE',  ( 0.000000000000000000, -1.000000000000000000, 0.000000000000000000 ) ) ;
#332 = VERTEX_POINT ( 'NONE', #2083 ) ;
#333 = DIRECTION ( 'NONE',  ( 0.000000000000000000, 0.000000000000000000, 1.000000000000000000 ) ) ;
#334 = DIRECTION ( 'NONE',  ( -0.9961946980917454342, 0.000000000000000000, 0.08715574274765820750 ) ) ;
#335 = LINE ( 'NONE', #1884, #1874 ) ;
#336 = ADVANCED_FACE ( 'NONE', ( #1548 ), #194, .T. ) ;
#337 = VERTEX_POINT ( 'NONE', #2278 ) ;
#338 = ORIENTED_EDGE ( 'NONE', *, *, #1876, .F. ) ;
#339 = EDGE_CURVE ( 'NONE', #2175, #2471, #362, .T. ) ;
#340 = LINE ( 'NONE', #1913, #878 ) ;
#341 = DIRECTION ( 'NONE',  ( -1.000000000000000000, -0.000000000000000000, -0.000000000000000000 ) ) ;
#342 = VERTEX_POINT ( 'NONE', #736 ) ;
#343 = PLANE ( 'NONE',  #1933 ) ;
#344 = CARTESIAN_POINT ( 'NONE',  ( 0.05000000000000000278, 0.6600000000000002531, -0.2362497237036106090 ) ) ;
#345 = ORIENTED_EDGE ( 'NONE', *, *, #2330, .T. ) ;
#346 = CARTESIAN_POINT ( 'NONE',  ( 0.05000000000000000278, -0.7272399288178544863, -0.3408323004330618966 ) ) ;
#347 = DIRECTION ( 'NONE',  ( -0.4472135954999571505, -0.7745966692414851806, 0.4472135954999557628 ) ) ;
#348 = FACE_OUTER_BOUND ( 'NONE', #281, .T. ) ;
#349 = AXIS2_PLACEMENT_3D ( 'NONE', #282, #2381, #2227 ) ;
#350 = VERTEX_POINT ( 'NONE', #1506 ) ;
#351 = CARTESIAN_POINT ( 'NONE',  ( -0.05000000000000000278, 0.5409448818897638622, -0.3750000000000011102 ) ) ;
#352 = CARTESIAN_POINT ( 'NONE',  ( -0.05000000000000000278, -0.5721948818897637512, 0.1865551199999994636 ) ) ;
#353 = EDGE_CURVE ( 'NONE', #394, #284, #2193, .T. ) ;
#354 = ORIENTED_EDGE ( 'NONE', *, *, #1509, .T. ) ;
#355 = DIRECTION ( 'NONE',  ( -1.000000000000000000, 0.000000000000000000, -0.000000000000000000 ) ) ;
#356 = EDGE_CURVE ( 'NONE', #674, #292, #2073, .T. ) ;
#357 = ORIENTED_EDGE ( 'NONE', *, *, #1475, .T. ) ;
#358 = VECTOR ( 'NONE', #1098, 39.37007874015747433 ) ;
#359 = DIRECTION ( 'NONE',  ( -0.08715574274765822138, 0.000000000000000000, 0.9961946980917455452 ) ) ;
#360 = CARTESIAN_POINT ( 'NONE',  ( -0.1681102362204724698, -0.6530962445708722308, -0.3809588735393652503 ) ) ;
#361 = CIRCLE ( 'NONE', #1326, 0.1499999999999999944 ) ;
#362 = LINE ( 'NONE', #2306, #664 ) ;
#363 = AXIS2_PLACEMENT_3D ( 'NONE', #771, #1556, #61 ) ;
#364 = AXIS2_PLACEMENT_3D ( 'NONE', #629, #1398, #1581 ) ;
#365 = ORIENTED_EDGE ( 'NONE', *, *, #2333, .F. ) ;
#366 = CARTESIAN_POINT ( 'NONE',  ( -0.05000000000000000278, 0.6590551181102364264, 0.1249999999999988898 ) ) ;
#367 = CARTESIAN_POINT ( 'NONE',  ( 0.05000000000000000278, -0.7300000000000000933, -0.3175000000000007816 ) ) ;
#368 = VERTEX_POINT ( 'NONE', #210 ) ;
#369 = EDGE_CURVE ( 'NONE', #1389, #503, #547, .T. ) ;
#370 = LINE ( 'NONE', #2103, #1573 ) ;
#371 = CARTESIAN_POINT ( 'NONE',  ( -0.05000000000000000278, 0.7300000000000000933, -0.1825000000000007450 ) ) ;
#372 = EDGE_CURVE ( 'NONE', #1236, #700, #1359, .T. ) ;
#373 = FACE_OUTER_BOUND ( 'NONE', #585, .T. ) ;
#374 = CARTESIAN_POINT ( 'NONE',  ( 0.05000000000000000278, -0.7272399288178544863, -0.3408323004330617301 ) ) ;
#375 = DIRECTION ( 'NONE',  ( 0.000000000000000000, 0.000000000000000000, -1.000000000000000000 ) ) ;
#376 = ORIENTED_EDGE ( 'NONE', *, *, #972, .F. ) ;
#377 = LINE ( 'NONE', #2113, #2044 ) ;
#378 = DIRECTION ( 'NONE',  ( 1.000000000000000000, 0.000000000000000000, 0.000000000000000000 ) ) ;
#379 = ORIENTED_EDGE ( 'NONE', *, *, #417, .T. ) ;
#380 = DIRECTION ( 'NONE',  ( -1.000000000000000000, 0.000000000000000000, -0.000000000000000000 ) ) ;
#381 = PLANE ( 'NONE',  #1832 ) ;
#382 = EDGE_LOOP ( 'NONE', ( #2457, #1108, #785, #529 ) ) ;
#383 = LINE ( 'NONE', #2458, #2085 ) ;
#384 = DIRECTION ( 'NONE',  ( 1.000000000000000000, -0.000000000000000000, -0.000000000000000000 ) ) ;
#385 = EDGE_CURVE ( 'NONE', #726, #1810, #226, .T. ) ;
#386 = ORIENTED_EDGE ( 'NONE', *, *, #2110, .T. ) ;
#387 = PLANE ( 'NONE',  #99 ) ;
#388 = VECTOR ( 'NONE', #1238, 39.37007874015748143 ) ;
#389 = VERTEX_POINT ( 'NONE', #967 ) ;
#390 = CARTESIAN_POINT ( 'NONE',  ( -0.1000000000000000056, -0.5409448818897638622, -0.3750000000000011102 ) ) ;
#391 = VECTOR ( 'NONE', #911, 39.37007874015748143 ) ;
#392 = CARTESIAN_POINT ( 'NONE',  ( -0.05000000000000000278, -0.6600000000000002531, -0.2362497237036106090 ) ) ;
#393 = AXIS2_PLACEMENT_3D ( 'NONE', #293, #2043, #850 ) ;
#394 = VERTEX_POINT ( 'NONE', #561 ) ;
#395 = CARTESIAN_POINT ( 'NONE',  ( -0.05000000000000000278, 0.6000000000000001998, -0.2637502762963908620 ) ) ;
#396 = VECTOR ( 'NONE', #1787, 39.37007874015748143 ) ;
#397 = DIRECTION ( 'NONE',  ( 0.000000000000000000, 0.000000000000000000, 1.000000000000000000 ) ) ;
#398 = ORIENTED_EDGE ( 'NONE', *, *, #658, .T. ) ;
#399 = DIRECTION ( 'NONE',  ( 0.000000000000000000, 4.966896545892425858E-15, 1.000000000000000000 ) ) ;
#400 = FACE_OUTER_BOUND ( 'NONE', #1454, .T. ) ;
#401 = EDGE_LOOP ( 'NONE', ( #1396, #1285, #616, #1582 ) ) ;
#402 = FACE_OUTER_BOUND ( 'NONE', #886, .T. ) ;
#403 = EDGE_CURVE ( 'NONE', #2335, #1931, #1333, .T. ) ;
#404 = VECTOR ( 'NONE', #1855, 39.37007874015748143 ) ;
#405 = VECTOR ( 'NONE', #905, 39.37007874015748143 ) ;
#406 = DIRECTION ( 'NONE',  ( -0.8660254037844394848, -0.4999999999999984457, 0.000000000000000000 ) ) ;
#407 = FACE_OUTER_BOUND ( 'NONE', #83, .T. ) ;
#408 = EDGE_CURVE ( 'NONE', #118, #1134, #1709, .T. ) ;
#409 = CARTESIAN_POINT ( 'NONE',  ( -0.05000000000000000278, -0.6590551181102364264, -0.3750000000000011102 ) ) ;
#410 = AXIS2_PLACEMENT_3D ( 'NONE', #3, #2454, #1155 ) ;
#411 = ORIENTED_EDGE ( 'NONE', *, *, #23, .T. ) ;
#412 = DIRECTION ( 'NONE',  ( 1.000000000000000000, -0.000000000000000000, -0.000000000000000000 ) ) ;
#413 = CARTESIAN_POINT ( 'NONE',  ( -0.1000000000000000056, 0.5409448818897638622, -0.6249999999999988898 ) ) ;
#414 = DIRECTION ( 'NONE',  ( 1.000000000000000000, 0.000000000000000000, 0.000000000000000000 ) ) ;
#415 = DIRECTION ( 'NONE',  ( -0.000000000000000000, -0.000000000000000000, 1.000000000000000000 ) ) ;
#416 = VERTEX_POINT ( 'NONE', #1899 ) ;
#417 = EDGE_CURVE ( 'NONE', #261, #1780, #1924, .T. ) ;
#418 = ORIENTED_EDGE ( 'NONE', *, *, #859, .F. ) ;
#419 = LINE ( 'NONE', #1180, #837 ) ;
#420 = ADVANCED_FACE ( 'NONE', ( #786 ), #387, .F. ) ;
#421 = VERTEX_POINT ( 'NONE', #1149 ) ;
#422 = DIRECTION ( 'NONE',  ( -1.000000000000000000, -0.000000000000000000, -0.000000000000000000 ) ) ;
#423 = PLANE ( 'NONE',  #2035 ) ;
#424 = DIRECTION ( 'NONE',  ( -1.000000000000000000, 0.000000000000000000, -0.000000000000000000 ) ) ;
#425 = DIRECTION ( 'NONE',  ( 0.8660254037844394848, 0.4999999999999985567, 0.000000000000000000 ) ) ;
#426 = ORIENTED_EDGE ( 'NONE', *, *, #98, .T. ) ;
#427 = AXIS2_PLACEMENT_3D ( 'NONE', #775, #1549, #1373 ) ;
#428 = LINE ( 'NONE', #2339, #1716 ) ;
#429 = LINE ( 'NONE', #1168, #519 ) ;
#430 = VECTOR ( 'NONE', #1839, 39.37007874015748143 ) ;
#431 = EDGE_LOOP ( 'NONE', ( #632, #1963, #579, #2364 ) ) ;
#432 = CARTESIAN_POINT ( 'NONE',  ( -0.05000000000000000278, 0.6590551181102364264, -0.3750000000000011102 ) ) ;
#433 = DIRECTION ( 'NONE',  ( 0.9924325091389671893, 0.08682659386424765313, 0.08682659386424765313 ) ) ;
#434 = ADVANCED_FACE ( 'NONE', ( #402 ), #1736, .T. ) ;
#435 = VECTOR ( 'NONE', #232, 39.37007874015748143 ) ;
#436 = LINE ( 'NONE', #847, #761 ) ;
#437 = EDGE_CURVE ( 'NONE', #190, #841, #1894, .T. ) ;
#438 = CARTESIAN_POINT ( 'NONE',  ( 0.05000000000000000278, 0.7282785898600834251, -0.1640251853835143214 ) ) ;
#439 = ORIENTED_EDGE ( 'NONE', *, *, #1135, .F. ) ;
#440 = CARTESIAN_POINT ( 'NONE',  ( -0.1681102362204724698, -0.5469037554291279468, 0.1190411264606347636 ) ) ;
#441 = VECTOR ( 'NONE', #1027, 39.37007874015748143 ) ;
#442 = DIRECTION ( 'NONE',  ( 0.000000000000000000, 1.000000000000000000, 0.000000000000000000 ) ) ;
#443 = LINE ( 'NONE', #1385, #1530 ) ;
#444 = ORIENTED_EDGE ( 'NONE', *, *, #2356, .T. ) ;
#445 = CARTESIAN_POINT ( 'NONE',  ( 0.05000000000000000278, 0.1230940107675847911, 0.2500000000000000555 ) ) ;
#446 = ORIENTED_EDGE ( 'NONE', *, *, #1291, .T. ) ;
#447 = EDGE_CURVE ( 'NONE', #1465, #1833, #2408, .T. ) ;
#448 = CARTESIAN_POINT ( 'NONE',  ( -0.05000000000000000278, 0.02736860279185650280, -0.01580127018922218227 ) ) ;
#449 = DIRECTION ( 'NONE',  ( -1.000000000000000000, -0.000000000000000000, 0.000000000000000000 ) ) ;
#450 = VERTEX_POINT ( 'NONE', #1085 ) ;
#451 = ADVANCED_FACE ( 'NONE', ( #1272 ), #2237, .F. ) ;
#452 = CARTESIAN_POINT ( 'NONE',  ( -0.04000000000000000083, 0.6300000000000001155, -0.3175000000000006706 ) ) ;
#453 = CARTESIAN_POINT ( 'NONE',  ( -0.05000000000000000278, -0.5721948818897637512, 0.1249999999999995004 ) ) ;
#454 = VERTEX_POINT ( 'NONE', #1664 ) ;
#455 = CARTESIAN_POINT ( 'NONE',  ( -0.1000000000000000056, 0.6590551181102364264, -0.3750000000000011102 ) ) ;
#456 = VERTEX_POINT ( 'NONE', #2418 ) ;
#457 = EDGE_CURVE ( 'NONE', #846, #1991, #520, .T. ) ;
#458 = LINE ( 'NONE', #1224, #507 ) ;
#459 = CARTESIAN_POINT ( 'NONE',  ( -0.05000000000000000278, -0.5409448818897638622, 0.1249999999999988898 ) ) ;
#460 = ADVANCED_FACE ( 'NONE', ( #1866 ), #138, .F. ) ;
#461 = ORIENTED_EDGE ( 'NONE', *, *, #2461, .F. ) ;
#462 = ORIENTED_EDGE ( 'NONE', *, *, #568, .F. ) ;
#463 = PLANE ( 'NONE',  #1964 ) ;
#464 = DIRECTION ( 'NONE',  ( -1.000000000000000000, -0.000000000000000000, -0.000000000000000000 ) ) ;
#465 = AXIS2_PLACEMENT_3D ( 'NONE', #526, #1843, #711 ) ;
#466 = ORIENTED_EDGE ( 'NONE', *, *, #372, .F. ) ;
#467 = VECTOR ( 'NONE', #2485, 39.37007874015748143 ) ;
#468 = AXIS2_PLACEMENT_3D ( 'NONE', #297, #487, #1254 ) ;
#469 = ORIENTED_EDGE ( 'NONE', *, *, #1507, .T. ) ;
#470 = CYLINDRICAL_SURFACE ( 'NONE', #1599, 0.06155511999999996320 ) ;
#471 = CARTESIAN_POINT ( 'NONE',  ( -0.1000000000000000056, 0.5409448818897638622, 0.1249999999999988898 ) ) ;
#472 = EDGE_CURVE ( 'NONE', #2301, #394, #2432, .T. ) ;
#473 = DIRECTION ( 'NONE',  ( 0.9961946980917454342, 0.000000000000000000, 0.08715574274765820750 ) ) ;
#474 = EDGE_LOOP ( 'NONE', ( #461, #2209, #2349, #8 ) ) ;
#475 = EDGE_CURVE ( 'NONE', #389, #1068, #608, .T. ) ;
#476 = CARTESIAN_POINT ( 'NONE',  ( -0.05000000000000000278, 0.5721948818897637512, 0.1249999999999995004 ) ) ;
#477 = LINE ( 'NONE', #2249, #2091 ) ;
#478 = CIRCLE ( 'NONE', #1765, 0.06155511999999996320 ) ;
#479 = EDGE_LOOP ( 'NONE', ( #1622, #264, #1772, #733 ) ) ;
#480 = AXIS2_PLACEMENT_3D ( 'NONE', #204, #355, #2092 ) ;
#481 = LINE ( 'NONE', #492, #1836 ) ;
#482 = VECTOR ( 'NONE', #378, 39.37007874015748143 ) ;
#483 = EDGE_LOOP ( 'NONE', ( #680, #240, #2331, #1872 ) ) ;
#484 = LINE ( 'NONE', #1497, #787 ) ;
#485 = ORIENTED_EDGE ( 'NONE', *, *, #121, .T. ) ;
#486 = ORIENTED_EDGE ( 'NONE', *, *, #1202, .F. ) ;
#487 = DIRECTION ( 'NONE',  ( 1.000000000000000000, 0.000000000000000000, 0.000000000000000000 ) ) ;
#488 = PLANE ( 'NONE',  #242 ) ;
#489 = ADVANCED_FACE ( 'NONE', ( #1732 ), #2104, .T. ) ;
#490 = ORIENTED_EDGE ( 'NONE', *, *, #1892, .F. ) ;
#491 = LINE ( 'NONE', #1059, #1123 ) ;
#492 = CARTESIAN_POINT ( 'NONE',  ( -0.04999999999999999584, 0.1577350269189623511, 0.1318897637795275746 ) ) ;
#493 = EDGE_CURVE ( 'NONE', #804, #908, #630, .T. ) ;
#494 = DIRECTION ( 'NONE',  ( 1.000000000000000000, 0.000000000000000000, -0.000000000000000000 ) ) ;
#495 = EDGE_LOOP ( 'NONE', ( #923, #1729, #1243, #2215 ) ) ;
#496 = CARTESIAN_POINT ( 'NONE',  ( -0.05000000000000000278, 0.6300000000000001155, -0.1825000000000007450 ) ) ;
#497 = DIRECTION ( 'NONE',  ( 1.000000000000000000, 0.000000000000000000, -0.000000000000000000 ) ) ;
#498 =( NAMED_UNIT ( * ) SI_UNIT ( $, .STERADIAN. ) SOLID_ANGLE_UNIT ( ) );
#499 = ORIENTED_EDGE ( 'NONE', *, *, #2479, .T. ) ;
#500 = ORIENTED_EDGE ( 'NONE', *, *, #859, .T. ) ;
#501 = DIRECTION ( 'NONE',  ( -1.000000000000000000, -0.000000000000000000, -0.000000000000000000 ) ) ;
#502 = DIRECTION ( 'NONE',  ( 0.000000000000000000, 0.000000000000000000, -1.000000000000000000 ) ) ;
#503 = VERTEX_POINT ( 'NONE', #2119 ) ;
#504 = EDGE_CURVE ( 'NONE', #1361, #1741, #1760, .T. ) ;
#505 = DIRECTION ( 'NONE',  ( -1.000000000000000000, 0.000000000000000000, -0.000000000000000000 ) ) ;
#506 = ORIENTED_EDGE ( 'NONE', *, *, #2154, .F. ) ;
#507 = VECTOR ( 'NONE', #1995, 39.37007874015748143 ) ;
#508 = ADVANCED_FACE ( 'NONE', ( #1144 ), #770, .T. ) ;
#509 = CARTESIAN_POINT ( 'NONE',  ( -0.05000000000000000278, -0.7272399288178544863, -0.3408323004330618966 ) ) ;
#510 = VECTOR ( 'NONE', #1947, 39.37007874015748143 ) ;
#511 = LINE ( 'NONE', #898, #1673 ) ;
#512 = CIRCLE ( 'NONE', #268, 0.06155512000000001871 ) ;
#513 = VERTEX_POINT ( 'NONE', #2289 ) ;
#514 = ORIENTED_EDGE ( 'NONE', *, *, #782, .F. ) ;
#515 = DIRECTION ( 'NONE',  ( 0.000000000000000000, 0.000000000000000000, 1.000000000000000000 ) ) ;
#516 = DIRECTION ( 'NONE',  ( 0.000000000000000000, -1.000000000000000000, 0.000000000000000000 ) ) ;
#517 = ORIENTED_EDGE ( 'NONE', *, *, #2106, .T. ) ;
#518 = DIRECTION ( 'NONE',  ( 1.000000000000000000, 0.000000000000000000, 0.000000000000000000 ) ) ;
#519 = VECTOR ( 'NONE', #1941, 39.37007874015748143 ) ;
#520 = LINE ( 'NONE', #1288, #63 ) ;
#521 = EDGE_CURVE ( 'NONE', #757, #2065, #2143, .T. ) ;
#522 = AXIS2_PLACEMENT_3D ( 'NONE', #1651, #1852, #884 ) ;
#523 = LINE ( 'NONE', #1289, #33 ) ;
#524 = CARTESIAN_POINT ( 'NONE',  ( -0.04000000000000000083, 0.6300000000000001155, -0.1825000000000007450 ) ) ;
#525 = EDGE_CURVE ( 'NONE', #284, #612, #2274, .T. ) ;
#526 = CARTESIAN_POINT ( 'NONE',  ( -0.05000000000000000278, 0.5721948818897637512, 0.1249999999999995004 ) ) ;
#527 = SHAPE_DEFINITION_REPRESENTATION ( #2031, #177 ) ;
#528 = VERTEX_POINT ( 'NONE', #371 ) ;
#529 = ORIENTED_EDGE ( 'NONE', *, *, #1695, .F. ) ;
#530 = CARTESIAN_POINT ( 'NONE',  ( 0.05000000000000000278, 0.000000000000000000, 0.000000000000000000 ) ) ;
#531 = LINE ( 'NONE', #1080, #684 ) ;
#532 = ORIENTED_EDGE ( 'NONE', *, *, #1984, .F. ) ;
#533 = ORIENTED_EDGE ( 'NONE', *, *, #1881, .T. ) ;
#534 = PLANE ( 'NONE',  #2005 ) ;
#535 = LINE ( 'NONE', #546, #1030 ) ;
#536 = FACE_OUTER_BOUND ( 'NONE', #1493, .T. ) ;
#537 = ADVANCED_FACE ( 'NONE', ( #1568 ), #423, .F. ) ;
#538 = VERTEX_POINT ( 'NONE', #1185 ) ;
#539 = FACE_OUTER_BOUND ( 'NONE', #474, .T. ) ;
#540 = ADVANCED_FACE ( 'NONE', ( #2300 ), #381, .T. ) ;
#541 = PLANE ( 'NONE',  #38 ) ;
#542 = EDGE_LOOP ( 'NONE', ( #1382, #1478, #554, #2020 ) ) ;
#543 = LINE ( 'NONE', #1893, #1889 ) ;
#544 = ORIENTED_EDGE ( 'NONE', *, *, #1277, .F. ) ;
#545 = CARTESIAN_POINT ( 'NONE',  ( 0.05000000000000000278, -0.6000000000000001998, -0.2362497237036106090 ) ) ;
#546 = CARTESIAN_POINT ( 'NONE',  ( -0.05000000000000000278, 0.3750000000000000555, 0.2500000000000000555 ) ) ;
#547 = LINE ( 'NONE', #587, #2380 ) ;
#548 = EDGE_CURVE ( 'NONE', #1490, #2065, #1917, .T. ) ;
#549 = AXIS2_PLACEMENT_3D ( 'NONE', #607, #215, #997 ) ;
#550 = VERTEX_POINT ( 'NONE', #1766 ) ;
#551 = LINE ( 'NONE', #366, #2279 ) ;
#552 = DIRECTION ( 'NONE',  ( 0.000000000000000000, 0.000000000000000000, -1.000000000000000000 ) ) ;
#553 = EDGE_CURVE ( 'NONE', #1661, #197, #994, .T. ) ;
#554 = ORIENTED_EDGE ( 'NONE', *, *, #1630, .F. ) ;
#555 = DIRECTION ( 'NONE',  ( 0.000000000000000000, 0.1847481461648645129, 0.9827858986008324305 ) ) ;
#556 = DIRECTION ( 'NONE',  ( 0.000000000000000000, 0.000000000000000000, -1.000000000000000000 ) ) ;
#557 = VECTOR ( 'NONE', #751, 39.37007874015747433 ) ;
#558 = LINE ( 'NONE', #1331, #1405 ) ;
#559 = CARTESIAN_POINT ( 'NONE',  ( -0.1000000000000000056, -0.6590551181102364264, -0.3750000000000011102 ) ) ;
#560 = VECTOR ( 'NONE', #857, 39.37007874015748143 ) ;
#561 = CARTESIAN_POINT ( 'NONE',  ( 0.05000000000000000278, 0.6600000000000002531, -0.2362497237036106090 ) ) ;
#562 = VECTOR ( 'NONE', #433, 39.37007874015747433 ) ;
#563 = EDGE_LOOP ( 'NONE', ( #1791, #1223, #1305, #1646 ) ) ;
#564 = DIRECTION ( 'NONE',  ( -0.08715574274765822138, 0.9961946980917455452, 0.000000000000000000 ) ) ;
#565 = FACE_OUTER_BOUND ( 'NONE', #892, .T. ) ;
#566 = ORIENTED_EDGE ( 'NONE', *, *, #2341, .F. ) ;
#567 = CYLINDRICAL_SURFACE ( 'NONE', #480, 0.1000000000000000194 ) ;
#568 = EDGE_CURVE ( 'NONE', #2376, #233, #1934, .T. ) ;
#569 = CARTESIAN_POINT ( 'NONE',  ( -0.05000000000000000278, -0.5721948818897637512, 0.1249999999999995004 ) ) ;
#570 = ORIENTED_EDGE ( 'NONE', *, *, #1561, .T. ) ;
#571 = CARTESIAN_POINT ( 'NONE',  ( 0.05000000000000000278, -0.1000000000000000056, 0.1318897637795275746 ) ) ;
#572 = ADVANCED_FACE ( 'NONE', ( #596 ), #205, .F. ) ;
#573 = CARTESIAN_POINT ( 'NONE',  ( -0.1681102362204724698, 0.5469037554291279468, -0.3809588735393652503 ) ) ;
#574 = ORIENTED_EDGE ( 'NONE', *, *, #353, .F. ) ;
#575 = CARTESIAN_POINT ( 'NONE',  ( -0.1000000000000000056, -0.6590551181102364264, 0.1249999999999988898 ) ) ;
#576 = ORIENTED_EDGE ( 'NONE', *, *, #889, .T. ) ;
#577 = LINE ( 'NONE', #956, #758 ) ;
#578 = CARTESIAN_POINT ( 'NONE',  ( 0.05000000000000000278, 0.3750000000000000555, 0.2500000000000000555 ) ) ;
#579 = ORIENTED_EDGE ( 'NONE', *, *, #403, .T. ) ;
#580 = CARTESIAN_POINT ( 'NONE',  ( -0.1000000000000000056, -0.6590551181102364264, 0.1249999999999988898 ) ) ;
#581 = CARTESIAN_POINT ( 'NONE',  ( 0.05000000000000000278, 0.6000000000000001998, -0.2362497237036106090 ) ) ;
#582 = EDGE_CURVE ( 'NONE', #260, #841, #2135, .T. ) ;
#583 = CARTESIAN_POINT ( 'NONE',  ( -0.05000000000000000278, -0.5721948818897637512, 0.2749999999999995226 ) ) ;
#584 = DIRECTION ( 'NONE',  ( 0.000000000000000000, 0.000000000000000000, 1.000000000000000000 ) ) ;
#585 = EDGE_LOOP ( 'NONE', ( #955, #379, #636, #1650, #95 ) ) ;
#586 = ADVANCED_FACE ( 'NONE', ( #1328 ), #2094, .F. ) ;
#587 = CARTESIAN_POINT ( 'NONE',  ( -0.1000000000000000056, -0.6590551181102364264, -0.3750000000000011102 ) ) ;
#588 = VECTOR ( 'NONE', #269, 39.37007874015748143 ) ;
#589 = ORIENTED_EDGE ( 'NONE', *, *, #1925, .F. ) ;
#590 = LINE ( 'NONE', #1598, #315 ) ;
#591 = VECTOR ( 'NONE', #709, 39.37007874015748143 ) ;
#592 = DIRECTION ( 'NONE',  ( 0.000000000000000000, 0.000000000000000000, -1.000000000000000000 ) ) ;
#593 = AXIS2_PLACEMENT_3D ( 'NONE', #11, #784, #97 ) ;
#594 = VERTEX_POINT ( 'NONE', #2369 ) ;
#595 = CARTESIAN_POINT ( 'NONE',  ( 0.05000000000000000278, 0.7272399288178544863, -0.3408323004330618966 ) ) ;
#596 = FACE_OUTER_BOUND ( 'NONE', #1656, .T. ) ;
#597 = DIRECTION ( 'NONE',  ( 1.000000000000000000, -0.000000000000000000, -0.000000000000000000 ) ) ;
#598 = DIRECTION ( 'NONE',  ( 0.000000000000000000, 0.000000000000000000, -1.000000000000000000 ) ) ;
#599 = EDGE_CURVE ( 'NONE', #757, #251, #860, .T. ) ;
#600 = ORIENTED_EDGE ( 'NONE', *, *, #1861, .F. ) ;
#601 = CIRCLE ( 'NONE', #675, 0.1000000000000000194 ) ;
#602 = EDGE_CURVE ( 'NONE', #835, #394, #1290, .T. ) ;
#603 = VECTOR ( 'NONE', #555, 39.37007874015748854 ) ;
#604 = DIRECTION ( 'NONE',  ( 0.000000000000000000, 0.9925251917436932469, -0.1220399268851989627 ) ) ;
#605 = CARTESIAN_POINT ( 'NONE',  ( 0.05000000000000000278, -0.1230940107675851658, 0.2500000000000000555 ) ) ;
#606 = VERTEX_POINT ( 'NONE', #303 ) ;
#607 = CARTESIAN_POINT ( 'NONE',  ( 0.05000000000000000278, -0.6300000000000001155, -0.3175000000000006706 ) ) ;
#608 = LINE ( 'NONE', #1133, #510 ) ;
#609 = DIRECTION ( 'NONE',  ( 0.000000000000000000, 0.000000000000000000, -1.000000000000000000 ) ) ;
#610 = CARTESIAN_POINT ( 'NONE',  ( -0.05000000000000000278, -0.5409448818897638622, -0.1249999999999989037 ) ) ;
#611 = ORIENTED_EDGE ( 'NONE', *, *, #1046, .T. ) ;
#612 = VERTEX_POINT ( 'NONE', #2057 ) ;
#613 = EDGE_CURVE ( 'NONE', #983, #2024, #1481, .T. ) ;
#614 = CARTESIAN_POINT ( 'NONE',  ( 0.05000000000000000278, -0.6300000000000001155, -0.3175000000000006706 ) ) ;
#615 = CARTESIAN_POINT ( 'NONE',  ( 0.05000000000000000278, 0.3750000000000000555, 0.2500000000000000555 ) ) ;
#616 = ORIENTED_EDGE ( 'NONE', *, *, #403, .F. ) ;
#617 = EDGE_LOOP ( 'NONE', ( #1954, #1086, #326, #2372 ) ) ;
#618 = EDGE_CURVE ( 'NONE', #454, #1465, #2007, .T. ) ;
#619 = CARTESIAN_POINT ( 'NONE',  ( -0.1681102362204724698, 0.5469037554291279468, 0.1190411264606347636 ) ) ;
#620 = DIRECTION ( 'NONE',  ( 0.000000000000000000, -1.000000000000000000, -0.000000000000000000 ) ) ;
#621 = LINE ( 'NONE', #255, #2160 ) ;
#622 = ORIENTED_EDGE ( 'NONE', *, *, #802, .T. ) ;
#623 = DIRECTION ( 'NONE',  ( 0.000000000000000000, 0.000000000000000000, 1.000000000000000000 ) ) ;
#624 = DIRECTION ( 'NONE',  ( 1.000000000000000000, 0.000000000000000000, 0.000000000000000000 ) ) ;
#625 = ADVANCED_FACE ( 'NONE', ( #1039 ), #2241, .F. ) ;
#626 = VERTEX_POINT ( 'NONE', #509 ) ;
#627 = AXIS2_PLACEMENT_3D ( 'NONE', #874, #2255, #1064 ) ;
#628 = EDGE_LOOP ( 'NONE', ( #1749, #1175, #1313, #1564 ) ) ;
#629 = CARTESIAN_POINT ( 'NONE',  ( -0.1000000000000000056, -0.5409448818897638622, -0.1249999999999989037 ) ) ;
#630 = CIRCLE ( 'NONE', #1314, 0.06155511999999994932 ) ;
#631 = EDGE_CURVE ( 'NONE', #2376, #456, #304, .T. ) ;
#632 = ORIENTED_EDGE ( 'NONE', *, *, #876, .F. ) ;
#633 = AXIS2_PLACEMENT_3D ( 'NONE', #2355, #422, #1377 ) ;
#634 = CARTESIAN_POINT ( 'NONE',  ( 0.05000000000000000278, -0.6600000000000002531, -0.2362497237036106090 ) ) ;
#635 = DIRECTION ( 'NONE',  ( -0.000000000000000000, 0.000000000000000000, -1.000000000000000000 ) ) ;
#636 = ORIENTED_EDGE ( 'NONE', *, *, #754, .T. ) ;
#637 = CARTESIAN_POINT ( 'NONE',  ( -0.1681102362204724698, -0.6530962445708722308, 0.1249999999999988898 ) ) ;
#638 = DIRECTION ( 'NONE',  ( 0.000000000000000000, 0.000000000000000000, -1.000000000000000000 ) ) ;
#639 = LINE ( 'NONE', #1987, #968 ) ;
#640 = AXIS2_PLACEMENT_3D ( 'NONE', #1369, #414, #1146 ) ;
#641 = ORIENTED_EDGE ( 'NONE', *, *, #1520, .T. ) ;
#642 = EDGE_LOOP ( 'NONE', ( #325, #1539, #1625, #532 ) ) ;
#643 = DIRECTION ( 'NONE',  ( 0.8660254037844394848, 0.4999999999999984457, 0.000000000000000000 ) ) ;
#644 = VECTOR ( 'NONE', #502, 39.37007874015748143 ) ;
#645 = ORIENTED_EDGE ( 'NONE', *, *, #1000, .F. ) ;
#646 = ADVANCED_FACE ( 'NONE', ( #127 ), #470, .F. ) ;
#647 = LINE ( 'NONE', #834, #65 ) ;
#648 = EDGE_LOOP ( 'NONE', ( #641, #1514, #1096, #2247 ) ) ;
#649 = ADVANCED_FACE ( 'NONE', ( #1250 ), #1815, .F. ) ;
#650 = CARTESIAN_POINT ( 'NONE',  ( 0.05000000000000000278, 0.5721948818897637512, 0.1249999999999995004 ) ) ;
#651 = FACE_OUTER_BOUND ( 'NONE', #1404, .T. ) ;
#652 = ORIENTED_EDGE ( 'NONE', *, *, #631, .F. ) ;
#653 = ORIENTED_EDGE ( 'NONE', *, *, #1826, .T. ) ;
#654 = ORIENTED_EDGE ( 'NONE', *, *, #1708, .T. ) ;
#655 = PLANE ( 'NONE',  #317 ) ;
#656 = LENGTH_MEASURE_WITH_UNIT ( LENGTH_MEASURE( 0.02539999999999999897 ), #2378 );
#657 = ADVANCED_FACE ( 'NONE', ( #1237 ), #2021, .T. ) ;
#658 = EDGE_CURVE ( 'NONE', #538, #513, #909, .T. ) ;
#659 = DIRECTION ( 'NONE',  ( 1.000000000000000000, 0.000000000000000000, 0.000000000000000000 ) ) ;
#660 = CARTESIAN_POINT ( 'NONE',  ( 0.05000000000000000278, -0.6911289424269322357, 0.03359601078650215761 ) ) ;
#661 =( NAMED_UNIT ( * ) PLANE_ANGLE_UNIT ( ) SI_UNIT ( $, .RADIAN. ) );
#662 = ORIENTED_EDGE ( 'NONE', *, *, #1018, .T. ) ;
#663 = DIRECTION ( 'NONE',  ( 0.000000000000000000, 0.000000000000000000, -1.000000000000000000 ) ) ;
#664 = VECTOR ( 'NONE', #939, 39.37007874015748143 ) ;
#665 = ORIENTED_EDGE ( 'NONE', *, *, #1414, .F. ) ;
#666 = DIRECTION ( 'NONE',  ( 0.000000000000000000, 0.2333230043306108448, 0.9723992881785432640 ) ) ;
#667 = AXIS2_PLACEMENT_3D ( 'NONE', #1743, #1366, #1755 ) ;
#668 = SURFACE_SIDE_STYLE ('',( #1222 ) ) ;
#669 = UNCERTAINTY_MEASURE_WITH_UNIT (LENGTH_MEASURE( 1.000000000000000082E-05 ), #2394, 'distance_accuracy_value', 'NONE');
#670 = VECTOR ( 'NONE', #1779, 39.37007874015748143 ) ;
#671 = DIRECTION ( 'NONE',  ( 0.000000000000000000, 0.000000000000000000, 1.000000000000000000 ) ) ;
#672 = DIRECTION ( 'NONE',  ( 0.000000000000000000, 0.000000000000000000, -1.000000000000000000 ) ) ;
#673 = EDGE_CURVE ( 'NONE', #2246, #1274, #897, .T. ) ;
#674 = VERTEX_POINT ( 'NONE', #100 ) ;
#675 = AXIS2_PLACEMENT_3D ( 'NONE', #1374, #824, #2340 ) ;
#676 = ORIENTED_EDGE ( 'NONE', *, *, #203, .F. ) ;
#677 = DIRECTION ( 'NONE',  ( 0.000000000000000000, 0.000000000000000000, -1.000000000000000000 ) ) ;
#678 = CARTESIAN_POINT ( 'NONE',  ( 0.05000000000000000278, 0.5721948818897637512, 0.1249999999999995004 ) ) ;
#679 = AXIS2_PLACEMENT_3D ( 'NONE', #2236, #518, #1287 ) ;
#680 = ORIENTED_EDGE ( 'NONE', *, *, #848, .F. ) ;
#681 = VECTOR ( 'NONE', #2269, 39.37007874015748143 ) ;
#682 = DIRECTION ( 'NONE',  ( 0.000000000000000000, 0.000000000000000000, -1.000000000000000000 ) ) ;
#683 = DIRECTION ( 'NONE',  ( 0.000000000000000000, 0.000000000000000000, -1.000000000000000000 ) ) ;
#684 = VECTOR ( 'NONE', #312, 39.37007874015748143 ) ;
#685 = ORIENTED_EDGE ( 'NONE', *, *, #618, .T. ) ;
#686 = CARTESIAN_POINT ( 'NONE',  ( -0.04000000000000000083, -0.6000000000000001998, -0.2362497237036106368 ) ) ;
#687 = CARTESIAN_POINT ( 'NONE',  ( -0.1000000000000000056, -0.5409448818897638622, 0.1249999999999988898 ) ) ;
#688 = ORIENTED_EDGE ( 'NONE', *, *, #457, .T. ) ;
#689 = ADVANCED_FACE ( 'NONE', ( #1425 ), #872, .F. ) ;
#690 = VERTEX_POINT ( 'NONE', #686 ) ;
#691 = DIRECTION ( 'NONE',  ( -0.9961946980917454342, 0.000000000000000000, 0.08715574274765820750 ) ) ;
#692 = CARTESIAN_POINT ( 'NONE',  ( -0.05000000000000000278, 0.6590551181102364264, -0.3750000000000011102 ) ) ;
#693 = EDGE_CURVE ( 'NONE', #973, #697, #1455, .T. ) ;
#694 = ORIENTED_EDGE ( 'NONE', *, *, #271, .F. ) ;
#695 = LINE ( 'NONE', #1662, #1806 ) ;
#696 = DIRECTION ( 'NONE',  ( -0.000000000000000000, -0.000000000000000000, 1.000000000000000000 ) ) ;
#697 = VERTEX_POINT ( 'NONE', #1707 ) ;
#698 = CARTESIAN_POINT ( 'NONE',  ( -0.1681102362204724698, -0.6590551181102364264, -0.6190411264606348052 ) ) ;
#699 = ORIENTED_EDGE ( 'NONE', *, *, #602, .T. ) ;
#700 = VERTEX_POINT ( 'NONE', #168 ) ;
#701 = DIRECTION ( 'NONE',  ( 0.9924325091389671893, -0.08682659386424765313, -0.08682659386424765313 ) ) ;
#702 = CARTESIAN_POINT ( 'NONE',  ( 0.05000000000000000278, 0.1000000000000000056, 0.1318897637795275746 ) ) ;
#703 = ORIENTED_EDGE ( 'NONE', *, *, #2450, .T. ) ;
#704 = DIRECTION ( 'NONE',  ( -0.000000000000000000, 1.000000000000000000, -0.000000000000000000 ) ) ;
#705 = EDGE_CURVE ( 'NONE', #1490, #606, #760, .T. ) ;
#706 = EDGE_LOOP ( 'NONE', ( #879, #446, #47, #862 ) ) ;
#707 = AXIS2_PLACEMENT_3D ( 'NONE', #496, #2421, #887 ) ;
#708 = DIRECTION ( 'NONE',  ( -1.000000000000000000, -0.000000000000000000, -0.000000000000000000 ) ) ;
#709 = DIRECTION ( 'NONE',  ( 1.000000000000000000, -0.000000000000000000, -0.000000000000000000 ) ) ;
#710 = AXIS2_PLACEMENT_3D ( 'NONE', #476, #901, #1093 ) ;
#711 = DIRECTION ( 'NONE',  ( 0.000000000000000000, 0.000000000000000000, -1.000000000000000000 ) ) ;
#712 = ORIENTED_EDGE ( 'NONE', *, *, #722, .F. ) ;
#713 = EDGE_LOOP ( 'NONE', ( #1066, #1670, #2029, #2042, #1805, #827 ) ) ;
#714 = DIRECTION ( 'NONE',  ( 0.000000000000000000, 0.000000000000000000, 1.000000000000000000 ) ) ;
#715 = DIRECTION ( 'NONE',  ( 0.000000000000000000, 0.000000000000000000, 1.000000000000000000 ) ) ;
#716 = EDGE_LOOP ( 'NONE', ( #2200, #1435, #2445, #1358, #808, #149 ) ) ;
#717 = CARTESIAN_POINT ( 'NONE',  ( -0.1000000000000000056, 0.6590551181102364264, -0.1249999999999989037 ) ) ;
#718 = CIRCLE ( 'NONE', #2131, 0.1000000000000000194 ) ;
#719 = DIRECTION ( 'NONE',  ( 0.000000000000000000, 0.000000000000000000, 1.000000000000000000 ) ) ;
#720 = VECTOR ( 'NONE', #188, 39.37007874015748143 ) ;
#721 = ORIENTED_EDGE ( 'NONE', *, *, #42, .T. ) ;
#722 = EDGE_CURVE ( 'NONE', #197, #528, #949, .T. ) ;
#723 = DIRECTION ( 'NONE',  ( 0.000000000000000000, -1.000000000000000000, 0.000000000000000000 ) ) ;
#724 = DIRECTION ( 'NONE',  ( -0.08715574274765822138, 0.000000000000000000, -0.9961946980917455452 ) ) ;
#725 = CARTESIAN_POINT ( 'NONE',  ( 0.05000000000000000278, -0.5721948818897637512, 0.1249999999999995004 ) ) ;
#726 = VERTEX_POINT ( 'NONE', #1343 ) ;
#727 = ORIENTED_EDGE ( 'NONE', *, *, #1401, .T. ) ;
#728 = CARTESIAN_POINT ( 'NONE',  ( -0.1681102362204724698, 0.6530962445708722308, -0.1190411264606347774 ) ) ;
#729 = CARTESIAN_POINT ( 'NONE',  ( -0.1000000000000000056, 0.6590551181102364264, -0.3750000000000011102 ) ) ;
#730 = ORIENTED_EDGE ( 'NONE', *, *, #1960, .F. ) ;
#731 = CARTESIAN_POINT ( 'NONE',  ( 0.05000000000000000278, 0.6300000000000001155, -0.3790551200000005783 ) ) ;
#732 = DIRECTION ( 'NONE',  ( 0.000000000000000000, 0.000000000000000000, 1.000000000000000000 ) ) ;
#733 = ORIENTED_EDGE ( 'NONE', *, *, #1814, .F. ) ;
#734 = DIRECTION ( 'NONE',  ( 1.000000000000000000, 0.000000000000000000, 0.000000000000000000 ) ) ;
#735 = CARTESIAN_POINT ( 'NONE',  ( -0.04000000000000000083, 0.6300000000000001155, -0.1825000000000007450 ) ) ;
#736 = CARTESIAN_POINT ( 'NONE',  ( -0.05000000000000000278, -0.5409448818897638622, 0.07196727144286790834 ) ) ;
#737 = EDGE_CURVE ( 'NONE', #1639, #626, #1721, .T. ) ;
#738 = ORIENTED_EDGE ( 'NONE', *, *, #322, .T. ) ;
#739 = DIRECTION ( 'NONE',  ( 0.000000000000000000, 0.000000000000000000, 1.000000000000000000 ) ) ;
#740 = CARTESIAN_POINT ( 'NONE',  ( 0.05000000000000000278, -0.5721948818897637512, 0.1249999999999995004 ) ) ;
#741 = ORIENTED_EDGE ( 'NONE', *, *, #135, .T. ) ;
#742 = DIRECTION ( 'NONE',  ( -1.000000000000000000, 0.000000000000000000, 0.000000000000000000 ) ) ;
#743 = VECTOR ( 'NONE', #823, 39.37007874015748143 ) ;
#744 = EDGE_LOOP ( 'NONE', ( #163, #1886, #1822, #1744 ) ) ;
#745 = DIRECTION ( 'NONE',  ( 0.000000000000000000, 0.000000000000000000, -1.000000000000000000 ) ) ;
#746 = CARTESIAN_POINT ( 'NONE',  ( -0.05000000000000000278, 0.5721948818897637512, 0.1249999999999995004 ) ) ;
#747 = DIRECTION ( 'NONE',  ( 0.000000000000000000, 0.000000000000000000, -1.000000000000000000 ) ) ;
#748 = AXIS2_PLACEMENT_3D ( 'NONE', #1595, #2361, #1370 ) ;
#749 = ORIENTED_EDGE ( 'NONE', *, *, #1525, .T. ) ;
#750 = EDGE_CURVE ( 'NONE', #1294, #450, #1697, .T. ) ;
#751 = DIRECTION ( 'NONE',  ( 0.9924325091389671893, -0.08682659386424765313, 0.08682659386424765313 ) ) ;
#752 = CARTESIAN_POINT ( 'NONE',  ( -0.1000000000000000056, -0.5409448818897638622, 0.1249999999999988898 ) ) ;
#753 = ORIENTED_EDGE ( 'NONE', *, *, #271, .T. ) ;
#754 = EDGE_CURVE ( 'NONE', #1780, #1903, #2313, .T. ) ;
#755 = PLANE ( 'NONE',  #238 ) ;
#756 = DIRECTION ( 'NONE',  ( -0.08715574274765822138, -0.9961946980917455452, 0.000000000000000000 ) ) ;
#757 = VERTEX_POINT ( 'NONE', #573 ) ;
#758 = VECTOR ( 'NONE', #970, 39.37007874015748143 ) ;
#759 = PLANE ( 'NONE',  #2280 ) ;
#760 = LINE ( 'NONE', #1546, #1962 ) ;
#761 = VECTOR ( 'NONE', #1048, 39.37007874015748143 ) ;
#762 = DIRECTION ( 'NONE',  ( -1.000000000000000000, 0.000000000000000000, -0.000000000000000000 ) ) ;
#763 = ORIENTED_EDGE ( 'NONE', *, *, #2254, .T. ) ;
#764 = CARTESIAN_POINT ( 'NONE',  ( -0.1000000000000000056, -0.5409448818897638622, -0.6249999999999988898 ) ) ;
#765 = DIRECTION ( 'NONE',  ( 1.000000000000000000, -0.000000000000000000, -0.000000000000000000 ) ) ;
#766 = EDGE_CURVE ( 'NONE', #700, #835, #1150, .T. ) ;
#767 = VERTEX_POINT ( 'NONE', #360 ) ;
#768 = DIRECTION ( 'NONE',  ( 0.000000000000000000, 0.000000000000000000, 1.000000000000000000 ) ) ;
#769 = EDGE_CURVE ( 'NONE', #342, #2217, #2459, .T. ) ;
#770 = PLANE ( 'NONE',  #228 ) ;
#771 = CARTESIAN_POINT ( 'NONE',  ( 0.05000000000000000278, -0.6590551181102364264, -0.6250000000000000000 ) ) ;
#772 = PLANE ( 'NONE',  #1394 ) ;
#773 = VERTEX_POINT ( 'NONE', #179 ) ;
#774 = CARTESIAN_POINT ( 'NONE',  ( -0.1000000000000000056, 0.6590551181102364264, 0.1249999999999988898 ) ) ;
#775 = CARTESIAN_POINT ( 'NONE',  ( 0.05000000000000000278, 0.6300000000000001155, -0.3175000000000006706 ) ) ;
#776 = CARTESIAN_POINT ( 'NONE',  ( -0.1000000000000000056, -0.6590551181102364264, -0.3750000000000011102 ) ) ;
#777 = LINE ( 'NONE', #578, #2440 ) ;
#778 = ORIENTED_EDGE ( 'NONE', *, *, #2461, .T. ) ;
#779 = ADVANCED_FACE ( 'NONE', ( #2082 ), #772, .F. ) ;
#780 = DIRECTION ( 'NONE',  ( 1.000000000000000000, -0.000000000000000000, -0.000000000000000000 ) ) ;
#781 = DIRECTION ( 'NONE',  ( -0.9961946980917454342, 0.08715574274765820750, 0.000000000000000000 ) ) ;
#782 = EDGE_CURVE ( 'NONE', #1346, #1011, #1099, .T. ) ;
#783 = DIRECTION ( 'NONE',  ( 1.000000000000000000, 0.000000000000000000, 0.000000000000000000 ) ) ;
#784 = DIRECTION ( 'NONE',  ( -1.000000000000000000, -0.000000000000000000, -0.000000000000000000 ) ) ;
#785 = ORIENTED_EDGE ( 'NONE', *, *, #182, .F. ) ;
#786 = FACE_OUTER_BOUND ( 'NONE', #1352, .T. ) ;
#787 = VECTOR ( 'NONE', #142, 39.37007874015748143 ) ;
#788 = ORIENTED_EDGE ( 'NONE', *, *, #1026, .T. ) ;
#789 = CARTESIAN_POINT ( 'NONE',  ( 0.05000000000000000278, -0.3750000000000000555, 0.2500000000000000555 ) ) ;
#790 = CIRCLE ( 'NONE', #2195, 0.06155511999999996320 ) ;
#791 = AXIS2_PLACEMENT_3D ( 'NONE', #291, #1260, #1838 ) ;
#792 = ORIENTED_EDGE ( 'NONE', *, *, #437, .F. ) ;
#793 = CYLINDRICAL_SURFACE ( 'NONE', #633, 0.1500000000000000222 ) ;
#794 = CARTESIAN_POINT ( 'NONE',  ( -0.05000000000000000278, -0.6000000000000001998, -0.2362497237036106368 ) ) ;
#795 = CARTESIAN_POINT ( 'NONE',  ( -0.1681102362204724698, 0.000000000000000000, 0.000000000000000000 ) ) ;
#796 = ORIENTED_EDGE ( 'NONE', *, *, #2266, .F. ) ;
#797 = LINE ( 'NONE', #25, #1445 ) ;
#798 = DIRECTION ( 'NONE',  ( -0.9961946980917454342, -0.08715574274765820750, 0.000000000000000000 ) ) ;
#799 = EDGE_CURVE ( 'NONE', #2175, #2102, #2304, .T. ) ;
#800 = ORIENTED_EDGE ( 'NONE', *, *, #1090, .T. ) ;
#801 = VECTOR ( 'NONE', #723, 39.37007874015748143 ) ;
#802 = EDGE_CURVE ( 'NONE', #1685, #332, #535, .T. ) ;
#803 = CIRCLE ( 'NONE', #2245, 0.06155511999999996320 ) ;
#804 = VERTEX_POINT ( 'NONE', #1908 ) ;
#805 = CARTESIAN_POINT ( 'NONE',  ( 0.05000000000000000278, 0.7282785898600834251, -0.1640251853835142937 ) ) ;
#806 = DIRECTION ( 'NONE',  ( 0.4999999999999985012, 0.8660254037844395958, 0.000000000000000000 ) ) ;
#807 = VECTOR ( 'NONE', #592, 39.37007874015748143 ) ;
#808 = ORIENTED_EDGE ( 'NONE', *, *, #23, .F. ) ;
#809 = LINE ( 'NONE', #1992, #1162 ) ;
#810 = DIRECTION ( 'NONE',  ( -0.000000000000000000, -0.000000000000000000, -1.000000000000000000 ) ) ;
#811 = VERTEX_POINT ( 'NONE', #2292 ) ;
#812 = CARTESIAN_POINT ( 'NONE',  ( -0.05000000000000000278, -0.6300000000000001155, -0.3790551200000005783 ) ) ;
#813 = DIRECTION ( 'NONE',  ( -0.000000000000000000, -1.000000000000000000, -0.000000000000000000 ) ) ;
#814 = EDGE_CURVE ( 'NONE', #767, #1389, #1869, .T. ) ;
#815 = VERTEX_POINT ( 'NONE', #1147 ) ;
#816 = ORIENTED_EDGE ( 'NONE', *, *, #613, .F. ) ;
#817 = FACE_OUTER_BOUND ( 'NONE', #542, .T. ) ;
#818 = CARTESIAN_POINT ( 'NONE',  ( 0.05000000000000000278, -0.08929587240958898609, 0.07428432220529984642 ) ) ;
#819 = DIRECTION ( 'NONE',  ( -1.000000000000000000, 0.000000000000000000, -0.000000000000000000 ) ) ;
#820 = DIRECTION ( 'NONE',  ( -1.000000000000000000, -0.000000000000000000, -0.000000000000000000 ) ) ;
#821 = ORIENTED_EDGE ( 'NONE', *, *, #1896, .T. ) ;
#822 = AXIS2_PLACEMENT_3D ( 'NONE', #471, #53, #1407 ) ;
#823 = DIRECTION ( 'NONE',  ( -0.000000000000000000, -0.000000000000000000, -1.000000000000000000 ) ) ;
#824 = DIRECTION ( 'NONE',  ( 1.000000000000000000, 0.000000000000000000, 0.000000000000000000 ) ) ;
#825 = ADVANCED_FACE ( 'NONE', ( #1921 ), #2436, .T. ) ;
#826 = AXIS2_PLACEMENT_3D ( 'NONE', #2161, #283, #672 ) ;
#827 = ORIENTED_EDGE ( 'NONE', *, *, #1341, .F. ) ;
#828 = FACE_OUTER_BOUND ( 'NONE', #1705, .T. ) ;
#829 = FACE_OUTER_BOUND ( 'NONE', #2219, .T. ) ;
#830 = EDGE_CURVE ( 'NONE', #1068, #815, #790, .T. ) ;
#831 = ORIENTED_EDGE ( 'NONE', *, *, #2302, .F. ) ;
#832 = VECTOR ( 'NONE', #415, 39.37007874015748143 ) ;
#833 = LINE ( 'NONE', #448, #1844 ) ;
#834 = CARTESIAN_POINT ( 'NONE',  ( -0.1000000000000000056, -0.6590551181102364264, -0.6249999999999988898 ) ) ;
#835 = VERTEX_POINT ( 'NONE', #192 ) ;
#836 = LINE ( 'NONE', #1609, #302 ) ;
#837 = VECTOR ( 'NONE', #1192, 39.37007874015747433 ) ;
#838 = FACE_OUTER_BOUND ( 'NONE', #642, .T. ) ;
#839 = DIRECTION ( 'NONE',  ( 0.000000000000000000, 0.000000000000000000, -1.000000000000000000 ) ) ;
#840 = VECTOR ( 'NONE', #1270, 39.37007874015748143 ) ;
#841 = VERTEX_POINT ( 'NONE', #1898 ) ;
#842 = ORIENTED_EDGE ( 'NONE', *, *, #1943, .F. ) ;
#843 = DIRECTION ( 'NONE',  ( 0.000000000000000000, 0.000000000000000000, -1.000000000000000000 ) ) ;
#844 = VECTOR ( 'NONE', #2259, 39.37007874015748143 ) ;
#845 = ADVANCED_FACE ( 'NONE', ( #1302 ), #964, .T. ) ;
#846 = VERTEX_POINT ( 'NONE', #1883 ) ;
#847 = CARTESIAN_POINT ( 'NONE',  ( -0.1000000000000000056, -0.5409448818897638622, -0.3750000000000011102 ) ) ;
#848 = EDGE_CURVE ( 'NONE', #2447, #1854, #1950, .T. ) ;
#849 = PLANE ( 'NONE',  #1722 ) ;
#850 = DIRECTION ( 'NONE',  ( 0.000000000000000000, 0.000000000000000000, 1.000000000000000000 ) ) ;
#851 = CARTESIAN_POINT ( 'NONE',  ( -0.05000000000000000278, 0.5409448818897638622, 0.1249999999999988898 ) ) ;
#852 = CARTESIAN_POINT ( 'NONE',  ( -0.05000000000000000278, -0.7300000000000000933, -0.1825000000000007450 ) ) ;
#853 = ORIENTED_EDGE ( 'NONE', *, *, #2059, .T. ) ;
#854 = FACE_OUTER_BOUND ( 'NONE', #2099, .T. ) ;
#855 = ORIENTED_EDGE ( 'NONE', *, *, #166, .T. ) ;
#856 = EDGE_CURVE ( 'NONE', #1474, #29, #1402, .T. ) ;
#857 = DIRECTION ( 'NONE',  ( -0.000000000000000000, -0.000000000000000000, 1.000000000000000000 ) ) ;
#858 = FACE_OUTER_BOUND ( 'NONE', #165, .T. ) ;
#859 = EDGE_CURVE ( 'NONE', #27, #190, #1571, .T. ) ;
#860 = LINE ( 'NONE', #79, #2383 ) ;
#861 = CARTESIAN_POINT ( 'NONE',  ( -0.05000000000000000278, 0.5409448818897638622, -0.3750000000000011102 ) ) ;
#862 = ORIENTED_EDGE ( 'NONE', *, *, #2093, .F. ) ;
#863 = ORIENTED_EDGE ( 'NONE', *, *, #1698, .F. ) ;
#864 = FACE_OUTER_BOUND ( 'NONE', #1337, .T. ) ;
#865 = DIRECTION ( 'NONE',  ( 0.000000000000000000, 0.000000000000000000, -1.000000000000000000 ) ) ;
#866 = CIRCLE ( 'NONE', #1110, 0.06155511999999991463 ) ;
#867 = VERTEX_POINT ( 'NONE', #610 ) ;
#868 = AXIS2_PLACEMENT_3D ( 'NONE', #735, #1505, #937 ) ;
#869 = DIRECTION ( 'NONE',  ( 0.000000000000000000, -1.000000000000000000, -0.000000000000000000 ) ) ;
#870 = VECTOR ( 'NONE', #2221, 39.37007874015748143 ) ;
#871 = ORIENTED_EDGE ( 'NONE', *, *, #2446, .T. ) ;
#872 = PLANE ( 'NONE',  #266 ) ;
#873 = ADVANCED_FACE ( 'NONE', ( #989 ), #1769, .F. ) ;
#874 = CARTESIAN_POINT ( 'NONE',  ( -0.1000000000000000056, -0.6590551181102364264, -0.3750000000000011102 ) ) ;
#875 = DIRECTION ( 'NONE',  ( 1.000000000000000000, 0.000000000000000000, 0.000000000000000000 ) ) ;
#876 = EDGE_CURVE ( 'NONE', #929, #1294, #621, .T. ) ;
#877 = ORIENTED_EDGE ( 'NONE', *, *, #2001, .T. ) ;
#878 = VECTOR ( 'NONE', #2267, 39.37007874015748854 ) ;
#879 = ORIENTED_EDGE ( 'NONE', *, *, #372, .T. ) ;
#880 = LINE ( 'NONE', #273, #1403 ) ;
#881 = AXIS2_PLACEMENT_3D ( 'NONE', #1907, #2095, #207 ) ;
#882 = EDGE_LOOP ( 'NONE', ( #1566, #1952, #904, #2211, #1983, #1140, #800, #1628, #2379, #1261, #1469, #1980, #712, #253, #1788, #796, #376, #2441, #2188, #64, #1076, #1590, #688, #944, #1220, #1229, #2034, #1531, #1714, #1915, #1103, #2406 ) ) ;
#883 = VECTOR ( 'NONE', #134, 39.37007874015748143 ) ;
#884 = DIRECTION ( 'NONE',  ( 0.000000000000000000, 0.000000000000000000, -1.000000000000000000 ) ) ;
#885 = FILL_AREA_STYLE ('',( #2225 ) ) ;
#886 = EDGE_LOOP ( 'NONE', ( #1082, #2077, #978, #2142 ) ) ;
#887 = DIRECTION ( 'NONE',  ( 0.000000000000000000, 0.000000000000000000, -1.000000000000000000 ) ) ;
#888 = LINE ( 'NONE', #698, #991 ) ;
#889 = EDGE_CURVE ( 'NONE', #697, #1685, #1073, .T. ) ;
#890 = APPLICATION_PROTOCOL_DEFINITION ( 'draft international standard', 'automotive_design', 1998, #1824 ) ;
#891 = ORIENTED_EDGE ( 'NONE', *, *, #1507, .F. ) ;
#892 = EDGE_LOOP ( 'NONE', ( #2307, #589, #1526, #2120 ) ) ;
#893 = EDGE_CURVE ( 'NONE', #1833, #416, #1023, .T. ) ;
#894 = CARTESIAN_POINT ( 'NONE',  ( 0.000000000000000000, 0.000000000000000000, 0.1318897637795275746 ) ) ;
#895 = ORIENTED_EDGE ( 'NONE', *, *, #2030, .F. ) ;
#896 = CARTESIAN_POINT ( 'NONE',  ( 0.05000000000000000278, -0.1000000000000000056, 0.1318897637795275746 ) ) ;
#897 = LINE ( 'NONE', #1828, #20 ) ;
#898 = CARTESIAN_POINT ( 'NONE',  ( 0.05000000000000000278, 0.08929587240958902772, 0.07428432220529986030 ) ) ;
#899 = EDGE_LOOP ( 'NONE', ( #863, #485, #153, #514 ) ) ;
#900 = EDGE_LOOP ( 'NONE', ( #2281, #2411, #2257, #439, #853 ) ) ;
#901 = DIRECTION ( 'NONE',  ( 1.000000000000000000, 0.000000000000000000, 0.000000000000000000 ) ) ;
#902 = CARTESIAN_POINT ( 'NONE',  ( 0.05000000000000000278, 0.3750000000000000555, 0.2500000000000000555 ) ) ;
#903 = EDGE_CURVE ( 'NONE', #2040, #503, #647, .T. ) ;
#904 = ORIENTED_EDGE ( 'NONE', *, *, #1881, .F. ) ;
#905 = DIRECTION ( 'NONE',  ( 0.000000000000000000, 0.000000000000000000, 1.000000000000000000 ) ) ;
#906 = AXIS2_PLACEMENT_3D ( 'NONE', #1164, #13, #762 ) ;
#907 = EDGE_CURVE ( 'NONE', #1274, #2358, #1558, .T. ) ;
#908 = VERTEX_POINT ( 'NONE', #26 ) ;
#909 = CIRCLE ( 'NONE', #1796, 0.06155511999999991463 ) ;
#910 = CARTESIAN_POINT ( 'NONE',  ( -0.05000000000000000278, 0.7272399288178544863, -0.3408323004330618966 ) ) ;
#911 = DIRECTION ( 'NONE',  ( 0.000000000000000000, -0.4999999999999972800, -0.8660254037844402619 ) ) ;
#912 = VECTOR ( 'NONE', #643, 39.37007874015748143 ) ;
#913 = CARTESIAN_POINT ( 'NONE',  ( -0.05000000000000000278, 0.5721948818897637512, 0.1865551199999994636 ) ) ;
#914 = ORIENTED_EDGE ( 'NONE', *, *, #769, .F. ) ;
#915 = VERTEX_POINT ( 'NONE', #2146 ) ;
#916 = CARTESIAN_POINT ( 'NONE',  ( -0.05000000000000000278, 0.6300000000000001155, -0.3175000000000006706 ) ) ;
#917 = LINE ( 'NONE', #729, #114 ) ;
#918 = ORIENTED_EDGE ( 'NONE', *, *, #1375, .T. ) ;
#919 = EDGE_CURVE ( 'NONE', #2342, #118, #51, .T. ) ;
#920 = DIRECTION ( 'NONE',  ( 0.9924325091389671893, 0.08682659386424765313, 0.08682659386424765313 ) ) ;
#921 = VECTOR ( 'NONE', #1240, 39.37007874015748143 ) ;
#922 = AXIS2_PLACEMENT_3D ( 'NONE', #2468, #742, #768 ) ;
#923 = ORIENTED_EDGE ( 'NONE', *, *, #2027, .F. ) ;
#924 = ADVANCED_FACE ( 'NONE', ( #1177 ), #2337, .T. ) ;
#925 = CARTESIAN_POINT ( 'NONE',  ( -0.1000000000000000056, -0.5409448818897638622, 0.1249999999999988898 ) ) ;
#926 = VECTOR ( 'NONE', #2390, 39.37007874015748854 ) ;
#927 = DIRECTION ( 'NONE',  ( -1.000000000000000000, -0.000000000000000000, -0.000000000000000000 ) ) ;
#928 = DIRECTION ( 'NONE',  ( 1.000000000000000000, 0.000000000000000000, 0.000000000000000000 ) ) ;
#929 = VERTEX_POINT ( 'NONE', #2328 ) ;
#930 = LINE ( 'NONE', #351, #1159 ) ;
#931 = PLANE ( 'NONE',  #410 ) ;
#932 = ORIENTED_EDGE ( 'NONE', *, *, #1259, .F. ) ;
#933 = FACE_BOUND ( 'NONE', #716, .T. ) ;
#934 = CARTESIAN_POINT ( 'NONE',  ( 0.05000000000000000278, -0.3750000000000000555, 0.2500000000000000555 ) ) ;
#935 = ORIENTED_EDGE ( 'NONE', *, *, #369, .T. ) ;
#936 = DIRECTION ( 'NONE',  ( 0.000000000000000000, 0.000000000000000000, 1.000000000000000000 ) ) ;
#937 = DIRECTION ( 'NONE',  ( 0.000000000000000000, 0.000000000000000000, 1.000000000000000000 ) ) ;
#938 = EDGE_CURVE ( 'NONE', #1451, #1574, #2124, .T. ) ;
#939 = DIRECTION ( 'NONE',  ( 0.000000000000000000, 1.000000000000000000, 0.000000000000000000 ) ) ;
#940 = EDGE_CURVE ( 'NONE', #1604, #27, #1982, .T. ) ;
#941 = ORIENTED_EDGE ( 'NONE', *, *, #1725, .T. ) ;
#942 = DIRECTION ( 'NONE',  ( 1.000000000000000000, 0.000000000000000000, 0.000000000000000000 ) ) ;
#943 = PLANE ( 'NONE',  #1891 ) ;
#944 = ORIENTED_EDGE ( 'NONE', *, *, #2360, .T. ) ;
#945 = LINE ( 'NONE', #1904, #1371 ) ;
#946 = DIRECTION ( 'NONE',  ( 0.000000000000000000, 1.000000000000000000, 0.000000000000000000 ) ) ;
#947 = ORIENTED_EDGE ( 'NONE', *, *, #89, .F. ) ;
#948 = PLANE ( 'NONE',  #2047 ) ;
#949 = LINE ( 'NONE', #155, #2466 ) ;
#950 = AXIS2_PLACEMENT_3D ( 'NONE', #687, #1115, #2058 ) ;
#951 = CARTESIAN_POINT ( 'NONE',  ( -0.05000000000000000278, 0.5721948818897637512, 0.1865551199999994636 ) ) ;
#952 = ADVANCED_FACE ( 'NONE', ( #1002 ), #40, .F. ) ;
#953 = VECTOR ( 'NONE', #1351, 39.37007874015748143 ) ;
#954 = AXIS2_PLACEMENT_3D ( 'NONE', #894, #1811, #286 ) ;
#955 = ORIENTED_EDGE ( 'NONE', *, *, #287, .F. ) ;
#956 = CARTESIAN_POINT ( 'NONE',  ( -0.1000000000000000056, 0.5409448818897638622, 0.1249999999999988898 ) ) ;
#957 = ADVANCED_FACE ( 'NONE', ( #400 ), #2347, .F. ) ;
#958 = FACE_OUTER_BOUND ( 'NONE', #2235, .T. ) ;
#959 = ORIENTED_EDGE ( 'NONE', *, *, #151, .T. ) ;
#960 = CARTESIAN_POINT ( 'NONE',  ( -0.05000000000000000278, -0.5409448818897638622, 0.1249999999999988898 ) ) ;
#961 = CARTESIAN_POINT ( 'NONE',  ( -0.1000000000000000056, 0.5409448818897638622, -0.3750000000000011102 ) ) ;
#962 = VECTOR ( 'NONE', #1508, 39.37007874015748143 ) ;
#963 = CYLINDRICAL_SURFACE ( 'NONE', #965, 0.06155511999999996320 ) ;
#964 = PLANE ( 'NONE',  #1193 ) ;
#965 = AXIS2_PLACEMENT_3D ( 'NONE', #2484, #783, #609 ) ;
#966 = ORIENTED_EDGE ( 'NONE', *, *, #2045, .F. ) ;
#967 = CARTESIAN_POINT ( 'NONE',  ( -0.05000000000000000278, 0.5409448818897638622, -0.1249999999999989037 ) ) ;
#968 = VECTOR ( 'NONE', #32, 39.37007874015748143 ) ;
#969 = DIRECTION ( 'NONE',  ( -0.000000000000000000, -1.000000000000000000, -0.000000000000000000 ) ) ;
#970 = DIRECTION ( 'NONE',  ( -0.000000000000000000, -0.000000000000000000, 1.000000000000000000 ) ) ;
#971 = LINE ( 'NONE', #2478, #1204 ) ;
#972 = EDGE_CURVE ( 'NONE', #174, #1078, #1936, .T. ) ;
#973 = VERTEX_POINT ( 'NONE', #1211 ) ;
#974 = DIRECTION ( 'NONE',  ( 0.000000000000000000, 0.000000000000000000, -1.000000000000000000 ) ) ;
#975 = DIRECTION ( 'NONE',  ( 0.000000000000000000, 0.000000000000000000, -1.000000000000000000 ) ) ;
#976 = DIRECTION ( 'NONE',  ( 0.000000000000000000, 1.000000000000000000, 0.000000000000000000 ) ) ;
#977 = DIRECTION ( 'NONE',  ( 0.000000000000000000, 1.000000000000000000, 0.000000000000000000 ) ) ;
#978 = ORIENTED_EDGE ( 'NONE', *, *, #339, .T. ) ;
#979 = DIRECTION ( 'NONE',  ( 0.000000000000000000, 0.000000000000000000, -1.000000000000000000 ) ) ;
#980 = ORIENTED_EDGE ( 'NONE', *, *, #599, .F. ) ;
#981 = DIRECTION ( 'NONE',  ( 1.000000000000000000, -0.000000000000000000, -0.000000000000000000 ) ) ;
#982 = PLANE ( 'NONE',  #1575 ) ;
#983 = VERTEX_POINT ( 'NONE', #1746 ) ;
#984 = CARTESIAN_POINT ( 'NONE',  ( -0.1681102362204724698, -0.6530962445708722308, 0.1190411264606347636 ) ) ;
#985 = EDGE_CURVE ( 'NONE', #1671, #92, #1761, .T. ) ;
#986 = DIRECTION ( 'NONE',  ( 0.000000000000000000, -0.6395292217659064304, -0.7687667881142460358 ) ) ;
#987 = CARTESIAN_POINT ( 'NONE',  ( 0.05000000000000000278, 0.5721948818897637512, 0.1865551199999994636 ) ) ;
#988 = EDGE_CURVE ( 'NONE', #2342, #1101, #2004, .T. ) ;
#989 = FACE_OUTER_BOUND ( 'NONE', #1658, .T. ) ;
#990 = ORIENTED_EDGE ( 'NONE', *, *, #766, .F. ) ;
#991 = VECTOR ( 'NONE', #2244, 39.37007874015748143 ) ;
#992 = DIRECTION ( 'NONE',  ( -1.000000000000000000, -0.000000000000000000, -0.000000000000000000 ) ) ;
#993 = DIRECTION ( 'NONE',  ( 0.000000000000000000, 0.000000000000000000, -1.000000000000000000 ) ) ;
#994 = CIRCLE ( 'NONE', #1919, 0.1000000000000000194 ) ;
#995 = VECTOR ( 'NONE', #2325, 39.37007874015748143 ) ;
#996 = ORIENTED_EDGE ( 'NONE', *, *, #1202, .T. ) ;
#997 = DIRECTION ( 'NONE',  ( 0.000000000000000000, 0.000000000000000000, 1.000000000000000000 ) ) ;
#998 = DIRECTION ( 'NONE',  ( -1.000000000000000000, 0.000000000000000000, 0.000000000000000000 ) ) ;
#999 = ORIENTED_EDGE ( 'NONE', *, *, #135, .F. ) ;
#1000 = EDGE_CURVE ( 'NONE', #915, #2217, #2216, .T. ) ;
#1001 = CARTESIAN_POINT ( 'NONE',  ( -0.05000000000000000278, 0.5721948818897637512, 0.1249999999999995004 ) ) ;
#1002 = FACE_OUTER_BOUND ( 'NONE', #1579, .T. ) ;
#1003 = CIRCLE ( 'NONE', #1323, 0.06155511999999996320 ) ;
#1004 = ORIENTED_EDGE ( 'NONE', *, *, #1740, .F. ) ;
#1005 = ADVANCED_FACE ( 'NONE', ( #858 ), #1037, .F. ) ;
#1006 = AXIS2_PLACEMENT_3D ( 'NONE', #1527, #2078, #1946 ) ;
#1007 = AXIS2_PLACEMENT_3D ( 'NONE', #580, #1350, #974 ) ;
#1008 = CARTESIAN_POINT ( 'NONE',  ( -0.1000000000000000056, -0.5409448818897638622, -0.6249999999999988898 ) ) ;
#1009 = CARTESIAN_POINT ( 'NONE',  ( -0.05000000000000000278, 0.5409448818897638622, -0.1249999999999989037 ) ) ;
#1010 = ORIENTED_EDGE ( 'NONE', *, *, #2266, .T. ) ;
#1011 = VERTEX_POINT ( 'NONE', #1249 ) ;
#1012 = ORIENTED_EDGE ( 'NONE', *, *, #1246, .T. ) ;
#1013 = CARTESIAN_POINT ( 'NONE',  ( -0.1000000000000000056, -0.5409448818897638622, 0.1249999999999988898 ) ) ;
#1014 = ORIENTED_EDGE ( 'NONE', *, *, #28, .F. ) ;
#1015 = EDGE_CURVE ( 'NONE', #105, #1677, #1060, .T. ) ;
#1016 = CARTESIAN_POINT ( 'NONE',  ( 0.05000000000000000278, 0.7272399288178544863, -0.3408323004330617301 ) ) ;
#1017 = DIRECTION ( 'NONE',  ( 0.000000000000000000, 0.000000000000000000, -1.000000000000000000 ) ) ;
#1018 = EDGE_CURVE ( 'NONE', #2376, #908, #1049, .T. ) ;
#1019 = EDGE_LOOP ( 'NONE', ( #1543, #699, #2476, #1906 ) ) ;
#1020 = CARTESIAN_POINT ( 'NONE',  ( -0.05000000000000000278, 0.5409448818897638622, 0.07196727144286790834 ) ) ;
#1021 = ORIENTED_EDGE ( 'NONE', *, *, #1475, .F. ) ;
#1022 = CARTESIAN_POINT ( 'NONE',  ( -0.05000000000000000278, -0.6590551181102364264, -0.6250000000000000000 ) ) ;
#1023 = LINE ( 'NONE', #245, #230 ) ;
#1024 = MANIFOLD_SOLID_BREP ( 'Chamfer2', #1106 ) ;
#1025 = DIRECTION ( 'NONE',  ( -1.000000000000000000, 0.000000000000000000, 0.000000000000000000 ) ) ;
#1026 = EDGE_CURVE ( 'NONE', #1274, #1451, #481, .T. ) ;
#1027 = DIRECTION ( 'NONE',  ( 0.000000000000000000, 1.000000000000000000, 0.000000000000000000 ) ) ;
#1028 = AXIS2_PLACEMENT_3D ( 'NONE', #725, #1441, #2228 ) ;
#1029 = ORIENTED_EDGE ( 'NONE', *, *, #750, .F. ) ;
#1030 = VECTOR ( 'NONE', #140, 39.37007874015748854 ) ;
#1031 = VERTEX_POINT ( 'NONE', #2019 ) ;
#1032 = ADVANCED_FACE ( 'NONE', ( #267 ), #849, .F. ) ;
#1033 = CARTESIAN_POINT ( 'NONE',  ( -0.05000000000000000278, -0.5409448818897638622, -0.1249999999999989037 ) ) ;
#1034 = VECTOR ( 'NONE', #1616, 39.37007874015748143 ) ;
#1035 = EDGE_LOOP ( 'NONE', ( #46, #1778, #2329, #1871 ) ) ;
#1036 = CARTESIAN_POINT ( 'NONE',  ( 0.05000000000000000278, 0.5721948818897637512, 0.06344487999999953720 ) ) ;
#1037 = PLANE ( 'NONE',  #791 ) ;
#1038 = ORIENTED_EDGE ( 'NONE', *, *, #1212, .F. ) ;
#1039 = FACE_OUTER_BOUND ( 'NONE', #899, .T. ) ;
#1040 = CARTESIAN_POINT ( 'NONE',  ( -0.05000000000000000278, 0.7300000000000000933, -0.3175000000000007816 ) ) ;
#1041 = VECTOR ( 'NONE', #2186, 39.37007874015748143 ) ;
#1042 = CARTESIAN_POINT ( 'NONE',  ( -0.1681102362204724698, -0.5469037554291279468, -0.6249999999999988898 ) ) ;
#1043 = VECTOR ( 'NONE', #1415, 39.37007874015748143 ) ;
#1044 = ORIENTED_EDGE ( 'NONE', *, *, #988, .F. ) ;
#1045 = FACE_OUTER_BOUND ( 'NONE', #1777, .T. ) ;
#1046 = EDGE_CURVE ( 'NONE', #1031, #757, #1453, .T. ) ;
#1047 = VERTEX_POINT ( 'NONE', #619 ) ;
#1048 = DIRECTION ( 'NONE',  ( 0.000000000000000000, 0.000000000000000000, 1.000000000000000000 ) ) ;
#1049 = LINE ( 'NONE', #2367, #2198 ) ;
#1050 = ORIENTED_EDGE ( 'NONE', *, *, #493, .F. ) ;
#1051 = DIRECTION ( 'NONE',  ( 1.000000000000000000, 0.000000000000000000, 0.000000000000000000 ) ) ;
#1052 = LINE ( 'NONE', #1965, #141 ) ;
#1053 = ORIENTED_EDGE ( 'NONE', *, *, #1545, .F. ) ;
#1054 = EDGE_LOOP ( 'NONE', ( #1266, #1297, #310, #1999 ) ) ;
#1055 = DIRECTION ( 'NONE',  ( 1.000000000000000000, 0.000000000000000000, -0.000000000000000000 ) ) ;
#1056 = DIRECTION ( 'NONE',  ( 0.000000000000000000, 1.000000000000000000, 0.000000000000000000 ) ) ;
#1057 = ORIENTED_EDGE ( 'NONE', *, *, #276, .F. ) ;
#1058 = EDGE_CURVE ( 'NONE', #1367, #594, #2152, .T. ) ;
#1059 = CARTESIAN_POINT ( 'NONE',  ( -0.1000000000000000056, -0.6590551181102364264, -0.6249999999999988898 ) ) ;
#1060 = LINE ( 'NONE', #280, #307 ) ;
#1061 = ORIENTED_EDGE ( 'NONE', *, *, #1643, .F. ) ;
#1062 = EDGE_CURVE ( 'NONE', #1931, #119, #1411, .T. ) ;
#1063 = DIRECTION ( 'NONE',  ( 0.000000000000000000, 0.000000000000000000, 1.000000000000000000 ) ) ;
#1064 = DIRECTION ( 'NONE',  ( 0.000000000000000000, 0.000000000000000000, -1.000000000000000000 ) ) ;
#1065 = EDGE_LOOP ( 'NONE', ( #1324, #871, #2275, #1364 ) ) ;
#1066 = ORIENTED_EDGE ( 'NONE', *, *, #2254, .F. ) ;
#1067 = CARTESIAN_POINT ( 'NONE',  ( -0.04000000000000000083, -0.6300000000000001155, -0.1825000000000007450 ) ) ;
#1068 = VERTEX_POINT ( 'NONE', #1020 ) ;
#1069 = DIRECTION ( 'NONE',  ( -0.6094796352690593499, -0.7928017243878159315, 0.000000000000000000 ) ) ;
#1070 = AXIS2_PLACEMENT_3D ( 'NONE', #1905, #946, #1629 ) ;
#1071 = CARTESIAN_POINT ( 'NONE',  ( -0.2310886806573705654, -0.3053875146138276264, -0.6250000000000000000 ) ) ;
#1072 = EDGE_CURVE ( 'NONE', #337, #867, #252, .T. ) ;
#1073 = CIRCLE ( 'NONE', #2469, 0.1499999999999999944 ) ;
#1074 = ADVANCED_FACE ( 'NONE', ( #817 ), #1592, .T. ) ;
#1075 = DIRECTION ( 'NONE',  ( -0.000000000000000000, 1.000000000000000000, -0.000000000000000000 ) ) ;
#1076 = ORIENTED_EDGE ( 'NONE', *, *, #582, .T. ) ;
#1077 = AXIS2_PLACEMENT_3D ( 'NONE', #2233, #515, #1267 ) ;
#1078 = VERTEX_POINT ( 'NONE', #432 ) ;
#1079 = PLANE ( 'NONE',  #1317 ) ;
#1080 = CARTESIAN_POINT ( 'NONE',  ( -0.1681102362204724698, 0.6530962445708722308, -0.3750000000000011102 ) ) ;
#1081 = CIRCLE ( 'NONE', #37, 0.06155511999999991463 ) ;
#1082 = ORIENTED_EDGE ( 'NONE', *, *, #1090, .F. ) ;
#1083 = AXIS2_PLACEMENT_3D ( 'NONE', #1483, #82, #875 ) ;
#1084 = FACE_OUTER_BOUND ( 'NONE', #4, .T. ) ;
#1085 = CARTESIAN_POINT ( 'NONE',  ( -0.1681102362204724698, 0.5469037554291279468, -0.1190411264606347774 ) ) ;
#1086 = ORIENTED_EDGE ( 'NONE', *, *, #1496, .F. ) ;
#1087 = LINE ( 'NONE', #1666, #1239 ) ;
#1088 = DIRECTION ( 'NONE',  ( 1.000000000000000000, -0.000000000000000000, -0.000000000000000000 ) ) ;
#1089 = CARTESIAN_POINT ( 'NONE',  ( -0.1000000000000000056, -0.5409448818897638622, -0.6249999999999988898 ) ) ;
#1090 = EDGE_CURVE ( 'NONE', #1547, #332, #1196, .T. ) ;
#1091 = ORIENTED_EDGE ( 'NONE', *, *, #1771, .F. ) ;
#1092 = ORIENTED_EDGE ( 'NONE', *, *, #89, .T. ) ;
#1093 = DIRECTION ( 'NONE',  ( 0.000000000000000000, 0.000000000000000000, -1.000000000000000000 ) ) ;
#1094 = ADVANCED_FACE ( 'NONE', ( #2164 ), #1219, .T. ) ;
#1095 = LINE ( 'NONE', #1637, #926 ) ;
#1096 = ORIENTED_EDGE ( 'NONE', *, *, #1614, .F. ) ;
#1097 = ORIENTED_EDGE ( 'NONE', *, *, #472, .F. ) ;
#1098 = DIRECTION ( 'NONE',  ( 0.9924325091389671893, 0.08682659386424765313, 0.08682659386424765313 ) ) ;
#1099 = LINE ( 'NONE', #2097, #2270 ) ;
#1100 = FACE_OUTER_BOUND ( 'NONE', #1864, .T. ) ;
#1101 = VERTEX_POINT ( 'NONE', #2177 ) ;
#1102 = ADVANCED_FACE ( 'NONE', ( #828 ), #793, .T. ) ;
#1103 = ORIENTED_EDGE ( 'NONE', *, *, #1461, .T. ) ;
#1104 = DIRECTION ( 'NONE',  ( 0.000000000000000000, 0.1847481461648645129, 0.9827858986008324305 ) ) ;
#1105 = CARTESIAN_POINT ( 'NONE',  ( -0.05000000000000000278, -0.5409448818897638622, 0.1249999999999988898 ) ) ;
#1106 = CLOSED_SHELL ( 'NONE', ( #1798, #290, #625, #1742, #1102, #131, #434, #1399, #1032, #649, #1753, #2285, #10, #873, #1151, #1275, #2070, #1976, #1005, #2320, #1448, #1464, #2318, #1928, #689, #537, #231, #74, #324, #1909, #2417, #305, #572, #1356, #1094, #540, #1730, #1167, #924, #54, #1603, #1417, #508, #2400, #1242, #1122, #451, #952, #2368, #2386, #1256, #1802, #2382, #1074, #2127, #586, #646, #2224, #420, #460, #213, #957, #2168, #779, #2076, #198, #489, #1138, #1304, #1710, #2063, #336, #825, #2182, #1587, #657, #2172, #2464, #1939, #1171, #6, #845 ) ) ;
#1107 = EDGE_CURVE ( 'NONE', #1431, #2342, #1990, .T. ) ;
#1108 = ORIENTED_EDGE ( 'NONE', *, *, #814, .T. ) ;
#1109 = DIRECTION ( 'NONE',  ( 1.000000000000000000, 0.000000000000000000, 0.000000000000000000 ) ) ;
#1110 = AXIS2_PLACEMENT_3D ( 'NONE', #452, #1025, #623 ) ;
#1111 = ORIENTED_EDGE ( 'NONE', *, *, #2184, .T. ) ;
#1112 = LINE ( 'NONE', #1621, #358 ) ;
#1113 = DIRECTION ( 'NONE',  ( 0.8660254037844394848, -0.4999999999999984457, 0.000000000000000000 ) ) ;
#1114 = AXIS2_PLACEMENT_3D ( 'NONE', #1013, #635, #449 ) ;
#1115 = DIRECTION ( 'NONE',  ( 0.000000000000000000, -1.000000000000000000, 0.000000000000000000 ) ) ;
#1116 = ORIENTED_EDGE ( 'NONE', *, *, #737, .T. ) ;
#1117 = LINE ( 'NONE', #1537, #962 ) ;
#1118 = CARTESIAN_POINT ( 'NONE',  ( -0.04999999999999999584, 0.1577350269189623511, 0.2099999999999999367 ) ) ;
#1119 = ORIENTED_EDGE ( 'NONE', *, *, #217, .F. ) ;
#1120 = CARTESIAN_POINT ( 'NONE',  ( 0.05000000000000000278, 0.1000000000000000056, 0.2099999999999999367 ) ) ;
#1121 = VECTOR ( 'NONE', #1809, 39.37007874015748143 ) ;
#1122 = ADVANCED_FACE ( 'NONE', ( #1800 ), #72, .F. ) ;
#1123 = VECTOR ( 'NONE', #1258, 39.37007874015748143 ) ;
#1124 = ORIENTED_EDGE ( 'NONE', *, *, #1386, .F. ) ;
#1125 = DIRECTION ( 'NONE',  ( -0.08715574274765822138, -0.9961946980917455452, 0.000000000000000000 ) ) ;
#1126 = DIRECTION ( 'NONE',  ( 0.000000000000000000, 0.000000000000000000, -1.000000000000000000 ) ) ;
#1127 = CARTESIAN_POINT ( 'NONE',  ( 0.05000000000000000278, 0.6300000000000001155, -0.1825000000000007450 ) ) ;
#1128 = VERTEX_POINT ( 'NONE', #1172 ) ;
#1129 = FACE_OUTER_BOUND ( 'NONE', #1797, .T. ) ;
#1130 = CARTESIAN_POINT ( 'NONE',  ( -0.1000000000000000056, -0.6590551181102364264, -0.3750000000000011102 ) ) ;
#1131 = ORIENTED_EDGE ( 'NONE', *, *, #856, .F. ) ;
#1132 = FACE_BOUND ( 'NONE', #713, .T. ) ;
#1133 = CARTESIAN_POINT ( 'NONE',  ( -0.05000000000000000278, 0.5409448818897638622, 0.1249999999999988898 ) ) ;
#1134 = VERTEX_POINT ( 'NONE', #984 ) ;
#1135 = EDGE_CURVE ( 'NONE', #811, #1490, #1945, .T. ) ;
#1136 = DIRECTION ( 'NONE',  ( 0.000000000000000000, 1.000000000000000000, 0.000000000000000000 ) ) ;
#1137 = DIRECTION ( 'NONE',  ( 0.000000000000000000, 0.000000000000000000, -1.000000000000000000 ) ) ;
#1138 = ADVANCED_FACE ( 'NONE', ( #107 ), #2002, .T. ) ;
#1139 = CARTESIAN_POINT ( 'NONE',  ( -0.1681102362204724698, -0.5409448818897638622, 0.1190411264606347636 ) ) ;
#1140 = ORIENTED_EDGE ( 'NONE', *, *, #1845, .T. ) ;
#1141 = LINE ( 'NONE', #1927, #1524 ) ;
#1142 = FACE_OUTER_BOUND ( 'NONE', #17, .T. ) ;
#1143 = PLANE ( 'NONE',  #922 ) ;
#1144 = FACE_OUTER_BOUND ( 'NONE', #744, .T. ) ;
#1145 = ORIENTED_EDGE ( 'NONE', *, *, #1322, .F. ) ;
#1146 = DIRECTION ( 'NONE',  ( 0.000000000000000000, 0.000000000000000000, -1.000000000000000000 ) ) ;
#1147 = CARTESIAN_POINT ( 'NONE',  ( -0.05000000000000000278, 0.5721948818897637512, 0.06344487999999953720 ) ) ;
#1148 = ORIENTED_EDGE ( 'NONE', *, *, #259, .T. ) ;
#1149 = CARTESIAN_POINT ( 'NONE',  ( -0.05000000000000000278, -0.7300000000000000933, -0.1825000000000007450 ) ) ;
#1150 = CIRCLE ( 'NONE', #868, 0.06155512000000001871 ) ;
#1151 = ADVANCED_FACE ( 'NONE', ( #133 ), #1079, .T. ) ;
#1152 = VECTOR ( 'NONE', #425, 39.37007874015748143 ) ;
#1153 = ORIENTED_EDGE ( 'NONE', *, *, #1360, .F. ) ;
#1154 = DIRECTION ( 'NONE',  ( 0.000000000000000000, 0.000000000000000000, -1.000000000000000000 ) ) ;
#1155 = DIRECTION ( 'NONE',  ( 0.000000000000000000, -0.000000000000000000, 1.000000000000000000 ) ) ;
#1156 = ORIENTED_EDGE ( 'NONE', *, *, #1015, .T. ) ;
#1157 = PLANE ( 'NONE',  #1165 ) ;
#1158 = CARTESIAN_POINT ( 'NONE',  ( -0.05000000000000000278, 0.6300000000000001155, -0.3175000000000006706 ) ) ;
#1159 = VECTOR ( 'NONE', #2453, 39.37007874015748143 ) ;
#1160 = CARTESIAN_POINT ( 'NONE',  ( -0.05000000000000000278, 0.4734311846722880635, 0.2378969977985892770 ) ) ;
#1161 = CARTESIAN_POINT ( 'NONE',  ( -0.05000000000000000278, -0.6600000000000002531, -0.2362497237036106090 ) ) ;
#1162 = VECTOR ( 'NONE', #1958, 39.37007874015748143 ) ;
#1163 = ORIENTED_EDGE ( 'NONE', *, *, #673, .F. ) ;
#1164 = CARTESIAN_POINT ( 'NONE',  ( -0.1000000000000000056, 0.5409448818897638622, 0.1249999999999988898 ) ) ;
#1165 = AXIS2_PLACEMENT_3D ( 'NONE', #818, #274, #36 ) ;
#1166 = CARTESIAN_POINT ( 'NONE',  ( -0.04999999999999999584, -0.1577350269189623511, 0.2099999999999996314 ) ) ;
#1167 = ADVANCED_FACE ( 'NONE', ( #1647 ), #463, .T. ) ;
#1168 = CARTESIAN_POINT ( 'NONE',  ( 0.05000000000000000278, 0.7300000000000000933, -0.1825000000000007450 ) ) ;
#1169 = DIRECTION ( 'NONE',  ( 1.000000000000000000, 0.000000000000000000, 0.000000000000000000 ) ) ;
#1170 = ORIENTED_EDGE ( 'NONE', *, *, #1018, .F. ) ;
#1171 = ADVANCED_FACE ( 'NONE', ( #864 ), #1636, .T. ) ;
#1172 = CARTESIAN_POINT ( 'NONE',  ( -0.1000000000000000056, -0.5409448818897638622, -0.3750000000000011102 ) ) ;
#1173 = CARTESIAN_POINT ( 'NONE',  ( -0.1681102362204724698, 0.6590551181102364264, -0.6190411264606348052 ) ) ;
#1174 = CARTESIAN_POINT ( 'NONE',  ( -0.05000000000000000278, -0.1250000000000000278, -0.1250000000000000278 ) ) ;
#1175 = ORIENTED_EDGE ( 'NONE', *, *, #782, .T. ) ;
#1176 = DIRECTION ( 'NONE',  ( 0.9961946980917454342, 0.000000000000000000, 0.08715574274765820750 ) ) ;
#1177 = FACE_OUTER_BOUND ( 'NONE', #431, .T. ) ;
#1178 = EDGE_LOOP ( 'NONE', ( #1617, #517, #313, #2230 ) ) ;
#1179 = ORIENTED_EDGE ( 'NONE', *, *, #2139, .F. ) ;
#1180 = CARTESIAN_POINT ( 'NONE',  ( -0.1000000000000000056, 0.6590551181102364264, -0.1249999999999989037 ) ) ;
#1181 = CARTESIAN_POINT ( 'NONE',  ( -0.05000000000000000278, 0.5409448818897638622, 0.1249999999999988898 ) ) ;
#1182 = EDGE_CURVE ( 'NONE', #1812, #2467, #2025, .T. ) ;
#1183 = ORIENTED_EDGE ( 'NONE', *, *, #972, .T. ) ;
#1184 = EDGE_CURVE ( 'NONE', #1854, #697, #1600, .T. ) ;
#1185 = CARTESIAN_POINT ( 'NONE',  ( -0.04000000000000000083, 0.6600000000000000311, -0.2637502762963908620 ) ) ;
#1186 = ORIENTED_EDGE ( 'NONE', *, *, #2330, .F. ) ;
#1187 = DIRECTION ( 'NONE',  ( 0.000000000000000000, 0.2333230043306108448, 0.9723992881785432640 ) ) ;
#1188 = CARTESIAN_POINT ( 'NONE',  ( 0.05000000000000000278, -0.08929587240958902772, 0.07428432220529986030 ) ) ;
#1189 = VERTEX_POINT ( 'NONE', #1659 ) ;
#1190 = VECTOR ( 'NONE', #2460, 39.37007874015748143 ) ;
#1191 = DIRECTION ( 'NONE',  ( 0.000000000000000000, -0.4999999999999973910, 0.8660254037844402619 ) ) ;
#1192 = DIRECTION ( 'NONE',  ( 0.9924325091389671893, 0.08682659386424765313, -0.08682659386424765313 ) ) ;
#1193 = AXIS2_PLACEMENT_3D ( 'NONE', #2067, #347, #1113 ) ;
#1194 = VECTOR ( 'NONE', #1381, 39.37007874015748143 ) ;
#1195 = ORIENTED_EDGE ( 'NONE', *, *, #1698, .T. ) ;
#1196 = LINE ( 'NONE', #18, #396 ) ;
#1197 = EDGE_CURVE ( 'NONE', #329, #337, #1849, .T. ) ;
#1198 = LINE ( 'NONE', #1022, #2396 ) ;
#1199 = DIRECTION ( 'NONE',  ( 0.000000000000000000, -0.6395292217659064304, -0.7687667881142460358 ) ) ;
#1200 = VECTOR ( 'NONE', #1104, 39.37007874015748854 ) ;
#1201 = EDGE_LOOP ( 'NONE', ( #2391, #60, #1253, #1895 ) ) ;
#1202 = EDGE_CURVE ( 'NONE', #1848, #1207, #512, .T. ) ;
#1203 = VECTOR ( 'NONE', #704, 39.37007874015748143 ) ;
#1204 = VECTOR ( 'NONE', #765, 39.37007874015748143 ) ;
#1205 = LINE ( 'NONE', #851, #1792 ) ;
#1206 = DIRECTION ( 'NONE',  ( -1.000000000000000000, -0.000000000000000000, -0.000000000000000000 ) ) ;
#1207 = VERTEX_POINT ( 'NONE', #1449 ) ;
#1208 = DIRECTION ( 'NONE',  ( -0.08715574274765822138, 0.000000000000000000, -0.9961946980917455452 ) ) ;
#1209 = ORIENTED_EDGE ( 'NONE', *, *, #2450, .F. ) ;
#1210 = CARTESIAN_POINT ( 'NONE',  ( -0.05000000000000000278, 0.6911289424269322357, 0.03359601078650215761 ) ) ;
#1211 = CARTESIAN_POINT ( 'NONE',  ( 0.05000000000000000278, 0.5721948818897637512, 0.2749999999999995226 ) ) ;
#1212 = EDGE_CURVE ( 'NONE', #292, #773, #2412, .T. ) ;
#1213 = ORIENTED_EDGE ( 'NONE', *, *, #1442, .T. ) ;
#1214 = EDGE_CURVE ( 'NONE', #1189, #1860, #2121, .T. ) ;
#1215 = CARTESIAN_POINT ( 'NONE',  ( -0.05000000000000000278, 0.6590551181102364264, -0.1249999999999989037 ) ) ;
#1216 = PLANE ( 'NONE',  #110 ) ;
#1217 = EDGE_LOOP ( 'NONE', ( #980, #2486, #2190, #1560 ) ) ;
#1218 = ORIENTED_EDGE ( 'NONE', *, *, #1542, .T. ) ;
#1219 = PLANE ( 'NONE',  #1563 ) ;
#1220 = ORIENTED_EDGE ( 'NONE', *, *, #1911, .T. ) ;
#1221 = DIRECTION ( 'NONE',  ( 0.000000000000000000, 0.4999999999999972800, 0.8660254037844402619 ) ) ;
#1222 = SURFACE_STYLE_FILL_AREA ( #885 ) ;
#1223 = ORIENTED_EDGE ( 'NONE', *, *, #1259, .T. ) ;
#1224 = CARTESIAN_POINT ( 'NONE',  ( -0.1000000000000000056, -0.5409448818897638622, -0.3750000000000011102 ) ) ;
#1225 = LINE ( 'NONE', #2056, #2204 ) ;
#1226 = EDGE_CURVE ( 'NONE', #450, #2012, #2014, .T. ) ;
#1227 = AXIS2_PLACEMENT_3D ( 'NONE', #1910, #2264, #979 ) ;
#1228 = VECTOR ( 'NONE', #584, 39.37007874015748143 ) ;
#1229 = ORIENTED_EDGE ( 'NONE', *, *, #1630, .T. ) ;
#1230 = CARTESIAN_POINT ( 'NONE',  ( 0.05000000000000000278, -0.6300000000000001155, -0.1825000000000007450 ) ) ;
#1231 = DIRECTION ( 'NONE',  ( 1.000000000000000000, 0.000000000000000000, 0.000000000000000000 ) ) ;
#1232 = VECTOR ( 'NONE', #701, 39.37007874015747433 ) ;
#1233 = ORIENTED_EDGE ( 'NONE', *, *, #1182, .F. ) ;
#1234 = CARTESIAN_POINT ( 'NONE',  ( -0.05000000000000000278, -0.5721948818897637512, 0.1249999999999995004 ) ) ;
#1235 = DIRECTION ( 'NONE',  ( 0.9924325091389671893, 0.08682659386424765313, -0.08682659386424765313 ) ) ;
#1236 = VERTEX_POINT ( 'NONE', #2428 ) ;
#1237 = FACE_OUTER_BOUND ( 'NONE', #1054, .T. ) ;
#1238 = DIRECTION ( 'NONE',  ( -1.000000000000000000, -0.000000000000000000, -0.000000000000000000 ) ) ;
#1239 = VECTOR ( 'NONE', #2420, 39.37007874015748143 ) ;
#1240 = DIRECTION ( 'NONE',  ( -0.000000000000000000, -0.000000000000000000, 1.000000000000000000 ) ) ;
#1241 = CIRCLE ( 'NONE', #679, 0.06155511999999994932 ) ;
#1242 = ADVANCED_FACE ( 'NONE', ( #1045 ), #1470, .F. ) ;
#1243 = ORIENTED_EDGE ( 'NONE', *, *, #1841, .T. ) ;
#1244 = DIRECTION ( 'NONE',  ( -1.000000000000000000, 0.000000000000000000, -0.000000000000000000 ) ) ;
#1245 = VECTOR ( 'NONE', #1902, 39.37007874015748143 ) ;
#1246 = EDGE_CURVE ( 'NONE', #690, #233, #145, .T. ) ;
#1247 = EDGE_LOOP ( 'NONE', ( #398, #778, #721, #2192 ) ) ;
#1248 = CARTESIAN_POINT ( 'NONE',  ( -0.2310886806573705654, 0.3053875146138276264, -0.6250000000000000000 ) ) ;
#1249 = CARTESIAN_POINT ( 'NONE',  ( 0.05000000000000000278, -0.6000000000000001998, -0.2637502762963908620 ) ) ;
#1250 = FACE_OUTER_BOUND ( 'NONE', #1019, .T. ) ;
#1251 = CARTESIAN_POINT ( 'NONE',  ( 0.05000000000000000278, -0.7282785898600834251, -0.1640251853835142937 ) ) ;
#1252 = ORIENTED_EDGE ( 'NONE', *, *, #1576, .T. ) ;
#1253 = ORIENTED_EDGE ( 'NONE', *, *, #2001, .F. ) ;
#1254 = DIRECTION ( 'NONE',  ( 0.000000000000000000, 0.000000000000000000, -1.000000000000000000 ) ) ;
#1255 = CARTESIAN_POINT ( 'NONE',  ( -0.05000000000000000278, 0.5409448818897638622, 0.1249999999999988898 ) ) ;
#1256 = ADVANCED_FACE ( 'NONE', ( #854 ), #1834, .F. ) ;
#1257 = ORIENTED_EDGE ( 'NONE', *, *, #1627, .T. ) ;
#1258 = DIRECTION ( 'NONE',  ( 1.000000000000000000, 0.000000000000000000, 0.000000000000000000 ) ) ;
#1259 = EDGE_CURVE ( 'NONE', #1031, #1490, #880, .T. ) ;
#1260 = DIRECTION ( 'NONE',  ( 0.000000000000000000, -0.9723992881785433751, 0.2333230043306109280 ) ) ;
#1261 = ORIENTED_EDGE ( 'NONE', *, *, #1184, .F. ) ;
#1262 = CARTESIAN_POINT ( 'NONE',  ( 0.05000000000000000278, 0.5721948818897637512, 0.2749999999999995226 ) ) ;
#1263 = CARTESIAN_POINT ( 'NONE',  ( -0.03999999999999999389, -0.1750555349946512074, 0.2500000000000000555 ) ) ;
#1264 = AXIS2_PLACEMENT_3D ( 'NONE', #1724, #2321, #604 ) ;
#1265 = ORIENTED_EDGE ( 'NONE', *, *, #1618, .T. ) ;
#1266 = ORIENTED_EDGE ( 'NONE', *, *, #408, .F. ) ;
#1267 = DIRECTION ( 'NONE',  ( 1.000000000000000000, 0.000000000000000000, 0.000000000000000000 ) ) ;
#1268 = FACE_OUTER_BOUND ( 'NONE', #483, .T. ) ;
#1269 = ORIENTED_EDGE ( 'NONE', *, *, #1058, .T. ) ;
#1270 = DIRECTION ( 'NONE',  ( -0.000000000000000000, 1.000000000000000000, -0.000000000000000000 ) ) ;
#1271 = AXIS2_PLACEMENT_3D ( 'NONE', #569, #1378, #2482 ) ;
#1272 = FACE_OUTER_BOUND ( 'NONE', #2013, .T. ) ;
#1273 = AXIS2_PLACEMENT_3D ( 'NONE', #1161, #1974, #2170 ) ;
#1274 = VERTEX_POINT ( 'NONE', #311 ) ;
#1275 = ADVANCED_FACE ( 'NONE', ( #1487, #1282, #2051, #1726, #1701 ), #2477, .F. ) ;
#1276 = CARTESIAN_POINT ( 'NONE',  ( -0.04000000000000000083, -0.6300000000000001155, -0.3175000000000006706 ) ) ;
#1277 = EDGE_CURVE ( 'NONE', #1602, #1078, #377, .T. ) ;
#1278 = CARTESIAN_POINT ( 'NONE',  ( 0.05000000000000000278, 0.6000000000000001998, -0.2362497237036106368 ) ) ;
#1279 = ORIENTED_EDGE ( 'NONE', *, *, #1996, .F. ) ;
#1280 = AXIS2_PLACEMENT_3D ( 'NONE', #916, #1688, #1307 ) ;
#1281 = ORIENTED_EDGE ( 'NONE', *, *, #693, .T. ) ;
#1282 = FACE_BOUND ( 'NONE', #1612, .T. ) ;
#1283 = DIRECTION ( 'NONE',  ( -1.000000000000000000, 0.000000000000000000, 0.000000000000000000 ) ) ;
#1284 = VECTOR ( 'NONE', #1935, 39.37007874015747433 ) ;
#1285 = ORIENTED_EDGE ( 'NONE', *, *, #1062, .F. ) ;
#1286 = VECTOR ( 'NONE', #464, 39.37007874015748143 ) ;
#1287 = DIRECTION ( 'NONE',  ( 0.000000000000000000, 0.000000000000000000, -1.000000000000000000 ) ) ;
#1288 = CARTESIAN_POINT ( 'NONE',  ( -0.05000000000000000278, -0.5409448818897638622, -0.3750000000000011102 ) ) ;
#1289 = CARTESIAN_POINT ( 'NONE',  ( -0.05000000000000000278, -0.5409448818897638622, 0.1249999999999988898 ) ) ;
#1290 = LINE ( 'NONE', #1466, #591 ) ;
#1291 = EDGE_CURVE ( 'NONE', #700, #284, #1141, .T. ) ;
#1292 = LINE ( 'NONE', #1089, #185 ) ;
#1293 = EDGE_CURVE ( 'NONE', #1134, #1410, #1887, .T. ) ;
#1294 = VERTEX_POINT ( 'NONE', #728 ) ;
#1295 = ORIENTED_EDGE ( 'NONE', *, *, #1774, .T. ) ;
#1296 = FACE_OUTER_BOUND ( 'NONE', #1310, .T. ) ;
#1297 = ORIENTED_EDGE ( 'NONE', *, *, #919, .F. ) ;
#1298 = CARTESIAN_POINT ( 'NONE',  ( 0.05000000000000000278, -0.5721948818897637512, 0.2749999999999995226 ) ) ;
#1299 = CARTESIAN_POINT ( 'NONE',  ( -0.1000000000000000056, -0.5409448818897638622, -0.1249999999999989037 ) ) ;
#1300 = ORIENTED_EDGE ( 'NONE', *, *, #1000, .T. ) ;
#1301 = CARTESIAN_POINT ( 'NONE',  ( 0.05000000000000000278, -0.1000000000000000056, 0.1318897637795275746 ) ) ;
#1302 = FACE_OUTER_BOUND ( 'NONE', #1968, .T. ) ;
#1303 = DIRECTION ( 'NONE',  ( -0.8660254037844394848, -0.4999999999999984457, 0.000000000000000000 ) ) ;
#1304 = ADVANCED_FACE ( 'NONE', ( #1296 ), #2443, .T. ) ;
#1305 = ORIENTED_EDGE ( 'NONE', *, *, #548, .T. ) ;
#1306 = EDGE_CURVE ( 'NONE', #606, #174, #930, .T. ) ;
#1307 = DIRECTION ( 'NONE',  ( 0.000000000000000000, 0.000000000000000000, -1.000000000000000000 ) ) ;
#1308 = DIRECTION ( 'NONE',  ( -0.8660254037844394848, 0.4999999999999984457, 0.000000000000000000 ) ) ;
#1309 = VECTOR ( 'NONE', #969, 39.37007874015748143 ) ;
#1310 = EDGE_LOOP ( 'NONE', ( #86, #1423, #1458, #999 ) ) ;
#1311 = FACE_OUTER_BOUND ( 'NONE', #295, .T. ) ;
#1312 = VECTOR ( 'NONE', #2126, 39.37007874015748143 ) ;
#1313 = ORIENTED_EDGE ( 'NONE', *, *, #1542, .F. ) ;
#1314 = AXIS2_PLACEMENT_3D ( 'NONE', #1554, #21, #556 ) ;
#1315 = CARTESIAN_POINT ( 'NONE',  ( -0.1681102362204724698, 0.6530962445708722308, -0.6190411264606348052 ) ) ;
#1316 = DIRECTION ( 'NONE',  ( 1.000000000000000000, 0.000000000000000000, 0.000000000000000000 ) ) ;
#1317 = AXIS2_PLACEMENT_3D ( 'NONE', #1820, #93, #1055 ) ;
#1318 = CARTESIAN_POINT ( 'NONE',  ( 0.05000000000000000278, -0.5721948818897637512, 0.1249999999999995004 ) ) ;
#1319 = ORIENTED_EDGE ( 'NONE', *, *, #903, .T. ) ;
#1320 = PLANE ( 'NONE',  #2165 ) ;
#1321 = CARTESIAN_POINT ( 'NONE',  ( 0.05000000000000000278, -0.3750000000000000555, 0.2500000000000000555 ) ) ;
#1322 = EDGE_CURVE ( 'NONE', #2012, #1812, #577, .T. ) ;
#1323 = AXIS2_PLACEMENT_3D ( 'NONE', #2435, #1882, #154 ) ;
#1324 = ORIENTED_EDGE ( 'NONE', *, *, #98, .F. ) ;
#1325 = LINE ( 'NONE', #2287, #603 ) ;
#1326 = AXIS2_PLACEMENT_3D ( 'NONE', #2261, #1109, #1502 ) ;
#1327 = EDGE_CURVE ( 'NONE', #1735, #454, #1117, .T. ) ;
#1328 = FACE_OUTER_BOUND ( 'NONE', #1413, .T. ) ;
#1329 = VECTOR ( 'NONE', #1929, 39.37007874015748143 ) ;
#1330 = ORIENTED_EDGE ( 'NONE', *, *, #1277, .T. ) ;
#1331 = CARTESIAN_POINT ( 'NONE',  ( 0.3113392047374154425, 0.7378361476751287285, -0.2966713926659150791 ) ) ;
#1332 = CARTESIAN_POINT ( 'NONE',  ( -0.1000000000000000056, -0.5409448818897638622, -0.3750000000000011102 ) ) ;
#1333 = LINE ( 'NONE', #774, #1959 ) ;
#1334 = DIRECTION ( 'NONE',  ( 0.000000000000000000, 0.000000000000000000, -1.000000000000000000 ) ) ;
#1335 = CARTESIAN_POINT ( 'NONE',  ( -0.04999999999999999584, -0.1577350269189623511, 0.2099999999999996037 ) ) ;
#1336 = LINE ( 'NONE', #2101, #1329 ) ;
#1337 = EDGE_LOOP ( 'NONE', ( #788, #2415, #941, #2203 ) ) ;
#1338 = EDGE_CURVE ( 'NONE', #1474, #2447, #340, .T. ) ;
#1339 = FACE_OUTER_BOUND ( 'NONE', #146, .T. ) ;
#1340 = CARTESIAN_POINT ( 'NONE',  ( -0.05000000000000000278, 0.000000000000000000, 0.000000000000000000 ) ) ;
#1341 = EDGE_CURVE ( 'NONE', #2080, #119, #551, .T. ) ;
#1342 = FACE_OUTER_BOUND ( 'NONE', #2483, .T. ) ;
#1343 = CARTESIAN_POINT ( 'NONE',  ( 0.05000000000000000278, -0.5721948818897637512, 0.06344487999999953720 ) ) ;
#1344 = ORIENTED_EDGE ( 'NONE', *, *, #1182, .T. ) ;
#1345 = DIRECTION ( 'NONE',  ( -0.000000000000000000, -1.000000000000000000, -0.000000000000000000 ) ) ;
#1346 = VERTEX_POINT ( 'NONE', #147 ) ;
#1347 = DIRECTION ( 'NONE',  ( -1.000000000000000000, -0.000000000000000000, -0.000000000000000000 ) ) ;
#1348 = DIRECTION ( 'NONE',  ( 0.000000000000000000, 0.1220399268851989766, -0.9925251917436933580 ) ) ;
#1349 = ORIENTED_EDGE ( 'NONE', *, *, #799, .T. ) ;
#1350 = DIRECTION ( 'NONE',  ( -0.000000000000000000, 1.000000000000000000, 0.000000000000000000 ) ) ;
#1351 = DIRECTION ( 'NONE',  ( -0.000000000000000000, -0.000000000000000000, 1.000000000000000000 ) ) ;
#1352 = EDGE_LOOP ( 'NONE', ( #1867, #1265, #1589, #2452 ) ) ;
#1353 = DIRECTION ( 'NONE',  ( 0.000000000000000000, 1.000000000000000000, -4.966896545892425858E-15 ) ) ;
#1354 = VECTOR ( 'NONE', #1620, 39.37007874015747433 ) ;
#1355 = CARTESIAN_POINT ( 'NONE',  ( -0.1000000000000000056, -0.6590551181102364264, -0.1249999999999989037 ) ) ;
#1356 = ADVANCED_FACE ( 'NONE', ( #1129 ), #1320, .T. ) ;
#1357 = VECTOR ( 'NONE', #986, 39.37007874015748143 ) ;
#1358 = ORIENTED_EDGE ( 'NONE', *, *, #2154, .T. ) ;
#1359 = LINE ( 'NONE', #2111, #1312 ) ;
#1360 = EDGE_CURVE ( 'NONE', #1128, #846, #184, .T. ) ;
#1361 = VERTEX_POINT ( 'NONE', #1712 ) ;
#1362 = CARTESIAN_POINT ( 'NONE',  ( -0.05000000000000000278, 0.7282785898600834251, -0.1640251853835143214 ) ) ;
#1363 = FACE_OUTER_BOUND ( 'NONE', #2036, .T. ) ;
#1364 = ORIENTED_EDGE ( 'NONE', *, *, #602, .F. ) ;
#1365 = CARTESIAN_POINT ( 'NONE',  ( -0.1681102362204724698, -0.6530962445708722308, -0.6190411264606348052 ) ) ;
#1366 = DIRECTION ( 'NONE',  ( 0.000000000000000000, -1.000000000000000000, -0.000000000000000000 ) ) ;
#1367 = VERTEX_POINT ( 'NONE', #1335 ) ;
#1368 = AXIS2_PLACEMENT_3D ( 'NONE', #1763, #1384, #67 ) ;
#1369 = CARTESIAN_POINT ( 'NONE',  ( 0.05000000000000000278, 0.5721948818897637512, 0.1249999999999995004 ) ) ;
#1370 = DIRECTION ( 'NONE',  ( 1.000000000000000000, 0.000000000000000000, -0.000000000000000000 ) ) ;
#1371 = VECTOR ( 'NONE', #175, 39.37007874015747433 ) ;
#1372 = VECTOR ( 'NONE', #1056, 39.37007874015748143 ) ;
#1373 = DIRECTION ( 'NONE',  ( 0.000000000000000000, 0.000000000000000000, -1.000000000000000000 ) ) ;
#1374 = CARTESIAN_POINT ( 'NONE',  ( 0.05000000000000000278, 0.6300000000000001155, -0.3175000000000006706 ) ) ;
#1375 = EDGE_CURVE ( 'NONE', #1860, #368, #478, .T. ) ;
#1376 = ORIENTED_EDGE ( 'NONE', *, *, #1971, .T. ) ;
#1377 = DIRECTION ( 'NONE',  ( 0.000000000000000000, 0.000000000000000000, 1.000000000000000000 ) ) ;
#1378 = DIRECTION ( 'NONE',  ( -1.000000000000000000, -0.000000000000000000, -0.000000000000000000 ) ) ;
#1379 = ORIENTED_EDGE ( 'NONE', *, *, #799, .F. ) ;
#1380 = CARTESIAN_POINT ( 'NONE',  ( -0.05000000000000000278, 0.5721948818897637512, 0.1249999999999995004 ) ) ;
#1381 = DIRECTION ( 'NONE',  ( -0.000000000000000000, -0.000000000000000000, 1.000000000000000000 ) ) ;
#1382 = ORIENTED_EDGE ( 'NONE', *, *, #1960, .T. ) ;
#1383 = ORIENTED_EDGE ( 'NONE', *, *, #2434, .F. ) ;
#1384 = DIRECTION ( 'NONE',  ( -1.000000000000000000, -0.000000000000000000, -0.000000000000000000 ) ) ;
#1385 = CARTESIAN_POINT ( 'NONE',  ( -0.04000000000000000083, -0.6000000000000001998, 0.000000000000000000 ) ) ;
#1386 = EDGE_CURVE ( 'NONE', #773, #1361, #2100, .T. ) ;
#1387 = VERTEX_POINT ( 'NONE', #2 ) ;
#1388 = EDGE_CURVE ( 'NONE', #2467, #1665, #1499, .T. ) ;
#1389 = VERTEX_POINT ( 'NONE', #776 ) ;
#1390 = CARTESIAN_POINT ( 'NONE',  ( -0.04999999999999999584, -0.1577350269189623511, 0.1318897637795275746 ) ) ;
#1391 = ORIENTED_EDGE ( 'NONE', *, *, #2214, .T. ) ;
#1392 = LINE ( 'NONE', #812, #588 ) ;
#1393 = CARTESIAN_POINT ( 'NONE',  ( -0.04999999999999999584, -0.1577350269189623511, 0.1318897637795275746 ) ) ;
#1394 = AXIS2_PLACEMENT_3D ( 'NONE', #1332, #2473, #2277 ) ;
#1395 = VECTOR ( 'NONE', #977, 39.37007874015748143 ) ;
#1396 = ORIENTED_EDGE ( 'NONE', *, *, #1341, .T. ) ;
#1397 = CARTESIAN_POINT ( 'NONE',  ( -0.1000000000000000056, 0.6590551181102364264, -0.1249999999999989037 ) ) ;
#1398 = DIRECTION ( 'NONE',  ( -0.08715574274765822138, 0.9961946980917455452, 0.000000000000000000 ) ) ;
#1399 = ADVANCED_FACE ( 'NONE', ( #539 ), #2248, .F. ) ;
#1400 = ORIENTED_EDGE ( 'NONE', *, *, #2288, .T. ) ;
#1401 = EDGE_CURVE ( 'NONE', #1465, #1501, #2072, .T. ) ;
#1402 = LINE ( 'NONE', #438, #1515 ) ;
#1403 = VECTOR ( 'NONE', #2037, 39.37007874015747433 ) ;
#1404 = EDGE_LOOP ( 'NONE', ( #1383, #1681, #1511, #2433 ) ) ;
#1405 = VECTOR ( 'NONE', #1706, 39.37007874015748143 ) ;
#1406 = VECTOR ( 'NONE', #341, 39.37007874015748143 ) ;
#1407 = DIRECTION ( 'NONE',  ( 0.000000000000000000, -0.000000000000000000, 1.000000000000000000 ) ) ;
#1408 = LINE ( 'NONE', #545, #73 ) ;
#1409 = EDGE_LOOP ( 'NONE', ( #918, #345, #2220, #132, #1923 ) ) ;
#1410 = VERTEX_POINT ( 'NONE', #1776 ) ;
#1411 = LINE ( 'NONE', #1397, #2079 ) ;
#1412 = LINE ( 'NONE', #2153, #1286 ) ;
#1413 = EDGE_LOOP ( 'NONE', ( #1989, #365, #1148, #1819 ) ) ;
#1414 = EDGE_CURVE ( 'NONE', #1577, #811, #590, .T. ) ;
#1415 = DIRECTION ( 'NONE',  ( 1.000000000000000000, -0.000000000000000000, -0.000000000000000000 ) ) ;
#1416 = ORIENTED_EDGE ( 'NONE', *, *, #2210, .F. ) ;
#1417 = ADVANCED_FACE ( 'NONE', ( #2174 ), #1216, .T. ) ;
#1418 = PLANE ( 'NONE',  #1827 ) ;
#1419 = DIRECTION ( 'NONE',  ( 0.9961946980917454342, -0.08715574274765820750, 0.000000000000000000 ) ) ;
#1420 = ORIENTED_EDGE ( 'NONE', *, *, #1725, .F. ) ;
#1421 = ORIENTED_EDGE ( 'NONE', *, *, #1197, .F. ) ;
#1422 = DIRECTION ( 'NONE',  ( 1.000000000000000000, -0.000000000000000000, -0.000000000000000000 ) ) ;
#1423 = ORIENTED_EDGE ( 'NONE', *, *, #1695, .T. ) ;
#1424 = LINE ( 'NONE', #2155, #278 ) ;
#1425 = FACE_OUTER_BOUND ( 'NONE', #2166, .T. ) ;
#1426 = EDGE_CURVE ( 'NONE', #815, #1903, #1986, .T. ) ;
#1427 = DIRECTION ( 'NONE',  ( -0.000000000000000000, -0.000000000000000000, 1.000000000000000000 ) ) ;
#1428 = DIRECTION ( 'NONE',  ( 0.000000000000000000, 0.000000000000000000, -1.000000000000000000 ) ) ;
#1429 = EDGE_CURVE ( 'NONE', #421, #773, #275, .T. ) ;
#1430 = VECTOR ( 'NONE', #927, 39.37007874015748143 ) ;
#1431 = VERTEX_POINT ( 'NONE', #1795 ) ;
#1432 = CARTESIAN_POINT ( 'NONE',  ( -0.1681102362204724698, 0.000000000000000000, 0.000000000000000000 ) ) ;
#1433 = CARTESIAN_POINT ( 'NONE',  ( 0.05000000000000000278, 0.6600000000000000311, -0.2637502762963908620 ) ) ;
#1434 = VECTOR ( 'NONE', #1199, 39.37007874015748143 ) ;
#1435 = ORIENTED_EDGE ( 'NONE', *, *, #1197, .T. ) ;
#1436 = CARTESIAN_POINT ( 'NONE',  ( -0.1000000000000000056, 0.5409448818897638622, 0.1249999999999988898 ) ) ;
#1437 = SURFACE_STYLE_USAGE ( .BOTH. , #668 ) ;
#1438 = ORIENTED_EDGE ( 'NONE', *, *, #1072, .F. ) ;
#1439 = DIRECTION ( 'NONE',  ( -0.000000000000000000, 1.000000000000000000, -0.000000000000000000 ) ) ;
#1440 = VECTOR ( 'NONE', #236, 39.37007874015748143 ) ;
#1441 = DIRECTION ( 'NONE',  ( -1.000000000000000000, 0.000000000000000000, -0.000000000000000000 ) ) ;
#1442 = EDGE_CURVE ( 'NONE', #2246, #2102, #1550, .T. ) ;
#1443 = CIRCLE ( 'NONE', #2084, 0.1000000000000000194 ) ;
#1444 = LENGTH_MEASURE_WITH_UNIT ( LENGTH_MEASURE( 0.02539999999999999897 ), #1858 );
#1445 = VECTOR ( 'NONE', #1136, 39.37007874015748143 ) ;
#1446 = ORIENTED_EDGE ( 'NONE', *, *, #1401, .F. ) ;
#1447 = ORIENTED_EDGE ( 'NONE', *, *, #1442, .F. ) ;
#1448 = ADVANCED_FACE ( 'NONE', ( #407 ), #1784, .T. ) ;
#1449 = CARTESIAN_POINT ( 'NONE',  ( 0.05000000000000000278, -0.6000000000000001998, -0.2362497237036106368 ) ) ;
#1450 = CARTESIAN_POINT ( 'NONE',  ( -0.1000000000000000056, 0.5409448818897638622, 0.1249999999999988898 ) ) ;
#1451 = VERTEX_POINT ( 'NONE', #1393 ) ;
#1452 = DIRECTION ( 'NONE',  ( 0.4999999999999985012, -0.8660254037844395958, 0.000000000000000000 ) ) ;
#1453 = LINE ( 'NONE', #35, #670 ) ;
#1454 = EDGE_LOOP ( 'NONE', ( #106, #645, #2427, #753, #41 ) ) ;
#1455 = LINE ( 'NONE', #1262, #1430 ) ;
#1456 = CARTESIAN_POINT ( 'NONE',  ( 0.05000000000000000278, -0.5721948818897637512, 0.1249999999999995004 ) ) ;
#1457 = ORIENTED_EDGE ( 'NONE', *, *, #166, .F. ) ;
#1458 = ORIENTED_EDGE ( 'NONE', *, *, #1841, .F. ) ;
#1459 = DIRECTION ( 'NONE',  ( -1.000000000000000000, 0.000000000000000000, 0.000000000000000000 ) ) ;
#1460 = DIRECTION ( 'NONE',  ( 1.000000000000000000, 0.000000000000000000, 0.000000000000000000 ) ) ;
#1461 = EDGE_CURVE ( 'NONE', #1741, #1735, #1804, .T. ) ;
#1462 = ORIENTED_EDGE ( 'NONE', *, *, #2243, .T. ) ;
#1463 = DIRECTION ( 'NONE',  ( 1.000000000000000000, 0.000000000000000000, 0.000000000000000000 ) ) ;
#1464 = ADVANCED_FACE ( 'NONE', ( #1565 ), #1953, .T. ) ;
#1465 = VERTEX_POINT ( 'NONE', #2308 ) ;
#1466 = CARTESIAN_POINT ( 'NONE',  ( -0.05000000000000000278, 0.6600000000000002531, -0.2362497237036106090 ) ) ;
#1467 = CYLINDRICAL_SURFACE ( 'NONE', #1028, 0.1500000000000000222 ) ;
#1468 = ORIENTED_EDGE ( 'NONE', *, *, #1675, .T. ) ;
#1469 = ORIENTED_EDGE ( 'NONE', *, *, #1492, .F. ) ;
#1470 = CYLINDRICAL_SURFACE ( 'NONE', #468, 0.06155511999999994932 ) ;
#1471 = AXIS2_PLACEMENT_3D ( 'NONE', #294, #2046, #1829 ) ;
#1472 = LINE ( 'NONE', #1255, #1692 ) ;
#1473 = CIRCLE ( 'NONE', #465, 0.06155511999999996320 ) ;
#1474 = VERTEX_POINT ( 'NONE', #805 ) ;
#1475 = EDGE_CURVE ( 'NONE', #1604, #2024, #2322, .T. ) ;
#1476 = CARTESIAN_POINT ( 'NONE',  ( -0.1000000000000000056, 0.5409448818897638622, -0.1249999999999989037 ) ) ;
#1477 = AXIS2_PLACEMENT_3D ( 'NONE', #1276, #1088, #1063 ) ;
#1478 = ORIENTED_EDGE ( 'NONE', *, *, #2333, .T. ) ;
#1479 = EDGE_CURVE ( 'NONE', #1011, #804, #1485, .T. ) ;
#1480 = DIRECTION ( 'NONE',  ( 0.000000000000000000, 0.000000000000000000, -1.000000000000000000 ) ) ;
#1481 = LINE ( 'NONE', #1856, #143 ) ;
#1482 = DIRECTION ( 'NONE',  ( 0.000000000000000000, 0.6395292217659064304, -0.7687667881142460358 ) ) ;
#1483 = CARTESIAN_POINT ( 'NONE',  ( 0.000000000000000000, 0.000000000000000000, 0.000000000000000000 ) ) ;
#1484 = ORIENTED_EDGE ( 'NONE', *, *, #1461, .F. ) ;
#1485 = CIRCLE ( 'NONE', #2437, 0.06155511999999994932 ) ;
#1486 = EDGE_LOOP ( 'NONE', ( #108, #1091, #2271, #1799 ) ) ;
#1487 = FACE_OUTER_BOUND ( 'NONE', #1691, .T. ) ;
#1488 = LINE ( 'NONE', #352, #482 ) ;
#1489 = VECTOR ( 'NONE', #1069, 39.37007874015748143 ) ;
#1490 = VERTEX_POINT ( 'NONE', #2149 ) ;
#1491 = DIRECTION ( 'NONE',  ( 0.8660254037844394848, 0.4999999999999984457, 0.000000000000000000 ) ) ;
#1492 = EDGE_CURVE ( 'NONE', #29, #1854, #55, .T. ) ;
#1493 = EDGE_LOOP ( 'NONE', ( #506, #2026, #570, #1300, #914 ) ) ;
#1494 = LINE ( 'NONE', #896, #921 ) ;
#1495 = DIRECTION ( 'NONE',  ( -0.000000000000000000, -0.000000000000000000, 1.000000000000000000 ) ) ;
#1496 = EDGE_CURVE ( 'NONE', #1677, #528, #429, .T. ) ;
#1497 = CARTESIAN_POINT ( 'NONE',  ( 0.05000000000000000278, -0.7300000000000000933, -0.1825000000000007450 ) ) ;
#1498 = EDGE_LOOP ( 'NONE', ( #247, #2176 ) ) ;
#1499 = LINE ( 'NONE', #1873, #1885 ) ;
#1500 = CARTESIAN_POINT ( 'NONE',  ( -0.04999999999999999584, 0.1577350269189623511, 0.2099999999999999367 ) ) ;
#1501 = VERTEX_POINT ( 'NONE', #605 ) ;
#1502 = DIRECTION ( 'NONE',  ( 0.000000000000000000, 0.000000000000000000, -1.000000000000000000 ) ) ;
#1503 = ORIENTED_EDGE ( 'NONE', *, *, #1429, .F. ) ;
#1504 = LINE ( 'NONE', #319, #1041 ) ;
#1505 = DIRECTION ( 'NONE',  ( -1.000000000000000000, 0.000000000000000000, 0.000000000000000000 ) ) ;
#1506 = CARTESIAN_POINT ( 'NONE',  ( 0.05000000000000000278, -0.7300000000000000933, -0.3175000000000007816 ) ) ;
#1507 = EDGE_CURVE ( 'NONE', #2090, #105, #601, .T. ) ;
#1508 = DIRECTION ( 'NONE',  ( 1.000000000000000000, -0.000000000000000000, 0.000000000000000000 ) ) ;
#1509 = EDGE_CURVE ( 'NONE', #1294, #1931, #419, .T. ) ;
#1510 = LINE ( 'NONE', #409, #807 ) ;
#1511 = ORIENTED_EDGE ( 'NONE', *, *, #1322, .T. ) ;
#1512 = FACE_OUTER_BOUND ( 'NONE', #882, .T. ) ;
#1513 = AXIS2_PLACEMENT_3D ( 'NONE', #2487, #732, #494 ) ;
#1514 = ORIENTED_EDGE ( 'NONE', *, *, #87, .F. ) ;
#1515 = VECTOR ( 'NONE', #1961, 39.37007874015748143 ) ;
#1516 = LINE ( 'NONE', #1949, #1642 ) ;
#1517 = CARTESIAN_POINT ( 'NONE',  ( 0.05000000000000000278, 0.5721948818897637512, 0.1249999999999995004 ) ) ;
#1518 = VECTOR ( 'NONE', #1235, 39.37007874015747433 ) ;
#1519 = DIRECTION ( 'NONE',  ( -0.08715574274765822138, -0.9961946980917455452, 0.000000000000000000 ) ) ;
#1520 = EDGE_CURVE ( 'NONE', #119, #389, #1966, .T. ) ;
#1521 = DIRECTION ( 'NONE',  ( -0.4472135954999571505, 0.7745966692414851806, 0.4472135954999557628 ) ) ;
#1522 = DIRECTION ( 'NONE',  ( 0.9961946980917454342, 0.08715574274765820750, 0.000000000000000000 ) ) ;
#1523 = DIRECTION ( 'NONE',  ( 0.000000000000000000, 0.9827858986008325415, -0.1847481461648645407 ) ) ;
#1524 = VECTOR ( 'NONE', #199, 39.37007874015748143 ) ;
#1525 = EDGE_CURVE ( 'NONE', #528, #29, #718, .T. ) ;
#1526 = ORIENTED_EDGE ( 'NONE', *, *, #548, .F. ) ;
#1527 = CARTESIAN_POINT ( 'NONE',  ( -0.1000000000000000056, -0.5409448818897638622, -0.3750000000000011102 ) ) ;
#1528 = CIRCLE ( 'NONE', #640, 0.1499999999999999944 ) ;
#1529 = CARTESIAN_POINT ( 'NONE',  ( -0.1000000000000000056, -0.6590551181102364264, -0.3750000000000011102 ) ) ;
#1530 = VECTOR ( 'NONE', #2150, 39.37007874015748143 ) ;
#1531 = ORIENTED_EDGE ( 'NONE', *, *, #1429, .T. ) ;
#1532 = CARTESIAN_POINT ( 'NONE',  ( 0.05000000000000000278, -0.6590551181102364264, -0.6250000000000000000 ) ) ;
#1533 = DIRECTION ( 'NONE',  ( -0.000000000000000000, -1.000000000000000000, -0.000000000000000000 ) ) ;
#1534 = ORIENTED_EDGE ( 'NONE', *, *, #814, .F. ) ;
#1535 = DIRECTION ( 'NONE',  ( -1.000000000000000000, 0.000000000000000000, 0.000000000000000000 ) ) ;
#1536 = LINE ( 'NONE', #1926, #1309 ) ;
#1537 = CARTESIAN_POINT ( 'NONE',  ( 0.05000000000000000278, -0.4734311846722880635, 0.2378969977985892770 ) ) ;
#1538 = DIRECTION ( 'NONE',  ( -1.000000000000000000, 0.000000000000000000, -0.000000000000000000 ) ) ;
#1539 = ORIENTED_EDGE ( 'NONE', *, *, #1293, .T. ) ;
#1540 = PLANE ( 'NONE',  #1006 ) ;
#1541 = DIMENSIONAL_EXPONENTS ( 1.000000000000000000, 0.000000000000000000, 0.000000000000000000, 0.000000000000000000, 0.000000000000000000, 0.000000000000000000, 0.000000000000000000 ) ;
#1542 = EDGE_CURVE ( 'NONE', #1207, #1011, #1408, .T. ) ;
#1543 = ORIENTED_EDGE ( 'NONE', *, *, #766, .T. ) ;
#1544 = FACE_OUTER_BOUND ( 'NONE', #382, .T. ) ;
#1545 = EDGE_CURVE ( 'NONE', #2065, #1602, #1610, .T. ) ;
#1546 = CARTESIAN_POINT ( 'NONE',  ( -0.1000000000000000056, 0.5409448818897638622, -0.6249999999999988898 ) ) ;
#1547 = VERTEX_POINT ( 'NONE', #2197 ) ;
#1548 = FACE_OUTER_BOUND ( 'NONE', #2286, .T. ) ;
#1549 = DIRECTION ( 'NONE',  ( 1.000000000000000000, 0.000000000000000000, 0.000000000000000000 ) ) ;
#1550 = LINE ( 'NONE', #2332, #1440 ) ;
#1551 = LINE ( 'NONE', #367, #844 ) ;
#1552 = ORIENTED_EDGE ( 'NONE', *, *, #938, .F. ) ;
#1553 = DIRECTION ( 'NONE',  ( 0.8660254037844394848, -0.4999999999999984457, 0.000000000000000000 ) ) ;
#1554 = CARTESIAN_POINT ( 'NONE',  ( 0.05000000000000000278, -0.6300000000000001155, -0.3175000000000006706 ) ) ;
#1555 = EDGE_CURVE ( 'NONE', #983, #606, #1504, .T. ) ;
#1556 = DIRECTION ( 'NONE',  ( 0.000000000000000000, 0.9723992881785433751, 0.2333230043306109280 ) ) ;
#1557 = AXIS2_PLACEMENT_3D ( 'NONE', #650, #659, #2009 ) ;
#1558 = LINE ( 'NONE', #2317, #1194 ) ;
#1559 = VECTOR ( 'NONE', #2108, 39.37007874015747433 ) ;
#1560 = ORIENTED_EDGE ( 'NONE', *, *, #2194, .F. ) ;
#1561 = EDGE_CURVE ( 'NONE', #1101, #915, #126, .T. ) ;
#1562 = PLANE ( 'NONE',  #906 ) ;
#1563 = AXIS2_PLACEMENT_3D ( 'NONE', #1969, #1208, #59 ) ;
#1564 = ORIENTED_EDGE ( 'NONE', *, *, #2096, .F. ) ;
#1565 = FACE_OUTER_BOUND ( 'NONE', #2442, .T. ) ;
#1566 = ORIENTED_EDGE ( 'NONE', *, *, #893, .T. ) ;
#1567 = CARTESIAN_POINT ( 'NONE',  ( -0.1000000000000000056, 0.5409448818897638622, -0.6249999999999988898 ) ) ;
#1568 = FACE_OUTER_BOUND ( 'NONE', #2183, .T. ) ;
#1569 = AXIS2_PLACEMENT_3D ( 'NONE', #270, #708, #1480 ) ;
#1570 = FACE_OUTER_BOUND ( 'NONE', #1217, .T. ) ;
#1571 = LINE ( 'NONE', #1781, #435 ) ;
#1572 = PRODUCT_RELATED_PRODUCT_CATEGORY ( 'part', '', ( #1652 ) ) ;
#1573 = VECTOR ( 'NONE', #380, 39.37007874015748143 ) ;
#1574 = VERTEX_POINT ( 'NONE', #1301 ) ;
#1575 = AXIS2_PLACEMENT_3D ( 'NONE', #2187, #806, #1611 ) ;
#1576 = EDGE_CURVE ( 'NONE', #1677, #1474, #1443, .T. ) ;
#1577 = VERTEX_POINT ( 'NONE', #1315 ) ;
#1578 = DIRECTION ( 'NONE',  ( -1.000000000000000000, -0.000000000000000000, -0.000000000000000000 ) ) ;
#1579 = EDGE_LOOP ( 'NONE', ( #2179, #2061, #2116, #1170 ) ) ;
#1580 = DIRECTION ( 'NONE',  ( -0.000000000000000000, 1.000000000000000000, -0.000000000000000000 ) ) ;
#1581 = DIRECTION ( 'NONE',  ( 0.9961946980917454342, 0.08715574274765820750, 0.000000000000000000 ) ) ;
#1582 = ORIENTED_EDGE ( 'NONE', *, *, #1861, .T. ) ;
#1583 = LINE ( 'NONE', #39, #560 ) ;
#1584 = CARTESIAN_POINT ( 'NONE',  ( -0.05000000000000000278, 0.5721948818897637512, 0.1249999999999995004 ) ) ;
#1585 = EDGE_LOOP ( 'NONE', ( #842, #1878, #1948, #1484 ) ) ;
#1586 = CARTESIAN_POINT ( 'NONE',  ( 0.05000000000000000278, 0.7300000000000000933, -0.3175000000000007816 ) ) ;
#1587 = ADVANCED_FACE ( 'NONE', ( #838 ), #534, .T. ) ;
#1588 = CARTESIAN_POINT ( 'NONE',  ( -0.05000000000000000278, 0.6300000000000001155, -0.1825000000000007450 ) ) ;
#1589 = ORIENTED_EDGE ( 'NONE', *, *, #1214, .F. ) ;
#1590 = ORIENTED_EDGE ( 'NONE', *, *, #2027, .T. ) ;
#1591 = EDGE_CURVE ( 'NONE', #1574, #594, #1494, .T. ) ;
#1592 = CYLINDRICAL_SURFACE ( 'NONE', #549, 0.1000000000000000194 ) ;
#1593 = ORIENTED_EDGE ( 'NONE', *, *, #2356, .F. ) ;
#1594 = DIRECTION ( 'NONE',  ( 0.000000000000000000, 0.000000000000000000, -1.000000000000000000 ) ) ;
#1595 = CARTESIAN_POINT ( 'NONE',  ( 0.05000000000000000278, -0.3750000000000000555, -0.1250000000000000000 ) ) ;
#1596 = VERTEX_POINT ( 'NONE', #2262 ) ;
#1597 = CARTESIAN_POINT ( 'NONE',  ( -0.1000000000000000056, 0.6590551181102364264, -0.1249999999999989037 ) ) ;
#1598 = CARTESIAN_POINT ( 'NONE',  ( -0.1000000000000000056, 0.6590551181102364264, -0.6249999999999988898 ) ) ;
#1599 = AXIS2_PLACEMENT_3D ( 'NONE', #1807, #1051, #2218 ) ;
#1600 = CIRCLE ( 'NONE', #710, 0.1499999999999999944 ) ;
#1601 = ORIENTED_EDGE ( 'NONE', *, *, #1496, .T. ) ;
#1602 = VERTEX_POINT ( 'NONE', #2010 ) ;
#1603 = ADVANCED_FACE ( 'NONE', ( #651 ), #2240, .T. ) ;
#1604 = VERTEX_POINT ( 'NONE', #2066 ) ;
#1605 = DIRECTION ( 'NONE',  ( 0.000000000000000000, 0.000000000000000000, -1.000000000000000000 ) ) ;
#1606 = CARTESIAN_POINT ( 'NONE',  ( -0.1000000000000000056, 0.6590551181102364264, 0.1249999999999988898 ) ) ;
#1607 = VECTOR ( 'NONE', #44, 39.37007874015748854 ) ;
#1608 = VECTOR ( 'NONE', #2431, 39.37007874015748143 ) ;
#1609 = CARTESIAN_POINT ( 'NONE',  ( -0.1681102362204724698, -0.6530962445708722308, -0.3750000000000011102 ) ) ;
#1610 = LINE ( 'NONE', #1868, #404 ) ;
#1611 = DIRECTION ( 'NONE',  ( -0.8660254037844394848, 0.4999999999999984457, 0.000000000000000000 ) ) ;
#1612 = EDGE_LOOP ( 'NONE', ( #1097, #2387, #2232, #272, #574 ) ) ;
#1613 = PLANE ( 'NONE',  #364 ) ;
#1614 = EDGE_CURVE ( 'NONE', #1931, #2012, #1087, .T. ) ;
#1615 = LINE ( 'NONE', #2377, #76 ) ;
#1616 = DIRECTION ( 'NONE',  ( 1.000000000000000000, 0.000000000000000000, 0.000000000000000000 ) ) ;
#1617 = ORIENTED_EDGE ( 'NONE', *, *, #1988, .F. ) ;
#1618 = EDGE_CURVE ( 'NONE', #2217, #1860, #2371, .T. ) ;
#1619 = DIRECTION ( 'NONE',  ( 0.000000000000000000, 0.000000000000000000, 1.000000000000000000 ) ) ;
#1620 = DIRECTION ( 'NONE',  ( 0.9924325091389671893, 0.08682659386424765313, -0.08682659386424765313 ) ) ;
#1621 = CARTESIAN_POINT ( 'NONE',  ( -0.1000000000000000056, 0.6590551181102364264, 0.1249999999999988898 ) ) ;
#1622 = ORIENTED_EDGE ( 'NONE', *, *, #985, .T. ) ;
#1623 = CARTESIAN_POINT ( 'NONE',  ( -0.05000000000000000278, -0.6590551181102364264, 0.1249999999999988898 ) ) ;
#1624 = CARTESIAN_POINT ( 'NONE',  ( 0.05000000000000000278, 0.7300000000000000933, -0.1825000000000007450 ) ) ;
#1625 = ORIENTED_EDGE ( 'NONE', *, *, #2414, .F. ) ;
#1626 = DIRECTION ( 'NONE',  ( 0.000000000000000000, 0.000000000000000000, -1.000000000000000000 ) ) ;
#1627 = EDGE_CURVE ( 'NONE', #1101, #867, #1225, .T. ) ;
#1628 = ORIENTED_EDGE ( 'NONE', *, *, #802, .F. ) ;
#1629 = DIRECTION ( 'NONE',  ( 0.000000000000000000, 0.000000000000000000, -1.000000000000000000 ) ) ;
#1630 = EDGE_CURVE ( 'NONE', #626, #1, #156, .T. ) ;
#1631 = DIRECTION ( 'NONE',  ( -0.08715574274765822138, 0.000000000000000000, -0.9961946980917455452 ) ) ;
#1632 = AXIS2_PLACEMENT_3D ( 'NONE', #1318, #1748, #2474 ) ;
#1633 = ORIENTED_EDGE ( 'NONE', *, *, #2194, .T. ) ;
#1634 = VECTOR ( 'NONE', #1654, 39.37007874015748854 ) ;
#1635 = ORIENTED_EDGE ( 'NONE', *, *, #169, .F. ) ;
#1636 = PLANE ( 'NONE',  #954 ) ;
#1637 = CARTESIAN_POINT ( 'NONE',  ( 0.05000000000000000278, -0.6590551181102364264, -0.6250000000000000000 ) ) ;
#1638 = VECTOR ( 'NONE', #1580, 39.37007874015748143 ) ;
#1639 = VERTEX_POINT ( 'NONE', #346 ) ;
#1640 = CARTESIAN_POINT ( 'NONE',  ( -0.05000000000000000278, -0.6590551181102364264, -0.3750000000000011102 ) ) ;
#1641 = PLANE ( 'NONE',  #627 ) ;
#1642 = VECTOR ( 'NONE', #2327, 39.37007874015748143 ) ;
#1643 = EDGE_CURVE ( 'NONE', #550, #1803, #1997, .T. ) ;
#1644 = CIRCLE ( 'NONE', #2089, 0.06155511999999996320 ) ;
#1645 = EDGE_LOOP ( 'NONE', ( #193, #1700, #2290, #611 ) ) ;
#1646 = ORIENTED_EDGE ( 'NONE', *, *, #521, .F. ) ;
#1647 = FACE_OUTER_BOUND ( 'NONE', #1645, .T. ) ;
#1648 = EDGE_CURVE ( 'NONE', #1860, #329, #523, .T. ) ;
#1649 = CARTESIAN_POINT ( 'NONE',  ( -0.04000000000000000083, -0.6300000000000001155, -0.1825000000000007450 ) ) ;
#1650 = ORIENTED_EDGE ( 'NONE', *, *, #1426, .F. ) ;
#1651 = CARTESIAN_POINT ( 'NONE',  ( 0.05000000000000000278, -0.6300000000000001155, -0.3175000000000006706 ) ) ;
#1652 = PRODUCT ( '4thStageStartCapV3', '4thStageStartCapV3', '', ( #308 ) ) ;
#1653 = ORIENTED_EDGE ( 'NONE', *, *, #618, .F. ) ;
#1654 = DIRECTION ( 'NONE',  ( 0.000000000000000000, 0.9925251917436932469, 0.1220399268851989627 ) ) ;
#1655 = DIRECTION ( 'NONE',  ( -1.000000000000000000, -0.000000000000000000, -0.000000000000000000 ) ) ;
#1656 = EDGE_LOOP ( 'NONE', ( #1010, #2250, #1209, #1330 ) ) ;
#1657 = EDGE_CURVE ( 'NONE', #1, #421, #81, .T. ) ;
#1658 = EDGE_LOOP ( 'NONE', ( #1021, #676, #49, #285 ) ) ;
#1659 = CARTESIAN_POINT ( 'NONE',  ( -0.05000000000000000278, -0.5721948818897637512, 0.06344487999999953720 ) ) ;
#1660 = EDGE_CURVE ( 'NONE', #929, #2335, #1112, .T. ) ;
#1661 = VERTEX_POINT ( 'NONE', #910 ) ;
#1662 = CARTESIAN_POINT ( 'NONE',  ( -0.1000000000000000056, -0.5409448818897638622, 0.1249999999999988898 ) ) ;
#1663 = DIMENSIONAL_EXPONENTS ( 1.000000000000000000, 0.000000000000000000, 0.000000000000000000, 0.000000000000000000, 0.000000000000000000, 0.000000000000000000, 0.000000000000000000 ) ;
#1664 = CARTESIAN_POINT ( 'NONE',  ( 0.05000000000000000278, -0.4734311846722880635, 0.2378969977985892770 ) ) ;
#1665 = VERTEX_POINT ( 'NONE', #1682 ) ;
#1666 = CARTESIAN_POINT ( 'NONE',  ( -0.1000000000000000056, 0.5409448818897638622, -0.1249999999999989037 ) ) ;
#1667 = DIRECTION ( 'NONE',  ( -0.8660254037844394848, 0.4999999999999985567, 0.000000000000000000 ) ) ;
#1668 = AXIS2_PLACEMENT_3D ( 'NONE', #224, #992, #1334 ) ;
#1669 = PLANE ( 'NONE',  #1471 ) ;
#1670 = ORIENTED_EDGE ( 'NONE', *, *, #1892, .T. ) ;
#1671 = VERTEX_POINT ( 'NONE', #660 ) ;
#1672 = CARTESIAN_POINT ( 'NONE',  ( 0.05000000000000000278, -0.7282785898600834251, -0.1640251853835143214 ) ) ;
#1673 = VECTOR ( 'NONE', #1482, 39.37007874015748143 ) ;
#1674 = PLANE ( 'NONE',  #2397 ) ;
#1675 = EDGE_CURVE ( 'NONE', #815, #1665, #1003, .T. ) ;
#1676 = VECTOR ( 'NONE', #505, 39.37007874015748143 ) ;
#1677 = VERTEX_POINT ( 'NONE', #191 ) ;
#1678 =( GEOMETRIC_REPRESENTATION_CONTEXT ( 3 ) GLOBAL_UNCERTAINTY_ASSIGNED_CONTEXT ( ( #669 ) ) GLOBAL_UNIT_ASSIGNED_CONTEXT ( ( #2394, #2407, #2180 ) ) REPRESENTATION_CONTEXT ( 'NONE', 'WORKASPACE' ) );
#1679 = EDGE_CURVE ( 'NONE', #190, #57, #2303, .T. ) ;
#1680 = DIRECTION ( 'NONE',  ( 1.000000000000000000, 0.000000000000000000, 0.000000000000000000 ) ) ;
#1681 = ORIENTED_EDGE ( 'NONE', *, *, #1226, .T. ) ;
#1682 = CARTESIAN_POINT ( 'NONE',  ( -0.05000000000000000278, 0.6337500018897638254, 0.1249999999999988898 ) ) ;
#1683 = CARTESIAN_POINT ( 'NONE',  ( -0.1681102362204724698, 0.6590551181102364264, -0.1190411264606347774 ) ) ;
#1684 = CARTESIAN_POINT ( 'NONE',  ( -0.1000000000000000056, -0.6590551181102364264, 0.1249999999999988898 ) ) ;
#1685 = VERTEX_POINT ( 'NONE', #1160 ) ;
#1686 = VECTOR ( 'NONE', #2448, 39.37007874015748143 ) ;
#1687 = ORIENTED_EDGE ( 'NONE', *, *, #1925, .T. ) ;
#1688 = DIRECTION ( 'NONE',  ( 1.000000000000000000, -0.000000000000000000, -0.000000000000000000 ) ) ;
#1689 = PLANE ( 'NONE',  #78 ) ;
#1690 = CIRCLE ( 'NONE', #2475, 0.06155511999999996320 ) ;
#1691 = EDGE_LOOP ( 'NONE', ( #2171, #2354, #1446, #1653, #1119, #1993, #2023, #1900, #2053, #730, #2144, #22, #357, #738, #2265, #469, #1156, #1252, #2324, #2050, #219, #75, #1957, #1349, #1447, #1420 ) ) ;
#1692 = VECTOR ( 'NONE', #1875, 39.37007874015748143 ) ;
#1693 = PLANE ( 'NONE',  #2006 ) ;
#1694 = ORIENTED_EDGE ( 'NONE', *, *, #830, .T. ) ;
#1695 = EDGE_CURVE ( 'NONE', #1803, #1128, #2316, .T. ) ;
#1696 = CARTESIAN_POINT ( 'NONE',  ( -0.1000000000000000056, 0.5409448818897638622, -0.1249999999999989037 ) ) ;
#1697 = LINE ( 'NONE', #1683, #2231 ) ;
#1698 = EDGE_CURVE ( 'NONE', #456, #1346, #1081, .T. ) ;
#1699 = PLANE ( 'NONE',  #950 ) ;
#1700 = ORIENTED_EDGE ( 'NONE', *, *, #2302, .T. ) ;
#1701 = FACE_BOUND ( 'NONE', #1840, .T. ) ;
#1702 = DIRECTION ( 'NONE',  ( -0.7071067811865462405, 0.5436002090265862341, 0.4522154494776287614 ) ) ;
#1703 = ORIENTED_EDGE ( 'NONE', *, *, #121, .F. ) ;
#1704 = CARTESIAN_POINT ( 'NONE',  ( -0.1000000000000000056, 0.5409448818897638622, -0.3750000000000011102 ) ) ;
#1705 = EDGE_LOOP ( 'NONE', ( #34, #1281, #576, #2401 ) ) ;
#1706 = DIRECTION ( 'NONE',  ( -0.6252890774214728831, -0.1820836894291130992, -0.7588538065406837951 ) ) ;
#1707 = CARTESIAN_POINT ( 'NONE',  ( -0.05000000000000000278, 0.5721948818897637512, 0.2749999999999995226 ) ) ;
#1708 = EDGE_CURVE ( 'NONE', #296, #1596, #558, .T. ) ;
#1709 = LINE ( 'NONE', #1139, #2268 ) ;
#1710 = ADVANCED_FACE ( 'NONE', ( #1544 ), #2472, .T. ) ;
#1711 = EDGE_LOOP ( 'NONE', ( #533, #1269, #2305, #1552 ) ) ;
#1712 = CARTESIAN_POINT ( 'NONE',  ( -0.05000000000000000278, -0.6911289424269322357, 0.03359601078650215761 ) ) ;
#1713 = DIRECTION ( 'NONE',  ( 0.000000000000000000, -0.1847481461648645129, -0.9827858986008324305 ) ) ;
#1714 = ORIENTED_EDGE ( 'NONE', *, *, #1386, .T. ) ;
#1715 = CARTESIAN_POINT ( 'NONE',  ( 0.05999999999999994227, 0.1173205080756887508, 0.2500000000000000555 ) ) ;
#1716 = VECTOR ( 'NONE', #1783, 39.37007874015748143 ) ;
#1717 = DIRECTION ( 'NONE',  ( -0.08715574274765822138, -0.9961946980917455452, 0.000000000000000000 ) ) ;
#1718 = EDGE_LOOP ( 'NONE', ( #2159, #855, #1233, #1145, #214 ) ) ;
#1719 = AXIS2_PLACEMENT_3D ( 'NONE', #316, #1853, #125 ) ;
#1720 = LINE ( 'NONE', #220, #158 ) ;
#1721 = LINE ( 'NONE', #374, #467 ) ;
#1722 = AXIS2_PLACEMENT_3D ( 'NONE', #1825, #869, #683 ) ;
#1723 = CARTESIAN_POINT ( 'NONE',  ( -0.05000000000000000278, 0.000000000000000000, 0.000000000000000000 ) ) ;
#1724 = CARTESIAN_POINT ( 'NONE',  ( 0.05000000000000000278, 0.3750000000000000555, 0.2500000000000000555 ) ) ;
#1725 = EDGE_CURVE ( 'NONE', #1574, #2246, #1733, .T. ) ;
#1726 = FACE_BOUND ( 'NONE', #1498, .T. ) ;
#1727 = DIRECTION ( 'NONE',  ( 0.000000000000000000, 0.6395292217659064304, -0.7687667881142460358 ) ) ;
#1728 = AXIS2_PLACEMENT_3D ( 'NONE', #2352, #1578, #225 ) ;
#1729 = ORIENTED_EDGE ( 'NONE', *, *, #2214, .F. ) ;
#1730 = ADVANCED_FACE ( 'NONE', ( #1570 ), #948, .T. ) ;
#1731 = DIRECTION ( 'NONE',  ( 0.000000000000000000, 0.000000000000000000, 1.000000000000000000 ) ) ;
#1732 = FACE_OUTER_BOUND ( 'NONE', #2419, .T. ) ;
#1733 = LINE ( 'NONE', #571, #196 ) ;
#1734 = DIRECTION ( 'NONE',  ( 1.000000000000000000, 0.000000000000000000, 0.000000000000000000 ) ) ;
#1735 = VERTEX_POINT ( 'NONE', #2136 ) ;
#1736 = PLANE ( 'NONE',  #1513 ) ;
#1737 = CARTESIAN_POINT ( 'NONE',  ( -0.05000000000000000278, 0.7282785898600834251, -0.1640251853835143214 ) ) ;
#1738 = CARTESIAN_POINT ( 'NONE',  ( -0.05000000000000000278, -0.7282785898600834251, -0.1640251853835143214 ) ) ;
#1739 = CARTESIAN_POINT ( 'NONE',  ( 0.05000000000000000278, 0.08929587240958898609, 0.07428432220529984642 ) ) ;
#1740 = EDGE_CURVE ( 'NONE', #296, #2090, #383, .T. ) ;
#1741 = VERTEX_POINT ( 'NONE', #583 ) ;
#1742 = ADVANCED_FACE ( 'NONE', ( #373 ), #2123, .F. ) ;
#1743 = CARTESIAN_POINT ( 'NONE',  ( -0.1000000000000000056, 0.6590551181102364264, -0.3750000000000011102 ) ) ;
#1744 = ORIENTED_EDGE ( 'NONE', *, *, #2434, .T. ) ;
#1745 = CARTESIAN_POINT ( 'NONE',  ( -0.05000000000000000278, 0.6600000000000002531, -0.2362497237036106090 ) ) ;
#1746 = CARTESIAN_POINT ( 'NONE',  ( -0.05000000000000000278, 0.1249999999999999029, -0.1250000000000000000 ) ) ;
#1747 = ORIENTED_EDGE ( 'NONE', *, *, #1971, .F. ) ;
#1748 = DIRECTION ( 'NONE',  ( -1.000000000000000000, -0.000000000000000000, -0.000000000000000000 ) ) ;
#1749 = ORIENTED_EDGE ( 'NONE', *, *, #2479, .F. ) ;
#1750 = DIRECTION ( 'NONE',  ( -1.000000000000000000, -0.000000000000000000, -0.000000000000000000 ) ) ;
#1751 = EDGE_LOOP ( 'NONE', ( #727, #1851, #202, #2112 ) ) ;
#1752 = DIRECTION ( 'NONE',  ( -0.000000000000000000, 1.000000000000000000, 0.000000000000000000 ) ) ;
#1753 = ADVANCED_FACE ( 'NONE', ( #178 ), #759, .F. ) ;
#1754 = CARTESIAN_POINT ( 'NONE',  ( -0.05000000000000000278, 0.6590551181102364264, 0.1249999999999988898 ) ) ;
#1755 = DIRECTION ( 'NONE',  ( 0.000000000000000000, 0.000000000000000000, -1.000000000000000000 ) ) ;
#1756 = EDGE_LOOP ( 'NONE', ( #2017, #2402, #500, #2366, #2055 ) ) ;
#1757 = EDGE_CURVE ( 'NONE', #260, #983, #797, .T. ) ;
#1758 = CARTESIAN_POINT ( 'NONE',  ( -0.1000000000000000056, 0.5409448818897638622, -0.3750000000000011102 ) ) ;
#1759 = DIRECTION ( 'NONE',  ( 0.000000000000000000, 1.000000000000000000, 0.000000000000000000 ) ) ;
#1760 = CIRCLE ( 'NONE', #1271, 0.1499999999999999944 ) ;
#1761 = CIRCLE ( 'NONE', #593, 0.1499999999999999944 ) ;
#1762 = CARTESIAN_POINT ( 'NONE',  ( 0.05000000000000000278, -0.6617343760157078369, -0.6138338979364613701 ) ) ;
#1763 = CARTESIAN_POINT ( 'NONE',  ( 0.05000000000000000278, 0.6300000000000001155, -0.1825000000000007450 ) ) ;
#1764 = ORIENTED_EDGE ( 'NONE', *, *, #1226, .F. ) ;
#1765 = AXIS2_PLACEMENT_3D ( 'NONE', #2296, #1347, #1154 ) ;
#1766 = CARTESIAN_POINT ( 'NONE',  ( -0.1681102362204724698, -0.5469037554291279468, -0.6190411264606348052 ) ) ;
#1767 = AXIS2_PLACEMENT_3D ( 'NONE', #1879, #2392, #682 ) ;
#1768 = FACE_OUTER_BOUND ( 'NONE', #401, .T. ) ;
#1769 = PLANE ( 'NONE',  #748 ) ;
#1770 = AXIS2_PLACEMENT_3D ( 'NONE', #1380, #167, #745 ) ;
#1771 = EDGE_CURVE ( 'NONE', #2447, #973, #1528, .T. ) ;
#1772 = ORIENTED_EDGE ( 'NONE', *, *, #504, .F. ) ;
#1773 = AXIS2_PLACEMENT_3D ( 'NONE', #1649, #1283, #2374 ) ;
#1774 = EDGE_CURVE ( 'NONE', #1431, #1975, #1720, .T. ) ;
#1775 = LINE ( 'NONE', #234, #1354 ) ;
#1776 = CARTESIAN_POINT ( 'NONE',  ( -0.1000000000000000056, -0.6590551181102364264, 0.1249999999999988898 ) ) ;
#1777 = EDGE_LOOP ( 'NONE', ( #1703, #652, #662, #1050 ) ) ;
#1778 = ORIENTED_EDGE ( 'NONE', *, *, #246, .F. ) ;
#1779 = DIRECTION ( 'NONE',  ( -0.000000000000000000, -0.000000000000000000, 1.000000000000000000 ) ) ;
#1780 = VERTEX_POINT ( 'NONE', #987 ) ;
#1781 = CARTESIAN_POINT ( 'NONE',  ( 0.3113392047374154425, -0.7378361476751287285, -0.2966713926659150791 ) ) ;
#1782 = ORIENTED_EDGE ( 'NONE', *, *, #2343, .F. ) ;
#1783 = DIRECTION ( 'NONE',  ( 0.000000000000000000, 4.966896545892427435E-15, 1.000000000000000000 ) ) ;
#1784 = CYLINDRICAL_SURFACE ( 'NONE', #1728, 0.1000000000000000194 ) ;
#1785 = EDGE_CURVE ( 'NONE', #416, #1367, #1516, .T. ) ;
#1786 = ORIENTED_EDGE ( 'NONE', *, *, #1984, .T. ) ;
#1787 = DIRECTION ( 'NONE',  ( 0.000000000000000000, 1.000000000000000000, 0.000000000000000000 ) ) ;
#1788 = ORIENTED_EDGE ( 'NONE', *, *, #1896, .F. ) ;
#1789 = LINE ( 'NONE', #2359, #1043 ) ;
#1790 = CARTESIAN_POINT ( 'NONE',  ( 0.05000000000000000278, 0.6911289424269322357, 0.03359601078650210904 ) ) ;
#1791 = ORIENTED_EDGE ( 'NONE', *, *, #1046, .F. ) ;
#1792 = VECTOR ( 'NONE', #1427, 39.37007874015748143 ) ;
#1793 = VECTOR ( 'NONE', #975, 39.37007874015748143 ) ;
#1794 = LINE ( 'NONE', #1586, #388 ) ;
#1795 = CARTESIAN_POINT ( 'NONE',  ( -0.1681102362204724698, -0.6530962445708722308, -0.1190411264606347774 ) ) ;
#1796 = AXIS2_PLACEMENT_3D ( 'NONE', #321, #90, #671 ) ;
#1797 = EDGE_LOOP ( 'NONE', ( #831, #1633, #703, #665 ) ) ;
#1798 = ADVANCED_FACE ( 'NONE', ( #9 ), #963, .F. ) ;
#1799 = ORIENTED_EDGE ( 'NONE', *, *, #1184, .T. ) ;
#1800 = FACE_OUTER_BOUND ( 'NONE', #628, .T. ) ;
#1801 = CARTESIAN_POINT ( 'NONE',  ( 0.05000000000000000278, 0.4734311846722880635, 0.2378969977985892770 ) ) ;
#1802 = ADVANCED_FACE ( 'NONE', ( #1342 ), #2276, .F. ) ;
#1803 = VERTEX_POINT ( 'NONE', #279 ) ;
#1804 = CIRCLE ( 'NONE', #2242, 0.1499999999999999944 ) ;
#1805 = ORIENTED_EDGE ( 'NONE', *, *, #1520, .F. ) ;
#1806 = VECTOR ( 'NONE', #920, 39.37007874015747433 ) ;
#1807 = CARTESIAN_POINT ( 'NONE',  ( -0.05000000000000000278, -0.5721948818897637512, 0.1249999999999995004 ) ) ;
#1808 = CARTESIAN_POINT ( 'NONE',  ( 0.05000000000000000278, 0.7300000000000000933, -0.3175000000000007816 ) ) ;
#1809 = DIRECTION ( 'NONE',  ( -0.000000000000000000, -0.000000000000000000, 1.000000000000000000 ) ) ;
#1810 = VERTEX_POINT ( 'NONE', #50 ) ;
#1811 = DIRECTION ( 'NONE',  ( -0.000000000000000000, 0.000000000000000000, 1.000000000000000000 ) ) ;
#1812 = VERTEX_POINT ( 'NONE', #1436 ) ;
#1813 = CARTESIAN_POINT ( 'NONE',  ( -0.05000000000000000278, -0.3750000000000000555, 0.2500000000000000555 ) ) ;
#1814 = EDGE_CURVE ( 'NONE', #1671, #1361, #1424, .T. ) ;
#1815 = CYLINDRICAL_SURFACE ( 'NONE', #707, 0.06155512000000001871 ) ;
#1816 = CARTESIAN_POINT ( 'NONE',  ( 0.05000000000000000278, -0.5721948818897637512, 0.2749999999999995226 ) ) ;
#1817 = APPLICATION_PROTOCOL_DEFINITION ( 'draft international standard', 'automotive_design', 1998, #2122 ) ;
#1818 = ORIENTED_EDGE ( 'NONE', *, *, #169, .T. ) ;
#1819 = ORIENTED_EDGE ( 'NONE', *, *, #2139, .T. ) ;
#1820 = CARTESIAN_POINT ( 'NONE',  ( 0.05000000000000000278, -0.3750000000000000555, 0.2500000000000000555 ) ) ;
#1821 = CARTESIAN_POINT ( 'NONE',  ( -0.1000000000000000056, -0.5409448818897638622, -0.6249999999999988898 ) ) ;
#1822 = ORIENTED_EDGE ( 'NONE', *, *, #750, .T. ) ;
#1823 = CARTESIAN_POINT ( 'NONE',  ( -0.04999999999999999584, -0.1577350269189623511, 0.1318897637795275746 ) ) ;
#1824 = APPLICATION_CONTEXT ( 'automotive_design' ) ;
#1825 = CARTESIAN_POINT ( 'NONE',  ( -0.05000000000000000278, 0.6000000000000001998, -0.2362497237036106090 ) ) ;
#1826 = EDGE_CURVE ( 'NONE', #342, #1189, #1690, .T. ) ;
#1827 = AXIS2_PLACEMENT_3D ( 'NONE', #1597, #1631, #1985 ) ;
#1828 = CARTESIAN_POINT ( 'NONE',  ( 0.05000000000000000278, 0.1000000000000000056, 0.1318897637795275746 ) ) ;
#1829 = DIRECTION ( 'NONE',  ( -1.000000000000000000, 0.000000000000000000, -0.000000000000000000 ) ) ;
#1830 = AXIS2_PLACEMENT_3D ( 'NONE', #575, #1519, #170 ) ;
#1831 = EDGE_LOOP ( 'NONE', ( #1213, #444, #2003, #1163 ) ) ;
#1832 = AXIS2_PLACEMENT_3D ( 'NONE', #413, #756, #229 ) ;
#1833 = VERTEX_POINT ( 'NONE', #2169 ) ;
#1834 = PLANE ( 'NONE',  #1077 ) ;
#1835 = PLANE ( 'NONE',  #1773 ) ;
#1836 = VECTOR ( 'NONE', #300, 39.37007874015748143 ) ;
#1837 = ORIENTED_EDGE ( 'NONE', *, *, #1679, .F. ) ;
#1838 = DIRECTION ( 'NONE',  ( 0.000000000000000000, -0.2333230043306109003, -0.9723992881785432640 ) ) ;
#1839 = DIRECTION ( 'NONE',  ( -0.6094796352690593499, 0.7928017243878159315, -0.000000000000000000 ) ) ;
#1840 = EDGE_LOOP ( 'NONE', ( #959, #996, #1218, #2138, #12 ) ) ;
#1841 = EDGE_CURVE ( 'NONE', #70, #1128, #436, .T. ) ;
#1842 = VECTOR ( 'NONE', #442, 39.37007874015748143 ) ;
#1843 = DIRECTION ( 'NONE',  ( 1.000000000000000000, 0.000000000000000000, 0.000000000000000000 ) ) ;
#1844 = VECTOR ( 'NONE', #1221, 39.37007874015748143 ) ;
#1845 = EDGE_CURVE ( 'NONE', #2358, #1547, #833, .T. ) ;
#1846 = VECTOR ( 'NONE', #1731, 39.37007874015748143 ) ;
#1847 = ORIENTED_EDGE ( 'NONE', *, *, #182, .T. ) ;
#1848 = VERTEX_POINT ( 'NONE', #634 ) ;
#1849 = LINE ( 'NONE', #1623, #2273 ) ;
#1850 = LINE ( 'NONE', #692, #644 ) ;
#1851 = ORIENTED_EDGE ( 'NONE', *, *, #246, .T. ) ;
#1852 = DIRECTION ( 'NONE',  ( -1.000000000000000000, -0.000000000000000000, -0.000000000000000000 ) ) ;
#1853 = DIRECTION ( 'NONE',  ( 1.000000000000000000, 0.000000000000000000, 0.000000000000000000 ) ) ;
#1854 = VERTEX_POINT ( 'NONE', #1210 ) ;
#1855 = DIRECTION ( 'NONE',  ( 0.000000000000000000, 1.000000000000000000, 0.000000000000000000 ) ) ;
#1856 = CARTESIAN_POINT ( 'NONE',  ( -0.2544517103295134142, -0.1409476365140902576, -0.1250000000000000000 ) ) ;
#1857 = DIRECTION ( 'NONE',  ( 1.000000000000000000, 0.000000000000000000, 0.000000000000000000 ) ) ;
#1858 =( LENGTH_UNIT ( ) NAMED_UNIT ( * ) SI_UNIT ( $, .METRE. ) );
#1859 = ORIENTED_EDGE ( 'NONE', *, *, #117, .F. ) ;
#1860 = VERTEX_POINT ( 'NONE', #1981 ) ;
#1861 = EDGE_CURVE ( 'NONE', #2335, #2080, #809, .T. ) ;
#1862 = DIRECTION ( 'NONE',  ( 0.000000000000000000, 0.000000000000000000, 1.000000000000000000 ) ) ;
#1863 = CYLINDRICAL_SURFACE ( 'NONE', #2326, 0.1500000000000000222 ) ;
#1864 = EDGE_LOOP ( 'NONE', ( #239, #763, #600, #1416, #1344 ) ) ;
#1865 = CARTESIAN_POINT ( 'NONE',  ( -0.05000000000000000278, -0.5409448818897638622, -0.3750000000000011102 ) ) ;
#1866 = FACE_OUTER_BOUND ( 'NONE', #1937, .T. ) ;
#1867 = ORIENTED_EDGE ( 'NONE', *, *, #769, .T. ) ;
#1868 = CARTESIAN_POINT ( 'NONE',  ( -0.1000000000000000056, 0.5409448818897638622, -0.3750000000000011102 ) ) ;
#1869 = LINE ( 'NONE', #559, #1559 ) ;
#1870 = CARTESIAN_POINT ( 'NONE',  ( -0.1000000000000000056, 0.5409448818897638622, -0.1249999999999989037 ) ) ;
#1871 = ORIENTED_EDGE ( 'NONE', *, *, #1058, .F. ) ;
#1872 = ORIENTED_EDGE ( 'NONE', *, *, #1492, .T. ) ;
#1873 = CARTESIAN_POINT ( 'NONE',  ( -0.05000000000000000278, 0.5409448818897638622, 0.1249999999999988898 ) ) ;
#1874 = VECTOR ( 'NONE', #928, 39.37007874015748143 ) ;
#1875 = DIRECTION ( 'NONE',  ( 0.000000000000000000, 1.000000000000000000, 0.000000000000000000 ) ) ;
#1876 = EDGE_CURVE ( 'NONE', #1735, #1833, #265, .T. ) ;
#1877 = AXIS2_PLACEMENT_3D ( 'NONE', #1355, #724, #334 ) ;
#1878 = ORIENTED_EDGE ( 'NONE', *, *, #217, .T. ) ;
#1879 = CARTESIAN_POINT ( 'NONE',  ( -0.05000000000000000278, 0.5721948818897637512, 0.1249999999999995004 ) ) ;
#1880 = AXIS2_PLACEMENT_3D ( 'NONE', #1067, #2201, #714 ) ;
#1881 = EDGE_CURVE ( 'NONE', #1451, #1367, #1583, .T. ) ;
#1882 = DIRECTION ( 'NONE',  ( 1.000000000000000000, 0.000000000000000000, 0.000000000000000000 ) ) ;
#1883 = CARTESIAN_POINT ( 'NONE',  ( -0.05000000000000000278, -0.5409448818897638622, -0.3750000000000011102 ) ) ;
#1884 = CARTESIAN_POINT ( 'NONE',  ( -0.05000000000000000278, -0.5721948818897637512, 0.06344487999999953720 ) ) ;
#1885 = VECTOR ( 'NONE', #2258, 39.37007874015748143 ) ;
#1886 = ORIENTED_EDGE ( 'NONE', *, *, #876, .T. ) ;
#1887 = LINE ( 'NONE', #2087, #557 ) ;
#1888 = CYLINDRICAL_SURFACE ( 'NONE', #2008, 0.1500000000000000222 ) ;
#1889 = VECTOR ( 'NONE', #412, 39.37007874015748143 ) ;
#1890 = EDGE_LOOP ( 'NONE', ( #2147, #741, #2295, #2353 ) ) ;
#1891 = AXIS2_PLACEMENT_3D ( 'NONE', #173, #1523, #1713 ) ;
#1892 = EDGE_CURVE ( 'NONE', #1665, #261, #803, .T. ) ;
#1893 = CARTESIAN_POINT ( 'NONE',  ( -0.1000000000000000056, 0.6590551181102364264, -0.6249999999999988898 ) ) ;
#1894 = LINE ( 'NONE', #1071, #430 ) ;
#1895 = ORIENTED_EDGE ( 'NONE', *, *, #1774, .F. ) ;
#1896 = EDGE_CURVE ( 'NONE', #1387, #1661, #1615, .T. ) ;
#1897 = CARTESIAN_POINT ( 'NONE',  ( 0.05000000000000000278, 0.6300000000000001155, -0.1825000000000007450 ) ) ;
#1898 = CARTESIAN_POINT ( 'NONE',  ( -0.05000000000000000278, -0.5409448818897638622, -0.6250000000000000000 ) ) ;
#1899 = CARTESIAN_POINT ( 'NONE',  ( -0.05000000000000000278, -0.1808290376865474836, 0.2500000000000000555 ) ) ;
#1900 = ORIENTED_EDGE ( 'NONE', *, *, #356, .F. ) ;
#1901 = CARTESIAN_POINT ( 'NONE',  ( -0.1000000000000000056, 0.6590551181102364264, -0.3750000000000011102 ) ) ;
#1902 = DIRECTION ( 'NONE',  ( 1.000000000000000000, 0.000000000000000000, 0.000000000000000000 ) ) ;
#1903 = VERTEX_POINT ( 'NONE', #1036 ) ;
#1904 = CARTESIAN_POINT ( 'NONE',  ( -0.1000000000000000056, 0.5409448818897638622, 0.1249999999999988898 ) ) ;
#1905 = CARTESIAN_POINT ( 'NONE',  ( 0.05000000000000000278, -0.7300000000000000933, -0.1825000000000007450 ) ) ;
#1906 = ORIENTED_EDGE ( 'NONE', *, *, #1291, .F. ) ;
#1907 = CARTESIAN_POINT ( 'NONE',  ( -0.1000000000000000056, -0.5409448818897638622, -0.3750000000000011102 ) ) ;
#1908 = CARTESIAN_POINT ( 'NONE',  ( 0.05000000000000000278, -0.6300000000000001155, -0.3790551200000005783 ) ) ;
#1909 = ADVANCED_FACE ( 'NONE', ( #1768 ), #655, .F. ) ;
#1910 = CARTESIAN_POINT ( 'NONE',  ( 0.05000000000000000278, -0.6300000000000001155, -0.1825000000000007450 ) ) ;
#1911 = EDGE_CURVE ( 'NONE', #57, #626, #1198, .T. ) ;
#1912 = CARTESIAN_POINT ( 'NONE',  ( -0.05000000000000000278, -0.7300000000000000933, -0.3175000000000007816 ) ) ;
#1913 = CARTESIAN_POINT ( 'NONE',  ( 0.05000000000000000278, 0.7282785898600834251, -0.1640251853835143214 ) ) ;
#1914 = CARTESIAN_POINT ( 'NONE',  ( -0.1681102362204724698, -0.5469037554291279468, -0.1190411264606347774 ) ) ;
#1915 = ORIENTED_EDGE ( 'NONE', *, *, #504, .T. ) ;
#1916 = LINE ( 'NONE', #960, #1846 ) ;
#1917 = LINE ( 'NONE', #961, #953 ) ;
#1918 = VERTEX_POINT ( 'NONE', #244 ) ;
#1919 = AXIS2_PLACEMENT_3D ( 'NONE', #1158, #69, #839 ) ;
#1920 = CARTESIAN_POINT ( 'NONE',  ( -0.04000000000000000083, -0.6300000000000001155, -0.3175000000000006706 ) ) ;
#1921 = FACE_OUTER_BOUND ( 'NONE', #1201, .T. ) ;
#1922 = COLOUR_RGB ( '',0.7921568627450980005, 0.8196078431372548767, 0.9333333333333333481 ) ;
#1923 = ORIENTED_EDGE ( 'NONE', *, *, #1214, .T. ) ;
#1924 = LINE ( 'NONE', #951, #1190 ) ;
#1925 = EDGE_CURVE ( 'NONE', #2065, #174, #1789, .T. ) ;
#1926 = CARTESIAN_POINT ( 'NONE',  ( -0.1681102362204724698, -0.5409448818897638622, -0.3809588735393652503 ) ) ;
#1927 = CARTESIAN_POINT ( 'NONE',  ( -0.05000000000000000278, 0.6000000000000001998, -0.2362497237036106368 ) ) ;
#1928 = ADVANCED_FACE ( 'NONE', ( #1084 ), #96, .F. ) ;
#1929 = DIRECTION ( 'NONE',  ( -0.000000000000000000, -0.000000000000000000, 1.000000000000000000 ) ) ;
#1930 = VECTOR ( 'NONE', #813, 39.37007874015748143 ) ;
#1931 = VERTEX_POINT ( 'NONE', #717 ) ;
#1932 = CARTESIAN_POINT ( 'NONE',  ( -0.05000000000000000278, 0.000000000000000000, 0.000000000000000000 ) ) ;
#1933 = AXIS2_PLACEMENT_3D ( 'NONE', #124, #299, #150 ) ;
#1934 = LINE ( 'NONE', #7, #2348 ) ;
#1935 = DIRECTION ( 'NONE',  ( 0.9924325091389671893, 0.08682659386424765313, 0.08682659386424765313 ) ) ;
#1936 = LINE ( 'NONE', #208, #1395 ) ;
#1937 = EDGE_LOOP ( 'NONE', ( #1438, #1967, #877, #1257 ) ) ;
#1938 = DIRECTION ( 'NONE',  ( 1.000000000000000000, 0.000000000000000000, 0.000000000000000000 ) ) ;
#1939 = ADVANCED_FACE ( 'NONE', ( #2018 ), #1693, .F. ) ;
#1940 = LINE ( 'NONE', #211, #223 ) ;
#1941 = DIRECTION ( 'NONE',  ( -1.000000000000000000, -0.000000000000000000, -0.000000000000000000 ) ) ;
#1942 = CARTESIAN_POINT ( 'NONE',  ( 0.05000000000000000278, 0.6911289424269322357, 0.03359601078650215761 ) ) ;
#1943 = EDGE_CURVE ( 'NONE', #92, #1741, #289, .T. ) ;
#1944 = VERTEX_POINT ( 'NONE', #731 ) ;
#1945 = LINE ( 'NONE', #1567, #995 ) ;
#1946 = DIRECTION ( 'NONE',  ( -1.000000000000000000, -0.000000000000000000, 0.000000000000000000 ) ) ;
#1947 = DIRECTION ( 'NONE',  ( -0.000000000000000000, -0.000000000000000000, 1.000000000000000000 ) ) ;
#1948 = ORIENTED_EDGE ( 'NONE', *, *, #1327, .F. ) ;
#1949 = CARTESIAN_POINT ( 'NONE',  ( -0.05000000000000000278, -0.02736860279185659647, -0.01580127018922223778 ) ) ;
#1950 = LINE ( 'NONE', #1790, #101 ) ;
#1951 = ORIENTED_EDGE ( 'NONE', *, *, #417, .F. ) ;
#1952 = ORIENTED_EDGE ( 'NONE', *, *, #1785, .T. ) ;
#1953 = CYLINDRICAL_SURFACE ( 'NONE', #1368, 0.1000000000000000194 ) ;
#1954 = ORIENTED_EDGE ( 'NONE', *, *, #722, .T. ) ;
#1955 = EDGE_CURVE ( 'NONE', #973, #1918, #361, .T. ) ;
#1956 = DIRECTION ( 'NONE',  ( 0.000000000000000000, 0.000000000000000000, 1.000000000000000000 ) ) ;
#1957 = ORIENTED_EDGE ( 'NONE', *, *, #339, .F. ) ;
#1958 = DIRECTION ( 'NONE',  ( 1.000000000000000000, -0.000000000000000000, -0.000000000000000000 ) ) ;
#1959 = VECTOR ( 'NONE', #181, 39.37007874015748143 ) ;
#1960 = EDGE_CURVE ( 'NONE', #1639, #350, #2205, .T. ) ;
#1961 = DIRECTION ( 'NONE',  ( -1.000000000000000000, -0.000000000000000000, -0.000000000000000000 ) ) ;
#1962 = VECTOR ( 'NONE', #384, 39.37007874015748143 ) ;
#1963 = ORIENTED_EDGE ( 'NONE', *, *, #1660, .T. ) ;
#1964 = AXIS2_PLACEMENT_3D ( 'NONE', #1432, #1459, #1862 ) ;
#1965 = CARTESIAN_POINT ( 'NONE',  ( 0.05000000000000000278, -0.6600000000000002531, -0.2362497237036106090 ) ) ;
#1966 = LINE ( 'NONE', #1009, #1930 ) ;
#1967 = ORIENTED_EDGE ( 'NONE', *, *, #2239, .F. ) ;
#1968 = EDGE_LOOP ( 'NONE', ( #1379, #966, #2128, #1593 ) ) ;
#1969 = CARTESIAN_POINT ( 'NONE',  ( -0.1000000000000000056, 0.6590551181102364264, -0.6249999999999988898 ) ) ;
#1970 = AXIS2_PLACEMENT_3D ( 'NONE', #764, #2062, #1522 ) ;
#1971 = EDGE_CURVE ( 'NONE', #503, #57, #491, .T. ) ;
#1972 = VECTOR ( 'NONE', #424, 39.37007874015748143 ) ;
#1973 = DIRECTION ( 'NONE',  ( 0.000000000000000000, -0.2333230043306108448, 0.9723992881785432640 ) ) ;
#1974 = DIRECTION ( 'NONE',  ( 0.000000000000000000, -1.000000000000000000, -4.966896545892425858E-15 ) ) ;
#1975 = VERTEX_POINT ( 'NONE', #109 ) ;
#1976 = ADVANCED_FACE ( 'NONE', ( #2028 ), #343, .F. ) ;
#1977 = PLANE ( 'NONE',  #822 ) ;
#1978 = DIRECTION ( 'NONE',  ( -0.08715574274765822138, 0.000000000000000000, 0.9961946980917455452 ) ) ;
#1979 = ORIENTED_EDGE ( 'NONE', *, *, #457, .F. ) ;
#1980 = ORIENTED_EDGE ( 'NONE', *, *, #1525, .F. ) ;
#1981 = CARTESIAN_POINT ( 'NONE',  ( -0.05000000000000000278, -0.6337500018897638254, 0.1249999999999988898 ) ) ;
#1982 = LINE ( 'NONE', #1188, #1434 ) ;
#1983 = ORIENTED_EDGE ( 'NONE', *, *, #907, .T. ) ;
#1984 = EDGE_CURVE ( 'NONE', #118, #915, #695, .T. ) ;
#1985 = DIRECTION ( 'NONE',  ( -0.9961946980917454342, 0.000000000000000000, 0.08715574274765820750 ) ) ;
#1986 = LINE ( 'NONE', #2129, #195 ) ;
#1987 = CARTESIAN_POINT ( 'NONE',  ( -0.05000000000000000278, 0.6300000000000001155, -0.3790551200000005783 ) ) ;
#1988 = EDGE_CURVE ( 'NONE', #1047, #929, #2223, .T. ) ;
#1989 = ORIENTED_EDGE ( 'NONE', *, *, #1657, .F. ) ;
#1990 = LINE ( 'NONE', #262, #2039 ) ;
#1991 = VERTEX_POINT ( 'NONE', #1640 ) ;
#1992 = CARTESIAN_POINT ( 'NONE',  ( -0.1000000000000000056, 0.6590551181102364264, 0.1249999999999988898 ) ) ;
#1993 = ORIENTED_EDGE ( 'NONE', *, *, #985, .F. ) ;
#1994 = AXIS2_PLACEMENT_3D ( 'NONE', #1529, #1717, #781 ) ;
#1995 = DIRECTION ( 'NONE',  ( 0.000000000000000000, -1.000000000000000000, 0.000000000000000000 ) ) ;
#1996 = EDGE_CURVE ( 'NONE', #1596, #606, #137, .T. ) ;
#1997 = LINE ( 'NONE', #1042, #1121 ) ;
#1998 = VECTOR ( 'NONE', #1244, 39.37007874015748143 ) ;
#1999 = ORIENTED_EDGE ( 'NONE', *, *, #58, .F. ) ;
#2000 = ORIENTED_EDGE ( 'NONE', *, *, #369, .F. ) ;
#2001 = EDGE_CURVE ( 'NONE', #1975, #1101, #2041, .T. ) ;
#2002 = PLANE ( 'NONE',  #2385 ) ;
#2003 = ORIENTED_EDGE ( 'NONE', *, *, #907, .F. ) ;
#2004 = LINE ( 'NONE', #2191, #1518 ) ;
#2005 = AXIS2_PLACEMENT_3D ( 'NONE', #2363, #359, #473 ) ;
#2006 = AXIS2_PLACEMENT_3D ( 'NONE', #1823, #1452, #1491 ) ;
#2007 = LINE ( 'NONE', #115, #1634 ) ;
#2008 = AXIS2_PLACEMENT_3D ( 'NONE', #740, #1538, #162 ) ;
#2009 = DIRECTION ( 'NONE',  ( 0.000000000000000000, 0.000000000000000000, -1.000000000000000000 ) ) ;
#2010 = CARTESIAN_POINT ( 'NONE',  ( -0.1000000000000000056, 0.6590551181102364264, -0.3750000000000011102 ) ) ;
#2011 = PRODUCT_DEFINITION ( 'UNKNOWN', '', #320, #2181 ) ;
#2012 = VERTEX_POINT ( 'NONE', #1476 ) ;
#2013 = EDGE_LOOP ( 'NONE', ( #2298, #52, #486, #2319 ) ) ;
#2014 = LINE ( 'NONE', #2212, #1232 ) ;
#2015 = LINE ( 'NONE', #2213, #2284 ) ;
#2016 = EDGE_CURVE ( 'NONE', #612, #1944, #1241, .T. ) ;
#2017 = ORIENTED_EDGE ( 'NONE', *, *, #203, .T. ) ;
#2018 = FACE_OUTER_BOUND ( 'NONE', #1711, .T. ) ;
#2019 = CARTESIAN_POINT ( 'NONE',  ( -0.1681102362204724698, 0.5469037554291279468, -0.6190411264606348052 ) ) ;
#2020 = ORIENTED_EDGE ( 'NONE', *, *, #737, .F. ) ;
#2021 = PLANE ( 'NONE',  #393 ) ;
#2022 = CARTESIAN_POINT ( 'NONE',  ( -0.04000000000000000083, -0.6600000000000002531, -0.2362497237036105813 ) ) ;
#2023 = ORIENTED_EDGE ( 'NONE', *, *, #2110, .F. ) ;
#2024 = VERTEX_POINT ( 'NONE', #2054 ) ;
#2025 = LINE ( 'NONE', #2389, #870 ) ;
#2026 = ORIENTED_EDGE ( 'NONE', *, *, #1627, .F. ) ;
#2027 = EDGE_CURVE ( 'NONE', #841, #846, #330, .T. ) ;
#2028 = FACE_OUTER_BOUND ( 'NONE', #900, .T. ) ;
#2029 = ORIENTED_EDGE ( 'NONE', *, *, #287, .T. ) ;
#2030 = EDGE_CURVE ( 'NONE', #1577, #1031, #216, .T. ) ;
#2031 = PRODUCT_DEFINITION_SHAPE ( 'NONE', 'NONE',  #2011 ) ;
#2032 = DIRECTION ( 'NONE',  ( 0.6094796352690593499, -0.7928017243878159315, -0.000000000000000000 ) ) ;
#2033 = VECTOR ( 'NONE', #2032, 39.37007874015748143 ) ;
#2034 = ORIENTED_EDGE ( 'NONE', *, *, #1657, .T. ) ;
#2035 = AXIS2_PLACEMENT_3D ( 'NONE', #1340, #998, #1956 ) ;
#2036 = EDGE_LOOP ( 'NONE', ( #2334, #685, #2086, #338 ) ) ;
#2037 = DIRECTION ( 'NONE',  ( 0.9924325091389671893, -0.08682659386424765313, -0.08682659386424765313 ) ) ;
#2038 = DIRECTION ( 'NONE',  ( 0.000000000000000000, 0.1847481461648645129, -0.9827858986008324305 ) ) ;
#2039 = VECTOR ( 'NONE', #2189, 39.37007874015748143 ) ;
#2040 = VERTEX_POINT ( 'NONE', #1365 ) ;
#2041 = LINE ( 'NONE', #314, #1203 ) ;
#2042 = ORIENTED_EDGE ( 'NONE', *, *, #475, .F. ) ;
#2043 = DIRECTION ( 'NONE',  ( -1.000000000000000000, 0.000000000000000000, 0.000000000000000000 ) ) ;
#2044 = VECTOR ( 'NONE', #161, 39.37007874015748143 ) ;
#2045 = EDGE_CURVE ( 'NONE', #1547, #2175, #2133, .T. ) ;
#2046 = DIRECTION ( 'NONE',  ( 0.000000000000000000, 0.000000000000000000, -1.000000000000000000 ) ) ;
#2047 = AXIS2_PLACEMENT_3D ( 'NONE', #1758, #2107, #1176 ) ;
#2048 = VECTOR ( 'NONE', #1308, 39.37007874015748143 ) ;
#2049 = ORIENTED_EDGE ( 'NONE', *, *, #1135, .T. ) ;
#2050 = ORIENTED_EDGE ( 'NONE', *, *, #1771, .T. ) ;
#2051 = FACE_BOUND ( 'NONE', #222, .T. ) ;
#2052 = DIRECTION ( 'NONE',  ( 0.000000000000000000, -0.000000000000000000, -1.000000000000000000 ) ) ;
#2053 = ORIENTED_EDGE ( 'NONE', *, *, #259, .F. ) ;
#2054 = CARTESIAN_POINT ( 'NONE',  ( 0.05000000000000000278, 0.2550784601339188828, -0.1250000000000000000 ) ) ;
#2055 = ORIENTED_EDGE ( 'NONE', *, *, #582, .F. ) ;
#2056 = CARTESIAN_POINT ( 'NONE',  ( -0.1000000000000000056, -0.5409448818897638622, -0.1249999999999989037 ) ) ;
#2057 = CARTESIAN_POINT ( 'NONE',  ( 0.05000000000000000278, 0.6000000000000001998, -0.2637502762963908620 ) ) ;
#2058 = DIRECTION ( 'NONE',  ( 0.000000000000000000, 0.000000000000000000, 1.000000000000000000 ) ) ;
#2059 = EDGE_CURVE ( 'NONE', #811, #1387, #543, .T. ) ;
#2060 = EDGE_LOOP ( 'NONE', ( #1186, #411, #653, #144, #136 ) ) ;
#2061 = ORIENTED_EDGE ( 'NONE', *, *, #2403, .T. ) ;
#2062 = DIRECTION ( 'NONE',  ( -0.08715574274765822138, 0.9961946980917455452, 0.000000000000000000 ) ) ;
#2063 = ADVANCED_FACE ( 'NONE', ( #2312 ), #1143, .T. ) ;
#2064 = CARTESIAN_POINT ( 'NONE',  ( 0.05000000000000000278, 0.7282785898600834251, -0.1640251853835143214 ) ) ;
#2065 = VERTEX_POINT ( 'NONE', #1704 ) ;
#2066 = CARTESIAN_POINT ( 'NONE',  ( 0.05000000000000000278, -0.2550784601339192714, -0.1250000000000000555 ) ) ;
#2067 = CARTESIAN_POINT ( 'NONE',  ( 0.05000000000000000278, 0.1000000000000000056, 0.2099999999999999090 ) ) ;
#2068 = AXIS2_PLACEMENT_3D ( 'NONE', #1166, #1521, #406 ) ;
#2069 = FACE_OUTER_BOUND ( 'NONE', #243, .T. ) ;
#2070 = ADVANCED_FACE ( 'NONE', ( #1512, #1132, #933 ), #755, .T. ) ;
#2071 = ORIENTED_EDGE ( 'NONE', *, *, #356, .T. ) ;
#2072 = LINE ( 'NONE', #789, #441 ) ;
#2073 = CIRCLE ( 'NONE', #1227, 0.1000000000000000194 ) ;
#2074 = DIRECTION ( 'NONE',  ( -1.000000000000000000, -0.000000000000000000, -0.000000000000000000 ) ) ;
#2075 = VECTOR ( 'NONE', #152, 39.37007874015748143 ) ;
#2076 = ADVANCED_FACE ( 'NONE', ( #1339 ), #1540, .F. ) ;
#2077 = ORIENTED_EDGE ( 'NONE', *, *, #2045, .T. ) ;
#2078 = DIRECTION ( 'NONE',  ( -0.000000000000000000, 0.000000000000000000, -1.000000000000000000 ) ) ;
#2079 = VECTOR ( 'NONE', #1422, 39.37007874015748143 ) ;
#2080 = VERTEX_POINT ( 'NONE', #1754 ) ;
#2081 = DIRECTION ( 'NONE',  ( 0.000000000000000000, 0.000000000000000000, -1.000000000000000000 ) ) ;
#2082 = FACE_OUTER_BOUND ( 'NONE', #495, .T. ) ;
#2083 = CARTESIAN_POINT ( 'NONE',  ( -0.05000000000000000278, 0.3750000000000000555, 0.2500000000000000555 ) ) ;
#2084 = AXIS2_PLACEMENT_3D ( 'NONE', #1897, #734, #2081 ) ;
#2085 = VECTOR ( 'NONE', #1187, 39.37007874015748854 ) ;
#2086 = ORIENTED_EDGE ( 'NONE', *, *, #447, .T. ) ;
#2087 = CARTESIAN_POINT ( 'NONE',  ( -0.1000000000000000056, -0.6590551181102364264, 0.1249999999999988898 ) ) ;
#2088 = LINE ( 'NONE', #1130, #1245 ) ;
#2089 = AXIS2_PLACEMENT_3D ( 'NONE', #2309, #2074, #552 ) ;
#2090 = VERTEX_POINT ( 'NONE', #595 ) ;
#2091 = VECTOR ( 'NONE', #865, 39.37007874015748143 ) ;
#2092 = DIRECTION ( 'NONE',  ( 0.000000000000000000, 0.000000000000000000, 1.000000000000000000 ) ) ;
#2093 = EDGE_CURVE ( 'NONE', #1236, #612, #19, .T. ) ;
#2094 = PLANE ( 'NONE',  #1070 ) ;
#2095 = DIRECTION ( 'NONE',  ( -0.08715574274765822138, 0.000000000000000000, 0.9961946980917455452 ) ) ;
#2096 = EDGE_CURVE ( 'NONE', #690, #1207, #164, .T. ) ;
#2097 = CARTESIAN_POINT ( 'NONE',  ( -0.05000000000000000278, -0.6000000000000001998, -0.2637502762963908620 ) ) ;
#2098 = CARTESIAN_POINT ( 'NONE',  ( -0.05000000000000000278, -0.6590551181102364264, 0.1249999999999988898 ) ) ;
#2099 = EDGE_LOOP ( 'NONE', ( #2109, #1747, #2311, #1391, #792 ) ) ;
#2100 = LINE ( 'NONE', #1738, #1200 ) ;
#2101 = CARTESIAN_POINT ( 'NONE',  ( -0.1681102362204724698, 0.5469037554291279468, -0.1249999999999989037 ) ) ;
#2102 = VERTEX_POINT ( 'NONE', #1120 ) ;
#2103 = CARTESIAN_POINT ( 'NONE',  ( 0.05000000000000000278, -0.7300000000000000933, -0.1825000000000007450 ) ) ;
#2104 = PLANE ( 'NONE',  #1994 ) ;
#2105 = ORIENTED_EDGE ( 'NONE', *, *, #322, .F. ) ;
#2106 = EDGE_CURVE ( 'NONE', #1047, #1812, #945, .T. ) ;
#2107 = DIRECTION ( 'NONE',  ( -0.08715574274765822138, 0.000000000000000000, 0.9961946980917455452 ) ) ;
#2108 = DIRECTION ( 'NONE',  ( 0.9924325091389671893, -0.08682659386424765313, 0.08682659386424765313 ) ) ;
#2109 = ORIENTED_EDGE ( 'NONE', *, *, #1679, .T. ) ;
#2110 = EDGE_CURVE ( 'NONE', #292, #1671, #1325, .T. ) ;
#2111 = CARTESIAN_POINT ( 'NONE',  ( -0.04000000000000000083, 0.6000000000000001998, 0.000000000000000000 ) ) ;
#2112 = ORIENTED_EDGE ( 'NONE', *, *, #447, .F. ) ;
#2113 = CARTESIAN_POINT ( 'NONE',  ( -0.1000000000000000056, 0.6590551181102364264, -0.3750000000000011102 ) ) ;
#2114 = CARTESIAN_POINT ( 'NONE',  ( -0.1000000000000000056, 0.6590551181102364264, 0.1249999999999988898 ) ) ;
#2115 = VECTOR ( 'NONE', #1303, 39.37007874015748143 ) ;
#2116 = ORIENTED_EDGE ( 'NONE', *, *, #151, .F. ) ;
#2117 = FACE_OUTER_BOUND ( 'NONE', #1756, .T. ) ;
#2118 = AXIS2_PLACEMENT_3D ( 'NONE', #1517, #1734, #1137 ) ;
#2119 = CARTESIAN_POINT ( 'NONE',  ( -0.1000000000000000056, -0.6590551181102364264, -0.6249999999999988898 ) ) ;
#2120 = ORIENTED_EDGE ( 'NONE', *, *, #705, .T. ) ;
#2121 = CIRCLE ( 'NONE', #2315, 0.06155511999999996320 ) ;
#2122 = APPLICATION_CONTEXT ( 'automotive_design' ) ;
#2123 = CYLINDRICAL_SURFACE ( 'NONE', #1770, 0.06155511999999996320 ) ;
#2124 = LINE ( 'NONE', #1390, #1152 ) ;
#2125 = ORIENTED_EDGE ( 'NONE', *, *, #1555, .T. ) ;
#2126 = DIRECTION ( 'NONE',  ( 0.000000000000000000, 0.000000000000000000, 1.000000000000000000 ) ) ;
#2127 = ADVANCED_FACE ( 'NONE', ( #1311 ), #567, .T. ) ;
#2128 = ORIENTED_EDGE ( 'NONE', *, *, #1845, .F. ) ;
#2129 = CARTESIAN_POINT ( 'NONE',  ( -0.05000000000000000278, 0.5721948818897637512, 0.06344487999999953720 ) ) ;
#2130 = LINE ( 'NONE', #1118, #2048 ) ;
#2131 = AXIS2_PLACEMENT_3D ( 'NONE', #1588, #624, #638 ) ;
#2132 = EDGE_LOOP ( 'NONE', ( #1421, #694, #1462, #309 ) ) ;
#2133 = LINE ( 'NONE', #1715, #2134 ) ;
#2134 = VECTOR ( 'NONE', #1553, 39.37007874015748143 ) ;
#2135 = LINE ( 'NONE', #1174, #1357 ) ;
#2136 = CARTESIAN_POINT ( 'NONE',  ( -0.05000000000000000278, -0.4734311846722880635, 0.2378969977985892770 ) ) ;
#2137 = CARTESIAN_POINT ( 'NONE',  ( -0.1681102362204724698, -0.5469037554291279468, -0.1249999999999989037 ) ) ;
#2138 = ORIENTED_EDGE ( 'NONE', *, *, #1479, .T. ) ;
#2139 = EDGE_CURVE ( 'NONE', #674, #421, #370, .T. ) ;
#2140 = CARTESIAN_POINT ( 'NONE',  ( -0.05000000000000000278, -0.6300000000000001155, -0.1825000000000007450 ) ) ;
#2141 = DIRECTION ( 'NONE',  ( 0.000000000000000000, 0.000000000000000000, -1.000000000000000000 ) ) ;
#2142 = ORIENTED_EDGE ( 'NONE', *, *, #2256, .T. ) ;
#2143 = LINE ( 'NONE', #218, #2158 ) ;
#2144 = ORIENTED_EDGE ( 'NONE', *, *, #2288, .F. ) ;
#2145 = CARTESIAN_POINT ( 'NONE',  ( -0.1000000000000000056, -0.5409448818897638622, -0.3750000000000011102 ) ) ;
#2146 = CARTESIAN_POINT ( 'NONE',  ( -0.1000000000000000056, -0.5409448818897638622, 0.1249999999999988898 ) ) ;
#2147 = ORIENTED_EDGE ( 'NONE', *, *, #276, .T. ) ;
#2148 = CARTESIAN_POINT ( 'NONE',  ( 0.04079922694262737987, -0.6590551181102364264, -0.6250000000000000000 ) ) ;
#2149 = CARTESIAN_POINT ( 'NONE',  ( -0.1000000000000000056, 0.5409448818897638622, -0.6249999999999988898 ) ) ;
#2150 = DIRECTION ( 'NONE',  ( 0.000000000000000000, 0.000000000000000000, 1.000000000000000000 ) ) ;
#2151 = ORIENTED_EDGE ( 'NONE', *, *, #1708, .F. ) ;
#2152 = LINE ( 'NONE', #48, #912 ) ;
#2153 = CARTESIAN_POINT ( 'NONE',  ( 0.05000000000000000278, 0.6590551181102364264, -0.6250000000000000000 ) ) ;
#2154 = EDGE_CURVE ( 'NONE', #867, #342, #1916, .T. ) ;
#2155 = CARTESIAN_POINT ( 'NONE',  ( 0.05000000000000000278, -0.6911289424269322357, 0.03359601078650210904 ) ) ;
#2156 = VECTOR ( 'NONE', #1857, 39.37007874015748143 ) ;
#2157 = DIRECTION ( 'NONE',  ( -0.08715574274765822138, 0.9961946980917455452, 0.000000000000000000 ) ) ;
#2158 = VECTOR ( 'NONE', #2314, 39.37007874015747433 ) ;
#2159 = ORIENTED_EDGE ( 'NONE', *, *, #475, .T. ) ;
#2160 = VECTOR ( 'NONE', #810, 39.37007874015748143 ) ;
#2161 = CARTESIAN_POINT ( 'NONE',  ( -0.05000000000000000278, 0.6300000000000001155, -0.3175000000000006706 ) ) ;
#2162 = DIRECTION ( 'NONE',  ( -1.000000000000000000, -0.000000000000000000, -0.000000000000000000 ) ) ;
#2163 = ORIENTED_EDGE ( 'NONE', *, *, #658, .F. ) ;
#2164 = FACE_OUTER_BOUND ( 'NONE', #2344, .T. ) ;
#2165 = AXIS2_PLACEMENT_3D ( 'NONE', #1901, #564, #172 ) ;
#2166 = EDGE_LOOP ( 'NONE', ( #426, #990, #466, #160, #2163 ) ) ;
#2167 = VECTOR ( 'NONE', #88, 39.37007874015748854 ) ;
#2168 = ADVANCED_FACE ( 'NONE', ( #2299 ), #2481, .F. ) ;
#2169 = CARTESIAN_POINT ( 'NONE',  ( -0.05000000000000000278, -0.3750000000000000555, 0.2500000000000000555 ) ) ;
#2170 = DIRECTION ( 'NONE',  ( 0.000000000000000000, -4.966896545892425858E-15, 1.000000000000000000 ) ) ;
#2171 = ORIENTED_EDGE ( 'NONE', *, *, #1591, .T. ) ;
#2172 = ADVANCED_FACE ( 'NONE', ( #2117 ), #1157, .F. ) ;
#2173 = LINE ( 'NONE', #1016, #180 ) ;
#2174 = FACE_OUTER_BOUND ( 'NONE', #1178, .T. ) ;
#2175 = VERTEX_POINT ( 'NONE', #445 ) ;
#2176 = ORIENTED_EDGE ( 'NONE', *, *, #2430, .T. ) ;
#2177 = CARTESIAN_POINT ( 'NONE',  ( -0.1000000000000000056, -0.5409448818897638622, -0.1249999999999989037 ) ) ;
#2178 = LINE ( 'NONE', #455, #562 ) ;
#2179 = ORIENTED_EDGE ( 'NONE', *, *, #568, .T. ) ;
#2180 =( NAMED_UNIT ( * ) SI_UNIT ( $, .STERADIAN. ) SOLID_ANGLE_UNIT ( ) );
#2181 = PRODUCT_DEFINITION_CONTEXT ( 'detailed design', #1824, 'design' ) ;
#2182 = ADVANCED_FACE ( 'NONE', ( #829 ), #1613, .T. ) ;
#2183 = EDGE_LOOP ( 'NONE', ( #1457, #1694, #1468, #2480 ) ) ;
#2184 = EDGE_CURVE ( 'NONE', #1596, #1387, #1412, .T. ) ;
#2185 = DIRECTION ( 'NONE',  ( -0.000000000000000000, -0.000000000000000000, -1.000000000000000000 ) ) ;
#2186 = DIRECTION ( 'NONE',  ( 0.000000000000000000, 0.6395292217659064304, -0.7687667881142460358 ) ) ;
#2187 = CARTESIAN_POINT ( 'NONE',  ( 0.05000000000000000278, 0.1000000000000000056, 0.1318897637795275746 ) ) ;
#2188 = ORIENTED_EDGE ( 'NONE', *, *, #1555, .F. ) ;
#2189 = DIRECTION ( 'NONE',  ( -0.000000000000000000, 1.000000000000000000, -0.000000000000000000 ) ) ;
#2190 = ORIENTED_EDGE ( 'NONE', *, *, #1545, .T. ) ;
#2191 = CARTESIAN_POINT ( 'NONE',  ( -0.1000000000000000056, -0.5409448818897638622, -0.1249999999999989037 ) ) ;
#2192 = ORIENTED_EDGE ( 'NONE', *, *, #2446, .F. ) ;
#2193 = CIRCLE ( 'NONE', #16, 0.06155512000000001871 ) ;
#2194 = EDGE_CURVE ( 'NONE', #251, #1602, #2178, .T. ) ;
#2195 = AXIS2_PLACEMENT_3D ( 'NONE', #746, #2253, #1126 ) ;
#2196 = LINE ( 'NONE', #637, #743 ) ;
#2197 = CARTESIAN_POINT ( 'NONE',  ( -0.05000000000000000278, 0.1808290376865471782, 0.2500000000000000555 ) ) ;
#2198 = VECTOR ( 'NONE', #1463, 39.37007874015748143 ) ;
#2199 = EDGE_CURVE ( 'NONE', #1685, #1918, #241, .T. ) ;
#2200 = ORIENTED_EDGE ( 'NONE', *, *, #1648, .T. ) ;
#2201 = DIRECTION ( 'NONE',  ( 1.000000000000000000, -0.000000000000000000, -0.000000000000000000 ) ) ;
#2202 = FACE_OUTER_BOUND ( 'NONE', #1486, .T. ) ;
#2203 = ORIENTED_EDGE ( 'NONE', *, *, #673, .T. ) ;
#2204 = VECTOR ( 'NONE', #2252, 39.37007874015748143 ) ;
#2205 = CIRCLE ( 'NONE', #522, 0.1000000000000000194 ) ;
#2206 = DIRECTION ( 'NONE',  ( 0.6094796352690593499, 0.7928017243878159315, -0.000000000000000000 ) ) ;
#2207 = VECTOR ( 'NONE', #1231, 39.37007874015748143 ) ;
#2208 = LINE ( 'NONE', #2399, #2033 ) ;
#2209 = ORIENTED_EDGE ( 'NONE', *, *, #102, .T. ) ;
#2210 = EDGE_CURVE ( 'NONE', #1812, #2335, #2234, .T. ) ;
#2211 = ORIENTED_EDGE ( 'NONE', *, *, #1026, .F. ) ;
#2212 = CARTESIAN_POINT ( 'NONE',  ( -0.1000000000000000056, 0.5409448818897638622, -0.1249999999999989037 ) ) ;
#2213 = CARTESIAN_POINT ( 'NONE',  ( -0.1000000000000000056, -0.6590551181102364264, -0.1249999999999989037 ) ) ;
#2214 = EDGE_CURVE ( 'NONE', #70, #841, #2413, .T. ) ;
#2215 = ORIENTED_EDGE ( 'NONE', *, *, #1360, .T. ) ;
#2216 = LINE ( 'NONE', #111, #1034 ) ;
#2217 = VERTEX_POINT ( 'NONE', #1105 ) ;
#2218 = DIRECTION ( 'NONE',  ( 0.000000000000000000, 0.000000000000000000, -1.000000000000000000 ) ) ;
#2219 = EDGE_LOOP ( 'NONE', ( #187, #1786, #2293, #1044 ) ) ;
#2220 = ORIENTED_EDGE ( 'NONE', *, *, #385, .F. ) ;
#2221 = DIRECTION ( 'NONE',  ( 1.000000000000000000, -0.000000000000000000, -0.000000000000000000 ) ) ;
#2222 = EDGE_LOOP ( 'NONE', ( #462, #2410, #1195, #499, #1012 ) ) ;
#2223 = LINE ( 'NONE', #2416, #840 ) ;
#2224 = ADVANCED_FACE ( 'NONE', ( #94 ), #1835, .F. ) ;
#2225 = FILL_AREA_STYLE_COLOUR ( '', #1922 ) ;
#2226 = ORIENTED_EDGE ( 'NONE', *, *, #1212, .T. ) ;
#2227 = DIRECTION ( 'NONE',  ( 0.000000000000000000, 0.000000000000000000, -1.000000000000000000 ) ) ;
#2228 = DIRECTION ( 'NONE',  ( 0.000000000000000000, 0.000000000000000000, 1.000000000000000000 ) ) ;
#2229 = AXIS2_PLACEMENT_3D ( 'NONE', #1456, #1655, #306 ) ;
#2230 = ORIENTED_EDGE ( 'NONE', *, *, #1660, .F. ) ;
#2231 = VECTOR ( 'NONE', #1533, 39.37007874015748143 ) ;
#2232 = ORIENTED_EDGE ( 'NONE', *, *, #2016, .F. ) ;
#2233 = CARTESIAN_POINT ( 'NONE',  ( 0.05000000000000000278, -0.5409448818897638622, -0.6250000000000000000 ) ) ;
#2234 = LINE ( 'NONE', #1450, #1372 ) ;
#2235 = EDGE_LOOP ( 'NONE', ( #816, #2125, #1279, #2151, #2105 ) ) ;
#2236 = CARTESIAN_POINT ( 'NONE',  ( 0.05000000000000000278, 0.6300000000000001155, -0.3175000000000006706 ) ) ;
#2237 = CYLINDRICAL_SURFACE ( 'NONE', #1719, 0.06155512000000001871 ) ;
#2238 = ORIENTED_EDGE ( 'NONE', *, *, #1426, .T. ) ;
#2239 = EDGE_CURVE ( 'NONE', #1975, #337, #2015, .T. ) ;
#2240 = PLANE ( 'NONE',  #2323 ) ;
#2241 = CYLINDRICAL_SURFACE ( 'NONE', #349, 0.06155511999999994932 ) ;
#2242 = AXIS2_PLACEMENT_3D ( 'NONE', #453, #2162, #993 ) ;
#2243 = EDGE_CURVE ( 'NONE', #1410, #1975, #477, .T. ) ;
#2244 = DIRECTION ( 'NONE',  ( -0.000000000000000000, 1.000000000000000000, -0.000000000000000000 ) ) ;
#2245 = AXIS2_PLACEMENT_3D ( 'NONE', #1001, #254, #1626 ) ;
#2246 = VERTEX_POINT ( 'NONE', #702 ) ;
#2247 = ORIENTED_EDGE ( 'NONE', *, *, #1062, .T. ) ;
#2248 = CYLINDRICAL_SURFACE ( 'NONE', #1280, 0.06155511999999994932 ) ;
#2249 = CARTESIAN_POINT ( 'NONE',  ( -0.1000000000000000056, -0.6590551181102364264, 0.1249999999999988898 ) ) ;
#2250 = ORIENTED_EDGE ( 'NONE', *, *, #2059, .F. ) ;
#2251 = ORIENTED_EDGE ( 'NONE', *, *, #2199, .F. ) ;
#2252 = DIRECTION ( 'NONE',  ( 1.000000000000000000, 0.000000000000000000, 0.000000000000000000 ) ) ;
#2253 = DIRECTION ( 'NONE',  ( 1.000000000000000000, 0.000000000000000000, 0.000000000000000000 ) ) ;
#2254 = EDGE_CURVE ( 'NONE', #1665, #2080, #1472, .T. ) ;
#2255 = DIRECTION ( 'NONE',  ( -0.000000000000000000, 1.000000000000000000, 0.000000000000000000 ) ) ;
#2256 = EDGE_CURVE ( 'NONE', #2471, #332, #2405, .T. ) ;
#2257 = ORIENTED_EDGE ( 'NONE', *, *, #705, .F. ) ;
#2258 = DIRECTION ( 'NONE',  ( 0.000000000000000000, 1.000000000000000000, 0.000000000000000000 ) ) ;
#2259 = DIRECTION ( 'NONE',  ( -1.000000000000000000, 0.000000000000000000, -0.000000000000000000 ) ) ;
#2260 = ORIENTED_EDGE ( 'NONE', *, *, #2256, .F. ) ;
#2261 = CARTESIAN_POINT ( 'NONE',  ( 0.05000000000000000278, 0.5721948818897637512, 0.1249999999999995004 ) ) ;
#2262 = CARTESIAN_POINT ( 'NONE',  ( 0.04079922694262737987, 0.6590551181102364264, -0.6250000000000000000 ) ) ;
#2263 = CARTESIAN_POINT ( 'NONE',  ( 0.05000000000000000278, 0.1000000000000000056, 0.2099999999999999090 ) ) ;
#2264 = DIRECTION ( 'NONE',  ( -1.000000000000000000, -0.000000000000000000, -0.000000000000000000 ) ) ;
#2265 = ORIENTED_EDGE ( 'NONE', *, *, #1740, .T. ) ;
#2266 = EDGE_CURVE ( 'NONE', #1078, #1387, #1850, .T. ) ;
#2267 = DIRECTION ( 'NONE',  ( 0.000000000000000000, -0.1847481461648645129, 0.9827858986008324305 ) ) ;
#2268 = VECTOR ( 'NONE', #1345, 39.37007874015748143 ) ;
#2269 = DIRECTION ( 'NONE',  ( 0.000000000000000000, -1.000000000000000000, 0.000000000000000000 ) ) ;
#2270 = VECTOR ( 'NONE', #1316, 39.37007874015748143 ) ;
#2271 = ORIENTED_EDGE ( 'NONE', *, *, #848, .T. ) ;
#2272 = DIRECTION ( 'NONE',  ( -1.000000000000000000, 0.000000000000000000, 0.000000000000000000 ) ) ;
#2273 = VECTOR ( 'NONE', #663, 39.37007874015748143 ) ;
#2274 = LINE ( 'NONE', #581, #1793 ) ;
#2275 = ORIENTED_EDGE ( 'NONE', *, *, #472, .T. ) ;
#2276 = PLANE ( 'NONE',  #363 ) ;
#2277 = DIRECTION ( 'NONE',  ( 0.000000000000000000, 0.000000000000000000, 1.000000000000000000 ) ) ;
#2278 = CARTESIAN_POINT ( 'NONE',  ( -0.05000000000000000278, -0.6590551181102364264, -0.1249999999999989037 ) ) ;
#2279 = VECTOR ( 'NONE', #2282, 39.37007874015748143 ) ;
#2280 = AXIS2_PLACEMENT_3D ( 'NONE', #1745, #1353, #399 ) ;
#2281 = ORIENTED_EDGE ( 'NONE', *, *, #2184, .F. ) ;
#2282 = DIRECTION ( 'NONE',  ( 0.000000000000000000, 0.000000000000000000, -1.000000000000000000 ) ) ;
#2283 = DIRECTION ( 'NONE',  ( 0.000000000000000000, -0.9925251917436932469, -0.1220399268851989627 ) ) ;
#2284 = VECTOR ( 'NONE', #1460, 39.37007874015748143 ) ;
#2285 = ADVANCED_FACE ( 'NONE', ( #1268 ), #488, .F. ) ;
#2286 = EDGE_LOOP ( 'NONE', ( #130, #1295, #2338, #209 ) ) ;
#2287 = CARTESIAN_POINT ( 'NONE',  ( 0.05000000000000000278, -0.7282785898600834251, -0.1640251853835143214 ) ) ;
#2288 = EDGE_CURVE ( 'NONE', #27, #1639, #1095, .T. ) ;
#2289 = CARTESIAN_POINT ( 'NONE',  ( -0.04000000000000000083, 0.6300000000000001155, -0.3790551200000005783 ) ) ;
#2290 = ORIENTED_EDGE ( 'NONE', *, *, #2030, .T. ) ;
#2291 = DIRECTION ( 'NONE',  ( 0.9924325091389671893, -0.08682659386424765313, -0.08682659386424765313 ) ) ;
#2292 = CARTESIAN_POINT ( 'NONE',  ( -0.1000000000000000056, 0.6590551181102364264, -0.6249999999999988898 ) ) ;
#2293 = ORIENTED_EDGE ( 'NONE', *, *, #1561, .F. ) ;
#2294 = DIRECTION ( 'NONE',  ( 0.000000000000000000, 0.000000000000000000, 1.000000000000000000 ) ) ;
#2295 = ORIENTED_EDGE ( 'NONE', *, *, #248, .F. ) ;
#2296 = CARTESIAN_POINT ( 'NONE',  ( -0.05000000000000000278, -0.5721948818897637512, 0.1249999999999995004 ) ) ;
#2297 = CARTESIAN_POINT ( 'NONE',  ( -0.04000000000000000083, -0.6600000000000000311, -0.2637502762963908620 ) ) ;
#2298 = ORIENTED_EDGE ( 'NONE', *, *, #1246, .F. ) ;
#2299 = FACE_OUTER_BOUND ( 'NONE', #2132, .T. ) ;
#2300 = FACE_OUTER_BOUND ( 'NONE', #563, .T. ) ;
#2301 = VERTEX_POINT ( 'NONE', #1433 ) ;
#2302 = EDGE_CURVE ( 'NONE', #251, #1577, #531, .T. ) ;
#2303 = LINE ( 'NONE', #1532, #1972 ) ;
#2304 = LINE ( 'NONE', #2263, #391 ) ;
#2305 = ORIENTED_EDGE ( 'NONE', *, *, #1591, .F. ) ;
#2306 = CARTESIAN_POINT ( 'NONE',  ( 0.05000000000000000278, -0.3750000000000000555, 0.2500000000000000555 ) ) ;
#2307 = ORIENTED_EDGE ( 'NONE', *, *, #1306, .T. ) ;
#2308 = CARTESIAN_POINT ( 'NONE',  ( 0.05000000000000000278, -0.3750000000000000555, 0.2500000000000000555 ) ) ;
#2309 = CARTESIAN_POINT ( 'NONE',  ( 0.05000000000000000278, -0.5721948818897637512, 0.1249999999999995004 ) ) ;
#2310 = VECTOR ( 'NONE', #2384, 39.37007874015748143 ) ;
#2311 = ORIENTED_EDGE ( 'NONE', *, *, #248, .T. ) ;
#2312 = FACE_OUTER_BOUND ( 'NONE', #123, .T. ) ;
#2313 = CIRCLE ( 'NONE', #2118, 0.06155511999999996320 ) ;
#2314 = DIRECTION ( 'NONE',  ( 0.9924325091389671893, -0.08682659386424765313, 0.08682659386424765313 ) ) ;
#2315 = AXIS2_PLACEMENT_3D ( 'NONE', #2373, #501, #85 ) ;
#2316 = LINE ( 'NONE', #2145, #1284 ) ;
#2317 = CARTESIAN_POINT ( 'NONE',  ( -0.04999999999999999584, 0.1577350269189623511, 0.1318897637795275746 ) ) ;
#2318 = ADVANCED_FACE ( 'NONE', ( #148 ), #1674, .F. ) ;
#2319 = ORIENTED_EDGE ( 'NONE', *, *, #2403, .F. ) ;
#2320 = ADVANCED_FACE ( 'NONE', ( #2202 ), #1863, .T. ) ;
#2321 = DIRECTION ( 'NONE',  ( 0.000000000000000000, -0.1220399268851989766, -0.9925251917436933580 ) ) ;
#2322 = LINE ( 'NONE', #212, #1842 ) ;
#2323 = AXIS2_PLACEMENT_3D ( 'NONE', #1696, #1125, #1419 ) ;
#2324 = ORIENTED_EDGE ( 'NONE', *, *, #1338, .T. ) ;
#2325 = DIRECTION ( 'NONE',  ( -0.000000000000000000, -1.000000000000000000, -0.000000000000000000 ) ) ;
#2326 = AXIS2_PLACEMENT_3D ( 'NONE', #678, #122, #715 ) ;
#2327 = DIRECTION ( 'NONE',  ( 0.000000000000000000, 0.4999999999999973910, -0.8660254037844402619 ) ) ;
#2328 = CARTESIAN_POINT ( 'NONE',  ( -0.1681102362204724698, 0.6530962445708722308, 0.1190411264606347636 ) ) ;
#2329 = ORIENTED_EDGE ( 'NONE', *, *, #45, .F. ) ;
#2330 = EDGE_CURVE ( 'NONE', #368, #1810, #1488, .T. ) ;
#2331 = ORIENTED_EDGE ( 'NONE', *, *, #856, .T. ) ;
#2332 = CARTESIAN_POINT ( 'NONE',  ( 0.05000000000000000278, 0.1000000000000000056, 0.1318897637795275746 ) ) ;
#2333 = EDGE_CURVE ( 'NONE', #350, #1, #1551, .T. ) ;
#2334 = ORIENTED_EDGE ( 'NONE', *, *, #1327, .T. ) ;
#2335 = VERTEX_POINT ( 'NONE', #2114 ) ;
#2336 = CARTESIAN_POINT ( 'NONE',  ( -0.1000000000000000056, 0.6590551181102364264, 0.1249999999999988898 ) ) ;
#2337 = PLANE ( 'NONE',  #24 ) ;
#2338 = ORIENTED_EDGE ( 'NONE', *, *, #2243, .F. ) ;
#2339 = CARTESIAN_POINT ( 'NONE',  ( -0.04000000000000000083, 0.6600000000000014744, -3.278151720289009365E-15 ) ) ;
#2340 = DIRECTION ( 'NONE',  ( 0.000000000000000000, 0.000000000000000000, -1.000000000000000000 ) ) ;
#2341 = EDGE_CURVE ( 'NONE', #1389, #1991, #2088, .T. ) ;
#2342 = VERTEX_POINT ( 'NONE', #1914 ) ;
#2343 = EDGE_CURVE ( 'NONE', #1918, #2471, #777, .T. ) ;
#2344 = EDGE_LOOP ( 'NONE', ( #895, #71, #2049, #932 ) ) ;
#2345 = DIRECTION ( 'NONE',  ( -1.000000000000000000, -0.000000000000000000, -0.000000000000000000 ) ) ;
#2346 = AXIS2_PLACEMENT_3D ( 'NONE', #1870, #157, #497 ) ;
#2347 = PLANE ( 'NONE',  #1114 ) ;
#2348 = VECTOR ( 'NONE', #176, 39.37007874015748143 ) ;
#2349 = ORIENTED_EDGE ( 'NONE', *, *, #2093, .T. ) ;
#2350 = MECHANICAL_DESIGN_GEOMETRIC_PRESENTATION_REPRESENTATION (  '', ( #189 ), #1678 ) ;
#2351 = FACE_OUTER_BOUND ( 'NONE', #1718, .T. ) ;
#2352 = CARTESIAN_POINT ( 'NONE',  ( 0.05000000000000000278, 0.6300000000000001155, -0.3175000000000006706 ) ) ;
#2353 = ORIENTED_EDGE ( 'NONE', *, *, #903, .F. ) ;
#2354 = ORIENTED_EDGE ( 'NONE', *, *, #45, .T. ) ;
#2355 = CARTESIAN_POINT ( 'NONE',  ( 0.05000000000000000278, 0.5721948818897637512, 0.1249999999999995004 ) ) ;
#2356 = EDGE_CURVE ( 'NONE', #2102, #2358, #2130, .T. ) ;
#2357 = VECTOR ( 'NONE', #942, 39.37007874015748143 ) ;
#2358 = VERTEX_POINT ( 'NONE', #1500 ) ;
#2359 = CARTESIAN_POINT ( 'NONE',  ( -0.1000000000000000056, 0.5409448818897638622, -0.3750000000000011102 ) ) ;
#2360 = EDGE_CURVE ( 'NONE', #1991, #57, #1510, .T. ) ;
#2361 = DIRECTION ( 'NONE',  ( 0.000000000000000000, 0.000000000000000000, 1.000000000000000000 ) ) ;
#2362 = FACE_OUTER_BOUND ( 'NONE', #2388, .T. ) ;
#2363 = CARTESIAN_POINT ( 'NONE',  ( -0.1000000000000000056, -0.5409448818897638622, 0.1249999999999988898 ) ) ;
#2364 = ORIENTED_EDGE ( 'NONE', *, *, #1509, .F. ) ;
#2365 = CARTESIAN_POINT ( 'NONE',  ( -0.05000000000000000278, -0.6000000000000001998, -0.2362497237036106090 ) ) ;
#2366 = ORIENTED_EDGE ( 'NONE', *, *, #437, .T. ) ;
#2367 = CARTESIAN_POINT ( 'NONE',  ( -0.05000000000000000278, -0.6600000000000000311, -0.2637502762963908620 ) ) ;
#2368 = ADVANCED_FACE ( 'NONE', ( #1142 ), #943, .F. ) ;
#2369 = CARTESIAN_POINT ( 'NONE',  ( 0.05000000000000000278, -0.1000000000000000056, 0.2099999999999996037 ) ) ;
#2370 = CARTESIAN_POINT ( 'NONE',  ( -0.05000000000000000278, -0.6590551181102364264, -0.6250000000000000000 ) ) ;
#2371 = LINE ( 'NONE', #459, #801 ) ;
#2372 = ORIENTED_EDGE ( 'NONE', *, *, #117, .T. ) ;
#2373 = CARTESIAN_POINT ( 'NONE',  ( -0.05000000000000000278, -0.5721948818897637512, 0.1249999999999995004 ) ) ;
#2374 = DIRECTION ( 'NONE',  ( 0.000000000000000000, 0.000000000000000000, 1.000000000000000000 ) ) ;
#2375 = CIRCLE ( 'NONE', #1668, 0.06155511999999996320 ) ;
#2376 = VERTEX_POINT ( 'NONE', #2297 ) ;
#2377 = CARTESIAN_POINT ( 'NONE',  ( -0.05000000000000000278, 0.6590551181102364264, -0.6250000000000000000 ) ) ;
#2378 =( LENGTH_UNIT ( ) NAMED_UNIT ( * ) SI_UNIT ( $, .METRE. ) );
#2379 = ORIENTED_EDGE ( 'NONE', *, *, #889, .F. ) ;
#2380 = VECTOR ( 'NONE', #375, 39.37007874015748143 ) ;
#2381 = DIRECTION ( 'NONE',  ( 1.000000000000000000, 0.000000000000000000, 0.000000000000000000 ) ) ;
#2382 = ADVANCED_FACE ( 'NONE', ( #2444 ), #1888, .T. ) ;
#2383 = VECTOR ( 'NONE', #1439, 39.37007874015748143 ) ;
#2384 = DIRECTION ( 'NONE',  ( 1.000000000000000000, -0.000000000000000000, -0.000000000000000000 ) ) ;
#2385 = AXIS2_PLACEMENT_3D ( 'NONE', #327, #2404, #691 ) ;
#2386 = ADVANCED_FACE ( 'NONE', ( #1363 ), #1689, .F. ) ;
#2387 = ORIENTED_EDGE ( 'NONE', *, *, #42, .F. ) ;
#2388 = EDGE_LOOP ( 'NONE', ( #1029, #354, #206, #1764 ) ) ;
#2389 = CARTESIAN_POINT ( 'NONE',  ( -0.1000000000000000056, 0.5409448818897638622, 0.1249999999999988898 ) ) ;
#2390 = DIRECTION ( 'NONE',  ( 0.000000000000000000, -0.2333230043306108448, 0.9723992881785432640 ) ) ;
#2391 = ORIENTED_EDGE ( 'NONE', *, *, #1107, .T. ) ;
#2392 = DIRECTION ( 'NONE',  ( 1.000000000000000000, -0.000000000000000000, -0.000000000000000000 ) ) ;
#2393 = AXIS2_PLACEMENT_3D ( 'NONE', #2140, #1750, #1017 ) ;
#2394 =( CONVERSION_BASED_UNIT ( 'INCH', #656 ) LENGTH_UNIT ( ) NAMED_UNIT ( #1663 ) );
#2395 = UNCERTAINTY_MEASURE_WITH_UNIT (LENGTH_MEASURE( 1.000000000000000082E-05 ), #129, 'distance_accuracy_value', 'NONE');
#2396 = VECTOR ( 'NONE', #1973, 39.37007874015748854 ) ;
#2397 = AXIS2_PLACEMENT_3D ( 'NONE', #1624, #516, #2052 ) ;
#2398 = DIRECTION ( 'NONE',  ( -1.000000000000000000, 0.000000000000000000, 0.000000000000000000 ) ) ;
#2399 = CARTESIAN_POINT ( 'NONE',  ( -0.2544517103295134142, 0.1409476365140902576, -0.1250000000000000000 ) ) ;
#2400 = ADVANCED_FACE ( 'NONE', ( #958 ), #541, .F. ) ;
#2401 = ORIENTED_EDGE ( 'NONE', *, *, #2199, .T. ) ;
#2402 = ORIENTED_EDGE ( 'NONE', *, *, #940, .T. ) ;
#2403 = EDGE_CURVE ( 'NONE', #233, #1848, #2465, .T. ) ;
#2404 = DIRECTION ( 'NONE',  ( -0.08715574274765822138, 0.000000000000000000, -0.9961946980917455452 ) ) ;
#2405 = LINE ( 'NONE', #902, #1406 ) ;
#2406 = ORIENTED_EDGE ( 'NONE', *, *, #1876, .T. ) ;
#2407 =( NAMED_UNIT ( * ) PLANE_ANGLE_UNIT ( ) SI_UNIT ( $, .RADIAN. ) );
#2408 = LINE ( 'NONE', #934, #1676 ) ;
#2409 = PLANE ( 'NONE',  #2346 ) ;
#2410 = ORIENTED_EDGE ( 'NONE', *, *, #631, .T. ) ;
#2411 = ORIENTED_EDGE ( 'NONE', *, *, #1996, .T. ) ;
#2412 = LINE ( 'NONE', #1672, #1998 ) ;
#2413 = LINE ( 'NONE', #1821, #883 ) ;
#2414 = EDGE_CURVE ( 'NONE', #915, #1410, #200, .T. ) ;
#2415 = ORIENTED_EDGE ( 'NONE', *, *, #938, .T. ) ;
#2416 = CARTESIAN_POINT ( 'NONE',  ( -0.1681102362204724698, 0.5409448818897638622, 0.1190411264606347636 ) ) ;
#2417 = ADVANCED_FACE ( 'NONE', ( #565 ), #931, .F. ) ;
#2418 = CARTESIAN_POINT ( 'NONE',  ( -0.04000000000000000083, -0.6300000000000001155, -0.3790551200000005783 ) ) ;
#2419 = EDGE_LOOP ( 'NONE', ( #1818, #1319, #2000, #1534 ) ) ;
#2420 = DIRECTION ( 'NONE',  ( -0.000000000000000000, -1.000000000000000000, -0.000000000000000000 ) ) ;
#2421 = DIRECTION ( 'NONE',  ( 1.000000000000000000, -0.000000000000000000, -0.000000000000000000 ) ) ;
#2422 = CIRCLE ( 'NONE', #1557, 0.06155511999999996320 ) ;
#2423 = LINE ( 'NONE', #1684, #2156 ) ;
#2424 = AXIS2_PLACEMENT_3D ( 'NONE', #1299, #719, #1680 ) ;
#2425 = EDGE_LOOP ( 'NONE', ( #2251, #622, #2260, #1782 ) ) ;
#2426 = PRESENTATION_LAYER_ASSIGNMENT (  '', '', ( #189 ) ) ;
#2427 = ORIENTED_EDGE ( 'NONE', *, *, #2414, .T. ) ;
#2428 = CARTESIAN_POINT ( 'NONE',  ( -0.04000000000000000083, 0.6000000000000001998, -0.2637502762963908620 ) ) ;
#2429 = ORIENTED_EDGE ( 'NONE', *, *, #2360, .F. ) ;
#2430 = EDGE_CURVE ( 'NONE', #1810, #726, #1644, .T. ) ;
#2431 = DIRECTION ( 'NONE',  ( -1.000000000000000000, 0.000000000000000000, -0.000000000000000000 ) ) ;
#2432 = LINE ( 'NONE', #344, #2075 ) ;
#2433 = ORIENTED_EDGE ( 'NONE', *, *, #2106, .F. ) ;
#2434 = EDGE_CURVE ( 'NONE', #450, #1047, #1336, .T. ) ;
#2435 = CARTESIAN_POINT ( 'NONE',  ( -0.05000000000000000278, 0.5721948818897637512, 0.1249999999999995004 ) ) ;
#2436 = PLANE ( 'NONE',  #1877 ) ;
#2437 = AXIS2_PLACEMENT_3D ( 'NONE', #614, #1206, #15 ) ;
#2438 = CARTESIAN_POINT ( 'NONE',  ( -0.05000000000000000278, -0.1250000000000006939, -0.1250000000000000555 ) ) ;
#2439 = VECTOR ( 'NONE', #780, 39.37007874015748143 ) ;
#2440 = VECTOR ( 'NONE', #186, 39.37007874015748854 ) ;
#2441 = ORIENTED_EDGE ( 'NONE', *, *, #1306, .F. ) ;
#2442 = EDGE_LOOP ( 'NONE', ( #749, #1131, #298, #1601 ) ) ;
#2443 = PLANE ( 'NONE',  #1970 ) ;
#2444 = FACE_OUTER_BOUND ( 'NONE', #1585, .T. ) ;
#2445 = ORIENTED_EDGE ( 'NONE', *, *, #1072, .T. ) ;
#2446 = EDGE_CURVE ( 'NONE', #538, #2301, #971, .T. ) ;
#2447 = VERTEX_POINT ( 'NONE', #1942 ) ;
#2448 = DIRECTION ( 'NONE',  ( 0.000000000000000000, 0.000000000000000000, 1.000000000000000000 ) ) ;
#2449 = CARTESIAN_POINT ( 'NONE',  ( -0.05000000000000000278, -0.5409448818897638622, 0.1249999999999988898 ) ) ;
#2450 = EDGE_CURVE ( 'NONE', #1602, #811, #917, .T. ) ;
#2451 = CARTESIAN_POINT ( 'NONE',  ( -0.1681102362204724698, 0.6530962445708722308, -0.3809588735393652503 ) ) ;
#2452 = ORIENTED_EDGE ( 'NONE', *, *, #1826, .F. ) ;
#2453 = DIRECTION ( 'NONE',  ( -0.000000000000000000, -0.000000000000000000, 1.000000000000000000 ) ) ;
#2454 = DIRECTION ( 'NONE',  ( 0.000000000000000000, 1.000000000000000000, 0.000000000000000000 ) ) ;
#2455 = ORIENTED_EDGE ( 'NONE', *, *, #1814, .T. ) ;
#2456 = DIRECTION ( 'NONE',  ( 1.000000000000000000, 0.000000000000000000, 0.000000000000000000 ) ) ;
#2457 = ORIENTED_EDGE ( 'NONE', *, *, #28, .T. ) ;
#2458 = CARTESIAN_POINT ( 'NONE',  ( 0.05000000000000000278, 0.6590551181102364264, -0.6250000000000000000 ) ) ;
#2459 = LINE ( 'NONE', #2449, #1228 ) ;
#2460 = DIRECTION ( 'NONE',  ( 1.000000000000000000, -0.000000000000000000, -0.000000000000000000 ) ) ;
#2461 = EDGE_CURVE ( 'NONE', #513, #1944, #639, .T. ) ;
#2462 = FACE_OUTER_BOUND ( 'NONE', #2425, .T. ) ;
#2463 = DIRECTION ( 'NONE',  ( -1.000000000000000000, 0.000000000000000000, 0.000000000000000000 ) ) ;
#2464 = ADVANCED_FACE ( 'NONE', ( #237 ), #982, .F. ) ;
#2465 = LINE ( 'NONE', #392, #159 ) ;
#2466 = VECTOR ( 'NONE', #1495, 39.37007874015748143 ) ;
#2467 = VERTEX_POINT ( 'NONE', #1181 ) ;
#2468 = CARTESIAN_POINT ( 'NONE',  ( -0.1681102362204724698, 0.000000000000000000, 0.000000000000000000 ) ) ;
#2469 = AXIS2_PLACEMENT_3D ( 'NONE', #1584, #221, #598 ) ;
#2470 = DIRECTION ( 'NONE',  ( -1.000000000000000000, 0.000000000000000000, 0.000000000000000000 ) ) ;
#2471 = VERTEX_POINT ( 'NONE', #615 ) ;
#2472 = PLANE ( 'NONE',  #881 ) ;
#2473 = DIRECTION ( 'NONE',  ( 0.000000000000000000, -1.000000000000000000, 0.000000000000000000 ) ) ;
#2474 = DIRECTION ( 'NONE',  ( 0.000000000000000000, 0.000000000000000000, -1.000000000000000000 ) ) ;
#2475 = AXIS2_PLACEMENT_3D ( 'NONE', #1234, #2345, #1594 ) ;
#2476 = ORIENTED_EDGE ( 'NONE', *, *, #353, .T. ) ;
#2477 = PLANE ( 'NONE',  #235 ) ;
#2478 = CARTESIAN_POINT ( 'NONE',  ( -0.05000000000000000278, 0.6600000000000000311, -0.2637502762963908620 ) ) ;
#2479 = EDGE_CURVE ( 'NONE', #1346, #690, #443, .T. ) ;
#2480 = ORIENTED_EDGE ( 'NONE', *, *, #1388, .F. ) ;
#2481 = PLANE ( 'NONE',  #1007 ) ;
#2482 = DIRECTION ( 'NONE',  ( 0.000000000000000000, 0.000000000000000000, -1.000000000000000000 ) ) ;
#2483 = EDGE_LOOP ( 'NONE', ( #1400, #1116, #277, #1837, #418 ) ) ;
#2484 = CARTESIAN_POINT ( 'NONE',  ( -0.05000000000000000278, -0.5721948818897637512, 0.1249999999999995004 ) ) ;
#2485 = DIRECTION ( 'NONE',  ( -1.000000000000000000, 0.000000000000000000, -0.000000000000000000 ) ) ;
#2486 = ORIENTED_EDGE ( 'NONE', *, *, #521, .T. ) ;
#2487 = CARTESIAN_POINT ( 'NONE',  ( 0.05000000000000000278, -0.3750000000000000555, 0.2500000000000000555 ) ) ;
ENDSEC;
END-ISO-10303-21;
